0, 0, 0
0.1, 0, 0
0.2, 0, 0
0.3, 0, -1
0.4, 0, -1
0.5, 0, -1
0.6, 0, -1
0.7, 0, -1
0.8, 0, -1
0.9, 0, -1
1, 0, -1
1.1, 0, -1
1.2, 0, -1
1.3, 0, -1
1.4, 0, -1
1.5, 0, -1
1.6, 0, -1
1.7, 0, -1
1.8, 0, -1
1.9, 0, -2
2, 0, -2
2.1, 0, -2
2.2, 0, -2
2.3, 0, -2
2.4, 0, -2
2.5, 0, -2
2.6, 0, -2
2.7, 0, -2
2.8, 0, -2
2.9, 0, -2
3, 0, -2
3.1, 0, -2
3.2, 0, -2
3.3, 0, -2
3.4, 0, -2
3.5, 0, -2
3.6, 0, -2
3.7, 0, -2
3.8, 0, -2
3.9, 0, -2
4, 0, -2
4.1, 0, -2
4.2, 0, -2
4.3, 0, -3
4.4, 0, -3
4.5, 0, -3
4.6, 0, -3
4.7, 0, -3
4.8, 0, -3
4.9, 0, -3
5, 0, -3
5.1, 0, -3
5.2, 0, -3
5.3, 1, -3
5.4, 1, -3
5.5, 1, -3
5.6, 1, -3
5.7, 1, -3
5.8, 1, -3
5.9, 1, -3
6, 1, -3
6.1, 1, -3
6.2, 1, -3
6.3, 1, -3
6.4, 1, -3
6.5, 1, -3
6.6, 1, -3
6.7, 1, -2
6.8, 1, -2
6.9, 1, -2
7, 1, -2
7.1, 1, -2
7.2, 1, -2
7.3, 1, -2
7.4, 1, -2
7.5, 1, -2
7.6, 1, -2
7.7, 1, -3
7.8, 1, -3
7.9, 1, -3
8, 1, -3
8.1, 1, -3
8.2, 1, -3
8.3, 1, -3
8.4, 1, -3
8.5, 1, -3
8.6, 1, -3
8.7, 1, -3
8.8, 1, -3
8.9, 1, -3
9, 1, -3
9.1, 1, -3
9.2, 1, -3
9.3, 1, -3
9.4, 1, -3
9.5, 1, -3
9.6, 1, -3
9.7, 1, -3
9.8, 1, -3
9.9, 1, -3
10, 1, -3
10.1, 1, -3
10.2, 1, -3
10.3, 1, -3
10.4, 1, -3
10.5, 1, -4
10.6, 1, -4
10.7, 1, -4
10.8, 1, -4
10.9, 0, -4
11, 0, -4
11.1, 0, -4
11.2, 0, -4
11.3, 0, -4
11.4, 0, -4
11.5, 0, -4
11.6, 0, -4
11.7, 0, -4
11.8, 0, -4
11.9, 0, -4
12, 0, -4
12.1, 0, -4
12.2, 0, -4
12.3, 0, -4
12.4, 0, -4
12.5, 0, -4
12.6, 0, -4
12.7, 0, -3
12.8, 0, -3
12.9, 0, -3
13, 0, -3
13.1, 0, -3
13.2, 0, -3
13.3, 0, -3
13.4, 0, -3
13.5, 0, -3
13.6, 0, -3
13.7, 1, -3
13.8, 1, -3
13.9, 1, -3
14, 1, -3
14.1, 1, -3
14.2, 1, -3
14.3, 1, -3
14.4, 1, -3
14.5, 1, -2
14.6, 1, -2
14.7, 1, -2
14.8, 1, -2
14.9, 1, -2
15, 1, -2
15.1, 1, -2
15.2, 1, -2
15.3, 1, -1
15.4, 1, -1
15.5, 1, -1
15.6, 1, -1
15.7, 1, -1
15.8, 1, -1
15.9, 1, -1
16, 1, -1
16.1, 1, -1
16.2, 1, -1
16.3, 1, -1
16.4, 1, -1
16.5, 1, -1
16.6, 1, -1
16.7, 1, -1
16.8, 1, -1
16.9, 1, -1
17, 1, -1
17.1, 1, -1
17.2, 1, -1
17.3, 1, -1
17.4, 1, -1
17.5, 1, -1
17.6, 1, -1
17.7, 1, -1
17.8, 1, -1
17.9, 1, -1
18, 1, -1
18.1, 1, -1
18.2, 1, -1
18.3, 1, -1
18.4, 1, -1
18.5, 1, -1
18.6, 1, -1
18.7, 1, -1
18.8, 1, -1
18.9, 1, -1
19, 1, -1
19.1, 1, -1
19.2, 1, -1
19.3, 1, -1
19.4, 1, -1
19.5, 1, -1
19.6, 1, -1
19.7, 1, -1
19.8, 1, -1
19.9, 1, -1
20, 1, -1
20.1, 1, -1
20.2, 1, -1
20.3, 1, -1
20.4, 1, -1
20.5, 1, -1
20.6, 1, -1
20.7, 1, -1
20.8, 1, -1
20.9, 1, -1
21, 1, -1
21.1, 1, -1
21.2, 1, -1
21.3, 1, -1
21.4, 1, -1
21.5, 1, -1
21.6, 1, -1
21.7, 1, -1
21.8, 1, -1
21.9, 1, -1
22, 1, -1
22.1, 1, -1
22.2, 1, -1
22.3, 1, -1
22.4, 1, -1
22.5, 1, -1
22.6, 1, -1
22.7, 1, -1
22.8, 1, -1
22.9, 1, -1
23, 1, -1
23.1, 1, -1
23.2, 1, -1
23.3, 1, -1
23.4, 1, -1
23.5, 1, -1
23.6, 1, -1
23.7, 2, -1
23.8, 2, -1
23.9, 2, -1
24, 2, -1
24.1, 2, -1
24.2, 2, -1
24.3, 2, -1
24.4, 2, -1
24.5, 2, -1
24.6, 2, -1
24.7, 2, -2
24.8, 2, -2
24.9, 2, -2
25, 2, -2
25.1, 2, -2
25.2, 2, -2
25.3, 2, -2
25.4, 2, -2
25.5, 3, -2
25.6, 3, -2
25.7, 3, -1
25.8, 3, -1
25.9, 3, -1
26, 3, -1
26.1, 3, -1
26.2, 3, -1
26.3, 3, -1
26.4, 3, -1
26.5, 3, -1
26.6, 3, -1
26.7, 3, -1
26.8, 3, -1
26.9, 3, -1
27, 3, -1
27.1, 3, -1
27.2, 3, -1
27.3, 3, 0
27.4, 3, 0
27.5, 3, 0
27.6, 3, 0
27.7, 3, 0
27.8, 3, 0
27.9, 3, 0
28, 3, 0
28.1, 3, 0
28.2, 3, 0
28.3, 3, -1
28.4, 3, -1
28.5, 4, -1
28.6, 4, -1
28.7, 4, -1
28.8, 4, -1
28.9, 4, -2
29, 4, -2
29.1, 4, -2
29.2, 4, -2
29.3, 4, -2
29.4, 4, -2
29.5, 4, -3
29.6, 4, -3
29.7, 4, -3
29.8, 4, -3
29.9, 4, -3
30, 4, -3
30.1, 4, -3
30.2, 4, -3
30.3, 4, -3
30.4, 4, -3
30.5, 4, -3
30.6, 4, -3
30.7, 4, -3
30.8, 4, -3
30.9, 4, -3
31, 4, -3
31.1, 4, -3
31.2, 4, -3
31.3, 4, -3
31.4, 4, -3
31.5, 4, -3
31.6, 4, -3
31.7, 4, -3
31.8, 4, -3
31.9, 4, -3
32, 4, -3
32.1, 4, -3
32.2, 4, -3
32.3, 4, -3
32.4, 4, -3
32.5, 4, -3
32.6, 4, -3
32.7, 4, -3
32.8, 4, -3
32.9, 4, -3
33, 4, -3
33.1, 3, -3
33.2, 3, -3
33.3, 2, -3
33.4, 2, -3
33.5, 2, -3
33.6, 2, -3
33.7, 2, -3
33.8, 2, -3
33.9, 2, -3
34, 2, -3
34.1, 2, -3
34.2, 2, -3
34.3, 2, -3
34.4, 2, -3
34.5, 2, -3
34.6, 2, -3
34.7, 2, -3
34.8, 2, -3
34.9, 2, -3
35, 2, -3
35.1, 2, -3
35.2, 2, -3
35.3, 2, -3
35.4, 2, -3
35.5, 2, -3
35.6, 2, -3
35.7, 2, -3
35.8, 2, -3
35.9, 2, -3
36, 2, -3
36.1, 3, -3
36.2, 3, -3
36.3, 3, -3
36.4, 3, -3
36.5, 3, -3
36.6, 3, -3
36.7, 3, -3
36.8, 3, -3
36.9, 3, -3
37, 3, -3
37.1, 3, -3
37.2, 3, -3
37.3, 3, -3
37.4, 3, -3
37.5, 3, -3
37.6, 3, -3
37.7, 3, -3
37.8, 3, -3
37.9, 3, -3
38, 3, -3
38.1, 3, -3
38.2, 3, -3
38.3, 3, -3
38.4, 3, -3
38.5, 3, -3
38.6, 3, -3
38.7, 3, -3
38.8, 3, -3
38.9, 3, -3
39, 3, -3
39.1, 3, -3
39.2, 3, -3
39.3, 3, -3
39.4, 3, -3
39.5, 3, -3
39.6, 3, -3
39.7, 3, -3
39.8, 3, -3
39.9, 3, -3
40, 3, -3
40.1, 3, -3
40.2, 3, -3
40.3, 3, -3
40.4, 3, -3
40.5, 3, -3
40.6, 3, -3
40.7, 3, -3
40.8, 3, -3
40.9, 3, -3
41, 3, -3
41.1, 3, -3
41.2, 3, -3
41.3, 3, -3
41.4, 3, -3
41.5, 3, -3
41.6, 3, -3
41.7, 3, -3
41.8, 3, -3
41.9, 3, -3
42, 3, -3
42.1, 3, -3
42.2, 3, -3
42.3, 3, -3
42.4, 3, -3
42.5, 3, -3
42.6, 3, -3
42.7, 3, -3
42.8, 3, -3
42.9, 3, -3
43, 3, -3
43.1, 3, -3
43.2, 3, -3
43.3, 3, -3
43.4, 3, -3
43.5, 3, -3
43.6, 3, -3
43.7, 3, -3
43.8, 3, -3
43.9, 3, -3
44, 3, -3
44.1, 3, -2
44.2, 3, -2
44.3, 3, -2
44.4, 3, -2
44.5, 3, -2
44.6, 3, -2
44.7, 3, -2
44.8, 3, -2
44.9, 3, -2
45, 3, -2
45.1, 3, -2
45.2, 3, -2
45.3, 3, -2
45.4, 3, -2
45.5, 3, -2
45.6, 3, -2
45.7, 3, -2
45.8, 3, -2
45.9, 3, -2
46, 3, -2
46.1, 3, -2
46.2, 3, -2
46.3, 3, -2
46.4, 3, -2
46.5, 3, -3
46.6, 3, -3
46.7, 3, -3
46.8, 3, -3
46.9, 3, -3
47, 3, -3
47.1, 3, -3
47.2, 3, -3
47.3, 3, -3
47.4, 3, -3
47.5, 3, -3
47.6, 3, -3
47.7, 3, -3
47.8, 3, -3
47.9, 3, -3
48, 3, -3
48.1, 3, -3
48.2, 3, -3
48.3, 3, -3
48.4, 3, -3
48.5, 3, -3
48.6, 3, -3
48.7, 3, -3
48.8, 3, -3
48.9, 3, -3
49, 3, -3
49.1, 3, -3
49.2, 3, -3
49.3, 3, -3
49.4, 3, -3
49.5, 3, -3
49.6, 3, -3
49.7, 3, -3
49.8, 3, -3
49.9, 3, -3
50, 3, -3
50.1, 3, -3
50.2, 3, -3
50.3, 3, -3
50.4, 3, -3
50.5, 3, -3
50.6, 3, -3
50.7, 3, -3
50.8, 3, -3
50.9, 3, -3
51, 3, -3
51.1, 3, -3
51.2, 3, -3
51.3, 3, -3
51.4, 3, -3
51.5, 3, -3
51.6, 3, -3
51.7, 3, -3
51.8, 3, -3
51.9, 3, -3
52, 3, -3
52.1, 3, -3
52.2, 3, -3
52.3, 3, -3
52.4, 3, -3
52.5, 3, -3
52.6, 3, -3
52.7, 3, -3
52.8, 3, -3
52.9, 3, -3
53, 3, -3
53.1, 3, -3
53.2, 3, -3
53.3, 3, -3
53.4, 3, -3
53.5, 3, -3
53.6, 3, -3
53.7, 3, -3
53.8, 3, -3
53.9, 3, -3
54, 3, -3
54.1, 3, -3
54.2, 3, -3
54.3, 3, -3
54.4, 3, -3
54.5, 3, -3
54.6, 3, -3
54.7, 3, -3
54.8, 3, -3
54.9, 3, -3
55, 3, -3
55.1, 3, -3
55.2, 3, -3
55.3, 3, -3
55.4, 3, -3
55.5, 3, -3
55.6, 3, -3
55.7, 3, -4
55.8, 3, -4
55.9, 3, -4
56, 3, -4
56.1, 3, -4
56.2, 3, -4
56.3, 3, -4
56.4, 3, -4
56.5, 3, -4
56.6, 3, -4
56.7, 3, -5
56.8, 3, -5
56.9, 3, -5
57, 3, -5
57.1, 3, -5
57.2, 3, -5
57.3, 3, -5
57.4, 3, -5
57.5, 3, -5
57.6, 3, -5
57.7, 3, -5
57.8, 3, -5
57.9, 3, -5
58, 3, -5
58.1, 3, -5
58.2, 3, -5
58.3, 3, -5
58.4, 3, -5
58.5, 3, -5
58.6, 3, -5
58.7, 3, -5
58.8, 3, -5
58.9, 3, -5
59, 3, -5
59.1, 3, -5
59.2, 3, -5
59.3, 3, -5
59.4, 3, -5
59.5, 3, -5
59.6, 3, -5
59.7, 3, -5
59.8, 3, -5
59.9, 3, -5
60, 3, -5
60.1, 3, -5
60.2, 3, -5
60.3, 3, -5
60.4, 3, -5
60.5, 3, -5
60.6, 3, -5
60.7, 3, -5
60.8, 3, -5
60.9, 3, -5
61, 3, -5
61.1, 3, -5
61.2, 3, -5
61.3, 3, -5
61.4, 3, -5
61.5, 3, -5
61.6, 3, -5
61.7, 3, -5
61.8, 3, -5
61.9, 3, -5
62, 3, -5
62.1, 3, -5
62.2, 3, -5
62.3, 3, -5
62.4, 3, -5
62.5, 3, -5
62.6, 3, -5
62.7, 3, -5
62.8, 3, -5
62.9, 3, -5
63, 3, -5
63.1, 3, -5
63.2, 3, -5
63.3, 3, -5
63.4, 3, -5
63.5, 3, -5
63.6, 3, -5
63.7, 4, -5
63.8, 4, -5
63.9, 4, -5
64, 4, -5
64.1, 4, -5
64.2, 4, -5
64.3, 4, -5
64.4, 4, -5
64.5, 4, -5
64.6, 4, -5
64.7, 4, -5
64.8, 4, -5
64.9, 4, -5
65, 4, -5
65.1, 4, -5
65.2, 4, -5
65.3, 4, -5
65.4, 4, -5
65.5, 5, -5
65.6, 5, -5
65.7, 5, -5
65.8, 5, -5
65.9, 5, -5
66, 5, -5
66.1, 5, -6
66.2, 5, -6
66.3, 5, -6
66.4, 5, -6
66.5, 5, -6
66.6, 5, -6
66.7, 5, -6
66.8, 5, -6
66.9, 5, -6
67, 5, -6
67.1, 5, -6
67.2, 5, -6
67.3, 5, -6
67.4, 5, -6
67.5, 5, -5
67.6, 5, -5
67.7, 5, -5
67.8, 5, -5
67.9, 5, -5
68, 5, -5
68.1, 5, -5
68.2, 5, -5
68.3, 5, -5
68.4, 5, -5
68.5, 5, -5
68.6, 5, -5
68.7, 5, -5
68.8, 5, -5
68.9, 5, -5
69, 5, -5
69.1, 5, -5
69.2, 5, -5
69.3, 5, -5
69.4, 5, -5
69.5, 5, -5
69.6, 5, -5
69.7, 5, -5
69.8, 5, -5
69.9, 5, -5
70, 5, -5
70.1, 5, -5
70.2, 5, -5
70.3, 5, -5
70.4, 5, -5
70.5, 5, -5
70.6, 5, -5
70.7, 4, -5
70.8, 4, -5
70.9, 4, -5
71, 4, -5
71.1, 4, -5
71.2, 4, -5
71.3, 4, -5
71.4, 4, -5
71.5, 4, -5
71.6, 4, -5
71.7, 4, -5
71.8, 4, -5
71.9, 4, -5
72, 4, -5
72.1, 4, -5
72.2, 4, -5
72.3, 4, -5
72.4, 4, -5
72.5, 4, -5
72.6, 4, -5
72.7, 4, -5
72.8, 4, -5
72.9, 4, -5
73, 4, -5
73.1, 4, -5
73.2, 4, -5
73.3, 4, -5
73.4, 4, -5
73.5, 4, -5
73.6, 4, -5
73.7, 4, -5
73.8, 4, -5
73.9, 4, -5
74, 4, -5
74.1, 4, -5
74.2, 4, -5
74.3, 4, -5
74.4, 4, -5
74.5, 4, -5
74.6, 4, -5
74.7, 4, -5
74.8, 4, -5
74.9, 4, -5
75, 4, -5
75.1, 4, -5
75.2, 4, -5
75.3, 4, -5
75.4, 4, -5
75.5, 4, -5
75.6, 4, -5
75.7, 4, -5
75.8, 4, -5
75.9, 4, -5
76, 4, -5
76.1, 4, -5
76.2, 4, -5
76.3, 4, -5
76.4, 4, -5
76.5, 4, -5
76.6, 4, -5
76.7, 4, -5
76.8, 4, -5
76.9, 4, -5
77, 4, -5
77.1, 4, -5
77.2, 4, -5
77.3, 4, -5
77.4, 4, -5
77.5, 4, -5
77.6, 4, -5
77.7, 4, -5
77.8, 4, -5
77.9, 4, -5
78, 4, -5
78.1, 4, -5
78.2, 4, -5
78.3, 4, -5
78.4, 4, -5
78.5, 4, -5
78.6, 4, -5
78.7, 4, -5
78.8, 4, -5
78.9, 4, -5
79, 4, -5
79.1, 4, -5
79.2, 4, -5
79.3, 4, -5
79.4, 4, -5
79.5, 4, -5
79.6, 4, -5
79.7, 4, -5
79.8, 4, -5
79.9, 4, -6
80, 4, -6
80.1, 4, -6
80.2, 4, -6
80.3, 4, -6
80.4, 4, -6
80.5, 4, -6
80.6, 4, -6
80.7, 4, -6
80.8, 4, -6
80.9, 4, -6
81, 4, -6
81.1, 4, -6
81.2, 4, -6
81.3, 4, -6
81.4, 4, -6
81.5, 3, -6
81.6, 3, -6
81.7, 3, -6
81.8, 3, -6
81.9, 3, -6
82, 3, -6
82.1, 3, -6
82.2, 3, -6
82.3, 3, -6
82.4, 3, -6
82.5, 3, -5
82.6, 3, -5
82.7, 3, -5
82.8, 3, -5
82.9, 3, -5
83, 3, -5
83.1, 3, -5
83.2, 3, -5
83.3, 3, -5
83.4, 3, -5
83.5, 3, -5
83.6, 3, -5
83.7, 3, -5
83.8, 3, -5
83.9, 3, -5
84, 3, -5
84.1, 4, -5
84.2, 4, -5
84.3, 4, -5
84.4, 4, -5
84.5, 4, -4
84.6, 4, -4
84.7, 4, -4
84.8, 4, -4
84.9, 4, -4
85, 4, -4
85.1, 4, -4
85.2, 4, -4
85.3, 4, -4
85.4, 4, -4
85.5, 4, -4
85.6, 4, -4
85.7, 5, -4
85.8, 5, -4
85.9, 5, -4
86, 5, -4
86.1, 5, -4
86.2, 5, -4
86.3, 4, -4
86.4, 4, -4
86.5, 4, -4
86.6, 4, -4
86.7, 4, -4
86.8, 4, -4
86.9, 4, -4
87, 4, -4
87.1, 4, -4
87.2, 4, -4
87.3, 4, -4
87.4, 4, -4
87.5, 4, -4
87.6, 4, -4
87.7, 4, -4
87.8, 4, -4
87.9, 4, -3
88, 4, -3
88.1, 4, -3
88.2, 4, -3
88.3, 4, -3
88.4, 4, -3
88.5, 4, -3
88.6, 4, -3
88.7, 4, -3
88.8, 4, -3
88.9, 4, -3
89, 4, -3
89.1, 4, -3
89.2, 4, -3
89.3, 4, -3
89.4, 4, -3
89.5, 4, -3
89.6, 4, -3
89.7, 4, -3
89.8, 4, -3
89.9, 4, -3
90, 4, -3
90.1, 4, -3
90.2, 4, -3
90.3, 4, -3
90.4, 4, -3
90.5, 4, -3
90.6, 4, -3
90.7, 4, -3
90.8, 4, -3
90.9, 4, -3
91, 4, -3
91.1, 4, -3
91.2, 4, -3
91.3, 4, -3
91.4, 4, -3
91.5, 4, -3
91.6, 4, -3
91.7, 4, -3
91.8, 4, -3
91.9, 4, -3
92, 4, -3
92.1, 4, -3
92.2, 4, -3
92.3, 4, -4
92.4, 4, -4
92.5, 4, -4
92.6, 4, -4
92.7, 4, -4
92.8, 4, -4
92.9, 4, -4
93, 4, -4
93.1, 4, -4
93.2, 4, -4
93.3, 4, -4
93.4, 4, -4
93.5, 4, -4
93.6, 4, -4
93.7, 4, -4
93.8, 4, -4
93.9, 4, -4
94, 4, -4
94.1, 4, -4
94.2, 4, -4
94.3, 4, -4
94.4, 4, -4
94.5, 4, -4
94.6, 4, -4
94.7, 4, -4
94.8, 4, -4
94.9, 4, -4
95, 4, -4
95.1, 4, -4
95.2, 4, -4
95.3, 4, -4
95.4, 4, -4
95.5, 4, -4
95.6, 4, -4
95.7, 4, -4
95.8, 4, -4
95.9, 4, -4
96, 4, -4
96.1, 4, -4
96.2, 4, -4
96.3, 4, -4
96.4, 4, -4
96.5, 5, -4
96.6, 5, -4
96.7, 5, -4
96.8, 5, -4
96.9, 5, -4
97, 5, -4
97.1, 5, -4
97.2, 5, -4
97.3, 5, -4
97.4, 5, -4
97.5, 5, -4
97.6, 5, -4
97.7, 5, -4
97.8, 5, -4
97.9, 5, -4
98, 5, -4
98.1, 5, -4
98.2, 5, -4
98.3, 5, -4
98.4, 5, -4
98.5, 5, -4
98.6, 5, -4
98.7, 5, -4
98.8, 5, -4
98.9, 5, -4
99, 5, -4
99.1, 5, -4
99.2, 5, -4
99.3, 5, -4
99.4, 5, -4
99.5, 5, -4
99.6, 5, -4
99.7, 5, -4
99.8, 5, -4
99.9, 5, -4
100, 5, -4
100.1, 5, -4
100.2, 5, -4
100.3, 5, -4
100.4, 5, -4
100.5, 5, -4
100.6, 5, -4
100.7, 5, -4
100.8, 5, -4
100.9, 4, -4
101, 4, -4
101.1, 4, -4
101.2, 4, -4
101.3, 3, -4
101.4, 3, -4
101.5, 3, -4
101.6, 3, -4
101.7, 3, -4
101.8, 3, -4
101.9, 3, -4
102, 3, -4
102.1, 3, -4
102.2, 3, -4
102.3, 3, -4
102.4, 3, -4
102.5, 3, -4
102.6, 3, -4
102.7, 3, -4
102.8, 3, -4
102.9, 3, -4
103, 3, -4
103.1, 3, -4
103.2, 3, -4
103.3, 3, -4
103.4, 3, -4
103.5, 3, -4
103.6, 3, -4
103.7, 3, -4
103.8, 3, -4
103.9, 3, -4
104, 3, -4
104.1, 3, -4
104.2, 3, -4
104.3, 3, -4
104.4, 3, -4
104.5, 3, -4
104.6, 3, -4
104.7, 3, -4
104.8, 3, -4
104.9, 3, -4
105, 3, -4
105.1, 3, -4
105.2, 3, -4
105.3, 3, -4
105.4, 3, -4
105.5, 3, -4
105.6, 3, -4
105.7, 3, -4
105.8, 3, -4
105.9, 3, -4
106, 3, -4
106.1, 3, -4
106.2, 3, -4
106.3, 3, -4
106.4, 3, -4
106.5, 3, -4
106.6, 3, -4
106.7, 4, -4
106.8, 4, -4
106.9, 4, -4
107, 4, -4
107.1, 4, -4
107.2, 4, -4
107.3, 4, -4
107.4, 4, -4
107.5, 4, -4
107.6, 4, -4
107.7, 4, -4
107.8, 4, -4
107.9, 4, -4
108, 4, -4
108.1, 4, -4
108.2, 4, -4
108.3, 4, -4
108.4, 4, -4
108.5, 4, -4
108.6, 4, -4
108.7, 4, -4
108.8, 4, -4
108.9, 4, -4
109, 4, -4
109.1, 4, -4
109.2, 4, -4
109.3, 4, -4
109.4, 4, -4
109.5, 4, -4
109.6, 4, -4
109.7, 4, -4
109.8, 4, -4
109.9, 4, -4
110, 4, -4
110.1, 5, -4
110.2, 5, -4
110.3, 5, -4
110.4, 5, -4
110.5, 5, -4
110.6, 5, -4
110.7, 5, -4
110.8, 5, -4
110.9, 5, -4
111, 5, -4
111.1, 4, -4
111.2, 4, -4
111.3, 4, -4
111.4, 4, -4
111.5, 4, -4
111.6, 4, -4
111.7, 4, -4
111.8, 4, -4
111.9, 4, -4
112, 4, -4
112.1, 4, -4
112.2, 4, -4
112.3, 4, -4
112.4, 4, -4
112.5, 4, -4
112.6, 4, -4
112.7, 4, -4
112.8, 4, -4
112.9, 4, -4
113, 4, -4
113.1, 4, -4
113.2, 4, -4
113.3, 4, -4
113.4, 4, -4
113.5, 4, -4
113.6, 4, -4
113.7, 4, -4
113.8, 4, -4
113.9, 4, -4
114, 4, -4
114.1, 4, -4
114.2, 4, -4
114.3, 4, -4
114.4, 4, -4
114.5, 4, -4
114.6, 4, -4
114.7, 4, -4
114.8, 4, -4
114.9, 4, -4
115, 4, -4
115.1, 4, -4
115.2, 4, -4
115.3, 4, -4
115.4, 4, -4
115.5, 4, -4
115.6, 4, -4
115.7, 4, -3
115.8, 4, -3
115.9, 4, -3
116, 4, -3
116.1, 4, -3
116.2, 4, -3
116.3, 4, -3
116.4, 4, -3
116.5, 4, -3
116.6, 4, -3
116.7, 4, -3
116.8, 4, -3
116.9, 4, -3
117, 4, -3
117.1, 4, -3
117.2, 4, -3
117.3, 4, -3
117.4, 4, -3
117.5, 4, -3
117.6, 4, -3
117.7, 4, -3
117.8, 4, -3
117.9, 4, -3
118, 4, -3
118.1, 4, -3
118.2, 4, -3
118.3, 4, -3
118.4, 4, -3
118.5, 4, -3
118.6, 4, -3
118.7, 4, -3
118.8, 4, -3
118.9, 4, -3
119, 4, -3
119.1, 4, -3
119.2, 4, -3
119.3, 4, -3
119.4, 4, -3
119.5, 5, -3
119.6, 5, -3
119.7, 5, -3
119.8, 5, -3
119.9, 5, -3
120, 5, -3
120.1, 5, -3
120.2, 5, -3
120.3, 5, -3
120.4, 5, -3
120.5, 5, -3
120.6, 5, -3
120.7, 5, -3
120.8, 5, -3
120.9, 5, -3
121, 5, -3
121.1, 5, -3
121.2, 5, -3
121.3, 5, -3
121.4, 5, -3
121.5, 5, -3
121.6, 5, -3
121.7, 5, -3
121.8, 5, -3
121.9, 5, -3
122, 5, -3
122.1, 5, -3
122.2, 5, -3
122.3, 5, -3
122.4, 5, -3
122.5, 5, -3
122.6, 5, -3
122.7, 5, -3
122.8, 5, -3
122.9, 5, -3
123, 5, -3
123.1, 5, -3
123.2, 5, -3
123.3, 5, -3
123.4, 5, -3
123.5, 5, -3
123.6, 5, -3
123.7, 5, -3
123.8, 5, -3
123.9, 5, -3
124, 5, -3
124.1, 5, -3
124.2, 5, -3
124.3, 5, -3
124.4, 5, -3
124.5, 5, -4
124.6, 5, -4
124.7, 5, -4
124.8, 5, -4
124.9, 5, -4
125, 5, -4
125.1, 5, -4
125.2, 5, -4
125.3, 5, -4
125.4, 5, -4
125.5, 5, -4
125.6, 5, -4
125.7, 5, -4
125.8, 5, -4
125.9, 5, -4
126, 5, -4
126.1, 5, -4
126.2, 5, -4
126.3, 5, -4
126.4, 5, -4
126.5, 5, -4
126.6, 5, -4
126.7, 5, -4
126.8, 5, -4
126.9, 5, -4
127, 5, -4
127.1, 5, -4
127.2, 5, -4
127.3, 5, -4
127.4, 5, -4
127.5, 5, -4
127.6, 5, -4
127.7, 6, -4
127.8, 6, -4
127.9, 6, -4
128, 6, -4
128.1, 6, -4
128.2, 6, -4
128.3, 6, -4
128.4, 6, -4
128.5, 6, -4
128.6, 6, -4
128.7, 6, -4
128.8, 6, -4
128.9, 6, -4
129, 6, -4
129.1, 6, -4
129.2, 6, -4
129.3, 6, -4
129.4, 6, -4
129.5, 6, -3
129.6, 6, -3
129.7, 6, -3
129.8, 6, -3
129.9, 6, -3
130, 6, -3
130.1, 7, -3
130.2, 7, -3
130.3, 7, -3
130.4, 7, -3
130.5, 7, -3
130.6, 7, -3
130.7, 7, -3
130.8, 7, -3
130.9, 7, -4
131, 7, -4
131.1, 7, -4
131.2, 7, -4
131.3, 7, -4
131.4, 7, -4
131.5, 7, -4
131.6, 7, -4
131.7, 7, -4
131.8, 7, -4
131.9, 7, -4
132, 7, -4
132.1, 6, -4
132.2, 6, -4
132.3, 6, -4
132.4, 6, -4
132.5, 6, -4
132.6, 6, -4
132.7, 6, -4
132.8, 6, -4
132.9, 6, -4
133, 6, -4
133.1, 6, -4
133.2, 6, -4
133.3, 6, -4
133.4, 6, -4
133.5, 5, -4
133.6, 5, -4
133.7, 5, -4
133.8, 5, -4
133.9, 5, -4
134, 5, -4
134.1, 5, -4
134.2, 5, -4
134.3, 5, -4
134.4, 5, -4
134.5, 5, -4
134.6, 5, -4
134.7, 5, -4
134.8, 5, -4
134.9, 5, -4
135, 5, -4
135.1, 5, -4
135.2, 5, -4
135.3, 5, -4
135.4, 5, -4
135.5, 5, -4
135.6, 5, -4
135.7, 5, -4
135.8, 5, -4
135.9, 5, -4
136, 5, -4
136.1, 5, -4
136.2, 5, -4
136.3, 5, -4
136.4, 5, -4
136.5, 5, -4
136.6, 5, -4
136.7, 4, -4
136.8, 4, -4
136.9, 5, -4
137, 5, -4
137.1, 5, -4
137.2, 5, -4
137.3, 5, -4
137.4, 5, -4
137.5, 5, -4
137.6, 5, -4
137.7, 5, -4
137.8, 5, -4
137.9, 5, -4
138, 5, -4
138.1, 5, -4
138.2, 5, -4
138.3, 5, -4
138.4, 5, -4
138.5, 5, -4
138.6, 5, -4
138.7, 5, -4
138.8, 5, -4
138.9, 5, -4
139, 5, -4
139.1, 5, -4
139.2, 5, -4
139.3, 5, -4
139.4, 5, -4
139.5, 5, -4
139.6, 5, -4
139.7, 5, -4
139.8, 5, -4
139.9, 5, -4
140, 5, -4
140.1, 5, -4
140.2, 5, -4
140.3, 5, -4
140.4, 5, -4
140.5, 5, -4
140.6, 5, -4
140.7, 4, -4
140.8, 4, -4
140.9, 4, -4
141, 4, -4
141.1, 4, -4
141.2, 4, -4
141.3, 4, -4
141.4, 4, -4
141.5, 4, -4
141.6, 4, -4
141.7, 4, -4
141.8, 4, -4
141.9, 4, -3
142, 4, -3
142.1, 4, -3
142.2, 4, -3
142.3, 4, -3
142.4, 4, -3
142.5, 4, -3
142.6, 4, -3
142.7, 4, -3
142.8, 4, -3
142.9, 4, -3
143, 4, -3
143.1, 4, -3
143.2, 4, -3
143.3, 4, -3
143.4, 4, -3
143.5, 4, -3
143.6, 4, -3
143.7, 4, -3
143.8, 4, -3
143.9, 4, -3
144, 4, -3
144.1, 4, -3
144.2, 4, -3
144.3, 4, -3
144.4, 4, -3
144.5, 4, -3
144.6, 4, -3
144.7, 4, -3
144.8, 4, -3
144.9, 4, -4
145, 4, -4
145.1, 4, -4
145.2, 4, -4
145.3, 4, -4
145.4, 4, -4
145.5, 4, -4
145.6, 4, -4
145.7, 3, -4
145.8, 3, -4
145.9, 3, -4
146, 3, -4
146.1, 3, -4
146.2, 3, -4
146.3, 3, -4
146.4, 3, -4
146.5, 3, -4
146.6, 3, -4
146.7, 3, -4
146.8, 3, -4
146.9, 3, -4
147, 3, -4
147.1, 3, -4
147.2, 3, -4
147.3, 3, -4
147.4, 3, -4
147.5, 3, -4
147.6, 3, -4
147.7, 3, -4
147.8, 3, -4
147.9, 3, -4
148, 3, -4
148.1, 3, -4
148.2, 3, -4
148.3, 3, -4
148.4, 3, -4
148.5, 3, -4
148.6, 3, -4
148.7, 3, -4
148.8, 3, -4
148.9, 3, -4
149, 3, -4
149.1, 3, -4
149.2, 3, -4
149.3, 3, -4
149.4, 3, -4
149.5, 3, -4
149.6, 3, -4
149.7, 3, -4
149.8, 3, -4
149.9, 3, -4
150, 3, -4
150.1, 3, -4
150.2, 3, -4
150.3, 3, -5
150.4, 3, -5
150.5, 3, -5
150.6, 3, -5
150.7, 3, -5
150.8, 3, -5
150.9, 3, -5
151, 3, -5
151.1, 3, -5
151.2, 3, -5
151.3, 3, -5
151.4, 3, -5
151.5, 3, -5
151.6, 3, -5
151.7, 3, -5
151.8, 3, -5
151.9, 3, -5
152, 3, -5
152.1, 3, -5
152.2, 3, -5
152.3, 3, -5
152.4, 3, -5
152.5, 3, -5
152.6, 3, -5
152.7, 3, -5
152.8, 3, -5
152.9, 3, -5
153, 3, -5
153.1, 3, -5
153.2, 3, -5
153.3, 3, -5
153.4, 3, -5
153.5, 3, -5
153.6, 3, -5
153.7, 3, -5
153.8, 3, -5
153.9, 3, -5
154, 3, -5
154.1, 3, -5
154.2, 3, -5
154.3, 3, -5
154.4, 3, -5
154.5, 3, -5
154.6, 3, -5
154.7, 3, -5
154.8, 3, -5
154.9, 3, -5
155, 3, -5
155.1, 3, -5
155.2, 3, -5
155.3, 3, -5
155.4, 3, -5
155.5, 3, -5
155.6, 3, -5
155.7, 3, -5
155.8, 3, -5
155.9, 3, -5
156, 3, -5
156.1, 3, -5
156.2, 3, -5
156.3, 3, -5
156.4, 3, -5
156.5, 3, -5
156.6, 3, -5
156.7, 3, -5
156.8, 3, -5
156.9, 3, -5
157, 3, -5
157.1, 3, -5
157.2, 3, -5
157.3, 3, -5
157.4, 3, -5
157.5, 3, -5
157.6, 3, -5
157.7, 3, -5
157.8, 3, -5
157.9, 3, -5
158, 3, -5
158.1, 3, -5
158.2, 3, -5
158.3, 3, -4
158.4, 3, -4
158.5, 3, -4
158.6, 3, -4
158.7, 3, -4
158.8, 3, -4
158.9, 3, -4
159, 3, -4
159.1, 3, -4
159.2, 3, -4
159.3, 3, -4
159.4, 3, -4
159.5, 3, -4
159.6, 3, -4
159.7, 3, -4
159.8, 3, -4
159.9, 3, -4
160, 3, -4
160.1, 3, -4
160.2, 3, -4
160.3, 3, -4
160.4, 3, -4
160.5, 3, -4
160.6, 3, -4
160.7, 3, -4
160.8, 3, -4
160.9, 3, -4
161, 3, -4
161.1, 3, -4
161.2, 3, -4
161.3, 3, -4
161.4, 3, -4
161.5, 3, -4
161.6, 3, -4
161.7, 3, -4
161.8, 3, -4
161.9, 3, -4
162, 3, -4
162.1, 3, -4
162.2, 3, -4
162.3, 3, -4
162.4, 3, -4
162.5, 3, -4
162.6, 3, -4
162.7, 3, -4
162.8, 3, -4
162.9, 3, -4
163, 3, -4
163.1, 3, -4
163.2, 3, -4
163.3, 3, -4
163.4, 3, -4
163.5, 3, -4
163.6, 3, -4
163.7, 3, -3
163.8, 3, -3
163.9, 3, -3
164, 3, -3
164.1, 3, -3
164.2, 3, -3
164.3, 3, -3
164.4, 3, -3
164.5, 3, -3
164.6, 3, -3
164.7, 3, -3
164.8, 3, -3
164.9, 3, -3
165, 3, -3
165.1, 3, -3
165.2, 3, -3
165.3, 3, -3
165.4, 3, -3
165.5, 3, -3
165.6, 3, -3
165.7, 3, -3
165.8, 3, -3
165.9, 3, -3
166, 3, -3
166.1, 3, -3
166.2, 3, -3
166.3, 3, -3
166.4, 3, -3
166.5, 3, -3
166.6, 3, -3
166.7, 3, -4
166.8, 3, -4
166.9, 3, -4
167, 3, -4
167.1, 3, -4
167.2, 3, -4
167.3, 3, -4
167.4, 3, -4
167.5, 3, -4
167.6, 3, -4
167.7, 3, -4
167.8, 3, -4
167.9, 3, -4
168, 3, -4
168.1, 4, -4
168.2, 4, -4
168.3, 4, -4
168.4, 4, -4
168.5, 4, -5
168.6, 4, -5
168.7, 4, -5
168.8, 4, -5
168.9, 4, -5
169, 4, -5
169.1, 4, -5
169.2, 4, -5
169.3, 4, -5
169.4, 4, -5
169.5, 4, -5
169.6, 4, -5
169.7, 4, -5
169.8, 4, -5
169.9, 3, -5
170, 3, -5
170.1, 3, -5
170.2, 3, -5
170.3, 3, -5
170.4, 3, -5
170.5, 3, -5
170.6, 3, -5
170.7, 3, -5
170.8, 3, -5
170.9, 3, -5
171, 3, -5
171.1, 3, -6
171.2, 3, -6
171.3, 3, -6
171.4, 3, -6
171.5, 3, -6
171.6, 3, -6
171.7, 3, -6
171.8, 3, -6
171.9, 3, -6
172, 3, -6
172.1, 3, -6
172.2, 3, -6
172.3, 3, -6
172.4, 3, -6
172.5, 3, -6
172.6, 3, -6
172.7, 3, -6
172.8, 3, -6
172.9, 3, -6
173, 3, -6
173.1, 3, -6
173.2, 3, -6
173.3, 3, -6
173.4, 3, -6
173.5, 3, -6
173.6, 3, -6
173.7, 3, -6
173.8, 3, -6
173.9, 3, -6
174, 3, -6
174.1, 3, -6
174.2, 3, -6
174.3, 3, -7
174.4, 3, -7
174.5, 3, -7
174.6, 3, -7
174.7, 3, -7
174.8, 3, -7
174.9, 3, -7
175, 3, -7
175.1, 3, -7
175.2, 3, -7
175.3, 3, -7
175.4, 3, -7
175.5, 3, -7
175.6, 3, -7
175.7, 3, -7
175.8, 3, -7
175.9, 3, -7
176, 3, -7
176.1, 3, -7
176.2, 3, -7
176.3, 3, -7
176.4, 3, -7
176.5, 3, -7
176.6, 3, -7
176.7, 3, -7
176.8, 3, -7
176.9, 3, -7
177, 3, -7
177.1, 3, -7
177.2, 3, -7
177.3, 3, -7
177.4, 3, -7
177.5, 3, -7
177.6, 3, -7
177.7, 3, -7
177.8, 3, -7
177.9, 3, -7
178, 3, -7
178.1, 3, -7
178.2, 3, -7
178.3, 3, -7
178.4, 3, -7
178.5, 3, -7
178.6, 3, -7
178.7, 3, -7
178.8, 3, -7
178.9, 3, -7
179, 3, -7
179.1, 3, -6
179.2, 3, -6
179.3, 3, -6
179.4, 3, -6
179.5, 3, -6
179.6, 3, -6
179.7, 3, -6
179.8, 3, -6
179.9, 3, -6
180, 3, -6
180.1, 3, -6
180.2, 3, -6
180.3, 3, -6
180.4, 3, -6
180.5, 4, -6
180.6, 4, -6
180.7, 4, -6
180.8, 4, -6
180.9, 4, -6
181, 4, -6
181.1, 4, -6
181.2, 4, -6
181.3, 4, -6
181.4, 4, -6
181.5, 5, -6
181.6, 5, -6
181.7, 5, -6
181.8, 5, -6
181.9, 5, -6
182, 5, -6
182.1, 5, -6
182.2, 5, -6
182.3, 5, -6
182.4, 5, -6
182.5, 5, -6
182.6, 5, -6
182.7, 5, -6
182.8, 5, -6
182.9, 5, -6
183, 5, -6
183.1, 5, -6
183.2, 5, -6
183.3, 5, -6
183.4, 5, -6
183.5, 5, -6
183.6, 5, -6
183.7, 5, -6
183.8, 5, -6
183.9, 5, -6
184, 5, -6
184.1, 5, -6
184.2, 5, -6
184.3, 5, -6
184.4, 5, -6
184.5, 5, -6
184.6, 5, -6
184.7, 5, -6
184.8, 5, -6
184.9, 5, -6
185, 5, -6
185.1, 5, -6
185.2, 5, -6
185.3, 5, -6
185.4, 5, -6
185.5, 5, -6
185.6, 5, -6
185.7, 5, -6
185.8, 5, -6
185.9, 5, -6
186, 5, -6
186.1, 6, -6
186.2, 6, -6
186.3, 6, -6
186.4, 6, -6
186.5, 6, -6
186.6, 6, -6
186.7, 6, -6
186.8, 6, -6
186.9, 7, -6
187, 7, -6
187.1, 7, -6
187.2, 7, -6
187.3, 7, -6
187.4, 7, -6
187.5, 7, -5
187.6, 7, -5
187.7, 7, -5
187.8, 7, -5
187.9, 7, -5
188, 7, -5
188.1, 7, -5
188.2, 7, -5
188.3, 7, -5
188.4, 7, -5
188.5, 7, -5
188.6, 7, -5
188.7, 7, -5
188.8, 7, -5
188.9, 7, -5
189, 7, -5
189.1, 7, -5
189.2, 7, -5
189.3, 7, -5
189.4, 7, -5
189.5, 7, -5
189.6, 7, -5
189.7, 7, -5
189.8, 7, -5
189.9, 7, -5
190, 7, -5
190.1, 7, -5
190.2, 7, -5
190.3, 7, -5
190.4, 7, -5
190.5, 7, -5
190.6, 7, -5
190.7, 7, -5
190.8, 7, -5
190.9, 7, -5
191, 7, -5
191.1, 7, -5
191.2, 7, -5
191.3, 7, -5
191.4, 7, -5
191.5, 7, -5
191.6, 7, -5
191.7, 7, -5
191.8, 7, -5
191.9, 7, -5
192, 7, -5
192.1, 7, -5
192.2, 7, -5
192.3, 7, -5
192.4, 7, -5
192.5, 7, -5
192.6, 7, -5
192.7, 7, -5
192.8, 7, -5
192.9, 7, -5
193, 7, -5
193.1, 7, -5
193.2, 7, -5
193.3, 7, -5
193.4, 7, -5
193.5, 6, -5
193.6, 6, -5
193.7, 6, -5
193.8, 6, -5
193.9, 6, -5
194, 6, -5
194.1, 5, -5
194.2, 5, -5
194.3, 5, -5
194.4, 5, -5
194.5, 5, -5
194.6, 5, -5
194.7, 5, -5
194.8, 5, -5
194.9, 5, -5
195, 5, -5
195.1, 5, -5
195.2, 5, -5
195.3, 5, -5
195.4, 5, -5
195.5, 5, -4
195.6, 5, -4
195.7, 5, -4
195.8, 5, -4
195.9, 5, -4
196, 5, -4
196.1, 5, -4
196.2, 5, -4
196.3, 5, -4
196.4, 5, -4
196.5, 5, -4
196.6, 5, -4
196.7, 5, -4
196.8, 5, -4
196.9, 5, -4
197, 5, -4
197.1, 5, -4
197.2, 5, -4
197.3, 5, -4
197.4, 5, -4
197.5, 5, -4
197.6, 5, -4
197.7, 5, -4
197.8, 5, -4
197.9, 5, -4
198, 5, -4
198.1, 5, -4
198.2, 5, -4
198.3, 5, -4
198.4, 5, -4
198.5, 5, -4
198.6, 5, -4
198.7, 5, -4
198.8, 5, -4
198.9, 5, -4
199, 5, -4
199.1, 5, -4
199.2, 5, -4
199.3, 4, -4
199.4, 4, -4
199.5, 4, -4
199.6, 4, -4
199.7, 4, -4
199.8, 4, -4
199.9, 4, -4
200, 4, -4
200.1, 4, -4
200.2, 4, -4
200.3, 4, -4
200.4, 4, -4
200.5, 4, -4
200.6, 4, -4
200.7, 4, -4
200.8, 4, -4
200.9, 4, -3
201, 4, -3
201.1, 4, -3
201.2, 4, -3
201.3, 4, -3
201.4, 4, -3
201.5, 4, -3
201.6, 4, -3
201.7, 4, -3
201.8, 4, -3
201.9, 4, -3
202, 4, -3
202.1, 4, -3
202.2, 4, -3
202.3, 4, -3
202.4, 4, -3
202.5, 4, -3
202.6, 4, -3
202.7, 3, -3
202.8, 3, -3
202.9, 3, -3
203, 3, -3
203.1, 3, -3
203.2, 3, -3
203.3, 3, -3
203.4, 3, -3
203.5, 3, -3
203.6, 3, -3
203.7, 3, -3
203.8, 3, -3
203.9, 3, -3
204, 3, -3
204.1, 4, -3
204.2, 4, -3
204.3, 4, -3
204.4, 4, -3
204.5, 4, -3
204.6, 4, -3
204.7, 4, -3
204.8, 4, -3
204.9, 4, -3
205, 4, -3
205.1, 4, -3
205.2, 4, -3
205.3, 4, -3
205.4, 4, -3
205.5, 4, -3
205.6, 4, -3
205.7, 4, -3
205.8, 4, -3
205.9, 4, -3
206, 4, -3
206.1, 4, -3
206.2, 4, -3
206.3, 4, -3
206.4, 4, -3
206.5, 4, -4
206.6, 4, -4
206.7, 4, -4
206.8, 4, -4
206.9, 4, -4
207, 4, -4
207.1, 4, -4
207.2, 4, -4
207.3, 4, -4
207.4, 4, -4
207.5, 4, -4
207.6, 4, -4
207.7, 4, -4
207.8, 4, -4
207.9, 4, -3
208, 4, -3
208.1, 4, -4
208.2, 4, -4
208.3, 4, -4
208.4, 4, -4
208.5, 4, -4
208.6, 4, -4
208.7, 4, -4
208.8, 4, -4
208.9, 4, -4
209, 4, -4
209.1, 4, -4
209.2, 4, -4
209.3, 4, -4
209.4, 4, -4
209.5, 4, -4
209.6, 4, -4
209.7, 4, -4
209.8, 4, -4
209.9, 4, -4
210, 4, -4
210.1, 4, -4
210.2, 4, -4
210.3, 4, -4
210.4, 4, -4
210.5, 4, -4
210.6, 4, -4
210.7, 3, -4
210.8, 3, -4
210.9, 3, -4
211, 3, -4
211.1, 3, -4
211.2, 3, -4
211.3, 3, -4
211.4, 3, -4
211.5, 3, -4
211.6, 3, -4
211.7, 4, -4
211.8, 4, -4
211.9, 4, -4
212, 4, -4
212.1, 4, -4
212.2, 4, -4
212.3, 4, -4
212.4, 4, -4
212.5, 4, -4
212.6, 4, -4
212.7, 4, -4
212.8, 4, -4
212.9, 4, -4
213, 4, -4
213.1, 4, -4
213.2, 4, -4
213.3, 4, -4
213.4, 4, -4
213.5, 4, -4
213.6, 4, -4
213.7, 4, -4
213.8, 4, -4
213.9, 4, -4
214, 4, -4
214.1, 4, -4
214.2, 4, -4
214.3, 4, -4
214.4, 4, -4
214.5, 4, -4
214.6, 4, -4
214.7, 4, -4
214.8, 4, -4
214.9, 4, -4
215, 4, -4
215.1, 4, -4
215.2, 4, -4
215.3, 4, -4
215.4, 4, -4
215.5, 4, -4
215.6, 4, -4
215.7, 4, -4
215.8, 4, -4
215.9, 4, -4
216, 4, -4
216.1, 4, -4
216.2, 4, -4
216.3, 4, -4
216.4, 4, -4
216.5, 4, -4
216.6, 4, -4
216.7, 4, -4
216.8, 4, -4
216.9, 4, -4
217, 4, -4
217.1, 4, -4
217.2, 4, -4
217.3, 4, -4
217.4, 4, -4
217.5, 4, -4
217.6, 4, -4
217.7, 4, -4
217.8, 4, -4
217.9, 4, -4
218, 4, -4
218.1, 4, -4
218.2, 4, -4
218.3, 4, -4
218.4, 4, -4
218.5, 4, -5
218.6, 4, -5
218.7, 4, -5
218.8, 4, -5
218.9, 4, -5
219, 4, -5
219.1, 4, -5
219.2, 4, -5
219.3, 4, -5
219.4, 4, -5
219.5, 4, -5
219.6, 4, -5
219.7, 4, -5
219.8, 4, -5
219.9, 4, -5
220, 4, -5
220.1, 4, -5
220.2, 4, -5
220.3, 4, -5
220.4, 4, -5
220.5, 4, -5
220.6, 4, -5
220.7, 4, -5
220.8, 4, -5
220.9, 4, -5
221, 4, -5
221.1, 4, -5
221.2, 4, -5
221.3, 4, -5
221.4, 4, -5
221.5, 4, -5
221.6, 4, -5
221.7, 4, -5
221.8, 4, -5
221.9, 4, -5
222, 4, -5
222.1, 4, -5
222.2, 4, -5
222.3, 4, -5
222.4, 4, -5
222.5, 4, -5
222.6, 4, -5
222.7, 4, -5
222.8, 4, -5
222.9, 4, -5
223, 4, -5
223.1, 4, -5
223.2, 4, -5
223.3, 4, -5
223.4, 4, -5
223.5, 4, -5
223.6, 4, -5
223.7, 4, -5
223.8, 4, -5
223.9, 4, -5
224, 4, -5
224.1, 4, -5
224.2, 4, -5
224.3, 4, -5
224.4, 4, -5
224.5, 4, -5
224.6, 4, -5
224.7, 4, -5
224.8, 4, -5
224.9, 4, -5
225, 4, -5
225.1, 4, -5
225.2, 4, -5
225.3, 4, -5
225.4, 4, -5
225.5, 4, -5
225.6, 4, -5
225.7, 4, -5
225.8, 4, -5
225.9, 4, -5
226, 4, -5
226.1, 4, -5
226.2, 4, -5
226.3, 4, -5
226.4, 4, -5
226.5, 4, -5
226.6, 4, -5
226.7, 4, -5
226.8, 4, -5
226.9, 4, -5
227, 4, -5
227.1, 4, -5
227.2, 4, -5
227.3, 4, -5
227.4, 4, -5
227.5, 4, -5
227.6, 4, -5
227.7, 4, -5
227.8, 4, -5
227.9, 4, -5
228, 4, -5
228.1, 4, -5
228.2, 4, -5
228.3, 4, -5
228.4, 4, -5
228.5, 4, -5
228.6, 4, -5
228.7, 4, -5
228.8, 4, -5
228.9, 4, -5
229, 4, -5
229.1, 4, -5
229.2, 4, -5
229.3, 4, -5
229.4, 4, -5
229.5, 4, -5
229.6, 4, -5
229.7, 4, -5
229.8, 4, -5
229.9, 4, -5
230, 4, -5
230.1, 4, -5
230.2, 4, -5
230.3, 4, -5
230.4, 4, -5
230.5, 4, -5
230.6, 4, -5
230.7, 4, -5
230.8, 4, -5
230.9, 4, -5
231, 4, -5
231.1, 4, -5
231.2, 4, -5
231.3, 4, -5
231.4, 4, -5
231.5, 4, -5
231.6, 4, -5
231.7, 4, -5
231.8, 4, -5
231.9, 4, -5
232, 4, -5
232.1, 4, -5
232.2, 4, -5
232.3, 4, -5
232.4, 4, -5
232.5, 4, -5
232.6, 4, -5
232.7, 4, -5
232.8, 4, -5
232.9, 4, -5
233, 4, -5
233.1, 4, -5
233.2, 4, -5
233.3, 4, -5
233.4, 4, -5
233.5, 4, -5
233.6, 4, -5
233.7, 4, -5
233.8, 4, -5
233.9, 4, -5
234, 4, -5
234.1, 4, -5
234.2, 4, -5
234.3, 4, -5
234.4, 4, -5
234.5, 4, -5
234.6, 4, -5
234.7, 4, -5
234.8, 4, -5
234.9, 4, -5
235, 4, -5
235.1, 4, -5
235.2, 4, -5
235.3, 4, -5
235.4, 4, -5
235.5, 3, -5
235.6, 3, -5
235.7, 3, -5
235.8, 3, -5
235.9, 3, -5
236, 3, -5
236.1, 3, -5
236.2, 3, -5
236.3, 3, -5
236.4, 3, -5
236.5, 3, -5
236.6, 3, -5
236.7, 3, -5
236.8, 3, -5
236.9, 3, -5
237, 3, -5
237.1, 3, -5
237.2, 3, -5
237.3, 3, -5
237.4, 3, -5
237.5, 3, -5
237.6, 3, -5
237.7, 3, -5
237.8, 3, -5
237.9, 3, -5
238, 3, -5
238.1, 3, -5
238.2, 3, -5
238.3, 3, -5
238.4, 3, -5
238.5, 3, -5
238.6, 3, -5
238.7, 3, -5
238.8, 3, -5
238.9, 3, -5
239, 3, -5
239.1, 2, -5
239.2, 2, -5
239.3, 2, -5
239.4, 2, -5
239.5, 2, -5
239.6, 2, -5
239.7, 2, -5
239.8, 2, -5
239.9, 2, -5
240, 2, -5
240.1, 2, -5
240.2, 2, -5
240.3, 2, -5
240.4, 2, -5
240.5, 2, -5
240.6, 2, -5
240.7, 2, -5
240.8, 2, -5
240.9, 2, -5
241, 2, -5
241.1, 2, -5
241.2, 2, -5
241.3, 2, -5
241.4, 2, -5
241.5, 2, -5
241.6, 2, -5
241.7, 2, -5
241.8, 2, -5
241.9, 2, -5
242, 2, -5
242.1, 2, -5
242.2, 2, -5
242.3, 2, -5
242.4, 2, -5
242.5, 2, -5
242.6, 2, -5
242.7, 2, -5
242.8, 2, -5
242.9, 2, -5
243, 2, -5
243.1, 2, -5
243.2, 2, -5
243.3, 2, -5
243.4, 2, -5
243.5, 2, -5
243.6, 2, -5
243.7, 2, -5
243.8, 2, -5
243.9, 2, -5
244, 2, -5
244.1, 2, -5
244.2, 2, -5
244.3, 2, -5
244.4, 2, -5
244.5, 2, -5
244.6, 2, -5
244.7, 2, -5
244.8, 2, -5
244.9, 2, -5
245, 2, -5
245.1, 2, -5
245.2, 2, -5
245.3, 2, -5
245.4, 2, -5
245.5, 2, -5
245.6, 2, -5
245.7, 2, -5
245.8, 2, -5
245.9, 2, -5
246, 2, -5
246.1, 2, -5
246.2, 2, -5
246.3, 2, -5
246.4, 2, -5
246.5, 2, -5
246.6, 2, -5
246.7, 2, -5
246.8, 2, -5
246.9, 2, -5
247, 2, -5
247.1, 2, -5
247.2, 2, -5
247.3, 2, -5
247.4, 2, -5
247.5, 2, -5
247.6, 2, -5
247.7, 2, -5
247.8, 2, -5
247.9, 1, -5
248, 1, -5
248.1, 1, -5
248.2, 1, -5
248.3, 1, -5
248.4, 1, -5
248.5, 1, -4
248.6, 1, -4
248.7, 1, -4
248.8, 1, -4
248.9, 1, -4
249, 1, -4
249.1, 1, -4
249.2, 1, -4
249.3, 1, -4
249.4, 1, -4
249.5, 1, -4
249.6, 1, -4
249.7, 1, -4
249.8, 1, -4
249.9, 1, -4
250, 1, -4
250.1, 1, -4
250.2, 1, -4
250.3, 1, -4
250.4, 1, -4
250.5, 1, -4
250.6, 1, -4
250.7, 1, -4
250.8, 1, -4
250.9, 2, -4
251, 2, -4
251.1, 2, -4
251.2, 2, -4
251.3, 2, -4
251.4, 2, -4
251.5, 2, -4
251.6, 2, -4
251.7, 2, -4
251.8, 2, -4
251.9, 2, -4
252, 2, -4
252.1, 2, -4
252.2, 2, -4
252.3, 2, -5
252.4, 2, -5
252.5, 2, -5
252.6, 2, -5
252.7, 2, -5
252.8, 2, -5
252.9, 2, -5
253, 2, -5
253.1, 2, -5
253.2, 2, -5
253.3, 2, -5
253.4, 2, -5
253.5, 2, -5
253.6, 2, -5
253.7, 2, -5
253.8, 2, -5
253.9, 2, -5
254, 2, -5
254.1, 2, -5
254.2, 2, -5
254.3, 2, -5
254.4, 2, -5
254.5, 2, -5
254.6, 2, -5
254.7, 2, -5
254.8, 2, -5
254.9, 2, -5
255, 2, -5
255.1, 2, -5
255.2, 2, -5
255.3, 2, -5
255.4, 2, -5
255.5, 2, -5
255.6, 2, -5
255.7, 2, -5
255.8, 2, -5
255.9, 2, -5
256, 2, -5
256.1, 2, -5
256.2, 2, -5
256.3, 2, -5
256.4, 2, -5
256.5, 2, -5
256.6, 2, -5
256.7, 2, -5
256.8, 2, -5
256.9, 2, -6
257, 2, -6
257.1, 2, -6
257.2, 2, -6
257.3, 2, -6
257.4, 2, -6
257.5, 2, -7
257.6, 2, -7
257.7, 2, -7
257.8, 2, -7
257.9, 2, -7
258, 2, -7
258.1, 2, -7
258.2, 2, -7
258.3, 2, -6
258.4, 2, -6
258.5, 2, -6
258.6, 2, -6
258.7, 2, -6
258.8, 2, -6
258.9, 2, -6
259, 2, -6
259.1, 2, -6
259.2, 2, -6
259.3, 2, -6
259.4, 2, -6
259.5, 2, -6
259.6, 2, -6
259.7, 2, -6
259.8, 2, -6
259.9, 2, -6
260, 2, -6
260.1, 2, -6
260.2, 2, -6
260.3, 2, -6
260.4, 2, -6
260.5, 2, -6
260.6, 2, -6
260.7, 2, -6
260.8, 2, -6
260.9, 2, -6
261, 2, -6
261.1, 2, -6
261.2, 2, -6
261.3, 2, -6
261.4, 2, -6
261.5, 2, -6
261.6, 2, -6
261.7, 1, -6
261.8, 1, -6
261.9, 1, -6
262, 1, -6
262.1, 1, -6
262.2, 1, -6
262.3, 1, -6
262.4, 1, -6
262.5, 1, -6
262.6, 1, -6
262.7, 1, -6
262.8, 1, -6
262.9, 2, -6
263, 2, -6
263.1, 2, -6
263.2, 2, -6
263.3, 2, -6
263.4, 2, -6
263.5, 2, -6
263.6, 2, -6
263.7, 2, -6
263.8, 2, -6
263.9, 2, -6
264, 2, -6
264.1, 2, -6
264.2, 2, -6
264.3, 2, -6
264.4, 2, -6
264.5, 2, -6
264.6, 2, -6
264.7, 2, -6
264.8, 2, -6
264.9, 2, -6
265, 2, -6
265.1, 2, -6
265.2, 2, -6
265.3, 2, -6
265.4, 2, -6
265.5, 2, -6
265.6, 2, -6
265.7, 2, -6
265.8, 2, -6
265.9, 2, -6
266, 2, -6
266.1, 2, -6
266.2, 2, -6
266.3, 2, -6
266.4, 2, -6
266.5, 2, -6
266.6, 2, -6
266.7, 2, -6
266.8, 2, -6
266.9, 2, -6
267, 2, -6
267.1, 3, -6
267.2, 3, -6
267.3, 3, -6
267.4, 3, -6
267.5, 3, -6
267.6, 3, -6
267.7, 3, -6
267.8, 3, -6
267.9, 3, -6
268, 3, -6
268.1, 3, -6
268.2, 3, -6
268.3, 3, -5
268.4, 3, -5
268.5, 3, -5
268.6, 3, -5
268.7, 3, -5
268.8, 3, -5
268.9, 3, -5
269, 3, -5
269.1, 3, -5
269.2, 3, -5
269.3, 3, -5
269.4, 3, -5
269.5, 3, -5
269.6, 3, -5
269.7, 3, -5
269.8, 3, -5
269.9, 3, -5
270, 3, -5
270.1, 3, -5
270.2, 3, -5
270.3, 3, -5
270.4, 3, -5
270.5, 3, -6
270.6, 3, -6
270.7, 3, -6
270.8, 3, -6
270.9, 3, -6
271, 3, -6
271.1, 3, -6
271.2, 3, -6
271.3, 3, -6
271.4, 3, -6
271.5, 3, -6
271.6, 3, -6
271.7, 3, -6
271.8, 3, -6
271.9, 3, -6
272, 3, -6
272.1, 3, -6
272.2, 3, -6
272.3, 3, -6
272.4, 3, -6
272.5, 3, -6
272.6, 3, -6
272.7, 3, -6
272.8, 3, -6
272.9, 3, -6
273, 3, -6
273.1, 3, -6
273.2, 3, -6
273.3, 3, -6
273.4, 3, -6
273.5, 3, -6
273.6, 3, -6
273.7, 3, -6
273.8, 3, -6
273.9, 3, -6
274, 3, -6
274.1, 3, -6
274.2, 3, -6
274.3, 3, -6
274.4, 3, -6
274.5, 3, -6
274.6, 3, -6
274.7, 3, -6
274.8, 3, -6
274.9, 3, -6
275, 3, -6
275.1, 3, -6
275.2, 3, -6
275.3, 3, -6
275.4, 3, -6
275.5, 3, -6
275.6, 3, -6
275.7, 3, -6
275.8, 3, -6
275.9, 3, -6
276, 3, -6
276.1, 3, -6
276.2, 3, -6
276.3, 3, -6
276.4, 3, -6
276.5, 3, -6
276.6, 3, -6
276.7, 3, -6
276.8, 3, -6
276.9, 3, -6
277, 3, -6
277.1, 3, -6
277.2, 3, -6
277.3, 3, -6
277.4, 3, -6
277.5, 3, -6
277.6, 3, -6
277.7, 3, -7
277.8, 3, -7
277.9, 3, -7
278, 3, -7
278.1, 3, -7
278.2, 3, -7
278.3, 3, -7
278.4, 3, -7
278.5, 3, -7
278.6, 3, -7
278.7, 3, -7
278.8, 3, -7
278.9, 3, -7
279, 3, -7
279.1, 3, -7
279.2, 3, -7
279.3, 3, -7
279.4, 3, -7
279.5, 3, -7
279.6, 3, -7
279.7, 3, -7
279.8, 3, -7
279.9, 3, -7
280, 3, -7
280.1, 3, -7
280.2, 3, -7
280.3, 3, -7
280.4, 3, -7
280.5, 3, -8
280.6, 3, -8
280.7, 3, -8
280.8, 3, -8
280.9, 3, -8
281, 3, -8
281.1, 3, -8
281.2, 3, -8
281.3, 3, -8
281.4, 3, -8
281.5, 3, -8
281.6, 3, -8
281.7, 3, -8
281.8, 3, -8
281.9, 3, -8
282, 3, -8
282.1, 3, -8
282.2, 3, -8
282.3, 3, -8
282.4, 3, -8
282.5, 3, -8
282.6, 3, -8
282.7, 3, -8
282.8, 3, -8
282.9, 3, -8
283, 3, -8
283.1, 3, -8
283.2, 3, -8
283.3, 3, -8
283.4, 3, -8
283.5, 3, -8
283.6, 3, -8
283.7, 3, -8
283.8, 3, -8
283.9, 2, -8
284, 2, -8
284.1, 2, -8
284.2, 2, -8
284.3, 2, -8
284.4, 2, -8
284.5, 2, -8
284.6, 2, -8
284.7, 2, -8
284.8, 2, -8
284.9, 2, -8
285, 2, -8
285.1, 2, -8
285.2, 2, -8
285.3, 2, -8
285.4, 2, -8
285.5, 2, -8
285.6, 2, -8
285.7, 2, -8
285.8, 2, -8
285.9, 2, -8
286, 2, -8
286.1, 2, -8
286.2, 2, -8
286.3, 2, -8
286.4, 2, -8
286.5, 2, -8
286.6, 2, -8
286.7, 2, -9
286.8, 2, -9
286.9, 2, -9
287, 2, -9
287.1, 2, -9
287.2, 2, -9
287.3, 2, -9
287.4, 2, -9
287.5, 2, -9
287.6, 2, -9
287.7, 2, -9
287.8, 2, -9
287.9, 2, -9
288, 2, -9
288.1, 2, -9
288.2, 2, -9
288.3, 2, -9
288.4, 2, -9
288.5, 2, -9
288.6, 2, -9
288.7, 2, -9
288.8, 2, -9
288.9, 2, -9
289, 2, -9
289.1, 2, -9
289.2, 2, -9
289.3, 2, -9
289.4, 2, -9
289.5, 2, -9
289.6, 2, -9
289.7, 2, -9
289.8, 2, -9
289.9, 2, -9
290, 2, -9
290.1, 2, -9
290.2, 2, -9
290.3, 2, -9
290.4, 2, -9
290.5, 2, -10
290.6, 2, -10
290.7, 2, -10
290.8, 2, -10
290.9, 2, -10
291, 2, -10
291.1, 2, -10
291.2, 2, -10
291.3, 2, -10
291.4, 2, -10
291.5, 2, -10
291.6, 2, -10
291.7, 2, -10
291.8, 2, -10
291.9, 2, -10
292, 2, -10
292.1, 3, -10
292.2, 3, -10
292.3, 3, -10
292.4, 3, -10
292.5, 3, -10
292.6, 3, -10
292.7, 3, -10
292.8, 3, -10
292.9, 3, -10
293, 3, -10
293.1, 3, -10
293.2, 3, -10
293.3, 3, -10
293.4, 3, -10
293.5, 3, -10
293.6, 3, -10
293.7, 3, -10
293.8, 3, -10
293.9, 3, -10
294, 3, -10
294.1, 4, -10
294.2, 4, -10
294.3, 4, -10
294.4, 4, -10
294.5, 4, -10
294.6, 4, -10
294.7, 4, -10
294.8, 4, -10
294.9, 4, -10
295, 4, -10
295.1, 4, -10
295.2, 4, -10
295.3, 4, -10
295.4, 4, -10
295.5, 4, -10
295.6, 4, -10
295.7, 4, -10
295.8, 4, -10
295.9, 4, -10
296, 4, -10
296.1, 4, -10
296.2, 4, -10
296.3, 4, -10
296.4, 4, -10
296.5, 4, -10
296.6, 4, -10
296.7, 4, -10
296.8, 4, -10
296.9, 4, -10
297, 4, -10
297.1, 4, -10
297.2, 4, -10
297.3, 4, -10
297.4, 4, -10
297.5, 4, -10
297.6, 4, -10
297.7, 4, -9
297.8, 4, -9
297.9, 4, -9
298, 4, -9
298.1, 4, -9
298.2, 4, -9
298.3, 4, -9
298.4, 4, -9
298.5, 4, -9
298.6, 4, -9
298.7, 4, -9
298.8, 4, -9
298.9, 4, -9
299, 4, -9
299.1, 4, -9
299.2, 4, -9
299.3, 3, -9
299.4, 3, -9
299.5, 3, -9
299.6, 3, -9
299.7, 3, -9
299.8, 3, -9
299.9, 3, -9
300, 3, -9
300.1, 3, -9
300.2, 3, -9
300.3, 3, -9
300.4, 3, -9
300.5, 3, -9
300.6, 3, -9
300.7, 3, -9
300.8, 3, -9
300.9, 3, -9
301, 3, -9
301.1, 3, -9
301.2, 3, -9
301.3, 3, -9
301.4, 3, -9
301.5, 3, -9
301.6, 3, -9
301.7, 3, -9
301.8, 3, -9
301.9, 3, -9
302, 3, -9
302.1, 3, -9
302.2, 3, -9
302.3, 3, -9
302.4, 3, -9
302.5, 3, -9
302.6, 3, -9
302.7, 3, -10
302.8, 3, -10
302.9, 3, -10
303, 3, -10
303.1, 3, -10
303.2, 3, -10
303.3, 3, -10
303.4, 3, -10
303.5, 3, -10
303.6, 3, -10
303.7, 3, -10
303.8, 3, -10
303.9, 3, -10
304, 3, -10
304.1, 3, -10
304.2, 3, -10
304.3, 3, -10
304.4, 3, -10
304.5, 3, -10
304.6, 3, -10
304.7, 3, -10
304.8, 3, -10
304.9, 3, -10
305, 3, -10
305.1, 3, -10
305.2, 3, -10
305.3, 3, -10
305.4, 3, -10
305.5, 3, -10
305.6, 3, -10
305.7, 3, -10
305.8, 3, -10
305.9, 3, -10
306, 3, -10
306.1, 3, -10
306.2, 3, -10
306.3, 3, -10
306.4, 3, -10
306.5, 3, -10
306.6, 3, -10
306.7, 3, -10
306.8, 3, -10
306.9, 3, -10
307, 3, -10
307.1, 3, -10
307.2, 3, -10
307.3, 3, -10
307.4, 3, -10
307.5, 3, -10
307.6, 3, -10
307.7, 3, -10
307.8, 3, -10
307.9, 3, -10
308, 3, -10
308.1, 3, -10
308.2, 3, -10
308.3, 3, -10
308.4, 3, -10
308.5, 3, -10
308.6, 3, -10
308.7, 4, -10
308.8, 4, -10
308.9, 4, -10
309, 4, -10
309.1, 4, -10
309.2, 4, -10
309.3, 4, -10
309.4, 4, -10
309.5, 4, -10
309.6, 4, -10
309.7, 4, -10
309.8, 4, -10
309.9, 4, -10
310, 4, -10
310.1, 4, -10
310.2, 4, -10
310.3, 4, -10
310.4, 4, -10
310.5, 4, -10
310.6, 4, -10
310.7, 4, -10
310.8, 4, -10
310.9, 4, -10
311, 4, -10
311.1, 4, -10
311.2, 4, -10
311.3, 4, -10
311.4, 4, -10
311.5, 4, -11
311.6, 4, -11
311.7, 4, -11
311.8, 4, -11
311.9, 4, -11
312, 4, -11
312.1, 4, -11
312.2, 4, -11
312.3, 4, -11
312.4, 4, -11
312.5, 4, -11
312.6, 4, -11
312.7, 4, -11
312.8, 4, -11
312.9, 4, -11
313, 4, -11
313.1, 4, -11
313.2, 4, -11
313.3, 4, -11
313.4, 4, -11
313.5, 4, -11
313.6, 4, -11
313.7, 4, -11
313.8, 4, -11
313.9, 4, -11
314, 4, -11
314.1, 4, -11
314.2, 4, -11
314.3, 4, -11
314.4, 4, -11
314.5, 4, -11
314.6, 4, -11
314.7, 4, -11
314.8, 4, -11
314.9, 4, -11
315, 4, -11
315.1, 4, -11
315.2, 4, -11
315.3, 4, -11
315.4, 4, -11
315.5, 4, -11
315.6, 4, -11
315.7, 5, -11
315.8, 5, -11
315.9, 5, -11
316, 5, -11
316.1, 5, -11
316.2, 5, -11
316.3, 5, -11
316.4, 5, -11
316.5, 5, -11
316.6, 5, -11
316.7, 5, -11
316.8, 5, -11
316.9, 5, -11
317, 5, -11
317.1, 5, -11
317.2, 5, -11
317.3, 5, -11
317.4, 5, -11
317.5, 5, -11
317.6, 5, -11
317.7, 5, -11
317.8, 5, -11
317.9, 5, -11
318, 5, -11
318.1, 5, -11
318.2, 5, -11
318.3, 5, -11
318.4, 5, -11
318.5, 5, -11
318.6, 5, -11
318.7, 5, -11
318.8, 5, -11
318.9, 5, -11
319, 5, -11
319.1, 5, -11
319.2, 5, -11
319.3, 5, -11
319.4, 5, -11
319.5, 5, -11
319.6, 5, -11
319.7, 5, -11
319.8, 5, -11
319.9, 5, -11
320, 5, -11
320.1, 5, -11
320.2, 5, -11
320.3, 5, -11
320.4, 5, -11
320.5, 5, -11
320.6, 5, -11
320.7, 5, -11
320.8, 5, -11
320.9, 5, -11
321, 5, -11
321.1, 5, -11
321.2, 5, -11
321.3, 5, -11
321.4, 5, -11
321.5, 5, -11
321.6, 5, -11
321.7, 5, -11
321.8, 5, -11
321.9, 5, -11
322, 5, -11
322.1, 5, -11
322.2, 5, -11
322.3, 5, -11
322.4, 5, -11
322.5, 5, -11
322.6, 5, -11
322.7, 5, -11
322.8, 5, -11
322.9, 5, -11
323, 5, -11
323.1, 5, -11
323.2, 5, -11
323.3, 5, -11
323.4, 5, -11
323.5, 5, -11
323.6, 5, -11
323.7, 5, -11
323.8, 5, -11
323.9, 5, -11
324, 5, -11
324.1, 5, -11
324.2, 5, -11
324.3, 5, -11
324.4, 5, -11
324.5, 5, -11
324.6, 5, -11
324.7, 5, -11
324.8, 5, -11
324.9, 5, -11
325, 5, -11
325.1, 5, -11
325.2, 5, -11
325.3, 5, -11
325.4, 5, -11
325.5, 5, -12
325.6, 5, -12
325.7, 5, -12
325.8, 5, -12
325.9, 6, -12
326, 6, -12
326.1, 6, -12
326.2, 6, -12
326.3, 6, -12
326.4, 6, -12
326.5, 6, -12
326.6, 6, -12
326.7, 6, -12
326.8, 6, -12
326.9, 6, -12
327, 6, -12
327.1, 6, -12
327.2, 6, -12
327.3, 6, -12
327.4, 6, -12
327.5, 6, -11
327.6, 6, -11
327.7, 7, -11
327.8, 7, -11
327.9, 7, -11
328, 7, -11
328.1, 7, -11
328.2, 7, -11
328.3, 7, -11
328.4, 7, -11
328.5, 7, -11
328.6, 7, -11
328.7, 7, -11
328.8, 7, -11
328.9, 7, -11
329, 7, -11
329.1, 6, -11
329.2, 6, -11
329.3, 6, -11
329.4, 6, -11
329.5, 6, -11
329.6, 6, -11
329.7, 6, -11
329.8, 6, -11
329.9, 6, -11
330, 6, -11
330.1, 6, -11
330.2, 6, -11
330.3, 6, -11
330.4, 6, -11
330.5, 6, -11
330.6, 6, -11
330.7, 6, -11
330.8, 6, -11
330.9, 6, -11
331, 6, -11
331.1, 6, -11
331.2, 6, -11
331.3, 6, -11
331.4, 6, -11
331.5, 5, -11
331.6, 5, -11
331.7, 5, -11
331.8, 5, -11
331.9, 5, -11
332, 5, -11
332.1, 5, -11
332.2, 5, -11
332.3, 5, -11
332.4, 5, -11
332.5, 5, -11
332.6, 5, -11
332.7, 5, -11
332.8, 5, -11
332.9, 6, -11
333, 6, -11
333.1, 6, -11
333.2, 6, -11
333.3, 6, -11
333.4, 6, -11
333.5, 6, -11
333.6, 6, -11
333.7, 6, -11
333.8, 6, -11
333.9, 6, -11
334, 6, -11
334.1, 6, -11
334.2, 6, -11
334.3, 6, -11
334.4, 6, -11
334.5, 6, -11
334.6, 6, -11
334.7, 6, -11
334.8, 6, -11
334.9, 6, -11
335, 6, -11
335.1, 6, -11
335.2, 6, -11
335.3, 6, -11
335.4, 6, -11
335.5, 6, -11
335.6, 6, -11
335.7, 6, -11
335.8, 6, -11
335.9, 6, -11
336, 6, -11
336.1, 6, -11
336.2, 6, -11
336.3, 6, -11
336.4, 6, -11
336.5, 6, -11
336.6, 6, -11
336.7, 6, -11
336.8, 6, -11
336.9, 6, -11
337, 6, -11
337.1, 6, -11
337.2, 6, -11
337.3, 6, -11
337.4, 6, -11
337.5, 6, -11
337.6, 6, -11
337.7, 6, -11
337.8, 6, -11
337.9, 6, -11
338, 6, -11
338.1, 6, -11
338.2, 6, -11
338.3, 6, -11
338.4, 6, -11
338.5, 6, -11
338.6, 6, -11
338.7, 6, -11
338.8, 6, -11
338.9, 6, -11
339, 6, -11
339.1, 6, -11
339.2, 6, -11
339.3, 6, -10
339.4, 6, -10
339.5, 6, -10
339.6, 6, -10
339.7, 6, -10
339.8, 6, -10
339.9, 6, -10
340, 6, -10
340.1, 6, -9
340.2, 6, -9
340.3, 6, -9
340.4, 6, -9
340.5, 6, -9
340.6, 6, -9
340.7, 6, -9
340.8, 6, -9
340.9, 6, -8
341, 6, -8
341.1, 6, -8
341.2, 6, -8
341.3, 6, -8
341.4, 6, -8
341.5, 6, -8
341.6, 6, -8
341.7, 6, -8
341.8, 6, -8
341.9, 6, -8
342, 6, -8
342.1, 6, -8
342.2, 6, -8
342.3, 5, -8
342.4, 5, -8
342.5, 5, -8
342.6, 5, -8
342.7, 5, -8
342.8, 5, -8
342.9, 5, -8
343, 5, -8
343.1, 5, -8
343.2, 5, -8
343.3, 5, -8
343.4, 5, -8
343.5, 5, -8
343.6, 5, -8
343.7, 5, -9
343.8, 5, -9
343.9, 5, -9
344, 5, -9
344.1, 5, -9
344.2, 5, -9
344.3, 5, -10
344.4, 5, -10
344.5, 5, -10
344.6, 5, -10
344.7, 5, -10
344.8, 5, -10
344.9, 5, -10
345, 5, -10
345.1, 5, -10
345.2, 5, -10
345.3, 5, -10
345.4, 5, -10
345.5, 5, -10
345.6, 5, -10
345.7, 5, -10
345.8, 5, -10
345.9, 5, -10
346, 5, -10
346.1, 5, -10
346.2, 5, -10
346.3, 5, -10
346.4, 5, -10
346.5, 5, -10
346.6, 5, -10
346.7, 5, -10
346.8, 5, -10
346.9, 5, -10
347, 5, -10
347.1, 5, -10
347.2, 5, -10
347.3, 5, -10
347.4, 5, -10
347.5, 5, -10
347.6, 5, -10
347.7, 5, -10
347.8, 5, -10
347.9, 5, -10
348, 5, -10
348.1, 5, -10
348.2, 5, -10
348.3, 5, -10
348.4, 5, -10
348.5, 5, -10
348.6, 5, -10
348.7, 5, -10
348.8, 5, -10
348.9, 5, -10
349, 5, -10
349.1, 5, -10
349.2, 5, -10
349.3, 5, -10
349.4, 5, -10
349.5, 5, -10
349.6, 5, -10
349.7, 5, -10
349.8, 5, -10
349.9, 5, -10
350, 5, -10
350.1, 5, -10
350.2, 5, -10
350.3, 5, -10
350.4, 5, -10
350.5, 5, -10
350.6, 5, -10
350.7, 5, -10
350.8, 5, -10
350.9, 5, -10
351, 5, -10
351.1, 5, -10
351.2, 5, -10
351.3, 5, -10
351.4, 5, -10
351.5, 5, -10
351.6, 5, -10
351.7, 5, -10
351.8, 5, -10
351.9, 5, -11
352, 5, -11
352.1, 5, -11
352.2, 5, -11
352.3, 5, -11
352.4, 5, -11
352.5, 5, -11
352.6, 5, -11
352.7, 5, -11
352.8, 5, -11
352.9, 5, -11
353, 5, -11
353.1, 5, -11
353.2, 5, -11
353.3, 5, -11
353.4, 5, -11
353.5, 5, -11
353.6, 5, -11
353.7, 4, -11
353.8, 4, -11
353.9, 4, -11
354, 4, -11
354.1, 4, -11
354.2, 4, -11
354.3, 3, -11
354.4, 3, -11
354.5, 3, -11
354.6, 3, -11
354.7, 3, -11
354.8, 3, -11
354.9, 3, -12
355, 3, -12
355.1, 3, -12
355.2, 3, -12
355.3, 3, -12
355.4, 3, -12
355.5, 3, -12
355.6, 3, -12
355.7, 3, -12
355.8, 3, -12
355.9, 3, -12
356, 3, -12
356.1, 3, -12
356.2, 3, -12
356.3, 3, -12
356.4, 3, -12
356.5, 2, -12
356.6, 2, -12
356.7, 2, -12
356.8, 2, -12
356.9, 2, -12
357, 2, -12
357.1, 2, -12
357.2, 2, -12
357.3, 2, -12
357.4, 2, -12
357.5, 2, -12
357.6, 2, -12
357.7, 2, -12
357.8, 2, -12
357.9, 2, -12
358, 2, -12
358.1, 2, -12
358.2, 2, -12
358.3, 2, -12
358.4, 2, -12
358.5, 2, -12
358.6, 2, -12
358.7, 2, -12
358.8, 2, -12
358.9, 2, -12
359, 2, -12
359.1, 2, -12
359.2, 2, -12
359.3, 1, -12
359.4, 1, -12
359.5, 1, -12
359.6, 1, -12
359.7, 1, -12
359.8, 1, -12
359.9, 1, -12
360, 1, -12
360.1, 1, -12
360.2, 1, -12
360.3, 2, -12
360.4, 2, -12
360.5, 2, -12
360.6, 2, -12
360.7, 2, -12
360.8, 2, -12
360.9, 2, -12
361, 2, -12
361.1, 2, -12
361.2, 2, -12
361.3, 2, -12
361.4, 2, -12
361.5, 2, -12
361.6, 2, -12
361.7, 2, -12
361.8, 2, -12
361.9, 2, -12
362, 2, -12
362.1, 2, -12
362.2, 2, -12
362.3, 2, -12
362.4, 2, -12
362.5, 2, -12
362.6, 2, -12
362.7, 2, -12
362.8, 2, -12
362.9, 2, -12
363, 2, -12
363.1, 2, -12
363.2, 2, -12
363.3, 2, -12
363.4, 2, -12
363.5, 2, -12
363.6, 2, -12
363.7, 2, -12
363.8, 2, -12
363.9, 2, -12
364, 2, -12
364.1, 2, -12
364.2, 2, -12
364.3, 2, -12
364.4, 2, -12
364.5, 2, -12
364.6, 2, -12
364.7, 2, -12
364.8, 2, -12
364.9, 3, -12
365, 3, -12
365.1, 3, -12
365.2, 3, -12
365.3, 3, -12
365.4, 3, -12
365.5, 3, -12
365.6, 3, -12
365.7, 3, -12
365.8, 3, -12
365.9, 3, -12
366, 3, -12
366.1, 3, -12
366.2, 3, -12
366.3, 3, -12
366.4, 3, -12
366.5, 3, -12
366.6, 3, -12
366.7, 3, -13
366.8, 3, -13
366.9, 3, -13
367, 3, -13
367.1, 3, -13
367.2, 3, -13
367.3, 3, -12
367.4, 3, -12
367.5, 3, -12
367.6, 3, -12
367.7, 3, -12
367.8, 3, -12
367.9, 3, -12
368, 3, -12
368.1, 3, -12
368.2, 3, -12
368.3, 3, -12
368.4, 3, -12
368.5, 3, -12
368.6, 3, -12
368.7, 3, -12
368.8, 3, -12
368.9, 3, -12
369, 3, -12
369.1, 3, -12
369.2, 3, -12
369.3, 3, -12
369.4, 3, -12
369.5, 3, -12
369.6, 3, -12
369.7, 3, -12
369.8, 3, -12
369.9, 3, -12
370, 3, -12
370.1, 3, -11
370.2, 3, -11
370.3, 3, -11
370.4, 3, -11
370.5, 3, -11
370.6, 3, -11
370.7, 3, -11
370.8, 3, -11
370.9, 3, -11
371, 3, -11
371.1, 3, -11
371.2, 3, -11
371.3, 3, -11
371.4, 3, -11
371.5, 3, -11
371.6, 3, -11
371.7, 3, -11
371.8, 3, -11
371.9, 3, -11
372, 3, -11
372.1, 2, -11
372.2, 2, -11
372.3, 2, -11
372.4, 2, -11
372.5, 2, -11
372.6, 2, -11
372.7, 2, -11
372.8, 2, -11
372.9, 2, -11
373, 2, -11
373.1, 2, -11
373.2, 2, -11
373.3, 2, -11
373.4, 2, -11
373.5, 2, -11
373.6, 2, -11
373.7, 3, -11
373.8, 3, -11
373.9, 3, -11
374, 3, -11
374.1, 3, -11
374.2, 3, -11
374.3, 3, -11
374.4, 3, -11
374.5, 3, -11
374.6, 3, -11
374.7, 3, -11
374.8, 3, -11
374.9, 3, -11
375, 3, -11
375.1, 3, -11
375.2, 3, -11
375.3, 3, -11
375.4, 3, -11
375.5, 3, -11
375.6, 3, -11
375.7, 3, -11
375.8, 3, -11
375.9, 3, -11
376, 3, -11
376.1, 3, -11
376.2, 3, -11
376.3, 3, -11
376.4, 3, -11
376.5, 3, -11
376.6, 3, -11
376.7, 3, -11
376.8, 3, -11
376.9, 3, -11
377, 3, -11
377.1, 3, -11
377.2, 3, -11
377.3, 3, -11
377.4, 3, -11
377.5, 3, -11
377.6, 3, -11
377.7, 3, -11
377.8, 3, -11
377.9, 3, -11
378, 3, -11
378.1, 4, -11
378.2, 4, -11
378.3, 4, -10
378.4, 4, -10
378.5, 4, -10
378.6, 4, -10
378.7, 4, -10
378.8, 4, -10
378.9, 4, -10
379, 4, -10
379.1, 4, -10
379.2, 4, -10
379.3, 4, -10
379.4, 4, -10
379.5, 4, -10
379.6, 4, -10
379.7, 4, -10
379.8, 4, -10
379.9, 4, -10
380, 4, -10
380.1, 4, -10
380.2, 4, -10
380.3, 4, -10
380.4, 4, -10
380.5, 4, -11
380.6, 4, -11
380.7, 4, -11
380.8, 4, -11
380.9, 4, -11
381, 4, -11
381.1, 4, -11
381.2, 4, -11
381.3, 4, -11
381.4, 4, -11
381.5, 4, -11
381.6, 4, -11
381.7, 4, -11
381.8, 4, -11
381.9, 4, -11
382, 4, -11
382.1, 4, -11
382.2, 4, -11
382.3, 5, -11
382.4, 5, -11
382.5, 5, -11
382.6, 5, -11
382.7, 5, -11
382.8, 5, -11
382.9, 5, -11
383, 5, -11
383.1, 5, -11
383.2, 5, -11
383.3, 4, -11
383.4, 4, -11
383.5, 4, -11
383.6, 4, -11
383.7, 4, -11
383.8, 4, -11
383.9, 4, -11
384, 4, -11
384.1, 4, -11
384.2, 4, -11
384.3, 4, -11
384.4, 4, -11
384.5, 4, -11
384.6, 4, -11
384.7, 4, -11
384.8, 4, -11
384.9, 4, -11
385, 4, -11
385.1, 4, -11
385.2, 4, -11
385.3, 4, -11
385.4, 4, -11
385.5, 4, -11
385.6, 4, -11
385.7, 4, -11
385.8, 4, -11
385.9, 4, -11
386, 4, -11
386.1, 4, -11
386.2, 4, -11
386.3, 4, -11
386.4, 4, -11
386.5, 4, -11
386.6, 4, -11
386.7, 4, -11
386.8, 4, -11
386.9, 4, -11
387, 4, -11
387.1, 4, -11
387.2, 4, -11
387.3, 4, -11
387.4, 4, -11
387.5, 4, -11
387.6, 4, -11
387.7, 4, -11
387.8, 4, -11
387.9, 4, -11
388, 4, -11
388.1, 4, -11
388.2, 4, -11
388.3, 4, -11
388.4, 4, -11
388.5, 4, -11
388.6, 4, -11
388.7, 4, -11
388.8, 4, -11
388.9, 4, -11
389, 4, -11
389.1, 4, -11
389.2, 4, -11
389.3, 4, -11
389.4, 4, -11
389.5, 4, -11
389.6, 4, -11
389.7, 4, -11
389.8, 4, -11
389.9, 4, -11
390, 4, -11
390.1, 4, -11
390.2, 4, -11
390.3, 4, -11
390.4, 4, -11
390.5, 4, -11
390.6, 4, -11
390.7, 4, -11
390.8, 4, -11
390.9, 4, -11
391, 4, -11
391.1, 4, -11
391.2, 4, -11
391.3, 4, -11
391.4, 4, -11
391.5, 4, -12
391.6, 4, -12
391.7, 4, -12
391.8, 4, -12
391.9, 4, -12
392, 4, -12
392.1, 4, -12
392.2, 4, -12
392.3, 4, -12
392.4, 4, -12
392.5, 4, -12
392.6, 4, -12
392.7, 4, -12
392.8, 4, -12
392.9, 4, -12
393, 4, -12
393.1, 4, -12
393.2, 4, -12
393.3, 4, -12
393.4, 4, -12
393.5, 4, -12
393.6, 4, -12
393.7, 4, -12
393.8, 4, -12
393.9, 4, -12
394, 4, -12
394.1, 4, -12
394.2, 4, -12
394.3, 4, -12
394.4, 4, -12
394.5, 4, -12
394.6, 4, -12
394.7, 4, -11
394.8, 4, -11
394.9, 4, -11
395, 4, -11
395.1, 4, -10
395.2, 4, -10
395.3, 4, -10
395.4, 4, -10
395.5, 4, -10
395.6, 4, -10
395.7, 4, -10
395.8, 4, -10
395.9, 4, -10
396, 4, -10
396.1, 3, -10
396.2, 3, -10
396.3, 3, -10
396.4, 3, -10
396.5, 3, -10
396.6, 3, -10
396.7, 3, -10
396.8, 3, -10
396.9, 3, -10
397, 3, -10
397.1, 3, -10
397.2, 3, -10
397.3, 3, -10
397.4, 3, -10
397.5, 3, -10
397.6, 3, -10
397.7, 3, -10
397.8, 3, -10
397.9, 3, -10
398, 3, -10
398.1, 3, -10
398.2, 3, -10
398.3, 3, -10
398.4, 3, -10
398.5, 2, -10
398.6, 2, -10
398.7, 2, -10
398.8, 2, -10
398.9, 2, -10
399, 2, -10
399.1, 2, -10
399.2, 2, -10
399.3, 2, -10
399.4, 2, -10
399.5, 2, -10
399.6, 2, -10
399.7, 2, -10
399.8, 2, -10
399.9, 2, -10
400, 2, -10
400.1, 2, -10
400.2, 2, -10
400.3, 2, -9
400.4, 2, -9
400.5, 2, -9
400.6, 2, -9
400.7, 2, -9
400.8, 2, -9
400.9, 2, -9
401, 2, -9
401.1, 2, -9
401.2, 2, -9
401.3, 2, -9
401.4, 2, -9
401.5, 2, -9
401.6, 2, -9
401.7, 2, -9
401.8, 2, -9
401.9, 2, -9
402, 2, -9
402.1, 2, -9
402.2, 2, -9
402.3, 2, -9
402.4, 2, -9
402.5, 2, -9
402.6, 2, -9
402.7, 1, -9
402.8, 1, -9
402.9, 1, -9
403, 1, -9
403.1, 1, -9
403.2, 1, -9
403.3, 1, -9
403.4, 1, -9
403.5, 1, -9
403.6, 1, -9
403.7, 1, -9
403.8, 1, -9
403.9, 1, -9
404, 1, -9
404.1, 1, -9
404.2, 1, -9
404.3, 1, -9
404.4, 1, -9
404.5, 1, -9
404.6, 1, -9
404.7, 1, -9
404.8, 1, -9
404.9, 1, -9
405, 1, -9
405.1, 1, -9
405.2, 1, -9
405.3, 1, -9
405.4, 1, -9
405.5, 1, -9
405.6, 1, -9
405.7, 1, -9
405.8, 1, -9
405.9, 1, -9
406, 1, -9
406.1, 1, -9
406.2, 1, -9
406.3, 1, -9
406.4, 1, -9
406.5, 1, -9
406.6, 1, -9
406.7, 1, -9
406.8, 1, -9
406.9, 1, -9
407, 1, -9
407.1, 1, -9
407.2, 1, -9
407.3, 1, -9
407.4, 1, -9
407.5, 1, -9
407.6, 1, -9
407.7, 1, -9
407.8, 1, -9
407.9, 1, -9
408, 1, -9
408.1, 1, -9
408.2, 1, -9
408.3, 1, -9
408.4, 1, -9
408.5, 1, -9
408.6, 1, -9
408.7, 1, -9
408.8, 1, -9
408.9, 1, -9
409, 1, -9
409.1, 1, -9
409.2, 1, -9
409.3, 1, -9
409.4, 1, -9
409.5, 1, -9
409.6, 1, -9
409.7, 1, -9
409.8, 1, -9
409.9, 1, -9
410, 1, -9
410.1, 1, -9
410.2, 1, -9
410.3, 0, -9
410.4, 0, -9
410.5, 0, -9
410.6, 0, -9
410.7, 0, -9
410.8, 0, -9
410.9, 0, -8
411, 0, -8
411.1, 0, -8
411.2, 0, -8
411.3, 0, -8
411.4, 0, -8
411.5, 0, -8
411.6, 0, -8
411.7, 0, -8
411.8, 0, -8
411.9, 0, -8
412, 0, -8
412.1, 0, -8
412.2, 0, -8
412.3, 0, -8
412.4, 0, -8
412.5, 0, -8
412.6, 0, -8
412.7, 0, -8
412.8, 0, -8
412.9, 0, -8
413, 0, -8
413.1, 0, -8
413.2, 0, -8
413.3, 0, -8
413.4, 0, -8
413.5, 0, -8
413.6, 0, -8
413.7, 0, -8
413.8, 0, -8
413.9, 0, -8
414, 0, -8
414.1, 0, -8
414.2, 0, -8
414.3, 0, -8
414.4, 0, -8
414.5, 0, -8
414.6, 0, -8
414.7, 0, -8
414.8, 0, -8
414.9, 0, -8
415, 0, -8
415.1, 0, -8
415.2, 0, -8
415.3, 0, -8
415.4, 0, -8
415.5, 0, -8
415.6, 0, -8
415.7, 1, -8
415.8, 1, -8
415.9, 1, -8
416, 1, -8
416.1, 1, -8
416.2, 1, -8
416.3, 1, -8
416.4, 1, -8
416.5, 1, -8
416.6, 1, -8
416.7, 1, -8
416.8, 1, -8
416.9, 1, -8
417, 1, -8
417.1, 1, -8
417.2, 1, -8
417.3, 1, -8
417.4, 1, -8
417.5, 1, -8
417.6, 1, -8
417.7, 1, -8
417.8, 1, -8
417.9, 1, -8
418, 1, -8
418.1, 1, -8
418.2, 1, -8
418.3, 1, -8
418.4, 1, -8
418.5, 1, -8
418.6, 1, -8
418.7, 1, -8
418.8, 1, -8
418.9, 1, -8
419, 1, -8
419.1, 1, -8
419.2, 1, -8
419.3, 1, -8
419.4, 1, -8
419.5, 1, -8
419.6, 1, -8
419.7, 2, -8
419.8, 2, -8
419.9, 3, -8
420, 3, -8
420.1, 3, -8
420.2, 3, -8
420.3, 3, -8
420.4, 3, -8
420.5, 3, -8
420.6, 3, -8
420.7, 2, -8
420.8, 2, -8
420.9, 2, -8
421, 2, -8
421.1, 2, -8
421.2, 2, -8
421.3, 2, -8
421.4, 2, -8
421.5, 3, -8
421.6, 3, -8
421.7, 3, -8
421.8, 3, -8
421.9, 3, -8
422, 3, -8
422.1, 3, -8
422.2, 3, -8
422.3, 3, -8
422.4, 3, -8
422.5, 3, -8
422.6, 3, -8
422.7, 3, -8
422.8, 3, -8
422.9, 3, -8
423, 3, -8
423.1, 3, -8
423.2, 3, -8
423.3, 3, -8
423.4, 3, -8
423.5, 3, -8
423.6, 3, -8
423.7, 3, -9
423.8, 3, -9
423.9, 3, -9
424, 3, -9
424.1, 3, -9
424.2, 3, -9
424.3, 3, -9
424.4, 3, -9
424.5, 2, -9
424.6, 2, -9
424.7, 2, -9
424.8, 2, -9
424.9, 2, -9
425, 2, -9
425.1, 2, -9
425.2, 2, -9
425.3, 2, -9
425.4, 2, -9
425.5, 2, -9
425.6, 2, -9
425.7, 2, -9
425.8, 2, -9
425.9, 2, -9
426, 2, -9
426.1, 2, -9
426.2, 2, -9
426.3, 2, -9
426.4, 2, -9
426.5, 2, -9
426.6, 2, -9
426.7, 2, -9
426.8, 2, -9
426.9, 2, -9
427, 2, -9
427.1, 2, -9
427.2, 2, -9
427.3, 2, -9
427.4, 2, -9
427.5, 2, -9
427.6, 2, -9
427.7, 2, -9
427.8, 2, -9
427.9, 2, -9
428, 2, -9
428.1, 2, -9
428.2, 2, -9
428.3, 2, -9
428.4, 2, -9
428.5, 2, -9
428.6, 2, -9
428.7, 2, -9
428.8, 2, -9
428.9, 2, -9
429, 2, -9
429.1, 2, -9
429.2, 2, -9
429.3, 2, -9
429.4, 2, -9
429.5, 2, -9
429.6, 2, -9
429.7, 2, -9
429.8, 2, -9
429.9, 2, -9
430, 2, -9
430.1, 2, -9
430.2, 2, -9
430.3, 2, -9
430.4, 2, -9
430.5, 2, -9
430.6, 2, -9
430.7, 2, -9
430.8, 2, -9
430.9, 2, -9
431, 2, -9
431.1, 2, -9
431.2, 2, -9
431.3, 2, -9
431.4, 2, -9
431.5, 2, -9
431.6, 2, -9
431.7, 2, -9
431.8, 2, -9
431.9, 2, -9
432, 2, -9
432.1, 2, -9
432.2, 2, -9
432.3, 2, -9
432.4, 2, -9
432.5, 2, -9
432.6, 2, -9
432.7, 2, -9
432.8, 2, -9
432.9, 2, -9
433, 2, -9
433.1, 2, -9
433.2, 2, -9
433.3, 2, -9
433.4, 2, -9
433.5, 2, -9
433.6, 2, -9
433.7, 2, -9
433.8, 2, -9
433.9, 2, -9
434, 2, -9
434.1, 2, -9
434.2, 2, -9
434.3, 2, -9
434.4, 2, -9
434.5, 2, -9
434.6, 2, -9
434.7, 2, -9
434.8, 2, -9
434.9, 2, -10
435, 2, -10
435.1, 2, -10
435.2, 2, -10
435.3, 2, -10
435.4, 2, -10
435.5, 2, -10
435.6, 2, -10
435.7, 2, -10
435.8, 2, -10
435.9, 2, -10
436, 2, -10
436.1, 2, -10
436.2, 2, -10
436.3, 2, -10
436.4, 2, -10
436.5, 2, -10
436.6, 2, -10
436.7, 2, -10
436.8, 2, -10
436.9, 2, -10
437, 2, -10
437.1, 2, -9
437.2, 2, -9
437.3, 2, -9
437.4, 2, -9
437.5, 2, -10
437.6, 2, -10
437.7, 2, -10
437.8, 2, -10
437.9, 2, -10
438, 2, -10
438.1, 2, -10
438.2, 2, -10
438.3, 2, -10
438.4, 2, -10
438.5, 2, -10
438.6, 2, -10
438.7, 2, -10
438.8, 2, -10
438.9, 2, -10
439, 2, -10
439.1, 2, -10
439.2, 2, -10
439.3, 1, -10
439.4, 1, -10
439.5, 1, -10
439.6, 1, -10
439.7, 1, -10
439.8, 1, -10
439.9, 1, -10
440, 1, -10
440.1, 1, -10
440.2, 1, -10
440.3, 1, -10
440.4, 1, -10
440.5, 1, -10
440.6, 1, -10
440.7, 1, -10
440.8, 1, -10
440.9, 1, -10
441, 1, -10
441.1, 1, -10
441.2, 1, -10
441.3, 1, -10
441.4, 1, -10
441.5, 1, -9
441.6, 1, -9
441.7, 1, -9
441.8, 1, -9
441.9, 1, -9
442, 1, -9
442.1, 1, -9
442.2, 1, -9
442.3, 1, -9
442.4, 1, -9
442.5, 1, -9
442.6, 1, -9
442.7, 1, -9
442.8, 1, -9
442.9, 2, -9
443, 2, -9
443.1, 2, -9
443.2, 2, -9
443.3, 2, -9
443.4, 2, -9
443.5, 2, -9
443.6, 2, -9
443.7, 2, -9
443.8, 2, -9
443.9, 2, -9
444, 2, -9
444.1, 2, -9
444.2, 2, -9
444.3, 2, -9
444.4, 2, -9
444.5, 2, -9
444.6, 2, -9
444.7, 2, -9
444.8, 2, -9
444.9, 2, -9
445, 2, -9
445.1, 2, -9
445.2, 2, -9
445.3, 2, -9
445.4, 2, -9
445.5, 2, -9
445.6, 2, -9
445.7, 2, -9
445.8, 2, -9
445.9, 2, -9
446, 2, -9
446.1, 2, -9
446.2, 2, -9
446.3, 3, -9
446.4, 3, -9
446.5, 3, -9
446.6, 3, -9
446.7, 3, -9
446.8, 3, -9
446.9, 3, -9
447, 3, -9
447.1, 3, -9
447.2, 3, -9
447.3, 3, -9
447.4, 3, -9
447.5, 3, -9
447.6, 3, -9
447.7, 3, -9
447.8, 3, -9
447.9, 3, -9
448, 3, -9
448.1, 3, -9
448.2, 3, -9
448.3, 3, -9
448.4, 3, -9
448.5, 3, -9
448.6, 3, -9
448.7, 3, -9
448.8, 3, -9
448.9, 3, -9
449, 3, -9
449.1, 3, -9
449.2, 3, -9
449.3, 3, -10
449.4, 3, -10
449.5, 3, -10
449.6, 3, -10
449.7, 3, -11
449.8, 3, -11
449.9, 3, -11
450, 3, -11
450.1, 3, -10
450.2, 3, -10
450.3, 3, -10
450.4, 3, -10
450.5, 3, -10
450.6, 3, -10
450.7, 3, -10
450.8, 3, -10
450.9, 3, -10
451, 3, -10
451.1, 3, -10
451.2, 3, -10
451.3, 3, -10
451.4, 3, -10
451.5, 3, -10
451.6, 3, -10
451.7, 3, -10
451.8, 3, -10
451.9, 4, -10
452, 4, -10
452.1, 5, -10
452.2, 5, -10
452.3, 5, -10
452.4, 5, -10
452.5, 5, -10
452.6, 5, -10
452.7, 5, -10
452.8, 5, -10
452.9, 5, -10
453, 5, -10
453.1, 5, -10
453.2, 5, -10
453.3, 5, -10
453.4, 5, -10
453.5, 6, -10
453.6, 6, -10
453.7, 6, -10
453.8, 6, -10
453.9, 6, -10
454, 6, -10
454.1, 6, -9
454.2, 6, -9
454.3, 6, -9
454.4, 6, -9
454.5, 6, -9
454.6, 6, -9
454.7, 6, -9
454.8, 6, -9
454.9, 6, -9
455, 6, -9
455.1, 6, -9
455.2, 6, -9
455.3, 6, -9
455.4, 6, -9
455.5, 6, -9
455.6, 6, -9
455.7, 6, -9
455.8, 6, -9
455.9, 6, -9
456, 6, -9
456.1, 6, -9
456.2, 6, -9
456.3, 6, -9
456.4, 6, -9
456.5, 6, -9
456.6, 6, -9
456.7, 6, -9
456.8, 6, -9
456.9, 6, -9
457, 6, -9
457.1, 6, -9
457.2, 6, -9
457.3, 6, -9
457.4, 6, -9
457.5, 6, -9
457.6, 6, -9
457.7, 6, -9
457.8, 6, -9
457.9, 6, -9
458, 6, -9
458.1, 6, -9
458.2, 6, -9
458.3, 6, -9
458.4, 6, -9
458.5, 6, -9
458.6, 6, -9
458.7, 5, -9
458.8, 5, -9
458.9, 5, -9
459, 5, -9
459.1, 5, -9
459.2, 5, -9
459.3, 6, -9
459.4, 6, -9
459.5, 6, -9
459.6, 6, -9
459.7, 6, -9
459.8, 6, -9
459.9, 6, -10
460, 6, -10
460.1, 6, -10
460.2, 6, -10
460.3, 6, -10
460.4, 6, -10
460.5, 6, -10
460.6, 6, -10
460.7, 6, -10
460.8, 6, -10
460.9, 6, -10
461, 6, -10
461.1, 6, -10
461.2, 6, -10
461.3, 5, -10
461.4, 5, -10
461.5, 5, -10
461.6, 5, -10
461.7, 5, -10
461.8, 5, -10
461.9, 5, -11
462, 5, -11
462.1, 5, -11
462.2, 5, -11
462.3, 5, -11
462.4, 5, -11
462.5, 5, -11
462.6, 5, -11
462.7, 6, -11
462.8, 6, -11
462.9, 6, -11
463, 6, -11
463.1, 6, -11
463.2, 6, -11
463.3, 6, -11
463.4, 6, -11
463.5, 7, -11
463.6, 7, -11
463.7, 7, -11
463.8, 7, -11
463.9, 7, -11
464, 7, -11
464.1, 7, -11
464.2, 7, -11
464.3, 8, -11
464.4, 8, -11
464.5, 8, -12
464.6, 8, -12
464.7, 8, -12
464.8, 8, -12
464.9, 8, -12
465, 8, -12
465.1, 8, -12
465.2, 8, -12
465.3, 8, -12
465.4, 8, -12
465.5, 7, -12
465.6, 7, -12
465.7, 7, -12
465.8, 7, -12
465.9, 7, -12
466, 7, -12
466.1, 7, -12
466.2, 7, -12
466.3, 6, -12
466.4, 6, -12
466.5, 6, -12
466.6, 6, -12
466.7, 6, -12
466.8, 6, -12
466.9, 6, -12
467, 6, -12
467.1, 6, -12
467.2, 6, -12
467.3, 5, -12
467.4, 5, -12
467.5, 5, -12
467.6, 5, -12
467.7, 5, -12
467.8, 5, -12
467.9, 5, -12
468, 5, -12
468.1, 5, -12
468.2, 5, -12
468.3, 5, -12
468.4, 5, -12
468.5, 5, -12
468.6, 5, -12
468.7, 5, -12
468.8, 5, -12
468.9, 5, -12
469, 5, -12
469.1, 5, -12
469.2, 5, -12
469.3, 5, -12
469.4, 5, -12
469.5, 5, -12
469.6, 5, -12
469.7, 5, -12
469.8, 5, -12
469.9, 5, -12
470, 5, -12
470.1, 5, -12
470.2, 5, -12
470.3, 5, -12
470.4, 5, -12
470.5, 5, -12
470.6, 5, -12
470.7, 5, -12
470.8, 5, -12
470.9, 6, -12
471, 6, -12
471.1, 6, -12
471.2, 6, -12
471.3, 6, -12
471.4, 6, -12
471.5, 6, -12
471.6, 6, -12
471.7, 6, -12
471.8, 6, -12
471.9, 6, -12
472, 6, -12
472.1, 6, -12
472.2, 6, -12
472.3, 6, -12
472.4, 6, -12
472.5, 6, -12
472.6, 6, -12
472.7, 6, -12
472.8, 6, -12
472.9, 6, -12
473, 6, -12
473.1, 6, -12
473.2, 6, -12
473.3, 6, -12
473.4, 6, -12
473.5, 6, -12
473.6, 6, -12
473.7, 6, -12
473.8, 6, -12
473.9, 6, -12
474, 6, -12
474.1, 6, -12
474.2, 6, -12
474.3, 6, -12
474.4, 6, -12
474.5, 6, -12
474.6, 6, -12
474.7, 6, -12
474.8, 6, -12
474.9, 6, -13
475, 6, -13
475.1, 6, -13
475.2, 6, -13
475.3, 6, -13
475.4, 6, -13
475.5, 6, -13
475.6, 6, -13
475.7, 6, -13
475.8, 6, -13
475.9, 6, -13
476, 6, -13
476.1, 6, -13
476.2, 6, -13
476.3, 6, -13
476.4, 6, -13
476.5, 6, -13
476.6, 6, -13
476.7, 6, -13
476.8, 6, -13
476.9, 6, -13
477, 6, -13
477.1, 6, -13
477.2, 6, -13
477.3, 6, -13
477.4, 6, -13
477.5, 6, -13
477.6, 6, -13
477.7, 6, -13
477.8, 6, -13
477.9, 6, -13
478, 6, -13
478.1, 6, -13
478.2, 6, -13
478.3, 6, -13
478.4, 6, -13
478.5, 6, -13
478.6, 6, -13
478.7, 6, -13
478.8, 6, -13
478.9, 6, -13
479, 6, -13
479.1, 6, -13
479.2, 6, -13
479.3, 6, -13
479.4, 6, -13
479.5, 6, -13
479.6, 6, -13
479.7, 6, -14
479.8, 6, -14
479.9, 6, -14
480, 6, -14
480.1, 6, -14
480.2, 6, -14
480.3, 6, -14
480.4, 6, -14
480.5, 6, -14
480.6, 6, -14
480.7, 6, -13
480.8, 6, -13
480.9, 6, -13
481, 6, -13
481.1, 6, -13
481.2, 6, -13
481.3, 6, -13
481.4, 6, -13
481.5, 6, -13
481.6, 6, -13
481.7, 6, -14
481.8, 6, -14
481.9, 6, -14
482, 6, -14
482.1, 6, -14
482.2, 6, -14
482.3, 6, -14
482.4, 6, -14
482.5, 6, -14
482.6, 6, -14
482.7, 6, -14
482.8, 6, -14
482.9, 6, -14
483, 6, -14
483.1, 6, -14
483.2, 6, -14
483.3, 6, -14
483.4, 6, -14
483.5, 6, -15
483.6, 6, -15
483.7, 6, -15
483.8, 6, -15
483.9, 6, -15
484, 6, -15
484.1, 6, -15
484.2, 6, -15
484.3, 6, -15
484.4, 6, -15
484.5, 6, -15
484.6, 6, -15
484.7, 6, -15
484.8, 6, -15
484.9, 6, -15
485, 6, -15
485.1, 6, -15
485.2, 6, -15
485.3, 6, -15
485.4, 6, -15
485.5, 6, -15
485.6, 6, -15
485.7, 6, -15
485.8, 6, -15
485.9, 6, -15
486, 6, -15
486.1, 6, -15
486.2, 6, -15
486.3, 6, -15
486.4, 6, -15
486.5, 6, -15
486.6, 6, -15
486.7, 6, -15
486.8, 6, -15
486.9, 6, -15
487, 6, -15
487.1, 6, -15
487.2, 6, -15
487.3, 6, -15
487.4, 6, -15
487.5, 6, -15
487.6, 6, -15
487.7, 6, -15
487.8, 6, -15
487.9, 6, -15
488, 6, -15
488.1, 6, -15
488.2, 6, -15
488.3, 6, -15
488.4, 6, -15
488.5, 6, -15
488.6, 6, -15
488.7, 6, -15
488.8, 6, -15
488.9, 6, -15
489, 6, -15
489.1, 6, -15
489.2, 6, -15
489.3, 7, -15
489.4, 7, -15
489.5, 7, -16
489.6, 7, -16
489.7, 7, -16
489.8, 7, -16
489.9, 7, -16
490, 7, -16
490.1, 7, -16
490.2, 7, -16
490.3, 8, -16
490.4, 8, -16
490.5, 8, -16
490.6, 8, -16
490.7, 8, -17
490.8, 8, -17
490.9, 8, -17
491, 8, -17
491.1, 8, -17
491.2, 8, -17
491.3, 8, -17
491.4, 8, -17
491.5, 8, -17
491.6, 8, -17
491.7, 8, -17
491.8, 8, -17
491.9, 8, -17
492, 8, -17
492.1, 8, -17
492.2, 8, -17
492.3, 8, -18
492.4, 8, -18
492.5, 8, -18
492.6, 8, -18
492.7, 8, -18
492.8, 8, -18
492.9, 8, -18
493, 8, -18
493.1, 8, -18
493.2, 8, -18
493.3, 8, -18
493.4, 8, -18
493.5, 8, -18
493.6, 8, -18
493.7, 8, -18
493.8, 8, -18
493.9, 8, -18
494, 8, -18
494.1, 7, -18
494.2, 7, -18
494.3, 7, -19
494.4, 7, -19
494.5, 7, -19
494.6, 7, -19
494.7, 7, -19
494.8, 7, -19
494.9, 7, -19
495, 7, -19
495.1, 7, -19
495.2, 7, -19
495.3, 7, -19
495.4, 7, -19
495.5, 7, -19
495.6, 7, -19
495.7, 7, -19
495.8, 7, -19
495.9, 7, -19
496, 7, -19
496.1, 7, -19
496.2, 7, -19
496.3, 7, -19
496.4, 7, -19
496.5, 7, -20
496.6, 7, -20
496.7, 7, -20
496.8, 7, -20
496.9, 7, -20
497, 7, -20
497.1, 7, -20
497.2, 7, -20
497.3, 6, -20
497.4, 6, -20
497.5, 6, -20
497.6, 6, -20
497.7, 6, -20
497.8, 6, -20
497.9, 6, -21
498, 6, -21
498.1, 6, -21
498.2, 6, -21
498.3, 6, -21
498.4, 6, -21
498.5, 6, -21
498.6, 6, -21
498.7, 6, -21
498.8, 6, -21
498.9, 6, -21
499, 6, -21
499.1, 6, -21
499.2, 6, -21
499.3, 6, -21
499.4, 6, -21
499.5, 6, -21
499.6, 6, -21
499.7, 6, -21
499.8, 6, -21
499.9, 6, -21
500, 6, -21
500.1, 6, -21
500.2, 6, -21
500.3, 5, -21
500.4, 5, -21
500.5, 5, -21
500.6, 5, -21
500.7, 5, -21
500.8, 5, -21
500.9, 5, -21
501, 5, -21
501.1, 5, -21
501.2, 5, -21
501.3, 5, -21
501.4, 5, -21
501.5, 5, -21
501.6, 5, -21
501.7, 5, -21
501.8, 5, -21
501.9, 5, -21
502, 5, -21
502.1, 5, -21
502.2, 5, -21
502.3, 5, -21
502.4, 5, -21
502.5, 5, -21
502.6, 5, -21
502.7, 5, -21
502.8, 5, -21
502.9, 5, -21
503, 5, -21
503.1, 5, -21
503.2, 5, -21
503.3, 5, -21
503.4, 5, -21
503.5, 5, -21
503.6, 5, -21
503.7, 5, -21
503.8, 5, -21
503.9, 5, -21
504, 5, -21
504.1, 5, -21
504.2, 5, -21
504.3, 5, -21
504.4, 5, -21
504.5, 5, -21
504.6, 5, -21
504.7, 5, -21
504.8, 5, -21
504.9, 5, -21
505, 5, -21
505.1, 5, -21
505.2, 5, -21
505.3, 5, -21
505.4, 5, -21
505.5, 5, -21
505.6, 5, -21
505.7, 6, -21
505.8, 6, -21
505.9, 6, -21
506, 6, -21
506.1, 6, -21
506.2, 6, -21
506.3, 7, -21
506.4, 7, -21
506.5, 6, -21
506.6, 6, -21
506.7, 6, -21
506.8, 6, -21
506.9, 6, -21
507, 6, -21
507.1, 6, -21
507.2, 6, -21
507.3, 6, -21
507.4, 6, -21
507.5, 6, -21
507.6, 6, -21
507.7, 6, -21
507.8, 6, -21
507.9, 6, -21
508, 6, -21
508.1, 6, -21
508.2, 6, -21
508.3, 6, -21
508.4, 6, -21
508.5, 6, -21
508.6, 6, -21
508.7, 6, -21
508.8, 6, -21
508.9, 6, -21
509, 6, -21
509.1, 6, -21
509.2, 6, -21
509.3, 6, -22
509.4, 6, -22
509.5, 6, -23
509.6, 6, -23
509.7, 6, -23
509.8, 6, -23
509.9, 6, -23
510, 6, -23
510.1, 6, -23
510.2, 6, -23
510.3, 6, -23
510.4, 6, -23
510.5, 6, -23
510.6, 6, -23
510.7, 6, -23
510.8, 6, -23
510.9, 6, -23
511, 6, -23
511.1, 6, -23
511.2, 6, -23
511.3, 6, -23
511.4, 6, -23
511.5, 6, -23
511.6, 6, -23
511.7, 6, -23
511.8, 6, -23
511.9, 6, -23
512, 6, -23
512.1, 5, -23
512.2, 5, -23
512.3, 5, -23
512.4, 5, -23
512.5, 5, -23
512.6, 5, -23
512.7, 5, -23
512.8, 5, -23
512.9, 5, -23
513, 5, -23
513.1, 5, -23
513.2, 5, -23
513.3, 5, -23
513.4, 5, -23
513.5, 6, -23
513.6, 6, -23
513.7, 6, -23
513.8, 6, -23
513.9, 6, -23
514, 6, -23
514.1, 6, -23
514.2, 6, -23
514.3, 6, -23
514.4, 6, -23
514.5, 6, -23
514.6, 6, -23
514.7, 6, -23
514.8, 6, -23
514.9, 6, -23
515, 6, -23
515.1, 6, -23
515.2, 6, -23
515.3, 6, -23
515.4, 6, -23
515.5, 6, -23
515.6, 6, -23
515.7, 6, -23
515.8, 6, -23
515.9, 6, -23
516, 6, -23
516.1, 6, -23
516.2, 6, -23
516.3, 6, -23
516.4, 6, -23
516.5, 6, -23
516.6, 6, -23
516.7, 6, -23
516.8, 6, -23
516.9, 6, -23
517, 6, -23
517.1, 6, -23
517.2, 6, -23
517.3, 6, -23
517.4, 6, -23
517.5, 6, -23
517.6, 6, -23
517.7, 6, -23
517.8, 6, -23
517.9, 6, -23
518, 6, -23
518.1, 6, -23
518.2, 6, -23
518.3, 6, -23
518.4, 6, -23
518.5, 6, -23
518.6, 6, -23
518.7, 6, -23
518.8, 6, -23
518.9, 6, -23
519, 6, -23
519.1, 6, -23
519.2, 6, -23
519.3, 6, -23
519.4, 6, -23
519.5, 6, -23
519.6, 6, -23
519.7, 6, -23
519.8, 6, -23
519.9, 6, -23
520, 6, -23
520.1, 6, -23
520.2, 6, -23
520.3, 6, -23
520.4, 6, -23
520.5, 6, -23
520.6, 6, -23
520.7, 6, -23
520.8, 6, -23
520.9, 6, -23
521, 6, -23
521.1, 6, -23
521.2, 6, -23
521.3, 6, -23
521.4, 6, -23
521.5, 6, -23
521.6, 6, -23
521.7, 6, -23
521.8, 6, -23
521.9, 6, -23
522, 6, -23
522.1, 6, -23
522.2, 6, -23
522.3, 6, -23
522.4, 6, -23
522.5, 6, -23
522.6, 6, -23
522.7, 6, -22
522.8, 6, -22
522.9, 6, -22
523, 6, -22
523.1, 6, -21
523.2, 6, -21
523.3, 6, -21
523.4, 6, -21
523.5, 6, -21
523.6, 6, -21
523.7, 5, -21
523.8, 5, -21
523.9, 5, -21
524, 5, -21
524.1, 5, -21
524.2, 5, -21
524.3, 5, -21
524.4, 5, -21
524.5, 5, -21
524.6, 5, -21
524.7, 5, -21
524.8, 5, -21
524.9, 5, -22
525, 5, -22
525.1, 5, -22
525.2, 5, -22
525.3, 5, -22
525.4, 5, -22
525.5, 5, -21
525.6, 5, -21
525.7, 5, -21
525.8, 5, -21
525.9, 5, -21
526, 5, -21
526.1, 5, -21
526.2, 5, -21
526.3, 5, -21
526.4, 5, -21
526.5, 5, -21
526.6, 5, -21
526.7, 5, -21
526.8, 5, -21
526.9, 6, -21
527, 6, -21
527.1, 6, -21
527.2, 6, -21
527.3, 6, -21
527.4, 6, -21
527.5, 6, -21
527.6, 6, -21
527.7, 6, -21
527.8, 6, -21
527.9, 6, -21
528, 6, -21
528.1, 6, -20
528.2, 6, -20
528.3, 6, -20
528.4, 6, -20
528.5, 6, -20
528.6, 6, -20
528.7, 6, -20
528.8, 6, -20
528.9, 6, -20
529, 6, -20
529.1, 6, -20
529.2, 6, -20
529.3, 6, -20
529.4, 6, -20
529.5, 6, -20
529.6, 6, -20
529.7, 6, -20
529.8, 6, -20
529.9, 6, -20
530, 6, -20
530.1, 6, -20
530.2, 6, -20
530.3, 6, -20
530.4, 6, -20
530.5, 6, -20
530.6, 6, -20
530.7, 6, -20
530.8, 6, -20
530.9, 6, -20
531, 6, -20
531.1, 6, -20
531.2, 6, -20
531.3, 6, -20
531.4, 6, -20
531.5, 6, -20
531.6, 6, -20
531.7, 5, -20
531.8, 5, -20
531.9, 5, -20
532, 5, -20
532.1, 5, -20
532.2, 5, -20
532.3, 5, -21
532.4, 5, -21
532.5, 5, -21
532.6, 5, -21
532.7, 5, -21
532.8, 5, -21
532.9, 5, -21
533, 5, -21
533.1, 5, -21
533.2, 5, -21
533.3, 5, -21
533.4, 5, -21
533.5, 5, -21
533.6, 5, -21
533.7, 5, -21
533.8, 5, -21
533.9, 5, -21
534, 5, -21
534.1, 5, -21
534.2, 5, -21
534.3, 5, -21
534.4, 5, -21
534.5, 5, -21
534.6, 5, -21
534.7, 5, -21
534.8, 5, -21
534.9, 5, -21
535, 5, -21
535.1, 5, -21
535.2, 5, -21
535.3, 6, -21
535.4, 6, -21
535.5, 6, -21
535.6, 6, -21
535.7, 6, -21
535.8, 6, -21
535.9, 6, -21
536, 6, -21
536.1, 6, -21
536.2, 6, -21
536.3, 6, -21
536.4, 6, -21
536.5, 7, -21
536.6, 7, -21
536.7, 7, -21
536.8, 7, -21
536.9, 7, -21
537, 7, -21
537.1, 7, -21
537.2, 7, -21
537.3, 7, -21
537.4, 7, -21
537.5, 7, -21
537.6, 7, -21
537.7, 7, -21
537.8, 7, -21
537.9, 7, -21
538, 7, -21
538.1, 7, -21
538.2, 7, -21
538.3, 7, -21
538.4, 7, -21
538.5, 7, -21
538.6, 7, -21
538.7, 7, -21
538.8, 7, -21
538.9, 7, -21
539, 7, -21
539.1, 7, -20
539.2, 7, -20
539.3, 7, -20
539.4, 7, -20
539.5, 7, -20
539.6, 7, -20
539.7, 7, -20
539.8, 7, -20
539.9, 7, -20
540, 7, -20
540.1, 7, -19
540.2, 7, -19
540.3, 7, -19
540.4, 7, -19
540.5, 7, -19
540.6, 7, -19
540.7, 7, -19
540.8, 7, -19
540.9, 7, -19
541, 7, -19
541.1, 7, -19
541.2, 7, -19
541.3, 7, -18
541.4, 7, -18
541.5, 7, -18
541.6, 7, -18
541.7, 7, -18
541.8, 7, -18
541.9, 7, -18
542, 7, -18
542.1, 7, -18
542.2, 7, -18
542.3, 7, -18
542.4, 7, -18
542.5, 7, -18
542.6, 7, -18
542.7, 7, -18
542.8, 7, -18
542.9, 7, -18
543, 7, -18
543.1, 7, -18
543.2, 7, -18
543.3, 7, -18
543.4, 7, -18
543.5, 7, -18
543.6, 7, -18
543.7, 7, -18
543.8, 7, -18
543.9, 7, -18
544, 7, -18
544.1, 7, -18
544.2, 7, -18
544.3, 6, -18
544.4, 6, -18
544.5, 6, -18
544.6, 6, -18
544.7, 6, -18
544.8, 6, -18
544.9, 6, -18
545, 6, -18
545.1, 6, -18
545.2, 6, -18
545.3, 6, -18
545.4, 6, -18
545.5, 6, -18
545.6, 6, -18
545.7, 6, -18
545.8, 6, -18
545.9, 6, -18
546, 6, -18
546.1, 6, -18
546.2, 6, -18
546.3, 6, -18
546.4, 6, -18
546.5, 7, -18
546.6, 7, -18
546.7, 8, -18
546.8, 8, -18
546.9, 8, -18
547, 8, -18
547.1, 8, -18
547.2, 8, -18
547.3, 8, -18
547.4, 8, -18
547.5, 8, -18
547.6, 8, -18
547.7, 8, -18
547.8, 8, -18
547.9, 8, -18
548, 8, -18
548.1, 8, -18
548.2, 8, -18
548.3, 8, -18
548.4, 8, -18
548.5, 8, -18
548.6, 8, -18
548.7, 8, -17
548.8, 8, -17
548.9, 8, -17
549, 8, -17
549.1, 8, -17
549.2, 8, -17
549.3, 8, -17
549.4, 8, -17
549.5, 8, -17
549.6, 8, -17
549.7, 8, -17
549.8, 8, -17
549.9, 8, -17
550, 8, -17
550.1, 8, -17
550.2, 8, -17
550.3, 8, -17
550.4, 8, -17
550.5, 8, -17
550.6, 8, -17
550.7, 8, -17
550.8, 8, -17
550.9, 8, -17
551, 8, -17
551.1, 8, -17
551.2, 8, -17
551.3, 8, -17
551.4, 8, -17
551.5, 8, -17
551.6, 8, -17
551.7, 8, -17
551.8, 8, -17
551.9, 8, -17
552, 8, -17
552.1, 8, -17
552.2, 8, -17
552.3, 8, -17
552.4, 8, -17
552.5, 8, -18
552.6, 8, -18
552.7, 8, -17
552.8, 8, -17
552.9, 8, -17
553, 8, -17
553.1, 8, -17
553.2, 8, -17
553.3, 8, -18
553.4, 8, -18
553.5, 8, -18
553.6, 8, -18
553.7, 8, -18
553.8, 8, -18
553.9, 8, -18
554, 8, -18
554.1, 8, -18
554.2, 8, -18
554.3, 8, -18
554.4, 8, -18
554.5, 8, -18
554.6, 8, -18
554.7, 7, -18
554.8, 7, -18
554.9, 7, -18
555, 7, -18
555.1, 7, -18
555.2, 7, -18
555.3, 7, -18
555.4, 7, -18
555.5, 7, -18
555.6, 7, -18
555.7, 7, -18
555.8, 7, -18
555.9, 7, -18
556, 7, -18
556.1, 8, -18
556.2, 8, -18
556.3, 8, -18
556.4, 8, -18
556.5, 8, -18
556.6, 8, -18
556.7, 8, -19
556.8, 8, -19
556.9, 8, -19
557, 8, -19
557.1, 8, -19
557.2, 8, -19
557.3, 8, -19
557.4, 8, -19
557.5, 8, -19
557.6, 8, -19
557.7, 8, -19
557.8, 8, -19
557.9, 8, -19
558, 8, -19
558.1, 8, -19
558.2, 8, -19
558.3, 8, -19
558.4, 8, -19
558.5, 8, -19
558.6, 8, -19
558.7, 8, -19
558.8, 8, -19
558.9, 8, -19
559, 8, -19
559.1, 8, -19
559.2, 8, -19
559.3, 8, -19
559.4, 8, -19
559.5, 8, -19
559.6, 8, -19
559.7, 8, -19
559.8, 8, -19
559.9, 8, -19
560, 8, -19
560.1, 8, -19
560.2, 8, -19
560.3, 8, -19
560.4, 8, -19
560.5, 8, -19
560.6, 8, -19
560.7, 8, -18
560.8, 8, -18
560.9, 8, -18
561, 8, -18
561.1, 8, -18
561.2, 8, -18
561.3, 8, -18
561.4, 8, -18
561.5, 8, -18
561.6, 8, -18
561.7, 8, -18
561.8, 8, -18
561.9, 8, -18
562, 8, -18
562.1, 8, -18
562.2, 8, -18
562.3, 7, -18
562.4, 7, -18
562.5, 7, -18
562.6, 7, -18
562.7, 7, -18
562.8, 7, -18
562.9, 7, -18
563, 7, -18
563.1, 7, -18
563.2, 7, -18
563.3, 7, -18
563.4, 7, -18
563.5, 7, -18
563.6, 7, -18
563.7, 7, -18
563.8, 7, -18
563.9, 7, -18
564, 7, -18
564.1, 7, -18
564.2, 7, -18
564.3, 7, -18
564.4, 7, -18
564.5, 7, -18
564.6, 7, -18
564.7, 7, -18
564.8, 7, -18
564.9, 7, -18
565, 7, -18
565.1, 7, -18
565.2, 7, -18
565.3, 7, -18
565.4, 7, -18
565.5, 7, -18
565.6, 7, -18
565.7, 7, -18
565.8, 7, -18
565.9, 7, -18
566, 7, -18
566.1, 7, -18
566.2, 7, -18
566.3, 8, -18
566.4, 8, -18
566.5, 8, -18
566.6, 8, -18
566.7, 8, -18
566.8, 8, -18
566.9, 8, -18
567, 8, -18
567.1, 8, -18
567.2, 8, -18
567.3, 8, -18
567.4, 8, -18
567.5, 7, -18
567.6, 7, -18
567.7, 7, -18
567.8, 7, -18
567.9, 6, -18
568, 6, -18
568.1, 6, -18
568.2, 6, -18
568.3, 6, -18
568.4, 6, -18
568.5, 6, -18
568.6, 6, -18
568.7, 6, -18
568.8, 6, -18
568.9, 6, -18
569, 6, -18
569.1, 6, -18
569.2, 6, -18
569.3, 6, -18
569.4, 6, -18
569.5, 6, -17
569.6, 6, -17
569.7, 6, -17
569.8, 6, -17
569.9, 6, -17
570, 6, -17
570.1, 6, -17
570.2, 6, -17
570.3, 6, -17
570.4, 6, -17
570.5, 6, -18
570.6, 6, -18
570.7, 6, -18
570.8, 6, -18
570.9, 6, -18
571, 6, -18
571.1, 6, -18
571.2, 6, -18
571.3, 6, -18
571.4, 6, -18
571.5, 6, -18
571.6, 6, -18
571.7, 6, -18
571.8, 6, -18
571.9, 6, -19
572, 6, -19
572.1, 6, -19
572.2, 6, -19
572.3, 6, -19
572.4, 6, -19
572.5, 6, -19
572.6, 6, -19
572.7, 6, -19
572.8, 6, -19
572.9, 6, -19
573, 6, -19
573.1, 6, -19
573.2, 6, -19
573.3, 6, -19
573.4, 6, -19
573.5, 6, -19
573.6, 6, -19
573.7, 6, -19
573.8, 6, -19
573.9, 6, -19
574, 6, -19
574.1, 6, -19
574.2, 6, -19
574.3, 6, -19
574.4, 6, -19
574.5, 7, -19
574.6, 7, -19
574.7, 7, -19
574.8, 7, -19
574.9, 7, -19
575, 7, -19
575.1, 7, -19
575.2, 7, -19
575.3, 7, -19
575.4, 7, -19
575.5, 7, -19
575.6, 7, -19
575.7, 7, -19
575.8, 7, -19
575.9, 7, -19
576, 7, -19
576.1, 7, -19
576.2, 7, -19
576.3, 7, -19
576.4, 7, -19
576.5, 7, -19
576.6, 7, -19
576.7, 7, -19
576.8, 7, -19
576.9, 7, -19
577, 7, -19
577.1, 7, -19
577.2, 7, -19
577.3, 7, -19
577.4, 7, -19
577.5, 7, -19
577.6, 7, -19
577.7, 7, -20
577.8, 7, -20
577.9, 7, -20
578, 7, -20
578.1, 7, -21
578.2, 7, -21
578.3, 7, -21
578.4, 7, -21
578.5, 7, -21
578.6, 7, -21
578.7, 7, -21
578.8, 7, -21
578.9, 7, -21
579, 7, -21
579.1, 7, -21
579.2, 7, -21
579.3, 7, -21
579.4, 7, -21
579.5, 7, -21
579.6, 7, -21
579.7, 7, -21
579.8, 7, -21
579.9, 7, -20
580, 7, -20
580.1, 7, -20
580.2, 7, -20
580.3, 7, -20
580.4, 7, -20
580.5, 7, -20
580.6, 7, -20
580.7, 7, -20
580.8, 7, -20
580.9, 7, -20
581, 7, -20
581.1, 7, -20
581.2, 7, -20
581.3, 7, -20
581.4, 7, -20
581.5, 7, -20
581.6, 7, -20
581.7, 7, -20
581.8, 7, -20
581.9, 7, -20
582, 7, -20
582.1, 7, -20
582.2, 7, -20
582.3, 7, -20
582.4, 7, -20
582.5, 7, -20
582.6, 7, -20
582.7, 7, -20
582.8, 7, -20
582.9, 7, -21
583, 7, -21
583.1, 7, -21
583.2, 7, -21
583.3, 7, -21
583.4, 7, -21
583.5, 7, -21
583.6, 7, -21
583.7, 7, -21
583.8, 7, -21
583.9, 7, -21
584, 7, -21
584.1, 7, -21
584.2, 7, -21
584.3, 7, -21
584.4, 7, -21
584.5, 7, -21
584.6, 7, -21
584.7, 7, -21
584.8, 7, -21
584.9, 7, -21
585, 7, -21
585.1, 7, -21
585.2, 7, -21
585.3, 7, -21
585.4, 7, -21
585.5, 7, -21
585.6, 7, -21
585.7, 7, -21
585.8, 7, -21
585.9, 7, -21
586, 7, -21
586.1, 7, -21
586.2, 7, -21
586.3, 7, -21
586.4, 7, -21
586.5, 7, -21
586.6, 7, -21
586.7, 7, -21
586.8, 7, -21
586.9, 7, -21
587, 7, -21
587.1, 7, -21
587.2, 7, -21
587.3, 7, -20
587.4, 7, -20
587.5, 7, -20
587.6, 7, -20
587.7, 7, -20
587.8, 7, -20
587.9, 7, -20
588, 7, -20
588.1, 7, -19
588.2, 7, -19
588.3, 7, -19
588.4, 7, -19
588.5, 7, -19
588.6, 7, -19
588.7, 7, -19
588.8, 7, -19
588.9, 7, -19
589, 7, -19
589.1, 7, -19
589.2, 7, -19
589.3, 7, -19
589.4, 7, -19
589.5, 7, -19
589.6, 7, -19
589.7, 7, -19
589.8, 7, -19
589.9, 7, -19
590, 7, -19
590.1, 7, -19
590.2, 7, -19
590.3, 7, -19
590.4, 7, -19
590.5, 7, -19
590.6, 7, -19
590.7, 7, -19
590.8, 7, -19
590.9, 7, -19
591, 7, -19
591.1, 8, -19
591.2, 8, -19
591.3, 8, -19
591.4, 8, -19
591.5, 7, -19
591.6, 7, -19
591.7, 7, -19
591.8, 7, -19
591.9, 7, -19
592, 7, -19
592.1, 7, -19
592.2, 7, -19
592.3, 6, -19
592.4, 6, -19
592.5, 6, -19
592.6, 6, -19
592.7, 6, -19
592.8, 6, -19
592.9, 6, -18
593, 6, -18
593.1, 6, -18
593.2, 6, -18
593.3, 6, -18
593.4, 6, -18
593.5, 6, -18
593.6, 6, -18
593.7, 6, -18
593.8, 6, -18
593.9, 6, -18
594, 6, -18
594.1, 6, -18
594.2, 6, -18
594.3, 6, -18
594.4, 6, -18
594.5, 6, -18
594.6, 6, -18
594.7, 6, -18
594.8, 6, -18
594.9, 6, -18
595, 6, -18
595.1, 6, -18
595.2, 6, -18
595.3, 6, -18
595.4, 6, -18
595.5, 7, -18
595.6, 7, -18
595.7, 7, -18
595.8, 7, -18
595.9, 8, -18
596, 8, -18
596.1, 8, -17
596.2, 8, -17
596.3, 8, -17
596.4, 8, -17
596.5, 8, -17
596.6, 8, -17
596.7, 8, -17
596.8, 8, -17
596.9, 8, -17
597, 8, -17
597.1, 8, -17
597.2, 8, -17
597.3, 8, -17
597.4, 8, -17
597.5, 7, -17
597.6, 7, -17
597.7, 7, -17
597.8, 7, -17
597.9, 7, -17
598, 7, -17
598.1, 7, -17
598.2, 7, -17
598.3, 7, -17
598.4, 7, -17
598.5, 7, -17
598.6, 7, -17
598.7, 7, -17
598.8, 7, -17
598.9, 7, -17
599, 7, -17
599.1, 7, -17
599.2, 7, -17
599.3, 7, -17
599.4, 7, -17
599.5, 7, -17
599.6, 7, -17
599.7, 7, -18
599.8, 7, -18
599.9, 7, -18
600, 7, -18
600.1, 7, -18
600.2, 7, -18
600.3, 7, -18
600.4, 7, -18
600.5, 7, -18
600.6, 7, -18
600.7, 7, -18
600.8, 7, -18
600.9, 7, -18
601, 7, -18
601.1, 7, -18
601.2, 7, -18
601.3, 7, -18
601.4, 7, -18
601.5, 8, -18
601.6, 8, -18
601.7, 8, -18
601.8, 8, -18
601.9, 8, -18
602, 8, -18
602.1, 8, -18
602.2, 8, -18
602.3, 8, -18
602.4, 8, -18
602.5, 8, -18
602.6, 8, -18
602.7, 8, -18
602.8, 8, -18
602.9, 7, -18
603, 7, -18
603.1, 7, -18
603.2, 7, -18
603.3, 7, -18
603.4, 7, -18
603.5, 7, -18
603.6, 7, -18
603.7, 7, -18
603.8, 7, -18
603.9, 7, -18
604, 7, -18
604.1, 7, -18
604.2, 7, -18
604.3, 7, -18
604.4, 7, -18
604.5, 7, -18
604.6, 7, -18
604.7, 7, -18
604.8, 7, -18
604.9, 7, -18
605, 7, -18
605.1, 7, -18
605.2, 7, -18
605.3, 7, -19
605.4, 7, -19
605.5, 6, -19
605.6, 6, -19
605.7, 6, -19
605.8, 6, -19
605.9, 6, -19
606, 6, -19
606.1, 6, -19
606.2, 6, -19
606.3, 6, -19
606.4, 6, -19
606.5, 6, -19
606.6, 6, -19
606.7, 6, -19
606.8, 6, -19
606.9, 6, -19
607, 6, -19
607.1, 6, -19
607.2, 6, -19
607.3, 6, -18
607.4, 6, -18
607.5, 6, -18
607.6, 6, -18
607.7, 6, -18
607.8, 6, -18
607.9, 6, -18
608, 6, -18
608.1, 6, -18
608.2, 6, -18
608.3, 6, -18
608.4, 6, -18
608.5, 6, -19
608.6, 6, -19
608.7, 6, -19
608.8, 6, -19
608.9, 6, -19
609, 6, -19
609.1, 6, -19
609.2, 6, -19
609.3, 6, -19
609.4, 6, -19
609.5, 6, -19
609.6, 6, -19
609.7, 6, -19
609.8, 6, -19
609.9, 6, -19
610, 6, -19
610.1, 6, -19
610.2, 6, -19
610.3, 6, -19
610.4, 6, -19
610.5, 6, -19
610.6, 6, -19
610.7, 6, -19
610.8, 6, -19
610.9, 6, -19
611, 6, -19
611.1, 6, -19
611.2, 6, -19
611.3, 6, -19
611.4, 6, -19
611.5, 6, -19
611.6, 6, -19
611.7, 6, -19
611.8, 6, -19
611.9, 6, -19
612, 6, -19
612.1, 6, -19
612.2, 6, -19
612.3, 6, -18
612.4, 6, -18
612.5, 6, -18
612.6, 6, -18
612.7, 6, -18
612.8, 6, -18
612.9, 6, -18
613, 6, -18
613.1, 5, -18
613.2, 5, -18
613.3, 5, -18
613.4, 5, -18
613.5, 5, -18
613.6, 5, -18
613.7, 5, -18
613.8, 5, -18
613.9, 5, -18
614, 5, -18
614.1, 5, -18
614.2, 5, -18
614.3, 5, -18
614.4, 5, -18
614.5, 5, -18
614.6, 5, -18
614.7, 5, -18
614.8, 5, -18
614.9, 5, -18
615, 5, -18
615.1, 5, -18
615.2, 5, -18
615.3, 5, -18
615.4, 5, -18
615.5, 5, -18
615.6, 5, -18
615.7, 5, -18
615.8, 5, -18
615.9, 5, -17
616, 5, -17
616.1, 5, -17
616.2, 5, -17
616.3, 5, -17
616.4, 5, -17
616.5, 5, -17
616.6, 5, -17
616.7, 5, -17
616.8, 5, -17
616.9, 5, -17
617, 5, -17
617.1, 5, -17
617.2, 5, -17
617.3, 5, -17
617.4, 5, -17
617.5, 5, -17
617.6, 5, -17
617.7, 6, -17
617.8, 6, -17
617.9, 6, -17
618, 6, -17
618.1, 6, -17
618.2, 6, -17
618.3, 6, -17
618.4, 6, -17
618.5, 6, -17
618.6, 6, -17
618.7, 6, -17
618.8, 6, -17
618.9, 6, -17
619, 6, -17
619.1, 6, -17
619.2, 6, -17
619.3, 6, -17
619.4, 6, -17
619.5, 6, -18
619.6, 6, -18
619.7, 6, -18
619.8, 6, -18
619.9, 6, -18
620, 6, -18
620.1, 6, -18
620.2, 6, -18
620.3, 6, -18
620.4, 6, -18
620.5, 6, -17
620.6, 6, -17
620.7, 6, -17
620.8, 6, -17
620.9, 6, -17
621, 6, -17
621.1, 6, -17
621.2, 6, -17
621.3, 6, -17
621.4, 6, -17
621.5, 6, -17
621.6, 6, -17
621.7, 6, -17
621.8, 6, -17
621.9, 6, -17
622, 6, -17
622.1, 6, -17
622.2, 6, -17
622.3, 6, -17
622.4, 6, -17
622.5, 6, -17
622.6, 6, -17
622.7, 6, -17
622.8, 6, -17
622.9, 6, -17
623, 6, -17
623.1, 6, -17
623.2, 6, -17
623.3, 5, -17
623.4, 5, -17
623.5, 5, -17
623.6, 5, -17
623.7, 5, -17
623.8, 5, -17
623.9, 5, -17
624, 5, -17
624.1, 5, -17
624.2, 5, -17
624.3, 5, -17
624.4, 5, -17
624.5, 5, -17
624.6, 5, -17
624.7, 5, -17
624.8, 5, -17
624.9, 4, -17
625, 4, -17
625.1, 4, -17
625.2, 4, -17
625.3, 4, -17
625.4, 4, -17
625.5, 4, -17
625.6, 4, -17
625.7, 4, -17
625.8, 4, -17
625.9, 4, -17
626, 4, -17
626.1, 4, -17
626.2, 4, -17
626.3, 4, -17
626.4, 4, -17
626.5, 4, -17
626.6, 4, -17
626.7, 4, -17
626.8, 4, -17
626.9, 4, -17
627, 4, -17
627.1, 4, -17
627.2, 4, -17
627.3, 5, -17
627.4, 5, -17
627.5, 5, -17
627.6, 5, -17
627.7, 5, -17
627.8, 5, -17
627.9, 5, -17
628, 5, -17
628.1, 5, -17
628.2, 5, -17
628.3, 5, -17
628.4, 5, -17
628.5, 5, -17
628.6, 5, -17
628.7, 5, -17
628.8, 5, -17
628.9, 5, -17
629, 5, -17
629.1, 5, -17
629.2, 5, -17
629.3, 5, -17
629.4, 5, -17
629.5, 5, -17
629.6, 5, -17
629.7, 5, -17
629.8, 5, -17
629.9, 5, -17
630, 5, -17
630.1, 5, -17
630.2, 5, -17
630.3, 5, -17
630.4, 5, -17
630.5, 5, -17
630.6, 5, -17
630.7, 5, -17
630.8, 5, -17
630.9, 5, -17
631, 5, -17
631.1, 5, -17
631.2, 5, -17
631.3, 5, -17
631.4, 5, -17
631.5, 5, -17
631.6, 5, -17
631.7, 5, -17
631.8, 5, -17
631.9, 5, -17
632, 5, -17
632.1, 5, -17
632.2, 5, -17
632.3, 5, -17
632.4, 5, -17
632.5, 5, -17
632.6, 5, -17
632.7, 5, -17
632.8, 5, -17
632.9, 5, -17
633, 5, -17
633.1, 4, -17
633.2, 4, -17
633.3, 4, -17
633.4, 4, -17
633.5, 4, -17
633.6, 4, -17
633.7, 4, -17
633.8, 4, -17
633.9, 4, -17
634, 4, -17
634.1, 4, -17
634.2, 4, -17
634.3, 4, -17
634.4, 4, -17
634.5, 4, -17
634.6, 4, -17
634.7, 4, -17
634.8, 4, -17
634.9, 4, -17
635, 4, -17
635.1, 4, -17
635.2, 4, -17
635.3, 4, -17
635.4, 4, -17
635.5, 4, -17
635.6, 4, -17
635.7, 3, -17
635.8, 3, -17
635.9, 3, -17
636, 3, -17
636.1, 3, -17
636.2, 3, -17
636.3, 3, -17
636.4, 3, -17
636.5, 3, -17
636.6, 3, -17
636.7, 3, -17
636.8, 3, -17
636.9, 3, -17
637, 3, -17
637.1, 3, -17
637.2, 3, -17
637.3, 3, -18
637.4, 3, -18
637.5, 3, -18
637.6, 3, -18
637.7, 2, -18
637.8, 2, -18
637.9, 2, -17
638, 2, -17
638.1, 2, -17
638.2, 2, -17
638.3, 2, -17
638.4, 2, -17
638.5, 2, -17
638.6, 2, -17
638.7, 1, -17
638.8, 1, -17
638.9, 1, -17
639, 1, -17
639.1, 1, -17
639.2, 1, -17
639.3, 1, -17
639.4, 1, -17
639.5, 1, -17
639.6, 1, -17
639.7, 1, -18
639.8, 1, -18
639.9, 1, -18
640, 1, -18
640.1, 1, -18
640.2, 1, -18
640.3, 1, -19
640.4, 1, -19
640.5, 1, -19
640.6, 1, -19
640.7, 1, -19
640.8, 1, -19
640.9, 1, -19
641, 1, -19
641.1, 1, -20
641.2, 1, -20
641.3, 1, -20
641.4, 1, -20
641.5, 1, -20
641.6, 1, -20
641.7, 1, -20
641.8, 1, -20
641.9, 1, -20
642, 1, -20
642.1, 1, -20
642.2, 1, -20
642.3, 2, -20
642.4, 2, -20
642.5, 2, -20
642.6, 2, -20
642.7, 2, -20
642.8, 2, -20
642.9, 2, -20
643, 2, -20
643.1, 2, -20
643.2, 2, -20
643.3, 2, -20
643.4, 2, -20
643.5, 2, -20
643.6, 2, -20
643.7, 2, -20
643.8, 2, -20
643.9, 2, -20
644, 2, -20
644.1, 2, -20
644.2, 2, -20
644.3, 2, -20
644.4, 2, -20
644.5, 2, -20
644.6, 2, -20
644.7, 2, -20
644.8, 2, -20
644.9, 2, -20
645, 2, -20
645.1, 2, -20
645.2, 2, -20
645.3, 2, -20
645.4, 2, -20
645.5, 2, -20
645.6, 2, -20
645.7, 2, -21
645.8, 2, -21
645.9, 2, -21
646, 2, -21
646.1, 2, -21
646.2, 2, -21
646.3, 2, -21
646.4, 2, -21
646.5, 1, -21
646.6, 1, -21
646.7, 1, -21
646.8, 1, -21
646.9, 1, -21
647, 1, -21
647.1, 1, -20
647.2, 1, -20
647.3, 1, -20
647.4, 1, -20
647.5, 1, -20
647.6, 1, -20
647.7, 1, -20
647.8, 1, -20
647.9, 1, -20
648, 1, -20
648.1, 1, -21
648.2, 1, -21
648.3, 1, -21
648.4, 1, -21
648.5, 1, -21
648.6, 1, -21
648.7, 1, -21
648.8, 1, -21
648.9, 1, -21
649, 1, -21
649.1, 1, -21
649.2, 1, -21
649.3, 1, -21
649.4, 1, -21
649.5, 1, -21
649.6, 1, -21
649.7, 1, -21
649.8, 1, -21
649.9, 1, -21
650, 1, -21
650.1, 1, -21
650.2, 1, -21
650.3, 1, -21
650.4, 1, -21
650.5, 1, -21
650.6, 1, -21
650.7, 1, -21
650.8, 1, -21
650.9, 1, -21
651, 1, -21
651.1, 1, -21
651.2, 1, -21
651.3, 1, -21
651.4, 1, -21
651.5, 1, -21
651.6, 1, -21
651.7, 1, -21
651.8, 1, -21
651.9, 1, -21
652, 1, -21
652.1, 1, -21
652.2, 1, -21
652.3, 1, -22
652.4, 1, -22
652.5, 1, -22
652.6, 1, -22
652.7, 1, -21
652.8, 1, -21
652.9, 1, -21
653, 1, -21
653.1, 1, -21
653.2, 1, -21
653.3, 1, -21
653.4, 1, -21
653.5, 1, -21
653.6, 1, -21
653.7, 2, -21
653.8, 2, -21
653.9, 2, -21
654, 2, -21
654.1, 2, -21
654.2, 2, -21
654.3, 2, -21
654.4, 2, -21
654.5, 2, -21
654.6, 2, -21
654.7, 2, -21
654.8, 2, -21
654.9, 2, -21
655, 2, -21
655.1, 2, -21
655.2, 2, -21
655.3, 2, -21
655.4, 2, -21
655.5, 1, -21
655.6, 1, -21
655.7, 1, -21
655.8, 1, -21
655.9, 1, -21
656, 1, -21
656.1, 1, -21
656.2, 1, -21
656.3, 1, -21
656.4, 1, -21
656.5, 1, -21
656.6, 1, -21
656.7, 1, -21
656.8, 1, -21
656.9, 1, -21
657, 1, -21
657.1, 1, -21
657.2, 1, -21
657.3, 1, -21
657.4, 1, -21
657.5, 1, -21
657.6, 1, -21
657.7, 1, -21
657.8, 1, -21
657.9, 1, -22
658, 1, -22
658.1, 1, -22
658.2, 1, -22
658.3, 1, -22
658.4, 1, -22
658.5, 1, -22
658.6, 1, -22
658.7, 1, -22
658.8, 1, -22
658.9, 1, -22
659, 1, -22
659.1, 1, -22
659.2, 1, -22
659.3, 1, -22
659.4, 1, -22
659.5, 1, -22
659.6, 1, -22
659.7, 1, -22
659.8, 1, -22
659.9, 1, -22
660, 1, -22
660.1, 1, -22
660.2, 1, -22
660.3, 1, -22
660.4, 1, -22
660.5, 1, -22
660.6, 1, -22
660.7, 1, -22
660.8, 1, -22
660.9, 1, -22
661, 1, -22
661.1, 1, -22
661.2, 1, -22
661.3, 1, -21
661.4, 1, -21
661.5, 1, -21
661.6, 1, -21
661.7, 1, -21
661.8, 1, -21
661.9, 1, -21
662, 1, -21
662.1, 1, -21
662.2, 1, -21
662.3, 1, -21
662.4, 1, -21
662.5, 1, -21
662.6, 1, -21
662.7, 1, -21
662.8, 1, -21
662.9, 1, -20
663, 1, -20
663.1, 1, -20
663.2, 1, -20
663.3, 2, -20
663.4, 2, -20
663.5, 2, -20
663.6, 2, -20
663.7, 2, -20
663.8, 2, -20
663.9, 2, -20
664, 2, -20
664.1, 2, -20
664.2, 2, -20
664.3, 2, -20
664.4, 2, -20
664.5, 2, -20
664.6, 2, -20
664.7, 2, -20
664.8, 2, -20
664.9, 2, -20
665, 2, -20
665.1, 2, -20
665.2, 2, -20
665.3, 2, -19
665.4, 2, -19
665.5, 2, -19
665.6, 2, -19
665.7, 2, -19
665.8, 2, -19
665.9, 2, -19
666, 2, -19
666.1, 2, -19
666.2, 2, -19
666.3, 2, -19
666.4, 2, -19
666.5, 2, -19
666.6, 2, -19
666.7, 2, -19
666.8, 2, -19
666.9, 2, -19
667, 2, -19
667.1, 2, -19
667.2, 2, -19
667.3, 3, -19
667.4, 3, -19
667.5, 3, -19
667.6, 3, -19
667.7, 3, -19
667.8, 3, -19
667.9, 3, -19
668, 3, -19
668.1, 3, -19
668.2, 3, -19
668.3, 3, -19
668.4, 3, -19
668.5, 3, -19
668.6, 3, -19
668.7, 3, -19
668.8, 3, -19
668.9, 3, -19
669, 3, -19
669.1, 3, -19
669.2, 3, -19
669.3, 3, -19
669.4, 3, -19
669.5, 3, -19
669.6, 3, -19
669.7, 3, -19
669.8, 3, -19
669.9, 3, -19
670, 3, -19
670.1, 3, -19
670.2, 3, -19
670.3, 3, -20
670.4, 3, -20
670.5, 3, -20
670.6, 3, -20
670.7, 3, -20
670.8, 3, -20
670.9, 3, -20
671, 3, -20
671.1, 3, -20
671.2, 3, -20
671.3, 3, -20
671.4, 3, -20
671.5, 3, -20
671.6, 3, -20
671.7, 3, -19
671.8, 3, -19
671.9, 3, -19
672, 3, -19
672.1, 3, -19
672.2, 3, -19
672.3, 3, -19
672.4, 3, -19
672.5, 3, -19
672.6, 3, -19
672.7, 3, -19
672.8, 3, -19
672.9, 3, -19
673, 3, -19
673.1, 3, -19
673.2, 3, -19
673.3, 3, -19
673.4, 3, -19
673.5, 3, -19
673.6, 3, -19
673.7, 3, -19
673.8, 3, -19
673.9, 2, -19
674, 2, -19
674.1, 2, -19
674.2, 2, -19
674.3, 2, -19
674.4, 2, -19
674.5, 2, -19
674.6, 2, -19
674.7, 2, -19
674.8, 2, -19
674.9, 2, -19
675, 2, -19
675.1, 2, -19
675.2, 2, -19
675.3, 2, -19
675.4, 2, -19
675.5, 2, -19
675.6, 2, -19
675.7, 2, -19
675.8, 2, -19
675.9, 2, -19
676, 2, -19
676.1, 2, -20
676.2, 2, -20
676.3, 2, -20
676.4, 2, -20
676.5, 2, -20
676.6, 2, -20
676.7, 2, -20
676.8, 2, -20
676.9, 2, -20
677, 2, -20
677.1, 2, -20
677.2, 2, -20
677.3, 2, -20
677.4, 2, -20
677.5, 2, -20
677.6, 2, -20
677.7, 2, -20
677.8, 2, -20
677.9, 2, -20
678, 2, -20
678.1, 2, -20
678.2, 2, -20
678.3, 2, -20
678.4, 2, -20
678.5, 2, -20
678.6, 2, -20
678.7, 2, -20
678.8, 2, -20
678.9, 2, -20
679, 2, -20
679.1, 2, -20
679.2, 2, -20
679.3, 2, -20
679.4, 2, -20
679.5, 2, -20
679.6, 2, -20
679.7, 2, -19
679.8, 2, -19
679.9, 2, -19
680, 2, -19
680.1, 2, -19
680.2, 2, -19
680.3, 2, -19
680.4, 2, -19
680.5, 2, -19
680.6, 2, -19
680.7, 2, -19
680.8, 2, -19
680.9, 2, -19
681, 2, -19
681.1, 2, -19
681.2, 2, -19
681.3, 2, -19
681.4, 2, -19
681.5, 2, -19
681.6, 2, -19
681.7, 2, -19
681.8, 2, -19
681.9, 2, -20
682, 2, -20
682.1, 2, -20
682.2, 2, -20
682.3, 2, -20
682.4, 2, -20
682.5, 2, -20
682.6, 2, -20
682.7, 2, -19
682.8, 2, -19
682.9, 2, -19
683, 2, -19
683.1, 2, -19
683.2, 2, -19
683.3, 2, -19
683.4, 2, -19
683.5, 2, -20
683.6, 2, -20
683.7, 2, -20
683.8, 2, -20
683.9, 2, -20
684, 2, -20
684.1, 2, -20
684.2, 2, -20
684.3, 2, -20
684.4, 2, -20
684.5, 2, -20
684.6, 2, -20
684.7, 2, -20
684.8, 2, -20
684.9, 2, -20
685, 2, -20
685.1, 2, -20
685.2, 2, -20
685.3, 2, -20
685.4, 2, -20
685.5, 2, -20
685.6, 2, -20
685.7, 2, -20
685.8, 2, -20
685.9, 2, -20
686, 2, -20
686.1, 2, -20
686.2, 2, -20
686.3, 2, -20
686.4, 2, -20
686.5, 2, -20
686.6, 2, -20
686.7, 2, -20
686.8, 2, -20
686.9, 2, -20
687, 2, -20
687.1, 2, -20
687.2, 2, -20
687.3, 3, -20
687.4, 3, -20
687.5, 3, -20
687.6, 3, -20
687.7, 3, -20
687.8, 3, -20
687.9, 3, -20
688, 3, -20
688.1, 3, -20
688.2, 3, -20
688.3, 3, -19
688.4, 3, -19
688.5, 3, -19
688.6, 3, -19
688.7, 3, -19
688.8, 3, -19
688.9, 3, -19
689, 3, -19
689.1, 3, -19
689.2, 3, -19
689.3, 3, -19
689.4, 3, -19
689.5, 3, -19
689.6, 3, -19
689.7, 3, -19
689.8, 3, -19
689.9, 3, -19
690, 3, -19
690.1, 3, -19
690.2, 3, -19
690.3, 3, -19
690.4, 3, -19
690.5, 3, -19
690.6, 3, -19
690.7, 3, -19
690.8, 3, -19
690.9, 3, -19
691, 3, -19
691.1, 3, -19
691.2, 3, -19
691.3, 3, -19
691.4, 3, -19
691.5, 3, -19
691.6, 3, -19
691.7, 3, -19
691.8, 3, -19
691.9, 3, -19
692, 3, -19
692.1, 3, -19
692.2, 3, -19
692.3, 3, -19
692.4, 3, -19
692.5, 3, -19
692.6, 3, -19
692.7, 3, -19
692.8, 3, -19
692.9, 3, -19
693, 3, -19
693.1, 3, -19
693.2, 3, -19
693.3, 3, -19
693.4, 3, -19
693.5, 3, -19
693.6, 3, -19
693.7, 3, -19
693.8, 3, -19
693.9, 3, -19
694, 3, -19
694.1, 3, -19
694.2, 3, -19
694.3, 3, -19
694.4, 3, -19
694.5, 3, -19
694.6, 3, -19
694.7, 3, -19
694.8, 3, -19
694.9, 3, -19
695, 3, -19
695.1, 3, -19
695.2, 3, -19
695.3, 3, -19
695.4, 3, -19
695.5, 3, -19
695.6, 3, -19
695.7, 3, -19
695.8, 3, -19
695.9, 3, -19
696, 3, -19
696.1, 3, -19
696.2, 3, -19
696.3, 3, -19
696.4, 3, -19
696.5, 3, -19
696.6, 3, -19
696.7, 3, -19
696.8, 3, -19
696.9, 3, -19
697, 3, -19
697.1, 3, -19
697.2, 3, -19
697.3, 3, -19
697.4, 3, -19
697.5, 3, -19
697.6, 3, -19
697.7, 3, -18
697.8, 3, -18
697.9, 3, -18
698, 3, -18
698.1, 3, -18
698.2, 3, -18
698.3, 3, -18
698.4, 3, -18
698.5, 2, -18
698.6, 2, -18
698.7, 2, -18
698.8, 2, -18
698.9, 2, -19
699, 2, -19
699.1, 2, -19
699.2, 2, -19
699.3, 2, -19
699.4, 2, -19
699.5, 2, -20
699.6, 2, -20
699.7, 2, -20
699.8, 2, -20
699.9, 2, -20
700, 2, -20
700.1, 2, -20
700.2, 2, -20
700.3, 2, -20
700.4, 2, -20
700.5, 2, -20
700.6, 2, -20
700.7, 2, -20
700.8, 2, -20
700.9, 2, -20
701, 2, -20
701.1, 2, -20
701.2, 2, -20
701.3, 2, -20
701.4, 2, -20
701.5, 2, -20
701.6, 2, -20
701.7, 2, -20
701.8, 2, -20
701.9, 2, -20
702, 2, -20
702.1, 2, -20
702.2, 2, -20
702.3, 2, -20
702.4, 2, -20
702.5, 2, -20
702.6, 2, -20
702.7, 2, -21
702.8, 2, -21
702.9, 2, -21
703, 2, -21
703.1, 2, -21
703.2, 2, -21
703.3, 1, -21
703.4, 1, -21
703.5, 1, -21
703.6, 1, -21
703.7, 1, -21
703.8, 1, -21
703.9, 1, -21
704, 1, -21
704.1, 1, -21
704.2, 1, -21
704.3, 2, -21
704.4, 2, -21
704.5, 2, -21
704.6, 2, -21
704.7, 2, -21
704.8, 2, -21
704.9, 2, -21
705, 2, -21
705.1, 3, -21
705.2, 3, -21
705.3, 3, -21
705.4, 3, -21
705.5, 3, -21
705.6, 3, -21
705.7, 3, -21
705.8, 3, -21
705.9, 3, -21
706, 3, -21
706.1, 3, -21
706.2, 3, -21
706.3, 3, -21
706.4, 3, -21
706.5, 3, -21
706.6, 3, -21
706.7, 3, -21
706.8, 3, -21
706.9, 3, -21
707, 3, -21
707.1, 3, -21
707.2, 3, -21
707.3, 3, -21
707.4, 3, -21
707.5, 3, -21
707.6, 3, -21
707.7, 3, -21
707.8, 3, -21
707.9, 3, -21
708, 3, -21
708.1, 3, -21
708.2, 3, -21
708.3, 3, -21
708.4, 3, -21
708.5, 3, -21
708.6, 3, -21
708.7, 3, -21
708.8, 3, -21
708.9, 3, -21
709, 3, -21
709.1, 3, -21
709.2, 3, -21
709.3, 3, -21
709.4, 3, -21
709.5, 3, -21
709.6, 3, -21
709.7, 3, -21
709.8, 3, -21
709.9, 3, -21
710, 3, -21
710.1, 3, -21
710.2, 3, -21
710.3, 3, -21
710.4, 3, -21
710.5, 3, -21
710.6, 3, -21
710.7, 3, -21
710.8, 3, -21
710.9, 3, -21
711, 3, -21
711.1, 3, -21
711.2, 3, -21
711.3, 3, -21
711.4, 3, -21
711.5, 3, -21
711.6, 3, -21
711.7, 3, -21
711.8, 3, -21
711.9, 3, -21
712, 3, -21
712.1, 3, -21
712.2, 3, -21
712.3, 3, -21
712.4, 3, -21
712.5, 3, -21
712.6, 3, -21
712.7, 3, -22
712.8, 3, -22
712.9, 3, -22
713, 3, -22
713.1, 3, -22
713.2, 3, -22
713.3, 3, -22
713.4, 3, -22
713.5, 3, -22
713.6, 3, -22
713.7, 3, -22
713.8, 3, -22
713.9, 3, -22
714, 3, -22
714.1, 3, -22
714.2, 3, -22
714.3, 3, -22
714.4, 3, -22
714.5, 3, -22
714.6, 3, -22
714.7, 3, -22
714.8, 3, -22
714.9, 3, -22
715, 3, -22
715.1, 3, -22
715.2, 3, -22
715.3, 3, -21
715.4, 3, -21
715.5, 3, -21
715.6, 3, -21
715.7, 3, -21
715.8, 3, -21
715.9, 3, -21
716, 3, -21
716.1, 3, -21
716.2, 3, -21
716.3, 3, -21
716.4, 3, -21
716.5, 3, -21
716.6, 3, -21
716.7, 3, -21
716.8, 3, -21
716.9, 3, -21
717, 3, -21
717.1, 3, -21
717.2, 3, -21
717.3, 3, -21
717.4, 3, -21
717.5, 3, -21
717.6, 3, -21
717.7, 4, -21
717.8, 4, -21
717.9, 4, -21
718, 4, -21
718.1, 4, -21
718.2, 4, -21
718.3, 4, -21
718.4, 4, -21
718.5, 4, -21
718.6, 4, -21
718.7, 4, -21
718.8, 4, -21
718.9, 4, -21
719, 4, -21
719.1, 4, -21
719.2, 4, -21
719.3, 4, -21
719.4, 4, -21
719.5, 4, -21
719.6, 4, -21
719.7, 3, -21
719.8, 3, -21
719.9, 3, -21
720, 3, -21
720.1, 3, -21
720.2, 3, -21
720.3, 3, -21
720.4, 3, -21
720.5, 4, -21
720.6, 4, -21
720.7, 4, -21
720.8, 4, -21
720.9, 4, -21
721, 4, -21
721.1, 4, -21
721.2, 4, -21
721.3, 4, -21
721.4, 4, -21
721.5, 4, -21
721.6, 4, -21
721.7, 4, -21
721.8, 4, -21
721.9, 4, -21
722, 4, -21
722.1, 4, -21
722.2, 4, -21
722.3, 4, -21
722.4, 4, -21
722.5, 4, -21
722.6, 4, -21
722.7, 4, -21
722.8, 4, -21
722.9, 4, -21
723, 4, -21
723.1, 4, -21
723.2, 4, -21
723.3, 4, -21
723.4, 4, -21
723.5, 4, -21
723.6, 4, -21
723.7, 3, -21
723.8, 3, -21
723.9, 3, -21
724, 3, -21
724.1, 3, -21
724.2, 3, -21
724.3, 3, -21
724.4, 3, -21
724.5, 3, -21
724.6, 3, -21
724.7, 3, -21
724.8, 3, -21
724.9, 3, -21
725, 3, -21
725.1, 3, -21
725.2, 3, -21
725.3, 3, -21
725.4, 3, -21
725.5, 3, -21
725.6, 3, -21
725.7, 3, -21
725.8, 3, -21
725.9, 3, -21
726, 3, -21
726.1, 3, -21
726.2, 3, -21
726.3, 3, -21
726.4, 3, -21
726.5, 3, -21
726.6, 3, -21
726.7, 3, -21
726.8, 3, -21
726.9, 3, -20
727, 3, -20
727.1, 3, -20
727.2, 3, -20
727.3, 3, -20
727.4, 3, -20
727.5, 3, -20
727.6, 3, -20
727.7, 3, -20
727.8, 3, -20
727.9, 3, -20
728, 3, -20
728.1, 3, -20
728.2, 3, -20
728.3, 4, -20
728.4, 4, -20
728.5, 4, -20
728.6, 4, -20
728.7, 4, -21
728.8, 4, -21
728.9, 4, -21
729, 4, -21
729.1, 4, -21
729.2, 4, -21
729.3, 4, -21
729.4, 4, -21
729.5, 4, -21
729.6, 4, -21
729.7, 4, -21
729.8, 4, -21
729.9, 4, -21
730, 4, -21
730.1, 4, -21
730.2, 4, -21
730.3, 4, -21
730.4, 4, -21
730.5, 4, -21
730.6, 4, -21
730.7, 4, -21
730.8, 4, -21
730.9, 4, -21
731, 4, -21
731.1, 4, -21
731.2, 4, -21
731.3, 4, -21
731.4, 4, -21
731.5, 4, -21
731.6, 4, -21
731.7, 4, -21
731.8, 4, -21
731.9, 4, -21
732, 4, -21
732.1, 4, -21
732.2, 4, -21
732.3, 4, -21
732.4, 4, -21
732.5, 4, -22
732.6, 4, -22
732.7, 4, -22
732.8, 4, -22
732.9, 4, -22
733, 4, -22
733.1, 4, -22
733.2, 4, -22
733.3, 4, -22
733.4, 4, -22
733.5, 4, -22
733.6, 4, -22
733.7, 4, -22
733.8, 4, -22
733.9, 3, -22
734, 3, -22
734.1, 3, -22
734.2, 3, -22
734.3, 3, -22
734.4, 3, -22
734.5, 3, -22
734.6, 3, -22
734.7, 3, -22
734.8, 3, -22
734.9, 3, -22
735, 3, -22
735.1, 3, -22
735.2, 3, -22
735.3, 3, -22
735.4, 3, -22
735.5, 3, -22
735.6, 3, -22
735.7, 3, -22
735.8, 3, -22
735.9, 3, -22
736, 3, -22
736.1, 3, -22
736.2, 3, -22
736.3, 3, -22
736.4, 3, -22
736.5, 3, -22
736.6, 3, -22
736.7, 3, -22
736.8, 3, -22
736.9, 4, -22
737, 4, -22
737.1, 4, -22
737.2, 4, -22
737.3, 4, -22
737.4, 4, -22
737.5, 4, -22
737.6, 4, -22
737.7, 4, -22
737.8, 4, -22
737.9, 4, -22
738, 4, -22
738.1, 4, -22
738.2, 4, -22
738.3, 4, -22
738.4, 4, -22
738.5, 4, -22
738.6, 4, -22
738.7, 4, -22
738.8, 4, -22
738.9, 4, -22
739, 4, -22
739.1, 4, -22
739.2, 4, -22
739.3, 4, -22
739.4, 4, -22
739.5, 4, -22
739.6, 4, -22
739.7, 4, -21
739.8, 4, -21
739.9, 4, -21
740, 4, -21
740.1, 4, -21
740.2, 4, -21
740.3, 4, -21
740.4, 4, -21
740.5, 4, -21
740.6, 4, -21
740.7, 4, -21
740.8, 4, -21
740.9, 4, -21
741, 4, -21
741.1, 4, -21
741.2, 4, -21
741.3, 4, -21
741.4, 4, -21
741.5, 3, -21
741.6, 3, -21
741.7, 3, -21
741.8, 3, -21
741.9, 3, -22
742, 3, -22
742.1, 2, -22
742.2, 2, -22
742.3, 2, -22
742.4, 2, -22
742.5, 2, -22
742.6, 2, -22
742.7, 2, -22
742.8, 2, -22
742.9, 2, -22
743, 2, -22
743.1, 3, -22
743.2, 3, -22
743.3, 3, -23
743.4, 3, -23
743.5, 3, -23
743.6, 3, -23
743.7, 4, -23
743.8, 4, -23
743.9, 4, -23
744, 4, -23
744.1, 4, -23
744.2, 4, -23
744.3, 4, -23
744.4, 4, -23
744.5, 4, -23
744.6, 4, -23
744.7, 4, -23
744.8, 4, -23
744.9, 4, -23
745, 4, -23
745.1, 4, -23
745.2, 4, -23
745.3, 4, -23
745.4, 4, -23
745.5, 4, -24
745.6, 4, -24
745.7, 4, -24
745.8, 4, -24
745.9, 4, -24
746, 4, -24
746.1, 4, -25
746.2, 4, -25
746.3, 4, -25
746.4, 4, -25
746.5, 4, -25
746.6, 4, -25
746.7, 5, -25
746.8, 5, -25
746.9, 5, -25
747, 5, -25
747.1, 5, -25
747.2, 5, -25
747.3, 5, -25
747.4, 5, -25
747.5, 5, -25
747.6, 5, -25
747.7, 5, -25
747.8, 5, -25
747.9, 5, -25
748, 5, -25
748.1, 5, -25
748.2, 5, -25
748.3, 6, -25
748.4, 6, -25
748.5, 6, -25
748.6, 6, -25
748.7, 6, -25
748.8, 6, -25
748.9, 6, -25
749, 6, -25
749.1, 6, -25
749.2, 6, -25
749.3, 6, -25
749.4, 6, -25
749.5, 6, -25
749.6, 6, -25
749.7, 6, -25
749.8, 6, -25
749.9, 6, -25
750, 6, -25
750.1, 6, -25
750.2, 6, -25
750.3, 6, -25
750.4, 6, -25
750.5, 6, -25
750.6, 6, -25
750.7, 6, -25
750.8, 6, -25
750.9, 6, -25
751, 6, -25
751.1, 6, -25
751.2, 6, -25
751.3, 6, -25
751.4, 6, -25
751.5, 6, -26
751.6, 6, -26
751.7, 6, -26
751.8, 6, -26
751.9, 6, -26
752, 6, -26
752.1, 6, -26
752.2, 6, -26
752.3, 6, -26
752.4, 6, -26
752.5, 6, -26
752.6, 6, -26
752.7, 6, -26
752.8, 6, -26
752.9, 6, -26
753, 6, -26
753.1, 6, -26
753.2, 6, -26
753.3, 6, -26
753.4, 6, -26
753.5, 6, -25
753.6, 6, -25
753.7, 6, -25
753.8, 6, -25
753.9, 6, -25
754, 6, -25
754.1, 6, -25
754.2, 6, -25
754.3, 6, -25
754.4, 6, -25
754.5, 6, -25
754.6, 6, -25
754.7, 6, -25
754.8, 6, -25
754.9, 6, -25
755, 6, -25
755.1, 6, -25
755.2, 6, -25
755.3, 6, -25
755.4, 6, -25
755.5, 6, -25
755.6, 6, -25
755.7, 6, -25
755.8, 6, -25
755.9, 6, -25
756, 6, -25
756.1, 6, -25
756.2, 6, -25
756.3, 6, -25
756.4, 6, -25
756.5, 6, -25
756.6, 6, -25
756.7, 6, -25
756.8, 6, -25
756.9, 6, -25
757, 6, -25
757.1, 6, -25
757.2, 6, -25
757.3, 6, -25
757.4, 6, -25
757.5, 6, -25
757.6, 6, -25
757.7, 6, -25
757.8, 6, -25
757.9, 6, -25
758, 6, -25
758.1, 6, -25
758.2, 6, -25
758.3, 6, -25
758.4, 6, -25
758.5, 6, -25
758.6, 6, -25
758.7, 6, -25
758.8, 6, -25
758.9, 5, -25
759, 5, -25
759.1, 5, -25
759.2, 5, -25
759.3, 5, -25
759.4, 5, -25
759.5, 5, -25
759.6, 5, -25
759.7, 5, -25
759.8, 5, -25
759.9, 5, -25
760, 5, -25
760.1, 5, -25
760.2, 5, -25
760.3, 5, -25
760.4, 5, -25
760.5, 5, -25
760.6, 5, -25
760.7, 5, -25
760.8, 5, -25
760.9, 5, -25
761, 5, -25
761.1, 6, -25
761.2, 6, -25
761.3, 6, -25
761.4, 6, -25
761.5, 6, -25
761.6, 6, -25
761.7, 6, -25
761.8, 6, -25
761.9, 6, -25
762, 6, -25
762.1, 6, -25
762.2, 6, -25
762.3, 6, -25
762.4, 6, -25
762.5, 6, -25
762.6, 6, -25
762.7, 6, -25
762.8, 6, -25
762.9, 6, -25
763, 6, -25
763.1, 6, -25
763.2, 6, -25
763.3, 6, -25
763.4, 6, -25
763.5, 6, -25
763.6, 6, -25
763.7, 6, -25
763.8, 6, -25
763.9, 6, -25
764, 6, -25
764.1, 6, -25
764.2, 6, -25
764.3, 6, -25
764.4, 6, -25
764.5, 6, -25
764.6, 6, -25
764.7, 6, -25
764.8, 6, -25
764.9, 6, -25
765, 6, -25
765.1, 6, -25
765.2, 6, -25
765.3, 6, -25
765.4, 6, -25
765.5, 6, -24
765.6, 6, -24
765.7, 6, -24
765.8, 6, -24
765.9, 6, -24
766, 6, -24
766.1, 6, -24
766.2, 6, -24
766.3, 6, -24
766.4, 6, -24
766.5, 6, -24
766.6, 6, -24
766.7, 6, -24
766.8, 6, -24
766.9, 6, -24
767, 6, -24
767.1, 6, -24
767.2, 6, -24
767.3, 6, -24
767.4, 6, -24
767.5, 6, -24
767.6, 6, -24
767.7, 6, -24
767.8, 6, -24
767.9, 6, -24
768, 6, -24
768.1, 6, -24
768.2, 6, -24
768.3, 6, -24
768.4, 6, -24
768.5, 6, -24
768.6, 6, -24
768.7, 6, -24
768.8, 6, -24
768.9, 6, -24
769, 6, -24
769.1, 7, -24
769.2, 7, -24
769.3, 7, -24
769.4, 7, -24
769.5, 7, -24
769.6, 7, -24
769.7, 7, -24
769.8, 7, -24
769.9, 7, -24
770, 7, -24
770.1, 7, -24
770.2, 7, -24
770.3, 7, -24
770.4, 7, -24
770.5, 7, -24
770.6, 7, -24
770.7, 7, -24
770.8, 7, -24
770.9, 8, -24
771, 8, -24
771.1, 8, -24
771.2, 8, -24
771.3, 8, -24
771.4, 8, -24
771.5, 8, -24
771.6, 8, -24
771.7, 8, -24
771.8, 8, -24
771.9, 8, -24
772, 8, -24
772.1, 8, -23
772.2, 8, -23
772.3, 8, -23
772.4, 8, -23
772.5, 8, -23
772.6, 8, -23
772.7, 8, -23
772.8, 8, -23
772.9, 8, -23
773, 8, -23
773.1, 8, -23
773.2, 8, -23
773.3, 8, -23
773.4, 8, -23
773.5, 8, -23
773.6, 8, -23
773.7, 8, -23
773.8, 8, -23
773.9, 8, -23
774, 8, -23
774.1, 8, -23
774.2, 8, -23
774.3, 8, -22
774.4, 8, -22
774.5, 8, -22
774.6, 8, -22
774.7, 8, -22
774.8, 8, -22
774.9, 8, -22
775, 8, -22
775.1, 8, -23
775.2, 8, -23
775.3, 8, -23
775.4, 8, -23
775.5, 8, -23
775.6, 8, -23
775.7, 8, -23
775.8, 8, -23
775.9, 8, -23
776, 8, -23
776.1, 8, -23
776.2, 8, -23
776.3, 8, -23
776.4, 8, -23
776.5, 8, -23
776.6, 8, -23
776.7, 8, -23
776.8, 8, -23
776.9, 8, -23
777, 8, -23
777.1, 8, -23
777.2, 8, -23
777.3, 8, -23
777.4, 8, -23
777.5, 8, -23
777.6, 8, -23
777.7, 8, -23
777.8, 8, -23
777.9, 8, -23
778, 8, -23
778.1, 8, -23
778.2, 8, -23
778.3, 8, -23
778.4, 8, -23
778.5, 8, -23
778.6, 8, -23
778.7, 8, -23
778.8, 8, -23
778.9, 8, -23
779, 8, -23
779.1, 8, -23
779.2, 8, -23
779.3, 8, -23
779.4, 8, -23
779.5, 8, -23
779.6, 8, -23
779.7, 8, -23
779.8, 8, -23
779.9, 8, -23
780, 8, -23
780.1, 8, -23
780.2, 8, -23
780.3, 8, -23
780.4, 8, -23
780.5, 8, -23
780.6, 8, -23
780.7, 8, -23
780.8, 8, -23
780.9, 9, -23
781, 9, -23
781.1, 9, -23
781.2, 9, -23
781.3, 9, -23
781.4, 9, -23
781.5, 9, -23
781.6, 9, -23
781.7, 9, -23
781.8, 9, -23
781.9, 9, -23
782, 9, -23
782.1, 9, -23
782.2, 9, -23
782.3, 9, -23
782.4, 9, -23
782.5, 9, -23
782.6, 9, -23
782.7, 9, -23
782.8, 9, -23
782.9, 9, -23
783, 9, -23
783.1, 9, -23
783.2, 9, -23
783.3, 9, -23
783.4, 9, -23
783.5, 9, -23
783.6, 9, -23
783.7, 9, -23
783.8, 9, -23
783.9, 9, -23
784, 9, -23
784.1, 9, -23
784.2, 9, -23
784.3, 9, -23
784.4, 9, -23
784.5, 9, -23
784.6, 9, -23
784.7, 9, -23
784.8, 9, -23
784.9, 9, -23
785, 9, -23
785.1, 9, -23
785.2, 9, -23
785.3, 9, -23
785.4, 9, -23
785.5, 9, -23
785.6, 9, -23
785.7, 9, -23
785.8, 9, -23
785.9, 9, -23
786, 9, -23
786.1, 9, -23
786.2, 9, -23
786.3, 9, -23
786.4, 9, -23
786.5, 9, -23
786.6, 9, -23
786.7, 9, -23
786.8, 9, -23
786.9, 9, -23
787, 9, -23
787.1, 9, -23
787.2, 9, -23
787.3, 9, -23
787.4, 9, -23
787.5, 9, -24
787.6, 9, -24
787.7, 9, -24
787.8, 9, -24
787.9, 9, -24
788, 9, -24
788.1, 9, -24
788.2, 9, -24
788.3, 9, -24
788.4, 9, -24
788.5, 9, -24
788.6, 9, -24
788.7, 9, -24
788.8, 9, -24
788.9, 9, -24
789, 9, -24
789.1, 9, -24
789.2, 9, -24
789.3, 9, -24
789.4, 9, -24
789.5, 9, -24
789.6, 9, -24
789.7, 9, -24
789.8, 9, -24
789.9, 9, -24
790, 9, -24
790.1, 9, -24
790.2, 9, -24
790.3, 9, -24
790.4, 9, -24
790.5, 9, -24
790.6, 9, -24
790.7, 9, -24
790.8, 9, -24
790.9, 9, -24
791, 9, -24
791.1, 9, -24
791.2, 9, -24
791.3, 9, -24
791.4, 9, -24
791.5, 9, -24
791.6, 9, -24
791.7, 8, -24
791.8, 8, -24
791.9, 8, -24
792, 8, -24
792.1, 8, -24
792.2, 8, -24
792.3, 8, -24
792.4, 8, -24
792.5, 8, -24
792.6, 8, -24
792.7, 8, -24
792.8, 8, -24
792.9, 8, -24
793, 8, -24
793.1, 8, -24
793.2, 8, -24
793.3, 8, -24
793.4, 8, -24
793.5, 8, -24
793.6, 8, -24
793.7, 8, -24
793.8, 8, -24
793.9, 8, -24
794, 8, -24
794.1, 8, -24
794.2, 8, -24
794.3, 8, -24
794.4, 8, -24
794.5, 8, -24
794.6, 8, -24
794.7, 8, -24
794.8, 8, -24
794.9, 8, -24
795, 8, -24
795.1, 7, -24
795.2, 7, -24
795.3, 7, -24
795.4, 7, -24
795.5, 7, -24
795.6, 7, -24
795.7, 7, -24
795.8, 7, -24
795.9, 7, -24
796, 7, -24
796.1, 7, -24
796.2, 7, -24
796.3, 7, -24
796.4, 7, -24
796.5, 7, -24
796.6, 7, -24
796.7, 7, -24
796.8, 7, -24
796.9, 7, -24
797, 7, -24
797.1, 7, -24
797.2, 7, -24
797.3, 7, -24
797.4, 7, -24
797.5, 7, -24
797.6, 7, -24
797.7, 7, -25
797.8, 7, -25
797.9, 7, -25
798, 7, -25
798.1, 7, -25
798.2, 7, -25
798.3, 7, -25
798.4, 7, -25
798.5, 7, -24
798.6, 7, -24
798.7, 7, -24
798.8, 7, -24
798.9, 7, -24
799, 7, -24
799.1, 7, -24
799.2, 7, -24
799.3, 7, -24
799.4, 7, -24
799.5, 7, -24
799.6, 7, -24
799.7, 7, -24
799.8, 7, -24
799.9, 7, -24
800, 7, -24
800.1, 7, -24
800.2, 7, -24
800.3, 7, -24
800.4, 7, -24
800.5, 7, -24
800.6, 7, -24
800.7, 7, -24
800.8, 7, -24
800.9, 8, -24
801, 8, -24
801.1, 8, -23
801.2, 8, -23
801.3, 8, -23
801.4, 8, -23
801.5, 8, -23
801.6, 8, -23
801.7, 8, -23
801.8, 8, -23
801.9, 8, -23
802, 8, -23
802.1, 8, -23
802.2, 8, -23
802.3, 8, -23
802.4, 8, -23
802.5, 8, -23
802.6, 8, -23
802.7, 8, -23
802.8, 8, -23
802.9, 8, -23
803, 8, -23
803.1, 8, -23
803.2, 8, -23
803.3, 8, -23
803.4, 8, -23
803.5, 8, -23
803.6, 8, -23
803.7, 8, -23
803.8, 8, -23
803.9, 8, -22
804, 8, -22
804.1, 9, -22
804.2, 9, -22
804.3, 9, -22
804.4, 9, -22
804.5, 9, -22
804.6, 9, -22
804.7, 9, -22
804.8, 9, -22
804.9, 9, -22
805, 9, -22
805.1, 9, -22
805.2, 9, -22
805.3, 9, -22
805.4, 9, -22
805.5, 9, -22
805.6, 9, -22
805.7, 9, -22
805.8, 9, -22
805.9, 9, -22
806, 9, -22
806.1, 9, -22
806.2, 9, -22
806.3, 9, -22
806.4, 9, -22
806.5, 9, -22
806.6, 9, -22
806.7, 10, -22
806.8, 10, -22
806.9, 10, -22
807, 10, -22
807.1, 10, -22
807.2, 10, -22
807.3, 10, -22
807.4, 10, -22
807.5, 10, -22
807.6, 10, -22
807.7, 10, -22
807.8, 10, -22
807.9, 10, -22
808, 10, -22
808.1, 10, -22
808.2, 10, -22
808.3, 10, -22
808.4, 10, -22
808.5, 10, -22
808.6, 10, -22
808.7, 10, -22
808.8, 10, -22
808.9, 10, -22
809, 10, -22
809.1, 10, -22
809.2, 10, -22
809.3, 10, -22
809.4, 10, -22
809.5, 10, -23
809.6, 10, -23
809.7, 10, -23
809.8, 10, -23
809.9, 10, -23
810, 10, -23
810.1, 10, -23
810.2, 10, -23
810.3, 10, -23
810.4, 10, -23
810.5, 10, -23
810.6, 10, -23
810.7, 10, -23
810.8, 10, -23
810.9, 10, -23
811, 10, -23
811.1, 10, -23
811.2, 10, -23
811.3, 10, -23
811.4, 10, -23
811.5, 10, -23
811.6, 10, -23
811.7, 10, -23
811.8, 10, -23
811.9, 10, -23
812, 10, -23
812.1, 10, -23
812.2, 10, -23
812.3, 10, -23
812.4, 10, -23
812.5, 11, -23
812.6, 11, -23
812.7, 11, -23
812.8, 11, -23
812.9, 11, -23
813, 11, -23
813.1, 11, -23
813.2, 11, -23
813.3, 11, -23
813.4, 11, -23
813.5, 11, -23
813.6, 11, -23
813.7, 11, -23
813.8, 11, -23
813.9, 11, -23
814, 11, -23
814.1, 11, -23
814.2, 11, -23
814.3, 11, -23
814.4, 11, -23
814.5, 11, -23
814.6, 11, -23
814.7, 11, -23
814.8, 11, -23
814.9, 10, -23
815, 10, -23
815.1, 10, -24
815.2, 10, -24
815.3, 10, -24
815.4, 10, -24
815.5, 10, -24
815.6, 10, -24
815.7, 10, -24
815.8, 10, -24
815.9, 10, -24
816, 10, -24
816.1, 10, -24
816.2, 10, -24
816.3, 10, -24
816.4, 10, -24
816.5, 10, -24
816.6, 10, -24
816.7, 10, -25
816.8, 10, -25
816.9, 10, -25
817, 10, -25
817.1, 10, -25
817.2, 10, -25
817.3, 11, -25
817.4, 11, -25
817.5, 11, -25
817.6, 11, -25
817.7, 11, -25
817.8, 11, -25
817.9, 11, -25
818, 11, -25
818.1, 11, -25
818.2, 11, -25
818.3, 11, -25
818.4, 11, -25
818.5, 11, -25
818.6, 11, -25
818.7, 11, -25
818.8, 11, -25
818.9, 11, -25
819, 11, -25
819.1, 11, -25
819.2, 11, -25
819.3, 11, -25
819.4, 11, -25
819.5, 11, -25
819.6, 11, -25
819.7, 11, -25
819.8, 11, -25
819.9, 11, -25
820, 11, -25
820.1, 11, -25
820.2, 11, -25
820.3, 11, -25
820.4, 11, -25
820.5, 11, -25
820.6, 11, -25
820.7, 11, -25
820.8, 11, -25
820.9, 11, -25
821, 11, -25
821.1, 11, -25
821.2, 11, -25
821.3, 11, -25
821.4, 11, -25
821.5, 11, -25
821.6, 11, -25
821.7, 11, -25
821.8, 11, -25
821.9, 11, -25
822, 11, -25
822.1, 11, -25
822.2, 11, -25
822.3, 11, -25
822.4, 11, -25
822.5, 11, -25
822.6, 11, -25
822.7, 11, -25
822.8, 11, -25
822.9, 10, -25
823, 10, -25
823.1, 10, -25
823.2, 10, -25
823.3, 10, -25
823.4, 10, -25
823.5, 10, -25
823.6, 10, -25
823.7, 10, -25
823.8, 10, -25
823.9, 10, -25
824, 10, -25
824.1, 10, -25
824.2, 10, -25
824.3, 10, -25
824.4, 10, -25
824.5, 10, -25
824.6, 10, -25
824.7, 10, -25
824.8, 10, -25
824.9, 10, -25
825, 10, -25
825.1, 10, -25
825.2, 10, -25
825.3, 10, -25
825.4, 10, -25
825.5, 10, -25
825.6, 10, -25
825.7, 10, -25
825.8, 10, -25
825.9, 10, -25
826, 10, -25
826.1, 10, -25
826.2, 10, -25
826.3, 10, -25
826.4, 10, -25
826.5, 10, -25
826.6, 10, -25
826.7, 10, -25
826.8, 10, -25
826.9, 10, -25
827, 10, -25
827.1, 10, -25
827.2, 10, -25
827.3, 9, -25
827.4, 9, -25
827.5, 9, -25
827.6, 9, -25
827.7, 8, -25
827.8, 8, -25
827.9, 8, -25
828, 8, -25
828.1, 8, -25
828.2, 8, -25
828.3, 8, -26
828.4, 8, -26
828.5, 8, -26
828.6, 8, -26
828.7, 8, -25
828.8, 8, -25
828.9, 8, -25
829, 8, -25
829.1, 8, -25
829.2, 8, -25
829.3, 8, -25
829.4, 8, -25
829.5, 8, -25
829.6, 8, -25
829.7, 8, -25
829.8, 8, -25
829.9, 8, -25
830, 8, -25
830.1, 8, -25
830.2, 8, -25
830.3, 8, -25
830.4, 8, -25
830.5, 8, -25
830.6, 8, -25
830.7, 8, -25
830.8, 8, -25
830.9, 8, -25
831, 8, -25
831.1, 8, -25
831.2, 8, -25
831.3, 8, -25
831.4, 8, -25
831.5, 8, -25
831.6, 8, -25
831.7, 8, -25
831.8, 8, -25
831.9, 7, -25
832, 7, -25
832.1, 7, -24
832.2, 7, -24
832.3, 7, -24
832.4, 7, -24
832.5, 7, -24
832.6, 7, -24
832.7, 7, -24
832.8, 7, -24
832.9, 7, -24
833, 7, -24
833.1, 7, -24
833.2, 7, -24
833.3, 7, -24
833.4, 7, -24
833.5, 7, -24
833.6, 7, -24
833.7, 7, -24
833.8, 7, -24
833.9, 7, -24
834, 7, -24
834.1, 7, -24
834.2, 7, -24
834.3, 7, -24
834.4, 7, -24
834.5, 7, -24
834.6, 7, -24
834.7, 7, -24
834.8, 7, -24
834.9, 7, -25
835, 7, -25
835.1, 7, -25
835.2, 7, -25
835.3, 7, -25
835.4, 7, -25
835.5, 8, -25
835.6, 8, -25
835.7, 8, -25
835.8, 8, -25
835.9, 8, -25
836, 8, -25
836.1, 8, -25
836.2, 8, -25
836.3, 8, -25
836.4, 8, -25
836.5, 8, -25
836.6, 8, -25
836.7, 8, -25
836.8, 8, -25
836.9, 8, -25
837, 8, -25
837.1, 8, -25
837.2, 8, -25
837.3, 8, -25
837.4, 8, -25
837.5, 8, -25
837.6, 8, -25
837.7, 8, -25
837.8, 8, -25
837.9, 8, -25
838, 8, -25
838.1, 8, -25
838.2, 8, -25
838.3, 8, -25
838.4, 8, -25
838.5, 8, -25
838.6, 8, -25
838.7, 8, -25
838.8, 8, -25
838.9, 8, -25
839, 8, -25
839.1, 8, -25
839.2, 8, -25
839.3, 8, -25
839.4, 8, -25
839.5, 8, -25
839.6, 8, -25
839.7, 8, -25
839.8, 8, -25
839.9, 8, -25
840, 8, -25
840.1, 8, -25
840.2, 8, -25
840.3, 8, -25
840.4, 8, -25
840.5, 8, -26
840.6, 8, -26
840.7, 8, -26
840.8, 8, -26
840.9, 8, -26
841, 8, -26
841.1, 8, -26
841.2, 8, -26
841.3, 8, -26
841.4, 8, -26
841.5, 8, -26
841.6, 8, -26
841.7, 8, -26
841.8, 8, -26
841.9, 8, -26
842, 8, -26
842.1, 8, -26
842.2, 8, -26
842.3, 8, -26
842.4, 8, -26
842.5, 8, -26
842.6, 8, -26
842.7, 8, -25
842.8, 8, -25
842.9, 8, -25
843, 8, -25
843.1, 7, -25
843.2, 7, -25
843.3, 7, -25
843.4, 7, -25
843.5, 7, -25
843.6, 7, -25
843.7, 7, -25
843.8, 7, -25
843.9, 7, -25
844, 7, -25
844.1, 7, -25
844.2, 7, -25
844.3, 7, -25
844.4, 7, -25
844.5, 7, -25
844.6, 7, -25
844.7, 7, -25
844.8, 7, -25
844.9, 7, -25
845, 7, -25
845.1, 7, -25
845.2, 7, -25
845.3, 7, -25
845.4, 7, -25
845.5, 7, -25
845.6, 7, -25
845.7, 7, -25
845.8, 7, -25
845.9, 7, -25
846, 7, -25
846.1, 7, -25
846.2, 7, -25
846.3, 7, -25
846.4, 7, -25
846.5, 7, -25
846.6, 7, -25
846.7, 7, -25
846.8, 7, -25
846.9, 7, -25
847, 7, -25
847.1, 7, -25
847.2, 7, -25
847.3, 8, -25
847.4, 8, -25
847.5, 8, -25
847.6, 8, -25
847.7, 8, -25
847.8, 8, -25
847.9, 8, -25
848, 8, -25
848.1, 8, -25
848.2, 8, -25
848.3, 9, -25
848.4, 9, -25
848.5, 9, -25
848.6, 9, -25
848.7, 9, -25
848.8, 9, -25
848.9, 9, -25
849, 9, -25
849.1, 9, -26
849.2, 9, -26
849.3, 9, -26
849.4, 9, -26
849.5, 9, -26
849.6, 9, -26
849.7, 9, -26
849.8, 9, -26
849.9, 9, -26
850, 9, -26
850.1, 10, -26
850.2, 10, -26
850.3, 10, -26
850.4, 10, -26
850.5, 10, -26
850.6, 10, -26
850.7, 10, -26
850.8, 10, -26
850.9, 10, -26
851, 10, -26
851.1, 10, -26
851.2, 10, -26
851.3, 10, -26
851.4, 10, -26
851.5, 10, -26
851.6, 10, -26
851.7, 10, -26
851.8, 10, -26
851.9, 10, -26
852, 10, -26
852.1, 10, -26
852.2, 10, -26
852.3, 10, -26
852.4, 10, -26
852.5, 10, -26
852.6, 10, -26
852.7, 10, -26
852.8, 10, -26
852.9, 10, -27
853, 10, -27
853.1, 10, -27
853.2, 10, -27
853.3, 10, -27
853.4, 10, -27
853.5, 10, -27
853.6, 10, -27
853.7, 10, -27
853.8, 10, -27
853.9, 10, -27
854, 10, -27
854.1, 10, -27
854.2, 10, -27
854.3, 10, -27
854.4, 10, -27
854.5, 11, -27
854.6, 11, -27
854.7, 11, -27
854.8, 11, -27
854.9, 10, -27
855, 10, -27
855.1, 10, -27
855.2, 10, -27
855.3, 10, -27
855.4, 10, -27
855.5, 10, -27
855.6, 10, -27
855.7, 10, -27
855.8, 10, -27
855.9, 10, -27
856, 10, -27
856.1, 9, -27
856.2, 9, -27
856.3, 9, -27
856.4, 9, -27
856.5, 9, -27
856.6, 9, -27
856.7, 9, -27
856.8, 9, -27
856.9, 9, -27
857, 9, -27
857.1, 9, -27
857.2, 9, -27
857.3, 9, -27
857.4, 9, -27
857.5, 9, -27
857.6, 9, -27
857.7, 9, -27
857.8, 9, -27
857.9, 9, -27
858, 9, -27
858.1, 9, -27
858.2, 9, -27
858.3, 9, -27
858.4, 9, -27
858.5, 9, -27
858.6, 9, -27
858.7, 9, -27
858.8, 9, -27
858.9, 9, -27
859, 9, -27
859.1, 9, -27
859.2, 9, -27
859.3, 9, -27
859.4, 9, -27
859.5, 9, -27
859.6, 9, -27
859.7, 9, -27
859.8, 9, -27
859.9, 9, -27
860, 9, -27
860.1, 9, -27
860.2, 9, -27
860.3, 9, -27
860.4, 9, -27
860.5, 9, -27
860.6, 9, -27
860.7, 9, -27
860.8, 9, -27
860.9, 9, -27
861, 9, -27
861.1, 9, -27
861.2, 9, -27
861.3, 9, -27
861.4, 9, -27
861.5, 9, -27
861.6, 9, -27
861.7, 9, -27
861.8, 9, -27
861.9, 9, -27
862, 9, -27
862.1, 9, -27
862.2, 9, -27
862.3, 9, -27
862.4, 9, -27
862.5, 9, -27
862.6, 9, -27
862.7, 9, -27
862.8, 9, -27
862.9, 9, -27
863, 9, -27
863.1, 9, -27
863.2, 9, -27
863.3, 9, -27
863.4, 9, -27
863.5, 9, -27
863.6, 9, -27
863.7, 9, -27
863.8, 9, -27
863.9, 9, -27
864, 9, -27
864.1, 9, -27
864.2, 9, -27
864.3, 9, -27
864.4, 9, -27
864.5, 9, -27
864.6, 9, -27
864.7, 9, -27
864.8, 9, -27
864.9, 10, -27
865, 10, -27
865.1, 10, -27
865.2, 10, -27
865.3, 10, -27
865.4, 10, -27
865.5, 10, -27
865.6, 10, -27
865.7, 10, -27
865.8, 10, -27
865.9, 10, -27
866, 10, -27
866.1, 10, -27
866.2, 10, -27
866.3, 10, -27
866.4, 10, -27
866.5, 10, -27
866.6, 10, -27
866.7, 10, -27
866.8, 10, -27
866.9, 10, -27
867, 10, -27
867.1, 10, -27
867.2, 10, -27
867.3, 10, -27
867.4, 10, -27
867.5, 10, -27
867.6, 10, -27
867.7, 10, -27
867.8, 10, -27
867.9, 10, -27
868, 10, -27
868.1, 10, -27
868.2, 10, -27
868.3, 10, -27
868.4, 10, -27
868.5, 10, -27
868.6, 10, -27
868.7, 10, -27
868.8, 10, -27
868.9, 10, -27
869, 10, -27
869.1, 10, -28
869.2, 10, -28
869.3, 10, -28
869.4, 10, -28
869.5, 10, -28
869.6, 10, -28
869.7, 10, -28
869.8, 10, -28
869.9, 10, -28
870, 10, -28
870.1, 10, -28
870.2, 10, -28
870.3, 10, -28
870.4, 10, -28
870.5, 10, -28
870.6, 10, -28
870.7, 10, -28
870.8, 10, -28
870.9, 10, -28
871, 10, -28
871.1, 10, -28
871.2, 10, -28
871.3, 10, -28
871.4, 10, -28
871.5, 10, -28
871.6, 10, -28
871.7, 10, -28
871.8, 10, -28
871.9, 10, -28
872, 10, -28
872.1, 10, -28
872.2, 10, -28
872.3, 10, -28
872.4, 10, -28
872.5, 10, -28
872.6, 10, -28
872.7, 10, -28
872.8, 10, -28
872.9, 10, -28
873, 10, -28
873.1, 10, -28
873.2, 10, -28
873.3, 10, -28
873.4, 10, -28
873.5, 10, -28
873.6, 10, -28
873.7, 10, -28
873.8, 10, -28
873.9, 10, -28
874, 10, -28
874.1, 10, -28
874.2, 10, -28
874.3, 10, -28
874.4, 10, -28
874.5, 10, -29
874.6, 10, -29
874.7, 10, -29
874.8, 10, -29
874.9, 10, -29
875, 10, -29
875.1, 10, -29
875.2, 10, -29
875.3, 10, -29
875.4, 10, -29
875.5, 10, -29
875.6, 10, -29
875.7, 10, -29
875.8, 10, -29
875.9, 10, -29
876, 10, -29
876.1, 10, -29
876.2, 10, -29
876.3, 10, -29
876.4, 10, -29
876.5, 10, -29
876.6, 10, -29
876.7, 10, -29
876.8, 10, -29
876.9, 10, -29
877, 10, -29
877.1, 10, -29
877.2, 10, -29
877.3, 10, -29
877.4, 10, -29
877.5, 11, -29
877.6, 11, -29
877.7, 11, -29
877.8, 11, -29
877.9, 11, -29
878, 11, -29
878.1, 11, -29
878.2, 11, -29
878.3, 11, -29
878.4, 11, -29
878.5, 11, -29
878.6, 11, -29
878.7, 11, -29
878.8, 11, -29
878.9, 11, -29
879, 11, -29
879.1, 11, -29
879.2, 11, -29
879.3, 11, -29
879.4, 11, -29
879.5, 11, -29
879.6, 11, -29
879.7, 11, -29
879.8, 11, -29
879.9, 11, -29
880, 11, -29
880.1, 11, -29
880.2, 11, -29
880.3, 11, -29
880.4, 11, -29
880.5, 11, -29
880.6, 11, -29
880.7, 11, -29
880.8, 11, -29
880.9, 11, -29
881, 11, -29
881.1, 11, -29
881.2, 11, -29
881.3, 11, -29
881.4, 11, -29
881.5, 11, -29
881.6, 11, -29
881.7, 11, -29
881.8, 11, -29
881.9, 11, -29
882, 11, -29
882.1, 11, -29
882.2, 11, -29
882.3, 11, -29
882.4, 11, -29
882.5, 11, -29
882.6, 11, -29
882.7, 11, -29
882.8, 11, -29
882.9, 11, -29
883, 11, -29
883.1, 11, -29
883.2, 11, -29
883.3, 11, -29
883.4, 11, -29
883.5, 11, -29
883.6, 11, -29
883.7, 11, -29
883.8, 11, -29
883.9, 12, -29
884, 12, -29
884.1, 12, -29
884.2, 12, -29
884.3, 12, -29
884.4, 12, -29
884.5, 12, -29
884.6, 12, -29
884.7, 12, -29
884.8, 12, -29
884.9, 12, -29
885, 12, -29
885.1, 13, -29
885.2, 13, -29
885.3, 13, -29
885.4, 13, -29
885.5, 13, -29
885.6, 13, -29
885.7, 13, -29
885.8, 13, -29
885.9, 13, -30
886, 13, -30
886.1, 13, -30
886.2, 13, -30
886.3, 13, -30
886.4, 13, -30
886.5, 13, -30
886.6, 13, -30
886.7, 13, -30
886.8, 13, -30
886.9, 13, -30
887, 13, -30
887.1, 13, -30
887.2, 13, -30
887.3, 13, -30
887.4, 13, -30
887.5, 14, -30
887.6, 14, -30
887.7, 14, -30
887.8, 14, -30
887.9, 14, -30
888, 14, -30
888.1, 14, -30
888.2, 14, -30
888.3, 14, -30
888.4, 14, -30
888.5, 14, -30
888.6, 14, -30
888.7, 14, -30
888.8, 14, -30
888.9, 14, -30
889, 14, -30
889.1, 14, -30
889.2, 14, -30
889.3, 14, -30
889.4, 14, -30
889.5, 14, -30
889.6, 14, -30
889.7, 14, -30
889.8, 14, -30
889.9, 14, -30
890, 14, -30
890.1, 14, -30
890.2, 14, -30
890.3, 14, -30
890.4, 14, -30
890.5, 14, -30
890.6, 14, -30
890.7, 14, -30
890.8, 14, -30
890.9, 14, -30
891, 14, -30
891.1, 14, -30
891.2, 14, -30
891.3, 14, -30
891.4, 14, -30
891.5, 14, -30
891.6, 14, -30
891.7, 14, -30
891.8, 14, -30
891.9, 14, -30
892, 14, -30
892.1, 15, -30
892.2, 15, -30
892.3, 15, -30
892.4, 15, -30
892.5, 15, -30
892.6, 15, -30
892.7, 15, -30
892.8, 15, -30
892.9, 15, -30
893, 15, -30
893.1, 15, -30
893.2, 15, -30
893.3, 15, -30
893.4, 15, -30
893.5, 15, -30
893.6, 15, -30
893.7, 15, -30
893.8, 15, -30
893.9, 15, -30
894, 15, -30
894.1, 15, -30
894.2, 15, -30
894.3, 16, -30
894.4, 16, -30
894.5, 16, -30
894.6, 16, -30
894.7, 16, -30
894.8, 16, -30
894.9, 16, -30
895, 16, -30
895.1, 16, -30
895.2, 16, -30
895.3, 16, -30
895.4, 16, -30
895.5, 16, -30
895.6, 16, -30
895.7, 16, -30
895.8, 16, -30
895.9, 16, -30
896, 16, -30
896.1, 16, -30
896.2, 16, -30
896.3, 15, -30
896.4, 15, -30
896.5, 15, -30
896.6, 15, -30
896.7, 15, -30
896.8, 15, -30
896.9, 15, -30
897, 15, -30
897.1, 15, -30
897.2, 15, -30
897.3, 15, -30
897.4, 15, -30
897.5, 15, -30
897.6, 15, -30
897.7, 15, -30
897.8, 15, -30
897.9, 15, -30
898, 15, -30
898.1, 15, -30
898.2, 15, -30
898.3, 15, -30
898.4, 15, -30
898.5, 15, -30
898.6, 15, -30
898.7, 15, -31
898.8, 15, -31
898.9, 15, -31
899, 15, -31
899.1, 15, -31
899.2, 15, -31
899.3, 15, -31
899.4, 15, -31
899.5, 15, -31
899.6, 15, -31
899.7, 15, -30
899.8, 15, -30
899.9, 15, -30
900, 15, -30
900.1, 15, -30
900.2, 15, -30
900.3, 15, -30
900.4, 15, -30
900.5, 15, -30
900.6, 15, -30
900.7, 15, -30
900.8, 15, -30
900.9, 15, -30
901, 15, -30
901.1, 15, -30
901.2, 15, -30
901.3, 16, -30
901.4, 16, -30
901.5, 16, -30
901.6, 16, -30
901.7, 16, -30
901.8, 16, -30
901.9, 16, -30
902, 16, -30
902.1, 16, -30
902.2, 16, -30
902.3, 16, -30
902.4, 16, -30
902.5, 16, -30
902.6, 16, -30
902.7, 16, -30
902.8, 16, -30
902.9, 16, -30
903, 16, -30
903.1, 16, -30
903.2, 16, -30
903.3, 16, -30
903.4, 16, -30
903.5, 16, -30
903.6, 16, -30
903.7, 16, -31
903.8, 16, -31
903.9, 16, -31
904, 16, -31
904.1, 16, -30
904.2, 16, -30
904.3, 16, -30
904.4, 16, -30
904.5, 16, -30
904.6, 16, -30
904.7, 16, -30
904.8, 16, -30
904.9, 16, -30
905, 16, -30
905.1, 16, -30
905.2, 16, -30
905.3, 16, -30
905.4, 16, -30
905.5, 16, -30
905.6, 16, -30
905.7, 16, -30
905.8, 16, -30
905.9, 16, -30
906, 16, -30
906.1, 16, -30
906.2, 16, -30
906.3, 16, -30
906.4, 16, -30
906.5, 16, -30
906.6, 16, -30
906.7, 16, -30
906.8, 16, -30
906.9, 16, -30
907, 16, -30
907.1, 16, -29
907.2, 16, -29
907.3, 16, -29
907.4, 16, -29
907.5, 16, -29
907.6, 16, -29
907.7, 16, -29
907.8, 16, -29
907.9, 16, -29
908, 16, -29
908.1, 16, -29
908.2, 16, -29
908.3, 16, -29
908.4, 16, -29
908.5, 16, -29
908.6, 16, -29
908.7, 16, -29
908.8, 16, -29
908.9, 16, -29
909, 16, -29
909.1, 16, -29
909.2, 16, -29
909.3, 16, -29
909.4, 16, -29
909.5, 16, -29
909.6, 16, -29
909.7, 16, -29
909.8, 16, -29
909.9, 16, -29
910, 16, -29
910.1, 16, -29
910.2, 16, -29
910.3, 17, -29
910.4, 17, -29
910.5, 17, -30
910.6, 17, -30
910.7, 17, -30
910.8, 17, -30
910.9, 16, -30
911, 16, -30
911.1, 16, -30
911.2, 16, -30
911.3, 16, -30
911.4, 16, -30
911.5, 16, -30
911.6, 16, -30
911.7, 16, -30
911.8, 16, -30
911.9, 16, -30
912, 16, -30
912.1, 16, -30
912.2, 16, -30
912.3, 16, -30
912.4, 16, -30
912.5, 17, -30
912.6, 17, -30
912.7, 16, -30
912.8, 16, -30
912.9, 16, -30
913, 16, -30
913.1, 16, -30
913.2, 16, -30
913.3, 16, -30
913.4, 16, -30
913.5, 16, -30
913.6, 16, -30
913.7, 16, -30
913.8, 16, -30
913.9, 16, -30
914, 16, -30
914.1, 16, -30
914.2, 16, -30
914.3, 16, -30
914.4, 16, -30
914.5, 16, -30
914.6, 16, -30
914.7, 16, -30
914.8, 16, -30
914.9, 16, -30
915, 16, -30
915.1, 16, -30
915.2, 16, -30
915.3, 16, -30
915.4, 16, -30
915.5, 16, -30
915.6, 16, -30
915.7, 16, -30
915.8, 16, -30
915.9, 16, -29
916, 16, -29
916.1, 16, -29
916.2, 16, -29
916.3, 16, -29
916.4, 16, -29
916.5, 16, -29
916.6, 16, -29
916.7, 16, -29
916.8, 16, -29
916.9, 16, -29
917, 16, -29
917.1, 16, -29
917.2, 16, -29
917.3, 16, -29
917.4, 16, -29
917.5, 16, -29
917.6, 16, -29
917.7, 16, -29
917.8, 16, -29
917.9, 16, -30
918, 16, -30
918.1, 16, -30
918.2, 16, -30
918.3, 16, -30
918.4, 16, -30
918.5, 16, -30
918.6, 16, -30
918.7, 16, -30
918.8, 16, -30
918.9, 16, -30
919, 16, -30
919.1, 16, -30
919.2, 16, -30
919.3, 16, -30
919.4, 16, -30
919.5, 16, -30
919.6, 16, -30
919.7, 16, -29
919.8, 16, -29
919.9, 16, -29
920, 16, -29
920.1, 16, -29
920.2, 16, -29
920.3, 16, -29
920.4, 16, -29
920.5, 17, -29
920.6, 17, -29
920.7, 17, -29
920.8, 17, -29
920.9, 17, -29
921, 17, -29
921.1, 17, -29
921.2, 17, -29
921.3, 17, -29
921.4, 17, -29
921.5, 17, -29
921.6, 17, -29
921.7, 17, -29
921.8, 17, -29
921.9, 17, -29
922, 17, -29
922.1, 17, -29
922.2, 17, -29
922.3, 17, -29
922.4, 17, -29
922.5, 17, -29
922.6, 17, -29
922.7, 17, -29
922.8, 17, -29
922.9, 18, -29
923, 18, -29
923.1, 18, -28
923.2, 18, -28
923.3, 18, -28
923.4, 18, -28
923.5, 18, -28
923.6, 18, -28
923.7, 18, -29
923.8, 18, -29
923.9, 18, -29
924, 18, -29
924.1, 18, -28
924.2, 18, -28
924.3, 18, -28
924.4, 18, -28
924.5, 18, -28
924.6, 18, -28
924.7, 18, -28
924.8, 18, -28
924.9, 18, -28
925, 18, -28
925.1, 18, -28
925.2, 18, -28
925.3, 18, -28
925.4, 18, -28
925.5, 18, -28
925.6, 18, -28
925.7, 18, -28
925.8, 18, -28
925.9, 18, -28
926, 18, -28
926.1, 18, -28
926.2, 18, -28
926.3, 18, -28
926.4, 18, -28
926.5, 18, -28
926.6, 18, -28
926.7, 18, -28
926.8, 18, -28
926.9, 18, -28
927, 18, -28
927.1, 18, -28
927.2, 18, -28
927.3, 18, -28
927.4, 18, -28
927.5, 18, -28
927.6, 18, -28
927.7, 18, -28
927.8, 18, -28
927.9, 18, -28
928, 18, -28
928.1, 18, -28
928.2, 18, -28
928.3, 18, -28
928.4, 18, -28
928.5, 19, -28
928.6, 19, -28
928.7, 19, -28
928.8, 19, -28
928.9, 19, -28
929, 19, -28
929.1, 19, -28
929.2, 19, -28
929.3, 19, -28
929.4, 19, -28
929.5, 19, -28
929.6, 19, -28
929.7, 19, -28
929.8, 19, -28
929.9, 19, -28
930, 19, -28
930.1, 19, -28
930.2, 19, -28
930.3, 19, -28
930.4, 19, -28
930.5, 19, -28
930.6, 19, -28
930.7, 19, -28
930.8, 19, -28
930.9, 19, -28
931, 19, -28
931.1, 19, -28
931.2, 19, -28
931.3, 19, -28
931.4, 19, -28
931.5, 19, -28
931.6, 19, -28
931.7, 19, -28
931.8, 19, -28
931.9, 19, -28
932, 19, -28
932.1, 19, -28
932.2, 19, -28
932.3, 19, -28
932.4, 19, -28
932.5, 19, -28
932.6, 19, -28
932.7, 19, -28
932.8, 19, -28
932.9, 18, -28
933, 18, -28
933.1, 18, -28
933.2, 18, -28
933.3, 18, -28
933.4, 18, -28
933.5, 17, -28
933.6, 17, -28
933.7, 17, -28
933.8, 17, -28
933.9, 17, -28
934, 17, -28
934.1, 17, -28
934.2, 17, -28
934.3, 17, -28
934.4, 17, -28
934.5, 17, -28
934.6, 17, -28
934.7, 17, -28
934.8, 17, -28
934.9, 17, -28
935, 17, -28
935.1, 17, -28
935.2, 17, -28
935.3, 17, -28
935.4, 17, -28
935.5, 17, -28
935.6, 17, -28
935.7, 17, -28
935.8, 17, -28
935.9, 17, -28
936, 17, -28
936.1, 17, -28
936.2, 17, -28
936.3, 17, -28
936.4, 17, -28
936.5, 17, -29
936.6, 17, -29
936.7, 17, -29
936.8, 17, -29
936.9, 17, -29
937, 17, -29
937.1, 17, -29
937.2, 17, -29
937.3, 17, -29
937.4, 17, -29
937.5, 17, -29
937.6, 17, -29
937.7, 17, -29
937.8, 17, -29
937.9, 17, -29
938, 17, -29
938.1, 17, -29
938.2, 17, -29
938.3, 17, -29
938.4, 17, -29
938.5, 17, -29
938.6, 17, -29
938.7, 17, -29
938.8, 17, -29
938.9, 17, -29
939, 17, -29
939.1, 17, -29
939.2, 17, -29
939.3, 17, -29
939.4, 17, -29
939.5, 17, -29
939.6, 17, -29
939.7, 17, -29
939.8, 17, -29
939.9, 17, -29
940, 17, -29
940.1, 17, -29
940.2, 17, -29
940.3, 17, -29
940.4, 17, -29
940.5, 17, -29
940.6, 17, -29
940.7, 17, -29
940.8, 17, -29
940.9, 17, -29
941, 17, -29
941.1, 17, -29
941.2, 17, -29
941.3, 17, -29
941.4, 17, -29
941.5, 17, -29
941.6, 17, -29
941.7, 17, -29
941.8, 17, -29
941.9, 17, -29
942, 17, -29
942.1, 17, -29
942.2, 17, -29
942.3, 17, -29
942.4, 17, -29
942.5, 17, -29
942.6, 17, -29
942.7, 17, -30
942.8, 17, -30
942.9, 17, -30
943, 17, -30
943.1, 17, -30
943.2, 17, -30
943.3, 17, -29
943.4, 17, -29
943.5, 17, -29
943.6, 17, -29
943.7, 17, -29
943.8, 17, -29
943.9, 17, -29
944, 17, -29
944.1, 17, -29
944.2, 17, -29
944.3, 17, -29
944.4, 17, -29
944.5, 17, -29
944.6, 17, -29
944.7, 17, -29
944.8, 17, -29
944.9, 17, -30
945, 17, -30
945.1, 17, -30
945.2, 17, -30
945.3, 17, -30
945.4, 17, -30
945.5, 17, -30
945.6, 17, -30
945.7, 17, -30
945.8, 17, -30
945.9, 17, -30
946, 17, -30
946.1, 17, -30
946.2, 17, -30
946.3, 17, -30
946.4, 17, -30
946.5, 17, -31
946.6, 17, -31
946.7, 17, -31
946.8, 17, -31
946.9, 17, -30
947, 17, -30
947.1, 17, -30
947.2, 17, -30
947.3, 17, -30
947.4, 17, -30
947.5, 17, -30
947.6, 17, -30
947.7, 17, -30
947.8, 17, -30
947.9, 17, -30
948, 17, -30
948.1, 17, -30
948.2, 17, -30
948.3, 17, -30
948.4, 17, -30
948.5, 17, -30
948.6, 17, -30
948.7, 17, -30
948.8, 17, -30
948.9, 17, -30
949, 17, -30
949.1, 17, -30
949.2, 17, -30
949.3, 17, -30
949.4, 17, -30
949.5, 17, -30
949.6, 17, -30
949.7, 17, -30
949.8, 17, -30
949.9, 17, -30
950, 17, -30
950.1, 17, -30
950.2, 17, -30
950.3, 17, -30
950.4, 17, -30
950.5, 17, -30
950.6, 17, -30
950.7, 17, -30
950.8, 17, -30
950.9, 17, -30
951, 17, -30
951.1, 17, -29
951.2, 17, -29
951.3, 17, -29
951.4, 17, -29
951.5, 18, -29
951.6, 18, -29
951.7, 18, -29
951.8, 18, -29
951.9, 18, -29
952, 18, -29
952.1, 18, -29
952.2, 18, -29
952.3, 18, -29
952.4, 18, -29
952.5, 18, -29
952.6, 18, -29
952.7, 18, -29
952.8, 18, -29
952.9, 18, -29
953, 18, -29
953.1, 18, -29
953.2, 18, -29
953.3, 18, -29
953.4, 18, -29
953.5, 18, -29
953.6, 18, -29
953.7, 18, -29
953.8, 18, -29
953.9, 18, -29
954, 18, -29
954.1, 18, -29
954.2, 18, -29
954.3, 18, -29
954.4, 18, -29
954.5, 18, -29
954.6, 18, -29
954.7, 18, -29
954.8, 18, -29
954.9, 18, -28
955, 18, -28
955.1, 18, -28
955.2, 18, -28
955.3, 18, -28
955.4, 18, -28
955.5, 18, -28
955.6, 18, -28
955.7, 18, -28
955.8, 18, -28
955.9, 17, -28
956, 17, -28
956.1, 17, -28
956.2, 17, -28
956.3, 17, -28
956.4, 17, -28
956.5, 17, -28
956.6, 17, -28
956.7, 17, -28
956.8, 17, -28
956.9, 17, -28
957, 17, -28
957.1, 17, -28
957.2, 17, -28
957.3, 17, -28
957.4, 17, -28
957.5, 17, -28
957.6, 17, -28
957.7, 17, -28
957.8, 17, -28
957.9, 17, -28
958, 17, -28
958.1, 17, -28
958.2, 17, -28
958.3, 17, -28
958.4, 17, -28
958.5, 17, -28
958.6, 17, -28
958.7, 17, -28
958.8, 17, -28
958.9, 17, -28
959, 17, -28
959.1, 17, -28
959.2, 17, -28
959.3, 17, -28
959.4, 17, -28
959.5, 17, -28
959.6, 17, -28
959.7, 17, -28
959.8, 17, -28
959.9, 17, -28
960, 17, -28
960.1, 17, -28
960.2, 17, -28
960.3, 17, -28
960.4, 17, -28
960.5, 17, -28
960.6, 17, -28
960.7, 17, -28
960.8, 17, -28
960.9, 17, -28
961, 17, -28
961.1, 17, -27
961.2, 17, -27
961.3, 17, -27
961.4, 17, -27
961.5, 17, -28
961.6, 17, -28
961.7, 17, -28
961.8, 17, -28
961.9, 17, -28
962, 17, -28
962.1, 17, -28
962.2, 17, -28
962.3, 17, -28
962.4, 17, -28
962.5, 17, -28
962.6, 17, -28
962.7, 17, -28
962.8, 17, -28
962.9, 17, -28
963, 17, -28
963.1, 17, -28
963.2, 17, -28
963.3, 17, -28
963.4, 17, -28
963.5, 16, -28
963.6, 16, -28
963.7, 16, -28
963.8, 16, -28
963.9, 16, -28
964, 16, -28
964.1, 16, -28
964.2, 16, -28
964.3, 16, -28
964.4, 16, -28
964.5, 16, -28
964.6, 16, -28
964.7, 16, -28
964.8, 16, -28
964.9, 16, -28
965, 16, -28
965.1, 16, -28
965.2, 16, -28
965.3, 16, -28
965.4, 16, -28
965.5, 16, -27
965.6, 16, -27
965.7, 16, -28
965.8, 16, -28
965.9, 16, -28
966, 16, -28
966.1, 16, -28
966.2, 16, -28
966.3, 16, -28
966.4, 16, -28
966.5, 16, -29
966.6, 16, -29
966.7, 16, -29
966.8, 16, -29
966.9, 16, -29
967, 16, -29
967.1, 16, -29
967.2, 16, -29
967.3, 16, -29
967.4, 16, -29
967.5, 16, -29
967.6, 16, -29
967.7, 16, -29
967.8, 16, -29
967.9, 16, -29
968, 16, -29
968.1, 16, -29
968.2, 16, -29
968.3, 16, -29
968.4, 16, -29
968.5, 16, -29
968.6, 16, -29
968.7, 16, -29
968.8, 16, -29
968.9, 16, -29
969, 16, -29
969.1, 16, -29
969.2, 16, -29
969.3, 16, -29
969.4, 16, -29
969.5, 16, -29
969.6, 16, -29
969.7, 16, -29
969.8, 16, -29
969.9, 16, -29
970, 16, -29
970.1, 16, -29
970.2, 16, -29
970.3, 16, -29
970.4, 16, -29
970.5, 16, -29
970.6, 16, -29
970.7, 16, -29
970.8, 16, -29
970.9, 16, -28
971, 16, -28
971.1, 16, -28
971.2, 16, -28
971.3, 16, -28
971.4, 16, -28
971.5, 16, -28
971.6, 16, -28
971.7, 16, -28
971.8, 16, -28
971.9, 16, -28
972, 16, -28
972.1, 16, -28
972.2, 16, -28
972.3, 16, -28
972.4, 16, -28
972.5, 16, -28
972.6, 16, -28
972.7, 16, -29
972.8, 16, -29
972.9, 16, -29
973, 16, -29
973.1, 16, -29
973.2, 16, -29
973.3, 16, -29
973.4, 16, -29
973.5, 16, -29
973.6, 16, -29
973.7, 16, -29
973.8, 16, -29
973.9, 16, -29
974, 16, -29
974.1, 16, -29
974.2, 16, -29
974.3, 16, -28
974.4, 16, -28
974.5, 16, -28
974.6, 16, -28
974.7, 16, -28
974.8, 16, -28
974.9, 16, -28
975, 16, -28
975.1, 16, -28
975.2, 16, -28
975.3, 16, -28
975.4, 16, -28
975.5, 16, -28
975.6, 16, -28
975.7, 16, -28
975.8, 16, -28
975.9, 16, -29
976, 16, -29
976.1, 16, -29
976.2, 16, -29
976.3, 16, -29
976.4, 16, -29
976.5, 16, -29
976.6, 16, -29
976.7, 16, -29
976.8, 16, -29
976.9, 16, -29
977, 16, -29
977.1, 16, -29
977.2, 16, -29
977.3, 16, -29
977.4, 16, -29
977.5, 17, -29
977.6, 17, -29
977.7, 17, -29
977.8, 17, -29
977.9, 17, -29
978, 17, -29
978.1, 17, -29
978.2, 17, -29
978.3, 17, -29
978.4, 17, -29
978.5, 17, -29
978.6, 17, -29
978.7, 17, -29
978.8, 17, -29
978.9, 17, -29
979, 17, -29
979.1, 17, -29
979.2, 17, -29
979.3, 17, -29
979.4, 17, -29
979.5, 17, -29
979.6, 17, -29
979.7, 17, -29
979.8, 17, -29
979.9, 17, -29
980, 17, -29
980.1, 17, -29
980.2, 17, -29
980.3, 17, -29
980.4, 17, -29
980.5, 17, -29
980.6, 17, -29
980.7, 17, -29
980.8, 17, -29
980.9, 17, -29
981, 17, -29
981.1, 17, -29
981.2, 17, -29
981.3, 17, -29
981.4, 17, -29
981.5, 17, -29
981.6, 17, -29
981.7, 17, -29
981.8, 17, -29
981.9, 17, -29
982, 17, -29
982.1, 17, -29
982.2, 17, -29
982.3, 17, -29
982.4, 17, -29
982.5, 17, -29
982.6, 17, -29
982.7, 17, -29
982.8, 17, -29
982.9, 17, -29
983, 17, -29
983.1, 17, -29
983.2, 17, -29
983.3, 17, -29
983.4, 17, -29
983.5, 17, -29
983.6, 17, -29
983.7, 17, -29
983.8, 17, -29
983.9, 17, -29
984, 17, -29
984.1, 17, -29
984.2, 17, -29
984.3, 17, -29
984.4, 17, -29
984.5, 17, -29
984.6, 17, -29
984.7, 17, -29
984.8, 17, -29
984.9, 17, -29
985, 17, -29
985.1, 17, -29
985.2, 17, -29
985.3, 16, -29
985.4, 16, -29
985.5, 16, -29
985.6, 16, -29
985.7, 16, -29
985.8, 16, -29
985.9, 16, -29
986, 16, -29
986.1, 16, -29
986.2, 16, -29
986.3, 16, -29
986.4, 16, -29
986.5, 16, -29
986.6, 16, -29
986.7, 16, -29
986.8, 16, -29
986.9, 16, -29
987, 16, -29
987.1, 16, -29
987.2, 16, -29
987.3, 16, -29
987.4, 16, -29
987.5, 16, -30
987.6, 16, -30
987.7, 16, -30
987.8, 16, -30
987.9, 16, -30
988, 16, -30
988.1, 16, -30
988.2, 16, -30
988.3, 16, -30
988.4, 16, -30
988.5, 16, -30
988.6, 16, -30
988.7, 16, -30
988.8, 16, -30
988.9, 16, -30
989, 16, -30
989.1, 16, -30
989.2, 16, -30
989.3, 17, -30
989.4, 17, -30
989.5, 17, -30
989.6, 17, -30
989.7, 17, -30
989.8, 17, -30
989.9, 17, -30
990, 17, -30
990.1, 17, -30
990.2, 17, -30
990.3, 18, -30
990.4, 18, -30
990.5, 18, -30
990.6, 18, -30
990.7, 18, -30
990.8, 18, -30
990.9, 18, -30
991, 18, -30
991.1, 17, -30
991.2, 17, -30
991.3, 17, -30
991.4, 17, -30
991.5, 17, -30
991.6, 17, -30
991.7, 17, -31
991.8, 17, -31
991.9, 17, -31
992, 17, -31
992.1, 17, -31
992.2, 17, -31
992.3, 17, -31
992.4, 17, -31
992.5, 17, -31
992.6, 17, -31
992.7, 18, -31
992.8, 18, -31
992.9, 18, -31
993, 18, -31
993.1, 18, -31
993.2, 18, -31
993.3, 18, -31
993.4, 18, -31
993.5, 18, -32
993.6, 18, -32
993.7, 18, -32
993.8, 18, -32
993.9, 18, -32
994, 18, -32
994.1, 18, -32
994.2, 18, -32
994.3, 18, -32
994.4, 18, -32
994.5, 18, -32
994.6, 18, -32
994.7, 18, -32
994.8, 18, -32
994.9, 18, -32
995, 18, -32
995.1, 18, -32
995.2, 18, -32
995.3, 18, -32
995.4, 18, -32
995.5, 18, -32
995.6, 18, -32
995.7, 18, -32
995.8, 18, -32
995.9, 18, -32
996, 18, -32
996.1, 18, -32
996.2, 18, -32
996.3, 18, -32
996.4, 18, -32
996.5, 18, -32
996.6, 18, -32
996.7, 18, -32
996.8, 18, -32
996.9, 19, -32
997, 19, -32
997.1, 19, -32
997.2, 19, -32
997.3, 19, -32
997.4, 19, -32
997.5, 19, -32
997.6, 19, -32
997.7, 19, -32
997.8, 19, -32
997.9, 19, -32
998, 19, -32
998.1, 19, -32
998.2, 19, -32
998.3, 19, -32
998.4, 19, -32
998.5, 19, -32
998.6, 19, -32
998.7, 19, -32
998.8, 19, -32
998.9, 19, -32
999, 19, -32
999.1, 19, -32
999.2, 19, -32
999.3, 19, -32
999.4, 19, -32
999.5, 19, -32
999.6, 19, -32
999.7, 19, -32
999.8, 19, -32
999.9, 19, -32
1000, 19, -32
1000.1, 19, -32
1000.2, 19, -32
1000.3, 19, -32
1000.4, 19, -32
1000.5, 18, -32
1000.6, 18, -32
1000.7, 18, -32
1000.8, 18, -32
1000.9, 18, -32
1001, 18, -32
1001.1, 18, -32
1001.2, 18, -32
1001.3, 18, -32
1001.4, 18, -32
1001.5, 18, -32
1001.6, 18, -32
1001.7, 18, -32
1001.8, 18, -32
1001.9, 18, -32
1002, 18, -32
1002.1, 19, -32
1002.2, 19, -32
1002.3, 19, -32
1002.4, 19, -32
1002.5, 19, -32
1002.6, 19, -32
1002.7, 19, -32
1002.8, 19, -32
1002.9, 19, -32
1003, 19, -32
1003.1, 20, -32
1003.2, 20, -32
1003.3, 20, -32
1003.4, 20, -32
1003.5, 20, -32
1003.6, 20, -32
1003.7, 20, -32
1003.8, 20, -32
1003.9, 20, -32
1004, 20, -32
1004.1, 20, -32
1004.2, 20, -32
1004.3, 20, -32
1004.4, 20, -32
1004.5, 20, -32
1004.6, 20, -32
1004.7, 20, -32
1004.8, 20, -32
1004.9, 20, -31
1005, 20, -31
1005.1, 20, -31
1005.2, 20, -31
1005.3, 20, -31
1005.4, 20, -31
1005.5, 20, -31
1005.6, 20, -31
1005.7, 20, -31
1005.8, 20, -31
1005.9, 20, -30
1006, 20, -30
1006.1, 20, -30
1006.2, 20, -30
1006.3, 20, -30
1006.4, 20, -30
1006.5, 20, -30
1006.6, 20, -30
1006.7, 20, -30
1006.8, 20, -30
1006.9, 21, -30
1007, 21, -30
1007.1, 21, -30
1007.2, 21, -30
1007.3, 21, -30
1007.4, 21, -30
1007.5, 21, -30
1007.6, 21, -30
1007.7, 21, -30
1007.8, 21, -30
1007.9, 21, -30
1008, 21, -30
1008.1, 21, -30
1008.2, 21, -30
1008.3, 21, -30
1008.4, 21, -30
1008.5, 21, -30
1008.6, 21, -30
1008.7, 21, -30
1008.8, 21, -30
1008.9, 21, -31
1009, 21, -31
1009.1, 21, -31
1009.2, 21, -31
1009.3, 21, -31
1009.4, 21, -31
1009.5, 21, -31
1009.6, 21, -31
1009.7, 21, -31
1009.8, 21, -31
1009.9, 21, -31
1010, 21, -31
1010.1, 21, -31
1010.2, 21, -31
1010.3, 21, -31
1010.4, 21, -31
1010.5, 21, -31
1010.6, 21, -31
1010.7, 21, -31
1010.8, 21, -31
1010.9, 21, -30
1011, 21, -30
1011.1, 21, -30
1011.2, 21, -30
1011.3, 21, -30
1011.4, 21, -30
1011.5, 21, -30
1011.6, 21, -30
1011.7, 21, -30
1011.8, 21, -30
1011.9, 21, -29
1012, 21, -29
1012.1, 21, -29
1012.2, 21, -29
1012.3, 21, -29
1012.4, 21, -29
1012.5, 21, -29
1012.6, 21, -29
1012.7, 21, -29
1012.8, 21, -29
1012.9, 21, -28
1013, 21, -28
1013.1, 21, -28
1013.2, 21, -28
1013.3, 21, -28
1013.4, 21, -28
1013.5, 21, -28
1013.6, 21, -28
1013.7, 21, -28
1013.8, 21, -28
1013.9, 21, -27
1014, 21, -27
1014.1, 21, -27
1014.2, 21, -27
1014.3, 21, -27
1014.4, 21, -27
1014.5, 21, -27
1014.6, 21, -27
1014.7, 21, -27
1014.8, 21, -27
1014.9, 21, -27
1015, 21, -27
1015.1, 21, -27
1015.2, 21, -27
1015.3, 21, -27
1015.4, 21, -27
1015.5, 21, -27
1015.6, 21, -27
1015.7, 21, -27
1015.8, 21, -27
1015.9, 21, -27
1016, 21, -27
1016.1, 21, -27
1016.2, 21, -27
1016.3, 21, -27
1016.4, 21, -27
1016.5, 21, -27
1016.6, 21, -27
1016.7, 21, -27
1016.8, 21, -27
1016.9, 21, -27
1017, 21, -27
1017.1, 20, -27
1017.2, 20, -27
1017.3, 20, -27
1017.4, 20, -27
1017.5, 20, -27
1017.6, 20, -27
1017.7, 20, -27
1017.8, 20, -27
1017.9, 20, -27
1018, 20, -27
1018.1, 20, -27
1018.2, 20, -27
1018.3, 20, -27
1018.4, 20, -27
1018.5, 20, -27
1018.6, 20, -27
1018.7, 20, -27
1018.8, 20, -27
1018.9, 20, -27
1019, 20, -27
1019.1, 20, -27
1019.2, 20, -27
1019.3, 21, -27
1019.4, 21, -27
1019.5, 21, -27
1019.6, 21, -27
1019.7, 21, -27
1019.8, 21, -27
1019.9, 21, -27
1020, 21, -27
1020.1, 21, -27
1020.2, 21, -27
1020.3, 21, -27
1020.4, 21, -27
1020.5, 21, -27
1020.6, 21, -27
1020.7, 21, -27
1020.8, 21, -27
1020.9, 21, -27
1021, 21, -27
1021.1, 21, -27
1021.2, 21, -27
1021.3, 21, -27
1021.4, 21, -27
1021.5, 21, -26
1021.6, 21, -26
1021.7, 22, -26
1021.8, 22, -26
1021.9, 22, -26
1022, 22, -26
1022.1, 22, -26
1022.2, 22, -26
1022.3, 22, -26
1022.4, 22, -26
1022.5, 22, -26
1022.6, 22, -26
1022.7, 22, -26
1022.8, 22, -26
1022.9, 22, -26
1023, 22, -26
1023.1, 22, -27
1023.2, 22, -27
1023.3, 22, -27
1023.4, 22, -27
1023.5, 22, -27
1023.6, 22, -27
1023.7, 22, -27
1023.8, 22, -27
1023.9, 22, -27
1024, 22, -27
1024.1, 22, -27
1024.2, 22, -27
1024.3, 22, -26
1024.4, 22, -26
1024.5, 22, -26
1024.6, 22, -26
1024.7, 22, -26
1024.8, 22, -26
1024.9, 22, -26
1025, 22, -26
1025.1, 22, -27
1025.2, 22, -27
1025.3, 22, -27
1025.4, 22, -27
1025.5, 22, -27
1025.6, 22, -27
1025.7, 22, -27
1025.8, 22, -27
1025.9, 22, -27
1026, 22, -27
1026.1, 22, -27
1026.2, 22, -27
1026.3, 22, -27
1026.4, 22, -27
1026.5, 22, -27
1026.6, 22, -27
1026.7, 22, -27
1026.8, 22, -27
1026.9, 22, -27
1027, 22, -27
1027.1, 23, -27
1027.2, 23, -27
1027.3, 23, -27
1027.4, 23, -27
1027.5, 23, -27
1027.6, 23, -27
1027.7, 23, -28
1027.8, 23, -28
1027.9, 23, -28
1028, 23, -28
1028.1, 23, -28
1028.2, 23, -28
1028.3, 23, -28
1028.4, 23, -28
1028.5, 23, -28
1028.6, 23, -28
1028.7, 23, -28
1028.8, 23, -28
1028.9, 23, -28
1029, 23, -28
1029.1, 23, -28
1029.2, 23, -28
1029.3, 23, -28
1029.4, 23, -28
1029.5, 23, -28
1029.6, 23, -28
1029.7, 23, -28
1029.8, 23, -28
1029.9, 23, -28
1030, 23, -28
1030.1, 23, -28
1030.2, 23, -28
1030.3, 23, -28
1030.4, 23, -28
1030.5, 23, -28
1030.6, 23, -28
1030.7, 23, -28
1030.8, 23, -28
1030.9, 23, -28
1031, 23, -28
1031.1, 23, -28
1031.2, 23, -28
1031.3, 23, -28
1031.4, 23, -28
1031.5, 23, -28
1031.6, 23, -28
1031.7, 23, -28
1031.8, 23, -28
1031.9, 23, -28
1032, 23, -28
1032.1, 23, -27
1032.2, 23, -27
1032.3, 23, -27
1032.4, 23, -27
1032.5, 23, -27
1032.6, 23, -27
1032.7, 23, -27
1032.8, 23, -27
1032.9, 22, -27
1033, 22, -27
1033.1, 22, -27
1033.2, 22, -27
1033.3, 22, -27
1033.4, 22, -27
1033.5, 22, -27
1033.6, 22, -27
1033.7, 22, -27
1033.8, 22, -27
1033.9, 22, -27
1034, 22, -27
1034.1, 22, -27
1034.2, 22, -27
1034.3, 22, -27
1034.4, 22, -27
1034.5, 22, -27
1034.6, 22, -27
1034.7, 22, -27
1034.8, 22, -27
1034.9, 22, -27
1035, 22, -27
1035.1, 22, -27
1035.2, 22, -27
1035.3, 22, -27
1035.4, 22, -27
1035.5, 22, -27
1035.6, 22, -27
1035.7, 22, -27
1035.8, 22, -27
1035.9, 22, -27
1036, 22, -27
1036.1, 22, -28
1036.2, 22, -28
1036.3, 22, -28
1036.4, 22, -28
1036.5, 22, -28
1036.6, 22, -28
1036.7, 22, -28
1036.8, 22, -28
1036.9, 22, -28
1037, 22, -28
1037.1, 22, -28
1037.2, 22, -28
1037.3, 22, -28
1037.4, 22, -28
1037.5, 22, -28
1037.6, 22, -28
1037.7, 22, -28
1037.8, 22, -28
1037.9, 22, -28
1038, 22, -28
1038.1, 22, -28
1038.2, 22, -28
1038.3, 22, -29
1038.4, 22, -29
1038.5, 22, -29
1038.6, 22, -29
1038.7, 22, -29
1038.8, 22, -29
1038.9, 22, -29
1039, 22, -29
1039.1, 22, -29
1039.2, 22, -29
1039.3, 23, -29
1039.4, 23, -29
1039.5, 22, -29
1039.6, 22, -29
1039.7, 22, -29
1039.8, 22, -29
1039.9, 22, -29
1040, 22, -29
1040.1, 22, -29
1040.2, 22, -29
1040.3, 22, -29
1040.4, 22, -29
1040.5, 22, -29
1040.6, 22, -29
1040.7, 22, -29
1040.8, 22, -29
1040.9, 22, -29
1041, 22, -29
1041.1, 22, -29
1041.2, 22, -29
1041.3, 22, -29
1041.4, 22, -29
1041.5, 22, -29
1041.6, 22, -29
1041.7, 22, -28
1041.8, 22, -28
1041.9, 22, -28
1042, 22, -28
1042.1, 22, -28
1042.2, 22, -28
1042.3, 22, -28
1042.4, 22, -28
1042.5, 22, -28
1042.6, 22, -28
1042.7, 22, -28
1042.8, 22, -28
1042.9, 22, -28
1043, 22, -28
1043.1, 22, -28
1043.2, 22, -28
1043.3, 22, -27
1043.4, 22, -27
1043.5, 22, -27
1043.6, 22, -27
1043.7, 23, -27
1043.8, 23, -27
1043.9, 22, -27
1044, 22, -27
1044.1, 22, -28
1044.2, 22, -28
1044.3, 22, -28
1044.4, 22, -28
1044.5, 21, -28
1044.6, 21, -28
1044.7, 21, -27
1044.8, 21, -27
1044.9, 21, -27
1045, 21, -27
1045.1, 21, -27
1045.2, 21, -27
1045.3, 21, -27
1045.4, 21, -27
1045.5, 21, -27
1045.6, 21, -27
1045.7, 21, -27
1045.8, 21, -27
1045.9, 21, -27
1046, 21, -27
1046.1, 21, -27
1046.2, 21, -27
1046.3, 21, -27
1046.4, 21, -27
1046.5, 21, -27
1046.6, 21, -27
1046.7, 21, -27
1046.8, 21, -27
1046.9, 21, -27
1047, 21, -27
1047.1, 21, -27
1047.2, 21, -27
1047.3, 21, -27
1047.4, 21, -27
1047.5, 21, -27
1047.6, 21, -27
1047.7, 22, -27
1047.8, 22, -27
1047.9, 22, -27
1048, 22, -27
1048.1, 23, -27
1048.2, 23, -27
1048.3, 23, -27
1048.4, 23, -27
1048.5, 23, -27
1048.6, 23, -27
1048.7, 23, -27
1048.8, 23, -27
1048.9, 23, -27
1049, 23, -27
1049.1, 24, -27
1049.2, 24, -27
1049.3, 24, -27
1049.4, 24, -27
1049.5, 24, -27
1049.6, 24, -27
1049.7, 24, -26
1049.8, 24, -26
1049.9, 24, -26
1050, 24, -26
1050.1, 23, -26
1050.2, 23, -26
1050.3, 23, -26
1050.4, 23, -26
1050.5, 23, -26
1050.6, 23, -26
1050.7, 23, -26
1050.8, 23, -26
1050.9, 23, -26
1051, 23, -26
1051.1, 23, -26
1051.2, 23, -26
1051.3, 23, -26
1051.4, 23, -26
1051.5, 23, -26
1051.6, 23, -26
1051.7, 23, -26
1051.8, 23, -26
1051.9, 23, -26
1052, 23, -26
1052.1, 23, -26
1052.2, 23, -26
1052.3, 23, -26
1052.4, 23, -26
1052.5, 23, -26
1052.6, 23, -26
1052.7, 23, -26
1052.8, 23, -26
1052.9, 23, -26
1053, 23, -26
1053.1, 23, -26
1053.2, 23, -26
1053.3, 23, -26
1053.4, 23, -26
1053.5, 23, -26
1053.6, 23, -26
1053.7, 23, -26
1053.8, 23, -26
1053.9, 23, -26
1054, 23, -26
1054.1, 23, -26
1054.2, 23, -26
1054.3, 23, -26
1054.4, 23, -26
1054.5, 23, -27
1054.6, 23, -27
1054.7, 23, -27
1054.8, 23, -27
1054.9, 23, -27
1055, 23, -27
1055.1, 23, -27
1055.2, 23, -27
1055.3, 23, -27
1055.4, 23, -27
1055.5, 23, -27
1055.6, 23, -27
1055.7, 23, -27
1055.8, 23, -27
1055.9, 22, -27
1056, 22, -27
1056.1, 22, -28
1056.2, 22, -28
1056.3, 22, -28
1056.4, 22, -28
1056.5, 22, -28
1056.6, 22, -28
1056.7, 21, -28
1056.8, 21, -28
1056.9, 21, -28
1057, 21, -28
1057.1, 21, -28
1057.2, 21, -28
1057.3, 21, -28
1057.4, 21, -28
1057.5, 21, -28
1057.6, 21, -28
1057.7, 21, -28
1057.8, 21, -28
1057.9, 21, -28
1058, 21, -28
1058.1, 21, -28
1058.2, 21, -28
1058.3, 21, -28
1058.4, 21, -28
1058.5, 21, -28
1058.6, 21, -28
1058.7, 21, -28
1058.8, 21, -28
1058.9, 21, -28
1059, 21, -28
1059.1, 21, -29
1059.2, 21, -29
1059.3, 21, -29
1059.4, 21, -29
1059.5, 21, -29
1059.6, 21, -29
1059.7, 21, -29
1059.8, 21, -29
1059.9, 21, -29
1060, 21, -29
1060.1, 21, -29
1060.2, 21, -29
1060.3, 21, -29
1060.4, 21, -29
1060.5, 21, -28
1060.6, 21, -28
1060.7, 21, -28
1060.8, 21, -28
1060.9, 21, -28
1061, 21, -28
1061.1, 21, -28
1061.2, 21, -28
1061.3, 21, -28
1061.4, 21, -28
1061.5, 21, -28
1061.6, 21, -28
1061.7, 21, -27
1061.8, 21, -27
1061.9, 21, -27
1062, 21, -27
1062.1, 20, -27
1062.2, 20, -27
1062.3, 20, -27
1062.4, 20, -27
1062.5, 20, -27
1062.6, 20, -27
1062.7, 20, -27
1062.8, 20, -27
1062.9, 20, -27
1063, 20, -27
1063.1, 20, -27
1063.2, 20, -27
1063.3, 20, -27
1063.4, 20, -27
1063.5, 20, -27
1063.6, 20, -27
1063.7, 20, -27
1063.8, 20, -27
1063.9, 20, -27
1064, 20, -27
1064.1, 20, -27
1064.2, 20, -27
1064.3, 20, -28
1064.4, 20, -28
1064.5, 20, -28
1064.6, 20, -28
1064.7, 20, -28
1064.8, 20, -28
1064.9, 20, -28
1065, 20, -28
1065.1, 20, -28
1065.2, 20, -28
1065.3, 20, -28
1065.4, 20, -28
1065.5, 20, -28
1065.6, 20, -28
1065.7, 20, -28
1065.8, 20, -28
1065.9, 20, -28
1066, 20, -28
1066.1, 20, -28
1066.2, 20, -28
1066.3, 20, -28
1066.4, 20, -28
1066.5, 20, -28
1066.6, 20, -28
1066.7, 20, -28
1066.8, 20, -28
1066.9, 20, -28
1067, 20, -28
1067.1, 20, -28
1067.2, 20, -28
1067.3, 20, -29
1067.4, 20, -29
1067.5, 20, -29
1067.6, 20, -29
1067.7, 20, -29
1067.8, 20, -29
1067.9, 20, -29
1068, 20, -29
1068.1, 20, -29
1068.2, 20, -29
1068.3, 20, -29
1068.4, 20, -29
1068.5, 20, -29
1068.6, 20, -29
1068.7, 20, -29
1068.8, 20, -29
1068.9, 20, -29
1069, 20, -29
1069.1, 20, -29
1069.2, 20, -29
1069.3, 20, -29
1069.4, 20, -29
1069.5, 20, -29
1069.6, 20, -29
1069.7, 20, -29
1069.8, 20, -29
1069.9, 20, -29
1070, 20, -29
1070.1, 20, -29
1070.2, 20, -29
1070.3, 20, -29
1070.4, 20, -29
1070.5, 20, -29
1070.6, 20, -29
1070.7, 20, -29
1070.8, 20, -29
1070.9, 20, -29
1071, 20, -29
1071.1, 20, -29
1071.2, 20, -29
1071.3, 20, -29
1071.4, 20, -29
1071.5, 20, -29
1071.6, 20, -29
1071.7, 20, -29
1071.8, 20, -29
1071.9, 20, -30
1072, 20, -30
1072.1, 20, -30
1072.2, 20, -30
1072.3, 20, -30
1072.4, 20, -30
1072.5, 20, -30
1072.6, 20, -30
1072.7, 20, -30
1072.8, 20, -30
1072.9, 20, -30
1073, 20, -30
1073.1, 20, -29
1073.2, 20, -29
1073.3, 20, -29
1073.4, 20, -29
1073.5, 20, -29
1073.6, 20, -29
1073.7, 19, -29
1073.8, 19, -29
1073.9, 19, -29
1074, 19, -29
1074.1, 19, -29
1074.2, 19, -29
1074.3, 19, -29
1074.4, 19, -29
1074.5, 19, -29
1074.6, 19, -29
1074.7, 19, -29
1074.8, 19, -29
1074.9, 19, -29
1075, 19, -29
1075.1, 19, -29
1075.2, 19, -29
1075.3, 19, -29
1075.4, 19, -29
1075.5, 19, -29
1075.6, 19, -29
1075.7, 19, -29
1075.8, 19, -29
1075.9, 19, -29
1076, 19, -29
1076.1, 19, -29
1076.2, 19, -29
1076.3, 19, -29
1076.4, 19, -29
1076.5, 19, -29
1076.6, 19, -29
1076.7, 19, -29
1076.8, 19, -29
1076.9, 19, -29
1077, 19, -29
1077.1, 19, -29
1077.2, 19, -29
1077.3, 19, -29
1077.4, 19, -29
1077.5, 19, -29
1077.6, 19, -29
1077.7, 19, -29
1077.8, 19, -29
1077.9, 19, -29
1078, 19, -29
1078.1, 19, -29
1078.2, 19, -29
1078.3, 19, -29
1078.4, 19, -29
1078.5, 19, -29
1078.6, 19, -29
1078.7, 19, -29
1078.8, 19, -29
1078.9, 19, -29
1079, 19, -29
1079.1, 19, -29
1079.2, 19, -29
1079.3, 19, -29
1079.4, 19, -29
1079.5, 19, -29
1079.6, 19, -29
1079.7, 18, -29
1079.8, 18, -29
1079.9, 18, -29
1080, 18, -29
1080.1, 18, -28
1080.2, 18, -28
1080.3, 18, -28
1080.4, 18, -28
1080.5, 18, -28
1080.6, 18, -28
1080.7, 18, -28
1080.8, 18, -28
1080.9, 18, -28
1081, 18, -28
1081.1, 18, -28
1081.2, 18, -28
1081.3, 18, -28
1081.4, 18, -28
1081.5, 18, -27
1081.6, 18, -27
1081.7, 18, -28
1081.8, 18, -28
1081.9, 18, -28
1082, 18, -28
1082.1, 19, -28
1082.2, 19, -28
1082.3, 19, -28
1082.4, 19, -28
1082.5, 19, -28
1082.6, 19, -28
1082.7, 19, -28
1082.8, 19, -28
1082.9, 19, -28
1083, 19, -28
1083.1, 19, -28
1083.2, 19, -28
1083.3, 19, -28
1083.4, 19, -28
1083.5, 20, -28
1083.6, 20, -28
1083.7, 20, -28
1083.8, 20, -28
1083.9, 20, -29
1084, 20, -29
1084.1, 20, -29
1084.2, 20, -29
1084.3, 20, -29
1084.4, 20, -29
1084.5, 20, -29
1084.6, 20, -29
1084.7, 20, -29
1084.8, 20, -29
1084.9, 20, -29
1085, 20, -29
1085.1, 20, -29
1085.2, 20, -29
1085.3, 20, -29
1085.4, 20, -29
1085.5, 20, -29
1085.6, 20, -29
1085.7, 20, -29
1085.8, 20, -29
1085.9, 20, -29
1086, 20, -29
1086.1, 20, -29
1086.2, 20, -29
1086.3, 20, -29
1086.4, 20, -29
1086.5, 20, -29
1086.6, 20, -29
1086.7, 20, -29
1086.8, 20, -29
1086.9, 20, -29
1087, 20, -29
1087.1, 20, -29
1087.2, 20, -29
1087.3, 20, -29
1087.4, 20, -29
1087.5, 20, -29
1087.6, 20, -29
1087.7, 20, -29
1087.8, 20, -29
1087.9, 20, -29
1088, 20, -29
1088.1, 20, -29
1088.2, 20, -29
1088.3, 20, -29
1088.4, 20, -29
1088.5, 20, -29
1088.6, 20, -29
1088.7, 20, -29
1088.8, 20, -29
1088.9, 20, -29
1089, 20, -29
1089.1, 20, -29
1089.2, 20, -29
1089.3, 20, -29
1089.4, 20, -29
1089.5, 20, -29
1089.6, 20, -29
1089.7, 20, -29
1089.8, 20, -29
1089.9, 19, -29
1090, 19, -29
1090.1, 19, -29
1090.2, 19, -29
1090.3, 19, -29
1090.4, 19, -29
1090.5, 19, -29
1090.6, 19, -29
1090.7, 19, -29
1090.8, 19, -29
1090.9, 19, -29
1091, 19, -29
1091.1, 19, -29
1091.2, 19, -29
1091.3, 19, -29
1091.4, 19, -29
1091.5, 19, -29
1091.6, 19, -29
1091.7, 19, -29
1091.8, 19, -29
1091.9, 19, -29
1092, 19, -29
1092.1, 19, -29
1092.2, 19, -29
1092.3, 19, -29
1092.4, 19, -29
1092.5, 19, -29
1092.6, 19, -29
1092.7, 19, -29
1092.8, 19, -29
1092.9, 19, -28
1093, 19, -28
1093.1, 19, -28
1093.2, 19, -28
1093.3, 19, -28
1093.4, 19, -28
1093.5, 19, -28
1093.6, 19, -28
1093.7, 19, -28
1093.8, 19, -28
1093.9, 19, -28
1094, 19, -28
1094.1, 19, -28
1094.2, 19, -28
1094.3, 20, -28
1094.4, 20, -28
1094.5, 20, -28
1094.6, 20, -28
1094.7, 20, -28
1094.8, 20, -28
1094.9, 20, -28
1095, 20, -28
1095.1, 20, -28
1095.2, 20, -28
1095.3, 20, -28
1095.4, 20, -28
1095.5, 20, -28
1095.6, 20, -28
1095.7, 20, -28
1095.8, 20, -28
1095.9, 20, -28
1096, 20, -28
1096.1, 19, -28
1096.2, 19, -28
1096.3, 19, -28
1096.4, 19, -28
1096.5, 19, -28
1096.6, 19, -28
1096.7, 19, -28
1096.8, 19, -28
1096.9, 19, -28
1097, 19, -28
1097.1, 19, -28
1097.2, 19, -28
1097.3, 19, -28
1097.4, 19, -28
1097.5, 19, -28
1097.6, 19, -28
1097.7, 19, -28
1097.8, 19, -28
1097.9, 19, -28
1098, 19, -28
1098.1, 19, -28
1098.2, 19, -28
1098.3, 19, -28
1098.4, 19, -28
1098.5, 19, -28
1098.6, 19, -28
1098.7, 19, -28
1098.8, 19, -28
1098.9, 19, -28
1099, 19, -28
1099.1, 19, -28
1099.2, 19, -28
1099.3, 19, -28
1099.4, 19, -28
1099.5, 19, -28
1099.6, 19, -28
1099.7, 19, -28
1099.8, 19, -28
1099.9, 19, -28
1100, 19, -28
1100.1, 19, -28
1100.2, 19, -28
1100.3, 19, -28
1100.4, 19, -28
1100.5, 19, -28
1100.6, 19, -28
1100.7, 19, -28
1100.8, 19, -28
1100.9, 19, -28
1101, 19, -28
1101.1, 19, -28
1101.2, 19, -28
1101.3, 19, -28
1101.4, 19, -28
1101.5, 19, -28
1101.6, 19, -28
1101.7, 19, -28
1101.8, 19, -28
1101.9, 19, -28
1102, 19, -28
1102.1, 19, -28
1102.2, 19, -28
1102.3, 19, -28
1102.4, 19, -28
1102.5, 19, -28
1102.6, 19, -28
1102.7, 19, -28
1102.8, 19, -28
1102.9, 18, -28
1103, 18, -28
1103.1, 18, -28
1103.2, 18, -28
1103.3, 18, -28
1103.4, 18, -28
1103.5, 18, -28
1103.6, 18, -28
1103.7, 18, -28
1103.8, 18, -28
1103.9, 18, -28
1104, 18, -28
1104.1, 18, -28
1104.2, 18, -28
1104.3, 18, -28
1104.4, 18, -28
1104.5, 18, -28
1104.6, 18, -28
1104.7, 18, -28
1104.8, 18, -28
1104.9, 18, -28
1105, 18, -28
1105.1, 18, -28
1105.2, 18, -28
1105.3, 18, -28
1105.4, 18, -28
1105.5, 18, -28
1105.6, 18, -28
1105.7, 18, -28
1105.8, 18, -28
1105.9, 18, -29
1106, 18, -29
1106.1, 17, -29
1106.2, 17, -29
1106.3, 17, -29
1106.4, 17, -29
1106.5, 18, -29
1106.6, 18, -29
1106.7, 19, -29
1106.8, 19, -29
1106.9, 19, -29
1107, 19, -29
1107.1, 19, -29
1107.2, 19, -29
1107.3, 19, -29
1107.4, 19, -29
1107.5, 18, -29
1107.6, 18, -29
1107.7, 18, -29
1107.8, 18, -29
1107.9, 18, -29
1108, 18, -29
1108.1, 18, -29
1108.2, 18, -29
1108.3, 18, -29
1108.4, 18, -29
1108.5, 18, -29
1108.6, 18, -29
1108.7, 18, -29
1108.8, 18, -29
1108.9, 18, -29
1109, 18, -29
1109.1, 18, -29
1109.2, 18, -29
1109.3, 18, -29
1109.4, 18, -29
1109.5, 18, -29
1109.6, 18, -29
1109.7, 18, -29
1109.8, 18, -29
1109.9, 18, -29
1110, 18, -29
1110.1, 18, -29
1110.2, 18, -29
1110.3, 18, -29
1110.4, 18, -29
1110.5, 18, -29
1110.6, 18, -29
1110.7, 18, -29
1110.8, 18, -29
1110.9, 18, -29
1111, 18, -29
1111.1, 18, -29
1111.2, 18, -29
1111.3, 18, -29
1111.4, 18, -29
1111.5, 18, -29
1111.6, 18, -29
1111.7, 18, -29
1111.8, 18, -29
1111.9, 18, -29
1112, 18, -29
1112.1, 18, -29
1112.2, 18, -29
1112.3, 18, -29
1112.4, 18, -29
1112.5, 18, -29
1112.6, 18, -29
1112.7, 18, -30
1112.8, 18, -30
1112.9, 18, -30
1113, 18, -30
1113.1, 19, -30
1113.2, 19, -30
1113.3, 19, -30
1113.4, 19, -30
1113.5, 19, -30
1113.6, 19, -30
1113.7, 19, -30
1113.8, 19, -30
1113.9, 19, -30
1114, 19, -30
1114.1, 19, -30
1114.2, 19, -30
1114.3, 19, -30
1114.4, 19, -30
1114.5, 19, -30
1114.6, 19, -30
1114.7, 19, -30
1114.8, 19, -30
1114.9, 19, -30
1115, 19, -30
1115.1, 19, -30
1115.2, 19, -30
1115.3, 19, -30
1115.4, 19, -30
1115.5, 20, -30
1115.6, 20, -30
1115.7, 20, -30
1115.8, 20, -30
1115.9, 20, -30
1116, 20, -30
1116.1, 20, -30
1116.2, 20, -30
1116.3, 20, -30
1116.4, 20, -30
1116.5, 20, -30
1116.6, 20, -30
1116.7, 20, -30
1116.8, 20, -30
1116.9, 20, -30
1117, 20, -30
1117.1, 20, -30
1117.2, 20, -30
1117.3, 20, -30
1117.4, 20, -30
1117.5, 20, -30
1117.6, 20, -30
1117.7, 20, -30
1117.8, 20, -30
1117.9, 20, -30
1118, 20, -30
1118.1, 20, -30
1118.2, 20, -30
1118.3, 19, -30
1118.4, 19, -30
1118.5, 20, -30
1118.6, 20, -30
1118.7, 20, -30
1118.8, 20, -30
1118.9, 20, -30
1119, 20, -30
1119.1, 20, -29
1119.2, 20, -29
1119.3, 20, -29
1119.4, 20, -29
1119.5, 20, -29
1119.6, 20, -29
1119.7, 20, -29
1119.8, 20, -29
1119.9, 20, -29
1120, 20, -29
1120.1, 20, -29
1120.2, 20, -29
1120.3, 20, -29
1120.4, 20, -29
1120.5, 19, -29
1120.6, 19, -29
1120.7, 19, -29
1120.8, 19, -29
1120.9, 19, -29
1121, 19, -29
1121.1, 19, -29
1121.2, 19, -29
1121.3, 19, -29
1121.4, 19, -29
1121.5, 19, -29
1121.6, 19, -29
1121.7, 19, -29
1121.8, 19, -29
1121.9, 19, -29
1122, 19, -29
1122.1, 18, -29
1122.2, 18, -29
1122.3, 19, -29
1122.4, 19, -29
1122.5, 20, -29
1122.6, 20, -29
1122.7, 20, -29
1122.8, 20, -29
1122.9, 20, -29
1123, 20, -29
1123.1, 20, -29
1123.2, 20, -29
1123.3, 21, -29
1123.4, 21, -29
1123.5, 21, -28
1123.6, 21, -28
1123.7, 21, -28
1123.8, 21, -28
1123.9, 21, -28
1124, 21, -28
1124.1, 21, -28
1124.2, 21, -28
1124.3, 21, -29
1124.4, 21, -29
1124.5, 21, -28
1124.6, 21, -28
1124.7, 21, -28
1124.8, 21, -28
1124.9, 21, -28
1125, 21, -28
1125.1, 21, -28
1125.2, 21, -28
1125.3, 21, -28
1125.4, 21, -28
1125.5, 21, -28
1125.6, 21, -28
1125.7, 21, -28
1125.8, 21, -28
1125.9, 21, -28
1126, 21, -28
1126.1, 20, -28
1126.2, 20, -28
1126.3, 20, -28
1126.4, 20, -28
1126.5, 20, -28
1126.6, 20, -28
1126.7, 20, -28
1126.8, 20, -28
1126.9, 21, -28
1127, 21, -28
1127.1, 21, -28
1127.2, 21, -28
1127.3, 21, -28
1127.4, 21, -28
1127.5, 21, -28
1127.6, 21, -28
1127.7, 21, -28
1127.8, 21, -28
1127.9, 21, -28
1128, 21, -28
1128.1, 21, -28
1128.2, 21, -28
1128.3, 21, -29
1128.4, 21, -29
1128.5, 21, -29
1128.6, 21, -29
1128.7, 21, -29
1128.8, 21, -29
1128.9, 21, -29
1129, 21, -29
1129.1, 21, -29
1129.2, 21, -29
1129.3, 21, -29
1129.4, 21, -29
1129.5, 21, -29
1129.6, 21, -29
1129.7, 21, -29
1129.8, 21, -29
1129.9, 21, -29
1130, 21, -29
1130.1, 21, -29
1130.2, 21, -29
1130.3, 21, -29
1130.4, 21, -29
1130.5, 21, -29
1130.6, 21, -29
1130.7, 21, -29
1130.8, 21, -29
1130.9, 21, -29
1131, 21, -29
1131.1, 21, -29
1131.2, 21, -29
1131.3, 21, -29
1131.4, 21, -29
1131.5, 21, -29
1131.6, 21, -29
1131.7, 21, -29
1131.8, 21, -29
1131.9, 21, -29
1132, 21, -29
1132.1, 21, -29
1132.2, 21, -29
1132.3, 21, -29
1132.4, 21, -29
1132.5, 21, -29
1132.6, 21, -29
1132.7, 21, -29
1132.8, 21, -29
1132.9, 21, -29
1133, 21, -29
1133.1, 21, -29
1133.2, 21, -29
1133.3, 21, -29
1133.4, 21, -29
1133.5, 21, -29
1133.6, 21, -29
1133.7, 21, -29
1133.8, 21, -29
1133.9, 21, -29
1134, 21, -29
1134.1, 21, -29
1134.2, 21, -29
1134.3, 21, -29
1134.4, 21, -29
1134.5, 21, -29
1134.6, 21, -29
1134.7, 21, -29
1134.8, 21, -29
1134.9, 21, -29
1135, 21, -29
1135.1, 21, -28
1135.2, 21, -28
1135.3, 21, -28
1135.4, 21, -28
1135.5, 21, -28
1135.6, 21, -28
1135.7, 21, -27
1135.8, 21, -27
1135.9, 21, -27
1136, 21, -27
1136.1, 21, -27
1136.2, 21, -27
1136.3, 20, -27
1136.4, 20, -27
1136.5, 20, -27
1136.6, 20, -27
1136.7, 20, -27
1136.8, 20, -27
1136.9, 20, -27
1137, 20, -27
1137.1, 20, -27
1137.2, 20, -27
1137.3, 20, -27
1137.4, 20, -27
1137.5, 20, -27
1137.6, 20, -27
1137.7, 20, -27
1137.8, 20, -27
1137.9, 20, -27
1138, 20, -27
1138.1, 20, -27
1138.2, 20, -27
1138.3, 20, -27
1138.4, 20, -27
1138.5, 20, -27
1138.6, 20, -27
1138.7, 20, -27
1138.8, 20, -27
1138.9, 20, -27
1139, 20, -27
1139.1, 20, -27
1139.2, 20, -27
1139.3, 20, -27
1139.4, 20, -27
1139.5, 20, -27
1139.6, 20, -27
1139.7, 20, -27
1139.8, 20, -27
1139.9, 20, -27
1140, 20, -27
1140.1, 20, -27
1140.2, 20, -27
1140.3, 20, -27
1140.4, 20, -27
1140.5, 20, -27
1140.6, 20, -27
1140.7, 20, -27
1140.8, 20, -27
1140.9, 20, -27
1141, 20, -27
1141.1, 20, -27
1141.2, 20, -27
1141.3, 20, -27
1141.4, 20, -27
1141.5, 20, -27
1141.6, 20, -27
1141.7, 20, -27
1141.8, 20, -27
1141.9, 20, -27
1142, 20, -27
1142.1, 20, -27
1142.2, 20, -27
1142.3, 20, -27
1142.4, 20, -27
1142.5, 20, -27
1142.6, 20, -27
1142.7, 20, -26
1142.8, 20, -26
1142.9, 20, -26
1143, 20, -26
1143.1, 20, -26
1143.2, 20, -26
1143.3, 20, -26
1143.4, 20, -26
1143.5, 20, -26
1143.6, 20, -26
1143.7, 20, -26
1143.8, 20, -26
1143.9, 19, -26
1144, 19, -26
1144.1, 19, -26
1144.2, 19, -26
1144.3, 19, -26
1144.4, 19, -26
1144.5, 19, -26
1144.6, 19, -26
1144.7, 20, -26
1144.8, 20, -26
1144.9, 20, -26
1145, 20, -26
1145.1, 20, -26
1145.2, 20, -26
1145.3, 20, -26
1145.4, 20, -26
1145.5, 20, -26
1145.6, 20, -26
1145.7, 20, -26
1145.8, 20, -26
1145.9, 20, -26
1146, 20, -26
1146.1, 20, -26
1146.2, 20, -26
1146.3, 20, -26
1146.4, 20, -26
1146.5, 20, -26
1146.6, 20, -26
1146.7, 20, -26
1146.8, 20, -26
1146.9, 20, -26
1147, 20, -26
1147.1, 20, -26
1147.2, 20, -26
1147.3, 20, -26
1147.4, 20, -26
1147.5, 20, -26
1147.6, 20, -26
1147.7, 20, -26
1147.8, 20, -26
1147.9, 20, -26
1148, 20, -26
1148.1, 20, -26
1148.2, 20, -26
1148.3, 20, -26
1148.4, 20, -26
1148.5, 20, -26
1148.6, 20, -26
1148.7, 20, -26
1148.8, 20, -26
1148.9, 20, -26
1149, 20, -26
1149.1, 19, -26
1149.2, 19, -26
1149.3, 19, -26
1149.4, 19, -26
1149.5, 19, -26
1149.6, 19, -26
1149.7, 19, -26
1149.8, 19, -26
1149.9, 19, -26
1150, 19, -26
1150.1, 19, -26
1150.2, 19, -26
1150.3, 19, -26
1150.4, 19, -26
1150.5, 19, -26
1150.6, 19, -26
1150.7, 19, -26
1150.8, 19, -26
1150.9, 19, -26
1151, 19, -26
1151.1, 19, -26
1151.2, 19, -26
1151.3, 19, -26
1151.4, 19, -26
1151.5, 19, -26
1151.6, 19, -26
1151.7, 19, -26
1151.8, 19, -26
1151.9, 19, -26
1152, 19, -26
1152.1, 19, -26
1152.2, 19, -26
1152.3, 19, -26
1152.4, 19, -26
1152.5, 19, -26
1152.6, 19, -26
1152.7, 19, -26
1152.8, 19, -26
1152.9, 19, -26
1153, 19, -26
1153.1, 19, -26
1153.2, 19, -26
1153.3, 19, -26
1153.4, 19, -26
1153.5, 19, -26
1153.6, 19, -26
1153.7, 19, -26
1153.8, 19, -26
1153.9, 19, -26
1154, 19, -26
1154.1, 19, -26
1154.2, 19, -26
1154.3, 19, -26
1154.4, 19, -26
1154.5, 19, -26
1154.6, 19, -26
1154.7, 19, -26
1154.8, 19, -26
1154.9, 19, -26
1155, 19, -26
1155.1, 19, -26
1155.2, 19, -26
1155.3, 19, -26
1155.4, 19, -26
1155.5, 19, -26
1155.6, 19, -26
1155.7, 19, -26
1155.8, 19, -26
1155.9, 19, -25
1156, 19, -25
1156.1, 19, -25
1156.2, 19, -25
1156.3, 19, -25
1156.4, 19, -25
1156.5, 19, -25
1156.6, 19, -25
1156.7, 19, -25
1156.8, 19, -25
1156.9, 19, -25
1157, 19, -25
1157.1, 19, -25
1157.2, 19, -25
1157.3, 19, -25
1157.4, 19, -25
1157.5, 19, -25
1157.6, 19, -25
1157.7, 18, -25
1157.8, 18, -25
1157.9, 17, -25
1158, 17, -25
1158.1, 17, -25
1158.2, 17, -25
1158.3, 17, -25
1158.4, 17, -25
1158.5, 17, -25
1158.6, 17, -25
1158.7, 17, -25
1158.8, 17, -25
1158.9, 17, -25
1159, 17, -25
1159.1, 17, -25
1159.2, 17, -25
1159.3, 17, -25
1159.4, 17, -25
1159.5, 17, -25
1159.6, 17, -25
1159.7, 17, -25
1159.8, 17, -25
1159.9, 17, -25
1160, 17, -25
1160.1, 17, -25
1160.2, 17, -25
1160.3, 17, -25
1160.4, 17, -25
1160.5, 17, -25
1160.6, 17, -25
1160.7, 17, -25
1160.8, 17, -25
1160.9, 17, -25
1161, 17, -25
1161.1, 17, -25
1161.2, 17, -25
1161.3, 17, -25
1161.4, 17, -25
1161.5, 17, -25
1161.6, 17, -25
1161.7, 17, -25
1161.8, 17, -25
1161.9, 17, -25
1162, 17, -25
1162.1, 17, -25
1162.2, 17, -25
1162.3, 17, -25
1162.4, 17, -25
1162.5, 17, -25
1162.6, 17, -25
1162.7, 17, -25
1162.8, 17, -25
1162.9, 17, -25
1163, 17, -25
1163.1, 17, -25
1163.2, 17, -25
1163.3, 17, -25
1163.4, 17, -25
1163.5, 17, -25
1163.6, 17, -25
1163.7, 16, -25
1163.8, 16, -25
1163.9, 16, -25
1164, 16, -25
1164.1, 16, -25
1164.2, 16, -25
1164.3, 16, -25
1164.4, 16, -25
1164.5, 16, -25
1164.6, 16, -25
1164.7, 16, -25
1164.8, 16, -25
1164.9, 16, -25
1165, 16, -25
1165.1, 16, -25
1165.2, 16, -25
1165.3, 16, -25
1165.4, 16, -25
1165.5, 16, -25
1165.6, 16, -25
1165.7, 16, -25
1165.8, 16, -25
1165.9, 16, -25
1166, 16, -25
1166.1, 16, -25
1166.2, 16, -25
1166.3, 16, -25
1166.4, 16, -25
1166.5, 16, -25
1166.6, 16, -25
1166.7, 15, -25
1166.8, 15, -25
1166.9, 15, -25
1167, 15, -25
1167.1, 15, -25
1167.2, 15, -25
1167.3, 15, -25
1167.4, 15, -25
1167.5, 15, -25
1167.6, 15, -25
1167.7, 15, -25
1167.8, 15, -25
1167.9, 15, -25
1168, 15, -25
1168.1, 15, -25
1168.2, 15, -25
1168.3, 15, -25
1168.4, 15, -25
1168.5, 15, -25
1168.6, 15, -25
1168.7, 15, -25
1168.8, 15, -25
1168.9, 15, -25
1169, 15, -25
1169.1, 15, -25
1169.2, 15, -25
1169.3, 15, -25
1169.4, 15, -25
1169.5, 15, -25
1169.6, 15, -25
1169.7, 15, -25
1169.8, 15, -25
1169.9, 15, -25
1170, 15, -25
1170.1, 15, -25
1170.2, 15, -25
1170.3, 15, -24
1170.4, 15, -24
1170.5, 15, -24
1170.6, 15, -24
1170.7, 15, -24
1170.8, 15, -24
1170.9, 15, -24
1171, 15, -24
1171.1, 15, -24
1171.2, 15, -24
1171.3, 15, -24
1171.4, 15, -24
1171.5, 15, -24
1171.6, 15, -24
1171.7, 15, -24
1171.8, 15, -24
1171.9, 15, -24
1172, 15, -24
1172.1, 15, -24
1172.2, 15, -24
1172.3, 15, -24
1172.4, 15, -24
1172.5, 15, -24
1172.6, 15, -24
1172.7, 15, -24
1172.8, 15, -24
1172.9, 15, -24
1173, 15, -24
1173.1, 15, -24
1173.2, 15, -24
1173.3, 15, -24
1173.4, 15, -24
1173.5, 15, -24
1173.6, 15, -24
1173.7, 15, -24
1173.8, 15, -24
1173.9, 15, -24
1174, 15, -24
1174.1, 15, -24
1174.2, 15, -24
1174.3, 15, -24
1174.4, 15, -24
1174.5, 15, -24
1174.6, 15, -24
1174.7, 15, -24
1174.8, 15, -24
1174.9, 15, -24
1175, 15, -24
1175.1, 15, -24
1175.2, 15, -24
1175.3, 15, -24
1175.4, 15, -24
1175.5, 15, -24
1175.6, 15, -24
1175.7, 15, -24
1175.8, 15, -24
1175.9, 15, -24
1176, 15, -24
1176.1, 15, -24
1176.2, 15, -24
1176.3, 15, -24
1176.4, 15, -24
1176.5, 15, -24
1176.6, 15, -24
1176.7, 15, -24
1176.8, 15, -24
1176.9, 15, -24
1177, 15, -24
1177.1, 15, -24
1177.2, 15, -24
1177.3, 15, -24
1177.4, 15, -24
1177.5, 15, -24
1177.6, 15, -24
1177.7, 15, -24
1177.8, 15, -24
1177.9, 15, -24
1178, 15, -24
1178.1, 15, -24
1178.2, 15, -24
1178.3, 15, -24
1178.4, 15, -24
1178.5, 15, -24
1178.6, 15, -24
1178.7, 15, -24
1178.8, 15, -24
1178.9, 15, -24
1179, 15, -24
1179.1, 15, -24
1179.2, 15, -24
1179.3, 15, -24
1179.4, 15, -24
1179.5, 15, -23
1179.6, 15, -23
1179.7, 15, -23
1179.8, 15, -23
1179.9, 15, -23
1180, 15, -23
1180.1, 15, -23
1180.2, 15, -23
1180.3, 15, -23
1180.4, 15, -23
1180.5, 15, -23
1180.6, 15, -23
1180.7, 15, -23
1180.8, 15, -23
1180.9, 15, -23
1181, 15, -23
1181.1, 15, -23
1181.2, 15, -23
1181.3, 15, -23
1181.4, 15, -23
1181.5, 15, -23
1181.6, 15, -23
1181.7, 14, -23
1181.8, 14, -23
1181.9, 14, -23
1182, 14, -23
1182.1, 14, -23
1182.2, 14, -23
1182.3, 14, -23
1182.4, 14, -23
1182.5, 14, -23
1182.6, 14, -23
1182.7, 14, -23
1182.8, 14, -23
1182.9, 14, -23
1183, 14, -23
1183.1, 14, -23
1183.2, 14, -23
1183.3, 14, -23
1183.4, 14, -23
1183.5, 14, -23
1183.6, 14, -23
1183.7, 14, -23
1183.8, 14, -23
1183.9, 14, -23
1184, 14, -23
1184.1, 14, -23
1184.2, 14, -23
1184.3, 14, -22
1184.4, 14, -22
1184.5, 14, -22
1184.6, 14, -22
1184.7, 14, -22
1184.8, 14, -22
1184.9, 14, -22
1185, 14, -22
1185.1, 13, -22
1185.2, 13, -22
1185.3, 13, -22
1185.4, 13, -22
1185.5, 13, -22
1185.6, 13, -22
1185.7, 13, -22
1185.8, 13, -22
1185.9, 13, -22
1186, 13, -22
1186.1, 13, -22
1186.2, 13, -22
1186.3, 13, -23
1186.4, 13, -23
1186.5, 13, -23
1186.6, 13, -23
1186.7, 13, -23
1186.8, 13, -23
1186.9, 13, -23
1187, 13, -23
1187.1, 13, -23
1187.2, 13, -23
1187.3, 13, -23
1187.4, 13, -23
1187.5, 13, -23
1187.6, 13, -23
1187.7, 13, -24
1187.8, 13, -24
1187.9, 13, -24
1188, 13, -24
1188.1, 13, -24
1188.2, 13, -24
1188.3, 13, -24
1188.4, 13, -24
1188.5, 13, -24
1188.6, 13, -24
1188.7, 13, -24
1188.8, 13, -24
1188.9, 13, -24
1189, 13, -24
1189.1, 13, -24
1189.2, 13, -24
1189.3, 13, -24
1189.4, 13, -24
1189.5, 13, -24
1189.6, 13, -24
1189.7, 13, -24
1189.8, 13, -24
1189.9, 13, -24
1190, 13, -24
1190.1, 13, -24
1190.2, 13, -24
1190.3, 13, -24
1190.4, 13, -24
1190.5, 13, -24
1190.6, 13, -24
1190.7, 13, -24
1190.8, 13, -24
1190.9, 14, -24
1191, 14, -24
1191.1, 14, -24
1191.2, 14, -24
1191.3, 14, -24
1191.4, 14, -24
1191.5, 14, -25
1191.6, 14, -25
1191.7, 14, -25
1191.8, 14, -25
1191.9, 14, -25
1192, 14, -25
1192.1, 14, -25
1192.2, 14, -25
1192.3, 14, -26
1192.4, 14, -26
1192.5, 14, -25
1192.6, 14, -25
1192.7, 14, -25
1192.8, 14, -25
1192.9, 14, -25
1193, 14, -25
1193.1, 14, -25
1193.2, 14, -25
1193.3, 14, -25
1193.4, 14, -25
1193.5, 15, -25
1193.6, 15, -25
1193.7, 15, -25
1193.8, 15, -25
1193.9, 15, -25
1194, 15, -25
1194.1, 15, -25
1194.2, 15, -25
1194.3, 15, -25
1194.4, 15, -25
1194.5, 15, -25
1194.6, 15, -25
1194.7, 15, -25
1194.8, 15, -25
1194.9, 15, -25
1195, 15, -25
1195.1, 15, -25
1195.2, 15, -25
1195.3, 15, -25
1195.4, 15, -25
1195.5, 15, -25
1195.6, 15, -25
1195.7, 15, -25
1195.8, 15, -25
1195.9, 15, -25
1196, 15, -25
1196.1, 15, -25
1196.2, 15, -25
1196.3, 15, -25
1196.4, 15, -25
1196.5, 15, -25
1196.6, 15, -25
1196.7, 16, -25
1196.8, 16, -25
1196.9, 16, -25
1197, 16, -25
1197.1, 16, -25
1197.2, 16, -25
1197.3, 16, -25
1197.4, 16, -25
1197.5, 16, -25
1197.6, 16, -25
1197.7, 16, -25
1197.8, 16, -25
1197.9, 16, -25
1198, 16, -25
1198.1, 16, -25
1198.2, 16, -25
1198.3, 16, -25
1198.4, 16, -25
1198.5, 16, -25
1198.6, 16, -25
1198.7, 16, -25
1198.8, 16, -25
1198.9, 16, -25
1199, 16, -25
1199.1, 16, -25
1199.2, 16, -25
1199.3, 16, -25
1199.4, 16, -25
1199.5, 16, -25
1199.6, 16, -25
1199.7, 16, -25
1199.8, 16, -25
1199.9, 16, -24
1200, 16, -24
1200.1, 16, -24
1200.2, 16, -24
1200.3, 16, -24
1200.4, 16, -24
1200.5, 16, -24
1200.6, 16, -24
1200.7, 16, -24
1200.8, 16, -24
1200.9, 16, -24
1201, 16, -24
1201.1, 16, -24
1201.2, 16, -24
1201.3, 16, -24
1201.4, 16, -24
1201.5, 16, -24
1201.6, 16, -24
1201.7, 16, -24
1201.8, 16, -24
1201.9, 15, -24
1202, 15, -24
1202.1, 15, -24
1202.2, 15, -24
1202.3, 15, -24
1202.4, 15, -24
1202.5, 15, -24
1202.6, 15, -24
1202.7, 15, -24
1202.8, 15, -24
1202.9, 15, -24
1203, 15, -24
1203.1, 15, -24
1203.2, 15, -24
1203.3, 15, -24
1203.4, 15, -24
1203.5, 15, -24
1203.6, 15, -24
1203.7, 15, -24
1203.8, 15, -24
1203.9, 15, -24
1204, 15, -24
1204.1, 15, -24
1204.2, 15, -24
1204.3, 15, -24
1204.4, 15, -24
1204.5, 15, -24
1204.6, 15, -24
1204.7, 15, -24
1204.8, 15, -24
1204.9, 16, -24
1205, 16, -24
1205.1, 16, -24
1205.2, 16, -24
1205.3, 16, -24
1205.4, 16, -24
1205.5, 16, -25
1205.6, 16, -25
1205.7, 16, -25
1205.8, 16, -25
1205.9, 16, -25
1206, 16, -25
1206.1, 16, -25
1206.2, 16, -25
1206.3, 16, -25
1206.4, 16, -25
1206.5, 16, -25
1206.6, 16, -25
1206.7, 16, -25
1206.8, 16, -25
1206.9, 16, -25
1207, 16, -25
1207.1, 16, -25
1207.2, 16, -25
1207.3, 16, -25
1207.4, 16, -25
1207.5, 16, -25
1207.6, 16, -25
1207.7, 16, -25
1207.8, 16, -25
1207.9, 16, -25
1208, 16, -25
1208.1, 16, -25
1208.2, 16, -25
1208.3, 16, -25
1208.4, 16, -25
1208.5, 16, -25
1208.6, 16, -25
1208.7, 16, -25
1208.8, 16, -25
1208.9, 16, -24
1209, 16, -24
1209.1, 16, -24
1209.2, 16, -24
1209.3, 16, -24
1209.4, 16, -24
1209.5, 16, -24
1209.6, 16, -24
1209.7, 16, -24
1209.8, 16, -24
1209.9, 17, -24
1210, 17, -24
1210.1, 17, -24
1210.2, 17, -24
1210.3, 17, -24
1210.4, 17, -24
1210.5, 17, -24
1210.6, 17, -24
1210.7, 17, -24
1210.8, 17, -24
1210.9, 17, -24
1211, 17, -24
1211.1, 17, -24
1211.2, 17, -24
1211.3, 17, -24
1211.4, 17, -24
1211.5, 17, -24
1211.6, 17, -24
1211.7, 17, -24
1211.8, 17, -24
1211.9, 17, -24
1212, 17, -24
1212.1, 17, -24
1212.2, 17, -24
1212.3, 17, -24
1212.4, 17, -24
1212.5, 17, -24
1212.6, 17, -24
1212.7, 17, -25
1212.8, 17, -25
1212.9, 17, -25
1213, 17, -25
1213.1, 17, -25
1213.2, 17, -25
1213.3, 16, -25
1213.4, 16, -25
1213.5, 16, -25
1213.6, 16, -25
1213.7, 16, -25
1213.8, 16, -25
1213.9, 16, -25
1214, 16, -25
1214.1, 16, -25
1214.2, 16, -25
1214.3, 16, -25
1214.4, 16, -25
1214.5, 16, -25
1214.6, 16, -25
1214.7, 16, -25
1214.8, 16, -25
1214.9, 16, -25
1215, 16, -25
1215.1, 16, -25
1215.2, 16, -25
1215.3, 16, -25
1215.4, 16, -25
1215.5, 16, -25
1215.6, 16, -25
1215.7, 16, -25
1215.8, 16, -25
1215.9, 16, -25
1216, 16, -25
1216.1, 16, -25
1216.2, 16, -25
1216.3, 16, -25
1216.4, 16, -25
1216.5, 16, -25
1216.6, 16, -25
1216.7, 16, -25
1216.8, 16, -25
1216.9, 16, -25
1217, 16, -25
1217.1, 16, -25
1217.2, 16, -25
1217.3, 16, -25
1217.4, 16, -25
1217.5, 16, -25
1217.6, 16, -25
1217.7, 16, -25
1217.8, 16, -25
1217.9, 16, -25
1218, 16, -25
1218.1, 16, -25
1218.2, 16, -25
1218.3, 16, -25
1218.4, 16, -25
1218.5, 16, -25
1218.6, 16, -25
1218.7, 16, -25
1218.8, 16, -25
1218.9, 16, -25
1219, 16, -25
1219.1, 15, -25
1219.2, 15, -25
1219.3, 15, -25
1219.4, 15, -25
1219.5, 15, -25
1219.6, 15, -25
1219.7, 15, -25
1219.8, 15, -25
1219.9, 15, -25
1220, 15, -25
1220.1, 15, -25
1220.2, 15, -25
1220.3, 16, -25
1220.4, 16, -25
1220.5, 16, -25
1220.6, 16, -25
1220.7, 16, -25
1220.8, 16, -25
1220.9, 16, -25
1221, 16, -25
1221.1, 16, -25
1221.2, 16, -25
1221.3, 16, -25
1221.4, 16, -25
1221.5, 16, -25
1221.6, 16, -25
1221.7, 16, -25
1221.8, 16, -25
1221.9, 16, -25
1222, 16, -25
1222.1, 16, -25
1222.2, 16, -25
1222.3, 16, -26
1222.4, 16, -26
1222.5, 16, -26
1222.6, 16, -26
1222.7, 16, -26
1222.8, 16, -26
1222.9, 16, -26
1223, 16, -26
1223.1, 16, -26
1223.2, 16, -26
1223.3, 16, -26
1223.4, 16, -26
1223.5, 16, -26
1223.6, 16, -26
1223.7, 16, -26
1223.8, 16, -26
1223.9, 16, -26
1224, 16, -26
1224.1, 16, -26
1224.2, 16, -26
1224.3, 16, -25
1224.4, 16, -25
1224.5, 16, -25
1224.6, 16, -25
1224.7, 16, -25
1224.8, 16, -25
1224.9, 16, -25
1225, 16, -25
1225.1, 16, -25
1225.2, 16, -25
1225.3, 16, -25
1225.4, 16, -25
1225.5, 16, -25
1225.6, 16, -25
1225.7, 16, -25
1225.8, 16, -25
1225.9, 16, -25
1226, 16, -25
1226.1, 16, -25
1226.2, 16, -25
1226.3, 16, -25
1226.4, 16, -25
1226.5, 16, -25
1226.6, 16, -25
1226.7, 16, -25
1226.8, 16, -25
1226.9, 16, -25
1227, 16, -25
1227.1, 16, -25
1227.2, 16, -25
1227.3, 16, -25
1227.4, 16, -25
1227.5, 16, -25
1227.6, 16, -25
1227.7, 16, -25
1227.8, 16, -25
1227.9, 16, -25
1228, 16, -25
1228.1, 16, -25
1228.2, 16, -25
1228.3, 16, -25
1228.4, 16, -25
1228.5, 16, -25
1228.6, 16, -25
1228.7, 16, -25
1228.8, 16, -25
1228.9, 16, -25
1229, 16, -25
1229.1, 16, -25
1229.2, 16, -25
1229.3, 16, -25
1229.4, 16, -25
1229.5, 16, -25
1229.6, 16, -25
1229.7, 16, -25
1229.8, 16, -25
1229.9, 16, -25
1230, 16, -25
1230.1, 16, -25
1230.2, 16, -25
1230.3, 16, -25
1230.4, 16, -25
1230.5, 16, -25
1230.6, 16, -25
1230.7, 16, -25
1230.8, 16, -25
1230.9, 16, -25
1231, 16, -25
1231.1, 16, -25
1231.2, 16, -25
1231.3, 16, -25
1231.4, 16, -25
1231.5, 16, -25
1231.6, 16, -25
1231.7, 16, -25
1231.8, 16, -25
1231.9, 16, -25
1232, 16, -25
1232.1, 16, -25
1232.2, 16, -25
1232.3, 16, -25
1232.4, 16, -25
1232.5, 16, -25
1232.6, 16, -25
1232.7, 16, -25
1232.8, 16, -25
1232.9, 16, -25
1233, 16, -25
1233.1, 16, -25
1233.2, 16, -25
1233.3, 16, -25
1233.4, 16, -25
1233.5, 16, -25
1233.6, 16, -25
1233.7, 16, -25
1233.8, 16, -25
1233.9, 16, -25
1234, 16, -25
1234.1, 16, -25
1234.2, 16, -25
1234.3, 16, -25
1234.4, 16, -25
1234.5, 16, -25
1234.6, 16, -25
1234.7, 16, -25
1234.8, 16, -25
1234.9, 16, -24
1235, 16, -24
1235.1, 16, -24
1235.2, 16, -24
1235.3, 17, -24
1235.4, 17, -24
1235.5, 17, -24
1235.6, 17, -24
1235.7, 17, -24
1235.8, 17, -24
1235.9, 17, -24
1236, 17, -24
1236.1, 17, -24
1236.2, 17, -24
1236.3, 17, -24
1236.4, 17, -24
1236.5, 17, -24
1236.6, 17, -24
1236.7, 17, -24
1236.8, 17, -24
1236.9, 16, -24
1237, 16, -24
1237.1, 16, -24
1237.2, 16, -24
1237.3, 16, -24
1237.4, 16, -24
1237.5, 16, -24
1237.6, 16, -24
1237.7, 16, -24
1237.8, 16, -24
1237.9, 16, -24
1238, 16, -24
1238.1, 16, -24
1238.2, 16, -24
1238.3, 16, -24
1238.4, 16, -24
1238.5, 16, -24
1238.6, 16, -24
1238.7, 16, -24
1238.8, 16, -24
1238.9, 16, -24
1239, 16, -24
1239.1, 16, -24
1239.2, 16, -24
1239.3, 16, -24
1239.4, 16, -24
1239.5, 16, -24
1239.6, 16, -24
1239.7, 16, -24
1239.8, 16, -24
1239.9, 16, -24
1240, 16, -24
1240.1, 16, -24
1240.2, 16, -24
1240.3, 16, -24
1240.4, 16, -24
1240.5, 16, -24
1240.6, 16, -24
1240.7, 16, -24
1240.8, 16, -24
1240.9, 16, -24
1241, 16, -24
1241.1, 16, -24
1241.2, 16, -24
1241.3, 16, -24
1241.4, 16, -24
1241.5, 16, -24
1241.6, 16, -24
1241.7, 16, -24
1241.8, 16, -24
1241.9, 15, -24
1242, 15, -24
1242.1, 15, -24
1242.2, 15, -24
1242.3, 15, -24
1242.4, 15, -24
1242.5, 15, -24
1242.6, 15, -24
1242.7, 15, -24
1242.8, 15, -24
1242.9, 15, -24
1243, 15, -24
1243.1, 15, -24
1243.2, 15, -24
1243.3, 15, -24
1243.4, 15, -24
1243.5, 15, -24
1243.6, 15, -24
1243.7, 15, -24
1243.8, 15, -24
1243.9, 15, -24
1244, 15, -24
1244.1, 15, -24
1244.2, 15, -24
1244.3, 15, -24
1244.4, 15, -24
1244.5, 15, -24
1244.6, 15, -24
1244.7, 15, -24
1244.8, 15, -24
1244.9, 15, -24
1245, 15, -24
1245.1, 15, -24
1245.2, 15, -24
1245.3, 15, -24
1245.4, 15, -24
1245.5, 15, -24
1245.6, 15, -24
1245.7, 15, -24
1245.8, 15, -24
1245.9, 15, -24
1246, 15, -24
1246.1, 15, -24
1246.2, 15, -24
1246.3, 15, -24
1246.4, 15, -24
1246.5, 15, -24
1246.6, 15, -24
1246.7, 15, -24
1246.8, 15, -24
1246.9, 15, -23
1247, 15, -23
1247.1, 15, -23
1247.2, 15, -23
1247.3, 15, -23
1247.4, 15, -23
1247.5, 15, -23
1247.6, 15, -23
1247.7, 15, -23
1247.8, 15, -23
1247.9, 15, -23
1248, 15, -23
1248.1, 15, -23
1248.2, 15, -23
1248.3, 15, -23
1248.4, 15, -23
1248.5, 15, -23
1248.6, 15, -23
1248.7, 15, -23
1248.8, 15, -23
1248.9, 15, -24
1249, 15, -24
1249.1, 15, -24
1249.2, 15, -24
1249.3, 15, -24
1249.4, 15, -24
1249.5, 15, -24
1249.6, 15, -24
1249.7, 15, -24
1249.8, 15, -24
1249.9, 14, -24
1250, 14, -24
1250.1, 14, -23
1250.2, 14, -23
1250.3, 14, -23
1250.4, 14, -23
1250.5, 14, -23
1250.6, 14, -23
1250.7, 14, -23
1250.8, 14, -23
1250.9, 14, -23
1251, 14, -23
1251.1, 14, -23
1251.2, 14, -23
1251.3, 14, -23
1251.4, 14, -23
1251.5, 14, -23
1251.6, 14, -23
1251.7, 14, -23
1251.8, 14, -23
1251.9, 14, -23
1252, 14, -23
1252.1, 14, -23
1252.2, 14, -23
1252.3, 14, -23
1252.4, 14, -23
1252.5, 14, -23
1252.6, 14, -23
1252.7, 14, -23
1252.8, 14, -23
1252.9, 14, -23
1253, 14, -23
1253.1, 14, -23
1253.2, 14, -23
1253.3, 14, -23
1253.4, 14, -23
1253.5, 14, -23
1253.6, 14, -23
1253.7, 14, -23
1253.8, 14, -23
1253.9, 14, -23
1254, 14, -23
1254.1, 14, -23
1254.2, 14, -23
1254.3, 14, -23
1254.4, 14, -23
1254.5, 14, -23
1254.6, 14, -23
1254.7, 14, -23
1254.8, 14, -23
1254.9, 14, -23
1255, 14, -23
1255.1, 14, -23
1255.2, 14, -23
1255.3, 14, -23
1255.4, 14, -23
1255.5, 14, -23
1255.6, 14, -23
1255.7, 14, -23
1255.8, 14, -23
1255.9, 14, -24
1256, 14, -24
1256.1, 14, -24
1256.2, 14, -24
1256.3, 14, -24
1256.4, 14, -24
1256.5, 14, -24
1256.6, 14, -24
1256.7, 14, -24
1256.8, 14, -24
1256.9, 14, -24
1257, 14, -24
1257.1, 14, -24
1257.2, 14, -24
1257.3, 14, -24
1257.4, 14, -24
1257.5, 14, -24
1257.6, 14, -24
1257.7, 14, -24
1257.8, 14, -24
1257.9, 14, -24
1258, 14, -24
1258.1, 14, -24
1258.2, 14, -24
1258.3, 14, -24
1258.4, 14, -24
1258.5, 14, -24
1258.6, 14, -24
1258.7, 14, -24
1258.8, 14, -24
1258.9, 14, -24
1259, 14, -24
1259.1, 14, -24
1259.2, 14, -24
1259.3, 14, -24
1259.4, 14, -24
1259.5, 14, -24
1259.6, 14, -24
1259.7, 14, -24
1259.8, 14, -24
1259.9, 14, -24
1260, 14, -24
1260.1, 14, -24
1260.2, 14, -24
1260.3, 14, -24
1260.4, 14, -24
1260.5, 14, -24
1260.6, 14, -24
1260.7, 14, -24
1260.8, 14, -24
1260.9, 14, -24
1261, 14, -24
1261.1, 14, -24
1261.2, 14, -24
1261.3, 14, -24
1261.4, 14, -24
1261.5, 14, -23
1261.6, 14, -23
1261.7, 14, -23
1261.8, 14, -23
1261.9, 14, -23
1262, 14, -23
1262.1, 14, -23
1262.2, 14, -23
1262.3, 14, -23
1262.4, 14, -23
1262.5, 14, -23
1262.6, 14, -23
1262.7, 14, -23
1262.8, 14, -23
1262.9, 14, -23
1263, 14, -23
1263.1, 14, -23
1263.2, 14, -23
1263.3, 14, -23
1263.4, 14, -23
1263.5, 14, -23
1263.6, 14, -23
1263.7, 14, -23
1263.8, 14, -23
1263.9, 14, -23
1264, 14, -23
1264.1, 14, -23
1264.2, 14, -23
1264.3, 14, -23
1264.4, 14, -23
1264.5, 14, -23
1264.6, 14, -23
1264.7, 14, -23
1264.8, 14, -23
1264.9, 14, -23
1265, 14, -23
1265.1, 14, -24
1265.2, 14, -24
1265.3, 14, -24
1265.4, 14, -24
1265.5, 14, -24
1265.6, 14, -24
1265.7, 14, -24
1265.8, 14, -24
1265.9, 14, -24
1266, 14, -24
1266.1, 14, -24
1266.2, 14, -24
1266.3, 14, -25
1266.4, 14, -25
1266.5, 14, -25
1266.6, 14, -25
1266.7, 14, -25
1266.8, 14, -25
1266.9, 14, -25
1267, 14, -25
1267.1, 14, -25
1267.2, 14, -25
1267.3, 14, -25
1267.4, 14, -25
1267.5, 14, -25
1267.6, 14, -25
1267.7, 14, -25
1267.8, 14, -25
1267.9, 14, -25
1268, 14, -25
1268.1, 14, -25
1268.2, 14, -25
1268.3, 13, -25
1268.4, 13, -25
1268.5, 13, -25
1268.6, 13, -25
1268.7, 13, -25
1268.8, 13, -25
1268.9, 13, -25
1269, 13, -25
1269.1, 13, -25
1269.2, 13, -25
1269.3, 13, -25
1269.4, 13, -25
1269.5, 13, -25
1269.6, 13, -25
1269.7, 13, -25
1269.8, 13, -25
1269.9, 13, -26
1270, 13, -26
1270.1, 13, -26
1270.2, 13, -26
1270.3, 13, -25
1270.4, 13, -25
1270.5, 13, -25
1270.6, 13, -25
1270.7, 13, -25
1270.8, 13, -25
1270.9, 13, -25
1271, 13, -25
1271.1, 13, -25
1271.2, 13, -25
1271.3, 13, -25
1271.4, 13, -25
1271.5, 13, -25
1271.6, 13, -25
1271.7, 12, -25
1271.8, 12, -25
1271.9, 12, -25
1272, 12, -25
1272.1, 11, -25
1272.2, 11, -25
1272.3, 11, -25
1272.4, 11, -25
1272.5, 11, -25
1272.6, 11, -25
1272.7, 11, -25
1272.8, 11, -25
1272.9, 11, -25
1273, 11, -25
1273.1, 11, -25
1273.2, 11, -25
1273.3, 11, -25
1273.4, 11, -25
1273.5, 11, -25
1273.6, 11, -25
1273.7, 11, -25
1273.8, 11, -25
1273.9, 11, -25
1274, 11, -25
1274.1, 11, -25
1274.2, 11, -25
1274.3, 11, -25
1274.4, 11, -25
1274.5, 11, -25
1274.6, 11, -25
1274.7, 11, -25
1274.8, 11, -25
1274.9, 11, -25
1275, 11, -25
1275.1, 11, -25
1275.2, 11, -25
1275.3, 11, -25
1275.4, 11, -25
1275.5, 11, -25
1275.6, 11, -25
1275.7, 11, -25
1275.8, 11, -25
1275.9, 11, -25
1276, 11, -25
1276.1, 11, -25
1276.2, 11, -25
1276.3, 11, -25
1276.4, 11, -25
1276.5, 11, -25
1276.6, 11, -25
1276.7, 11, -25
1276.8, 11, -25
1276.9, 11, -25
1277, 11, -25
1277.1, 11, -25
1277.2, 11, -25
1277.3, 11, -25
1277.4, 11, -25
1277.5, 11, -25
1277.6, 11, -25
1277.7, 11, -25
1277.8, 11, -25
1277.9, 11, -25
1278, 11, -25
1278.1, 11, -25
1278.2, 11, -25
1278.3, 11, -25
1278.4, 11, -25
1278.5, 11, -25
1278.6, 11, -25
1278.7, 11, -25
1278.8, 11, -25
1278.9, 11, -25
1279, 11, -25
1279.1, 11, -25
1279.2, 11, -25
1279.3, 11, -25
1279.4, 11, -25
1279.5, 11, -25
1279.6, 11, -25
1279.7, 11, -25
1279.8, 11, -25
1279.9, 11, -25
1280, 11, -25
1280.1, 11, -25
1280.2, 11, -25
1280.3, 11, -25
1280.4, 11, -25
1280.5, 11, -25
1280.6, 11, -25
1280.7, 11, -25
1280.8, 11, -25
1280.9, 11, -25
1281, 11, -25
1281.1, 11, -25
1281.2, 11, -25
1281.3, 11, -25
1281.4, 11, -25
1281.5, 11, -25
1281.6, 11, -25
1281.7, 11, -25
1281.8, 11, -25
1281.9, 11, -25
1282, 11, -25
1282.1, 11, -25
1282.2, 11, -25
1282.3, 12, -25
1282.4, 12, -25
1282.5, 12, -25
1282.6, 12, -25
1282.7, 12, -25
1282.8, 12, -25
1282.9, 12, -25
1283, 12, -25
1283.1, 12, -25
1283.2, 12, -25
1283.3, 12, -25
1283.4, 12, -25
1283.5, 12, -25
1283.6, 12, -25
1283.7, 12, -25
1283.8, 12, -25
1283.9, 12, -25
1284, 12, -25
1284.1, 12, -25
1284.2, 12, -25
1284.3, 12, -26
1284.4, 12, -26
1284.5, 12, -26
1284.6, 12, -26
1284.7, 12, -26
1284.8, 12, -26
1284.9, 12, -26
1285, 12, -26
1285.1, 12, -26
1285.2, 12, -26
1285.3, 12, -26
1285.4, 12, -26
1285.5, 12, -26
1285.6, 12, -26
1285.7, 12, -26
1285.8, 12, -26
1285.9, 12, -26
1286, 12, -26
1286.1, 12, -26
1286.2, 12, -26
1286.3, 12, -26
1286.4, 12, -26
1286.5, 12, -26
1286.6, 12, -26
1286.7, 12, -26
1286.8, 12, -26
1286.9, 12, -26
1287, 12, -26
1287.1, 12, -26
1287.2, 12, -26
1287.3, 12, -26
1287.4, 12, -26
1287.5, 12, -26
1287.6, 12, -26
1287.7, 12, -26
1287.8, 12, -26
1287.9, 12, -26
1288, 12, -26
1288.1, 12, -26
1288.2, 12, -26
1288.3, 12, -26
1288.4, 12, -26
1288.5, 12, -26
1288.6, 12, -26
1288.7, 12, -26
1288.8, 12, -26
1288.9, 12, -26
1289, 12, -26
1289.1, 12, -27
1289.2, 12, -27
1289.3, 12, -27
1289.4, 12, -27
1289.5, 12, -28
1289.6, 12, -28
1289.7, 12, -28
1289.8, 12, -28
1289.9, 12, -28
1290, 12, -28
1290.1, 12, -28
1290.2, 12, -28
1290.3, 12, -28
1290.4, 12, -28
1290.5, 12, -28
1290.6, 12, -28
1290.7, 12, -28
1290.8, 12, -28
1290.9, 12, -28
1291, 12, -28
1291.1, 12, -28
1291.2, 12, -28
1291.3, 12, -28
1291.4, 12, -28
1291.5, 12, -27
1291.6, 12, -27
1291.7, 12, -27
1291.8, 12, -27
1291.9, 12, -27
1292, 12, -27
1292.1, 12, -27
1292.2, 12, -27
1292.3, 12, -27
1292.4, 12, -27
1292.5, 12, -27
1292.6, 12, -27
1292.7, 12, -27
1292.8, 12, -27
1292.9, 12, -27
1293, 12, -27
1293.1, 12, -27
1293.2, 12, -27
1293.3, 12, -27
1293.4, 12, -27
1293.5, 12, -27
1293.6, 12, -27
1293.7, 12, -27
1293.8, 12, -27
1293.9, 12, -27
1294, 12, -27
1294.1, 12, -27
1294.2, 12, -27
1294.3, 12, -27
1294.4, 12, -27
1294.5, 12, -27
1294.6, 12, -27
1294.7, 12, -27
1294.8, 12, -27
1294.9, 12, -27
1295, 12, -27
1295.1, 12, -27
1295.2, 12, -27
1295.3, 12, -27
1295.4, 12, -27
1295.5, 12, -26
1295.6, 12, -26
1295.7, 12, -26
1295.8, 12, -26
1295.9, 12, -26
1296, 12, -26
1296.1, 12, -26
1296.2, 12, -26
1296.3, 12, -26
1296.4, 12, -26
1296.5, 12, -26
1296.6, 12, -26
1296.7, 12, -26
1296.8, 12, -26
1296.9, 12, -26
1297, 12, -26
1297.1, 12, -26
1297.2, 12, -26
1297.3, 12, -26
1297.4, 12, -26
1297.5, 12, -26
1297.6, 12, -26
1297.7, 12, -26
1297.8, 12, -26
1297.9, 12, -26
1298, 12, -26
1298.1, 12, -26
1298.2, 12, -26
1298.3, 12, -26
1298.4, 12, -26
1298.5, 12, -26
1298.6, 12, -26
1298.7, 12, -26
1298.8, 12, -26
1298.9, 12, -26
1299, 12, -26
1299.1, 12, -26
1299.2, 12, -26
1299.3, 12, -26
1299.4, 12, -26
1299.5, 12, -26
1299.6, 12, -26
1299.7, 12, -26
1299.8, 12, -26
1299.9, 12, -25
1300, 12, -25
1300.1, 12, -25
1300.2, 12, -25
1300.3, 12, -24
1300.4, 12, -24
1300.5, 12, -24
1300.6, 12, -24
1300.7, 12, -24
1300.8, 12, -24
1300.9, 12, -24
1301, 12, -24
1301.1, 12, -24
1301.2, 12, -24
1301.3, 12, -24
1301.4, 12, -24
1301.5, 12, -25
1301.6, 12, -25
1301.7, 12, -25
1301.8, 12, -25
1301.9, 12, -25
1302, 12, -25
1302.1, 12, -25
1302.2, 12, -25
1302.3, 12, -25
1302.4, 12, -25
1302.5, 12, -25
1302.6, 12, -25
1302.7, 12, -25
1302.8, 12, -25
1302.9, 12, -25
1303, 12, -25
1303.1, 12, -25
1303.2, 12, -25
1303.3, 12, -25
1303.4, 12, -25
1303.5, 12, -25
1303.6, 12, -25
1303.7, 12, -25
1303.8, 12, -25
1303.9, 12, -25
1304, 12, -25
1304.1, 12, -25
1304.2, 12, -25
1304.3, 12, -25
1304.4, 12, -25
1304.5, 12, -25
1304.6, 12, -25
1304.7, 12, -25
1304.8, 12, -25
1304.9, 12, -25
1305, 12, -25
1305.1, 12, -24
1305.2, 12, -24
1305.3, 12, -25
1305.4, 12, -25
1305.5, 13, -25
1305.6, 13, -25
1305.7, 13, -26
1305.8, 13, -26
1305.9, 13, -27
1306, 13, -27
1306.1, 13, -27
1306.2, 13, -27
1306.3, 13, -27
1306.4, 13, -27
1306.5, 13, -27
1306.6, 13, -27
1306.7, 13, -27
1306.8, 13, -27
1306.9, 13, -27
1307, 13, -27
1307.1, 13, -27
1307.2, 13, -27
1307.3, 13, -27
1307.4, 13, -27
1307.5, 13, -27
1307.6, 13, -27
1307.7, 13, -27
1307.8, 13, -27
1307.9, 13, -27
1308, 13, -27
1308.1, 13, -27
1308.2, 13, -27
1308.3, 13, -27
1308.4, 13, -27
1308.5, 13, -27
1308.6, 13, -27
1308.7, 13, -27
1308.8, 13, -27
1308.9, 13, -27
1309, 13, -27
1309.1, 13, -27
1309.2, 13, -27
1309.3, 13, -27
1309.4, 13, -27
1309.5, 13, -27
1309.6, 13, -27
1309.7, 13, -27
1309.8, 13, -27
1309.9, 13, -26
1310, 13, -26
1310.1, 13, -26
1310.2, 13, -26
1310.3, 13, -26
1310.4, 13, -26
1310.5, 13, -26
1310.6, 13, -26
1310.7, 13, -26
1310.8, 13, -26
1310.9, 13, -26
1311, 13, -26
1311.1, 13, -26
1311.2, 13, -26
1311.3, 13, -26
1311.4, 13, -26
1311.5, 13, -26
1311.6, 13, -26
1311.7, 13, -26
1311.8, 13, -26
1311.9, 13, -26
1312, 13, -26
1312.1, 13, -26
1312.2, 13, -26
1312.3, 13, -26
1312.4, 13, -26
1312.5, 13, -26
1312.6, 13, -26
1312.7, 13, -26
1312.8, 13, -26
1312.9, 13, -26
1313, 13, -26
1313.1, 13, -26
1313.2, 13, -26
1313.3, 14, -26
1313.4, 14, -26
1313.5, 14, -25
1313.6, 14, -25
1313.7, 14, -25
1313.8, 14, -25
1313.9, 14, -25
1314, 14, -25
1314.1, 14, -25
1314.2, 14, -25
1314.3, 14, -25
1314.4, 14, -25
1314.5, 14, -25
1314.6, 14, -25
1314.7, 14, -25
1314.8, 14, -25
1314.9, 14, -25
1315, 14, -25
1315.1, 14, -25
1315.2, 14, -25
1315.3, 14, -25
1315.4, 14, -25
1315.5, 14, -25
1315.6, 14, -25
1315.7, 14, -25
1315.8, 14, -25
1315.9, 14, -25
1316, 14, -25
1316.1, 14, -25
1316.2, 14, -25
1316.3, 14, -25
1316.4, 14, -25
1316.5, 14, -25
1316.6, 14, -25
1316.7, 14, -25
1316.8, 14, -25
1316.9, 14, -26
1317, 14, -26
1317.1, 14, -26
1317.2, 14, -26
1317.3, 14, -25
1317.4, 14, -25
1317.5, 14, -25
1317.6, 14, -25
1317.7, 14, -25
1317.8, 14, -25
1317.9, 14, -25
1318, 14, -25
1318.1, 14, -25
1318.2, 14, -25
1318.3, 14, -25
1318.4, 14, -25
1318.5, 14, -25
1318.6, 14, -25
1318.7, 14, -25
1318.8, 14, -25
1318.9, 14, -25
1319, 14, -25
1319.1, 13, -25
1319.2, 13, -25
1319.3, 13, -25
1319.4, 13, -25
1319.5, 13, -25
1319.6, 13, -25
1319.7, 13, -25
1319.8, 13, -25
1319.9, 13, -25
1320, 13, -25
1320.1, 13, -25
1320.2, 13, -25
1320.3, 13, -25
1320.4, 13, -25
1320.5, 13, -25
1320.6, 13, -25
1320.7, 13, -25
1320.8, 13, -25
1320.9, 13, -25
1321, 13, -25
1321.1, 13, -25
1321.2, 13, -25
1321.3, 13, -25
1321.4, 13, -25
1321.5, 13, -25
1321.6, 13, -25
1321.7, 13, -25
1321.8, 13, -25
1321.9, 13, -25
1322, 13, -25
1322.1, 13, -25
1322.2, 13, -25
1322.3, 13, -25
1322.4, 13, -25
1322.5, 13, -25
1322.6, 13, -25
1322.7, 13, -25
1322.8, 13, -25
1322.9, 13, -25
1323, 13, -25
1323.1, 13, -25
1323.2, 13, -25
1323.3, 13, -25
1323.4, 13, -25
1323.5, 13, -26
1323.6, 13, -26
1323.7, 13, -26
1323.8, 13, -26
1323.9, 13, -26
1324, 13, -26
1324.1, 13, -26
1324.2, 13, -26
1324.3, 13, -26
1324.4, 13, -26
1324.5, 13, -26
1324.6, 13, -26
1324.7, 13, -26
1324.8, 13, -26
1324.9, 13, -26
1325, 13, -26
1325.1, 13, -26
1325.2, 13, -26
1325.3, 13, -26
1325.4, 13, -26
1325.5, 13, -26
1325.6, 13, -26
1325.7, 13, -26
1325.8, 13, -26
1325.9, 13, -26
1326, 13, -26
1326.1, 13, -26
1326.2, 13, -26
1326.3, 13, -26
1326.4, 13, -26
1326.5, 13, -26
1326.6, 13, -26
1326.7, 13, -26
1326.8, 13, -26
1326.9, 13, -26
1327, 13, -26
1327.1, 13, -26
1327.2, 13, -26
1327.3, 13, -26
1327.4, 13, -26
1327.5, 13, -25
1327.6, 13, -25
1327.7, 13, -25
1327.8, 13, -25
1327.9, 13, -25
1328, 13, -25
1328.1, 13, -25
1328.2, 13, -25
1328.3, 13, -24
1328.4, 13, -24
1328.5, 13, -24
1328.6, 13, -24
1328.7, 13, -24
1328.8, 13, -24
1328.9, 13, -24
1329, 13, -24
1329.1, 13, -24
1329.2, 13, -24
1329.3, 13, -24
1329.4, 13, -24
1329.5, 13, -24
1329.6, 13, -24
1329.7, 13, -24
1329.8, 13, -24
1329.9, 13, -24
1330, 13, -24
1330.1, 13, -24
1330.2, 13, -24
1330.3, 13, -24
1330.4, 13, -24
1330.5, 13, -25
1330.6, 13, -25
1330.7, 13, -25
1330.8, 13, -25
1330.9, 13, -25
1331, 13, -25
1331.1, 13, -25
1331.2, 13, -25
1331.3, 13, -25
1331.4, 13, -25
1331.5, 13, -25
1331.6, 13, -25
1331.7, 13, -25
1331.8, 13, -25
1331.9, 13, -25
1332, 13, -25
1332.1, 13, -25
1332.2, 13, -25
1332.3, 13, -25
1332.4, 13, -25
1332.5, 13, -25
1332.6, 13, -25
1332.7, 13, -25
1332.8, 13, -25
1332.9, 13, -25
1333, 13, -25
1333.1, 13, -24
1333.2, 13, -24
1333.3, 13, -24
1333.4, 13, -24
1333.5, 13, -24
1333.6, 13, -24
1333.7, 13, -24
1333.8, 13, -24
1333.9, 13, -24
1334, 13, -24
1334.1, 13, -24
1334.2, 13, -24
1334.3, 13, -24
1334.4, 13, -24
1334.5, 13, -24
1334.6, 13, -24
1334.7, 13, -24
1334.8, 13, -24
1334.9, 13, -24
1335, 13, -24
1335.1, 13, -24
1335.2, 13, -24
1335.3, 13, -24
1335.4, 13, -24
1335.5, 13, -24
1335.6, 13, -24
1335.7, 13, -24
1335.8, 13, -24
1335.9, 13, -24
1336, 13, -24
1336.1, 13, -24
1336.2, 13, -24
1336.3, 13, -24
1336.4, 13, -24
1336.5, 13, -24
1336.6, 13, -24
1336.7, 13, -24
1336.8, 13, -24
1336.9, 13, -24
1337, 13, -24
1337.1, 13, -24
1337.2, 13, -24
1337.3, 13, -24
1337.4, 13, -24
1337.5, 13, -24
1337.6, 13, -24
1337.7, 13, -24
1337.8, 13, -24
1337.9, 13, -24
1338, 13, -24
1338.1, 13, -24
1338.2, 13, -24
1338.3, 13, -24
1338.4, 13, -24
1338.5, 13, -24
1338.6, 13, -24
1338.7, 13, -24
1338.8, 13, -24
1338.9, 13, -24
1339, 13, -24
1339.1, 13, -24
1339.2, 13, -24
1339.3, 13, -24
1339.4, 13, -24
1339.5, 13, -25
1339.6, 13, -25
1339.7, 13, -25
1339.8, 13, -25
1339.9, 13, -25
1340, 13, -25
1340.1, 13, -25
1340.2, 13, -25
1340.3, 13, -25
1340.4, 13, -25
1340.5, 13, -25
1340.6, 13, -25
1340.7, 13, -25
1340.8, 13, -25
1340.9, 13, -25
1341, 13, -25
1341.1, 13, -25
1341.2, 13, -25
1341.3, 13, -25
1341.4, 13, -25
1341.5, 13, -25
1341.6, 13, -25
1341.7, 14, -25
1341.8, 14, -25
1341.9, 14, -25
1342, 14, -25
1342.1, 14, -25
1342.2, 14, -25
1342.3, 14, -25
1342.4, 14, -25
1342.5, 14, -25
1342.6, 14, -25
1342.7, 14, -25
1342.8, 14, -25
1342.9, 14, -25
1343, 14, -25
1343.1, 14, -25
1343.2, 14, -25
1343.3, 14, -25
1343.4, 14, -25
1343.5, 14, -25
1343.6, 14, -25
1343.7, 14, -25
1343.8, 14, -25
1343.9, 15, -25
1344, 15, -25
1344.1, 15, -25
1344.2, 15, -25
1344.3, 15, -25
1344.4, 15, -25
1344.5, 15, -25
1344.6, 15, -25
1344.7, 15, -25
1344.8, 15, -25
1344.9, 15, -25
1345, 15, -25
1345.1, 14, -25
1345.2, 14, -25
1345.3, 14, -25
1345.4, 14, -25
1345.5, 14, -25
1345.6, 14, -25
1345.7, 14, -25
1345.8, 14, -25
1345.9, 14, -25
1346, 14, -25
1346.1, 14, -25
1346.2, 14, -25
1346.3, 14, -25
1346.4, 14, -25
1346.5, 14, -25
1346.6, 14, -25
1346.7, 14, -25
1346.8, 14, -25
1346.9, 14, -25
1347, 14, -25
1347.1, 14, -25
1347.2, 14, -25
1347.3, 14, -25
1347.4, 14, -25
1347.5, 14, -25
1347.6, 14, -25
1347.7, 14, -25
1347.8, 14, -25
1347.9, 14, -25
1348, 14, -25
1348.1, 14, -25
1348.2, 14, -25
1348.3, 15, -25
1348.4, 15, -25
1348.5, 15, -25
1348.6, 15, -25
1348.7, 15, -25
1348.8, 15, -25
1348.9, 15, -25
1349, 15, -25
1349.1, 15, -25
1349.2, 15, -25
1349.3, 15, -25
1349.4, 15, -25
1349.5, 15, -25
1349.6, 15, -25
1349.7, 15, -25
1349.8, 15, -25
1349.9, 15, -25
1350, 15, -25
1350.1, 15, -25
1350.2, 15, -25
1350.3, 15, -25
1350.4, 15, -25
1350.5, 15, -25
1350.6, 15, -25
1350.7, 15, -25
1350.8, 15, -25
1350.9, 15, -25
1351, 15, -25
1351.1, 15, -25
1351.2, 15, -25
1351.3, 15, -25
1351.4, 15, -25
1351.5, 15, -25
1351.6, 15, -25
1351.7, 15, -25
1351.8, 15, -25
1351.9, 15, -25
1352, 15, -25
1352.1, 15, -25
1352.2, 15, -25
1352.3, 15, -25
1352.4, 15, -25
1352.5, 15, -25
1352.6, 15, -25
1352.7, 15, -25
1352.8, 15, -25
1352.9, 15, -25
1353, 15, -25
1353.1, 15, -25
1353.2, 15, -25
1353.3, 15, -25
1353.4, 15, -25
1353.5, 15, -25
1353.6, 15, -25
1353.7, 15, -26
1353.8, 15, -26
1353.9, 15, -26
1354, 15, -26
1354.1, 15, -26
1354.2, 15, -26
1354.3, 15, -26
1354.4, 15, -26
1354.5, 15, -26
1354.6, 15, -26
1354.7, 15, -26
1354.8, 15, -26
1354.9, 15, -26
1355, 15, -26
1355.1, 15, -26
1355.2, 15, -26
1355.3, 15, -26
1355.4, 15, -26
1355.5, 15, -26
1355.6, 15, -26
1355.7, 15, -26
1355.8, 15, -26
1355.9, 14, -26
1356, 14, -26
1356.1, 14, -26
1356.2, 14, -26
1356.3, 14, -26
1356.4, 14, -26
1356.5, 14, -26
1356.6, 14, -26
1356.7, 14, -26
1356.8, 14, -26
1356.9, 14, -26
1357, 14, -26
1357.1, 13, -26
1357.2, 13, -26
1357.3, 13, -26
1357.4, 13, -26
1357.5, 13, -26
1357.6, 13, -26
1357.7, 13, -26
1357.8, 13, -26
1357.9, 13, -26
1358, 13, -26
1358.1, 13, -26
1358.2, 13, -26
1358.3, 13, -26
1358.4, 13, -26
1358.5, 13, -26
1358.6, 13, -26
1358.7, 13, -26
1358.8, 13, -26
1358.9, 13, -26
1359, 13, -26
1359.1, 13, -26
1359.2, 13, -26
1359.3, 13, -26
1359.4, 13, -26
1359.5, 13, -26
1359.6, 13, -26
1359.7, 13, -26
1359.8, 13, -26
1359.9, 13, -26
1360, 13, -26
1360.1, 13, -26
1360.2, 13, -26
1360.3, 13, -26
1360.4, 13, -26
1360.5, 13, -26
1360.6, 13, -26
1360.7, 13, -26
1360.8, 13, -26
1360.9, 14, -26
1361, 14, -26
1361.1, 14, -26
1361.2, 14, -26
1361.3, 14, -26
1361.4, 14, -26
1361.5, 14, -26
1361.6, 14, -26
1361.7, 14, -26
1361.8, 14, -26
1361.9, 14, -26
1362, 14, -26
1362.1, 14, -26
1362.2, 14, -26
1362.3, 14, -26
1362.4, 14, -26
1362.5, 14, -25
1362.6, 14, -25
1362.7, 14, -25
1362.8, 14, -25
1362.9, 14, -25
1363, 14, -25
1363.1, 14, -25
1363.2, 14, -25
1363.3, 14, -25
1363.4, 14, -25
1363.5, 14, -25
1363.6, 14, -25
1363.7, 15, -25
1363.8, 15, -25
1363.9, 15, -25
1364, 15, -25
1364.1, 15, -25
1364.2, 15, -25
1364.3, 15, -25
1364.4, 15, -25
1364.5, 15, -25
1364.6, 15, -25
1364.7, 15, -25
1364.8, 15, -25
1364.9, 15, -25
1365, 15, -25
1365.1, 15, -25
1365.2, 15, -25
1365.3, 15, -25
1365.4, 15, -25
1365.5, 15, -26
1365.6, 15, -26
1365.7, 15, -26
1365.8, 15, -26
1365.9, 15, -26
1366, 15, -26
1366.1, 15, -26
1366.2, 15, -26
1366.3, 15, -26
1366.4, 15, -26
1366.5, 15, -26
1366.6, 15, -26
1366.7, 15, -26
1366.8, 15, -26
1366.9, 15, -26
1367, 15, -26
1367.1, 15, -26
1367.2, 15, -26
1367.3, 15, -26
1367.4, 15, -26
1367.5, 15, -26
1367.6, 15, -26
1367.7, 15, -26
1367.8, 15, -26
1367.9, 15, -26
1368, 15, -26
1368.1, 15, -26
1368.2, 15, -26
1368.3, 15, -26
1368.4, 15, -26
1368.5, 15, -26
1368.6, 15, -26
1368.7, 15, -26
1368.8, 15, -26
1368.9, 15, -26
1369, 15, -26
1369.1, 15, -26
1369.2, 15, -26
1369.3, 15, -26
1369.4, 15, -26
1369.5, 15, -26
1369.6, 15, -26
1369.7, 15, -26
1369.8, 15, -26
1369.9, 15, -26
1370, 15, -26
1370.1, 15, -26
1370.2, 15, -26
1370.3, 15, -26
1370.4, 15, -26
1370.5, 15, -26
1370.6, 15, -26
1370.7, 15, -26
1370.8, 15, -26
1370.9, 15, -26
1371, 15, -26
1371.1, 15, -26
1371.2, 15, -26
1371.3, 16, -26
1371.4, 16, -26
1371.5, 16, -26
1371.6, 16, -26
1371.7, 16, -26
1371.8, 16, -26
1371.9, 16, -26
1372, 16, -26
1372.1, 16, -26
1372.2, 16, -26
1372.3, 16, -26
1372.4, 16, -26
1372.5, 16, -26
1372.6, 16, -26
1372.7, 15, -26
1372.8, 15, -26
1372.9, 16, -26
1373, 16, -26
1373.1, 16, -26
1373.2, 16, -26
1373.3, 16, -26
1373.4, 16, -26
1373.5, 16, -26
1373.6, 16, -26
1373.7, 16, -26
1373.8, 16, -26
1373.9, 16, -26
1374, 16, -26
1374.1, 16, -26
1374.2, 16, -26
1374.3, 16, -26
1374.4, 16, -26
1374.5, 16, -26
1374.6, 16, -26
1374.7, 16, -26
1374.8, 16, -26
1374.9, 16, -26
1375, 16, -26
1375.1, 16, -27
1375.2, 16, -27
1375.3, 16, -27
1375.4, 16, -27
1375.5, 16, -27
1375.6, 16, -27
1375.7, 16, -27
1375.8, 16, -27
1375.9, 16, -27
1376, 16, -27
1376.1, 16, -27
1376.2, 16, -27
1376.3, 16, -27
1376.4, 16, -27
1376.5, 16, -27
1376.6, 16, -27
1376.7, 16, -27
1376.8, 16, -27
1376.9, 16, -27
1377, 16, -27
1377.1, 16, -28
1377.2, 16, -28
1377.3, 16, -28
1377.4, 16, -28
1377.5, 16, -28
1377.6, 16, -28
1377.7, 16, -28
1377.8, 16, -28
1377.9, 16, -28
1378, 16, -28
1378.1, 16, -28
1378.2, 16, -28
1378.3, 16, -28
1378.4, 16, -28
1378.5, 16, -28
1378.6, 16, -28
1378.7, 16, -28
1378.8, 16, -28
1378.9, 16, -28
1379, 16, -28
1379.1, 16, -29
1379.2, 16, -29
1379.3, 16, -29
1379.4, 16, -29
1379.5, 16, -29
1379.6, 16, -29
1379.7, 16, -29
1379.8, 16, -29
1379.9, 16, -29
1380, 16, -29
1380.1, 16, -29
1380.2, 16, -29
1380.3, 16, -29
1380.4, 16, -29
1380.5, 16, -29
1380.6, 16, -29
1380.7, 16, -29
1380.8, 16, -29
1380.9, 16, -29
1381, 16, -29
1381.1, 16, -29
1381.2, 16, -29
1381.3, 16, -29
1381.4, 16, -29
1381.5, 16, -29
1381.6, 16, -29
1381.7, 16, -29
1381.8, 16, -29
1381.9, 16, -29
1382, 16, -29
1382.1, 16, -29
1382.2, 16, -29
1382.3, 16, -29
1382.4, 16, -29
1382.5, 16, -29
1382.6, 16, -29
1382.7, 16, -29
1382.8, 16, -29
1382.9, 16, -29
1383, 16, -29
1383.1, 16, -29
1383.2, 16, -29
1383.3, 16, -29
1383.4, 16, -29
1383.5, 16, -29
1383.6, 16, -29
1383.7, 16, -29
1383.8, 16, -29
1383.9, 16, -29
1384, 16, -29
1384.1, 16, -29
1384.2, 16, -29
1384.3, 16, -29
1384.4, 16, -29
1384.5, 16, -29
1384.6, 16, -29
1384.7, 16, -29
1384.8, 16, -29
1384.9, 16, -29
1385, 16, -29
1385.1, 16, -29
1385.2, 16, -29
1385.3, 16, -28
1385.4, 16, -28
1385.5, 16, -28
1385.6, 16, -28
1385.7, 16, -28
1385.8, 16, -28
1385.9, 16, -28
1386, 16, -28
1386.1, 16, -29
1386.2, 16, -29
1386.3, 16, -29
1386.4, 16, -29
1386.5, 16, -29
1386.6, 16, -29
1386.7, 16, -29
1386.8, 16, -29
1386.9, 15, -29
1387, 15, -29
1387.1, 15, -29
1387.2, 15, -29
1387.3, 15, -29
1387.4, 15, -29
1387.5, 15, -29
1387.6, 15, -29
1387.7, 15, -29
1387.8, 15, -29
1387.9, 14, -29
1388, 14, -29
1388.1, 14, -29
1388.2, 14, -29
1388.3, 14, -29
1388.4, 14, -29
1388.5, 14, -29
1388.6, 14, -29
1388.7, 14, -29
1388.8, 14, -29
1388.9, 14, -29
1389, 14, -29
1389.1, 14, -29
1389.2, 14, -29
1389.3, 14, -28
1389.4, 14, -28
1389.5, 14, -28
1389.6, 14, -28
1389.7, 14, -28
1389.8, 14, -28
1389.9, 14, -29
1390, 14, -29
1390.1, 14, -29
1390.2, 14, -29
1390.3, 13, -29
1390.4, 13, -29
1390.5, 13, -29
1390.6, 13, -29
1390.7, 13, -29
1390.8, 13, -29
1390.9, 13, -29
1391, 13, -29
1391.1, 13, -29
1391.2, 13, -29
1391.3, 13, -29
1391.4, 13, -29
1391.5, 13, -29
1391.6, 13, -29
1391.7, 13, -29
1391.8, 13, -29
1391.9, 13, -29
1392, 13, -29
1392.1, 13, -29
1392.2, 13, -29
1392.3, 13, -30
1392.4, 13, -30
1392.5, 13, -30
1392.6, 13, -30
1392.7, 13, -30
1392.8, 13, -30
1392.9, 13, -30
1393, 13, -30
1393.1, 13, -30
1393.2, 13, -30
1393.3, 13, -30
1393.4, 13, -30
1393.5, 13, -30
1393.6, 13, -30
1393.7, 13, -30
1393.8, 13, -30
1393.9, 13, -30
1394, 13, -30
1394.1, 13, -30
1394.2, 13, -30
1394.3, 13, -30
1394.4, 13, -30
1394.5, 13, -30
1394.6, 13, -30
1394.7, 13, -30
1394.8, 13, -30
1394.9, 13, -30
1395, 13, -30
1395.1, 13, -29
1395.2, 13, -29
1395.3, 13, -29
1395.4, 13, -29
1395.5, 13, -29
1395.6, 13, -29
1395.7, 13, -29
1395.8, 13, -29
1395.9, 14, -29
1396, 14, -29
1396.1, 14, -29
1396.2, 14, -29
1396.3, 14, -29
1396.4, 14, -29
1396.5, 14, -29
1396.6, 14, -29
1396.7, 14, -29
1396.8, 14, -29
1396.9, 14, -29
1397, 14, -29
1397.1, 14, -29
1397.2, 14, -29
1397.3, 14, -29
1397.4, 14, -29
1397.5, 14, -29
1397.6, 14, -29
1397.7, 14, -29
1397.8, 14, -29
1397.9, 14, -29
1398, 14, -29
1398.1, 14, -29
1398.2, 14, -29
1398.3, 14, -29
1398.4, 14, -29
1398.5, 14, -29
1398.6, 14, -29
1398.7, 14, -29
1398.8, 14, -29
1398.9, 14, -29
1399, 14, -29
1399.1, 14, -29
1399.2, 14, -29
1399.3, 14, -29
1399.4, 14, -29
1399.5, 14, -29
1399.6, 14, -29
1399.7, 14, -29
1399.8, 14, -29
1399.9, 14, -29
1400, 14, -29
1400.1, 14, -29
1400.2, 14, -29
1400.3, 14, -29
1400.4, 14, -29
1400.5, 14, -29
1400.6, 14, -29
1400.7, 14, -29
1400.8, 14, -29
1400.9, 14, -29
1401, 14, -29
1401.1, 14, -29
1401.2, 14, -29
1401.3, 14, -29
1401.4, 14, -29
1401.5, 14, -29
1401.6, 14, -29
1401.7, 14, -29
1401.8, 14, -29
1401.9, 14, -29
1402, 14, -29
1402.1, 14, -29
1402.2, 14, -29
1402.3, 14, -29
1402.4, 14, -29
1402.5, 14, -29
1402.6, 14, -29
1402.7, 14, -28
1402.8, 14, -28
1402.9, 14, -28
1403, 14, -28
1403.1, 14, -28
1403.2, 14, -28
1403.3, 14, -28
1403.4, 14, -28
1403.5, 14, -28
1403.6, 14, -28
1403.7, 14, -28
1403.8, 14, -28
1403.9, 14, -28
1404, 14, -28
1404.1, 14, -28
1404.2, 14, -28
1404.3, 14, -28
1404.4, 14, -28
1404.5, 14, -28
1404.6, 14, -28
1404.7, 14, -28
1404.8, 14, -28
1404.9, 14, -28
1405, 14, -28
1405.1, 14, -28
1405.2, 14, -28
1405.3, 14, -28
1405.4, 14, -28
1405.5, 14, -28
1405.6, 14, -28
1405.7, 14, -28
1405.8, 14, -28
1405.9, 14, -28
1406, 14, -28
1406.1, 15, -28
1406.2, 15, -28
1406.3, 15, -28
1406.4, 15, -28
1406.5, 15, -28
1406.6, 15, -28
1406.7, 15, -28
1406.8, 15, -28
1406.9, 15, -28
1407, 15, -28
1407.1, 15, -27
1407.2, 15, -27
1407.3, 15, -27
1407.4, 15, -27
1407.5, 16, -27
1407.6, 16, -27
1407.7, 16, -27
1407.8, 16, -27
1407.9, 16, -27
1408, 16, -27
1408.1, 16, -28
1408.2, 16, -28
1408.3, 16, -28
1408.4, 16, -28
1408.5, 16, -28
1408.6, 16, -28
1408.7, 16, -28
1408.8, 16, -28
1408.9, 16, -28
1409, 16, -28
1409.1, 16, -28
1409.2, 16, -28
1409.3, 16, -28
1409.4, 16, -28
1409.5, 16, -28
1409.6, 16, -28
1409.7, 16, -28
1409.8, 16, -28
1409.9, 16, -28
1410, 16, -28
1410.1, 16, -28
1410.2, 16, -28
1410.3, 16, -28
1410.4, 16, -28
1410.5, 16, -28
1410.6, 16, -28
1410.7, 16, -28
1410.8, 16, -28
1410.9, 16, -28
1411, 16, -28
1411.1, 16, -28
1411.2, 16, -28
1411.3, 16, -28
1411.4, 16, -28
1411.5, 16, -28
1411.6, 16, -28
1411.7, 15, -28
1411.8, 15, -28
1411.9, 15, -28
1412, 15, -28
1412.1, 15, -28
1412.2, 15, -28
1412.3, 15, -28
1412.4, 15, -28
1412.5, 15, -28
1412.6, 15, -28
1412.7, 15, -28
1412.8, 15, -28
1412.9, 15, -28
1413, 15, -28
1413.1, 15, -28
1413.2, 15, -28
1413.3, 15, -28
1413.4, 15, -28
1413.5, 15, -28
1413.6, 15, -28
1413.7, 15, -28
1413.8, 15, -28
1413.9, 16, -28
1414, 16, -28
1414.1, 16, -28
1414.2, 16, -28
1414.3, 16, -28
1414.4, 16, -28
1414.5, 16, -28
1414.6, 16, -28
1414.7, 16, -28
1414.8, 16, -28
1414.9, 16, -28
1415, 16, -28
1415.1, 16, -28
1415.2, 16, -28
1415.3, 16, -28
1415.4, 16, -28
1415.5, 16, -28
1415.6, 16, -28
1415.7, 16, -28
1415.8, 16, -28
1415.9, 16, -28
1416, 16, -28
1416.1, 16, -28
1416.2, 16, -28
1416.3, 16, -28
1416.4, 16, -28
1416.5, 16, -28
1416.6, 16, -28
1416.7, 16, -28
1416.8, 16, -28
1416.9, 16, -29
1417, 16, -29
1417.1, 16, -29
1417.2, 16, -29
1417.3, 16, -29
1417.4, 16, -29
1417.5, 16, -29
1417.6, 16, -29
1417.7, 16, -29
1417.8, 16, -29
1417.9, 16, -29
1418, 16, -29
1418.1, 16, -29
1418.2, 16, -29
1418.3, 16, -29
1418.4, 16, -29
1418.5, 16, -29
1418.6, 16, -29
1418.7, 16, -29
1418.8, 16, -29
1418.9, 16, -29
1419, 16, -29
1419.1, 16, -29
1419.2, 16, -29
1419.3, 16, -29
1419.4, 16, -29
1419.5, 16, -29
1419.6, 16, -29
1419.7, 16, -29
1419.8, 16, -29
1419.9, 16, -29
1420, 16, -29
1420.1, 16, -29
1420.2, 16, -29
1420.3, 16, -29
1420.4, 16, -29
1420.5, 16, -29
1420.6, 16, -29
1420.7, 16, -29
1420.8, 16, -29
1420.9, 16, -29
1421, 16, -29
1421.1, 16, -29
1421.2, 16, -29
1421.3, 16, -29
1421.4, 16, -29
1421.5, 17, -29
1421.6, 17, -29
1421.7, 17, -29
1421.8, 17, -29
1421.9, 17, -29
1422, 17, -29
1422.1, 17, -29
1422.2, 17, -29
1422.3, 17, -29
1422.4, 17, -29
1422.5, 17, -29
1422.6, 17, -29
1422.7, 17, -29
1422.8, 17, -29
1422.9, 17, -29
1423, 17, -29
1423.1, 16, -29
1423.2, 16, -29
1423.3, 16, -29
1423.4, 16, -29
1423.5, 16, -29
1423.6, 16, -29
1423.7, 16, -29
1423.8, 16, -29
1423.9, 16, -29
1424, 16, -29
1424.1, 16, -29
1424.2, 16, -29
1424.3, 16, -29
1424.4, 16, -29
1424.5, 16, -29
1424.6, 16, -29
1424.7, 16, -29
1424.8, 16, -29
1424.9, 16, -29
1425, 16, -29
1425.1, 16, -29
1425.2, 16, -29
1425.3, 16, -29
1425.4, 16, -29
1425.5, 16, -29
1425.6, 16, -29
1425.7, 16, -29
1425.8, 16, -29
1425.9, 16, -29
1426, 16, -29
1426.1, 16, -29
1426.2, 16, -29
1426.3, 16, -29
1426.4, 16, -29
1426.5, 16, -29
1426.6, 16, -29
1426.7, 16, -29
1426.8, 16, -29
1426.9, 16, -28
1427, 16, -28
1427.1, 16, -28
1427.2, 16, -28
1427.3, 16, -28
1427.4, 16, -28
1427.5, 16, -28
1427.6, 16, -28
1427.7, 16, -28
1427.8, 16, -28
1427.9, 16, -28
1428, 16, -28
1428.1, 16, -28
1428.2, 16, -28
1428.3, 16, -28
1428.4, 16, -28
1428.5, 16, -28
1428.6, 16, -28
1428.7, 16, -28
1428.8, 16, -28
1428.9, 16, -28
1429, 16, -28
1429.1, 16, -28
1429.2, 16, -28
1429.3, 16, -28
1429.4, 16, -28
1429.5, 16, -28
1429.6, 16, -28
1429.7, 16, -29
1429.8, 16, -29
1429.9, 16, -29
1430, 16, -29
1430.1, 16, -29
1430.2, 16, -29
1430.3, 16, -29
1430.4, 16, -29
1430.5, 16, -29
1430.6, 16, -29
1430.7, 16, -28
1430.8, 16, -28
1430.9, 16, -29
1431, 16, -29
1431.1, 16, -29
1431.2, 16, -29
1431.3, 16, -29
1431.4, 16, -29
1431.5, 16, -29
1431.6, 16, -29
1431.7, 16, -29
1431.8, 16, -29
1431.9, 16, -30
1432, 16, -30
1432.1, 16, -30
1432.2, 16, -30
1432.3, 16, -30
1432.4, 16, -30
1432.5, 16, -30
1432.6, 16, -30
1432.7, 16, -30
1432.8, 16, -30
1432.9, 16, -30
1433, 16, -30
1433.1, 16, -30
1433.2, 16, -30
1433.3, 16, -30
1433.4, 16, -30
1433.5, 16, -31
1433.6, 16, -31
1433.7, 16, -31
1433.8, 16, -31
1433.9, 16, -30
1434, 16, -30
1434.1, 16, -30
1434.2, 16, -30
1434.3, 16, -30
1434.4, 16, -30
1434.5, 16, -30
1434.6, 16, -30
1434.7, 16, -30
1434.8, 16, -30
1434.9, 16, -30
1435, 16, -30
1435.1, 16, -30
1435.2, 16, -30
1435.3, 16, -31
1435.4, 16, -31
1435.5, 17, -31
1435.6, 17, -31
1435.7, 17, -31
1435.8, 17, -31
1435.9, 17, -31
1436, 17, -31
1436.1, 17, -31
1436.2, 17, -31
1436.3, 18, -31
1436.4, 18, -31
1436.5, 18, -31
1436.6, 18, -31
1436.7, 18, -31
1436.8, 18, -31
1436.9, 18, -31
1437, 18, -31
1437.1, 18, -31
1437.2, 18, -31
1437.3, 18, -31
1437.4, 18, -31
1437.5, 18, -31
1437.6, 18, -31
1437.7, 18, -31
1437.8, 18, -31
1437.9, 18, -31
1438, 18, -31
1438.1, 18, -31
1438.2, 18, -31
1438.3, 18, -31
1438.4, 18, -31
1438.5, 18, -31
1438.6, 18, -31
1438.7, 18, -31
1438.8, 18, -31
1438.9, 18, -31
1439, 18, -31
1439.1, 18, -32
1439.2, 18, -32
1439.3, 18, -32
1439.4, 18, -32
1439.5, 18, -32
1439.6, 18, -32
1439.7, 18, -32
1439.8, 18, -32
1439.9, 18, -32
1440, 18, -32
1440.1, 18, -32
1440.2, 18, -32
1440.3, 18, -31
1440.4, 18, -31
1440.5, 18, -31
1440.6, 18, -31
1440.7, 18, -31
1440.8, 18, -31
1440.9, 18, -31
1441, 18, -31
1441.1, 18, -31
1441.2, 18, -31
1441.3, 18, -31
1441.4, 18, -31
1441.5, 18, -31
1441.6, 18, -31
1441.7, 18, -31
1441.8, 18, -31
1441.9, 18, -31
1442, 18, -31
1442.1, 18, -31
1442.2, 18, -31
1442.3, 18, -31
1442.4, 18, -31
1442.5, 17, -31
1442.6, 17, -31
1442.7, 17, -31
1442.8, 17, -31
1442.9, 17, -31
1443, 17, -31
1443.1, 17, -31
1443.2, 17, -31
1443.3, 17, -31
1443.4, 17, -31
1443.5, 16, -31
1443.6, 16, -31
1443.7, 16, -31
1443.8, 16, -31
1443.9, 16, -31
1444, 16, -31
1444.1, 16, -31
1444.2, 16, -31
1444.3, 16, -31
1444.4, 16, -31
1444.5, 16, -31
1444.6, 16, -31
1444.7, 16, -31
1444.8, 16, -31
1444.9, 16, -31
1445, 16, -31
1445.1, 16, -31
1445.2, 16, -31
1445.3, 16, -31
1445.4, 16, -31
1445.5, 16, -31
1445.6, 16, -31
1445.7, 16, -31
1445.8, 16, -31
1445.9, 16, -31
1446, 16, -31
1446.1, 16, -31
1446.2, 16, -31
1446.3, 16, -31
1446.4, 16, -31
1446.5, 16, -31
1446.6, 16, -31
1446.7, 16, -31
1446.8, 16, -31
1446.9, 16, -31
1447, 16, -31
1447.1, 16, -31
1447.2, 16, -31
1447.3, 16, -31
1447.4, 16, -31
1447.5, 16, -31
1447.6, 16, -31
1447.7, 16, -31
1447.8, 16, -31
1447.9, 16, -31
1448, 16, -31
1448.1, 16, -31
1448.2, 16, -31
1448.3, 16, -31
1448.4, 16, -31
1448.5, 17, -31
1448.6, 17, -31
1448.7, 17, -31
1448.8, 17, -31
1448.9, 17, -31
1449, 17, -31
1449.1, 17, -31
1449.2, 17, -31
1449.3, 17, -31
1449.4, 17, -31
1449.5, 17, -32
1449.6, 17, -32
1449.7, 17, -32
1449.8, 17, -32
1449.9, 17, -32
1450, 17, -32
1450.1, 17, -32
1450.2, 17, -32
1450.3, 17, -32
1450.4, 17, -32
1450.5, 17, -32
1450.6, 17, -32
1450.7, 17, -32
1450.8, 17, -32
1450.9, 17, -32
1451, 17, -32
1451.1, 17, -32
1451.2, 17, -32
1451.3, 17, -32
1451.4, 17, -32
1451.5, 17, -32
1451.6, 17, -32
1451.7, 17, -32
1451.8, 17, -32
1451.9, 17, -32
1452, 17, -32
1452.1, 17, -32
1452.2, 17, -32
1452.3, 17, -32
1452.4, 17, -32
1452.5, 17, -32
1452.6, 17, -32
1452.7, 17, -32
1452.8, 17, -32
1452.9, 17, -32
1453, 17, -32
1453.1, 17, -32
1453.2, 17, -32
1453.3, 17, -32
1453.4, 17, -32
1453.5, 17, -32
1453.6, 17, -32
1453.7, 17, -32
1453.8, 17, -32
1453.9, 17, -32
1454, 17, -32
1454.1, 18, -32
1454.2, 18, -32
1454.3, 17, -32
1454.4, 17, -32
1454.5, 17, -32
1454.6, 17, -32
1454.7, 17, -31
1454.8, 17, -31
1454.9, 17, -31
1455, 17, -31
1455.1, 17, -31
1455.2, 17, -31
1455.3, 17, -31
1455.4, 17, -31
1455.5, 17, -31
1455.6, 17, -31
1455.7, 17, -31
1455.8, 17, -31
1455.9, 17, -31
1456, 17, -31
1456.1, 17, -31
1456.2, 17, -31
1456.3, 17, -31
1456.4, 17, -31
1456.5, 17, -31
1456.6, 17, -31
1456.7, 17, -31
1456.8, 17, -31
1456.9, 17, -31
1457, 17, -31
1457.1, 18, -31
1457.2, 18, -31
1457.3, 18, -31
1457.4, 18, -31
1457.5, 18, -31
1457.6, 18, -31
1457.7, 18, -31
1457.8, 18, -31
1457.9, 19, -31
1458, 19, -31
1458.1, 19, -30
1458.2, 19, -30
1458.3, 19, -30
1458.4, 19, -30
1458.5, 19, -30
1458.6, 19, -30
1458.7, 19, -30
1458.8, 19, -30
1458.9, 19, -30
1459, 19, -30
1459.1, 19, -30
1459.2, 19, -30
1459.3, 19, -30
1459.4, 19, -30
1459.5, 19, -30
1459.6, 19, -30
1459.7, 19, -30
1459.8, 19, -30
1459.9, 19, -30
1460, 19, -30
1460.1, 20, -30
1460.2, 20, -30
1460.3, 20, -30
1460.4, 20, -30
1460.5, 20, -30
1460.6, 20, -30
1460.7, 20, -30
1460.8, 20, -30
1460.9, 20, -30
1461, 20, -30
1461.1, 20, -30
1461.2, 20, -30
1461.3, 20, -30
1461.4, 20, -30
1461.5, 20, -30
1461.6, 20, -30
1461.7, 20, -30
1461.8, 20, -30
1461.9, 20, -30
1462, 20, -30
1462.1, 20, -30
1462.2, 20, -30
1462.3, 20, -30
1462.4, 20, -30
1462.5, 20, -30
1462.6, 20, -30
1462.7, 20, -30
1462.8, 20, -30
1462.9, 20, -30
1463, 20, -30
1463.1, 20, -29
1463.2, 20, -29
1463.3, 20, -29
1463.4, 20, -29
1463.5, 20, -29
1463.6, 20, -29
1463.7, 20, -29
1463.8, 20, -29
1463.9, 20, -29
1464, 20, -29
1464.1, 20, -29
1464.2, 20, -29
1464.3, 20, -29
1464.4, 20, -29
1464.5, 20, -29
1464.6, 20, -29
1464.7, 20, -29
1464.8, 20, -29
1464.9, 20, -29
1465, 20, -29
1465.1, 20, -29
1465.2, 20, -29
1465.3, 20, -29
1465.4, 20, -29
1465.5, 20, -29
1465.6, 20, -29
1465.7, 21, -29
1465.8, 21, -29
1465.9, 21, -29
1466, 21, -29
1466.1, 21, -29
1466.2, 21, -29
1466.3, 21, -29
1466.4, 21, -29
1466.5, 21, -29
1466.6, 21, -29
1466.7, 21, -29
1466.8, 21, -29
1466.9, 21, -29
1467, 21, -29
1467.1, 21, -29
1467.2, 21, -29
1467.3, 21, -29
1467.4, 21, -29
1467.5, 21, -28
1467.6, 21, -28
1467.7, 21, -28
1467.8, 21, -28
1467.9, 21, -28
1468, 21, -28
1468.1, 21, -28
1468.2, 21, -28
1468.3, 21, -28
1468.4, 21, -28
1468.5, 21, -27
1468.6, 21, -27
1468.7, 21, -27
1468.8, 21, -27
1468.9, 21, -27
1469, 21, -27
1469.1, 21, -26
1469.2, 21, -26
1469.3, 21, -26
1469.4, 21, -26
1469.5, 21, -26
1469.6, 21, -26
1469.7, 22, -26
1469.8, 22, -26
1469.9, 22, -26
1470, 22, -26
1470.1, 22, -26
1470.2, 22, -26
1470.3, 22, -26
1470.4, 22, -26
1470.5, 22, -26
1470.6, 22, -26
1470.7, 22, -26
1470.8, 22, -26
1470.9, 22, -26
1471, 22, -26
1471.1, 22, -26
1471.2, 22, -26
1471.3, 22, -26
1471.4, 22, -26
1471.5, 22, -26
1471.6, 22, -26
1471.7, 22, -26
1471.8, 22, -26
1471.9, 22, -26
1472, 22, -26
1472.1, 22, -26
1472.2, 22, -26
1472.3, 22, -25
1472.4, 22, -25
1472.5, 22, -25
1472.6, 22, -25
1472.7, 22, -25
1472.8, 22, -25
1472.9, 22, -25
1473, 22, -25
1473.1, 22, -25
1473.2, 22, -25
1473.3, 23, -25
1473.4, 23, -25
1473.5, 23, -25
1473.6, 23, -25
1473.7, 23, -25
1473.8, 23, -25
1473.9, 23, -25
1474, 23, -25
1474.1, 23, -25
1474.2, 23, -25
1474.3, 23, -25
1474.4, 23, -25
1474.5, 23, -25
1474.6, 23, -25
1474.7, 23, -25
1474.8, 23, -25
1474.9, 23, -25
1475, 23, -25
1475.1, 23, -25
1475.2, 23, -25
1475.3, 23, -25
1475.4, 23, -25
1475.5, 23, -25
1475.6, 23, -25
1475.7, 23, -25
1475.8, 23, -25
1475.9, 23, -25
1476, 23, -25
1476.1, 23, -25
1476.2, 23, -25
1476.3, 23, -25
1476.4, 23, -25
1476.5, 23, -25
1476.6, 23, -25
1476.7, 23, -25
1476.8, 23, -25
1476.9, 23, -25
1477, 23, -25
1477.1, 23, -25
1477.2, 23, -25
1477.3, 23, -25
1477.4, 23, -25
1477.5, 23, -25
1477.6, 23, -25
1477.7, 23, -24
1477.8, 23, -24
1477.9, 22, -24
1478, 22, -24
1478.1, 22, -24
1478.2, 22, -24
1478.3, 22, -24
1478.4, 22, -24
1478.5, 22, -24
1478.6, 22, -24
1478.7, 22, -24
1478.8, 22, -24
1478.9, 22, -24
1479, 22, -24
1479.1, 22, -24
1479.2, 22, -24
1479.3, 22, -24
1479.4, 22, -24
1479.5, 22, -24
1479.6, 22, -24
1479.7, 22, -24
1479.8, 22, -24
1479.9, 22, -24
1480, 22, -24
1480.1, 22, -24
1480.2, 22, -24
1480.3, 22, -24
1480.4, 22, -24
1480.5, 22, -24
1480.6, 22, -24
1480.7, 22, -24
1480.8, 22, -24
1480.9, 22, -24
1481, 22, -24
1481.1, 22, -24
1481.2, 22, -24
1481.3, 22, -24
1481.4, 22, -24
1481.5, 22, -24
1481.6, 22, -24
1481.7, 22, -24
1481.8, 22, -24
1481.9, 22, -24
1482, 22, -24
1482.1, 22, -24
1482.2, 22, -24
1482.3, 22, -24
1482.4, 22, -24
1482.5, 22, -24
1482.6, 22, -24
1482.7, 22, -24
1482.8, 22, -24
1482.9, 22, -24
1483, 22, -24
1483.1, 22, -24
1483.2, 22, -24
1483.3, 22, -24
1483.4, 22, -24
1483.5, 22, -24
1483.6, 22, -24
1483.7, 21, -24
1483.8, 21, -24
1483.9, 21, -24
1484, 21, -24
1484.1, 21, -24
1484.2, 21, -24
1484.3, 21, -24
1484.4, 21, -24
1484.5, 21, -24
1484.6, 21, -24
1484.7, 21, -23
1484.8, 21, -23
1484.9, 20, -23
1485, 20, -23
1485.1, 20, -23
1485.2, 20, -23
1485.3, 20, -23
1485.4, 20, -23
1485.5, 20, -23
1485.6, 20, -23
1485.7, 20, -23
1485.8, 20, -23
1485.9, 20, -23
1486, 20, -23
1486.1, 21, -23
1486.2, 21, -23
1486.3, 21, -23
1486.4, 21, -23
1486.5, 21, -23
1486.6, 21, -23
1486.7, 21, -23
1486.8, 21, -23
1486.9, 21, -23
1487, 21, -23
1487.1, 21, -23
1487.2, 21, -23
1487.3, 21, -23
1487.4, 21, -23
1487.5, 21, -23
1487.6, 21, -23
1487.7, 21, -23
1487.8, 21, -23
1487.9, 21, -23
1488, 21, -23
1488.1, 21, -23
1488.2, 21, -23
1488.3, 21, -23
1488.4, 21, -23
1488.5, 21, -23
1488.6, 21, -23
1488.7, 21, -23
1488.8, 21, -23
1488.9, 21, -23
1489, 21, -23
1489.1, 21, -23
1489.2, 21, -23
1489.3, 21, -23
1489.4, 21, -23
1489.5, 21, -23
1489.6, 21, -23
1489.7, 21, -23
1489.8, 21, -23
1489.9, 20, -23
1490, 20, -23
1490.1, 20, -23
1490.2, 20, -23
1490.3, 20, -23
1490.4, 20, -23
1490.5, 20, -23
1490.6, 20, -23
1490.7, 20, -23
1490.8, 20, -23
1490.9, 20, -23
1491, 20, -23
1491.1, 20, -23
1491.2, 20, -23
1491.3, 20, -23
1491.4, 20, -23
1491.5, 20, -23
1491.6, 20, -23
1491.7, 20, -24
1491.8, 20, -24
1491.9, 20, -24
1492, 20, -24
1492.1, 19, -24
1492.2, 19, -24
1492.3, 19, -24
1492.4, 19, -24
1492.5, 19, -24
1492.6, 19, -24
1492.7, 19, -24
1492.8, 19, -24
1492.9, 19, -24
1493, 19, -24
1493.1, 19, -24
1493.2, 19, -24
1493.3, 19, -24
1493.4, 19, -24
1493.5, 19, -24
1493.6, 19, -24
1493.7, 19, -24
1493.8, 19, -24
1493.9, 19, -24
1494, 19, -24
1494.1, 19, -24
1494.2, 19, -24
1494.3, 19, -24
1494.4, 19, -24
1494.5, 19, -24
1494.6, 19, -24
1494.7, 19, -24
1494.8, 19, -24
1494.9, 19, -24
1495, 19, -24
1495.1, 19, -24
1495.2, 19, -24
1495.3, 19, -24
1495.4, 19, -24
1495.5, 19, -24
1495.6, 19, -24
1495.7, 19, -24
1495.8, 19, -24
1495.9, 19, -24
1496, 19, -24
1496.1, 18, -24
1496.2, 18, -24
1496.3, 18, -24
1496.4, 18, -24
1496.5, 18, -24
1496.6, 18, -24
1496.7, 18, -24
1496.8, 18, -24
1496.9, 18, -24
1497, 18, -24
1497.1, 18, -24
1497.2, 18, -24
1497.3, 18, -24
1497.4, 18, -24
1497.5, 18, -24
1497.6, 18, -24
1497.7, 18, -24
1497.8, 18, -24
1497.9, 18, -24
1498, 18, -24
1498.1, 18, -24
1498.2, 18, -24
1498.3, 19, -24
1498.4, 19, -24
1498.5, 19, -24
1498.6, 19, -24
1498.7, 19, -25
1498.8, 19, -25
1498.9, 19, -25
1499, 19, -25
1499.1, 19, -25
1499.2, 19, -25
1499.3, 19, -25
1499.4, 19, -25
1499.5, 19, -25
1499.6, 19, -25
1499.7, 19, -25
1499.8, 19, -25
1499.9, 19, -25
1500, 19, -25
1500.1, 19, -25
1500.2, 19, -25
1500.3, 19, -25
1500.4, 19, -25
1500.5, 19, -25
1500.6, 19, -25
1500.7, 19, -25
1500.8, 19, -25
1500.9, 19, -25
1501, 19, -25
1501.1, 19, -25
1501.2, 19, -25
1501.3, 19, -25
1501.4, 19, -25
1501.5, 19, -25
1501.6, 19, -25
1501.7, 19, -25
1501.8, 19, -25
1501.9, 19, -25
1502, 19, -25
1502.1, 19, -25
1502.2, 19, -25
1502.3, 19, -25
1502.4, 19, -25
1502.5, 19, -24
1502.6, 19, -24
1502.7, 19, -24
1502.8, 19, -24
1502.9, 19, -24
1503, 19, -24
1503.1, 19, -24
1503.2, 19, -24
1503.3, 19, -24
1503.4, 19, -24
1503.5, 19, -24
1503.6, 19, -24
1503.7, 19, -24
1503.8, 19, -24
1503.9, 19, -24
1504, 19, -24
1504.1, 19, -24
1504.2, 19, -24
1504.3, 19, -24
1504.4, 19, -24
1504.5, 19, -24
1504.6, 19, -24
1504.7, 19, -24
1504.8, 19, -24
1504.9, 20, -24
1505, 20, -24
1505.1, 20, -24
1505.2, 20, -24
1505.3, 20, -24
1505.4, 20, -24
1505.5, 20, -24
1505.6, 20, -24
1505.7, 20, -24
1505.8, 20, -24
1505.9, 20, -24
1506, 20, -24
1506.1, 20, -24
1506.2, 20, -24
1506.3, 20, -24
1506.4, 20, -24
1506.5, 20, -24
1506.6, 20, -24
1506.7, 20, -24
1506.8, 20, -24
1506.9, 20, -24
1507, 20, -24
1507.1, 20, -24
1507.2, 20, -24
1507.3, 20, -24
1507.4, 20, -24
1507.5, 20, -24
1507.6, 20, -24
1507.7, 20, -23
1507.8, 20, -23
1507.9, 20, -23
1508, 20, -23
1508.1, 20, -23
1508.2, 20, -23
1508.3, 20, -23
1508.4, 20, -23
1508.5, 19, -23
1508.6, 19, -23
1508.7, 19, -23
1508.8, 19, -23
1508.9, 19, -23
1509, 19, -23
1509.1, 19, -23
1509.2, 19, -23
1509.3, 19, -23
1509.4, 19, -23
1509.5, 19, -23
1509.6, 19, -23
1509.7, 19, -22
1509.8, 19, -22
1509.9, 18, -22
1510, 18, -22
1510.1, 18, -22
1510.2, 18, -22
1510.3, 19, -22
1510.4, 19, -22
1510.5, 19, -22
1510.6, 19, -22
1510.7, 19, -22
1510.8, 19, -22
1510.9, 19, -22
1511, 19, -22
1511.1, 19, -22
1511.2, 19, -22
1511.3, 19, -22
1511.4, 19, -22
1511.5, 19, -22
1511.6, 19, -22
1511.7, 19, -22
1511.8, 19, -22
1511.9, 19, -22
1512, 19, -22
1512.1, 19, -22
1512.2, 19, -22
1512.3, 19, -22
1512.4, 19, -22
1512.5, 19, -22
1512.6, 19, -22
1512.7, 19, -22
1512.8, 19, -22
1512.9, 19, -22
1513, 19, -22
1513.1, 19, -22
1513.2, 19, -22
1513.3, 19, -22
1513.4, 19, -22
1513.5, 19, -23
1513.6, 19, -23
1513.7, 19, -23
1513.8, 19, -23
1513.9, 19, -23
1514, 19, -23
1514.1, 19, -22
1514.2, 19, -22
1514.3, 19, -22
1514.4, 19, -22
1514.5, 19, -22
1514.6, 19, -22
1514.7, 19, -22
1514.8, 19, -22
1514.9, 19, -22
1515, 19, -22
1515.1, 19, -22
1515.2, 19, -22
1515.3, 20, -22
1515.4, 20, -22
1515.5, 20, -22
1515.6, 20, -22
1515.7, 20, -23
1515.8, 20, -23
1515.9, 20, -23
1516, 20, -23
1516.1, 20, -23
1516.2, 20, -23
1516.3, 20, -23
1516.4, 20, -23
1516.5, 19, -23
1516.6, 19, -23
1516.7, 19, -23
1516.8, 19, -23
1516.9, 19, -23
1517, 19, -23
1517.1, 19, -23
1517.2, 19, -23
1517.3, 19, -23
1517.4, 19, -23
1517.5, 19, -23
1517.6, 19, -23
1517.7, 19, -23
1517.8, 19, -23
1517.9, 19, -23
1518, 19, -23
1518.1, 19, -23
1518.2, 19, -23
1518.3, 19, -23
1518.4, 19, -23
1518.5, 19, -23
1518.6, 19, -23
1518.7, 19, -23
1518.8, 19, -23
1518.9, 19, -23
1519, 19, -23
1519.1, 19, -23
1519.2, 19, -23
1519.3, 19, -23
1519.4, 19, -23
1519.5, 19, -23
1519.6, 19, -23
1519.7, 19, -23
1519.8, 19, -23
1519.9, 19, -23
1520, 19, -23
1520.1, 19, -23
1520.2, 19, -23
1520.3, 19, -23
1520.4, 19, -23
1520.5, 19, -23
1520.6, 19, -23
1520.7, 19, -23
1520.8, 19, -23
1520.9, 19, -23
1521, 19, -23
1521.1, 19, -23
1521.2, 19, -23
1521.3, 19, -24
1521.4, 19, -24
1521.5, 19, -24
1521.6, 19, -24
1521.7, 19, -24
1521.8, 19, -24
1521.9, 19, -24
1522, 19, -24
1522.1, 19, -24
1522.2, 19, -24
1522.3, 19, -24
1522.4, 19, -24
1522.5, 19, -24
1522.6, 19, -24
1522.7, 19, -24
1522.8, 19, -24
1522.9, 19, -24
1523, 19, -24
1523.1, 19, -24
1523.2, 19, -24
1523.3, 19, -24
1523.4, 19, -24
1523.5, 19, -24
1523.6, 19, -24
1523.7, 19, -24
1523.8, 19, -24
1523.9, 19, -24
1524, 19, -24
1524.1, 19, -24
1524.2, 19, -24
1524.3, 19, -24
1524.4, 19, -24
1524.5, 19, -24
1524.6, 19, -24
1524.7, 19, -24
1524.8, 19, -24
1524.9, 19, -24
1525, 19, -24
1525.1, 19, -24
1525.2, 19, -24
1525.3, 19, -24
1525.4, 19, -24
1525.5, 19, -24
1525.6, 19, -24
1525.7, 19, -24
1525.8, 19, -24
1525.9, 19, -24
1526, 19, -24
1526.1, 19, -24
1526.2, 19, -24
1526.3, 19, -24
1526.4, 19, -24
1526.5, 19, -25
1526.6, 19, -25
1526.7, 19, -25
1526.8, 19, -25
1526.9, 19, -25
1527, 19, -25
1527.1, 19, -25
1527.2, 19, -25
1527.3, 19, -25
1527.4, 19, -25
1527.5, 19, -25
1527.6, 19, -25
1527.7, 19, -25
1527.8, 19, -25
1527.9, 19, -25
1528, 19, -25
1528.1, 19, -24
1528.2, 19, -24
1528.3, 19, -24
1528.4, 19, -24
1528.5, 19, -24
1528.6, 19, -24
1528.7, 19, -24
1528.8, 19, -24
1528.9, 19, -24
1529, 19, -24
1529.1, 19, -24
1529.2, 19, -24
1529.3, 19, -24
1529.4, 19, -24
1529.5, 19, -24
1529.6, 19, -24
1529.7, 19, -24
1529.8, 19, -24
1529.9, 19, -24
1530, 19, -24
1530.1, 19, -24
1530.2, 19, -24
1530.3, 18, -24
1530.4, 18, -24
1530.5, 18, -24
1530.6, 18, -24
1530.7, 18, -24
1530.8, 18, -24
1530.9, 18, -24
1531, 18, -24
1531.1, 18, -24
1531.2, 18, -24
1531.3, 18, -24
1531.4, 18, -24
1531.5, 18, -23
1531.6, 18, -23
1531.7, 18, -23
1531.8, 18, -23
1531.9, 18, -23
1532, 18, -23
1532.1, 18, -23
1532.2, 18, -23
1532.3, 17, -23
1532.4, 17, -23
1532.5, 17, -23
1532.6, 17, -23
1532.7, 17, -23
1532.8, 17, -23
1532.9, 17, -23
1533, 17, -23
1533.1, 17, -23
1533.2, 17, -23
1533.3, 17, -23
1533.4, 17, -23
1533.5, 17, -23
1533.6, 17, -23
1533.7, 17, -23
1533.8, 17, -23
1533.9, 17, -23
1534, 17, -23
1534.1, 17, -23
1534.2, 17, -23
1534.3, 17, -23
1534.4, 17, -23
1534.5, 17, -23
1534.6, 17, -23
1534.7, 17, -23
1534.8, 17, -23
1534.9, 17, -23
1535, 17, -23
1535.1, 17, -23
1535.2, 17, -23
1535.3, 17, -23
1535.4, 17, -23
1535.5, 17, -23
1535.6, 17, -23
1535.7, 17, -23
1535.8, 17, -23
1535.9, 17, -23
1536, 17, -23
1536.1, 17, -23
1536.2, 17, -23
1536.3, 18, -23
1536.4, 18, -23
1536.5, 18, -24
1536.6, 18, -24
1536.7, 18, -24
1536.8, 18, -24
1536.9, 18, -24
1537, 18, -24
1537.1, 18, -24
1537.2, 18, -24
1537.3, 18, -24
1537.4, 18, -24
1537.5, 18, -25
1537.6, 18, -25
1537.7, 18, -25
1537.8, 18, -25
1537.9, 18, -25
1538, 18, -25
1538.1, 19, -25
1538.2, 19, -25
1538.3, 19, -24
1538.4, 19, -24
1538.5, 19, -24
1538.6, 19, -24
1538.7, 19, -24
1538.8, 19, -24
1538.9, 19, -24
1539, 19, -24
1539.1, 19, -24
1539.2, 19, -24
1539.3, 19, -24
1539.4, 19, -24
1539.5, 19, -24
1539.6, 19, -24
1539.7, 19, -24
1539.8, 19, -24
1539.9, 19, -24
1540, 19, -24
1540.1, 19, -24
1540.2, 19, -24
1540.3, 19, -24
1540.4, 19, -24
1540.5, 19, -24
1540.6, 19, -24
1540.7, 19, -24
1540.8, 19, -24
1540.9, 19, -24
1541, 19, -24
1541.1, 19, -24
1541.2, 19, -24
1541.3, 19, -24
1541.4, 19, -24
1541.5, 19, -24
1541.6, 19, -24
1541.7, 19, -25
1541.8, 19, -25
1541.9, 19, -25
1542, 19, -25
1542.1, 19, -25
1542.2, 19, -25
1542.3, 19, -25
1542.4, 19, -25
1542.5, 19, -25
1542.6, 19, -25
1542.7, 19, -25
1542.8, 19, -25
1542.9, 19, -25
1543, 19, -25
1543.1, 19, -25
1543.2, 19, -25
1543.3, 19, -25
1543.4, 19, -25
1543.5, 19, -24
1543.6, 19, -24
1543.7, 19, -24
1543.8, 19, -24
1543.9, 19, -24
1544, 19, -24
1544.1, 19, -24
1544.2, 19, -24
1544.3, 19, -24
1544.4, 19, -24
1544.5, 19, -24
1544.6, 19, -24
1544.7, 19, -24
1544.8, 19, -24
1544.9, 19, -24
1545, 19, -24
1545.1, 19, -24
1545.2, 19, -24
1545.3, 19, -24
1545.4, 19, -24
1545.5, 19, -24
1545.6, 19, -24
1545.7, 19, -24
1545.8, 19, -24
1545.9, 18, -24
1546, 18, -24
1546.1, 17, -24
1546.2, 17, -24
1546.3, 17, -24
1546.4, 17, -24
1546.5, 17, -24
1546.6, 17, -24
1546.7, 17, -24
1546.8, 17, -24
1546.9, 17, -24
1547, 17, -24
1547.1, 17, -24
1547.2, 17, -24
1547.3, 17, -24
1547.4, 17, -24
1547.5, 17, -24
1547.6, 17, -24
1547.7, 17, -24
1547.8, 17, -24
1547.9, 17, -24
1548, 17, -24
1548.1, 17, -24
1548.2, 17, -24
1548.3, 17, -24
1548.4, 17, -24
1548.5, 17, -24
1548.6, 17, -24
1548.7, 17, -24
1548.8, 17, -24
1548.9, 17, -24
1549, 17, -24
1549.1, 17, -23
1549.2, 17, -23
1549.3, 17, -23
1549.4, 17, -23
1549.5, 17, -23
1549.6, 17, -23
1549.7, 17, -23
1549.8, 17, -23
1549.9, 17, -23
1550, 17, -23
1550.1, 17, -23
1550.2, 17, -23
1550.3, 17, -23
1550.4, 17, -23
1550.5, 17, -23
1550.6, 17, -23
1550.7, 17, -23
1550.8, 17, -23
1550.9, 17, -22
1551, 17, -22
1551.1, 16, -22
1551.2, 16, -22
1551.3, 16, -22
1551.4, 16, -22
1551.5, 17, -22
1551.6, 17, -22
1551.7, 17, -22
1551.8, 17, -22
1551.9, 17, -22
1552, 17, -22
1552.1, 17, -22
1552.2, 17, -22
1552.3, 17, -22
1552.4, 17, -22
1552.5, 17, -22
1552.6, 17, -22
1552.7, 17, -22
1552.8, 17, -22
1552.9, 17, -22
1553, 17, -22
1553.1, 17, -22
1553.2, 17, -22
1553.3, 17, -22
1553.4, 17, -22
1553.5, 17, -22
1553.6, 17, -22
1553.7, 17, -22
1553.8, 17, -22
1553.9, 17, -22
1554, 17, -22
1554.1, 17, -22
1554.2, 17, -22
1554.3, 17, -22
1554.4, 17, -22
1554.5, 17, -22
1554.6, 17, -22
1554.7, 17, -22
1554.8, 17, -22
1554.9, 17, -22
1555, 17, -22
1555.1, 17, -22
1555.2, 17, -22
1555.3, 17, -22
1555.4, 17, -22
1555.5, 17, -22
1555.6, 17, -22
1555.7, 17, -22
1555.8, 17, -22
1555.9, 17, -22
1556, 17, -22
1556.1, 17, -22
1556.2, 17, -22
1556.3, 17, -22
1556.4, 17, -22
1556.5, 17, -22
1556.6, 17, -22
1556.7, 17, -22
1556.8, 17, -22
1556.9, 17, -22
1557, 17, -22
1557.1, 17, -22
1557.2, 17, -22
1557.3, 17, -22
1557.4, 17, -22
1557.5, 17, -22
1557.6, 17, -22
1557.7, 17, -22
1557.8, 17, -22
1557.9, 17, -21
1558, 17, -21
1558.1, 17, -21
1558.2, 17, -21
1558.3, 17, -21
1558.4, 17, -21
1558.5, 18, -21
1558.6, 18, -21
1558.7, 18, -21
1558.8, 18, -21
1558.9, 18, -21
1559, 18, -21
1559.1, 18, -21
1559.2, 18, -21
1559.3, 18, -21
1559.4, 18, -21
1559.5, 18, -21
1559.6, 18, -21
1559.7, 18, -21
1559.8, 18, -21
1559.9, 18, -21
1560, 18, -21
1560.1, 18, -21
1560.2, 18, -21
1560.3, 18, -21
1560.4, 18, -21
1560.5, 18, -21
1560.6, 18, -21
1560.7, 17, -21
1560.8, 17, -21
1560.9, 17, -20
1561, 17, -20
1561.1, 17, -20
1561.2, 17, -20
1561.3, 17, -20
1561.4, 17, -20
1561.5, 17, -20
1561.6, 17, -20
1561.7, 17, -20
1561.8, 17, -20
1561.9, 17, -20
1562, 17, -20
1562.1, 17, -20
1562.2, 17, -20
1562.3, 17, -20
1562.4, 17, -20
1562.5, 17, -20
1562.6, 17, -20
1562.7, 17, -20
1562.8, 17, -20
1562.9, 17, -20
1563, 17, -20
1563.1, 17, -20
1563.2, 17, -20
1563.3, 17, -20
1563.4, 17, -20
1563.5, 17, -19
1563.6, 17, -19
1563.7, 17, -19
1563.8, 17, -19
1563.9, 17, -19
1564, 17, -19
1564.1, 17, -19
1564.2, 17, -19
1564.3, 17, -19
1564.4, 17, -19
1564.5, 17, -19
1564.6, 17, -19
1564.7, 17, -19
1564.8, 17, -19
1564.9, 17, -19
1565, 17, -19
1565.1, 17, -19
1565.2, 17, -19
1565.3, 17, -19
1565.4, 17, -19
1565.5, 17, -19
1565.6, 17, -19
1565.7, 17, -19
1565.8, 17, -19
1565.9, 17, -19
1566, 17, -19
1566.1, 17, -19
1566.2, 17, -19
1566.3, 17, -19
1566.4, 17, -19
1566.5, 17, -19
1566.6, 17, -19
1566.7, 17, -19
1566.8, 17, -19
1566.9, 17, -19
1567, 17, -19
1567.1, 17, -19
1567.2, 17, -19
1567.3, 17, -19
1567.4, 17, -19
1567.5, 17, -19
1567.6, 17, -19
1567.7, 17, -19
1567.8, 17, -19
1567.9, 17, -19
1568, 17, -19
1568.1, 17, -19
1568.2, 17, -19
1568.3, 17, -19
1568.4, 17, -19
1568.5, 17, -18
1568.6, 17, -18
1568.7, 17, -19
1568.8, 17, -19
1568.9, 17, -19
1569, 17, -19
1569.1, 17, -19
1569.2, 17, -19
1569.3, 17, -19
1569.4, 17, -19
1569.5, 17, -19
1569.6, 17, -19
1569.7, 17, -19
1569.8, 17, -19
1569.9, 17, -19
1570, 17, -19
1570.1, 17, -19
1570.2, 17, -19
1570.3, 17, -19
1570.4, 17, -19
1570.5, 17, -19
1570.6, 17, -19
1570.7, 17, -19
1570.8, 17, -19
1570.9, 17, -19
1571, 17, -19
1571.1, 17, -19
1571.2, 17, -19
1571.3, 17, -19
1571.4, 17, -19
1571.5, 17, -19
1571.6, 17, -19
1571.7, 17, -19
1571.8, 17, -19
1571.9, 17, -19
1572, 17, -19
1572.1, 17, -19
1572.2, 17, -19
1572.3, 17, -19
1572.4, 17, -19
1572.5, 17, -19
1572.6, 17, -19
1572.7, 17, -19
1572.8, 17, -19
1572.9, 18, -19
1573, 18, -19
1573.1, 18, -19
1573.2, 18, -19
1573.3, 18, -19
1573.4, 18, -19
1573.5, 18, -19
1573.6, 18, -19
1573.7, 18, -19
1573.8, 18, -19
1573.9, 18, -19
1574, 18, -19
1574.1, 18, -19
1574.2, 18, -19
1574.3, 18, -19
1574.4, 18, -19
1574.5, 18, -19
1574.6, 18, -19
1574.7, 19, -19
1574.8, 19, -19
1574.9, 19, -19
1575, 19, -19
1575.1, 19, -19
1575.2, 19, -19
1575.3, 19, -19
1575.4, 19, -19
1575.5, 19, -19
1575.6, 19, -19
1575.7, 19, -19
1575.8, 19, -19
1575.9, 19, -19
1576, 19, -19
1576.1, 19, -19
1576.2, 19, -19
1576.3, 19, -19
1576.4, 19, -19
1576.5, 19, -19
1576.6, 19, -19
1576.7, 19, -19
1576.8, 19, -19
1576.9, 19, -19
1577, 19, -19
1577.1, 19, -19
1577.2, 19, -19
1577.3, 19, -19
1577.4, 19, -19
1577.5, 19, -19
1577.6, 19, -19
1577.7, 19, -19
1577.8, 19, -19
1577.9, 19, -19
1578, 19, -19
1578.1, 19, -19
1578.2, 19, -19
1578.3, 19, -19
1578.4, 19, -19
1578.5, 19, -19
1578.6, 19, -19
1578.7, 19, -19
1578.8, 19, -19
1578.9, 19, -19
1579, 19, -19
1579.1, 19, -19
1579.2, 19, -19
1579.3, 19, -19
1579.4, 19, -19
1579.5, 19, -20
1579.6, 19, -20
1579.7, 20, -20
1579.8, 20, -20
1579.9, 20, -21
1580, 20, -21
1580.1, 20, -21
1580.2, 20, -21
1580.3, 20, -21
1580.4, 20, -21
1580.5, 20, -21
1580.6, 20, -21
1580.7, 20, -21
1580.8, 20, -21
1580.9, 20, -21
1581, 20, -21
1581.1, 20, -21
1581.2, 20, -21
1581.3, 20, -21
1581.4, 20, -21
1581.5, 20, -21
1581.6, 20, -21
1581.7, 20, -21
1581.8, 20, -21
1581.9, 20, -21
1582, 20, -21
1582.1, 20, -21
1582.2, 20, -21
1582.3, 20, -21
1582.4, 20, -21
1582.5, 20, -21
1582.6, 20, -21
1582.7, 20, -21
1582.8, 20, -21
1582.9, 20, -21
1583, 20, -21
1583.1, 20, -21
1583.2, 20, -21
1583.3, 20, -21
1583.4, 20, -21
1583.5, 20, -21
1583.6, 20, -21
1583.7, 20, -21
1583.8, 20, -21
1583.9, 20, -21
1584, 20, -21
1584.1, 20, -21
1584.2, 20, -21
1584.3, 20, -21
1584.4, 20, -21
1584.5, 20, -21
1584.6, 20, -21
1584.7, 20, -21
1584.8, 20, -21
1584.9, 20, -21
1585, 20, -21
1585.1, 20, -21
1585.2, 20, -21
1585.3, 20, -21
1585.4, 20, -21
1585.5, 20, -21
1585.6, 20, -21
1585.7, 20, -21
1585.8, 20, -21
1585.9, 20, -21
1586, 20, -21
1586.1, 20, -21
1586.2, 20, -21
1586.3, 20, -21
1586.4, 20, -21
1586.5, 20, -21
1586.6, 20, -21
1586.7, 20, -21
1586.8, 20, -21
1586.9, 20, -21
1587, 20, -21
1587.1, 20, -20
1587.2, 20, -20
1587.3, 19, -20
1587.4, 19, -20
1587.5, 19, -20
1587.6, 19, -20
1587.7, 19, -20
1587.8, 19, -20
1587.9, 19, -20
1588, 19, -20
1588.1, 19, -20
1588.2, 19, -20
1588.3, 19, -20
1588.4, 19, -20
1588.5, 19, -20
1588.6, 19, -20
1588.7, 19, -20
1588.8, 19, -20
1588.9, 19, -20
1589, 19, -20
1589.1, 19, -20
1589.2, 19, -20
1589.3, 19, -20
1589.4, 19, -20
1589.5, 19, -20
1589.6, 19, -20
1589.7, 19, -20
1589.8, 19, -20
1589.9, 19, -20
1590, 19, -20
1590.1, 19, -20
1590.2, 19, -20
1590.3, 19, -20
1590.4, 19, -20
1590.5, 19, -20
1590.6, 19, -20
1590.7, 19, -19
1590.8, 19, -19
1590.9, 19, -19
1591, 19, -19
1591.1, 19, -19
1591.2, 19, -19
1591.3, 19, -19
1591.4, 19, -19
1591.5, 19, -19
1591.6, 19, -19
1591.7, 19, -19
1591.8, 19, -19
1591.9, 19, -19
1592, 19, -19
1592.1, 19, -19
1592.2, 19, -19
1592.3, 19, -20
1592.4, 19, -20
1592.5, 19, -20
1592.6, 19, -20
1592.7, 19, -20
1592.8, 19, -20
1592.9, 19, -20
1593, 19, -20
1593.1, 19, -20
1593.2, 19, -20
1593.3, 18, -20
1593.4, 18, -20
1593.5, 18, -19
1593.6, 18, -19
1593.7, 18, -19
1593.8, 18, -19
1593.9, 18, -19
1594, 18, -19
1594.1, 18, -19
1594.2, 18, -19
1594.3, 18, -19
1594.4, 18, -19
1594.5, 18, -19
1594.6, 18, -19
1594.7, 18, -19
1594.8, 18, -19
1594.9, 18, -19
1595, 18, -19
1595.1, 18, -19
1595.2, 18, -19
1595.3, 18, -19
1595.4, 18, -19
1595.5, 18, -19
1595.6, 18, -19
1595.7, 18, -19
1595.8, 18, -19
1595.9, 18, -19
1596, 18, -19
1596.1, 18, -19
1596.2, 18, -19
1596.3, 19, -19
1596.4, 19, -19
1596.5, 19, -20
1596.6, 19, -20
1596.7, 19, -20
1596.8, 19, -20
1596.9, 19, -20
1597, 19, -20
1597.1, 19, -21
1597.2, 19, -21
1597.3, 19, -21
1597.4, 19, -21
1597.5, 18, -21
1597.6, 18, -21
1597.7, 18, -21
1597.8, 18, -21
1597.9, 18, -21
1598, 18, -21
1598.1, 18, -21
1598.2, 18, -21
1598.3, 18, -21
1598.4, 18, -21
1598.5, 18, -20
1598.6, 18, -20
1598.7, 18, -20
1598.8, 18, -20
1598.9, 18, -20
1599, 18, -20
1599.1, 18, -20
1599.2, 18, -20
1599.3, 18, -20
1599.4, 18, -20
1599.5, 18, -20
1599.6, 18, -20
1599.7, 18, -20
1599.8, 18, -20
1599.9, 18, -20
1600, 18, -20
1600.1, 18, -20
1600.2, 18, -20
1600.3, 18, -20
1600.4, 18, -20
1600.5, 18, -20
1600.6, 18, -20
1600.7, 18, -20
1600.8, 18, -20
1600.9, 18, -20
1601, 18, -20
1601.1, 18, -20
1601.2, 18, -20
1601.3, 18, -20
1601.4, 18, -20
1601.5, 18, -20
1601.6, 18, -20
1601.7, 18, -20
1601.8, 18, -20
1601.9, 18, -20
1602, 18, -20
1602.1, 18, -20
1602.2, 18, -20
1602.3, 18, -20
1602.4, 18, -20
1602.5, 19, -20
1602.6, 19, -20
1602.7, 19, -20
1602.8, 19, -20
1602.9, 19, -20
1603, 19, -20
1603.1, 19, -20
1603.2, 19, -20
1603.3, 19, -20
1603.4, 19, -20
1603.5, 19, -20
1603.6, 19, -20
1603.7, 19, -20
1603.8, 19, -20
1603.9, 19, -20
1604, 19, -20
1604.1, 19, -20
1604.2, 19, -20
1604.3, 19, -20
1604.4, 19, -20
1604.5, 19, -20
1604.6, 19, -20
1604.7, 19, -20
1604.8, 19, -20
1604.9, 19, -20
1605, 19, -20
1605.1, 20, -20
1605.2, 20, -20
1605.3, 20, -20
1605.4, 20, -20
1605.5, 20, -20
1605.6, 20, -20
1605.7, 20, -20
1605.8, 20, -20
1605.9, 20, -20
1606, 20, -20
1606.1, 21, -20
1606.2, 21, -20
1606.3, 21, -20
1606.4, 21, -20
1606.5, 21, -20
1606.6, 21, -20
1606.7, 21, -20
1606.8, 21, -20
1606.9, 21, -20
1607, 21, -20
1607.1, 21, -20
1607.2, 21, -20
1607.3, 21, -20
1607.4, 21, -20
1607.5, 21, -20
1607.6, 21, -20
1607.7, 21, -20
1607.8, 21, -20
1607.9, 21, -20
1608, 21, -20
1608.1, 21, -20
1608.2, 21, -20
1608.3, 21, -20
1608.4, 21, -20
1608.5, 21, -20
1608.6, 21, -20
1608.7, 21, -20
1608.8, 21, -20
1608.9, 21, -20
1609, 21, -20
1609.1, 21, -20
1609.2, 21, -20
1609.3, 21, -21
1609.4, 21, -21
1609.5, 21, -21
1609.6, 21, -21
1609.7, 21, -21
1609.8, 21, -21
1609.9, 21, -21
1610, 21, -21
1610.1, 21, -21
1610.2, 21, -21
1610.3, 21, -21
1610.4, 21, -21
1610.5, 21, -21
1610.6, 21, -21
1610.7, 21, -21
1610.8, 21, -21
1610.9, 21, -21
1611, 21, -21
1611.1, 21, -21
1611.2, 21, -21
1611.3, 21, -21
1611.4, 21, -21
1611.5, 21, -21
1611.6, 21, -21
1611.7, 21, -21
1611.8, 21, -21
1611.9, 21, -21
1612, 21, -21
1612.1, 21, -21
1612.2, 21, -21
1612.3, 21, -21
1612.4, 21, -21
1612.5, 21, -20
1612.6, 21, -20
1612.7, 21, -20
1612.8, 21, -20
1612.9, 21, -20
1613, 21, -20
1613.1, 21, -20
1613.2, 21, -20
1613.3, 21, -20
1613.4, 21, -20
1613.5, 21, -20
1613.6, 21, -20
1613.7, 21, -20
1613.8, 21, -20
1613.9, 21, -20
1614, 21, -20
1614.1, 21, -20
1614.2, 21, -20
1614.3, 21, -20
1614.4, 21, -20
1614.5, 21, -20
1614.6, 21, -20
1614.7, 21, -20
1614.8, 21, -20
1614.9, 21, -20
1615, 21, -20
1615.1, 21, -20
1615.2, 21, -20
1615.3, 22, -20
1615.4, 22, -20
1615.5, 22, -20
1615.6, 22, -20
1615.7, 22, -20
1615.8, 22, -20
1615.9, 22, -20
1616, 22, -20
1616.1, 21, -20
1616.2, 21, -20
1616.3, 21, -20
1616.4, 21, -20
1616.5, 21, -20
1616.6, 21, -20
1616.7, 20, -20
1616.8, 20, -20
1616.9, 20, -20
1617, 20, -20
1617.1, 20, -20
1617.2, 20, -20
1617.3, 20, -20
1617.4, 20, -20
1617.5, 20, -20
1617.6, 20, -20
1617.7, 20, -20
1617.8, 20, -20
1617.9, 20, -20
1618, 20, -20
1618.1, 20, -20
1618.2, 20, -20
1618.3, 20, -19
1618.4, 20, -19
1618.5, 20, -19
1618.6, 20, -19
1618.7, 20, -19
1618.8, 20, -19
1618.9, 20, -19
1619, 20, -19
1619.1, 20, -19
1619.2, 20, -19
1619.3, 20, -19
1619.4, 20, -19
1619.5, 20, -19
1619.6, 20, -19
1619.7, 20, -19
1619.8, 20, -19
1619.9, 20, -19
1620, 20, -19
1620.1, 20, -19
1620.2, 20, -19
1620.3, 20, -19
1620.4, 20, -19
1620.5, 21, -19
1620.6, 21, -19
1620.7, 21, -19
1620.8, 21, -19
1620.9, 21, -19
1621, 21, -19
1621.1, 21, -19
1621.2, 21, -19
1621.3, 21, -19
1621.4, 21, -19
1621.5, 21, -19
1621.6, 21, -19
1621.7, 21, -19
1621.8, 21, -19
1621.9, 21, -19
1622, 21, -19
1622.1, 21, -19
1622.2, 21, -19
1622.3, 21, -19
1622.4, 21, -19
1622.5, 21, -19
1622.6, 21, -19
1622.7, 21, -19
1622.8, 21, -19
1622.9, 21, -19
1623, 21, -19
1623.1, 21, -19
1623.2, 21, -19
1623.3, 21, -19
1623.4, 21, -19
1623.5, 21, -19
1623.6, 21, -19
1623.7, 21, -19
1623.8, 21, -19
1623.9, 21, -19
1624, 21, -19
1624.1, 21, -19
1624.2, 21, -19
1624.3, 21, -19
1624.4, 21, -19
1624.5, 21, -19
1624.6, 21, -19
1624.7, 21, -20
1624.8, 21, -20
1624.9, 21, -20
1625, 21, -20
1625.1, 21, -20
1625.2, 21, -20
1625.3, 21, -20
1625.4, 21, -20
1625.5, 20, -20
1625.6, 20, -20
1625.7, 20, -20
1625.8, 20, -20
1625.9, 20, -20
1626, 20, -20
1626.1, 20, -20
1626.2, 20, -20
1626.3, 20, -20
1626.4, 20, -20
1626.5, 20, -20
1626.6, 20, -20
1626.7, 20, -20
1626.8, 20, -20
1626.9, 20, -20
1627, 20, -20
1627.1, 20, -21
1627.2, 20, -21
1627.3, 20, -21
1627.4, 20, -21
1627.5, 20, -21
1627.6, 20, -21
1627.7, 20, -21
1627.8, 20, -21
1627.9, 20, -21
1628, 20, -21
1628.1, 20, -21
1628.2, 20, -21
1628.3, 20, -21
1628.4, 20, -21
1628.5, 20, -21
1628.6, 20, -21
1628.7, 20, -21
1628.8, 20, -21
1628.9, 20, -21
1629, 20, -21
1629.1, 20, -21
1629.2, 20, -21
1629.3, 20, -21
1629.4, 20, -21
1629.5, 20, -21
1629.6, 20, -21
1629.7, 20, -21
1629.8, 20, -21
1629.9, 20, -20
1630, 20, -20
1630.1, 20, -20
1630.2, 20, -20
1630.3, 20, -20
1630.4, 20, -20
1630.5, 20, -20
1630.6, 20, -20
1630.7, 20, -20
1630.8, 20, -20
1630.9, 20, -20
1631, 20, -20
1631.1, 21, -20
1631.2, 21, -20
1631.3, 21, -20
1631.4, 21, -20
1631.5, 21, -20
1631.6, 21, -20
1631.7, 21, -20
1631.8, 21, -20
1631.9, 21, -20
1632, 21, -20
1632.1, 21, -20
1632.2, 21, -20
1632.3, 21, -20
1632.4, 21, -20
1632.5, 21, -20
1632.6, 21, -20
1632.7, 21, -20
1632.8, 21, -20
1632.9, 21, -20
1633, 21, -20
1633.1, 21, -20
1633.2, 21, -20
1633.3, 21, -20
1633.4, 21, -20
1633.5, 21, -20
1633.6, 21, -20
1633.7, 21, -20
1633.8, 21, -20
1633.9, 21, -20
1634, 21, -20
1634.1, 21, -20
1634.2, 21, -20
1634.3, 21, -20
1634.4, 21, -20
1634.5, 22, -20
1634.6, 22, -20
1634.7, 22, -20
1634.8, 22, -20
1634.9, 22, -20
1635, 22, -20
1635.1, 22, -20
1635.2, 22, -20
1635.3, 22, -20
1635.4, 22, -20
1635.5, 22, -20
1635.6, 22, -20
1635.7, 22, -20
1635.8, 22, -20
1635.9, 22, -20
1636, 22, -20
1636.1, 22, -19
1636.2, 22, -19
1636.3, 22, -19
1636.4, 22, -19
1636.5, 22, -20
1636.6, 22, -20
1636.7, 22, -20
1636.8, 22, -20
1636.9, 22, -20
1637, 22, -20
1637.1, 22, -20
1637.2, 22, -20
1637.3, 22, -20
1637.4, 22, -20
1637.5, 22, -19
1637.6, 22, -19
1637.7, 22, -19
1637.8, 22, -19
1637.9, 22, -19
1638, 22, -19
1638.1, 22, -19
1638.2, 22, -19
1638.3, 22, -19
1638.4, 22, -19
1638.5, 22, -19
1638.6, 22, -19
1638.7, 22, -19
1638.8, 22, -19
1638.9, 22, -19
1639, 22, -19
1639.1, 22, -19
1639.2, 22, -19
1639.3, 22, -19
1639.4, 22, -19
1639.5, 22, -19
1639.6, 22, -19
1639.7, 22, -20
1639.8, 22, -20
1639.9, 22, -20
1640, 22, -20
1640.1, 22, -20
1640.2, 22, -20
1640.3, 22, -20
1640.4, 22, -20
1640.5, 22, -20
1640.6, 22, -20
1640.7, 22, -20
1640.8, 22, -20
1640.9, 22, -21
1641, 22, -21
1641.1, 22, -21
1641.2, 22, -21
1641.3, 22, -21
1641.4, 22, -21
1641.5, 22, -21
1641.6, 22, -21
1641.7, 22, -21
1641.8, 22, -21
1641.9, 22, -21
1642, 22, -21
1642.1, 22, -21
1642.2, 22, -21
1642.3, 22, -21
1642.4, 22, -21
1642.5, 22, -21
1642.6, 22, -21
1642.7, 22, -21
1642.8, 22, -21
1642.9, 22, -21
1643, 22, -21
1643.1, 22, -21
1643.2, 22, -21
1643.3, 22, -21
1643.4, 22, -21
1643.5, 22, -22
1643.6, 22, -22
1643.7, 22, -22
1643.8, 22, -22
1643.9, 22, -22
1644, 22, -22
1644.1, 22, -22
1644.2, 22, -22
1644.3, 23, -22
1644.4, 23, -22
1644.5, 23, -22
1644.6, 23, -22
1644.7, 23, -22
1644.8, 23, -22
1644.9, 23, -22
1645, 23, -22
1645.1, 23, -22
1645.2, 23, -22
1645.3, 23, -22
1645.4, 23, -22
1645.5, 23, -22
1645.6, 23, -22
1645.7, 23, -22
1645.8, 23, -22
1645.9, 23, -22
1646, 23, -22
1646.1, 23, -22
1646.2, 23, -22
1646.3, 23, -22
1646.4, 23, -22
1646.5, 23, -22
1646.6, 23, -22
1646.7, 23, -22
1646.8, 23, -22
1646.9, 23, -22
1647, 23, -22
1647.1, 23, -23
1647.2, 23, -23
1647.3, 23, -22
1647.4, 23, -22
1647.5, 23, -22
1647.6, 23, -22
1647.7, 23, -22
1647.8, 23, -22
1647.9, 23, -22
1648, 23, -22
1648.1, 23, -22
1648.2, 23, -22
1648.3, 23, -22
1648.4, 23, -22
1648.5, 23, -22
1648.6, 23, -22
1648.7, 23, -22
1648.8, 23, -22
1648.9, 23, -22
1649, 23, -22
1649.1, 23, -22
1649.2, 23, -22
1649.3, 23, -22
1649.4, 23, -22
1649.5, 23, -22
1649.6, 23, -22
1649.7, 22, -22
1649.8, 22, -22
1649.9, 22, -22
1650, 22, -22
1650.1, 22, -22
1650.2, 22, -22
1650.3, 22, -22
1650.4, 22, -22
1650.5, 22, -22
1650.6, 22, -22
1650.7, 22, -22
1650.8, 22, -22
1650.9, 22, -21
1651, 22, -21
1651.1, 22, -21
1651.2, 22, -21
1651.3, 22, -21
1651.4, 22, -21
1651.5, 22, -21
1651.6, 22, -21
1651.7, 22, -21
1651.8, 22, -21
1651.9, 22, -21
1652, 22, -21
1652.1, 22, -21
1652.2, 22, -21
1652.3, 22, -21
1652.4, 22, -21
1652.5, 22, -21
1652.6, 22, -21
1652.7, 22, -21
1652.8, 22, -21
1652.9, 22, -21
1653, 22, -21
1653.1, 22, -21
1653.2, 22, -21
1653.3, 22, -21
1653.4, 22, -21
1653.5, 22, -21
1653.6, 22, -21
1653.7, 22, -21
1653.8, 22, -21
1653.9, 22, -21
1654, 22, -21
1654.1, 22, -21
1654.2, 22, -21
1654.3, 22, -21
1654.4, 22, -21
1654.5, 22, -21
1654.6, 22, -21
1654.7, 22, -21
1654.8, 22, -21
1654.9, 22, -21
1655, 22, -21
1655.1, 22, -21
1655.2, 22, -21
1655.3, 22, -21
1655.4, 22, -21
1655.5, 22, -21
1655.6, 22, -21
1655.7, 22, -21
1655.8, 22, -21
1655.9, 22, -21
1656, 22, -21
1656.1, 22, -21
1656.2, 22, -21
1656.3, 22, -21
1656.4, 22, -21
1656.5, 22, -21
1656.6, 22, -21
1656.7, 22, -21
1656.8, 22, -21
1656.9, 22, -21
1657, 22, -21
1657.1, 22, -21
1657.2, 22, -21
1657.3, 21, -21
1657.4, 21, -21
1657.5, 21, -21
1657.6, 21, -21
1657.7, 21, -21
1657.8, 21, -21
1657.9, 21, -21
1658, 21, -21
1658.1, 21, -21
1658.2, 21, -21
1658.3, 21, -21
1658.4, 21, -21
1658.5, 21, -21
1658.6, 21, -21
1658.7, 21, -21
1658.8, 21, -21
1658.9, 21, -21
1659, 21, -21
1659.1, 21, -21
1659.2, 21, -21
1659.3, 21, -21
1659.4, 21, -21
1659.5, 21, -21
1659.6, 21, -21
1659.7, 21, -21
1659.8, 21, -21
1659.9, 21, -21
1660, 21, -21
1660.1, 21, -21
1660.2, 21, -21
1660.3, 21, -21
1660.4, 21, -21
1660.5, 21, -21
1660.6, 21, -21
1660.7, 21, -21
1660.8, 21, -21
1660.9, 21, -21
1661, 21, -21
1661.1, 21, -21
1661.2, 21, -21
1661.3, 21, -21
1661.4, 21, -21
1661.5, 21, -21
1661.6, 21, -21
1661.7, 21, -21
1661.8, 21, -21
1661.9, 21, -21
1662, 21, -21
1662.1, 21, -21
1662.2, 21, -21
1662.3, 21, -21
1662.4, 21, -21
1662.5, 21, -21
1662.6, 21, -21
1662.7, 21, -21
1662.8, 21, -21
1662.9, 21, -21
1663, 21, -21
1663.1, 21, -21
1663.2, 21, -21
1663.3, 21, -21
1663.4, 21, -21
1663.5, 21, -21
1663.6, 21, -21
1663.7, 21, -21
1663.8, 21, -21
1663.9, 21, -21
1664, 21, -21
1664.1, 20, -21
1664.2, 20, -21
1664.3, 20, -21
1664.4, 20, -21
1664.5, 20, -21
1664.6, 20, -21
1664.7, 20, -21
1664.8, 20, -21
1664.9, 20, -21
1665, 20, -21
1665.1, 20, -21
1665.2, 20, -21
1665.3, 20, -21
1665.4, 20, -21
1665.5, 20, -21
1665.6, 20, -21
1665.7, 20, -21
1665.8, 20, -21
1665.9, 20, -21
1666, 20, -21
1666.1, 20, -21
1666.2, 20, -21
1666.3, 20, -21
1666.4, 20, -21
1666.5, 20, -21
1666.6, 20, -21
1666.7, 20, -21
1666.8, 20, -21
1666.9, 20, -21
1667, 20, -21
1667.1, 20, -20
1667.2, 20, -20
1667.3, 20, -20
1667.4, 20, -20
1667.5, 20, -20
1667.6, 20, -20
1667.7, 20, -20
1667.8, 20, -20
1667.9, 20, -20
1668, 20, -20
1668.1, 20, -20
1668.2, 20, -20
1668.3, 20, -20
1668.4, 20, -20
1668.5, 20, -20
1668.6, 20, -20
1668.7, 20, -20
1668.8, 20, -20
1668.9, 20, -20
1669, 20, -20
1669.1, 20, -20
1669.2, 20, -20
1669.3, 20, -20
1669.4, 20, -20
1669.5, 20, -20
1669.6, 20, -20
1669.7, 20, -20
1669.8, 20, -20
1669.9, 20, -20
1670, 20, -20
1670.1, 20, -20
1670.2, 20, -20
1670.3, 20, -20
1670.4, 20, -20
1670.5, 20, -20
1670.6, 20, -20
1670.7, 20, -20
1670.8, 20, -20
1670.9, 20, -20
1671, 20, -20
1671.1, 20, -20
1671.2, 20, -20
1671.3, 20, -21
1671.4, 20, -21
1671.5, 20, -22
1671.6, 20, -22
1671.7, 20, -22
1671.8, 20, -22
1671.9, 20, -22
1672, 20, -22
1672.1, 20, -22
1672.2, 20, -22
1672.3, 20, -22
1672.4, 20, -22
1672.5, 20, -23
1672.6, 20, -23
1672.7, 20, -23
1672.8, 20, -23
1672.9, 20, -23
1673, 20, -23
1673.1, 20, -23
1673.2, 20, -23
1673.3, 20, -23
1673.4, 20, -23
1673.5, 20, -24
1673.6, 20, -24
1673.7, 20, -24
1673.8, 20, -24
1673.9, 20, -24
1674, 20, -24
1674.1, 20, -24
1674.2, 20, -24
1674.3, 20, -24
1674.4, 20, -24
1674.5, 20, -24
1674.6, 20, -24
1674.7, 20, -24
1674.8, 20, -24
1674.9, 20, -24
1675, 20, -24
1675.1, 20, -24
1675.2, 20, -24
1675.3, 20, -24
1675.4, 20, -24
1675.5, 20, -24
1675.6, 20, -24
1675.7, 20, -24
1675.8, 20, -24
1675.9, 20, -24
1676, 20, -24
1676.1, 20, -24
1676.2, 20, -24
1676.3, 20, -24
1676.4, 20, -24
1676.5, 20, -24
1676.6, 20, -24
1676.7, 20, -24
1676.8, 20, -24
1676.9, 19, -24
1677, 19, -24
1677.1, 19, -24
1677.2, 19, -24
1677.3, 19, -24
1677.4, 19, -24
1677.5, 19, -24
1677.6, 19, -24
1677.7, 19, -24
1677.8, 19, -24
1677.9, 19, -24
1678, 19, -24
1678.1, 19, -24
1678.2, 19, -24
1678.3, 19, -24
1678.4, 19, -24
1678.5, 19, -24
1678.6, 19, -24
1678.7, 19, -24
1678.8, 19, -24
1678.9, 19, -24
1679, 19, -24
1679.1, 19, -24
1679.2, 19, -24
1679.3, 19, -24
1679.4, 19, -24
1679.5, 19, -24
1679.6, 19, -24
1679.7, 19, -24
1679.8, 19, -24
1679.9, 19, -24
1680, 19, -24
1680.1, 19, -24
1680.2, 19, -24
1680.3, 19, -24
1680.4, 19, -24
1680.5, 19, -24
1680.6, 19, -24
1680.7, 19, -24
1680.8, 19, -24
1680.9, 19, -24
1681, 19, -24
1681.1, 19, -24
1681.2, 19, -24
1681.3, 19, -24
1681.4, 19, -24
1681.5, 19, -24
1681.6, 19, -24
1681.7, 19, -24
1681.8, 19, -24
1681.9, 19, -24
1682, 19, -24
1682.1, 19, -24
1682.2, 19, -24
1682.3, 19, -24
1682.4, 19, -24
1682.5, 19, -24
1682.6, 19, -24
1682.7, 19, -24
1682.8, 19, -24
1682.9, 19, -24
1683, 19, -24
1683.1, 19, -24
1683.2, 19, -24
1683.3, 19, -24
1683.4, 19, -24
1683.5, 19, -24
1683.6, 19, -24
1683.7, 19, -25
1683.8, 19, -25
1683.9, 19, -24
1684, 19, -24
1684.1, 19, -24
1684.2, 19, -24
1684.3, 19, -24
1684.4, 19, -24
1684.5, 19, -24
1684.6, 19, -24
1684.7, 19, -24
1684.8, 19, -24
1684.9, 19, -24
1685, 19, -24
1685.1, 19, -24
1685.2, 19, -24
1685.3, 19, -24
1685.4, 19, -24
1685.5, 18, -24
1685.6, 18, -24
1685.7, 18, -24
1685.8, 18, -24
1685.9, 17, -24
1686, 17, -24
1686.1, 17, -24
1686.2, 17, -24
1686.3, 17, -24
1686.4, 17, -24
1686.5, 17, -24
1686.6, 17, -24
1686.7, 17, -24
1686.8, 17, -24
1686.9, 17, -24
1687, 17, -24
1687.1, 17, -24
1687.2, 17, -24
1687.3, 17, -24
1687.4, 17, -24
1687.5, 17, -24
1687.6, 17, -24
1687.7, 17, -24
1687.8, 17, -24
1687.9, 16, -24
1688, 16, -24
1688.1, 16, -24
1688.2, 16, -24
1688.3, 16, -24
1688.4, 16, -24
1688.5, 16, -24
1688.6, 16, -24
1688.7, 16, -24
1688.8, 16, -24
1688.9, 16, -24
1689, 16, -24
1689.1, 16, -24
1689.2, 16, -24
1689.3, 16, -24
1689.4, 16, -24
1689.5, 16, -24
1689.6, 16, -24
1689.7, 16, -24
1689.8, 16, -24
1689.9, 16, -24
1690, 16, -24
1690.1, 16, -24
1690.2, 16, -24
1690.3, 16, -24
1690.4, 16, -24
1690.5, 17, -24
1690.6, 17, -24
1690.7, 17, -24
1690.8, 17, -24
1690.9, 16, -24
1691, 16, -24
1691.1, 16, -24
1691.2, 16, -24
1691.3, 16, -24
1691.4, 16, -24
1691.5, 16, -24
1691.6, 16, -24
1691.7, 16, -24
1691.8, 16, -24
1691.9, 16, -24
1692, 16, -24
1692.1, 16, -24
1692.2, 16, -24
1692.3, 16, -24
1692.4, 16, -24
1692.5, 16, -24
1692.6, 16, -24
1692.7, 16, -24
1692.8, 16, -24
1692.9, 17, -24
1693, 17, -24
1693.1, 17, -24
1693.2, 17, -24
1693.3, 17, -24
1693.4, 17, -24
1693.5, 17, -24
1693.6, 17, -24
1693.7, 17, -24
1693.8, 17, -24
1693.9, 17, -24
1694, 17, -24
1694.1, 17, -24
1694.2, 17, -24
1694.3, 17, -24
1694.4, 17, -24
1694.5, 17, -24
1694.6, 17, -24
1694.7, 17, -23
1694.8, 17, -23
1694.9, 16, -23
1695, 16, -23
1695.1, 16, -23
1695.2, 16, -23
1695.3, 16, -23
1695.4, 16, -23
1695.5, 16, -23
1695.6, 16, -23
1695.7, 16, -23
1695.8, 16, -23
1695.9, 16, -23
1696, 16, -23
1696.1, 16, -23
1696.2, 16, -23
1696.3, 16, -23
1696.4, 16, -23
1696.5, 16, -22
1696.6, 16, -22
1696.7, 16, -22
1696.8, 16, -22
1696.9, 16, -22
1697, 16, -22
1697.1, 16, -22
1697.2, 16, -22
1697.3, 16, -22
1697.4, 16, -22
1697.5, 16, -22
1697.6, 16, -22
1697.7, 16, -21
1697.8, 16, -21
1697.9, 16, -21
1698, 16, -21
1698.1, 16, -21
1698.2, 16, -21
1698.3, 16, -21
1698.4, 16, -21
1698.5, 16, -21
1698.6, 16, -21
1698.7, 16, -21
1698.8, 16, -21
1698.9, 16, -21
1699, 16, -21
1699.1, 16, -21
1699.2, 16, -21
1699.3, 16, -21
1699.4, 16, -21
1699.5, 16, -21
1699.6, 16, -21
1699.7, 16, -21
1699.8, 16, -21
1699.9, 16, -21
1700, 16, -21
1700.1, 16, -21
1700.2, 16, -21
1700.3, 16, -21
1700.4, 16, -21
1700.5, 16, -21
1700.6, 16, -21
1700.7, 16, -21
1700.8, 16, -21
1700.9, 16, -21
1701, 16, -21
1701.1, 16, -20
1701.2, 16, -20
1701.3, 16, -19
1701.4, 16, -19
1701.5, 16, -19
1701.6, 16, -19
1701.7, 16, -19
1701.8, 16, -19
1701.9, 16, -19
1702, 16, -19
1702.1, 16, -19
1702.2, 16, -19
1702.3, 16, -19
1702.4, 16, -19
1702.5, 16, -19
1702.6, 16, -19
1702.7, 16, -19
1702.8, 16, -19
1702.9, 16, -19
1703, 16, -19
1703.1, 16, -19
1703.2, 16, -19
1703.3, 16, -19
1703.4, 16, -19
1703.5, 16, -19
1703.6, 16, -19
1703.7, 16, -19
1703.8, 16, -19
1703.9, 16, -19
1704, 16, -19
1704.1, 16, -19
1704.2, 16, -19
1704.3, 16, -19
1704.4, 16, -19
1704.5, 16, -19
1704.6, 16, -19
1704.7, 16, -19
1704.8, 16, -19
1704.9, 16, -19
1705, 16, -19
1705.1, 16, -19
1705.2, 16, -19
1705.3, 16, -19
1705.4, 16, -19
1705.5, 16, -19
1705.6, 16, -19
1705.7, 16, -19
1705.8, 16, -19
1705.9, 16, -19
1706, 16, -19
1706.1, 16, -19
1706.2, 16, -19
1706.3, 16, -19
1706.4, 16, -19
1706.5, 16, -19
1706.6, 16, -19
1706.7, 16, -19
1706.8, 16, -19
1706.9, 16, -19
1707, 16, -19
1707.1, 16, -19
1707.2, 16, -19
1707.3, 16, -19
1707.4, 16, -19
1707.5, 16, -19
1707.6, 16, -19
1707.7, 16, -19
1707.8, 16, -19
1707.9, 16, -19
1708, 16, -19
1708.1, 16, -19
1708.2, 16, -19
1708.3, 15, -19
1708.4, 15, -19
1708.5, 14, -19
1708.6, 14, -19
1708.7, 14, -19
1708.8, 14, -19
1708.9, 14, -19
1709, 14, -19
1709.1, 14, -19
1709.2, 14, -19
1709.3, 14, -19
1709.4, 14, -19
1709.5, 14, -19
1709.6, 14, -19
1709.7, 14, -19
1709.8, 14, -19
1709.9, 14, -19
1710, 14, -19
1710.1, 14, -18
1710.2, 14, -18
1710.3, 14, -18
1710.4, 14, -18
1710.5, 14, -18
1710.6, 14, -18
1710.7, 14, -18
1710.8, 14, -18
1710.9, 14, -18
1711, 14, -18
1711.1, 14, -18
1711.2, 14, -18
1711.3, 14, -18
1711.4, 14, -18
1711.5, 14, -18
1711.6, 14, -18
1711.7, 14, -18
1711.8, 14, -18
1711.9, 14, -18
1712, 14, -18
1712.1, 14, -17
1712.2, 14, -17
1712.3, 14, -17
1712.4, 14, -17
1712.5, 14, -17
1712.6, 14, -17
1712.7, 14, -17
1712.8, 14, -17
1712.9, 14, -17
1713, 14, -17
1713.1, 14, -17
1713.2, 14, -17
1713.3, 14, -17
1713.4, 14, -17
1713.5, 14, -17
1713.6, 14, -17
1713.7, 14, -17
1713.8, 14, -17
1713.9, 14, -17
1714, 14, -17
1714.1, 14, -17
1714.2, 14, -17
1714.3, 14, -17
1714.4, 14, -17
1714.5, 14, -17
1714.6, 14, -17
1714.7, 14, -18
1714.8, 14, -18
1714.9, 14, -18
1715, 14, -18
1715.1, 14, -18
1715.2, 14, -18
1715.3, 14, -18
1715.4, 14, -18
1715.5, 14, -18
1715.6, 14, -18
1715.7, 14, -18
1715.8, 14, -18
1715.9, 14, -18
1716, 14, -18
1716.1, 14, -19
1716.2, 14, -19
1716.3, 14, -19
1716.4, 14, -19
1716.5, 14, -19
1716.6, 14, -19
1716.7, 14, -19
1716.8, 14, -19
1716.9, 14, -19
1717, 14, -19
1717.1, 14, -19
1717.2, 14, -19
1717.3, 14, -19
1717.4, 14, -19
1717.5, 14, -19
1717.6, 14, -19
1717.7, 14, -19
1717.8, 14, -19
1717.9, 14, -19
1718, 14, -19
1718.1, 14, -19
1718.2, 14, -19
1718.3, 14, -19
1718.4, 14, -19
1718.5, 14, -19
1718.6, 14, -19
1718.7, 14, -19
1718.8, 14, -19
1718.9, 14, -19
1719, 14, -19
1719.1, 14, -19
1719.2, 14, -19
1719.3, 14, -19
1719.4, 14, -19
1719.5, 13, -19
1719.6, 13, -19
1719.7, 13, -19
1719.8, 13, -19
1719.9, 13, -19
1720, 13, -19
1720.1, 13, -19
1720.2, 13, -19
1720.3, 13, -19
1720.4, 13, -19
1720.5, 13, -19
1720.6, 13, -19
1720.7, 13, -19
1720.8, 13, -19
1720.9, 13, -19
1721, 13, -19
1721.1, 13, -19
1721.2, 13, -19
1721.3, 13, -19
1721.4, 13, -19
1721.5, 13, -19
1721.6, 13, -19
1721.7, 13, -19
1721.8, 13, -19
1721.9, 13, -19
1722, 13, -19
1722.1, 13, -19
1722.2, 13, -19
1722.3, 13, -19
1722.4, 13, -19
1722.5, 13, -19
1722.6, 13, -19
1722.7, 13, -19
1722.8, 13, -19
1722.9, 13, -18
1723, 13, -18
1723.1, 13, -18
1723.2, 13, -18
1723.3, 13, -18
1723.4, 13, -18
1723.5, 13, -18
1723.6, 13, -18
1723.7, 13, -18
1723.8, 13, -18
1723.9, 13, -18
1724, 13, -18
1724.1, 13, -18
1724.2, 13, -18
1724.3, 13, -18
1724.4, 13, -18
1724.5, 13, -18
1724.6, 13, -18
1724.7, 13, -18
1724.8, 13, -18
1724.9, 13, -18
1725, 13, -18
1725.1, 13, -19
1725.2, 13, -19
1725.3, 13, -19
1725.4, 13, -19
1725.5, 13, -19
1725.6, 13, -19
1725.7, 13, -19
1725.8, 13, -19
1725.9, 13, -18
1726, 13, -18
1726.1, 13, -19
1726.2, 13, -19
1726.3, 13, -19
1726.4, 13, -19
1726.5, 13, -19
1726.6, 13, -19
1726.7, 13, -19
1726.8, 13, -19
1726.9, 13, -19
1727, 13, -19
1727.1, 13, -18
1727.2, 13, -18
1727.3, 13, -18
1727.4, 13, -18
1727.5, 13, -18
1727.6, 13, -18
1727.7, 13, -18
1727.8, 13, -18
1727.9, 13, -18
1728, 13, -18
1728.1, 13, -18
1728.2, 13, -18
1728.3, 13, -18
1728.4, 13, -18
1728.5, 13, -18
1728.6, 13, -18
1728.7, 13, -18
1728.8, 13, -18
1728.9, 13, -18
1729, 13, -18
1729.1, 13, -17
1729.2, 13, -17
1729.3, 13, -17
1729.4, 13, -17
1729.5, 13, -17
1729.6, 13, -17
1729.7, 13, -17
1729.8, 13, -17
1729.9, 13, -17
1730, 13, -17
1730.1, 13, -17
1730.2, 13, -17
1730.3, 13, -17
1730.4, 13, -17
1730.5, 12, -17
1730.6, 12, -17
1730.7, 12, -17
1730.8, 12, -17
1730.9, 12, -16
1731, 12, -16
1731.1, 12, -16
1731.2, 12, -16
1731.3, 12, -16
1731.4, 12, -16
1731.5, 12, -16
1731.6, 12, -16
1731.7, 12, -16
1731.8, 12, -16
1731.9, 12, -16
1732, 12, -16
1732.1, 12, -16
1732.2, 12, -16
1732.3, 12, -16
1732.4, 12, -16
1732.5, 12, -16
1732.6, 12, -16
1732.7, 12, -16
1732.8, 12, -16
1732.9, 12, -16
1733, 12, -16
1733.1, 12, -16
1733.2, 12, -16
1733.3, 12, -16
1733.4, 12, -16
1733.5, 12, -16
1733.6, 12, -16
1733.7, 12, -16
1733.8, 12, -16
1733.9, 12, -15
1734, 12, -15
1734.1, 12, -15
1734.2, 12, -15
1734.3, 12, -15
1734.4, 12, -15
1734.5, 12, -15
1734.6, 12, -15
1734.7, 12, -15
1734.8, 12, -15
1734.9, 12, -14
1735, 12, -14
1735.1, 12, -14
1735.2, 12, -14
1735.3, 12, -14
1735.4, 12, -14
1735.5, 12, -13
1735.6, 12, -13
1735.7, 12, -13
1735.8, 12, -13
1735.9, 12, -13
1736, 12, -13
1736.1, 12, -13
1736.2, 12, -13
1736.3, 12, -13
1736.4, 12, -13
1736.5, 12, -13
1736.6, 12, -13
1736.7, 12, -13
1736.8, 12, -13
1736.9, 11, -13
1737, 11, -13
1737.1, 11, -13
1737.2, 11, -13
1737.3, 11, -13
1737.4, 11, -13
1737.5, 11, -13
1737.6, 11, -13
1737.7, 11, -13
1737.8, 11, -13
1737.9, 11, -13
1738, 11, -13
1738.1, 11, -13
1738.2, 11, -13
1738.3, 11, -12
1738.4, 11, -12
1738.5, 10, -12
1738.6, 10, -12
1738.7, 10, -12
1738.8, 10, -12
1738.9, 10, -12
1739, 10, -12
1739.1, 10, -12
1739.2, 10, -12
1739.3, 10, -12
1739.4, 10, -12
1739.5, 10, -12
1739.6, 10, -12
1739.7, 10, -12
1739.8, 10, -12
1739.9, 10, -12
1740, 10, -12
1740.1, 10, -12
1740.2, 10, -12
1740.3, 10, -12
1740.4, 10, -12
1740.5, 9, -12
1740.6, 9, -12
1740.7, 9, -12
1740.8, 9, -12
1740.9, 9, -12
1741, 9, -12
1741.1, 9, -12
1741.2, 9, -12
1741.3, 9, -12
1741.4, 9, -12
1741.5, 9, -12
1741.6, 9, -12
1741.7, 9, -12
1741.8, 9, -12
1741.9, 9, -12
1742, 9, -12
1742.1, 9, -12
1742.2, 9, -12
1742.3, 9, -12
1742.4, 9, -12
1742.5, 9, -12
1742.6, 9, -12
1742.7, 9, -12
1742.8, 9, -12
1742.9, 9, -12
1743, 9, -12
1743.1, 9, -11
1743.2, 9, -11
1743.3, 9, -11
1743.4, 9, -11
1743.5, 10, -11
1743.6, 10, -11
1743.7, 10, -11
1743.8, 10, -11
1743.9, 10, -11
1744, 10, -11
1744.1, 10, -11
1744.2, 10, -11
1744.3, 10, -11
1744.4, 10, -11
1744.5, 10, -11
1744.6, 10, -11
1744.7, 10, -11
1744.8, 10, -11
1744.9, 10, -11
1745, 10, -11
1745.1, 10, -11
1745.2, 10, -11
1745.3, 10, -11
1745.4, 10, -11
1745.5, 10, -11
1745.6, 10, -11
1745.7, 10, -11
1745.8, 10, -11
1745.9, 10, -11
1746, 10, -11
1746.1, 9, -11
1746.2, 9, -11
1746.3, 9, -10
1746.4, 9, -10
1746.5, 9, -10
1746.6, 9, -10
1746.7, 9, -10
1746.8, 9, -10
1746.9, 9, -10
1747, 9, -10
1747.1, 8, -10
1747.2, 8, -10
1747.3, 8, -10
1747.4, 8, -10
1747.5, 8, -10
1747.6, 8, -10
1747.7, 8, -9
1747.8, 8, -9
1747.9, 9, -9
1748, 9, -9
1748.1, 9, -9
1748.2, 9, -9
1748.3, 9, -9
1748.4, 9, -9
1748.5, 8, -9
1748.6, 8, -9
1748.7, 8, -9
1748.8, 8, -9
1748.9, 8, -9
1749, 8, -9
1749.1, 8, -9
1749.2, 8, -9
1749.3, 8, -9
1749.4, 8, -9
1749.5, 8, -9
1749.6, 8, -9
1749.7, 8, -10
1749.8, 8, -10
1749.9, 8, -10
1750, 8, -10
1750.1, 8, -10
1750.2, 8, -10
1750.3, 8, -10
1750.4, 8, -10
1750.5, 8, -10
1750.6, 8, -10
1750.7, 8, -10
1750.8, 8, -10
1750.9, 9, -10
1751, 9, -10
1751.1, 9, -10
1751.2, 9, -10
1751.3, 9, -10
1751.4, 9, -10
1751.5, 9, -10
1751.6, 9, -10
1751.7, 9, -10
1751.8, 9, -10
1751.9, 9, -10
1752, 9, -10
1752.1, 9, -10
1752.2, 9, -10
1752.3, 10, -10
1752.4, 10, -10
1752.5, 11, -10
1752.6, 11, -10
1752.7, 11, -10
1752.8, 11, -10
1752.9, 11, -10
1753, 11, -10
1753.1, 11, -10
1753.2, 11, -10
1753.3, 11, -10
1753.4, 11, -10
1753.5, 11, -10
1753.6, 11, -10
1753.7, 11, -10
1753.8, 11, -10
1753.9, 11, -10
1754, 11, -10
1754.1, 11, -10
1754.2, 11, -10
1754.3, 11, -10
1754.4, 11, -10
1754.5, 11, -10
1754.6, 11, -10
1754.7, 11, -10
1754.8, 11, -10
1754.9, 11, -10
1755, 11, -10
1755.1, 11, -10
1755.2, 11, -10
1755.3, 11, -10
1755.4, 11, -10
1755.5, 11, -10
1755.6, 11, -10
1755.7, 11, -10
1755.8, 11, -10
1755.9, 11, -10
1756, 11, -10
1756.1, 11, -10
1756.2, 11, -10
1756.3, 11, -10
1756.4, 11, -10
1756.5, 11, -10
1756.6, 11, -10
1756.7, 11, -10
1756.8, 11, -10
1756.9, 11, -10
1757, 11, -10
1757.1, 11, -10
1757.2, 11, -10
1757.3, 11, -10
1757.4, 11, -10
1757.5, 11, -10
1757.6, 11, -10
1757.7, 10, -10
1757.8, 10, -10
1757.9, 10, -10
1758, 10, -10
1758.1, 10, -10
1758.2, 10, -10
1758.3, 10, -10
1758.4, 10, -10
1758.5, 10, -10
1758.6, 10, -10
1758.7, 10, -10
1758.8, 10, -10
1758.9, 10, -10
1759, 10, -10
1759.1, 10, -10
1759.2, 10, -10
1759.3, 10, -10
1759.4, 10, -10
1759.5, 9, -10
1759.6, 9, -10
1759.7, 9, -10
1759.8, 9, -10
1759.9, 10, -10
1760, 10, -10
1760.1, 10, -11
1760.2, 10, -11
1760.3, 10, -11
1760.4, 10, -11
1760.5, 10, -11
1760.6, 10, -11
1760.7, 9, -11
1760.8, 9, -11
1760.9, 9, -11
1761, 9, -11
1761.1, 9, -11
1761.2, 9, -11
1761.3, 9, -11
1761.4, 9, -11
1761.5, 9, -11
1761.6, 9, -11
1761.7, 9, -11
1761.8, 9, -11
1761.9, 9, -11
1762, 9, -11
1762.1, 9, -11
1762.2, 9, -11
1762.3, 9, -11
1762.4, 9, -11
1762.5, 9, -11
1762.6, 9, -11
1762.7, 9, -10
1762.8, 9, -10
1762.9, 9, -10
1763, 9, -10
1763.1, 9, -10
1763.2, 9, -10
1763.3, 9, -10
1763.4, 9, -10
1763.5, 9, -10
1763.6, 9, -10
1763.7, 9, -10
1763.8, 9, -10
1763.9, 9, -10
1764, 9, -10
1764.1, 9, -10
1764.2, 9, -10
1764.3, 9, -10
1764.4, 9, -10
1764.5, 9, -9
1764.6, 9, -9
1764.7, 9, -9
1764.8, 9, -9
1764.9, 9, -9
1765, 9, -9
1765.1, 9, -9
1765.2, 9, -9
1765.3, 9, -9
1765.4, 9, -9
1765.5, 9, -9
1765.6, 9, -9
1765.7, 9, -9
1765.8, 9, -9
1765.9, 9, -9
1766, 9, -9
1766.1, 9, -9
1766.2, 9, -9
1766.3, 9, -9
1766.4, 9, -9
1766.5, 9, -9
1766.6, 9, -9
1766.7, 9, -9
1766.8, 9, -9
1766.9, 9, -9
1767, 9, -9
1767.1, 9, -9
1767.2, 9, -9
1767.3, 9, -9
1767.4, 9, -9
1767.5, 9, -9
1767.6, 9, -9
1767.7, 9, -9
1767.8, 9, -9
1767.9, 9, -9
1768, 9, -9
1768.1, 9, -9
1768.2, 9, -9
1768.3, 9, -9
1768.4, 9, -9
1768.5, 9, -9
1768.6, 9, -9
1768.7, 9, -9
1768.8, 9, -9
1768.9, 9, -9
1769, 9, -9
1769.1, 9, -9
1769.2, 9, -9
1769.3, 9, -9
1769.4, 9, -9
1769.5, 9, -9
1769.6, 9, -9
1769.7, 9, -9
1769.8, 9, -9
1769.9, 9, -9
1770, 9, -9
1770.1, 9, -9
1770.2, 9, -9
1770.3, 9, -9
1770.4, 9, -9
1770.5, 9, -9
1770.6, 9, -9
1770.7, 9, -9
1770.8, 9, -9
1770.9, 9, -9
1771, 9, -9
1771.1, 9, -9
1771.2, 9, -9
1771.3, 8, -9
1771.4, 8, -9
1771.5, 8, -9
1771.6, 8, -9
1771.7, 8, -9
1771.8, 8, -9
1771.9, 8, -9
1772, 8, -9
1772.1, 8, -9
1772.2, 8, -9
1772.3, 8, -9
1772.4, 8, -9
1772.5, 8, -9
1772.6, 8, -9
1772.7, 8, -9
1772.8, 8, -9
1772.9, 8, -9
1773, 8, -9
1773.1, 8, -9
1773.2, 8, -9
1773.3, 9, -9
1773.4, 9, -9
1773.5, 9, -9
1773.6, 9, -9
1773.7, 9, -9
1773.8, 9, -9
1773.9, 9, -9
1774, 9, -9
1774.1, 9, -9
1774.2, 9, -9
1774.3, 9, -9
1774.4, 9, -9
1774.5, 9, -9
1774.6, 9, -9
1774.7, 9, -9
1774.8, 9, -9
1774.9, 9, -9
1775, 9, -9
1775.1, 9, -10
1775.2, 9, -10
1775.3, 9, -10
1775.4, 9, -10
1775.5, 10, -10
1775.6, 10, -10
1775.7, 10, -10
1775.8, 10, -10
1775.9, 10, -10
1776, 10, -10
1776.1, 10, -10
1776.2, 10, -10
1776.3, 10, -10
1776.4, 10, -10
1776.5, 10, -10
1776.6, 10, -10
1776.7, 10, -10
1776.8, 10, -10
1776.9, 10, -10
1777, 10, -10
1777.1, 10, -10
1777.2, 10, -10
1777.3, 10, -10
1777.4, 10, -10
1777.5, 10, -10
1777.6, 10, -10
1777.7, 10, -10
1777.8, 10, -10
1777.9, 10, -10
1778, 10, -10
1778.1, 10, -10
1778.2, 10, -10
1778.3, 10, -10
1778.4, 10, -10
1778.5, 10, -10
1778.6, 10, -10
1778.7, 10, -10
1778.8, 10, -10
1778.9, 10, -10
1779, 10, -10
1779.1, 10, -10
1779.2, 10, -10
1779.3, 10, -10
1779.4, 10, -10
1779.5, 10, -10
1779.6, 10, -10
1779.7, 10, -10
1779.8, 10, -10
1779.9, 10, -10
1780, 10, -10
1780.1, 11, -10
1780.2, 11, -10
1780.3, 11, -10
1780.4, 11, -10
1780.5, 11, -10
1780.6, 11, -10
1780.7, 11, -10
1780.8, 11, -10
1780.9, 11, -10
1781, 11, -10
1781.1, 11, -10
1781.2, 11, -10
1781.3, 11, -10
1781.4, 11, -10
1781.5, 11, -10
1781.6, 11, -10
1781.7, 11, -10
1781.8, 11, -10
1781.9, 11, -10
1782, 11, -10
1782.1, 11, -10
1782.2, 11, -10
1782.3, 11, -10
1782.4, 11, -10
1782.5, 12, -10
1782.6, 12, -10
1782.7, 12, -10
1782.8, 12, -10
1782.9, 12, -10
1783, 12, -10
1783.1, 12, -10
1783.2, 12, -10
1783.3, 12, -10
1783.4, 12, -10
1783.5, 12, -10
1783.6, 12, -10
1783.7, 12, -10
1783.8, 12, -10
1783.9, 12, -10
1784, 12, -10
1784.1, 12, -10
1784.2, 12, -10
1784.3, 12, -10
1784.4, 12, -10
1784.5, 12, -10
1784.6, 12, -10
1784.7, 12, -10
1784.8, 12, -10
1784.9, 12, -10
1785, 12, -10
1785.1, 12, -10
1785.2, 12, -10
1785.3, 12, -10
1785.4, 12, -10
1785.5, 12, -11
1785.6, 12, -11
1785.7, 12, -11
1785.8, 12, -11
1785.9, 12, -11
1786, 12, -11
1786.1, 12, -11
1786.2, 12, -11
1786.3, 12, -11
1786.4, 12, -11
1786.5, 12, -11
1786.6, 12, -11
1786.7, 12, -11
1786.8, 12, -11
1786.9, 12, -11
1787, 12, -11
1787.1, 12, -11
1787.2, 12, -11
1787.3, 12, -11
1787.4, 12, -11
1787.5, 12, -11
1787.6, 12, -11
1787.7, 12, -11
1787.8, 12, -11
1787.9, 12, -11
1788, 12, -11
1788.1, 12, -11
1788.2, 12, -11
1788.3, 13, -11
1788.4, 13, -11
1788.5, 13, -11
1788.6, 13, -11
1788.7, 13, -11
1788.8, 13, -11
1788.9, 13, -11
1789, 13, -11
1789.1, 12, -11
1789.2, 12, -11
1789.3, 12, -11
1789.4, 12, -11
1789.5, 12, -11
1789.6, 12, -11
1789.7, 12, -11
1789.8, 12, -11
1789.9, 12, -11
1790, 12, -11
1790.1, 12, -11
1790.2, 12, -11
1790.3, 12, -11
1790.4, 12, -11
1790.5, 12, -11
1790.6, 12, -11
1790.7, 12, -11
1790.8, 12, -11
1790.9, 12, -12
1791, 12, -12
1791.1, 12, -12
1791.2, 12, -12
1791.3, 12, -12
1791.4, 12, -12
1791.5, 12, -12
1791.6, 12, -12
1791.7, 12, -12
1791.8, 12, -12
1791.9, 12, -12
1792, 12, -12
1792.1, 12, -12
1792.2, 12, -12
1792.3, 12, -12
1792.4, 12, -12
1792.5, 12, -12
1792.6, 12, -12
1792.7, 12, -12
1792.8, 12, -12
1792.9, 12, -12
1793, 12, -12
1793.1, 12, -12
1793.2, 12, -12
1793.3, 12, -12
1793.4, 12, -12
1793.5, 12, -12
1793.6, 12, -12
1793.7, 12, -12
1793.8, 12, -12
1793.9, 12, -12
1794, 12, -12
1794.1, 12, -11
1794.2, 12, -11
1794.3, 12, -11
1794.4, 12, -11
1794.5, 12, -11
1794.6, 12, -11
1794.7, 11, -11
1794.8, 11, -11
1794.9, 11, -11
1795, 11, -11
1795.1, 11, -11
1795.2, 11, -11
1795.3, 11, -11
1795.4, 11, -11
1795.5, 11, -11
1795.6, 11, -11
1795.7, 11, -11
1795.8, 11, -11
1795.9, 11, -11
1796, 11, -11
1796.1, 10, -11
1796.2, 10, -11
1796.3, 10, -11
1796.4, 10, -11
1796.5, 10, -11
1796.6, 10, -11
1796.7, 10, -11
1796.8, 10, -11
1796.9, 10, -11
1797, 10, -11
1797.1, 10, -11
1797.2, 10, -11
1797.3, 10, -11
1797.4, 10, -11
1797.5, 10, -11
1797.6, 10, -11
1797.7, 10, -11
1797.8, 10, -11
1797.9, 10, -11
1798, 10, -11
1798.1, 10, -11
1798.2, 10, -11
1798.3, 10, -11
1798.4, 10, -11
1798.5, 10, -11
1798.6, 10, -11
1798.7, 10, -11
1798.8, 10, -11
1798.9, 10, -11
1799, 10, -11
1799.1, 10, -11
1799.2, 10, -11
1799.3, 10, -11
1799.4, 10, -11
1799.5, 10, -11
1799.6, 10, -11
1799.7, 10, -11
1799.8, 10, -11
1799.9, 10, -11
1800, 10, -11
1800.1, 10, -11
1800.2, 10, -11
1800.3, 10, -11
1800.4, 10, -11
1800.5, 10, -11
1800.6, 10, -11
1800.7, 10, -11
1800.8, 10, -11
1800.9, 10, -11
1801, 10, -11
1801.1, 10, -11
1801.2, 10, -11
1801.3, 10, -11
1801.4, 10, -11
1801.5, 10, -11
1801.6, 10, -11
1801.7, 10, -11
1801.8, 10, -11
1801.9, 10, -11
1802, 10, -11
1802.1, 10, -11
1802.2, 10, -11
1802.3, 10, -11
1802.4, 10, -11
1802.5, 10, -11
1802.6, 10, -11
1802.7, 10, -10
1802.8, 10, -10
1802.9, 10, -10
1803, 10, -10
1803.1, 10, -10
1803.2, 10, -10
1803.3, 10, -10
1803.4, 10, -10
1803.5, 10, -10
1803.6, 10, -10
1803.7, 10, -10
1803.8, 10, -10
1803.9, 10, -10
1804, 10, -10
1804.1, 10, -10
1804.2, 10, -10
1804.3, 10, -10
1804.4, 10, -10
1804.5, 10, -10
1804.6, 10, -10
1804.7, 10, -10
1804.8, 10, -10
1804.9, 10, -10
1805, 10, -10
1805.1, 10, -10
1805.2, 10, -10
1805.3, 10, -10
1805.4, 10, -10
1805.5, 10, -10
1805.6, 10, -10
1805.7, 10, -10
1805.8, 10, -10
1805.9, 10, -10
1806, 10, -10
1806.1, 10, -10
1806.2, 10, -10
1806.3, 10, -10
1806.4, 10, -10
1806.5, 10, -10
1806.6, 10, -10
1806.7, 10, -9
1806.8, 10, -9
1806.9, 10, -9
1807, 10, -9
1807.1, 10, -9
1807.2, 10, -9
1807.3, 10, -9
1807.4, 10, -9
1807.5, 10, -9
1807.6, 10, -9
1807.7, 10, -9
1807.8, 10, -9
1807.9, 10, -9
1808, 10, -9
1808.1, 10, -8
1808.2, 10, -8
1808.3, 10, -8
1808.4, 10, -8
1808.5, 10, -8
1808.6, 10, -8
1808.7, 10, -8
1808.8, 10, -8
1808.9, 10, -8
1809, 10, -8
1809.1, 10, -8
1809.2, 10, -8
1809.3, 10, -8
1809.4, 10, -8
1809.5, 11, -8
1809.6, 11, -8
1809.7, 11, -8
1809.8, 11, -8
1809.9, 11, -8
1810, 11, -8
1810.1, 11, -8
1810.2, 11, -8
1810.3, 11, -8
1810.4, 11, -8
1810.5, 11, -8
1810.6, 11, -8
1810.7, 11, -8
1810.8, 11, -8
1810.9, 11, -8
1811, 11, -8
1811.1, 11, -8
1811.2, 11, -8
1811.3, 11, -8
1811.4, 11, -8
1811.5, 11, -8
1811.6, 11, -8
1811.7, 11, -8
1811.8, 11, -8
1811.9, 11, -8
1812, 11, -8
1812.1, 11, -8
1812.2, 11, -8
1812.3, 11, -8
1812.4, 11, -8
1812.5, 11, -8
1812.6, 11, -8
1812.7, 11, -8
1812.8, 11, -8
1812.9, 11, -8
1813, 11, -8
1813.1, 11, -8
1813.2, 11, -8
1813.3, 11, -8
1813.4, 11, -8
1813.5, 11, -8
1813.6, 11, -8
1813.7, 11, -8
1813.8, 11, -8
1813.9, 11, -8
1814, 11, -8
1814.1, 10, -8
1814.2, 10, -8
1814.3, 10, -8
1814.4, 10, -8
1814.5, 10, -8
1814.6, 10, -8
1814.7, 10, -8
1814.8, 10, -8
1814.9, 10, -8
1815, 10, -8
1815.1, 10, -8
1815.2, 10, -8
1815.3, 10, -8
1815.4, 10, -8
1815.5, 10, -8
1815.6, 10, -8
1815.7, 9, -8
1815.8, 9, -8
1815.9, 8, -8
1816, 8, -8
1816.1, 8, -8
1816.2, 8, -8
1816.3, 8, -8
1816.4, 8, -8
1816.5, 8, -8
1816.6, 8, -8
1816.7, 8, -8
1816.8, 8, -8
1816.9, 8, -8
1817, 8, -8
1817.1, 7, -8
1817.2, 7, -8
1817.3, 7, -8
1817.4, 7, -8
1817.5, 7, -8
1817.6, 7, -8
1817.7, 7, -8
1817.8, 7, -8
1817.9, 7, -8
1818, 7, -8
1818.1, 7, -7
1818.2, 7, -7
1818.3, 7, -7
1818.4, 7, -7
1818.5, 7, -7
1818.6, 7, -7
1818.7, 7, -7
1818.8, 7, -7
1818.9, 7, -7
1819, 7, -7
1819.1, 7, -7
1819.2, 7, -7
1819.3, 7, -7
1819.4, 7, -7
1819.5, 7, -7
1819.6, 7, -7
1819.7, 7, -7
1819.8, 7, -7
1819.9, 7, -7
1820, 7, -7
1820.1, 7, -7
1820.2, 7, -7
1820.3, 7, -7
1820.4, 7, -7
1820.5, 7, -7
1820.6, 7, -7
1820.7, 7, -7
1820.8, 7, -7
1820.9, 7, -7
1821, 7, -7
1821.1, 7, -7
1821.2, 7, -7
1821.3, 7, -7
1821.4, 7, -7
1821.5, 7, -7
1821.6, 7, -7
1821.7, 7, -7
1821.8, 7, -7
1821.9, 7, -8
1822, 7, -8
1822.1, 7, -8
1822.2, 7, -8
1822.3, 7, -8
1822.4, 7, -8
1822.5, 7, -8
1822.6, 7, -8
1822.7, 7, -8
1822.8, 7, -8
1822.9, 8, -8
1823, 8, -8
1823.1, 8, -8
1823.2, 8, -8
1823.3, 8, -8
1823.4, 8, -8
1823.5, 8, -8
1823.6, 8, -8
1823.7, 8, -8
1823.8, 8, -8
1823.9, 8, -8
1824, 8, -8
1824.1, 8, -8
1824.2, 8, -8
1824.3, 8, -8
1824.4, 8, -8
1824.5, 8, -7
1824.6, 8, -7
1824.7, 8, -7
1824.8, 8, -7
1824.9, 8, -7
1825, 8, -7
1825.1, 8, -7
1825.2, 8, -7
1825.3, 8, -7
1825.4, 8, -7
1825.5, 8, -7
1825.6, 8, -7
1825.7, 8, -7
1825.8, 8, -7
1825.9, 8, -7
1826, 8, -7
1826.1, 8, -7
1826.2, 8, -7
1826.3, 8, -7
1826.4, 8, -7
1826.5, 8, -7
1826.6, 8, -7
1826.7, 8, -7
1826.8, 8, -7
1826.9, 8, -7
1827, 8, -7
1827.1, 8, -7
1827.2, 8, -7
1827.3, 8, -7
1827.4, 8, -7
1827.5, 8, -7
1827.6, 8, -7
1827.7, 8, -7
1827.8, 8, -7
1827.9, 8, -7
1828, 8, -7
1828.1, 8, -7
1828.2, 8, -7
1828.3, 8, -7
1828.4, 8, -7
1828.5, 8, -7
1828.6, 8, -7
1828.7, 8, -7
1828.8, 8, -7
1828.9, 8, -7
1829, 8, -7
1829.1, 8, -7
1829.2, 8, -7
1829.3, 8, -7
1829.4, 8, -7
1829.5, 8, -7
1829.6, 8, -7
1829.7, 8, -7
1829.8, 8, -7
1829.9, 8, -7
1830, 8, -7
1830.1, 8, -7
1830.2, 8, -7
1830.3, 8, -7
1830.4, 8, -7
1830.5, 8, -7
1830.6, 8, -7
1830.7, 8, -7
1830.8, 8, -7
1830.9, 8, -8
1831, 8, -8
1831.1, 8, -8
1831.2, 8, -8
1831.3, 8, -8
1831.4, 8, -8
1831.5, 8, -8
1831.6, 8, -8
1831.7, 8, -8
1831.8, 8, -8
1831.9, 8, -8
1832, 8, -8
1832.1, 8, -8
1832.2, 8, -8
1832.3, 8, -8
1832.4, 8, -8
1832.5, 8, -8
1832.6, 8, -8
1832.7, 8, -8
1832.8, 8, -8
1832.9, 8, -8
1833, 8, -8
1833.1, 8, -8
1833.2, 8, -8
1833.3, 8, -8
1833.4, 8, -8
1833.5, 8, -8
1833.6, 8, -8
1833.7, 8, -8
1833.8, 8, -8
1833.9, 8, -8
1834, 8, -8
1834.1, 8, -8
1834.2, 8, -8
1834.3, 8, -8
1834.4, 8, -8
1834.5, 8, -8
1834.6, 8, -8
1834.7, 8, -9
1834.8, 8, -9
1834.9, 8, -9
1835, 8, -9
1835.1, 8, -9
1835.2, 8, -9
1835.3, 8, -9
1835.4, 8, -9
1835.5, 9, -9
1835.6, 9, -9
1835.7, 9, -9
1835.8, 9, -9
1835.9, 9, -9
1836, 9, -9
1836.1, 9, -9
1836.2, 9, -9
1836.3, 9, -9
1836.4, 9, -9
1836.5, 9, -9
1836.6, 9, -9
1836.7, 9, -9
1836.8, 9, -9
1836.9, 8, -9
1837, 8, -9
1837.1, 8, -9
1837.2, 8, -9
1837.3, 8, -9
1837.4, 8, -9
1837.5, 8, -9
1837.6, 8, -9
1837.7, 8, -9
1837.8, 8, -9
1837.9, 8, -9
1838, 8, -9
1838.1, 8, -9
1838.2, 8, -9
1838.3, 8, -9
1838.4, 8, -9
1838.5, 9, -9
1838.6, 9, -9
1838.7, 9, -9
1838.8, 9, -9
1838.9, 9, -9
1839, 9, -9
1839.1, 9, -9
1839.2, 9, -9
1839.3, 9, -9
1839.4, 9, -9
1839.5, 8, -9
1839.6, 8, -9
1839.7, 8, -9
1839.8, 8, -9
1839.9, 8, -9
1840, 8, -9
1840.1, 8, -9
1840.2, 8, -9
1840.3, 8, -9
1840.4, 8, -9
1840.5, 7, -9
1840.6, 7, -9
1840.7, 7, -9
1840.8, 7, -9
1840.9, 7, -9
1841, 7, -9
1841.1, 7, -9
1841.2, 7, -9
1841.3, 7, -9
1841.4, 7, -9
1841.5, 7, -9
1841.6, 7, -9
1841.7, 7, -9
1841.8, 7, -9
1841.9, 8, -9
1842, 8, -9
1842.1, 8, -9
1842.2, 8, -9
1842.3, 8, -9
1842.4, 8, -9
1842.5, 8, -9
1842.6, 8, -9
1842.7, 8, -9
1842.8, 8, -9
1842.9, 8, -9
1843, 8, -9
1843.1, 8, -9
1843.2, 8, -9
1843.3, 8, -9
1843.4, 8, -9
1843.5, 8, -9
1843.6, 8, -9
1843.7, 8, -9
1843.8, 8, -9
1843.9, 8, -9
1844, 8, -9
1844.1, 8, -9
1844.2, 8, -9
1844.3, 8, -9
1844.4, 8, -9
1844.5, 8, -9
1844.6, 8, -9
1844.7, 8, -9
1844.8, 8, -9
1844.9, 8, -9
1845, 8, -9
1845.1, 8, -9
1845.2, 8, -9
1845.3, 8, -9
1845.4, 8, -9
1845.5, 7, -9
1845.6, 7, -9
1845.7, 7, -9
1845.8, 7, -9
1845.9, 7, -9
1846, 7, -9
1846.1, 7, -9
1846.2, 7, -9
1846.3, 7, -9
1846.4, 7, -9
1846.5, 7, -9
1846.6, 7, -9
1846.7, 7, -9
1846.8, 7, -9
1846.9, 7, -10
1847, 7, -10
1847.1, 7, -10
1847.2, 7, -10
1847.3, 7, -10
1847.4, 7, -10
1847.5, 7, -10
1847.6, 7, -10
1847.7, 7, -10
1847.8, 7, -10
1847.9, 7, -10
1848, 7, -10
1848.1, 7, -10
1848.2, 7, -10
1848.3, 7, -10
1848.4, 7, -10
1848.5, 7, -10
1848.6, 7, -10
1848.7, 7, -10
1848.8, 7, -10
1848.9, 7, -10
1849, 7, -10
1849.1, 7, -10
1849.2, 7, -10
1849.3, 7, -10
1849.4, 7, -10
1849.5, 7, -10
1849.6, 7, -10
1849.7, 7, -10
1849.8, 7, -10
1849.9, 7, -10
1850, 7, -10
1850.1, 7, -10
1850.2, 7, -10
1850.3, 8, -10
1850.4, 8, -10
1850.5, 8, -10
1850.6, 8, -10
1850.7, 8, -10
1850.8, 8, -10
1850.9, 8, -10
1851, 8, -10
1851.1, 8, -10
1851.2, 8, -10
1851.3, 8, -10
1851.4, 8, -10
1851.5, 8, -10
1851.6, 8, -10
1851.7, 8, -10
1851.8, 8, -10
1851.9, 8, -10
1852, 8, -10
1852.1, 9, -10
1852.2, 9, -10
1852.3, 9, -10
1852.4, 9, -10
1852.5, 9, -10
1852.6, 9, -10
1852.7, 9, -10
1852.8, 9, -10
1852.9, 9, -10
1853, 9, -10
1853.1, 9, -9
1853.2, 9, -9
1853.3, 9, -9
1853.4, 9, -9
1853.5, 9, -9
1853.6, 9, -9
1853.7, 9, -8
1853.8, 9, -8
1853.9, 9, -8
1854, 9, -8
1854.1, 9, -8
1854.2, 9, -8
1854.3, 9, -8
1854.4, 9, -8
1854.5, 9, -8
1854.6, 9, -8
1854.7, 9, -8
1854.8, 9, -8
1854.9, 9, -7
1855, 9, -7
1855.1, 9, -6
1855.2, 9, -6
1855.3, 9, -6
1855.4, 9, -6
1855.5, 9, -6
1855.6, 9, -6
1855.7, 9, -6
1855.8, 9, -6
1855.9, 9, -6
1856, 9, -6
1856.1, 9, -6
1856.2, 9, -6
1856.3, 9, -6
1856.4, 9, -6
1856.5, 9, -6
1856.6, 9, -6
1856.7, 9, -6
1856.8, 9, -6
1856.9, 9, -6
1857, 9, -6
1857.1, 9, -6
1857.2, 9, -6
1857.3, 9, -6
1857.4, 9, -6
1857.5, 9, -6
1857.6, 9, -6
1857.7, 9, -6
1857.8, 9, -6
1857.9, 9, -6
1858, 9, -6
1858.1, 9, -6
1858.2, 9, -6
1858.3, 9, -6
1858.4, 9, -6
1858.5, 9, -6
1858.6, 9, -6
1858.7, 9, -6
1858.8, 9, -6
1858.9, 9, -6
1859, 9, -6
1859.1, 9, -6
1859.2, 9, -6
1859.3, 9, -6
1859.4, 9, -6
1859.5, 9, -6
1859.6, 9, -6
1859.7, 9, -6
1859.8, 9, -6
1859.9, 9, -5
1860, 9, -5
1860.1, 9, -5
1860.2, 9, -5
1860.3, 9, -5
1860.4, 9, -5
1860.5, 9, -5
1860.6, 9, -5
1860.7, 9, -5
1860.8, 9, -5
1860.9, 9, -5
1861, 9, -5
1861.1, 9, -5
1861.2, 9, -5
1861.3, 8, -5
1861.4, 8, -5
1861.5, 8, -5
1861.6, 8, -5
1861.7, 8, -5
1861.8, 8, -5
1861.9, 8, -5
1862, 8, -5
1862.1, 8, -5
1862.2, 8, -5
1862.3, 8, -5
1862.4, 8, -5
1862.5, 8, -5
1862.6, 8, -5
1862.7, 8, -5
1862.8, 8, -5
1862.9, 8, -5
1863, 8, -5
1863.1, 8, -4
1863.2, 8, -4
1863.3, 8, -4
1863.4, 8, -4
1863.5, 8, -4
1863.6, 8, -4
1863.7, 8, -4
1863.8, 8, -4
1863.9, 9, -4
1864, 9, -4
1864.1, 9, -4
1864.2, 9, -4
1864.3, 9, -4
1864.4, 9, -4
1864.5, 8, -4
1864.6, 8, -4
1864.7, 8, -4
1864.8, 8, -4
1864.9, 8, -4
1865, 8, -4
1865.1, 8, -4
1865.2, 8, -4
1865.3, 8, -4
1865.4, 8, -4
1865.5, 8, -4
1865.6, 8, -4
1865.7, 8, -4
1865.8, 8, -4
1865.9, 8, -4
1866, 8, -4
1866.1, 8, -4
1866.2, 8, -4
1866.3, 8, -4
1866.4, 8, -4
1866.5, 8, -4
1866.6, 8, -4
1866.7, 8, -4
1866.8, 8, -4
1866.9, 8, -4
1867, 8, -4
1867.1, 7, -4
1867.2, 7, -4
1867.3, 7, -4
1867.4, 7, -4
1867.5, 7, -4
1867.6, 7, -4
1867.7, 7, -4
1867.8, 7, -4
1867.9, 7, -4
1868, 7, -4
1868.1, 7, -4
1868.2, 7, -4
1868.3, 7, -4
1868.4, 7, -4
1868.5, 7, -4
1868.6, 7, -4
1868.7, 7, -4
1868.8, 7, -4
1868.9, 7, -4
1869, 7, -4
1869.1, 7, -4
1869.2, 7, -4
1869.3, 7, -3
1869.4, 7, -3
1869.5, 7, -3
1869.6, 7, -3
1869.7, 7, -3
1869.8, 7, -3
1869.9, 7, -3
1870, 7, -3
1870.1, 8, -3
1870.2, 8, -3
1870.3, 8, -3
1870.4, 8, -3
1870.5, 8, -3
1870.6, 8, -3
1870.7, 8, -3
1870.8, 8, -3
1870.9, 8, -3
1871, 8, -3
1871.1, 8, -3
1871.2, 8, -3
1871.3, 8, -3
1871.4, 8, -3
1871.5, 8, -3
1871.6, 8, -3
1871.7, 8, -3
1871.8, 8, -3
1871.9, 8, -3
1872, 8, -3
1872.1, 8, -3
1872.2, 8, -3
1872.3, 7, -3
1872.4, 7, -3
1872.5, 7, -3
1872.6, 7, -3
1872.7, 7, -3
1872.8, 7, -3
1872.9, 7, -3
1873, 7, -3
1873.1, 7, -3
1873.2, 7, -3
1873.3, 7, -3
1873.4, 7, -3
1873.5, 7, -3
1873.6, 7, -3
1873.7, 7, -3
1873.8, 7, -3
1873.9, 7, -3
1874, 7, -3
1874.1, 7, -3
1874.2, 7, -3
1874.3, 7, -3
1874.4, 7, -3
1874.5, 7, -3
1874.6, 7, -3
1874.7, 7, -3
1874.8, 7, -3
1874.9, 7, -3
1875, 7, -3
1875.1, 7, -3
1875.2, 7, -3
1875.3, 7, -3
1875.4, 7, -3
1875.5, 7, -3
1875.6, 7, -3
1875.7, 8, -3
1875.8, 8, -3
1875.9, 8, -3
1876, 8, -3
1876.1, 8, -3
1876.2, 8, -3
1876.3, 8, -3
1876.4, 8, -3
1876.5, 8, -3
1876.6, 8, -3
1876.7, 8, -3
1876.8, 8, -3
1876.9, 8, -3
1877, 8, -3
1877.1, 8, -3
1877.2, 8, -3
1877.3, 9, -3
1877.4, 9, -3
1877.5, 9, -4
1877.6, 9, -4
1877.7, 9, -4
1877.8, 9, -4
1877.9, 9, -4
1878, 9, -4
1878.1, 9, -4
1878.2, 9, -4
1878.3, 9, -4
1878.4, 9, -4
1878.5, 9, -4
1878.6, 9, -4
1878.7, 9, -4
1878.8, 9, -4
1878.9, 8, -4
1879, 8, -4
1879.1, 8, -4
1879.2, 8, -4
1879.3, 8, -4
1879.4, 8, -4
1879.5, 8, -4
1879.6, 8, -4
1879.7, 8, -4
1879.8, 8, -4
1879.9, 8, -4
1880, 8, -4
1880.1, 8, -4
1880.2, 8, -4
1880.3, 8, -4
1880.4, 8, -4
1880.5, 8, -4
1880.6, 8, -4
1880.7, 9, -4
1880.8, 9, -4
1880.9, 9, -4
1881, 9, -4
1881.1, 9, -4
1881.2, 9, -4
1881.3, 9, -4
1881.4, 9, -4
1881.5, 9, -4
1881.6, 9, -4
1881.7, 9, -4
1881.8, 9, -4
1881.9, 9, -4
1882, 9, -4
1882.1, 9, -4
1882.2, 9, -4
1882.3, 9, -4
1882.4, 9, -4
1882.5, 9, -4
1882.6, 9, -4
1882.7, 9, -4
1882.8, 9, -4
1882.9, 9, -4
1883, 9, -4
1883.1, 9, -4
1883.2, 9, -4
1883.3, 9, -4
1883.4, 9, -4
1883.5, 9, -4
1883.6, 9, -4
1883.7, 9, -4
1883.8, 9, -4
1883.9, 9, -4
1884, 9, -4
1884.1, 9, -4
1884.2, 9, -4
1884.3, 9, -4
1884.4, 9, -4
1884.5, 9, -4
1884.6, 9, -4
1884.7, 9, -4
1884.8, 9, -4
1884.9, 9, -4
1885, 9, -4
1885.1, 10, -4
1885.2, 10, -4
1885.3, 10, -4
1885.4, 10, -4
1885.5, 10, -4
1885.6, 10, -4
1885.7, 10, -5
1885.8, 10, -5
1885.9, 10, -5
1886, 10, -5
1886.1, 10, -5
1886.2, 10, -5
1886.3, 10, -5
1886.4, 10, -5
1886.5, 10, -5
1886.6, 10, -5
1886.7, 10, -5
1886.8, 10, -5
1886.9, 10, -5
1887, 10, -5
1887.1, 10, -5
1887.2, 10, -5
1887.3, 10, -5
1887.4, 10, -5
1887.5, 10, -5
1887.6, 10, -5
1887.7, 10, -5
1887.8, 10, -5
1887.9, 10, -4
1888, 10, -4
1888.1, 10, -4
1888.2, 10, -4
1888.3, 10, -4
1888.4, 10, -4
1888.5, 11, -4
1888.6, 11, -4
1888.7, 11, -4
1888.8, 11, -4
1888.9, 11, -4
1889, 11, -4
1889.1, 11, -4
1889.2, 11, -4
1889.3, 11, -4
1889.4, 11, -4
1889.5, 12, -4
1889.6, 12, -4
1889.7, 12, -4
1889.8, 12, -4
1889.9, 12, -4
1890, 12, -4
1890.1, 12, -4
1890.2, 12, -4
1890.3, 12, -4
1890.4, 12, -4
1890.5, 12, -4
1890.6, 12, -4
1890.7, 12, -5
1890.8, 12, -5
1890.9, 12, -5
1891, 12, -5
1891.1, 12, -5
1891.2, 12, -5
1891.3, 12, -5
1891.4, 12, -5
1891.5, 12, -5
1891.6, 12, -5
1891.7, 12, -5
1891.8, 12, -5
1891.9, 12, -5
1892, 12, -5
1892.1, 12, -5
1892.2, 12, -5
1892.3, 12, -5
1892.4, 12, -5
1892.5, 12, -5
1892.6, 12, -5
1892.7, 12, -5
1892.8, 12, -5
1892.9, 12, -5
1893, 12, -5
1893.1, 12, -5
1893.2, 12, -5
1893.3, 11, -5
1893.4, 11, -5
1893.5, 11, -5
1893.6, 11, -5
1893.7, 11, -5
1893.8, 11, -5
1893.9, 11, -5
1894, 11, -5
1894.1, 10, -5
1894.2, 10, -5
1894.3, 10, -5
1894.4, 10, -5
1894.5, 10, -5
1894.6, 10, -5
1894.7, 10, -5
1894.8, 10, -5
1894.9, 10, -5
1895, 10, -5
1895.1, 10, -5
1895.2, 10, -5
1895.3, 10, -5
1895.4, 10, -5
1895.5, 10, -5
1895.6, 10, -5
1895.7, 10, -5
1895.8, 10, -5
1895.9, 10, -5
1896, 10, -5
1896.1, 10, -6
1896.2, 10, -6
1896.3, 10, -6
1896.4, 10, -6
1896.5, 10, -6
1896.6, 10, -6
1896.7, 10, -6
1896.8, 10, -6
1896.9, 10, -6
1897, 10, -6
1897.1, 10, -6
1897.2, 10, -6
1897.3, 10, -6
1897.4, 10, -6
1897.5, 10, -6
1897.6, 10, -6
1897.7, 10, -6
1897.8, 10, -6
1897.9, 10, -6
1898, 10, -6
1898.1, 10, -6
1898.2, 10, -6
1898.3, 10, -6
1898.4, 10, -6
1898.5, 10, -6
1898.6, 10, -6
1898.7, 10, -6
1898.8, 10, -6
1898.9, 11, -6
1899, 11, -6
1899.1, 11, -6
1899.2, 11, -6
1899.3, 11, -6
1899.4, 11, -6
1899.5, 11, -6
1899.6, 11, -6
1899.7, 11, -6
1899.8, 11, -6
1899.9, 11, -6
1900, 11, -6
1900.1, 11, -6
1900.2, 11, -6
1900.3, 12, -6
1900.4, 12, -6
1900.5, 12, -5
1900.6, 12, -5
1900.7, 12, -5
1900.8, 12, -5
1900.9, 12, -5
1901, 12, -5
1901.1, 12, -5
1901.2, 12, -5
1901.3, 12, -5
1901.4, 12, -5
1901.5, 12, -5
1901.6, 12, -5
1901.7, 11, -5
1901.8, 11, -5
1901.9, 11, -5
1902, 11, -5
1902.1, 11, -5
1902.2, 11, -5
1902.3, 11, -5
1902.4, 11, -5
1902.5, 11, -5
1902.6, 11, -5
1902.7, 11, -5
1902.8, 11, -5
1902.9, 11, -5
1903, 11, -5
1903.1, 11, -5
1903.2, 11, -5
1903.3, 12, -5
1903.4, 12, -5
1903.5, 12, -4
1903.6, 12, -4
1903.7, 12, -4
1903.8, 12, -4
1903.9, 12, -4
1904, 12, -4
1904.1, 12, -4
1904.2, 12, -4
1904.3, 12, -4
1904.4, 12, -4
1904.5, 12, -4
1904.6, 12, -4
1904.7, 12, -4
1904.8, 12, -4
1904.9, 12, -4
1905, 12, -4
1905.1, 12, -4
1905.2, 12, -4
1905.3, 12, -4
1905.4, 12, -4
1905.5, 12, -4
1905.6, 12, -4
1905.7, 12, -4
1905.8, 12, -4
1905.9, 12, -4
1906, 12, -4
1906.1, 12, -4
1906.2, 12, -4
1906.3, 12, -4
1906.4, 12, -4
1906.5, 12, -4
1906.6, 12, -4
1906.7, 12, -4
1906.8, 12, -4
1906.9, 12, -4
1907, 12, -4
1907.1, 12, -4
1907.2, 12, -4
1907.3, 12, -4
1907.4, 12, -4
1907.5, 12, -4
1907.6, 12, -4
1907.7, 12, -4
1907.8, 12, -4
1907.9, 12, -3
1908, 12, -3
1908.1, 12, -3
1908.2, 12, -3
1908.3, 12, -3
1908.4, 12, -3
1908.5, 12, -3
1908.6, 12, -3
1908.7, 12, -3
1908.8, 12, -3
1908.9, 13, -3
1909, 13, -3
1909.1, 13, -3
1909.2, 13, -3
1909.3, 13, -3
1909.4, 13, -3
1909.5, 13, -3
1909.6, 13, -3
1909.7, 13, -4
1909.8, 13, -4
1909.9, 13, -4
1910, 13, -4
1910.1, 13, -4
1910.2, 13, -4
1910.3, 13, -4
1910.4, 13, -4
1910.5, 13, -4
1910.6, 13, -4
1910.7, 13, -4
1910.8, 13, -4
1910.9, 13, -4
1911, 13, -4
1911.1, 13, -4
1911.2, 13, -4
1911.3, 13, -4
1911.4, 13, -4
1911.5, 13, -4
1911.6, 13, -4
1911.7, 13, -4
1911.8, 13, -4
1911.9, 13, -4
1912, 13, -4
1912.1, 13, -4
1912.2, 13, -4
1912.3, 14, -4
1912.4, 14, -4
1912.5, 14, -4
1912.6, 14, -4
1912.7, 14, -4
1912.8, 14, -4
1912.9, 13, -4
1913, 13, -4
1913.1, 13, -4
1913.2, 13, -4
1913.3, 13, -4
1913.4, 13, -4
1913.5, 13, -4
1913.6, 13, -4
1913.7, 13, -4
1913.8, 13, -4
1913.9, 13, -3
1914, 13, -3
1914.1, 13, -3
1914.2, 13, -3
1914.3, 13, -3
1914.4, 13, -3
1914.5, 13, -3
1914.6, 13, -3
1914.7, 13, -3
1914.8, 13, -3
1914.9, 13, -3
1915, 13, -3
1915.1, 12, -3
1915.2, 12, -3
1915.3, 12, -3
1915.4, 12, -3
1915.5, 13, -3
1915.6, 13, -3
1915.7, 13, -3
1915.8, 13, -3
1915.9, 13, -3
1916, 13, -3
1916.1, 13, -3
1916.2, 13, -3
1916.3, 13, -3
1916.4, 13, -3
1916.5, 13, -3
1916.6, 13, -3
1916.7, 13, -2
1916.8, 13, -2
1916.9, 13, -2
1917, 13, -2
1917.1, 13, -2
1917.2, 13, -2
1917.3, 13, -2
1917.4, 13, -2
1917.5, 13, -2
1917.6, 13, -2
1917.7, 13, -2
1917.8, 13, -2
1917.9, 13, -2
1918, 13, -2
1918.1, 13, -2
1918.2, 13, -2
1918.3, 13, -2
1918.4, 13, -2
1918.5, 13, -2
1918.6, 13, -2
1918.7, 13, -2
1918.8, 13, -2
1918.9, 13, -2
1919, 13, -2
1919.1, 13, -2
1919.2, 13, -2
1919.3, 13, -2
1919.4, 13, -2
1919.5, 13, -2
1919.6, 13, -2
1919.7, 13, -3
1919.8, 13, -3
1919.9, 13, -3
1920, 13, -3
1920.1, 13, -2
1920.2, 13, -2
1920.3, 13, -2
1920.4, 13, -2
1920.5, 13, -2
1920.6, 13, -2
1920.7, 13, -2
1920.8, 13, -2
1920.9, 13, -2
1921, 13, -2
1921.1, 13, -2
1921.2, 13, -2
1921.3, 13, -2
1921.4, 13, -2
1921.5, 13, -2
1921.6, 13, -2
1921.7, 12, -2
1921.8, 12, -2
1921.9, 12, -2
1922, 12, -2
1922.1, 12, -2
1922.2, 12, -2
1922.3, 12, -2
1922.4, 12, -2
1922.5, 12, -2
1922.6, 12, -2
1922.7, 13, -2
1922.8, 13, -2
1922.9, 13, -2
1923, 13, -2
1923.1, 13, -3
1923.2, 13, -3
1923.3, 13, -3
1923.4, 13, -3
1923.5, 13, -3
1923.6, 13, -3
1923.7, 13, -3
1923.8, 13, -3
1923.9, 13, -3
1924, 13, -3
1924.1, 13, -3
1924.2, 13, -3
1924.3, 13, -3
1924.4, 13, -3
1924.5, 13, -4
1924.6, 13, -4
1924.7, 13, -4
1924.8, 13, -4
1924.9, 13, -4
1925, 13, -4
1925.1, 13, -4
1925.2, 13, -4
1925.3, 13, -3
1925.4, 13, -3
1925.5, 13, -3
1925.6, 13, -3
1925.7, 12, -3
1925.8, 12, -3
1925.9, 12, -3
1926, 12, -3
1926.1, 12, -3
1926.2, 12, -3
1926.3, 12, -3
1926.4, 12, -3
1926.5, 12, -2
1926.6, 12, -2
1926.7, 12, -2
1926.8, 12, -2
1926.9, 12, -2
1927, 12, -2
1927.1, 12, -2
1927.2, 12, -2
1927.3, 12, -2
1927.4, 12, -2
1927.5, 12, -2
1927.6, 12, -2
1927.7, 12, -2
1927.8, 12, -2
1927.9, 12, -2
1928, 12, -2
1928.1, 12, -2
1928.2, 12, -2
1928.3, 12, -2
1928.4, 12, -2
1928.5, 12, -2
1928.6, 12, -2
1928.7, 12, -2
1928.8, 12, -2
1928.9, 12, -2
1929, 12, -2
1929.1, 12, -2
1929.2, 12, -2
1929.3, 12, -2
1929.4, 12, -2
1929.5, 12, -2
1929.6, 12, -2
1929.7, 12, -2
1929.8, 12, -2
1929.9, 12, -2
1930, 12, -2
1930.1, 12, -2
1930.2, 12, -2
1930.3, 12, -2
1930.4, 12, -2
1930.5, 12, -2
1930.6, 12, -2
1930.7, 12, -2
1930.8, 12, -2
1930.9, 12, -2
1931, 12, -2
1931.1, 12, -2
1931.2, 12, -2
1931.3, 12, -2
1931.4, 12, -2
1931.5, 12, -2
1931.6, 12, -2
1931.7, 12, -2
1931.8, 12, -2
1931.9, 11, -2
1932, 11, -2
1932.1, 11, -2
1932.2, 11, -2
1932.3, 11, -3
1932.4, 11, -3
1932.5, 11, -3
1932.6, 11, -3
1932.7, 11, -4
1932.8, 11, -4
1932.9, 11, -4
1933, 11, -4
1933.1, 11, -4
1933.2, 11, -4
1933.3, 11, -4
1933.4, 11, -4
1933.5, 11, -4
1933.6, 11, -4
1933.7, 11, -5
1933.8, 11, -5
1933.9, 11, -5
1934, 11, -5
1934.1, 11, -5
1934.2, 11, -5
1934.3, 11, -6
1934.4, 11, -6
1934.5, 11, -6
1934.6, 11, -6
1934.7, 11, -6
1934.8, 11, -6
1934.9, 11, -6
1935, 11, -6
1935.1, 11, -6
1935.2, 11, -6
1935.3, 11, -6
1935.4, 11, -6
1935.5, 11, -6
1935.6, 11, -6
1935.7, 11, -6
1935.8, 11, -6
1935.9, 11, -6
1936, 11, -6
1936.1, 11, -6
1936.2, 11, -6
1936.3, 11, -6
1936.4, 11, -6
1936.5, 11, -6
1936.6, 11, -6
1936.7, 11, -6
1936.8, 11, -6
1936.9, 11, -6
1937, 11, -6
1937.1, 11, -6
1937.2, 11, -6
1937.3, 11, -5
1937.4, 11, -5
1937.5, 11, -5
1937.6, 11, -5
1937.7, 11, -5
1937.8, 11, -5
1937.9, 11, -5
1938, 11, -5
1938.1, 12, -5
1938.2, 12, -5
1938.3, 12, -5
1938.4, 12, -5
1938.5, 12, -5
1938.6, 12, -5
1938.7, 12, -5
1938.8, 12, -5
1938.9, 12, -5
1939, 12, -5
1939.1, 12, -5
1939.2, 12, -5
1939.3, 12, -5
1939.4, 12, -5
1939.5, 13, -5
1939.6, 13, -5
1939.7, 13, -5
1939.8, 13, -5
1939.9, 13, -5
1940, 13, -5
1940.1, 13, -5
1940.2, 13, -5
1940.3, 13, -5
1940.4, 13, -5
1940.5, 13, -5
1940.6, 13, -5
1940.7, 13, -5
1940.8, 13, -5
1940.9, 13, -5
1941, 13, -5
1941.1, 13, -5
1941.2, 13, -5
1941.3, 12, -5
1941.4, 12, -5
1941.5, 12, -5
1941.6, 12, -5
1941.7, 12, -5
1941.8, 12, -5
1941.9, 12, -5
1942, 12, -5
1942.1, 12, -5
1942.2, 12, -5
1942.3, 12, -5
1942.4, 12, -5
1942.5, 12, -5
1942.6, 12, -5
1942.7, 12, -5
1942.8, 12, -5
1942.9, 12, -5
1943, 12, -5
1943.1, 12, -5
1943.2, 12, -5
1943.3, 12, -5
1943.4, 12, -5
1943.5, 12, -5
1943.6, 12, -5
1943.7, 12, -5
1943.8, 12, -5
1943.9, 11, -5
1944, 11, -5
1944.1, 11, -5
1944.2, 11, -5
1944.3, 11, -5
1944.4, 11, -5
1944.5, 11, -5
1944.6, 11, -5
1944.7, 11, -5
1944.8, 11, -5
1944.9, 11, -5
1945, 11, -5
1945.1, 11, -5
1945.2, 11, -5
1945.3, 11, -5
1945.4, 11, -5
1945.5, 11, -5
1945.6, 11, -5
1945.7, 11, -5
1945.8, 11, -5
1945.9, 11, -5
1946, 11, -5
1946.1, 11, -5
1946.2, 11, -5
1946.3, 11, -6
1946.4, 11, -6
1946.5, 11, -6
1946.6, 11, -6
1946.7, 11, -6
1946.8, 11, -6
1946.9, 11, -6
1947, 11, -6
1947.1, 11, -6
1947.2, 11, -6
1947.3, 11, -7
1947.4, 11, -7
1947.5, 11, -7
1947.6, 11, -7
1947.7, 11, -7
1947.8, 11, -7
1947.9, 11, -7
1948, 11, -7
1948.1, 11, -7
1948.2, 11, -7
1948.3, 11, -8
1948.4, 11, -8
1948.5, 11, -8
1948.6, 11, -8
1948.7, 11, -8
1948.8, 11, -8
1948.9, 11, -8
1949, 11, -8
1949.1, 11, -8
1949.2, 11, -8
1949.3, 11, -8
1949.4, 11, -8
1949.5, 11, -8
1949.6, 11, -8
1949.7, 11, -8
1949.8, 11, -8
1949.9, 11, -8
1950, 11, -8
1950.1, 11, -8
1950.2, 11, -8
1950.3, 11, -8
1950.4, 11, -8
1950.5, 11, -8
1950.6, 11, -8
1950.7, 11, -8
1950.8, 11, -8
1950.9, 11, -8
1951, 11, -8
1951.1, 11, -8
1951.2, 11, -8
1951.3, 11, -8
1951.4, 11, -8
1951.5, 11, -8
1951.6, 11, -8
1951.7, 11, -8
1951.8, 11, -8
1951.9, 11, -8
1952, 11, -8
1952.1, 11, -8
1952.2, 11, -8
1952.3, 11, -8
1952.4, 11, -8
1952.5, 11, -8
1952.6, 11, -8
1952.7, 11, -8
1952.8, 11, -8
1952.9, 11, -8
1953, 11, -8
1953.1, 11, -8
1953.2, 11, -8
1953.3, 11, -8
1953.4, 11, -8
1953.5, 11, -8
1953.6, 11, -8
1953.7, 11, -8
1953.8, 11, -8
1953.9, 11, -8
1954, 11, -8
1954.1, 11, -8
1954.2, 11, -8
1954.3, 11, -8
1954.4, 11, -8
1954.5, 11, -8
1954.6, 11, -8
1954.7, 11, -8
1954.8, 11, -8
1954.9, 11, -8
1955, 11, -8
1955.1, 11, -8
1955.2, 11, -8
1955.3, 11, -9
1955.4, 11, -9
1955.5, 11, -9
1955.6, 11, -9
1955.7, 12, -9
1955.8, 12, -9
1955.9, 12, -9
1956, 12, -9
1956.1, 12, -9
1956.2, 12, -9
1956.3, 12, -9
1956.4, 12, -9
1956.5, 12, -9
1956.6, 12, -9
1956.7, 12, -9
1956.8, 12, -9
1956.9, 12, -9
1957, 12, -9
1957.1, 12, -9
1957.2, 12, -9
1957.3, 12, -9
1957.4, 12, -9
1957.5, 12, -9
1957.6, 12, -9
1957.7, 12, -9
1957.8, 12, -9
1957.9, 12, -9
1958, 12, -9
1958.1, 12, -9
1958.2, 12, -9
1958.3, 12, -9
1958.4, 12, -9
1958.5, 12, -9
1958.6, 12, -9
1958.7, 12, -9
1958.8, 12, -9
1958.9, 12, -9
1959, 12, -9
1959.1, 12, -9
1959.2, 12, -9
1959.3, 12, -9
1959.4, 12, -9
1959.5, 12, -9
1959.6, 12, -9
1959.7, 12, -9
1959.8, 12, -9
1959.9, 12, -9
1960, 12, -9
1960.1, 12, -9
1960.2, 12, -9
1960.3, 12, -9
1960.4, 12, -9
1960.5, 12, -9
1960.6, 12, -9
1960.7, 12, -9
1960.8, 12, -9
1960.9, 11, -9
1961, 11, -9
1961.1, 11, -9
1961.2, 11, -9
1961.3, 11, -9
1961.4, 11, -9
1961.5, 11, -9
1961.6, 11, -9
1961.7, 11, -9
1961.8, 11, -9
1961.9, 11, -9
1962, 11, -9
1962.1, 11, -9
1962.2, 11, -9
1962.3, 11, -9
1962.4, 11, -9
1962.5, 11, -9
1962.6, 11, -9
1962.7, 11, -9
1962.8, 11, -9
1962.9, 11, -9
1963, 11, -9
1963.1, 12, -9
1963.2, 12, -9
1963.3, 12, -9
1963.4, 12, -9
1963.5, 12, -9
1963.6, 12, -9
1963.7, 12, -9
1963.8, 12, -9
1963.9, 12, -9
1964, 12, -9
1964.1, 12, -10
1964.2, 12, -10
1964.3, 12, -10
1964.4, 12, -10
1964.5, 12, -10
1964.6, 12, -10
1964.7, 12, -10
1964.8, 12, -10
1964.9, 12, -10
1965, 12, -10
1965.1, 12, -10
1965.2, 12, -10
1965.3, 12, -10
1965.4, 12, -10
1965.5, 12, -10
1965.6, 12, -10
1965.7, 12, -10
1965.8, 12, -10
1965.9, 12, -10
1966, 12, -10
1966.1, 12, -10
1966.2, 12, -10
1966.3, 12, -10
1966.4, 12, -10
1966.5, 12, -10
1966.6, 12, -10
1966.7, 12, -10
1966.8, 12, -10
1966.9, 12, -10
1967, 12, -10
1967.1, 12, -10
1967.2, 12, -10
1967.3, 12, -10
1967.4, 12, -10
1967.5, 13, -10
1967.6, 13, -10
1967.7, 13, -10
1967.8, 13, -10
1967.9, 13, -10
1968, 13, -10
1968.1, 13, -10
1968.2, 13, -10
1968.3, 13, -10
1968.4, 13, -10
1968.5, 13, -10
1968.6, 13, -10
1968.7, 13, -10
1968.8, 13, -10
1968.9, 13, -10
1969, 13, -10
1969.1, 13, -10
1969.2, 13, -10
1969.3, 13, -10
1969.4, 13, -10
1969.5, 13, -10
1969.6, 13, -10
1969.7, 13, -10
1969.8, 13, -10
1969.9, 13, -10
1970, 13, -10
1970.1, 14, -10
1970.2, 14, -10
1970.3, 15, -10
1970.4, 15, -10
1970.5, 15, -10
1970.6, 15, -10
1970.7, 15, -10
1970.8, 15, -10
1970.9, 15, -10
1971, 15, -10
1971.1, 15, -10
1971.2, 15, -10
1971.3, 15, -10
1971.4, 15, -10
1971.5, 15, -9
1971.6, 15, -9
1971.7, 15, -9
1971.8, 15, -9
1971.9, 15, -9
1972, 15, -9
1972.1, 15, -9
1972.2, 15, -9
1972.3, 15, -9
1972.4, 15, -9
1972.5, 15, -9
1972.6, 15, -9
1972.7, 15, -9
1972.8, 15, -9
1972.9, 15, -9
1973, 15, -9
1973.1, 15, -9
1973.2, 15, -9
1973.3, 15, -9
1973.4, 15, -9
1973.5, 15, -9
1973.6, 15, -9
1973.7, 15, -9
1973.8, 15, -9
1973.9, 15, -9
1974, 15, -9
1974.1, 15, -9
1974.2, 15, -9
1974.3, 15, -9
1974.4, 15, -9
1974.5, 15, -9
1974.6, 15, -9
1974.7, 15, -9
1974.8, 15, -9
1974.9, 15, -9
1975, 15, -9
1975.1, 15, -9
1975.2, 15, -9
1975.3, 15, -9
1975.4, 15, -9
1975.5, 15, -9
1975.6, 15, -9
1975.7, 15, -9
1975.8, 15, -9
1975.9, 15, -9
1976, 15, -9
1976.1, 15, -9
1976.2, 15, -9
1976.3, 15, -9
1976.4, 15, -9
1976.5, 15, -9
1976.6, 15, -9
1976.7, 15, -9
1976.8, 15, -9
1976.9, 15, -9
1977, 15, -9
1977.1, 15, -9
1977.2, 15, -9
1977.3, 15, -9
1977.4, 15, -9
1977.5, 15, -9
1977.6, 15, -9
1977.7, 15, -9
1977.8, 15, -9
1977.9, 15, -9
1978, 15, -9
1978.1, 15, -9
1978.2, 15, -9
1978.3, 15, -9
1978.4, 15, -9
1978.5, 15, -10
1978.6, 15, -10
1978.7, 15, -10
1978.8, 15, -10
1978.9, 15, -10
1979, 15, -10
1979.1, 15, -10
1979.2, 15, -10
1979.3, 15, -10
1979.4, 15, -10
1979.5, 15, -10
1979.6, 15, -10
1979.7, 15, -10
1979.8, 15, -10
1979.9, 15, -10
1980, 15, -10
1980.1, 15, -9
1980.2, 15, -9
1980.3, 15, -10
1980.4, 15, -10
1980.5, 15, -10
1980.6, 15, -10
1980.7, 15, -10
1980.8, 15, -10
1980.9, 15, -10
1981, 15, -10
1981.1, 15, -10
1981.2, 15, -10
1981.3, 15, -10
1981.4, 15, -10
1981.5, 15, -10
1981.6, 15, -10
1981.7, 15, -10
1981.8, 15, -10
1981.9, 15, -10
1982, 15, -10
1982.1, 15, -10
1982.2, 15, -10
1982.3, 15, -10
1982.4, 15, -10
1982.5, 15, -10
1982.6, 15, -10
1982.7, 15, -10
1982.8, 15, -10
1982.9, 15, -10
1983, 15, -10
1983.1, 15, -10
1983.2, 15, -10
1983.3, 15, -10
1983.4, 15, -10
1983.5, 15, -10
1983.6, 15, -10
1983.7, 15, -10
1983.8, 15, -10
1983.9, 15, -10
1984, 15, -10
1984.1, 15, -10
1984.2, 15, -10
1984.3, 15, -11
1984.4, 15, -11
1984.5, 15, -11
1984.6, 15, -11
1984.7, 15, -11
1984.8, 15, -11
1984.9, 15, -11
1985, 15, -11
1985.1, 15, -11
1985.2, 15, -11
1985.3, 15, -11
1985.4, 15, -11
1985.5, 15, -11
1985.6, 15, -11
1985.7, 15, -11
1985.8, 15, -11
1985.9, 15, -12
1986, 15, -12
1986.1, 15, -12
1986.2, 15, -12
1986.3, 15, -12
1986.4, 15, -12
1986.5, 15, -12
1986.6, 15, -12
1986.7, 15, -12
1986.8, 15, -12
1986.9, 15, -12
1987, 15, -12
1987.1, 15, -12
1987.2, 15, -12
1987.3, 15, -12
1987.4, 15, -12
1987.5, 15, -12
1987.6, 15, -12
1987.7, 15, -12
1987.8, 15, -12
1987.9, 15, -12
1988, 15, -12
1988.1, 15, -12
1988.2, 15, -12
1988.3, 15, -12
1988.4, 15, -12
1988.5, 15, -12
1988.6, 15, -12
1988.7, 15, -12
1988.8, 15, -12
1988.9, 15, -12
1989, 15, -12
1989.1, 15, -12
1989.2, 15, -12
1989.3, 15, -12
1989.4, 15, -12
1989.5, 15, -11
1989.6, 15, -11
1989.7, 15, -11
1989.8, 15, -11
1989.9, 15, -11
1990, 15, -11
1990.1, 15, -11
1990.2, 15, -11
1990.3, 15, -11
1990.4, 15, -11
1990.5, 15, -11
1990.6, 15, -11
1990.7, 15, -11
1990.8, 15, -11
1990.9, 15, -11
1991, 15, -11
1991.1, 15, -11
1991.2, 15, -11
1991.3, 15, -11
1991.4, 15, -11
1991.5, 15, -12
1991.6, 15, -12
1991.7, 15, -12
1991.8, 15, -12
1991.9, 15, -12
1992, 15, -12
1992.1, 15, -13
1992.2, 15, -13
1992.3, 15, -13
1992.4, 15, -13
1992.5, 15, -13
1992.6, 15, -13
1992.7, 15, -13
1992.8, 15, -13
1992.9, 15, -13
1993, 15, -13
1993.1, 15, -14
1993.2, 15, -14
1993.3, 15, -14
1993.4, 15, -14
1993.5, 15, -14
1993.6, 15, -14
1993.7, 15, -14
1993.8, 15, -14
1993.9, 15, -14
1994, 15, -14
1994.1, 15, -14
1994.2, 15, -14
1994.3, 15, -14
1994.4, 15, -14
1994.5, 15, -14
1994.6, 15, -14
1994.7, 15, -14
1994.8, 15, -14
1994.9, 15, -14
1995, 15, -14
1995.1, 15, -14
1995.2, 15, -14
1995.3, 15, -15
1995.4, 15, -15
1995.5, 15, -15
1995.6, 15, -15
1995.7, 15, -15
1995.8, 15, -15
1995.9, 15, -14
1996, 15, -14
1996.1, 15, -14
1996.2, 15, -14
1996.3, 15, -14
1996.4, 15, -14
1996.5, 15, -14
1996.6, 15, -14
1996.7, 16, -14
1996.8, 16, -14
1996.9, 16, -14
1997, 16, -14
1997.1, 16, -14
1997.2, 16, -14
1997.3, 15, -14
1997.4, 15, -14
1997.5, 15, -14
1997.6, 15, -14
1997.7, 15, -14
1997.8, 15, -14
1997.9, 15, -14
1998, 15, -14
1998.1, 15, -14
1998.2, 15, -14
1998.3, 15, -13
1998.4, 15, -13
1998.5, 15, -13
1998.6, 15, -13
1998.7, 15, -12
1998.8, 15, -12
1998.9, 15, -12
1999, 15, -12
1999.1, 15, -12
1999.2, 15, -12
1999.3, 15, -12
1999.4, 15, -12
1999.5, 15, -12
1999.6, 15, -12
1999.7, 15, -12
1999.8, 15, -12
1999.9, 15, -12
2000, 15, -12
2000.1, 15, -12
2000.2, 15, -12
2000.3, 15, -12
2000.4, 15, -12
2000.5, 15, -12
2000.6, 15, -12
2000.7, 15, -12
2000.8, 15, -12
2000.9, 15, -12
2001, 15, -12
2001.1, 15, -12
2001.2, 15, -12
2001.3, 15, -12
2001.4, 15, -12
2001.5, 15, -12
2001.6, 15, -12
2001.7, 15, -12
2001.8, 15, -12
2001.9, 15, -12
2002, 15, -12
2002.1, 15, -12
2002.2, 15, -12
2002.3, 15, -12
2002.4, 15, -12
2002.5, 15, -12
2002.6, 15, -12
2002.7, 15, -12
2002.8, 15, -12
2002.9, 15, -12
2003, 15, -12
2003.1, 15, -12
2003.2, 15, -12
2003.3, 15, -12
2003.4, 15, -12
2003.5, 15, -12
2003.6, 15, -12
2003.7, 15, -12
2003.8, 15, -12
2003.9, 15, -12
2004, 15, -12
2004.1, 15, -12
2004.2, 15, -12
2004.3, 15, -12
2004.4, 15, -12
2004.5, 15, -12
2004.6, 15, -12
2004.7, 15, -12
2004.8, 15, -12
2004.9, 15, -12
2005, 15, -12
2005.1, 15, -12
2005.2, 15, -12
2005.3, 15, -12
2005.4, 15, -12
2005.5, 15, -13
2005.6, 15, -13
2005.7, 15, -13
2005.8, 15, -13
2005.9, 14, -13
2006, 14, -13
2006.1, 14, -13
2006.2, 14, -13
2006.3, 14, -13
2006.4, 14, -13
2006.5, 14, -13
2006.6, 14, -13
2006.7, 14, -13
2006.8, 14, -13
2006.9, 14, -13
2007, 14, -13
2007.1, 14, -13
2007.2, 14, -13
2007.3, 14, -13
2007.4, 14, -13
2007.5, 14, -13
2007.6, 14, -13
2007.7, 14, -13
2007.8, 14, -13
2007.9, 14, -13
2008, 14, -13
2008.1, 14, -13
2008.2, 14, -13
2008.3, 14, -13
2008.4, 14, -13
2008.5, 14, -13
2008.6, 14, -13
2008.7, 14, -13
2008.8, 14, -13
2008.9, 14, -13
2009, 14, -13
2009.1, 14, -13
2009.2, 14, -13
2009.3, 14, -13
2009.4, 14, -13
2009.5, 14, -13
2009.6, 14, -13
2009.7, 14, -13
2009.8, 14, -13
2009.9, 14, -13
2010, 14, -13
2010.1, 14, -13
2010.2, 14, -13
2010.3, 14, -13
2010.4, 14, -13
2010.5, 14, -13
2010.6, 14, -13
2010.7, 14, -13
2010.8, 14, -13
2010.9, 14, -13
2011, 14, -13
2011.1, 14, -13
2011.2, 14, -13
2011.3, 14, -13
2011.4, 14, -13
2011.5, 14, -13
2011.6, 14, -13
2011.7, 14, -13
2011.8, 14, -13
2011.9, 14, -13
2012, 14, -13
2012.1, 14, -13
2012.2, 14, -13
2012.3, 14, -13
2012.4, 14, -13
2012.5, 14, -13
2012.6, 14, -13
2012.7, 14, -13
2012.8, 14, -13
2012.9, 14, -13
2013, 14, -13
2013.1, 14, -13
2013.2, 14, -13
2013.3, 14, -13
2013.4, 14, -13
2013.5, 14, -13
2013.6, 14, -13
2013.7, 14, -13
2013.8, 14, -13
2013.9, 14, -13
2014, 14, -13
2014.1, 14, -13
2014.2, 14, -13
2014.3, 14, -13
2014.4, 14, -13
2014.5, 14, -13
2014.6, 14, -13
2014.7, 14, -13
2014.8, 14, -13
2014.9, 14, -13
2015, 14, -13
2015.1, 14, -13
2015.2, 14, -13
2015.3, 14, -13
2015.4, 14, -13
2015.5, 14, -13
2015.6, 14, -13
2015.7, 14, -13
2015.8, 14, -13
2015.9, 14, -13
2016, 14, -13
2016.1, 14, -13
2016.2, 14, -13
2016.3, 14, -13
2016.4, 14, -13
2016.5, 14, -13
2016.6, 14, -13
2016.7, 14, -13
2016.8, 14, -13
2016.9, 14, -13
2017, 14, -13
2017.1, 14, -13
2017.2, 14, -13
2017.3, 14, -13
2017.4, 14, -13
2017.5, 14, -13
2017.6, 14, -13
2017.7, 14, -13
2017.8, 14, -13
2017.9, 14, -13
2018, 14, -13
2018.1, 14, -13
2018.2, 14, -13
2018.3, 14, -13
2018.4, 14, -13
2018.5, 14, -13
2018.6, 14, -13
2018.7, 14, -13
2018.8, 14, -13
2018.9, 14, -13
2019, 14, -13
2019.1, 14, -13
2019.2, 14, -13
2019.3, 14, -13
2019.4, 14, -13
2019.5, 14, -13
2019.6, 14, -13
2019.7, 14, -13
2019.8, 14, -13
2019.9, 14, -13
2020, 14, -13
2020.1, 14, -13
2020.2, 14, -13
2020.3, 14, -13
2020.4, 14, -13
2020.5, 14, -13
2020.6, 14, -13
2020.7, 14, -13
2020.8, 14, -13
2020.9, 14, -13
2021, 14, -13
2021.1, 14, -13
2021.2, 14, -13
2021.3, 14, -13
2021.4, 14, -13
2021.5, 14, -13
2021.6, 14, -13
2021.7, 14, -13
2021.8, 14, -13
2021.9, 14, -14
2022, 14, -14
2022.1, 14, -14
2022.2, 14, -14
2022.3, 14, -14
2022.4, 14, -14
2022.5, 14, -14
2022.6, 14, -14
2022.7, 14, -14
2022.8, 14, -14
2022.9, 14, -14
2023, 14, -14
2023.1, 14, -14
2023.2, 14, -14
2023.3, 14, -14
2023.4, 14, -14
2023.5, 14, -14
2023.6, 14, -14
2023.7, 13, -14
2023.8, 13, -14
2023.9, 13, -14
2024, 13, -14
2024.1, 13, -14
2024.2, 13, -14
2024.3, 13, -14
2024.4, 13, -14
2024.5, 13, -14
2024.6, 13, -14
2024.7, 13, -14
2024.8, 13, -14
2024.9, 13, -14
2025, 13, -14
2025.1, 13, -14
2025.2, 13, -14
2025.3, 13, -14
2025.4, 13, -14
2025.5, 13, -14
2025.6, 13, -14
2025.7, 13, -14
2025.8, 13, -14
2025.9, 13, -14
2026, 13, -14
2026.1, 13, -14
2026.2, 13, -14
2026.3, 13, -14
2026.4, 13, -14
2026.5, 13, -14
2026.6, 13, -14
2026.7, 13, -14
2026.8, 13, -14
2026.9, 13, -14
2027, 13, -14
2027.1, 13, -14
2027.2, 13, -14
2027.3, 13, -14
2027.4, 13, -14
2027.5, 13, -14
2027.6, 13, -14
2027.7, 13, -14
2027.8, 13, -14
2027.9, 13, -14
2028, 13, -14
2028.1, 13, -14
2028.2, 13, -14
2028.3, 13, -14
2028.4, 13, -14
2028.5, 13, -14
2028.6, 13, -14
2028.7, 13, -14
2028.8, 13, -14
2028.9, 13, -14
2029, 13, -14
2029.1, 13, -14
2029.2, 13, -14
2029.3, 13, -14
2029.4, 13, -14
2029.5, 13, -14
2029.6, 13, -14
2029.7, 13, -14
2029.8, 13, -14
2029.9, 13, -14
2030, 13, -14
2030.1, 13, -14
2030.2, 13, -14
2030.3, 13, -14
2030.4, 13, -14
2030.5, 13, -13
2030.6, 13, -13
2030.7, 13, -13
2030.8, 13, -13
2030.9, 13, -13
2031, 13, -13
2031.1, 13, -13
2031.2, 13, -13
2031.3, 13, -13
2031.4, 13, -13
2031.5, 13, -13
2031.6, 13, -13
2031.7, 13, -13
2031.8, 13, -13
2031.9, 13, -13
2032, 13, -13
2032.1, 13, -13
2032.2, 13, -13
2032.3, 13, -13
2032.4, 13, -13
2032.5, 13, -13
2032.6, 13, -13
2032.7, 13, -13
2032.8, 13, -13
2032.9, 13, -13
2033, 13, -13
2033.1, 13, -13
2033.2, 13, -13
2033.3, 13, -13
2033.4, 13, -13
2033.5, 13, -13
2033.6, 13, -13
2033.7, 13, -13
2033.8, 13, -13
2033.9, 13, -13
2034, 13, -13
2034.1, 13, -13
2034.2, 13, -13
2034.3, 13, -13
2034.4, 13, -13
2034.5, 13, -13
2034.6, 13, -13
2034.7, 13, -13
2034.8, 13, -13
2034.9, 13, -13
2035, 13, -13
2035.1, 14, -13
2035.2, 14, -13
2035.3, 14, -13
2035.4, 14, -13
2035.5, 14, -13
2035.6, 14, -13
2035.7, 14, -13
2035.8, 14, -13
2035.9, 14, -13
2036, 14, -13
2036.1, 14, -13
2036.2, 14, -13
2036.3, 14, -13
2036.4, 14, -13
2036.5, 14, -13
2036.6, 14, -13
2036.7, 14, -13
2036.8, 14, -13
2036.9, 14, -13
2037, 14, -13
2037.1, 14, -13
2037.2, 14, -13
2037.3, 14, -13
2037.4, 14, -13
2037.5, 14, -13
2037.6, 14, -13
2037.7, 14, -13
2037.8, 14, -13
2037.9, 14, -14
2038, 14, -14
2038.1, 14, -14
2038.2, 14, -14
2038.3, 15, -14
2038.4, 15, -14
2038.5, 15, -14
2038.6, 15, -14
2038.7, 15, -14
2038.8, 15, -14
2038.9, 15, -14
2039, 15, -14
2039.1, 15, -14
2039.2, 15, -14
2039.3, 15, -14
2039.4, 15, -14
2039.5, 15, -13
2039.6, 15, -13
2039.7, 15, -13
2039.8, 15, -13
2039.9, 15, -13
2040, 15, -13
2040.1, 15, -13
2040.2, 15, -13
2040.3, 15, -13
2040.4, 15, -13
2040.5, 15, -13
2040.6, 15, -13
2040.7, 15, -13
2040.8, 15, -13
2040.9, 15, -13
2041, 15, -13
2041.1, 15, -13
2041.2, 15, -13
2041.3, 15, -13
2041.4, 15, -13
2041.5, 15, -13
2041.6, 15, -13
2041.7, 15, -14
2041.8, 15, -14
2041.9, 15, -14
2042, 15, -14
2042.1, 15, -14
2042.2, 15, -14
2042.3, 15, -14
2042.4, 15, -14
2042.5, 15, -14
2042.6, 15, -14
2042.7, 15, -14
2042.8, 15, -14
2042.9, 15, -14
2043, 15, -14
2043.1, 15, -14
2043.2, 15, -14
2043.3, 15, -14
2043.4, 15, -14
2043.5, 15, -14
2043.6, 15, -14
2043.7, 15, -13
2043.8, 15, -13
2043.9, 15, -13
2044, 15, -13
2044.1, 15, -13
2044.2, 15, -13
2044.3, 15, -13
2044.4, 15, -13
2044.5, 15, -13
2044.6, 15, -13
2044.7, 15, -13
2044.8, 15, -13
2044.9, 15, -13
2045, 15, -13
2045.1, 15, -14
2045.2, 15, -14
2045.3, 15, -14
2045.4, 15, -14
2045.5, 15, -14
2045.6, 15, -14
2045.7, 16, -14
2045.8, 16, -14
2045.9, 16, -14
2046, 16, -14
2046.1, 16, -14
2046.2, 16, -14
2046.3, 16, -14
2046.4, 16, -14
2046.5, 16, -14
2046.6, 16, -14
2046.7, 16, -14
2046.8, 16, -14
2046.9, 16, -14
2047, 16, -14
2047.1, 16, -14
2047.2, 16, -14
2047.3, 16, -14
2047.4, 16, -14
2047.5, 16, -14
2047.6, 16, -14
2047.7, 15, -14
2047.8, 15, -14
2047.9, 15, -14
2048, 15, -14
2048.1, 15, -14
2048.2, 15, -14
2048.3, 15, -14
2048.4, 15, -14
2048.5, 15, -14
2048.6, 15, -14
2048.7, 15, -14
2048.8, 15, -14
2048.9, 15, -14
2049, 15, -14
2049.1, 15, -14
2049.2, 15, -14
2049.3, 15, -14
2049.4, 15, -14
2049.5, 15, -14
2049.6, 15, -14
2049.7, 15, -13
2049.8, 15, -13
2049.9, 15, -13
2050, 15, -13
2050.1, 15, -13
2050.2, 15, -13
2050.3, 15, -13
2050.4, 15, -13
2050.5, 15, -13
2050.6, 15, -13
2050.7, 15, -13
2050.8, 15, -13
2050.9, 15, -13
2051, 15, -13
2051.1, 15, -13
2051.2, 15, -13
2051.3, 15, -13
2051.4, 15, -13
2051.5, 15, -13
2051.6, 15, -13
2051.7, 15, -13
2051.8, 15, -13
2051.9, 15, -13
2052, 15, -13
2052.1, 15, -13
2052.2, 15, -13
2052.3, 15, -13
2052.4, 15, -13
2052.5, 15, -13
2052.6, 15, -13
2052.7, 15, -13
2052.8, 15, -13
2052.9, 15, -13
2053, 15, -13
2053.1, 15, -13
2053.2, 15, -13
2053.3, 15, -13
2053.4, 15, -13
2053.5, 15, -13
2053.6, 15, -13
2053.7, 15, -13
2053.8, 15, -13
2053.9, 15, -14
2054, 15, -14
2054.1, 15, -14
2054.2, 15, -14
2054.3, 15, -14
2054.4, 15, -14
2054.5, 15, -14
2054.6, 15, -14
2054.7, 15, -14
2054.8, 15, -14
2054.9, 15, -14
2055, 15, -14
2055.1, 15, -14
2055.2, 15, -14
2055.3, 15, -14
2055.4, 15, -14
2055.5, 15, -14
2055.6, 15, -14
2055.7, 15, -14
2055.8, 15, -14
2055.9, 15, -14
2056, 15, -14
2056.1, 15, -14
2056.2, 15, -14
2056.3, 15, -14
2056.4, 15, -14
2056.5, 15, -14
2056.6, 15, -14
2056.7, 15, -14
2056.8, 15, -14
2056.9, 15, -14
2057, 15, -14
2057.1, 15, -14
2057.2, 15, -14
2057.3, 15, -14
2057.4, 15, -14
2057.5, 15, -14
2057.6, 15, -14
2057.7, 15, -14
2057.8, 15, -14
2057.9, 15, -14
2058, 15, -14
2058.1, 15, -14
2058.2, 15, -14
2058.3, 15, -14
2058.4, 15, -14
2058.5, 14, -14
2058.6, 14, -14
2058.7, 14, -14
2058.8, 14, -14
2058.9, 14, -14
2059, 14, -14
2059.1, 14, -14
2059.2, 14, -14
2059.3, 14, -14
2059.4, 14, -14
2059.5, 14, -14
2059.6, 14, -14
2059.7, 14, -14
2059.8, 14, -14
2059.9, 14, -14
2060, 14, -14
2060.1, 13, -14
2060.2, 13, -14
2060.3, 13, -14
2060.4, 13, -14
2060.5, 13, -14
2060.6, 13, -14
2060.7, 13, -14
2060.8, 13, -14
2060.9, 13, -14
2061, 13, -14
2061.1, 13, -14
2061.2, 13, -14
2061.3, 13, -14
2061.4, 13, -14
2061.5, 13, -14
2061.6, 13, -14
2061.7, 13, -14
2061.8, 13, -14
2061.9, 13, -14
2062, 13, -14
2062.1, 12, -14
2062.2, 12, -14
2062.3, 12, -14
2062.4, 12, -14
2062.5, 12, -14
2062.6, 12, -14
2062.7, 12, -14
2062.8, 12, -14
2062.9, 12, -14
2063, 12, -14
2063.1, 12, -14
2063.2, 12, -14
2063.3, 12, -15
2063.4, 12, -15
2063.5, 12, -15
2063.6, 12, -15
2063.7, 12, -15
2063.8, 12, -15
2063.9, 12, -15
2064, 12, -15
2064.1, 12, -15
2064.2, 12, -15
2064.3, 12, -15
2064.4, 12, -15
2064.5, 12, -15
2064.6, 12, -15
2064.7, 12, -15
2064.8, 12, -15
2064.9, 12, -15
2065, 12, -15
2065.1, 12, -15
2065.2, 12, -15
2065.3, 12, -15
2065.4, 12, -15
2065.5, 12, -15
2065.6, 12, -15
2065.7, 12, -15
2065.8, 12, -15
2065.9, 12, -15
2066, 12, -15
2066.1, 12, -15
2066.2, 12, -15
2066.3, 12, -15
2066.4, 12, -15
2066.5, 12, -15
2066.6, 12, -15
2066.7, 12, -15
2066.8, 12, -15
2066.9, 12, -15
2067, 12, -15
2067.1, 12, -15
2067.2, 12, -15
2067.3, 12, -15
2067.4, 12, -15
2067.5, 12, -15
2067.6, 12, -15
2067.7, 12, -15
2067.8, 12, -15
2067.9, 12, -15
2068, 12, -15
2068.1, 12, -15
2068.2, 12, -15
2068.3, 12, -15
2068.4, 12, -15
2068.5, 12, -15
2068.6, 12, -15
2068.7, 12, -15
2068.8, 12, -15
2068.9, 12, -15
2069, 12, -15
2069.1, 12, -15
2069.2, 12, -15
2069.3, 12, -14
2069.4, 12, -14
2069.5, 12, -14
2069.6, 12, -14
2069.7, 12, -14
2069.8, 12, -14
2069.9, 12, -14
2070, 12, -14
2070.1, 12, -13
2070.2, 12, -13
2070.3, 12, -13
2070.4, 12, -13
2070.5, 12, -12
2070.6, 12, -12
2070.7, 13, -12
2070.8, 13, -12
2070.9, 13, -12
2071, 13, -12
2071.1, 13, -12
2071.2, 13, -12
2071.3, 13, -12
2071.4, 13, -12
2071.5, 13, -12
2071.6, 13, -12
2071.7, 13, -12
2071.8, 13, -12
2071.9, 13, -12
2072, 13, -12
2072.1, 13, -12
2072.2, 13, -12
2072.3, 13, -12
2072.4, 13, -12
2072.5, 13, -12
2072.6, 13, -12
2072.7, 13, -12
2072.8, 13, -12
2072.9, 13, -12
2073, 13, -12
2073.1, 13, -12
2073.2, 13, -12
2073.3, 13, -12
2073.4, 13, -12
2073.5, 13, -12
2073.6, 13, -12
2073.7, 13, -11
2073.8, 13, -11
2073.9, 13, -11
2074, 13, -11
2074.1, 13, -11
2074.2, 13, -11
2074.3, 12, -11
2074.4, 12, -11
2074.5, 12, -11
2074.6, 12, -11
2074.7, 12, -11
2074.8, 12, -11
2074.9, 12, -11
2075, 12, -11
2075.1, 12, -11
2075.2, 12, -11
2075.3, 12, -11
2075.4, 12, -11
2075.5, 12, -12
2075.6, 12, -12
2075.7, 12, -12
2075.8, 12, -12
2075.9, 12, -12
2076, 12, -12
2076.1, 12, -12
2076.2, 12, -12
2076.3, 13, -12
2076.4, 13, -12
2076.5, 13, -11
2076.6, 13, -11
2076.7, 13, -11
2076.8, 13, -11
2076.9, 13, -11
2077, 13, -11
2077.1, 13, -11
2077.2, 13, -11
2077.3, 13, -11
2077.4, 13, -11
2077.5, 13, -11
2077.6, 13, -11
2077.7, 13, -11
2077.8, 13, -11
2077.9, 13, -10
2078, 13, -10
2078.1, 13, -10
2078.2, 13, -10
2078.3, 13, -10
2078.4, 13, -10
2078.5, 13, -10
2078.6, 13, -10
2078.7, 13, -10
2078.8, 13, -10
2078.9, 13, -10
2079, 13, -10
2079.1, 13, -10
2079.2, 13, -10
2079.3, 13, -10
2079.4, 13, -10
2079.5, 13, -10
2079.6, 13, -10
2079.7, 13, -10
2079.8, 13, -10
2079.9, 13, -10
2080, 13, -10
2080.1, 13, -10
2080.2, 13, -10
2080.3, 13, -11
2080.4, 13, -11
2080.5, 13, -12
2080.6, 13, -12
2080.7, 13, -12
2080.8, 13, -12
2080.9, 13, -12
2081, 13, -12
2081.1, 13, -12
2081.2, 13, -12
2081.3, 14, -12
2081.4, 14, -12
2081.5, 14, -12
2081.6, 14, -12
2081.7, 14, -12
2081.8, 14, -12
2081.9, 14, -12
2082, 14, -12
2082.1, 14, -12
2082.2, 14, -12
2082.3, 14, -12
2082.4, 14, -12
2082.5, 14, -12
2082.6, 14, -12
2082.7, 14, -12
2082.8, 14, -12
2082.9, 14, -12
2083, 14, -12
2083.1, 14, -12
2083.2, 14, -12
2083.3, 14, -12
2083.4, 14, -12
2083.5, 14, -12
2083.6, 14, -12
2083.7, 14, -11
2083.8, 14, -11
2083.9, 14, -11
2084, 14, -11
2084.1, 14, -11
2084.2, 14, -11
2084.3, 14, -11
2084.4, 14, -11
2084.5, 14, -11
2084.6, 14, -11
2084.7, 14, -11
2084.8, 14, -11
2084.9, 14, -11
2085, 14, -11
2085.1, 14, -11
2085.2, 14, -11
2085.3, 14, -11
2085.4, 14, -11
2085.5, 14, -12
2085.6, 14, -12
2085.7, 14, -12
2085.8, 14, -12
2085.9, 14, -12
2086, 14, -12
2086.1, 14, -12
2086.2, 14, -12
2086.3, 13, -12
2086.4, 13, -12
2086.5, 13, -12
2086.6, 13, -12
2086.7, 13, -13
2086.8, 13, -13
2086.9, 13, -13
2087, 13, -13
2087.1, 13, -13
2087.2, 13, -13
2087.3, 13, -13
2087.4, 13, -13
2087.5, 13, -13
2087.6, 13, -13
2087.7, 13, -13
2087.8, 13, -13
2087.9, 13, -13
2088, 13, -13
2088.1, 14, -13
2088.2, 14, -13
2088.3, 14, -13
2088.4, 14, -13
2088.5, 13, -13
2088.6, 13, -13
2088.7, 13, -13
2088.8, 13, -13
2088.9, 13, -13
2089, 13, -13
2089.1, 13, -13
2089.2, 13, -13
2089.3, 13, -13
2089.4, 13, -13
2089.5, 13, -13
2089.6, 13, -13
2089.7, 13, -13
2089.8, 13, -13
2089.9, 13, -13
2090, 13, -13
2090.1, 13, -13
2090.2, 13, -13
2090.3, 13, -13
2090.4, 13, -13
2090.5, 13, -13
2090.6, 13, -13
2090.7, 14, -13
2090.8, 14, -13
2090.9, 14, -13
2091, 14, -13
2091.1, 13, -13
2091.2, 13, -13
2091.3, 13, -14
2091.4, 13, -14
2091.5, 14, -14
2091.6, 14, -14
2091.7, 14, -14
2091.8, 14, -14
2091.9, 14, -14
2092, 14, -14
2092.1, 14, -14
2092.2, 14, -14
2092.3, 14, -14
2092.4, 14, -14
2092.5, 14, -14
2092.6, 14, -14
2092.7, 14, -14
2092.8, 14, -14
2092.9, 14, -14
2093, 14, -14
2093.1, 14, -14
2093.2, 14, -14
2093.3, 14, -14
2093.4, 14, -14
2093.5, 14, -14
2093.6, 14, -14
2093.7, 14, -14
2093.8, 14, -14
2093.9, 14, -14
2094, 14, -14
2094.1, 14, -14
2094.2, 14, -14
2094.3, 14, -14
2094.4, 14, -14
2094.5, 14, -14
2094.6, 14, -14
2094.7, 13, -14
2094.8, 13, -14
2094.9, 14, -14
2095, 14, -14
2095.1, 14, -14
2095.2, 14, -14
2095.3, 14, -14
2095.4, 14, -14
2095.5, 14, -14
2095.6, 14, -14
2095.7, 14, -14
2095.8, 14, -14
2095.9, 14, -14
2096, 14, -14
2096.1, 14, -14
2096.2, 14, -14
2096.3, 14, -14
2096.4, 14, -14
2096.5, 14, -14
2096.6, 14, -14
2096.7, 14, -14
2096.8, 14, -14
2096.9, 14, -14
2097, 14, -14
2097.1, 15, -14
2097.2, 15, -14
2097.3, 15, -14
2097.4, 15, -14
2097.5, 15, -14
2097.6, 15, -14
2097.7, 15, -14
2097.8, 15, -14
2097.9, 15, -14
2098, 15, -14
2098.1, 15, -14
2098.2, 15, -14
2098.3, 15, -14
2098.4, 15, -14
2098.5, 15, -14
2098.6, 15, -14
2098.7, 15, -14
2098.8, 15, -14
2098.9, 15, -14
2099, 15, -14
2099.1, 15, -14
2099.2, 15, -14
2099.3, 15, -14
2099.4, 15, -14
2099.5, 15, -14
2099.6, 15, -14
2099.7, 15, -14
2099.8, 15, -14
2099.9, 15, -14
2100, 15, -14
2100.1, 15, -15
2100.2, 15, -15
2100.3, 15, -14
2100.4, 15, -14
2100.5, 14, -14
2100.6, 14, -14
2100.7, 14, -14
2100.8, 14, -14
2100.9, 14, -14
2101, 14, -14
2101.1, 14, -14
2101.2, 14, -14
2101.3, 14, -14
2101.4, 14, -14
2101.5, 14, -14
2101.6, 14, -14
2101.7, 14, -14
2101.8, 14, -14
2101.9, 14, -14
2102, 14, -14
2102.1, 14, -14
2102.2, 14, -14
2102.3, 14, -14
2102.4, 14, -14
2102.5, 14, -14
2102.6, 14, -14
2102.7, 14, -14
2102.8, 14, -14
2102.9, 14, -14
2103, 14, -14
2103.1, 14, -14
2103.2, 14, -14
2103.3, 14, -14
2103.4, 14, -14
2103.5, 14, -14
2103.6, 14, -14
2103.7, 14, -14
2103.8, 14, -14
2103.9, 14, -14
2104, 14, -14
2104.1, 14, -14
2104.2, 14, -14
2104.3, 14, -14
2104.4, 14, -14
2104.5, 14, -14
2104.6, 14, -14
2104.7, 14, -14
2104.8, 14, -14
2104.9, 13, -14
2105, 13, -14
2105.1, 13, -14
2105.2, 13, -14
2105.3, 13, -14
2105.4, 13, -14
2105.5, 13, -14
2105.6, 13, -14
2105.7, 13, -14
2105.8, 13, -14
2105.9, 13, -14
2106, 13, -14
2106.1, 13, -14
2106.2, 13, -14
2106.3, 13, -14
2106.4, 13, -14
2106.5, 13, -14
2106.6, 13, -14
2106.7, 13, -14
2106.8, 13, -14
2106.9, 13, -14
2107, 13, -14
2107.1, 13, -15
2107.2, 13, -15
2107.3, 13, -15
2107.4, 13, -15
2107.5, 13, -15
2107.6, 13, -15
2107.7, 13, -15
2107.8, 13, -15
2107.9, 13, -15
2108, 13, -15
2108.1, 13, -15
2108.2, 13, -15
2108.3, 13, -15
2108.4, 13, -15
2108.5, 13, -15
2108.6, 13, -15
2108.7, 13, -15
2108.8, 13, -15
2108.9, 13, -15
2109, 13, -15
2109.1, 13, -15
2109.2, 13, -15
2109.3, 13, -15
2109.4, 13, -15
2109.5, 13, -15
2109.6, 13, -15
2109.7, 13, -15
2109.8, 13, -15
2109.9, 13, -15
2110, 13, -15
2110.1, 13, -15
2110.2, 13, -15
2110.3, 13, -15
2110.4, 13, -15
2110.5, 13, -15
2110.6, 13, -15
2110.7, 13, -15
2110.8, 13, -15
2110.9, 13, -15
2111, 13, -15
2111.1, 13, -15
2111.2, 13, -15
2111.3, 13, -15
2111.4, 13, -15
2111.5, 13, -14
2111.6, 13, -14
2111.7, 13, -14
2111.8, 13, -14
2111.9, 13, -14
2112, 13, -14
2112.1, 13, -14
2112.2, 13, -14
2112.3, 13, -14
2112.4, 13, -14
2112.5, 13, -14
2112.6, 13, -14
2112.7, 13, -14
2112.8, 13, -14
2112.9, 13, -14
2113, 13, -14
2113.1, 13, -14
2113.2, 13, -14
2113.3, 13, -14
2113.4, 13, -14
2113.5, 13, -14
2113.6, 13, -14
2113.7, 13, -14
2113.8, 13, -14
2113.9, 13, -14
2114, 13, -14
2114.1, 13, -14
2114.2, 13, -14
2114.3, 12, -14
2114.4, 12, -14
2114.5, 12, -14
2114.6, 12, -14
2114.7, 12, -14
2114.8, 12, -14
2114.9, 12, -14
2115, 12, -14
2115.1, 12, -14
2115.2, 12, -14
2115.3, 12, -14
2115.4, 12, -14
2115.5, 12, -14
2115.6, 12, -14
2115.7, 12, -14
2115.8, 12, -14
2115.9, 12, -14
2116, 12, -14
2116.1, 12, -14
2116.2, 12, -14
2116.3, 12, -14
2116.4, 12, -14
2116.5, 12, -14
2116.6, 12, -14
2116.7, 12, -14
2116.8, 12, -14
2116.9, 12, -14
2117, 12, -14
2117.1, 12, -14
2117.2, 12, -14
2117.3, 12, -14
2117.4, 12, -14
2117.5, 12, -14
2117.6, 12, -14
2117.7, 12, -14
2117.8, 12, -14
2117.9, 12, -14
2118, 12, -14
2118.1, 12, -14
2118.2, 12, -14
2118.3, 12, -14
2118.4, 12, -14
2118.5, 12, -14
2118.6, 12, -14
2118.7, 12, -14
2118.8, 12, -14
2118.9, 12, -15
2119, 12, -15
2119.1, 12, -15
2119.2, 12, -15
2119.3, 12, -15
2119.4, 12, -15
2119.5, 12, -15
2119.6, 12, -15
2119.7, 12, -15
2119.8, 12, -15
2119.9, 11, -15
2120, 11, -15
2120.1, 11, -15
2120.2, 11, -15
2120.3, 11, -15
2120.4, 11, -15
2120.5, 11, -15
2120.6, 11, -15
2120.7, 11, -15
2120.8, 11, -15
2120.9, 11, -15
2121, 11, -15
2121.1, 11, -15
2121.2, 11, -15
2121.3, 11, -15
2121.4, 11, -15
2121.5, 11, -15
2121.6, 11, -15
2121.7, 11, -15
2121.8, 11, -15
2121.9, 11, -15
2122, 11, -15
2122.1, 11, -15
2122.2, 11, -15
2122.3, 11, -15
2122.4, 11, -15
2122.5, 11, -15
2122.6, 11, -15
2122.7, 11, -15
2122.8, 11, -15
2122.9, 11, -15
2123, 11, -15
2123.1, 12, -15
2123.2, 12, -15
2123.3, 12, -15
2123.4, 12, -15
2123.5, 12, -15
2123.6, 12, -15
2123.7, 13, -15
2123.8, 13, -15
2123.9, 13, -15
2124, 13, -15
2124.1, 13, -15
2124.2, 13, -15
2124.3, 13, -15
2124.4, 13, -15
2124.5, 13, -15
2124.6, 13, -15
2124.7, 13, -15
2124.8, 13, -15
2124.9, 13, -15
2125, 13, -15
2125.1, 13, -15
2125.2, 13, -15
2125.3, 13, -15
2125.4, 13, -15
2125.5, 13, -15
2125.6, 13, -15
2125.7, 13, -15
2125.8, 13, -15
2125.9, 13, -15
2126, 13, -15
2126.1, 13, -16
2126.2, 13, -16
2126.3, 14, -16
2126.4, 14, -16
2126.5, 14, -16
2126.6, 14, -16
2126.7, 14, -16
2126.8, 14, -16
2126.9, 14, -16
2127, 14, -16
2127.1, 14, -16
2127.2, 14, -16
2127.3, 14, -16
2127.4, 14, -16
2127.5, 14, -16
2127.6, 14, -16
2127.7, 14, -16
2127.8, 14, -16
2127.9, 14, -16
2128, 14, -16
2128.1, 14, -16
2128.2, 14, -16
2128.3, 14, -16
2128.4, 14, -16
2128.5, 14, -16
2128.6, 14, -16
2128.7, 15, -16
2128.8, 15, -16
2128.9, 15, -16
2129, 15, -16
2129.1, 15, -16
2129.2, 15, -16
2129.3, 15, -16
2129.4, 15, -16
2129.5, 15, -16
2129.6, 15, -16
2129.7, 15, -16
2129.8, 15, -16
2129.9, 15, -16
2130, 15, -16
2130.1, 15, -16
2130.2, 15, -16
2130.3, 15, -16
2130.4, 15, -16
2130.5, 16, -16
2130.6, 16, -16
2130.7, 16, -16
2130.8, 16, -16
2130.9, 16, -17
2131, 16, -17
2131.1, 16, -17
2131.2, 16, -17
2131.3, 16, -17
2131.4, 16, -17
2131.5, 16, -17
2131.6, 16, -17
2131.7, 16, -17
2131.8, 16, -17
2131.9, 16, -17
2132, 16, -17
2132.1, 16, -17
2132.2, 16, -17
2132.3, 16, -17
2132.4, 16, -17
2132.5, 15, -17
2132.6, 15, -17
2132.7, 15, -17
2132.8, 15, -17
2132.9, 15, -17
2133, 15, -17
2133.1, 15, -17
2133.2, 15, -17
2133.3, 15, -17
2133.4, 15, -17
2133.5, 15, -17
2133.6, 15, -17
2133.7, 15, -17
2133.8, 15, -17
2133.9, 15, -17
2134, 15, -17
2134.1, 15, -17
2134.2, 15, -17
2134.3, 15, -17
2134.4, 15, -17
2134.5, 15, -17
2134.6, 15, -17
2134.7, 15, -17
2134.8, 15, -17
2134.9, 15, -17
2135, 15, -17
2135.1, 14, -17
2135.2, 14, -17
2135.3, 14, -17
2135.4, 14, -17
2135.5, 14, -17
2135.6, 14, -17
2135.7, 14, -17
2135.8, 14, -17
2135.9, 14, -17
2136, 14, -17
2136.1, 14, -17
2136.2, 14, -17
2136.3, 14, -17
2136.4, 14, -17
2136.5, 14, -17
2136.6, 14, -17
2136.7, 14, -17
2136.8, 14, -17
2136.9, 14, -17
2137, 14, -17
2137.1, 14, -18
2137.2, 14, -18
2137.3, 14, -18
2137.4, 14, -18
2137.5, 14, -18
2137.6, 14, -18
2137.7, 14, -18
2137.8, 14, -18
2137.9, 15, -18
2138, 15, -18
2138.1, 15, -18
2138.2, 15, -18
2138.3, 15, -18
2138.4, 15, -18
2138.5, 15, -18
2138.6, 15, -18
2138.7, 15, -18
2138.8, 15, -18
2138.9, 15, -18
2139, 15, -18
2139.1, 15, -18
2139.2, 15, -18
2139.3, 15, -18
2139.4, 15, -18
2139.5, 15, -18
2139.6, 15, -18
2139.7, 15, -18
2139.8, 15, -18
2139.9, 15, -18
2140, 15, -18
2140.1, 15, -18
2140.2, 15, -18
2140.3, 15, -18
2140.4, 15, -18
2140.5, 15, -18
2140.6, 15, -18
2140.7, 15, -18
2140.8, 15, -18
2140.9, 15, -18
2141, 15, -18
2141.1, 15, -18
2141.2, 15, -18
2141.3, 15, -18
2141.4, 15, -18
2141.5, 15, -18
2141.6, 15, -18
2141.7, 15, -18
2141.8, 15, -18
2141.9, 15, -18
2142, 15, -18
2142.1, 15, -18
2142.2, 15, -18
2142.3, 15, -18
2142.4, 15, -18
2142.5, 15, -18
2142.6, 15, -18
2142.7, 15, -18
2142.8, 15, -18
2142.9, 15, -18
2143, 15, -18
2143.1, 15, -18
2143.2, 15, -18
2143.3, 15, -18
2143.4, 15, -18
2143.5, 15, -18
2143.6, 15, -18
2143.7, 15, -18
2143.8, 15, -18
2143.9, 15, -18
2144, 15, -18
2144.1, 15, -19
2144.2, 15, -19
2144.3, 15, -19
2144.4, 15, -19
2144.5, 15, -19
2144.6, 15, -19
2144.7, 15, -19
2144.8, 15, -19
2144.9, 15, -19
2145, 15, -19
2145.1, 15, -19
2145.2, 15, -19
2145.3, 15, -19
2145.4, 15, -19
2145.5, 15, -19
2145.6, 15, -19
2145.7, 15, -19
2145.8, 15, -19
2145.9, 15, -19
2146, 15, -19
2146.1, 15, -19
2146.2, 15, -19
2146.3, 15, -19
2146.4, 15, -19
2146.5, 15, -19
2146.6, 15, -19
2146.7, 15, -19
2146.8, 15, -19
2146.9, 15, -19
2147, 15, -19
2147.1, 14, -19
2147.2, 14, -19
2147.3, 14, -19
2147.4, 14, -19
2147.5, 14, -18
2147.6, 14, -18
2147.7, 14, -18
2147.8, 14, -18
2147.9, 14, -18
2148, 14, -18
2148.1, 14, -18
2148.2, 14, -18
2148.3, 14, -18
2148.4, 14, -18
2148.5, 14, -18
2148.6, 14, -18
2148.7, 14, -18
2148.8, 14, -18
2148.9, 14, -18
2149, 14, -18
2149.1, 14, -18
2149.2, 14, -18
2149.3, 14, -18
2149.4, 14, -18
2149.5, 14, -18
2149.6, 14, -18
2149.7, 14, -18
2149.8, 14, -18
2149.9, 14, -18
2150, 14, -18
2150.1, 14, -18
2150.2, 14, -18
2150.3, 14, -18
2150.4, 14, -18
2150.5, 14, -18
2150.6, 14, -18
2150.7, 14, -18
2150.8, 14, -18
2150.9, 14, -18
2151, 14, -18
2151.1, 14, -18
2151.2, 14, -18
2151.3, 14, -18
2151.4, 14, -18
2151.5, 15, -18
2151.6, 15, -18
2151.7, 15, -18
2151.8, 15, -18
2151.9, 15, -18
2152, 15, -18
2152.1, 15, -18
2152.2, 15, -18
2152.3, 15, -18
2152.4, 15, -18
2152.5, 15, -18
2152.6, 15, -18
2152.7, 15, -18
2152.8, 15, -18
2152.9, 15, -18
2153, 15, -18
2153.1, 15, -18
2153.2, 15, -18
2153.3, 15, -18
2153.4, 15, -18
2153.5, 15, -18
2153.6, 15, -18
2153.7, 15, -18
2153.8, 15, -18
2153.9, 15, -18
2154, 15, -18
2154.1, 15, -18
2154.2, 15, -18
2154.3, 15, -18
2154.4, 15, -18
2154.5, 15, -18
2154.6, 15, -18
2154.7, 15, -18
2154.8, 15, -18
2154.9, 15, -18
2155, 15, -18
2155.1, 15, -18
2155.2, 15, -18
2155.3, 15, -18
2155.4, 15, -18
2155.5, 15, -18
2155.6, 15, -18
2155.7, 15, -18
2155.8, 15, -18
2155.9, 15, -18
2156, 15, -18
2156.1, 15, -18
2156.2, 15, -18
2156.3, 15, -18
2156.4, 15, -18
2156.5, 15, -18
2156.6, 15, -18
2156.7, 15, -19
2156.8, 15, -19
2156.9, 15, -19
2157, 15, -19
2157.1, 15, -19
2157.2, 15, -19
2157.3, 15, -19
2157.4, 15, -19
2157.5, 15, -19
2157.6, 15, -19
2157.7, 15, -19
2157.8, 15, -19
2157.9, 15, -19
2158, 15, -19
2158.1, 15, -19
2158.2, 15, -19
2158.3, 15, -19
2158.4, 15, -19
2158.5, 15, -19
2158.6, 15, -19
2158.7, 15, -19
2158.8, 15, -19
2158.9, 15, -19
2159, 15, -19
2159.1, 15, -19
2159.2, 15, -19
2159.3, 15, -19
2159.4, 15, -19
2159.5, 15, -19
2159.6, 15, -19
2159.7, 15, -19
2159.8, 15, -19
2159.9, 15, -19
2160, 15, -19
2160.1, 15, -19
2160.2, 15, -19
2160.3, 15, -19
2160.4, 15, -19
2160.5, 15, -19
2160.6, 15, -19
2160.7, 15, -19
2160.8, 15, -19
2160.9, 15, -19
2161, 15, -19
2161.1, 15, -19
2161.2, 15, -19
2161.3, 15, -19
2161.4, 15, -19
2161.5, 15, -19
2161.6, 15, -19
2161.7, 15, -19
2161.8, 15, -19
2161.9, 15, -19
2162, 15, -19
2162.1, 15, -19
2162.2, 15, -19
2162.3, 15, -19
2162.4, 15, -19
2162.5, 16, -19
2162.6, 16, -19
2162.7, 16, -19
2162.8, 16, -19
2162.9, 16, -19
2163, 16, -19
2163.1, 15, -19
2163.2, 15, -19
2163.3, 16, -19
2163.4, 16, -19
2163.5, 16, -20
2163.6, 16, -20
2163.7, 16, -21
2163.8, 16, -21
2163.9, 16, -21
2164, 16, -21
2164.1, 16, -21
2164.2, 16, -21
2164.3, 16, -21
2164.4, 16, -21
2164.5, 16, -20
2164.6, 16, -20
2164.7, 16, -20
2164.8, 16, -20
2164.9, 16, -20
2165, 16, -20
2165.1, 16, -20
2165.2, 16, -20
2165.3, 16, -19
2165.4, 16, -19
2165.5, 16, -18
2165.6, 16, -18
2165.7, 16, -18
2165.8, 16, -18
2165.9, 16, -18
2166, 16, -18
2166.1, 16, -18
2166.2, 16, -18
2166.3, 16, -18
2166.4, 16, -18
2166.5, 16, -18
2166.6, 16, -18
2166.7, 16, -18
2166.8, 16, -18
2166.9, 16, -19
2167, 16, -19
2167.1, 16, -19
2167.2, 16, -19
2167.3, 16, -19
2167.4, 16, -19
2167.5, 16, -19
2167.6, 16, -19
2167.7, 16, -19
2167.8, 16, -19
2167.9, 16, -19
2168, 16, -19
2168.1, 16, -19
2168.2, 16, -19
2168.3, 16, -19
2168.4, 16, -19
2168.5, 16, -19
2168.6, 16, -19
2168.7, 16, -19
2168.8, 16, -19
2168.9, 16, -19
2169, 16, -19
2169.1, 16, -19
2169.2, 16, -19
2169.3, 16, -19
2169.4, 16, -19
2169.5, 16, -19
2169.6, 16, -19
2169.7, 16, -19
2169.8, 16, -19
2169.9, 16, -19
2170, 16, -19
2170.1, 16, -19
2170.2, 16, -19
2170.3, 16, -19
2170.4, 16, -19
2170.5, 15, -19
2170.6, 15, -19
2170.7, 15, -19
2170.8, 15, -19
2170.9, 15, -19
2171, 15, -19
2171.1, 15, -19
2171.2, 15, -19
2171.3, 15, -19
2171.4, 15, -19
2171.5, 15, -19
2171.6, 15, -19
2171.7, 15, -19
2171.8, 15, -19
2171.9, 15, -19
2172, 15, -19
2172.1, 15, -20
2172.2, 15, -20
2172.3, 15, -20
2172.4, 15, -20
2172.5, 15, -20
2172.6, 15, -20
2172.7, 15, -20
2172.8, 15, -20
2172.9, 15, -20
2173, 15, -20
2173.1, 15, -20
2173.2, 15, -20
2173.3, 15, -20
2173.4, 15, -20
2173.5, 15, -20
2173.6, 15, -20
2173.7, 15, -20
2173.8, 15, -20
2173.9, 15, -20
2174, 15, -20
2174.1, 15, -20
2174.2, 15, -20
2174.3, 15, -20
2174.4, 15, -20
2174.5, 15, -20
2174.6, 15, -20
2174.7, 15, -20
2174.8, 15, -20
2174.9, 15, -20
2175, 15, -20
2175.1, 15, -20
2175.2, 15, -20
2175.3, 15, -20
2175.4, 15, -20
2175.5, 15, -20
2175.6, 15, -20
2175.7, 15, -20
2175.8, 15, -20
2175.9, 15, -20
2176, 15, -20
2176.1, 15, -20
2176.2, 15, -20
2176.3, 15, -19
2176.4, 15, -19
2176.5, 15, -19
2176.6, 15, -19
2176.7, 15, -19
2176.8, 15, -19
2176.9, 15, -19
2177, 15, -19
2177.1, 15, -19
2177.2, 15, -19
2177.3, 15, -19
2177.4, 15, -19
2177.5, 15, -19
2177.6, 15, -19
2177.7, 15, -19
2177.8, 15, -19
2177.9, 15, -18
2178, 15, -18
2178.1, 15, -18
2178.2, 15, -18
2178.3, 15, -18
2178.4, 15, -18
2178.5, 16, -18
2178.6, 16, -18
2178.7, 16, -18
2178.8, 16, -18
2178.9, 16, -18
2179, 16, -18
2179.1, 16, -18
2179.2, 16, -18
2179.3, 16, -17
2179.4, 16, -17
2179.5, 16, -17
2179.6, 16, -17
2179.7, 16, -16
2179.8, 16, -16
2179.9, 16, -16
2180, 16, -16
2180.1, 16, -17
2180.2, 16, -17
2180.3, 16, -17
2180.4, 16, -17
2180.5, 16, -17
2180.6, 16, -17
2180.7, 16, -17
2180.8, 16, -17
2180.9, 16, -17
2181, 16, -17
2181.1, 16, -17
2181.2, 16, -17
2181.3, 16, -17
2181.4, 16, -17
2181.5, 16, -17
2181.6, 16, -17
2181.7, 16, -17
2181.8, 16, -17
2181.9, 16, -17
2182, 16, -17
2182.1, 16, -17
2182.2, 16, -17
2182.3, 16, -17
2182.4, 16, -17
2182.5, 16, -17
2182.6, 16, -17
2182.7, 16, -16
2182.8, 16, -16
2182.9, 16, -16
2183, 16, -16
2183.1, 16, -16
2183.2, 16, -16
2183.3, 16, -16
2183.4, 16, -16
2183.5, 16, -16
2183.6, 16, -16
2183.7, 17, -16
2183.8, 17, -16
2183.9, 17, -15
2184, 17, -15
2184.1, 17, -15
2184.2, 17, -15
2184.3, 17, -15
2184.4, 17, -15
2184.5, 17, -15
2184.6, 17, -15
2184.7, 17, -15
2184.8, 17, -15
2184.9, 17, -15
2185, 17, -15
2185.1, 17, -15
2185.2, 17, -15
2185.3, 17, -15
2185.4, 17, -15
2185.5, 17, -15
2185.6, 17, -15
2185.7, 17, -15
2185.8, 17, -15
2185.9, 17, -15
2186, 17, -15
2186.1, 17, -15
2186.2, 17, -15
2186.3, 17, -15
2186.4, 17, -15
2186.5, 17, -15
2186.6, 17, -15
2186.7, 17, -15
2186.8, 17, -15
2186.9, 17, -15
2187, 17, -15
2187.1, 17, -15
2187.2, 17, -15
2187.3, 17, -14
2187.4, 17, -14
2187.5, 17, -14
2187.6, 17, -14
2187.7, 17, -14
2187.8, 17, -14
2187.9, 17, -14
2188, 17, -14
2188.1, 17, -14
2188.2, 17, -14
2188.3, 17, -14
2188.4, 17, -14
2188.5, 17, -14
2188.6, 17, -14
2188.7, 16, -14
2188.8, 16, -14
2188.9, 16, -14
2189, 16, -14
2189.1, 16, -14
2189.2, 16, -14
2189.3, 16, -14
2189.4, 16, -14
2189.5, 16, -14
2189.6, 16, -14
2189.7, 16, -14
2189.8, 16, -14
2189.9, 16, -14
2190, 16, -14
2190.1, 16, -14
2190.2, 16, -14
2190.3, 16, -14
2190.4, 16, -14
2190.5, 16, -14
2190.6, 16, -14
2190.7, 16, -14
2190.8, 16, -14
2190.9, 16, -14
2191, 16, -14
2191.1, 16, -14
2191.2, 16, -14
2191.3, 16, -14
2191.4, 16, -14
2191.5, 16, -14
2191.6, 16, -14
2191.7, 16, -14
2191.8, 16, -14
2191.9, 16, -14
2192, 16, -14
2192.1, 16, -14
2192.2, 16, -14
2192.3, 16, -14
2192.4, 16, -14
2192.5, 16, -14
2192.6, 16, -14
2192.7, 16, -14
2192.8, 16, -14
2192.9, 16, -14
2193, 16, -14
2193.1, 16, -14
2193.2, 16, -14
2193.3, 16, -14
2193.4, 16, -14
2193.5, 16, -13
2193.6, 16, -13
2193.7, 16, -13
2193.8, 16, -13
2193.9, 16, -13
2194, 16, -13
2194.1, 16, -13
2194.2, 16, -13
2194.3, 16, -13
2194.4, 16, -13
2194.5, 16, -13
2194.6, 16, -13
2194.7, 16, -13
2194.8, 16, -13
2194.9, 16, -13
2195, 16, -13
2195.1, 16, -13
2195.2, 16, -13
2195.3, 16, -13
2195.4, 16, -13
2195.5, 16, -13
2195.6, 16, -13
2195.7, 17, -13
2195.8, 17, -13
2195.9, 17, -13
2196, 17, -13
2196.1, 17, -13
2196.2, 17, -13
2196.3, 17, -13
2196.4, 17, -13
2196.5, 17, -13
2196.6, 17, -13
2196.7, 17, -13
2196.8, 17, -13
2196.9, 17, -13
2197, 17, -13
2197.1, 17, -13
2197.2, 17, -13
2197.3, 17, -13
2197.4, 17, -13
2197.5, 17, -13
2197.6, 17, -13
2197.7, 17, -13
2197.8, 17, -13
2197.9, 17, -14
2198, 17, -14
2198.1, 17, -14
2198.2, 17, -14
2198.3, 17, -13
2198.4, 17, -13
2198.5, 17, -13
2198.6, 17, -13
2198.7, 17, -13
2198.8, 17, -13
2198.9, 17, -13
2199, 17, -13
2199.1, 17, -13
2199.2, 17, -13
2199.3, 17, -13
2199.4, 17, -13
2199.5, 17, -13
2199.6, 17, -13
2199.7, 17, -12
2199.8, 17, -12
2199.9, 17, -12
2200, 17, -12
2200.1, 17, -12
2200.2, 17, -12
2200.3, 17, -12
2200.4, 17, -12
2200.5, 17, -12
2200.6, 17, -12
2200.7, 17, -12
2200.8, 17, -12
2200.9, 17, -12
2201, 17, -12
2201.1, 17, -12
2201.2, 17, -12
2201.3, 17, -12
2201.4, 17, -12
2201.5, 17, -12
2201.6, 17, -12
2201.7, 17, -12
2201.8, 17, -12
2201.9, 17, -12
2202, 17, -12
2202.1, 17, -11
2202.2, 17, -11
2202.3, 17, -11
2202.4, 17, -11
2202.5, 17, -11
2202.6, 17, -11
2202.7, 17, -11
2202.8, 17, -11
2202.9, 17, -11
2203, 17, -11
2203.1, 17, -11
2203.2, 17, -11
2203.3, 17, -11
2203.4, 17, -11
2203.5, 17, -11
2203.6, 17, -11
2203.7, 17, -11
2203.8, 17, -11
2203.9, 17, -11
2204, 17, -11
2204.1, 17, -11
2204.2, 17, -11
2204.3, 17, -11
2204.4, 17, -11
2204.5, 16, -11
2204.6, 16, -11
2204.7, 15, -11
2204.8, 15, -11
2204.9, 15, -11
2205, 15, -11
2205.1, 15, -11
2205.2, 15, -11
2205.3, 15, -11
2205.4, 15, -11
2205.5, 15, -11
2205.6, 15, -11
2205.7, 15, -11
2205.8, 15, -11
2205.9, 15, -11
2206, 15, -11
2206.1, 15, -11
2206.2, 15, -11
2206.3, 15, -11
2206.4, 15, -11
2206.5, 15, -11
2206.6, 15, -11
2206.7, 15, -11
2206.8, 15, -11
2206.9, 15, -11
2207, 15, -11
2207.1, 15, -11
2207.2, 15, -11
2207.3, 15, -11
2207.4, 15, -11
2207.5, 15, -11
2207.6, 15, -11
2207.7, 15, -11
2207.8, 15, -11
2207.9, 14, -11
2208, 14, -11
2208.1, 14, -11
2208.2, 14, -11
2208.3, 14, -11
2208.4, 14, -11
2208.5, 14, -11
2208.6, 14, -11
2208.7, 14, -11
2208.8, 14, -11
2208.9, 14, -11
2209, 14, -11
2209.1, 14, -11
2209.2, 14, -11
2209.3, 14, -11
2209.4, 14, -11
2209.5, 14, -11
2209.6, 14, -11
2209.7, 14, -11
2209.8, 14, -11
2209.9, 14, -11
2210, 14, -11
2210.1, 14, -11
2210.2, 14, -11
2210.3, 14, -11
2210.4, 14, -11
2210.5, 14, -11
2210.6, 14, -11
2210.7, 13, -11
2210.8, 13, -11
2210.9, 13, -11
2211, 13, -11
2211.1, 14, -11
2211.2, 14, -11
2211.3, 14, -11
2211.4, 14, -11
2211.5, 14, -11
2211.6, 14, -11
2211.7, 14, -11
2211.8, 14, -11
2211.9, 14, -11
2212, 14, -11
2212.1, 14, -11
2212.2, 14, -11
2212.3, 14, -11
2212.4, 14, -11
2212.5, 14, -11
2212.6, 14, -11
2212.7, 14, -11
2212.8, 14, -11
2212.9, 14, -11
2213, 14, -11
2213.1, 14, -11
2213.2, 14, -11
2213.3, 15, -11
2213.4, 15, -11
2213.5, 15, -11
2213.6, 15, -11
2213.7, 15, -11
2213.8, 15, -11
2213.9, 14, -11
2214, 14, -11
2214.1, 14, -11
2214.2, 14, -11
2214.3, 14, -11
2214.4, 14, -11
2214.5, 14, -11
2214.6, 14, -11
2214.7, 14, -11
2214.8, 14, -11
2214.9, 14, -11
2215, 14, -11
2215.1, 14, -11
2215.2, 14, -11
2215.3, 14, -11
2215.4, 14, -11
2215.5, 14, -11
2215.6, 14, -11
2215.7, 14, -11
2215.8, 14, -11
2215.9, 13, -11
2216, 13, -11
2216.1, 13, -11
2216.2, 13, -11
2216.3, 13, -11
2216.4, 13, -11
2216.5, 13, -11
2216.6, 13, -11
2216.7, 13, -11
2216.8, 13, -11
2216.9, 13, -11
2217, 13, -11
2217.1, 13, -11
2217.2, 13, -11
2217.3, 13, -11
2217.4, 13, -11
2217.5, 13, -11
2217.6, 13, -11
2217.7, 14, -11
2217.8, 14, -11
2217.9, 14, -11
2218, 14, -11
2218.1, 14, -11
2218.2, 14, -11
2218.3, 14, -11
2218.4, 14, -11
2218.5, 14, -11
2218.6, 14, -11
2218.7, 14, -10
2218.8, 14, -10
2218.9, 14, -10
2219, 14, -10
2219.1, 14, -10
2219.2, 14, -10
2219.3, 14, -10
2219.4, 14, -10
2219.5, 14, -9
2219.6, 14, -9
2219.7, 14, -9
2219.8, 14, -9
2219.9, 14, -9
2220, 14, -9
2220.1, 14, -9
2220.2, 14, -9
2220.3, 14, -9
2220.4, 14, -9
2220.5, 14, -10
2220.6, 14, -10
2220.7, 14, -10
2220.8, 14, -10
2220.9, 14, -10
2221, 14, -10
2221.1, 14, -10
2221.2, 14, -10
2221.3, 14, -10
2221.4, 14, -10
2221.5, 14, -10
2221.6, 14, -10
2221.7, 14, -10
2221.8, 14, -10
2221.9, 14, -10
2222, 14, -10
2222.1, 14, -10
2222.2, 14, -10
2222.3, 14, -10
2222.4, 14, -10
2222.5, 14, -9
2222.6, 14, -9
2222.7, 14, -9
2222.8, 14, -9
2222.9, 14, -9
2223, 14, -9
2223.1, 14, -9
2223.2, 14, -9
2223.3, 14, -9
2223.4, 14, -9
2223.5, 14, -9
2223.6, 14, -9
2223.7, 14, -9
2223.8, 14, -9
2223.9, 14, -9
2224, 14, -9
2224.1, 14, -9
2224.2, 14, -9
2224.3, 14, -9
2224.4, 14, -9
2224.5, 14, -9
2224.6, 14, -9
2224.7, 14, -9
2224.8, 14, -9
2224.9, 14, -9
2225, 14, -9
2225.1, 14, -9
2225.2, 14, -9
2225.3, 14, -9
2225.4, 14, -9
2225.5, 14, -9
2225.6, 14, -9
2225.7, 14, -9
2225.8, 14, -9
2225.9, 14, -9
2226, 14, -9
2226.1, 14, -9
2226.2, 14, -9
2226.3, 14, -9
2226.4, 14, -9
2226.5, 14, -9
2226.6, 14, -9
2226.7, 14, -9
2226.8, 14, -9
2226.9, 14, -9
2227, 14, -9
2227.1, 14, -9
2227.2, 14, -9
2227.3, 14, -9
2227.4, 14, -9
2227.5, 14, -9
2227.6, 14, -9
2227.7, 14, -9
2227.8, 14, -9
2227.9, 14, -9
2228, 14, -9
2228.1, 14, -9
2228.2, 14, -9
2228.3, 14, -9
2228.4, 14, -9
2228.5, 14, -9
2228.6, 14, -9
2228.7, 14, -10
2228.8, 14, -10
2228.9, 14, -10
2229, 14, -10
2229.1, 14, -10
2229.2, 14, -10
2229.3, 14, -10
2229.4, 14, -10
2229.5, 14, -10
2229.6, 14, -10
2229.7, 14, -10
2229.8, 14, -10
2229.9, 14, -10
2230, 14, -10
2230.1, 14, -10
2230.2, 14, -10
2230.3, 14, -10
2230.4, 14, -10
2230.5, 14, -10
2230.6, 14, -10
2230.7, 14, -10
2230.8, 14, -10
2230.9, 14, -10
2231, 14, -10
2231.1, 14, -10
2231.2, 14, -10
2231.3, 14, -10
2231.4, 14, -10
2231.5, 14, -10
2231.6, 14, -10
2231.7, 14, -10
2231.8, 14, -10
2231.9, 14, -10
2232, 14, -10
2232.1, 14, -10
2232.2, 14, -10
2232.3, 14, -10
2232.4, 14, -10
2232.5, 14, -10
2232.6, 14, -10
2232.7, 14, -10
2232.8, 14, -10
2232.9, 14, -10
2233, 14, -10
2233.1, 14, -11
2233.2, 14, -11
2233.3, 14, -11
2233.4, 14, -11
2233.5, 14, -11
2233.6, 14, -11
2233.7, 14, -11
2233.8, 14, -11
2233.9, 14, -11
2234, 14, -11
2234.1, 14, -11
2234.2, 14, -11
2234.3, 14, -11
2234.4, 14, -11
2234.5, 14, -11
2234.6, 14, -11
2234.7, 14, -11
2234.8, 14, -11
2234.9, 14, -11
2235, 14, -11
2235.1, 14, -11
2235.2, 14, -11
2235.3, 14, -11
2235.4, 14, -11
2235.5, 14, -11
2235.6, 14, -11
2235.7, 14, -11
2235.8, 14, -11
2235.9, 14, -11
2236, 14, -11
2236.1, 14, -11
2236.2, 14, -11
2236.3, 14, -11
2236.4, 14, -11
2236.5, 14, -11
2236.6, 14, -11
2236.7, 14, -11
2236.8, 14, -11
2236.9, 14, -11
2237, 14, -11
2237.1, 14, -11
2237.2, 14, -11
2237.3, 14, -11
2237.4, 14, -11
2237.5, 14, -10
2237.6, 14, -10
2237.7, 14, -10
2237.8, 14, -10
2237.9, 14, -10
2238, 14, -10
2238.1, 14, -10
2238.2, 14, -10
2238.3, 14, -10
2238.4, 14, -10
2238.5, 14, -10
2238.6, 14, -10
2238.7, 13, -10
2238.8, 13, -10
2238.9, 13, -10
2239, 13, -10
2239.1, 13, -10
2239.2, 13, -10
2239.3, 13, -10
2239.4, 13, -10
2239.5, 13, -10
2239.6, 13, -10
2239.7, 13, -10
2239.8, 13, -10
2239.9, 13, -10
2240, 13, -10
2240.1, 13, -10
2240.2, 13, -10
2240.3, 13, -10
2240.4, 13, -10
2240.5, 13, -10
2240.6, 13, -10
2240.7, 13, -10
2240.8, 13, -10
2240.9, 12, -10
2241, 12, -10
2241.1, 12, -10
2241.2, 12, -10
2241.3, 12, -10
2241.4, 12, -10
2241.5, 12, -10
2241.6, 12, -10
2241.7, 12, -9
2241.8, 12, -9
2241.9, 12, -9
2242, 12, -9
2242.1, 12, -9
2242.2, 12, -9
2242.3, 12, -9
2242.4, 12, -9
2242.5, 12, -9
2242.6, 12, -9
2242.7, 12, -9
2242.8, 12, -9
2242.9, 12, -9
2243, 12, -9
2243.1, 12, -9
2243.2, 12, -9
2243.3, 12, -9
2243.4, 12, -9
2243.5, 12, -9
2243.6, 12, -9
2243.7, 12, -9
2243.8, 12, -9
2243.9, 12, -9
2244, 12, -9
2244.1, 12, -9
2244.2, 12, -9
2244.3, 13, -9
2244.4, 13, -9
2244.5, 13, -9
2244.6, 13, -9
2244.7, 13, -9
2244.8, 13, -9
2244.9, 13, -9
2245, 13, -9
2245.1, 13, -9
2245.2, 13, -9
2245.3, 13, -9
2245.4, 13, -9
2245.5, 13, -9
2245.6, 13, -9
2245.7, 13, -9
2245.8, 13, -9
2245.9, 13, -9
2246, 13, -9
2246.1, 13, -9
2246.2, 13, -9
2246.3, 13, -9
2246.4, 13, -9
2246.5, 13, -9
2246.6, 13, -9
2246.7, 13, -9
2246.8, 13, -9
2246.9, 13, -9
2247, 13, -9
2247.1, 13, -9
2247.2, 13, -9
2247.3, 13, -9
2247.4, 13, -9
2247.5, 13, -9
2247.6, 13, -9
2247.7, 13, -9
2247.8, 13, -9
2247.9, 13, -9
2248, 13, -9
2248.1, 13, -9
2248.2, 13, -9
2248.3, 14, -9
2248.4, 14, -9
2248.5, 14, -8
2248.6, 14, -8
2248.7, 14, -8
2248.8, 14, -8
2248.9, 14, -8
2249, 14, -8
2249.1, 14, -8
2249.2, 14, -8
2249.3, 14, -8
2249.4, 14, -8
2249.5, 14, -8
2249.6, 14, -8
2249.7, 14, -8
2249.8, 14, -8
2249.9, 14, -7
2250, 14, -7
2250.1, 14, -7
2250.2, 14, -7
2250.3, 14, -7
2250.4, 14, -7
2250.5, 14, -7
2250.6, 14, -7
2250.7, 14, -7
2250.8, 14, -7
2250.9, 14, -7
2251, 14, -7
2251.1, 14, -7
2251.2, 14, -7
2251.3, 14, -7
2251.4, 14, -7
2251.5, 14, -7
2251.6, 14, -7
2251.7, 14, -7
2251.8, 14, -7
2251.9, 15, -7
2252, 15, -7
2252.1, 15, -7
2252.2, 15, -7
2252.3, 15, -7
2252.4, 15, -7
2252.5, 15, -7
2252.6, 15, -7
2252.7, 15, -7
2252.8, 15, -7
2252.9, 15, -7
2253, 15, -7
2253.1, 15, -7
2253.2, 15, -7
2253.3, 15, -7
2253.4, 15, -7
2253.5, 15, -7
2253.6, 15, -7
2253.7, 15, -7
2253.8, 15, -7
2253.9, 15, -7
2254, 15, -7
2254.1, 15, -7
2254.2, 15, -7
2254.3, 15, -7
2254.4, 15, -7
2254.5, 15, -7
2254.6, 15, -7
2254.7, 15, -7
2254.8, 15, -7
2254.9, 15, -7
2255, 15, -7
2255.1, 15, -7
2255.2, 15, -7
2255.3, 15, -7
2255.4, 15, -7
2255.5, 15, -7
2255.6, 15, -7
2255.7, 15, -7
2255.8, 15, -7
2255.9, 15, -7
2256, 15, -7
2256.1, 15, -7
2256.2, 15, -7
2256.3, 15, -7
2256.4, 15, -7
2256.5, 15, -7
2256.6, 15, -7
2256.7, 15, -7
2256.8, 15, -7
2256.9, 15, -7
2257, 15, -7
2257.1, 15, -7
2257.2, 15, -7
2257.3, 15, -7
2257.4, 15, -7
2257.5, 15, -7
2257.6, 15, -7
2257.7, 15, -7
2257.8, 15, -7
2257.9, 14, -7
2258, 14, -7
2258.1, 14, -7
2258.2, 14, -7
2258.3, 14, -7
2258.4, 14, -7
2258.5, 14, -7
2258.6, 14, -7
2258.7, 14, -7
2258.8, 14, -7
2258.9, 14, -7
2259, 14, -7
2259.1, 14, -7
2259.2, 14, -7
2259.3, 14, -7
2259.4, 14, -7
2259.5, 14, -7
2259.6, 14, -7
2259.7, 14, -7
2259.8, 14, -7
2259.9, 14, -7
2260, 14, -7
2260.1, 14, -7
2260.2, 14, -7
2260.3, 14, -7
2260.4, 14, -7
2260.5, 14, -7
2260.6, 14, -7
2260.7, 14, -7
2260.8, 14, -7
2260.9, 14, -7
2261, 14, -7
2261.1, 14, -7
2261.2, 14, -7
2261.3, 14, -7
2261.4, 14, -7
2261.5, 14, -7
2261.6, 14, -7
2261.7, 14, -7
2261.8, 14, -7
2261.9, 14, -7
2262, 14, -7
2262.1, 14, -7
2262.2, 14, -7
2262.3, 14, -7
2262.4, 14, -7
2262.5, 14, -7
2262.6, 14, -7
2262.7, 14, -7
2262.8, 14, -7
2262.9, 14, -7
2263, 14, -7
2263.1, 14, -7
2263.2, 14, -7
2263.3, 14, -7
2263.4, 14, -7
2263.5, 14, -7
2263.6, 14, -7
2263.7, 14, -7
2263.8, 14, -7
2263.9, 14, -7
2264, 14, -7
2264.1, 14, -7
2264.2, 14, -7
2264.3, 14, -7
2264.4, 14, -7
2264.5, 13, -7
2264.6, 13, -7
2264.7, 13, -7
2264.8, 13, -7
2264.9, 13, -7
2265, 13, -7
2265.1, 13, -7
2265.2, 13, -7
2265.3, 13, -7
2265.4, 13, -7
2265.5, 13, -7
2265.6, 13, -7
2265.7, 13, -7
2265.8, 13, -7
2265.9, 13, -7
2266, 13, -7
2266.1, 13, -7
2266.2, 13, -7
2266.3, 13, -7
2266.4, 13, -7
2266.5, 13, -7
2266.6, 13, -7
2266.7, 12, -7
2266.8, 12, -7
2266.9, 12, -7
2267, 12, -7
2267.1, 12, -7
2267.2, 12, -7
2267.3, 12, -7
2267.4, 12, -7
2267.5, 12, -7
2267.6, 12, -7
2267.7, 12, -7
2267.8, 12, -7
2267.9, 12, -7
2268, 12, -7
2268.1, 12, -7
2268.2, 12, -7
2268.3, 12, -7
2268.4, 12, -7
2268.5, 12, -7
2268.6, 12, -7
2268.7, 12, -7
2268.8, 12, -7
2268.9, 12, -7
2269, 12, -7
2269.1, 12, -7
2269.2, 12, -7
2269.3, 12, -7
2269.4, 12, -7
2269.5, 12, -7
2269.6, 12, -7
2269.7, 12, -7
2269.8, 12, -7
2269.9, 12, -7
2270, 12, -7
2270.1, 12, -7
2270.2, 12, -7
2270.3, 12, -7
2270.4, 12, -7
2270.5, 12, -7
2270.6, 12, -7
2270.7, 12, -7
2270.8, 12, -7
2270.9, 12, -7
2271, 12, -7
2271.1, 12, -8
2271.2, 12, -8
2271.3, 12, -8
2271.4, 12, -8
2271.5, 13, -8
2271.6, 13, -8
2271.7, 13, -8
2271.8, 13, -8
2271.9, 13, -8
2272, 13, -8
2272.1, 13, -8
2272.2, 13, -8
2272.3, 13, -8
2272.4, 13, -8
2272.5, 13, -8
2272.6, 13, -8
2272.7, 13, -8
2272.8, 13, -8
2272.9, 13, -9
2273, 13, -9
2273.1, 12, -9
2273.2, 12, -9
2273.3, 12, -9
2273.4, 12, -9
2273.5, 12, -9
2273.6, 12, -9
2273.7, 12, -9
2273.8, 12, -9
2273.9, 11, -9
2274, 11, -9
2274.1, 11, -9
2274.2, 11, -9
2274.3, 11, -9
2274.4, 11, -9
2274.5, 11, -9
2274.6, 11, -9
2274.7, 11, -9
2274.8, 11, -9
2274.9, 11, -9
2275, 11, -9
2275.1, 11, -9
2275.2, 11, -9
2275.3, 11, -9
2275.4, 11, -9
2275.5, 11, -9
2275.6, 11, -9
2275.7, 11, -9
2275.8, 11, -9
2275.9, 11, -8
2276, 11, -8
2276.1, 11, -8
2276.2, 11, -8
2276.3, 11, -8
2276.4, 11, -8
2276.5, 11, -8
2276.6, 11, -8
2276.7, 10, -8
2276.8, 10, -8
2276.9, 9, -8
2277, 9, -8
2277.1, 9, -7
2277.2, 9, -7
2277.3, 9, -7
2277.4, 9, -7
2277.5, 9, -7
2277.6, 9, -7
2277.7, 10, -7
2277.8, 10, -7
2277.9, 10, -7
2278, 10, -7
2278.1, 10, -7
2278.2, 10, -7
2278.3, 10, -7
2278.4, 10, -7
2278.5, 10, -7
2278.6, 10, -7
2278.7, 10, -7
2278.8, 10, -7
2278.9, 9, -7
2279, 9, -7
2279.1, 9, -7
2279.2, 9, -7
2279.3, 9, -7
2279.4, 9, -7
2279.5, 9, -7
2279.6, 9, -7
2279.7, 9, -7
2279.8, 9, -7
2279.9, 9, -7
2280, 9, -7
2280.1, 9, -7
2280.2, 9, -7
2280.3, 9, -7
2280.4, 9, -7
2280.5, 9, -7
2280.6, 9, -7
2280.7, 9, -7
2280.8, 9, -7
2280.9, 9, -7
2281, 9, -7
2281.1, 9, -7
2281.2, 9, -7
2281.3, 9, -7
2281.4, 9, -7
2281.5, 9, -7
2281.6, 9, -7
2281.7, 9, -7
2281.8, 9, -7
2281.9, 9, -7
2282, 9, -7
2282.1, 9, -7
2282.2, 9, -7
2282.3, 9, -7
2282.4, 9, -7
2282.5, 9, -7
2282.6, 9, -7
2282.7, 9, -7
2282.8, 9, -7
2282.9, 9, -6
2283, 9, -6
2283.1, 9, -6
2283.2, 9, -6
2283.3, 9, -6
2283.4, 9, -6
2283.5, 9, -6
2283.6, 9, -6
2283.7, 9, -6
2283.8, 9, -6
2283.9, 8, -6
2284, 8, -6
2284.1, 8, -6
2284.2, 8, -6
2284.3, 8, -6
2284.4, 8, -6
2284.5, 8, -6
2284.6, 8, -6
2284.7, 8, -6
2284.8, 8, -6
2284.9, 8, -6
2285, 8, -6
2285.1, 8, -5
2285.2, 8, -5
2285.3, 8, -5
2285.4, 8, -5
2285.5, 8, -5
2285.6, 8, -5
2285.7, 8, -5
2285.8, 8, -5
2285.9, 8, -5
2286, 8, -5
2286.1, 8, -5
2286.2, 8, -5
2286.3, 8, -5
2286.4, 8, -5
2286.5, 8, -5
2286.6, 8, -5
2286.7, 8, -5
2286.8, 8, -5
2286.9, 8, -5
2287, 8, -5
2287.1, 8, -5
2287.2, 8, -5
2287.3, 8, -5
2287.4, 8, -5
2287.5, 8, -5
2287.6, 8, -5
2287.7, 8, -5
2287.8, 8, -5
2287.9, 8, -5
2288, 8, -5
2288.1, 8, -5
2288.2, 8, -5
2288.3, 8, -5
2288.4, 8, -5
2288.5, 8, -5
2288.6, 8, -5
2288.7, 8, -5
2288.8, 8, -5
2288.9, 8, -5
2289, 8, -5
2289.1, 8, -5
2289.2, 8, -5
2289.3, 8, -5
2289.4, 8, -5
2289.5, 8, -5
2289.6, 8, -5
2289.7, 8, -5
2289.8, 8, -5
2289.9, 8, -5
2290, 8, -5
2290.1, 8, -5
2290.2, 8, -5
2290.3, 8, -5
2290.4, 8, -5
2290.5, 8, -5
2290.6, 8, -5
2290.7, 8, -5
2290.8, 8, -5
2290.9, 8, -5
2291, 8, -5
2291.1, 8, -5
2291.2, 8, -5
2291.3, 8, -5
2291.4, 8, -5
2291.5, 8, -5
2291.6, 8, -5
2291.7, 8, -5
2291.8, 8, -5
2291.9, 8, -5
2292, 8, -5
2292.1, 8, -5
2292.2, 8, -5
2292.3, 8, -5
2292.4, 8, -5
2292.5, 8, -5
2292.6, 8, -5
2292.7, 8, -5
2292.8, 8, -5
2292.9, 9, -5
2293, 9, -5
2293.1, 9, -5
2293.2, 9, -5
2293.3, 9, -6
2293.4, 9, -6
2293.5, 9, -6
2293.6, 9, -6
2293.7, 9, -7
2293.8, 9, -7
2293.9, 9, -7
2294, 9, -7
2294.1, 9, -7
2294.2, 9, -7
2294.3, 9, -7
2294.4, 9, -7
2294.5, 9, -7
2294.6, 9, -7
2294.7, 9, -7
2294.8, 9, -7
2294.9, 9, -7
2295, 9, -7
2295.1, 9, -7
2295.2, 9, -7
2295.3, 9, -7
2295.4, 9, -7
2295.5, 9, -6
2295.6, 9, -6
2295.7, 9, -6
2295.8, 9, -6
2295.9, 9, -6
2296, 9, -6
2296.1, 9, -6
2296.2, 9, -6
2296.3, 9, -6
2296.4, 9, -6
2296.5, 9, -6
2296.6, 9, -6
2296.7, 9, -6
2296.8, 9, -6
2296.9, 9, -6
2297, 9, -6
2297.1, 9, -6
2297.2, 9, -6
2297.3, 9, -6
2297.4, 9, -6
2297.5, 9, -6
2297.6, 9, -6
2297.7, 9, -6
2297.8, 9, -6
2297.9, 9, -6
2298, 9, -6
2298.1, 9, -6
2298.2, 9, -6
2298.3, 9, -6
2298.4, 9, -6
2298.5, 9, -6
2298.6, 9, -6
2298.7, 10, -6
2298.8, 10, -6
2298.9, 10, -6
2299, 10, -6
2299.1, 10, -6
2299.2, 10, -6
2299.3, 10, -6
2299.4, 10, -6
2299.5, 11, -6
2299.6, 11, -6
2299.7, 11, -6
2299.8, 11, -6
2299.9, 11, -6
2300, 11, -6
2300.1, 11, -6
2300.2, 11, -6
2300.3, 11, -6
2300.4, 11, -6
2300.5, 11, -6
2300.6, 11, -6
2300.7, 11, -6
2300.8, 11, -6
2300.9, 11, -6
2301, 11, -6
2301.1, 11, -6
2301.2, 11, -6
2301.3, 11, -6
2301.4, 11, -6
2301.5, 11, -6
2301.6, 11, -6
2301.7, 11, -6
2301.8, 11, -6
2301.9, 11, -6
2302, 11, -6
2302.1, 11, -6
2302.2, 11, -6
2302.3, 11, -6
2302.4, 11, -6
2302.5, 11, -6
2302.6, 11, -6
2302.7, 11, -6
2302.8, 11, -6
2302.9, 11, -6
2303, 11, -6
2303.1, 11, -6
2303.2, 11, -6
2303.3, 11, -6
2303.4, 11, -6
2303.5, 11, -6
2303.6, 11, -6
2303.7, 11, -6
2303.8, 11, -6
2303.9, 11, -6
2304, 11, -6
2304.1, 11, -6
2304.2, 11, -6
2304.3, 11, -6
2304.4, 11, -6
2304.5, 11, -6
2304.6, 11, -6
2304.7, 11, -6
2304.8, 11, -6
2304.9, 11, -6
2305, 11, -6
2305.1, 11, -6
2305.2, 11, -6
2305.3, 11, -6
2305.4, 11, -6
2305.5, 11, -6
2305.6, 11, -6
2305.7, 11, -6
2305.8, 11, -6
2305.9, 11, -6
2306, 11, -6
2306.1, 11, -6
2306.2, 11, -6
2306.3, 10, -6
2306.4, 10, -6
2306.5, 10, -6
2306.6, 10, -6
2306.7, 10, -6
2306.8, 10, -6
2306.9, 10, -6
2307, 10, -6
2307.1, 10, -6
2307.2, 10, -6
2307.3, 10, -6
2307.4, 10, -6
2307.5, 10, -6
2307.6, 10, -6
2307.7, 10, -6
2307.8, 10, -6
2307.9, 10, -6
2308, 10, -6
2308.1, 10, -6
2308.2, 10, -6
2308.3, 10, -6
2308.4, 10, -6
2308.5, 10, -6
2308.6, 10, -6
2308.7, 10, -6
2308.8, 10, -6
2308.9, 10, -6
2309, 10, -6
2309.1, 10, -6
2309.2, 10, -6
2309.3, 10, -6
2309.4, 10, -6
2309.5, 10, -6
2309.6, 10, -6
2309.7, 10, -6
2309.8, 10, -6
2309.9, 10, -6
2310, 10, -6
2310.1, 10, -6
2310.2, 10, -6
2310.3, 10, -6
2310.4, 10, -6
2310.5, 10, -6
2310.6, 10, -6
2310.7, 10, -6
2310.8, 10, -6
2310.9, 10, -6
2311, 10, -6
2311.1, 10, -6
2311.2, 10, -6
2311.3, 10, -6
2311.4, 10, -6
2311.5, 10, -6
2311.6, 10, -6
2311.7, 10, -6
2311.8, 10, -6
2311.9, 10, -6
2312, 10, -6
2312.1, 9, -6
2312.2, 9, -6
2312.3, 9, -6
2312.4, 9, -6
2312.5, 9, -6
2312.6, 9, -6
2312.7, 9, -6
2312.8, 9, -6
2312.9, 9, -6
2313, 9, -6
2313.1, 9, -7
2313.2, 9, -7
2313.3, 9, -7
2313.4, 9, -7
2313.5, 10, -7
2313.6, 10, -7
2313.7, 10, -7
2313.8, 10, -7
2313.9, 10, -7
2314, 10, -7
2314.1, 10, -7
2314.2, 10, -7
2314.3, 10, -6
2314.4, 10, -6
2314.5, 10, -6
2314.6, 10, -6
2314.7, 10, -6
2314.8, 10, -6
2314.9, 10, -6
2315, 10, -6
2315.1, 10, -6
2315.2, 10, -6
2315.3, 10, -6
2315.4, 10, -6
2315.5, 10, -6
2315.6, 10, -6
2315.7, 10, -6
2315.8, 10, -6
2315.9, 10, -6
2316, 10, -6
2316.1, 10, -6
2316.2, 10, -6
2316.3, 10, -6
2316.4, 10, -6
2316.5, 10, -6
2316.6, 10, -6
2316.7, 10, -6
2316.8, 10, -6
2316.9, 10, -6
2317, 10, -6
2317.1, 10, -6
2317.2, 10, -6
2317.3, 10, -6
2317.4, 10, -6
2317.5, 10, -6
2317.6, 10, -6
2317.7, 10, -6
2317.8, 10, -6
2317.9, 10, -6
2318, 10, -6
2318.1, 10, -6
2318.2, 10, -6
2318.3, 10, -6
2318.4, 10, -6
2318.5, 10, -6
2318.6, 10, -6
2318.7, 10, -6
2318.8, 10, -6
2318.9, 10, -6
2319, 10, -6
2319.1, 10, -6
2319.2, 10, -6
2319.3, 10, -6
2319.4, 10, -6
2319.5, 10, -6
2319.6, 10, -6
2319.7, 10, -6
2319.8, 10, -6
2319.9, 10, -6
2320, 10, -6
2320.1, 10, -6
2320.2, 10, -6
2320.3, 10, -6
2320.4, 10, -6
2320.5, 10, -6
2320.6, 10, -6
2320.7, 10, -6
2320.8, 10, -6
2320.9, 10, -6
2321, 10, -6
2321.1, 10, -6
2321.2, 10, -6
2321.3, 10, -6
2321.4, 10, -6
2321.5, 10, -6
2321.6, 10, -6
2321.7, 10, -6
2321.8, 10, -6
2321.9, 10, -6
2322, 10, -6
2322.1, 10, -6
2322.2, 10, -6
2322.3, 10, -6
2322.4, 10, -6
2322.5, 10, -6
2322.6, 10, -6
2322.7, 10, -6
2322.8, 10, -6
2322.9, 10, -6
2323, 10, -6
2323.1, 10, -6
2323.2, 10, -6
2323.3, 10, -6
2323.4, 10, -6
2323.5, 9, -6
2323.6, 9, -6
2323.7, 9, -6
2323.8, 9, -6
2323.9, 9, -6
2324, 9, -6
2324.1, 9, -6
2324.2, 9, -6
2324.3, 9, -6
2324.4, 9, -6
2324.5, 9, -6
2324.6, 9, -6
2324.7, 9, -6
2324.8, 9, -6
2324.9, 9, -6
2325, 9, -6
2325.1, 9, -6
2325.2, 9, -6
2325.3, 9, -6
2325.4, 9, -6
2325.5, 9, -6
2325.6, 9, -6
2325.7, 9, -6
2325.8, 9, -6
2325.9, 9, -6
2326, 9, -6
2326.1, 9, -6
2326.2, 9, -6
2326.3, 9, -6
2326.4, 9, -6
2326.5, 9, -6
2326.6, 9, -6
2326.7, 9, -6
2326.8, 9, -6
2326.9, 9, -6
2327, 9, -6
2327.1, 9, -6
2327.2, 9, -6
2327.3, 9, -6
2327.4, 9, -6
2327.5, 9, -6
2327.6, 9, -6
2327.7, 9, -6
2327.8, 9, -6
2327.9, 9, -6
2328, 9, -6
2328.1, 9, -6
2328.2, 9, -6
2328.3, 9, -6
2328.4, 9, -6
2328.5, 9, -6
2328.6, 9, -6
2328.7, 9, -6
2328.8, 9, -6
2328.9, 9, -6
2329, 9, -6
2329.1, 9, -6
2329.2, 9, -6
2329.3, 9, -6
2329.4, 9, -6
2329.5, 9, -6
2329.6, 9, -6
2329.7, 9, -6
2329.8, 9, -6
2329.9, 9, -6
2330, 9, -6
2330.1, 9, -6
2330.2, 9, -6
2330.3, 9, -6
2330.4, 9, -6
2330.5, 9, -6
2330.6, 9, -6
2330.7, 9, -6
2330.8, 9, -6
2330.9, 9, -6
2331, 9, -6
2331.1, 9, -6
2331.2, 9, -6
2331.3, 9, -6
2331.4, 9, -6
2331.5, 9, -6
2331.6, 9, -6
2331.7, 9, -6
2331.8, 9, -6
2331.9, 9, -6
2332, 9, -6
2332.1, 9, -6
2332.2, 9, -6
2332.3, 9, -6
2332.4, 9, -6
2332.5, 9, -6
2332.6, 9, -6
2332.7, 9, -6
2332.8, 9, -6
2332.9, 9, -6
2333, 9, -6
2333.1, 9, -6
2333.2, 9, -6
2333.3, 9, -6
2333.4, 9, -6
2333.5, 9, -6
2333.6, 9, -6
2333.7, 9, -6
2333.8, 9, -6
2333.9, 9, -6
2334, 9, -6
2334.1, 9, -6
2334.2, 9, -6
2334.3, 8, -6
2334.4, 8, -6
2334.5, 8, -6
2334.6, 8, -6
2334.7, 8, -6
2334.8, 8, -6
2334.9, 8, -6
2335, 8, -6
2335.1, 8, -6
2335.2, 8, -6
2335.3, 8, -6
2335.4, 8, -6
2335.5, 8, -7
2335.6, 8, -7
2335.7, 8, -7
2335.8, 8, -7
2335.9, 8, -7
2336, 8, -7
2336.1, 8, -7
2336.2, 8, -7
2336.3, 8, -7
2336.4, 8, -7
2336.5, 8, -7
2336.6, 8, -7
2336.7, 8, -7
2336.8, 8, -7
2336.9, 8, -7
2337, 8, -7
2337.1, 8, -7
2337.2, 8, -7
2337.3, 8, -7
2337.4, 8, -7
2337.5, 8, -7
2337.6, 8, -7
2337.7, 8, -7
2337.8, 8, -7
2337.9, 8, -7
2338, 8, -7
2338.1, 8, -7
2338.2, 8, -7
2338.3, 8, -7
2338.4, 8, -7
2338.5, 8, -7
2338.6, 8, -7
2338.7, 8, -7
2338.8, 8, -7
2338.9, 8, -7
2339, 8, -7
2339.1, 8, -7
2339.2, 8, -7
2339.3, 8, -7
2339.4, 8, -7
2339.5, 8, -7
2339.6, 8, -7
2339.7, 8, -7
2339.8, 8, -7
2339.9, 8, -7
2340, 8, -7
2340.1, 8, -7
2340.2, 8, -7
2340.3, 8, -7
2340.4, 8, -7
2340.5, 9, -7
2340.6, 9, -7
2340.7, 10, -7
2340.8, 10, -7
2340.9, 10, -7
2341, 10, -7
2341.1, 10, -7
2341.2, 10, -7
2341.3, 10, -7
2341.4, 10, -7
2341.5, 10, -7
2341.6, 10, -7
2341.7, 10, -7
2341.8, 10, -7
2341.9, 10, -7
2342, 10, -7
2342.1, 10, -7
2342.2, 10, -7
2342.3, 10, -7
2342.4, 10, -7
2342.5, 10, -7
2342.6, 10, -7
2342.7, 10, -7
2342.8, 10, -7
2342.9, 11, -7
2343, 11, -7
2343.1, 11, -7
2343.2, 11, -7
2343.3, 11, -7
2343.4, 11, -7
2343.5, 11, -7
2343.6, 11, -7
2343.7, 11, -7
2343.8, 11, -7
2343.9, 11, -7
2344, 11, -7
2344.1, 11, -7
2344.2, 11, -7
2344.3, 11, -7
2344.4, 11, -7
2344.5, 11, -7
2344.6, 11, -7
2344.7, 11, -7
2344.8, 11, -7
2344.9, 10, -7
2345, 10, -7
2345.1, 10, -7
2345.2, 10, -7
2345.3, 10, -7
2345.4, 10, -7
2345.5, 10, -7
2345.6, 10, -7
2345.7, 10, -7
2345.8, 10, -7
2345.9, 10, -7
2346, 10, -7
2346.1, 10, -7
2346.2, 10, -7
2346.3, 10, -7
2346.4, 10, -7
2346.5, 10, -7
2346.6, 10, -7
2346.7, 9, -7
2346.8, 9, -7
2346.9, 9, -7
2347, 9, -7
2347.1, 9, -7
2347.2, 9, -7
2347.3, 9, -7
2347.4, 9, -7
2347.5, 9, -7
2347.6, 9, -7
2347.7, 9, -7
2347.8, 9, -7
2347.9, 9, -7
2348, 9, -7
2348.1, 8, -7
2348.2, 8, -7
2348.3, 8, -7
2348.4, 8, -7
2348.5, 8, -7
2348.6, 8, -7
2348.7, 8, -7
2348.8, 8, -7
2348.9, 8, -7
2349, 8, -7
2349.1, 8, -7
2349.2, 8, -7
2349.3, 8, -7
2349.4, 8, -7
2349.5, 8, -7
2349.6, 8, -7
2349.7, 8, -7
2349.8, 8, -7
2349.9, 8, -7
2350, 8, -7
2350.1, 8, -7
2350.2, 8, -7
2350.3, 8, -7
2350.4, 8, -7
2350.5, 8, -7
2350.6, 8, -7
2350.7, 8, -7
2350.8, 8, -7
2350.9, 8, -7
2351, 8, -7
2351.1, 8, -8
2351.2, 8, -8
2351.3, 8, -8
2351.4, 8, -8
2351.5, 8, -8
2351.6, 8, -8
2351.7, 8, -8
2351.8, 8, -8
2351.9, 8, -8
2352, 8, -8
2352.1, 8, -8
2352.2, 8, -8
2352.3, 8, -8
2352.4, 8, -8
2352.5, 8, -8
2352.6, 8, -8
2352.7, 8, -8
2352.8, 8, -8
2352.9, 8, -9
2353, 8, -9
2353.1, 8, -9
2353.2, 8, -9
2353.3, 8, -9
2353.4, 8, -9
2353.5, 8, -9
2353.6, 8, -9
2353.7, 8, -9
2353.8, 8, -9
2353.9, 8, -9
2354, 8, -9
2354.1, 8, -9
2354.2, 8, -9
2354.3, 8, -9
2354.4, 8, -9
2354.5, 8, -9
2354.6, 8, -9
2354.7, 8, -8
2354.8, 8, -8
2354.9, 8, -8
2355, 8, -8
2355.1, 8, -8
2355.2, 8, -8
2355.3, 8, -8
2355.4, 8, -8
2355.5, 8, -8
2355.6, 8, -8
2355.7, 8, -8
2355.8, 8, -8
2355.9, 8, -8
2356, 8, -8
2356.1, 8, -8
2356.2, 8, -8
2356.3, 8, -8
2356.4, 8, -8
2356.5, 8, -8
2356.6, 8, -8
2356.7, 8, -7
2356.8, 8, -7
2356.9, 8, -7
2357, 8, -7
2357.1, 8, -7
2357.2, 8, -7
2357.3, 8, -7
2357.4, 8, -7
2357.5, 8, -7
2357.6, 8, -7
2357.7, 8, -7
2357.8, 8, -7
2357.9, 8, -7
2358, 8, -7
2358.1, 8, -7
2358.2, 8, -7
2358.3, 8, -7
2358.4, 8, -7
2358.5, 8, -7
2358.6, 8, -7
2358.7, 8, -7
2358.8, 8, -7
2358.9, 8, -7
2359, 8, -7
2359.1, 8, -7
2359.2, 8, -7
2359.3, 9, -7
2359.4, 9, -7
2359.5, 9, -7
2359.6, 9, -7
2359.7, 9, -7
2359.8, 9, -7
2359.9, 9, -7
2360, 9, -7
2360.1, 9, -7
2360.2, 9, -7
2360.3, 9, -7
2360.4, 9, -7
2360.5, 9, -7
2360.6, 9, -7
2360.7, 9, -7
2360.8, 9, -7
2360.9, 9, -7
2361, 9, -7
2361.1, 9, -7
2361.2, 9, -7
2361.3, 9, -7
2361.4, 9, -7
2361.5, 9, -7
2361.6, 9, -7
2361.7, 9, -7
2361.8, 9, -7
2361.9, 9, -7
2362, 9, -7
2362.1, 9, -7
2362.2, 9, -7
2362.3, 9, -7
2362.4, 9, -7
2362.5, 9, -7
2362.6, 9, -7
2362.7, 9, -7
2362.8, 9, -7
2362.9, 9, -7
2363, 9, -7
2363.1, 9, -7
2363.2, 9, -7
2363.3, 9, -7
2363.4, 9, -7
2363.5, 9, -7
2363.6, 9, -7
2363.7, 9, -8
2363.8, 9, -8
2363.9, 9, -8
2364, 9, -8
2364.1, 9, -8
2364.2, 9, -8
2364.3, 9, -8
2364.4, 9, -8
2364.5, 9, -8
2364.6, 9, -8
2364.7, 9, -8
2364.8, 9, -8
2364.9, 9, -8
2365, 9, -8
2365.1, 9, -8
2365.2, 9, -8
2365.3, 9, -8
2365.4, 9, -8
2365.5, 9, -8
2365.6, 9, -8
2365.7, 8, -8
2365.8, 8, -8
2365.9, 8, -8
2366, 8, -8
2366.1, 8, -7
2366.2, 8, -7
2366.3, 8, -7
2366.4, 8, -7
2366.5, 7, -7
2366.6, 7, -7
2366.7, 7, -7
2366.8, 7, -7
2366.9, 7, -7
2367, 7, -7
2367.1, 7, -7
2367.2, 7, -7
2367.3, 7, -7
2367.4, 7, -7
2367.5, 7, -7
2367.6, 7, -7
2367.7, 7, -7
2367.8, 7, -7
2367.9, 7, -7
2368, 7, -7
2368.1, 7, -7
2368.2, 7, -7
2368.3, 7, -7
2368.4, 7, -7
2368.5, 7, -7
2368.6, 7, -7
2368.7, 7, -7
2368.8, 7, -7
2368.9, 7, -7
2369, 7, -7
2369.1, 7, -8
2369.2, 7, -8
2369.3, 7, -8
2369.4, 7, -8
2369.5, 7, -8
2369.6, 7, -8
2369.7, 7, -8
2369.8, 7, -8
2369.9, 7, -8
2370, 7, -8
2370.1, 7, -8
2370.2, 7, -8
2370.3, 7, -8
2370.4, 7, -8
2370.5, 7, -8
2370.6, 7, -8
2370.7, 7, -8
2370.8, 7, -8
2370.9, 7, -8
2371, 7, -8
2371.1, 7, -8
2371.2, 7, -8
2371.3, 7, -8
2371.4, 7, -8
2371.5, 7, -8
2371.6, 7, -8
2371.7, 7, -8
2371.8, 7, -8
2371.9, 7, -8
2372, 7, -8
2372.1, 6, -8
2372.2, 6, -8
2372.3, 6, -8
2372.4, 6, -8
2372.5, 6, -8
2372.6, 6, -8
2372.7, 6, -8
2372.8, 6, -8
2372.9, 6, -8
2373, 6, -8
2373.1, 6, -8
2373.2, 6, -8
2373.3, 6, -7
2373.4, 6, -7
2373.5, 7, -7
2373.6, 7, -7
2373.7, 7, -7
2373.8, 7, -7
2373.9, 7, -8
2374, 7, -8
2374.1, 7, -8
2374.2, 7, -8
2374.3, 7, -8
2374.4, 7, -8
2374.5, 7, -8
2374.6, 7, -8
2374.7, 7, -8
2374.8, 7, -8
2374.9, 7, -8
2375, 7, -8
2375.1, 7, -8
2375.2, 7, -8
2375.3, 7, -8
2375.4, 7, -8
2375.5, 7, -8
2375.6, 7, -8
2375.7, 7, -8
2375.8, 7, -8
2375.9, 7, -8
2376, 7, -8
2376.1, 7, -8
2376.2, 7, -8
2376.3, 7, -8
2376.4, 7, -8
2376.5, 6, -8
2376.6, 6, -8
2376.7, 6, -8
2376.8, 6, -8
2376.9, 6, -8
2377, 6, -8
2377.1, 6, -8
2377.2, 6, -8
2377.3, 6, -9
2377.4, 6, -9
2377.5, 6, -9
2377.6, 6, -9
2377.7, 6, -9
2377.8, 6, -9
2377.9, 6, -9
2378, 6, -9
2378.1, 6, -9
2378.2, 6, -9
2378.3, 6, -9
2378.4, 6, -9
2378.5, 6, -9
2378.6, 6, -9
2378.7, 6, -9
2378.8, 6, -9
2378.9, 6, -9
2379, 6, -9
2379.1, 7, -9
2379.2, 7, -9
2379.3, 7, -9
2379.4, 7, -9
2379.5, 7, -9
2379.6, 7, -9
2379.7, 7, -9
2379.8, 7, -9
2379.9, 7, -9
2380, 7, -9
2380.1, 7, -9
2380.2, 7, -9
2380.3, 7, -9
2380.4, 7, -9
2380.5, 7, -9
2380.6, 7, -9
2380.7, 7, -9
2380.8, 7, -9
2380.9, 7, -9
2381, 7, -9
2381.1, 6, -9
2381.2, 6, -9
2381.3, 6, -9
2381.4, 6, -9
2381.5, 6, -9
2381.6, 6, -9
2381.7, 6, -9
2381.8, 6, -9
2381.9, 6, -9
2382, 6, -9
2382.1, 6, -9
2382.2, 6, -9
2382.3, 6, -9
2382.4, 6, -9
2382.5, 6, -9
2382.6, 6, -9
2382.7, 6, -9
2382.8, 6, -9
2382.9, 6, -9
2383, 6, -9
2383.1, 6, -9
2383.2, 6, -9
2383.3, 6, -9
2383.4, 6, -9
2383.5, 6, -9
2383.6, 6, -9
2383.7, 6, -9
2383.8, 6, -9
2383.9, 6, -9
2384, 6, -9
2384.1, 6, -9
2384.2, 6, -9
2384.3, 6, -9
2384.4, 6, -9
2384.5, 6, -9
2384.6, 6, -9
2384.7, 6, -9
2384.8, 6, -9
2384.9, 6, -9
2385, 6, -9
2385.1, 6, -9
2385.2, 6, -9
2385.3, 6, -9
2385.4, 6, -9
2385.5, 6, -9
2385.6, 6, -9
2385.7, 6, -9
2385.8, 6, -9
2385.9, 6, -9
2386, 6, -9
2386.1, 6, -9
2386.2, 6, -9
2386.3, 6, -9
2386.4, 6, -9
2386.5, 6, -9
2386.6, 6, -9
2386.7, 6, -9
2386.8, 6, -9
2386.9, 6, -9
2387, 6, -9
2387.1, 7, -9
2387.2, 7, -9
2387.3, 7, -9
2387.4, 7, -9
2387.5, 7, -9
2387.6, 7, -9
2387.7, 7, -9
2387.8, 7, -9
2387.9, 7, -8
2388, 7, -8
2388.1, 7, -8
2388.2, 7, -8
2388.3, 7, -9
2388.4, 7, -9
2388.5, 7, -9
2388.6, 7, -9
2388.7, 7, -9
2388.8, 7, -9
2388.9, 7, -9
2389, 7, -9
2389.1, 7, -9
2389.2, 7, -9
2389.3, 7, -9
2389.4, 7, -9
2389.5, 7, -9
2389.6, 7, -9
2389.7, 7, -9
2389.8, 7, -9
2389.9, 7, -9
2390, 7, -9
2390.1, 7, -9
2390.2, 7, -9
2390.3, 7, -9
2390.4, 7, -9
2390.5, 7, -9
2390.6, 7, -9
2390.7, 7, -9
2390.8, 7, -9
2390.9, 7, -9
2391, 7, -9
2391.1, 7, -9
2391.2, 7, -9
2391.3, 7, -9
2391.4, 7, -9
2391.5, 7, -9
2391.6, 7, -9
2391.7, 7, -9
2391.8, 7, -9
2391.9, 7, -9
2392, 7, -9
2392.1, 7, -9
2392.2, 7, -9
2392.3, 7, -9
2392.4, 7, -9
2392.5, 7, -9
2392.6, 7, -9
2392.7, 7, -9
2392.8, 7, -9
2392.9, 7, -9
2393, 7, -9
2393.1, 7, -9
2393.2, 7, -9
2393.3, 7, -9
2393.4, 7, -9
2393.5, 7, -9
2393.6, 7, -9
2393.7, 7, -9
2393.8, 7, -9
2393.9, 7, -9
2394, 7, -9
2394.1, 7, -9
2394.2, 7, -9
2394.3, 7, -9
2394.4, 7, -9
2394.5, 7, -9
2394.6, 7, -9
2394.7, 7, -9
2394.8, 7, -9
2394.9, 7, -9
2395, 7, -9
2395.1, 7, -9
2395.2, 7, -9
2395.3, 7, -9
2395.4, 7, -9
2395.5, 7, -9
2395.6, 7, -9
2395.7, 7, -9
2395.8, 7, -9
2395.9, 7, -9
2396, 7, -9
2396.1, 7, -9
2396.2, 7, -9
2396.3, 7, -9
2396.4, 7, -9
2396.5, 7, -9
2396.6, 7, -9
2396.7, 7, -9
2396.8, 7, -9
2396.9, 7, -9
2397, 7, -9
2397.1, 7, -9
2397.2, 7, -9
2397.3, 7, -9
2397.4, 7, -9
2397.5, 7, -9
2397.6, 7, -9
2397.7, 7, -9
2397.8, 7, -9
2397.9, 7, -9
2398, 7, -9
2398.1, 7, -9
2398.2, 7, -9
2398.3, 8, -9
2398.4, 8, -9
2398.5, 8, -9
2398.6, 8, -9
2398.7, 8, -9
2398.8, 8, -9
2398.9, 8, -9
2399, 8, -9
2399.1, 8, -9
2399.2, 8, -9
2399.3, 8, -9
2399.4, 8, -9
2399.5, 8, -9
2399.6, 8, -9
2399.7, 8, -9
2399.8, 8, -9
2399.9, 8, -9
2400, 8, -9
2400.1, 8, -9
2400.2, 8, -9
2400.3, 8, -9
2400.4, 8, -9
2400.5, 8, -9
2400.6, 8, -9
2400.7, 8, -9
2400.8, 8, -9
2400.9, 8, -9
2401, 8, -9
2401.1, 7, -9
2401.2, 7, -9
2401.3, 7, -9
2401.4, 7, -9
2401.5, 7, -9
2401.6, 7, -9
2401.7, 7, -9
2401.8, 7, -9
2401.9, 7, -9
2402, 7, -9
2402.1, 7, -10
2402.2, 7, -10
2402.3, 7, -10
2402.4, 7, -10
2402.5, 7, -10
2402.6, 7, -10
2402.7, 8, -10
2402.8, 8, -10
2402.9, 8, -10
2403, 8, -10
2403.1, 8, -10
2403.2, 8, -10
2403.3, 8, -10
2403.4, 8, -10
2403.5, 8, -10
2403.6, 8, -10
2403.7, 8, -11
2403.8, 8, -11
2403.9, 8, -11
2404, 8, -11
2404.1, 8, -11
2404.2, 8, -11
2404.3, 8, -10
2404.4, 8, -10
2404.5, 8, -10
2404.6, 8, -10
2404.7, 8, -10
2404.8, 8, -10
2404.9, 8, -10
2405, 8, -10
2405.1, 8, -10
2405.2, 8, -10
2405.3, 8, -10
2405.4, 8, -10
2405.5, 8, -10
2405.6, 8, -10
2405.7, 8, -10
2405.8, 8, -10
2405.9, 8, -10
2406, 8, -10
2406.1, 8, -10
2406.2, 8, -10
2406.3, 8, -10
2406.4, 8, -10
2406.5, 8, -10
2406.6, 8, -10
2406.7, 8, -11
2406.8, 8, -11
2406.9, 8, -11
2407, 8, -11
2407.1, 8, -11
2407.2, 8, -11
2407.3, 8, -11
2407.4, 8, -11
2407.5, 8, -11
2407.6, 8, -11
2407.7, 8, -11
2407.8, 8, -11
2407.9, 8, -11
2408, 8, -11
2408.1, 8, -11
2408.2, 8, -11
2408.3, 8, -11
2408.4, 8, -11
2408.5, 8, -11
2408.6, 8, -11
2408.7, 8, -11
2408.8, 8, -11
2408.9, 8, -10
2409, 8, -10
2409.1, 8, -10
2409.2, 8, -10
2409.3, 8, -10
2409.4, 8, -10
2409.5, 8, -10
2409.6, 8, -10
2409.7, 8, -10
2409.8, 8, -10
2409.9, 8, -10
2410, 8, -10
2410.1, 8, -10
2410.2, 8, -10
2410.3, 8, -10
2410.4, 8, -10
2410.5, 8, -10
2410.6, 8, -10
2410.7, 8, -10
2410.8, 8, -10
2410.9, 8, -10
2411, 8, -10
2411.1, 8, -10
2411.2, 8, -10
2411.3, 8, -10
2411.4, 8, -10
2411.5, 9, -10
2411.6, 9, -10
2411.7, 9, -10
2411.8, 9, -10
2411.9, 9, -10
2412, 9, -10
2412.1, 9, -10
2412.2, 9, -10
2412.3, 9, -10
2412.4, 9, -10
2412.5, 9, -10
2412.6, 9, -10
2412.7, 9, -10
2412.8, 9, -10
2412.9, 9, -10
2413, 9, -10
2413.1, 9, -10
2413.2, 9, -10
2413.3, 9, -10
2413.4, 9, -10
2413.5, 9, -10
2413.6, 9, -10
2413.7, 9, -10
2413.8, 9, -10
2413.9, 9, -10
2414, 9, -10
2414.1, 9, -10
2414.2, 9, -10
2414.3, 9, -10
2414.4, 9, -10
2414.5, 9, -10
2414.6, 9, -10
2414.7, 9, -10
2414.8, 9, -10
2414.9, 9, -10
2415, 9, -10
2415.1, 9, -11
2415.2, 9, -11
2415.3, 9, -11
2415.4, 9, -11
2415.5, 9, -11
2415.6, 9, -11
2415.7, 9, -11
2415.8, 9, -11
2415.9, 9, -11
2416, 9, -11
2416.1, 9, -11
2416.2, 9, -11
2416.3, 9, -11
2416.4, 9, -11
2416.5, 9, -11
2416.6, 9, -11
2416.7, 9, -11
2416.8, 9, -11
2416.9, 9, -11
2417, 9, -11
2417.1, 9, -11
2417.2, 9, -11
2417.3, 9, -10
2417.4, 9, -10
2417.5, 9, -10
2417.6, 9, -10
2417.7, 9, -10
2417.8, 9, -10
2417.9, 9, -10
2418, 9, -10
2418.1, 9, -10
2418.2, 9, -10
2418.3, 9, -9
2418.4, 9, -9
2418.5, 9, -9
2418.6, 9, -9
2418.7, 9, -9
2418.8, 9, -9
2418.9, 9, -9
2419, 9, -9
2419.1, 9, -9
2419.2, 9, -9
2419.3, 9, -9
2419.4, 9, -9
2419.5, 9, -9
2419.6, 9, -9
2419.7, 9, -9
2419.8, 9, -9
2419.9, 9, -9
2420, 9, -9
2420.1, 9, -9
2420.2, 9, -9
2420.3, 9, -9
2420.4, 9, -9
2420.5, 9, -10
2420.6, 9, -10
2420.7, 9, -10
2420.8, 9, -10
2420.9, 9, -10
2421, 9, -10
2421.1, 9, -10
2421.2, 9, -10
2421.3, 9, -10
2421.4, 9, -10
2421.5, 9, -10
2421.6, 9, -10
2421.7, 9, -10
2421.8, 9, -10
2421.9, 9, -10
2422, 9, -10
2422.1, 9, -10
2422.2, 9, -10
2422.3, 9, -10
2422.4, 9, -10
2422.5, 9, -10
2422.6, 9, -10
2422.7, 9, -9
2422.8, 9, -9
2422.9, 9, -9
2423, 9, -9
2423.1, 9, -9
2423.2, 9, -9
2423.3, 9, -9
2423.4, 9, -9
2423.5, 9, -9
2423.6, 9, -9
2423.7, 9, -9
2423.8, 9, -9
2423.9, 9, -9
2424, 9, -9
2424.1, 9, -9
2424.2, 9, -9
2424.3, 9, -9
2424.4, 9, -9
2424.5, 10, -9
2424.6, 10, -9
2424.7, 10, -9
2424.8, 10, -9
2424.9, 10, -9
2425, 10, -9
2425.1, 10, -9
2425.2, 10, -9
2425.3, 10, -9
2425.4, 10, -9
2425.5, 10, -8
2425.6, 10, -8
2425.7, 10, -8
2425.8, 10, -8
2425.9, 10, -8
2426, 10, -8
2426.1, 10, -8
2426.2, 10, -8
2426.3, 10, -8
2426.4, 10, -8
2426.5, 10, -7
2426.6, 10, -7
2426.7, 10, -7
2426.8, 10, -7
2426.9, 10, -7
2427, 10, -7
2427.1, 10, -7
2427.2, 10, -7
2427.3, 9, -7
2427.4, 9, -7
2427.5, 9, -7
2427.6, 9, -7
2427.7, 9, -7
2427.8, 9, -7
2427.9, 9, -7
2428, 9, -7
2428.1, 9, -7
2428.2, 9, -7
2428.3, 9, -7
2428.4, 9, -7
2428.5, 9, -7
2428.6, 9, -7
2428.7, 9, -7
2428.8, 9, -7
2428.9, 9, -7
2429, 9, -7
2429.1, 9, -7
2429.2, 9, -7
2429.3, 9, -7
2429.4, 9, -7
2429.5, 9, -7
2429.6, 9, -7
2429.7, 9, -7
2429.8, 9, -7
2429.9, 9, -7
2430, 9, -7
2430.1, 9, -7
2430.2, 9, -7
2430.3, 9, -7
2430.4, 9, -7
2430.5, 9, -8
2430.6, 9, -8
2430.7, 9, -8
2430.8, 9, -8
2430.9, 8, -8
2431, 8, -8
2431.1, 8, -8
2431.2, 8, -8
2431.3, 8, -8
2431.4, 8, -8
2431.5, 8, -8
2431.6, 8, -8
2431.7, 8, -8
2431.8, 8, -8
2431.9, 8, -8
2432, 8, -8
2432.1, 8, -9
2432.2, 8, -9
2432.3, 8, -9
2432.4, 8, -9
2432.5, 8, -9
2432.6, 8, -9
2432.7, 8, -9
2432.8, 8, -9
2432.9, 8, -9
2433, 8, -9
2433.1, 8, -9
2433.2, 8, -9
2433.3, 8, -9
2433.4, 8, -9
2433.5, 8, -9
2433.6, 8, -9
2433.7, 8, -9
2433.8, 8, -9
2433.9, 8, -9
2434, 8, -9
2434.1, 8, -9
2434.2, 8, -9
2434.3, 8, -9
2434.4, 8, -9
2434.5, 8, -9
2434.6, 8, -9
2434.7, 8, -9
2434.8, 8, -9
2434.9, 8, -9
2435, 8, -9
2435.1, 8, -9
2435.2, 8, -9
2435.3, 8, -9
2435.4, 8, -9
2435.5, 8, -9
2435.6, 8, -9
2435.7, 8, -9
2435.8, 8, -9
2435.9, 8, -9
2436, 8, -9
2436.1, 9, -9
2436.2, 9, -9
2436.3, 9, -9
2436.4, 9, -9
2436.5, 9, -9
2436.6, 9, -9
2436.7, 9, -9
2436.8, 9, -9
2436.9, 9, -9
2437, 9, -9
2437.1, 9, -9
2437.2, 9, -9
2437.3, 9, -9
2437.4, 9, -9
2437.5, 9, -9
2437.6, 9, -9
2437.7, 9, -9
2437.8, 9, -9
2437.9, 9, -9
2438, 9, -9
2438.1, 9, -9
2438.2, 9, -9
2438.3, 9, -9
2438.4, 9, -9
2438.5, 8, -9
2438.6, 8, -9
2438.7, 8, -9
2438.8, 8, -9
2438.9, 8, -9
2439, 8, -9
2439.1, 8, -9
2439.2, 8, -9
2439.3, 8, -9
2439.4, 8, -9
2439.5, 8, -9
2439.6, 8, -9
2439.7, 9, -9
2439.8, 9, -9
2439.9, 9, -9
2440, 9, -9
2440.1, 9, -9
2440.2, 9, -9
2440.3, 9, -9
2440.4, 9, -9
2440.5, 9, -9
2440.6, 9, -9
2440.7, 9, -9
2440.8, 9, -9
2440.9, 9, -9
2441, 9, -9
2441.1, 9, -9
2441.2, 9, -9
2441.3, 9, -9
2441.4, 9, -9
2441.5, 9, -9
2441.6, 9, -9
2441.7, 9, -9
2441.8, 9, -9
2441.9, 9, -9
2442, 9, -9
2442.1, 10, -9
2442.2, 10, -9
2442.3, 10, -10
2442.4, 10, -10
2442.5, 10, -10
2442.6, 10, -10
2442.7, 10, -10
2442.8, 10, -10
2442.9, 10, -10
2443, 10, -10
2443.1, 10, -10
2443.2, 10, -10
2443.3, 10, -10
2443.4, 10, -10
2443.5, 10, -10
2443.6, 10, -10
2443.7, 10, -10
2443.8, 10, -10
2443.9, 10, -10
2444, 10, -10
2444.1, 10, -10
2444.2, 10, -10
2444.3, 10, -10
2444.4, 10, -10
2444.5, 10, -10
2444.6, 10, -10
2444.7, 10, -10
2444.8, 10, -10
2444.9, 10, -10
2445, 10, -10
2445.1, 10, -10
2445.2, 10, -10
2445.3, 10, -10
2445.4, 10, -10
2445.5, 10, -10
2445.6, 10, -10
2445.7, 10, -10
2445.8, 10, -10
2445.9, 10, -10
2446, 10, -10
2446.1, 10, -10
2446.2, 10, -10
2446.3, 10, -10
2446.4, 10, -10
2446.5, 10, -10
2446.6, 10, -10
2446.7, 10, -10
2446.8, 10, -10
2446.9, 10, -10
2447, 10, -10
2447.1, 10, -10
2447.2, 10, -10
2447.3, 10, -10
2447.4, 10, -10
2447.5, 10, -10
2447.6, 10, -10
2447.7, 10, -10
2447.8, 10, -10
2447.9, 10, -10
2448, 10, -10
2448.1, 9, -10
2448.2, 9, -10
2448.3, 9, -10
2448.4, 9, -10
2448.5, 9, -10
2448.6, 9, -10
2448.7, 9, -10
2448.8, 9, -10
2448.9, 9, -10
2449, 9, -10
2449.1, 8, -10
2449.2, 8, -10
2449.3, 8, -11
2449.4, 8, -11
2449.5, 8, -11
2449.6, 8, -11
2449.7, 8, -11
2449.8, 8, -11
2449.9, 8, -11
2450, 8, -11
2450.1, 8, -11
2450.2, 8, -11
2450.3, 8, -11
2450.4, 8, -11
2450.5, 8, -11
2450.6, 8, -11
2450.7, 8, -11
2450.8, 8, -11
2450.9, 8, -11
2451, 8, -11
2451.1, 8, -11
2451.2, 8, -11
2451.3, 8, -11
2451.4, 8, -11
2451.5, 8, -11
2451.6, 8, -11
2451.7, 8, -11
2451.8, 8, -11
2451.9, 8, -11
2452, 8, -11
2452.1, 8, -11
2452.2, 8, -11
2452.3, 8, -11
2452.4, 8, -11
2452.5, 8, -11
2452.6, 8, -11
2452.7, 8, -11
2452.8, 8, -11
2452.9, 8, -11
2453, 8, -11
2453.1, 8, -11
2453.2, 8, -11
2453.3, 9, -11
2453.4, 9, -11
2453.5, 8, -11
2453.6, 8, -11
2453.7, 8, -11
2453.8, 8, -11
2453.9, 8, -11
2454, 8, -11
2454.1, 8, -11
2454.2, 8, -11
2454.3, 8, -11
2454.4, 8, -11
2454.5, 8, -11
2454.6, 8, -11
2454.7, 8, -11
2454.8, 8, -11
2454.9, 8, -11
2455, 8, -11
2455.1, 8, -11
2455.2, 8, -11
2455.3, 8, -11
2455.4, 8, -11
2455.5, 8, -11
2455.6, 8, -11
2455.7, 8, -11
2455.8, 8, -11
2455.9, 8, -10
2456, 8, -10
2456.1, 8, -10
2456.2, 8, -10
2456.3, 8, -10
2456.4, 8, -10
2456.5, 8, -10
2456.6, 8, -10
2456.7, 8, -10
2456.8, 8, -10
2456.9, 8, -10
2457, 8, -10
2457.1, 8, -10
2457.2, 8, -10
2457.3, 8, -10
2457.4, 8, -10
2457.5, 8, -10
2457.6, 8, -10
2457.7, 9, -10
2457.8, 9, -10
2457.9, 9, -10
2458, 9, -10
2458.1, 9, -10
2458.2, 9, -10
2458.3, 9, -10
2458.4, 9, -10
2458.5, 9, -10
2458.6, 9, -10
2458.7, 10, -10
2458.8, 10, -10
2458.9, 10, -10
2459, 10, -10
2459.1, 10, -10
2459.2, 10, -10
2459.3, 9, -10
2459.4, 9, -10
2459.5, 9, -9
2459.6, 9, -9
2459.7, 9, -9
2459.8, 9, -9
2459.9, 9, -9
2460, 9, -9
2460.1, 9, -9
2460.2, 9, -9
2460.3, 9, -9
2460.4, 9, -9
2460.5, 9, -9
2460.6, 9, -9
2460.7, 9, -9
2460.8, 9, -9
2460.9, 9, -9
2461, 9, -9
2461.1, 9, -9
2461.2, 9, -9
2461.3, 9, -9
2461.4, 9, -9
2461.5, 9, -9
2461.6, 9, -9
2461.7, 9, -9
2461.8, 9, -9
2461.9, 9, -9
2462, 9, -9
2462.1, 9, -9
2462.2, 9, -9
2462.3, 9, -9
2462.4, 9, -9
2462.5, 9, -9
2462.6, 9, -9
2462.7, 9, -9
2462.8, 9, -9
2462.9, 9, -9
2463, 9, -9
2463.1, 9, -9
2463.2, 9, -9
2463.3, 9, -9
2463.4, 9, -9
2463.5, 9, -9
2463.6, 9, -9
2463.7, 9, -9
2463.8, 9, -9
2463.9, 9, -9
2464, 9, -9
2464.1, 10, -9
2464.2, 10, -9
2464.3, 10, -9
2464.4, 10, -9
2464.5, 10, -10
2464.6, 10, -10
2464.7, 10, -10
2464.8, 10, -10
2464.9, 10, -10
2465, 10, -10
2465.1, 10, -10
2465.2, 10, -10
2465.3, 10, -10
2465.4, 10, -10
2465.5, 10, -10
2465.6, 10, -10
2465.7, 10, -10
2465.8, 10, -10
2465.9, 10, -10
2466, 10, -10
2466.1, 10, -10
2466.2, 10, -10
2466.3, 10, -10
2466.4, 10, -10
2466.5, 10, -10
2466.6, 10, -10
2466.7, 10, -10
2466.8, 10, -10
2466.9, 10, -10
2467, 10, -10
2467.1, 10, -10
2467.2, 10, -10
2467.3, 10, -10
2467.4, 10, -10
2467.5, 10, -10
2467.6, 10, -10
2467.7, 10, -10
2467.8, 10, -10
2467.9, 10, -10
2468, 10, -10
2468.1, 11, -10
2468.2, 11, -10
2468.3, 11, -10
2468.4, 11, -10
2468.5, 11, -10
2468.6, 11, -10
2468.7, 11, -10
2468.8, 11, -10
2468.9, 11, -10
2469, 11, -10
2469.1, 11, -10
2469.2, 11, -10
2469.3, 11, -10
2469.4, 11, -10
2469.5, 11, -11
2469.6, 11, -11
2469.7, 11, -11
2469.8, 11, -11
2469.9, 11, -11
2470, 11, -11
2470.1, 11, -11
2470.2, 11, -11
2470.3, 11, -11
2470.4, 11, -11
2470.5, 11, -11
2470.6, 11, -11
2470.7, 11, -11
2470.8, 11, -11
2470.9, 11, -11
2471, 11, -11
2471.1, 11, -11
2471.2, 11, -11
2471.3, 11, -11
2471.4, 11, -11
2471.5, 11, -11
2471.6, 11, -11
2471.7, 11, -11
2471.8, 11, -11
2471.9, 11, -11
2472, 11, -11
2472.1, 11, -11
2472.2, 11, -11
2472.3, 11, -11
2472.4, 11, -11
2472.5, 11, -11
2472.6, 11, -11
2472.7, 11, -11
2472.8, 11, -11
2472.9, 11, -11
2473, 11, -11
2473.1, 11, -11
2473.2, 11, -11
2473.3, 11, -11
2473.4, 11, -11
2473.5, 11, -11
2473.6, 11, -11
2473.7, 11, -11
2473.8, 11, -11
2473.9, 11, -11
2474, 11, -11
2474.1, 11, -11
2474.2, 11, -11
2474.3, 11, -11
2474.4, 11, -11
2474.5, 11, -11
2474.6, 11, -11
2474.7, 11, -11
2474.8, 11, -11
2474.9, 11, -11
2475, 11, -11
2475.1, 11, -11
2475.2, 11, -11
2475.3, 11, -11
2475.4, 11, -11
2475.5, 11, -11
2475.6, 11, -11
2475.7, 11, -11
2475.8, 11, -11
2475.9, 11, -11
2476, 11, -11
2476.1, 11, -11
2476.2, 11, -11
2476.3, 11, -11
2476.4, 11, -11
2476.5, 11, -11
2476.6, 11, -11
2476.7, 11, -11
2476.8, 11, -11
2476.9, 11, -11
2477, 11, -11
2477.1, 11, -11
2477.2, 11, -11
2477.3, 11, -11
2477.4, 11, -11
2477.5, 11, -11
2477.6, 11, -11
2477.7, 11, -11
2477.8, 11, -11
2477.9, 11, -11
2478, 11, -11
2478.1, 11, -11
2478.2, 11, -11
2478.3, 11, -11
2478.4, 11, -11
2478.5, 11, -11
2478.6, 11, -11
2478.7, 11, -11
2478.8, 11, -11
2478.9, 11, -11
2479, 11, -11
2479.1, 11, -11
2479.2, 11, -11
2479.3, 11, -11
2479.4, 11, -11
2479.5, 11, -11
2479.6, 11, -11
2479.7, 11, -11
2479.8, 11, -11
2479.9, 11, -11
2480, 11, -11
2480.1, 11, -11
2480.2, 11, -11
2480.3, 11, -11
2480.4, 11, -11
2480.5, 11, -11
2480.6, 11, -11
2480.7, 11, -11
2480.8, 11, -11
2480.9, 11, -11
2481, 11, -11
2481.1, 11, -11
2481.2, 11, -11
2481.3, 11, -11
2481.4, 11, -11
2481.5, 11, -11
2481.6, 11, -11
2481.7, 11, -11
2481.8, 11, -11
2481.9, 11, -11
2482, 11, -11
2482.1, 11, -11
2482.2, 11, -11
2482.3, 11, -11
2482.4, 11, -11
2482.5, 11, -11
2482.6, 11, -11
2482.7, 11, -11
2482.8, 11, -11
2482.9, 11, -11
2483, 11, -11
2483.1, 11, -11
2483.2, 11, -11
2483.3, 11, -11
2483.4, 11, -11
2483.5, 12, -11
2483.6, 12, -11
2483.7, 12, -11
2483.8, 12, -11
2483.9, 12, -11
2484, 12, -11
2484.1, 12, -11
2484.2, 12, -11
2484.3, 12, -11
2484.4, 12, -11
2484.5, 12, -11
2484.6, 12, -11
2484.7, 12, -11
2484.8, 12, -11
2484.9, 12, -11
2485, 12, -11
2485.1, 12, -11
2485.2, 12, -11
2485.3, 12, -11
2485.4, 12, -11
2485.5, 12, -11
2485.6, 12, -11
2485.7, 12, -11
2485.8, 12, -11
2485.9, 12, -11
2486, 12, -11
2486.1, 12, -12
2486.2, 12, -12
2486.3, 12, -12
2486.4, 12, -12
2486.5, 12, -12
2486.6, 12, -12
2486.7, 12, -12
2486.8, 12, -12
2486.9, 12, -12
2487, 12, -12
2487.1, 12, -12
2487.2, 12, -12
2487.3, 12, -12
2487.4, 12, -12
2487.5, 12, -12
2487.6, 12, -12
2487.7, 12, -12
2487.8, 12, -12
2487.9, 12, -12
2488, 12, -12
2488.1, 12, -12
2488.2, 12, -12
2488.3, 12, -12
2488.4, 12, -12
2488.5, 12, -12
2488.6, 12, -12
2488.7, 12, -12
2488.8, 12, -12
2488.9, 12, -12
2489, 12, -12
2489.1, 12, -12
2489.2, 12, -12
2489.3, 12, -12
2489.4, 12, -12
2489.5, 12, -13
2489.6, 12, -13
2489.7, 12, -13
2489.8, 12, -13
2489.9, 12, -13
2490, 12, -13
2490.1, 12, -13
2490.2, 12, -13
2490.3, 12, -13
2490.4, 12, -13
2490.5, 12, -13
2490.6, 12, -13
2490.7, 12, -13
2490.8, 12, -13
2490.9, 11, -13
2491, 11, -13
2491.1, 11, -13
2491.2, 11, -13
2491.3, 11, -12
2491.4, 11, -12
2491.5, 11, -12
2491.6, 11, -12
2491.7, 11, -12
2491.8, 11, -12
2491.9, 11, -12
2492, 11, -12
2492.1, 11, -12
2492.2, 11, -12
2492.3, 11, -12
2492.4, 11, -12
2492.5, 11, -12
2492.6, 11, -12
2492.7, 11, -12
2492.8, 11, -12
2492.9, 11, -12
2493, 11, -12
2493.1, 11, -12
2493.2, 11, -12
2493.3, 11, -12
2493.4, 11, -12
2493.5, 11, -12
2493.6, 11, -12
2493.7, 11, -12
2493.8, 11, -12
2493.9, 11, -12
2494, 11, -12
2494.1, 11, -12
2494.2, 11, -12
2494.3, 11, -12
2494.4, 11, -12
2494.5, 11, -12
2494.6, 11, -12
2494.7, 11, -12
2494.8, 11, -12
2494.9, 11, -12
2495, 11, -12
2495.1, 11, -12
2495.2, 11, -12
2495.3, 11, -12
2495.4, 11, -12
2495.5, 11, -12
2495.6, 11, -12
2495.7, 11, -12
2495.8, 11, -12
2495.9, 11, -12
2496, 11, -12
2496.1, 11, -12
2496.2, 11, -12
2496.3, 11, -13
2496.4, 11, -13
2496.5, 11, -13
2496.6, 11, -13
2496.7, 11, -13
2496.8, 11, -13
2496.9, 11, -13
2497, 11, -13
2497.1, 11, -13
2497.2, 11, -13
2497.3, 11, -13
2497.4, 11, -13
2497.5, 11, -13
2497.6, 11, -13
2497.7, 11, -13
2497.8, 11, -13
2497.9, 11, -13
2498, 11, -13
2498.1, 11, -13
2498.2, 11, -13
2498.3, 11, -13
2498.4, 11, -13
2498.5, 11, -13
2498.6, 11, -13
2498.7, 11, -13
2498.8, 11, -13
2498.9, 11, -13
2499, 11, -13
2499.1, 11, -13
2499.2, 11, -13
2499.3, 11, -13
2499.4, 11, -13
2499.5, 11, -13
2499.6, 11, -13
2499.7, 11, -13
2499.8, 11, -13
2499.9, 11, -13
2500, 11, -13
2500.1, 11, -13
2500.2, 11, -13
2500.3, 11, -13
2500.4, 11, -13
2500.5, 11, -13
2500.6, 11, -13
2500.7, 11, -13
2500.8, 11, -13
2500.9, 11, -13
2501, 11, -13
2501.1, 11, -13
2501.2, 11, -13
2501.3, 11, -13
2501.4, 11, -13
2501.5, 11, -13
2501.6, 11, -13
2501.7, 11, -13
2501.8, 11, -13
2501.9, 11, -13
2502, 11, -13
2502.1, 11, -13
2502.2, 11, -13
2502.3, 11, -13
2502.4, 11, -13
2502.5, 12, -13
2502.6, 12, -13
2502.7, 12, -13
2502.8, 12, -13
2502.9, 12, -13
2503, 12, -13
2503.1, 12, -13
2503.2, 12, -13
2503.3, 12, -13
2503.4, 12, -13
2503.5, 12, -13
2503.6, 12, -13
2503.7, 12, -13
2503.8, 12, -13
2503.9, 12, -13
2504, 12, -13
2504.1, 12, -12
2504.2, 12, -12
2504.3, 12, -12
2504.4, 12, -12
2504.5, 12, -12
2504.6, 12, -12
2504.7, 12, -12
2504.8, 12, -12
2504.9, 12, -12
2505, 12, -12
2505.1, 12, -12
2505.2, 12, -12
2505.3, 12, -12
2505.4, 12, -12
2505.5, 12, -12
2505.6, 12, -12
2505.7, 12, -12
2505.8, 12, -12
2505.9, 12, -12
2506, 12, -12
2506.1, 12, -12
2506.2, 12, -12
2506.3, 12, -12
2506.4, 12, -12
2506.5, 12, -12
2506.6, 12, -12
2506.7, 12, -12
2506.8, 12, -12
2506.9, 12, -12
2507, 12, -12
2507.1, 12, -12
2507.2, 12, -12
2507.3, 12, -12
2507.4, 12, -12
2507.5, 12, -12
2507.6, 12, -12
2507.7, 12, -12
2507.8, 12, -12
2507.9, 12, -12
2508, 12, -12
2508.1, 12, -12
2508.2, 12, -12
2508.3, 12, -12
2508.4, 12, -12
2508.5, 11, -12
2508.6, 11, -12
2508.7, 11, -12
2508.8, 11, -12
2508.9, 11, -12
2509, 11, -12
2509.1, 11, -12
2509.2, 11, -12
2509.3, 10, -12
2509.4, 10, -12
2509.5, 10, -12
2509.6, 10, -12
2509.7, 10, -12
2509.8, 10, -12
2509.9, 10, -12
2510, 10, -12
2510.1, 10, -13
2510.2, 10, -13
2510.3, 10, -13
2510.4, 10, -13
2510.5, 10, -13
2510.6, 10, -13
2510.7, 10, -13
2510.8, 10, -13
2510.9, 10, -13
2511, 10, -13
2511.1, 10, -13
2511.2, 10, -13
2511.3, 10, -13
2511.4, 10, -13
2511.5, 10, -13
2511.6, 10, -13
2511.7, 10, -13
2511.8, 10, -13
2511.9, 10, -13
2512, 10, -13
2512.1, 10, -13
2512.2, 10, -13
2512.3, 10, -13
2512.4, 10, -13
2512.5, 10, -13
2512.6, 10, -13
2512.7, 10, -13
2512.8, 10, -13
2512.9, 10, -13
2513, 10, -13
2513.1, 10, -13
2513.2, 10, -13
2513.3, 10, -13
2513.4, 10, -13
2513.5, 10, -13
2513.6, 10, -13
2513.7, 10, -13
2513.8, 10, -13
2513.9, 10, -13
2514, 10, -13
2514.1, 10, -13
2514.2, 10, -13
2514.3, 10, -13
2514.4, 10, -13
2514.5, 11, -13
2514.6, 11, -13
2514.7, 11, -13
2514.8, 11, -13
2514.9, 11, -13
2515, 11, -13
2515.1, 11, -13
2515.2, 11, -13
2515.3, 11, -13
2515.4, 11, -13
2515.5, 11, -13
2515.6, 11, -13
2515.7, 11, -13
2515.8, 11, -13
2515.9, 11, -13
2516, 11, -13
2516.1, 11, -13
2516.2, 11, -13
2516.3, 11, -13
2516.4, 11, -13
2516.5, 11, -13
2516.6, 11, -13
2516.7, 11, -13
2516.8, 11, -13
2516.9, 11, -13
2517, 11, -13
2517.1, 11, -13
2517.2, 11, -13
2517.3, 12, -13
2517.4, 12, -13
2517.5, 12, -13
2517.6, 12, -13
2517.7, 12, -13
2517.8, 12, -13
2517.9, 12, -13
2518, 12, -13
2518.1, 12, -12
2518.2, 12, -12
2518.3, 12, -12
2518.4, 12, -12
2518.5, 12, -12
2518.6, 12, -12
2518.7, 12, -12
2518.8, 12, -12
2518.9, 12, -12
2519, 12, -12
2519.1, 12, -12
2519.2, 12, -12
2519.3, 12, -12
2519.4, 12, -12
2519.5, 12, -12
2519.6, 12, -12
2519.7, 12, -12
2519.8, 12, -12
2519.9, 12, -12
2520, 12, -12
2520.1, 12, -12
2520.2, 12, -12
2520.3, 11, -12
2520.4, 11, -12
2520.5, 11, -12
2520.6, 11, -12
2520.7, 11, -12
2520.8, 11, -12
2520.9, 11, -12
2521, 11, -12
2521.1, 11, -12
2521.2, 11, -12
2521.3, 11, -12
2521.4, 11, -12
2521.5, 11, -12
2521.6, 11, -12
2521.7, 11, -12
2521.8, 11, -12
2521.9, 11, -12
2522, 11, -12
2522.1, 11, -12
2522.2, 11, -12
2522.3, 11, -12
2522.4, 11, -12
2522.5, 11, -12
2522.6, 11, -12
2522.7, 11, -12
2522.8, 11, -12
2522.9, 11, -12
2523, 11, -12
2523.1, 11, -12
2523.2, 11, -12
2523.3, 11, -12
2523.4, 11, -12
2523.5, 11, -12
2523.6, 11, -12
2523.7, 11, -12
2523.8, 11, -12
2523.9, 11, -12
2524, 11, -12
2524.1, 11, -12
2524.2, 11, -12
2524.3, 11, -12
2524.4, 11, -12
2524.5, 11, -12
2524.6, 11, -12
2524.7, 11, -12
2524.8, 11, -12
2524.9, 11, -12
2525, 11, -12
2525.1, 11, -12
2525.2, 11, -12
2525.3, 11, -12
2525.4, 11, -12
2525.5, 11, -12
2525.6, 11, -12
2525.7, 11, -12
2525.8, 11, -12
2525.9, 11, -12
2526, 11, -12
2526.1, 11, -12
2526.2, 11, -12
2526.3, 11, -12
2526.4, 11, -12
2526.5, 11, -12
2526.6, 11, -12
2526.7, 11, -12
2526.8, 11, -12
2526.9, 11, -12
2527, 11, -12
2527.1, 11, -12
2527.2, 11, -12
2527.3, 10, -12
2527.4, 10, -12
2527.5, 10, -12
2527.6, 10, -12
2527.7, 10, -12
2527.8, 10, -12
2527.9, 10, -12
2528, 10, -12
2528.1, 10, -12
2528.2, 10, -12
2528.3, 10, -12
2528.4, 10, -12
2528.5, 10, -12
2528.6, 10, -12
2528.7, 10, -12
2528.8, 10, -12
2528.9, 10, -12
2529, 10, -12
2529.1, 10, -12
2529.2, 10, -12
2529.3, 10, -12
2529.4, 10, -12
2529.5, 10, -12
2529.6, 10, -12
2529.7, 10, -12
2529.8, 10, -12
2529.9, 10, -12
2530, 10, -12
2530.1, 10, -12
2530.2, 10, -12
2530.3, 10, -12
2530.4, 10, -12
2530.5, 10, -12
2530.6, 10, -12
2530.7, 10, -12
2530.8, 10, -12
2530.9, 10, -12
2531, 10, -12
2531.1, 10, -12
2531.2, 10, -12
2531.3, 10, -12
2531.4, 10, -12
2531.5, 10, -12
2531.6, 10, -12
2531.7, 10, -12
2531.8, 10, -12
2531.9, 10, -12
2532, 10, -12
2532.1, 10, -12
2532.2, 10, -12
2532.3, 10, -12
2532.4, 10, -12
2532.5, 10, -12
2532.6, 10, -12
2532.7, 10, -12
2532.8, 10, -12
2532.9, 10, -12
2533, 10, -12
2533.1, 10, -12
2533.2, 10, -12
2533.3, 10, -12
2533.4, 10, -12
2533.5, 10, -12
2533.6, 10, -12
2533.7, 10, -12
2533.8, 10, -12
2533.9, 10, -12
2534, 10, -12
2534.1, 10, -12
2534.2, 10, -12
2534.3, 10, -12
2534.4, 10, -12
2534.5, 10, -12
2534.6, 10, -12
2534.7, 10, -12
2534.8, 10, -12
2534.9, 11, -12
2535, 11, -12
2535.1, 11, -12
2535.2, 11, -12
2535.3, 11, -12
2535.4, 11, -12
2535.5, 11, -12
2535.6, 11, -12
2535.7, 11, -12
2535.8, 11, -12
2535.9, 11, -12
2536, 11, -12
2536.1, 11, -12
2536.2, 11, -12
2536.3, 11, -12
2536.4, 11, -12
2536.5, 11, -12
2536.6, 11, -12
2536.7, 11, -12
2536.8, 11, -12
2536.9, 11, -12
2537, 11, -12
2537.1, 11, -13
2537.2, 11, -13
2537.3, 11, -13
2537.4, 11, -13
2537.5, 11, -13
2537.6, 11, -13
2537.7, 11, -13
2537.8, 11, -13
2537.9, 11, -13
2538, 11, -13
2538.1, 11, -13
2538.2, 11, -13
2538.3, 11, -13
2538.4, 11, -13
2538.5, 11, -13
2538.6, 11, -13
2538.7, 11, -13
2538.8, 11, -13
2538.9, 11, -13
2539, 11, -13
2539.1, 11, -13
2539.2, 11, -13
2539.3, 11, -13
2539.4, 11, -13
2539.5, 12, -13
2539.6, 12, -13
2539.7, 12, -13
2539.8, 12, -13
2539.9, 12, -13
2540, 12, -13
2540.1, 12, -13
2540.2, 12, -13
2540.3, 12, -13
2540.4, 12, -13
2540.5, 12, -13
2540.6, 12, -13
2540.7, 12, -13
2540.8, 12, -13
2540.9, 12, -13
2541, 12, -13
2541.1, 12, -13
2541.2, 12, -13
2541.3, 12, -13
2541.4, 12, -13
2541.5, 12, -14
2541.6, 12, -14
2541.7, 12, -14
2541.8, 12, -14
2541.9, 12, -14
2542, 12, -14
2542.1, 13, -14
2542.2, 13, -14
2542.3, 14, -14
2542.4, 14, -14
2542.5, 14, -14
2542.6, 14, -14
2542.7, 14, -14
2542.8, 14, -14
2542.9, 14, -14
2543, 14, -14
2543.1, 14, -14
2543.2, 14, -14
2543.3, 14, -14
2543.4, 14, -14
2543.5, 14, -14
2543.6, 14, -14
2543.7, 14, -14
2543.8, 14, -14
2543.9, 14, -14
2544, 14, -14
2544.1, 14, -14
2544.2, 14, -14
2544.3, 14, -14
2544.4, 14, -14
2544.5, 14, -14
2544.6, 14, -14
2544.7, 14, -14
2544.8, 14, -14
2544.9, 14, -14
2545, 14, -14
2545.1, 14, -14
2545.2, 14, -14
2545.3, 14, -14
2545.4, 14, -14
2545.5, 14, -14
2545.6, 14, -14
2545.7, 14, -14
2545.8, 14, -14
2545.9, 14, -14
2546, 14, -14
2546.1, 14, -14
2546.2, 14, -14
2546.3, 14, -14
2546.4, 14, -14
2546.5, 14, -14
2546.6, 14, -14
2546.7, 13, -14
2546.8, 13, -14
2546.9, 12, -14
2547, 12, -14
2547.1, 12, -14
2547.2, 12, -14
2547.3, 12, -14
2547.4, 12, -14
2547.5, 12, -14
2547.6, 12, -14
2547.7, 12, -14
2547.8, 12, -14
2547.9, 12, -14
2548, 12, -14
2548.1, 12, -14
2548.2, 12, -14
2548.3, 12, -14
2548.4, 12, -14
2548.5, 12, -14
2548.6, 12, -14
2548.7, 12, -14
2548.8, 12, -14
2548.9, 12, -13
2549, 12, -13
2549.1, 12, -13
2549.2, 12, -13
2549.3, 11, -13
2549.4, 11, -13
2549.5, 11, -13
2549.6, 11, -13
2549.7, 11, -13
2549.8, 11, -13
2549.9, 11, -13
2550, 11, -13
2550.1, 11, -13
2550.2, 11, -13
2550.3, 11, -13
2550.4, 11, -13
2550.5, 11, -13
2550.6, 11, -13
2550.7, 11, -14
2550.8, 11, -14
2550.9, 11, -14
2551, 11, -14
2551.1, 12, -14
2551.2, 12, -14
2551.3, 12, -14
2551.4, 12, -14
2551.5, 12, -14
2551.6, 12, -14
2551.7, 12, -14
2551.8, 12, -14
2551.9, 12, -14
2552, 12, -14
2552.1, 12, -14
2552.2, 12, -14
2552.3, 12, -14
2552.4, 12, -14
2552.5, 12, -14
2552.6, 12, -14
2552.7, 12, -14
2552.8, 12, -14
2552.9, 12, -14
2553, 12, -14
2553.1, 12, -14
2553.2, 12, -14
2553.3, 12, -14
2553.4, 12, -14
2553.5, 12, -14
2553.6, 12, -14
2553.7, 12, -14
2553.8, 12, -14
2553.9, 12, -14
2554, 12, -14
2554.1, 12, -14
2554.2, 12, -14
2554.3, 12, -14
2554.4, 12, -14
2554.5, 12, -14
2554.6, 12, -14
2554.7, 12, -14
2554.8, 12, -14
2554.9, 12, -14
2555, 12, -14
2555.1, 12, -14
2555.2, 12, -14
2555.3, 12, -14
2555.4, 12, -14
2555.5, 12, -14
2555.6, 12, -14
2555.7, 12, -14
2555.8, 12, -14
2555.9, 13, -14
2556, 13, -14
2556.1, 13, -14
2556.2, 13, -14
2556.3, 13, -14
2556.4, 13, -14
2556.5, 13, -14
2556.6, 13, -14
2556.7, 13, -14
2556.8, 13, -14
2556.9, 13, -14
2557, 13, -14
2557.1, 13, -14
2557.2, 13, -14
2557.3, 13, -14
2557.4, 13, -14
2557.5, 13, -14
2557.6, 13, -14
2557.7, 13, -14
2557.8, 13, -14
2557.9, 13, -14
2558, 13, -14
2558.1, 13, -14
2558.2, 13, -14
2558.3, 13, -14
2558.4, 13, -14
2558.5, 13, -14
2558.6, 13, -14
2558.7, 13, -14
2558.8, 13, -14
2558.9, 13, -14
2559, 13, -14
2559.1, 13, -14
2559.2, 13, -14
2559.3, 12, -14
2559.4, 12, -14
2559.5, 12, -14
2559.6, 12, -14
2559.7, 12, -14
2559.8, 12, -14
2559.9, 12, -14
2560, 12, -14
2560.1, 12, -14
2560.2, 12, -14
2560.3, 12, -14
2560.4, 12, -14
2560.5, 12, -14
2560.6, 12, -14
2560.7, 12, -14
2560.8, 12, -14
2560.9, 12, -14
2561, 12, -14
2561.1, 12, -14
2561.2, 12, -14
2561.3, 12, -14
2561.4, 12, -14
2561.5, 12, -14
2561.6, 12, -14
2561.7, 12, -14
2561.8, 12, -14
2561.9, 12, -14
2562, 12, -14
2562.1, 12, -14
2562.2, 12, -14
2562.3, 12, -14
2562.4, 12, -14
2562.5, 12, -14
2562.6, 12, -14
2562.7, 12, -14
2562.8, 12, -14
2562.9, 12, -14
2563, 12, -14
2563.1, 12, -14
2563.2, 12, -14
2563.3, 12, -14
2563.4, 12, -14
2563.5, 12, -14
2563.6, 12, -14
2563.7, 12, -14
2563.8, 12, -14
2563.9, 12, -14
2564, 12, -14
2564.1, 12, -14
2564.2, 12, -14
2564.3, 12, -14
2564.4, 12, -14
2564.5, 12, -14
2564.6, 12, -14
2564.7, 12, -14
2564.8, 12, -14
2564.9, 12, -14
2565, 12, -14
2565.1, 12, -14
2565.2, 12, -14
2565.3, 12, -14
2565.4, 12, -14
2565.5, 12, -14
2565.6, 12, -14
2565.7, 12, -14
2565.8, 12, -14
2565.9, 12, -14
2566, 12, -14
2566.1, 12, -14
2566.2, 12, -14
2566.3, 12, -14
2566.4, 12, -14
2566.5, 12, -14
2566.6, 12, -14
2566.7, 12, -14
2566.8, 12, -14
2566.9, 12, -14
2567, 12, -14
2567.1, 12, -14
2567.2, 12, -14
2567.3, 12, -14
2567.4, 12, -14
2567.5, 12, -14
2567.6, 12, -14
2567.7, 12, -14
2567.8, 12, -14
2567.9, 12, -14
2568, 12, -14
2568.1, 13, -14
2568.2, 13, -14
2568.3, 13, -14
2568.4, 13, -14
2568.5, 13, -14
2568.6, 13, -14
2568.7, 13, -14
2568.8, 13, -14
2568.9, 13, -14
2569, 13, -14
2569.1, 13, -14
2569.2, 13, -14
2569.3, 13, -14
2569.4, 13, -14
2569.5, 13, -14
2569.6, 13, -14
2569.7, 13, -14
2569.8, 13, -14
2569.9, 13, -14
2570, 13, -14
2570.1, 13, -14
2570.2, 13, -14
2570.3, 13, -14
2570.4, 13, -14
2570.5, 13, -14
2570.6, 13, -14
2570.7, 13, -14
2570.8, 13, -14
2570.9, 13, -14
2571, 13, -14
2571.1, 13, -14
2571.2, 13, -14
2571.3, 13, -14
2571.4, 13, -14
2571.5, 13, -14
2571.6, 13, -14
2571.7, 12, -14
2571.8, 12, -14
2571.9, 12, -14
2572, 12, -14
2572.1, 12, -14
2572.2, 12, -14
2572.3, 12, -14
2572.4, 12, -14
2572.5, 12, -14
2572.6, 12, -14
2572.7, 12, -14
2572.8, 12, -14
2572.9, 12, -14
2573, 12, -14
2573.1, 12, -14
2573.2, 12, -14
2573.3, 12, -13
2573.4, 12, -13
2573.5, 12, -13
2573.6, 12, -13
2573.7, 12, -14
2573.8, 12, -14
2573.9, 12, -14
2574, 12, -14
2574.1, 12, -14
2574.2, 12, -14
2574.3, 12, -14
2574.4, 12, -14
2574.5, 12, -14
2574.6, 12, -14
2574.7, 12, -14
2574.8, 12, -14
2574.9, 12, -14
2575, 12, -14
2575.1, 12, -14
2575.2, 12, -14
2575.3, 12, -14
2575.4, 12, -14
2575.5, 12, -14
2575.6, 12, -14
2575.7, 12, -14
2575.8, 12, -14
2575.9, 12, -14
2576, 12, -14
2576.1, 12, -14
2576.2, 12, -14
2576.3, 12, -14
2576.4, 12, -14
2576.5, 12, -14
2576.6, 12, -14
2576.7, 12, -14
2576.8, 12, -14
2576.9, 12, -14
2577, 12, -14
2577.1, 12, -14
2577.2, 12, -14
2577.3, 12, -14
2577.4, 12, -14
2577.5, 12, -14
2577.6, 12, -14
2577.7, 12, -14
2577.8, 12, -14
2577.9, 12, -14
2578, 12, -14
2578.1, 12, -14
2578.2, 12, -14
2578.3, 12, -14
2578.4, 12, -14
2578.5, 12, -15
2578.6, 12, -15
2578.7, 12, -14
2578.8, 12, -14
2578.9, 12, -14
2579, 12, -14
2579.1, 12, -14
2579.2, 12, -14
2579.3, 12, -14
2579.4, 12, -14
2579.5, 12, -14
2579.6, 12, -14
2579.7, 12, -14
2579.8, 12, -14
2579.9, 12, -14
2580, 12, -14
2580.1, 12, -14
2580.2, 12, -14
2580.3, 12, -14
2580.4, 12, -14
2580.5, 12, -14
2580.6, 12, -14
2580.7, 12, -14
2580.8, 12, -14
2580.9, 12, -14
2581, 12, -14
2581.1, 12, -14
2581.2, 12, -14
2581.3, 12, -14
2581.4, 12, -14
2581.5, 12, -14
2581.6, 12, -14
2581.7, 12, -14
2581.8, 12, -14
2581.9, 12, -14
2582, 12, -14
2582.1, 12, -14
2582.2, 12, -14
2582.3, 12, -14
2582.4, 12, -14
2582.5, 12, -14
2582.6, 12, -14
2582.7, 12, -14
2582.8, 12, -14
2582.9, 12, -14
2583, 12, -14
2583.1, 12, -14
2583.2, 12, -14
2583.3, 12, -14
2583.4, 12, -14
2583.5, 12, -14
2583.6, 12, -14
2583.7, 12, -14
2583.8, 12, -14
2583.9, 12, -14
2584, 12, -14
2584.1, 11, -14
2584.2, 11, -14
2584.3, 11, -14
2584.4, 11, -14
2584.5, 11, -14
2584.6, 11, -14
2584.7, 11, -14
2584.8, 11, -14
2584.9, 11, -14
2585, 11, -14
2585.1, 11, -14
2585.2, 11, -14
2585.3, 11, -14
2585.4, 11, -14
2585.5, 11, -14
2585.6, 11, -14
2585.7, 11, -14
2585.8, 11, -14
2585.9, 11, -14
2586, 11, -14
2586.1, 10, -14
2586.2, 10, -14
2586.3, 10, -14
2586.4, 10, -14
2586.5, 10, -14
2586.6, 10, -14
2586.7, 10, -14
2586.8, 10, -14
2586.9, 10, -14
2587, 10, -14
2587.1, 10, -14
2587.2, 10, -14
2587.3, 10, -14
2587.4, 10, -14
2587.5, 10, -14
2587.6, 10, -14
2587.7, 9, -14
2587.8, 9, -14
2587.9, 9, -14
2588, 9, -14
2588.1, 9, -14
2588.2, 9, -14
2588.3, 9, -14
2588.4, 9, -14
2588.5, 9, -14
2588.6, 9, -14
2588.7, 9, -14
2588.8, 9, -14
2588.9, 9, -14
2589, 9, -14
2589.1, 9, -14
2589.2, 9, -14
2589.3, 9, -14
2589.4, 9, -14
2589.5, 9, -14
2589.6, 9, -14
2589.7, 9, -14
2589.8, 9, -14
2589.9, 9, -14
2590, 9, -14
2590.1, 9, -14
2590.2, 9, -14
2590.3, 9, -14
2590.4, 9, -14
2590.5, 8, -14
2590.6, 8, -14
2590.7, 8, -14
2590.8, 8, -14
2590.9, 8, -14
2591, 8, -14
2591.1, 8, -15
2591.2, 8, -15
2591.3, 8, -15
2591.4, 8, -15
2591.5, 8, -15
2591.6, 8, -15
2591.7, 8, -14
2591.8, 8, -14
2591.9, 8, -14
2592, 8, -14
2592.1, 8, -14
2592.2, 8, -14
2592.3, 8, -14
2592.4, 8, -14
2592.5, 8, -14
2592.6, 8, -14
2592.7, 8, -14
2592.8, 8, -14
2592.9, 8, -14
2593, 8, -14
2593.1, 8, -14
2593.2, 8, -14
2593.3, 8, -14
2593.4, 8, -14
2593.5, 8, -14
2593.6, 8, -14
2593.7, 8, -14
2593.8, 8, -14
2593.9, 8, -14
2594, 8, -14
2594.1, 9, -14
2594.2, 9, -14
2594.3, 9, -14
2594.4, 9, -14
2594.5, 9, -14
2594.6, 9, -14
2594.7, 9, -14
2594.8, 9, -14
2594.9, 9, -14
2595, 9, -14
2595.1, 9, -14
2595.2, 9, -14
2595.3, 8, -14
2595.4, 8, -14
2595.5, 8, -14
2595.6, 8, -14
2595.7, 8, -14
2595.8, 8, -14
2595.9, 8, -14
2596, 8, -14
2596.1, 8, -14
2596.2, 8, -14
2596.3, 8, -14
2596.4, 8, -14
2596.5, 8, -14
2596.6, 8, -14
2596.7, 8, -14
2596.8, 8, -14
2596.9, 8, -14
2597, 8, -14
2597.1, 8, -14
2597.2, 8, -14
2597.3, 7, -14
2597.4, 7, -14
2597.5, 7, -13
2597.6, 7, -13
2597.7, 7, -13
2597.8, 7, -13
2597.9, 7, -12
2598, 7, -12
2598.1, 7, -12
2598.2, 7, -12
2598.3, 7, -12
2598.4, 7, -12
2598.5, 7, -12
2598.6, 7, -12
2598.7, 7, -12
2598.8, 7, -12
2598.9, 7, -12
2599, 7, -12
2599.1, 7, -12
2599.2, 7, -12
2599.3, 7, -12
2599.4, 7, -12
2599.5, 7, -12
2599.6, 7, -12
2599.7, 7, -12
2599.8, 7, -12
2599.9, 7, -12
2600, 7, -12
2600.1, 7, -12
2600.2, 7, -12
2600.3, 7, -12
2600.4, 7, -12
2600.5, 7, -12
2600.6, 7, -12
2600.7, 7, -12
2600.8, 7, -12
2600.9, 7, -12
2601, 7, -12
2601.1, 7, -12
2601.2, 7, -12
2601.3, 7, -12
2601.4, 7, -12
2601.5, 7, -13
2601.6, 7, -13
2601.7, 7, -13
2601.8, 7, -13
2601.9, 7, -13
2602, 7, -13
2602.1, 7, -13
2602.2, 7, -13
2602.3, 7, -13
2602.4, 7, -13
2602.5, 7, -13
2602.6, 7, -13
2602.7, 7, -13
2602.8, 7, -13
2602.9, 7, -13
2603, 7, -13
2603.1, 7, -13
2603.2, 7, -13
2603.3, 7, -12
2603.4, 7, -12
2603.5, 7, -12
2603.6, 7, -12
2603.7, 7, -12
2603.8, 7, -12
2603.9, 7, -12
2604, 7, -12
2604.1, 6, -12
2604.2, 6, -12
2604.3, 6, -12
2604.4, 6, -12
2604.5, 6, -12
2604.6, 6, -12
2604.7, 5, -12
2604.8, 5, -12
2604.9, 5, -12
2605, 5, -12
2605.1, 5, -12
2605.2, 5, -12
2605.3, 5, -12
2605.4, 5, -12
2605.5, 5, -13
2605.6, 5, -13
2605.7, 5, -13
2605.8, 5, -13
2605.9, 5, -13
2606, 5, -13
2606.1, 5, -13
2606.2, 5, -13
2606.3, 5, -13
2606.4, 5, -13
2606.5, 5, -13
2606.6, 5, -13
2606.7, 5, -13
2606.8, 5, -13
2606.9, 5, -13
2607, 5, -13
2607.1, 5, -13
2607.2, 5, -13
2607.3, 5, -12
2607.4, 5, -12
2607.5, 5, -12
2607.6, 5, -12
2607.7, 5, -12
2607.8, 5, -12
2607.9, 5, -12
2608, 5, -12
2608.1, 5, -12
2608.2, 5, -12
2608.3, 6, -12
2608.4, 6, -12
2608.5, 6, -12
2608.6, 6, -12
2608.7, 6, -12
2608.8, 6, -12
2608.9, 6, -12
2609, 6, -12
2609.1, 6, -12
2609.2, 6, -12
2609.3, 6, -12
2609.4, 6, -12
2609.5, 6, -12
2609.6, 6, -12
2609.7, 6, -12
2609.8, 6, -12
2609.9, 6, -12
2610, 6, -12
2610.1, 6, -12
2610.2, 6, -12
2610.3, 6, -12
2610.4, 6, -12
2610.5, 6, -12
2610.6, 6, -12
2610.7, 6, -12
2610.8, 6, -12
2610.9, 6, -12
2611, 6, -12
2611.1, 6, -12
2611.2, 6, -12
2611.3, 6, -12
2611.4, 6, -12
2611.5, 6, -12
2611.6, 6, -12
2611.7, 6, -12
2611.8, 6, -12
2611.9, 6, -12
2612, 6, -12
2612.1, 6, -12
2612.2, 6, -12
2612.3, 6, -12
2612.4, 6, -12
2612.5, 6, -12
2612.6, 6, -12
2612.7, 6, -12
2612.8, 6, -12
2612.9, 6, -12
2613, 6, -12
2613.1, 6, -12
2613.2, 6, -12
2613.3, 6, -12
2613.4, 6, -12
2613.5, 6, -12
2613.6, 6, -12
2613.7, 6, -12
2613.8, 6, -12
2613.9, 6, -12
2614, 6, -12
2614.1, 6, -12
2614.2, 6, -12
2614.3, 6, -12
2614.4, 6, -12
2614.5, 6, -12
2614.6, 6, -12
2614.7, 6, -12
2614.8, 6, -12
2614.9, 6, -12
2615, 6, -12
2615.1, 6, -12
2615.2, 6, -12
2615.3, 6, -12
2615.4, 6, -12
2615.5, 6, -12
2615.6, 6, -12
2615.7, 6, -12
2615.8, 6, -12
2615.9, 6, -12
2616, 6, -12
2616.1, 6, -12
2616.2, 6, -12
2616.3, 6, -12
2616.4, 6, -12
2616.5, 6, -12
2616.6, 6, -12
2616.7, 6, -13
2616.8, 6, -13
2616.9, 6, -13
2617, 6, -13
2617.1, 6, -13
2617.2, 6, -13
2617.3, 6, -13
2617.4, 6, -13
2617.5, 6, -13
2617.6, 6, -13
2617.7, 6, -13
2617.8, 6, -13
2617.9, 6, -13
2618, 6, -13
2618.1, 6, -13
2618.2, 6, -13
2618.3, 6, -13
2618.4, 6, -13
2618.5, 6, -13
2618.6, 6, -13
2618.7, 6, -13
2618.8, 6, -13
2618.9, 6, -13
2619, 6, -13
2619.1, 6, -13
2619.2, 6, -13
2619.3, 6, -13
2619.4, 6, -13
2619.5, 6, -13
2619.6, 6, -13
2619.7, 6, -13
2619.8, 6, -13
2619.9, 6, -13
2620, 6, -13
2620.1, 6, -13
2620.2, 6, -13
2620.3, 6, -13
2620.4, 6, -13
2620.5, 5, -13
2620.6, 5, -13
2620.7, 5, -13
2620.8, 5, -13
2620.9, 5, -13
2621, 5, -13
2621.1, 5, -13
2621.2, 5, -13
2621.3, 5, -13
2621.4, 5, -13
2621.5, 5, -13
2621.6, 5, -13
2621.7, 5, -13
2621.8, 5, -13
2621.9, 5, -13
2622, 5, -13
2622.1, 5, -13
2622.2, 5, -13
2622.3, 5, -13
2622.4, 5, -13
2622.5, 5, -14
2622.6, 5, -14
2622.7, 5, -14
2622.8, 5, -14
2622.9, 5, -14
2623, 5, -14
2623.1, 5, -13
2623.2, 5, -13
2623.3, 5, -12
2623.4, 5, -12
2623.5, 5, -12
2623.6, 5, -12
2623.7, 5, -12
2623.8, 5, -12
2623.9, 5, -11
2624, 5, -11
2624.1, 5, -10
2624.2, 5, -10
2624.3, 5, -10
2624.4, 5, -10
2624.5, 5, -10
2624.6, 5, -10
2624.7, 5, -10
2624.8, 5, -10
2624.9, 5, -10
2625, 5, -10
2625.1, 5, -10
2625.2, 5, -10
2625.3, 5, -10
2625.4, 5, -10
2625.5, 5, -10
2625.6, 5, -10
2625.7, 5, -10
2625.8, 5, -10
2625.9, 5, -10
2626, 5, -10
2626.1, 5, -9
2626.2, 5, -9
2626.3, 5, -9
2626.4, 5, -9
2626.5, 5, -9
2626.6, 5, -9
2626.7, 5, -9
2626.8, 5, -9
2626.9, 5, -9
2627, 5, -9
2627.1, 5, -9
2627.2, 5, -9
2627.3, 5, -9
2627.4, 5, -9
2627.5, 5, -9
2627.6, 5, -9
2627.7, 5, -9
2627.8, 5, -9
2627.9, 5, -9
2628, 5, -9
2628.1, 5, -10
2628.2, 5, -10
2628.3, 5, -10
2628.4, 5, -10
2628.5, 5, -10
2628.6, 5, -10
2628.7, 5, -10
2628.8, 5, -10
2628.9, 5, -10
2629, 5, -10
2629.1, 5, -10
2629.2, 5, -10
2629.3, 5, -10
2629.4, 5, -10
2629.5, 5, -10
2629.6, 5, -10
2629.7, 5, -10
2629.8, 5, -10
2629.9, 5, -10
2630, 5, -10
2630.1, 6, -10
2630.2, 6, -10
2630.3, 6, -10
2630.4, 6, -10
2630.5, 6, -10
2630.6, 6, -10
2630.7, 6, -10
2630.8, 6, -10
2630.9, 6, -10
2631, 6, -10
2631.1, 6, -10
2631.2, 6, -10
2631.3, 6, -9
2631.4, 6, -9
2631.5, 6, -9
2631.6, 6, -9
2631.7, 6, -9
2631.8, 6, -9
2631.9, 5, -9
2632, 5, -9
2632.1, 5, -9
2632.2, 5, -9
2632.3, 6, -9
2632.4, 6, -9
2632.5, 6, -9
2632.6, 6, -9
2632.7, 6, -9
2632.8, 6, -9
2632.9, 6, -9
2633, 6, -9
2633.1, 6, -9
2633.2, 6, -9
2633.3, 6, -9
2633.4, 6, -9
2633.5, 6, -9
2633.6, 6, -9
2633.7, 6, -9
2633.8, 6, -9
2633.9, 6, -9
2634, 6, -9
2634.1, 6, -9
2634.2, 6, -9
2634.3, 6, -9
2634.4, 6, -9
2634.5, 6, -9
2634.6, 6, -9
2634.7, 6, -9
2634.8, 6, -9
2634.9, 6, -9
2635, 6, -9
2635.1, 6, -9
2635.2, 6, -9
2635.3, 5, -9
2635.4, 5, -9
2635.5, 5, -9
2635.6, 5, -9
2635.7, 5, -9
2635.8, 5, -9
2635.9, 5, -9
2636, 5, -9
2636.1, 5, -9
2636.2, 5, -9
2636.3, 6, -9
2636.4, 6, -9
2636.5, 6, -9
2636.6, 6, -9
2636.7, 6, -9
2636.8, 6, -9
2636.9, 6, -9
2637, 6, -9
2637.1, 6, -9
2637.2, 6, -9
2637.3, 6, -9
2637.4, 6, -9
2637.5, 6, -9
2637.6, 6, -9
2637.7, 6, -9
2637.8, 6, -9
2637.9, 6, -9
2638, 6, -9
2638.1, 6, -9
2638.2, 6, -9
2638.3, 6, -9
2638.4, 6, -9
2638.5, 6, -9
2638.6, 6, -9
2638.7, 6, -9
2638.8, 6, -9
2638.9, 6, -9
2639, 6, -9
2639.1, 6, -9
2639.2, 6, -9
2639.3, 6, -8
2639.4, 6, -8
2639.5, 6, -8
2639.6, 6, -8
2639.7, 6, -8
2639.8, 6, -8
2639.9, 7, -8
2640, 7, -8
2640.1, 7, -8
2640.2, 7, -8
2640.3, 7, -8
2640.4, 7, -8
2640.5, 7, -8
2640.6, 7, -8
2640.7, 8, -8
2640.8, 8, -8
2640.9, 8, -8
2641, 8, -8
2641.1, 8, -8
2641.2, 8, -8
2641.3, 8, -8
2641.4, 8, -8
2641.5, 8, -8
2641.6, 8, -8
2641.7, 8, -8
2641.8, 8, -8
2641.9, 8, -8
2642, 8, -8
2642.1, 8, -8
2642.2, 8, -8
2642.3, 8, -8
2642.4, 8, -8
2642.5, 8, -8
2642.6, 8, -8
2642.7, 8, -8
2642.8, 8, -8
2642.9, 8, -8
2643, 8, -8
2643.1, 8, -8
2643.2, 8, -8
2643.3, 8, -8
2643.4, 8, -8
2643.5, 8, -8
2643.6, 8, -8
2643.7, 8, -8
2643.8, 8, -8
2643.9, 8, -8
2644, 8, -8
2644.1, 8, -8
2644.2, 8, -8
2644.3, 8, -8
2644.4, 8, -8
2644.5, 8, -8
2644.6, 8, -8
2644.7, 8, -8
2644.8, 8, -8
2644.9, 8, -8
2645, 8, -8
2645.1, 8, -8
2645.2, 8, -8
2645.3, 8, -8
2645.4, 8, -8
2645.5, 8, -8
2645.6, 8, -8
2645.7, 8, -8
2645.8, 8, -8
2645.9, 8, -8
2646, 8, -8
2646.1, 8, -8
2646.2, 8, -8
2646.3, 8, -8
2646.4, 8, -8
2646.5, 8, -8
2646.6, 8, -8
2646.7, 8, -8
2646.8, 8, -8
2646.9, 8, -8
2647, 8, -8
2647.1, 8, -8
2647.2, 8, -8
2647.3, 8, -8
2647.4, 8, -8
2647.5, 8, -8
2647.6, 8, -8
2647.7, 8, -8
2647.8, 8, -8
2647.9, 8, -8
2648, 8, -8
2648.1, 8, -8
2648.2, 8, -8
2648.3, 8, -8
2648.4, 8, -8
2648.5, 8, -8
2648.6, 8, -8
2648.7, 8, -8
2648.8, 8, -8
2648.9, 8, -8
2649, 8, -8
2649.1, 8, -8
2649.2, 8, -8
2649.3, 8, -8
2649.4, 8, -8
2649.5, 8, -8
2649.6, 8, -8
2649.7, 8, -8
2649.8, 8, -8
2649.9, 8, -7
2650, 8, -7
2650.1, 8, -7
2650.2, 8, -7
2650.3, 8, -7
2650.4, 8, -7
2650.5, 8, -7
2650.6, 8, -7
2650.7, 8, -7
2650.8, 8, -7
2650.9, 8, -7
2651, 8, -7
2651.1, 8, -7
2651.2, 8, -7
2651.3, 9, -7
2651.4, 9, -7
2651.5, 9, -7
2651.6, 9, -7
2651.7, 9, -7
2651.8, 9, -7
2651.9, 9, -7
2652, 9, -7
2652.1, 9, -7
2652.2, 9, -7
2652.3, 10, -7
2652.4, 10, -7
2652.5, 10, -7
2652.6, 10, -7
2652.7, 10, -7
2652.8, 10, -7
2652.9, 9, -7
2653, 9, -7
2653.1, 9, -7
2653.2, 9, -7
2653.3, 9, -7
2653.4, 9, -7
2653.5, 9, -7
2653.6, 9, -7
2653.7, 9, -7
2653.8, 9, -7
2653.9, 8, -7
2654, 8, -7
2654.1, 8, -7
2654.2, 8, -7
2654.3, 8, -7
2654.4, 8, -7
2654.5, 8, -7
2654.6, 8, -7
2654.7, 8, -7
2654.8, 8, -7
2654.9, 8, -7
2655, 8, -7
2655.1, 8, -7
2655.2, 8, -7
2655.3, 8, -7
2655.4, 8, -7
2655.5, 8, -7
2655.6, 8, -7
2655.7, 8, -7
2655.8, 8, -7
2655.9, 8, -7
2656, 8, -7
2656.1, 8, -7
2656.2, 8, -7
2656.3, 8, -7
2656.4, 8, -7
2656.5, 8, -7
2656.6, 8, -7
2656.7, 8, -8
2656.8, 8, -8
2656.9, 8, -8
2657, 8, -8
2657.1, 8, -8
2657.2, 8, -8
2657.3, 7, -8
2657.4, 7, -8
2657.5, 7, -8
2657.6, 7, -8
2657.7, 7, -8
2657.8, 7, -8
2657.9, 7, -8
2658, 7, -8
2658.1, 8, -8
2658.2, 8, -8
2658.3, 8, -8
2658.4, 8, -8
2658.5, 8, -8
2658.6, 8, -8
2658.7, 8, -8
2658.8, 8, -8
2658.9, 8, -8
2659, 8, -8
2659.1, 8, -8
2659.2, 8, -8
2659.3, 8, -8
2659.4, 8, -8
2659.5, 8, -8
2659.6, 8, -8
2659.7, 8, -8
2659.8, 8, -8
2659.9, 8, -8
2660, 8, -8
2660.1, 9, -8
2660.2, 9, -8
2660.3, 9, -8
2660.4, 9, -8
2660.5, 9, -8
2660.6, 9, -8
2660.7, 9, -8
2660.8, 9, -8
2660.9, 9, -8
2661, 9, -8
2661.1, 9, -8
2661.2, 9, -8
2661.3, 9, -8
2661.4, 9, -8
2661.5, 9, -7
2661.6, 9, -7
2661.7, 9, -7
2661.8, 9, -7
2661.9, 9, -7
2662, 9, -7
2662.1, 9, -7
2662.2, 9, -7
2662.3, 9, -7
2662.4, 9, -7
2662.5, 9, -7
2662.6, 9, -7
2662.7, 9, -7
2662.8, 9, -7
2662.9, 9, -7
2663, 9, -7
2663.1, 9, -7
2663.2, 9, -7
2663.3, 9, -7
2663.4, 9, -7
2663.5, 9, -7
2663.6, 9, -7
2663.7, 9, -7
2663.8, 9, -7
2663.9, 9, -7
2664, 9, -7
2664.1, 9, -7
2664.2, 9, -7
2664.3, 9, -7
2664.4, 9, -7
2664.5, 9, -7
2664.6, 9, -7
2664.7, 9, -7
2664.8, 9, -7
2664.9, 9, -8
2665, 9, -8
2665.1, 9, -8
2665.2, 9, -8
2665.3, 9, -8
2665.4, 9, -8
2665.5, 9, -8
2665.6, 9, -8
2665.7, 9, -8
2665.8, 9, -8
2665.9, 9, -8
2666, 9, -8
2666.1, 9, -9
2666.2, 9, -9
2666.3, 9, -9
2666.4, 9, -9
2666.5, 9, -9
2666.6, 9, -9
2666.7, 9, -9
2666.8, 9, -9
2666.9, 9, -9
2667, 9, -9
2667.1, 9, -9
2667.2, 9, -9
2667.3, 9, -9
2667.4, 9, -9
2667.5, 9, -8
2667.6, 9, -8
2667.7, 10, -8
2667.8, 10, -8
2667.9, 10, -8
2668, 10, -8
2668.1, 10, -8
2668.2, 10, -8
2668.3, 10, -8
2668.4, 10, -8
2668.5, 10, -8
2668.6, 10, -8
2668.7, 10, -8
2668.8, 10, -8
2668.9, 10, -8
2669, 10, -8
2669.1, 10, -8
2669.2, 10, -8
2669.3, 9, -8
2669.4, 9, -8
2669.5, 9, -8
2669.6, 9, -8
2669.7, 9, -8
2669.8, 9, -8
2669.9, 9, -8
2670, 9, -8
2670.1, 9, -8
2670.2, 9, -8
2670.3, 9, -8
2670.4, 9, -8
2670.5, 9, -8
2670.6, 9, -8
2670.7, 9, -8
2670.8, 9, -8
2670.9, 9, -8
2671, 9, -8
2671.1, 9, -9
2671.2, 9, -9
2671.3, 9, -9
2671.4, 9, -9
2671.5, 9, -9
2671.6, 9, -9
2671.7, 10, -9
2671.8, 10, -9
2671.9, 10, -9
2672, 10, -9
2672.1, 10, -9
2672.2, 10, -9
2672.3, 10, -9
2672.4, 10, -9
2672.5, 10, -9
2672.6, 10, -9
2672.7, 10, -9
2672.8, 10, -9
2672.9, 10, -9
2673, 10, -9
2673.1, 10, -9
2673.2, 10, -9
2673.3, 10, -9
2673.4, 10, -9
2673.5, 10, -9
2673.6, 10, -9
2673.7, 10, -9
2673.8, 10, -9
2673.9, 10, -9
2674, 10, -9
2674.1, 10, -9
2674.2, 10, -9
2674.3, 10, -9
2674.4, 10, -9
2674.5, 10, -9
2674.6, 10, -9
2674.7, 10, -9
2674.8, 10, -9
2674.9, 10, -9
2675, 10, -9
2675.1, 10, -9
2675.2, 10, -9
2675.3, 10, -9
2675.4, 10, -9
2675.5, 10, -9
2675.6, 10, -9
2675.7, 10, -9
2675.8, 10, -9
2675.9, 10, -9
2676, 10, -9
2676.1, 10, -9
2676.2, 10, -9
2676.3, 10, -9
2676.4, 10, -9
2676.5, 10, -9
2676.6, 10, -9
2676.7, 10, -9
2676.8, 10, -9
2676.9, 10, -9
2677, 10, -9
2677.1, 10, -9
2677.2, 10, -9
2677.3, 10, -9
2677.4, 10, -9
2677.5, 10, -9
2677.6, 10, -9
2677.7, 10, -9
2677.8, 10, -9
2677.9, 10, -9
2678, 10, -9
2678.1, 10, -9
2678.2, 10, -9
2678.3, 10, -8
2678.4, 10, -8
2678.5, 10, -8
2678.6, 10, -8
2678.7, 10, -8
2678.8, 10, -8
2678.9, 10, -8
2679, 10, -8
2679.1, 10, -8
2679.2, 10, -8
2679.3, 10, -8
2679.4, 10, -8
2679.5, 10, -8
2679.6, 10, -8
2679.7, 10, -8
2679.8, 10, -8
2679.9, 10, -8
2680, 10, -8
2680.1, 10, -8
2680.2, 10, -8
2680.3, 10, -8
2680.4, 10, -8
2680.5, 10, -8
2680.6, 10, -8
2680.7, 10, -8
2680.8, 10, -8
2680.9, 10, -8
2681, 10, -8
2681.1, 10, -8
2681.2, 10, -8
2681.3, 10, -8
2681.4, 10, -8
2681.5, 10, -8
2681.6, 10, -8
2681.7, 10, -8
2681.8, 10, -8
2681.9, 10, -8
2682, 10, -8
2682.1, 10, -7
2682.2, 10, -7
2682.3, 10, -7
2682.4, 10, -7
2682.5, 10, -7
2682.6, 10, -7
2682.7, 10, -7
2682.8, 10, -7
2682.9, 10, -7
2683, 10, -7
2683.1, 10, -7
2683.2, 10, -7
2683.3, 10, -6
2683.4, 10, -6
2683.5, 10, -6
2683.6, 10, -6
2683.7, 10, -6
2683.8, 10, -6
2683.9, 10, -6
2684, 10, -6
2684.1, 11, -6
2684.2, 11, -6
2684.3, 11, -6
2684.4, 11, -6
2684.5, 11, -6
2684.6, 11, -6
2684.7, 11, -6
2684.8, 11, -6
2684.9, 11, -6
2685, 11, -6
2685.1, 11, -6
2685.2, 11, -6
2685.3, 11, -6
2685.4, 11, -6
2685.5, 11, -6
2685.6, 11, -6
2685.7, 11, -6
2685.8, 11, -6
2685.9, 11, -6
2686, 11, -6
2686.1, 11, -6
2686.2, 11, -6
2686.3, 11, -6
2686.4, 11, -6
2686.5, 11, -6
2686.6, 11, -6
2686.7, 11, -6
2686.8, 11, -6
2686.9, 11, -6
2687, 11, -6
2687.1, 11, -6
2687.2, 11, -6
2687.3, 11, -6
2687.4, 11, -6
2687.5, 11, -7
2687.6, 11, -7
2687.7, 11, -7
2687.8, 11, -7
2687.9, 11, -7
2688, 11, -7
2688.1, 11, -7
2688.2, 11, -7
2688.3, 11, -7
2688.4, 11, -7
2688.5, 11, -7
2688.6, 11, -7
2688.7, 11, -7
2688.8, 11, -7
2688.9, 11, -7
2689, 11, -7
2689.1, 11, -7
2689.2, 11, -7
2689.3, 11, -7
2689.4, 11, -7
2689.5, 11, -7
2689.6, 11, -7
2689.7, 11, -7
2689.8, 11, -7
2689.9, 11, -7
2690, 11, -7
2690.1, 11, -7
2690.2, 11, -7
2690.3, 11, -7
2690.4, 11, -7
2690.5, 11, -7
2690.6, 11, -7
2690.7, 11, -7
2690.8, 11, -7
2690.9, 11, -7
2691, 11, -7
2691.1, 11, -7
2691.2, 11, -7
2691.3, 11, -7
2691.4, 11, -7
2691.5, 11, -7
2691.6, 11, -7
2691.7, 11, -7
2691.8, 11, -7
2691.9, 10, -7
2692, 10, -7
2692.1, 10, -7
2692.2, 10, -7
2692.3, 10, -7
2692.4, 10, -7
2692.5, 10, -7
2692.6, 10, -7
2692.7, 10, -7
2692.8, 10, -7
2692.9, 10, -7
2693, 10, -7
2693.1, 10, -7
2693.2, 10, -7
2693.3, 10, -7
2693.4, 10, -7
2693.5, 10, -7
2693.6, 10, -7
2693.7, 11, -7
2693.8, 11, -7
2693.9, 11, -7
2694, 11, -7
2694.1, 11, -7
2694.2, 11, -7
2694.3, 11, -7
2694.4, 11, -7
2694.5, 11, -7
2694.6, 11, -7
2694.7, 11, -7
2694.8, 11, -7
2694.9, 11, -7
2695, 11, -7
2695.1, 11, -7
2695.2, 11, -7
2695.3, 11, -7
2695.4, 11, -7
2695.5, 11, -7
2695.6, 11, -7
2695.7, 11, -7
2695.8, 11, -7
2695.9, 11, -7
2696, 11, -7
2696.1, 11, -7
2696.2, 11, -7
2696.3, 11, -7
2696.4, 11, -7
2696.5, 11, -8
2696.6, 11, -8
2696.7, 11, -8
2696.8, 11, -8
2696.9, 11, -8
2697, 11, -8
2697.1, 11, -8
2697.2, 11, -8
2697.3, 11, -8
2697.4, 11, -8
2697.5, 11, -8
2697.6, 11, -8
2697.7, 12, -8
2697.8, 12, -8
2697.9, 12, -8
2698, 12, -8
2698.1, 12, -8
2698.2, 12, -8
2698.3, 12, -8
2698.4, 12, -8
2698.5, 12, -8
2698.6, 12, -8
2698.7, 12, -8
2698.8, 12, -8
2698.9, 12, -8
2699, 12, -8
2699.1, 12, -9
2699.2, 12, -9
2699.3, 12, -9
2699.4, 12, -9
2699.5, 12, -9
2699.6, 12, -9
2699.7, 12, -9
2699.8, 12, -9
2699.9, 12, -9
2700, 12, -9
2700.1, 12, -9
2700.2, 12, -9
2700.3, 12, -9
2700.4, 12, -9
2700.5, 12, -8
2700.6, 12, -8
2700.7, 12, -8
2700.8, 12, -8
2700.9, 12, -8
2701, 12, -8
2701.1, 12, -8
2701.2, 12, -8
2701.3, 12, -8
2701.4, 12, -8
2701.5, 12, -8
2701.6, 12, -8
2701.7, 12, -8
2701.8, 12, -8
2701.9, 12, -8
2702, 12, -8
2702.1, 12, -8
2702.2, 12, -8
2702.3, 12, -7
2702.4, 12, -7
2702.5, 12, -8
2702.6, 12, -8
2702.7, 12, -8
2702.8, 12, -8
2702.9, 12, -8
2703, 12, -8
2703.1, 12, -8
2703.2, 12, -8
2703.3, 12, -8
2703.4, 12, -8
2703.5, 12, -8
2703.6, 12, -8
2703.7, 12, -8
2703.8, 12, -8
2703.9, 12, -8
2704, 12, -8
2704.1, 12, -8
2704.2, 12, -8
2704.3, 12, -8
2704.4, 12, -8
2704.5, 12, -8
2704.6, 12, -8
2704.7, 12, -8
2704.8, 12, -8
2704.9, 12, -8
2705, 12, -8
2705.1, 12, -8
2705.2, 12, -8
2705.3, 12, -8
2705.4, 12, -8
2705.5, 12, -8
2705.6, 12, -8
2705.7, 12, -8
2705.8, 12, -8
2705.9, 12, -8
2706, 12, -8
2706.1, 12, -8
2706.2, 12, -8
2706.3, 12, -8
2706.4, 12, -8
2706.5, 12, -8
2706.6, 12, -8
2706.7, 12, -8
2706.8, 12, -8
2706.9, 12, -9
2707, 12, -9
2707.1, 12, -9
2707.2, 12, -9
2707.3, 12, -9
2707.4, 12, -9
2707.5, 12, -9
2707.6, 12, -9
2707.7, 12, -9
2707.8, 12, -9
2707.9, 12, -9
2708, 12, -9
2708.1, 12, -9
2708.2, 12, -9
2708.3, 12, -9
2708.4, 12, -9
2708.5, 12, -9
2708.6, 12, -9
2708.7, 12, -9
2708.8, 12, -9
2708.9, 12, -9
2709, 12, -9
2709.1, 12, -9
2709.2, 12, -9
2709.3, 12, -9
2709.4, 12, -9
2709.5, 12, -9
2709.6, 12, -9
2709.7, 12, -9
2709.8, 12, -9
2709.9, 12, -9
2710, 12, -9
2710.1, 12, -9
2710.2, 12, -9
2710.3, 12, -9
2710.4, 12, -9
2710.5, 12, -9
2710.6, 12, -9
2710.7, 12, -9
2710.8, 12, -9
2710.9, 12, -9
2711, 12, -9
2711.1, 12, -9
2711.2, 12, -9
2711.3, 11, -9
2711.4, 11, -9
2711.5, 11, -9
2711.6, 11, -9
2711.7, 11, -9
2711.8, 11, -9
2711.9, 11, -9
2712, 11, -9
2712.1, 11, -9
2712.2, 11, -9
2712.3, 11, -9
2712.4, 11, -9
2712.5, 11, -9
2712.6, 11, -9
2712.7, 11, -9
2712.8, 11, -9
2712.9, 11, -9
2713, 11, -9
2713.1, 11, -9
2713.2, 11, -9
2713.3, 11, -9
2713.4, 11, -9
2713.5, 11, -9
2713.6, 11, -9
2713.7, 11, -9
2713.8, 11, -9
2713.9, 11, -9
2714, 11, -9
2714.1, 11, -9
2714.2, 11, -9
2714.3, 11, -9
2714.4, 11, -9
2714.5, 11, -9
2714.6, 11, -9
2714.7, 11, -9
2714.8, 11, -9
2714.9, 11, -9
2715, 11, -9
2715.1, 11, -9
2715.2, 11, -9
2715.3, 11, -9
2715.4, 11, -9
2715.5, 11, -9
2715.6, 11, -9
2715.7, 11, -9
2715.8, 11, -9
2715.9, 11, -9
2716, 11, -9
2716.1, 11, -10
2716.2, 11, -10
2716.3, 11, -10
2716.4, 11, -10
2716.5, 11, -10
2716.6, 11, -10
2716.7, 11, -10
2716.8, 11, -10
2716.9, 10, -10
2717, 10, -10
2717.1, 10, -10
2717.2, 10, -10
2717.3, 10, -10
2717.4, 10, -10
2717.5, 10, -10
2717.6, 10, -10
2717.7, 10, -10
2717.8, 10, -10
2717.9, 10, -10
2718, 10, -10
2718.1, 10, -10
2718.2, 10, -10
2718.3, 10, -10
2718.4, 10, -10
2718.5, 10, -10
2718.6, 10, -10
2718.7, 10, -10
2718.8, 10, -10
2718.9, 10, -10
2719, 10, -10
2719.1, 10, -10
2719.2, 10, -10
2719.3, 10, -10
2719.4, 10, -10
2719.5, 10, -10
2719.6, 10, -10
2719.7, 10, -10
2719.8, 10, -10
2719.9, 10, -10
2720, 10, -10
2720.1, 10, -10
2720.2, 10, -10
2720.3, 10, -10
2720.4, 10, -10
2720.5, 10, -9
2720.6, 10, -9
2720.7, 10, -9
2720.8, 10, -9
2720.9, 10, -9
2721, 10, -9
2721.1, 10, -9
2721.2, 10, -9
2721.3, 10, -9
2721.4, 10, -9
2721.5, 10, -9
2721.6, 10, -9
2721.7, 9, -9
2721.8, 9, -9
2721.9, 8, -9
2722, 8, -9
2722.1, 8, -9
2722.2, 8, -9
2722.3, 8, -9
2722.4, 8, -9
2722.5, 8, -9
2722.6, 8, -9
2722.7, 8, -9
2722.8, 8, -9
2722.9, 8, -9
2723, 8, -9
2723.1, 7, -9
2723.2, 7, -9
2723.3, 7, -9
2723.4, 7, -9
2723.5, 7, -9
2723.6, 7, -9
2723.7, 7, -9
2723.8, 7, -9
2723.9, 7, -9
2724, 7, -9
2724.1, 7, -9
2724.2, 7, -9
2724.3, 7, -9
2724.4, 7, -9
2724.5, 7, -9
2724.6, 7, -9
2724.7, 7, -9
2724.8, 7, -9
2724.9, 7, -9
2725, 7, -9
2725.1, 7, -9
2725.2, 7, -9
2725.3, 7, -9
2725.4, 7, -9
2725.5, 7, -9
2725.6, 7, -9
2725.7, 7, -9
2725.8, 7, -9
2725.9, 8, -9
2726, 8, -9
2726.1, 8, -9
2726.2, 8, -9
2726.3, 8, -9
2726.4, 8, -9
2726.5, 8, -9
2726.6, 8, -9
2726.7, 8, -9
2726.8, 8, -9
2726.9, 7, -9
2727, 7, -9
2727.1, 7, -9
2727.2, 7, -9
2727.3, 7, -9
2727.4, 7, -9
2727.5, 7, -9
2727.6, 7, -9
2727.7, 7, -9
2727.8, 7, -9
2727.9, 7, -9
2728, 7, -9
2728.1, 7, -9
2728.2, 7, -9
2728.3, 7, -9
2728.4, 7, -9
2728.5, 7, -9
2728.6, 7, -9
2728.7, 7, -9
2728.8, 7, -9
2728.9, 7, -9
2729, 7, -9
2729.1, 7, -9
2729.2, 7, -9
2729.3, 7, -9
2729.4, 7, -9
2729.5, 7, -9
2729.6, 7, -9
2729.7, 7, -9
2729.8, 7, -9
2729.9, 7, -9
2730, 7, -9
2730.1, 7, -9
2730.2, 7, -9
2730.3, 7, -9
2730.4, 7, -9
2730.5, 7, -9
2730.6, 7, -9
2730.7, 7, -9
2730.8, 7, -9
2730.9, 7, -9
2731, 7, -9
2731.1, 7, -9
2731.2, 7, -9
2731.3, 7, -9
2731.4, 7, -9
2731.5, 7, -10
2731.6, 7, -10
2731.7, 7, -10
2731.8, 7, -10
2731.9, 7, -10
2732, 7, -10
2732.1, 7, -10
2732.2, 7, -10
2732.3, 7, -10
2732.4, 7, -10
2732.5, 7, -9
2732.6, 7, -9
2732.7, 7, -9
2732.8, 7, -9
2732.9, 7, -9
2733, 7, -9
2733.1, 7, -9
2733.2, 7, -9
2733.3, 7, -9
2733.4, 7, -9
2733.5, 7, -9
2733.6, 7, -9
2733.7, 7, -9
2733.8, 7, -9
2733.9, 7, -8
2734, 7, -8
2734.1, 7, -8
2734.2, 7, -8
2734.3, 7, -8
2734.4, 7, -8
2734.5, 7, -8
2734.6, 7, -8
2734.7, 7, -9
2734.8, 7, -9
2734.9, 7, -9
2735, 7, -9
2735.1, 7, -9
2735.2, 7, -9
2735.3, 7, -9
2735.4, 7, -9
2735.5, 7, -9
2735.6, 7, -9
2735.7, 7, -9
2735.8, 7, -9
2735.9, 7, -9
2736, 7, -9
2736.1, 7, -9
2736.2, 7, -9
2736.3, 7, -9
2736.4, 7, -9
2736.5, 7, -9
2736.6, 7, -9
2736.7, 7, -9
2736.8, 7, -9
2736.9, 7, -9
2737, 7, -9
2737.1, 7, -9
2737.2, 7, -9
2737.3, 7, -9
2737.4, 7, -9
2737.5, 7, -9
2737.6, 7, -9
2737.7, 7, -9
2737.8, 7, -9
2737.9, 7, -9
2738, 7, -9
2738.1, 7, -9
2738.2, 7, -9
2738.3, 7, -9
2738.4, 7, -9
2738.5, 7, -9
2738.6, 7, -9
2738.7, 7, -9
2738.8, 7, -9
2738.9, 7, -9
2739, 7, -9
2739.1, 7, -9
2739.2, 7, -9
2739.3, 8, -9
2739.4, 8, -9
2739.5, 8, -9
2739.6, 8, -9
2739.7, 8, -9
2739.8, 8, -9
2739.9, 7, -9
2740, 7, -9
2740.1, 7, -9
2740.2, 7, -9
2740.3, 7, -9
2740.4, 7, -9
2740.5, 7, -9
2740.6, 7, -9
2740.7, 7, -9
2740.8, 7, -9
2740.9, 7, -9
2741, 7, -9
2741.1, 7, -9
2741.2, 7, -9
2741.3, 7, -9
2741.4, 7, -9
2741.5, 7, -9
2741.6, 7, -9
2741.7, 7, -9
2741.8, 7, -9
2741.9, 7, -9
2742, 7, -9
2742.1, 7, -9
2742.2, 7, -9
2742.3, 7, -9
2742.4, 7, -9
2742.5, 7, -9
2742.6, 7, -9
2742.7, 7, -9
2742.8, 7, -9
2742.9, 7, -9
2743, 7, -9
2743.1, 7, -9
2743.2, 7, -9
2743.3, 6, -9
2743.4, 6, -9
2743.5, 6, -9
2743.6, 6, -9
2743.7, 6, -9
2743.8, 6, -9
2743.9, 5, -9
2744, 5, -9
2744.1, 5, -9
2744.2, 5, -9
2744.3, 5, -9
2744.4, 5, -9
2744.5, 4, -9
2744.6, 4, -9
2744.7, 5, -9
2744.8, 5, -9
2744.9, 5, -8
2745, 5, -8
2745.1, 5, -8
2745.2, 5, -8
2745.3, 5, -8
2745.4, 5, -8
2745.5, 5, -8
2745.6, 5, -8
2745.7, 5, -9
2745.8, 5, -9
2745.9, 5, -9
2746, 5, -9
2746.1, 5, -9
2746.2, 5, -9
2746.3, 5, -9
2746.4, 5, -9
2746.5, 5, -9
2746.6, 5, -9
2746.7, 5, -9
2746.8, 5, -9
2746.9, 5, -9
2747, 5, -9
2747.1, 5, -9
2747.2, 5, -9
2747.3, 5, -9
2747.4, 5, -9
2747.5, 5, -9
2747.6, 5, -9
2747.7, 5, -9
2747.8, 5, -9
2747.9, 4, -9
2748, 4, -9
2748.1, 4, -9
2748.2, 4, -9
2748.3, 4, -9
2748.4, 4, -9
2748.5, 4, -9
2748.6, 4, -9
2748.7, 4, -9
2748.8, 4, -9
2748.9, 4, -9
2749, 4, -9
2749.1, 4, -9
2749.2, 4, -9
2749.3, 4, -9
2749.4, 4, -9
2749.5, 4, -9
2749.6, 4, -9
2749.7, 4, -9
2749.8, 4, -9
2749.9, 4, -9
2750, 4, -9
2750.1, 4, -9
2750.2, 4, -9
2750.3, 4, -9
2750.4, 4, -9
2750.5, 4, -9
2750.6, 4, -9
2750.7, 4, -9
2750.8, 4, -9
2750.9, 4, -9
2751, 4, -9
2751.1, 4, -9
2751.2, 4, -9
2751.3, 4, -9
2751.4, 4, -9
2751.5, 4, -9
2751.6, 4, -9
2751.7, 4, -9
2751.8, 4, -9
2751.9, 4, -9
2752, 4, -9
2752.1, 4, -9
2752.2, 4, -9
2752.3, 4, -9
2752.4, 4, -9
2752.5, 4, -9
2752.6, 4, -9
2752.7, 4, -10
2752.8, 4, -10
2752.9, 4, -10
2753, 4, -10
2753.1, 4, -10
2753.2, 4, -10
2753.3, 4, -10
2753.4, 4, -10
2753.5, 4, -10
2753.6, 4, -10
2753.7, 4, -10
2753.8, 4, -10
2753.9, 4, -10
2754, 4, -10
2754.1, 4, -10
2754.2, 4, -10
2754.3, 4, -10
2754.4, 4, -10
2754.5, 4, -9
2754.6, 4, -9
2754.7, 4, -9
2754.8, 4, -9
2754.9, 4, -9
2755, 4, -9
2755.1, 4, -9
2755.2, 4, -9
2755.3, 4, -9
2755.4, 4, -9
2755.5, 4, -9
2755.6, 4, -9
2755.7, 5, -9
2755.8, 5, -9
2755.9, 5, -9
2756, 5, -9
2756.1, 5, -9
2756.2, 5, -9
2756.3, 5, -9
2756.4, 5, -9
2756.5, 5, -9
2756.6, 5, -9
2756.7, 5, -9
2756.8, 5, -9
2756.9, 5, -9
2757, 5, -9
2757.1, 5, -9
2757.2, 5, -9
2757.3, 5, -9
2757.4, 5, -9
2757.5, 5, -9
2757.6, 5, -9
2757.7, 6, -9
2757.8, 6, -9
2757.9, 6, -9
2758, 6, -9
2758.1, 6, -9
2758.2, 6, -9
2758.3, 6, -9
2758.4, 6, -9
2758.5, 6, -9
2758.6, 6, -9
2758.7, 6, -9
2758.8, 6, -9
2758.9, 6, -8
2759, 6, -8
2759.1, 6, -8
2759.2, 6, -8
2759.3, 6, -8
2759.4, 6, -8
2759.5, 6, -9
2759.6, 6, -9
2759.7, 6, -9
2759.8, 6, -9
2759.9, 6, -9
2760, 6, -9
2760.1, 6, -9
2760.2, 6, -9
2760.3, 6, -9
2760.4, 6, -9
2760.5, 6, -9
2760.6, 6, -9
2760.7, 6, -9
2760.8, 6, -9
2760.9, 6, -9
2761, 6, -9
2761.1, 6, -9
2761.2, 6, -9
2761.3, 6, -10
2761.4, 6, -10
2761.5, 6, -10
2761.6, 6, -10
2761.7, 6, -10
2761.8, 6, -10
2761.9, 6, -10
2762, 6, -10
2762.1, 6, -10
2762.2, 6, -10
2762.3, 6, -10
2762.4, 6, -10
2762.5, 6, -10
2762.6, 6, -10
2762.7, 6, -10
2762.8, 6, -10
2762.9, 6, -10
2763, 6, -10
2763.1, 6, -10
2763.2, 6, -10
2763.3, 6, -10
2763.4, 6, -10
2763.5, 6, -10
2763.6, 6, -10
2763.7, 6, -10
2763.8, 6, -10
2763.9, 6, -10
2764, 6, -10
2764.1, 6, -10
2764.2, 6, -10
2764.3, 6, -10
2764.4, 6, -10
2764.5, 6, -10
2764.6, 6, -10
2764.7, 6, -10
2764.8, 6, -10
2764.9, 6, -10
2765, 6, -10
2765.1, 6, -10
2765.2, 6, -10
2765.3, 6, -10
2765.4, 6, -10
2765.5, 6, -10
2765.6, 6, -10
2765.7, 6, -10
2765.8, 6, -10
2765.9, 6, -10
2766, 6, -10
2766.1, 6, -10
2766.2, 6, -10
2766.3, 6, -10
2766.4, 6, -10
2766.5, 6, -10
2766.6, 6, -10
2766.7, 6, -10
2766.8, 6, -10
2766.9, 6, -10
2767, 6, -10
2767.1, 6, -10
2767.2, 6, -10
2767.3, 6, -10
2767.4, 6, -10
2767.5, 6, -10
2767.6, 6, -10
2767.7, 6, -10
2767.8, 6, -10
2767.9, 6, -10
2768, 6, -10
2768.1, 5, -10
2768.2, 5, -10
2768.3, 5, -10
2768.4, 5, -10
2768.5, 5, -10
2768.6, 5, -10
2768.7, 5, -10
2768.8, 5, -10
2768.9, 5, -10
2769, 5, -10
2769.1, 5, -10
2769.2, 5, -10
2769.3, 5, -10
2769.4, 5, -10
2769.5, 5, -10
2769.6, 5, -10
2769.7, 5, -10
2769.8, 5, -10
2769.9, 5, -10
2770, 5, -10
2770.1, 5, -10
2770.2, 5, -10
2770.3, 5, -10
2770.4, 5, -10
2770.5, 5, -10
2770.6, 5, -10
2770.7, 5, -10
2770.8, 5, -10
2770.9, 5, -10
2771, 5, -10
2771.1, 5, -10
2771.2, 5, -10
2771.3, 5, -10
2771.4, 5, -10
2771.5, 6, -10
2771.6, 6, -10
2771.7, 6, -10
2771.8, 6, -10
2771.9, 6, -10
2772, 6, -10
2772.1, 6, -10
2772.2, 6, -10
2772.3, 6, -10
2772.4, 6, -10
2772.5, 6, -10
2772.6, 6, -10
2772.7, 6, -10
2772.8, 6, -10
2772.9, 6, -10
2773, 6, -10
2773.1, 6, -10
2773.2, 6, -10
2773.3, 6, -9
2773.4, 6, -9
2773.5, 6, -9
2773.6, 6, -9
2773.7, 6, -9
2773.8, 6, -9
2773.9, 6, -9
2774, 6, -9
2774.1, 7, -9
2774.2, 7, -9
2774.3, 7, -9
2774.4, 7, -9
2774.5, 7, -9
2774.6, 7, -9
2774.7, 7, -9
2774.8, 7, -9
2774.9, 7, -9
2775, 7, -9
2775.1, 7, -9
2775.2, 7, -9
2775.3, 7, -9
2775.4, 7, -9
2775.5, 7, -9
2775.6, 7, -9
2775.7, 7, -10
2775.8, 7, -10
2775.9, 7, -11
2776, 7, -11
2776.1, 7, -11
2776.2, 7, -11
2776.3, 7, -11
2776.4, 7, -11
2776.5, 7, -11
2776.6, 7, -11
2776.7, 7, -11
2776.8, 7, -11
2776.9, 7, -11
2777, 7, -11
2777.1, 7, -11
2777.2, 7, -11
2777.3, 7, -11
2777.4, 7, -11
2777.5, 7, -11
2777.6, 7, -11
2777.7, 7, -11
2777.8, 7, -11
2777.9, 7, -11
2778, 7, -11
2778.1, 7, -11
2778.2, 7, -11
2778.3, 7, -11
2778.4, 7, -11
2778.5, 7, -11
2778.6, 7, -11
2778.7, 7, -11
2778.8, 7, -11
2778.9, 7, -11
2779, 7, -11
2779.1, 7, -11
2779.2, 7, -11
2779.3, 7, -11
2779.4, 7, -11
2779.5, 7, -11
2779.6, 7, -11
2779.7, 7, -11
2779.8, 7, -11
2779.9, 7, -11
2780, 7, -11
2780.1, 7, -11
2780.2, 7, -11
2780.3, 7, -11
2780.4, 7, -11
2780.5, 7, -11
2780.6, 7, -11
2780.7, 7, -11
2780.8, 7, -11
2780.9, 7, -11
2781, 7, -11
2781.1, 7, -11
2781.2, 7, -11
2781.3, 7, -11
2781.4, 7, -11
2781.5, 7, -11
2781.6, 7, -11
2781.7, 7, -11
2781.8, 7, -11
2781.9, 7, -11
2782, 7, -11
2782.1, 7, -11
2782.2, 7, -11
2782.3, 7, -11
2782.4, 7, -11
2782.5, 7, -11
2782.6, 7, -11
2782.7, 7, -11
2782.8, 7, -11
2782.9, 7, -11
2783, 7, -11
2783.1, 7, -11
2783.2, 7, -11
2783.3, 7, -11
2783.4, 7, -11
2783.5, 7, -11
2783.6, 7, -11
2783.7, 7, -11
2783.8, 7, -11
2783.9, 7, -11
2784, 7, -11
2784.1, 7, -11
2784.2, 7, -11
2784.3, 7, -11
2784.4, 7, -11
2784.5, 7, -11
2784.6, 7, -11
2784.7, 7, -11
2784.8, 7, -11
2784.9, 7, -11
2785, 7, -11
2785.1, 7, -10
2785.2, 7, -10
2785.3, 7, -10
2785.4, 7, -10
2785.5, 7, -10
2785.6, 7, -10
2785.7, 7, -10
2785.8, 7, -10
2785.9, 7, -10
2786, 7, -10
2786.1, 7, -10
2786.2, 7, -10
2786.3, 7, -10
2786.4, 7, -10
2786.5, 7, -10
2786.6, 7, -10
2786.7, 7, -10
2786.8, 7, -10
2786.9, 7, -10
2787, 7, -10
2787.1, 7, -10
2787.2, 7, -10
2787.3, 7, -10
2787.4, 7, -10
2787.5, 7, -10
2787.6, 7, -10
2787.7, 7, -10
2787.8, 7, -10
2787.9, 8, -10
2788, 8, -10
2788.1, 8, -10
2788.2, 8, -10
2788.3, 8, -10
2788.4, 8, -10
2788.5, 8, -10
2788.6, 8, -10
2788.7, 8, -10
2788.8, 8, -10
2788.9, 8, -10
2789, 8, -10
2789.1, 8, -10
2789.2, 8, -10
2789.3, 8, -10
2789.4, 8, -10
2789.5, 8, -10
2789.6, 8, -10
2789.7, 8, -9
2789.8, 8, -9
2789.9, 8, -9
2790, 8, -9
2790.1, 8, -9
2790.2, 8, -9
2790.3, 8, -9
2790.4, 8, -9
2790.5, 8, -9
2790.6, 8, -9
2790.7, 8, -9
2790.8, 8, -9
2790.9, 8, -9
2791, 8, -9
2791.1, 8, -9
2791.2, 8, -9
2791.3, 8, -9
2791.4, 8, -9
2791.5, 8, -9
2791.6, 8, -9
2791.7, 8, -9
2791.8, 8, -9
2791.9, 8, -9
2792, 8, -9
2792.1, 8, -9
2792.2, 8, -9
2792.3, 8, -9
2792.4, 8, -9
2792.5, 8, -9
2792.6, 8, -9
2792.7, 8, -9
2792.8, 8, -9
2792.9, 8, -9
2793, 8, -9
2793.1, 8, -10
2793.2, 8, -10
2793.3, 8, -10
2793.4, 8, -10
2793.5, 9, -10
2793.6, 9, -10
2793.7, 9, -10
2793.8, 9, -10
2793.9, 9, -10
2794, 9, -10
2794.1, 9, -10
2794.2, 9, -10
2794.3, 9, -10
2794.4, 9, -10
2794.5, 9, -10
2794.6, 9, -10
2794.7, 9, -10
2794.8, 9, -10
2794.9, 9, -10
2795, 9, -10
2795.1, 9, -10
2795.2, 9, -10
2795.3, 9, -10
2795.4, 9, -10
2795.5, 9, -10
2795.6, 9, -10
2795.7, 9, -10
2795.8, 9, -10
2795.9, 9, -10
2796, 9, -10
2796.1, 9, -10
2796.2, 9, -10
2796.3, 9, -10
2796.4, 9, -10
2796.5, 9, -10
2796.6, 9, -10
2796.7, 9, -9
2796.8, 9, -9
2796.9, 9, -9
2797, 9, -9
2797.1, 9, -9
2797.2, 9, -9
2797.3, 9, -9
2797.4, 9, -9
2797.5, 9, -9
2797.6, 9, -9
2797.7, 9, -9
2797.8, 9, -9
2797.9, 9, -9
2798, 9, -9
2798.1, 9, -9
2798.2, 9, -9
2798.3, 9, -9
2798.4, 9, -9
2798.5, 9, -8
2798.6, 9, -8
2798.7, 10, -8
2798.8, 10, -8
2798.9, 10, -8
2799, 10, -8
2799.1, 10, -8
2799.2, 10, -8
2799.3, 10, -7
2799.4, 10, -7
2799.5, 10, -7
2799.6, 10, -7
2799.7, 10, -7
2799.8, 10, -7
2799.9, 10, -8
2800, 10, -8
2800.1, 10, -8
2800.2, 10, -8
2800.3, 10, -8
2800.4, 10, -8
2800.5, 10, -8
2800.6, 10, -8
2800.7, 10, -8
2800.8, 10, -8
2800.9, 10, -8
2801, 10, -8
2801.1, 10, -8
2801.2, 10, -8
2801.3, 10, -8
2801.4, 10, -8
2801.5, 10, -8
2801.6, 10, -8
2801.7, 10, -8
2801.8, 10, -8
2801.9, 10, -8
2802, 10, -8
2802.1, 10, -8
2802.2, 10, -8
2802.3, 10, -8
2802.4, 10, -8
2802.5, 10, -8
2802.6, 10, -8
2802.7, 10, -8
2802.8, 10, -8
2802.9, 10, -8
2803, 10, -8
2803.1, 10, -8
2803.2, 10, -8
2803.3, 10, -8
2803.4, 10, -8
2803.5, 10, -8
2803.6, 10, -8
2803.7, 10, -8
2803.8, 10, -8
2803.9, 10, -8
2804, 10, -8
2804.1, 10, -8
2804.2, 10, -8
2804.3, 10, -8
2804.4, 10, -8
2804.5, 10, -8
2804.6, 10, -8
2804.7, 10, -8
2804.8, 10, -8
2804.9, 10, -8
2805, 10, -8
2805.1, 10, -8
2805.2, 10, -8
2805.3, 10, -8
2805.4, 10, -8
2805.5, 10, -8
2805.6, 10, -8
2805.7, 10, -8
2805.8, 10, -8
2805.9, 10, -8
2806, 10, -8
2806.1, 10, -8
2806.2, 10, -8
2806.3, 10, -8
2806.4, 10, -8
2806.5, 10, -8
2806.6, 10, -8
2806.7, 10, -8
2806.8, 10, -8
2806.9, 10, -8
2807, 10, -8
2807.1, 10, -8
2807.2, 10, -8
2807.3, 10, -8
2807.4, 10, -8
2807.5, 10, -8
2807.6, 10, -8
2807.7, 10, -8
2807.8, 10, -8
2807.9, 10, -8
2808, 10, -8
2808.1, 10, -8
2808.2, 10, -8
2808.3, 10, -8
2808.4, 10, -8
2808.5, 10, -8
2808.6, 10, -8
2808.7, 10, -8
2808.8, 10, -8
2808.9, 10, -8
2809, 10, -8
2809.1, 10, -8
2809.2, 10, -8
2809.3, 11, -8
2809.4, 11, -8
2809.5, 11, -8
2809.6, 11, -8
2809.7, 11, -8
2809.8, 11, -8
2809.9, 11, -8
2810, 11, -8
2810.1, 11, -8
2810.2, 11, -8
2810.3, 11, -8
2810.4, 11, -8
2810.5, 11, -8
2810.6, 11, -8
2810.7, 11, -7
2810.8, 11, -7
2810.9, 11, -7
2811, 11, -7
2811.1, 11, -6
2811.2, 11, -6
2811.3, 11, -6
2811.4, 11, -6
2811.5, 11, -6
2811.6, 11, -6
2811.7, 11, -5
2811.8, 11, -5
2811.9, 11, -5
2812, 11, -5
2812.1, 11, -4
2812.2, 11, -4
2812.3, 11, -4
2812.4, 11, -4
2812.5, 12, -4
2812.6, 12, -4
2812.7, 12, -4
2812.8, 12, -4
2812.9, 12, -3
2813, 12, -3
2813.1, 12, -3
2813.2, 12, -3
2813.3, 12, -3
2813.4, 12, -3
2813.5, 12, -3
2813.6, 12, -3
2813.7, 12, -3
2813.8, 12, -3
2813.9, 12, -2
2814, 12, -2
2814.1, 12, -2
2814.2, 12, -2
2814.3, 12, -2
2814.4, 12, -2
2814.5, 12, -2
2814.6, 12, -2
2814.7, 12, -2
2814.8, 12, -2
2814.9, 12, -2
2815, 12, -2
2815.1, 12, -2
2815.2, 12, -2
2815.3, 12, -2
2815.4, 12, -2
2815.5, 12, -2
2815.6, 12, -2
2815.7, 12, -2
2815.8, 12, -2
2815.9, 12, -2
2816, 12, -2
2816.1, 12, -2
2816.2, 12, -2
2816.3, 12, -2
2816.4, 12, -2
2816.5, 12, -2
2816.6, 12, -2
2816.7, 12, -2
2816.8, 12, -2
2816.9, 12, -2
2817, 12, -2
2817.1, 12, -2
2817.2, 12, -2
2817.3, 11, -2
2817.4, 11, -2
2817.5, 11, -2
2817.6, 11, -2
2817.7, 11, -2
2817.8, 11, -2
2817.9, 11, -2
2818, 11, -2
2818.1, 11, -1
2818.2, 11, -1
2818.3, 11, -1
2818.4, 11, -1
2818.5, 11, 0
2818.6, 11, 0
2818.7, 11, 0
2818.8, 11, 0
2818.9, 11, 0
2819, 11, 0
2819.1, 11, 0
2819.2, 11, 0
2819.3, 11, 0
2819.4, 11, 0
2819.5, 11, 0
2819.6, 11, 0
2819.7, 11, 0
2819.8, 11, 0
2819.9, 11, 0
2820, 11, 0
2820.1, 11, 0
2820.2, 11, 0
2820.3, 11, 0
2820.4, 11, 0
2820.5, 11, 0
2820.6, 11, 0
2820.7, 11, 0
2820.8, 11, 0
2820.9, 11, 0
2821, 11, 0
2821.1, 11, 0
2821.2, 11, 0
2821.3, 11, 0
2821.4, 11, 0
2821.5, 11, 0
2821.6, 11, 0
2821.7, 11, 0
2821.8, 11, 0
2821.9, 11, 0
2822, 11, 0
2822.1, 11, 0
2822.2, 11, 0
2822.3, 11, 0
2822.4, 11, 0
2822.5, 11, 0
2822.6, 11, 0
2822.7, 11, 0
2822.8, 11, 0
2822.9, 11, 0
2823, 11, 0
2823.1, 11, 0
2823.2, 11, 0
2823.3, 11, 0
2823.4, 11, 0
2823.5, 11, 0
2823.6, 11, 0
2823.7, 11, 0
2823.8, 11, 0
2823.9, 11, 0
2824, 11, 0
2824.1, 11, 0
2824.2, 11, 0
2824.3, 11, 0
2824.4, 11, 0
2824.5, 11, 0
2824.6, 11, 0
2824.7, 11, 0
2824.8, 11, 0
2824.9, 10, 0
2825, 10, 0
2825.1, 10, 0
2825.2, 10, 0
2825.3, 10, 1
2825.4, 10, 1
2825.5, 10, 1
2825.6, 10, 1
2825.7, 10, 1
2825.8, 10, 1
2825.9, 10, 1
2826, 10, 1
2826.1, 10, 1
2826.2, 10, 1
2826.3, 10, 1
2826.4, 10, 1
2826.5, 10, 1
2826.6, 10, 1
2826.7, 10, 1
2826.8, 10, 1
2826.9, 10, 1
2827, 10, 1
2827.1, 10, 1
2827.2, 10, 1
2827.3, 10, 1
2827.4, 10, 1
2827.5, 10, 1
2827.6, 10, 1
2827.7, 10, 2
2827.8, 10, 2
2827.9, 10, 2
2828, 10, 2
2828.1, 10, 2
2828.2, 10, 2
2828.3, 10, 2
2828.4, 10, 2
2828.5, 10, 2
2828.6, 10, 2
2828.7, 10, 2
2828.8, 10, 2
2828.9, 10, 1
2829, 10, 1
2829.1, 10, 1
2829.2, 10, 1
2829.3, 10, 1
2829.4, 10, 1
2829.5, 10, 1
2829.6, 10, 1
2829.7, 10, 1
2829.8, 10, 1
2829.9, 10, 1
2830, 10, 1
2830.1, 10, 1
2830.2, 10, 1
2830.3, 10, 1
2830.4, 10, 1
2830.5, 10, 1
2830.6, 10, 1
2830.7, 10, 1
2830.8, 10, 1
2830.9, 10, 1
2831, 10, 1
2831.1, 10, 1
2831.2, 10, 1
2831.3, 10, 1
2831.4, 10, 1
2831.5, 10, 1
2831.6, 10, 1
2831.7, 10, 1
2831.8, 10, 1
2831.9, 10, 1
2832, 10, 1
2832.1, 10, 1
2832.2, 10, 1
2832.3, 10, 1
2832.4, 10, 1
2832.5, 10, 1
2832.6, 10, 1
2832.7, 10, 1
2832.8, 10, 1
2832.9, 10, 1
2833, 10, 1
2833.1, 10, 1
2833.2, 10, 1
2833.3, 10, 1
2833.4, 10, 1
2833.5, 10, 1
2833.6, 10, 1
2833.7, 10, 1
2833.8, 10, 1
2833.9, 10, 1
2834, 10, 1
2834.1, 10, 1
2834.2, 10, 1
2834.3, 10, 1
2834.4, 10, 1
2834.5, 10, 1
2834.6, 10, 1
2834.7, 10, 1
2834.8, 10, 1
2834.9, 10, 1
2835, 10, 1
2835.1, 9, 1
2835.2, 9, 1
2835.3, 9, 1
2835.4, 9, 1
2835.5, 9, 1
2835.6, 9, 1
2835.7, 9, 1
2835.8, 9, 1
2835.9, 9, 1
2836, 9, 1
2836.1, 9, 1
2836.2, 9, 1
2836.3, 9, 1
2836.4, 9, 1
2836.5, 9, 1
2836.6, 9, 1
2836.7, 9, 1
2836.8, 9, 1
2836.9, 9, 1
2837, 9, 1
2837.1, 9, 1
2837.2, 9, 1
2837.3, 9, 1
2837.4, 9, 1
2837.5, 9, 1
2837.6, 9, 1
2837.7, 9, 1
2837.8, 9, 1
2837.9, 9, 1
2838, 9, 1
2838.1, 9, 1
2838.2, 9, 1
2838.3, 9, 1
2838.4, 9, 1
2838.5, 9, 1
2838.6, 9, 1
2838.7, 9, 1
2838.8, 9, 1
2838.9, 9, 1
2839, 9, 1
2839.1, 9, 1
2839.2, 9, 1
2839.3, 9, 1
2839.4, 9, 1
2839.5, 9, 1
2839.6, 9, 1
2839.7, 9, 1
2839.8, 9, 1
2839.9, 9, 1
2840, 9, 1
2840.1, 8, 1
2840.2, 8, 1
2840.3, 8, 1
2840.4, 8, 1
2840.5, 8, 2
2840.6, 8, 2
2840.7, 7, 2
2840.8, 7, 2
2840.9, 7, 2
2841, 7, 2
2841.1, 7, 2
2841.2, 7, 2
2841.3, 7, 2
2841.4, 7, 2
2841.5, 7, 2
2841.6, 7, 2
2841.7, 7, 2
2841.8, 7, 2
2841.9, 7, 2
2842, 7, 2
2842.1, 7, 2
2842.2, 7, 2
2842.3, 7, 2
2842.4, 7, 2
2842.5, 7, 2
2842.6, 7, 2
2842.7, 7, 2
2842.8, 7, 2
2842.9, 7, 2
2843, 7, 2
2843.1, 7, 2
2843.2, 7, 2
2843.3, 7, 2
2843.4, 7, 2
2843.5, 7, 2
2843.6, 7, 2
2843.7, 7, 2
2843.8, 7, 2
2843.9, 7, 2
2844, 7, 2
2844.1, 7, 2
2844.2, 7, 2
2844.3, 7, 2
2844.4, 7, 2
2844.5, 7, 2
2844.6, 7, 2
2844.7, 7, 2
2844.8, 7, 2
2844.9, 7, 2
2845, 7, 2
2845.1, 7, 2
2845.2, 7, 2
2845.3, 7, 2
2845.4, 7, 2
2845.5, 7, 2
2845.6, 7, 2
2845.7, 7, 2
2845.8, 7, 2
2845.9, 7, 2
2846, 7, 2
2846.1, 7, 2
2846.2, 7, 2
2846.3, 7, 2
2846.4, 7, 2
2846.5, 7, 2
2846.6, 7, 2
2846.7, 7, 2
2846.8, 7, 2
2846.9, 7, 2
2847, 7, 2
2847.1, 7, 2
2847.2, 7, 2
2847.3, 7, 2
2847.4, 7, 2
2847.5, 7, 2
2847.6, 7, 2
2847.7, 7, 2
2847.8, 7, 2
2847.9, 7, 2
2848, 7, 2
2848.1, 7, 2
2848.2, 7, 2
2848.3, 7, 2
2848.4, 7, 2
2848.5, 7, 2
2848.6, 7, 2
2848.7, 7, 2
2848.8, 7, 2
2848.9, 7, 2
2849, 7, 2
2849.1, 8, 2
2849.2, 8, 2
2849.3, 8, 2
2849.4, 8, 2
2849.5, 8, 2
2849.6, 8, 2
2849.7, 8, 2
2849.8, 8, 2
2849.9, 8, 2
2850, 8, 2
2850.1, 8, 1
2850.2, 8, 1
2850.3, 8, 1
2850.4, 8, 1
2850.5, 8, 1
2850.6, 8, 1
2850.7, 8, 1
2850.8, 8, 1
2850.9, 8, 1
2851, 8, 1
2851.1, 8, 1
2851.2, 8, 1
2851.3, 7, 1
2851.4, 7, 1
2851.5, 7, 1
2851.6, 7, 1
2851.7, 7, 1
2851.8, 7, 1
2851.9, 7, 1
2852, 7, 1
2852.1, 7, 1
2852.2, 7, 1
2852.3, 7, 1
2852.4, 7, 1
2852.5, 7, 1
2852.6, 7, 1
2852.7, 7, 1
2852.8, 7, 1
2852.9, 7, 1
2853, 7, 1
2853.1, 7, 1
2853.2, 7, 1
2853.3, 7, 1
2853.4, 7, 1
2853.5, 7, 1
2853.6, 7, 1
2853.7, 7, 1
2853.8, 7, 1
2853.9, 7, 1
2854, 7, 1
2854.1, 7, 1
2854.2, 7, 1
2854.3, 7, 1
2854.4, 7, 1
2854.5, 7, 1
2854.6, 7, 1
2854.7, 7, 1
2854.8, 7, 1
2854.9, 7, 1
2855, 7, 1
2855.1, 7, 0
2855.2, 7, 0
2855.3, 7, 0
2855.4, 7, 0
2855.5, 8, 0
2855.6, 8, 0
2855.7, 8, 0
2855.8, 8, 0
2855.9, 8, 0
2856, 8, 0
2856.1, 8, 0
2856.2, 8, 0
2856.3, 8, 1
2856.4, 8, 1
2856.5, 8, 1
2856.6, 8, 1
2856.7, 8, 1
2856.8, 8, 1
2856.9, 8, 1
2857, 8, 1
2857.1, 8, 1
2857.2, 8, 1
2857.3, 8, 1
2857.4, 8, 1
2857.5, 8, 1
2857.6, 8, 1
2857.7, 8, 1
2857.8, 8, 1
2857.9, 8, 1
2858, 8, 1
2858.1, 8, 1
2858.2, 8, 1
2858.3, 8, 1
2858.4, 8, 1
2858.5, 8, 0
2858.6, 8, 0
2858.7, 8, 0
2858.8, 8, 0
2858.9, 8, -1
2859, 8, -1
2859.1, 8, -1
2859.2, 8, -1
2859.3, 8, -1
2859.4, 8, -1
2859.5, 8, -1
2859.6, 8, -1
2859.7, 8, -1
2859.8, 8, -1
2859.9, 8, -1
2860, 8, -1
2860.1, 8, -1
2860.2, 8, -1
2860.3, 8, -1
2860.4, 8, -1
2860.5, 8, -1
2860.6, 8, -1
2860.7, 8, -1
2860.8, 8, -1
2860.9, 8, -1
2861, 8, -1
2861.1, 8, -1
2861.2, 8, -1
2861.3, 8, -1
2861.4, 8, -1
2861.5, 8, -1
2861.6, 8, -1
2861.7, 8, -1
2861.8, 8, -1
2861.9, 8, -1
2862, 8, -1
2862.1, 8, -1
2862.2, 8, -1
2862.3, 8, -1
2862.4, 8, -1
2862.5, 9, -1
2862.6, 9, -1
2862.7, 9, -1
2862.8, 9, -1
2862.9, 9, 0
2863, 9, 0
2863.1, 10, 0
2863.2, 10, 0
2863.3, 10, 0
2863.4, 10, 0
2863.5, 10, 0
2863.6, 10, 0
2863.7, 10, 0
2863.8, 10, 0
2863.9, 10, 0
2864, 10, 0
2864.1, 10, 0
2864.2, 10, 0
2864.3, 10, 0
2864.4, 10, 0
2864.5, 10, 0
2864.6, 10, 0
2864.7, 10, 0
2864.8, 10, 0
2864.9, 10, 0
2865, 10, 0
2865.1, 11, 0
2865.2, 11, 0
2865.3, 11, 0
2865.4, 11, 0
2865.5, 11, 0
2865.6, 11, 0
2865.7, 11, 0
2865.8, 11, 0
2865.9, 11, 0
2866, 11, 0
2866.1, 11, 0
2866.2, 11, 0
2866.3, 11, 0
2866.4, 11, 0
2866.5, 11, 0
2866.6, 11, 0
2866.7, 11, 0
2866.8, 11, 0
2866.9, 11, 0
2867, 11, 0
2867.1, 11, 0
2867.2, 11, 0
2867.3, 11, 0
2867.4, 11, 0
2867.5, 11, 0
2867.6, 11, 0
2867.7, 11, 0
2867.8, 11, 0
2867.9, 11, 0
2868, 11, 0
2868.1, 11, 0
2868.2, 11, 0
2868.3, 11, 0
2868.4, 11, 0
2868.5, 11, 0
2868.6, 11, 0
2868.7, 11, 0
2868.8, 11, 0
2868.9, 11, 0
2869, 11, 0
2869.1, 11, 0
2869.2, 11, 0
2869.3, 11, 0
2869.4, 11, 0
2869.5, 11, 0
2869.6, 11, 0
2869.7, 11, 0
2869.8, 11, 0
2869.9, 11, 0
2870, 11, 0
2870.1, 11, 1
2870.2, 11, 1
2870.3, 11, 1
2870.4, 11, 1
2870.5, 11, 1
2870.6, 11, 1
2870.7, 11, 1
2870.8, 11, 1
2870.9, 11, 1
2871, 11, 1
2871.1, 11, 1
2871.2, 11, 1
2871.3, 11, 1
2871.4, 11, 1
2871.5, 11, 1
2871.6, 11, 1
2871.7, 11, 1
2871.8, 11, 1
2871.9, 11, 1
2872, 11, 1
2872.1, 11, 1
2872.2, 11, 1
2872.3, 11, 1
2872.4, 11, 1
2872.5, 11, 1
2872.6, 11, 1
2872.7, 11, 1
2872.8, 11, 1
2872.9, 11, 1
2873, 11, 1
2873.1, 11, 1
2873.2, 11, 1
2873.3, 11, 1
2873.4, 11, 1
2873.5, 11, 1
2873.6, 11, 1
2873.7, 11, 1
2873.8, 11, 1
2873.9, 11, 1
2874, 11, 1
2874.1, 11, 1
2874.2, 11, 1
2874.3, 11, 2
2874.4, 11, 2
2874.5, 11, 2
2874.6, 11, 2
2874.7, 11, 3
2874.8, 11, 3
2874.9, 11, 3
2875, 11, 3
2875.1, 11, 3
2875.2, 11, 3
2875.3, 11, 3
2875.4, 11, 3
2875.5, 11, 3
2875.6, 11, 3
2875.7, 11, 3
2875.8, 11, 3
2875.9, 11, 3
2876, 11, 3
2876.1, 11, 3
2876.2, 11, 3
2876.3, 11, 3
2876.4, 11, 3
2876.5, 12, 3
2876.6, 12, 3
2876.7, 12, 3
2876.8, 12, 3
2876.9, 12, 2
2877, 12, 2
2877.1, 12, 2
2877.2, 12, 2
2877.3, 12, 2
2877.4, 12, 2
2877.5, 12, 2
2877.6, 12, 2
2877.7, 12, 2
2877.8, 12, 2
2877.9, 12, 2
2878, 12, 2
2878.1, 12, 2
2878.2, 12, 2
2878.3, 12, 2
2878.4, 12, 2
2878.5, 12, 2
2878.6, 12, 2
2878.7, 12, 2
2878.8, 12, 2
2878.9, 12, 2
2879, 12, 2
2879.1, 12, 2
2879.2, 12, 2
2879.3, 12, 2
2879.4, 12, 2
2879.5, 12, 2
2879.6, 12, 2
2879.7, 12, 2
2879.8, 12, 2
2879.9, 12, 2
2880, 12, 2
2880.1, 12, 2
2880.2, 12, 2
2880.3, 12, 2
2880.4, 12, 2
2880.5, 12, 2
2880.6, 12, 2
2880.7, 12, 2
2880.8, 12, 2
2880.9, 12, 2
2881, 12, 2
2881.1, 12, 2
2881.2, 12, 2
2881.3, 12, 2
2881.4, 12, 2
2881.5, 12, 2
2881.6, 12, 2
2881.7, 12, 2
2881.8, 12, 2
2881.9, 12, 2
2882, 12, 2
2882.1, 12, 2
2882.2, 12, 2
2882.3, 12, 2
2882.4, 12, 2
2882.5, 12, 2
2882.6, 12, 2
2882.7, 12, 2
2882.8, 12, 2
2882.9, 12, 2
2883, 12, 2
2883.1, 12, 2
2883.2, 12, 2
2883.3, 12, 2
2883.4, 12, 2
2883.5, 12, 2
2883.6, 12, 2
2883.7, 12, 2
2883.8, 12, 2
2883.9, 12, 2
2884, 12, 2
2884.1, 12, 2
2884.2, 12, 2
2884.3, 12, 2
2884.4, 12, 2
2884.5, 12, 2
2884.6, 12, 2
2884.7, 12, 2
2884.8, 12, 2
2884.9, 12, 2
2885, 12, 2
2885.1, 12, 2
2885.2, 12, 2
2885.3, 12, 2
2885.4, 12, 2
2885.5, 12, 2
2885.6, 12, 2
2885.7, 12, 2
2885.8, 12, 2
2885.9, 12, 2
2886, 12, 2
2886.1, 12, 2
2886.2, 12, 2
2886.3, 12, 2
2886.4, 12, 2
2886.5, 12, 2
2886.6, 12, 2
2886.7, 12, 2
2886.8, 12, 2
2886.9, 12, 2
2887, 12, 2
2887.1, 12, 1
2887.2, 12, 1
2887.3, 12, 1
2887.4, 12, 1
2887.5, 12, 1
2887.6, 12, 1
2887.7, 13, 1
2887.8, 13, 1
2887.9, 13, 1
2888, 13, 1
2888.1, 12, 1
2888.2, 12, 1
2888.3, 12, 1
2888.4, 12, 1
2888.5, 12, 1
2888.6, 12, 1
2888.7, 12, 1
2888.8, 12, 1
2888.9, 12, 1
2889, 12, 1
2889.1, 12, 1
2889.2, 12, 1
2889.3, 12, 1
2889.4, 12, 1
2889.5, 12, 1
2889.6, 12, 1
2889.7, 12, 1
2889.8, 12, 1
2889.9, 12, 1
2890, 12, 1
2890.1, 12, 1
2890.2, 12, 1
2890.3, 12, 1
2890.4, 12, 1
2890.5, 12, 1
2890.6, 12, 1
2890.7, 11, 1
2890.8, 11, 1
2890.9, 11, 1
2891, 11, 1
2891.1, 11, 1
2891.2, 11, 1
2891.3, 11, 1
2891.4, 11, 1
2891.5, 11, 2
2891.6, 11, 2
2891.7, 11, 2
2891.8, 11, 2
2891.9, 11, 2
2892, 11, 2
2892.1, 11, 2
2892.2, 11, 2
2892.3, 11, 2
2892.4, 11, 2
2892.5, 11, 2
2892.6, 11, 2
2892.7, 10, 2
2892.8, 10, 2
2892.9, 11, 2
2893, 11, 2
2893.1, 12, 2
2893.2, 12, 2
2893.3, 12, 2
2893.4, 12, 2
2893.5, 12, 2
2893.6, 12, 2
2893.7, 12, 2
2893.8, 12, 2
2893.9, 12, 2
2894, 12, 2
2894.1, 12, 2
2894.2, 12, 2
2894.3, 12, 2
2894.4, 12, 2
2894.5, 12, 2
2894.6, 12, 2
2894.7, 12, 2
2894.8, 12, 2
2894.9, 12, 2
2895, 12, 2
2895.1, 12, 2
2895.2, 12, 2
2895.3, 12, 2
2895.4, 12, 2
2895.5, 12, 2
2895.6, 12, 2
2895.7, 13, 2
2895.8, 13, 2
2895.9, 13, 2
2896, 13, 2
2896.1, 13, 2
2896.2, 13, 2
2896.3, 13, 1
2896.4, 13, 1
2896.5, 13, 1
2896.6, 13, 1
2896.7, 13, 1
2896.8, 13, 1
2896.9, 13, 1
2897, 13, 1
2897.1, 13, 1
2897.2, 13, 1
2897.3, 13, 1
2897.4, 13, 1
2897.5, 13, 1
2897.6, 13, 1
2897.7, 13, 1
2897.8, 13, 1
2897.9, 13, 1
2898, 13, 1
2898.1, 13, 1
2898.2, 13, 1
2898.3, 13, 1
2898.4, 13, 1
2898.5, 13, 1
2898.6, 13, 1
2898.7, 13, 1
2898.8, 13, 1
2898.9, 13, 1
2899, 13, 1
2899.1, 13, 1
2899.2, 13, 1
2899.3, 13, 1
2899.4, 13, 1
2899.5, 13, 1
2899.6, 13, 1
2899.7, 13, 1
2899.8, 13, 1
2899.9, 13, 1
2900, 13, 1
2900.1, 12, 1
2900.2, 12, 1
2900.3, 12, 1
2900.4, 12, 1
2900.5, 12, 1
2900.6, 12, 1
2900.7, 12, 1
2900.8, 12, 1
2900.9, 12, 1
2901, 12, 1
2901.1, 12, 1
2901.2, 12, 1
2901.3, 12, 1
2901.4, 12, 1
2901.5, 12, 1
2901.6, 12, 1
2901.7, 12, 1
2901.8, 12, 1
2901.9, 12, 1
2902, 12, 1
2902.1, 12, 1
2902.2, 12, 1
2902.3, 12, 1
2902.4, 12, 1
2902.5, 12, 1
2902.6, 12, 1
2902.7, 12, 1
2902.8, 12, 1
2902.9, 12, 1
2903, 12, 1
2903.1, 12, 1
2903.2, 12, 1
2903.3, 12, 1
2903.4, 12, 1
2903.5, 12, 1
2903.6, 12, 1
2903.7, 12, 1
2903.8, 12, 1
2903.9, 12, 1
2904, 12, 1
2904.1, 12, 1
2904.2, 12, 1
2904.3, 12, 1
2904.4, 12, 1
2904.5, 12, 1
2904.6, 12, 1
2904.7, 12, 1
2904.8, 12, 1
2904.9, 12, 1
2905, 12, 1
2905.1, 12, 1
2905.2, 12, 1
2905.3, 12, 1
2905.4, 12, 1
2905.5, 12, 1
2905.6, 12, 1
2905.7, 12, 1
2905.8, 12, 1
2905.9, 12, 1
2906, 12, 1
2906.1, 12, 1
2906.2, 12, 1
2906.3, 12, 1
2906.4, 12, 1
2906.5, 12, 1
2906.6, 12, 1
2906.7, 12, 1
2906.8, 12, 1
2906.9, 12, 1
2907, 12, 1
2907.1, 12, 1
2907.2, 12, 1
2907.3, 12, 1
2907.4, 12, 1
2907.5, 12, 1
2907.6, 12, 1
2907.7, 12, 1
2907.8, 12, 1
2907.9, 12, 1
2908, 12, 1
2908.1, 12, 1
2908.2, 12, 1
2908.3, 13, 1
2908.4, 13, 1
2908.5, 13, 1
2908.6, 13, 1
2908.7, 13, 1
2908.8, 13, 1
2908.9, 13, 1
2909, 13, 1
2909.1, 13, 1
2909.2, 13, 1
2909.3, 13, 1
2909.4, 13, 1
2909.5, 13, 1
2909.6, 13, 1
2909.7, 13, 1
2909.8, 13, 1
2909.9, 13, 1
2910, 13, 1
2910.1, 13, 1
2910.2, 13, 1
2910.3, 13, 1
2910.4, 13, 1
2910.5, 13, 1
2910.6, 13, 1
2910.7, 13, 1
2910.8, 13, 1
2910.9, 13, 1
2911, 13, 1
2911.1, 13, 1
2911.2, 13, 1
2911.3, 13, 1
2911.4, 13, 1
2911.5, 13, 1
2911.6, 13, 1
2911.7, 13, 1
2911.8, 13, 1
2911.9, 13, 1
2912, 13, 1
2912.1, 13, 1
2912.2, 13, 1
2912.3, 13, 1
2912.4, 13, 1
2912.5, 13, 1
2912.6, 13, 1
2912.7, 13, 2
2912.8, 13, 2
2912.9, 13, 2
2913, 13, 2
2913.1, 13, 2
2913.2, 13, 2
2913.3, 13, 2
2913.4, 13, 2
2913.5, 13, 2
2913.6, 13, 2
2913.7, 13, 2
2913.8, 13, 2
2913.9, 13, 2
2914, 13, 2
2914.1, 13, 2
2914.2, 13, 2
2914.3, 13, 2
2914.4, 13, 2
2914.5, 13, 2
2914.6, 13, 2
2914.7, 13, 2
2914.8, 13, 2
2914.9, 13, 2
2915, 13, 2
2915.1, 13, 2
2915.2, 13, 2
2915.3, 13, 2
2915.4, 13, 2
2915.5, 13, 2
2915.6, 13, 2
2915.7, 13, 2
2915.8, 13, 2
2915.9, 13, 2
2916, 13, 2
2916.1, 14, 2
2916.2, 14, 2
2916.3, 14, 2
2916.4, 14, 2
2916.5, 14, 2
2916.6, 14, 2
2916.7, 14, 2
2916.8, 14, 2
2916.9, 14, 2
2917, 14, 2
2917.1, 14, 2
2917.2, 14, 2
2917.3, 14, 2
2917.4, 14, 2
2917.5, 14, 2
2917.6, 14, 2
2917.7, 14, 2
2917.8, 14, 2
2917.9, 13, 2
2918, 13, 2
2918.1, 13, 2
2918.2, 13, 2
2918.3, 13, 2
2918.4, 13, 2
2918.5, 13, 2
2918.6, 13, 2
2918.7, 13, 2
2918.8, 13, 2
2918.9, 13, 2
2919, 13, 2
2919.1, 13, 2
2919.2, 13, 2
2919.3, 13, 1
2919.4, 13, 1
2919.5, 13, 1
2919.6, 13, 1
2919.7, 13, 1
2919.8, 13, 1
2919.9, 13, 1
2920, 13, 1
2920.1, 13, 1
2920.2, 13, 1
2920.3, 13, 1
2920.4, 13, 1
2920.5, 13, 1
2920.6, 13, 1
2920.7, 13, 1
2920.8, 13, 1
2920.9, 13, 1
2921, 13, 1
2921.1, 13, 1
2921.2, 13, 1
2921.3, 13, 1
2921.4, 13, 1
2921.5, 13, 1
2921.6, 13, 1
2921.7, 13, 1
2921.8, 13, 1
2921.9, 13, 1
2922, 13, 1
2922.1, 13, 1
2922.2, 13, 1
2922.3, 13, 1
2922.4, 13, 1
2922.5, 13, 1
2922.6, 13, 1
2922.7, 13, 1
2922.8, 13, 1
2922.9, 13, 1
2923, 13, 1
2923.1, 13, 1
2923.2, 13, 1
2923.3, 13, 1
2923.4, 13, 1
2923.5, 13, 1
2923.6, 13, 1
2923.7, 13, 1
2923.8, 13, 1
2923.9, 13, 2
2924, 13, 2
2924.1, 13, 2
2924.2, 13, 2
2924.3, 13, 2
2924.4, 13, 2
2924.5, 13, 2
2924.6, 13, 2
2924.7, 13, 2
2924.8, 13, 2
2924.9, 13, 2
2925, 13, 2
2925.1, 13, 2
2925.2, 13, 2
2925.3, 13, 2
2925.4, 13, 2
2925.5, 13, 2
2925.6, 13, 2
2925.7, 13, 2
2925.8, 13, 2
2925.9, 13, 2
2926, 13, 2
2926.1, 13, 2
2926.2, 13, 2
2926.3, 13, 2
2926.4, 13, 2
2926.5, 13, 2
2926.6, 13, 2
2926.7, 13, 2
2926.8, 13, 2
2926.9, 13, 2
2927, 13, 2
2927.1, 13, 2
2927.2, 13, 2
2927.3, 13, 2
2927.4, 13, 2
2927.5, 13, 2
2927.6, 13, 2
2927.7, 13, 2
2927.8, 13, 2
2927.9, 13, 2
2928, 13, 2
2928.1, 13, 2
2928.2, 13, 2
2928.3, 13, 2
2928.4, 13, 2
2928.5, 13, 2
2928.6, 13, 2
2928.7, 13, 2
2928.8, 13, 2
2928.9, 13, 2
2929, 13, 2
2929.1, 13, 2
2929.2, 13, 2
2929.3, 13, 2
2929.4, 13, 2
2929.5, 13, 2
2929.6, 13, 2
2929.7, 13, 2
2929.8, 13, 2
2929.9, 13, 2
2930, 13, 2
2930.1, 13, 2
2930.2, 13, 2
2930.3, 13, 2
2930.4, 13, 2
2930.5, 13, 2
2930.6, 13, 2
2930.7, 13, 2
2930.8, 13, 2
2930.9, 13, 2
2931, 13, 2
2931.1, 13, 2
2931.2, 13, 2
2931.3, 13, 2
2931.4, 13, 2
2931.5, 13, 2
2931.6, 13, 2
2931.7, 13, 2
2931.8, 13, 2
2931.9, 13, 2
2932, 13, 2
2932.1, 13, 2
2932.2, 13, 2
2932.3, 13, 1
2932.4, 13, 1
2932.5, 13, 1
2932.6, 13, 1
2932.7, 13, 1
2932.8, 13, 1
2932.9, 13, 1
2933, 13, 1
2933.1, 13, 1
2933.2, 13, 1
2933.3, 13, 1
2933.4, 13, 1
2933.5, 13, 2
2933.6, 13, 2
2933.7, 13, 2
2933.8, 13, 2
2933.9, 13, 2
2934, 13, 2
2934.1, 13, 2
2934.2, 13, 2
2934.3, 13, 2
2934.4, 13, 2
2934.5, 13, 2
2934.6, 13, 2
2934.7, 13, 2
2934.8, 13, 2
2934.9, 14, 2
2935, 14, 2
2935.1, 14, 2
2935.2, 14, 2
2935.3, 14, 2
2935.4, 14, 2
2935.5, 15, 2
2935.6, 15, 2
2935.7, 15, 2
2935.8, 15, 2
2935.9, 15, 2
2936, 15, 2
2936.1, 15, 2
2936.2, 15, 2
2936.3, 15, 2
2936.4, 15, 2
2936.5, 15, 2
2936.6, 15, 2
2936.7, 15, 2
2936.8, 15, 2
2936.9, 14, 2
2937, 14, 2
2937.1, 14, 2
2937.2, 14, 2
2937.3, 14, 2
2937.4, 14, 2
2937.5, 14, 2
2937.6, 14, 2
2937.7, 14, 2
2937.8, 14, 2
2937.9, 14, 2
2938, 14, 2
2938.1, 14, 2
2938.2, 14, 2
2938.3, 14, 2
2938.4, 14, 2
2938.5, 14, 2
2938.6, 14, 2
2938.7, 14, 2
2938.8, 14, 2
2938.9, 14, 2
2939, 14, 2
2939.1, 14, 2
2939.2, 14, 2
2939.3, 14, 2
2939.4, 14, 2
2939.5, 14, 2
2939.6, 14, 2
2939.7, 13, 2
2939.8, 13, 2
2939.9, 13, 2
2940, 13, 2
2940.1, 13, 2
2940.2, 13, 2
2940.3, 13, 2
2940.4, 13, 2
2940.5, 13, 2
2940.6, 13, 2
2940.7, 13, 2
2940.8, 13, 2
2940.9, 13, 2
2941, 13, 2
2941.1, 13, 3
2941.2, 13, 3
2941.3, 13, 3
2941.4, 13, 3
2941.5, 13, 3
2941.6, 13, 3
2941.7, 13, 3
2941.8, 13, 3
2941.9, 13, 4
2942, 13, 4
2942.1, 13, 4
2942.2, 13, 4
2942.3, 13, 4
2942.4, 13, 4
2942.5, 13, 4
2942.6, 13, 4
2942.7, 13, 3
2942.8, 13, 3
2942.9, 13, 3
2943, 13, 3
2943.1, 13, 3
2943.2, 13, 3
2943.3, 13, 3
2943.4, 13, 3
2943.5, 12, 3
2943.6, 12, 3
2943.7, 12, 4
2943.8, 12, 4
2943.9, 12, 4
2944, 12, 4
2944.1, 12, 4
2944.2, 12, 4
2944.3, 12, 4
2944.4, 12, 4
2944.5, 12, 4
2944.6, 12, 4
2944.7, 12, 4
2944.8, 12, 4
2944.9, 12, 4
2945, 12, 4
2945.1, 12, 4
2945.2, 12, 4
2945.3, 12, 4
2945.4, 12, 4
2945.5, 12, 5
2945.6, 12, 5
2945.7, 12, 5
2945.8, 12, 5
2945.9, 12, 5
2946, 12, 5
2946.1, 12, 5
2946.2, 12, 5
2946.3, 12, 5
2946.4, 12, 5
2946.5, 12, 5
2946.6, 12, 5
2946.7, 12, 5
2946.8, 12, 5
2946.9, 12, 5
2947, 12, 5
2947.1, 12, 5
2947.2, 12, 5
2947.3, 12, 5
2947.4, 12, 5
2947.5, 12, 5
2947.6, 12, 5
2947.7, 12, 5
2947.8, 12, 5
2947.9, 12, 5
2948, 12, 5
2948.1, 12, 5
2948.2, 12, 5
2948.3, 12, 5
2948.4, 12, 5
2948.5, 13, 5
2948.6, 13, 5
2948.7, 13, 5
2948.8, 13, 5
2948.9, 13, 5
2949, 13, 5
2949.1, 13, 5
2949.2, 13, 5
2949.3, 13, 5
2949.4, 13, 5
2949.5, 13, 5
2949.6, 13, 5
2949.7, 13, 5
2949.8, 13, 5
2949.9, 13, 5
2950, 13, 5
2950.1, 13, 5
2950.2, 13, 5
2950.3, 13, 5
2950.4, 13, 5
2950.5, 13, 6
2950.6, 13, 6
2950.7, 13, 6
2950.8, 13, 6
2950.9, 13, 6
2951, 13, 6
2951.1, 13, 6
2951.2, 13, 6
2951.3, 13, 6
2951.4, 13, 6
2951.5, 13, 6
2951.6, 13, 6
2951.7, 13, 6
2951.8, 13, 6
2951.9, 13, 6
2952, 13, 6
2952.1, 13, 6
2952.2, 13, 6
2952.3, 13, 6
2952.4, 13, 6
2952.5, 13, 6
2952.6, 13, 6
2952.7, 13, 6
2952.8, 13, 6
2952.9, 13, 6
2953, 13, 6
2953.1, 13, 6
2953.2, 13, 6
2953.3, 13, 6
2953.4, 13, 6
2953.5, 13, 6
2953.6, 13, 6
2953.7, 13, 6
2953.8, 13, 6
2953.9, 13, 6
2954, 13, 6
2954.1, 13, 6
2954.2, 13, 6
2954.3, 13, 5
2954.4, 13, 5
2954.5, 13, 5
2954.6, 13, 5
2954.7, 13, 6
2954.8, 13, 6
2954.9, 13, 6
2955, 13, 6
2955.1, 13, 6
2955.2, 13, 6
2955.3, 13, 6
2955.4, 13, 6
2955.5, 13, 6
2955.6, 13, 6
2955.7, 13, 6
2955.8, 13, 6
2955.9, 13, 6
2956, 13, 6
2956.1, 13, 6
2956.2, 13, 6
2956.3, 13, 6
2956.4, 13, 6
2956.5, 13, 6
2956.6, 13, 6
2956.7, 13, 7
2956.8, 13, 7
2956.9, 13, 7
2957, 13, 7
2957.1, 13, 7
2957.2, 13, 7
2957.3, 13, 8
2957.4, 13, 8
2957.5, 13, 8
2957.6, 13, 8
2957.7, 13, 8
2957.8, 13, 8
2957.9, 13, 8
2958, 13, 8
2958.1, 13, 8
2958.2, 13, 8
2958.3, 13, 8
2958.4, 13, 8
2958.5, 13, 8
2958.6, 13, 8
2958.7, 13, 8
2958.8, 13, 8
2958.9, 13, 8
2959, 13, 8
2959.1, 13, 8
2959.2, 13, 8
2959.3, 13, 8
2959.4, 13, 8
2959.5, 13, 8
2959.6, 13, 8
2959.7, 13, 8
2959.8, 13, 8
2959.9, 12, 8
2960, 12, 8
2960.1, 12, 8
2960.2, 12, 8
2960.3, 12, 8
2960.4, 12, 8
2960.5, 12, 9
2960.6, 12, 9
2960.7, 12, 9
2960.8, 12, 9
2960.9, 12, 9
2961, 12, 9
2961.1, 12, 9
2961.2, 12, 9
2961.3, 12, 9
2961.4, 12, 9
2961.5, 12, 9
2961.6, 12, 9
2961.7, 12, 9
2961.8, 12, 9
2961.9, 12, 9
2962, 12, 9
2962.1, 12, 9
2962.2, 12, 9
2962.3, 12, 9
2962.4, 12, 9
2962.5, 12, 9
2962.6, 12, 9
2962.7, 12, 10
2962.8, 12, 10
2962.9, 12, 10
2963, 12, 10
2963.1, 12, 10
2963.2, 12, 10
2963.3, 12, 10
2963.4, 12, 10
2963.5, 12, 10
2963.6, 12, 10
2963.7, 12, 10
2963.8, 12, 10
2963.9, 12, 10
2964, 12, 10
2964.1, 12, 10
2964.2, 12, 10
2964.3, 12, 10
2964.4, 12, 10
2964.5, 12, 10
2964.6, 12, 10
2964.7, 12, 10
2964.8, 12, 10
2964.9, 12, 10
2965, 12, 10
2965.1, 12, 10
2965.2, 12, 10
2965.3, 12, 10
2965.4, 12, 10
2965.5, 12, 10
2965.6, 12, 10
2965.7, 12, 10
2965.8, 12, 10
2965.9, 12, 10
2966, 12, 10
2966.1, 12, 11
2966.2, 12, 11
2966.3, 12, 11
2966.4, 12, 11
2966.5, 12, 11
2966.6, 12, 11
2966.7, 12, 11
2966.8, 12, 11
2966.9, 12, 11
2967, 12, 11
2967.1, 12, 11
2967.2, 12, 11
2967.3, 12, 11
2967.4, 12, 11
2967.5, 12, 11
2967.6, 12, 11
2967.7, 12, 11
2967.8, 12, 11
2967.9, 12, 11
2968, 12, 11
2968.1, 12, 11
2968.2, 12, 11
2968.3, 12, 11
2968.4, 12, 11
2968.5, 12, 11
2968.6, 12, 11
2968.7, 12, 11
2968.8, 12, 11
2968.9, 12, 11
2969, 12, 11
2969.1, 12, 11
2969.2, 12, 11
2969.3, 12, 11
2969.4, 12, 11
2969.5, 12, 12
2969.6, 12, 12
2969.7, 12, 12
2969.8, 12, 12
2969.9, 12, 12
2970, 12, 12
2970.1, 12, 12
2970.2, 12, 12
2970.3, 12, 12
2970.4, 12, 12
2970.5, 12, 12
2970.6, 12, 12
2970.7, 12, 12
2970.8, 12, 12
2970.9, 12, 12
2971, 12, 12
2971.1, 12, 12
2971.2, 12, 12
2971.3, 12, 12
2971.4, 12, 12
2971.5, 12, 12
2971.6, 12, 12
2971.7, 12, 12
2971.8, 12, 12
2971.9, 12, 12
2972, 12, 12
2972.1, 12, 12
2972.2, 12, 12
2972.3, 12, 12
2972.4, 12, 12
2972.5, 12, 12
2972.6, 12, 12
2972.7, 12, 12
2972.8, 12, 12
2972.9, 12, 12
2973, 12, 12
2973.1, 12, 12
2973.2, 12, 12
2973.3, 12, 12
2973.4, 12, 12
2973.5, 12, 12
2973.6, 12, 12
2973.7, 12, 12
2973.8, 12, 12
2973.9, 12, 12
2974, 12, 12
2974.1, 12, 12
2974.2, 12, 12
2974.3, 12, 12
2974.4, 12, 12
2974.5, 12, 12
2974.6, 12, 12
2974.7, 12, 12
2974.8, 12, 12
2974.9, 12, 12
2975, 12, 12
2975.1, 12, 12
2975.2, 12, 12
2975.3, 12, 12
2975.4, 12, 12
2975.5, 12, 12
2975.6, 12, 12
2975.7, 12, 12
2975.8, 12, 12
2975.9, 12, 12
2976, 12, 12
2976.1, 12, 12
2976.2, 12, 12
2976.3, 12, 12
2976.4, 12, 12
2976.5, 13, 12
2976.6, 13, 12
2976.7, 13, 12
2976.8, 13, 12
2976.9, 13, 12
2977, 13, 12
2977.1, 13, 12
2977.2, 13, 12
2977.3, 14, 12
2977.4, 14, 12
2977.5, 14, 12
2977.6, 14, 12
2977.7, 14, 12
2977.8, 14, 12
2977.9, 14, 12
2978, 14, 12
2978.1, 14, 12
2978.2, 14, 12
2978.3, 14, 12
2978.4, 14, 12
2978.5, 14, 12
2978.6, 14, 12
2978.7, 14, 12
2978.8, 14, 12
2978.9, 14, 12
2979, 14, 12
2979.1, 14, 12
2979.2, 14, 12
2979.3, 14, 12
2979.4, 14, 12
2979.5, 14, 12
2979.6, 14, 12
2979.7, 14, 12
2979.8, 14, 12
2979.9, 14, 12
2980, 14, 12
2980.1, 14, 12
2980.2, 14, 12
2980.3, 14, 12
2980.4, 14, 12
2980.5, 14, 12
2980.6, 14, 12
2980.7, 14, 12
2980.8, 14, 12
2980.9, 14, 12
2981, 14, 12
2981.1, 14, 12
2981.2, 14, 12
2981.3, 14, 12
2981.4, 14, 12
2981.5, 14, 12
2981.6, 14, 12
2981.7, 14, 12
2981.8, 14, 12
2981.9, 14, 12
2982, 14, 12
2982.1, 14, 12
2982.2, 14, 12
2982.3, 14, 12
2982.4, 14, 12
2982.5, 14, 12
2982.6, 14, 12
2982.7, 14, 12
2982.8, 14, 12
2982.9, 14, 12
2983, 14, 12
2983.1, 14, 12
2983.2, 14, 12
2983.3, 14, 12
2983.4, 14, 12
2983.5, 14, 12
2983.6, 14, 12
2983.7, 14, 12
2983.8, 14, 12
2983.9, 14, 12
2984, 14, 12
2984.1, 14, 12
2984.2, 14, 12
2984.3, 14, 12
2984.4, 14, 12
2984.5, 14, 12
2984.6, 14, 12
2984.7, 14, 12
2984.8, 14, 12
2984.9, 14, 12
2985, 14, 12
2985.1, 14, 12
2985.2, 14, 12
2985.3, 14, 12
2985.4, 14, 12
2985.5, 14, 12
2985.6, 14, 12
2985.7, 14, 12
2985.8, 14, 12
2985.9, 14, 13
2986, 14, 13
2986.1, 14, 13
2986.2, 14, 13
2986.3, 14, 13
2986.4, 14, 13
2986.5, 14, 13
2986.6, 14, 13
2986.7, 14, 13
2986.8, 14, 13
2986.9, 14, 13
2987, 14, 13
2987.1, 14, 13
2987.2, 14, 13
2987.3, 14, 13
2987.4, 14, 13
2987.5, 14, 13
2987.6, 14, 13
2987.7, 14, 13
2987.8, 14, 13
2987.9, 14, 13
2988, 14, 13
2988.1, 14, 13
2988.2, 14, 13
2988.3, 14, 13
2988.4, 14, 13
2988.5, 14, 13
2988.6, 14, 13
2988.7, 14, 13
2988.8, 14, 13
2988.9, 14, 13
2989, 14, 13
2989.1, 14, 13
2989.2, 14, 13
2989.3, 14, 13
2989.4, 14, 13
2989.5, 14, 13
2989.6, 14, 13
2989.7, 14, 13
2989.8, 14, 13
2989.9, 14, 13
2990, 14, 13
2990.1, 14, 13
2990.2, 14, 13
2990.3, 14, 13
2990.4, 14, 13
2990.5, 14, 13
2990.6, 14, 13
2990.7, 14, 13
2990.8, 14, 13
2990.9, 14, 13
2991, 14, 13
2991.1, 14, 13
2991.2, 14, 13
2991.3, 14, 13
2991.4, 14, 13
2991.5, 14, 13
2991.6, 14, 13
2991.7, 15, 13
2991.8, 15, 13
2991.9, 15, 13
2992, 15, 13
2992.1, 15, 13
2992.2, 15, 13
2992.3, 15, 13
2992.4, 15, 13
2992.5, 15, 13
2992.6, 15, 13
2992.7, 15, 13
2992.8, 15, 13
2992.9, 15, 13
2993, 15, 13
2993.1, 15, 13
2993.2, 15, 13
2993.3, 15, 13
2993.4, 15, 13
2993.5, 15, 13
2993.6, 15, 13
2993.7, 15, 13
2993.8, 15, 13
2993.9, 16, 13
2994, 16, 13
2994.1, 16, 13
2994.2, 16, 13
2994.3, 16, 13
2994.4, 16, 13
2994.5, 16, 14
2994.6, 16, 14
2994.7, 16, 14
2994.8, 16, 14
2994.9, 16, 14
2995, 16, 14
2995.1, 16, 14
2995.2, 16, 14
2995.3, 16, 14
2995.4, 16, 14
2995.5, 17, 14
2995.6, 17, 14
2995.7, 17, 14
2995.8, 17, 14
2995.9, 17, 14
2996, 17, 14
2996.1, 17, 15
2996.2, 17, 15
2996.3, 17, 15
2996.4, 17, 15
2996.5, 17, 15
2996.6, 17, 15
2996.7, 17, 15
2996.8, 17, 15
2996.9, 17, 15
2997, 17, 15
2997.1, 17, 15
2997.2, 17, 15
2997.3, 17, 15
2997.4, 17, 15
2997.5, 17, 15
2997.6, 17, 15
2997.7, 17, 15
2997.8, 17, 15
2997.9, 17, 15
2998, 17, 15
2998.1, 17, 15
2998.2, 17, 15
2998.3, 17, 15
2998.4, 17, 15
2998.5, 17, 15
2998.6, 17, 15
2998.7, 17, 15
2998.8, 17, 15
2998.9, 17, 16
2999, 17, 16
2999.1, 17, 16
2999.2, 17, 16
2999.3, 17, 16
2999.4, 17, 16
2999.5, 17, 16
2999.6, 17, 16
2999.7, 17, 16
2999.8, 17, 16
2999.9, 17, 16
3000, 17, 16
3000.1, 17, 16
3000.2, 17, 16
3000.3, 17, 16
3000.4, 17, 16
3000.5, 17, 16
3000.6, 17, 16
3000.7, 17, 16
3000.8, 17, 16
3000.9, 17, 16
3001, 17, 16
3001.1, 17, 16
3001.2, 17, 16
3001.3, 16, 16
3001.4, 16, 16
3001.5, 16, 16
3001.6, 16, 16
3001.7, 16, 16
3001.8, 16, 16
3001.9, 16, 16
3002, 16, 16
3002.1, 16, 16
3002.2, 16, 16
3002.3, 16, 16
3002.4, 16, 16
3002.5, 16, 16
3002.6, 16, 16
3002.7, 16, 16
3002.8, 16, 16
3002.9, 16, 16
3003, 16, 16
3003.1, 16, 15
3003.2, 16, 15
3003.3, 16, 15
3003.4, 16, 15
3003.5, 16, 15
3003.6, 16, 15
3003.7, 16, 15
3003.8, 16, 15
3003.9, 16, 15
3004, 16, 15
3004.1, 16, 15
3004.2, 16, 15
3004.3, 16, 15
3004.4, 16, 15
3004.5, 16, 15
3004.6, 16, 15
3004.7, 16, 15
3004.8, 16, 15
3004.9, 16, 15
3005, 16, 15
3005.1, 16, 15
3005.2, 16, 15
3005.3, 16, 15
3005.4, 16, 15
3005.5, 16, 15
3005.6, 16, 15
3005.7, 16, 15
3005.8, 16, 15
3005.9, 16, 15
3006, 16, 15
3006.1, 16, 15
3006.2, 16, 15
3006.3, 16, 15
3006.4, 16, 15
3006.5, 16, 15
3006.6, 16, 15
3006.7, 16, 15
3006.8, 16, 15
3006.9, 16, 15
3007, 16, 15
3007.1, 16, 15
3007.2, 16, 15
3007.3, 16, 15
3007.4, 16, 15
3007.5, 16, 15
3007.6, 16, 15
3007.7, 16, 15
3007.8, 16, 15
3007.9, 16, 15
3008, 16, 15
3008.1, 16, 15
3008.2, 16, 15
3008.3, 16, 15
3008.4, 16, 15
3008.5, 16, 15
3008.6, 16, 15
3008.7, 16, 15
3008.8, 16, 15
3008.9, 16, 15
3009, 16, 15
3009.1, 16, 15
3009.2, 16, 15
3009.3, 16, 15
3009.4, 16, 15
3009.5, 16, 15
3009.6, 16, 15
3009.7, 16, 15
3009.8, 16, 15
3009.9, 16, 15
3010, 16, 15
3010.1, 16, 15
3010.2, 16, 15
3010.3, 16, 15
3010.4, 16, 15
3010.5, 16, 15
3010.6, 16, 15
3010.7, 16, 15
3010.8, 16, 15
3010.9, 16, 15
3011, 16, 15
3011.1, 16, 15
3011.2, 16, 15
3011.3, 16, 15
3011.4, 16, 15
3011.5, 16, 15
3011.6, 16, 15
3011.7, 16, 14
3011.8, 16, 14
3011.9, 16, 14
3012, 16, 14
3012.1, 16, 14
3012.2, 16, 14
3012.3, 16, 14
3012.4, 16, 14
3012.5, 16, 14
3012.6, 16, 14
3012.7, 16, 14
3012.8, 16, 14
3012.9, 16, 14
3013, 16, 14
3013.1, 16, 14
3013.2, 16, 14
3013.3, 16, 14
3013.4, 16, 14
3013.5, 16, 14
3013.6, 16, 14
3013.7, 16, 14
3013.8, 16, 14
3013.9, 16, 14
3014, 16, 14
3014.1, 16, 13
3014.2, 16, 13
3014.3, 16, 13
3014.4, 16, 13
3014.5, 16, 13
3014.6, 16, 13
3014.7, 16, 13
3014.8, 16, 13
3014.9, 16, 13
3015, 16, 13
3015.1, 16, 13
3015.2, 16, 13
3015.3, 16, 13
3015.4, 16, 13
3015.5, 16, 13
3015.6, 16, 13
3015.7, 16, 13
3015.8, 16, 13
3015.9, 16, 13
3016, 16, 13
3016.1, 16, 13
3016.2, 16, 13
3016.3, 16, 13
3016.4, 16, 13
3016.5, 16, 13
3016.6, 16, 13
3016.7, 16, 13
3016.8, 16, 13
3016.9, 16, 13
3017, 16, 13
3017.1, 16, 13
3017.2, 16, 13
3017.3, 16, 13
3017.4, 16, 13
3017.5, 16, 13
3017.6, 16, 13
3017.7, 16, 13
3017.8, 16, 13
3017.9, 15, 13
3018, 15, 13
3018.1, 15, 13
3018.2, 15, 13
3018.3, 15, 13
3018.4, 15, 13
3018.5, 15, 13
3018.6, 15, 13
3018.7, 15, 13
3018.8, 15, 13
3018.9, 15, 13
3019, 15, 13
3019.1, 15, 13
3019.2, 15, 13
3019.3, 15, 13
3019.4, 15, 13
3019.5, 15, 13
3019.6, 15, 13
3019.7, 15, 13
3019.8, 15, 13
3019.9, 15, 13
3020, 15, 13
3020.1, 15, 13
3020.2, 15, 13
3020.3, 15, 13
3020.4, 15, 13
3020.5, 15, 13
3020.6, 15, 13
3020.7, 15, 13
3020.8, 15, 13
3020.9, 15, 13
3021, 15, 13
3021.1, 16, 13
3021.2, 16, 13
3021.3, 16, 13
3021.4, 16, 13
3021.5, 16, 13
3021.6, 16, 13
3021.7, 16, 13
3021.8, 16, 13
3021.9, 15, 13
3022, 15, 13
3022.1, 14, 13
3022.2, 14, 13
3022.3, 14, 13
3022.4, 14, 13
3022.5, 14, 13
3022.6, 14, 13
3022.7, 14, 13
3022.8, 14, 13
3022.9, 14, 13
3023, 14, 13
3023.1, 14, 13
3023.2, 14, 13
3023.3, 14, 13
3023.4, 14, 13
3023.5, 14, 13
3023.6, 14, 13
3023.7, 14, 13
3023.8, 14, 13
3023.9, 14, 13
3024, 14, 13
3024.1, 14, 13
3024.2, 14, 13
3024.3, 14, 13
3024.4, 14, 13
3024.5, 14, 13
3024.6, 14, 13
3024.7, 14, 12
3024.8, 14, 12
3024.9, 14, 12
3025, 14, 12
3025.1, 14, 12
3025.2, 14, 12
3025.3, 14, 12
3025.4, 14, 12
3025.5, 14, 12
3025.6, 14, 12
3025.7, 14, 11
3025.8, 14, 11
3025.9, 14, 11
3026, 14, 11
3026.1, 14, 11
3026.2, 14, 11
3026.3, 14, 11
3026.4, 14, 11
3026.5, 14, 11
3026.6, 14, 11
3026.7, 14, 11
3026.8, 14, 11
3026.9, 14, 11
3027, 14, 11
3027.1, 14, 11
3027.2, 14, 11
3027.3, 14, 10
3027.4, 14, 10
3027.5, 14, 10
3027.6, 14, 10
3027.7, 14, 10
3027.8, 14, 10
3027.9, 14, 10
3028, 14, 10
3028.1, 14, 9
3028.2, 14, 9
3028.3, 14, 9
3028.4, 14, 9
3028.5, 14, 9
3028.6, 14, 9
3028.7, 14, 9
3028.8, 14, 9
3028.9, 14, 9
3029, 14, 9
3029.1, 13, 9
3029.2, 13, 9
3029.3, 13, 9
3029.4, 13, 9
3029.5, 13, 9
3029.6, 13, 9
3029.7, 13, 9
3029.8, 13, 9
3029.9, 13, 9
3030, 13, 9
3030.1, 13, 9
3030.2, 13, 9
3030.3, 13, 9
3030.4, 13, 9
3030.5, 13, 9
3030.6, 13, 9
3030.7, 13, 9
3030.8, 13, 9
3030.9, 13, 9
3031, 13, 9
3031.1, 13, 9
3031.2, 13, 9
3031.3, 13, 9
3031.4, 13, 9
3031.5, 13, 9
3031.6, 13, 9
3031.7, 13, 9
3031.8, 13, 9
3031.9, 13, 9
3032, 13, 9
3032.1, 13, 9
3032.2, 13, 9
3032.3, 13, 9
3032.4, 13, 9
3032.5, 13, 9
3032.6, 13, 9
3032.7, 13, 9
3032.8, 13, 9
3032.9, 13, 9
3033, 13, 9
3033.1, 13, 9
3033.2, 13, 9
3033.3, 13, 9
3033.4, 13, 9
3033.5, 13, 9
3033.6, 13, 9
3033.7, 13, 9
3033.8, 13, 9
3033.9, 13, 9
3034, 13, 9
3034.1, 13, 9
3034.2, 13, 9
3034.3, 13, 10
3034.4, 13, 10
3034.5, 13, 10
3034.6, 13, 10
3034.7, 13, 10
3034.8, 13, 10
3034.9, 13, 10
3035, 13, 10
3035.1, 13, 10
3035.2, 13, 10
3035.3, 13, 10
3035.4, 13, 10
3035.5, 13, 10
3035.6, 13, 10
3035.7, 13, 10
3035.8, 13, 10
3035.9, 13, 10
3036, 13, 10
3036.1, 12, 10
3036.2, 12, 10
3036.3, 12, 10
3036.4, 12, 10
3036.5, 12, 10
3036.6, 12, 10
3036.7, 12, 10
3036.8, 12, 10
3036.9, 12, 10
3037, 12, 10
3037.1, 12, 10
3037.2, 12, 10
3037.3, 12, 10
3037.4, 12, 10
3037.5, 12, 10
3037.6, 12, 10
3037.7, 12, 10
3037.8, 12, 10
3037.9, 12, 10
3038, 12, 10
3038.1, 12, 10
3038.2, 12, 10
3038.3, 12, 10
3038.4, 12, 10
3038.5, 12, 10
3038.6, 12, 10
3038.7, 12, 10
3038.8, 12, 10
3038.9, 12, 10
3039, 12, 10
3039.1, 13, 10
3039.2, 13, 10
3039.3, 13, 10
3039.4, 13, 10
3039.5, 13, 10
3039.6, 13, 10
3039.7, 13, 10
3039.8, 13, 10
3039.9, 13, 10
3040, 13, 10
3040.1, 13, 10
3040.2, 13, 10
3040.3, 13, 10
3040.4, 13, 10
3040.5, 13, 10
3040.6, 13, 10
3040.7, 13, 10
3040.8, 13, 10
3040.9, 13, 10
3041, 13, 10
3041.1, 13, 10
3041.2, 13, 10
3041.3, 14, 10
3041.4, 14, 10
3041.5, 14, 10
3041.6, 14, 10
3041.7, 14, 10
3041.8, 14, 10
3041.9, 14, 10
3042, 14, 10
3042.1, 14, 10
3042.2, 14, 10
3042.3, 14, 11
3042.4, 14, 11
3042.5, 14, 11
3042.6, 14, 11
3042.7, 14, 11
3042.8, 14, 11
3042.9, 14, 11
3043, 14, 11
3043.1, 14, 11
3043.2, 14, 11
3043.3, 14, 11
3043.4, 14, 11
3043.5, 14, 11
3043.6, 14, 11
3043.7, 14, 11
3043.8, 14, 11
3043.9, 14, 10
3044, 14, 10
3044.1, 14, 10
3044.2, 14, 10
3044.3, 14, 10
3044.4, 14, 10
3044.5, 14, 10
3044.6, 14, 10
3044.7, 14, 10
3044.8, 14, 10
3044.9, 14, 10
3045, 14, 10
3045.1, 14, 10
3045.2, 14, 10
3045.3, 14, 10
3045.4, 14, 10
3045.5, 14, 10
3045.6, 14, 10
3045.7, 15, 10
3045.8, 15, 10
3045.9, 15, 10
3046, 15, 10
3046.1, 15, 10
3046.2, 15, 10
3046.3, 15, 9
3046.4, 15, 9
3046.5, 15, 9
3046.6, 15, 9
3046.7, 15, 9
3046.8, 15, 9
3046.9, 15, 9
3047, 15, 9
3047.1, 15, 9
3047.2, 15, 9
3047.3, 15, 9
3047.4, 15, 9
3047.5, 15, 9
3047.6, 15, 9
3047.7, 15, 9
3047.8, 15, 9
3047.9, 15, 9
3048, 15, 9
3048.1, 15, 9
3048.2, 15, 9
3048.3, 16, 9
3048.4, 16, 9
3048.5, 16, 9
3048.6, 16, 9
3048.7, 16, 9
3048.8, 16, 9
3048.9, 16, 9
3049, 16, 9
3049.1, 16, 9
3049.2, 16, 9
3049.3, 16, 9
3049.4, 16, 9
3049.5, 16, 9
3049.6, 16, 9
3049.7, 16, 9
3049.8, 16, 9
3049.9, 16, 9
3050, 16, 9
3050.1, 16, 9
3050.2, 16, 9
3050.3, 16, 9
3050.4, 16, 9
3050.5, 16, 9
3050.6, 16, 9
3050.7, 16, 9
3050.8, 16, 9
3050.9, 16, 9
3051, 16, 9
3051.1, 16, 9
3051.2, 16, 9
3051.3, 17, 9
3051.4, 17, 9
3051.5, 17, 9
3051.6, 17, 9
3051.7, 17, 9
3051.8, 17, 9
3051.9, 17, 9
3052, 17, 9
3052.1, 17, 9
3052.2, 17, 9
3052.3, 17, 9
3052.4, 17, 9
3052.5, 17, 9
3052.6, 17, 9
3052.7, 17, 9
3052.8, 17, 9
3052.9, 17, 9
3053, 17, 9
3053.1, 17, 10
3053.2, 17, 10
3053.3, 17, 10
3053.4, 17, 10
3053.5, 17, 10
3053.6, 17, 10
3053.7, 17, 10
3053.8, 17, 10
3053.9, 17, 10
3054, 17, 10
3054.1, 17, 10
3054.2, 17, 10
3054.3, 17, 10
3054.4, 17, 10
3054.5, 17, 10
3054.6, 17, 10
3054.7, 17, 11
3054.8, 17, 11
3054.9, 17, 11
3055, 17, 11
3055.1, 17, 11
3055.2, 17, 11
3055.3, 17, 11
3055.4, 17, 11
3055.5, 17, 11
3055.6, 17, 11
3055.7, 17, 11
3055.8, 17, 11
3055.9, 18, 11
3056, 18, 11
3056.1, 18, 11
3056.2, 18, 11
3056.3, 18, 11
3056.4, 18, 11
3056.5, 18, 11
3056.6, 18, 11
3056.7, 18, 11
3056.8, 18, 11
3056.9, 18, 11
3057, 18, 11
3057.1, 18, 11
3057.2, 18, 11
3057.3, 18, 11
3057.4, 18, 11
3057.5, 18, 11
3057.6, 18, 11
3057.7, 18, 11
3057.8, 18, 11
3057.9, 18, 11
3058, 18, 11
3058.1, 18, 11
3058.2, 18, 11
3058.3, 18, 11
3058.4, 18, 11
3058.5, 18, 11
3058.6, 18, 11
3058.7, 18, 11
3058.8, 18, 11
3058.9, 18, 12
3059, 18, 12
3059.1, 18, 12
3059.2, 18, 12
3059.3, 18, 12
3059.4, 18, 12
3059.5, 17, 12
3059.6, 17, 12
3059.7, 17, 12
3059.8, 17, 12
3059.9, 17, 12
3060, 17, 12
3060.1, 17, 12
3060.2, 17, 12
3060.3, 17, 12
3060.4, 17, 12
3060.5, 17, 12
3060.6, 17, 12
3060.7, 17, 12
3060.8, 17, 12
3060.9, 17, 12
3061, 17, 12
3061.1, 17, 12
3061.2, 17, 12
3061.3, 17, 12
3061.4, 17, 12
3061.5, 17, 12
3061.6, 17, 12
3061.7, 17, 12
3061.8, 17, 12
3061.9, 17, 12
3062, 17, 12
3062.1, 17, 12
3062.2, 17, 12
3062.3, 17, 12
3062.4, 17, 12
3062.5, 17, 12
3062.6, 17, 12
3062.7, 18, 12
3062.8, 18, 12
3062.9, 18, 12
3063, 18, 12
3063.1, 18, 12
3063.2, 18, 12
3063.3, 18, 12
3063.4, 18, 12
3063.5, 18, 12
3063.6, 18, 12
3063.7, 18, 12
3063.8, 18, 12
3063.9, 18, 12
3064, 18, 12
3064.1, 18, 12
3064.2, 18, 12
3064.3, 18, 12
3064.4, 18, 12
3064.5, 18, 12
3064.6, 18, 12
3064.7, 18, 12
3064.8, 18, 12
3064.9, 18, 12
3065, 18, 12
3065.1, 18, 12
3065.2, 18, 12
3065.3, 18, 12
3065.4, 18, 12
3065.5, 17, 12
3065.6, 17, 12
3065.7, 17, 12
3065.8, 17, 12
3065.9, 17, 12
3066, 17, 12
3066.1, 17, 12
3066.2, 17, 12
3066.3, 17, 12
3066.4, 17, 12
3066.5, 17, 12
3066.6, 17, 12
3066.7, 17, 12
3066.8, 17, 12
3066.9, 17, 12
3067, 17, 12
3067.1, 17, 12
3067.2, 17, 12
3067.3, 17, 12
3067.4, 17, 12
3067.5, 17, 12
3067.6, 17, 12
3067.7, 17, 12
3067.8, 17, 12
3067.9, 17, 12
3068, 17, 12
3068.1, 17, 12
3068.2, 17, 12
3068.3, 17, 12
3068.4, 17, 12
3068.5, 17, 12
3068.6, 17, 12
3068.7, 17, 12
3068.8, 17, 12
3068.9, 17, 11
3069, 17, 11
3069.1, 17, 11
3069.2, 17, 11
3069.3, 17, 11
3069.4, 17, 11
3069.5, 17, 11
3069.6, 17, 11
3069.7, 17, 11
3069.8, 17, 11
3069.9, 17, 11
3070, 17, 11
3070.1, 16, 11
3070.2, 16, 11
3070.3, 16, 11
3070.4, 16, 11
3070.5, 16, 11
3070.6, 16, 11
3070.7, 16, 11
3070.8, 16, 11
3070.9, 16, 11
3071, 16, 11
3071.1, 16, 11
3071.2, 16, 11
3071.3, 16, 11
3071.4, 16, 11
3071.5, 16, 11
3071.6, 16, 11
3071.7, 16, 11
3071.8, 16, 11
3071.9, 16, 11
3072, 16, 11
3072.1, 16, 11
3072.2, 16, 11
3072.3, 16, 11
3072.4, 16, 11
3072.5, 16, 11
3072.6, 16, 11
3072.7, 16, 11
3072.8, 16, 11
3072.9, 16, 11
3073, 16, 11
3073.1, 16, 11
3073.2, 16, 11
3073.3, 16, 11
3073.4, 16, 11
3073.5, 16, 11
3073.6, 16, 11
3073.7, 16, 11
3073.8, 16, 11
3073.9, 16, 12
3074, 16, 12
3074.1, 16, 12
3074.2, 16, 12
3074.3, 16, 12
3074.4, 16, 12
3074.5, 16, 12
3074.6, 16, 12
3074.7, 16, 12
3074.8, 16, 12
3074.9, 16, 12
3075, 16, 12
3075.1, 16, 13
3075.2, 16, 13
3075.3, 16, 13
3075.4, 16, 13
3075.5, 16, 12
3075.6, 16, 12
3075.7, 16, 12
3075.8, 16, 12
3075.9, 16, 12
3076, 16, 12
3076.1, 16, 12
3076.2, 16, 12
3076.3, 16, 12
3076.4, 16, 12
3076.5, 16, 12
3076.6, 16, 12
3076.7, 16, 12
3076.8, 16, 12
3076.9, 16, 12
3077, 16, 12
3077.1, 16, 12
3077.2, 16, 12
3077.3, 16, 12
3077.4, 16, 12
3077.5, 16, 11
3077.6, 16, 11
3077.7, 16, 11
3077.8, 16, 11
3077.9, 16, 11
3078, 16, 11
3078.1, 16, 11
3078.2, 16, 11
3078.3, 16, 11
3078.4, 16, 11
3078.5, 16, 11
3078.6, 16, 11
3078.7, 16, 11
3078.8, 16, 11
3078.9, 16, 11
3079, 16, 11
3079.1, 16, 11
3079.2, 16, 11
3079.3, 16, 11
3079.4, 16, 11
3079.5, 16, 11
3079.6, 16, 11
3079.7, 16, 11
3079.8, 16, 11
3079.9, 16, 11
3080, 16, 11
3080.1, 16, 11
3080.2, 16, 11
3080.3, 16, 11
3080.4, 16, 11
3080.5, 16, 11
3080.6, 16, 11
3080.7, 16, 11
3080.8, 16, 11
3080.9, 16, 11
3081, 16, 11
3081.1, 16, 11
3081.2, 16, 11
3081.3, 16, 11
3081.4, 16, 11
3081.5, 16, 11
3081.6, 16, 11
3081.7, 16, 11
3081.8, 16, 11
3081.9, 16, 11
3082, 16, 11
3082.1, 16, 10
3082.2, 16, 10
3082.3, 16, 10
3082.4, 16, 10
3082.5, 16, 10
3082.6, 16, 10
3082.7, 17, 10
3082.8, 17, 10
3082.9, 17, 10
3083, 17, 10
3083.1, 17, 10
3083.2, 17, 10
3083.3, 17, 10
3083.4, 17, 10
3083.5, 17, 10
3083.6, 17, 10
3083.7, 17, 10
3083.8, 17, 10
3083.9, 17, 10
3084, 17, 10
3084.1, 17, 10
3084.2, 17, 10
3084.3, 17, 10
3084.4, 17, 10
3084.5, 16, 10
3084.6, 16, 10
3084.7, 17, 10
3084.8, 17, 10
3084.9, 17, 10
3085, 17, 10
3085.1, 17, 10
3085.2, 17, 10
3085.3, 17, 10
3085.4, 17, 10
3085.5, 17, 10
3085.6, 17, 10
3085.7, 17, 10
3085.8, 17, 10
3085.9, 17, 10
3086, 17, 10
3086.1, 17, 10
3086.2, 17, 10
3086.3, 17, 10
3086.4, 17, 10
3086.5, 17, 10
3086.6, 17, 10
3086.7, 17, 10
3086.8, 17, 10
3086.9, 17, 10
3087, 17, 10
3087.1, 17, 10
3087.2, 17, 10
3087.3, 17, 10
3087.4, 17, 10
3087.5, 17, 10
3087.6, 17, 10
3087.7, 17, 10
3087.8, 17, 10
3087.9, 17, 10
3088, 17, 10
3088.1, 17, 10
3088.2, 17, 10
3088.3, 17, 10
3088.4, 17, 10
3088.5, 17, 10
3088.6, 17, 10
3088.7, 17, 10
3088.8, 17, 10
3088.9, 17, 10
3089, 17, 10
3089.1, 17, 10
3089.2, 17, 10
3089.3, 17, 10
3089.4, 17, 10
3089.5, 17, 10
3089.6, 17, 10
3089.7, 17, 10
3089.8, 17, 10
3089.9, 17, 10
3090, 17, 10
3090.1, 17, 10
3090.2, 17, 10
3090.3, 17, 10
3090.4, 17, 10
3090.5, 17, 10
3090.6, 17, 10
3090.7, 17, 10
3090.8, 17, 10
3090.9, 17, 10
3091, 17, 10
3091.1, 17, 10
3091.2, 17, 10
3091.3, 17, 10
3091.4, 17, 10
3091.5, 18, 10
3091.6, 18, 10
3091.7, 18, 10
3091.8, 18, 10
3091.9, 18, 11
3092, 18, 11
3092.1, 18, 11
3092.2, 18, 11
3092.3, 18, 11
3092.4, 18, 11
3092.5, 18, 11
3092.6, 18, 11
3092.7, 18, 11
3092.8, 18, 11
3092.9, 18, 11
3093, 18, 11
3093.1, 18, 11
3093.2, 18, 11
3093.3, 18, 11
3093.4, 18, 11
3093.5, 18, 11
3093.6, 18, 11
3093.7, 18, 11
3093.8, 18, 11
3093.9, 18, 11
3094, 18, 11
3094.1, 18, 11
3094.2, 18, 11
3094.3, 18, 11
3094.4, 18, 11
3094.5, 18, 11
3094.6, 18, 11
3094.7, 18, 12
3094.8, 18, 12
3094.9, 18, 12
3095, 18, 12
3095.1, 18, 12
3095.2, 18, 12
3095.3, 18, 12
3095.4, 18, 12
3095.5, 18, 12
3095.6, 18, 12
3095.7, 18, 12
3095.8, 18, 12
3095.9, 18, 12
3096, 18, 12
3096.1, 18, 12
3096.2, 18, 12
3096.3, 18, 12
3096.4, 18, 12
3096.5, 18, 12
3096.6, 18, 12
3096.7, 18, 12
3096.8, 18, 12
3096.9, 18, 12
3097, 18, 12
3097.1, 18, 12
3097.2, 18, 12
3097.3, 18, 12
3097.4, 18, 12
3097.5, 18, 12
3097.6, 18, 12
3097.7, 18, 11
3097.8, 18, 11
3097.9, 18, 12
3098, 18, 12
3098.1, 18, 12
3098.2, 18, 12
3098.3, 18, 12
3098.4, 18, 12
3098.5, 18, 12
3098.6, 18, 12
3098.7, 18, 12
3098.8, 18, 12
3098.9, 18, 12
3099, 18, 12
3099.1, 18, 12
3099.2, 18, 12
3099.3, 18, 12
3099.4, 18, 12
3099.5, 18, 12
3099.6, 18, 12
3099.7, 17, 12
3099.8, 17, 12
3099.9, 17, 12
3100, 17, 12
3100.1, 17, 12
3100.2, 17, 12
3100.3, 17, 12
3100.4, 17, 12
3100.5, 17, 12
3100.6, 17, 12
3100.7, 17, 12
3100.8, 17, 12
3100.9, 17, 12
3101, 17, 12
3101.1, 17, 12
3101.2, 17, 12
3101.3, 17, 12
3101.4, 17, 12
3101.5, 17, 12
3101.6, 17, 12
3101.7, 17, 12
3101.8, 17, 12
3101.9, 18, 12
3102, 18, 12
3102.1, 18, 12
3102.2, 18, 12
3102.3, 18, 12
3102.4, 18, 12
3102.5, 18, 12
3102.6, 18, 12
3102.7, 18, 12
3102.8, 18, 12
3102.9, 18, 12
3103, 18, 12
3103.1, 18, 12
3103.2, 18, 12
3103.3, 18, 12
3103.4, 18, 12
3103.5, 18, 12
3103.6, 18, 12
3103.7, 18, 12
3103.8, 18, 12
3103.9, 18, 12
3104, 18, 12
3104.1, 18, 12
3104.2, 18, 12
3104.3, 18, 12
3104.4, 18, 12
3104.5, 19, 12
3104.6, 19, 12
3104.7, 19, 12
3104.8, 19, 12
3104.9, 19, 12
3105, 19, 12
3105.1, 19, 12
3105.2, 19, 12
3105.3, 19, 12
3105.4, 19, 12
3105.5, 19, 12
3105.6, 19, 12
3105.7, 19, 12
3105.8, 19, 12
3105.9, 19, 12
3106, 19, 12
3106.1, 19, 12
3106.2, 19, 12
3106.3, 19, 12
3106.4, 19, 12
3106.5, 19, 12
3106.6, 19, 12
3106.7, 19, 12
3106.8, 19, 12
3106.9, 19, 12
3107, 19, 12
3107.1, 19, 12
3107.2, 19, 12
3107.3, 19, 12
3107.4, 19, 12
3107.5, 19, 12
3107.6, 19, 12
3107.7, 19, 12
3107.8, 19, 12
3107.9, 19, 12
3108, 19, 12
3108.1, 19, 12
3108.2, 19, 12
3108.3, 19, 12
3108.4, 19, 12
3108.5, 19, 12
3108.6, 19, 12
3108.7, 19, 12
3108.8, 19, 12
3108.9, 19, 12
3109, 19, 12
3109.1, 19, 12
3109.2, 19, 12
3109.3, 18, 12
3109.4, 18, 12
3109.5, 18, 12
3109.6, 18, 12
3109.7, 18, 12
3109.8, 18, 12
3109.9, 18, 12
3110, 18, 12
3110.1, 18, 12
3110.2, 18, 12
3110.3, 18, 12
3110.4, 18, 12
3110.5, 18, 12
3110.6, 18, 12
3110.7, 18, 12
3110.8, 18, 12
3110.9, 18, 12
3111, 18, 12
3111.1, 18, 12
3111.2, 18, 12
3111.3, 18, 12
3111.4, 18, 12
3111.5, 18, 12
3111.6, 18, 12
3111.7, 18, 12
3111.8, 18, 12
3111.9, 18, 13
3112, 18, 13
3112.1, 18, 13
3112.2, 18, 13
3112.3, 18, 13
3112.4, 18, 13
3112.5, 18, 13
3112.6, 18, 13
3112.7, 18, 13
3112.8, 18, 13
3112.9, 18, 13
3113, 18, 13
3113.1, 18, 13
3113.2, 18, 13
3113.3, 18, 13
3113.4, 18, 13
3113.5, 18, 13
3113.6, 18, 13
3113.7, 18, 13
3113.8, 18, 13
3113.9, 18, 13
3114, 18, 13
3114.1, 18, 13
3114.2, 18, 13
3114.3, 18, 13
3114.4, 18, 13
3114.5, 18, 13
3114.6, 18, 13
3114.7, 18, 12
3114.8, 18, 12
3114.9, 18, 12
3115, 18, 12
3115.1, 18, 12
3115.2, 18, 12
3115.3, 18, 12
3115.4, 18, 12
3115.5, 18, 12
3115.6, 18, 12
3115.7, 18, 12
3115.8, 18, 12
3115.9, 18, 11
3116, 18, 11
3116.1, 18, 11
3116.2, 18, 11
3116.3, 18, 11
3116.4, 18, 11
3116.5, 18, 11
3116.6, 18, 11
3116.7, 18, 11
3116.8, 18, 11
3116.9, 18, 11
3117, 18, 11
3117.1, 18, 11
3117.2, 18, 11
3117.3, 17, 11
3117.4, 17, 11
3117.5, 17, 11
3117.6, 17, 11
3117.7, 17, 11
3117.8, 17, 11
3117.9, 17, 11
3118, 17, 11
3118.1, 17, 10
3118.2, 17, 10
3118.3, 17, 9
3118.4, 17, 9
3118.5, 17, 9
3118.6, 17, 9
3118.7, 17, 9
3118.8, 17, 9
3118.9, 17, 9
3119, 17, 9
3119.1, 17, 9
3119.2, 17, 9
3119.3, 17, 9
3119.4, 17, 9
3119.5, 17, 9
3119.6, 17, 9
3119.7, 17, 9
3119.8, 17, 9
3119.9, 17, 9
3120, 17, 9
3120.1, 17, 9
3120.2, 17, 9
3120.3, 17, 9
3120.4, 17, 9
3120.5, 17, 9
3120.6, 17, 9
3120.7, 17, 10
3120.8, 17, 10
3120.9, 17, 10
3121, 17, 10
3121.1, 17, 10
3121.2, 17, 10
3121.3, 17, 10
3121.4, 17, 10
3121.5, 17, 10
3121.6, 17, 10
3121.7, 17, 10
3121.8, 17, 10
3121.9, 17, 10
3122, 17, 10
3122.1, 17, 10
3122.2, 17, 10
3122.3, 17, 10
3122.4, 17, 10
3122.5, 17, 10
3122.6, 17, 10
3122.7, 17, 10
3122.8, 17, 10
3122.9, 17, 10
3123, 17, 10
3123.1, 17, 10
3123.2, 17, 10
3123.3, 17, 10
3123.4, 17, 10
3123.5, 17, 10
3123.6, 17, 10
3123.7, 18, 10
3123.8, 18, 10
3123.9, 17, 10
3124, 17, 10
3124.1, 17, 10
3124.2, 17, 10
3124.3, 17, 10
3124.4, 17, 10
3124.5, 17, 10
3124.6, 17, 10
3124.7, 17, 10
3124.8, 17, 10
3124.9, 17, 10
3125, 17, 10
3125.1, 17, 10
3125.2, 17, 10
3125.3, 17, 10
3125.4, 17, 10
3125.5, 17, 10
3125.6, 17, 10
3125.7, 17, 10
3125.8, 17, 10
3125.9, 17, 10
3126, 17, 10
3126.1, 17, 10
3126.2, 17, 10
3126.3, 17, 10
3126.4, 17, 10
3126.5, 17, 10
3126.6, 17, 10
3126.7, 17, 10
3126.8, 17, 10
3126.9, 17, 10
3127, 17, 10
3127.1, 17, 10
3127.2, 17, 10
3127.3, 17, 10
3127.4, 17, 10
3127.5, 17, 10
3127.6, 17, 10
3127.7, 17, 10
3127.8, 17, 10
3127.9, 17, 10
3128, 17, 10
3128.1, 17, 10
3128.2, 17, 10
3128.3, 17, 10
3128.4, 17, 10
3128.5, 17, 10
3128.6, 17, 10
3128.7, 17, 10
3128.8, 17, 10
3128.9, 17, 10
3129, 17, 10
3129.1, 17, 10
3129.2, 17, 10
3129.3, 17, 10
3129.4, 17, 10
3129.5, 17, 10
3129.6, 17, 10
3129.7, 17, 11
3129.8, 17, 11
3129.9, 17, 11
3130, 17, 11
3130.1, 17, 11
3130.2, 17, 11
3130.3, 17, 11
3130.4, 17, 11
3130.5, 17, 11
3130.6, 17, 11
3130.7, 17, 11
3130.8, 17, 11
3130.9, 17, 11
3131, 17, 11
3131.1, 17, 11
3131.2, 17, 11
3131.3, 17, 11
3131.4, 17, 11
3131.5, 17, 11
3131.6, 17, 11
3131.7, 18, 11
3131.8, 18, 11
3131.9, 18, 11
3132, 18, 11
3132.1, 18, 11
3132.2, 18, 11
3132.3, 18, 11
3132.4, 18, 11
3132.5, 18, 11
3132.6, 18, 11
3132.7, 18, 11
3132.8, 18, 11
3132.9, 18, 11
3133, 18, 11
3133.1, 18, 11
3133.2, 18, 11
3133.3, 18, 11
3133.4, 18, 11
3133.5, 18, 11
3133.6, 18, 11
3133.7, 18, 11
3133.8, 18, 11
3133.9, 18, 11
3134, 18, 11
3134.1, 18, 11
3134.2, 18, 11
3134.3, 18, 11
3134.4, 18, 11
3134.5, 18, 11
3134.6, 18, 11
3134.7, 18, 11
3134.8, 18, 11
3134.9, 18, 11
3135, 18, 11
3135.1, 18, 11
3135.2, 18, 11
3135.3, 18, 11
3135.4, 18, 11
3135.5, 18, 11
3135.6, 18, 11
3135.7, 18, 11
3135.8, 18, 11
3135.9, 18, 11
3136, 18, 11
3136.1, 18, 11
3136.2, 18, 11
3136.3, 18, 11
3136.4, 18, 11
3136.5, 18, 11
3136.6, 18, 11
3136.7, 18, 11
3136.8, 18, 11
3136.9, 18, 11
3137, 18, 11
3137.1, 18, 11
3137.2, 18, 11
3137.3, 18, 11
3137.4, 18, 11
3137.5, 18, 11
3137.6, 18, 11
3137.7, 18, 11
3137.8, 18, 11
3137.9, 18, 11
3138, 18, 11
3138.1, 19, 11
3138.2, 19, 11
3138.3, 19, 11
3138.4, 19, 11
3138.5, 19, 11
3138.6, 19, 11
3138.7, 19, 11
3138.8, 19, 11
3138.9, 19, 11
3139, 19, 11
3139.1, 19, 11
3139.2, 19, 11
3139.3, 20, 11
3139.4, 20, 11
3139.5, 20, 10
3139.6, 20, 10
3139.7, 20, 10
3139.8, 20, 10
3139.9, 19, 10
3140, 19, 10
3140.1, 19, 10
3140.2, 19, 10
3140.3, 19, 10
3140.4, 19, 10
3140.5, 19, 10
3140.6, 19, 10
3140.7, 19, 10
3140.8, 19, 10
3140.9, 19, 10
3141, 19, 10
3141.1, 19, 10
3141.2, 19, 10
3141.3, 19, 10
3141.4, 19, 10
3141.5, 18, 10
3141.6, 18, 10
3141.7, 18, 10
3141.8, 18, 10
3141.9, 18, 10
3142, 18, 10
3142.1, 18, 10
3142.2, 18, 10
3142.3, 18, 10
3142.4, 18, 10
3142.5, 18, 10
3142.6, 18, 10
3142.7, 18, 10
3142.8, 18, 10
3142.9, 18, 10
3143, 18, 10
3143.1, 18, 10
3143.2, 18, 10
3143.3, 18, 10
3143.4, 18, 10
3143.5, 18, 10
3143.6, 18, 10
3143.7, 18, 10
3143.8, 18, 10
3143.9, 18, 10
3144, 18, 10
3144.1, 18, 10
3144.2, 18, 10
3144.3, 18, 10
3144.4, 18, 10
3144.5, 18, 10
3144.6, 18, 10
3144.7, 18, 10
3144.8, 18, 10
3144.9, 18, 10
3145, 18, 10
3145.1, 18, 10
3145.2, 18, 10
3145.3, 18, 10
3145.4, 18, 10
3145.5, 18, 10
3145.6, 18, 10
3145.7, 19, 10
3145.8, 19, 10
3145.9, 19, 10
3146, 19, 10
3146.1, 19, 10
3146.2, 19, 10
3146.3, 19, 10
3146.4, 19, 10
3146.5, 19, 10
3146.6, 19, 10
3146.7, 19, 10
3146.8, 19, 10
3146.9, 19, 10
3147, 19, 10
3147.1, 19, 10
3147.2, 19, 10
3147.3, 19, 10
3147.4, 19, 10
3147.5, 19, 10
3147.6, 19, 10
3147.7, 19, 10
3147.8, 19, 10
3147.9, 18, 10
3148, 18, 10
3148.1, 18, 11
3148.2, 18, 11
3148.3, 18, 11
3148.4, 18, 11
3148.5, 19, 11
3148.6, 19, 11
3148.7, 19, 11
3148.8, 19, 11
3148.9, 19, 11
3149, 19, 11
3149.1, 19, 12
3149.2, 19, 12
3149.3, 19, 12
3149.4, 19, 12
3149.5, 19, 12
3149.6, 19, 12
3149.7, 19, 12
3149.8, 19, 12
3149.9, 19, 12
3150, 19, 12
3150.1, 19, 12
3150.2, 19, 12
3150.3, 19, 11
3150.4, 19, 11
3150.5, 19, 10
3150.6, 19, 10
3150.7, 19, 10
3150.8, 19, 10
3150.9, 19, 10
3151, 19, 10
3151.1, 19, 10
3151.2, 19, 10
3151.3, 19, 10
3151.4, 19, 10
3151.5, 19, 10
3151.6, 19, 10
3151.7, 19, 10
3151.8, 19, 10
3151.9, 19, 10
3152, 19, 10
3152.1, 19, 10
3152.2, 19, 10
3152.3, 19, 10
3152.4, 19, 10
3152.5, 19, 10
3152.6, 19, 10
3152.7, 19, 10
3152.8, 19, 10
3152.9, 19, 10
3153, 19, 10
3153.1, 19, 11
3153.2, 19, 11
3153.3, 19, 11
3153.4, 19, 11
3153.5, 19, 12
3153.6, 19, 12
3153.7, 19, 12
3153.8, 19, 12
3153.9, 19, 12
3154, 19, 12
3154.1, 19, 12
3154.2, 19, 12
3154.3, 19, 12
3154.4, 19, 12
3154.5, 19, 12
3154.6, 19, 12
3154.7, 19, 12
3154.8, 19, 12
3154.9, 19, 12
3155, 19, 12
3155.1, 18, 12
3155.2, 18, 12
3155.3, 18, 12
3155.4, 18, 12
3155.5, 18, 12
3155.6, 18, 12
3155.7, 18, 12
3155.8, 18, 12
3155.9, 18, 12
3156, 18, 12
3156.1, 18, 12
3156.2, 18, 12
3156.3, 18, 12
3156.4, 18, 12
3156.5, 18, 12
3156.6, 18, 12
3156.7, 18, 12
3156.8, 18, 12
3156.9, 17, 12
3157, 17, 12
3157.1, 17, 12
3157.2, 17, 12
3157.3, 17, 12
3157.4, 17, 12
3157.5, 17, 12
3157.6, 17, 12
3157.7, 17, 12
3157.8, 17, 12
3157.9, 17, 12
3158, 17, 12
3158.1, 17, 12
3158.2, 17, 12
3158.3, 17, 12
3158.4, 17, 12
3158.5, 17, 12
3158.6, 17, 12
3158.7, 18, 12
3158.8, 18, 12
3158.9, 18, 12
3159, 18, 12
3159.1, 18, 12
3159.2, 18, 12
3159.3, 18, 12
3159.4, 18, 12
3159.5, 18, 12
3159.6, 18, 12
3159.7, 18, 12
3159.8, 18, 12
3159.9, 18, 12
3160, 18, 12
3160.1, 18, 12
3160.2, 18, 12
3160.3, 18, 12
3160.4, 18, 12
3160.5, 18, 12
3160.6, 18, 12
3160.7, 18, 12
3160.8, 18, 12
3160.9, 18, 12
3161, 18, 12
3161.1, 18, 12
3161.2, 18, 12
3161.3, 18, 12
3161.4, 18, 12
3161.5, 18, 12
3161.6, 18, 12
3161.7, 18, 12
3161.8, 18, 12
3161.9, 18, 12
3162, 18, 12
3162.1, 18, 11
3162.2, 18, 11
3162.3, 18, 11
3162.4, 18, 11
3162.5, 18, 11
3162.6, 18, 11
3162.7, 18, 11
3162.8, 18, 11
3162.9, 18, 11
3163, 18, 11
3163.1, 17, 11
3163.2, 17, 11
3163.3, 16, 11
3163.4, 16, 11
3163.5, 16, 11
3163.6, 16, 11
3163.7, 16, 11
3163.8, 16, 11
3163.9, 16, 11
3164, 16, 11
3164.1, 16, 11
3164.2, 16, 11
3164.3, 16, 11
3164.4, 16, 11
3164.5, 17, 11
3164.6, 17, 11
3164.7, 17, 11
3164.8, 17, 11
3164.9, 17, 11
3165, 17, 11
3165.1, 17, 11
3165.2, 17, 11
3165.3, 17, 11
3165.4, 17, 11
3165.5, 17, 11
3165.6, 17, 11
3165.7, 17, 11
3165.8, 17, 11
3165.9, 17, 11
3166, 17, 11
3166.1, 17, 11
3166.2, 17, 11
3166.3, 17, 11
3166.4, 17, 11
3166.5, 17, 11
3166.6, 17, 11
3166.7, 17, 11
3166.8, 17, 11
3166.9, 17, 11
3167, 17, 11
3167.1, 17, 11
3167.2, 17, 11
3167.3, 17, 11
3167.4, 17, 11
3167.5, 17, 11
3167.6, 17, 11
3167.7, 17, 11
3167.8, 17, 11
3167.9, 17, 11
3168, 17, 11
3168.1, 17, 11
3168.2, 17, 11
3168.3, 17, 11
3168.4, 17, 11
3168.5, 17, 11
3168.6, 17, 11
3168.7, 17, 11
3168.8, 17, 11
3168.9, 17, 10
3169, 17, 10
3169.1, 17, 10
3169.2, 17, 10
3169.3, 17, 10
3169.4, 17, 10
3169.5, 17, 9
3169.6, 17, 9
3169.7, 17, 9
3169.8, 17, 9
3169.9, 17, 9
3170, 17, 9
3170.1, 17, 9
3170.2, 17, 9
3170.3, 17, 9
3170.4, 17, 9
3170.5, 17, 9
3170.6, 17, 9
3170.7, 17, 9
3170.8, 17, 9
3170.9, 17, 9
3171, 17, 9
3171.1, 17, 9
3171.2, 17, 9
3171.3, 17, 9
3171.4, 17, 9
3171.5, 18, 9
3171.6, 18, 9
3171.7, 18, 9
3171.8, 18, 9
3171.9, 18, 9
3172, 18, 9
3172.1, 18, 9
3172.2, 18, 9
3172.3, 18, 9
3172.4, 18, 9
3172.5, 18, 9
3172.6, 18, 9
3172.7, 18, 9
3172.8, 18, 9
3172.9, 18, 9
3173, 18, 9
3173.1, 18, 9
3173.2, 18, 9
3173.3, 18, 9
3173.4, 18, 9
3173.5, 18, 10
3173.6, 18, 10
3173.7, 18, 10
3173.8, 18, 10
3173.9, 18, 10
3174, 18, 10
3174.1, 18, 10
3174.2, 18, 10
3174.3, 18, 10
3174.4, 18, 10
3174.5, 18, 10
3174.6, 18, 10
3174.7, 18, 10
3174.8, 18, 10
3174.9, 18, 10
3175, 18, 10
3175.1, 18, 10
3175.2, 18, 10
3175.3, 18, 10
3175.4, 18, 10
3175.5, 18, 10
3175.6, 18, 10
3175.7, 18, 10
3175.8, 18, 10
3175.9, 18, 10
3176, 18, 10
3176.1, 18, 10
3176.2, 18, 10
3176.3, 18, 10
3176.4, 18, 10
3176.5, 18, 10
3176.6, 18, 10
3176.7, 18, 10
3176.8, 18, 10
3176.9, 18, 10
3177, 18, 10
3177.1, 18, 10
3177.2, 18, 10
3177.3, 18, 10
3177.4, 18, 10
3177.5, 18, 10
3177.6, 18, 10
3177.7, 18, 10
3177.8, 18, 10
3177.9, 18, 10
3178, 18, 10
3178.1, 18, 10
3178.2, 18, 10
3178.3, 17, 10
3178.4, 17, 10
3178.5, 17, 9
3178.6, 17, 9
3178.7, 17, 9
3178.8, 17, 9
3178.9, 17, 9
3179, 17, 9
3179.1, 17, 9
3179.2, 17, 9
3179.3, 17, 8
3179.4, 17, 8
3179.5, 17, 8
3179.6, 17, 8
3179.7, 17, 8
3179.8, 17, 8
3179.9, 17, 8
3180, 17, 8
3180.1, 17, 8
3180.2, 17, 8
3180.3, 17, 8
3180.4, 17, 8
3180.5, 17, 8
3180.6, 17, 8
3180.7, 17, 8
3180.8, 17, 8
3180.9, 17, 8
3181, 17, 8
3181.1, 17, 8
3181.2, 17, 8
3181.3, 17, 8
3181.4, 17, 8
3181.5, 17, 8
3181.6, 17, 8
3181.7, 17, 8
3181.8, 17, 8
3181.9, 17, 8
3182, 17, 8
3182.1, 16, 8
3182.2, 16, 8
3182.3, 16, 8
3182.4, 16, 8
3182.5, 16, 7
3182.6, 16, 7
3182.7, 16, 7
3182.8, 16, 7
3182.9, 16, 7
3183, 16, 7
3183.1, 16, 7
3183.2, 16, 7
3183.3, 16, 7
3183.4, 16, 7
3183.5, 16, 7
3183.6, 16, 7
3183.7, 16, 7
3183.8, 16, 7
3183.9, 16, 7
3184, 16, 7
3184.1, 16, 7
3184.2, 16, 7
3184.3, 16, 7
3184.4, 16, 7
3184.5, 16, 7
3184.6, 16, 7
3184.7, 15, 7
3184.8, 15, 7
3184.9, 15, 7
3185, 15, 7
3185.1, 15, 7
3185.2, 15, 7
3185.3, 15, 7
3185.4, 15, 7
3185.5, 15, 7
3185.6, 15, 7
3185.7, 15, 7
3185.8, 15, 7
3185.9, 15, 7
3186, 15, 7
3186.1, 15, 7
3186.2, 15, 7
3186.3, 15, 7
3186.4, 15, 7
3186.5, 15, 7
3186.6, 15, 7
3186.7, 15, 6
3186.8, 15, 6
3186.9, 15, 6
3187, 15, 6
3187.1, 15, 6
3187.2, 15, 6
3187.3, 15, 6
3187.4, 15, 6
3187.5, 15, 6
3187.6, 15, 6
3187.7, 15, 6
3187.8, 15, 6
3187.9, 15, 6
3188, 15, 6
3188.1, 15, 6
3188.2, 15, 6
3188.3, 15, 6
3188.4, 15, 6
3188.5, 15, 6
3188.6, 15, 6
3188.7, 15, 6
3188.8, 15, 6
3188.9, 15, 6
3189, 15, 6
3189.1, 15, 6
3189.2, 15, 6
3189.3, 16, 6
3189.4, 16, 6
3189.5, 16, 6
3189.6, 16, 6
3189.7, 16, 6
3189.8, 16, 6
3189.9, 16, 6
3190, 16, 6
3190.1, 15, 6
3190.2, 15, 6
3190.3, 15, 6
3190.4, 15, 6
3190.5, 15, 6
3190.6, 15, 6
3190.7, 16, 6
3190.8, 16, 6
3190.9, 16, 6
3191, 16, 6
3191.1, 16, 6
3191.2, 16, 6
3191.3, 16, 6
3191.4, 16, 6
3191.5, 16, 6
3191.6, 16, 6
3191.7, 16, 6
3191.8, 16, 6
3191.9, 16, 7
3192, 16, 7
3192.1, 15, 7
3192.2, 15, 7
3192.3, 15, 7
3192.4, 15, 7
3192.5, 15, 7
3192.6, 15, 7
3192.7, 15, 7
3192.8, 15, 7
3192.9, 15, 7
3193, 15, 7
3193.1, 16, 7
3193.2, 16, 7
3193.3, 16, 7
3193.4, 16, 7
3193.5, 16, 7
3193.6, 16, 7
3193.7, 16, 7
3193.8, 16, 7
3193.9, 16, 7
3194, 16, 7
3194.1, 16, 7
3194.2, 16, 7
3194.3, 16, 7
3194.4, 16, 7
3194.5, 16, 7
3194.6, 16, 7
3194.7, 16, 7
3194.8, 16, 7
3194.9, 16, 7
3195, 16, 7
3195.1, 16, 7
3195.2, 16, 7
3195.3, 16, 7
3195.4, 16, 7
3195.5, 16, 7
3195.6, 16, 7
3195.7, 16, 7
3195.8, 16, 7
3195.9, 16, 7
3196, 16, 7
3196.1, 16, 7
3196.2, 16, 7
3196.3, 16, 7
3196.4, 16, 7
3196.5, 16, 7
3196.6, 16, 7
3196.7, 16, 7
3196.8, 16, 7
3196.9, 16, 7
3197, 16, 7
3197.1, 16, 7
3197.2, 16, 7
3197.3, 16, 7
3197.4, 16, 7
3197.5, 16, 7
3197.6, 16, 7
3197.7, 16, 7
3197.8, 16, 7
3197.9, 16, 7
3198, 16, 7
3198.1, 16, 7
3198.2, 16, 7
3198.3, 16, 7
3198.4, 16, 7
3198.5, 16, 7
3198.6, 16, 7
3198.7, 16, 7
3198.8, 16, 7
3198.9, 16, 7
3199, 16, 7
3199.1, 16, 7
3199.2, 16, 7
3199.3, 16, 7
3199.4, 16, 7
3199.5, 16, 7
3199.6, 16, 7
3199.7, 16, 7
3199.8, 16, 7
3199.9, 16, 7
3200, 16, 7
3200.1, 16, 7
3200.2, 16, 7
3200.3, 15, 7
3200.4, 15, 7
3200.5, 15, 7
3200.6, 15, 7
3200.7, 15, 7
3200.8, 15, 7
3200.9, 15, 7
3201, 15, 7
3201.1, 15, 7
3201.2, 15, 7
3201.3, 15, 7
3201.4, 15, 7
3201.5, 15, 7
3201.6, 15, 7
3201.7, 15, 7
3201.8, 15, 7
3201.9, 15, 7
3202, 15, 7
3202.1, 15, 7
3202.2, 15, 7
3202.3, 15, 7
3202.4, 15, 7
3202.5, 15, 7
3202.6, 15, 7
3202.7, 15, 7
3202.8, 15, 7
3202.9, 15, 7
3203, 15, 7
3203.1, 15, 7
3203.2, 15, 7
3203.3, 15, 7
3203.4, 15, 7
3203.5, 15, 7
3203.6, 15, 7
3203.7, 15, 7
3203.8, 15, 7
3203.9, 15, 7
3204, 15, 7
3204.1, 15, 7
3204.2, 15, 7
3204.3, 15, 7
3204.4, 15, 7
3204.5, 15, 7
3204.6, 15, 7
3204.7, 15, 7
3204.8, 15, 7
3204.9, 15, 7
3205, 15, 7
3205.1, 15, 7
3205.2, 15, 7
3205.3, 15, 7
3205.4, 15, 7
3205.5, 15, 7
3205.6, 15, 7
3205.7, 15, 7
3205.8, 15, 7
3205.9, 15, 7
3206, 15, 7
3206.1, 15, 7
3206.2, 15, 7
3206.3, 15, 7
3206.4, 15, 7
3206.5, 15, 7
3206.6, 15, 7
3206.7, 15, 7
3206.8, 15, 7
3206.9, 15, 7
3207, 15, 7
3207.1, 15, 7
3207.2, 15, 7
3207.3, 15, 7
3207.4, 15, 7
3207.5, 15, 7
3207.6, 15, 7
3207.7, 15, 7
3207.8, 15, 7
3207.9, 15, 7
3208, 15, 7
3208.1, 15, 7
3208.2, 15, 7
3208.3, 15, 7
3208.4, 15, 7
3208.5, 15, 7
3208.6, 15, 7
3208.7, 15, 7
3208.8, 15, 7
3208.9, 15, 7
3209, 15, 7
3209.1, 15, 7
3209.2, 15, 7
3209.3, 15, 7
3209.4, 15, 7
3209.5, 15, 7
3209.6, 15, 7
3209.7, 15, 7
3209.8, 15, 7
3209.9, 15, 7
3210, 15, 7
3210.1, 14, 7
3210.2, 14, 7
3210.3, 14, 7
3210.4, 14, 7
3210.5, 14, 7
3210.6, 14, 7
3210.7, 14, 7
3210.8, 14, 7
3210.9, 14, 7
3211, 14, 7
3211.1, 14, 7
3211.2, 14, 7
3211.3, 14, 7
3211.4, 14, 7
3211.5, 14, 6
3211.6, 14, 6
3211.7, 14, 6
3211.8, 14, 6
3211.9, 14, 6
3212, 14, 6
3212.1, 14, 6
3212.2, 14, 6
3212.3, 14, 6
3212.4, 14, 6
3212.5, 14, 6
3212.6, 14, 6
3212.7, 14, 6
3212.8, 14, 6
3212.9, 14, 6
3213, 14, 6
3213.1, 14, 6
3213.2, 14, 6
3213.3, 14, 6
3213.4, 14, 6
3213.5, 14, 7
3213.6, 14, 7
3213.7, 14, 7
3213.8, 14, 7
3213.9, 14, 7
3214, 14, 7
3214.1, 14, 7
3214.2, 14, 7
3214.3, 14, 8
3214.4, 14, 8
3214.5, 14, 8
3214.6, 14, 8
3214.7, 14, 8
3214.8, 14, 8
3214.9, 14, 8
3215, 14, 8
3215.1, 13, 8
3215.2, 13, 8
3215.3, 13, 8
3215.4, 13, 8
3215.5, 13, 8
3215.6, 13, 8
3215.7, 12, 8
3215.8, 12, 8
3215.9, 12, 8
3216, 12, 8
3216.1, 12, 8
3216.2, 12, 8
3216.3, 12, 8
3216.4, 12, 8
3216.5, 12, 8
3216.6, 12, 8
3216.7, 12, 8
3216.8, 12, 8
3216.9, 12, 8
3217, 12, 8
3217.1, 12, 8
3217.2, 12, 8
3217.3, 12, 8
3217.4, 12, 8
3217.5, 12, 8
3217.6, 12, 8
3217.7, 12, 8
3217.8, 12, 8
3217.9, 12, 8
3218, 12, 8
3218.1, 12, 8
3218.2, 12, 8
3218.3, 12, 8
3218.4, 12, 8
3218.5, 12, 8
3218.6, 12, 8
3218.7, 12, 8
3218.8, 12, 8
3218.9, 12, 8
3219, 12, 8
3219.1, 12, 8
3219.2, 12, 8
3219.3, 12, 9
3219.4, 12, 9
3219.5, 12, 9
3219.6, 12, 9
3219.7, 12, 9
3219.8, 12, 9
3219.9, 12, 9
3220, 12, 9
3220.1, 12, 9
3220.2, 12, 9
3220.3, 12, 9
3220.4, 12, 9
3220.5, 12, 9
3220.6, 12, 9
3220.7, 12, 9
3220.8, 12, 9
3220.9, 12, 9
3221, 12, 9
3221.1, 12, 9
3221.2, 12, 9
3221.3, 11, 9
3221.4, 11, 9
3221.5, 11, 8
3221.6, 11, 8
3221.7, 11, 8
3221.8, 11, 8
3221.9, 11, 8
3222, 11, 8
3222.1, 11, 8
3222.2, 11, 8
3222.3, 12, 8
3222.4, 12, 8
3222.5, 12, 8
3222.6, 12, 8
3222.7, 12, 8
3222.8, 12, 8
3222.9, 12, 8
3223, 12, 8
3223.1, 12, 8
3223.2, 12, 8
3223.3, 12, 8
3223.4, 12, 8
3223.5, 12, 8
3223.6, 12, 8
3223.7, 12, 8
3223.8, 12, 8
3223.9, 12, 8
3224, 12, 8
3224.1, 12, 8
3224.2, 12, 8
3224.3, 12, 8
3224.4, 12, 8
3224.5, 12, 8
3224.6, 12, 8
3224.7, 12, 8
3224.8, 12, 8
3224.9, 12, 8
3225, 12, 8
3225.1, 12, 8
3225.2, 12, 8
3225.3, 12, 7
3225.4, 12, 7
3225.5, 12, 7
3225.6, 12, 7
3225.7, 12, 7
3225.8, 12, 7
3225.9, 12, 7
3226, 12, 7
3226.1, 12, 7
3226.2, 12, 7
3226.3, 12, 7
3226.4, 12, 7
3226.5, 12, 7
3226.6, 12, 7
3226.7, 12, 7
3226.8, 12, 7
3226.9, 12, 7
3227, 12, 7
3227.1, 12, 7
3227.2, 12, 7
3227.3, 12, 7
3227.4, 12, 7
3227.5, 12, 7
3227.6, 12, 7
3227.7, 12, 7
3227.8, 12, 7
3227.9, 12, 7
3228, 12, 7
3228.1, 12, 7
3228.2, 12, 7
3228.3, 12, 7
3228.4, 12, 7
3228.5, 12, 7
3228.6, 12, 7
3228.7, 12, 7
3228.8, 12, 7
3228.9, 11, 7
3229, 11, 7
3229.1, 11, 7
3229.2, 11, 7
3229.3, 11, 7
3229.4, 11, 7
3229.5, 10, 7
3229.6, 10, 7
3229.7, 10, 7
3229.8, 10, 7
3229.9, 10, 7
3230, 10, 7
3230.1, 10, 7
3230.2, 10, 7
3230.3, 10, 7
3230.4, 10, 7
3230.5, 10, 7
3230.6, 10, 7
3230.7, 10, 7
3230.8, 10, 7
3230.9, 10, 7
3231, 10, 7
3231.1, 10, 7
3231.2, 10, 7
3231.3, 10, 7
3231.4, 10, 7
3231.5, 10, 7
3231.6, 10, 7
3231.7, 10, 7
3231.8, 10, 7
3231.9, 10, 8
3232, 10, 8
3232.1, 10, 8
3232.2, 10, 8
3232.3, 10, 8
3232.4, 10, 8
3232.5, 10, 8
3232.6, 10, 8
3232.7, 10, 8
3232.8, 10, 8
3232.9, 10, 8
3233, 10, 8
3233.1, 10, 8
3233.2, 10, 8
3233.3, 10, 8
3233.4, 10, 8
3233.5, 10, 8
3233.6, 10, 8
3233.7, 10, 8
3233.8, 10, 8
3233.9, 10, 8
3234, 10, 8
3234.1, 10, 8
3234.2, 10, 8
3234.3, 10, 8
3234.4, 10, 8
3234.5, 10, 8
3234.6, 10, 8
3234.7, 10, 8
3234.8, 10, 8
3234.9, 10, 8
3235, 10, 8
3235.1, 10, 8
3235.2, 10, 8
3235.3, 10, 8
3235.4, 10, 8
3235.5, 10, 8
3235.6, 10, 8
3235.7, 10, 8
3235.8, 10, 8
3235.9, 10, 8
3236, 10, 8
3236.1, 10, 8
3236.2, 10, 8
3236.3, 10, 8
3236.4, 10, 8
3236.5, 10, 8
3236.6, 10, 8
3236.7, 10, 8
3236.8, 10, 8
3236.9, 10, 8
3237, 10, 8
3237.1, 10, 8
3237.2, 10, 8
3237.3, 10, 8
3237.4, 10, 8
3237.5, 10, 8
3237.6, 10, 8
3237.7, 11, 8
3237.8, 11, 8
3237.9, 11, 8
3238, 11, 8
3238.1, 11, 8
3238.2, 11, 8
3238.3, 11, 8
3238.4, 11, 8
3238.5, 11, 8
3238.6, 11, 8
3238.7, 11, 8
3238.8, 11, 8
3238.9, 11, 8
3239, 11, 8
3239.1, 11, 8
3239.2, 11, 8
3239.3, 11, 8
3239.4, 11, 8
3239.5, 11, 8
3239.6, 11, 8
3239.7, 11, 8
3239.8, 11, 8
3239.9, 11, 8
3240, 11, 8
3240.1, 11, 9
3240.2, 11, 9
3240.3, 11, 9
3240.4, 11, 9
3240.5, 11, 9
3240.6, 11, 9
3240.7, 11, 9
3240.8, 11, 9
3240.9, 11, 9
3241, 11, 9
3241.1, 11, 9
3241.2, 11, 9
3241.3, 12, 9
3241.4, 12, 9
3241.5, 12, 9
3241.6, 12, 9
3241.7, 12, 9
3241.8, 12, 9
3241.9, 12, 9
3242, 12, 9
3242.1, 12, 9
3242.2, 12, 9
3242.3, 12, 9
3242.4, 12, 9
3242.5, 12, 9
3242.6, 12, 9
3242.7, 12, 9
3242.8, 12, 9
3242.9, 12, 9
3243, 12, 9
3243.1, 12, 9
3243.2, 12, 9
3243.3, 12, 9
3243.4, 12, 9
3243.5, 12, 9
3243.6, 12, 9
3243.7, 12, 9
3243.8, 12, 9
3243.9, 12, 9
3244, 12, 9
3244.1, 12, 9
3244.2, 12, 9
3244.3, 12, 9
3244.4, 12, 9
3244.5, 12, 9
3244.6, 12, 9
3244.7, 12, 9
3244.8, 12, 9
3244.9, 12, 9
3245, 12, 9
3245.1, 12, 9
3245.2, 12, 9
3245.3, 12, 9
3245.4, 12, 9
3245.5, 12, 9
3245.6, 12, 9
3245.7, 12, 9
3245.8, 12, 9
3245.9, 12, 9
3246, 12, 9
3246.1, 12, 9
3246.2, 12, 9
3246.3, 12, 9
3246.4, 12, 9
3246.5, 12, 10
3246.6, 12, 10
3246.7, 12, 10
3246.8, 12, 10
3246.9, 12, 10
3247, 12, 10
3247.1, 12, 10
3247.2, 12, 10
3247.3, 12, 10
3247.4, 12, 10
3247.5, 12, 9
3247.6, 12, 9
3247.7, 12, 9
3247.8, 12, 9
3247.9, 12, 9
3248, 12, 9
3248.1, 12, 9
3248.2, 12, 9
3248.3, 12, 9
3248.4, 12, 9
3248.5, 12, 9
3248.6, 12, 9
3248.7, 12, 9
3248.8, 12, 9
3248.9, 12, 9
3249, 12, 9
3249.1, 12, 9
3249.2, 12, 9
3249.3, 12, 9
3249.4, 12, 9
3249.5, 12, 9
3249.6, 12, 9
3249.7, 12, 9
3249.8, 12, 9
3249.9, 12, 9
3250, 12, 9
3250.1, 12, 9
3250.2, 12, 9
3250.3, 12, 9
3250.4, 12, 9
3250.5, 12, 10
3250.6, 12, 10
3250.7, 12, 10
3250.8, 12, 10
3250.9, 12, 10
3251, 12, 10
3251.1, 12, 10
3251.2, 12, 10
3251.3, 12, 10
3251.4, 12, 10
3251.5, 12, 10
3251.6, 12, 10
3251.7, 12, 10
3251.8, 12, 10
3251.9, 12, 10
3252, 12, 10
3252.1, 12, 10
3252.2, 12, 10
3252.3, 12, 10
3252.4, 12, 10
3252.5, 12, 10
3252.6, 12, 10
3252.7, 12, 10
3252.8, 12, 10
3252.9, 12, 10
3253, 12, 10
3253.1, 12, 10
3253.2, 12, 10
3253.3, 12, 10
3253.4, 12, 10
3253.5, 12, 10
3253.6, 12, 10
3253.7, 12, 10
3253.8, 12, 10
3253.9, 11, 10
3254, 11, 10
3254.1, 11, 10
3254.2, 11, 10
3254.3, 11, 9
3254.4, 11, 9
3254.5, 11, 9
3254.6, 11, 9
3254.7, 11, 9
3254.8, 11, 9
3254.9, 11, 9
3255, 11, 9
3255.1, 12, 9
3255.2, 12, 9
3255.3, 12, 9
3255.4, 12, 9
3255.5, 12, 9
3255.6, 12, 9
3255.7, 12, 9
3255.8, 12, 9
3255.9, 12, 9
3256, 12, 9
3256.1, 12, 9
3256.2, 12, 9
3256.3, 12, 9
3256.4, 12, 9
3256.5, 12, 9
3256.6, 12, 9
3256.7, 12, 9
3256.8, 12, 9
3256.9, 12, 9
3257, 12, 9
3257.1, 12, 9
3257.2, 12, 9
3257.3, 12, 9
3257.4, 12, 9
3257.5, 13, 9
3257.6, 13, 9
3257.7, 13, 8
3257.8, 13, 8
3257.9, 13, 8
3258, 13, 8
3258.1, 13, 8
3258.2, 13, 8
3258.3, 13, 8
3258.4, 13, 8
3258.5, 13, 8
3258.6, 13, 8
3258.7, 13, 8
3258.8, 13, 8
3258.9, 13, 8
3259, 13, 8
3259.1, 13, 8
3259.2, 13, 8
3259.3, 13, 7
3259.4, 13, 7
3259.5, 13, 7
3259.6, 13, 7
3259.7, 13, 7
3259.8, 13, 7
3259.9, 13, 7
3260, 13, 7
3260.1, 13, 7
3260.2, 13, 7
3260.3, 13, 7
3260.4, 13, 7
3260.5, 13, 7
3260.6, 13, 7
3260.7, 13, 7
3260.8, 13, 7
3260.9, 13, 7
3261, 13, 7
3261.1, 13, 7
3261.2, 13, 7
3261.3, 13, 7
3261.4, 13, 7
3261.5, 13, 7
3261.6, 13, 7
3261.7, 13, 7
3261.8, 13, 7
3261.9, 12, 7
3262, 12, 7
3262.1, 12, 7
3262.2, 12, 7
3262.3, 12, 7
3262.4, 12, 7
3262.5, 12, 7
3262.6, 12, 7
3262.7, 12, 7
3262.8, 12, 7
3262.9, 12, 6
3263, 12, 6
3263.1, 12, 6
3263.2, 12, 6
3263.3, 12, 6
3263.4, 12, 6
3263.5, 12, 5
3263.6, 12, 5
3263.7, 12, 5
3263.8, 12, 5
3263.9, 12, 5
3264, 12, 5
3264.1, 12, 5
3264.2, 12, 5
3264.3, 12, 5
3264.4, 12, 5
3264.5, 12, 5
3264.6, 12, 5
3264.7, 12, 5
3264.8, 12, 5
3264.9, 12, 5
3265, 12, 5
3265.1, 12, 5
3265.2, 12, 5
3265.3, 12, 5
3265.4, 12, 5
3265.5, 12, 5
3265.6, 12, 5
3265.7, 12, 5
3265.8, 12, 5
3265.9, 12, 5
3266, 12, 5
3266.1, 12, 5
3266.2, 12, 5
3266.3, 12, 5
3266.4, 12, 5
3266.5, 12, 5
3266.6, 12, 5
3266.7, 12, 5
3266.8, 12, 5
3266.9, 12, 5
3267, 12, 5
3267.1, 12, 5
3267.2, 12, 5
3267.3, 12, 5
3267.4, 12, 5
3267.5, 12, 5
3267.6, 12, 5
3267.7, 12, 5
3267.8, 12, 5
3267.9, 12, 5
3268, 12, 5
3268.1, 12, 6
3268.2, 12, 6
3268.3, 11, 6
3268.4, 11, 6
3268.5, 11, 6
3268.6, 11, 6
3268.7, 11, 6
3268.8, 11, 6
3268.9, 11, 6
3269, 11, 6
3269.1, 11, 6
3269.2, 11, 6
3269.3, 11, 6
3269.4, 11, 6
3269.5, 11, 6
3269.6, 11, 6
3269.7, 11, 6
3269.8, 11, 6
3269.9, 11, 6
3270, 11, 6
3270.1, 11, 6
3270.2, 11, 6
3270.3, 11, 6
3270.4, 11, 6
3270.5, 11, 6
3270.6, 11, 6
3270.7, 10, 6
3270.8, 10, 6
3270.9, 10, 6
3271, 10, 6
3271.1, 10, 6
3271.2, 10, 6
3271.3, 11, 6
3271.4, 11, 6
3271.5, 11, 6
3271.6, 11, 6
3271.7, 11, 6
3271.8, 11, 6
3271.9, 11, 6
3272, 11, 6
3272.1, 11, 6
3272.2, 11, 6
3272.3, 11, 6
3272.4, 11, 6
3272.5, 11, 6
3272.6, 11, 6
3272.7, 11, 6
3272.8, 11, 6
3272.9, 11, 7
3273, 11, 7
3273.1, 11, 7
3273.2, 11, 7
3273.3, 11, 7
3273.4, 11, 7
3273.5, 11, 7
3273.6, 11, 7
3273.7, 11, 6
3273.8, 11, 6
3273.9, 11, 6
3274, 11, 6
3274.1, 11, 6
3274.2, 11, 6
3274.3, 11, 6
3274.4, 11, 6
3274.5, 11, 6
3274.6, 11, 6
3274.7, 11, 6
3274.8, 11, 6
3274.9, 11, 6
3275, 11, 6
3275.1, 11, 6
3275.2, 11, 6
3275.3, 11, 6
3275.4, 11, 6
3275.5, 11, 6
3275.6, 11, 6
3275.7, 11, 6
3275.8, 11, 6
3275.9, 11, 6
3276, 11, 6
3276.1, 11, 6
3276.2, 11, 6
3276.3, 11, 6
3276.4, 11, 6
3276.5, 11, 6
3276.6, 11, 6
3276.7, 11, 6
3276.8, 11, 6
3276.9, 11, 6
3277, 11, 6
3277.1, 11, 6
3277.2, 11, 6
3277.3, 11, 6
3277.4, 11, 6
3277.5, 11, 6
3277.6, 11, 6
3277.7, 11, 6
3277.8, 11, 6
3277.9, 11, 6
3278, 11, 6
3278.1, 10, 6
3278.2, 10, 6
3278.3, 10, 6
3278.4, 10, 6
3278.5, 10, 6
3278.6, 10, 6
3278.7, 10, 6
3278.8, 10, 6
3278.9, 10, 6
3279, 10, 6
3279.1, 11, 6
3279.2, 11, 6
3279.3, 11, 6
3279.4, 11, 6
3279.5, 11, 7
3279.6, 11, 7
3279.7, 11, 7
3279.8, 11, 7
3279.9, 11, 7
3280, 11, 7
3280.1, 11, 7
3280.2, 11, 7
3280.3, 11, 7
3280.4, 11, 7
3280.5, 11, 7
3280.6, 11, 7
3280.7, 11, 7
3280.8, 11, 7
3280.9, 11, 7
3281, 11, 7
3281.1, 11, 7
3281.2, 11, 7
3281.3, 12, 7
3281.4, 12, 7
3281.5, 12, 6
3281.6, 12, 6
3281.7, 12, 6
3281.8, 12, 6
3281.9, 12, 6
3282, 12, 6
3282.1, 12, 6
3282.2, 12, 6
3282.3, 12, 6
3282.4, 12, 6
3282.5, 12, 5
3282.6, 12, 5
3282.7, 12, 5
3282.8, 12, 5
3282.9, 12, 5
3283, 12, 5
3283.1, 12, 6
3283.2, 12, 6
3283.3, 11, 6
3283.4, 11, 6
3283.5, 11, 6
3283.6, 11, 6
3283.7, 11, 6
3283.8, 11, 6
3283.9, 11, 6
3284, 11, 6
3284.1, 11, 6
3284.2, 11, 6
3284.3, 11, 6
3284.4, 11, 6
3284.5, 11, 6
3284.6, 11, 6
3284.7, 11, 6
3284.8, 11, 6
3284.9, 11, 6
3285, 11, 6
3285.1, 11, 6
3285.2, 11, 6
3285.3, 11, 6
3285.4, 11, 6
3285.5, 11, 6
3285.6, 11, 6
3285.7, 11, 6
3285.8, 11, 6
3285.9, 11, 6
3286, 11, 6
3286.1, 11, 6
3286.2, 11, 6
3286.3, 11, 6
3286.4, 11, 6
3286.5, 11, 6
3286.6, 11, 6
3286.7, 11, 6
3286.8, 11, 6
3286.9, 11, 5
3287, 11, 5
3287.1, 11, 5
3287.2, 11, 5
3287.3, 11, 5
3287.4, 11, 5
3287.5, 11, 5
3287.6, 11, 5
3287.7, 11, 5
3287.8, 11, 5
3287.9, 11, 5
3288, 11, 5
3288.1, 11, 5
3288.2, 11, 5
3288.3, 11, 5
3288.4, 11, 5
3288.5, 11, 4
3288.6, 11, 4
3288.7, 11, 3
3288.8, 11, 3
3288.9, 11, 3
3289, 11, 3
3289.1, 11, 3
3289.2, 11, 3
3289.3, 11, 3
3289.4, 11, 3
3289.5, 11, 3
3289.6, 11, 3
3289.7, 11, 3
3289.8, 11, 3
3289.9, 11, 4
3290, 11, 4
3290.1, 11, 4
3290.2, 11, 4
3290.3, 11, 4
3290.4, 11, 4
3290.5, 11, 4
3290.6, 11, 4
3290.7, 11, 4
3290.8, 11, 4
3290.9, 11, 4
3291, 11, 4
3291.1, 11, 4
3291.2, 11, 4
3291.3, 11, 4
3291.4, 11, 4
3291.5, 11, 4
3291.6, 11, 4
3291.7, 11, 4
3291.8, 11, 4
3291.9, 11, 4
3292, 11, 4
3292.1, 11, 4
3292.2, 11, 4
3292.3, 11, 4
3292.4, 11, 4
3292.5, 11, 4
3292.6, 11, 4
3292.7, 11, 4
3292.8, 11, 4
3292.9, 11, 4
3293, 11, 4
3293.1, 11, 4
3293.2, 11, 4
3293.3, 11, 4
3293.4, 11, 4
3293.5, 11, 4
3293.6, 11, 4
3293.7, 11, 4
3293.8, 11, 4
3293.9, 11, 4
3294, 11, 4
3294.1, 11, 4
3294.2, 11, 4
3294.3, 11, 4
3294.4, 11, 4
3294.5, 11, 4
3294.6, 11, 4
3294.7, 11, 4
3294.8, 11, 4
3294.9, 11, 4
3295, 11, 4
3295.1, 11, 4
3295.2, 11, 4
3295.3, 11, 4
3295.4, 11, 4
3295.5, 11, 4
3295.6, 11, 4
3295.7, 11, 4
3295.8, 11, 4
3295.9, 11, 4
3296, 11, 4
3296.1, 11, 4
3296.2, 11, 4
3296.3, 11, 4
3296.4, 11, 4
3296.5, 11, 3
3296.6, 11, 3
3296.7, 11, 3
3296.8, 11, 3
3296.9, 11, 3
3297, 11, 3
3297.1, 11, 3
3297.2, 11, 3
3297.3, 10, 3
3297.4, 10, 3
3297.5, 10, 3
3297.6, 10, 3
3297.7, 10, 3
3297.8, 10, 3
3297.9, 10, 3
3298, 10, 3
3298.1, 10, 3
3298.2, 10, 3
3298.3, 10, 3
3298.4, 10, 3
3298.5, 10, 3
3298.6, 10, 3
3298.7, 10, 3
3298.8, 10, 3
3298.9, 10, 3
3299, 10, 3
3299.1, 10, 3
3299.2, 10, 3
3299.3, 10, 3
3299.4, 10, 3
3299.5, 10, 3
3299.6, 10, 3
3299.7, 10, 3
3299.8, 10, 3
3299.9, 10, 3
3300, 10, 3
3300.1, 10, 3
3300.2, 10, 3
3300.3, 10, 3
3300.4, 10, 3
3300.5, 10, 3
3300.6, 10, 3
3300.7, 10, 3
3300.8, 10, 3
3300.9, 10, 3
3301, 10, 3
3301.1, 10, 3
3301.2, 10, 3
3301.3, 10, 3
3301.4, 10, 3
3301.5, 10, 3
3301.6, 10, 3
3301.7, 10, 2
3301.8, 10, 2
3301.9, 10, 2
3302, 10, 2
3302.1, 10, 2
3302.2, 10, 2
3302.3, 10, 2
3302.4, 10, 2
3302.5, 10, 2
3302.6, 10, 2
3302.7, 10, 2
3302.8, 10, 2
3302.9, 10, 2
3303, 10, 2
3303.1, 11, 2
3303.2, 11, 2
3303.3, 11, 2
3303.4, 11, 2
3303.5, 12, 2
3303.6, 12, 2
3303.7, 12, 2
3303.8, 12, 2
3303.9, 12, 2
3304, 12, 2
3304.1, 12, 2
3304.2, 12, 2
3304.3, 12, 2
3304.4, 12, 2
3304.5, 12, 2
3304.6, 12, 2
3304.7, 12, 2
3304.8, 12, 2
3304.9, 12, 2
3305, 12, 2
3305.1, 12, 2
3305.2, 12, 2
3305.3, 12, 2
3305.4, 12, 2
3305.5, 12, 2
3305.6, 12, 2
3305.7, 12, 2
3305.8, 12, 2
3305.9, 12, 2
3306, 12, 2
3306.1, 12, 2
3306.2, 12, 2
3306.3, 12, 2
3306.4, 12, 2
3306.5, 12, 2
3306.6, 12, 2
3306.7, 12, 2
3306.8, 12, 2
3306.9, 12, 2
3307, 12, 2
3307.1, 12, 2
3307.2, 12, 2
3307.3, 12, 2
3307.4, 12, 2
3307.5, 12, 2
3307.6, 12, 2
3307.7, 12, 2
3307.8, 12, 2
3307.9, 12, 2
3308, 12, 2
3308.1, 12, 2
3308.2, 12, 2
3308.3, 12, 2
3308.4, 12, 2
3308.5, 12, 2
3308.6, 12, 2
3308.7, 12, 2
3308.8, 12, 2
3308.9, 11, 2
3309, 11, 2
3309.1, 11, 2
3309.2, 11, 2
3309.3, 11, 2
3309.4, 11, 2
3309.5, 11, 1
3309.6, 11, 1
3309.7, 11, 1
3309.8, 11, 1
3309.9, 11, 1
3310, 11, 1
3310.1, 11, 1
3310.2, 11, 1
3310.3, 10, 1
3310.4, 10, 1
3310.5, 9, 1
3310.6, 9, 1
3310.7, 9, 1
3310.8, 9, 1
3310.9, 9, 1
3311, 9, 1
3311.1, 9, 1
3311.2, 9, 1
3311.3, 9, 1
3311.4, 9, 1
3311.5, 10, 1
3311.6, 10, 1
3311.7, 10, 1
3311.8, 10, 1
3311.9, 10, 1
3312, 10, 1
3312.1, 10, 1
3312.2, 10, 1
3312.3, 9, 1
3312.4, 9, 1
3312.5, 9, 1
3312.6, 9, 1
3312.7, 9, 2
3312.8, 9, 2
3312.9, 9, 2
3313, 9, 2
3313.1, 9, 2
3313.2, 9, 2
3313.3, 9, 2
3313.4, 9, 2
3313.5, 9, 2
3313.6, 9, 2
3313.7, 9, 2
3313.8, 9, 2
3313.9, 9, 2
3314, 9, 2
3314.1, 9, 2
3314.2, 9, 2
3314.3, 9, 2
3314.4, 9, 2
3314.5, 9, 2
3314.6, 9, 2
3314.7, 10, 2
3314.8, 10, 2
3314.9, 10, 2
3315, 10, 2
3315.1, 10, 2
3315.2, 10, 2
3315.3, 10, 2
3315.4, 10, 2
3315.5, 10, 2
3315.6, 10, 2
3315.7, 10, 2
3315.8, 10, 2
3315.9, 10, 2
3316, 10, 2
3316.1, 10, 2
3316.2, 10, 2
3316.3, 10, 3
3316.4, 10, 3
3316.5, 10, 3
3316.6, 10, 3
3316.7, 10, 3
3316.8, 10, 3
3316.9, 10, 3
3317, 10, 3
3317.1, 10, 3
3317.2, 10, 3
3317.3, 10, 3
3317.4, 10, 3
3317.5, 10, 3
3317.6, 10, 3
3317.7, 10, 3
3317.8, 10, 3
3317.9, 10, 3
3318, 10, 3
3318.1, 10, 3
3318.2, 10, 3
3318.3, 10, 3
3318.4, 10, 3
3318.5, 10, 3
3318.6, 10, 3
3318.7, 10, 3
3318.8, 10, 3
3318.9, 10, 3
3319, 10, 3
3319.1, 10, 3
3319.2, 10, 3
3319.3, 9, 3
3319.4, 9, 3
3319.5, 9, 3
3319.6, 9, 3
3319.7, 9, 3
3319.8, 9, 3
3319.9, 9, 3
3320, 9, 3
3320.1, 9, 3
3320.2, 9, 3
3320.3, 9, 3
3320.4, 9, 3
3320.5, 9, 3
3320.6, 9, 3
3320.7, 9, 3
3320.8, 9, 3
3320.9, 9, 3
3321, 9, 3
3321.1, 9, 3
3321.2, 9, 3
3321.3, 9, 3
3321.4, 9, 3
3321.5, 9, 3
3321.6, 9, 3
3321.7, 9, 3
3321.8, 9, 3
3321.9, 9, 3
3322, 9, 3
3322.1, 9, 3
3322.2, 9, 3
3322.3, 9, 3
3322.4, 9, 3
3322.5, 9, 3
3322.6, 9, 3
3322.7, 9, 3
3322.8, 9, 3
3322.9, 9, 3
3323, 9, 3
3323.1, 9, 2
3323.2, 9, 2
3323.3, 9, 2
3323.4, 9, 2
3323.5, 9, 2
3323.6, 9, 2
3323.7, 9, 2
3323.8, 9, 2
3323.9, 9, 2
3324, 9, 2
3324.1, 9, 2
3324.2, 9, 2
3324.3, 9, 2
3324.4, 9, 2
3324.5, 9, 3
3324.6, 9, 3
3324.7, 9, 3
3324.8, 9, 3
3324.9, 9, 3
3325, 9, 3
3325.1, 9, 3
3325.2, 9, 3
3325.3, 9, 3
3325.4, 9, 3
3325.5, 9, 3
3325.6, 9, 3
3325.7, 9, 3
3325.8, 9, 3
3325.9, 9, 3
3326, 9, 3
3326.1, 9, 3
3326.2, 9, 3
3326.3, 10, 3
3326.4, 10, 3
3326.5, 10, 3
3326.6, 10, 3
3326.7, 10, 3
3326.8, 10, 3
3326.9, 10, 3
3327, 10, 3
3327.1, 10, 3
3327.2, 10, 3
3327.3, 10, 3
3327.4, 10, 3
3327.5, 10, 3
3327.6, 10, 3
3327.7, 10, 3
3327.8, 10, 3
3327.9, 11, 3
3328, 11, 3
3328.1, 11, 3
3328.2, 11, 3
3328.3, 11, 3
3328.4, 11, 3
3328.5, 11, 3
3328.6, 11, 3
3328.7, 11, 3
3328.8, 11, 3
3328.9, 11, 3
3329, 11, 3
3329.1, 11, 3
3329.2, 11, 3
3329.3, 11, 3
3329.4, 11, 3
3329.5, 11, 3
3329.6, 11, 3
3329.7, 11, 3
3329.8, 11, 3
3329.9, 11, 3
3330, 11, 3
3330.1, 11, 3
3330.2, 11, 3
3330.3, 11, 3
3330.4, 11, 3
3330.5, 11, 3
3330.6, 11, 3
3330.7, 11, 3
3330.8, 11, 3
3330.9, 11, 3
3331, 11, 3
3331.1, 11, 3
3331.2, 11, 3
3331.3, 11, 3
3331.4, 11, 3
3331.5, 11, 3
3331.6, 11, 3
3331.7, 11, 3
3331.8, 11, 3
3331.9, 11, 3
3332, 11, 3
3332.1, 11, 3
3332.2, 11, 3
3332.3, 11, 3
3332.4, 11, 3
3332.5, 11, 3
3332.6, 11, 3
3332.7, 11, 3
3332.8, 11, 3
3332.9, 11, 3
3333, 11, 3
3333.1, 11, 3
3333.2, 11, 3
3333.3, 11, 3
3333.4, 11, 3
3333.5, 11, 3
3333.6, 11, 3
3333.7, 11, 3
3333.8, 11, 3
3333.9, 11, 3
3334, 11, 3
3334.1, 11, 3
3334.2, 11, 3
3334.3, 11, 3
3334.4, 11, 3
3334.5, 11, 3
3334.6, 11, 3
3334.7, 11, 3
3334.8, 11, 3
3334.9, 11, 3
3335, 11, 3
3335.1, 11, 3
3335.2, 11, 3
3335.3, 11, 3
3335.4, 11, 3
3335.5, 11, 3
3335.6, 11, 3
3335.7, 11, 3
3335.8, 11, 3
3335.9, 11, 3
3336, 11, 3
3336.1, 11, 3
3336.2, 11, 3
3336.3, 11, 3
3336.4, 11, 3
3336.5, 11, 3
3336.6, 11, 3
3336.7, 11, 3
3336.8, 11, 3
3336.9, 11, 3
3337, 11, 3
3337.1, 11, 3
3337.2, 11, 3
3337.3, 11, 3
3337.4, 11, 3
3337.5, 11, 3
3337.6, 11, 3
3337.7, 11, 3
3337.8, 11, 3
3337.9, 11, 3
3338, 11, 3
3338.1, 11, 4
3338.2, 11, 4
3338.3, 11, 4
3338.4, 11, 4
3338.5, 11, 4
3338.6, 11, 4
3338.7, 11, 4
3338.8, 11, 4
3338.9, 11, 4
3339, 11, 4
3339.1, 11, 4
3339.2, 11, 4
3339.3, 11, 4
3339.4, 11, 4
3339.5, 11, 4
3339.6, 11, 4
3339.7, 11, 4
3339.8, 11, 4
3339.9, 11, 4
3340, 11, 4
3340.1, 10, 4
3340.2, 10, 4
3340.3, 10, 4
3340.4, 10, 4
3340.5, 10, 4
3340.6, 10, 4
3340.7, 10, 4
3340.8, 10, 4
3340.9, 10, 4
3341, 10, 4
3341.1, 10, 4
3341.2, 10, 4
3341.3, 10, 4
3341.4, 10, 4
3341.5, 9, 4
3341.6, 9, 4
3341.7, 9, 4
3341.8, 9, 4
3341.9, 9, 4
3342, 9, 4
3342.1, 9, 4
3342.2, 9, 4
3342.3, 9, 3
3342.4, 9, 3
3342.5, 9, 3
3342.6, 9, 3
3342.7, 9, 3
3342.8, 9, 3
3342.9, 9, 3
3343, 9, 3
3343.1, 9, 3
3343.2, 9, 3
3343.3, 9, 3
3343.4, 9, 3
3343.5, 9, 3
3343.6, 9, 3
3343.7, 9, 3
3343.8, 9, 3
3343.9, 9, 3
3344, 9, 3
3344.1, 9, 3
3344.2, 9, 3
3344.3, 9, 3
3344.4, 9, 3
3344.5, 10, 3
3344.6, 10, 3
3344.7, 10, 3
3344.8, 10, 3
3344.9, 10, 4
3345, 10, 4
3345.1, 10, 4
3345.2, 10, 4
3345.3, 10, 4
3345.4, 10, 4
3345.5, 10, 4
3345.6, 10, 4
3345.7, 10, 4
3345.8, 10, 4
3345.9, 10, 4
3346, 10, 4
3346.1, 10, 4
3346.2, 10, 4
3346.3, 10, 4
3346.4, 10, 4
3346.5, 11, 4
3346.6, 11, 4
3346.7, 11, 4
3346.8, 11, 4
3346.9, 11, 4
3347, 11, 4
3347.1, 11, 4
3347.2, 11, 4
3347.3, 11, 5
3347.4, 11, 5
3347.5, 11, 5
3347.6, 11, 5
3347.7, 11, 5
3347.8, 11, 5
3347.9, 11, 5
3348, 11, 5
3348.1, 11, 5
3348.2, 11, 5
3348.3, 11, 5
3348.4, 11, 5
3348.5, 11, 6
3348.6, 11, 6
3348.7, 11, 6
3348.8, 11, 6
3348.9, 11, 6
3349, 11, 6
3349.1, 11, 6
3349.2, 11, 6
3349.3, 11, 6
3349.4, 11, 6
3349.5, 11, 6
3349.6, 11, 6
3349.7, 11, 6
3349.8, 11, 6
3349.9, 11, 6
3350, 11, 6
3350.1, 11, 6
3350.2, 11, 6
3350.3, 11, 6
3350.4, 11, 6
3350.5, 11, 6
3350.6, 11, 6
3350.7, 11, 6
3350.8, 11, 6
3350.9, 11, 5
3351, 11, 5
3351.1, 11, 5
3351.2, 11, 5
3351.3, 11, 5
3351.4, 11, 5
3351.5, 11, 5
3351.6, 11, 5
3351.7, 11, 5
3351.8, 11, 5
3351.9, 11, 5
3352, 11, 5
3352.1, 11, 5
3352.2, 11, 5
3352.3, 11, 5
3352.4, 11, 5
3352.5, 11, 5
3352.6, 11, 5
3352.7, 11, 5
3352.8, 11, 5
3352.9, 11, 5
3353, 11, 5
3353.1, 11, 5
3353.2, 11, 5
3353.3, 11, 5
3353.4, 11, 5
3353.5, 11, 5
3353.6, 11, 5
3353.7, 11, 5
3353.8, 11, 5
3353.9, 11, 5
3354, 11, 5
3354.1, 11, 5
3354.2, 11, 5
3354.3, 11, 5
3354.4, 11, 5
3354.5, 11, 5
3354.6, 11, 5
3354.7, 11, 5
3354.8, 11, 5
3354.9, 12, 5
3355, 12, 5
3355.1, 11, 5
3355.2, 11, 5
3355.3, 10, 5
3355.4, 10, 5
3355.5, 10, 5
3355.6, 10, 5
3355.7, 10, 5
3355.8, 10, 5
3355.9, 10, 5
3356, 10, 5
3356.1, 10, 5
3356.2, 10, 5
3356.3, 10, 5
3356.4, 10, 5
3356.5, 10, 5
3356.6, 10, 5
3356.7, 10, 5
3356.8, 10, 5
3356.9, 10, 5
3357, 10, 5
3357.1, 10, 4
3357.2, 10, 4
3357.3, 10, 4
3357.4, 10, 4
3357.5, 10, 4
3357.6, 10, 4
3357.7, 10, 4
3357.8, 10, 4
3357.9, 10, 5
3358, 10, 5
3358.1, 10, 5
3358.2, 10, 5
3358.3, 10, 5
3358.4, 10, 5
3358.5, 10, 5
3358.6, 10, 5
3358.7, 10, 5
3358.8, 10, 5
3358.9, 10, 4
3359, 10, 4
3359.1, 10, 4
3359.2, 10, 4
3359.3, 10, 3
3359.4, 10, 3
3359.5, 11, 3
3359.6, 11, 3
3359.7, 12, 3
3359.8, 12, 3
3359.9, 12, 2
3360, 12, 2
3360.1, 12, 2
3360.2, 12, 2
3360.3, 12, 2
3360.4, 12, 2
3360.5, 12, 2
3360.6, 12, 2
3360.7, 12, 1
3360.8, 12, 1
3360.9, 12, 1
3361, 12, 1
3361.1, 12, 1
3361.2, 12, 1
3361.3, 12, 1
3361.4, 12, 1
3361.5, 12, 1
3361.6, 12, 1
3361.7, 12, 1
3361.8, 12, 1
3361.9, 12, 1
3362, 12, 1
3362.1, 12, 1
3362.2, 12, 1
3362.3, 12, 1
3362.4, 12, 1
3362.5, 12, 1
3362.6, 12, 1
3362.7, 12, 1
3362.8, 12, 1
3362.9, 12, 1
3363, 12, 1
3363.1, 12, 1
3363.2, 12, 1
3363.3, 12, 1
3363.4, 12, 1
3363.5, 12, 1
3363.6, 12, 1
3363.7, 12, 1
3363.8, 12, 1
3363.9, 12, 2
3364, 12, 2
3364.1, 12, 2
3364.2, 12, 2
3364.3, 12, 2
3364.4, 12, 2
3364.5, 12, 2
3364.6, 12, 2
3364.7, 12, 2
3364.8, 12, 2
3364.9, 12, 2
3365, 12, 2
3365.1, 12, 2
3365.2, 12, 2
3365.3, 12, 2
3365.4, 12, 2
3365.5, 12, 2
3365.6, 12, 2
3365.7, 12, 2
3365.8, 12, 2
3365.9, 12, 2
3366, 12, 2
3366.1, 12, 2
3366.2, 12, 2
3366.3, 12, 2
3366.4, 12, 2
3366.5, 12, 2
3366.6, 12, 2
3366.7, 12, 2
3366.8, 12, 2
3366.9, 12, 2
3367, 12, 2
3367.1, 12, 2
3367.2, 12, 2
3367.3, 12, 2
3367.4, 12, 2
3367.5, 12, 2
3367.6, 12, 2
3367.7, 12, 2
3367.8, 12, 2
3367.9, 12, 2
3368, 12, 2
3368.1, 12, 2
3368.2, 12, 2
3368.3, 12, 2
3368.4, 12, 2
3368.5, 12, 2
3368.6, 12, 2
3368.7, 12, 2
3368.8, 12, 2
3368.9, 12, 2
3369, 12, 2
3369.1, 12, 3
3369.2, 12, 3
3369.3, 12, 3
3369.4, 12, 3
3369.5, 13, 3
3369.6, 13, 3
3369.7, 13, 3
3369.8, 13, 3
3369.9, 13, 3
3370, 13, 3
3370.1, 13, 3
3370.2, 13, 3
3370.3, 13, 3
3370.4, 13, 3
3370.5, 13, 3
3370.6, 13, 3
3370.7, 13, 2
3370.8, 13, 2
3370.9, 13, 2
3371, 13, 2
3371.1, 13, 2
3371.2, 13, 2
3371.3, 13, 2
3371.4, 13, 2
3371.5, 13, 1
3371.6, 13, 1
3371.7, 13, 1
3371.8, 13, 1
3371.9, 13, 1
3372, 13, 1
3372.1, 13, 1
3372.2, 13, 1
3372.3, 13, 1
3372.4, 13, 1
3372.5, 13, 1
3372.6, 13, 1
3372.7, 13, 1
3372.8, 13, 1
3372.9, 13, 1
3373, 13, 1
3373.1, 14, 1
3373.2, 14, 1
3373.3, 14, 1
3373.4, 14, 1
3373.5, 14, 2
3373.6, 14, 2
3373.7, 14, 2
3373.8, 14, 2
3373.9, 14, 2
3374, 14, 2
3374.1, 14, 2
3374.2, 14, 2
3374.3, 14, 2
3374.4, 14, 2
3374.5, 14, 2
3374.6, 14, 2
3374.7, 14, 2
3374.8, 14, 2
3374.9, 14, 2
3375, 14, 2
3375.1, 14, 2
3375.2, 14, 2
3375.3, 14, 2
3375.4, 14, 2
3375.5, 14, 2
3375.6, 14, 2
3375.7, 14, 2
3375.8, 14, 2
3375.9, 15, 2
3376, 15, 2
3376.1, 15, 2
3376.2, 15, 2
3376.3, 15, 2
3376.4, 15, 2
3376.5, 15, 2
3376.6, 15, 2
3376.7, 15, 2
3376.8, 15, 2
3376.9, 15, 2
3377, 15, 2
3377.1, 15, 2
3377.2, 15, 2
3377.3, 15, 2
3377.4, 15, 2
3377.5, 15, 2
3377.6, 15, 2
3377.7, 15, 2
3377.8, 15, 2
3377.9, 15, 2
3378, 15, 2
3378.1, 16, 2
3378.2, 16, 2
3378.3, 16, 2
3378.4, 16, 2
3378.5, 16, 2
3378.6, 16, 2
3378.7, 16, 2
3378.8, 16, 2
3378.9, 16, 2
3379, 16, 2
3379.1, 16, 2
3379.2, 16, 2
3379.3, 16, 2
3379.4, 16, 2
3379.5, 16, 2
3379.6, 16, 2
3379.7, 16, 2
3379.8, 16, 2
3379.9, 16, 2
3380, 16, 2
3380.1, 16, 2
3380.2, 16, 2
3380.3, 16, 2
3380.4, 16, 2
3380.5, 16, 2
3380.6, 16, 2
3380.7, 16, 1
3380.8, 16, 1
3380.9, 17, 1
3381, 17, 1
3381.1, 17, 1
3381.2, 17, 1
3381.3, 17, 1
3381.4, 17, 1
3381.5, 17, 1
3381.6, 17, 1
3381.7, 17, 1
3381.8, 17, 1
3381.9, 17, 2
3382, 17, 2
3382.1, 17, 1
3382.2, 17, 1
3382.3, 17, 1
3382.4, 17, 1
3382.5, 17, 1
3382.6, 17, 1
3382.7, 17, 1
3382.8, 17, 1
3382.9, 17, 1
3383, 17, 1
3383.1, 17, 1
3383.2, 17, 1
3383.3, 17, 1
3383.4, 17, 1
3383.5, 17, 1
3383.6, 17, 1
3383.7, 17, 1
3383.8, 17, 1
3383.9, 17, 1
3384, 17, 1
3384.1, 17, 1
3384.2, 17, 1
3384.3, 17, 2
3384.4, 17, 2
3384.5, 17, 2
3384.6, 17, 2
3384.7, 17, 2
3384.8, 17, 2
3384.9, 17, 2
3385, 17, 2
3385.1, 17, 2
3385.2, 17, 2
3385.3, 17, 2
3385.4, 17, 2
3385.5, 17, 2
3385.6, 17, 2
3385.7, 18, 2
3385.8, 18, 2
3385.9, 18, 2
3386, 18, 2
3386.1, 18, 2
3386.2, 18, 2
3386.3, 18, 2
3386.4, 18, 2
3386.5, 18, 2
3386.6, 18, 2
3386.7, 18, 2
3386.8, 18, 2
3386.9, 18, 2
3387, 18, 2
3387.1, 18, 2
3387.2, 18, 2
3387.3, 18, 2
3387.4, 18, 2
3387.5, 18, 2
3387.6, 18, 2
3387.7, 18, 2
3387.8, 18, 2
3387.9, 18, 2
3388, 18, 2
3388.1, 18, 2
3388.2, 18, 2
3388.3, 19, 2
3388.4, 19, 2
3388.5, 19, 2
3388.6, 19, 2
3388.7, 19, 2
3388.8, 19, 2
3388.9, 19, 2
3389, 19, 2
3389.1, 19, 2
3389.2, 19, 2
3389.3, 19, 2
3389.4, 19, 2
3389.5, 19, 2
3389.6, 19, 2
3389.7, 19, 2
3389.8, 19, 2
3389.9, 19, 2
3390, 19, 2
3390.1, 19, 2
3390.2, 19, 2
3390.3, 19, 2
3390.4, 19, 2
3390.5, 19, 1
3390.6, 19, 1
3390.7, 19, 1
3390.8, 19, 1
3390.9, 19, 1
3391, 19, 1
3391.1, 19, 1
3391.2, 19, 1
3391.3, 19, 1
3391.4, 19, 1
3391.5, 19, 1
3391.6, 19, 1
3391.7, 19, 2
3391.8, 19, 2
3391.9, 19, 2
3392, 19, 2
3392.1, 19, 2
3392.2, 19, 2
3392.3, 19, 2
3392.4, 19, 2
3392.5, 19, 2
3392.6, 19, 2
3392.7, 19, 2
3392.8, 19, 2
3392.9, 19, 2
3393, 19, 2
3393.1, 19, 2
3393.2, 19, 2
3393.3, 19, 2
3393.4, 19, 2
3393.5, 19, 2
3393.6, 19, 2
3393.7, 19, 2
3393.8, 19, 2
3393.9, 19, 2
3394, 19, 2
3394.1, 19, 2
3394.2, 19, 2
3394.3, 19, 2
3394.4, 19, 2
3394.5, 19, 2
3394.6, 19, 2
3394.7, 19, 2
3394.8, 19, 2
3394.9, 19, 2
3395, 19, 2
3395.1, 18, 2
3395.2, 18, 2
3395.3, 18, 2
3395.4, 18, 2
3395.5, 18, 2
3395.6, 18, 2
3395.7, 18, 2
3395.8, 18, 2
3395.9, 18, 2
3396, 18, 2
3396.1, 18, 2
3396.2, 18, 2
3396.3, 18, 2
3396.4, 18, 2
3396.5, 18, 2
3396.6, 18, 2
3396.7, 18, 2
3396.8, 18, 2
3396.9, 18, 2
3397, 18, 2
3397.1, 18, 2
3397.2, 18, 2
3397.3, 18, 2
3397.4, 18, 2
3397.5, 18, 2
3397.6, 18, 2
3397.7, 18, 2
3397.8, 18, 2
3397.9, 18, 2
3398, 18, 2
3398.1, 18, 1
3398.2, 18, 1
3398.3, 18, 1
3398.4, 18, 1
3398.5, 18, 1
3398.6, 18, 1
3398.7, 18, 1
3398.8, 18, 1
3398.9, 18, 1
3399, 18, 1
3399.1, 18, 1
3399.2, 18, 1
3399.3, 18, 1
3399.4, 18, 1
3399.5, 18, 1
3399.6, 18, 1
3399.7, 18, 1
3399.8, 18, 1
3399.9, 18, 1
3400, 18, 1
3400.1, 18, 1
3400.2, 18, 1
3400.3, 18, 1
3400.4, 18, 1
3400.5, 18, 1
3400.6, 18, 1
3400.7, 18, 1
3400.8, 18, 1
3400.9, 19, 1
3401, 19, 1
3401.1, 19, 1
3401.2, 19, 1
3401.3, 19, 1
3401.4, 19, 1
3401.5, 19, 1
3401.6, 19, 1
3401.7, 19, 1
3401.8, 19, 1
3401.9, 19, 1
3402, 19, 1
3402.1, 19, 1
3402.2, 19, 1
3402.3, 19, 2
3402.4, 19, 2
3402.5, 19, 2
3402.6, 19, 2
3402.7, 19, 2
3402.8, 19, 2
3402.9, 19, 2
3403, 19, 2
3403.1, 19, 2
3403.2, 19, 2
3403.3, 18, 2
3403.4, 18, 2
3403.5, 18, 2
3403.6, 18, 2
3403.7, 18, 2
3403.8, 18, 2
3403.9, 18, 2
3404, 18, 2
3404.1, 18, 2
3404.2, 18, 2
3404.3, 18, 2
3404.4, 18, 2
3404.5, 18, 2
3404.6, 18, 2
3404.7, 18, 2
3404.8, 18, 2
3404.9, 18, 2
3405, 18, 2
3405.1, 18, 2
3405.2, 18, 2
3405.3, 18, 2
3405.4, 18, 2
3405.5, 18, 2
3405.6, 18, 2
3405.7, 18, 2
3405.8, 18, 2
3405.9, 18, 2
3406, 18, 2
3406.1, 18, 2
3406.2, 18, 2
3406.3, 18, 2
3406.4, 18, 2
3406.5, 18, 2
3406.6, 18, 2
3406.7, 18, 2
3406.8, 18, 2
3406.9, 18, 2
3407, 18, 2
3407.1, 18, 2
3407.2, 18, 2
3407.3, 18, 2
3407.4, 18, 2
3407.5, 18, 2
3407.6, 18, 2
3407.7, 18, 2
3407.8, 18, 2
3407.9, 18, 2
3408, 18, 2
3408.1, 18, 2
3408.2, 18, 2
3408.3, 18, 2
3408.4, 18, 2
3408.5, 18, 2
3408.6, 18, 2
3408.7, 18, 2
3408.8, 18, 2
3408.9, 18, 2
3409, 18, 2
3409.1, 18, 2
3409.2, 18, 2
3409.3, 18, 2
3409.4, 18, 2
3409.5, 18, 2
3409.6, 18, 2
3409.7, 18, 2
3409.8, 18, 2
3409.9, 18, 2
3410, 18, 2
3410.1, 18, 2
3410.2, 18, 2
3410.3, 18, 2
3410.4, 18, 2
3410.5, 18, 2
3410.6, 18, 2
3410.7, 18, 2
3410.8, 18, 2
3410.9, 18, 3
3411, 18, 3
3411.1, 18, 4
3411.2, 18, 4
3411.3, 18, 4
3411.4, 18, 4
3411.5, 18, 4
3411.6, 18, 4
3411.7, 18, 4
3411.8, 18, 4
3411.9, 18, 4
3412, 18, 4
3412.1, 18, 4
3412.2, 18, 4
3412.3, 18, 4
3412.4, 18, 4
3412.5, 18, 4
3412.6, 18, 4
3412.7, 18, 4
3412.8, 18, 4
3412.9, 19, 4
3413, 19, 4
3413.1, 19, 4
3413.2, 19, 4
3413.3, 19, 4
3413.4, 19, 4
3413.5, 19, 4
3413.6, 19, 4
3413.7, 19, 4
3413.8, 19, 4
3413.9, 19, 4
3414, 19, 4
3414.1, 19, 4
3414.2, 19, 4
3414.3, 19, 4
3414.4, 19, 4
3414.5, 19, 4
3414.6, 19, 4
3414.7, 19, 4
3414.8, 19, 4
3414.9, 19, 4
3415, 19, 4
3415.1, 19, 4
3415.2, 19, 4
3415.3, 19, 4
3415.4, 19, 4
3415.5, 18, 4
3415.6, 18, 4
3415.7, 18, 4
3415.8, 18, 4
3415.9, 18, 4
3416, 18, 4
3416.1, 18, 4
3416.2, 18, 4
3416.3, 18, 3
3416.4, 18, 3
3416.5, 18, 3
3416.6, 18, 3
3416.7, 19, 3
3416.8, 19, 3
3416.9, 19, 3
3417, 19, 3
3417.1, 19, 3
3417.2, 19, 3
3417.3, 19, 3
3417.4, 19, 3
3417.5, 19, 3
3417.6, 19, 3
3417.7, 19, 3
3417.8, 19, 3
3417.9, 19, 3
3418, 19, 3
3418.1, 19, 3
3418.2, 19, 3
3418.3, 19, 3
3418.4, 19, 3
3418.5, 19, 3
3418.6, 19, 3
3418.7, 19, 3
3418.8, 19, 3
3418.9, 19, 3
3419, 19, 3
3419.1, 19, 3
3419.2, 19, 3
3419.3, 19, 3
3419.4, 19, 3
3419.5, 19, 3
3419.6, 19, 3
3419.7, 19, 3
3419.8, 19, 3
3419.9, 19, 4
3420, 19, 4
3420.1, 19, 4
3420.2, 19, 4
3420.3, 19, 4
3420.4, 19, 4
3420.5, 19, 4
3420.6, 19, 4
3420.7, 19, 4
3420.8, 19, 4
3420.9, 19, 4
3421, 19, 4
3421.1, 19, 4
3421.2, 19, 4
3421.3, 19, 4
3421.4, 19, 4
3421.5, 19, 4
3421.6, 19, 4
3421.7, 19, 4
3421.8, 19, 4
3421.9, 20, 4
3422, 20, 4
3422.1, 20, 4
3422.2, 20, 4
3422.3, 20, 4
3422.4, 20, 4
3422.5, 20, 4
3422.6, 20, 4
3422.7, 20, 4
3422.8, 20, 4
3422.9, 20, 4
3423, 20, 4
3423.1, 20, 4
3423.2, 20, 4
3423.3, 20, 4
3423.4, 20, 4
3423.5, 20, 4
3423.6, 20, 4
3423.7, 20, 4
3423.8, 20, 4
3423.9, 20, 4
3424, 20, 4
3424.1, 20, 4
3424.2, 20, 4
3424.3, 20, 4
3424.4, 20, 4
3424.5, 20, 4
3424.6, 20, 4
3424.7, 20, 4
3424.8, 20, 4
3424.9, 20, 4
3425, 20, 4
3425.1, 20, 4
3425.2, 20, 4
3425.3, 20, 4
3425.4, 20, 4
3425.5, 20, 4
3425.6, 20, 4
3425.7, 20, 4
3425.8, 20, 4
3425.9, 20, 4
3426, 20, 4
3426.1, 20, 4
3426.2, 20, 4
3426.3, 20, 4
3426.4, 20, 4
3426.5, 20, 4
3426.6, 20, 4
3426.7, 20, 4
3426.8, 20, 4
3426.9, 20, 4
3427, 20, 4
3427.1, 20, 4
3427.2, 20, 4
3427.3, 20, 4
3427.4, 20, 4
3427.5, 20, 4
3427.6, 20, 4
3427.7, 20, 4
3427.8, 20, 4
3427.9, 20, 4
3428, 20, 4
3428.1, 20, 4
3428.2, 20, 4
3428.3, 20, 4
3428.4, 20, 4
3428.5, 20, 4
3428.6, 20, 4
3428.7, 20, 4
3428.8, 20, 4
3428.9, 20, 4
3429, 20, 4
3429.1, 20, 3
3429.2, 20, 3
3429.3, 20, 3
3429.4, 20, 3
3429.5, 20, 3
3429.6, 20, 3
3429.7, 20, 3
3429.8, 20, 3
3429.9, 20, 3
3430, 20, 3
3430.1, 20, 3
3430.2, 20, 3
3430.3, 20, 3
3430.4, 20, 3
3430.5, 20, 2
3430.6, 20, 2
3430.7, 20, 2
3430.8, 20, 2
3430.9, 20, 2
3431, 20, 2
3431.1, 20, 2
3431.2, 20, 2
3431.3, 21, 2
3431.4, 21, 2
3431.5, 21, 2
3431.6, 21, 2
3431.7, 21, 2
3431.8, 21, 2
3431.9, 21, 2
3432, 21, 2
3432.1, 21, 2
3432.2, 21, 2
3432.3, 21, 2
3432.4, 21, 2
3432.5, 21, 2
3432.6, 21, 2
3432.7, 21, 2
3432.8, 21, 2
3432.9, 21, 2
3433, 21, 2
3433.1, 21, 2
3433.2, 21, 2
3433.3, 21, 2
3433.4, 21, 2
3433.5, 21, 2
3433.6, 21, 2
3433.7, 21, 2
3433.8, 21, 2
3433.9, 21, 2
3434, 21, 2
3434.1, 21, 2
3434.2, 21, 2
3434.3, 21, 2
3434.4, 21, 2
3434.5, 21, 2
3434.6, 21, 2
3434.7, 21, 2
3434.8, 21, 2
3434.9, 21, 2
3435, 21, 2
3435.1, 21, 2
3435.2, 21, 2
3435.3, 21, 2
3435.4, 21, 2
3435.5, 21, 2
3435.6, 21, 2
3435.7, 21, 2
3435.8, 21, 2
3435.9, 21, 2
3436, 21, 2
3436.1, 21, 2
3436.2, 21, 2
3436.3, 21, 2
3436.4, 21, 2
3436.5, 21, 2
3436.6, 21, 2
3436.7, 21, 2
3436.8, 21, 2
3436.9, 21, 2
3437, 21, 2
3437.1, 21, 2
3437.2, 21, 2
3437.3, 21, 2
3437.4, 21, 2
3437.5, 21, 2
3437.6, 21, 2
3437.7, 21, 2
3437.8, 21, 2
3437.9, 21, 2
3438, 21, 2
3438.1, 21, 2
3438.2, 21, 2
3438.3, 21, 2
3438.4, 21, 2
3438.5, 21, 3
3438.6, 21, 3
3438.7, 21, 3
3438.8, 21, 3
3438.9, 21, 3
3439, 21, 3
3439.1, 21, 3
3439.2, 21, 3
3439.3, 21, 3
3439.4, 21, 3
3439.5, 21, 3
3439.6, 21, 3
3439.7, 21, 3
3439.8, 21, 3
3439.9, 21, 3
3440, 21, 3
3440.1, 21, 3
3440.2, 21, 3
3440.3, 21, 3
3440.4, 21, 3
3440.5, 21, 3
3440.6, 21, 3
3440.7, 21, 3
3440.8, 21, 3
3440.9, 20, 3
3441, 20, 3
3441.1, 20, 3
3441.2, 20, 3
3441.3, 20, 3
3441.4, 20, 3
3441.5, 20, 3
3441.6, 20, 3
3441.7, 20, 3
3441.8, 20, 3
3441.9, 20, 3
3442, 20, 3
3442.1, 20, 3
3442.2, 20, 3
3442.3, 20, 3
3442.4, 20, 3
3442.5, 20, 3
3442.6, 20, 3
3442.7, 20, 3
3442.8, 20, 3
3442.9, 20, 3
3443, 20, 3
3443.1, 20, 3
3443.2, 20, 3
3443.3, 20, 3
3443.4, 20, 3
3443.5, 20, 3
3443.6, 20, 3
3443.7, 20, 3
3443.8, 20, 3
3443.9, 20, 3
3444, 20, 3
3444.1, 20, 3
3444.2, 20, 3
3444.3, 20, 3
3444.4, 20, 3
3444.5, 20, 3
3444.6, 20, 3
3444.7, 20, 3
3444.8, 20, 3
3444.9, 20, 3
3445, 20, 3
3445.1, 20, 3
3445.2, 20, 3
3445.3, 20, 3
3445.4, 20, 3
3445.5, 20, 3
3445.6, 20, 3
3445.7, 20, 3
3445.8, 20, 3
3445.9, 20, 3
3446, 20, 3
3446.1, 19, 3
3446.2, 19, 3
3446.3, 19, 3
3446.4, 19, 3
3446.5, 19, 3
3446.6, 19, 3
3446.7, 19, 3
3446.8, 19, 3
3446.9, 19, 2
3447, 19, 2
3447.1, 19, 2
3447.2, 19, 2
3447.3, 19, 1
3447.4, 19, 1
3447.5, 19, 1
3447.6, 19, 1
3447.7, 18, 1
3447.8, 18, 1
3447.9, 18, 1
3448, 18, 1
3448.1, 18, 1
3448.2, 18, 1
3448.3, 18, 1
3448.4, 18, 1
3448.5, 18, 1
3448.6, 18, 1
3448.7, 18, 1
3448.8, 18, 1
3448.9, 18, 1
3449, 18, 1
3449.1, 18, 1
3449.2, 18, 1
3449.3, 18, 1
3449.4, 18, 1
3449.5, 19, 1
3449.6, 19, 1
3449.7, 19, 1
3449.8, 19, 1
3449.9, 19, 1
3450, 19, 1
3450.1, 19, 1
3450.2, 19, 1
3450.3, 19, 1
3450.4, 19, 1
3450.5, 19, 1
3450.6, 19, 1
3450.7, 19, 1
3450.8, 19, 1
3450.9, 19, 1
3451, 19, 1
3451.1, 19, 1
3451.2, 19, 1
3451.3, 19, 1
3451.4, 19, 1
3451.5, 19, 1
3451.6, 19, 1
3451.7, 19, 1
3451.8, 19, 1
3451.9, 19, 1
3452, 19, 1
3452.1, 19, 1
3452.2, 19, 1
3452.3, 19, 1
3452.4, 19, 1
3452.5, 19, 1
3452.6, 19, 1
3452.7, 19, 0
3452.8, 19, 0
3452.9, 19, 0
3453, 19, 0
3453.1, 19, -1
3453.2, 19, -1
3453.3, 19, -1
3453.4, 19, -1
3453.5, 19, -1
3453.6, 19, -1
3453.7, 19, -1
3453.8, 19, -1
3453.9, 19, -1
3454, 19, -1
3454.1, 19, -1
3454.2, 19, -1
3454.3, 19, -1
3454.4, 19, -1
3454.5, 19, -1
3454.6, 19, -1
3454.7, 19, -1
3454.8, 19, -1
3454.9, 19, -1
3455, 19, -1
3455.1, 19, -1
3455.2, 19, -1
3455.3, 19, -1
3455.4, 19, -1
3455.5, 19, -1
3455.6, 19, -1
3455.7, 19, -1
3455.8, 19, -1
3455.9, 19, -1
3456, 19, -1
3456.1, 19, -1
3456.2, 19, -1
3456.3, 19, -1
3456.4, 19, -1
3456.5, 19, -1
3456.6, 19, -1
3456.7, 19, -1
3456.8, 19, -1
3456.9, 19, -1
3457, 19, -1
3457.1, 19, -1
3457.2, 19, -1
3457.3, 19, -1
3457.4, 19, -1
3457.5, 19, -1
3457.6, 19, -1
3457.7, 19, -1
3457.8, 19, -1
3457.9, 19, -1
3458, 19, -1
3458.1, 18, -1
3458.2, 18, -1
3458.3, 19, -1
3458.4, 19, -1
3458.5, 19, -1
3458.6, 19, -1
3458.7, 19, -1
3458.8, 19, -1
3458.9, 19, -1
3459, 19, -1
3459.1, 19, -1
3459.2, 19, -1
3459.3, 19, -1
3459.4, 19, -1
3459.5, 19, -1
3459.6, 19, -1
3459.7, 19, -1
3459.8, 19, -1
3459.9, 19, -1
3460, 19, -1
3460.1, 19, -1
3460.2, 19, -1
3460.3, 19, -1
3460.4, 19, -1
3460.5, 19, -1
3460.6, 19, -1
3460.7, 19, -1
3460.8, 19, -1
3460.9, 19, -1
3461, 19, -1
3461.1, 18, -1
3461.2, 18, -1
3461.3, 18, -1
3461.4, 18, -1
3461.5, 18, -1
3461.6, 18, -1
3461.7, 18, -1
3461.8, 18, -1
3461.9, 18, -1
3462, 18, -1
3462.1, 18, -1
3462.2, 18, -1
3462.3, 18, -1
3462.4, 18, -1
3462.5, 18, -1
3462.6, 18, -1
3462.7, 18, -1
3462.8, 18, -1
3462.9, 18, 0
3463, 18, 0
3463.1, 18, 0
3463.2, 18, 0
3463.3, 18, 0
3463.4, 18, 0
3463.5, 18, 0
3463.6, 18, 0
3463.7, 18, 0
3463.8, 18, 0
3463.9, 18, 0
3464, 18, 0
3464.1, 18, 0
3464.2, 18, 0
3464.3, 18, 0
3464.4, 18, 0
3464.5, 18, -1
3464.6, 18, -1
3464.7, 18, -1
3464.8, 18, -1
3464.9, 18, -1
3465, 18, -1
3465.1, 18, -1
3465.2, 18, -1
3465.3, 18, -1
3465.4, 18, -1
3465.5, 18, -1
3465.6, 18, -1
3465.7, 18, -1
3465.8, 18, -1
3465.9, 18, -1
3466, 18, -1
3466.1, 18, -1
3466.2, 18, -1
3466.3, 18, -1
3466.4, 18, -1
3466.5, 18, -1
3466.6, 18, -1
3466.7, 18, -2
3466.8, 18, -2
3466.9, 18, -2
3467, 18, -2
3467.1, 18, -2
3467.2, 18, -2
3467.3, 18, -2
3467.4, 18, -2
3467.5, 18, -2
3467.6, 18, -2
3467.7, 18, -2
3467.8, 18, -2
3467.9, 18, -2
3468, 18, -2
3468.1, 18, -2
3468.2, 18, -2
3468.3, 18, -2
3468.4, 18, -2
3468.5, 18, -1
3468.6, 18, -1
3468.7, 18, -1
3468.8, 18, -1
3468.9, 18, -1
3469, 18, -1
3469.1, 18, -1
3469.2, 18, -1
3469.3, 18, -1
3469.4, 18, -1
3469.5, 18, -1
3469.6, 18, -1
3469.7, 18, -1
3469.8, 18, -1
3469.9, 18, -1
3470, 18, -1
3470.1, 18, -1
3470.2, 18, -1
3470.3, 18, -1
3470.4, 18, -1
3470.5, 18, -1
3470.6, 18, -1
3470.7, 18, -1
3470.8, 18, -1
3470.9, 18, -1
3471, 18, -1
3471.1, 18, -1
3471.2, 18, -1
3471.3, 18, -1
3471.4, 18, -1
3471.5, 18, -1
3471.6, 18, -1
3471.7, 18, -1
3471.8, 18, -1
3471.9, 18, -1
3472, 18, -1
3472.1, 18, -1
3472.2, 18, -1
3472.3, 18, -1
3472.4, 18, -1
3472.5, 18, -1
3472.6, 18, -1
3472.7, 18, -1
3472.8, 18, -1
3472.9, 18, -1
3473, 18, -1
3473.1, 18, -1
3473.2, 18, -1
3473.3, 18, -1
3473.4, 18, -1
3473.5, 18, -1
3473.6, 18, -1
3473.7, 18, -1
3473.8, 18, -1
3473.9, 18, -1
3474, 18, -1
3474.1, 18, -1
3474.2, 18, -1
3474.3, 18, -1
3474.4, 18, -1
3474.5, 19, -1
3474.6, 19, -1
3474.7, 19, -1
3474.8, 19, -1
3474.9, 19, -1
3475, 19, -1
3475.1, 19, -1
3475.2, 19, -1
3475.3, 19, -1
3475.4, 19, -1
3475.5, 19, -2
3475.6, 19, -2
3475.7, 19, -2
3475.8, 19, -2
3475.9, 19, -2
3476, 19, -2
3476.1, 19, -2
3476.2, 19, -2
3476.3, 19, -2
3476.4, 19, -2
3476.5, 19, -2
3476.6, 19, -2
3476.7, 19, -1
3476.8, 19, -1
3476.9, 19, -1
3477, 19, -1
3477.1, 19, -1
3477.2, 19, -1
3477.3, 19, -1
3477.4, 19, -1
3477.5, 19, -1
3477.6, 19, -1
3477.7, 19, -1
3477.8, 19, -1
3477.9, 19, -1
3478, 19, -1
3478.1, 19, -1
3478.2, 19, -1
3478.3, 19, -1
3478.4, 19, -1
3478.5, 19, -1
3478.6, 19, -1
3478.7, 19, -1
3478.8, 19, -1
3478.9, 19, -1
3479, 19, -1
3479.1, 20, -1
3479.2, 20, -1
3479.3, 20, -1
3479.4, 20, -1
3479.5, 20, -1
3479.6, 20, -1
3479.7, 20, -1
3479.8, 20, -1
3479.9, 20, -1
3480, 20, -1
3480.1, 20, -1
3480.2, 20, -1
3480.3, 20, -1
3480.4, 20, -1
3480.5, 20, 0
3480.6, 20, 0
3480.7, 20, 0
3480.8, 20, 0
3480.9, 20, 0
3481, 20, 0
3481.1, 20, 0
3481.2, 20, 0
3481.3, 20, 0
3481.4, 20, 0
3481.5, 20, 0
3481.6, 20, 0
3481.7, 20, 0
3481.8, 20, 0
3481.9, 20, 0
3482, 20, 0
3482.1, 20, 0
3482.2, 20, 0
3482.3, 20, 0
3482.4, 20, 0
3482.5, 20, 0
3482.6, 20, 0
3482.7, 20, 0
3482.8, 20, 0
3482.9, 20, 0
3483, 20, 0
3483.1, 20, 0
3483.2, 20, 0
3483.3, 20, 0
3483.4, 20, 0
3483.5, 20, 0
3483.6, 20, 0
3483.7, 20, 0
3483.8, 20, 0
3483.9, 20, 0
3484, 20, 0
3484.1, 20, 0
3484.2, 20, 0
3484.3, 20, 0
3484.4, 20, 0
3484.5, 20, 1
3484.6, 20, 1
3484.7, 20, 1
3484.8, 20, 1
3484.9, 20, 1
3485, 20, 1
3485.1, 20, 1
3485.2, 20, 1
3485.3, 20, 1
3485.4, 20, 1
3485.5, 20, 1
3485.6, 20, 1
3485.7, 20, 1
3485.8, 20, 1
3485.9, 20, 1
3486, 20, 1
3486.1, 20, 1
3486.2, 20, 1
3486.3, 20, 1
3486.4, 20, 1
3486.5, 20, 1
3486.6, 20, 1
3486.7, 20, 1
3486.8, 20, 1
3486.9, 20, 1
3487, 20, 1
3487.1, 20, 1
3487.2, 20, 1
3487.3, 20, 1
3487.4, 20, 1
3487.5, 20, 1
3487.6, 20, 1
3487.7, 20, 1
3487.8, 20, 1
3487.9, 20, 1
3488, 20, 1
3488.1, 20, 1
3488.2, 20, 1
3488.3, 20, 1
3488.4, 20, 1
3488.5, 20, 1
3488.6, 20, 1
3488.7, 20, 1
3488.8, 20, 1
3488.9, 20, 1
3489, 20, 1
3489.1, 20, 1
3489.2, 20, 1
3489.3, 20, 1
3489.4, 20, 1
3489.5, 20, 1
3489.6, 20, 1
3489.7, 20, 1
3489.8, 20, 1
3489.9, 20, 1
3490, 20, 1
3490.1, 20, 1
3490.2, 20, 1
3490.3, 20, 1
3490.4, 20, 1
3490.5, 20, 1
3490.6, 20, 1
3490.7, 20, 1
3490.8, 20, 1
3490.9, 20, 1
3491, 20, 1
3491.1, 20, 1
3491.2, 20, 1
3491.3, 20, 1
3491.4, 20, 1
3491.5, 20, 1
3491.6, 20, 1
3491.7, 20, 1
3491.8, 20, 1
3491.9, 20, 1
3492, 20, 1
3492.1, 20, 1
3492.2, 20, 1
3492.3, 20, 1
3492.4, 20, 1
3492.5, 20, 1
3492.6, 20, 1
3492.7, 20, 1
3492.8, 20, 1
3492.9, 20, 1
3493, 20, 1
3493.1, 20, 1
3493.2, 20, 1
3493.3, 20, 1
3493.4, 20, 1
3493.5, 20, 1
3493.6, 20, 1
3493.7, 20, 1
3493.8, 20, 1
3493.9, 21, 1
3494, 21, 1
3494.1, 21, 1
3494.2, 21, 1
3494.3, 21, 1
3494.4, 21, 1
3494.5, 21, 1
3494.6, 21, 1
3494.7, 21, 1
3494.8, 21, 1
3494.9, 22, 1
3495, 22, 1
3495.1, 22, 1
3495.2, 22, 1
3495.3, 22, 1
3495.4, 22, 1
3495.5, 22, 1
3495.6, 22, 1
3495.7, 22, 1
3495.8, 22, 1
3495.9, 22, 1
3496, 22, 1
3496.1, 22, 1
3496.2, 22, 1
3496.3, 22, 1
3496.4, 22, 1
3496.5, 22, 1
3496.6, 22, 1
3496.7, 22, 1
3496.8, 22, 1
3496.9, 22, 0
3497, 22, 0
3497.1, 22, 0
3497.2, 22, 0
3497.3, 22, 0
3497.4, 22, 0
3497.5, 22, 0
3497.6, 22, 0
3497.7, 22, 1
3497.8, 22, 1
3497.9, 22, 1
3498, 22, 1
3498.1, 22, 1
3498.2, 22, 1
3498.3, 22, 1
3498.4, 22, 1
3498.5, 22, 0
3498.6, 22, 0
3498.7, 22, 0
3498.8, 22, 0
3498.9, 22, 0
3499, 22, 0
3499.1, 22, 0
3499.2, 22, 0
3499.3, 22, 0
3499.4, 22, 0
3499.5, 22, 0
3499.6, 22, 0
3499.7, 22, 0
3499.8, 22, 0
3499.9, 22, 0
3500, 22, 0
3500.1, 22, 0
3500.2, 22, 0
3500.3, 22, 0
3500.4, 22, 0
3500.5, 22, 0
3500.6, 22, 0
3500.7, 21, 0
3500.8, 21, 0
3500.9, 21, 0
3501, 21, 0
3501.1, 21, 0
3501.2, 21, 0
3501.3, 21, 0
3501.4, 21, 0
3501.5, 21, 0
3501.6, 21, 0
3501.7, 21, 0
3501.8, 21, 0
3501.9, 21, 0
3502, 21, 0
3502.1, 21, 0
3502.2, 21, 0
3502.3, 21, 0
3502.4, 21, 0
3502.5, 21, 0
3502.6, 21, 0
3502.7, 21, 0
3502.8, 21, 0
3502.9, 21, 0
3503, 21, 0
3503.1, 21, 0
3503.2, 21, 0
3503.3, 21, 0
3503.4, 21, 0
3503.5, 21, 0
3503.6, 21, 0
3503.7, 21, 0
3503.8, 21, 0
3503.9, 21, 0
3504, 21, 0
3504.1, 20, 0
3504.2, 20, 0
3504.3, 20, 0
3504.4, 20, 0
3504.5, 20, 0
3504.6, 20, 0
3504.7, 20, 0
3504.8, 20, 0
3504.9, 20, 0
3505, 20, 0
3505.1, 20, 0
3505.2, 20, 0
3505.3, 20, 0
3505.4, 20, 0
3505.5, 20, 0
3505.6, 20, 0
3505.7, 20, 0
3505.8, 20, 0
3505.9, 20, 0
3506, 20, 0
3506.1, 20, 0
3506.2, 20, 0
3506.3, 20, 0
3506.4, 20, 0
3506.5, 20, 0
3506.6, 20, 0
3506.7, 20, 0
3506.8, 20, 0
3506.9, 20, 0
3507, 20, 0
3507.1, 20, 0
3507.2, 20, 0
3507.3, 20, 0
3507.4, 20, 0
3507.5, 20, 0
3507.6, 20, 0
3507.7, 20, 0
3507.8, 20, 0
3507.9, 20, 0
3508, 20, 0
3508.1, 20, 0
3508.2, 20, 0
3508.3, 20, 0
3508.4, 20, 0
3508.5, 20, 0
3508.6, 20, 0
3508.7, 20, 0
3508.8, 20, 0
3508.9, 20, 0
3509, 20, 0
3509.1, 20, 0
3509.2, 20, 0
3509.3, 20, 0
3509.4, 20, 0
3509.5, 20, 0
3509.6, 20, 0
3509.7, 20, 0
3509.8, 20, 0
3509.9, 20, 0
3510, 20, 0
3510.1, 20, 0
3510.2, 20, 0
3510.3, 20, 0
3510.4, 20, 0
3510.5, 20, 0
3510.6, 20, 0
3510.7, 20, 0
3510.8, 20, 0
3510.9, 20, 0
3511, 20, 0
3511.1, 20, 0
3511.2, 20, 0
3511.3, 20, 0
3511.4, 20, 0
3511.5, 20, 0
3511.6, 20, 0
3511.7, 20, 0
3511.8, 20, 0
3511.9, 20, 0
3512, 20, 0
3512.1, 20, 0
3512.2, 20, 0
3512.3, 20, 0
3512.4, 20, 0
3512.5, 20, 0
3512.6, 20, 0
3512.7, 20, 0
3512.8, 20, 0
3512.9, 20, 0
3513, 20, 0
3513.1, 20, 0
3513.2, 20, 0
3513.3, 20, 0
3513.4, 20, 0
3513.5, 20, 0
3513.6, 20, 0
3513.7, 20, 0
3513.8, 20, 0
3513.9, 20, 0
3514, 20, 0
3514.1, 20, 0
3514.2, 20, 0
3514.3, 20, 0
3514.4, 20, 0
3514.5, 20, 0
3514.6, 20, 0
3514.7, 20, 0
3514.8, 20, 0
3514.9, 20, 0
3515, 20, 0
3515.1, 20, 0
3515.2, 20, 0
3515.3, 20, 0
3515.4, 20, 0
3515.5, 19, 0
3515.6, 19, 0
3515.7, 19, 0
3515.8, 19, 0
3515.9, 19, 0
3516, 19, 0
3516.1, 19, 0
3516.2, 19, 0
3516.3, 19, -1
3516.4, 19, -1
3516.5, 19, -1
3516.6, 19, -1
3516.7, 19, -1
3516.8, 19, -1
3516.9, 19, -1
3517, 19, -1
3517.1, 19, -1
3517.2, 19, -1
3517.3, 19, -1
3517.4, 19, -1
3517.5, 19, -1
3517.6, 19, -1
3517.7, 19, -1
3517.8, 19, -1
3517.9, 19, -1
3518, 19, -1
3518.1, 19, -1
3518.2, 19, -1
3518.3, 19, -1
3518.4, 19, -1
3518.5, 19, -1
3518.6, 19, -1
3518.7, 19, -1
3518.8, 19, -1
3518.9, 19, -1
3519, 19, -1
3519.1, 19, -1
3519.2, 19, -1
3519.3, 19, -1
3519.4, 19, -1
3519.5, 19, -1
3519.6, 19, -1
3519.7, 19, -1
3519.8, 19, -1
3519.9, 19, -1
3520, 19, -1
3520.1, 19, -1
3520.2, 19, -1
3520.3, 19, -1
3520.4, 19, -1
3520.5, 19, -1
3520.6, 19, -1
3520.7, 19, -1
3520.8, 19, -1
3520.9, 19, -1
3521, 19, -1
3521.1, 19, -1
3521.2, 19, -1
3521.3, 19, -1
3521.4, 19, -1
3521.5, 19, -1
3521.6, 19, -1
3521.7, 19, -1
3521.8, 19, -1
3521.9, 19, -1
3522, 19, -1
3522.1, 19, -1
3522.2, 19, -1
3522.3, 19, -1
3522.4, 19, -1
3522.5, 19, -1
3522.6, 19, -1
3522.7, 19, -1
3522.8, 19, -1
3522.9, 19, -1
3523, 19, -1
3523.1, 19, -1
3523.2, 19, -1
3523.3, 19, -1
3523.4, 19, -1
3523.5, 19, -1
3523.6, 19, -1
3523.7, 19, -1
3523.8, 19, -1
3523.9, 19, -1
3524, 19, -1
3524.1, 19, -1
3524.2, 19, -1
3524.3, 19, -1
3524.4, 19, -1
3524.5, 19, -1
3524.6, 19, -1
3524.7, 19, -1
3524.8, 19, -1
3524.9, 19, -1
3525, 19, -1
3525.1, 19, -1
3525.2, 19, -1
3525.3, 19, -2
3525.4, 19, -2
3525.5, 19, -2
3525.6, 19, -2
3525.7, 19, -2
3525.8, 19, -2
3525.9, 19, -2
3526, 19, -2
3526.1, 19, -2
3526.2, 19, -2
3526.3, 19, -2
3526.4, 19, -2
3526.5, 19, -2
3526.6, 19, -2
3526.7, 19, -2
3526.8, 19, -2
3526.9, 19, -2
3527, 19, -2
3527.1, 19, -2
3527.2, 19, -2
3527.3, 19, -2
3527.4, 19, -2
3527.5, 19, -2
3527.6, 19, -2
3527.7, 19, -2
3527.8, 19, -2
3527.9, 19, -2
3528, 19, -2
3528.1, 19, -2
3528.2, 19, -2
3528.3, 19, -2
3528.4, 19, -2
3528.5, 19, -2
3528.6, 19, -2
3528.7, 19, -2
3528.8, 19, -2
3528.9, 19, -2
3529, 19, -2
3529.1, 19, -2
3529.2, 19, -2
3529.3, 19, -2
3529.4, 19, -2
3529.5, 19, -2
3529.6, 19, -2
3529.7, 19, -2
3529.8, 19, -2
3529.9, 19, -2
3530, 19, -2
3530.1, 19, -2
3530.2, 19, -2
3530.3, 19, -2
3530.4, 19, -2
3530.5, 19, -2
3530.6, 19, -2
3530.7, 19, -2
3530.8, 19, -2
3530.9, 19, -2
3531, 19, -2
3531.1, 19, -2
3531.2, 19, -2
3531.3, 19, -2
3531.4, 19, -2
3531.5, 19, -2
3531.6, 19, -2
3531.7, 19, -2
3531.8, 19, -2
3531.9, 19, -2
3532, 19, -2
3532.1, 19, -2
3532.2, 19, -2
3532.3, 19, -2
3532.4, 19, -2
3532.5, 19, -2
3532.6, 19, -2
3532.7, 19, -2
3532.8, 19, -2
3532.9, 19, -2
3533, 19, -2
3533.1, 19, -2
3533.2, 19, -2
3533.3, 19, -2
3533.4, 19, -2
3533.5, 20, -2
3533.6, 20, -2
3533.7, 20, -2
3533.8, 20, -2
3533.9, 20, -2
3534, 20, -2
3534.1, 20, -2
3534.2, 20, -2
3534.3, 20, -2
3534.4, 20, -2
3534.5, 20, -2
3534.6, 20, -2
3534.7, 20, -2
3534.8, 20, -2
3534.9, 20, -2
3535, 20, -2
3535.1, 20, -2
3535.2, 20, -2
3535.3, 20, -2
3535.4, 20, -2
3535.5, 20, -2
3535.6, 20, -2
3535.7, 20, -2
3535.8, 20, -2
3535.9, 20, -2
3536, 20, -2
3536.1, 20, -2
3536.2, 20, -2
3536.3, 20, -2
3536.4, 20, -2
3536.5, 20, -2
3536.6, 20, -2
3536.7, 20, -2
3536.8, 20, -2
3536.9, 20, -2
3537, 20, -2
3537.1, 20, -2
3537.2, 20, -2
3537.3, 20, -2
3537.4, 20, -2
3537.5, 20, -3
3537.6, 20, -3
3537.7, 20, -3
3537.8, 20, -3
3537.9, 20, -3
3538, 20, -3
3538.1, 20, -3
3538.2, 20, -3
3538.3, 20, -3
3538.4, 20, -3
3538.5, 20, -3
3538.6, 20, -3
3538.7, 20, -3
3538.8, 20, -3
3538.9, 20, -3
3539, 20, -3
3539.1, 20, -3
3539.2, 20, -3
3539.3, 20, -4
3539.4, 20, -4
3539.5, 20, -4
3539.6, 20, -4
3539.7, 20, -4
3539.8, 20, -4
3539.9, 20, -4
3540, 20, -4
3540.1, 20, -4
3540.2, 20, -4
3540.3, 20, -4
3540.4, 20, -4
3540.5, 20, -4
3540.6, 20, -4
3540.7, 20, -4
3540.8, 20, -4
3540.9, 20, -4
3541, 20, -4
3541.1, 20, -4
3541.2, 20, -4
3541.3, 20, -4
3541.4, 20, -4
3541.5, 20, -4
3541.6, 20, -4
3541.7, 20, -4
3541.8, 20, -4
3541.9, 20, -4
3542, 20, -4
3542.1, 20, -4
3542.2, 20, -4
3542.3, 20, -4
3542.4, 20, -4
3542.5, 20, -4
3542.6, 20, -4
3542.7, 20, -4
3542.8, 20, -4
3542.9, 20, -4
3543, 20, -4
3543.1, 20, -4
3543.2, 20, -4
3543.3, 20, -4
3543.4, 20, -4
3543.5, 20, -4
3543.6, 20, -4
3543.7, 20, -4
3543.8, 20, -4
3543.9, 20, -4
3544, 20, -4
3544.1, 20, -4
3544.2, 20, -4
3544.3, 20, -4
3544.4, 20, -4
3544.5, 20, -4
3544.6, 20, -4
3544.7, 20, -3
3544.8, 20, -3
3544.9, 20, -3
3545, 20, -3
3545.1, 20, -3
3545.2, 20, -3
3545.3, 20, -3
3545.4, 20, -3
3545.5, 20, -3
3545.6, 20, -3
3545.7, 20, -3
3545.8, 20, -3
3545.9, 20, -3
3546, 20, -3
3546.1, 20, -3
3546.2, 20, -3
3546.3, 20, -3
3546.4, 20, -3
3546.5, 20, -3
3546.6, 20, -3
3546.7, 20, -3
3546.8, 20, -3
3546.9, 20, -3
3547, 20, -3
3547.1, 21, -3
3547.2, 21, -3
3547.3, 21, -3
3547.4, 21, -3
3547.5, 21, -3
3547.6, 21, -3
3547.7, 21, -3
3547.8, 21, -3
3547.9, 21, -3
3548, 21, -3
3548.1, 21, -3
3548.2, 21, -3
3548.3, 21, -3
3548.4, 21, -3
3548.5, 21, -3
3548.6, 21, -3
3548.7, 21, -3
3548.8, 21, -3
3548.9, 21, -3
3549, 21, -3
3549.1, 21, -3
3549.2, 21, -3
3549.3, 21, -3
3549.4, 21, -3
3549.5, 21, -3
3549.6, 21, -3
3549.7, 21, -3
3549.8, 21, -3
3549.9, 20, -3
3550, 20, -3
3550.1, 20, -4
3550.2, 20, -4
3550.3, 20, -4
3550.4, 20, -4
3550.5, 20, -4
3550.6, 20, -4
3550.7, 20, -4
3550.8, 20, -4
3550.9, 20, -4
3551, 20, -4
3551.1, 20, -4
3551.2, 20, -4
3551.3, 20, -4
3551.4, 20, -4
3551.5, 20, -4
3551.6, 20, -4
3551.7, 20, -4
3551.8, 20, -4
3551.9, 20, -4
3552, 20, -4
3552.1, 20, -4
3552.2, 20, -4
3552.3, 20, -4
3552.4, 20, -4
3552.5, 20, -4
3552.6, 20, -4
3552.7, 20, -4
3552.8, 20, -4
3552.9, 19, -4
3553, 19, -4
3553.1, 19, -4
3553.2, 19, -4
3553.3, 19, -4
3553.4, 19, -4
3553.5, 19, -4
3553.6, 19, -4
3553.7, 19, -4
3553.8, 19, -4
3553.9, 19, -4
3554, 19, -4
3554.1, 19, -4
3554.2, 19, -4
3554.3, 19, -4
3554.4, 19, -4
3554.5, 19, -4
3554.6, 19, -4
3554.7, 19, -4
3554.8, 19, -4
3554.9, 19, -4
3555, 19, -4
3555.1, 20, -4
3555.2, 20, -4
3555.3, 20, -4
3555.4, 20, -4
3555.5, 20, -4
3555.6, 20, -4
3555.7, 20, -4
3555.8, 20, -4
3555.9, 20, -4
3556, 20, -4
3556.1, 20, -4
3556.2, 20, -4
3556.3, 20, -4
3556.4, 20, -4
3556.5, 20, -4
3556.6, 20, -4
3556.7, 20, -4
3556.8, 20, -4
3556.9, 20, -4
3557, 20, -4
3557.1, 20, -4
3557.2, 20, -4
3557.3, 21, -4
3557.4, 21, -4
3557.5, 21, -4
3557.6, 21, -4
3557.7, 21, -4
3557.8, 21, -4
3557.9, 21, -4
3558, 21, -4
3558.1, 21, -4
3558.2, 21, -4
3558.3, 21, -4
3558.4, 21, -4
3558.5, 21, -4
3558.6, 21, -4
3558.7, 21, -4
3558.8, 21, -4
3558.9, 21, -4
3559, 21, -4
3559.1, 21, -4
3559.2, 21, -4
3559.3, 21, -4
3559.4, 21, -4
3559.5, 21, -4
3559.6, 21, -4
3559.7, 21, -4
3559.8, 21, -4
3559.9, 21, -4
3560, 21, -4
3560.1, 21, -4
3560.2, 21, -4
3560.3, 21, -4
3560.4, 21, -4
3560.5, 20, -4
3560.6, 20, -4
3560.7, 20, -4
3560.8, 20, -4
3560.9, 20, -4
3561, 20, -4
3561.1, 20, -4
3561.2, 20, -4
3561.3, 20, -4
3561.4, 20, -4
3561.5, 20, -4
3561.6, 20, -4
3561.7, 20, -4
3561.8, 20, -4
3561.9, 20, -4
3562, 20, -4
3562.1, 20, -4
3562.2, 20, -4
3562.3, 20, -4
3562.4, 20, -4
3562.5, 20, -4
3562.6, 20, -4
3562.7, 20, -4
3562.8, 20, -4
3562.9, 20, -4
3563, 20, -4
3563.1, 20, -4
3563.2, 20, -4
3563.3, 20, -4
3563.4, 20, -4
3563.5, 20, -4
3563.6, 20, -4
3563.7, 20, -4
3563.8, 20, -4
3563.9, 20, -4
3564, 20, -4
3564.1, 20, -4
3564.2, 20, -4
3564.3, 20, -4
3564.4, 20, -4
3564.5, 20, -4
3564.6, 20, -4
3564.7, 20, -4
3564.8, 20, -4
3564.9, 20, -4
3565, 20, -4
3565.1, 20, -4
3565.2, 20, -4
3565.3, 20, -4
3565.4, 20, -4
3565.5, 20, -4
3565.6, 20, -4
3565.7, 20, -4
3565.8, 20, -4
3565.9, 20, -4
3566, 20, -4
3566.1, 20, -4
3566.2, 20, -4
3566.3, 20, -5
3566.4, 20, -5
3566.5, 20, -5
3566.6, 20, -5
3566.7, 20, -5
3566.8, 20, -5
3566.9, 20, -5
3567, 20, -5
3567.1, 19, -5
3567.2, 19, -5
3567.3, 19, -5
3567.4, 19, -5
3567.5, 19, -5
3567.6, 19, -5
3567.7, 19, -5
3567.8, 19, -5
3567.9, 19, -5
3568, 19, -5
3568.1, 19, -5
3568.2, 19, -5
3568.3, 19, -5
3568.4, 19, -5
3568.5, 19, -5
3568.6, 19, -5
3568.7, 19, -5
3568.8, 19, -5
3568.9, 19, -5
3569, 19, -5
3569.1, 19, -5
3569.2, 19, -5
3569.3, 19, -5
3569.4, 19, -5
3569.5, 19, -5
3569.6, 19, -5
3569.7, 19, -5
3569.8, 19, -5
3569.9, 19, -5
3570, 19, -5
3570.1, 19, -5
3570.2, 19, -5
3570.3, 19, -5
3570.4, 19, -5
3570.5, 19, -5
3570.6, 19, -5
3570.7, 19, -5
3570.8, 19, -5
3570.9, 19, -5
3571, 19, -5
3571.1, 19, -5
3571.2, 19, -5
3571.3, 19, -5
3571.4, 19, -5
3571.5, 19, -5
3571.6, 19, -5
3571.7, 19, -5
3571.8, 19, -5
3571.9, 19, -5
3572, 19, -5
3572.1, 19, -5
3572.2, 19, -5
3572.3, 19, -5
3572.4, 19, -5
3572.5, 19, -5
3572.6, 19, -5
3572.7, 19, -5
3572.8, 19, -5
3572.9, 19, -5
3573, 19, -5
3573.1, 18, -5
3573.2, 18, -5
3573.3, 18, -5
3573.4, 18, -5
3573.5, 18, -5
3573.6, 18, -5
3573.7, 18, -5
3573.8, 18, -5
3573.9, 18, -5
3574, 18, -5
3574.1, 18, -5
3574.2, 18, -5
3574.3, 18, -5
3574.4, 18, -5
3574.5, 18, -5
3574.6, 18, -5
3574.7, 18, -5
3574.8, 18, -5
3574.9, 18, -5
3575, 18, -5
3575.1, 18, -5
3575.2, 18, -5
3575.3, 18, -5
3575.4, 18, -5
3575.5, 17, -5
3575.6, 17, -5
3575.7, 17, -5
3575.8, 17, -5
3575.9, 17, -5
3576, 17, -5
3576.1, 17, -5
3576.2, 17, -5
3576.3, 17, -5
3576.4, 17, -5
3576.5, 17, -5
3576.6, 17, -5
3576.7, 17, -5
3576.8, 17, -5
3576.9, 17, -5
3577, 17, -5
3577.1, 17, -6
3577.2, 17, -6
3577.3, 17, -6
3577.4, 17, -6
3577.5, 17, -7
3577.6, 17, -7
3577.7, 18, -7
3577.8, 18, -7
3577.9, 18, -7
3578, 18, -7
3578.1, 18, -7
3578.2, 18, -7
3578.3, 18, -7
3578.4, 18, -7
3578.5, 18, -7
3578.6, 18, -7
3578.7, 18, -7
3578.8, 18, -7
3578.9, 18, -7
3579, 18, -7
3579.1, 18, -7
3579.2, 18, -7
3579.3, 18, -7
3579.4, 18, -7
3579.5, 18, -7
3579.6, 18, -7
3579.7, 18, -7
3579.8, 18, -7
3579.9, 18, -7
3580, 18, -7
3580.1, 18, -7
3580.2, 18, -7
3580.3, 18, -7
3580.4, 18, -7
3580.5, 18, -7
3580.6, 18, -7
3580.7, 18, -7
3580.8, 18, -7
3580.9, 18, -7
3581, 18, -7
3581.1, 18, -7
3581.2, 18, -7
3581.3, 18, -7
3581.4, 18, -7
3581.5, 19, -7
3581.6, 19, -7
3581.7, 19, -7
3581.8, 19, -7
3581.9, 19, -7
3582, 19, -7
3582.1, 19, -7
3582.2, 19, -7
3582.3, 19, -7
3582.4, 19, -7
3582.5, 19, -7
3582.6, 19, -7
3582.7, 19, -7
3582.8, 19, -7
3582.9, 19, -7
3583, 19, -7
3583.1, 19, -7
3583.2, 19, -7
3583.3, 19, -7
3583.4, 19, -7
3583.5, 19, -7
3583.6, 19, -7
3583.7, 19, -7
3583.8, 19, -7
3583.9, 19, -7
3584, 19, -7
3584.1, 19, -7
3584.2, 19, -7
3584.3, 18, -7
3584.4, 18, -7
3584.5, 18, -7
3584.6, 18, -7
3584.7, 18, -7
3584.8, 18, -7
3584.9, 18, -7
3585, 18, -7
3585.1, 18, -7
3585.2, 18, -7
3585.3, 18, -7
3585.4, 18, -7
3585.5, 18, -6
3585.6, 18, -6
3585.7, 18, -6
3585.8, 18, -6
3585.9, 18, -6
3586, 18, -6
3586.1, 18, -6
3586.2, 18, -6
3586.3, 18, -6
3586.4, 18, -6
3586.5, 18, -6
3586.6, 18, -6
3586.7, 18, -6
3586.8, 18, -6
3586.9, 18, -6
3587, 18, -6
3587.1, 18, -6
3587.2, 18, -6
3587.3, 18, -6
3587.4, 18, -6
3587.5, 18, -6
3587.6, 18, -6
3587.7, 18, -5
3587.8, 18, -5
3587.9, 18, -4
3588, 18, -4
3588.1, 18, -4
3588.2, 18, -4
3588.3, 18, -4
3588.4, 18, -4
3588.5, 18, -4
3588.6, 18, -4
3588.7, 18, -4
3588.8, 18, -4
3588.9, 18, -4
3589, 18, -4
3589.1, 18, -4
3589.2, 18, -4
3589.3, 18, -4
3589.4, 18, -4
3589.5, 18, -4
3589.6, 18, -4
3589.7, 18, -4
3589.8, 18, -4
3589.9, 18, -4
3590, 18, -4
3590.1, 18, -4
3590.2, 18, -4
3590.3, 18, -4
3590.4, 18, -4
3590.5, 18, -4
3590.6, 18, -4
3590.7, 18, -4
3590.8, 18, -4
3590.9, 18, -4
3591, 18, -4
3591.1, 18, -4
3591.2, 18, -4
3591.3, 18, -4
3591.4, 18, -4
3591.5, 18, -4
3591.6, 18, -4
3591.7, 18, -4
3591.8, 18, -4
3591.9, 18, -4
3592, 18, -4
3592.1, 18, -4
3592.2, 18, -4
3592.3, 18, -4
3592.4, 18, -4
3592.5, 18, -4
3592.6, 18, -4
3592.7, 18, -4
3592.8, 18, -4
3592.9, 18, -4
3593, 18, -4
3593.1, 18, -4
3593.2, 18, -4
3593.3, 18, -4
3593.4, 18, -4
3593.5, 18, -4
3593.6, 18, -4
3593.7, 18, -4
3593.8, 18, -4
3593.9, 18, -4
3594, 18, -4
3594.1, 18, -4
3594.2, 18, -4
3594.3, 18, -4
3594.4, 18, -4
3594.5, 18, -4
3594.6, 18, -4
3594.7, 18, -4
3594.8, 18, -4
3594.9, 18, -4
3595, 18, -4
3595.1, 18, -4
3595.2, 18, -4
3595.3, 18, -4
3595.4, 18, -4
3595.5, 18, -4
3595.6, 18, -4
3595.7, 18, -4
3595.8, 18, -4
3595.9, 18, -4
3596, 18, -4
3596.1, 18, -4
3596.2, 18, -4
3596.3, 18, -4
3596.4, 18, -4
3596.5, 18, -4
3596.6, 18, -4
3596.7, 18, -4
3596.8, 18, -4
3596.9, 18, -4
3597, 18, -4
3597.1, 19, -4
3597.2, 19, -4
3597.3, 19, -5
3597.4, 19, -5
3597.5, 19, -5
3597.6, 19, -5
3597.7, 19, -5
3597.8, 19, -5
3597.9, 19, -5
3598, 19, -5
3598.1, 19, -5
3598.2, 19, -5
3598.3, 19, -5
3598.4, 19, -5
3598.5, 19, -5
3598.6, 19, -5
3598.7, 19, -5
3598.8, 19, -5
3598.9, 19, -5
3599, 19, -5
3599.1, 19, -5
3599.2, 19, -5
3599.3, 19, -5
3599.4, 19, -5
3599.5, 19, -5
3599.6, 19, -5
3599.7, 19, -5
3599.8, 19, -5
3599.9, 19, -5
3600, 19, -5
3600.1, 19, -5
3600.2, 19, -5
3600.3, 19, -5
3600.4, 19, -5
3600.5, 19, -5
3600.6, 19, -5
3600.7, 19, -5
3600.8, 19, -5
3600.9, 19, -5
3601, 19, -5
3601.1, 19, -5
3601.2, 19, -5
3601.3, 19, -5
3601.4, 19, -5
3601.5, 19, -5
3601.6, 19, -5
3601.7, 19, -5
3601.8, 19, -5
3601.9, 19, -5
3602, 19, -5
3602.1, 19, -5
3602.2, 19, -5
3602.3, 19, -5
3602.4, 19, -5
3602.5, 19, -5
3602.6, 19, -5
3602.7, 19, -5
3602.8, 19, -5
3602.9, 19, -5
3603, 19, -5
3603.1, 19, -5
3603.2, 19, -5
3603.3, 19, -6
3603.4, 19, -6
3603.5, 19, -6
3603.6, 19, -6
3603.7, 19, -6
3603.8, 19, -6
3603.9, 19, -6
3604, 19, -6
3604.1, 19, -6
3604.2, 19, -6
3604.3, 19, -6
3604.4, 19, -6
3604.5, 19, -6
3604.6, 19, -6
3604.7, 19, -6
3604.8, 19, -6
3604.9, 19, -6
3605, 19, -6
3605.1, 19, -6
3605.2, 19, -6
3605.3, 19, -5
3605.4, 19, -5
3605.5, 19, -5
3605.6, 19, -5
3605.7, 19, -5
3605.8, 19, -5
3605.9, 19, -5
3606, 19, -5
3606.1, 19, -5
3606.2, 19, -5
3606.3, 19, -5
3606.4, 19, -5
3606.5, 19, -5
3606.6, 19, -5
3606.7, 19, -5
3606.8, 19, -5
3606.9, 19, -6
3607, 19, -6
3607.1, 19, -6
3607.2, 19, -6
3607.3, 18, -6
3607.4, 18, -6
3607.5, 18, -6
3607.6, 18, -6
3607.7, 18, -5
3607.8, 18, -5
3607.9, 18, -5
3608, 18, -5
3608.1, 18, -5
3608.2, 18, -5
3608.3, 18, -5
3608.4, 18, -5
3608.5, 18, -5
3608.6, 18, -5
3608.7, 18, -5
3608.8, 18, -5
3608.9, 18, -5
3609, 18, -5
3609.1, 18, -5
3609.2, 18, -5
3609.3, 18, -5
3609.4, 18, -5
3609.5, 18, -5
3609.6, 18, -5
3609.7, 18, -5
3609.8, 18, -5
3609.9, 17, -5
3610, 17, -5
3610.1, 17, -5
3610.2, 17, -5
3610.3, 17, -5
3610.4, 17, -5
3610.5, 17, -5
3610.6, 17, -5
3610.7, 17, -5
3610.8, 17, -5
3610.9, 17, -5
3611, 17, -5
3611.1, 17, -5
3611.2, 17, -5
3611.3, 17, -5
3611.4, 17, -5
3611.5, 17, -5
3611.6, 17, -5
3611.7, 17, -5
3611.8, 17, -5
3611.9, 17, -5
3612, 17, -5
3612.1, 17, -5
3612.2, 17, -5
3612.3, 17, -5
3612.4, 17, -5
3612.5, 17, -5
3612.6, 17, -5
3612.7, 17, -5
3612.8, 17, -5
3612.9, 17, -5
3613, 17, -5
3613.1, 17, -5
3613.2, 17, -5
3613.3, 16, -5
3613.4, 16, -5
3613.5, 16, -5
3613.6, 16, -5
3613.7, 17, -5
3613.8, 17, -5
3613.9, 17, -5
3614, 17, -5
3614.1, 17, -5
3614.2, 17, -5
3614.3, 17, -5
3614.4, 17, -5
3614.5, 17, -5
3614.6, 17, -5
3614.7, 17, -6
3614.8, 17, -6
3614.9, 17, -6
3615, 17, -6
3615.1, 17, -6
3615.2, 17, -6
3615.3, 17, -6
3615.4, 17, -6
3615.5, 17, -6
3615.6, 17, -6
3615.7, 17, -6
3615.8, 17, -6
3615.9, 16, -6
3616, 16, -6
3616.1, 16, -6
3616.2, 16, -6
3616.3, 16, -6
3616.4, 16, -6
3616.5, 16, -6
3616.6, 16, -6
3616.7, 16, -6
3616.8, 16, -6
3616.9, 16, -6
3617, 16, -6
3617.1, 16, -5
3617.2, 16, -5
3617.3, 16, -5
3617.4, 16, -5
3617.5, 16, -5
3617.6, 16, -5
3617.7, 16, -5
3617.8, 16, -5
3617.9, 16, -5
3618, 16, -5
3618.1, 16, -5
3618.2, 16, -5
3618.3, 16, -4
3618.4, 16, -4
3618.5, 16, -4
3618.6, 16, -4
3618.7, 16, -4
3618.8, 16, -4
3618.9, 15, -4
3619, 15, -4
3619.1, 15, -4
3619.2, 15, -4
3619.3, 15, -4
3619.4, 15, -4
3619.5, 15, -4
3619.6, 15, -4
3619.7, 15, -4
3619.8, 15, -4
3619.9, 15, -4
3620, 15, -4
3620.1, 15, -4
3620.2, 15, -4
3620.3, 15, -4
3620.4, 15, -4
3620.5, 15, -4
3620.6, 15, -4
3620.7, 14, -4
3620.8, 14, -4
3620.9, 14, -4
3621, 14, -4
3621.1, 14, -4
3621.2, 14, -4
3621.3, 14, -4
3621.4, 14, -4
3621.5, 14, -4
3621.6, 14, -4
3621.7, 14, -4
3621.8, 14, -4
3621.9, 14, -4
3622, 14, -4
3622.1, 14, -4
3622.2, 14, -4
3622.3, 14, -5
3622.4, 14, -5
3622.5, 14, -5
3622.6, 14, -5
3622.7, 14, -5
3622.8, 14, -5
3622.9, 14, -5
3623, 14, -5
3623.1, 14, -5
3623.2, 14, -5
3623.3, 14, -5
3623.4, 14, -5
3623.5, 14, -5
3623.6, 14, -5
3623.7, 14, -5
3623.8, 14, -5
3623.9, 14, -5
3624, 14, -5
3624.1, 14, -5
3624.2, 14, -5
3624.3, 14, -5
3624.4, 14, -5
3624.5, 14, -5
3624.6, 14, -5
3624.7, 14, -5
3624.8, 14, -5
3624.9, 14, -5
3625, 14, -5
3625.1, 14, -5
3625.2, 14, -5
3625.3, 14, -6
3625.4, 14, -6
3625.5, 14, -6
3625.6, 14, -6
3625.7, 14, -6
3625.8, 14, -6
3625.9, 14, -6
3626, 14, -6
3626.1, 14, -6
3626.2, 14, -6
3626.3, 14, -6
3626.4, 14, -6
3626.5, 14, -6
3626.6, 14, -6
3626.7, 14, -6
3626.8, 14, -6
3626.9, 14, -6
3627, 14, -6
3627.1, 14, -6
3627.2, 14, -6
3627.3, 14, -6
3627.4, 14, -6
3627.5, 14, -6
3627.6, 14, -6
3627.7, 14, -6
3627.8, 14, -6
3627.9, 14, -6
3628, 14, -6
3628.1, 14, -6
3628.2, 14, -6
3628.3, 14, -6
3628.4, 14, -6
3628.5, 14, -6
3628.6, 14, -6
3628.7, 14, -6
3628.8, 14, -6
3628.9, 14, -5
3629, 14, -5
3629.1, 14, -5
3629.2, 14, -5
3629.3, 14, -5
3629.4, 14, -5
3629.5, 14, -5
3629.6, 14, -5
3629.7, 14, -5
3629.8, 14, -5
3629.9, 14, -5
3630, 14, -5
3630.1, 14, -5
3630.2, 14, -5
3630.3, 14, -4
3630.4, 14, -4
3630.5, 14, -4
3630.6, 14, -4
3630.7, 14, -4
3630.8, 14, -4
3630.9, 14, -4
3631, 14, -4
3631.1, 14, -4
3631.2, 14, -4
3631.3, 14, -4
3631.4, 14, -4
3631.5, 14, -4
3631.6, 14, -4
3631.7, 14, -4
3631.8, 14, -4
3631.9, 14, -4
3632, 14, -4
3632.1, 14, -4
3632.2, 14, -4
3632.3, 14, -4
3632.4, 14, -4
3632.5, 14, -4
3632.6, 14, -4
3632.7, 14, -4
3632.8, 14, -4
3632.9, 14, -4
3633, 14, -4
3633.1, 14, -4
3633.2, 14, -4
3633.3, 14, -4
3633.4, 14, -4
3633.5, 14, -4
3633.6, 14, -4
3633.7, 14, -4
3633.8, 14, -4
3633.9, 14, -4
3634, 14, -4
3634.1, 14, -4
3634.2, 14, -4
3634.3, 14, -4
3634.4, 14, -4
3634.5, 14, -4
3634.6, 14, -4
3634.7, 13, -4
3634.8, 13, -4
3634.9, 13, -4
3635, 13, -4
3635.1, 13, -4
3635.2, 13, -4
3635.3, 12, -4
3635.4, 12, -4
3635.5, 12, -4
3635.6, 12, -4
3635.7, 12, -4
3635.8, 12, -4
3635.9, 12, -4
3636, 12, -4
3636.1, 12, -4
3636.2, 12, -4
3636.3, 12, -4
3636.4, 12, -4
3636.5, 12, -4
3636.6, 12, -4
3636.7, 12, -4
3636.8, 12, -4
3636.9, 12, -4
3637, 12, -4
3637.1, 12, -4
3637.2, 12, -4
3637.3, 12, -4
3637.4, 12, -4
3637.5, 12, -4
3637.6, 12, -4
3637.7, 12, -4
3637.8, 12, -4
3637.9, 12, -4
3638, 12, -4
3638.1, 12, -4
3638.2, 12, -4
3638.3, 12, -4
3638.4, 12, -4
3638.5, 12, -4
3638.6, 12, -4
3638.7, 12, -4
3638.8, 12, -4
3638.9, 12, -4
3639, 12, -4
3639.1, 12, -4
3639.2, 12, -4
3639.3, 12, -4
3639.4, 12, -4
3639.5, 11, -4
3639.6, 11, -4
3639.7, 11, -4
3639.8, 11, -4
3639.9, 11, -4
3640, 11, -4
3640.1, 11, -4
3640.2, 11, -4
3640.3, 11, -4
3640.4, 11, -4
3640.5, 11, -4
3640.6, 11, -4
3640.7, 11, -5
3640.8, 11, -5
3640.9, 10, -5
3641, 10, -5
3641.1, 10, -5
3641.2, 10, -5
3641.3, 10, -5
3641.4, 10, -5
3641.5, 10, -5
3641.6, 10, -5
3641.7, 10, -5
3641.8, 10, -5
3641.9, 10, -5
3642, 10, -5
3642.1, 10, -5
3642.2, 10, -5
3642.3, 10, -5
3642.4, 10, -5
3642.5, 9, -5
3642.6, 9, -5
3642.7, 9, -5
3642.8, 9, -5
3642.9, 9, -5
3643, 9, -5
3643.1, 9, -5
3643.2, 9, -5
3643.3, 9, -5
3643.4, 9, -5
3643.5, 9, -5
3643.6, 9, -5
3643.7, 9, -5
3643.8, 9, -5
3643.9, 9, -5
3644, 9, -5
3644.1, 9, -5
3644.2, 9, -5
3644.3, 9, -5
3644.4, 9, -5
3644.5, 9, -5
3644.6, 9, -5
3644.7, 9, -5
3644.8, 9, -5
3644.9, 9, -5
3645, 9, -5
3645.1, 9, -5
3645.2, 9, -5
3645.3, 9, -5
3645.4, 9, -5
3645.5, 9, -4
3645.6, 9, -4
3645.7, 8, -4
3645.8, 8, -4
3645.9, 8, -4
3646, 8, -4
3646.1, 8, -4
3646.2, 8, -4
3646.3, 8, -4
3646.4, 8, -4
3646.5, 8, -4
3646.6, 8, -4
3646.7, 8, -4
3646.8, 8, -4
3646.9, 8, -4
3647, 8, -4
3647.1, 8, -4
3647.2, 8, -4
3647.3, 8, -4
3647.4, 8, -4
3647.5, 8, -4
3647.6, 8, -4
3647.7, 8, -4
3647.8, 8, -4
3647.9, 8, -4
3648, 8, -4
3648.1, 8, -4
3648.2, 8, -4
3648.3, 7, -4
3648.4, 7, -4
3648.5, 7, -4
3648.6, 7, -4
3648.7, 7, -4
3648.8, 7, -4
3648.9, 7, -4
3649, 7, -4
3649.1, 7, -4
3649.2, 7, -4
3649.3, 7, -4
3649.4, 7, -4
3649.5, 7, -4
3649.6, 7, -4
3649.7, 7, -5
3649.8, 7, -5
3649.9, 7, -5
3650, 7, -5
3650.1, 7, -5
3650.2, 7, -5
3650.3, 7, -5
3650.4, 7, -5
3650.5, 7, -5
3650.6, 7, -5
3650.7, 7, -5
3650.8, 7, -5
3650.9, 7, -5
3651, 7, -5
3651.1, 7, -5
3651.2, 7, -5
3651.3, 7, -4
3651.4, 7, -4
3651.5, 7, -4
3651.6, 7, -4
3651.7, 7, -4
3651.8, 7, -4
3651.9, 7, -4
3652, 7, -4
3652.1, 7, -4
3652.2, 7, -4
3652.3, 7, -5
3652.4, 7, -5
3652.5, 7, -5
3652.6, 7, -5
3652.7, 7, -5
3652.8, 7, -5
3652.9, 7, -5
3653, 7, -5
3653.1, 7, -5
3653.2, 7, -5
3653.3, 7, -6
3653.4, 7, -6
3653.5, 7, -6
3653.6, 7, -6
3653.7, 7, -6
3653.8, 7, -6
3653.9, 7, -6
3654, 7, -6
3654.1, 7, -6
3654.2, 7, -6
3654.3, 7, -6
3654.4, 7, -6
3654.5, 7, -6
3654.6, 7, -6
3654.7, 7, -6
3654.8, 7, -6
3654.9, 7, -6
3655, 7, -6
3655.1, 7, -6
3655.2, 7, -6
3655.3, 7, -6
3655.4, 7, -6
3655.5, 7, -6
3655.6, 7, -6
3655.7, 7, -6
3655.8, 7, -6
3655.9, 7, -6
3656, 7, -6
3656.1, 7, -6
3656.2, 7, -6
3656.3, 7, -6
3656.4, 7, -6
3656.5, 7, -6
3656.6, 7, -6
3656.7, 7, -6
3656.8, 7, -6
3656.9, 7, -6
3657, 7, -6
3657.1, 7, -6
3657.2, 7, -6
3657.3, 8, -6
3657.4, 8, -6
3657.5, 8, -6
3657.6, 8, -6
3657.7, 8, -5
3657.8, 8, -5
3657.9, 8, -5
3658, 8, -5
3658.1, 8, -5
3658.2, 8, -5
3658.3, 8, -5
3658.4, 8, -5
3658.5, 8, -5
3658.6, 8, -5
3658.7, 8, -5
3658.8, 8, -5
3658.9, 8, -5
3659, 8, -5
3659.1, 8, -5
3659.2, 8, -5
3659.3, 8, -5
3659.4, 8, -5
3659.5, 8, -5
3659.6, 8, -5
3659.7, 8, -5
3659.8, 8, -5
3659.9, 8, -5
3660, 8, -5
3660.1, 8, -5
3660.2, 8, -5
3660.3, 8, -5
3660.4, 8, -5
3660.5, 8, -5
3660.6, 8, -5
3660.7, 8, -5
3660.8, 8, -5
3660.9, 8, -5
3661, 8, -5
3661.1, 8, -5
3661.2, 8, -5
3661.3, 8, -5
3661.4, 8, -5
3661.5, 8, -5
3661.6, 8, -5
3661.7, 8, -5
3661.8, 8, -5
3661.9, 8, -5
3662, 8, -5
3662.1, 8, -5
3662.2, 8, -5
3662.3, 8, -5
3662.4, 8, -5
3662.5, 8, -5
3662.6, 8, -5
3662.7, 8, -5
3662.8, 8, -5
3662.9, 8, -5
3663, 8, -5
3663.1, 8, -5
3663.2, 8, -5
3663.3, 8, -5
3663.4, 8, -5
3663.5, 8, -5
3663.6, 8, -5
3663.7, 8, -5
3663.8, 8, -5
3663.9, 8, -5
3664, 8, -5
3664.1, 8, -5
3664.2, 8, -5
3664.3, 8, -5
3664.4, 8, -5
3664.5, 8, -5
3664.6, 8, -5
3664.7, 8, -5
3664.8, 8, -5
3664.9, 8, -5
3665, 8, -5
3665.1, 8, -5
3665.2, 8, -5
3665.3, 8, -6
3665.4, 8, -6
3665.5, 8, -6
3665.6, 8, -6
3665.7, 8, -6
3665.8, 8, -6
3665.9, 8, -6
3666, 8, -6
3666.1, 8, -6
3666.2, 8, -6
3666.3, 8, -6
3666.4, 8, -6
3666.5, 8, -6
3666.6, 8, -6
3666.7, 8, -5
3666.8, 8, -5
3666.9, 8, -5
3667, 8, -5
3667.1, 8, -5
3667.2, 8, -5
3667.3, 8, -5
3667.4, 8, -5
3667.5, 8, -5
3667.6, 8, -5
3667.7, 8, -5
3667.8, 8, -5
3667.9, 8, -5
3668, 8, -5
3668.1, 8, -5
3668.2, 8, -5
3668.3, 8, -5
3668.4, 8, -5
3668.5, 8, -5
3668.6, 8, -5
3668.7, 8, -5
3668.8, 8, -5
3668.9, 9, -5
3669, 9, -5
3669.1, 9, -5
3669.2, 9, -5
3669.3, 9, -5
3669.4, 9, -5
3669.5, 9, -5
3669.6, 9, -5
3669.7, 9, -5
3669.8, 9, -5
3669.9, 9, -5
3670, 9, -5
3670.1, 9, -6
3670.2, 9, -6
3670.3, 9, -6
3670.4, 9, -6
3670.5, 9, -6
3670.6, 9, -6
3670.7, 9, -6
3670.8, 9, -6
3670.9, 9, -6
3671, 9, -6
3671.1, 9, -6
3671.2, 9, -6
3671.3, 9, -6
3671.4, 9, -6
3671.5, 9, -6
3671.6, 9, -6
3671.7, 9, -6
3671.8, 9, -6
3671.9, 9, -6
3672, 9, -6
3672.1, 9, -6
3672.2, 9, -6
3672.3, 9, -6
3672.4, 9, -6
3672.5, 9, -6
3672.6, 9, -6
3672.7, 9, -6
3672.8, 9, -6
3672.9, 9, -6
3673, 9, -6
3673.1, 9, -6
3673.2, 9, -6
3673.3, 9, -6
3673.4, 9, -6
3673.5, 9, -6
3673.6, 9, -6
3673.7, 9, -6
3673.8, 9, -6
3673.9, 9, -6
3674, 9, -6
3674.1, 9, -6
3674.2, 9, -6
3674.3, 9, -6
3674.4, 9, -6
3674.5, 9, -6
3674.6, 9, -6
3674.7, 9, -6
3674.8, 9, -6
3674.9, 9, -6
3675, 9, -6
3675.1, 9, -5
3675.2, 9, -5
3675.3, 9, -5
3675.4, 9, -5
3675.5, 9, -5
3675.6, 9, -5
3675.7, 9, -5
3675.8, 9, -5
3675.9, 9, -5
3676, 9, -5
3676.1, 9, -5
3676.2, 9, -5
3676.3, 9, -5
3676.4, 9, -5
3676.5, 9, -5
3676.6, 9, -5
3676.7, 9, -5
3676.8, 9, -5
3676.9, 9, -5
3677, 9, -5
3677.1, 9, -5
3677.2, 9, -5
3677.3, 9, -5
3677.4, 9, -5
3677.5, 9, -6
3677.6, 9, -6
3677.7, 9, -6
3677.8, 9, -6
3677.9, 9, -6
3678, 9, -6
3678.1, 9, -6
3678.2, 9, -6
3678.3, 9, -6
3678.4, 9, -6
3678.5, 9, -6
3678.6, 9, -6
3678.7, 9, -6
3678.8, 9, -6
3678.9, 9, -6
3679, 9, -6
3679.1, 9, -6
3679.2, 9, -6
3679.3, 9, -6
3679.4, 9, -6
3679.5, 9, -6
3679.6, 9, -6
3679.7, 9, -5
3679.8, 9, -5
3679.9, 9, -5
3680, 9, -5
3680.1, 9, -5
3680.2, 9, -5
3680.3, 9, -5
3680.4, 9, -5
3680.5, 9, -5
3680.6, 9, -5
3680.7, 9, -5
3680.8, 9, -5
3680.9, 9, -5
3681, 9, -5
3681.1, 9, -5
3681.2, 9, -5
3681.3, 9, -5
3681.4, 9, -5
3681.5, 9, -5
3681.6, 9, -5
3681.7, 9, -5
3681.8, 9, -5
3681.9, 9, -5
3682, 9, -5
3682.1, 9, -5
3682.2, 9, -5
3682.3, 9, -5
3682.4, 9, -5
3682.5, 9, -5
3682.6, 9, -5
3682.7, 9, -5
3682.8, 9, -5
3682.9, 9, -5
3683, 9, -5
3683.1, 9, -5
3683.2, 9, -5
3683.3, 9, -5
3683.4, 9, -5
3683.5, 9, -5
3683.6, 9, -5
3683.7, 9, -5
3683.8, 9, -5
3683.9, 9, -5
3684, 9, -5
3684.1, 9, -5
3684.2, 9, -5
3684.3, 9, -5
3684.4, 9, -5
3684.5, 9, -5
3684.6, 9, -5
3684.7, 9, -5
3684.8, 9, -5
3684.9, 10, -5
3685, 10, -5
3685.1, 10, -5
3685.2, 10, -5
3685.3, 10, -5
3685.4, 10, -5
3685.5, 10, -5
3685.6, 10, -5
3685.7, 10, -5
3685.8, 10, -5
3685.9, 10, -4
3686, 10, -4
3686.1, 10, -4
3686.2, 10, -4
3686.3, 10, -4
3686.4, 10, -4
3686.5, 10, -4
3686.6, 10, -4
3686.7, 10, -5
3686.8, 10, -5
3686.9, 10, -5
3687, 10, -5
3687.1, 10, -5
3687.2, 10, -5
3687.3, 10, -5
3687.4, 10, -5
3687.5, 10, -5
3687.6, 10, -5
3687.7, 10, -5
3687.8, 10, -5
3687.9, 10, -5
3688, 10, -5
3688.1, 10, -5
3688.2, 10, -5
3688.3, 10, -5
3688.4, 10, -5
3688.5, 10, -5
3688.6, 10, -5
3688.7, 10, -5
3688.8, 10, -5
3688.9, 10, -5
3689, 10, -5
3689.1, 10, -5
3689.2, 10, -5
3689.3, 10, -5
3689.4, 10, -5
3689.5, 10, -5
3689.6, 10, -5
3689.7, 10, -5
3689.8, 10, -5
3689.9, 10, -5
3690, 10, -5
3690.1, 10, -5
3690.2, 10, -5
3690.3, 10, -5
3690.4, 10, -5
3690.5, 10, -5
3690.6, 10, -5
3690.7, 10, -5
3690.8, 10, -5
3690.9, 10, -5
3691, 10, -5
3691.1, 10, -5
3691.2, 10, -5
3691.3, 10, -5
3691.4, 10, -5
3691.5, 10, -5
3691.6, 10, -5
3691.7, 10, -5
3691.8, 10, -5
3691.9, 10, -5
3692, 10, -5
3692.1, 10, -5
3692.2, 10, -5
3692.3, 10, -5
3692.4, 10, -5
3692.5, 10, -5
3692.6, 10, -5
3692.7, 10, -5
3692.8, 10, -5
3692.9, 10, -5
3693, 10, -5
3693.1, 10, -5
3693.2, 10, -5
3693.3, 10, -5
3693.4, 10, -5
3693.5, 10, -5
3693.6, 10, -5
3693.7, 10, -5
3693.8, 10, -5
3693.9, 10, -5
3694, 10, -5
3694.1, 10, -5
3694.2, 10, -5
3694.3, 10, -5
3694.4, 10, -5
3694.5, 10, -5
3694.6, 10, -5
3694.7, 10, -5
3694.8, 10, -5
3694.9, 10, -5
3695, 10, -5
3695.1, 9, -5
3695.2, 9, -5
3695.3, 9, -5
3695.4, 9, -5
3695.5, 9, -5
3695.6, 9, -5
3695.7, 9, -5
3695.8, 9, -5
3695.9, 9, -5
3696, 9, -5
3696.1, 9, -5
3696.2, 9, -5
3696.3, 9, -5
3696.4, 9, -5
3696.5, 9, -5
3696.6, 9, -5
3696.7, 9, -5
3696.8, 9, -5
3696.9, 9, -5
3697, 9, -5
3697.1, 9, -5
3697.2, 9, -5
3697.3, 9, -5
3697.4, 9, -5
3697.5, 10, -5
3697.6, 10, -5
3697.7, 10, -5
3697.8, 10, -5
3697.9, 9, -5
3698, 9, -5
3698.1, 9, -5
3698.2, 9, -5
3698.3, 9, -5
3698.4, 9, -5
3698.5, 9, -5
3698.6, 9, -5
3698.7, 9, -5
3698.8, 9, -5
3698.9, 9, -5
3699, 9, -5
3699.1, 9, -5
3699.2, 9, -5
3699.3, 9, -5
3699.4, 9, -5
3699.5, 9, -5
3699.6, 9, -5
3699.7, 9, -5
3699.8, 9, -5
3699.9, 9, -5
3700, 9, -5
3700.1, 9, -5
3700.2, 9, -5
3700.3, 9, -5
3700.4, 9, -5
3700.5, 9, -5
3700.6, 9, -5
3700.7, 9, -5
3700.8, 9, -5
3700.9, 9, -5
3701, 9, -5
3701.1, 10, -5
3701.2, 10, -5
3701.3, 10, -5
3701.4, 10, -5
3701.5, 10, -5
3701.6, 10, -5
3701.7, 10, -5
3701.8, 10, -5
3701.9, 10, -5
3702, 10, -5
3702.1, 10, -5
3702.2, 10, -5
3702.3, 10, -5
3702.4, 10, -5
3702.5, 10, -5
3702.6, 10, -5
3702.7, 10, -5
3702.8, 10, -5
3702.9, 10, -5
3703, 10, -5
3703.1, 10, -5
3703.2, 10, -5
3703.3, 10, -5
3703.4, 10, -5
3703.5, 10, -5
3703.6, 10, -5
3703.7, 10, -5
3703.8, 10, -5
3703.9, 10, -5
3704, 10, -5
3704.1, 10, -5
3704.2, 10, -5
3704.3, 10, -5
3704.4, 10, -5
3704.5, 10, -5
3704.6, 10, -5
3704.7, 10, -5
3704.8, 10, -5
3704.9, 10, -5
3705, 10, -5
3705.1, 10, -5
3705.2, 10, -5
3705.3, 10, -5
3705.4, 10, -5
3705.5, 10, -5
3705.6, 10, -5
3705.7, 10, -5
3705.8, 10, -5
3705.9, 11, -5
3706, 11, -5
3706.1, 11, -5
3706.2, 11, -5
3706.3, 11, -5
3706.4, 11, -5
3706.5, 11, -5
3706.6, 11, -5
3706.7, 11, -5
3706.8, 11, -5
3706.9, 11, -5
3707, 11, -5
3707.1, 11, -5
3707.2, 11, -5
3707.3, 11, -5
3707.4, 11, -5
3707.5, 11, -5
3707.6, 11, -5
3707.7, 11, -5
3707.8, 11, -5
3707.9, 12, -5
3708, 12, -5
3708.1, 12, -5
3708.2, 12, -5
3708.3, 12, -5
3708.4, 12, -5
3708.5, 12, -5
3708.6, 12, -5
3708.7, 12, -5
3708.8, 12, -5
3708.9, 12, -5
3709, 12, -5
3709.1, 12, -5
3709.2, 12, -5
3709.3, 12, -5
3709.4, 12, -5
3709.5, 12, -5
3709.6, 12, -5
3709.7, 12, -5
3709.8, 12, -5
3709.9, 12, -5
3710, 12, -5
3710.1, 12, -5
3710.2, 12, -5
3710.3, 12, -5
3710.4, 12, -5
3710.5, 12, -5
3710.6, 12, -5
3710.7, 12, -5
3710.8, 12, -5
3710.9, 12, -5
3711, 12, -5
3711.1, 12, -5
3711.2, 12, -5
3711.3, 12, -5
3711.4, 12, -5
3711.5, 12, -5
3711.6, 12, -5
3711.7, 12, -5
3711.8, 12, -5
3711.9, 12, -5
3712, 12, -5
3712.1, 12, -5
3712.2, 12, -5
3712.3, 12, -5
3712.4, 12, -5
3712.5, 12, -5
3712.6, 12, -5
3712.7, 12, -5
3712.8, 12, -5
3712.9, 12, -5
3713, 12, -5
3713.1, 13, -5
3713.2, 13, -5
3713.3, 13, -5
3713.4, 13, -5
3713.5, 13, -5
3713.6, 13, -5
3713.7, 13, -5
3713.8, 13, -5
3713.9, 13, -5
3714, 13, -5
3714.1, 13, -5
3714.2, 13, -5
3714.3, 13, -6
3714.4, 13, -6
3714.5, 13, -6
3714.6, 13, -6
3714.7, 13, -6
3714.8, 13, -6
3714.9, 12, -6
3715, 12, -6
3715.1, 12, -6
3715.2, 12, -6
3715.3, 12, -6
3715.4, 12, -6
3715.5, 12, -6
3715.6, 12, -6
3715.7, 12, -6
3715.8, 12, -6
3715.9, 12, -6
3716, 12, -6
3716.1, 12, -6
3716.2, 12, -6
3716.3, 12, -6
3716.4, 12, -6
3716.5, 12, -6
3716.6, 12, -6
3716.7, 12, -6
3716.8, 12, -6
3716.9, 12, -6
3717, 12, -6
3717.1, 12, -6
3717.2, 12, -6
3717.3, 12, -6
3717.4, 12, -6
3717.5, 12, -6
3717.6, 12, -6
3717.7, 12, -6
3717.8, 12, -6
3717.9, 12, -6
3718, 12, -6
3718.1, 12, -6
3718.2, 12, -6
3718.3, 12, -6
3718.4, 12, -6
3718.5, 12, -6
3718.6, 12, -6
3718.7, 12, -6
3718.8, 12, -6
3718.9, 12, -6
3719, 12, -6
3719.1, 12, -6
3719.2, 12, -6
3719.3, 12, -6
3719.4, 12, -6
3719.5, 12, -6
3719.6, 12, -6
3719.7, 12, -6
3719.8, 12, -6
3719.9, 12, -6
3720, 12, -6
3720.1, 12, -6
3720.2, 12, -6
3720.3, 12, -6
3720.4, 12, -6
3720.5, 12, -6
3720.6, 12, -6
3720.7, 12, -6
3720.8, 12, -6
3720.9, 13, -6
3721, 13, -6
3721.1, 13, -6
3721.2, 13, -6
3721.3, 13, -6
3721.4, 13, -6
3721.5, 13, -6
3721.6, 13, -6
3721.7, 13, -6
3721.8, 13, -6
3721.9, 13, -6
3722, 13, -6
3722.1, 13, -6
3722.2, 13, -6
3722.3, 13, -6
3722.4, 13, -6
3722.5, 13, -6
3722.6, 13, -6
3722.7, 13, -6
3722.8, 13, -6
3722.9, 13, -6
3723, 13, -6
3723.1, 13, -6
3723.2, 13, -6
3723.3, 13, -6
3723.4, 13, -6
3723.5, 13, -6
3723.6, 13, -6
3723.7, 13, -6
3723.8, 13, -6
3723.9, 13, -6
3724, 13, -6
3724.1, 13, -6
3724.2, 13, -6
3724.3, 13, -6
3724.4, 13, -6
3724.5, 13, -6
3724.6, 13, -6
3724.7, 13, -6
3724.8, 13, -6
3724.9, 13, -6
3725, 13, -6
3725.1, 13, -6
3725.2, 13, -6
3725.3, 13, -7
3725.4, 13, -7
3725.5, 13, -7
3725.6, 13, -7
3725.7, 13, -7
3725.8, 13, -7
3725.9, 13, -7
3726, 13, -7
3726.1, 13, -7
3726.2, 13, -7
3726.3, 13, -7
3726.4, 13, -7
3726.5, 13, -7
3726.6, 13, -7
3726.7, 13, -7
3726.8, 13, -7
3726.9, 13, -7
3727, 13, -7
3727.1, 13, -7
3727.2, 13, -7
3727.3, 13, -7
3727.4, 13, -7
3727.5, 13, -7
3727.6, 13, -7
3727.7, 13, -7
3727.8, 13, -7
3727.9, 13, -7
3728, 13, -7
3728.1, 13, -7
3728.2, 13, -7
3728.3, 13, -7
3728.4, 13, -7
3728.5, 13, -7
3728.6, 13, -7
3728.7, 13, -7
3728.8, 13, -7
3728.9, 13, -6
3729, 13, -6
3729.1, 13, -6
3729.2, 13, -6
3729.3, 13, -6
3729.4, 13, -6
3729.5, 13, -6
3729.6, 13, -6
3729.7, 13, -6
3729.8, 13, -6
3729.9, 13, -6
3730, 13, -6
3730.1, 13, -6
3730.2, 13, -6
3730.3, 13, -6
3730.4, 13, -6
3730.5, 13, -6
3730.6, 13, -6
3730.7, 13, -6
3730.8, 13, -6
3730.9, 13, -6
3731, 13, -6
3731.1, 13, -6
3731.2, 13, -6
3731.3, 13, -6
3731.4, 13, -6
3731.5, 13, -6
3731.6, 13, -6
3731.7, 13, -6
3731.8, 13, -6
3731.9, 13, -6
3732, 13, -6
3732.1, 13, -6
3732.2, 13, -6
3732.3, 12, -6
3732.4, 12, -6
3732.5, 12, -6
3732.6, 12, -6
3732.7, 11, -6
3732.8, 11, -6
3732.9, 11, -6
3733, 11, -6
3733.1, 11, -6
3733.2, 11, -6
3733.3, 11, -5
3733.4, 11, -5
3733.5, 11, -5
3733.6, 11, -5
3733.7, 11, -5
3733.8, 11, -5
3733.9, 11, -5
3734, 11, -5
3734.1, 11, -5
3734.2, 11, -5
3734.3, 11, -5
3734.4, 11, -5
3734.5, 11, -5
3734.6, 11, -5
3734.7, 11, -5
3734.8, 11, -5
3734.9, 11, -6
3735, 11, -6
3735.1, 11, -6
3735.2, 11, -6
3735.3, 11, -6
3735.4, 11, -6
3735.5, 11, -6
3735.6, 11, -6
3735.7, 11, -6
3735.8, 11, -6
3735.9, 11, -6
3736, 11, -6
3736.1, 11, -6
3736.2, 11, -6
3736.3, 10, -6
3736.4, 10, -6
3736.5, 10, -6
3736.6, 10, -6
3736.7, 10, -6
3736.8, 10, -6
3736.9, 10, -6
3737, 10, -6
3737.1, 10, -6
3737.2, 10, -6
3737.3, 10, -6
3737.4, 10, -6
3737.5, 10, -6
3737.6, 10, -6
3737.7, 10, -6
3737.8, 10, -6
3737.9, 9, -6
3738, 9, -6
3738.1, 9, -6
3738.2, 9, -6
3738.3, 9, -6
3738.4, 9, -6
3738.5, 9, -6
3738.6, 9, -6
3738.7, 9, -6
3738.8, 9, -6
3738.9, 9, -6
3739, 9, -6
3739.1, 9, -6
3739.2, 9, -6
3739.3, 9, -6
3739.4, 9, -6
3739.5, 9, -6
3739.6, 9, -6
3739.7, 10, -6
3739.8, 10, -6
3739.9, 10, -6
3740, 10, -6
3740.1, 10, -6
3740.2, 10, -6
3740.3, 10, -6
3740.4, 10, -6
3740.5, 10, -6
3740.6, 10, -6
3740.7, 11, -6
3740.8, 11, -6
3740.9, 11, -6
3741, 11, -6
3741.1, 11, -6
3741.2, 11, -6
3741.3, 11, -6
3741.4, 11, -6
3741.5, 11, -6
3741.6, 11, -6
3741.7, 11, -6
3741.8, 11, -6
3741.9, 11, -6
3742, 11, -6
3742.1, 11, -6
3742.2, 11, -6
3742.3, 11, -6
3742.4, 11, -6
3742.5, 11, -6
3742.6, 11, -6
3742.7, 11, -6
3742.8, 11, -6
3742.9, 11, -6
3743, 11, -6
3743.1, 11, -6
3743.2, 11, -6
3743.3, 11, -6
3743.4, 11, -6
3743.5, 11, -6
3743.6, 11, -6
3743.7, 11, -6
3743.8, 11, -6
3743.9, 11, -6
3744, 11, -6
3744.1, 11, -6
3744.2, 11, -6
3744.3, 11, -6
3744.4, 11, -6
3744.5, 11, -6
3744.6, 11, -6
3744.7, 11, -6
3744.8, 11, -6
3744.9, 11, -6
3745, 11, -6
3745.1, 11, -6
3745.2, 11, -6
3745.3, 11, -6
3745.4, 11, -6
3745.5, 11, -6
3745.6, 11, -6
3745.7, 11, -6
3745.8, 11, -6
3745.9, 11, -6
3746, 11, -6
3746.1, 11, -6
3746.2, 11, -6
3746.3, 11, -6
3746.4, 11, -6
3746.5, 11, -6
3746.6, 11, -6
3746.7, 10, -6
3746.8, 10, -6
3746.9, 10, -6
3747, 10, -6
3747.1, 10, -6
3747.2, 10, -6
3747.3, 10, -6
3747.4, 10, -6
3747.5, 10, -6
3747.6, 10, -6
3747.7, 10, -6
3747.8, 10, -6
3747.9, 10, -6
3748, 10, -6
3748.1, 10, -6
3748.2, 10, -6
3748.3, 10, -6
3748.4, 10, -6
3748.5, 10, -6
3748.6, 10, -6
3748.7, 10, -6
3748.8, 10, -6
3748.9, 10, -6
3749, 10, -6
3749.1, 10, -6
3749.2, 10, -6
3749.3, 10, -6
3749.4, 10, -6
3749.5, 10, -6
3749.6, 10, -6
3749.7, 10, -6
3749.8, 10, -6
3749.9, 10, -6
3750, 10, -6
3750.1, 10, -6
3750.2, 10, -6
3750.3, 9, -6
3750.4, 9, -6
3750.5, 9, -6
3750.6, 9, -6
3750.7, 9, -6
3750.8, 9, -6
3750.9, 9, -6
3751, 9, -6
3751.1, 9, -6
3751.2, 9, -6
3751.3, 9, -6
3751.4, 9, -6
3751.5, 9, -6
3751.6, 9, -6
3751.7, 9, -6
3751.8, 9, -6
3751.9, 9, -6
3752, 9, -6
3752.1, 10, -6
3752.2, 10, -6
3752.3, 10, -5
3752.4, 10, -5
3752.5, 10, -5
3752.6, 10, -5
3752.7, 10, -5
3752.8, 10, -5
3752.9, 10, -5
3753, 10, -5
3753.1, 10, -5
3753.2, 10, -5
3753.3, 10, -5
3753.4, 10, -5
3753.5, 10, -5
3753.6, 10, -5
3753.7, 10, -6
3753.8, 10, -6
3753.9, 10, -6
3754, 10, -6
3754.1, 10, -6
3754.2, 10, -6
3754.3, 10, -6
3754.4, 10, -6
3754.5, 10, -6
3754.6, 10, -6
3754.7, 10, -6
3754.8, 10, -6
3754.9, 10, -6
3755, 10, -6
3755.1, 10, -6
3755.2, 10, -6
3755.3, 10, -6
3755.4, 10, -6
3755.5, 10, -6
3755.6, 10, -6
3755.7, 9, -6
3755.8, 9, -6
3755.9, 9, -6
3756, 9, -6
3756.1, 9, -6
3756.2, 9, -6
3756.3, 9, -6
3756.4, 9, -6
3756.5, 9, -6
3756.6, 9, -6
3756.7, 9, -6
3756.8, 9, -6
3756.9, 8, -6
3757, 8, -6
3757.1, 8, -6
3757.2, 8, -6
3757.3, 8, -6
3757.4, 8, -6
3757.5, 8, -6
3757.6, 8, -6
3757.7, 8, -6
3757.8, 8, -6
3757.9, 8, -6
3758, 8, -6
3758.1, 8, -6
3758.2, 8, -6
3758.3, 8, -6
3758.4, 8, -6
3758.5, 8, -6
3758.6, 8, -6
3758.7, 8, -6
3758.8, 8, -6
3758.9, 8, -6
3759, 8, -6
3759.1, 8, -6
3759.2, 8, -6
3759.3, 8, -6
3759.4, 8, -6
3759.5, 8, -6
3759.6, 8, -6
3759.7, 8, -6
3759.8, 8, -6
3759.9, 8, -6
3760, 8, -6
3760.1, 8, -6
3760.2, 8, -6
3760.3, 8, -6
3760.4, 8, -6
3760.5, 8, -6
3760.6, 8, -6
3760.7, 8, -6
3760.8, 8, -6
3760.9, 8, -6
3761, 8, -6
3761.1, 8, -6
3761.2, 8, -6
3761.3, 8, -6
3761.4, 8, -6
3761.5, 8, -6
3761.6, 8, -6
3761.7, 8, -6
3761.8, 8, -6
3761.9, 8, -6
3762, 8, -6
3762.1, 8, -6
3762.2, 8, -6
3762.3, 8, -6
3762.4, 8, -6
3762.5, 8, -6
3762.6, 8, -6
3762.7, 8, -6
3762.8, 8, -6
3762.9, 8, -6
3763, 8, -6
3763.1, 8, -6
3763.2, 8, -6
3763.3, 8, -6
3763.4, 8, -6
3763.5, 8, -6
3763.6, 8, -6
3763.7, 8, -6
3763.8, 8, -6
3763.9, 8, -6
3764, 8, -6
3764.1, 8, -6
3764.2, 8, -6
3764.3, 8, -6
3764.4, 8, -6
3764.5, 8, -6
3764.6, 8, -6
3764.7, 8, -6
3764.8, 8, -6
3764.9, 8, -6
3765, 8, -6
3765.1, 8, -6
3765.2, 8, -6
3765.3, 8, -6
3765.4, 8, -6
3765.5, 8, -6
3765.6, 8, -6
3765.7, 8, -6
3765.8, 8, -6
3765.9, 8, -6
3766, 8, -6
3766.1, 8, -6
3766.2, 8, -6
3766.3, 7, -6
3766.4, 7, -6
3766.5, 7, -6
3766.6, 7, -6
3766.7, 7, -6
3766.8, 7, -6
3766.9, 7, -6
3767, 7, -6
3767.1, 7, -6
3767.2, 7, -6
3767.3, 7, -6
3767.4, 7, -6
3767.5, 7, -6
3767.6, 7, -6
3767.7, 7, -6
3767.8, 7, -6
3767.9, 7, -6
3768, 7, -6
3768.1, 7, -6
3768.2, 7, -6
3768.3, 7, -6
3768.4, 7, -6
3768.5, 7, -6
3768.6, 7, -6
3768.7, 7, -6
3768.8, 7, -6
3768.9, 7, -6
3769, 7, -6
3769.1, 7, -6
3769.2, 7, -6
3769.3, 7, -6
3769.4, 7, -6
3769.5, 7, -6
3769.6, 7, -6
3769.7, 7, -6
3769.8, 7, -6
3769.9, 7, -6
3770, 7, -6
3770.1, 7, -6
3770.2, 7, -6
3770.3, 7, -6
3770.4, 7, -6
3770.5, 7, -6
3770.6, 7, -6
3770.7, 7, -6
3770.8, 7, -6
3770.9, 7, -6
3771, 7, -6
3771.1, 7, -6
3771.2, 7, -6
3771.3, 7, -6
3771.4, 7, -6
3771.5, 7, -6
3771.6, 7, -6
3771.7, 7, -6
3771.8, 7, -6
3771.9, 7, -7
3772, 7, -7
3772.1, 7, -7
3772.2, 7, -7
3772.3, 7, -7
3772.4, 7, -7
3772.5, 8, -7
3772.6, 8, -7
3772.7, 8, -7
3772.8, 8, -7
3772.9, 8, -7
3773, 8, -7
3773.1, 7, -7
3773.2, 7, -7
3773.3, 7, -7
3773.4, 7, -7
3773.5, 7, -7
3773.6, 7, -7
3773.7, 7, -7
3773.8, 7, -7
3773.9, 7, -7
3774, 7, -7
3774.1, 7, -7
3774.2, 7, -7
3774.3, 7, -7
3774.4, 7, -7
3774.5, 7, -7
3774.6, 7, -7
3774.7, 7, -6
3774.8, 7, -6
3774.9, 7, -6
3775, 7, -6
3775.1, 7, -6
3775.2, 7, -6
3775.3, 7, -6
3775.4, 7, -6
3775.5, 7, -6
3775.6, 7, -6
3775.7, 7, -6
3775.8, 7, -6
3775.9, 7, -6
3776, 7, -6
3776.1, 7, -6
3776.2, 7, -6
3776.3, 7, -6
3776.4, 7, -6
3776.5, 7, -6
3776.6, 7, -6
3776.7, 7, -6
3776.8, 7, -6
3776.9, 7, -6
3777, 7, -6
3777.1, 7, -6
3777.2, 7, -6
3777.3, 7, -6
3777.4, 7, -6
3777.5, 7, -6
3777.6, 7, -6
3777.7, 7, -6
3777.8, 7, -6
3777.9, 6, -6
3778, 6, -6
3778.1, 6, -6
3778.2, 6, -6
3778.3, 6, -6
3778.4, 6, -6
3778.5, 6, -6
3778.6, 6, -6
3778.7, 6, -6
3778.8, 6, -6
3778.9, 6, -6
3779, 6, -6
3779.1, 6, -6
3779.2, 6, -6
3779.3, 6, -6
3779.4, 6, -6
3779.5, 6, -6
3779.6, 6, -6
3779.7, 6, -6
3779.8, 6, -6
3779.9, 6, -6
3780, 6, -6
3780.1, 6, -6
3780.2, 6, -6
3780.3, 6, -6
3780.4, 6, -6
3780.5, 6, -6
3780.6, 6, -6
3780.7, 5, -6
3780.8, 5, -6
3780.9, 5, -6
3781, 5, -6
3781.1, 5, -6
3781.2, 5, -6
3781.3, 4, -6
3781.4, 4, -6
3781.5, 4, -6
3781.6, 4, -6
3781.7, 4, -6
3781.8, 4, -6
3781.9, 4, -6
3782, 4, -6
3782.1, 4, -6
3782.2, 4, -6
3782.3, 4, -6
3782.4, 4, -6
3782.5, 4, -5
3782.6, 4, -5
3782.7, 4, -4
3782.8, 4, -4
3782.9, 4, -4
3783, 4, -4
3783.1, 4, -4
3783.2, 4, -4
3783.3, 4, -4
3783.4, 4, -4
3783.5, 4, -4
3783.6, 4, -4
3783.7, 4, -5
3783.8, 4, -5
3783.9, 4, -5
3784, 4, -5
3784.1, 4, -4
3784.2, 4, -4
3784.3, 4, -4
3784.4, 4, -4
3784.5, 4, -4
3784.6, 4, -4
3784.7, 4, -4
3784.8, 4, -4
3784.9, 4, -4
3785, 4, -4
3785.1, 4, -4
3785.2, 4, -4
3785.3, 4, -4
3785.4, 4, -4
3785.5, 4, -4
3785.6, 4, -4
3785.7, 4, -4
3785.8, 4, -4
3785.9, 4, -4
3786, 4, -4
3786.1, 4, -4
3786.2, 4, -4
3786.3, 4, -4
3786.4, 4, -4
3786.5, 3, -4
3786.6, 3, -4
3786.7, 3, -4
3786.8, 3, -4
3786.9, 3, -4
3787, 3, -4
3787.1, 3, -4
3787.2, 3, -4
3787.3, 3, -4
3787.4, 3, -4
3787.5, 3, -4
3787.6, 3, -4
3787.7, 3, -4
3787.8, 3, -4
3787.9, 3, -4
3788, 3, -4
3788.1, 3, -4
3788.2, 3, -4
3788.3, 3, -4
3788.4, 3, -4
3788.5, 3, -4
3788.6, 3, -4
3788.7, 3, -4
3788.8, 3, -4
3788.9, 3, -4
3789, 3, -4
3789.1, 3, -4
3789.2, 3, -4
3789.3, 3, -4
3789.4, 3, -4
3789.5, 3, -4
3789.6, 3, -4
3789.7, 3, -4
3789.8, 3, -4
3789.9, 3, -4
3790, 3, -4
3790.1, 3, -4
3790.2, 3, -4
3790.3, 3, -4
3790.4, 3, -4
3790.5, 3, -4
3790.6, 3, -4
3790.7, 3, -4
3790.8, 3, -4
3790.9, 3, -5
3791, 3, -5
3791.1, 3, -5
3791.2, 3, -5
3791.3, 3, -5
3791.4, 3, -5
3791.5, 3, -5
3791.6, 3, -5
3791.7, 3, -5
3791.8, 3, -5
3791.9, 3, -5
3792, 3, -5
3792.1, 3, -6
3792.2, 3, -6
3792.3, 3, -6
3792.4, 3, -6
3792.5, 3, -6
3792.6, 3, -6
3792.7, 3, -6
3792.8, 3, -6
3792.9, 3, -6
3793, 3, -6
3793.1, 3, -6
3793.2, 3, -6
3793.3, 3, -6
3793.4, 3, -6
3793.5, 3, -6
3793.6, 3, -6
3793.7, 3, -6
3793.8, 3, -6
3793.9, 3, -6
3794, 3, -6
3794.1, 3, -6
3794.2, 3, -6
3794.3, 3, -6
3794.4, 3, -6
3794.5, 3, -6
3794.6, 3, -6
3794.7, 3, -6
3794.8, 3, -6
3794.9, 3, -6
3795, 3, -6
3795.1, 3, -6
3795.2, 3, -6
3795.3, 3, -6
3795.4, 3, -6
3795.5, 3, -7
3795.6, 3, -7
3795.7, 3, -7
3795.8, 3, -7
3795.9, 3, -7
3796, 3, -7
3796.1, 4, -7
3796.2, 4, -7
3796.3, 4, -7
3796.4, 4, -7
3796.5, 4, -8
3796.6, 4, -8
3796.7, 4, -8
3796.8, 4, -8
3796.9, 4, -8
3797, 4, -8
3797.1, 4, -8
3797.2, 4, -8
3797.3, 4, -8
3797.4, 4, -8
3797.5, 4, -8
3797.6, 4, -8
3797.7, 4, -8
3797.8, 4, -8
3797.9, 4, -8
3798, 4, -8
3798.1, 4, -8
3798.2, 4, -8
3798.3, 4, -8
3798.4, 4, -8
3798.5, 4, -8
3798.6, 4, -8
3798.7, 4, -8
3798.8, 4, -8
3798.9, 4, -7
3799, 4, -7
3799.1, 4, -7
3799.2, 4, -7
3799.3, 4, -7
3799.4, 4, -7
3799.5, 4, -7
3799.6, 4, -7
3799.7, 4, -7
3799.8, 4, -7
3799.9, 4, -7
3800, 4, -7
3800.1, 4, -7
3800.2, 4, -7
3800.3, 4, -7
3800.4, 4, -7
3800.5, 4, -7
3800.6, 4, -7
3800.7, 4, -7
3800.8, 4, -7
3800.9, 4, -7
3801, 4, -7
3801.1, 4, -7
3801.2, 4, -7
3801.3, 4, -7
3801.4, 4, -7
3801.5, 4, -7
3801.6, 4, -7
3801.7, 4, -7
3801.8, 4, -7
3801.9, 4, -7
3802, 4, -7
3802.1, 4, -7
3802.2, 4, -7
3802.3, 4, -7
3802.4, 4, -7
3802.5, 4, -7
3802.6, 4, -7
3802.7, 4, -7
3802.8, 4, -7
3802.9, 4, -7
3803, 4, -7
3803.1, 4, -7
3803.2, 4, -7
3803.3, 4, -7
3803.4, 4, -7
3803.5, 4, -7
3803.6, 4, -7
3803.7, 4, -7
3803.8, 4, -7
3803.9, 4, -7
3804, 4, -7
3804.1, 4, -7
3804.2, 4, -7
3804.3, 4, -7
3804.4, 4, -7
3804.5, 4, -7
3804.6, 4, -7
3804.7, 4, -7
3804.8, 4, -7
3804.9, 4, -7
3805, 4, -7
3805.1, 4, -7
3805.2, 4, -7
3805.3, 5, -7
3805.4, 5, -7
3805.5, 5, -7
3805.6, 5, -7
3805.7, 5, -7
3805.8, 5, -7
3805.9, 5, -7
3806, 5, -7
3806.1, 5, -7
3806.2, 5, -7
3806.3, 5, -7
3806.4, 5, -7
3806.5, 5, -7
3806.6, 5, -7
3806.7, 5, -7
3806.8, 5, -7
3806.9, 5, -7
3807, 5, -7
3807.1, 5, -7
3807.2, 5, -7
3807.3, 5, -7
3807.4, 5, -7
3807.5, 5, -7
3807.6, 5, -7
3807.7, 5, -7
3807.8, 5, -7
3807.9, 6, -7
3808, 6, -7
3808.1, 6, -7
3808.2, 6, -7
3808.3, 6, -8
3808.4, 6, -8
3808.5, 6, -8
3808.6, 6, -8
3808.7, 6, -8
3808.8, 6, -8
3808.9, 6, -8
3809, 6, -8
3809.1, 6, -8
3809.2, 6, -8
3809.3, 6, -8
3809.4, 6, -8
3809.5, 6, -8
3809.6, 6, -8
3809.7, 6, -8
3809.8, 6, -8
3809.9, 6, -8
3810, 6, -8
3810.1, 6, -8
3810.2, 6, -8
3810.3, 6, -8
3810.4, 6, -8
3810.5, 6, -8
3810.6, 6, -8
3810.7, 6, -8
3810.8, 6, -8
3810.9, 6, -8
3811, 6, -8
3811.1, 6, -8
3811.2, 6, -8
3811.3, 6, -8
3811.4, 6, -8
3811.5, 6, -8
3811.6, 6, -8
3811.7, 6, -8
3811.8, 6, -8
3811.9, 6, -8
3812, 6, -8
3812.1, 6, -8
3812.2, 6, -8
3812.3, 6, -8
3812.4, 6, -8
3812.5, 5, -8
3812.6, 5, -8
3812.7, 5, -8
3812.8, 5, -8
3812.9, 5, -8
3813, 5, -8
3813.1, 5, -8
3813.2, 5, -8
3813.3, 5, -8
3813.4, 5, -8
3813.5, 5, -8
3813.6, 5, -8
3813.7, 5, -8
3813.8, 5, -8
3813.9, 5, -8
3814, 5, -8
3814.1, 5, -8
3814.2, 5, -8
3814.3, 5, -8
3814.4, 5, -8
3814.5, 5, -8
3814.6, 5, -8
3814.7, 5, -9
3814.8, 5, -9
3814.9, 5, -9
3815, 5, -9
3815.1, 5, -9
3815.2, 5, -9
3815.3, 5, -9
3815.4, 5, -9
3815.5, 5, -9
3815.6, 5, -9
3815.7, 5, -9
3815.8, 5, -9
3815.9, 5, -9
3816, 5, -9
3816.1, 5, -9
3816.2, 5, -9
3816.3, 5, -9
3816.4, 5, -9
3816.5, 5, -9
3816.6, 5, -9
3816.7, 5, -9
3816.8, 5, -9
3816.9, 5, -9
3817, 5, -9
3817.1, 5, -9
3817.2, 5, -9
3817.3, 5, -9
3817.4, 5, -9
3817.5, 5, -9
3817.6, 5, -9
3817.7, 5, -9
3817.8, 5, -9
3817.9, 5, -9
3818, 5, -9
3818.1, 5, -9
3818.2, 5, -9
3818.3, 5, -9
3818.4, 5, -9
3818.5, 5, -9
3818.6, 5, -9
3818.7, 5, -9
3818.8, 5, -9
3818.9, 5, -9
3819, 5, -9
3819.1, 5, -9
3819.2, 5, -9
3819.3, 5, -9
3819.4, 5, -9
3819.5, 5, -9
3819.6, 5, -9
3819.7, 5, -9
3819.8, 5, -9
3819.9, 5, -9
3820, 5, -9
3820.1, 5, -9
3820.2, 5, -9
3820.3, 5, -9
3820.4, 5, -9
3820.5, 5, -9
3820.6, 5, -9
3820.7, 5, -9
3820.8, 5, -9
3820.9, 5, -8
3821, 5, -8
3821.1, 5, -8
3821.2, 5, -8
3821.3, 5, -7
3821.4, 5, -7
3821.5, 5, -7
3821.6, 5, -7
3821.7, 5, -7
3821.8, 5, -7
3821.9, 5, -7
3822, 5, -7
3822.1, 5, -7
3822.2, 5, -7
3822.3, 5, -7
3822.4, 5, -7
3822.5, 5, -7
3822.6, 5, -7
3822.7, 5, -7
3822.8, 5, -7
3822.9, 5, -7
3823, 5, -7
3823.1, 5, -7
3823.2, 5, -7
3823.3, 5, -7
3823.4, 5, -7
3823.5, 5, -7
3823.6, 5, -7
3823.7, 5, -7
3823.8, 5, -7
3823.9, 5, -7
3824, 5, -7
3824.1, 5, -7
3824.2, 5, -7
3824.3, 5, -7
3824.4, 5, -7
3824.5, 5, -7
3824.6, 5, -7
3824.7, 5, -7
3824.8, 5, -7
3824.9, 5, -7
3825, 5, -7
3825.1, 5, -7
3825.2, 5, -7
3825.3, 5, -7
3825.4, 5, -7
3825.5, 5, -7
3825.6, 5, -7
3825.7, 5, -7
3825.8, 5, -7
3825.9, 5, -7
3826, 5, -7
3826.1, 5, -6
3826.2, 5, -6
3826.3, 5, -6
3826.4, 5, -6
3826.5, 5, -6
3826.6, 5, -6
3826.7, 5, -6
3826.8, 5, -6
3826.9, 5, -6
3827, 5, -6
3827.1, 5, -6
3827.2, 5, -6
3827.3, 5, -6
3827.4, 5, -6
3827.5, 5, -6
3827.6, 5, -6
3827.7, 5, -6
3827.8, 5, -6
3827.9, 5, -6
3828, 5, -6
3828.1, 5, -6
3828.2, 5, -6
3828.3, 5, -6
3828.4, 5, -6
3828.5, 5, -6
3828.6, 5, -6
3828.7, 5, -6
3828.8, 5, -6
3828.9, 5, -6
3829, 5, -6
3829.1, 5, -6
3829.2, 5, -6
3829.3, 5, -6
3829.4, 5, -6
3829.5, 5, -6
3829.6, 5, -6
3829.7, 5, -6
3829.8, 5, -6
3829.9, 5, -6
3830, 5, -6
3830.1, 5, -6
3830.2, 5, -6
3830.3, 5, -6
3830.4, 5, -6
3830.5, 5, -6
3830.6, 5, -6
3830.7, 5, -6
3830.8, 5, -6
3830.9, 5, -6
3831, 5, -6
3831.1, 5, -6
3831.2, 5, -6
3831.3, 5, -6
3831.4, 5, -6
3831.5, 5, -6
3831.6, 5, -6
3831.7, 5, -6
3831.8, 5, -6
3831.9, 5, -6
3832, 5, -6
3832.1, 5, -6
3832.2, 5, -6
3832.3, 5, -6
3832.4, 5, -6
3832.5, 5, -6
3832.6, 5, -6
3832.7, 5, -6
3832.8, 5, -6
3832.9, 5, -6
3833, 5, -6
3833.1, 5, -6
3833.2, 5, -6
3833.3, 5, -6
3833.4, 5, -6
3833.5, 5, -6
3833.6, 5, -6
3833.7, 5, -6
3833.8, 5, -6
3833.9, 5, -6
3834, 5, -6
3834.1, 5, -6
3834.2, 5, -6
3834.3, 5, -6
3834.4, 5, -6
3834.5, 5, -6
3834.6, 5, -6
3834.7, 5, -6
3834.8, 5, -6
3834.9, 5, -6
3835, 5, -6
3835.1, 5, -6
3835.2, 5, -6
3835.3, 5, -6
3835.4, 5, -6
3835.5, 5, -6
3835.6, 5, -6
3835.7, 5, -6
3835.8, 5, -6
3835.9, 5, -5
3836, 5, -5
3836.1, 5, -5
3836.2, 5, -5
3836.3, 5, -5
3836.4, 5, -5
3836.5, 5, -5
3836.6, 5, -5
3836.7, 5, -5
3836.8, 5, -5
3836.9, 5, -5
3837, 5, -5
3837.1, 5, -5
3837.2, 5, -5
3837.3, 5, -5
3837.4, 5, -5
3837.5, 5, -5
3837.6, 5, -5
3837.7, 5, -5
3837.8, 5, -5
3837.9, 5, -5
3838, 5, -5
3838.1, 5, -5
3838.2, 5, -5
3838.3, 5, -5
3838.4, 5, -5
3838.5, 5, -4
3838.6, 5, -4
3838.7, 5, -4
3838.8, 5, -4
3838.9, 5, -4
3839, 5, -4
3839.1, 5, -4
3839.2, 5, -4
3839.3, 5, -4
3839.4, 5, -4
3839.5, 5, -4
3839.6, 5, -4
3839.7, 5, -4
3839.8, 5, -4
3839.9, 5, -4
3840, 5, -4
3840.1, 5, -4
3840.2, 5, -4
3840.3, 5, -4
3840.4, 5, -4
3840.5, 5, -3
3840.6, 5, -3
3840.7, 5, -3
3840.8, 5, -3
3840.9, 5, -3
3841, 5, -3
3841.1, 5, -3
3841.2, 5, -3
3841.3, 5, -3
3841.4, 5, -3
3841.5, 5, -3
3841.6, 5, -3
3841.7, 5, -3
3841.8, 5, -3
3841.9, 5, -3
3842, 5, -3
3842.1, 5, -3
3842.2, 5, -3
3842.3, 5, -3
3842.4, 5, -3
3842.5, 5, -3
3842.6, 5, -3
3842.7, 5, -3
3842.8, 5, -3
3842.9, 5, -3
3843, 5, -3
3843.1, 5, -3
3843.2, 5, -3
3843.3, 5, -3
3843.4, 5, -3
3843.5, 5, -3
3843.6, 5, -3
3843.7, 5, -3
3843.8, 5, -3
3843.9, 5, -3
3844, 5, -3
3844.1, 5, -3
3844.2, 5, -3
3844.3, 5, -3
3844.4, 5, -3
3844.5, 5, -3
3844.6, 5, -3
3844.7, 5, -3
3844.8, 5, -3
3844.9, 5, -3
3845, 5, -3
3845.1, 5, -3
3845.2, 5, -3
3845.3, 5, -3
3845.4, 5, -3
3845.5, 5, -3
3845.6, 5, -3
3845.7, 5, -3
3845.8, 5, -3
3845.9, 5, -3
3846, 5, -3
3846.1, 5, -3
3846.2, 5, -3
3846.3, 5, -3
3846.4, 5, -3
3846.5, 5, -3
3846.6, 5, -3
3846.7, 5, -3
3846.8, 5, -3
3846.9, 4, -3
3847, 4, -3
3847.1, 4, -3
3847.2, 4, -3
3847.3, 5, -3
3847.4, 5, -3
3847.5, 5, -3
3847.6, 5, -3
3847.7, 5, -3
3847.8, 5, -3
3847.9, 5, -3
3848, 5, -3
3848.1, 5, -3
3848.2, 5, -3
3848.3, 5, -3
3848.4, 5, -3
3848.5, 5, -3
3848.6, 5, -3
3848.7, 5, -3
3848.8, 5, -3
3848.9, 5, -3
3849, 5, -3
3849.1, 5, -3
3849.2, 5, -3
3849.3, 5, -3
3849.4, 5, -3
3849.5, 5, -3
3849.6, 5, -3
3849.7, 5, -3
3849.8, 5, -3
3849.9, 5, -3
3850, 5, -3
3850.1, 5, -3
3850.2, 5, -3
3850.3, 5, -3
3850.4, 5, -3
3850.5, 5, -3
3850.6, 5, -3
3850.7, 5, -3
3850.8, 5, -3
3850.9, 6, -3
3851, 6, -3
3851.1, 6, -3
3851.2, 6, -3
3851.3, 6, -3
3851.4, 6, -3
3851.5, 6, -3
3851.6, 6, -3
3851.7, 6, -4
3851.8, 6, -4
3851.9, 6, -4
3852, 6, -4
3852.1, 6, -4
3852.2, 6, -4
3852.3, 6, -4
3852.4, 6, -4
3852.5, 6, -4
3852.6, 6, -4
3852.7, 6, -4
3852.8, 6, -4
3852.9, 6, -4
3853, 6, -4
3853.1, 6, -4
3853.2, 6, -4
3853.3, 6, -4
3853.4, 6, -4
3853.5, 6, -4
3853.6, 6, -4
3853.7, 6, -4
3853.8, 6, -4
3853.9, 6, -4
3854, 6, -4
3854.1, 6, -4
3854.2, 6, -4
3854.3, 5, -4
3854.4, 5, -4
3854.5, 5, -4
3854.6, 5, -4
3854.7, 5, -4
3854.8, 5, -4
3854.9, 5, -4
3855, 5, -4
3855.1, 5, -4
3855.2, 5, -4
3855.3, 5, -4
3855.4, 5, -4
3855.5, 5, -4
3855.6, 5, -4
3855.7, 5, -4
3855.8, 5, -4
3855.9, 5, -4
3856, 5, -4
3856.1, 5, -4
3856.2, 5, -4
3856.3, 5, -4
3856.4, 5, -4
3856.5, 5, -4
3856.6, 5, -4
3856.7, 5, -4
3856.8, 5, -4
3856.9, 5, -4
3857, 5, -4
3857.1, 5, -4
3857.2, 5, -4
3857.3, 5, -4
3857.4, 5, -4
3857.5, 5, -4
3857.6, 5, -4
3857.7, 5, -4
3857.8, 5, -4
3857.9, 5, -5
3858, 5, -5
3858.1, 5, -5
3858.2, 5, -5
3858.3, 5, -5
3858.4, 5, -5
3858.5, 5, -5
3858.6, 5, -5
3858.7, 5, -5
3858.8, 5, -5
3858.9, 5, -5
3859, 5, -5
3859.1, 5, -5
3859.2, 5, -5
3859.3, 5, -6
3859.4, 5, -6
3859.5, 5, -6
3859.6, 5, -6
3859.7, 5, -6
3859.8, 5, -6
3859.9, 5, -6
3860, 5, -6
3860.1, 5, -6
3860.2, 5, -6
3860.3, 5, -6
3860.4, 5, -6
3860.5, 5, -6
3860.6, 5, -6
3860.7, 5, -6
3860.8, 5, -6
3860.9, 5, -6
3861, 5, -6
3861.1, 5, -6
3861.2, 5, -6
3861.3, 5, -6
3861.4, 5, -6
3861.5, 5, -6
3861.6, 5, -6
3861.7, 5, -6
3861.8, 5, -6
3861.9, 5, -6
3862, 5, -6
3862.1, 5, -6
3862.2, 5, -6
3862.3, 5, -6
3862.4, 5, -6
3862.5, 5, -6
3862.6, 5, -6
3862.7, 5, -6
3862.8, 5, -6
3862.9, 5, -6
3863, 5, -6
3863.1, 5, -6
3863.2, 5, -6
3863.3, 5, -6
3863.4, 5, -6
3863.5, 5, -6
3863.6, 5, -6
3863.7, 5, -6
3863.8, 5, -6
3863.9, 5, -6
3864, 5, -6
3864.1, 5, -6
3864.2, 5, -6
3864.3, 5, -6
3864.4, 5, -6
3864.5, 5, -6
3864.6, 5, -6
3864.7, 5, -6
3864.8, 5, -6
3864.9, 5, -6
3865, 5, -6
3865.1, 5, -6
3865.2, 5, -6
3865.3, 5, -6
3865.4, 5, -6
3865.5, 5, -6
3865.6, 5, -6
3865.7, 5, -6
3865.8, 5, -6
3865.9, 4, -6
3866, 4, -6
3866.1, 4, -6
3866.2, 4, -6
3866.3, 4, -6
3866.4, 4, -6
3866.5, 4, -6
3866.6, 4, -6
3866.7, 4, -6
3866.8, 4, -6
3866.9, 4, -6
3867, 4, -6
3867.1, 4, -6
3867.2, 4, -6
3867.3, 4, -6
3867.4, 4, -6
3867.5, 4, -6
3867.6, 4, -6
3867.7, 4, -6
3867.8, 4, -6
3867.9, 4, -6
3868, 4, -6
3868.1, 4, -6
3868.2, 4, -6
3868.3, 4, -6
3868.4, 4, -6
3868.5, 4, -6
3868.6, 4, -6
3868.7, 4, -6
3868.8, 4, -6
3868.9, 4, -6
3869, 4, -6
3869.1, 4, -6
3869.2, 4, -6
3869.3, 4, -6
3869.4, 4, -6
3869.5, 4, -6
3869.6, 4, -6
3869.7, 4, -6
3869.8, 4, -6
3869.9, 4, -6
3870, 4, -6
3870.1, 4, -5
3870.2, 4, -5
3870.3, 4, -5
3870.4, 4, -5
3870.5, 4, -5
3870.6, 4, -5
3870.7, 4, -5
3870.8, 4, -5
3870.9, 4, -5
3871, 4, -5
3871.1, 4, -5
3871.2, 4, -5
3871.3, 4, -5
3871.4, 4, -5
3871.5, 4, -5
3871.6, 4, -5
3871.7, 4, -5
3871.8, 4, -5
3871.9, 4, -5
3872, 4, -5
3872.1, 4, -5
3872.2, 4, -5
3872.3, 4, -5
3872.4, 4, -5
3872.5, 4, -5
3872.6, 4, -5
3872.7, 4, -5
3872.8, 4, -5
3872.9, 4, -5
3873, 4, -5
3873.1, 4, -5
3873.2, 4, -5
3873.3, 4, -5
3873.4, 4, -5
3873.5, 4, -5
3873.6, 4, -5
3873.7, 4, -5
3873.8, 4, -5
3873.9, 4, -5
3874, 4, -5
3874.1, 4, -5
3874.2, 4, -5
3874.3, 4, -5
3874.4, 4, -5
3874.5, 3, -5
3874.6, 3, -5
3874.7, 3, -5
3874.8, 3, -5
3874.9, 3, -5
3875, 3, -5
3875.1, 3, -5
3875.2, 3, -5
3875.3, 4, -5
3875.4, 4, -5
3875.5, 4, -5
3875.6, 4, -5
3875.7, 4, -5
3875.8, 4, -5
3875.9, 4, -5
3876, 4, -5
3876.1, 4, -5
3876.2, 4, -5
3876.3, 4, -5
3876.4, 4, -5
3876.5, 4, -5
3876.6, 4, -5
3876.7, 4, -5
3876.8, 4, -5
3876.9, 4, -5
3877, 4, -5
3877.1, 4, -5
3877.2, 4, -5
3877.3, 4, -5
3877.4, 4, -5
3877.5, 4, -5
3877.6, 4, -5
3877.7, 4, -5
3877.8, 4, -5
3877.9, 4, -5
3878, 4, -5
3878.1, 4, -5
3878.2, 4, -5
3878.3, 4, -5
3878.4, 4, -5
3878.5, 4, -5
3878.6, 4, -5
3878.7, 4, -5
3878.8, 4, -5
3878.9, 4, -5
3879, 4, -5
3879.1, 4, -5
3879.2, 4, -5
3879.3, 4, -5
3879.4, 4, -5
3879.5, 4, -5
3879.6, 4, -5
3879.7, 4, -5
3879.8, 4, -5
3879.9, 4, -5
3880, 4, -5
3880.1, 4, -5
3880.2, 4, -5
3880.3, 4, -5
3880.4, 4, -5
3880.5, 4, -5
3880.6, 4, -5
3880.7, 4, -5
3880.8, 4, -5
3880.9, 4, -5
3881, 4, -5
3881.1, 4, -5
3881.2, 4, -5
3881.3, 4, -5
3881.4, 4, -5
3881.5, 4, -5
3881.6, 4, -5
3881.7, 4, -5
3881.8, 4, -5
3881.9, 4, -5
3882, 4, -5
3882.1, 4, -5
3882.2, 4, -5
3882.3, 4, -5
3882.4, 4, -5
3882.5, 4, -5
3882.6, 4, -5
3882.7, 4, -5
3882.8, 4, -5
3882.9, 4, -5
3883, 4, -5
3883.1, 4, -5
3883.2, 4, -5
3883.3, 4, -5
3883.4, 4, -5
3883.5, 4, -5
3883.6, 4, -5
3883.7, 4, -5
3883.8, 4, -5
3883.9, 4, -5
3884, 4, -5
3884.1, 4, -5
3884.2, 4, -5
3884.3, 4, -5
3884.4, 4, -5
3884.5, 4, -5
3884.6, 4, -5
3884.7, 4, -5
3884.8, 4, -5
3884.9, 4, -5
3885, 4, -5
3885.1, 4, -5
3885.2, 4, -5
3885.3, 4, -5
3885.4, 4, -5
3885.5, 4, -5
3885.6, 4, -5
3885.7, 4, -5
3885.8, 4, -5
3885.9, 4, -5
3886, 4, -5
3886.1, 4, -5
3886.2, 4, -5
3886.3, 4, -6
3886.4, 4, -6
3886.5, 4, -6
3886.6, 4, -6
3886.7, 4, -6
3886.8, 4, -6
3886.9, 4, -6
3887, 4, -6
3887.1, 4, -6
3887.2, 4, -6
3887.3, 4, -6
3887.4, 4, -6
3887.5, 4, -6
3887.6, 4, -6
3887.7, 4, -6
3887.8, 4, -6
3887.9, 4, -6
3888, 4, -6
3888.1, 4, -6
3888.2, 4, -6
3888.3, 4, -6
3888.4, 4, -6
3888.5, 4, -6
3888.6, 4, -6
3888.7, 4, -6
3888.8, 4, -6
3888.9, 4, -6
3889, 4, -6
3889.1, 4, -6
3889.2, 4, -6
3889.3, 4, -6
3889.4, 4, -6
3889.5, 4, -5
3889.6, 4, -5
3889.7, 4, -5
3889.8, 4, -5
3889.9, 4, -5
3890, 4, -5
3890.1, 4, -5
3890.2, 4, -5
3890.3, 4, -5
3890.4, 4, -5
3890.5, 4, -5
3890.6, 4, -5
3890.7, 4, -5
3890.8, 4, -5
3890.9, 4, -5
3891, 4, -5
3891.1, 4, -5
3891.2, 4, -5
3891.3, 4, -5
3891.4, 4, -5
3891.5, 4, -5
3891.6, 4, -5
3891.7, 5, -5
3891.8, 5, -5
3891.9, 5, -5
3892, 5, -5
3892.1, 5, -5
3892.2, 5, -5
3892.3, 5, -5
3892.4, 5, -5
3892.5, 5, -5
3892.6, 5, -5
3892.7, 5, -5
3892.8, 5, -5
3892.9, 5, -5
3893, 5, -5
3893.1, 5, -5
3893.2, 5, -5
3893.3, 5, -5
3893.4, 5, -5
3893.5, 5, -5
3893.6, 5, -5
3893.7, 5, -5
3893.8, 5, -5
3893.9, 5, -5
3894, 5, -5
3894.1, 5, -5
3894.2, 5, -5
3894.3, 5, -5
3894.4, 5, -5
3894.5, 5, -5
3894.6, 5, -5
3894.7, 5, -5
3894.8, 5, -5
3894.9, 5, -5
3895, 5, -5
3895.1, 5, -5
3895.2, 5, -5
3895.3, 5, -5
3895.4, 5, -5
3895.5, 5, -5
3895.6, 5, -5
3895.7, 5, -5
3895.8, 5, -5
3895.9, 5, -6
3896, 5, -6
3896.1, 5, -6
3896.2, 5, -6
3896.3, 5, -6
3896.4, 5, -6
3896.5, 5, -6
3896.6, 5, -6
3896.7, 5, -6
3896.8, 5, -6
3896.9, 5, -6
3897, 5, -6
3897.1, 6, -6
3897.2, 6, -6
3897.3, 6, -6
3897.4, 6, -6
3897.5, 6, -6
3897.6, 6, -6
3897.7, 6, -6
3897.8, 6, -6
3897.9, 6, -6
3898, 6, -6
3898.1, 6, -6
3898.2, 6, -6
3898.3, 6, -6
3898.4, 6, -6
3898.5, 6, -6
3898.6, 6, -6
3898.7, 7, -6
3898.8, 7, -6
3898.9, 7, -6
3899, 7, -6
3899.1, 7, -6
3899.2, 7, -6
3899.3, 7, -6
3899.4, 7, -6
3899.5, 7, -6
3899.6, 7, -6
3899.7, 7, -5
3899.8, 7, -5
3899.9, 7, -5
3900, 7, -5
3900.1, 7, -6
3900.2, 7, -6
3900.3, 7, -6
3900.4, 7, -6
3900.5, 8, -6
3900.6, 8, -6
3900.7, 8, -6
3900.8, 8, -6
3900.9, 8, -6
3901, 8, -6
3901.1, 8, -6
3901.2, 8, -6
3901.3, 8, -6
3901.4, 8, -6
3901.5, 8, -6
3901.6, 8, -6
3901.7, 8, -6
3901.8, 8, -6
3901.9, 7, -6
3902, 7, -6
3902.1, 7, -6
3902.2, 7, -6
3902.3, 7, -6
3902.4, 7, -6
3902.5, 7, -6
3902.6, 7, -6
3902.7, 7, -5
3902.8, 7, -5
3902.9, 7, -5
3903, 7, -5
3903.1, 7, -5
3903.2, 7, -5
3903.3, 7, -5
3903.4, 7, -5
3903.5, 7, -5
3903.6, 7, -5
3903.7, 7, -5
3903.8, 7, -5
3903.9, 7, -5
3904, 7, -5
3904.1, 7, -5
3904.2, 7, -5
3904.3, 7, -5
3904.4, 7, -5
3904.5, 7, -5
3904.6, 7, -5
3904.7, 7, -5
3904.8, 7, -5
3904.9, 7, -5
3905, 7, -5
3905.1, 7, -5
3905.2, 7, -5
3905.3, 7, -5
3905.4, 7, -5
3905.5, 7, -5
3905.6, 7, -5
3905.7, 7, -5
3905.8, 7, -5
3905.9, 7, -5
3906, 7, -5
3906.1, 7, -5
3906.2, 7, -5
3906.3, 7, -5
3906.4, 7, -5
3906.5, 7, -6
3906.6, 7, -6
3906.7, 7, -6
3906.8, 7, -6
3906.9, 7, -6
3907, 7, -6
3907.1, 7, -6
3907.2, 7, -6
3907.3, 7, -6
3907.4, 7, -6
3907.5, 7, -6
3907.6, 7, -6
3907.7, 7, -6
3907.8, 7, -6
3907.9, 7, -6
3908, 7, -6
3908.1, 7, -6
3908.2, 7, -6
3908.3, 7, -6
3908.4, 7, -6
3908.5, 7, -6
3908.6, 7, -6
3908.7, 7, -6
3908.8, 7, -6
3908.9, 7, -6
3909, 7, -6
3909.1, 7, -6
3909.2, 7, -6
3909.3, 7, -6
3909.4, 7, -6
3909.5, 7, -6
3909.6, 7, -6
3909.7, 7, -6
3909.8, 7, -6
3909.9, 7, -6
3910, 7, -6
3910.1, 7, -6
3910.2, 7, -6
3910.3, 7, -6
3910.4, 7, -6
3910.5, 7, -7
3910.6, 7, -7
3910.7, 7, -7
3910.8, 7, -7
3910.9, 7, -7
3911, 7, -7
3911.1, 7, -7
3911.2, 7, -7
3911.3, 7, -7
3911.4, 7, -7
3911.5, 7, -7
3911.6, 7, -7
3911.7, 7, -7
3911.8, 7, -7
3911.9, 7, -7
3912, 7, -7
3912.1, 7, -7
3912.2, 7, -7
3912.3, 7, -8
3912.4, 7, -8
3912.5, 7, -8
3912.6, 7, -8
3912.7, 7, -7
3912.8, 7, -7
3912.9, 7, -7
3913, 7, -7
3913.1, 7, -7
3913.2, 7, -7
3913.3, 7, -7
3913.4, 7, -7
3913.5, 7, -7
3913.6, 7, -7
3913.7, 7, -7
3913.8, 7, -7
3913.9, 7, -7
3914, 7, -7
3914.1, 7, -7
3914.2, 7, -7
3914.3, 7, -7
3914.4, 7, -7
3914.5, 7, -7
3914.6, 7, -7
3914.7, 7, -7
3914.8, 7, -7
3914.9, 7, -7
3915, 7, -7
3915.1, 7, -6
3915.2, 7, -6
3915.3, 7, -6
3915.4, 7, -6
3915.5, 7, -6
3915.6, 7, -6
3915.7, 7, -6
3915.8, 7, -6
3915.9, 7, -6
3916, 7, -6
3916.1, 7, -7
3916.2, 7, -7
3916.3, 7, -7
3916.4, 7, -7
3916.5, 7, -8
3916.6, 7, -8
3916.7, 7, -8
3916.8, 7, -8
3916.9, 7, -8
3917, 7, -8
3917.1, 7, -8
3917.2, 7, -8
3917.3, 7, -8
3917.4, 7, -8
3917.5, 7, -8
3917.6, 7, -8
3917.7, 7, -8
3917.8, 7, -8
3917.9, 7, -8
3918, 7, -8
3918.1, 7, -8
3918.2, 7, -8
3918.3, 7, -8
3918.4, 7, -8
3918.5, 7, -8
3918.6, 7, -8
3918.7, 7, -8
3918.8, 7, -8
3918.9, 7, -8
3919, 7, -8
3919.1, 7, -8
3919.2, 7, -8
3919.3, 8, -8
3919.4, 8, -8
3919.5, 8, -7
3919.6, 8, -7
3919.7, 8, -7
3919.8, 8, -7
3919.9, 8, -7
3920, 8, -7
3920.1, 8, -7
3920.2, 8, -7
3920.3, 8, -7
3920.4, 8, -7
3920.5, 8, -8
3920.6, 8, -8
3920.7, 8, -8
3920.8, 8, -8
3920.9, 8, -8
3921, 8, -8
3921.1, 8, -8
3921.2, 8, -8
3921.3, 8, -8
3921.4, 8, -8
3921.5, 8, -8
3921.6, 8, -8
3921.7, 8, -8
3921.8, 8, -8
3921.9, 8, -8
3922, 8, -8
3922.1, 8, -8
3922.2, 8, -8
3922.3, 8, -8
3922.4, 8, -8
3922.5, 8, -8
3922.6, 8, -8
3922.7, 8, -8
3922.8, 8, -8
3922.9, 8, -7
3923, 8, -7
3923.1, 8, -7
3923.2, 8, -7
3923.3, 8, -7
3923.4, 8, -7
3923.5, 8, -7
3923.6, 8, -7
3923.7, 8, -7
3923.8, 8, -7
3923.9, 8, -7
3924, 8, -7
3924.1, 8, -7
3924.2, 8, -7
3924.3, 8, -7
3924.4, 8, -7
3924.5, 8, -6
3924.6, 8, -6
3924.7, 8, -6
3924.8, 8, -6
3924.9, 8, -6
3925, 8, -6
3925.1, 8, -6
3925.2, 8, -6
3925.3, 8, -6
3925.4, 8, -6
3925.5, 8, -6
3925.6, 8, -6
3925.7, 8, -6
3925.8, 8, -6
3925.9, 8, -6
3926, 8, -6
3926.1, 8, -6
3926.2, 8, -6
3926.3, 8, -7
3926.4, 8, -7
3926.5, 8, -7
3926.6, 8, -7
3926.7, 8, -7
3926.8, 8, -7
3926.9, 8, -7
3927, 8, -7
3927.1, 8, -7
3927.2, 8, -7
3927.3, 8, -7
3927.4, 8, -7
3927.5, 8, -8
3927.6, 8, -8
3927.7, 8, -8
3927.8, 8, -8
3927.9, 8, -8
3928, 8, -8
3928.1, 8, -8
3928.2, 8, -8
3928.3, 8, -8
3928.4, 8, -8
3928.5, 8, -8
3928.6, 8, -8
3928.7, 8, -8
3928.8, 8, -8
3928.9, 8, -8
3929, 8, -8
3929.1, 8, -8
3929.2, 8, -8
3929.3, 8, -8
3929.4, 8, -8
3929.5, 8, -8
3929.6, 8, -8
3929.7, 8, -8
3929.8, 8, -8
3929.9, 8, -8
3930, 8, -8
3930.1, 8, -8
3930.2, 8, -8
3930.3, 8, -8
3930.4, 8, -8
3930.5, 8, -8
3930.6, 8, -8
3930.7, 8, -8
3930.8, 8, -8
3930.9, 8, -8
3931, 8, -8
3931.1, 8, -9
3931.2, 8, -9
3931.3, 8, -9
3931.4, 8, -9
3931.5, 8, -9
3931.6, 8, -9
3931.7, 8, -9
3931.8, 8, -9
3931.9, 8, -9
3932, 8, -9
3932.1, 8, -9
3932.2, 8, -9
3932.3, 8, -9
3932.4, 8, -9
3932.5, 8, -9
3932.6, 8, -9
3932.7, 8, -9
3932.8, 8, -9
3932.9, 7, -9
3933, 7, -9
3933.1, 7, -9
3933.2, 7, -9
3933.3, 7, -9
3933.4, 7, -9
3933.5, 7, -8
3933.6, 7, -8
3933.7, 7, -8
3933.8, 7, -8
3933.9, 7, -8
3934, 7, -8
3934.1, 7, -8
3934.2, 7, -8
3934.3, 7, -8
3934.4, 7, -8
3934.5, 8, -8
3934.6, 8, -8
3934.7, 8, -8
3934.8, 8, -8
3934.9, 8, -8
3935, 8, -8
3935.1, 8, -8
3935.2, 8, -8
3935.3, 8, -8
3935.4, 8, -8
3935.5, 8, -8
3935.6, 8, -8
3935.7, 8, -9
3935.8, 8, -9
3935.9, 8, -9
3936, 8, -9
3936.1, 8, -9
3936.2, 8, -9
3936.3, 8, -9
3936.4, 8, -9
3936.5, 8, -9
3936.6, 8, -9
3936.7, 8, -9
3936.8, 8, -9
3936.9, 8, -9
3937, 8, -9
3937.1, 8, -9
3937.2, 8, -9
3937.3, 8, -9
3937.4, 8, -9
3937.5, 8, -9
3937.6, 8, -9
3937.7, 8, -9
3937.8, 8, -9
3937.9, 8, -9
3938, 8, -9
3938.1, 8, -9
3938.2, 8, -9
3938.3, 8, -9
3938.4, 8, -9
3938.5, 8, -9
3938.6, 8, -9
3938.7, 8, -9
3938.8, 8, -9
3938.9, 7, -9
3939, 7, -9
3939.1, 7, -9
3939.2, 7, -9
3939.3, 7, -9
3939.4, 7, -9
3939.5, 7, -9
3939.6, 7, -9
3939.7, 7, -9
3939.8, 7, -9
3939.9, 7, -9
3940, 7, -9
3940.1, 7, -9
3940.2, 7, -9
3940.3, 7, -9
3940.4, 7, -9
3940.5, 7, -9
3940.6, 7, -9
3940.7, 7, -9
3940.8, 7, -9
3940.9, 7, -9
3941, 7, -9
3941.1, 7, -9
3941.2, 7, -9
3941.3, 7, -9
3941.4, 7, -9
3941.5, 7, -9
3941.6, 7, -9
3941.7, 7, -9
3941.8, 7, -9
3941.9, 7, -9
3942, 7, -9
3942.1, 7, -9
3942.2, 7, -9
3942.3, 7, -9
3942.4, 7, -9
3942.5, 7, -9
3942.6, 7, -9
3942.7, 7, -9
3942.8, 7, -9
3942.9, 7, -9
3943, 7, -9
3943.1, 7, -9
3943.2, 7, -9
3943.3, 7, -9
3943.4, 7, -9
3943.5, 6, -9
3943.6, 6, -9
3943.7, 6, -9
3943.8, 6, -9
3943.9, 6, -9
3944, 6, -9
3944.1, 6, -9
3944.2, 6, -9
3944.3, 6, -9
3944.4, 6, -9
3944.5, 6, -9
3944.6, 6, -9
3944.7, 6, -9
3944.8, 6, -9
3944.9, 6, -9
3945, 6, -9
3945.1, 6, -10
3945.2, 6, -10
3945.3, 6, -10
3945.4, 6, -10
3945.5, 6, -10
3945.6, 6, -10
3945.7, 6, -10
3945.8, 6, -10
3945.9, 6, -10
3946, 6, -10
3946.1, 6, -10
3946.2, 6, -10
3946.3, 6, -10
3946.4, 6, -10
3946.5, 6, -10
3946.6, 6, -10
3946.7, 6, -10
3946.8, 6, -10
3946.9, 6, -10
3947, 6, -10
3947.1, 6, -10
3947.2, 6, -10
3947.3, 6, -10
3947.4, 6, -10
3947.5, 6, -10
3947.6, 6, -10
3947.7, 6, -10
3947.8, 6, -10
3947.9, 7, -10
3948, 7, -10
3948.1, 7, -10
3948.2, 7, -10
3948.3, 7, -10
3948.4, 7, -10
3948.5, 7, -10
3948.6, 7, -10
3948.7, 7, -9
3948.8, 7, -9
3948.9, 7, -9
3949, 7, -9
3949.1, 7, -9
3949.2, 7, -9
3949.3, 7, -9
3949.4, 7, -9
3949.5, 7, -9
3949.6, 7, -9
3949.7, 7, -9
3949.8, 7, -9
3949.9, 7, -9
3950, 7, -9
3950.1, 7, -9
3950.2, 7, -9
3950.3, 7, -9
3950.4, 7, -9
3950.5, 7, -9
3950.6, 7, -9
3950.7, 7, -9
3950.8, 7, -9
3950.9, 7, -9
3951, 7, -9
3951.1, 7, -9
3951.2, 7, -9
3951.3, 7, -9
3951.4, 7, -9
3951.5, 7, -9
3951.6, 7, -9
3951.7, 7, -9
3951.8, 7, -9
3951.9, 8, -9
3952, 8, -9
3952.1, 8, -9
3952.2, 8, -9
3952.3, 8, -9
3952.4, 8, -9
3952.5, 8, -9
3952.6, 8, -9
3952.7, 8, -9
3952.8, 8, -9
3952.9, 8, -9
3953, 8, -9
3953.1, 8, -9
3953.2, 8, -9
3953.3, 8, -9
3953.4, 8, -9
3953.5, 8, -9
3953.6, 8, -9
3953.7, 8, -9
3953.8, 8, -9
3953.9, 8, -9
3954, 8, -9
3954.1, 8, -9
3954.2, 8, -9
3954.3, 8, -9
3954.4, 8, -9
3954.5, 8, -9
3954.6, 8, -9
3954.7, 8, -9
3954.8, 8, -9
3954.9, 8, -9
3955, 8, -9
3955.1, 8, -9
3955.2, 8, -9
3955.3, 8, -9
3955.4, 8, -9
3955.5, 8, -9
3955.6, 8, -9
3955.7, 8, -9
3955.8, 8, -9
3955.9, 8, -9
3956, 8, -9
3956.1, 8, -9
3956.2, 8, -9
3956.3, 7, -9
3956.4, 7, -9
3956.5, 7, -9
3956.6, 7, -9
3956.7, 7, -9
3956.8, 7, -9
3956.9, 7, -8
3957, 7, -8
3957.1, 7, -8
3957.2, 7, -8
3957.3, 7, -8
3957.4, 7, -8
3957.5, 8, -8
3957.6, 8, -8
3957.7, 8, -8
3957.8, 8, -8
3957.9, 8, -8
3958, 8, -8
3958.1, 8, -8
3958.2, 8, -8
3958.3, 8, -8
3958.4, 8, -8
3958.5, 8, -9
3958.6, 8, -9
3958.7, 8, -9
3958.8, 8, -9
3958.9, 8, -9
3959, 8, -9
3959.1, 8, -9
3959.2, 8, -9
3959.3, 8, -9
3959.4, 8, -9
3959.5, 8, -9
3959.6, 8, -9
3959.7, 8, -9
3959.8, 8, -9
3959.9, 8, -9
3960, 8, -9
3960.1, 8, -9
3960.2, 8, -9
3960.3, 8, -9
3960.4, 8, -9
3960.5, 8, -9
3960.6, 8, -9
3960.7, 8, -9
3960.8, 8, -9
3960.9, 8, -9
3961, 8, -9
3961.1, 8, -9
3961.2, 8, -9
3961.3, 8, -9
3961.4, 8, -9
3961.5, 8, -9
3961.6, 8, -9
3961.7, 8, -9
3961.8, 8, -9
3961.9, 8, -9
3962, 8, -9
3962.1, 8, -9
3962.2, 8, -9
3962.3, 8, -9
3962.4, 8, -9
3962.5, 8, -9
3962.6, 8, -9
3962.7, 8, -9
3962.8, 8, -9
3962.9, 8, -9
3963, 8, -9
3963.1, 8, -9
3963.2, 8, -9
3963.3, 8, -9
3963.4, 8, -9
3963.5, 9, -9
3963.6, 9, -9
3963.7, 9, -9
3963.8, 9, -9
3963.9, 9, -9
3964, 9, -9
3964.1, 9, -9
3964.2, 9, -9
3964.3, 9, -9
3964.4, 9, -9
3964.5, 9, -9
3964.6, 9, -9
3964.7, 9, -10
3964.8, 9, -10
3964.9, 9, -10
3965, 9, -10
3965.1, 9, -10
3965.2, 9, -10
3965.3, 9, -9
3965.4, 9, -9
3965.5, 9, -9
3965.6, 9, -9
3965.7, 9, -8
3965.8, 9, -8
3965.9, 9, -8
3966, 9, -8
3966.1, 10, -8
3966.2, 10, -8
3966.3, 10, -8
3966.4, 10, -8
3966.5, 10, -8
3966.6, 10, -8
3966.7, 10, -8
3966.8, 10, -8
3966.9, 10, -8
3967, 10, -8
3967.1, 10, -8
3967.2, 10, -8
3967.3, 10, -8
3967.4, 10, -8
3967.5, 10, -8
3967.6, 10, -8
3967.7, 10, -8
3967.8, 10, -8
3967.9, 10, -8
3968, 10, -8
3968.1, 10, -8
3968.2, 10, -8
3968.3, 10, -8
3968.4, 10, -8
3968.5, 10, -8
3968.6, 10, -8
3968.7, 10, -8
3968.8, 10, -8
3968.9, 10, -8
3969, 10, -8
3969.1, 11, -8
3969.2, 11, -8
3969.3, 11, -7
3969.4, 11, -7
3969.5, 11, -7
3969.6, 11, -7
3969.7, 11, -7
3969.8, 11, -7
3969.9, 11, -7
3970, 11, -7
3970.1, 11, -7
3970.2, 11, -7
3970.3, 11, -7
3970.4, 11, -7
3970.5, 11, -7
3970.6, 11, -7
3970.7, 11, -7
3970.8, 11, -7
3970.9, 11, -7
3971, 11, -7
3971.1, 11, -7
3971.2, 11, -7
3971.3, 11, -7
3971.4, 11, -7
3971.5, 11, -7
3971.6, 11, -7
3971.7, 11, -7
3971.8, 11, -7
3971.9, 11, -7
3972, 11, -7
3972.1, 11, -7
3972.2, 11, -7
3972.3, 11, -7
3972.4, 11, -7
3972.5, 11, -7
3972.6, 11, -7
3972.7, 11, -7
3972.8, 11, -7
3972.9, 11, -7
3973, 11, -7
3973.1, 12, -7
3973.2, 12, -7
3973.3, 12, -7
3973.4, 12, -7
3973.5, 12, -7
3973.6, 12, -7
3973.7, 12, -7
3973.8, 12, -7
3973.9, 12, -7
3974, 12, -7
3974.1, 12, -7
3974.2, 12, -7
3974.3, 12, -7
3974.4, 12, -7
3974.5, 12, -7
3974.6, 12, -7
3974.7, 12, -7
3974.8, 12, -7
3974.9, 12, -7
3975, 12, -7
3975.1, 12, -7
3975.2, 12, -7
3975.3, 12, -7
3975.4, 12, -7
3975.5, 12, -7
3975.6, 12, -7
3975.7, 12, -7
3975.8, 12, -7
3975.9, 12, -7
3976, 12, -7
3976.1, 12, -7
3976.2, 12, -7
3976.3, 12, -8
3976.4, 12, -8
3976.5, 12, -8
3976.6, 12, -8
3976.7, 13, -8
3976.8, 13, -8
3976.9, 13, -8
3977, 13, -8
3977.1, 13, -8
3977.2, 13, -8
3977.3, 13, -8
3977.4, 13, -8
3977.5, 13, -8
3977.6, 13, -8
3977.7, 13, -8
3977.8, 13, -8
3977.9, 13, -8
3978, 13, -8
3978.1, 13, -8
3978.2, 13, -8
3978.3, 13, -8
3978.4, 13, -8
3978.5, 13, -8
3978.6, 13, -8
3978.7, 13, -8
3978.8, 13, -8
3978.9, 13, -8
3979, 13, -8
3979.1, 13, -8
3979.2, 13, -8
3979.3, 13, -8
3979.4, 13, -8
3979.5, 13, -8
3979.6, 13, -8
3979.7, 13, -8
3979.8, 13, -8
3979.9, 13, -9
3980, 13, -9
3980.1, 13, -9
3980.2, 13, -9
3980.3, 13, -9
3980.4, 13, -9
3980.5, 13, -9
3980.6, 13, -9
3980.7, 14, -9
3980.8, 14, -9
3980.9, 14, -9
3981, 14, -9
3981.1, 14, -9
3981.2, 14, -9
3981.3, 14, -9
3981.4, 14, -9
3981.5, 14, -9
3981.6, 14, -9
3981.7, 14, -9
3981.8, 14, -9
3981.9, 15, -9
3982, 15, -9
3982.1, 15, -9
3982.2, 15, -9
3982.3, 16, -9
3982.4, 16, -9
3982.5, 16, -9
3982.6, 16, -9
3982.7, 16, -9
3982.8, 16, -9
3982.9, 16, -9
3983, 16, -9
3983.1, 17, -9
3983.2, 17, -9
3983.3, 17, -9
3983.4, 17, -9
3983.5, 17, -9
3983.6, 17, -9
3983.7, 17, -10
3983.8, 17, -10
3983.9, 17, -10
3984, 17, -10
3984.1, 17, -10
3984.2, 17, -10
3984.3, 17, -10
3984.4, 17, -10
3984.5, 17, -10
3984.6, 17, -10
3984.7, 17, -10
3984.8, 17, -10
3984.9, 17, -10
3985, 17, -10
3985.1, 17, -10
3985.2, 17, -10
3985.3, 17, -10
3985.4, 17, -10
3985.5, 17, -10
3985.6, 17, -10
3985.7, 17, -10
3985.8, 17, -10
3985.9, 17, -10
3986, 17, -10
3986.1, 17, -10
3986.2, 17, -10
3986.3, 17, -10
3986.4, 17, -10
3986.5, 17, -10
3986.6, 17, -10
3986.7, 18, -10
3986.8, 18, -10
3986.9, 18, -10
3987, 18, -10
3987.1, 18, -10
3987.2, 18, -10
3987.3, 18, -10
3987.4, 18, -10
3987.5, 18, -10
3987.6, 18, -10
3987.7, 18, -10
3987.8, 18, -10
3987.9, 18, -10
3988, 18, -10
3988.1, 18, -10
3988.2, 18, -10
3988.3, 18, -10
3988.4, 18, -10
3988.5, 18, -10
3988.6, 18, -10
3988.7, 18, -10
3988.8, 18, -10
3988.9, 18, -10
3989, 18, -10
3989.1, 18, -10
3989.2, 18, -10
3989.3, 18, -9
3989.4, 18, -9
3989.5, 18, -9
3989.6, 18, -9
3989.7, 18, -9
3989.8, 18, -9
3989.9, 18, -8
3990, 18, -8
3990.1, 18, -8
3990.2, 18, -8
3990.3, 18, -8
3990.4, 18, -8
3990.5, 18, -8
3990.6, 18, -8
3990.7, 18, -8
3990.8, 18, -8
3990.9, 18, -8
3991, 18, -8
3991.1, 18, -8
3991.2, 18, -8
3991.3, 18, -8
3991.4, 18, -8
3991.5, 18, -8
3991.6, 18, -8
3991.7, 18, -8
3991.8, 18, -8
3991.9, 18, -8
3992, 18, -8
3992.1, 19, -8
3992.2, 19, -8
3992.3, 19, -8
3992.4, 19, -8
3992.5, 19, -7
3992.6, 19, -7
3992.7, 19, -7
3992.8, 19, -7
3992.9, 19, -7
3993, 19, -7
3993.1, 19, -7
3993.2, 19, -7
3993.3, 19, -6
3993.4, 19, -6
3993.5, 19, -6
3993.6, 19, -6
3993.7, 20, -6
3993.8, 20, -6
3993.9, 20, -6
3994, 20, -6
3994.1, 20, -6
3994.2, 20, -6
3994.3, 20, -6
3994.4, 20, -6
3994.5, 20, -6
3994.6, 20, -6
3994.7, 21, -6
3994.8, 21, -6
3994.9, 21, -6
3995, 21, -6
3995.1, 21, -7
3995.2, 21, -7
3995.3, 21, -7
3995.4, 21, -7
3995.5, 21, -7
3995.6, 21, -7
3995.7, 21, -7
3995.8, 21, -7
3995.9, 21, -7
3996, 21, -7
3996.1, 21, -7
3996.2, 21, -7
3996.3, 21, -7
3996.4, 21, -7
3996.5, 21, -7
3996.6, 21, -7
3996.7, 21, -7
3996.8, 21, -7
3996.9, 21, -7
3997, 21, -7
3997.1, 22, -7
3997.2, 22, -7
3997.3, 22, -7
3997.4, 22, -7
3997.5, 22, -7
3997.6, 22, -7
3997.7, 22, -7
3997.8, 22, -7
3997.9, 22, -7
3998, 22, -7
3998.1, 22, -7
3998.2, 22, -7
3998.3, 22, -7
3998.4, 22, -7
3998.5, 22, -7
3998.6, 22, -7
3998.7, 22, -7
3998.8, 22, -7
3998.9, 22, -7
3999, 22, -7
3999.1, 22, -7
3999.2, 22, -7
3999.3, 22, -8
3999.4, 22, -8
3999.5, 22, -8
3999.6, 22, -8
3999.7, 22, -8
3999.8, 22, -8
3999.9, 22, -8
4000, 22, -8
4000.1, 22, -8
4000.2, 22, -8
4000.3, 22, -8
4000.4, 22, -8
4000.5, 22, -8
4000.6, 22, -8
4000.7, 22, -8
4000.8, 22, -8
4000.9, 22, -8
4001, 22, -8
4001.1, 22, -8
4001.2, 22, -8
4001.3, 22, -8
4001.4, 22, -8
4001.5, 22, -9
4001.6, 22, -9
4001.7, 22, -9
4001.8, 22, -9
4001.9, 22, -9
4002, 22, -9
4002.1, 22, -9
4002.2, 22, -9
4002.3, 22, -9
4002.4, 22, -9
4002.5, 22, -9
4002.6, 22, -9
4002.7, 22, -9
4002.8, 22, -9
4002.9, 22, -10
4003, 22, -10
4003.1, 22, -10
4003.2, 22, -10
4003.3, 22, -10
4003.4, 22, -10
4003.5, 22, -9
4003.6, 22, -9
4003.7, 22, -9
4003.8, 22, -9
4003.9, 22, -9
4004, 22, -9
4004.1, 22, -9
4004.2, 22, -9
4004.3, 22, -9
4004.4, 22, -9
4004.5, 22, -9
4004.6, 22, -9
4004.7, 22, -9
4004.8, 22, -9
4004.9, 22, -9
4005, 22, -9
4005.1, 22, -9
4005.2, 22, -9
4005.3, 22, -9
4005.4, 22, -9
4005.5, 22, -9
4005.6, 22, -9
4005.7, 22, -9
4005.8, 22, -9
4005.9, 22, -9
4006, 22, -9
4006.1, 22, -9
4006.2, 22, -9
4006.3, 22, -9
4006.4, 22, -9
4006.5, 22, -9
4006.6, 22, -9
4006.7, 22, -9
4006.8, 22, -9
4006.9, 22, -9
4007, 22, -9
4007.1, 21, -9
4007.2, 21, -9
4007.3, 21, -9
4007.4, 21, -9
4007.5, 21, -9
4007.6, 21, -9
4007.7, 21, -9
4007.8, 21, -9
4007.9, 21, -9
4008, 21, -9
4008.1, 21, -9
4008.2, 21, -9
4008.3, 21, -9
4008.4, 21, -9
4008.5, 21, -9
4008.6, 21, -9
4008.7, 21, -9
4008.8, 21, -9
4008.9, 21, -9
4009, 21, -9
4009.1, 21, -9
4009.2, 21, -9
4009.3, 21, -9
4009.4, 21, -9
4009.5, 21, -9
4009.6, 21, -9
4009.7, 21, -8
4009.8, 21, -8
4009.9, 21, -8
4010, 21, -8
4010.1, 21, -8
4010.2, 21, -8
4010.3, 21, -8
4010.4, 21, -8
4010.5, 21, -8
4010.6, 21, -8
4010.7, 21, -8
4010.8, 21, -8
4010.9, 21, -8
4011, 21, -8
4011.1, 21, -8
4011.2, 21, -8
4011.3, 21, -8
4011.4, 21, -8
4011.5, 21, -8
4011.6, 21, -8
4011.7, 21, -8
4011.8, 21, -8
4011.9, 21, -8
4012, 21, -8
4012.1, 21, -8
4012.2, 21, -8
4012.3, 21, -8
4012.4, 21, -8
4012.5, 21, -8
4012.6, 21, -8
4012.7, 21, -8
4012.8, 21, -8
4012.9, 21, -8
4013, 21, -8
4013.1, 21, -8
4013.2, 21, -8
4013.3, 21, -8
4013.4, 21, -8
4013.5, 21, -8
4013.6, 21, -8
4013.7, 21, -8
4013.8, 21, -8
4013.9, 21, -8
4014, 21, -8
4014.1, 21, -8
4014.2, 21, -8
4014.3, 21, -8
4014.4, 21, -8
4014.5, 21, -8
4014.6, 21, -8
4014.7, 21, -8
4014.8, 21, -8
4014.9, 21, -8
4015, 21, -8
4015.1, 21, -8
4015.2, 21, -8
4015.3, 21, -8
4015.4, 21, -8
4015.5, 22, -8
4015.6, 22, -8
4015.7, 22, -8
4015.8, 22, -8
4015.9, 22, -8
4016, 22, -8
4016.1, 22, -8
4016.2, 22, -8
4016.3, 22, -8
4016.4, 22, -8
4016.5, 22, -8
4016.6, 22, -8
4016.7, 22, -8
4016.8, 22, -8
4016.9, 22, -8
4017, 22, -8
4017.1, 22, -8
4017.2, 22, -8
4017.3, 22, -8
4017.4, 22, -8
4017.5, 22, -8
4017.6, 22, -8
4017.7, 22, -8
4017.8, 22, -8
4017.9, 22, -8
4018, 22, -8
4018.1, 22, -8
4018.2, 22, -8
4018.3, 22, -8
4018.4, 22, -8
4018.5, 22, -8
4018.6, 22, -8
4018.7, 22, -8
4018.8, 22, -8
4018.9, 22, -7
4019, 22, -7
4019.1, 22, -7
4019.2, 22, -7
4019.3, 22, -7
4019.4, 22, -7
4019.5, 22, -7
4019.6, 22, -7
4019.7, 22, -7
4019.8, 22, -7
4019.9, 22, -7
4020, 22, -7
4020.1, 22, -7
4020.2, 22, -7
4020.3, 22, -7
4020.4, 22, -7
4020.5, 22, -7
4020.6, 22, -7
4020.7, 22, -7
4020.8, 22, -7
4020.9, 22, -7
4021, 22, -7
4021.1, 22, -7
4021.2, 22, -7
4021.3, 22, -7
4021.4, 22, -7
4021.5, 22, -7
4021.6, 22, -7
4021.7, 22, -7
4021.8, 22, -7
4021.9, 22, -7
4022, 22, -7
4022.1, 22, -7
4022.2, 22, -7
4022.3, 22, -7
4022.4, 22, -7
4022.5, 22, -7
4022.6, 22, -7
4022.7, 22, -7
4022.8, 22, -7
4022.9, 23, -7
4023, 23, -7
4023.1, 23, -7
4023.2, 23, -7
4023.3, 23, -7
4023.4, 23, -7
4023.5, 23, -7
4023.6, 23, -7
4023.7, 23, -7
4023.8, 23, -7
4023.9, 23, -7
4024, 23, -7
4024.1, 23, -7
4024.2, 23, -7
4024.3, 23, -7
4024.4, 23, -7
4024.5, 23, -7
4024.6, 23, -7
4024.7, 23, -7
4024.8, 23, -7
4024.9, 23, -7
4025, 23, -7
4025.1, 23, -7
4025.2, 23, -7
4025.3, 23, -7
4025.4, 23, -7
4025.5, 23, -7
4025.6, 23, -7
4025.7, 23, -7
4025.8, 23, -7
4025.9, 23, -7
4026, 23, -7
4026.1, 23, -7
4026.2, 23, -7
4026.3, 23, -7
4026.4, 23, -7
4026.5, 23, -7
4026.6, 23, -7
4026.7, 23, -7
4026.8, 23, -7
4026.9, 23, -7
4027, 23, -7
4027.1, 23, -7
4027.2, 23, -7
4027.3, 23, -7
4027.4, 23, -7
4027.5, 23, -7
4027.6, 23, -7
4027.7, 23, -7
4027.8, 23, -7
4027.9, 23, -7
4028, 23, -7
4028.1, 23, -7
4028.2, 23, -7
4028.3, 23, -7
4028.4, 23, -7
4028.5, 23, -6
4028.6, 23, -6
4028.7, 22, -6
4028.8, 22, -6
4028.9, 22, -7
4029, 22, -7
4029.1, 22, -8
4029.2, 22, -8
4029.3, 22, -9
4029.4, 22, -9
4029.5, 21, -9
4029.6, 21, -9
4029.7, 21, -9
4029.8, 21, -9
4029.9, 21, -9
4030, 21, -9
4030.1, 21, -9
4030.2, 21, -9
4030.3, 21, -8
4030.4, 21, -8
4030.5, 21, -8
4030.6, 21, -8
4030.7, 21, -8
4030.8, 21, -8
4030.9, 21, -8
4031, 21, -8
4031.1, 21, -8
4031.2, 21, -8
4031.3, 21, -8
4031.4, 21, -8
4031.5, 21, -8
4031.6, 21, -8
4031.7, 21, -8
4031.8, 21, -8
4031.9, 21, -8
4032, 21, -8
4032.1, 21, -7
4032.2, 21, -7
4032.3, 20, -7
4032.4, 20, -7
4032.5, 20, -7
4032.6, 20, -7
4032.7, 20, -7
4032.8, 20, -7
4032.9, 20, -7
4033, 20, -7
4033.1, 20, -7
4033.2, 20, -7
4033.3, 20, -7
4033.4, 20, -7
4033.5, 20, -7
4033.6, 20, -7
4033.7, 20, -8
4033.8, 20, -8
4033.9, 20, -8
4034, 20, -8
4034.1, 20, -7
4034.2, 20, -7
4034.3, 20, -7
4034.4, 20, -7
4034.5, 20, -7
4034.6, 20, -7
4034.7, 20, -7
4034.8, 20, -7
4034.9, 20, -7
4035, 20, -7
4035.1, 20, -7
4035.2, 20, -7
4035.3, 20, -7
4035.4, 20, -7
4035.5, 21, -7
4035.6, 21, -7
4035.7, 21, -7
4035.8, 21, -7
4035.9, 21, -7
4036, 21, -7
4036.1, 21, -7
4036.2, 21, -7
4036.3, 21, -7
4036.4, 21, -7
4036.5, 21, -7
4036.6, 21, -7
4036.7, 21, -7
4036.8, 21, -7
4036.9, 21, -7
4037, 21, -7
4037.1, 21, -7
4037.2, 21, -7
4037.3, 21, -7
4037.4, 21, -7
4037.5, 21, -7
4037.6, 21, -7
4037.7, 21, -7
4037.8, 21, -7
4037.9, 21, -7
4038, 21, -7
4038.1, 21, -7
4038.2, 21, -7
4038.3, 21, -7
4038.4, 21, -7
4038.5, 21, -7
4038.6, 21, -7
4038.7, 21, -7
4038.8, 21, -7
4038.9, 21, -7
4039, 21, -7
4039.1, 21, -7
4039.2, 21, -7
4039.3, 22, -7
4039.4, 22, -7
4039.5, 22, -7
4039.6, 22, -7
4039.7, 22, -7
4039.8, 22, -7
4039.9, 22, -7
4040, 22, -7
4040.1, 22, -7
4040.2, 22, -7
4040.3, 22, -7
4040.4, 22, -7
4040.5, 22, -7
4040.6, 22, -7
4040.7, 22, -7
4040.8, 22, -7
4040.9, 21, -7
4041, 21, -7
4041.1, 21, -7
4041.2, 21, -7
4041.3, 21, -7
4041.4, 21, -7
4041.5, 21, -7
4041.6, 21, -7
4041.7, 21, -7
4041.8, 21, -7
4041.9, 21, -7
4042, 21, -7
4042.1, 21, -7
4042.2, 21, -7
4042.3, 21, -7
4042.4, 21, -7
4042.5, 20, -7
4042.6, 20, -7
4042.7, 20, -7
4042.8, 20, -7
4042.9, 20, -7
4043, 20, -7
4043.1, 20, -7
4043.2, 20, -7
4043.3, 20, -7
4043.4, 20, -7
4043.5, 20, -7
4043.6, 20, -7
4043.7, 20, -7
4043.8, 20, -7
4043.9, 20, -7
4044, 20, -7
4044.1, 20, -7
4044.2, 20, -7
4044.3, 20, -7
4044.4, 20, -7
4044.5, 20, -7
4044.6, 20, -7
4044.7, 20, -7
4044.8, 20, -7
4044.9, 20, -7
4045, 20, -7
4045.1, 20, -7
4045.2, 20, -7
4045.3, 20, -7
4045.4, 20, -7
4045.5, 20, -7
4045.6, 20, -7
4045.7, 20, -7
4045.8, 20, -7
4045.9, 20, -7
4046, 20, -7
4046.1, 20, -7
4046.2, 20, -7
4046.3, 20, -7
4046.4, 20, -7
4046.5, 20, -7
4046.6, 20, -7
4046.7, 20, -7
4046.8, 20, -7
4046.9, 20, -7
4047, 20, -7
4047.1, 20, -7
4047.2, 20, -7
4047.3, 20, -7
4047.4, 20, -7
4047.5, 20, -7
4047.6, 20, -7
4047.7, 20, -7
4047.8, 20, -7
4047.9, 20, -7
4048, 20, -7
4048.1, 20, -7
4048.2, 20, -7
4048.3, 20, -7
4048.4, 20, -7
4048.5, 20, -7
4048.6, 20, -7
4048.7, 20, -7
4048.8, 20, -7
4048.9, 20, -7
4049, 20, -7
4049.1, 21, -7
4049.2, 21, -7
4049.3, 21, -7
4049.4, 21, -7
4049.5, 21, -7
4049.6, 21, -7
4049.7, 21, -7
4049.8, 21, -7
4049.9, 21, -7
4050, 21, -7
4050.1, 21, -7
4050.2, 21, -7
4050.3, 21, -7
4050.4, 21, -7
4050.5, 21, -7
4050.6, 21, -7
4050.7, 21, -7
4050.8, 21, -7
4050.9, 21, -7
4051, 21, -7
4051.1, 21, -7
4051.2, 21, -7
4051.3, 21, -7
4051.4, 21, -7
4051.5, 21, -7
4051.6, 21, -7
4051.7, 21, -7
4051.8, 21, -7
4051.9, 21, -7
4052, 21, -7
4052.1, 21, -7
4052.2, 21, -7
4052.3, 21, -7
4052.4, 21, -7
4052.5, 21, -7
4052.6, 21, -7
4052.7, 21, -7
4052.8, 21, -7
4052.9, 21, -7
4053, 21, -7
4053.1, 21, -6
4053.2, 21, -6
4053.3, 21, -6
4053.4, 21, -6
4053.5, 21, -6
4053.6, 21, -6
4053.7, 21, -6
4053.8, 21, -6
4053.9, 21, -6
4054, 21, -6
4054.1, 21, -6
4054.2, 21, -6
4054.3, 21, -6
4054.4, 21, -6
4054.5, 21, -6
4054.6, 21, -6
4054.7, 21, -6
4054.8, 21, -6
4054.9, 21, -6
4055, 21, -6
4055.1, 21, -6
4055.2, 21, -6
4055.3, 21, -6
4055.4, 21, -6
4055.5, 21, -6
4055.6, 21, -6
4055.7, 21, -6
4055.8, 21, -6
4055.9, 21, -6
4056, 21, -6
4056.1, 21, -6
4056.2, 21, -6
4056.3, 21, -6
4056.4, 21, -6
4056.5, 21, -6
4056.6, 21, -6
4056.7, 21, -6
4056.8, 21, -6
4056.9, 21, -6
4057, 21, -6
4057.1, 21, -6
4057.2, 21, -6
4057.3, 21, -6
4057.4, 21, -6
4057.5, 21, -6
4057.6, 21, -6
4057.7, 21, -6
4057.8, 21, -6
4057.9, 21, -6
4058, 21, -6
4058.1, 21, -6
4058.2, 21, -6
4058.3, 21, -6
4058.4, 21, -6
4058.5, 21, -6
4058.6, 21, -6
4058.7, 21, -6
4058.8, 21, -6
4058.9, 21, -6
4059, 21, -6
4059.1, 21, -6
4059.2, 21, -6
4059.3, 22, -6
4059.4, 22, -6
4059.5, 22, -6
4059.6, 22, -6
4059.7, 22, -6
4059.8, 22, -6
4059.9, 22, -6
4060, 22, -6
4060.1, 22, -6
4060.2, 22, -6
4060.3, 22, -6
4060.4, 22, -6
4060.5, 22, -6
4060.6, 22, -6
4060.7, 22, -6
4060.8, 22, -6
4060.9, 22, -6
4061, 22, -6
4061.1, 22, -6
4061.2, 22, -6
4061.3, 22, -6
4061.4, 22, -6
4061.5, 22, -7
4061.6, 22, -7
4061.7, 22, -7
4061.8, 22, -7
4061.9, 22, -7
4062, 22, -7
4062.1, 22, -7
4062.2, 22, -7
4062.3, 22, -7
4062.4, 22, -7
4062.5, 22, -7
4062.6, 22, -7
4062.7, 22, -7
4062.8, 22, -7
4062.9, 22, -7
4063, 22, -7
4063.1, 22, -7
4063.2, 22, -7
4063.3, 22, -7
4063.4, 22, -7
4063.5, 22, -7
4063.6, 22, -7
4063.7, 22, -7
4063.8, 22, -7
4063.9, 22, -7
4064, 22, -7
4064.1, 22, -7
4064.2, 22, -7
4064.3, 22, -7
4064.4, 22, -7
4064.5, 22, -7
4064.6, 22, -7
4064.7, 22, -7
4064.8, 22, -7
4064.9, 22, -7
4065, 22, -7
4065.1, 23, -7
4065.2, 23, -7
4065.3, 23, -7
4065.4, 23, -7
4065.5, 23, -7
4065.6, 23, -7
4065.7, 23, -7
4065.8, 23, -7
4065.9, 23, -7
4066, 23, -7
4066.1, 23, -7
4066.2, 23, -7
4066.3, 23, -7
4066.4, 23, -7
4066.5, 23, -7
4066.6, 23, -7
4066.7, 23, -7
4066.8, 23, -7
4066.9, 23, -7
4067, 23, -7
4067.1, 23, -7
4067.2, 23, -7
4067.3, 23, -7
4067.4, 23, -7
4067.5, 23, -7
4067.6, 23, -7
4067.7, 22, -7
4067.8, 22, -7
4067.9, 23, -7
4068, 23, -7
4068.1, 23, -7
4068.2, 23, -7
4068.3, 23, -7
4068.4, 23, -7
4068.5, 23, -7
4068.6, 23, -7
4068.7, 23, -7
4068.8, 23, -7
4068.9, 23, -7
4069, 23, -7
4069.1, 23, -7
4069.2, 23, -7
4069.3, 23, -7
4069.4, 23, -7
4069.5, 23, -7
4069.6, 23, -7
4069.7, 23, -7
4069.8, 23, -7
4069.9, 22, -7
4070, 22, -7
4070.1, 22, -7
4070.2, 22, -7
4070.3, 22, -7
4070.4, 22, -7
4070.5, 22, -7
4070.6, 22, -7
4070.7, 22, -7
4070.8, 22, -7
4070.9, 22, -6
4071, 22, -6
4071.1, 22, -6
4071.2, 22, -6
4071.3, 22, -6
4071.4, 22, -6
4071.5, 22, -6
4071.6, 22, -6
4071.7, 22, -6
4071.8, 22, -6
4071.9, 22, -6
4072, 22, -6
4072.1, 22, -6
4072.2, 22, -6
4072.3, 22, -6
4072.4, 22, -6
4072.5, 22, -6
4072.6, 22, -6
4072.7, 22, -6
4072.8, 22, -6
4072.9, 23, -6
4073, 23, -6
4073.1, 23, -6
4073.2, 23, -6
4073.3, 23, -6
4073.4, 23, -6
4073.5, 23, -5
4073.6, 23, -5
4073.7, 23, -4
4073.8, 23, -4
4073.9, 23, -4
4074, 23, -4
4074.1, 24, -4
4074.2, 24, -4
4074.3, 24, -4
4074.4, 24, -4
4074.5, 24, -4
4074.6, 24, -4
4074.7, 24, -4
4074.8, 24, -4
4074.9, 24, -4
4075, 24, -4
4075.1, 24, -4
4075.2, 24, -4
4075.3, 24, -4
4075.4, 24, -4
4075.5, 24, -4
4075.6, 24, -4
4075.7, 24, -4
4075.8, 24, -4
4075.9, 24, -4
4076, 24, -4
4076.1, 24, -4
4076.2, 24, -4
4076.3, 24, -4
4076.4, 24, -4
4076.5, 24, -4
4076.6, 24, -4
4076.7, 24, -4
4076.8, 24, -4
4076.9, 24, -5
4077, 24, -5
4077.1, 24, -5
4077.2, 24, -5
4077.3, 24, -5
4077.4, 24, -5
4077.5, 24, -5
4077.6, 24, -5
4077.7, 24, -5
4077.8, 24, -5
4077.9, 24, -5
4078, 24, -5
4078.1, 24, -5
4078.2, 24, -5
4078.3, 24, -5
4078.4, 24, -5
4078.5, 24, -5
4078.6, 24, -5
4078.7, 24, -5
4078.8, 24, -5
4078.9, 24, -5
4079, 24, -5
4079.1, 24, -5
4079.2, 24, -5
4079.3, 24, -5
4079.4, 24, -5
4079.5, 24, -5
4079.6, 24, -5
4079.7, 24, -5
4079.8, 24, -5
4079.9, 24, -5
4080, 24, -5
4080.1, 24, -5
4080.2, 24, -5
4080.3, 24, -5
4080.4, 24, -5
4080.5, 24, -5
4080.6, 24, -5
4080.7, 24, -5
4080.8, 24, -5
4080.9, 25, -5
4081, 25, -5
4081.1, 25, -5
4081.2, 25, -5
4081.3, 25, -5
4081.4, 25, -5
4081.5, 25, -5
4081.6, 25, -5
4081.7, 25, -5
4081.8, 25, -5
4081.9, 25, -5
4082, 25, -5
4082.1, 25, -5
4082.2, 25, -5
4082.3, 25, -5
4082.4, 25, -5
4082.5, 25, -5
4082.6, 25, -5
4082.7, 25, -5
4082.8, 25, -5
4082.9, 25, -5
4083, 25, -5
4083.1, 26, -5
4083.2, 26, -5
4083.3, 26, -5
4083.4, 26, -5
4083.5, 26, -5
4083.6, 26, -5
4083.7, 26, -5
4083.8, 26, -5
4083.9, 26, -5
4084, 26, -5
4084.1, 26, -5
4084.2, 26, -5
4084.3, 26, -5
4084.4, 26, -5
4084.5, 26, -5
4084.6, 26, -5
4084.7, 26, -5
4084.8, 26, -5
4084.9, 26, -5
4085, 26, -5
4085.1, 26, -5
4085.2, 26, -5
4085.3, 26, -5
4085.4, 26, -5
4085.5, 26, -5
4085.6, 26, -5
4085.7, 26, -5
4085.8, 26, -5
4085.9, 26, -5
4086, 26, -5
4086.1, 26, -5
4086.2, 26, -5
4086.3, 26, -5
4086.4, 26, -5
4086.5, 26, -5
4086.6, 26, -5
4086.7, 26, -5
4086.8, 26, -5
4086.9, 26, -5
4087, 26, -5
4087.1, 26, -5
4087.2, 26, -5
4087.3, 26, -5
4087.4, 26, -5
4087.5, 26, -5
4087.6, 26, -5
4087.7, 26, -5
4087.8, 26, -5
4087.9, 26, -5
4088, 26, -5
4088.1, 26, -5
4088.2, 26, -5
4088.3, 26, -5
4088.4, 26, -5
4088.5, 26, -5
4088.6, 26, -5
4088.7, 26, -5
4088.8, 26, -5
4088.9, 26, -5
4089, 26, -5
4089.1, 26, -5
4089.2, 26, -5
4089.3, 26, -5
4089.4, 26, -5
4089.5, 26, -5
4089.6, 26, -5
4089.7, 26, -5
4089.8, 26, -5
4089.9, 26, -5
4090, 26, -5
4090.1, 26, -5
4090.2, 26, -5
4090.3, 26, -5
4090.4, 26, -5
4090.5, 26, -5
4090.6, 26, -5
4090.7, 26, -5
4090.8, 26, -5
4090.9, 26, -5
4091, 26, -5
4091.1, 26, -5
4091.2, 26, -5
4091.3, 26, -5
4091.4, 26, -5
4091.5, 26, -5
4091.6, 26, -5
4091.7, 26, -5
4091.8, 26, -5
4091.9, 26, -5
4092, 26, -5
4092.1, 26, -5
4092.2, 26, -5
4092.3, 26, -5
4092.4, 26, -5
4092.5, 26, -5
4092.6, 26, -5
4092.7, 26, -5
4092.8, 26, -5
4092.9, 26, -5
4093, 26, -5
4093.1, 25, -5
4093.2, 25, -5
4093.3, 25, -5
4093.4, 25, -5
4093.5, 25, -5
4093.6, 25, -5
4093.7, 25, -5
4093.8, 25, -5
4093.9, 25, -5
4094, 25, -5
4094.1, 25, -5
4094.2, 25, -5
4094.3, 25, -5
4094.4, 25, -5
4094.5, 25, -5
4094.6, 25, -5
4094.7, 25, -5
4094.8, 25, -5
4094.9, 26, -5
4095, 26, -5
4095.1, 26, -5
4095.2, 26, -5
4095.3, 26, -5
4095.4, 26, -5
4095.5, 26, -5
4095.6, 26, -5
4095.7, 26, -5
4095.8, 26, -5
4095.9, 25, -5
4096, 25, -5
4096.1, 25, -5
4096.2, 25, -5
4096.3, 25, -5
4096.4, 25, -5
4096.5, 25, -5
4096.6, 25, -5
4096.7, 25, -5
4096.8, 25, -5
4096.9, 25, -5
4097, 25, -5
4097.1, 25, -5
4097.2, 25, -5
4097.3, 25, -5
4097.4, 25, -5
4097.5, 25, -4
4097.6, 25, -4
4097.7, 25, -4
4097.8, 25, -4
4097.9, 24, -4
4098, 24, -4
4098.1, 24, -4
4098.2, 24, -4
4098.3, 24, -4
4098.4, 24, -4
4098.5, 25, -4
4098.6, 25, -4
4098.7, 25, -4
4098.8, 25, -4
4098.9, 25, -4
4099, 25, -4
4099.1, 25, -4
4099.2, 25, -4
4099.3, 25, -4
4099.4, 25, -4
4099.5, 25, -4
4099.6, 25, -4
4099.7, 25, -4
4099.8, 25, -4
4099.9, 25, -4
4100, 25, -4
4100.1, 25, -4
4100.2, 25, -4
4100.3, 25, -4
4100.4, 25, -4
4100.5, 25, -4
4100.6, 25, -4
4100.7, 25, -4
4100.8, 25, -4
4100.9, 25, -4
4101, 25, -4
4101.1, 25, -4
4101.2, 25, -4
4101.3, 25, -4
4101.4, 25, -4
4101.5, 25, -4
4101.6, 25, -4
4101.7, 25, -4
4101.8, 25, -4
4101.9, 25, -4
4102, 25, -4
4102.1, 25, -4
4102.2, 25, -4
4102.3, 25, -4
4102.4, 25, -4
4102.5, 25, -4
4102.6, 25, -4
4102.7, 25, -5
4102.8, 25, -5
4102.9, 25, -5
4103, 25, -5
4103.1, 25, -6
4103.2, 25, -6
4103.3, 25, -6
4103.4, 25, -6
4103.5, 25, -6
4103.6, 25, -6
4103.7, 25, -6
4103.8, 25, -6
4103.9, 25, -6
4104, 25, -6
4104.1, 25, -6
4104.2, 25, -6
4104.3, 25, -6
4104.4, 25, -6
4104.5, 25, -6
4104.6, 25, -6
4104.7, 25, -6
4104.8, 25, -6
4104.9, 25, -6
4105, 25, -6
4105.1, 25, -6
4105.2, 25, -6
4105.3, 25, -6
4105.4, 25, -6
4105.5, 25, -6
4105.6, 25, -6
4105.7, 25, -6
4105.8, 25, -6
4105.9, 25, -6
4106, 25, -6
4106.1, 25, -6
4106.2, 25, -6
4106.3, 25, -6
4106.4, 25, -6
4106.5, 25, -6
4106.6, 25, -6
4106.7, 25, -5
4106.8, 25, -5
4106.9, 25, -5
4107, 25, -5
4107.1, 25, -5
4107.2, 25, -5
4107.3, 25, -5
4107.4, 25, -5
4107.5, 25, -5
4107.6, 25, -5
4107.7, 25, -6
4107.8, 25, -6
4107.9, 25, -6
4108, 25, -6
4108.1, 25, -6
4108.2, 25, -6
4108.3, 25, -6
4108.4, 25, -6
4108.5, 25, -6
4108.6, 25, -6
4108.7, 25, -6
4108.8, 25, -6
4108.9, 25, -6
4109, 25, -6
4109.1, 25, -6
4109.2, 25, -6
4109.3, 25, -7
4109.4, 25, -7
4109.5, 25, -7
4109.6, 25, -7
4109.7, 25, -6
4109.8, 25, -6
4109.9, 25, -6
4110, 25, -6
4110.1, 25, -6
4110.2, 25, -6
4110.3, 25, -6
4110.4, 25, -6
4110.5, 25, -6
4110.6, 25, -6
4110.7, 25, -6
4110.8, 25, -6
4110.9, 25, -6
4111, 25, -6
4111.1, 24, -6
4111.2, 24, -6
4111.3, 24, -6
4111.4, 24, -6
4111.5, 24, -6
4111.6, 24, -6
4111.7, 24, -7
4111.8, 24, -7
4111.9, 24, -7
4112, 24, -7
4112.1, 24, -7
4112.2, 24, -7
4112.3, 24, -7
4112.4, 24, -7
4112.5, 24, -7
4112.6, 24, -7
4112.7, 24, -7
4112.8, 24, -7
4112.9, 24, -7
4113, 24, -7
4113.1, 24, -7
4113.2, 24, -7
4113.3, 24, -7
4113.4, 24, -7
4113.5, 24, -7
4113.6, 24, -7
4113.7, 24, -7
4113.8, 24, -7
4113.9, 24, -7
4114, 24, -7
4114.1, 24, -7
4114.2, 24, -7
4114.3, 24, -8
4114.4, 24, -8
4114.5, 24, -8
4114.6, 24, -8
4114.7, 24, -8
4114.8, 24, -8
4114.9, 24, -8
4115, 24, -8
4115.1, 24, -8
4115.2, 24, -8
4115.3, 24, -8
4115.4, 24, -8
4115.5, 24, -8
4115.6, 24, -8
4115.7, 24, -8
4115.8, 24, -8
4115.9, 24, -8
4116, 24, -8
4116.1, 24, -8
4116.2, 24, -8
4116.3, 24, -8
4116.4, 24, -8
4116.5, 24, -8
4116.6, 24, -8
4116.7, 24, -8
4116.8, 24, -8
4116.9, 24, -9
4117, 24, -9
4117.1, 24, -9
4117.2, 24, -9
4117.3, 24, -9
4117.4, 24, -9
4117.5, 24, -9
4117.6, 24, -9
4117.7, 23, -9
4117.8, 23, -9
4117.9, 23, -9
4118, 23, -9
4118.1, 23, -9
4118.2, 23, -9
4118.3, 23, -9
4118.4, 23, -9
4118.5, 23, -9
4118.6, 23, -9
4118.7, 23, -9
4118.8, 23, -9
4118.9, 23, -9
4119, 23, -9
4119.1, 23, -9
4119.2, 23, -9
4119.3, 23, -9
4119.4, 23, -9
4119.5, 23, -10
4119.6, 23, -10
4119.7, 23, -10
4119.8, 23, -10
4119.9, 23, -10
4120, 23, -10
4120.1, 23, -10
4120.2, 23, -10
4120.3, 23, -10
4120.4, 23, -10
4120.5, 23, -10
4120.6, 23, -10
4120.7, 23, -10
4120.8, 23, -10
4120.9, 23, -10
4121, 23, -10
4121.1, 23, -10
4121.2, 23, -10
4121.3, 23, -10
4121.4, 23, -10
4121.5, 23, -10
4121.6, 23, -10
4121.7, 23, -10
4121.8, 23, -10
4121.9, 23, -10
4122, 23, -10
4122.1, 23, -10
4122.2, 23, -10
4122.3, 23, -10
4122.4, 23, -10
4122.5, 23, -10
4122.6, 23, -10
4122.7, 23, -10
4122.8, 23, -10
4122.9, 23, -10
4123, 23, -10
4123.1, 23, -10
4123.2, 23, -10
4123.3, 23, -10
4123.4, 23, -10
4123.5, 23, -10
4123.6, 23, -10
4123.7, 23, -10
4123.8, 23, -10
4123.9, 23, -10
4124, 23, -10
4124.1, 23, -10
4124.2, 23, -10
4124.3, 23, -10
4124.4, 23, -10
4124.5, 23, -10
4124.6, 23, -10
4124.7, 23, -10
4124.8, 23, -10
4124.9, 23, -10
4125, 23, -10
4125.1, 23, -10
4125.2, 23, -10
4125.3, 23, -10
4125.4, 23, -10
4125.5, 23, -10
4125.6, 23, -10
4125.7, 23, -10
4125.8, 23, -10
4125.9, 23, -10
4126, 23, -10
4126.1, 23, -10
4126.2, 23, -10
4126.3, 23, -10
4126.4, 23, -10
4126.5, 23, -10
4126.6, 23, -10
4126.7, 23, -10
4126.8, 23, -10
4126.9, 23, -10
4127, 23, -10
4127.1, 23, -10
4127.2, 23, -10
4127.3, 24, -10
4127.4, 24, -10
4127.5, 24, -10
4127.6, 24, -10
4127.7, 24, -10
4127.8, 24, -10
4127.9, 24, -11
4128, 24, -11
4128.1, 24, -11
4128.2, 24, -11
4128.3, 24, -11
4128.4, 24, -11
4128.5, 24, -11
4128.6, 24, -11
4128.7, 25, -11
4128.8, 25, -11
4128.9, 25, -11
4129, 25, -11
4129.1, 25, -11
4129.2, 25, -11
4129.3, 25, -11
4129.4, 25, -11
4129.5, 25, -11
4129.6, 25, -11
4129.7, 25, -12
4129.8, 25, -12
4129.9, 25, -12
4130, 25, -12
4130.1, 25, -12
4130.2, 25, -12
4130.3, 25, -11
4130.4, 25, -11
4130.5, 25, -11
4130.6, 25, -11
4130.7, 25, -11
4130.8, 25, -11
4130.9, 25, -11
4131, 25, -11
4131.1, 25, -11
4131.2, 25, -11
4131.3, 25, -11
4131.4, 25, -11
4131.5, 25, -11
4131.6, 25, -11
4131.7, 25, -11
4131.8, 25, -11
4131.9, 25, -11
4132, 25, -11
4132.1, 25, -11
4132.2, 25, -11
4132.3, 25, -11
4132.4, 25, -11
4132.5, 25, -11
4132.6, 25, -11
4132.7, 25, -11
4132.8, 25, -11
4132.9, 25, -11
4133, 25, -11
4133.1, 25, -11
4133.2, 25, -11
4133.3, 25, -11
4133.4, 25, -11
4133.5, 24, -11
4133.6, 24, -11
4133.7, 24, -11
4133.8, 24, -11
4133.9, 24, -11
4134, 24, -11
4134.1, 24, -11
4134.2, 24, -11
4134.3, 23, -11
4134.4, 23, -11
4134.5, 23, -11
4134.6, 23, -11
4134.7, 23, -11
4134.8, 23, -11
4134.9, 23, -11
4135, 23, -11
4135.1, 23, -11
4135.2, 23, -11
4135.3, 23, -11
4135.4, 23, -11
4135.5, 23, -11
4135.6, 23, -11
4135.7, 23, -11
4135.8, 23, -11
4135.9, 23, -11
4136, 23, -11
4136.1, 23, -11
4136.2, 23, -11
4136.3, 23, -11
4136.4, 23, -11
4136.5, 23, -11
4136.6, 23, -11
4136.7, 23, -11
4136.8, 23, -11
4136.9, 23, -11
4137, 23, -11
4137.1, 23, -11
4137.2, 23, -11
4137.3, 23, -11
4137.4, 23, -11
4137.5, 23, -11
4137.6, 23, -11
4137.7, 23, -11
4137.8, 23, -11
4137.9, 23, -11
4138, 23, -11
4138.1, 23, -11
4138.2, 23, -11
4138.3, 23, -11
4138.4, 23, -11
4138.5, 23, -11
4138.6, 23, -11
4138.7, 23, -11
4138.8, 23, -11
4138.9, 23, -10
4139, 23, -10
4139.1, 23, -9
4139.2, 23, -9
4139.3, 23, -9
4139.4, 23, -9
4139.5, 23, -9
4139.6, 23, -9
4139.7, 23, -9
4139.8, 23, -9
4139.9, 23, -9
4140, 23, -9
4140.1, 23, -9
4140.2, 23, -9
4140.3, 23, -9
4140.4, 23, -9
4140.5, 23, -9
4140.6, 23, -9
4140.7, 23, -9
4140.8, 23, -9
4140.9, 23, -8
4141, 23, -8
4141.1, 23, -9
4141.2, 23, -9
4141.3, 23, -9
4141.4, 23, -9
4141.5, 23, -9
4141.6, 23, -9
4141.7, 23, -8
4141.8, 23, -8
4141.9, 23, -8
4142, 23, -8
4142.1, 23, -8
4142.2, 23, -8
4142.3, 23, -8
4142.4, 23, -8
4142.5, 23, -8
4142.6, 23, -8
4142.7, 23, -8
4142.8, 23, -8
4142.9, 23, -8
4143, 23, -8
4143.1, 23, -8
4143.2, 23, -8
4143.3, 23, -8
4143.4, 23, -8
4143.5, 23, -8
4143.6, 23, -8
4143.7, 23, -8
4143.8, 23, -8
4143.9, 23, -8
4144, 23, -8
4144.1, 24, -8
4144.2, 24, -8
4144.3, 24, -8
4144.4, 24, -8
4144.5, 24, -8
4144.6, 24, -8
4144.7, 24, -8
4144.8, 24, -8
4144.9, 24, -8
4145, 24, -8
4145.1, 24, -8
4145.2, 24, -8
4145.3, 24, -8
4145.4, 24, -8
4145.5, 24, -8
4145.6, 24, -8
4145.7, 25, -8
4145.8, 25, -8
4145.9, 25, -8
4146, 25, -8
4146.1, 25, -9
4146.2, 25, -9
4146.3, 25, -9
4146.4, 25, -9
4146.5, 25, -9
4146.6, 25, -9
4146.7, 25, -9
4146.8, 25, -9
4146.9, 25, -9
4147, 25, -9
4147.1, 25, -9
4147.2, 25, -9
4147.3, 25, -9
4147.4, 25, -9
4147.5, 25, -10
4147.6, 25, -10
4147.7, 25, -10
4147.8, 25, -10
4147.9, 25, -10
4148, 25, -10
4148.1, 25, -9
4148.2, 25, -9
4148.3, 24, -9
4148.4, 24, -9
4148.5, 24, -9
4148.6, 24, -9
4148.7, 24, -9
4148.8, 24, -9
4148.9, 24, -9
4149, 24, -9
4149.1, 23, -9
4149.2, 23, -9
4149.3, 23, -9
4149.4, 23, -9
4149.5, 23, -9
4149.6, 23, -9
4149.7, 23, -9
4149.8, 23, -9
4149.9, 23, -9
4150, 23, -9
4150.1, 22, -9
4150.2, 22, -9
4150.3, 22, -9
4150.4, 22, -9
4150.5, 22, -9
4150.6, 22, -9
4150.7, 22, -9
4150.8, 22, -9
4150.9, 22, -9
4151, 22, -9
4151.1, 22, -9
4151.2, 22, -9
4151.3, 22, -9
4151.4, 22, -9
4151.5, 22, -9
4151.6, 22, -9
4151.7, 22, -9
4151.8, 22, -9
4151.9, 22, -9
4152, 22, -9
4152.1, 22, -9
4152.2, 22, -9
4152.3, 22, -9
4152.4, 22, -9
4152.5, 22, -9
4152.6, 22, -9
4152.7, 22, -9
4152.8, 22, -9
4152.9, 22, -9
4153, 22, -9
4153.1, 22, -9
4153.2, 22, -9
4153.3, 22, -9
4153.4, 22, -9
4153.5, 23, -9
4153.6, 23, -9
4153.7, 23, -9
4153.8, 23, -9
4153.9, 23, -9
4154, 23, -9
4154.1, 23, -9
4154.2, 23, -9
4154.3, 23, -9
4154.4, 23, -9
4154.5, 23, -9
4154.6, 23, -9
4154.7, 23, -9
4154.8, 23, -9
4154.9, 23, -9
4155, 23, -9
4155.1, 24, -9
4155.2, 24, -9
4155.3, 24, -9
4155.4, 24, -9
4155.5, 24, -9
4155.6, 24, -9
4155.7, 24, -9
4155.8, 24, -9
4155.9, 24, -9
4156, 24, -9
4156.1, 24, -9
4156.2, 24, -9
4156.3, 24, -9
4156.4, 24, -9
4156.5, 24, -9
4156.6, 24, -9
4156.7, 24, -9
4156.8, 24, -9
4156.9, 24, -9
4157, 24, -9
4157.1, 24, -9
4157.2, 24, -9
4157.3, 24, -9
4157.4, 24, -9
4157.5, 24, -9
4157.6, 24, -9
4157.7, 24, -9
4157.8, 24, -9
4157.9, 24, -9
4158, 24, -9
4158.1, 24, -9
4158.2, 24, -9
4158.3, 24, -9
4158.4, 24, -9
4158.5, 24, -9
4158.6, 24, -9
4158.7, 23, -9
4158.8, 23, -9
4158.9, 23, -9
4159, 23, -9
4159.1, 23, -9
4159.2, 23, -9
4159.3, 23, -10
4159.4, 23, -10
4159.5, 23, -9
4159.6, 23, -9
4159.7, 23, -9
4159.8, 23, -9
4159.9, 23, -9
4160, 23, -9
4160.1, 23, -9
4160.2, 23, -9
4160.3, 23, -9
4160.4, 23, -9
4160.5, 24, -9
4160.6, 24, -9
4160.7, 24, -9
4160.8, 24, -9
4160.9, 24, -9
4161, 24, -9
4161.1, 24, -9
4161.2, 24, -9
4161.3, 24, -9
4161.4, 24, -9
4161.5, 24, -9
4161.6, 24, -9
4161.7, 25, -9
4161.8, 25, -9
4161.9, 25, -8
4162, 25, -8
4162.1, 25, -8
4162.2, 25, -8
4162.3, 25, -8
4162.4, 25, -8
4162.5, 25, -8
4162.6, 25, -8
4162.7, 25, -7
4162.8, 25, -7
4162.9, 25, -6
4163, 25, -6
4163.1, 25, -6
4163.2, 25, -6
4163.3, 25, -6
4163.4, 25, -6
4163.5, 25, -6
4163.6, 25, -6
4163.7, 25, -6
4163.8, 25, -6
4163.9, 25, -6
4164, 25, -6
4164.1, 25, -6
4164.2, 25, -6
4164.3, 25, -6
4164.4, 25, -6
4164.5, 25, -6
4164.6, 25, -6
4164.7, 25, -6
4164.8, 25, -6
4164.9, 25, -6
4165, 25, -6
4165.1, 25, -6
4165.2, 25, -6
4165.3, 25, -6
4165.4, 25, -6
4165.5, 25, -6
4165.6, 25, -6
4165.7, 25, -6
4165.8, 25, -6
4165.9, 25, -6
4166, 25, -6
4166.1, 25, -6
4166.2, 25, -6
4166.3, 25, -6
4166.4, 25, -6
4166.5, 25, -6
4166.6, 25, -6
4166.7, 25, -6
4166.8, 25, -6
4166.9, 25, -6
4167, 25, -6
4167.1, 25, -6
4167.2, 25, -6
4167.3, 25, -6
4167.4, 25, -6
4167.5, 25, -6
4167.6, 25, -6
4167.7, 25, -6
4167.8, 25, -6
4167.9, 25, -6
4168, 25, -6
4168.1, 25, -6
4168.2, 25, -6
4168.3, 25, -6
4168.4, 25, -6
4168.5, 25, -6
4168.6, 25, -6
4168.7, 25, -7
4168.8, 25, -7
4168.9, 25, -7
4169, 25, -7
4169.1, 26, -7
4169.2, 26, -7
4169.3, 26, -7
4169.4, 26, -7
4169.5, 26, -7
4169.6, 26, -7
4169.7, 26, -7
4169.8, 26, -7
4169.9, 26, -7
4170, 26, -7
4170.1, 26, -7
4170.2, 26, -7
4170.3, 26, -7
4170.4, 26, -7
4170.5, 26, -7
4170.6, 26, -7
4170.7, 26, -7
4170.8, 26, -7
4170.9, 26, -7
4171, 26, -7
4171.1, 26, -7
4171.2, 26, -7
4171.3, 26, -7
4171.4, 26, -7
4171.5, 26, -7
4171.6, 26, -7
4171.7, 26, -7
4171.8, 26, -7
4171.9, 26, -7
4172, 26, -7
4172.1, 26, -7
4172.2, 26, -7
4172.3, 26, -7
4172.4, 26, -7
4172.5, 26, -7
4172.6, 26, -7
4172.7, 25, -7
4172.8, 25, -7
4172.9, 26, -7
4173, 26, -7
4173.1, 26, -7
4173.2, 26, -7
4173.3, 26, -7
4173.4, 26, -7
4173.5, 26, -7
4173.6, 26, -7
4173.7, 26, -7
4173.8, 26, -7
4173.9, 26, -7
4174, 26, -7
4174.1, 26, -6
4174.2, 26, -6
4174.3, 26, -6
4174.4, 26, -6
4174.5, 26, -6
4174.6, 26, -6
4174.7, 26, -6
4174.8, 26, -6
4174.9, 26, -6
4175, 26, -6
4175.1, 26, -6
4175.2, 26, -6
4175.3, 26, -6
4175.4, 26, -6
4175.5, 26, -6
4175.6, 26, -6
4175.7, 26, -6
4175.8, 26, -6
4175.9, 26, -6
4176, 26, -6
4176.1, 26, -6
4176.2, 26, -6
4176.3, 26, -6
4176.4, 26, -6
4176.5, 26, -6
4176.6, 26, -6
4176.7, 26, -6
4176.8, 26, -6
4176.9, 26, -5
4177, 26, -5
4177.1, 26, -5
4177.2, 26, -5
4177.3, 26, -5
4177.4, 26, -5
4177.5, 26, -6
4177.6, 26, -6
4177.7, 26, -6
4177.8, 26, -6
4177.9, 26, -6
4178, 26, -6
4178.1, 26, -6
4178.2, 26, -6
4178.3, 26, -6
4178.4, 26, -6
4178.5, 26, -6
4178.6, 26, -6
4178.7, 26, -6
4178.8, 26, -6
4178.9, 25, -6
4179, 25, -6
4179.1, 25, -6
4179.2, 25, -6
4179.3, 25, -6
4179.4, 25, -6
4179.5, 25, -6
4179.6, 25, -6
4179.7, 25, -6
4179.8, 25, -6
4179.9, 25, -6
4180, 25, -6
4180.1, 25, -6
4180.2, 25, -6
4180.3, 25, -6
4180.4, 25, -6
4180.5, 25, -6
4180.6, 25, -6
4180.7, 25, -6
4180.8, 25, -6
4180.9, 25, -6
4181, 25, -6
4181.1, 25, -6
4181.2, 25, -6
4181.3, 25, -6
4181.4, 25, -6
4181.5, 25, -5
4181.6, 25, -5
4181.7, 25, -5
4181.8, 25, -5
4181.9, 25, -5
4182, 25, -5
4182.1, 25, -5
4182.2, 25, -5
4182.3, 25, -6
4182.4, 25, -6
4182.5, 25, -6
4182.6, 25, -6
4182.7, 25, -6
4182.8, 25, -6
4182.9, 25, -6
4183, 25, -6
4183.1, 25, -6
4183.2, 25, -6
4183.3, 25, -6
4183.4, 25, -6
4183.5, 25, -6
4183.6, 25, -6
4183.7, 25, -6
4183.8, 25, -6
4183.9, 25, -6
4184, 25, -6
4184.1, 25, -6
4184.2, 25, -6
4184.3, 25, -6
4184.4, 25, -6
4184.5, 25, -6
4184.6, 25, -6
4184.7, 25, -6
4184.8, 25, -6
4184.9, 25, -5
4185, 25, -5
4185.1, 25, -5
4185.2, 25, -5
4185.3, 25, -5
4185.4, 25, -5
4185.5, 25, -5
4185.6, 25, -5
4185.7, 25, -5
4185.8, 25, -5
4185.9, 25, -5
4186, 25, -5
4186.1, 25, -5
4186.2, 25, -5
4186.3, 25, -5
4186.4, 25, -5
4186.5, 25, -5
4186.6, 25, -5
4186.7, 25, -5
4186.8, 25, -5
4186.9, 25, -5
4187, 25, -5
4187.1, 25, -5
4187.2, 25, -5
4187.3, 26, -5
4187.4, 26, -5
4187.5, 26, -5
4187.6, 26, -5
4187.7, 26, -5
4187.8, 26, -5
4187.9, 26, -5
4188, 26, -5
4188.1, 26, -5
4188.2, 26, -5
4188.3, 26, -5
4188.4, 26, -5
4188.5, 26, -5
4188.6, 26, -5
4188.7, 26, -5
4188.8, 26, -5
4188.9, 26, -5
4189, 26, -5
4189.1, 26, -5
4189.2, 26, -5
4189.3, 26, -5
4189.4, 26, -5
4189.5, 26, -5
4189.6, 26, -5
4189.7, 26, -5
4189.8, 26, -5
4189.9, 26, -5
4190, 26, -5
4190.1, 26, -5
4190.2, 26, -5
4190.3, 26, -5
4190.4, 26, -5
4190.5, 26, -5
4190.6, 26, -5
4190.7, 26, -5
4190.8, 26, -5
4190.9, 26, -5
4191, 26, -5
4191.1, 26, -5
4191.2, 26, -5
4191.3, 26, -5
4191.4, 26, -5
4191.5, 26, -5
4191.6, 26, -5
4191.7, 26, -5
4191.8, 26, -5
4191.9, 26, -5
4192, 26, -5
4192.1, 26, -5
4192.2, 26, -5
4192.3, 26, -5
4192.4, 26, -5
4192.5, 26, -5
4192.6, 26, -5
4192.7, 26, -5
4192.8, 26, -5
4192.9, 26, -5
4193, 26, -5
4193.1, 26, -5
4193.2, 26, -5
4193.3, 26, -5
4193.4, 26, -5
4193.5, 26, -5
4193.6, 26, -5
4193.7, 26, -5
4193.8, 26, -5
4193.9, 26, -5
4194, 26, -5
4194.1, 26, -5
4194.2, 26, -5
4194.3, 26, -5
4194.4, 26, -5
4194.5, 26, -5
4194.6, 26, -5
4194.7, 26, -5
4194.8, 26, -5
4194.9, 26, -5
4195, 26, -5
4195.1, 26, -5
4195.2, 26, -5
4195.3, 26, -5
4195.4, 26, -5
4195.5, 26, -5
4195.6, 26, -5
4195.7, 26, -5
4195.8, 26, -5
4195.9, 26, -5
4196, 26, -5
4196.1, 26, -5
4196.2, 26, -5
4196.3, 26, -5
4196.4, 26, -5
4196.5, 26, -5
4196.6, 26, -5
4196.7, 26, -5
4196.8, 26, -5
4196.9, 26, -5
4197, 26, -5
4197.1, 26, -6
4197.2, 26, -6
4197.3, 26, -6
4197.4, 26, -6
4197.5, 26, -6
4197.6, 26, -6
4197.7, 27, -6
4197.8, 27, -6
4197.9, 27, -6
4198, 27, -6
4198.1, 27, -6
4198.2, 27, -6
4198.3, 27, -6
4198.4, 27, -6
4198.5, 27, -6
4198.6, 27, -6
4198.7, 27, -6
4198.8, 27, -6
4198.9, 27, -6
4199, 27, -6
4199.1, 27, -6
4199.2, 27, -6
4199.3, 27, -6
4199.4, 27, -6
4199.5, 27, -6
4199.6, 27, -6
4199.7, 27, -6
4199.8, 27, -6
4199.9, 26, -6
4200, 26, -6
4200.1, 26, -6
4200.2, 26, -6
4200.3, 26, -6
4200.4, 26, -6
4200.5, 26, -6
4200.6, 26, -6
4200.7, 26, -6
4200.8, 26, -6
4200.9, 26, -6
4201, 26, -6
4201.1, 26, -6
4201.2, 26, -6
4201.3, 27, -6
4201.4, 27, -6
4201.5, 27, -6
4201.6, 27, -6
4201.7, 27, -6
4201.8, 27, -6
4201.9, 27, -6
4202, 27, -6
4202.1, 27, -6
4202.2, 27, -6
4202.3, 27, -6
4202.4, 27, -6
4202.5, 27, -6
4202.6, 27, -6
4202.7, 27, -6
4202.8, 27, -6
4202.9, 27, -6
4203, 27, -6
4203.1, 28, -6
4203.2, 28, -6
4203.3, 28, -6
4203.4, 28, -6
4203.5, 28, -6
4203.6, 28, -6
4203.7, 28, -6
4203.8, 28, -6
4203.9, 28, -7
4204, 28, -7
4204.1, 28, -7
4204.2, 28, -7
4204.3, 28, -7
4204.4, 28, -7
4204.5, 28, -7
4204.6, 28, -7
4204.7, 28, -7
4204.8, 28, -7
4204.9, 28, -7
4205, 28, -7
4205.1, 28, -7
4205.2, 28, -7
4205.3, 28, -7
4205.4, 28, -7
4205.5, 29, -7
4205.6, 29, -7
4205.7, 28, -7
4205.8, 28, -7
4205.9, 28, -7
4206, 28, -7
4206.1, 28, -7
4206.2, 28, -7
4206.3, 28, -8
4206.4, 28, -8
4206.5, 28, -8
4206.6, 28, -8
4206.7, 28, -8
4206.8, 28, -8
4206.9, 28, -8
4207, 28, -8
4207.1, 29, -8
4207.2, 29, -8
4207.3, 29, -8
4207.4, 29, -8
4207.5, 29, -8
4207.6, 29, -8
4207.7, 29, -8
4207.8, 29, -8
4207.9, 29, -8
4208, 29, -8
4208.1, 29, -8
4208.2, 29, -8
4208.3, 29, -8
4208.4, 29, -8
4208.5, 29, -8
4208.6, 29, -8
4208.7, 29, -8
4208.8, 29, -8
4208.9, 29, -7
4209, 29, -7
4209.1, 29, -7
4209.2, 29, -7
4209.3, 29, -7
4209.4, 29, -7
4209.5, 29, -7
4209.6, 29, -7
4209.7, 29, -7
4209.8, 29, -7
4209.9, 29, -7
4210, 29, -7
4210.1, 29, -7
4210.2, 29, -7
4210.3, 29, -7
4210.4, 29, -7
4210.5, 29, -7
4210.6, 29, -7
4210.7, 29, -7
4210.8, 29, -7
4210.9, 29, -7
4211, 29, -7
4211.1, 29, -7
4211.2, 29, -7
4211.3, 29, -7
4211.4, 29, -7
4211.5, 29, -7
4211.6, 29, -7
4211.7, 29, -7
4211.8, 29, -7
4211.9, 29, -7
4212, 29, -7
4212.1, 29, -7
4212.2, 29, -7
4212.3, 29, -7
4212.4, 29, -7
4212.5, 29, -7
4212.6, 29, -7
4212.7, 29, -7
4212.8, 29, -7
4212.9, 29, -7
4213, 29, -7
4213.1, 29, -7
4213.2, 29, -7
4213.3, 29, -7
4213.4, 29, -7
4213.5, 29, -7
4213.6, 29, -7
4213.7, 29, -7
4213.8, 29, -7
4213.9, 29, -7
4214, 29, -7
4214.1, 29, -7
4214.2, 29, -7
4214.3, 30, -7
4214.4, 30, -7
4214.5, 29, -7
4214.6, 29, -7
4214.7, 29, -7
4214.8, 29, -7
4214.9, 29, -7
4215, 29, -7
4215.1, 29, -7
4215.2, 29, -7
4215.3, 29, -7
4215.4, 29, -7
4215.5, 29, -7
4215.6, 29, -7
4215.7, 29, -7
4215.8, 29, -7
4215.9, 29, -7
4216, 29, -7
4216.1, 29, -7
4216.2, 29, -7
4216.3, 29, -7
4216.4, 29, -7
4216.5, 29, -7
4216.6, 29, -7
4216.7, 29, -7
4216.8, 29, -7
4216.9, 29, -7
4217, 29, -7
4217.1, 29, -7
4217.2, 29, -7
4217.3, 29, -7
4217.4, 29, -7
4217.5, 29, -7
4217.6, 29, -7
4217.7, 29, -7
4217.8, 29, -7
4217.9, 29, -7
4218, 29, -7
4218.1, 29, -7
4218.2, 29, -7
4218.3, 29, -7
4218.4, 29, -7
4218.5, 29, -7
4218.6, 29, -7
4218.7, 29, -7
4218.8, 29, -7
4218.9, 29, -8
4219, 29, -8
4219.1, 29, -8
4219.2, 29, -8
4219.3, 29, -8
4219.4, 29, -8
4219.5, 29, -8
4219.6, 29, -8
4219.7, 29, -8
4219.8, 29, -8
4219.9, 29, -8
4220, 29, -8
4220.1, 29, -8
4220.2, 29, -8
4220.3, 29, -8
4220.4, 29, -8
4220.5, 29, -8
4220.6, 29, -8
4220.7, 29, -8
4220.8, 29, -8
4220.9, 29, -8
4221, 29, -8
4221.1, 29, -8
4221.2, 29, -8
4221.3, 29, -8
4221.4, 29, -8
4221.5, 29, -8
4221.6, 29, -8
4221.7, 29, -8
4221.8, 29, -8
4221.9, 29, -8
4222, 29, -8
4222.1, 29, -8
4222.2, 29, -8
4222.3, 29, -7
4222.4, 29, -7
4222.5, 29, -7
4222.6, 29, -7
4222.7, 29, -7
4222.8, 29, -7
4222.9, 29, -7
4223, 29, -7
4223.1, 29, -7
4223.2, 29, -7
4223.3, 29, -7
4223.4, 29, -7
4223.5, 29, -7
4223.6, 29, -7
4223.7, 29, -6
4223.8, 29, -6
4223.9, 29, -6
4224, 29, -6
4224.1, 29, -6
4224.2, 29, -6
4224.3, 29, -6
4224.4, 29, -6
4224.5, 29, -6
4224.6, 29, -6
4224.7, 29, -6
4224.8, 29, -6
4224.9, 29, -6
4225, 29, -6
4225.1, 29, -6
4225.2, 29, -6
4225.3, 29, -6
4225.4, 29, -6
4225.5, 29, -6
4225.6, 29, -6
4225.7, 29, -6
4225.8, 29, -6
4225.9, 29, -6
4226, 29, -6
4226.1, 29, -6
4226.2, 29, -6
4226.3, 29, -6
4226.4, 29, -6
4226.5, 29, -6
4226.6, 29, -6
4226.7, 29, -6
4226.8, 29, -6
4226.9, 29, -6
4227, 29, -6
4227.1, 29, -6
4227.2, 29, -6
4227.3, 29, -6
4227.4, 29, -6
4227.5, 29, -6
4227.6, 29, -6
4227.7, 29, -6
4227.8, 29, -6
4227.9, 29, -6
4228, 29, -6
4228.1, 29, -6
4228.2, 29, -6
4228.3, 29, -6
4228.4, 29, -6
4228.5, 29, -6
4228.6, 29, -6
4228.7, 29, -6
4228.8, 29, -6
4228.9, 29, -6
4229, 29, -6
4229.1, 29, -6
4229.2, 29, -6
4229.3, 30, -6
4229.4, 30, -6
4229.5, 30, -6
4229.6, 30, -6
4229.7, 30, -6
4229.8, 30, -6
4229.9, 30, -6
4230, 30, -6
4230.1, 30, -6
4230.2, 30, -6
4230.3, 30, -6
4230.4, 30, -6
4230.5, 30, -6
4230.6, 30, -6
4230.7, 30, -6
4230.8, 30, -6
4230.9, 30, -6
4231, 30, -6
4231.1, 30, -6
4231.2, 30, -6
4231.3, 30, -6
4231.4, 30, -6
4231.5, 30, -6
4231.6, 30, -6
4231.7, 30, -6
4231.8, 30, -6
4231.9, 30, -5
4232, 30, -5
4232.1, 30, -5
4232.2, 30, -5
4232.3, 30, -5
4232.4, 30, -5
4232.5, 30, -5
4232.6, 30, -5
4232.7, 30, -5
4232.8, 30, -5
4232.9, 30, -5
4233, 30, -5
4233.1, 30, -5
4233.2, 30, -5
4233.3, 30, -5
4233.4, 30, -5
4233.5, 30, -5
4233.6, 30, -5
4233.7, 30, -5
4233.8, 30, -5
4233.9, 30, -5
4234, 30, -5
4234.1, 30, -5
4234.2, 30, -5
4234.3, 30, -5
4234.4, 30, -5
4234.5, 30, -5
4234.6, 30, -5
4234.7, 30, -5
4234.8, 30, -5
4234.9, 30, -4
4235, 30, -4
4235.1, 30, -5
4235.2, 30, -5
4235.3, 30, -5
4235.4, 30, -5
4235.5, 30, -5
4235.6, 30, -5
4235.7, 30, -5
4235.8, 30, -5
4235.9, 30, -5
4236, 30, -5
4236.1, 30, -5
4236.2, 30, -5
4236.3, 30, -6
4236.4, 30, -6
4236.5, 30, -6
4236.6, 30, -6
4236.7, 30, -6
4236.8, 30, -6
4236.9, 30, -6
4237, 30, -6
4237.1, 30, -6
4237.2, 30, -6
4237.3, 30, -6
4237.4, 30, -6
4237.5, 30, -6
4237.6, 30, -6
4237.7, 30, -6
4237.8, 30, -6
4237.9, 30, -6
4238, 30, -6
4238.1, 30, -6
4238.2, 30, -6
4238.3, 29, -6
4238.4, 29, -6
4238.5, 29, -6
4238.6, 29, -6
4238.7, 29, -7
4238.8, 29, -7
4238.9, 29, -7
4239, 29, -7
4239.1, 29, -7
4239.2, 29, -7
4239.3, 29, -8
4239.4, 29, -8
4239.5, 29, -8
4239.6, 29, -8
4239.7, 29, -8
4239.8, 29, -8
4239.9, 29, -8
4240, 29, -8
4240.1, 29, -8
4240.2, 29, -8
4240.3, 29, -8
4240.4, 29, -8
4240.5, 29, -8
4240.6, 29, -8
4240.7, 29, -8
4240.8, 29, -8
4240.9, 29, -8
4241, 29, -8
4241.1, 29, -8
4241.2, 29, -8
4241.3, 29, -8
4241.4, 29, -8
4241.5, 29, -8
4241.6, 29, -8
4241.7, 29, -8
4241.8, 29, -8
4241.9, 29, -8
4242, 29, -8
4242.1, 29, -8
4242.2, 29, -8
4242.3, 29, -8
4242.4, 29, -8
4242.5, 29, -8
4242.6, 29, -8
4242.7, 29, -8
4242.8, 29, -8
4242.9, 28, -8
4243, 28, -8
4243.1, 28, -8
4243.2, 28, -8
4243.3, 28, -7
4243.4, 28, -7
4243.5, 28, -7
4243.6, 28, -7
4243.7, 28, -7
4243.8, 28, -7
4243.9, 28, -7
4244, 28, -7
4244.1, 28, -7
4244.2, 28, -7
4244.3, 28, -7
4244.4, 28, -7
4244.5, 28, -7
4244.6, 28, -7
4244.7, 28, -7
4244.8, 28, -7
4244.9, 28, -7
4245, 28, -7
4245.1, 28, -7
4245.2, 28, -7
4245.3, 28, -7
4245.4, 28, -7
4245.5, 28, -7
4245.6, 28, -7
4245.7, 28, -7
4245.8, 28, -7
4245.9, 28, -7
4246, 28, -7
4246.1, 28, -7
4246.2, 28, -7
4246.3, 28, -7
4246.4, 28, -7
4246.5, 28, -7
4246.6, 28, -7
4246.7, 28, -8
4246.8, 28, -8
4246.9, 28, -8
4247, 28, -8
4247.1, 28, -8
4247.2, 28, -8
4247.3, 28, -8
4247.4, 28, -8
4247.5, 28, -8
4247.6, 28, -8
4247.7, 28, -8
4247.8, 28, -8
4247.9, 28, -8
4248, 28, -8
4248.1, 28, -8
4248.2, 28, -8
4248.3, 28, -8
4248.4, 28, -8
4248.5, 28, -8
4248.6, 28, -8
4248.7, 28, -8
4248.8, 28, -8
4248.9, 28, -8
4249, 28, -8
4249.1, 27, -8
4249.2, 27, -8
4249.3, 27, -8
4249.4, 27, -8
4249.5, 27, -8
4249.6, 27, -8
4249.7, 27, -8
4249.8, 27, -8
4249.9, 27, -8
4250, 27, -8
4250.1, 27, -8
4250.2, 27, -8
4250.3, 27, -8
4250.4, 27, -8
4250.5, 27, -8
4250.6, 27, -8
4250.7, 27, -8
4250.8, 27, -8
4250.9, 27, -8
4251, 27, -8
4251.1, 27, -8
4251.2, 27, -8
4251.3, 27, -8
4251.4, 27, -8
4251.5, 27, -8
4251.6, 27, -8
4251.7, 27, -8
4251.8, 27, -8
4251.9, 27, -9
4252, 27, -9
4252.1, 27, -9
4252.2, 27, -9
4252.3, 27, -8
4252.4, 27, -8
4252.5, 27, -8
4252.6, 27, -8
4252.7, 27, -8
4252.8, 27, -8
4252.9, 27, -8
4253, 27, -8
4253.1, 27, -7
4253.2, 27, -7
4253.3, 27, -7
4253.4, 27, -7
4253.5, 27, -7
4253.6, 27, -7
4253.7, 27, -7
4253.8, 27, -7
4253.9, 28, -7
4254, 28, -7
4254.1, 28, -8
4254.2, 28, -8
4254.3, 28, -8
4254.4, 28, -8
4254.5, 28, -8
4254.6, 28, -8
4254.7, 28, -8
4254.8, 28, -8
4254.9, 28, -8
4255, 28, -8
4255.1, 28, -8
4255.2, 28, -8
4255.3, 28, -8
4255.4, 28, -8
4255.5, 28, -8
4255.6, 28, -8
4255.7, 28, -8
4255.8, 28, -8
4255.9, 28, -8
4256, 28, -8
4256.1, 28, -8
4256.2, 28, -8
4256.3, 28, -8
4256.4, 28, -8
4256.5, 28, -8
4256.6, 28, -8
4256.7, 28, -8
4256.8, 28, -8
4256.9, 28, -8
4257, 28, -8
4257.1, 28, -8
4257.2, 28, -8
4257.3, 28, -8
4257.4, 28, -8
4257.5, 28, -8
4257.6, 28, -8
4257.7, 28, -8
4257.8, 28, -8
4257.9, 28, -8
4258, 28, -8
4258.1, 28, -8
4258.2, 28, -8
4258.3, 28, -8
4258.4, 28, -8
4258.5, 28, -8
4258.6, 28, -8
4258.7, 28, -8
4258.8, 28, -8
4258.9, 28, -8
4259, 28, -8
4259.1, 28, -8
4259.2, 28, -8
4259.3, 28, -8
4259.4, 28, -8
4259.5, 28, -8
4259.6, 28, -8
4259.7, 28, -8
4259.8, 28, -8
4259.9, 28, -8
4260, 28, -8
4260.1, 28, -8
4260.2, 28, -8
4260.3, 28, -8
4260.4, 28, -8
4260.5, 28, -8
4260.6, 28, -8
4260.7, 28, -8
4260.8, 28, -8
4260.9, 28, -8
4261, 28, -8
4261.1, 28, -8
4261.2, 28, -8
4261.3, 28, -8
4261.4, 28, -8
4261.5, 28, -8
4261.6, 28, -8
4261.7, 28, -8
4261.8, 28, -8
4261.9, 28, -8
4262, 28, -8
4262.1, 28, -7
4262.2, 28, -7
4262.3, 28, -7
4262.4, 28, -7
4262.5, 28, -7
4262.6, 28, -7
4262.7, 28, -7
4262.8, 28, -7
4262.9, 28, -7
4263, 28, -7
4263.1, 28, -7
4263.2, 28, -7
4263.3, 28, -7
4263.4, 28, -7
4263.5, 28, -7
4263.6, 28, -7
4263.7, 28, -7
4263.8, 28, -7
4263.9, 28, -7
4264, 28, -7
4264.1, 28, -7
4264.2, 28, -7
4264.3, 28, -7
4264.4, 28, -7
4264.5, 28, -7
4264.6, 28, -7
4264.7, 28, -7
4264.8, 28, -7
4264.9, 28, -7
4265, 28, -7
4265.1, 28, -7
4265.2, 28, -7
4265.3, 28, -7
4265.4, 28, -7
4265.5, 28, -6
4265.6, 28, -6
4265.7, 28, -6
4265.8, 28, -6
4265.9, 28, -6
4266, 28, -6
4266.1, 28, -6
4266.2, 28, -6
4266.3, 28, -6
4266.4, 28, -6
4266.5, 28, -6
4266.6, 28, -6
4266.7, 28, -6
4266.8, 28, -6
4266.9, 28, -6
4267, 28, -6
4267.1, 28, -6
4267.2, 28, -6
4267.3, 28, -6
4267.4, 28, -6
4267.5, 28, -6
4267.6, 28, -6
4267.7, 28, -6
4267.8, 28, -6
4267.9, 28, -6
4268, 28, -6
4268.1, 28, -6
4268.2, 28, -6
4268.3, 28, -6
4268.4, 28, -6
4268.5, 28, -6
4268.6, 28, -6
4268.7, 28, -6
4268.8, 28, -6
4268.9, 28, -6
4269, 28, -6
4269.1, 28, -6
4269.2, 28, -6
4269.3, 28, -7
4269.4, 28, -7
4269.5, 28, -7
4269.6, 28, -7
4269.7, 28, -7
4269.8, 28, -7
4269.9, 28, -7
4270, 28, -7
4270.1, 28, -7
4270.2, 28, -7
4270.3, 28, -7
4270.4, 28, -7
4270.5, 28, -7
4270.6, 28, -7
4270.7, 28, -7
4270.8, 28, -7
4270.9, 28, -7
4271, 28, -7
4271.1, 28, -6
4271.2, 28, -6
4271.3, 28, -6
4271.4, 28, -6
4271.5, 28, -6
4271.6, 28, -6
4271.7, 28, -6
4271.8, 28, -6
4271.9, 29, -6
4272, 29, -6
4272.1, 29, -6
4272.2, 29, -6
4272.3, 29, -6
4272.4, 29, -6
4272.5, 29, -6
4272.6, 29, -6
4272.7, 29, -6
4272.8, 29, -6
4272.9, 29, -6
4273, 29, -6
4273.1, 29, -6
4273.2, 29, -6
4273.3, 29, -6
4273.4, 29, -6
4273.5, 29, -6
4273.6, 29, -6
4273.7, 29, -6
4273.8, 29, -6
4273.9, 29, -6
4274, 29, -6
4274.1, 29, -6
4274.2, 29, -6
4274.3, 29, -6
4274.4, 29, -6
4274.5, 29, -6
4274.6, 29, -6
4274.7, 29, -6
4274.8, 29, -6
4274.9, 29, -6
4275, 29, -6
4275.1, 29, -6
4275.2, 29, -6
4275.3, 29, -6
4275.4, 29, -6
4275.5, 29, -6
4275.6, 29, -6
4275.7, 29, -6
4275.8, 29, -6
4275.9, 29, -6
4276, 29, -6
4276.1, 29, -6
4276.2, 29, -6
4276.3, 29, -6
4276.4, 29, -6
4276.5, 29, -5
4276.6, 29, -5
4276.7, 30, -5
4276.8, 30, -5
4276.9, 30, -6
4277, 30, -6
4277.1, 30, -6
4277.2, 30, -6
4277.3, 30, -6
4277.4, 30, -6
4277.5, 30, -6
4277.6, 30, -6
4277.7, 30, -6
4277.8, 30, -6
4277.9, 30, -6
4278, 30, -6
4278.1, 30, -6
4278.2, 30, -6
4278.3, 30, -6
4278.4, 30, -6
4278.5, 30, -6
4278.6, 30, -6
4278.7, 30, -6
4278.8, 30, -6
4278.9, 30, -6
4279, 30, -6
4279.1, 30, -6
4279.2, 30, -6
4279.3, 30, -6
4279.4, 30, -6
4279.5, 30, -6
4279.6, 30, -6
4279.7, 30, -6
4279.8, 30, -6
4279.9, 30, -6
4280, 30, -6
4280.1, 30, -6
4280.2, 30, -6
4280.3, 30, -6
4280.4, 30, -6
4280.5, 30, -6
4280.6, 30, -6
4280.7, 30, -6
4280.8, 30, -6
4280.9, 30, -6
4281, 30, -6
4281.1, 30, -6
4281.2, 30, -6
4281.3, 30, -6
4281.4, 30, -6
4281.5, 30, -6
4281.6, 30, -6
4281.7, 30, -6
4281.8, 30, -6
4281.9, 30, -6
4282, 30, -6
4282.1, 30, -5
4282.2, 30, -5
4282.3, 30, -5
4282.4, 30, -5
4282.5, 30, -5
4282.6, 30, -5
4282.7, 30, -5
4282.8, 30, -5
4282.9, 30, -5
4283, 30, -5
4283.1, 30, -5
4283.2, 30, -5
4283.3, 30, -5
4283.4, 30, -5
4283.5, 30, -5
4283.6, 30, -5
4283.7, 30, -5
4283.8, 30, -5
4283.9, 31, -5
4284, 31, -5
4284.1, 31, -5
4284.2, 31, -5
4284.3, 31, -5
4284.4, 31, -5
4284.5, 31, -6
4284.6, 31, -6
4284.7, 31, -6
4284.8, 31, -6
4284.9, 31, -6
4285, 31, -6
4285.1, 31, -6
4285.2, 31, -6
4285.3, 31, -6
4285.4, 31, -6
4285.5, 31, -6
4285.6, 31, -6
4285.7, 31, -6
4285.8, 31, -6
4285.9, 31, -6
4286, 31, -6
4286.1, 31, -6
4286.2, 31, -6
4286.3, 31, -6
4286.4, 31, -6
4286.5, 31, -6
4286.6, 31, -6
4286.7, 31, -6
4286.8, 31, -6
4286.9, 30, -6
4287, 30, -6
4287.1, 30, -6
4287.2, 30, -6
4287.3, 30, -6
4287.4, 30, -6
4287.5, 30, -6
4287.6, 30, -6
4287.7, 30, -6
4287.8, 30, -6
4287.9, 31, -6
4288, 31, -6
4288.1, 31, -6
4288.2, 31, -6
4288.3, 31, -6
4288.4, 31, -6
4288.5, 31, -6
4288.6, 31, -6
4288.7, 31, -6
4288.8, 31, -6
4288.9, 31, -6
4289, 31, -6
4289.1, 31, -6
4289.2, 31, -6
4289.3, 31, -7
4289.4, 31, -7
4289.5, 31, -8
4289.6, 31, -8
4289.7, 31, -8
4289.8, 31, -8
4289.9, 31, -8
4290, 31, -8
4290.1, 31, -8
4290.2, 31, -8
4290.3, 30, -8
4290.4, 30, -8
4290.5, 30, -8
4290.6, 30, -8
4290.7, 30, -8
4290.8, 30, -8
4290.9, 30, -8
4291, 30, -8
4291.1, 30, -8
4291.2, 30, -8
4291.3, 30, -8
4291.4, 30, -8
4291.5, 30, -8
4291.6, 30, -8
4291.7, 30, -8
4291.8, 30, -8
4291.9, 30, -8
4292, 30, -8
4292.1, 30, -8
4292.2, 30, -8
4292.3, 30, -8
4292.4, 30, -8
4292.5, 30, -8
4292.6, 30, -8
4292.7, 30, -8
4292.8, 30, -8
4292.9, 30, -8
4293, 30, -8
4293.1, 30, -8
4293.2, 30, -8
4293.3, 30, -8
4293.4, 30, -8
4293.5, 30, -8
4293.6, 30, -8
4293.7, 30, -8
4293.8, 30, -8
4293.9, 30, -8
4294, 30, -8
4294.1, 30, -8
4294.2, 30, -8
4294.3, 30, -8
4294.4, 30, -8
4294.5, 30, -8
4294.6, 30, -8
4294.7, 30, -8
4294.8, 30, -8
4294.9, 30, -8
4295, 30, -8
4295.1, 30, -8
4295.2, 30, -8
4295.3, 30, -8
4295.4, 30, -8
4295.5, 30, -8
4295.6, 30, -8
4295.7, 30, -8
4295.8, 30, -8
4295.9, 30, -8
4296, 30, -8
4296.1, 30, -8
4296.2, 30, -8
4296.3, 30, -8
4296.4, 30, -8
4296.5, 30, -8
4296.6, 30, -8
4296.7, 30, -8
4296.8, 30, -8
4296.9, 30, -8
4297, 30, -8
4297.1, 30, -8
4297.2, 30, -8
4297.3, 30, -8
4297.4, 30, -8
4297.5, 30, -8
4297.6, 30, -8
4297.7, 30, -8
4297.8, 30, -8
4297.9, 30, -8
4298, 30, -8
4298.1, 30, -8
4298.2, 30, -8
4298.3, 30, -8
4298.4, 30, -8
4298.5, 29, -8
4298.6, 29, -8
4298.7, 29, -8
4298.8, 29, -8
4298.9, 29, -8
4299, 29, -8
4299.1, 29, -8
4299.2, 29, -8
4299.3, 29, -8
4299.4, 29, -8
4299.5, 29, -8
4299.6, 29, -8
4299.7, 29, -8
4299.8, 29, -8
4299.9, 29, -8
4300, 29, -8
4300.1, 29, -8
4300.2, 29, -8
4300.3, 29, -8
4300.4, 29, -8
4300.5, 29, -8
4300.6, 29, -8
4300.7, 29, -8
4300.8, 29, -8
4300.9, 29, -8
4301, 29, -8
4301.1, 29, -8
4301.2, 29, -8
4301.3, 29, -8
4301.4, 29, -8
4301.5, 29, -8
4301.6, 29, -8
4301.7, 29, -8
4301.8, 29, -8
4301.9, 29, -8
4302, 29, -8
4302.1, 29, -8
4302.2, 29, -8
4302.3, 29, -9
4302.4, 29, -9
4302.5, 29, -9
4302.6, 29, -9
4302.7, 29, -9
4302.8, 29, -9
4302.9, 29, -9
4303, 29, -9
4303.1, 29, -9
4303.2, 29, -9
4303.3, 29, -9
4303.4, 29, -9
4303.5, 29, -9
4303.6, 29, -9
4303.7, 29, -9
4303.8, 29, -9
4303.9, 29, -9
4304, 29, -9
4304.1, 29, -9
4304.2, 29, -9
4304.3, 29, -9
4304.4, 29, -9
4304.5, 29, -9
4304.6, 29, -9
4304.7, 29, -9
4304.8, 29, -9
4304.9, 29, -9
4305, 29, -9
4305.1, 29, -9
4305.2, 29, -9
4305.3, 29, -9
4305.4, 29, -9
4305.5, 29, -9
4305.6, 29, -9
4305.7, 29, -9
4305.8, 29, -9
4305.9, 29, -9
4306, 29, -9
4306.1, 29, -9
4306.2, 29, -9
4306.3, 29, -9
4306.4, 29, -9
4306.5, 29, -9
4306.6, 29, -9
4306.7, 29, -9
4306.8, 29, -9
4306.9, 29, -9
4307, 29, -9
4307.1, 29, -9
4307.2, 29, -9
4307.3, 29, -9
4307.4, 29, -9
4307.5, 29, -9
4307.6, 29, -9
4307.7, 29, -9
4307.8, 29, -9
4307.9, 29, -9
4308, 29, -9
4308.1, 29, -9
4308.2, 29, -9
4308.3, 29, -9
4308.4, 29, -9
4308.5, 29, -9
4308.6, 29, -9
4308.7, 29, -9
4308.8, 29, -9
4308.9, 29, -9
4309, 29, -9
4309.1, 29, -9
4309.2, 29, -9
4309.3, 29, -9
4309.4, 29, -9
4309.5, 29, -9
4309.6, 29, -9
4309.7, 29, -9
4309.8, 29, -9
4309.9, 29, -9
4310, 29, -9
4310.1, 29, -9
4310.2, 29, -9
4310.3, 29, -9
4310.4, 29, -9
4310.5, 29, -9
4310.6, 29, -9
4310.7, 29, -9
4310.8, 29, -9
4310.9, 29, -9
4311, 29, -9
4311.1, 29, -9
4311.2, 29, -9
4311.3, 29, -9
4311.4, 29, -9
4311.5, 29, -9
4311.6, 29, -9
4311.7, 29, -9
4311.8, 29, -9
4311.9, 29, -9
4312, 29, -9
4312.1, 29, -9
4312.2, 29, -9
4312.3, 29, -9
4312.4, 29, -9
4312.5, 29, -9
4312.6, 29, -9
4312.7, 29, -9
4312.8, 29, -9
4312.9, 29, -9
4313, 29, -9
4313.1, 29, -9
4313.2, 29, -9
4313.3, 29, -8
4313.4, 29, -8
4313.5, 29, -8
4313.6, 29, -8
4313.7, 29, -8
4313.8, 29, -8
4313.9, 29, -8
4314, 29, -8
4314.1, 29, -7
4314.2, 29, -7
4314.3, 29, -7
4314.4, 29, -7
4314.5, 29, -7
4314.6, 29, -7
4314.7, 29, -7
4314.8, 29, -7
4314.9, 29, -7
4315, 29, -7
4315.1, 29, -7
4315.2, 29, -7
4315.3, 29, -7
4315.4, 29, -7
4315.5, 29, -7
4315.6, 29, -7
4315.7, 29, -7
4315.8, 29, -7
4315.9, 29, -7
4316, 29, -7
4316.1, 29, -7
4316.2, 29, -7
4316.3, 29, -7
4316.4, 29, -7
4316.5, 29, -7
4316.6, 29, -7
4316.7, 29, -7
4316.8, 29, -7
4316.9, 28, -7
4317, 28, -7
4317.1, 28, -7
4317.2, 28, -7
4317.3, 28, -8
4317.4, 28, -8
4317.5, 28, -8
4317.6, 28, -8
4317.7, 28, -8
4317.8, 28, -8
4317.9, 28, -8
4318, 28, -8
4318.1, 28, -8
4318.2, 28, -8
4318.3, 28, -8
4318.4, 28, -8
4318.5, 28, -8
4318.6, 28, -8
4318.7, 28, -8
4318.8, 28, -8
4318.9, 28, -8
4319, 28, -8
4319.1, 28, -8
4319.2, 28, -8
4319.3, 28, -8
4319.4, 28, -8
4319.5, 28, -8
4319.6, 28, -8
4319.7, 28, -8
4319.8, 28, -8
4319.9, 28, -8
4320, 28, -8
4320.1, 28, -8
4320.2, 28, -8
4320.3, 28, -8
4320.4, 28, -8
4320.5, 28, -8
4320.6, 28, -8
4320.7, 28, -8
4320.8, 28, -8
4320.9, 28, -8
4321, 28, -8
4321.1, 28, -8
4321.2, 28, -8
4321.3, 28, -8
4321.4, 28, -8
4321.5, 28, -8
4321.6, 28, -8
4321.7, 28, -8
4321.8, 28, -8
4321.9, 28, -8
4322, 28, -8
4322.1, 28, -8
4322.2, 28, -8
4322.3, 28, -8
4322.4, 28, -8
4322.5, 28, -8
4322.6, 28, -8
4322.7, 28, -8
4322.8, 28, -8
4322.9, 28, -8
4323, 28, -8
4323.1, 28, -8
4323.2, 28, -8
4323.3, 28, -8
4323.4, 28, -8
4323.5, 28, -8
4323.6, 28, -8
4323.7, 28, -8
4323.8, 28, -8
4323.9, 28, -8
4324, 28, -8
4324.1, 28, -8
4324.2, 28, -8
4324.3, 28, -8
4324.4, 28, -8
4324.5, 28, -8
4324.6, 28, -8
4324.7, 28, -8
4324.8, 28, -8
4324.9, 28, -7
4325, 28, -7
4325.1, 28, -7
4325.2, 28, -7
4325.3, 28, -7
4325.4, 28, -7
4325.5, 28, -7
4325.6, 28, -7
4325.7, 28, -7
4325.8, 28, -7
4325.9, 28, -7
4326, 28, -7
4326.1, 28, -7
4326.2, 28, -7
4326.3, 28, -7
4326.4, 28, -7
4326.5, 28, -7
4326.6, 28, -7
4326.7, 28, -7
4326.8, 28, -7
4326.9, 27, -7
4327, 27, -7
4327.1, 27, -7
4327.2, 27, -7
4327.3, 27, -7
4327.4, 27, -7
4327.5, 27, -7
4327.6, 27, -7
4327.7, 27, -7
4327.8, 27, -7
4327.9, 27, -7
4328, 27, -7
4328.1, 27, -7
4328.2, 27, -7
4328.3, 27, -7
4328.4, 27, -7
4328.5, 27, -7
4328.6, 27, -7
4328.7, 27, -6
4328.8, 27, -6
4328.9, 27, -6
4329, 27, -6
4329.1, 27, -6
4329.2, 27, -6
4329.3, 27, -6
4329.4, 27, -6
4329.5, 27, -6
4329.6, 27, -6
4329.7, 27, -6
4329.8, 27, -6
4329.9, 27, -6
4330, 27, -6
4330.1, 27, -6
4330.2, 27, -6
4330.3, 27, -6
4330.4, 27, -6
4330.5, 27, -6
4330.6, 27, -6
4330.7, 27, -6
4330.8, 27, -6
4330.9, 27, -6
4331, 27, -6
4331.1, 27, -6
4331.2, 27, -6
4331.3, 27, -6
4331.4, 27, -6
4331.5, 27, -6
4331.6, 27, -6
4331.7, 27, -6
4331.8, 27, -6
4331.9, 27, -6
4332, 27, -6
4332.1, 26, -6
4332.2, 26, -6
4332.3, 26, -6
4332.4, 26, -6
4332.5, 26, -6
4332.6, 26, -6
4332.7, 26, -6
4332.8, 26, -6
4332.9, 26, -5
4333, 26, -5
4333.1, 26, -5
4333.2, 26, -5
4333.3, 26, -5
4333.4, 26, -5
4333.5, 26, -5
4333.6, 26, -5
4333.7, 26, -5
4333.8, 26, -5
4333.9, 26, -5
4334, 26, -5
4334.1, 26, -5
4334.2, 26, -5
4334.3, 27, -5
4334.4, 27, -5
4334.5, 27, -5
4334.6, 27, -5
4334.7, 27, -5
4334.8, 27, -5
4334.9, 28, -5
4335, 28, -5
4335.1, 28, -5
4335.2, 28, -5
4335.3, 28, -5
4335.4, 28, -5
4335.5, 28, -5
4335.6, 28, -5
4335.7, 28, -5
4335.8, 28, -5
4335.9, 28, -5
4336, 28, -5
4336.1, 28, -5
4336.2, 28, -5
4336.3, 28, -5
4336.4, 28, -5
4336.5, 28, -5
4336.6, 28, -5
4336.7, 28, -6
4336.8, 28, -6
4336.9, 28, -6
4337, 28, -6
4337.1, 28, -6
4337.2, 28, -6
4337.3, 28, -6
4337.4, 28, -6
4337.5, 29, -6
4337.6, 29, -6
4337.7, 29, -6
4337.8, 29, -6
4337.9, 29, -6
4338, 29, -6
4338.1, 29, -5
4338.2, 29, -5
4338.3, 29, -5
4338.4, 29, -5
4338.5, 29, -5
4338.6, 29, -5
4338.7, 29, -5
4338.8, 29, -5
4338.9, 29, -5
4339, 29, -5
4339.1, 29, -5
4339.2, 29, -5
4339.3, 29, -5
4339.4, 29, -5
4339.5, 29, -5
4339.6, 29, -5
4339.7, 29, -5
4339.8, 29, -5
4339.9, 29, -5
4340, 29, -5
4340.1, 29, -5
4340.2, 29, -5
4340.3, 29, -5
4340.4, 29, -5
4340.5, 29, -5
4340.6, 29, -5
4340.7, 29, -5
4340.8, 29, -5
4340.9, 29, -5
4341, 29, -5
4341.1, 29, -5
4341.2, 29, -5
4341.3, 29, -5
4341.4, 29, -5
4341.5, 29, -5
4341.6, 29, -5
4341.7, 29, -5
4341.8, 29, -5
4341.9, 29, -5
4342, 29, -5
4342.1, 29, -5
4342.2, 29, -5
4342.3, 29, -5
4342.4, 29, -5
4342.5, 29, -5
4342.6, 29, -5
4342.7, 29, -5
4342.8, 29, -5
4342.9, 29, -5
4343, 29, -5
4343.1, 29, -5
4343.2, 29, -5
4343.3, 29, -5
4343.4, 29, -5
4343.5, 29, -5
4343.6, 29, -5
4343.7, 29, -5
4343.8, 29, -5
4343.9, 29, -5
4344, 29, -5
4344.1, 29, -5
4344.2, 29, -5
4344.3, 29, -5
4344.4, 29, -5
4344.5, 29, -5
4344.6, 29, -5
4344.7, 29, -5
4344.8, 29, -5
4344.9, 28, -5
4345, 28, -5
4345.1, 29, -5
4345.2, 29, -5
4345.3, 29, -5
4345.4, 29, -5
4345.5, 29, -5
4345.6, 29, -5
4345.7, 28, -5
4345.8, 28, -5
4345.9, 28, -5
4346, 28, -5
4346.1, 28, -5
4346.2, 28, -5
4346.3, 29, -5
4346.4, 29, -5
4346.5, 29, -5
4346.6, 29, -5
4346.7, 29, -5
4346.8, 29, -5
4346.9, 30, -5
4347, 30, -5
4347.1, 30, -5
4347.2, 30, -5
4347.3, 30, -5
4347.4, 30, -5
4347.5, 30, -5
4347.6, 30, -5
4347.7, 30, -5
4347.8, 30, -5
4347.9, 30, -5
4348, 30, -5
4348.1, 30, -5
4348.2, 30, -5
4348.3, 30, -5
4348.4, 30, -5
4348.5, 30, -5
4348.6, 30, -5
4348.7, 30, -5
4348.8, 30, -5
4348.9, 30, -5
4349, 30, -5
4349.1, 30, -6
4349.2, 30, -6
4349.3, 30, -6
4349.4, 30, -6
4349.5, 30, -6
4349.6, 30, -6
4349.7, 30, -6
4349.8, 30, -6
4349.9, 30, -6
4350, 30, -6
4350.1, 30, -6
4350.2, 30, -6
4350.3, 30, -6
4350.4, 30, -6
4350.5, 30, -6
4350.6, 30, -6
4350.7, 30, -5
4350.8, 30, -5
4350.9, 30, -5
4351, 30, -5
4351.1, 30, -5
4351.2, 30, -5
4351.3, 30, -5
4351.4, 30, -5
4351.5, 30, -5
4351.6, 30, -5
4351.7, 30, -5
4351.8, 30, -5
4351.9, 30, -6
4352, 30, -6
4352.1, 30, -6
4352.2, 30, -6
4352.3, 30, -6
4352.4, 30, -6
4352.5, 30, -6
4352.6, 30, -6
4352.7, 30, -6
4352.8, 30, -6
4352.9, 30, -6
4353, 30, -6
4353.1, 30, -6
4353.2, 30, -6
4353.3, 29, -6
4353.4, 29, -6
4353.5, 29, -6
4353.6, 29, -6
4353.7, 30, -6
4353.8, 30, -6
4353.9, 30, -6
4354, 30, -6
4354.1, 30, -7
4354.2, 30, -7
4354.3, 29, -7
4354.4, 29, -7
4354.5, 29, -6
4354.6, 29, -6
4354.7, 29, -6
4354.8, 29, -6
4354.9, 29, -6
4355, 29, -6
4355.1, 29, -6
4355.2, 29, -6
4355.3, 29, -5
4355.4, 29, -5
4355.5, 29, -5
4355.6, 29, -5
4355.7, 29, -5
4355.8, 29, -5
4355.9, 29, -5
4356, 29, -5
4356.1, 29, -5
4356.2, 29, -5
4356.3, 29, -5
4356.4, 29, -5
4356.5, 29, -5
4356.6, 29, -5
4356.7, 29, -5
4356.8, 29, -5
4356.9, 29, -5
4357, 29, -5
4357.1, 29, -5
4357.2, 29, -5
4357.3, 29, -5
4357.4, 29, -5
4357.5, 29, -5
4357.6, 29, -5
4357.7, 29, -5
4357.8, 29, -5
4357.9, 29, -5
4358, 29, -5
4358.1, 29, -5
4358.2, 29, -5
4358.3, 29, -5
4358.4, 29, -5
4358.5, 29, -5
4358.6, 29, -5
4358.7, 29, -5
4358.8, 29, -5
4358.9, 29, -5
4359, 29, -5
4359.1, 29, -5
4359.2, 29, -5
4359.3, 29, -5
4359.4, 29, -5
4359.5, 29, -5
4359.6, 29, -5
4359.7, 29, -5
4359.8, 29, -5
4359.9, 29, -5
4360, 29, -5
4360.1, 29, -5
4360.2, 29, -5
4360.3, 29, -5
4360.4, 29, -5
4360.5, 29, -5
4360.6, 29, -5
4360.7, 29, -5
4360.8, 29, -5
4360.9, 29, -5
4361, 29, -5
4361.1, 29, -5
4361.2, 29, -5
4361.3, 29, -5
4361.4, 29, -5
4361.5, 29, -5
4361.6, 29, -5
4361.7, 29, -5
4361.8, 29, -5
4361.9, 29, -5
4362, 29, -5
4362.1, 29, -5
4362.2, 29, -5
4362.3, 29, -5
4362.4, 29, -5
4362.5, 29, -5
4362.6, 29, -5
4362.7, 29, -5
4362.8, 29, -5
4362.9, 29, -5
4363, 29, -5
4363.1, 29, -5
4363.2, 29, -5
4363.3, 29, -5
4363.4, 29, -5
4363.5, 29, -5
4363.6, 29, -5
4363.7, 29, -4
4363.8, 29, -4
4363.9, 29, -4
4364, 29, -4
4364.1, 29, -4
4364.2, 29, -4
4364.3, 29, -4
4364.4, 29, -4
4364.5, 29, -4
4364.6, 29, -4
4364.7, 29, -4
4364.8, 29, -4
4364.9, 29, -4
4365, 29, -4
4365.1, 29, -4
4365.2, 29, -4
4365.3, 29, -4
4365.4, 29, -4
4365.5, 29, -4
4365.6, 29, -4
4365.7, 29, -4
4365.8, 29, -4
4365.9, 29, -4
4366, 29, -4
4366.1, 29, -4
4366.2, 29, -4
4366.3, 29, -4
4366.4, 29, -4
4366.5, 29, -4
4366.6, 29, -4
4366.7, 29, -4
4366.8, 29, -4
4366.9, 29, -4
4367, 29, -4
4367.1, 29, -4
4367.2, 29, -4
4367.3, 29, -4
4367.4, 29, -4
4367.5, 29, -4
4367.6, 29, -4
4367.7, 29, -4
4367.8, 29, -4
4367.9, 29, -4
4368, 29, -4
4368.1, 29, -4
4368.2, 29, -4
4368.3, 29, -4
4368.4, 29, -4
4368.5, 29, -4
4368.6, 29, -4
4368.7, 29, -4
4368.8, 29, -4
4368.9, 29, -4
4369, 29, -4
4369.1, 29, -4
4369.2, 29, -4
4369.3, 29, -4
4369.4, 29, -4
4369.5, 29, -4
4369.6, 29, -4
4369.7, 29, -4
4369.8, 29, -4
4369.9, 29, -4
4370, 29, -4
4370.1, 29, -4
4370.2, 29, -4
4370.3, 29, -4
4370.4, 29, -4
4370.5, 29, -4
4370.6, 29, -4
4370.7, 29, -4
4370.8, 29, -4
4370.9, 29, -4
4371, 29, -4
4371.1, 29, -4
4371.2, 29, -4
4371.3, 29, -4
4371.4, 29, -4
4371.5, 29, -4
4371.6, 29, -4
4371.7, 29, -4
4371.8, 29, -4
4371.9, 29, -4
4372, 29, -4
4372.1, 29, -4
4372.2, 29, -4
4372.3, 29, -4
4372.4, 29, -4
4372.5, 29, -4
4372.6, 29, -4
4372.7, 29, -4
4372.8, 29, -4
4372.9, 29, -4
4373, 29, -4
4373.1, 29, -4
4373.2, 29, -4
4373.3, 29, -4
4373.4, 29, -4
4373.5, 29, -4
4373.6, 29, -4
4373.7, 29, -4
4373.8, 29, -4
4373.9, 29, -4
4374, 29, -4
4374.1, 29, -4
4374.2, 29, -4
4374.3, 29, -5
4374.4, 29, -5
4374.5, 29, -5
4374.6, 29, -5
4374.7, 29, -5
4374.8, 29, -5
4374.9, 29, -5
4375, 29, -5
4375.1, 29, -5
4375.2, 29, -5
4375.3, 29, -5
4375.4, 29, -5
4375.5, 29, -5
4375.6, 29, -5
4375.7, 29, -5
4375.8, 29, -5
4375.9, 29, -5
4376, 29, -5
4376.1, 29, -5
4376.2, 29, -5
4376.3, 29, -5
4376.4, 29, -5
4376.5, 29, -5
4376.6, 29, -5
4376.7, 29, -5
4376.8, 29, -5
4376.9, 29, -5
4377, 29, -5
4377.1, 29, -5
4377.2, 29, -5
4377.3, 29, -5
4377.4, 29, -5
4377.5, 28, -5
4377.6, 28, -5
4377.7, 28, -5
4377.8, 28, -5
4377.9, 28, -5
4378, 28, -5
4378.1, 28, -5
4378.2, 28, -5
4378.3, 28, -6
4378.4, 28, -6
4378.5, 28, -6
4378.6, 28, -6
4378.7, 28, -6
4378.8, 28, -6
4378.9, 28, -6
4379, 28, -6
4379.1, 28, -6
4379.2, 28, -6
4379.3, 28, -6
4379.4, 28, -6
4379.5, 28, -6
4379.6, 28, -6
4379.7, 28, -6
4379.8, 28, -6
4379.9, 28, -6
4380, 28, -6
4380.1, 28, -6
4380.2, 28, -6
4380.3, 28, -6
4380.4, 28, -6
4380.5, 29, -6
4380.6, 29, -6
4380.7, 29, -6
4380.8, 29, -6
4380.9, 29, -5
4381, 29, -5
4381.1, 29, -5
4381.2, 29, -5
4381.3, 29, -5
4381.4, 29, -5
4381.5, 29, -5
4381.6, 29, -5
4381.7, 29, -5
4381.8, 29, -5
4381.9, 29, -5
4382, 29, -5
4382.1, 29, -5
4382.2, 29, -5
4382.3, 29, -5
4382.4, 29, -5
4382.5, 29, -5
4382.6, 29, -5
4382.7, 29, -5
4382.8, 29, -5
4382.9, 29, -5
4383, 29, -5
4383.1, 29, -5
4383.2, 29, -5
4383.3, 29, -5
4383.4, 29, -5
4383.5, 29, -5
4383.6, 29, -5
4383.7, 29, -5
4383.8, 29, -5
4383.9, 29, -5
4384, 29, -5
4384.1, 29, -5
4384.2, 29, -5
4384.3, 29, -5
4384.4, 29, -5
4384.5, 29, -5
4384.6, 29, -5
4384.7, 29, -5
4384.8, 29, -5
4384.9, 29, -5
4385, 29, -5
4385.1, 29, -5
4385.2, 29, -5
4385.3, 29, -5
4385.4, 29, -5
4385.5, 29, -5
4385.6, 29, -5
4385.7, 29, -5
4385.8, 29, -5
4385.9, 29, -5
4386, 29, -5
4386.1, 29, -5
4386.2, 29, -5
4386.3, 29, -5
4386.4, 29, -5
4386.5, 29, -5
4386.6, 29, -5
4386.7, 29, -5
4386.8, 29, -5
4386.9, 29, -5
4387, 29, -5
4387.1, 29, -6
4387.2, 29, -6
4387.3, 29, -6
4387.4, 29, -6
4387.5, 29, -6
4387.6, 29, -6
4387.7, 29, -6
4387.8, 29, -6
4387.9, 29, -6
4388, 29, -6
4388.1, 29, -6
4388.2, 29, -6
4388.3, 29, -6
4388.4, 29, -6
4388.5, 29, -6
4388.6, 29, -6
4388.7, 29, -6
4388.8, 29, -6
4388.9, 29, -6
4389, 29, -6
4389.1, 29, -6
4389.2, 29, -6
4389.3, 29, -6
4389.4, 29, -6
4389.5, 29, -6
4389.6, 29, -6
4389.7, 29, -6
4389.8, 29, -6
4389.9, 29, -6
4390, 29, -6
4390.1, 29, -6
4390.2, 29, -6
4390.3, 29, -6
4390.4, 29, -6
4390.5, 29, -6
4390.6, 29, -6
4390.7, 29, -6
4390.8, 29, -6
4390.9, 29, -6
4391, 29, -6
4391.1, 29, -6
4391.2, 29, -6
4391.3, 29, -6
4391.4, 29, -6
4391.5, 29, -6
4391.6, 29, -6
4391.7, 29, -6
4391.8, 29, -6
4391.9, 29, -6
4392, 29, -6
4392.1, 29, -6
4392.2, 29, -6
4392.3, 29, -5
4392.4, 29, -5
4392.5, 29, -5
4392.6, 29, -5
4392.7, 29, -5
4392.8, 29, -5
4392.9, 29, -5
4393, 29, -5
4393.1, 29, -5
4393.2, 29, -5
4393.3, 29, -5
4393.4, 29, -5
4393.5, 29, -5
4393.6, 29, -5
4393.7, 29, -5
4393.8, 29, -5
4393.9, 29, -5
4394, 29, -5
4394.1, 29, -5
4394.2, 29, -5
4394.3, 29, -5
4394.4, 29, -5
4394.5, 29, -5
4394.6, 29, -5
4394.7, 29, -5
4394.8, 29, -5
4394.9, 29, -5
4395, 29, -5
4395.1, 29, -5
4395.2, 29, -5
4395.3, 29, -5
4395.4, 29, -5
4395.5, 29, -5
4395.6, 29, -5
4395.7, 29, -5
4395.8, 29, -5
4395.9, 29, -5
4396, 29, -5
4396.1, 29, -5
4396.2, 29, -5
4396.3, 29, -5
4396.4, 29, -5
4396.5, 29, -5
4396.6, 29, -5
4396.7, 29, -5
4396.8, 29, -5
4396.9, 29, -5
4397, 29, -5
4397.1, 29, -5
4397.2, 29, -5
4397.3, 29, -5
4397.4, 29, -5
4397.5, 29, -5
4397.6, 29, -5
4397.7, 29, -5
4397.8, 29, -5
4397.9, 29, -5
4398, 29, -5
4398.1, 29, -5
4398.2, 29, -5
4398.3, 29, -5
4398.4, 29, -5
4398.5, 29, -5
4398.6, 29, -5
4398.7, 29, -5
4398.8, 29, -5
4398.9, 29, -5
4399, 29, -5
4399.1, 29, -5
4399.2, 29, -5
4399.3, 29, -5
4399.4, 29, -5
4399.5, 29, -5
4399.6, 29, -5
4399.7, 28, -5
4399.8, 28, -5
4399.9, 28, -5
4400, 28, -5
4400.1, 28, -5
4400.2, 28, -5
4400.3, 28, -5
4400.4, 28, -5
4400.5, 28, -5
4400.6, 28, -5
4400.7, 28, -5
4400.8, 28, -5
4400.9, 28, -5
4401, 28, -5
4401.1, 28, -5
4401.2, 28, -5
4401.3, 28, -5
4401.4, 28, -5
4401.5, 28, -5
4401.6, 28, -5
4401.7, 28, -6
4401.8, 28, -6
4401.9, 28, -6
4402, 28, -6
4402.1, 28, -6
4402.2, 28, -6
4402.3, 28, -6
4402.4, 28, -6
4402.5, 28, -6
4402.6, 28, -6
4402.7, 28, -6
4402.8, 28, -6
4402.9, 28, -7
4403, 28, -7
4403.1, 28, -7
4403.2, 28, -7
4403.3, 28, -7
4403.4, 28, -7
4403.5, 28, -7
4403.6, 28, -7
4403.7, 28, -7
4403.8, 28, -7
4403.9, 28, -7
4404, 28, -7
4404.1, 28, -7
4404.2, 28, -7
4404.3, 28, -7
4404.4, 28, -7
4404.5, 28, -8
4404.6, 28, -8
4404.7, 28, -8
4404.8, 28, -8
4404.9, 28, -8
4405, 28, -8
4405.1, 28, -8
4405.2, 28, -8
4405.3, 28, -8
4405.4, 28, -8
4405.5, 28, -8
4405.6, 28, -8
4405.7, 28, -9
4405.8, 28, -9
4405.9, 28, -8
4406, 28, -8
4406.1, 28, -8
4406.2, 28, -8
4406.3, 28, -8
4406.4, 28, -8
4406.5, 28, -8
4406.6, 28, -8
4406.7, 28, -8
4406.8, 28, -8
4406.9, 28, -8
4407, 28, -8
4407.1, 28, -8
4407.2, 28, -8
4407.3, 28, -8
4407.4, 28, -8
4407.5, 28, -8
4407.6, 28, -8
4407.7, 28, -8
4407.8, 28, -8
4407.9, 27, -8
4408, 27, -8
4408.1, 27, -8
4408.2, 27, -8
4408.3, 27, -8
4408.4, 27, -8
4408.5, 27, -8
4408.6, 27, -8
4408.7, 27, -8
4408.8, 27, -8
4408.9, 27, -7
4409, 27, -7
4409.1, 27, -7
4409.2, 27, -7
4409.3, 27, -7
4409.4, 27, -7
4409.5, 27, -7
4409.6, 27, -7
4409.7, 27, -7
4409.8, 27, -7
4409.9, 27, -7
4410, 27, -7
4410.1, 27, -7
4410.2, 27, -7
4410.3, 27, -7
4410.4, 27, -7
4410.5, 27, -7
4410.6, 27, -7
4410.7, 27, -7
4410.8, 27, -7
4410.9, 27, -7
4411, 27, -7
4411.1, 27, -7
4411.2, 27, -7
4411.3, 27, -7
4411.4, 27, -7
4411.5, 27, -7
4411.6, 27, -7
4411.7, 27, -7
4411.8, 27, -7
4411.9, 27, -7
4412, 27, -7
4412.1, 27, -7
4412.2, 27, -7
4412.3, 27, -7
4412.4, 27, -7
4412.5, 27, -7
4412.6, 27, -7
4412.7, 27, -7
4412.8, 27, -7
4412.9, 27, -7
4413, 27, -7
4413.1, 27, -7
4413.2, 27, -7
4413.3, 27, -7
4413.4, 27, -7
4413.5, 27, -7
4413.6, 27, -7
4413.7, 27, -7
4413.8, 27, -7
4413.9, 27, -7
4414, 27, -7
4414.1, 27, -7
4414.2, 27, -7
4414.3, 27, -7
4414.4, 27, -7
4414.5, 27, -7
4414.6, 27, -7
4414.7, 27, -8
4414.8, 27, -8
4414.9, 27, -8
4415, 27, -8
4415.1, 27, -8
4415.2, 27, -8
4415.3, 27, -8
4415.4, 27, -8
4415.5, 27, -8
4415.6, 27, -8
4415.7, 27, -8
4415.8, 27, -8
4415.9, 27, -9
4416, 27, -9
4416.1, 27, -8
4416.2, 27, -8
4416.3, 27, -8
4416.4, 27, -8
4416.5, 27, -8
4416.6, 27, -8
4416.7, 27, -8
4416.8, 27, -8
4416.9, 27, -8
4417, 27, -8
4417.1, 27, -8
4417.2, 27, -8
4417.3, 27, -8
4417.4, 27, -8
4417.5, 27, -8
4417.6, 27, -8
4417.7, 27, -8
4417.8, 27, -8
4417.9, 27, -8
4418, 27, -8
4418.1, 27, -8
4418.2, 27, -8
4418.3, 27, -8
4418.4, 27, -8
4418.5, 27, -8
4418.6, 27, -8
4418.7, 27, -8
4418.8, 27, -8
4418.9, 27, -8
4419, 27, -8
4419.1, 27, -8
4419.2, 27, -8
4419.3, 27, -8
4419.4, 27, -8
4419.5, 27, -8
4419.6, 27, -8
4419.7, 27, -8
4419.8, 27, -8
4419.9, 27, -8
4420, 27, -8
4420.1, 27, -8
4420.2, 27, -8
4420.3, 27, -8
4420.4, 27, -8
4420.5, 27, -8
4420.6, 27, -8
4420.7, 27, -8
4420.8, 27, -8
4420.9, 27, -8
4421, 27, -8
4421.1, 27, -8
4421.2, 27, -8
4421.3, 27, -8
4421.4, 27, -8
4421.5, 27, -8
4421.6, 27, -8
4421.7, 27, -8
4421.8, 27, -8
4421.9, 27, -8
4422, 27, -8
4422.1, 27, -8
4422.2, 27, -8
4422.3, 27, -8
4422.4, 27, -8
4422.5, 27, -9
4422.6, 27, -9
4422.7, 27, -9
4422.8, 27, -9
4422.9, 27, -9
4423, 27, -9
4423.1, 27, -9
4423.2, 27, -9
4423.3, 27, -9
4423.4, 27, -9
4423.5, 27, -9
4423.6, 27, -9
4423.7, 27, -9
4423.8, 27, -9
4423.9, 27, -9
4424, 27, -9
4424.1, 27, -9
4424.2, 27, -9
4424.3, 27, -9
4424.4, 27, -9
4424.5, 27, -9
4424.6, 27, -9
4424.7, 27, -9
4424.8, 27, -9
4424.9, 27, -10
4425, 27, -10
4425.1, 27, -10
4425.2, 27, -10
4425.3, 27, -10
4425.4, 27, -10
4425.5, 27, -9
4425.6, 27, -9
4425.7, 27, -9
4425.8, 27, -9
4425.9, 27, -9
4426, 27, -9
4426.1, 27, -9
4426.2, 27, -9
4426.3, 27, -9
4426.4, 27, -9
4426.5, 27, -9
4426.6, 27, -9
4426.7, 27, -9
4426.8, 27, -9
4426.9, 27, -9
4427, 27, -9
4427.1, 27, -8
4427.2, 27, -8
4427.3, 27, -8
4427.4, 27, -8
4427.5, 27, -8
4427.6, 27, -8
4427.7, 27, -8
4427.8, 27, -8
4427.9, 27, -8
4428, 27, -8
4428.1, 27, -8
4428.2, 27, -8
4428.3, 27, -8
4428.4, 27, -8
4428.5, 26, -8
4428.6, 26, -8
4428.7, 26, -8
4428.8, 26, -8
4428.9, 26, -8
4429, 26, -8
4429.1, 26, -8
4429.2, 26, -8
4429.3, 26, -8
4429.4, 26, -8
4429.5, 26, -8
4429.6, 26, -8
4429.7, 26, -8
4429.8, 26, -8
4429.9, 25, -8
4430, 25, -8
4430.1, 25, -8
4430.2, 25, -8
4430.3, 25, -8
4430.4, 25, -8
4430.5, 25, -8
4430.6, 25, -8
4430.7, 25, -8
4430.8, 25, -8
4430.9, 25, -8
4431, 25, -8
4431.1, 25, -8
4431.2, 25, -8
4431.3, 25, -8
4431.4, 25, -8
4431.5, 25, -8
4431.6, 25, -8
4431.7, 25, -8
4431.8, 25, -8
4431.9, 25, -8
4432, 25, -8
4432.1, 25, -8
4432.2, 25, -8
4432.3, 25, -8
4432.4, 25, -8
4432.5, 25, -8
4432.6, 25, -8
4432.7, 25, -8
4432.8, 25, -8
4432.9, 25, -8
4433, 25, -8
4433.1, 25, -8
4433.2, 25, -8
4433.3, 25, -8
4433.4, 25, -8
4433.5, 25, -8
4433.6, 25, -8
4433.7, 25, -8
4433.8, 25, -8
4433.9, 25, -8
4434, 25, -8
4434.1, 25, -8
4434.2, 25, -8
4434.3, 25, -8
4434.4, 25, -8
4434.5, 25, -8
4434.6, 25, -8
4434.7, 25, -8
4434.8, 25, -8
4434.9, 25, -8
4435, 25, -8
4435.1, 25, -8
4435.2, 25, -8
4435.3, 25, -8
4435.4, 25, -8
4435.5, 25, -8
4435.6, 25, -8
4435.7, 24, -8
4435.8, 24, -8
4435.9, 24, -8
4436, 24, -8
4436.1, 24, -8
4436.2, 24, -8
4436.3, 24, -8
4436.4, 24, -8
4436.5, 24, -8
4436.6, 24, -8
4436.7, 23, -8
4436.8, 23, -8
4436.9, 23, -8
4437, 23, -8
4437.1, 23, -8
4437.2, 23, -8
4437.3, 23, -8
4437.4, 23, -8
4437.5, 23, -9
4437.6, 23, -9
4437.7, 23, -9
4437.8, 23, -9
4437.9, 23, -9
4438, 23, -9
4438.1, 23, -9
4438.2, 23, -9
4438.3, 23, -9
4438.4, 23, -9
4438.5, 23, -9
4438.6, 23, -9
4438.7, 23, -9
4438.8, 23, -9
4438.9, 23, -9
4439, 23, -9
4439.1, 23, -9
4439.2, 23, -9
4439.3, 23, -9
4439.4, 23, -9
4439.5, 23, -9
4439.6, 23, -9
4439.7, 23, -9
4439.8, 23, -9
4439.9, 23, -9
4440, 23, -9
4440.1, 23, -10
4440.2, 23, -10
4440.3, 23, -10
4440.4, 23, -10
4440.5, 23, -10
4440.6, 23, -10
4440.7, 23, -10
4440.8, 23, -10
4440.9, 23, -10
4441, 23, -10
4441.1, 23, -10
4441.2, 23, -10
4441.3, 23, -10
4441.4, 23, -10
4441.5, 23, -10
4441.6, 23, -10
4441.7, 23, -10
4441.8, 23, -10
4441.9, 23, -10
4442, 23, -10
4442.1, 23, -10
4442.2, 23, -10
4442.3, 23, -10
4442.4, 23, -10
4442.5, 23, -10
4442.6, 23, -10
4442.7, 23, -10
4442.8, 23, -10
4442.9, 23, -10
4443, 23, -10
4443.1, 23, -10
4443.2, 23, -10
4443.3, 23, -10
4443.4, 23, -10
4443.5, 23, -10
4443.6, 23, -10
4443.7, 23, -10
4443.8, 23, -10
4443.9, 23, -10
4444, 23, -10
4444.1, 23, -10
4444.2, 23, -10
4444.3, 23, -10
4444.4, 23, -10
4444.5, 23, -10
4444.6, 23, -10
4444.7, 23, -10
4444.8, 23, -10
4444.9, 23, -9
4445, 23, -9
4445.1, 23, -9
4445.2, 23, -9
4445.3, 23, -9
4445.4, 23, -9
4445.5, 23, -9
4445.6, 23, -9
4445.7, 23, -9
4445.8, 23, -9
4445.9, 23, -9
4446, 23, -9
4446.1, 22, -9
4446.2, 22, -9
4446.3, 22, -9
4446.4, 22, -9
4446.5, 22, -9
4446.6, 22, -9
4446.7, 22, -9
4446.8, 22, -9
4446.9, 22, -9
4447, 22, -9
4447.1, 22, -9
4447.2, 22, -9
4447.3, 22, -9
4447.4, 22, -9
4447.5, 22, -9
4447.6, 22, -9
4447.7, 22, -9
4447.8, 22, -9
4447.9, 22, -9
4448, 22, -9
4448.1, 22, -9
4448.2, 22, -9
4448.3, 22, -9
4448.4, 22, -9
4448.5, 22, -9
4448.6, 22, -9
4448.7, 22, -9
4448.8, 22, -9
4448.9, 22, -9
4449, 22, -9
4449.1, 22, -9
4449.2, 22, -9
4449.3, 22, -9
4449.4, 22, -9
4449.5, 22, -9
4449.6, 22, -9
4449.7, 22, -9
4449.8, 22, -9
4449.9, 22, -9
4450, 22, -9
4450.1, 22, -9
4450.2, 22, -9
4450.3, 22, -9
4450.4, 22, -9
4450.5, 22, -9
4450.6, 22, -9
4450.7, 22, -9
4450.8, 22, -9
4450.9, 22, -9
4451, 22, -9
4451.1, 21, -9
4451.2, 21, -9
4451.3, 21, -9
4451.4, 21, -9
4451.5, 21, -9
4451.6, 21, -9
4451.7, 21, -9
4451.8, 21, -9
4451.9, 21, -9
4452, 21, -9
4452.1, 21, -9
4452.2, 21, -9
4452.3, 21, -9
4452.4, 21, -9
4452.5, 21, -8
4452.6, 21, -8
4452.7, 21, -8
4452.8, 21, -8
4452.9, 21, -8
4453, 21, -8
4453.1, 21, -8
4453.2, 21, -8
4453.3, 21, -7
4453.4, 21, -7
4453.5, 21, -7
4453.6, 21, -7
4453.7, 21, -7
4453.8, 21, -7
4453.9, 21, -7
4454, 21, -7
4454.1, 21, -7
4454.2, 21, -7
4454.3, 21, -7
4454.4, 21, -7
4454.5, 21, -7
4454.6, 21, -7
4454.7, 21, -7
4454.8, 21, -7
4454.9, 21, -6
4455, 21, -6
4455.1, 21, -6
4455.2, 21, -6
4455.3, 21, -6
4455.4, 21, -6
4455.5, 22, -6
4455.6, 22, -6
4455.7, 22, -6
4455.8, 22, -6
4455.9, 22, -6
4456, 22, -6
4456.1, 22, -6
4456.2, 22, -6
4456.3, 22, -6
4456.4, 22, -6
4456.5, 22, -6
4456.6, 22, -6
4456.7, 22, -6
4456.8, 22, -6
4456.9, 22, -6
4457, 22, -6
4457.1, 22, -6
4457.2, 22, -6
4457.3, 22, -6
4457.4, 22, -6
4457.5, 22, -7
4457.6, 22, -7
4457.7, 22, -7
4457.8, 22, -7
4457.9, 22, -7
4458, 22, -7
4458.1, 22, -7
4458.2, 22, -7
4458.3, 22, -7
4458.4, 22, -7
4458.5, 22, -7
4458.6, 22, -7
4458.7, 22, -7
4458.8, 22, -7
4458.9, 22, -7
4459, 22, -7
4459.1, 22, -7
4459.2, 22, -7
4459.3, 22, -7
4459.4, 22, -7
4459.5, 22, -7
4459.6, 22, -7
4459.7, 22, -7
4459.8, 22, -7
4459.9, 22, -7
4460, 22, -7
4460.1, 22, -7
4460.2, 22, -7
4460.3, 22, -7
4460.4, 22, -7
4460.5, 22, -6
4460.6, 22, -6
4460.7, 22, -6
4460.8, 22, -6
4460.9, 22, -6
4461, 22, -6
4461.1, 22, -6
4461.2, 22, -6
4461.3, 22, -6
4461.4, 22, -6
4461.5, 22, -6
4461.6, 22, -6
4461.7, 22, -6
4461.8, 22, -6
4461.9, 22, -6
4462, 22, -6
4462.1, 22, -6
4462.2, 22, -6
4462.3, 23, -6
4462.4, 23, -6
4462.5, 23, -6
4462.6, 23, -6
4462.7, 23, -6
4462.8, 23, -6
4462.9, 23, -6
4463, 23, -6
4463.1, 23, -6
4463.2, 23, -6
4463.3, 23, -6
4463.4, 23, -6
4463.5, 23, -6
4463.6, 23, -6
4463.7, 23, -6
4463.8, 23, -6
4463.9, 23, -6
4464, 23, -6
4464.1, 23, -6
4464.2, 23, -6
4464.3, 23, -6
4464.4, 23, -6
4464.5, 23, -6
4464.6, 23, -6
4464.7, 23, -6
4464.8, 23, -6
4464.9, 24, -6
4465, 24, -6
4465.1, 24, -5
4465.2, 24, -5
4465.3, 24, -5
4465.4, 24, -5
4465.5, 24, -5
4465.6, 24, -5
4465.7, 24, -5
4465.8, 24, -5
4465.9, 24, -5
4466, 24, -5
4466.1, 24, -5
4466.2, 24, -5
4466.3, 24, -5
4466.4, 24, -5
4466.5, 24, -5
4466.6, 24, -5
4466.7, 24, -5
4466.8, 24, -5
4466.9, 24, -5
4467, 24, -5
4467.1, 24, -6
4467.2, 24, -6
4467.3, 24, -6
4467.4, 24, -6
4467.5, 24, -6
4467.6, 24, -6
4467.7, 24, -6
4467.8, 24, -6
4467.9, 24, -6
4468, 24, -6
4468.1, 24, -6
4468.2, 24, -6
4468.3, 24, -6
4468.4, 24, -6
4468.5, 24, -6
4468.6, 24, -6
4468.7, 24, -6
4468.8, 24, -6
4468.9, 24, -6
4469, 24, -6
4469.1, 24, -6
4469.2, 24, -6
4469.3, 24, -6
4469.4, 24, -6
4469.5, 24, -6
4469.6, 24, -6
4469.7, 24, -6
4469.8, 24, -6
4469.9, 24, -6
4470, 24, -6
4470.1, 24, -5
4470.2, 24, -5
4470.3, 24, -5
4470.4, 24, -5
4470.5, 24, -5
4470.6, 24, -5
4470.7, 24, -4
4470.8, 24, -4
4470.9, 24, -4
4471, 24, -4
4471.1, 24, -4
4471.2, 24, -4
4471.3, 24, -4
4471.4, 24, -4
4471.5, 24, -4
4471.6, 24, -4
4471.7, 24, -4
4471.8, 24, -4
4471.9, 24, -4
4472, 24, -4
4472.1, 24, -4
4472.2, 24, -4
4472.3, 24, -4
4472.4, 24, -4
4472.5, 24, -4
4472.6, 24, -4
4472.7, 24, -4
4472.8, 24, -4
4472.9, 24, -4
4473, 24, -4
4473.1, 24, -4
4473.2, 24, -4
4473.3, 24, -4
4473.4, 24, -4
4473.5, 24, -4
4473.6, 24, -4
4473.7, 24, -4
4473.8, 24, -4
4473.9, 24, -5
4474, 24, -5
4474.1, 24, -5
4474.2, 24, -5
4474.3, 24, -5
4474.4, 24, -5
4474.5, 25, -5
4474.6, 25, -5
4474.7, 25, -5
4474.8, 25, -5
4474.9, 25, -5
4475, 25, -5
4475.1, 25, -5
4475.2, 25, -5
4475.3, 25, -5
4475.4, 25, -5
4475.5, 25, -5
4475.6, 25, -5
4475.7, 25, -5
4475.8, 25, -5
4475.9, 25, -5
4476, 25, -5
4476.1, 25, -5
4476.2, 25, -5
4476.3, 25, -5
4476.4, 25, -5
4476.5, 25, -5
4476.6, 25, -5
4476.7, 25, -5
4476.8, 25, -5
4476.9, 25, -5
4477, 25, -5
4477.1, 25, -5
4477.2, 25, -5
4477.3, 25, -5
4477.4, 25, -5
4477.5, 25, -5
4477.6, 25, -5
4477.7, 25, -5
4477.8, 25, -5
4477.9, 25, -5
4478, 25, -5
4478.1, 25, -5
4478.2, 25, -5
4478.3, 25, -5
4478.4, 25, -5
4478.5, 25, -5
4478.6, 25, -5
4478.7, 25, -5
4478.8, 25, -5
4478.9, 25, -5
4479, 25, -5
4479.1, 25, -5
4479.2, 25, -5
4479.3, 25, -5
4479.4, 25, -5
4479.5, 25, -5
4479.6, 25, -5
4479.7, 25, -5
4479.8, 25, -5
4479.9, 25, -5
4480, 25, -5
4480.1, 25, -5
4480.2, 25, -5
4480.3, 25, -5
4480.4, 25, -5
4480.5, 25, -5
4480.6, 25, -5
4480.7, 25, -5
4480.8, 25, -5
4480.9, 25, -5
4481, 25, -5
4481.1, 25, -5
4481.2, 25, -5
4481.3, 25, -5
4481.4, 25, -5
4481.5, 25, -4
4481.6, 25, -4
4481.7, 25, -4
4481.8, 25, -4
4481.9, 25, -4
4482, 25, -4
4482.1, 25, -4
4482.2, 25, -4
4482.3, 25, -5
4482.4, 25, -5
4482.5, 25, -6
4482.6, 25, -6
4482.7, 25, -6
4482.8, 25, -6
4482.9, 25, -6
4483, 25, -6
4483.1, 25, -6
4483.2, 25, -6
4483.3, 25, -6
4483.4, 25, -6
4483.5, 25, -6
4483.6, 25, -6
4483.7, 25, -6
4483.8, 25, -6
4483.9, 25, -6
4484, 25, -6
4484.1, 25, -6
4484.2, 25, -6
4484.3, 25, -6
4484.4, 25, -6
4484.5, 25, -6
4484.6, 25, -6
4484.7, 25, -6
4484.8, 25, -6
4484.9, 25, -6
4485, 25, -6
4485.1, 25, -6
4485.2, 25, -6
4485.3, 25, -6
4485.4, 25, -6
4485.5, 25, -6
4485.6, 25, -6
4485.7, 25, -6
4485.8, 25, -6
4485.9, 26, -6
4486, 26, -6
4486.1, 26, -6
4486.2, 26, -6
4486.3, 26, -6
4486.4, 26, -6
4486.5, 26, -6
4486.6, 26, -6
4486.7, 26, -6
4486.8, 26, -6
4486.9, 26, -6
4487, 26, -6
4487.1, 26, -6
4487.2, 26, -6
4487.3, 26, -6
4487.4, 26, -6
4487.5, 26, -6
4487.6, 26, -6
4487.7, 26, -6
4487.8, 26, -6
4487.9, 26, -6
4488, 26, -6
4488.1, 26, -6
4488.2, 26, -6
4488.3, 26, -6
4488.4, 26, -6
4488.5, 26, -6
4488.6, 26, -6
4488.7, 25, -6
4488.8, 25, -6
4488.9, 24, -6
4489, 24, -6
4489.1, 24, -6
4489.2, 24, -6
4489.3, 24, -6
4489.4, 24, -6
4489.5, 24, -6
4489.6, 24, -6
4489.7, 24, -6
4489.8, 24, -6
4489.9, 24, -6
4490, 24, -6
4490.1, 24, -6
4490.2, 24, -6
4490.3, 24, -7
4490.4, 24, -7
4490.5, 24, -7
4490.6, 24, -7
4490.7, 24, -7
4490.8, 24, -7
4490.9, 24, -7
4491, 24, -7
4491.1, 24, -6
4491.2, 24, -6
4491.3, 24, -6
4491.4, 24, -6
4491.5, 24, -6
4491.6, 24, -6
4491.7, 24, -6
4491.8, 24, -6
4491.9, 24, -6
4492, 24, -6
4492.1, 24, -6
4492.2, 24, -6
4492.3, 24, -6
4492.4, 24, -6
4492.5, 24, -6
4492.6, 24, -6
4492.7, 24, -6
4492.8, 24, -6
4492.9, 24, -6
4493, 24, -6
4493.1, 24, -6
4493.2, 24, -6
4493.3, 24, -6
4493.4, 24, -6
4493.5, 24, -6
4493.6, 24, -6
4493.7, 24, -6
4493.8, 24, -6
4493.9, 24, -6
4494, 24, -6
4494.1, 24, -6
4494.2, 24, -6
4494.3, 24, -5
4494.4, 24, -5
4494.5, 24, -5
4494.6, 24, -5
4494.7, 24, -5
4494.8, 24, -5
4494.9, 24, -5
4495, 24, -5
4495.1, 25, -5
4495.2, 25, -5
4495.3, 25, -5
4495.4, 25, -5
4495.5, 25, -5
4495.6, 25, -5
4495.7, 25, -5
4495.8, 25, -5
4495.9, 24, -5
4496, 24, -5
4496.1, 24, -5
4496.2, 24, -5
4496.3, 24, -5
4496.4, 24, -5
4496.5, 24, -5
4496.6, 24, -5
4496.7, 24, -5
4496.8, 24, -5
4496.9, 24, -5
4497, 24, -5
4497.1, 24, -5
4497.2, 24, -5
4497.3, 24, -5
4497.4, 24, -5
4497.5, 24, -5
4497.6, 24, -5
4497.7, 24, -5
4497.8, 24, -5
4497.9, 24, -5
4498, 24, -5
4498.1, 24, -5
4498.2, 24, -5
4498.3, 24, -5
4498.4, 24, -5
4498.5, 24, -5
4498.6, 24, -5
4498.7, 24, -5
4498.8, 24, -5
4498.9, 24, -5
4499, 24, -5
4499.1, 24, -5
4499.2, 24, -5
4499.3, 24, -5
4499.4, 24, -5
4499.5, 24, -5
4499.6, 24, -5
4499.7, 24, -5
4499.8, 24, -5
4499.9, 24, -5
4500, 24, -5
4500.1, 24, -5
4500.2, 24, -5
4500.3, 24, -5
4500.4, 24, -5
4500.5, 24, -5
4500.6, 24, -5
4500.7, 24, -5
4500.8, 24, -5
4500.9, 24, -5
4501, 24, -5
4501.1, 24, -5
4501.2, 24, -5
4501.3, 24, -5
4501.4, 24, -5
4501.5, 24, -5
4501.6, 24, -5
4501.7, 24, -5
4501.8, 24, -5
4501.9, 23, -5
4502, 23, -5
4502.1, 23, -5
4502.2, 23, -5
4502.3, 23, -5
4502.4, 23, -5
4502.5, 23, -5
4502.6, 23, -5
4502.7, 23, -5
4502.8, 23, -5
4502.9, 23, -5
4503, 23, -5
4503.1, 23, -5
4503.2, 23, -5
4503.3, 23, -5
4503.4, 23, -5
4503.5, 23, -5
4503.6, 23, -5
4503.7, 23, -5
4503.8, 23, -5
4503.9, 23, -5
4504, 23, -5
4504.1, 23, -5
4504.2, 23, -5
4504.3, 23, -5
4504.4, 23, -5
4504.5, 23, -5
4504.6, 23, -5
4504.7, 23, -5
4504.8, 23, -5
4504.9, 23, -5
4505, 23, -5
4505.1, 23, -5
4505.2, 23, -5
4505.3, 23, -5
4505.4, 23, -5
4505.5, 23, -5
4505.6, 23, -5
4505.7, 23, -5
4505.8, 23, -5
4505.9, 24, -5
4506, 24, -5
4506.1, 24, -5
4506.2, 24, -5
4506.3, 24, -5
4506.4, 24, -5
4506.5, 24, -5
4506.6, 24, -5
4506.7, 24, -5
4506.8, 24, -5
4506.9, 24, -5
4507, 24, -5
4507.1, 24, -5
4507.2, 24, -5
4507.3, 24, -5
4507.4, 24, -5
4507.5, 24, -5
4507.6, 24, -5
4507.7, 24, -5
4507.8, 24, -5
4507.9, 24, -5
4508, 24, -5
4508.1, 24, -5
4508.2, 24, -5
4508.3, 24, -5
4508.4, 24, -5
4508.5, 24, -5
4508.6, 24, -5
4508.7, 24, -5
4508.8, 24, -5
4508.9, 24, -5
4509, 24, -5
4509.1, 24, -5
4509.2, 24, -5
4509.3, 24, -5
4509.4, 24, -5
4509.5, 24, -5
4509.6, 24, -5
4509.7, 24, -5
4509.8, 24, -5
4509.9, 24, -5
4510, 24, -5
4510.1, 24, -5
4510.2, 24, -5
4510.3, 24, -5
4510.4, 24, -5
4510.5, 24, -5
4510.6, 24, -5
4510.7, 24, -5
4510.8, 24, -5
4510.9, 24, -5
4511, 24, -5
4511.1, 24, -5
4511.2, 24, -5
4511.3, 24, -5
4511.4, 24, -5
4511.5, 24, -5
4511.6, 24, -5
4511.7, 24, -5
4511.8, 24, -5
4511.9, 24, -5
4512, 24, -5
4512.1, 24, -5
4512.2, 24, -5
4512.3, 24, -5
4512.4, 24, -5
4512.5, 24, -5
4512.6, 24, -5
4512.7, 24, -5
4512.8, 24, -5
4512.9, 24, -5
4513, 24, -5
4513.1, 24, -5
4513.2, 24, -5
4513.3, 24, -5
4513.4, 24, -5
4513.5, 24, -5
4513.6, 24, -5
4513.7, 24, -5
4513.8, 24, -5
4513.9, 24, -5
4514, 24, -5
4514.1, 24, -5
4514.2, 24, -5
4514.3, 24, -5
4514.4, 24, -5
4514.5, 24, -5
4514.6, 24, -5
4514.7, 24, -5
4514.8, 24, -5
4514.9, 24, -5
4515, 24, -5
4515.1, 24, -5
4515.2, 24, -5
4515.3, 24, -5
4515.4, 24, -5
4515.5, 24, -5
4515.6, 24, -5
4515.7, 24, -5
4515.8, 24, -5
4515.9, 24, -5
4516, 24, -5
4516.1, 24, -5
4516.2, 24, -5
4516.3, 24, -5
4516.4, 24, -5
4516.5, 24, -5
4516.6, 24, -5
4516.7, 24, -5
4516.8, 24, -5
4516.9, 24, -5
4517, 24, -5
4517.1, 24, -5
4517.2, 24, -5
4517.3, 24, -5
4517.4, 24, -5
4517.5, 24, -4
4517.6, 24, -4
4517.7, 24, -4
4517.8, 24, -4
4517.9, 24, -4
4518, 24, -4
4518.1, 24, -4
4518.2, 24, -4
4518.3, 24, -4
4518.4, 24, -4
4518.5, 24, -4
4518.6, 24, -4
4518.7, 24, -4
4518.8, 24, -4
4518.9, 24, -4
4519, 24, -4
4519.1, 24, -4
4519.2, 24, -4
4519.3, 24, -4
4519.4, 24, -4
4519.5, 24, -4
4519.6, 24, -4
4519.7, 24, -4
4519.8, 24, -4
4519.9, 24, -4
4520, 24, -4
4520.1, 24, -4
4520.2, 24, -4
4520.3, 24, -4
4520.4, 24, -4
4520.5, 24, -4
4520.6, 24, -4
4520.7, 24, -4
4520.8, 24, -4
4520.9, 24, -4
4521, 24, -4
4521.1, 24, -4
4521.2, 24, -4
4521.3, 24, -4
4521.4, 24, -4
4521.5, 24, -4
4521.6, 24, -4
4521.7, 23, -4
4521.8, 23, -4
4521.9, 23, -4
4522, 23, -4
4522.1, 23, -4
4522.2, 23, -4
4522.3, 24, -4
4522.4, 24, -4
4522.5, 23, -4
4522.6, 23, -4
4522.7, 23, -4
4522.8, 23, -4
4522.9, 23, -4
4523, 23, -4
4523.1, 23, -4
4523.2, 23, -4
4523.3, 23, -4
4523.4, 23, -4
4523.5, 23, -4
4523.6, 23, -4
4523.7, 23, -4
4523.8, 23, -4
4523.9, 23, -3
4524, 23, -3
4524.1, 23, -3
4524.2, 23, -3
4524.3, 23, -3
4524.4, 23, -3
4524.5, 23, -3
4524.6, 23, -3
4524.7, 23, -3
4524.8, 23, -3
4524.9, 23, -3
4525, 23, -3
4525.1, 23, -3
4525.2, 23, -3
4525.3, 23, -3
4525.4, 23, -3
4525.5, 24, -3
4525.6, 24, -3
4525.7, 24, -3
4525.8, 24, -3
4525.9, 24, -3
4526, 24, -3
4526.1, 24, -3
4526.2, 24, -3
4526.3, 23, -3
4526.4, 23, -3
4526.5, 23, -3
4526.6, 23, -3
4526.7, 23, -3
4526.8, 23, -3
4526.9, 23, -3
4527, 23, -3
4527.1, 23, -3
4527.2, 23, -3
4527.3, 23, -3
4527.4, 23, -3
4527.5, 23, -3
4527.6, 23, -3
4527.7, 23, -3
4527.8, 23, -3
4527.9, 23, -2
4528, 23, -2
4528.1, 23, -1
4528.2, 23, -1
4528.3, 23, -1
4528.4, 23, -1
4528.5, 23, -1
4528.6, 23, -1
4528.7, 23, -1
4528.8, 23, -1
4528.9, 23, -1
4529, 23, -1
4529.1, 23, -1
4529.2, 23, -1
4529.3, 23, -1
4529.4, 23, -1
4529.5, 23, -1
4529.6, 23, -1
4529.7, 23, -1
4529.8, 23, -1
4529.9, 23, -1
4530, 23, -1
4530.1, 23, -1
4530.2, 23, -1
4530.3, 23, -1
4530.4, 23, -1
4530.5, 24, -1
4530.6, 24, -1
4530.7, 24, -1
4530.8, 24, -1
4530.9, 24, -1
4531, 24, -1
4531.1, 24, -1
4531.2, 24, -1
4531.3, 24, -2
4531.4, 24, -2
4531.5, 24, -2
4531.6, 24, -2
4531.7, 24, -2
4531.8, 24, -2
4531.9, 24, -2
4532, 24, -2
4532.1, 24, -2
4532.2, 24, -2
4532.3, 24, -2
4532.4, 24, -2
4532.5, 24, -2
4532.6, 24, -2
4532.7, 24, -2
4532.8, 24, -2
4532.9, 24, -2
4533, 24, -2
4533.1, 24, -2
4533.2, 24, -2
4533.3, 24, -2
4533.4, 24, -2
4533.5, 24, -2
4533.6, 24, -2
4533.7, 24, -2
4533.8, 24, -2
4533.9, 24, -2
4534, 24, -2
4534.1, 24, -2
4534.2, 24, -2
4534.3, 24, -2
4534.4, 24, -2
4534.5, 24, -2
4534.6, 24, -2
4534.7, 24, -2
4534.8, 24, -2
4534.9, 24, -1
4535, 24, -1
4535.1, 24, -1
4535.2, 24, -1
4535.3, 24, -1
4535.4, 24, -1
4535.5, 24, -1
4535.6, 24, -1
4535.7, 24, -1
4535.8, 24, -1
4535.9, 25, -1
4536, 25, -1
4536.1, 25, -1
4536.2, 25, -1
4536.3, 26, -1
4536.4, 26, -1
4536.5, 27, -1
4536.6, 27, -1
4536.7, 27, -1
4536.8, 27, -1
4536.9, 27, -1
4537, 27, -1
4537.1, 26, -1
4537.2, 26, -1
4537.3, 26, -1
4537.4, 26, -1
4537.5, 26, -1
4537.6, 26, -1
4537.7, 26, -1
4537.8, 26, -1
4537.9, 26, -1
4538, 26, -1
4538.1, 26, -1
4538.2, 26, -1
4538.3, 26, -1
4538.4, 26, -1
4538.5, 26, -1
4538.6, 26, -1
4538.7, 26, -1
4538.8, 26, -1
4538.9, 26, -1
4539, 26, -1
4539.1, 26, -1
4539.2, 26, -1
4539.3, 26, -1
4539.4, 26, -1
4539.5, 26, -1
4539.6, 26, -1
4539.7, 26, -1
4539.8, 26, -1
4539.9, 26, -1
4540, 26, -1
4540.1, 26, -1
4540.2, 26, -1
4540.3, 26, -1
4540.4, 26, -1
4540.5, 26, -1
4540.6, 26, -1
4540.7, 26, -1
4540.8, 26, -1
4540.9, 26, -1
4541, 26, -1
4541.1, 26, -1
4541.2, 26, -1
4541.3, 27, -1
4541.4, 27, -1
4541.5, 27, 0
4541.6, 27, 0
4541.7, 27, 0
4541.8, 27, 0
4541.9, 27, -1
4542, 27, -1
4542.1, 27, -1
4542.2, 27, -1
4542.3, 27, -1
4542.4, 27, -1
4542.5, 27, -1
4542.6, 27, -1
4542.7, 28, -1
4542.8, 28, -1
4542.9, 28, -1
4543, 28, -1
4543.1, 28, -1
4543.2, 28, -1
4543.3, 29, -1
4543.4, 29, -1
4543.5, 29, -1
4543.6, 29, -1
4543.7, 29, -1
4543.8, 29, -1
4543.9, 29, -1
4544, 29, -1
4544.1, 29, -1
4544.2, 29, -1
4544.3, 29, -1
4544.4, 29, -1
4544.5, 29, -1
4544.6, 29, -1
4544.7, 29, -1
4544.8, 29, -1
4544.9, 29, -1
4545, 29, -1
4545.1, 29, -1
4545.2, 29, -1
4545.3, 29, -1
4545.4, 29, -1
4545.5, 29, -1
4545.6, 29, -1
4545.7, 29, -1
4545.8, 29, -1
4545.9, 29, -1
4546, 29, -1
4546.1, 29, -1
4546.2, 29, -1
4546.3, 29, -1
4546.4, 29, -1
4546.5, 29, -1
4546.6, 29, -1
4546.7, 30, -1
4546.8, 30, -1
4546.9, 30, -1
4547, 30, -1
4547.1, 30, -1
4547.2, 30, -1
4547.3, 30, -1
4547.4, 30, -1
4547.5, 30, 0
4547.6, 30, 0
4547.7, 30, 0
4547.8, 30, 0
4547.9, 30, 0
4548, 30, 0
4548.1, 30, 0
4548.2, 30, 0
4548.3, 30, 0
4548.4, 30, 0
4548.5, 30, 0
4548.6, 30, 0
4548.7, 30, 0
4548.8, 30, 0
4548.9, 30, 0
4549, 30, 0
4549.1, 30, 0
4549.2, 30, 0
4549.3, 30, 0
4549.4, 30, 0
4549.5, 30, 0
4549.6, 30, 0
4549.7, 30, 0
4549.8, 30, 0
4549.9, 30, 0
4550, 30, 0
4550.1, 30, 0
4550.2, 30, 0
4550.3, 30, 0
4550.4, 30, 0
4550.5, 30, 0
4550.6, 30, 0
4550.7, 30, 0
4550.8, 30, 0
4550.9, 30, 0
4551, 30, 0
4551.1, 29, 0
4551.2, 29, 0
4551.3, 29, 0
4551.4, 29, 0
4551.5, 29, 0
4551.6, 29, 0
4551.7, 29, 0
4551.8, 29, 0
4551.9, 29, 0
4552, 29, 0
4552.1, 30, 0
4552.2, 30, 0
4552.3, 30, 0
4552.4, 30, 0
4552.5, 30, 1
4552.6, 30, 1
4552.7, 30, 1
4552.8, 30, 1
4552.9, 30, 1
4553, 30, 1
4553.1, 30, 1
4553.2, 30, 1
4553.3, 30, 1
4553.4, 30, 1
4553.5, 30, 1
4553.6, 30, 1
4553.7, 29, 1
4553.8, 29, 1
4553.9, 29, 1
4554, 29, 1
4554.1, 29, 1
4554.2, 29, 1
4554.3, 29, 1
4554.4, 29, 1
4554.5, 29, 1
4554.6, 29, 1
4554.7, 29, 0
4554.8, 29, 0
4554.9, 29, 0
4555, 29, 0
4555.1, 29, 0
4555.2, 29, 0
4555.3, 29, 0
4555.4, 29, 0
4555.5, 29, 0
4555.6, 29, 0
4555.7, 29, 0
4555.8, 29, 0
4555.9, 29, 0
4556, 29, 0
4556.1, 29, 0
4556.2, 29, 0
4556.3, 29, 0
4556.4, 29, 0
4556.5, 29, 0
4556.6, 29, 0
4556.7, 28, 0
4556.8, 28, 0
4556.9, 28, 0
4557, 28, 0
4557.1, 28, 0
4557.2, 28, 0
4557.3, 28, 0
4557.4, 28, 0
4557.5, 28, 0
4557.6, 28, 0
4557.7, 28, 0
4557.8, 28, 0
4557.9, 27, 0
4558, 27, 0
4558.1, 27, 0
4558.2, 27, 0
4558.3, 27, 0
4558.4, 27, 0
4558.5, 27, 0
4558.6, 27, 0
4558.7, 27, 0
4558.8, 27, 0
4558.9, 27, 0
4559, 27, 0
4559.1, 27, 0
4559.2, 27, 0
4559.3, 27, 0
4559.4, 27, 0
4559.5, 27, 0
4559.6, 27, 0
4559.7, 27, 0
4559.8, 27, 0
4559.9, 27, 0
4560, 27, 0
4560.1, 27, 0
4560.2, 27, 0
4560.3, 27, 0
4560.4, 27, 0
4560.5, 27, 0
4560.6, 27, 0
4560.7, 27, 0
4560.8, 27, 0
4560.9, 27, 0
4561, 27, 0
4561.1, 28, 0
4561.2, 28, 0
4561.3, 28, 0
4561.4, 28, 0
4561.5, 28, 0
4561.6, 28, 0
4561.7, 28, 0
4561.8, 28, 0
4561.9, 28, 0
4562, 28, 0
4562.1, 28, -1
4562.2, 28, -1
4562.3, 28, -1
4562.4, 28, -1
4562.5, 28, -1
4562.6, 28, -1
4562.7, 28, -1
4562.8, 28, -1
4562.9, 28, -1
4563, 28, -1
4563.1, 28, -1
4563.2, 28, -1
4563.3, 28, -1
4563.4, 28, -1
4563.5, 28, -1
4563.6, 28, -1
4563.7, 28, -1
4563.8, 28, -1
4563.9, 28, -1
4564, 28, -1
4564.1, 28, -1
4564.2, 28, -1
4564.3, 28, -2
4564.4, 28, -2
4564.5, 28, -2
4564.6, 28, -2
4564.7, 28, -2
4564.8, 28, -2
4564.9, 28, -2
4565, 28, -2
4565.1, 28, -3
4565.2, 28, -3
4565.3, 28, -3
4565.4, 28, -3
4565.5, 28, -3
4565.6, 28, -3
4565.7, 28, -3
4565.8, 28, -3
4565.9, 28, -3
4566, 28, -3
4566.1, 28, -4
4566.2, 28, -4
4566.3, 28, -4
4566.4, 28, -4
4566.5, 28, -4
4566.6, 28, -4
4566.7, 28, -4
4566.8, 28, -4
4566.9, 28, -4
4567, 28, -4
4567.1, 28, -4
4567.2, 28, -4
4567.3, 28, -4
4567.4, 28, -4
4567.5, 28, -4
4567.6, 28, -4
4567.7, 28, -4
4567.8, 28, -4
4567.9, 28, -4
4568, 28, -4
4568.1, 28, -4
4568.2, 28, -4
4568.3, 28, -3
4568.4, 28, -3
4568.5, 28, -3
4568.6, 28, -3
4568.7, 28, -3
4568.8, 28, -3
4568.9, 28, -3
4569, 28, -3
4569.1, 27, -3
4569.2, 27, -3
4569.3, 27, -3
4569.4, 27, -3
4569.5, 27, -3
4569.6, 27, -3
4569.7, 27, -3
4569.8, 27, -3
4569.9, 27, -3
4570, 27, -3
4570.1, 27, -3
4570.2, 27, -3
4570.3, 27, -3
4570.4, 27, -3
4570.5, 27, -3
4570.6, 27, -3
4570.7, 27, -3
4570.8, 27, -3
4570.9, 27, -3
4571, 27, -3
4571.1, 27, -3
4571.2, 27, -3
4571.3, 27, -3
4571.4, 27, -3
4571.5, 27, -3
4571.6, 27, -3
4571.7, 27, -3
4571.8, 27, -3
4571.9, 27, -3
4572, 27, -3
4572.1, 27, -3
4572.2, 27, -3
4572.3, 27, -3
4572.4, 27, -3
4572.5, 27, -3
4572.6, 27, -3
4572.7, 27, -2
4572.8, 27, -2
4572.9, 27, -2
4573, 27, -2
4573.1, 27, -2
4573.2, 27, -2
4573.3, 27, -2
4573.4, 27, -2
4573.5, 27, -2
4573.6, 27, -2
4573.7, 27, -2
4573.8, 27, -2
4573.9, 27, -2
4574, 27, -2
4574.1, 27, -2
4574.2, 27, -2
4574.3, 27, -2
4574.4, 27, -2
4574.5, 27, -2
4574.6, 27, -2
4574.7, 27, -2
4574.8, 27, -2
4574.9, 27, -2
4575, 27, -2
4575.1, 26, -2
4575.2, 26, -2
4575.3, 26, -2
4575.4, 26, -2
4575.5, 26, -3
4575.6, 26, -3
4575.7, 26, -3
4575.8, 26, -3
4575.9, 26, -3
4576, 26, -3
4576.1, 26, -2
4576.2, 26, -2
4576.3, 26, -2
4576.4, 26, -2
4576.5, 26, -2
4576.6, 26, -2
4576.7, 26, -2
4576.8, 26, -2
4576.9, 26, -2
4577, 26, -2
4577.1, 26, -2
4577.2, 26, -2
4577.3, 26, -2
4577.4, 26, -2
4577.5, 26, -2
4577.6, 26, -2
4577.7, 26, -2
4577.8, 26, -2
4577.9, 26, -2
4578, 26, -2
4578.1, 26, -2
4578.2, 26, -2
4578.3, 26, -1
4578.4, 26, -1
4578.5, 26, -1
4578.6, 26, -1
4578.7, 26, -1
4578.8, 26, -1
4578.9, 26, -1
4579, 26, -1
4579.1, 26, -1
4579.2, 26, -1
4579.3, 26, -1
4579.4, 26, -1
4579.5, 26, -1
4579.6, 26, -1
4579.7, 26, -1
4579.8, 26, -1
4579.9, 26, -1
4580, 26, -1
4580.1, 26, -1
4580.2, 26, -1
4580.3, 25, -1
4580.4, 25, -1
4580.5, 25, -1
4580.6, 25, -1
4580.7, 25, -1
4580.8, 25, -1
4580.9, 25, -1
4581, 25, -1
4581.1, 25, -1
4581.2, 25, -1
4581.3, 25, -1
4581.4, 25, -1
4581.5, 25, -1
4581.6, 25, -1
4581.7, 25, -1
4581.8, 25, -1
4581.9, 25, -2
4582, 25, -2
4582.1, 25, -2
4582.2, 25, -2
4582.3, 25, -2
4582.4, 25, -2
4582.5, 25, -2
4582.6, 25, -2
4582.7, 25, -2
4582.8, 25, -2
4582.9, 25, -2
4583, 25, -2
4583.1, 25, -2
4583.2, 25, -2
4583.3, 25, -2
4583.4, 25, -2
4583.5, 25, -2
4583.6, 25, -2
4583.7, 25, -2
4583.8, 25, -2
4583.9, 25, -2
4584, 25, -2
4584.1, 25, -2
4584.2, 25, -2
4584.3, 24, -2
4584.4, 24, -2
4584.5, 24, -2
4584.6, 24, -2
4584.7, 24, -2
4584.8, 24, -2
4584.9, 24, -2
4585, 24, -2
4585.1, 24, -2
4585.2, 24, -2
4585.3, 23, -2
4585.4, 23, -2
4585.5, 23, -2
4585.6, 23, -2
4585.7, 22, -2
4585.8, 22, -2
4585.9, 22, -2
4586, 22, -2
4586.1, 22, -2
4586.2, 22, -2
4586.3, 22, -2
4586.4, 22, -2
4586.5, 22, -2
4586.6, 22, -2
4586.7, 22, -2
4586.8, 22, -2
4586.9, 22, -2
4587, 22, -2
4587.1, 22, -2
4587.2, 22, -2
4587.3, 22, -2
4587.4, 22, -2
4587.5, 22, -2
4587.6, 22, -2
4587.7, 22, -2
4587.8, 22, -2
4587.9, 22, -2
4588, 22, -2
4588.1, 22, -2
4588.2, 22, -2
4588.3, 22, -2
4588.4, 22, -2
4588.5, 22, -2
4588.6, 22, -2
4588.7, 22, -2
4588.8, 22, -2
4588.9, 22, -2
4589, 22, -2
4589.1, 22, -2
4589.2, 22, -2
4589.3, 22, -2
4589.4, 22, -2
4589.5, 22, -2
4589.6, 22, -2
4589.7, 22, -3
4589.8, 22, -3
4589.9, 22, -3
4590, 22, -3
4590.1, 22, -3
4590.2, 22, -3
4590.3, 22, -3
4590.4, 22, -3
4590.5, 22, -3
4590.6, 22, -3
4590.7, 22, -3
4590.8, 22, -3
4590.9, 23, -3
4591, 23, -3
4591.1, 23, -3
4591.2, 23, -3
4591.3, 23, -3
4591.4, 23, -3
4591.5, 23, -3
4591.6, 23, -3
4591.7, 23, -3
4591.8, 23, -3
4591.9, 23, -3
4592, 23, -3
4592.1, 23, -3
4592.2, 23, -3
4592.3, 23, -3
4592.4, 23, -3
4592.5, 23, -3
4592.6, 23, -3
4592.7, 23, -3
4592.8, 23, -3
4592.9, 23, -3
4593, 23, -3
4593.1, 23, -3
4593.2, 23, -3
4593.3, 23, -3
4593.4, 23, -3
4593.5, 23, -3
4593.6, 23, -3
4593.7, 23, -3
4593.8, 23, -3
4593.9, 23, -3
4594, 23, -3
4594.1, 23, -3
4594.2, 23, -3
4594.3, 23, -3
4594.4, 23, -3
4594.5, 23, -3
4594.6, 23, -3
4594.7, 23, -3
4594.8, 23, -3
4594.9, 23, -3
4595, 23, -3
4595.1, 22, -3
4595.2, 22, -3
4595.3, 22, -3
4595.4, 22, -3
4595.5, 22, -3
4595.6, 22, -3
4595.7, 22, -3
4595.8, 22, -3
4595.9, 22, -3
4596, 22, -3
4596.1, 22, -3
4596.2, 22, -3
4596.3, 21, -3
4596.4, 21, -3
4596.5, 21, -3
4596.6, 21, -3
4596.7, 21, -4
4596.8, 21, -4
4596.9, 21, -4
4597, 21, -4
4597.1, 21, -4
4597.2, 21, -4
4597.3, 21, -4
4597.4, 21, -4
4597.5, 21, -4
4597.6, 21, -4
4597.7, 21, -4
4597.8, 21, -4
4597.9, 21, -4
4598, 21, -4
4598.1, 21, -4
4598.2, 21, -4
4598.3, 21, -4
4598.4, 21, -4
4598.5, 21, -3
4598.6, 21, -3
4598.7, 21, -3
4598.8, 21, -3
4598.9, 21, -3
4599, 21, -3
4599.1, 21, -3
4599.2, 21, -3
4599.3, 21, -3
4599.4, 21, -3
4599.5, 21, -3
4599.6, 21, -3
4599.7, 21, -3
4599.8, 21, -3
4599.9, 21, -3
4600, 21, -3
4600.1, 21, -3
4600.2, 21, -3
4600.3, 21, -3
4600.4, 21, -3
4600.5, 21, -3
4600.6, 21, -3
4600.7, 21, -3
4600.8, 21, -3
4600.9, 21, -3
4601, 21, -3
4601.1, 21, -3
4601.2, 21, -3
4601.3, 21, -4
4601.4, 21, -4
4601.5, 21, -4
4601.6, 21, -4
4601.7, 21, -4
4601.8, 21, -4
4601.9, 21, -4
4602, 21, -4
4602.1, 21, -4
4602.2, 21, -4
4602.3, 21, -4
4602.4, 21, -4
4602.5, 21, -4
4602.6, 21, -4
4602.7, 21, -4
4602.8, 21, -4
4602.9, 21, -4
4603, 21, -4
4603.1, 21, -4
4603.2, 21, -4
4603.3, 21, -4
4603.4, 21, -4
4603.5, 21, -4
4603.6, 21, -4
4603.7, 22, -4
4603.8, 22, -4
4603.9, 22, -4
4604, 22, -4
4604.1, 21, -4
4604.2, 21, -4
4604.3, 21, -4
4604.4, 21, -4
4604.5, 21, -4
4604.6, 21, -4
4604.7, 21, -4
4604.8, 21, -4
4604.9, 21, -4
4605, 21, -4
4605.1, 21, -4
4605.2, 21, -4
4605.3, 21, -4
4605.4, 21, -4
4605.5, 21, -4
4605.6, 21, -4
4605.7, 21, -4
4605.8, 21, -4
4605.9, 21, -4
4606, 21, -4
4606.1, 21, -4
4606.2, 21, -4
4606.3, 21, -4
4606.4, 21, -4
4606.5, 21, -4
4606.6, 21, -4
4606.7, 21, -4
4606.8, 21, -4
4606.9, 21, -4
4607, 21, -4
4607.1, 21, -4
4607.2, 21, -4
4607.3, 21, -4
4607.4, 21, -4
4607.5, 20, -4
4607.6, 20, -4
4607.7, 19, -4
4607.8, 19, -4
4607.9, 19, -4
4608, 19, -4
4608.1, 19, -4
4608.2, 19, -4
4608.3, 19, -4
4608.4, 19, -4
4608.5, 19, -3
4608.6, 19, -3
4608.7, 19, -3
4608.8, 19, -3
4608.9, 19, -3
4609, 19, -3
4609.1, 19, -4
4609.2, 19, -4
4609.3, 19, -4
4609.4, 19, -4
4609.5, 19, -4
4609.6, 19, -4
4609.7, 19, -4
4609.8, 19, -4
4609.9, 19, -4
4610, 19, -4
4610.1, 19, -4
4610.2, 19, -4
4610.3, 19, -4
4610.4, 19, -4
4610.5, 18, -4
4610.6, 18, -4
4610.7, 17, -4
4610.8, 17, -4
4610.9, 17, -4
4611, 17, -4
4611.1, 17, -4
4611.2, 17, -4
4611.3, 17, -4
4611.4, 17, -4
4611.5, 17, -4
4611.6, 17, -4
4611.7, 17, -4
4611.8, 17, -4
4611.9, 17, -4
4612, 17, -4
4612.1, 17, -4
4612.2, 17, -4
4612.3, 17, -4
4612.4, 17, -4
4612.5, 17, -4
4612.6, 17, -4
4612.7, 17, -4
4612.8, 17, -4
4612.9, 17, -3
4613, 17, -3
4613.1, 17, -2
4613.2, 17, -2
4613.3, 17, -2
4613.4, 17, -2
4613.5, 17, -2
4613.6, 17, -2
4613.7, 17, -2
4613.8, 17, -2
4613.9, 17, -1
4614, 17, -1
4614.1, 17, -1
4614.2, 17, -1
4614.3, 17, -1
4614.4, 17, -1
4614.5, 17, -1
4614.6, 17, -1
4614.7, 17, -1
4614.8, 17, -1
4614.9, 17, -1
4615, 17, -1
4615.1, 17, -1
4615.2, 17, -1
4615.3, 17, -1
4615.4, 17, -1
4615.5, 17, -1
4615.6, 17, -1
4615.7, 17, -1
4615.8, 17, -1
4615.9, 17, -1
4616, 17, -1
4616.1, 17, -1
4616.2, 17, -1
4616.3, 17, -1
4616.4, 17, -1
4616.5, 17, -1
4616.6, 17, -1
4616.7, 17, -1
4616.8, 17, -1
4616.9, 17, -1
4617, 17, -1
4617.1, 17, -1
4617.2, 17, -1
4617.3, 17, -1
4617.4, 17, -1
4617.5, 17, -1
4617.6, 17, -1
4617.7, 17, -1
4617.8, 17, -1
4617.9, 17, -1
4618, 17, -1
4618.1, 17, -1
4618.2, 17, -1
4618.3, 17, -1
4618.4, 17, -1
4618.5, 17, -1
4618.6, 17, -1
4618.7, 17, -1
4618.8, 17, -1
4618.9, 17, -1
4619, 17, -1
4619.1, 17, -1
4619.2, 17, -1
4619.3, 17, -1
4619.4, 17, -1
4619.5, 17, 0
4619.6, 17, 0
4619.7, 17, 1
4619.8, 17, 1
4619.9, 17, 1
4620, 17, 1
4620.1, 17, 1
4620.2, 17, 1
4620.3, 17, 1
4620.4, 17, 1
4620.5, 17, 1
4620.6, 17, 1
4620.7, 17, 1
4620.8, 17, 1
4620.9, 17, 1
4621, 17, 1
4621.1, 18, 1
4621.2, 18, 1
4621.3, 18, 1
4621.4, 18, 1
4621.5, 18, 1
4621.6, 18, 1
4621.7, 18, 1
4621.8, 18, 1
4621.9, 18, 1
4622, 18, 1
4622.1, 18, 1
4622.2, 18, 1
4622.3, 18, 1
4622.4, 18, 1
4622.5, 18, 2
4622.6, 18, 2
4622.7, 18, 2
4622.8, 18, 2
4622.9, 18, 2
4623, 18, 2
4623.1, 18, 3
4623.2, 18, 3
4623.3, 18, 3
4623.4, 18, 3
4623.5, 18, 3
4623.6, 18, 3
4623.7, 18, 3
4623.8, 18, 3
4623.9, 18, 3
4624, 18, 3
4624.1, 18, 3
4624.2, 18, 3
4624.3, 18, 3
4624.4, 18, 3
4624.5, 18, 3
4624.6, 18, 3
4624.7, 18, 3
4624.8, 18, 3
4624.9, 18, 3
4625, 18, 3
4625.1, 18, 3
4625.2, 18, 3
4625.3, 18, 3
4625.4, 18, 3
4625.5, 18, 3
4625.6, 18, 3
4625.7, 18, 3
4625.8, 18, 3
4625.9, 18, 3
4626, 18, 3
4626.1, 18, 3
4626.2, 18, 3
4626.3, 18, 3
4626.4, 18, 3
4626.5, 18, 3
4626.6, 18, 3
4626.7, 18, 3
4626.8, 18, 3
4626.9, 18, 3
4627, 18, 3
4627.1, 18, 3
4627.2, 18, 3
4627.3, 18, 3
4627.4, 18, 3
4627.5, 18, 3
4627.6, 18, 3
4627.7, 18, 3
4627.8, 18, 3
4627.9, 18, 3
4628, 18, 3
4628.1, 18, 3
4628.2, 18, 3
4628.3, 18, 3
4628.4, 18, 3
4628.5, 18, 3
4628.6, 18, 3
4628.7, 18, 3
4628.8, 18, 3
4628.9, 18, 3
4629, 18, 3
4629.1, 18, 3
4629.2, 18, 3
4629.3, 18, 3
4629.4, 18, 3
4629.5, 17, 3
4629.6, 17, 3
4629.7, 17, 3
4629.8, 17, 3
4629.9, 17, 3
4630, 17, 3
4630.1, 17, 3
4630.2, 17, 3
4630.3, 17, 3
4630.4, 17, 3
4630.5, 17, 3
4630.6, 17, 3
4630.7, 17, 3
4630.8, 17, 3
4630.9, 17, 3
4631, 17, 3
4631.1, 17, 3
4631.2, 17, 3
4631.3, 17, 3
4631.4, 17, 3
4631.5, 17, 3
4631.6, 17, 3
4631.7, 17, 3
4631.8, 17, 3
4631.9, 17, 3
4632, 17, 3
4632.1, 17, 3
4632.2, 17, 3
4632.3, 17, 3
4632.4, 17, 3
4632.5, 17, 3
4632.6, 17, 3
4632.7, 17, 3
4632.8, 17, 3
4632.9, 17, 3
4633, 17, 3
4633.1, 17, 3
4633.2, 17, 3
4633.3, 17, 3
4633.4, 17, 3
4633.5, 17, 3
4633.6, 17, 3
4633.7, 17, 3
4633.8, 17, 3
4633.9, 17, 3
4634, 17, 3
4634.1, 17, 3
4634.2, 17, 3
4634.3, 17, 3
4634.4, 17, 3
4634.5, 17, 3
4634.6, 17, 3
4634.7, 17, 3
4634.8, 17, 3
4634.9, 17, 3
4635, 17, 3
4635.1, 17, 3
4635.2, 17, 3
4635.3, 17, 3
4635.4, 17, 3
4635.5, 17, 3
4635.6, 17, 3
4635.7, 17, 3
4635.8, 17, 3
4635.9, 17, 3
4636, 17, 3
4636.1, 17, 3
4636.2, 17, 3
4636.3, 16, 3
4636.4, 16, 3
4636.5, 16, 3
4636.6, 16, 3
4636.7, 16, 3
4636.8, 16, 3
4636.9, 16, 3
4637, 16, 3
4637.1, 16, 3
4637.2, 16, 3
4637.3, 16, 3
4637.4, 16, 3
4637.5, 16, 3
4637.6, 16, 3
4637.7, 16, 3
4637.8, 16, 3
4637.9, 16, 3
4638, 16, 3
4638.1, 16, 3
4638.2, 16, 3
4638.3, 16, 4
4638.4, 16, 4
4638.5, 16, 4
4638.6, 16, 4
4638.7, 16, 4
4638.8, 16, 4
4638.9, 16, 4
4639, 16, 4
4639.1, 16, 4
4639.2, 16, 4
4639.3, 16, 4
4639.4, 16, 4
4639.5, 16, 4
4639.6, 16, 4
4639.7, 16, 4
4639.8, 16, 4
4639.9, 16, 4
4640, 16, 4
4640.1, 16, 4
4640.2, 16, 4
4640.3, 16, 4
4640.4, 16, 4
4640.5, 16, 4
4640.6, 16, 4
4640.7, 16, 4
4640.8, 16, 4
4640.9, 16, 4
4641, 16, 4
4641.1, 16, 4
4641.2, 16, 4
4641.3, 16, 4
4641.4, 16, 4
4641.5, 16, 4
4641.6, 16, 4
4641.7, 16, 4
4641.8, 16, 4
4641.9, 15, 4
4642, 15, 4
4642.1, 15, 4
4642.2, 15, 4
4642.3, 15, 4
4642.4, 15, 4
4642.5, 15, 4
4642.6, 15, 4
4642.7, 15, 4
4642.8, 15, 4
4642.9, 15, 4
4643, 15, 4
4643.1, 15, 4
4643.2, 15, 4
4643.3, 15, 4
4643.4, 15, 4
4643.5, 15, 4
4643.6, 15, 4
4643.7, 15, 4
4643.8, 15, 4
4643.9, 15, 4
4644, 15, 4
4644.1, 15, 4
4644.2, 15, 4
4644.3, 16, 4
4644.4, 16, 4
4644.5, 16, 4
4644.6, 16, 4
4644.7, 16, 3
4644.8, 16, 3
4644.9, 16, 3
4645, 16, 3
4645.1, 16, 3
4645.2, 16, 3
4645.3, 16, 3
4645.4, 16, 3
4645.5, 16, 3
4645.6, 16, 3
4645.7, 16, 3
4645.8, 16, 3
4645.9, 16, 3
4646, 16, 3
4646.1, 16, 3
4646.2, 16, 3
4646.3, 16, 3
4646.4, 16, 3
4646.5, 16, 3
4646.6, 16, 3
4646.7, 16, 3
4646.8, 16, 3
4646.9, 16, 3
4647, 16, 3
4647.1, 16, 3
4647.2, 16, 3
4647.3, 16, 3
4647.4, 16, 3
4647.5, 16, 3
4647.6, 16, 3
4647.7, 16, 3
4647.8, 16, 3
4647.9, 16, 3
4648, 16, 3
4648.1, 16, 3
4648.2, 16, 3
4648.3, 16, 3
4648.4, 16, 3
4648.5, 16, 3
4648.6, 16, 3
4648.7, 16, 2
4648.8, 16, 2
4648.9, 15, 2
4649, 15, 2
4649.1, 15, 2
4649.2, 15, 2
4649.3, 15, 2
4649.4, 15, 2
4649.5, 15, 2
4649.6, 15, 2
4649.7, 15, 2
4649.8, 15, 2
4649.9, 15, 2
4650, 15, 2
4650.1, 15, 2
4650.2, 15, 2
4650.3, 15, 2
4650.4, 15, 2
4650.5, 15, 2
4650.6, 15, 2
4650.7, 15, 2
4650.8, 15, 2
4650.9, 15, 2
4651, 15, 2
4651.1, 15, 2
4651.2, 15, 2
4651.3, 15, 2
4651.4, 15, 2
4651.5, 15, 2
4651.6, 15, 2
4651.7, 15, 2
4651.8, 15, 2
4651.9, 15, 2
4652, 15, 2
4652.1, 15, 2
4652.2, 15, 2
4652.3, 15, 2
4652.4, 15, 2
4652.5, 15, 2
4652.6, 15, 2
4652.7, 15, 2
4652.8, 15, 2
4652.9, 15, 2
4653, 15, 2
4653.1, 15, 2
4653.2, 15, 2
4653.3, 15, 2
4653.4, 15, 2
4653.5, 15, 2
4653.6, 15, 2
4653.7, 15, 2
4653.8, 15, 2
4653.9, 15, 2
4654, 15, 2
4654.1, 15, 2
4654.2, 15, 2
4654.3, 15, 2
4654.4, 15, 2
4654.5, 15, 2
4654.6, 15, 2
4654.7, 15, 2
4654.8, 15, 2
4654.9, 15, 2
4655, 15, 2
4655.1, 15, 2
4655.2, 15, 2
4655.3, 15, 2
4655.4, 15, 2
4655.5, 15, 2
4655.6, 15, 2
4655.7, 15, 2
4655.8, 15, 2
4655.9, 15, 2
4656, 15, 2
4656.1, 15, 2
4656.2, 15, 2
4656.3, 15, 3
4656.4, 15, 3
4656.5, 15, 4
4656.6, 15, 4
4656.7, 15, 4
4656.8, 15, 4
4656.9, 15, 4
4657, 15, 4
4657.1, 15, 4
4657.2, 15, 4
4657.3, 15, 4
4657.4, 15, 4
4657.5, 15, 4
4657.6, 15, 4
4657.7, 15, 4
4657.8, 15, 4
4657.9, 15, 4
4658, 15, 4
4658.1, 14, 4
4658.2, 14, 4
4658.3, 14, 5
4658.4, 14, 5
4658.5, 14, 5
4658.6, 14, 5
4658.7, 14, 5
4658.8, 14, 5
4658.9, 14, 5
4659, 14, 5
4659.1, 14, 5
4659.2, 14, 5
4659.3, 14, 5
4659.4, 14, 5
4659.5, 14, 5
4659.6, 14, 5
4659.7, 14, 5
4659.8, 14, 5
4659.9, 14, 5
4660, 14, 5
4660.1, 14, 5
4660.2, 14, 5
4660.3, 14, 6
4660.4, 14, 6
4660.5, 14, 6
4660.6, 14, 6
4660.7, 14, 6
4660.8, 14, 6
4660.9, 14, 6
4661, 14, 6
4661.1, 14, 6
4661.2, 14, 6
4661.3, 14, 6
4661.4, 14, 6
4661.5, 14, 6
4661.6, 14, 6
4661.7, 14, 6
4661.8, 14, 6
4661.9, 14, 6
4662, 14, 6
4662.1, 14, 5
4662.2, 14, 5
4662.3, 14, 5
4662.4, 14, 5
4662.5, 14, 5
4662.6, 14, 5
4662.7, 14, 5
4662.8, 14, 5
4662.9, 14, 5
4663, 14, 5
4663.1, 14, 5
4663.2, 14, 5
4663.3, 14, 4
4663.4, 14, 4
4663.5, 14, 4
4663.6, 14, 4
4663.7, 14, 4
4663.8, 14, 4
4663.9, 14, 4
4664, 14, 4
4664.1, 14, 5
4664.2, 14, 5
4664.3, 14, 5
4664.4, 14, 5
4664.5, 14, 5
4664.6, 14, 5
4664.7, 14, 5
4664.8, 14, 5
4664.9, 14, 5
4665, 14, 5
4665.1, 14, 5
4665.2, 14, 5
4665.3, 14, 5
4665.4, 14, 5
4665.5, 14, 5
4665.6, 14, 5
4665.7, 14, 5
4665.8, 14, 5
4665.9, 14, 5
4666, 14, 5
4666.1, 14, 5
4666.2, 14, 5
4666.3, 14, 6
4666.4, 14, 6
4666.5, 14, 6
4666.6, 14, 6
4666.7, 14, 6
4666.8, 14, 6
4666.9, 14, 6
4667, 14, 6
4667.1, 13, 6
4667.2, 13, 6
4667.3, 13, 6
4667.4, 13, 6
4667.5, 13, 6
4667.6, 13, 6
4667.7, 13, 6
4667.8, 13, 6
4667.9, 13, 6
4668, 13, 6
4668.1, 13, 7
4668.2, 13, 7
4668.3, 13, 7
4668.4, 13, 7
4668.5, 13, 7
4668.6, 13, 7
4668.7, 13, 7
4668.8, 13, 7
4668.9, 13, 7
4669, 13, 7
4669.1, 13, 7
4669.2, 13, 7
4669.3, 13, 7
4669.4, 13, 7
4669.5, 13, 7
4669.6, 13, 7
4669.7, 13, 7
4669.8, 13, 7
4669.9, 13, 7
4670, 13, 7
4670.1, 13, 7
4670.2, 13, 7
4670.3, 13, 7
4670.4, 13, 7
4670.5, 13, 7
4670.6, 13, 7
4670.7, 13, 7
4670.8, 13, 7
4670.9, 13, 7
4671, 13, 7
4671.1, 13, 7
4671.2, 13, 7
4671.3, 13, 7
4671.4, 13, 7
4671.5, 13, 7
4671.6, 13, 7
4671.7, 13, 7
4671.8, 13, 7
4671.9, 13, 7
4672, 13, 7
4672.1, 13, 7
4672.2, 13, 7
4672.3, 13, 8
4672.4, 13, 8
4672.5, 13, 8
4672.6, 13, 8
4672.7, 13, 8
4672.8, 13, 8
4672.9, 13, 8
4673, 13, 8
4673.1, 13, 8
4673.2, 13, 8
4673.3, 13, 8
4673.4, 13, 8
4673.5, 13, 8
4673.6, 13, 8
4673.7, 13, 8
4673.8, 13, 8
4673.9, 13, 8
4674, 13, 8
4674.1, 13, 8
4674.2, 13, 8
4674.3, 13, 8
4674.4, 13, 8
4674.5, 13, 8
4674.6, 13, 8
4674.7, 13, 8
4674.8, 13, 8
4674.9, 13, 8
4675, 13, 8
4675.1, 13, 7
4675.2, 13, 7
4675.3, 13, 7
4675.4, 13, 7
4675.5, 13, 7
4675.6, 13, 7
4675.7, 13, 7
4675.8, 13, 7
4675.9, 13, 7
4676, 13, 7
4676.1, 13, 7
4676.2, 13, 7
4676.3, 13, 7
4676.4, 13, 7
4676.5, 13, 7
4676.6, 13, 7
4676.7, 13, 7
4676.8, 13, 7
4676.9, 13, 7
4677, 13, 7
4677.1, 13, 7
4677.2, 13, 7
4677.3, 13, 7
4677.4, 13, 7
4677.5, 13, 7
4677.6, 13, 7
4677.7, 13, 7
4677.8, 13, 7
4677.9, 13, 7
4678, 13, 7
4678.1, 13, 7
4678.2, 13, 7
4678.3, 13, 7
4678.4, 13, 7
4678.5, 13, 7
4678.6, 13, 7
4678.7, 13, 7
4678.8, 13, 7
4678.9, 13, 7
4679, 13, 7
4679.1, 13, 7
4679.2, 13, 7
4679.3, 13, 7
4679.4, 13, 7
4679.5, 13, 7
4679.6, 13, 7
4679.7, 13, 7
4679.8, 13, 7
4679.9, 13, 7
4680, 13, 7
4680.1, 13, 7
4680.2, 13, 7
4680.3, 13, 7
4680.4, 13, 7
4680.5, 13, 7
4680.6, 13, 7
4680.7, 13, 7
4680.8, 13, 7
4680.9, 13, 7
4681, 13, 7
4681.1, 13, 7
4681.2, 13, 7
4681.3, 13, 7
4681.4, 13, 7
4681.5, 13, 7
4681.6, 13, 7
4681.7, 13, 7
4681.8, 13, 7
4681.9, 13, 7
4682, 13, 7
4682.1, 13, 7
4682.2, 13, 7
4682.3, 13, 7
4682.4, 13, 7
4682.5, 14, 7
4682.6, 14, 7
4682.7, 14, 7
4682.8, 14, 7
4682.9, 14, 7
4683, 14, 7
4683.1, 15, 7
4683.2, 15, 7
4683.3, 15, 7
4683.4, 15, 7
4683.5, 15, 7
4683.6, 15, 7
4683.7, 15, 7
4683.8, 15, 7
4683.9, 15, 7
4684, 15, 7
4684.1, 15, 8
4684.2, 15, 8
4684.3, 15, 8
4684.4, 15, 8
4684.5, 15, 8
4684.6, 15, 8
4684.7, 15, 8
4684.8, 15, 8
4684.9, 15, 8
4685, 15, 8
4685.1, 15, 8
4685.2, 15, 8
4685.3, 15, 8
4685.4, 15, 8
4685.5, 15, 8
4685.6, 15, 8
4685.7, 15, 9
4685.8, 15, 9
4685.9, 15, 9
4686, 15, 9
4686.1, 15, 9
4686.2, 15, 9
4686.3, 15, 9
4686.4, 15, 9
4686.5, 15, 9
4686.6, 15, 9
4686.7, 15, 9
4686.8, 15, 9
4686.9, 15, 9
4687, 15, 9
4687.1, 15, 9
4687.2, 15, 9
4687.3, 15, 9
4687.4, 15, 9
4687.5, 15, 9
4687.6, 15, 9
4687.7, 15, 9
4687.8, 15, 9
4687.9, 15, 9
4688, 15, 9
4688.1, 15, 9
4688.2, 15, 9
4688.3, 15, 9
4688.4, 15, 9
4688.5, 15, 10
4688.6, 15, 10
4688.7, 15, 10
4688.8, 15, 10
4688.9, 15, 10
4689, 15, 10
4689.1, 15, 10
4689.2, 15, 10
4689.3, 15, 10
4689.4, 15, 10
4689.5, 15, 10
4689.6, 15, 10
4689.7, 15, 10
4689.8, 15, 10
4689.9, 15, 10
4690, 15, 10
4690.1, 15, 10
4690.2, 15, 10
4690.3, 15, 10
4690.4, 15, 10
4690.5, 15, 10
4690.6, 15, 10
4690.7, 15, 10
4690.8, 15, 10
4690.9, 15, 10
4691, 15, 10
4691.1, 15, 10
4691.2, 15, 10
4691.3, 15, 10
4691.4, 15, 10
4691.5, 15, 10
4691.6, 15, 10
4691.7, 15, 10
4691.8, 15, 10
4691.9, 15, 10
4692, 15, 10
4692.1, 15, 10
4692.2, 15, 10
4692.3, 15, 10
4692.4, 15, 10
4692.5, 15, 10
4692.6, 15, 10
4692.7, 15, 10
4692.8, 15, 10
4692.9, 15, 10
4693, 15, 10
4693.1, 15, 10
4693.2, 15, 10
4693.3, 15, 10
4693.4, 15, 10
4693.5, 15, 10
4693.6, 15, 10
4693.7, 15, 10
4693.8, 15, 10
4693.9, 15, 10
4694, 15, 10
4694.1, 15, 10
4694.2, 15, 10
4694.3, 15, 10
4694.4, 15, 10
4694.5, 15, 10
4694.6, 15, 10
4694.7, 15, 10
4694.8, 15, 10
4694.9, 15, 10
4695, 15, 10
4695.1, 15, 10
4695.2, 15, 10
4695.3, 15, 10
4695.4, 15, 10
4695.5, 15, 10
4695.6, 15, 10
4695.7, 15, 10
4695.8, 15, 10
4695.9, 15, 10
4696, 15, 10
4696.1, 15, 10
4696.2, 15, 10
4696.3, 15, 10
4696.4, 15, 10
4696.5, 14, 10
4696.6, 14, 10
4696.7, 14, 10
4696.8, 14, 10
4696.9, 14, 10
4697, 14, 10
4697.1, 14, 10
4697.2, 14, 10
4697.3, 14, 10
4697.4, 14, 10
4697.5, 14, 10
4697.6, 14, 10
4697.7, 14, 9
4697.8, 14, 9
4697.9, 14, 9
4698, 14, 9
4698.1, 14, 9
4698.2, 14, 9
4698.3, 14, 9
4698.4, 14, 9
4698.5, 14, 9
4698.6, 14, 9
4698.7, 14, 9
4698.8, 14, 9
4698.9, 14, 9
4699, 14, 9
4699.1, 14, 9
4699.2, 14, 9
4699.3, 14, 9
4699.4, 14, 9
4699.5, 14, 9
4699.6, 14, 9
4699.7, 14, 9
4699.8, 14, 9
4699.9, 14, 9
4700, 14, 9
4700.1, 14, 9
4700.2, 14, 9
4700.3, 14, 9
4700.4, 14, 9
4700.5, 14, 9
4700.6, 14, 9
4700.7, 14, 9
4700.8, 14, 9
4700.9, 15, 9
4701, 15, 9
4701.1, 15, 8
4701.2, 15, 8
4701.3, 15, 8
4701.4, 15, 8
4701.5, 15, 8
4701.6, 15, 8
4701.7, 15, 8
4701.8, 15, 8
4701.9, 15, 8
4702, 15, 8
4702.1, 15, 8
4702.2, 15, 8
4702.3, 15, 8
4702.4, 15, 8
4702.5, 15, 8
4702.6, 15, 8
4702.7, 15, 8
4702.8, 15, 8
4702.9, 15, 8
4703, 15, 8
4703.1, 15, 8
4703.2, 15, 8
4703.3, 15, 8
4703.4, 15, 8
4703.5, 15, 8
4703.6, 15, 8
4703.7, 15, 8
4703.8, 15, 8
4703.9, 15, 8
4704, 15, 8
4704.1, 15, 8
4704.2, 15, 8
4704.3, 15, 8
4704.4, 15, 8
4704.5, 15, 8
4704.6, 15, 8
4704.7, 15, 8
4704.8, 15, 8
4704.9, 15, 8
4705, 15, 8
4705.1, 15, 8
4705.2, 15, 8
4705.3, 15, 8
4705.4, 15, 8
4705.5, 15, 8
4705.6, 15, 8
4705.7, 15, 8
4705.8, 15, 8
4705.9, 15, 8
4706, 15, 8
4706.1, 15, 8
4706.2, 15, 8
4706.3, 15, 8
4706.4, 15, 8
4706.5, 15, 8
4706.6, 15, 8
4706.7, 15, 8
4706.8, 15, 8
4706.9, 15, 8
4707, 15, 8
4707.1, 15, 8
4707.2, 15, 8
4707.3, 15, 8
4707.4, 15, 8
4707.5, 15, 8
4707.6, 15, 8
4707.7, 15, 8
4707.8, 15, 8
4707.9, 15, 8
4708, 15, 8
4708.1, 15, 8
4708.2, 15, 8
4708.3, 15, 8
4708.4, 15, 8
4708.5, 15, 8
4708.6, 15, 8
4708.7, 15, 8
4708.8, 15, 8
4708.9, 15, 8
4709, 15, 8
4709.1, 15, 8
4709.2, 15, 8
4709.3, 15, 8
4709.4, 15, 8
4709.5, 15, 7
4709.6, 15, 7
4709.7, 15, 7
4709.8, 15, 7
4709.9, 15, 7
4710, 15, 7
4710.1, 15, 7
4710.2, 15, 7
4710.3, 15, 7
4710.4, 15, 7
4710.5, 15, 7
4710.6, 15, 7
4710.7, 15, 7
4710.8, 15, 7
4710.9, 15, 7
4711, 15, 7
4711.1, 15, 7
4711.2, 15, 7
4711.3, 15, 7
4711.4, 15, 7
4711.5, 15, 7
4711.6, 15, 7
4711.7, 15, 8
4711.8, 15, 8
4711.9, 15, 7
4712, 15, 7
4712.1, 15, 7
4712.2, 15, 7
4712.3, 15, 7
4712.4, 15, 7
4712.5, 15, 7
4712.6, 15, 7
4712.7, 15, 7
4712.8, 15, 7
4712.9, 15, 7
4713, 15, 7
4713.1, 15, 7
4713.2, 15, 7
4713.3, 15, 7
4713.4, 15, 7
4713.5, 15, 7
4713.6, 15, 7
4713.7, 14, 7
4713.8, 14, 7
4713.9, 14, 7
4714, 14, 7
4714.1, 14, 6
4714.2, 14, 6
4714.3, 14, 5
4714.4, 14, 5
4714.5, 14, 5
4714.6, 14, 5
4714.7, 14, 5
4714.8, 14, 5
4714.9, 14, 5
4715, 14, 5
4715.1, 14, 5
4715.2, 14, 5
4715.3, 14, 5
4715.4, 14, 5
4715.5, 14, 5
4715.6, 14, 5
4715.7, 14, 5
4715.8, 14, 5
4715.9, 14, 5
4716, 14, 5
4716.1, 14, 5
4716.2, 14, 5
4716.3, 14, 5
4716.4, 14, 5
4716.5, 14, 5
4716.6, 14, 5
4716.7, 14, 5
4716.8, 14, 5
4716.9, 14, 5
4717, 14, 5
4717.1, 14, 5
4717.2, 14, 5
4717.3, 14, 5
4717.4, 14, 5
4717.5, 14, 5
4717.6, 14, 5
4717.7, 14, 5
4717.8, 14, 5
4717.9, 14, 5
4718, 14, 5
4718.1, 14, 5
4718.2, 14, 5
4718.3, 14, 5
4718.4, 14, 5
4718.5, 14, 5
4718.6, 14, 5
4718.7, 14, 5
4718.8, 14, 5
4718.9, 14, 5
4719, 14, 5
4719.1, 14, 5
4719.2, 14, 5
4719.3, 14, 5
4719.4, 14, 5
4719.5, 14, 5
4719.6, 14, 5
4719.7, 14, 5
4719.8, 14, 5
4719.9, 14, 5
4720, 14, 5
4720.1, 15, 5
4720.2, 15, 5
4720.3, 15, 5
4720.4, 15, 5
4720.5, 15, 5
4720.6, 15, 5
4720.7, 15, 5
4720.8, 15, 5
4720.9, 15, 4
4721, 15, 4
4721.1, 15, 4
4721.2, 15, 4
4721.3, 14, 4
4721.4, 14, 4
4721.5, 14, 4
4721.6, 14, 4
4721.7, 14, 4
4721.8, 14, 4
4721.9, 14, 4
4722, 14, 4
4722.1, 14, 4
4722.2, 14, 4
4722.3, 14, 4
4722.4, 14, 4
4722.5, 14, 5
4722.6, 14, 5
4722.7, 14, 5
4722.8, 14, 5
4722.9, 14, 5
4723, 14, 5
4723.1, 14, 5
4723.2, 14, 5
4723.3, 14, 5
4723.4, 14, 5
4723.5, 14, 5
4723.6, 14, 5
4723.7, 14, 5
4723.8, 14, 5
4723.9, 14, 5
4724, 14, 5
4724.1, 14, 5
4724.2, 14, 5
4724.3, 14, 5
4724.4, 14, 5
4724.5, 14, 5
4724.6, 14, 5
4724.7, 14, 5
4724.8, 14, 5
4724.9, 14, 5
4725, 14, 5
4725.1, 14, 5
4725.2, 14, 5
4725.3, 13, 5
4725.4, 13, 5
4725.5, 13, 5
4725.6, 13, 5
4725.7, 13, 5
4725.8, 13, 5
4725.9, 13, 5
4726, 13, 5
4726.1, 13, 5
4726.2, 13, 5
4726.3, 13, 5
4726.4, 13, 5
4726.5, 13, 5
4726.6, 13, 5
4726.7, 13, 5
4726.8, 13, 5
4726.9, 12, 5
4727, 12, 5
4727.1, 12, 5
4727.2, 12, 5
4727.3, 11, 5
4727.4, 11, 5
4727.5, 11, 5
4727.6, 11, 5
4727.7, 11, 5
4727.8, 11, 5
4727.9, 11, 5
4728, 11, 5
4728.1, 11, 5
4728.2, 11, 5
4728.3, 11, 5
4728.4, 11, 5
4728.5, 11, 5
4728.6, 11, 5
4728.7, 11, 5
4728.8, 11, 5
4728.9, 11, 5
4729, 11, 5
4729.1, 11, 5
4729.2, 11, 5
4729.3, 11, 5
4729.4, 11, 5
4729.5, 11, 5
4729.6, 11, 5
4729.7, 11, 5
4729.8, 11, 5
4729.9, 10, 5
4730, 10, 5
4730.1, 10, 5
4730.2, 10, 5
4730.3, 10, 5
4730.4, 10, 5
4730.5, 10, 5
4730.6, 10, 5
4730.7, 10, 6
4730.8, 10, 6
4730.9, 10, 6
4731, 10, 6
4731.1, 10, 6
4731.2, 10, 6
4731.3, 10, 7
4731.4, 10, 7
4731.5, 10, 7
4731.6, 10, 7
4731.7, 10, 7
4731.8, 10, 7
4731.9, 10, 7
4732, 10, 7
4732.1, 10, 7
4732.2, 10, 7
4732.3, 10, 7
4732.4, 10, 7
4732.5, 10, 6
4732.6, 10, 6
4732.7, 10, 6
4732.8, 10, 6
4732.9, 10, 6
4733, 10, 6
4733.1, 10, 6
4733.2, 10, 6
4733.3, 10, 6
4733.4, 10, 6
4733.5, 10, 6
4733.6, 10, 6
4733.7, 10, 6
4733.8, 10, 6
4733.9, 10, 6
4734, 10, 6
4734.1, 10, 6
4734.2, 10, 6
4734.3, 10, 6
4734.4, 10, 6
4734.5, 10, 6
4734.6, 10, 6
4734.7, 10, 6
4734.8, 10, 6
4734.9, 10, 6
4735, 10, 6
4735.1, 10, 6
4735.2, 10, 6
4735.3, 10, 6
4735.4, 10, 6
4735.5, 10, 6
4735.6, 10, 6
4735.7, 10, 6
4735.8, 10, 6
4735.9, 10, 6
4736, 10, 6
4736.1, 10, 6
4736.2, 10, 6
4736.3, 9, 6
4736.4, 9, 6
4736.5, 9, 6
4736.6, 9, 6
4736.7, 9, 6
4736.8, 9, 6
4736.9, 9, 6
4737, 9, 6
4737.1, 9, 6
4737.2, 9, 6
4737.3, 9, 6
4737.4, 9, 6
4737.5, 9, 6
4737.6, 9, 6
4737.7, 9, 6
4737.8, 9, 6
4737.9, 9, 6
4738, 9, 6
4738.1, 9, 6
4738.2, 9, 6
4738.3, 9, 6
4738.4, 9, 6
4738.5, 9, 6
4738.6, 9, 6
4738.7, 9, 6
4738.8, 9, 6
4738.9, 9, 6
4739, 9, 6
4739.1, 9, 5
4739.2, 9, 5
4739.3, 9, 5
4739.4, 9, 5
4739.5, 9, 5
4739.6, 9, 5
4739.7, 9, 5
4739.8, 9, 5
4739.9, 9, 5
4740, 9, 5
4740.1, 9, 5
4740.2, 9, 5
4740.3, 9, 5
4740.4, 9, 5
4740.5, 9, 5
4740.6, 9, 5
4740.7, 9, 5
4740.8, 9, 5
4740.9, 9, 5
4741, 9, 5
4741.1, 9, 5
4741.2, 9, 5
4741.3, 9, 5
4741.4, 9, 5
4741.5, 9, 5
4741.6, 9, 5
4741.7, 9, 5
4741.8, 9, 5
4741.9, 9, 5
4742, 9, 5
4742.1, 9, 5
4742.2, 9, 5
4742.3, 9, 5
4742.4, 9, 5
4742.5, 9, 5
4742.6, 9, 5
4742.7, 9, 5
4742.8, 9, 5
4742.9, 9, 5
4743, 9, 5
4743.1, 9, 5
4743.2, 9, 5
4743.3, 9, 5
4743.4, 9, 5
4743.5, 9, 5
4743.6, 9, 5
4743.7, 9, 5
4743.8, 9, 5
4743.9, 9, 5
4744, 9, 5
4744.1, 9, 5
4744.2, 9, 5
4744.3, 9, 5
4744.4, 9, 5
4744.5, 9, 5
4744.6, 9, 5
4744.7, 9, 5
4744.8, 9, 5
4744.9, 9, 5
4745, 9, 5
4745.1, 9, 5
4745.2, 9, 5
4745.3, 9, 5
4745.4, 9, 5
4745.5, 8, 5
4745.6, 8, 5
4745.7, 8, 4
4745.8, 8, 4
4745.9, 8, 4
4746, 8, 4
4746.1, 8, 4
4746.2, 8, 4
4746.3, 8, 4
4746.4, 8, 4
4746.5, 7, 4
4746.6, 7, 4
4746.7, 7, 4
4746.8, 7, 4
4746.9, 7, 4
4747, 7, 4
4747.1, 7, 4
4747.2, 7, 4
4747.3, 7, 4
4747.4, 7, 4
4747.5, 7, 4
4747.6, 7, 4
4747.7, 7, 4
4747.8, 7, 4
4747.9, 7, 4
4748, 7, 4
4748.1, 7, 4
4748.2, 7, 4
4748.3, 7, 4
4748.4, 7, 4
4748.5, 7, 4
4748.6, 7, 4
4748.7, 7, 4
4748.8, 7, 4
4748.9, 7, 4
4749, 7, 4
4749.1, 7, 4
4749.2, 7, 4
4749.3, 7, 4
4749.4, 7, 4
4749.5, 7, 4
4749.6, 7, 4
4749.7, 7, 4
4749.8, 7, 4
4749.9, 7, 4
4750, 7, 4
4750.1, 7, 4
4750.2, 7, 4
4750.3, 7, 4
4750.4, 7, 4
4750.5, 7, 4
4750.6, 7, 4
4750.7, 7, 4
4750.8, 7, 4
4750.9, 7, 4
4751, 7, 4
4751.1, 7, 4
4751.2, 7, 4
4751.3, 7, 4
4751.4, 7, 4
4751.5, 7, 4
4751.6, 7, 4
4751.7, 7, 4
4751.8, 7, 4
4751.9, 7, 4
4752, 7, 4
4752.1, 7, 4
4752.2, 7, 4
4752.3, 7, 4
4752.4, 7, 4
4752.5, 7, 4
4752.6, 7, 4
4752.7, 7, 4
4752.8, 7, 4
4752.9, 7, 4
4753, 7, 4
4753.1, 7, 4
4753.2, 7, 4
4753.3, 7, 4
4753.4, 7, 4
4753.5, 7, 4
4753.6, 7, 4
4753.7, 7, 4
4753.8, 7, 4
4753.9, 7, 4
4754, 7, 4
4754.1, 7, 4
4754.2, 7, 4
4754.3, 7, 4
4754.4, 7, 4
4754.5, 7, 4
4754.6, 7, 4
4754.7, 8, 4
4754.8, 8, 4
4754.9, 8, 4
4755, 8, 4
4755.1, 8, 3
4755.2, 8, 3
4755.3, 8, 4
4755.4, 8, 4
4755.5, 8, 4
4755.6, 8, 4
4755.7, 7, 4
4755.8, 7, 4
4755.9, 7, 4
4756, 7, 4
4756.1, 7, 4
4756.2, 7, 4
4756.3, 8, 4
4756.4, 8, 4
4756.5, 8, 4
4756.6, 8, 4
4756.7, 8, 4
4756.8, 8, 4
4756.9, 8, 4
4757, 8, 4
4757.1, 8, 4
4757.2, 8, 4
4757.3, 8, 4
4757.4, 8, 4
4757.5, 8, 4
4757.6, 8, 4
4757.7, 8, 4
4757.8, 8, 4
4757.9, 9, 4
4758, 9, 4
4758.1, 9, 4
4758.2, 9, 4
4758.3, 9, 4
4758.4, 9, 4
4758.5, 9, 4
4758.6, 9, 4
4758.7, 9, 4
4758.8, 9, 4
4758.9, 9, 4
4759, 9, 4
4759.1, 9, 4
4759.2, 9, 4
4759.3, 9, 4
4759.4, 9, 4
4759.5, 9, 4
4759.6, 9, 4
4759.7, 9, 4
4759.8, 9, 4
4759.9, 9, 4
4760, 9, 4
4760.1, 9, 4
4760.2, 9, 4
4760.3, 9, 4
4760.4, 9, 4
4760.5, 9, 4
4760.6, 9, 4
4760.7, 9, 4
4760.8, 9, 4
4760.9, 9, 4
4761, 9, 4
4761.1, 9, 4
4761.2, 9, 4
4761.3, 9, 4
4761.4, 9, 4
4761.5, 9, 4
4761.6, 9, 4
4761.7, 9, 4
4761.8, 9, 4
4761.9, 9, 4
4762, 9, 4
4762.1, 10, 4
4762.2, 10, 4
4762.3, 10, 4
4762.4, 10, 4
4762.5, 10, 4
4762.6, 10, 4
4762.7, 10, 4
4762.8, 10, 4
4762.9, 10, 4
4763, 10, 4
4763.1, 10, 4
4763.2, 10, 4
4763.3, 10, 4
4763.4, 10, 4
4763.5, 10, 4
4763.6, 10, 4
4763.7, 10, 4
4763.8, 10, 4
4763.9, 10, 4
4764, 10, 4
4764.1, 10, 4
4764.2, 10, 4
4764.3, 10, 4
4764.4, 10, 4
4764.5, 10, 4
4764.6, 10, 4
4764.7, 10, 4
4764.8, 10, 4
4764.9, 10, 4
4765, 10, 4
4765.1, 10, 4
4765.2, 10, 4
4765.3, 10, 4
4765.4, 10, 4
4765.5, 10, 4
4765.6, 10, 4
4765.7, 10, 4
4765.8, 10, 4
4765.9, 10, 4
4766, 10, 4
4766.1, 10, 4
4766.2, 10, 4
4766.3, 10, 4
4766.4, 10, 4
4766.5, 10, 4
4766.6, 10, 4
4766.7, 10, 4
4766.8, 10, 4
4766.9, 10, 4
4767, 10, 4
4767.1, 10, 4
4767.2, 10, 4
4767.3, 10, 4
4767.4, 10, 4
4767.5, 10, 4
4767.6, 10, 4
4767.7, 10, 4
4767.8, 10, 4
4767.9, 10, 4
4768, 10, 4
4768.1, 10, 4
4768.2, 10, 4
4768.3, 10, 4
4768.4, 10, 4
4768.5, 10, 4
4768.6, 10, 4
4768.7, 10, 4
4768.8, 10, 4
4768.9, 10, 4
4769, 10, 4
4769.1, 10, 4
4769.2, 10, 4
4769.3, 10, 4
4769.4, 10, 4
4769.5, 10, 4
4769.6, 10, 4
4769.7, 10, 4
4769.8, 10, 4
4769.9, 10, 4
4770, 10, 4
4770.1, 10, 4
4770.2, 10, 4
4770.3, 10, 4
4770.4, 10, 4
4770.5, 10, 4
4770.6, 10, 4
4770.7, 10, 4
4770.8, 10, 4
4770.9, 10, 4
4771, 10, 4
4771.1, 10, 3
4771.2, 10, 3
4771.3, 10, 3
4771.4, 10, 3
4771.5, 10, 3
4771.6, 10, 3
4771.7, 10, 3
4771.8, 10, 3
4771.9, 10, 3
4772, 10, 3
4772.1, 10, 3
4772.2, 10, 3
4772.3, 10, 3
4772.4, 10, 3
4772.5, 10, 3
4772.6, 10, 3
4772.7, 10, 3
4772.8, 10, 3
4772.9, 10, 3
4773, 10, 3
4773.1, 10, 3
4773.2, 10, 3
4773.3, 10, 3
4773.4, 10, 3
4773.5, 10, 3
4773.6, 10, 3
4773.7, 10, 3
4773.8, 10, 3
4773.9, 10, 3
4774, 10, 3
4774.1, 10, 3
4774.2, 10, 3
4774.3, 10, 3
4774.4, 10, 3
4774.5, 10, 3
4774.6, 10, 3
4774.7, 10, 3
4774.8, 10, 3
4774.9, 10, 3
4775, 10, 3
4775.1, 10, 3
4775.2, 10, 3
4775.3, 10, 3
4775.4, 10, 3
4775.5, 10, 3
4775.6, 10, 3
4775.7, 10, 3
4775.8, 10, 3
4775.9, 10, 3
4776, 10, 3
4776.1, 10, 3
4776.2, 10, 3
4776.3, 10, 2
4776.4, 10, 2
4776.5, 10, 2
4776.6, 10, 2
4776.7, 10, 2
4776.8, 10, 2
4776.9, 10, 2
4777, 10, 2
4777.1, 10, 2
4777.2, 10, 2
4777.3, 10, 2
4777.4, 10, 2
4777.5, 10, 2
4777.6, 10, 2
4777.7, 10, 2
4777.8, 10, 2
4777.9, 10, 2
4778, 10, 2
4778.1, 10, 1
4778.2, 10, 1
4778.3, 10, 1
4778.4, 10, 1
4778.5, 10, 1
4778.6, 10, 1
4778.7, 11, 1
4778.8, 11, 1
4778.9, 11, 1
4779, 11, 1
4779.1, 11, 1
4779.2, 11, 1
4779.3, 11, 1
4779.4, 11, 1
4779.5, 11, 1
4779.6, 11, 1
4779.7, 11, 1
4779.8, 11, 1
4779.9, 11, 1
4780, 11, 1
4780.1, 12, 1
4780.2, 12, 1
4780.3, 12, 1
4780.4, 12, 1
4780.5, 12, 1
4780.6, 12, 1
4780.7, 12, 1
4780.8, 12, 1
4780.9, 12, 1
4781, 12, 1
4781.1, 12, 1
4781.2, 12, 1
4781.3, 12, 1
4781.4, 12, 1
4781.5, 12, 1
4781.6, 12, 1
4781.7, 12, 1
4781.8, 12, 1
4781.9, 12, 1
4782, 12, 1
4782.1, 12, 1
4782.2, 12, 1
4782.3, 12, 1
4782.4, 12, 1
4782.5, 11, 1
4782.6, 11, 1
4782.7, 11, 1
4782.8, 11, 1
4782.9, 11, 1
4783, 11, 1
4783.1, 11, 1
4783.2, 11, 1
4783.3, 11, 1
4783.4, 11, 1
4783.5, 11, 1
4783.6, 11, 1
4783.7, 11, 1
4783.8, 11, 1
4783.9, 11, 1
4784, 11, 1
4784.1, 11, 1
4784.2, 11, 1
4784.3, 11, 1
4784.4, 11, 1
4784.5, 11, 1
4784.6, 11, 1
4784.7, 11, 0
4784.8, 11, 0
4784.9, 11, 0
4785, 11, 0
4785.1, 11, 0
4785.2, 11, 0
4785.3, 11, 0
4785.4, 11, 0
4785.5, 11, 0
4785.6, 11, 0
4785.7, 11, 0
4785.8, 11, 0
4785.9, 11, 0
4786, 11, 0
4786.1, 11, 0
4786.2, 11, 0
4786.3, 11, 0
4786.4, 11, 0
4786.5, 11, 0
4786.6, 11, 0
4786.7, 11, 0
4786.8, 11, 0
4786.9, 10, 0
4787, 10, 0
4787.1, 10, 0
4787.2, 10, 0
4787.3, 10, 0
4787.4, 10, 0
4787.5, 10, 0
4787.6, 10, 0
4787.7, 10, 0
4787.8, 10, 0
4787.9, 10, 0
4788, 10, 0
4788.1, 11, 0
4788.2, 11, 0
4788.3, 11, 0
4788.4, 11, 0
4788.5, 11, 0
4788.6, 11, 0
4788.7, 11, 0
4788.8, 11, 0
4788.9, 11, 0
4789, 11, 0
4789.1, 11, 0
4789.2, 11, 0
4789.3, 11, 0
4789.4, 11, 0
4789.5, 11, 0
4789.6, 11, 0
4789.7, 11, 0
4789.8, 11, 0
4789.9, 11, 0
4790, 11, 0
4790.1, 11, 0
4790.2, 11, 0
4790.3, 11, 0
4790.4, 11, 0
4790.5, 11, 0
4790.6, 11, 0
4790.7, 11, 0
4790.8, 11, 0
4790.9, 11, 0
4791, 11, 0
4791.1, 11, 0
4791.2, 11, 0
4791.3, 11, 0
4791.4, 11, 0
4791.5, 11, 0
4791.6, 11, 0
4791.7, 11, 0
4791.8, 11, 0
4791.9, 11, 0
4792, 11, 0
4792.1, 10, 0
4792.2, 10, 0
4792.3, 10, 0
4792.4, 10, 0
4792.5, 10, 0
4792.6, 10, 0
4792.7, 10, 1
4792.8, 10, 1
4792.9, 10, 1
4793, 10, 1
4793.1, 10, 1
4793.2, 10, 1
4793.3, 10, 1
4793.4, 10, 1
4793.5, 10, 1
4793.6, 10, 1
4793.7, 10, 1
4793.8, 10, 1
4793.9, 11, 1
4794, 11, 1
4794.1, 11, 1
4794.2, 11, 1
4794.3, 11, 1
4794.4, 11, 1
4794.5, 11, 1
4794.6, 11, 1
4794.7, 11, 1
4794.8, 11, 1
4794.9, 12, 1
4795, 12, 1
4795.1, 12, 1
4795.2, 12, 1
4795.3, 12, 1
4795.4, 12, 1
4795.5, 12, 1
4795.6, 12, 1
4795.7, 12, 1
4795.8, 12, 1
4795.9, 12, 1
4796, 12, 1
4796.1, 12, 1
4796.2, 12, 1
4796.3, 12, 1
4796.4, 12, 1
4796.5, 12, 1
4796.6, 12, 1
4796.7, 12, 1
4796.8, 12, 1
4796.9, 12, 1
4797, 12, 1
4797.1, 12, 1
4797.2, 12, 1
4797.3, 12, 1
4797.4, 12, 1
4797.5, 12, 1
4797.6, 12, 1
4797.7, 12, 1
4797.8, 12, 1
4797.9, 12, 1
4798, 12, 1
4798.1, 13, 1
4798.2, 13, 1
4798.3, 13, 1
4798.4, 13, 1
4798.5, 13, 1
4798.6, 13, 1
4798.7, 12, 1
4798.8, 12, 1
4798.9, 12, 1
4799, 12, 1
4799.1, 12, 1
4799.2, 12, 1
4799.3, 12, 1
4799.4, 12, 1
4799.5, 12, 1
4799.6, 12, 1
4799.7, 12, 1
4799.8, 12, 1
4799.9, 12, 1
4800, 12, 1
4800.1, 12, 1
4800.2, 12, 1
4800.3, 12, 1
4800.4, 12, 1
4800.5, 12, 1
4800.6, 12, 1
4800.7, 12, 1
4800.8, 12, 1
4800.9, 12, 1
4801, 12, 1
4801.1, 12, 1
4801.2, 12, 1
4801.3, 12, 1
4801.4, 12, 1
4801.5, 12, 1
4801.6, 12, 1
4801.7, 12, 1
4801.8, 12, 1
4801.9, 12, 1
4802, 12, 1
4802.1, 12, 1
4802.2, 12, 1
4802.3, 12, 1
4802.4, 12, 1
4802.5, 12, 1
4802.6, 12, 1
4802.7, 12, 1
4802.8, 12, 1
4802.9, 12, 1
4803, 12, 1
4803.1, 12, 1
4803.2, 12, 1
4803.3, 12, 0
4803.4, 12, 0
4803.5, 12, 0
4803.6, 12, 0
4803.7, 12, 0
4803.8, 12, 0
4803.9, 12, 0
4804, 12, 0
4804.1, 12, 0
4804.2, 12, 0
4804.3, 12, 0
4804.4, 12, 0
4804.5, 12, 0
4804.6, 12, 0
4804.7, 12, 0
4804.8, 12, 0
4804.9, 12, -1
4805, 12, -1
4805.1, 12, -1
4805.2, 12, -1
4805.3, 12, -1
4805.4, 12, -1
4805.5, 12, -1
4805.6, 12, -1
4805.7, 12, -1
4805.8, 12, -1
4805.9, 12, -1
4806, 12, -1
4806.1, 12, -1
4806.2, 12, -1
4806.3, 12, -1
4806.4, 12, -1
4806.5, 12, -1
4806.6, 12, -1
4806.7, 12, -1
4806.8, 12, -1
4806.9, 12, -2
4807, 12, -2
4807.1, 12, -2
4807.2, 12, -2
4807.3, 12, -1
4807.4, 12, -1
4807.5, 12, -1
4807.6, 12, -1
4807.7, 12, -1
4807.8, 12, -1
4807.9, 12, -1
4808, 12, -1
4808.1, 12, -2
4808.2, 12, -2
4808.3, 12, -2
4808.4, 12, -2
4808.5, 12, -2
4808.6, 12, -2
4808.7, 12, -2
4808.8, 12, -2
4808.9, 12, -2
4809, 12, -2
4809.1, 12, -2
4809.2, 12, -2
4809.3, 12, -2
4809.4, 12, -2
4809.5, 12, -2
4809.6, 12, -2
4809.7, 12, -2
4809.8, 12, -2
4809.9, 12, -2
4810, 12, -2
4810.1, 12, -3
4810.2, 12, -3
4810.3, 12, -3
4810.4, 12, -3
4810.5, 12, -3
4810.6, 12, -3
4810.7, 12, -3
4810.8, 12, -3
4810.9, 12, -3
4811, 12, -3
4811.1, 12, -3
4811.2, 12, -3
4811.3, 12, -3
4811.4, 12, -3
4811.5, 12, -3
4811.6, 12, -3
4811.7, 12, -3
4811.8, 12, -3
4811.9, 12, -3
4812, 12, -3
4812.1, 12, -3
4812.2, 12, -3
4812.3, 12, -4
4812.4, 12, -4
4812.5, 12, -4
4812.6, 12, -4
4812.7, 12, -4
4812.8, 12, -4
4812.9, 13, -4
4813, 13, -4
4813.1, 13, -4
4813.2, 13, -4
4813.3, 13, -4
4813.4, 13, -4
4813.5, 13, -4
4813.6, 13, -4
4813.7, 13, -4
4813.8, 13, -4
4813.9, 13, -4
4814, 13, -4
4814.1, 13, -4
4814.2, 13, -4
4814.3, 13, -4
4814.4, 13, -4
4814.5, 13, -4
4814.6, 13, -4
4814.7, 13, -4
4814.8, 13, -4
4814.9, 13, -4
4815, 13, -4
4815.1, 13, -4
4815.2, 13, -4
4815.3, 13, -4
4815.4, 13, -4
4815.5, 13, -4
4815.6, 13, -4
4815.7, 13, -4
4815.8, 13, -4
4815.9, 13, -4
4816, 13, -4
4816.1, 13, -4
4816.2, 13, -4
4816.3, 13, -4
4816.4, 13, -4
4816.5, 13, -4
4816.6, 13, -4
4816.7, 13, -4
4816.8, 13, -4
4816.9, 13, -4
4817, 13, -4
4817.1, 13, -4
4817.2, 13, -4
4817.3, 13, -4
4817.4, 13, -4
4817.5, 13, -4
4817.6, 13, -4
4817.7, 13, -4
4817.8, 13, -4
4817.9, 13, -4
4818, 13, -4
4818.1, 13, -3
4818.2, 13, -3
4818.3, 13, -3
4818.4, 13, -3
4818.5, 13, -3
4818.6, 13, -3
4818.7, 13, -3
4818.8, 13, -3
4818.9, 13, -3
4819, 13, -3
4819.1, 13, -4
4819.2, 13, -4
4819.3, 13, -4
4819.4, 13, -4
4819.5, 13, -4
4819.6, 13, -4
4819.7, 13, -4
4819.8, 13, -4
4819.9, 13, -4
4820, 13, -4
4820.1, 13, -4
4820.2, 13, -4
4820.3, 13, -4
4820.4, 13, -4
4820.5, 13, -4
4820.6, 13, -4
4820.7, 13, -4
4820.8, 13, -4
4820.9, 13, -4
4821, 13, -4
4821.1, 13, -4
4821.2, 13, -4
4821.3, 13, -4
4821.4, 13, -4
4821.5, 13, -4
4821.6, 13, -4
4821.7, 12, -4
4821.8, 12, -4
4821.9, 12, -4
4822, 12, -4
4822.1, 12, -4
4822.2, 12, -4
4822.3, 12, -4
4822.4, 12, -4
4822.5, 12, -4
4822.6, 12, -4
4822.7, 12, -4
4822.8, 12, -4
4822.9, 12, -4
4823, 12, -4
4823.1, 12, -4
4823.2, 12, -4
4823.3, 12, -4
4823.4, 12, -4
4823.5, 12, -4
4823.6, 12, -4
4823.7, 12, -4
4823.8, 12, -4
4823.9, 12, -4
4824, 12, -4
4824.1, 12, -4
4824.2, 12, -4
4824.3, 12, -4
4824.4, 12, -4
4824.5, 12, -4
4824.6, 12, -4
4824.7, 12, -4
4824.8, 12, -4
4824.9, 12, -4
4825, 12, -4
4825.1, 12, -4
4825.2, 12, -4
4825.3, 12, -4
4825.4, 12, -4
4825.5, 12, -4
4825.6, 12, -4
4825.7, 12, -4
4825.8, 12, -4
4825.9, 12, -4
4826, 12, -4
4826.1, 12, -4
4826.2, 12, -4
4826.3, 12, -4
4826.4, 12, -4
4826.5, 12, -4
4826.6, 12, -4
4826.7, 11, -4
4826.8, 11, -4
4826.9, 11, -4
4827, 11, -4
4827.1, 11, -4
4827.2, 11, -4
4827.3, 11, -4
4827.4, 11, -4
4827.5, 11, -4
4827.6, 11, -4
4827.7, 11, -4
4827.8, 11, -4
4827.9, 11, -4
4828, 11, -4
4828.1, 11, -4
4828.2, 11, -4
4828.3, 10, -4
4828.4, 10, -4
4828.5, 10, -4
4828.6, 10, -4
4828.7, 11, -4
4828.8, 11, -4
4828.9, 11, -4
4829, 11, -4
4829.1, 11, -4
4829.2, 11, -4
4829.3, 11, -4
4829.4, 11, -4
4829.5, 10, -4
4829.6, 10, -4
4829.7, 10, -4
4829.8, 10, -4
4829.9, 10, -4
4830, 10, -4
4830.1, 10, -4
4830.2, 10, -4
4830.3, 10, -4
4830.4, 10, -4
4830.5, 10, -4
4830.6, 10, -4
4830.7, 10, -4
4830.8, 10, -4
4830.9, 10, -4
4831, 10, -4
4831.1, 10, -4
4831.2, 10, -4
4831.3, 10, -4
4831.4, 10, -4
4831.5, 11, -4
4831.6, 11, -4
4831.7, 11, -4
4831.8, 11, -4
4831.9, 11, -4
4832, 11, -4
4832.1, 11, -4
4832.2, 11, -4
4832.3, 11, -4
4832.4, 11, -4
4832.5, 11, -4
4832.6, 11, -4
4832.7, 11, -5
4832.8, 11, -5
4832.9, 11, -5
4833, 11, -5
4833.1, 11, -5
4833.2, 11, -5
4833.3, 11, -5
4833.4, 11, -5
4833.5, 11, -5
4833.6, 11, -5
4833.7, 11, -5
4833.8, 11, -5
4833.9, 11, -5
4834, 11, -5
4834.1, 11, -5
4834.2, 11, -5
4834.3, 11, -5
4834.4, 11, -5
4834.5, 11, -5
4834.6, 11, -5
4834.7, 11, -5
4834.8, 11, -5
4834.9, 11, -5
4835, 11, -5
4835.1, 11, -5
4835.2, 11, -5
4835.3, 10, -5
4835.4, 10, -5
4835.5, 10, -5
4835.6, 10, -5
4835.7, 10, -5
4835.8, 10, -5
4835.9, 10, -5
4836, 10, -5
4836.1, 10, -5
4836.2, 10, -5
4836.3, 10, -5
4836.4, 10, -5
4836.5, 9, -5
4836.6, 9, -5
4836.7, 10, -5
4836.8, 10, -5
4836.9, 10, -5
4837, 10, -5
4837.1, 9, -5
4837.2, 9, -5
4837.3, 9, -5
4837.4, 9, -5
4837.5, 9, -5
4837.6, 9, -5
4837.7, 9, -5
4837.8, 9, -5
4837.9, 9, -6
4838, 9, -6
4838.1, 9, -6
4838.2, 9, -6
4838.3, 9, -6
4838.4, 9, -6
4838.5, 9, -6
4838.6, 9, -6
4838.7, 9, -6
4838.8, 9, -6
4838.9, 9, -6
4839, 9, -6
4839.1, 9, -6
4839.2, 9, -6
4839.3, 9, -6
4839.4, 9, -6
4839.5, 9, -6
4839.6, 9, -6
4839.7, 9, -6
4839.8, 9, -6
4839.9, 9, -6
4840, 9, -6
4840.1, 9, -7
4840.2, 9, -7
4840.3, 9, -7
4840.4, 9, -7
4840.5, 9, -7
4840.6, 9, -7
4840.7, 9, -7
4840.8, 9, -7
4840.9, 9, -7
4841, 9, -7
4841.1, 9, -7
4841.2, 9, -7
4841.3, 9, -7
4841.4, 9, -7
4841.5, 9, -7
4841.6, 9, -7
4841.7, 9, -7
4841.8, 9, -7
4841.9, 9, -7
4842, 9, -7
4842.1, 9, -7
4842.2, 9, -7
4842.3, 9, -7
4842.4, 9, -7
4842.5, 9, -7
4842.6, 9, -7
4842.7, 9, -7
4842.8, 9, -7
4842.9, 10, -7
4843, 10, -7
4843.1, 10, -7
4843.2, 10, -7
4843.3, 10, -7
4843.4, 10, -7
4843.5, 10, -7
4843.6, 10, -7
4843.7, 10, -7
4843.8, 10, -7
4843.9, 10, -7
4844, 10, -7
4844.1, 11, -7
4844.2, 11, -7
4844.3, 11, -7
4844.4, 11, -7
4844.5, 11, -7
4844.6, 11, -7
4844.7, 12, -7
4844.8, 12, -7
4844.9, 12, -7
4845, 12, -7
4845.1, 12, -7
4845.2, 12, -7
4845.3, 11, -7
4845.4, 11, -7
4845.5, 11, -8
4845.6, 11, -8
4845.7, 11, -8
4845.8, 11, -8
4845.9, 11, -8
4846, 11, -8
4846.1, 11, -8
4846.2, 11, -8
4846.3, 11, -8
4846.4, 11, -8
4846.5, 11, -8
4846.6, 11, -8
4846.7, 11, -8
4846.8, 11, -8
4846.9, 11, -9
4847, 11, -9
4847.1, 11, -9
4847.2, 11, -9
4847.3, 11, -9
4847.4, 11, -9
4847.5, 11, -8
4847.6, 11, -8
4847.7, 11, -8
4847.8, 11, -8
4847.9, 11, -8
4848, 11, -8
4848.1, 11, -8
4848.2, 11, -8
4848.3, 11, -8
4848.4, 11, -8
4848.5, 11, -8
4848.6, 11, -8
4848.7, 11, -8
4848.8, 11, -8
4848.9, 11, -8
4849, 11, -8
4849.1, 11, -8
4849.2, 11, -8
4849.3, 11, -8
4849.4, 11, -8
4849.5, 11, -8
4849.6, 11, -8
4849.7, 11, -8
4849.8, 11, -8
4849.9, 11, -8
4850, 11, -8
4850.1, 12, -8
4850.2, 12, -8
4850.3, 12, -8
4850.4, 12, -8
4850.5, 12, -8
4850.6, 12, -8
4850.7, 12, -8
4850.8, 12, -8
4850.9, 12, -8
4851, 12, -8
4851.1, 12, -8
4851.2, 12, -8
4851.3, 12, -8
4851.4, 12, -8
4851.5, 12, -8
4851.6, 12, -8
4851.7, 12, -8
4851.8, 12, -8
4851.9, 12, -8
4852, 12, -8
4852.1, 12, -8
4852.2, 12, -8
4852.3, 12, -8
4852.4, 12, -8
4852.5, 12, -8
4852.6, 12, -8
4852.7, 12, -8
4852.8, 12, -8
4852.9, 12, -8
4853, 12, -8
4853.1, 12, -8
4853.2, 12, -8
4853.3, 12, -8
4853.4, 12, -8
4853.5, 12, -8
4853.6, 12, -8
4853.7, 12, -8
4853.8, 12, -8
4853.9, 12, -8
4854, 12, -8
4854.1, 12, -8
4854.2, 12, -8
4854.3, 12, -8
4854.4, 12, -8
4854.5, 12, -8
4854.6, 12, -8
4854.7, 13, -8
4854.8, 13, -8
4854.9, 13, -8
4855, 13, -8
4855.1, 13, -8
4855.2, 13, -8
4855.3, 13, -8
4855.4, 13, -8
4855.5, 13, -8
4855.6, 13, -8
4855.7, 13, -8
4855.8, 13, -8
4855.9, 13, -8
4856, 13, -8
4856.1, 13, -8
4856.2, 13, -8
4856.3, 13, -8
4856.4, 13, -8
4856.5, 13, -8
4856.6, 13, -8
4856.7, 13, -8
4856.8, 13, -8
4856.9, 13, -8
4857, 13, -8
4857.1, 13, -8
4857.2, 13, -8
4857.3, 13, -8
4857.4, 13, -8
4857.5, 13, -8
4857.6, 13, -8
4857.7, 13, -8
4857.8, 13, -8
4857.9, 13, -8
4858, 13, -8
4858.1, 13, -8
4858.2, 13, -8
4858.3, 13, -8
4858.4, 13, -8
4858.5, 13, -8
4858.6, 13, -8
4858.7, 12, -8
4858.8, 12, -8
4858.9, 12, -8
4859, 12, -8
4859.1, 12, -8
4859.2, 12, -8
4859.3, 12, -8
4859.4, 12, -8
4859.5, 12, -8
4859.6, 12, -8
4859.7, 12, -8
4859.8, 12, -8
4859.9, 12, -8
4860, 12, -8
4860.1, 12, -8
4860.2, 12, -8
4860.3, 12, -8
4860.4, 12, -8
4860.5, 12, -8
4860.6, 12, -8
4860.7, 12, -8
4860.8, 12, -8
4860.9, 12, -8
4861, 12, -8
4861.1, 12, -8
4861.2, 12, -8
4861.3, 12, -8
4861.4, 12, -8
4861.5, 12, -8
4861.6, 12, -8
4861.7, 12, -8
4861.8, 12, -8
4861.9, 12, -8
4862, 12, -8
4862.1, 12, -8
4862.2, 12, -8
4862.3, 12, -8
4862.4, 12, -8
4862.5, 12, -8
4862.6, 12, -8
4862.7, 12, -8
4862.8, 12, -8
4862.9, 12, -8
4863, 12, -8
4863.1, 12, -9
4863.2, 12, -9
4863.3, 12, -9
4863.4, 12, -9
4863.5, 12, -9
4863.6, 12, -9
4863.7, 12, -9
4863.8, 12, -9
4863.9, 12, -9
4864, 12, -9
4864.1, 12, -9
4864.2, 12, -9
4864.3, 12, -8
4864.4, 12, -8
4864.5, 12, -8
4864.6, 12, -8
4864.7, 12, -9
4864.8, 12, -9
4864.9, 12, -9
4865, 12, -9
4865.1, 12, -9
4865.2, 12, -9
4865.3, 13, -9
4865.4, 13, -9
4865.5, 13, -9
4865.6, 13, -9
4865.7, 13, -9
4865.8, 13, -9
4865.9, 13, -9
4866, 13, -9
4866.1, 13, -8
4866.2, 13, -8
4866.3, 13, -8
4866.4, 13, -8
4866.5, 13, -8
4866.6, 13, -8
4866.7, 13, -8
4866.8, 13, -8
4866.9, 13, -8
4867, 13, -8
4867.1, 13, -8
4867.2, 13, -8
4867.3, 13, -8
4867.4, 13, -8
4867.5, 13, -8
4867.6, 13, -8
4867.7, 13, -8
4867.8, 13, -8
4867.9, 13, -8
4868, 13, -8
4868.1, 13, -9
4868.2, 13, -9
4868.3, 13, -9
4868.4, 13, -9
4868.5, 13, -9
4868.6, 13, -9
4868.7, 13, -9
4868.8, 13, -9
4868.9, 13, -9
4869, 13, -9
4869.1, 13, -9
4869.2, 13, -9
4869.3, 13, -9
4869.4, 13, -9
4869.5, 13, -9
4869.6, 13, -9
4869.7, 13, -9
4869.8, 13, -9
4869.9, 13, -9
4870, 13, -9
4870.1, 13, -9
4870.2, 13, -9
4870.3, 13, -9
4870.4, 13, -9
4870.5, 13, -9
4870.6, 13, -9
4870.7, 13, -10
4870.8, 13, -10
4870.9, 13, -10
4871, 13, -10
4871.1, 13, -10
4871.2, 13, -10
4871.3, 13, -10
4871.4, 13, -10
4871.5, 13, -10
4871.6, 13, -10
4871.7, 13, -10
4871.8, 13, -10
4871.9, 13, -10
4872, 13, -10
4872.1, 13, -10
4872.2, 13, -10
4872.3, 14, -10
4872.4, 14, -10
4872.5, 14, -10
4872.6, 14, -10
4872.7, 14, -10
4872.8, 14, -10
4872.9, 14, -10
4873, 14, -10
4873.1, 14, -10
4873.2, 14, -10
4873.3, 14, -10
4873.4, 14, -10
4873.5, 14, -10
4873.6, 14, -10
4873.7, 14, -10
4873.8, 14, -10
4873.9, 14, -10
4874, 14, -10
4874.1, 14, -10
4874.2, 14, -10
4874.3, 14, -10
4874.4, 14, -10
4874.5, 14, -10
4874.6, 14, -10
4874.7, 14, -10
4874.8, 14, -10
4874.9, 14, -10
4875, 14, -10
4875.1, 14, -10
4875.2, 14, -10
4875.3, 14, -10
4875.4, 14, -10
4875.5, 14, -10
4875.6, 14, -10
4875.7, 14, -10
4875.8, 14, -10
4875.9, 14, -9
4876, 14, -9
4876.1, 14, -9
4876.2, 14, -9
4876.3, 14, -9
4876.4, 14, -9
4876.5, 14, -9
4876.6, 14, -9
4876.7, 14, -9
4876.8, 14, -9
4876.9, 14, -9
4877, 14, -9
4877.1, 14, -9
4877.2, 14, -9
4877.3, 14, -9
4877.4, 14, -9
4877.5, 14, -9
4877.6, 14, -9
4877.7, 14, -9
4877.8, 14, -9
4877.9, 14, -9
4878, 14, -9
4878.1, 14, -9
4878.2, 14, -9
4878.3, 14, -9
4878.4, 14, -9
4878.5, 14, -9
4878.6, 14, -9
4878.7, 14, -9
4878.8, 14, -9
4878.9, 14, -9
4879, 14, -9
4879.1, 14, -9
4879.2, 14, -9
4879.3, 14, -9
4879.4, 14, -9
4879.5, 14, -9
4879.6, 14, -9
4879.7, 14, -9
4879.8, 14, -9
4879.9, 15, -9
4880, 15, -9
4880.1, 15, -10
4880.2, 15, -10
4880.3, 15, -10
4880.4, 15, -10
4880.5, 15, -10
4880.6, 15, -10
4880.7, 15, -10
4880.8, 15, -10
4880.9, 15, -10
4881, 15, -10
4881.1, 15, -9
4881.2, 15, -9
4881.3, 15, -9
4881.4, 15, -9
4881.5, 15, -9
4881.6, 15, -9
4881.7, 15, -9
4881.8, 15, -9
4881.9, 15, -9
4882, 15, -9
4882.1, 15, -9
4882.2, 15, -9
4882.3, 15, -9
4882.4, 15, -9
4882.5, 15, -9
4882.6, 15, -9
4882.7, 15, -9
4882.8, 15, -9
4882.9, 15, -9
4883, 15, -9
4883.1, 15, -9
4883.2, 15, -9
4883.3, 15, -9
4883.4, 15, -9
4883.5, 15, -9
4883.6, 15, -9
4883.7, 15, -9
4883.8, 15, -9
4883.9, 15, -9
4884, 15, -9
4884.1, 15, -9
4884.2, 15, -9
4884.3, 15, -9
4884.4, 15, -9
4884.5, 15, -9
4884.6, 15, -9
4884.7, 15, -9
4884.8, 15, -9
4884.9, 15, -9
4885, 15, -9
4885.1, 14, -9
4885.2, 14, -9
4885.3, 14, -9
4885.4, 14, -9
4885.5, 14, -9
4885.6, 14, -9
4885.7, 14, -9
4885.8, 14, -9
4885.9, 14, -9
4886, 14, -9
4886.1, 14, -9
4886.2, 14, -9
4886.3, 14, -8
4886.4, 14, -8
4886.5, 14, -8
4886.6, 14, -8
4886.7, 14, -8
4886.8, 14, -8
4886.9, 14, -8
4887, 14, -8
4887.1, 14, -8
4887.2, 14, -8
4887.3, 14, -8
4887.4, 14, -8
4887.5, 14, -8
4887.6, 14, -8
4887.7, 14, -8
4887.8, 14, -8
4887.9, 14, -8
4888, 14, -8
4888.1, 14, -8
4888.2, 14, -8
4888.3, 14, -8
4888.4, 14, -8
4888.5, 14, -8
4888.6, 14, -8
4888.7, 14, -8
4888.8, 14, -8
4888.9, 14, -8
4889, 14, -8
4889.1, 14, -8
4889.2, 14, -8
4889.3, 14, -7
4889.4, 14, -7
4889.5, 14, -8
4889.6, 14, -8
4889.7, 14, -8
4889.8, 14, -8
4889.9, 14, -8
4890, 14, -8
4890.1, 15, -8
4890.2, 15, -8
4890.3, 15, -8
4890.4, 15, -8
4890.5, 15, -8
4890.6, 15, -8
4890.7, 15, -8
4890.8, 15, -8
4890.9, 15, -8
4891, 15, -8
4891.1, 15, -8
4891.2, 15, -8
4891.3, 15, -8
4891.4, 15, -8
4891.5, 15, -8
4891.6, 15, -8
4891.7, 15, -8
4891.8, 15, -8
4891.9, 15, -8
4892, 15, -8
4892.1, 15, -8
4892.2, 15, -8
4892.3, 15, -8
4892.4, 15, -8
4892.5, 15, -8
4892.6, 15, -8
4892.7, 15, -8
4892.8, 15, -8
4892.9, 15, -8
4893, 15, -8
4893.1, 15, -8
4893.2, 15, -8
4893.3, 15, -8
4893.4, 15, -8
4893.5, 15, -8
4893.6, 15, -8
4893.7, 15, -8
4893.8, 15, -8
4893.9, 15, -8
4894, 15, -8
4894.1, 15, -8
4894.2, 15, -8
4894.3, 14, -8
4894.4, 14, -8
4894.5, 14, -8
4894.6, 14, -8
4894.7, 14, -8
4894.8, 14, -8
4894.9, 14, -8
4895, 14, -8
4895.1, 14, -8
4895.2, 14, -8
4895.3, 14, -8
4895.4, 14, -8
4895.5, 14, -8
4895.6, 14, -8
4895.7, 14, -8
4895.8, 14, -8
4895.9, 14, -8
4896, 14, -8
4896.1, 14, -8
4896.2, 14, -8
4896.3, 14, -8
4896.4, 14, -8
4896.5, 14, -8
4896.6, 14, -8
4896.7, 14, -7
4896.8, 14, -7
4896.9, 14, -7
4897, 14, -7
4897.1, 14, -6
4897.2, 14, -6
4897.3, 14, -6
4897.4, 14, -6
4897.5, 14, -6
4897.6, 14, -6
4897.7, 14, -6
4897.8, 14, -6
4897.9, 14, -6
4898, 14, -6
4898.1, 14, -6
4898.2, 14, -6
4898.3, 14, -6
4898.4, 14, -6
4898.5, 14, -6
4898.6, 14, -6
4898.7, 14, -6
4898.8, 14, -6
4898.9, 14, -6
4899, 14, -6
4899.1, 14, -6
4899.2, 14, -6
4899.3, 14, -6
4899.4, 14, -6
4899.5, 14, -6
4899.6, 14, -6
4899.7, 14, -6
4899.8, 14, -6
4899.9, 15, -6
4900, 15, -6
4900.1, 15, -6
4900.2, 15, -6
4900.3, 16, -6
4900.4, 16, -6
4900.5, 16, -6
4900.6, 16, -6
4900.7, 16, -6
4900.8, 16, -6
4900.9, 16, -6
4901, 16, -6
4901.1, 16, -6
4901.2, 16, -6
4901.3, 16, -6
4901.4, 16, -6
4901.5, 16, -6
4901.6, 16, -6
4901.7, 16, -6
4901.8, 16, -6
4901.9, 16, -6
4902, 16, -6
4902.1, 16, -6
4902.2, 16, -6
4902.3, 16, -6
4902.4, 16, -6
4902.5, 16, -6
4902.6, 16, -6
4902.7, 16, -6
4902.8, 16, -6
4902.9, 16, -6
4903, 16, -6
4903.1, 16, -6
4903.2, 16, -6
4903.3, 16, -6
4903.4, 16, -6
4903.5, 16, -7
4903.6, 16, -7
4903.7, 15, -7
4903.8, 15, -7
4903.9, 15, -7
4904, 15, -7
4904.1, 15, -7
4904.2, 15, -7
4904.3, 15, -7
4904.4, 15, -7
4904.5, 15, -7
4904.6, 15, -7
4904.7, 15, -7
4904.8, 15, -7
4904.9, 15, -7
4905, 15, -7
4905.1, 15, -7
4905.2, 15, -7
4905.3, 15, -7
4905.4, 15, -7
4905.5, 15, -7
4905.6, 15, -7
4905.7, 15, -7
4905.8, 15, -7
4905.9, 15, -7
4906, 15, -7
4906.1, 16, -7
4906.2, 16, -7
4906.3, 16, -7
4906.4, 16, -7
4906.5, 16, -7
4906.6, 16, -7
4906.7, 16, -7
4906.8, 16, -7
4906.9, 16, -7
4907, 16, -7
4907.1, 16, -7
4907.2, 16, -7
4907.3, 16, -6
4907.4, 16, -6
4907.5, 16, -6
4907.6, 16, -6
4907.7, 16, -6
4907.8, 16, -6
4907.9, 16, -5
4908, 16, -5
4908.1, 16, -5
4908.2, 16, -5
4908.3, 16, -5
4908.4, 16, -5
4908.5, 16, -5
4908.6, 16, -5
4908.7, 16, -5
4908.8, 16, -5
4908.9, 16, -5
4909, 16, -5
4909.1, 16, -5
4909.2, 16, -5
4909.3, 16, -5
4909.4, 16, -5
4909.5, 16, -5
4909.6, 16, -5
4909.7, 16, -5
4909.8, 16, -5
4909.9, 16, -5
4910, 16, -5
4910.1, 16, -5
4910.2, 16, -5
4910.3, 16, -5
4910.4, 16, -5
4910.5, 16, -5
4910.6, 16, -5
4910.7, 16, -5
4910.8, 16, -5
4910.9, 16, -5
4911, 16, -5
4911.1, 16, -5
4911.2, 16, -5
4911.3, 16, -5
4911.4, 16, -5
4911.5, 16, -5
4911.6, 16, -5
4911.7, 16, -5
4911.8, 16, -5
4911.9, 16, -5
4912, 16, -5
4912.1, 16, -5
4912.2, 16, -5
4912.3, 16, -5
4912.4, 16, -5
4912.5, 15, -5
4912.6, 15, -5
4912.7, 15, -5
4912.8, 15, -5
4912.9, 15, -6
4913, 15, -6
4913.1, 15, -6
4913.2, 15, -6
4913.3, 15, -7
4913.4, 15, -7
4913.5, 15, -7
4913.6, 15, -7
4913.7, 16, -7
4913.8, 16, -7
4913.9, 16, -7
4914, 16, -7
4914.1, 16, -7
4914.2, 16, -7
4914.3, 16, -7
4914.4, 16, -7
4914.5, 16, -7
4914.6, 16, -7
4914.7, 16, -7
4914.8, 16, -7
4914.9, 16, -7
4915, 16, -7
4915.1, 16, -7
4915.2, 16, -7
4915.3, 16, -7
4915.4, 16, -7
4915.5, 16, -7
4915.6, 16, -7
4915.7, 16, -7
4915.8, 16, -7
4915.9, 16, -7
4916, 16, -7
4916.1, 16, -7
4916.2, 16, -7
4916.3, 16, -7
4916.4, 16, -7
4916.5, 16, -7
4916.6, 16, -7
4916.7, 16, -7
4916.8, 16, -7
4916.9, 16, -7
4917, 16, -7
4917.1, 16, -7
4917.2, 16, -7
4917.3, 16, -7
4917.4, 16, -7
4917.5, 16, -7
4917.6, 16, -7
4917.7, 16, -7
4917.8, 16, -7
4917.9, 16, -7
4918, 16, -7
4918.1, 16, -7
4918.2, 16, -7
4918.3, 16, -7
4918.4, 16, -7
4918.5, 17, -7
4918.6, 17, -7
4918.7, 17, -7
4918.8, 17, -7
4918.9, 17, -7
4919, 17, -7
4919.1, 17, -7
4919.2, 17, -7
4919.3, 17, -7
4919.4, 17, -7
4919.5, 16, -7
4919.6, 16, -7
4919.7, 16, -7
4919.8, 16, -7
4919.9, 16, -7
4920, 16, -7
4920.1, 16, -7
4920.2, 16, -7
4920.3, 16, -7
4920.4, 16, -7
4920.5, 16, -8
4920.6, 16, -8
4920.7, 16, -8
4920.8, 16, -8
4920.9, 16, -8
4921, 16, -8
4921.1, 16, -8
4921.2, 16, -8
4921.3, 16, -8
4921.4, 16, -8
4921.5, 16, -8
4921.6, 16, -8
4921.7, 16, -8
4921.8, 16, -8
4921.9, 17, -8
4922, 17, -8
4922.1, 17, -8
4922.2, 17, -8
4922.3, 17, -8
4922.4, 17, -8
4922.5, 17, -8
4922.6, 17, -8
4922.7, 17, -8
4922.8, 17, -8
4922.9, 17, -8
4923, 17, -8
4923.1, 16, -8
4923.2, 16, -8
4923.3, 16, -8
4923.4, 16, -8
4923.5, 16, -8
4923.6, 16, -8
4923.7, 16, -8
4923.8, 16, -8
4923.9, 16, -8
4924, 16, -8
4924.1, 16, -8
4924.2, 16, -8
4924.3, 16, -8
4924.4, 16, -8
4924.5, 16, -8
4924.6, 16, -8
4924.7, 16, -8
4924.8, 16, -8
4924.9, 16, -8
4925, 16, -8
4925.1, 16, -8
4925.2, 16, -8
4925.3, 16, -8
4925.4, 16, -8
4925.5, 16, -8
4925.6, 16, -8
4925.7, 16, -8
4925.8, 16, -8
4925.9, 16, -8
4926, 16, -8
4926.1, 16, -8
4926.2, 16, -8
4926.3, 16, -8
4926.4, 16, -8
4926.5, 16, -8
4926.6, 16, -8
4926.7, 16, -8
4926.8, 16, -8
4926.9, 16, -8
4927, 16, -8
4927.1, 16, -8
4927.2, 16, -8
4927.3, 17, -8
4927.4, 17, -8
4927.5, 17, -8
4927.6, 17, -8
4927.7, 17, -8
4927.8, 17, -8
4927.9, 17, -9
4928, 17, -9
4928.1, 17, -9
4928.2, 17, -9
4928.3, 17, -9
4928.4, 17, -9
4928.5, 17, -10
4928.6, 17, -10
4928.7, 17, -10
4928.8, 17, -10
4928.9, 17, -10
4929, 17, -10
4929.1, 17, -10
4929.2, 17, -10
4929.3, 17, -10
4929.4, 17, -10
4929.5, 17, -10
4929.6, 17, -10
4929.7, 17, -10
4929.8, 17, -10
4929.9, 17, -10
4930, 17, -10
4930.1, 17, -10
4930.2, 17, -10
4930.3, 17, -10
4930.4, 17, -10
4930.5, 17, -10
4930.6, 17, -10
4930.7, 17, -10
4930.8, 17, -10
4930.9, 17, -10
4931, 17, -10
4931.1, 17, -11
4931.2, 17, -11
4931.3, 17, -11
4931.4, 17, -11
4931.5, 16, -11
4931.6, 16, -11
4931.7, 16, -11
4931.8, 16, -11
4931.9, 16, -11
4932, 16, -11
4932.1, 16, -11
4932.2, 16, -11
4932.3, 16, -11
4932.4, 16, -11
4932.5, 16, -11
4932.6, 16, -11
4932.7, 16, -11
4932.8, 16, -11
4932.9, 16, -11
4933, 16, -11
4933.1, 16, -11
4933.2, 16, -11
4933.3, 16, -11
4933.4, 16, -11
4933.5, 16, -11
4933.6, 16, -11
4933.7, 16, -11
4933.8, 16, -11
4933.9, 16, -11
4934, 16, -11
4934.1, 16, -11
4934.2, 16, -11
4934.3, 16, -11
4934.4, 16, -11
4934.5, 17, -11
4934.6, 17, -11
4934.7, 17, -11
4934.8, 17, -11
4934.9, 17, -11
4935, 17, -11
4935.1, 17, -11
4935.2, 17, -11
4935.3, 17, -11
4935.4, 17, -11
4935.5, 17, -11
4935.6, 17, -11
4935.7, 17, -11
4935.8, 17, -11
4935.9, 17, -11
4936, 17, -11
4936.1, 17, -11
4936.2, 17, -11
4936.3, 17, -11
4936.4, 17, -11
4936.5, 17, -11
4936.6, 17, -11
4936.7, 17, -11
4936.8, 17, -11
4936.9, 17, -11
4937, 17, -11
4937.1, 17, -11
4937.2, 17, -11
4937.3, 17, -11
4937.4, 17, -11
4937.5, 17, -11
4937.6, 17, -11
4937.7, 17, -11
4937.8, 17, -11
4937.9, 17, -11
4938, 17, -11
4938.1, 17, -11
4938.2, 17, -11
4938.3, 17, -11
4938.4, 17, -11
4938.5, 17, -11
4938.6, 17, -11
4938.7, 17, -11
4938.8, 17, -11
4938.9, 17, -11
4939, 17, -11
4939.1, 17, -11
4939.2, 17, -11
4939.3, 17, -11
4939.4, 17, -11
4939.5, 17, -11
4939.6, 17, -11
4939.7, 17, -11
4939.8, 17, -11
4939.9, 17, -11
4940, 17, -11
4940.1, 17, -11
4940.2, 17, -11
4940.3, 17, -11
4940.4, 17, -11
4940.5, 17, -11
4940.6, 17, -11
4940.7, 17, -11
4940.8, 17, -11
4940.9, 17, -11
4941, 17, -11
4941.1, 17, -11
4941.2, 17, -11
4941.3, 17, -11
4941.4, 17, -11
4941.5, 17, -11
4941.6, 17, -11
4941.7, 17, -11
4941.8, 17, -11
4941.9, 17, -11
4942, 17, -11
4942.1, 17, -11
4942.2, 17, -11
4942.3, 17, -11
4942.4, 17, -11
4942.5, 17, -11
4942.6, 17, -11
4942.7, 17, -11
4942.8, 17, -11
4942.9, 17, -11
4943, 17, -11
4943.1, 17, -11
4943.2, 17, -11
4943.3, 17, -10
4943.4, 17, -10
4943.5, 17, -10
4943.6, 17, -10
4943.7, 17, -10
4943.8, 17, -10
4943.9, 17, -10
4944, 17, -10
4944.1, 17, -10
4944.2, 17, -10
4944.3, 17, -10
4944.4, 17, -10
4944.5, 17, -10
4944.6, 17, -10
4944.7, 17, -10
4944.8, 17, -10
4944.9, 17, -10
4945, 17, -10
4945.1, 17, -10
4945.2, 17, -10
4945.3, 17, -10
4945.4, 17, -10
4945.5, 17, -10
4945.6, 17, -10
4945.7, 17, -10
4945.8, 17, -10
4945.9, 17, -10
4946, 17, -10
4946.1, 17, -10
4946.2, 17, -10
4946.3, 17, -10
4946.4, 17, -10
4946.5, 17, -10
4946.6, 17, -10
4946.7, 17, -10
4946.8, 17, -10
4946.9, 17, -10
4947, 17, -10
4947.1, 17, -10
4947.2, 17, -10
4947.3, 18, -10
4947.4, 18, -10
4947.5, 18, -10
4947.6, 18, -10
4947.7, 18, -10
4947.8, 18, -10
4947.9, 18, -10
4948, 18, -10
4948.1, 18, -10
4948.2, 18, -10
4948.3, 18, -10
4948.4, 18, -10
4948.5, 18, -9
4948.6, 18, -9
4948.7, 18, -9
4948.8, 18, -9
4948.9, 19, -9
4949, 19, -9
4949.1, 19, -9
4949.2, 19, -9
4949.3, 19, -9
4949.4, 19, -9
4949.5, 19, -9
4949.6, 19, -9
4949.7, 19, -9
4949.8, 19, -9
4949.9, 19, -9
4950, 19, -9
4950.1, 19, -9
4950.2, 19, -9
4950.3, 19, -9
4950.4, 19, -9
4950.5, 19, -9
4950.6, 19, -9
4950.7, 19, -10
4950.8, 19, -10
4950.9, 19, -10
4951, 19, -10
4951.1, 19, -10
4951.2, 19, -10
4951.3, 19, -10
4951.4, 19, -10
4951.5, 19, -10
4951.6, 19, -10
4951.7, 19, -10
4951.8, 19, -10
4951.9, 19, -10
4952, 19, -10
4952.1, 19, -10
4952.2, 19, -10
4952.3, 19, -10
4952.4, 19, -10
4952.5, 19, -10
4952.6, 19, -10
4952.7, 19, -11
4952.8, 19, -11
4952.9, 19, -11
4953, 19, -11
4953.1, 19, -11
4953.2, 19, -11
4953.3, 19, -11
4953.4, 19, -11
4953.5, 19, -12
4953.6, 19, -12
4953.7, 20, -12
4953.8, 20, -12
4953.9, 20, -12
4954, 20, -12
4954.1, 20, -12
4954.2, 20, -12
4954.3, 20, -12
4954.4, 20, -12
4954.5, 20, -12
4954.6, 20, -12
4954.7, 20, -12
4954.8, 20, -12
4954.9, 20, -12
4955, 20, -12
4955.1, 20, -12
4955.2, 20, -12
4955.3, 20, -12
4955.4, 20, -12
4955.5, 20, -12
4955.6, 20, -12
4955.7, 20, -12
4955.8, 20, -12
4955.9, 20, -12
4956, 20, -12
4956.1, 19, -12
4956.2, 19, -12
4956.3, 19, -12
4956.4, 19, -12
4956.5, 19, -12
4956.6, 19, -12
4956.7, 19, -12
4956.8, 19, -12
4956.9, 19, -12
4957, 19, -12
4957.1, 19, -12
4957.2, 19, -12
4957.3, 19, -12
4957.4, 19, -12
4957.5, 19, -12
4957.6, 19, -12
4957.7, 19, -12
4957.8, 19, -12
4957.9, 19, -12
4958, 19, -12
4958.1, 19, -12
4958.2, 19, -12
4958.3, 19, -12
4958.4, 19, -12
4958.5, 19, -12
4958.6, 19, -12
4958.7, 18, -12
4958.8, 18, -12
4958.9, 18, -12
4959, 18, -12
4959.1, 18, -12
4959.2, 18, -12
4959.3, 18, -12
4959.4, 18, -12
4959.5, 18, -12
4959.6, 18, -12
4959.7, 18, -12
4959.8, 18, -12
4959.9, 18, -12
4960, 18, -12
4960.1, 18, -13
4960.2, 18, -13
4960.3, 18, -13
4960.4, 18, -13
4960.5, 18, -13
4960.6, 18, -13
4960.7, 18, -13
4960.8, 18, -13
4960.9, 18, -13
4961, 18, -13
4961.1, 18, -13
4961.2, 18, -13
4961.3, 18, -12
4961.4, 18, -12
4961.5, 18, -12
4961.6, 18, -12
4961.7, 18, -12
4961.8, 18, -12
4961.9, 18, -12
4962, 18, -12
4962.1, 18, -12
4962.2, 18, -12
4962.3, 18, -12
4962.4, 18, -12
4962.5, 18, -12
4962.6, 18, -12
4962.7, 18, -12
4962.8, 18, -12
4962.9, 18, -12
4963, 18, -12
4963.1, 18, -12
4963.2, 18, -12
4963.3, 18, -12
4963.4, 18, -12
4963.5, 18, -12
4963.6, 18, -12
4963.7, 18, -11
4963.8, 18, -11
4963.9, 18, -11
4964, 18, -11
4964.1, 18, -11
4964.2, 18, -11
4964.3, 19, -11
4964.4, 19, -11
4964.5, 19, -11
4964.6, 19, -11
4964.7, 19, -11
4964.8, 19, -11
4964.9, 19, -11
4965, 19, -11
4965.1, 19, -11
4965.2, 19, -11
4965.3, 19, -11
4965.4, 19, -11
4965.5, 19, -11
4965.6, 19, -11
4965.7, 19, -11
4965.8, 19, -11
4965.9, 19, -11
4966, 19, -11
4966.1, 19, -11
4966.2, 19, -11
4966.3, 19, -11
4966.4, 19, -11
4966.5, 19, -11
4966.6, 19, -11
4966.7, 19, -11
4966.8, 19, -11
4966.9, 19, -11
4967, 19, -11
4967.1, 19, -11
4967.2, 19, -11
4967.3, 19, -11
4967.4, 19, -11
4967.5, 19, -11
4967.6, 19, -11
4967.7, 19, -11
4967.8, 19, -11
4967.9, 19, -11
4968, 19, -11
4968.1, 19, -11
4968.2, 19, -11
4968.3, 19, -11
4968.4, 19, -11
4968.5, 19, -11
4968.6, 19, -11
4968.7, 19, -11
4968.8, 19, -11
4968.9, 18, -11
4969, 18, -11
4969.1, 18, -11
4969.2, 18, -11
4969.3, 18, -11
4969.4, 18, -11
4969.5, 18, -11
4969.6, 18, -11
4969.7, 18, -11
4969.8, 18, -11
4969.9, 17, -11
4970, 17, -11
4970.1, 17, -10
4970.2, 17, -10
4970.3, 17, -10
4970.4, 17, -10
4970.5, 17, -10
4970.6, 17, -10
4970.7, 17, -9
4970.8, 17, -9
4970.9, 17, -9
4971, 17, -9
4971.1, 17, -9
4971.2, 17, -9
4971.3, 17, -9
4971.4, 17, -9
4971.5, 17, -9
4971.6, 17, -9
4971.7, 17, -9
4971.8, 17, -9
4971.9, 17, -9
4972, 17, -9
4972.1, 17, -9
4972.2, 17, -9
4972.3, 17, -9
4972.4, 17, -9
4972.5, 17, -9
4972.6, 17, -9
4972.7, 17, -9
4972.8, 17, -9
4972.9, 17, -9
4973, 17, -9
4973.1, 17, -9
4973.2, 17, -9
4973.3, 17, -9
4973.4, 17, -9
4973.5, 17, -9
4973.6, 17, -9
4973.7, 17, -10
4973.8, 17, -10
4973.9, 16, -10
4974, 16, -10
4974.1, 16, -10
4974.2, 16, -10
4974.3, 16, -10
4974.4, 16, -10
4974.5, 16, -10
4974.6, 16, -10
4974.7, 16, -10
4974.8, 16, -10
4974.9, 16, -10
4975, 16, -10
4975.1, 16, -10
4975.2, 16, -10
4975.3, 16, -11
4975.4, 16, -11
4975.5, 16, -11
4975.6, 16, -11
4975.7, 16, -11
4975.8, 16, -11
4975.9, 16, -11
4976, 16, -11
4976.1, 16, -11
4976.2, 16, -11
4976.3, 16, -11
4976.4, 16, -11
4976.5, 16, -11
4976.6, 16, -11
4976.7, 16, -11
4976.8, 16, -11
4976.9, 16, -11
4977, 16, -11
4977.1, 16, -11
4977.2, 16, -11
4977.3, 16, -11
4977.4, 16, -11
4977.5, 16, -10
4977.6, 16, -10
4977.7, 16, -10
4977.8, 16, -10
4977.9, 16, -10
4978, 16, -10
4978.1, 16, -10
4978.2, 16, -10
4978.3, 16, -10
4978.4, 16, -10
4978.5, 16, -10
4978.6, 16, -10
4978.7, 16, -10
4978.8, 16, -10
4978.9, 16, -10
4979, 16, -10
4979.1, 16, -10
4979.2, 16, -10
4979.3, 16, -10
4979.4, 16, -10
4979.5, 16, -10
4979.6, 16, -10
4979.7, 16, -10
4979.8, 16, -10
4979.9, 16, -10
4980, 16, -10
4980.1, 16, -10
4980.2, 16, -10
4980.3, 16, -10
4980.4, 16, -10
4980.5, 16, -10
4980.6, 16, -10
4980.7, 16, -10
4980.8, 16, -10
4980.9, 16, -10
4981, 16, -10
4981.1, 16, -10
4981.2, 16, -10
4981.3, 16, -10
4981.4, 16, -10
4981.5, 16, -10
4981.6, 16, -10
4981.7, 16, -10
4981.8, 16, -10
4981.9, 16, -10
4982, 16, -10
4982.1, 16, -10
4982.2, 16, -10
4982.3, 16, -10
4982.4, 16, -10
4982.5, 16, -10
4982.6, 16, -10
4982.7, 16, -10
4982.8, 16, -10
4982.9, 16, -10
4983, 16, -10
4983.1, 16, -10
4983.2, 16, -10
4983.3, 16, -10
4983.4, 16, -10
4983.5, 17, -10
4983.6, 17, -10
4983.7, 17, -10
4983.8, 17, -10
4983.9, 17, -10
4984, 17, -10
4984.1, 17, -9
4984.2, 17, -9
4984.3, 17, -9
4984.4, 17, -9
4984.5, 17, -9
4984.6, 17, -9
4984.7, 17, -9
4984.8, 17, -9
4984.9, 17, -9
4985, 17, -9
4985.1, 17, -9
4985.2, 17, -9
4985.3, 17, -9
4985.4, 17, -9
4985.5, 17, -9
4985.6, 17, -9
4985.7, 17, -9
4985.8, 17, -9
4985.9, 17, -9
4986, 17, -9
4986.1, 18, -9
4986.2, 18, -9
4986.3, 18, -9
4986.4, 18, -9
4986.5, 18, -9
4986.6, 18, -9
4986.7, 18, -9
4986.8, 18, -9
4986.9, 18, -8
4987, 18, -8
4987.1, 18, -8
4987.2, 18, -8
4987.3, 18, -8
4987.4, 18, -8
4987.5, 18, -8
4987.6, 18, -8
4987.7, 18, -8
4987.8, 18, -8
4987.9, 18, -8
4988, 18, -8
4988.1, 18, -8
4988.2, 18, -8
4988.3, 18, -8
4988.4, 18, -8
4988.5, 18, -8
4988.6, 18, -8
4988.7, 18, -8
4988.8, 18, -8
4988.9, 18, -8
4989, 18, -8
4989.1, 18, -8
4989.2, 18, -8
4989.3, 18, -8
4989.4, 18, -8
4989.5, 18, -8
4989.6, 18, -8
4989.7, 18, -8
4989.8, 18, -8
4989.9, 18, -9
4990, 18, -9
4990.1, 18, -9
4990.2, 18, -9
4990.3, 18, -9
4990.4, 18, -9
4990.5, 18, -9
4990.6, 18, -9
4990.7, 18, -9
4990.8, 18, -9
4990.9, 18, -9
4991, 18, -9
4991.1, 18, -9
4991.2, 18, -9
4991.3, 18, -9
4991.4, 18, -9
4991.5, 18, -9
4991.6, 18, -9
4991.7, 18, -9
4991.8, 18, -9
4991.9, 18, -9
4992, 18, -9
4992.1, 18, -9
4992.2, 18, -9
4992.3, 18, -9
4992.4, 18, -9
4992.5, 18, -9
4992.6, 18, -9
4992.7, 18, -9
4992.8, 18, -9
4992.9, 18, -9
4993, 18, -9
4993.1, 18, -9
4993.2, 18, -9
4993.3, 18, -9
4993.4, 18, -9
4993.5, 18, -9
4993.6, 18, -9
4993.7, 18, -9
4993.8, 18, -9
4993.9, 18, -9
4994, 18, -9
4994.1, 18, -9
4994.2, 18, -9
4994.3, 18, -9
4994.4, 18, -9
4994.5, 18, -9
4994.6, 18, -9
4994.7, 18, -9
4994.8, 18, -9
4994.9, 18, -9
4995, 18, -9
4995.1, 18, -9
4995.2, 18, -9
4995.3, 18, -9
4995.4, 18, -9
4995.5, 18, -9
4995.6, 18, -9
4995.7, 18, -9
4995.8, 18, -9
4995.9, 18, -9
4996, 18, -9
4996.1, 18, -9
4996.2, 18, -9
4996.3, 18, -9
4996.4, 18, -9
4996.5, 18, -9
4996.6, 18, -9
4996.7, 18, -9
4996.8, 18, -9
4996.9, 18, -9
4997, 18, -9
4997.1, 18, -9
4997.2, 18, -9
4997.3, 18, -9
4997.4, 18, -9
4997.5, 18, -9
4997.6, 18, -9
4997.7, 18, -9
4997.8, 18, -9
4997.9, 18, -9
4998, 18, -9
4998.1, 18, -10
4998.2, 18, -10
4998.3, 18, -10
4998.4, 18, -10
4998.5, 18, -10
4998.6, 18, -10
4998.7, 18, -10
4998.8, 18, -10
4998.9, 18, -10
4999, 18, -10
4999.1, 18, -10
4999.2, 18, -10
4999.3, 18, -10
4999.4, 18, -10
4999.5, 18, -10
4999.6, 18, -10
4999.7, 18, -10
4999.8, 18, -10
4999.9, 18, -10
5000, 18, -10
