0, 0, 0
0.1, 0, 0
0.2, 0, 0
0.3, 0, 0
0.4, 0, 0
0.5, 0, 0
0.6, 0, 0
0.7, 0, 0
0.8, 0, 0
0.9, 0, 0
1, 0, 0
1.1, 0, 0
1.2, 0, 0
1.3, 0, 0
1.4, 0, 0
1.5, 0, 0
1.6, 0, 0
1.7, 0, 0
1.8, 0, 0
1.9, 0, 0
2, 0, 0
2.1, 0, 0
2.2, 0, 0
2.3, 0, 0
2.4, 0, 0
2.5, 0, 0
2.6, 0, 0
2.7, 0, 0
2.8, 0, 0
2.9, 0, -1
3, 0, -1
3.1, 0, -1
3.2, 0, -1
3.3, 0, -1
3.4, 0, -1
3.5, 0, -1
3.6, 0, -1
3.7, 0, -1
3.8, 0, -1
3.9, 0, -1
4, 0, -1
4.1, 0, -2
4.2, 0, -2
4.3, 0, -2
4.4, 0, -2
4.5, 0, -2
4.6, 0, -2
4.7, 0, -2
4.8, 0, -2
4.9, 0, -2
5, 0, -2
5.1, 0, -1
5.2, 0, -1
5.3, 1, -1
5.4, 1, -1
5.5, 1, -1
5.6, 1, -1
5.7, 1, -1
5.8, 1, -1
5.9, 1, -1
6, 1, -1
6.1, 1, -1
6.2, 1, -1
6.3, 1, -1
6.4, 1, -1
6.5, 1, -1
6.6, 1, -1
6.7, 1, -1
6.8, 1, -1
6.9, 1, -1
7, 1, -1
7.1, 1, -1
7.2, 1, -1
7.3, 1, -1
7.4, 1, -1
7.5, 1, -1
7.6, 1, -1
7.7, 1, -1
7.8, 1, -1
7.9, 1, -1
8, 1, -1
8.1, 1, -1
8.2, 1, -1
8.3, 1, -1
8.4, 1, -1
8.5, 1, -1
8.6, 1, -1
8.7, 1, -1
8.8, 1, -1
8.9, 1, -1
9, 1, -1
9.1, 1, -1
9.2, 1, -1
9.3, 1, -1
9.4, 1, -1
9.5, 1, -1
9.6, 1, -1
9.7, 1, -1
9.8, 1, -1
9.9, 1, -1
10, 1, -1
10.1, 1, -1
10.2, 1, -1
10.3, 1, -1
10.4, 1, -1
10.5, 1, -1
10.6, 1, -1
10.7, 1, -1
10.8, 1, -1
10.9, 1, -1
11, 1, -1
11.1, 1, -1
11.2, 1, -1
11.3, 1, -1
11.4, 1, -1
11.5, 1, -1
11.6, 1, -1
11.7, 1, -1
11.8, 1, -1
11.9, 1, -1
12, 1, -1
12.1, 1, -2
12.2, 1, -2
12.3, 1, -2
12.4, 1, -2
12.5, 1, -2
12.6, 1, -2
12.7, 1, -2
12.8, 1, -2
12.9, 1, -2
13, 1, -2
13.1, 1, -2
13.2, 1, -2
13.3, 1, -2
13.4, 1, -2
13.5, 1, -2
13.6, 1, -2
13.7, 1, -2
13.8, 1, -2
13.9, 1, -2
14, 1, -2
14.1, 1, -2
14.2, 1, -2
14.3, 1, -2
14.4, 1, -2
14.5, 1, -2
14.6, 1, -2
14.7, 1, -2
14.8, 1, -2
14.9, 1, -2
15, 1, -2
15.1, 1, -2
15.2, 1, -2
15.3, 1, -2
15.4, 1, -2
15.5, 1, -2
15.6, 1, -2
15.7, 1, -2
15.8, 1, -2
15.9, 1, -2
16, 1, -2
16.1, 1, -2
16.2, 1, -2
16.3, 1, -2
16.4, 1, -2
16.5, 1, -2
16.6, 1, -2
16.7, 1, -2
16.8, 1, -2
16.9, 1, -2
17, 1, -2
17.1, 1, -3
17.2, 1, -3
17.3, 1, -3
17.4, 1, -3
17.5, 1, -3
17.6, 1, -3
17.7, 1, -3
17.8, 1, -3
17.9, 1, -3
18, 1, -3
18.1, 1, -4
18.2, 1, -4
18.3, 1, -4
18.4, 1, -4
18.5, 1, -4
18.6, 1, -4
18.7, 1, -4
18.8, 1, -4
18.9, 0, -4
19, 0, -4
19.1, 0, -4
19.2, 0, -4
19.3, 0, -4
19.4, 0, -4
19.5, 0, -4
19.6, 0, -4
19.7, 0, -5
19.8, 0, -5
19.9, 0, -5
20, 0, -5
20.1, 0, -5
20.2, 0, -5
20.3, 0, -5
20.4, 0, -5
20.5, 0, -5
20.6, 0, -5
20.7, 0, -5
20.8, 0, -5
20.9, 0, -5
21, 0, -5
21.1, 0, -5
21.2, 0, -5
21.3, 0, -5
21.4, 0, -5
21.5, 0, -5
21.6, 0, -5
21.7, 0, -5
21.8, 0, -5
21.9, 0, -4
22, 0, -4
22.1, 0, -4
22.2, 0, -4
22.3, 0, -4
22.4, 0, -4
22.5, 0, -4
22.6, 0, -4
22.7, 0, -4
22.8, 0, -4
22.9, 0, -4
23, 0, -4
23.1, 0, -4
23.2, 0, -4
23.3, 0, -4
23.4, 0, -4
23.5, -1, -4
23.6, -1, -4
23.7, -1, -4
23.8, -1, -4
23.9, -1, -4
24, -1, -4
24.1, -1, -4
24.2, -1, -4
24.3, -1, -4
24.4, -1, -4
24.5, -1, -4
24.6, -1, -4
24.7, -1, -4
24.8, -1, -4
24.9, -2, -4
25, -2, -4
25.1, -2, -4
25.2, -2, -4
25.3, -2, -4
25.4, -2, -4
25.5, -2, -4
25.6, -2, -4
25.7, -2, -4
25.8, -2, -4
25.9, -2, -4
26, -2, -4
26.1, -2, -4
26.2, -2, -4
26.3, -2, -4
26.4, -2, -4
26.5, -1, -4
26.6, -1, -4
26.7, -1, -4
26.8, -1, -4
26.9, -1, -4
27, -1, -4
27.1, -1, -4
27.2, -1, -4
27.3, -1, -4
27.4, -1, -4
27.5, -1, -4
27.6, -1, -4
27.7, -1, -4
27.8, -1, -4
27.9, -1, -4
28, -1, -4
28.1, -1, -4
28.2, -1, -4
28.3, -1, -4
28.4, -1, -4
28.5, -1, -4
28.6, -1, -4
28.7, -1, -4
28.8, -1, -4
28.9, -1, -4
29, -1, -4
29.1, -1, -4
29.2, -1, -4
29.3, -1, -4
29.4, -1, -4
29.5, -1, -4
29.6, -1, -4
29.7, -1, -3
29.8, -1, -3
29.9, -1, -3
30, -1, -3
30.1, -1, -3
30.2, -1, -3
30.3, -1, -2
30.4, -1, -2
30.5, -1, -2
30.6, -1, -2
30.7, -1, -2
30.8, -1, -2
30.9, 0, -2
31, 0, -2
31.1, 0, -2
31.2, 0, -2
31.3, 0, -2
31.4, 0, -2
31.5, 0, -2
31.6, 0, -2
31.7, 0, -2
31.8, 0, -2
31.9, 0, -2
32, 0, -2
32.1, 0, -2
32.2, 0, -2
32.3, 0, -2
32.4, 0, -2
32.5, 0, -2
32.6, 0, -2
32.7, 0, -2
32.8, 0, -2
32.9, 0, -2
33, 0, -2
33.1, -1, -2
33.2, -1, -2
33.3, -1, -2
33.4, -1, -2
33.5, -1, -2
33.6, -1, -2
33.7, -1, -2
33.8, -1, -2
33.9, -1, -2
34, -1, -2
34.1, -1, -2
34.2, -1, -2
34.3, -1, -2
34.4, -1, -2
34.5, -1, -2
34.6, -1, -2
34.7, -1, -2
34.8, -1, -2
34.9, -1, -2
35, -1, -2
35.1, -1, -2
35.2, -1, -2
35.3, -1, -2
35.4, -1, -2
35.5, -2, -2
35.6, -2, -2
35.7, -2, -2
35.8, -2, -2
35.9, -2, -2
36, -2, -2
36.1, -2, -2
36.2, -2, -2
36.3, -2, -2
36.4, -2, -2
36.5, -2, -2
36.6, -2, -2
36.7, -2, -2
36.8, -2, -2
36.9, -2, -2
37, -2, -2
37.1, -2, -2
37.2, -2, -2
37.3, -2, -2
37.4, -2, -2
37.5, -2, -3
37.6, -2, -3
37.7, -2, -3
37.8, -2, -3
37.9, -2, -3
38, -2, -3
38.1, -2, -3
38.2, -2, -3
38.3, -2, -3
38.4, -2, -3
38.5, -2, -3
38.6, -2, -3
38.7, -2, -3
38.8, -2, -3
38.9, -2, -3
39, -2, -3
39.1, -2, -3
39.2, -2, -3
39.3, -2, -3
39.4, -2, -3
39.5, -2, -3
39.6, -2, -3
39.7, -2, -3
39.8, -2, -3
39.9, -2, -3
40, -2, -3
40.1, -2, -3
40.2, -2, -3
40.3, -2, -3
40.4, -2, -3
40.5, -2, -3
40.6, -2, -3
40.7, -2, -3
40.8, -2, -3
40.9, -2, -3
41, -2, -3
41.1, -2, -3
41.2, -2, -3
41.3, -2, -3
41.4, -2, -3
41.5, -2, -3
41.6, -2, -3
41.7, -2, -3
41.8, -2, -3
41.9, -2, -3
42, -2, -3
42.1, -2, -3
42.2, -2, -3
42.3, -2, -3
42.4, -2, -3
42.5, -1, -3
42.6, -1, -3
42.7, -1, -3
42.8, -1, -3
42.9, -1, -4
43, -1, -4
43.1, -2, -4
43.2, -2, -4
43.3, -2, -4
43.4, -2, -4
43.5, -2, -4
43.6, -2, -4
43.7, -2, -4
43.8, -2, -4
43.9, -2, -4
44, -2, -4
44.1, -2, -4
44.2, -2, -4
44.3, -2, -4
44.4, -2, -4
44.5, -2, -4
44.6, -2, -4
44.7, -2, -4
44.8, -2, -4
44.9, -2, -5
45, -2, -5
45.1, -2, -5
45.2, -2, -5
45.3, -2, -5
45.4, -2, -5
45.5, -2, -5
45.6, -2, -5
45.7, -2, -5
45.8, -2, -5
45.9, -2, -5
46, -2, -5
46.1, -2, -5
46.2, -2, -5
46.3, -2, -5
46.4, -2, -5
46.5, -2, -5
46.6, -2, -5
46.7, -2, -6
46.8, -2, -6
46.9, -2, -6
47, -2, -6
47.1, -2, -6
47.2, -2, -6
47.3, -2, -6
47.4, -2, -6
47.5, -2, -6
47.6, -2, -6
47.7, -2, -6
47.8, -2, -6
47.9, -2, -7
48, -2, -7
48.1, -2, -7
48.2, -2, -7
48.3, -2, -7
48.4, -2, -7
48.5, -2, -7
48.6, -2, -7
48.7, -2, -7
48.8, -2, -7
48.9, -2, -7
49, -2, -7
49.1, -2, -7
49.2, -2, -7
49.3, -2, -7
49.4, -2, -7
49.5, -2, -7
49.6, -2, -7
49.7, -2, -6
49.8, -2, -6
49.9, -2, -6
50, -2, -6
50.1, -2, -6
50.2, -2, -6
50.3, -2, -6
50.4, -2, -6
50.5, -2, -6
50.6, -2, -6
50.7, -2, -6
50.8, -2, -6
50.9, -2, -6
51, -2, -6
51.1, -2, -6
51.2, -2, -6
51.3, -2, -6
51.4, -2, -6
51.5, -2, -6
51.6, -2, -6
51.7, -2, -6
51.8, -2, -6
51.9, -2, -6
52, -2, -6
52.1, -2, -6
52.2, -2, -6
52.3, -2, -6
52.4, -2, -6
52.5, -2, -6
52.6, -2, -6
52.7, -2, -6
52.8, -2, -6
52.9, -2, -6
53, -2, -6
53.1, -2, -6
53.2, -2, -6
53.3, -2, -6
53.4, -2, -6
53.5, -2, -6
53.6, -2, -6
53.7, -2, -6
53.8, -2, -6
53.9, -2, -6
54, -2, -6
54.1, -2, -6
54.2, -2, -6
54.3, -2, -6
54.4, -2, -6
54.5, -2, -6
54.6, -2, -6
54.7, -2, -6
54.8, -2, -6
54.9, -2, -6
55, -2, -6
55.1, -2, -6
55.2, -2, -6
55.3, -2, -6
55.4, -2, -6
55.5, -2, -6
55.6, -2, -6
55.7, -2, -6
55.8, -2, -6
55.9, -2, -6
56, -2, -6
56.1, -2, -6
56.2, -2, -6
56.3, -2, -6
56.4, -2, -6
56.5, -3, -6
56.6, -3, -6
56.7, -3, -6
56.8, -3, -6
56.9, -3, -6
57, -3, -6
57.1, -3, -6
57.2, -3, -6
57.3, -3, -6
57.4, -3, -6
57.5, -3, -6
57.6, -3, -6
57.7, -3, -6
57.8, -3, -6
57.9, -3, -6
58, -3, -6
58.1, -3, -6
58.2, -3, -6
58.3, -3, -6
58.4, -3, -6
58.5, -3, -7
58.6, -3, -7
58.7, -3, -7
58.8, -3, -7
58.9, -3, -7
59, -3, -7
59.1, -3, -7
59.2, -3, -7
59.3, -3, -7
59.4, -3, -7
59.5, -4, -7
59.6, -4, -7
59.7, -5, -7
59.8, -5, -7
59.9, -5, -7
60, -5, -7
60.1, -5, -7
60.2, -5, -7
60.3, -5, -7
60.4, -5, -7
60.5, -5, -7
60.6, -5, -7
60.7, -5, -7
60.8, -5, -7
60.9, -5, -7
61, -5, -7
61.1, -5, -7
61.2, -5, -7
61.3, -4, -7
61.4, -4, -7
61.5, -4, -7
61.6, -4, -7
61.7, -4, -7
61.8, -4, -7
61.9, -4, -7
62, -4, -7
62.1, -4, -7
62.2, -4, -7
62.3, -4, -7
62.4, -4, -7
62.5, -4, -7
62.6, -4, -7
62.7, -4, -7
62.8, -4, -7
62.9, -4, -7
63, -4, -7
63.1, -4, -7
63.2, -4, -7
63.3, -4, -8
63.4, -4, -8
63.5, -4, -8
63.6, -4, -8
63.7, -4, -8
63.8, -4, -8
63.9, -4, -8
64, -4, -8
64.1, -4, -8
64.2, -4, -8
64.3, -4, -8
64.4, -4, -8
64.5, -4, -8
64.6, -4, -8
64.7, -4, -8
64.8, -4, -8
64.9, -3, -8
65, -3, -8
65.1, -3, -7
65.2, -3, -7
65.3, -3, -7
65.4, -3, -7
65.5, -3, -7
65.6, -3, -7
65.7, -3, -7
65.8, -3, -7
65.9, -3, -7
66, -3, -7
66.1, -3, -7
66.2, -3, -7
66.3, -3, -7
66.4, -3, -7
66.5, -3, -7
66.6, -3, -7
66.7, -4, -7
66.8, -4, -7
66.9, -4, -7
67, -4, -7
67.1, -4, -7
67.2, -4, -7
67.3, -4, -7
67.4, -4, -7
67.5, -4, -6
67.6, -4, -6
67.7, -4, -6
67.8, -4, -6
67.9, -4, -6
68, -4, -6
68.1, -4, -6
68.2, -4, -6
68.3, -4, -6
68.4, -4, -6
68.5, -4, -6
68.6, -4, -6
68.7, -4, -7
68.8, -4, -7
68.9, -4, -7
69, -4, -7
69.1, -4, -7
69.2, -4, -7
69.3, -4, -6
69.4, -4, -6
69.5, -4, -6
69.6, -4, -6
69.7, -4, -6
69.8, -4, -6
69.9, -4, -6
70, -4, -6
70.1, -4, -6
70.2, -4, -6
70.3, -5, -6
70.4, -5, -6
70.5, -6, -6
70.6, -6, -6
70.7, -6, -6
70.8, -6, -6
70.9, -6, -6
71, -6, -6
71.1, -6, -6
71.2, -6, -6
71.3, -6, -6
71.4, -6, -6
71.5, -6, -6
71.6, -6, -6
71.7, -6, -6
71.8, -6, -6
71.9, -6, -6
72, -6, -6
72.1, -6, -6
72.2, -6, -6
72.3, -6, -6
72.4, -6, -6
72.5, -6, -6
72.6, -6, -6
72.7, -6, -6
72.8, -6, -6
72.9, -6, -6
73, -6, -6
73.1, -6, -5
73.2, -6, -5
73.3, -6, -5
73.4, -6, -5
73.5, -6, -5
73.6, -6, -5
73.7, -6, -5
73.8, -6, -5
73.9, -6, -5
74, -6, -5
74.1, -6, -5
74.2, -6, -5
74.3, -6, -6
74.4, -6, -6
74.5, -6, -6
74.6, -6, -6
74.7, -6, -6
74.8, -6, -6
74.9, -6, -6
75, -6, -6
75.1, -6, -6
75.2, -6, -6
75.3, -6, -6
75.4, -6, -6
75.5, -6, -6
75.6, -6, -6
75.7, -6, -6
75.8, -6, -6
75.9, -6, -6
76, -6, -6
76.1, -6, -6
76.2, -6, -6
76.3, -6, -6
76.4, -6, -6
76.5, -6, -6
76.6, -6, -6
76.7, -6, -6
76.8, -6, -6
76.9, -6, -6
77, -6, -6
77.1, -6, -6
77.2, -6, -6
77.3, -6, -6
77.4, -6, -6
77.5, -6, -6
77.6, -6, -6
77.7, -6, -6
77.8, -6, -6
77.9, -6, -6
78, -6, -6
78.1, -6, -5
78.2, -6, -5
78.3, -6, -5
78.4, -6, -5
78.5, -6, -5
78.6, -6, -5
78.7, -5, -5
78.8, -5, -5
78.9, -5, -5
79, -5, -5
79.1, -5, -5
79.2, -5, -5
79.3, -5, -5
79.4, -5, -5
79.5, -5, -5
79.6, -5, -5
79.7, -5, -5
79.8, -5, -5
79.9, -5, -5
80, -5, -5
80.1, -5, -5
80.2, -5, -5
80.3, -5, -5
80.4, -5, -5
80.5, -5, -5
80.6, -5, -5
80.7, -5, -5
80.8, -5, -5
80.9, -5, -5
81, -5, -5
81.1, -5, -5
81.2, -5, -5
81.3, -5, -5
81.4, -5, -5
81.5, -5, -5
81.6, -5, -5
81.7, -5, -4
81.8, -5, -4
81.9, -5, -4
82, -5, -4
82.1, -5, -4
82.2, -5, -4
82.3, -5, -4
82.4, -5, -4
82.5, -5, -4
82.6, -5, -4
82.7, -5, -4
82.8, -5, -4
82.9, -5, -5
83, -5, -5
83.1, -5, -5
83.2, -5, -5
83.3, -5, -5
83.4, -5, -5
83.5, -5, -5
83.6, -5, -5
83.7, -5, -5
83.8, -5, -5
83.9, -5, -5
84, -5, -5
84.1, -5, -5
84.2, -5, -5
84.3, -5, -5
84.4, -5, -5
84.5, -5, -5
84.6, -5, -5
84.7, -5, -5
84.8, -5, -5
84.9, -5, -5
85, -5, -5
85.1, -5, -5
85.2, -5, -5
85.3, -5, -5
85.4, -5, -5
85.5, -5, -5
85.6, -5, -5
85.7, -5, -5
85.8, -5, -5
85.9, -5, -5
86, -5, -5
86.1, -5, -5
86.2, -5, -5
86.3, -5, -5
86.4, -5, -5
86.5, -5, -5
86.6, -5, -5
86.7, -5, -5
86.8, -5, -5
86.9, -5, -5
87, -5, -5
87.1, -5, -5
87.2, -5, -5
87.3, -5, -5
87.4, -5, -5
87.5, -4, -5
87.6, -4, -5
87.7, -4, -5
87.8, -4, -5
87.9, -4, -5
88, -4, -5
88.1, -4, -5
88.2, -4, -5
88.3, -4, -5
88.4, -4, -5
88.5, -4, -5
88.6, -4, -5
88.7, -4, -5
88.8, -4, -5
88.9, -4, -5
89, -4, -5
89.1, -4, -6
89.2, -4, -6
89.3, -4, -6
89.4, -4, -6
89.5, -3, -6
89.6, -3, -6
89.7, -3, -6
89.8, -3, -6
89.9, -3, -6
90, -3, -6
90.1, -3, -6
90.2, -3, -6
90.3, -3, -6
90.4, -3, -6
90.5, -3, -6
90.6, -3, -6
90.7, -2, -6
90.8, -2, -6
90.9, -2, -6
91, -2, -6
91.1, -2, -6
91.2, -2, -6
91.3, -2, -6
91.4, -2, -6
91.5, -2, -6
91.6, -2, -6
91.7, -2, -6
91.8, -2, -6
91.9, -2, -6
92, -2, -6
92.1, -2, -6
92.2, -2, -6
92.3, -2, -6
92.4, -2, -6
92.5, -2, -6
92.6, -2, -6
92.7, -2, -6
92.8, -2, -6
92.9, -2, -6
93, -2, -6
93.1, -2, -6
93.2, -2, -6
93.3, -2, -7
93.4, -2, -7
93.5, -2, -7
93.6, -2, -7
93.7, -1, -7
93.8, -1, -7
93.9, -1, -7
94, -1, -7
94.1, -1, -7
94.2, -1, -7
94.3, -1, -7
94.4, -1, -7
94.5, -1, -7
94.6, -1, -7
94.7, -1, -7
94.8, -1, -7
94.9, -1, -7
95, -1, -7
95.1, -1, -7
95.2, -1, -7
95.3, -1, -7
95.4, -1, -7
95.5, -1, -7
95.6, -1, -7
95.7, -1, -7
95.8, -1, -7
95.9, -1, -7
96, -1, -7
96.1, -1, -8
96.2, -1, -8
96.3, -1, -8
96.4, -1, -8
96.5, -1, -8
96.6, -1, -8
96.7, -1, -8
96.8, -1, -8
96.9, -1, -8
97, -1, -8
97.1, -1, -8
97.2, -1, -8
97.3, -2, -8
97.4, -2, -8
97.5, -2, -8
97.6, -2, -8
97.7, -2, -8
97.8, -2, -8
97.9, -2, -8
98, -2, -8
98.1, -2, -8
98.2, -2, -8
98.3, -2, -8
98.4, -2, -8
98.5, -2, -8
98.6, -2, -8
98.7, -2, -8
98.8, -2, -8
98.9, -2, -8
99, -2, -8
99.1, -2, -8
99.2, -2, -8
99.3, -3, -8
99.4, -3, -8
99.5, -3, -8
99.6, -3, -8
99.7, -3, -8
99.8, -3, -8
99.9, -3, -8
100, -3, -8
100.1, -3, -8
100.2, -3, -8
100.3, -3, -8
100.4, -3, -8
100.5, -3, -8
100.6, -3, -8
100.7, -3, -8
100.8, -3, -8
100.9, -3, -8
101, -3, -8
101.1, -3, -8
101.2, -3, -8
101.3, -3, -8
101.4, -3, -8
101.5, -3, -8
101.6, -3, -8
101.7, -2, -8
101.8, -2, -8
101.9, -2, -8
102, -2, -8
102.1, -2, -8
102.2, -2, -8
102.3, -2, -8
102.4, -2, -8
102.5, -2, -8
102.6, -2, -8
102.7, -2, -8
102.8, -2, -8
102.9, -2, -8
103, -2, -8
103.1, -2, -8
103.2, -2, -8
103.3, -2, -8
103.4, -2, -8
103.5, -2, -7
103.6, -2, -7
103.7, -2, -7
103.8, -2, -7
103.9, -2, -7
104, -2, -7
104.1, -2, -7
104.2, -2, -7
104.3, -2, -7
104.4, -2, -7
104.5, -2, -7
104.6, -2, -7
104.7, -2, -7
104.8, -2, -7
104.9, -2, -7
105, -2, -7
105.1, -2, -7
105.2, -2, -7
105.3, -3, -7
105.4, -3, -7
105.5, -3, -7
105.6, -3, -7
105.7, -3, -7
105.8, -3, -7
105.9, -3, -7
106, -3, -7
106.1, -3, -7
106.2, -3, -7
106.3, -3, -7
106.4, -3, -7
106.5, -3, -7
106.6, -3, -7
106.7, -3, -7
106.8, -3, -7
106.9, -3, -7
107, -3, -7
107.1, -3, -7
107.2, -3, -7
107.3, -3, -7
107.4, -3, -7
107.5, -3, -7
107.6, -3, -7
107.7, -3, -7
107.8, -3, -7
107.9, -3, -7
108, -3, -7
108.1, -3, -7
108.2, -3, -7
108.3, -3, -7
108.4, -3, -7
108.5, -3, -7
108.6, -3, -7
108.7, -3, -7
108.8, -3, -7
108.9, -3, -7
109, -3, -7
109.1, -3, -7
109.2, -3, -7
109.3, -3, -7
109.4, -3, -7
109.5, -3, -7
109.6, -3, -7
109.7, -3, -7
109.8, -3, -7
109.9, -3, -7
110, -3, -7
110.1, -3, -7
110.2, -3, -7
110.3, -3, -7
110.4, -3, -7
110.5, -3, -7
110.6, -3, -7
110.7, -3, -7
110.8, -3, -7
110.9, -3, -7
111, -3, -7
111.1, -3, -7
111.2, -3, -7
111.3, -3, -7
111.4, -3, -7
111.5, -3, -7
111.6, -3, -7
111.7, -3, -7
111.8, -3, -7
111.9, -3, -7
112, -3, -7
112.1, -3, -7
112.2, -3, -7
112.3, -3, -7
112.4, -3, -7
112.5, -3, -8
112.6, -3, -8
112.7, -3, -8
112.8, -3, -8
112.9, -3, -8
113, -3, -8
113.1, -3, -8
113.2, -3, -8
113.3, -3, -8
113.4, -3, -8
113.5, -3, -8
113.6, -3, -8
113.7, -3, -8
113.8, -3, -8
113.9, -3, -8
114, -3, -8
114.1, -3, -8
114.2, -3, -8
114.3, -3, -8
114.4, -3, -8
114.5, -3, -8
114.6, -3, -8
114.7, -3, -7
114.8, -3, -7
114.9, -4, -7
115, -4, -7
115.1, -4, -7
115.2, -4, -7
115.3, -4, -7
115.4, -4, -7
115.5, -4, -7
115.6, -4, -7
115.7, -4, -7
115.8, -4, -7
115.9, -4, -7
116, -4, -7
116.1, -4, -8
116.2, -4, -8
116.3, -4, -8
116.4, -4, -8
116.5, -4, -8
116.6, -4, -8
116.7, -4, -8
116.8, -4, -8
116.9, -4, -8
117, -4, -8
117.1, -4, -8
117.2, -4, -8
117.3, -4, -7
117.4, -4, -7
117.5, -3, -7
117.6, -3, -7
117.7, -3, -7
117.8, -3, -7
117.9, -3, -7
118, -3, -7
118.1, -3, -7
118.2, -3, -7
118.3, -3, -8
118.4, -3, -8
118.5, -3, -8
118.6, -3, -8
118.7, -3, -8
118.8, -3, -8
118.9, -3, -8
119, -3, -8
119.1, -3, -8
119.2, -3, -8
119.3, -3, -8
119.4, -3, -8
119.5, -3, -8
119.6, -3, -8
119.7, -3, -8
119.8, -3, -8
119.9, -2, -8
120, -2, -8
120.1, -2, -8
120.2, -2, -8
120.3, -2, -8
120.4, -2, -8
120.5, -2, -7
120.6, -2, -7
120.7, -2, -7
120.8, -2, -7
120.9, -2, -8
121, -2, -8
121.1, -1, -8
121.2, -1, -8
121.3, -1, -8
121.4, -1, -8
121.5, -1, -8
121.6, -1, -8
121.7, -1, -8
121.8, -1, -8
121.9, -1, -8
122, -1, -8
122.1, -1, -8
122.2, -1, -8
122.3, -1, -8
122.4, -1, -8
122.5, -1, -8
122.6, -1, -8
122.7, -1, -8
122.8, -1, -8
122.9, -1, -8
123, -1, -8
123.1, -1, -8
123.2, -1, -8
123.3, -1, -8
123.4, -1, -8
123.5, -1, -8
123.6, -1, -8
123.7, -1, -8
123.8, -1, -8
123.9, 0, -8
124, 0, -8
124.1, 0, -8
124.2, 0, -8
124.3, 0, -8
124.4, 0, -8
124.5, 0, -8
124.6, 0, -8
124.7, 0, -8
124.8, 0, -8
124.9, 1, -8
125, 1, -8
125.1, 1, -8
125.2, 1, -8
125.3, 1, -8
125.4, 1, -8
125.5, 1, -8
125.6, 1, -8
125.7, 1, -8
125.8, 1, -8
125.9, 1, -8
126, 1, -8
126.1, 1, -8
126.2, 1, -8
126.3, 1, -8
126.4, 1, -8
126.5, 1, -8
126.6, 1, -8
126.7, 1, -8
126.8, 1, -8
126.9, 0, -8
127, 0, -8
127.1, 0, -8
127.2, 0, -8
127.3, 0, -8
127.4, 0, -8
127.5, 0, -8
127.6, 0, -8
127.7, 0, -8
127.8, 0, -8
127.9, 0, -8
128, 0, -8
128.1, 0, -8
128.2, 0, -8
128.3, 0, -8
128.4, 0, -8
128.5, 0, -8
128.6, 0, -8
128.7, 0, -8
128.8, 0, -8
128.9, 0, -8
129, 0, -8
129.1, 0, -8
129.2, 0, -8
129.3, 0, -8
129.4, 0, -8
129.5, 1, -8
129.6, 1, -8
129.7, 1, -8
129.8, 1, -8
129.9, 2, -8
130, 2, -8
130.1, 2, -8
130.2, 2, -8
130.3, 2, -8
130.4, 2, -8
130.5, 2, -8
130.6, 2, -8
130.7, 2, -8
130.8, 2, -8
130.9, 2, -8
131, 2, -8
131.1, 2, -8
131.2, 2, -8
131.3, 2, -8
131.4, 2, -8
131.5, 2, -8
131.6, 2, -8
131.7, 2, -8
131.8, 2, -8
131.9, 2, -8
132, 2, -8
132.1, 3, -8
132.2, 3, -8
132.3, 3, -8
132.4, 3, -8
132.5, 3, -8
132.6, 3, -8
132.7, 3, -8
132.8, 3, -8
132.9, 3, -8
133, 3, -8
133.1, 3, -8
133.2, 3, -8
133.3, 3, -8
133.4, 3, -8
133.5, 3, -8
133.6, 3, -8
133.7, 3, -8
133.8, 3, -8
133.9, 3, -8
134, 3, -8
134.1, 3, -8
134.2, 3, -8
134.3, 3, -8
134.4, 3, -8
134.5, 3, -8
134.6, 3, -8
134.7, 2, -8
134.8, 2, -8
134.9, 2, -8
135, 2, -8
135.1, 1, -8
135.2, 1, -8
135.3, 1, -8
135.4, 1, -8
135.5, 1, -8
135.6, 1, -8
135.7, 1, -8
135.8, 1, -8
135.9, 1, -8
136, 1, -8
136.1, 1, -8
136.2, 1, -8
136.3, 1, -8
136.4, 1, -8
136.5, 1, -8
136.6, 1, -8
136.7, 1, -8
136.8, 1, -8
136.9, 1, -8
137, 1, -8
137.1, 1, -9
137.2, 1, -9
137.3, 1, -9
137.4, 1, -9
137.5, 1, -8
137.6, 1, -8
137.7, 1, -8
137.8, 1, -8
137.9, 1, -8
138, 1, -8
138.1, 1, -8
138.2, 1, -8
138.3, 1, -8
138.4, 1, -8
138.5, 1, -8
138.6, 1, -8
138.7, 1, -8
138.8, 1, -8
138.9, 1, -8
139, 1, -8
139.1, 1, -8
139.2, 1, -8
139.3, 1, -8
139.4, 1, -8
139.5, 1, -8
139.6, 1, -8
139.7, 1, -8
139.8, 1, -8
139.9, 1, -8
140, 1, -8
140.1, 1, -8
140.2, 1, -8
140.3, 1, -8
140.4, 1, -8
140.5, 1, -8
140.6, 1, -8
140.7, 1, -8
140.8, 1, -8
140.9, 1, -8
141, 1, -8
141.1, 1, -9
141.2, 1, -9
141.3, 1, -9
141.4, 1, -9
141.5, 1, -9
141.6, 1, -9
141.7, 1, -9
141.8, 1, -9
141.9, 1, -9
142, 1, -9
142.1, 1, -9
142.2, 1, -9
142.3, 1, -9
142.4, 1, -9
142.5, 1, -8
142.6, 1, -8
142.7, 1, -8
142.8, 1, -8
142.9, 1, -8
143, 1, -8
143.1, 1, -8
143.2, 1, -8
143.3, 1, -8
143.4, 1, -8
143.5, 1, -8
143.6, 1, -8
143.7, 1, -8
143.8, 1, -8
143.9, 1, -8
144, 1, -8
144.1, 1, -8
144.2, 1, -8
144.3, 1, -8
144.4, 1, -8
144.5, 1, -8
144.6, 1, -8
144.7, 1, -9
144.8, 1, -9
144.9, 1, -9
145, 1, -9
145.1, 1, -9
145.2, 1, -9
145.3, 1, -9
145.4, 1, -9
145.5, 1, -9
145.6, 1, -9
145.7, 1, -9
145.8, 1, -9
145.9, 1, -9
146, 1, -9
146.1, 1, -9
146.2, 1, -9
146.3, 2, -9
146.4, 2, -9
146.5, 2, -9
146.6, 2, -9
146.7, 2, -9
146.8, 2, -9
146.9, 2, -9
147, 2, -9
147.1, 2, -9
147.2, 2, -9
147.3, 2, -9
147.4, 2, -9
147.5, 2, -9
147.6, 2, -9
147.7, 2, -9
147.8, 2, -9
147.9, 2, -9
148, 2, -9
148.1, 2, -9
148.2, 2, -9
148.3, 2, -9
148.4, 2, -9
148.5, 2, -9
148.6, 2, -9
148.7, 2, -9
148.8, 2, -9
148.9, 2, -9
149, 2, -9
149.1, 2, -9
149.2, 2, -9
149.3, 2, -9
149.4, 2, -9
149.5, 2, -9
149.6, 2, -9
149.7, 2, -9
149.8, 2, -9
149.9, 2, -8
150, 2, -8
150.1, 2, -8
150.2, 2, -8
150.3, 2, -8
150.4, 2, -8
150.5, 2, -8
150.6, 2, -8
150.7, 2, -8
150.8, 2, -8
150.9, 2, -8
151, 2, -8
151.1, 2, -8
151.2, 2, -8
151.3, 2, -9
151.4, 2, -9
151.5, 2, -9
151.6, 2, -9
151.7, 2, -9
151.8, 2, -9
151.9, 2, -9
152, 2, -9
152.1, 2, -9
152.2, 2, -9
152.3, 2, -9
152.4, 2, -9
152.5, 2, -9
152.6, 2, -9
152.7, 2, -9
152.8, 2, -9
152.9, 2, -9
153, 2, -9
153.1, 2, -9
153.2, 2, -9
153.3, 2, -9
153.4, 2, -9
153.5, 2, -9
153.6, 2, -9
153.7, 2, -9
153.8, 2, -9
153.9, 2, -9
154, 2, -9
154.1, 2, -9
154.2, 2, -9
154.3, 2, -9
154.4, 2, -9
154.5, 2, -9
154.6, 2, -9
154.7, 2, -9
154.8, 2, -9
154.9, 2, -9
155, 2, -9
155.1, 2, -9
155.2, 2, -9
155.3, 2, -9
155.4, 2, -9
155.5, 2, -9
155.6, 2, -9
155.7, 2, -9
155.8, 2, -9
155.9, 2, -9
156, 2, -9
156.1, 2, -9
156.2, 2, -9
156.3, 2, -9
156.4, 2, -9
156.5, 2, -9
156.6, 2, -9
156.7, 2, -9
156.8, 2, -9
156.9, 2, -9
157, 2, -9
157.1, 2, -9
157.2, 2, -9
157.3, 2, -9
157.4, 2, -9
157.5, 2, -9
157.6, 2, -9
157.7, 2, -9
157.8, 2, -9
157.9, 2, -9
158, 2, -9
158.1, 2, -9
158.2, 2, -9
158.3, 2, -9
158.4, 2, -9
158.5, 1, -9
158.6, 1, -9
158.7, 1, -9
158.8, 1, -9
158.9, 1, -9
159, 1, -9
159.1, 1, -9
159.2, 1, -9
159.3, 1, -9
159.4, 1, -9
159.5, 1, -9
159.6, 1, -9
159.7, 1, -9
159.8, 1, -9
159.9, 1, -9
160, 1, -9
160.1, 1, -9
160.2, 1, -9
160.3, 1, -9
160.4, 1, -9
160.5, 1, -9
160.6, 1, -9
160.7, 1, -9
160.8, 1, -9
160.9, 1, -9
161, 1, -9
161.1, 1, -9
161.2, 1, -9
161.3, 1, -10
161.4, 1, -10
161.5, 1, -10
161.6, 1, -10
161.7, 1, -10
161.8, 1, -10
161.9, 1, -10
162, 1, -10
162.1, 1, -10
162.2, 1, -10
162.3, 1, -10
162.4, 1, -10
162.5, 1, -10
162.6, 1, -10
162.7, 1, -10
162.8, 1, -10
162.9, 0, -10
163, 0, -10
163.1, 0, -10
163.2, 0, -10
163.3, 0, -10
163.4, 0, -10
163.5, 0, -10
163.6, 0, -10
163.7, 0, -9
163.8, 0, -9
163.9, 0, -9
164, 0, -9
164.1, 0, -9
164.2, 0, -9
164.3, 0, -9
164.4, 0, -9
164.5, 0, -9
164.6, 0, -9
164.7, 0, -9
164.8, 0, -9
164.9, 0, -9
165, 0, -9
165.1, 0, -9
165.2, 0, -9
165.3, 0, -9
165.4, 0, -9
165.5, 0, -9
165.6, 0, -9
165.7, 0, -9
165.8, 0, -9
165.9, 0, -9
166, 0, -9
166.1, 0, -9
166.2, 0, -9
166.3, 0, -9
166.4, 0, -9
166.5, 0, -9
166.6, 0, -9
166.7, 0, -9
166.8, 0, -9
166.9, 0, -9
167, 0, -9
167.1, 0, -9
167.2, 0, -9
167.3, 1, -9
167.4, 1, -9
167.5, 1, -9
167.6, 1, -9
167.7, 1, -9
167.8, 1, -9
167.9, 0, -9
168, 0, -9
168.1, 0, -9
168.2, 0, -9
168.3, 0, -9
168.4, 0, -9
168.5, 0, -9
168.6, 0, -9
168.7, 0, -9
168.8, 0, -9
168.9, 0, -9
169, 0, -9
169.1, 0, -9
169.2, 0, -9
169.3, 0, -9
169.4, 0, -9
169.5, 0, -9
169.6, 0, -9
169.7, 0, -9
169.8, 0, -9
169.9, -1, -9
170, -1, -9
170.1, -1, -9
170.2, -1, -9
170.3, -1, -9
170.4, -1, -9
170.5, -1, -10
170.6, -1, -10
170.7, -1, -10
170.8, -1, -10
170.9, -1, -10
171, -1, -10
171.1, -1, -10
171.2, -1, -10
171.3, -1, -10
171.4, -1, -10
171.5, -1, -10
171.6, -1, -10
171.7, -1, -10
171.8, -1, -10
171.9, -1, -10
172, -1, -10
172.1, -1, -10
172.2, -1, -10
172.3, -1, -10
172.4, -1, -10
172.5, -1, -9
172.6, -1, -9
172.7, -1, -9
172.8, -1, -9
172.9, -1, -9
173, -1, -9
173.1, -2, -9
173.2, -2, -9
173.3, -2, -9
173.4, -2, -9
173.5, -2, -9
173.6, -2, -9
173.7, -2, -9
173.8, -2, -9
173.9, -2, -9
174, -2, -9
174.1, -2, -9
174.2, -2, -9
174.3, -2, -9
174.4, -2, -9
174.5, -2, -9
174.6, -2, -9
174.7, -2, -9
174.8, -2, -9
174.9, -2, -9
175, -2, -9
175.1, -2, -9
175.2, -2, -9
175.3, -2, -9
175.4, -2, -9
175.5, -2, -9
175.6, -2, -9
175.7, -2, -9
175.8, -2, -9
175.9, -2, -9
176, -2, -9
176.1, -2, -9
176.2, -2, -9
176.3, -2, -9
176.4, -2, -9
176.5, -2, -9
176.6, -2, -9
176.7, -2, -9
176.8, -2, -9
176.9, -2, -9
177, -2, -9
177.1, -2, -9
177.2, -2, -9
177.3, -2, -9
177.4, -2, -9
177.5, -2, -9
177.6, -2, -9
177.7, -2, -9
177.8, -2, -9
177.9, -2, -9
178, -2, -9
178.1, -3, -9
178.2, -3, -9
178.3, -3, -9
178.4, -3, -9
178.5, -3, -9
178.6, -3, -9
178.7, -3, -9
178.8, -3, -9
178.9, -3, -9
179, -3, -9
179.1, -3, -9
179.2, -3, -9
179.3, -3, -9
179.4, -3, -9
179.5, -3, -9
179.6, -3, -9
179.7, -3, -10
179.8, -3, -10
179.9, -3, -10
180, -3, -10
180.1, -3, -10
180.2, -3, -10
180.3, -3, -10
180.4, -3, -10
180.5, -3, -10
180.6, -3, -10
180.7, -3, -10
180.8, -3, -10
180.9, -3, -10
181, -3, -10
181.1, -3, -10
181.2, -3, -10
181.3, -3, -10
181.4, -3, -10
181.5, -3, -11
181.6, -3, -11
181.7, -2, -11
181.8, -2, -11
181.9, -2, -11
182, -2, -11
182.1, -2, -12
182.2, -2, -12
182.3, -2, -12
182.4, -2, -12
182.5, -2, -12
182.6, -2, -12
182.7, -2, -12
182.8, -2, -12
182.9, -2, -11
183, -2, -11
183.1, -2, -11
183.2, -2, -11
183.3, -2, -11
183.4, -2, -11
183.5, -2, -11
183.6, -2, -11
183.7, -2, -11
183.8, -2, -11
183.9, -2, -11
184, -2, -11
184.1, -2, -11
184.2, -2, -11
184.3, -2, -11
184.4, -2, -11
184.5, -2, -11
184.6, -2, -11
184.7, -2, -11
184.8, -2, -11
184.9, -2, -11
185, -2, -11
185.1, -2, -11
185.2, -2, -11
185.3, -2, -11
185.4, -2, -11
185.5, -2, -11
185.6, -2, -11
185.7, -2, -11
185.8, -2, -11
185.9, -2, -11
186, -2, -11
186.1, -2, -11
186.2, -2, -11
186.3, -2, -11
186.4, -2, -11
186.5, -2, -11
186.6, -2, -11
186.7, -2, -11
186.8, -2, -11
186.9, -2, -12
187, -2, -12
187.1, -2, -12
187.2, -2, -12
187.3, -2, -12
187.4, -2, -12
187.5, -2, -12
187.6, -2, -12
187.7, -3, -12
187.8, -3, -12
187.9, -3, -12
188, -3, -12
188.1, -3, -12
188.2, -3, -12
188.3, -3, -12
188.4, -3, -12
188.5, -3, -12
188.6, -3, -12
188.7, -3, -12
188.8, -3, -12
188.9, -3, -12
189, -3, -12
189.1, -3, -12
189.2, -3, -12
189.3, -3, -12
189.4, -3, -12
189.5, -3, -12
189.6, -3, -12
189.7, -3, -12
189.8, -3, -12
189.9, -3, -12
190, -3, -12
190.1, -4, -12
190.2, -4, -12
190.3, -4, -12
190.4, -4, -12
190.5, -4, -12
190.6, -4, -12
190.7, -4, -12
190.8, -4, -12
190.9, -4, -12
191, -4, -12
191.1, -4, -12
191.2, -4, -12
191.3, -4, -12
191.4, -4, -12
191.5, -3, -12
191.6, -3, -12
191.7, -3, -12
191.8, -3, -12
191.9, -3, -12
192, -3, -12
192.1, -3, -12
192.2, -3, -12
192.3, -2, -12
192.4, -2, -12
192.5, -2, -12
192.6, -2, -12
192.7, -2, -13
192.8, -2, -13
192.9, -2, -13
193, -2, -13
193.1, -3, -13
193.2, -3, -13
193.3, -3, -13
193.4, -3, -13
193.5, -3, -13
193.6, -3, -13
193.7, -3, -13
193.8, -3, -13
193.9, -2, -13
194, -2, -13
194.1, -2, -13
194.2, -2, -13
194.3, -2, -13
194.4, -2, -13
194.5, -2, -13
194.6, -2, -13
194.7, -3, -13
194.8, -3, -13
194.9, -3, -13
195, -3, -13
195.1, -3, -13
195.2, -3, -13
195.3, -3, -13
195.4, -3, -13
195.5, -3, -13
195.6, -3, -13
195.7, -3, -13
195.8, -3, -13
195.9, -3, -13
196, -3, -13
196.1, -3, -13
196.2, -3, -13
196.3, -3, -13
196.4, -3, -13
196.5, -3, -13
196.6, -3, -13
196.7, -3, -13
196.8, -3, -13
196.9, -3, -13
197, -3, -13
197.1, -3, -13
197.2, -3, -13
197.3, -3, -13
197.4, -3, -13
197.5, -3, -13
197.6, -3, -13
197.7, -3, -13
197.8, -3, -13
197.9, -3, -13
198, -3, -13
198.1, -3, -13
198.2, -3, -13
198.3, -3, -13
198.4, -3, -13
198.5, -3, -13
198.6, -3, -13
198.7, -3, -13
198.8, -3, -13
198.9, -3, -13
199, -3, -13
199.1, -3, -13
199.2, -3, -13
199.3, -3, -13
199.4, -3, -13
199.5, -3, -13
199.6, -3, -13
199.7, -3, -13
199.8, -3, -13
199.9, -3, -13
200, -3, -13
200.1, -3, -13
200.2, -3, -13
200.3, -3, -13
200.4, -3, -13
200.5, -3, -14
200.6, -3, -14
200.7, -3, -14
200.8, -3, -14
200.9, -3, -14
201, -3, -14
201.1, -3, -14
201.2, -3, -14
201.3, -3, -14
201.4, -3, -14
201.5, -3, -14
201.6, -3, -14
201.7, -3, -14
201.8, -3, -14
201.9, -3, -14
202, -3, -14
202.1, -2, -14
202.2, -2, -14
202.3, -2, -14
202.4, -2, -14
202.5, -2, -14
202.6, -2, -14
202.7, -2, -14
202.8, -2, -14
202.9, -2, -14
203, -2, -14
203.1, -2, -14
203.2, -2, -14
203.3, -2, -14
203.4, -2, -14
203.5, -2, -13
203.6, -2, -13
203.7, -2, -13
203.8, -2, -13
203.9, -2, -13
204, -2, -13
204.1, -2, -13
204.2, -2, -13
204.3, -1, -13
204.4, -1, -13
204.5, -1, -13
204.6, -1, -13
204.7, -1, -13
204.8, -1, -13
204.9, -1, -13
205, -1, -13
205.1, -1, -13
205.2, -1, -13
205.3, -1, -13
205.4, -1, -13
205.5, -1, -13
205.6, -1, -13
205.7, -1, -13
205.8, -1, -13
205.9, -1, -12
206, -1, -12
206.1, -1, -13
206.2, -1, -13
206.3, -1, -13
206.4, -1, -13
206.5, -1, -13
206.6, -1, -13
206.7, -1, -13
206.8, -1, -13
206.9, -1, -13
207, -1, -13
207.1, -1, -13
207.2, -1, -13
207.3, -1, -12
207.4, -1, -12
207.5, -1, -12
207.6, -1, -12
207.7, -1, -12
207.8, -1, -12
207.9, -1, -12
208, -1, -12
208.1, -1, -12
208.2, -1, -12
208.3, -1, -13
208.4, -1, -13
208.5, -1, -13
208.6, -1, -13
208.7, -1, -13
208.8, -1, -13
208.9, -1, -13
209, -1, -13
209.1, -1, -14
209.2, -1, -14
209.3, -1, -14
209.4, -1, -14
209.5, -1, -14
209.6, -1, -14
209.7, -1, -14
209.8, -1, -14
209.9, -1, -14
210, -1, -14
210.1, -2, -14
210.2, -2, -14
210.3, -2, -14
210.4, -2, -14
210.5, -2, -15
210.6, -2, -15
210.7, -2, -15
210.8, -2, -15
210.9, -2, -15
211, -2, -15
211.1, -2, -15
211.2, -2, -15
211.3, -2, -15
211.4, -2, -15
211.5, -2, -15
211.6, -2, -15
211.7, -3, -15
211.8, -3, -15
211.9, -3, -15
212, -3, -15
212.1, -3, -15
212.2, -3, -15
212.3, -3, -15
212.4, -3, -15
212.5, -3, -15
212.6, -3, -15
212.7, -3, -15
212.8, -3, -15
212.9, -3, -15
213, -3, -15
213.1, -3, -15
213.2, -3, -15
213.3, -3, -15
213.4, -3, -15
213.5, -3, -15
213.6, -3, -15
213.7, -3, -15
213.8, -3, -15
213.9, -3, -15
214, -3, -15
214.1, -3, -15
214.2, -3, -15
214.3, -2, -15
214.4, -2, -15
214.5, -2, -15
214.6, -2, -15
214.7, -2, -15
214.8, -2, -15
214.9, -2, -15
215, -2, -15
215.1, -2, -15
215.2, -2, -15
215.3, -2, -14
215.4, -2, -14
215.5, -2, -14
215.6, -2, -14
215.7, -2, -15
215.8, -2, -15
215.9, -2, -15
216, -2, -15
216.1, -2, -15
216.2, -2, -15
216.3, -2, -15
216.4, -2, -15
216.5, -2, -15
216.6, -2, -15
216.7, -2, -15
216.8, -2, -15
216.9, -1, -15
217, -1, -15
217.1, -1, -15
217.2, -1, -15
217.3, -1, -15
217.4, -1, -15
217.5, -1, -15
217.6, -1, -15
217.7, -1, -15
217.8, -1, -15
217.9, -1, -15
218, -1, -15
218.1, -1, -15
218.2, -1, -15
218.3, -1, -15
218.4, -1, -15
218.5, -1, -15
218.6, -1, -15
218.7, -1, -15
218.8, -1, -15
218.9, -1, -15
219, -1, -15
219.1, -1, -15
219.2, -1, -15
219.3, -1, -15
219.4, -1, -15
219.5, -1, -15
219.6, -1, -15
219.7, -1, -15
219.8, -1, -15
219.9, -1, -15
220, -1, -15
220.1, -1, -15
220.2, -1, -15
220.3, -1, -15
220.4, -1, -15
220.5, -1, -15
220.6, -1, -15
220.7, -1, -16
220.8, -1, -16
220.9, -2, -16
221, -2, -16
221.1, -2, -17
221.2, -2, -17
221.3, -2, -17
221.4, -2, -17
221.5, -2, -17
221.6, -2, -17
221.7, -3, -17
221.8, -3, -17
221.9, -3, -17
222, -3, -17
222.1, -2, -17
222.2, -2, -17
222.3, -2, -17
222.4, -2, -17
222.5, -2, -17
222.6, -2, -17
222.7, -2, -17
222.8, -2, -17
222.9, -2, -17
223, -2, -17
223.1, -2, -17
223.2, -2, -17
223.3, -2, -17
223.4, -2, -17
223.5, -2, -17
223.6, -2, -17
223.7, -2, -17
223.8, -2, -17
223.9, -2, -17
224, -2, -17
224.1, -2, -17
224.2, -2, -17
224.3, -2, -17
224.4, -2, -17
224.5, -3, -17
224.6, -3, -17
224.7, -3, -17
224.8, -3, -17
224.9, -3, -17
225, -3, -17
225.1, -3, -17
225.2, -3, -17
225.3, -3, -17
225.4, -3, -17
225.5, -3, -17
225.6, -3, -17
225.7, -3, -17
225.8, -3, -17
225.9, -3, -17
226, -3, -17
226.1, -3, -17
226.2, -3, -17
226.3, -3, -17
226.4, -3, -17
226.5, -3, -17
226.6, -3, -17
226.7, -3, -17
226.8, -3, -17
226.9, -3, -17
227, -3, -17
227.1, -3, -17
227.2, -3, -17
227.3, -3, -17
227.4, -3, -17
227.5, -3, -17
227.6, -3, -17
227.7, -3, -17
227.8, -3, -17
227.9, -3, -17
228, -3, -17
228.1, -3, -17
228.2, -3, -17
228.3, -3, -17
228.4, -3, -17
228.5, -3, -17
228.6, -3, -17
228.7, -3, -17
228.8, -3, -17
228.9, -3, -17
229, -3, -17
229.1, -3, -17
229.2, -3, -17
229.3, -3, -17
229.4, -3, -17
229.5, -3, -17
229.6, -3, -17
229.7, -3, -17
229.8, -3, -17
229.9, -3, -17
230, -3, -17
230.1, -3, -17
230.2, -3, -17
230.3, -3, -17
230.4, -3, -17
230.5, -4, -17
230.6, -4, -17
230.7, -4, -17
230.8, -4, -17
230.9, -4, -17
231, -4, -17
231.1, -4, -17
231.2, -4, -17
231.3, -4, -17
231.4, -4, -17
231.5, -4, -17
231.6, -4, -17
231.7, -4, -18
231.8, -4, -18
231.9, -4, -18
232, -4, -18
232.1, -4, -18
232.2, -4, -18
232.3, -4, -18
232.4, -4, -18
232.5, -4, -18
232.6, -4, -18
232.7, -4, -18
232.8, -4, -18
232.9, -4, -18
233, -4, -18
233.1, -4, -18
233.2, -4, -18
233.3, -4, -18
233.4, -4, -18
233.5, -4, -18
233.6, -4, -18
233.7, -4, -18
233.8, -4, -18
233.9, -4, -18
234, -4, -18
234.1, -4, -18
234.2, -4, -18
234.3, -4, -17
234.4, -4, -17
234.5, -4, -17
234.6, -4, -17
234.7, -4, -17
234.8, -4, -17
234.9, -4, -17
235, -4, -17
235.1, -4, -17
235.2, -4, -17
235.3, -4, -17
235.4, -4, -17
235.5, -4, -17
235.6, -4, -17
235.7, -4, -17
235.8, -4, -17
235.9, -4, -17
236, -4, -17
236.1, -4, -17
236.2, -4, -17
236.3, -4, -17
236.4, -4, -17
236.5, -4, -17
236.6, -4, -17
236.7, -4, -17
236.8, -4, -17
236.9, -4, -17
237, -4, -17
237.1, -4, -17
237.2, -4, -17
237.3, -4, -17
237.4, -4, -17
237.5, -4, -17
237.6, -4, -17
237.7, -4, -17
237.8, -4, -17
237.9, -4, -17
238, -4, -17
238.1, -4, -18
238.2, -4, -18
238.3, -4, -18
238.4, -4, -18
238.5, -4, -18
238.6, -4, -18
238.7, -4, -18
238.8, -4, -18
238.9, -4, -18
239, -4, -18
239.1, -4, -18
239.2, -4, -18
239.3, -4, -18
239.4, -4, -18
239.5, -4, -18
239.6, -4, -18
239.7, -4, -18
239.8, -4, -18
239.9, -4, -18
240, -4, -18
240.1, -4, -18
240.2, -4, -18
240.3, -4, -18
240.4, -4, -18
240.5, -4, -18
240.6, -4, -18
240.7, -4, -18
240.8, -4, -18
240.9, -4, -18
241, -4, -18
241.1, -4, -18
241.2, -4, -18
241.3, -4, -18
241.4, -4, -18
241.5, -4, -18
241.6, -4, -18
241.7, -4, -18
241.8, -4, -18
241.9, -4, -18
242, -4, -18
242.1, -4, -18
242.2, -4, -18
242.3, -4, -18
242.4, -4, -18
242.5, -4, -18
242.6, -4, -18
242.7, -4, -18
242.8, -4, -18
242.9, -4, -18
243, -4, -18
243.1, -4, -18
243.2, -4, -18
243.3, -4, -18
243.4, -4, -18
243.5, -4, -18
243.6, -4, -18
243.7, -4, -18
243.8, -4, -18
243.9, -4, -18
244, -4, -18
244.1, -4, -18
244.2, -4, -18
244.3, -4, -18
244.4, -4, -18
244.5, -4, -18
244.6, -4, -18
244.7, -4, -18
244.8, -4, -18
244.9, -4, -18
245, -4, -18
245.1, -4, -18
245.2, -4, -18
245.3, -4, -18
245.4, -4, -18
245.5, -4, -19
245.6, -4, -19
245.7, -4, -19
245.8, -4, -19
245.9, -4, -19
246, -4, -19
246.1, -4, -19
246.2, -4, -19
246.3, -4, -19
246.4, -4, -19
246.5, -4, -19
246.6, -4, -19
246.7, -4, -19
246.8, -4, -19
246.9, -4, -19
247, -4, -19
247.1, -4, -19
247.2, -4, -19
247.3, -4, -19
247.4, -4, -19
247.5, -4, -19
247.6, -4, -19
247.7, -4, -19
247.8, -4, -19
247.9, -4, -19
248, -4, -19
248.1, -4, -19
248.2, -4, -19
248.3, -4, -19
248.4, -4, -19
248.5, -4, -19
248.6, -4, -19
248.7, -4, -19
248.8, -4, -19
248.9, -4, -19
249, -4, -19
249.1, -4, -19
249.2, -4, -19
249.3, -4, -19
249.4, -4, -19
249.5, -4, -19
249.6, -4, -19
249.7, -4, -19
249.8, -4, -19
249.9, -4, -19
250, -4, -19
250.1, -4, -19
250.2, -4, -19
250.3, -4, -19
250.4, -4, -19
250.5, -4, -19
250.6, -4, -19
250.7, -4, -20
250.8, -4, -20
250.9, -4, -20
251, -4, -20
251.1, -4, -20
251.2, -4, -20
251.3, -4, -19
251.4, -4, -19
251.5, -4, -19
251.6, -4, -19
251.7, -4, -19
251.8, -4, -19
251.9, -4, -19
252, -4, -19
252.1, -5, -19
252.2, -5, -19
252.3, -6, -19
252.4, -6, -19
252.5, -6, -19
252.6, -6, -19
252.7, -6, -19
252.8, -6, -19
252.9, -6, -19
253, -6, -19
253.1, -6, -19
253.2, -6, -19
253.3, -6, -19
253.4, -6, -19
253.5, -6, -19
253.6, -6, -19
253.7, -6, -19
253.8, -6, -19
253.9, -6, -19
254, -6, -19
254.1, -6, -19
254.2, -6, -19
254.3, -6, -19
254.4, -6, -19
254.5, -6, -19
254.6, -6, -19
254.7, -6, -19
254.8, -6, -19
254.9, -6, -19
255, -6, -19
255.1, -6, -19
255.2, -6, -19
255.3, -6, -19
255.4, -6, -19
255.5, -6, -19
255.6, -6, -19
255.7, -6, -19
255.8, -6, -19
255.9, -6, -19
256, -6, -19
256.1, -6, -19
256.2, -6, -19
256.3, -6, -19
256.4, -6, -19
256.5, -6, -19
256.6, -6, -19
256.7, -6, -19
256.8, -6, -19
256.9, -6, -19
257, -6, -19
257.1, -5, -19
257.2, -5, -19
257.3, -5, -19
257.4, -5, -19
257.5, -5, -19
257.6, -5, -19
257.7, -5, -19
257.8, -5, -19
257.9, -5, -19
258, -5, -19
258.1, -5, -19
258.2, -5, -19
258.3, -5, -19
258.4, -5, -19
258.5, -5, -19
258.6, -5, -19
258.7, -5, -19
258.8, -5, -19
258.9, -5, -19
259, -5, -19
259.1, -5, -19
259.2, -5, -19
259.3, -5, -19
259.4, -5, -19
259.5, -5, -19
259.6, -5, -19
259.7, -5, -19
259.8, -5, -19
259.9, -5, -19
260, -5, -19
260.1, -5, -19
260.2, -5, -19
260.3, -5, -19
260.4, -5, -19
260.5, -5, -19
260.6, -5, -19
260.7, -5, -19
260.8, -5, -19
260.9, -5, -19
261, -5, -19
261.1, -5, -20
261.2, -5, -20
261.3, -5, -20
261.4, -5, -20
261.5, -5, -20
261.6, -5, -20
261.7, -5, -20
261.8, -5, -20
261.9, -5, -20
262, -5, -20
262.1, -5, -20
262.2, -5, -20
262.3, -5, -20
262.4, -5, -20
262.5, -5, -20
262.6, -5, -20
262.7, -5, -20
262.8, -5, -20
262.9, -5, -20
263, -5, -20
263.1, -5, -20
263.2, -5, -20
263.3, -5, -20
263.4, -5, -20
263.5, -5, -20
263.6, -5, -20
263.7, -5, -20
263.8, -5, -20
263.9, -5, -20
264, -5, -20
264.1, -5, -20
264.2, -5, -20
264.3, -5, -20
264.4, -5, -20
264.5, -6, -20
264.6, -6, -20
264.7, -6, -20
264.8, -6, -20
264.9, -6, -20
265, -6, -20
265.1, -6, -20
265.2, -6, -20
265.3, -6, -20
265.4, -6, -20
265.5, -6, -20
265.6, -6, -20
265.7, -6, -20
265.8, -6, -20
265.9, -6, -20
266, -6, -20
266.1, -6, -20
266.2, -6, -20
266.3, -6, -20
266.4, -6, -20
266.5, -6, -20
266.6, -6, -20
266.7, -6, -20
266.8, -6, -20
266.9, -6, -20
267, -6, -20
267.1, -6, -20
267.2, -6, -20
267.3, -6, -20
267.4, -6, -20
267.5, -6, -20
267.6, -6, -20
267.7, -6, -20
267.8, -6, -20
267.9, -6, -20
268, -6, -20
268.1, -6, -20
268.2, -6, -20
268.3, -6, -20
268.4, -6, -20
268.5, -6, -20
268.6, -6, -20
268.7, -6, -20
268.8, -6, -20
268.9, -6, -20
269, -6, -20
269.1, -6, -20
269.2, -6, -20
269.3, -6, -20
269.4, -6, -20
269.5, -6, -20
269.6, -6, -20
269.7, -6, -20
269.8, -6, -20
269.9, -6, -20
270, -6, -20
270.1, -6, -20
270.2, -6, -20
270.3, -6, -20
270.4, -6, -20
270.5, -6, -19
270.6, -6, -19
270.7, -6, -19
270.8, -6, -19
270.9, -6, -19
271, -6, -19
271.1, -6, -19
271.2, -6, -19
271.3, -6, -19
271.4, -6, -19
271.5, -6, -19
271.6, -6, -19
271.7, -6, -19
271.8, -6, -19
271.9, -6, -19
272, -6, -19
272.1, -6, -19
272.2, -6, -19
272.3, -6, -19
272.4, -6, -19
272.5, -6, -19
272.6, -6, -19
272.7, -6, -19
272.8, -6, -19
272.9, -6, -19
273, -6, -19
273.1, -6, -19
273.2, -6, -19
273.3, -6, -19
273.4, -6, -19
273.5, -6, -19
273.6, -6, -19
273.7, -6, -19
273.8, -6, -19
273.9, -6, -19
274, -6, -19
274.1, -6, -19
274.2, -6, -19
274.3, -6, -19
274.4, -6, -19
274.5, -6, -19
274.6, -6, -19
274.7, -6, -19
274.8, -6, -19
274.9, -6, -19
275, -6, -19
275.1, -6, -19
275.2, -6, -19
275.3, -6, -19
275.4, -6, -19
275.5, -6, -19
275.6, -6, -19
275.7, -6, -19
275.8, -6, -19
275.9, -6, -19
276, -6, -19
276.1, -6, -20
276.2, -6, -20
276.3, -6, -20
276.4, -6, -20
276.5, -6, -20
276.6, -6, -20
276.7, -6, -20
276.8, -6, -20
276.9, -6, -20
277, -6, -20
277.1, -6, -20
277.2, -6, -20
277.3, -6, -20
277.4, -6, -20
277.5, -6, -20
277.6, -6, -20
277.7, -6, -20
277.8, -6, -20
277.9, -6, -20
278, -6, -20
278.1, -6, -20
278.2, -6, -20
278.3, -6, -20
278.4, -6, -20
278.5, -6, -20
278.6, -6, -20
278.7, -5, -20
278.8, -5, -20
278.9, -5, -20
279, -5, -20
279.1, -5, -19
279.2, -5, -19
279.3, -5, -19
279.4, -5, -19
279.5, -5, -19
279.6, -5, -19
279.7, -5, -19
279.8, -5, -19
279.9, -5, -19
280, -5, -19
280.1, -5, -19
280.2, -5, -19
280.3, -5, -19
280.4, -5, -19
280.5, -6, -19
280.6, -6, -19
280.7, -6, -19
280.8, -6, -19
280.9, -6, -19
281, -6, -19
281.1, -6, -19
281.2, -6, -19
281.3, -6, -19
281.4, -6, -19
281.5, -6, -19
281.6, -6, -19
281.7, -6, -19
281.8, -6, -19
281.9, -6, -19
282, -6, -19
282.1, -6, -19
282.2, -6, -19
282.3, -6, -19
282.4, -6, -19
282.5, -6, -19
282.6, -6, -19
282.7, -6, -19
282.8, -6, -19
282.9, -6, -19
283, -6, -19
283.1, -6, -19
283.2, -6, -19
283.3, -6, -19
283.4, -6, -19
283.5, -6, -19
283.6, -6, -19
283.7, -7, -19
283.8, -7, -19
283.9, -7, -19
284, -7, -19
284.1, -7, -19
284.2, -7, -19
284.3, -7, -19
284.4, -7, -19
284.5, -8, -19
284.6, -8, -19
284.7, -8, -19
284.8, -8, -19
284.9, -8, -19
285, -8, -19
285.1, -8, -19
285.2, -8, -19
285.3, -8, -19
285.4, -8, -19
285.5, -8, -19
285.6, -8, -19
285.7, -8, -19
285.8, -8, -19
285.9, -8, -19
286, -8, -19
286.1, -8, -19
286.2, -8, -19
286.3, -9, -19
286.4, -9, -19
286.5, -9, -19
286.6, -9, -19
286.7, -9, -19
286.8, -9, -19
286.9, -9, -19
287, -9, -19
287.1, -9, -19
287.2, -9, -19
287.3, -9, -19
287.4, -9, -19
287.5, -9, -19
287.6, -9, -19
287.7, -9, -19
287.8, -9, -19
287.9, -9, -19
288, -9, -19
288.1, -9, -19
288.2, -9, -19
288.3, -9, -19
288.4, -9, -19
288.5, -9, -19
288.6, -9, -19
288.7, -9, -19
288.8, -9, -19
288.9, -9, -19
289, -9, -19
289.1, -9, -19
289.2, -9, -19
289.3, -9, -19
289.4, -9, -19
289.5, -9, -19
289.6, -9, -19
289.7, -9, -19
289.8, -9, -19
289.9, -9, -19
290, -9, -19
290.1, -9, -19
290.2, -9, -19
290.3, -9, -19
290.4, -9, -19
290.5, -9, -19
290.6, -9, -19
290.7, -9, -19
290.8, -9, -19
290.9, -9, -19
291, -9, -19
291.1, -9, -19
291.2, -9, -19
291.3, -9, -19
291.4, -9, -19
291.5, -9, -19
291.6, -9, -19
291.7, -9, -19
291.8, -9, -19
291.9, -9, -19
292, -9, -19
292.1, -9, -19
292.2, -9, -19
292.3, -9, -19
292.4, -9, -19
292.5, -9, -19
292.6, -9, -19
292.7, -9, -19
292.8, -9, -19
292.9, -9, -19
293, -9, -19
293.1, -9, -19
293.2, -9, -19
293.3, -9, -19
293.4, -9, -19
293.5, -9, -20
293.6, -9, -20
293.7, -9, -20
293.8, -9, -20
293.9, -9, -20
294, -9, -20
294.1, -9, -20
294.2, -9, -20
294.3, -9, -20
294.4, -9, -20
294.5, -9, -20
294.6, -9, -20
294.7, -9, -20
294.8, -9, -20
294.9, -9, -20
295, -9, -20
295.1, -9, -20
295.2, -9, -20
295.3, -9, -21
295.4, -9, -21
295.5, -9, -21
295.6, -9, -21
295.7, -9, -21
295.8, -9, -21
295.9, -9, -21
296, -9, -21
296.1, -9, -22
296.2, -9, -22
296.3, -9, -22
296.4, -9, -22
296.5, -9, -22
296.6, -9, -22
296.7, -9, -22
296.8, -9, -22
296.9, -9, -22
297, -9, -22
297.1, -9, -22
297.2, -9, -22
297.3, -8, -22
297.4, -8, -22
297.5, -8, -22
297.6, -8, -22
297.7, -8, -22
297.8, -8, -22
297.9, -9, -22
298, -9, -22
298.1, -10, -22
298.2, -10, -22
298.3, -10, -22
298.4, -10, -22
298.5, -10, -22
298.6, -10, -22
298.7, -10, -22
298.8, -10, -22
298.9, -10, -22
299, -10, -22
299.1, -10, -22
299.2, -10, -22
299.3, -9, -22
299.4, -9, -22
299.5, -9, -22
299.6, -9, -22
299.7, -9, -22
299.8, -9, -22
299.9, -9, -22
300, -9, -22
300.1, -9, -22
300.2, -9, -22
300.3, -9, -22
300.4, -9, -22
300.5, -9, -23
300.6, -9, -23
300.7, -9, -23
300.8, -9, -23
300.9, -9, -23
301, -9, -23
301.1, -9, -23
301.2, -9, -23
301.3, -9, -23
301.4, -9, -23
301.5, -8, -23
301.6, -8, -23
301.7, -8, -23
301.8, -8, -23
301.9, -8, -23
302, -8, -23
302.1, -8, -23
302.2, -8, -23
302.3, -8, -24
302.4, -8, -24
302.5, -8, -24
302.6, -8, -24
302.7, -8, -24
302.8, -8, -24
302.9, -8, -24
303, -8, -24
303.1, -8, -24
303.2, -8, -24
303.3, -8, -24
303.4, -8, -24
303.5, -8, -24
303.6, -8, -24
303.7, -8, -24
303.8, -8, -24
303.9, -8, -24
304, -8, -24
304.1, -8, -25
304.2, -8, -25
304.3, -8, -25
304.4, -8, -25
304.5, -8, -25
304.6, -8, -25
304.7, -8, -25
304.8, -8, -25
304.9, -8, -25
305, -8, -25
305.1, -8, -25
305.2, -8, -25
305.3, -8, -25
305.4, -8, -25
305.5, -8, -25
305.6, -8, -25
305.7, -9, -25
305.8, -9, -25
305.9, -9, -25
306, -9, -25
306.1, -9, -25
306.2, -9, -25
306.3, -9, -25
306.4, -9, -25
306.5, -9, -25
306.6, -9, -25
306.7, -9, -25
306.8, -9, -25
306.9, -9, -25
307, -9, -25
307.1, -9, -25
307.2, -9, -25
307.3, -10, -25
307.4, -10, -25
307.5, -10, -25
307.6, -10, -25
307.7, -10, -25
307.8, -10, -25
307.9, -9, -25
308, -9, -25
308.1, -9, -25
308.2, -9, -25
308.3, -9, -25
308.4, -9, -25
308.5, -9, -25
308.6, -9, -25
308.7, -9, -25
308.8, -9, -25
308.9, -9, -25
309, -9, -25
309.1, -9, -25
309.2, -9, -25
309.3, -9, -25
309.4, -9, -25
309.5, -9, -25
309.6, -9, -25
309.7, -9, -25
309.8, -9, -25
309.9, -9, -25
310, -9, -25
310.1, -9, -25
310.2, -9, -25
310.3, -9, -25
310.4, -9, -25
310.5, -9, -25
310.6, -9, -25
310.7, -9, -25
310.8, -9, -25
310.9, -9, -25
311, -9, -25
311.1, -9, -24
311.2, -9, -24
311.3, -9, -24
311.4, -9, -24
311.5, -9, -24
311.6, -9, -24
311.7, -9, -24
311.8, -9, -24
311.9, -9, -24
312, -9, -24
312.1, -9, -24
312.2, -9, -24
312.3, -9, -24
312.4, -9, -24
312.5, -9, -24
312.6, -9, -24
312.7, -9, -24
312.8, -9, -24
312.9, -9, -24
313, -9, -24
313.1, -9, -23
313.2, -9, -23
313.3, -9, -23
313.4, -9, -23
313.5, -9, -23
313.6, -9, -23
313.7, -9, -23
313.8, -9, -23
313.9, -9, -23
314, -9, -23
314.1, -9, -23
314.2, -9, -23
314.3, -9, -23
314.4, -9, -23
314.5, -9, -23
314.6, -9, -23
314.7, -9, -22
314.8, -9, -22
314.9, -9, -22
315, -9, -22
315.1, -9, -21
315.2, -9, -21
315.3, -9, -21
315.4, -9, -21
315.5, -9, -21
315.6, -9, -21
315.7, -9, -21
315.8, -9, -21
315.9, -9, -21
316, -9, -21
316.1, -9, -21
316.2, -9, -21
316.3, -9, -21
316.4, -9, -21
316.5, -9, -21
316.6, -9, -21
316.7, -9, -21
316.8, -9, -21
316.9, -9, -21
317, -9, -21
317.1, -9, -21
317.2, -9, -21
317.3, -9, -21
317.4, -9, -21
317.5, -9, -21
317.6, -9, -21
317.7, -9, -21
317.8, -9, -21
317.9, -9, -21
318, -9, -21
318.1, -9, -21
318.2, -9, -21
318.3, -9, -21
318.4, -9, -21
318.5, -10, -21
318.6, -10, -21
318.7, -10, -21
318.8, -10, -21
318.9, -10, -21
319, -10, -21
319.1, -10, -21
319.2, -10, -21
319.3, -10, -21
319.4, -10, -21
319.5, -10, -20
319.6, -10, -20
319.7, -10, -20
319.8, -10, -20
319.9, -10, -20
320, -10, -20
320.1, -10, -20
320.2, -10, -20
320.3, -10, -20
320.4, -10, -20
320.5, -10, -20
320.6, -10, -20
320.7, -10, -20
320.8, -10, -20
320.9, -10, -20
321, -10, -20
321.1, -10, -20
321.2, -10, -20
321.3, -10, -20
321.4, -10, -20
321.5, -10, -20
321.6, -10, -20
321.7, -10, -20
321.8, -10, -20
321.9, -10, -20
322, -10, -20
322.1, -10, -20
322.2, -10, -20
322.3, -10, -20
322.4, -10, -20
322.5, -10, -20
322.6, -10, -20
322.7, -10, -20
322.8, -10, -20
322.9, -10, -20
323, -10, -20
323.1, -10, -20
323.2, -10, -20
323.3, -10, -20
323.4, -10, -20
323.5, -10, -20
323.6, -10, -20
323.7, -10, -20
323.8, -10, -20
323.9, -10, -20
324, -10, -20
324.1, -10, -20
324.2, -10, -20
324.3, -10, -20
324.4, -10, -20
324.5, -10, -20
324.6, -10, -20
324.7, -10, -20
324.8, -10, -20
324.9, -10, -20
325, -10, -20
325.1, -10, -20
325.2, -10, -20
325.3, -10, -20
325.4, -10, -20
325.5, -10, -20
325.6, -10, -20
325.7, -10, -20
325.8, -10, -20
325.9, -10, -20
326, -10, -20
326.1, -10, -20
326.2, -10, -20
326.3, -10, -20
326.4, -10, -20
326.5, -10, -20
326.6, -10, -20
326.7, -10, -20
326.8, -10, -20
326.9, -10, -20
327, -10, -20
327.1, -10, -20
327.2, -10, -20
327.3, -10, -20
327.4, -10, -20
327.5, -10, -20
327.6, -10, -20
327.7, -10, -20
327.8, -10, -20
327.9, -10, -20
328, -10, -20
328.1, -10, -20
328.2, -10, -20
328.3, -10, -20
328.4, -10, -20
328.5, -10, -21
328.6, -10, -21
328.7, -10, -21
328.8, -10, -21
328.9, -10, -21
329, -10, -21
329.1, -10, -21
329.2, -10, -21
329.3, -11, -21
329.4, -11, -21
329.5, -11, -21
329.6, -11, -21
329.7, -11, -21
329.8, -11, -21
329.9, -11, -21
330, -11, -21
330.1, -11, -21
330.2, -11, -21
330.3, -11, -20
330.4, -11, -20
330.5, -11, -20
330.6, -11, -20
330.7, -11, -20
330.8, -11, -20
330.9, -11, -20
331, -11, -20
331.1, -11, -20
331.2, -11, -20
331.3, -11, -20
331.4, -11, -20
331.5, -11, -21
331.6, -11, -21
331.7, -11, -21
331.8, -11, -21
331.9, -11, -21
332, -11, -21
332.1, -11, -21
332.2, -11, -21
332.3, -11, -21
332.4, -11, -21
332.5, -11, -21
332.6, -11, -21
332.7, -10, -21
332.8, -10, -21
332.9, -10, -21
333, -10, -21
333.1, -10, -21
333.2, -10, -21
333.3, -10, -21
333.4, -10, -21
333.5, -10, -20
333.6, -10, -20
333.7, -10, -20
333.8, -10, -20
333.9, -10, -20
334, -10, -20
334.1, -10, -20
334.2, -10, -20
334.3, -10, -20
334.4, -10, -20
334.5, -10, -20
334.6, -10, -20
334.7, -10, -20
334.8, -10, -20
334.9, -10, -20
335, -10, -20
335.1, -10, -20
335.2, -10, -20
335.3, -10, -20
335.4, -10, -20
335.5, -10, -20
335.6, -10, -20
335.7, -10, -20
335.8, -10, -20
335.9, -10, -20
336, -10, -20
336.1, -10, -20
336.2, -10, -20
336.3, -10, -20
336.4, -10, -20
336.5, -10, -20
336.6, -10, -20
336.7, -10, -20
336.8, -10, -20
336.9, -10, -20
337, -10, -20
337.1, -10, -20
337.2, -10, -20
337.3, -10, -20
337.4, -10, -20
337.5, -10, -20
337.6, -10, -20
337.7, -10, -20
337.8, -10, -20
337.9, -10, -20
338, -10, -20
338.1, -10, -20
338.2, -10, -20
338.3, -10, -20
338.4, -10, -20
338.5, -10, -20
338.6, -10, -20
338.7, -10, -20
338.8, -10, -20
338.9, -10, -20
339, -10, -20
339.1, -10, -20
339.2, -10, -20
339.3, -10, -20
339.4, -10, -20
339.5, -10, -20
339.6, -10, -20
339.7, -9, -20
339.8, -9, -20
339.9, -9, -20
340, -9, -20
340.1, -9, -20
340.2, -9, -20
340.3, -9, -20
340.4, -9, -20
340.5, -9, -20
340.6, -9, -20
340.7, -10, -20
340.8, -10, -20
340.9, -10, -20
341, -10, -20
341.1, -10, -20
341.2, -10, -20
341.3, -10, -20
341.4, -10, -20
341.5, -10, -20
341.6, -10, -20
341.7, -10, -20
341.8, -10, -20
341.9, -10, -20
342, -10, -20
342.1, -10, -20
342.2, -10, -20
342.3, -11, -20
342.4, -11, -20
342.5, -11, -20
342.6, -11, -20
342.7, -11, -20
342.8, -11, -20
342.9, -11, -20
343, -11, -20
343.1, -11, -20
343.2, -11, -20
343.3, -11, -20
343.4, -11, -20
343.5, -11, -20
343.6, -11, -20
343.7, -11, -20
343.8, -11, -20
343.9, -11, -20
344, -11, -20
344.1, -11, -20
344.2, -11, -20
344.3, -11, -21
344.4, -11, -21
344.5, -11, -21
344.6, -11, -21
344.7, -11, -21
344.8, -11, -21
344.9, -11, -21
345, -11, -21
345.1, -11, -21
345.2, -11, -21
345.3, -11, -21
345.4, -11, -21
345.5, -10, -21
345.6, -10, -21
345.7, -10, -21
345.8, -10, -21
345.9, -10, -22
346, -10, -22
346.1, -10, -22
346.2, -10, -22
346.3, -10, -22
346.4, -10, -22
346.5, -10, -22
346.6, -10, -22
346.7, -10, -22
346.8, -10, -22
346.9, -10, -22
347, -10, -22
347.1, -10, -22
347.2, -10, -22
347.3, -10, -21
347.4, -10, -21
347.5, -10, -21
347.6, -10, -21
347.7, -10, -21
347.8, -10, -21
347.9, -10, -21
348, -10, -21
348.1, -9, -21
348.2, -9, -21
348.3, -9, -20
348.4, -9, -20
348.5, -9, -20
348.6, -9, -20
348.7, -10, -20
348.8, -10, -20
348.9, -10, -20
349, -10, -20
349.1, -10, -20
349.2, -10, -20
349.3, -10, -20
349.4, -10, -20
349.5, -10, -20
349.6, -10, -20
349.7, -10, -20
349.8, -10, -20
349.9, -10, -20
350, -10, -20
350.1, -10, -20
350.2, -10, -20
350.3, -10, -20
350.4, -10, -20
350.5, -10, -20
350.6, -10, -20
350.7, -10, -20
350.8, -10, -20
350.9, -10, -20
351, -10, -20
351.1, -10, -20
351.2, -10, -20
351.3, -10, -20
351.4, -10, -20
351.5, -10, -20
351.6, -10, -20
351.7, -9, -20
351.8, -9, -20
351.9, -9, -20
352, -9, -20
352.1, -9, -20
352.2, -9, -20
352.3, -9, -20
352.4, -9, -20
352.5, -9, -20
352.6, -9, -20
352.7, -9, -20
352.8, -9, -20
352.9, -9, -20
353, -9, -20
353.1, -9, -20
353.2, -9, -20
353.3, -9, -20
353.4, -9, -20
353.5, -9, -20
353.6, -9, -20
353.7, -9, -20
353.8, -9, -20
353.9, -9, -20
354, -9, -20
354.1, -9, -20
354.2, -9, -20
354.3, -9, -19
354.4, -9, -19
354.5, -9, -19
354.6, -9, -19
354.7, -9, -19
354.8, -9, -19
354.9, -9, -19
355, -9, -19
355.1, -9, -19
355.2, -9, -19
355.3, -9, -19
355.4, -9, -19
355.5, -9, -19
355.6, -9, -19
355.7, -9, -19
355.8, -9, -19
355.9, -9, -19
356, -9, -19
356.1, -9, -19
356.2, -9, -19
356.3, -9, -19
356.4, -9, -19
356.5, -9, -19
356.6, -9, -19
356.7, -9, -19
356.8, -9, -19
356.9, -9, -19
357, -9, -19
357.1, -9, -19
357.2, -9, -19
357.3, -9, -19
357.4, -9, -19
357.5, -9, -19
357.6, -9, -19
357.7, -9, -19
357.8, -9, -19
357.9, -9, -19
358, -9, -19
358.1, -9, -19
358.2, -9, -19
358.3, -9, -19
358.4, -9, -19
358.5, -9, -19
358.6, -9, -19
358.7, -9, -19
358.8, -9, -19
358.9, -9, -19
359, -9, -19
359.1, -9, -19
359.2, -9, -19
359.3, -9, -19
359.4, -9, -19
359.5, -9, -19
359.6, -9, -19
359.7, -9, -19
359.8, -9, -19
359.9, -9, -19
360, -9, -19
360.1, -9, -19
360.2, -9, -19
360.3, -9, -19
360.4, -9, -19
360.5, -9, -19
360.6, -9, -19
360.7, -9, -19
360.8, -9, -19
360.9, -9, -19
361, -9, -19
361.1, -9, -19
361.2, -9, -19
361.3, -9, -19
361.4, -9, -19
361.5, -9, -19
361.6, -9, -19
361.7, -10, -19
361.8, -10, -19
361.9, -10, -19
362, -10, -19
362.1, -10, -19
362.2, -10, -19
362.3, -10, -19
362.4, -10, -19
362.5, -10, -19
362.6, -10, -19
362.7, -10, -19
362.8, -10, -19
362.9, -10, -19
363, -10, -19
363.1, -10, -19
363.2, -10, -19
363.3, -10, -19
363.4, -10, -19
363.5, -10, -19
363.6, -10, -19
363.7, -10, -19
363.8, -10, -19
363.9, -10, -19
364, -10, -19
364.1, -10, -19
364.2, -10, -19
364.3, -10, -19
364.4, -10, -19
364.5, -10, -19
364.6, -10, -19
364.7, -10, -19
364.8, -10, -19
364.9, -10, -19
365, -10, -19
365.1, -10, -19
365.2, -10, -19
365.3, -10, -19
365.4, -10, -19
365.5, -10, -19
365.6, -10, -19
365.7, -10, -19
365.8, -10, -19
365.9, -9, -19
366, -9, -19
366.1, -9, -19
366.2, -9, -19
366.3, -9, -19
366.4, -9, -19
366.5, -10, -19
366.6, -10, -19
366.7, -10, -19
366.8, -10, -19
366.9, -10, -19
367, -10, -19
367.1, -10, -19
367.2, -10, -19
367.3, -10, -19
367.4, -10, -19
367.5, -10, -19
367.6, -10, -19
367.7, -10, -19
367.8, -10, -19
367.9, -10, -19
368, -10, -19
368.1, -10, -20
368.2, -10, -20
368.3, -10, -19
368.4, -10, -19
368.5, -10, -19
368.6, -10, -19
368.7, -10, -18
368.8, -10, -18
368.9, -10, -18
369, -10, -18
369.1, -10, -18
369.2, -10, -18
369.3, -10, -18
369.4, -10, -18
369.5, -10, -18
369.6, -10, -18
369.7, -10, -18
369.8, -10, -18
369.9, -10, -18
370, -10, -18
370.1, -10, -18
370.2, -10, -18
370.3, -10, -18
370.4, -10, -18
370.5, -10, -18
370.6, -10, -18
370.7, -9, -18
370.8, -9, -18
370.9, -9, -18
371, -9, -18
371.1, -9, -18
371.2, -9, -18
371.3, -9, -18
371.4, -9, -18
371.5, -9, -19
371.6, -9, -19
371.7, -9, -19
371.8, -9, -19
371.9, -9, -19
372, -9, -19
372.1, -8, -19
372.2, -8, -19
372.3, -8, -19
372.4, -8, -19
372.5, -8, -19
372.6, -8, -19
372.7, -8, -19
372.8, -8, -19
372.9, -8, -19
373, -8, -19
373.1, -8, -19
373.2, -8, -19
373.3, -8, -19
373.4, -8, -19
373.5, -8, -19
373.6, -8, -19
373.7, -8, -20
373.8, -8, -20
373.9, -8, -19
374, -8, -19
374.1, -8, -19
374.2, -8, -19
374.3, -8, -19
374.4, -8, -19
374.5, -7, -19
374.6, -7, -19
374.7, -7, -19
374.8, -7, -19
374.9, -7, -19
375, -7, -19
375.1, -7, -19
375.2, -7, -19
375.3, -7, -19
375.4, -7, -19
375.5, -7, -19
375.6, -7, -19
375.7, -7, -19
375.8, -7, -19
375.9, -7, -19
376, -7, -19
376.1, -7, -19
376.2, -7, -19
376.3, -7, -19
376.4, -7, -19
376.5, -7, -19
376.6, -7, -19
376.7, -7, -20
376.8, -7, -20
376.9, -7, -20
377, -7, -20
377.1, -7, -20
377.2, -7, -20
377.3, -7, -20
377.4, -7, -20
377.5, -7, -19
377.6, -7, -19
377.7, -7, -19
377.8, -7, -19
377.9, -7, -19
378, -7, -19
378.1, -8, -19
378.2, -8, -19
378.3, -8, -19
378.4, -8, -19
378.5, -8, -19
378.6, -8, -19
378.7, -8, -19
378.8, -8, -19
378.9, -8, -19
379, -8, -19
379.1, -8, -19
379.2, -8, -19
379.3, -8, -19
379.4, -8, -19
379.5, -8, -19
379.6, -8, -19
379.7, -8, -20
379.8, -8, -20
379.9, -8, -20
380, -8, -20
380.1, -8, -20
380.2, -8, -20
380.3, -8, -20
380.4, -8, -20
380.5, -8, -20
380.6, -8, -20
380.7, -8, -20
380.8, -8, -20
380.9, -8, -20
381, -8, -20
381.1, -8, -20
381.2, -8, -20
381.3, -8, -20
381.4, -8, -20
381.5, -8, -20
381.6, -8, -20
381.7, -8, -19
381.8, -8, -19
381.9, -8, -19
382, -8, -19
382.1, -8, -19
382.2, -8, -19
382.3, -8, -19
382.4, -8, -19
382.5, -8, -19
382.6, -8, -19
382.7, -8, -19
382.8, -8, -19
382.9, -8, -19
383, -8, -19
383.1, -8, -19
383.2, -8, -19
383.3, -8, -19
383.4, -8, -19
383.5, -8, -19
383.6, -8, -19
383.7, -8, -19
383.8, -8, -19
383.9, -9, -19
384, -9, -19
384.1, -9, -19
384.2, -9, -19
384.3, -9, -19
384.4, -9, -19
384.5, -9, -19
384.6, -9, -19
384.7, -9, -19
384.8, -9, -19
384.9, -9, -19
385, -9, -19
385.1, -9, -19
385.2, -9, -19
385.3, -9, -19
385.4, -9, -19
385.5, -9, -19
385.6, -9, -19
385.7, -9, -19
385.8, -9, -19
385.9, -9, -19
386, -9, -19
386.1, -10, -19
386.2, -10, -19
386.3, -10, -19
386.4, -10, -19
386.5, -10, -19
386.6, -10, -19
386.7, -10, -20
386.8, -10, -20
386.9, -10, -20
387, -10, -20
387.1, -10, -20
387.2, -10, -20
387.3, -10, -20
387.4, -10, -20
387.5, -10, -20
387.6, -10, -20
387.7, -10, -20
387.8, -10, -20
387.9, -10, -20
388, -10, -20
388.1, -10, -20
388.2, -10, -20
388.3, -10, -20
388.4, -10, -20
388.5, -10, -21
388.6, -10, -21
388.7, -10, -21
388.8, -10, -21
388.9, -10, -21
389, -10, -21
389.1, -10, -21
389.2, -10, -21
389.3, -10, -21
389.4, -10, -21
389.5, -10, -21
389.6, -10, -21
389.7, -10, -22
389.8, -10, -22
389.9, -10, -22
390, -10, -22
390.1, -10, -22
390.2, -10, -22
390.3, -9, -22
390.4, -9, -22
390.5, -9, -22
390.6, -9, -22
390.7, -9, -22
390.8, -9, -22
390.9, -9, -22
391, -9, -22
391.1, -9, -21
391.2, -9, -21
391.3, -9, -21
391.4, -9, -21
391.5, -9, -21
391.6, -9, -21
391.7, -9, -21
391.8, -9, -21
391.9, -9, -21
392, -9, -21
392.1, -9, -21
392.2, -9, -21
392.3, -9, -21
392.4, -9, -21
392.5, -9, -21
392.6, -9, -21
392.7, -9, -21
392.8, -9, -21
392.9, -9, -21
393, -9, -21
393.1, -9, -21
393.2, -9, -21
393.3, -9, -21
393.4, -9, -21
393.5, -9, -21
393.6, -9, -21
393.7, -9, -21
393.8, -9, -21
393.9, -9, -21
394, -9, -21
394.1, -9, -21
394.2, -9, -21
394.3, -9, -21
394.4, -9, -21
394.5, -9, -21
394.6, -9, -21
394.7, -9, -21
394.8, -9, -21
394.9, -8, -21
395, -8, -21
395.1, -9, -21
395.2, -9, -21
395.3, -9, -21
395.4, -9, -21
395.5, -9, -21
395.6, -9, -21
395.7, -9, -21
395.8, -9, -21
395.9, -9, -21
396, -9, -21
396.1, -9, -21
396.2, -9, -21
396.3, -9, -21
396.4, -9, -21
396.5, -9, -21
396.6, -9, -21
396.7, -9, -21
396.8, -9, -21
396.9, -9, -21
397, -9, -21
397.1, -9, -21
397.2, -9, -21
397.3, -9, -21
397.4, -9, -21
397.5, -9, -21
397.6, -9, -21
397.7, -9, -21
397.8, -9, -21
397.9, -9, -21
398, -9, -21
398.1, -9, -21
398.2, -9, -21
398.3, -9, -21
398.4, -9, -21
398.5, -9, -21
398.6, -9, -21
398.7, -9, -21
398.8, -9, -21
398.9, -9, -21
399, -9, -21
399.1, -9, -21
399.2, -9, -21
399.3, -9, -21
399.4, -9, -21
399.5, -9, -21
399.6, -9, -21
399.7, -9, -21
399.8, -9, -21
399.9, -9, -21
400, -9, -21
400.1, -9, -21
400.2, -9, -21
400.3, -9, -21
400.4, -9, -21
400.5, -9, -21
400.6, -9, -21
400.7, -9, -21
400.8, -9, -21
400.9, -9, -20
401, -9, -20
401.1, -9, -20
401.2, -9, -20
401.3, -9, -20
401.4, -9, -20
401.5, -9, -20
401.6, -9, -20
401.7, -9, -20
401.8, -9, -20
401.9, -9, -20
402, -9, -20
402.1, -9, -20
402.2, -9, -20
402.3, -9, -20
402.4, -9, -20
402.5, -9, -20
402.6, -9, -20
402.7, -9, -20
402.8, -9, -20
402.9, -9, -20
403, -9, -20
403.1, -9, -20
403.2, -9, -20
403.3, -9, -20
403.4, -9, -20
403.5, -9, -20
403.6, -9, -20
403.7, -9, -20
403.8, -9, -20
403.9, -9, -20
404, -9, -20
404.1, -9, -20
404.2, -9, -20
404.3, -9, -20
404.4, -9, -20
404.5, -9, -20
404.6, -9, -20
404.7, -9, -20
404.8, -9, -20
404.9, -9, -20
405, -9, -20
405.1, -9, -20
405.2, -9, -20
405.3, -9, -20
405.4, -9, -20
405.5, -9, -20
405.6, -9, -20
405.7, -9, -20
405.8, -9, -20
405.9, -9, -20
406, -9, -20
406.1, -9, -20
406.2, -9, -20
406.3, -9, -20
406.4, -9, -20
406.5, -9, -20
406.6, -9, -20
406.7, -9, -20
406.8, -9, -20
406.9, -9, -20
407, -9, -20
407.1, -9, -20
407.2, -9, -20
407.3, -9, -20
407.4, -9, -20
407.5, -9, -20
407.6, -9, -20
407.7, -9, -20
407.8, -9, -20
407.9, -9, -20
408, -9, -20
408.1, -9, -20
408.2, -9, -20
408.3, -9, -20
408.4, -9, -20
408.5, -9, -20
408.6, -9, -20
408.7, -9, -20
408.8, -9, -20
408.9, -9, -20
409, -9, -20
409.1, -9, -20
409.2, -9, -20
409.3, -9, -20
409.4, -9, -20
409.5, -9, -20
409.6, -9, -20
409.7, -9, -20
409.8, -9, -20
409.9, -9, -20
410, -9, -20
410.1, -10, -20
410.2, -10, -20
410.3, -10, -20
410.4, -10, -20
410.5, -10, -20
410.6, -10, -20
410.7, -10, -20
410.8, -10, -20
410.9, -11, -20
411, -11, -20
411.1, -11, -20
411.2, -11, -20
411.3, -11, -20
411.4, -11, -20
411.5, -11, -20
411.6, -11, -20
411.7, -11, -20
411.8, -11, -20
411.9, -11, -20
412, -11, -20
412.1, -10, -20
412.2, -10, -20
412.3, -10, -20
412.4, -10, -20
412.5, -10, -20
412.6, -10, -20
412.7, -10, -20
412.8, -10, -20
412.9, -10, -20
413, -10, -20
413.1, -10, -20
413.2, -10, -20
413.3, -10, -20
413.4, -10, -20
413.5, -10, -20
413.6, -10, -20
413.7, -10, -20
413.8, -10, -20
413.9, -10, -20
414, -10, -20
414.1, -10, -20
414.2, -10, -20
414.3, -10, -20
414.4, -10, -20
414.5, -10, -20
414.6, -10, -20
414.7, -10, -20
414.8, -10, -20
414.9, -10, -20
415, -10, -20
415.1, -10, -20
415.2, -10, -20
415.3, -10, -20
415.4, -10, -20
415.5, -10, -20
415.6, -10, -20
415.7, -10, -20
415.8, -10, -20
415.9, -10, -20
416, -10, -20
416.1, -10, -20
416.2, -10, -20
416.3, -10, -20
416.4, -10, -20
416.5, -10, -20
416.6, -10, -20
416.7, -10, -20
416.8, -10, -20
416.9, -10, -20
417, -10, -20
417.1, -10, -20
417.2, -10, -20
417.3, -10, -20
417.4, -10, -20
417.5, -10, -20
417.6, -10, -20
417.7, -10, -20
417.8, -10, -20
417.9, -10, -20
418, -10, -20
418.1, -10, -21
418.2, -10, -21
418.3, -10, -21
418.4, -10, -21
418.5, -10, -21
418.6, -10, -21
418.7, -10, -21
418.8, -10, -21
418.9, -10, -21
419, -10, -21
419.1, -10, -21
419.2, -10, -21
419.3, -10, -21
419.4, -10, -21
419.5, -10, -21
419.6, -10, -21
419.7, -10, -21
419.8, -10, -21
419.9, -10, -21
420, -10, -21
420.1, -10, -21
420.2, -10, -21
420.3, -10, -21
420.4, -10, -21
420.5, -10, -21
420.6, -10, -21
420.7, -10, -21
420.8, -10, -21
420.9, -10, -21
421, -10, -21
421.1, -10, -21
421.2, -10, -21
421.3, -10, -21
421.4, -10, -21
421.5, -10, -21
421.6, -10, -21
421.7, -10, -21
421.8, -10, -21
421.9, -10, -21
422, -10, -21
422.1, -10, -21
422.2, -10, -21
422.3, -10, -21
422.4, -10, -21
422.5, -10, -21
422.6, -10, -21
422.7, -9, -21
422.8, -9, -21
422.9, -9, -21
423, -9, -21
423.1, -9, -21
423.2, -9, -21
423.3, -9, -21
423.4, -9, -21
423.5, -9, -20
423.6, -9, -20
423.7, -9, -19
423.8, -9, -19
423.9, -9, -19
424, -9, -19
424.1, -9, -19
424.2, -9, -19
424.3, -9, -18
424.4, -9, -18
424.5, -9, -18
424.6, -9, -18
424.7, -9, -18
424.8, -9, -18
424.9, -9, -17
425, -9, -17
425.1, -9, -17
425.2, -9, -17
425.3, -9, -17
425.4, -9, -17
425.5, -9, -17
425.6, -9, -17
425.7, -9, -17
425.8, -9, -17
425.9, -9, -17
426, -9, -17
426.1, -9, -17
426.2, -9, -17
426.3, -9, -17
426.4, -9, -17
426.5, -9, -17
426.6, -9, -17
426.7, -9, -17
426.8, -9, -17
426.9, -9, -17
427, -9, -17
427.1, -9, -16
427.2, -9, -16
427.3, -9, -16
427.4, -9, -16
427.5, -9, -16
427.6, -9, -16
427.7, -9, -16
427.8, -9, -16
427.9, -9, -16
428, -9, -16
428.1, -9, -16
428.2, -9, -16
428.3, -9, -16
428.4, -9, -16
428.5, -9, -16
428.6, -9, -16
428.7, -9, -16
428.8, -9, -16
428.9, -9, -16
429, -9, -16
429.1, -9, -16
429.2, -9, -16
429.3, -9, -16
429.4, -9, -16
429.5, -8, -16
429.6, -8, -16
429.7, -8, -16
429.8, -8, -16
429.9, -8, -16
430, -8, -16
430.1, -8, -17
430.2, -8, -17
430.3, -8, -17
430.4, -8, -17
430.5, -8, -17
430.6, -8, -17
430.7, -8, -17
430.8, -8, -17
430.9, -8, -17
431, -8, -17
431.1, -8, -17
431.2, -8, -17
431.3, -8, -17
431.4, -8, -17
431.5, -8, -17
431.6, -8, -17
431.7, -8, -17
431.8, -8, -17
431.9, -8, -17
432, -8, -17
432.1, -8, -17
432.2, -8, -17
432.3, -8, -17
432.4, -8, -17
432.5, -8, -17
432.6, -8, -17
432.7, -8, -17
432.8, -8, -17
432.9, -8, -17
433, -8, -17
433.1, -8, -17
433.2, -8, -17
433.3, -8, -16
433.4, -8, -16
433.5, -8, -16
433.6, -8, -16
433.7, -8, -16
433.8, -8, -16
433.9, -8, -16
434, -8, -16
434.1, -8, -16
434.2, -8, -16
434.3, -8, -16
434.4, -8, -16
434.5, -8, -16
434.6, -8, -16
434.7, -8, -16
434.8, -8, -16
434.9, -8, -16
435, -8, -16
435.1, -8, -16
435.2, -8, -16
435.3, -8, -16
435.4, -8, -16
435.5, -8, -16
435.6, -8, -16
435.7, -8, -16
435.8, -8, -16
435.9, -8, -16
436, -8, -16
436.1, -8, -16
436.2, -8, -16
436.3, -8, -16
436.4, -8, -16
436.5, -7, -16
436.6, -7, -16
436.7, -7, -16
436.8, -7, -16
436.9, -7, -15
437, -7, -15
437.1, -7, -15
437.2, -7, -15
437.3, -7, -15
437.4, -7, -15
437.5, -7, -15
437.6, -7, -15
437.7, -6, -15
437.8, -6, -15
437.9, -6, -15
438, -6, -15
438.1, -6, -15
438.2, -6, -15
438.3, -6, -15
438.4, -6, -15
438.5, -6, -15
438.6, -6, -15
438.7, -6, -15
438.8, -6, -15
438.9, -6, -15
439, -6, -15
439.1, -6, -15
439.2, -6, -15
439.3, -6, -15
439.4, -6, -15
439.5, -6, -15
439.6, -6, -15
439.7, -6, -15
439.8, -6, -15
439.9, -5, -15
440, -5, -15
440.1, -5, -15
440.2, -5, -15
440.3, -5, -15
440.4, -5, -15
440.5, -5, -15
440.6, -5, -15
440.7, -5, -15
440.8, -5, -15
440.9, -5, -15
441, -5, -15
441.1, -5, -14
441.2, -5, -14
441.3, -5, -14
441.4, -5, -14
441.5, -5, -14
441.6, -5, -14
441.7, -5, -14
441.8, -5, -14
441.9, -5, -14
442, -5, -14
442.1, -5, -14
442.2, -5, -14
442.3, -5, -14
442.4, -5, -14
442.5, -5, -14
442.6, -5, -14
442.7, -5, -14
442.8, -5, -14
442.9, -5, -14
443, -5, -14
443.1, -5, -14
443.2, -5, -14
443.3, -5, -14
443.4, -5, -14
443.5, -5, -14
443.6, -5, -14
443.7, -5, -14
443.8, -5, -14
443.9, -5, -14
444, -5, -14
444.1, -5, -14
444.2, -5, -14
444.3, -5, -14
444.4, -5, -14
444.5, -5, -14
444.6, -5, -14
444.7, -5, -14
444.8, -5, -14
444.9, -5, -14
445, -5, -14
445.1, -5, -14
445.2, -5, -14
445.3, -5, -14
445.4, -5, -14
445.5, -5, -14
445.6, -5, -14
445.7, -5, -14
445.8, -5, -14
445.9, -5, -14
446, -5, -14
446.1, -5, -14
446.2, -5, -14
446.3, -5, -14
446.4, -5, -14
446.5, -5, -14
446.6, -5, -14
446.7, -5, -15
446.8, -5, -15
446.9, -5, -15
447, -5, -15
447.1, -5, -15
447.2, -5, -15
447.3, -5, -15
447.4, -5, -15
447.5, -5, -15
447.6, -5, -15
447.7, -5, -16
447.8, -5, -16
447.9, -5, -16
448, -5, -16
448.1, -5, -16
448.2, -5, -16
448.3, -5, -16
448.4, -5, -16
448.5, -5, -16
448.6, -5, -16
448.7, -5, -16
448.8, -5, -16
448.9, -5, -16
449, -5, -16
449.1, -5, -16
449.2, -5, -16
449.3, -5, -17
449.4, -5, -17
449.5, -5, -17
449.6, -5, -17
449.7, -5, -17
449.8, -5, -17
449.9, -5, -17
450, -5, -17
450.1, -5, -17
450.2, -5, -17
450.3, -5, -17
450.4, -5, -17
450.5, -5, -17
450.6, -5, -17
450.7, -5, -17
450.8, -5, -17
450.9, -5, -17
451, -5, -17
451.1, -5, -17
451.2, -5, -17
451.3, -5, -17
451.4, -5, -17
451.5, -5, -17
451.6, -5, -17
451.7, -5, -17
451.8, -5, -17
451.9, -5, -17
452, -5, -17
452.1, -5, -17
452.2, -5, -17
452.3, -5, -18
452.4, -5, -18
452.5, -5, -18
452.6, -5, -18
452.7, -5, -18
452.8, -5, -18
452.9, -5, -18
453, -5, -18
453.1, -5, -18
453.2, -5, -18
453.3, -5, -18
453.4, -5, -18
453.5, -5, -18
453.6, -5, -18
453.7, -5, -18
453.8, -5, -18
453.9, -5, -18
454, -5, -18
454.1, -5, -18
454.2, -5, -18
454.3, -5, -18
454.4, -5, -18
454.5, -5, -18
454.6, -5, -18
454.7, -5, -18
454.8, -5, -18
454.9, -5, -18
455, -5, -18
455.1, -5, -17
455.2, -5, -17
455.3, -5, -17
455.4, -5, -17
455.5, -5, -17
455.6, -5, -17
455.7, -5, -17
455.8, -5, -17
455.9, -5, -17
456, -5, -17
456.1, -5, -17
456.2, -5, -17
456.3, -5, -17
456.4, -5, -17
456.5, -5, -17
456.6, -5, -17
456.7, -5, -18
456.8, -5, -18
456.9, -5, -18
457, -5, -18
457.1, -5, -18
457.2, -5, -18
457.3, -5, -18
457.4, -5, -18
457.5, -5, -18
457.6, -5, -18
457.7, -5, -18
457.8, -5, -18
457.9, -5, -18
458, -5, -18
458.1, -5, -18
458.2, -5, -18
458.3, -5, -17
458.4, -5, -17
458.5, -5, -17
458.6, -5, -17
458.7, -5, -17
458.8, -5, -17
458.9, -5, -17
459, -5, -17
459.1, -5, -17
459.2, -5, -17
459.3, -6, -17
459.4, -6, -17
459.5, -6, -17
459.6, -6, -17
459.7, -6, -17
459.8, -6, -17
459.9, -6, -17
460, -6, -17
460.1, -6, -16
460.2, -6, -16
460.3, -6, -16
460.4, -6, -16
460.5, -6, -16
460.6, -6, -16
460.7, -6, -17
460.8, -6, -17
460.9, -6, -17
461, -6, -17
461.1, -6, -17
461.2, -6, -17
461.3, -6, -17
461.4, -6, -17
461.5, -6, -17
461.6, -6, -17
461.7, -6, -17
461.8, -6, -17
461.9, -6, -17
462, -6, -17
462.1, -6, -17
462.2, -6, -17
462.3, -6, -17
462.4, -6, -17
462.5, -6, -17
462.6, -6, -17
462.7, -6, -17
462.8, -6, -17
462.9, -6, -17
463, -6, -17
463.1, -6, -17
463.2, -6, -17
463.3, -6, -17
463.4, -6, -17
463.5, -6, -17
463.6, -6, -17
463.7, -6, -17
463.8, -6, -17
463.9, -6, -17
464, -6, -17
464.1, -6, -17
464.2, -6, -17
464.3, -6, -17
464.4, -6, -17
464.5, -6, -17
464.6, -6, -17
464.7, -6, -17
464.8, -6, -17
464.9, -6, -17
465, -6, -17
465.1, -6, -17
465.2, -6, -17
465.3, -6, -17
465.4, -6, -17
465.5, -6, -17
465.6, -6, -17
465.7, -6, -17
465.8, -6, -17
465.9, -6, -17
466, -6, -17
466.1, -6, -17
466.2, -6, -17
466.3, -7, -17
466.4, -7, -17
466.5, -7, -17
466.6, -7, -17
466.7, -7, -17
466.8, -7, -17
466.9, -6, -17
467, -6, -17
467.1, -7, -17
467.2, -7, -17
467.3, -7, -17
467.4, -7, -17
467.5, -7, -17
467.6, -7, -17
467.7, -7, -17
467.8, -7, -17
467.9, -6, -17
468, -6, -17
468.1, -6, -17
468.2, -6, -17
468.3, -6, -17
468.4, -6, -17
468.5, -6, -17
468.6, -6, -17
468.7, -6, -17
468.8, -6, -17
468.9, -6, -17
469, -6, -17
469.1, -6, -17
469.2, -6, -17
469.3, -6, -17
469.4, -6, -17
469.5, -6, -17
469.6, -6, -17
469.7, -6, -17
469.8, -6, -17
469.9, -6, -17
470, -6, -17
470.1, -6, -17
470.2, -6, -17
470.3, -6, -17
470.4, -6, -17
470.5, -6, -17
470.6, -6, -17
470.7, -6, -17
470.8, -6, -17
470.9, -6, -17
471, -6, -17
471.1, -7, -17
471.2, -7, -17
471.3, -7, -17
471.4, -7, -17
471.5, -7, -17
471.6, -7, -17
471.7, -6, -17
471.8, -6, -17
471.9, -6, -17
472, -6, -17
472.1, -6, -17
472.2, -6, -17
472.3, -6, -17
472.4, -6, -17
472.5, -6, -17
472.6, -6, -17
472.7, -6, -17
472.8, -6, -17
472.9, -6, -17
473, -6, -17
473.1, -6, -17
473.2, -6, -17
473.3, -6, -17
473.4, -6, -17
473.5, -6, -17
473.6, -6, -17
473.7, -6, -17
473.8, -6, -17
473.9, -6, -17
474, -6, -17
474.1, -6, -17
474.2, -6, -17
474.3, -6, -17
474.4, -6, -17
474.5, -6, -17
474.6, -6, -17
474.7, -6, -17
474.8, -6, -17
474.9, -6, -17
475, -6, -17
475.1, -6, -17
475.2, -6, -17
475.3, -6, -16
475.4, -6, -16
475.5, -6, -16
475.6, -6, -16
475.7, -6, -16
475.8, -6, -16
475.9, -6, -16
476, -6, -16
476.1, -6, -16
476.2, -6, -16
476.3, -6, -16
476.4, -6, -16
476.5, -6, -16
476.6, -6, -16
476.7, -6, -16
476.8, -6, -16
476.9, -6, -16
477, -6, -16
477.1, -6, -16
477.2, -6, -16
477.3, -6, -16
477.4, -6, -16
477.5, -6, -16
477.6, -6, -16
477.7, -6, -16
477.8, -6, -16
477.9, -6, -16
478, -6, -16
478.1, -6, -16
478.2, -6, -16
478.3, -6, -16
478.4, -6, -16
478.5, -6, -16
478.6, -6, -16
478.7, -6, -16
478.8, -6, -16
478.9, -6, -15
479, -6, -15
479.1, -6, -15
479.2, -6, -15
479.3, -6, -15
479.4, -6, -15
479.5, -6, -15
479.6, -6, -15
479.7, -6, -15
479.8, -6, -15
479.9, -6, -15
480, -6, -15
480.1, -6, -15
480.2, -6, -15
480.3, -6, -15
480.4, -6, -15
480.5, -6, -15
480.6, -6, -15
480.7, -6, -15
480.8, -6, -15
480.9, -6, -15
481, -6, -15
481.1, -6, -15
481.2, -6, -15
481.3, -6, -15
481.4, -6, -15
481.5, -6, -15
481.6, -6, -15
481.7, -5, -15
481.8, -5, -15
481.9, -5, -15
482, -5, -15
482.1, -5, -15
482.2, -5, -15
482.3, -5, -15
482.4, -5, -15
482.5, -5, -15
482.6, -5, -15
482.7, -5, -15
482.8, -5, -15
482.9, -5, -15
483, -5, -15
483.1, -5, -15
483.2, -5, -15
483.3, -5, -15
483.4, -5, -15
483.5, -5, -15
483.6, -5, -15
483.7, -5, -15
483.8, -5, -15
483.9, -5, -16
484, -5, -16
484.1, -5, -16
484.2, -5, -16
484.3, -5, -16
484.4, -5, -16
484.5, -5, -16
484.6, -5, -16
484.7, -5, -16
484.8, -5, -16
484.9, -5, -16
485, -5, -16
485.1, -5, -16
485.2, -5, -16
485.3, -5, -16
485.4, -5, -16
485.5, -4, -16
485.6, -4, -16
485.7, -4, -16
485.8, -4, -16
485.9, -4, -16
486, -4, -16
486.1, -4, -16
486.2, -4, -16
486.3, -4, -16
486.4, -4, -16
486.5, -4, -16
486.6, -4, -16
486.7, -4, -16
486.8, -4, -16
486.9, -4, -16
487, -4, -16
487.1, -4, -16
487.2, -4, -16
487.3, -4, -16
487.4, -4, -16
487.5, -4, -16
487.6, -4, -16
487.7, -4, -16
487.8, -4, -16
487.9, -4, -16
488, -4, -16
488.1, -5, -16
488.2, -5, -16
488.3, -5, -15
488.4, -5, -15
488.5, -5, -15
488.6, -5, -15
488.7, -5, -15
488.8, -5, -15
488.9, -5, -15
489, -5, -15
489.1, -5, -15
489.2, -5, -15
489.3, -5, -15
489.4, -5, -15
489.5, -5, -15
489.6, -5, -15
489.7, -5, -15
489.8, -5, -15
489.9, -6, -15
490, -6, -15
490.1, -6, -15
490.2, -6, -15
490.3, -6, -15
490.4, -6, -15
490.5, -6, -15
490.6, -6, -15
490.7, -6, -15
490.8, -6, -15
490.9, -6, -15
491, -6, -15
491.1, -5, -15
491.2, -5, -15
491.3, -5, -15
491.4, -5, -15
491.5, -5, -15
491.6, -5, -15
491.7, -5, -15
491.8, -5, -15
491.9, -5, -16
492, -5, -16
492.1, -5, -16
492.2, -5, -16
492.3, -5, -16
492.4, -5, -16
492.5, -5, -16
492.6, -5, -16
492.7, -5, -16
492.8, -5, -16
492.9, -5, -16
493, -5, -16
493.1, -5, -16
493.2, -5, -16
493.3, -5, -16
493.4, -5, -16
493.5, -5, -16
493.6, -5, -16
493.7, -5, -16
493.8, -5, -16
493.9, -5, -16
494, -5, -16
494.1, -5, -16
494.2, -5, -16
494.3, -5, -16
494.4, -5, -16
494.5, -5, -16
494.6, -5, -16
494.7, -5, -16
494.8, -5, -16
494.9, -4, -16
495, -4, -16
495.1, -4, -16
495.2, -4, -16
495.3, -4, -16
495.4, -4, -16
495.5, -4, -16
495.6, -4, -16
495.7, -4, -16
495.8, -4, -16
495.9, -4, -16
496, -4, -16
496.1, -4, -16
496.2, -4, -16
496.3, -4, -16
496.4, -4, -16
496.5, -4, -16
496.6, -4, -16
496.7, -4, -16
496.8, -4, -16
496.9, -4, -16
497, -4, -16
497.1, -4, -16
497.2, -4, -16
497.3, -4, -16
497.4, -4, -16
497.5, -4, -16
497.6, -4, -16
497.7, -4, -16
497.8, -4, -16
497.9, -4, -16
498, -4, -16
498.1, -4, -17
498.2, -4, -17
498.3, -4, -17
498.4, -4, -17
498.5, -4, -17
498.6, -4, -17
498.7, -4, -17
498.8, -4, -17
498.9, -4, -17
499, -4, -17
499.1, -4, -17
499.2, -4, -17
499.3, -4, -17
499.4, -4, -17
499.5, -4, -17
499.6, -4, -17
499.7, -4, -17
499.8, -4, -17
499.9, -4, -17
500, -4, -17
500.1, -4, -17
500.2, -4, -17
500.3, -4, -17
500.4, -4, -17
500.5, -4, -17
500.6, -4, -17
500.7, -4, -17
500.8, -4, -17
500.9, -4, -17
501, -4, -17
501.1, -4, -17
501.2, -4, -17
501.3, -4, -17
501.4, -4, -17
501.5, -5, -17
501.6, -5, -17
501.7, -5, -16
501.8, -5, -16
501.9, -5, -16
502, -5, -16
502.1, -5, -16
502.2, -5, -16
502.3, -5, -16
502.4, -5, -16
502.5, -5, -16
502.6, -5, -16
502.7, -5, -16
502.8, -5, -16
502.9, -5, -16
503, -5, -16
503.1, -5, -16
503.2, -5, -16
503.3, -5, -16
503.4, -5, -16
503.5, -5, -16
503.6, -5, -16
503.7, -5, -16
503.8, -5, -16
503.9, -5, -16
504, -5, -16
504.1, -5, -15
504.2, -5, -15
504.3, -5, -15
504.4, -5, -15
504.5, -5, -15
504.6, -5, -15
504.7, -5, -15
504.8, -5, -15
504.9, -5, -15
505, -5, -15
505.1, -5, -15
505.2, -5, -15
505.3, -5, -15
505.4, -5, -15
505.5, -5, -15
505.6, -5, -15
505.7, -5, -15
505.8, -5, -15
505.9, -4, -15
506, -4, -15
506.1, -4, -15
506.2, -4, -15
506.3, -4, -15
506.4, -4, -15
506.5, -4, -15
506.6, -4, -15
506.7, -4, -14
506.8, -4, -14
506.9, -4, -14
507, -4, -14
507.1, -4, -14
507.2, -4, -14
507.3, -4, -14
507.4, -4, -14
507.5, -4, -14
507.6, -4, -14
507.7, -4, -14
507.8, -4, -14
507.9, -4, -14
508, -4, -14
508.1, -4, -14
508.2, -4, -14
508.3, -4, -14
508.4, -4, -14
508.5, -4, -14
508.6, -4, -14
508.7, -4, -14
508.8, -4, -14
508.9, -4, -15
509, -4, -15
509.1, -4, -15
509.2, -4, -15
509.3, -4, -15
509.4, -4, -15
509.5, -4, -15
509.6, -4, -15
509.7, -4, -15
509.8, -4, -15
509.9, -4, -15
510, -4, -15
510.1, -4, -14
510.2, -4, -14
510.3, -4, -13
510.4, -4, -13
510.5, -4, -13
510.6, -4, -13
510.7, -4, -13
510.8, -4, -13
510.9, -4, -13
511, -4, -13
511.1, -4, -13
511.2, -4, -13
511.3, -5, -13
511.4, -5, -13
511.5, -5, -13
511.6, -5, -13
511.7, -5, -13
511.8, -5, -13
511.9, -5, -13
512, -5, -13
512.1, -5, -13
512.2, -5, -13
512.3, -5, -13
512.4, -5, -13
512.5, -5, -13
512.6, -5, -13
512.7, -5, -13
512.8, -5, -13
512.9, -5, -13
513, -5, -13
513.1, -5, -13
513.2, -5, -13
513.3, -5, -13
513.4, -5, -13
513.5, -5, -13
513.6, -5, -13
513.7, -5, -13
513.8, -5, -13
513.9, -5, -13
514, -5, -13
514.1, -5, -13
514.2, -5, -13
514.3, -5, -13
514.4, -5, -13
514.5, -5, -13
514.6, -5, -13
514.7, -5, -13
514.8, -5, -13
514.9, -5, -13
515, -5, -13
515.1, -5, -13
515.2, -5, -13
515.3, -5, -13
515.4, -5, -13
515.5, -5, -13
515.6, -5, -13
515.7, -5, -13
515.8, -5, -13
515.9, -5, -13
516, -5, -13
516.1, -5, -14
516.2, -5, -14
516.3, -5, -14
516.4, -5, -14
516.5, -5, -14
516.6, -5, -14
516.7, -5, -14
516.8, -5, -14
516.9, -5, -14
517, -5, -14
517.1, -5, -15
517.2, -5, -15
517.3, -5, -15
517.4, -5, -15
517.5, -5, -15
517.6, -5, -15
517.7, -5, -15
517.8, -5, -15
517.9, -5, -15
518, -5, -15
518.1, -5, -15
518.2, -5, -15
518.3, -5, -15
518.4, -5, -15
518.5, -5, -15
518.6, -5, -15
518.7, -5, -15
518.8, -5, -15
518.9, -5, -15
519, -5, -15
519.1, -5, -15
519.2, -5, -15
519.3, -5, -15
519.4, -5, -15
519.5, -5, -15
519.6, -5, -15
519.7, -5, -15
519.8, -5, -15
519.9, -5, -15
520, -5, -15
520.1, -5, -15
520.2, -5, -15
520.3, -5, -15
520.4, -5, -15
520.5, -5, -16
520.6, -5, -16
520.7, -5, -16
520.8, -5, -16
520.9, -4, -16
521, -4, -16
521.1, -4, -17
521.2, -4, -17
521.3, -4, -17
521.4, -4, -17
521.5, -4, -17
521.6, -4, -17
521.7, -4, -17
521.8, -4, -17
521.9, -4, -17
522, -4, -17
522.1, -4, -17
522.2, -4, -17
522.3, -4, -17
522.4, -4, -17
522.5, -4, -17
522.6, -4, -17
522.7, -4, -17
522.8, -4, -17
522.9, -4, -17
523, -4, -17
523.1, -4, -17
523.2, -4, -17
523.3, -4, -17
523.4, -4, -17
523.5, -4, -17
523.6, -4, -17
523.7, -4, -17
523.8, -4, -17
523.9, -4, -17
524, -4, -17
524.1, -5, -17
524.2, -5, -17
524.3, -5, -17
524.4, -5, -17
524.5, -5, -18
524.6, -5, -18
524.7, -5, -18
524.8, -5, -18
524.9, -5, -18
525, -5, -18
525.1, -5, -18
525.2, -5, -18
525.3, -5, -18
525.4, -5, -18
525.5, -5, -18
525.6, -5, -18
525.7, -5, -18
525.8, -5, -18
525.9, -5, -18
526, -5, -18
526.1, -5, -18
526.2, -5, -18
526.3, -5, -18
526.4, -5, -18
526.5, -5, -18
526.6, -5, -18
526.7, -5, -18
526.8, -5, -18
526.9, -5, -18
527, -5, -18
527.1, -5, -19
527.2, -5, -19
527.3, -5, -19
527.4, -5, -19
527.5, -5, -19
527.6, -5, -19
527.7, -5, -19
527.8, -5, -19
527.9, -5, -19
528, -5, -19
528.1, -5, -19
528.2, -5, -19
528.3, -5, -19
528.4, -5, -19
528.5, -5, -19
528.6, -5, -19
528.7, -5, -19
528.8, -5, -19
528.9, -5, -19
529, -5, -19
529.1, -5, -19
529.2, -5, -19
529.3, -5, -20
529.4, -5, -20
529.5, -5, -20
529.6, -5, -20
529.7, -5, -20
529.8, -5, -20
529.9, -5, -20
530, -5, -20
530.1, -5, -20
530.2, -5, -20
530.3, -5, -20
530.4, -5, -20
530.5, -5, -20
530.6, -5, -20
530.7, -5, -20
530.8, -5, -20
530.9, -5, -20
531, -5, -20
531.1, -5, -20
531.2, -5, -20
531.3, -5, -20
531.4, -5, -20
531.5, -5, -20
531.6, -5, -20
531.7, -5, -20
531.8, -5, -20
531.9, -5, -20
532, -5, -20
532.1, -5, -20
532.2, -5, -20
532.3, -5, -20
532.4, -5, -20
532.5, -5, -20
532.6, -5, -20
532.7, -5, -20
532.8, -5, -20
532.9, -5, -20
533, -5, -20
533.1, -5, -20
533.2, -5, -20
533.3, -5, -20
533.4, -5, -20
533.5, -5, -20
533.6, -5, -20
533.7, -5, -20
533.8, -5, -20
533.9, -5, -20
534, -5, -20
534.1, -5, -20
534.2, -5, -20
534.3, -5, -20
534.4, -5, -20
534.5, -5, -20
534.6, -5, -20
534.7, -5, -20
534.8, -5, -20
534.9, -5, -20
535, -5, -20
535.1, -5, -20
535.2, -5, -20
535.3, -5, -20
535.4, -5, -20
535.5, -5, -20
535.6, -5, -20
535.7, -5, -20
535.8, -5, -20
535.9, -4, -20
536, -4, -20
536.1, -4, -20
536.2, -4, -20
536.3, -5, -20
536.4, -5, -20
536.5, -5, -20
536.6, -5, -20
536.7, -5, -20
536.8, -5, -20
536.9, -5, -20
537, -5, -20
537.1, -5, -20
537.2, -5, -20
537.3, -5, -20
537.4, -5, -20
537.5, -5, -20
537.6, -5, -20
537.7, -5, -20
537.8, -5, -20
537.9, -5, -20
538, -5, -20
538.1, -5, -20
538.2, -5, -20
538.3, -5, -20
538.4, -5, -20
538.5, -5, -20
538.6, -5, -20
538.7, -5, -20
538.8, -5, -20
538.9, -5, -20
539, -5, -20
539.1, -5, -20
539.2, -5, -20
539.3, -5, -20
539.4, -5, -20
539.5, -5, -20
539.6, -5, -20
539.7, -5, -20
539.8, -5, -20
539.9, -5, -20
540, -5, -20
540.1, -4, -20
540.2, -4, -20
540.3, -4, -20
540.4, -4, -20
540.5, -4, -20
540.6, -4, -20
540.7, -4, -20
540.8, -4, -20
540.9, -4, -20
541, -4, -20
541.1, -4, -20
541.2, -4, -20
541.3, -4, -20
541.4, -4, -20
541.5, -4, -20
541.6, -4, -20
541.7, -4, -20
541.8, -4, -20
541.9, -4, -20
542, -4, -20
542.1, -4, -20
542.2, -4, -20
542.3, -4, -20
542.4, -4, -20
542.5, -4, -20
542.6, -4, -20
542.7, -4, -20
542.8, -4, -20
542.9, -4, -20
543, -4, -20
543.1, -4, -20
543.2, -4, -20
543.3, -4, -20
543.4, -4, -20
543.5, -4, -20
543.6, -4, -20
543.7, -4, -20
543.8, -4, -20
543.9, -4, -20
544, -4, -20
544.1, -4, -20
544.2, -4, -20
544.3, -4, -20
544.4, -4, -20
544.5, -4, -20
544.6, -4, -20
544.7, -4, -20
544.8, -4, -20
544.9, -4, -20
545, -4, -20
545.1, -4, -20
545.2, -4, -20
545.3, -4, -20
545.4, -4, -20
545.5, -4, -20
545.6, -4, -20
545.7, -4, -20
545.8, -4, -20
545.9, -4, -20
546, -4, -20
546.1, -4, -20
546.2, -4, -20
546.3, -4, -20
546.4, -4, -20
546.5, -4, -20
546.6, -4, -20
546.7, -4, -19
546.8, -4, -19
546.9, -4, -19
547, -4, -19
547.1, -4, -19
547.2, -4, -19
547.3, -4, -19
547.4, -4, -19
547.5, -4, -19
547.6, -4, -19
547.7, -4, -19
547.8, -4, -19
547.9, -4, -19
548, -4, -19
548.1, -4, -19
548.2, -4, -19
548.3, -4, -19
548.4, -4, -19
548.5, -4, -19
548.6, -4, -19
548.7, -4, -19
548.8, -4, -19
548.9, -4, -19
549, -4, -19
549.1, -4, -19
549.2, -4, -19
549.3, -4, -19
549.4, -4, -19
549.5, -4, -19
549.6, -4, -19
549.7, -4, -19
549.8, -4, -19
549.9, -4, -19
550, -4, -19
550.1, -4, -19
550.2, -4, -19
550.3, -4, -19
550.4, -4, -19
550.5, -4, -19
550.6, -4, -19
550.7, -4, -19
550.8, -4, -19
550.9, -4, -19
551, -4, -19
551.1, -4, -19
551.2, -4, -19
551.3, -4, -19
551.4, -4, -19
551.5, -4, -19
551.6, -4, -19
551.7, -4, -18
551.8, -4, -18
551.9, -4, -18
552, -4, -18
552.1, -4, -18
552.2, -4, -18
552.3, -4, -18
552.4, -4, -18
552.5, -4, -18
552.6, -4, -18
552.7, -4, -18
552.8, -4, -18
552.9, -4, -17
553, -4, -17
553.1, -4, -17
553.2, -4, -17
553.3, -4, -17
553.4, -4, -17
553.5, -4, -17
553.6, -4, -17
553.7, -3, -17
553.8, -3, -17
553.9, -3, -17
554, -3, -17
554.1, -3, -17
554.2, -3, -17
554.3, -3, -17
554.4, -3, -17
554.5, -3, -17
554.6, -3, -17
554.7, -3, -17
554.8, -3, -17
554.9, -3, -17
555, -3, -17
555.1, -3, -17
555.2, -3, -17
555.3, -2, -17
555.4, -2, -17
555.5, -3, -17
555.6, -3, -17
555.7, -3, -17
555.8, -3, -17
555.9, -3, -17
556, -3, -17
556.1, -3, -17
556.2, -3, -17
556.3, -3, -17
556.4, -3, -17
556.5, -3, -17
556.6, -3, -17
556.7, -3, -17
556.8, -3, -17
556.9, -3, -17
557, -3, -17
557.1, -3, -17
557.2, -3, -17
557.3, -3, -17
557.4, -3, -17
557.5, -3, -17
557.6, -3, -17
557.7, -3, -17
557.8, -3, -17
557.9, -3, -17
558, -3, -17
558.1, -3, -17
558.2, -3, -17
558.3, -3, -17
558.4, -3, -17
558.5, -3, -17
558.6, -3, -17
558.7, -3, -17
558.8, -3, -17
558.9, -3, -17
559, -3, -17
559.1, -3, -17
559.2, -3, -17
559.3, -3, -17
559.4, -3, -17
559.5, -3, -17
559.6, -3, -17
559.7, -3, -17
559.8, -3, -17
559.9, -3, -17
560, -3, -17
560.1, -3, -17
560.2, -3, -17
560.3, -3, -17
560.4, -3, -17
560.5, -3, -17
560.6, -3, -17
560.7, -3, -17
560.8, -3, -17
560.9, -4, -17
561, -4, -17
561.1, -4, -17
561.2, -4, -17
561.3, -4, -17
561.4, -4, -17
561.5, -4, -17
561.6, -4, -17
561.7, -4, -17
561.8, -4, -17
561.9, -4, -17
562, -4, -17
562.1, -4, -17
562.2, -4, -17
562.3, -5, -17
562.4, -5, -17
562.5, -5, -17
562.6, -5, -17
562.7, -5, -17
562.8, -5, -17
562.9, -5, -17
563, -5, -17
563.1, -5, -17
563.2, -5, -17
563.3, -5, -17
563.4, -5, -17
563.5, -5, -17
563.6, -5, -17
563.7, -5, -17
563.8, -5, -17
563.9, -5, -17
564, -5, -17
564.1, -5, -17
564.2, -5, -17
564.3, -5, -17
564.4, -5, -17
564.5, -5, -17
564.6, -5, -17
564.7, -5, -17
564.8, -5, -17
564.9, -5, -17
565, -5, -17
565.1, -5, -17
565.2, -5, -17
565.3, -5, -17
565.4, -5, -17
565.5, -5, -17
565.6, -5, -17
565.7, -5, -17
565.8, -5, -17
565.9, -5, -17
566, -5, -17
566.1, -5, -17
566.2, -5, -17
566.3, -6, -17
566.4, -6, -17
566.5, -6, -16
566.6, -6, -16
566.7, -6, -16
566.8, -6, -16
566.9, -6, -16
567, -6, -16
567.1, -6, -16
567.2, -6, -16
567.3, -6, -16
567.4, -6, -16
567.5, -6, -16
567.6, -6, -16
567.7, -6, -16
567.8, -6, -16
567.9, -6, -16
568, -6, -16
568.1, -6, -16
568.2, -6, -16
568.3, -6, -16
568.4, -6, -16
568.5, -6, -16
568.6, -6, -16
568.7, -6, -16
568.8, -6, -16
568.9, -6, -16
569, -6, -16
569.1, -6, -16
569.2, -6, -16
569.3, -6, -16
569.4, -6, -16
569.5, -6, -16
569.6, -6, -16
569.7, -6, -16
569.8, -6, -16
569.9, -6, -16
570, -6, -16
570.1, -6, -16
570.2, -6, -16
570.3, -6, -16
570.4, -6, -16
570.5, -6, -16
570.6, -6, -16
570.7, -5, -16
570.8, -5, -16
570.9, -5, -16
571, -5, -16
571.1, -5, -16
571.2, -5, -16
571.3, -5, -16
571.4, -5, -16
571.5, -5, -16
571.6, -5, -16
571.7, -5, -16
571.8, -5, -16
571.9, -5, -16
572, -5, -16
572.1, -5, -16
572.2, -5, -16
572.3, -5, -16
572.4, -5, -16
572.5, -4, -16
572.6, -4, -16
572.7, -4, -16
572.8, -4, -16
572.9, -4, -16
573, -4, -16
573.1, -4, -16
573.2, -4, -16
573.3, -3, -16
573.4, -3, -16
573.5, -3, -16
573.6, -3, -16
573.7, -3, -16
573.8, -3, -16
573.9, -3, -16
574, -3, -16
574.1, -3, -16
574.2, -3, -16
574.3, -3, -16
574.4, -3, -16
574.5, -3, -16
574.6, -3, -16
574.7, -3, -16
574.8, -3, -16
574.9, -3, -16
575, -3, -16
575.1, -3, -16
575.2, -3, -16
575.3, -3, -16
575.4, -3, -16
575.5, -3, -16
575.6, -3, -16
575.7, -3, -16
575.8, -3, -16
575.9, -3, -16
576, -3, -16
576.1, -3, -16
576.2, -3, -16
576.3, -3, -16
576.4, -3, -16
576.5, -3, -16
576.6, -3, -16
576.7, -3, -16
576.8, -3, -16
576.9, -3, -16
577, -3, -16
577.1, -3, -16
577.2, -3, -16
577.3, -3, -16
577.4, -3, -16
577.5, -3, -16
577.6, -3, -16
577.7, -3, -16
577.8, -3, -16
577.9, -3, -16
578, -3, -16
578.1, -3, -16
578.2, -3, -16
578.3, -3, -16
578.4, -3, -16
578.5, -3, -16
578.6, -3, -16
578.7, -3, -16
578.8, -3, -16
578.9, -3, -16
579, -3, -16
579.1, -3, -16
579.2, -3, -16
579.3, -3, -15
579.4, -3, -15
579.5, -3, -15
579.6, -3, -15
579.7, -3, -15
579.8, -3, -15
579.9, -3, -15
580, -3, -15
580.1, -3, -15
580.2, -3, -15
580.3, -3, -14
580.4, -3, -14
580.5, -3, -14
580.6, -3, -14
580.7, -3, -14
580.8, -3, -14
580.9, -3, -14
581, -3, -14
581.1, -3, -14
581.2, -3, -14
581.3, -3, -14
581.4, -3, -14
581.5, -3, -14
581.6, -3, -14
581.7, -3, -14
581.8, -3, -14
581.9, -3, -14
582, -3, -14
582.1, -3, -14
582.2, -3, -14
582.3, -3, -14
582.4, -3, -14
582.5, -3, -14
582.6, -3, -14
582.7, -3, -14
582.8, -3, -14
582.9, -3, -14
583, -3, -14
583.1, -3, -14
583.2, -3, -14
583.3, -3, -14
583.4, -3, -14
583.5, -3, -14
583.6, -3, -14
583.7, -3, -14
583.8, -3, -14
583.9, -3, -14
584, -3, -14
584.1, -3, -14
584.2, -3, -14
584.3, -3, -14
584.4, -3, -14
584.5, -3, -14
584.6, -3, -14
584.7, -3, -14
584.8, -3, -14
584.9, -3, -14
585, -3, -14
585.1, -3, -14
585.2, -3, -14
585.3, -3, -13
585.4, -3, -13
585.5, -3, -13
585.6, -3, -13
585.7, -3, -13
585.8, -3, -13
585.9, -3, -13
586, -3, -13
586.1, -3, -13
586.2, -3, -13
586.3, -3, -13
586.4, -3, -13
586.5, -3, -13
586.6, -3, -13
586.7, -3, -13
586.8, -3, -13
586.9, -3, -13
587, -3, -13
587.1, -3, -13
587.2, -3, -13
587.3, -3, -13
587.4, -3, -13
587.5, -3, -13
587.6, -3, -13
587.7, -3, -13
587.8, -3, -13
587.9, -3, -13
588, -3, -13
588.1, -3, -13
588.2, -3, -13
588.3, -3, -13
588.4, -3, -13
588.5, -3, -13
588.6, -3, -13
588.7, -3, -13
588.8, -3, -13
588.9, -3, -13
589, -3, -13
589.1, -3, -13
589.2, -3, -13
589.3, -3, -13
589.4, -3, -13
589.5, -3, -13
589.6, -3, -13
589.7, -3, -13
589.8, -3, -13
589.9, -3, -14
590, -3, -14
590.1, -3, -14
590.2, -3, -14
590.3, -3, -14
590.4, -3, -14
590.5, -3, -14
590.6, -3, -14
590.7, -3, -14
590.8, -3, -14
590.9, -3, -14
591, -3, -14
591.1, -3, -14
591.2, -3, -14
591.3, -3, -14
591.4, -3, -14
591.5, -3, -14
591.6, -3, -14
591.7, -3, -14
591.8, -3, -14
591.9, -3, -14
592, -3, -14
592.1, -3, -14
592.2, -3, -14
592.3, -3, -14
592.4, -3, -14
592.5, -3, -14
592.6, -3, -14
592.7, -3, -14
592.8, -3, -14
592.9, -3, -14
593, -3, -14
593.1, -3, -14
593.2, -3, -14
593.3, -3, -14
593.4, -3, -14
593.5, -3, -14
593.6, -3, -14
593.7, -3, -14
593.8, -3, -14
593.9, -3, -14
594, -3, -14
594.1, -3, -14
594.2, -3, -14
594.3, -3, -14
594.4, -3, -14
594.5, -3, -14
594.6, -3, -14
594.7, -3, -14
594.8, -3, -14
594.9, -3, -14
595, -3, -14
595.1, -3, -14
595.2, -3, -14
595.3, -3, -14
595.4, -3, -14
595.5, -3, -14
595.6, -3, -14
595.7, -3, -14
595.8, -3, -14
595.9, -3, -14
596, -3, -14
596.1, -3, -14
596.2, -3, -14
596.3, -3, -14
596.4, -3, -14
596.5, -3, -14
596.6, -3, -14
596.7, -3, -14
596.8, -3, -14
596.9, -3, -14
597, -3, -14
597.1, -3, -14
597.2, -3, -14
597.3, -3, -14
597.4, -3, -14
597.5, -3, -14
597.6, -3, -14
597.7, -3, -14
597.8, -3, -14
597.9, -3, -14
598, -3, -14
598.1, -3, -14
598.2, -3, -14
598.3, -3, -14
598.4, -3, -14
598.5, -3, -14
598.6, -3, -14
598.7, -3, -14
598.8, -3, -14
598.9, -3, -14
599, -3, -14
599.1, -3, -14
599.2, -3, -14
599.3, -3, -14
599.4, -3, -14
599.5, -3, -14
599.6, -3, -14
599.7, -3, -14
599.8, -3, -14
599.9, -3, -14
600, -3, -14
600.1, -3, -14
600.2, -3, -14
600.3, -3, -14
600.4, -3, -14
600.5, -3, -14
600.6, -3, -14
600.7, -3, -14
600.8, -3, -14
600.9, -3, -14
601, -3, -14
601.1, -3, -14
601.2, -3, -14
601.3, -3, -14
601.4, -3, -14
601.5, -3, -14
601.6, -3, -14
601.7, -3, -14
601.8, -3, -14
601.9, -3, -14
602, -3, -14
602.1, -3, -14
602.2, -3, -14
602.3, -3, -14
602.4, -3, -14
602.5, -3, -14
602.6, -3, -14
602.7, -3, -14
602.8, -3, -14
602.9, -3, -14
603, -3, -14
603.1, -3, -14
603.2, -3, -14
603.3, -3, -14
603.4, -3, -14
603.5, -3, -14
603.6, -3, -14
603.7, -3, -14
603.8, -3, -14
603.9, -3, -14
604, -3, -14
604.1, -3, -14
604.2, -3, -14
604.3, -3, -14
604.4, -3, -14
604.5, -3, -14
604.6, -3, -14
604.7, -3, -14
604.8, -3, -14
604.9, -3, -14
605, -3, -14
605.1, -2, -14
605.2, -2, -14
605.3, -1, -14
605.4, -1, -14
605.5, -1, -15
605.6, -1, -15
605.7, -1, -15
605.8, -1, -15
605.9, -1, -15
606, -1, -15
606.1, -1, -16
606.2, -1, -16
606.3, -1, -16
606.4, -1, -16
606.5, -1, -16
606.6, -1, -16
606.7, -1, -16
606.8, -1, -16
606.9, -1, -16
607, -1, -16
607.1, -1, -16
607.2, -1, -16
607.3, -1, -16
607.4, -1, -16
607.5, -1, -16
607.6, -1, -16
607.7, -1, -17
607.8, -1, -17
607.9, -1, -17
608, -1, -17
608.1, -1, -17
608.2, -1, -17
608.3, -1, -17
608.4, -1, -17
608.5, -1, -17
608.6, -1, -17
608.7, -1, -17
608.8, -1, -17
608.9, -1, -17
609, -1, -17
609.1, -1, -17
609.2, -1, -17
609.3, -1, -17
609.4, -1, -17
609.5, -1, -17
609.6, -1, -17
609.7, -1, -17
609.8, -1, -17
609.9, -1, -17
610, -1, -17
610.1, -1, -17
610.2, -1, -17
610.3, -1, -17
610.4, -1, -17
610.5, -1, -17
610.6, -1, -17
610.7, -1, -18
610.8, -1, -18
610.9, -1, -18
611, -1, -18
611.1, -1, -18
611.2, -1, -18
611.3, -1, -18
611.4, -1, -18
611.5, -1, -18
611.6, -1, -18
611.7, -1, -18
611.8, -1, -18
611.9, -1, -18
612, -1, -18
612.1, -1, -18
612.2, -1, -18
612.3, -1, -18
612.4, -1, -18
612.5, -1, -18
612.6, -1, -18
612.7, -1, -18
612.8, -1, -18
612.9, -1, -18
613, -1, -18
613.1, -1, -18
613.2, -1, -18
613.3, -1, -18
613.4, -1, -18
613.5, -1, -18
613.6, -1, -18
613.7, -1, -18
613.8, -1, -18
613.9, -1, -18
614, -1, -18
614.1, -1, -18
614.2, -1, -18
614.3, -1, -18
614.4, -1, -18
614.5, -1, -18
614.6, -1, -18
614.7, -1, -18
614.8, -1, -18
614.9, -1, -18
615, -1, -18
615.1, -1, -18
615.2, -1, -18
615.3, -1, -18
615.4, -1, -18
615.5, -1, -18
615.6, -1, -18
615.7, -1, -18
615.8, -1, -18
615.9, -1, -18
616, -1, -18
616.1, -1, -18
616.2, -1, -18
616.3, -1, -18
616.4, -1, -18
616.5, -2, -18
616.6, -2, -18
616.7, -2, -18
616.8, -2, -18
616.9, -2, -18
617, -2, -18
617.1, -2, -18
617.2, -2, -18
617.3, -2, -18
617.4, -2, -18
617.5, -2, -18
617.6, -2, -18
617.7, -2, -18
617.8, -2, -18
617.9, -2, -18
618, -2, -18
618.1, -2, -18
618.2, -2, -18
618.3, -2, -18
618.4, -2, -18
618.5, -2, -18
618.6, -2, -18
618.7, -2, -17
618.8, -2, -17
618.9, -2, -17
619, -2, -17
619.1, -2, -17
619.2, -2, -17
619.3, -2, -17
619.4, -2, -17
619.5, -2, -17
619.6, -2, -17
619.7, -2, -17
619.8, -2, -17
619.9, -2, -17
620, -2, -17
620.1, -2, -17
620.2, -2, -17
620.3, -2, -17
620.4, -2, -17
620.5, -2, -17
620.6, -2, -17
620.7, -2, -17
620.8, -2, -17
620.9, -2, -17
621, -2, -17
621.1, -2, -17
621.2, -2, -17
621.3, -2, -16
621.4, -2, -16
621.5, -2, -16
621.6, -2, -16
621.7, -2, -16
621.8, -2, -16
621.9, -2, -16
622, -2, -16
622.1, -2, -16
622.2, -2, -16
622.3, -2, -16
622.4, -2, -16
622.5, -2, -16
622.6, -2, -16
622.7, -2, -16
622.8, -2, -16
622.9, -2, -16
623, -2, -16
623.1, -2, -16
623.2, -2, -16
623.3, -2, -16
623.4, -2, -16
623.5, -2, -16
623.6, -2, -16
623.7, -2, -17
623.8, -2, -17
623.9, -2, -17
624, -2, -17
624.1, -2, -17
624.2, -2, -17
624.3, -2, -17
624.4, -2, -17
624.5, -2, -17
624.6, -2, -17
624.7, -2, -17
624.8, -2, -17
624.9, -2, -17
625, -2, -17
625.1, -2, -18
625.2, -2, -18
625.3, -2, -18
625.4, -2, -18
625.5, -2, -18
625.6, -2, -18
625.7, -2, -18
625.8, -2, -18
625.9, -2, -18
626, -2, -18
626.1, -2, -18
626.2, -2, -18
626.3, -2, -18
626.4, -2, -18
626.5, -3, -18
626.6, -3, -18
626.7, -3, -18
626.8, -3, -18
626.9, -3, -18
627, -3, -18
627.1, -3, -18
627.2, -3, -18
627.3, -3, -18
627.4, -3, -18
627.5, -3, -18
627.6, -3, -18
627.7, -3, -18
627.8, -3, -18
627.9, -3, -18
628, -3, -18
628.1, -3, -18
628.2, -3, -18
628.3, -3, -17
628.4, -3, -17
628.5, -3, -17
628.6, -3, -17
628.7, -3, -17
628.8, -3, -17
628.9, -3, -17
629, -3, -17
629.1, -3, -17
629.2, -3, -17
629.3, -3, -17
629.4, -3, -17
629.5, -3, -17
629.6, -3, -17
629.7, -3, -17
629.8, -3, -17
629.9, -3, -17
630, -3, -17
630.1, -3, -17
630.2, -3, -17
630.3, -3, -17
630.4, -3, -17
630.5, -3, -17
630.6, -3, -17
630.7, -3, -17
630.8, -3, -17
630.9, -3, -17
631, -3, -17
631.1, -3, -17
631.2, -3, -17
631.3, -3, -17
631.4, -3, -17
631.5, -3, -17
631.6, -3, -17
631.7, -3, -17
631.8, -3, -17
631.9, -3, -17
632, -3, -17
632.1, -3, -17
632.2, -3, -17
632.3, -3, -17
632.4, -3, -17
632.5, -3, -17
632.6, -3, -17
632.7, -3, -17
632.8, -3, -17
632.9, -3, -17
633, -3, -17
633.1, -3, -17
633.2, -3, -17
633.3, -3, -17
633.4, -3, -17
633.5, -3, -17
633.6, -3, -17
633.7, -3, -17
633.8, -3, -17
633.9, -3, -17
634, -3, -17
634.1, -3, -17
634.2, -3, -17
634.3, -3, -17
634.4, -3, -17
634.5, -3, -17
634.6, -3, -17
634.7, -3, -17
634.8, -3, -17
634.9, -3, -17
635, -3, -17
635.1, -3, -17
635.2, -3, -17
635.3, -3, -17
635.4, -3, -17
635.5, -3, -17
635.6, -3, -17
635.7, -2, -17
635.8, -2, -17
635.9, -2, -17
636, -2, -17
636.1, -2, -17
636.2, -2, -17
636.3, -2, -17
636.4, -2, -17
636.5, -2, -17
636.6, -2, -17
636.7, -2, -17
636.8, -2, -17
636.9, -2, -17
637, -2, -17
637.1, -2, -17
637.2, -2, -17
637.3, -2, -18
637.4, -2, -18
637.5, -2, -18
637.6, -2, -18
637.7, -2, -18
637.8, -2, -18
637.9, -2, -18
638, -2, -18
638.1, -2, -18
638.2, -2, -18
638.3, -2, -18
638.4, -2, -18
638.5, -2, -18
638.6, -2, -18
638.7, -2, -18
638.8, -2, -18
638.9, -2, -18
639, -2, -18
639.1, -2, -18
639.2, -2, -18
639.3, -2, -18
639.4, -2, -18
639.5, -2, -18
639.6, -2, -18
639.7, -2, -18
639.8, -2, -18
639.9, -2, -18
640, -2, -18
640.1, -2, -18
640.2, -2, -18
640.3, -2, -18
640.4, -2, -18
640.5, -2, -18
640.6, -2, -18
640.7, -2, -18
640.8, -2, -18
640.9, -2, -18
641, -2, -18
641.1, -2, -18
641.2, -2, -18
641.3, -2, -18
641.4, -2, -18
641.5, -2, -18
641.6, -2, -18
641.7, -2, -18
641.8, -2, -18
641.9, -2, -19
642, -2, -19
642.1, -2, -19
642.2, -2, -19
642.3, -2, -19
642.4, -2, -19
642.5, -2, -19
642.6, -2, -19
642.7, -2, -19
642.8, -2, -19
642.9, -2, -19
643, -2, -19
643.1, -2, -19
643.2, -2, -19
643.3, -2, -19
643.4, -2, -19
643.5, -2, -19
643.6, -2, -19
643.7, -2, -19
643.8, -2, -19
643.9, -2, -19
644, -2, -19
644.1, -2, -19
644.2, -2, -19
644.3, -3, -19
644.4, -3, -19
644.5, -3, -19
644.6, -3, -19
644.7, -3, -19
644.8, -3, -19
644.9, -3, -19
645, -3, -19
645.1, -3, -19
645.2, -3, -19
645.3, -4, -19
645.4, -4, -19
645.5, -4, -19
645.6, -4, -19
645.7, -4, -19
645.8, -4, -19
645.9, -4, -19
646, -4, -19
646.1, -4, -19
646.2, -4, -19
646.3, -4, -19
646.4, -4, -19
646.5, -4, -19
646.6, -4, -19
646.7, -4, -19
646.8, -4, -19
646.9, -4, -19
647, -4, -19
647.1, -4, -19
647.2, -4, -19
647.3, -5, -19
647.4, -5, -19
647.5, -5, -19
647.6, -5, -19
647.7, -5, -19
647.8, -5, -19
647.9, -5, -19
648, -5, -19
648.1, -5, -19
648.2, -5, -19
648.3, -5, -19
648.4, -5, -19
648.5, -5, -19
648.6, -5, -19
648.7, -5, -19
648.8, -5, -19
648.9, -5, -19
649, -5, -19
649.1, -5, -19
649.2, -5, -19
649.3, -5, -19
649.4, -5, -19
649.5, -5, -19
649.6, -5, -19
649.7, -5, -19
649.8, -5, -19
649.9, -5, -19
650, -5, -19
650.1, -5, -19
650.2, -5, -19
650.3, -5, -19
650.4, -5, -19
650.5, -5, -19
650.6, -5, -19
650.7, -5, -19
650.8, -5, -19
650.9, -5, -19
651, -5, -19
651.1, -5, -19
651.2, -5, -19
651.3, -5, -19
651.4, -5, -19
651.5, -5, -19
651.6, -5, -19
651.7, -6, -19
651.8, -6, -19
651.9, -6, -19
652, -6, -19
652.1, -6, -19
652.2, -6, -19
652.3, -6, -19
652.4, -6, -19
652.5, -6, -19
652.6, -6, -19
652.7, -6, -19
652.8, -6, -19
652.9, -6, -19
653, -6, -19
653.1, -6, -19
653.2, -6, -19
653.3, -6, -19
653.4, -6, -19
653.5, -6, -19
653.6, -6, -19
653.7, -7, -19
653.8, -7, -19
653.9, -7, -19
654, -7, -19
654.1, -7, -19
654.2, -7, -19
654.3, -7, -19
654.4, -7, -19
654.5, -7, -18
654.6, -7, -18
654.7, -7, -18
654.8, -7, -18
654.9, -8, -18
655, -8, -18
655.1, -8, -18
655.2, -8, -18
655.3, -8, -18
655.4, -8, -18
655.5, -8, -18
655.6, -8, -18
655.7, -8, -18
655.8, -8, -18
655.9, -8, -18
656, -8, -18
656.1, -8, -18
656.2, -8, -18
656.3, -8, -18
656.4, -8, -18
656.5, -8, -18
656.6, -8, -18
656.7, -8, -18
656.8, -8, -18
656.9, -8, -18
657, -8, -18
657.1, -8, -18
657.2, -8, -18
657.3, -8, -18
657.4, -8, -18
657.5, -8, -18
657.6, -8, -18
657.7, -8, -18
657.8, -8, -18
657.9, -8, -18
658, -8, -18
658.1, -8, -18
658.2, -8, -18
658.3, -8, -18
658.4, -8, -18
658.5, -8, -18
658.6, -8, -18
658.7, -9, -18
658.8, -9, -18
658.9, -9, -18
659, -9, -18
659.1, -9, -18
659.2, -9, -18
659.3, -9, -18
659.4, -9, -18
659.5, -9, -18
659.6, -9, -18
659.7, -9, -18
659.8, -9, -18
659.9, -9, -18
660, -9, -18
660.1, -9, -18
660.2, -9, -18
660.3, -9, -18
660.4, -9, -18
660.5, -9, -18
660.6, -9, -18
660.7, -9, -18
660.8, -9, -18
660.9, -9, -18
661, -9, -18
661.1, -9, -18
661.2, -9, -18
661.3, -9, -18
661.4, -9, -18
661.5, -9, -18
661.6, -9, -18
661.7, -9, -18
661.8, -9, -18
661.9, -9, -18
662, -9, -18
662.1, -9, -18
662.2, -9, -18
662.3, -9, -18
662.4, -9, -18
662.5, -9, -18
662.6, -9, -18
662.7, -9, -18
662.8, -9, -18
662.9, -9, -18
663, -9, -18
663.1, -9, -18
663.2, -9, -18
663.3, -9, -18
663.4, -9, -18
663.5, -9, -18
663.6, -9, -18
663.7, -9, -18
663.8, -9, -18
663.9, -9, -18
664, -9, -18
664.1, -9, -18
664.2, -9, -18
664.3, -9, -18
664.4, -9, -18
664.5, -9, -18
664.6, -9, -18
664.7, -9, -18
664.8, -9, -18
664.9, -9, -18
665, -9, -18
665.1, -9, -18
665.2, -9, -18
665.3, -9, -18
665.4, -9, -18
665.5, -9, -19
665.6, -9, -19
665.7, -9, -19
665.8, -9, -19
665.9, -9, -19
666, -9, -19
666.1, -9, -19
666.2, -9, -19
666.3, -9, -19
666.4, -9, -19
666.5, -9, -19
666.6, -9, -19
666.7, -9, -19
666.8, -9, -19
666.9, -9, -19
667, -9, -19
667.1, -9, -19
667.2, -9, -19
667.3, -9, -19
667.4, -9, -19
667.5, -9, -19
667.6, -9, -19
667.7, -8, -19
667.8, -8, -19
667.9, -8, -19
668, -8, -19
668.1, -8, -19
668.2, -8, -19
668.3, -8, -19
668.4, -8, -19
668.5, -8, -19
668.6, -8, -19
668.7, -8, -19
668.8, -8, -19
668.9, -8, -19
669, -8, -19
669.1, -9, -19
669.2, -9, -19
669.3, -9, -19
669.4, -9, -19
669.5, -9, -19
669.6, -9, -19
669.7, -8, -19
669.8, -8, -19
669.9, -8, -19
670, -8, -19
670.1, -8, -19
670.2, -8, -19
670.3, -8, -19
670.4, -8, -19
670.5, -8, -20
670.6, -8, -20
670.7, -8, -20
670.8, -8, -20
670.9, -8, -20
671, -8, -20
671.1, -8, -20
671.2, -8, -20
671.3, -8, -20
671.4, -8, -20
671.5, -8, -20
671.6, -8, -20
671.7, -8, -20
671.8, -8, -20
671.9, -8, -20
672, -8, -20
672.1, -8, -20
672.2, -8, -20
672.3, -8, -20
672.4, -8, -20
672.5, -8, -20
672.6, -8, -20
672.7, -8, -20
672.8, -8, -20
672.9, -8, -20
673, -8, -20
673.1, -8, -20
673.2, -8, -20
673.3, -8, -19
673.4, -8, -19
673.5, -8, -19
673.6, -8, -19
673.7, -8, -19
673.8, -8, -19
673.9, -8, -19
674, -8, -19
674.1, -8, -19
674.2, -8, -19
674.3, -9, -19
674.4, -9, -19
674.5, -9, -19
674.6, -9, -19
674.7, -9, -19
674.8, -9, -19
674.9, -9, -19
675, -9, -19
675.1, -9, -20
675.2, -9, -20
675.3, -9, -20
675.4, -9, -20
675.5, -9, -19
675.6, -9, -19
675.7, -9, -19
675.8, -9, -19
675.9, -9, -19
676, -9, -19
676.1, -9, -19
676.2, -9, -19
676.3, -8, -19
676.4, -8, -19
676.5, -8, -19
676.6, -8, -19
676.7, -8, -19
676.8, -8, -19
676.9, -8, -19
677, -8, -19
677.1, -8, -19
677.2, -8, -19
677.3, -8, -19
677.4, -8, -19
677.5, -8, -19
677.6, -8, -19
677.7, -8, -19
677.8, -8, -19
677.9, -8, -19
678, -8, -19
678.1, -8, -19
678.2, -8, -19
678.3, -9, -19
678.4, -9, -19
678.5, -9, -19
678.6, -9, -19
678.7, -9, -19
678.8, -9, -19
678.9, -9, -19
679, -9, -19
679.1, -9, -19
679.2, -9, -19
679.3, -9, -19
679.4, -9, -19
679.5, -9, -19
679.6, -9, -19
679.7, -9, -19
679.8, -9, -19
679.9, -9, -19
680, -9, -19
680.1, -9, -19
680.2, -9, -19
680.3, -9, -19
680.4, -9, -19
680.5, -9, -19
680.6, -9, -19
680.7, -9, -19
680.8, -9, -19
680.9, -9, -19
681, -9, -19
681.1, -9, -19
681.2, -9, -19
681.3, -9, -19
681.4, -9, -19
681.5, -9, -19
681.6, -9, -19
681.7, -9, -19
681.8, -9, -19
681.9, -9, -19
682, -9, -19
682.1, -9, -19
682.2, -9, -19
682.3, -9, -19
682.4, -9, -19
682.5, -9, -19
682.6, -9, -19
682.7, -9, -19
682.8, -9, -19
682.9, -9, -19
683, -9, -19
683.1, -9, -19
683.2, -9, -19
683.3, -9, -19
683.4, -9, -19
683.5, -9, -19
683.6, -9, -19
683.7, -9, -20
683.8, -9, -20
683.9, -9, -20
684, -9, -20
684.1, -9, -20
684.2, -9, -20
684.3, -9, -20
684.4, -9, -20
684.5, -9, -20
684.6, -9, -20
684.7, -9, -20
684.8, -9, -20
684.9, -9, -20
685, -9, -20
685.1, -9, -20
685.2, -9, -20
685.3, -9, -20
685.4, -9, -20
685.5, -9, -20
685.6, -9, -20
685.7, -9, -19
685.8, -9, -19
685.9, -9, -19
686, -9, -19
686.1, -9, -19
686.2, -9, -19
686.3, -9, -19
686.4, -9, -19
686.5, -9, -19
686.6, -9, -19
686.7, -9, -19
686.8, -9, -19
686.9, -9, -19
687, -9, -19
687.1, -9, -19
687.2, -9, -19
687.3, -9, -19
687.4, -9, -19
687.5, -9, -19
687.6, -9, -19
687.7, -9, -19
687.8, -9, -19
687.9, -9, -19
688, -9, -19
688.1, -9, -19
688.2, -9, -19
688.3, -9, -19
688.4, -9, -19
688.5, -9, -19
688.6, -9, -19
688.7, -9, -19
688.8, -9, -19
688.9, -9, -19
689, -9, -19
689.1, -9, -19
689.2, -9, -19
689.3, -9, -19
689.4, -9, -19
689.5, -9, -19
689.6, -9, -19
689.7, -9, -19
689.8, -9, -19
689.9, -9, -19
690, -9, -19
690.1, -9, -19
690.2, -9, -19
690.3, -9, -19
690.4, -9, -19
690.5, -9, -19
690.6, -9, -19
690.7, -9, -19
690.8, -9, -19
690.9, -9, -18
691, -9, -18
691.1, -9, -18
691.2, -9, -18
691.3, -10, -18
691.4, -10, -18
691.5, -10, -18
691.6, -10, -18
691.7, -10, -18
691.8, -10, -18
691.9, -10, -18
692, -10, -18
692.1, -10, -18
692.2, -10, -18
692.3, -10, -18
692.4, -10, -18
692.5, -10, -18
692.6, -10, -18
692.7, -10, -18
692.8, -10, -18
692.9, -10, -18
693, -10, -18
693.1, -10, -18
693.2, -10, -18
693.3, -10, -18
693.4, -10, -18
693.5, -10, -18
693.6, -10, -18
693.7, -10, -18
693.8, -10, -18
693.9, -10, -18
694, -10, -18
694.1, -10, -18
694.2, -10, -18
694.3, -10, -18
694.4, -10, -18
694.5, -10, -18
694.6, -10, -18
694.7, -10, -18
694.8, -10, -18
694.9, -10, -18
695, -10, -18
695.1, -9, -18
695.2, -9, -18
695.3, -9, -18
695.4, -9, -18
695.5, -9, -18
695.6, -9, -18
695.7, -9, -18
695.8, -9, -18
695.9, -9, -18
696, -9, -18
696.1, -9, -18
696.2, -9, -18
696.3, -9, -18
696.4, -9, -18
696.5, -9, -18
696.6, -9, -18
696.7, -9, -18
696.8, -9, -18
696.9, -9, -18
697, -9, -18
697.1, -9, -18
697.2, -9, -18
697.3, -9, -18
697.4, -9, -18
697.5, -9, -18
697.6, -9, -18
697.7, -9, -18
697.8, -9, -18
697.9, -10, -18
698, -10, -18
698.1, -10, -18
698.2, -10, -18
698.3, -10, -18
698.4, -10, -18
698.5, -10, -18
698.6, -10, -18
698.7, -10, -18
698.8, -10, -18
698.9, -10, -18
699, -10, -18
699.1, -10, -18
699.2, -10, -18
699.3, -10, -18
699.4, -10, -18
699.5, -10, -18
699.6, -10, -18
699.7, -10, -18
699.8, -10, -18
699.9, -10, -18
700, -10, -18
700.1, -10, -18
700.2, -10, -18
700.3, -10, -18
700.4, -10, -18
700.5, -10, -18
700.6, -10, -18
700.7, -10, -18
700.8, -10, -18
700.9, -10, -18
701, -10, -18
701.1, -10, -18
701.2, -10, -18
701.3, -10, -18
701.4, -10, -18
701.5, -10, -18
701.6, -10, -18
701.7, -10, -18
701.8, -10, -18
701.9, -10, -18
702, -10, -18
702.1, -10, -18
702.2, -10, -18
702.3, -10, -18
702.4, -10, -18
702.5, -10, -18
702.6, -10, -18
702.7, -10, -18
702.8, -10, -18
702.9, -10, -18
703, -10, -18
703.1, -10, -18
703.2, -10, -18
703.3, -10, -18
703.4, -10, -18
703.5, -10, -19
703.6, -10, -19
703.7, -10, -19
703.8, -10, -19
703.9, -10, -19
704, -10, -19
704.1, -10, -19
704.2, -10, -19
704.3, -10, -19
704.4, -10, -19
704.5, -10, -19
704.6, -10, -19
704.7, -10, -19
704.8, -10, -19
704.9, -10, -19
705, -10, -19
705.1, -10, -19
705.2, -10, -19
705.3, -10, -19
705.4, -10, -19
705.5, -10, -19
705.6, -10, -19
705.7, -10, -19
705.8, -10, -19
705.9, -10, -19
706, -10, -19
706.1, -10, -19
706.2, -10, -19
706.3, -10, -19
706.4, -10, -19
706.5, -10, -19
706.6, -10, -19
706.7, -10, -19
706.8, -10, -19
706.9, -10, -19
707, -10, -19
707.1, -10, -19
707.2, -10, -19
707.3, -10, -19
707.4, -10, -19
707.5, -10, -19
707.6, -10, -19
707.7, -10, -19
707.8, -10, -19
707.9, -10, -19
708, -10, -19
708.1, -10, -19
708.2, -10, -19
708.3, -10, -18
708.4, -10, -18
708.5, -10, -19
708.6, -10, -19
708.7, -10, -19
708.8, -10, -19
708.9, -10, -19
709, -10, -19
709.1, -10, -19
709.2, -10, -19
709.3, -10, -19
709.4, -10, -19
709.5, -10, -19
709.6, -10, -19
709.7, -10, -20
709.8, -10, -20
709.9, -10, -21
710, -10, -21
710.1, -10, -21
710.2, -10, -21
710.3, -10, -21
710.4, -10, -21
710.5, -10, -21
710.6, -10, -21
710.7, -10, -21
710.8, -10, -21
710.9, -10, -21
711, -10, -21
711.1, -10, -21
711.2, -10, -21
711.3, -10, -21
711.4, -10, -21
711.5, -10, -21
711.6, -10, -21
711.7, -10, -21
711.8, -10, -21
711.9, -10, -21
712, -10, -21
712.1, -10, -21
712.2, -10, -21
712.3, -10, -21
712.4, -10, -21
712.5, -10, -21
712.6, -10, -21
712.7, -10, -21
712.8, -10, -21
712.9, -10, -21
713, -10, -21
713.1, -10, -21
713.2, -10, -21
713.3, -10, -21
713.4, -10, -21
713.5, -10, -21
713.6, -10, -21
713.7, -10, -21
713.8, -10, -21
713.9, -10, -21
714, -10, -21
714.1, -10, -21
714.2, -10, -21
714.3, -10, -21
714.4, -10, -21
714.5, -10, -21
714.6, -10, -21
714.7, -10, -21
714.8, -10, -21
714.9, -10, -21
715, -10, -21
715.1, -10, -21
715.2, -10, -21
715.3, -10, -21
715.4, -10, -21
715.5, -10, -21
715.6, -10, -21
715.7, -10, -21
715.8, -10, -21
715.9, -10, -21
716, -10, -21
716.1, -10, -21
716.2, -10, -21
716.3, -10, -21
716.4, -10, -21
716.5, -10, -21
716.6, -10, -21
716.7, -10, -21
716.8, -10, -21
716.9, -10, -21
717, -10, -21
717.1, -10, -21
717.2, -10, -21
717.3, -10, -21
717.4, -10, -21
717.5, -10, -21
717.6, -10, -21
717.7, -10, -21
717.8, -10, -21
717.9, -10, -21
718, -10, -21
718.1, -10, -21
718.2, -10, -21
718.3, -10, -21
718.4, -10, -21
718.5, -10, -21
718.6, -10, -21
718.7, -10, -21
718.8, -10, -21
718.9, -9, -21
719, -9, -21
719.1, -9, -21
719.2, -9, -21
719.3, -9, -21
719.4, -9, -21
719.5, -8, -21
719.6, -8, -21
719.7, -8, -21
719.8, -8, -21
719.9, -8, -21
720, -8, -21
720.1, -8, -21
720.2, -8, -21
720.3, -8, -21
720.4, -8, -21
720.5, -8, -21
720.6, -8, -21
720.7, -8, -21
720.8, -8, -21
720.9, -8, -21
721, -8, -21
721.1, -8, -21
721.2, -8, -21
721.3, -8, -21
721.4, -8, -21
721.5, -8, -21
721.6, -8, -21
721.7, -8, -21
721.8, -8, -21
721.9, -8, -21
722, -8, -21
722.1, -8, -21
722.2, -8, -21
722.3, -8, -21
722.4, -8, -21
722.5, -8, -21
722.6, -8, -21
722.7, -8, -21
722.8, -8, -21
722.9, -8, -21
723, -8, -21
723.1, -8, -21
723.2, -8, -21
723.3, -8, -21
723.4, -8, -21
723.5, -8, -21
723.6, -8, -21
723.7, -8, -21
723.8, -8, -21
723.9, -8, -21
724, -8, -21
724.1, -8, -21
724.2, -8, -21
724.3, -8, -21
724.4, -8, -21
724.5, -8, -21
724.6, -8, -21
724.7, -7, -21
724.8, -7, -21
724.9, -7, -21
725, -7, -21
725.1, -7, -21
725.2, -7, -21
725.3, -7, -21
725.4, -7, -21
725.5, -6, -21
725.6, -6, -21
725.7, -7, -21
725.8, -7, -21
725.9, -7, -21
726, -7, -21
726.1, -7, -21
726.2, -7, -21
726.3, -7, -21
726.4, -7, -21
726.5, -7, -21
726.6, -7, -21
726.7, -6, -21
726.8, -6, -21
726.9, -6, -21
727, -6, -21
727.1, -6, -21
727.2, -6, -21
727.3, -6, -21
727.4, -6, -21
727.5, -6, -21
727.6, -6, -21
727.7, -7, -21
727.8, -7, -21
727.9, -7, -21
728, -7, -21
728.1, -7, -21
728.2, -7, -21
728.3, -7, -21
728.4, -7, -21
728.5, -7, -21
728.6, -7, -21
728.7, -7, -21
728.8, -7, -21
728.9, -7, -21
729, -7, -21
729.1, -7, -21
729.2, -7, -21
729.3, -7, -21
729.4, -7, -21
729.5, -6, -21
729.6, -6, -21
729.7, -6, -21
729.8, -6, -21
729.9, -6, -21
730, -6, -21
730.1, -6, -21
730.2, -6, -21
730.3, -6, -21
730.4, -6, -21
730.5, -6, -21
730.6, -6, -21
730.7, -6, -21
730.8, -6, -21
730.9, -6, -21
731, -6, -21
731.1, -6, -21
731.2, -6, -21
731.3, -6, -21
731.4, -6, -21
731.5, -6, -21
731.6, -6, -21
731.7, -6, -21
731.8, -6, -21
731.9, -6, -21
732, -6, -21
732.1, -6, -21
732.2, -6, -21
732.3, -6, -21
732.4, -6, -21
732.5, -6, -21
732.6, -6, -21
732.7, -6, -21
732.8, -6, -21
732.9, -6, -21
733, -6, -21
733.1, -6, -21
733.2, -6, -21
733.3, -6, -21
733.4, -6, -21
733.5, -6, -20
733.6, -6, -20
733.7, -6, -20
733.8, -6, -20
733.9, -6, -20
734, -6, -20
734.1, -6, -20
734.2, -6, -20
734.3, -6, -20
734.4, -6, -20
734.5, -6, -20
734.6, -6, -20
734.7, -7, -20
734.8, -7, -20
734.9, -7, -20
735, -7, -20
735.1, -7, -20
735.2, -7, -20
735.3, -7, -20
735.4, -7, -20
735.5, -7, -20
735.6, -7, -20
735.7, -7, -20
735.8, -7, -20
735.9, -7, -20
736, -7, -20
736.1, -7, -20
736.2, -7, -20
736.3, -7, -20
736.4, -7, -20
736.5, -7, -20
736.6, -7, -20
736.7, -7, -20
736.8, -7, -20
736.9, -7, -20
737, -7, -20
737.1, -7, -20
737.2, -7, -20
737.3, -7, -20
737.4, -7, -20
737.5, -7, -20
737.6, -7, -20
737.7, -7, -20
737.8, -7, -20
737.9, -7, -20
738, -7, -20
738.1, -7, -20
738.2, -7, -20
738.3, -7, -20
738.4, -7, -20
738.5, -7, -20
738.6, -7, -20
738.7, -7, -20
738.8, -7, -20
738.9, -7, -20
739, -7, -20
739.1, -7, -20
739.2, -7, -20
739.3, -7, -21
739.4, -7, -21
739.5, -7, -21
739.6, -7, -21
739.7, -7, -21
739.8, -7, -21
739.9, -7, -21
740, -7, -21
740.1, -7, -22
740.2, -7, -22
740.3, -7, -22
740.4, -7, -22
740.5, -7, -22
740.6, -7, -22
740.7, -7, -22
740.8, -7, -22
740.9, -7, -22
741, -7, -22
741.1, -7, -22
741.2, -7, -22
741.3, -7, -22
741.4, -7, -22
741.5, -7, -22
741.6, -7, -22
741.7, -7, -22
741.8, -7, -22
741.9, -8, -22
742, -8, -22
742.1, -8, -22
742.2, -8, -22
742.3, -8, -22
742.4, -8, -22
742.5, -8, -22
742.6, -8, -22
742.7, -8, -22
742.8, -8, -22
742.9, -8, -22
743, -8, -22
743.1, -8, -22
743.2, -8, -22
743.3, -8, -22
743.4, -8, -22
743.5, -8, -22
743.6, -8, -22
743.7, -8, -22
743.8, -8, -22
743.9, -8, -22
744, -8, -22
744.1, -8, -22
744.2, -8, -22
744.3, -8, -22
744.4, -8, -22
744.5, -8, -22
744.6, -8, -22
744.7, -8, -22
744.8, -8, -22
744.9, -8, -22
745, -8, -22
745.1, -8, -22
745.2, -8, -22
745.3, -8, -22
745.4, -8, -22
745.5, -8, -22
745.6, -8, -22
745.7, -8, -22
745.8, -8, -22
745.9, -8, -22
746, -8, -22
746.1, -8, -22
746.2, -8, -22
746.3, -8, -22
746.4, -8, -22
746.5, -8, -23
746.6, -8, -23
746.7, -9, -23
746.8, -9, -23
746.9, -9, -23
747, -9, -23
747.1, -9, -22
747.2, -9, -22
747.3, -9, -22
747.4, -9, -22
747.5, -9, -22
747.6, -9, -22
747.7, -9, -22
747.8, -9, -22
747.9, -9, -22
748, -9, -22
748.1, -9, -22
748.2, -9, -22
748.3, -9, -22
748.4, -9, -22
748.5, -9, -22
748.6, -9, -22
748.7, -9, -22
748.8, -9, -22
748.9, -9, -22
749, -9, -22
749.1, -9, -22
749.2, -9, -22
749.3, -9, -22
749.4, -9, -22
749.5, -9, -22
749.6, -9, -22
749.7, -9, -22
749.8, -9, -22
749.9, -9, -22
750, -9, -22
750.1, -9, -22
750.2, -9, -22
750.3, -9, -21
750.4, -9, -21
750.5, -9, -21
750.6, -9, -21
750.7, -9, -21
750.8, -9, -21
750.9, -9, -21
751, -9, -21
751.1, -9, -21
751.2, -9, -21
751.3, -9, -21
751.4, -9, -21
751.5, -9, -21
751.6, -9, -21
751.7, -9, -21
751.8, -9, -21
751.9, -9, -21
752, -9, -21
752.1, -9, -21
752.2, -9, -21
752.3, -9, -21
752.4, -9, -21
752.5, -9, -21
752.6, -9, -21
752.7, -9, -21
752.8, -9, -21
752.9, -9, -21
753, -9, -21
753.1, -9, -21
753.2, -9, -21
753.3, -9, -21
753.4, -9, -21
753.5, -9, -21
753.6, -9, -21
753.7, -9, -21
753.8, -9, -21
753.9, -9, -21
754, -9, -21
754.1, -9, -20
754.2, -9, -20
754.3, -9, -20
754.4, -9, -20
754.5, -9, -20
754.6, -9, -20
754.7, -9, -20
754.8, -9, -20
754.9, -9, -20
755, -9, -20
755.1, -9, -20
755.2, -9, -20
755.3, -9, -20
755.4, -9, -20
755.5, -9, -20
755.6, -9, -20
755.7, -9, -20
755.8, -9, -20
755.9, -9, -20
756, -9, -20
756.1, -10, -20
756.2, -10, -20
756.3, -10, -20
756.4, -10, -20
756.5, -10, -20
756.6, -10, -20
756.7, -10, -20
756.8, -10, -20
756.9, -10, -20
757, -10, -20
757.1, -10, -20
757.2, -10, -20
757.3, -10, -20
757.4, -10, -20
757.5, -10, -20
757.6, -10, -20
757.7, -10, -20
757.8, -10, -20
757.9, -10, -20
758, -10, -20
758.1, -10, -20
758.2, -10, -20
758.3, -10, -20
758.4, -10, -20
758.5, -10, -20
758.6, -10, -20
758.7, -10, -20
758.8, -10, -20
758.9, -10, -20
759, -10, -20
759.1, -10, -20
759.2, -10, -20
759.3, -10, -20
759.4, -10, -20
759.5, -10, -21
759.6, -10, -21
759.7, -10, -21
759.8, -10, -21
759.9, -10, -21
760, -10, -21
760.1, -10, -21
760.2, -10, -21
760.3, -10, -21
760.4, -10, -21
760.5, -10, -21
760.6, -10, -21
760.7, -10, -21
760.8, -10, -21
760.9, -10, -21
761, -10, -21
761.1, -10, -21
761.2, -10, -21
761.3, -10, -21
761.4, -10, -21
761.5, -10, -21
761.6, -10, -21
761.7, -10, -21
761.8, -10, -21
761.9, -10, -22
762, -10, -22
762.1, -10, -22
762.2, -10, -22
762.3, -10, -22
762.4, -10, -22
762.5, -10, -22
762.6, -10, -22
762.7, -10, -22
762.8, -10, -22
762.9, -10, -22
763, -10, -22
763.1, -10, -22
763.2, -10, -22
763.3, -10, -22
763.4, -10, -22
763.5, -10, -22
763.6, -10, -22
763.7, -10, -22
763.8, -10, -22
763.9, -10, -22
764, -10, -22
764.1, -10, -22
764.2, -10, -22
764.3, -10, -22
764.4, -10, -22
764.5, -10, -22
764.6, -10, -22
764.7, -10, -22
764.8, -10, -22
764.9, -10, -22
765, -10, -22
765.1, -10, -22
765.2, -10, -22
765.3, -10, -22
765.4, -10, -22
765.5, -11, -22
765.6, -11, -22
765.7, -11, -22
765.8, -11, -22
765.9, -11, -22
766, -11, -22
766.1, -11, -22
766.2, -11, -22
766.3, -11, -22
766.4, -11, -22
766.5, -11, -22
766.6, -11, -22
766.7, -11, -22
766.8, -11, -22
766.9, -11, -21
767, -11, -21
767.1, -11, -21
767.2, -11, -21
767.3, -11, -21
767.4, -11, -21
767.5, -11, -21
767.6, -11, -21
767.7, -11, -21
767.8, -11, -21
767.9, -11, -21
768, -11, -21
768.1, -11, -21
768.2, -11, -21
768.3, -11, -21
768.4, -11, -21
768.5, -11, -21
768.6, -11, -21
768.7, -11, -21
768.8, -11, -21
768.9, -11, -21
769, -11, -21
769.1, -11, -21
769.2, -11, -21
769.3, -11, -21
769.4, -11, -21
769.5, -11, -21
769.6, -11, -21
769.7, -11, -21
769.8, -11, -21
769.9, -11, -21
770, -11, -21
770.1, -11, -21
770.2, -11, -21
770.3, -11, -21
770.4, -11, -21
770.5, -11, -21
770.6, -11, -21
770.7, -11, -21
770.8, -11, -21
770.9, -11, -21
771, -11, -21
771.1, -11, -21
771.2, -11, -21
771.3, -11, -21
771.4, -11, -21
771.5, -10, -21
771.6, -10, -21
771.7, -11, -21
771.8, -11, -21
771.9, -11, -21
772, -11, -21
772.1, -11, -21
772.2, -11, -21
772.3, -11, -21
772.4, -11, -21
772.5, -11, -21
772.6, -11, -21
772.7, -11, -21
772.8, -11, -21
772.9, -11, -21
773, -11, -21
773.1, -11, -21
773.2, -11, -21
773.3, -10, -21
773.4, -10, -21
773.5, -10, -21
773.6, -10, -21
773.7, -10, -21
773.8, -10, -21
773.9, -10, -21
774, -10, -21
774.1, -10, -21
774.2, -10, -21
774.3, -10, -21
774.4, -10, -21
774.5, -10, -20
774.6, -10, -20
774.7, -10, -20
774.8, -10, -20
774.9, -10, -20
775, -10, -20
775.1, -10, -20
775.2, -10, -20
775.3, -10, -20
775.4, -10, -20
775.5, -10, -20
775.6, -10, -20
775.7, -10, -20
775.8, -10, -20
775.9, -10, -20
776, -10, -20
776.1, -10, -20
776.2, -10, -20
776.3, -10, -20
776.4, -10, -20
776.5, -10, -20
776.6, -10, -20
776.7, -10, -20
776.8, -10, -20
776.9, -10, -20
777, -10, -20
777.1, -10, -20
777.2, -10, -20
777.3, -10, -20
777.4, -10, -20
777.5, -10, -20
777.6, -10, -20
777.7, -10, -20
777.8, -10, -20
777.9, -10, -20
778, -10, -20
778.1, -10, -19
778.2, -10, -19
778.3, -10, -19
778.4, -10, -19
778.5, -10, -19
778.6, -10, -19
778.7, -10, -19
778.8, -10, -19
778.9, -10, -19
779, -10, -19
779.1, -10, -19
779.2, -10, -19
779.3, -10, -19
779.4, -10, -19
779.5, -10, -19
779.6, -10, -19
779.7, -10, -19
779.8, -10, -19
779.9, -10, -19
780, -10, -19
780.1, -10, -20
780.2, -10, -20
780.3, -10, -20
780.4, -10, -20
780.5, -10, -20
780.6, -10, -20
780.7, -10, -20
780.8, -10, -20
780.9, -10, -20
781, -10, -20
781.1, -10, -20
781.2, -10, -20
781.3, -10, -20
781.4, -10, -20
781.5, -10, -20
781.6, -10, -20
781.7, -10, -20
781.8, -10, -20
781.9, -10, -20
782, -10, -20
782.1, -10, -20
782.2, -10, -20
782.3, -10, -20
782.4, -10, -20
782.5, -10, -20
782.6, -10, -20
782.7, -10, -20
782.8, -10, -20
782.9, -10, -20
783, -10, -20
783.1, -10, -20
783.2, -10, -20
783.3, -10, -20
783.4, -10, -20
783.5, -10, -20
783.6, -10, -20
783.7, -10, -20
783.8, -10, -20
783.9, -10, -20
784, -10, -20
784.1, -10, -20
784.2, -10, -20
784.3, -10, -20
784.4, -10, -20
784.5, -10, -20
784.6, -10, -20
784.7, -10, -20
784.8, -10, -20
784.9, -10, -20
785, -10, -20
785.1, -10, -20
785.2, -10, -20
785.3, -10, -20
785.4, -10, -20
785.5, -10, -20
785.6, -10, -20
785.7, -10, -20
785.8, -10, -20
785.9, -10, -20
786, -10, -20
786.1, -10, -20
786.2, -10, -20
786.3, -10, -20
786.4, -10, -20
786.5, -10, -20
786.6, -10, -20
786.7, -10, -20
786.8, -10, -20
786.9, -10, -20
787, -10, -20
787.1, -10, -20
787.2, -10, -20
787.3, -10, -20
787.4, -10, -20
787.5, -10, -20
787.6, -10, -20
787.7, -9, -20
787.8, -9, -20
787.9, -9, -20
788, -9, -20
788.1, -9, -20
788.2, -9, -20
788.3, -9, -20
788.4, -9, -20
788.5, -9, -20
788.6, -9, -20
788.7, -9, -20
788.8, -9, -20
788.9, -9, -20
789, -9, -20
789.1, -9, -20
789.2, -9, -20
789.3, -9, -20
789.4, -9, -20
789.5, -9, -20
789.6, -9, -20
789.7, -9, -20
789.8, -9, -20
789.9, -9, -20
790, -9, -20
790.1, -9, -20
790.2, -9, -20
790.3, -9, -20
790.4, -9, -20
790.5, -9, -20
790.6, -9, -20
790.7, -9, -20
790.8, -9, -20
790.9, -9, -20
791, -9, -20
791.1, -9, -20
791.2, -9, -20
791.3, -9, -20
791.4, -9, -20
791.5, -9, -20
791.6, -9, -20
791.7, -9, -20
791.8, -9, -20
791.9, -9, -20
792, -9, -20
792.1, -9, -19
792.2, -9, -19
792.3, -9, -19
792.4, -9, -19
792.5, -9, -19
792.6, -9, -19
792.7, -9, -19
792.8, -9, -19
792.9, -9, -19
793, -9, -19
793.1, -9, -19
793.2, -9, -19
793.3, -9, -19
793.4, -9, -19
793.5, -9, -19
793.6, -9, -19
793.7, -9, -19
793.8, -9, -19
793.9, -9, -19
794, -9, -19
794.1, -9, -19
794.2, -9, -19
794.3, -9, -19
794.4, -9, -19
794.5, -9, -19
794.6, -9, -19
794.7, -9, -19
794.8, -9, -19
794.9, -9, -19
795, -9, -19
795.1, -9, -19
795.2, -9, -19
795.3, -9, -19
795.4, -9, -19
795.5, -9, -19
795.6, -9, -19
795.7, -9, -20
795.8, -9, -20
795.9, -9, -20
796, -9, -20
796.1, -9, -20
796.2, -9, -20
796.3, -10, -20
796.4, -10, -20
796.5, -10, -20
796.6, -10, -20
796.7, -10, -20
796.8, -10, -20
796.9, -10, -20
797, -10, -20
797.1, -10, -20
797.2, -10, -20
797.3, -10, -20
797.4, -10, -20
797.5, -10, -20
797.6, -10, -20
797.7, -10, -20
797.8, -10, -20
797.9, -9, -20
798, -9, -20
798.1, -9, -20
798.2, -9, -20
798.3, -9, -21
798.4, -9, -21
798.5, -9, -21
798.6, -9, -21
798.7, -9, -21
798.8, -9, -21
798.9, -9, -21
799, -9, -21
799.1, -9, -21
799.2, -9, -21
799.3, -9, -21
799.4, -9, -21
799.5, -9, -21
799.6, -9, -21
799.7, -9, -20
799.8, -9, -20
799.9, -9, -20
800, -9, -20
800.1, -9, -20
800.2, -9, -20
800.3, -9, -20
800.4, -9, -20
800.5, -9, -20
800.6, -9, -20
800.7, -9, -20
800.8, -9, -20
800.9, -9, -20
801, -9, -20
801.1, -9, -20
801.2, -9, -20
801.3, -9, -20
801.4, -9, -20
801.5, -9, -20
801.6, -9, -20
801.7, -9, -20
801.8, -9, -20
801.9, -9, -20
802, -9, -20
802.1, -9, -20
802.2, -9, -20
802.3, -9, -20
802.4, -9, -20
802.5, -9, -20
802.6, -9, -20
802.7, -9, -20
802.8, -9, -20
802.9, -9, -20
803, -9, -20
803.1, -9, -20
803.2, -9, -20
803.3, -9, -20
803.4, -9, -20
803.5, -9, -20
803.6, -9, -20
803.7, -9, -20
803.8, -9, -20
803.9, -9, -20
804, -9, -20
804.1, -9, -20
804.2, -9, -20
804.3, -8, -20
804.4, -8, -20
804.5, -8, -20
804.6, -8, -20
804.7, -8, -20
804.8, -8, -20
804.9, -7, -20
805, -7, -20
805.1, -7, -20
805.2, -7, -20
805.3, -7, -20
805.4, -7, -20
805.5, -7, -20
805.6, -7, -20
805.7, -7, -19
805.8, -7, -19
805.9, -7, -19
806, -7, -19
806.1, -7, -19
806.2, -7, -19
806.3, -7, -19
806.4, -7, -19
806.5, -7, -19
806.6, -7, -19
806.7, -7, -19
806.8, -7, -19
806.9, -7, -19
807, -7, -19
807.1, -6, -19
807.2, -6, -19
807.3, -6, -19
807.4, -6, -19
807.5, -6, -19
807.6, -6, -19
807.7, -6, -19
807.8, -6, -19
807.9, -6, -19
808, -6, -19
808.1, -6, -19
808.2, -6, -19
808.3, -6, -20
808.4, -6, -20
808.5, -6, -20
808.6, -6, -20
808.7, -6, -20
808.8, -6, -20
808.9, -6, -20
809, -6, -20
809.1, -6, -20
809.2, -6, -20
809.3, -6, -20
809.4, -6, -20
809.5, -6, -20
809.6, -6, -20
809.7, -6, -20
809.8, -6, -20
809.9, -6, -20
810, -6, -20
810.1, -6, -20
810.2, -6, -20
810.3, -6, -20
810.4, -6, -20
810.5, -6, -20
810.6, -6, -20
810.7, -6, -20
810.8, -6, -20
810.9, -6, -20
811, -6, -20
811.1, -6, -20
811.2, -6, -20
811.3, -6, -20
811.4, -6, -20
811.5, -6, -20
811.6, -6, -20
811.7, -6, -20
811.8, -6, -20
811.9, -6, -20
812, -6, -20
812.1, -6, -20
812.2, -6, -20
812.3, -6, -20
812.4, -6, -20
812.5, -6, -20
812.6, -6, -20
812.7, -6, -20
812.8, -6, -20
812.9, -6, -20
813, -6, -20
813.1, -6, -20
813.2, -6, -20
813.3, -6, -20
813.4, -6, -20
813.5, -6, -20
813.6, -6, -20
813.7, -6, -20
813.8, -6, -20
813.9, -6, -20
814, -6, -20
814.1, -6, -20
814.2, -6, -20
814.3, -6, -20
814.4, -6, -20
814.5, -6, -20
814.6, -6, -20
814.7, -6, -20
814.8, -6, -20
814.9, -6, -20
815, -6, -20
815.1, -6, -20
815.2, -6, -20
815.3, -6, -20
815.4, -6, -20
815.5, -6, -20
815.6, -6, -20
815.7, -7, -20
815.8, -7, -20
815.9, -7, -20
816, -7, -20
816.1, -7, -20
816.2, -7, -20
816.3, -7, -21
816.4, -7, -21
816.5, -7, -21
816.6, -7, -21
816.7, -7, -21
816.8, -7, -21
816.9, -7, -21
817, -7, -21
817.1, -7, -21
817.2, -7, -21
817.3, -7, -21
817.4, -7, -21
817.5, -7, -21
817.6, -7, -21
817.7, -7, -21
817.8, -7, -21
817.9, -7, -21
818, -7, -21
818.1, -7, -21
818.2, -7, -21
818.3, -7, -21
818.4, -7, -21
818.5, -7, -21
818.6, -7, -21
818.7, -7, -21
818.8, -7, -21
818.9, -7, -21
819, -7, -21
819.1, -7, -21
819.2, -7, -21
819.3, -7, -21
819.4, -7, -21
819.5, -7, -21
819.6, -7, -21
819.7, -7, -21
819.8, -7, -21
819.9, -7, -21
820, -7, -21
820.1, -7, -21
820.2, -7, -21
820.3, -7, -21
820.4, -7, -21
820.5, -7, -21
820.6, -7, -21
820.7, -7, -21
820.8, -7, -21
820.9, -7, -21
821, -7, -21
821.1, -7, -21
821.2, -7, -21
821.3, -6, -21
821.4, -6, -21
821.5, -6, -21
821.6, -6, -21
821.7, -6, -21
821.8, -6, -21
821.9, -6, -21
822, -6, -21
822.1, -6, -21
822.2, -6, -21
822.3, -6, -21
822.4, -6, -21
822.5, -6, -21
822.6, -6, -21
822.7, -6, -21
822.8, -6, -21
822.9, -6, -21
823, -6, -21
823.1, -6, -21
823.2, -6, -21
823.3, -6, -21
823.4, -6, -21
823.5, -6, -21
823.6, -6, -21
823.7, -6, -21
823.8, -6, -21
823.9, -6, -21
824, -6, -21
824.1, -6, -21
824.2, -6, -21
824.3, -6, -21
824.4, -6, -21
824.5, -6, -21
824.6, -6, -21
824.7, -6, -21
824.8, -6, -21
824.9, -6, -21
825, -6, -21
825.1, -6, -21
825.2, -6, -21
825.3, -6, -21
825.4, -6, -21
825.5, -6, -21
825.6, -6, -21
825.7, -6, -21
825.8, -6, -21
825.9, -6, -21
826, -6, -21
826.1, -6, -21
826.2, -6, -21
826.3, -5, -21
826.4, -5, -21
826.5, -5, -21
826.6, -5, -21
826.7, -5, -21
826.8, -5, -21
826.9, -4, -21
827, -4, -21
827.1, -4, -21
827.2, -4, -21
827.3, -4, -21
827.4, -4, -21
827.5, -4, -21
827.6, -4, -21
827.7, -4, -21
827.8, -4, -21
827.9, -4, -21
828, -4, -21
828.1, -4, -21
828.2, -4, -21
828.3, -4, -21
828.4, -4, -21
828.5, -4, -21
828.6, -4, -21
828.7, -4, -21
828.8, -4, -21
828.9, -4, -21
829, -4, -21
829.1, -4, -21
829.2, -4, -21
829.3, -4, -21
829.4, -4, -21
829.5, -4, -21
829.6, -4, -21
829.7, -4, -21
829.8, -4, -21
829.9, -4, -21
830, -4, -21
830.1, -4, -21
830.2, -4, -21
830.3, -4, -21
830.4, -4, -21
830.5, -4, -21
830.6, -4, -21
830.7, -4, -21
830.8, -4, -21
830.9, -5, -21
831, -5, -21
831.1, -5, -21
831.2, -5, -21
831.3, -5, -21
831.4, -5, -21
831.5, -5, -21
831.6, -5, -21
831.7, -5, -21
831.8, -5, -21
831.9, -5, -21
832, -5, -21
832.1, -5, -21
832.2, -5, -21
832.3, -5, -21
832.4, -5, -21
832.5, -5, -21
832.6, -5, -21
832.7, -5, -21
832.8, -5, -21
832.9, -5, -21
833, -5, -21
833.1, -5, -21
833.2, -5, -21
833.3, -5, -21
833.4, -5, -21
833.5, -5, -21
833.6, -5, -21
833.7, -5, -22
833.8, -5, -22
833.9, -6, -22
834, -6, -22
834.1, -6, -22
834.2, -6, -22
834.3, -6, -22
834.4, -6, -22
834.5, -6, -22
834.6, -6, -22
834.7, -6, -22
834.8, -6, -22
834.9, -6, -21
835, -6, -21
835.1, -6, -22
835.2, -6, -22
835.3, -6, -22
835.4, -6, -22
835.5, -6, -22
835.6, -6, -22
835.7, -6, -22
835.8, -6, -22
835.9, -6, -22
836, -6, -22
836.1, -6, -22
836.2, -6, -22
836.3, -6, -22
836.4, -6, -22
836.5, -6, -22
836.6, -6, -22
836.7, -6, -22
836.8, -6, -22
836.9, -6, -22
837, -6, -22
837.1, -6, -22
837.2, -6, -22
837.3, -6, -22
837.4, -6, -22
837.5, -6, -22
837.6, -6, -22
837.7, -6, -22
837.8, -6, -22
837.9, -6, -22
838, -6, -22
838.1, -6, -23
838.2, -6, -23
838.3, -6, -23
838.4, -6, -23
838.5, -6, -23
838.6, -6, -23
838.7, -6, -23
838.8, -6, -23
838.9, -6, -23
839, -6, -23
839.1, -6, -23
839.2, -6, -23
839.3, -6, -23
839.4, -6, -23
839.5, -6, -23
839.6, -6, -23
839.7, -6, -23
839.8, -6, -23
839.9, -6, -23
840, -6, -23
840.1, -6, -23
840.2, -6, -23
840.3, -6, -23
840.4, -6, -23
840.5, -6, -23
840.6, -6, -23
840.7, -6, -23
840.8, -6, -23
840.9, -6, -24
841, -6, -24
841.1, -6, -24
841.2, -6, -24
841.3, -6, -24
841.4, -6, -24
841.5, -6, -24
841.6, -6, -24
841.7, -6, -24
841.8, -6, -24
841.9, -6, -24
842, -6, -24
842.1, -6, -24
842.2, -6, -24
842.3, -6, -24
842.4, -6, -24
842.5, -6, -24
842.6, -6, -24
842.7, -5, -24
842.8, -5, -24
842.9, -5, -24
843, -5, -24
843.1, -5, -24
843.2, -5, -24
843.3, -5, -24
843.4, -5, -24
843.5, -5, -24
843.6, -5, -24
843.7, -5, -24
843.8, -5, -24
843.9, -5, -24
844, -5, -24
844.1, -5, -23
844.2, -5, -23
844.3, -5, -23
844.4, -5, -23
844.5, -5, -23
844.6, -5, -23
844.7, -5, -23
844.8, -5, -23
844.9, -5, -23
845, -5, -23
845.1, -5, -23
845.2, -5, -23
845.3, -5, -23
845.4, -5, -23
845.5, -5, -23
845.6, -5, -23
845.7, -6, -23
845.8, -6, -23
845.9, -6, -22
846, -6, -22
846.1, -6, -22
846.2, -6, -22
846.3, -6, -21
846.4, -6, -21
846.5, -6, -21
846.6, -6, -21
846.7, -6, -21
846.8, -6, -21
846.9, -6, -21
847, -6, -21
847.1, -5, -21
847.2, -5, -21
847.3, -6, -21
847.4, -6, -21
847.5, -6, -21
847.6, -6, -21
847.7, -6, -21
847.8, -6, -21
847.9, -6, -21
848, -6, -21
848.1, -6, -21
848.2, -6, -21
848.3, -6, -20
848.4, -6, -20
848.5, -6, -20
848.6, -6, -20
848.7, -6, -20
848.8, -6, -20
848.9, -6, -20
849, -6, -20
849.1, -6, -20
849.2, -6, -20
849.3, -6, -20
849.4, -6, -20
849.5, -6, -21
849.6, -6, -21
849.7, -6, -21
849.8, -6, -21
849.9, -6, -21
850, -6, -21
850.1, -6, -21
850.2, -6, -21
850.3, -6, -21
850.4, -6, -21
850.5, -6, -21
850.6, -6, -21
850.7, -6, -21
850.8, -6, -21
850.9, -6, -21
851, -6, -21
851.1, -6, -21
851.2, -6, -21
851.3, -6, -21
851.4, -6, -21
851.5, -6, -21
851.6, -6, -21
851.7, -6, -21
851.8, -6, -21
851.9, -6, -21
852, -6, -21
852.1, -6, -21
852.2, -6, -21
852.3, -6, -21
852.4, -6, -21
852.5, -6, -21
852.6, -6, -21
852.7, -6, -22
852.8, -6, -22
852.9, -6, -22
853, -6, -22
853.1, -6, -22
853.2, -6, -22
853.3, -6, -22
853.4, -6, -22
853.5, -6, -22
853.6, -6, -22
853.7, -5, -22
853.8, -5, -22
853.9, -5, -22
854, -5, -22
854.1, -5, -22
854.2, -5, -22
854.3, -5, -22
854.4, -5, -22
854.5, -5, -22
854.6, -5, -22
854.7, -5, -22
854.8, -5, -22
854.9, -5, -22
855, -5, -22
855.1, -5, -22
855.2, -5, -22
855.3, -5, -22
855.4, -5, -22
855.5, -5, -22
855.6, -5, -22
855.7, -5, -22
855.8, -5, -22
855.9, -5, -22
856, -5, -22
856.1, -5, -22
856.2, -5, -22
856.3, -5, -22
856.4, -5, -22
856.5, -5, -22
856.6, -5, -22
856.7, -5, -22
856.8, -5, -22
856.9, -5, -22
857, -5, -22
857.1, -5, -22
857.2, -5, -22
857.3, -5, -22
857.4, -5, -22
857.5, -5, -22
857.6, -5, -22
857.7, -5, -22
857.8, -5, -22
857.9, -5, -22
858, -5, -22
858.1, -5, -21
858.2, -5, -21
858.3, -5, -21
858.4, -5, -21
858.5, -5, -21
858.6, -5, -21
858.7, -5, -21
858.8, -5, -21
858.9, -5, -21
859, -5, -21
859.1, -5, -20
859.2, -5, -20
859.3, -5, -20
859.4, -5, -20
859.5, -5, -20
859.6, -5, -20
859.7, -5, -20
859.8, -5, -20
859.9, -5, -20
860, -5, -20
860.1, -5, -20
860.2, -5, -20
860.3, -5, -20
860.4, -5, -20
860.5, -5, -20
860.6, -5, -20
860.7, -5, -19
860.8, -5, -19
860.9, -5, -19
861, -5, -19
861.1, -4, -19
861.2, -4, -19
861.3, -4, -19
861.4, -4, -19
861.5, -4, -19
861.6, -4, -19
861.7, -4, -19
861.8, -4, -19
861.9, -4, -19
862, -4, -19
862.1, -4, -19
862.2, -4, -19
862.3, -4, -19
862.4, -4, -19
862.5, -4, -19
862.6, -4, -19
862.7, -4, -19
862.8, -4, -19
862.9, -4, -19
863, -4, -19
863.1, -4, -19
863.2, -4, -19
863.3, -4, -19
863.4, -4, -19
863.5, -4, -19
863.6, -4, -19
863.7, -4, -19
863.8, -4, -19
863.9, -4, -19
864, -4, -19
864.1, -4, -19
864.2, -4, -19
864.3, -4, -19
864.4, -4, -19
864.5, -4, -19
864.6, -4, -19
864.7, -4, -19
864.8, -4, -19
864.9, -4, -19
865, -4, -19
865.1, -4, -19
865.2, -4, -19
865.3, -4, -19
865.4, -4, -19
865.5, -4, -19
865.6, -4, -19
865.7, -4, -19
865.8, -4, -19
865.9, -4, -19
866, -4, -19
866.1, -4, -19
866.2, -4, -19
866.3, -4, -19
866.4, -4, -19
866.5, -4, -19
866.6, -4, -19
866.7, -4, -19
866.8, -4, -19
866.9, -4, -19
867, -4, -19
867.1, -4, -19
867.2, -4, -19
867.3, -3, -19
867.4, -3, -19
867.5, -3, -19
867.6, -3, -19
867.7, -3, -19
867.8, -3, -19
867.9, -3, -19
868, -3, -19
868.1, -3, -19
868.2, -3, -19
868.3, -3, -19
868.4, -3, -19
868.5, -3, -19
868.6, -3, -19
868.7, -3, -19
868.8, -3, -19
868.9, -3, -19
869, -3, -19
869.1, -3, -19
869.2, -3, -19
869.3, -3, -19
869.4, -3, -19
869.5, -3, -19
869.6, -3, -19
869.7, -3, -19
869.8, -3, -19
869.9, -3, -19
870, -3, -19
870.1, -3, -19
870.2, -3, -19
870.3, -3, -19
870.4, -3, -19
870.5, -3, -19
870.6, -3, -19
870.7, -3, -19
870.8, -3, -19
870.9, -3, -19
871, -3, -19
871.1, -3, -19
871.2, -3, -19
871.3, -3, -19
871.4, -3, -19
871.5, -3, -19
871.6, -3, -19
871.7, -3, -19
871.8, -3, -19
871.9, -3, -19
872, -3, -19
872.1, -3, -19
872.2, -3, -19
872.3, -3, -19
872.4, -3, -19
872.5, -3, -19
872.6, -3, -19
872.7, -3, -19
872.8, -3, -19
872.9, -3, -19
873, -3, -19
873.1, -3, -19
873.2, -3, -19
873.3, -3, -19
873.4, -3, -19
873.5, -3, -19
873.6, -3, -19
873.7, -3, -19
873.8, -3, -19
873.9, -3, -19
874, -3, -19
874.1, -3, -19
874.2, -3, -19
874.3, -3, -19
874.4, -3, -19
874.5, -3, -19
874.6, -3, -19
874.7, -3, -19
874.8, -3, -19
874.9, -3, -19
875, -3, -19
875.1, -3, -19
875.2, -3, -19
875.3, -3, -19
875.4, -3, -19
875.5, -3, -19
875.6, -3, -19
875.7, -3, -19
875.8, -3, -19
875.9, -3, -19
876, -3, -19
876.1, -3, -19
876.2, -3, -19
876.3, -2, -19
876.4, -2, -19
876.5, -2, -19
876.6, -2, -19
876.7, -2, -19
876.8, -2, -19
876.9, -2, -19
877, -2, -19
877.1, -2, -19
877.2, -2, -19
877.3, -2, -19
877.4, -2, -19
877.5, -2, -19
877.6, -2, -19
877.7, -2, -19
877.8, -2, -19
877.9, -2, -19
878, -2, -19
878.1, -2, -19
878.2, -2, -19
878.3, -2, -19
878.4, -2, -19
878.5, -2, -19
878.6, -2, -19
878.7, -2, -19
878.8, -2, -19
878.9, -2, -19
879, -2, -19
879.1, -2, -19
879.2, -2, -19
879.3, -2, -19
879.4, -2, -19
879.5, -2, -19
879.6, -2, -19
879.7, -2, -19
879.8, -2, -19
879.9, -2, -19
880, -2, -19
880.1, -2, -19
880.2, -2, -19
880.3, -2, -19
880.4, -2, -19
880.5, -2, -19
880.6, -2, -19
880.7, -2, -19
880.8, -2, -19
880.9, -2, -19
881, -2, -19
881.1, -2, -19
881.2, -2, -19
881.3, -2, -19
881.4, -2, -19
881.5, -2, -19
881.6, -2, -19
881.7, -2, -19
881.8, -2, -19
881.9, -2, -19
882, -2, -19
882.1, -2, -19
882.2, -2, -19
882.3, -2, -19
882.4, -2, -19
882.5, -2, -19
882.6, -2, -19
882.7, -2, -19
882.8, -2, -19
882.9, -2, -19
883, -2, -19
883.1, -2, -19
883.2, -2, -19
883.3, -2, -19
883.4, -2, -19
883.5, -2, -19
883.6, -2, -19
883.7, -2, -19
883.8, -2, -19
883.9, -2, -19
884, -2, -19
884.1, -2, -19
884.2, -2, -19
884.3, -2, -19
884.4, -2, -19
884.5, -2, -19
884.6, -2, -19
884.7, -2, -19
884.8, -2, -19
884.9, -2, -19
885, -2, -19
885.1, -2, -19
885.2, -2, -19
885.3, -2, -19
885.4, -2, -19
885.5, -2, -19
885.6, -2, -19
885.7, -1, -19
885.8, -1, -19
885.9, -1, -19
886, -1, -19
886.1, -1, -19
886.2, -1, -19
886.3, -1, -19
886.4, -1, -19
886.5, -1, -19
886.6, -1, -19
886.7, -1, -19
886.8, -1, -19
886.9, -1, -19
887, -1, -19
887.1, -1, -19
887.2, -1, -19
887.3, -1, -19
887.4, -1, -19
887.5, -1, -19
887.6, -1, -19
887.7, -1, -19
887.8, -1, -19
887.9, -1, -19
888, -1, -19
888.1, -1, -19
888.2, -1, -19
888.3, -1, -19
888.4, -1, -19
888.5, -1, -19
888.6, -1, -19
888.7, -1, -19
888.8, -1, -19
888.9, -1, -19
889, -1, -19
889.1, -1, -19
889.2, -1, -19
889.3, -1, -18
889.4, -1, -18
889.5, -1, -18
889.6, -1, -18
889.7, -1, -18
889.8, -1, -18
889.9, -1, -18
890, -1, -18
890.1, -1, -18
890.2, -1, -18
890.3, -1, -18
890.4, -1, -18
890.5, -1, -18
890.6, -1, -18
890.7, -1, -18
890.8, -1, -18
890.9, -2, -18
891, -2, -18
891.1, -2, -18
891.2, -2, -18
891.3, -2, -18
891.4, -2, -18
891.5, -2, -18
891.6, -2, -18
891.7, -2, -18
891.8, -2, -18
891.9, -2, -18
892, -2, -18
892.1, -2, -18
892.2, -2, -18
892.3, -2, -18
892.4, -2, -18
892.5, -2, -18
892.6, -2, -18
892.7, -2, -18
892.8, -2, -18
892.9, -2, -18
893, -2, -18
893.1, -2, -18
893.2, -2, -18
893.3, -2, -18
893.4, -2, -18
893.5, -2, -18
893.6, -2, -18
893.7, -2, -18
893.8, -2, -18
893.9, -2, -18
894, -2, -18
894.1, -2, -18
894.2, -2, -18
894.3, -2, -18
894.4, -2, -18
894.5, -2, -18
894.6, -2, -18
894.7, -2, -18
894.8, -2, -18
894.9, -2, -18
895, -2, -18
895.1, -2, -18
895.2, -2, -18
895.3, -2, -18
895.4, -2, -18
895.5, -2, -18
895.6, -2, -18
895.7, -2, -18
895.8, -2, -18
895.9, -2, -18
896, -2, -18
896.1, -2, -18
896.2, -2, -18
896.3, -2, -18
896.4, -2, -18
896.5, -2, -18
896.6, -2, -18
896.7, -2, -18
896.8, -2, -18
896.9, -3, -18
897, -3, -18
897.1, -3, -18
897.2, -3, -18
897.3, -3, -18
897.4, -3, -18
897.5, -3, -18
897.6, -3, -18
897.7, -3, -18
897.8, -3, -18
897.9, -3, -19
898, -3, -19
898.1, -3, -19
898.2, -3, -19
898.3, -3, -20
898.4, -3, -20
898.5, -3, -20
898.6, -3, -20
898.7, -3, -20
898.8, -3, -20
898.9, -3, -20
899, -3, -20
899.1, -3, -20
899.2, -3, -20
899.3, -4, -20
899.4, -4, -20
899.5, -4, -20
899.6, -4, -20
899.7, -4, -20
899.8, -4, -20
899.9, -4, -20
900, -4, -20
900.1, -4, -20
900.2, -4, -20
900.3, -5, -20
900.4, -5, -20
900.5, -5, -20
900.6, -5, -20
900.7, -5, -20
900.8, -5, -20
900.9, -5, -20
901, -5, -20
901.1, -5, -20
901.2, -5, -20
901.3, -5, -20
901.4, -5, -20
901.5, -5, -20
901.6, -5, -20
901.7, -5, -20
901.8, -5, -20
901.9, -5, -20
902, -5, -20
902.1, -4, -20
902.2, -4, -20
902.3, -4, -20
902.4, -4, -20
902.5, -4, -20
902.6, -4, -20
902.7, -4, -20
902.8, -4, -20
902.9, -4, -20
903, -4, -20
903.1, -5, -20
903.2, -5, -20
903.3, -4, -20
903.4, -4, -20
903.5, -4, -20
903.6, -4, -20
903.7, -4, -21
903.8, -4, -21
903.9, -5, -21
904, -5, -21
904.1, -5, -21
904.2, -5, -21
904.3, -5, -21
904.4, -5, -21
904.5, -5, -21
904.6, -5, -21
904.7, -5, -21
904.8, -5, -21
904.9, -5, -21
905, -5, -21
905.1, -5, -21
905.2, -5, -21
905.3, -5, -21
905.4, -5, -21
905.5, -5, -21
905.6, -5, -21
905.7, -5, -21
905.8, -5, -21
905.9, -5, -21
906, -5, -21
906.1, -5, -21
906.2, -5, -21
906.3, -5, -21
906.4, -5, -21
906.5, -5, -21
906.6, -5, -21
906.7, -5, -21
906.8, -5, -21
906.9, -5, -21
907, -5, -21
907.1, -5, -20
907.2, -5, -20
907.3, -5, -20
907.4, -5, -20
907.5, -5, -20
907.6, -5, -20
907.7, -5, -20
907.8, -5, -20
907.9, -5, -20
908, -5, -20
908.1, -5, -20
908.2, -5, -20
908.3, -5, -19
908.4, -5, -19
908.5, -5, -19
908.6, -5, -19
908.7, -5, -19
908.8, -5, -19
908.9, -5, -19
909, -5, -19
909.1, -5, -19
909.2, -5, -19
909.3, -5, -19
909.4, -5, -19
909.5, -5, -19
909.6, -5, -19
909.7, -6, -19
909.8, -6, -19
909.9, -6, -19
910, -6, -19
910.1, -6, -19
910.2, -6, -19
910.3, -6, -19
910.4, -6, -19
910.5, -6, -19
910.6, -6, -19
910.7, -6, -19
910.8, -6, -19
910.9, -6, -19
911, -6, -19
911.1, -6, -19
911.2, -6, -19
911.3, -7, -19
911.4, -7, -19
911.5, -6, -19
911.6, -6, -19
911.7, -6, -19
911.8, -6, -19
911.9, -6, -19
912, -6, -19
912.1, -6, -19
912.2, -6, -19
912.3, -6, -19
912.4, -6, -19
912.5, -6, -19
912.6, -6, -19
912.7, -6, -19
912.8, -6, -19
912.9, -6, -19
913, -6, -19
913.1, -6, -19
913.2, -6, -19
913.3, -6, -19
913.4, -6, -19
913.5, -6, -19
913.6, -6, -19
913.7, -6, -19
913.8, -6, -19
913.9, -6, -19
914, -6, -19
914.1, -6, -19
914.2, -6, -19
914.3, -6, -19
914.4, -6, -19
914.5, -6, -19
914.6, -6, -19
914.7, -6, -19
914.8, -6, -19
914.9, -6, -19
915, -6, -19
915.1, -6, -19
915.2, -6, -19
915.3, -6, -19
915.4, -6, -19
915.5, -6, -19
915.6, -6, -19
915.7, -6, -20
915.8, -6, -20
915.9, -6, -20
916, -6, -20
916.1, -6, -20
916.2, -6, -20
916.3, -6, -20
916.4, -6, -20
916.5, -6, -20
916.6, -6, -20
916.7, -6, -20
916.8, -6, -20
916.9, -7, -20
917, -7, -20
917.1, -7, -20
917.2, -7, -20
917.3, -7, -20
917.4, -7, -20
917.5, -7, -20
917.6, -7, -20
917.7, -7, -20
917.8, -7, -20
917.9, -7, -20
918, -7, -20
918.1, -7, -20
918.2, -7, -20
918.3, -7, -20
918.4, -7, -20
918.5, -7, -20
918.6, -7, -20
918.7, -6, -20
918.8, -6, -20
918.9, -6, -20
919, -6, -20
919.1, -6, -20
919.2, -6, -20
919.3, -6, -20
919.4, -6, -20
919.5, -6, -20
919.6, -6, -20
919.7, -6, -20
919.8, -6, -20
919.9, -6, -20
920, -6, -20
920.1, -6, -20
920.2, -6, -20
920.3, -6, -20
920.4, -6, -20
920.5, -6, -20
920.6, -6, -20
920.7, -6, -20
920.8, -6, -20
920.9, -6, -21
921, -6, -21
921.1, -6, -21
921.2, -6, -21
921.3, -6, -21
921.4, -6, -21
921.5, -6, -21
921.6, -6, -21
921.7, -6, -21
921.8, -6, -21
921.9, -6, -21
922, -6, -21
922.1, -6, -21
922.2, -6, -21
922.3, -6, -21
922.4, -6, -21
922.5, -6, -21
922.6, -6, -21
922.7, -6, -21
922.8, -6, -21
922.9, -6, -21
923, -6, -21
923.1, -6, -21
923.2, -6, -21
923.3, -6, -21
923.4, -6, -21
923.5, -6, -21
923.6, -6, -21
923.7, -5, -21
923.8, -5, -21
923.9, -5, -21
924, -5, -21
924.1, -4, -21
924.2, -4, -21
924.3, -4, -21
924.4, -4, -21
924.5, -4, -21
924.6, -4, -21
924.7, -4, -20
924.8, -4, -20
924.9, -5, -20
925, -5, -20
925.1, -5, -20
925.2, -5, -20
925.3, -5, -20
925.4, -5, -20
925.5, -5, -20
925.6, -5, -20
925.7, -5, -20
925.8, -5, -20
925.9, -5, -20
926, -5, -20
926.1, -5, -20
926.2, -5, -20
926.3, -5, -20
926.4, -5, -20
926.5, -5, -20
926.6, -5, -20
926.7, -5, -20
926.8, -5, -20
926.9, -5, -20
927, -5, -20
927.1, -5, -20
927.2, -5, -20
927.3, -5, -20
927.4, -5, -20
927.5, -5, -20
927.6, -5, -20
927.7, -5, -20
927.8, -5, -20
927.9, -5, -20
928, -5, -20
928.1, -5, -20
928.2, -5, -20
928.3, -6, -20
928.4, -6, -20
928.5, -6, -20
928.6, -6, -20
928.7, -6, -20
928.8, -6, -20
928.9, -6, -20
929, -6, -20
929.1, -6, -20
929.2, -6, -20
929.3, -6, -20
929.4, -6, -20
929.5, -6, -20
929.6, -6, -20
929.7, -6, -20
929.8, -6, -20
929.9, -6, -20
930, -6, -20
930.1, -6, -20
930.2, -6, -20
930.3, -6, -20
930.4, -6, -20
930.5, -6, -20
930.6, -6, -20
930.7, -6, -20
930.8, -6, -20
930.9, -6, -20
931, -6, -20
931.1, -6, -20
931.2, -6, -20
931.3, -6, -20
931.4, -6, -20
931.5, -6, -20
931.6, -6, -20
931.7, -6, -20
931.8, -6, -20
931.9, -6, -20
932, -6, -20
932.1, -6, -20
932.2, -6, -20
932.3, -6, -20
932.4, -6, -20
932.5, -6, -20
932.6, -6, -20
932.7, -7, -20
932.8, -7, -20
932.9, -7, -20
933, -7, -20
933.1, -7, -20
933.2, -7, -20
933.3, -7, -20
933.4, -7, -20
933.5, -7, -20
933.6, -7, -20
933.7, -7, -20
933.8, -7, -20
933.9, -7, -20
934, -7, -20
934.1, -7, -20
934.2, -7, -20
934.3, -7, -20
934.4, -7, -20
934.5, -7, -20
934.6, -7, -20
934.7, -7, -20
934.8, -7, -20
934.9, -7, -20
935, -7, -20
935.1, -7, -20
935.2, -7, -20
935.3, -7, -20
935.4, -7, -20
935.5, -7, -20
935.6, -7, -20
935.7, -7, -20
935.8, -7, -20
935.9, -7, -20
936, -7, -20
936.1, -7, -20
936.2, -7, -20
936.3, -7, -20
936.4, -7, -20
936.5, -7, -20
936.6, -7, -20
936.7, -7, -21
936.8, -7, -21
936.9, -7, -21
937, -7, -21
937.1, -7, -20
937.2, -7, -20
937.3, -7, -20
937.4, -7, -20
937.5, -7, -20
937.6, -7, -20
937.7, -7, -20
937.8, -7, -20
937.9, -7, -20
938, -7, -20
938.1, -7, -20
938.2, -7, -20
938.3, -7, -20
938.4, -7, -20
938.5, -7, -20
938.6, -7, -20
938.7, -7, -20
938.8, -7, -20
938.9, -7, -20
939, -7, -20
939.1, -7, -19
939.2, -7, -19
939.3, -7, -19
939.4, -7, -19
939.5, -7, -19
939.6, -7, -19
939.7, -7, -19
939.8, -7, -19
939.9, -7, -19
940, -7, -19
940.1, -7, -19
940.2, -7, -19
940.3, -7, -19
940.4, -7, -19
940.5, -7, -19
940.6, -7, -19
940.7, -7, -19
940.8, -7, -19
940.9, -7, -19
941, -7, -19
941.1, -7, -19
941.2, -7, -19
941.3, -7, -19
941.4, -7, -19
941.5, -7, -19
941.6, -7, -19
941.7, -8, -19
941.8, -8, -19
941.9, -8, -19
942, -8, -19
942.1, -8, -19
942.2, -8, -19
942.3, -8, -19
942.4, -8, -19
942.5, -8, -19
942.6, -8, -19
942.7, -8, -19
942.8, -8, -19
942.9, -8, -19
943, -8, -19
943.1, -8, -19
943.2, -8, -19
943.3, -8, -19
943.4, -8, -19
943.5, -8, -19
943.6, -8, -19
943.7, -8, -19
943.8, -8, -19
943.9, -8, -19
944, -8, -19
944.1, -8, -19
944.2, -8, -19
944.3, -8, -19
944.4, -8, -19
944.5, -8, -19
944.6, -8, -19
944.7, -8, -19
944.8, -8, -19
944.9, -8, -19
945, -8, -19
945.1, -8, -19
945.2, -8, -19
945.3, -8, -20
945.4, -8, -20
945.5, -8, -20
945.6, -8, -20
945.7, -8, -20
945.8, -8, -20
945.9, -8, -20
946, -8, -20
946.1, -8, -20
946.2, -8, -20
946.3, -8, -20
946.4, -8, -20
946.5, -8, -20
946.6, -8, -20
946.7, -7, -20
946.8, -7, -20
946.9, -7, -20
947, -7, -20
947.1, -6, -20
947.2, -6, -20
947.3, -6, -20
947.4, -6, -20
947.5, -6, -20
947.6, -6, -20
947.7, -7, -20
947.8, -7, -20
947.9, -6, -20
948, -6, -20
948.1, -6, -20
948.2, -6, -20
948.3, -6, -20
948.4, -6, -20
948.5, -6, -20
948.6, -6, -20
948.7, -6, -20
948.8, -6, -20
948.9, -6, -21
949, -6, -21
949.1, -6, -21
949.2, -6, -21
949.3, -6, -21
949.4, -6, -21
949.5, -6, -21
949.6, -6, -21
949.7, -6, -21
949.8, -6, -21
949.9, -6, -21
950, -6, -21
950.1, -6, -21
950.2, -6, -21
950.3, -6, -21
950.4, -6, -21
950.5, -6, -21
950.6, -6, -21
950.7, -6, -21
950.8, -6, -21
950.9, -6, -21
951, -6, -21
951.1, -6, -21
951.2, -6, -21
951.3, -6, -21
951.4, -6, -21
951.5, -6, -21
951.6, -6, -21
951.7, -6, -21
951.8, -6, -21
951.9, -6, -21
952, -6, -21
952.1, -6, -21
952.2, -6, -21
952.3, -6, -21
952.4, -6, -21
952.5, -6, -21
952.6, -6, -21
952.7, -6, -21
952.8, -6, -21
952.9, -6, -21
953, -6, -21
953.1, -6, -21
953.2, -6, -21
953.3, -6, -21
953.4, -6, -21
953.5, -6, -22
953.6, -6, -22
953.7, -6, -22
953.8, -6, -22
953.9, -6, -22
954, -6, -22
954.1, -6, -22
954.2, -6, -22
954.3, -6, -22
954.4, -6, -22
954.5, -6, -22
954.6, -6, -22
954.7, -6, -22
954.8, -6, -22
954.9, -6, -22
955, -6, -22
955.1, -6, -22
955.2, -6, -22
955.3, -5, -22
955.4, -5, -22
955.5, -5, -22
955.6, -5, -22
955.7, -5, -22
955.8, -5, -22
955.9, -5, -22
956, -5, -22
956.1, -5, -22
956.2, -5, -22
956.3, -5, -22
956.4, -5, -22
956.5, -5, -22
956.6, -5, -22
956.7, -5, -22
956.8, -5, -22
956.9, -4, -22
957, -4, -22
957.1, -4, -22
957.2, -4, -22
957.3, -4, -22
957.4, -4, -22
957.5, -4, -22
957.6, -4, -22
957.7, -4, -22
957.8, -4, -22
957.9, -4, -22
958, -4, -22
958.1, -4, -22
958.2, -4, -22
958.3, -4, -22
958.4, -4, -22
958.5, -4, -22
958.6, -4, -22
958.7, -4, -22
958.8, -4, -22
958.9, -4, -22
959, -4, -22
959.1, -4, -22
959.2, -4, -22
959.3, -4, -22
959.4, -4, -22
959.5, -4, -22
959.6, -4, -22
959.7, -4, -22
959.8, -4, -22
959.9, -4, -22
960, -4, -22
960.1, -4, -22
960.2, -4, -22
960.3, -4, -22
960.4, -4, -22
960.5, -4, -22
960.6, -4, -22
960.7, -4, -22
960.8, -4, -22
960.9, -4, -22
961, -4, -22
961.1, -4, -23
961.2, -4, -23
961.3, -4, -23
961.4, -4, -23
961.5, -4, -23
961.6, -4, -23
961.7, -4, -23
961.8, -4, -23
961.9, -4, -23
962, -4, -23
962.1, -4, -23
962.2, -4, -23
962.3, -4, -23
962.4, -4, -23
962.5, -4, -23
962.6, -4, -23
962.7, -4, -23
962.8, -4, -23
962.9, -5, -23
963, -5, -23
963.1, -5, -23
963.2, -5, -23
963.3, -5, -23
963.4, -5, -23
963.5, -5, -23
963.6, -5, -23
963.7, -5, -23
963.8, -5, -23
963.9, -5, -23
964, -5, -23
964.1, -5, -23
964.2, -5, -23
964.3, -5, -23
964.4, -5, -23
964.5, -5, -23
964.6, -5, -23
964.7, -5, -23
964.8, -5, -23
964.9, -5, -23
965, -5, -23
965.1, -5, -23
965.2, -5, -23
965.3, -4, -23
965.4, -4, -23
965.5, -4, -23
965.6, -4, -23
965.7, -4, -23
965.8, -4, -23
965.9, -4, -23
966, -4, -23
966.1, -4, -23
966.2, -4, -23
966.3, -4, -23
966.4, -4, -23
966.5, -4, -23
966.6, -4, -23
966.7, -4, -23
966.8, -4, -23
966.9, -4, -23
967, -4, -23
967.1, -4, -23
967.2, -4, -23
967.3, -4, -23
967.4, -4, -23
967.5, -4, -23
967.6, -4, -23
967.7, -4, -23
967.8, -4, -23
967.9, -4, -23
968, -4, -23
968.1, -4, -23
968.2, -4, -23
968.3, -4, -23
968.4, -4, -23
968.5, -4, -23
968.6, -4, -23
968.7, -4, -23
968.8, -4, -23
968.9, -4, -23
969, -4, -23
969.1, -4, -23
969.2, -4, -23
969.3, -4, -23
969.4, -4, -23
969.5, -4, -23
969.6, -4, -23
969.7, -4, -23
969.8, -4, -23
969.9, -4, -23
970, -4, -23
970.1, -4, -23
970.2, -4, -23
970.3, -4, -23
970.4, -4, -23
970.5, -4, -23
970.6, -4, -23
970.7, -4, -24
970.8, -4, -24
970.9, -4, -24
971, -4, -24
971.1, -4, -24
971.2, -4, -24
971.3, -4, -24
971.4, -4, -24
971.5, -4, -24
971.6, -4, -24
971.7, -4, -24
971.8, -4, -24
971.9, -4, -24
972, -4, -24
972.1, -4, -24
972.2, -4, -24
972.3, -4, -24
972.4, -4, -24
972.5, -4, -24
972.6, -4, -24
972.7, -4, -24
972.8, -4, -24
972.9, -4, -24
973, -4, -24
973.1, -4, -24
973.2, -4, -24
973.3, -5, -24
973.4, -5, -24
973.5, -5, -24
973.6, -5, -24
973.7, -5, -24
973.8, -5, -24
973.9, -5, -24
974, -5, -24
974.1, -5, -24
974.2, -5, -24
974.3, -5, -24
974.4, -5, -24
974.5, -5, -24
974.6, -5, -24
974.7, -5, -24
974.8, -5, -24
974.9, -5, -24
975, -5, -24
975.1, -5, -24
975.2, -5, -24
975.3, -5, -24
975.4, -5, -24
975.5, -5, -24
975.6, -5, -24
975.7, -5, -24
975.8, -5, -24
975.9, -5, -24
976, -5, -24
976.1, -5, -24
976.2, -5, -24
976.3, -5, -24
976.4, -5, -24
976.5, -5, -24
976.6, -5, -24
976.7, -5, -24
976.8, -5, -24
976.9, -5, -24
977, -5, -24
977.1, -5, -23
977.2, -5, -23
977.3, -6, -23
977.4, -6, -23
977.5, -6, -23
977.6, -6, -23
977.7, -6, -23
977.8, -6, -23
977.9, -6, -23
978, -6, -23
978.1, -6, -23
978.2, -6, -23
978.3, -6, -23
978.4, -6, -23
978.5, -6, -23
978.6, -6, -23
978.7, -7, -23
978.8, -7, -23
978.9, -7, -24
979, -7, -24
979.1, -7, -24
979.2, -7, -24
979.3, -7, -24
979.4, -7, -24
979.5, -7, -24
979.6, -7, -24
979.7, -7, -24
979.8, -7, -24
979.9, -7, -24
980, -7, -24
980.1, -7, -24
980.2, -7, -24
980.3, -7, -24
980.4, -7, -24
980.5, -7, -24
980.6, -7, -24
980.7, -7, -24
980.8, -7, -24
980.9, -7, -24
981, -7, -24
981.1, -7, -24
981.2, -7, -24
981.3, -7, -24
981.4, -7, -24
981.5, -7, -23
981.6, -7, -23
981.7, -7, -23
981.8, -7, -23
981.9, -7, -23
982, -7, -23
982.1, -7, -23
982.2, -7, -23
982.3, -7, -23
982.4, -7, -23
982.5, -7, -23
982.6, -7, -23
982.7, -7, -23
982.8, -7, -23
982.9, -7, -23
983, -7, -23
983.1, -7, -23
983.2, -7, -23
983.3, -7, -23
983.4, -7, -23
983.5, -8, -23
983.6, -8, -23
983.7, -8, -23
983.8, -8, -23
983.9, -8, -23
984, -8, -23
984.1, -7, -23
984.2, -7, -23
984.3, -7, -23
984.4, -7, -23
984.5, -7, -23
984.6, -7, -23
984.7, -7, -23
984.8, -7, -23
984.9, -7, -23
985, -7, -23
985.1, -7, -23
985.2, -7, -23
985.3, -7, -23
985.4, -7, -23
985.5, -7, -23
985.6, -7, -23
985.7, -7, -23
985.8, -7, -23
985.9, -7, -23
986, -7, -23
986.1, -7, -23
986.2, -7, -23
986.3, -7, -23
986.4, -7, -23
986.5, -7, -23
986.6, -7, -23
986.7, -7, -23
986.8, -7, -23
986.9, -7, -23
987, -7, -23
987.1, -7, -23
987.2, -7, -23
987.3, -7, -23
987.4, -7, -23
987.5, -7, -23
987.6, -7, -23
987.7, -7, -23
987.8, -7, -23
987.9, -7, -23
988, -7, -23
988.1, -7, -23
988.2, -7, -23
988.3, -7, -23
988.4, -7, -23
988.5, -7, -23
988.6, -7, -23
988.7, -7, -23
988.8, -7, -23
988.9, -7, -23
989, -7, -23
989.1, -7, -23
989.2, -7, -23
989.3, -7, -23
989.4, -7, -23
989.5, -7, -23
989.6, -7, -23
989.7, -7, -23
989.8, -7, -23
989.9, -7, -23
990, -7, -23
990.1, -7, -23
990.2, -7, -23
990.3, -7, -23
990.4, -7, -23
990.5, -7, -23
990.6, -7, -23
990.7, -7, -23
990.8, -7, -23
990.9, -7, -23
991, -7, -23
991.1, -7, -23
991.2, -7, -23
991.3, -7, -23
991.4, -7, -23
991.5, -7, -23
991.6, -7, -23
991.7, -7, -23
991.8, -7, -23
991.9, -7, -23
992, -7, -23
992.1, -7, -23
992.2, -7, -23
992.3, -7, -23
992.4, -7, -23
992.5, -7, -23
992.6, -7, -23
992.7, -7, -23
992.8, -7, -23
992.9, -7, -23
993, -7, -23
993.1, -7, -23
993.2, -7, -23
993.3, -7, -22
993.4, -7, -22
993.5, -6, -22
993.6, -6, -22
993.7, -6, -22
993.8, -6, -22
993.9, -6, -22
994, -6, -22
994.1, -6, -22
994.2, -6, -22
994.3, -6, -22
994.4, -6, -22
994.5, -6, -22
994.6, -6, -22
994.7, -6, -22
994.8, -6, -22
994.9, -6, -22
995, -6, -22
995.1, -6, -22
995.2, -6, -22
995.3, -6, -22
995.4, -6, -22
995.5, -6, -22
995.6, -6, -22
995.7, -6, -22
995.8, -6, -22
995.9, -6, -22
996, -6, -22
996.1, -6, -22
996.2, -6, -22
996.3, -6, -22
996.4, -6, -22
996.5, -6, -22
996.6, -6, -22
996.7, -6, -22
996.8, -6, -22
996.9, -6, -22
997, -6, -22
997.1, -6, -22
997.2, -6, -22
997.3, -6, -22
997.4, -6, -22
997.5, -6, -21
997.6, -6, -21
997.7, -6, -21
997.8, -6, -21
997.9, -6, -21
998, -6, -21
998.1, -6, -21
998.2, -6, -21
998.3, -6, -21
998.4, -6, -21
998.5, -6, -21
998.6, -6, -21
998.7, -6, -21
998.8, -6, -21
998.9, -6, -21
999, -6, -21
999.1, -7, -21
999.2, -7, -21
999.3, -7, -21
999.4, -7, -21
999.5, -7, -21
999.6, -7, -21
999.7, -7, -21
999.8, -7, -21
999.9, -7, -21
1000, -7, -21
1000.1, -7, -21
1000.2, -7, -21
1000.3, -7, -21
1000.4, -7, -21
1000.5, -7, -21
1000.6, -7, -21
1000.7, -7, -21
1000.8, -7, -21
1000.9, -7, -21
1001, -7, -21
1001.1, -7, -21
1001.2, -7, -21
1001.3, -7, -21
1001.4, -7, -21
1001.5, -7, -21
1001.6, -7, -21
1001.7, -8, -21
1001.8, -8, -21
1001.9, -8, -21
1002, -8, -21
1002.1, -8, -21
1002.2, -8, -21
1002.3, -8, -21
1002.4, -8, -21
1002.5, -7, -21
1002.6, -7, -21
1002.7, -7, -21
1002.8, -7, -21
1002.9, -7, -21
1003, -7, -21
1003.1, -7, -21
1003.2, -7, -21
1003.3, -7, -21
1003.4, -7, -21
1003.5, -7, -21
1003.6, -7, -21
1003.7, -7, -21
1003.8, -7, -21
1003.9, -7, -21
1004, -7, -21
1004.1, -7, -21
1004.2, -7, -21
1004.3, -7, -21
1004.4, -7, -21
1004.5, -8, -21
1004.6, -8, -21
1004.7, -8, -21
1004.8, -8, -21
1004.9, -8, -21
1005, -8, -21
1005.1, -8, -21
1005.2, -8, -21
1005.3, -8, -21
1005.4, -8, -21
1005.5, -8, -21
1005.6, -8, -21
1005.7, -8, -21
1005.8, -8, -21
1005.9, -8, -21
1006, -8, -21
1006.1, -8, -21
1006.2, -8, -21
1006.3, -8, -21
1006.4, -8, -21
1006.5, -8, -21
1006.6, -8, -21
1006.7, -8, -22
1006.8, -8, -22
1006.9, -8, -22
1007, -8, -22
1007.1, -8, -22
1007.2, -8, -22
1007.3, -8, -22
1007.4, -8, -22
1007.5, -7, -22
1007.6, -7, -22
1007.7, -7, -22
1007.8, -7, -22
1007.9, -7, -22
1008, -7, -22
1008.1, -7, -22
1008.2, -7, -22
1008.3, -7, -22
1008.4, -7, -22
1008.5, -7, -22
1008.6, -7, -22
1008.7, -7, -22
1008.8, -7, -22
1008.9, -7, -22
1009, -7, -22
1009.1, -7, -22
1009.2, -7, -22
1009.3, -7, -22
1009.4, -7, -22
1009.5, -7, -22
1009.6, -7, -22
1009.7, -7, -22
1009.8, -7, -22
1009.9, -7, -22
1010, -7, -22
1010.1, -7, -22
1010.2, -7, -22
1010.3, -7, -22
1010.4, -7, -22
1010.5, -7, -22
1010.6, -7, -22
1010.7, -7, -21
1010.8, -7, -21
1010.9, -7, -21
1011, -7, -21
1011.1, -7, -21
1011.2, -7, -21
1011.3, -7, -21
1011.4, -7, -21
1011.5, -7, -21
1011.6, -7, -21
1011.7, -7, -21
1011.8, -7, -21
1011.9, -7, -21
1012, -7, -21
1012.1, -7, -21
1012.2, -7, -21
1012.3, -7, -21
1012.4, -7, -21
1012.5, -7, -21
1012.6, -7, -21
1012.7, -7, -21
1012.8, -7, -21
1012.9, -7, -21
1013, -7, -21
1013.1, -7, -21
1013.2, -7, -21
1013.3, -7, -21
1013.4, -7, -21
1013.5, -7, -21
1013.6, -7, -21
1013.7, -7, -21
1013.8, -7, -21
1013.9, -7, -21
1014, -7, -21
1014.1, -7, -21
1014.2, -7, -21
1014.3, -7, -21
1014.4, -7, -21
1014.5, -7, -21
1014.6, -7, -21
1014.7, -7, -21
1014.8, -7, -21
1014.9, -7, -21
1015, -7, -21
1015.1, -7, -21
1015.2, -7, -21
1015.3, -6, -21
1015.4, -6, -21
1015.5, -6, -21
1015.6, -6, -21
1015.7, -6, -21
1015.8, -6, -21
1015.9, -6, -21
1016, -6, -21
1016.1, -6, -21
1016.2, -6, -21
1016.3, -6, -21
1016.4, -6, -21
1016.5, -6, -21
1016.6, -6, -21
1016.7, -6, -21
1016.8, -6, -21
1016.9, -6, -21
1017, -6, -21
1017.1, -6, -21
1017.2, -6, -21
1017.3, -6, -21
1017.4, -6, -21
1017.5, -6, -21
1017.6, -6, -21
1017.7, -6, -21
1017.8, -6, -21
1017.9, -6, -21
1018, -6, -21
1018.1, -6, -21
1018.2, -6, -21
1018.3, -6, -21
1018.4, -6, -21
1018.5, -6, -21
1018.6, -6, -21
1018.7, -6, -21
1018.8, -6, -21
1018.9, -6, -21
1019, -6, -21
1019.1, -6, -21
1019.2, -6, -21
1019.3, -6, -21
1019.4, -6, -21
1019.5, -6, -21
1019.6, -6, -21
1019.7, -6, -21
1019.8, -6, -21
1019.9, -6, -21
1020, -6, -21
1020.1, -6, -21
1020.2, -6, -21
1020.3, -6, -21
1020.4, -6, -21
1020.5, -6, -21
1020.6, -6, -21
1020.7, -6, -21
1020.8, -6, -21
1020.9, -6, -21
1021, -6, -21
1021.1, -6, -21
1021.2, -6, -21
1021.3, -6, -21
1021.4, -6, -21
1021.5, -6, -21
1021.6, -6, -21
1021.7, -6, -21
1021.8, -6, -21
1021.9, -6, -21
1022, -6, -21
1022.1, -6, -21
1022.2, -6, -21
1022.3, -6, -20
1022.4, -6, -20
1022.5, -6, -20
1022.6, -6, -20
1022.7, -6, -20
1022.8, -6, -20
1022.9, -6, -20
1023, -6, -20
1023.1, -6, -20
1023.2, -6, -20
1023.3, -6, -20
1023.4, -6, -20
1023.5, -6, -20
1023.6, -6, -20
1023.7, -6, -20
1023.8, -6, -20
1023.9, -6, -20
1024, -6, -20
1024.1, -6, -20
1024.2, -6, -20
1024.3, -6, -20
1024.4, -6, -20
1024.5, -7, -20
1024.6, -7, -20
1024.7, -7, -20
1024.8, -7, -20
1024.9, -7, -20
1025, -7, -20
1025.1, -7, -20
1025.2, -7, -20
1025.3, -7, -20
1025.4, -7, -20
1025.5, -7, -20
1025.6, -7, -20
1025.7, -7, -21
1025.8, -7, -21
1025.9, -7, -21
1026, -7, -21
1026.1, -7, -21
1026.2, -7, -21
1026.3, -7, -21
1026.4, -7, -21
1026.5, -7, -21
1026.6, -7, -21
1026.7, -8, -21
1026.8, -8, -21
1026.9, -8, -21
1027, -8, -21
1027.1, -8, -21
1027.2, -8, -21
1027.3, -8, -21
1027.4, -8, -21
1027.5, -8, -21
1027.6, -8, -21
1027.7, -8, -22
1027.8, -8, -22
1027.9, -8, -21
1028, -8, -21
1028.1, -8, -21
1028.2, -8, -21
1028.3, -8, -21
1028.4, -8, -21
1028.5, -8, -21
1028.6, -8, -21
1028.7, -8, -21
1028.8, -8, -21
1028.9, -8, -21
1029, -8, -21
1029.1, -8, -21
1029.2, -8, -21
1029.3, -8, -21
1029.4, -8, -21
1029.5, -8, -21
1029.6, -8, -21
1029.7, -8, -21
1029.8, -8, -21
1029.9, -8, -21
1030, -8, -21
1030.1, -8, -21
1030.2, -8, -21
1030.3, -8, -21
1030.4, -8, -21
1030.5, -8, -21
1030.6, -8, -21
1030.7, -8, -21
1030.8, -8, -21
1030.9, -8, -21
1031, -8, -21
1031.1, -8, -21
1031.2, -8, -21
1031.3, -8, -21
1031.4, -8, -21
1031.5, -8, -21
1031.6, -8, -21
1031.7, -8, -21
1031.8, -8, -21
1031.9, -8, -21
1032, -8, -21
1032.1, -8, -21
1032.2, -8, -21
1032.3, -8, -21
1032.4, -8, -21
1032.5, -8, -21
1032.6, -8, -21
1032.7, -8, -21
1032.8, -8, -21
1032.9, -8, -21
1033, -8, -21
1033.1, -8, -21
1033.2, -8, -21
1033.3, -8, -21
1033.4, -8, -21
1033.5, -8, -21
1033.6, -8, -21
1033.7, -8, -21
1033.8, -8, -21
1033.9, -8, -21
1034, -8, -21
1034.1, -8, -21
1034.2, -8, -21
1034.3, -8, -21
1034.4, -8, -21
1034.5, -8, -21
1034.6, -8, -21
1034.7, -8, -21
1034.8, -8, -21
1034.9, -8, -21
1035, -8, -21
1035.1, -8, -21
1035.2, -8, -21
1035.3, -8, -21
1035.4, -8, -21
1035.5, -8, -21
1035.6, -8, -21
1035.7, -8, -21
1035.8, -8, -21
1035.9, -8, -21
1036, -8, -21
1036.1, -8, -21
1036.2, -8, -21
1036.3, -8, -21
1036.4, -8, -21
1036.5, -8, -21
1036.6, -8, -21
1036.7, -8, -21
1036.8, -8, -21
1036.9, -8, -21
1037, -8, -21
1037.1, -7, -21
1037.2, -7, -21
1037.3, -7, -21
1037.4, -7, -21
1037.5, -7, -21
1037.6, -7, -21
1037.7, -7, -21
1037.8, -7, -21
1037.9, -7, -21
1038, -7, -21
1038.1, -7, -21
1038.2, -7, -21
1038.3, -7, -21
1038.4, -7, -21
1038.5, -7, -20
1038.6, -7, -20
1038.7, -7, -19
1038.8, -7, -19
1038.9, -7, -19
1039, -7, -19
1039.1, -7, -19
1039.2, -7, -19
1039.3, -7, -19
1039.4, -7, -19
1039.5, -7, -19
1039.6, -7, -19
1039.7, -7, -19
1039.8, -7, -19
1039.9, -7, -19
1040, -7, -19
1040.1, -7, -19
1040.2, -7, -19
1040.3, -7, -19
1040.4, -7, -19
1040.5, -7, -19
1040.6, -7, -19
1040.7, -7, -19
1040.8, -7, -19
1040.9, -7, -19
1041, -7, -19
1041.1, -7, -19
1041.2, -7, -19
1041.3, -7, -19
1041.4, -7, -19
1041.5, -7, -19
1041.6, -7, -19
1041.7, -7, -19
1041.8, -7, -19
1041.9, -7, -19
1042, -7, -19
1042.1, -7, -19
1042.2, -7, -19
1042.3, -7, -19
1042.4, -7, -19
1042.5, -6, -19
1042.6, -6, -19
1042.7, -6, -19
1042.8, -6, -19
1042.9, -6, -19
1043, -6, -19
1043.1, -6, -19
1043.2, -6, -19
1043.3, -6, -19
1043.4, -6, -19
1043.5, -6, -19
1043.6, -6, -19
1043.7, -6, -19
1043.8, -6, -19
1043.9, -6, -20
1044, -6, -20
1044.1, -6, -20
1044.2, -6, -20
1044.3, -6, -21
1044.4, -6, -21
1044.5, -6, -21
1044.6, -6, -21
1044.7, -6, -21
1044.8, -6, -21
1044.9, -6, -21
1045, -6, -21
1045.1, -6, -21
1045.2, -6, -21
1045.3, -6, -21
1045.4, -6, -21
1045.5, -6, -21
1045.6, -6, -21
1045.7, -6, -21
1045.8, -6, -21
1045.9, -6, -22
1046, -6, -22
1046.1, -6, -22
1046.2, -6, -22
1046.3, -6, -22
1046.4, -6, -22
1046.5, -6, -22
1046.6, -6, -22
1046.7, -6, -22
1046.8, -6, -22
1046.9, -6, -22
1047, -6, -22
1047.1, -6, -22
1047.2, -6, -22
1047.3, -6, -22
1047.4, -6, -22
1047.5, -6, -22
1047.6, -6, -22
1047.7, -6, -21
1047.8, -6, -21
1047.9, -6, -21
1048, -6, -21
1048.1, -6, -21
1048.2, -6, -21
1048.3, -6, -21
1048.4, -6, -21
1048.5, -6, -21
1048.6, -6, -21
1048.7, -6, -21
1048.8, -6, -21
1048.9, -6, -21
1049, -6, -21
1049.1, -6, -21
1049.2, -6, -21
1049.3, -6, -21
1049.4, -6, -21
1049.5, -6, -21
1049.6, -6, -21
1049.7, -6, -21
1049.8, -6, -21
1049.9, -6, -21
1050, -6, -21
1050.1, -6, -21
1050.2, -6, -21
1050.3, -6, -21
1050.4, -6, -21
1050.5, -6, -21
1050.6, -6, -21
1050.7, -6, -21
1050.8, -6, -21
1050.9, -6, -21
1051, -6, -21
1051.1, -6, -21
1051.2, -6, -21
1051.3, -6, -21
1051.4, -6, -21
1051.5, -6, -21
1051.6, -6, -21
1051.7, -6, -21
1051.8, -6, -21
1051.9, -6, -21
1052, -6, -21
1052.1, -6, -21
1052.2, -6, -21
1052.3, -6, -21
1052.4, -6, -21
1052.5, -6, -21
1052.6, -6, -21
1052.7, -6, -21
1052.8, -6, -21
1052.9, -6, -21
1053, -6, -21
1053.1, -6, -20
1053.2, -6, -20
1053.3, -6, -20
1053.4, -6, -20
1053.5, -6, -20
1053.6, -6, -20
1053.7, -6, -20
1053.8, -6, -20
1053.9, -6, -20
1054, -6, -20
1054.1, -6, -20
1054.2, -6, -20
1054.3, -6, -20
1054.4, -6, -20
1054.5, -6, -20
1054.6, -6, -20
1054.7, -6, -20
1054.8, -6, -20
1054.9, -6, -20
1055, -6, -20
1055.1, -6, -20
1055.2, -6, -20
1055.3, -6, -20
1055.4, -6, -20
1055.5, -6, -20
1055.6, -6, -20
1055.7, -6, -20
1055.8, -6, -20
1055.9, -6, -20
1056, -6, -20
1056.1, -6, -20
1056.2, -6, -20
1056.3, -6, -20
1056.4, -6, -20
1056.5, -6, -20
1056.6, -6, -20
1056.7, -6, -21
1056.8, -6, -21
1056.9, -6, -21
1057, -6, -21
1057.1, -6, -21
1057.2, -6, -21
1057.3, -6, -21
1057.4, -6, -21
1057.5, -6, -21
1057.6, -6, -21
1057.7, -6, -21
1057.8, -6, -21
1057.9, -7, -21
1058, -7, -21
1058.1, -7, -21
1058.2, -7, -21
1058.3, -7, -21
1058.4, -7, -21
1058.5, -7, -21
1058.6, -7, -21
1058.7, -7, -21
1058.8, -7, -21
1058.9, -7, -21
1059, -7, -21
1059.1, -7, -21
1059.2, -7, -21
1059.3, -7, -21
1059.4, -7, -21
1059.5, -7, -21
1059.6, -7, -21
1059.7, -7, -21
1059.8, -7, -21
1059.9, -7, -21
1060, -7, -21
1060.1, -7, -21
1060.2, -7, -21
1060.3, -7, -21
1060.4, -7, -21
1060.5, -7, -21
1060.6, -7, -21
1060.7, -7, -21
1060.8, -7, -21
1060.9, -7, -21
1061, -7, -21
1061.1, -8, -21
1061.2, -8, -21
1061.3, -8, -21
1061.4, -8, -21
1061.5, -8, -21
1061.6, -8, -21
1061.7, -8, -21
1061.8, -8, -21
1061.9, -8, -21
1062, -8, -21
1062.1, -8, -20
1062.2, -8, -20
1062.3, -8, -20
1062.4, -8, -20
1062.5, -8, -19
1062.6, -8, -19
1062.7, -8, -19
1062.8, -8, -19
1062.9, -8, -19
1063, -8, -19
1063.1, -8, -19
1063.2, -8, -19
1063.3, -8, -19
1063.4, -8, -19
1063.5, -8, -19
1063.6, -8, -19
1063.7, -8, -19
1063.8, -8, -19
1063.9, -8, -19
1064, -8, -19
1064.1, -8, -19
1064.2, -8, -19
1064.3, -8, -19
1064.4, -8, -19
1064.5, -8, -19
1064.6, -8, -19
1064.7, -8, -19
1064.8, -8, -19
1064.9, -8, -19
1065, -8, -19
1065.1, -8, -19
1065.2, -8, -19
1065.3, -8, -19
1065.4, -8, -19
1065.5, -8, -19
1065.6, -8, -19
1065.7, -8, -19
1065.8, -8, -19
1065.9, -8, -19
1066, -8, -19
1066.1, -8, -19
1066.2, -8, -19
1066.3, -8, -19
1066.4, -8, -19
1066.5, -8, -19
1066.6, -8, -19
1066.7, -8, -19
1066.8, -8, -19
1066.9, -8, -19
1067, -8, -19
1067.1, -8, -19
1067.2, -8, -19
1067.3, -8, -19
1067.4, -8, -19
1067.5, -8, -19
1067.6, -8, -19
1067.7, -8, -19
1067.8, -8, -19
1067.9, -8, -19
1068, -8, -19
1068.1, -8, -19
1068.2, -8, -19
1068.3, -8, -19
1068.4, -8, -19
1068.5, -8, -19
1068.6, -8, -19
1068.7, -8, -19
1068.8, -8, -19
1068.9, -8, -19
1069, -8, -19
1069.1, -8, -19
1069.2, -8, -19
1069.3, -8, -19
1069.4, -8, -19
1069.5, -8, -19
1069.6, -8, -19
1069.7, -8, -19
1069.8, -8, -19
1069.9, -8, -19
1070, -8, -19
1070.1, -8, -19
1070.2, -8, -19
1070.3, -8, -19
1070.4, -8, -19
1070.5, -8, -19
1070.6, -8, -19
1070.7, -8, -19
1070.8, -8, -19
1070.9, -8, -19
1071, -8, -19
1071.1, -8, -19
1071.2, -8, -19
1071.3, -9, -19
1071.4, -9, -19
1071.5, -9, -19
1071.6, -9, -19
1071.7, -9, -19
1071.8, -9, -19
1071.9, -9, -19
1072, -9, -19
1072.1, -9, -19
1072.2, -9, -19
1072.3, -9, -19
1072.4, -9, -19
1072.5, -9, -19
1072.6, -9, -19
1072.7, -9, -19
1072.8, -9, -19
1072.9, -9, -19
1073, -9, -19
1073.1, -9, -19
1073.2, -9, -19
1073.3, -9, -19
1073.4, -9, -19
1073.5, -9, -19
1073.6, -9, -19
1073.7, -9, -19
1073.8, -9, -19
1073.9, -9, -19
1074, -9, -19
1074.1, -8, -19
1074.2, -8, -19
1074.3, -8, -19
1074.4, -8, -19
1074.5, -8, -19
1074.6, -8, -19
1074.7, -8, -19
1074.8, -8, -19
1074.9, -8, -19
1075, -8, -19
1075.1, -8, -20
1075.2, -8, -20
1075.3, -8, -20
1075.4, -8, -20
1075.5, -8, -20
1075.6, -8, -20
1075.7, -8, -20
1075.8, -8, -20
1075.9, -8, -20
1076, -8, -20
1076.1, -8, -20
1076.2, -8, -20
1076.3, -8, -20
1076.4, -8, -20
1076.5, -8, -20
1076.6, -8, -20
1076.7, -8, -20
1076.8, -8, -20
1076.9, -8, -20
1077, -8, -20
1077.1, -8, -20
1077.2, -8, -20
1077.3, -8, -20
1077.4, -8, -20
1077.5, -8, -20
1077.6, -8, -20
1077.7, -8, -20
1077.8, -8, -20
1077.9, -8, -20
1078, -8, -20
1078.1, -8, -20
1078.2, -8, -20
1078.3, -8, -20
1078.4, -8, -20
1078.5, -8, -20
1078.6, -8, -20
1078.7, -8, -20
1078.8, -8, -20
1078.9, -8, -20
1079, -8, -20
1079.1, -8, -20
1079.2, -8, -20
1079.3, -8, -20
1079.4, -8, -20
1079.5, -8, -20
1079.6, -8, -20
1079.7, -8, -20
1079.8, -8, -20
1079.9, -8, -20
1080, -8, -20
1080.1, -8, -20
1080.2, -8, -20
1080.3, -8, -20
1080.4, -8, -20
1080.5, -8, -20
1080.6, -8, -20
1080.7, -8, -20
1080.8, -8, -20
1080.9, -8, -20
1081, -8, -20
1081.1, -8, -20
1081.2, -8, -20
1081.3, -8, -20
1081.4, -8, -20
1081.5, -8, -20
1081.6, -8, -20
1081.7, -8, -20
1081.8, -8, -20
1081.9, -7, -20
1082, -7, -20
1082.1, -8, -20
1082.2, -8, -20
1082.3, -8, -20
1082.4, -8, -20
1082.5, -8, -20
1082.6, -8, -20
1082.7, -8, -20
1082.8, -8, -20
1082.9, -8, -20
1083, -8, -20
1083.1, -8, -20
1083.2, -8, -20
1083.3, -8, -20
1083.4, -8, -20
1083.5, -8, -20
1083.6, -8, -20
1083.7, -8, -20
1083.8, -8, -20
1083.9, -8, -20
1084, -8, -20
1084.1, -8, -20
1084.2, -8, -20
1084.3, -8, -20
1084.4, -8, -20
1084.5, -8, -20
1084.6, -8, -20
1084.7, -8, -20
1084.8, -8, -20
1084.9, -8, -20
1085, -8, -20
1085.1, -8, -20
1085.2, -8, -20
1085.3, -8, -20
1085.4, -8, -20
1085.5, -8, -20
1085.6, -8, -20
1085.7, -8, -21
1085.8, -8, -21
1085.9, -8, -21
1086, -8, -21
1086.1, -8, -21
1086.2, -8, -21
1086.3, -8, -21
1086.4, -8, -21
1086.5, -8, -21
1086.6, -8, -21
1086.7, -8, -21
1086.8, -8, -21
1086.9, -8, -21
1087, -8, -21
1087.1, -8, -21
1087.2, -8, -21
1087.3, -8, -21
1087.4, -8, -21
1087.5, -8, -21
1087.6, -8, -21
1087.7, -8, -21
1087.8, -8, -21
1087.9, -8, -21
1088, -8, -21
1088.1, -8, -21
1088.2, -8, -21
1088.3, -8, -21
1088.4, -8, -21
1088.5, -8, -21
1088.6, -8, -21
1088.7, -8, -21
1088.8, -8, -21
1088.9, -9, -21
1089, -9, -21
1089.1, -9, -21
1089.2, -9, -21
1089.3, -9, -21
1089.4, -9, -21
1089.5, -9, -21
1089.6, -9, -21
1089.7, -9, -21
1089.8, -9, -21
1089.9, -9, -21
1090, -9, -21
1090.1, -9, -21
1090.2, -9, -21
1090.3, -9, -21
1090.4, -9, -21
1090.5, -9, -21
1090.6, -9, -21
1090.7, -9, -21
1090.8, -9, -21
1090.9, -9, -21
1091, -9, -21
1091.1, -9, -21
1091.2, -9, -21
1091.3, -9, -21
1091.4, -9, -21
1091.5, -9, -21
1091.6, -9, -21
1091.7, -9, -21
1091.8, -9, -21
1091.9, -9, -21
1092, -9, -21
1092.1, -9, -21
1092.2, -9, -21
1092.3, -9, -21
1092.4, -9, -21
1092.5, -9, -21
1092.6, -9, -21
1092.7, -9, -21
1092.8, -9, -21
1092.9, -9, -21
1093, -9, -21
1093.1, -9, -21
1093.2, -9, -21
1093.3, -9, -21
1093.4, -9, -21
1093.5, -9, -21
1093.6, -9, -21
1093.7, -9, -21
1093.8, -9, -21
1093.9, -9, -21
1094, -9, -21
1094.1, -10, -21
1094.2, -10, -21
1094.3, -10, -21
1094.4, -10, -21
1094.5, -10, -21
1094.6, -10, -21
1094.7, -10, -22
1094.8, -10, -22
1094.9, -10, -22
1095, -10, -22
1095.1, -10, -22
1095.2, -10, -22
1095.3, -10, -22
1095.4, -10, -22
1095.5, -10, -22
1095.6, -10, -22
1095.7, -10, -22
1095.8, -10, -22
1095.9, -10, -22
1096, -10, -22
1096.1, -10, -23
1096.2, -10, -23
1096.3, -10, -23
1096.4, -10, -23
1096.5, -10, -23
1096.6, -10, -23
1096.7, -10, -22
1096.8, -10, -22
1096.9, -10, -22
1097, -10, -22
1097.1, -10, -22
1097.2, -10, -22
1097.3, -10, -22
1097.4, -10, -22
1097.5, -10, -22
1097.6, -10, -22
1097.7, -10, -22
1097.8, -10, -22
1097.9, -10, -21
1098, -10, -21
1098.1, -10, -21
1098.2, -10, -21
1098.3, -10, -21
1098.4, -10, -21
1098.5, -10, -21
1098.6, -10, -21
1098.7, -10, -21
1098.8, -10, -21
1098.9, -10, -21
1099, -10, -21
1099.1, -10, -21
1099.2, -10, -21
1099.3, -10, -21
1099.4, -10, -21
1099.5, -10, -21
1099.6, -10, -21
1099.7, -10, -21
1099.8, -10, -21
1099.9, -9, -21
1100, -9, -21
1100.1, -9, -21
1100.2, -9, -21
1100.3, -9, -21
1100.4, -9, -21
1100.5, -9, -21
1100.6, -9, -21
1100.7, -9, -21
1100.8, -9, -21
1100.9, -9, -21
1101, -9, -21
1101.1, -9, -21
1101.2, -9, -21
1101.3, -9, -21
1101.4, -9, -21
1101.5, -9, -21
1101.6, -9, -21
1101.7, -9, -21
1101.8, -9, -21
1101.9, -9, -21
1102, -9, -21
1102.1, -9, -21
1102.2, -9, -21
1102.3, -9, -21
1102.4, -9, -21
1102.5, -9, -21
1102.6, -9, -21
1102.7, -9, -21
1102.8, -9, -21
1102.9, -9, -21
1103, -9, -21
1103.1, -9, -21
1103.2, -9, -21
1103.3, -9, -21
1103.4, -9, -21
1103.5, -9, -21
1103.6, -9, -21
1103.7, -9, -21
1103.8, -9, -21
1103.9, -9, -21
1104, -9, -21
1104.1, -9, -21
1104.2, -9, -21
1104.3, -9, -21
1104.4, -9, -21
1104.5, -9, -21
1104.6, -9, -21
1104.7, -9, -21
1104.8, -9, -21
1104.9, -9, -22
1105, -9, -22
1105.1, -9, -21
1105.2, -9, -21
1105.3, -9, -21
1105.4, -9, -21
1105.5, -9, -21
1105.6, -9, -21
1105.7, -9, -21
1105.8, -9, -21
1105.9, -9, -21
1106, -9, -21
1106.1, -9, -21
1106.2, -9, -21
1106.3, -9, -21
1106.4, -9, -21
1106.5, -9, -21
1106.6, -9, -21
1106.7, -9, -21
1106.8, -9, -21
1106.9, -9, -21
1107, -9, -21
1107.1, -9, -21
1107.2, -9, -21
1107.3, -9, -21
1107.4, -9, -21
1107.5, -9, -21
1107.6, -9, -21
1107.7, -9, -21
1107.8, -9, -21
1107.9, -9, -21
1108, -9, -21
1108.1, -9, -21
1108.2, -9, -21
1108.3, -9, -21
1108.4, -9, -21
1108.5, -9, -21
1108.6, -9, -21
1108.7, -9, -21
1108.8, -9, -21
1108.9, -9, -21
1109, -9, -21
1109.1, -9, -21
1109.2, -9, -21
1109.3, -9, -21
1109.4, -9, -21
1109.5, -9, -21
1109.6, -9, -21
1109.7, -9, -21
1109.8, -9, -21
1109.9, -9, -21
1110, -9, -21
1110.1, -9, -21
1110.2, -9, -21
1110.3, -9, -21
1110.4, -9, -21
1110.5, -9, -21
1110.6, -9, -21
1110.7, -9, -21
1110.8, -9, -21
1110.9, -9, -20
1111, -9, -20
1111.1, -9, -20
1111.2, -9, -20
1111.3, -9, -20
1111.4, -9, -20
1111.5, -9, -20
1111.6, -9, -20
1111.7, -9, -20
1111.8, -9, -20
1111.9, -9, -20
1112, -9, -20
1112.1, -9, -20
1112.2, -9, -20
1112.3, -9, -20
1112.4, -9, -20
1112.5, -9, -20
1112.6, -9, -20
1112.7, -9, -20
1112.8, -9, -20
1112.9, -9, -20
1113, -9, -20
1113.1, -9, -20
1113.2, -9, -20
1113.3, -9, -20
1113.4, -9, -20
1113.5, -9, -20
1113.6, -9, -20
1113.7, -9, -19
1113.8, -9, -19
1113.9, -9, -19
1114, -9, -19
1114.1, -9, -19
1114.2, -9, -19
1114.3, -9, -19
1114.4, -9, -19
1114.5, -9, -19
1114.6, -9, -19
1114.7, -9, -19
1114.8, -9, -19
1114.9, -9, -19
1115, -9, -19
1115.1, -9, -19
1115.2, -9, -19
1115.3, -9, -19
1115.4, -9, -19
1115.5, -9, -19
1115.6, -9, -19
1115.7, -9, -19
1115.8, -9, -19
1115.9, -9, -19
1116, -9, -19
1116.1, -9, -20
1116.2, -9, -20
1116.3, -9, -20
1116.4, -9, -20
1116.5, -9, -20
1116.6, -9, -20
1116.7, -9, -20
1116.8, -9, -20
1116.9, -9, -20
1117, -9, -20
1117.1, -9, -20
1117.2, -9, -20
1117.3, -9, -20
1117.4, -9, -20
1117.5, -9, -20
1117.6, -9, -20
1117.7, -9, -20
1117.8, -9, -20
1117.9, -9, -20
1118, -9, -20
1118.1, -9, -20
1118.2, -9, -20
1118.3, -9, -20
1118.4, -9, -20
1118.5, -9, -20
1118.6, -9, -20
1118.7, -9, -20
1118.8, -9, -20
1118.9, -9, -20
1119, -9, -20
1119.1, -8, -20
1119.2, -8, -20
1119.3, -8, -20
1119.4, -8, -20
1119.5, -8, -20
1119.6, -8, -20
1119.7, -8, -20
1119.8, -8, -20
1119.9, -8, -20
1120, -8, -20
1120.1, -8, -20
1120.2, -8, -20
1120.3, -8, -20
1120.4, -8, -20
1120.5, -8, -20
1120.6, -8, -20
1120.7, -8, -20
1120.8, -8, -20
1120.9, -8, -20
1121, -8, -20
1121.1, -8, -20
1121.2, -8, -20
1121.3, -8, -20
1121.4, -8, -20
1121.5, -8, -20
1121.6, -8, -20
1121.7, -8, -20
1121.8, -8, -20
1121.9, -8, -20
1122, -8, -20
1122.1, -9, -20
1122.2, -9, -20
1122.3, -9, -20
1122.4, -9, -20
1122.5, -9, -20
1122.6, -9, -20
1122.7, -9, -20
1122.8, -9, -20
1122.9, -9, -20
1123, -9, -20
1123.1, -9, -20
1123.2, -9, -20
1123.3, -9, -20
1123.4, -9, -20
1123.5, -9, -20
1123.6, -9, -20
1123.7, -9, -20
1123.8, -9, -20
1123.9, -9, -20
1124, -9, -20
1124.1, -9, -20
1124.2, -9, -20
1124.3, -9, -20
1124.4, -9, -20
1124.5, -9, -20
1124.6, -9, -20
1124.7, -9, -20
1124.8, -9, -20
1124.9, -9, -20
1125, -9, -20
1125.1, -9, -20
1125.2, -9, -20
1125.3, -9, -20
1125.4, -9, -20
1125.5, -9, -20
1125.6, -9, -20
1125.7, -9, -20
1125.8, -9, -20
1125.9, -9, -20
1126, -9, -20
1126.1, -9, -20
1126.2, -9, -20
1126.3, -9, -20
1126.4, -9, -20
1126.5, -9, -20
1126.6, -9, -20
1126.7, -9, -20
1126.8, -9, -20
1126.9, -9, -20
1127, -9, -20
1127.1, -9, -20
1127.2, -9, -20
1127.3, -9, -20
1127.4, -9, -20
1127.5, -9, -20
1127.6, -9, -20
1127.7, -9, -20
1127.8, -9, -20
1127.9, -9, -20
1128, -9, -20
1128.1, -9, -20
1128.2, -9, -20
1128.3, -9, -20
1128.4, -9, -20
1128.5, -9, -20
1128.6, -9, -20
1128.7, -9, -20
1128.8, -9, -20
1128.9, -9, -20
1129, -9, -20
1129.1, -9, -20
1129.2, -9, -20
1129.3, -10, -20
1129.4, -10, -20
1129.5, -10, -20
1129.6, -10, -20
1129.7, -10, -20
1129.8, -10, -20
1129.9, -10, -20
1130, -10, -20
1130.1, -10, -21
1130.2, -10, -21
1130.3, -10, -21
1130.4, -10, -21
1130.5, -10, -21
1130.6, -10, -21
1130.7, -10, -21
1130.8, -10, -21
1130.9, -10, -21
1131, -10, -21
1131.1, -10, -21
1131.2, -10, -21
1131.3, -10, -21
1131.4, -10, -21
1131.5, -10, -21
1131.6, -10, -21
1131.7, -10, -21
1131.8, -10, -21
1131.9, -10, -21
1132, -10, -21
1132.1, -10, -21
1132.2, -10, -21
1132.3, -10, -21
1132.4, -10, -21
1132.5, -10, -21
1132.6, -10, -21
1132.7, -10, -21
1132.8, -10, -21
1132.9, -10, -21
1133, -10, -21
1133.1, -10, -21
1133.2, -10, -21
1133.3, -10, -21
1133.4, -10, -21
1133.5, -10, -21
1133.6, -10, -21
1133.7, -10, -21
1133.8, -10, -21
1133.9, -10, -21
1134, -10, -21
1134.1, -10, -22
1134.2, -10, -22
1134.3, -10, -22
1134.4, -10, -22
1134.5, -10, -22
1134.6, -10, -22
1134.7, -10, -22
1134.8, -10, -22
1134.9, -10, -22
1135, -10, -22
1135.1, -10, -22
1135.2, -10, -22
1135.3, -10, -22
1135.4, -10, -22
1135.5, -10, -22
1135.6, -10, -22
1135.7, -10, -22
1135.8, -10, -22
1135.9, -10, -22
1136, -10, -22
1136.1, -10, -22
1136.2, -10, -22
1136.3, -10, -22
1136.4, -10, -22
1136.5, -10, -22
1136.6, -10, -22
1136.7, -10, -22
1136.8, -10, -22
1136.9, -10, -22
1137, -10, -22
1137.1, -10, -22
1137.2, -10, -22
1137.3, -9, -22
1137.4, -9, -22
1137.5, -10, -22
1137.6, -10, -22
1137.7, -10, -22
1137.8, -10, -22
1137.9, -10, -22
1138, -10, -22
1138.1, -10, -22
1138.2, -10, -22
1138.3, -10, -22
1138.4, -10, -22
1138.5, -10, -23
1138.6, -10, -23
1138.7, -10, -23
1138.8, -10, -23
1138.9, -10, -23
1139, -10, -23
1139.1, -10, -23
1139.2, -10, -23
1139.3, -10, -23
1139.4, -10, -23
1139.5, -10, -23
1139.6, -10, -23
1139.7, -10, -23
1139.8, -10, -23
1139.9, -10, -23
1140, -10, -23
1140.1, -10, -23
1140.2, -10, -23
1140.3, -10, -23
1140.4, -10, -23
1140.5, -10, -23
1140.6, -10, -23
1140.7, -10, -23
1140.8, -10, -23
1140.9, -10, -23
1141, -10, -23
1141.1, -11, -23
1141.2, -11, -23
1141.3, -11, -23
1141.4, -11, -23
1141.5, -11, -23
1141.6, -11, -23
1141.7, -11, -23
1141.8, -11, -23
1141.9, -11, -23
1142, -11, -23
1142.1, -11, -23
1142.2, -11, -23
1142.3, -11, -23
1142.4, -11, -23
1142.5, -11, -23
1142.6, -11, -23
1142.7, -11, -23
1142.8, -11, -23
1142.9, -11, -23
1143, -11, -23
1143.1, -11, -23
1143.2, -11, -23
1143.3, -11, -23
1143.4, -11, -23
1143.5, -11, -23
1143.6, -11, -23
1143.7, -11, -23
1143.8, -11, -23
1143.9, -10, -23
1144, -10, -23
1144.1, -10, -23
1144.2, -10, -23
1144.3, -10, -23
1144.4, -10, -23
1144.5, -10, -23
1144.6, -10, -23
1144.7, -10, -24
1144.8, -10, -24
1144.9, -10, -24
1145, -10, -24
1145.1, -10, -24
1145.2, -10, -24
1145.3, -10, -25
1145.4, -10, -25
1145.5, -11, -25
1145.6, -11, -25
1145.7, -11, -25
1145.8, -11, -25
1145.9, -11, -25
1146, -11, -25
1146.1, -11, -25
1146.2, -11, -25
1146.3, -11, -25
1146.4, -11, -25
1146.5, -11, -25
1146.6, -11, -25
1146.7, -11, -25
1146.8, -11, -25
1146.9, -11, -25
1147, -11, -25
1147.1, -11, -25
1147.2, -11, -25
1147.3, -11, -25
1147.4, -11, -25
1147.5, -12, -25
1147.6, -12, -25
1147.7, -12, -25
1147.8, -12, -25
1147.9, -12, -25
1148, -12, -25
1148.1, -12, -25
1148.2, -12, -25
1148.3, -12, -25
1148.4, -12, -25
1148.5, -12, -25
1148.6, -12, -25
1148.7, -12, -25
1148.8, -12, -25
1148.9, -12, -25
1149, -12, -25
1149.1, -12, -24
1149.2, -12, -24
1149.3, -12, -24
1149.4, -12, -24
1149.5, -12, -24
1149.6, -12, -24
1149.7, -12, -24
1149.8, -12, -24
1149.9, -12, -24
1150, -12, -24
1150.1, -12, -23
1150.2, -12, -23
1150.3, -12, -23
1150.4, -12, -23
1150.5, -12, -24
1150.6, -12, -24
1150.7, -12, -24
1150.8, -12, -24
1150.9, -12, -24
1151, -12, -24
1151.1, -12, -24
1151.2, -12, -24
1151.3, -12, -24
1151.4, -12, -24
1151.5, -12, -24
1151.6, -12, -24
1151.7, -12, -24
1151.8, -12, -24
1151.9, -12, -24
1152, -12, -24
1152.1, -12, -24
1152.2, -12, -24
1152.3, -12, -24
1152.4, -12, -24
1152.5, -11, -24
1152.6, -11, -24
1152.7, -11, -24
1152.8, -11, -24
1152.9, -11, -24
1153, -11, -24
1153.1, -11, -24
1153.2, -11, -24
1153.3, -11, -24
1153.4, -11, -24
1153.5, -11, -24
1153.6, -11, -24
1153.7, -11, -24
1153.8, -11, -24
1153.9, -11, -24
1154, -11, -24
1154.1, -11, -24
1154.2, -11, -24
1154.3, -11, -24
1154.4, -11, -24
1154.5, -12, -24
1154.6, -12, -24
1154.7, -12, -24
1154.8, -12, -24
1154.9, -12, -24
1155, -12, -24
1155.1, -12, -25
1155.2, -12, -25
1155.3, -12, -25
1155.4, -12, -25
1155.5, -12, -25
1155.6, -12, -25
1155.7, -12, -25
1155.8, -12, -25
1155.9, -12, -25
1156, -12, -25
1156.1, -12, -25
1156.2, -12, -25
1156.3, -12, -25
1156.4, -12, -25
1156.5, -12, -25
1156.6, -12, -25
1156.7, -12, -25
1156.8, -12, -25
1156.9, -12, -25
1157, -12, -25
1157.1, -12, -25
1157.2, -12, -25
1157.3, -12, -25
1157.4, -12, -25
1157.5, -12, -25
1157.6, -12, -25
1157.7, -12, -24
1157.8, -12, -24
1157.9, -12, -24
1158, -12, -24
1158.1, -12, -24
1158.2, -12, -24
1158.3, -12, -25
1158.4, -12, -25
1158.5, -12, -25
1158.6, -12, -25
1158.7, -12, -25
1158.8, -12, -25
1158.9, -12, -25
1159, -12, -25
1159.1, -12, -25
1159.2, -12, -25
1159.3, -12, -25
1159.4, -12, -25
1159.5, -12, -25
1159.6, -12, -25
1159.7, -12, -25
1159.8, -12, -25
1159.9, -12, -25
1160, -12, -25
1160.1, -12, -25
1160.2, -12, -25
1160.3, -12, -25
1160.4, -12, -25
1160.5, -12, -25
1160.6, -12, -25
1160.7, -12, -25
1160.8, -12, -25
1160.9, -12, -25
1161, -12, -25
1161.1, -12, -25
1161.2, -12, -25
1161.3, -12, -25
1161.4, -12, -25
1161.5, -12, -25
1161.6, -12, -25
1161.7, -12, -24
1161.8, -12, -24
1161.9, -12, -25
1162, -12, -25
1162.1, -12, -24
1162.2, -12, -24
1162.3, -12, -24
1162.4, -12, -24
1162.5, -12, -24
1162.6, -12, -24
1162.7, -12, -24
1162.8, -12, -24
1162.9, -12, -24
1163, -12, -24
1163.1, -12, -24
1163.2, -12, -24
1163.3, -12, -24
1163.4, -12, -24
1163.5, -12, -24
1163.6, -12, -24
1163.7, -12, -24
1163.8, -12, -24
1163.9, -12, -24
1164, -12, -24
1164.1, -12, -24
1164.2, -12, -24
1164.3, -12, -24
1164.4, -12, -24
1164.5, -12, -24
1164.6, -12, -24
1164.7, -12, -24
1164.8, -12, -24
1164.9, -12, -24
1165, -12, -24
1165.1, -12, -24
1165.2, -12, -24
1165.3, -12, -24
1165.4, -12, -24
1165.5, -12, -24
1165.6, -12, -24
1165.7, -12, -24
1165.8, -12, -24
1165.9, -12, -24
1166, -12, -24
1166.1, -12, -24
1166.2, -12, -24
1166.3, -12, -24
1166.4, -12, -24
1166.5, -12, -24
1166.6, -12, -24
1166.7, -12, -24
1166.8, -12, -24
1166.9, -12, -24
1167, -12, -24
1167.1, -12, -24
1167.2, -12, -24
1167.3, -12, -24
1167.4, -12, -24
1167.5, -12, -24
1167.6, -12, -24
1167.7, -13, -24
1167.8, -13, -24
1167.9, -13, -24
1168, -13, -24
1168.1, -13, -24
1168.2, -13, -24
1168.3, -13, -24
1168.4, -13, -24
1168.5, -13, -24
1168.6, -13, -24
1168.7, -13, -24
1168.8, -13, -24
1168.9, -13, -24
1169, -13, -24
1169.1, -13, -24
1169.2, -13, -24
1169.3, -13, -24
1169.4, -13, -24
1169.5, -13, -24
1169.6, -13, -24
1169.7, -13, -24
1169.8, -13, -24
1169.9, -13, -24
1170, -13, -24
1170.1, -13, -24
1170.2, -13, -24
1170.3, -13, -24
1170.4, -13, -24
1170.5, -14, -24
1170.6, -14, -24
1170.7, -14, -24
1170.8, -14, -24
1170.9, -14, -24
1171, -14, -24
1171.1, -14, -24
1171.2, -14, -24
1171.3, -14, -24
1171.4, -14, -24
1171.5, -14, -24
1171.6, -14, -24
1171.7, -14, -24
1171.8, -14, -24
1171.9, -14, -24
1172, -14, -24
1172.1, -14, -24
1172.2, -14, -24
1172.3, -14, -24
1172.4, -14, -24
1172.5, -14, -24
1172.6, -14, -24
1172.7, -14, -24
1172.8, -14, -24
1172.9, -14, -24
1173, -14, -24
1173.1, -14, -24
1173.2, -14, -24
1173.3, -14, -24
1173.4, -14, -24
1173.5, -14, -24
1173.6, -14, -24
1173.7, -14, -24
1173.8, -14, -24
1173.9, -14, -24
1174, -14, -24
1174.1, -14, -24
1174.2, -14, -24
1174.3, -14, -24
1174.4, -14, -24
1174.5, -14, -24
1174.6, -14, -24
1174.7, -14, -24
1174.8, -14, -24
1174.9, -14, -23
1175, -14, -23
1175.1, -14, -23
1175.2, -14, -23
1175.3, -14, -23
1175.4, -14, -23
1175.5, -14, -23
1175.6, -14, -23
1175.7, -14, -23
1175.8, -14, -23
1175.9, -14, -23
1176, -14, -23
1176.1, -14, -23
1176.2, -14, -23
1176.3, -14, -23
1176.4, -14, -23
1176.5, -14, -23
1176.6, -14, -23
1176.7, -14, -23
1176.8, -14, -23
1176.9, -14, -23
1177, -14, -23
1177.1, -14, -23
1177.2, -14, -23
1177.3, -14, -23
1177.4, -14, -23
1177.5, -14, -23
1177.6, -14, -23
1177.7, -14, -23
1177.8, -14, -23
1177.9, -14, -23
1178, -14, -23
1178.1, -14, -23
1178.2, -14, -23
1178.3, -14, -22
1178.4, -14, -22
1178.5, -14, -23
1178.6, -14, -23
1178.7, -14, -23
1178.8, -14, -23
1178.9, -14, -23
1179, -14, -23
1179.1, -14, -23
1179.2, -14, -23
1179.3, -14, -23
1179.4, -14, -23
1179.5, -14, -23
1179.6, -14, -23
1179.7, -14, -23
1179.8, -14, -23
1179.9, -14, -24
1180, -14, -24
1180.1, -14, -24
1180.2, -14, -24
1180.3, -14, -24
1180.4, -14, -24
1180.5, -14, -24
1180.6, -14, -24
1180.7, -14, -23
1180.8, -14, -23
1180.9, -13, -23
1181, -13, -23
1181.1, -13, -23
1181.2, -13, -23
1181.3, -13, -23
1181.4, -13, -23
1181.5, -13, -23
1181.6, -13, -23
1181.7, -13, -23
1181.8, -13, -23
1181.9, -13, -23
1182, -13, -23
1182.1, -13, -23
1182.2, -13, -23
1182.3, -13, -24
1182.4, -13, -24
1182.5, -13, -24
1182.6, -13, -24
1182.7, -13, -24
1182.8, -13, -24
1182.9, -13, -24
1183, -13, -24
1183.1, -13, -24
1183.2, -13, -24
1183.3, -13, -24
1183.4, -13, -24
1183.5, -13, -24
1183.6, -13, -24
1183.7, -13, -24
1183.8, -13, -24
1183.9, -13, -24
1184, -13, -24
1184.1, -13, -24
1184.2, -13, -24
1184.3, -13, -24
1184.4, -13, -24
1184.5, -13, -24
1184.6, -13, -24
1184.7, -13, -24
1184.8, -13, -24
1184.9, -13, -24
1185, -13, -24
1185.1, -13, -24
1185.2, -13, -24
1185.3, -13, -24
1185.4, -13, -24
1185.5, -13, -24
1185.6, -13, -24
1185.7, -13, -24
1185.8, -13, -24
1185.9, -13, -24
1186, -13, -24
1186.1, -13, -24
1186.2, -13, -24
1186.3, -13, -24
1186.4, -13, -24
1186.5, -13, -24
1186.6, -13, -24
1186.7, -13, -24
1186.8, -13, -24
1186.9, -13, -24
1187, -13, -24
1187.1, -13, -24
1187.2, -13, -24
1187.3, -13, -24
1187.4, -13, -24
1187.5, -13, -24
1187.6, -13, -24
1187.7, -13, -24
1187.8, -13, -24
1187.9, -13, -24
1188, -13, -24
1188.1, -13, -24
1188.2, -13, -24
1188.3, -13, -24
1188.4, -13, -24
1188.5, -13, -24
1188.6, -13, -24
1188.7, -13, -24
1188.8, -13, -24
1188.9, -13, -24
1189, -13, -24
1189.1, -13, -24
1189.2, -13, -24
1189.3, -13, -24
1189.4, -13, -24
1189.5, -13, -24
1189.6, -13, -24
1189.7, -13, -24
1189.8, -13, -24
1189.9, -13, -24
1190, -13, -24
1190.1, -13, -24
1190.2, -13, -24
1190.3, -14, -24
1190.4, -14, -24
1190.5, -14, -24
1190.6, -14, -24
1190.7, -14, -24
1190.8, -14, -24
1190.9, -14, -24
1191, -14, -24
1191.1, -15, -24
1191.2, -15, -24
1191.3, -15, -24
1191.4, -15, -24
1191.5, -15, -24
1191.6, -15, -24
1191.7, -15, -24
1191.8, -15, -24
1191.9, -15, -24
1192, -15, -24
1192.1, -15, -24
1192.2, -15, -24
1192.3, -15, -24
1192.4, -15, -24
1192.5, -15, -24
1192.6, -15, -24
1192.7, -15, -24
1192.8, -15, -24
1192.9, -15, -24
1193, -15, -24
1193.1, -15, -24
1193.2, -15, -24
1193.3, -15, -24
1193.4, -15, -24
1193.5, -14, -24
1193.6, -14, -24
1193.7, -14, -24
1193.8, -14, -24
1193.9, -14, -24
1194, -14, -24
1194.1, -14, -24
1194.2, -14, -24
1194.3, -14, -24
1194.4, -14, -24
1194.5, -14, -24
1194.6, -14, -24
1194.7, -14, -24
1194.8, -14, -24
1194.9, -14, -24
1195, -14, -24
1195.1, -14, -24
1195.2, -14, -24
1195.3, -14, -24
1195.4, -14, -24
1195.5, -14, -24
1195.6, -14, -24
1195.7, -14, -24
1195.8, -14, -24
1195.9, -14, -24
1196, -14, -24
1196.1, -14, -24
1196.2, -14, -24
1196.3, -14, -24
1196.4, -14, -24
1196.5, -14, -24
1196.6, -14, -24
1196.7, -14, -24
1196.8, -14, -24
1196.9, -14, -24
1197, -14, -24
1197.1, -14, -24
1197.2, -14, -24
1197.3, -15, -24
1197.4, -15, -24
1197.5, -15, -24
1197.6, -15, -24
1197.7, -15, -24
1197.8, -15, -24
1197.9, -15, -24
1198, -15, -24
1198.1, -15, -24
1198.2, -15, -24
1198.3, -15, -24
1198.4, -15, -24
1198.5, -15, -24
1198.6, -15, -24
1198.7, -15, -24
1198.8, -15, -24
1198.9, -15, -24
1199, -15, -24
1199.1, -15, -25
1199.2, -15, -25
1199.3, -15, -25
1199.4, -15, -25
1199.5, -15, -26
1199.6, -15, -26
1199.7, -15, -26
1199.8, -15, -26
1199.9, -15, -26
1200, -15, -26
1200.1, -15, -26
1200.2, -15, -26
1200.3, -15, -26
1200.4, -15, -26
1200.5, -15, -26
1200.6, -15, -26
1200.7, -15, -26
1200.8, -15, -26
1200.9, -15, -26
1201, -15, -26
1201.1, -15, -26
1201.2, -15, -26
1201.3, -15, -26
1201.4, -15, -26
1201.5, -15, -26
1201.6, -15, -26
1201.7, -15, -26
1201.8, -15, -26
1201.9, -14, -26
1202, -14, -26
1202.1, -14, -26
1202.2, -14, -26
1202.3, -14, -26
1202.4, -14, -26
1202.5, -14, -26
1202.6, -14, -26
1202.7, -14, -26
1202.8, -14, -26
1202.9, -14, -26
1203, -14, -26
1203.1, -14, -26
1203.2, -14, -26
1203.3, -13, -26
1203.4, -13, -26
1203.5, -13, -26
1203.6, -13, -26
1203.7, -13, -26
1203.8, -13, -26
1203.9, -13, -27
1204, -13, -27
1204.1, -13, -27
1204.2, -13, -27
1204.3, -12, -27
1204.4, -12, -27
1204.5, -12, -27
1204.6, -12, -27
1204.7, -12, -27
1204.8, -12, -27
1204.9, -12, -27
1205, -12, -27
1205.1, -12, -27
1205.2, -12, -27
1205.3, -12, -27
1205.4, -12, -27
1205.5, -12, -27
1205.6, -12, -27
1205.7, -12, -27
1205.8, -12, -27
1205.9, -12, -27
1206, -12, -27
1206.1, -12, -27
1206.2, -12, -27
1206.3, -12, -27
1206.4, -12, -27
1206.5, -12, -27
1206.6, -12, -27
1206.7, -12, -27
1206.8, -12, -27
1206.9, -12, -27
1207, -12, -27
1207.1, -12, -27
1207.2, -12, -27
1207.3, -12, -27
1207.4, -12, -27
1207.5, -12, -27
1207.6, -12, -27
1207.7, -12, -27
1207.8, -12, -27
1207.9, -12, -27
1208, -12, -27
1208.1, -12, -27
1208.2, -12, -27
1208.3, -12, -26
1208.4, -12, -26
1208.5, -12, -26
1208.6, -12, -26
1208.7, -12, -26
1208.8, -12, -26
1208.9, -12, -26
1209, -12, -26
1209.1, -13, -26
1209.2, -13, -26
1209.3, -13, -26
1209.4, -13, -26
1209.5, -13, -26
1209.6, -13, -26
1209.7, -13, -25
1209.8, -13, -25
1209.9, -13, -25
1210, -13, -25
1210.1, -13, -25
1210.2, -13, -25
1210.3, -13, -25
1210.4, -13, -25
1210.5, -13, -25
1210.6, -13, -25
1210.7, -13, -25
1210.8, -13, -25
1210.9, -13, -25
1211, -13, -25
1211.1, -13, -25
1211.2, -13, -25
1211.3, -14, -25
1211.4, -14, -25
1211.5, -14, -25
1211.6, -14, -25
1211.7, -14, -25
1211.8, -14, -25
1211.9, -14, -25
1212, -14, -25
1212.1, -14, -25
1212.2, -14, -25
1212.3, -14, -25
1212.4, -14, -25
1212.5, -15, -25
1212.6, -15, -25
1212.7, -15, -25
1212.8, -15, -25
1212.9, -15, -25
1213, -15, -25
1213.1, -15, -25
1213.2, -15, -25
1213.3, -15, -25
1213.4, -15, -25
1213.5, -15, -25
1213.6, -15, -25
1213.7, -14, -25
1213.8, -14, -25
1213.9, -14, -25
1214, -14, -25
1214.1, -14, -25
1214.2, -14, -25
1214.3, -14, -25
1214.4, -14, -25
1214.5, -14, -25
1214.6, -14, -25
1214.7, -14, -25
1214.8, -14, -25
1214.9, -14, -25
1215, -14, -25
1215.1, -14, -25
1215.2, -14, -25
1215.3, -14, -25
1215.4, -14, -25
1215.5, -14, -25
1215.6, -14, -25
1215.7, -14, -25
1215.8, -14, -25
1215.9, -14, -25
1216, -14, -25
1216.1, -14, -25
1216.2, -14, -25
1216.3, -14, -26
1216.4, -14, -26
1216.5, -14, -26
1216.6, -14, -26
1216.7, -14, -26
1216.8, -14, -26
1216.9, -14, -26
1217, -14, -26
1217.1, -14, -26
1217.2, -14, -26
1217.3, -14, -26
1217.4, -14, -26
1217.5, -15, -26
1217.6, -15, -26
1217.7, -15, -26
1217.8, -15, -26
1217.9, -15, -26
1218, -15, -26
1218.1, -15, -26
1218.2, -15, -26
1218.3, -15, -26
1218.4, -15, -26
1218.5, -15, -26
1218.6, -15, -26
1218.7, -15, -26
1218.8, -15, -26
1218.9, -15, -26
1219, -15, -26
1219.1, -15, -26
1219.2, -15, -26
1219.3, -15, -26
1219.4, -15, -26
1219.5, -15, -26
1219.6, -15, -26
1219.7, -15, -26
1219.8, -15, -26
1219.9, -15, -25
1220, -15, -25
1220.1, -15, -25
1220.2, -15, -25
1220.3, -15, -25
1220.4, -15, -25
1220.5, -15, -25
1220.6, -15, -25
1220.7, -15, -25
1220.8, -15, -25
1220.9, -15, -25
1221, -15, -25
1221.1, -15, -25
1221.2, -15, -25
1221.3, -15, -25
1221.4, -15, -25
1221.5, -15, -25
1221.6, -15, -25
1221.7, -15, -25
1221.8, -15, -25
1221.9, -16, -25
1222, -16, -25
1222.1, -16, -25
1222.2, -16, -25
1222.3, -16, -25
1222.4, -16, -25
1222.5, -16, -25
1222.6, -16, -25
1222.7, -16, -25
1222.8, -16, -25
1222.9, -16, -25
1223, -16, -25
1223.1, -16, -25
1223.2, -16, -25
1223.3, -16, -24
1223.4, -16, -24
1223.5, -16, -24
1223.6, -16, -24
1223.7, -16, -24
1223.8, -16, -24
1223.9, -16, -24
1224, -16, -24
1224.1, -16, -24
1224.2, -16, -24
1224.3, -16, -24
1224.4, -16, -24
1224.5, -16, -24
1224.6, -16, -24
1224.7, -16, -24
1224.8, -16, -24
1224.9, -16, -24
1225, -16, -24
1225.1, -16, -24
1225.2, -16, -24
1225.3, -16, -24
1225.4, -16, -24
1225.5, -17, -24
1225.6, -17, -24
1225.7, -17, -24
1225.8, -17, -24
1225.9, -17, -24
1226, -17, -24
1226.1, -17, -24
1226.2, -17, -24
1226.3, -17, -24
1226.4, -17, -24
1226.5, -17, -23
1226.6, -17, -23
1226.7, -17, -23
1226.8, -17, -23
1226.9, -17, -23
1227, -17, -23
1227.1, -17, -23
1227.2, -17, -23
1227.3, -17, -23
1227.4, -17, -23
1227.5, -17, -23
1227.6, -17, -23
1227.7, -17, -23
1227.8, -17, -23
1227.9, -17, -23
1228, -17, -23
1228.1, -17, -23
1228.2, -17, -23
1228.3, -17, -23
1228.4, -17, -23
1228.5, -17, -23
1228.6, -17, -23
1228.7, -17, -23
1228.8, -17, -23
1228.9, -17, -23
1229, -17, -23
1229.1, -17, -23
1229.2, -17, -23
1229.3, -17, -23
1229.4, -17, -23
1229.5, -17, -23
1229.6, -17, -23
1229.7, -17, -24
1229.8, -17, -24
1229.9, -17, -24
1230, -17, -24
1230.1, -17, -24
1230.2, -17, -24
1230.3, -17, -24
1230.4, -17, -24
1230.5, -17, -24
1230.6, -17, -24
1230.7, -17, -24
1230.8, -17, -24
1230.9, -17, -24
1231, -17, -24
1231.1, -17, -24
1231.2, -17, -24
1231.3, -17, -24
1231.4, -17, -24
1231.5, -17, -24
1231.6, -17, -24
1231.7, -16, -24
1231.8, -16, -24
1231.9, -16, -24
1232, -16, -24
1232.1, -16, -24
1232.2, -16, -24
1232.3, -16, -24
1232.4, -16, -24
1232.5, -16, -24
1232.6, -16, -24
1232.7, -16, -24
1232.8, -16, -24
1232.9, -16, -24
1233, -16, -24
1233.1, -16, -24
1233.2, -16, -24
1233.3, -16, -24
1233.4, -16, -24
1233.5, -16, -24
1233.6, -16, -24
1233.7, -16, -24
1233.8, -16, -24
1233.9, -16, -24
1234, -16, -24
1234.1, -16, -24
1234.2, -16, -24
1234.3, -16, -24
1234.4, -16, -24
1234.5, -16, -24
1234.6, -16, -24
1234.7, -16, -24
1234.8, -16, -24
1234.9, -16, -24
1235, -16, -24
1235.1, -16, -24
1235.2, -16, -24
1235.3, -16, -23
1235.4, -16, -23
1235.5, -15, -23
1235.6, -15, -23
1235.7, -15, -23
1235.8, -15, -23
1235.9, -15, -23
1236, -15, -23
1236.1, -15, -23
1236.2, -15, -23
1236.3, -15, -23
1236.4, -15, -23
1236.5, -15, -23
1236.6, -15, -23
1236.7, -15, -23
1236.8, -15, -23
1236.9, -15, -23
1237, -15, -23
1237.1, -15, -23
1237.2, -15, -23
1237.3, -15, -23
1237.4, -15, -23
1237.5, -15, -23
1237.6, -15, -23
1237.7, -15, -23
1237.8, -15, -23
1237.9, -15, -23
1238, -15, -23
1238.1, -15, -23
1238.2, -15, -23
1238.3, -15, -23
1238.4, -15, -23
1238.5, -15, -23
1238.6, -15, -23
1238.7, -15, -23
1238.8, -15, -23
1238.9, -15, -23
1239, -15, -23
1239.1, -15, -23
1239.2, -15, -23
1239.3, -15, -23
1239.4, -15, -23
1239.5, -15, -23
1239.6, -15, -23
1239.7, -15, -23
1239.8, -15, -23
1239.9, -15, -23
1240, -15, -23
1240.1, -15, -23
1240.2, -15, -23
1240.3, -15, -23
1240.4, -15, -23
1240.5, -15, -23
1240.6, -15, -23
1240.7, -15, -24
1240.8, -15, -24
1240.9, -15, -24
1241, -15, -24
1241.1, -16, -24
1241.2, -16, -24
1241.3, -16, -24
1241.4, -16, -24
1241.5, -16, -24
1241.6, -16, -24
1241.7, -16, -24
1241.8, -16, -24
1241.9, -16, -24
1242, -16, -24
1242.1, -16, -24
1242.2, -16, -24
1242.3, -16, -24
1242.4, -16, -24
1242.5, -16, -24
1242.6, -16, -24
1242.7, -16, -24
1242.8, -16, -24
1242.9, -16, -24
1243, -16, -24
1243.1, -16, -24
1243.2, -16, -24
1243.3, -16, -24
1243.4, -16, -24
1243.5, -16, -24
1243.6, -16, -24
1243.7, -16, -24
1243.8, -16, -24
1243.9, -16, -24
1244, -16, -24
1244.1, -16, -24
1244.2, -16, -24
1244.3, -16, -24
1244.4, -16, -24
1244.5, -16, -24
1244.6, -16, -24
1244.7, -16, -24
1244.8, -16, -24
1244.9, -16, -24
1245, -16, -24
1245.1, -16, -24
1245.2, -16, -24
1245.3, -16, -24
1245.4, -16, -24
1245.5, -16, -24
1245.6, -16, -24
1245.7, -16, -24
1245.8, -16, -24
1245.9, -16, -24
1246, -16, -24
1246.1, -17, -24
1246.2, -17, -24
1246.3, -17, -24
1246.4, -17, -24
1246.5, -17, -24
1246.6, -17, -24
1246.7, -17, -24
1246.8, -17, -24
1246.9, -17, -24
1247, -17, -24
1247.1, -17, -24
1247.2, -17, -24
1247.3, -17, -24
1247.4, -17, -24
1247.5, -17, -24
1247.6, -17, -24
1247.7, -17, -24
1247.8, -17, -24
1247.9, -17, -24
1248, -17, -24
1248.1, -17, -24
1248.2, -17, -24
1248.3, -17, -24
1248.4, -17, -24
1248.5, -17, -24
1248.6, -17, -24
1248.7, -17, -24
1248.8, -17, -24
1248.9, -17, -24
1249, -17, -24
1249.1, -17, -24
1249.2, -17, -24
1249.3, -17, -24
1249.4, -17, -24
1249.5, -17, -24
1249.6, -17, -24
1249.7, -17, -24
1249.8, -17, -24
1249.9, -17, -24
1250, -17, -24
1250.1, -17, -24
1250.2, -17, -24
1250.3, -17, -24
1250.4, -17, -24
1250.5, -17, -24
1250.6, -17, -24
1250.7, -17, -24
1250.8, -17, -24
1250.9, -17, -24
1251, -17, -24
1251.1, -17, -24
1251.2, -17, -24
1251.3, -17, -24
1251.4, -17, -24
1251.5, -17, -24
1251.6, -17, -24
1251.7, -17, -24
1251.8, -17, -24
1251.9, -17, -24
1252, -17, -24
1252.1, -17, -24
1252.2, -17, -24
1252.3, -17, -24
1252.4, -17, -24
1252.5, -17, -24
1252.6, -17, -24
1252.7, -17, -24
1252.8, -17, -24
1252.9, -17, -24
1253, -17, -24
1253.1, -17, -24
1253.2, -17, -24
1253.3, -17, -24
1253.4, -17, -24
1253.5, -17, -24
1253.6, -17, -24
1253.7, -17, -24
1253.8, -17, -24
1253.9, -17, -24
1254, -17, -24
1254.1, -17, -24
1254.2, -17, -24
1254.3, -17, -24
1254.4, -17, -24
1254.5, -17, -24
1254.6, -17, -24
1254.7, -17, -24
1254.8, -17, -24
1254.9, -17, -24
1255, -17, -24
1255.1, -17, -24
1255.2, -17, -24
1255.3, -17, -24
1255.4, -17, -24
1255.5, -17, -24
1255.6, -17, -24
1255.7, -17, -24
1255.8, -17, -24
1255.9, -17, -24
1256, -17, -24
1256.1, -17, -24
1256.2, -17, -24
1256.3, -17, -24
1256.4, -17, -24
1256.5, -17, -23
1256.6, -17, -23
1256.7, -17, -23
1256.8, -17, -23
1256.9, -17, -23
1257, -17, -23
1257.1, -17, -24
1257.2, -17, -24
1257.3, -17, -24
1257.4, -17, -24
1257.5, -17, -24
1257.6, -17, -24
1257.7, -17, -24
1257.8, -17, -24
1257.9, -17, -24
1258, -17, -24
1258.1, -17, -24
1258.2, -17, -24
1258.3, -17, -24
1258.4, -17, -24
1258.5, -17, -24
1258.6, -17, -24
1258.7, -17, -24
1258.8, -17, -24
1258.9, -17, -24
1259, -17, -24
1259.1, -17, -25
1259.2, -17, -25
1259.3, -17, -25
1259.4, -17, -25
1259.5, -17, -25
1259.6, -17, -25
1259.7, -17, -25
1259.8, -17, -25
1259.9, -17, -25
1260, -17, -25
1260.1, -17, -25
1260.2, -17, -25
1260.3, -17, -24
1260.4, -17, -24
1260.5, -17, -24
1260.6, -17, -24
1260.7, -18, -24
1260.8, -18, -24
1260.9, -18, -24
1261, -18, -24
1261.1, -18, -24
1261.2, -18, -24
1261.3, -18, -24
1261.4, -18, -24
1261.5, -18, -24
1261.6, -18, -24
1261.7, -18, -24
1261.8, -18, -24
1261.9, -17, -24
1262, -17, -24
1262.1, -17, -24
1262.2, -17, -24
1262.3, -17, -24
1262.4, -17, -24
1262.5, -17, -24
1262.6, -17, -24
1262.7, -18, -24
1262.8, -18, -24
1262.9, -18, -24
1263, -18, -24
1263.1, -18, -24
1263.2, -18, -24
1263.3, -18, -24
1263.4, -18, -24
1263.5, -18, -24
1263.6, -18, -24
1263.7, -18, -24
1263.8, -18, -24
1263.9, -18, -24
1264, -18, -24
1264.1, -18, -24
1264.2, -18, -24
1264.3, -18, -24
1264.4, -18, -24
1264.5, -18, -24
1264.6, -18, -24
1264.7, -18, -24
1264.8, -18, -24
1264.9, -18, -24
1265, -18, -24
1265.1, -18, -24
1265.2, -18, -24
1265.3, -18, -24
1265.4, -18, -24
1265.5, -18, -23
1265.6, -18, -23
1265.7, -18, -23
1265.8, -18, -23
1265.9, -18, -23
1266, -18, -23
1266.1, -18, -24
1266.2, -18, -24
1266.3, -18, -24
1266.4, -18, -24
1266.5, -18, -24
1266.6, -18, -24
1266.7, -18, -24
1266.8, -18, -24
1266.9, -18, -24
1267, -18, -24
1267.1, -18, -24
1267.2, -18, -24
1267.3, -18, -24
1267.4, -18, -24
1267.5, -18, -24
1267.6, -18, -24
1267.7, -18, -24
1267.8, -18, -24
1267.9, -18, -24
1268, -18, -24
1268.1, -18, -24
1268.2, -18, -24
1268.3, -18, -24
1268.4, -18, -24
1268.5, -18, -24
1268.6, -18, -24
1268.7, -18, -24
1268.8, -18, -24
1268.9, -18, -24
1269, -18, -24
1269.1, -18, -24
1269.2, -18, -24
1269.3, -18, -24
1269.4, -18, -24
1269.5, -18, -24
1269.6, -18, -24
1269.7, -18, -23
1269.8, -18, -23
1269.9, -18, -23
1270, -18, -23
1270.1, -18, -23
1270.2, -18, -23
1270.3, -18, -23
1270.4, -18, -23
1270.5, -18, -23
1270.6, -18, -23
1270.7, -18, -23
1270.8, -18, -23
1270.9, -18, -23
1271, -18, -23
1271.1, -18, -23
1271.2, -18, -23
1271.3, -18, -23
1271.4, -18, -23
1271.5, -18, -23
1271.6, -18, -23
1271.7, -17, -23
1271.8, -17, -23
1271.9, -17, -23
1272, -17, -23
1272.1, -18, -23
1272.2, -18, -23
1272.3, -18, -23
1272.4, -18, -23
1272.5, -18, -23
1272.6, -18, -23
1272.7, -18, -23
1272.8, -18, -23
1272.9, -18, -23
1273, -18, -23
1273.1, -18, -23
1273.2, -18, -23
1273.3, -18, -23
1273.4, -18, -23
1273.5, -18, -23
1273.6, -18, -23
1273.7, -18, -23
1273.8, -18, -23
1273.9, -18, -23
1274, -18, -23
1274.1, -18, -23
1274.2, -18, -23
1274.3, -18, -23
1274.4, -18, -23
1274.5, -18, -23
1274.6, -18, -23
1274.7, -18, -23
1274.8, -18, -23
1274.9, -18, -23
1275, -18, -23
1275.1, -18, -23
1275.2, -18, -23
1275.3, -18, -23
1275.4, -18, -23
1275.5, -18, -23
1275.6, -18, -23
1275.7, -18, -23
1275.8, -18, -23
1275.9, -18, -23
1276, -18, -23
1276.1, -18, -23
1276.2, -18, -23
1276.3, -18, -23
1276.4, -18, -23
1276.5, -18, -23
1276.6, -18, -23
1276.7, -18, -22
1276.8, -18, -22
1276.9, -18, -22
1277, -18, -22
1277.1, -18, -22
1277.2, -18, -22
1277.3, -18, -22
1277.4, -18, -22
1277.5, -18, -22
1277.6, -18, -22
1277.7, -18, -23
1277.8, -18, -23
1277.9, -18, -23
1278, -18, -23
1278.1, -18, -23
1278.2, -18, -23
1278.3, -18, -23
1278.4, -18, -23
1278.5, -18, -23
1278.6, -18, -23
1278.7, -18, -23
1278.8, -18, -23
1278.9, -18, -23
1279, -18, -23
1279.1, -19, -23
1279.2, -19, -23
1279.3, -19, -23
1279.4, -19, -23
1279.5, -19, -23
1279.6, -19, -23
1279.7, -19, -22
1279.8, -19, -22
1279.9, -19, -22
1280, -19, -22
1280.1, -19, -22
1280.2, -19, -22
1280.3, -19, -22
1280.4, -19, -22
1280.5, -19, -22
1280.6, -19, -22
1280.7, -19, -22
1280.8, -19, -22
1280.9, -19, -22
1281, -19, -22
1281.1, -19, -22
1281.2, -19, -22
1281.3, -19, -22
1281.4, -19, -22
1281.5, -18, -22
1281.6, -18, -22
1281.7, -18, -22
1281.8, -18, -22
1281.9, -18, -22
1282, -18, -22
1282.1, -18, -22
1282.2, -18, -22
1282.3, -18, -22
1282.4, -18, -22
1282.5, -18, -22
1282.6, -18, -22
1282.7, -18, -22
1282.8, -18, -22
1282.9, -18, -22
1283, -18, -22
1283.1, -18, -22
1283.2, -18, -22
1283.3, -18, -22
1283.4, -18, -22
1283.5, -18, -22
1283.6, -18, -22
1283.7, -18, -22
1283.8, -18, -22
1283.9, -18, -22
1284, -18, -22
1284.1, -18, -22
1284.2, -18, -22
1284.3, -18, -22
1284.4, -18, -22
1284.5, -19, -22
1284.6, -19, -22
1284.7, -19, -22
1284.8, -19, -22
1284.9, -19, -22
1285, -19, -22
1285.1, -19, -22
1285.2, -19, -22
1285.3, -19, -22
1285.4, -19, -22
1285.5, -19, -22
1285.6, -19, -22
1285.7, -19, -22
1285.8, -19, -22
1285.9, -19, -22
1286, -19, -22
1286.1, -19, -22
1286.2, -19, -22
1286.3, -19, -22
1286.4, -19, -22
1286.5, -19, -22
1286.6, -19, -22
1286.7, -19, -22
1286.8, -19, -22
1286.9, -19, -22
1287, -19, -22
1287.1, -19, -22
1287.2, -19, -22
1287.3, -19, -22
1287.4, -19, -22
1287.5, -19, -22
1287.6, -19, -22
1287.7, -19, -22
1287.8, -19, -22
1287.9, -19, -22
1288, -19, -22
1288.1, -19, -22
1288.2, -19, -22
1288.3, -19, -22
1288.4, -19, -22
1288.5, -19, -22
1288.6, -19, -22
1288.7, -18, -22
1288.8, -18, -22
1288.9, -18, -22
1289, -18, -22
1289.1, -17, -22
1289.2, -17, -22
1289.3, -17, -22
1289.4, -17, -22
1289.5, -17, -22
1289.6, -17, -22
1289.7, -17, -21
1289.8, -17, -21
1289.9, -17, -21
1290, -17, -21
1290.1, -17, -21
1290.2, -17, -21
1290.3, -17, -21
1290.4, -17, -21
1290.5, -17, -21
1290.6, -17, -21
1290.7, -17, -21
1290.8, -17, -21
1290.9, -17, -21
1291, -17, -21
1291.1, -17, -21
1291.2, -17, -21
1291.3, -17, -21
1291.4, -17, -21
1291.5, -17, -21
1291.6, -17, -21
1291.7, -17, -21
1291.8, -17, -21
1291.9, -17, -21
1292, -17, -21
1292.1, -17, -21
1292.2, -17, -21
1292.3, -17, -21
1292.4, -17, -21
1292.5, -17, -21
1292.6, -17, -21
1292.7, -17, -21
1292.8, -17, -21
1292.9, -17, -21
1293, -17, -21
1293.1, -17, -21
1293.2, -17, -21
1293.3, -17, -21
1293.4, -17, -21
1293.5, -17, -21
1293.6, -17, -21
1293.7, -17, -21
1293.8, -17, -21
1293.9, -17, -21
1294, -17, -21
1294.1, -17, -21
1294.2, -17, -21
1294.3, -17, -21
1294.4, -17, -21
1294.5, -17, -21
1294.6, -17, -21
1294.7, -17, -21
1294.8, -17, -21
1294.9, -17, -21
1295, -17, -21
1295.1, -17, -21
1295.2, -17, -21
1295.3, -17, -21
1295.4, -17, -21
1295.5, -17, -21
1295.6, -17, -21
1295.7, -17, -21
1295.8, -17, -21
1295.9, -17, -21
1296, -17, -21
1296.1, -17, -21
1296.2, -17, -21
1296.3, -17, -21
1296.4, -17, -21
1296.5, -17, -21
1296.6, -17, -21
1296.7, -17, -21
1296.8, -17, -21
1296.9, -17, -20
1297, -17, -20
1297.1, -17, -19
1297.2, -17, -19
1297.3, -17, -19
1297.4, -17, -19
1297.5, -17, -19
1297.6, -17, -19
1297.7, -17, -19
1297.8, -17, -19
1297.9, -17, -19
1298, -17, -19
1298.1, -18, -19
1298.2, -18, -19
1298.3, -18, -19
1298.4, -18, -19
1298.5, -18, -19
1298.6, -18, -19
1298.7, -18, -20
1298.8, -18, -20
1298.9, -19, -20
1299, -19, -20
1299.1, -19, -20
1299.2, -19, -20
1299.3, -19, -20
1299.4, -19, -20
1299.5, -19, -20
1299.6, -19, -20
1299.7, -19, -20
1299.8, -19, -20
1299.9, -19, -20
1300, -19, -20
1300.1, -19, -20
1300.2, -19, -20
1300.3, -19, -20
1300.4, -19, -20
1300.5, -19, -20
1300.6, -19, -20
1300.7, -19, -20
1300.8, -19, -20
1300.9, -19, -20
1301, -19, -20
1301.1, -19, -21
1301.2, -19, -21
1301.3, -19, -21
1301.4, -19, -21
1301.5, -19, -21
1301.6, -19, -21
1301.7, -19, -21
1301.8, -19, -21
1301.9, -19, -21
1302, -19, -21
1302.1, -19, -21
1302.2, -19, -21
1302.3, -19, -21
1302.4, -19, -21
1302.5, -19, -21
1302.6, -19, -21
1302.7, -19, -21
1302.8, -19, -21
1302.9, -19, -21
1303, -19, -21
1303.1, -19, -21
1303.2, -19, -21
1303.3, -19, -21
1303.4, -19, -21
1303.5, -19, -21
1303.6, -19, -21
1303.7, -19, -21
1303.8, -19, -21
1303.9, -19, -21
1304, -19, -21
1304.1, -19, -21
1304.2, -19, -21
1304.3, -19, -21
1304.4, -19, -21
1304.5, -19, -21
1304.6, -19, -21
1304.7, -19, -21
1304.8, -19, -21
1304.9, -19, -21
1305, -19, -21
1305.1, -19, -21
1305.2, -19, -21
1305.3, -19, -21
1305.4, -19, -21
1305.5, -19, -21
1305.6, -19, -21
1305.7, -19, -21
1305.8, -19, -21
1305.9, -19, -21
1306, -19, -21
1306.1, -19, -21
1306.2, -19, -21
1306.3, -19, -21
1306.4, -19, -21
1306.5, -19, -21
1306.6, -19, -21
1306.7, -19, -21
1306.8, -19, -21
1306.9, -19, -21
1307, -19, -21
1307.1, -19, -21
1307.2, -19, -21
1307.3, -19, -21
1307.4, -19, -21
1307.5, -19, -21
1307.6, -19, -21
1307.7, -19, -21
1307.8, -19, -21
1307.9, -19, -21
1308, -19, -21
1308.1, -19, -21
1308.2, -19, -21
1308.3, -19, -21
1308.4, -19, -21
1308.5, -19, -20
1308.6, -19, -20
1308.7, -19, -20
1308.8, -19, -20
1308.9, -19, -20
1309, -19, -20
1309.1, -19, -20
1309.2, -19, -20
1309.3, -19, -20
1309.4, -19, -20
1309.5, -19, -20
1309.6, -19, -20
1309.7, -19, -20
1309.8, -19, -20
1309.9, -19, -20
1310, -19, -20
1310.1, -19, -20
1310.2, -19, -20
1310.3, -19, -20
1310.4, -19, -20
1310.5, -19, -20
1310.6, -19, -20
1310.7, -19, -20
1310.8, -19, -20
1310.9, -19, -20
1311, -19, -20
1311.1, -19, -20
1311.2, -19, -20
1311.3, -19, -20
1311.4, -19, -20
1311.5, -19, -20
1311.6, -19, -20
1311.7, -19, -20
1311.8, -19, -20
1311.9, -19, -20
1312, -19, -20
1312.1, -19, -20
1312.2, -19, -20
1312.3, -19, -20
1312.4, -19, -20
1312.5, -19, -20
1312.6, -19, -20
1312.7, -19, -20
1312.8, -19, -20
1312.9, -19, -20
1313, -19, -20
1313.1, -19, -20
1313.2, -19, -20
1313.3, -19, -20
1313.4, -19, -20
1313.5, -19, -20
1313.6, -19, -20
1313.7, -19, -20
1313.8, -19, -20
1313.9, -19, -20
1314, -19, -20
1314.1, -19, -20
1314.2, -19, -20
1314.3, -19, -20
1314.4, -19, -20
1314.5, -19, -20
1314.6, -19, -20
1314.7, -19, -20
1314.8, -19, -20
1314.9, -19, -21
1315, -19, -21
1315.1, -19, -21
1315.2, -19, -21
1315.3, -19, -21
1315.4, -19, -21
1315.5, -19, -21
1315.6, -19, -21
1315.7, -19, -21
1315.8, -19, -21
1315.9, -19, -21
1316, -19, -21
1316.1, -19, -21
1316.2, -19, -21
1316.3, -19, -21
1316.4, -19, -21
1316.5, -18, -21
1316.6, -18, -21
1316.7, -18, -21
1316.8, -18, -21
1316.9, -18, -21
1317, -18, -21
1317.1, -18, -20
1317.2, -18, -20
1317.3, -18, -20
1317.4, -18, -20
1317.5, -18, -20
1317.6, -18, -20
1317.7, -18, -20
1317.8, -18, -20
1317.9, -18, -20
1318, -18, -20
1318.1, -18, -20
1318.2, -18, -20
1318.3, -18, -20
1318.4, -18, -20
1318.5, -18, -20
1318.6, -18, -20
1318.7, -18, -20
1318.8, -18, -20
1318.9, -18, -20
1319, -18, -20
1319.1, -18, -21
1319.2, -18, -21
1319.3, -18, -21
1319.4, -18, -21
1319.5, -18, -21
1319.6, -18, -21
1319.7, -18, -21
1319.8, -18, -21
1319.9, -18, -21
1320, -18, -21
1320.1, -18, -21
1320.2, -18, -21
1320.3, -18, -21
1320.4, -18, -21
1320.5, -18, -21
1320.6, -18, -21
1320.7, -18, -21
1320.8, -18, -21
1320.9, -18, -21
1321, -18, -21
1321.1, -18, -21
1321.2, -18, -21
1321.3, -18, -21
1321.4, -18, -21
1321.5, -19, -21
1321.6, -19, -21
1321.7, -19, -21
1321.8, -19, -21
1321.9, -19, -21
1322, -19, -21
1322.1, -19, -21
1322.2, -19, -21
1322.3, -19, -21
1322.4, -19, -21
1322.5, -19, -21
1322.6, -19, -21
1322.7, -19, -21
1322.8, -19, -21
1322.9, -19, -21
1323, -19, -21
1323.1, -19, -21
1323.2, -19, -21
1323.3, -19, -21
1323.4, -19, -21
1323.5, -19, -21
1323.6, -19, -21
1323.7, -19, -21
1323.8, -19, -21
1323.9, -19, -21
1324, -19, -21
1324.1, -19, -21
1324.2, -19, -21
1324.3, -19, -20
1324.4, -19, -20
1324.5, -19, -20
1324.6, -19, -20
1324.7, -19, -20
1324.8, -19, -20
1324.9, -19, -20
1325, -19, -20
1325.1, -19, -20
1325.2, -19, -20
1325.3, -19, -21
1325.4, -19, -21
1325.5, -19, -21
1325.6, -19, -21
1325.7, -19, -21
1325.8, -19, -21
1325.9, -19, -21
1326, -19, -21
1326.1, -19, -21
1326.2, -19, -21
1326.3, -19, -21
1326.4, -19, -21
1326.5, -19, -21
1326.6, -19, -21
1326.7, -19, -21
1326.8, -19, -21
1326.9, -19, -21
1327, -19, -21
1327.1, -19, -21
1327.2, -19, -21
1327.3, -19, -21
1327.4, -19, -21
1327.5, -19, -21
1327.6, -19, -21
1327.7, -19, -21
1327.8, -19, -21
1327.9, -19, -21
1328, -19, -21
1328.1, -19, -21
1328.2, -19, -21
1328.3, -19, -21
1328.4, -19, -21
1328.5, -19, -21
1328.6, -19, -21
1328.7, -19, -21
1328.8, -19, -21
1328.9, -19, -21
1329, -19, -21
1329.1, -19, -21
1329.2, -19, -21
1329.3, -19, -21
1329.4, -19, -21
1329.5, -19, -21
1329.6, -19, -21
1329.7, -19, -21
1329.8, -19, -21
1329.9, -19, -21
1330, -19, -21
1330.1, -19, -21
1330.2, -19, -21
1330.3, -19, -21
1330.4, -19, -21
1330.5, -19, -21
1330.6, -19, -21
1330.7, -19, -21
1330.8, -19, -21
1330.9, -19, -21
1331, -19, -21
1331.1, -19, -21
1331.2, -19, -21
1331.3, -19, -21
1331.4, -19, -21
1331.5, -19, -21
1331.6, -19, -21
1331.7, -19, -21
1331.8, -19, -21
1331.9, -19, -21
1332, -19, -21
1332.1, -19, -21
1332.2, -19, -21
1332.3, -19, -21
1332.4, -19, -21
1332.5, -19, -21
1332.6, -19, -21
1332.7, -19, -21
1332.8, -19, -21
1332.9, -19, -21
1333, -19, -21
1333.1, -19, -21
1333.2, -19, -21
1333.3, -19, -21
1333.4, -19, -21
1333.5, -19, -21
1333.6, -19, -21
1333.7, -19, -21
1333.8, -19, -21
1333.9, -19, -21
1334, -19, -21
1334.1, -19, -21
1334.2, -19, -21
1334.3, -19, -21
1334.4, -19, -21
1334.5, -19, -21
1334.6, -19, -21
1334.7, -19, -21
1334.8, -19, -21
1334.9, -19, -22
1335, -19, -22
1335.1, -19, -22
1335.2, -19, -22
1335.3, -19, -22
1335.4, -19, -22
1335.5, -20, -22
1335.6, -20, -22
1335.7, -20, -22
1335.8, -20, -22
1335.9, -20, -22
1336, -20, -22
1336.1, -19, -22
1336.2, -19, -22
1336.3, -20, -22
1336.4, -20, -22
1336.5, -20, -22
1336.6, -20, -22
1336.7, -20, -22
1336.8, -20, -22
1336.9, -20, -22
1337, -20, -22
1337.1, -20, -22
1337.2, -20, -22
1337.3, -20, -22
1337.4, -20, -22
1337.5, -20, -22
1337.6, -20, -22
1337.7, -20, -22
1337.8, -20, -22
1337.9, -20, -22
1338, -20, -22
1338.1, -20, -22
1338.2, -20, -22
1338.3, -20, -22
1338.4, -20, -22
1338.5, -20, -22
1338.6, -20, -22
1338.7, -20, -22
1338.8, -20, -22
1338.9, -20, -22
1339, -20, -22
1339.1, -20, -22
1339.2, -20, -22
1339.3, -20, -22
1339.4, -20, -22
1339.5, -20, -22
1339.6, -20, -22
1339.7, -20, -22
1339.8, -20, -22
1339.9, -20, -22
1340, -20, -22
1340.1, -20, -22
1340.2, -20, -22
1340.3, -20, -22
1340.4, -20, -22
1340.5, -20, -22
1340.6, -20, -22
1340.7, -20, -22
1340.8, -20, -22
1340.9, -20, -22
1341, -20, -22
1341.1, -21, -22
1341.2, -21, -22
1341.3, -21, -22
1341.4, -21, -22
1341.5, -21, -22
1341.6, -21, -22
1341.7, -21, -22
1341.8, -21, -22
1341.9, -21, -22
1342, -21, -22
1342.1, -21, -22
1342.2, -21, -22
1342.3, -21, -22
1342.4, -21, -22
1342.5, -21, -22
1342.6, -21, -22
1342.7, -21, -22
1342.8, -21, -22
1342.9, -21, -22
1343, -21, -22
1343.1, -21, -22
1343.2, -21, -22
1343.3, -21, -22
1343.4, -21, -22
1343.5, -21, -22
1343.6, -21, -22
1343.7, -21, -22
1343.8, -21, -22
1343.9, -21, -22
1344, -21, -22
1344.1, -21, -21
1344.2, -21, -21
1344.3, -21, -21
1344.4, -21, -21
1344.5, -20, -21
1344.6, -20, -21
1344.7, -20, -21
1344.8, -20, -21
1344.9, -20, -21
1345, -20, -21
1345.1, -20, -21
1345.2, -20, -21
1345.3, -20, -21
1345.4, -20, -21
1345.5, -20, -21
1345.6, -20, -21
1345.7, -20, -21
1345.8, -20, -21
1345.9, -20, -21
1346, -20, -21
1346.1, -20, -21
1346.2, -20, -21
1346.3, -20, -21
1346.4, -20, -21
1346.5, -19, -21
1346.6, -19, -21
1346.7, -19, -21
1346.8, -19, -21
1346.9, -19, -21
1347, -19, -21
1347.1, -19, -21
1347.2, -19, -21
1347.3, -19, -21
1347.4, -19, -21
1347.5, -19, -21
1347.6, -19, -21
1347.7, -19, -21
1347.8, -19, -21
1347.9, -19, -21
1348, -19, -21
1348.1, -19, -21
1348.2, -19, -21
1348.3, -19, -21
1348.4, -19, -21
1348.5, -19, -21
1348.6, -19, -21
1348.7, -19, -21
1348.8, -19, -21
1348.9, -19, -21
1349, -19, -21
1349.1, -19, -21
1349.2, -19, -21
1349.3, -19, -21
1349.4, -19, -21
1349.5, -19, -21
1349.6, -19, -21
1349.7, -19, -21
1349.8, -19, -21
1349.9, -19, -21
1350, -19, -21
1350.1, -19, -21
1350.2, -19, -21
1350.3, -19, -21
1350.4, -19, -21
1350.5, -19, -21
1350.6, -19, -21
1350.7, -19, -21
1350.8, -19, -21
1350.9, -19, -21
1351, -19, -21
1351.1, -19, -21
1351.2, -19, -21
1351.3, -19, -21
1351.4, -19, -21
1351.5, -19, -21
1351.6, -19, -21
1351.7, -19, -21
1351.8, -19, -21
1351.9, -19, -21
1352, -19, -21
1352.1, -19, -21
1352.2, -19, -21
1352.3, -19, -21
1352.4, -19, -21
1352.5, -19, -21
1352.6, -19, -21
1352.7, -19, -21
1352.8, -19, -21
1352.9, -19, -21
1353, -19, -21
1353.1, -19, -21
1353.2, -19, -21
1353.3, -19, -21
1353.4, -19, -21
1353.5, -19, -21
1353.6, -19, -21
1353.7, -19, -21
1353.8, -19, -21
1353.9, -19, -21
1354, -19, -21
1354.1, -19, -21
1354.2, -19, -21
1354.3, -19, -21
1354.4, -19, -21
1354.5, -19, -21
1354.6, -19, -21
1354.7, -19, -21
1354.8, -19, -21
1354.9, -19, -21
1355, -19, -21
1355.1, -19, -21
1355.2, -19, -21
1355.3, -19, -21
1355.4, -19, -21
1355.5, -19, -21
1355.6, -19, -21
1355.7, -19, -21
1355.8, -19, -21
1355.9, -19, -21
1356, -19, -21
1356.1, -19, -21
1356.2, -19, -21
1356.3, -19, -21
1356.4, -19, -21
1356.5, -19, -21
1356.6, -19, -21
1356.7, -19, -21
1356.8, -19, -21
1356.9, -19, -22
1357, -19, -22
1357.1, -19, -22
1357.2, -19, -22
1357.3, -18, -22
1357.4, -18, -22
1357.5, -18, -22
1357.6, -18, -22
1357.7, -18, -23
1357.8, -18, -23
1357.9, -18, -23
1358, -18, -23
1358.1, -18, -23
1358.2, -18, -23
1358.3, -18, -23
1358.4, -18, -23
1358.5, -18, -23
1358.6, -18, -23
1358.7, -18, -23
1358.8, -18, -23
1358.9, -18, -23
1359, -18, -23
1359.1, -18, -23
1359.2, -18, -23
1359.3, -18, -23
1359.4, -18, -23
1359.5, -18, -23
1359.6, -18, -23
1359.7, -18, -23
1359.8, -18, -23
1359.9, -18, -23
1360, -18, -23
1360.1, -18, -23
1360.2, -18, -23
1360.3, -18, -23
1360.4, -18, -23
1360.5, -18, -23
1360.6, -18, -23
1360.7, -18, -23
1360.8, -18, -23
1360.9, -18, -23
1361, -18, -23
1361.1, -18, -23
1361.2, -18, -23
1361.3, -18, -23
1361.4, -18, -23
1361.5, -18, -23
1361.6, -18, -23
1361.7, -18, -23
1361.8, -18, -23
1361.9, -18, -23
1362, -18, -23
1362.1, -18, -23
1362.2, -18, -23
1362.3, -18, -22
1362.4, -18, -22
1362.5, -18, -22
1362.6, -18, -22
1362.7, -18, -22
1362.8, -18, -22
1362.9, -18, -22
1363, -18, -22
1363.1, -18, -22
1363.2, -18, -22
1363.3, -18, -22
1363.4, -18, -22
1363.5, -18, -22
1363.6, -18, -22
1363.7, -18, -22
1363.8, -18, -22
1363.9, -18, -22
1364, -18, -22
1364.1, -18, -23
1364.2, -18, -23
1364.3, -18, -23
1364.4, -18, -23
1364.5, -18, -23
1364.6, -18, -23
1364.7, -18, -23
1364.8, -18, -23
1364.9, -18, -23
1365, -18, -23
1365.1, -18, -23
1365.2, -18, -23
1365.3, -18, -23
1365.4, -18, -23
1365.5, -18, -23
1365.6, -18, -23
1365.7, -18, -23
1365.8, -18, -23
1365.9, -18, -23
1366, -18, -23
1366.1, -18, -23
1366.2, -18, -23
1366.3, -18, -23
1366.4, -18, -23
1366.5, -18, -23
1366.6, -18, -23
1366.7, -18, -23
1366.8, -18, -23
1366.9, -19, -23
1367, -19, -23
1367.1, -19, -23
1367.2, -19, -23
1367.3, -19, -23
1367.4, -19, -23
1367.5, -19, -23
1367.6, -19, -23
1367.7, -19, -23
1367.8, -19, -23
1367.9, -19, -23
1368, -19, -23
1368.1, -19, -23
1368.2, -19, -23
1368.3, -19, -23
1368.4, -19, -23
1368.5, -19, -23
1368.6, -19, -23
1368.7, -19, -23
1368.8, -19, -23
1368.9, -18, -23
1369, -18, -23
1369.1, -18, -23
1369.2, -18, -23
1369.3, -18, -23
1369.4, -18, -23
1369.5, -17, -23
1369.6, -17, -23
1369.7, -17, -23
1369.8, -17, -23
1369.9, -17, -23
1370, -17, -23
1370.1, -17, -23
1370.2, -17, -23
1370.3, -17, -23
1370.4, -17, -23
1370.5, -17, -23
1370.6, -17, -23
1370.7, -17, -23
1370.8, -17, -23
1370.9, -17, -23
1371, -17, -23
1371.1, -17, -23
1371.2, -17, -23
1371.3, -17, -23
1371.4, -17, -23
1371.5, -17, -23
1371.6, -17, -23
1371.7, -17, -23
1371.8, -17, -23
1371.9, -17, -23
1372, -17, -23
1372.1, -17, -23
1372.2, -17, -23
1372.3, -17, -23
1372.4, -17, -23
1372.5, -17, -23
1372.6, -17, -23
1372.7, -17, -23
1372.8, -17, -23
1372.9, -17, -23
1373, -17, -23
1373.1, -17, -23
1373.2, -17, -23
1373.3, -17, -23
1373.4, -17, -23
1373.5, -17, -23
1373.6, -17, -23
1373.7, -17, -23
1373.8, -17, -23
1373.9, -17, -23
1374, -17, -23
1374.1, -17, -23
1374.2, -17, -23
1374.3, -17, -23
1374.4, -17, -23
1374.5, -17, -23
1374.6, -17, -23
1374.7, -17, -23
1374.8, -17, -23
1374.9, -17, -23
1375, -17, -23
1375.1, -17, -23
1375.2, -17, -23
1375.3, -17, -23
1375.4, -17, -23
1375.5, -17, -24
1375.6, -17, -24
1375.7, -17, -24
1375.8, -17, -24
1375.9, -17, -24
1376, -17, -24
1376.1, -17, -25
1376.2, -17, -25
1376.3, -17, -25
1376.4, -17, -25
1376.5, -17, -25
1376.6, -17, -25
1376.7, -17, -25
1376.8, -17, -25
1376.9, -17, -25
1377, -17, -25
1377.1, -17, -25
1377.2, -17, -25
1377.3, -17, -25
1377.4, -17, -25
1377.5, -17, -25
1377.6, -17, -25
1377.7, -18, -25
1377.8, -18, -25
1377.9, -18, -25
1378, -18, -25
1378.1, -18, -25
1378.2, -18, -25
1378.3, -18, -25
1378.4, -18, -25
1378.5, -18, -25
1378.6, -18, -25
1378.7, -18, -25
1378.8, -18, -25
1378.9, -18, -25
1379, -18, -25
1379.1, -18, -25
1379.2, -18, -25
1379.3, -18, -25
1379.4, -18, -25
1379.5, -18, -25
1379.6, -18, -25
1379.7, -18, -25
1379.8, -18, -25
1379.9, -18, -25
1380, -18, -25
1380.1, -18, -25
1380.2, -18, -25
1380.3, -18, -26
1380.4, -18, -26
1380.5, -18, -26
1380.6, -18, -26
1380.7, -18, -26
1380.8, -18, -26
1380.9, -18, -26
1381, -18, -26
1381.1, -18, -26
1381.2, -18, -26
1381.3, -18, -26
1381.4, -18, -26
1381.5, -18, -26
1381.6, -18, -26
1381.7, -18, -26
1381.8, -18, -26
1381.9, -18, -26
1382, -18, -26
1382.1, -18, -26
1382.2, -18, -26
1382.3, -18, -26
1382.4, -18, -26
1382.5, -18, -26
1382.6, -18, -26
1382.7, -18, -26
1382.8, -18, -26
1382.9, -18, -26
1383, -18, -26
1383.1, -18, -26
1383.2, -18, -26
1383.3, -18, -27
1383.4, -18, -27
1383.5, -18, -27
1383.6, -18, -27
1383.7, -18, -27
1383.8, -18, -27
1383.9, -18, -28
1384, -18, -28
1384.1, -18, -28
1384.2, -18, -28
1384.3, -18, -28
1384.4, -18, -28
1384.5, -18, -28
1384.6, -18, -28
1384.7, -17, -28
1384.8, -17, -28
1384.9, -17, -28
1385, -17, -28
1385.1, -17, -28
1385.2, -17, -28
1385.3, -17, -28
1385.4, -17, -28
1385.5, -17, -28
1385.6, -17, -28
1385.7, -17, -28
1385.8, -17, -28
1385.9, -17, -28
1386, -17, -28
1386.1, -17, -28
1386.2, -17, -28
1386.3, -17, -28
1386.4, -17, -28
1386.5, -17, -28
1386.6, -17, -28
1386.7, -17, -28
1386.8, -17, -28
1386.9, -17, -28
1387, -17, -28
1387.1, -17, -28
1387.2, -17, -28
1387.3, -17, -28
1387.4, -17, -28
1387.5, -17, -28
1387.6, -17, -28
1387.7, -17, -28
1387.8, -17, -28
1387.9, -17, -28
1388, -17, -28
1388.1, -18, -28
1388.2, -18, -28
1388.3, -18, -28
1388.4, -18, -28
1388.5, -18, -28
1388.6, -18, -28
1388.7, -18, -29
1388.8, -18, -29
1388.9, -18, -29
1389, -18, -29
1389.1, -18, -29
1389.2, -18, -29
1389.3, -18, -29
1389.4, -18, -29
1389.5, -18, -29
1389.6, -18, -29
1389.7, -18, -29
1389.8, -18, -29
1389.9, -18, -29
1390, -18, -29
1390.1, -18, -29
1390.2, -18, -29
1390.3, -18, -29
1390.4, -18, -29
1390.5, -18, -29
1390.6, -18, -29
1390.7, -18, -29
1390.8, -18, -29
1390.9, -18, -29
1391, -18, -29
1391.1, -18, -29
1391.2, -18, -29
1391.3, -18, -29
1391.4, -18, -29
1391.5, -18, -29
1391.6, -18, -29
1391.7, -18, -29
1391.8, -18, -29
1391.9, -18, -29
1392, -18, -29
1392.1, -18, -29
1392.2, -18, -29
1392.3, -18, -29
1392.4, -18, -29
1392.5, -18, -29
1392.6, -18, -29
1392.7, -18, -29
1392.8, -18, -29
1392.9, -18, -29
1393, -18, -29
1393.1, -18, -29
1393.2, -18, -29
1393.3, -18, -29
1393.4, -18, -29
1393.5, -18, -29
1393.6, -18, -29
1393.7, -19, -29
1393.8, -19, -29
1393.9, -19, -29
1394, -19, -29
1394.1, -19, -30
1394.2, -19, -30
1394.3, -20, -30
1394.4, -20, -30
1394.5, -20, -30
1394.6, -20, -30
1394.7, -20, -30
1394.8, -20, -30
1394.9, -20, -30
1395, -20, -30
1395.1, -20, -30
1395.2, -20, -30
1395.3, -20, -30
1395.4, -20, -30
1395.5, -20, -30
1395.6, -20, -30
1395.7, -20, -30
1395.8, -20, -30
1395.9, -20, -30
1396, -20, -30
1396.1, -20, -30
1396.2, -20, -30
1396.3, -20, -30
1396.4, -20, -30
1396.5, -21, -30
1396.6, -21, -30
1396.7, -21, -30
1396.8, -21, -30
1396.9, -21, -30
1397, -21, -30
1397.1, -21, -30
1397.2, -21, -30
1397.3, -21, -30
1397.4, -21, -30
1397.5, -21, -30
1397.6, -21, -30
1397.7, -20, -30
1397.8, -20, -30
1397.9, -20, -30
1398, -20, -30
1398.1, -20, -30
1398.2, -20, -30
1398.3, -20, -30
1398.4, -20, -30
1398.5, -20, -30
1398.6, -20, -30
1398.7, -20, -31
1398.8, -20, -31
1398.9, -20, -31
1399, -20, -31
1399.1, -20, -31
1399.2, -20, -31
1399.3, -20, -31
1399.4, -20, -31
1399.5, -20, -31
1399.6, -20, -31
1399.7, -20, -31
1399.8, -20, -31
1399.9, -20, -31
1400, -20, -31
1400.1, -20, -31
1400.2, -20, -31
1400.3, -19, -31
1400.4, -19, -31
1400.5, -19, -31
1400.6, -19, -31
1400.7, -19, -31
1400.8, -19, -31
1400.9, -19, -31
1401, -19, -31
1401.1, -19, -31
1401.2, -19, -31
1401.3, -19, -31
1401.4, -19, -31
1401.5, -19, -31
1401.6, -19, -31
1401.7, -19, -31
1401.8, -19, -31
1401.9, -19, -31
1402, -19, -31
1402.1, -19, -31
1402.2, -19, -31
1402.3, -19, -31
1402.4, -19, -31
1402.5, -19, -31
1402.6, -19, -31
1402.7, -19, -31
1402.8, -19, -31
1402.9, -19, -31
1403, -19, -31
1403.1, -19, -31
1403.2, -19, -31
1403.3, -19, -31
1403.4, -19, -31
1403.5, -19, -31
1403.6, -19, -31
1403.7, -19, -31
1403.8, -19, -31
1403.9, -19, -31
1404, -19, -31
1404.1, -19, -31
1404.2, -19, -31
1404.3, -18, -31
1404.4, -18, -31
1404.5, -18, -31
1404.6, -18, -31
1404.7, -18, -31
1404.8, -18, -31
1404.9, -18, -32
1405, -18, -32
1405.1, -18, -32
1405.2, -18, -32
1405.3, -18, -32
1405.4, -18, -32
1405.5, -18, -32
1405.6, -18, -32
1405.7, -18, -32
1405.8, -18, -32
1405.9, -18, -32
1406, -18, -32
1406.1, -18, -32
1406.2, -18, -32
1406.3, -18, -32
1406.4, -18, -32
1406.5, -18, -32
1406.6, -18, -32
1406.7, -18, -32
1406.8, -18, -32
1406.9, -18, -32
1407, -18, -32
1407.1, -18, -32
1407.2, -18, -32
1407.3, -19, -32
1407.4, -19, -32
1407.5, -19, -32
1407.6, -19, -32
1407.7, -19, -32
1407.8, -19, -32
1407.9, -19, -32
1408, -19, -32
1408.1, -19, -32
1408.2, -19, -32
1408.3, -19, -32
1408.4, -19, -32
1408.5, -19, -32
1408.6, -19, -32
1408.7, -19, -32
1408.8, -19, -32
1408.9, -19, -32
1409, -19, -32
1409.1, -19, -32
1409.2, -19, -32
1409.3, -19, -32
1409.4, -19, -32
1409.5, -19, -32
1409.6, -19, -32
1409.7, -19, -32
1409.8, -19, -32
1409.9, -19, -32
1410, -19, -32
1410.1, -19, -32
1410.2, -19, -32
1410.3, -19, -32
1410.4, -19, -32
1410.5, -20, -32
1410.6, -20, -32
1410.7, -20, -32
1410.8, -20, -32
1410.9, -20, -31
1411, -20, -31
1411.1, -20, -31
1411.2, -20, -31
1411.3, -20, -31
1411.4, -20, -31
1411.5, -20, -31
1411.6, -20, -31
1411.7, -20, -31
1411.8, -20, -31
1411.9, -20, -31
1412, -20, -31
1412.1, -20, -31
1412.2, -20, -31
1412.3, -20, -31
1412.4, -20, -31
1412.5, -20, -31
1412.6, -20, -31
1412.7, -20, -31
1412.8, -20, -31
1412.9, -20, -31
1413, -20, -31
1413.1, -20, -31
1413.2, -20, -31
1413.3, -20, -31
1413.4, -20, -31
1413.5, -20, -31
1413.6, -20, -31
1413.7, -20, -31
1413.8, -20, -31
1413.9, -20, -31
1414, -20, -31
1414.1, -20, -31
1414.2, -20, -31
1414.3, -20, -31
1414.4, -20, -31
1414.5, -20, -31
1414.6, -20, -31
1414.7, -20, -31
1414.8, -20, -31
1414.9, -20, -32
1415, -20, -32
1415.1, -20, -32
1415.2, -20, -32
1415.3, -20, -32
1415.4, -20, -32
1415.5, -20, -32
1415.6, -20, -32
1415.7, -20, -32
1415.8, -20, -32
1415.9, -20, -32
1416, -20, -32
1416.1, -20, -32
1416.2, -20, -32
1416.3, -20, -32
1416.4, -20, -32
1416.5, -20, -32
1416.6, -20, -32
1416.7, -20, -32
1416.8, -20, -32
1416.9, -20, -32
1417, -20, -32
1417.1, -20, -32
1417.2, -20, -32
1417.3, -20, -32
1417.4, -20, -32
1417.5, -20, -32
1417.6, -20, -32
1417.7, -20, -33
1417.8, -20, -33
1417.9, -20, -33
1418, -20, -33
1418.1, -20, -33
1418.2, -20, -33
1418.3, -20, -33
1418.4, -20, -33
1418.5, -20, -33
1418.6, -20, -33
1418.7, -20, -33
1418.8, -20, -33
1418.9, -20, -33
1419, -20, -33
1419.1, -20, -33
1419.2, -20, -33
1419.3, -20, -33
1419.4, -20, -33
1419.5, -20, -32
1419.6, -20, -32
1419.7, -20, -32
1419.8, -20, -32
1419.9, -20, -32
1420, -20, -32
1420.1, -20, -32
1420.2, -20, -32
1420.3, -20, -32
1420.4, -20, -32
1420.5, -20, -32
1420.6, -20, -32
1420.7, -20, -32
1420.8, -20, -32
1420.9, -20, -32
1421, -20, -32
1421.1, -20, -32
1421.2, -20, -32
1421.3, -20, -32
1421.4, -20, -32
1421.5, -20, -32
1421.6, -20, -32
1421.7, -20, -32
1421.8, -20, -32
1421.9, -20, -32
1422, -20, -32
1422.1, -20, -32
1422.2, -20, -32
1422.3, -20, -32
1422.4, -20, -32
1422.5, -20, -32
1422.6, -20, -32
1422.7, -20, -32
1422.8, -20, -32
1422.9, -20, -32
1423, -20, -32
1423.1, -20, -32
1423.2, -20, -32
1423.3, -20, -32
1423.4, -20, -32
1423.5, -20, -32
1423.6, -20, -32
1423.7, -20, -32
1423.8, -20, -32
1423.9, -20, -33
1424, -20, -33
1424.1, -20, -33
1424.2, -20, -33
1424.3, -20, -33
1424.4, -20, -33
1424.5, -20, -34
1424.6, -20, -34
1424.7, -20, -34
1424.8, -20, -34
1424.9, -20, -34
1425, -20, -34
1425.1, -21, -34
1425.2, -21, -34
1425.3, -21, -34
1425.4, -21, -34
1425.5, -21, -34
1425.6, -21, -34
1425.7, -21, -34
1425.8, -21, -34
1425.9, -21, -34
1426, -21, -34
1426.1, -21, -34
1426.2, -21, -34
1426.3, -21, -34
1426.4, -21, -34
1426.5, -21, -34
1426.6, -21, -34
1426.7, -21, -34
1426.8, -21, -34
1426.9, -21, -34
1427, -21, -34
1427.1, -21, -34
1427.2, -21, -34
1427.3, -21, -34
1427.4, -21, -34
1427.5, -21, -34
1427.6, -21, -34
1427.7, -21, -34
1427.8, -21, -34
1427.9, -21, -34
1428, -21, -34
1428.1, -21, -34
1428.2, -21, -34
1428.3, -21, -34
1428.4, -21, -34
1428.5, -21, -34
1428.6, -21, -34
1428.7, -21, -34
1428.8, -21, -34
1428.9, -21, -34
1429, -21, -34
1429.1, -21, -34
1429.2, -21, -34
1429.3, -21, -34
1429.4, -21, -34
1429.5, -21, -34
1429.6, -21, -34
1429.7, -21, -34
1429.8, -21, -34
1429.9, -21, -34
1430, -21, -34
1430.1, -21, -34
1430.2, -21, -34
1430.3, -21, -34
1430.4, -21, -34
1430.5, -21, -34
1430.6, -21, -34
1430.7, -21, -34
1430.8, -21, -34
1430.9, -21, -34
1431, -21, -34
1431.1, -21, -34
1431.2, -21, -34
1431.3, -21, -34
1431.4, -21, -34
1431.5, -21, -34
1431.6, -21, -34
1431.7, -21, -34
1431.8, -21, -34
1431.9, -21, -34
1432, -21, -34
1432.1, -21, -34
1432.2, -21, -34
1432.3, -21, -34
1432.4, -21, -34
1432.5, -21, -34
1432.6, -21, -34
1432.7, -21, -34
1432.8, -21, -34
1432.9, -21, -34
1433, -21, -34
1433.1, -20, -34
1433.2, -20, -34
1433.3, -20, -34
1433.4, -20, -34
1433.5, -20, -34
1433.6, -20, -34
1433.7, -20, -34
1433.8, -20, -34
1433.9, -20, -34
1434, -20, -34
1434.1, -20, -34
1434.2, -20, -34
1434.3, -20, -34
1434.4, -20, -34
1434.5, -20, -34
1434.6, -20, -34
1434.7, -20, -34
1434.8, -20, -34
1434.9, -20, -34
1435, -20, -34
1435.1, -20, -34
1435.2, -20, -34
1435.3, -20, -34
1435.4, -20, -34
1435.5, -20, -35
1435.6, -20, -35
1435.7, -20, -35
1435.8, -20, -35
1435.9, -20, -35
1436, -20, -35
1436.1, -20, -35
1436.2, -20, -35
1436.3, -21, -35
1436.4, -21, -35
1436.5, -21, -35
1436.6, -21, -35
1436.7, -21, -35
1436.8, -21, -35
1436.9, -21, -35
1437, -21, -35
1437.1, -22, -35
1437.2, -22, -35
1437.3, -22, -35
1437.4, -22, -35
1437.5, -22, -35
1437.6, -22, -35
1437.7, -22, -35
1437.8, -22, -35
1437.9, -22, -35
1438, -22, -35
1438.1, -22, -35
1438.2, -22, -35
1438.3, -22, -35
1438.4, -22, -35
1438.5, -22, -35
1438.6, -22, -35
1438.7, -22, -35
1438.8, -22, -35
1438.9, -22, -35
1439, -22, -35
1439.1, -22, -35
1439.2, -22, -35
1439.3, -21, -35
1439.4, -21, -35
1439.5, -21, -35
1439.6, -21, -35
1439.7, -21, -35
1439.8, -21, -35
1439.9, -21, -35
1440, -21, -35
1440.1, -21, -35
1440.2, -21, -35
1440.3, -21, -35
1440.4, -21, -35
1440.5, -21, -35
1440.6, -21, -35
1440.7, -21, -35
1440.8, -21, -35
1440.9, -21, -35
1441, -21, -35
1441.1, -21, -35
1441.2, -21, -35
1441.3, -21, -35
1441.4, -21, -35
1441.5, -21, -35
1441.6, -21, -35
1441.7, -21, -35
1441.8, -21, -35
1441.9, -21, -35
1442, -21, -35
1442.1, -21, -35
1442.2, -21, -35
1442.3, -21, -35
1442.4, -21, -35
1442.5, -21, -35
1442.6, -21, -35
1442.7, -21, -35
1442.8, -21, -35
1442.9, -21, -35
1443, -21, -35
1443.1, -21, -35
1443.2, -21, -35
1443.3, -21, -35
1443.4, -21, -35
1443.5, -21, -35
1443.6, -21, -35
1443.7, -21, -35
1443.8, -21, -35
1443.9, -21, -35
1444, -21, -35
1444.1, -21, -35
1444.2, -21, -35
1444.3, -21, -35
1444.4, -21, -35
1444.5, -21, -35
1444.6, -21, -35
1444.7, -21, -35
1444.8, -21, -35
1444.9, -21, -35
1445, -21, -35
1445.1, -21, -35
1445.2, -21, -35
1445.3, -21, -35
1445.4, -21, -35
1445.5, -21, -35
1445.6, -21, -35
1445.7, -21, -35
1445.8, -21, -35
1445.9, -21, -35
1446, -21, -35
1446.1, -21, -35
1446.2, -21, -35
1446.3, -21, -35
1446.4, -21, -35
1446.5, -21, -35
1446.6, -21, -35
1446.7, -21, -35
1446.8, -21, -35
1446.9, -21, -35
1447, -21, -35
1447.1, -21, -35
1447.2, -21, -35
1447.3, -21, -35
1447.4, -21, -35
1447.5, -21, -35
1447.6, -21, -35
1447.7, -21, -36
1447.8, -21, -36
1447.9, -21, -36
1448, -21, -36
1448.1, -21, -35
1448.2, -21, -35
1448.3, -21, -35
1448.4, -21, -35
1448.5, -21, -35
1448.6, -21, -35
1448.7, -21, -36
1448.8, -21, -36
1448.9, -21, -36
1449, -21, -36
1449.1, -21, -36
1449.2, -21, -36
1449.3, -21, -36
1449.4, -21, -36
1449.5, -21, -36
1449.6, -21, -36
1449.7, -21, -36
1449.8, -21, -36
1449.9, -21, -36
1450, -21, -36
1450.1, -21, -36
1450.2, -21, -36
1450.3, -21, -36
1450.4, -21, -36
1450.5, -21, -36
1450.6, -21, -36
1450.7, -21, -36
1450.8, -21, -36
1450.9, -21, -36
1451, -21, -36
1451.1, -21, -36
1451.2, -21, -36
1451.3, -21, -36
1451.4, -21, -36
1451.5, -21, -36
1451.6, -21, -36
1451.7, -21, -35
1451.8, -21, -35
1451.9, -21, -35
1452, -21, -35
1452.1, -21, -35
1452.2, -21, -35
1452.3, -21, -35
1452.4, -21, -35
1452.5, -21, -35
1452.6, -21, -35
1452.7, -21, -35
1452.8, -21, -35
1452.9, -21, -35
1453, -21, -35
1453.1, -21, -35
1453.2, -21, -35
1453.3, -21, -35
1453.4, -21, -35
1453.5, -21, -35
1453.6, -21, -35
1453.7, -20, -35
1453.8, -20, -35
1453.9, -20, -35
1454, -20, -35
1454.1, -20, -35
1454.2, -20, -35
1454.3, -20, -35
1454.4, -20, -35
1454.5, -20, -35
1454.6, -20, -35
1454.7, -20, -35
1454.8, -20, -35
1454.9, -20, -35
1455, -20, -35
1455.1, -20, -35
1455.2, -20, -35
1455.3, -20, -35
1455.4, -20, -35
1455.5, -20, -35
1455.6, -20, -35
1455.7, -20, -35
1455.8, -20, -35
1455.9, -20, -35
1456, -20, -35
1456.1, -21, -35
1456.2, -21, -35
1456.3, -21, -35
1456.4, -21, -35
1456.5, -21, -35
1456.6, -21, -35
1456.7, -21, -35
1456.8, -21, -35
1456.9, -21, -35
1457, -21, -35
1457.1, -21, -35
1457.2, -21, -35
1457.3, -21, -35
1457.4, -21, -35
1457.5, -21, -35
1457.6, -21, -35
1457.7, -21, -35
1457.8, -21, -35
1457.9, -21, -35
1458, -21, -35
1458.1, -21, -35
1458.2, -21, -35
1458.3, -21, -35
1458.4, -21, -35
1458.5, -21, -35
1458.6, -21, -35
1458.7, -21, -35
1458.8, -21, -35
1458.9, -21, -35
1459, -21, -35
1459.1, -21, -35
1459.2, -21, -35
1459.3, -21, -35
1459.4, -21, -35
1459.5, -21, -35
1459.6, -21, -35
1459.7, -21, -35
1459.8, -21, -35
1459.9, -21, -35
1460, -21, -35
1460.1, -21, -35
1460.2, -21, -35
1460.3, -21, -35
1460.4, -21, -35
1460.5, -21, -35
1460.6, -21, -35
1460.7, -21, -35
1460.8, -21, -35
1460.9, -21, -35
1461, -21, -35
1461.1, -21, -35
1461.2, -21, -35
1461.3, -21, -35
1461.4, -21, -35
1461.5, -21, -35
1461.6, -21, -35
1461.7, -22, -35
1461.8, -22, -35
1461.9, -22, -35
1462, -22, -35
1462.1, -22, -35
1462.2, -22, -35
1462.3, -22, -35
1462.4, -22, -35
1462.5, -22, -35
1462.6, -22, -35
1462.7, -22, -35
1462.8, -22, -35
1462.9, -22, -35
1463, -22, -35
1463.1, -22, -35
1463.2, -22, -35
1463.3, -22, -35
1463.4, -22, -35
1463.5, -22, -35
1463.6, -22, -35
1463.7, -22, -35
1463.8, -22, -35
1463.9, -22, -35
1464, -22, -35
1464.1, -22, -35
1464.2, -22, -35
1464.3, -22, -35
1464.4, -22, -35
1464.5, -21, -35
1464.6, -21, -35
1464.7, -21, -35
1464.8, -21, -35
1464.9, -21, -36
1465, -21, -36
1465.1, -21, -36
1465.2, -21, -36
1465.3, -21, -36
1465.4, -21, -36
1465.5, -21, -36
1465.6, -21, -36
1465.7, -21, -36
1465.8, -21, -36
1465.9, -22, -36
1466, -22, -36
1466.1, -22, -36
1466.2, -22, -36
1466.3, -22, -36
1466.4, -22, -36
1466.5, -22, -36
1466.6, -22, -36
1466.7, -22, -36
1466.8, -22, -36
1466.9, -22, -36
1467, -22, -36
1467.1, -22, -36
1467.2, -22, -36
1467.3, -22, -36
1467.4, -22, -36
1467.5, -22, -36
1467.6, -22, -36
1467.7, -22, -36
1467.8, -22, -36
1467.9, -22, -36
1468, -22, -36
1468.1, -22, -36
1468.2, -22, -36
1468.3, -22, -36
1468.4, -22, -36
1468.5, -22, -36
1468.6, -22, -36
1468.7, -22, -36
1468.8, -22, -36
1468.9, -22, -36
1469, -22, -36
1469.1, -22, -36
1469.2, -22, -36
1469.3, -22, -36
1469.4, -22, -36
1469.5, -22, -36
1469.6, -22, -36
1469.7, -22, -36
1469.8, -22, -36
1469.9, -22, -36
1470, -22, -36
1470.1, -22, -35
1470.2, -22, -35
1470.3, -22, -35
1470.4, -22, -35
1470.5, -22, -35
1470.6, -22, -35
1470.7, -22, -35
1470.8, -22, -35
1470.9, -22, -35
1471, -22, -35
1471.1, -22, -35
1471.2, -22, -35
1471.3, -22, -36
1471.4, -22, -36
1471.5, -22, -36
1471.6, -22, -36
1471.7, -22, -37
1471.8, -22, -37
1471.9, -22, -37
1472, -22, -37
1472.1, -22, -37
1472.2, -22, -37
1472.3, -22, -37
1472.4, -22, -37
1472.5, -22, -37
1472.6, -22, -37
1472.7, -22, -37
1472.8, -22, -37
1472.9, -22, -37
1473, -22, -37
1473.1, -22, -37
1473.2, -22, -37
1473.3, -22, -36
1473.4, -22, -36
1473.5, -22, -36
1473.6, -22, -36
1473.7, -22, -36
1473.8, -22, -36
1473.9, -22, -35
1474, -22, -35
1474.1, -22, -34
1474.2, -22, -34
1474.3, -22, -34
1474.4, -22, -34
1474.5, -22, -33
1474.6, -22, -33
1474.7, -22, -33
1474.8, -22, -33
1474.9, -22, -33
1475, -22, -33
1475.1, -22, -33
1475.2, -22, -33
1475.3, -22, -33
1475.4, -22, -33
1475.5, -22, -33
1475.6, -22, -33
1475.7, -22, -33
1475.8, -22, -33
1475.9, -22, -33
1476, -22, -33
1476.1, -22, -33
1476.2, -22, -33
1476.3, -22, -33
1476.4, -22, -33
1476.5, -22, -33
1476.6, -22, -33
1476.7, -22, -33
1476.8, -22, -33
1476.9, -22, -33
1477, -22, -33
1477.1, -22, -33
1477.2, -22, -33
1477.3, -22, -33
1477.4, -22, -33
1477.5, -22, -33
1477.6, -22, -33
1477.7, -22, -33
1477.8, -22, -33
1477.9, -22, -33
1478, -22, -33
1478.1, -22, -33
1478.2, -22, -33
1478.3, -22, -33
1478.4, -22, -33
1478.5, -22, -34
1478.6, -22, -34
1478.7, -22, -34
1478.8, -22, -34
1478.9, -22, -34
1479, -22, -34
1479.1, -22, -34
1479.2, -22, -34
1479.3, -22, -34
1479.4, -22, -34
1479.5, -22, -34
1479.6, -22, -34
1479.7, -22, -34
1479.8, -22, -34
1479.9, -22, -34
1480, -22, -34
1480.1, -22, -34
1480.2, -22, -34
1480.3, -22, -34
1480.4, -22, -34
1480.5, -22, -34
1480.6, -22, -34
1480.7, -22, -34
1480.8, -22, -34
1480.9, -22, -34
1481, -22, -34
1481.1, -22, -34
1481.2, -22, -34
1481.3, -22, -34
1481.4, -22, -34
1481.5, -22, -34
1481.6, -22, -34
1481.7, -22, -34
1481.8, -22, -34
1481.9, -22, -34
1482, -22, -34
1482.1, -22, -34
1482.2, -22, -34
1482.3, -22, -34
1482.4, -22, -34
1482.5, -22, -34
1482.6, -22, -34
1482.7, -22, -34
1482.8, -22, -34
1482.9, -22, -35
1483, -22, -35
1483.1, -22, -35
1483.2, -22, -35
1483.3, -22, -35
1483.4, -22, -35
1483.5, -22, -35
1483.6, -22, -35
1483.7, -22, -35
1483.8, -22, -35
1483.9, -22, -35
1484, -22, -35
1484.1, -22, -35
1484.2, -22, -35
1484.3, -22, -35
1484.4, -22, -35
1484.5, -22, -35
1484.6, -22, -35
1484.7, -22, -35
1484.8, -22, -35
1484.9, -22, -35
1485, -22, -35
1485.1, -22, -35
1485.2, -22, -35
1485.3, -22, -35
1485.4, -22, -35
1485.5, -22, -35
1485.6, -22, -35
1485.7, -22, -35
1485.8, -22, -35
1485.9, -22, -35
1486, -22, -35
1486.1, -22, -35
1486.2, -22, -35
1486.3, -22, -35
1486.4, -22, -35
1486.5, -22, -35
1486.6, -22, -35
1486.7, -22, -35
1486.8, -22, -35
1486.9, -22, -35
1487, -22, -35
1487.1, -21, -35
1487.2, -21, -35
1487.3, -21, -35
1487.4, -21, -35
1487.5, -21, -35
1487.6, -21, -35
1487.7, -21, -35
1487.8, -21, -35
1487.9, -21, -35
1488, -21, -35
1488.1, -21, -35
1488.2, -21, -35
1488.3, -21, -35
1488.4, -21, -35
1488.5, -21, -35
1488.6, -21, -35
1488.7, -21, -35
1488.8, -21, -35
1488.9, -21, -35
1489, -21, -35
1489.1, -21, -35
1489.2, -21, -35
1489.3, -21, -35
1489.4, -21, -35
1489.5, -21, -35
1489.6, -21, -35
1489.7, -21, -35
1489.8, -21, -35
1489.9, -21, -35
1490, -21, -35
1490.1, -21, -35
1490.2, -21, -35
1490.3, -21, -34
1490.4, -21, -34
1490.5, -21, -34
1490.6, -21, -34
1490.7, -21, -35
1490.8, -21, -35
1490.9, -21, -35
1491, -21, -35
1491.1, -21, -35
1491.2, -21, -35
1491.3, -21, -35
1491.4, -21, -35
1491.5, -21, -35
1491.6, -21, -35
1491.7, -21, -35
1491.8, -21, -35
1491.9, -21, -35
1492, -21, -35
1492.1, -21, -35
1492.2, -21, -35
1492.3, -21, -35
1492.4, -21, -35
1492.5, -21, -35
1492.6, -21, -35
1492.7, -21, -35
1492.8, -21, -35
1492.9, -21, -35
1493, -21, -35
1493.1, -21, -35
1493.2, -21, -35
1493.3, -21, -35
1493.4, -21, -35
1493.5, -21, -35
1493.6, -21, -35
1493.7, -21, -35
1493.8, -21, -35
1493.9, -21, -36
1494, -21, -36
1494.1, -21, -36
1494.2, -21, -36
1494.3, -21, -36
1494.4, -21, -36
1494.5, -21, -36
1494.6, -21, -36
1494.7, -21, -36
1494.8, -21, -36
1494.9, -21, -36
1495, -21, -36
1495.1, -21, -36
1495.2, -21, -36
1495.3, -21, -36
1495.4, -21, -36
1495.5, -21, -36
1495.6, -21, -36
1495.7, -21, -36
1495.8, -21, -36
1495.9, -21, -36
1496, -21, -36
1496.1, -21, -36
1496.2, -21, -36
1496.3, -21, -36
1496.4, -21, -36
1496.5, -21, -36
1496.6, -21, -36
1496.7, -21, -36
1496.8, -21, -36
1496.9, -21, -36
1497, -21, -36
1497.1, -20, -36
1497.2, -20, -36
1497.3, -20, -36
1497.4, -20, -36
1497.5, -20, -36
1497.6, -20, -36
1497.7, -20, -36
1497.8, -20, -36
1497.9, -20, -36
1498, -20, -36
1498.1, -20, -36
1498.2, -20, -36
1498.3, -20, -36
1498.4, -20, -36
1498.5, -20, -36
1498.6, -20, -36
1498.7, -20, -36
1498.8, -20, -36
1498.9, -20, -36
1499, -20, -36
1499.1, -20, -36
1499.2, -20, -36
1499.3, -20, -36
1499.4, -20, -36
1499.5, -20, -36
1499.6, -20, -36
1499.7, -20, -36
1499.8, -20, -36
1499.9, -20, -36
1500, -20, -36
1500.1, -20, -36
1500.2, -20, -36
1500.3, -20, -36
1500.4, -20, -36
1500.5, -20, -36
1500.6, -20, -36
1500.7, -20, -36
1500.8, -20, -36
1500.9, -20, -36
1501, -20, -36
1501.1, -20, -36
1501.2, -20, -36
1501.3, -20, -36
1501.4, -20, -36
1501.5, -20, -36
1501.6, -20, -36
1501.7, -20, -36
1501.8, -20, -36
1501.9, -20, -36
1502, -20, -36
1502.1, -20, -36
1502.2, -20, -36
1502.3, -20, -36
1502.4, -20, -36
1502.5, -20, -36
1502.6, -20, -36
1502.7, -19, -36
1502.8, -19, -36
1502.9, -19, -36
1503, -19, -36
1503.1, -19, -36
1503.2, -19, -36
1503.3, -19, -36
1503.4, -19, -36
1503.5, -19, -36
1503.6, -19, -36
1503.7, -19, -36
1503.8, -19, -36
1503.9, -19, -36
1504, -19, -36
1504.1, -19, -36
1504.2, -19, -36
1504.3, -19, -36
1504.4, -19, -36
1504.5, -19, -36
1504.6, -19, -36
1504.7, -19, -36
1504.8, -19, -36
1504.9, -19, -36
1505, -19, -36
1505.1, -19, -36
1505.2, -19, -36
1505.3, -19, -36
1505.4, -19, -36
1505.5, -19, -36
1505.6, -19, -36
1505.7, -19, -36
1505.8, -19, -36
1505.9, -19, -36
1506, -19, -36
1506.1, -19, -36
1506.2, -19, -36
1506.3, -19, -36
1506.4, -19, -36
1506.5, -19, -36
1506.6, -19, -36
1506.7, -19, -36
1506.8, -19, -36
1506.9, -19, -36
1507, -19, -36
1507.1, -19, -36
1507.2, -19, -36
1507.3, -19, -36
1507.4, -19, -36
1507.5, -19, -36
1507.6, -19, -36
1507.7, -19, -35
1507.8, -19, -35
1507.9, -19, -35
1508, -19, -35
1508.1, -19, -35
1508.2, -19, -35
1508.3, -19, -35
1508.4, -19, -35
1508.5, -19, -35
1508.6, -19, -35
1508.7, -19, -35
1508.8, -19, -35
1508.9, -19, -35
1509, -19, -35
1509.1, -19, -35
1509.2, -19, -35
1509.3, -19, -35
1509.4, -19, -35
1509.5, -19, -35
1509.6, -19, -35
1509.7, -19, -35
1509.8, -19, -35
1509.9, -19, -35
1510, -19, -35
1510.1, -19, -35
1510.2, -19, -35
1510.3, -19, -35
1510.4, -19, -35
1510.5, -19, -35
1510.6, -19, -35
1510.7, -19, -35
1510.8, -19, -35
1510.9, -19, -35
1511, -19, -35
1511.1, -19, -35
1511.2, -19, -35
1511.3, -19, -35
1511.4, -19, -35
1511.5, -19, -35
1511.6, -19, -35
1511.7, -19, -35
1511.8, -19, -35
1511.9, -18, -35
1512, -18, -35
1512.1, -18, -35
1512.2, -18, -35
1512.3, -18, -35
1512.4, -18, -35
1512.5, -18, -35
1512.6, -18, -35
1512.7, -18, -35
1512.8, -18, -35
1512.9, -18, -35
1513, -18, -35
1513.1, -18, -35
1513.2, -18, -35
1513.3, -18, -35
1513.4, -18, -35
1513.5, -18, -35
1513.6, -18, -35
1513.7, -17, -35
1513.8, -17, -35
1513.9, -17, -35
1514, -17, -35
1514.1, -17, -35
1514.2, -17, -35
1514.3, -17, -35
1514.4, -17, -35
1514.5, -17, -35
1514.6, -17, -35
1514.7, -17, -35
1514.8, -17, -35
1514.9, -17, -35
1515, -17, -35
1515.1, -17, -35
1515.2, -17, -35
1515.3, -17, -35
1515.4, -17, -35
1515.5, -16, -35
1515.6, -16, -35
1515.7, -16, -35
1515.8, -16, -35
1515.9, -16, -35
1516, -16, -35
1516.1, -16, -35
1516.2, -16, -35
1516.3, -16, -35
1516.4, -16, -35
1516.5, -16, -35
1516.6, -16, -35
1516.7, -16, -35
1516.8, -16, -35
1516.9, -16, -34
1517, -16, -34
1517.1, -16, -34
1517.2, -16, -34
1517.3, -16, -34
1517.4, -16, -34
1517.5, -15, -34
1517.6, -15, -34
1517.7, -15, -34
1517.8, -15, -34
1517.9, -15, -34
1518, -15, -34
1518.1, -16, -34
1518.2, -16, -34
1518.3, -16, -34
1518.4, -16, -34
1518.5, -16, -33
1518.6, -16, -33
1518.7, -16, -33
1518.8, -16, -33
1518.9, -16, -33
1519, -16, -33
1519.1, -16, -33
1519.2, -16, -33
1519.3, -16, -33
1519.4, -16, -33
1519.5, -16, -33
1519.6, -16, -33
1519.7, -16, -33
1519.8, -16, -33
1519.9, -16, -33
1520, -16, -33
1520.1, -16, -33
1520.2, -16, -33
1520.3, -16, -32
1520.4, -16, -32
1520.5, -16, -33
1520.6, -16, -33
1520.7, -16, -33
1520.8, -16, -33
1520.9, -16, -33
1521, -16, -33
1521.1, -16, -33
1521.2, -16, -33
1521.3, -16, -33
1521.4, -16, -33
1521.5, -16, -33
1521.6, -16, -33
1521.7, -16, -33
1521.8, -16, -33
1521.9, -16, -33
1522, -16, -33
1522.1, -16, -33
1522.2, -16, -33
1522.3, -16, -33
1522.4, -16, -33
1522.5, -16, -34
1522.6, -16, -34
1522.7, -16, -34
1522.8, -16, -34
1522.9, -16, -34
1523, -16, -34
1523.1, -16, -34
1523.2, -16, -34
1523.3, -16, -34
1523.4, -16, -34
1523.5, -16, -34
1523.6, -16, -34
1523.7, -16, -34
1523.8, -16, -34
1523.9, -16, -34
1524, -16, -34
1524.1, -16, -34
1524.2, -16, -34
1524.3, -16, -34
1524.4, -16, -34
1524.5, -16, -34
1524.6, -16, -34
1524.7, -16, -34
1524.8, -16, -34
1524.9, -16, -34
1525, -16, -34
1525.1, -16, -34
1525.2, -16, -34
1525.3, -16, -34
1525.4, -16, -34
1525.5, -16, -34
1525.6, -16, -34
1525.7, -16, -34
1525.8, -16, -34
1525.9, -16, -34
1526, -16, -34
1526.1, -16, -34
1526.2, -16, -34
1526.3, -16, -34
1526.4, -16, -34
1526.5, -16, -34
1526.6, -16, -34
1526.7, -16, -33
1526.8, -16, -33
1526.9, -16, -33
1527, -16, -33
1527.1, -16, -33
1527.2, -16, -33
1527.3, -17, -33
1527.4, -17, -33
1527.5, -17, -33
1527.6, -17, -33
1527.7, -17, -33
1527.8, -17, -33
1527.9, -17, -33
1528, -17, -33
1528.1, -17, -33
1528.2, -17, -33
1528.3, -17, -34
1528.4, -17, -34
1528.5, -17, -34
1528.6, -17, -34
1528.7, -17, -34
1528.8, -17, -34
1528.9, -17, -34
1529, -17, -34
1529.1, -17, -34
1529.2, -17, -34
1529.3, -17, -35
1529.4, -17, -35
1529.5, -17, -35
1529.6, -17, -35
1529.7, -17, -35
1529.8, -17, -35
1529.9, -17, -35
1530, -17, -35
1530.1, -17, -35
1530.2, -17, -35
1530.3, -17, -35
1530.4, -17, -35
1530.5, -17, -35
1530.6, -17, -35
1530.7, -17, -35
1530.8, -17, -35
1530.9, -17, -35
1531, -17, -35
1531.1, -17, -35
1531.2, -17, -35
1531.3, -17, -35
1531.4, -17, -35
1531.5, -17, -35
1531.6, -17, -35
1531.7, -17, -35
1531.8, -17, -35
1531.9, -17, -35
1532, -17, -35
1532.1, -17, -34
1532.2, -17, -34
1532.3, -17, -34
1532.4, -17, -34
1532.5, -17, -33
1532.6, -17, -33
1532.7, -17, -33
1532.8, -17, -33
1532.9, -17, -33
1533, -17, -33
1533.1, -17, -33
1533.2, -17, -33
1533.3, -17, -33
1533.4, -17, -33
1533.5, -17, -33
1533.6, -17, -33
1533.7, -17, -33
1533.8, -17, -33
1533.9, -17, -33
1534, -17, -33
1534.1, -17, -33
1534.2, -17, -33
1534.3, -17, -33
1534.4, -17, -33
1534.5, -17, -33
1534.6, -17, -33
1534.7, -17, -33
1534.8, -17, -33
1534.9, -17, -33
1535, -17, -33
1535.1, -17, -33
1535.2, -17, -33
1535.3, -17, -33
1535.4, -17, -33
1535.5, -17, -33
1535.6, -17, -33
1535.7, -17, -33
1535.8, -17, -33
1535.9, -17, -34
1536, -17, -34
1536.1, -17, -33
1536.2, -17, -33
1536.3, -17, -33
1536.4, -17, -33
1536.5, -17, -33
1536.6, -17, -33
1536.7, -17, -33
1536.8, -17, -33
1536.9, -17, -33
1537, -17, -33
1537.1, -17, -33
1537.2, -17, -33
1537.3, -17, -33
1537.4, -17, -33
1537.5, -17, -33
1537.6, -17, -33
1537.7, -17, -33
1537.8, -17, -33
1537.9, -17, -33
1538, -17, -33
1538.1, -17, -33
1538.2, -17, -33
1538.3, -17, -33
1538.4, -17, -33
1538.5, -17, -33
1538.6, -17, -33
1538.7, -17, -33
1538.8, -17, -33
1538.9, -17, -33
1539, -17, -33
1539.1, -17, -33
1539.2, -17, -33
1539.3, -17, -33
1539.4, -17, -33
1539.5, -17, -33
1539.6, -17, -33
1539.7, -17, -33
1539.8, -17, -33
1539.9, -17, -33
1540, -17, -33
1540.1, -17, -33
1540.2, -17, -33
1540.3, -17, -33
1540.4, -17, -33
1540.5, -16, -33
1540.6, -16, -33
1540.7, -16, -33
1540.8, -16, -33
1540.9, -16, -33
1541, -16, -33
1541.1, -16, -33
1541.2, -16, -33
1541.3, -16, -33
1541.4, -16, -33
1541.5, -16, -33
1541.6, -16, -33
1541.7, -16, -32
1541.8, -16, -32
1541.9, -16, -32
1542, -16, -32
1542.1, -16, -32
1542.2, -16, -32
1542.3, -16, -32
1542.4, -16, -32
1542.5, -16, -32
1542.6, -16, -32
1542.7, -16, -32
1542.8, -16, -32
1542.9, -16, -32
1543, -16, -32
1543.1, -16, -32
1543.2, -16, -32
1543.3, -16, -32
1543.4, -16, -32
1543.5, -16, -32
1543.6, -16, -32
1543.7, -16, -32
1543.8, -16, -32
1543.9, -16, -32
1544, -16, -32
1544.1, -16, -32
1544.2, -16, -32
1544.3, -16, -32
1544.4, -16, -32
1544.5, -16, -32
1544.6, -16, -32
1544.7, -16, -32
1544.8, -16, -32
1544.9, -16, -32
1545, -16, -32
1545.1, -16, -32
1545.2, -16, -32
1545.3, -16, -32
1545.4, -16, -32
1545.5, -16, -32
1545.6, -16, -32
1545.7, -16, -32
1545.8, -16, -32
1545.9, -16, -32
1546, -16, -32
1546.1, -16, -32
1546.2, -16, -32
1546.3, -16, -32
1546.4, -16, -32
1546.5, -16, -32
1546.6, -16, -32
1546.7, -16, -32
1546.8, -16, -32
1546.9, -16, -32
1547, -16, -32
1547.1, -17, -32
1547.2, -17, -32
1547.3, -17, -32
1547.4, -17, -32
1547.5, -17, -32
1547.6, -17, -32
1547.7, -17, -32
1547.8, -17, -32
1547.9, -18, -32
1548, -18, -32
1548.1, -18, -32
1548.2, -18, -32
1548.3, -18, -32
1548.4, -18, -32
1548.5, -18, -31
1548.6, -18, -31
1548.7, -18, -31
1548.8, -18, -31
1548.9, -18, -31
1549, -18, -31
1549.1, -18, -31
1549.2, -18, -31
1549.3, -18, -31
1549.4, -18, -31
1549.5, -18, -31
1549.6, -18, -31
1549.7, -18, -31
1549.8, -18, -31
1549.9, -18, -31
1550, -18, -31
1550.1, -18, -31
1550.2, -18, -31
1550.3, -18, -31
1550.4, -18, -31
1550.5, -18, -31
1550.6, -18, -31
1550.7, -18, -31
1550.8, -18, -31
1550.9, -18, -31
1551, -18, -31
1551.1, -18, -31
1551.2, -18, -31
1551.3, -18, -31
1551.4, -18, -31
1551.5, -18, -31
1551.6, -18, -31
1551.7, -18, -31
1551.8, -18, -31
1551.9, -18, -31
1552, -18, -31
1552.1, -18, -31
1552.2, -18, -31
1552.3, -18, -30
1552.4, -18, -30
1552.5, -18, -30
1552.6, -18, -30
1552.7, -18, -30
1552.8, -18, -30
1552.9, -18, -30
1553, -18, -30
1553.1, -18, -30
1553.2, -18, -30
1553.3, -18, -30
1553.4, -18, -30
1553.5, -18, -30
1553.6, -18, -30
1553.7, -18, -30
1553.8, -18, -30
1553.9, -18, -30
1554, -18, -30
1554.1, -18, -30
1554.2, -18, -30
1554.3, -18, -30
1554.4, -18, -30
1554.5, -18, -30
1554.6, -18, -30
1554.7, -18, -30
1554.8, -18, -30
1554.9, -18, -30
1555, -18, -30
1555.1, -18, -30
1555.2, -18, -30
1555.3, -18, -30
1555.4, -18, -30
1555.5, -18, -30
1555.6, -18, -30
1555.7, -18, -30
1555.8, -18, -30
1555.9, -18, -30
1556, -18, -30
1556.1, -18, -30
1556.2, -18, -30
1556.3, -18, -30
1556.4, -18, -30
1556.5, -18, -30
1556.6, -18, -30
1556.7, -18, -30
1556.8, -18, -30
1556.9, -18, -30
1557, -18, -30
1557.1, -18, -30
1557.2, -18, -30
1557.3, -18, -30
1557.4, -18, -30
1557.5, -18, -29
1557.6, -18, -29
1557.7, -18, -29
1557.8, -18, -29
1557.9, -18, -29
1558, -18, -29
1558.1, -18, -29
1558.2, -18, -29
1558.3, -18, -29
1558.4, -18, -29
1558.5, -18, -29
1558.6, -18, -29
1558.7, -18, -29
1558.8, -18, -29
1558.9, -18, -29
1559, -18, -29
1559.1, -18, -30
1559.2, -18, -30
1559.3, -18, -30
1559.4, -18, -30
1559.5, -18, -30
1559.6, -18, -30
1559.7, -18, -30
1559.8, -18, -30
1559.9, -18, -30
1560, -18, -30
1560.1, -18, -30
1560.2, -18, -30
1560.3, -18, -30
1560.4, -18, -30
1560.5, -18, -30
1560.6, -18, -30
1560.7, -18, -29
1560.8, -18, -29
1560.9, -18, -29
1561, -18, -29
1561.1, -18, -29
1561.2, -18, -29
1561.3, -18, -29
1561.4, -18, -29
1561.5, -18, -28
1561.6, -18, -28
1561.7, -18, -28
1561.8, -18, -28
1561.9, -18, -28
1562, -18, -28
1562.1, -18, -28
1562.2, -18, -28
1562.3, -18, -28
1562.4, -18, -28
1562.5, -18, -28
1562.6, -18, -28
1562.7, -18, -28
1562.8, -18, -28
1562.9, -18, -28
1563, -18, -28
1563.1, -18, -28
1563.2, -18, -28
1563.3, -18, -27
1563.4, -18, -27
1563.5, -19, -27
1563.6, -19, -27
1563.7, -19, -27
1563.8, -19, -27
1563.9, -19, -27
1564, -19, -27
1564.1, -19, -27
1564.2, -19, -27
1564.3, -19, -27
1564.4, -19, -27
1564.5, -19, -27
1564.6, -19, -27
1564.7, -19, -27
1564.8, -19, -27
1564.9, -19, -27
1565, -19, -27
1565.1, -19, -27
1565.2, -19, -27
1565.3, -19, -27
1565.4, -19, -27
1565.5, -19, -27
1565.6, -19, -27
1565.7, -19, -27
1565.8, -19, -27
1565.9, -19, -27
1566, -19, -27
1566.1, -19, -27
1566.2, -19, -27
1566.3, -19, -27
1566.4, -19, -27
1566.5, -19, -27
1566.6, -19, -27
1566.7, -19, -27
1566.8, -19, -27
1566.9, -19, -28
1567, -19, -28
1567.1, -19, -28
1567.2, -19, -28
1567.3, -19, -28
1567.4, -19, -28
1567.5, -19, -28
1567.6, -19, -28
1567.7, -19, -29
1567.8, -19, -29
1567.9, -19, -29
1568, -19, -29
1568.1, -19, -29
1568.2, -19, -29
1568.3, -19, -30
1568.4, -19, -30
1568.5, -19, -30
1568.6, -19, -30
1568.7, -19, -30
1568.8, -19, -30
1568.9, -19, -30
1569, -19, -30
1569.1, -19, -30
1569.2, -19, -30
1569.3, -19, -30
1569.4, -19, -30
1569.5, -19, -30
1569.6, -19, -30
1569.7, -19, -30
1569.8, -19, -30
1569.9, -19, -30
1570, -19, -30
1570.1, -19, -30
1570.2, -19, -30
1570.3, -19, -30
1570.4, -19, -30
1570.5, -19, -29
1570.6, -19, -29
1570.7, -19, -29
1570.8, -19, -29
1570.9, -20, -29
1571, -20, -29
1571.1, -20, -29
1571.2, -20, -29
1571.3, -20, -29
1571.4, -20, -29
1571.5, -20, -29
1571.6, -20, -29
1571.7, -20, -29
1571.8, -20, -29
1571.9, -20, -30
1572, -20, -30
1572.1, -20, -30
1572.2, -20, -30
1572.3, -20, -30
1572.4, -20, -30
1572.5, -20, -30
1572.6, -20, -30
1572.7, -20, -30
1572.8, -20, -30
1572.9, -20, -30
1573, -20, -30
1573.1, -20, -30
1573.2, -20, -30
1573.3, -20, -30
1573.4, -20, -30
1573.5, -20, -30
1573.6, -20, -30
1573.7, -20, -30
1573.8, -20, -30
1573.9, -20, -30
1574, -20, -30
1574.1, -20, -30
1574.2, -20, -30
1574.3, -20, -30
1574.4, -20, -30
1574.5, -20, -30
1574.6, -20, -30
1574.7, -20, -30
1574.8, -20, -30
1574.9, -20, -30
1575, -20, -30
1575.1, -20, -30
1575.2, -20, -30
1575.3, -20, -30
1575.4, -20, -30
1575.5, -20, -30
1575.6, -20, -30
1575.7, -20, -30
1575.8, -20, -30
1575.9, -20, -30
1576, -20, -30
1576.1, -20, -30
1576.2, -20, -30
1576.3, -20, -30
1576.4, -20, -30
1576.5, -20, -30
1576.6, -20, -30
1576.7, -20, -30
1576.8, -20, -30
1576.9, -20, -30
1577, -20, -30
1577.1, -20, -30
1577.2, -20, -30
1577.3, -20, -30
1577.4, -20, -30
1577.5, -21, -30
1577.6, -21, -30
1577.7, -21, -30
1577.8, -21, -30
1577.9, -21, -30
1578, -21, -30
1578.1, -21, -30
1578.2, -21, -30
1578.3, -21, -30
1578.4, -21, -30
1578.5, -22, -30
1578.6, -22, -30
1578.7, -22, -30
1578.8, -22, -30
1578.9, -22, -30
1579, -22, -30
1579.1, -22, -30
1579.2, -22, -30
1579.3, -22, -30
1579.4, -22, -30
1579.5, -22, -30
1579.6, -22, -30
1579.7, -22, -30
1579.8, -22, -30
1579.9, -22, -30
1580, -22, -30
1580.1, -22, -30
1580.2, -22, -30
1580.3, -22, -30
1580.4, -22, -30
1580.5, -22, -30
1580.6, -22, -30
1580.7, -22, -30
1580.8, -22, -30
1580.9, -22, -30
1581, -22, -30
1581.1, -22, -30
1581.2, -22, -30
1581.3, -22, -30
1581.4, -22, -30
1581.5, -22, -30
1581.6, -22, -30
1581.7, -22, -30
1581.8, -22, -30
1581.9, -22, -30
1582, -22, -30
1582.1, -22, -30
1582.2, -22, -30
1582.3, -22, -30
1582.4, -22, -30
1582.5, -22, -30
1582.6, -22, -30
1582.7, -22, -30
1582.8, -22, -30
1582.9, -22, -30
1583, -22, -30
1583.1, -22, -30
1583.2, -22, -30
1583.3, -22, -30
1583.4, -22, -30
1583.5, -22, -30
1583.6, -22, -30
1583.7, -22, -30
1583.8, -22, -30
1583.9, -22, -30
1584, -22, -30
1584.1, -22, -30
1584.2, -22, -30
1584.3, -22, -30
1584.4, -22, -30
1584.5, -22, -30
1584.6, -22, -30
1584.7, -22, -30
1584.8, -22, -30
1584.9, -22, -30
1585, -22, -30
1585.1, -22, -30
1585.2, -22, -30
1585.3, -22, -30
1585.4, -22, -30
1585.5, -22, -30
1585.6, -22, -30
1585.7, -22, -30
1585.8, -22, -30
1585.9, -22, -30
1586, -22, -30
1586.1, -22, -30
1586.2, -22, -30
1586.3, -22, -29
1586.4, -22, -29
1586.5, -22, -29
1586.6, -22, -29
1586.7, -22, -29
1586.8, -22, -29
1586.9, -22, -29
1587, -22, -29
1587.1, -22, -29
1587.2, -22, -29
1587.3, -22, -29
1587.4, -22, -29
1587.5, -22, -29
1587.6, -22, -29
1587.7, -22, -29
1587.8, -22, -29
1587.9, -22, -29
1588, -22, -29
1588.1, -22, -29
1588.2, -22, -29
1588.3, -22, -29
1588.4, -22, -29
1588.5, -22, -29
1588.6, -22, -29
1588.7, -22, -29
1588.8, -22, -29
1588.9, -22, -29
1589, -22, -29
1589.1, -22, -29
1589.2, -22, -29
1589.3, -22, -29
1589.4, -22, -29
1589.5, -22, -29
1589.6, -22, -29
1589.7, -22, -29
1589.8, -22, -29
1589.9, -22, -29
1590, -22, -29
1590.1, -22, -29
1590.2, -22, -29
1590.3, -22, -29
1590.4, -22, -29
1590.5, -22, -29
1590.6, -22, -29
1590.7, -22, -29
1590.8, -22, -29
1590.9, -22, -29
1591, -22, -29
1591.1, -22, -29
1591.2, -22, -29
1591.3, -22, -29
1591.4, -22, -29
1591.5, -22, -29
1591.6, -22, -29
1591.7, -22, -29
1591.8, -22, -29
1591.9, -22, -29
1592, -22, -29
1592.1, -22, -29
1592.2, -22, -29
1592.3, -22, -29
1592.4, -22, -29
1592.5, -22, -29
1592.6, -22, -29
1592.7, -22, -29
1592.8, -22, -29
1592.9, -22, -29
1593, -22, -29
1593.1, -22, -29
1593.2, -22, -29
1593.3, -22, -29
1593.4, -22, -29
1593.5, -22, -29
1593.6, -22, -29
1593.7, -22, -29
1593.8, -22, -29
1593.9, -23, -29
1594, -23, -29
1594.1, -23, -29
1594.2, -23, -29
1594.3, -23, -29
1594.4, -23, -29
1594.5, -23, -29
1594.6, -23, -29
1594.7, -23, -29
1594.8, -23, -29
1594.9, -23, -29
1595, -23, -29
1595.1, -23, -29
1595.2, -23, -29
1595.3, -22, -29
1595.4, -22, -29
1595.5, -22, -28
1595.6, -22, -28
1595.7, -22, -27
1595.8, -22, -27
1595.9, -22, -27
1596, -22, -27
1596.1, -22, -27
1596.2, -22, -27
1596.3, -22, -27
1596.4, -22, -27
1596.5, -22, -27
1596.6, -22, -27
1596.7, -22, -27
1596.8, -22, -27
1596.9, -22, -27
1597, -22, -27
1597.1, -22, -27
1597.2, -22, -27
1597.3, -22, -27
1597.4, -22, -27
1597.5, -22, -27
1597.6, -22, -27
1597.7, -22, -27
1597.8, -22, -27
1597.9, -22, -27
1598, -22, -27
1598.1, -22, -27
1598.2, -22, -27
1598.3, -22, -26
1598.4, -22, -26
1598.5, -22, -26
1598.6, -22, -26
1598.7, -22, -26
1598.8, -22, -26
1598.9, -22, -26
1599, -22, -26
1599.1, -22, -26
1599.2, -22, -26
1599.3, -22, -26
1599.4, -22, -26
1599.5, -22, -26
1599.6, -22, -26
1599.7, -22, -26
1599.8, -22, -26
1599.9, -22, -26
1600, -22, -26
1600.1, -22, -26
1600.2, -22, -26
1600.3, -22, -26
1600.4, -22, -26
1600.5, -22, -27
1600.6, -22, -27
1600.7, -22, -27
1600.8, -22, -27
1600.9, -22, -27
1601, -22, -27
1601.1, -22, -27
1601.2, -22, -27
1601.3, -22, -27
1601.4, -22, -27
1601.5, -22, -27
1601.6, -22, -27
1601.7, -22, -27
1601.8, -22, -27
1601.9, -23, -27
1602, -23, -27
1602.1, -23, -27
1602.2, -23, -27
1602.3, -23, -27
1602.4, -23, -27
1602.5, -23, -27
1602.6, -23, -27
1602.7, -23, -27
1602.8, -23, -27
1602.9, -23, -27
1603, -23, -27
1603.1, -23, -27
1603.2, -23, -27
1603.3, -23, -27
1603.4, -23, -27
1603.5, -23, -27
1603.6, -23, -27
1603.7, -23, -27
1603.8, -23, -27
1603.9, -23, -27
1604, -23, -27
1604.1, -23, -27
1604.2, -23, -27
1604.3, -23, -27
1604.4, -23, -27
1604.5, -23, -27
1604.6, -23, -27
1604.7, -23, -26
1604.8, -23, -26
1604.9, -23, -26
1605, -23, -26
1605.1, -23, -26
1605.2, -23, -26
1605.3, -23, -26
1605.4, -23, -26
1605.5, -23, -26
1605.6, -23, -26
1605.7, -23, -26
1605.8, -23, -26
1605.9, -23, -26
1606, -23, -26
1606.1, -23, -26
1606.2, -23, -26
1606.3, -23, -26
1606.4, -23, -26
1606.5, -23, -26
1606.6, -23, -26
1606.7, -23, -26
1606.8, -23, -26
1606.9, -23, -26
1607, -23, -26
1607.1, -23, -26
1607.2, -23, -26
1607.3, -23, -26
1607.4, -23, -26
1607.5, -23, -26
1607.6, -23, -26
1607.7, -23, -26
1607.8, -23, -26
1607.9, -23, -26
1608, -23, -26
1608.1, -23, -26
1608.2, -23, -26
1608.3, -23, -26
1608.4, -23, -26
1608.5, -23, -26
1608.6, -23, -26
1608.7, -23, -26
1608.8, -23, -26
1608.9, -23, -26
1609, -23, -26
1609.1, -23, -26
1609.2, -23, -26
1609.3, -22, -26
1609.4, -22, -26
1609.5, -23, -26
1609.6, -23, -26
1609.7, -23, -26
1609.8, -23, -26
1609.9, -23, -26
1610, -23, -26
1610.1, -23, -26
1610.2, -23, -26
1610.3, -23, -26
1610.4, -23, -26
1610.5, -23, -25
1610.6, -23, -25
1610.7, -23, -25
1610.8, -23, -25
1610.9, -23, -25
1611, -23, -25
1611.1, -23, -25
1611.2, -23, -25
1611.3, -23, -25
1611.4, -23, -25
1611.5, -23, -25
1611.6, -23, -25
1611.7, -23, -25
1611.8, -23, -25
1611.9, -23, -25
1612, -23, -25
1612.1, -23, -25
1612.2, -23, -25
1612.3, -23, -25
1612.4, -23, -25
1612.5, -23, -25
1612.6, -23, -25
1612.7, -23, -25
1612.8, -23, -25
1612.9, -23, -25
1613, -23, -25
1613.1, -23, -25
1613.2, -23, -25
1613.3, -24, -25
1613.4, -24, -25
1613.5, -24, -25
1613.6, -24, -25
1613.7, -24, -25
1613.8, -24, -25
1613.9, -24, -25
1614, -24, -25
1614.1, -24, -25
1614.2, -24, -25
1614.3, -24, -25
1614.4, -24, -25
1614.5, -24, -25
1614.6, -24, -25
1614.7, -24, -25
1614.8, -24, -25
1614.9, -24, -25
1615, -24, -25
1615.1, -24, -25
1615.2, -24, -25
1615.3, -24, -25
1615.4, -24, -25
1615.5, -24, -25
1615.6, -24, -25
1615.7, -24, -25
1615.8, -24, -25
1615.9, -24, -25
1616, -24, -25
1616.1, -24, -25
1616.2, -24, -25
1616.3, -24, -25
1616.4, -24, -25
1616.5, -24, -25
1616.6, -24, -25
1616.7, -24, -25
1616.8, -24, -25
1616.9, -24, -25
1617, -24, -25
1617.1, -24, -25
1617.2, -24, -25
1617.3, -24, -25
1617.4, -24, -25
1617.5, -24, -25
1617.6, -24, -25
1617.7, -24, -25
1617.8, -24, -25
1617.9, -24, -25
1618, -24, -25
1618.1, -24, -25
1618.2, -24, -25
1618.3, -24, -25
1618.4, -24, -25
1618.5, -24, -25
1618.6, -24, -25
1618.7, -24, -25
1618.8, -24, -25
1618.9, -24, -25
1619, -24, -25
1619.1, -24, -25
1619.2, -24, -25
1619.3, -24, -25
1619.4, -24, -25
1619.5, -24, -25
1619.6, -24, -25
1619.7, -24, -25
1619.8, -24, -25
1619.9, -24, -25
1620, -24, -25
1620.1, -24, -25
1620.2, -24, -25
1620.3, -24, -24
1620.4, -24, -24
1620.5, -24, -24
1620.6, -24, -24
1620.7, -24, -24
1620.8, -24, -24
1620.9, -24, -24
1621, -24, -24
1621.1, -24, -24
1621.2, -24, -24
1621.3, -24, -24
1621.4, -24, -24
1621.5, -24, -24
1621.6, -24, -24
1621.7, -24, -24
1621.8, -24, -24
1621.9, -24, -24
1622, -24, -24
1622.1, -24, -24
1622.2, -24, -24
1622.3, -24, -24
1622.4, -24, -24
1622.5, -24, -24
1622.6, -24, -24
1622.7, -24, -24
1622.8, -24, -24
1622.9, -24, -24
1623, -24, -24
1623.1, -24, -24
1623.2, -24, -24
1623.3, -24, -24
1623.4, -24, -24
1623.5, -24, -24
1623.6, -24, -24
1623.7, -24, -24
1623.8, -24, -24
1623.9, -24, -24
1624, -24, -24
1624.1, -24, -24
1624.2, -24, -24
1624.3, -24, -24
1624.4, -24, -24
1624.5, -24, -24
1624.6, -24, -24
1624.7, -24, -24
1624.8, -24, -24
1624.9, -24, -24
1625, -24, -24
1625.1, -24, -24
1625.2, -24, -24
1625.3, -24, -24
1625.4, -24, -24
1625.5, -24, -24
1625.6, -24, -24
1625.7, -24, -24
1625.8, -24, -24
1625.9, -24, -24
1626, -24, -24
1626.1, -24, -24
1626.2, -24, -24
1626.3, -24, -24
1626.4, -24, -24
1626.5, -24, -24
1626.6, -24, -24
1626.7, -24, -24
1626.8, -24, -24
1626.9, -24, -24
1627, -24, -24
1627.1, -25, -24
1627.2, -25, -24
1627.3, -25, -24
1627.4, -25, -24
1627.5, -25, -24
1627.6, -25, -24
1627.7, -25, -24
1627.8, -25, -24
1627.9, -25, -24
1628, -25, -24
1628.1, -25, -24
1628.2, -25, -24
1628.3, -25, -24
1628.4, -25, -24
1628.5, -25, -25
1628.6, -25, -25
1628.7, -25, -25
1628.8, -25, -25
1628.9, -25, -25
1629, -25, -25
1629.1, -25, -25
1629.2, -25, -25
1629.3, -25, -25
1629.4, -25, -25
1629.5, -25, -25
1629.6, -25, -25
1629.7, -25, -25
1629.8, -25, -25
1629.9, -25, -25
1630, -25, -25
1630.1, -25, -25
1630.2, -25, -25
1630.3, -25, -25
1630.4, -25, -25
1630.5, -25, -25
1630.6, -25, -25
1630.7, -25, -25
1630.8, -25, -25
1630.9, -25, -25
1631, -25, -25
1631.1, -25, -26
1631.2, -25, -26
1631.3, -25, -26
1631.4, -25, -26
1631.5, -25, -26
1631.6, -25, -26
1631.7, -25, -26
1631.8, -25, -26
1631.9, -25, -26
1632, -25, -26
1632.1, -25, -26
1632.2, -25, -26
1632.3, -25, -26
1632.4, -25, -26
1632.5, -25, -26
1632.6, -25, -26
1632.7, -25, -26
1632.8, -25, -26
1632.9, -25, -26
1633, -25, -26
1633.1, -25, -26
1633.2, -25, -26
1633.3, -25, -26
1633.4, -25, -26
1633.5, -25, -25
1633.6, -25, -25
1633.7, -25, -25
1633.8, -25, -25
1633.9, -25, -25
1634, -25, -25
1634.1, -25, -25
1634.2, -25, -25
1634.3, -25, -25
1634.4, -25, -25
1634.5, -25, -25
1634.6, -25, -25
1634.7, -25, -25
1634.8, -25, -25
1634.9, -25, -25
1635, -25, -25
1635.1, -25, -25
1635.2, -25, -25
1635.3, -25, -25
1635.4, -25, -25
1635.5, -25, -25
1635.6, -25, -25
1635.7, -25, -25
1635.8, -25, -25
1635.9, -25, -25
1636, -25, -25
1636.1, -25, -25
1636.2, -25, -25
1636.3, -25, -25
1636.4, -25, -25
1636.5, -25, -25
1636.6, -25, -25
1636.7, -25, -25
1636.8, -25, -25
1636.9, -25, -25
1637, -25, -25
1637.1, -25, -25
1637.2, -25, -25
1637.3, -25, -25
1637.4, -25, -25
1637.5, -25, -25
1637.6, -25, -25
1637.7, -25, -25
1637.8, -25, -25
1637.9, -25, -25
1638, -25, -25
1638.1, -25, -24
1638.2, -25, -24
1638.3, -25, -24
1638.4, -25, -24
1638.5, -25, -24
1638.6, -25, -24
1638.7, -25, -24
1638.8, -25, -24
1638.9, -25, -24
1639, -25, -24
1639.1, -25, -24
1639.2, -25, -24
1639.3, -25, -24
1639.4, -25, -24
1639.5, -25, -24
1639.6, -25, -24
1639.7, -25, -24
1639.8, -25, -24
1639.9, -25, -24
1640, -25, -24
1640.1, -25, -25
1640.2, -25, -25
1640.3, -26, -25
1640.4, -26, -25
1640.5, -26, -25
1640.6, -26, -25
1640.7, -26, -25
1640.8, -26, -25
1640.9, -26, -25
1641, -26, -25
1641.1, -26, -25
1641.2, -26, -25
1641.3, -26, -25
1641.4, -26, -25
1641.5, -26, -25
1641.6, -26, -25
1641.7, -26, -25
1641.8, -26, -25
1641.9, -26, -25
1642, -26, -25
1642.1, -26, -25
1642.2, -26, -25
1642.3, -26, -25
1642.4, -26, -25
1642.5, -26, -25
1642.6, -26, -25
1642.7, -26, -25
1642.8, -26, -25
1642.9, -26, -26
1643, -26, -26
1643.1, -26, -25
1643.2, -26, -25
1643.3, -26, -25
1643.4, -26, -25
1643.5, -26, -25
1643.6, -26, -25
1643.7, -26, -25
1643.8, -26, -25
1643.9, -26, -25
1644, -26, -25
1644.1, -26, -25
1644.2, -26, -25
1644.3, -26, -25
1644.4, -26, -25
1644.5, -26, -25
1644.6, -26, -25
1644.7, -26, -25
1644.8, -26, -25
1644.9, -26, -25
1645, -26, -25
1645.1, -26, -25
1645.2, -26, -25
1645.3, -26, -25
1645.4, -26, -25
1645.5, -26, -25
1645.6, -26, -25
1645.7, -26, -25
1645.8, -26, -25
1645.9, -26, -25
1646, -26, -25
1646.1, -26, -25
1646.2, -26, -25
1646.3, -26, -25
1646.4, -26, -25
1646.5, -26, -25
1646.6, -26, -25
1646.7, -26, -25
1646.8, -26, -25
1646.9, -26, -25
1647, -26, -25
1647.1, -26, -25
1647.2, -26, -25
1647.3, -26, -25
1647.4, -26, -25
1647.5, -25, -25
1647.6, -25, -25
1647.7, -25, -25
1647.8, -25, -25
1647.9, -25, -25
1648, -25, -25
1648.1, -25, -25
1648.2, -25, -25
1648.3, -25, -25
1648.4, -25, -25
1648.5, -25, -25
1648.6, -25, -25
1648.7, -25, -25
1648.8, -25, -25
1648.9, -25, -25
1649, -25, -25
1649.1, -24, -25
1649.2, -24, -25
1649.3, -24, -25
1649.4, -24, -25
1649.5, -24, -26
1649.6, -24, -26
1649.7, -24, -26
1649.8, -24, -26
1649.9, -24, -26
1650, -24, -26
1650.1, -24, -26
1650.2, -24, -26
1650.3, -24, -26
1650.4, -24, -26
1650.5, -24, -26
1650.6, -24, -26
1650.7, -24, -26
1650.8, -24, -26
1650.9, -24, -26
1651, -24, -26
1651.1, -24, -26
1651.2, -24, -26
1651.3, -24, -26
1651.4, -24, -26
1651.5, -24, -26
1651.6, -24, -26
1651.7, -24, -26
1651.8, -24, -26
1651.9, -24, -26
1652, -24, -26
1652.1, -24, -26
1652.2, -24, -26
1652.3, -24, -26
1652.4, -24, -26
1652.5, -24, -26
1652.6, -24, -26
1652.7, -24, -26
1652.8, -24, -26
1652.9, -24, -26
1653, -24, -26
1653.1, -24, -25
1653.2, -24, -25
1653.3, -24, -25
1653.4, -24, -25
1653.5, -24, -26
1653.6, -24, -26
1653.7, -24, -26
1653.8, -24, -26
1653.9, -24, -26
1654, -24, -26
1654.1, -24, -26
1654.2, -24, -26
1654.3, -24, -26
1654.4, -24, -26
1654.5, -24, -26
1654.6, -24, -26
1654.7, -23, -26
1654.8, -23, -26
1654.9, -23, -26
1655, -23, -26
1655.1, -23, -26
1655.2, -23, -26
1655.3, -23, -26
1655.4, -23, -26
1655.5, -23, -26
1655.6, -23, -26
1655.7, -23, -26
1655.8, -23, -26
1655.9, -23, -25
1656, -23, -25
1656.1, -23, -25
1656.2, -23, -25
1656.3, -23, -25
1656.4, -23, -25
1656.5, -23, -25
1656.6, -23, -25
1656.7, -23, -25
1656.8, -23, -25
1656.9, -23, -25
1657, -23, -25
1657.1, -23, -25
1657.2, -23, -25
1657.3, -23, -25
1657.4, -23, -25
1657.5, -23, -25
1657.6, -23, -25
1657.7, -23, -25
1657.8, -23, -25
1657.9, -23, -24
1658, -23, -24
1658.1, -23, -24
1658.2, -23, -24
1658.3, -23, -24
1658.4, -23, -24
1658.5, -23, -24
1658.6, -23, -24
1658.7, -24, -24
1658.8, -24, -24
1658.9, -24, -24
1659, -24, -24
1659.1, -24, -24
1659.2, -24, -24
1659.3, -24, -24
1659.4, -24, -24
1659.5, -24, -24
1659.6, -24, -24
1659.7, -24, -24
1659.8, -24, -24
1659.9, -24, -24
1660, -24, -24
1660.1, -24, -24
1660.2, -24, -24
1660.3, -24, -24
1660.4, -24, -24
1660.5, -24, -24
1660.6, -24, -24
1660.7, -24, -24
1660.8, -24, -24
1660.9, -24, -24
1661, -24, -24
1661.1, -24, -24
1661.2, -24, -24
1661.3, -24, -24
1661.4, -24, -24
1661.5, -24, -24
1661.6, -24, -24
1661.7, -24, -24
1661.8, -24, -24
1661.9, -24, -24
1662, -24, -24
1662.1, -24, -24
1662.2, -24, -24
1662.3, -24, -24
1662.4, -24, -24
1662.5, -24, -24
1662.6, -24, -24
1662.7, -24, -24
1662.8, -24, -24
1662.9, -24, -24
1663, -24, -24
1663.1, -24, -24
1663.2, -24, -24
1663.3, -23, -24
1663.4, -23, -24
1663.5, -23, -24
1663.6, -23, -24
1663.7, -23, -24
1663.8, -23, -24
1663.9, -23, -24
1664, -23, -24
1664.1, -23, -24
1664.2, -23, -24
1664.3, -23, -24
1664.4, -23, -24
1664.5, -23, -24
1664.6, -23, -24
1664.7, -23, -24
1664.8, -23, -24
1664.9, -23, -24
1665, -23, -24
1665.1, -23, -24
1665.2, -23, -24
1665.3, -23, -24
1665.4, -23, -24
1665.5, -23, -24
1665.6, -23, -24
1665.7, -23, -24
1665.8, -23, -24
1665.9, -23, -24
1666, -23, -24
1666.1, -23, -24
1666.2, -23, -24
1666.3, -23, -24
1666.4, -23, -24
1666.5, -22, -24
1666.6, -22, -24
1666.7, -22, -24
1666.8, -22, -24
1666.9, -22, -24
1667, -22, -24
1667.1, -22, -24
1667.2, -22, -24
1667.3, -22, -24
1667.4, -22, -24
1667.5, -22, -24
1667.6, -22, -24
1667.7, -22, -24
1667.8, -22, -24
1667.9, -22, -24
1668, -22, -24
1668.1, -22, -24
1668.2, -22, -24
1668.3, -22, -24
1668.4, -22, -24
1668.5, -22, -24
1668.6, -22, -24
1668.7, -23, -24
1668.8, -23, -24
1668.9, -23, -24
1669, -23, -24
1669.1, -23, -24
1669.2, -23, -24
1669.3, -23, -24
1669.4, -23, -24
1669.5, -23, -24
1669.6, -23, -24
1669.7, -23, -24
1669.8, -23, -24
1669.9, -23, -25
1670, -23, -25
1670.1, -23, -25
1670.2, -23, -25
1670.3, -23, -25
1670.4, -23, -25
1670.5, -23, -25
1670.6, -23, -25
1670.7, -23, -25
1670.8, -23, -25
1670.9, -23, -25
1671, -23, -25
1671.1, -23, -25
1671.2, -23, -25
1671.3, -23, -25
1671.4, -23, -25
1671.5, -23, -25
1671.6, -23, -25
1671.7, -23, -25
1671.8, -23, -25
1671.9, -23, -25
1672, -23, -25
1672.1, -23, -25
1672.2, -23, -25
1672.3, -22, -25
1672.4, -22, -25
1672.5, -22, -25
1672.6, -22, -25
1672.7, -22, -25
1672.8, -22, -25
1672.9, -22, -25
1673, -22, -25
1673.1, -22, -25
1673.2, -22, -25
1673.3, -22, -25
1673.4, -22, -25
1673.5, -22, -25
1673.6, -22, -25
1673.7, -22, -25
1673.8, -22, -25
1673.9, -23, -25
1674, -23, -25
1674.1, -23, -25
1674.2, -23, -25
1674.3, -23, -25
1674.4, -23, -25
1674.5, -23, -25
1674.6, -23, -25
1674.7, -23, -25
1674.8, -23, -25
1674.9, -23, -25
1675, -23, -25
1675.1, -23, -25
1675.2, -23, -25
1675.3, -23, -25
1675.4, -23, -25
1675.5, -23, -25
1675.6, -23, -25
1675.7, -23, -25
1675.8, -23, -25
1675.9, -23, -25
1676, -23, -25
1676.1, -23, -25
1676.2, -23, -25
1676.3, -23, -25
1676.4, -23, -25
1676.5, -23, -25
1676.6, -23, -25
1676.7, -23, -25
1676.8, -23, -25
1676.9, -23, -25
1677, -23, -25
1677.1, -23, -25
1677.2, -23, -25
1677.3, -23, -25
1677.4, -23, -25
1677.5, -23, -25
1677.6, -23, -25
1677.7, -23, -25
1677.8, -23, -25
1677.9, -23, -25
1678, -23, -25
1678.1, -23, -25
1678.2, -23, -25
1678.3, -23, -25
1678.4, -23, -25
1678.5, -23, -25
1678.6, -23, -25
1678.7, -23, -25
1678.8, -23, -25
1678.9, -23, -25
1679, -23, -25
1679.1, -23, -25
1679.2, -23, -25
1679.3, -23, -25
1679.4, -23, -25
1679.5, -23, -25
1679.6, -23, -25
1679.7, -23, -25
1679.8, -23, -25
1679.9, -23, -25
1680, -23, -25
1680.1, -23, -25
1680.2, -23, -25
1680.3, -23, -25
1680.4, -23, -25
1680.5, -23, -25
1680.6, -23, -25
1680.7, -23, -25
1680.8, -23, -25
1680.9, -23, -25
1681, -23, -25
1681.1, -23, -25
1681.2, -23, -25
1681.3, -23, -25
1681.4, -23, -25
1681.5, -23, -25
1681.6, -23, -25
1681.7, -23, -24
1681.8, -23, -24
1681.9, -23, -24
1682, -23, -24
1682.1, -23, -24
1682.2, -23, -24
1682.3, -23, -24
1682.4, -23, -24
1682.5, -23, -24
1682.6, -23, -24
1682.7, -23, -24
1682.8, -23, -24
1682.9, -23, -23
1683, -23, -23
1683.1, -23, -23
1683.2, -23, -23
1683.3, -23, -23
1683.4, -23, -23
1683.5, -23, -23
1683.6, -23, -23
1683.7, -23, -23
1683.8, -23, -23
1683.9, -23, -23
1684, -23, -23
1684.1, -23, -23
1684.2, -23, -23
1684.3, -23, -23
1684.4, -23, -23
1684.5, -23, -23
1684.6, -23, -23
1684.7, -23, -23
1684.8, -23, -23
1684.9, -23, -23
1685, -23, -23
1685.1, -23, -23
1685.2, -23, -23
1685.3, -23, -23
1685.4, -23, -23
1685.5, -23, -23
1685.6, -23, -23
1685.7, -23, -23
1685.8, -23, -23
1685.9, -23, -23
1686, -23, -23
1686.1, -23, -23
1686.2, -23, -23
1686.3, -23, -23
1686.4, -23, -23
1686.5, -23, -23
1686.6, -23, -23
1686.7, -23, -23
1686.8, -23, -23
1686.9, -23, -23
1687, -23, -23
1687.1, -23, -23
1687.2, -23, -23
1687.3, -23, -22
1687.4, -23, -22
1687.5, -23, -22
1687.6, -23, -22
1687.7, -23, -22
1687.8, -23, -22
1687.9, -23, -22
1688, -23, -22
1688.1, -23, -22
1688.2, -23, -22
1688.3, -23, -22
1688.4, -23, -22
1688.5, -23, -22
1688.6, -23, -22
1688.7, -23, -23
1688.8, -23, -23
1688.9, -23, -23
1689, -23, -23
1689.1, -23, -24
1689.2, -23, -24
1689.3, -23, -24
1689.4, -23, -24
1689.5, -22, -24
1689.6, -22, -24
1689.7, -22, -24
1689.8, -22, -24
1689.9, -22, -24
1690, -22, -24
1690.1, -22, -24
1690.2, -22, -24
1690.3, -22, -24
1690.4, -22, -24
1690.5, -22, -24
1690.6, -22, -24
1690.7, -22, -25
1690.8, -22, -25
1690.9, -22, -25
1691, -22, -25
1691.1, -22, -25
1691.2, -22, -25
1691.3, -22, -25
1691.4, -22, -25
1691.5, -22, -25
1691.6, -22, -25
1691.7, -23, -25
1691.8, -23, -25
1691.9, -23, -25
1692, -23, -25
1692.1, -23, -25
1692.2, -23, -25
1692.3, -23, -25
1692.4, -23, -25
1692.5, -23, -25
1692.6, -23, -25
1692.7, -23, -25
1692.8, -23, -25
1692.9, -23, -24
1693, -23, -24
1693.1, -23, -24
1693.2, -23, -24
1693.3, -23, -24
1693.4, -23, -24
1693.5, -23, -24
1693.6, -23, -24
1693.7, -23, -24
1693.8, -23, -24
1693.9, -23, -24
1694, -23, -24
1694.1, -23, -24
1694.2, -23, -24
1694.3, -23, -24
1694.4, -23, -24
1694.5, -23, -24
1694.6, -23, -24
1694.7, -23, -24
1694.8, -23, -24
1694.9, -23, -24
1695, -23, -24
1695.1, -23, -24
1695.2, -23, -24
1695.3, -23, -24
1695.4, -23, -24
1695.5, -23, -24
1695.6, -23, -24
1695.7, -23, -24
1695.8, -23, -24
1695.9, -23, -24
1696, -23, -24
1696.1, -23, -24
1696.2, -23, -24
1696.3, -23, -24
1696.4, -23, -24
1696.5, -23, -24
1696.6, -23, -24
1696.7, -23, -24
1696.8, -23, -24
1696.9, -23, -24
1697, -23, -24
1697.1, -23, -24
1697.2, -23, -24
1697.3, -23, -24
1697.4, -23, -24
1697.5, -23, -24
1697.6, -23, -24
1697.7, -23, -24
1697.8, -23, -24
1697.9, -23, -23
1698, -23, -23
1698.1, -23, -23
1698.2, -23, -23
1698.3, -23, -23
1698.4, -23, -23
1698.5, -23, -23
1698.6, -23, -23
1698.7, -23, -23
1698.8, -23, -23
1698.9, -23, -23
1699, -23, -23
1699.1, -23, -23
1699.2, -23, -23
1699.3, -23, -23
1699.4, -23, -23
1699.5, -23, -23
1699.6, -23, -23
1699.7, -23, -23
1699.8, -23, -23
1699.9, -23, -23
1700, -23, -23
1700.1, -23, -23
1700.2, -23, -23
1700.3, -23, -23
1700.4, -23, -23
1700.5, -23, -23
1700.6, -23, -23
1700.7, -23, -23
1700.8, -23, -23
1700.9, -23, -23
1701, -23, -23
1701.1, -23, -23
1701.2, -23, -23
1701.3, -23, -23
1701.4, -23, -23
1701.5, -23, -23
1701.6, -23, -23
1701.7, -22, -23
1701.8, -22, -23
1701.9, -22, -23
1702, -22, -23
1702.1, -22, -23
1702.2, -22, -23
1702.3, -22, -23
1702.4, -22, -23
1702.5, -22, -23
1702.6, -22, -23
1702.7, -22, -23
1702.8, -22, -23
1702.9, -22, -23
1703, -22, -23
1703.1, -22, -23
1703.2, -22, -23
1703.3, -22, -23
1703.4, -22, -23
1703.5, -22, -23
1703.6, -22, -23
1703.7, -22, -23
1703.8, -22, -23
1703.9, -22, -23
1704, -22, -23
1704.1, -22, -23
1704.2, -22, -23
1704.3, -23, -23
1704.4, -23, -23
1704.5, -23, -23
1704.6, -23, -23
1704.7, -23, -23
1704.8, -23, -23
1704.9, -23, -23
1705, -23, -23
1705.1, -23, -23
1705.2, -23, -23
1705.3, -23, -23
1705.4, -23, -23
1705.5, -23, -23
1705.6, -23, -23
1705.7, -23, -23
1705.8, -23, -23
1705.9, -22, -23
1706, -22, -23
1706.1, -22, -23
1706.2, -22, -23
1706.3, -22, -23
1706.4, -22, -23
1706.5, -22, -23
1706.6, -22, -23
1706.7, -22, -23
1706.8, -22, -23
1706.9, -22, -23
1707, -22, -23
1707.1, -22, -23
1707.2, -22, -23
1707.3, -22, -23
1707.4, -22, -23
1707.5, -22, -23
1707.6, -22, -23
1707.7, -22, -23
1707.8, -22, -23
1707.9, -22, -23
1708, -22, -23
1708.1, -22, -23
1708.2, -22, -23
1708.3, -23, -23
1708.4, -23, -23
1708.5, -23, -23
1708.6, -23, -23
1708.7, -23, -22
1708.8, -23, -22
1708.9, -23, -22
1709, -23, -22
1709.1, -23, -22
1709.2, -23, -22
1709.3, -23, -22
1709.4, -23, -22
1709.5, -23, -22
1709.6, -23, -22
1709.7, -23, -22
1709.8, -23, -22
1709.9, -23, -22
1710, -23, -22
1710.1, -23, -22
1710.2, -23, -22
1710.3, -23, -22
1710.4, -23, -22
1710.5, -23, -22
1710.6, -23, -22
1710.7, -23, -22
1710.8, -23, -22
1710.9, -23, -22
1711, -23, -22
1711.1, -23, -22
1711.2, -23, -22
1711.3, -23, -22
1711.4, -23, -22
1711.5, -23, -22
1711.6, -23, -22
1711.7, -23, -22
1711.8, -23, -22
1711.9, -23, -22
1712, -23, -22
1712.1, -23, -21
1712.2, -23, -21
1712.3, -23, -21
1712.4, -23, -21
1712.5, -24, -21
1712.6, -24, -21
1712.7, -24, -21
1712.8, -24, -21
1712.9, -24, -21
1713, -24, -21
1713.1, -24, -21
1713.2, -24, -21
1713.3, -24, -21
1713.4, -24, -21
1713.5, -24, -21
1713.6, -24, -21
1713.7, -24, -21
1713.8, -24, -21
1713.9, -24, -21
1714, -24, -21
1714.1, -24, -21
1714.2, -24, -21
1714.3, -24, -21
1714.4, -24, -21
1714.5, -24, -21
1714.6, -24, -21
1714.7, -24, -21
1714.8, -24, -21
1714.9, -24, -21
1715, -24, -21
1715.1, -24, -21
1715.2, -24, -21
1715.3, -24, -21
1715.4, -24, -21
1715.5, -24, -21
1715.6, -24, -21
1715.7, -24, -21
1715.8, -24, -21
1715.9, -24, -21
1716, -24, -21
1716.1, -24, -21
1716.2, -24, -21
1716.3, -24, -21
1716.4, -24, -21
1716.5, -24, -21
1716.6, -24, -21
1716.7, -24, -21
1716.8, -24, -21
1716.9, -24, -21
1717, -24, -21
1717.1, -24, -21
1717.2, -24, -21
1717.3, -24, -21
1717.4, -24, -21
1717.5, -25, -21
1717.6, -25, -21
1717.7, -25, -21
1717.8, -25, -21
1717.9, -25, -21
1718, -25, -21
1718.1, -25, -21
1718.2, -25, -21
1718.3, -25, -21
1718.4, -25, -21
1718.5, -25, -21
1718.6, -25, -21
1718.7, -25, -21
1718.8, -25, -21
1718.9, -25, -22
1719, -25, -22
1719.1, -25, -22
1719.2, -25, -22
1719.3, -25, -22
1719.4, -25, -22
1719.5, -25, -22
1719.6, -25, -22
1719.7, -25, -22
1719.8, -25, -22
1719.9, -25, -22
1720, -25, -22
1720.1, -25, -22
1720.2, -25, -22
1720.3, -25, -22
1720.4, -25, -22
1720.5, -25, -22
1720.6, -25, -22
1720.7, -25, -22
1720.8, -25, -22
1720.9, -25, -22
1721, -25, -22
1721.1, -25, -22
1721.2, -25, -22
1721.3, -25, -22
1721.4, -25, -22
1721.5, -24, -22
1721.6, -24, -22
1721.7, -24, -22
1721.8, -24, -22
1721.9, -24, -22
1722, -24, -22
1722.1, -24, -22
1722.2, -24, -22
1722.3, -24, -22
1722.4, -24, -22
1722.5, -24, -22
1722.6, -24, -22
1722.7, -24, -22
1722.8, -24, -22
1722.9, -24, -22
1723, -24, -22
1723.1, -24, -22
1723.2, -24, -22
1723.3, -24, -22
1723.4, -24, -22
1723.5, -24, -22
1723.6, -24, -22
1723.7, -24, -22
1723.8, -24, -22
1723.9, -24, -22
1724, -24, -22
1724.1, -24, -22
1724.2, -24, -22
1724.3, -24, -22
1724.4, -24, -22
1724.5, -24, -22
1724.6, -24, -22
1724.7, -24, -22
1724.8, -24, -22
1724.9, -24, -22
1725, -24, -22
1725.1, -24, -23
1725.2, -24, -23
1725.3, -24, -23
1725.4, -24, -23
1725.5, -24, -23
1725.6, -24, -23
1725.7, -24, -23
1725.8, -24, -23
1725.9, -24, -23
1726, -24, -23
1726.1, -24, -23
1726.2, -24, -23
1726.3, -24, -23
1726.4, -24, -23
1726.5, -24, -23
1726.6, -24, -23
1726.7, -24, -23
1726.8, -24, -23
1726.9, -24, -23
1727, -24, -23
1727.1, -25, -23
1727.2, -25, -23
1727.3, -25, -23
1727.4, -25, -23
1727.5, -25, -23
1727.6, -25, -23
1727.7, -25, -23
1727.8, -25, -23
1727.9, -25, -23
1728, -25, -23
1728.1, -25, -23
1728.2, -25, -23
1728.3, -25, -23
1728.4, -25, -23
1728.5, -25, -23
1728.6, -25, -23
1728.7, -25, -24
1728.8, -25, -24
1728.9, -25, -24
1729, -25, -24
1729.1, -25, -24
1729.2, -25, -24
1729.3, -25, -24
1729.4, -25, -24
1729.5, -25, -24
1729.6, -25, -24
1729.7, -25, -24
1729.8, -25, -24
1729.9, -25, -24
1730, -25, -24
1730.1, -25, -24
1730.2, -25, -24
1730.3, -25, -24
1730.4, -25, -24
1730.5, -25, -24
1730.6, -25, -24
1730.7, -25, -24
1730.8, -25, -24
1730.9, -25, -24
1731, -25, -24
1731.1, -25, -24
1731.2, -25, -24
1731.3, -25, -24
1731.4, -25, -24
1731.5, -25, -24
1731.6, -25, -24
1731.7, -25, -24
1731.8, -25, -24
1731.9, -25, -24
1732, -25, -24
1732.1, -25, -24
1732.2, -25, -24
1732.3, -25, -24
1732.4, -25, -24
1732.5, -25, -24
1732.6, -25, -24
1732.7, -25, -24
1732.8, -25, -24
1732.9, -25, -24
1733, -25, -24
1733.1, -25, -24
1733.2, -25, -24
1733.3, -25, -24
1733.4, -25, -24
1733.5, -25, -24
1733.6, -25, -24
1733.7, -25, -24
1733.8, -25, -24
1733.9, -25, -24
1734, -25, -24
1734.1, -25, -24
1734.2, -25, -24
1734.3, -25, -24
1734.4, -25, -24
1734.5, -25, -24
1734.6, -25, -24
1734.7, -25, -24
1734.8, -25, -24
1734.9, -25, -24
1735, -25, -24
1735.1, -25, -24
1735.2, -25, -24
1735.3, -25, -24
1735.4, -25, -24
1735.5, -25, -24
1735.6, -25, -24
1735.7, -25, -24
1735.8, -25, -24
1735.9, -25, -23
1736, -25, -23
1736.1, -25, -23
1736.2, -25, -23
1736.3, -25, -23
1736.4, -25, -23
1736.5, -25, -23
1736.6, -25, -23
1736.7, -25, -23
1736.8, -25, -23
1736.9, -25, -23
1737, -25, -23
1737.1, -25, -23
1737.2, -25, -23
1737.3, -25, -23
1737.4, -25, -23
1737.5, -25, -23
1737.6, -25, -23
1737.7, -25, -23
1737.8, -25, -23
1737.9, -25, -23
1738, -25, -23
1738.1, -25, -23
1738.2, -25, -23
1738.3, -24, -23
1738.4, -24, -23
1738.5, -24, -23
1738.6, -24, -23
1738.7, -24, -23
1738.8, -24, -23
1738.9, -24, -23
1739, -24, -23
1739.1, -24, -23
1739.2, -24, -23
1739.3, -24, -23
1739.4, -24, -23
1739.5, -24, -23
1739.6, -24, -23
1739.7, -24, -23
1739.8, -24, -23
1739.9, -24, -23
1740, -24, -23
1740.1, -24, -23
1740.2, -24, -23
1740.3, -25, -23
1740.4, -25, -23
1740.5, -25, -23
1740.6, -25, -23
1740.7, -25, -23
1740.8, -25, -23
1740.9, -25, -23
1741, -25, -23
1741.1, -25, -23
1741.2, -25, -23
1741.3, -25, -23
1741.4, -25, -23
1741.5, -25, -23
1741.6, -25, -23
1741.7, -25, -23
1741.8, -25, -23
1741.9, -25, -23
1742, -25, -23
1742.1, -25, -23
1742.2, -25, -23
1742.3, -25, -23
1742.4, -25, -23
1742.5, -25, -23
1742.6, -25, -23
1742.7, -25, -23
1742.8, -25, -23
1742.9, -26, -23
1743, -26, -23
1743.1, -26, -23
1743.2, -26, -23
1743.3, -26, -24
1743.4, -26, -24
1743.5, -26, -24
1743.6, -26, -24
1743.7, -26, -24
1743.8, -26, -24
1743.9, -26, -24
1744, -26, -24
1744.1, -26, -24
1744.2, -26, -24
1744.3, -26, -24
1744.4, -26, -24
1744.5, -26, -24
1744.6, -26, -24
1744.7, -26, -24
1744.8, -26, -24
1744.9, -26, -24
1745, -26, -24
1745.1, -26, -24
1745.2, -26, -24
1745.3, -26, -24
1745.4, -26, -24
1745.5, -26, -24
1745.6, -26, -24
1745.7, -26, -24
1745.8, -26, -24
1745.9, -26, -24
1746, -26, -24
1746.1, -26, -24
1746.2, -26, -24
1746.3, -26, -24
1746.4, -26, -24
1746.5, -26, -24
1746.6, -26, -24
1746.7, -25, -24
1746.8, -25, -24
1746.9, -25, -24
1747, -25, -24
1747.1, -25, -24
1747.2, -25, -24
1747.3, -25, -24
1747.4, -25, -24
1747.5, -25, -24
1747.6, -25, -24
1747.7, -25, -24
1747.8, -25, -24
1747.9, -25, -24
1748, -25, -24
1748.1, -25, -24
1748.2, -25, -24
1748.3, -25, -24
1748.4, -25, -24
1748.5, -25, -24
1748.6, -25, -24
1748.7, -25, -24
1748.8, -25, -24
1748.9, -25, -24
1749, -25, -24
1749.1, -25, -24
1749.2, -25, -24
1749.3, -25, -24
1749.4, -25, -24
1749.5, -25, -24
1749.6, -25, -24
1749.7, -25, -24
1749.8, -25, -24
1749.9, -25, -24
1750, -25, -24
1750.1, -25, -25
1750.2, -25, -25
1750.3, -25, -25
1750.4, -25, -25
1750.5, -25, -25
1750.6, -25, -25
1750.7, -24, -25
1750.8, -24, -25
1750.9, -24, -25
1751, -24, -25
1751.1, -24, -25
1751.2, -24, -25
1751.3, -24, -25
1751.4, -24, -25
1751.5, -25, -25
1751.6, -25, -25
1751.7, -25, -25
1751.8, -25, -25
1751.9, -25, -25
1752, -25, -25
1752.1, -25, -25
1752.2, -25, -25
1752.3, -25, -25
1752.4, -25, -25
1752.5, -25, -25
1752.6, -25, -25
1752.7, -25, -25
1752.8, -25, -25
1752.9, -25, -25
1753, -25, -25
1753.1, -25, -25
1753.2, -25, -25
1753.3, -25, -25
1753.4, -25, -25
1753.5, -25, -25
1753.6, -25, -25
1753.7, -25, -25
1753.8, -25, -25
1753.9, -25, -25
1754, -25, -25
1754.1, -25, -25
1754.2, -25, -25
1754.3, -25, -25
1754.4, -25, -25
1754.5, -25, -25
1754.6, -25, -25
1754.7, -25, -25
1754.8, -25, -25
1754.9, -25, -25
1755, -25, -25
1755.1, -25, -25
1755.2, -25, -25
1755.3, -25, -25
1755.4, -25, -25
1755.5, -25, -25
1755.6, -25, -25
1755.7, -25, -25
1755.8, -25, -25
1755.9, -25, -25
1756, -25, -25
1756.1, -25, -25
1756.2, -25, -25
1756.3, -25, -25
1756.4, -25, -25
1756.5, -24, -25
1756.6, -24, -25
1756.7, -24, -25
1756.8, -24, -25
1756.9, -24, -25
1757, -24, -25
1757.1, -24, -25
1757.2, -24, -25
1757.3, -24, -25
1757.4, -24, -25
1757.5, -24, -25
1757.6, -24, -25
1757.7, -24, -25
1757.8, -24, -25
1757.9, -24, -25
1758, -24, -25
1758.1, -24, -25
1758.2, -24, -25
1758.3, -24, -25
1758.4, -24, -25
1758.5, -24, -26
1758.6, -24, -26
1758.7, -24, -26
1758.8, -24, -26
1758.9, -24, -26
1759, -24, -26
1759.1, -24, -26
1759.2, -24, -26
1759.3, -24, -26
1759.4, -24, -26
1759.5, -24, -27
1759.6, -24, -27
1759.7, -24, -27
1759.8, -24, -27
1759.9, -24, -27
1760, -24, -27
1760.1, -24, -27
1760.2, -24, -27
1760.3, -24, -27
1760.4, -24, -27
1760.5, -24, -27
1760.6, -24, -27
1760.7, -23, -27
1760.8, -23, -27
1760.9, -23, -27
1761, -23, -27
1761.1, -23, -27
1761.2, -23, -27
1761.3, -23, -27
1761.4, -23, -27
1761.5, -24, -27
1761.6, -24, -27
1761.7, -24, -27
1761.8, -24, -27
1761.9, -24, -27
1762, -24, -27
1762.1, -24, -27
1762.2, -24, -27
1762.3, -24, -27
1762.4, -24, -27
1762.5, -24, -27
1762.6, -24, -27
1762.7, -24, -27
1762.8, -24, -27
1762.9, -24, -27
1763, -24, -27
1763.1, -24, -27
1763.2, -24, -27
1763.3, -24, -27
1763.4, -24, -27
1763.5, -24, -27
1763.6, -24, -27
1763.7, -24, -27
1763.8, -24, -27
1763.9, -24, -27
1764, -24, -27
1764.1, -24, -27
1764.2, -24, -27
1764.3, -24, -27
1764.4, -24, -27
1764.5, -24, -27
1764.6, -24, -27
1764.7, -25, -27
1764.8, -25, -27
1764.9, -25, -27
1765, -25, -27
1765.1, -25, -27
1765.2, -25, -27
1765.3, -25, -27
1765.4, -25, -27
1765.5, -26, -27
1765.6, -26, -27
1765.7, -26, -27
1765.8, -26, -27
1765.9, -26, -27
1766, -26, -27
1766.1, -26, -27
1766.2, -26, -27
1766.3, -26, -27
1766.4, -26, -27
1766.5, -26, -27
1766.6, -26, -27
1766.7, -25, -27
1766.8, -25, -27
1766.9, -25, -27
1767, -25, -27
1767.1, -25, -27
1767.2, -25, -27
1767.3, -25, -27
1767.4, -25, -27
1767.5, -24, -27
1767.6, -24, -27
1767.7, -24, -27
1767.8, -24, -27
1767.9, -24, -27
1768, -24, -27
1768.1, -24, -27
1768.2, -24, -27
1768.3, -24, -27
1768.4, -24, -27
1768.5, -24, -27
1768.6, -24, -27
1768.7, -25, -27
1768.8, -25, -27
1768.9, -25, -27
1769, -25, -27
1769.1, -25, -27
1769.2, -25, -27
1769.3, -25, -27
1769.4, -25, -27
1769.5, -25, -27
1769.6, -25, -27
1769.7, -25, -27
1769.8, -25, -27
1769.9, -25, -27
1770, -25, -27
1770.1, -25, -27
1770.2, -25, -27
1770.3, -25, -27
1770.4, -25, -27
1770.5, -25, -27
1770.6, -25, -27
1770.7, -25, -27
1770.8, -25, -27
1770.9, -25, -27
1771, -25, -27
1771.1, -25, -27
1771.2, -25, -27
1771.3, -24, -27
1771.4, -24, -27
1771.5, -24, -27
1771.6, -24, -27
1771.7, -24, -27
1771.8, -24, -27
1771.9, -24, -27
1772, -24, -27
1772.1, -24, -27
1772.2, -24, -27
1772.3, -23, -27
1772.4, -23, -27
1772.5, -23, -27
1772.6, -23, -27
1772.7, -23, -27
1772.8, -23, -27
1772.9, -23, -27
1773, -23, -27
1773.1, -23, -27
1773.2, -23, -27
1773.3, -23, -27
1773.4, -23, -27
1773.5, -23, -27
1773.6, -23, -27
1773.7, -23, -27
1773.8, -23, -27
1773.9, -23, -27
1774, -23, -27
1774.1, -23, -27
1774.2, -23, -27
1774.3, -23, -27
1774.4, -23, -27
1774.5, -23, -27
1774.6, -23, -27
1774.7, -23, -27
1774.8, -23, -27
1774.9, -23, -27
1775, -23, -27
1775.1, -24, -27
1775.2, -24, -27
1775.3, -24, -27
1775.4, -24, -27
1775.5, -24, -27
1775.6, -24, -27
1775.7, -24, -27
1775.8, -24, -27
1775.9, -24, -27
1776, -24, -27
1776.1, -24, -27
1776.2, -24, -27
1776.3, -24, -27
1776.4, -24, -27
1776.5, -24, -27
1776.6, -24, -27
1776.7, -24, -27
1776.8, -24, -27
1776.9, -24, -28
1777, -24, -28
1777.1, -24, -28
1777.2, -24, -28
1777.3, -24, -28
1777.4, -24, -28
1777.5, -24, -29
1777.6, -24, -29
1777.7, -24, -29
1777.8, -24, -29
1777.9, -24, -29
1778, -24, -29
1778.1, -24, -29
1778.2, -24, -29
1778.3, -24, -29
1778.4, -24, -29
1778.5, -25, -29
1778.6, -25, -29
1778.7, -25, -29
1778.8, -25, -29
1778.9, -25, -29
1779, -25, -29
1779.1, -25, -29
1779.2, -25, -29
1779.3, -25, -29
1779.4, -25, -29
1779.5, -25, -29
1779.6, -25, -29
1779.7, -25, -29
1779.8, -25, -29
1779.9, -25, -29
1780, -25, -29
1780.1, -26, -29
1780.2, -26, -29
1780.3, -27, -29
1780.4, -27, -29
1780.5, -27, -29
1780.6, -27, -29
1780.7, -28, -29
1780.8, -28, -29
1780.9, -28, -29
1781, -28, -29
1781.1, -28, -29
1781.2, -28, -29
1781.3, -28, -29
1781.4, -28, -29
1781.5, -28, -29
1781.6, -28, -29
1781.7, -28, -29
1781.8, -28, -29
1781.9, -28, -29
1782, -28, -29
1782.1, -28, -29
1782.2, -28, -29
1782.3, -28, -29
1782.4, -28, -29
1782.5, -28, -29
1782.6, -28, -29
1782.7, -28, -29
1782.8, -28, -29
1782.9, -28, -29
1783, -28, -29
1783.1, -28, -29
1783.2, -28, -29
1783.3, -28, -29
1783.4, -28, -29
1783.5, -28, -29
1783.6, -28, -29
1783.7, -28, -29
1783.8, -28, -29
1783.9, -28, -29
1784, -28, -29
1784.1, -28, -29
1784.2, -28, -29
1784.3, -28, -29
1784.4, -28, -29
1784.5, -28, -29
1784.6, -28, -29
1784.7, -28, -29
1784.8, -28, -29
1784.9, -28, -29
1785, -28, -29
1785.1, -28, -29
1785.2, -28, -29
1785.3, -28, -29
1785.4, -28, -29
1785.5, -28, -29
1785.6, -28, -29
1785.7, -28, -29
1785.8, -28, -29
1785.9, -27, -29
1786, -27, -29
1786.1, -27, -29
1786.2, -27, -29
1786.3, -27, -28
1786.4, -27, -28
1786.5, -27, -28
1786.6, -27, -28
1786.7, -27, -28
1786.8, -27, -28
1786.9, -27, -28
1787, -27, -28
1787.1, -27, -28
1787.2, -27, -28
1787.3, -27, -28
1787.4, -27, -28
1787.5, -27, -28
1787.6, -27, -28
1787.7, -27, -28
1787.8, -27, -28
1787.9, -27, -28
1788, -27, -28
1788.1, -27, -28
1788.2, -27, -28
1788.3, -27, -28
1788.4, -27, -28
1788.5, -27, -28
1788.6, -27, -28
1788.7, -27, -28
1788.8, -27, -28
1788.9, -27, -28
1789, -27, -28
1789.1, -27, -28
1789.2, -27, -28
1789.3, -27, -28
1789.4, -27, -28
1789.5, -27, -28
1789.6, -27, -28
1789.7, -27, -28
1789.8, -27, -28
1789.9, -27, -28
1790, -27, -28
1790.1, -27, -28
1790.2, -27, -28
1790.3, -27, -28
1790.4, -27, -28
1790.5, -27, -28
1790.6, -27, -28
1790.7, -27, -28
1790.8, -27, -28
1790.9, -27, -28
1791, -27, -28
1791.1, -27, -28
1791.2, -27, -28
1791.3, -27, -28
1791.4, -27, -28
1791.5, -27, -28
1791.6, -27, -28
1791.7, -27, -28
1791.8, -27, -28
1791.9, -27, -28
1792, -27, -28
1792.1, -27, -28
1792.2, -27, -28
1792.3, -26, -28
1792.4, -26, -28
1792.5, -26, -27
1792.6, -26, -27
1792.7, -26, -27
1792.8, -26, -27
1792.9, -26, -28
1793, -26, -28
1793.1, -26, -28
1793.2, -26, -28
1793.3, -26, -28
1793.4, -26, -28
1793.5, -26, -28
1793.6, -26, -28
1793.7, -26, -28
1793.8, -26, -28
1793.9, -26, -28
1794, -26, -28
1794.1, -26, -28
1794.2, -26, -28
1794.3, -27, -28
1794.4, -27, -28
1794.5, -27, -28
1794.6, -27, -28
1794.7, -27, -28
1794.8, -27, -28
1794.9, -27, -28
1795, -27, -28
1795.1, -27, -28
1795.2, -27, -28
1795.3, -27, -28
1795.4, -27, -28
1795.5, -27, -28
1795.6, -27, -28
1795.7, -26, -28
1795.8, -26, -28
1795.9, -27, -28
1796, -27, -28
1796.1, -27, -28
1796.2, -27, -28
1796.3, -27, -28
1796.4, -27, -28
1796.5, -27, -28
1796.6, -27, -28
1796.7, -27, -27
1796.8, -27, -27
1796.9, -27, -27
1797, -27, -27
1797.1, -27, -27
1797.2, -27, -27
1797.3, -27, -26
1797.4, -27, -26
1797.5, -28, -26
1797.6, -28, -26
1797.7, -28, -26
1797.8, -28, -26
1797.9, -28, -26
1798, -28, -26
1798.1, -28, -26
1798.2, -28, -26
1798.3, -28, -26
1798.4, -28, -26
1798.5, -28, -26
1798.6, -28, -26
1798.7, -28, -26
1798.8, -28, -26
1798.9, -27, -26
1799, -27, -26
1799.1, -27, -26
1799.2, -27, -26
1799.3, -27, -26
1799.4, -27, -26
1799.5, -27, -26
1799.6, -27, -26
1799.7, -27, -26
1799.8, -27, -26
1799.9, -27, -26
1800, -27, -26
1800.1, -27, -26
1800.2, -27, -26
1800.3, -27, -26
1800.4, -27, -26
1800.5, -27, -26
1800.6, -27, -26
1800.7, -27, -26
1800.8, -27, -26
1800.9, -27, -26
1801, -27, -26
1801.1, -27, -26
1801.2, -27, -26
1801.3, -27, -26
1801.4, -27, -26
1801.5, -27, -26
1801.6, -27, -26
1801.7, -27, -26
1801.8, -27, -26
1801.9, -27, -26
1802, -27, -26
1802.1, -27, -26
1802.2, -27, -26
1802.3, -26, -26
1802.4, -26, -26
1802.5, -26, -26
1802.6, -26, -26
1802.7, -26, -26
1802.8, -26, -26
1802.9, -26, -26
1803, -26, -26
1803.1, -26, -25
1803.2, -26, -25
1803.3, -26, -25
1803.4, -26, -25
1803.5, -26, -25
1803.6, -26, -25
1803.7, -26, -25
1803.8, -26, -25
1803.9, -26, -25
1804, -26, -25
1804.1, -26, -25
1804.2, -26, -25
1804.3, -26, -25
1804.4, -26, -25
1804.5, -26, -25
1804.6, -26, -25
1804.7, -26, -25
1804.8, -26, -25
1804.9, -26, -25
1805, -26, -25
1805.1, -26, -25
1805.2, -26, -25
1805.3, -26, -25
1805.4, -26, -25
1805.5, -26, -25
1805.6, -26, -25
1805.7, -26, -25
1805.8, -26, -25
1805.9, -26, -25
1806, -26, -25
1806.1, -26, -25
1806.2, -26, -25
1806.3, -26, -25
1806.4, -26, -25
1806.5, -26, -26
1806.6, -26, -26
1806.7, -26, -26
1806.8, -26, -26
1806.9, -26, -26
1807, -26, -26
1807.1, -26, -26
1807.2, -26, -26
1807.3, -26, -26
1807.4, -26, -26
1807.5, -26, -26
1807.6, -26, -26
1807.7, -26, -26
1807.8, -26, -26
1807.9, -26, -26
1808, -26, -26
1808.1, -26, -26
1808.2, -26, -26
1808.3, -26, -26
1808.4, -26, -26
1808.5, -26, -26
1808.6, -26, -26
1808.7, -26, -26
1808.8, -26, -26
1808.9, -26, -26
1809, -26, -26
1809.1, -26, -25
1809.2, -26, -25
1809.3, -26, -25
1809.4, -26, -25
1809.5, -26, -25
1809.6, -26, -25
1809.7, -26, -25
1809.8, -26, -25
1809.9, -26, -25
1810, -26, -25
1810.1, -26, -25
1810.2, -26, -25
1810.3, -26, -25
1810.4, -26, -25
1810.5, -26, -25
1810.6, -26, -25
1810.7, -26, -25
1810.8, -26, -25
1810.9, -26, -25
1811, -26, -25
1811.1, -26, -25
1811.2, -26, -25
1811.3, -26, -25
1811.4, -26, -25
1811.5, -26, -25
1811.6, -26, -25
1811.7, -26, -25
1811.8, -26, -25
1811.9, -26, -25
1812, -26, -25
1812.1, -26, -25
1812.2, -26, -25
1812.3, -26, -26
1812.4, -26, -26
1812.5, -26, -26
1812.6, -26, -26
1812.7, -26, -26
1812.8, -26, -26
1812.9, -26, -26
1813, -26, -26
1813.1, -26, -26
1813.2, -26, -26
1813.3, -26, -26
1813.4, -26, -26
1813.5, -26, -26
1813.6, -26, -26
1813.7, -26, -26
1813.8, -26, -26
1813.9, -26, -26
1814, -26, -26
1814.1, -26, -26
1814.2, -26, -26
1814.3, -26, -26
1814.4, -26, -26
1814.5, -26, -26
1814.6, -26, -26
1814.7, -26, -26
1814.8, -26, -26
1814.9, -26, -26
1815, -26, -26
1815.1, -26, -26
1815.2, -26, -26
1815.3, -26, -26
1815.4, -26, -26
1815.5, -26, -26
1815.6, -26, -26
1815.7, -26, -26
1815.8, -26, -26
1815.9, -26, -26
1816, -26, -26
1816.1, -26, -26
1816.2, -26, -26
1816.3, -26, -26
1816.4, -26, -26
1816.5, -26, -26
1816.6, -26, -26
1816.7, -26, -26
1816.8, -26, -26
1816.9, -26, -26
1817, -26, -26
1817.1, -26, -26
1817.2, -26, -26
1817.3, -26, -26
1817.4, -26, -26
1817.5, -26, -26
1817.6, -26, -26
1817.7, -26, -26
1817.8, -26, -26
1817.9, -26, -26
1818, -26, -26
1818.1, -26, -26
1818.2, -26, -26
1818.3, -26, -26
1818.4, -26, -26
1818.5, -26, -26
1818.6, -26, -26
1818.7, -26, -26
1818.8, -26, -26
1818.9, -26, -26
1819, -26, -26
1819.1, -26, -26
1819.2, -26, -26
1819.3, -26, -26
1819.4, -26, -26
1819.5, -26, -26
1819.6, -26, -26
1819.7, -26, -26
1819.8, -26, -26
1819.9, -26, -26
1820, -26, -26
1820.1, -26, -25
1820.2, -26, -25
1820.3, -26, -25
1820.4, -26, -25
1820.5, -26, -25
1820.6, -26, -25
1820.7, -26, -25
1820.8, -26, -25
1820.9, -26, -25
1821, -26, -25
1821.1, -26, -25
1821.2, -26, -25
1821.3, -26, -25
1821.4, -26, -25
1821.5, -26, -25
1821.6, -26, -25
1821.7, -26, -25
1821.8, -26, -25
1821.9, -26, -25
1822, -26, -25
1822.1, -26, -24
1822.2, -26, -24
1822.3, -26, -24
1822.4, -26, -24
1822.5, -26, -24
1822.6, -26, -24
1822.7, -27, -24
1822.8, -27, -24
1822.9, -27, -23
1823, -27, -23
1823.1, -27, -23
1823.2, -27, -23
1823.3, -27, -23
1823.4, -27, -23
1823.5, -27, -23
1823.6, -27, -23
1823.7, -27, -23
1823.8, -27, -23
1823.9, -27, -23
1824, -27, -23
1824.1, -27, -23
1824.2, -27, -23
1824.3, -27, -23
1824.4, -27, -23
1824.5, -27, -23
1824.6, -27, -23
1824.7, -27, -23
1824.8, -27, -23
1824.9, -27, -23
1825, -27, -23
1825.1, -27, -23
1825.2, -27, -23
1825.3, -28, -23
1825.4, -28, -23
1825.5, -28, -23
1825.6, -28, -23
1825.7, -28, -23
1825.8, -28, -23
1825.9, -28, -23
1826, -28, -23
1826.1, -28, -24
1826.2, -28, -24
1826.3, -28, -24
1826.4, -28, -24
1826.5, -28, -24
1826.6, -28, -24
1826.7, -28, -24
1826.8, -28, -24
1826.9, -28, -24
1827, -28, -24
1827.1, -28, -24
1827.2, -28, -24
1827.3, -28, -24
1827.4, -28, -24
1827.5, -28, -24
1827.6, -28, -24
1827.7, -28, -24
1827.8, -28, -24
1827.9, -28, -24
1828, -28, -24
1828.1, -28, -24
1828.2, -28, -24
1828.3, -28, -24
1828.4, -28, -24
1828.5, -28, -24
1828.6, -28, -24
1828.7, -28, -24
1828.8, -28, -24
1828.9, -28, -24
1829, -28, -24
1829.1, -28, -24
1829.2, -28, -24
1829.3, -28, -24
1829.4, -28, -24
1829.5, -28, -24
1829.6, -28, -24
1829.7, -28, -24
1829.8, -28, -24
1829.9, -28, -24
1830, -28, -24
1830.1, -28, -24
1830.2, -28, -24
1830.3, -28, -24
1830.4, -28, -24
1830.5, -28, -24
1830.6, -28, -24
1830.7, -28, -24
1830.8, -28, -24
1830.9, -28, -24
1831, -28, -24
1831.1, -28, -24
1831.2, -28, -24
1831.3, -28, -24
1831.4, -28, -24
1831.5, -28, -24
1831.6, -28, -24
1831.7, -28, -24
1831.8, -28, -24
1831.9, -28, -24
1832, -28, -24
1832.1, -28, -24
1832.2, -28, -24
1832.3, -28, -24
1832.4, -28, -24
1832.5, -28, -24
1832.6, -28, -24
1832.7, -28, -24
1832.8, -28, -24
1832.9, -28, -24
1833, -28, -24
1833.1, -28, -24
1833.2, -28, -24
1833.3, -28, -24
1833.4, -28, -24
1833.5, -28, -24
1833.6, -28, -24
1833.7, -28, -24
1833.8, -28, -24
1833.9, -28, -24
1834, -28, -24
1834.1, -28, -24
1834.2, -28, -24
1834.3, -28, -24
1834.4, -28, -24
1834.5, -28, -24
1834.6, -28, -24
1834.7, -28, -24
1834.8, -28, -24
1834.9, -28, -24
1835, -28, -24
1835.1, -28, -24
1835.2, -28, -24
1835.3, -27, -24
1835.4, -27, -24
1835.5, -27, -24
1835.6, -27, -24
1835.7, -27, -24
1835.8, -27, -24
1835.9, -27, -24
1836, -27, -24
1836.1, -28, -24
1836.2, -28, -24
1836.3, -28, -24
1836.4, -28, -24
1836.5, -28, -24
1836.6, -28, -24
1836.7, -28, -24
1836.8, -28, -24
1836.9, -28, -24
1837, -28, -24
1837.1, -28, -24
1837.2, -28, -24
1837.3, -28, -24
1837.4, -28, -24
1837.5, -28, -24
1837.6, -28, -24
1837.7, -28, -24
1837.8, -28, -24
1837.9, -28, -24
1838, -28, -24
1838.1, -28, -24
1838.2, -28, -24
1838.3, -28, -24
1838.4, -28, -24
1838.5, -28, -24
1838.6, -28, -24
1838.7, -28, -24
1838.8, -28, -24
1838.9, -28, -24
1839, -28, -24
1839.1, -27, -24
1839.2, -27, -24
1839.3, -27, -24
1839.4, -27, -24
1839.5, -27, -24
1839.6, -27, -24
1839.7, -27, -24
1839.8, -27, -24
1839.9, -27, -24
1840, -27, -24
1840.1, -27, -24
1840.2, -27, -24
1840.3, -27, -24
1840.4, -27, -24
1840.5, -27, -24
1840.6, -27, -24
1840.7, -27, -24
1840.8, -27, -24
1840.9, -27, -24
1841, -27, -24
1841.1, -27, -24
1841.2, -27, -24
1841.3, -27, -24
1841.4, -27, -24
1841.5, -27, -24
1841.6, -27, -24
1841.7, -27, -24
1841.8, -27, -24
1841.9, -27, -24
1842, -27, -24
1842.1, -27, -24
1842.2, -27, -24
1842.3, -27, -25
1842.4, -27, -25
1842.5, -27, -25
1842.6, -27, -25
1842.7, -27, -25
1842.8, -27, -25
1842.9, -27, -25
1843, -27, -25
1843.1, -27, -25
1843.2, -27, -25
1843.3, -27, -25
1843.4, -27, -25
1843.5, -27, -25
1843.6, -27, -25
1843.7, -27, -25
1843.8, -27, -25
1843.9, -27, -25
1844, -27, -25
1844.1, -27, -24
1844.2, -27, -24
1844.3, -27, -24
1844.4, -27, -24
1844.5, -27, -24
1844.6, -27, -24
1844.7, -28, -24
1844.8, -28, -24
1844.9, -28, -24
1845, -28, -24
1845.1, -28, -24
1845.2, -28, -24
1845.3, -28, -24
1845.4, -28, -24
1845.5, -28, -24
1845.6, -28, -24
1845.7, -28, -24
1845.8, -28, -24
1845.9, -28, -24
1846, -28, -24
1846.1, -28, -24
1846.2, -28, -24
1846.3, -28, -24
1846.4, -28, -24
1846.5, -28, -24
1846.6, -28, -24
1846.7, -28, -25
1846.8, -28, -25
1846.9, -28, -25
1847, -28, -25
1847.1, -27, -25
1847.2, -27, -25
1847.3, -27, -25
1847.4, -27, -25
1847.5, -27, -25
1847.6, -27, -25
1847.7, -27, -25
1847.8, -27, -25
1847.9, -27, -25
1848, -27, -25
1848.1, -27, -25
1848.2, -27, -25
1848.3, -27, -25
1848.4, -27, -25
1848.5, -27, -25
1848.6, -27, -25
1848.7, -27, -25
1848.8, -27, -25
1848.9, -27, -25
1849, -27, -25
1849.1, -27, -25
1849.2, -27, -25
1849.3, -27, -25
1849.4, -27, -25
1849.5, -27, -25
1849.6, -27, -25
1849.7, -27, -25
1849.8, -27, -25
1849.9, -27, -25
1850, -27, -25
1850.1, -27, -25
1850.2, -27, -25
1850.3, -27, -25
1850.4, -27, -25
1850.5, -27, -25
1850.6, -27, -25
1850.7, -28, -25
1850.8, -28, -25
1850.9, -28, -25
1851, -28, -25
1851.1, -28, -25
1851.2, -28, -25
1851.3, -28, -25
1851.4, -28, -25
1851.5, -28, -24
1851.6, -28, -24
1851.7, -28, -24
1851.8, -28, -24
1851.9, -28, -24
1852, -28, -24
1852.1, -28, -24
1852.2, -28, -24
1852.3, -28, -24
1852.4, -28, -24
1852.5, -28, -24
1852.6, -28, -24
1852.7, -28, -24
1852.8, -28, -24
1852.9, -28, -24
1853, -28, -24
1853.1, -28, -24
1853.2, -28, -24
1853.3, -28, -25
1853.4, -28, -25
1853.5, -28, -25
1853.6, -28, -25
1853.7, -28, -25
1853.8, -28, -25
1853.9, -28, -24
1854, -28, -24
1854.1, -28, -24
1854.2, -28, -24
1854.3, -28, -24
1854.4, -28, -24
1854.5, -28, -24
1854.6, -28, -24
1854.7, -28, -24
1854.8, -28, -24
1854.9, -28, -24
1855, -28, -24
1855.1, -28, -24
1855.2, -28, -24
1855.3, -28, -24
1855.4, -28, -24
1855.5, -28, -24
1855.6, -28, -24
1855.7, -28, -24
1855.8, -28, -24
1855.9, -28, -24
1856, -28, -24
1856.1, -28, -24
1856.2, -28, -24
1856.3, -28, -24
1856.4, -28, -24
1856.5, -28, -24
1856.6, -28, -24
1856.7, -28, -24
1856.8, -28, -24
1856.9, -28, -24
1857, -28, -24
1857.1, -28, -24
1857.2, -28, -24
1857.3, -28, -24
1857.4, -28, -24
1857.5, -28, -25
1857.6, -28, -25
1857.7, -28, -25
1857.8, -28, -25
1857.9, -28, -25
1858, -28, -25
1858.1, -28, -25
1858.2, -28, -25
1858.3, -28, -25
1858.4, -28, -25
1858.5, -28, -25
1858.6, -28, -25
1858.7, -28, -25
1858.8, -28, -25
1858.9, -28, -25
1859, -28, -25
1859.1, -28, -25
1859.2, -28, -25
1859.3, -28, -25
1859.4, -28, -25
1859.5, -28, -25
1859.6, -28, -25
1859.7, -28, -25
1859.8, -28, -25
1859.9, -28, -25
1860, -28, -25
1860.1, -28, -25
1860.2, -28, -25
1860.3, -28, -25
1860.4, -28, -25
1860.5, -28, -25
1860.6, -28, -25
1860.7, -28, -25
1860.8, -28, -25
1860.9, -28, -25
1861, -28, -25
1861.1, -28, -25
1861.2, -28, -25
1861.3, -28, -25
1861.4, -28, -25
1861.5, -27, -25
1861.6, -27, -25
1861.7, -27, -25
1861.8, -27, -25
1861.9, -27, -25
1862, -27, -25
1862.1, -27, -25
1862.2, -27, -25
1862.3, -27, -25
1862.4, -27, -25
1862.5, -27, -25
1862.6, -27, -25
1862.7, -27, -25
1862.8, -27, -25
1862.9, -27, -25
1863, -27, -25
1863.1, -27, -25
1863.2, -27, -25
1863.3, -27, -25
1863.4, -27, -25
1863.5, -27, -25
1863.6, -27, -25
1863.7, -27, -25
1863.8, -27, -25
1863.9, -27, -25
1864, -27, -25
1864.1, -27, -25
1864.2, -27, -25
1864.3, -27, -25
1864.4, -27, -25
1864.5, -27, -25
1864.6, -27, -25
1864.7, -27, -25
1864.8, -27, -25
1864.9, -27, -25
1865, -27, -25
1865.1, -27, -25
1865.2, -27, -25
1865.3, -27, -25
1865.4, -27, -25
1865.5, -27, -25
1865.6, -27, -25
1865.7, -27, -25
1865.8, -27, -25
1865.9, -27, -25
1866, -27, -25
1866.1, -27, -25
1866.2, -27, -25
1866.3, -27, -25
1866.4, -27, -25
1866.5, -27, -25
1866.6, -27, -25
1866.7, -27, -25
1866.8, -27, -25
1866.9, -27, -25
1867, -27, -25
1867.1, -27, -25
1867.2, -27, -25
1867.3, -27, -25
1867.4, -27, -25
1867.5, -27, -25
1867.6, -27, -25
1867.7, -27, -25
1867.8, -27, -25
1867.9, -27, -25
1868, -27, -25
1868.1, -27, -25
1868.2, -27, -25
1868.3, -27, -25
1868.4, -27, -25
1868.5, -27, -25
1868.6, -27, -25
1868.7, -27, -25
1868.8, -27, -25
1868.9, -27, -24
1869, -27, -24
1869.1, -27, -24
1869.2, -27, -24
1869.3, -27, -24
1869.4, -27, -24
1869.5, -27, -24
1869.6, -27, -24
1869.7, -27, -24
1869.8, -27, -24
1869.9, -27, -24
1870, -27, -24
1870.1, -26, -24
1870.2, -26, -24
1870.3, -26, -24
1870.4, -26, -24
1870.5, -26, -24
1870.6, -26, -24
1870.7, -26, -24
1870.8, -26, -24
1870.9, -26, -24
1871, -26, -24
1871.1, -26, -24
1871.2, -26, -24
1871.3, -26, -24
1871.4, -26, -24
1871.5, -26, -24
1871.6, -26, -24
1871.7, -26, -24
1871.8, -26, -24
1871.9, -26, -25
1872, -26, -25
1872.1, -26, -25
1872.2, -26, -25
1872.3, -26, -25
1872.4, -26, -25
1872.5, -26, -25
1872.6, -26, -25
1872.7, -26, -25
1872.8, -26, -25
1872.9, -26, -25
1873, -26, -25
1873.1, -26, -25
1873.2, -26, -25
1873.3, -26, -25
1873.4, -26, -25
1873.5, -26, -25
1873.6, -26, -25
1873.7, -26, -25
1873.8, -26, -25
1873.9, -26, -25
1874, -26, -25
1874.1, -26, -25
1874.2, -26, -25
1874.3, -26, -25
1874.4, -26, -25
1874.5, -26, -25
1874.6, -26, -25
1874.7, -26, -25
1874.8, -26, -25
1874.9, -26, -25
1875, -26, -25
1875.1, -26, -25
1875.2, -26, -25
1875.3, -26, -25
1875.4, -26, -25
1875.5, -26, -25
1875.6, -26, -25
1875.7, -26, -25
1875.8, -26, -25
1875.9, -26, -25
1876, -26, -25
1876.1, -26, -25
1876.2, -26, -25
1876.3, -26, -25
1876.4, -26, -25
1876.5, -26, -25
1876.6, -26, -25
1876.7, -26, -25
1876.8, -26, -25
1876.9, -26, -25
1877, -26, -25
1877.1, -26, -24
1877.2, -26, -24
1877.3, -26, -24
1877.4, -26, -24
1877.5, -26, -23
1877.6, -26, -23
1877.7, -26, -23
1877.8, -26, -23
1877.9, -26, -23
1878, -26, -23
1878.1, -26, -23
1878.2, -26, -23
1878.3, -26, -23
1878.4, -26, -23
1878.5, -26, -23
1878.6, -26, -23
1878.7, -26, -23
1878.8, -26, -23
1878.9, -26, -23
1879, -26, -23
1879.1, -25, -23
1879.2, -25, -23
1879.3, -24, -23
1879.4, -24, -23
1879.5, -24, -23
1879.6, -24, -23
1879.7, -24, -23
1879.8, -24, -23
1879.9, -24, -23
1880, -24, -23
1880.1, -24, -23
1880.2, -24, -23
1880.3, -24, -23
1880.4, -24, -23
1880.5, -24, -23
1880.6, -24, -23
1880.7, -24, -23
1880.8, -24, -23
1880.9, -24, -23
1881, -24, -23
1881.1, -24, -23
1881.2, -24, -23
1881.3, -24, -23
1881.4, -24, -23
1881.5, -24, -22
1881.6, -24, -22
1881.7, -24, -22
1881.8, -24, -22
1881.9, -24, -22
1882, -24, -22
1882.1, -24, -22
1882.2, -24, -22
1882.3, -24, -22
1882.4, -24, -22
1882.5, -24, -22
1882.6, -24, -22
1882.7, -24, -22
1882.8, -24, -22
1882.9, -24, -22
1883, -24, -22
1883.1, -24, -22
1883.2, -24, -22
1883.3, -24, -22
1883.4, -24, -22
1883.5, -24, -21
1883.6, -24, -21
1883.7, -24, -21
1883.8, -24, -21
1883.9, -24, -21
1884, -24, -21
1884.1, -24, -21
1884.2, -24, -21
1884.3, -24, -21
1884.4, -24, -21
1884.5, -24, -21
1884.6, -24, -21
1884.7, -24, -21
1884.8, -24, -21
1884.9, -24, -21
1885, -24, -21
1885.1, -24, -21
1885.2, -24, -21
1885.3, -24, -21
1885.4, -24, -21
1885.5, -24, -21
1885.6, -24, -21
1885.7, -24, -21
1885.8, -24, -21
1885.9, -24, -21
1886, -24, -21
1886.1, -24, -21
1886.2, -24, -21
1886.3, -24, -21
1886.4, -24, -21
1886.5, -24, -21
1886.6, -24, -21
1886.7, -24, -21
1886.8, -24, -21
1886.9, -24, -21
1887, -24, -21
1887.1, -24, -21
1887.2, -24, -21
1887.3, -24, -21
1887.4, -24, -21
1887.5, -24, -21
1887.6, -24, -21
1887.7, -24, -21
1887.8, -24, -21
1887.9, -24, -21
1888, -24, -21
1888.1, -24, -21
1888.2, -24, -21
1888.3, -24, -21
1888.4, -24, -21
1888.5, -23, -21
1888.6, -23, -21
1888.7, -23, -21
1888.8, -23, -21
1888.9, -23, -22
1889, -23, -22
1889.1, -23, -22
1889.2, -23, -22
1889.3, -23, -22
1889.4, -23, -22
1889.5, -23, -22
1889.6, -23, -22
1889.7, -23, -22
1889.8, -23, -22
1889.9, -23, -22
1890, -23, -22
1890.1, -23, -22
1890.2, -23, -22
1890.3, -23, -23
1890.4, -23, -23
1890.5, -23, -23
1890.6, -23, -23
1890.7, -23, -23
1890.8, -23, -23
1890.9, -23, -23
1891, -23, -23
1891.1, -23, -23
1891.2, -23, -23
1891.3, -23, -23
1891.4, -23, -23
1891.5, -23, -23
1891.6, -23, -23
1891.7, -23, -23
1891.8, -23, -23
1891.9, -23, -23
1892, -23, -23
1892.1, -23, -23
1892.2, -23, -23
1892.3, -24, -23
1892.4, -24, -23
1892.5, -24, -23
1892.6, -24, -23
1892.7, -24, -22
1892.8, -24, -22
1892.9, -24, -22
1893, -24, -22
1893.1, -24, -22
1893.2, -24, -22
1893.3, -23, -22
1893.4, -23, -22
1893.5, -23, -22
1893.6, -23, -22
1893.7, -23, -22
1893.8, -23, -22
1893.9, -23, -22
1894, -23, -22
1894.1, -23, -22
1894.2, -23, -22
1894.3, -23, -22
1894.4, -23, -22
1894.5, -23, -22
1894.6, -23, -22
1894.7, -23, -22
1894.8, -23, -22
1894.9, -23, -22
1895, -23, -22
1895.1, -23, -22
1895.2, -23, -22
1895.3, -23, -22
1895.4, -23, -22
1895.5, -23, -22
1895.6, -23, -22
1895.7, -23, -22
1895.8, -23, -22
1895.9, -23, -23
1896, -23, -23
1896.1, -23, -23
1896.2, -23, -23
1896.3, -23, -23
1896.4, -23, -23
1896.5, -23, -23
1896.6, -23, -23
1896.7, -24, -23
1896.8, -24, -23
1896.9, -24, -23
1897, -24, -23
1897.1, -24, -23
1897.2, -24, -23
1897.3, -24, -23
1897.4, -24, -23
1897.5, -24, -23
1897.6, -24, -23
1897.7, -24, -23
1897.8, -24, -23
1897.9, -24, -23
1898, -24, -23
1898.1, -24, -23
1898.2, -24, -23
1898.3, -24, -23
1898.4, -24, -23
1898.5, -24, -23
1898.6, -24, -23
1898.7, -24, -23
1898.8, -24, -23
1898.9, -24, -23
1899, -24, -23
1899.1, -24, -23
1899.2, -24, -23
1899.3, -24, -23
1899.4, -24, -23
1899.5, -24, -23
1899.6, -24, -23
1899.7, -24, -23
1899.8, -24, -23
1899.9, -24, -23
1900, -24, -23
1900.1, -24, -23
1900.2, -24, -23
1900.3, -24, -23
1900.4, -24, -23
1900.5, -24, -23
1900.6, -24, -23
1900.7, -24, -23
1900.8, -24, -23
1900.9, -24, -23
1901, -24, -23
1901.1, -24, -23
1901.2, -24, -23
1901.3, -24, -23
1901.4, -24, -23
1901.5, -24, -23
1901.6, -24, -23
1901.7, -24, -23
1901.8, -24, -23
1901.9, -24, -23
1902, -24, -23
1902.1, -24, -24
1902.2, -24, -24
1902.3, -25, -24
1902.4, -25, -24
1902.5, -25, -24
1902.6, -25, -24
1902.7, -25, -24
1902.8, -25, -24
1902.9, -25, -24
1903, -25, -24
1903.1, -25, -24
1903.2, -25, -24
1903.3, -25, -24
1903.4, -25, -24
1903.5, -25, -24
1903.6, -25, -24
1903.7, -25, -24
1903.8, -25, -24
1903.9, -25, -24
1904, -25, -24
1904.1, -25, -24
1904.2, -25, -24
1904.3, -25, -24
1904.4, -25, -24
1904.5, -25, -24
1904.6, -25, -24
1904.7, -25, -24
1904.8, -25, -24
1904.9, -25, -24
1905, -25, -24
1905.1, -25, -24
1905.2, -25, -24
1905.3, -25, -24
1905.4, -25, -24
1905.5, -25, -24
1905.6, -25, -24
1905.7, -25, -24
1905.8, -25, -24
1905.9, -25, -24
1906, -25, -24
1906.1, -25, -24
1906.2, -25, -24
1906.3, -25, -24
1906.4, -25, -24
1906.5, -25, -24
1906.6, -25, -24
1906.7, -25, -24
1906.8, -25, -24
1906.9, -25, -24
1907, -25, -24
1907.1, -25, -24
1907.2, -25, -24
1907.3, -25, -24
1907.4, -25, -24
1907.5, -25, -24
1907.6, -25, -24
1907.7, -25, -24
1907.8, -25, -24
1907.9, -25, -24
1908, -25, -24
1908.1, -25, -24
1908.2, -25, -24
1908.3, -25, -24
1908.4, -25, -24
1908.5, -26, -24
1908.6, -26, -24
1908.7, -26, -24
1908.8, -26, -24
1908.9, -26, -24
1909, -26, -24
1909.1, -26, -24
1909.2, -26, -24
1909.3, -27, -24
1909.4, -27, -24
1909.5, -27, -24
1909.6, -27, -24
1909.7, -27, -24
1909.8, -27, -24
1909.9, -27, -24
1910, -27, -24
1910.1, -27, -24
1910.2, -27, -24
1910.3, -27, -24
1910.4, -27, -24
1910.5, -27, -24
1910.6, -27, -24
1910.7, -27, -24
1910.8, -27, -24
1910.9, -27, -24
1911, -27, -24
1911.1, -27, -24
1911.2, -27, -24
1911.3, -27, -24
1911.4, -27, -24
1911.5, -27, -24
1911.6, -27, -24
1911.7, -27, -24
1911.8, -27, -24
1911.9, -27, -24
1912, -27, -24
1912.1, -27, -24
1912.2, -27, -24
1912.3, -27, -24
1912.4, -27, -24
1912.5, -27, -24
1912.6, -27, -24
1912.7, -27, -24
1912.8, -27, -24
1912.9, -26, -24
1913, -26, -24
1913.1, -26, -24
1913.2, -26, -24
1913.3, -26, -24
1913.4, -26, -24
1913.5, -26, -24
1913.6, -26, -24
1913.7, -26, -24
1913.8, -26, -24
1913.9, -26, -24
1914, -26, -24
1914.1, -26, -24
1914.2, -26, -24
1914.3, -26, -24
1914.4, -26, -24
1914.5, -26, -24
1914.6, -26, -24
1914.7, -26, -24
1914.8, -26, -24
1914.9, -26, -24
1915, -26, -24
1915.1, -26, -24
1915.2, -26, -24
1915.3, -26, -24
1915.4, -26, -24
1915.5, -26, -24
1915.6, -26, -24
1915.7, -26, -24
1915.8, -26, -24
1915.9, -26, -24
1916, -26, -24
1916.1, -26, -24
1916.2, -26, -24
1916.3, -26, -24
1916.4, -26, -24
1916.5, -26, -24
1916.6, -26, -24
1916.7, -26, -24
1916.8, -26, -24
1916.9, -26, -24
1917, -26, -24
1917.1, -26, -24
1917.2, -26, -24
1917.3, -26, -24
1917.4, -26, -24
1917.5, -26, -24
1917.6, -26, -24
1917.7, -26, -24
1917.8, -26, -24
1917.9, -26, -24
1918, -26, -24
1918.1, -26, -24
1918.2, -26, -24
1918.3, -26, -24
1918.4, -26, -24
1918.5, -26, -24
1918.6, -26, -24
1918.7, -26, -23
1918.8, -26, -23
1918.9, -26, -23
1919, -26, -23
1919.1, -26, -23
1919.2, -26, -23
1919.3, -26, -23
1919.4, -26, -23
1919.5, -25, -23
1919.6, -25, -23
1919.7, -25, -23
1919.8, -25, -23
1919.9, -26, -23
1920, -26, -23
1920.1, -26, -23
1920.2, -26, -23
1920.3, -26, -23
1920.4, -26, -23
1920.5, -26, -24
1920.6, -26, -24
1920.7, -26, -24
1920.8, -26, -24
1920.9, -26, -24
1921, -26, -24
1921.1, -26, -24
1921.2, -26, -24
1921.3, -26, -23
1921.4, -26, -23
1921.5, -26, -23
1921.6, -26, -23
1921.7, -26, -24
1921.8, -26, -24
1921.9, -26, -24
1922, -26, -24
1922.1, -26, -24
1922.2, -26, -24
1922.3, -26, -24
1922.4, -26, -24
1922.5, -26, -24
1922.6, -26, -24
1922.7, -26, -24
1922.8, -26, -24
1922.9, -26, -24
1923, -26, -24
1923.1, -26, -24
1923.2, -26, -24
1923.3, -27, -24
1923.4, -27, -24
1923.5, -27, -24
1923.6, -27, -24
1923.7, -27, -24
1923.8, -27, -24
1923.9, -27, -24
1924, -27, -24
1924.1, -27, -25
1924.2, -27, -25
1924.3, -27, -25
1924.4, -27, -25
1924.5, -27, -25
1924.6, -27, -25
1924.7, -27, -25
1924.8, -27, -25
1924.9, -27, -25
1925, -27, -25
1925.1, -27, -25
1925.2, -27, -25
1925.3, -26, -25
1925.4, -26, -25
1925.5, -26, -25
1925.6, -26, -25
1925.7, -26, -25
1925.8, -26, -25
1925.9, -26, -25
1926, -26, -25
1926.1, -26, -25
1926.2, -26, -25
1926.3, -26, -25
1926.4, -26, -25
1926.5, -26, -25
1926.6, -26, -25
1926.7, -26, -25
1926.8, -26, -25
1926.9, -26, -25
1927, -26, -25
1927.1, -26, -25
1927.2, -26, -25
1927.3, -26, -25
1927.4, -26, -25
1927.5, -26, -25
1927.6, -26, -25
1927.7, -26, -24
1927.8, -26, -24
1927.9, -26, -24
1928, -26, -24
1928.1, -26, -24
1928.2, -26, -24
1928.3, -26, -24
1928.4, -26, -24
1928.5, -26, -24
1928.6, -26, -24
1928.7, -26, -24
1928.8, -26, -24
1928.9, -26, -24
1929, -26, -24
1929.1, -27, -24
1929.2, -27, -24
1929.3, -27, -24
1929.4, -27, -24
1929.5, -27, -24
1929.6, -27, -24
1929.7, -27, -24
1929.8, -27, -24
1929.9, -27, -24
1930, -27, -24
1930.1, -27, -24
1930.2, -27, -24
1930.3, -27, -24
1930.4, -27, -24
1930.5, -27, -24
1930.6, -27, -24
1930.7, -27, -24
1930.8, -27, -24
1930.9, -27, -24
1931, -27, -24
1931.1, -27, -23
1931.2, -27, -23
1931.3, -27, -23
1931.4, -27, -23
1931.5, -27, -23
1931.6, -27, -23
1931.7, -27, -23
1931.8, -27, -23
1931.9, -27, -23
1932, -27, -23
1932.1, -27, -23
1932.2, -27, -23
1932.3, -27, -23
1932.4, -27, -23
1932.5, -27, -23
1932.6, -27, -23
1932.7, -27, -23
1932.8, -27, -23
1932.9, -27, -23
1933, -27, -23
1933.1, -27, -23
1933.2, -27, -23
1933.3, -27, -23
1933.4, -27, -23
1933.5, -27, -23
1933.6, -27, -23
1933.7, -27, -23
1933.8, -27, -23
1933.9, -27, -23
1934, -27, -23
1934.1, -27, -23
1934.2, -27, -23
1934.3, -27, -23
1934.4, -27, -23
1934.5, -27, -23
1934.6, -27, -23
1934.7, -27, -23
1934.8, -27, -23
1934.9, -27, -23
1935, -27, -23
1935.1, -27, -23
1935.2, -27, -23
1935.3, -27, -23
1935.4, -27, -23
1935.5, -27, -23
1935.6, -27, -23
1935.7, -26, -23
1935.8, -26, -23
1935.9, -25, -23
1936, -25, -23
1936.1, -25, -23
1936.2, -25, -23
1936.3, -25, -23
1936.4, -25, -23
1936.5, -25, -23
1936.6, -25, -23
1936.7, -26, -23
1936.8, -26, -23
1936.9, -26, -23
1937, -26, -23
1937.1, -26, -23
1937.2, -26, -23
1937.3, -26, -23
1937.4, -26, -23
1937.5, -26, -23
1937.6, -26, -23
1937.7, -26, -23
1937.8, -26, -23
1937.9, -26, -23
1938, -26, -23
1938.1, -26, -23
1938.2, -26, -23
1938.3, -25, -23
1938.4, -25, -23
1938.5, -25, -23
1938.6, -25, -23
1938.7, -25, -23
1938.8, -25, -23
1938.9, -25, -23
1939, -25, -23
1939.1, -25, -23
1939.2, -25, -23
1939.3, -25, -23
1939.4, -25, -23
1939.5, -25, -23
1939.6, -25, -23
1939.7, -25, -23
1939.8, -25, -23
1939.9, -25, -23
1940, -25, -23
1940.1, -25, -23
1940.2, -25, -23
1940.3, -26, -23
1940.4, -26, -23
1940.5, -26, -23
1940.6, -26, -23
1940.7, -26, -23
1940.8, -26, -23
1940.9, -26, -23
1941, -26, -23
1941.1, -26, -24
1941.2, -26, -24
1941.3, -26, -24
1941.4, -26, -24
1941.5, -26, -24
1941.6, -26, -24
1941.7, -26, -24
1941.8, -26, -24
1941.9, -25, -24
1942, -25, -24
1942.1, -25, -24
1942.2, -25, -24
1942.3, -25, -24
1942.4, -25, -24
1942.5, -25, -24
1942.6, -25, -24
1942.7, -25, -24
1942.8, -25, -24
1942.9, -25, -24
1943, -25, -24
1943.1, -25, -24
1943.2, -25, -24
1943.3, -25, -25
1943.4, -25, -25
1943.5, -25, -25
1943.6, -25, -25
1943.7, -25, -25
1943.8, -25, -25
1943.9, -25, -25
1944, -25, -25
1944.1, -25, -25
1944.2, -25, -25
1944.3, -25, -25
1944.4, -25, -25
1944.5, -25, -25
1944.6, -25, -25
1944.7, -25, -25
1944.8, -25, -25
1944.9, -25, -25
1945, -25, -25
1945.1, -24, -25
1945.2, -24, -25
1945.3, -24, -25
1945.4, -24, -25
1945.5, -24, -25
1945.6, -24, -25
1945.7, -24, -25
1945.8, -24, -25
1945.9, -24, -25
1946, -24, -25
1946.1, -24, -25
1946.2, -24, -25
1946.3, -24, -25
1946.4, -24, -25
1946.5, -24, -25
1946.6, -24, -25
1946.7, -24, -25
1946.8, -24, -25
1946.9, -24, -25
1947, -24, -25
1947.1, -24, -25
1947.2, -24, -25
1947.3, -24, -25
1947.4, -24, -25
1947.5, -24, -25
1947.6, -24, -25
1947.7, -24, -25
1947.8, -24, -25
1947.9, -24, -25
1948, -24, -25
1948.1, -24, -25
1948.2, -24, -25
1948.3, -24, -25
1948.4, -24, -25
1948.5, -24, -25
1948.6, -24, -25
1948.7, -23, -25
1948.8, -23, -25
1948.9, -23, -25
1949, -23, -25
1949.1, -23, -25
1949.2, -23, -25
1949.3, -23, -25
1949.4, -23, -25
1949.5, -23, -25
1949.6, -23, -25
1949.7, -23, -25
1949.8, -23, -25
1949.9, -23, -25
1950, -23, -25
1950.1, -23, -25
1950.2, -23, -25
1950.3, -23, -25
1950.4, -23, -25
1950.5, -23, -25
1950.6, -23, -25
1950.7, -23, -25
1950.8, -23, -25
1950.9, -24, -25
1951, -24, -25
1951.1, -24, -25
1951.2, -24, -25
1951.3, -24, -25
1951.4, -24, -25
1951.5, -24, -25
1951.6, -24, -25
1951.7, -24, -25
1951.8, -24, -25
1951.9, -24, -25
1952, -24, -25
1952.1, -24, -25
1952.2, -24, -25
1952.3, -24, -25
1952.4, -24, -25
1952.5, -24, -25
1952.6, -24, -25
1952.7, -24, -25
1952.8, -24, -25
1952.9, -24, -25
1953, -24, -25
1953.1, -24, -26
1953.2, -24, -26
1953.3, -24, -26
1953.4, -24, -26
1953.5, -24, -26
1953.6, -24, -26
1953.7, -24, -26
1953.8, -24, -26
1953.9, -24, -26
1954, -24, -26
1954.1, -24, -26
1954.2, -24, -26
1954.3, -24, -26
1954.4, -24, -26
1954.5, -24, -26
1954.6, -24, -26
1954.7, -24, -26
1954.8, -24, -26
1954.9, -24, -26
1955, -24, -26
1955.1, -24, -26
1955.2, -24, -26
1955.3, -24, -26
1955.4, -24, -26
1955.5, -24, -26
1955.6, -24, -26
1955.7, -24, -26
1955.8, -24, -26
1955.9, -24, -26
1956, -24, -26
1956.1, -24, -26
1956.2, -24, -26
1956.3, -24, -26
1956.4, -24, -26
1956.5, -24, -26
1956.6, -24, -26
1956.7, -24, -26
1956.8, -24, -26
1956.9, -24, -26
1957, -24, -26
1957.1, -24, -26
1957.2, -24, -26
1957.3, -24, -26
1957.4, -24, -26
1957.5, -23, -26
1957.6, -23, -26
1957.7, -23, -26
1957.8, -23, -26
1957.9, -23, -26
1958, -23, -26
1958.1, -23, -25
1958.2, -23, -25
1958.3, -23, -25
1958.4, -23, -25
1958.5, -23, -25
1958.6, -23, -25
1958.7, -23, -25
1958.8, -23, -25
1958.9, -23, -25
1959, -23, -25
1959.1, -23, -25
1959.2, -23, -25
1959.3, -23, -25
1959.4, -23, -25
1959.5, -23, -25
1959.6, -23, -25
1959.7, -23, -25
1959.8, -23, -25
1959.9, -24, -25
1960, -24, -25
1960.1, -24, -25
1960.2, -24, -25
1960.3, -24, -25
1960.4, -24, -25
1960.5, -24, -25
1960.6, -24, -25
1960.7, -24, -25
1960.8, -24, -25
1960.9, -24, -25
1961, -24, -25
1961.1, -24, -25
1961.2, -24, -25
1961.3, -24, -25
1961.4, -24, -25
1961.5, -24, -25
1961.6, -24, -25
1961.7, -24, -25
1961.8, -24, -25
1961.9, -24, -25
1962, -24, -25
1962.1, -24, -25
1962.2, -24, -25
1962.3, -24, -25
1962.4, -24, -25
1962.5, -24, -24
1962.6, -24, -24
1962.7, -24, -24
1962.8, -24, -24
1962.9, -24, -24
1963, -24, -24
1963.1, -24, -24
1963.2, -24, -24
1963.3, -24, -24
1963.4, -24, -24
1963.5, -24, -24
1963.6, -24, -24
1963.7, -24, -24
1963.8, -24, -24
1963.9, -24, -24
1964, -24, -24
1964.1, -24, -24
1964.2, -24, -24
1964.3, -23, -24
1964.4, -23, -24
1964.5, -22, -24
1964.6, -22, -24
1964.7, -22, -24
1964.8, -22, -24
1964.9, -22, -24
1965, -22, -24
1965.1, -22, -24
1965.2, -22, -24
1965.3, -22, -25
1965.4, -22, -25
1965.5, -23, -25
1965.6, -23, -25
1965.7, -23, -26
1965.8, -23, -26
1965.9, -23, -26
1966, -23, -26
1966.1, -23, -26
1966.2, -23, -26
1966.3, -23, -26
1966.4, -23, -26
1966.5, -23, -26
1966.6, -23, -26
1966.7, -23, -26
1966.8, -23, -26
1966.9, -23, -26
1967, -23, -26
1967.1, -23, -26
1967.2, -23, -26
1967.3, -23, -26
1967.4, -23, -26
1967.5, -23, -26
1967.6, -23, -26
1967.7, -23, -26
1967.8, -23, -26
1967.9, -23, -26
1968, -23, -26
1968.1, -23, -26
1968.2, -23, -26
1968.3, -23, -26
1968.4, -23, -26
1968.5, -23, -26
1968.6, -23, -26
1968.7, -23, -26
1968.8, -23, -26
1968.9, -23, -27
1969, -23, -27
1969.1, -23, -27
1969.2, -23, -27
1969.3, -23, -27
1969.4, -23, -27
1969.5, -23, -27
1969.6, -23, -27
1969.7, -23, -27
1969.8, -23, -27
1969.9, -23, -27
1970, -23, -27
1970.1, -23, -27
1970.2, -23, -27
1970.3, -23, -27
1970.4, -23, -27
1970.5, -23, -27
1970.6, -23, -27
1970.7, -23, -27
1970.8, -23, -27
1970.9, -23, -27
1971, -23, -27
1971.1, -23, -27
1971.2, -23, -27
1971.3, -23, -26
1971.4, -23, -26
1971.5, -23, -26
1971.6, -23, -26
1971.7, -23, -26
1971.8, -23, -26
1971.9, -23, -26
1972, -23, -26
1972.1, -23, -26
1972.2, -23, -26
1972.3, -23, -26
1972.4, -23, -26
1972.5, -23, -26
1972.6, -23, -26
1972.7, -23, -26
1972.8, -23, -26
1972.9, -23, -26
1973, -23, -26
1973.1, -23, -26
1973.2, -23, -26
1973.3, -23, -26
1973.4, -23, -26
1973.5, -23, -26
1973.6, -23, -26
1973.7, -23, -26
1973.8, -23, -26
1973.9, -23, -26
1974, -23, -26
1974.1, -23, -26
1974.2, -23, -26
1974.3, -23, -26
1974.4, -23, -26
1974.5, -23, -26
1974.6, -23, -26
1974.7, -23, -26
1974.8, -23, -26
1974.9, -23, -26
1975, -23, -26
1975.1, -23, -26
1975.2, -23, -26
1975.3, -23, -26
1975.4, -23, -26
1975.5, -23, -26
1975.6, -23, -26
1975.7, -23, -26
1975.8, -23, -26
1975.9, -23, -26
1976, -23, -26
1976.1, -23, -26
1976.2, -23, -26
1976.3, -23, -26
1976.4, -23, -26
1976.5, -23, -26
1976.6, -23, -26
1976.7, -23, -26
1976.8, -23, -26
1976.9, -23, -25
1977, -23, -25
1977.1, -23, -25
1977.2, -23, -25
1977.3, -23, -25
1977.4, -23, -25
1977.5, -23, -25
1977.6, -23, -25
1977.7, -23, -25
1977.8, -23, -25
1977.9, -23, -24
1978, -23, -24
1978.1, -23, -24
1978.2, -23, -24
1978.3, -23, -24
1978.4, -23, -24
1978.5, -23, -24
1978.6, -23, -24
1978.7, -23, -24
1978.8, -23, -24
1978.9, -23, -24
1979, -23, -24
1979.1, -23, -24
1979.2, -23, -24
1979.3, -23, -24
1979.4, -23, -24
1979.5, -23, -24
1979.6, -23, -24
1979.7, -23, -24
1979.8, -23, -24
1979.9, -23, -24
1980, -23, -24
1980.1, -23, -24
1980.2, -23, -24
1980.3, -23, -24
1980.4, -23, -24
1980.5, -23, -24
1980.6, -23, -24
1980.7, -23, -24
1980.8, -23, -24
1980.9, -23, -24
1981, -23, -24
1981.1, -23, -24
1981.2, -23, -24
1981.3, -23, -24
1981.4, -23, -24
1981.5, -23, -24
1981.6, -23, -24
1981.7, -23, -24
1981.8, -23, -24
1981.9, -23, -24
1982, -23, -24
1982.1, -23, -24
1982.2, -23, -24
1982.3, -23, -24
1982.4, -23, -24
1982.5, -23, -24
1982.6, -23, -24
1982.7, -23, -24
1982.8, -23, -24
1982.9, -23, -24
1983, -23, -24
1983.1, -23, -24
1983.2, -23, -24
1983.3, -22, -24
1983.4, -22, -24
1983.5, -22, -24
1983.6, -22, -24
1983.7, -22, -24
1983.8, -22, -24
1983.9, -22, -24
1984, -22, -24
1984.1, -22, -24
1984.2, -22, -24
1984.3, -22, -24
1984.4, -22, -24
1984.5, -22, -24
1984.6, -22, -24
1984.7, -22, -24
1984.8, -22, -24
1984.9, -23, -24
1985, -23, -24
1985.1, -23, -24
1985.2, -23, -24
1985.3, -23, -24
1985.4, -23, -24
1985.5, -23, -24
1985.6, -23, -24
1985.7, -23, -24
1985.8, -23, -24
1985.9, -23, -24
1986, -23, -24
1986.1, -23, -24
1986.2, -23, -24
1986.3, -23, -24
1986.4, -23, -24
1986.5, -23, -24
1986.6, -23, -24
1986.7, -23, -24
1986.8, -23, -24
1986.9, -23, -24
1987, -23, -24
1987.1, -23, -24
1987.2, -23, -24
1987.3, -23, -24
1987.4, -23, -24
1987.5, -23, -24
1987.6, -23, -24
1987.7, -23, -25
1987.8, -23, -25
1987.9, -23, -25
1988, -23, -25
1988.1, -23, -25
1988.2, -23, -25
1988.3, -23, -25
1988.4, -23, -25
1988.5, -23, -25
1988.6, -23, -25
1988.7, -23, -25
1988.8, -23, -25
1988.9, -23, -25
1989, -23, -25
1989.1, -23, -25
1989.2, -23, -25
1989.3, -23, -26
1989.4, -23, -26
1989.5, -23, -26
1989.6, -23, -26
1989.7, -23, -26
1989.8, -23, -26
1989.9, -23, -26
1990, -23, -26
1990.1, -23, -26
1990.2, -23, -26
1990.3, -23, -26
1990.4, -23, -26
1990.5, -23, -26
1990.6, -23, -26
1990.7, -23, -26
1990.8, -23, -26
1990.9, -23, -26
1991, -23, -26
1991.1, -23, -26
1991.2, -23, -26
1991.3, -23, -26
1991.4, -23, -26
1991.5, -23, -26
1991.6, -23, -26
1991.7, -23, -26
1991.8, -23, -26
1991.9, -23, -26
1992, -23, -26
1992.1, -23, -26
1992.2, -23, -26
1992.3, -23, -26
1992.4, -23, -26
1992.5, -23, -26
1992.6, -23, -26
1992.7, -23, -26
1992.8, -23, -26
1992.9, -23, -26
1993, -23, -26
1993.1, -23, -27
1993.2, -23, -27
1993.3, -23, -27
1993.4, -23, -27
1993.5, -23, -28
1993.6, -23, -28
1993.7, -23, -28
1993.8, -23, -28
1993.9, -23, -28
1994, -23, -28
1994.1, -23, -28
1994.2, -23, -28
1994.3, -23, -28
1994.4, -23, -28
1994.5, -24, -28
1994.6, -24, -28
1994.7, -24, -28
1994.8, -24, -28
1994.9, -24, -28
1995, -24, -28
1995.1, -24, -28
1995.2, -24, -28
1995.3, -24, -28
1995.4, -24, -28
1995.5, -24, -28
1995.6, -24, -28
1995.7, -24, -28
1995.8, -24, -28
1995.9, -24, -28
1996, -24, -28
1996.1, -24, -28
1996.2, -24, -28
1996.3, -24, -28
1996.4, -24, -28
1996.5, -24, -28
1996.6, -24, -28
1996.7, -24, -28
1996.8, -24, -28
1996.9, -24, -28
1997, -24, -28
1997.1, -24, -28
1997.2, -24, -28
1997.3, -24, -28
1997.4, -24, -28
1997.5, -24, -28
1997.6, -24, -28
1997.7, -24, -28
1997.8, -24, -28
1997.9, -24, -28
1998, -24, -28
1998.1, -23, -28
1998.2, -23, -28
1998.3, -23, -28
1998.4, -23, -28
1998.5, -23, -28
1998.6, -23, -28
1998.7, -23, -28
1998.8, -23, -28
1998.9, -23, -28
1999, -23, -28
1999.1, -23, -28
1999.2, -23, -28
1999.3, -23, -28
1999.4, -23, -28
1999.5, -23, -28
1999.6, -23, -28
1999.7, -23, -28
1999.8, -23, -28
1999.9, -23, -28
2000, -23, -28
2000.1, -23, -28
2000.2, -23, -28
2000.3, -23, -29
2000.4, -23, -29
2000.5, -22, -29
2000.6, -22, -29
2000.7, -22, -29
2000.8, -22, -29
2000.9, -22, -29
2001, -22, -29
2001.1, -22, -29
2001.2, -22, -29
2001.3, -22, -29
2001.4, -22, -29
2001.5, -22, -28
2001.6, -22, -28
2001.7, -22, -28
2001.8, -22, -28
2001.9, -22, -28
2002, -22, -28
2002.1, -22, -28
2002.2, -22, -28
2002.3, -22, -28
2002.4, -22, -28
2002.5, -22, -29
2002.6, -22, -29
2002.7, -22, -29
2002.8, -22, -29
2002.9, -22, -29
2003, -22, -29
2003.1, -21, -29
2003.2, -21, -29
2003.3, -21, -29
2003.4, -21, -29
2003.5, -21, -29
2003.6, -21, -29
2003.7, -21, -29
2003.8, -21, -29
2003.9, -21, -29
2004, -21, -29
2004.1, -21, -29
2004.2, -21, -29
2004.3, -21, -29
2004.4, -21, -29
2004.5, -21, -29
2004.6, -21, -29
2004.7, -21, -29
2004.8, -21, -29
2004.9, -21, -29
2005, -21, -29
2005.1, -21, -29
2005.2, -21, -29
2005.3, -21, -29
2005.4, -21, -29
2005.5, -21, -29
2005.6, -21, -29
2005.7, -22, -29
2005.8, -22, -29
2005.9, -22, -29
2006, -22, -29
2006.1, -22, -30
2006.2, -22, -30
2006.3, -22, -30
2006.4, -22, -30
2006.5, -22, -30
2006.6, -22, -30
2006.7, -22, -30
2006.8, -22, -30
2006.9, -22, -30
2007, -22, -30
2007.1, -22, -30
2007.2, -22, -30
2007.3, -22, -30
2007.4, -22, -30
2007.5, -22, -30
2007.6, -22, -30
2007.7, -22, -30
2007.8, -22, -30
2007.9, -22, -30
2008, -22, -30
2008.1, -22, -29
2008.2, -22, -29
2008.3, -22, -29
2008.4, -22, -29
2008.5, -22, -29
2008.6, -22, -29
2008.7, -22, -29
2008.8, -22, -29
2008.9, -22, -29
2009, -22, -29
2009.1, -22, -29
2009.2, -22, -29
2009.3, -22, -29
2009.4, -22, -29
2009.5, -22, -29
2009.6, -22, -29
2009.7, -22, -28
2009.8, -22, -28
2009.9, -22, -28
2010, -22, -28
2010.1, -22, -28
2010.2, -22, -28
2010.3, -22, -28
2010.4, -22, -28
2010.5, -22, -28
2010.6, -22, -28
2010.7, -22, -28
2010.8, -22, -28
2010.9, -22, -28
2011, -22, -28
2011.1, -22, -28
2011.2, -22, -28
2011.3, -22, -28
2011.4, -22, -28
2011.5, -22, -28
2011.6, -22, -28
2011.7, -22, -28
2011.8, -22, -28
2011.9, -22, -28
2012, -22, -28
2012.1, -22, -28
2012.2, -22, -28
2012.3, -22, -28
2012.4, -22, -28
2012.5, -22, -28
2012.6, -22, -28
2012.7, -22, -28
2012.8, -22, -28
2012.9, -22, -28
2013, -22, -28
2013.1, -22, -28
2013.2, -22, -28
2013.3, -23, -28
2013.4, -23, -28
2013.5, -23, -28
2013.6, -23, -28
2013.7, -23, -28
2013.8, -23, -28
2013.9, -24, -28
2014, -24, -28
2014.1, -23, -28
2014.2, -23, -28
2014.3, -23, -28
2014.4, -23, -28
2014.5, -23, -28
2014.6, -23, -28
2014.7, -23, -28
2014.8, -23, -28
2014.9, -23, -28
2015, -23, -28
2015.1, -23, -28
2015.2, -23, -28
2015.3, -23, -28
2015.4, -23, -28
2015.5, -23, -28
2015.6, -23, -28
2015.7, -23, -28
2015.8, -23, -28
2015.9, -23, -28
2016, -23, -28
2016.1, -23, -28
2016.2, -23, -28
2016.3, -23, -28
2016.4, -23, -28
2016.5, -23, -28
2016.6, -23, -28
2016.7, -23, -28
2016.8, -23, -28
2016.9, -24, -28
2017, -24, -28
2017.1, -24, -28
2017.2, -24, -28
2017.3, -24, -28
2017.4, -24, -28
2017.5, -23, -28
2017.6, -23, -28
2017.7, -23, -28
2017.8, -23, -28
2017.9, -23, -28
2018, -23, -28
2018.1, -23, -28
2018.2, -23, -28
2018.3, -24, -28
2018.4, -24, -28
2018.5, -24, -28
2018.6, -24, -28
2018.7, -24, -28
2018.8, -24, -28
2018.9, -24, -28
2019, -24, -28
2019.1, -25, -28
2019.2, -25, -28
2019.3, -25, -28
2019.4, -25, -28
2019.5, -25, -28
2019.6, -25, -28
2019.7, -25, -28
2019.8, -25, -28
2019.9, -24, -28
2020, -24, -28
2020.1, -24, -28
2020.2, -24, -28
2020.3, -24, -28
2020.4, -24, -28
2020.5, -24, -28
2020.6, -24, -28
2020.7, -24, -28
2020.8, -24, -28
2020.9, -24, -28
2021, -24, -28
2021.1, -24, -28
2021.2, -24, -28
2021.3, -24, -28
2021.4, -24, -28
2021.5, -24, -28
2021.6, -24, -28
2021.7, -24, -28
2021.8, -24, -28
2021.9, -24, -28
2022, -24, -28
2022.1, -24, -27
2022.2, -24, -27
2022.3, -24, -27
2022.4, -24, -27
2022.5, -24, -27
2022.6, -24, -27
2022.7, -24, -27
2022.8, -24, -27
2022.9, -24, -27
2023, -24, -27
2023.1, -24, -27
2023.2, -24, -27
2023.3, -24, -27
2023.4, -24, -27
2023.5, -24, -27
2023.6, -24, -27
2023.7, -24, -27
2023.8, -24, -27
2023.9, -24, -27
2024, -24, -27
2024.1, -24, -27
2024.2, -24, -27
2024.3, -24, -27
2024.4, -24, -27
2024.5, -23, -27
2024.6, -23, -27
2024.7, -22, -27
2024.8, -22, -27
2024.9, -22, -27
2025, -22, -27
2025.1, -22, -28
2025.2, -22, -28
2025.3, -22, -28
2025.4, -22, -28
2025.5, -22, -28
2025.6, -22, -28
2025.7, -22, -28
2025.8, -22, -28
2025.9, -22, -28
2026, -22, -28
2026.1, -22, -28
2026.2, -22, -28
2026.3, -22, -28
2026.4, -22, -28
2026.5, -22, -28
2026.6, -22, -28
2026.7, -22, -29
2026.8, -22, -29
2026.9, -22, -29
2027, -22, -29
2027.1, -22, -29
2027.2, -22, -29
2027.3, -22, -29
2027.4, -22, -29
2027.5, -22, -29
2027.6, -22, -29
2027.7, -22, -29
2027.8, -22, -29
2027.9, -22, -29
2028, -22, -29
2028.1, -22, -29
2028.2, -22, -29
2028.3, -22, -29
2028.4, -22, -29
2028.5, -22, -29
2028.6, -22, -29
2028.7, -22, -29
2028.8, -22, -29
2028.9, -22, -29
2029, -22, -29
2029.1, -23, -29
2029.2, -23, -29
2029.3, -23, -29
2029.4, -23, -29
2029.5, -23, -28
2029.6, -23, -28
2029.7, -23, -28
2029.8, -23, -28
2029.9, -23, -28
2030, -23, -28
2030.1, -23, -28
2030.2, -23, -28
2030.3, -23, -28
2030.4, -23, -28
2030.5, -23, -28
2030.6, -23, -28
2030.7, -23, -28
2030.8, -23, -28
2030.9, -23, -28
2031, -23, -28
2031.1, -23, -28
2031.2, -23, -28
2031.3, -24, -28
2031.4, -24, -28
2031.5, -24, -28
2031.6, -24, -28
2031.7, -24, -28
2031.8, -24, -28
2031.9, -24, -28
2032, -24, -28
2032.1, -24, -28
2032.2, -24, -28
2032.3, -24, -28
2032.4, -24, -28
2032.5, -24, -28
2032.6, -24, -28
2032.7, -24, -28
2032.8, -24, -28
2032.9, -23, -28
2033, -23, -28
2033.1, -23, -28
2033.2, -23, -28
2033.3, -23, -28
2033.4, -23, -28
2033.5, -23, -28
2033.6, -23, -28
2033.7, -23, -28
2033.8, -23, -28
2033.9, -23, -28
2034, -23, -28
2034.1, -23, -28
2034.2, -23, -28
2034.3, -23, -28
2034.4, -23, -28
2034.5, -23, -28
2034.6, -23, -28
2034.7, -23, -28
2034.8, -23, -28
2034.9, -23, -28
2035, -23, -28
2035.1, -23, -28
2035.2, -23, -28
2035.3, -23, -28
2035.4, -23, -28
2035.5, -23, -28
2035.6, -23, -28
2035.7, -23, -28
2035.8, -23, -28
2035.9, -23, -28
2036, -23, -28
2036.1, -23, -28
2036.2, -23, -28
2036.3, -23, -28
2036.4, -23, -28
2036.5, -23, -28
2036.6, -23, -28
2036.7, -23, -28
2036.8, -23, -28
2036.9, -23, -28
2037, -23, -28
2037.1, -23, -28
2037.2, -23, -28
2037.3, -23, -28
2037.4, -23, -28
2037.5, -23, -28
2037.6, -23, -28
2037.7, -23, -28
2037.8, -23, -28
2037.9, -23, -28
2038, -23, -28
2038.1, -23, -28
2038.2, -23, -28
2038.3, -23, -28
2038.4, -23, -28
2038.5, -23, -28
2038.6, -23, -28
2038.7, -23, -28
2038.8, -23, -28
2038.9, -23, -28
2039, -23, -28
2039.1, -23, -28
2039.2, -23, -28
2039.3, -23, -28
2039.4, -23, -28
2039.5, -22, -28
2039.6, -22, -28
2039.7, -22, -28
2039.8, -22, -28
2039.9, -22, -28
2040, -22, -28
2040.1, -22, -28
2040.2, -22, -28
2040.3, -22, -28
2040.4, -22, -28
2040.5, -22, -28
2040.6, -22, -28
2040.7, -22, -28
2040.8, -22, -28
2040.9, -22, -28
2041, -22, -28
2041.1, -22, -28
2041.2, -22, -28
2041.3, -22, -28
2041.4, -22, -28
2041.5, -22, -28
2041.6, -22, -28
2041.7, -22, -28
2041.8, -22, -28
2041.9, -22, -28
2042, -22, -28
2042.1, -22, -28
2042.2, -22, -28
2042.3, -22, -28
2042.4, -22, -28
2042.5, -22, -28
2042.6, -22, -28
2042.7, -22, -28
2042.8, -22, -28
2042.9, -22, -28
2043, -22, -28
2043.1, -22, -28
2043.2, -22, -28
2043.3, -22, -28
2043.4, -22, -28
2043.5, -22, -28
2043.6, -22, -28
2043.7, -22, -28
2043.8, -22, -28
2043.9, -22, -28
2044, -22, -28
2044.1, -22, -28
2044.2, -22, -28
2044.3, -22, -28
2044.4, -22, -28
2044.5, -22, -28
2044.6, -22, -28
2044.7, -22, -28
2044.8, -22, -28
2044.9, -22, -28
2045, -22, -28
2045.1, -22, -28
2045.2, -22, -28
2045.3, -22, -28
2045.4, -22, -28
2045.5, -22, -28
2045.6, -22, -28
2045.7, -22, -28
2045.8, -22, -28
2045.9, -22, -28
2046, -22, -28
2046.1, -22, -28
2046.2, -22, -28
2046.3, -22, -28
2046.4, -22, -28
2046.5, -22, -28
2046.6, -22, -28
2046.7, -22, -28
2046.8, -22, -28
2046.9, -22, -28
2047, -22, -28
2047.1, -23, -28
2047.2, -23, -28
2047.3, -22, -28
2047.4, -22, -28
2047.5, -22, -29
2047.6, -22, -29
2047.7, -22, -29
2047.8, -22, -29
2047.9, -22, -29
2048, -22, -29
2048.1, -22, -30
2048.2, -22, -30
2048.3, -22, -31
2048.4, -22, -31
2048.5, -23, -31
2048.6, -23, -31
2048.7, -23, -31
2048.8, -23, -31
2048.9, -23, -31
2049, -23, -31
2049.1, -23, -31
2049.2, -23, -31
2049.3, -23, -31
2049.4, -23, -31
2049.5, -23, -31
2049.6, -23, -31
2049.7, -23, -31
2049.8, -23, -31
2049.9, -23, -31
2050, -23, -31
2050.1, -23, -31
2050.2, -23, -31
2050.3, -23, -31
2050.4, -23, -31
2050.5, -23, -31
2050.6, -23, -31
2050.7, -23, -31
2050.8, -23, -31
2050.9, -23, -31
2051, -23, -31
2051.1, -23, -31
2051.2, -23, -31
2051.3, -23, -31
2051.4, -23, -31
2051.5, -23, -31
2051.6, -23, -31
2051.7, -23, -31
2051.8, -23, -31
2051.9, -23, -31
2052, -23, -31
2052.1, -23, -31
2052.2, -23, -31
2052.3, -23, -30
2052.4, -23, -30
2052.5, -23, -30
2052.6, -23, -30
2052.7, -23, -30
2052.8, -23, -30
2052.9, -23, -30
2053, -23, -30
2053.1, -23, -30
2053.2, -23, -30
2053.3, -23, -30
2053.4, -23, -30
2053.5, -23, -30
2053.6, -23, -30
2053.7, -23, -30
2053.8, -23, -30
2053.9, -24, -30
2054, -24, -30
2054.1, -24, -30
2054.2, -24, -30
2054.3, -24, -30
2054.4, -24, -30
2054.5, -24, -31
2054.6, -24, -31
2054.7, -24, -31
2054.8, -24, -31
2054.9, -24, -31
2055, -24, -31
2055.1, -24, -31
2055.2, -24, -31
2055.3, -24, -31
2055.4, -24, -31
2055.5, -24, -31
2055.6, -24, -31
2055.7, -24, -31
2055.8, -24, -31
2055.9, -24, -31
2056, -24, -31
2056.1, -24, -31
2056.2, -24, -31
2056.3, -23, -31
2056.4, -23, -31
2056.5, -23, -31
2056.6, -23, -31
2056.7, -23, -31
2056.8, -23, -31
2056.9, -23, -31
2057, -23, -31
2057.1, -23, -31
2057.2, -23, -31
2057.3, -23, -31
2057.4, -23, -31
2057.5, -23, -31
2057.6, -23, -31
2057.7, -23, -31
2057.8, -23, -31
2057.9, -23, -31
2058, -23, -31
2058.1, -23, -31
2058.2, -23, -31
2058.3, -23, -31
2058.4, -23, -31
2058.5, -23, -31
2058.6, -23, -31
2058.7, -23, -31
2058.8, -23, -31
2058.9, -23, -31
2059, -23, -31
2059.1, -23, -31
2059.2, -23, -31
2059.3, -23, -31
2059.4, -23, -31
2059.5, -23, -31
2059.6, -23, -31
2059.7, -23, -31
2059.8, -23, -31
2059.9, -23, -31
2060, -23, -31
2060.1, -23, -31
2060.2, -23, -31
2060.3, -23, -31
2060.4, -23, -31
2060.5, -23, -32
2060.6, -23, -32
2060.7, -23, -32
2060.8, -23, -32
2060.9, -23, -32
2061, -23, -32
2061.1, -23, -32
2061.2, -23, -32
2061.3, -23, -32
2061.4, -23, -32
2061.5, -23, -32
2061.6, -23, -32
2061.7, -23, -32
2061.8, -23, -32
2061.9, -23, -32
2062, -23, -32
2062.1, -23, -32
2062.2, -23, -32
2062.3, -23, -32
2062.4, -23, -32
2062.5, -23, -32
2062.6, -23, -32
2062.7, -23, -32
2062.8, -23, -32
2062.9, -23, -31
2063, -23, -31
2063.1, -23, -31
2063.2, -23, -31
2063.3, -23, -31
2063.4, -23, -31
2063.5, -23, -31
2063.6, -23, -31
2063.7, -23, -31
2063.8, -23, -31
2063.9, -23, -31
2064, -23, -31
2064.1, -23, -31
2064.2, -23, -31
2064.3, -23, -31
2064.4, -23, -31
2064.5, -23, -31
2064.6, -23, -31
2064.7, -23, -31
2064.8, -23, -31
2064.9, -23, -31
2065, -23, -31
2065.1, -23, -31
2065.2, -23, -31
2065.3, -23, -31
2065.4, -23, -31
2065.5, -23, -31
2065.6, -23, -31
2065.7, -23, -31
2065.8, -23, -31
2065.9, -23, -31
2066, -23, -31
2066.1, -23, -31
2066.2, -23, -31
2066.3, -23, -31
2066.4, -23, -31
2066.5, -24, -31
2066.6, -24, -31
2066.7, -24, -31
2066.8, -24, -31
2066.9, -24, -31
2067, -24, -31
2067.1, -24, -31
2067.2, -24, -31
2067.3, -24, -31
2067.4, -24, -31
2067.5, -24, -31
2067.6, -24, -31
2067.7, -24, -31
2067.8, -24, -31
2067.9, -24, -31
2068, -24, -31
2068.1, -24, -31
2068.2, -24, -31
2068.3, -24, -31
2068.4, -24, -31
2068.5, -23, -31
2068.6, -23, -31
2068.7, -23, -31
2068.8, -23, -31
2068.9, -23, -31
2069, -23, -31
2069.1, -23, -31
2069.2, -23, -31
2069.3, -23, -31
2069.4, -23, -31
2069.5, -23, -31
2069.6, -23, -31
2069.7, -23, -31
2069.8, -23, -31
2069.9, -23, -31
2070, -23, -31
2070.1, -23, -31
2070.2, -23, -31
2070.3, -23, -31
2070.4, -23, -31
2070.5, -23, -31
2070.6, -23, -31
2070.7, -23, -31
2070.8, -23, -31
2070.9, -23, -31
2071, -23, -31
2071.1, -23, -31
2071.2, -23, -31
2071.3, -23, -31
2071.4, -23, -31
2071.5, -23, -31
2071.6, -23, -31
2071.7, -23, -31
2071.8, -23, -31
2071.9, -23, -31
2072, -23, -31
2072.1, -23, -31
2072.2, -23, -31
2072.3, -23, -31
2072.4, -23, -31
2072.5, -23, -31
2072.6, -23, -31
2072.7, -23, -31
2072.8, -23, -31
2072.9, -23, -31
2073, -23, -31
2073.1, -23, -31
2073.2, -23, -31
2073.3, -23, -31
2073.4, -23, -31
2073.5, -23, -31
2073.6, -23, -31
2073.7, -23, -31
2073.8, -23, -31
2073.9, -23, -31
2074, -23, -31
2074.1, -22, -31
2074.2, -22, -31
2074.3, -22, -32
2074.4, -22, -32
2074.5, -22, -32
2074.6, -22, -32
2074.7, -22, -32
2074.8, -22, -32
2074.9, -22, -32
2075, -22, -32
2075.1, -22, -32
2075.2, -22, -32
2075.3, -22, -32
2075.4, -22, -32
2075.5, -22, -32
2075.6, -22, -32
2075.7, -22, -33
2075.8, -22, -33
2075.9, -22, -33
2076, -22, -33
2076.1, -22, -33
2076.2, -22, -33
2076.3, -22, -33
2076.4, -22, -33
2076.5, -22, -33
2076.6, -22, -33
2076.7, -21, -33
2076.8, -21, -33
2076.9, -21, -33
2077, -21, -33
2077.1, -21, -33
2077.2, -21, -33
2077.3, -21, -33
2077.4, -21, -33
2077.5, -22, -33
2077.6, -22, -33
2077.7, -22, -33
2077.8, -22, -33
2077.9, -22, -33
2078, -22, -33
2078.1, -22, -33
2078.2, -22, -33
2078.3, -22, -33
2078.4, -22, -33
2078.5, -22, -33
2078.6, -22, -33
2078.7, -22, -33
2078.8, -22, -33
2078.9, -22, -33
2079, -22, -33
2079.1, -22, -33
2079.2, -22, -33
2079.3, -22, -34
2079.4, -22, -34
2079.5, -22, -34
2079.6, -22, -34
2079.7, -22, -34
2079.8, -22, -34
2079.9, -22, -34
2080, -22, -34
2080.1, -22, -34
2080.2, -22, -34
2080.3, -22, -34
2080.4, -22, -34
2080.5, -22, -34
2080.6, -22, -34
2080.7, -22, -34
2080.8, -22, -34
2080.9, -22, -34
2081, -22, -34
2081.1, -22, -34
2081.2, -22, -34
2081.3, -22, -34
2081.4, -22, -34
2081.5, -22, -34
2081.6, -22, -34
2081.7, -22, -34
2081.8, -22, -34
2081.9, -22, -34
2082, -22, -34
2082.1, -22, -34
2082.2, -22, -34
2082.3, -22, -34
2082.4, -22, -34
2082.5, -22, -34
2082.6, -22, -34
2082.7, -22, -34
2082.8, -22, -34
2082.9, -22, -34
2083, -22, -34
2083.1, -23, -34
2083.2, -23, -34
2083.3, -23, -34
2083.4, -23, -34
2083.5, -23, -34
2083.6, -23, -34
2083.7, -23, -34
2083.8, -23, -34
2083.9, -23, -34
2084, -23, -34
2084.1, -23, -34
2084.2, -23, -34
2084.3, -23, -34
2084.4, -23, -34
2084.5, -23, -34
2084.6, -23, -34
2084.7, -23, -34
2084.8, -23, -34
2084.9, -23, -34
2085, -23, -34
2085.1, -23, -34
2085.2, -23, -34
2085.3, -23, -34
2085.4, -23, -34
2085.5, -23, -34
2085.6, -23, -34
2085.7, -23, -34
2085.8, -23, -34
2085.9, -23, -34
2086, -23, -34
2086.1, -23, -34
2086.2, -23, -34
2086.3, -23, -34
2086.4, -23, -34
2086.5, -23, -34
2086.6, -23, -34
2086.7, -23, -34
2086.8, -23, -34
2086.9, -23, -33
2087, -23, -33
2087.1, -23, -33
2087.2, -23, -33
2087.3, -23, -33
2087.4, -23, -33
2087.5, -23, -33
2087.6, -23, -33
2087.7, -23, -33
2087.8, -23, -33
2087.9, -23, -33
2088, -23, -33
2088.1, -23, -33
2088.2, -23, -33
2088.3, -23, -33
2088.4, -23, -33
2088.5, -23, -33
2088.6, -23, -33
2088.7, -23, -33
2088.8, -23, -33
2088.9, -23, -34
2089, -23, -34
2089.1, -23, -34
2089.2, -23, -34
2089.3, -23, -34
2089.4, -23, -34
2089.5, -23, -34
2089.6, -23, -34
2089.7, -23, -33
2089.8, -23, -33
2089.9, -23, -33
2090, -23, -33
2090.1, -23, -33
2090.2, -23, -33
2090.3, -23, -33
2090.4, -23, -33
2090.5, -23, -33
2090.6, -23, -33
2090.7, -23, -34
2090.8, -23, -34
2090.9, -23, -34
2091, -23, -34
2091.1, -23, -34
2091.2, -23, -34
2091.3, -23, -33
2091.4, -23, -33
2091.5, -23, -33
2091.6, -23, -33
2091.7, -24, -33
2091.8, -24, -33
2091.9, -24, -33
2092, -24, -33
2092.1, -24, -33
2092.2, -24, -33
2092.3, -24, -33
2092.4, -24, -33
2092.5, -24, -33
2092.6, -24, -33
2092.7, -24, -33
2092.8, -24, -33
2092.9, -24, -33
2093, -24, -33
2093.1, -24, -33
2093.2, -24, -33
2093.3, -24, -33
2093.4, -24, -33
2093.5, -24, -33
2093.6, -24, -33
2093.7, -24, -33
2093.8, -24, -33
2093.9, -24, -33
2094, -24, -33
2094.1, -24, -33
2094.2, -24, -33
2094.3, -24, -33
2094.4, -24, -33
2094.5, -24, -33
2094.6, -24, -33
2094.7, -24, -33
2094.8, -24, -33
2094.9, -24, -33
2095, -24, -33
2095.1, -24, -33
2095.2, -24, -33
2095.3, -24, -33
2095.4, -24, -33
2095.5, -24, -33
2095.6, -24, -33
2095.7, -24, -33
2095.8, -24, -33
2095.9, -24, -33
2096, -24, -33
2096.1, -24, -33
2096.2, -24, -33
2096.3, -24, -33
2096.4, -24, -33
2096.5, -24, -33
2096.6, -24, -33
2096.7, -24, -34
2096.8, -24, -34
2096.9, -24, -34
2097, -24, -34
2097.1, -24, -34
2097.2, -24, -34
2097.3, -25, -34
2097.4, -25, -34
2097.5, -25, -34
2097.6, -25, -34
2097.7, -25, -34
2097.8, -25, -34
2097.9, -26, -34
2098, -26, -34
2098.1, -26, -34
2098.2, -26, -34
2098.3, -26, -34
2098.4, -26, -34
2098.5, -27, -34
2098.6, -27, -34
2098.7, -27, -34
2098.8, -27, -34
2098.9, -27, -34
2099, -27, -34
2099.1, -27, -34
2099.2, -27, -34
2099.3, -27, -34
2099.4, -27, -34
2099.5, -27, -34
2099.6, -27, -34
2099.7, -27, -35
2099.8, -27, -35
2099.9, -27, -35
2100, -27, -35
2100.1, -27, -35
2100.2, -27, -35
2100.3, -27, -35
2100.4, -27, -35
2100.5, -27, -35
2100.6, -27, -35
2100.7, -27, -35
2100.8, -27, -35
2100.9, -27, -35
2101, -27, -35
2101.1, -27, -35
2101.2, -27, -35
2101.3, -27, -35
2101.4, -27, -35
2101.5, -27, -35
2101.6, -27, -35
2101.7, -27, -35
2101.8, -27, -35
2101.9, -27, -36
2102, -27, -36
2102.1, -27, -36
2102.2, -27, -36
2102.3, -27, -36
2102.4, -27, -36
2102.5, -27, -36
2102.6, -27, -36
2102.7, -27, -36
2102.8, -27, -36
2102.9, -27, -36
2103, -27, -36
2103.1, -27, -36
2103.2, -27, -36
2103.3, -27, -36
2103.4, -27, -36
2103.5, -27, -36
2103.6, -27, -36
2103.7, -27, -36
2103.8, -27, -36
2103.9, -27, -36
2104, -27, -36
2104.1, -27, -36
2104.2, -27, -36
2104.3, -27, -36
2104.4, -27, -36
2104.5, -27, -36
2104.6, -27, -36
2104.7, -27, -36
2104.8, -27, -36
2104.9, -27, -36
2105, -27, -36
2105.1, -27, -36
2105.2, -27, -36
2105.3, -27, -36
2105.4, -27, -36
2105.5, -27, -36
2105.6, -27, -36
2105.7, -27, -36
2105.8, -27, -36
2105.9, -28, -36
2106, -28, -36
2106.1, -28, -37
2106.2, -28, -37
2106.3, -28, -37
2106.4, -28, -37
2106.5, -28, -37
2106.6, -28, -37
2106.7, -28, -37
2106.8, -28, -37
2106.9, -28, -37
2107, -28, -37
2107.1, -28, -37
2107.2, -28, -37
2107.3, -28, -37
2107.4, -28, -37
2107.5, -28, -37
2107.6, -28, -37
2107.7, -28, -37
2107.8, -28, -37
2107.9, -28, -37
2108, -28, -37
2108.1, -28, -37
2108.2, -28, -37
2108.3, -28, -37
2108.4, -28, -37
2108.5, -28, -37
2108.6, -28, -37
2108.7, -28, -37
2108.8, -28, -37
2108.9, -28, -37
2109, -28, -37
2109.1, -28, -37
2109.2, -28, -37
2109.3, -28, -37
2109.4, -28, -37
2109.5, -28, -37
2109.6, -28, -37
2109.7, -28, -37
2109.8, -28, -37
2109.9, -28, -37
2110, -28, -37
2110.1, -28, -37
2110.2, -28, -37
2110.3, -28, -37
2110.4, -28, -37
2110.5, -28, -37
2110.6, -28, -37
2110.7, -28, -37
2110.8, -28, -37
2110.9, -28, -37
2111, -28, -37
2111.1, -28, -37
2111.2, -28, -37
2111.3, -28, -37
2111.4, -28, -37
2111.5, -28, -37
2111.6, -28, -37
2111.7, -28, -37
2111.8, -28, -37
2111.9, -27, -37
2112, -27, -37
2112.1, -27, -37
2112.2, -27, -37
2112.3, -27, -37
2112.4, -27, -37
2112.5, -27, -36
2112.6, -27, -36
2112.7, -27, -36
2112.8, -27, -36
2112.9, -27, -36
2113, -27, -36
2113.1, -27, -36
2113.2, -27, -36
2113.3, -27, -36
2113.4, -27, -36
2113.5, -27, -36
2113.6, -27, -36
2113.7, -27, -36
2113.8, -27, -36
2113.9, -28, -36
2114, -28, -36
2114.1, -28, -37
2114.2, -28, -37
2114.3, -28, -37
2114.4, -28, -37
2114.5, -28, -37
2114.6, -28, -37
2114.7, -28, -37
2114.8, -28, -37
2114.9, -28, -37
2115, -28, -37
2115.1, -28, -37
2115.2, -28, -37
2115.3, -28, -37
2115.4, -28, -37
2115.5, -28, -37
2115.6, -28, -37
2115.7, -27, -37
2115.8, -27, -37
2115.9, -27, -37
2116, -27, -37
2116.1, -27, -37
2116.2, -27, -37
2116.3, -27, -37
2116.4, -27, -37
2116.5, -27, -37
2116.6, -27, -37
2116.7, -27, -37
2116.8, -27, -37
2116.9, -27, -37
2117, -27, -37
2117.1, -27, -37
2117.2, -27, -37
2117.3, -27, -37
2117.4, -27, -37
2117.5, -27, -37
2117.6, -27, -37
2117.7, -27, -37
2117.8, -27, -37
2117.9, -27, -37
2118, -27, -37
2118.1, -27, -37
2118.2, -27, -37
2118.3, -27, -37
2118.4, -27, -37
2118.5, -27, -37
2118.6, -27, -37
2118.7, -27, -37
2118.8, -27, -37
2118.9, -27, -37
2119, -27, -37
2119.1, -27, -37
2119.2, -27, -37
2119.3, -27, -37
2119.4, -27, -37
2119.5, -27, -37
2119.6, -27, -37
2119.7, -27, -37
2119.8, -27, -37
2119.9, -27, -37
2120, -27, -37
2120.1, -27, -37
2120.2, -27, -37
2120.3, -27, -37
2120.4, -27, -37
2120.5, -27, -37
2120.6, -27, -37
2120.7, -27, -37
2120.8, -27, -37
2120.9, -27, -37
2121, -27, -37
2121.1, -27, -37
2121.2, -27, -37
2121.3, -27, -37
2121.4, -27, -37
2121.5, -27, -37
2121.6, -27, -37
2121.7, -27, -37
2121.8, -27, -37
2121.9, -27, -37
2122, -27, -37
2122.1, -27, -37
2122.2, -27, -37
2122.3, -27, -37
2122.4, -27, -37
2122.5, -27, -37
2122.6, -27, -37
2122.7, -27, -37
2122.8, -27, -37
2122.9, -27, -37
2123, -27, -37
2123.1, -27, -37
2123.2, -27, -37
2123.3, -27, -37
2123.4, -27, -37
2123.5, -27, -37
2123.6, -27, -37
2123.7, -27, -37
2123.8, -27, -37
2123.9, -27, -37
2124, -27, -37
2124.1, -27, -37
2124.2, -27, -37
2124.3, -27, -37
2124.4, -27, -37
2124.5, -27, -37
2124.6, -27, -37
2124.7, -27, -37
2124.8, -27, -37
2124.9, -27, -37
2125, -27, -37
2125.1, -27, -37
2125.2, -27, -37
2125.3, -27, -37
2125.4, -27, -37
2125.5, -27, -37
2125.6, -27, -37
2125.7, -27, -37
2125.8, -27, -37
2125.9, -27, -37
2126, -27, -37
2126.1, -27, -37
2126.2, -27, -37
2126.3, -27, -37
2126.4, -27, -37
2126.5, -27, -37
2126.6, -27, -37
2126.7, -27, -37
2126.8, -27, -37
2126.9, -27, -37
2127, -27, -37
2127.1, -27, -37
2127.2, -27, -37
2127.3, -27, -37
2127.4, -27, -37
2127.5, -26, -37
2127.6, -26, -37
2127.7, -26, -37
2127.8, -26, -37
2127.9, -26, -37
2128, -26, -37
2128.1, -26, -37
2128.2, -26, -37
2128.3, -26, -37
2128.4, -26, -37
2128.5, -26, -37
2128.6, -26, -37
2128.7, -26, -37
2128.8, -26, -37
2128.9, -26, -37
2129, -26, -37
2129.1, -26, -37
2129.2, -26, -37
2129.3, -26, -37
2129.4, -26, -37
2129.5, -26, -37
2129.6, -26, -37
2129.7, -26, -37
2129.8, -26, -37
2129.9, -26, -37
2130, -26, -37
2130.1, -26, -37
2130.2, -26, -37
2130.3, -26, -37
2130.4, -26, -37
2130.5, -26, -37
2130.6, -26, -37
2130.7, -26, -37
2130.8, -26, -37
2130.9, -26, -37
2131, -26, -37
2131.1, -26, -37
2131.2, -26, -37
2131.3, -26, -37
2131.4, -26, -37
2131.5, -26, -37
2131.6, -26, -37
2131.7, -26, -37
2131.8, -26, -37
2131.9, -26, -37
2132, -26, -37
2132.1, -26, -37
2132.2, -26, -37
2132.3, -26, -37
2132.4, -26, -37
2132.5, -26, -37
2132.6, -26, -37
2132.7, -26, -37
2132.8, -26, -37
2132.9, -26, -37
2133, -26, -37
2133.1, -26, -37
2133.2, -26, -37
2133.3, -26, -37
2133.4, -26, -37
2133.5, -26, -37
2133.6, -26, -37
2133.7, -26, -37
2133.8, -26, -37
2133.9, -26, -37
2134, -26, -37
2134.1, -26, -37
2134.2, -26, -37
2134.3, -26, -37
2134.4, -26, -37
2134.5, -26, -37
2134.6, -26, -37
2134.7, -26, -37
2134.8, -26, -37
2134.9, -26, -37
2135, -26, -37
2135.1, -26, -37
2135.2, -26, -37
2135.3, -25, -37
2135.4, -25, -37
2135.5, -25, -37
2135.6, -25, -37
2135.7, -24, -37
2135.8, -24, -37
2135.9, -24, -37
2136, -24, -37
2136.1, -24, -37
2136.2, -24, -37
2136.3, -24, -37
2136.4, -24, -37
2136.5, -24, -37
2136.6, -24, -37
2136.7, -24, -37
2136.8, -24, -37
2136.9, -24, -37
2137, -24, -37
2137.1, -24, -37
2137.2, -24, -37
2137.3, -24, -38
2137.4, -24, -38
2137.5, -24, -38
2137.6, -24, -38
2137.7, -24, -38
2137.8, -24, -38
2137.9, -24, -38
2138, -24, -38
2138.1, -24, -38
2138.2, -24, -38
2138.3, -24, -37
2138.4, -24, -37
2138.5, -24, -37
2138.6, -24, -37
2138.7, -24, -37
2138.8, -24, -37
2138.9, -24, -37
2139, -24, -37
2139.1, -24, -37
2139.2, -24, -37
2139.3, -24, -37
2139.4, -24, -37
2139.5, -24, -37
2139.6, -24, -37
2139.7, -24, -38
2139.8, -24, -38
2139.9, -24, -38
2140, -24, -38
2140.1, -24, -38
2140.2, -24, -38
2140.3, -24, -38
2140.4, -24, -38
2140.5, -24, -38
2140.6, -24, -38
2140.7, -24, -38
2140.8, -24, -38
2140.9, -24, -39
2141, -24, -39
2141.1, -24, -39
2141.2, -24, -39
2141.3, -24, -39
2141.4, -24, -39
2141.5, -24, -39
2141.6, -24, -39
2141.7, -24, -39
2141.8, -24, -39
2141.9, -24, -39
2142, -24, -39
2142.1, -24, -39
2142.2, -24, -39
2142.3, -24, -39
2142.4, -24, -39
2142.5, -24, -39
2142.6, -24, -39
2142.7, -24, -39
2142.8, -24, -39
2142.9, -24, -39
2143, -24, -39
2143.1, -24, -40
2143.2, -24, -40
2143.3, -24, -40
2143.4, -24, -40
2143.5, -24, -40
2143.6, -24, -40
2143.7, -24, -40
2143.8, -24, -40
2143.9, -24, -40
2144, -24, -40
2144.1, -24, -40
2144.2, -24, -40
2144.3, -24, -41
2144.4, -24, -41
2144.5, -24, -41
2144.6, -24, -41
2144.7, -24, -41
2144.8, -24, -41
2144.9, -24, -41
2145, -24, -41
2145.1, -24, -41
2145.2, -24, -41
2145.3, -24, -42
2145.4, -24, -42
2145.5, -24, -42
2145.6, -24, -42
2145.7, -24, -42
2145.8, -24, -42
2145.9, -24, -42
2146, -24, -42
2146.1, -24, -42
2146.2, -24, -42
2146.3, -24, -42
2146.4, -24, -42
2146.5, -24, -42
2146.6, -24, -42
2146.7, -24, -42
2146.8, -24, -42
2146.9, -24, -42
2147, -24, -42
2147.1, -24, -42
2147.2, -24, -42
2147.3, -24, -42
2147.4, -24, -42
2147.5, -24, -42
2147.6, -24, -42
2147.7, -24, -42
2147.8, -24, -42
2147.9, -24, -42
2148, -24, -42
2148.1, -24, -42
2148.2, -24, -42
2148.3, -24, -42
2148.4, -24, -42
2148.5, -24, -42
2148.6, -24, -42
2148.7, -24, -42
2148.8, -24, -42
2148.9, -24, -42
2149, -24, -42
2149.1, -24, -42
2149.2, -24, -42
2149.3, -24, -42
2149.4, -24, -42
2149.5, -24, -42
2149.6, -24, -42
2149.7, -24, -42
2149.8, -24, -42
2149.9, -23, -42
2150, -23, -42
2150.1, -23, -42
2150.2, -23, -42
2150.3, -23, -42
2150.4, -23, -42
2150.5, -23, -42
2150.6, -23, -42
2150.7, -23, -42
2150.8, -23, -42
2150.9, -23, -42
2151, -23, -42
2151.1, -23, -42
2151.2, -23, -42
2151.3, -23, -42
2151.4, -23, -42
2151.5, -23, -42
2151.6, -23, -42
2151.7, -23, -42
2151.8, -23, -42
2151.9, -23, -42
2152, -23, -42
2152.1, -23, -42
2152.2, -23, -42
2152.3, -23, -42
2152.4, -23, -42
2152.5, -23, -42
2152.6, -23, -42
2152.7, -23, -42
2152.8, -23, -42
2152.9, -23, -42
2153, -23, -42
2153.1, -23, -42
2153.2, -23, -42
2153.3, -23, -42
2153.4, -23, -42
2153.5, -23, -42
2153.6, -23, -42
2153.7, -23, -42
2153.8, -23, -42
2153.9, -23, -42
2154, -23, -42
2154.1, -23, -42
2154.2, -23, -42
2154.3, -23, -42
2154.4, -23, -42
2154.5, -24, -42
2154.6, -24, -42
2154.7, -24, -42
2154.8, -24, -42
2154.9, -24, -42
2155, -24, -42
2155.1, -24, -42
2155.2, -24, -42
2155.3, -24, -42
2155.4, -24, -42
2155.5, -24, -42
2155.6, -24, -42
2155.7, -24, -42
2155.8, -24, -42
2155.9, -24, -42
2156, -24, -42
2156.1, -24, -42
2156.2, -24, -42
2156.3, -24, -43
2156.4, -24, -43
2156.5, -24, -43
2156.6, -24, -43
2156.7, -24, -43
2156.8, -24, -43
2156.9, -24, -43
2157, -24, -43
2157.1, -24, -43
2157.2, -24, -43
2157.3, -24, -43
2157.4, -24, -43
2157.5, -24, -43
2157.6, -24, -43
2157.7, -24, -43
2157.8, -24, -43
2157.9, -24, -43
2158, -24, -43
2158.1, -24, -43
2158.2, -24, -43
2158.3, -25, -43
2158.4, -25, -43
2158.5, -25, -43
2158.6, -25, -43
2158.7, -25, -44
2158.8, -25, -44
2158.9, -25, -44
2159, -25, -44
2159.1, -25, -44
2159.2, -25, -44
2159.3, -25, -44
2159.4, -25, -44
2159.5, -25, -44
2159.6, -25, -44
2159.7, -25, -44
2159.8, -25, -44
2159.9, -25, -44
2160, -25, -44
2160.1, -25, -44
2160.2, -25, -44
2160.3, -25, -44
2160.4, -25, -44
2160.5, -25, -44
2160.6, -25, -44
2160.7, -25, -44
2160.8, -25, -44
2160.9, -25, -44
2161, -25, -44
2161.1, -25, -44
2161.2, -25, -44
2161.3, -25, -44
2161.4, -25, -44
2161.5, -25, -45
2161.6, -25, -45
2161.7, -25, -45
2161.8, -25, -45
2161.9, -25, -45
2162, -25, -45
2162.1, -25, -45
2162.2, -25, -45
2162.3, -26, -45
2162.4, -26, -45
2162.5, -26, -45
2162.6, -26, -45
2162.7, -26, -45
2162.8, -26, -45
2162.9, -26, -45
2163, -26, -45
2163.1, -26, -45
2163.2, -26, -45
2163.3, -26, -45
2163.4, -26, -45
2163.5, -26, -45
2163.6, -26, -45
2163.7, -26, -45
2163.8, -26, -45
2163.9, -26, -45
2164, -26, -45
2164.1, -26, -45
2164.2, -26, -45
2164.3, -26, -45
2164.4, -26, -45
2164.5, -26, -45
2164.6, -26, -45
2164.7, -26, -45
2164.8, -26, -45
2164.9, -26, -45
2165, -26, -45
2165.1, -26, -45
2165.2, -26, -45
2165.3, -26, -45
2165.4, -26, -45
2165.5, -26, -45
2165.6, -26, -45
2165.7, -26, -45
2165.8, -26, -45
2165.9, -26, -45
2166, -26, -45
2166.1, -26, -45
2166.2, -26, -45
2166.3, -26, -46
2166.4, -26, -46
2166.5, -26, -46
2166.6, -26, -46
2166.7, -26, -46
2166.8, -26, -46
2166.9, -26, -46
2167, -26, -46
2167.1, -26, -46
2167.2, -26, -46
2167.3, -26, -46
2167.4, -26, -46
2167.5, -26, -46
2167.6, -26, -46
2167.7, -26, -46
2167.8, -26, -46
2167.9, -26, -46
2168, -26, -46
2168.1, -25, -46
2168.2, -25, -46
2168.3, -25, -46
2168.4, -25, -46
2168.5, -25, -46
2168.6, -25, -46
2168.7, -25, -46
2168.8, -25, -46
2168.9, -25, -46
2169, -25, -46
2169.1, -25, -46
2169.2, -25, -46
2169.3, -25, -47
2169.4, -25, -47
2169.5, -25, -47
2169.6, -25, -47
2169.7, -25, -47
2169.8, -25, -47
2169.9, -25, -47
2170, -25, -47
2170.1, -25, -47
2170.2, -25, -47
2170.3, -25, -47
2170.4, -25, -47
2170.5, -25, -47
2170.6, -25, -47
2170.7, -25, -48
2170.8, -25, -48
2170.9, -25, -48
2171, -25, -48
2171.1, -25, -48
2171.2, -25, -48
2171.3, -25, -48
2171.4, -25, -48
2171.5, -25, -48
2171.6, -25, -48
2171.7, -25, -48
2171.8, -25, -48
2171.9, -25, -48
2172, -25, -48
2172.1, -25, -48
2172.2, -25, -48
2172.3, -25, -48
2172.4, -25, -48
2172.5, -25, -48
2172.6, -25, -48
2172.7, -25, -48
2172.8, -25, -48
2172.9, -25, -48
2173, -25, -48
2173.1, -25, -48
2173.2, -25, -48
2173.3, -25, -48
2173.4, -25, -48
2173.5, -25, -48
2173.6, -25, -48
2173.7, -25, -48
2173.8, -25, -48
2173.9, -25, -48
2174, -25, -48
2174.1, -25, -48
2174.2, -25, -48
2174.3, -25, -48
2174.4, -25, -48
2174.5, -24, -48
2174.6, -24, -48
2174.7, -24, -48
2174.8, -24, -48
2174.9, -24, -48
2175, -24, -48
2175.1, -24, -48
2175.2, -24, -48
2175.3, -24, -48
2175.4, -24, -48
2175.5, -24, -48
2175.6, -24, -48
2175.7, -24, -48
2175.8, -24, -48
2175.9, -24, -48
2176, -24, -48
2176.1, -24, -48
2176.2, -24, -48
2176.3, -24, -48
2176.4, -24, -48
2176.5, -25, -48
2176.6, -25, -48
2176.7, -25, -48
2176.8, -25, -48
2176.9, -25, -48
2177, -25, -48
2177.1, -25, -48
2177.2, -25, -48
2177.3, -25, -48
2177.4, -25, -48
2177.5, -25, -48
2177.6, -25, -48
2177.7, -25, -48
2177.8, -25, -48
2177.9, -25, -48
2178, -25, -48
2178.1, -25, -48
2178.2, -25, -48
2178.3, -25, -48
2178.4, -25, -48
2178.5, -25, -48
2178.6, -25, -48
2178.7, -25, -48
2178.8, -25, -48
2178.9, -25, -47
2179, -25, -47
2179.1, -25, -47
2179.2, -25, -47
2179.3, -25, -47
2179.4, -25, -47
2179.5, -25, -47
2179.6, -25, -47
2179.7, -25, -47
2179.8, -25, -47
2179.9, -25, -47
2180, -25, -47
2180.1, -25, -47
2180.2, -25, -47
2180.3, -25, -47
2180.4, -25, -47
2180.5, -25, -47
2180.6, -25, -47
2180.7, -25, -47
2180.8, -25, -47
2180.9, -25, -47
2181, -25, -47
2181.1, -25, -47
2181.2, -25, -47
2181.3, -25, -47
2181.4, -25, -47
2181.5, -25, -47
2181.6, -25, -47
2181.7, -25, -47
2181.8, -25, -47
2181.9, -25, -47
2182, -25, -47
2182.1, -25, -47
2182.2, -25, -47
2182.3, -26, -47
2182.4, -26, -47
2182.5, -26, -47
2182.6, -26, -47
2182.7, -26, -47
2182.8, -26, -47
2182.9, -26, -47
2183, -26, -47
2183.1, -26, -47
2183.2, -26, -47
2183.3, -26, -47
2183.4, -26, -47
2183.5, -26, -47
2183.6, -26, -47
2183.7, -26, -47
2183.8, -26, -47
2183.9, -26, -47
2184, -26, -47
2184.1, -26, -47
2184.2, -26, -47
2184.3, -26, -47
2184.4, -26, -47
2184.5, -26, -47
2184.6, -26, -47
2184.7, -26, -47
2184.8, -26, -47
2184.9, -26, -47
2185, -26, -47
2185.1, -26, -46
2185.2, -26, -46
2185.3, -27, -46
2185.4, -27, -46
2185.5, -27, -46
2185.6, -27, -46
2185.7, -27, -46
2185.8, -27, -46
2185.9, -27, -46
2186, -27, -46
2186.1, -27, -46
2186.2, -27, -46
2186.3, -27, -46
2186.4, -27, -46
2186.5, -27, -46
2186.6, -27, -46
2186.7, -27, -46
2186.8, -27, -46
2186.9, -27, -46
2187, -27, -46
2187.1, -27, -46
2187.2, -27, -46
2187.3, -27, -46
2187.4, -27, -46
2187.5, -27, -46
2187.6, -27, -46
2187.7, -27, -46
2187.8, -27, -46
2187.9, -27, -46
2188, -27, -46
2188.1, -27, -46
2188.2, -27, -46
2188.3, -27, -46
2188.4, -27, -46
2188.5, -27, -46
2188.6, -27, -46
2188.7, -27, -46
2188.8, -27, -46
2188.9, -28, -46
2189, -28, -46
2189.1, -28, -46
2189.2, -28, -46
2189.3, -28, -46
2189.4, -28, -46
2189.5, -28, -46
2189.6, -28, -46
2189.7, -28, -46
2189.8, -28, -46
2189.9, -28, -46
2190, -28, -46
2190.1, -28, -46
2190.2, -28, -46
2190.3, -28, -46
2190.4, -28, -46
2190.5, -28, -46
2190.6, -28, -46
2190.7, -28, -46
2190.8, -28, -46
2190.9, -28, -46
2191, -28, -46
2191.1, -28, -46
2191.2, -28, -46
2191.3, -28, -46
2191.4, -28, -46
2191.5, -28, -46
2191.6, -28, -46
2191.7, -28, -46
2191.8, -28, -46
2191.9, -28, -46
2192, -28, -46
2192.1, -27, -46
2192.2, -27, -46
2192.3, -27, -46
2192.4, -27, -46
2192.5, -27, -46
2192.6, -27, -46
2192.7, -27, -45
2192.8, -27, -45
2192.9, -27, -45
2193, -27, -45
2193.1, -27, -45
2193.2, -27, -45
2193.3, -27, -45
2193.4, -27, -45
2193.5, -27, -45
2193.6, -27, -45
2193.7, -27, -45
2193.8, -27, -45
2193.9, -27, -45
2194, -27, -45
2194.1, -27, -45
2194.2, -27, -45
2194.3, -27, -46
2194.4, -27, -46
2194.5, -27, -46
2194.6, -27, -46
2194.7, -27, -46
2194.8, -27, -46
2194.9, -27, -46
2195, -27, -46
2195.1, -27, -46
2195.2, -27, -46
2195.3, -27, -46
2195.4, -27, -46
2195.5, -27, -46
2195.6, -27, -46
2195.7, -26, -46
2195.8, -26, -46
2195.9, -26, -46
2196, -26, -46
2196.1, -26, -46
2196.2, -26, -46
2196.3, -26, -46
2196.4, -26, -46
2196.5, -26, -46
2196.6, -26, -46
2196.7, -26, -46
2196.8, -26, -46
2196.9, -26, -46
2197, -26, -46
2197.1, -26, -46
2197.2, -26, -46
2197.3, -26, -46
2197.4, -26, -46
2197.5, -26, -46
2197.6, -26, -46
2197.7, -26, -46
2197.8, -26, -46
2197.9, -26, -46
2198, -26, -46
2198.1, -26, -45
2198.2, -26, -45
2198.3, -26, -45
2198.4, -26, -45
2198.5, -26, -45
2198.6, -26, -45
2198.7, -26, -45
2198.8, -26, -45
2198.9, -26, -45
2199, -26, -45
2199.1, -26, -45
2199.2, -26, -45
2199.3, -26, -45
2199.4, -26, -45
2199.5, -27, -45
2199.6, -27, -45
2199.7, -27, -45
2199.8, -27, -45
2199.9, -27, -45
2200, -27, -45
2200.1, -27, -45
2200.2, -27, -45
2200.3, -27, -45
2200.4, -27, -45
2200.5, -27, -45
2200.6, -27, -45
2200.7, -27, -45
2200.8, -27, -45
2200.9, -27, -45
2201, -27, -45
2201.1, -27, -45
2201.2, -27, -45
2201.3, -27, -45
2201.4, -27, -45
2201.5, -27, -45
2201.6, -27, -45
2201.7, -27, -45
2201.8, -27, -45
2201.9, -27, -45
2202, -27, -45
2202.1, -27, -45
2202.2, -27, -45
2202.3, -27, -45
2202.4, -27, -45
2202.5, -27, -45
2202.6, -27, -45
2202.7, -27, -45
2202.8, -27, -45
2202.9, -27, -45
2203, -27, -45
2203.1, -27, -45
2203.2, -27, -45
2203.3, -27, -45
2203.4, -27, -45
2203.5, -27, -45
2203.6, -27, -45
2203.7, -27, -45
2203.8, -27, -45
2203.9, -27, -45
2204, -27, -45
2204.1, -27, -45
2204.2, -27, -45
2204.3, -27, -45
2204.4, -27, -45
2204.5, -27, -46
2204.6, -27, -46
2204.7, -27, -46
2204.8, -27, -46
2204.9, -26, -46
2205, -26, -46
2205.1, -26, -46
2205.2, -26, -46
2205.3, -26, -46
2205.4, -26, -46
2205.5, -26, -46
2205.6, -26, -46
2205.7, -26, -46
2205.8, -26, -46
2205.9, -26, -47
2206, -26, -47
2206.1, -26, -47
2206.2, -26, -47
2206.3, -26, -47
2206.4, -26, -47
2206.5, -26, -47
2206.6, -26, -47
2206.7, -26, -47
2206.8, -26, -47
2206.9, -26, -47
2207, -26, -47
2207.1, -26, -47
2207.2, -26, -47
2207.3, -26, -47
2207.4, -26, -47
2207.5, -26, -47
2207.6, -26, -47
2207.7, -26, -47
2207.8, -26, -47
2207.9, -26, -47
2208, -26, -47
2208.1, -26, -47
2208.2, -26, -47
2208.3, -26, -47
2208.4, -26, -47
2208.5, -26, -47
2208.6, -26, -47
2208.7, -26, -47
2208.8, -26, -47
2208.9, -26, -47
2209, -26, -47
2209.1, -26, -47
2209.2, -26, -47
2209.3, -26, -47
2209.4, -26, -47
2209.5, -26, -47
2209.6, -26, -47
2209.7, -26, -47
2209.8, -26, -47
2209.9, -26, -47
2210, -26, -47
2210.1, -26, -47
2210.2, -26, -47
2210.3, -27, -47
2210.4, -27, -47
2210.5, -27, -47
2210.6, -27, -47
2210.7, -27, -47
2210.8, -27, -47
2210.9, -27, -47
2211, -27, -47
2211.1, -27, -47
2211.2, -27, -47
2211.3, -27, -47
2211.4, -27, -47
2211.5, -27, -48
2211.6, -27, -48
2211.7, -28, -48
2211.8, -28, -48
2211.9, -28, -48
2212, -28, -48
2212.1, -28, -48
2212.2, -28, -48
2212.3, -28, -48
2212.4, -28, -48
2212.5, -28, -48
2212.6, -28, -48
2212.7, -28, -48
2212.8, -28, -48
2212.9, -28, -48
2213, -28, -48
2213.1, -28, -48
2213.2, -28, -48
2213.3, -28, -48
2213.4, -28, -48
2213.5, -28, -48
2213.6, -28, -48
2213.7, -28, -48
2213.8, -28, -48
2213.9, -28, -48
2214, -28, -48
2214.1, -28, -48
2214.2, -28, -48
2214.3, -28, -48
2214.4, -28, -48
2214.5, -28, -48
2214.6, -28, -48
2214.7, -28, -48
2214.8, -28, -48
2214.9, -28, -48
2215, -28, -48
2215.1, -28, -48
2215.2, -28, -48
2215.3, -28, -48
2215.4, -28, -48
2215.5, -28, -48
2215.6, -28, -48
2215.7, -28, -49
2215.8, -28, -49
2215.9, -28, -49
2216, -28, -49
2216.1, -28, -49
2216.2, -28, -49
2216.3, -28, -49
2216.4, -28, -49
2216.5, -28, -49
2216.6, -28, -49
2216.7, -28, -49
2216.8, -28, -49
2216.9, -28, -49
2217, -28, -49
2217.1, -29, -49
2217.2, -29, -49
2217.3, -29, -48
2217.4, -29, -48
2217.5, -29, -48
2217.6, -29, -48
2217.7, -29, -48
2217.8, -29, -48
2217.9, -29, -48
2218, -29, -48
2218.1, -29, -48
2218.2, -29, -48
2218.3, -29, -48
2218.4, -29, -48
2218.5, -29, -48
2218.6, -29, -48
2218.7, -29, -48
2218.8, -29, -48
2218.9, -29, -48
2219, -29, -48
2219.1, -29, -48
2219.2, -29, -48
2219.3, -29, -48
2219.4, -29, -48
2219.5, -29, -48
2219.6, -29, -48
2219.7, -29, -48
2219.8, -29, -48
2219.9, -29, -48
2220, -29, -48
2220.1, -29, -48
2220.2, -29, -48
2220.3, -30, -48
2220.4, -30, -48
2220.5, -30, -48
2220.6, -30, -48
2220.7, -30, -48
2220.8, -30, -48
2220.9, -30, -48
2221, -30, -48
2221.1, -30, -48
2221.2, -30, -48
2221.3, -30, -48
2221.4, -30, -48
2221.5, -31, -48
2221.6, -31, -48
2221.7, -31, -48
2221.8, -31, -48
2221.9, -31, -48
2222, -31, -48
2222.1, -31, -48
2222.2, -31, -48
2222.3, -31, -48
2222.4, -31, -48
2222.5, -31, -48
2222.6, -31, -48
2222.7, -31, -48
2222.8, -31, -48
2222.9, -31, -48
2223, -31, -48
2223.1, -31, -48
2223.2, -31, -48
2223.3, -31, -47
2223.4, -31, -47
2223.5, -31, -47
2223.6, -31, -47
2223.7, -31, -47
2223.8, -31, -47
2223.9, -31, -47
2224, -31, -47
2224.1, -31, -47
2224.2, -31, -47
2224.3, -31, -47
2224.4, -31, -47
2224.5, -31, -47
2224.6, -31, -47
2224.7, -31, -47
2224.8, -31, -47
2224.9, -31, -47
2225, -31, -47
2225.1, -31, -47
2225.2, -31, -47
2225.3, -31, -47
2225.4, -31, -47
2225.5, -31, -47
2225.6, -31, -47
2225.7, -31, -47
2225.8, -31, -47
2225.9, -31, -47
2226, -31, -47
2226.1, -31, -47
2226.2, -31, -47
2226.3, -31, -47
2226.4, -31, -47
2226.5, -31, -47
2226.6, -31, -47
2226.7, -31, -47
2226.8, -31, -47
2226.9, -31, -47
2227, -31, -47
2227.1, -31, -47
2227.2, -31, -47
2227.3, -31, -47
2227.4, -31, -47
2227.5, -31, -47
2227.6, -31, -47
2227.7, -31, -47
2227.8, -31, -47
2227.9, -31, -47
2228, -31, -47
2228.1, -31, -47
2228.2, -31, -47
2228.3, -31, -47
2228.4, -31, -47
2228.5, -31, -47
2228.6, -31, -47
2228.7, -31, -47
2228.8, -31, -47
2228.9, -31, -47
2229, -31, -47
2229.1, -31, -47
2229.2, -31, -47
2229.3, -31, -47
2229.4, -31, -47
2229.5, -31, -47
2229.6, -31, -47
2229.7, -31, -47
2229.8, -31, -47
2229.9, -31, -47
2230, -31, -47
2230.1, -31, -47
2230.2, -31, -47
2230.3, -31, -47
2230.4, -31, -47
2230.5, -31, -47
2230.6, -31, -47
2230.7, -31, -47
2230.8, -31, -47
2230.9, -31, -48
2231, -31, -48
2231.1, -31, -47
2231.2, -31, -47
2231.3, -31, -47
2231.4, -31, -47
2231.5, -31, -47
2231.6, -31, -47
2231.7, -31, -47
2231.8, -31, -47
2231.9, -31, -47
2232, -31, -47
2232.1, -31, -47
2232.2, -31, -47
2232.3, -31, -47
2232.4, -31, -47
2232.5, -31, -47
2232.6, -31, -47
2232.7, -31, -47
2232.8, -31, -47
2232.9, -31, -47
2233, -31, -47
2233.1, -31, -47
2233.2, -31, -47
2233.3, -31, -47
2233.4, -31, -47
2233.5, -31, -47
2233.6, -31, -47
2233.7, -31, -47
2233.8, -31, -47
2233.9, -31, -47
2234, -31, -47
2234.1, -31, -47
2234.2, -31, -47
2234.3, -31, -47
2234.4, -31, -47
2234.5, -31, -47
2234.6, -31, -47
2234.7, -31, -47
2234.8, -31, -47
2234.9, -31, -47
2235, -31, -47
2235.1, -31, -47
2235.2, -31, -47
2235.3, -32, -47
2235.4, -32, -47
2235.5, -33, -47
2235.6, -33, -47
2235.7, -33, -47
2235.8, -33, -47
2235.9, -33, -47
2236, -33, -47
2236.1, -33, -47
2236.2, -33, -47
2236.3, -33, -48
2236.4, -33, -48
2236.5, -33, -48
2236.6, -33, -48
2236.7, -33, -48
2236.8, -33, -48
2236.9, -33, -48
2237, -33, -48
2237.1, -33, -48
2237.2, -33, -48
2237.3, -33, -48
2237.4, -33, -48
2237.5, -33, -48
2237.6, -33, -48
2237.7, -33, -48
2237.8, -33, -48
2237.9, -33, -48
2238, -33, -48
2238.1, -33, -48
2238.2, -33, -48
2238.3, -33, -49
2238.4, -33, -49
2238.5, -34, -49
2238.6, -34, -49
2238.7, -34, -49
2238.8, -34, -49
2238.9, -34, -49
2239, -34, -49
2239.1, -34, -49
2239.2, -34, -49
2239.3, -34, -49
2239.4, -34, -49
2239.5, -34, -49
2239.6, -34, -49
2239.7, -34, -49
2239.8, -34, -49
2239.9, -34, -49
2240, -34, -49
2240.1, -34, -49
2240.2, -34, -49
2240.3, -34, -49
2240.4, -34, -49
2240.5, -34, -49
2240.6, -34, -49
2240.7, -34, -48
2240.8, -34, -48
2240.9, -34, -48
2241, -34, -48
2241.1, -34, -48
2241.2, -34, -48
2241.3, -34, -48
2241.4, -34, -48
2241.5, -34, -48
2241.6, -34, -48
2241.7, -34, -48
2241.8, -34, -48
2241.9, -34, -48
2242, -34, -48
2242.1, -34, -48
2242.2, -34, -48
2242.3, -34, -47
2242.4, -34, -47
2242.5, -34, -47
2242.6, -34, -47
2242.7, -34, -47
2242.8, -34, -47
2242.9, -34, -47
2243, -34, -47
2243.1, -34, -47
2243.2, -34, -47
2243.3, -34, -47
2243.4, -34, -47
2243.5, -34, -47
2243.6, -34, -47
2243.7, -34, -47
2243.8, -34, -47
2243.9, -34, -47
2244, -34, -47
2244.1, -34, -46
2244.2, -34, -46
2244.3, -34, -46
2244.4, -34, -46
2244.5, -34, -46
2244.6, -34, -46
2244.7, -34, -46
2244.8, -34, -46
2244.9, -34, -46
2245, -34, -46
2245.1, -34, -46
2245.2, -34, -46
2245.3, -34, -46
2245.4, -34, -46
2245.5, -33, -46
2245.6, -33, -46
2245.7, -33, -46
2245.8, -33, -46
2245.9, -33, -46
2246, -33, -46
2246.1, -33, -46
2246.2, -33, -46
2246.3, -34, -46
2246.4, -34, -46
2246.5, -34, -46
2246.6, -34, -46
2246.7, -34, -46
2246.8, -34, -46
2246.9, -34, -46
2247, -34, -46
2247.1, -34, -46
2247.2, -34, -46
2247.3, -34, -46
2247.4, -34, -46
2247.5, -34, -46
2247.6, -34, -46
2247.7, -34, -46
2247.8, -34, -46
2247.9, -34, -46
2248, -34, -46
2248.1, -33, -46
2248.2, -33, -46
2248.3, -33, -46
2248.4, -33, -46
2248.5, -33, -46
2248.6, -33, -46
2248.7, -33, -46
2248.8, -33, -46
2248.9, -33, -46
2249, -33, -46
2249.1, -33, -46
2249.2, -33, -46
2249.3, -33, -46
2249.4, -33, -46
2249.5, -33, -46
2249.6, -33, -46
2249.7, -33, -46
2249.8, -33, -46
2249.9, -33, -46
2250, -33, -46
2250.1, -33, -45
2250.2, -33, -45
2250.3, -33, -45
2250.4, -33, -45
2250.5, -34, -45
2250.6, -34, -45
2250.7, -34, -45
2250.8, -34, -45
2250.9, -34, -45
2251, -34, -45
2251.1, -34, -44
2251.2, -34, -44
2251.3, -34, -44
2251.4, -34, -44
2251.5, -34, -44
2251.6, -34, -44
2251.7, -34, -44
2251.8, -34, -44
2251.9, -34, -44
2252, -34, -44
2252.1, -34, -44
2252.2, -34, -44
2252.3, -34, -44
2252.4, -34, -44
2252.5, -34, -44
2252.6, -34, -44
2252.7, -34, -44
2252.8, -34, -44
2252.9, -34, -44
2253, -34, -44
2253.1, -34, -44
2253.2, -34, -44
2253.3, -34, -44
2253.4, -34, -44
2253.5, -34, -44
2253.6, -34, -44
2253.7, -34, -44
2253.8, -34, -44
2253.9, -34, -44
2254, -34, -44
2254.1, -34, -44
2254.2, -34, -44
2254.3, -34, -45
2254.4, -34, -45
2254.5, -34, -45
2254.6, -34, -45
2254.7, -34, -44
2254.8, -34, -44
2254.9, -34, -44
2255, -34, -44
2255.1, -34, -44
2255.2, -34, -44
2255.3, -34, -44
2255.4, -34, -44
2255.5, -34, -44
2255.6, -34, -44
2255.7, -34, -44
2255.8, -34, -44
2255.9, -34, -44
2256, -34, -44
2256.1, -34, -44
2256.2, -34, -44
2256.3, -34, -44
2256.4, -34, -44
2256.5, -34, -44
2256.6, -34, -44
2256.7, -34, -44
2256.8, -34, -44
2256.9, -34, -44
2257, -34, -44
2257.1, -34, -44
2257.2, -34, -44
2257.3, -34, -44
2257.4, -34, -44
2257.5, -34, -44
2257.6, -34, -44
2257.7, -34, -44
2257.8, -34, -44
2257.9, -34, -44
2258, -34, -44
2258.1, -34, -44
2258.2, -34, -44
2258.3, -34, -44
2258.4, -34, -44
2258.5, -33, -44
2258.6, -33, -44
2258.7, -33, -44
2258.8, -33, -44
2258.9, -33, -44
2259, -33, -44
2259.1, -33, -44
2259.2, -33, -44
2259.3, -33, -44
2259.4, -33, -44
2259.5, -33, -44
2259.6, -33, -44
2259.7, -33, -44
2259.8, -33, -44
2259.9, -33, -44
2260, -33, -44
2260.1, -34, -44
2260.2, -34, -44
2260.3, -34, -44
2260.4, -34, -44
2260.5, -34, -45
2260.6, -34, -45
2260.7, -34, -45
2260.8, -34, -45
2260.9, -34, -46
2261, -34, -46
2261.1, -34, -46
2261.2, -34, -46
2261.3, -34, -45
2261.4, -34, -45
2261.5, -34, -45
2261.6, -34, -45
2261.7, -34, -45
2261.8, -34, -45
2261.9, -34, -45
2262, -34, -45
2262.1, -34, -45
2262.2, -34, -45
2262.3, -34, -45
2262.4, -34, -45
2262.5, -34, -45
2262.6, -34, -45
2262.7, -34, -45
2262.8, -34, -45
2262.9, -34, -45
2263, -34, -45
2263.1, -35, -45
2263.2, -35, -45
2263.3, -35, -45
2263.4, -35, -45
2263.5, -35, -45
2263.6, -35, -45
2263.7, -35, -45
2263.8, -35, -45
2263.9, -35, -45
2264, -35, -45
2264.1, -35, -45
2264.2, -35, -45
2264.3, -35, -45
2264.4, -35, -45
2264.5, -35, -45
2264.6, -35, -45
2264.7, -35, -45
2264.8, -35, -45
2264.9, -35, -45
2265, -35, -45
2265.1, -36, -45
2265.2, -36, -45
2265.3, -36, -45
2265.4, -36, -45
2265.5, -36, -45
2265.6, -36, -45
2265.7, -36, -45
2265.8, -36, -45
2265.9, -36, -45
2266, -36, -45
2266.1, -36, -45
2266.2, -36, -45
2266.3, -36, -45
2266.4, -36, -45
2266.5, -36, -45
2266.6, -36, -45
2266.7, -36, -46
2266.8, -36, -46
2266.9, -36, -46
2267, -36, -46
2267.1, -36, -46
2267.2, -36, -46
2267.3, -36, -46
2267.4, -36, -46
2267.5, -36, -46
2267.6, -36, -46
2267.7, -36, -46
2267.8, -36, -46
2267.9, -36, -46
2268, -36, -46
2268.1, -36, -46
2268.2, -36, -46
2268.3, -36, -46
2268.4, -36, -46
2268.5, -36, -46
2268.6, -36, -46
2268.7, -36, -46
2268.8, -36, -46
2268.9, -36, -47
2269, -36, -47
2269.1, -36, -47
2269.2, -36, -47
2269.3, -36, -47
2269.4, -36, -47
2269.5, -36, -47
2269.6, -36, -47
2269.7, -35, -47
2269.8, -35, -47
2269.9, -35, -46
2270, -35, -46
2270.1, -35, -46
2270.2, -35, -46
2270.3, -35, -46
2270.4, -35, -46
2270.5, -35, -46
2270.6, -35, -46
2270.7, -35, -46
2270.8, -35, -46
2270.9, -35, -46
2271, -35, -46
2271.1, -35, -46
2271.2, -35, -46
2271.3, -35, -46
2271.4, -35, -46
2271.5, -35, -46
2271.6, -35, -46
2271.7, -35, -47
2271.8, -35, -47
2271.9, -35, -47
2272, -35, -47
2272.1, -35, -47
2272.2, -35, -47
2272.3, -35, -47
2272.4, -35, -47
2272.5, -35, -47
2272.6, -35, -47
2272.7, -35, -47
2272.8, -35, -47
2272.9, -35, -47
2273, -35, -47
2273.1, -35, -47
2273.2, -35, -47
2273.3, -35, -47
2273.4, -35, -47
2273.5, -35, -47
2273.6, -35, -47
2273.7, -35, -47
2273.8, -35, -47
2273.9, -35, -47
2274, -35, -47
2274.1, -35, -47
2274.2, -35, -47
2274.3, -35, -47
2274.4, -35, -47
2274.5, -35, -47
2274.6, -35, -47
2274.7, -35, -47
2274.8, -35, -47
2274.9, -35, -47
2275, -35, -47
2275.1, -35, -47
2275.2, -35, -47
2275.3, -35, -47
2275.4, -35, -47
2275.5, -35, -47
2275.6, -35, -47
2275.7, -35, -47
2275.8, -35, -47
2275.9, -35, -47
2276, -35, -47
2276.1, -35, -47
2276.2, -35, -47
2276.3, -35, -47
2276.4, -35, -47
2276.5, -35, -47
2276.6, -35, -47
2276.7, -35, -47
2276.8, -35, -47
2276.9, -35, -47
2277, -35, -47
2277.1, -35, -47
2277.2, -35, -47
2277.3, -35, -47
2277.4, -35, -47
2277.5, -35, -47
2277.6, -35, -47
2277.7, -35, -47
2277.8, -35, -47
2277.9, -35, -47
2278, -35, -47
2278.1, -35, -47
2278.2, -35, -47
2278.3, -35, -47
2278.4, -35, -47
2278.5, -35, -47
2278.6, -35, -47
2278.7, -35, -47
2278.8, -35, -47
2278.9, -35, -47
2279, -35, -47
2279.1, -35, -47
2279.2, -35, -47
2279.3, -35, -47
2279.4, -35, -47
2279.5, -35, -47
2279.6, -35, -47
2279.7, -35, -47
2279.8, -35, -47
2279.9, -35, -47
2280, -35, -47
2280.1, -35, -47
2280.2, -35, -47
2280.3, -35, -47
2280.4, -35, -47
2280.5, -35, -47
2280.6, -35, -47
2280.7, -35, -47
2280.8, -35, -47
2280.9, -35, -47
2281, -35, -47
2281.1, -35, -47
2281.2, -35, -47
2281.3, -35, -47
2281.4, -35, -47
2281.5, -35, -47
2281.6, -35, -47
2281.7, -35, -47
2281.8, -35, -47
2281.9, -35, -48
2282, -35, -48
2282.1, -35, -48
2282.2, -35, -48
2282.3, -35, -48
2282.4, -35, -48
2282.5, -35, -48
2282.6, -35, -48
2282.7, -35, -48
2282.8, -35, -48
2282.9, -35, -48
2283, -35, -48
2283.1, -35, -49
2283.2, -35, -49
2283.3, -35, -49
2283.4, -35, -49
2283.5, -35, -49
2283.6, -35, -49
2283.7, -35, -49
2283.8, -35, -49
2283.9, -35, -49
2284, -35, -49
2284.1, -35, -49
2284.2, -35, -49
2284.3, -36, -49
2284.4, -36, -49
2284.5, -36, -49
2284.6, -36, -49
2284.7, -36, -49
2284.8, -36, -49
2284.9, -36, -49
2285, -36, -49
2285.1, -36, -49
2285.2, -36, -49
2285.3, -37, -49
2285.4, -37, -49
2285.5, -37, -49
2285.6, -37, -49
2285.7, -37, -50
2285.8, -37, -50
2285.9, -37, -50
2286, -37, -50
2286.1, -37, -50
2286.2, -37, -50
2286.3, -37, -50
2286.4, -37, -50
2286.5, -37, -50
2286.6, -37, -50
2286.7, -37, -50
2286.8, -37, -50
2286.9, -37, -50
2287, -37, -50
2287.1, -37, -50
2287.2, -37, -50
2287.3, -37, -50
2287.4, -37, -50
2287.5, -37, -50
2287.6, -37, -50
2287.7, -37, -50
2287.8, -37, -50
2287.9, -38, -50
2288, -38, -50
2288.1, -38, -49
2288.2, -38, -49
2288.3, -38, -49
2288.4, -38, -49
2288.5, -38, -49
2288.6, -38, -49
2288.7, -38, -49
2288.8, -38, -49
2288.9, -38, -49
2289, -38, -49
2289.1, -37, -49
2289.2, -37, -49
2289.3, -37, -49
2289.4, -37, -49
2289.5, -37, -49
2289.6, -37, -49
2289.7, -37, -49
2289.8, -37, -49
2289.9, -37, -49
2290, -37, -49
2290.1, -37, -49
2290.2, -37, -49
2290.3, -37, -49
2290.4, -37, -49
2290.5, -37, -49
2290.6, -37, -49
2290.7, -37, -49
2290.8, -37, -49
2290.9, -37, -49
2291, -37, -49
2291.1, -37, -49
2291.2, -37, -49
2291.3, -37, -49
2291.4, -37, -49
2291.5, -37, -49
2291.6, -37, -49
2291.7, -37, -50
2291.8, -37, -50
2291.9, -37, -50
2292, -37, -50
2292.1, -37, -50
2292.2, -37, -50
2292.3, -37, -50
2292.4, -37, -50
2292.5, -38, -50
2292.6, -38, -50
2292.7, -38, -50
2292.8, -38, -50
2292.9, -37, -50
2293, -37, -50
2293.1, -37, -50
2293.2, -37, -50
2293.3, -37, -50
2293.4, -37, -50
2293.5, -37, -50
2293.6, -37, -50
2293.7, -37, -50
2293.8, -37, -50
2293.9, -37, -50
2294, -37, -50
2294.1, -37, -50
2294.2, -37, -50
2294.3, -37, -50
2294.4, -37, -50
2294.5, -37, -50
2294.6, -37, -50
2294.7, -37, -50
2294.8, -37, -50
2294.9, -37, -50
2295, -37, -50
2295.1, -36, -50
2295.2, -36, -50
2295.3, -36, -50
2295.4, -36, -50
2295.5, -36, -50
2295.6, -36, -50
2295.7, -35, -50
2295.8, -35, -50
2295.9, -35, -50
2296, -35, -50
2296.1, -35, -50
2296.2, -35, -50
2296.3, -35, -50
2296.4, -35, -50
2296.5, -34, -50
2296.6, -34, -50
2296.7, -34, -50
2296.8, -34, -50
2296.9, -34, -50
2297, -34, -50
2297.1, -34, -50
2297.2, -34, -50
2297.3, -34, -50
2297.4, -34, -50
2297.5, -34, -50
2297.6, -34, -50
2297.7, -34, -50
2297.8, -34, -50
2297.9, -34, -50
2298, -34, -50
2298.1, -34, -50
2298.2, -34, -50
2298.3, -34, -50
2298.4, -34, -50
2298.5, -34, -50
2298.6, -34, -50
2298.7, -34, -50
2298.8, -34, -50
2298.9, -34, -50
2299, -34, -50
2299.1, -34, -50
2299.2, -34, -50
2299.3, -33, -50
2299.4, -33, -50
2299.5, -33, -50
2299.6, -33, -50
2299.7, -33, -50
2299.8, -33, -50
2299.9, -33, -50
2300, -33, -50
2300.1, -33, -50
2300.2, -33, -50
2300.3, -33, -50
2300.4, -33, -50
2300.5, -33, -50
2300.6, -33, -50
2300.7, -33, -50
2300.8, -33, -50
2300.9, -33, -50
2301, -33, -50
2301.1, -33, -50
2301.2, -33, -50
2301.3, -33, -50
2301.4, -33, -50
2301.5, -33, -50
2301.6, -33, -50
2301.7, -33, -50
2301.8, -33, -50
2301.9, -33, -50
2302, -33, -50
2302.1, -33, -50
2302.2, -33, -50
2302.3, -33, -50
2302.4, -33, -50
2302.5, -33, -50
2302.6, -33, -50
2302.7, -33, -50
2302.8, -33, -50
2302.9, -33, -50
2303, -33, -50
2303.1, -33, -50
2303.2, -33, -50
2303.3, -33, -50
2303.4, -33, -50
2303.5, -33, -50
2303.6, -33, -50
2303.7, -33, -50
2303.8, -33, -50
2303.9, -33, -50
2304, -33, -50
2304.1, -33, -50
2304.2, -33, -50
2304.3, -33, -50
2304.4, -33, -50
2304.5, -33, -50
2304.6, -33, -50
2304.7, -33, -50
2304.8, -33, -50
2304.9, -33, -50
2305, -33, -50
2305.1, -33, -50
2305.2, -33, -50
2305.3, -33, -50
2305.4, -33, -50
2305.5, -34, -50
2305.6, -34, -50
2305.7, -34, -50
2305.8, -34, -50
2305.9, -34, -50
2306, -34, -50
2306.1, -34, -50
2306.2, -34, -50
2306.3, -34, -50
2306.4, -34, -50
2306.5, -35, -50
2306.6, -35, -50
2306.7, -35, -50
2306.8, -35, -50
2306.9, -35, -50
2307, -35, -50
2307.1, -35, -50
2307.2, -35, -50
2307.3, -35, -50
2307.4, -35, -50
2307.5, -35, -50
2307.6, -35, -50
2307.7, -35, -50
2307.8, -35, -50
2307.9, -35, -50
2308, -35, -50
2308.1, -35, -49
2308.2, -35, -49
2308.3, -35, -49
2308.4, -35, -49
2308.5, -35, -49
2308.6, -35, -49
2308.7, -35, -49
2308.8, -35, -49
2308.9, -35, -48
2309, -35, -48
2309.1, -35, -48
2309.2, -35, -48
2309.3, -35, -48
2309.4, -35, -48
2309.5, -35, -48
2309.6, -35, -48
2309.7, -35, -48
2309.8, -35, -48
2309.9, -35, -48
2310, -35, -48
2310.1, -35, -48
2310.2, -35, -48
2310.3, -35, -48
2310.4, -35, -48
2310.5, -35, -48
2310.6, -35, -48
2310.7, -35, -47
2310.8, -35, -47
2310.9, -35, -47
2311, -35, -47
2311.1, -35, -47
2311.2, -35, -47
2311.3, -35, -47
2311.4, -35, -47
2311.5, -35, -47
2311.6, -35, -47
2311.7, -35, -47
2311.8, -35, -47
2311.9, -35, -47
2312, -35, -47
2312.1, -35, -47
2312.2, -35, -47
2312.3, -35, -47
2312.4, -35, -47
2312.5, -35, -47
2312.6, -35, -47
2312.7, -35, -47
2312.8, -35, -47
2312.9, -35, -47
2313, -35, -47
2313.1, -35, -47
2313.2, -35, -47
2313.3, -35, -47
2313.4, -35, -47
2313.5, -35, -47
2313.6, -35, -47
2313.7, -35, -47
2313.8, -35, -47
2313.9, -35, -47
2314, -35, -47
2314.1, -35, -47
2314.2, -35, -47
2314.3, -35, -47
2314.4, -35, -47
2314.5, -35, -47
2314.6, -35, -47
2314.7, -35, -47
2314.8, -35, -47
2314.9, -35, -47
2315, -35, -47
2315.1, -35, -46
2315.2, -35, -46
2315.3, -35, -46
2315.4, -35, -46
2315.5, -35, -46
2315.6, -35, -46
2315.7, -35, -46
2315.8, -35, -46
2315.9, -35, -46
2316, -35, -46
2316.1, -34, -46
2316.2, -34, -46
2316.3, -34, -46
2316.4, -34, -46
2316.5, -34, -46
2316.6, -34, -46
2316.7, -34, -46
2316.8, -34, -46
2316.9, -34, -46
2317, -34, -46
2317.1, -34, -46
2317.2, -34, -46
2317.3, -34, -46
2317.4, -34, -46
2317.5, -35, -46
2317.6, -35, -46
2317.7, -35, -47
2317.8, -35, -47
2317.9, -35, -47
2318, -35, -47
2318.1, -35, -46
2318.2, -35, -46
2318.3, -35, -46
2318.4, -35, -46
2318.5, -35, -46
2318.6, -35, -46
2318.7, -35, -46
2318.8, -35, -46
2318.9, -35, -46
2319, -35, -46
2319.1, -35, -46
2319.2, -35, -46
2319.3, -35, -46
2319.4, -35, -46
2319.5, -35, -46
2319.6, -35, -46
2319.7, -35, -46
2319.8, -35, -46
2319.9, -35, -46
2320, -35, -46
2320.1, -35, -46
2320.2, -35, -46
2320.3, -35, -46
2320.4, -35, -46
2320.5, -35, -46
2320.6, -35, -46
2320.7, -35, -46
2320.8, -35, -46
2320.9, -35, -46
2321, -35, -46
2321.1, -35, -46
2321.2, -35, -46
2321.3, -36, -46
2321.4, -36, -46
2321.5, -36, -46
2321.6, -36, -46
2321.7, -36, -46
2321.8, -36, -46
2321.9, -36, -46
2322, -36, -46
2322.1, -36, -46
2322.2, -36, -46
2322.3, -36, -46
2322.4, -36, -46
2322.5, -36, -46
2322.6, -36, -46
2322.7, -36, -46
2322.8, -36, -46
2322.9, -36, -47
2323, -36, -47
2323.1, -36, -47
2323.2, -36, -47
2323.3, -36, -47
2323.4, -36, -47
2323.5, -36, -47
2323.6, -36, -47
2323.7, -36, -47
2323.8, -36, -47
2323.9, -36, -47
2324, -36, -47
2324.1, -36, -47
2324.2, -36, -47
2324.3, -36, -47
2324.4, -36, -47
2324.5, -36, -47
2324.6, -36, -47
2324.7, -36, -47
2324.8, -36, -47
2324.9, -36, -47
2325, -36, -47
2325.1, -36, -47
2325.2, -36, -47
2325.3, -36, -47
2325.4, -36, -47
2325.5, -36, -47
2325.6, -36, -47
2325.7, -36, -47
2325.8, -36, -47
2325.9, -36, -47
2326, -36, -47
2326.1, -36, -47
2326.2, -36, -47
2326.3, -36, -47
2326.4, -36, -47
2326.5, -36, -47
2326.6, -36, -47
2326.7, -36, -48
2326.8, -36, -48
2326.9, -36, -48
2327, -36, -48
2327.1, -36, -48
2327.2, -36, -48
2327.3, -36, -48
2327.4, -36, -48
2327.5, -37, -48
2327.6, -37, -48
2327.7, -37, -48
2327.8, -37, -48
2327.9, -37, -48
2328, -37, -48
2328.1, -37, -48
2328.2, -37, -48
2328.3, -37, -48
2328.4, -37, -48
2328.5, -37, -48
2328.6, -37, -48
2328.7, -37, -48
2328.8, -37, -48
2328.9, -37, -48
2329, -37, -48
2329.1, -37, -48
2329.2, -37, -48
2329.3, -37, -48
2329.4, -37, -48
2329.5, -37, -48
2329.6, -37, -48
2329.7, -37, -48
2329.8, -37, -48
2329.9, -37, -48
2330, -37, -48
2330.1, -37, -48
2330.2, -37, -48
2330.3, -37, -48
2330.4, -37, -48
2330.5, -37, -48
2330.6, -37, -48
2330.7, -37, -48
2330.8, -37, -48
2330.9, -37, -48
2331, -37, -48
2331.1, -37, -48
2331.2, -37, -48
2331.3, -37, -48
2331.4, -37, -48
2331.5, -37, -48
2331.6, -37, -48
2331.7, -37, -48
2331.8, -37, -48
2331.9, -37, -48
2332, -37, -48
2332.1, -37, -48
2332.2, -37, -48
2332.3, -37, -48
2332.4, -37, -48
2332.5, -37, -48
2332.6, -37, -48
2332.7, -37, -48
2332.8, -37, -48
2332.9, -37, -48
2333, -37, -48
2333.1, -37, -48
2333.2, -37, -48
2333.3, -37, -48
2333.4, -37, -48
2333.5, -38, -48
2333.6, -38, -48
2333.7, -38, -48
2333.8, -38, -48
2333.9, -38, -48
2334, -38, -48
2334.1, -38, -48
2334.2, -38, -48
2334.3, -38, -48
2334.4, -38, -48
2334.5, -38, -48
2334.6, -38, -48
2334.7, -38, -48
2334.8, -38, -48
2334.9, -38, -48
2335, -38, -48
2335.1, -38, -48
2335.2, -38, -48
2335.3, -38, -48
2335.4, -38, -48
2335.5, -38, -48
2335.6, -38, -48
2335.7, -38, -48
2335.8, -38, -48
2335.9, -38, -48
2336, -38, -48
2336.1, -38, -48
2336.2, -38, -48
2336.3, -38, -48
2336.4, -38, -48
2336.5, -38, -48
2336.6, -38, -48
2336.7, -38, -48
2336.8, -38, -48
2336.9, -38, -48
2337, -38, -48
2337.1, -38, -48
2337.2, -38, -48
2337.3, -38, -48
2337.4, -38, -48
2337.5, -38, -48
2337.6, -38, -48
2337.7, -38, -48
2337.8, -38, -48
2337.9, -38, -48
2338, -38, -48
2338.1, -38, -48
2338.2, -38, -48
2338.3, -38, -48
2338.4, -38, -48
2338.5, -38, -48
2338.6, -38, -48
2338.7, -38, -48
2338.8, -38, -48
2338.9, -38, -48
2339, -38, -48
2339.1, -38, -48
2339.2, -38, -48
2339.3, -38, -48
2339.4, -38, -48
2339.5, -38, -48
2339.6, -38, -48
2339.7, -38, -48
2339.8, -38, -48
2339.9, -38, -48
2340, -38, -48
2340.1, -38, -48
2340.2, -38, -48
2340.3, -38, -48
2340.4, -38, -48
2340.5, -38, -48
2340.6, -38, -48
2340.7, -37, -48
2340.8, -37, -48
2340.9, -37, -48
2341, -37, -48
2341.1, -37, -47
2341.2, -37, -47
2341.3, -37, -47
2341.4, -37, -47
2341.5, -37, -48
2341.6, -37, -48
2341.7, -37, -48
2341.8, -37, -48
2341.9, -37, -48
2342, -37, -48
2342.1, -37, -48
2342.2, -37, -48
2342.3, -37, -48
2342.4, -37, -48
2342.5, -37, -48
2342.6, -37, -48
2342.7, -37, -48
2342.8, -37, -48
2342.9, -37, -48
2343, -37, -48
2343.1, -37, -49
2343.2, -37, -49
2343.3, -37, -49
2343.4, -37, -49
2343.5, -37, -49
2343.6, -37, -49
2343.7, -37, -49
2343.8, -37, -49
2343.9, -37, -49
2344, -37, -49
2344.1, -37, -49
2344.2, -37, -49
2344.3, -37, -49
2344.4, -37, -49
2344.5, -37, -49
2344.6, -37, -49
2344.7, -37, -49
2344.8, -37, -49
2344.9, -37, -49
2345, -37, -49
2345.1, -37, -49
2345.2, -37, -49
2345.3, -37, -49
2345.4, -37, -49
2345.5, -37, -49
2345.6, -37, -49
2345.7, -37, -49
2345.8, -37, -49
2345.9, -37, -49
2346, -37, -49
2346.1, -37, -49
2346.2, -37, -49
2346.3, -37, -49
2346.4, -37, -49
2346.5, -37, -49
2346.6, -37, -49
2346.7, -36, -49
2346.8, -36, -49
2346.9, -36, -49
2347, -36, -49
2347.1, -36, -49
2347.2, -36, -49
2347.3, -36, -49
2347.4, -36, -49
2347.5, -36, -49
2347.6, -36, -49
2347.7, -36, -49
2347.8, -36, -49
2347.9, -36, -49
2348, -36, -49
2348.1, -35, -49
2348.2, -35, -49
2348.3, -35, -48
2348.4, -35, -48
2348.5, -35, -48
2348.6, -35, -48
2348.7, -35, -48
2348.8, -35, -48
2348.9, -34, -48
2349, -34, -48
2349.1, -34, -48
2349.2, -34, -48
2349.3, -34, -48
2349.4, -34, -48
2349.5, -34, -48
2349.6, -34, -48
2349.7, -34, -49
2349.8, -34, -49
2349.9, -34, -49
2350, -34, -49
2350.1, -34, -49
2350.2, -34, -49
2350.3, -34, -49
2350.4, -34, -49
2350.5, -34, -49
2350.6, -34, -49
2350.7, -34, -49
2350.8, -34, -49
2350.9, -33, -49
2351, -33, -49
2351.1, -33, -49
2351.2, -33, -49
2351.3, -33, -49
2351.4, -33, -49
2351.5, -33, -50
2351.6, -33, -50
2351.7, -33, -50
2351.8, -33, -50
2351.9, -33, -50
2352, -33, -50
2352.1, -33, -50
2352.2, -33, -50
2352.3, -34, -50
2352.4, -34, -50
2352.5, -34, -50
2352.6, -34, -50
2352.7, -34, -50
2352.8, -34, -50
2352.9, -34, -50
2353, -34, -50
2353.1, -34, -50
2353.2, -34, -50
2353.3, -34, -50
2353.4, -34, -50
2353.5, -34, -50
2353.6, -34, -50
2353.7, -34, -50
2353.8, -34, -50
2353.9, -34, -50
2354, -34, -50
2354.1, -34, -50
2354.2, -34, -50
2354.3, -34, -50
2354.4, -34, -50
2354.5, -34, -50
2354.6, -34, -50
2354.7, -34, -50
2354.8, -34, -50
2354.9, -34, -50
2355, -34, -50
2355.1, -34, -50
2355.2, -34, -50
2355.3, -34, -50
2355.4, -34, -50
2355.5, -34, -50
2355.6, -34, -50
2355.7, -34, -50
2355.8, -34, -50
2355.9, -34, -50
2356, -34, -50
2356.1, -34, -50
2356.2, -34, -50
2356.3, -34, -50
2356.4, -34, -50
2356.5, -34, -50
2356.6, -34, -50
2356.7, -34, -50
2356.8, -34, -50
2356.9, -34, -50
2357, -34, -50
2357.1, -34, -50
2357.2, -34, -50
2357.3, -34, -50
2357.4, -34, -50
2357.5, -34, -50
2357.6, -34, -50
2357.7, -34, -50
2357.8, -34, -50
2357.9, -34, -50
2358, -34, -50
2358.1, -34, -50
2358.2, -34, -50
2358.3, -34, -50
2358.4, -34, -50
2358.5, -34, -50
2358.6, -34, -50
2358.7, -35, -50
2358.8, -35, -50
2358.9, -35, -50
2359, -35, -50
2359.1, -35, -50
2359.2, -35, -50
2359.3, -35, -50
2359.4, -35, -50
2359.5, -35, -50
2359.6, -35, -50
2359.7, -35, -50
2359.8, -35, -50
2359.9, -35, -50
2360, -35, -50
2360.1, -34, -50
2360.2, -34, -50
2360.3, -34, -50
2360.4, -34, -50
2360.5, -34, -50
2360.6, -34, -50
2360.7, -34, -50
2360.8, -34, -50
2360.9, -34, -50
2361, -34, -50
2361.1, -34, -50
2361.2, -34, -50
2361.3, -34, -50
2361.4, -34, -50
2361.5, -34, -50
2361.6, -34, -50
2361.7, -34, -50
2361.8, -34, -50
2361.9, -34, -50
2362, -34, -50
2362.1, -34, -50
2362.2, -34, -50
2362.3, -34, -50
2362.4, -34, -50
2362.5, -34, -49
2362.6, -34, -49
2362.7, -34, -49
2362.8, -34, -49
2362.9, -34, -49
2363, -34, -49
2363.1, -34, -49
2363.2, -34, -49
2363.3, -34, -49
2363.4, -34, -49
2363.5, -34, -48
2363.6, -34, -48
2363.7, -34, -48
2363.8, -34, -48
2363.9, -34, -48
2364, -34, -48
2364.1, -34, -48
2364.2, -34, -48
2364.3, -34, -48
2364.4, -34, -48
2364.5, -34, -48
2364.6, -34, -48
2364.7, -34, -48
2364.8, -34, -48
2364.9, -34, -48
2365, -34, -48
2365.1, -34, -48
2365.2, -34, -48
2365.3, -34, -48
2365.4, -34, -48
2365.5, -34, -48
2365.6, -34, -48
2365.7, -34, -48
2365.8, -34, -48
2365.9, -34, -48
2366, -34, -48
2366.1, -34, -48
2366.2, -34, -48
2366.3, -34, -48
2366.4, -34, -48
2366.5, -34, -48
2366.6, -34, -48
2366.7, -34, -48
2366.8, -34, -48
2366.9, -34, -48
2367, -34, -48
2367.1, -34, -49
2367.2, -34, -49
2367.3, -34, -49
2367.4, -34, -49
2367.5, -34, -49
2367.6, -34, -49
2367.7, -34, -49
2367.8, -34, -49
2367.9, -34, -50
2368, -34, -50
2368.1, -34, -50
2368.2, -34, -50
2368.3, -34, -50
2368.4, -34, -50
2368.5, -34, -50
2368.6, -34, -50
2368.7, -34, -50
2368.8, -34, -50
2368.9, -34, -50
2369, -34, -50
2369.1, -35, -50
2369.2, -35, -50
2369.3, -35, -50
2369.4, -35, -50
2369.5, -35, -50
2369.6, -35, -50
2369.7, -35, -50
2369.8, -35, -50
2369.9, -35, -50
2370, -35, -50
2370.1, -34, -50
2370.2, -34, -50
2370.3, -34, -50
2370.4, -34, -50
2370.5, -34, -50
2370.6, -34, -50
2370.7, -34, -50
2370.8, -34, -50
2370.9, -34, -50
2371, -34, -50
2371.1, -34, -50
2371.2, -34, -50
2371.3, -34, -50
2371.4, -34, -50
2371.5, -34, -50
2371.6, -34, -50
2371.7, -34, -50
2371.8, -34, -50
2371.9, -34, -50
2372, -34, -50
2372.1, -34, -50
2372.2, -34, -50
2372.3, -34, -50
2372.4, -34, -50
2372.5, -34, -50
2372.6, -34, -50
2372.7, -34, -50
2372.8, -34, -50
2372.9, -34, -50
2373, -34, -50
2373.1, -34, -50
2373.2, -34, -50
2373.3, -34, -50
2373.4, -34, -50
2373.5, -34, -50
2373.6, -34, -50
2373.7, -34, -50
2373.8, -34, -50
2373.9, -34, -50
2374, -34, -50
2374.1, -34, -50
2374.2, -34, -50
2374.3, -34, -50
2374.4, -34, -50
2374.5, -34, -50
2374.6, -34, -50
2374.7, -34, -50
2374.8, -34, -50
2374.9, -34, -50
2375, -34, -50
2375.1, -34, -50
2375.2, -34, -50
2375.3, -34, -50
2375.4, -34, -50
2375.5, -34, -50
2375.6, -34, -50
2375.7, -34, -50
2375.8, -34, -50
2375.9, -34, -50
2376, -34, -50
2376.1, -34, -50
2376.2, -34, -50
2376.3, -34, -50
2376.4, -34, -50
2376.5, -34, -50
2376.6, -34, -50
2376.7, -34, -50
2376.8, -34, -50
2376.9, -34, -50
2377, -34, -50
2377.1, -34, -50
2377.2, -34, -50
2377.3, -34, -50
2377.4, -34, -50
2377.5, -34, -50
2377.6, -34, -50
2377.7, -34, -50
2377.8, -34, -50
2377.9, -34, -49
2378, -34, -49
2378.1, -34, -49
2378.2, -34, -49
2378.3, -34, -49
2378.4, -34, -49
2378.5, -34, -49
2378.6, -34, -49
2378.7, -34, -49
2378.8, -34, -49
2378.9, -34, -49
2379, -34, -49
2379.1, -34, -49
2379.2, -34, -49
2379.3, -34, -49
2379.4, -34, -49
2379.5, -34, -49
2379.6, -34, -49
2379.7, -34, -49
2379.8, -34, -49
2379.9, -34, -49
2380, -34, -49
2380.1, -34, -49
2380.2, -34, -49
2380.3, -34, -49
2380.4, -34, -49
2380.5, -34, -49
2380.6, -34, -49
2380.7, -34, -49
2380.8, -34, -49
2380.9, -34, -49
2381, -34, -49
2381.1, -34, -49
2381.2, -34, -49
2381.3, -34, -49
2381.4, -34, -49
2381.5, -34, -49
2381.6, -34, -49
2381.7, -34, -49
2381.8, -34, -49
2381.9, -34, -49
2382, -34, -49
2382.1, -34, -49
2382.2, -34, -49
2382.3, -34, -49
2382.4, -34, -49
2382.5, -34, -49
2382.6, -34, -49
2382.7, -34, -49
2382.8, -34, -49
2382.9, -34, -49
2383, -34, -49
2383.1, -34, -49
2383.2, -34, -49
2383.3, -34, -49
2383.4, -34, -49
2383.5, -34, -49
2383.6, -34, -49
2383.7, -34, -49
2383.8, -34, -49
2383.9, -34, -49
2384, -34, -49
2384.1, -34, -49
2384.2, -34, -49
2384.3, -34, -49
2384.4, -34, -49
2384.5, -34, -49
2384.6, -34, -49
2384.7, -34, -49
2384.8, -34, -49
2384.9, -34, -49
2385, -34, -49
2385.1, -34, -49
2385.2, -34, -49
2385.3, -34, -49
2385.4, -34, -49
2385.5, -35, -49
2385.6, -35, -49
2385.7, -35, -49
2385.8, -35, -49
2385.9, -35, -49
2386, -35, -49
2386.1, -35, -50
2386.2, -35, -50
2386.3, -35, -49
2386.4, -35, -49
2386.5, -35, -50
2386.6, -35, -50
2386.7, -35, -50
2386.8, -35, -50
2386.9, -35, -50
2387, -35, -50
2387.1, -35, -50
2387.2, -35, -50
2387.3, -35, -50
2387.4, -35, -50
2387.5, -35, -50
2387.6, -35, -50
2387.7, -35, -50
2387.8, -35, -50
2387.9, -35, -50
2388, -35, -50
2388.1, -35, -50
2388.2, -35, -50
2388.3, -35, -50
2388.4, -35, -50
2388.5, -35, -50
2388.6, -35, -50
2388.7, -35, -50
2388.8, -35, -50
2388.9, -35, -50
2389, -35, -50
2389.1, -35, -50
2389.2, -35, -50
2389.3, -35, -50
2389.4, -35, -50
2389.5, -35, -50
2389.6, -35, -50
2389.7, -35, -50
2389.8, -35, -50
2389.9, -34, -50
2390, -34, -50
2390.1, -34, -50
2390.2, -34, -50
2390.3, -34, -50
2390.4, -34, -50
2390.5, -34, -50
2390.6, -34, -50
2390.7, -34, -50
2390.8, -34, -50
2390.9, -34, -50
2391, -34, -50
2391.1, -34, -50
2391.2, -34, -50
2391.3, -34, -50
2391.4, -34, -50
2391.5, -34, -50
2391.6, -34, -50
2391.7, -34, -50
2391.8, -34, -50
2391.9, -34, -50
2392, -34, -50
2392.1, -34, -50
2392.2, -34, -50
2392.3, -34, -50
2392.4, -34, -50
2392.5, -34, -50
2392.6, -34, -50
2392.7, -35, -50
2392.8, -35, -50
2392.9, -35, -50
2393, -35, -50
2393.1, -35, -50
2393.2, -35, -50
2393.3, -35, -50
2393.4, -35, -50
2393.5, -35, -50
2393.6, -35, -50
2393.7, -35, -50
2393.8, -35, -50
2393.9, -35, -50
2394, -35, -50
2394.1, -35, -50
2394.2, -35, -50
2394.3, -35, -50
2394.4, -35, -50
2394.5, -35, -50
2394.6, -35, -50
2394.7, -34, -50
2394.8, -34, -50
2394.9, -33, -50
2395, -33, -50
2395.1, -33, -50
2395.2, -33, -50
2395.3, -33, -50
2395.4, -33, -50
2395.5, -33, -49
2395.6, -33, -49
2395.7, -33, -49
2395.8, -33, -49
2395.9, -33, -49
2396, -33, -49
2396.1, -33, -49
2396.2, -33, -49
2396.3, -33, -49
2396.4, -33, -49
2396.5, -33, -49
2396.6, -33, -49
2396.7, -33, -49
2396.8, -33, -49
2396.9, -33, -49
2397, -33, -49
2397.1, -33, -49
2397.2, -33, -49
2397.3, -33, -48
2397.4, -33, -48
2397.5, -33, -48
2397.6, -33, -48
2397.7, -33, -48
2397.8, -33, -48
2397.9, -33, -48
2398, -33, -48
2398.1, -33, -48
2398.2, -33, -48
2398.3, -33, -48
2398.4, -33, -48
2398.5, -33, -48
2398.6, -33, -48
2398.7, -33, -48
2398.8, -33, -48
2398.9, -33, -48
2399, -33, -48
2399.1, -33, -48
2399.2, -33, -48
2399.3, -33, -48
2399.4, -33, -48
2399.5, -33, -48
2399.6, -33, -48
2399.7, -33, -48
2399.8, -33, -48
2399.9, -33, -48
2400, -33, -48
2400.1, -33, -48
2400.2, -33, -48
2400.3, -33, -48
2400.4, -33, -48
2400.5, -33, -48
2400.6, -33, -48
2400.7, -33, -48
2400.8, -33, -48
2400.9, -33, -48
2401, -33, -48
2401.1, -33, -48
2401.2, -33, -48
2401.3, -33, -48
2401.4, -33, -48
2401.5, -33, -48
2401.6, -33, -48
2401.7, -33, -48
2401.8, -33, -48
2401.9, -33, -48
2402, -33, -48
2402.1, -33, -48
2402.2, -33, -48
2402.3, -33, -48
2402.4, -33, -48
2402.5, -33, -48
2402.6, -33, -48
2402.7, -33, -48
2402.8, -33, -48
2402.9, -33, -48
2403, -33, -48
2403.1, -33, -48
2403.2, -33, -48
2403.3, -33, -48
2403.4, -33, -48
2403.5, -33, -48
2403.6, -33, -48
2403.7, -33, -48
2403.8, -33, -48
2403.9, -33, -48
2404, -33, -48
2404.1, -33, -48
2404.2, -33, -48
2404.3, -33, -47
2404.4, -33, -47
2404.5, -33, -47
2404.6, -33, -47
2404.7, -33, -47
2404.8, -33, -47
2404.9, -33, -47
2405, -33, -47
2405.1, -33, -47
2405.2, -33, -47
2405.3, -33, -47
2405.4, -33, -47
2405.5, -33, -47
2405.6, -33, -47
2405.7, -33, -47
2405.8, -33, -47
2405.9, -33, -47
2406, -33, -47
2406.1, -33, -47
2406.2, -33, -47
2406.3, -33, -47
2406.4, -33, -47
2406.5, -33, -47
2406.6, -33, -47
2406.7, -33, -48
2406.8, -33, -48
2406.9, -33, -48
2407, -33, -48
2407.1, -33, -48
2407.2, -33, -48
2407.3, -33, -48
2407.4, -33, -48
2407.5, -33, -48
2407.6, -33, -48
2407.7, -33, -48
2407.8, -33, -48
2407.9, -33, -48
2408, -33, -48
2408.1, -33, -48
2408.2, -33, -48
2408.3, -33, -48
2408.4, -33, -48
2408.5, -33, -48
2408.6, -33, -48
2408.7, -33, -48
2408.8, -33, -48
2408.9, -33, -48
2409, -33, -48
2409.1, -33, -48
2409.2, -33, -48
2409.3, -33, -48
2409.4, -33, -48
2409.5, -33, -48
2409.6, -33, -48
2409.7, -33, -48
2409.8, -33, -48
2409.9, -33, -48
2410, -33, -48
2410.1, -33, -48
2410.2, -33, -48
2410.3, -33, -49
2410.4, -33, -49
2410.5, -33, -49
2410.6, -33, -49
2410.7, -33, -49
2410.8, -33, -49
2410.9, -33, -49
2411, -33, -49
2411.1, -33, -49
2411.2, -33, -49
2411.3, -33, -48
2411.4, -33, -48
2411.5, -33, -48
2411.6, -33, -48
2411.7, -33, -48
2411.8, -33, -48
2411.9, -33, -48
2412, -33, -48
2412.1, -33, -48
2412.2, -33, -48
2412.3, -33, -48
2412.4, -33, -48
2412.5, -33, -48
2412.6, -33, -48
2412.7, -33, -48
2412.8, -33, -48
2412.9, -33, -48
2413, -33, -48
2413.1, -33, -48
2413.2, -33, -48
2413.3, -33, -47
2413.4, -33, -47
2413.5, -33, -47
2413.6, -33, -47
2413.7, -33, -47
2413.8, -33, -47
2413.9, -33, -47
2414, -33, -47
2414.1, -33, -47
2414.2, -33, -47
2414.3, -33, -47
2414.4, -33, -47
2414.5, -33, -47
2414.6, -33, -47
2414.7, -33, -48
2414.8, -33, -48
2414.9, -33, -48
2415, -33, -48
2415.1, -33, -48
2415.2, -33, -48
2415.3, -33, -48
2415.4, -33, -48
2415.5, -33, -48
2415.6, -33, -48
2415.7, -33, -48
2415.8, -33, -48
2415.9, -33, -48
2416, -33, -48
2416.1, -33, -48
2416.2, -33, -48
2416.3, -33, -48
2416.4, -33, -48
2416.5, -33, -48
2416.6, -33, -48
2416.7, -33, -48
2416.8, -33, -48
2416.9, -33, -48
2417, -33, -48
2417.1, -33, -48
2417.2, -33, -48
2417.3, -33, -48
2417.4, -33, -48
2417.5, -33, -48
2417.6, -33, -48
2417.7, -33, -48
2417.8, -33, -48
2417.9, -33, -48
2418, -33, -48
2418.1, -33, -48
2418.2, -33, -48
2418.3, -33, -48
2418.4, -33, -48
2418.5, -33, -48
2418.6, -33, -48
2418.7, -33, -48
2418.8, -33, -48
2418.9, -33, -48
2419, -33, -48
2419.1, -33, -48
2419.2, -33, -48
2419.3, -33, -47
2419.4, -33, -47
2419.5, -33, -47
2419.6, -33, -47
2419.7, -33, -47
2419.8, -33, -47
2419.9, -33, -47
2420, -33, -47
2420.1, -33, -47
2420.2, -33, -47
2420.3, -33, -47
2420.4, -33, -47
2420.5, -32, -47
2420.6, -32, -47
2420.7, -32, -47
2420.8, -32, -47
2420.9, -32, -47
2421, -32, -47
2421.1, -32, -47
2421.2, -32, -47
2421.3, -32, -47
2421.4, -32, -47
2421.5, -32, -47
2421.6, -32, -47
2421.7, -32, -47
2421.8, -32, -47
2421.9, -32, -46
2422, -32, -46
2422.1, -32, -46
2422.2, -32, -46
2422.3, -32, -46
2422.4, -32, -46
2422.5, -32, -46
2422.6, -32, -46
2422.7, -32, -46
2422.8, -32, -46
2422.9, -32, -46
2423, -32, -46
2423.1, -32, -46
2423.2, -32, -46
2423.3, -31, -46
2423.4, -31, -46
2423.5, -31, -46
2423.6, -31, -46
2423.7, -31, -46
2423.8, -31, -46
2423.9, -31, -46
2424, -31, -46
2424.1, -31, -46
2424.2, -31, -46
2424.3, -31, -46
2424.4, -31, -46
2424.5, -31, -46
2424.6, -31, -46
2424.7, -31, -46
2424.8, -31, -46
2424.9, -31, -46
2425, -31, -46
2425.1, -31, -46
2425.2, -31, -46
2425.3, -31, -46
2425.4, -31, -46
2425.5, -31, -46
2425.6, -31, -46
2425.7, -31, -46
2425.8, -31, -46
2425.9, -31, -46
2426, -31, -46
2426.1, -31, -46
2426.2, -31, -46
2426.3, -31, -46
2426.4, -31, -46
2426.5, -31, -46
2426.6, -31, -46
2426.7, -31, -46
2426.8, -31, -46
2426.9, -32, -46
2427, -32, -46
2427.1, -32, -46
2427.2, -32, -46
2427.3, -32, -46
2427.4, -32, -46
2427.5, -32, -46
2427.6, -32, -46
2427.7, -32, -46
2427.8, -32, -46
2427.9, -32, -46
2428, -32, -46
2428.1, -32, -46
2428.2, -32, -46
2428.3, -32, -46
2428.4, -32, -46
2428.5, -32, -46
2428.6, -32, -46
2428.7, -32, -46
2428.8, -32, -46
2428.9, -32, -46
2429, -32, -46
2429.1, -32, -46
2429.2, -32, -46
2429.3, -32, -46
2429.4, -32, -46
2429.5, -32, -46
2429.6, -32, -46
2429.7, -32, -46
2429.8, -32, -46
2429.9, -32, -46
2430, -32, -46
2430.1, -32, -46
2430.2, -32, -46
2430.3, -32, -45
2430.4, -32, -45
2430.5, -32, -46
2430.6, -32, -46
2430.7, -32, -46
2430.8, -32, -46
2430.9, -32, -46
2431, -32, -46
2431.1, -32, -46
2431.2, -32, -46
2431.3, -32, -46
2431.4, -32, -46
2431.5, -32, -46
2431.6, -32, -46
2431.7, -32, -46
2431.8, -32, -46
2431.9, -32, -46
2432, -32, -46
2432.1, -32, -46
2432.2, -32, -46
2432.3, -32, -46
2432.4, -32, -46
2432.5, -32, -46
2432.6, -32, -46
2432.7, -32, -46
2432.8, -32, -46
2432.9, -32, -46
2433, -32, -46
2433.1, -32, -46
2433.2, -32, -46
2433.3, -32, -46
2433.4, -32, -46
2433.5, -32, -46
2433.6, -32, -46
2433.7, -32, -46
2433.8, -32, -46
2433.9, -32, -46
2434, -32, -46
2434.1, -32, -46
2434.2, -32, -46
2434.3, -32, -46
2434.4, -32, -46
2434.5, -32, -46
2434.6, -32, -46
2434.7, -32, -46
2434.8, -32, -46
2434.9, -32, -46
2435, -32, -46
2435.1, -32, -46
2435.2, -32, -46
2435.3, -32, -46
2435.4, -32, -46
2435.5, -32, -46
2435.6, -32, -46
2435.7, -32, -46
2435.8, -32, -46
2435.9, -32, -46
2436, -32, -46
2436.1, -32, -46
2436.2, -32, -46
2436.3, -32, -46
2436.4, -32, -46
2436.5, -32, -46
2436.6, -32, -46
2436.7, -32, -46
2436.8, -32, -46
2436.9, -32, -46
2437, -32, -46
2437.1, -32, -46
2437.2, -32, -46
2437.3, -32, -46
2437.4, -32, -46
2437.5, -32, -46
2437.6, -32, -46
2437.7, -32, -46
2437.8, -32, -46
2437.9, -32, -46
2438, -32, -46
2438.1, -32, -46
2438.2, -32, -46
2438.3, -32, -46
2438.4, -32, -46
2438.5, -32, -46
2438.6, -32, -46
2438.7, -32, -46
2438.8, -32, -46
2438.9, -32, -46
2439, -32, -46
2439.1, -32, -46
2439.2, -32, -46
2439.3, -32, -46
2439.4, -32, -46
2439.5, -32, -46
2439.6, -32, -46
2439.7, -32, -46
2439.8, -32, -46
2439.9, -32, -46
2440, -32, -46
2440.1, -32, -46
2440.2, -32, -46
2440.3, -32, -46
2440.4, -32, -46
2440.5, -32, -46
2440.6, -32, -46
2440.7, -32, -46
2440.8, -32, -46
2440.9, -32, -46
2441, -32, -46
2441.1, -32, -46
2441.2, -32, -46
2441.3, -32, -46
2441.4, -32, -46
2441.5, -32, -45
2441.6, -32, -45
2441.7, -32, -45
2441.8, -32, -45
2441.9, -31, -45
2442, -31, -45
2442.1, -31, -45
2442.2, -31, -45
2442.3, -31, -45
2442.4, -31, -45
2442.5, -31, -45
2442.6, -31, -45
2442.7, -31, -44
2442.8, -31, -44
2442.9, -31, -44
2443, -31, -44
2443.1, -31, -43
2443.2, -31, -43
2443.3, -31, -43
2443.4, -31, -43
2443.5, -31, -43
2443.6, -31, -43
2443.7, -30, -43
2443.8, -30, -43
2443.9, -30, -43
2444, -30, -43
2444.1, -30, -43
2444.2, -30, -43
2444.3, -30, -43
2444.4, -30, -43
2444.5, -30, -43
2444.6, -30, -43
2444.7, -30, -43
2444.8, -30, -43
2444.9, -30, -43
2445, -30, -43
2445.1, -30, -43
2445.2, -30, -43
2445.3, -30, -43
2445.4, -30, -43
2445.5, -30, -43
2445.6, -30, -43
2445.7, -30, -43
2445.8, -30, -43
2445.9, -30, -43
2446, -30, -43
2446.1, -30, -43
2446.2, -30, -43
2446.3, -30, -43
2446.4, -30, -43
2446.5, -30, -43
2446.6, -30, -43
2446.7, -29, -43
2446.8, -29, -43
2446.9, -29, -43
2447, -29, -43
2447.1, -29, -43
2447.2, -29, -43
2447.3, -29, -43
2447.4, -29, -43
2447.5, -29, -43
2447.6, -29, -43
2447.7, -29, -43
2447.8, -29, -43
2447.9, -29, -42
2448, -29, -42
2448.1, -29, -42
2448.2, -29, -42
2448.3, -28, -42
2448.4, -28, -42
2448.5, -28, -42
2448.6, -28, -42
2448.7, -28, -43
2448.8, -28, -43
2448.9, -28, -43
2449, -28, -43
2449.1, -28, -43
2449.2, -28, -43
2449.3, -28, -43
2449.4, -28, -43
2449.5, -28, -43
2449.6, -28, -43
2449.7, -28, -43
2449.8, -28, -43
2449.9, -28, -43
2450, -28, -43
2450.1, -28, -43
2450.2, -28, -43
2450.3, -28, -43
2450.4, -28, -43
2450.5, -28, -43
2450.6, -28, -43
2450.7, -28, -43
2450.8, -28, -43
2450.9, -28, -42
2451, -28, -42
2451.1, -28, -42
2451.2, -28, -42
2451.3, -28, -42
2451.4, -28, -42
2451.5, -29, -42
2451.6, -29, -42
2451.7, -29, -42
2451.8, -29, -42
2451.9, -29, -42
2452, -29, -42
2452.1, -29, -42
2452.2, -29, -42
2452.3, -29, -42
2452.4, -29, -42
2452.5, -29, -42
2452.6, -29, -42
2452.7, -29, -42
2452.8, -29, -42
2452.9, -29, -42
2453, -29, -42
2453.1, -29, -42
2453.2, -29, -42
2453.3, -29, -42
2453.4, -29, -42
2453.5, -29, -42
2453.6, -29, -42
2453.7, -29, -42
2453.8, -29, -42
2453.9, -29, -43
2454, -29, -43
2454.1, -29, -44
2454.2, -29, -44
2454.3, -29, -44
2454.4, -29, -44
2454.5, -29, -44
2454.6, -29, -44
2454.7, -29, -44
2454.8, -29, -44
2454.9, -29, -44
2455, -29, -44
2455.1, -29, -44
2455.2, -29, -44
2455.3, -29, -44
2455.4, -29, -44
2455.5, -29, -44
2455.6, -29, -44
2455.7, -28, -44
2455.8, -28, -44
2455.9, -28, -44
2456, -28, -44
2456.1, -28, -44
2456.2, -28, -44
2456.3, -28, -44
2456.4, -28, -44
2456.5, -28, -44
2456.6, -28, -44
2456.7, -28, -44
2456.8, -28, -44
2456.9, -28, -44
2457, -28, -44
2457.1, -28, -44
2457.2, -28, -44
2457.3, -28, -44
2457.4, -28, -44
2457.5, -28, -45
2457.6, -28, -45
2457.7, -28, -45
2457.8, -28, -45
2457.9, -28, -45
2458, -28, -45
2458.1, -28, -45
2458.2, -28, -45
2458.3, -28, -45
2458.4, -28, -45
2458.5, -28, -45
2458.6, -28, -45
2458.7, -28, -45
2458.8, -28, -45
2458.9, -28, -45
2459, -28, -45
2459.1, -28, -45
2459.2, -28, -45
2459.3, -28, -45
2459.4, -28, -45
2459.5, -28, -45
2459.6, -28, -45
2459.7, -28, -45
2459.8, -28, -45
2459.9, -28, -45
2460, -28, -45
2460.1, -28, -45
2460.2, -28, -45
2460.3, -28, -45
2460.4, -28, -45
2460.5, -28, -45
2460.6, -28, -45
2460.7, -28, -45
2460.8, -28, -45
2460.9, -28, -45
2461, -28, -45
2461.1, -28, -45
2461.2, -28, -45
2461.3, -28, -45
2461.4, -28, -45
2461.5, -29, -45
2461.6, -29, -45
2461.7, -30, -45
2461.8, -30, -45
2461.9, -30, -45
2462, -30, -45
2462.1, -30, -45
2462.2, -30, -45
2462.3, -30, -45
2462.4, -30, -45
2462.5, -30, -45
2462.6, -30, -45
2462.7, -30, -45
2462.8, -30, -45
2462.9, -30, -45
2463, -30, -45
2463.1, -30, -45
2463.2, -30, -45
2463.3, -30, -45
2463.4, -30, -45
2463.5, -30, -45
2463.6, -30, -45
2463.7, -29, -45
2463.8, -29, -45
2463.9, -29, -45
2464, -29, -45
2464.1, -29, -45
2464.2, -29, -45
2464.3, -29, -45
2464.4, -29, -45
2464.5, -29, -45
2464.6, -29, -45
2464.7, -29, -45
2464.8, -29, -45
2464.9, -29, -45
2465, -29, -45
2465.1, -29, -45
2465.2, -29, -45
2465.3, -29, -45
2465.4, -29, -45
2465.5, -29, -45
2465.6, -29, -45
2465.7, -29, -45
2465.8, -29, -45
2465.9, -29, -45
2466, -29, -45
2466.1, -29, -45
2466.2, -29, -45
2466.3, -29, -45
2466.4, -29, -45
2466.5, -29, -45
2466.6, -29, -45
2466.7, -29, -45
2466.8, -29, -45
2466.9, -29, -45
2467, -29, -45
2467.1, -29, -45
2467.2, -29, -45
2467.3, -29, -45
2467.4, -29, -45
2467.5, -29, -46
2467.6, -29, -46
2467.7, -29, -46
2467.8, -29, -46
2467.9, -29, -45
2468, -29, -45
2468.1, -29, -45
2468.2, -29, -45
2468.3, -29, -45
2468.4, -29, -45
2468.5, -29, -45
2468.6, -29, -45
2468.7, -29, -45
2468.8, -29, -45
2468.9, -29, -45
2469, -29, -45
2469.1, -29, -45
2469.2, -29, -45
2469.3, -29, -45
2469.4, -29, -45
2469.5, -29, -45
2469.6, -29, -45
2469.7, -29, -45
2469.8, -29, -45
2469.9, -29, -45
2470, -29, -45
2470.1, -29, -45
2470.2, -29, -45
2470.3, -29, -44
2470.4, -29, -44
2470.5, -29, -44
2470.6, -29, -44
2470.7, -29, -44
2470.8, -29, -44
2470.9, -29, -44
2471, -29, -44
2471.1, -29, -44
2471.2, -29, -44
2471.3, -29, -44
2471.4, -29, -44
2471.5, -29, -44
2471.6, -29, -44
2471.7, -29, -44
2471.8, -29, -44
2471.9, -29, -44
2472, -29, -44
2472.1, -29, -44
2472.2, -29, -44
2472.3, -29, -44
2472.4, -29, -44
2472.5, -29, -44
2472.6, -29, -44
2472.7, -29, -44
2472.8, -29, -44
2472.9, -29, -44
2473, -29, -44
2473.1, -29, -44
2473.2, -29, -44
2473.3, -29, -44
2473.4, -29, -44
2473.5, -29, -44
2473.6, -29, -44
2473.7, -29, -44
2473.8, -29, -44
2473.9, -29, -44
2474, -29, -44
2474.1, -28, -44
2474.2, -28, -44
2474.3, -28, -44
2474.4, -28, -44
2474.5, -28, -44
2474.6, -28, -44
2474.7, -28, -44
2474.8, -28, -44
2474.9, -28, -44
2475, -28, -44
2475.1, -28, -44
2475.2, -28, -44
2475.3, -27, -44
2475.4, -27, -44
2475.5, -27, -44
2475.6, -27, -44
2475.7, -27, -44
2475.8, -27, -44
2475.9, -27, -44
2476, -27, -44
2476.1, -27, -44
2476.2, -27, -44
2476.3, -28, -44
2476.4, -28, -44
2476.5, -28, -44
2476.6, -28, -44
2476.7, -28, -44
2476.8, -28, -44
2476.9, -28, -44
2477, -28, -44
2477.1, -28, -44
2477.2, -28, -44
2477.3, -28, -44
2477.4, -28, -44
2477.5, -28, -44
2477.6, -28, -44
2477.7, -28, -44
2477.8, -28, -44
2477.9, -28, -44
2478, -28, -44
2478.1, -28, -44
2478.2, -28, -44
2478.3, -28, -44
2478.4, -28, -44
2478.5, -27, -44
2478.6, -27, -44
2478.7, -27, -44
2478.8, -27, -44
2478.9, -27, -44
2479, -27, -44
2479.1, -27, -44
2479.2, -27, -44
2479.3, -27, -44
2479.4, -27, -44
2479.5, -27, -44
2479.6, -27, -44
2479.7, -27, -44
2479.8, -27, -44
2479.9, -27, -44
2480, -27, -44
2480.1, -27, -44
2480.2, -27, -44
2480.3, -27, -44
2480.4, -27, -44
2480.5, -27, -44
2480.6, -27, -44
2480.7, -27, -44
2480.8, -27, -44
2480.9, -26, -44
2481, -26, -44
2481.1, -26, -44
2481.2, -26, -44
2481.3, -26, -44
2481.4, -26, -44
2481.5, -26, -44
2481.6, -26, -44
2481.7, -26, -44
2481.8, -26, -44
2481.9, -26, -44
2482, -26, -44
2482.1, -26, -44
2482.2, -26, -44
2482.3, -26, -44
2482.4, -26, -44
2482.5, -26, -44
2482.6, -26, -44
2482.7, -26, -44
2482.8, -26, -44
2482.9, -26, -44
2483, -26, -44
2483.1, -26, -44
2483.2, -26, -44
2483.3, -26, -44
2483.4, -26, -44
2483.5, -26, -44
2483.6, -26, -44
2483.7, -26, -44
2483.8, -26, -44
2483.9, -26, -44
2484, -26, -44
2484.1, -26, -44
2484.2, -26, -44
2484.3, -26, -44
2484.4, -26, -44
2484.5, -27, -44
2484.6, -27, -44
2484.7, -27, -44
2484.8, -27, -44
2484.9, -27, -44
2485, -27, -44
2485.1, -27, -44
2485.2, -27, -44
2485.3, -27, -44
2485.4, -27, -44
2485.5, -27, -44
2485.6, -27, -44
2485.7, -27, -44
2485.8, -27, -44
2485.9, -27, -44
2486, -27, -44
2486.1, -27, -44
2486.2, -27, -44
2486.3, -27, -44
2486.4, -27, -44
2486.5, -27, -44
2486.6, -27, -44
2486.7, -26, -44
2486.8, -26, -44
2486.9, -26, -44
2487, -26, -44
2487.1, -26, -44
2487.2, -26, -44
2487.3, -27, -44
2487.4, -27, -44
2487.5, -27, -44
2487.6, -27, -44
2487.7, -27, -44
2487.8, -27, -44
2487.9, -27, -44
2488, -27, -44
2488.1, -27, -44
2488.2, -27, -44
2488.3, -27, -44
2488.4, -27, -44
2488.5, -27, -44
2488.6, -27, -44
2488.7, -27, -44
2488.8, -27, -44
2488.9, -28, -44
2489, -28, -44
2489.1, -28, -44
2489.2, -28, -44
2489.3, -28, -44
2489.4, -28, -44
2489.5, -28, -44
2489.6, -28, -44
2489.7, -28, -44
2489.8, -28, -44
2489.9, -28, -44
2490, -28, -44
2490.1, -28, -44
2490.2, -28, -44
2490.3, -28, -44
2490.4, -28, -44
2490.5, -28, -44
2490.6, -28, -44
2490.7, -28, -44
2490.8, -28, -44
2490.9, -28, -44
2491, -28, -44
2491.1, -28, -44
2491.2, -28, -44
2491.3, -28, -45
2491.4, -28, -45
2491.5, -28, -45
2491.6, -28, -45
2491.7, -28, -45
2491.8, -28, -45
2491.9, -28, -45
2492, -28, -45
2492.1, -28, -45
2492.2, -28, -45
2492.3, -28, -45
2492.4, -28, -45
2492.5, -28, -45
2492.6, -28, -45
2492.7, -28, -45
2492.8, -28, -45
2492.9, -28, -45
2493, -28, -45
2493.1, -28, -45
2493.2, -28, -45
2493.3, -28, -46
2493.4, -28, -46
2493.5, -28, -46
2493.6, -28, -46
2493.7, -28, -46
2493.8, -28, -46
2493.9, -28, -46
2494, -28, -46
2494.1, -27, -46
2494.2, -27, -46
2494.3, -27, -46
2494.4, -27, -46
2494.5, -27, -46
2494.6, -27, -46
2494.7, -27, -46
2494.8, -27, -46
2494.9, -27, -46
2495, -27, -46
2495.1, -26, -46
2495.2, -26, -46
2495.3, -26, -46
2495.4, -26, -46
2495.5, -26, -46
2495.6, -26, -46
2495.7, -26, -46
2495.8, -26, -46
2495.9, -26, -46
2496, -26, -46
2496.1, -26, -46
2496.2, -26, -46
2496.3, -26, -46
2496.4, -26, -46
2496.5, -26, -46
2496.6, -26, -46
2496.7, -26, -46
2496.8, -26, -46
2496.9, -26, -46
2497, -26, -46
2497.1, -26, -46
2497.2, -26, -46
2497.3, -26, -46
2497.4, -26, -46
2497.5, -26, -46
2497.6, -26, -46
2497.7, -26, -46
2497.8, -26, -46
2497.9, -26, -46
2498, -26, -46
2498.1, -26, -46
2498.2, -26, -46
2498.3, -26, -46
2498.4, -26, -46
2498.5, -26, -46
2498.6, -26, -46
2498.7, -26, -46
2498.8, -26, -46
2498.9, -26, -46
2499, -26, -46
2499.1, -26, -46
2499.2, -26, -46
2499.3, -26, -46
2499.4, -26, -46
2499.5, -26, -47
2499.6, -26, -47
2499.7, -26, -47
2499.8, -26, -47
2499.9, -26, -47
2500, -26, -47
2500.1, -26, -47
2500.2, -26, -47
2500.3, -26, -47
2500.4, -26, -47
2500.5, -26, -47
2500.6, -26, -47
2500.7, -26, -47
2500.8, -26, -47
2500.9, -26, -47
2501, -26, -47
2501.1, -26, -47
2501.2, -26, -47
2501.3, -26, -47
2501.4, -26, -47
2501.5, -26, -47
2501.6, -26, -47
2501.7, -26, -47
2501.8, -26, -47
2501.9, -26, -47
2502, -26, -47
2502.1, -26, -47
2502.2, -26, -47
2502.3, -26, -47
2502.4, -26, -47
2502.5, -26, -47
2502.6, -26, -47
2502.7, -26, -47
2502.8, -26, -47
2502.9, -26, -47
2503, -26, -47
2503.1, -26, -47
2503.2, -26, -47
2503.3, -26, -47
2503.4, -26, -47
2503.5, -26, -47
2503.6, -26, -47
2503.7, -26, -47
2503.8, -26, -47
2503.9, -26, -47
2504, -26, -47
2504.1, -26, -47
2504.2, -26, -47
2504.3, -26, -47
2504.4, -26, -47
2504.5, -26, -47
2504.6, -26, -47
2504.7, -26, -47
2504.8, -26, -47
2504.9, -26, -47
2505, -26, -47
2505.1, -26, -47
2505.2, -26, -47
2505.3, -26, -47
2505.4, -26, -47
2505.5, -26, -47
2505.6, -26, -47
2505.7, -26, -47
2505.8, -26, -47
2505.9, -26, -47
2506, -26, -47
2506.1, -26, -47
2506.2, -26, -47
2506.3, -26, -47
2506.4, -26, -47
2506.5, -26, -47
2506.6, -26, -47
2506.7, -26, -47
2506.8, -26, -47
2506.9, -26, -47
2507, -26, -47
2507.1, -26, -47
2507.2, -26, -47
2507.3, -26, -47
2507.4, -26, -47
2507.5, -26, -46
2507.6, -26, -46
2507.7, -26, -46
2507.8, -26, -46
2507.9, -26, -46
2508, -26, -46
2508.1, -26, -46
2508.2, -26, -46
2508.3, -26, -46
2508.4, -26, -46
2508.5, -26, -46
2508.6, -26, -46
2508.7, -26, -46
2508.8, -26, -46
2508.9, -26, -46
2509, -26, -46
2509.1, -25, -46
2509.2, -25, -46
2509.3, -25, -46
2509.4, -25, -46
2509.5, -25, -46
2509.6, -25, -46
2509.7, -25, -46
2509.8, -25, -46
2509.9, -25, -46
2510, -25, -46
2510.1, -25, -46
2510.2, -25, -46
2510.3, -25, -46
2510.4, -25, -46
2510.5, -25, -46
2510.6, -25, -46
2510.7, -25, -46
2510.8, -25, -46
2510.9, -25, -46
2511, -25, -46
2511.1, -25, -46
2511.2, -25, -46
2511.3, -25, -46
2511.4, -25, -46
2511.5, -25, -46
2511.6, -25, -46
2511.7, -25, -46
2511.8, -25, -46
2511.9, -25, -46
2512, -25, -46
2512.1, -25, -46
2512.2, -25, -46
2512.3, -25, -46
2512.4, -25, -46
2512.5, -25, -46
2512.6, -25, -46
2512.7, -25, -46
2512.8, -25, -46
2512.9, -25, -46
2513, -25, -46
2513.1, -25, -46
2513.2, -25, -46
2513.3, -25, -46
2513.4, -25, -46
2513.5, -25, -46
2513.6, -25, -46
2513.7, -25, -46
2513.8, -25, -46
2513.9, -25, -46
2514, -25, -46
2514.1, -25, -46
2514.2, -25, -46
2514.3, -25, -46
2514.4, -25, -46
2514.5, -25, -46
2514.6, -25, -46
2514.7, -24, -46
2514.8, -24, -46
2514.9, -24, -46
2515, -24, -46
2515.1, -23, -46
2515.2, -23, -46
2515.3, -23, -46
2515.4, -23, -46
2515.5, -23, -46
2515.6, -23, -46
2515.7, -23, -46
2515.8, -23, -46
2515.9, -23, -46
2516, -23, -46
2516.1, -23, -45
2516.2, -23, -45
2516.3, -22, -45
2516.4, -22, -45
2516.5, -22, -45
2516.6, -22, -45
2516.7, -22, -45
2516.8, -22, -45
2516.9, -22, -45
2517, -22, -45
2517.1, -22, -44
2517.2, -22, -44
2517.3, -22, -44
2517.4, -22, -44
2517.5, -22, -44
2517.6, -22, -44
2517.7, -22, -44
2517.8, -22, -44
2517.9, -22, -44
2518, -22, -44
2518.1, -22, -44
2518.2, -22, -44
2518.3, -22, -44
2518.4, -22, -44
2518.5, -22, -44
2518.6, -22, -44
2518.7, -22, -44
2518.8, -22, -44
2518.9, -22, -44
2519, -22, -44
2519.1, -22, -44
2519.2, -22, -44
2519.3, -22, -44
2519.4, -22, -44
2519.5, -22, -44
2519.6, -22, -44
2519.7, -22, -44
2519.8, -22, -44
2519.9, -22, -44
2520, -22, -44
2520.1, -22, -44
2520.2, -22, -44
2520.3, -22, -44
2520.4, -22, -44
2520.5, -22, -44
2520.6, -22, -44
2520.7, -22, -44
2520.8, -22, -44
2520.9, -23, -44
2521, -23, -44
2521.1, -23, -44
2521.2, -23, -44
2521.3, -23, -44
2521.4, -23, -44
2521.5, -23, -44
2521.6, -23, -44
2521.7, -23, -44
2521.8, -23, -44
2521.9, -23, -44
2522, -23, -44
2522.1, -23, -45
2522.2, -23, -45
2522.3, -23, -45
2522.4, -23, -45
2522.5, -23, -45
2522.6, -23, -45
2522.7, -23, -44
2522.8, -23, -44
2522.9, -23, -44
2523, -23, -44
2523.1, -23, -44
2523.2, -23, -44
2523.3, -23, -44
2523.4, -23, -44
2523.5, -23, -44
2523.6, -23, -44
2523.7, -23, -43
2523.8, -23, -43
2523.9, -23, -43
2524, -23, -43
2524.1, -23, -43
2524.2, -23, -43
2524.3, -23, -43
2524.4, -23, -43
2524.5, -23, -43
2524.6, -23, -43
2524.7, -23, -43
2524.8, -23, -43
2524.9, -23, -43
2525, -23, -43
2525.1, -23, -43
2525.2, -23, -43
2525.3, -22, -43
2525.4, -22, -43
2525.5, -22, -43
2525.6, -22, -43
2525.7, -22, -43
2525.8, -22, -43
2525.9, -22, -43
2526, -22, -43
2526.1, -22, -43
2526.2, -22, -43
2526.3, -22, -43
2526.4, -22, -43
2526.5, -23, -43
2526.6, -23, -43
2526.7, -23, -43
2526.8, -23, -43
2526.9, -23, -43
2527, -23, -43
2527.1, -23, -43
2527.2, -23, -43
2527.3, -23, -43
2527.4, -23, -43
2527.5, -23, -43
2527.6, -23, -43
2527.7, -23, -43
2527.8, -23, -43
2527.9, -23, -43
2528, -23, -43
2528.1, -23, -43
2528.2, -23, -43
2528.3, -22, -43
2528.4, -22, -43
2528.5, -22, -43
2528.6, -22, -43
2528.7, -22, -43
2528.8, -22, -43
2528.9, -22, -43
2529, -22, -43
2529.1, -22, -43
2529.2, -22, -43
2529.3, -21, -43
2529.4, -21, -43
2529.5, -20, -43
2529.6, -20, -43
2529.7, -20, -43
2529.8, -20, -43
2529.9, -20, -43
2530, -20, -43
2530.1, -20, -43
2530.2, -20, -43
2530.3, -20, -43
2530.4, -20, -43
2530.5, -20, -43
2530.6, -20, -43
2530.7, -20, -43
2530.8, -20, -43
2530.9, -20, -43
2531, -20, -43
2531.1, -20, -43
2531.2, -20, -43
2531.3, -20, -42
2531.4, -20, -42
2531.5, -20, -42
2531.6, -20, -42
2531.7, -20, -42
2531.8, -20, -42
2531.9, -20, -42
2532, -20, -42
2532.1, -20, -42
2532.2, -20, -42
2532.3, -21, -42
2532.4, -21, -42
2532.5, -21, -42
2532.6, -21, -42
2532.7, -21, -42
2532.8, -21, -42
2532.9, -21, -42
2533, -21, -42
2533.1, -21, -42
2533.2, -21, -42
2533.3, -21, -42
2533.4, -21, -42
2533.5, -21, -42
2533.6, -21, -42
2533.7, -21, -41
2533.8, -21, -41
2533.9, -21, -41
2534, -21, -41
2534.1, -21, -41
2534.2, -21, -41
2534.3, -21, -41
2534.4, -21, -41
2534.5, -21, -41
2534.6, -21, -41
2534.7, -21, -41
2534.8, -21, -41
2534.9, -21, -41
2535, -21, -41
2535.1, -21, -41
2535.2, -21, -41
2535.3, -21, -41
2535.4, -21, -41
2535.5, -21, -41
2535.6, -21, -41
2535.7, -21, -41
2535.8, -21, -41
2535.9, -21, -41
2536, -21, -41
2536.1, -21, -41
2536.2, -21, -41
2536.3, -21, -41
2536.4, -21, -41
2536.5, -21, -41
2536.6, -21, -41
2536.7, -21, -41
2536.8, -21, -41
2536.9, -21, -41
2537, -21, -41
2537.1, -21, -41
2537.2, -21, -41
2537.3, -21, -41
2537.4, -21, -41
2537.5, -21, -41
2537.6, -21, -41
2537.7, -21, -41
2537.8, -21, -41
2537.9, -21, -41
2538, -21, -41
2538.1, -21, -41
2538.2, -21, -41
2538.3, -21, -41
2538.4, -21, -41
2538.5, -21, -41
2538.6, -21, -41
2538.7, -21, -41
2538.8, -21, -41
2538.9, -21, -42
2539, -21, -42
2539.1, -21, -43
2539.2, -21, -43
2539.3, -21, -43
2539.4, -21, -43
2539.5, -21, -43
2539.6, -21, -43
2539.7, -21, -43
2539.8, -21, -43
2539.9, -21, -43
2540, -21, -43
2540.1, -21, -43
2540.2, -21, -43
2540.3, -21, -42
2540.4, -21, -42
2540.5, -21, -42
2540.6, -21, -42
2540.7, -21, -42
2540.8, -21, -42
2540.9, -21, -42
2541, -21, -42
2541.1, -21, -42
2541.2, -21, -42
2541.3, -21, -42
2541.4, -21, -42
2541.5, -21, -42
2541.6, -21, -42
2541.7, -21, -42
2541.8, -21, -42
2541.9, -21, -42
2542, -21, -42
2542.1, -21, -42
2542.2, -21, -42
2542.3, -21, -42
2542.4, -21, -42
2542.5, -21, -42
2542.6, -21, -42
2542.7, -21, -42
2542.8, -21, -42
2542.9, -21, -42
2543, -21, -42
2543.1, -21, -42
2543.2, -21, -42
2543.3, -21, -42
2543.4, -21, -42
2543.5, -21, -42
2543.6, -21, -42
2543.7, -21, -42
2543.8, -21, -42
2543.9, -21, -42
2544, -21, -42
2544.1, -21, -42
2544.2, -21, -42
2544.3, -21, -42
2544.4, -21, -42
2544.5, -21, -42
2544.6, -21, -42
2544.7, -21, -42
2544.8, -21, -42
2544.9, -21, -42
2545, -21, -42
2545.1, -21, -42
2545.2, -21, -42
2545.3, -21, -42
2545.4, -21, -42
2545.5, -21, -42
2545.6, -21, -42
2545.7, -21, -42
2545.8, -21, -42
2545.9, -21, -42
2546, -21, -42
2546.1, -21, -42
2546.2, -21, -42
2546.3, -21, -42
2546.4, -21, -42
2546.5, -21, -42
2546.6, -21, -42
2546.7, -21, -42
2546.8, -21, -42
2546.9, -21, -43
2547, -21, -43
2547.1, -21, -43
2547.2, -21, -43
2547.3, -21, -42
2547.4, -21, -42
2547.5, -21, -42
2547.6, -21, -42
2547.7, -21, -42
2547.8, -21, -42
2547.9, -21, -42
2548, -21, -42
2548.1, -21, -42
2548.2, -21, -42
2548.3, -20, -42
2548.4, -20, -42
2548.5, -20, -42
2548.6, -20, -42
2548.7, -20, -42
2548.8, -20, -42
2548.9, -20, -42
2549, -20, -42
2549.1, -20, -42
2549.2, -20, -42
2549.3, -20, -42
2549.4, -20, -42
2549.5, -20, -42
2549.6, -20, -42
2549.7, -20, -42
2549.8, -20, -42
2549.9, -20, -42
2550, -20, -42
2550.1, -20, -42
2550.2, -20, -42
2550.3, -20, -42
2550.4, -20, -42
2550.5, -20, -42
2550.6, -20, -42
2550.7, -20, -42
2550.8, -20, -42
2550.9, -20, -42
2551, -20, -42
2551.1, -20, -42
2551.2, -20, -42
2551.3, -20, -42
2551.4, -20, -42
2551.5, -20, -42
2551.6, -20, -42
2551.7, -21, -42
2551.8, -21, -42
2551.9, -21, -42
2552, -21, -42
2552.1, -21, -42
2552.2, -21, -42
2552.3, -21, -42
2552.4, -21, -42
2552.5, -22, -42
2552.6, -22, -42
2552.7, -22, -42
2552.8, -22, -42
2552.9, -22, -42
2553, -22, -42
2553.1, -22, -42
2553.2, -22, -42
2553.3, -22, -42
2553.4, -22, -42
2553.5, -22, -42
2553.6, -22, -42
2553.7, -22, -42
2553.8, -22, -42
2553.9, -22, -43
2554, -22, -43
2554.1, -22, -43
2554.2, -22, -43
2554.3, -23, -43
2554.4, -23, -43
2554.5, -23, -43
2554.6, -23, -43
2554.7, -23, -43
2554.8, -23, -43
2554.9, -23, -43
2555, -23, -43
2555.1, -23, -43
2555.2, -23, -43
2555.3, -23, -43
2555.4, -23, -43
2555.5, -23, -43
2555.6, -23, -43
2555.7, -23, -43
2555.8, -23, -43
2555.9, -23, -43
2556, -23, -43
2556.1, -23, -43
2556.2, -23, -43
2556.3, -22, -43
2556.4, -22, -43
2556.5, -22, -43
2556.6, -22, -43
2556.7, -21, -43
2556.8, -21, -43
2556.9, -21, -43
2557, -21, -43
2557.1, -21, -43
2557.2, -21, -43
2557.3, -21, -43
2557.4, -21, -43
2557.5, -21, -43
2557.6, -21, -43
2557.7, -21, -43
2557.8, -21, -43
2557.9, -21, -43
2558, -21, -43
2558.1, -21, -43
2558.2, -21, -43
2558.3, -21, -43
2558.4, -21, -43
2558.5, -21, -43
2558.6, -21, -43
2558.7, -21, -43
2558.8, -21, -43
2558.9, -21, -43
2559, -21, -43
2559.1, -21, -43
2559.2, -21, -43
2559.3, -21, -43
2559.4, -21, -43
2559.5, -21, -43
2559.6, -21, -43
2559.7, -21, -43
2559.8, -21, -43
2559.9, -21, -43
2560, -21, -43
2560.1, -21, -43
2560.2, -21, -43
2560.3, -21, -43
2560.4, -21, -43
2560.5, -21, -43
2560.6, -21, -43
2560.7, -21, -43
2560.8, -21, -43
2560.9, -21, -43
2561, -21, -43
2561.1, -21, -42
2561.2, -21, -42
2561.3, -21, -42
2561.4, -21, -42
2561.5, -21, -42
2561.6, -21, -42
2561.7, -21, -42
2561.8, -21, -42
2561.9, -21, -42
2562, -21, -42
2562.1, -21, -42
2562.2, -21, -42
2562.3, -21, -42
2562.4, -21, -42
2562.5, -21, -42
2562.6, -21, -42
2562.7, -21, -42
2562.8, -21, -42
2562.9, -21, -42
2563, -21, -42
2563.1, -21, -42
2563.2, -21, -42
2563.3, -21, -42
2563.4, -21, -42
2563.5, -21, -42
2563.6, -21, -42
2563.7, -21, -42
2563.8, -21, -42
2563.9, -22, -42
2564, -22, -42
2564.1, -22, -42
2564.2, -22, -42
2564.3, -22, -42
2564.4, -22, -42
2564.5, -22, -42
2564.6, -22, -42
2564.7, -22, -42
2564.8, -22, -42
2564.9, -22, -42
2565, -22, -42
2565.1, -22, -42
2565.2, -22, -42
2565.3, -22, -42
2565.4, -22, -42
2565.5, -22, -42
2565.6, -22, -42
2565.7, -22, -42
2565.8, -22, -42
2565.9, -21, -42
2566, -21, -42
2566.1, -21, -42
2566.2, -21, -42
2566.3, -21, -42
2566.4, -21, -42
2566.5, -21, -41
2566.6, -21, -41
2566.7, -21, -41
2566.8, -21, -41
2566.9, -21, -41
2567, -21, -41
2567.1, -21, -41
2567.2, -21, -41
2567.3, -21, -41
2567.4, -21, -41
2567.5, -21, -41
2567.6, -21, -41
2567.7, -21, -41
2567.8, -21, -41
2567.9, -21, -41
2568, -21, -41
2568.1, -21, -41
2568.2, -21, -41
2568.3, -21, -41
2568.4, -21, -41
2568.5, -21, -41
2568.6, -21, -41
2568.7, -21, -41
2568.8, -21, -41
2568.9, -21, -41
2569, -21, -41
2569.1, -21, -41
2569.2, -21, -41
2569.3, -21, -41
2569.4, -21, -41
2569.5, -21, -41
2569.6, -21, -41
2569.7, -21, -41
2569.8, -21, -41
2569.9, -21, -41
2570, -21, -41
2570.1, -21, -41
2570.2, -21, -41
2570.3, -21, -41
2570.4, -21, -41
2570.5, -21, -41
2570.6, -21, -41
2570.7, -21, -41
2570.8, -21, -41
2570.9, -21, -42
2571, -21, -42
2571.1, -22, -42
2571.2, -22, -42
2571.3, -22, -42
2571.4, -22, -42
2571.5, -22, -42
2571.6, -22, -42
2571.7, -22, -42
2571.8, -22, -42
2571.9, -22, -42
2572, -22, -42
2572.1, -21, -42
2572.2, -21, -42
2572.3, -21, -42
2572.4, -21, -42
2572.5, -21, -42
2572.6, -21, -42
2572.7, -20, -42
2572.8, -20, -42
2572.9, -20, -42
2573, -20, -42
2573.1, -20, -42
2573.2, -20, -42
2573.3, -20, -42
2573.4, -20, -42
2573.5, -20, -42
2573.6, -20, -42
2573.7, -20, -42
2573.8, -20, -42
2573.9, -20, -42
2574, -20, -42
2574.1, -20, -42
2574.2, -20, -42
2574.3, -20, -42
2574.4, -20, -42
2574.5, -20, -42
2574.6, -20, -42
2574.7, -20, -42
2574.8, -20, -42
2574.9, -20, -42
2575, -20, -42
2575.1, -20, -42
2575.2, -20, -42
2575.3, -20, -42
2575.4, -20, -42
2575.5, -20, -42
2575.6, -20, -42
2575.7, -20, -42
2575.8, -20, -42
2575.9, -20, -42
2576, -20, -42
2576.1, -20, -41
2576.2, -20, -41
2576.3, -20, -40
2576.4, -20, -40
2576.5, -20, -40
2576.6, -20, -40
2576.7, -20, -40
2576.8, -20, -40
2576.9, -20, -40
2577, -20, -40
2577.1, -20, -40
2577.2, -20, -40
2577.3, -20, -40
2577.4, -20, -40
2577.5, -20, -40
2577.6, -20, -40
2577.7, -20, -40
2577.8, -20, -40
2577.9, -20, -40
2578, -20, -40
2578.1, -20, -40
2578.2, -20, -40
2578.3, -20, -40
2578.4, -20, -40
2578.5, -20, -40
2578.6, -20, -40
2578.7, -21, -40
2578.8, -21, -40
2578.9, -21, -40
2579, -21, -40
2579.1, -21, -41
2579.2, -21, -41
2579.3, -21, -41
2579.4, -21, -41
2579.5, -21, -41
2579.6, -21, -41
2579.7, -21, -41
2579.8, -21, -41
2579.9, -21, -41
2580, -21, -41
2580.1, -21, -41
2580.2, -21, -41
2580.3, -21, -41
2580.4, -21, -41
2580.5, -21, -41
2580.6, -21, -41
2580.7, -21, -41
2580.8, -21, -41
2580.9, -21, -41
2581, -21, -41
2581.1, -21, -41
2581.2, -21, -41
2581.3, -21, -41
2581.4, -21, -41
2581.5, -21, -41
2581.6, -21, -41
2581.7, -21, -41
2581.8, -21, -41
2581.9, -21, -41
2582, -21, -41
2582.1, -21, -41
2582.2, -21, -41
2582.3, -21, -41
2582.4, -21, -41
2582.5, -21, -41
2582.6, -21, -41
2582.7, -21, -41
2582.8, -21, -41
2582.9, -21, -41
2583, -21, -41
2583.1, -21, -41
2583.2, -21, -41
2583.3, -21, -41
2583.4, -21, -41
2583.5, -21, -41
2583.6, -21, -41
2583.7, -21, -41
2583.8, -21, -41
2583.9, -21, -41
2584, -21, -41
2584.1, -21, -41
2584.2, -21, -41
2584.3, -21, -41
2584.4, -21, -41
2584.5, -21, -41
2584.6, -21, -41
2584.7, -21, -41
2584.8, -21, -41
2584.9, -21, -41
2585, -21, -41
2585.1, -22, -41
2585.2, -22, -41
2585.3, -22, -41
2585.4, -22, -41
2585.5, -22, -41
2585.6, -22, -41
2585.7, -22, -41
2585.8, -22, -41
2585.9, -22, -41
2586, -22, -41
2586.1, -22, -41
2586.2, -22, -41
2586.3, -22, -41
2586.4, -22, -41
2586.5, -22, -41
2586.6, -22, -41
2586.7, -22, -41
2586.8, -22, -41
2586.9, -22, -41
2587, -22, -41
2587.1, -22, -41
2587.2, -22, -41
2587.3, -22, -41
2587.4, -22, -41
2587.5, -22, -41
2587.6, -22, -41
2587.7, -22, -41
2587.8, -22, -41
2587.9, -22, -41
2588, -22, -41
2588.1, -22, -42
2588.2, -22, -42
2588.3, -22, -41
2588.4, -22, -41
2588.5, -22, -41
2588.6, -22, -41
2588.7, -22, -41
2588.8, -22, -41
2588.9, -22, -41
2589, -22, -41
2589.1, -22, -40
2589.2, -22, -40
2589.3, -22, -40
2589.4, -22, -40
2589.5, -22, -40
2589.6, -22, -40
2589.7, -22, -40
2589.8, -22, -40
2589.9, -23, -40
2590, -23, -40
2590.1, -23, -40
2590.2, -23, -40
2590.3, -23, -40
2590.4, -23, -40
2590.5, -23, -40
2590.6, -23, -40
2590.7, -23, -40
2590.8, -23, -40
2590.9, -24, -40
2591, -24, -40
2591.1, -24, -40
2591.2, -24, -40
2591.3, -24, -40
2591.4, -24, -40
2591.5, -24, -40
2591.6, -24, -40
2591.7, -24, -40
2591.8, -24, -40
2591.9, -24, -40
2592, -24, -40
2592.1, -24, -40
2592.2, -24, -40
2592.3, -24, -39
2592.4, -24, -39
2592.5, -24, -39
2592.6, -24, -39
2592.7, -24, -39
2592.8, -24, -39
2592.9, -24, -39
2593, -24, -39
2593.1, -24, -39
2593.2, -24, -39
2593.3, -24, -39
2593.4, -24, -39
2593.5, -24, -39
2593.6, -24, -39
2593.7, -24, -39
2593.8, -24, -39
2593.9, -24, -39
2594, -24, -39
2594.1, -24, -39
2594.2, -24, -39
2594.3, -24, -39
2594.4, -24, -39
2594.5, -24, -39
2594.6, -24, -39
2594.7, -24, -39
2594.8, -24, -39
2594.9, -24, -39
2595, -24, -39
2595.1, -24, -39
2595.2, -24, -39
2595.3, -23, -39
2595.4, -23, -39
2595.5, -23, -39
2595.6, -23, -39
2595.7, -23, -39
2595.8, -23, -39
2595.9, -23, -39
2596, -23, -39
2596.1, -23, -39
2596.2, -23, -39
2596.3, -23, -39
2596.4, -23, -39
2596.5, -23, -39
2596.6, -23, -39
2596.7, -23, -39
2596.8, -23, -39
2596.9, -23, -39
2597, -23, -39
2597.1, -23, -39
2597.2, -23, -39
2597.3, -23, -39
2597.4, -23, -39
2597.5, -23, -39
2597.6, -23, -39
2597.7, -23, -39
2597.8, -23, -39
2597.9, -23, -39
2598, -23, -39
2598.1, -23, -39
2598.2, -23, -39
2598.3, -23, -39
2598.4, -23, -39
2598.5, -23, -39
2598.6, -23, -39
2598.7, -23, -39
2598.8, -23, -39
2598.9, -23, -39
2599, -23, -39
2599.1, -23, -39
2599.2, -23, -39
2599.3, -23, -39
2599.4, -23, -39
2599.5, -23, -39
2599.6, -23, -39
2599.7, -23, -39
2599.8, -23, -39
2599.9, -23, -39
2600, -23, -39
2600.1, -23, -39
2600.2, -23, -39
2600.3, -23, -39
2600.4, -23, -39
2600.5, -23, -39
2600.6, -23, -39
2600.7, -23, -39
2600.8, -23, -39
2600.9, -23, -39
2601, -23, -39
2601.1, -23, -39
2601.2, -23, -39
2601.3, -23, -39
2601.4, -23, -39
2601.5, -23, -39
2601.6, -23, -39
2601.7, -23, -39
2601.8, -23, -39
2601.9, -23, -39
2602, -23, -39
2602.1, -23, -39
2602.2, -23, -39
2602.3, -24, -39
2602.4, -24, -39
2602.5, -24, -39
2602.6, -24, -39
2602.7, -24, -39
2602.8, -24, -39
2602.9, -25, -39
2603, -25, -39
2603.1, -25, -39
2603.2, -25, -39
2603.3, -25, -39
2603.4, -25, -39
2603.5, -25, -39
2603.6, -25, -39
2603.7, -25, -39
2603.8, -25, -39
2603.9, -25, -39
2604, -25, -39
2604.1, -25, -39
2604.2, -25, -39
2604.3, -26, -39
2604.4, -26, -39
2604.5, -26, -39
2604.6, -26, -39
2604.7, -26, -39
2604.8, -26, -39
2604.9, -26, -39
2605, -26, -39
2605.1, -26, -39
2605.2, -26, -39
2605.3, -26, -39
2605.4, -26, -39
2605.5, -26, -39
2605.6, -26, -39
2605.7, -26, -39
2605.8, -26, -39
2605.9, -26, -39
2606, -26, -39
2606.1, -26, -39
2606.2, -26, -39
2606.3, -26, -39
2606.4, -26, -39
2606.5, -26, -39
2606.6, -26, -39
2606.7, -26, -39
2606.8, -26, -39
2606.9, -26, -39
2607, -26, -39
2607.1, -26, -39
2607.2, -26, -39
2607.3, -26, -39
2607.4, -26, -39
2607.5, -26, -39
2607.6, -26, -39
2607.7, -26, -38
2607.8, -26, -38
2607.9, -26, -38
2608, -26, -38
2608.1, -26, -38
2608.2, -26, -38
2608.3, -26, -38
2608.4, -26, -38
2608.5, -26, -38
2608.6, -26, -38
2608.7, -26, -38
2608.8, -26, -38
2608.9, -26, -38
2609, -26, -38
2609.1, -26, -38
2609.2, -26, -38
2609.3, -26, -38
2609.4, -26, -38
2609.5, -26, -38
2609.6, -26, -38
2609.7, -26, -38
2609.8, -26, -38
2609.9, -26, -38
2610, -26, -38
2610.1, -26, -38
2610.2, -26, -38
2610.3, -26, -38
2610.4, -26, -38
2610.5, -26, -38
2610.6, -26, -38
2610.7, -26, -38
2610.8, -26, -38
2610.9, -26, -38
2611, -26, -38
2611.1, -26, -38
2611.2, -26, -38
2611.3, -26, -38
2611.4, -26, -38
2611.5, -26, -38
2611.6, -26, -38
2611.7, -26, -38
2611.8, -26, -38
2611.9, -26, -38
2612, -26, -38
2612.1, -26, -37
2612.2, -26, -37
2612.3, -26, -37
2612.4, -26, -37
2612.5, -26, -37
2612.6, -26, -37
2612.7, -26, -37
2612.8, -26, -37
2612.9, -26, -37
2613, -26, -37
2613.1, -26, -37
2613.2, -26, -37
2613.3, -26, -37
2613.4, -26, -37
2613.5, -26, -37
2613.6, -26, -37
2613.7, -26, -37
2613.8, -26, -37
2613.9, -26, -37
2614, -26, -37
2614.1, -26, -37
2614.2, -26, -37
2614.3, -26, -37
2614.4, -26, -37
2614.5, -26, -37
2614.6, -26, -37
2614.7, -26, -37
2614.8, -26, -37
2614.9, -26, -37
2615, -26, -37
2615.1, -26, -37
2615.2, -26, -37
2615.3, -26, -37
2615.4, -26, -37
2615.5, -26, -37
2615.6, -26, -37
2615.7, -27, -37
2615.8, -27, -37
2615.9, -27, -37
2616, -27, -37
2616.1, -27, -37
2616.2, -27, -37
2616.3, -27, -37
2616.4, -27, -37
2616.5, -27, -37
2616.6, -27, -37
2616.7, -27, -38
2616.8, -27, -38
2616.9, -27, -38
2617, -27, -38
2617.1, -26, -38
2617.2, -26, -38
2617.3, -26, -38
2617.4, -26, -38
2617.5, -26, -38
2617.6, -26, -38
2617.7, -25, -38
2617.8, -25, -38
2617.9, -25, -38
2618, -25, -38
2618.1, -25, -38
2618.2, -25, -38
2618.3, -25, -38
2618.4, -25, -38
2618.5, -25, -38
2618.6, -25, -38
2618.7, -25, -38
2618.8, -25, -38
2618.9, -25, -38
2619, -25, -38
2619.1, -25, -38
2619.2, -25, -38
2619.3, -25, -38
2619.4, -25, -38
2619.5, -25, -38
2619.6, -25, -38
2619.7, -25, -38
2619.8, -25, -38
2619.9, -25, -38
2620, -25, -38
2620.1, -25, -38
2620.2, -25, -38
2620.3, -25, -38
2620.4, -25, -38
2620.5, -25, -38
2620.6, -25, -38
2620.7, -25, -38
2620.8, -25, -38
2620.9, -25, -38
2621, -25, -38
2621.1, -25, -38
2621.2, -25, -38
2621.3, -25, -38
2621.4, -25, -38
2621.5, -25, -38
2621.6, -25, -38
2621.7, -25, -38
2621.8, -25, -38
2621.9, -25, -38
2622, -25, -38
2622.1, -25, -38
2622.2, -25, -38
2622.3, -25, -38
2622.4, -25, -38
2622.5, -26, -38
2622.6, -26, -38
2622.7, -26, -38
2622.8, -26, -38
2622.9, -26, -38
2623, -26, -38
2623.1, -26, -38
2623.2, -26, -38
2623.3, -26, -38
2623.4, -26, -38
2623.5, -26, -38
2623.6, -26, -38
2623.7, -26, -38
2623.8, -26, -38
2623.9, -26, -38
2624, -26, -38
2624.1, -26, -38
2624.2, -26, -38
2624.3, -26, -38
2624.4, -26, -38
2624.5, -26, -38
2624.6, -26, -38
2624.7, -26, -38
2624.8, -26, -38
2624.9, -27, -38
2625, -27, -38
2625.1, -27, -38
2625.2, -27, -38
2625.3, -28, -38
2625.4, -28, -38
2625.5, -28, -38
2625.6, -28, -38
2625.7, -28, -38
2625.8, -28, -38
2625.9, -28, -38
2626, -28, -38
2626.1, -28, -38
2626.2, -28, -38
2626.3, -28, -38
2626.4, -28, -38
2626.5, -28, -38
2626.6, -28, -38
2626.7, -28, -38
2626.8, -28, -38
2626.9, -28, -38
2627, -28, -38
2627.1, -28, -38
2627.2, -28, -38
2627.3, -28, -38
2627.4, -28, -38
2627.5, -28, -38
2627.6, -28, -38
2627.7, -27, -38
2627.8, -27, -38
2627.9, -27, -38
2628, -27, -38
2628.1, -27, -38
2628.2, -27, -38
2628.3, -27, -38
2628.4, -27, -38
2628.5, -27, -38
2628.6, -27, -38
2628.7, -27, -38
2628.8, -27, -38
2628.9, -27, -38
2629, -27, -38
2629.1, -27, -38
2629.2, -27, -38
2629.3, -27, -38
2629.4, -27, -38
2629.5, -27, -38
2629.6, -27, -38
2629.7, -27, -38
2629.8, -27, -38
2629.9, -27, -38
2630, -27, -38
2630.1, -27, -38
2630.2, -27, -38
2630.3, -27, -38
2630.4, -27, -38
2630.5, -26, -38
2630.6, -26, -38
2630.7, -25, -38
2630.8, -25, -38
2630.9, -25, -38
2631, -25, -38
2631.1, -26, -38
2631.2, -26, -38
2631.3, -26, -38
2631.4, -26, -38
2631.5, -26, -38
2631.6, -26, -38
2631.7, -26, -38
2631.8, -26, -38
2631.9, -26, -38
2632, -26, -38
2632.1, -26, -38
2632.2, -26, -38
2632.3, -27, -38
2632.4, -27, -38
2632.5, -27, -38
2632.6, -27, -38
2632.7, -27, -38
2632.8, -27, -38
2632.9, -27, -38
2633, -27, -38
2633.1, -27, -38
2633.2, -27, -38
2633.3, -27, -38
2633.4, -27, -38
2633.5, -27, -38
2633.6, -27, -38
2633.7, -27, -38
2633.8, -27, -38
2633.9, -27, -38
2634, -27, -38
2634.1, -27, -38
2634.2, -27, -38
2634.3, -27, -38
2634.4, -27, -38
2634.5, -27, -38
2634.6, -27, -38
2634.7, -27, -38
2634.8, -27, -38
2634.9, -27, -38
2635, -27, -38
2635.1, -27, -38
2635.2, -27, -38
2635.3, -27, -38
2635.4, -27, -38
2635.5, -27, -38
2635.6, -27, -38
2635.7, -27, -38
2635.8, -27, -38
2635.9, -27, -38
2636, -27, -38
2636.1, -27, -38
2636.2, -27, -38
2636.3, -27, -38
2636.4, -27, -38
2636.5, -27, -38
2636.6, -27, -38
2636.7, -27, -38
2636.8, -27, -38
2636.9, -27, -38
2637, -27, -38
2637.1, -27, -38
2637.2, -27, -38
2637.3, -27, -38
2637.4, -27, -38
2637.5, -27, -38
2637.6, -27, -38
2637.7, -27, -38
2637.8, -27, -38
2637.9, -27, -38
2638, -27, -38
2638.1, -27, -38
2638.2, -27, -38
2638.3, -27, -38
2638.4, -27, -38
2638.5, -27, -38
2638.6, -27, -38
2638.7, -27, -38
2638.8, -27, -38
2638.9, -27, -38
2639, -27, -38
2639.1, -27, -38
2639.2, -27, -38
2639.3, -27, -38
2639.4, -27, -38
2639.5, -27, -38
2639.6, -27, -38
2639.7, -27, -38
2639.8, -27, -38
2639.9, -27, -38
2640, -27, -38
2640.1, -27, -39
2640.2, -27, -39
2640.3, -27, -39
2640.4, -27, -39
2640.5, -27, -39
2640.6, -27, -39
2640.7, -27, -39
2640.8, -27, -39
2640.9, -27, -39
2641, -27, -39
2641.1, -27, -39
2641.2, -27, -39
2641.3, -27, -39
2641.4, -27, -39
2641.5, -27, -40
2641.6, -27, -40
2641.7, -27, -40
2641.8, -27, -40
2641.9, -27, -40
2642, -27, -40
2642.1, -27, -40
2642.2, -27, -40
2642.3, -27, -40
2642.4, -27, -40
2642.5, -27, -40
2642.6, -27, -40
2642.7, -27, -40
2642.8, -27, -40
2642.9, -27, -40
2643, -27, -40
2643.1, -27, -40
2643.2, -27, -40
2643.3, -27, -40
2643.4, -27, -40
2643.5, -27, -40
2643.6, -27, -40
2643.7, -27, -40
2643.8, -27, -40
2643.9, -27, -40
2644, -27, -40
2644.1, -27, -39
2644.2, -27, -39
2644.3, -27, -39
2644.4, -27, -39
2644.5, -27, -39
2644.6, -27, -39
2644.7, -27, -39
2644.8, -27, -39
2644.9, -27, -39
2645, -27, -39
2645.1, -27, -39
2645.2, -27, -39
2645.3, -27, -39
2645.4, -27, -39
2645.5, -27, -39
2645.6, -27, -39
2645.7, -27, -39
2645.8, -27, -39
2645.9, -27, -39
2646, -27, -39
2646.1, -27, -38
2646.2, -27, -38
2646.3, -27, -38
2646.4, -27, -38
2646.5, -27, -38
2646.6, -27, -38
2646.7, -27, -38
2646.8, -27, -38
2646.9, -27, -38
2647, -27, -38
2647.1, -27, -38
2647.2, -27, -38
2647.3, -27, -38
2647.4, -27, -38
2647.5, -27, -38
2647.6, -27, -38
2647.7, -27, -38
2647.8, -27, -38
2647.9, -27, -38
2648, -27, -38
2648.1, -27, -38
2648.2, -27, -38
2648.3, -27, -38
2648.4, -27, -38
2648.5, -27, -38
2648.6, -27, -38
2648.7, -27, -38
2648.8, -27, -38
2648.9, -27, -38
2649, -27, -38
2649.1, -27, -38
2649.2, -27, -38
2649.3, -27, -38
2649.4, -27, -38
2649.5, -27, -38
2649.6, -27, -38
2649.7, -27, -38
2649.8, -27, -38
2649.9, -27, -38
2650, -27, -38
2650.1, -27, -39
2650.2, -27, -39
2650.3, -27, -39
2650.4, -27, -39
2650.5, -27, -40
2650.6, -27, -40
2650.7, -27, -40
2650.8, -27, -40
2650.9, -27, -40
2651, -27, -40
2651.1, -27, -40
2651.2, -27, -40
2651.3, -27, -40
2651.4, -27, -40
2651.5, -27, -40
2651.6, -27, -40
2651.7, -27, -40
2651.8, -27, -40
2651.9, -27, -40
2652, -27, -40
2652.1, -27, -40
2652.2, -27, -40
2652.3, -27, -40
2652.4, -27, -40
2652.5, -27, -40
2652.6, -27, -40
2652.7, -27, -40
2652.8, -27, -40
2652.9, -27, -40
2653, -27, -40
2653.1, -27, -40
2653.2, -27, -40
2653.3, -27, -40
2653.4, -27, -40
2653.5, -27, -40
2653.6, -27, -40
2653.7, -27, -40
2653.8, -27, -40
2653.9, -27, -40
2654, -27, -40
2654.1, -27, -41
2654.2, -27, -41
2654.3, -27, -41
2654.4, -27, -41
2654.5, -27, -41
2654.6, -27, -41
2654.7, -27, -41
2654.8, -27, -41
2654.9, -27, -41
2655, -27, -41
2655.1, -27, -41
2655.2, -27, -41
2655.3, -27, -41
2655.4, -27, -41
2655.5, -27, -41
2655.6, -27, -41
2655.7, -27, -41
2655.8, -27, -41
2655.9, -27, -41
2656, -27, -41
2656.1, -27, -41
2656.2, -27, -41
2656.3, -28, -41
2656.4, -28, -41
2656.5, -28, -41
2656.6, -28, -41
2656.7, -28, -41
2656.8, -28, -41
2656.9, -28, -41
2657, -28, -41
2657.1, -28, -41
2657.2, -28, -41
2657.3, -28, -41
2657.4, -28, -41
2657.5, -28, -40
2657.6, -28, -40
2657.7, -28, -40
2657.8, -28, -40
2657.9, -28, -40
2658, -28, -40
2658.1, -28, -40
2658.2, -28, -40
2658.3, -28, -40
2658.4, -28, -40
2658.5, -28, -39
2658.6, -28, -39
2658.7, -28, -39
2658.8, -28, -39
2658.9, -28, -39
2659, -28, -39
2659.1, -28, -39
2659.2, -28, -39
2659.3, -28, -39
2659.4, -28, -39
2659.5, -28, -39
2659.6, -28, -39
2659.7, -28, -39
2659.8, -28, -39
2659.9, -28, -39
2660, -28, -39
2660.1, -28, -39
2660.2, -28, -39
2660.3, -28, -39
2660.4, -28, -39
2660.5, -28, -39
2660.6, -28, -39
2660.7, -28, -39
2660.8, -28, -39
2660.9, -28, -39
2661, -28, -39
2661.1, -28, -39
2661.2, -28, -39
2661.3, -28, -39
2661.4, -28, -39
2661.5, -28, -39
2661.6, -28, -39
2661.7, -28, -39
2661.8, -28, -39
2661.9, -28, -39
2662, -28, -39
2662.1, -28, -39
2662.2, -28, -39
2662.3, -28, -39
2662.4, -28, -39
2662.5, -28, -39
2662.6, -28, -39
2662.7, -28, -39
2662.8, -28, -39
2662.9, -28, -39
2663, -28, -39
2663.1, -28, -39
2663.2, -28, -39
2663.3, -28, -39
2663.4, -28, -39
2663.5, -28, -39
2663.6, -28, -39
2663.7, -28, -39
2663.8, -28, -39
2663.9, -28, -39
2664, -28, -39
2664.1, -28, -39
2664.2, -28, -39
2664.3, -28, -39
2664.4, -28, -39
2664.5, -28, -39
2664.6, -28, -39
2664.7, -28, -39
2664.8, -28, -39
2664.9, -28, -39
2665, -28, -39
2665.1, -28, -39
2665.2, -28, -39
2665.3, -28, -39
2665.4, -28, -39
2665.5, -28, -39
2665.6, -28, -39
2665.7, -28, -40
2665.8, -28, -40
2665.9, -28, -40
2666, -28, -40
2666.1, -28, -40
2666.2, -28, -40
2666.3, -28, -40
2666.4, -28, -40
2666.5, -28, -40
2666.6, -28, -40
2666.7, -28, -40
2666.8, -28, -40
2666.9, -28, -40
2667, -28, -40
2667.1, -28, -40
2667.2, -28, -40
2667.3, -28, -40
2667.4, -28, -40
2667.5, -28, -40
2667.6, -28, -40
2667.7, -27, -40
2667.8, -27, -40
2667.9, -27, -40
2668, -27, -40
2668.1, -27, -40
2668.2, -27, -40
2668.3, -27, -40
2668.4, -27, -40
2668.5, -27, -40
2668.6, -27, -40
2668.7, -27, -40
2668.8, -27, -40
2668.9, -27, -40
2669, -27, -40
2669.1, -27, -40
2669.2, -27, -40
2669.3, -27, -40
2669.4, -27, -40
2669.5, -27, -40
2669.6, -27, -40
2669.7, -27, -40
2669.8, -27, -40
2669.9, -27, -40
2670, -27, -40
2670.1, -27, -40
2670.2, -27, -40
2670.3, -28, -40
2670.4, -28, -40
2670.5, -28, -40
2670.6, -28, -40
2670.7, -28, -40
2670.8, -28, -40
2670.9, -28, -39
2671, -28, -39
2671.1, -28, -39
2671.2, -28, -39
2671.3, -28, -39
2671.4, -28, -39
2671.5, -28, -39
2671.6, -28, -39
2671.7, -28, -39
2671.8, -28, -39
2671.9, -28, -39
2672, -28, -39
2672.1, -28, -39
2672.2, -28, -39
2672.3, -28, -39
2672.4, -28, -39
2672.5, -28, -39
2672.6, -28, -39
2672.7, -28, -39
2672.8, -28, -39
2672.9, -28, -39
2673, -28, -39
2673.1, -29, -39
2673.2, -29, -39
2673.3, -29, -39
2673.4, -29, -39
2673.5, -29, -39
2673.6, -29, -39
2673.7, -29, -39
2673.8, -29, -39
2673.9, -29, -39
2674, -29, -39
2674.1, -29, -39
2674.2, -29, -39
2674.3, -29, -39
2674.4, -29, -39
2674.5, -29, -39
2674.6, -29, -39
2674.7, -29, -39
2674.8, -29, -39
2674.9, -29, -39
2675, -29, -39
2675.1, -28, -39
2675.2, -28, -39
2675.3, -28, -39
2675.4, -28, -39
2675.5, -28, -39
2675.6, -28, -39
2675.7, -28, -39
2675.8, -28, -39
2675.9, -28, -39
2676, -28, -39
2676.1, -28, -39
2676.2, -28, -39
2676.3, -28, -39
2676.4, -28, -39
2676.5, -28, -39
2676.6, -28, -39
2676.7, -28, -39
2676.8, -28, -39
2676.9, -28, -39
2677, -28, -39
2677.1, -28, -39
2677.2, -28, -39
2677.3, -28, -39
2677.4, -28, -39
2677.5, -28, -39
2677.6, -28, -39
2677.7, -28, -39
2677.8, -28, -39
2677.9, -28, -39
2678, -28, -39
2678.1, -28, -39
2678.2, -28, -39
2678.3, -28, -39
2678.4, -28, -39
2678.5, -28, -39
2678.6, -28, -39
2678.7, -28, -39
2678.8, -28, -39
2678.9, -28, -39
2679, -28, -39
2679.1, -28, -39
2679.2, -28, -39
2679.3, -28, -39
2679.4, -28, -39
2679.5, -28, -39
2679.6, -28, -39
2679.7, -28, -39
2679.8, -28, -39
2679.9, -28, -39
2680, -28, -39
2680.1, -28, -39
2680.2, -28, -39
2680.3, -28, -39
2680.4, -28, -39
2680.5, -28, -39
2680.6, -28, -39
2680.7, -28, -39
2680.8, -28, -39
2680.9, -28, -39
2681, -28, -39
2681.1, -28, -39
2681.2, -28, -39
2681.3, -28, -39
2681.4, -28, -39
2681.5, -28, -39
2681.6, -28, -39
2681.7, -28, -39
2681.8, -28, -39
2681.9, -28, -39
2682, -28, -39
2682.1, -28, -39
2682.2, -28, -39
2682.3, -28, -39
2682.4, -28, -39
2682.5, -28, -39
2682.6, -28, -39
2682.7, -28, -39
2682.8, -28, -39
2682.9, -28, -39
2683, -28, -39
2683.1, -28, -38
2683.2, -28, -38
2683.3, -28, -38
2683.4, -28, -38
2683.5, -28, -38
2683.6, -28, -38
2683.7, -28, -38
2683.8, -28, -38
2683.9, -28, -38
2684, -28, -38
2684.1, -28, -38
2684.2, -28, -38
2684.3, -28, -38
2684.4, -28, -38
2684.5, -28, -38
2684.6, -28, -38
2684.7, -28, -38
2684.8, -28, -38
2684.9, -28, -38
2685, -28, -38
2685.1, -28, -38
2685.2, -28, -38
2685.3, -28, -38
2685.4, -28, -38
2685.5, -28, -38
2685.6, -28, -38
2685.7, -28, -38
2685.8, -28, -38
2685.9, -28, -38
2686, -28, -38
2686.1, -28, -38
2686.2, -28, -38
2686.3, -28, -38
2686.4, -28, -38
2686.5, -28, -38
2686.6, -28, -38
2686.7, -28, -38
2686.8, -28, -38
2686.9, -28, -38
2687, -28, -38
2687.1, -28, -38
2687.2, -28, -38
2687.3, -28, -38
2687.4, -28, -38
2687.5, -28, -38
2687.6, -28, -38
2687.7, -28, -38
2687.8, -28, -38
2687.9, -28, -38
2688, -28, -38
2688.1, -28, -38
2688.2, -28, -38
2688.3, -28, -38
2688.4, -28, -38
2688.5, -28, -38
2688.6, -28, -38
2688.7, -28, -38
2688.8, -28, -38
2688.9, -28, -38
2689, -28, -38
2689.1, -28, -38
2689.2, -28, -38
2689.3, -28, -38
2689.4, -28, -38
2689.5, -27, -38
2689.6, -27, -38
2689.7, -27, -38
2689.8, -27, -38
2689.9, -27, -38
2690, -27, -38
2690.1, -27, -38
2690.2, -27, -38
2690.3, -27, -38
2690.4, -27, -38
2690.5, -27, -38
2690.6, -27, -38
2690.7, -27, -38
2690.8, -27, -38
2690.9, -27, -38
2691, -27, -38
2691.1, -27, -38
2691.2, -27, -38
2691.3, -27, -38
2691.4, -27, -38
2691.5, -27, -38
2691.6, -27, -38
2691.7, -27, -38
2691.8, -27, -38
2691.9, -27, -38
2692, -27, -38
2692.1, -27, -38
2692.2, -27, -38
2692.3, -27, -38
2692.4, -27, -38
2692.5, -27, -38
2692.6, -27, -38
2692.7, -27, -38
2692.8, -27, -38
2692.9, -27, -38
2693, -27, -38
2693.1, -27, -38
2693.2, -27, -38
2693.3, -27, -38
2693.4, -27, -38
2693.5, -27, -38
2693.6, -27, -38
2693.7, -27, -38
2693.8, -27, -38
2693.9, -27, -38
2694, -27, -38
2694.1, -27, -38
2694.2, -27, -38
2694.3, -27, -38
2694.4, -27, -38
2694.5, -27, -38
2694.6, -27, -38
2694.7, -27, -38
2694.8, -27, -38
2694.9, -27, -37
2695, -27, -37
2695.1, -27, -37
2695.2, -27, -37
2695.3, -27, -36
2695.4, -27, -36
2695.5, -27, -36
2695.6, -27, -36
2695.7, -27, -36
2695.8, -27, -36
2695.9, -26, -36
2696, -26, -36
2696.1, -27, -36
2696.2, -27, -36
2696.3, -27, -36
2696.4, -27, -36
2696.5, -27, -36
2696.6, -27, -36
2696.7, -27, -36
2696.8, -27, -36
2696.9, -27, -36
2697, -27, -36
2697.1, -27, -36
2697.2, -27, -36
2697.3, -27, -36
2697.4, -27, -36
2697.5, -27, -36
2697.6, -27, -36
2697.7, -27, -36
2697.8, -27, -36
2697.9, -27, -36
2698, -27, -36
2698.1, -27, -36
2698.2, -27, -36
2698.3, -27, -36
2698.4, -27, -36
2698.5, -27, -36
2698.6, -27, -36
2698.7, -27, -36
2698.8, -27, -36
2698.9, -27, -36
2699, -27, -36
2699.1, -27, -36
2699.2, -27, -36
2699.3, -27, -36
2699.4, -27, -36
2699.5, -27, -36
2699.6, -27, -36
2699.7, -27, -36
2699.8, -27, -36
2699.9, -27, -36
2700, -27, -36
2700.1, -27, -36
2700.2, -27, -36
2700.3, -27, -36
2700.4, -27, -36
2700.5, -28, -36
2700.6, -28, -36
2700.7, -28, -36
2700.8, -28, -36
2700.9, -28, -36
2701, -28, -36
2701.1, -28, -36
2701.2, -28, -36
2701.3, -28, -36
2701.4, -28, -36
2701.5, -28, -36
2701.6, -28, -36
2701.7, -28, -36
2701.8, -28, -36
2701.9, -28, -36
2702, -28, -36
2702.1, -28, -36
2702.2, -28, -36
2702.3, -28, -36
2702.4, -28, -36
2702.5, -28, -36
2702.6, -28, -36
2702.7, -28, -35
2702.8, -28, -35
2702.9, -28, -35
2703, -28, -35
2703.1, -28, -35
2703.2, -28, -35
2703.3, -28, -35
2703.4, -28, -35
2703.5, -28, -35
2703.6, -28, -35
2703.7, -28, -35
2703.8, -28, -35
2703.9, -28, -35
2704, -28, -35
2704.1, -28, -35
2704.2, -28, -35
2704.3, -28, -35
2704.4, -28, -35
2704.5, -28, -35
2704.6, -28, -35
2704.7, -28, -35
2704.8, -28, -35
2704.9, -28, -35
2705, -28, -35
2705.1, -28, -35
2705.2, -28, -35
2705.3, -28, -35
2705.4, -28, -35
2705.5, -29, -35
2705.6, -29, -35
2705.7, -29, -35
2705.8, -29, -35
2705.9, -29, -35
2706, -29, -35
2706.1, -29, -35
2706.2, -29, -35
2706.3, -29, -35
2706.4, -29, -35
2706.5, -29, -35
2706.6, -29, -35
2706.7, -29, -35
2706.8, -29, -35
2706.9, -29, -35
2707, -29, -35
2707.1, -29, -35
2707.2, -29, -35
2707.3, -30, -35
2707.4, -30, -35
2707.5, -30, -35
2707.6, -30, -35
2707.7, -30, -35
2707.8, -30, -35
2707.9, -30, -35
2708, -30, -35
2708.1, -29, -35
2708.2, -29, -35
2708.3, -29, -35
2708.4, -29, -35
2708.5, -29, -35
2708.6, -29, -35
2708.7, -29, -35
2708.8, -29, -35
2708.9, -29, -35
2709, -29, -35
2709.1, -29, -35
2709.2, -29, -35
2709.3, -29, -35
2709.4, -29, -35
2709.5, -29, -35
2709.6, -29, -35
2709.7, -29, -35
2709.8, -29, -35
2709.9, -29, -35
2710, -29, -35
2710.1, -29, -35
2710.2, -29, -35
2710.3, -29, -35
2710.4, -29, -35
2710.5, -29, -35
2710.6, -29, -35
2710.7, -29, -35
2710.8, -29, -35
2710.9, -29, -35
2711, -29, -35
2711.1, -29, -35
2711.2, -29, -35
2711.3, -29, -35
2711.4, -29, -35
2711.5, -29, -35
2711.6, -29, -35
2711.7, -29, -35
2711.8, -29, -35
2711.9, -29, -35
2712, -29, -35
2712.1, -29, -35
2712.2, -29, -35
2712.3, -29, -35
2712.4, -29, -35
2712.5, -29, -36
2712.6, -29, -36
2712.7, -29, -36
2712.8, -29, -36
2712.9, -29, -36
2713, -29, -36
2713.1, -29, -36
2713.2, -29, -36
2713.3, -29, -36
2713.4, -29, -36
2713.5, -29, -36
2713.6, -29, -36
2713.7, -29, -35
2713.8, -29, -35
2713.9, -29, -35
2714, -29, -35
2714.1, -29, -35
2714.2, -29, -35
2714.3, -29, -35
2714.4, -29, -35
2714.5, -29, -35
2714.6, -29, -35
2714.7, -29, -35
2714.8, -29, -35
2714.9, -29, -35
2715, -29, -35
2715.1, -29, -35
2715.2, -29, -35
2715.3, -29, -35
2715.4, -29, -35
2715.5, -29, -35
2715.6, -29, -35
2715.7, -29, -35
2715.8, -29, -35
2715.9, -29, -35
2716, -29, -35
2716.1, -29, -35
2716.2, -29, -35
2716.3, -29, -35
2716.4, -29, -35
2716.5, -29, -35
2716.6, -29, -35
2716.7, -29, -35
2716.8, -29, -35
2716.9, -29, -35
2717, -29, -35
2717.1, -29, -35
2717.2, -29, -35
2717.3, -29, -35
2717.4, -29, -35
2717.5, -29, -35
2717.6, -29, -35
2717.7, -29, -35
2717.8, -29, -35
2717.9, -29, -35
2718, -29, -35
2718.1, -29, -35
2718.2, -29, -35
2718.3, -29, -35
2718.4, -29, -35
2718.5, -29, -35
2718.6, -29, -35
2718.7, -29, -35
2718.8, -29, -35
2718.9, -29, -35
2719, -29, -35
2719.1, -29, -35
2719.2, -29, -35
2719.3, -29, -35
2719.4, -29, -35
2719.5, -29, -35
2719.6, -29, -35
2719.7, -29, -35
2719.8, -29, -35
2719.9, -29, -35
2720, -29, -35
2720.1, -29, -34
2720.2, -29, -34
2720.3, -29, -34
2720.4, -29, -34
2720.5, -29, -34
2720.6, -29, -34
2720.7, -29, -34
2720.8, -29, -34
2720.9, -29, -34
2721, -29, -34
2721.1, -29, -34
2721.2, -29, -34
2721.3, -29, -34
2721.4, -29, -34
2721.5, -29, -34
2721.6, -29, -34
2721.7, -29, -34
2721.8, -29, -34
2721.9, -29, -34
2722, -29, -34
2722.1, -29, -34
2722.2, -29, -34
2722.3, -29, -34
2722.4, -29, -34
2722.5, -29, -34
2722.6, -29, -34
2722.7, -29, -34
2722.8, -29, -34
2722.9, -29, -34
2723, -29, -34
2723.1, -29, -34
2723.2, -29, -34
2723.3, -29, -34
2723.4, -29, -34
2723.5, -29, -34
2723.6, -29, -34
2723.7, -29, -34
2723.8, -29, -34
2723.9, -29, -34
2724, -29, -34
2724.1, -29, -34
2724.2, -29, -34
2724.3, -29, -34
2724.4, -29, -34
2724.5, -29, -34
2724.6, -29, -34
2724.7, -29, -34
2724.8, -29, -34
2724.9, -29, -34
2725, -29, -34
2725.1, -29, -34
2725.2, -29, -34
2725.3, -29, -33
2725.4, -29, -33
2725.5, -29, -33
2725.6, -29, -33
2725.7, -29, -33
2725.8, -29, -33
2725.9, -29, -33
2726, -29, -33
2726.1, -29, -34
2726.2, -29, -34
2726.3, -29, -34
2726.4, -29, -34
2726.5, -29, -34
2726.6, -29, -34
2726.7, -29, -34
2726.8, -29, -34
2726.9, -29, -34
2727, -29, -34
2727.1, -30, -34
2727.2, -30, -34
2727.3, -30, -34
2727.4, -30, -34
2727.5, -30, -34
2727.6, -30, -34
2727.7, -30, -34
2727.8, -30, -34
2727.9, -30, -34
2728, -30, -34
2728.1, -30, -35
2728.2, -30, -35
2728.3, -30, -35
2728.4, -30, -35
2728.5, -30, -35
2728.6, -30, -35
2728.7, -30, -35
2728.8, -30, -35
2728.9, -30, -35
2729, -30, -35
2729.1, -30, -35
2729.2, -30, -35
2729.3, -30, -35
2729.4, -30, -35
2729.5, -30, -35
2729.6, -30, -35
2729.7, -30, -35
2729.8, -30, -35
2729.9, -30, -35
2730, -30, -35
2730.1, -30, -35
2730.2, -30, -35
2730.3, -30, -35
2730.4, -30, -35
2730.5, -31, -35
2730.6, -31, -35
2730.7, -31, -35
2730.8, -31, -35
2730.9, -31, -35
2731, -31, -35
2731.1, -31, -35
2731.2, -31, -35
2731.3, -31, -35
2731.4, -31, -35
2731.5, -31, -35
2731.6, -31, -35
2731.7, -31, -35
2731.8, -31, -35
2731.9, -31, -35
2732, -31, -35
2732.1, -31, -35
2732.2, -31, -35
2732.3, -30, -35
2732.4, -30, -35
2732.5, -30, -35
2732.6, -30, -35
2732.7, -30, -35
2732.8, -30, -35
2732.9, -30, -35
2733, -30, -35
2733.1, -30, -35
2733.2, -30, -35
2733.3, -30, -36
2733.4, -30, -36
2733.5, -30, -36
2733.6, -30, -36
2733.7, -30, -36
2733.8, -30, -36
2733.9, -30, -36
2734, -30, -36
2734.1, -30, -36
2734.2, -30, -36
2734.3, -30, -36
2734.4, -30, -36
2734.5, -30, -36
2734.6, -30, -36
2734.7, -30, -36
2734.8, -30, -36
2734.9, -30, -36
2735, -30, -36
2735.1, -30, -36
2735.2, -30, -36
2735.3, -30, -36
2735.4, -30, -36
2735.5, -30, -36
2735.6, -30, -36
2735.7, -30, -36
2735.8, -30, -36
2735.9, -30, -36
2736, -30, -36
2736.1, -30, -36
2736.2, -30, -36
2736.3, -30, -36
2736.4, -30, -36
2736.5, -30, -36
2736.6, -30, -36
2736.7, -30, -36
2736.8, -30, -36
2736.9, -30, -36
2737, -30, -36
2737.1, -30, -36
2737.2, -30, -36
2737.3, -30, -36
2737.4, -30, -36
2737.5, -30, -36
2737.6, -30, -36
2737.7, -30, -36
2737.8, -30, -36
2737.9, -30, -36
2738, -30, -36
2738.1, -30, -36
2738.2, -30, -36
2738.3, -30, -36
2738.4, -30, -36
2738.5, -30, -36
2738.6, -30, -36
2738.7, -30, -36
2738.8, -30, -36
2738.9, -30, -36
2739, -30, -36
2739.1, -30, -36
2739.2, -30, -36
2739.3, -30, -36
2739.4, -30, -36
2739.5, -31, -36
2739.6, -31, -36
2739.7, -31, -36
2739.8, -31, -36
2739.9, -31, -36
2740, -31, -36
2740.1, -31, -36
2740.2, -31, -36
2740.3, -31, -36
2740.4, -31, -36
2740.5, -31, -36
2740.6, -31, -36
2740.7, -31, -36
2740.8, -31, -36
2740.9, -31, -36
2741, -31, -36
2741.1, -31, -36
2741.2, -31, -36
2741.3, -31, -36
2741.4, -31, -36
2741.5, -31, -36
2741.6, -31, -36
2741.7, -31, -36
2741.8, -31, -36
2741.9, -31, -35
2742, -31, -35
2742.1, -31, -35
2742.2, -31, -35
2742.3, -31, -35
2742.4, -31, -35
2742.5, -31, -35
2742.6, -31, -35
2742.7, -31, -35
2742.8, -31, -35
2742.9, -31, -35
2743, -31, -35
2743.1, -31, -35
2743.2, -31, -35
2743.3, -30, -35
2743.4, -30, -35
2743.5, -30, -35
2743.6, -30, -35
2743.7, -30, -35
2743.8, -30, -35
2743.9, -30, -35
2744, -30, -35
2744.1, -30, -35
2744.2, -30, -35
2744.3, -30, -35
2744.4, -30, -35
2744.5, -30, -35
2744.6, -30, -35
2744.7, -30, -35
2744.8, -30, -35
2744.9, -30, -35
2745, -30, -35
2745.1, -30, -35
2745.2, -30, -35
2745.3, -30, -35
2745.4, -30, -35
2745.5, -30, -35
2745.6, -30, -35
2745.7, -30, -35
2745.8, -30, -35
2745.9, -30, -35
2746, -30, -35
2746.1, -30, -35
2746.2, -30, -35
2746.3, -30, -35
2746.4, -30, -35
2746.5, -30, -35
2746.6, -30, -35
2746.7, -30, -35
2746.8, -30, -35
2746.9, -30, -35
2747, -30, -35
2747.1, -30, -35
2747.2, -30, -35
2747.3, -30, -35
2747.4, -30, -35
2747.5, -30, -35
2747.6, -30, -35
2747.7, -30, -35
2747.8, -30, -35
2747.9, -30, -35
2748, -30, -35
2748.1, -30, -35
2748.2, -30, -35
2748.3, -30, -35
2748.4, -30, -35
2748.5, -30, -35
2748.6, -30, -35
2748.7, -30, -35
2748.8, -30, -35
2748.9, -30, -35
2749, -30, -35
2749.1, -30, -35
2749.2, -30, -35
2749.3, -30, -35
2749.4, -30, -35
2749.5, -30, -35
2749.6, -30, -35
2749.7, -30, -35
2749.8, -30, -35
2749.9, -30, -35
2750, -30, -35
2750.1, -30, -35
2750.2, -30, -35
2750.3, -30, -35
2750.4, -30, -35
2750.5, -30, -35
2750.6, -30, -35
2750.7, -30, -35
2750.8, -30, -35
2750.9, -30, -35
2751, -30, -35
2751.1, -30, -35
2751.2, -30, -35
2751.3, -30, -35
2751.4, -30, -35
2751.5, -31, -35
2751.6, -31, -35
2751.7, -31, -35
2751.8, -31, -35
2751.9, -31, -35
2752, -31, -35
2752.1, -31, -36
2752.2, -31, -36
2752.3, -31, -36
2752.4, -31, -36
2752.5, -31, -36
2752.6, -31, -36
2752.7, -31, -36
2752.8, -31, -36
2752.9, -31, -36
2753, -31, -36
2753.1, -31, -36
2753.2, -31, -36
2753.3, -31, -36
2753.4, -31, -36
2753.5, -30, -36
2753.6, -30, -36
2753.7, -30, -36
2753.8, -30, -36
2753.9, -30, -36
2754, -30, -36
2754.1, -30, -36
2754.2, -30, -36
2754.3, -30, -36
2754.4, -30, -36
2754.5, -30, -36
2754.6, -30, -36
2754.7, -30, -36
2754.8, -30, -36
2754.9, -30, -36
2755, -30, -36
2755.1, -30, -35
2755.2, -30, -35
2755.3, -30, -35
2755.4, -30, -35
2755.5, -30, -35
2755.6, -30, -35
2755.7, -30, -35
2755.8, -30, -35
2755.9, -30, -35
2756, -30, -35
2756.1, -30, -35
2756.2, -30, -35
2756.3, -30, -35
2756.4, -30, -35
2756.5, -30, -35
2756.6, -30, -35
2756.7, -30, -35
2756.8, -30, -35
2756.9, -30, -35
2757, -30, -35
2757.1, -30, -35
2757.2, -30, -35
2757.3, -30, -35
2757.4, -30, -35
2757.5, -30, -35
2757.6, -30, -35
2757.7, -30, -35
2757.8, -30, -35
2757.9, -30, -34
2758, -30, -34
2758.1, -30, -34
2758.2, -30, -34
2758.3, -30, -34
2758.4, -30, -34
2758.5, -30, -34
2758.6, -30, -34
2758.7, -30, -34
2758.8, -30, -34
2758.9, -30, -34
2759, -30, -34
2759.1, -30, -34
2759.2, -30, -34
2759.3, -30, -34
2759.4, -30, -34
2759.5, -30, -34
2759.6, -30, -34
2759.7, -30, -33
2759.8, -30, -33
2759.9, -30, -33
2760, -30, -33
2760.1, -30, -33
2760.2, -30, -33
2760.3, -30, -33
2760.4, -30, -33
2760.5, -30, -33
2760.6, -30, -33
2760.7, -30, -33
2760.8, -30, -33
2760.9, -30, -33
2761, -30, -33
2761.1, -30, -33
2761.2, -30, -33
2761.3, -31, -33
2761.4, -31, -33
2761.5, -31, -33
2761.6, -31, -33
2761.7, -31, -33
2761.8, -31, -33
2761.9, -31, -33
2762, -31, -33
2762.1, -32, -33
2762.2, -32, -33
2762.3, -32, -32
2762.4, -32, -32
2762.5, -32, -32
2762.6, -32, -32
2762.7, -32, -32
2762.8, -32, -32
2762.9, -32, -32
2763, -32, -32
2763.1, -32, -32
2763.2, -32, -32
2763.3, -32, -32
2763.4, -32, -32
2763.5, -32, -32
2763.6, -32, -32
2763.7, -32, -32
2763.8, -32, -32
2763.9, -32, -32
2764, -32, -32
2764.1, -32, -32
2764.2, -32, -32
2764.3, -32, -32
2764.4, -32, -32
2764.5, -32, -32
2764.6, -32, -32
2764.7, -32, -32
2764.8, -32, -32
2764.9, -31, -32
2765, -31, -32
2765.1, -31, -32
2765.2, -31, -32
2765.3, -31, -32
2765.4, -31, -32
2765.5, -31, -33
2765.6, -31, -33
2765.7, -31, -33
2765.8, -31, -33
2765.9, -31, -33
2766, -31, -33
2766.1, -31, -33
2766.2, -31, -33
2766.3, -31, -33
2766.4, -31, -33
2766.5, -31, -33
2766.6, -31, -33
2766.7, -31, -33
2766.8, -31, -33
2766.9, -31, -33
2767, -31, -33
2767.1, -31, -33
2767.2, -31, -33
2767.3, -31, -33
2767.4, -31, -33
2767.5, -31, -33
2767.6, -31, -33
2767.7, -31, -33
2767.8, -31, -33
2767.9, -31, -33
2768, -31, -33
2768.1, -31, -34
2768.2, -31, -34
2768.3, -31, -34
2768.4, -31, -34
2768.5, -31, -34
2768.6, -31, -34
2768.7, -31, -34
2768.8, -31, -34
2768.9, -31, -34
2769, -31, -34
2769.1, -31, -34
2769.2, -31, -34
2769.3, -31, -34
2769.4, -31, -34
2769.5, -31, -34
2769.6, -31, -34
2769.7, -32, -34
2769.8, -32, -34
2769.9, -32, -34
2770, -32, -34
2770.1, -32, -34
2770.2, -32, -34
2770.3, -32, -34
2770.4, -32, -34
2770.5, -32, -34
2770.6, -32, -34
2770.7, -32, -34
2770.8, -32, -34
2770.9, -32, -34
2771, -32, -34
2771.1, -32, -34
2771.2, -32, -34
2771.3, -32, -34
2771.4, -32, -34
2771.5, -32, -34
2771.6, -32, -34
2771.7, -31, -34
2771.8, -31, -34
2771.9, -31, -34
2772, -31, -34
2772.1, -32, -34
2772.2, -32, -34
2772.3, -32, -34
2772.4, -32, -34
2772.5, -32, -34
2772.6, -32, -34
2772.7, -32, -34
2772.8, -32, -34
2772.9, -32, -34
2773, -32, -34
2773.1, -32, -34
2773.2, -32, -34
2773.3, -32, -34
2773.4, -32, -34
2773.5, -32, -34
2773.6, -32, -34
2773.7, -32, -34
2773.8, -32, -34
2773.9, -32, -34
2774, -32, -34
2774.1, -32, -34
2774.2, -32, -34
2774.3, -32, -34
2774.4, -32, -34
2774.5, -32, -34
2774.6, -32, -34
2774.7, -32, -34
2774.8, -32, -34
2774.9, -32, -34
2775, -32, -34
2775.1, -32, -34
2775.2, -32, -34
2775.3, -32, -34
2775.4, -32, -34
2775.5, -32, -33
2775.6, -32, -33
2775.7, -32, -33
2775.8, -32, -33
2775.9, -32, -33
2776, -32, -33
2776.1, -32, -33
2776.2, -32, -33
2776.3, -32, -33
2776.4, -32, -33
2776.5, -32, -33
2776.6, -32, -33
2776.7, -32, -33
2776.8, -32, -33
2776.9, -32, -33
2777, -32, -33
2777.1, -32, -33
2777.2, -32, -33
2777.3, -32, -33
2777.4, -32, -33
2777.5, -32, -33
2777.6, -32, -33
2777.7, -32, -33
2777.8, -32, -33
2777.9, -32, -32
2778, -32, -32
2778.1, -32, -32
2778.2, -32, -32
2778.3, -32, -32
2778.4, -32, -32
2778.5, -32, -32
2778.6, -32, -32
2778.7, -32, -32
2778.8, -32, -32
2778.9, -32, -32
2779, -32, -32
2779.1, -32, -32
2779.2, -32, -32
2779.3, -32, -32
2779.4, -32, -32
2779.5, -32, -32
2779.6, -32, -32
2779.7, -32, -32
2779.8, -32, -32
2779.9, -32, -32
2780, -32, -32
2780.1, -31, -32
2780.2, -31, -32
2780.3, -31, -32
2780.4, -31, -32
2780.5, -31, -31
2780.6, -31, -31
2780.7, -31, -31
2780.8, -31, -31
2780.9, -31, -31
2781, -31, -31
2781.1, -31, -31
2781.2, -31, -31
2781.3, -31, -31
2781.4, -31, -31
2781.5, -31, -31
2781.6, -31, -31
2781.7, -31, -31
2781.8, -31, -31
2781.9, -31, -31
2782, -31, -31
2782.1, -31, -31
2782.2, -31, -31
2782.3, -31, -31
2782.4, -31, -31
2782.5, -31, -31
2782.6, -31, -31
2782.7, -31, -31
2782.8, -31, -31
2782.9, -31, -31
2783, -31, -31
2783.1, -31, -31
2783.2, -31, -31
2783.3, -31, -31
2783.4, -31, -31
2783.5, -31, -31
2783.6, -31, -31
2783.7, -31, -31
2783.8, -31, -31
2783.9, -31, -31
2784, -31, -31
2784.1, -31, -31
2784.2, -31, -31
2784.3, -31, -31
2784.4, -31, -31
2784.5, -31, -31
2784.6, -31, -31
2784.7, -31, -30
2784.8, -31, -30
2784.9, -31, -30
2785, -31, -30
2785.1, -31, -30
2785.2, -31, -30
2785.3, -31, -30
2785.4, -31, -30
2785.5, -31, -30
2785.6, -31, -30
2785.7, -31, -30
2785.8, -31, -30
2785.9, -31, -30
2786, -31, -30
2786.1, -31, -30
2786.2, -31, -30
2786.3, -31, -30
2786.4, -31, -30
2786.5, -31, -30
2786.6, -31, -30
2786.7, -31, -30
2786.8, -31, -30
2786.9, -31, -30
2787, -31, -30
2787.1, -31, -30
2787.2, -31, -30
2787.3, -31, -30
2787.4, -31, -30
2787.5, -31, -30
2787.6, -31, -30
2787.7, -31, -30
2787.8, -31, -30
2787.9, -31, -30
2788, -31, -30
2788.1, -31, -30
2788.2, -31, -30
2788.3, -31, -30
2788.4, -31, -30
2788.5, -31, -30
2788.6, -31, -30
2788.7, -31, -30
2788.8, -31, -30
2788.9, -31, -30
2789, -31, -30
2789.1, -31, -30
2789.2, -31, -30
2789.3, -31, -30
2789.4, -31, -30
2789.5, -31, -30
2789.6, -31, -30
2789.7, -31, -30
2789.8, -31, -30
2789.9, -31, -30
2790, -31, -30
2790.1, -31, -30
2790.2, -31, -30
2790.3, -31, -30
2790.4, -31, -30
2790.5, -31, -30
2790.6, -31, -30
2790.7, -31, -31
2790.8, -31, -31
2790.9, -31, -31
2791, -31, -31
2791.1, -31, -31
2791.2, -31, -31
2791.3, -31, -31
2791.4, -31, -31
2791.5, -31, -31
2791.6, -31, -31
2791.7, -31, -31
2791.8, -31, -31
2791.9, -31, -31
2792, -31, -31
2792.1, -31, -31
2792.2, -31, -31
2792.3, -31, -31
2792.4, -31, -31
2792.5, -31, -31
2792.6, -31, -31
2792.7, -31, -31
2792.8, -31, -31
2792.9, -31, -31
2793, -31, -31
2793.1, -30, -31
2793.2, -30, -31
2793.3, -30, -31
2793.4, -30, -31
2793.5, -30, -31
2793.6, -30, -31
2793.7, -30, -31
2793.8, -30, -31
2793.9, -30, -31
2794, -30, -31
2794.1, -30, -31
2794.2, -30, -31
2794.3, -30, -30
2794.4, -30, -30
2794.5, -30, -30
2794.6, -30, -30
2794.7, -30, -30
2794.8, -30, -30
2794.9, -30, -30
2795, -30, -30
2795.1, -30, -30
2795.2, -30, -30
2795.3, -30, -30
2795.4, -30, -30
2795.5, -30, -30
2795.6, -30, -30
2795.7, -30, -30
2795.8, -30, -30
2795.9, -30, -30
2796, -30, -30
2796.1, -30, -30
2796.2, -30, -30
2796.3, -30, -30
2796.4, -30, -30
2796.5, -31, -30
2796.6, -31, -30
2796.7, -31, -31
2796.8, -31, -31
2796.9, -31, -31
2797, -31, -31
2797.1, -31, -31
2797.2, -31, -31
2797.3, -31, -31
2797.4, -31, -31
2797.5, -31, -31
2797.6, -31, -31
2797.7, -31, -31
2797.8, -31, -31
2797.9, -31, -31
2798, -31, -31
2798.1, -32, -31
2798.2, -32, -31
2798.3, -32, -31
2798.4, -32, -31
2798.5, -32, -31
2798.6, -32, -31
2798.7, -32, -31
2798.8, -32, -31
2798.9, -32, -31
2799, -32, -31
2799.1, -32, -31
2799.2, -32, -31
2799.3, -32, -31
2799.4, -32, -31
2799.5, -32, -31
2799.6, -32, -31
2799.7, -32, -31
2799.8, -32, -31
2799.9, -32, -30
2800, -32, -30
2800.1, -32, -30
2800.2, -32, -30
2800.3, -32, -30
2800.4, -32, -30
2800.5, -32, -30
2800.6, -32, -30
2800.7, -32, -30
2800.8, -32, -30
2800.9, -32, -30
2801, -32, -30
2801.1, -32, -30
2801.2, -32, -30
2801.3, -32, -30
2801.4, -32, -30
2801.5, -32, -30
2801.6, -32, -30
2801.7, -32, -30
2801.8, -32, -30
2801.9, -32, -30
2802, -32, -30
2802.1, -32, -30
2802.2, -32, -30
2802.3, -32, -30
2802.4, -32, -30
2802.5, -32, -30
2802.6, -32, -30
2802.7, -32, -30
2802.8, -32, -30
2802.9, -32, -30
2803, -32, -30
2803.1, -32, -30
2803.2, -32, -30
2803.3, -32, -30
2803.4, -32, -30
2803.5, -32, -30
2803.6, -32, -30
2803.7, -32, -30
2803.8, -32, -30
2803.9, -32, -30
2804, -32, -30
2804.1, -32, -30
2804.2, -32, -30
2804.3, -32, -30
2804.4, -32, -30
2804.5, -32, -30
2804.6, -32, -30
2804.7, -32, -30
2804.8, -32, -30
2804.9, -32, -30
2805, -32, -30
2805.1, -32, -30
2805.2, -32, -30
2805.3, -32, -30
2805.4, -32, -30
2805.5, -32, -30
2805.6, -32, -30
2805.7, -32, -30
2805.8, -32, -30
2805.9, -32, -30
2806, -32, -30
2806.1, -32, -30
2806.2, -32, -30
2806.3, -32, -30
2806.4, -32, -30
2806.5, -32, -30
2806.6, -32, -30
2806.7, -32, -30
2806.8, -32, -30
2806.9, -32, -30
2807, -32, -30
2807.1, -32, -30
2807.2, -32, -30
2807.3, -32, -30
2807.4, -32, -30
2807.5, -32, -30
2807.6, -32, -30
2807.7, -32, -30
2807.8, -32, -30
2807.9, -32, -30
2808, -32, -30
2808.1, -32, -30
2808.2, -32, -30
2808.3, -32, -30
2808.4, -32, -30
2808.5, -32, -30
2808.6, -32, -30
2808.7, -32, -30
2808.8, -32, -30
2808.9, -32, -30
2809, -32, -30
2809.1, -32, -30
2809.2, -32, -30
2809.3, -32, -30
2809.4, -32, -30
2809.5, -32, -30
2809.6, -32, -30
2809.7, -32, -30
2809.8, -32, -30
2809.9, -32, -30
2810, -32, -30
2810.1, -32, -30
2810.2, -32, -30
2810.3, -32, -30
2810.4, -32, -30
2810.5, -32, -30
2810.6, -32, -30
2810.7, -32, -30
2810.8, -32, -30
2810.9, -32, -30
2811, -32, -30
2811.1, -32, -30
2811.2, -32, -30
2811.3, -32, -30
2811.4, -32, -30
2811.5, -32, -30
2811.6, -32, -30
2811.7, -32, -30
2811.8, -32, -30
2811.9, -32, -30
2812, -32, -30
2812.1, -32, -30
2812.2, -32, -30
2812.3, -32, -30
2812.4, -32, -30
2812.5, -32, -30
2812.6, -32, -30
2812.7, -32, -30
2812.8, -32, -30
2812.9, -32, -30
2813, -32, -30
2813.1, -32, -30
2813.2, -32, -30
2813.3, -32, -30
2813.4, -32, -30
2813.5, -32, -30
2813.6, -32, -30
2813.7, -32, -30
2813.8, -32, -30
2813.9, -32, -30
2814, -32, -30
2814.1, -32, -30
2814.2, -32, -30
2814.3, -32, -30
2814.4, -32, -30
2814.5, -32, -30
2814.6, -32, -30
2814.7, -33, -30
2814.8, -33, -30
2814.9, -33, -30
2815, -33, -30
2815.1, -33, -30
2815.2, -33, -30
2815.3, -33, -30
2815.4, -33, -30
2815.5, -33, -30
2815.6, -33, -30
2815.7, -33, -30
2815.8, -33, -30
2815.9, -33, -30
2816, -33, -30
2816.1, -34, -30
2816.2, -34, -30
2816.3, -34, -30
2816.4, -34, -30
2816.5, -33, -30
2816.6, -33, -30
2816.7, -33, -30
2816.8, -33, -30
2816.9, -33, -30
2817, -33, -30
2817.1, -33, -30
2817.2, -33, -30
2817.3, -33, -30
2817.4, -33, -30
2817.5, -33, -30
2817.6, -33, -30
2817.7, -33, -30
2817.8, -33, -30
2817.9, -33, -30
2818, -33, -30
2818.1, -33, -30
2818.2, -33, -30
2818.3, -33, -30
2818.4, -33, -30
2818.5, -33, -30
2818.6, -33, -30
2818.7, -32, -30
2818.8, -32, -30
2818.9, -32, -30
2819, -32, -30
2819.1, -32, -30
2819.2, -32, -30
2819.3, -32, -30
2819.4, -32, -30
2819.5, -32, -30
2819.6, -32, -30
2819.7, -32, -30
2819.8, -32, -30
2819.9, -32, -30
2820, -32, -30
2820.1, -32, -30
2820.2, -32, -30
2820.3, -32, -30
2820.4, -32, -30
2820.5, -32, -30
2820.6, -32, -30
2820.7, -32, -30
2820.8, -32, -30
2820.9, -32, -30
2821, -32, -30
2821.1, -32, -30
2821.2, -32, -30
2821.3, -32, -30
2821.4, -32, -30
2821.5, -32, -30
2821.6, -32, -30
2821.7, -32, -30
2821.8, -32, -30
2821.9, -32, -30
2822, -32, -30
2822.1, -32, -30
2822.2, -32, -30
2822.3, -32, -30
2822.4, -32, -30
2822.5, -32, -30
2822.6, -32, -30
2822.7, -32, -30
2822.8, -32, -30
2822.9, -32, -30
2823, -32, -30
2823.1, -32, -30
2823.2, -32, -30
2823.3, -32, -30
2823.4, -32, -30
2823.5, -32, -30
2823.6, -32, -30
2823.7, -32, -30
2823.8, -32, -30
2823.9, -32, -30
2824, -32, -30
2824.1, -32, -30
2824.2, -32, -30
2824.3, -32, -30
2824.4, -32, -30
2824.5, -32, -30
2824.6, -32, -30
2824.7, -32, -30
2824.8, -32, -30
2824.9, -32, -30
2825, -32, -30
2825.1, -32, -30
2825.2, -32, -30
2825.3, -32, -30
2825.4, -32, -30
2825.5, -32, -29
2825.6, -32, -29
2825.7, -33, -29
2825.8, -33, -29
2825.9, -33, -29
2826, -33, -29
2826.1, -33, -29
2826.2, -33, -29
2826.3, -33, -29
2826.4, -33, -29
2826.5, -33, -30
2826.6, -33, -30
2826.7, -33, -31
2826.8, -33, -31
2826.9, -33, -31
2827, -33, -31
2827.1, -33, -31
2827.2, -33, -31
2827.3, -33, -31
2827.4, -33, -31
2827.5, -33, -31
2827.6, -33, -31
2827.7, -33, -31
2827.8, -33, -31
2827.9, -33, -31
2828, -33, -31
2828.1, -33, -31
2828.2, -33, -31
2828.3, -33, -31
2828.4, -33, -31
2828.5, -33, -31
2828.6, -33, -31
2828.7, -33, -31
2828.8, -33, -31
2828.9, -33, -31
2829, -33, -31
2829.1, -33, -31
2829.2, -33, -31
2829.3, -33, -31
2829.4, -33, -31
2829.5, -33, -31
2829.6, -33, -31
2829.7, -33, -31
2829.8, -33, -31
2829.9, -33, -31
2830, -33, -31
2830.1, -33, -31
2830.2, -33, -31
2830.3, -33, -32
2830.4, -33, -32
2830.5, -33, -32
2830.6, -33, -32
2830.7, -33, -32
2830.8, -33, -32
2830.9, -33, -32
2831, -33, -32
2831.1, -33, -32
2831.2, -33, -32
2831.3, -33, -32
2831.4, -33, -32
2831.5, -33, -32
2831.6, -33, -32
2831.7, -33, -32
2831.8, -33, -32
2831.9, -33, -32
2832, -33, -32
2832.1, -34, -32
2832.2, -34, -32
2832.3, -34, -32
2832.4, -34, -32
2832.5, -34, -32
2832.6, -34, -32
2832.7, -34, -32
2832.8, -34, -32
2832.9, -34, -32
2833, -34, -32
2833.1, -34, -32
2833.2, -34, -32
2833.3, -34, -32
2833.4, -34, -32
2833.5, -34, -32
2833.6, -34, -32
2833.7, -34, -32
2833.8, -34, -32
2833.9, -34, -32
2834, -34, -32
2834.1, -34, -32
2834.2, -34, -32
2834.3, -34, -32
2834.4, -34, -32
2834.5, -35, -32
2834.6, -35, -32
2834.7, -35, -32
2834.8, -35, -32
2834.9, -34, -32
2835, -34, -32
2835.1, -34, -32
2835.2, -34, -32
2835.3, -34, -32
2835.4, -34, -32
2835.5, -34, -31
2835.6, -34, -31
2835.7, -34, -31
2835.8, -34, -31
2835.9, -34, -31
2836, -34, -31
2836.1, -33, -31
2836.2, -33, -31
2836.3, -33, -31
2836.4, -33, -31
2836.5, -33, -31
2836.6, -33, -31
2836.7, -32, -31
2836.8, -32, -31
2836.9, -32, -31
2837, -32, -31
2837.1, -32, -31
2837.2, -32, -31
2837.3, -32, -31
2837.4, -32, -31
2837.5, -32, -31
2837.6, -32, -31
2837.7, -32, -31
2837.8, -32, -31
2837.9, -32, -31
2838, -32, -31
2838.1, -32, -31
2838.2, -32, -31
2838.3, -32, -31
2838.4, -32, -31
2838.5, -32, -31
2838.6, -32, -31
2838.7, -32, -31
2838.8, -32, -31
2838.9, -32, -31
2839, -32, -31
2839.1, -32, -31
2839.2, -32, -31
2839.3, -33, -31
2839.4, -33, -31
2839.5, -33, -31
2839.6, -33, -31
2839.7, -33, -31
2839.8, -33, -31
2839.9, -33, -31
2840, -33, -31
2840.1, -33, -31
2840.2, -33, -31
2840.3, -33, -31
2840.4, -33, -31
2840.5, -33, -31
2840.6, -33, -31
2840.7, -33, -31
2840.8, -33, -31
2840.9, -33, -31
2841, -33, -31
2841.1, -33, -31
2841.2, -33, -31
2841.3, -33, -31
2841.4, -33, -31
2841.5, -33, -31
2841.6, -33, -31
2841.7, -34, -31
2841.8, -34, -31
2841.9, -34, -31
2842, -34, -31
2842.1, -34, -31
2842.2, -34, -31
2842.3, -34, -31
2842.4, -34, -31
2842.5, -34, -31
2842.6, -34, -31
2842.7, -34, -31
2842.8, -34, -31
2842.9, -35, -31
2843, -35, -31
2843.1, -35, -31
2843.2, -35, -31
2843.3, -35, -31
2843.4, -35, -31
2843.5, -35, -31
2843.6, -35, -31
2843.7, -35, -31
2843.8, -35, -31
2843.9, -35, -31
2844, -35, -31
2844.1, -35, -31
2844.2, -35, -31
2844.3, -35, -30
2844.4, -35, -30
2844.5, -35, -30
2844.6, -35, -30
2844.7, -35, -30
2844.8, -35, -30
2844.9, -35, -30
2845, -35, -30
2845.1, -35, -30
2845.2, -35, -30
2845.3, -35, -30
2845.4, -35, -30
2845.5, -35, -30
2845.6, -35, -30
2845.7, -35, -30
2845.8, -35, -30
2845.9, -35, -30
2846, -35, -30
2846.1, -36, -30
2846.2, -36, -30
2846.3, -36, -30
2846.4, -36, -30
2846.5, -36, -30
2846.6, -36, -30
2846.7, -36, -30
2846.8, -36, -30
2846.9, -36, -30
2847, -36, -30
2847.1, -36, -30
2847.2, -36, -30
2847.3, -36, -30
2847.4, -36, -30
2847.5, -36, -30
2847.6, -36, -30
2847.7, -37, -30
2847.8, -37, -30
2847.9, -37, -30
2848, -37, -30
2848.1, -37, -30
2848.2, -37, -30
2848.3, -37, -30
2848.4, -37, -30
2848.5, -37, -30
2848.6, -37, -30
2848.7, -37, -30
2848.8, -37, -30
2848.9, -38, -30
2849, -38, -30
2849.1, -38, -30
2849.2, -38, -30
2849.3, -38, -30
2849.4, -38, -30
2849.5, -38, -30
2849.6, -38, -30
2849.7, -38, -30
2849.8, -38, -30
2849.9, -38, -30
2850, -38, -30
2850.1, -38, -30
2850.2, -38, -30
2850.3, -38, -30
2850.4, -38, -30
2850.5, -38, -30
2850.6, -38, -30
2850.7, -38, -30
2850.8, -38, -30
2850.9, -38, -30
2851, -38, -30
2851.1, -38, -30
2851.2, -38, -30
2851.3, -38, -30
2851.4, -38, -30
2851.5, -38, -30
2851.6, -38, -30
2851.7, -38, -29
2851.8, -38, -29
2851.9, -38, -29
2852, -38, -29
2852.1, -38, -29
2852.2, -38, -29
2852.3, -38, -29
2852.4, -38, -29
2852.5, -38, -29
2852.6, -38, -29
2852.7, -38, -29
2852.8, -38, -29
2852.9, -38, -29
2853, -38, -29
2853.1, -38, -29
2853.2, -38, -29
2853.3, -38, -29
2853.4, -38, -29
2853.5, -38, -29
2853.6, -38, -29
2853.7, -38, -30
2853.8, -38, -30
2853.9, -38, -30
2854, -38, -30
2854.1, -38, -30
2854.2, -38, -30
2854.3, -38, -30
2854.4, -38, -30
2854.5, -38, -30
2854.6, -38, -30
2854.7, -38, -30
2854.8, -38, -30
2854.9, -38, -30
2855, -38, -30
2855.1, -38, -30
2855.2, -38, -30
2855.3, -38, -30
2855.4, -38, -30
2855.5, -38, -30
2855.6, -38, -30
2855.7, -38, -30
2855.8, -38, -30
2855.9, -38, -30
2856, -38, -30
2856.1, -38, -30
2856.2, -38, -30
2856.3, -38, -30
2856.4, -38, -30
2856.5, -38, -30
2856.6, -38, -30
2856.7, -38, -31
2856.8, -38, -31
2856.9, -38, -31
2857, -38, -31
2857.1, -38, -31
2857.2, -38, -31
2857.3, -38, -30
2857.4, -38, -30
2857.5, -38, -30
2857.6, -38, -30
2857.7, -38, -30
2857.8, -38, -30
2857.9, -38, -30
2858, -38, -30
2858.1, -38, -30
2858.2, -38, -30
2858.3, -38, -30
2858.4, -38, -30
2858.5, -38, -30
2858.6, -38, -30
2858.7, -38, -30
2858.8, -38, -30
2858.9, -38, -30
2859, -38, -30
2859.1, -38, -30
2859.2, -38, -30
2859.3, -38, -29
2859.4, -38, -29
2859.5, -38, -29
2859.6, -38, -29
2859.7, -38, -29
2859.8, -38, -29
2859.9, -38, -29
2860, -38, -29
2860.1, -38, -29
2860.2, -38, -29
2860.3, -38, -29
2860.4, -38, -29
2860.5, -38, -29
2860.6, -38, -29
2860.7, -38, -29
2860.8, -38, -29
2860.9, -38, -29
2861, -38, -29
2861.1, -38, -29
2861.2, -38, -29
2861.3, -38, -29
2861.4, -38, -29
2861.5, -38, -29
2861.6, -38, -29
2861.7, -38, -29
2861.8, -38, -29
2861.9, -38, -29
2862, -38, -29
2862.1, -38, -29
2862.2, -38, -29
2862.3, -39, -29
2862.4, -39, -29
2862.5, -39, -29
2862.6, -39, -29
2862.7, -39, -29
2862.8, -39, -29
2862.9, -39, -29
2863, -39, -29
2863.1, -39, -29
2863.2, -39, -29
2863.3, -39, -29
2863.4, -39, -29
2863.5, -39, -29
2863.6, -39, -29
2863.7, -39, -29
2863.8, -39, -29
2863.9, -39, -29
2864, -39, -29
2864.1, -39, -29
2864.2, -39, -29
2864.3, -39, -29
2864.4, -39, -29
2864.5, -39, -29
2864.6, -39, -29
2864.7, -39, -29
2864.8, -39, -29
2864.9, -39, -29
2865, -39, -29
2865.1, -39, -29
2865.2, -39, -29
2865.3, -39, -29
2865.4, -39, -29
2865.5, -39, -29
2865.6, -39, -29
2865.7, -39, -29
2865.8, -39, -29
2865.9, -39, -29
2866, -39, -29
2866.1, -39, -29
2866.2, -39, -29
2866.3, -39, -29
2866.4, -39, -29
2866.5, -39, -29
2866.6, -39, -29
2866.7, -39, -29
2866.8, -39, -29
2866.9, -39, -29
2867, -39, -29
2867.1, -39, -29
2867.2, -39, -29
2867.3, -39, -29
2867.4, -39, -29
2867.5, -39, -29
2867.6, -39, -29
2867.7, -38, -29
2867.8, -38, -29
2867.9, -38, -29
2868, -38, -29
2868.1, -38, -29
2868.2, -38, -29
2868.3, -38, -29
2868.4, -38, -29
2868.5, -38, -29
2868.6, -38, -29
2868.7, -38, -29
2868.8, -38, -29
2868.9, -38, -29
2869, -38, -29
2869.1, -38, -29
2869.2, -38, -29
2869.3, -38, -29
2869.4, -38, -29
2869.5, -38, -29
2869.6, -38, -29
2869.7, -38, -29
2869.8, -38, -29
2869.9, -38, -29
2870, -38, -29
2870.1, -38, -29
2870.2, -38, -29
2870.3, -38, -29
2870.4, -38, -29
2870.5, -38, -29
2870.6, -38, -29
2870.7, -38, -29
2870.8, -38, -29
2870.9, -38, -29
2871, -38, -29
2871.1, -38, -29
2871.2, -38, -29
2871.3, -38, -29
2871.4, -38, -29
2871.5, -38, -29
2871.6, -38, -29
2871.7, -38, -29
2871.8, -38, -29
2871.9, -38, -29
2872, -38, -29
2872.1, -38, -29
2872.2, -38, -29
2872.3, -38, -29
2872.4, -38, -29
2872.5, -38, -29
2872.6, -38, -29
2872.7, -38, -29
2872.8, -38, -29
2872.9, -38, -29
2873, -38, -29
2873.1, -38, -29
2873.2, -38, -29
2873.3, -38, -29
2873.4, -38, -29
2873.5, -38, -29
2873.6, -38, -29
2873.7, -38, -29
2873.8, -38, -29
2873.9, -38, -30
2874, -38, -30
2874.1, -38, -30
2874.2, -38, -30
2874.3, -38, -31
2874.4, -38, -31
2874.5, -38, -31
2874.6, -38, -31
2874.7, -38, -31
2874.8, -38, -31
2874.9, -38, -31
2875, -38, -31
2875.1, -38, -31
2875.2, -38, -31
2875.3, -38, -31
2875.4, -38, -31
2875.5, -38, -31
2875.6, -38, -31
2875.7, -38, -31
2875.8, -38, -31
2875.9, -38, -31
2876, -38, -31
2876.1, -39, -31
2876.2, -39, -31
2876.3, -39, -31
2876.4, -39, -31
2876.5, -39, -31
2876.6, -39, -31
2876.7, -39, -31
2876.8, -39, -31
2876.9, -39, -31
2877, -39, -31
2877.1, -39, -31
2877.2, -39, -31
2877.3, -39, -31
2877.4, -39, -31
2877.5, -39, -31
2877.6, -39, -31
2877.7, -39, -31
2877.8, -39, -31
2877.9, -39, -31
2878, -39, -31
2878.1, -39, -31
2878.2, -39, -31
2878.3, -39, -31
2878.4, -39, -31
2878.5, -39, -31
2878.6, -39, -31
2878.7, -39, -31
2878.8, -39, -31
2878.9, -39, -31
2879, -39, -31
2879.1, -39, -31
2879.2, -39, -31
2879.3, -39, -31
2879.4, -39, -31
2879.5, -39, -31
2879.6, -39, -31
2879.7, -39, -31
2879.8, -39, -31
2879.9, -39, -31
2880, -39, -31
2880.1, -39, -31
2880.2, -39, -31
2880.3, -39, -31
2880.4, -39, -31
2880.5, -39, -31
2880.6, -39, -31
2880.7, -39, -31
2880.8, -39, -31
2880.9, -39, -30
2881, -39, -30
2881.1, -39, -30
2881.2, -39, -30
2881.3, -39, -30
2881.4, -39, -30
2881.5, -38, -30
2881.6, -38, -30
2881.7, -38, -30
2881.8, -38, -30
2881.9, -38, -30
2882, -38, -30
2882.1, -38, -30
2882.2, -38, -30
2882.3, -38, -30
2882.4, -38, -30
2882.5, -38, -30
2882.6, -38, -30
2882.7, -38, -30
2882.8, -38, -30
2882.9, -38, -30
2883, -38, -30
2883.1, -38, -30
2883.2, -38, -30
2883.3, -38, -30
2883.4, -38, -30
2883.5, -38, -31
2883.6, -38, -31
2883.7, -38, -30
2883.8, -38, -30
2883.9, -38, -30
2884, -38, -30
2884.1, -38, -30
2884.2, -38, -30
2884.3, -38, -30
2884.4, -38, -30
2884.5, -38, -30
2884.6, -38, -30
2884.7, -38, -30
2884.8, -38, -30
2884.9, -38, -30
2885, -38, -30
2885.1, -38, -30
2885.2, -38, -30
2885.3, -38, -30
2885.4, -38, -30
2885.5, -38, -30
2885.6, -38, -30
2885.7, -37, -30
2885.8, -37, -30
2885.9, -37, -30
2886, -37, -30
2886.1, -37, -30
2886.2, -37, -30
2886.3, -37, -30
2886.4, -37, -30
2886.5, -37, -30
2886.6, -37, -30
2886.7, -37, -30
2886.8, -37, -30
2886.9, -37, -30
2887, -37, -30
2887.1, -37, -30
2887.2, -37, -30
2887.3, -37, -30
2887.4, -37, -30
2887.5, -37, -30
2887.6, -37, -30
2887.7, -37, -29
2887.8, -37, -29
2887.9, -37, -29
2888, -37, -29
2888.1, -37, -29
2888.2, -37, -29
2888.3, -36, -29
2888.4, -36, -29
2888.5, -36, -28
2888.6, -36, -28
2888.7, -37, -28
2888.8, -37, -28
2888.9, -37, -29
2889, -37, -29
2889.1, -37, -29
2889.2, -37, -29
2889.3, -37, -29
2889.4, -37, -29
2889.5, -37, -29
2889.6, -37, -29
2889.7, -37, -29
2889.8, -37, -29
2889.9, -37, -29
2890, -37, -29
2890.1, -37, -29
2890.2, -37, -29
2890.3, -37, -29
2890.4, -37, -29
2890.5, -37, -29
2890.6, -37, -29
2890.7, -37, -29
2890.8, -37, -29
2890.9, -37, -29
2891, -37, -29
2891.1, -37, -29
2891.2, -37, -29
2891.3, -37, -29
2891.4, -37, -29
2891.5, -37, -29
2891.6, -37, -29
2891.7, -37, -29
2891.8, -37, -29
2891.9, -37, -29
2892, -37, -29
2892.1, -37, -29
2892.2, -37, -29
2892.3, -37, -29
2892.4, -37, -29
2892.5, -37, -29
2892.6, -37, -29
2892.7, -37, -28
2892.8, -37, -28
2892.9, -37, -28
2893, -37, -28
2893.1, -36, -28
2893.2, -36, -28
2893.3, -36, -28
2893.4, -36, -28
2893.5, -36, -28
2893.6, -36, -28
2893.7, -36, -28
2893.8, -36, -28
2893.9, -36, -28
2894, -36, -28
2894.1, -36, -28
2894.2, -36, -28
2894.3, -36, -28
2894.4, -36, -28
2894.5, -36, -28
2894.6, -36, -28
2894.7, -36, -29
2894.8, -36, -29
2894.9, -36, -29
2895, -36, -29
2895.1, -36, -29
2895.2, -36, -29
2895.3, -36, -29
2895.4, -36, -29
2895.5, -36, -29
2895.6, -36, -29
2895.7, -36, -29
2895.8, -36, -29
2895.9, -36, -29
2896, -36, -29
2896.1, -36, -29
2896.2, -36, -29
2896.3, -36, -29
2896.4, -36, -29
2896.5, -36, -29
2896.6, -36, -29
2896.7, -36, -29
2896.8, -36, -29
2896.9, -36, -29
2897, -36, -29
2897.1, -36, -29
2897.2, -36, -29
2897.3, -36, -29
2897.4, -36, -29
2897.5, -36, -29
2897.6, -36, -29
2897.7, -36, -29
2897.8, -36, -29
2897.9, -36, -30
2898, -36, -30
2898.1, -36, -30
2898.2, -36, -30
2898.3, -36, -30
2898.4, -36, -30
2898.5, -36, -30
2898.6, -36, -30
2898.7, -36, -30
2898.8, -36, -30
2898.9, -36, -30
2899, -36, -30
2899.1, -36, -30
2899.2, -36, -30
2899.3, -36, -30
2899.4, -36, -30
2899.5, -36, -30
2899.6, -36, -30
2899.7, -36, -30
2899.8, -36, -30
2899.9, -36, -30
2900, -36, -30
2900.1, -36, -30
2900.2, -36, -30
2900.3, -36, -30
2900.4, -36, -30
2900.5, -36, -30
2900.6, -36, -30
2900.7, -36, -30
2900.8, -36, -30
2900.9, -36, -30
2901, -36, -30
2901.1, -36, -30
2901.2, -36, -30
2901.3, -36, -30
2901.4, -36, -30
2901.5, -36, -30
2901.6, -36, -30
2901.7, -36, -30
2901.8, -36, -30
2901.9, -36, -30
2902, -36, -30
2902.1, -36, -30
2902.2, -36, -30
2902.3, -36, -30
2902.4, -36, -30
2902.5, -36, -30
2902.6, -36, -30
2902.7, -36, -30
2902.8, -36, -30
2902.9, -36, -30
2903, -36, -30
2903.1, -36, -30
2903.2, -36, -30
2903.3, -36, -30
2903.4, -36, -30
2903.5, -36, -30
2903.6, -36, -30
2903.7, -36, -30
2903.8, -36, -30
2903.9, -36, -30
2904, -36, -30
2904.1, -37, -30
2904.2, -37, -30
2904.3, -37, -30
2904.4, -37, -30
2904.5, -37, -30
2904.6, -37, -30
2904.7, -37, -30
2904.8, -37, -30
2904.9, -37, -30
2905, -37, -30
2905.1, -37, -30
2905.2, -37, -30
2905.3, -37, -30
2905.4, -37, -30
2905.5, -37, -30
2905.6, -37, -30
2905.7, -37, -30
2905.8, -37, -30
2905.9, -37, -30
2906, -37, -30
2906.1, -37, -30
2906.2, -37, -30
2906.3, -37, -30
2906.4, -37, -30
2906.5, -37, -30
2906.6, -37, -30
2906.7, -37, -31
2906.8, -37, -31
2906.9, -37, -31
2907, -37, -31
2907.1, -37, -31
2907.2, -37, -31
2907.3, -37, -31
2907.4, -37, -31
2907.5, -37, -31
2907.6, -37, -31
2907.7, -37, -31
2907.8, -37, -31
2907.9, -37, -31
2908, -37, -31
2908.1, -37, -31
2908.2, -37, -31
2908.3, -37, -31
2908.4, -37, -31
2908.5, -37, -31
2908.6, -37, -31
2908.7, -37, -31
2908.8, -37, -31
2908.9, -37, -31
2909, -37, -31
2909.1, -37, -31
2909.2, -37, -31
2909.3, -37, -31
2909.4, -37, -31
2909.5, -37, -31
2909.6, -37, -31
2909.7, -36, -31
2909.8, -36, -31
2909.9, -36, -31
2910, -36, -31
2910.1, -36, -31
2910.2, -36, -31
2910.3, -36, -31
2910.4, -36, -31
2910.5, -36, -31
2910.6, -36, -31
2910.7, -36, -31
2910.8, -36, -31
2910.9, -36, -31
2911, -36, -31
2911.1, -36, -31
2911.2, -36, -31
2911.3, -36, -31
2911.4, -36, -31
2911.5, -36, -31
2911.6, -36, -31
2911.7, -36, -31
2911.8, -36, -31
2911.9, -36, -31
2912, -36, -31
2912.1, -36, -31
2912.2, -36, -31
2912.3, -36, -31
2912.4, -36, -31
2912.5, -35, -31
2912.6, -35, -31
2912.7, -35, -31
2912.8, -35, -31
2912.9, -35, -31
2913, -35, -31
2913.1, -35, -31
2913.2, -35, -31
2913.3, -35, -31
2913.4, -35, -31
2913.5, -35, -31
2913.6, -35, -31
2913.7, -35, -31
2913.8, -35, -31
2913.9, -35, -31
2914, -35, -31
2914.1, -35, -32
2914.2, -35, -32
2914.3, -35, -32
2914.4, -35, -32
2914.5, -35, -32
2914.6, -35, -32
2914.7, -35, -32
2914.8, -35, -32
2914.9, -35, -32
2915, -35, -32
2915.1, -35, -32
2915.2, -35, -32
2915.3, -35, -32
2915.4, -35, -32
2915.5, -35, -32
2915.6, -35, -32
2915.7, -34, -32
2915.8, -34, -32
2915.9, -34, -32
2916, -34, -32
2916.1, -34, -32
2916.2, -34, -32
2916.3, -34, -32
2916.4, -34, -32
2916.5, -34, -32
2916.6, -34, -32
2916.7, -34, -32
2916.8, -34, -32
2916.9, -34, -32
2917, -34, -32
2917.1, -34, -32
2917.2, -34, -32
2917.3, -34, -32
2917.4, -34, -32
2917.5, -34, -32
2917.6, -34, -32
2917.7, -34, -32
2917.8, -34, -32
2917.9, -34, -32
2918, -34, -32
2918.1, -34, -32
2918.2, -34, -32
2918.3, -34, -32
2918.4, -34, -32
2918.5, -33, -32
2918.6, -33, -32
2918.7, -33, -32
2918.8, -33, -32
2918.9, -33, -32
2919, -33, -32
2919.1, -33, -32
2919.2, -33, -32
2919.3, -33, -32
2919.4, -33, -32
2919.5, -33, -32
2919.6, -33, -32
2919.7, -33, -32
2919.8, -33, -32
2919.9, -33, -32
2920, -33, -32
2920.1, -33, -32
2920.2, -33, -32
2920.3, -33, -32
2920.4, -33, -32
2920.5, -32, -32
2920.6, -32, -32
2920.7, -32, -32
2920.8, -32, -32
2920.9, -32, -32
2921, -32, -32
2921.1, -32, -32
2921.2, -32, -32
2921.3, -32, -32
2921.4, -32, -32
2921.5, -32, -32
2921.6, -32, -32
2921.7, -32, -32
2921.8, -32, -32
2921.9, -32, -32
2922, -32, -32
2922.1, -32, -32
2922.2, -32, -32
2922.3, -32, -32
2922.4, -32, -32
2922.5, -32, -32
2922.6, -32, -32
2922.7, -32, -32
2922.8, -32, -32
2922.9, -32, -32
2923, -32, -32
2923.1, -32, -32
2923.2, -32, -32
2923.3, -32, -32
2923.4, -32, -32
2923.5, -32, -32
2923.6, -32, -32
2923.7, -32, -32
2923.8, -32, -32
2923.9, -32, -32
2924, -32, -32
2924.1, -32, -32
2924.2, -32, -32
2924.3, -32, -32
2924.4, -32, -32
2924.5, -32, -32
2924.6, -32, -32
2924.7, -32, -32
2924.8, -32, -32
2924.9, -32, -32
2925, -32, -32
2925.1, -32, -32
2925.2, -32, -32
2925.3, -32, -32
2925.4, -32, -32
2925.5, -32, -32
2925.6, -32, -32
2925.7, -32, -32
2925.8, -32, -32
2925.9, -32, -32
2926, -32, -32
2926.1, -32, -32
2926.2, -32, -32
2926.3, -32, -32
2926.4, -32, -32
2926.5, -32, -32
2926.6, -32, -32
2926.7, -31, -32
2926.8, -31, -32
2926.9, -31, -32
2927, -31, -32
2927.1, -31, -32
2927.2, -31, -32
2927.3, -31, -32
2927.4, -31, -32
2927.5, -31, -32
2927.6, -31, -32
2927.7, -31, -32
2927.8, -31, -32
2927.9, -31, -32
2928, -31, -32
2928.1, -31, -32
2928.2, -31, -32
2928.3, -31, -32
2928.4, -31, -32
2928.5, -31, -32
2928.6, -31, -32
2928.7, -31, -32
2928.8, -31, -32
2928.9, -31, -32
2929, -31, -32
2929.1, -31, -32
2929.2, -31, -32
2929.3, -31, -32
2929.4, -31, -32
2929.5, -31, -32
2929.6, -31, -32
2929.7, -31, -32
2929.8, -31, -32
2929.9, -31, -32
2930, -31, -32
2930.1, -31, -32
2930.2, -31, -32
2930.3, -31, -32
2930.4, -31, -32
2930.5, -31, -32
2930.6, -31, -32
2930.7, -31, -32
2930.8, -31, -32
2930.9, -31, -33
2931, -31, -33
2931.1, -31, -33
2931.2, -31, -33
2931.3, -31, -33
2931.4, -31, -33
2931.5, -31, -32
2931.6, -31, -32
2931.7, -31, -32
2931.8, -31, -32
2931.9, -31, -32
2932, -31, -32
2932.1, -31, -32
2932.2, -31, -32
2932.3, -31, -32
2932.4, -31, -32
2932.5, -31, -32
2932.6, -31, -32
2932.7, -31, -32
2932.8, -31, -32
2932.9, -31, -32
2933, -31, -32
2933.1, -31, -32
2933.2, -31, -32
2933.3, -31, -32
2933.4, -31, -32
2933.5, -31, -32
2933.6, -31, -32
2933.7, -31, -32
2933.8, -31, -32
2933.9, -31, -32
2934, -31, -32
2934.1, -31, -32
2934.2, -31, -32
2934.3, -31, -32
2934.4, -31, -32
2934.5, -31, -32
2934.6, -31, -32
2934.7, -31, -32
2934.8, -31, -32
2934.9, -32, -32
2935, -32, -32
2935.1, -32, -32
2935.2, -32, -32
2935.3, -32, -32
2935.4, -32, -32
2935.5, -32, -32
2935.6, -32, -32
2935.7, -32, -32
2935.8, -32, -32
2935.9, -32, -32
2936, -32, -32
2936.1, -32, -32
2936.2, -32, -32
2936.3, -32, -32
2936.4, -32, -32
2936.5, -32, -32
2936.6, -32, -32
2936.7, -32, -32
2936.8, -32, -32
2936.9, -32, -32
2937, -32, -32
2937.1, -32, -32
2937.2, -32, -32
2937.3, -32, -32
2937.4, -32, -32
2937.5, -32, -32
2937.6, -32, -32
2937.7, -32, -32
2937.8, -32, -32
2937.9, -32, -32
2938, -32, -32
2938.1, -32, -32
2938.2, -32, -32
2938.3, -32, -32
2938.4, -32, -32
2938.5, -32, -32
2938.6, -32, -32
2938.7, -32, -32
2938.8, -32, -32
2938.9, -32, -32
2939, -32, -32
2939.1, -32, -32
2939.2, -32, -32
2939.3, -32, -32
2939.4, -32, -32
2939.5, -32, -32
2939.6, -32, -32
2939.7, -32, -32
2939.8, -32, -32
2939.9, -32, -32
2940, -32, -32
2940.1, -32, -32
2940.2, -32, -32
2940.3, -31, -32
2940.4, -31, -32
2940.5, -31, -32
2940.6, -31, -32
2940.7, -31, -32
2940.8, -31, -32
2940.9, -31, -32
2941, -31, -32
2941.1, -31, -32
2941.2, -31, -32
2941.3, -31, -32
2941.4, -31, -32
2941.5, -31, -32
2941.6, -31, -32
2941.7, -31, -32
2941.8, -31, -32
2941.9, -31, -32
2942, -31, -32
2942.1, -31, -32
2942.2, -31, -32
2942.3, -31, -32
2942.4, -31, -32
2942.5, -31, -32
2942.6, -31, -32
2942.7, -31, -32
2942.8, -31, -32
2942.9, -31, -32
2943, -31, -32
2943.1, -31, -32
2943.2, -31, -32
2943.3, -31, -32
2943.4, -31, -32
2943.5, -31, -32
2943.6, -31, -32
2943.7, -31, -32
2943.8, -31, -32
2943.9, -31, -32
2944, -31, -32
2944.1, -31, -32
2944.2, -31, -32
2944.3, -31, -32
2944.4, -31, -32
2944.5, -31, -32
2944.6, -31, -32
2944.7, -31, -32
2944.8, -31, -32
2944.9, -31, -32
2945, -31, -32
2945.1, -31, -32
2945.2, -31, -32
2945.3, -31, -32
2945.4, -31, -32
2945.5, -31, -32
2945.6, -31, -32
2945.7, -31, -32
2945.8, -31, -32
2945.9, -31, -32
2946, -31, -32
2946.1, -31, -32
2946.2, -31, -32
2946.3, -31, -32
2946.4, -31, -32
2946.5, -31, -32
2946.6, -31, -32
2946.7, -31, -32
2946.8, -31, -32
2946.9, -31, -32
2947, -31, -32
2947.1, -32, -32
2947.2, -32, -32
2947.3, -32, -32
2947.4, -32, -32
2947.5, -32, -33
2947.6, -32, -33
2947.7, -32, -33
2947.8, -32, -33
2947.9, -32, -33
2948, -32, -33
2948.1, -32, -33
2948.2, -32, -33
2948.3, -32, -34
2948.4, -32, -34
2948.5, -32, -34
2948.6, -32, -34
2948.7, -32, -34
2948.8, -32, -34
2948.9, -32, -34
2949, -32, -34
2949.1, -32, -34
2949.2, -32, -34
2949.3, -32, -34
2949.4, -32, -34
2949.5, -32, -34
2949.6, -32, -34
2949.7, -32, -34
2949.8, -32, -34
2949.9, -32, -34
2950, -32, -34
2950.1, -32, -34
2950.2, -32, -34
2950.3, -32, -35
2950.4, -32, -35
2950.5, -32, -35
2950.6, -32, -35
2950.7, -32, -35
2950.8, -32, -35
2950.9, -32, -35
2951, -32, -35
2951.1, -32, -35
2951.2, -32, -35
2951.3, -32, -35
2951.4, -32, -35
2951.5, -32, -35
2951.6, -32, -35
2951.7, -32, -35
2951.8, -32, -35
2951.9, -32, -35
2952, -32, -35
2952.1, -32, -35
2952.2, -32, -35
2952.3, -32, -36
2952.4, -32, -36
2952.5, -32, -36
2952.6, -32, -36
2952.7, -32, -36
2952.8, -32, -36
2952.9, -32, -36
2953, -32, -36
2953.1, -32, -36
2953.2, -32, -36
2953.3, -32, -36
2953.4, -32, -36
2953.5, -32, -36
2953.6, -32, -36
2953.7, -32, -36
2953.8, -32, -36
2953.9, -32, -36
2954, -32, -36
2954.1, -32, -36
2954.2, -32, -36
2954.3, -32, -36
2954.4, -32, -36
2954.5, -32, -36
2954.6, -32, -36
2954.7, -32, -36
2954.8, -32, -36
2954.9, -32, -36
2955, -32, -36
2955.1, -33, -36
2955.2, -33, -36
2955.3, -33, -36
2955.4, -33, -36
2955.5, -33, -36
2955.6, -33, -36
2955.7, -33, -36
2955.8, -33, -36
2955.9, -33, -36
2956, -33, -36
2956.1, -33, -36
2956.2, -33, -36
2956.3, -33, -36
2956.4, -33, -36
2956.5, -33, -36
2956.6, -33, -36
2956.7, -33, -36
2956.8, -33, -36
2956.9, -33, -36
2957, -33, -36
2957.1, -33, -36
2957.2, -33, -36
2957.3, -34, -36
2957.4, -34, -36
2957.5, -34, -36
2957.6, -34, -36
2957.7, -34, -36
2957.8, -34, -36
2957.9, -34, -36
2958, -34, -36
2958.1, -33, -36
2958.2, -33, -36
2958.3, -33, -36
2958.4, -33, -36
2958.5, -33, -36
2958.6, -33, -36
2958.7, -33, -36
2958.8, -33, -36
2958.9, -33, -36
2959, -33, -36
2959.1, -33, -36
2959.2, -33, -36
2959.3, -33, -36
2959.4, -33, -36
2959.5, -33, -36
2959.6, -33, -36
2959.7, -33, -36
2959.8, -33, -36
2959.9, -33, -36
2960, -33, -36
2960.1, -33, -36
2960.2, -33, -36
2960.3, -33, -36
2960.4, -33, -36
2960.5, -33, -36
2960.6, -33, -36
2960.7, -33, -36
2960.8, -33, -36
2960.9, -33, -36
2961, -33, -36
2961.1, -33, -36
2961.2, -33, -36
2961.3, -33, -36
2961.4, -33, -36
2961.5, -33, -36
2961.6, -33, -36
2961.7, -34, -36
2961.8, -34, -36
2961.9, -34, -36
2962, -34, -36
2962.1, -34, -36
2962.2, -34, -36
2962.3, -34, -36
2962.4, -34, -36
2962.5, -34, -36
2962.6, -34, -36
2962.7, -34, -36
2962.8, -34, -36
2962.9, -34, -36
2963, -34, -36
2963.1, -34, -36
2963.2, -34, -36
2963.3, -34, -36
2963.4, -34, -36
2963.5, -34, -36
2963.6, -34, -36
2963.7, -34, -36
2963.8, -34, -36
2963.9, -34, -36
2964, -34, -36
2964.1, -34, -36
2964.2, -34, -36
2964.3, -34, -36
2964.4, -34, -36
2964.5, -34, -36
2964.6, -34, -36
2964.7, -34, -36
2964.8, -34, -36
2964.9, -34, -36
2965, -34, -36
2965.1, -34, -36
2965.2, -34, -36
2965.3, -34, -36
2965.4, -34, -36
2965.5, -35, -36
2965.6, -35, -36
2965.7, -35, -36
2965.8, -35, -36
2965.9, -35, -36
2966, -35, -36
2966.1, -35, -36
2966.2, -35, -36
2966.3, -35, -36
2966.4, -35, -36
2966.5, -35, -36
2966.6, -35, -36
2966.7, -35, -36
2966.8, -35, -36
2966.9, -35, -36
2967, -35, -36
2967.1, -35, -36
2967.2, -35, -36
2967.3, -35, -36
2967.4, -35, -36
2967.5, -34, -36
2967.6, -34, -36
2967.7, -34, -36
2967.8, -34, -36
2967.9, -34, -36
2968, -34, -36
2968.1, -33, -36
2968.2, -33, -36
2968.3, -33, -36
2968.4, -33, -36
2968.5, -33, -37
2968.6, -33, -37
2968.7, -33, -37
2968.8, -33, -37
2968.9, -33, -37
2969, -33, -37
2969.1, -33, -37
2969.2, -33, -37
2969.3, -33, -37
2969.4, -33, -37
2969.5, -33, -37
2969.6, -33, -37
2969.7, -33, -37
2969.8, -33, -37
2969.9, -33, -37
2970, -33, -37
2970.1, -33, -37
2970.2, -33, -37
2970.3, -33, -37
2970.4, -33, -37
2970.5, -33, -36
2970.6, -33, -36
2970.7, -33, -36
2970.8, -33, -36
2970.9, -34, -36
2971, -34, -36
2971.1, -34, -36
2971.2, -34, -36
2971.3, -34, -36
2971.4, -34, -36
2971.5, -34, -36
2971.6, -34, -36
2971.7, -34, -36
2971.8, -34, -36
2971.9, -34, -36
2972, -34, -36
2972.1, -34, -36
2972.2, -34, -36
2972.3, -34, -36
2972.4, -34, -36
2972.5, -34, -36
2972.6, -34, -36
2972.7, -34, -36
2972.8, -34, -36
2972.9, -34, -36
2973, -34, -36
2973.1, -34, -36
2973.2, -34, -36
2973.3, -34, -36
2973.4, -34, -36
2973.5, -34, -36
2973.6, -34, -36
2973.7, -34, -36
2973.8, -34, -36
2973.9, -34, -36
2974, -34, -36
2974.1, -34, -36
2974.2, -34, -36
2974.3, -34, -36
2974.4, -34, -36
2974.5, -34, -36
2974.6, -34, -36
2974.7, -34, -36
2974.8, -34, -36
2974.9, -34, -36
2975, -34, -36
2975.1, -34, -36
2975.2, -34, -36
2975.3, -34, -36
2975.4, -34, -36
2975.5, -34, -36
2975.6, -34, -36
2975.7, -34, -36
2975.8, -34, -36
2975.9, -34, -36
2976, -34, -36
2976.1, -34, -36
2976.2, -34, -36
2976.3, -34, -36
2976.4, -34, -36
2976.5, -34, -36
2976.6, -34, -36
2976.7, -34, -36
2976.8, -34, -36
2976.9, -34, -35
2977, -34, -35
2977.1, -34, -35
2977.2, -34, -35
2977.3, -34, -35
2977.4, -34, -35
2977.5, -34, -36
2977.6, -34, -36
2977.7, -34, -36
2977.8, -34, -36
2977.9, -34, -36
2978, -34, -36
2978.1, -34, -36
2978.2, -34, -36
2978.3, -34, -36
2978.4, -34, -36
2978.5, -34, -36
2978.6, -34, -36
2978.7, -34, -36
2978.8, -34, -36
2978.9, -34, -36
2979, -34, -36
2979.1, -34, -36
2979.2, -34, -36
2979.3, -34, -36
2979.4, -34, -36
2979.5, -34, -36
2979.6, -34, -36
2979.7, -34, -36
2979.8, -34, -36
2979.9, -34, -36
2980, -34, -36
2980.1, -34, -36
2980.2, -34, -36
2980.3, -34, -36
2980.4, -34, -36
2980.5, -34, -36
2980.6, -34, -36
2980.7, -34, -36
2980.8, -34, -36
2980.9, -34, -36
2981, -34, -36
2981.1, -34, -36
2981.2, -34, -36
2981.3, -34, -36
2981.4, -34, -36
2981.5, -34, -37
2981.6, -34, -37
2981.7, -34, -37
2981.8, -34, -37
2981.9, -34, -37
2982, -34, -37
2982.1, -34, -37
2982.2, -34, -37
2982.3, -34, -37
2982.4, -34, -37
2982.5, -34, -37
2982.6, -34, -37
2982.7, -34, -37
2982.8, -34, -37
2982.9, -34, -37
2983, -34, -37
2983.1, -34, -37
2983.2, -34, -37
2983.3, -34, -37
2983.4, -34, -37
2983.5, -34, -37
2983.6, -34, -37
2983.7, -34, -37
2983.8, -34, -37
2983.9, -34, -37
2984, -34, -37
2984.1, -34, -37
2984.2, -34, -37
2984.3, -34, -37
2984.4, -34, -37
2984.5, -34, -37
2984.6, -34, -37
2984.7, -34, -37
2984.8, -34, -37
2984.9, -33, -37
2985, -33, -37
2985.1, -33, -38
2985.2, -33, -38
2985.3, -33, -38
2985.4, -33, -38
2985.5, -33, -38
2985.6, -33, -38
2985.7, -33, -38
2985.8, -33, -38
2985.9, -33, -38
2986, -33, -38
2986.1, -33, -38
2986.2, -33, -38
2986.3, -33, -38
2986.4, -33, -38
2986.5, -33, -38
2986.6, -33, -38
2986.7, -33, -38
2986.8, -33, -38
2986.9, -33, -38
2987, -33, -38
2987.1, -33, -38
2987.2, -33, -38
2987.3, -33, -38
2987.4, -33, -38
2987.5, -33, -38
2987.6, -33, -38
2987.7, -33, -38
2987.8, -33, -38
2987.9, -33, -38
2988, -33, -38
2988.1, -33, -38
2988.2, -33, -38
2988.3, -33, -38
2988.4, -33, -38
2988.5, -33, -38
2988.6, -33, -38
2988.7, -33, -38
2988.8, -33, -38
2988.9, -33, -38
2989, -33, -38
2989.1, -33, -38
2989.2, -33, -38
2989.3, -33, -38
2989.4, -33, -38
2989.5, -33, -38
2989.6, -33, -38
2989.7, -33, -38
2989.8, -33, -38
2989.9, -33, -38
2990, -33, -38
2990.1, -33, -38
2990.2, -33, -38
2990.3, -33, -38
2990.4, -33, -38
2990.5, -33, -38
2990.6, -33, -38
2990.7, -33, -38
2990.8, -33, -38
2990.9, -33, -38
2991, -33, -38
2991.1, -33, -38
2991.2, -33, -38
2991.3, -33, -38
2991.4, -33, -38
2991.5, -33, -38
2991.6, -33, -38
2991.7, -33, -38
2991.8, -33, -38
2991.9, -33, -38
2992, -33, -38
2992.1, -33, -38
2992.2, -33, -38
2992.3, -33, -38
2992.4, -33, -38
2992.5, -33, -38
2992.6, -33, -38
2992.7, -33, -38
2992.8, -33, -38
2992.9, -33, -38
2993, -33, -38
2993.1, -33, -38
2993.2, -33, -38
2993.3, -33, -38
2993.4, -33, -38
2993.5, -33, -38
2993.6, -33, -38
2993.7, -33, -38
2993.8, -33, -38
2993.9, -33, -38
2994, -33, -38
2994.1, -33, -38
2994.2, -33, -38
2994.3, -33, -38
2994.4, -33, -38
2994.5, -33, -38
2994.6, -33, -38
2994.7, -33, -38
2994.8, -33, -38
2994.9, -33, -38
2995, -33, -38
2995.1, -33, -38
2995.2, -33, -38
2995.3, -33, -38
2995.4, -33, -38
2995.5, -33, -38
2995.6, -33, -38
2995.7, -33, -38
2995.8, -33, -38
2995.9, -33, -38
2996, -33, -38
2996.1, -33, -38
2996.2, -33, -38
2996.3, -33, -38
2996.4, -33, -38
2996.5, -33, -38
2996.6, -33, -38
2996.7, -32, -38
2996.8, -32, -38
2996.9, -32, -38
2997, -32, -38
2997.1, -32, -38
2997.2, -32, -38
2997.3, -32, -38
2997.4, -32, -38
2997.5, -32, -38
2997.6, -32, -38
2997.7, -32, -38
2997.8, -32, -38
2997.9, -32, -38
2998, -32, -38
2998.1, -32, -38
2998.2, -32, -38
2998.3, -32, -38
2998.4, -32, -38
2998.5, -32, -38
2998.6, -32, -38
2998.7, -32, -38
2998.8, -32, -38
2998.9, -32, -38
2999, -32, -38
2999.1, -32, -38
2999.2, -32, -38
2999.3, -32, -38
2999.4, -32, -38
2999.5, -32, -38
2999.6, -32, -38
2999.7, -32, -38
2999.8, -32, -38
2999.9, -32, -38
3000, -32, -38
3000.1, -32, -38
3000.2, -32, -38
3000.3, -32, -38
3000.4, -32, -38
3000.5, -32, -38
3000.6, -32, -38
3000.7, -32, -38
3000.8, -32, -38
3000.9, -32, -38
3001, -32, -38
3001.1, -32, -38
3001.2, -32, -38
3001.3, -33, -38
3001.4, -33, -38
3001.5, -33, -38
3001.6, -33, -38
3001.7, -33, -38
3001.8, -33, -38
3001.9, -33, -38
3002, -33, -38
3002.1, -33, -38
3002.2, -33, -38
3002.3, -33, -38
3002.4, -33, -38
3002.5, -33, -38
3002.6, -33, -38
3002.7, -33, -38
3002.8, -33, -38
3002.9, -33, -38
3003, -33, -38
3003.1, -32, -38
3003.2, -32, -38
3003.3, -33, -38
3003.4, -33, -38
3003.5, -33, -38
3003.6, -33, -38
3003.7, -33, -38
3003.8, -33, -38
3003.9, -33, -38
3004, -33, -38
3004.1, -33, -38
3004.2, -33, -38
3004.3, -33, -38
3004.4, -33, -38
3004.5, -33, -38
3004.6, -33, -38
3004.7, -33, -38
3004.8, -33, -38
3004.9, -33, -38
3005, -33, -38
3005.1, -32, -38
3005.2, -32, -38
3005.3, -32, -38
3005.4, -32, -38
3005.5, -32, -38
3005.6, -32, -38
3005.7, -32, -38
3005.8, -32, -38
3005.9, -32, -38
3006, -32, -38
3006.1, -32, -38
3006.2, -32, -38
3006.3, -32, -38
3006.4, -32, -38
3006.5, -32, -38
3006.6, -32, -38
3006.7, -32, -38
3006.8, -32, -38
3006.9, -32, -38
3007, -32, -38
3007.1, -32, -38
3007.2, -32, -38
3007.3, -32, -38
3007.4, -32, -38
3007.5, -32, -38
3007.6, -32, -38
3007.7, -32, -38
3007.8, -32, -38
3007.9, -32, -38
3008, -32, -38
3008.1, -32, -38
3008.2, -32, -38
3008.3, -32, -38
3008.4, -32, -38
3008.5, -32, -37
3008.6, -32, -37
3008.7, -32, -37
3008.8, -32, -37
3008.9, -32, -37
3009, -32, -37
3009.1, -32, -37
3009.2, -32, -37
3009.3, -32, -37
3009.4, -32, -37
3009.5, -32, -37
3009.6, -32, -37
3009.7, -32, -37
3009.8, -32, -37
3009.9, -32, -37
3010, -32, -37
3010.1, -32, -37
3010.2, -32, -37
3010.3, -32, -37
3010.4, -32, -37
3010.5, -32, -37
3010.6, -32, -37
3010.7, -32, -37
3010.8, -32, -37
3010.9, -32, -37
3011, -32, -37
3011.1, -33, -37
3011.2, -33, -37
3011.3, -34, -37
3011.4, -34, -37
3011.5, -34, -37
3011.6, -34, -37
3011.7, -34, -37
3011.8, -34, -37
3011.9, -35, -37
3012, -35, -37
3012.1, -35, -37
3012.2, -35, -37
3012.3, -35, -37
3012.4, -35, -37
3012.5, -35, -37
3012.6, -35, -37
3012.7, -35, -37
3012.8, -35, -37
3012.9, -35, -37
3013, -35, -37
3013.1, -35, -37
3013.2, -35, -37
3013.3, -35, -37
3013.4, -35, -37
3013.5, -35, -37
3013.6, -35, -37
3013.7, -35, -37
3013.8, -35, -37
3013.9, -35, -37
3014, -35, -37
3014.1, -35, -37
3014.2, -35, -37
3014.3, -35, -37
3014.4, -35, -37
3014.5, -35, -37
3014.6, -35, -37
3014.7, -34, -37
3014.8, -34, -37
3014.9, -34, -36
3015, -34, -36
3015.1, -34, -36
3015.2, -34, -36
3015.3, -34, -36
3015.4, -34, -36
3015.5, -34, -36
3015.6, -34, -36
3015.7, -34, -35
3015.8, -34, -35
3015.9, -34, -35
3016, -34, -35
3016.1, -34, -35
3016.2, -34, -35
3016.3, -33, -35
3016.4, -33, -35
3016.5, -33, -35
3016.6, -33, -35
3016.7, -33, -35
3016.8, -33, -35
3016.9, -33, -36
3017, -33, -36
3017.1, -33, -36
3017.2, -33, -36
3017.3, -33, -36
3017.4, -33, -36
3017.5, -33, -36
3017.6, -33, -36
3017.7, -33, -36
3017.8, -33, -36
3017.9, -33, -36
3018, -33, -36
3018.1, -33, -36
3018.2, -33, -36
3018.3, -33, -36
3018.4, -33, -36
3018.5, -34, -36
3018.6, -34, -36
3018.7, -34, -36
3018.8, -34, -36
3018.9, -34, -36
3019, -34, -36
3019.1, -34, -36
3019.2, -34, -36
3019.3, -34, -36
3019.4, -34, -36
3019.5, -34, -36
3019.6, -34, -36
3019.7, -34, -36
3019.8, -34, -36
3019.9, -34, -36
3020, -34, -36
3020.1, -34, -36
3020.2, -34, -36
3020.3, -34, -36
3020.4, -34, -36
3020.5, -34, -36
3020.6, -34, -36
3020.7, -34, -36
3020.8, -34, -36
3020.9, -34, -36
3021, -34, -36
3021.1, -34, -36
3021.2, -34, -36
3021.3, -34, -36
3021.4, -34, -36
3021.5, -34, -36
3021.6, -34, -36
3021.7, -34, -36
3021.8, -34, -36
3021.9, -34, -36
3022, -34, -36
3022.1, -34, -36
3022.2, -34, -36
3022.3, -34, -36
3022.4, -34, -36
3022.5, -34, -36
3022.6, -34, -36
3022.7, -34, -36
3022.8, -34, -36
3022.9, -34, -36
3023, -34, -36
3023.1, -34, -36
3023.2, -34, -36
3023.3, -34, -36
3023.4, -34, -36
3023.5, -34, -36
3023.6, -34, -36
3023.7, -34, -36
3023.8, -34, -36
3023.9, -34, -36
3024, -34, -36
3024.1, -34, -36
3024.2, -34, -36
3024.3, -34, -36
3024.4, -34, -36
3024.5, -34, -36
3024.6, -34, -36
3024.7, -34, -36
3024.8, -34, -36
3024.9, -34, -36
3025, -34, -36
3025.1, -34, -36
3025.2, -34, -36
3025.3, -34, -36
3025.4, -34, -36
3025.5, -34, -36
3025.6, -34, -36
3025.7, -34, -36
3025.8, -34, -36
3025.9, -34, -36
3026, -34, -36
3026.1, -34, -35
3026.2, -34, -35
3026.3, -34, -35
3026.4, -34, -35
3026.5, -34, -35
3026.6, -34, -35
3026.7, -34, -35
3026.8, -34, -35
3026.9, -34, -35
3027, -34, -35
3027.1, -34, -35
3027.2, -34, -35
3027.3, -34, -35
3027.4, -34, -35
3027.5, -34, -35
3027.6, -34, -35
3027.7, -34, -35
3027.8, -34, -35
3027.9, -34, -35
3028, -34, -35
3028.1, -34, -35
3028.2, -34, -35
3028.3, -34, -35
3028.4, -34, -35
3028.5, -34, -35
3028.6, -34, -35
3028.7, -34, -35
3028.8, -34, -35
3028.9, -34, -35
3029, -34, -35
3029.1, -34, -35
3029.2, -34, -35
3029.3, -34, -35
3029.4, -34, -35
3029.5, -34, -35
3029.6, -34, -35
3029.7, -34, -35
3029.8, -34, -35
3029.9, -34, -35
3030, -34, -35
3030.1, -33, -35
3030.2, -33, -35
3030.3, -33, -35
3030.4, -33, -35
3030.5, -33, -35
3030.6, -33, -35
3030.7, -33, -34
3030.8, -33, -34
3030.9, -33, -34
3031, -33, -34
3031.1, -33, -34
3031.2, -33, -34
3031.3, -33, -34
3031.4, -33, -34
3031.5, -33, -34
3031.6, -33, -34
3031.7, -33, -34
3031.8, -33, -34
3031.9, -33, -34
3032, -33, -34
3032.1, -33, -34
3032.2, -33, -34
3032.3, -33, -34
3032.4, -33, -34
3032.5, -33, -34
3032.6, -33, -34
3032.7, -33, -34
3032.8, -33, -34
3032.9, -33, -34
3033, -33, -34
3033.1, -33, -34
3033.2, -33, -34
3033.3, -33, -34
3033.4, -33, -34
3033.5, -33, -35
3033.6, -33, -35
3033.7, -33, -35
3033.8, -33, -35
3033.9, -33, -35
3034, -33, -35
3034.1, -32, -35
3034.2, -32, -35
3034.3, -32, -35
3034.4, -32, -35
3034.5, -32, -35
3034.6, -32, -35
3034.7, -32, -35
3034.8, -32, -35
3034.9, -32, -35
3035, -32, -35
3035.1, -32, -35
3035.2, -32, -35
3035.3, -32, -35
3035.4, -32, -35
3035.5, -32, -35
3035.6, -32, -35
3035.7, -32, -35
3035.8, -32, -35
3035.9, -32, -35
3036, -32, -35
3036.1, -32, -35
3036.2, -32, -35
3036.3, -32, -35
3036.4, -32, -35
3036.5, -32, -35
3036.6, -32, -35
3036.7, -32, -35
3036.8, -32, -35
3036.9, -32, -36
3037, -32, -36
3037.1, -32, -36
3037.2, -32, -36
3037.3, -32, -36
3037.4, -32, -36
3037.5, -32, -36
3037.6, -32, -36
3037.7, -32, -36
3037.8, -32, -36
3037.9, -32, -35
3038, -32, -35
3038.1, -32, -36
3038.2, -32, -36
3038.3, -32, -36
3038.4, -32, -36
3038.5, -32, -36
3038.6, -32, -36
3038.7, -32, -36
3038.8, -32, -36
3038.9, -32, -36
3039, -32, -36
3039.1, -32, -36
3039.2, -32, -36
3039.3, -32, -36
3039.4, -32, -36
3039.5, -32, -36
3039.6, -32, -36
3039.7, -32, -36
3039.8, -32, -36
3039.9, -32, -36
3040, -32, -36
3040.1, -32, -36
3040.2, -32, -36
3040.3, -31, -36
3040.4, -31, -36
3040.5, -31, -36
3040.6, -31, -36
3040.7, -31, -36
3040.8, -31, -36
3040.9, -31, -36
3041, -31, -36
3041.1, -31, -36
3041.2, -31, -36
3041.3, -31, -36
3041.4, -31, -36
3041.5, -31, -36
3041.6, -31, -36
3041.7, -31, -36
3041.8, -31, -36
3041.9, -31, -36
3042, -31, -36
3042.1, -31, -36
3042.2, -31, -36
3042.3, -30, -36
3042.4, -30, -36
3042.5, -30, -36
3042.6, -30, -36
3042.7, -30, -36
3042.8, -30, -36
3042.9, -30, -36
3043, -30, -36
3043.1, -31, -36
3043.2, -31, -36
3043.3, -31, -36
3043.4, -31, -36
3043.5, -31, -36
3043.6, -31, -36
3043.7, -31, -35
3043.8, -31, -35
3043.9, -31, -35
3044, -31, -35
3044.1, -31, -35
3044.2, -31, -35
3044.3, -31, -35
3044.4, -31, -35
3044.5, -31, -35
3044.6, -31, -35
3044.7, -31, -35
3044.8, -31, -35
3044.9, -31, -35
3045, -31, -35
3045.1, -31, -35
3045.2, -31, -35
3045.3, -31, -35
3045.4, -31, -35
3045.5, -31, -35
3045.6, -31, -35
3045.7, -31, -35
3045.8, -31, -35
3045.9, -31, -35
3046, -31, -35
3046.1, -32, -35
3046.2, -32, -35
3046.3, -32, -35
3046.4, -32, -35
3046.5, -32, -35
3046.6, -32, -35
3046.7, -32, -35
3046.8, -32, -35
3046.9, -32, -35
3047, -32, -35
3047.1, -32, -35
3047.2, -32, -35
3047.3, -33, -35
3047.4, -33, -35
3047.5, -33, -35
3047.6, -33, -35
3047.7, -33, -35
3047.8, -33, -35
3047.9, -32, -35
3048, -32, -35
3048.1, -32, -35
3048.2, -32, -35
3048.3, -32, -35
3048.4, -32, -35
3048.5, -32, -35
3048.6, -32, -35
3048.7, -33, -35
3048.8, -33, -35
3048.9, -33, -35
3049, -33, -35
3049.1, -33, -35
3049.2, -33, -35
3049.3, -33, -35
3049.4, -33, -35
3049.5, -33, -35
3049.6, -33, -35
3049.7, -33, -35
3049.8, -33, -35
3049.9, -33, -35
3050, -33, -35
3050.1, -33, -35
3050.2, -33, -35
3050.3, -33, -35
3050.4, -33, -35
3050.5, -33, -35
3050.6, -33, -35
3050.7, -33, -34
3050.8, -33, -34
3050.9, -33, -34
3051, -33, -34
3051.1, -33, -34
3051.2, -33, -34
3051.3, -33, -34
3051.4, -33, -34
3051.5, -33, -34
3051.6, -33, -34
3051.7, -33, -35
3051.8, -33, -35
3051.9, -32, -35
3052, -32, -35
3052.1, -32, -35
3052.2, -32, -35
3052.3, -32, -35
3052.4, -32, -35
3052.5, -32, -35
3052.6, -32, -35
3052.7, -32, -35
3052.8, -32, -35
3052.9, -32, -35
3053, -32, -35
3053.1, -32, -35
3053.2, -32, -35
3053.3, -33, -35
3053.4, -33, -35
3053.5, -33, -35
3053.6, -33, -35
3053.7, -33, -35
3053.8, -33, -35
3053.9, -33, -35
3054, -33, -35
3054.1, -33, -35
3054.2, -33, -35
3054.3, -33, -35
3054.4, -33, -35
3054.5, -33, -35
3054.6, -33, -35
3054.7, -33, -35
3054.8, -33, -35
3054.9, -33, -35
3055, -33, -35
3055.1, -33, -35
3055.2, -33, -35
3055.3, -33, -35
3055.4, -33, -35
3055.5, -33, -35
3055.6, -33, -35
3055.7, -33, -35
3055.8, -33, -35
3055.9, -33, -34
3056, -33, -34
3056.1, -33, -34
3056.2, -33, -34
3056.3, -33, -34
3056.4, -33, -34
3056.5, -34, -34
3056.6, -34, -34
3056.7, -34, -34
3056.8, -34, -34
3056.9, -34, -34
3057, -34, -34
3057.1, -34, -34
3057.2, -34, -34
3057.3, -34, -34
3057.4, -34, -34
3057.5, -34, -34
3057.6, -34, -34
3057.7, -34, -34
3057.8, -34, -34
3057.9, -34, -34
3058, -34, -34
3058.1, -34, -34
3058.2, -34, -34
3058.3, -34, -34
3058.4, -34, -34
3058.5, -34, -34
3058.6, -34, -34
3058.7, -34, -34
3058.8, -34, -34
3058.9, -34, -34
3059, -34, -34
3059.1, -34, -35
3059.2, -34, -35
3059.3, -34, -35
3059.4, -34, -35
3059.5, -34, -35
3059.6, -34, -35
3059.7, -34, -35
3059.8, -34, -35
3059.9, -34, -35
3060, -34, -35
3060.1, -34, -35
3060.2, -34, -35
3060.3, -34, -35
3060.4, -34, -35
3060.5, -34, -35
3060.6, -34, -35
3060.7, -34, -35
3060.8, -34, -35
3060.9, -34, -35
3061, -34, -35
3061.1, -34, -35
3061.2, -34, -35
3061.3, -34, -35
3061.4, -34, -35
3061.5, -34, -35
3061.6, -34, -35
3061.7, -34, -35
3061.8, -34, -35
3061.9, -34, -35
3062, -34, -35
3062.1, -34, -35
3062.2, -34, -35
3062.3, -34, -35
3062.4, -34, -35
3062.5, -34, -35
3062.6, -34, -35
3062.7, -34, -35
3062.8, -34, -35
3062.9, -34, -34
3063, -34, -34
3063.1, -34, -34
3063.2, -34, -34
3063.3, -34, -34
3063.4, -34, -34
3063.5, -34, -34
3063.6, -34, -34
3063.7, -34, -34
3063.8, -34, -34
3063.9, -34, -34
3064, -34, -34
3064.1, -34, -34
3064.2, -34, -34
3064.3, -33, -34
3064.4, -33, -34
3064.5, -33, -34
3064.6, -33, -34
3064.7, -33, -34
3064.8, -33, -34
3064.9, -33, -34
3065, -33, -34
3065.1, -33, -34
3065.2, -33, -34
3065.3, -33, -34
3065.4, -33, -34
3065.5, -33, -34
3065.6, -33, -34
3065.7, -33, -34
3065.8, -33, -34
3065.9, -33, -34
3066, -33, -34
3066.1, -33, -34
3066.2, -33, -34
3066.3, -33, -34
3066.4, -33, -34
3066.5, -33, -34
3066.6, -33, -34
3066.7, -33, -34
3066.8, -33, -34
3066.9, -33, -34
3067, -33, -34
3067.1, -33, -34
3067.2, -33, -34
3067.3, -33, -34
3067.4, -33, -34
3067.5, -33, -34
3067.6, -33, -34
3067.7, -33, -34
3067.8, -33, -34
3067.9, -33, -34
3068, -33, -34
3068.1, -33, -34
3068.2, -33, -34
3068.3, -33, -34
3068.4, -33, -34
3068.5, -33, -34
3068.6, -33, -34
3068.7, -33, -34
3068.8, -33, -34
3068.9, -33, -34
3069, -33, -34
3069.1, -33, -34
3069.2, -33, -34
3069.3, -33, -34
3069.4, -33, -34
3069.5, -33, -34
3069.6, -33, -34
3069.7, -33, -34
3069.8, -33, -34
3069.9, -33, -34
3070, -33, -34
3070.1, -33, -34
3070.2, -33, -34
3070.3, -33, -33
3070.4, -33, -33
3070.5, -33, -33
3070.6, -33, -33
3070.7, -33, -33
3070.8, -33, -33
3070.9, -33, -33
3071, -33, -33
3071.1, -32, -33
3071.2, -32, -33
3071.3, -32, -33
3071.4, -32, -33
3071.5, -32, -33
3071.6, -32, -33
3071.7, -32, -33
3071.8, -32, -33
3071.9, -32, -33
3072, -32, -33
3072.1, -32, -33
3072.2, -32, -33
3072.3, -32, -33
3072.4, -32, -33
3072.5, -32, -33
3072.6, -32, -33
3072.7, -32, -33
3072.8, -32, -33
3072.9, -32, -33
3073, -32, -33
3073.1, -32, -33
3073.2, -32, -33
3073.3, -32, -33
3073.4, -32, -33
3073.5, -33, -33
3073.6, -33, -33
3073.7, -33, -33
3073.8, -33, -33
3073.9, -33, -34
3074, -33, -34
3074.1, -33, -34
3074.2, -33, -34
3074.3, -33, -34
3074.4, -33, -34
3074.5, -33, -34
3074.6, -33, -34
3074.7, -33, -34
3074.8, -33, -34
3074.9, -33, -34
3075, -33, -34
3075.1, -33, -34
3075.2, -33, -34
3075.3, -33, -34
3075.4, -33, -34
3075.5, -33, -34
3075.6, -33, -34
3075.7, -33, -34
3075.8, -33, -34
3075.9, -33, -34
3076, -33, -34
3076.1, -33, -34
3076.2, -33, -34
3076.3, -33, -34
3076.4, -33, -34
3076.5, -33, -34
3076.6, -33, -34
3076.7, -33, -34
3076.8, -33, -34
3076.9, -33, -34
3077, -33, -34
3077.1, -33, -34
3077.2, -33, -34
3077.3, -33, -34
3077.4, -33, -34
3077.5, -34, -34
3077.6, -34, -34
3077.7, -34, -34
3077.8, -34, -34
3077.9, -34, -34
3078, -34, -34
3078.1, -34, -34
3078.2, -34, -34
3078.3, -34, -34
3078.4, -34, -34
3078.5, -34, -34
3078.6, -34, -34
3078.7, -33, -34
3078.8, -33, -34
3078.9, -33, -34
3079, -33, -34
3079.1, -33, -34
3079.2, -33, -34
3079.3, -33, -34
3079.4, -33, -34
3079.5, -33, -34
3079.6, -33, -34
3079.7, -33, -34
3079.8, -33, -34
3079.9, -33, -34
3080, -33, -34
3080.1, -33, -34
3080.2, -33, -34
3080.3, -32, -34
3080.4, -32, -34
3080.5, -32, -34
3080.6, -32, -34
3080.7, -32, -34
3080.8, -32, -34
3080.9, -32, -35
3081, -32, -35
3081.1, -32, -35
3081.2, -32, -35
3081.3, -32, -35
3081.4, -32, -35
3081.5, -32, -35
3081.6, -32, -35
3081.7, -32, -35
3081.8, -32, -35
3081.9, -32, -35
3082, -32, -35
3082.1, -32, -35
3082.2, -32, -35
3082.3, -32, -35
3082.4, -32, -35
3082.5, -32, -35
3082.6, -32, -35
3082.7, -32, -35
3082.8, -32, -35
3082.9, -33, -35
3083, -33, -35
3083.1, -33, -35
3083.2, -33, -35
3083.3, -33, -35
3083.4, -33, -35
3083.5, -33, -35
3083.6, -33, -35
3083.7, -33, -35
3083.8, -33, -35
3083.9, -33, -35
3084, -33, -35
3084.1, -33, -35
3084.2, -33, -35
3084.3, -33, -35
3084.4, -33, -35
3084.5, -33, -35
3084.6, -33, -35
3084.7, -33, -34
3084.8, -33, -34
3084.9, -33, -34
3085, -33, -34
3085.1, -33, -34
3085.2, -33, -34
3085.3, -33, -34
3085.4, -33, -34
3085.5, -33, -34
3085.6, -33, -34
3085.7, -33, -34
3085.8, -33, -34
3085.9, -33, -34
3086, -33, -34
3086.1, -33, -34
3086.2, -33, -34
3086.3, -33, -34
3086.4, -33, -34
3086.5, -33, -34
3086.6, -33, -34
3086.7, -33, -34
3086.8, -33, -34
3086.9, -32, -34
3087, -32, -34
3087.1, -32, -34
3087.2, -32, -34
3087.3, -32, -34
3087.4, -32, -34
3087.5, -32, -35
3087.6, -32, -35
3087.7, -32, -35
3087.8, -32, -35
3087.9, -32, -35
3088, -32, -35
3088.1, -32, -35
3088.2, -32, -35
3088.3, -32, -35
3088.4, -32, -35
3088.5, -32, -35
3088.6, -32, -35
3088.7, -32, -35
3088.8, -32, -35
3088.9, -33, -35
3089, -33, -35
3089.1, -33, -35
3089.2, -33, -35
3089.3, -33, -35
3089.4, -33, -35
3089.5, -33, -35
3089.6, -33, -35
3089.7, -33, -35
3089.8, -33, -35
3089.9, -33, -35
3090, -33, -35
3090.1, -33, -35
3090.2, -33, -35
3090.3, -33, -35
3090.4, -33, -35
3090.5, -33, -35
3090.6, -33, -35
3090.7, -33, -35
3090.8, -33, -35
3090.9, -33, -35
3091, -33, -35
3091.1, -33, -35
3091.2, -33, -35
3091.3, -33, -35
3091.4, -33, -35
3091.5, -33, -35
3091.6, -33, -35
3091.7, -33, -35
3091.8, -33, -35
3091.9, -33, -35
3092, -33, -35
3092.1, -33, -35
3092.2, -33, -35
3092.3, -33, -35
3092.4, -33, -35
3092.5, -33, -35
3092.6, -33, -35
3092.7, -33, -35
3092.8, -33, -35
3092.9, -33, -35
3093, -33, -35
3093.1, -33, -35
3093.2, -33, -35
3093.3, -33, -35
3093.4, -33, -35
3093.5, -33, -35
3093.6, -33, -35
3093.7, -33, -35
3093.8, -33, -35
3093.9, -33, -35
3094, -33, -35
3094.1, -33, -35
3094.2, -33, -35
3094.3, -33, -35
3094.4, -33, -35
3094.5, -33, -35
3094.6, -33, -35
3094.7, -33, -35
3094.8, -33, -35
3094.9, -33, -35
3095, -33, -35
3095.1, -33, -35
3095.2, -33, -35
3095.3, -33, -34
3095.4, -33, -34
3095.5, -33, -34
3095.6, -33, -34
3095.7, -33, -34
3095.8, -33, -34
3095.9, -33, -34
3096, -33, -34
3096.1, -33, -34
3096.2, -33, -34
3096.3, -33, -34
3096.4, -33, -34
3096.5, -33, -34
3096.6, -33, -34
3096.7, -33, -33
3096.8, -33, -33
3096.9, -33, -33
3097, -33, -33
3097.1, -33, -33
3097.2, -33, -33
3097.3, -33, -33
3097.4, -33, -33
3097.5, -33, -33
3097.6, -33, -33
3097.7, -33, -33
3097.8, -33, -33
3097.9, -34, -33
3098, -34, -33
3098.1, -34, -33
3098.2, -34, -33
3098.3, -34, -33
3098.4, -34, -33
3098.5, -34, -33
3098.6, -34, -33
3098.7, -34, -33
3098.8, -34, -33
3098.9, -34, -32
3099, -34, -32
3099.1, -34, -33
3099.2, -34, -33
3099.3, -34, -33
3099.4, -34, -33
3099.5, -34, -33
3099.6, -34, -33
3099.7, -34, -33
3099.8, -34, -33
3099.9, -34, -33
3100, -34, -33
3100.1, -34, -33
3100.2, -34, -33
3100.3, -34, -33
3100.4, -34, -33
3100.5, -34, -33
3100.6, -34, -33
3100.7, -34, -33
3100.8, -34, -33
3100.9, -34, -33
3101, -34, -33
3101.1, -34, -33
3101.2, -34, -33
3101.3, -34, -33
3101.4, -34, -33
3101.5, -34, -33
3101.6, -34, -33
3101.7, -34, -33
3101.8, -34, -33
3101.9, -34, -33
3102, -34, -33
3102.1, -34, -33
3102.2, -34, -33
3102.3, -34, -33
3102.4, -34, -33
3102.5, -34, -33
3102.6, -34, -33
3102.7, -34, -33
3102.8, -34, -33
3102.9, -34, -33
3103, -34, -33
3103.1, -34, -33
3103.2, -34, -33
3103.3, -34, -33
3103.4, -34, -33
3103.5, -34, -33
3103.6, -34, -33
3103.7, -34, -33
3103.8, -34, -33
3103.9, -34, -33
3104, -34, -33
3104.1, -33, -33
3104.2, -33, -33
3104.3, -33, -33
3104.4, -33, -33
3104.5, -33, -33
3104.6, -33, -33
3104.7, -33, -32
3104.8, -33, -32
3104.9, -33, -32
3105, -33, -32
3105.1, -33, -32
3105.2, -33, -32
3105.3, -33, -32
3105.4, -33, -32
3105.5, -33, -32
3105.6, -33, -32
3105.7, -33, -32
3105.8, -33, -32
3105.9, -33, -32
3106, -33, -32
3106.1, -33, -32
3106.2, -33, -32
3106.3, -33, -32
3106.4, -33, -32
3106.5, -33, -32
3106.6, -33, -32
3106.7, -33, -32
3106.8, -33, -32
3106.9, -33, -32
3107, -33, -32
3107.1, -33, -32
3107.2, -33, -32
3107.3, -33, -32
3107.4, -33, -32
3107.5, -33, -32
3107.6, -33, -32
3107.7, -33, -32
3107.8, -33, -32
3107.9, -33, -32
3108, -33, -32
3108.1, -33, -32
3108.2, -33, -32
3108.3, -33, -32
3108.4, -33, -32
3108.5, -33, -32
3108.6, -33, -32
3108.7, -33, -32
3108.8, -33, -32
3108.9, -33, -32
3109, -33, -32
3109.1, -33, -32
3109.2, -33, -32
3109.3, -33, -32
3109.4, -33, -32
3109.5, -33, -32
3109.6, -33, -32
3109.7, -33, -31
3109.8, -33, -31
3109.9, -33, -31
3110, -33, -31
3110.1, -33, -31
3110.2, -33, -31
3110.3, -33, -31
3110.4, -33, -31
3110.5, -33, -31
3110.6, -33, -31
3110.7, -33, -31
3110.8, -33, -31
3110.9, -33, -31
3111, -33, -31
3111.1, -33, -31
3111.2, -33, -31
3111.3, -33, -31
3111.4, -33, -31
3111.5, -33, -31
3111.6, -33, -31
3111.7, -33, -31
3111.8, -33, -31
3111.9, -33, -31
3112, -33, -31
3112.1, -33, -31
3112.2, -33, -31
3112.3, -33, -31
3112.4, -33, -31
3112.5, -33, -31
3112.6, -33, -31
3112.7, -33, -31
3112.8, -33, -31
3112.9, -33, -31
3113, -33, -31
3113.1, -33, -31
3113.2, -33, -31
3113.3, -34, -31
3113.4, -34, -31
3113.5, -34, -31
3113.6, -34, -31
3113.7, -34, -31
3113.8, -34, -31
3113.9, -33, -31
3114, -33, -31
3114.1, -33, -31
3114.2, -33, -31
3114.3, -33, -31
3114.4, -33, -31
3114.5, -33, -31
3114.6, -33, -31
3114.7, -33, -31
3114.8, -33, -31
3114.9, -33, -31
3115, -33, -31
3115.1, -33, -31
3115.2, -33, -31
3115.3, -33, -31
3115.4, -33, -31
3115.5, -33, -31
3115.6, -33, -31
3115.7, -34, -31
3115.8, -34, -31
3115.9, -34, -30
3116, -34, -30
3116.1, -34, -30
3116.2, -34, -30
3116.3, -34, -30
3116.4, -34, -30
3116.5, -33, -30
3116.6, -33, -30
3116.7, -33, -30
3116.8, -33, -30
3116.9, -33, -30
3117, -33, -30
3117.1, -33, -30
3117.2, -33, -30
3117.3, -33, -30
3117.4, -33, -30
3117.5, -33, -30
3117.6, -33, -30
3117.7, -33, -30
3117.8, -33, -30
3117.9, -33, -30
3118, -33, -30
3118.1, -34, -30
3118.2, -34, -30
3118.3, -34, -30
3118.4, -34, -30
3118.5, -34, -30
3118.6, -34, -30
3118.7, -34, -30
3118.8, -34, -30
3118.9, -33, -30
3119, -33, -30
3119.1, -33, -30
3119.2, -33, -30
3119.3, -33, -30
3119.4, -33, -30
3119.5, -33, -30
3119.6, -33, -30
3119.7, -33, -30
3119.8, -33, -30
3119.9, -33, -30
3120, -33, -30
3120.1, -33, -30
3120.2, -33, -30
3120.3, -33, -30
3120.4, -33, -30
3120.5, -33, -30
3120.6, -33, -30
3120.7, -33, -30
3120.8, -33, -30
3120.9, -33, -30
3121, -33, -30
3121.1, -33, -30
3121.2, -33, -30
3121.3, -33, -30
3121.4, -33, -30
3121.5, -33, -30
3121.6, -33, -30
3121.7, -33, -30
3121.8, -33, -30
3121.9, -33, -30
3122, -33, -30
3122.1, -33, -30
3122.2, -33, -30
3122.3, -33, -30
3122.4, -33, -30
3122.5, -33, -30
3122.6, -33, -30
3122.7, -32, -30
3122.8, -32, -30
3122.9, -32, -30
3123, -32, -30
3123.1, -32, -30
3123.2, -32, -30
3123.3, -32, -30
3123.4, -32, -30
3123.5, -32, -30
3123.6, -32, -30
3123.7, -32, -30
3123.8, -32, -30
3123.9, -32, -30
3124, -32, -30
3124.1, -32, -30
3124.2, -32, -30
3124.3, -32, -30
3124.4, -32, -30
3124.5, -32, -30
3124.6, -32, -30
3124.7, -32, -30
3124.8, -32, -30
3124.9, -32, -30
3125, -32, -30
3125.1, -32, -30
3125.2, -32, -30
3125.3, -32, -30
3125.4, -32, -30
3125.5, -32, -30
3125.6, -32, -30
3125.7, -32, -30
3125.8, -32, -30
3125.9, -32, -30
3126, -32, -30
3126.1, -32, -30
3126.2, -32, -30
3126.3, -32, -30
3126.4, -32, -30
3126.5, -31, -30
3126.6, -31, -30
3126.7, -31, -30
3126.8, -31, -30
3126.9, -31, -30
3127, -31, -30
3127.1, -31, -30
3127.2, -31, -30
3127.3, -32, -30
3127.4, -32, -30
3127.5, -32, -30
3127.6, -32, -30
3127.7, -32, -30
3127.8, -32, -30
3127.9, -33, -30
3128, -33, -30
3128.1, -33, -30
3128.2, -33, -30
3128.3, -33, -30
3128.4, -33, -30
3128.5, -33, -30
3128.6, -33, -30
3128.7, -33, -30
3128.8, -33, -30
3128.9, -33, -30
3129, -33, -30
3129.1, -33, -30
3129.2, -33, -30
3129.3, -33, -30
3129.4, -33, -30
3129.5, -33, -30
3129.6, -33, -30
3129.7, -33, -30
3129.8, -33, -30
3129.9, -33, -31
3130, -33, -31
3130.1, -33, -31
3130.2, -33, -31
3130.3, -33, -31
3130.4, -33, -31
3130.5, -33, -31
3130.6, -33, -31
3130.7, -33, -31
3130.8, -33, -31
3130.9, -33, -31
3131, -33, -31
3131.1, -33, -31
3131.2, -33, -31
3131.3, -33, -31
3131.4, -33, -31
3131.5, -33, -31
3131.6, -33, -31
3131.7, -33, -31
3131.8, -33, -31
3131.9, -33, -31
3132, -33, -31
3132.1, -33, -31
3132.2, -33, -31
3132.3, -33, -31
3132.4, -33, -31
3132.5, -33, -31
3132.6, -33, -31
3132.7, -33, -31
3132.8, -33, -31
3132.9, -32, -31
3133, -32, -31
3133.1, -32, -31
3133.2, -32, -31
3133.3, -32, -31
3133.4, -32, -31
3133.5, -32, -31
3133.6, -32, -31
3133.7, -32, -31
3133.8, -32, -31
3133.9, -32, -31
3134, -32, -31
3134.1, -32, -31
3134.2, -32, -31
3134.3, -32, -31
3134.4, -32, -31
3134.5, -32, -31
3134.6, -32, -31
3134.7, -32, -31
3134.8, -32, -31
3134.9, -32, -31
3135, -32, -31
3135.1, -32, -31
3135.2, -32, -31
3135.3, -32, -31
3135.4, -32, -31
3135.5, -32, -31
3135.6, -32, -31
3135.7, -32, -31
3135.8, -32, -31
3135.9, -32, -31
3136, -32, -31
3136.1, -32, -31
3136.2, -32, -31
3136.3, -32, -31
3136.4, -32, -31
3136.5, -31, -31
3136.6, -31, -31
3136.7, -31, -31
3136.8, -31, -31
3136.9, -31, -31
3137, -31, -31
3137.1, -31, -31
3137.2, -31, -31
3137.3, -31, -31
3137.4, -31, -31
3137.5, -31, -31
3137.6, -31, -31
3137.7, -31, -31
3137.8, -31, -31
3137.9, -31, -31
3138, -31, -31
3138.1, -31, -31
3138.2, -31, -31
3138.3, -31, -31
3138.4, -31, -31
3138.5, -31, -31
3138.6, -31, -31
3138.7, -31, -31
3138.8, -31, -31
3138.9, -31, -31
3139, -31, -31
3139.1, -31, -31
3139.2, -31, -31
3139.3, -30, -31
3139.4, -30, -31
3139.5, -30, -32
3139.6, -30, -32
3139.7, -31, -32
3139.8, -31, -32
3139.9, -31, -32
3140, -31, -32
3140.1, -31, -32
3140.2, -31, -32
3140.3, -31, -32
3140.4, -31, -32
3140.5, -31, -32
3140.6, -31, -32
3140.7, -31, -32
3140.8, -31, -32
3140.9, -31, -33
3141, -31, -33
3141.1, -31, -32
3141.2, -31, -32
3141.3, -31, -32
3141.4, -31, -32
3141.5, -31, -33
3141.6, -31, -33
3141.7, -31, -33
3141.8, -31, -33
3141.9, -31, -33
3142, -31, -33
3142.1, -31, -33
3142.2, -31, -33
3142.3, -31, -33
3142.4, -31, -33
3142.5, -31, -33
3142.6, -31, -33
3142.7, -31, -33
3142.8, -31, -33
3142.9, -31, -33
3143, -31, -33
3143.1, -31, -33
3143.2, -31, -33
3143.3, -31, -33
3143.4, -31, -33
3143.5, -31, -33
3143.6, -31, -33
3143.7, -31, -33
3143.8, -31, -33
3143.9, -31, -33
3144, -31, -33
3144.1, -31, -33
3144.2, -31, -33
3144.3, -31, -33
3144.4, -31, -33
3144.5, -31, -33
3144.6, -31, -33
3144.7, -31, -33
3144.8, -31, -33
3144.9, -31, -33
3145, -31, -33
3145.1, -31, -33
3145.2, -31, -33
3145.3, -31, -33
3145.4, -31, -33
3145.5, -31, -33
3145.6, -31, -33
3145.7, -31, -33
3145.8, -31, -33
3145.9, -31, -33
3146, -31, -33
3146.1, -31, -33
3146.2, -31, -33
3146.3, -31, -33
3146.4, -31, -33
3146.5, -31, -33
3146.6, -31, -33
3146.7, -31, -33
3146.8, -31, -33
3146.9, -31, -33
3147, -31, -33
3147.1, -31, -33
3147.2, -31, -33
3147.3, -31, -33
3147.4, -31, -33
3147.5, -31, -33
3147.6, -31, -33
3147.7, -31, -33
3147.8, -31, -33
3147.9, -31, -33
3148, -31, -33
3148.1, -31, -33
3148.2, -31, -33
3148.3, -31, -33
3148.4, -31, -33
3148.5, -31, -33
3148.6, -31, -33
3148.7, -32, -33
3148.8, -32, -33
3148.9, -32, -33
3149, -32, -33
3149.1, -32, -33
3149.2, -32, -33
3149.3, -32, -33
3149.4, -32, -33
3149.5, -32, -33
3149.6, -32, -33
3149.7, -32, -33
3149.8, -32, -33
3149.9, -31, -33
3150, -31, -33
3150.1, -31, -33
3150.2, -31, -33
3150.3, -31, -33
3150.4, -31, -33
3150.5, -31, -33
3150.6, -31, -33
3150.7, -31, -33
3150.8, -31, -33
3150.9, -31, -33
3151, -31, -33
3151.1, -31, -33
3151.2, -31, -33
3151.3, -31, -33
3151.4, -31, -33
3151.5, -31, -33
3151.6, -31, -33
3151.7, -31, -33
3151.8, -31, -33
3151.9, -31, -33
3152, -31, -33
3152.1, -31, -33
3152.2, -31, -33
3152.3, -31, -33
3152.4, -31, -33
3152.5, -31, -33
3152.6, -31, -33
3152.7, -31, -33
3152.8, -31, -33
3152.9, -31, -33
3153, -31, -33
3153.1, -31, -33
3153.2, -31, -33
3153.3, -31, -33
3153.4, -31, -33
3153.5, -31, -33
3153.6, -31, -33
3153.7, -31, -33
3153.8, -31, -33
3153.9, -31, -33
3154, -31, -33
3154.1, -31, -33
3154.2, -31, -33
3154.3, -31, -33
3154.4, -31, -33
3154.5, -31, -33
3154.6, -31, -33
3154.7, -31, -33
3154.8, -31, -33
3154.9, -31, -33
3155, -31, -33
3155.1, -31, -33
3155.2, -31, -33
3155.3, -31, -33
3155.4, -31, -33
3155.5, -31, -33
3155.6, -31, -33
3155.7, -31, -33
3155.8, -31, -33
3155.9, -31, -33
3156, -31, -33
3156.1, -31, -33
3156.2, -31, -33
3156.3, -31, -33
3156.4, -31, -33
3156.5, -31, -33
3156.6, -31, -33
3156.7, -31, -33
3156.8, -31, -33
3156.9, -31, -33
3157, -31, -33
3157.1, -31, -33
3157.2, -31, -33
3157.3, -31, -33
3157.4, -31, -33
3157.5, -31, -33
3157.6, -31, -33
3157.7, -32, -33
3157.8, -32, -33
3157.9, -32, -33
3158, -32, -33
3158.1, -32, -33
3158.2, -32, -33
3158.3, -32, -33
3158.4, -32, -33
3158.5, -32, -33
3158.6, -32, -33
3158.7, -32, -33
3158.8, -32, -33
3158.9, -32, -33
3159, -32, -33
3159.1, -32, -33
3159.2, -32, -33
3159.3, -32, -33
3159.4, -32, -33
3159.5, -32, -33
3159.6, -32, -33
3159.7, -32, -33
3159.8, -32, -33
3159.9, -32, -33
3160, -32, -33
3160.1, -32, -33
3160.2, -32, -33
3160.3, -32, -33
3160.4, -32, -33
3160.5, -32, -33
3160.6, -32, -33
3160.7, -32, -33
3160.8, -32, -33
3160.9, -32, -33
3161, -32, -33
3161.1, -32, -33
3161.2, -32, -33
3161.3, -32, -33
3161.4, -32, -33
3161.5, -32, -33
3161.6, -32, -33
3161.7, -32, -33
3161.8, -32, -33
3161.9, -32, -33
3162, -32, -33
3162.1, -32, -33
3162.2, -32, -33
3162.3, -31, -33
3162.4, -31, -33
3162.5, -31, -33
3162.6, -31, -33
3162.7, -31, -33
3162.8, -31, -33
3162.9, -31, -33
3163, -31, -33
3163.1, -31, -33
3163.2, -31, -33
3163.3, -31, -33
3163.4, -31, -33
3163.5, -31, -33
3163.6, -31, -33
3163.7, -31, -33
3163.8, -31, -33
3163.9, -31, -33
3164, -31, -33
3164.1, -31, -33
3164.2, -31, -33
3164.3, -31, -33
3164.4, -31, -33
3164.5, -31, -33
3164.6, -31, -33
3164.7, -31, -33
3164.8, -31, -33
3164.9, -31, -33
3165, -31, -33
3165.1, -31, -33
3165.2, -31, -33
3165.3, -30, -33
3165.4, -30, -33
3165.5, -30, -33
3165.6, -30, -33
3165.7, -30, -33
3165.8, -30, -33
3165.9, -30, -33
3166, -30, -33
3166.1, -30, -33
3166.2, -30, -33
3166.3, -30, -33
3166.4, -30, -33
3166.5, -30, -33
3166.6, -30, -33
3166.7, -30, -33
3166.8, -30, -33
3166.9, -30, -33
3167, -30, -33
3167.1, -30, -33
3167.2, -30, -33
3167.3, -30, -33
3167.4, -30, -33
3167.5, -30, -32
3167.6, -30, -32
3167.7, -30, -32
3167.8, -30, -32
3167.9, -30, -32
3168, -30, -32
3168.1, -30, -32
3168.2, -30, -32
3168.3, -30, -32
3168.4, -30, -32
3168.5, -30, -32
3168.6, -30, -32
3168.7, -30, -32
3168.8, -30, -32
3168.9, -31, -32
3169, -31, -32
3169.1, -31, -32
3169.2, -31, -32
3169.3, -31, -31
3169.4, -31, -31
3169.5, -31, -31
3169.6, -31, -31
3169.7, -32, -31
3169.8, -32, -31
3169.9, -32, -31
3170, -32, -31
3170.1, -32, -31
3170.2, -32, -31
3170.3, -33, -31
3170.4, -33, -31
3170.5, -33, -31
3170.6, -33, -31
3170.7, -33, -31
3170.8, -33, -31
3170.9, -33, -31
3171, -33, -31
3171.1, -33, -31
3171.2, -33, -31
3171.3, -33, -31
3171.4, -33, -31
3171.5, -33, -31
3171.6, -33, -31
3171.7, -33, -31
3171.8, -33, -31
3171.9, -33, -31
3172, -33, -31
3172.1, -33, -31
3172.2, -33, -31
3172.3, -34, -31
3172.4, -34, -31
3172.5, -34, -31
3172.6, -34, -31
3172.7, -34, -31
3172.8, -34, -31
3172.9, -34, -31
3173, -34, -31
3173.1, -34, -31
3173.2, -34, -31
3173.3, -34, -31
3173.4, -34, -31
3173.5, -34, -31
3173.6, -34, -31
3173.7, -34, -31
3173.8, -34, -31
3173.9, -34, -31
3174, -34, -31
3174.1, -34, -31
3174.2, -34, -31
3174.3, -34, -31
3174.4, -34, -31
3174.5, -34, -31
3174.6, -34, -31
3174.7, -34, -31
3174.8, -34, -31
3174.9, -34, -31
3175, -34, -31
3175.1, -35, -31
3175.2, -35, -31
3175.3, -35, -31
3175.4, -35, -31
3175.5, -35, -30
3175.6, -35, -30
3175.7, -35, -30
3175.8, -35, -30
3175.9, -35, -30
3176, -35, -30
3176.1, -35, -30
3176.2, -35, -30
3176.3, -35, -30
3176.4, -35, -30
3176.5, -35, -30
3176.6, -35, -30
3176.7, -35, -30
3176.8, -35, -30
3176.9, -35, -30
3177, -35, -30
3177.1, -35, -30
3177.2, -35, -30
3177.3, -35, -30
3177.4, -35, -30
3177.5, -35, -30
3177.6, -35, -30
3177.7, -35, -30
3177.8, -35, -30
3177.9, -35, -30
3178, -35, -30
3178.1, -35, -30
3178.2, -35, -30
3178.3, -35, -30
3178.4, -35, -30
3178.5, -35, -30
3178.6, -35, -30
3178.7, -35, -30
3178.8, -35, -30
3178.9, -35, -30
3179, -35, -30
3179.1, -35, -30
3179.2, -35, -30
3179.3, -36, -30
3179.4, -36, -30
3179.5, -36, -30
3179.6, -36, -30
3179.7, -36, -30
3179.8, -36, -30
3179.9, -36, -30
3180, -36, -30
3180.1, -36, -30
3180.2, -36, -30
3180.3, -36, -30
3180.4, -36, -30
3180.5, -36, -30
3180.6, -36, -30
3180.7, -36, -30
3180.8, -36, -30
3180.9, -36, -30
3181, -36, -30
3181.1, -36, -30
3181.2, -36, -30
3181.3, -36, -30
3181.4, -36, -30
3181.5, -36, -30
3181.6, -36, -30
3181.7, -36, -30
3181.8, -36, -30
3181.9, -36, -30
3182, -36, -30
3182.1, -36, -30
3182.2, -36, -30
3182.3, -36, -30
3182.4, -36, -30
3182.5, -36, -30
3182.6, -36, -30
3182.7, -36, -30
3182.8, -36, -30
3182.9, -36, -30
3183, -36, -30
3183.1, -36, -30
3183.2, -36, -30
3183.3, -36, -30
3183.4, -36, -30
3183.5, -36, -30
3183.6, -36, -30
3183.7, -36, -30
3183.8, -36, -30
3183.9, -36, -31
3184, -36, -31
3184.1, -36, -31
3184.2, -36, -31
3184.3, -36, -31
3184.4, -36, -31
3184.5, -36, -30
3184.6, -36, -30
3184.7, -36, -30
3184.8, -36, -30
3184.9, -37, -30
3185, -37, -30
3185.1, -37, -30
3185.2, -37, -30
3185.3, -37, -30
3185.4, -37, -30
3185.5, -37, -30
3185.6, -37, -30
3185.7, -37, -30
3185.8, -37, -30
3185.9, -37, -30
3186, -37, -30
3186.1, -37, -30
3186.2, -37, -30
3186.3, -37, -30
3186.4, -37, -30
3186.5, -37, -30
3186.6, -37, -30
3186.7, -37, -30
3186.8, -37, -30
3186.9, -37, -30
3187, -37, -30
3187.1, -37, -30
3187.2, -37, -30
3187.3, -37, -30
3187.4, -37, -30
3187.5, -37, -30
3187.6, -37, -30
3187.7, -37, -30
3187.8, -37, -30
3187.9, -37, -30
3188, -37, -30
3188.1, -36, -30
3188.2, -36, -30
3188.3, -36, -30
3188.4, -36, -30
3188.5, -36, -30
3188.6, -36, -30
3188.7, -36, -31
3188.8, -36, -31
3188.9, -36, -31
3189, -36, -31
3189.1, -36, -31
3189.2, -36, -31
3189.3, -36, -31
3189.4, -36, -31
3189.5, -37, -31
3189.6, -37, -31
3189.7, -37, -31
3189.8, -37, -31
3189.9, -37, -31
3190, -37, -31
3190.1, -37, -31
3190.2, -37, -31
3190.3, -37, -31
3190.4, -37, -31
3190.5, -37, -31
3190.6, -37, -31
3190.7, -37, -31
3190.8, -37, -31
3190.9, -37, -31
3191, -37, -31
3191.1, -37, -31
3191.2, -37, -31
3191.3, -37, -31
3191.4, -37, -31
3191.5, -37, -31
3191.6, -37, -31
3191.7, -37, -31
3191.8, -37, -31
3191.9, -37, -31
3192, -37, -31
3192.1, -37, -31
3192.2, -37, -31
3192.3, -37, -31
3192.4, -37, -31
3192.5, -37, -31
3192.6, -37, -31
3192.7, -37, -31
3192.8, -37, -31
3192.9, -37, -31
3193, -37, -31
3193.1, -37, -31
3193.2, -37, -31
3193.3, -37, -31
3193.4, -37, -31
3193.5, -37, -31
3193.6, -37, -31
3193.7, -37, -30
3193.8, -37, -30
3193.9, -37, -30
3194, -37, -30
3194.1, -37, -30
3194.2, -37, -30
3194.3, -37, -30
3194.4, -37, -30
3194.5, -38, -30
3194.6, -38, -30
3194.7, -38, -30
3194.8, -38, -30
3194.9, -38, -30
3195, -38, -30
3195.1, -37, -30
3195.2, -37, -30
3195.3, -37, -30
3195.4, -37, -30
3195.5, -37, -30
3195.6, -37, -30
3195.7, -37, -29
3195.8, -37, -29
3195.9, -37, -29
3196, -37, -29
3196.1, -37, -28
3196.2, -37, -28
3196.3, -37, -28
3196.4, -37, -28
3196.5, -37, -28
3196.6, -37, -28
3196.7, -37, -28
3196.8, -37, -28
3196.9, -37, -28
3197, -37, -28
3197.1, -37, -28
3197.2, -37, -28
3197.3, -38, -28
3197.4, -38, -28
3197.5, -38, -28
3197.6, -38, -28
3197.7, -38, -28
3197.8, -38, -28
3197.9, -38, -28
3198, -38, -28
3198.1, -38, -28
3198.2, -38, -28
3198.3, -38, -28
3198.4, -38, -28
3198.5, -38, -28
3198.6, -38, -28
3198.7, -38, -28
3198.8, -38, -28
3198.9, -38, -28
3199, -38, -28
3199.1, -38, -28
3199.2, -38, -28
3199.3, -38, -28
3199.4, -38, -28
3199.5, -38, -27
3199.6, -38, -27
3199.7, -38, -27
3199.8, -38, -27
3199.9, -38, -27
3200, -38, -27
3200.1, -38, -26
3200.2, -38, -26
3200.3, -38, -26
3200.4, -38, -26
3200.5, -38, -26
3200.6, -38, -26
3200.7, -38, -26
3200.8, -38, -26
3200.9, -38, -26
3201, -38, -26
3201.1, -39, -26
3201.2, -39, -26
3201.3, -39, -26
3201.4, -39, -26
3201.5, -39, -26
3201.6, -39, -26
3201.7, -39, -26
3201.8, -39, -26
3201.9, -39, -26
3202, -39, -26
3202.1, -39, -26
3202.2, -39, -26
3202.3, -39, -26
3202.4, -39, -26
3202.5, -39, -26
3202.6, -39, -26
3202.7, -39, -26
3202.8, -39, -26
3202.9, -39, -26
3203, -39, -26
3203.1, -39, -26
3203.2, -39, -26
3203.3, -39, -25
3203.4, -39, -25
3203.5, -39, -25
3203.6, -39, -25
3203.7, -39, -25
3203.8, -39, -25
3203.9, -39, -25
3204, -39, -25
3204.1, -39, -25
3204.2, -39, -25
3204.3, -39, -25
3204.4, -39, -25
3204.5, -39, -25
3204.6, -39, -25
3204.7, -39, -24
3204.8, -39, -24
3204.9, -39, -24
3205, -39, -24
3205.1, -39, -24
3205.2, -39, -24
3205.3, -39, -24
3205.4, -39, -24
3205.5, -39, -24
3205.6, -39, -24
3205.7, -39, -24
3205.8, -39, -24
3205.9, -39, -24
3206, -39, -24
3206.1, -39, -24
3206.2, -39, -24
3206.3, -40, -24
3206.4, -40, -24
3206.5, -40, -24
3206.6, -40, -24
3206.7, -40, -24
3206.8, -40, -24
3206.9, -40, -24
3207, -40, -24
3207.1, -40, -24
3207.2, -40, -24
3207.3, -40, -24
3207.4, -40, -24
3207.5, -40, -24
3207.6, -40, -24
3207.7, -40, -24
3207.8, -40, -24
3207.9, -40, -24
3208, -40, -24
3208.1, -40, -24
3208.2, -40, -24
3208.3, -40, -24
3208.4, -40, -24
3208.5, -40, -24
3208.6, -40, -24
3208.7, -40, -24
3208.8, -40, -24
3208.9, -40, -24
3209, -40, -24
3209.1, -40, -24
3209.2, -40, -24
3209.3, -40, -24
3209.4, -40, -24
3209.5, -40, -24
3209.6, -40, -24
3209.7, -40, -24
3209.8, -40, -24
3209.9, -40, -24
3210, -40, -24
3210.1, -40, -24
3210.2, -40, -24
3210.3, -40, -24
3210.4, -40, -24
3210.5, -41, -24
3210.6, -41, -24
3210.7, -41, -24
3210.8, -41, -24
3210.9, -41, -24
3211, -41, -24
3211.1, -41, -24
3211.2, -41, -24
3211.3, -41, -24
3211.4, -41, -24
3211.5, -41, -24
3211.6, -41, -24
3211.7, -41, -24
3211.8, -41, -24
3211.9, -42, -24
3212, -42, -24
3212.1, -42, -24
3212.2, -42, -24
3212.3, -42, -24
3212.4, -42, -24
3212.5, -42, -24
3212.6, -42, -24
3212.7, -42, -24
3212.8, -42, -24
3212.9, -42, -24
3213, -42, -24
3213.1, -42, -24
3213.2, -42, -24
3213.3, -42, -24
3213.4, -42, -24
3213.5, -42, -24
3213.6, -42, -24
3213.7, -42, -24
3213.8, -42, -24
3213.9, -42, -24
3214, -42, -24
3214.1, -42, -24
3214.2, -42, -24
3214.3, -42, -24
3214.4, -42, -24
3214.5, -42, -24
3214.6, -42, -24
3214.7, -42, -24
3214.8, -42, -24
3214.9, -42, -24
3215, -42, -24
3215.1, -42, -24
3215.2, -42, -24
3215.3, -42, -24
3215.4, -42, -24
3215.5, -42, -24
3215.6, -42, -24
3215.7, -42, -24
3215.8, -42, -24
3215.9, -42, -24
3216, -42, -24
3216.1, -42, -24
3216.2, -42, -24
3216.3, -42, -24
3216.4, -42, -24
3216.5, -42, -24
3216.6, -42, -24
3216.7, -42, -24
3216.8, -42, -24
3216.9, -43, -24
3217, -43, -24
3217.1, -43, -24
3217.2, -43, -24
3217.3, -43, -24
3217.4, -43, -24
3217.5, -43, -24
3217.6, -43, -24
3217.7, -43, -23
3217.8, -43, -23
3217.9, -43, -23
3218, -43, -23
3218.1, -43, -23
3218.2, -43, -23
3218.3, -43, -23
3218.4, -43, -23
3218.5, -43, -23
3218.6, -43, -23
3218.7, -43, -23
3218.8, -43, -23
3218.9, -43, -23
3219, -43, -23
3219.1, -43, -23
3219.2, -43, -23
3219.3, -43, -23
3219.4, -43, -23
3219.5, -43, -23
3219.6, -43, -23
3219.7, -43, -23
3219.8, -43, -23
3219.9, -43, -23
3220, -43, -23
3220.1, -43, -23
3220.2, -43, -23
3220.3, -43, -23
3220.4, -43, -23
3220.5, -43, -23
3220.6, -43, -23
3220.7, -43, -23
3220.8, -43, -23
3220.9, -43, -23
3221, -43, -23
3221.1, -43, -23
3221.2, -43, -23
3221.3, -43, -23
3221.4, -43, -23
3221.5, -43, -23
3221.6, -43, -23
3221.7, -43, -23
3221.8, -43, -23
3221.9, -43, -23
3222, -43, -23
3222.1, -43, -23
3222.2, -43, -23
3222.3, -43, -23
3222.4, -43, -23
3222.5, -43, -23
3222.6, -43, -23
3222.7, -44, -23
3222.8, -44, -23
3222.9, -44, -23
3223, -44, -23
3223.1, -44, -23
3223.2, -44, -23
3223.3, -44, -23
3223.4, -44, -23
3223.5, -44, -23
3223.6, -44, -23
3223.7, -44, -23
3223.8, -44, -23
3223.9, -44, -23
3224, -44, -23
3224.1, -44, -23
3224.2, -44, -23
3224.3, -45, -23
3224.4, -45, -23
3224.5, -45, -23
3224.6, -45, -23
3224.7, -45, -23
3224.8, -45, -23
3224.9, -45, -23
3225, -45, -23
3225.1, -45, -22
3225.2, -45, -22
3225.3, -45, -22
3225.4, -45, -22
3225.5, -45, -22
3225.6, -45, -22
3225.7, -45, -22
3225.8, -45, -22
3225.9, -45, -22
3226, -45, -22
3226.1, -45, -22
3226.2, -45, -22
3226.3, -45, -22
3226.4, -45, -22
3226.5, -45, -22
3226.6, -45, -22
3226.7, -45, -22
3226.8, -45, -22
3226.9, -45, -22
3227, -45, -22
3227.1, -45, -22
3227.2, -45, -22
3227.3, -45, -22
3227.4, -45, -22
3227.5, -45, -22
3227.6, -45, -22
3227.7, -45, -22
3227.8, -45, -22
3227.9, -45, -22
3228, -45, -22
3228.1, -45, -22
3228.2, -45, -22
3228.3, -45, -22
3228.4, -45, -22
3228.5, -45, -22
3228.6, -45, -22
3228.7, -45, -22
3228.8, -45, -22
3228.9, -46, -22
3229, -46, -22
3229.1, -46, -22
3229.2, -46, -22
3229.3, -46, -22
3229.4, -46, -22
3229.5, -46, -22
3229.6, -46, -22
3229.7, -46, -22
3229.8, -46, -22
3229.9, -46, -22
3230, -46, -22
3230.1, -46, -22
3230.2, -46, -22
3230.3, -46, -22
3230.4, -46, -22
3230.5, -46, -22
3230.6, -46, -22
3230.7, -46, -22
3230.8, -46, -22
3230.9, -46, -22
3231, -46, -22
3231.1, -46, -22
3231.2, -46, -22
3231.3, -46, -23
3231.4, -46, -23
3231.5, -46, -23
3231.6, -46, -23
3231.7, -46, -23
3231.8, -46, -23
3231.9, -46, -23
3232, -46, -23
3232.1, -46, -23
3232.2, -46, -23
3232.3, -46, -23
3232.4, -46, -23
3232.5, -46, -23
3232.6, -46, -23
3232.7, -46, -23
3232.8, -46, -23
3232.9, -46, -23
3233, -46, -23
3233.1, -46, -23
3233.2, -46, -23
3233.3, -46, -23
3233.4, -46, -23
3233.5, -46, -23
3233.6, -46, -23
3233.7, -46, -23
3233.8, -46, -23
3233.9, -46, -23
3234, -46, -23
3234.1, -46, -23
3234.2, -46, -23
3234.3, -46, -23
3234.4, -46, -23
3234.5, -46, -24
3234.6, -46, -24
3234.7, -46, -24
3234.8, -46, -24
3234.9, -46, -24
3235, -46, -24
3235.1, -46, -24
3235.2, -46, -24
3235.3, -46, -24
3235.4, -46, -24
3235.5, -46, -24
3235.6, -46, -24
3235.7, -46, -24
3235.8, -46, -24
3235.9, -46, -24
3236, -46, -24
3236.1, -46, -25
3236.2, -46, -25
3236.3, -46, -25
3236.4, -46, -25
3236.5, -46, -25
3236.6, -46, -25
3236.7, -46, -25
3236.8, -46, -25
3236.9, -46, -25
3237, -46, -25
3237.1, -46, -25
3237.2, -46, -25
3237.3, -46, -25
3237.4, -46, -25
3237.5, -46, -25
3237.6, -46, -25
3237.7, -47, -25
3237.8, -47, -25
3237.9, -47, -25
3238, -47, -25
3238.1, -47, -25
3238.2, -47, -25
3238.3, -47, -25
3238.4, -47, -25
3238.5, -47, -25
3238.6, -47, -25
3238.7, -47, -25
3238.8, -47, -25
3238.9, -47, -25
3239, -47, -25
3239.1, -47, -25
3239.2, -47, -25
3239.3, -47, -25
3239.4, -47, -25
3239.5, -47, -25
3239.6, -47, -25
3239.7, -47, -25
3239.8, -47, -25
3239.9, -47, -25
3240, -47, -25
3240.1, -47, -25
3240.2, -47, -25
3240.3, -47, -25
3240.4, -47, -25
3240.5, -47, -25
3240.6, -47, -25
3240.7, -47, -25
3240.8, -47, -25
3240.9, -47, -25
3241, -47, -25
3241.1, -47, -25
3241.2, -47, -25
3241.3, -47, -25
3241.4, -47, -25
3241.5, -47, -25
3241.6, -47, -25
3241.7, -47, -25
3241.8, -47, -25
3241.9, -47, -25
3242, -47, -25
3242.1, -47, -25
3242.2, -47, -25
3242.3, -47, -25
3242.4, -47, -25
3242.5, -47, -25
3242.6, -47, -25
3242.7, -46, -25
3242.8, -46, -25
3242.9, -46, -25
3243, -46, -25
3243.1, -46, -25
3243.2, -46, -25
3243.3, -46, -25
3243.4, -46, -25
3243.5, -46, -25
3243.6, -46, -25
3243.7, -46, -25
3243.8, -46, -25
3243.9, -46, -25
3244, -46, -25
3244.1, -46, -25
3244.2, -46, -25
3244.3, -46, -25
3244.4, -46, -25
3244.5, -46, -25
3244.6, -46, -25
3244.7, -46, -25
3244.8, -46, -25
3244.9, -46, -25
3245, -46, -25
3245.1, -46, -24
3245.2, -46, -24
3245.3, -46, -24
3245.4, -46, -24
3245.5, -46, -24
3245.6, -46, -24
3245.7, -46, -23
3245.8, -46, -23
3245.9, -46, -23
3246, -46, -23
3246.1, -46, -23
3246.2, -46, -23
3246.3, -46, -24
3246.4, -46, -24
3246.5, -46, -24
3246.6, -46, -24
3246.7, -46, -24
3246.8, -46, -24
3246.9, -46, -24
3247, -46, -24
3247.1, -46, -24
3247.2, -46, -24
3247.3, -46, -24
3247.4, -46, -24
3247.5, -46, -24
3247.6, -46, -24
3247.7, -46, -24
3247.8, -46, -24
3247.9, -45, -24
3248, -45, -24
3248.1, -45, -23
3248.2, -45, -23
3248.3, -45, -23
3248.4, -45, -23
3248.5, -45, -23
3248.6, -45, -23
3248.7, -45, -23
3248.8, -45, -23
3248.9, -45, -23
3249, -45, -23
3249.1, -45, -23
3249.2, -45, -23
3249.3, -45, -23
3249.4, -45, -23
3249.5, -45, -23
3249.6, -45, -23
3249.7, -45, -23
3249.8, -45, -23
3249.9, -45, -23
3250, -45, -23
3250.1, -45, -23
3250.2, -45, -23
3250.3, -45, -23
3250.4, -45, -23
3250.5, -45, -23
3250.6, -45, -23
3250.7, -45, -23
3250.8, -45, -23
3250.9, -45, -23
3251, -45, -23
3251.1, -45, -23
3251.2, -45, -23
3251.3, -45, -23
3251.4, -45, -23
3251.5, -45, -23
3251.6, -45, -23
3251.7, -45, -23
3251.8, -45, -23
3251.9, -45, -23
3252, -45, -23
3252.1, -45, -23
3252.2, -45, -23
3252.3, -46, -23
3252.4, -46, -23
3252.5, -46, -23
3252.6, -46, -23
3252.7, -46, -23
3252.8, -46, -23
3252.9, -46, -23
3253, -46, -23
3253.1, -46, -23
3253.2, -46, -23
3253.3, -46, -23
3253.4, -46, -23
3253.5, -46, -23
3253.6, -46, -23
3253.7, -46, -24
3253.8, -46, -24
3253.9, -46, -24
3254, -46, -24
3254.1, -46, -24
3254.2, -46, -24
3254.3, -46, -24
3254.4, -46, -24
3254.5, -46, -24
3254.6, -46, -24
3254.7, -46, -24
3254.8, -46, -24
3254.9, -46, -24
3255, -46, -24
3255.1, -46, -23
3255.2, -46, -23
3255.3, -46, -23
3255.4, -46, -23
3255.5, -46, -23
3255.6, -46, -23
3255.7, -46, -23
3255.8, -46, -23
3255.9, -46, -23
3256, -46, -23
3256.1, -46, -23
3256.2, -46, -23
3256.3, -46, -23
3256.4, -46, -23
3256.5, -46, -23
3256.6, -46, -23
3256.7, -46, -23
3256.8, -46, -23
3256.9, -46, -23
3257, -46, -23
3257.1, -46, -23
3257.2, -46, -23
3257.3, -46, -23
3257.4, -46, -23
3257.5, -46, -23
3257.6, -46, -23
3257.7, -46, -23
3257.8, -46, -23
3257.9, -46, -23
3258, -46, -23
3258.1, -46, -23
3258.2, -46, -23
3258.3, -46, -23
3258.4, -46, -23
3258.5, -46, -23
3258.6, -46, -23
3258.7, -46, -23
3258.8, -46, -23
3258.9, -45, -23
3259, -45, -23
3259.1, -45, -23
3259.2, -45, -23
3259.3, -45, -23
3259.4, -45, -23
3259.5, -45, -23
3259.6, -45, -23
3259.7, -45, -23
3259.8, -45, -23
3259.9, -45, -23
3260, -45, -23
3260.1, -45, -23
3260.2, -45, -23
3260.3, -45, -23
3260.4, -45, -23
3260.5, -45, -23
3260.6, -45, -23
3260.7, -45, -23
3260.8, -45, -23
3260.9, -45, -23
3261, -45, -23
3261.1, -45, -23
3261.2, -45, -23
3261.3, -45, -23
3261.4, -45, -23
3261.5, -45, -23
3261.6, -45, -23
3261.7, -45, -22
3261.8, -45, -22
3261.9, -45, -22
3262, -45, -22
3262.1, -45, -22
3262.2, -45, -22
3262.3, -45, -22
3262.4, -45, -22
3262.5, -45, -22
3262.6, -45, -22
3262.7, -45, -22
3262.8, -45, -22
3262.9, -45, -22
3263, -45, -22
3263.1, -46, -22
3263.2, -46, -22
3263.3, -45, -22
3263.4, -45, -22
3263.5, -45, -22
3263.6, -45, -22
3263.7, -45, -22
3263.8, -45, -22
3263.9, -45, -22
3264, -45, -22
3264.1, -45, -22
3264.2, -45, -22
3264.3, -45, -22
3264.4, -45, -22
3264.5, -45, -22
3264.6, -45, -22
3264.7, -45, -22
3264.8, -45, -22
3264.9, -45, -22
3265, -45, -22
3265.1, -45, -22
3265.2, -45, -22
3265.3, -45, -22
3265.4, -45, -22
3265.5, -45, -23
3265.6, -45, -23
3265.7, -45, -23
3265.8, -45, -23
3265.9, -45, -23
3266, -45, -23
3266.1, -45, -23
3266.2, -45, -23
3266.3, -45, -23
3266.4, -45, -23
3266.5, -45, -23
3266.6, -45, -23
3266.7, -45, -23
3266.8, -45, -23
3266.9, -45, -23
3267, -45, -23
3267.1, -45, -23
3267.2, -45, -23
3267.3, -45, -23
3267.4, -45, -23
3267.5, -46, -23
3267.6, -46, -23
3267.7, -46, -23
3267.8, -46, -23
3267.9, -46, -23
3268, -46, -23
3268.1, -46, -23
3268.2, -46, -23
3268.3, -46, -23
3268.4, -46, -23
3268.5, -46, -23
3268.6, -46, -23
3268.7, -46, -23
3268.8, -46, -23
3268.9, -46, -23
3269, -46, -23
3269.1, -46, -23
3269.2, -46, -23
3269.3, -46, -23
3269.4, -46, -23
3269.5, -46, -23
3269.6, -46, -23
3269.7, -46, -23
3269.8, -46, -23
3269.9, -46, -23
3270, -46, -23
3270.1, -46, -22
3270.2, -46, -22
3270.3, -46, -22
3270.4, -46, -22
3270.5, -46, -22
3270.6, -46, -22
3270.7, -46, -22
3270.8, -46, -22
3270.9, -46, -22
3271, -46, -22
3271.1, -45, -22
3271.2, -45, -22
3271.3, -45, -22
3271.4, -45, -22
3271.5, -45, -22
3271.6, -45, -22
3271.7, -45, -22
3271.8, -45, -22
3271.9, -45, -22
3272, -45, -22
3272.1, -45, -22
3272.2, -45, -22
3272.3, -45, -22
3272.4, -45, -22
3272.5, -45, -22
3272.6, -45, -22
3272.7, -45, -22
3272.8, -45, -22
3272.9, -45, -22
3273, -45, -22
3273.1, -45, -22
3273.2, -45, -22
3273.3, -45, -21
3273.4, -45, -21
3273.5, -45, -21
3273.6, -45, -21
3273.7, -45, -21
3273.8, -45, -21
3273.9, -45, -21
3274, -45, -21
3274.1, -45, -21
3274.2, -45, -21
3274.3, -45, -21
3274.4, -45, -21
3274.5, -45, -21
3274.6, -45, -21
3274.7, -45, -21
3274.8, -45, -21
3274.9, -45, -21
3275, -45, -21
3275.1, -45, -21
3275.2, -45, -21
3275.3, -45, -21
3275.4, -45, -21
3275.5, -45, -21
3275.6, -45, -21
3275.7, -45, -21
3275.8, -45, -21
3275.9, -45, -21
3276, -45, -21
3276.1, -45, -21
3276.2, -45, -21
3276.3, -45, -21
3276.4, -45, -21
3276.5, -45, -21
3276.6, -45, -21
3276.7, -45, -21
3276.8, -45, -21
3276.9, -45, -21
3277, -45, -21
3277.1, -45, -22
3277.2, -45, -22
3277.3, -45, -22
3277.4, -45, -22
3277.5, -45, -22
3277.6, -45, -22
3277.7, -45, -22
3277.8, -45, -22
3277.9, -45, -22
3278, -45, -22
3278.1, -45, -22
3278.2, -45, -22
3278.3, -45, -22
3278.4, -45, -22
3278.5, -45, -23
3278.6, -45, -23
3278.7, -45, -22
3278.8, -45, -22
3278.9, -45, -22
3279, -45, -22
3279.1, -45, -22
3279.2, -45, -22
3279.3, -45, -22
3279.4, -45, -22
3279.5, -45, -22
3279.6, -45, -22
3279.7, -45, -22
3279.8, -45, -22
3279.9, -45, -22
3280, -45, -22
3280.1, -45, -22
3280.2, -45, -22
3280.3, -45, -22
3280.4, -45, -22
3280.5, -45, -22
3280.6, -45, -22
3280.7, -45, -22
3280.8, -45, -22
3280.9, -45, -22
3281, -45, -22
3281.1, -45, -22
3281.2, -45, -22
3281.3, -45, -22
3281.4, -45, -22
3281.5, -45, -22
3281.6, -45, -22
3281.7, -45, -22
3281.8, -45, -22
3281.9, -45, -22
3282, -45, -22
3282.1, -45, -22
3282.2, -45, -22
3282.3, -45, -22
3282.4, -45, -22
3282.5, -45, -22
3282.6, -45, -22
3282.7, -45, -22
3282.8, -45, -22
3282.9, -45, -22
3283, -45, -22
3283.1, -45, -22
3283.2, -45, -22
3283.3, -45, -22
3283.4, -45, -22
3283.5, -45, -22
3283.6, -45, -22
3283.7, -45, -22
3283.8, -45, -22
3283.9, -46, -22
3284, -46, -22
3284.1, -46, -22
3284.2, -46, -22
3284.3, -46, -22
3284.4, -46, -22
3284.5, -46, -22
3284.6, -46, -22
3284.7, -46, -23
3284.8, -46, -23
3284.9, -46, -23
3285, -46, -23
3285.1, -46, -23
3285.2, -46, -23
3285.3, -46, -23
3285.4, -46, -23
3285.5, -46, -23
3285.6, -46, -23
3285.7, -46, -23
3285.8, -46, -23
3285.9, -46, -23
3286, -46, -23
3286.1, -46, -23
3286.2, -46, -23
3286.3, -46, -23
3286.4, -46, -23
3286.5, -46, -23
3286.6, -46, -23
3286.7, -46, -23
3286.8, -46, -23
3286.9, -46, -23
3287, -46, -23
3287.1, -46, -23
3287.2, -46, -23
3287.3, -46, -23
3287.4, -46, -23
3287.5, -46, -23
3287.6, -46, -23
3287.7, -46, -23
3287.8, -46, -23
3287.9, -46, -23
3288, -46, -23
3288.1, -46, -23
3288.2, -46, -23
3288.3, -46, -23
3288.4, -46, -23
3288.5, -46, -23
3288.6, -46, -23
3288.7, -46, -23
3288.8, -46, -23
3288.9, -46, -23
3289, -46, -23
3289.1, -46, -24
3289.2, -46, -24
3289.3, -46, -24
3289.4, -46, -24
3289.5, -46, -24
3289.6, -46, -24
3289.7, -46, -24
3289.8, -46, -24
3289.9, -46, -24
3290, -46, -24
3290.1, -46, -24
3290.2, -46, -24
3290.3, -46, -24
3290.4, -46, -24
3290.5, -46, -24
3290.6, -46, -24
3290.7, -46, -24
3290.8, -46, -24
3290.9, -46, -24
3291, -46, -24
3291.1, -46, -24
3291.2, -46, -24
3291.3, -46, -24
3291.4, -46, -24
3291.5, -46, -24
3291.6, -46, -24
3291.7, -46, -24
3291.8, -46, -24
3291.9, -46, -24
3292, -46, -24
3292.1, -46, -24
3292.2, -46, -24
3292.3, -46, -24
3292.4, -46, -24
3292.5, -46, -24
3292.6, -46, -24
3292.7, -46, -24
3292.8, -46, -24
3292.9, -46, -24
3293, -46, -24
3293.1, -45, -24
3293.2, -45, -24
3293.3, -45, -24
3293.4, -45, -24
3293.5, -45, -24
3293.6, -45, -24
3293.7, -45, -24
3293.8, -45, -24
3293.9, -45, -24
3294, -45, -24
3294.1, -45, -24
3294.2, -45, -24
3294.3, -45, -24
3294.4, -45, -24
3294.5, -45, -24
3294.6, -45, -24
3294.7, -45, -24
3294.8, -45, -24
3294.9, -46, -24
3295, -46, -24
3295.1, -46, -24
3295.2, -46, -24
3295.3, -46, -24
3295.4, -46, -24
3295.5, -46, -24
3295.6, -46, -24
3295.7, -46, -24
3295.8, -46, -24
3295.9, -46, -24
3296, -46, -24
3296.1, -46, -25
3296.2, -46, -25
3296.3, -46, -25
3296.4, -46, -25
3296.5, -46, -25
3296.6, -46, -25
3296.7, -46, -25
3296.8, -46, -25
3296.9, -46, -25
3297, -46, -25
3297.1, -46, -25
3297.2, -46, -25
3297.3, -46, -25
3297.4, -46, -25
3297.5, -46, -25
3297.6, -46, -25
3297.7, -46, -25
3297.8, -46, -25
3297.9, -46, -25
3298, -46, -25
3298.1, -46, -25
3298.2, -46, -25
3298.3, -46, -25
3298.4, -46, -25
3298.5, -46, -25
3298.6, -46, -25
3298.7, -46, -25
3298.8, -46, -25
3298.9, -46, -25
3299, -46, -25
3299.1, -46, -25
3299.2, -46, -25
3299.3, -46, -25
3299.4, -46, -25
3299.5, -46, -25
3299.6, -46, -25
3299.7, -46, -25
3299.8, -46, -25
3299.9, -46, -25
3300, -46, -25
3300.1, -46, -25
3300.2, -46, -25
3300.3, -46, -25
3300.4, -46, -25
3300.5, -46, -26
3300.6, -46, -26
3300.7, -46, -26
3300.8, -46, -26
3300.9, -46, -26
3301, -46, -26
3301.1, -46, -26
3301.2, -46, -26
3301.3, -46, -26
3301.4, -46, -26
3301.5, -46, -26
3301.6, -46, -26
3301.7, -46, -26
3301.8, -46, -26
3301.9, -46, -26
3302, -46, -26
3302.1, -46, -26
3302.2, -46, -26
3302.3, -46, -26
3302.4, -46, -26
3302.5, -46, -26
3302.6, -46, -26
3302.7, -46, -26
3302.8, -46, -26
3302.9, -46, -26
3303, -46, -26
3303.1, -46, -26
3303.2, -46, -26
3303.3, -46, -26
3303.4, -46, -26
3303.5, -46, -26
3303.6, -46, -26
3303.7, -46, -26
3303.8, -46, -26
3303.9, -46, -26
3304, -46, -26
3304.1, -46, -26
3304.2, -46, -26
3304.3, -46, -26
3304.4, -46, -26
3304.5, -46, -26
3304.6, -46, -26
3304.7, -46, -26
3304.8, -46, -26
3304.9, -46, -26
3305, -46, -26
3305.1, -46, -26
3305.2, -46, -26
3305.3, -46, -26
3305.4, -46, -26
3305.5, -46, -26
3305.6, -46, -26
3305.7, -46, -26
3305.8, -46, -26
3305.9, -46, -26
3306, -46, -26
3306.1, -46, -26
3306.2, -46, -26
3306.3, -46, -26
3306.4, -46, -26
3306.5, -45, -26
3306.6, -45, -26
3306.7, -45, -26
3306.8, -45, -26
3306.9, -45, -26
3307, -45, -26
3307.1, -45, -26
3307.2, -45, -26
3307.3, -45, -26
3307.4, -45, -26
3307.5, -45, -26
3307.6, -45, -26
3307.7, -45, -26
3307.8, -45, -26
3307.9, -45, -26
3308, -45, -26
3308.1, -45, -26
3308.2, -45, -26
3308.3, -45, -26
3308.4, -45, -26
3308.5, -45, -26
3308.6, -45, -26
3308.7, -45, -26
3308.8, -45, -26
3308.9, -46, -26
3309, -46, -26
3309.1, -46, -26
3309.2, -46, -26
3309.3, -46, -26
3309.4, -46, -26
3309.5, -46, -26
3309.6, -46, -26
3309.7, -46, -26
3309.8, -46, -26
3309.9, -46, -26
3310, -46, -26
3310.1, -46, -26
3310.2, -46, -26
3310.3, -46, -26
3310.4, -46, -26
3310.5, -46, -26
3310.6, -46, -26
3310.7, -46, -26
3310.8, -46, -26
3310.9, -46, -26
3311, -46, -26
3311.1, -47, -26
3311.2, -47, -26
3311.3, -47, -26
3311.4, -47, -26
3311.5, -47, -26
3311.6, -47, -26
3311.7, -47, -26
3311.8, -47, -26
3311.9, -47, -26
3312, -47, -26
3312.1, -47, -26
3312.2, -47, -26
3312.3, -47, -26
3312.4, -47, -26
3312.5, -47, -26
3312.6, -47, -26
3312.7, -47, -26
3312.8, -47, -26
3312.9, -47, -26
3313, -47, -26
3313.1, -47, -26
3313.2, -47, -26
3313.3, -47, -26
3313.4, -47, -26
3313.5, -47, -26
3313.6, -47, -26
3313.7, -47, -27
3313.8, -47, -27
3313.9, -47, -27
3314, -47, -27
3314.1, -47, -27
3314.2, -47, -27
3314.3, -47, -27
3314.4, -47, -27
3314.5, -47, -27
3314.6, -47, -27
3314.7, -47, -27
3314.8, -47, -27
3314.9, -47, -27
3315, -47, -27
3315.1, -47, -27
3315.2, -47, -27
3315.3, -47, -27
3315.4, -47, -27
3315.5, -47, -27
3315.6, -47, -27
3315.7, -47, -27
3315.8, -47, -27
3315.9, -47, -27
3316, -47, -27
3316.1, -47, -28
3316.2, -47, -28
3316.3, -47, -28
3316.4, -47, -28
3316.5, -47, -28
3316.6, -47, -28
3316.7, -47, -28
3316.8, -47, -28
3316.9, -47, -28
3317, -47, -28
3317.1, -47, -28
3317.2, -47, -28
3317.3, -47, -28
3317.4, -47, -28
3317.5, -47, -28
3317.6, -47, -28
3317.7, -48, -28
3317.8, -48, -28
3317.9, -48, -28
3318, -48, -28
3318.1, -48, -28
3318.2, -48, -28
3318.3, -48, -28
3318.4, -48, -28
3318.5, -48, -28
3318.6, -48, -28
3318.7, -48, -28
3318.8, -48, -28
3318.9, -48, -28
3319, -48, -28
3319.1, -48, -28
3319.2, -48, -28
3319.3, -48, -28
3319.4, -48, -28
3319.5, -48, -28
3319.6, -48, -28
3319.7, -48, -28
3319.8, -48, -28
3319.9, -48, -28
3320, -48, -28
3320.1, -48, -28
3320.2, -48, -28
3320.3, -48, -28
3320.4, -48, -28
3320.5, -48, -28
3320.6, -48, -28
3320.7, -48, -28
3320.8, -48, -28
3320.9, -48, -28
3321, -48, -28
3321.1, -48, -28
3321.2, -48, -28
3321.3, -48, -28
3321.4, -48, -28
3321.5, -48, -28
3321.6, -48, -28
3321.7, -48, -28
3321.8, -48, -28
3321.9, -48, -28
3322, -48, -28
3322.1, -48, -28
3322.2, -48, -28
3322.3, -48, -28
3322.4, -48, -28
3322.5, -48, -28
3322.6, -48, -28
3322.7, -48, -28
3322.8, -48, -28
3322.9, -48, -28
3323, -48, -28
3323.1, -48, -28
3323.2, -48, -28
3323.3, -48, -28
3323.4, -48, -28
3323.5, -48, -28
3323.6, -48, -28
3323.7, -48, -28
3323.8, -48, -28
3323.9, -48, -28
3324, -48, -28
3324.1, -48, -28
3324.2, -48, -28
3324.3, -49, -28
3324.4, -49, -28
3324.5, -49, -28
3324.6, -49, -28
3324.7, -49, -28
3324.8, -49, -28
3324.9, -48, -28
3325, -48, -28
3325.1, -48, -28
3325.2, -48, -28
3325.3, -48, -28
3325.4, -48, -28
3325.5, -48, -28
3325.6, -48, -28
3325.7, -48, -28
3325.8, -48, -28
3325.9, -48, -28
3326, -48, -28
3326.1, -48, -28
3326.2, -48, -28
3326.3, -48, -28
3326.4, -48, -28
3326.5, -48, -28
3326.6, -48, -28
3326.7, -48, -28
3326.8, -48, -28
3326.9, -49, -28
3327, -49, -28
3327.1, -49, -28
3327.2, -49, -28
3327.3, -49, -28
3327.4, -49, -28
3327.5, -49, -28
3327.6, -49, -28
3327.7, -49, -28
3327.8, -49, -28
3327.9, -49, -28
3328, -49, -28
3328.1, -49, -28
3328.2, -49, -28
3328.3, -49, -28
3328.4, -49, -28
3328.5, -49, -28
3328.6, -49, -28
3328.7, -49, -28
3328.8, -49, -28
3328.9, -49, -28
3329, -49, -28
3329.1, -49, -28
3329.2, -49, -28
3329.3, -49, -28
3329.4, -49, -28
3329.5, -49, -28
3329.6, -49, -28
3329.7, -49, -28
3329.8, -49, -28
3329.9, -49, -28
3330, -49, -28
3330.1, -49, -28
3330.2, -49, -28
3330.3, -49, -28
3330.4, -49, -28
3330.5, -49, -27
3330.6, -49, -27
3330.7, -49, -27
3330.8, -49, -27
3330.9, -49, -27
3331, -49, -27
3331.1, -49, -27
3331.2, -49, -27
3331.3, -49, -27
3331.4, -49, -27
3331.5, -49, -27
3331.6, -49, -27
3331.7, -49, -27
3331.8, -49, -27
3331.9, -49, -27
3332, -49, -27
3332.1, -49, -27
3332.2, -49, -27
3332.3, -49, -27
3332.4, -49, -27
3332.5, -49, -27
3332.6, -49, -27
3332.7, -49, -27
3332.8, -49, -27
3332.9, -49, -27
3333, -49, -27
3333.1, -49, -27
3333.2, -49, -27
3333.3, -49, -27
3333.4, -49, -27
3333.5, -49, -27
3333.6, -49, -27
3333.7, -48, -27
3333.8, -48, -27
3333.9, -48, -27
3334, -48, -27
3334.1, -48, -27
3334.2, -48, -27
3334.3, -48, -27
3334.4, -48, -27
3334.5, -48, -27
3334.6, -48, -27
3334.7, -48, -27
3334.8, -48, -27
3334.9, -48, -27
3335, -48, -27
3335.1, -48, -27
3335.2, -48, -27
3335.3, -48, -27
3335.4, -48, -27
3335.5, -48, -27
3335.6, -48, -27
3335.7, -48, -27
3335.8, -48, -27
3335.9, -48, -27
3336, -48, -27
3336.1, -48, -27
3336.2, -48, -27
3336.3, -48, -27
3336.4, -48, -27
3336.5, -48, -27
3336.6, -48, -27
3336.7, -48, -27
3336.8, -48, -27
3336.9, -48, -27
3337, -48, -27
3337.1, -48, -27
3337.2, -48, -27
3337.3, -48, -27
3337.4, -48, -27
3337.5, -48, -27
3337.6, -48, -27
3337.7, -48, -27
3337.8, -48, -27
3337.9, -48, -27
3338, -48, -27
3338.1, -48, -27
3338.2, -48, -27
3338.3, -48, -27
3338.4, -48, -27
3338.5, -48, -27
3338.6, -48, -27
3338.7, -48, -27
3338.8, -48, -27
3338.9, -48, -27
3339, -48, -27
3339.1, -48, -27
3339.2, -48, -27
3339.3, -48, -27
3339.4, -48, -27
3339.5, -48, -27
3339.6, -48, -27
3339.7, -48, -27
3339.8, -48, -27
3339.9, -48, -27
3340, -48, -27
3340.1, -48, -27
3340.2, -48, -27
3340.3, -48, -27
3340.4, -48, -27
3340.5, -48, -27
3340.6, -48, -27
3340.7, -47, -27
3340.8, -47, -27
3340.9, -47, -27
3341, -47, -27
3341.1, -47, -27
3341.2, -47, -27
3341.3, -47, -27
3341.4, -47, -27
3341.5, -47, -27
3341.6, -47, -27
3341.7, -48, -27
3341.8, -48, -27
3341.9, -48, -27
3342, -48, -27
3342.1, -48, -27
3342.2, -48, -27
3342.3, -48, -27
3342.4, -48, -27
3342.5, -48, -27
3342.6, -48, -27
3342.7, -48, -27
3342.8, -48, -27
3342.9, -48, -27
3343, -48, -27
3343.1, -48, -27
3343.2, -48, -27
3343.3, -48, -27
3343.4, -48, -27
3343.5, -48, -27
3343.6, -48, -27
3343.7, -48, -27
3343.8, -48, -27
3343.9, -48, -27
3344, -48, -27
3344.1, -48, -26
3344.2, -48, -26
3344.3, -48, -26
3344.4, -48, -26
3344.5, -47, -26
3344.6, -47, -26
3344.7, -47, -26
3344.8, -47, -26
3344.9, -47, -26
3345, -47, -26
3345.1, -47, -26
3345.2, -47, -26
3345.3, -47, -26
3345.4, -47, -26
3345.5, -47, -26
3345.6, -47, -26
3345.7, -47, -26
3345.8, -47, -26
3345.9, -47, -27
3346, -47, -27
3346.1, -47, -27
3346.2, -47, -27
3346.3, -47, -27
3346.4, -47, -27
3346.5, -47, -27
3346.6, -47, -27
3346.7, -47, -27
3346.8, -47, -27
3346.9, -47, -27
3347, -47, -27
3347.1, -47, -27
3347.2, -47, -27
3347.3, -47, -27
3347.4, -47, -27
3347.5, -47, -27
3347.6, -47, -27
3347.7, -47, -27
3347.8, -47, -27
3347.9, -47, -27
3348, -47, -27
3348.1, -47, -27
3348.2, -47, -27
3348.3, -47, -27
3348.4, -47, -27
3348.5, -47, -27
3348.6, -47, -27
3348.7, -47, -27
3348.8, -47, -27
3348.9, -48, -27
3349, -48, -27
3349.1, -48, -27
3349.2, -48, -27
3349.3, -48, -27
3349.4, -48, -27
3349.5, -48, -27
3349.6, -48, -27
3349.7, -48, -26
3349.8, -48, -26
3349.9, -48, -26
3350, -48, -26
3350.1, -48, -26
3350.2, -48, -26
3350.3, -48, -26
3350.4, -48, -26
3350.5, -48, -26
3350.6, -48, -26
3350.7, -48, -26
3350.8, -48, -26
3350.9, -48, -26
3351, -48, -26
3351.1, -48, -26
3351.2, -48, -26
3351.3, -48, -26
3351.4, -48, -26
3351.5, -48, -26
3351.6, -48, -26
3351.7, -48, -26
3351.8, -48, -26
3351.9, -48, -26
3352, -48, -26
3352.1, -48, -26
3352.2, -48, -26
3352.3, -48, -26
3352.4, -48, -26
3352.5, -48, -26
3352.6, -48, -26
3352.7, -48, -26
3352.8, -48, -26
3352.9, -48, -26
3353, -48, -26
3353.1, -48, -26
3353.2, -48, -26
3353.3, -48, -26
3353.4, -48, -26
3353.5, -48, -26
3353.6, -48, -26
3353.7, -48, -26
3353.8, -48, -26
3353.9, -48, -26
3354, -48, -26
3354.1, -48, -26
3354.2, -48, -26
3354.3, -48, -26
3354.4, -48, -26
3354.5, -48, -26
3354.6, -48, -26
3354.7, -48, -26
3354.8, -48, -26
3354.9, -48, -26
3355, -48, -26
3355.1, -48, -26
3355.2, -48, -26
3355.3, -48, -26
3355.4, -48, -26
3355.5, -48, -26
3355.6, -48, -26
3355.7, -48, -26
3355.8, -48, -26
3355.9, -48, -25
3356, -48, -25
3356.1, -48, -25
3356.2, -48, -25
3356.3, -48, -25
3356.4, -48, -25
3356.5, -48, -25
3356.6, -48, -25
3356.7, -48, -25
3356.8, -48, -25
3356.9, -48, -25
3357, -48, -25
3357.1, -48, -25
3357.2, -48, -25
3357.3, -48, -25
3357.4, -48, -25
3357.5, -49, -25
3357.6, -49, -25
3357.7, -49, -25
3357.8, -49, -25
3357.9, -49, -25
3358, -49, -25
3358.1, -49, -25
3358.2, -49, -25
3358.3, -49, -25
3358.4, -49, -25
3358.5, -49, -25
3358.6, -49, -25
3358.7, -49, -25
3358.8, -49, -25
3358.9, -49, -25
3359, -49, -25
3359.1, -49, -25
3359.2, -49, -25
3359.3, -49, -25
3359.4, -49, -25
3359.5, -49, -25
3359.6, -49, -25
3359.7, -49, -25
3359.8, -49, -25
3359.9, -49, -25
3360, -49, -25
3360.1, -49, -26
3360.2, -49, -26
3360.3, -49, -26
3360.4, -49, -26
3360.5, -48, -26
3360.6, -48, -26
3360.7, -48, -26
3360.8, -48, -26
3360.9, -48, -25
3361, -48, -25
3361.1, -48, -25
3361.2, -48, -25
3361.3, -48, -25
3361.4, -48, -25
3361.5, -48, -25
3361.6, -48, -25
3361.7, -48, -25
3361.8, -48, -25
3361.9, -48, -25
3362, -48, -25
3362.1, -48, -25
3362.2, -48, -25
3362.3, -48, -25
3362.4, -48, -25
3362.5, -48, -25
3362.6, -48, -25
3362.7, -48, -25
3362.8, -48, -25
3362.9, -48, -25
3363, -48, -25
3363.1, -48, -25
3363.2, -48, -25
3363.3, -48, -25
3363.4, -48, -25
3363.5, -48, -25
3363.6, -48, -25
3363.7, -48, -25
3363.8, -48, -25
3363.9, -48, -25
3364, -48, -25
3364.1, -48, -25
3364.2, -48, -25
3364.3, -48, -25
3364.4, -48, -25
3364.5, -48, -25
3364.6, -48, -25
3364.7, -48, -25
3364.8, -48, -25
3364.9, -48, -25
3365, -48, -25
3365.1, -48, -25
3365.2, -48, -25
3365.3, -48, -25
3365.4, -48, -25
3365.5, -48, -25
3365.6, -48, -25
3365.7, -48, -24
3365.8, -48, -24
3365.9, -48, -24
3366, -48, -24
3366.1, -48, -23
3366.2, -48, -23
3366.3, -48, -23
3366.4, -48, -23
3366.5, -48, -23
3366.6, -48, -23
3366.7, -48, -23
3366.8, -48, -23
3366.9, -48, -23
3367, -48, -23
3367.1, -48, -23
3367.2, -48, -23
3367.3, -48, -23
3367.4, -48, -23
3367.5, -48, -23
3367.6, -48, -23
3367.7, -48, -23
3367.8, -48, -23
3367.9, -48, -23
3368, -48, -23
3368.1, -48, -23
3368.2, -48, -23
3368.3, -49, -23
3368.4, -49, -23
3368.5, -49, -23
3368.6, -49, -23
3368.7, -49, -23
3368.8, -49, -23
3368.9, -49, -23
3369, -49, -23
3369.1, -49, -22
3369.2, -49, -22
3369.3, -49, -22
3369.4, -49, -22
3369.5, -48, -22
3369.6, -48, -22
3369.7, -48, -22
3369.8, -48, -22
3369.9, -48, -22
3370, -48, -22
3370.1, -49, -22
3370.2, -49, -22
3370.3, -49, -22
3370.4, -49, -22
3370.5, -49, -22
3370.6, -49, -22
3370.7, -49, -22
3370.8, -49, -22
3370.9, -50, -22
3371, -50, -22
3371.1, -50, -22
3371.2, -50, -22
3371.3, -50, -21
3371.4, -50, -21
3371.5, -50, -21
3371.6, -50, -21
3371.7, -50, -21
3371.8, -50, -21
3371.9, -50, -21
3372, -50, -21
3372.1, -50, -21
3372.2, -50, -21
3372.3, -50, -21
3372.4, -50, -21
3372.5, -50, -21
3372.6, -50, -21
3372.7, -50, -21
3372.8, -50, -21
3372.9, -50, -21
3373, -50, -21
3373.1, -50, -21
3373.2, -50, -21
3373.3, -50, -21
3373.4, -50, -21
3373.5, -50, -21
3373.6, -50, -21
3373.7, -50, -21
3373.8, -50, -21
3373.9, -50, -21
3374, -50, -21
3374.1, -50, -21
3374.2, -50, -21
3374.3, -49, -21
3374.4, -49, -21
3374.5, -49, -21
3374.6, -49, -21
3374.7, -49, -21
3374.8, -49, -21
3374.9, -49, -21
3375, -49, -21
3375.1, -49, -21
3375.2, -49, -21
3375.3, -49, -21
3375.4, -49, -21
3375.5, -49, -21
3375.6, -49, -21
3375.7, -49, -21
3375.8, -49, -21
3375.9, -49, -21
3376, -49, -21
3376.1, -49, -21
3376.2, -49, -21
3376.3, -49, -21
3376.4, -49, -21
3376.5, -49, -21
3376.6, -49, -21
3376.7, -49, -21
3376.8, -49, -21
3376.9, -49, -21
3377, -49, -21
3377.1, -49, -21
3377.2, -49, -21
3377.3, -49, -21
3377.4, -49, -21
3377.5, -49, -21
3377.6, -49, -21
3377.7, -49, -21
3377.8, -49, -21
3377.9, -49, -21
3378, -49, -21
3378.1, -49, -21
3378.2, -49, -21
3378.3, -49, -21
3378.4, -49, -21
3378.5, -49, -21
3378.6, -49, -21
3378.7, -48, -21
3378.8, -48, -21
3378.9, -48, -21
3379, -48, -21
3379.1, -48, -21
3379.2, -48, -21
3379.3, -48, -21
3379.4, -48, -21
3379.5, -48, -21
3379.6, -48, -21
3379.7, -48, -21
3379.8, -48, -21
3379.9, -48, -21
3380, -48, -21
3380.1, -48, -21
3380.2, -48, -21
3380.3, -48, -21
3380.4, -48, -21
3380.5, -48, -21
3380.6, -48, -21
3380.7, -48, -21
3380.8, -48, -21
3380.9, -48, -21
3381, -48, -21
3381.1, -48, -21
3381.2, -48, -21
3381.3, -48, -21
3381.4, -48, -21
3381.5, -48, -21
3381.6, -48, -21
3381.7, -48, -21
3381.8, -48, -21
3381.9, -48, -21
3382, -48, -21
3382.1, -48, -21
3382.2, -48, -21
3382.3, -48, -21
3382.4, -48, -21
3382.5, -48, -21
3382.6, -48, -21
3382.7, -48, -21
3382.8, -48, -21
3382.9, -48, -21
3383, -48, -21
3383.1, -48, -21
3383.2, -48, -21
3383.3, -48, -21
3383.4, -48, -21
3383.5, -48, -21
3383.6, -48, -21
3383.7, -48, -21
3383.8, -48, -21
3383.9, -48, -21
3384, -48, -21
3384.1, -48, -21
3384.2, -48, -21
3384.3, -48, -21
3384.4, -48, -21
3384.5, -48, -20
3384.6, -48, -20
3384.7, -48, -20
3384.8, -48, -20
3384.9, -48, -20
3385, -48, -20
3385.1, -48, -20
3385.2, -48, -20
3385.3, -48, -20
3385.4, -48, -20
3385.5, -48, -20
3385.6, -48, -20
3385.7, -48, -20
3385.8, -48, -20
3385.9, -48, -20
3386, -48, -20
3386.1, -48, -20
3386.2, -48, -20
3386.3, -48, -20
3386.4, -48, -20
3386.5, -48, -20
3386.6, -48, -20
3386.7, -48, -20
3386.8, -48, -20
3386.9, -48, -20
3387, -48, -20
3387.1, -48, -20
3387.2, -48, -20
3387.3, -48, -20
3387.4, -48, -20
3387.5, -48, -20
3387.6, -48, -20
3387.7, -48, -20
3387.8, -48, -20
3387.9, -48, -20
3388, -48, -20
3388.1, -48, -20
3388.2, -48, -20
3388.3, -48, -20
3388.4, -48, -20
3388.5, -48, -20
3388.6, -48, -20
3388.7, -48, -20
3388.8, -48, -20
3388.9, -48, -20
3389, -48, -20
3389.1, -48, -20
3389.2, -48, -20
3389.3, -48, -20
3389.4, -48, -20
3389.5, -48, -20
3389.6, -48, -20
3389.7, -48, -20
3389.8, -48, -20
3389.9, -48, -20
3390, -48, -20
3390.1, -48, -20
3390.2, -48, -20
3390.3, -48, -20
3390.4, -48, -20
3390.5, -48, -20
3390.6, -48, -20
3390.7, -48, -20
3390.8, -48, -20
3390.9, -48, -20
3391, -48, -20
3391.1, -48, -20
3391.2, -48, -20
3391.3, -48, -20
3391.4, -48, -20
3391.5, -48, -20
3391.6, -48, -20
3391.7, -48, -20
3391.8, -48, -20
3391.9, -48, -20
3392, -48, -20
3392.1, -48, -20
3392.2, -48, -20
3392.3, -48, -20
3392.4, -48, -20
3392.5, -49, -20
3392.6, -49, -20
3392.7, -49, -20
3392.8, -49, -20
3392.9, -49, -20
3393, -49, -20
3393.1, -49, -20
3393.2, -49, -20
3393.3, -49, -20
3393.4, -49, -20
3393.5, -49, -20
3393.6, -49, -20
3393.7, -49, -20
3393.8, -49, -20
3393.9, -49, -20
3394, -49, -20
3394.1, -49, -20
3394.2, -49, -20
3394.3, -49, -20
3394.4, -49, -20
3394.5, -49, -20
3394.6, -49, -20
3394.7, -49, -20
3394.8, -49, -20
3394.9, -49, -20
3395, -49, -20
3395.1, -49, -20
3395.2, -49, -20
3395.3, -49, -20
3395.4, -49, -20
3395.5, -49, -20
3395.6, -49, -20
3395.7, -49, -20
3395.8, -49, -20
3395.9, -49, -20
3396, -49, -20
3396.1, -49, -20
3396.2, -49, -20
3396.3, -49, -20
3396.4, -49, -20
3396.5, -50, -20
3396.6, -50, -20
3396.7, -50, -20
3396.8, -50, -20
3396.9, -50, -20
3397, -50, -20
3397.1, -50, -20
3397.2, -50, -20
3397.3, -50, -20
3397.4, -50, -20
3397.5, -50, -20
3397.6, -50, -20
3397.7, -50, -20
3397.8, -50, -20
3397.9, -50, -20
3398, -50, -20
3398.1, -50, -20
3398.2, -50, -20
3398.3, -50, -20
3398.4, -50, -20
3398.5, -50, -20
3398.6, -50, -20
3398.7, -50, -20
3398.8, -50, -20
3398.9, -50, -20
3399, -50, -20
3399.1, -50, -20
3399.2, -50, -20
3399.3, -49, -20
3399.4, -49, -20
3399.5, -49, -20
3399.6, -49, -20
3399.7, -49, -20
3399.8, -49, -20
3399.9, -49, -20
3400, -49, -20
3400.1, -49, -20
3400.2, -49, -20
3400.3, -49, -20
3400.4, -49, -20
3400.5, -49, -20
3400.6, -49, -20
3400.7, -49, -20
3400.8, -49, -20
3400.9, -49, -20
3401, -49, -20
3401.1, -49, -20
3401.2, -49, -20
3401.3, -49, -20
3401.4, -49, -20
3401.5, -49, -20
3401.6, -49, -20
3401.7, -49, -20
3401.8, -49, -20
3401.9, -49, -20
3402, -49, -20
3402.1, -49, -20
3402.2, -49, -20
3402.3, -49, -20
3402.4, -49, -20
3402.5, -49, -20
3402.6, -49, -20
3402.7, -49, -20
3402.8, -49, -20
3402.9, -49, -20
3403, -49, -20
3403.1, -49, -20
3403.2, -49, -20
3403.3, -48, -20
3403.4, -48, -20
3403.5, -48, -20
3403.6, -48, -20
3403.7, -48, -20
3403.8, -48, -20
3403.9, -48, -20
3404, -48, -20
3404.1, -48, -20
3404.2, -48, -20
3404.3, -48, -20
3404.4, -48, -20
3404.5, -48, -20
3404.6, -48, -20
3404.7, -48, -20
3404.8, -48, -20
3404.9, -48, -20
3405, -48, -20
3405.1, -48, -20
3405.2, -48, -20
3405.3, -48, -20
3405.4, -48, -20
3405.5, -48, -20
3405.6, -48, -20
3405.7, -48, -20
3405.8, -48, -20
3405.9, -48, -20
3406, -48, -20
3406.1, -48, -20
3406.2, -48, -20
3406.3, -48, -20
3406.4, -48, -20
3406.5, -48, -20
3406.6, -48, -20
3406.7, -48, -20
3406.8, -48, -20
3406.9, -48, -20
3407, -48, -20
3407.1, -48, -20
3407.2, -48, -20
3407.3, -48, -20
3407.4, -48, -20
3407.5, -48, -20
3407.6, -48, -20
3407.7, -48, -20
3407.8, -48, -20
3407.9, -48, -20
3408, -48, -20
3408.1, -48, -20
3408.2, -48, -20
3408.3, -48, -20
3408.4, -48, -20
3408.5, -48, -20
3408.6, -48, -20
3408.7, -48, -20
3408.8, -48, -20
3408.9, -48, -19
3409, -48, -19
3409.1, -48, -19
3409.2, -48, -19
3409.3, -48, -19
3409.4, -48, -19
3409.5, -48, -19
3409.6, -48, -19
3409.7, -48, -19
3409.8, -48, -19
3409.9, -48, -19
3410, -48, -19
3410.1, -48, -19
3410.2, -48, -19
3410.3, -48, -19
3410.4, -48, -19
3410.5, -49, -19
3410.6, -49, -19
3410.7, -49, -19
3410.8, -49, -19
3410.9, -49, -19
3411, -49, -19
3411.1, -50, -19
3411.2, -50, -19
3411.3, -50, -19
3411.4, -50, -19
3411.5, -50, -19
3411.6, -50, -19
3411.7, -50, -19
3411.8, -50, -19
3411.9, -50, -19
3412, -50, -19
3412.1, -50, -19
3412.2, -50, -19
3412.3, -50, -19
3412.4, -50, -19
3412.5, -50, -19
3412.6, -50, -19
3412.7, -49, -19
3412.8, -49, -19
3412.9, -49, -19
3413, -49, -19
3413.1, -49, -19
3413.2, -49, -19
3413.3, -49, -19
3413.4, -49, -19
3413.5, -49, -19
3413.6, -49, -19
3413.7, -49, -19
3413.8, -49, -19
3413.9, -49, -19
3414, -49, -19
3414.1, -49, -19
3414.2, -49, -19
3414.3, -49, -19
3414.4, -49, -19
3414.5, -49, -19
3414.6, -49, -19
3414.7, -49, -19
3414.8, -49, -19
3414.9, -49, -19
3415, -49, -19
3415.1, -49, -19
3415.2, -49, -19
3415.3, -49, -19
3415.4, -49, -19
3415.5, -49, -19
3415.6, -49, -19
3415.7, -49, -19
3415.8, -49, -19
3415.9, -49, -19
3416, -49, -19
3416.1, -49, -19
3416.2, -49, -19
3416.3, -49, -19
3416.4, -49, -19
3416.5, -49, -19
3416.6, -49, -19
3416.7, -49, -19
3416.8, -49, -19
3416.9, -49, -19
3417, -49, -19
3417.1, -49, -19
3417.2, -49, -19
3417.3, -49, -19
3417.4, -49, -19
3417.5, -49, -19
3417.6, -49, -19
3417.7, -49, -19
3417.8, -49, -19
3417.9, -49, -19
3418, -49, -19
3418.1, -49, -19
3418.2, -49, -19
3418.3, -49, -19
3418.4, -49, -19
3418.5, -49, -19
3418.6, -49, -19
3418.7, -49, -19
3418.8, -49, -19
3418.9, -49, -19
3419, -49, -19
3419.1, -49, -19
3419.2, -49, -19
3419.3, -49, -19
3419.4, -49, -19
3419.5, -49, -19
3419.6, -49, -19
3419.7, -49, -19
3419.8, -49, -19
3419.9, -49, -19
3420, -49, -19
3420.1, -49, -19
3420.2, -49, -19
3420.3, -49, -19
3420.4, -49, -19
3420.5, -49, -19
3420.6, -49, -19
3420.7, -49, -19
3420.8, -49, -19
3420.9, -49, -19
3421, -49, -19
3421.1, -49, -19
3421.2, -49, -19
3421.3, -49, -19
3421.4, -49, -19
3421.5, -49, -19
3421.6, -49, -19
3421.7, -49, -19
3421.8, -49, -19
3421.9, -49, -19
3422, -49, -19
3422.1, -49, -19
3422.2, -49, -19
3422.3, -49, -19
3422.4, -49, -19
3422.5, -49, -19
3422.6, -49, -19
3422.7, -49, -19
3422.8, -49, -19
3422.9, -49, -19
3423, -49, -19
3423.1, -49, -19
3423.2, -49, -19
3423.3, -49, -19
3423.4, -49, -19
3423.5, -49, -19
3423.6, -49, -19
3423.7, -49, -19
3423.8, -49, -19
3423.9, -49, -19
3424, -49, -19
3424.1, -49, -19
3424.2, -49, -19
3424.3, -49, -19
3424.4, -49, -19
3424.5, -49, -19
3424.6, -49, -19
3424.7, -49, -19
3424.8, -49, -19
3424.9, -49, -19
3425, -49, -19
3425.1, -49, -19
3425.2, -49, -19
3425.3, -49, -19
3425.4, -49, -19
3425.5, -49, -19
3425.6, -49, -19
3425.7, -49, -19
3425.8, -49, -19
3425.9, -49, -19
3426, -49, -19
3426.1, -49, -19
3426.2, -49, -19
3426.3, -49, -19
3426.4, -49, -19
3426.5, -49, -19
3426.6, -49, -19
3426.7, -49, -19
3426.8, -49, -19
3426.9, -49, -19
3427, -49, -19
3427.1, -49, -19
3427.2, -49, -19
3427.3, -49, -19
3427.4, -49, -19
3427.5, -49, -19
3427.6, -49, -19
3427.7, -49, -19
3427.8, -49, -19
3427.9, -50, -19
3428, -50, -19
3428.1, -49, -19
3428.2, -49, -19
3428.3, -49, -19
3428.4, -49, -19
3428.5, -49, -19
3428.6, -49, -19
3428.7, -49, -19
3428.8, -49, -19
3428.9, -49, -19
3429, -49, -19
3429.1, -49, -19
3429.2, -49, -19
3429.3, -49, -19
3429.4, -49, -19
3429.5, -49, -19
3429.6, -49, -19
3429.7, -49, -19
3429.8, -49, -19
3429.9, -49, -20
3430, -49, -20
3430.1, -50, -20
3430.2, -50, -20
3430.3, -50, -20
3430.4, -50, -20
3430.5, -50, -20
3430.6, -50, -20
3430.7, -50, -19
3430.8, -50, -19
3430.9, -50, -19
3431, -50, -19
3431.1, -50, -19
3431.2, -50, -19
3431.3, -50, -19
3431.4, -50, -19
3431.5, -50, -19
3431.6, -50, -19
3431.7, -50, -19
3431.8, -50, -19
3431.9, -50, -19
3432, -50, -19
3432.1, -50, -19
3432.2, -50, -19
3432.3, -50, -19
3432.4, -50, -19
3432.5, -50, -19
3432.6, -50, -19
3432.7, -50, -19
3432.8, -50, -19
3432.9, -50, -19
3433, -50, -19
3433.1, -50, -19
3433.2, -50, -19
3433.3, -49, -19
3433.4, -49, -19
3433.5, -49, -19
3433.6, -49, -19
3433.7, -49, -19
3433.8, -49, -19
3433.9, -49, -19
3434, -49, -19
3434.1, -49, -19
3434.2, -49, -19
3434.3, -49, -19
3434.4, -49, -19
3434.5, -49, -19
3434.6, -49, -19
3434.7, -48, -19
3434.8, -48, -19
3434.9, -48, -19
3435, -48, -19
3435.1, -48, -19
3435.2, -48, -19
3435.3, -48, -19
3435.4, -48, -19
3435.5, -48, -19
3435.6, -48, -19
3435.7, -48, -19
3435.8, -48, -19
3435.9, -48, -19
3436, -48, -19
3436.1, -48, -19
3436.2, -48, -19
3436.3, -48, -19
3436.4, -48, -19
3436.5, -48, -19
3436.6, -48, -19
3436.7, -48, -19
3436.8, -48, -19
3436.9, -48, -19
3437, -48, -19
3437.1, -48, -19
3437.2, -48, -19
3437.3, -48, -19
3437.4, -48, -19
3437.5, -48, -19
3437.6, -48, -19
3437.7, -48, -19
3437.8, -48, -19
3437.9, -48, -19
3438, -48, -19
3438.1, -48, -19
3438.2, -48, -19
3438.3, -47, -19
3438.4, -47, -19
3438.5, -47, -19
3438.6, -47, -19
3438.7, -47, -19
3438.8, -47, -19
3438.9, -47, -19
3439, -47, -19
3439.1, -47, -19
3439.2, -47, -19
3439.3, -47, -20
3439.4, -47, -20
3439.5, -48, -20
3439.6, -48, -20
3439.7, -48, -20
3439.8, -48, -20
3439.9, -48, -20
3440, -48, -20
3440.1, -48, -20
3440.2, -48, -20
3440.3, -48, -20
3440.4, -48, -20
3440.5, -48, -20
3440.6, -48, -20
3440.7, -48, -20
3440.8, -48, -20
3440.9, -47, -20
3441, -47, -20
3441.1, -47, -20
3441.2, -47, -20
3441.3, -47, -20
3441.4, -47, -20
3441.5, -47, -20
3441.6, -47, -20
3441.7, -47, -20
3441.8, -47, -20
3441.9, -47, -19
3442, -47, -19
3442.1, -46, -19
3442.2, -46, -19
3442.3, -46, -19
3442.4, -46, -19
3442.5, -46, -19
3442.6, -46, -19
3442.7, -46, -19
3442.8, -46, -19
3442.9, -46, -19
3443, -46, -19
3443.1, -46, -19
3443.2, -46, -19
3443.3, -46, -19
3443.4, -46, -19
3443.5, -45, -19
3443.6, -45, -19
3443.7, -45, -19
3443.8, -45, -19
3443.9, -45, -19
3444, -45, -19
3444.1, -45, -19
3444.2, -45, -19
3444.3, -45, -19
3444.4, -45, -19
3444.5, -45, -19
3444.6, -45, -19
3444.7, -45, -19
3444.8, -45, -19
3444.9, -45, -19
3445, -45, -19
3445.1, -45, -19
3445.2, -45, -19
3445.3, -45, -19
3445.4, -45, -19
3445.5, -45, -19
3445.6, -45, -19
3445.7, -45, -19
3445.8, -45, -19
3445.9, -45, -19
3446, -45, -19
3446.1, -45, -19
3446.2, -45, -19
3446.3, -45, -19
3446.4, -45, -19
3446.5, -45, -19
3446.6, -45, -19
3446.7, -45, -19
3446.8, -45, -19
3446.9, -45, -19
3447, -45, -19
3447.1, -45, -19
3447.2, -45, -19
3447.3, -46, -19
3447.4, -46, -19
3447.5, -46, -19
3447.6, -46, -19
3447.7, -46, -19
3447.8, -46, -19
3447.9, -46, -19
3448, -46, -19
3448.1, -46, -19
3448.2, -46, -19
3448.3, -46, -19
3448.4, -46, -19
3448.5, -46, -19
3448.6, -46, -19
3448.7, -46, -19
3448.8, -46, -19
3448.9, -46, -19
3449, -46, -19
3449.1, -46, -19
3449.2, -46, -19
3449.3, -45, -19
3449.4, -45, -19
3449.5, -45, -19
3449.6, -45, -19
3449.7, -45, -19
3449.8, -45, -19
3449.9, -45, -19
3450, -45, -19
3450.1, -45, -19
3450.2, -45, -19
3450.3, -45, -19
3450.4, -45, -19
3450.5, -45, -19
3450.6, -45, -19
3450.7, -45, -19
3450.8, -45, -19
3450.9, -45, -19
3451, -45, -19
3451.1, -45, -19
3451.2, -45, -19
3451.3, -45, -19
3451.4, -45, -19
3451.5, -45, -19
3451.6, -45, -19
3451.7, -45, -19
3451.8, -45, -19
3451.9, -45, -19
3452, -45, -19
3452.1, -45, -19
3452.2, -45, -19
3452.3, -45, -20
3452.4, -45, -20
3452.5, -45, -20
3452.6, -45, -20
3452.7, -45, -20
3452.8, -45, -20
3452.9, -45, -20
3453, -45, -20
3453.1, -45, -20
3453.2, -45, -20
3453.3, -45, -20
3453.4, -45, -20
3453.5, -46, -20
3453.6, -46, -20
3453.7, -46, -20
3453.8, -46, -20
3453.9, -46, -20
3454, -46, -20
3454.1, -46, -20
3454.2, -46, -20
3454.3, -46, -20
3454.4, -46, -20
3454.5, -46, -21
3454.6, -46, -21
3454.7, -46, -21
3454.8, -46, -21
3454.9, -46, -21
3455, -46, -21
3455.1, -46, -21
3455.2, -46, -21
3455.3, -46, -21
3455.4, -46, -21
3455.5, -46, -21
3455.6, -46, -21
3455.7, -46, -21
3455.8, -46, -21
3455.9, -46, -21
3456, -46, -21
3456.1, -46, -21
3456.2, -46, -21
3456.3, -46, -21
3456.4, -46, -21
3456.5, -46, -21
3456.6, -46, -21
3456.7, -47, -21
3456.8, -47, -21
3456.9, -47, -21
3457, -47, -21
3457.1, -47, -21
3457.2, -47, -21
3457.3, -47, -21
3457.4, -47, -21
3457.5, -47, -21
3457.6, -47, -21
3457.7, -47, -21
3457.8, -47, -21
3457.9, -47, -21
3458, -47, -21
3458.1, -47, -20
3458.2, -47, -20
3458.3, -47, -20
3458.4, -47, -20
3458.5, -46, -20
3458.6, -46, -20
3458.7, -46, -20
3458.8, -46, -20
3458.9, -46, -20
3459, -46, -20
3459.1, -45, -20
3459.2, -45, -20
3459.3, -45, -20
3459.4, -45, -20
3459.5, -45, -20
3459.6, -45, -20
3459.7, -45, -20
3459.8, -45, -20
3459.9, -44, -20
3460, -44, -20
3460.1, -44, -20
3460.2, -44, -20
3460.3, -44, -20
3460.4, -44, -20
3460.5, -44, -20
3460.6, -44, -20
3460.7, -44, -20
3460.8, -44, -20
3460.9, -44, -20
3461, -44, -20
3461.1, -44, -20
3461.2, -44, -20
3461.3, -44, -21
3461.4, -44, -21
3461.5, -44, -21
3461.6, -44, -21
3461.7, -44, -21
3461.8, -44, -21
3461.9, -44, -21
3462, -44, -21
3462.1, -44, -21
3462.2, -44, -21
3462.3, -44, -21
3462.4, -44, -21
3462.5, -44, -21
3462.6, -44, -21
3462.7, -44, -21
3462.8, -44, -21
3462.9, -44, -21
3463, -44, -21
3463.1, -44, -21
3463.2, -44, -21
3463.3, -43, -21
3463.4, -43, -21
3463.5, -43, -21
3463.6, -43, -21
3463.7, -43, -21
3463.8, -43, -21
3463.9, -43, -21
3464, -43, -21
3464.1, -43, -21
3464.2, -43, -21
3464.3, -43, -21
3464.4, -43, -21
3464.5, -43, -21
3464.6, -43, -21
3464.7, -43, -21
3464.8, -43, -21
3464.9, -43, -21
3465, -43, -21
3465.1, -43, -21
3465.2, -43, -21
3465.3, -43, -21
3465.4, -43, -21
3465.5, -43, -21
3465.6, -43, -21
3465.7, -43, -21
3465.8, -43, -21
3465.9, -42, -21
3466, -42, -21
3466.1, -43, -21
3466.2, -43, -21
3466.3, -43, -21
3466.4, -43, -21
3466.5, -43, -21
3466.6, -43, -21
3466.7, -43, -21
3466.8, -43, -21
3466.9, -43, -21
3467, -43, -21
3467.1, -43, -22
3467.2, -43, -22
3467.3, -43, -22
3467.4, -43, -22
3467.5, -43, -22
3467.6, -43, -22
3467.7, -43, -22
3467.8, -43, -22
3467.9, -43, -22
3468, -43, -22
3468.1, -43, -22
3468.2, -43, -22
3468.3, -43, -22
3468.4, -43, -22
3468.5, -43, -22
3468.6, -43, -22
3468.7, -43, -22
3468.8, -43, -22
3468.9, -43, -22
3469, -43, -22
3469.1, -43, -22
3469.2, -43, -22
3469.3, -43, -22
3469.4, -43, -22
3469.5, -43, -22
3469.6, -43, -22
3469.7, -43, -22
3469.8, -43, -22
3469.9, -43, -22
3470, -43, -22
3470.1, -43, -22
3470.2, -43, -22
3470.3, -43, -22
3470.4, -43, -22
3470.5, -43, -22
3470.6, -43, -22
3470.7, -43, -22
3470.8, -43, -22
3470.9, -43, -22
3471, -43, -22
3471.1, -43, -22
3471.2, -43, -22
3471.3, -43, -23
3471.4, -43, -23
3471.5, -42, -23
3471.6, -42, -23
3471.7, -43, -23
3471.8, -43, -23
3471.9, -43, -23
3472, -43, -23
3472.1, -43, -22
3472.2, -43, -22
3472.3, -43, -22
3472.4, -43, -22
3472.5, -43, -22
3472.6, -43, -22
3472.7, -43, -22
3472.8, -43, -22
3472.9, -43, -22
3473, -43, -22
3473.1, -43, -22
3473.2, -43, -22
3473.3, -43, -22
3473.4, -43, -22
3473.5, -42, -22
3473.6, -42, -22
3473.7, -42, -22
3473.8, -42, -22
3473.9, -42, -22
3474, -42, -22
3474.1, -41, -22
3474.2, -41, -22
3474.3, -41, -22
3474.4, -41, -22
3474.5, -41, -22
3474.6, -41, -22
3474.7, -41, -22
3474.8, -41, -22
3474.9, -41, -22
3475, -41, -22
3475.1, -41, -22
3475.2, -41, -22
3475.3, -41, -22
3475.4, -41, -22
3475.5, -41, -22
3475.6, -41, -22
3475.7, -41, -22
3475.8, -41, -22
3475.9, -41, -22
3476, -41, -22
3476.1, -41, -22
3476.2, -41, -22
3476.3, -41, -22
3476.4, -41, -22
3476.5, -41, -22
3476.6, -41, -22
3476.7, -41, -22
3476.8, -41, -22
3476.9, -41, -22
3477, -41, -22
3477.1, -41, -22
3477.2, -41, -22
3477.3, -41, -22
3477.4, -41, -22
3477.5, -41, -22
3477.6, -41, -22
3477.7, -41, -22
3477.8, -41, -22
3477.9, -41, -22
3478, -41, -22
3478.1, -41, -22
3478.2, -41, -22
3478.3, -41, -23
3478.4, -41, -23
3478.5, -41, -23
3478.6, -41, -23
3478.7, -41, -23
3478.8, -41, -23
3478.9, -41, -23
3479, -41, -23
3479.1, -41, -23
3479.2, -41, -23
3479.3, -41, -23
3479.4, -41, -23
3479.5, -41, -23
3479.6, -41, -23
3479.7, -41, -23
3479.8, -41, -23
3479.9, -41, -23
3480, -41, -23
3480.1, -41, -23
3480.2, -41, -23
3480.3, -41, -23
3480.4, -41, -23
3480.5, -41, -23
3480.6, -41, -23
3480.7, -41, -23
3480.8, -41, -23
3480.9, -41, -23
3481, -41, -23
3481.1, -41, -23
3481.2, -41, -23
3481.3, -41, -23
3481.4, -41, -23
3481.5, -41, -23
3481.6, -41, -23
3481.7, -41, -23
3481.8, -41, -23
3481.9, -41, -23
3482, -41, -23
3482.1, -41, -23
3482.2, -41, -23
3482.3, -41, -23
3482.4, -41, -23
3482.5, -41, -23
3482.6, -41, -23
3482.7, -41, -23
3482.8, -41, -23
3482.9, -41, -24
3483, -41, -24
3483.1, -41, -24
3483.2, -41, -24
3483.3, -41, -24
3483.4, -41, -24
3483.5, -41, -24
3483.6, -41, -24
3483.7, -41, -24
3483.8, -41, -24
3483.9, -41, -24
3484, -41, -24
3484.1, -41, -24
3484.2, -41, -24
3484.3, -41, -24
3484.4, -41, -24
3484.5, -41, -24
3484.6, -41, -24
3484.7, -41, -24
3484.8, -41, -24
3484.9, -41, -24
3485, -41, -24
3485.1, -41, -24
3485.2, -41, -24
3485.3, -40, -24
3485.4, -40, -24
3485.5, -40, -24
3485.6, -40, -24
3485.7, -40, -24
3485.8, -40, -24
3485.9, -40, -24
3486, -40, -24
3486.1, -40, -24
3486.2, -40, -24
3486.3, -40, -24
3486.4, -40, -24
3486.5, -40, -24
3486.6, -40, -24
3486.7, -40, -24
3486.8, -40, -24
3486.9, -40, -24
3487, -40, -24
3487.1, -40, -24
3487.2, -40, -24
3487.3, -40, -24
3487.4, -40, -24
3487.5, -40, -23
3487.6, -40, -23
3487.7, -40, -23
3487.8, -40, -23
3487.9, -40, -23
3488, -40, -23
3488.1, -40, -23
3488.2, -40, -23
3488.3, -40, -23
3488.4, -40, -23
3488.5, -40, -23
3488.6, -40, -23
3488.7, -41, -23
3488.8, -41, -23
3488.9, -41, -23
3489, -41, -23
3489.1, -41, -24
3489.2, -41, -24
3489.3, -41, -24
3489.4, -41, -24
3489.5, -41, -24
3489.6, -41, -24
3489.7, -41, -24
3489.8, -41, -24
3489.9, -41, -24
3490, -41, -24
3490.1, -41, -24
3490.2, -41, -24
3490.3, -41, -25
3490.4, -41, -25
3490.5, -41, -25
3490.6, -41, -25
3490.7, -41, -25
3490.8, -41, -25
3490.9, -41, -25
3491, -41, -25
3491.1, -41, -25
3491.2, -41, -25
3491.3, -41, -25
3491.4, -41, -25
3491.5, -41, -25
3491.6, -41, -25
3491.7, -41, -25
3491.8, -41, -25
3491.9, -41, -25
3492, -41, -25
3492.1, -41, -25
3492.2, -41, -25
3492.3, -41, -25
3492.4, -41, -25
3492.5, -41, -25
3492.6, -41, -25
3492.7, -41, -26
3492.8, -41, -26
3492.9, -41, -26
3493, -41, -26
3493.1, -41, -26
3493.2, -41, -26
3493.3, -41, -26
3493.4, -41, -26
3493.5, -41, -26
3493.6, -41, -26
3493.7, -41, -26
3493.8, -41, -26
3493.9, -41, -26
3494, -41, -26
3494.1, -41, -26
3494.2, -41, -26
3494.3, -41, -26
3494.4, -41, -26
3494.5, -41, -26
3494.6, -41, -26
3494.7, -41, -26
3494.8, -41, -26
3494.9, -41, -26
3495, -41, -26
3495.1, -41, -26
3495.2, -41, -26
3495.3, -41, -26
3495.4, -41, -26
3495.5, -42, -26
3495.6, -42, -26
3495.7, -42, -26
3495.8, -42, -26
3495.9, -42, -26
3496, -42, -26
3496.1, -42, -26
3496.2, -42, -26
3496.3, -42, -26
3496.4, -42, -26
3496.5, -42, -26
3496.6, -42, -26
3496.7, -42, -26
3496.8, -42, -26
3496.9, -43, -26
3497, -43, -26
3497.1, -43, -26
3497.2, -43, -26
3497.3, -42, -26
3497.4, -42, -26
3497.5, -42, -26
3497.6, -42, -26
3497.7, -42, -26
3497.8, -42, -26
3497.9, -42, -26
3498, -42, -26
3498.1, -42, -26
3498.2, -42, -26
3498.3, -42, -26
3498.4, -42, -26
3498.5, -42, -26
3498.6, -42, -26
3498.7, -42, -27
3498.8, -42, -27
3498.9, -42, -27
3499, -42, -27
3499.1, -42, -27
3499.2, -42, -27
3499.3, -42, -26
3499.4, -42, -26
3499.5, -42, -26
3499.6, -42, -26
3499.7, -42, -26
3499.8, -42, -26
3499.9, -42, -26
3500, -42, -26
3500.1, -43, -26
3500.2, -43, -26
3500.3, -43, -26
3500.4, -43, -26
3500.5, -43, -26
3500.6, -43, -26
3500.7, -43, -26
3500.8, -43, -26
3500.9, -43, -26
3501, -43, -26
3501.1, -43, -26
3501.2, -43, -26
3501.3, -43, -26
3501.4, -43, -26
3501.5, -43, -26
3501.6, -43, -26
3501.7, -43, -26
3501.8, -43, -26
3501.9, -44, -26
3502, -44, -26
3502.1, -44, -26
3502.2, -44, -26
3502.3, -44, -27
3502.4, -44, -27
3502.5, -44, -27
3502.6, -44, -27
3502.7, -44, -27
3502.8, -44, -27
3502.9, -44, -27
3503, -44, -27
3503.1, -44, -27
3503.2, -44, -27
3503.3, -44, -27
3503.4, -44, -27
3503.5, -44, -27
3503.6, -44, -27
3503.7, -44, -27
3503.8, -44, -27
3503.9, -44, -28
3504, -44, -28
3504.1, -44, -28
3504.2, -44, -28
3504.3, -44, -28
3504.4, -44, -28
3504.5, -43, -28
3504.6, -43, -28
3504.7, -43, -28
3504.8, -43, -28
3504.9, -43, -28
3505, -43, -28
3505.1, -43, -28
3505.2, -43, -28
3505.3, -43, -28
3505.4, -43, -28
3505.5, -43, -28
3505.6, -43, -28
3505.7, -43, -28
3505.8, -43, -28
3505.9, -43, -28
3506, -43, -28
3506.1, -43, -28
3506.2, -43, -28
3506.3, -43, -28
3506.4, -43, -28
3506.5, -43, -29
3506.6, -43, -29
3506.7, -43, -29
3506.8, -43, -29
3506.9, -44, -29
3507, -44, -29
3507.1, -44, -29
3507.2, -44, -29
3507.3, -44, -29
3507.4, -44, -29
3507.5, -45, -29
3507.6, -45, -29
3507.7, -45, -29
3507.8, -45, -29
3507.9, -45, -29
3508, -45, -29
3508.1, -45, -29
3508.2, -45, -29
3508.3, -45, -29
3508.4, -45, -29
3508.5, -45, -29
3508.6, -45, -29
3508.7, -45, -29
3508.8, -45, -29
3508.9, -45, -29
3509, -45, -29
3509.1, -45, -29
3509.2, -45, -29
3509.3, -45, -29
3509.4, -45, -29
3509.5, -45, -29
3509.6, -45, -29
3509.7, -45, -29
3509.8, -45, -29
3509.9, -45, -29
3510, -45, -29
3510.1, -44, -29
3510.2, -44, -29
3510.3, -44, -29
3510.4, -44, -29
3510.5, -44, -29
3510.6, -44, -29
3510.7, -44, -29
3510.8, -44, -29
3510.9, -44, -29
3511, -44, -29
3511.1, -44, -29
3511.2, -44, -29
3511.3, -44, -29
3511.4, -44, -29
3511.5, -44, -29
3511.6, -44, -29
3511.7, -44, -29
3511.8, -44, -29
3511.9, -44, -29
3512, -44, -29
3512.1, -44, -29
3512.2, -44, -29
3512.3, -44, -29
3512.4, -44, -29
3512.5, -44, -29
3512.6, -44, -29
3512.7, -44, -29
3512.8, -44, -29
3512.9, -45, -29
3513, -45, -29
3513.1, -45, -29
3513.2, -45, -29
3513.3, -45, -29
3513.4, -45, -29
3513.5, -46, -29
3513.6, -46, -29
3513.7, -46, -29
3513.8, -46, -29
3513.9, -46, -29
3514, -46, -29
3514.1, -46, -29
3514.2, -46, -29
3514.3, -46, -29
3514.4, -46, -29
3514.5, -46, -29
3514.6, -46, -29
3514.7, -46, -29
3514.8, -46, -29
3514.9, -46, -29
3515, -46, -29
3515.1, -46, -29
3515.2, -46, -29
3515.3, -46, -29
3515.4, -46, -29
3515.5, -46, -29
3515.6, -46, -29
3515.7, -46, -29
3515.8, -46, -29
3515.9, -46, -29
3516, -46, -29
3516.1, -46, -29
3516.2, -46, -29
3516.3, -46, -29
3516.4, -46, -29
3516.5, -46, -29
3516.6, -46, -29
3516.7, -46, -29
3516.8, -46, -29
3516.9, -46, -29
3517, -46, -29
3517.1, -46, -29
3517.2, -46, -29
3517.3, -46, -29
3517.4, -46, -29
3517.5, -46, -29
3517.6, -46, -29
3517.7, -46, -29
3517.8, -46, -29
3517.9, -46, -29
3518, -46, -29
3518.1, -46, -29
3518.2, -46, -29
3518.3, -46, -29
3518.4, -46, -29
3518.5, -46, -29
3518.6, -46, -29
3518.7, -46, -29
3518.8, -46, -29
3518.9, -46, -29
3519, -46, -29
3519.1, -46, -29
3519.2, -46, -29
3519.3, -46, -29
3519.4, -46, -29
3519.5, -46, -29
3519.6, -46, -29
3519.7, -46, -29
3519.8, -46, -29
3519.9, -46, -29
3520, -46, -29
3520.1, -46, -29
3520.2, -46, -29
3520.3, -46, -29
3520.4, -46, -29
3520.5, -46, -29
3520.6, -46, -29
3520.7, -47, -29
3520.8, -47, -29
3520.9, -46, -29
3521, -46, -29
3521.1, -46, -29
3521.2, -46, -29
3521.3, -46, -29
3521.4, -46, -29
3521.5, -46, -29
3521.6, -46, -29
3521.7, -46, -29
3521.8, -46, -29
3521.9, -45, -29
3522, -45, -29
3522.1, -45, -29
3522.2, -45, -29
3522.3, -45, -29
3522.4, -45, -29
3522.5, -45, -29
3522.6, -45, -29
3522.7, -45, -29
3522.8, -45, -29
3522.9, -44, -29
3523, -44, -29
3523.1, -44, -29
3523.2, -44, -29
3523.3, -44, -29
3523.4, -44, -29
3523.5, -44, -29
3523.6, -44, -29
3523.7, -44, -29
3523.8, -44, -29
3523.9, -44, -29
3524, -44, -29
3524.1, -43, -29
3524.2, -43, -29
3524.3, -43, -29
3524.4, -43, -29
3524.5, -43, -29
3524.6, -43, -29
3524.7, -43, -29
3524.8, -43, -29
3524.9, -43, -29
3525, -43, -29
3525.1, -43, -29
3525.2, -43, -29
3525.3, -43, -29
3525.4, -43, -29
3525.5, -43, -29
3525.6, -43, -29
3525.7, -43, -29
3525.8, -43, -29
3525.9, -43, -29
3526, -43, -29
3526.1, -43, -29
3526.2, -43, -29
3526.3, -43, -29
3526.4, -43, -29
3526.5, -43, -29
3526.6, -43, -29
3526.7, -43, -28
3526.8, -43, -28
3526.9, -43, -28
3527, -43, -28
3527.1, -43, -28
3527.2, -43, -28
3527.3, -43, -28
3527.4, -43, -28
3527.5, -43, -28
3527.6, -43, -28
3527.7, -43, -28
3527.8, -43, -28
3527.9, -43, -28
3528, -43, -28
3528.1, -43, -28
3528.2, -43, -28
3528.3, -43, -28
3528.4, -43, -28
3528.5, -43, -28
3528.6, -43, -28
3528.7, -43, -28
3528.8, -43, -28
3528.9, -43, -28
3529, -43, -28
3529.1, -43, -28
3529.2, -43, -28
3529.3, -43, -28
3529.4, -43, -28
3529.5, -43, -28
3529.6, -43, -28
3529.7, -43, -28
3529.8, -43, -28
3529.9, -43, -28
3530, -43, -28
3530.1, -43, -28
3530.2, -43, -28
3530.3, -43, -28
3530.4, -43, -28
3530.5, -43, -28
3530.6, -43, -28
3530.7, -42, -28
3530.8, -42, -28
3530.9, -42, -28
3531, -42, -28
3531.1, -42, -28
3531.2, -42, -28
3531.3, -42, -28
3531.4, -42, -28
3531.5, -42, -28
3531.6, -42, -28
3531.7, -42, -28
3531.8, -42, -28
3531.9, -42, -28
3532, -42, -28
3532.1, -42, -28
3532.2, -42, -28
3532.3, -42, -28
3532.4, -42, -28
3532.5, -42, -28
3532.6, -42, -28
3532.7, -42, -28
3532.8, -42, -28
3532.9, -42, -28
3533, -42, -28
3533.1, -42, -28
3533.2, -42, -28
3533.3, -42, -29
3533.4, -42, -29
3533.5, -42, -29
3533.6, -42, -29
3533.7, -42, -29
3533.8, -42, -29
3533.9, -42, -29
3534, -42, -29
3534.1, -42, -29
3534.2, -42, -29
3534.3, -42, -29
3534.4, -42, -29
3534.5, -42, -29
3534.6, -42, -29
3534.7, -42, -29
3534.8, -42, -29
3534.9, -43, -29
3535, -43, -29
3535.1, -43, -29
3535.2, -43, -29
3535.3, -43, -29
3535.4, -43, -29
3535.5, -43, -29
3535.6, -43, -29
3535.7, -43, -29
3535.8, -43, -29
3535.9, -43, -29
3536, -43, -29
3536.1, -43, -29
3536.2, -43, -29
3536.3, -43, -29
3536.4, -43, -29
3536.5, -43, -29
3536.6, -43, -29
3536.7, -43, -29
3536.8, -43, -29
3536.9, -43, -29
3537, -43, -29
3537.1, -43, -29
3537.2, -43, -29
3537.3, -43, -29
3537.4, -43, -29
3537.5, -43, -29
3537.6, -43, -29
3537.7, -43, -29
3537.8, -43, -29
3537.9, -43, -29
3538, -43, -29
3538.1, -43, -29
3538.2, -43, -29
3538.3, -43, -29
3538.4, -43, -29
3538.5, -43, -29
3538.6, -43, -29
3538.7, -43, -29
3538.8, -43, -29
3538.9, -43, -29
3539, -43, -29
3539.1, -43, -29
3539.2, -43, -29
3539.3, -43, -29
3539.4, -43, -29
3539.5, -43, -29
3539.6, -43, -29
3539.7, -43, -29
3539.8, -43, -29
3539.9, -43, -29
3540, -43, -29
3540.1, -43, -29
3540.2, -43, -29
3540.3, -43, -29
3540.4, -43, -29
3540.5, -43, -29
3540.6, -43, -29
3540.7, -43, -29
3540.8, -43, -29
3540.9, -43, -29
3541, -43, -29
3541.1, -43, -29
3541.2, -43, -29
3541.3, -43, -29
3541.4, -43, -29
3541.5, -43, -29
3541.6, -43, -29
3541.7, -43, -29
3541.8, -43, -29
3541.9, -43, -29
3542, -43, -29
3542.1, -43, -29
3542.2, -43, -29
3542.3, -43, -29
3542.4, -43, -29
3542.5, -43, -29
3542.6, -43, -29
3542.7, -43, -29
3542.8, -43, -29
3542.9, -43, -29
3543, -43, -29
3543.1, -43, -29
3543.2, -43, -29
3543.3, -43, -29
3543.4, -43, -29
3543.5, -43, -30
3543.6, -43, -30
3543.7, -43, -30
3543.8, -43, -30
3543.9, -43, -30
3544, -43, -30
3544.1, -43, -30
3544.2, -43, -30
3544.3, -43, -30
3544.4, -43, -30
3544.5, -43, -30
3544.6, -43, -30
3544.7, -43, -30
3544.8, -43, -30
3544.9, -43, -30
3545, -43, -30
3545.1, -43, -29
3545.2, -43, -29
3545.3, -43, -29
3545.4, -43, -29
3545.5, -43, -29
3545.6, -43, -29
3545.7, -43, -29
3545.8, -43, -29
3545.9, -43, -29
3546, -43, -29
3546.1, -43, -29
3546.2, -43, -29
3546.3, -43, -29
3546.4, -43, -29
3546.5, -43, -30
3546.6, -43, -30
3546.7, -43, -30
3546.8, -43, -30
3546.9, -43, -30
3547, -43, -30
3547.1, -43, -30
3547.2, -43, -30
3547.3, -43, -29
3547.4, -43, -29
3547.5, -43, -29
3547.6, -43, -29
3547.7, -43, -29
3547.8, -43, -29
3547.9, -43, -29
3548, -43, -29
3548.1, -43, -29
3548.2, -43, -29
3548.3, -43, -29
3548.4, -43, -29
3548.5, -43, -29
3548.6, -43, -29
3548.7, -43, -29
3548.8, -43, -29
3548.9, -43, -29
3549, -43, -29
3549.1, -43, -29
3549.2, -43, -29
3549.3, -43, -29
3549.4, -43, -29
3549.5, -43, -29
3549.6, -43, -29
3549.7, -43, -29
3549.8, -43, -29
3549.9, -43, -29
3550, -43, -29
3550.1, -43, -29
3550.2, -43, -29
3550.3, -43, -29
3550.4, -43, -29
3550.5, -43, -29
3550.6, -43, -29
3550.7, -42, -29
3550.8, -42, -29
3550.9, -42, -29
3551, -42, -29
3551.1, -42, -29
3551.2, -42, -29
3551.3, -42, -29
3551.4, -42, -29
3551.5, -42, -29
3551.6, -42, -29
3551.7, -42, -29
3551.8, -42, -29
3551.9, -42, -29
3552, -42, -29
3552.1, -42, -29
3552.2, -42, -29
3552.3, -42, -29
3552.4, -42, -29
3552.5, -42, -29
3552.6, -42, -29
3552.7, -42, -29
3552.8, -42, -29
3552.9, -43, -29
3553, -43, -29
3553.1, -43, -29
3553.2, -43, -29
3553.3, -43, -30
3553.4, -43, -30
3553.5, -43, -30
3553.6, -43, -30
3553.7, -43, -30
3553.8, -43, -30
3553.9, -43, -29
3554, -43, -29
3554.1, -43, -29
3554.2, -43, -29
3554.3, -43, -29
3554.4, -43, -29
3554.5, -43, -29
3554.6, -43, -29
3554.7, -43, -29
3554.8, -43, -29
3554.9, -43, -29
3555, -43, -29
3555.1, -43, -29
3555.2, -43, -29
3555.3, -43, -29
3555.4, -43, -29
3555.5, -43, -29
3555.6, -43, -29
3555.7, -43, -29
3555.8, -43, -29
3555.9, -42, -29
3556, -42, -29
3556.1, -42, -29
3556.2, -42, -29
3556.3, -42, -29
3556.4, -42, -29
3556.5, -42, -29
3556.6, -42, -29
3556.7, -42, -29
3556.8, -42, -29
3556.9, -42, -29
3557, -42, -29
3557.1, -42, -29
3557.2, -42, -29
3557.3, -42, -29
3557.4, -42, -29
3557.5, -42, -29
3557.6, -42, -29
3557.7, -42, -29
3557.8, -42, -29
3557.9, -42, -29
3558, -42, -29
3558.1, -42, -29
3558.2, -42, -29
3558.3, -42, -29
3558.4, -42, -29
3558.5, -42, -29
3558.6, -42, -29
3558.7, -42, -29
3558.8, -42, -29
3558.9, -42, -29
3559, -42, -29
3559.1, -42, -29
3559.2, -42, -29
3559.3, -42, -29
3559.4, -42, -29
3559.5, -42, -29
3559.6, -42, -29
3559.7, -42, -29
3559.8, -42, -29
3559.9, -42, -29
3560, -42, -29
3560.1, -42, -29
3560.2, -42, -29
3560.3, -42, -29
3560.4, -42, -29
3560.5, -42, -29
3560.6, -42, -29
3560.7, -42, -30
3560.8, -42, -30
3560.9, -42, -30
3561, -42, -30
3561.1, -42, -30
3561.2, -42, -30
3561.3, -42, -30
3561.4, -42, -30
3561.5, -42, -30
3561.6, -42, -30
3561.7, -42, -30
3561.8, -42, -30
3561.9, -42, -30
3562, -42, -30
3562.1, -42, -30
3562.2, -42, -30
3562.3, -42, -30
3562.4, -42, -30
3562.5, -42, -30
3562.6, -42, -30
3562.7, -42, -30
3562.8, -42, -30
3562.9, -42, -30
3563, -42, -30
3563.1, -43, -30
3563.2, -43, -30
3563.3, -43, -30
3563.4, -43, -30
3563.5, -43, -30
3563.6, -43, -30
3563.7, -43, -30
3563.8, -43, -30
3563.9, -43, -30
3564, -43, -30
3564.1, -43, -30
3564.2, -43, -30
3564.3, -43, -30
3564.4, -43, -30
3564.5, -43, -30
3564.6, -43, -30
3564.7, -43, -30
3564.8, -43, -30
3564.9, -43, -30
3565, -43, -30
3565.1, -43, -30
3565.2, -43, -30
3565.3, -43, -30
3565.4, -43, -30
3565.5, -42, -30
3565.6, -42, -30
3565.7, -42, -30
3565.8, -42, -30
3565.9, -42, -30
3566, -42, -30
3566.1, -42, -30
3566.2, -42, -30
3566.3, -42, -30
3566.4, -42, -30
3566.5, -42, -30
3566.6, -42, -30
3566.7, -42, -30
3566.8, -42, -30
3566.9, -42, -30
3567, -42, -30
3567.1, -42, -30
3567.2, -42, -30
3567.3, -42, -30
3567.4, -42, -30
3567.5, -42, -30
3567.6, -42, -30
3567.7, -42, -30
3567.8, -42, -30
3567.9, -42, -30
3568, -42, -30
3568.1, -42, -30
3568.2, -42, -30
3568.3, -42, -30
3568.4, -42, -30
3568.5, -42, -30
3568.6, -42, -30
3568.7, -42, -30
3568.8, -42, -30
3568.9, -42, -30
3569, -42, -30
3569.1, -42, -30
3569.2, -42, -30
3569.3, -42, -30
3569.4, -42, -30
3569.5, -42, -30
3569.6, -42, -30
3569.7, -42, -30
3569.8, -42, -30
3569.9, -42, -30
3570, -42, -30
3570.1, -42, -30
3570.2, -42, -30
3570.3, -42, -30
3570.4, -42, -30
3570.5, -42, -30
3570.6, -42, -30
3570.7, -42, -30
3570.8, -42, -30
3570.9, -42, -30
3571, -42, -30
3571.1, -42, -30
3571.2, -42, -30
3571.3, -42, -30
3571.4, -42, -30
3571.5, -42, -30
3571.6, -42, -30
3571.7, -42, -30
3571.8, -42, -30
3571.9, -42, -30
3572, -42, -30
3572.1, -42, -30
3572.2, -42, -30
3572.3, -42, -30
3572.4, -42, -30
3572.5, -42, -29
3572.6, -42, -29
3572.7, -42, -29
3572.8, -42, -29
3572.9, -42, -29
3573, -42, -29
3573.1, -42, -29
3573.2, -42, -29
3573.3, -42, -29
3573.4, -42, -29
3573.5, -42, -29
3573.6, -42, -29
3573.7, -42, -29
3573.8, -42, -29
3573.9, -42, -29
3574, -42, -29
3574.1, -42, -28
3574.2, -42, -28
3574.3, -42, -28
3574.4, -42, -28
3574.5, -42, -28
3574.6, -42, -28
3574.7, -42, -28
3574.8, -42, -28
3574.9, -42, -28
3575, -42, -28
3575.1, -42, -28
3575.2, -42, -28
3575.3, -42, -28
3575.4, -42, -28
3575.5, -42, -28
3575.6, -42, -28
3575.7, -42, -28
3575.8, -42, -28
3575.9, -42, -28
3576, -42, -28
3576.1, -42, -28
3576.2, -42, -28
3576.3, -42, -28
3576.4, -42, -28
3576.5, -42, -28
3576.6, -42, -28
3576.7, -42, -28
3576.8, -42, -28
3576.9, -42, -28
3577, -42, -28
3577.1, -42, -28
3577.2, -42, -28
3577.3, -42, -28
3577.4, -42, -28
3577.5, -42, -28
3577.6, -42, -28
3577.7, -42, -28
3577.8, -42, -28
3577.9, -42, -28
3578, -42, -28
3578.1, -42, -28
3578.2, -42, -28
3578.3, -42, -28
3578.4, -42, -28
3578.5, -42, -28
3578.6, -42, -28
3578.7, -42, -27
3578.8, -42, -27
3578.9, -42, -27
3579, -42, -27
3579.1, -42, -27
3579.2, -42, -27
3579.3, -42, -27
3579.4, -42, -27
3579.5, -42, -27
3579.6, -42, -27
3579.7, -42, -27
3579.8, -42, -27
3579.9, -42, -27
3580, -42, -27
3580.1, -41, -27
3580.2, -41, -27
3580.3, -41, -27
3580.4, -41, -27
3580.5, -41, -27
3580.6, -41, -27
3580.7, -41, -27
3580.8, -41, -27
3580.9, -41, -27
3581, -41, -27
3581.1, -41, -27
3581.2, -41, -27
3581.3, -41, -27
3581.4, -41, -27
3581.5, -42, -27
3581.6, -42, -27
3581.7, -42, -27
3581.8, -42, -27
3581.9, -42, -27
3582, -42, -27
3582.1, -42, -27
3582.2, -42, -27
3582.3, -42, -27
3582.4, -42, -27
3582.5, -42, -27
3582.6, -42, -27
3582.7, -42, -26
3582.8, -42, -26
3582.9, -42, -26
3583, -42, -26
3583.1, -42, -26
3583.2, -42, -26
3583.3, -42, -26
3583.4, -42, -26
3583.5, -42, -26
3583.6, -42, -26
3583.7, -41, -26
3583.8, -41, -26
3583.9, -41, -26
3584, -41, -26
3584.1, -41, -25
3584.2, -41, -25
3584.3, -41, -25
3584.4, -41, -25
3584.5, -41, -25
3584.6, -41, -25
3584.7, -41, -25
3584.8, -41, -25
3584.9, -41, -25
3585, -41, -25
3585.1, -41, -25
3585.2, -41, -25
3585.3, -41, -25
3585.4, -41, -25
3585.5, -41, -25
3585.6, -41, -25
3585.7, -41, -25
3585.8, -41, -25
3585.9, -41, -25
3586, -41, -25
3586.1, -41, -25
3586.2, -41, -25
3586.3, -41, -25
3586.4, -41, -25
3586.5, -41, -25
3586.6, -41, -25
3586.7, -41, -25
3586.8, -41, -25
3586.9, -41, -25
3587, -41, -25
3587.1, -41, -25
3587.2, -41, -25
3587.3, -41, -25
3587.4, -41, -25
3587.5, -41, -25
3587.6, -41, -25
3587.7, -41, -25
3587.8, -41, -25
3587.9, -41, -25
3588, -41, -25
3588.1, -41, -25
3588.2, -41, -25
3588.3, -41, -25
3588.4, -41, -25
3588.5, -41, -25
3588.6, -41, -25
3588.7, -41, -25
3588.8, -41, -25
3588.9, -41, -25
3589, -41, -25
3589.1, -41, -25
3589.2, -41, -25
3589.3, -41, -25
3589.4, -41, -25
3589.5, -41, -25
3589.6, -41, -25
3589.7, -41, -25
3589.8, -41, -25
3589.9, -41, -25
3590, -41, -25
3590.1, -41, -25
3590.2, -41, -25
3590.3, -41, -25
3590.4, -41, -25
3590.5, -40, -25
3590.6, -40, -25
3590.7, -40, -25
3590.8, -40, -25
3590.9, -40, -25
3591, -40, -25
3591.1, -40, -25
3591.2, -40, -25
3591.3, -40, -25
3591.4, -40, -25
3591.5, -40, -25
3591.6, -40, -25
3591.7, -40, -25
3591.8, -40, -25
3591.9, -40, -25
3592, -40, -25
3592.1, -40, -25
3592.2, -40, -25
3592.3, -40, -25
3592.4, -40, -25
3592.5, -40, -25
3592.6, -40, -25
3592.7, -39, -25
3592.8, -39, -25
3592.9, -39, -25
3593, -39, -25
3593.1, -39, -25
3593.2, -39, -25
3593.3, -39, -25
3593.4, -39, -25
3593.5, -39, -25
3593.6, -39, -25
3593.7, -39, -25
3593.8, -39, -25
3593.9, -39, -25
3594, -39, -25
3594.1, -39, -25
3594.2, -39, -25
3594.3, -38, -25
3594.4, -38, -25
3594.5, -38, -25
3594.6, -38, -25
3594.7, -38, -25
3594.8, -38, -25
3594.9, -38, -25
3595, -38, -25
3595.1, -38, -25
3595.2, -38, -25
3595.3, -38, -25
3595.4, -38, -25
3595.5, -38, -25
3595.6, -38, -25
3595.7, -38, -25
3595.8, -38, -25
3595.9, -38, -24
3596, -38, -24
3596.1, -38, -24
3596.2, -38, -24
3596.3, -38, -24
3596.4, -38, -24
3596.5, -38, -24
3596.6, -38, -24
3596.7, -38, -24
3596.8, -38, -24
3596.9, -38, -24
3597, -38, -24
3597.1, -38, -24
3597.2, -38, -24
3597.3, -38, -24
3597.4, -38, -24
3597.5, -38, -24
3597.6, -38, -24
3597.7, -38, -24
3597.8, -38, -24
3597.9, -38, -24
3598, -38, -24
3598.1, -38, -24
3598.2, -38, -24
3598.3, -38, -24
3598.4, -38, -24
3598.5, -38, -24
3598.6, -38, -24
3598.7, -39, -24
3598.8, -39, -24
3598.9, -39, -24
3599, -39, -24
3599.1, -39, -24
3599.2, -39, -24
3599.3, -39, -24
3599.4, -39, -24
3599.5, -39, -25
3599.6, -39, -25
3599.7, -39, -25
3599.8, -39, -25
3599.9, -39, -25
3600, -39, -25
3600.1, -39, -25
3600.2, -39, -25
3600.3, -38, -25
3600.4, -38, -25
3600.5, -38, -25
3600.6, -38, -25
3600.7, -38, -25
3600.8, -38, -25
3600.9, -37, -25
3601, -37, -25
3601.1, -37, -25
3601.2, -37, -25
3601.3, -37, -25
3601.4, -37, -25
3601.5, -37, -25
3601.6, -37, -25
3601.7, -37, -25
3601.8, -37, -25
3601.9, -37, -25
3602, -37, -25
3602.1, -37, -25
3602.2, -37, -25
3602.3, -37, -25
3602.4, -37, -25
3602.5, -37, -25
3602.6, -37, -25
3602.7, -37, -25
3602.8, -37, -25
3602.9, -37, -25
3603, -37, -25
3603.1, -37, -24
3603.2, -37, -24
3603.3, -37, -24
3603.4, -37, -24
3603.5, -37, -24
3603.6, -37, -24
3603.7, -37, -24
3603.8, -37, -24
3603.9, -37, -24
3604, -37, -24
3604.1, -37, -24
3604.2, -37, -24
3604.3, -37, -24
3604.4, -37, -24
3604.5, -37, -24
3604.6, -37, -24
3604.7, -37, -24
3604.8, -37, -24
3604.9, -37, -24
3605, -37, -24
3605.1, -37, -24
3605.2, -37, -24
3605.3, -37, -24
3605.4, -37, -24
3605.5, -37, -24
3605.6, -37, -24
3605.7, -37, -24
3605.8, -37, -24
3605.9, -37, -24
3606, -37, -24
3606.1, -37, -24
3606.2, -37, -24
3606.3, -37, -24
3606.4, -37, -24
3606.5, -37, -24
3606.6, -37, -24
3606.7, -37, -24
3606.8, -37, -24
3606.9, -37, -24
3607, -37, -24
3607.1, -37, -24
3607.2, -37, -24
3607.3, -37, -25
3607.4, -37, -25
3607.5, -37, -25
3607.6, -37, -25
3607.7, -37, -25
3607.8, -37, -25
3607.9, -37, -24
3608, -37, -24
3608.1, -37, -24
3608.2, -37, -24
3608.3, -37, -24
3608.4, -37, -24
3608.5, -37, -23
3608.6, -37, -23
3608.7, -37, -23
3608.8, -37, -23
3608.9, -37, -23
3609, -37, -23
3609.1, -37, -23
3609.2, -37, -23
3609.3, -37, -23
3609.4, -37, -23
3609.5, -37, -23
3609.6, -37, -23
3609.7, -37, -23
3609.8, -37, -23
3609.9, -37, -23
3610, -37, -23
3610.1, -37, -23
3610.2, -37, -23
3610.3, -37, -23
3610.4, -37, -23
3610.5, -37, -23
3610.6, -37, -23
3610.7, -37, -23
3610.8, -37, -23
3610.9, -37, -23
3611, -37, -23
3611.1, -37, -23
3611.2, -37, -23
3611.3, -37, -22
3611.4, -37, -22
3611.5, -37, -22
3611.6, -37, -22
3611.7, -37, -22
3611.8, -37, -22
3611.9, -37, -22
3612, -37, -22
3612.1, -37, -22
3612.2, -37, -22
3612.3, -37, -22
3612.4, -37, -22
3612.5, -37, -22
3612.6, -37, -22
3612.7, -37, -22
3612.8, -37, -22
3612.9, -37, -22
3613, -37, -22
3613.1, -37, -22
3613.2, -37, -22
3613.3, -37, -22
3613.4, -37, -22
3613.5, -37, -22
3613.6, -37, -22
3613.7, -37, -22
3613.8, -37, -22
3613.9, -37, -22
3614, -37, -22
3614.1, -37, -22
3614.2, -37, -22
3614.3, -37, -22
3614.4, -37, -22
3614.5, -37, -22
3614.6, -37, -22
3614.7, -37, -22
3614.8, -37, -22
3614.9, -37, -22
3615, -37, -22
3615.1, -37, -22
3615.2, -37, -22
3615.3, -37, -22
3615.4, -37, -22
3615.5, -37, -22
3615.6, -37, -22
3615.7, -37, -22
3615.8, -37, -22
3615.9, -37, -22
3616, -37, -22
3616.1, -37, -22
3616.2, -37, -22
3616.3, -37, -22
3616.4, -37, -22
3616.5, -37, -22
3616.6, -37, -22
3616.7, -37, -22
3616.8, -37, -22
3616.9, -37, -22
3617, -37, -22
3617.1, -37, -22
3617.2, -37, -22
3617.3, -37, -22
3617.4, -37, -22
3617.5, -37, -22
3617.6, -37, -22
3617.7, -37, -21
3617.8, -37, -21
3617.9, -37, -21
3618, -37, -21
3618.1, -37, -21
3618.2, -37, -21
3618.3, -37, -21
3618.4, -37, -21
3618.5, -37, -21
3618.6, -37, -21
3618.7, -37, -21
3618.8, -37, -21
3618.9, -37, -21
3619, -37, -21
3619.1, -36, -21
3619.2, -36, -21
3619.3, -36, -21
3619.4, -36, -21
3619.5, -36, -22
3619.6, -36, -22
3619.7, -36, -22
3619.8, -36, -22
3619.9, -36, -22
3620, -36, -22
3620.1, -36, -22
3620.2, -36, -22
3620.3, -36, -22
3620.4, -36, -22
3620.5, -36, -22
3620.6, -36, -22
3620.7, -36, -22
3620.8, -36, -22
3620.9, -36, -22
3621, -36, -22
3621.1, -36, -22
3621.2, -36, -22
3621.3, -36, -22
3621.4, -36, -22
3621.5, -36, -22
3621.6, -36, -22
3621.7, -36, -22
3621.8, -36, -22
3621.9, -36, -22
3622, -36, -22
3622.1, -36, -22
3622.2, -36, -22
3622.3, -36, -22
3622.4, -36, -22
3622.5, -36, -22
3622.6, -36, -22
3622.7, -36, -23
3622.8, -36, -23
3622.9, -36, -23
3623, -36, -23
3623.1, -36, -23
3623.2, -36, -23
3623.3, -36, -22
3623.4, -36, -22
3623.5, -36, -22
3623.6, -36, -22
3623.7, -36, -22
3623.8, -36, -22
3623.9, -36, -22
3624, -36, -22
3624.1, -36, -22
3624.2, -36, -22
3624.3, -36, -22
3624.4, -36, -22
3624.5, -36, -22
3624.6, -36, -22
3624.7, -36, -22
3624.8, -36, -22
3624.9, -36, -22
3625, -36, -22
3625.1, -36, -22
3625.2, -36, -22
3625.3, -36, -22
3625.4, -36, -22
3625.5, -36, -22
3625.6, -36, -22
3625.7, -36, -22
3625.8, -36, -22
3625.9, -36, -22
3626, -36, -22
3626.1, -36, -22
3626.2, -36, -22
3626.3, -36, -22
3626.4, -36, -22
3626.5, -36, -22
3626.6, -36, -22
3626.7, -36, -21
3626.8, -36, -21
3626.9, -36, -21
3627, -36, -21
3627.1, -36, -21
3627.2, -36, -21
3627.3, -36, -21
3627.4, -36, -21
3627.5, -35, -21
3627.6, -35, -21
3627.7, -35, -21
3627.8, -35, -21
3627.9, -35, -21
3628, -35, -21
3628.1, -35, -20
3628.2, -35, -20
3628.3, -35, -20
3628.4, -35, -20
3628.5, -35, -20
3628.6, -35, -20
3628.7, -35, -20
3628.8, -35, -20
3628.9, -35, -20
3629, -35, -20
3629.1, -35, -20
3629.2, -35, -20
3629.3, -35, -20
3629.4, -35, -20
3629.5, -35, -20
3629.6, -35, -20
3629.7, -35, -20
3629.8, -35, -20
3629.9, -35, -20
3630, -35, -20
3630.1, -35, -20
3630.2, -35, -20
3630.3, -35, -20
3630.4, -35, -20
3630.5, -35, -20
3630.6, -35, -20
3630.7, -35, -20
3630.8, -35, -20
3630.9, -36, -20
3631, -36, -20
3631.1, -36, -20
3631.2, -36, -20
3631.3, -36, -20
3631.4, -36, -20
3631.5, -36, -20
3631.6, -36, -20
3631.7, -36, -20
3631.8, -36, -20
3631.9, -36, -20
3632, -36, -20
3632.1, -36, -20
3632.2, -36, -20
3632.3, -37, -20
3632.4, -37, -20
3632.5, -37, -20
3632.6, -37, -20
3632.7, -37, -20
3632.8, -37, -20
3632.9, -37, -20
3633, -37, -20
3633.1, -37, -20
3633.2, -37, -20
3633.3, -37, -20
3633.4, -37, -20
3633.5, -37, -20
3633.6, -37, -20
3633.7, -37, -20
3633.8, -37, -20
3633.9, -37, -20
3634, -37, -20
3634.1, -37, -20
3634.2, -37, -20
3634.3, -37, -20
3634.4, -37, -20
3634.5, -37, -20
3634.6, -37, -20
3634.7, -37, -20
3634.8, -37, -20
3634.9, -37, -20
3635, -37, -20
3635.1, -37, -20
3635.2, -37, -20
3635.3, -37, -20
3635.4, -37, -20
3635.5, -37, -20
3635.6, -37, -20
3635.7, -37, -20
3635.8, -37, -20
3635.9, -37, -20
3636, -37, -20
3636.1, -37, -20
3636.2, -37, -20
3636.3, -37, -20
3636.4, -37, -20
3636.5, -37, -20
3636.6, -37, -20
3636.7, -37, -20
3636.8, -37, -20
3636.9, -36, -20
3637, -36, -20
3637.1, -36, -20
3637.2, -36, -20
3637.3, -36, -20
3637.4, -36, -20
3637.5, -36, -19
3637.6, -36, -19
3637.7, -37, -19
3637.8, -37, -19
3637.9, -37, -19
3638, -37, -19
3638.1, -37, -19
3638.2, -37, -19
3638.3, -37, -19
3638.4, -37, -19
3638.5, -37, -19
3638.6, -37, -19
3638.7, -37, -19
3638.8, -37, -19
3638.9, -37, -19
3639, -37, -19
3639.1, -37, -19
3639.2, -37, -19
3639.3, -37, -19
3639.4, -37, -19
3639.5, -38, -19
3639.6, -38, -19
3639.7, -38, -19
3639.8, -38, -19
3639.9, -38, -19
3640, -38, -19
3640.1, -38, -19
3640.2, -38, -19
3640.3, -38, -19
3640.4, -38, -19
3640.5, -38, -19
3640.6, -38, -19
3640.7, -38, -19
3640.8, -38, -19
3640.9, -38, -19
3641, -38, -19
3641.1, -38, -19
3641.2, -38, -19
3641.3, -38, -19
3641.4, -38, -19
3641.5, -38, -19
3641.6, -38, -19
3641.7, -38, -19
3641.8, -38, -19
3641.9, -38, -19
3642, -38, -19
3642.1, -38, -19
3642.2, -38, -19
3642.3, -38, -19
3642.4, -38, -19
3642.5, -38, -19
3642.6, -38, -19
3642.7, -38, -19
3642.8, -38, -19
3642.9, -38, -18
3643, -38, -18
3643.1, -38, -18
3643.2, -38, -18
3643.3, -38, -18
3643.4, -38, -18
3643.5, -38, -18
3643.6, -38, -18
3643.7, -38, -18
3643.8, -38, -18
3643.9, -38, -18
3644, -38, -18
3644.1, -38, -18
3644.2, -38, -18
3644.3, -38, -18
3644.4, -38, -18
3644.5, -38, -18
3644.6, -38, -18
3644.7, -38, -18
3644.8, -38, -18
3644.9, -38, -18
3645, -38, -18
3645.1, -38, -18
3645.2, -38, -18
3645.3, -38, -18
3645.4, -38, -18
3645.5, -38, -18
3645.6, -38, -18
3645.7, -38, -18
3645.8, -38, -18
3645.9, -38, -18
3646, -38, -18
3646.1, -38, -19
3646.2, -38, -19
3646.3, -38, -19
3646.4, -38, -19
3646.5, -38, -19
3646.6, -38, -19
3646.7, -38, -19
3646.8, -38, -19
3646.9, -37, -19
3647, -37, -19
3647.1, -37, -19
3647.2, -37, -19
3647.3, -37, -19
3647.4, -37, -19
3647.5, -37, -19
3647.6, -37, -19
3647.7, -37, -19
3647.8, -37, -19
3647.9, -37, -19
3648, -37, -19
3648.1, -37, -19
3648.2, -37, -19
3648.3, -37, -19
3648.4, -37, -19
3648.5, -37, -19
3648.6, -37, -19
3648.7, -37, -19
3648.8, -37, -19
3648.9, -37, -19
3649, -37, -19
3649.1, -37, -19
3649.2, -37, -19
3649.3, -37, -19
3649.4, -37, -19
3649.5, -37, -19
3649.6, -37, -19
3649.7, -37, -19
3649.8, -37, -19
3649.9, -37, -19
3650, -37, -19
3650.1, -37, -20
3650.2, -37, -20
3650.3, -37, -20
3650.4, -37, -20
3650.5, -37, -20
3650.6, -37, -20
3650.7, -37, -20
3650.8, -37, -20
3650.9, -37, -20
3651, -37, -20
3651.1, -37, -20
3651.2, -37, -20
3651.3, -37, -20
3651.4, -37, -20
3651.5, -37, -20
3651.6, -37, -20
3651.7, -37, -20
3651.8, -37, -20
3651.9, -37, -20
3652, -37, -20
3652.1, -37, -20
3652.2, -37, -20
3652.3, -37, -20
3652.4, -37, -20
3652.5, -37, -20
3652.6, -37, -20
3652.7, -37, -20
3652.8, -37, -20
3652.9, -37, -20
3653, -37, -20
3653.1, -37, -20
3653.2, -37, -20
3653.3, -37, -20
3653.4, -37, -20
3653.5, -37, -21
3653.6, -37, -21
3653.7, -37, -21
3653.8, -37, -21
3653.9, -37, -21
3654, -37, -21
3654.1, -37, -21
3654.2, -37, -21
3654.3, -37, -21
3654.4, -37, -21
3654.5, -37, -20
3654.6, -37, -20
3654.7, -37, -20
3654.8, -37, -20
3654.9, -37, -20
3655, -37, -20
3655.1, -37, -20
3655.2, -37, -20
3655.3, -37, -21
3655.4, -37, -21
3655.5, -37, -21
3655.6, -37, -21
3655.7, -36, -21
3655.8, -36, -21
3655.9, -36, -21
3656, -36, -21
3656.1, -36, -21
3656.2, -36, -21
3656.3, -36, -21
3656.4, -36, -21
3656.5, -36, -21
3656.6, -36, -21
3656.7, -36, -21
3656.8, -36, -21
3656.9, -36, -21
3657, -36, -21
3657.1, -35, -21
3657.2, -35, -21
3657.3, -36, -21
3657.4, -36, -21
3657.5, -36, -22
3657.6, -36, -22
3657.7, -36, -22
3657.8, -36, -22
3657.9, -36, -22
3658, -36, -22
3658.1, -36, -22
3658.2, -36, -22
3658.3, -36, -22
3658.4, -36, -22
3658.5, -37, -22
3658.6, -37, -22
3658.7, -37, -22
3658.8, -37, -22
3658.9, -37, -22
3659, -37, -22
3659.1, -37, -22
3659.2, -37, -22
3659.3, -37, -22
3659.4, -37, -22
3659.5, -37, -22
3659.6, -37, -22
3659.7, -37, -22
3659.8, -37, -22
3659.9, -37, -22
3660, -37, -22
3660.1, -37, -22
3660.2, -37, -22
3660.3, -37, -22
3660.4, -37, -22
3660.5, -37, -22
3660.6, -37, -22
3660.7, -37, -22
3660.8, -37, -22
3660.9, -37, -22
3661, -37, -22
3661.1, -37, -22
3661.2, -37, -22
3661.3, -37, -22
3661.4, -37, -22
3661.5, -37, -22
3661.6, -37, -22
3661.7, -37, -22
3661.8, -37, -22
3661.9, -37, -22
3662, -37, -22
3662.1, -37, -22
3662.2, -37, -22
3662.3, -37, -22
3662.4, -37, -22
3662.5, -37, -23
3662.6, -37, -23
3662.7, -38, -23
3662.8, -38, -23
3662.9, -38, -23
3663, -38, -23
3663.1, -38, -23
3663.2, -38, -23
3663.3, -38, -23
3663.4, -38, -23
3663.5, -39, -23
3663.6, -39, -23
3663.7, -39, -23
3663.8, -39, -23
3663.9, -39, -23
3664, -39, -23
3664.1, -39, -23
3664.2, -39, -23
3664.3, -39, -23
3664.4, -39, -23
3664.5, -39, -23
3664.6, -39, -23
3664.7, -39, -23
3664.8, -39, -23
3664.9, -39, -23
3665, -39, -23
3665.1, -38, -23
3665.2, -38, -23
3665.3, -38, -23
3665.4, -38, -23
3665.5, -38, -23
3665.6, -38, -23
3665.7, -38, -23
3665.8, -38, -23
3665.9, -38, -23
3666, -38, -23
3666.1, -39, -23
3666.2, -39, -23
3666.3, -39, -23
3666.4, -39, -23
3666.5, -39, -23
3666.6, -39, -23
3666.7, -39, -23
3666.8, -39, -23
3666.9, -39, -23
3667, -39, -23
3667.1, -39, -23
3667.2, -39, -23
3667.3, -39, -23
3667.4, -39, -23
3667.5, -39, -23
3667.6, -39, -23
3667.7, -39, -23
3667.8, -39, -23
3667.9, -39, -23
3668, -39, -23
3668.1, -39, -23
3668.2, -39, -23
3668.3, -39, -23
3668.4, -39, -23
3668.5, -39, -23
3668.6, -39, -23
3668.7, -39, -23
3668.8, -39, -23
3668.9, -39, -23
3669, -39, -23
3669.1, -39, -23
3669.2, -39, -23
3669.3, -39, -23
3669.4, -39, -23
3669.5, -38, -23
3669.6, -38, -23
3669.7, -38, -23
3669.8, -38, -23
3669.9, -39, -23
3670, -39, -23
3670.1, -39, -23
3670.2, -39, -23
3670.3, -39, -23
3670.4, -39, -23
3670.5, -39, -23
3670.6, -39, -23
3670.7, -39, -23
3670.8, -39, -23
3670.9, -39, -23
3671, -39, -23
3671.1, -39, -23
3671.2, -39, -23
3671.3, -39, -23
3671.4, -39, -23
3671.5, -39, -23
3671.6, -39, -23
3671.7, -40, -23
3671.8, -40, -23
3671.9, -39, -23
3672, -39, -23
3672.1, -39, -23
3672.2, -39, -23
3672.3, -39, -23
3672.4, -39, -23
3672.5, -40, -23
3672.6, -40, -23
3672.7, -40, -23
3672.8, -40, -23
3672.9, -40, -23
3673, -40, -23
3673.1, -40, -24
3673.2, -40, -24
3673.3, -40, -24
3673.4, -40, -24
3673.5, -40, -24
3673.6, -40, -24
3673.7, -40, -24
3673.8, -40, -24
3673.9, -40, -25
3674, -40, -25
3674.1, -40, -25
3674.2, -40, -25
3674.3, -40, -25
3674.4, -40, -25
3674.5, -40, -25
3674.6, -40, -25
3674.7, -40, -25
3674.8, -40, -25
3674.9, -40, -25
3675, -40, -25
3675.1, -39, -25
3675.2, -39, -25
3675.3, -39, -25
3675.4, -39, -25
3675.5, -39, -25
3675.6, -39, -25
3675.7, -39, -25
3675.8, -39, -25
3675.9, -39, -25
3676, -39, -25
3676.1, -39, -25
3676.2, -39, -25
3676.3, -39, -25
3676.4, -39, -25
3676.5, -39, -25
3676.6, -39, -25
3676.7, -39, -25
3676.8, -39, -25
3676.9, -39, -25
3677, -39, -25
3677.1, -39, -25
3677.2, -39, -25
3677.3, -38, -25
3677.4, -38, -25
3677.5, -38, -25
3677.6, -38, -25
3677.7, -38, -25
3677.8, -38, -25
3677.9, -38, -25
3678, -38, -25
3678.1, -38, -25
3678.2, -38, -25
3678.3, -38, -25
3678.4, -38, -25
3678.5, -38, -25
3678.6, -38, -25
3678.7, -38, -25
3678.8, -38, -25
3678.9, -38, -25
3679, -38, -25
3679.1, -38, -25
3679.2, -38, -25
3679.3, -38, -25
3679.4, -38, -25
3679.5, -38, -25
3679.6, -38, -25
3679.7, -38, -25
3679.8, -38, -25
3679.9, -38, -25
3680, -38, -25
3680.1, -38, -25
3680.2, -38, -25
3680.3, -38, -25
3680.4, -38, -25
3680.5, -38, -25
3680.6, -38, -25
3680.7, -38, -26
3680.8, -38, -26
3680.9, -38, -26
3681, -38, -26
3681.1, -38, -26
3681.2, -38, -26
3681.3, -38, -26
3681.4, -38, -26
3681.5, -38, -26
3681.6, -38, -26
3681.7, -38, -26
3681.8, -38, -26
3681.9, -38, -26
3682, -38, -26
3682.1, -38, -26
3682.2, -38, -26
3682.3, -38, -26
3682.4, -38, -26
3682.5, -38, -26
3682.6, -38, -26
3682.7, -38, -26
3682.8, -38, -26
3682.9, -38, -26
3683, -38, -26
3683.1, -38, -26
3683.2, -38, -26
3683.3, -38, -26
3683.4, -38, -26
3683.5, -38, -26
3683.6, -38, -26
3683.7, -38, -26
3683.8, -38, -26
3683.9, -38, -26
3684, -38, -26
3684.1, -38, -26
3684.2, -38, -26
3684.3, -38, -26
3684.4, -38, -26
3684.5, -38, -25
3684.6, -38, -25
3684.7, -38, -25
3684.8, -38, -25
3684.9, -38, -25
3685, -38, -25
3685.1, -38, -25
3685.2, -38, -25
3685.3, -38, -25
3685.4, -38, -25
3685.5, -38, -25
3685.6, -38, -25
3685.7, -38, -25
3685.8, -38, -25
3685.9, -38, -25
3686, -38, -25
3686.1, -38, -25
3686.2, -38, -25
3686.3, -38, -25
3686.4, -38, -25
3686.5, -38, -25
3686.6, -38, -25
3686.7, -38, -25
3686.8, -38, -25
3686.9, -38, -25
3687, -38, -25
3687.1, -38, -25
3687.2, -38, -25
3687.3, -38, -25
3687.4, -38, -25
3687.5, -38, -25
3687.6, -38, -25
3687.7, -38, -25
3687.8, -38, -25
3687.9, -38, -25
3688, -38, -25
3688.1, -39, -25
3688.2, -39, -25
3688.3, -39, -25
3688.4, -39, -25
3688.5, -39, -25
3688.6, -39, -25
3688.7, -39, -25
3688.8, -39, -25
3688.9, -39, -25
3689, -39, -25
3689.1, -39, -25
3689.2, -39, -25
3689.3, -39, -25
3689.4, -39, -25
3689.5, -39, -25
3689.6, -39, -25
3689.7, -39, -25
3689.8, -39, -25
3689.9, -39, -25
3690, -39, -25
3690.1, -39, -25
3690.2, -39, -25
3690.3, -39, -25
3690.4, -39, -25
3690.5, -39, -26
3690.6, -39, -26
3690.7, -39, -26
3690.8, -39, -26
3690.9, -39, -26
3691, -39, -26
3691.1, -39, -26
3691.2, -39, -26
3691.3, -39, -26
3691.4, -39, -26
3691.5, -39, -26
3691.6, -39, -26
3691.7, -39, -26
3691.8, -39, -26
3691.9, -39, -26
3692, -39, -26
3692.1, -39, -26
3692.2, -39, -26
3692.3, -39, -26
3692.4, -39, -26
3692.5, -39, -26
3692.6, -39, -26
3692.7, -39, -26
3692.8, -39, -26
3692.9, -39, -27
3693, -39, -27
3693.1, -39, -27
3693.2, -39, -27
3693.3, -39, -27
3693.4, -39, -27
3693.5, -39, -27
3693.6, -39, -27
3693.7, -39, -27
3693.8, -39, -27
3693.9, -39, -27
3694, -39, -27
3694.1, -39, -27
3694.2, -39, -27
3694.3, -39, -27
3694.4, -39, -27
3694.5, -39, -27
3694.6, -39, -27
3694.7, -39, -27
3694.8, -39, -27
3694.9, -39, -27
3695, -39, -27
3695.1, -39, -27
3695.2, -39, -27
3695.3, -39, -27
3695.4, -39, -27
3695.5, -39, -27
3695.6, -39, -27
3695.7, -39, -27
3695.8, -39, -27
3695.9, -39, -27
3696, -39, -27
3696.1, -39, -27
3696.2, -39, -27
3696.3, -39, -27
3696.4, -39, -27
3696.5, -39, -27
3696.6, -39, -27
3696.7, -39, -27
3696.8, -39, -27
3696.9, -39, -27
3697, -39, -27
3697.1, -39, -27
3697.2, -39, -27
3697.3, -39, -27
3697.4, -39, -27
3697.5, -39, -27
3697.6, -39, -27
3697.7, -38, -27
3697.8, -38, -27
3697.9, -38, -26
3698, -38, -26
3698.1, -38, -26
3698.2, -38, -26
3698.3, -38, -26
3698.4, -38, -26
3698.5, -38, -26
3698.6, -38, -26
3698.7, -38, -26
3698.8, -38, -26
3698.9, -38, -26
3699, -38, -26
3699.1, -38, -26
3699.2, -38, -26
3699.3, -38, -26
3699.4, -38, -26
3699.5, -38, -26
3699.6, -38, -26
3699.7, -38, -25
3699.8, -38, -25
3699.9, -38, -25
3700, -38, -25
3700.1, -38, -25
3700.2, -38, -25
3700.3, -38, -25
3700.4, -38, -25
3700.5, -38, -25
3700.6, -38, -25
3700.7, -38, -25
3700.8, -38, -25
3700.9, -38, -25
3701, -38, -25
3701.1, -38, -25
3701.2, -38, -25
3701.3, -38, -25
3701.4, -38, -25
3701.5, -38, -25
3701.6, -38, -25
3701.7, -38, -25
3701.8, -38, -25
3701.9, -38, -25
3702, -38, -25
3702.1, -38, -25
3702.2, -38, -25
3702.3, -38, -25
3702.4, -38, -25
3702.5, -37, -25
3702.6, -37, -25
3702.7, -37, -25
3702.8, -37, -25
3702.9, -37, -25
3703, -37, -25
3703.1, -37, -25
3703.2, -37, -25
3703.3, -37, -25
3703.4, -37, -25
3703.5, -37, -25
3703.6, -37, -25
3703.7, -37, -25
3703.8, -37, -25
3703.9, -37, -25
3704, -37, -25
3704.1, -37, -25
3704.2, -37, -25
3704.3, -37, -25
3704.4, -37, -25
3704.5, -37, -25
3704.6, -37, -25
3704.7, -38, -25
3704.8, -38, -25
3704.9, -38, -25
3705, -38, -25
3705.1, -38, -25
3705.2, -38, -25
3705.3, -38, -25
3705.4, -38, -25
3705.5, -38, -25
3705.6, -38, -25
3705.7, -38, -25
3705.8, -38, -25
3705.9, -38, -25
3706, -38, -25
3706.1, -38, -25
3706.2, -38, -25
3706.3, -38, -25
3706.4, -38, -25
3706.5, -38, -25
3706.6, -38, -25
3706.7, -38, -25
3706.8, -38, -25
3706.9, -38, -25
3707, -38, -25
3707.1, -38, -25
3707.2, -38, -25
3707.3, -38, -25
3707.4, -38, -25
3707.5, -38, -25
3707.6, -38, -25
3707.7, -38, -25
3707.8, -38, -25
3707.9, -38, -25
3708, -38, -25
3708.1, -38, -25
3708.2, -38, -25
3708.3, -38, -25
3708.4, -38, -25
3708.5, -38, -25
3708.6, -38, -25
3708.7, -39, -25
3708.8, -39, -25
3708.9, -39, -25
3709, -39, -25
3709.1, -39, -25
3709.2, -39, -25
3709.3, -39, -25
3709.4, -39, -25
3709.5, -39, -25
3709.6, -39, -25
3709.7, -39, -25
3709.8, -39, -25
3709.9, -40, -25
3710, -40, -25
3710.1, -39, -25
3710.2, -39, -25
3710.3, -39, -25
3710.4, -39, -25
3710.5, -39, -25
3710.6, -39, -25
3710.7, -39, -25
3710.8, -39, -25
3710.9, -39, -25
3711, -39, -25
3711.1, -39, -25
3711.2, -39, -25
3711.3, -39, -25
3711.4, -39, -25
3711.5, -39, -25
3711.6, -39, -25
3711.7, -39, -25
3711.8, -39, -25
3711.9, -39, -25
3712, -39, -25
3712.1, -39, -25
3712.2, -39, -25
3712.3, -39, -25
3712.4, -39, -25
3712.5, -39, -26
3712.6, -39, -26
3712.7, -39, -26
3712.8, -39, -26
3712.9, -39, -26
3713, -39, -26
3713.1, -39, -27
3713.2, -39, -27
3713.3, -39, -27
3713.4, -39, -27
3713.5, -39, -27
3713.6, -39, -27
3713.7, -39, -27
3713.8, -39, -27
3713.9, -39, -27
3714, -39, -27
3714.1, -39, -26
3714.2, -39, -26
3714.3, -39, -26
3714.4, -39, -26
3714.5, -39, -26
3714.6, -39, -26
3714.7, -39, -26
3714.8, -39, -26
3714.9, -39, -26
3715, -39, -26
3715.1, -39, -26
3715.2, -39, -26
3715.3, -39, -26
3715.4, -39, -26
3715.5, -39, -26
3715.6, -39, -26
3715.7, -39, -26
3715.8, -39, -26
3715.9, -40, -26
3716, -40, -26
3716.1, -40, -26
3716.2, -40, -26
3716.3, -40, -26
3716.4, -40, -26
3716.5, -40, -26
3716.6, -40, -26
3716.7, -40, -27
3716.8, -40, -27
3716.9, -40, -27
3717, -40, -27
3717.1, -40, -28
3717.2, -40, -28
3717.3, -40, -29
3717.4, -40, -29
3717.5, -40, -29
3717.6, -40, -29
3717.7, -41, -29
3717.8, -41, -29
3717.9, -41, -29
3718, -41, -29
3718.1, -41, -29
3718.2, -41, -29
3718.3, -41, -29
3718.4, -41, -29
3718.5, -41, -29
3718.6, -41, -29
3718.7, -41, -29
3718.8, -41, -29
3718.9, -41, -29
3719, -41, -29
3719.1, -41, -29
3719.2, -41, -29
3719.3, -41, -29
3719.4, -41, -29
3719.5, -41, -29
3719.6, -41, -29
3719.7, -41, -29
3719.8, -41, -29
3719.9, -41, -29
3720, -41, -29
3720.1, -41, -29
3720.2, -41, -29
3720.3, -41, -29
3720.4, -41, -29
3720.5, -41, -29
3720.6, -41, -29
3720.7, -41, -29
3720.8, -41, -29
3720.9, -41, -29
3721, -41, -29
3721.1, -41, -29
3721.2, -41, -29
3721.3, -41, -29
3721.4, -41, -29
3721.5, -41, -29
3721.6, -41, -29
3721.7, -41, -29
3721.8, -41, -29
3721.9, -41, -29
3722, -41, -29
3722.1, -41, -29
3722.2, -41, -29
3722.3, -41, -29
3722.4, -41, -29
3722.5, -41, -29
3722.6, -41, -29
3722.7, -41, -29
3722.8, -41, -29
3722.9, -41, -29
3723, -41, -29
3723.1, -41, -29
3723.2, -41, -29
3723.3, -41, -29
3723.4, -41, -29
3723.5, -41, -29
3723.6, -41, -29
3723.7, -41, -29
3723.8, -41, -29
3723.9, -41, -29
3724, -41, -29
3724.1, -41, -29
3724.2, -41, -29
3724.3, -41, -29
3724.4, -41, -29
3724.5, -41, -29
3724.6, -41, -29
3724.7, -41, -29
3724.8, -41, -29
3724.9, -41, -29
3725, -41, -29
3725.1, -41, -29
3725.2, -41, -29
3725.3, -41, -29
3725.4, -41, -29
3725.5, -41, -29
3725.6, -41, -29
3725.7, -41, -29
3725.8, -41, -29
3725.9, -41, -29
3726, -41, -29
3726.1, -41, -29
3726.2, -41, -29
3726.3, -41, -29
3726.4, -41, -29
3726.5, -41, -29
3726.6, -41, -29
3726.7, -41, -29
3726.8, -41, -29
3726.9, -41, -29
3727, -41, -29
3727.1, -41, -29
3727.2, -41, -29
3727.3, -41, -29
3727.4, -41, -29
3727.5, -41, -29
3727.6, -41, -29
3727.7, -41, -29
3727.8, -41, -29
3727.9, -41, -29
3728, -41, -29
3728.1, -41, -29
3728.2, -41, -29
3728.3, -41, -29
3728.4, -41, -29
3728.5, -40, -29
3728.6, -40, -29
3728.7, -40, -29
3728.8, -40, -29
3728.9, -40, -29
3729, -40, -29
3729.1, -40, -29
3729.2, -40, -29
3729.3, -40, -29
3729.4, -40, -29
3729.5, -40, -29
3729.6, -40, -29
3729.7, -40, -29
3729.8, -40, -29
3729.9, -39, -29
3730, -39, -29
3730.1, -39, -29
3730.2, -39, -29
3730.3, -39, -29
3730.4, -39, -29
3730.5, -39, -29
3730.6, -39, -29
3730.7, -39, -29
3730.8, -39, -29
3730.9, -39, -29
3731, -39, -29
3731.1, -39, -29
3731.2, -39, -29
3731.3, -39, -29
3731.4, -39, -29
3731.5, -39, -29
3731.6, -39, -29
3731.7, -39, -29
3731.8, -39, -29
3731.9, -40, -29
3732, -40, -29
3732.1, -40, -29
3732.2, -40, -29
3732.3, -40, -29
3732.4, -40, -29
3732.5, -40, -29
3732.6, -40, -29
3732.7, -40, -29
3732.8, -40, -29
3732.9, -39, -29
3733, -39, -29
3733.1, -39, -29
3733.2, -39, -29
3733.3, -39, -29
3733.4, -39, -29
3733.5, -39, -29
3733.6, -39, -29
3733.7, -39, -29
3733.8, -39, -29
3733.9, -39, -29
3734, -39, -29
3734.1, -39, -29
3734.2, -39, -29
3734.3, -39, -29
3734.4, -39, -29
3734.5, -39, -29
3734.6, -39, -29
3734.7, -39, -29
3734.8, -39, -29
3734.9, -39, -29
3735, -39, -29
3735.1, -39, -29
3735.2, -39, -29
3735.3, -39, -29
3735.4, -39, -29
3735.5, -39, -29
3735.6, -39, -29
3735.7, -39, -29
3735.8, -39, -29
3735.9, -39, -29
3736, -39, -29
3736.1, -39, -29
3736.2, -39, -29
3736.3, -39, -29
3736.4, -39, -29
3736.5, -39, -28
3736.6, -39, -28
3736.7, -39, -28
3736.8, -39, -28
3736.9, -39, -28
3737, -39, -28
3737.1, -39, -28
3737.2, -39, -28
3737.3, -39, -28
3737.4, -39, -28
3737.5, -39, -28
3737.6, -39, -28
3737.7, -39, -28
3737.8, -39, -28
3737.9, -39, -28
3738, -39, -28
3738.1, -39, -28
3738.2, -39, -28
3738.3, -39, -28
3738.4, -39, -28
3738.5, -39, -28
3738.6, -39, -28
3738.7, -39, -28
3738.8, -39, -28
3738.9, -39, -28
3739, -39, -28
3739.1, -39, -28
3739.2, -39, -28
3739.3, -39, -28
3739.4, -39, -28
3739.5, -39, -28
3739.6, -39, -28
3739.7, -39, -28
3739.8, -39, -28
3739.9, -39, -28
3740, -39, -28
3740.1, -39, -28
3740.2, -39, -28
3740.3, -39, -28
3740.4, -39, -28
3740.5, -39, -28
3740.6, -39, -28
3740.7, -39, -28
3740.8, -39, -28
3740.9, -39, -27
3741, -39, -27
3741.1, -39, -27
3741.2, -39, -27
3741.3, -39, -27
3741.4, -39, -27
3741.5, -39, -27
3741.6, -39, -27
3741.7, -39, -27
3741.8, -39, -27
3741.9, -39, -27
3742, -39, -27
3742.1, -39, -27
3742.2, -39, -27
3742.3, -39, -27
3742.4, -39, -27
3742.5, -39, -27
3742.6, -39, -27
3742.7, -39, -27
3742.8, -39, -27
3742.9, -40, -27
3743, -40, -27
3743.1, -40, -27
3743.2, -40, -27
3743.3, -40, -28
3743.4, -40, -28
3743.5, -40, -28
3743.6, -40, -28
3743.7, -40, -27
3743.8, -40, -27
3743.9, -40, -27
3744, -40, -27
3744.1, -40, -27
3744.2, -40, -27
3744.3, -40, -27
3744.4, -40, -27
3744.5, -40, -27
3744.6, -40, -27
3744.7, -40, -27
3744.8, -40, -27
3744.9, -40, -27
3745, -40, -27
3745.1, -40, -27
3745.2, -40, -27
3745.3, -40, -27
3745.4, -40, -27
3745.5, -40, -27
3745.6, -40, -27
3745.7, -40, -27
3745.8, -40, -27
3745.9, -40, -27
3746, -40, -27
3746.1, -40, -27
3746.2, -40, -27
3746.3, -40, -27
3746.4, -40, -27
3746.5, -40, -27
3746.6, -40, -27
3746.7, -40, -27
3746.8, -40, -27
3746.9, -40, -27
3747, -40, -27
3747.1, -40, -27
3747.2, -40, -27
3747.3, -39, -27
3747.4, -39, -27
3747.5, -39, -27
3747.6, -39, -27
3747.7, -39, -27
3747.8, -39, -27
3747.9, -39, -27
3748, -39, -27
3748.1, -39, -27
3748.2, -39, -27
3748.3, -39, -27
3748.4, -39, -27
3748.5, -39, -27
3748.6, -39, -27
3748.7, -39, -27
3748.8, -39, -27
3748.9, -39, -27
3749, -39, -27
3749.1, -39, -27
3749.2, -39, -27
3749.3, -39, -27
3749.4, -39, -27
3749.5, -39, -27
3749.6, -39, -27
3749.7, -39, -27
3749.8, -39, -27
3749.9, -39, -27
3750, -39, -27
3750.1, -39, -27
3750.2, -39, -27
3750.3, -39, -27
3750.4, -39, -27
3750.5, -39, -27
3750.6, -39, -27
3750.7, -39, -27
3750.8, -39, -27
3750.9, -39, -27
3751, -39, -27
3751.1, -39, -27
3751.2, -39, -27
3751.3, -39, -27
3751.4, -39, -27
3751.5, -39, -27
3751.6, -39, -27
3751.7, -39, -27
3751.8, -39, -27
3751.9, -39, -27
3752, -39, -27
3752.1, -39, -27
3752.2, -39, -27
3752.3, -39, -27
3752.4, -39, -27
3752.5, -39, -27
3752.6, -39, -27
3752.7, -38, -27
3752.8, -38, -27
3752.9, -38, -27
3753, -38, -27
3753.1, -38, -27
3753.2, -38, -27
3753.3, -38, -27
3753.4, -38, -27
3753.5, -38, -27
3753.6, -38, -27
3753.7, -38, -27
3753.8, -38, -27
3753.9, -38, -27
3754, -38, -27
3754.1, -38, -27
3754.2, -38, -27
3754.3, -38, -27
3754.4, -38, -27
3754.5, -38, -27
3754.6, -38, -27
3754.7, -38, -27
3754.8, -38, -27
3754.9, -38, -27
3755, -38, -27
3755.1, -38, -27
3755.2, -38, -27
3755.3, -38, -27
3755.4, -38, -27
3755.5, -38, -27
3755.6, -38, -27
3755.7, -38, -27
3755.8, -38, -27
3755.9, -38, -27
3756, -38, -27
3756.1, -38, -27
3756.2, -38, -27
3756.3, -38, -27
3756.4, -38, -27
3756.5, -38, -27
3756.6, -38, -27
3756.7, -38, -27
3756.8, -38, -27
3756.9, -38, -27
3757, -38, -27
3757.1, -38, -27
3757.2, -38, -27
3757.3, -38, -27
3757.4, -38, -27
3757.5, -38, -27
3757.6, -38, -27
3757.7, -38, -27
3757.8, -38, -27
3757.9, -38, -28
3758, -38, -28
3758.1, -38, -28
3758.2, -38, -28
3758.3, -38, -28
3758.4, -38, -28
3758.5, -38, -28
3758.6, -38, -28
3758.7, -38, -28
3758.8, -38, -28
3758.9, -38, -28
3759, -38, -28
3759.1, -38, -28
3759.2, -38, -28
3759.3, -38, -28
3759.4, -38, -28
3759.5, -38, -28
3759.6, -38, -28
3759.7, -38, -28
3759.8, -38, -28
3759.9, -38, -28
3760, -38, -28
3760.1, -38, -28
3760.2, -38, -28
3760.3, -38, -28
3760.4, -38, -28
3760.5, -38, -28
3760.6, -38, -28
3760.7, -38, -28
3760.8, -38, -28
3760.9, -38, -28
3761, -38, -28
3761.1, -38, -28
3761.2, -38, -28
3761.3, -38, -28
3761.4, -38, -28
3761.5, -38, -28
3761.6, -38, -28
3761.7, -38, -28
3761.8, -38, -28
3761.9, -38, -27
3762, -38, -27
3762.1, -38, -27
3762.2, -38, -27
3762.3, -38, -27
3762.4, -38, -27
3762.5, -38, -27
3762.6, -38, -27
3762.7, -38, -27
3762.8, -38, -27
3762.9, -38, -27
3763, -38, -27
3763.1, -38, -27
3763.2, -38, -27
3763.3, -38, -27
3763.4, -38, -27
3763.5, -38, -27
3763.6, -38, -27
3763.7, -38, -27
3763.8, -38, -27
3763.9, -38, -27
3764, -38, -27
3764.1, -38, -27
3764.2, -38, -27
3764.3, -38, -27
3764.4, -38, -27
3764.5, -38, -27
3764.6, -38, -27
3764.7, -38, -27
3764.8, -38, -27
3764.9, -38, -27
3765, -38, -27
3765.1, -38, -27
3765.2, -38, -27
3765.3, -38, -27
3765.4, -38, -27
3765.5, -38, -27
3765.6, -38, -27
3765.7, -38, -27
3765.8, -38, -27
3765.9, -38, -27
3766, -38, -27
3766.1, -38, -26
3766.2, -38, -26
3766.3, -38, -26
3766.4, -38, -26
3766.5, -38, -26
3766.6, -38, -26
3766.7, -38, -26
3766.8, -38, -26
3766.9, -38, -26
3767, -38, -26
3767.1, -38, -26
3767.2, -38, -26
3767.3, -38, -26
3767.4, -38, -26
3767.5, -37, -26
3767.6, -37, -26
3767.7, -37, -26
3767.8, -37, -26
3767.9, -37, -26
3768, -37, -26
3768.1, -37, -26
3768.2, -37, -26
3768.3, -38, -26
3768.4, -38, -26
3768.5, -38, -26
3768.6, -38, -26
3768.7, -39, -26
3768.8, -39, -26
3768.9, -39, -26
3769, -39, -26
3769.1, -39, -26
3769.2, -39, -26
3769.3, -39, -26
3769.4, -39, -26
3769.5, -39, -26
3769.6, -39, -26
3769.7, -39, -27
3769.8, -39, -27
3769.9, -39, -26
3770, -39, -26
3770.1, -39, -26
3770.2, -39, -26
3770.3, -39, -26
3770.4, -39, -26
3770.5, -39, -26
3770.6, -39, -26
3770.7, -39, -26
3770.8, -39, -26
3770.9, -39, -26
3771, -39, -26
3771.1, -39, -26
3771.2, -39, -26
3771.3, -39, -26
3771.4, -39, -26
3771.5, -39, -26
3771.6, -39, -26
3771.7, -39, -26
3771.8, -39, -26
3771.9, -39, -26
3772, -39, -26
3772.1, -39, -26
3772.2, -39, -26
3772.3, -39, -26
3772.4, -39, -26
3772.5, -39, -26
3772.6, -39, -26
3772.7, -39, -26
3772.8, -39, -26
3772.9, -39, -26
3773, -39, -26
3773.1, -39, -26
3773.2, -39, -26
3773.3, -39, -26
3773.4, -39, -26
3773.5, -39, -26
3773.6, -39, -26
3773.7, -39, -26
3773.8, -39, -26
3773.9, -39, -26
3774, -39, -26
3774.1, -39, -26
3774.2, -39, -26
3774.3, -39, -26
3774.4, -39, -26
3774.5, -39, -26
3774.6, -39, -26
3774.7, -39, -26
3774.8, -39, -26
3774.9, -39, -26
3775, -39, -26
3775.1, -39, -26
3775.2, -39, -26
3775.3, -39, -26
3775.4, -39, -26
3775.5, -40, -26
3775.6, -40, -26
3775.7, -40, -26
3775.8, -40, -26
3775.9, -40, -26
3776, -40, -26
3776.1, -40, -26
3776.2, -40, -26
3776.3, -40, -26
3776.4, -40, -26
3776.5, -40, -26
3776.6, -40, -26
3776.7, -40, -26
3776.8, -40, -26
3776.9, -40, -26
3777, -40, -26
3777.1, -40, -26
3777.2, -40, -26
3777.3, -40, -26
3777.4, -40, -26
3777.5, -40, -26
3777.6, -40, -26
3777.7, -39, -26
3777.8, -39, -26
3777.9, -39, -26
3778, -39, -26
3778.1, -39, -26
3778.2, -39, -26
3778.3, -39, -26
3778.4, -39, -26
3778.5, -39, -26
3778.6, -39, -26
3778.7, -39, -26
3778.8, -39, -26
3778.9, -39, -26
3779, -39, -26
3779.1, -39, -27
3779.2, -39, -27
3779.3, -39, -27
3779.4, -39, -27
3779.5, -39, -27
3779.6, -39, -27
3779.7, -39, -27
3779.8, -39, -27
3779.9, -39, -27
3780, -39, -27
3780.1, -39, -27
3780.2, -39, -27
3780.3, -38, -27
3780.4, -38, -27
3780.5, -38, -27
3780.6, -38, -27
3780.7, -38, -27
3780.8, -38, -27
3780.9, -38, -27
3781, -38, -27
3781.1, -38, -26
3781.2, -38, -26
3781.3, -38, -26
3781.4, -38, -26
3781.5, -38, -26
3781.6, -38, -26
3781.7, -38, -26
3781.8, -38, -26
3781.9, -38, -27
3782, -38, -27
3782.1, -38, -27
3782.2, -38, -27
3782.3, -38, -27
3782.4, -38, -27
3782.5, -38, -27
3782.6, -38, -27
3782.7, -38, -27
3782.8, -38, -27
3782.9, -38, -27
3783, -38, -27
3783.1, -38, -26
3783.2, -38, -26
3783.3, -38, -26
3783.4, -38, -26
3783.5, -38, -26
3783.6, -38, -26
3783.7, -38, -27
3783.8, -38, -27
3783.9, -38, -27
3784, -38, -27
3784.1, -38, -27
3784.2, -38, -27
3784.3, -38, -27
3784.4, -38, -27
3784.5, -38, -27
3784.6, -38, -27
3784.7, -38, -26
3784.8, -38, -26
3784.9, -38, -26
3785, -38, -26
3785.1, -38, -26
3785.2, -38, -26
3785.3, -38, -26
3785.4, -38, -26
3785.5, -38, -26
3785.6, -38, -26
3785.7, -38, -26
3785.8, -38, -26
3785.9, -38, -26
3786, -38, -26
3786.1, -38, -26
3786.2, -38, -26
3786.3, -38, -26
3786.4, -38, -26
3786.5, -38, -26
3786.6, -38, -26
3786.7, -38, -26
3786.8, -38, -26
3786.9, -38, -26
3787, -38, -26
3787.1, -38, -26
3787.2, -38, -26
3787.3, -38, -26
3787.4, -38, -26
3787.5, -38, -26
3787.6, -38, -26
3787.7, -38, -26
3787.8, -38, -26
3787.9, -38, -26
3788, -38, -26
3788.1, -38, -26
3788.2, -38, -26
3788.3, -38, -26
3788.4, -38, -26
3788.5, -37, -26
3788.6, -37, -26
3788.7, -37, -26
3788.8, -37, -26
3788.9, -37, -26
3789, -37, -26
3789.1, -37, -26
3789.2, -37, -26
3789.3, -37, -26
3789.4, -37, -26
3789.5, -37, -26
3789.6, -37, -26
3789.7, -37, -26
3789.8, -37, -26
3789.9, -37, -26
3790, -37, -26
3790.1, -37, -25
3790.2, -37, -25
3790.3, -37, -25
3790.4, -37, -25
3790.5, -37, -25
3790.6, -37, -25
3790.7, -37, -25
3790.8, -37, -25
3790.9, -37, -25
3791, -37, -25
3791.1, -37, -25
3791.2, -37, -25
3791.3, -37, -25
3791.4, -37, -25
3791.5, -37, -25
3791.6, -37, -25
3791.7, -37, -25
3791.8, -37, -25
3791.9, -37, -25
3792, -37, -25
3792.1, -37, -25
3792.2, -37, -25
3792.3, -37, -25
3792.4, -37, -25
3792.5, -37, -25
3792.6, -37, -25
3792.7, -37, -25
3792.8, -37, -25
3792.9, -37, -25
3793, -37, -25
3793.1, -37, -25
3793.2, -37, -25
3793.3, -37, -25
3793.4, -37, -25
3793.5, -37, -25
3793.6, -37, -25
3793.7, -37, -25
3793.8, -37, -25
3793.9, -37, -25
3794, -37, -25
3794.1, -37, -25
3794.2, -37, -25
3794.3, -37, -25
3794.4, -37, -25
3794.5, -37, -25
3794.6, -37, -25
3794.7, -36, -25
3794.8, -36, -25
3794.9, -36, -25
3795, -36, -25
3795.1, -36, -25
3795.2, -36, -25
3795.3, -36, -25
3795.4, -36, -25
3795.5, -36, -25
3795.6, -36, -25
3795.7, -36, -25
3795.8, -36, -25
3795.9, -36, -25
3796, -36, -25
3796.1, -36, -25
3796.2, -36, -25
3796.3, -36, -25
3796.4, -36, -25
3796.5, -36, -25
3796.6, -36, -25
3796.7, -36, -25
3796.8, -36, -25
3796.9, -36, -25
3797, -36, -25
3797.1, -36, -25
3797.2, -36, -25
3797.3, -36, -25
3797.4, -36, -25
3797.5, -36, -25
3797.6, -36, -25
3797.7, -36, -25
3797.8, -36, -25
3797.9, -36, -25
3798, -36, -25
3798.1, -36, -25
3798.2, -36, -25
3798.3, -36, -25
3798.4, -36, -25
3798.5, -36, -25
3798.6, -36, -25
3798.7, -36, -26
3798.8, -36, -26
3798.9, -36, -26
3799, -36, -26
3799.1, -36, -26
3799.2, -36, -26
3799.3, -36, -26
3799.4, -36, -26
3799.5, -36, -26
3799.6, -36, -26
3799.7, -36, -26
3799.8, -36, -26
3799.9, -36, -26
3800, -36, -26
3800.1, -36, -27
3800.2, -36, -27
3800.3, -36, -27
3800.4, -36, -27
3800.5, -36, -27
3800.6, -36, -27
3800.7, -36, -27
3800.8, -36, -27
3800.9, -36, -27
3801, -36, -27
3801.1, -36, -26
3801.2, -36, -26
3801.3, -36, -26
3801.4, -36, -26
3801.5, -36, -26
3801.6, -36, -26
3801.7, -36, -26
3801.8, -36, -26
3801.9, -36, -26
3802, -36, -26
3802.1, -36, -26
3802.2, -36, -26
3802.3, -36, -26
3802.4, -36, -26
3802.5, -36, -26
3802.6, -36, -26
3802.7, -36, -27
3802.8, -36, -27
3802.9, -36, -27
3803, -36, -27
3803.1, -36, -27
3803.2, -36, -27
3803.3, -36, -26
3803.4, -36, -26
3803.5, -36, -26
3803.6, -36, -26
3803.7, -36, -26
3803.8, -36, -26
3803.9, -36, -26
3804, -36, -26
3804.1, -36, -26
3804.2, -36, -26
3804.3, -36, -26
3804.4, -36, -26
3804.5, -36, -26
3804.6, -36, -26
3804.7, -36, -26
3804.8, -36, -26
3804.9, -36, -26
3805, -36, -26
3805.1, -36, -26
3805.2, -36, -26
3805.3, -36, -26
3805.4, -36, -26
3805.5, -36, -26
3805.6, -36, -26
3805.7, -36, -26
3805.8, -36, -26
3805.9, -36, -27
3806, -36, -27
3806.1, -36, -27
3806.2, -36, -27
3806.3, -36, -27
3806.4, -36, -27
3806.5, -36, -27
3806.6, -36, -27
3806.7, -36, -27
3806.8, -36, -27
3806.9, -36, -26
3807, -36, -26
3807.1, -36, -26
3807.2, -36, -26
3807.3, -36, -26
3807.4, -36, -26
3807.5, -36, -26
3807.6, -36, -26
3807.7, -36, -26
3807.8, -36, -26
3807.9, -36, -26
3808, -36, -26
3808.1, -36, -26
3808.2, -36, -26
3808.3, -36, -26
3808.4, -36, -26
3808.5, -36, -26
3808.6, -36, -26
3808.7, -36, -27
3808.8, -36, -27
3808.9, -36, -27
3809, -36, -27
3809.1, -36, -27
3809.2, -36, -27
3809.3, -36, -27
3809.4, -36, -27
3809.5, -36, -27
3809.6, -36, -27
3809.7, -36, -27
3809.8, -36, -27
3809.9, -36, -27
3810, -36, -27
3810.1, -36, -27
3810.2, -36, -27
3810.3, -36, -27
3810.4, -36, -27
3810.5, -36, -27
3810.6, -36, -27
3810.7, -36, -27
3810.8, -36, -27
3810.9, -36, -27
3811, -36, -27
3811.1, -36, -27
3811.2, -36, -27
3811.3, -36, -26
3811.4, -36, -26
3811.5, -36, -26
3811.6, -36, -26
3811.7, -36, -26
3811.8, -36, -26
3811.9, -36, -26
3812, -36, -26
3812.1, -36, -26
3812.2, -36, -26
3812.3, -36, -25
3812.4, -36, -25
3812.5, -36, -25
3812.6, -36, -25
3812.7, -36, -25
3812.8, -36, -25
3812.9, -36, -25
3813, -36, -25
3813.1, -36, -25
3813.2, -36, -25
3813.3, -36, -25
3813.4, -36, -25
3813.5, -36, -25
3813.6, -36, -25
3813.7, -36, -25
3813.8, -36, -25
3813.9, -36, -25
3814, -36, -25
3814.1, -36, -25
3814.2, -36, -25
3814.3, -36, -24
3814.4, -36, -24
3814.5, -36, -24
3814.6, -36, -24
3814.7, -36, -24
3814.8, -36, -24
3814.9, -36, -24
3815, -36, -24
3815.1, -36, -24
3815.2, -36, -24
3815.3, -36, -24
3815.4, -36, -24
3815.5, -36, -24
3815.6, -36, -24
3815.7, -36, -24
3815.8, -36, -24
3815.9, -36, -24
3816, -36, -24
3816.1, -36, -24
3816.2, -36, -24
3816.3, -36, -24
3816.4, -36, -24
3816.5, -37, -24
3816.6, -37, -24
3816.7, -37, -24
3816.8, -37, -24
3816.9, -37, -25
3817, -37, -25
3817.1, -37, -25
3817.2, -37, -25
3817.3, -37, -25
3817.4, -37, -25
3817.5, -37, -25
3817.6, -37, -25
3817.7, -37, -25
3817.8, -37, -25
3817.9, -37, -25
3818, -37, -25
3818.1, -37, -25
3818.2, -37, -25
3818.3, -37, -25
3818.4, -37, -25
3818.5, -37, -25
3818.6, -37, -25
3818.7, -37, -25
3818.8, -37, -25
3818.9, -37, -25
3819, -37, -25
3819.1, -37, -25
3819.2, -37, -25
3819.3, -37, -25
3819.4, -37, -25
3819.5, -37, -25
3819.6, -37, -25
3819.7, -36, -25
3819.8, -36, -25
3819.9, -36, -25
3820, -36, -25
3820.1, -36, -25
3820.2, -36, -25
3820.3, -36, -25
3820.4, -36, -25
3820.5, -36, -25
3820.6, -36, -25
3820.7, -36, -25
3820.8, -36, -25
3820.9, -36, -25
3821, -36, -25
3821.1, -36, -25
3821.2, -36, -25
3821.3, -36, -25
3821.4, -36, -25
3821.5, -36, -25
3821.6, -36, -25
3821.7, -36, -25
3821.8, -36, -25
3821.9, -36, -25
3822, -36, -25
3822.1, -36, -25
3822.2, -36, -25
3822.3, -36, -25
3822.4, -36, -25
3822.5, -36, -25
3822.6, -36, -25
3822.7, -36, -25
3822.8, -36, -25
3822.9, -36, -25
3823, -36, -25
3823.1, -36, -25
3823.2, -36, -25
3823.3, -36, -25
3823.4, -36, -25
3823.5, -36, -25
3823.6, -36, -25
3823.7, -36, -25
3823.8, -36, -25
3823.9, -36, -25
3824, -36, -25
3824.1, -36, -25
3824.2, -36, -25
3824.3, -36, -25
3824.4, -36, -25
3824.5, -36, -25
3824.6, -36, -25
3824.7, -36, -25
3824.8, -36, -25
3824.9, -36, -25
3825, -36, -25
3825.1, -36, -25
3825.2, -36, -25
3825.3, -36, -25
3825.4, -36, -25
3825.5, -36, -25
3825.6, -36, -25
3825.7, -36, -25
3825.8, -36, -25
3825.9, -36, -25
3826, -36, -25
3826.1, -36, -25
3826.2, -36, -25
3826.3, -37, -25
3826.4, -37, -25
3826.5, -37, -25
3826.6, -37, -25
3826.7, -37, -25
3826.8, -37, -25
3826.9, -37, -25
3827, -37, -25
3827.1, -37, -25
3827.2, -37, -25
3827.3, -37, -25
3827.4, -37, -25
3827.5, -37, -25
3827.6, -37, -25
3827.7, -37, -25
3827.8, -37, -25
3827.9, -37, -25
3828, -37, -25
3828.1, -38, -25
3828.2, -38, -25
3828.3, -37, -25
3828.4, -37, -25
3828.5, -37, -25
3828.6, -37, -25
3828.7, -37, -25
3828.8, -37, -25
3828.9, -37, -25
3829, -37, -25
3829.1, -37, -25
3829.2, -37, -25
3829.3, -37, -25
3829.4, -37, -25
3829.5, -37, -25
3829.6, -37, -25
3829.7, -37, -25
3829.8, -37, -25
3829.9, -37, -24
3830, -37, -24
3830.1, -37, -24
3830.2, -37, -24
3830.3, -37, -24
3830.4, -37, -24
3830.5, -37, -24
3830.6, -37, -24
3830.7, -37, -24
3830.8, -37, -24
3830.9, -37, -24
3831, -37, -24
3831.1, -37, -23
3831.2, -37, -23
3831.3, -36, -23
3831.4, -36, -23
3831.5, -36, -23
3831.6, -36, -23
3831.7, -36, -23
3831.8, -36, -23
3831.9, -36, -23
3832, -36, -23
3832.1, -36, -23
3832.2, -36, -23
3832.3, -36, -23
3832.4, -36, -23
3832.5, -36, -23
3832.6, -36, -23
3832.7, -36, -23
3832.8, -36, -23
3832.9, -36, -23
3833, -36, -23
3833.1, -36, -23
3833.2, -36, -23
3833.3, -36, -23
3833.4, -36, -23
3833.5, -36, -23
3833.6, -36, -23
3833.7, -36, -23
3833.8, -36, -23
3833.9, -36, -23
3834, -36, -23
3834.1, -36, -23
3834.2, -36, -23
3834.3, -36, -23
3834.4, -36, -23
3834.5, -36, -23
3834.6, -36, -23
3834.7, -36, -23
3834.8, -36, -23
3834.9, -36, -23
3835, -36, -23
3835.1, -36, -23
3835.2, -36, -23
3835.3, -36, -23
3835.4, -36, -23
3835.5, -36, -23
3835.6, -36, -23
3835.7, -36, -23
3835.8, -36, -23
3835.9, -36, -23
3836, -36, -23
3836.1, -36, -23
3836.2, -36, -23
3836.3, -36, -23
3836.4, -36, -23
3836.5, -35, -23
3836.6, -35, -23
3836.7, -35, -23
3836.8, -35, -23
3836.9, -35, -23
3837, -35, -23
3837.1, -35, -23
3837.2, -35, -23
3837.3, -35, -24
3837.4, -35, -24
3837.5, -35, -24
3837.6, -35, -24
3837.7, -35, -24
3837.8, -35, -24
3837.9, -35, -24
3838, -35, -24
3838.1, -35, -24
3838.2, -35, -24
3838.3, -35, -24
3838.4, -35, -24
3838.5, -35, -24
3838.6, -35, -24
3838.7, -35, -24
3838.8, -35, -24
3838.9, -35, -24
3839, -35, -24
3839.1, -35, -23
3839.2, -35, -23
3839.3, -35, -24
3839.4, -35, -24
3839.5, -35, -24
3839.6, -35, -24
3839.7, -35, -24
3839.8, -35, -24
3839.9, -35, -24
3840, -35, -24
3840.1, -35, -24
3840.2, -35, -24
3840.3, -35, -24
3840.4, -35, -24
3840.5, -34, -24
3840.6, -34, -24
3840.7, -34, -24
3840.8, -34, -24
3840.9, -34, -24
3841, -34, -24
3841.1, -34, -24
3841.2, -34, -24
3841.3, -34, -24
3841.4, -34, -24
3841.5, -34, -24
3841.6, -34, -24
3841.7, -34, -24
3841.8, -34, -24
3841.9, -34, -24
3842, -34, -24
3842.1, -34, -24
3842.2, -34, -24
3842.3, -34, -24
3842.4, -34, -24
3842.5, -34, -24
3842.6, -34, -24
3842.7, -34, -24
3842.8, -34, -24
3842.9, -34, -24
3843, -34, -24
3843.1, -34, -24
3843.2, -34, -24
3843.3, -35, -24
3843.4, -35, -24
3843.5, -35, -24
3843.6, -35, -24
3843.7, -35, -24
3843.8, -35, -24
3843.9, -35, -24
3844, -35, -24
3844.1, -35, -24
3844.2, -35, -24
3844.3, -35, -24
3844.4, -35, -24
3844.5, -35, -24
3844.6, -35, -24
3844.7, -35, -24
3844.8, -35, -24
3844.9, -35, -24
3845, -35, -24
3845.1, -35, -24
3845.2, -35, -24
3845.3, -35, -24
3845.4, -35, -24
3845.5, -35, -24
3845.6, -35, -24
3845.7, -35, -24
3845.8, -35, -24
3845.9, -35, -24
3846, -35, -24
3846.1, -35, -24
3846.2, -35, -24
3846.3, -35, -24
3846.4, -35, -24
3846.5, -35, -24
3846.6, -35, -24
3846.7, -35, -24
3846.8, -35, -24
3846.9, -35, -24
3847, -35, -24
3847.1, -35, -24
3847.2, -35, -24
3847.3, -35, -24
3847.4, -35, -24
3847.5, -35, -24
3847.6, -35, -24
3847.7, -35, -24
3847.8, -35, -24
3847.9, -35, -24
3848, -35, -24
3848.1, -35, -24
3848.2, -35, -24
3848.3, -35, -24
3848.4, -35, -24
3848.5, -35, -24
3848.6, -35, -24
3848.7, -34, -24
3848.8, -34, -24
3848.9, -34, -24
3849, -34, -24
3849.1, -35, -24
3849.2, -35, -24
3849.3, -35, -24
3849.4, -35, -24
3849.5, -35, -24
3849.6, -35, -24
3849.7, -35, -24
3849.8, -35, -24
3849.9, -35, -24
3850, -35, -24
3850.1, -35, -24
3850.2, -35, -24
3850.3, -35, -24
3850.4, -35, -24
3850.5, -36, -24
3850.6, -36, -24
3850.7, -36, -24
3850.8, -36, -24
3850.9, -36, -24
3851, -36, -24
3851.1, -36, -24
3851.2, -36, -24
3851.3, -36, -24
3851.4, -36, -24
3851.5, -36, -24
3851.6, -36, -24
3851.7, -36, -24
3851.8, -36, -24
3851.9, -36, -24
3852, -36, -24
3852.1, -36, -24
3852.2, -36, -24
3852.3, -36, -24
3852.4, -36, -24
3852.5, -36, -24
3852.6, -36, -24
3852.7, -36, -24
3852.8, -36, -24
3852.9, -36, -24
3853, -36, -24
3853.1, -36, -24
3853.2, -36, -24
3853.3, -36, -24
3853.4, -36, -24
3853.5, -36, -24
3853.6, -36, -24
3853.7, -36, -24
3853.8, -36, -24
3853.9, -36, -25
3854, -36, -25
3854.1, -36, -25
3854.2, -36, -25
3854.3, -36, -25
3854.4, -36, -25
3854.5, -36, -25
3854.6, -36, -25
3854.7, -36, -25
3854.8, -36, -25
3854.9, -36, -25
3855, -36, -25
3855.1, -36, -25
3855.2, -36, -25
3855.3, -36, -25
3855.4, -36, -25
3855.5, -36, -25
3855.6, -36, -25
3855.7, -36, -25
3855.8, -36, -25
3855.9, -36, -25
3856, -36, -25
3856.1, -36, -25
3856.2, -36, -25
3856.3, -36, -25
3856.4, -36, -25
3856.5, -36, -25
3856.6, -36, -25
3856.7, -36, -25
3856.8, -36, -25
3856.9, -36, -25
3857, -36, -25
3857.1, -36, -25
3857.2, -36, -25
3857.3, -36, -24
3857.4, -36, -24
3857.5, -36, -24
3857.6, -36, -24
3857.7, -36, -24
3857.8, -36, -24
3857.9, -36, -24
3858, -36, -24
3858.1, -36, -24
3858.2, -36, -24
3858.3, -36, -24
3858.4, -36, -24
3858.5, -36, -24
3858.6, -36, -24
3858.7, -36, -24
3858.8, -36, -24
3858.9, -36, -24
3859, -36, -24
3859.1, -36, -24
3859.2, -36, -24
3859.3, -36, -24
3859.4, -36, -24
3859.5, -36, -23
3859.6, -36, -23
3859.7, -36, -23
3859.8, -36, -23
3859.9, -36, -23
3860, -36, -23
3860.1, -36, -23
3860.2, -36, -23
3860.3, -36, -23
3860.4, -36, -23
3860.5, -36, -23
3860.6, -36, -23
3860.7, -36, -23
3860.8, -36, -23
3860.9, -36, -23
3861, -36, -23
3861.1, -36, -23
3861.2, -36, -23
3861.3, -36, -23
3861.4, -36, -23
3861.5, -36, -23
3861.6, -36, -23
3861.7, -36, -23
3861.8, -36, -23
3861.9, -36, -23
3862, -36, -23
3862.1, -36, -23
3862.2, -36, -23
3862.3, -35, -23
3862.4, -35, -23
3862.5, -35, -23
3862.6, -35, -23
3862.7, -35, -23
3862.8, -35, -23
3862.9, -35, -23
3863, -35, -23
3863.1, -35, -23
3863.2, -35, -23
3863.3, -35, -23
3863.4, -35, -23
3863.5, -35, -23
3863.6, -35, -23
3863.7, -35, -23
3863.8, -35, -23
3863.9, -35, -23
3864, -35, -23
3864.1, -35, -23
3864.2, -35, -23
3864.3, -35, -23
3864.4, -35, -23
3864.5, -35, -23
3864.6, -35, -23
3864.7, -35, -23
3864.8, -35, -23
3864.9, -35, -23
3865, -35, -23
3865.1, -35, -23
3865.2, -35, -23
3865.3, -35, -23
3865.4, -35, -23
3865.5, -35, -23
3865.6, -35, -23
3865.7, -35, -23
3865.8, -35, -23
3865.9, -35, -23
3866, -35, -23
3866.1, -35, -23
3866.2, -35, -23
3866.3, -35, -23
3866.4, -35, -23
3866.5, -35, -23
3866.6, -35, -23
3866.7, -35, -23
3866.8, -35, -23
3866.9, -35, -22
3867, -35, -22
3867.1, -36, -22
3867.2, -36, -22
3867.3, -36, -23
3867.4, -36, -23
3867.5, -36, -23
3867.6, -36, -23
3867.7, -36, -22
3867.8, -36, -22
3867.9, -36, -22
3868, -36, -22
3868.1, -36, -22
3868.2, -36, -22
3868.3, -36, -22
3868.4, -36, -22
3868.5, -36, -22
3868.6, -36, -22
3868.7, -36, -23
3868.8, -36, -23
3868.9, -36, -23
3869, -36, -23
3869.1, -36, -23
3869.2, -36, -23
3869.3, -36, -23
3869.4, -36, -23
3869.5, -36, -23
3869.6, -36, -23
3869.7, -36, -23
3869.8, -36, -23
3869.9, -36, -23
3870, -36, -23
3870.1, -36, -23
3870.2, -36, -23
3870.3, -36, -23
3870.4, -36, -23
3870.5, -36, -23
3870.6, -36, -23
3870.7, -36, -23
3870.8, -36, -23
3870.9, -36, -23
3871, -36, -23
3871.1, -36, -23
3871.2, -36, -23
3871.3, -36, -23
3871.4, -36, -23
3871.5, -36, -23
3871.6, -36, -23
3871.7, -36, -23
3871.8, -36, -23
3871.9, -36, -23
3872, -36, -23
3872.1, -36, -23
3872.2, -36, -23
3872.3, -36, -23
3872.4, -36, -23
3872.5, -36, -23
3872.6, -36, -23
3872.7, -36, -23
3872.8, -36, -23
3872.9, -36, -23
3873, -36, -23
3873.1, -36, -23
3873.2, -36, -23
3873.3, -36, -23
3873.4, -36, -23
3873.5, -36, -23
3873.6, -36, -23
3873.7, -36, -23
3873.8, -36, -23
3873.9, -36, -23
3874, -36, -23
3874.1, -36, -23
3874.2, -36, -23
3874.3, -36, -23
3874.4, -36, -23
3874.5, -36, -23
3874.6, -36, -23
3874.7, -36, -23
3874.8, -36, -23
3874.9, -36, -23
3875, -36, -23
3875.1, -36, -23
3875.2, -36, -23
3875.3, -36, -23
3875.4, -36, -23
3875.5, -36, -23
3875.6, -36, -23
3875.7, -36, -23
3875.8, -36, -23
3875.9, -36, -23
3876, -36, -23
3876.1, -36, -23
3876.2, -36, -23
3876.3, -36, -23
3876.4, -36, -23
3876.5, -36, -23
3876.6, -36, -23
3876.7, -36, -23
3876.8, -36, -23
3876.9, -36, -23
3877, -36, -23
3877.1, -36, -23
3877.2, -36, -23
3877.3, -36, -23
3877.4, -36, -23
3877.5, -36, -23
3877.6, -36, -23
3877.7, -36, -23
3877.8, -36, -23
3877.9, -36, -23
3878, -36, -23
3878.1, -36, -23
3878.2, -36, -23
3878.3, -36, -23
3878.4, -36, -23
3878.5, -36, -23
3878.6, -36, -23
3878.7, -35, -23
3878.8, -35, -23
3878.9, -35, -23
3879, -35, -23
3879.1, -35, -23
3879.2, -35, -23
3879.3, -35, -23
3879.4, -35, -23
3879.5, -35, -23
3879.6, -35, -23
3879.7, -35, -23
3879.8, -35, -23
3879.9, -35, -23
3880, -35, -23
3880.1, -35, -23
3880.2, -35, -23
3880.3, -35, -23
3880.4, -35, -23
3880.5, -35, -23
3880.6, -35, -23
3880.7, -35, -23
3880.8, -35, -23
3880.9, -35, -23
3881, -35, -23
3881.1, -35, -23
3881.2, -35, -23
3881.3, -35, -23
3881.4, -35, -23
3881.5, -35, -23
3881.6, -35, -23
3881.7, -35, -23
3881.8, -35, -23
3881.9, -35, -23
3882, -35, -23
3882.1, -35, -23
3882.2, -35, -23
3882.3, -35, -22
3882.4, -35, -22
3882.5, -35, -22
3882.6, -35, -22
3882.7, -35, -22
3882.8, -35, -22
3882.9, -35, -22
3883, -35, -22
3883.1, -35, -22
3883.2, -35, -22
3883.3, -35, -22
3883.4, -35, -22
3883.5, -35, -22
3883.6, -35, -22
3883.7, -35, -22
3883.8, -35, -22
3883.9, -35, -22
3884, -35, -22
3884.1, -35, -22
3884.2, -35, -22
3884.3, -35, -22
3884.4, -35, -22
3884.5, -36, -22
3884.6, -36, -22
3884.7, -36, -22
3884.8, -36, -22
3884.9, -36, -22
3885, -36, -22
3885.1, -36, -22
3885.2, -36, -22
3885.3, -36, -22
3885.4, -36, -22
3885.5, -36, -22
3885.6, -36, -22
3885.7, -36, -22
3885.8, -36, -22
3885.9, -36, -23
3886, -36, -23
3886.1, -36, -23
3886.2, -36, -23
3886.3, -36, -23
3886.4, -36, -23
3886.5, -36, -23
3886.6, -36, -23
3886.7, -36, -22
3886.8, -36, -22
3886.9, -36, -22
3887, -36, -22
3887.1, -36, -22
3887.2, -36, -22
3887.3, -36, -22
3887.4, -36, -22
3887.5, -36, -22
3887.6, -36, -22
3887.7, -36, -22
3887.8, -36, -22
3887.9, -36, -22
3888, -36, -22
3888.1, -36, -22
3888.2, -36, -22
3888.3, -36, -22
3888.4, -36, -22
3888.5, -36, -22
3888.6, -36, -22
3888.7, -36, -22
3888.8, -36, -22
3888.9, -36, -22
3889, -36, -22
3889.1, -36, -22
3889.2, -36, -22
3889.3, -36, -22
3889.4, -36, -22
3889.5, -36, -22
3889.6, -36, -22
3889.7, -36, -22
3889.8, -36, -22
3889.9, -36, -23
3890, -36, -23
3890.1, -36, -22
3890.2, -36, -22
3890.3, -36, -22
3890.4, -36, -22
3890.5, -36, -22
3890.6, -36, -22
3890.7, -36, -22
3890.8, -36, -22
3890.9, -36, -22
3891, -36, -22
3891.1, -36, -22
3891.2, -36, -22
3891.3, -36, -22
3891.4, -36, -22
3891.5, -36, -22
3891.6, -36, -22
3891.7, -36, -23
3891.8, -36, -23
3891.9, -37, -23
3892, -37, -23
3892.1, -37, -23
3892.2, -37, -23
3892.3, -37, -24
3892.4, -37, -24
3892.5, -37, -24
3892.6, -37, -24
3892.7, -37, -24
3892.8, -37, -24
3892.9, -37, -24
3893, -37, -24
3893.1, -37, -24
3893.2, -37, -24
3893.3, -37, -24
3893.4, -37, -24
3893.5, -37, -24
3893.6, -37, -24
3893.7, -37, -24
3893.8, -37, -24
3893.9, -37, -24
3894, -37, -24
3894.1, -37, -23
3894.2, -37, -23
3894.3, -37, -23
3894.4, -37, -23
3894.5, -37, -23
3894.6, -37, -23
3894.7, -37, -23
3894.8, -37, -23
3894.9, -37, -23
3895, -37, -23
3895.1, -37, -23
3895.2, -37, -23
3895.3, -37, -22
3895.4, -37, -22
3895.5, -38, -22
3895.6, -38, -22
3895.7, -38, -22
3895.8, -38, -22
3895.9, -38, -22
3896, -38, -22
3896.1, -38, -22
3896.2, -38, -22
3896.3, -38, -22
3896.4, -38, -22
3896.5, -38, -22
3896.6, -38, -22
3896.7, -38, -22
3896.8, -38, -22
3896.9, -38, -22
3897, -38, -22
3897.1, -38, -22
3897.2, -38, -22
3897.3, -38, -22
3897.4, -38, -22
3897.5, -38, -22
3897.6, -38, -22
3897.7, -38, -22
3897.8, -38, -22
3897.9, -38, -22
3898, -38, -22
3898.1, -38, -22
3898.2, -38, -22
3898.3, -38, -22
3898.4, -38, -22
3898.5, -38, -22
3898.6, -38, -22
3898.7, -38, -22
3898.8, -38, -22
3898.9, -38, -22
3899, -38, -22
3899.1, -38, -22
3899.2, -38, -22
3899.3, -38, -22
3899.4, -38, -22
3899.5, -38, -22
3899.6, -38, -22
3899.7, -38, -22
3899.8, -38, -22
3899.9, -38, -22
3900, -38, -22
3900.1, -38, -22
3900.2, -38, -22
3900.3, -38, -22
3900.4, -38, -22
3900.5, -38, -22
3900.6, -38, -22
3900.7, -38, -22
3900.8, -38, -22
3900.9, -38, -22
3901, -38, -22
3901.1, -38, -23
3901.2, -38, -23
3901.3, -38, -22
3901.4, -38, -22
3901.5, -38, -22
3901.6, -38, -22
3901.7, -38, -22
3901.8, -38, -22
3901.9, -38, -22
3902, -38, -22
3902.1, -38, -22
3902.2, -38, -22
3902.3, -38, -22
3902.4, -38, -22
3902.5, -38, -22
3902.6, -38, -22
3902.7, -38, -22
3902.8, -38, -22
3902.9, -38, -22
3903, -38, -22
3903.1, -38, -22
3903.2, -38, -22
3903.3, -38, -22
3903.4, -38, -22
3903.5, -38, -22
3903.6, -38, -22
3903.7, -38, -22
3903.8, -38, -22
3903.9, -38, -22
3904, -38, -22
3904.1, -37, -22
3904.2, -37, -22
3904.3, -37, -22
3904.4, -37, -22
3904.5, -37, -22
3904.6, -37, -22
3904.7, -37, -22
3904.8, -37, -22
3904.9, -37, -22
3905, -37, -22
3905.1, -37, -22
3905.2, -37, -22
3905.3, -37, -22
3905.4, -37, -22
3905.5, -37, -22
3905.6, -37, -22
3905.7, -37, -22
3905.8, -37, -22
3905.9, -37, -22
3906, -37, -22
3906.1, -37, -22
3906.2, -37, -22
3906.3, -37, -22
3906.4, -37, -22
3906.5, -37, -22
3906.6, -37, -22
3906.7, -37, -22
3906.8, -37, -22
3906.9, -37, -22
3907, -37, -22
3907.1, -37, -22
3907.2, -37, -22
3907.3, -37, -22
3907.4, -37, -22
3907.5, -37, -22
3907.6, -37, -22
3907.7, -37, -22
3907.8, -37, -22
3907.9, -37, -22
3908, -37, -22
3908.1, -37, -22
3908.2, -37, -22
3908.3, -37, -22
3908.4, -37, -22
3908.5, -37, -22
3908.6, -37, -22
3908.7, -37, -22
3908.8, -37, -22
3908.9, -37, -22
3909, -37, -22
3909.1, -37, -22
3909.2, -37, -22
3909.3, -37, -22
3909.4, -37, -22
3909.5, -37, -22
3909.6, -37, -22
3909.7, -37, -22
3909.8, -37, -22
3909.9, -37, -22
3910, -37, -22
3910.1, -37, -22
3910.2, -37, -22
3910.3, -37, -22
3910.4, -37, -22
3910.5, -37, -22
3910.6, -37, -22
3910.7, -37, -22
3910.8, -37, -22
3910.9, -37, -22
3911, -37, -22
3911.1, -37, -22
3911.2, -37, -22
3911.3, -37, -22
3911.4, -37, -22
3911.5, -37, -21
3911.6, -37, -21
3911.7, -37, -21
3911.8, -37, -21
3911.9, -37, -21
3912, -37, -21
3912.1, -37, -21
3912.2, -37, -21
3912.3, -36, -21
3912.4, -36, -21
3912.5, -36, -21
3912.6, -36, -21
3912.7, -36, -21
3912.8, -36, -21
3912.9, -36, -21
3913, -36, -21
3913.1, -36, -21
3913.2, -36, -21
3913.3, -36, -21
3913.4, -36, -21
3913.5, -36, -21
3913.6, -36, -21
3913.7, -36, -21
3913.8, -36, -21
3913.9, -36, -21
3914, -36, -21
3914.1, -36, -21
3914.2, -36, -21
3914.3, -36, -21
3914.4, -36, -21
3914.5, -36, -20
3914.6, -36, -20
3914.7, -36, -20
3914.8, -36, -20
3914.9, -36, -20
3915, -36, -20
3915.1, -36, -20
3915.2, -36, -20
3915.3, -36, -20
3915.4, -36, -20
3915.5, -36, -20
3915.6, -36, -20
3915.7, -36, -20
3915.8, -36, -20
3915.9, -36, -20
3916, -36, -20
3916.1, -36, -20
3916.2, -36, -20
3916.3, -36, -20
3916.4, -36, -20
3916.5, -36, -20
3916.6, -36, -20
3916.7, -36, -20
3916.8, -36, -20
3916.9, -36, -20
3917, -36, -20
3917.1, -36, -20
3917.2, -36, -20
3917.3, -36, -20
3917.4, -36, -20
3917.5, -36, -20
3917.6, -36, -20
3917.7, -36, -20
3917.8, -36, -20
3917.9, -36, -20
3918, -36, -20
3918.1, -36, -20
3918.2, -36, -20
3918.3, -37, -20
3918.4, -37, -20
3918.5, -37, -20
3918.6, -37, -20
3918.7, -37, -20
3918.8, -37, -20
3918.9, -37, -20
3919, -37, -20
3919.1, -37, -20
3919.2, -37, -20
3919.3, -37, -20
3919.4, -37, -20
3919.5, -37, -20
3919.6, -37, -20
3919.7, -37, -20
3919.8, -37, -20
3919.9, -37, -20
3920, -37, -20
3920.1, -37, -20
3920.2, -37, -20
3920.3, -37, -20
3920.4, -37, -20
3920.5, -37, -20
3920.6, -37, -20
3920.7, -36, -20
3920.8, -36, -20
3920.9, -36, -20
3921, -36, -20
3921.1, -36, -20
3921.2, -36, -20
3921.3, -36, -20
3921.4, -36, -20
3921.5, -36, -20
3921.6, -36, -20
3921.7, -36, -20
3921.8, -36, -20
3921.9, -36, -20
3922, -36, -20
3922.1, -36, -20
3922.2, -36, -20
3922.3, -36, -19
3922.4, -36, -19
3922.5, -37, -19
3922.6, -37, -19
3922.7, -37, -19
3922.8, -37, -19
3922.9, -37, -19
3923, -37, -19
3923.1, -37, -19
3923.2, -37, -19
3923.3, -37, -19
3923.4, -37, -19
3923.5, -37, -19
3923.6, -37, -19
3923.7, -37, -19
3923.8, -37, -19
3923.9, -37, -19
3924, -37, -19
3924.1, -37, -19
3924.2, -37, -19
3924.3, -37, -19
3924.4, -37, -19
3924.5, -37, -19
3924.6, -37, -19
3924.7, -37, -19
3924.8, -37, -19
3924.9, -37, -19
3925, -37, -19
3925.1, -37, -19
3925.2, -37, -19
3925.3, -37, -19
3925.4, -37, -19
3925.5, -37, -19
3925.6, -37, -19
3925.7, -37, -19
3925.8, -37, -19
3925.9, -37, -19
3926, -37, -19
3926.1, -37, -19
3926.2, -37, -19
3926.3, -37, -19
3926.4, -37, -19
3926.5, -37, -19
3926.6, -37, -19
3926.7, -37, -19
3926.8, -37, -19
3926.9, -37, -19
3927, -37, -19
3927.1, -37, -19
3927.2, -37, -19
3927.3, -37, -19
3927.4, -37, -19
3927.5, -37, -19
3927.6, -37, -19
3927.7, -37, -19
3927.8, -37, -19
3927.9, -37, -19
3928, -37, -19
3928.1, -37, -18
3928.2, -37, -18
3928.3, -37, -18
3928.4, -37, -18
3928.5, -37, -18
3928.6, -37, -18
3928.7, -37, -18
3928.8, -37, -18
3928.9, -37, -18
3929, -37, -18
3929.1, -37, -18
3929.2, -37, -18
3929.3, -37, -18
3929.4, -37, -18
3929.5, -37, -18
3929.6, -37, -18
3929.7, -37, -18
3929.8, -37, -18
3929.9, -37, -18
3930, -37, -18
3930.1, -37, -18
3930.2, -37, -18
3930.3, -37, -18
3930.4, -37, -18
3930.5, -37, -18
3930.6, -37, -18
3930.7, -37, -18
3930.8, -37, -18
3930.9, -37, -18
3931, -37, -18
3931.1, -37, -18
3931.2, -37, -18
3931.3, -37, -18
3931.4, -37, -18
3931.5, -37, -18
3931.6, -37, -18
3931.7, -37, -18
3931.8, -37, -18
3931.9, -37, -18
3932, -37, -18
3932.1, -37, -18
3932.2, -37, -18
3932.3, -37, -19
3932.4, -37, -19
3932.5, -37, -19
3932.6, -37, -19
3932.7, -37, -19
3932.8, -37, -19
3932.9, -37, -19
3933, -37, -19
3933.1, -37, -19
3933.2, -37, -19
3933.3, -37, -19
3933.4, -37, -19
3933.5, -37, -19
3933.6, -37, -19
3933.7, -37, -19
3933.8, -37, -19
3933.9, -37, -19
3934, -37, -19
3934.1, -37, -19
3934.2, -37, -19
3934.3, -37, -19
3934.4, -37, -19
3934.5, -37, -19
3934.6, -37, -19
3934.7, -37, -19
3934.8, -37, -19
3934.9, -37, -19
3935, -37, -19
3935.1, -37, -19
3935.2, -37, -19
3935.3, -37, -19
3935.4, -37, -19
3935.5, -37, -19
3935.6, -37, -19
3935.7, -37, -19
3935.8, -37, -19
3935.9, -37, -19
3936, -37, -19
3936.1, -37, -19
3936.2, -37, -19
3936.3, -37, -19
3936.4, -37, -19
3936.5, -37, -19
3936.6, -37, -19
3936.7, -37, -19
3936.8, -37, -19
3936.9, -37, -19
3937, -37, -19
3937.1, -37, -19
3937.2, -37, -19
3937.3, -37, -19
3937.4, -37, -19
3937.5, -37, -19
3937.6, -37, -19
3937.7, -37, -19
3937.8, -37, -19
3937.9, -37, -19
3938, -37, -19
3938.1, -37, -19
3938.2, -37, -19
3938.3, -36, -19
3938.4, -36, -19
3938.5, -36, -19
3938.6, -36, -19
3938.7, -36, -18
3938.8, -36, -18
3938.9, -36, -18
3939, -36, -18
3939.1, -36, -18
3939.2, -36, -18
3939.3, -36, -18
3939.4, -36, -18
3939.5, -36, -18
3939.6, -36, -18
3939.7, -36, -18
3939.8, -36, -18
3939.9, -36, -18
3940, -36, -18
3940.1, -36, -18
3940.2, -36, -18
3940.3, -36, -18
3940.4, -36, -18
3940.5, -36, -18
3940.6, -36, -18
3940.7, -36, -18
3940.8, -36, -18
3940.9, -36, -18
3941, -36, -18
3941.1, -36, -18
3941.2, -36, -18
3941.3, -36, -18
3941.4, -36, -18
3941.5, -35, -18
3941.6, -35, -18
3941.7, -35, -18
3941.8, -35, -18
3941.9, -35, -18
3942, -35, -18
3942.1, -35, -18
3942.2, -35, -18
3942.3, -35, -18
3942.4, -35, -18
3942.5, -36, -18
3942.6, -36, -18
3942.7, -36, -18
3942.8, -36, -18
3942.9, -36, -18
3943, -36, -18
3943.1, -36, -19
3943.2, -36, -19
3943.3, -36, -19
3943.4, -36, -19
3943.5, -36, -19
3943.6, -36, -19
3943.7, -36, -19
3943.8, -36, -19
3943.9, -36, -19
3944, -36, -19
3944.1, -36, -19
3944.2, -36, -19
3944.3, -36, -19
3944.4, -36, -19
3944.5, -36, -19
3944.6, -36, -19
3944.7, -36, -19
3944.8, -36, -19
3944.9, -36, -19
3945, -36, -19
3945.1, -36, -19
3945.2, -36, -19
3945.3, -36, -19
3945.4, -36, -19
3945.5, -36, -19
3945.6, -36, -19
3945.7, -36, -19
3945.8, -36, -19
3945.9, -36, -19
3946, -36, -19
3946.1, -36, -19
3946.2, -36, -19
3946.3, -36, -18
3946.4, -36, -18
3946.5, -36, -18
3946.6, -36, -18
3946.7, -36, -18
3946.8, -36, -18
3946.9, -36, -18
3947, -36, -18
3947.1, -36, -18
3947.2, -36, -18
3947.3, -36, -18
3947.4, -36, -18
3947.5, -36, -18
3947.6, -36, -18
3947.7, -36, -18
3947.8, -36, -18
3947.9, -36, -19
3948, -36, -19
3948.1, -35, -19
3948.2, -35, -19
3948.3, -35, -19
3948.4, -35, -19
3948.5, -35, -19
3948.6, -35, -19
3948.7, -35, -19
3948.8, -35, -19
3948.9, -35, -19
3949, -35, -19
3949.1, -35, -19
3949.2, -35, -19
3949.3, -36, -19
3949.4, -36, -19
3949.5, -36, -19
3949.6, -36, -19
3949.7, -36, -19
3949.8, -36, -19
3949.9, -36, -20
3950, -36, -20
3950.1, -36, -20
3950.2, -36, -20
3950.3, -36, -20
3950.4, -36, -20
3950.5, -36, -20
3950.6, -36, -20
3950.7, -36, -20
3950.8, -36, -20
3950.9, -36, -20
3951, -36, -20
3951.1, -36, -20
3951.2, -36, -20
3951.3, -36, -20
3951.4, -36, -20
3951.5, -37, -20
3951.6, -37, -20
3951.7, -37, -20
3951.8, -37, -20
3951.9, -37, -20
3952, -37, -20
3952.1, -38, -20
3952.2, -38, -20
3952.3, -38, -20
3952.4, -38, -20
3952.5, -38, -20
3952.6, -38, -20
3952.7, -38, -20
3952.8, -38, -20
3952.9, -38, -20
3953, -38, -20
3953.1, -38, -20
3953.2, -38, -20
3953.3, -38, -20
3953.4, -38, -20
3953.5, -38, -20
3953.6, -38, -20
3953.7, -38, -20
3953.8, -38, -20
3953.9, -38, -20
3954, -38, -20
3954.1, -38, -20
3954.2, -38, -20
3954.3, -38, -20
3954.4, -38, -20
3954.5, -38, -20
3954.6, -38, -20
3954.7, -38, -20
3954.8, -38, -20
3954.9, -37, -20
3955, -37, -20
3955.1, -37, -20
3955.2, -37, -20
3955.3, -37, -20
3955.4, -37, -20
3955.5, -37, -20
3955.6, -37, -20
3955.7, -37, -20
3955.8, -37, -20
3955.9, -37, -20
3956, -37, -20
3956.1, -37, -20
3956.2, -37, -20
3956.3, -37, -20
3956.4, -37, -20
3956.5, -37, -20
3956.6, -37, -20
3956.7, -37, -20
3956.8, -37, -20
3956.9, -37, -20
3957, -37, -20
3957.1, -37, -20
3957.2, -37, -20
3957.3, -37, -20
3957.4, -37, -20
3957.5, -37, -20
3957.6, -37, -20
3957.7, -37, -19
3957.8, -37, -19
3957.9, -37, -19
3958, -37, -19
3958.1, -37, -19
3958.2, -37, -19
3958.3, -37, -19
3958.4, -37, -19
3958.5, -37, -19
3958.6, -37, -19
3958.7, -37, -20
3958.8, -37, -20
3958.9, -37, -20
3959, -37, -20
3959.1, -37, -20
3959.2, -37, -20
3959.3, -37, -20
3959.4, -37, -20
3959.5, -37, -20
3959.6, -37, -20
3959.7, -36, -20
3959.8, -36, -20
3959.9, -36, -20
3960, -36, -20
3960.1, -36, -20
3960.2, -36, -20
3960.3, -36, -20
3960.4, -36, -20
3960.5, -36, -20
3960.6, -36, -20
3960.7, -36, -21
3960.8, -36, -21
3960.9, -36, -21
3961, -36, -21
3961.1, -36, -20
3961.2, -36, -20
3961.3, -35, -20
3961.4, -35, -20
3961.5, -35, -20
3961.6, -35, -20
3961.7, -35, -20
3961.8, -35, -20
3961.9, -35, -20
3962, -35, -20
3962.1, -35, -20
3962.2, -35, -20
3962.3, -35, -20
3962.4, -35, -20
3962.5, -35, -20
3962.6, -35, -20
3962.7, -35, -20
3962.8, -35, -20
3962.9, -35, -21
3963, -35, -21
3963.1, -35, -21
3963.2, -35, -21
3963.3, -34, -21
3963.4, -34, -21
3963.5, -34, -21
3963.6, -34, -21
3963.7, -34, -21
3963.8, -34, -21
3963.9, -34, -21
3964, -34, -21
3964.1, -34, -21
3964.2, -34, -21
3964.3, -34, -21
3964.4, -34, -21
3964.5, -34, -21
3964.6, -34, -21
3964.7, -35, -21
3964.8, -35, -21
3964.9, -36, -21
3965, -36, -21
3965.1, -36, -20
3965.2, -36, -20
3965.3, -36, -20
3965.4, -36, -20
3965.5, -36, -20
3965.6, -36, -20
3965.7, -36, -20
3965.8, -36, -20
3965.9, -36, -20
3966, -36, -20
3966.1, -36, -20
3966.2, -36, -20
3966.3, -36, -20
3966.4, -36, -20
3966.5, -36, -20
3966.6, -36, -20
3966.7, -36, -20
3966.8, -36, -20
3966.9, -36, -20
3967, -36, -20
3967.1, -36, -20
3967.2, -36, -20
3967.3, -36, -20
3967.4, -36, -20
3967.5, -36, -19
3967.6, -36, -19
3967.7, -36, -19
3967.8, -36, -19
3967.9, -36, -19
3968, -36, -19
3968.1, -36, -19
3968.2, -36, -19
3968.3, -36, -19
3968.4, -36, -19
3968.5, -36, -19
3968.6, -36, -19
3968.7, -36, -19
3968.8, -36, -19
3968.9, -36, -19
3969, -36, -19
3969.1, -36, -19
3969.2, -36, -19
3969.3, -36, -19
3969.4, -36, -19
3969.5, -36, -19
3969.6, -36, -19
3969.7, -36, -19
3969.8, -36, -19
3969.9, -36, -19
3970, -36, -19
3970.1, -36, -19
3970.2, -36, -19
3970.3, -36, -19
3970.4, -36, -19
3970.5, -36, -19
3970.6, -36, -19
3970.7, -36, -19
3970.8, -36, -19
3970.9, -36, -19
3971, -36, -19
3971.1, -36, -19
3971.2, -36, -19
3971.3, -36, -18
3971.4, -36, -18
3971.5, -36, -18
3971.6, -36, -18
3971.7, -36, -18
3971.8, -36, -18
3971.9, -36, -19
3972, -36, -19
3972.1, -36, -19
3972.2, -36, -19
3972.3, -36, -19
3972.4, -36, -19
3972.5, -36, -19
3972.6, -36, -19
3972.7, -36, -19
3972.8, -36, -19
3972.9, -36, -19
3973, -36, -19
3973.1, -36, -19
3973.2, -36, -19
3973.3, -36, -19
3973.4, -36, -19
3973.5, -36, -19
3973.6, -36, -19
3973.7, -36, -19
3973.8, -36, -19
3973.9, -36, -19
3974, -36, -19
3974.1, -36, -19
3974.2, -36, -19
3974.3, -36, -19
3974.4, -36, -19
3974.5, -36, -19
3974.6, -36, -19
3974.7, -36, -19
3974.8, -36, -19
3974.9, -36, -19
3975, -36, -19
3975.1, -36, -19
3975.2, -36, -19
3975.3, -36, -19
3975.4, -36, -19
3975.5, -36, -19
3975.6, -36, -19
3975.7, -36, -19
3975.8, -36, -19
3975.9, -36, -19
3976, -36, -19
3976.1, -36, -19
3976.2, -36, -19
3976.3, -36, -19
3976.4, -36, -19
3976.5, -36, -19
3976.6, -36, -19
3976.7, -36, -19
3976.8, -36, -19
3976.9, -36, -19
3977, -36, -19
3977.1, -36, -19
3977.2, -36, -19
3977.3, -36, -19
3977.4, -36, -19
3977.5, -36, -19
3977.6, -36, -19
3977.7, -36, -19
3977.8, -36, -19
3977.9, -36, -19
3978, -36, -19
3978.1, -36, -19
3978.2, -36, -19
3978.3, -36, -19
3978.4, -36, -19
3978.5, -36, -19
3978.6, -36, -19
3978.7, -36, -19
3978.8, -36, -19
3978.9, -36, -19
3979, -36, -19
3979.1, -36, -19
3979.2, -36, -19
3979.3, -36, -19
3979.4, -36, -19
3979.5, -36, -19
3979.6, -36, -19
3979.7, -36, -19
3979.8, -36, -19
3979.9, -36, -19
3980, -36, -19
3980.1, -36, -19
3980.2, -36, -19
3980.3, -36, -19
3980.4, -36, -19
3980.5, -36, -19
3980.6, -36, -19
3980.7, -36, -19
3980.8, -36, -19
3980.9, -36, -19
3981, -36, -19
3981.1, -36, -19
3981.2, -36, -19
3981.3, -36, -19
3981.4, -36, -19
3981.5, -36, -19
3981.6, -36, -19
3981.7, -36, -19
3981.8, -36, -19
3981.9, -36, -19
3982, -36, -19
3982.1, -36, -19
3982.2, -36, -19
3982.3, -36, -19
3982.4, -36, -19
3982.5, -36, -19
3982.6, -36, -19
3982.7, -36, -19
3982.8, -36, -19
3982.9, -36, -19
3983, -36, -19
3983.1, -36, -19
3983.2, -36, -19
3983.3, -36, -19
3983.4, -36, -19
3983.5, -36, -18
3983.6, -36, -18
3983.7, -36, -18
3983.8, -36, -18
3983.9, -36, -18
3984, -36, -18
3984.1, -36, -18
3984.2, -36, -18
3984.3, -36, -18
3984.4, -36, -18
3984.5, -36, -18
3984.6, -36, -18
3984.7, -36, -18
3984.8, -36, -18
3984.9, -36, -18
3985, -36, -18
3985.1, -36, -18
3985.2, -36, -18
3985.3, -36, -18
3985.4, -36, -18
3985.5, -36, -18
3985.6, -36, -18
3985.7, -36, -18
3985.8, -36, -18
3985.9, -36, -18
3986, -36, -18
3986.1, -36, -19
3986.2, -36, -19
3986.3, -36, -19
3986.4, -36, -19
3986.5, -36, -19
3986.6, -36, -19
3986.7, -36, -19
3986.8, -36, -19
3986.9, -36, -19
3987, -36, -19
3987.1, -36, -19
3987.2, -36, -19
3987.3, -36, -19
3987.4, -36, -19
3987.5, -36, -20
3987.6, -36, -20
3987.7, -36, -20
3987.8, -36, -20
3987.9, -36, -20
3988, -36, -20
3988.1, -36, -20
3988.2, -36, -20
3988.3, -36, -21
3988.4, -36, -21
3988.5, -36, -21
3988.6, -36, -21
3988.7, -36, -21
3988.8, -36, -21
3988.9, -36, -21
3989, -36, -21
3989.1, -36, -21
3989.2, -36, -21
3989.3, -36, -21
3989.4, -36, -21
3989.5, -36, -21
3989.6, -36, -21
3989.7, -36, -21
3989.8, -36, -21
3989.9, -36, -21
3990, -36, -21
3990.1, -36, -21
3990.2, -36, -21
3990.3, -36, -21
3990.4, -36, -21
3990.5, -36, -21
3990.6, -36, -21
3990.7, -36, -21
3990.8, -36, -21
3990.9, -36, -21
3991, -36, -21
3991.1, -36, -21
3991.2, -36, -21
3991.3, -36, -21
3991.4, -36, -21
3991.5, -36, -20
3991.6, -36, -20
3991.7, -36, -20
3991.8, -36, -20
3991.9, -37, -20
3992, -37, -20
3992.1, -37, -20
3992.2, -37, -20
3992.3, -37, -20
3992.4, -37, -20
3992.5, -37, -20
3992.6, -37, -20
3992.7, -37, -20
3992.8, -37, -20
3992.9, -37, -20
3993, -37, -20
3993.1, -37, -20
3993.2, -37, -20
3993.3, -37, -20
3993.4, -37, -20
3993.5, -37, -20
3993.6, -37, -20
3993.7, -37, -20
3993.8, -37, -20
3993.9, -37, -20
3994, -37, -20
3994.1, -37, -20
3994.2, -37, -20
3994.3, -37, -20
3994.4, -37, -20
3994.5, -37, -20
3994.6, -37, -20
3994.7, -37, -20
3994.8, -37, -20
3994.9, -37, -20
3995, -37, -20
3995.1, -37, -21
3995.2, -37, -21
3995.3, -37, -21
3995.4, -37, -21
3995.5, -37, -21
3995.6, -37, -21
3995.7, -37, -21
3995.8, -37, -21
3995.9, -37, -21
3996, -37, -21
3996.1, -37, -21
3996.2, -37, -21
3996.3, -37, -22
3996.4, -37, -22
3996.5, -37, -22
3996.6, -37, -22
3996.7, -37, -22
3996.8, -37, -22
3996.9, -38, -22
3997, -38, -22
3997.1, -38, -22
3997.2, -38, -22
3997.3, -38, -22
3997.4, -38, -22
3997.5, -38, -22
3997.6, -38, -22
3997.7, -38, -22
3997.8, -38, -22
3997.9, -39, -22
3998, -39, -22
3998.1, -39, -22
3998.2, -39, -22
3998.3, -39, -22
3998.4, -39, -22
3998.5, -39, -22
3998.6, -39, -22
3998.7, -39, -22
3998.8, -39, -22
3998.9, -39, -22
3999, -39, -22
3999.1, -40, -22
3999.2, -40, -22
3999.3, -39, -22
3999.4, -39, -22
3999.5, -39, -22
3999.6, -39, -22
3999.7, -39, -22
3999.8, -39, -22
3999.9, -39, -22
4000, -39, -22
4000.1, -39, -22
4000.2, -39, -22
4000.3, -39, -22
4000.4, -39, -22
4000.5, -39, -22
4000.6, -39, -22
4000.7, -39, -22
4000.8, -39, -22
4000.9, -39, -22
4001, -39, -22
4001.1, -39, -22
4001.2, -39, -22
4001.3, -39, -22
4001.4, -39, -22
4001.5, -39, -22
4001.6, -39, -22
4001.7, -39, -22
4001.8, -39, -22
4001.9, -39, -22
4002, -39, -22
4002.1, -39, -22
4002.2, -39, -22
4002.3, -39, -22
4002.4, -39, -22
4002.5, -39, -22
4002.6, -39, -22
4002.7, -39, -22
4002.8, -39, -22
4002.9, -39, -22
4003, -39, -22
4003.1, -39, -22
4003.2, -39, -22
4003.3, -39, -22
4003.4, -39, -22
4003.5, -39, -22
4003.6, -39, -22
4003.7, -39, -22
4003.8, -39, -22
4003.9, -39, -22
4004, -39, -22
4004.1, -39, -22
4004.2, -39, -22
4004.3, -39, -22
4004.4, -39, -22
4004.5, -39, -22
4004.6, -39, -22
4004.7, -39, -22
4004.8, -39, -22
4004.9, -39, -23
4005, -39, -23
4005.1, -39, -23
4005.2, -39, -23
4005.3, -39, -23
4005.4, -39, -23
4005.5, -39, -23
4005.6, -39, -23
4005.7, -39, -23
4005.8, -39, -23
4005.9, -39, -23
4006, -39, -23
4006.1, -38, -23
4006.2, -38, -23
4006.3, -38, -23
4006.4, -38, -23
4006.5, -38, -23
4006.6, -38, -23
4006.7, -38, -23
4006.8, -38, -23
4006.9, -38, -23
4007, -38, -23
4007.1, -38, -23
4007.2, -38, -23
4007.3, -38, -23
4007.4, -38, -23
4007.5, -38, -23
4007.6, -38, -23
4007.7, -38, -23
4007.8, -38, -23
4007.9, -38, -23
4008, -38, -23
4008.1, -38, -23
4008.2, -38, -23
4008.3, -38, -23
4008.4, -38, -23
4008.5, -39, -23
4008.6, -39, -23
4008.7, -39, -23
4008.8, -39, -23
4008.9, -39, -23
4009, -39, -23
4009.1, -39, -23
4009.2, -39, -23
4009.3, -39, -23
4009.4, -39, -23
4009.5, -39, -23
4009.6, -39, -23
4009.7, -39, -23
4009.8, -39, -23
4009.9, -39, -23
4010, -39, -23
4010.1, -39, -24
4010.2, -39, -24
4010.3, -39, -24
4010.4, -39, -24
4010.5, -39, -24
4010.6, -39, -24
4010.7, -39, -24
4010.8, -39, -24
4010.9, -39, -24
4011, -39, -24
4011.1, -39, -24
4011.2, -39, -24
4011.3, -39, -24
4011.4, -39, -24
4011.5, -39, -24
4011.6, -39, -24
4011.7, -39, -24
4011.8, -39, -24
4011.9, -39, -24
4012, -39, -24
4012.1, -39, -24
4012.2, -39, -24
4012.3, -39, -24
4012.4, -39, -24
4012.5, -39, -24
4012.6, -39, -24
4012.7, -39, -24
4012.8, -39, -24
4012.9, -39, -24
4013, -39, -24
4013.1, -39, -24
4013.2, -39, -24
4013.3, -39, -24
4013.4, -39, -24
4013.5, -39, -24
4013.6, -39, -24
4013.7, -39, -24
4013.8, -39, -24
4013.9, -39, -24
4014, -39, -24
4014.1, -39, -24
4014.2, -39, -24
4014.3, -39, -24
4014.4, -39, -24
4014.5, -39, -24
4014.6, -39, -24
4014.7, -39, -24
4014.8, -39, -24
4014.9, -39, -24
4015, -39, -24
4015.1, -39, -24
4015.2, -39, -24
4015.3, -39, -24
4015.4, -39, -24
4015.5, -39, -24
4015.6, -39, -24
4015.7, -39, -24
4015.8, -39, -24
4015.9, -39, -24
4016, -39, -24
4016.1, -39, -25
4016.2, -39, -25
4016.3, -39, -24
4016.4, -39, -24
4016.5, -39, -24
4016.6, -39, -24
4016.7, -39, -24
4016.8, -39, -24
4016.9, -39, -24
4017, -39, -24
4017.1, -39, -24
4017.2, -39, -24
4017.3, -39, -24
4017.4, -39, -24
4017.5, -39, -24
4017.6, -39, -24
4017.7, -39, -24
4017.8, -39, -24
4017.9, -39, -24
4018, -39, -24
4018.1, -39, -24
4018.2, -39, -24
4018.3, -39, -24
4018.4, -39, -24
4018.5, -39, -24
4018.6, -39, -24
4018.7, -39, -24
4018.8, -39, -24
4018.9, -39, -24
4019, -39, -24
4019.1, -39, -24
4019.2, -39, -24
4019.3, -39, -24
4019.4, -39, -24
4019.5, -39, -24
4019.6, -39, -24
4019.7, -39, -24
4019.8, -39, -24
4019.9, -39, -24
4020, -39, -24
4020.1, -39, -24
4020.2, -39, -24
4020.3, -39, -23
4020.4, -39, -23
4020.5, -39, -23
4020.6, -39, -23
4020.7, -39, -23
4020.8, -39, -23
4020.9, -39, -23
4021, -39, -23
4021.1, -39, -23
4021.2, -39, -23
4021.3, -39, -23
4021.4, -39, -23
4021.5, -39, -23
4021.6, -39, -23
4021.7, -39, -23
4021.8, -39, -23
4021.9, -39, -23
4022, -39, -23
4022.1, -39, -23
4022.2, -39, -23
4022.3, -39, -23
4022.4, -39, -23
4022.5, -39, -23
4022.6, -39, -23
4022.7, -39, -23
4022.8, -39, -23
4022.9, -39, -23
4023, -39, -23
4023.1, -39, -22
4023.2, -39, -22
4023.3, -39, -22
4023.4, -39, -22
4023.5, -39, -22
4023.6, -39, -22
4023.7, -39, -22
4023.8, -39, -22
4023.9, -39, -22
4024, -39, -22
4024.1, -39, -22
4024.2, -39, -22
4024.3, -40, -22
4024.4, -40, -22
4024.5, -40, -22
4024.6, -40, -22
4024.7, -40, -22
4024.8, -40, -22
4024.9, -40, -22
4025, -40, -22
4025.1, -40, -22
4025.2, -40, -22
4025.3, -40, -22
4025.4, -40, -22
4025.5, -40, -22
4025.6, -40, -22
4025.7, -40, -22
4025.8, -40, -22
4025.9, -40, -22
4026, -40, -22
4026.1, -40, -22
4026.2, -40, -22
4026.3, -39, -22
4026.4, -39, -22
4026.5, -39, -22
4026.6, -39, -22
4026.7, -39, -22
4026.8, -39, -22
4026.9, -39, -22
4027, -39, -22
4027.1, -39, -22
4027.2, -39, -22
4027.3, -39, -22
4027.4, -39, -22
4027.5, -39, -22
4027.6, -39, -22
4027.7, -39, -22
4027.8, -39, -22
4027.9, -39, -22
4028, -39, -22
4028.1, -39, -22
4028.2, -39, -22
4028.3, -39, -22
4028.4, -39, -22
4028.5, -39, -22
4028.6, -39, -22
4028.7, -39, -22
4028.8, -39, -22
4028.9, -39, -22
4029, -39, -22
4029.1, -39, -22
4029.2, -39, -22
4029.3, -39, -22
4029.4, -39, -22
4029.5, -39, -21
4029.6, -39, -21
4029.7, -39, -21
4029.8, -39, -21
4029.9, -39, -21
4030, -39, -21
4030.1, -39, -20
4030.2, -39, -20
4030.3, -39, -20
4030.4, -39, -20
4030.5, -39, -20
4030.6, -39, -20
4030.7, -39, -20
4030.8, -39, -20
4030.9, -39, -21
4031, -39, -21
4031.1, -39, -21
4031.2, -39, -21
4031.3, -39, -21
4031.4, -39, -21
4031.5, -39, -21
4031.6, -39, -21
4031.7, -39, -21
4031.8, -39, -21
4031.9, -39, -21
4032, -39, -21
4032.1, -39, -21
4032.2, -39, -21
4032.3, -39, -21
4032.4, -39, -21
4032.5, -39, -21
4032.6, -39, -21
4032.7, -39, -21
4032.8, -39, -21
4032.9, -39, -21
4033, -39, -21
4033.1, -39, -21
4033.2, -39, -21
4033.3, -39, -21
4033.4, -39, -21
4033.5, -39, -21
4033.6, -39, -21
4033.7, -39, -21
4033.8, -39, -21
4033.9, -39, -21
4034, -39, -21
4034.1, -39, -21
4034.2, -39, -21
4034.3, -39, -21
4034.4, -39, -21
4034.5, -39, -21
4034.6, -39, -21
4034.7, -39, -21
4034.8, -39, -21
4034.9, -39, -21
4035, -39, -21
4035.1, -39, -21
4035.2, -39, -21
4035.3, -39, -21
4035.4, -39, -21
4035.5, -39, -21
4035.6, -39, -21
4035.7, -39, -21
4035.8, -39, -21
4035.9, -39, -21
4036, -39, -21
4036.1, -39, -21
4036.2, -39, -21
4036.3, -39, -21
4036.4, -39, -21
4036.5, -39, -21
4036.6, -39, -21
4036.7, -38, -21
4036.8, -38, -21
4036.9, -38, -21
4037, -38, -21
4037.1, -38, -21
4037.2, -38, -21
4037.3, -39, -21
4037.4, -39, -21
4037.5, -39, -21
4037.6, -39, -21
4037.7, -39, -21
4037.8, -39, -21
4037.9, -39, -21
4038, -39, -21
4038.1, -39, -21
4038.2, -39, -21
4038.3, -39, -21
4038.4, -39, -21
4038.5, -39, -21
4038.6, -39, -21
4038.7, -39, -21
4038.8, -39, -21
4038.9, -39, -21
4039, -39, -21
4039.1, -39, -21
4039.2, -39, -21
4039.3, -39, -21
4039.4, -39, -21
4039.5, -39, -21
4039.6, -39, -21
4039.7, -40, -21
4039.8, -40, -21
4039.9, -40, -20
4040, -40, -20
4040.1, -40, -20
4040.2, -40, -20
4040.3, -40, -20
4040.4, -40, -20
4040.5, -40, -20
4040.6, -40, -20
4040.7, -40, -20
4040.8, -40, -20
4040.9, -40, -20
4041, -40, -20
4041.1, -40, -20
4041.2, -40, -20
4041.3, -40, -20
4041.4, -40, -20
4041.5, -40, -20
4041.6, -40, -20
4041.7, -40, -20
4041.8, -40, -20
4041.9, -40, -20
4042, -40, -20
4042.1, -40, -20
4042.2, -40, -20
4042.3, -40, -20
4042.4, -40, -20
4042.5, -40, -20
4042.6, -40, -20
4042.7, -40, -20
4042.8, -40, -20
4042.9, -40, -20
4043, -40, -20
4043.1, -40, -20
4043.2, -40, -20
4043.3, -40, -20
4043.4, -40, -20
4043.5, -40, -20
4043.6, -40, -20
4043.7, -39, -20
4043.8, -39, -20
4043.9, -39, -20
4044, -39, -20
4044.1, -39, -20
4044.2, -39, -20
4044.3, -39, -20
4044.4, -39, -20
4044.5, -39, -20
4044.6, -39, -20
4044.7, -39, -20
4044.8, -39, -20
4044.9, -39, -20
4045, -39, -20
4045.1, -39, -20
4045.2, -39, -20
4045.3, -39, -20
4045.4, -39, -20
4045.5, -39, -20
4045.6, -39, -20
4045.7, -39, -20
4045.8, -39, -20
4045.9, -39, -20
4046, -39, -20
4046.1, -39, -20
4046.2, -39, -20
4046.3, -39, -20
4046.4, -39, -20
4046.5, -39, -20
4046.6, -39, -20
4046.7, -38, -20
4046.8, -38, -20
4046.9, -38, -21
4047, -38, -21
4047.1, -38, -21
4047.2, -38, -21
4047.3, -38, -21
4047.4, -38, -21
4047.5, -38, -21
4047.6, -38, -21
4047.7, -38, -21
4047.8, -38, -21
4047.9, -38, -21
4048, -38, -21
4048.1, -38, -21
4048.2, -38, -21
4048.3, -38, -21
4048.4, -38, -21
4048.5, -38, -21
4048.6, -38, -21
4048.7, -38, -21
4048.8, -38, -21
4048.9, -38, -21
4049, -38, -21
4049.1, -38, -21
4049.2, -38, -21
4049.3, -38, -21
4049.4, -38, -21
4049.5, -38, -21
4049.6, -38, -21
4049.7, -38, -21
4049.8, -38, -21
4049.9, -38, -21
4050, -38, -21
4050.1, -38, -21
4050.2, -38, -21
4050.3, -38, -21
4050.4, -38, -21
4050.5, -38, -20
4050.6, -38, -20
4050.7, -38, -20
4050.8, -38, -20
4050.9, -38, -20
4051, -38, -20
4051.1, -38, -20
4051.2, -38, -20
4051.3, -38, -20
4051.4, -38, -20
4051.5, -38, -20
4051.6, -38, -20
4051.7, -38, -20
4051.8, -38, -20
4051.9, -38, -20
4052, -38, -20
4052.1, -38, -20
4052.2, -38, -20
4052.3, -39, -20
4052.4, -39, -20
4052.5, -39, -20
4052.6, -39, -20
4052.7, -39, -20
4052.8, -39, -20
4052.9, -39, -20
4053, -39, -20
4053.1, -39, -20
4053.2, -39, -20
4053.3, -38, -20
4053.4, -38, -20
4053.5, -38, -20
4053.6, -38, -20
4053.7, -38, -20
4053.8, -38, -20
4053.9, -38, -20
4054, -38, -20
4054.1, -38, -20
4054.2, -38, -20
4054.3, -38, -20
4054.4, -38, -20
4054.5, -38, -20
4054.6, -38, -20
4054.7, -38, -20
4054.8, -38, -20
4054.9, -38, -20
4055, -38, -20
4055.1, -38, -20
4055.2, -38, -20
4055.3, -38, -20
4055.4, -38, -20
4055.5, -39, -20
4055.6, -39, -20
4055.7, -39, -19
4055.8, -39, -19
4055.9, -39, -20
4056, -39, -20
4056.1, -39, -20
4056.2, -39, -20
4056.3, -39, -20
4056.4, -39, -20
4056.5, -39, -20
4056.6, -39, -20
4056.7, -39, -20
4056.8, -39, -20
4056.9, -39, -20
4057, -39, -20
4057.1, -39, -20
4057.2, -39, -20
4057.3, -39, -20
4057.4, -39, -20
4057.5, -39, -20
4057.6, -39, -20
4057.7, -39, -20
4057.8, -39, -20
4057.9, -39, -20
4058, -39, -20
4058.1, -39, -19
4058.2, -39, -19
4058.3, -39, -19
4058.4, -39, -19
4058.5, -39, -19
4058.6, -39, -19
4058.7, -39, -19
4058.8, -39, -19
4058.9, -39, -19
4059, -39, -19
4059.1, -39, -19
4059.2, -39, -19
4059.3, -39, -19
4059.4, -39, -19
4059.5, -39, -19
4059.6, -39, -19
4059.7, -39, -19
4059.8, -39, -19
4059.9, -38, -19
4060, -38, -19
4060.1, -38, -19
4060.2, -38, -19
4060.3, -38, -19
4060.4, -38, -19
4060.5, -38, -19
4060.6, -38, -19
4060.7, -38, -19
4060.8, -38, -19
4060.9, -38, -19
4061, -38, -19
4061.1, -38, -19
4061.2, -38, -19
4061.3, -38, -19
4061.4, -38, -19
4061.5, -38, -20
4061.6, -38, -20
4061.7, -38, -20
4061.8, -38, -20
4061.9, -38, -20
4062, -38, -20
4062.1, -38, -20
4062.2, -38, -20
4062.3, -38, -20
4062.4, -38, -20
4062.5, -38, -20
4062.6, -38, -20
4062.7, -38, -20
4062.8, -38, -20
4062.9, -38, -20
4063, -38, -20
4063.1, -38, -20
4063.2, -38, -20
4063.3, -38, -20
4063.4, -38, -20
4063.5, -38, -20
4063.6, -38, -20
4063.7, -38, -20
4063.8, -38, -20
4063.9, -38, -20
4064, -38, -20
4064.1, -38, -20
4064.2, -38, -20
4064.3, -38, -20
4064.4, -38, -20
4064.5, -38, -20
4064.6, -38, -20
4064.7, -38, -20
4064.8, -38, -20
4064.9, -38, -20
4065, -38, -20
4065.1, -39, -20
4065.2, -39, -20
4065.3, -39, -20
4065.4, -39, -20
4065.5, -39, -20
4065.6, -39, -20
4065.7, -39, -20
4065.8, -39, -20
4065.9, -39, -20
4066, -39, -20
4066.1, -39, -20
4066.2, -39, -20
4066.3, -39, -20
4066.4, -39, -20
4066.5, -39, -20
4066.6, -39, -20
4066.7, -39, -20
4066.8, -39, -20
4066.9, -39, -20
4067, -39, -20
4067.1, -39, -20
4067.2, -39, -20
4067.3, -39, -20
4067.4, -39, -20
4067.5, -39, -20
4067.6, -39, -20
4067.7, -39, -20
4067.8, -39, -20
4067.9, -38, -20
4068, -38, -20
4068.1, -38, -20
4068.2, -38, -20
4068.3, -38, -20
4068.4, -38, -20
4068.5, -38, -20
4068.6, -38, -20
4068.7, -38, -20
4068.8, -38, -20
4068.9, -38, -20
4069, -38, -20
4069.1, -38, -20
4069.2, -38, -20
4069.3, -38, -20
4069.4, -38, -20
4069.5, -39, -20
4069.6, -39, -20
4069.7, -39, -20
4069.8, -39, -20
4069.9, -39, -20
4070, -39, -20
4070.1, -39, -20
4070.2, -39, -20
4070.3, -39, -20
4070.4, -39, -20
4070.5, -39, -20
4070.6, -39, -20
4070.7, -39, -20
4070.8, -39, -20
4070.9, -39, -20
4071, -39, -20
4071.1, -39, -20
4071.2, -39, -20
4071.3, -39, -20
4071.4, -39, -20
4071.5, -39, -20
4071.6, -39, -20
4071.7, -39, -20
4071.8, -39, -20
4071.9, -39, -20
4072, -39, -20
4072.1, -39, -20
4072.2, -39, -20
4072.3, -39, -20
4072.4, -39, -20
4072.5, -39, -20
4072.6, -39, -20
4072.7, -38, -20
4072.8, -38, -20
4072.9, -38, -20
4073, -38, -20
4073.1, -38, -21
4073.2, -38, -21
4073.3, -38, -21
4073.4, -38, -21
4073.5, -38, -21
4073.6, -38, -21
4073.7, -38, -21
4073.8, -38, -21
4073.9, -38, -21
4074, -38, -21
4074.1, -38, -21
4074.2, -38, -21
4074.3, -38, -21
4074.4, -38, -21
4074.5, -38, -21
4074.6, -38, -21
4074.7, -38, -21
4074.8, -38, -21
4074.9, -38, -21
4075, -38, -21
4075.1, -38, -21
4075.2, -38, -21
4075.3, -38, -21
4075.4, -38, -21
4075.5, -38, -21
4075.6, -38, -21
4075.7, -38, -21
4075.8, -38, -21
4075.9, -38, -21
4076, -38, -21
4076.1, -38, -21
4076.2, -38, -21
4076.3, -38, -21
4076.4, -38, -21
4076.5, -38, -21
4076.6, -38, -21
4076.7, -38, -21
4076.8, -38, -21
4076.9, -38, -21
4077, -38, -21
4077.1, -39, -21
4077.2, -39, -21
4077.3, -39, -21
4077.4, -39, -21
4077.5, -39, -21
4077.6, -39, -21
4077.7, -39, -21
4077.8, -39, -21
4077.9, -39, -21
4078, -39, -21
4078.1, -39, -21
4078.2, -39, -21
4078.3, -39, -21
4078.4, -39, -21
4078.5, -39, -21
4078.6, -39, -21
4078.7, -39, -21
4078.8, -39, -21
4078.9, -39, -21
4079, -39, -21
4079.1, -39, -21
4079.2, -39, -21
4079.3, -39, -21
4079.4, -39, -21
4079.5, -39, -21
4079.6, -39, -21
4079.7, -40, -21
4079.8, -40, -21
4079.9, -40, -21
4080, -40, -21
4080.1, -40, -21
4080.2, -40, -21
4080.3, -40, -21
4080.4, -40, -21
4080.5, -40, -21
4080.6, -40, -21
4080.7, -40, -21
4080.8, -40, -21
4080.9, -40, -21
4081, -40, -21
4081.1, -40, -21
4081.2, -40, -21
4081.3, -40, -21
4081.4, -40, -21
4081.5, -40, -21
4081.6, -40, -21
4081.7, -40, -21
4081.8, -40, -21
4081.9, -40, -21
4082, -40, -21
4082.1, -40, -21
4082.2, -40, -21
4082.3, -40, -21
4082.4, -40, -21
4082.5, -40, -20
4082.6, -40, -20
4082.7, -40, -20
4082.8, -40, -20
4082.9, -40, -20
4083, -40, -20
4083.1, -40, -20
4083.2, -40, -20
4083.3, -40, -20
4083.4, -40, -20
4083.5, -40, -20
4083.6, -40, -20
4083.7, -40, -20
4083.8, -40, -20
4083.9, -40, -19
4084, -40, -19
4084.1, -40, -19
4084.2, -40, -19
4084.3, -40, -19
4084.4, -40, -19
4084.5, -39, -19
4084.6, -39, -19
4084.7, -39, -19
4084.8, -39, -19
4084.9, -39, -19
4085, -39, -19
4085.1, -39, -19
4085.2, -39, -19
4085.3, -39, -19
4085.4, -39, -19
4085.5, -39, -19
4085.6, -39, -19
4085.7, -39, -19
4085.8, -39, -19
4085.9, -39, -19
4086, -39, -19
4086.1, -39, -19
4086.2, -39, -19
4086.3, -39, -19
4086.4, -39, -19
4086.5, -39, -19
4086.6, -39, -19
4086.7, -39, -19
4086.8, -39, -19
4086.9, -39, -19
4087, -39, -19
4087.1, -39, -18
4087.2, -39, -18
4087.3, -39, -19
4087.4, -39, -19
4087.5, -39, -19
4087.6, -39, -19
4087.7, -39, -19
4087.8, -39, -19
4087.9, -39, -19
4088, -39, -19
4088.1, -39, -19
4088.2, -39, -19
4088.3, -39, -19
4088.4, -39, -19
4088.5, -39, -19
4088.6, -39, -19
4088.7, -39, -19
4088.8, -39, -19
4088.9, -39, -19
4089, -39, -19
4089.1, -39, -19
4089.2, -39, -19
4089.3, -39, -19
4089.4, -39, -19
4089.5, -39, -20
4089.6, -39, -20
4089.7, -39, -20
4089.8, -39, -20
4089.9, -39, -20
4090, -39, -20
4090.1, -39, -20
4090.2, -39, -20
4090.3, -39, -20
4090.4, -39, -20
4090.5, -39, -20
4090.6, -39, -20
4090.7, -39, -20
4090.8, -39, -20
4090.9, -39, -21
4091, -39, -21
4091.1, -39, -21
4091.2, -39, -21
4091.3, -39, -21
4091.4, -39, -21
4091.5, -39, -21
4091.6, -39, -21
4091.7, -39, -21
4091.8, -39, -21
4091.9, -39, -21
4092, -39, -21
4092.1, -39, -21
4092.2, -39, -21
4092.3, -39, -21
4092.4, -39, -21
4092.5, -39, -20
4092.6, -39, -20
4092.7, -39, -20
4092.8, -39, -20
4092.9, -39, -20
4093, -39, -20
4093.1, -39, -20
4093.2, -39, -20
4093.3, -39, -20
4093.4, -39, -20
4093.5, -39, -20
4093.6, -39, -20
4093.7, -39, -20
4093.8, -39, -20
4093.9, -39, -20
4094, -39, -20
4094.1, -39, -20
4094.2, -39, -20
4094.3, -39, -20
4094.4, -39, -20
4094.5, -39, -20
4094.6, -39, -20
4094.7, -39, -20
4094.8, -39, -20
4094.9, -39, -20
4095, -39, -20
4095.1, -39, -20
4095.2, -39, -20
4095.3, -39, -20
4095.4, -39, -20
4095.5, -39, -20
4095.6, -39, -20
4095.7, -39, -20
4095.8, -39, -20
4095.9, -39, -20
4096, -39, -20
4096.1, -39, -20
4096.2, -39, -20
4096.3, -39, -20
4096.4, -39, -20
4096.5, -39, -20
4096.6, -39, -20
4096.7, -39, -20
4096.8, -39, -20
4096.9, -39, -20
4097, -39, -20
4097.1, -39, -20
4097.2, -39, -20
4097.3, -39, -20
4097.4, -39, -20
4097.5, -39, -20
4097.6, -39, -20
4097.7, -39, -20
4097.8, -39, -20
4097.9, -39, -20
4098, -39, -20
4098.1, -39, -20
4098.2, -39, -20
4098.3, -39, -20
4098.4, -39, -20
4098.5, -39, -20
4098.6, -39, -20
4098.7, -39, -20
4098.8, -39, -20
4098.9, -39, -20
4099, -39, -20
4099.1, -39, -20
4099.2, -39, -20
4099.3, -39, -20
4099.4, -39, -20
4099.5, -39, -20
4099.6, -39, -20
4099.7, -39, -19
4099.8, -39, -19
4099.9, -39, -19
4100, -39, -19
4100.1, -39, -19
4100.2, -39, -19
4100.3, -39, -19
4100.4, -39, -19
4100.5, -39, -19
4100.6, -39, -19
4100.7, -39, -19
4100.8, -39, -19
4100.9, -40, -19
4101, -40, -19
4101.1, -40, -19
4101.2, -40, -19
4101.3, -40, -19
4101.4, -40, -19
4101.5, -40, -19
4101.6, -40, -19
4101.7, -41, -19
4101.8, -41, -19
4101.9, -41, -19
4102, -41, -19
4102.1, -41, -19
4102.2, -41, -19
4102.3, -41, -19
4102.4, -41, -19
4102.5, -41, -19
4102.6, -41, -19
4102.7, -41, -19
4102.8, -41, -19
4102.9, -41, -19
4103, -41, -19
4103.1, -41, -19
4103.2, -41, -19
4103.3, -41, -19
4103.4, -41, -19
4103.5, -41, -19
4103.6, -41, -19
4103.7, -41, -19
4103.8, -41, -19
4103.9, -40, -19
4104, -40, -19
4104.1, -40, -19
4104.2, -40, -19
4104.3, -40, -19
4104.4, -40, -19
4104.5, -40, -19
4104.6, -40, -19
4104.7, -40, -19
4104.8, -40, -19
4104.9, -40, -19
4105, -40, -19
4105.1, -40, -19
4105.2, -40, -19
4105.3, -40, -19
4105.4, -40, -19
4105.5, -40, -19
4105.6, -40, -19
4105.7, -41, -19
4105.8, -41, -19
4105.9, -41, -19
4106, -41, -19
4106.1, -41, -19
4106.2, -41, -19
4106.3, -41, -19
4106.4, -41, -19
4106.5, -41, -19
4106.6, -41, -19
4106.7, -41, -19
4106.8, -41, -19
4106.9, -41, -19
4107, -41, -19
4107.1, -41, -19
4107.2, -41, -19
4107.3, -41, -19
4107.4, -41, -19
4107.5, -41, -19
4107.6, -41, -19
4107.7, -41, -19
4107.8, -41, -19
4107.9, -41, -19
4108, -41, -19
4108.1, -41, -19
4108.2, -41, -19
4108.3, -41, -19
4108.4, -41, -19
4108.5, -41, -19
4108.6, -41, -19
4108.7, -41, -19
4108.8, -41, -19
4108.9, -41, -19
4109, -41, -19
4109.1, -41, -19
4109.2, -41, -19
4109.3, -41, -19
4109.4, -41, -19
4109.5, -41, -19
4109.6, -41, -19
4109.7, -41, -19
4109.8, -41, -19
4109.9, -41, -19
4110, -41, -19
4110.1, -41, -19
4110.2, -41, -19
4110.3, -41, -19
4110.4, -41, -19
4110.5, -41, -19
4110.6, -41, -19
4110.7, -41, -19
4110.8, -41, -19
4110.9, -41, -19
4111, -41, -19
4111.1, -41, -19
4111.2, -41, -19
4111.3, -41, -19
4111.4, -41, -19
4111.5, -41, -19
4111.6, -41, -19
4111.7, -41, -19
4111.8, -41, -19
4111.9, -41, -20
4112, -41, -20
4112.1, -41, -20
4112.2, -41, -20
4112.3, -41, -20
4112.4, -41, -20
4112.5, -41, -20
4112.6, -41, -20
4112.7, -41, -20
4112.8, -41, -20
4112.9, -41, -20
4113, -41, -20
4113.1, -41, -20
4113.2, -41, -20
4113.3, -40, -20
4113.4, -40, -20
4113.5, -40, -20
4113.6, -40, -20
4113.7, -40, -20
4113.8, -40, -20
4113.9, -40, -20
4114, -40, -20
4114.1, -40, -19
4114.2, -40, -19
4114.3, -40, -19
4114.4, -40, -19
4114.5, -40, -19
4114.6, -40, -19
4114.7, -40, -19
4114.8, -40, -19
4114.9, -40, -19
4115, -40, -19
4115.1, -40, -19
4115.2, -40, -19
4115.3, -40, -19
4115.4, -40, -19
4115.5, -40, -19
4115.6, -40, -19
4115.7, -40, -19
4115.8, -40, -19
4115.9, -40, -19
4116, -40, -19
4116.1, -40, -19
4116.2, -40, -19
4116.3, -40, -19
4116.4, -40, -19
4116.5, -40, -19
4116.6, -40, -19
4116.7, -40, -19
4116.8, -40, -19
4116.9, -40, -19
4117, -40, -19
4117.1, -40, -19
4117.2, -40, -19
4117.3, -40, -19
4117.4, -40, -19
4117.5, -40, -19
4117.6, -40, -19
4117.7, -40, -19
4117.8, -40, -19
4117.9, -40, -19
4118, -40, -19
4118.1, -40, -19
4118.2, -40, -19
4118.3, -41, -19
4118.4, -41, -19
4118.5, -41, -19
4118.6, -41, -19
4118.7, -41, -19
4118.8, -41, -19
4118.9, -41, -19
4119, -41, -19
4119.1, -41, -19
4119.2, -41, -19
4119.3, -41, -19
4119.4, -41, -19
4119.5, -41, -19
4119.6, -41, -19
4119.7, -41, -19
4119.8, -41, -19
4119.9, -41, -19
4120, -41, -19
4120.1, -41, -20
4120.2, -41, -20
4120.3, -41, -20
4120.4, -41, -20
4120.5, -41, -20
4120.6, -41, -20
4120.7, -41, -20
4120.8, -41, -20
4120.9, -41, -20
4121, -41, -20
4121.1, -41, -19
4121.2, -41, -19
4121.3, -41, -19
4121.4, -41, -19
4121.5, -41, -19
4121.6, -41, -19
4121.7, -41, -19
4121.8, -41, -19
4121.9, -41, -19
4122, -41, -19
4122.1, -41, -19
4122.2, -41, -19
4122.3, -41, -19
4122.4, -41, -19
4122.5, -41, -19
4122.6, -41, -19
4122.7, -41, -19
4122.8, -41, -19
4122.9, -41, -19
4123, -41, -19
4123.1, -41, -19
4123.2, -41, -19
4123.3, -41, -19
4123.4, -41, -19
4123.5, -41, -19
4123.6, -41, -19
4123.7, -41, -19
4123.8, -41, -19
4123.9, -41, -19
4124, -41, -19
4124.1, -41, -19
4124.2, -41, -19
4124.3, -41, -19
4124.4, -41, -19
4124.5, -41, -19
4124.6, -41, -19
4124.7, -41, -19
4124.8, -41, -19
4124.9, -41, -19
4125, -41, -19
4125.1, -41, -19
4125.2, -41, -19
4125.3, -41, -19
4125.4, -41, -19
4125.5, -41, -19
4125.6, -41, -19
4125.7, -41, -19
4125.8, -41, -19
4125.9, -41, -19
4126, -41, -19
4126.1, -41, -19
4126.2, -41, -19
4126.3, -41, -19
4126.4, -41, -19
4126.5, -41, -19
4126.6, -41, -19
4126.7, -41, -19
4126.8, -41, -19
4126.9, -41, -19
4127, -41, -19
4127.1, -41, -19
4127.2, -41, -19
4127.3, -41, -19
4127.4, -41, -19
4127.5, -41, -19
4127.6, -41, -19
4127.7, -41, -19
4127.8, -41, -19
4127.9, -41, -19
4128, -41, -19
4128.1, -41, -19
4128.2, -41, -19
4128.3, -41, -19
4128.4, -41, -19
4128.5, -41, -19
4128.6, -41, -19
4128.7, -41, -19
4128.8, -41, -19
4128.9, -41, -19
4129, -41, -19
4129.1, -41, -20
4129.2, -41, -20
4129.3, -40, -20
4129.4, -40, -20
4129.5, -40, -20
4129.6, -40, -20
4129.7, -40, -20
4129.8, -40, -20
4129.9, -40, -20
4130, -40, -20
4130.1, -40, -20
4130.2, -40, -20
4130.3, -40, -19
4130.4, -40, -19
4130.5, -39, -19
4130.6, -39, -19
4130.7, -39, -19
4130.8, -39, -19
4130.9, -39, -19
4131, -39, -19
4131.1, -39, -19
4131.2, -39, -19
4131.3, -39, -19
4131.4, -39, -19
4131.5, -39, -19
4131.6, -39, -19
4131.7, -39, -19
4131.8, -39, -19
4131.9, -39, -19
4132, -39, -19
4132.1, -39, -19
4132.2, -39, -19
4132.3, -39, -19
4132.4, -39, -19
4132.5, -39, -19
4132.6, -39, -19
4132.7, -39, -19
4132.8, -39, -19
4132.9, -39, -19
4133, -39, -19
4133.1, -39, -19
4133.2, -39, -19
4133.3, -39, -19
4133.4, -39, -19
4133.5, -40, -19
4133.6, -40, -19
4133.7, -40, -19
4133.8, -40, -19
4133.9, -40, -19
4134, -40, -19
4134.1, -40, -19
4134.2, -40, -19
4134.3, -40, -19
4134.4, -40, -19
4134.5, -40, -19
4134.6, -40, -19
4134.7, -40, -19
4134.8, -40, -19
4134.9, -40, -19
4135, -40, -19
4135.1, -40, -19
4135.2, -40, -19
4135.3, -40, -19
4135.4, -40, -19
4135.5, -40, -19
4135.6, -40, -19
4135.7, -40, -19
4135.8, -40, -19
4135.9, -40, -19
4136, -40, -19
4136.1, -40, -19
4136.2, -40, -19
4136.3, -40, -19
4136.4, -40, -19
4136.5, -40, -19
4136.6, -40, -19
4136.7, -40, -19
4136.8, -40, -19
4136.9, -40, -19
4137, -40, -19
4137.1, -40, -19
4137.2, -40, -19
4137.3, -40, -19
4137.4, -40, -19
4137.5, -39, -19
4137.6, -39, -19
4137.7, -39, -19
4137.8, -39, -19
4137.9, -39, -20
4138, -39, -20
4138.1, -39, -20
4138.2, -39, -20
4138.3, -39, -20
4138.4, -39, -20
4138.5, -39, -20
4138.6, -39, -20
4138.7, -39, -20
4138.8, -39, -20
4138.9, -39, -20
4139, -39, -20
4139.1, -39, -20
4139.2, -39, -20
4139.3, -39, -20
4139.4, -39, -20
4139.5, -38, -20
4139.6, -38, -20
4139.7, -38, -20
4139.8, -38, -20
4139.9, -38, -20
4140, -38, -20
4140.1, -38, -19
4140.2, -38, -19
4140.3, -38, -19
4140.4, -38, -19
4140.5, -38, -19
4140.6, -38, -19
4140.7, -38, -19
4140.8, -38, -19
4140.9, -38, -19
4141, -38, -19
4141.1, -38, -19
4141.2, -38, -19
4141.3, -38, -19
4141.4, -38, -19
4141.5, -38, -19
4141.6, -38, -19
4141.7, -38, -19
4141.8, -38, -19
4141.9, -38, -19
4142, -38, -19
4142.1, -37, -19
4142.2, -37, -19
4142.3, -37, -19
4142.4, -37, -19
4142.5, -37, -18
4142.6, -37, -18
4142.7, -37, -18
4142.8, -37, -18
4142.9, -37, -18
4143, -37, -18
4143.1, -37, -19
4143.2, -37, -19
4143.3, -37, -19
4143.4, -37, -19
4143.5, -37, -19
4143.6, -37, -19
4143.7, -37, -19
4143.8, -37, -19
4143.9, -37, -19
4144, -37, -19
4144.1, -37, -19
4144.2, -37, -19
4144.3, -37, -19
4144.4, -37, -19
4144.5, -37, -19
4144.6, -37, -19
4144.7, -37, -19
4144.8, -37, -19
4144.9, -38, -19
4145, -38, -19
4145.1, -38, -19
4145.2, -38, -19
4145.3, -38, -19
4145.4, -38, -19
4145.5, -38, -19
4145.6, -38, -19
4145.7, -38, -19
4145.8, -38, -19
4145.9, -38, -19
4146, -38, -19
4146.1, -38, -19
4146.2, -38, -19
4146.3, -38, -19
4146.4, -38, -19
4146.5, -38, -19
4146.6, -38, -19
4146.7, -38, -19
4146.8, -38, -19
4146.9, -38, -19
4147, -38, -19
4147.1, -38, -19
4147.2, -38, -19
4147.3, -38, -19
4147.4, -38, -19
4147.5, -38, -19
4147.6, -38, -19
4147.7, -38, -19
4147.8, -38, -19
4147.9, -38, -19
4148, -38, -19
4148.1, -38, -19
4148.2, -38, -19
4148.3, -38, -19
4148.4, -38, -19
4148.5, -38, -20
4148.6, -38, -20
4148.7, -38, -20
4148.8, -38, -20
4148.9, -38, -20
4149, -38, -20
4149.1, -38, -20
4149.2, -38, -20
4149.3, -38, -20
4149.4, -38, -20
4149.5, -38, -20
4149.6, -38, -20
4149.7, -38, -20
4149.8, -38, -20
4149.9, -38, -21
4150, -38, -21
4150.1, -38, -21
4150.2, -38, -21
4150.3, -38, -21
4150.4, -38, -21
4150.5, -38, -21
4150.6, -38, -21
4150.7, -38, -21
4150.8, -38, -21
4150.9, -38, -20
4151, -38, -20
4151.1, -38, -20
4151.2, -38, -20
4151.3, -38, -20
4151.4, -38, -20
4151.5, -38, -20
4151.6, -38, -20
4151.7, -38, -20
4151.8, -38, -20
4151.9, -38, -20
4152, -38, -20
4152.1, -38, -20
4152.2, -38, -20
4152.3, -38, -20
4152.4, -38, -20
4152.5, -37, -20
4152.6, -37, -20
4152.7, -37, -20
4152.8, -37, -20
4152.9, -37, -20
4153, -37, -20
4153.1, -37, -20
4153.2, -37, -20
4153.3, -37, -20
4153.4, -37, -20
4153.5, -37, -20
4153.6, -37, -20
4153.7, -37, -20
4153.8, -37, -20
4153.9, -37, -20
4154, -37, -20
4154.1, -37, -20
4154.2, -37, -20
4154.3, -37, -20
4154.4, -37, -20
4154.5, -37, -20
4154.6, -37, -20
4154.7, -36, -20
4154.8, -36, -20
4154.9, -36, -20
4155, -36, -20
4155.1, -36, -20
4155.2, -36, -20
4155.3, -36, -20
4155.4, -36, -20
4155.5, -36, -20
4155.6, -36, -20
4155.7, -36, -20
4155.8, -36, -20
4155.9, -36, -20
4156, -36, -20
4156.1, -37, -20
4156.2, -37, -20
4156.3, -37, -20
4156.4, -37, -20
4156.5, -37, -20
4156.6, -37, -20
4156.7, -37, -20
4156.8, -37, -20
4156.9, -37, -19
4157, -37, -19
4157.1, -37, -19
4157.2, -37, -19
4157.3, -37, -19
4157.4, -37, -19
4157.5, -37, -19
4157.6, -37, -19
4157.7, -37, -19
4157.8, -37, -19
4157.9, -37, -19
4158, -37, -19
4158.1, -37, -19
4158.2, -37, -19
4158.3, -37, -19
4158.4, -37, -19
4158.5, -36, -19
4158.6, -36, -19
4158.7, -36, -19
4158.8, -36, -19
4158.9, -36, -19
4159, -36, -19
4159.1, -36, -19
4159.2, -36, -19
4159.3, -36, -19
4159.4, -36, -19
4159.5, -36, -19
4159.6, -36, -19
4159.7, -36, -19
4159.8, -36, -19
4159.9, -36, -19
4160, -36, -19
4160.1, -36, -19
4160.2, -36, -19
4160.3, -36, -19
4160.4, -36, -19
4160.5, -36, -19
4160.6, -36, -19
4160.7, -36, -19
4160.8, -36, -19
4160.9, -36, -19
4161, -36, -19
4161.1, -36, -19
4161.2, -36, -19
4161.3, -36, -19
4161.4, -36, -19
4161.5, -36, -19
4161.6, -36, -19
4161.7, -36, -19
4161.8, -36, -19
4161.9, -36, -19
4162, -36, -19
4162.1, -35, -19
4162.2, -35, -19
4162.3, -35, -19
4162.4, -35, -19
4162.5, -35, -19
4162.6, -35, -19
4162.7, -35, -19
4162.8, -35, -19
4162.9, -35, -19
4163, -35, -19
4163.1, -35, -19
4163.2, -35, -19
4163.3, -35, -19
4163.4, -35, -19
4163.5, -35, -19
4163.6, -35, -19
4163.7, -35, -19
4163.8, -35, -19
4163.9, -35, -19
4164, -35, -19
4164.1, -35, -19
4164.2, -35, -19
4164.3, -35, -19
4164.4, -35, -19
4164.5, -35, -19
4164.6, -35, -19
4164.7, -34, -19
4164.8, -34, -19
4164.9, -34, -19
4165, -34, -19
4165.1, -34, -19
4165.2, -34, -19
4165.3, -34, -19
4165.4, -34, -19
4165.5, -34, -19
4165.6, -34, -19
4165.7, -35, -19
4165.8, -35, -19
4165.9, -35, -20
4166, -35, -20
4166.1, -35, -20
4166.2, -35, -20
4166.3, -35, -20
4166.4, -35, -20
4166.5, -35, -20
4166.6, -35, -20
4166.7, -35, -20
4166.8, -35, -20
4166.9, -35, -20
4167, -35, -20
4167.1, -35, -20
4167.2, -35, -20
4167.3, -35, -20
4167.4, -35, -20
4167.5, -35, -20
4167.6, -35, -20
4167.7, -35, -20
4167.8, -35, -20
4167.9, -35, -20
4168, -35, -20
4168.1, -35, -20
4168.2, -35, -20
4168.3, -35, -20
4168.4, -35, -20
4168.5, -35, -20
4168.6, -35, -20
4168.7, -35, -20
4168.8, -35, -20
4168.9, -35, -20
4169, -35, -20
4169.1, -35, -20
4169.2, -35, -20
4169.3, -35, -20
4169.4, -35, -20
4169.5, -35, -21
4169.6, -35, -21
4169.7, -35, -21
4169.8, -35, -21
4169.9, -35, -21
4170, -35, -21
4170.1, -35, -21
4170.2, -35, -21
4170.3, -35, -21
4170.4, -35, -21
4170.5, -35, -21
4170.6, -35, -21
4170.7, -36, -21
4170.8, -36, -21
4170.9, -36, -21
4171, -36, -21
4171.1, -36, -21
4171.2, -36, -21
4171.3, -36, -21
4171.4, -36, -21
4171.5, -36, -21
4171.6, -36, -21
4171.7, -36, -21
4171.8, -36, -21
4171.9, -36, -21
4172, -36, -21
4172.1, -36, -21
4172.2, -36, -21
4172.3, -36, -21
4172.4, -36, -21
4172.5, -36, -21
4172.6, -36, -21
4172.7, -36, -21
4172.8, -36, -21
4172.9, -36, -21
4173, -36, -21
4173.1, -36, -21
4173.2, -36, -21
4173.3, -36, -21
4173.4, -36, -21
4173.5, -36, -21
4173.6, -36, -21
4173.7, -36, -21
4173.8, -36, -21
4173.9, -35, -21
4174, -35, -21
4174.1, -35, -21
4174.2, -35, -21
4174.3, -35, -21
4174.4, -35, -21
4174.5, -35, -21
4174.6, -35, -21
4174.7, -35, -21
4174.8, -35, -21
4174.9, -35, -21
4175, -35, -21
4175.1, -35, -21
4175.2, -35, -21
4175.3, -35, -21
4175.4, -35, -21
4175.5, -35, -21
4175.6, -35, -21
4175.7, -35, -21
4175.8, -35, -21
4175.9, -35, -21
4176, -35, -21
4176.1, -35, -20
4176.2, -35, -20
4176.3, -35, -20
4176.4, -35, -20
4176.5, -35, -20
4176.6, -35, -20
4176.7, -35, -20
4176.8, -35, -20
4176.9, -35, -20
4177, -35, -20
4177.1, -35, -20
4177.2, -35, -20
4177.3, -35, -20
4177.4, -35, -20
4177.5, -35, -20
4177.6, -35, -20
4177.7, -35, -20
4177.8, -35, -20
4177.9, -35, -20
4178, -35, -20
4178.1, -35, -20
4178.2, -35, -20
4178.3, -35, -20
4178.4, -35, -20
4178.5, -35, -20
4178.6, -35, -20
4178.7, -34, -20
4178.8, -34, -20
4178.9, -34, -20
4179, -34, -20
4179.1, -34, -20
4179.2, -34, -20
4179.3, -35, -20
4179.4, -35, -20
4179.5, -35, -20
4179.6, -35, -20
4179.7, -35, -20
4179.8, -35, -20
4179.9, -35, -20
4180, -35, -20
4180.1, -35, -20
4180.2, -35, -20
4180.3, -35, -20
4180.4, -35, -20
4180.5, -35, -20
4180.6, -35, -20
4180.7, -35, -20
4180.8, -35, -20
4180.9, -35, -20
4181, -35, -20
4181.1, -35, -20
4181.2, -35, -20
4181.3, -35, -20
4181.4, -35, -20
4181.5, -35, -20
4181.6, -35, -20
4181.7, -35, -20
4181.8, -35, -20
4181.9, -34, -20
4182, -34, -20
4182.1, -34, -20
4182.2, -34, -20
4182.3, -34, -20
4182.4, -34, -20
4182.5, -34, -20
4182.6, -34, -20
4182.7, -34, -20
4182.8, -34, -20
4182.9, -34, -20
4183, -34, -20
4183.1, -34, -20
4183.2, -34, -20
4183.3, -34, -20
4183.4, -34, -20
4183.5, -34, -20
4183.6, -34, -20
4183.7, -34, -20
4183.8, -34, -20
4183.9, -34, -20
4184, -34, -20
4184.1, -34, -20
4184.2, -34, -20
4184.3, -34, -20
4184.4, -34, -20
4184.5, -34, -20
4184.6, -34, -20
4184.7, -34, -21
4184.8, -34, -21
4184.9, -34, -21
4185, -34, -21
4185.1, -34, -21
4185.2, -34, -21
4185.3, -34, -21
4185.4, -34, -21
4185.5, -34, -20
4185.6, -34, -20
4185.7, -34, -20
4185.8, -34, -20
4185.9, -34, -20
4186, -34, -20
4186.1, -34, -20
4186.2, -34, -20
4186.3, -34, -20
4186.4, -34, -20
4186.5, -34, -20
4186.6, -34, -20
4186.7, -34, -20
4186.8, -34, -20
4186.9, -34, -20
4187, -34, -20
4187.1, -34, -20
4187.2, -34, -20
4187.3, -34, -20
4187.4, -34, -20
4187.5, -34, -20
4187.6, -34, -20
4187.7, -34, -20
4187.8, -34, -20
4187.9, -34, -19
4188, -34, -19
4188.1, -34, -19
4188.2, -34, -19
4188.3, -34, -19
4188.4, -34, -19
4188.5, -34, -19
4188.6, -34, -19
4188.7, -35, -19
4188.8, -35, -19
4188.9, -35, -19
4189, -35, -19
4189.1, -35, -19
4189.2, -35, -19
4189.3, -35, -19
4189.4, -35, -19
4189.5, -35, -19
4189.6, -35, -19
4189.7, -35, -19
4189.8, -35, -19
4189.9, -35, -19
4190, -35, -19
4190.1, -35, -19
4190.2, -35, -19
4190.3, -35, -19
4190.4, -35, -19
4190.5, -35, -19
4190.6, -35, -19
4190.7, -35, -19
4190.8, -35, -19
4190.9, -35, -19
4191, -35, -19
4191.1, -35, -19
4191.2, -35, -19
4191.3, -35, -19
4191.4, -35, -19
4191.5, -35, -19
4191.6, -35, -19
4191.7, -36, -19
4191.8, -36, -19
4191.9, -36, -19
4192, -36, -19
4192.1, -36, -19
4192.2, -36, -19
4192.3, -36, -19
4192.4, -36, -19
4192.5, -36, -19
4192.6, -36, -19
4192.7, -36, -19
4192.8, -36, -19
4192.9, -36, -18
4193, -36, -18
4193.1, -36, -18
4193.2, -36, -18
4193.3, -36, -18
4193.4, -36, -18
4193.5, -36, -18
4193.6, -36, -18
4193.7, -36, -18
4193.8, -36, -18
4193.9, -36, -18
4194, -36, -18
4194.1, -36, -19
4194.2, -36, -19
4194.3, -36, -19
4194.4, -36, -19
4194.5, -36, -19
4194.6, -36, -19
4194.7, -36, -19
4194.8, -36, -19
4194.9, -36, -19
4195, -36, -19
4195.1, -36, -19
4195.2, -36, -19
4195.3, -36, -19
4195.4, -36, -19
4195.5, -36, -19
4195.6, -36, -19
4195.7, -36, -19
4195.8, -36, -19
4195.9, -36, -19
4196, -36, -19
4196.1, -36, -19
4196.2, -36, -19
4196.3, -36, -19
4196.4, -36, -19
4196.5, -36, -19
4196.6, -36, -19
4196.7, -36, -19
4196.8, -36, -19
4196.9, -36, -19
4197, -36, -19
4197.1, -36, -18
4197.2, -36, -18
4197.3, -36, -18
4197.4, -36, -18
4197.5, -36, -18
4197.6, -36, -18
4197.7, -36, -18
4197.8, -36, -18
4197.9, -36, -18
4198, -36, -18
4198.1, -35, -18
4198.2, -35, -18
4198.3, -35, -18
4198.4, -35, -18
4198.5, -35, -18
4198.6, -35, -18
4198.7, -35, -18
4198.8, -35, -18
4198.9, -35, -18
4199, -35, -18
4199.1, -35, -18
4199.2, -35, -18
4199.3, -35, -18
4199.4, -35, -18
4199.5, -35, -18
4199.6, -35, -18
4199.7, -35, -19
4199.8, -35, -19
4199.9, -35, -19
4200, -35, -19
4200.1, -35, -19
4200.2, -35, -19
4200.3, -35, -19
4200.4, -35, -19
4200.5, -35, -19
4200.6, -35, -19
4200.7, -35, -19
4200.8, -35, -19
4200.9, -35, -19
4201, -35, -19
4201.1, -35, -19
4201.2, -35, -19
4201.3, -34, -19
4201.4, -34, -19
4201.5, -34, -19
4201.6, -34, -19
4201.7, -34, -19
4201.8, -34, -19
4201.9, -34, -19
4202, -34, -19
4202.1, -34, -19
4202.2, -34, -19
4202.3, -34, -19
4202.4, -34, -19
4202.5, -34, -20
4202.6, -34, -20
4202.7, -34, -20
4202.8, -34, -20
4202.9, -34, -20
4203, -34, -20
4203.1, -34, -20
4203.2, -34, -20
4203.3, -34, -20
4203.4, -34, -20
4203.5, -34, -20
4203.6, -34, -20
4203.7, -34, -20
4203.8, -34, -20
4203.9, -33, -20
4204, -33, -20
4204.1, -33, -20
4204.2, -33, -20
4204.3, -33, -20
4204.4, -33, -20
4204.5, -32, -20
4204.6, -32, -20
4204.7, -33, -20
4204.8, -33, -20
4204.9, -33, -20
4205, -33, -20
4205.1, -33, -20
4205.2, -33, -20
4205.3, -33, -20
4205.4, -33, -20
4205.5, -34, -20
4205.6, -34, -20
4205.7, -34, -20
4205.8, -34, -20
4205.9, -34, -20
4206, -34, -20
4206.1, -34, -20
4206.2, -34, -20
4206.3, -34, -20
4206.4, -34, -20
4206.5, -34, -20
4206.6, -34, -20
4206.7, -34, -20
4206.8, -34, -20
4206.9, -34, -19
4207, -34, -19
4207.1, -34, -19
4207.2, -34, -19
4207.3, -34, -19
4207.4, -34, -19
4207.5, -34, -19
4207.6, -34, -19
4207.7, -34, -19
4207.8, -34, -19
4207.9, -34, -19
4208, -34, -19
4208.1, -34, -19
4208.2, -34, -19
4208.3, -34, -19
4208.4, -34, -19
4208.5, -34, -19
4208.6, -34, -19
4208.7, -34, -20
4208.8, -34, -20
4208.9, -34, -20
4209, -34, -20
4209.1, -34, -20
4209.2, -34, -20
4209.3, -34, -20
4209.4, -34, -20
4209.5, -34, -20
4209.6, -34, -20
4209.7, -34, -20
4209.8, -34, -20
4209.9, -34, -20
4210, -34, -20
4210.1, -34, -20
4210.2, -34, -20
4210.3, -34, -20
4210.4, -34, -20
4210.5, -34, -20
4210.6, -34, -20
4210.7, -34, -20
4210.8, -34, -20
4210.9, -34, -20
4211, -34, -20
4211.1, -34, -20
4211.2, -34, -20
4211.3, -34, -20
4211.4, -34, -20
4211.5, -34, -20
4211.6, -34, -20
4211.7, -34, -20
4211.8, -34, -20
4211.9, -34, -20
4212, -34, -20
4212.1, -34, -20
4212.2, -34, -20
4212.3, -34, -20
4212.4, -34, -20
4212.5, -34, -20
4212.6, -34, -20
4212.7, -34, -20
4212.8, -34, -20
4212.9, -34, -20
4213, -34, -20
4213.1, -34, -20
4213.2, -34, -20
4213.3, -34, -20
4213.4, -34, -20
4213.5, -34, -20
4213.6, -34, -20
4213.7, -34, -20
4213.8, -34, -20
4213.9, -34, -20
4214, -34, -20
4214.1, -34, -20
4214.2, -34, -20
4214.3, -34, -20
4214.4, -34, -20
4214.5, -34, -20
4214.6, -34, -20
4214.7, -34, -20
4214.8, -34, -20
4214.9, -34, -20
4215, -34, -20
4215.1, -34, -20
4215.2, -34, -20
4215.3, -34, -20
4215.4, -34, -20
4215.5, -34, -20
4215.6, -34, -20
4215.7, -34, -20
4215.8, -34, -20
4215.9, -34, -21
4216, -34, -21
4216.1, -34, -21
4216.2, -34, -21
4216.3, -34, -21
4216.4, -34, -21
4216.5, -34, -20
4216.6, -34, -20
4216.7, -34, -20
4216.8, -34, -20
4216.9, -34, -20
4217, -34, -20
4217.1, -34, -20
4217.2, -34, -20
4217.3, -34, -20
4217.4, -34, -20
4217.5, -34, -20
4217.6, -34, -20
4217.7, -34, -20
4217.8, -34, -20
4217.9, -34, -20
4218, -34, -20
4218.1, -34, -20
4218.2, -34, -20
4218.3, -34, -20
4218.4, -34, -20
4218.5, -34, -20
4218.6, -34, -20
4218.7, -34, -20
4218.8, -34, -20
4218.9, -34, -20
4219, -34, -20
4219.1, -34, -20
4219.2, -34, -20
4219.3, -34, -20
4219.4, -34, -20
4219.5, -34, -20
4219.6, -34, -20
4219.7, -34, -20
4219.8, -34, -20
4219.9, -34, -20
4220, -34, -20
4220.1, -34, -20
4220.2, -34, -20
4220.3, -34, -20
4220.4, -34, -20
4220.5, -34, -20
4220.6, -34, -20
4220.7, -34, -20
4220.8, -34, -20
4220.9, -34, -20
4221, -34, -20
4221.1, -34, -20
4221.2, -34, -20
4221.3, -34, -20
4221.4, -34, -20
4221.5, -34, -20
4221.6, -34, -20
4221.7, -34, -20
4221.8, -34, -20
4221.9, -34, -20
4222, -34, -20
4222.1, -34, -20
4222.2, -34, -20
4222.3, -34, -20
4222.4, -34, -20
4222.5, -34, -20
4222.6, -34, -20
4222.7, -34, -20
4222.8, -34, -20
4222.9, -34, -20
4223, -34, -20
4223.1, -35, -20
4223.2, -35, -20
4223.3, -35, -20
4223.4, -35, -20
4223.5, -35, -20
4223.6, -35, -20
4223.7, -35, -20
4223.8, -35, -20
4223.9, -36, -20
4224, -36, -20
4224.1, -36, -20
4224.2, -36, -20
4224.3, -36, -20
4224.4, -36, -20
4224.5, -36, -20
4224.6, -36, -20
4224.7, -36, -20
4224.8, -36, -20
4224.9, -36, -20
4225, -36, -20
4225.1, -36, -20
4225.2, -36, -20
4225.3, -35, -20
4225.4, -35, -20
4225.5, -35, -20
4225.6, -35, -20
4225.7, -35, -20
4225.8, -35, -20
4225.9, -35, -20
4226, -35, -20
4226.1, -35, -20
4226.2, -35, -20
4226.3, -35, -21
4226.4, -35, -21
4226.5, -35, -21
4226.6, -35, -21
4226.7, -35, -21
4226.8, -35, -21
4226.9, -35, -21
4227, -35, -21
4227.1, -35, -21
4227.2, -35, -21
4227.3, -35, -21
4227.4, -35, -21
4227.5, -35, -20
4227.6, -35, -20
4227.7, -35, -20
4227.8, -35, -20
4227.9, -35, -20
4228, -35, -20
4228.1, -35, -20
4228.2, -35, -20
4228.3, -35, -20
4228.4, -35, -20
4228.5, -35, -20
4228.6, -35, -20
4228.7, -35, -20
4228.8, -35, -20
4228.9, -35, -20
4229, -35, -20
4229.1, -35, -20
4229.2, -35, -20
4229.3, -35, -20
4229.4, -35, -20
4229.5, -35, -20
4229.6, -35, -20
4229.7, -35, -20
4229.8, -35, -20
4229.9, -35, -20
4230, -35, -20
4230.1, -36, -20
4230.2, -36, -20
4230.3, -36, -19
4230.4, -36, -19
4230.5, -36, -19
4230.6, -36, -19
4230.7, -36, -19
4230.8, -36, -19
4230.9, -36, -19
4231, -36, -19
4231.1, -36, -19
4231.2, -36, -19
4231.3, -36, -19
4231.4, -36, -19
4231.5, -36, -19
4231.6, -36, -19
4231.7, -36, -19
4231.8, -36, -19
4231.9, -36, -19
4232, -36, -19
4232.1, -36, -19
4232.2, -36, -19
4232.3, -36, -19
4232.4, -36, -19
4232.5, -36, -19
4232.6, -36, -19
4232.7, -36, -19
4232.8, -36, -19
4232.9, -36, -19
4233, -36, -19
4233.1, -36, -19
4233.2, -36, -19
4233.3, -36, -20
4233.4, -36, -20
4233.5, -37, -20
4233.6, -37, -20
4233.7, -37, -20
4233.8, -37, -20
4233.9, -37, -20
4234, -37, -20
4234.1, -37, -20
4234.2, -37, -20
4234.3, -37, -20
4234.4, -37, -20
4234.5, -37, -20
4234.6, -37, -20
4234.7, -37, -20
4234.8, -37, -20
4234.9, -37, -20
4235, -37, -20
4235.1, -37, -20
4235.2, -37, -20
4235.3, -37, -20
4235.4, -37, -20
4235.5, -37, -20
4235.6, -37, -20
4235.7, -37, -20
4235.8, -37, -20
4235.9, -37, -20
4236, -37, -20
4236.1, -37, -20
4236.2, -37, -20
4236.3, -37, -20
4236.4, -37, -20
4236.5, -37, -19
4236.6, -37, -19
4236.7, -37, -19
4236.8, -37, -19
4236.9, -37, -19
4237, -37, -19
4237.1, -37, -19
4237.2, -37, -19
4237.3, -37, -19
4237.4, -37, -19
4237.5, -37, -19
4237.6, -37, -19
4237.7, -37, -19
4237.8, -37, -19
4237.9, -37, -19
4238, -37, -19
4238.1, -37, -19
4238.2, -37, -19
4238.3, -37, -19
4238.4, -37, -19
4238.5, -38, -19
4238.6, -38, -19
4238.7, -38, -19
4238.8, -38, -19
4238.9, -38, -19
4239, -38, -19
4239.1, -38, -19
4239.2, -38, -19
4239.3, -38, -19
4239.4, -38, -19
4239.5, -38, -19
4239.6, -38, -19
4239.7, -38, -19
4239.8, -38, -19
4239.9, -38, -19
4240, -38, -19
4240.1, -38, -19
4240.2, -38, -19
4240.3, -38, -19
4240.4, -38, -19
4240.5, -38, -19
4240.6, -38, -19
4240.7, -38, -19
4240.8, -38, -19
4240.9, -38, -19
4241, -38, -19
4241.1, -38, -19
4241.2, -38, -19
4241.3, -38, -19
4241.4, -38, -19
4241.5, -38, -19
4241.6, -38, -19
4241.7, -38, -19
4241.8, -38, -19
4241.9, -38, -19
4242, -38, -19
4242.1, -38, -19
4242.2, -38, -19
4242.3, -38, -19
4242.4, -38, -19
4242.5, -38, -19
4242.6, -38, -19
4242.7, -38, -19
4242.8, -38, -19
4242.9, -38, -19
4243, -38, -19
4243.1, -38, -19
4243.2, -38, -19
4243.3, -38, -19
4243.4, -38, -19
4243.5, -38, -19
4243.6, -38, -19
4243.7, -38, -19
4243.8, -38, -19
4243.9, -38, -19
4244, -38, -19
4244.1, -38, -19
4244.2, -38, -19
4244.3, -38, -18
4244.4, -38, -18
4244.5, -38, -18
4244.6, -38, -18
4244.7, -38, -18
4244.8, -38, -18
4244.9, -38, -18
4245, -38, -18
4245.1, -38, -18
4245.2, -38, -18
4245.3, -38, -18
4245.4, -38, -18
4245.5, -38, -19
4245.6, -38, -19
4245.7, -38, -19
4245.8, -38, -19
4245.9, -38, -19
4246, -38, -19
4246.1, -38, -19
4246.2, -38, -19
4246.3, -38, -19
4246.4, -38, -19
4246.5, -38, -19
4246.6, -38, -19
4246.7, -38, -18
4246.8, -38, -18
4246.9, -38, -18
4247, -38, -18
4247.1, -38, -18
4247.2, -38, -18
4247.3, -38, -18
4247.4, -38, -18
4247.5, -38, -18
4247.6, -38, -18
4247.7, -38, -18
4247.8, -38, -18
4247.9, -38, -18
4248, -38, -18
4248.1, -38, -18
4248.2, -38, -18
4248.3, -38, -18
4248.4, -38, -18
4248.5, -38, -18
4248.6, -38, -18
4248.7, -38, -18
4248.8, -38, -18
4248.9, -38, -18
4249, -38, -18
4249.1, -38, -18
4249.2, -38, -18
4249.3, -38, -18
4249.4, -38, -18
4249.5, -38, -18
4249.6, -38, -18
4249.7, -38, -18
4249.8, -38, -18
4249.9, -38, -18
4250, -38, -18
4250.1, -38, -18
4250.2, -38, -18
4250.3, -37, -18
4250.4, -37, -18
4250.5, -37, -18
4250.6, -37, -18
4250.7, -37, -18
4250.8, -37, -18
4250.9, -37, -18
4251, -37, -18
4251.1, -37, -18
4251.2, -37, -18
4251.3, -37, -18
4251.4, -37, -18
4251.5, -37, -18
4251.6, -37, -18
4251.7, -37, -18
4251.8, -37, -18
4251.9, -38, -18
4252, -38, -18
4252.1, -38, -18
4252.2, -38, -18
4252.3, -38, -18
4252.4, -38, -18
4252.5, -38, -18
4252.6, -38, -18
4252.7, -38, -18
4252.8, -38, -18
4252.9, -38, -18
4253, -38, -18
4253.1, -38, -18
4253.2, -38, -18
4253.3, -38, -18
4253.4, -38, -18
4253.5, -38, -18
4253.6, -38, -18
4253.7, -38, -18
4253.8, -38, -18
4253.9, -39, -18
4254, -39, -18
4254.1, -39, -18
4254.2, -39, -18
4254.3, -39, -18
4254.4, -39, -18
4254.5, -39, -18
4254.6, -39, -18
4254.7, -39, -18
4254.8, -39, -18
4254.9, -39, -18
4255, -39, -18
4255.1, -39, -18
4255.2, -39, -18
4255.3, -39, -18
4255.4, -39, -18
4255.5, -39, -18
4255.6, -39, -18
4255.7, -39, -18
4255.8, -39, -18
4255.9, -39, -18
4256, -39, -18
4256.1, -39, -18
4256.2, -39, -18
4256.3, -39, -18
4256.4, -39, -18
4256.5, -39, -18
4256.6, -39, -18
4256.7, -39, -18
4256.8, -39, -18
4256.9, -39, -18
4257, -39, -18
4257.1, -39, -18
4257.2, -39, -18
4257.3, -39, -18
4257.4, -39, -18
4257.5, -39, -18
4257.6, -39, -18
4257.7, -39, -18
4257.8, -39, -18
4257.9, -39, -18
4258, -39, -18
4258.1, -39, -18
4258.2, -39, -18
4258.3, -39, -18
4258.4, -39, -18
4258.5, -39, -18
4258.6, -39, -18
4258.7, -39, -18
4258.8, -39, -18
4258.9, -39, -18
4259, -39, -18
4259.1, -39, -18
4259.2, -39, -18
4259.3, -40, -18
4259.4, -40, -18
4259.5, -40, -18
4259.6, -40, -18
4259.7, -40, -18
4259.8, -40, -18
4259.9, -40, -18
4260, -40, -18
4260.1, -40, -18
4260.2, -40, -18
4260.3, -40, -18
4260.4, -40, -18
4260.5, -40, -18
4260.6, -40, -18
4260.7, -40, -18
4260.8, -40, -18
4260.9, -40, -19
4261, -40, -19
4261.1, -40, -19
4261.2, -40, -19
4261.3, -40, -20
4261.4, -40, -20
4261.5, -40, -20
4261.6, -40, -20
4261.7, -40, -20
4261.8, -40, -20
4261.9, -40, -20
4262, -40, -20
4262.1, -40, -20
4262.2, -40, -20
4262.3, -40, -20
4262.4, -40, -20
4262.5, -40, -20
4262.6, -40, -20
4262.7, -40, -20
4262.8, -40, -20
4262.9, -40, -20
4263, -40, -20
4263.1, -40, -20
4263.2, -40, -20
4263.3, -40, -20
4263.4, -40, -20
4263.5, -40, -20
4263.6, -40, -20
4263.7, -40, -20
4263.8, -40, -20
4263.9, -40, -20
4264, -40, -20
4264.1, -40, -20
4264.2, -40, -20
4264.3, -40, -20
4264.4, -40, -20
4264.5, -40, -20
4264.6, -40, -20
4264.7, -40, -20
4264.8, -40, -20
4264.9, -40, -20
4265, -40, -20
4265.1, -41, -20
4265.2, -41, -20
4265.3, -41, -20
4265.4, -41, -20
4265.5, -41, -20
4265.6, -41, -20
4265.7, -41, -20
4265.8, -41, -20
4265.9, -41, -20
4266, -41, -20
4266.1, -41, -20
4266.2, -41, -20
4266.3, -41, -21
4266.4, -41, -21
4266.5, -41, -21
4266.6, -41, -21
4266.7, -42, -21
4266.8, -42, -21
4266.9, -42, -21
4267, -42, -21
4267.1, -42, -21
4267.2, -42, -21
4267.3, -42, -21
4267.4, -42, -21
4267.5, -42, -21
4267.6, -42, -21
4267.7, -42, -21
4267.8, -42, -21
4267.9, -42, -21
4268, -42, -21
4268.1, -42, -21
4268.2, -42, -21
4268.3, -42, -21
4268.4, -42, -21
4268.5, -42, -21
4268.6, -42, -21
4268.7, -42, -21
4268.8, -42, -21
4268.9, -42, -21
4269, -42, -21
4269.1, -42, -21
4269.2, -42, -21
4269.3, -42, -21
4269.4, -42, -21
4269.5, -42, -21
4269.6, -42, -21
4269.7, -42, -21
4269.8, -42, -21
4269.9, -42, -21
4270, -42, -21
4270.1, -42, -21
4270.2, -42, -21
4270.3, -42, -21
4270.4, -42, -21
4270.5, -42, -21
4270.6, -42, -21
4270.7, -41, -21
4270.8, -41, -21
4270.9, -41, -21
4271, -41, -21
4271.1, -41, -21
4271.2, -41, -21
4271.3, -41, -21
4271.4, -41, -21
4271.5, -41, -21
4271.6, -41, -21
4271.7, -41, -21
4271.8, -41, -21
4271.9, -41, -21
4272, -41, -21
4272.1, -41, -21
4272.2, -41, -21
4272.3, -41, -21
4272.4, -41, -21
4272.5, -41, -21
4272.6, -41, -21
4272.7, -41, -21
4272.8, -41, -21
4272.9, -41, -21
4273, -41, -21
4273.1, -41, -21
4273.2, -41, -21
4273.3, -41, -21
4273.4, -41, -21
4273.5, -41, -21
4273.6, -41, -21
4273.7, -41, -21
4273.8, -41, -21
4273.9, -41, -21
4274, -41, -21
4274.1, -41, -21
4274.2, -41, -21
4274.3, -41, -21
4274.4, -41, -21
4274.5, -41, -21
4274.6, -41, -21
4274.7, -41, -21
4274.8, -41, -21
4274.9, -41, -21
4275, -41, -21
4275.1, -41, -21
4275.2, -41, -21
4275.3, -41, -21
4275.4, -41, -21
4275.5, -42, -21
4275.6, -42, -21
4275.7, -42, -22
4275.8, -42, -22
4275.9, -42, -22
4276, -42, -22
4276.1, -42, -22
4276.2, -42, -22
4276.3, -42, -22
4276.4, -42, -22
4276.5, -42, -22
4276.6, -42, -22
4276.7, -42, -22
4276.8, -42, -22
4276.9, -42, -22
4277, -42, -22
4277.1, -42, -22
4277.2, -42, -22
4277.3, -42, -22
4277.4, -42, -22
4277.5, -42, -22
4277.6, -42, -22
4277.7, -42, -22
4277.8, -42, -22
4277.9, -42, -22
4278, -42, -22
4278.1, -42, -22
4278.2, -42, -22
4278.3, -42, -23
4278.4, -42, -23
4278.5, -42, -23
4278.6, -42, -23
4278.7, -42, -23
4278.8, -42, -23
4278.9, -42, -23
4279, -42, -23
4279.1, -42, -23
4279.2, -42, -23
4279.3, -42, -23
4279.4, -42, -23
4279.5, -42, -24
4279.6, -42, -24
4279.7, -43, -24
4279.8, -43, -24
4279.9, -43, -24
4280, -43, -24
4280.1, -43, -24
4280.2, -43, -24
4280.3, -42, -24
4280.4, -42, -24
4280.5, -42, -24
4280.6, -42, -24
4280.7, -41, -24
4280.8, -41, -24
4280.9, -41, -24
4281, -41, -24
4281.1, -41, -24
4281.2, -41, -24
4281.3, -41, -24
4281.4, -41, -24
4281.5, -41, -24
4281.6, -41, -24
4281.7, -41, -24
4281.8, -41, -24
4281.9, -41, -24
4282, -41, -24
4282.1, -41, -24
4282.2, -41, -24
4282.3, -41, -24
4282.4, -41, -24
4282.5, -41, -24
4282.6, -41, -24
4282.7, -41, -24
4282.8, -41, -24
4282.9, -41, -24
4283, -41, -24
4283.1, -41, -24
4283.2, -41, -24
4283.3, -41, -24
4283.4, -41, -24
4283.5, -41, -24
4283.6, -41, -24
4283.7, -41, -24
4283.8, -41, -24
4283.9, -41, -24
4284, -41, -24
4284.1, -41, -24
4284.2, -41, -24
4284.3, -41, -24
4284.4, -41, -24
4284.5, -41, -24
4284.6, -41, -24
4284.7, -41, -24
4284.8, -41, -24
4284.9, -41, -24
4285, -41, -24
4285.1, -41, -24
4285.2, -41, -24
4285.3, -41, -24
4285.4, -41, -24
4285.5, -41, -24
4285.6, -41, -24
4285.7, -41, -24
4285.8, -41, -24
4285.9, -41, -24
4286, -41, -24
4286.1, -40, -24
4286.2, -40, -24
4286.3, -40, -24
4286.4, -40, -24
4286.5, -40, -24
4286.6, -40, -24
4286.7, -40, -24
4286.8, -40, -24
4286.9, -40, -24
4287, -40, -24
4287.1, -40, -25
4287.2, -40, -25
4287.3, -40, -25
4287.4, -40, -25
4287.5, -40, -25
4287.6, -40, -25
4287.7, -40, -25
4287.8, -40, -25
4287.9, -40, -25
4288, -40, -25
4288.1, -40, -25
4288.2, -40, -25
4288.3, -40, -25
4288.4, -40, -25
4288.5, -40, -25
4288.6, -40, -25
4288.7, -40, -25
4288.8, -40, -25
4288.9, -40, -25
4289, -40, -25
4289.1, -40, -25
4289.2, -40, -25
4289.3, -40, -25
4289.4, -40, -25
4289.5, -40, -25
4289.6, -40, -25
4289.7, -39, -25
4289.8, -39, -25
4289.9, -39, -25
4290, -39, -25
4290.1, -39, -25
4290.2, -39, -25
4290.3, -39, -25
4290.4, -39, -25
4290.5, -39, -25
4290.6, -39, -25
4290.7, -39, -25
4290.8, -39, -25
4290.9, -39, -25
4291, -39, -25
4291.1, -39, -25
4291.2, -39, -25
4291.3, -39, -25
4291.4, -39, -25
4291.5, -39, -25
4291.6, -39, -25
4291.7, -39, -25
4291.8, -39, -25
4291.9, -39, -25
4292, -39, -25
4292.1, -39, -25
4292.2, -39, -25
4292.3, -39, -25
4292.4, -39, -25
4292.5, -39, -25
4292.6, -39, -25
4292.7, -39, -25
4292.8, -39, -25
4292.9, -39, -25
4293, -39, -25
4293.1, -39, -25
4293.2, -39, -25
4293.3, -39, -25
4293.4, -39, -25
4293.5, -39, -25
4293.6, -39, -25
4293.7, -39, -25
4293.8, -39, -25
4293.9, -39, -25
4294, -39, -25
4294.1, -39, -25
4294.2, -39, -25
4294.3, -39, -25
4294.4, -39, -25
4294.5, -39, -25
4294.6, -39, -25
4294.7, -39, -25
4294.8, -39, -25
4294.9, -38, -25
4295, -38, -25
4295.1, -38, -25
4295.2, -38, -25
4295.3, -38, -25
4295.4, -38, -25
4295.5, -38, -25
4295.6, -38, -25
4295.7, -38, -25
4295.8, -38, -25
4295.9, -38, -25
4296, -38, -25
4296.1, -38, -25
4296.2, -38, -25
4296.3, -38, -25
4296.4, -38, -25
4296.5, -38, -25
4296.6, -38, -25
4296.7, -38, -25
4296.8, -38, -25
4296.9, -38, -25
4297, -38, -25
4297.1, -38, -25
4297.2, -38, -25
4297.3, -38, -25
4297.4, -38, -25
4297.5, -38, -25
4297.6, -38, -25
4297.7, -38, -25
4297.8, -38, -25
4297.9, -38, -25
4298, -38, -25
4298.1, -38, -25
4298.2, -38, -25
4298.3, -38, -25
4298.4, -38, -25
4298.5, -38, -25
4298.6, -38, -25
4298.7, -38, -25
4298.8, -38, -25
4298.9, -38, -25
4299, -38, -25
4299.1, -38, -25
4299.2, -38, -25
4299.3, -39, -25
4299.4, -39, -25
4299.5, -39, -25
4299.6, -39, -25
4299.7, -39, -25
4299.8, -39, -25
4299.9, -39, -25
4300, -39, -25
4300.1, -39, -25
4300.2, -39, -25
4300.3, -39, -25
4300.4, -39, -25
4300.5, -39, -25
4300.6, -39, -25
4300.7, -39, -25
4300.8, -39, -25
4300.9, -39, -25
4301, -39, -25
4301.1, -39, -25
4301.2, -39, -25
4301.3, -39, -25
4301.4, -39, -25
4301.5, -39, -25
4301.6, -39, -25
4301.7, -39, -25
4301.8, -39, -25
4301.9, -39, -25
4302, -39, -25
4302.1, -39, -25
4302.2, -39, -25
4302.3, -39, -25
4302.4, -39, -25
4302.5, -39, -25
4302.6, -39, -25
4302.7, -39, -25
4302.8, -39, -25
4302.9, -39, -25
4303, -39, -25
4303.1, -39, -25
4303.2, -39, -25
4303.3, -39, -25
4303.4, -39, -25
4303.5, -39, -25
4303.6, -39, -25
4303.7, -39, -25
4303.8, -39, -25
4303.9, -39, -25
4304, -39, -25
4304.1, -39, -25
4304.2, -39, -25
4304.3, -39, -25
4304.4, -39, -25
4304.5, -39, -25
4304.6, -39, -25
4304.7, -39, -25
4304.8, -39, -25
4304.9, -39, -25
4305, -39, -25
4305.1, -39, -24
4305.2, -39, -24
4305.3, -39, -24
4305.4, -39, -24
4305.5, -39, -24
4305.6, -39, -24
4305.7, -39, -24
4305.8, -39, -24
4305.9, -39, -24
4306, -39, -24
4306.1, -39, -24
4306.2, -39, -24
4306.3, -39, -24
4306.4, -39, -24
4306.5, -39, -24
4306.6, -39, -24
4306.7, -39, -24
4306.8, -39, -24
4306.9, -39, -24
4307, -39, -24
4307.1, -39, -24
4307.2, -39, -24
4307.3, -39, -24
4307.4, -39, -24
4307.5, -39, -24
4307.6, -39, -24
4307.7, -38, -24
4307.8, -38, -24
4307.9, -38, -24
4308, -38, -24
4308.1, -38, -23
4308.2, -38, -23
4308.3, -38, -23
4308.4, -38, -23
4308.5, -38, -23
4308.6, -38, -23
4308.7, -38, -23
4308.8, -38, -23
4308.9, -38, -23
4309, -38, -23
4309.1, -38, -23
4309.2, -38, -23
4309.3, -38, -23
4309.4, -38, -23
4309.5, -38, -23
4309.6, -38, -23
4309.7, -38, -23
4309.8, -38, -23
4309.9, -38, -23
4310, -38, -23
4310.1, -38, -23
4310.2, -38, -23
4310.3, -38, -23
4310.4, -38, -23
4310.5, -38, -23
4310.6, -38, -23
4310.7, -38, -23
4310.8, -38, -23
4310.9, -38, -23
4311, -38, -23
4311.1, -38, -23
4311.2, -38, -23
4311.3, -38, -23
4311.4, -38, -23
4311.5, -38, -23
4311.6, -38, -23
4311.7, -38, -23
4311.8, -38, -23
4311.9, -38, -23
4312, -38, -23
4312.1, -38, -23
4312.2, -38, -23
4312.3, -38, -23
4312.4, -38, -23
4312.5, -38, -23
4312.6, -38, -23
4312.7, -38, -23
4312.8, -38, -23
4312.9, -38, -24
4313, -38, -24
4313.1, -38, -24
4313.2, -38, -24
4313.3, -38, -24
4313.4, -38, -24
4313.5, -38, -24
4313.6, -38, -24
4313.7, -38, -24
4313.8, -38, -24
4313.9, -38, -24
4314, -38, -24
4314.1, -38, -24
4314.2, -38, -24
4314.3, -38, -24
4314.4, -38, -24
4314.5, -38, -24
4314.6, -38, -24
4314.7, -38, -24
4314.8, -38, -24
4314.9, -38, -24
4315, -38, -24
4315.1, -38, -24
4315.2, -38, -24
4315.3, -38, -24
4315.4, -38, -24
4315.5, -38, -24
4315.6, -38, -24
4315.7, -38, -24
4315.8, -38, -24
4315.9, -38, -24
4316, -38, -24
4316.1, -38, -24
4316.2, -38, -24
4316.3, -38, -24
4316.4, -38, -24
4316.5, -38, -24
4316.6, -38, -24
4316.7, -38, -24
4316.8, -38, -24
4316.9, -38, -24
4317, -38, -24
4317.1, -38, -24
4317.2, -38, -24
4317.3, -38, -25
4317.4, -38, -25
4317.5, -37, -25
4317.6, -37, -25
4317.7, -37, -25
4317.8, -37, -25
4317.9, -37, -25
4318, -37, -25
4318.1, -37, -25
4318.2, -37, -25
4318.3, -37, -25
4318.4, -37, -25
4318.5, -37, -25
4318.6, -37, -25
4318.7, -37, -25
4318.8, -37, -25
4318.9, -37, -25
4319, -37, -25
4319.1, -37, -24
4319.2, -37, -24
4319.3, -37, -24
4319.4, -37, -24
4319.5, -37, -24
4319.6, -37, -24
4319.7, -37, -24
4319.8, -37, -24
4319.9, -37, -24
4320, -37, -24
4320.1, -37, -24
4320.2, -37, -24
4320.3, -37, -24
4320.4, -37, -24
4320.5, -37, -24
4320.6, -37, -24
4320.7, -37, -24
4320.8, -37, -24
4320.9, -37, -24
4321, -37, -24
4321.1, -37, -24
4321.2, -37, -24
4321.3, -38, -24
4321.4, -38, -24
4321.5, -38, -24
4321.6, -38, -24
4321.7, -38, -24
4321.8, -38, -24
4321.9, -38, -23
4322, -38, -23
4322.1, -38, -23
4322.2, -38, -23
4322.3, -38, -22
4322.4, -38, -22
4322.5, -38, -22
4322.6, -38, -22
4322.7, -38, -22
4322.8, -38, -22
4322.9, -38, -22
4323, -38, -22
4323.1, -38, -22
4323.2, -38, -22
4323.3, -38, -22
4323.4, -38, -22
4323.5, -38, -22
4323.6, -38, -22
4323.7, -38, -22
4323.8, -38, -22
4323.9, -38, -22
4324, -38, -22
4324.1, -38, -22
4324.2, -38, -22
4324.3, -38, -22
4324.4, -38, -22
4324.5, -38, -22
4324.6, -38, -22
4324.7, -38, -22
4324.8, -38, -22
4324.9, -38, -22
4325, -38, -22
4325.1, -38, -22
4325.2, -38, -22
4325.3, -38, -22
4325.4, -38, -22
4325.5, -38, -22
4325.6, -38, -22
4325.7, -38, -22
4325.8, -38, -22
4325.9, -37, -22
4326, -37, -22
4326.1, -37, -22
4326.2, -37, -22
4326.3, -37, -22
4326.4, -37, -22
4326.5, -37, -22
4326.6, -37, -22
4326.7, -37, -22
4326.8, -37, -22
4326.9, -37, -22
4327, -37, -22
4327.1, -37, -22
4327.2, -37, -22
4327.3, -37, -22
4327.4, -37, -22
4327.5, -37, -22
4327.6, -37, -22
4327.7, -37, -22
4327.8, -37, -22
4327.9, -37, -22
4328, -37, -22
4328.1, -37, -22
4328.2, -37, -22
4328.3, -37, -22
4328.4, -37, -22
4328.5, -37, -22
4328.6, -37, -22
4328.7, -36, -22
4328.8, -36, -22
4328.9, -36, -22
4329, -36, -22
4329.1, -36, -22
4329.2, -36, -22
4329.3, -36, -22
4329.4, -36, -22
4329.5, -36, -22
4329.6, -36, -22
4329.7, -36, -22
4329.8, -36, -22
4329.9, -36, -22
4330, -36, -22
4330.1, -36, -22
4330.2, -36, -22
4330.3, -36, -22
4330.4, -36, -22
4330.5, -36, -22
4330.6, -36, -22
4330.7, -36, -22
4330.8, -36, -22
4330.9, -36, -22
4331, -36, -22
4331.1, -36, -22
4331.2, -36, -22
4331.3, -36, -22
4331.4, -36, -22
4331.5, -36, -22
4331.6, -36, -22
4331.7, -36, -22
4331.8, -36, -22
4331.9, -36, -22
4332, -36, -22
4332.1, -36, -22
4332.2, -36, -22
4332.3, -36, -22
4332.4, -36, -22
4332.5, -36, -22
4332.6, -36, -22
4332.7, -36, -22
4332.8, -36, -22
4332.9, -36, -22
4333, -36, -22
4333.1, -36, -22
4333.2, -36, -22
4333.3, -36, -22
4333.4, -36, -22
4333.5, -36, -22
4333.6, -36, -22
4333.7, -36, -22
4333.8, -36, -22
4333.9, -36, -22
4334, -36, -22
4334.1, -36, -22
4334.2, -36, -22
4334.3, -36, -22
4334.4, -36, -22
4334.5, -36, -22
4334.6, -36, -22
4334.7, -36, -22
4334.8, -36, -22
4334.9, -36, -22
4335, -36, -22
4335.1, -36, -22
4335.2, -36, -22
4335.3, -36, -22
4335.4, -36, -22
4335.5, -36, -22
4335.6, -36, -22
4335.7, -36, -22
4335.8, -36, -22
4335.9, -36, -21
4336, -36, -21
4336.1, -36, -21
4336.2, -36, -21
4336.3, -36, -21
4336.4, -36, -21
4336.5, -36, -21
4336.6, -36, -21
4336.7, -36, -21
4336.8, -36, -21
4336.9, -36, -21
4337, -36, -21
4337.1, -36, -21
4337.2, -36, -21
4337.3, -36, -21
4337.4, -36, -21
4337.5, -36, -22
4337.6, -36, -22
4337.7, -36, -22
4337.8, -36, -22
4337.9, -36, -22
4338, -36, -22
4338.1, -36, -22
4338.2, -36, -22
4338.3, -36, -22
4338.4, -36, -22
4338.5, -36, -22
4338.6, -36, -22
4338.7, -36, -22
4338.8, -36, -22
4338.9, -36, -22
4339, -36, -22
4339.1, -36, -22
4339.2, -36, -22
4339.3, -36, -22
4339.4, -36, -22
4339.5, -36, -22
4339.6, -36, -22
4339.7, -36, -22
4339.8, -36, -22
4339.9, -36, -22
4340, -36, -22
4340.1, -36, -22
4340.2, -36, -22
4340.3, -36, -23
4340.4, -36, -23
4340.5, -36, -23
4340.6, -36, -23
4340.7, -36, -23
4340.8, -36, -23
4340.9, -36, -23
4341, -36, -23
4341.1, -36, -23
4341.2, -36, -23
4341.3, -36, -23
4341.4, -36, -23
4341.5, -36, -23
4341.6, -36, -23
4341.7, -36, -23
4341.8, -36, -23
4341.9, -36, -23
4342, -36, -23
4342.1, -36, -23
4342.2, -36, -23
4342.3, -36, -23
4342.4, -36, -23
4342.5, -36, -23
4342.6, -36, -23
4342.7, -36, -23
4342.8, -36, -23
4342.9, -36, -23
4343, -36, -23
4343.1, -36, -23
4343.2, -36, -23
4343.3, -36, -23
4343.4, -36, -23
4343.5, -36, -23
4343.6, -36, -23
4343.7, -36, -23
4343.8, -36, -23
4343.9, -36, -23
4344, -36, -23
4344.1, -36, -23
4344.2, -36, -23
4344.3, -36, -23
4344.4, -36, -23
4344.5, -36, -23
4344.6, -36, -23
4344.7, -36, -23
4344.8, -36, -23
4344.9, -36, -23
4345, -36, -23
4345.1, -36, -23
4345.2, -36, -23
4345.3, -36, -23
4345.4, -36, -23
4345.5, -36, -23
4345.6, -36, -23
4345.7, -37, -23
4345.8, -37, -23
4345.9, -37, -23
4346, -37, -23
4346.1, -37, -23
4346.2, -37, -23
4346.3, -37, -23
4346.4, -37, -23
4346.5, -37, -23
4346.6, -37, -23
4346.7, -37, -23
4346.8, -37, -23
4346.9, -37, -23
4347, -37, -23
4347.1, -37, -23
4347.2, -37, -23
4347.3, -37, -23
4347.4, -37, -23
4347.5, -37, -23
4347.6, -37, -23
4347.7, -37, -23
4347.8, -37, -23
4347.9, -37, -23
4348, -37, -23
4348.1, -37, -23
4348.2, -37, -23
4348.3, -37, -23
4348.4, -37, -23
4348.5, -37, -23
4348.6, -37, -23
4348.7, -37, -23
4348.8, -37, -23
4348.9, -37, -23
4349, -37, -23
4349.1, -37, -23
4349.2, -37, -23
4349.3, -37, -23
4349.4, -37, -23
4349.5, -37, -23
4349.6, -37, -23
4349.7, -37, -23
4349.8, -37, -23
4349.9, -37, -23
4350, -37, -23
4350.1, -37, -23
4350.2, -37, -23
4350.3, -37, -23
4350.4, -37, -23
4350.5, -37, -23
4350.6, -37, -23
4350.7, -37, -23
4350.8, -37, -23
4350.9, -37, -23
4351, -37, -23
4351.1, -37, -23
4351.2, -37, -23
4351.3, -37, -23
4351.4, -37, -23
4351.5, -37, -22
4351.6, -37, -22
4351.7, -37, -22
4351.8, -37, -22
4351.9, -37, -22
4352, -37, -22
4352.1, -37, -22
4352.2, -37, -22
4352.3, -37, -21
4352.4, -37, -21
4352.5, -37, -21
4352.6, -37, -21
4352.7, -37, -21
4352.8, -37, -21
4352.9, -37, -21
4353, -37, -21
4353.1, -37, -21
4353.2, -37, -21
4353.3, -37, -21
4353.4, -37, -21
4353.5, -37, -21
4353.6, -37, -21
4353.7, -37, -21
4353.8, -37, -21
4353.9, -37, -21
4354, -37, -21
4354.1, -37, -21
4354.2, -37, -21
4354.3, -37, -21
4354.4, -37, -21
4354.5, -37, -21
4354.6, -37, -21
4354.7, -37, -21
4354.8, -37, -21
4354.9, -37, -21
4355, -37, -21
4355.1, -37, -20
4355.2, -37, -20
4355.3, -37, -20
4355.4, -37, -20
4355.5, -37, -20
4355.6, -37, -20
4355.7, -37, -20
4355.8, -37, -20
4355.9, -37, -20
4356, -37, -20
4356.1, -36, -20
4356.2, -36, -20
4356.3, -36, -20
4356.4, -36, -20
4356.5, -36, -20
4356.6, -36, -20
4356.7, -36, -20
4356.8, -36, -20
4356.9, -36, -20
4357, -36, -20
4357.1, -36, -20
4357.2, -36, -20
4357.3, -36, -20
4357.4, -36, -20
4357.5, -36, -20
4357.6, -36, -20
4357.7, -36, -20
4357.8, -36, -20
4357.9, -36, -20
4358, -36, -20
4358.1, -36, -20
4358.2, -36, -20
4358.3, -35, -20
4358.4, -35, -20
4358.5, -35, -20
4358.6, -35, -20
4358.7, -35, -20
4358.8, -35, -20
4358.9, -35, -20
4359, -35, -20
4359.1, -35, -20
4359.2, -35, -20
4359.3, -35, -20
4359.4, -35, -20
4359.5, -35, -20
4359.6, -35, -20
4359.7, -35, -20
4359.8, -35, -20
4359.9, -35, -20
4360, -35, -20
4360.1, -35, -20
4360.2, -35, -20
4360.3, -35, -20
4360.4, -35, -20
4360.5, -35, -20
4360.6, -35, -20
4360.7, -35, -20
4360.8, -35, -20
4360.9, -35, -20
4361, -35, -20
4361.1, -35, -20
4361.2, -35, -20
4361.3, -34, -20
4361.4, -34, -20
4361.5, -34, -20
4361.6, -34, -20
4361.7, -34, -20
4361.8, -34, -20
4361.9, -34, -20
4362, -34, -20
4362.1, -34, -20
4362.2, -34, -20
4362.3, -34, -20
4362.4, -34, -20
4362.5, -34, -20
4362.6, -34, -20
4362.7, -34, -20
4362.8, -34, -20
4362.9, -34, -20
4363, -34, -20
4363.1, -34, -20
4363.2, -34, -20
4363.3, -34, -20
4363.4, -34, -20
4363.5, -34, -20
4363.6, -34, -20
4363.7, -34, -20
4363.8, -34, -20
4363.9, -34, -20
4364, -34, -20
4364.1, -34, -20
4364.2, -34, -20
4364.3, -34, -20
4364.4, -34, -20
4364.5, -34, -20
4364.6, -34, -20
4364.7, -34, -20
4364.8, -34, -20
4364.9, -34, -20
4365, -34, -20
4365.1, -34, -20
4365.2, -34, -20
4365.3, -34, -20
4365.4, -34, -20
4365.5, -34, -20
4365.6, -34, -20
4365.7, -34, -20
4365.8, -34, -20
4365.9, -34, -20
4366, -34, -20
4366.1, -34, -20
4366.2, -34, -20
4366.3, -34, -20
4366.4, -34, -20
4366.5, -34, -20
4366.6, -34, -20
4366.7, -34, -20
4366.8, -34, -20
4366.9, -34, -21
4367, -34, -21
4367.1, -34, -20
4367.2, -34, -20
4367.3, -34, -19
4367.4, -34, -19
4367.5, -34, -19
4367.6, -34, -19
4367.7, -34, -19
4367.8, -34, -19
4367.9, -34, -19
4368, -34, -19
4368.1, -34, -19
4368.2, -34, -19
4368.3, -34, -19
4368.4, -34, -19
4368.5, -34, -19
4368.6, -34, -19
4368.7, -34, -19
4368.8, -34, -19
4368.9, -34, -19
4369, -34, -19
4369.1, -34, -19
4369.2, -34, -19
4369.3, -34, -19
4369.4, -34, -19
4369.5, -34, -19
4369.6, -34, -19
4369.7, -34, -19
4369.8, -34, -19
4369.9, -34, -19
4370, -34, -19
4370.1, -34, -19
4370.2, -34, -19
4370.3, -34, -19
4370.4, -34, -19
4370.5, -34, -19
4370.6, -34, -19
4370.7, -34, -19
4370.8, -34, -19
4370.9, -34, -19
4371, -34, -19
4371.1, -34, -19
4371.2, -34, -19
4371.3, -34, -19
4371.4, -34, -19
4371.5, -34, -19
4371.6, -34, -19
4371.7, -34, -19
4371.8, -34, -19
4371.9, -34, -19
4372, -34, -19
4372.1, -34, -19
4372.2, -34, -19
4372.3, -34, -19
4372.4, -34, -19
4372.5, -34, -19
4372.6, -34, -19
4372.7, -34, -19
4372.8, -34, -19
4372.9, -34, -19
4373, -34, -19
4373.1, -34, -19
4373.2, -34, -19
4373.3, -34, -19
4373.4, -34, -19
4373.5, -34, -19
4373.6, -34, -19
4373.7, -34, -19
4373.8, -34, -19
4373.9, -34, -19
4374, -34, -19
4374.1, -34, -19
4374.2, -34, -19
4374.3, -34, -19
4374.4, -34, -19
4374.5, -34, -19
4374.6, -34, -19
4374.7, -34, -19
4374.8, -34, -19
4374.9, -34, -19
4375, -34, -19
4375.1, -34, -19
4375.2, -34, -19
4375.3, -34, -18
4375.4, -34, -18
4375.5, -34, -18
4375.6, -34, -18
4375.7, -34, -18
4375.8, -34, -18
4375.9, -34, -18
4376, -34, -18
4376.1, -34, -18
4376.2, -34, -18
4376.3, -34, -18
4376.4, -34, -18
4376.5, -34, -18
4376.6, -34, -18
4376.7, -34, -18
4376.8, -34, -18
4376.9, -34, -18
4377, -34, -18
4377.1, -34, -18
4377.2, -34, -18
4377.3, -34, -18
4377.4, -34, -18
4377.5, -34, -18
4377.6, -34, -18
4377.7, -34, -18
4377.8, -34, -18
4377.9, -34, -18
4378, -34, -18
4378.1, -34, -18
4378.2, -34, -18
4378.3, -34, -18
4378.4, -34, -18
4378.5, -34, -18
4378.6, -34, -18
4378.7, -34, -18
4378.8, -34, -18
4378.9, -34, -18
4379, -34, -18
4379.1, -34, -19
4379.2, -34, -19
4379.3, -34, -19
4379.4, -34, -19
4379.5, -34, -19
4379.6, -34, -19
4379.7, -34, -19
4379.8, -34, -19
4379.9, -34, -19
4380, -34, -19
4380.1, -34, -19
4380.2, -34, -19
4380.3, -34, -19
4380.4, -34, -19
4380.5, -34, -19
4380.6, -34, -19
4380.7, -34, -19
4380.8, -34, -19
4380.9, -34, -19
4381, -34, -19
4381.1, -34, -19
4381.2, -34, -19
4381.3, -33, -19
4381.4, -33, -19
4381.5, -33, -19
4381.6, -33, -19
4381.7, -33, -19
4381.8, -33, -19
4381.9, -33, -19
4382, -33, -19
4382.1, -33, -19
4382.2, -33, -19
4382.3, -33, -19
4382.4, -33, -19
4382.5, -33, -18
4382.6, -33, -18
4382.7, -33, -18
4382.8, -33, -18
4382.9, -33, -19
4383, -33, -19
4383.1, -33, -19
4383.2, -33, -19
4383.3, -33, -19
4383.4, -33, -19
4383.5, -33, -19
4383.6, -33, -19
4383.7, -33, -19
4383.8, -33, -19
4383.9, -33, -19
4384, -33, -19
4384.1, -33, -20
4384.2, -33, -20
4384.3, -33, -20
4384.4, -33, -20
4384.5, -33, -19
4384.6, -33, -19
4384.7, -33, -20
4384.8, -33, -20
4384.9, -33, -20
4385, -33, -20
4385.1, -33, -20
4385.2, -33, -20
4385.3, -33, -20
4385.4, -33, -20
4385.5, -33, -20
4385.6, -33, -20
4385.7, -33, -20
4385.8, -33, -20
4385.9, -33, -20
4386, -33, -20
4386.1, -34, -20
4386.2, -34, -20
4386.3, -34, -20
4386.4, -34, -20
4386.5, -34, -20
4386.6, -34, -20
4386.7, -34, -20
4386.8, -34, -20
4386.9, -34, -20
4387, -34, -20
4387.1, -34, -20
4387.2, -34, -20
4387.3, -34, -20
4387.4, -34, -20
4387.5, -34, -20
4387.6, -34, -20
4387.7, -34, -20
4387.8, -34, -20
4387.9, -34, -20
4388, -34, -20
4388.1, -34, -20
4388.2, -34, -20
4388.3, -34, -20
4388.4, -34, -20
4388.5, -34, -20
4388.6, -34, -20
4388.7, -34, -20
4388.8, -34, -20
4388.9, -34, -20
4389, -34, -20
4389.1, -34, -20
4389.2, -34, -20
4389.3, -34, -20
4389.4, -34, -20
4389.5, -34, -20
4389.6, -34, -20
4389.7, -33, -20
4389.8, -33, -20
4389.9, -33, -20
4390, -33, -20
4390.1, -33, -20
4390.2, -33, -20
4390.3, -33, -20
4390.4, -33, -20
4390.5, -33, -20
4390.6, -33, -20
4390.7, -33, -20
4390.8, -33, -20
4390.9, -33, -20
4391, -33, -20
4391.1, -33, -20
4391.2, -33, -20
4391.3, -33, -20
4391.4, -33, -20
4391.5, -33, -20
4391.6, -33, -20
4391.7, -33, -20
4391.8, -33, -20
4391.9, -33, -20
4392, -33, -20
4392.1, -33, -20
4392.2, -33, -20
4392.3, -33, -20
4392.4, -33, -20
4392.5, -33, -20
4392.6, -33, -20
4392.7, -33, -20
4392.8, -33, -20
4392.9, -33, -20
4393, -33, -20
4393.1, -33, -20
4393.2, -33, -20
4393.3, -33, -20
4393.4, -33, -20
4393.5, -33, -20
4393.6, -33, -20
4393.7, -33, -20
4393.8, -33, -20
4393.9, -33, -20
4394, -33, -20
4394.1, -33, -20
4394.2, -33, -20
4394.3, -33, -20
4394.4, -33, -20
4394.5, -33, -20
4394.6, -33, -20
4394.7, -33, -20
4394.8, -33, -20
4394.9, -33, -20
4395, -33, -20
4395.1, -33, -20
4395.2, -33, -20
4395.3, -33, -20
4395.4, -33, -20
4395.5, -33, -20
4395.6, -33, -20
4395.7, -33, -20
4395.8, -33, -20
4395.9, -33, -20
4396, -33, -20
4396.1, -33, -20
4396.2, -33, -20
4396.3, -33, -20
4396.4, -33, -20
4396.5, -33, -20
4396.6, -33, -20
4396.7, -33, -20
4396.8, -33, -20
4396.9, -34, -20
4397, -34, -20
4397.1, -34, -20
4397.2, -34, -20
4397.3, -34, -20
4397.4, -34, -20
4397.5, -34, -20
4397.6, -34, -20
4397.7, -34, -20
4397.8, -34, -20
4397.9, -34, -20
4398, -34, -20
4398.1, -34, -20
4398.2, -34, -20
4398.3, -35, -20
4398.4, -35, -20
4398.5, -35, -20
4398.6, -35, -20
4398.7, -35, -20
4398.8, -35, -20
4398.9, -35, -20
4399, -35, -20
4399.1, -35, -20
4399.2, -35, -20
4399.3, -35, -20
4399.4, -35, -20
4399.5, -35, -20
4399.6, -35, -20
4399.7, -35, -20
4399.8, -35, -20
4399.9, -35, -20
4400, -35, -20
4400.1, -35, -20
4400.2, -35, -20
4400.3, -35, -20
4400.4, -35, -20
4400.5, -35, -20
4400.6, -35, -20
4400.7, -35, -20
4400.8, -35, -20
4400.9, -35, -20
4401, -35, -20
4401.1, -35, -20
4401.2, -35, -20
4401.3, -35, -20
4401.4, -35, -20
4401.5, -35, -20
4401.6, -35, -20
4401.7, -35, -20
4401.8, -35, -20
4401.9, -36, -20
4402, -36, -20
4402.1, -36, -20
4402.2, -36, -20
4402.3, -36, -20
4402.4, -36, -20
4402.5, -36, -20
4402.6, -36, -20
4402.7, -36, -20
4402.8, -36, -20
4402.9, -36, -20
4403, -36, -20
4403.1, -37, -20
4403.2, -37, -20
4403.3, -37, -20
4403.4, -37, -20
4403.5, -37, -20
4403.6, -37, -20
4403.7, -37, -20
4403.8, -37, -20
4403.9, -37, -20
4404, -37, -20
4404.1, -37, -20
4404.2, -37, -20
4404.3, -37, -20
4404.4, -37, -20
4404.5, -37, -20
4404.6, -37, -20
4404.7, -38, -20
4404.8, -38, -20
4404.9, -38, -19
4405, -38, -19
4405.1, -38, -19
4405.2, -38, -19
4405.3, -38, -19
4405.4, -38, -19
4405.5, -38, -19
4405.6, -38, -19
4405.7, -38, -19
4405.8, -38, -19
4405.9, -38, -19
4406, -38, -19
4406.1, -38, -18
4406.2, -38, -18
4406.3, -38, -17
4406.4, -38, -17
4406.5, -38, -17
4406.6, -38, -17
4406.7, -38, -17
4406.8, -38, -17
4406.9, -38, -17
4407, -38, -17
4407.1, -38, -17
4407.2, -38, -17
4407.3, -38, -17
4407.4, -38, -17
4407.5, -38, -17
4407.6, -38, -17
4407.7, -38, -16
4407.8, -38, -16
4407.9, -38, -16
4408, -38, -16
4408.1, -38, -16
4408.2, -38, -16
4408.3, -38, -16
4408.4, -38, -16
4408.5, -38, -16
4408.6, -38, -16
4408.7, -38, -16
4408.8, -38, -16
4408.9, -38, -16
4409, -38, -16
4409.1, -38, -16
4409.2, -38, -16
4409.3, -38, -16
4409.4, -38, -16
4409.5, -38, -16
4409.6, -38, -16
4409.7, -38, -16
4409.8, -38, -16
4409.9, -38, -16
4410, -38, -16
4410.1, -38, -16
4410.2, -38, -16
4410.3, -38, -16
4410.4, -38, -16
4410.5, -38, -16
4410.6, -38, -16
4410.7, -38, -16
4410.8, -38, -16
4410.9, -38, -16
4411, -38, -16
4411.1, -39, -16
4411.2, -39, -16
4411.3, -39, -16
4411.4, -39, -16
4411.5, -39, -16
4411.6, -39, -16
4411.7, -39, -16
4411.8, -39, -16
4411.9, -39, -16
4412, -39, -16
4412.1, -39, -16
4412.2, -39, -16
4412.3, -39, -16
4412.4, -39, -16
4412.5, -39, -16
4412.6, -39, -16
4412.7, -39, -16
4412.8, -39, -16
4412.9, -39, -16
4413, -39, -16
4413.1, -39, -16
4413.2, -39, -16
4413.3, -39, -16
4413.4, -39, -16
4413.5, -39, -16
4413.6, -39, -16
4413.7, -39, -16
4413.8, -39, -16
4413.9, -39, -16
4414, -39, -16
4414.1, -39, -16
4414.2, -39, -16
4414.3, -39, -16
4414.4, -39, -16
4414.5, -39, -16
4414.6, -39, -16
4414.7, -39, -16
4414.8, -39, -16
4414.9, -39, -16
4415, -39, -16
4415.1, -39, -16
4415.2, -39, -16
4415.3, -38, -16
4415.4, -38, -16
4415.5, -38, -16
4415.6, -38, -16
4415.7, -38, -16
4415.8, -38, -16
4415.9, -38, -16
4416, -38, -16
4416.1, -38, -16
4416.2, -38, -16
4416.3, -38, -16
4416.4, -38, -16
4416.5, -38, -16
4416.6, -38, -16
4416.7, -38, -16
4416.8, -38, -16
4416.9, -38, -16
4417, -38, -16
4417.1, -38, -16
4417.2, -38, -16
4417.3, -38, -16
4417.4, -38, -16
4417.5, -38, -16
4417.6, -38, -16
4417.7, -38, -16
4417.8, -38, -16
4417.9, -39, -16
4418, -39, -16
4418.1, -39, -16
4418.2, -39, -16
4418.3, -39, -16
4418.4, -39, -16
4418.5, -39, -16
4418.6, -39, -16
4418.7, -39, -16
4418.8, -39, -16
4418.9, -39, -16
4419, -39, -16
4419.1, -39, -16
4419.2, -39, -16
4419.3, -39, -16
4419.4, -39, -16
4419.5, -39, -16
4419.6, -39, -16
4419.7, -39, -16
4419.8, -39, -16
4419.9, -39, -16
4420, -39, -16
4420.1, -39, -16
4420.2, -39, -16
4420.3, -39, -16
4420.4, -39, -16
4420.5, -39, -16
4420.6, -39, -16
4420.7, -39, -16
4420.8, -39, -16
4420.9, -39, -16
4421, -39, -16
4421.1, -39, -16
4421.2, -39, -16
4421.3, -39, -16
4421.4, -39, -16
4421.5, -39, -16
4421.6, -39, -16
4421.7, -39, -16
4421.8, -39, -16
4421.9, -39, -16
4422, -39, -16
4422.1, -39, -15
4422.2, -39, -15
4422.3, -39, -15
4422.4, -39, -15
4422.5, -39, -15
4422.6, -39, -15
4422.7, -39, -15
4422.8, -39, -15
4422.9, -39, -15
4423, -39, -15
4423.1, -40, -15
4423.2, -40, -15
4423.3, -40, -15
4423.4, -40, -15
4423.5, -40, -15
4423.6, -40, -15
4423.7, -40, -15
4423.8, -40, -15
4423.9, -40, -15
4424, -40, -15
4424.1, -40, -15
4424.2, -40, -15
4424.3, -40, -16
4424.4, -40, -16
4424.5, -40, -16
4424.6, -40, -16
4424.7, -40, -16
4424.8, -40, -16
4424.9, -40, -15
4425, -40, -15
4425.1, -40, -15
4425.2, -40, -15
4425.3, -40, -15
4425.4, -40, -15
4425.5, -40, -15
4425.6, -40, -15
4425.7, -40, -15
4425.8, -40, -15
4425.9, -40, -16
4426, -40, -16
4426.1, -40, -16
4426.2, -40, -16
4426.3, -40, -16
4426.4, -40, -16
4426.5, -40, -16
4426.6, -40, -16
4426.7, -40, -16
4426.8, -40, -16
4426.9, -40, -16
4427, -40, -16
4427.1, -40, -16
4427.2, -40, -16
4427.3, -40, -16
4427.4, -40, -16
4427.5, -40, -16
4427.6, -40, -16
4427.7, -40, -16
4427.8, -40, -16
4427.9, -40, -16
4428, -40, -16
4428.1, -40, -16
4428.2, -40, -16
4428.3, -40, -16
4428.4, -40, -16
4428.5, -40, -16
4428.6, -40, -16
4428.7, -40, -16
4428.8, -40, -16
4428.9, -40, -16
4429, -40, -16
4429.1, -40, -16
4429.2, -40, -16
4429.3, -40, -16
4429.4, -40, -16
4429.5, -41, -16
4429.6, -41, -16
4429.7, -41, -16
4429.8, -41, -16
4429.9, -42, -16
4430, -42, -16
4430.1, -42, -16
4430.2, -42, -16
4430.3, -41, -16
4430.4, -41, -16
4430.5, -41, -16
4430.6, -41, -16
4430.7, -41, -16
4430.8, -41, -16
4430.9, -41, -16
4431, -41, -16
4431.1, -41, -15
4431.2, -41, -15
4431.3, -41, -15
4431.4, -41, -15
4431.5, -41, -15
4431.6, -41, -15
4431.7, -41, -15
4431.8, -41, -15
4431.9, -41, -15
4432, -41, -15
4432.1, -41, -15
4432.2, -41, -15
4432.3, -41, -15
4432.4, -41, -15
4432.5, -41, -15
4432.6, -41, -15
4432.7, -41, -15
4432.8, -41, -15
4432.9, -41, -15
4433, -41, -15
4433.1, -41, -15
4433.2, -41, -15
4433.3, -41, -15
4433.4, -41, -15
4433.5, -41, -15
4433.6, -41, -15
4433.7, -41, -14
4433.8, -41, -14
4433.9, -41, -14
4434, -41, -14
4434.1, -41, -14
4434.2, -41, -14
4434.3, -41, -14
4434.4, -41, -14
4434.5, -41, -14
4434.6, -41, -14
4434.7, -42, -14
4434.8, -42, -14
4434.9, -41, -14
4435, -41, -14
4435.1, -41, -14
4435.2, -41, -14
4435.3, -41, -14
4435.4, -41, -14
4435.5, -41, -14
4435.6, -41, -14
4435.7, -42, -14
4435.8, -42, -14
4435.9, -42, -14
4436, -42, -14
4436.1, -42, -14
4436.2, -42, -14
4436.3, -42, -14
4436.4, -42, -14
4436.5, -42, -15
4436.6, -42, -15
4436.7, -42, -15
4436.8, -42, -15
4436.9, -42, -15
4437, -42, -15
4437.1, -42, -15
4437.2, -42, -15
4437.3, -42, -15
4437.4, -42, -15
4437.5, -42, -16
4437.6, -42, -16
4437.7, -42, -16
4437.8, -42, -16
4437.9, -42, -16
4438, -42, -16
4438.1, -42, -16
4438.2, -42, -16
4438.3, -42, -16
4438.4, -42, -16
4438.5, -42, -16
4438.6, -42, -16
4438.7, -42, -16
4438.8, -42, -16
4438.9, -42, -16
4439, -42, -16
4439.1, -42, -16
4439.2, -42, -16
4439.3, -42, -16
4439.4, -42, -16
4439.5, -42, -16
4439.6, -42, -16
4439.7, -42, -16
4439.8, -42, -16
4439.9, -42, -16
4440, -42, -16
4440.1, -42, -16
4440.2, -42, -16
4440.3, -42, -16
4440.4, -42, -16
4440.5, -42, -16
4440.6, -42, -16
4440.7, -42, -16
4440.8, -42, -16
4440.9, -42, -16
4441, -42, -16
4441.1, -42, -16
4441.2, -42, -16
4441.3, -42, -16
4441.4, -42, -16
4441.5, -42, -16
4441.6, -42, -16
4441.7, -42, -16
4441.8, -42, -16
4441.9, -42, -16
4442, -42, -16
4442.1, -42, -16
4442.2, -42, -16
4442.3, -42, -16
4442.4, -42, -16
4442.5, -42, -16
4442.6, -42, -16
4442.7, -42, -16
4442.8, -42, -16
4442.9, -42, -16
4443, -42, -16
4443.1, -42, -16
4443.2, -42, -16
4443.3, -42, -16
4443.4, -42, -16
4443.5, -42, -16
4443.6, -42, -16
4443.7, -42, -16
4443.8, -42, -16
4443.9, -41, -16
4444, -41, -16
4444.1, -41, -16
4444.2, -41, -16
4444.3, -41, -16
4444.4, -41, -16
4444.5, -41, -16
4444.6, -41, -16
4444.7, -42, -16
4444.8, -42, -16
4444.9, -42, -16
4445, -42, -16
4445.1, -42, -17
4445.2, -42, -17
4445.3, -42, -17
4445.4, -42, -17
4445.5, -42, -17
4445.6, -42, -17
4445.7, -42, -17
4445.8, -42, -17
4445.9, -42, -17
4446, -42, -17
4446.1, -42, -17
4446.2, -42, -17
4446.3, -42, -17
4446.4, -42, -17
4446.5, -42, -17
4446.6, -42, -17
4446.7, -42, -18
4446.8, -42, -18
4446.9, -42, -18
4447, -42, -18
4447.1, -42, -18
4447.2, -42, -18
4447.3, -42, -18
4447.4, -42, -18
4447.5, -42, -18
4447.6, -42, -18
4447.7, -42, -18
4447.8, -42, -18
4447.9, -42, -18
4448, -42, -18
4448.1, -42, -18
4448.2, -42, -18
4448.3, -42, -18
4448.4, -42, -18
4448.5, -42, -18
4448.6, -42, -18
4448.7, -42, -18
4448.8, -42, -18
4448.9, -42, -18
4449, -42, -18
4449.1, -42, -18
4449.2, -42, -18
4449.3, -42, -18
4449.4, -42, -18
4449.5, -42, -18
4449.6, -42, -18
4449.7, -42, -18
4449.8, -42, -18
4449.9, -42, -18
4450, -42, -18
4450.1, -42, -18
4450.2, -42, -18
4450.3, -42, -18
4450.4, -42, -18
4450.5, -42, -18
4450.6, -42, -18
4450.7, -43, -18
4450.8, -43, -18
4450.9, -43, -18
4451, -43, -18
4451.1, -43, -17
4451.2, -43, -17
4451.3, -43, -18
4451.4, -43, -18
4451.5, -43, -18
4451.6, -43, -18
4451.7, -43, -18
4451.8, -43, -18
4451.9, -43, -18
4452, -43, -18
4452.1, -43, -18
4452.2, -43, -18
4452.3, -43, -18
4452.4, -43, -18
4452.5, -43, -18
4452.6, -43, -18
4452.7, -43, -18
4452.8, -43, -18
4452.9, -43, -18
4453, -43, -18
4453.1, -43, -18
4453.2, -43, -18
4453.3, -43, -18
4453.4, -43, -18
4453.5, -43, -18
4453.6, -43, -18
4453.7, -43, -18
4453.8, -43, -18
4453.9, -43, -18
4454, -43, -18
4454.1, -43, -18
4454.2, -43, -18
4454.3, -43, -18
4454.4, -43, -18
4454.5, -43, -18
4454.6, -43, -18
4454.7, -43, -18
4454.8, -43, -18
4454.9, -43, -18
4455, -43, -18
4455.1, -43, -17
4455.2, -43, -17
4455.3, -43, -17
4455.4, -43, -17
4455.5, -43, -18
4455.6, -43, -18
4455.7, -43, -18
4455.8, -43, -18
4455.9, -43, -18
4456, -43, -18
4456.1, -43, -18
4456.2, -43, -18
4456.3, -43, -18
4456.4, -43, -18
4456.5, -43, -18
4456.6, -43, -18
4456.7, -43, -18
4456.8, -43, -18
4456.9, -43, -18
4457, -43, -18
4457.1, -43, -18
4457.2, -43, -18
4457.3, -43, -18
4457.4, -43, -18
4457.5, -43, -18
4457.6, -43, -18
4457.7, -43, -18
4457.8, -43, -18
4457.9, -43, -18
4458, -43, -18
4458.1, -44, -18
4458.2, -44, -18
4458.3, -43, -18
4458.4, -43, -18
4458.5, -43, -18
4458.6, -43, -18
4458.7, -43, -18
4458.8, -43, -18
4458.9, -43, -18
4459, -43, -18
4459.1, -42, -18
4459.2, -42, -18
4459.3, -42, -18
4459.4, -42, -18
4459.5, -42, -18
4459.6, -42, -18
4459.7, -42, -18
4459.8, -42, -18
4459.9, -42, -18
4460, -42, -18
4460.1, -42, -18
4460.2, -42, -18
4460.3, -42, -18
4460.4, -42, -18
4460.5, -42, -18
4460.6, -42, -18
4460.7, -42, -18
4460.8, -42, -18
4460.9, -42, -18
4461, -42, -18
4461.1, -42, -18
4461.2, -42, -18
4461.3, -42, -18
4461.4, -42, -18
4461.5, -42, -18
4461.6, -42, -18
4461.7, -42, -18
4461.8, -42, -18
4461.9, -42, -18
4462, -42, -18
4462.1, -42, -18
4462.2, -42, -18
4462.3, -42, -17
4462.4, -42, -17
4462.5, -42, -17
4462.6, -42, -17
4462.7, -42, -17
4462.8, -42, -17
4462.9, -42, -17
4463, -42, -17
4463.1, -42, -18
4463.2, -42, -18
4463.3, -42, -18
4463.4, -42, -18
4463.5, -42, -18
4463.6, -42, -18
4463.7, -42, -18
4463.8, -42, -18
4463.9, -42, -18
4464, -42, -18
4464.1, -42, -18
4464.2, -42, -18
4464.3, -42, -18
4464.4, -42, -18
4464.5, -42, -18
4464.6, -42, -18
4464.7, -42, -18
4464.8, -42, -18
4464.9, -41, -18
4465, -41, -18
4465.1, -41, -18
4465.2, -41, -18
4465.3, -41, -18
4465.4, -41, -18
4465.5, -41, -18
4465.6, -41, -18
4465.7, -41, -18
4465.8, -41, -18
4465.9, -41, -18
4466, -41, -18
4466.1, -41, -18
4466.2, -41, -18
4466.3, -41, -18
4466.4, -41, -18
4466.5, -41, -18
4466.6, -41, -18
4466.7, -41, -18
4466.8, -41, -18
4466.9, -41, -18
4467, -41, -18
4467.1, -41, -18
4467.2, -41, -18
4467.3, -41, -18
4467.4, -41, -18
4467.5, -41, -18
4467.6, -41, -18
4467.7, -41, -17
4467.8, -41, -17
4467.9, -41, -17
4468, -41, -17
4468.1, -41, -18
4468.2, -41, -18
4468.3, -41, -18
4468.4, -41, -18
4468.5, -41, -19
4468.6, -41, -19
4468.7, -41, -19
4468.8, -41, -19
4468.9, -41, -19
4469, -41, -19
4469.1, -41, -19
4469.2, -41, -19
4469.3, -41, -19
4469.4, -41, -19
4469.5, -41, -19
4469.6, -41, -19
4469.7, -41, -19
4469.8, -41, -19
4469.9, -41, -19
4470, -41, -19
4470.1, -41, -19
4470.2, -41, -19
4470.3, -41, -19
4470.4, -41, -19
4470.5, -41, -19
4470.6, -41, -19
4470.7, -41, -19
4470.8, -41, -19
4470.9, -41, -19
4471, -41, -19
4471.1, -42, -19
4471.2, -42, -19
4471.3, -42, -19
4471.4, -42, -19
4471.5, -41, -19
4471.6, -41, -19
4471.7, -41, -19
4471.8, -41, -19
4471.9, -41, -19
4472, -41, -19
4472.1, -41, -19
4472.2, -41, -19
4472.3, -41, -19
4472.4, -41, -19
4472.5, -41, -19
4472.6, -41, -19
4472.7, -41, -19
4472.8, -41, -19
4472.9, -41, -19
4473, -41, -19
4473.1, -41, -19
4473.2, -41, -19
4473.3, -41, -19
4473.4, -41, -19
4473.5, -41, -19
4473.6, -41, -19
4473.7, -41, -19
4473.8, -41, -19
4473.9, -41, -19
4474, -41, -19
4474.1, -41, -19
4474.2, -41, -19
4474.3, -41, -19
4474.4, -41, -19
4474.5, -40, -19
4474.6, -40, -19
4474.7, -40, -19
4474.8, -40, -19
4474.9, -40, -19
4475, -40, -19
4475.1, -40, -19
4475.2, -40, -19
4475.3, -40, -19
4475.4, -40, -19
4475.5, -40, -19
4475.6, -40, -19
4475.7, -40, -19
4475.8, -40, -19
4475.9, -40, -19
4476, -40, -19
4476.1, -40, -19
4476.2, -40, -19
4476.3, -40, -19
4476.4, -40, -19
4476.5, -40, -19
4476.6, -40, -19
4476.7, -40, -19
4476.8, -40, -19
4476.9, -40, -19
4477, -40, -19
4477.1, -40, -19
4477.2, -40, -19
4477.3, -40, -19
4477.4, -40, -19
4477.5, -40, -19
4477.6, -40, -19
4477.7, -40, -19
4477.8, -40, -19
4477.9, -40, -19
4478, -40, -19
4478.1, -40, -19
4478.2, -40, -19
4478.3, -40, -19
4478.4, -40, -19
4478.5, -40, -18
4478.6, -40, -18
4478.7, -40, -18
4478.8, -40, -18
4478.9, -40, -18
4479, -40, -18
4479.1, -40, -18
4479.2, -40, -18
4479.3, -40, -18
4479.4, -40, -18
4479.5, -40, -18
4479.6, -40, -18
4479.7, -40, -18
4479.8, -40, -18
4479.9, -40, -18
4480, -40, -18
4480.1, -40, -18
4480.2, -40, -18
4480.3, -40, -18
4480.4, -40, -18
4480.5, -40, -18
4480.6, -40, -18
4480.7, -40, -18
4480.8, -40, -18
4480.9, -40, -18
4481, -40, -18
4481.1, -40, -18
4481.2, -40, -18
4481.3, -40, -18
4481.4, -40, -18
4481.5, -40, -18
4481.6, -40, -18
4481.7, -40, -18
4481.8, -40, -18
4481.9, -40, -18
4482, -40, -18
4482.1, -40, -18
4482.2, -40, -18
4482.3, -40, -19
4482.4, -40, -19
4482.5, -40, -19
4482.6, -40, -19
4482.7, -40, -19
4482.8, -40, -19
4482.9, -40, -19
4483, -40, -19
4483.1, -40, -19
4483.2, -40, -19
4483.3, -40, -19
4483.4, -40, -19
4483.5, -40, -19
4483.6, -40, -19
4483.7, -40, -18
4483.8, -40, -18
4483.9, -40, -18
4484, -40, -18
4484.1, -40, -18
4484.2, -40, -18
4484.3, -40, -18
4484.4, -40, -18
4484.5, -40, -18
4484.6, -40, -18
4484.7, -40, -18
4484.8, -40, -18
4484.9, -40, -18
4485, -40, -18
4485.1, -40, -18
4485.2, -40, -18
4485.3, -40, -17
4485.4, -40, -17
4485.5, -41, -17
4485.6, -41, -17
4485.7, -41, -17
4485.8, -41, -17
4485.9, -41, -17
4486, -41, -17
4486.1, -41, -17
4486.2, -41, -17
4486.3, -41, -17
4486.4, -41, -17
4486.5, -41, -17
4486.6, -41, -17
4486.7, -41, -17
4486.8, -41, -17
4486.9, -41, -17
4487, -41, -17
4487.1, -41, -17
4487.2, -41, -17
4487.3, -41, -17
4487.4, -41, -17
4487.5, -41, -17
4487.6, -41, -17
4487.7, -41, -17
4487.8, -41, -17
4487.9, -41, -17
4488, -41, -17
4488.1, -41, -17
4488.2, -41, -17
4488.3, -41, -17
4488.4, -41, -17
4488.5, -41, -17
4488.6, -41, -17
4488.7, -41, -17
4488.8, -41, -17
4488.9, -41, -17
4489, -41, -17
4489.1, -41, -17
4489.2, -41, -17
4489.3, -41, -17
4489.4, -41, -17
4489.5, -42, -17
4489.6, -42, -17
4489.7, -42, -17
4489.8, -42, -17
4489.9, -42, -17
4490, -42, -17
4490.1, -42, -17
4490.2, -42, -17
4490.3, -42, -17
4490.4, -42, -17
4490.5, -42, -17
4490.6, -42, -17
4490.7, -42, -17
4490.8, -42, -17
4490.9, -42, -17
4491, -42, -17
4491.1, -42, -17
4491.2, -42, -17
4491.3, -42, -17
4491.4, -42, -17
4491.5, -42, -17
4491.6, -42, -17
4491.7, -42, -17
4491.8, -42, -17
4491.9, -42, -17
4492, -42, -17
4492.1, -42, -16
4492.2, -42, -16
4492.3, -42, -16
4492.4, -42, -16
4492.5, -42, -16
4492.6, -42, -16
4492.7, -42, -16
4492.8, -42, -16
4492.9, -42, -16
4493, -42, -16
4493.1, -42, -16
4493.2, -42, -16
4493.3, -42, -16
4493.4, -42, -16
4493.5, -42, -16
4493.6, -42, -16
4493.7, -42, -16
4493.8, -42, -16
4493.9, -43, -16
4494, -43, -16
4494.1, -43, -16
4494.2, -43, -16
4494.3, -43, -16
4494.4, -43, -16
4494.5, -42, -16
4494.6, -42, -16
4494.7, -42, -16
4494.8, -42, -16
4494.9, -42, -16
4495, -42, -16
4495.1, -42, -16
4495.2, -42, -16
4495.3, -42, -16
4495.4, -42, -16
4495.5, -42, -16
4495.6, -42, -16
4495.7, -42, -16
4495.8, -42, -16
4495.9, -42, -16
4496, -42, -16
4496.1, -42, -16
4496.2, -42, -16
4496.3, -42, -16
4496.4, -42, -16
4496.5, -43, -16
4496.6, -43, -16
4496.7, -42, -16
4496.8, -42, -16
4496.9, -42, -16
4497, -42, -16
4497.1, -41, -16
4497.2, -41, -16
4497.3, -41, -16
4497.4, -41, -16
4497.5, -40, -16
4497.6, -40, -16
4497.7, -40, -16
4497.8, -40, -16
4497.9, -40, -16
4498, -40, -16
4498.1, -40, -16
4498.2, -40, -16
4498.3, -40, -16
4498.4, -40, -16
4498.5, -40, -16
4498.6, -40, -16
4498.7, -40, -16
4498.8, -40, -16
4498.9, -40, -16
4499, -40, -16
4499.1, -40, -16
4499.2, -40, -16
4499.3, -40, -16
4499.4, -40, -16
4499.5, -40, -16
4499.6, -40, -16
4499.7, -40, -16
4499.8, -40, -16
4499.9, -40, -16
4500, -40, -16
4500.1, -40, -16
4500.2, -40, -16
4500.3, -40, -16
4500.4, -40, -16
4500.5, -40, -16
4500.6, -40, -16
4500.7, -40, -16
4500.8, -40, -16
4500.9, -40, -16
4501, -40, -16
4501.1, -40, -16
4501.2, -40, -16
4501.3, -40, -16
4501.4, -40, -16
4501.5, -40, -16
4501.6, -40, -16
4501.7, -40, -16
4501.8, -40, -16
4501.9, -40, -16
4502, -40, -16
4502.1, -40, -16
4502.2, -40, -16
4502.3, -40, -16
4502.4, -40, -16
4502.5, -40, -16
4502.6, -40, -16
4502.7, -40, -16
4502.8, -40, -16
4502.9, -40, -16
4503, -40, -16
4503.1, -40, -17
4503.2, -40, -17
4503.3, -40, -17
4503.4, -40, -17
4503.5, -40, -17
4503.6, -40, -17
4503.7, -40, -17
4503.8, -40, -17
4503.9, -40, -17
4504, -40, -17
4504.1, -40, -17
4504.2, -40, -17
4504.3, -40, -17
4504.4, -40, -17
4504.5, -40, -17
4504.6, -40, -17
4504.7, -40, -17
4504.8, -40, -17
4504.9, -40, -17
4505, -40, -17
4505.1, -40, -17
4505.2, -40, -17
4505.3, -40, -17
4505.4, -40, -17
4505.5, -40, -17
4505.6, -40, -17
4505.7, -40, -17
4505.8, -40, -17
4505.9, -40, -17
4506, -40, -17
4506.1, -40, -17
4506.2, -40, -17
4506.3, -40, -17
4506.4, -40, -17
4506.5, -40, -17
4506.6, -40, -17
4506.7, -40, -17
4506.8, -40, -17
4506.9, -40, -17
4507, -40, -17
4507.1, -40, -17
4507.2, -40, -17
4507.3, -40, -17
4507.4, -40, -17
4507.5, -40, -17
4507.6, -40, -17
4507.7, -40, -17
4507.8, -40, -17
4507.9, -40, -17
4508, -40, -17
4508.1, -40, -17
4508.2, -40, -17
4508.3, -40, -17
4508.4, -40, -17
4508.5, -40, -17
4508.6, -40, -17
4508.7, -40, -17
4508.8, -40, -17
4508.9, -40, -17
4509, -40, -17
4509.1, -40, -17
4509.2, -40, -17
4509.3, -40, -17
4509.4, -40, -17
4509.5, -41, -17
4509.6, -41, -17
4509.7, -41, -17
4509.8, -41, -17
4509.9, -41, -17
4510, -41, -17
4510.1, -41, -17
4510.2, -41, -17
4510.3, -41, -17
4510.4, -41, -17
4510.5, -41, -17
4510.6, -41, -17
4510.7, -41, -17
4510.8, -41, -17
4510.9, -41, -17
4511, -41, -17
4511.1, -41, -17
4511.2, -41, -17
4511.3, -41, -17
4511.4, -41, -17
4511.5, -41, -17
4511.6, -41, -17
4511.7, -42, -17
4511.8, -42, -17
4511.9, -42, -17
4512, -42, -17
4512.1, -42, -17
4512.2, -42, -17
4512.3, -42, -16
4512.4, -42, -16
4512.5, -42, -16
4512.6, -42, -16
4512.7, -42, -16
4512.8, -42, -16
4512.9, -42, -16
4513, -42, -16
4513.1, -42, -16
4513.2, -42, -16
4513.3, -42, -16
4513.4, -42, -16
4513.5, -42, -16
4513.6, -42, -16
4513.7, -42, -16
4513.8, -42, -16
4513.9, -42, -15
4514, -42, -15
4514.1, -42, -15
4514.2, -42, -15
4514.3, -42, -15
4514.4, -42, -15
4514.5, -42, -15
4514.6, -42, -15
4514.7, -42, -15
4514.8, -42, -15
4514.9, -42, -15
4515, -42, -15
4515.1, -42, -15
4515.2, -42, -15
4515.3, -42, -15
4515.4, -42, -15
4515.5, -42, -15
4515.6, -42, -15
4515.7, -42, -15
4515.8, -42, -15
4515.9, -42, -15
4516, -42, -15
4516.1, -42, -15
4516.2, -42, -15
4516.3, -42, -15
4516.4, -42, -15
4516.5, -42, -15
4516.6, -42, -15
4516.7, -42, -15
4516.8, -42, -15
4516.9, -42, -15
4517, -42, -15
4517.1, -42, -15
4517.2, -42, -15
4517.3, -42, -15
4517.4, -42, -15
4517.5, -42, -15
4517.6, -42, -15
4517.7, -41, -15
4517.8, -41, -15
4517.9, -41, -15
4518, -41, -15
4518.1, -41, -15
4518.2, -41, -15
4518.3, -41, -15
4518.4, -41, -15
4518.5, -41, -15
4518.6, -41, -15
4518.7, -41, -15
4518.8, -41, -15
4518.9, -41, -15
4519, -41, -15
4519.1, -41, -15
4519.2, -41, -15
4519.3, -41, -15
4519.4, -41, -15
4519.5, -41, -15
4519.6, -41, -15
4519.7, -41, -15
4519.8, -41, -15
4519.9, -41, -15
4520, -41, -15
4520.1, -41, -15
4520.2, -41, -15
4520.3, -41, -15
4520.4, -41, -15
4520.5, -41, -15
4520.6, -41, -15
4520.7, -41, -15
4520.8, -41, -15
4520.9, -41, -15
4521, -41, -15
4521.1, -41, -15
4521.2, -41, -15
4521.3, -41, -15
4521.4, -41, -15
4521.5, -41, -15
4521.6, -41, -15
4521.7, -41, -14
4521.8, -41, -14
4521.9, -41, -14
4522, -41, -14
4522.1, -41, -14
4522.2, -41, -14
4522.3, -41, -13
4522.4, -41, -13
4522.5, -41, -13
4522.6, -41, -13
4522.7, -42, -13
4522.8, -42, -13
4522.9, -42, -13
4523, -42, -13
4523.1, -42, -13
4523.2, -42, -13
4523.3, -42, -13
4523.4, -42, -13
4523.5, -42, -13
4523.6, -42, -13
4523.7, -42, -13
4523.8, -42, -13
4523.9, -42, -13
4524, -42, -13
4524.1, -42, -13
4524.2, -42, -13
4524.3, -42, -13
4524.4, -42, -13
4524.5, -42, -13
4524.6, -42, -13
4524.7, -42, -13
4524.8, -42, -13
4524.9, -42, -13
4525, -42, -13
4525.1, -42, -13
4525.2, -42, -13
4525.3, -41, -13
4525.4, -41, -13
4525.5, -41, -13
4525.6, -41, -13
4525.7, -41, -13
4525.8, -41, -13
4525.9, -41, -13
4526, -41, -13
4526.1, -41, -13
4526.2, -41, -13
4526.3, -41, -13
4526.4, -41, -13
4526.5, -41, -13
4526.6, -41, -13
4526.7, -41, -13
4526.8, -41, -13
4526.9, -41, -13
4527, -41, -13
4527.1, -41, -13
4527.2, -41, -13
4527.3, -41, -13
4527.4, -41, -13
4527.5, -41, -13
4527.6, -41, -13
4527.7, -41, -13
4527.8, -41, -13
4527.9, -41, -13
4528, -41, -13
4528.1, -41, -13
4528.2, -41, -13
4528.3, -42, -13
4528.4, -42, -13
4528.5, -42, -13
4528.6, -42, -13
4528.7, -42, -13
4528.8, -42, -13
4528.9, -42, -13
4529, -42, -13
4529.1, -42, -13
4529.2, -42, -13
4529.3, -43, -13
4529.4, -43, -13
4529.5, -43, -13
4529.6, -43, -13
4529.7, -43, -13
4529.8, -43, -13
4529.9, -43, -13
4530, -43, -13
4530.1, -43, -12
4530.2, -43, -12
4530.3, -43, -12
4530.4, -43, -12
4530.5, -43, -12
4530.6, -43, -12
4530.7, -43, -12
4530.8, -43, -12
4530.9, -43, -12
4531, -43, -12
4531.1, -43, -12
4531.2, -43, -12
4531.3, -43, -12
4531.4, -43, -12
4531.5, -43, -12
4531.6, -43, -12
4531.7, -43, -12
4531.8, -43, -12
4531.9, -43, -12
4532, -43, -12
4532.1, -43, -12
4532.2, -43, -12
4532.3, -43, -12
4532.4, -43, -12
4532.5, -43, -12
4532.6, -43, -12
4532.7, -43, -12
4532.8, -43, -12
4532.9, -43, -12
4533, -43, -12
4533.1, -43, -12
4533.2, -43, -12
4533.3, -43, -12
4533.4, -43, -12
4533.5, -43, -11
4533.6, -43, -11
4533.7, -43, -11
4533.8, -43, -11
4533.9, -43, -11
4534, -43, -11
4534.1, -43, -11
4534.2, -43, -11
4534.3, -43, -10
4534.4, -43, -10
4534.5, -43, -10
4534.6, -43, -10
4534.7, -43, -10
4534.8, -43, -10
4534.9, -43, -10
4535, -43, -10
4535.1, -43, -10
4535.2, -43, -10
4535.3, -43, -10
4535.4, -43, -10
4535.5, -43, -10
4535.6, -43, -10
4535.7, -43, -10
4535.8, -43, -10
4535.9, -43, -10
4536, -43, -10
4536.1, -43, -10
4536.2, -43, -10
4536.3, -43, -10
4536.4, -43, -10
4536.5, -43, -10
4536.6, -43, -10
4536.7, -43, -10
4536.8, -43, -10
4536.9, -43, -10
4537, -43, -10
4537.1, -43, -10
4537.2, -43, -10
4537.3, -43, -10
4537.4, -43, -10
4537.5, -43, -10
4537.6, -43, -10
4537.7, -43, -10
4537.8, -43, -10
4537.9, -43, -10
4538, -43, -10
4538.1, -43, -10
4538.2, -43, -10
4538.3, -43, -10
4538.4, -43, -10
4538.5, -43, -10
4538.6, -43, -10
4538.7, -43, -10
4538.8, -43, -10
4538.9, -43, -10
4539, -43, -10
4539.1, -43, -10
4539.2, -43, -10
4539.3, -43, -10
4539.4, -43, -10
4539.5, -43, -10
4539.6, -43, -10
4539.7, -43, -10
4539.8, -43, -10
4539.9, -43, -10
4540, -43, -10
4540.1, -42, -10
4540.2, -42, -10
4540.3, -42, -10
4540.4, -42, -10
4540.5, -42, -10
4540.6, -42, -10
4540.7, -42, -10
4540.8, -42, -10
4540.9, -42, -10
4541, -42, -10
4541.1, -43, -10
4541.2, -43, -10
4541.3, -44, -10
4541.4, -44, -10
4541.5, -44, -10
4541.6, -44, -10
4541.7, -44, -10
4541.8, -44, -10
4541.9, -44, -10
4542, -44, -10
4542.1, -44, -10
4542.2, -44, -10
4542.3, -44, -11
4542.4, -44, -11
4542.5, -44, -11
4542.6, -44, -11
4542.7, -44, -10
4542.8, -44, -10
4542.9, -44, -11
4543, -44, -11
4543.1, -44, -11
4543.2, -44, -11
4543.3, -44, -11
4543.4, -44, -11
4543.5, -44, -11
4543.6, -44, -11
4543.7, -44, -11
4543.8, -44, -11
4543.9, -44, -11
4544, -44, -11
4544.1, -44, -11
4544.2, -44, -11
4544.3, -44, -11
4544.4, -44, -11
4544.5, -44, -11
4544.6, -44, -11
4544.7, -44, -11
4544.8, -44, -11
4544.9, -44, -11
4545, -44, -11
4545.1, -44, -11
4545.2, -44, -11
4545.3, -44, -12
4545.4, -44, -12
4545.5, -44, -12
4545.6, -44, -12
4545.7, -44, -12
4545.8, -44, -12
4545.9, -44, -12
4546, -44, -12
4546.1, -44, -12
4546.2, -44, -12
4546.3, -44, -12
4546.4, -44, -12
4546.5, -44, -12
4546.6, -44, -12
4546.7, -44, -12
4546.8, -44, -12
4546.9, -44, -12
4547, -44, -12
4547.1, -44, -12
4547.2, -44, -12
4547.3, -44, -12
4547.4, -44, -12
4547.5, -44, -12
4547.6, -44, -12
4547.7, -44, -12
4547.8, -44, -12
4547.9, -44, -12
4548, -44, -12
4548.1, -44, -12
4548.2, -44, -12
4548.3, -44, -12
4548.4, -44, -12
4548.5, -44, -12
4548.6, -44, -12
4548.7, -44, -12
4548.8, -44, -12
4548.9, -44, -12
4549, -44, -12
4549.1, -44, -12
4549.2, -44, -12
4549.3, -44, -12
4549.4, -44, -12
4549.5, -44, -11
4549.6, -44, -11
4549.7, -44, -11
4549.8, -44, -11
4549.9, -44, -11
4550, -44, -11
4550.1, -44, -11
4550.2, -44, -11
4550.3, -44, -11
4550.4, -44, -11
4550.5, -44, -11
4550.6, -44, -11
4550.7, -44, -11
4550.8, -44, -11
4550.9, -44, -11
4551, -44, -11
4551.1, -44, -11
4551.2, -44, -11
4551.3, -44, -11
4551.4, -44, -11
4551.5, -44, -11
4551.6, -44, -11
4551.7, -44, -11
4551.8, -44, -11
4551.9, -44, -11
4552, -44, -11
4552.1, -44, -11
4552.2, -44, -11
4552.3, -44, -11
4552.4, -44, -11
4552.5, -44, -11
4552.6, -44, -11
4552.7, -44, -11
4552.8, -44, -11
4552.9, -44, -11
4553, -44, -11
4553.1, -44, -11
4553.2, -44, -11
4553.3, -44, -11
4553.4, -44, -11
4553.5, -44, -11
4553.6, -44, -11
4553.7, -44, -11
4553.8, -44, -11
4553.9, -44, -11
4554, -44, -11
4554.1, -44, -11
4554.2, -44, -11
4554.3, -44, -11
4554.4, -44, -11
4554.5, -44, -11
4554.6, -44, -11
4554.7, -44, -11
4554.8, -44, -11
4554.9, -44, -11
4555, -44, -11
4555.1, -44, -11
4555.2, -44, -11
4555.3, -43, -11
4555.4, -43, -11
4555.5, -43, -11
4555.6, -43, -11
4555.7, -43, -11
4555.8, -43, -11
4555.9, -43, -12
4556, -43, -12
4556.1, -43, -12
4556.2, -43, -12
4556.3, -43, -12
4556.4, -43, -12
4556.5, -43, -12
4556.6, -43, -12
4556.7, -43, -12
4556.8, -43, -12
4556.9, -43, -13
4557, -43, -13
4557.1, -43, -13
4557.2, -43, -13
4557.3, -43, -13
4557.4, -43, -13
4557.5, -43, -13
4557.6, -43, -13
4557.7, -43, -13
4557.8, -43, -13
4557.9, -43, -13
4558, -43, -13
4558.1, -43, -13
4558.2, -43, -13
4558.3, -43, -13
4558.4, -43, -13
4558.5, -43, -13
4558.6, -43, -13
4558.7, -43, -13
4558.8, -43, -13
4558.9, -43, -13
4559, -43, -13
4559.1, -43, -13
4559.2, -43, -13
4559.3, -43, -13
4559.4, -43, -13
4559.5, -43, -13
4559.6, -43, -13
4559.7, -43, -14
4559.8, -43, -14
4559.9, -43, -14
4560, -43, -14
4560.1, -43, -14
4560.2, -43, -14
4560.3, -43, -14
4560.4, -43, -14
4560.5, -43, -14
4560.6, -43, -14
4560.7, -43, -13
4560.8, -43, -13
4560.9, -43, -13
4561, -43, -13
4561.1, -43, -13
4561.2, -43, -13
4561.3, -43, -13
4561.4, -43, -13
4561.5, -43, -13
4561.6, -43, -13
4561.7, -43, -13
4561.8, -43, -13
4561.9, -43, -13
4562, -43, -13
4562.1, -43, -13
4562.2, -43, -13
4562.3, -43, -13
4562.4, -43, -13
4562.5, -43, -13
4562.6, -43, -13
4562.7, -43, -13
4562.8, -43, -13
4562.9, -43, -13
4563, -43, -13
4563.1, -43, -13
4563.2, -43, -13
4563.3, -43, -13
4563.4, -43, -13
4563.5, -43, -13
4563.6, -43, -13
4563.7, -43, -13
4563.8, -43, -13
4563.9, -43, -13
4564, -43, -13
4564.1, -43, -13
4564.2, -43, -13
4564.3, -43, -13
4564.4, -43, -13
4564.5, -43, -13
4564.6, -43, -13
4564.7, -43, -13
4564.8, -43, -13
4564.9, -43, -13
4565, -43, -13
4565.1, -43, -12
4565.2, -43, -12
4565.3, -43, -12
4565.4, -43, -12
4565.5, -42, -12
4565.6, -42, -12
4565.7, -42, -12
4565.8, -42, -12
4565.9, -42, -12
4566, -42, -12
4566.1, -42, -12
4566.2, -42, -12
4566.3, -42, -12
4566.4, -42, -12
4566.5, -42, -12
4566.6, -42, -12
4566.7, -42, -12
4566.8, -42, -12
4566.9, -42, -12
4567, -42, -12
4567.1, -42, -12
4567.2, -42, -12
4567.3, -43, -12
4567.4, -43, -12
4567.5, -43, -13
4567.6, -43, -13
4567.7, -43, -13
4567.8, -43, -13
4567.9, -43, -13
4568, -43, -13
4568.1, -44, -13
4568.2, -44, -13
4568.3, -44, -13
4568.4, -44, -13
4568.5, -44, -13
4568.6, -44, -13
4568.7, -44, -13
4568.8, -44, -13
4568.9, -44, -13
4569, -44, -13
4569.1, -44, -13
4569.2, -44, -13
4569.3, -44, -13
4569.4, -44, -13
4569.5, -44, -13
4569.6, -44, -13
4569.7, -44, -13
4569.8, -44, -13
4569.9, -44, -13
4570, -44, -13
4570.1, -44, -13
4570.2, -44, -13
4570.3, -44, -13
4570.4, -44, -13
4570.5, -44, -13
4570.6, -44, -13
4570.7, -44, -13
4570.8, -44, -13
4570.9, -44, -13
4571, -44, -13
4571.1, -44, -13
4571.2, -44, -13
4571.3, -44, -13
4571.4, -44, -13
4571.5, -44, -13
4571.6, -44, -13
4571.7, -43, -13
4571.8, -43, -13
4571.9, -43, -13
4572, -43, -13
4572.1, -43, -13
4572.2, -43, -13
4572.3, -43, -13
4572.4, -43, -13
4572.5, -43, -13
4572.6, -43, -13
4572.7, -43, -13
4572.8, -43, -13
4572.9, -43, -13
4573, -43, -13
4573.1, -43, -13
4573.2, -43, -13
4573.3, -43, -13
4573.4, -43, -13
4573.5, -43, -13
4573.6, -43, -13
4573.7, -43, -13
4573.8, -43, -13
4573.9, -43, -13
4574, -43, -13
4574.1, -43, -13
4574.2, -43, -13
4574.3, -43, -13
4574.4, -43, -13
4574.5, -43, -13
4574.6, -43, -13
4574.7, -43, -13
4574.8, -43, -13
4574.9, -43, -13
4575, -43, -13
4575.1, -43, -13
4575.2, -43, -13
4575.3, -43, -13
4575.4, -43, -13
4575.5, -43, -13
4575.6, -43, -13
4575.7, -43, -13
4575.8, -43, -13
4575.9, -43, -13
4576, -43, -13
4576.1, -43, -13
4576.2, -43, -13
4576.3, -43, -13
4576.4, -43, -13
4576.5, -43, -13
4576.6, -43, -13
4576.7, -43, -13
4576.8, -43, -13
4576.9, -43, -13
4577, -43, -13
4577.1, -43, -13
4577.2, -43, -13
4577.3, -43, -13
4577.4, -43, -13
4577.5, -43, -13
4577.6, -43, -13
4577.7, -43, -13
4577.8, -43, -13
4577.9, -43, -12
4578, -43, -12
4578.1, -43, -12
4578.2, -43, -12
4578.3, -43, -12
4578.4, -43, -12
4578.5, -43, -12
4578.6, -43, -12
4578.7, -43, -12
4578.8, -43, -12
4578.9, -43, -12
4579, -43, -12
4579.1, -43, -12
4579.2, -43, -12
4579.3, -43, -12
4579.4, -43, -12
4579.5, -43, -12
4579.6, -43, -12
4579.7, -44, -12
4579.8, -44, -12
4579.9, -44, -12
4580, -44, -12
4580.1, -44, -12
4580.2, -44, -12
4580.3, -44, -12
4580.4, -44, -12
4580.5, -44, -12
4580.6, -44, -12
4580.7, -44, -12
4580.8, -44, -12
4580.9, -44, -12
4581, -44, -12
4581.1, -44, -12
4581.2, -44, -12
4581.3, -44, -12
4581.4, -44, -12
4581.5, -44, -12
4581.6, -44, -12
4581.7, -44, -12
4581.8, -44, -12
4581.9, -44, -12
4582, -44, -12
4582.1, -44, -12
4582.2, -44, -12
4582.3, -44, -12
4582.4, -44, -12
4582.5, -44, -12
4582.6, -44, -12
4582.7, -44, -12
4582.8, -44, -12
4582.9, -44, -12
4583, -44, -12
4583.1, -44, -12
4583.2, -44, -12
4583.3, -44, -12
4583.4, -44, -12
4583.5, -44, -12
4583.6, -44, -12
4583.7, -44, -12
4583.8, -44, -12
4583.9, -44, -12
4584, -44, -12
4584.1, -43, -12
4584.2, -43, -12
4584.3, -42, -12
4584.4, -42, -12
4584.5, -42, -12
4584.6, -42, -12
4584.7, -42, -11
4584.8, -42, -11
4584.9, -42, -11
4585, -42, -11
4585.1, -42, -11
4585.2, -42, -11
4585.3, -42, -11
4585.4, -42, -11
4585.5, -42, -11
4585.6, -42, -11
4585.7, -42, -11
4585.8, -42, -11
4585.9, -41, -11
4586, -41, -11
4586.1, -41, -10
4586.2, -41, -10
4586.3, -41, -10
4586.4, -41, -10
4586.5, -41, -10
4586.6, -41, -10
4586.7, -41, -9
4586.8, -41, -9
4586.9, -41, -9
4587, -41, -9
4587.1, -41, -9
4587.2, -41, -9
4587.3, -41, -9
4587.4, -41, -9
4587.5, -40, -9
4587.6, -40, -9
4587.7, -40, -9
4587.8, -40, -9
4587.9, -40, -9
4588, -40, -9
4588.1, -40, -9
4588.2, -40, -9
4588.3, -40, -9
4588.4, -40, -9
4588.5, -40, -9
4588.6, -40, -9
4588.7, -40, -9
4588.8, -40, -9
4588.9, -40, -9
4589, -40, -9
4589.1, -40, -9
4589.2, -40, -9
4589.3, -40, -9
4589.4, -40, -9
4589.5, -40, -10
4589.6, -40, -10
4589.7, -40, -10
4589.8, -40, -10
4589.9, -39, -10
4590, -39, -10
4590.1, -39, -10
4590.2, -39, -10
4590.3, -39, -10
4590.4, -39, -10
4590.5, -39, -10
4590.6, -39, -10
4590.7, -39, -10
4590.8, -39, -10
4590.9, -39, -10
4591, -39, -10
4591.1, -39, -10
4591.2, -39, -10
4591.3, -39, -10
4591.4, -39, -10
4591.5, -39, -9
4591.6, -39, -9
4591.7, -40, -9
4591.8, -40, -9
4591.9, -40, -9
4592, -40, -9
4592.1, -40, -9
4592.2, -40, -9
4592.3, -40, -9
4592.4, -40, -9
4592.5, -40, -9
4592.6, -40, -9
4592.7, -40, -9
4592.8, -40, -9
4592.9, -39, -9
4593, -39, -9
4593.1, -39, -9
4593.2, -39, -9
4593.3, -39, -9
4593.4, -39, -9
4593.5, -39, -9
4593.6, -39, -9
4593.7, -39, -9
4593.8, -39, -9
4593.9, -39, -9
4594, -39, -9
4594.1, -39, -9
4594.2, -39, -9
4594.3, -39, -9
4594.4, -39, -9
4594.5, -39, -9
4594.6, -39, -9
4594.7, -39, -9
4594.8, -39, -9
4594.9, -39, -9
4595, -39, -9
4595.1, -39, -9
4595.2, -39, -9
4595.3, -39, -9
4595.4, -39, -9
4595.5, -39, -9
4595.6, -39, -9
4595.7, -39, -9
4595.8, -39, -9
4595.9, -39, -9
4596, -39, -9
4596.1, -39, -9
4596.2, -39, -9
4596.3, -39, -9
4596.4, -39, -9
4596.5, -39, -9
4596.6, -39, -9
4596.7, -39, -9
4596.8, -39, -9
4596.9, -39, -9
4597, -39, -9
4597.1, -39, -9
4597.2, -39, -9
4597.3, -39, -9
4597.4, -39, -9
4597.5, -39, -9
4597.6, -39, -9
4597.7, -39, -9
4597.8, -39, -9
4597.9, -39, -9
4598, -39, -9
4598.1, -39, -9
4598.2, -39, -9
4598.3, -39, -9
4598.4, -39, -9
4598.5, -39, -9
4598.6, -39, -9
4598.7, -39, -9
4598.8, -39, -9
4598.9, -39, -9
4599, -39, -9
4599.1, -39, -9
4599.2, -39, -9
4599.3, -39, -10
4599.4, -39, -10
4599.5, -39, -10
4599.6, -39, -10
4599.7, -39, -10
4599.8, -39, -10
4599.9, -39, -10
4600, -39, -10
4600.1, -39, -10
4600.2, -39, -10
4600.3, -39, -10
4600.4, -39, -10
4600.5, -39, -10
4600.6, -39, -10
4600.7, -39, -10
4600.8, -39, -10
4600.9, -39, -10
4601, -39, -10
4601.1, -39, -10
4601.2, -39, -10
4601.3, -39, -10
4601.4, -39, -10
4601.5, -39, -10
4601.6, -39, -10
4601.7, -39, -10
4601.8, -39, -10
4601.9, -39, -10
4602, -39, -10
4602.1, -39, -10
4602.2, -39, -10
4602.3, -39, -10
4602.4, -39, -10
4602.5, -39, -10
4602.6, -39, -10
4602.7, -39, -10
4602.8, -39, -10
4602.9, -39, -10
4603, -39, -10
4603.1, -39, -10
4603.2, -39, -10
4603.3, -39, -10
4603.4, -39, -10
4603.5, -39, -10
4603.6, -39, -10
4603.7, -39, -10
4603.8, -39, -10
4603.9, -39, -10
4604, -39, -10
4604.1, -38, -10
4604.2, -38, -10
4604.3, -38, -10
4604.4, -38, -10
4604.5, -38, -10
4604.6, -38, -10
4604.7, -38, -10
4604.8, -38, -10
4604.9, -38, -10
4605, -38, -10
4605.1, -38, -10
4605.2, -38, -10
4605.3, -38, -10
4605.4, -38, -10
4605.5, -38, -10
4605.6, -38, -10
4605.7, -38, -10
4605.8, -38, -10
4605.9, -38, -10
4606, -38, -10
4606.1, -38, -10
4606.2, -38, -10
4606.3, -38, -10
4606.4, -38, -10
4606.5, -38, -10
4606.6, -38, -10
4606.7, -38, -10
4606.8, -38, -10
4606.9, -38, -10
4607, -38, -10
4607.1, -38, -10
4607.2, -38, -10
4607.3, -38, -10
4607.4, -38, -10
4607.5, -38, -9
4607.6, -38, -9
4607.7, -38, -9
4607.8, -38, -9
4607.9, -38, -9
4608, -38, -9
4608.1, -38, -9
4608.2, -38, -9
4608.3, -38, -9
4608.4, -38, -9
4608.5, -38, -9
4608.6, -38, -9
4608.7, -38, -9
4608.8, -38, -9
4608.9, -38, -9
4609, -38, -9
4609.1, -38, -8
4609.2, -38, -8
4609.3, -39, -8
4609.4, -39, -8
4609.5, -39, -8
4609.6, -39, -8
4609.7, -39, -8
4609.8, -39, -8
4609.9, -39, -8
4610, -39, -8
4610.1, -39, -8
4610.2, -39, -8
4610.3, -38, -8
4610.4, -38, -8
4610.5, -38, -8
4610.6, -38, -8
4610.7, -38, -8
4610.8, -38, -8
4610.9, -38, -8
4611, -38, -8
4611.1, -38, -8
4611.2, -38, -8
4611.3, -38, -8
4611.4, -38, -8
4611.5, -38, -9
4611.6, -38, -9
4611.7, -38, -9
4611.8, -38, -9
4611.9, -38, -9
4612, -38, -9
4612.1, -38, -9
4612.2, -38, -9
4612.3, -38, -9
4612.4, -38, -9
4612.5, -38, -9
4612.6, -38, -9
4612.7, -38, -9
4612.8, -38, -9
4612.9, -38, -9
4613, -38, -9
4613.1, -38, -10
4613.2, -38, -10
4613.3, -38, -10
4613.4, -38, -10
4613.5, -38, -10
4613.6, -38, -10
4613.7, -38, -10
4613.8, -38, -10
4613.9, -38, -10
4614, -38, -10
4614.1, -38, -10
4614.2, -38, -10
4614.3, -38, -10
4614.4, -38, -10
4614.5, -38, -10
4614.6, -38, -10
4614.7, -38, -10
4614.8, -38, -10
4614.9, -38, -10
4615, -38, -10
4615.1, -38, -10
4615.2, -38, -10
4615.3, -38, -10
4615.4, -38, -10
4615.5, -38, -10
4615.6, -38, -10
4615.7, -38, -10
4615.8, -38, -10
4615.9, -38, -10
4616, -38, -10
4616.1, -38, -10
4616.2, -38, -10
4616.3, -38, -10
4616.4, -38, -10
4616.5, -38, -10
4616.6, -38, -10
4616.7, -38, -10
4616.8, -38, -10
4616.9, -38, -10
4617, -38, -10
4617.1, -38, -10
4617.2, -38, -10
4617.3, -38, -10
4617.4, -38, -10
4617.5, -38, -10
4617.6, -38, -10
4617.7, -38, -11
4617.8, -38, -11
4617.9, -38, -11
4618, -38, -11
4618.1, -38, -11
4618.2, -38, -11
4618.3, -38, -11
4618.4, -38, -11
4618.5, -38, -11
4618.6, -38, -11
4618.7, -39, -11
4618.8, -39, -11
4618.9, -39, -11
4619, -39, -11
4619.1, -39, -11
4619.2, -39, -11
4619.3, -39, -11
4619.4, -39, -11
4619.5, -39, -11
4619.6, -39, -11
4619.7, -38, -11
4619.8, -38, -11
4619.9, -38, -11
4620, -38, -11
4620.1, -38, -11
4620.2, -38, -11
4620.3, -38, -11
4620.4, -38, -11
4620.5, -38, -11
4620.6, -38, -11
4620.7, -38, -11
4620.8, -38, -11
4620.9, -38, -11
4621, -38, -11
4621.1, -38, -11
4621.2, -38, -11
4621.3, -38, -11
4621.4, -38, -11
4621.5, -39, -11
4621.6, -39, -11
4621.7, -39, -11
4621.8, -39, -11
4621.9, -39, -11
4622, -39, -11
4622.1, -39, -11
4622.2, -39, -11
4622.3, -39, -11
4622.4, -39, -11
4622.5, -39, -11
4622.6, -39, -11
4622.7, -39, -11
4622.8, -39, -11
4622.9, -39, -11
4623, -39, -11
4623.1, -38, -11
4623.2, -38, -11
4623.3, -38, -11
4623.4, -38, -11
4623.5, -38, -11
4623.6, -38, -11
4623.7, -38, -11
4623.8, -38, -11
4623.9, -38, -11
4624, -38, -11
4624.1, -38, -11
4624.2, -38, -11
4624.3, -38, -11
4624.4, -38, -11
4624.5, -38, -11
4624.6, -38, -11
4624.7, -38, -11
4624.8, -38, -11
4624.9, -38, -11
4625, -38, -11
4625.1, -38, -11
4625.2, -38, -11
4625.3, -38, -11
4625.4, -38, -11
4625.5, -38, -11
4625.6, -38, -11
4625.7, -38, -11
4625.8, -38, -11
4625.9, -38, -11
4626, -38, -11
4626.1, -38, -11
4626.2, -38, -11
4626.3, -38, -11
4626.4, -38, -11
4626.5, -38, -12
4626.6, -38, -12
4626.7, -39, -12
4626.8, -39, -12
4626.9, -39, -11
4627, -39, -11
4627.1, -39, -11
4627.2, -39, -11
4627.3, -39, -11
4627.4, -39, -11
4627.5, -39, -11
4627.6, -39, -11
4627.7, -39, -11
4627.8, -39, -11
4627.9, -39, -11
4628, -39, -11
4628.1, -39, -11
4628.2, -39, -11
4628.3, -40, -11
4628.4, -40, -11
4628.5, -40, -10
4628.6, -40, -10
4628.7, -40, -10
4628.8, -40, -10
4628.9, -40, -10
4629, -40, -10
4629.1, -40, -10
4629.2, -40, -10
4629.3, -40, -9
4629.4, -40, -9
4629.5, -39, -9
4629.6, -39, -9
4629.7, -39, -9
4629.8, -39, -9
4629.9, -40, -9
4630, -40, -9
4630.1, -40, -9
4630.2, -40, -9
4630.3, -40, -9
4630.4, -40, -9
4630.5, -40, -9
4630.6, -40, -9
4630.7, -40, -9
4630.8, -40, -9
4630.9, -40, -9
4631, -40, -9
4631.1, -40, -9
4631.2, -40, -9
4631.3, -40, -9
4631.4, -40, -9
4631.5, -40, -9
4631.6, -40, -9
4631.7, -40, -9
4631.8, -40, -9
4631.9, -40, -9
4632, -40, -9
4632.1, -40, -9
4632.2, -40, -9
4632.3, -40, -10
4632.4, -40, -10
4632.5, -40, -10
4632.6, -40, -10
4632.7, -40, -10
4632.8, -40, -10
4632.9, -40, -10
4633, -40, -10
4633.1, -40, -10
4633.2, -40, -10
4633.3, -40, -11
4633.4, -40, -11
4633.5, -40, -11
4633.6, -40, -11
4633.7, -40, -11
4633.8, -40, -11
4633.9, -40, -11
4634, -40, -11
4634.1, -40, -11
4634.2, -40, -11
4634.3, -40, -11
4634.4, -40, -11
4634.5, -40, -11
4634.6, -40, -11
4634.7, -40, -11
4634.8, -40, -11
4634.9, -40, -11
4635, -40, -11
4635.1, -40, -11
4635.2, -40, -11
4635.3, -40, -11
4635.4, -40, -11
4635.5, -40, -11
4635.6, -40, -11
4635.7, -40, -11
4635.8, -40, -11
4635.9, -40, -11
4636, -40, -11
4636.1, -40, -11
4636.2, -40, -11
4636.3, -40, -11
4636.4, -40, -11
4636.5, -41, -11
4636.6, -41, -11
4636.7, -41, -11
4636.8, -41, -11
4636.9, -41, -11
4637, -41, -11
4637.1, -41, -11
4637.2, -41, -11
4637.3, -41, -11
4637.4, -41, -11
4637.5, -41, -11
4637.6, -41, -11
4637.7, -41, -11
4637.8, -41, -11
4637.9, -41, -11
4638, -41, -11
4638.1, -41, -11
4638.2, -41, -11
4638.3, -41, -11
4638.4, -41, -11
4638.5, -41, -11
4638.6, -41, -11
4638.7, -41, -11
4638.8, -41, -11
4638.9, -41, -11
4639, -41, -11
4639.1, -41, -11
4639.2, -41, -11
4639.3, -41, -11
4639.4, -41, -11
4639.5, -41, -11
4639.6, -41, -11
4639.7, -41, -11
4639.8, -41, -11
4639.9, -41, -11
4640, -41, -11
4640.1, -41, -11
4640.2, -41, -11
4640.3, -41, -11
4640.4, -41, -11
4640.5, -41, -11
4640.6, -41, -11
4640.7, -41, -11
4640.8, -41, -11
4640.9, -42, -11
4641, -42, -11
4641.1, -42, -11
4641.2, -42, -11
4641.3, -42, -11
4641.4, -42, -11
4641.5, -42, -11
4641.6, -42, -11
4641.7, -42, -11
4641.8, -42, -11
4641.9, -42, -11
4642, -42, -11
4642.1, -42, -11
4642.2, -42, -11
4642.3, -42, -11
4642.4, -42, -11
4642.5, -42, -11
4642.6, -42, -11
4642.7, -41, -11
4642.8, -41, -11
4642.9, -41, -11
4643, -41, -11
4643.1, -41, -11
4643.2, -41, -11
4643.3, -41, -11
4643.4, -41, -11
4643.5, -41, -11
4643.6, -41, -11
4643.7, -41, -11
4643.8, -41, -11
4643.9, -41, -11
4644, -41, -11
4644.1, -41, -11
4644.2, -41, -11
4644.3, -41, -11
4644.4, -41, -11
4644.5, -41, -11
4644.6, -41, -11
4644.7, -41, -11
4644.8, -41, -11
4644.9, -41, -11
4645, -41, -11
4645.1, -41, -11
4645.2, -41, -11
4645.3, -41, -11
4645.4, -41, -11
4645.5, -41, -11
4645.6, -41, -11
4645.7, -41, -11
4645.8, -41, -11
4645.9, -41, -11
4646, -41, -11
4646.1, -41, -11
4646.2, -41, -11
4646.3, -41, -11
4646.4, -41, -11
4646.5, -41, -11
4646.6, -41, -11
4646.7, -41, -11
4646.8, -41, -11
4646.9, -41, -11
4647, -41, -11
4647.1, -41, -11
4647.2, -41, -11
4647.3, -41, -10
4647.4, -41, -10
4647.5, -41, -10
4647.6, -41, -10
4647.7, -41, -10
4647.8, -41, -10
4647.9, -41, -10
4648, -41, -10
4648.1, -41, -10
4648.2, -41, -10
4648.3, -41, -10
4648.4, -41, -10
4648.5, -41, -10
4648.6, -41, -10
4648.7, -41, -10
4648.8, -41, -10
4648.9, -41, -10
4649, -41, -10
4649.1, -41, -10
4649.2, -41, -10
4649.3, -41, -10
4649.4, -41, -10
4649.5, -41, -10
4649.6, -41, -10
4649.7, -41, -10
4649.8, -41, -10
4649.9, -41, -10
4650, -41, -10
4650.1, -41, -10
4650.2, -41, -10
4650.3, -41, -10
4650.4, -41, -10
4650.5, -41, -10
4650.6, -41, -10
4650.7, -41, -10
4650.8, -41, -10
4650.9, -41, -10
4651, -41, -10
4651.1, -41, -10
4651.2, -41, -10
4651.3, -41, -10
4651.4, -41, -10
4651.5, -41, -10
4651.6, -41, -10
4651.7, -41, -10
4651.8, -41, -10
4651.9, -41, -10
4652, -41, -10
4652.1, -41, -10
4652.2, -41, -10
4652.3, -41, -10
4652.4, -41, -10
4652.5, -41, -10
4652.6, -41, -10
4652.7, -41, -10
4652.8, -41, -10
4652.9, -41, -10
4653, -41, -10
4653.1, -41, -10
4653.2, -41, -10
4653.3, -41, -10
4653.4, -41, -10
4653.5, -41, -10
4653.6, -41, -10
4653.7, -41, -10
4653.8, -41, -10
4653.9, -41, -10
4654, -41, -10
4654.1, -41, -10
4654.2, -41, -10
4654.3, -41, -10
4654.4, -41, -10
4654.5, -41, -10
4654.6, -41, -10
4654.7, -41, -10
4654.8, -41, -10
4654.9, -41, -10
4655, -41, -10
4655.1, -41, -10
4655.2, -41, -10
4655.3, -41, -10
4655.4, -41, -10
4655.5, -41, -10
4655.6, -41, -10
4655.7, -41, -10
4655.8, -41, -10
4655.9, -42, -10
4656, -42, -10
4656.1, -42, -10
4656.2, -42, -10
4656.3, -42, -10
4656.4, -42, -10
4656.5, -42, -10
4656.6, -42, -10
4656.7, -42, -10
4656.8, -42, -10
4656.9, -42, -10
4657, -42, -10
4657.1, -42, -10
4657.2, -42, -10
4657.3, -42, -10
4657.4, -42, -10
4657.5, -42, -10
4657.6, -42, -10
4657.7, -42, -11
4657.8, -42, -11
4657.9, -42, -11
4658, -42, -11
4658.1, -42, -10
4658.2, -42, -10
4658.3, -42, -10
4658.4, -42, -10
4658.5, -42, -11
4658.6, -42, -11
4658.7, -42, -11
4658.8, -42, -11
4658.9, -42, -10
4659, -42, -10
4659.1, -42, -10
4659.2, -42, -10
4659.3, -42, -9
4659.4, -42, -9
4659.5, -42, -9
4659.6, -42, -9
4659.7, -42, -9
4659.8, -42, -9
4659.9, -42, -9
4660, -42, -9
4660.1, -42, -9
4660.2, -42, -9
4660.3, -42, -9
4660.4, -42, -9
4660.5, -42, -9
4660.6, -42, -9
4660.7, -42, -9
4660.8, -42, -9
4660.9, -42, -9
4661, -42, -9
4661.1, -42, -9
4661.2, -42, -9
4661.3, -42, -9
4661.4, -42, -9
4661.5, -42, -9
4661.6, -42, -9
4661.7, -42, -9
4661.8, -42, -9
4661.9, -42, -9
4662, -42, -9
4662.1, -42, -9
4662.2, -42, -9
4662.3, -42, -9
4662.4, -42, -9
4662.5, -42, -10
4662.6, -42, -10
4662.7, -42, -10
4662.8, -42, -10
4662.9, -42, -10
4663, -42, -10
4663.1, -43, -10
4663.2, -43, -10
4663.3, -43, -10
4663.4, -43, -10
4663.5, -43, -10
4663.6, -43, -10
4663.7, -43, -10
4663.8, -43, -10
4663.9, -43, -10
4664, -43, -10
4664.1, -43, -10
4664.2, -43, -10
4664.3, -43, -11
4664.4, -43, -11
4664.5, -44, -11
4664.6, -44, -11
4664.7, -44, -11
4664.8, -44, -11
4664.9, -44, -11
4665, -44, -11
4665.1, -44, -11
4665.2, -44, -11
4665.3, -44, -11
4665.4, -44, -11
4665.5, -44, -11
4665.6, -44, -11
4665.7, -44, -11
4665.8, -44, -11
4665.9, -45, -11
4666, -45, -11
4666.1, -45, -11
4666.2, -45, -11
4666.3, -45, -11
4666.4, -45, -11
4666.5, -45, -11
4666.6, -45, -11
4666.7, -45, -11
4666.8, -45, -11
4666.9, -45, -11
4667, -45, -11
4667.1, -45, -11
4667.2, -45, -11
4667.3, -45, -11
4667.4, -45, -11
4667.5, -45, -11
4667.6, -45, -11
4667.7, -45, -11
4667.8, -45, -11
4667.9, -45, -11
4668, -45, -11
4668.1, -45, -11
4668.2, -45, -11
4668.3, -45, -11
4668.4, -45, -11
4668.5, -45, -11
4668.6, -45, -11
4668.7, -45, -12
4668.8, -45, -12
4668.9, -45, -12
4669, -45, -12
4669.1, -45, -12
4669.2, -45, -12
4669.3, -45, -12
4669.4, -45, -12
4669.5, -45, -12
4669.6, -45, -12
4669.7, -45, -11
4669.8, -45, -11
4669.9, -45, -11
4670, -45, -11
4670.1, -45, -11
4670.2, -45, -11
4670.3, -46, -11
4670.4, -46, -11
4670.5, -46, -11
4670.6, -46, -11
4670.7, -46, -11
4670.8, -46, -11
4670.9, -46, -11
4671, -46, -11
4671.1, -46, -11
4671.2, -46, -11
4671.3, -47, -11
4671.4, -47, -11
4671.5, -48, -11
4671.6, -48, -11
4671.7, -48, -11
4671.8, -48, -11
4671.9, -48, -11
4672, -48, -11
4672.1, -48, -11
4672.2, -48, -11
4672.3, -48, -11
4672.4, -48, -11
4672.5, -48, -11
4672.6, -48, -11
4672.7, -48, -11
4672.8, -48, -11
4672.9, -48, -11
4673, -48, -11
4673.1, -48, -11
4673.2, -48, -11
4673.3, -48, -11
4673.4, -48, -11
4673.5, -48, -11
4673.6, -48, -11
4673.7, -48, -11
4673.8, -48, -11
4673.9, -48, -11
4674, -48, -11
4674.1, -49, -11
4674.2, -49, -11
4674.3, -49, -11
4674.4, -49, -11
4674.5, -49, -11
4674.6, -49, -11
4674.7, -49, -11
4674.8, -49, -11
4674.9, -49, -11
4675, -49, -11
4675.1, -49, -12
4675.2, -49, -12
4675.3, -49, -12
4675.4, -49, -12
4675.5, -49, -12
4675.6, -49, -12
4675.7, -49, -12
4675.8, -49, -12
4675.9, -49, -12
4676, -49, -12
4676.1, -49, -12
4676.2, -49, -12
4676.3, -49, -12
4676.4, -49, -12
4676.5, -49, -12
4676.6, -49, -12
4676.7, -49, -12
4676.8, -49, -12
4676.9, -49, -12
4677, -49, -12
4677.1, -49, -12
4677.2, -49, -12
4677.3, -49, -12
4677.4, -49, -12
4677.5, -49, -12
4677.6, -49, -12
4677.7, -49, -12
4677.8, -49, -12
4677.9, -49, -12
4678, -49, -12
4678.1, -49, -12
4678.2, -49, -12
4678.3, -50, -12
4678.4, -50, -12
4678.5, -50, -12
4678.6, -50, -12
4678.7, -50, -12
4678.8, -50, -12
4678.9, -50, -12
4679, -50, -12
4679.1, -50, -12
4679.2, -50, -12
4679.3, -50, -12
4679.4, -50, -12
4679.5, -50, -12
4679.6, -50, -12
4679.7, -50, -12
4679.8, -50, -12
4679.9, -50, -13
4680, -50, -13
4680.1, -50, -13
4680.2, -50, -13
4680.3, -50, -13
4680.4, -50, -13
4680.5, -50, -13
4680.6, -50, -13
4680.7, -50, -13
4680.8, -50, -13
4680.9, -50, -13
4681, -50, -13
4681.1, -50, -13
4681.2, -50, -13
4681.3, -50, -14
4681.4, -50, -14
4681.5, -50, -14
4681.6, -50, -14
4681.7, -50, -14
4681.8, -50, -14
4681.9, -50, -14
4682, -50, -14
4682.1, -50, -14
4682.2, -50, -14
4682.3, -50, -14
4682.4, -50, -14
4682.5, -50, -14
4682.6, -50, -14
4682.7, -50, -14
4682.8, -50, -14
4682.9, -50, -14
4683, -50, -14
4683.1, -50, -14
4683.2, -50, -14
4683.3, -50, -14
4683.4, -50, -14
4683.5, -49, -14
4683.6, -49, -14
4683.7, -49, -14
4683.8, -49, -14
4683.9, -49, -14
4684, -49, -14
4684.1, -49, -13
4684.2, -49, -13
4684.3, -49, -13
4684.4, -49, -13
4684.5, -49, -13
4684.6, -49, -13
4684.7, -49, -13
4684.8, -49, -13
4684.9, -49, -13
4685, -49, -13
4685.1, -49, -13
4685.2, -49, -13
4685.3, -49, -13
4685.4, -49, -13
4685.5, -49, -13
4685.6, -49, -13
4685.7, -49, -13
4685.8, -49, -13
4685.9, -49, -13
4686, -49, -13
4686.1, -49, -13
4686.2, -49, -13
4686.3, -49, -13
4686.4, -49, -13
4686.5, -49, -13
4686.6, -49, -13
4686.7, -49, -13
4686.8, -49, -13
4686.9, -49, -13
4687, -49, -13
4687.1, -49, -13
4687.2, -49, -13
4687.3, -49, -13
4687.4, -49, -13
4687.5, -49, -13
4687.6, -49, -13
4687.7, -49, -13
4687.8, -49, -13
4687.9, -49, -13
4688, -49, -13
4688.1, -49, -13
4688.2, -49, -13
4688.3, -49, -13
4688.4, -49, -13
4688.5, -49, -13
4688.6, -49, -13
4688.7, -49, -13
4688.8, -49, -13
4688.9, -49, -13
4689, -49, -13
4689.1, -49, -13
4689.2, -49, -13
4689.3, -49, -13
4689.4, -49, -13
4689.5, -49, -13
4689.6, -49, -13
4689.7, -49, -13
4689.8, -49, -13
4689.9, -49, -13
4690, -49, -13
4690.1, -49, -13
4690.2, -49, -13
4690.3, -49, -13
4690.4, -49, -13
4690.5, -49, -13
4690.6, -49, -13
4690.7, -49, -13
4690.8, -49, -13
4690.9, -49, -13
4691, -49, -13
4691.1, -49, -13
4691.2, -49, -13
4691.3, -49, -13
4691.4, -49, -13
4691.5, -49, -13
4691.6, -49, -13
4691.7, -49, -13
4691.8, -49, -13
4691.9, -50, -13
4692, -50, -13
4692.1, -50, -13
4692.2, -50, -13
4692.3, -50, -13
4692.4, -50, -13
4692.5, -50, -13
4692.6, -50, -13
4692.7, -50, -13
4692.8, -50, -13
4692.9, -50, -13
4693, -50, -13
4693.1, -50, -13
4693.2, -50, -13
4693.3, -50, -14
4693.4, -50, -14
4693.5, -50, -14
4693.6, -50, -14
4693.7, -50, -14
4693.8, -50, -14
4693.9, -50, -14
4694, -50, -14
4694.1, -50, -13
4694.2, -50, -13
4694.3, -50, -14
4694.4, -50, -14
4694.5, -50, -14
4694.6, -50, -14
4694.7, -50, -15
4694.8, -50, -15
4694.9, -50, -15
4695, -50, -15
4695.1, -50, -15
4695.2, -50, -15
4695.3, -50, -15
4695.4, -50, -15
4695.5, -50, -15
4695.6, -50, -15
4695.7, -50, -16
4695.8, -50, -16
4695.9, -50, -16
4696, -50, -16
4696.1, -50, -16
4696.2, -50, -16
4696.3, -50, -16
4696.4, -50, -16
4696.5, -50, -16
4696.6, -50, -16
4696.7, -49, -16
4696.8, -49, -16
4696.9, -49, -16
4697, -49, -16
4697.1, -49, -16
4697.2, -49, -16
4697.3, -49, -16
4697.4, -49, -16
4697.5, -49, -16
4697.6, -49, -16
4697.7, -49, -16
4697.8, -49, -16
4697.9, -49, -16
4698, -49, -16
4698.1, -49, -16
4698.2, -49, -16
4698.3, -49, -16
4698.4, -49, -16
4698.5, -49, -16
4698.6, -49, -16
4698.7, -49, -16
4698.8, -49, -16
4698.9, -49, -16
4699, -49, -16
4699.1, -49, -16
4699.2, -49, -16
4699.3, -49, -16
4699.4, -49, -16
4699.5, -49, -16
4699.6, -49, -16
4699.7, -49, -16
4699.8, -49, -16
4699.9, -49, -16
4700, -49, -16
4700.1, -49, -16
4700.2, -49, -16
4700.3, -49, -16
4700.4, -49, -16
4700.5, -49, -16
4700.6, -49, -16
4700.7, -49, -16
4700.8, -49, -16
4700.9, -49, -16
4701, -49, -16
4701.1, -50, -16
4701.2, -50, -16
4701.3, -50, -16
4701.4, -50, -16
4701.5, -50, -16
4701.6, -50, -16
4701.7, -49, -16
4701.8, -49, -16
4701.9, -49, -16
4702, -49, -16
4702.1, -49, -16
4702.2, -49, -16
4702.3, -49, -16
4702.4, -49, -16
4702.5, -49, -16
4702.6, -49, -16
4702.7, -49, -16
4702.8, -49, -16
4702.9, -49, -16
4703, -49, -16
4703.1, -49, -16
4703.2, -49, -16
4703.3, -49, -16
4703.4, -49, -16
4703.5, -49, -16
4703.6, -49, -16
4703.7, -49, -16
4703.8, -49, -16
4703.9, -49, -16
4704, -49, -16
4704.1, -49, -16
4704.2, -49, -16
4704.3, -49, -16
4704.4, -49, -16
4704.5, -49, -17
4704.6, -49, -17
4704.7, -49, -17
4704.8, -49, -17
4704.9, -49, -17
4705, -49, -17
4705.1, -49, -17
4705.2, -49, -17
4705.3, -49, -17
4705.4, -49, -17
4705.5, -49, -17
4705.6, -49, -17
4705.7, -49, -17
4705.8, -49, -17
4705.9, -49, -17
4706, -49, -17
4706.1, -49, -17
4706.2, -49, -17
4706.3, -49, -17
4706.4, -49, -17
4706.5, -49, -17
4706.6, -49, -17
4706.7, -50, -17
4706.8, -50, -17
4706.9, -50, -16
4707, -50, -16
4707.1, -50, -16
4707.2, -50, -16
4707.3, -50, -16
4707.4, -50, -16
4707.5, -50, -16
4707.6, -50, -16
4707.7, -50, -16
4707.8, -50, -16
4707.9, -50, -16
4708, -50, -16
4708.1, -50, -16
4708.2, -50, -16
4708.3, -50, -16
4708.4, -50, -16
4708.5, -50, -16
4708.6, -50, -16
4708.7, -50, -16
4708.8, -50, -16
4708.9, -50, -16
4709, -50, -16
4709.1, -50, -16
4709.2, -50, -16
4709.3, -50, -16
4709.4, -50, -16
4709.5, -50, -16
4709.6, -50, -16
4709.7, -50, -16
4709.8, -50, -16
4709.9, -50, -16
4710, -50, -16
4710.1, -50, -16
4710.2, -50, -16
4710.3, -50, -16
4710.4, -50, -16
4710.5, -50, -16
4710.6, -50, -16
4710.7, -49, -16
4710.8, -49, -16
4710.9, -49, -16
4711, -49, -16
4711.1, -50, -16
4711.2, -50, -16
4711.3, -50, -16
4711.4, -50, -16
4711.5, -50, -16
4711.6, -50, -16
4711.7, -50, -16
4711.8, -50, -16
4711.9, -50, -16
4712, -50, -16
4712.1, -50, -16
4712.2, -50, -16
4712.3, -50, -16
4712.4, -50, -16
4712.5, -50, -16
4712.6, -50, -16
4712.7, -50, -16
4712.8, -50, -16
4712.9, -50, -16
4713, -50, -16
4713.1, -50, -16
4713.2, -50, -16
4713.3, -50, -16
4713.4, -50, -16
4713.5, -50, -16
4713.6, -50, -16
4713.7, -50, -16
4713.8, -50, -16
4713.9, -50, -16
4714, -50, -16
4714.1, -50, -16
4714.2, -50, -16
4714.3, -50, -16
4714.4, -50, -16
4714.5, -50, -16
4714.6, -50, -16
4714.7, -50, -16
4714.8, -50, -16
4714.9, -50, -17
4715, -50, -17
4715.1, -50, -17
4715.2, -50, -17
4715.3, -50, -17
4715.4, -50, -17
4715.5, -50, -17
4715.6, -50, -17
4715.7, -50, -17
4715.8, -50, -17
4715.9, -50, -17
4716, -50, -17
4716.1, -50, -17
4716.2, -50, -17
4716.3, -50, -17
4716.4, -50, -17
4716.5, -50, -17
4716.6, -50, -17
4716.7, -50, -17
4716.8, -50, -17
4716.9, -50, -17
4717, -50, -17
4717.1, -50, -17
4717.2, -50, -17
4717.3, -50, -17
4717.4, -50, -17
4717.5, -50, -17
4717.6, -50, -17
4717.7, -50, -17
4717.8, -50, -17
4717.9, -50, -17
4718, -50, -17
4718.1, -50, -17
4718.2, -50, -17
4718.3, -50, -17
4718.4, -50, -17
4718.5, -50, -17
4718.6, -50, -17
4718.7, -50, -17
4718.8, -50, -17
4718.9, -50, -17
4719, -50, -17
4719.1, -50, -17
4719.2, -50, -17
4719.3, -50, -17
4719.4, -50, -17
4719.5, -50, -17
4719.6, -50, -17
4719.7, -50, -17
4719.8, -50, -17
4719.9, -50, -17
4720, -50, -17
4720.1, -50, -17
4720.2, -50, -17
4720.3, -50, -17
4720.4, -50, -17
4720.5, -50, -17
4720.6, -50, -17
4720.7, -50, -17
4720.8, -50, -17
4720.9, -50, -17
4721, -50, -17
4721.1, -50, -17
4721.2, -50, -17
4721.3, -50, -16
4721.4, -50, -16
4721.5, -50, -16
4721.6, -50, -16
4721.7, -50, -16
4721.8, -50, -16
4721.9, -50, -16
4722, -50, -16
4722.1, -50, -16
4722.2, -50, -16
4722.3, -50, -16
4722.4, -50, -16
4722.5, -50, -16
4722.6, -50, -16
4722.7, -50, -16
4722.8, -50, -16
4722.9, -50, -16
4723, -50, -16
4723.1, -50, -16
4723.2, -50, -16
4723.3, -50, -16
4723.4, -50, -16
4723.5, -49, -16
4723.6, -49, -16
4723.7, -49, -16
4723.8, -49, -16
4723.9, -49, -16
4724, -49, -16
4724.1, -48, -16
4724.2, -48, -16
4724.3, -48, -16
4724.4, -48, -16
4724.5, -48, -16
4724.6, -48, -16
4724.7, -47, -16
4724.8, -47, -16
4724.9, -47, -16
4725, -47, -16
4725.1, -47, -16
4725.2, -47, -16
4725.3, -47, -16
4725.4, -47, -16
4725.5, -47, -16
4725.6, -47, -16
4725.7, -47, -16
4725.8, -47, -16
4725.9, -47, -16
4726, -47, -16
4726.1, -47, -16
4726.2, -47, -16
4726.3, -47, -16
4726.4, -47, -16
4726.5, -47, -16
4726.6, -47, -16
4726.7, -47, -16
4726.8, -47, -16
4726.9, -47, -16
4727, -47, -16
4727.1, -47, -16
4727.2, -47, -16
4727.3, -47, -16
4727.4, -47, -16
4727.5, -47, -16
4727.6, -47, -16
4727.7, -47, -16
4727.8, -47, -16
4727.9, -47, -16
4728, -47, -16
4728.1, -47, -16
4728.2, -47, -16
4728.3, -47, -16
4728.4, -47, -16
4728.5, -46, -16
4728.6, -46, -16
4728.7, -46, -16
4728.8, -46, -16
4728.9, -46, -16
4729, -46, -16
4729.1, -46, -16
4729.2, -46, -16
4729.3, -46, -16
4729.4, -46, -16
4729.5, -46, -16
4729.6, -46, -16
4729.7, -46, -16
4729.8, -46, -16
4729.9, -46, -16
4730, -46, -16
4730.1, -46, -16
4730.2, -46, -16
4730.3, -46, -16
4730.4, -46, -16
4730.5, -46, -16
4730.6, -46, -16
4730.7, -46, -16
4730.8, -46, -16
4730.9, -46, -16
4731, -46, -16
4731.1, -46, -16
4731.2, -46, -16
4731.3, -46, -16
4731.4, -46, -16
4731.5, -46, -16
4731.6, -46, -16
4731.7, -46, -16
4731.8, -46, -16
4731.9, -46, -16
4732, -46, -16
4732.1, -46, -16
4732.2, -46, -16
4732.3, -46, -16
4732.4, -46, -16
4732.5, -46, -16
4732.6, -46, -16
4732.7, -46, -16
4732.8, -46, -16
4732.9, -46, -16
4733, -46, -16
4733.1, -46, -16
4733.2, -46, -16
4733.3, -46, -16
4733.4, -46, -16
4733.5, -46, -16
4733.6, -46, -16
4733.7, -46, -16
4733.8, -46, -16
4733.9, -46, -16
4734, -46, -16
4734.1, -46, -16
4734.2, -46, -16
4734.3, -46, -16
4734.4, -46, -16
4734.5, -46, -16
4734.6, -46, -16
4734.7, -47, -16
4734.8, -47, -16
4734.9, -47, -16
4735, -47, -16
4735.1, -47, -16
4735.2, -47, -16
4735.3, -47, -16
4735.4, -47, -16
4735.5, -47, -16
4735.6, -47, -16
4735.7, -47, -16
4735.8, -47, -16
4735.9, -47, -16
4736, -47, -16
4736.1, -47, -16
4736.2, -47, -16
4736.3, -47, -16
4736.4, -47, -16
4736.5, -47, -16
4736.6, -47, -16
4736.7, -47, -16
4736.8, -47, -16
4736.9, -47, -16
4737, -47, -16
4737.1, -47, -16
4737.2, -47, -16
4737.3, -47, -16
4737.4, -47, -16
4737.5, -47, -16
4737.6, -47, -16
4737.7, -47, -16
4737.8, -47, -16
4737.9, -47, -16
4738, -47, -16
4738.1, -47, -16
4738.2, -47, -16
4738.3, -47, -16
4738.4, -47, -16
4738.5, -47, -16
4738.6, -47, -16
4738.7, -47, -16
4738.8, -47, -16
4738.9, -47, -16
4739, -47, -16
4739.1, -47, -16
4739.2, -47, -16
4739.3, -47, -16
4739.4, -47, -16
4739.5, -47, -16
4739.6, -47, -16
4739.7, -47, -16
4739.8, -47, -16
4739.9, -47, -16
4740, -47, -16
4740.1, -47, -16
4740.2, -47, -16
4740.3, -47, -16
4740.4, -47, -16
4740.5, -47, -16
4740.6, -47, -16
4740.7, -47, -16
4740.8, -47, -16
4740.9, -47, -16
4741, -47, -16
4741.1, -47, -16
4741.2, -47, -16
4741.3, -47, -17
4741.4, -47, -17
4741.5, -47, -17
4741.6, -47, -17
4741.7, -47, -17
4741.8, -47, -17
4741.9, -47, -17
4742, -47, -17
4742.1, -47, -17
4742.2, -47, -17
4742.3, -47, -17
4742.4, -47, -17
4742.5, -47, -17
4742.6, -47, -17
4742.7, -47, -17
4742.8, -47, -17
4742.9, -47, -17
4743, -47, -17
4743.1, -46, -17
4743.2, -46, -17
4743.3, -47, -17
4743.4, -47, -17
4743.5, -47, -17
4743.6, -47, -17
4743.7, -47, -17
4743.8, -47, -17
4743.9, -47, -17
4744, -47, -17
4744.1, -46, -17
4744.2, -46, -17
4744.3, -46, -17
4744.4, -46, -17
4744.5, -46, -17
4744.6, -46, -17
4744.7, -46, -17
4744.8, -46, -17
4744.9, -46, -17
4745, -46, -17
4745.1, -46, -17
4745.2, -46, -17
4745.3, -46, -17
4745.4, -46, -17
4745.5, -46, -17
4745.6, -46, -17
4745.7, -46, -17
4745.8, -46, -17
4745.9, -46, -17
4746, -46, -17
4746.1, -46, -17
4746.2, -46, -17
4746.3, -46, -17
4746.4, -46, -17
4746.5, -46, -17
4746.6, -46, -17
4746.7, -46, -17
4746.8, -46, -17
4746.9, -46, -17
4747, -46, -17
4747.1, -46, -17
4747.2, -46, -17
4747.3, -46, -17
4747.4, -46, -17
4747.5, -46, -18
4747.6, -46, -18
4747.7, -46, -18
4747.8, -46, -18
4747.9, -46, -18
4748, -46, -18
4748.1, -45, -18
4748.2, -45, -18
4748.3, -45, -17
4748.4, -45, -17
4748.5, -45, -17
4748.6, -45, -17
4748.7, -45, -17
4748.8, -45, -17
4748.9, -45, -17
4749, -45, -17
4749.1, -45, -17
4749.2, -45, -17
4749.3, -45, -17
4749.4, -45, -17
4749.5, -45, -17
4749.6, -45, -17
4749.7, -45, -17
4749.8, -45, -17
4749.9, -45, -17
4750, -45, -17
4750.1, -45, -17
4750.2, -45, -17
4750.3, -45, -17
4750.4, -45, -17
4750.5, -45, -17
4750.6, -45, -17
4750.7, -45, -17
4750.8, -45, -17
4750.9, -45, -17
4751, -45, -17
4751.1, -44, -17
4751.2, -44, -17
4751.3, -44, -17
4751.4, -44, -17
4751.5, -44, -17
4751.6, -44, -17
4751.7, -44, -17
4751.8, -44, -17
4751.9, -44, -17
4752, -44, -17
4752.1, -44, -17
4752.2, -44, -17
4752.3, -44, -16
4752.4, -44, -16
4752.5, -44, -16
4752.6, -44, -16
4752.7, -44, -16
4752.8, -44, -16
4752.9, -44, -16
4753, -44, -16
4753.1, -44, -16
4753.2, -44, -16
4753.3, -44, -16
4753.4, -44, -16
4753.5, -44, -16
4753.6, -44, -16
4753.7, -44, -16
4753.8, -44, -16
4753.9, -44, -16
4754, -44, -16
4754.1, -44, -16
4754.2, -44, -16
4754.3, -43, -16
4754.4, -43, -16
4754.5, -43, -16
4754.6, -43, -16
4754.7, -43, -16
4754.8, -43, -16
4754.9, -43, -16
4755, -43, -16
4755.1, -43, -16
4755.2, -43, -16
4755.3, -43, -16
4755.4, -43, -16
4755.5, -43, -16
4755.6, -43, -16
4755.7, -43, -16
4755.8, -43, -16
4755.9, -43, -16
4756, -43, -16
4756.1, -43, -16
4756.2, -43, -16
4756.3, -43, -16
4756.4, -43, -16
4756.5, -43, -16
4756.6, -43, -16
4756.7, -43, -16
4756.8, -43, -16
4756.9, -43, -17
4757, -43, -17
4757.1, -43, -17
4757.2, -43, -17
4757.3, -43, -17
4757.4, -43, -17
4757.5, -44, -17
4757.6, -44, -17
4757.7, -44, -17
4757.8, -44, -17
4757.9, -44, -16
4758, -44, -16
4758.1, -44, -16
4758.2, -44, -16
4758.3, -44, -16
4758.4, -44, -16
4758.5, -44, -16
4758.6, -44, -16
4758.7, -44, -16
4758.8, -44, -16
4758.9, -44, -15
4759, -44, -15
4759.1, -44, -15
4759.2, -44, -15
4759.3, -44, -15
4759.4, -44, -15
4759.5, -44, -15
4759.6, -44, -15
4759.7, -44, -15
4759.8, -44, -15
4759.9, -44, -15
4760, -44, -15
4760.1, -44, -15
4760.2, -44, -15
4760.3, -44, -15
4760.4, -44, -15
4760.5, -44, -15
4760.6, -44, -15
4760.7, -45, -15
4760.8, -45, -15
4760.9, -45, -15
4761, -45, -15
4761.1, -45, -15
4761.2, -45, -15
4761.3, -45, -15
4761.4, -45, -15
4761.5, -45, -15
4761.6, -45, -15
4761.7, -45, -15
4761.8, -45, -15
4761.9, -45, -15
4762, -45, -15
4762.1, -45, -15
4762.2, -45, -15
4762.3, -45, -15
4762.4, -45, -15
4762.5, -45, -15
4762.6, -45, -15
4762.7, -45, -15
4762.8, -45, -15
4762.9, -45, -15
4763, -45, -15
4763.1, -44, -15
4763.2, -44, -15
4763.3, -44, -15
4763.4, -44, -15
4763.5, -44, -15
4763.6, -44, -15
4763.7, -44, -15
4763.8, -44, -15
4763.9, -44, -15
4764, -44, -15
4764.1, -44, -16
4764.2, -44, -16
4764.3, -44, -16
4764.4, -44, -16
4764.5, -44, -16
4764.6, -44, -16
4764.7, -45, -16
4764.8, -45, -16
4764.9, -45, -16
4765, -45, -16
4765.1, -45, -16
4765.2, -45, -16
4765.3, -45, -16
4765.4, -45, -16
4765.5, -45, -16
4765.6, -45, -16
4765.7, -45, -16
4765.8, -45, -16
4765.9, -45, -16
4766, -45, -16
4766.1, -45, -16
4766.2, -45, -16
4766.3, -45, -16
4766.4, -45, -16
4766.5, -45, -16
4766.6, -45, -16
4766.7, -45, -16
4766.8, -45, -16
4766.9, -45, -16
4767, -45, -16
4767.1, -45, -16
4767.2, -45, -16
4767.3, -45, -16
4767.4, -45, -16
4767.5, -45, -16
4767.6, -45, -16
4767.7, -45, -16
4767.8, -45, -16
4767.9, -45, -16
4768, -45, -16
4768.1, -45, -16
4768.2, -45, -16
4768.3, -45, -16
4768.4, -45, -16
4768.5, -45, -16
4768.6, -45, -16
4768.7, -45, -16
4768.8, -45, -16
4768.9, -46, -16
4769, -46, -16
4769.1, -46, -16
4769.2, -46, -16
4769.3, -46, -16
4769.4, -46, -16
4769.5, -46, -16
4769.6, -46, -16
4769.7, -46, -16
4769.8, -46, -16
4769.9, -46, -15
4770, -46, -15
4770.1, -46, -15
4770.2, -46, -15
4770.3, -46, -15
4770.4, -46, -15
4770.5, -46, -15
4770.6, -46, -15
4770.7, -46, -15
4770.8, -46, -15
4770.9, -46, -15
4771, -46, -15
4771.1, -46, -15
4771.2, -46, -15
4771.3, -46, -15
4771.4, -46, -15
4771.5, -46, -15
4771.6, -46, -15
4771.7, -46, -15
4771.8, -46, -15
4771.9, -46, -15
4772, -46, -15
4772.1, -46, -15
4772.2, -46, -15
4772.3, -46, -15
4772.4, -46, -15
4772.5, -46, -16
4772.6, -46, -16
4772.7, -46, -16
4772.8, -46, -16
4772.9, -46, -16
4773, -46, -16
4773.1, -46, -16
4773.2, -46, -16
4773.3, -47, -16
4773.4, -47, -16
4773.5, -47, -16
4773.6, -47, -16
4773.7, -47, -16
4773.8, -47, -16
4773.9, -47, -16
4774, -47, -16
4774.1, -47, -16
4774.2, -47, -16
4774.3, -47, -16
4774.4, -47, -16
4774.5, -47, -16
4774.6, -47, -16
4774.7, -47, -16
4774.8, -47, -16
4774.9, -48, -16
4775, -48, -16
4775.1, -48, -15
4775.2, -48, -15
4775.3, -48, -15
4775.4, -48, -15
4775.5, -48, -15
4775.6, -48, -15
4775.7, -48, -15
4775.8, -48, -15
4775.9, -48, -15
4776, -48, -15
4776.1, -48, -15
4776.2, -48, -15
4776.3, -48, -15
4776.4, -48, -15
4776.5, -48, -15
4776.6, -48, -15
4776.7, -48, -15
4776.8, -48, -15
4776.9, -48, -15
4777, -48, -15
4777.1, -48, -15
4777.2, -48, -15
4777.3, -48, -15
4777.4, -48, -15
4777.5, -47, -15
4777.6, -47, -15
4777.7, -48, -15
4777.8, -48, -15
4777.9, -48, -14
4778, -48, -14
4778.1, -48, -14
4778.2, -48, -14
4778.3, -48, -14
4778.4, -48, -14
4778.5, -48, -14
4778.6, -48, -14
4778.7, -48, -14
4778.8, -48, -14
4778.9, -48, -14
4779, -48, -14
4779.1, -48, -14
4779.2, -48, -14
4779.3, -47, -14
4779.4, -47, -14
4779.5, -47, -14
4779.6, -47, -14
4779.7, -47, -14
4779.8, -47, -14
4779.9, -47, -14
4780, -47, -14
4780.1, -47, -14
4780.2, -47, -14
4780.3, -47, -14
4780.4, -47, -14
4780.5, -47, -14
4780.6, -47, -14
4780.7, -47, -14
4780.8, -47, -14
4780.9, -47, -14
4781, -47, -14
4781.1, -47, -14
4781.2, -47, -14
4781.3, -47, -14
4781.4, -47, -14
4781.5, -48, -14
4781.6, -48, -14
4781.7, -48, -14
4781.8, -48, -14
4781.9, -48, -14
4782, -48, -14
4782.1, -48, -15
4782.2, -48, -15
4782.3, -48, -15
4782.4, -48, -15
4782.5, -48, -15
4782.6, -48, -15
4782.7, -48, -15
4782.8, -48, -15
4782.9, -48, -15
4783, -48, -15
4783.1, -48, -15
4783.2, -48, -15
4783.3, -48, -15
4783.4, -48, -15
4783.5, -48, -15
4783.6, -48, -15
4783.7, -48, -15
4783.8, -48, -15
4783.9, -48, -15
4784, -48, -15
4784.1, -48, -16
4784.2, -48, -16
4784.3, -48, -16
4784.4, -48, -16
4784.5, -48, -16
4784.6, -48, -16
4784.7, -48, -16
4784.8, -48, -16
4784.9, -48, -16
4785, -48, -16
4785.1, -48, -16
4785.2, -48, -16
4785.3, -48, -16
4785.4, -48, -16
4785.5, -48, -16
4785.6, -48, -16
4785.7, -48, -16
4785.8, -48, -16
4785.9, -48, -16
4786, -48, -16
4786.1, -48, -16
4786.2, -48, -16
4786.3, -48, -16
4786.4, -48, -16
4786.5, -48, -16
4786.6, -48, -16
4786.7, -48, -16
4786.8, -48, -16
4786.9, -48, -16
4787, -48, -16
4787.1, -48, -16
4787.2, -48, -16
4787.3, -48, -16
4787.4, -48, -16
4787.5, -48, -16
4787.6, -48, -16
4787.7, -48, -15
4787.8, -48, -15
4787.9, -48, -15
4788, -48, -15
4788.1, -48, -15
4788.2, -48, -15
4788.3, -48, -15
4788.4, -48, -15
4788.5, -48, -16
4788.6, -48, -16
4788.7, -48, -16
4788.8, -48, -16
4788.9, -48, -16
4789, -48, -16
4789.1, -48, -16
4789.2, -48, -16
4789.3, -48, -16
4789.4, -48, -16
4789.5, -47, -16
4789.6, -47, -16
4789.7, -46, -16
4789.8, -46, -16
4789.9, -45, -16
4790, -45, -16
4790.1, -45, -16
4790.2, -45, -16
4790.3, -45, -16
4790.4, -45, -16
4790.5, -45, -16
4790.6, -45, -16
4790.7, -45, -16
4790.8, -45, -16
4790.9, -45, -16
4791, -45, -16
4791.1, -45, -16
4791.2, -45, -16
4791.3, -45, -16
4791.4, -45, -16
4791.5, -45, -16
4791.6, -45, -16
4791.7, -45, -16
4791.8, -45, -16
4791.9, -45, -16
4792, -45, -16
4792.1, -45, -16
4792.2, -45, -16
4792.3, -45, -16
4792.4, -45, -16
4792.5, -45, -16
4792.6, -45, -16
4792.7, -45, -16
4792.8, -45, -16
4792.9, -45, -16
4793, -45, -16
4793.1, -45, -16
4793.2, -45, -16
4793.3, -45, -16
4793.4, -45, -16
4793.5, -45, -16
4793.6, -45, -16
4793.7, -45, -16
4793.8, -45, -16
4793.9, -45, -16
4794, -45, -16
4794.1, -45, -16
4794.2, -45, -16
4794.3, -45, -16
4794.4, -45, -16
4794.5, -45, -16
4794.6, -45, -16
4794.7, -45, -16
4794.8, -45, -16
4794.9, -45, -16
4795, -45, -16
4795.1, -45, -16
4795.2, -45, -16
4795.3, -45, -16
4795.4, -45, -16
4795.5, -45, -16
4795.6, -45, -16
4795.7, -45, -16
4795.8, -45, -16
4795.9, -45, -16
4796, -45, -16
4796.1, -45, -16
4796.2, -45, -16
4796.3, -45, -16
4796.4, -45, -16
4796.5, -45, -16
4796.6, -45, -16
4796.7, -45, -16
4796.8, -45, -16
4796.9, -45, -16
4797, -45, -16
4797.1, -45, -16
4797.2, -45, -16
4797.3, -45, -16
4797.4, -45, -16
4797.5, -45, -16
4797.6, -45, -16
4797.7, -45, -16
4797.8, -45, -16
4797.9, -45, -16
4798, -45, -16
4798.1, -45, -16
4798.2, -45, -16
4798.3, -45, -16
4798.4, -45, -16
4798.5, -45, -16
4798.6, -45, -16
4798.7, -45, -15
4798.8, -45, -15
4798.9, -45, -15
4799, -45, -15
4799.1, -45, -15
4799.2, -45, -15
4799.3, -45, -15
4799.4, -45, -15
4799.5, -45, -15
4799.6, -45, -15
4799.7, -45, -15
4799.8, -45, -15
4799.9, -45, -15
4800, -45, -15
4800.1, -45, -15
4800.2, -45, -15
4800.3, -45, -15
4800.4, -45, -15
4800.5, -45, -15
4800.6, -45, -15
4800.7, -45, -15
4800.8, -45, -15
4800.9, -45, -15
4801, -45, -15
4801.1, -45, -15
4801.2, -45, -15
4801.3, -45, -15
4801.4, -45, -15
4801.5, -45, -15
4801.6, -45, -15
4801.7, -45, -15
4801.8, -45, -15
4801.9, -45, -15
4802, -45, -15
4802.1, -45, -15
4802.2, -45, -15
4802.3, -45, -15
4802.4, -45, -15
4802.5, -45, -15
4802.6, -45, -15
4802.7, -45, -15
4802.8, -45, -15
4802.9, -45, -15
4803, -45, -15
4803.1, -45, -15
4803.2, -45, -15
4803.3, -45, -15
4803.4, -45, -15
4803.5, -45, -15
4803.6, -45, -15
4803.7, -45, -15
4803.8, -45, -15
4803.9, -45, -15
4804, -45, -15
4804.1, -45, -15
4804.2, -45, -15
4804.3, -45, -15
4804.4, -45, -15
4804.5, -45, -15
4804.6, -45, -15
4804.7, -45, -15
4804.8, -45, -15
4804.9, -45, -15
4805, -45, -15
4805.1, -45, -15
4805.2, -45, -15
4805.3, -45, -15
4805.4, -45, -15
4805.5, -45, -16
4805.6, -45, -16
4805.7, -45, -16
4805.8, -45, -16
4805.9, -45, -16
4806, -45, -16
4806.1, -45, -16
4806.2, -45, -16
4806.3, -45, -16
4806.4, -45, -16
4806.5, -45, -16
4806.6, -45, -16
4806.7, -45, -16
4806.8, -45, -16
4806.9, -45, -16
4807, -45, -16
4807.1, -45, -17
4807.2, -45, -17
4807.3, -45, -17
4807.4, -45, -17
4807.5, -45, -17
4807.6, -45, -17
4807.7, -45, -17
4807.8, -45, -17
4807.9, -45, -17
4808, -45, -17
4808.1, -45, -17
4808.2, -45, -17
4808.3, -45, -17
4808.4, -45, -17
4808.5, -45, -17
4808.6, -45, -17
4808.7, -45, -17
4808.8, -45, -17
4808.9, -45, -16
4809, -45, -16
4809.1, -44, -16
4809.2, -44, -16
4809.3, -44, -16
4809.4, -44, -16
4809.5, -44, -16
4809.6, -44, -16
4809.7, -44, -16
4809.8, -44, -16
4809.9, -44, -16
4810, -44, -16
4810.1, -44, -16
4810.2, -44, -16
4810.3, -44, -16
4810.4, -44, -16
4810.5, -44, -16
4810.6, -44, -16
4810.7, -44, -16
4810.8, -44, -16
4810.9, -44, -16
4811, -44, -16
4811.1, -44, -16
4811.2, -44, -16
4811.3, -44, -17
4811.4, -44, -17
4811.5, -44, -17
4811.6, -44, -17
4811.7, -44, -17
4811.8, -44, -17
4811.9, -44, -17
4812, -44, -17
4812.1, -44, -17
4812.2, -44, -17
4812.3, -44, -17
4812.4, -44, -17
4812.5, -44, -17
4812.6, -44, -17
4812.7, -44, -17
4812.8, -44, -17
4812.9, -43, -17
4813, -43, -17
4813.1, -43, -17
4813.2, -43, -17
4813.3, -43, -17
4813.4, -43, -17
4813.5, -43, -17
4813.6, -43, -17
4813.7, -43, -17
4813.8, -43, -17
4813.9, -43, -17
4814, -43, -17
4814.1, -43, -17
4814.2, -43, -17
4814.3, -43, -17
4814.4, -43, -17
4814.5, -43, -17
4814.6, -43, -17
4814.7, -43, -17
4814.8, -43, -17
4814.9, -43, -17
4815, -43, -17
4815.1, -43, -17
4815.2, -43, -17
4815.3, -43, -17
4815.4, -43, -17
4815.5, -43, -17
4815.6, -43, -17
4815.7, -43, -17
4815.8, -43, -17
4815.9, -43, -17
4816, -43, -17
4816.1, -43, -17
4816.2, -43, -17
4816.3, -43, -17
4816.4, -43, -17
4816.5, -43, -17
4816.6, -43, -17
4816.7, -43, -17
4816.8, -43, -17
4816.9, -43, -17
4817, -43, -17
4817.1, -43, -17
4817.2, -43, -17
4817.3, -43, -17
4817.4, -43, -17
4817.5, -43, -17
4817.6, -43, -17
4817.7, -43, -17
4817.8, -43, -17
4817.9, -43, -17
4818, -43, -17
4818.1, -43, -17
4818.2, -43, -17
4818.3, -43, -17
4818.4, -43, -17
4818.5, -43, -17
4818.6, -43, -17
4818.7, -43, -17
4818.8, -43, -17
4818.9, -43, -17
4819, -43, -17
4819.1, -43, -17
4819.2, -43, -17
4819.3, -43, -17
4819.4, -43, -17
4819.5, -43, -17
4819.6, -43, -17
4819.7, -43, -17
4819.8, -43, -17
4819.9, -43, -18
4820, -43, -18
4820.1, -43, -18
4820.2, -43, -18
4820.3, -43, -18
4820.4, -43, -18
4820.5, -43, -18
4820.6, -43, -18
4820.7, -43, -18
4820.8, -43, -18
4820.9, -43, -18
4821, -43, -18
4821.1, -43, -18
4821.2, -43, -18
4821.3, -43, -18
4821.4, -43, -18
4821.5, -44, -18
4821.6, -44, -18
4821.7, -44, -18
4821.8, -44, -18
4821.9, -44, -18
4822, -44, -18
4822.1, -45, -18
4822.2, -45, -18
4822.3, -45, -18
4822.4, -45, -18
4822.5, -45, -18
4822.6, -45, -18
4822.7, -45, -18
4822.8, -45, -18
4822.9, -45, -18
4823, -45, -18
4823.1, -45, -18
4823.2, -45, -18
4823.3, -45, -18
4823.4, -45, -18
4823.5, -45, -18
4823.6, -45, -18
4823.7, -45, -18
4823.8, -45, -18
4823.9, -45, -18
4824, -45, -18
4824.1, -45, -18
4824.2, -45, -18
4824.3, -46, -18
4824.4, -46, -18
4824.5, -46, -18
4824.6, -46, -18
4824.7, -45, -18
4824.8, -45, -18
4824.9, -45, -18
4825, -45, -18
4825.1, -45, -18
4825.2, -45, -18
4825.3, -45, -18
4825.4, -45, -18
4825.5, -46, -18
4825.6, -46, -18
4825.7, -46, -18
4825.8, -46, -18
4825.9, -46, -18
4826, -46, -18
4826.1, -46, -18
4826.2, -46, -18
4826.3, -46, -18
4826.4, -46, -18
4826.5, -46, -18
4826.6, -46, -18
4826.7, -46, -18
4826.8, -46, -18
4826.9, -46, -18
4827, -46, -18
4827.1, -46, -18
4827.2, -46, -18
4827.3, -46, -18
4827.4, -46, -18
4827.5, -46, -18
4827.6, -46, -18
4827.7, -46, -18
4827.8, -46, -18
4827.9, -46, -18
4828, -46, -18
4828.1, -46, -18
4828.2, -46, -18
4828.3, -46, -18
4828.4, -46, -18
4828.5, -46, -18
4828.6, -46, -18
4828.7, -45, -18
4828.8, -45, -18
4828.9, -45, -18
4829, -45, -18
4829.1, -45, -19
4829.2, -45, -19
4829.3, -45, -20
4829.4, -45, -20
4829.5, -44, -20
4829.6, -44, -20
4829.7, -44, -20
4829.8, -44, -20
4829.9, -44, -20
4830, -44, -20
4830.1, -44, -20
4830.2, -44, -20
4830.3, -44, -20
4830.4, -44, -20
4830.5, -44, -20
4830.6, -44, -20
4830.7, -44, -20
4830.8, -44, -20
4830.9, -44, -20
4831, -44, -20
4831.1, -44, -20
4831.2, -44, -20
4831.3, -44, -20
4831.4, -44, -20
4831.5, -44, -20
4831.6, -44, -20
4831.7, -44, -20
4831.8, -44, -20
4831.9, -44, -20
4832, -44, -20
4832.1, -44, -20
4832.2, -44, -20
4832.3, -44, -20
4832.4, -44, -20
4832.5, -44, -20
4832.6, -44, -20
4832.7, -44, -20
4832.8, -44, -20
4832.9, -45, -20
4833, -45, -20
4833.1, -45, -20
4833.2, -45, -20
4833.3, -45, -20
4833.4, -45, -20
4833.5, -45, -20
4833.6, -45, -20
4833.7, -45, -20
4833.8, -45, -20
4833.9, -45, -20
4834, -45, -20
4834.1, -45, -20
4834.2, -45, -20
4834.3, -45, -20
4834.4, -45, -20
4834.5, -45, -20
4834.6, -45, -20
4834.7, -45, -20
4834.8, -45, -20
4834.9, -44, -20
4835, -44, -20
4835.1, -44, -20
4835.2, -44, -20
4835.3, -44, -20
4835.4, -44, -20
4835.5, -44, -20
4835.6, -44, -20
4835.7, -44, -20
4835.8, -44, -20
4835.9, -44, -20
4836, -44, -20
4836.1, -44, -20
4836.2, -44, -20
4836.3, -44, -20
4836.4, -44, -20
4836.5, -44, -20
4836.6, -44, -20
4836.7, -44, -20
4836.8, -44, -20
4836.9, -44, -20
4837, -44, -20
4837.1, -44, -20
4837.2, -44, -20
4837.3, -44, -19
4837.4, -44, -19
4837.5, -44, -19
4837.6, -44, -19
4837.7, -43, -19
4837.8, -43, -19
4837.9, -43, -19
4838, -43, -19
4838.1, -43, -19
4838.2, -43, -19
4838.3, -43, -19
4838.4, -43, -19
4838.5, -43, -19
4838.6, -43, -19
4838.7, -43, -19
4838.8, -43, -19
4838.9, -43, -19
4839, -43, -19
4839.1, -42, -19
4839.2, -42, -19
4839.3, -42, -19
4839.4, -42, -19
4839.5, -42, -19
4839.6, -42, -19
4839.7, -42, -19
4839.8, -42, -19
4839.9, -42, -19
4840, -42, -19
4840.1, -42, -19
4840.2, -42, -19
4840.3, -42, -19
4840.4, -42, -19
4840.5, -42, -19
4840.6, -42, -19
4840.7, -42, -19
4840.8, -42, -19
4840.9, -42, -19
4841, -42, -19
4841.1, -42, -18
4841.2, -42, -18
4841.3, -42, -18
4841.4, -42, -18
4841.5, -42, -18
4841.6, -42, -18
4841.7, -42, -18
4841.8, -42, -18
4841.9, -42, -17
4842, -42, -17
4842.1, -42, -17
4842.2, -42, -17
4842.3, -42, -17
4842.4, -42, -17
4842.5, -42, -17
4842.6, -42, -17
4842.7, -42, -17
4842.8, -42, -17
4842.9, -42, -17
4843, -42, -17
4843.1, -42, -17
4843.2, -42, -17
4843.3, -42, -17
4843.4, -42, -17
4843.5, -42, -17
4843.6, -42, -17
4843.7, -42, -17
4843.8, -42, -17
4843.9, -42, -17
4844, -42, -17
4844.1, -42, -17
4844.2, -42, -17
4844.3, -42, -17
4844.4, -42, -17
4844.5, -42, -17
4844.6, -42, -17
4844.7, -42, -17
4844.8, -42, -17
4844.9, -43, -17
4845, -43, -17
4845.1, -43, -17
4845.2, -43, -17
4845.3, -43, -17
4845.4, -43, -17
4845.5, -44, -17
4845.6, -44, -17
4845.7, -44, -17
4845.8, -44, -17
4845.9, -44, -17
4846, -44, -17
4846.1, -44, -17
4846.2, -44, -17
4846.3, -44, -17
4846.4, -44, -17
4846.5, -44, -17
4846.6, -44, -17
4846.7, -44, -17
4846.8, -44, -17
4846.9, -44, -17
4847, -44, -17
4847.1, -44, -17
4847.2, -44, -17
4847.3, -44, -17
4847.4, -44, -17
4847.5, -44, -17
4847.6, -44, -17
4847.7, -44, -17
4847.8, -44, -17
4847.9, -44, -17
4848, -44, -17
4848.1, -44, -17
4848.2, -44, -17
4848.3, -44, -17
4848.4, -44, -17
4848.5, -44, -17
4848.6, -44, -17
4848.7, -44, -17
4848.8, -44, -17
4848.9, -44, -17
4849, -44, -17
4849.1, -44, -17
4849.2, -44, -17
4849.3, -44, -17
4849.4, -44, -17
4849.5, -44, -17
4849.6, -44, -17
4849.7, -44, -17
4849.8, -44, -17
4849.9, -44, -17
4850, -44, -17
4850.1, -44, -17
4850.2, -44, -17
4850.3, -44, -17
4850.4, -44, -17
4850.5, -44, -17
4850.6, -44, -17
4850.7, -44, -17
4850.8, -44, -17
4850.9, -44, -17
4851, -44, -17
4851.1, -44, -17
4851.2, -44, -17
4851.3, -44, -17
4851.4, -44, -17
4851.5, -44, -17
4851.6, -44, -17
4851.7, -44, -17
4851.8, -44, -17
4851.9, -44, -17
4852, -44, -17
4852.1, -44, -17
4852.2, -44, -17
4852.3, -44, -17
4852.4, -44, -17
4852.5, -44, -17
4852.6, -44, -17
4852.7, -44, -17
4852.8, -44, -17
4852.9, -44, -17
4853, -44, -17
4853.1, -44, -17
4853.2, -44, -17
4853.3, -44, -17
4853.4, -44, -17
4853.5, -44, -17
4853.6, -44, -17
4853.7, -44, -17
4853.8, -44, -17
4853.9, -44, -17
4854, -44, -17
4854.1, -44, -17
4854.2, -44, -17
4854.3, -44, -17
4854.4, -44, -17
4854.5, -44, -17
4854.6, -44, -17
4854.7, -44, -17
4854.8, -44, -17
4854.9, -44, -17
4855, -44, -17
4855.1, -44, -17
4855.2, -44, -17
4855.3, -44, -18
4855.4, -44, -18
4855.5, -44, -18
4855.6, -44, -18
4855.7, -44, -18
4855.8, -44, -18
4855.9, -44, -18
4856, -44, -18
4856.1, -44, -18
4856.2, -44, -18
4856.3, -44, -18
4856.4, -44, -18
4856.5, -44, -18
4856.6, -44, -18
4856.7, -44, -18
4856.8, -44, -18
4856.9, -44, -18
4857, -44, -18
4857.1, -44, -18
4857.2, -44, -18
4857.3, -44, -18
4857.4, -44, -18
4857.5, -44, -18
4857.6, -44, -18
4857.7, -44, -18
4857.8, -44, -18
4857.9, -44, -18
4858, -44, -18
4858.1, -45, -18
4858.2, -45, -18
4858.3, -45, -17
4858.4, -45, -17
4858.5, -45, -16
4858.6, -45, -16
4858.7, -45, -16
4858.8, -45, -16
4858.9, -45, -16
4859, -45, -16
4859.1, -45, -16
4859.2, -45, -16
4859.3, -45, -16
4859.4, -45, -16
4859.5, -45, -16
4859.6, -45, -16
4859.7, -45, -16
4859.8, -45, -16
4859.9, -45, -16
4860, -45, -16
4860.1, -45, -16
4860.2, -45, -16
4860.3, -45, -16
4860.4, -45, -16
4860.5, -45, -16
4860.6, -45, -16
4860.7, -45, -16
4860.8, -45, -16
4860.9, -45, -16
4861, -45, -16
4861.1, -45, -16
4861.2, -45, -16
4861.3, -45, -17
4861.4, -45, -17
4861.5, -45, -17
4861.6, -45, -17
4861.7, -45, -17
4861.8, -45, -17
4861.9, -45, -17
4862, -45, -17
4862.1, -45, -17
4862.2, -45, -17
4862.3, -45, -17
4862.4, -45, -17
4862.5, -45, -17
4862.6, -45, -17
4862.7, -45, -17
4862.8, -45, -17
4862.9, -45, -17
4863, -45, -17
4863.1, -45, -17
4863.2, -45, -17
4863.3, -45, -17
4863.4, -45, -17
4863.5, -45, -17
4863.6, -45, -17
4863.7, -45, -17
4863.8, -45, -17
4863.9, -45, -17
4864, -45, -17
4864.1, -45, -17
4864.2, -45, -17
4864.3, -45, -17
4864.4, -45, -17
4864.5, -45, -17
4864.6, -45, -17
4864.7, -45, -17
4864.8, -45, -17
4864.9, -45, -16
4865, -45, -16
4865.1, -45, -16
4865.2, -45, -16
4865.3, -45, -16
4865.4, -45, -16
4865.5, -46, -16
4865.6, -46, -16
4865.7, -46, -16
4865.8, -46, -16
4865.9, -46, -16
4866, -46, -16
4866.1, -46, -16
4866.2, -46, -16
4866.3, -46, -16
4866.4, -46, -16
4866.5, -46, -16
4866.6, -46, -16
4866.7, -46, -16
4866.8, -46, -16
4866.9, -46, -16
4867, -46, -16
4867.1, -46, -16
4867.2, -46, -16
4867.3, -46, -16
4867.4, -46, -16
4867.5, -46, -15
4867.6, -46, -15
4867.7, -46, -15
4867.8, -46, -15
4867.9, -46, -15
4868, -46, -15
4868.1, -46, -15
4868.2, -46, -15
4868.3, -46, -15
4868.4, -46, -15
4868.5, -46, -15
4868.6, -46, -15
4868.7, -46, -15
4868.8, -46, -15
4868.9, -46, -15
4869, -46, -15
4869.1, -46, -15
4869.2, -46, -15
4869.3, -46, -15
4869.4, -46, -15
4869.5, -46, -15
4869.6, -46, -15
4869.7, -46, -15
4869.8, -46, -15
4869.9, -46, -15
4870, -46, -15
4870.1, -46, -15
4870.2, -46, -15
4870.3, -46, -15
4870.4, -46, -15
4870.5, -46, -15
4870.6, -46, -15
4870.7, -47, -15
4870.8, -47, -15
4870.9, -47, -15
4871, -47, -15
4871.1, -47, -15
4871.2, -47, -15
4871.3, -47, -15
4871.4, -47, -15
4871.5, -47, -15
4871.6, -47, -15
4871.7, -47, -15
4871.8, -47, -15
4871.9, -47, -15
4872, -47, -15
4872.1, -47, -15
4872.2, -47, -15
4872.3, -47, -15
4872.4, -47, -15
4872.5, -47, -15
4872.6, -47, -15
4872.7, -47, -15
4872.8, -47, -15
4872.9, -47, -15
4873, -47, -15
4873.1, -47, -15
4873.2, -47, -15
4873.3, -47, -15
4873.4, -47, -15
4873.5, -47, -15
4873.6, -47, -15
4873.7, -47, -15
4873.8, -47, -15
4873.9, -47, -15
4874, -47, -15
4874.1, -47, -15
4874.2, -47, -15
4874.3, -47, -15
4874.4, -47, -15
4874.5, -47, -15
4874.6, -47, -15
4874.7, -47, -15
4874.8, -47, -15
4874.9, -47, -15
4875, -47, -15
4875.1, -47, -15
4875.2, -47, -15
4875.3, -47, -15
4875.4, -47, -15
4875.5, -48, -15
4875.6, -48, -15
4875.7, -48, -15
4875.8, -48, -15
4875.9, -48, -15
4876, -48, -15
4876.1, -48, -15
4876.2, -48, -15
4876.3, -48, -15
4876.4, -48, -15
4876.5, -48, -15
4876.6, -48, -15
4876.7, -48, -15
4876.8, -48, -15
4876.9, -48, -15
4877, -48, -15
4877.1, -48, -15
4877.2, -48, -15
4877.3, -48, -15
4877.4, -48, -15
4877.5, -48, -15
4877.6, -48, -15
4877.7, -48, -15
4877.8, -48, -15
4877.9, -48, -15
4878, -48, -15
4878.1, -48, -15
4878.2, -48, -15
4878.3, -48, -15
4878.4, -48, -15
4878.5, -48, -15
4878.6, -48, -15
4878.7, -49, -15
4878.8, -49, -15
4878.9, -49, -15
4879, -49, -15
4879.1, -49, -15
4879.2, -49, -15
4879.3, -49, -15
4879.4, -49, -15
4879.5, -48, -15
4879.6, -48, -15
4879.7, -48, -15
4879.8, -48, -15
4879.9, -48, -15
4880, -48, -15
4880.1, -48, -15
4880.2, -48, -15
4880.3, -48, -15
4880.4, -48, -15
4880.5, -48, -15
4880.6, -48, -15
4880.7, -48, -15
4880.8, -48, -15
4880.9, -48, -15
4881, -48, -15
4881.1, -48, -15
4881.2, -48, -15
4881.3, -48, -15
4881.4, -48, -15
4881.5, -48, -15
4881.6, -48, -15
4881.7, -48, -14
4881.8, -48, -14
4881.9, -48, -14
4882, -48, -14
4882.1, -48, -14
4882.2, -48, -14
4882.3, -49, -14
4882.4, -49, -14
4882.5, -49, -14
4882.6, -49, -14
4882.7, -49, -14
4882.8, -49, -14
4882.9, -49, -14
4883, -49, -14
4883.1, -49, -14
4883.2, -49, -14
4883.3, -49, -14
4883.4, -49, -14
4883.5, -50, -14
4883.6, -50, -14
4883.7, -50, -14
4883.8, -50, -14
4883.9, -50, -14
4884, -50, -14
4884.1, -50, -14
4884.2, -50, -14
4884.3, -50, -14
4884.4, -50, -14
4884.5, -50, -14
4884.6, -50, -14
4884.7, -50, -14
4884.8, -50, -14
4884.9, -50, -14
4885, -50, -14
4885.1, -50, -14
4885.2, -50, -14
4885.3, -50, -14
4885.4, -50, -14
4885.5, -50, -14
4885.6, -50, -14
4885.7, -50, -14
4885.8, -50, -14
4885.9, -50, -14
4886, -50, -14
4886.1, -50, -14
4886.2, -50, -14
4886.3, -50, -14
4886.4, -50, -14
4886.5, -50, -15
4886.6, -50, -15
4886.7, -49, -15
4886.8, -49, -15
4886.9, -49, -15
4887, -49, -15
4887.1, -49, -15
4887.2, -49, -15
4887.3, -49, -15
4887.4, -49, -15
4887.5, -49, -15
4887.6, -49, -15
4887.7, -49, -15
4887.8, -49, -15
4887.9, -49, -15
4888, -49, -15
4888.1, -48, -15
4888.2, -48, -15
4888.3, -48, -15
4888.4, -48, -15
4888.5, -48, -15
4888.6, -48, -15
4888.7, -48, -15
4888.8, -48, -15
4888.9, -48, -15
4889, -48, -15
4889.1, -48, -14
4889.2, -48, -14
4889.3, -48, -14
4889.4, -48, -14
4889.5, -48, -14
4889.6, -48, -14
4889.7, -48, -15
4889.8, -48, -15
4889.9, -48, -15
4890, -48, -15
4890.1, -48, -15
4890.2, -48, -15
4890.3, -48, -15
4890.4, -48, -15
4890.5, -48, -15
4890.6, -48, -15
4890.7, -49, -15
4890.8, -49, -15
4890.9, -49, -15
4891, -49, -15
4891.1, -49, -15
4891.2, -49, -15
4891.3, -49, -15
4891.4, -49, -15
4891.5, -49, -15
4891.6, -49, -15
4891.7, -49, -15
4891.8, -49, -15
4891.9, -49, -15
4892, -49, -15
4892.1, -49, -15
4892.2, -49, -15
4892.3, -49, -15
4892.4, -49, -15
4892.5, -49, -16
4892.6, -49, -16
4892.7, -49, -16
4892.8, -49, -16
4892.9, -49, -16
4893, -49, -16
4893.1, -49, -16
4893.2, -49, -16
4893.3, -49, -16
4893.4, -49, -16
4893.5, -49, -16
4893.6, -49, -16
4893.7, -49, -16
4893.8, -49, -16
4893.9, -49, -16
4894, -49, -16
4894.1, -49, -16
4894.2, -49, -16
4894.3, -49, -16
4894.4, -49, -16
4894.5, -49, -16
4894.6, -49, -16
4894.7, -49, -16
4894.8, -49, -16
4894.9, -49, -16
4895, -49, -16
4895.1, -49, -16
4895.2, -49, -16
4895.3, -49, -16
4895.4, -49, -16
4895.5, -49, -17
4895.6, -49, -17
4895.7, -49, -17
4895.8, -49, -17
4895.9, -49, -17
4896, -49, -17
4896.1, -49, -17
4896.2, -49, -17
4896.3, -49, -17
4896.4, -49, -17
4896.5, -49, -17
4896.6, -49, -17
4896.7, -49, -17
4896.8, -49, -17
4896.9, -49, -17
4897, -49, -17
4897.1, -50, -17
4897.2, -50, -17
4897.3, -50, -17
4897.4, -50, -17
4897.5, -50, -17
4897.6, -50, -17
4897.7, -50, -17
4897.8, -50, -17
4897.9, -50, -17
4898, -50, -17
4898.1, -50, -17
4898.2, -50, -17
4898.3, -50, -17
4898.4, -50, -17
4898.5, -50, -17
4898.6, -50, -17
4898.7, -50, -17
4898.8, -50, -17
4898.9, -50, -17
4899, -50, -17
4899.1, -50, -17
4899.2, -50, -17
4899.3, -50, -17
4899.4, -50, -17
4899.5, -50, -17
4899.6, -50, -17
4899.7, -50, -17
4899.8, -50, -17
4899.9, -50, -17
4900, -50, -17
4900.1, -50, -18
4900.2, -50, -18
4900.3, -50, -18
4900.4, -50, -18
4900.5, -50, -18
4900.6, -50, -18
4900.7, -50, -18
4900.8, -50, -18
4900.9, -50, -18
4901, -50, -18
4901.1, -50, -18
4901.2, -50, -18
4901.3, -50, -18
4901.4, -50, -18
4901.5, -50, -17
4901.6, -50, -17
4901.7, -50, -17
4901.8, -50, -17
4901.9, -50, -17
4902, -50, -17
4902.1, -50, -17
4902.2, -50, -17
4902.3, -50, -17
4902.4, -50, -17
4902.5, -50, -17
4902.6, -50, -17
4902.7, -50, -17
4902.8, -50, -17
4902.9, -50, -17
4903, -50, -17
4903.1, -50, -17
4903.2, -50, -17
4903.3, -50, -17
4903.4, -50, -17
4903.5, -50, -17
4903.6, -50, -17
4903.7, -50, -17
4903.8, -50, -17
4903.9, -49, -17
4904, -49, -17
4904.1, -49, -17
4904.2, -49, -17
4904.3, -49, -17
4904.4, -49, -17
4904.5, -49, -17
4904.6, -49, -17
4904.7, -48, -17
4904.8, -48, -17
4904.9, -48, -17
4905, -48, -17
4905.1, -48, -17
4905.2, -48, -17
4905.3, -48, -17
4905.4, -48, -17
4905.5, -48, -18
4905.6, -48, -18
4905.7, -48, -18
4905.8, -48, -18
4905.9, -48, -18
4906, -48, -18
4906.1, -48, -18
4906.2, -48, -18
4906.3, -48, -18
4906.4, -48, -18
4906.5, -48, -18
4906.6, -48, -18
4906.7, -48, -18
4906.8, -48, -18
4906.9, -48, -18
4907, -48, -18
4907.1, -48, -18
4907.2, -48, -18
4907.3, -48, -18
4907.4, -48, -18
4907.5, -48, -18
4907.6, -48, -18
4907.7, -48, -18
4907.8, -48, -18
4907.9, -48, -18
4908, -48, -18
4908.1, -48, -18
4908.2, -48, -18
4908.3, -48, -18
4908.4, -48, -18
4908.5, -48, -18
4908.6, -48, -18
4908.7, -48, -18
4908.8, -48, -18
4908.9, -48, -18
4909, -48, -18
4909.1, -48, -18
4909.2, -48, -18
4909.3, -48, -17
4909.4, -48, -17
4909.5, -48, -17
4909.6, -48, -17
4909.7, -48, -18
4909.8, -48, -18
4909.9, -48, -18
4910, -48, -18
4910.1, -48, -18
4910.2, -48, -18
4910.3, -48, -18
4910.4, -48, -18
4910.5, -48, -18
4910.6, -48, -18
4910.7, -48, -18
4910.8, -48, -18
4910.9, -48, -18
4911, -48, -18
4911.1, -48, -18
4911.2, -48, -18
4911.3, -48, -18
4911.4, -48, -18
4911.5, -48, -18
4911.6, -48, -18
4911.7, -48, -18
4911.8, -48, -18
4911.9, -48, -18
4912, -48, -18
4912.1, -48, -18
4912.2, -48, -18
4912.3, -48, -18
4912.4, -48, -18
4912.5, -48, -18
4912.6, -48, -18
4912.7, -48, -18
4912.8, -48, -18
4912.9, -48, -18
4913, -48, -18
4913.1, -48, -18
4913.2, -48, -18
4913.3, -48, -18
4913.4, -48, -18
4913.5, -48, -18
4913.6, -48, -18
4913.7, -47, -18
4913.8, -47, -18
4913.9, -47, -18
4914, -47, -18
4914.1, -47, -18
4914.2, -47, -18
4914.3, -47, -18
4914.4, -47, -18
4914.5, -47, -18
4914.6, -47, -18
4914.7, -47, -18
4914.8, -47, -18
4914.9, -47, -18
4915, -47, -18
4915.1, -47, -18
4915.2, -47, -18
4915.3, -47, -18
4915.4, -47, -18
4915.5, -47, -18
4915.6, -47, -18
4915.7, -47, -18
4915.8, -47, -18
4915.9, -47, -18
4916, -47, -18
4916.1, -47, -18
4916.2, -47, -18
4916.3, -47, -18
4916.4, -47, -18
4916.5, -47, -18
4916.6, -47, -18
4916.7, -47, -18
4916.8, -47, -18
4916.9, -47, -18
4917, -47, -18
4917.1, -47, -18
4917.2, -47, -18
4917.3, -47, -18
4917.4, -47, -18
4917.5, -47, -18
4917.6, -47, -18
4917.7, -47, -18
4917.8, -47, -18
4917.9, -47, -18
4918, -47, -18
4918.1, -47, -18
4918.2, -47, -18
4918.3, -47, -18
4918.4, -47, -18
4918.5, -47, -18
4918.6, -47, -18
4918.7, -47, -18
4918.8, -47, -18
4918.9, -47, -18
4919, -47, -18
4919.1, -47, -18
4919.2, -47, -18
4919.3, -47, -18
4919.4, -47, -18
4919.5, -47, -18
4919.6, -47, -18
4919.7, -47, -18
4919.8, -47, -18
4919.9, -47, -18
4920, -47, -18
4920.1, -47, -19
4920.2, -47, -19
4920.3, -47, -19
4920.4, -47, -19
4920.5, -47, -19
4920.6, -47, -19
4920.7, -47, -19
4920.8, -47, -19
4920.9, -47, -19
4921, -47, -19
4921.1, -47, -19
4921.2, -47, -19
4921.3, -47, -19
4921.4, -47, -19
4921.5, -47, -19
4921.6, -47, -19
4921.7, -47, -19
4921.8, -47, -19
4921.9, -47, -19
4922, -47, -19
4922.1, -46, -19
4922.2, -46, -19
4922.3, -47, -19
4922.4, -47, -19
4922.5, -47, -19
4922.6, -47, -19
4922.7, -47, -19
4922.8, -47, -19
4922.9, -47, -19
4923, -47, -19
4923.1, -47, -19
4923.2, -47, -19
4923.3, -47, -19
4923.4, -47, -19
4923.5, -47, -19
4923.6, -47, -19
4923.7, -47, -19
4923.8, -47, -19
4923.9, -47, -19
4924, -47, -19
4924.1, -47, -19
4924.2, -47, -19
4924.3, -47, -18
4924.4, -47, -18
4924.5, -47, -18
4924.6, -47, -18
4924.7, -47, -18
4924.8, -47, -18
4924.9, -47, -18
4925, -47, -18
4925.1, -47, -18
4925.2, -47, -18
4925.3, -47, -18
4925.4, -47, -18
4925.5, -47, -18
4925.6, -47, -18
4925.7, -47, -18
4925.8, -47, -18
4925.9, -47, -18
4926, -47, -18
4926.1, -47, -18
4926.2, -47, -18
4926.3, -47, -18
4926.4, -47, -18
4926.5, -47, -18
4926.6, -47, -18
4926.7, -47, -18
4926.8, -47, -18
4926.9, -47, -18
4927, -47, -18
4927.1, -47, -18
4927.2, -47, -18
4927.3, -47, -18
4927.4, -47, -18
4927.5, -47, -18
4927.6, -47, -18
4927.7, -47, -18
4927.8, -47, -18
4927.9, -47, -18
4928, -47, -18
4928.1, -47, -18
4928.2, -47, -18
4928.3, -47, -18
4928.4, -47, -18
4928.5, -47, -18
4928.6, -47, -18
4928.7, -47, -18
4928.8, -47, -18
4928.9, -47, -18
4929, -47, -18
4929.1, -47, -18
4929.2, -47, -18
4929.3, -47, -18
4929.4, -47, -18
4929.5, -47, -18
4929.6, -47, -18
4929.7, -47, -18
4929.8, -47, -18
4929.9, -47, -18
4930, -47, -18
4930.1, -46, -18
4930.2, -46, -18
4930.3, -46, -18
4930.4, -46, -18
4930.5, -46, -18
4930.6, -46, -18
4930.7, -46, -18
4930.8, -46, -18
4930.9, -46, -18
4931, -46, -18
4931.1, -46, -18
4931.2, -46, -18
4931.3, -46, -17
4931.4, -46, -17
4931.5, -46, -17
4931.6, -46, -17
4931.7, -46, -17
4931.8, -46, -17
4931.9, -46, -17
4932, -46, -17
4932.1, -46, -17
4932.2, -46, -17
4932.3, -46, -17
4932.4, -46, -17
4932.5, -46, -18
4932.6, -46, -18
4932.7, -46, -18
4932.8, -46, -18
4932.9, -46, -18
4933, -46, -18
4933.1, -46, -18
4933.2, -46, -18
4933.3, -46, -18
4933.4, -46, -18
4933.5, -46, -18
4933.6, -46, -18
4933.7, -46, -18
4933.8, -46, -18
4933.9, -46, -18
4934, -46, -18
4934.1, -46, -18
4934.2, -46, -18
4934.3, -46, -18
4934.4, -46, -18
4934.5, -46, -18
4934.6, -46, -18
4934.7, -46, -18
4934.8, -46, -18
4934.9, -46, -18
4935, -46, -18
4935.1, -46, -18
4935.2, -46, -18
4935.3, -47, -18
4935.4, -47, -18
4935.5, -47, -18
4935.6, -47, -18
4935.7, -47, -18
4935.8, -47, -18
4935.9, -47, -18
4936, -47, -18
4936.1, -47, -18
4936.2, -47, -18
4936.3, -47, -18
4936.4, -47, -18
4936.5, -47, -18
4936.6, -47, -18
4936.7, -47, -18
4936.8, -47, -18
4936.9, -47, -18
4937, -47, -18
4937.1, -47, -18
4937.2, -47, -18
4937.3, -47, -18
4937.4, -47, -18
4937.5, -47, -18
4937.6, -47, -18
4937.7, -47, -18
4937.8, -47, -18
4937.9, -47, -18
4938, -47, -18
4938.1, -47, -18
4938.2, -47, -18
4938.3, -47, -18
4938.4, -47, -18
4938.5, -47, -18
4938.6, -47, -18
4938.7, -47, -18
4938.8, -47, -18
4938.9, -47, -18
4939, -47, -18
4939.1, -47, -18
4939.2, -47, -18
4939.3, -47, -18
4939.4, -47, -18
4939.5, -47, -18
4939.6, -47, -18
4939.7, -47, -18
4939.8, -47, -18
4939.9, -47, -18
4940, -47, -18
4940.1, -47, -18
4940.2, -47, -18
4940.3, -47, -18
4940.4, -47, -18
4940.5, -47, -18
4940.6, -47, -18
4940.7, -47, -18
4940.8, -47, -18
4940.9, -47, -18
4941, -47, -18
4941.1, -47, -18
4941.2, -47, -18
4941.3, -47, -18
4941.4, -47, -18
4941.5, -47, -18
4941.6, -47, -18
4941.7, -47, -18
4941.8, -47, -18
4941.9, -47, -18
4942, -47, -18
4942.1, -47, -18
4942.2, -47, -18
4942.3, -47, -18
4942.4, -47, -18
4942.5, -47, -18
4942.6, -47, -18
4942.7, -47, -18
4942.8, -47, -18
4942.9, -47, -18
4943, -47, -18
4943.1, -47, -18
4943.2, -47, -18
4943.3, -47, -18
4943.4, -47, -18
4943.5, -47, -18
4943.6, -47, -18
4943.7, -47, -18
4943.8, -47, -18
4943.9, -47, -18
4944, -47, -18
4944.1, -47, -18
4944.2, -47, -18
4944.3, -47, -18
4944.4, -47, -18
4944.5, -47, -18
4944.6, -47, -18
4944.7, -46, -18
4944.8, -46, -18
4944.9, -46, -18
4945, -46, -18
4945.1, -46, -18
4945.2, -46, -18
4945.3, -46, -18
4945.4, -46, -18
4945.5, -46, -18
4945.6, -46, -18
4945.7, -46, -18
4945.8, -46, -18
4945.9, -46, -18
4946, -46, -18
4946.1, -46, -18
4946.2, -46, -18
4946.3, -46, -19
4946.4, -46, -19
4946.5, -46, -19
4946.6, -46, -19
4946.7, -46, -19
4946.8, -46, -19
4946.9, -46, -19
4947, -46, -19
4947.1, -46, -19
4947.2, -46, -19
4947.3, -46, -19
4947.4, -46, -19
4947.5, -46, -19
4947.6, -46, -19
4947.7, -46, -19
4947.8, -46, -19
4947.9, -46, -19
4948, -46, -19
4948.1, -46, -19
4948.2, -46, -19
4948.3, -46, -19
4948.4, -46, -19
4948.5, -46, -19
4948.6, -46, -19
4948.7, -46, -19
4948.8, -46, -19
4948.9, -46, -19
4949, -46, -19
4949.1, -46, -19
4949.2, -46, -19
4949.3, -46, -19
4949.4, -46, -19
4949.5, -45, -19
4949.6, -45, -19
4949.7, -45, -19
4949.8, -45, -19
4949.9, -46, -19
4950, -46, -19
4950.1, -46, -19
4950.2, -46, -19
4950.3, -46, -19
4950.4, -46, -19
4950.5, -46, -19
4950.6, -46, -19
4950.7, -46, -19
4950.8, -46, -19
4950.9, -46, -19
4951, -46, -19
4951.1, -47, -19
4951.2, -47, -19
4951.3, -47, -19
4951.4, -47, -19
4951.5, -47, -19
4951.6, -47, -19
4951.7, -47, -19
4951.8, -47, -19
4951.9, -47, -19
4952, -47, -19
4952.1, -47, -19
4952.2, -47, -19
4952.3, -47, -19
4952.4, -47, -19
4952.5, -47, -19
4952.6, -47, -19
4952.7, -47, -19
4952.8, -47, -19
4952.9, -47, -19
4953, -47, -19
4953.1, -47, -19
4953.2, -47, -19
4953.3, -47, -19
4953.4, -47, -19
4953.5, -47, -20
4953.6, -47, -20
4953.7, -47, -20
4953.8, -47, -20
4953.9, -47, -20
4954, -47, -20
4954.1, -47, -20
4954.2, -47, -20
4954.3, -47, -20
4954.4, -47, -20
4954.5, -47, -20
4954.6, -47, -20
4954.7, -47, -20
4954.8, -47, -20
4954.9, -47, -20
4955, -47, -20
4955.1, -47, -20
4955.2, -47, -20
4955.3, -47, -20
4955.4, -47, -20
4955.5, -47, -20
4955.6, -47, -20
4955.7, -47, -20
4955.8, -47, -20
4955.9, -47, -20
4956, -47, -20
4956.1, -47, -20
4956.2, -47, -20
4956.3, -47, -20
4956.4, -47, -20
4956.5, -47, -20
4956.6, -47, -20
4956.7, -47, -20
4956.8, -47, -20
4956.9, -47, -20
4957, -47, -20
4957.1, -47, -20
4957.2, -47, -20
4957.3, -48, -20
4957.4, -48, -20
4957.5, -48, -20
4957.6, -48, -20
4957.7, -48, -20
4957.8, -48, -20
4957.9, -48, -20
4958, -48, -20
4958.1, -48, -20
4958.2, -48, -20
4958.3, -48, -20
4958.4, -48, -20
4958.5, -48, -19
4958.6, -48, -19
4958.7, -48, -19
4958.8, -48, -19
4958.9, -48, -19
4959, -48, -19
4959.1, -48, -19
4959.2, -48, -19
4959.3, -48, -19
4959.4, -48, -19
4959.5, -48, -19
4959.6, -48, -19
4959.7, -48, -19
4959.8, -48, -19
4959.9, -48, -19
4960, -48, -19
4960.1, -48, -19
4960.2, -48, -19
4960.3, -47, -19
4960.4, -47, -19
4960.5, -47, -19
4960.6, -47, -19
4960.7, -47, -19
4960.8, -47, -19
4960.9, -47, -19
4961, -47, -19
4961.1, -47, -19
4961.2, -47, -19
4961.3, -47, -19
4961.4, -47, -19
4961.5, -47, -19
4961.6, -47, -19
4961.7, -46, -19
4961.8, -46, -19
4961.9, -46, -19
4962, -46, -19
4962.1, -46, -19
4962.2, -46, -19
4962.3, -46, -19
4962.4, -46, -19
4962.5, -46, -19
4962.6, -46, -19
4962.7, -46, -18
4962.8, -46, -18
4962.9, -46, -18
4963, -46, -18
4963.1, -46, -18
4963.2, -46, -18
4963.3, -46, -18
4963.4, -46, -18
4963.5, -46, -18
4963.6, -46, -18
4963.7, -46, -18
4963.8, -46, -18
4963.9, -46, -18
4964, -46, -18
4964.1, -46, -18
4964.2, -46, -18
4964.3, -46, -18
4964.4, -46, -18
4964.5, -46, -18
4964.6, -46, -18
4964.7, -46, -18
4964.8, -46, -18
4964.9, -46, -18
4965, -46, -18
4965.1, -46, -18
4965.2, -46, -18
4965.3, -46, -18
4965.4, -46, -18
4965.5, -46, -18
4965.6, -46, -18
4965.7, -46, -18
4965.8, -46, -18
4965.9, -46, -18
4966, -46, -18
4966.1, -46, -18
4966.2, -46, -18
4966.3, -46, -18
4966.4, -46, -18
4966.5, -46, -18
4966.6, -46, -18
4966.7, -46, -18
4966.8, -46, -18
4966.9, -46, -18
4967, -46, -18
4967.1, -46, -18
4967.2, -46, -18
4967.3, -46, -18
4967.4, -46, -18
4967.5, -46, -18
4967.6, -46, -18
4967.7, -46, -18
4967.8, -46, -18
4967.9, -46, -18
4968, -46, -18
4968.1, -46, -18
4968.2, -46, -18
4968.3, -46, -18
4968.4, -46, -18
4968.5, -46, -18
4968.6, -46, -18
4968.7, -46, -18
4968.8, -46, -18
4968.9, -46, -18
4969, -46, -18
4969.1, -46, -19
4969.2, -46, -19
4969.3, -46, -19
4969.4, -46, -19
4969.5, -46, -19
4969.6, -46, -19
4969.7, -46, -19
4969.8, -46, -19
4969.9, -47, -19
4970, -47, -19
4970.1, -47, -19
4970.2, -47, -19
4970.3, -47, -19
4970.4, -47, -19
4970.5, -47, -19
4970.6, -47, -19
4970.7, -47, -19
4970.8, -47, -19
4970.9, -47, -19
4971, -47, -19
4971.1, -47, -19
4971.2, -47, -19
4971.3, -47, -19
4971.4, -47, -19
4971.5, -47, -19
4971.6, -47, -19
4971.7, -47, -19
4971.8, -47, -19
4971.9, -47, -19
4972, -47, -19
4972.1, -47, -19
4972.2, -47, -19
4972.3, -47, -19
4972.4, -47, -19
4972.5, -47, -19
4972.6, -47, -19
4972.7, -47, -19
4972.8, -47, -19
4972.9, -47, -19
4973, -47, -19
4973.1, -47, -19
4973.2, -47, -19
4973.3, -47, -19
4973.4, -47, -19
4973.5, -47, -19
4973.6, -47, -19
4973.7, -47, -19
4973.8, -47, -19
4973.9, -47, -19
4974, -47, -19
4974.1, -47, -19
4974.2, -47, -19
4974.3, -47, -19
4974.4, -47, -19
4974.5, -47, -19
4974.6, -47, -19
4974.7, -47, -19
4974.8, -47, -19
4974.9, -47, -18
4975, -47, -18
4975.1, -47, -18
4975.2, -47, -18
4975.3, -47, -18
4975.4, -47, -18
4975.5, -47, -18
4975.6, -47, -18
4975.7, -47, -18
4975.8, -47, -18
4975.9, -47, -18
4976, -47, -18
4976.1, -47, -18
4976.2, -47, -18
4976.3, -47, -18
4976.4, -47, -18
4976.5, -48, -18
4976.6, -48, -18
4976.7, -48, -18
4976.8, -48, -18
4976.9, -48, -18
4977, -48, -18
4977.1, -48, -18
4977.2, -48, -18
4977.3, -48, -18
4977.4, -48, -18
4977.5, -48, -17
4977.6, -48, -17
4977.7, -48, -17
4977.8, -48, -17
4977.9, -48, -17
4978, -48, -17
4978.1, -48, -17
4978.2, -48, -17
4978.3, -48, -17
4978.4, -48, -17
4978.5, -48, -17
4978.6, -48, -17
4978.7, -48, -17
4978.8, -48, -17
4978.9, -48, -17
4979, -48, -17
4979.1, -48, -17
4979.2, -48, -17
4979.3, -48, -17
4979.4, -48, -17
4979.5, -48, -17
4979.6, -48, -17
4979.7, -48, -17
4979.8, -48, -17
4979.9, -48, -17
4980, -48, -17
4980.1, -48, -17
4980.2, -48, -17
4980.3, -48, -17
4980.4, -48, -17
4980.5, -48, -17
4980.6, -48, -17
4980.7, -48, -17
4980.8, -48, -17
4980.9, -48, -17
4981, -48, -17
4981.1, -48, -17
4981.2, -48, -17
4981.3, -48, -17
4981.4, -48, -17
4981.5, -48, -17
4981.6, -48, -17
4981.7, -48, -17
4981.8, -48, -17
4981.9, -48, -17
4982, -48, -17
4982.1, -48, -17
4982.2, -48, -17
4982.3, -48, -17
4982.4, -48, -17
4982.5, -48, -17
4982.6, -48, -17
4982.7, -48, -17
4982.8, -48, -17
4982.9, -48, -17
4983, -48, -17
4983.1, -48, -17
4983.2, -48, -17
4983.3, -48, -17
4983.4, -48, -17
4983.5, -48, -17
4983.6, -48, -17
4983.7, -48, -17
4983.8, -48, -17
4983.9, -48, -17
4984, -48, -17
4984.1, -48, -17
4984.2, -48, -17
4984.3, -48, -17
4984.4, -48, -17
4984.5, -47, -17
4984.6, -47, -17
4984.7, -47, -17
4984.8, -47, -17
4984.9, -47, -17
4985, -47, -17
4985.1, -47, -17
4985.2, -47, -17
4985.3, -47, -17
4985.4, -47, -17
4985.5, -48, -17
4985.6, -48, -17
4985.7, -48, -17
4985.8, -48, -17
4985.9, -48, -17
4986, -48, -17
4986.1, -48, -17
4986.2, -48, -17
4986.3, -48, -17
4986.4, -48, -17
4986.5, -48, -17
4986.6, -48, -17
4986.7, -48, -17
4986.8, -48, -17
4986.9, -48, -17
4987, -48, -17
4987.1, -48, -17
4987.2, -48, -17
4987.3, -48, -17
4987.4, -48, -17
4987.5, -48, -17
4987.6, -48, -17
4987.7, -48, -17
4987.8, -48, -17
4987.9, -48, -17
4988, -48, -17
4988.1, -48, -17
4988.2, -48, -17
4988.3, -48, -17
4988.4, -48, -17
4988.5, -48, -17
4988.6, -48, -17
4988.7, -48, -17
4988.8, -48, -17
4988.9, -48, -17
4989, -48, -17
4989.1, -48, -17
4989.2, -48, -17
4989.3, -48, -17
4989.4, -48, -17
4989.5, -48, -17
4989.6, -48, -17
4989.7, -48, -17
4989.8, -48, -17
4989.9, -48, -18
4990, -48, -18
4990.1, -48, -18
4990.2, -48, -18
4990.3, -48, -18
4990.4, -48, -18
4990.5, -48, -18
4990.6, -48, -18
4990.7, -48, -18
4990.8, -48, -18
4990.9, -48, -18
4991, -48, -18
4991.1, -48, -18
4991.2, -48, -18
4991.3, -48, -18
4991.4, -48, -18
4991.5, -48, -18
4991.6, -48, -18
4991.7, -48, -19
4991.8, -48, -19
4991.9, -48, -19
4992, -48, -19
4992.1, -48, -19
4992.2, -48, -19
4992.3, -48, -19
4992.4, -48, -19
4992.5, -48, -19
4992.6, -48, -19
4992.7, -48, -19
4992.8, -48, -19
4992.9, -48, -18
4993, -48, -18
4993.1, -48, -18
4993.2, -48, -18
4993.3, -48, -18
4993.4, -48, -18
4993.5, -48, -18
4993.6, -48, -18
4993.7, -48, -19
4993.8, -48, -19
4993.9, -48, -19
4994, -48, -19
4994.1, -48, -19
4994.2, -48, -19
4994.3, -48, -19
4994.4, -48, -19
4994.5, -48, -19
4994.6, -48, -19
4994.7, -48, -19
4994.8, -48, -19
4994.9, -48, -19
4995, -48, -19
4995.1, -48, -19
4995.2, -48, -19
4995.3, -48, -19
4995.4, -48, -19
4995.5, -48, -19
4995.6, -48, -19
4995.7, -48, -19
4995.8, -48, -19
4995.9, -48, -19
4996, -48, -19
4996.1, -48, -19
4996.2, -48, -19
4996.3, -48, -19
4996.4, -48, -19
4996.5, -48, -19
4996.6, -48, -19
4996.7, -48, -19
4996.8, -48, -19
4996.9, -48, -19
4997, -48, -19
4997.1, -49, -19
4997.2, -49, -19
4997.3, -49, -19
4997.4, -49, -19
4997.5, -49, -19
4997.6, -49, -19
4997.7, -49, -19
4997.8, -49, -19
4997.9, -49, -18
4998, -49, -18
4998.1, -49, -18
4998.2, -49, -18
4998.3, -49, -18
4998.4, -49, -18
4998.5, -49, -18
4998.6, -49, -18
4998.7, -49, -18
4998.8, -49, -18
4998.9, -49, -18
4999, -49, -18
4999.1, -49, -18
4999.2, -49, -18
4999.3, -49, -18
4999.4, -49, -18
4999.5, -49, -18
4999.6, -49, -18
4999.7, -49, -18
4999.8, -49, -18
4999.9, -49, -18
5000, -49, -18
