0, 0, 0
0.1, 0, 0
0.2, 0, 0
0.3, 0, 0
0.4, 0, 0
0.5, 0, 0
0.6, 0, 0
0.7, 0, 0
0.8, 0, 0
0.9, 0, 0
1, 0, 0
1.1, 0, 0
1.2, 0, 0
1.3, 0, 0
1.4, 0, 0
1.5, 0, 0
1.6, 0, 0
1.7, 0, 0
1.8, 0, 0
1.9, 0, 0
2, 0, 0
2.1, 0, 0
2.2, 0, 0
2.3, 0, 0
2.4, 0, 0
2.5, 0, 0
2.6, 0, 0
2.7, 0, 0
2.8, 0, 0
2.9, 0, 0
3, 0, 0
3.1, 0, 0
3.2, 0, 0
3.3, 0, 0
3.4, 0, 0
3.5, 0, 0
3.6, 0, 0
3.7, 0, 0
3.8, 0, 0
3.9, 0, 0
4, 0, 0
4.1, 0, 1
4.2, 0, 1
4.3, 0, 1
4.4, 0, 1
4.5, 0, 1
4.6, 0, 1
4.7, 0, 1
4.8, 0, 1
4.9, 0, 1
5, 0, 1
5.1, 0, 1
5.2, 0, 1
5.3, 0, 1
5.4, 0, 1
5.5, 0, 1
5.6, 0, 1
5.7, 0, 1
5.8, 0, 1
5.9, 0, 1
6, 0, 1
6.1, 0, 1
6.2, 0, 1
6.3, 0, 1
6.4, 0, 1
6.5, 0, 1
6.6, 0, 1
6.7, 0, 1
6.8, 0, 1
6.9, 0, 1
7, 0, 1
7.1, 0, 1
7.2, 0, 1
7.3, 0, 1
7.4, 0, 1
7.5, 0, 1
7.6, 0, 1
7.7, 0, 1
7.8, 0, 1
7.9, 0, 1
8, 0, 1
8.1, 1, 1
8.2, 1, 1
8.3, 1, 0
8.4, 1, 0
8.5, 1, 0
8.6, 1, 0
8.7, 1, 0
8.8, 1, 0
8.9, 1, 0
9, 1, 0
9.1, 1, 0
9.2, 1, 0
9.3, 1, 0
9.4, 1, 0
9.5, 1, 0
9.6, 1, 0
9.7, 1, 0
9.8, 1, 0
9.9, 1, 0
10, 1, 0
10.1, 1, 0
10.2, 1, 0
10.3, 1, -1
10.4, 1, -1
10.5, 1, -1
10.6, 1, -1
10.7, 1, -1
10.8, 1, -1
10.9, 1, -1
11, 1, -1
11.1, 1, -1
11.2, 1, -1
11.3, 1, -1
11.4, 1, -1
11.5, 1, -1
11.6, 1, -1
11.7, 1, -1
11.8, 1, -1
11.9, 1, -1
12, 1, -1
12.1, 1, -1
12.2, 1, -1
12.3, 1, -1
12.4, 1, -1
12.5, 1, -1
12.6, 1, -1
12.7, 1, -1
12.8, 1, -1
12.9, 1, -1
13, 1, -1
13.1, 1, -1
13.2, 1, -1
13.3, 1, -1
13.4, 1, -1
13.5, 1, -1
13.6, 1, -1
13.7, 0, -1
13.8, 0, -1
13.9, 0, -1
14, 0, -1
14.1, 0, -1
14.2, 0, -1
14.3, 0, -1
14.4, 0, -1
14.5, 0, -1
14.6, 0, -1
14.7, 0, -1
14.8, 0, -1
14.9, -1, -1
15, -1, -1
15.1, 0, -1
15.2, 0, -1
15.3, 0, -1
15.4, 0, -1
15.5, 0, -1
15.6, 0, -1
15.7, 0, -1
15.8, 0, -1
15.9, 0, -1
16, 0, -1
16.1, 0, -1
16.2, 0, -1
16.3, -1, -1
16.4, -1, -1
16.5, -1, -1
16.6, -1, -1
16.7, -1, -1
16.8, -1, -1
16.9, -1, -1
17, -1, -1
17.1, -1, -1
17.2, -1, -1
17.3, -1, -1
17.4, -1, -1
17.5, -1, -1
17.6, -1, -1
17.7, -1, -1
17.8, -1, -1
17.9, -1, -1
18, -1, -1
18.1, -1, -1
18.2, -1, -1
18.3, -1, -1
18.4, -1, -1
18.5, -1, -1
18.6, -1, -1
18.7, -1, -1
18.8, -1, -1
18.9, -1, -1
19, -1, -1
19.1, -1, -1
19.2, -1, -1
19.3, -1, -1
19.4, -1, -1
19.5, -1, -1
19.6, -1, -1
19.7, -2, -1
19.8, -2, -1
19.9, -2, -1
20, -2, -1
20.1, -2, -1
20.2, -2, -1
20.3, -2, -1
20.4, -2, -1
20.5, -2, -1
20.6, -2, -1
20.7, -2, -1
20.8, -2, -1
20.9, -2, -2
21, -2, -2
21.1, -2, -2
21.2, -2, -2
21.3, -2, -2
21.4, -2, -2
21.5, -2, -2
21.6, -2, -2
21.7, -2, -2
21.8, -2, -2
21.9, -2, -3
22, -2, -3
22.1, -2, -3
22.2, -2, -3
22.3, -2, -3
22.4, -2, -3
22.5, -2, -3
22.6, -2, -3
22.7, -2, -3
22.8, -2, -3
22.9, -2, -3
23, -2, -3
23.1, -2, -3
23.2, -2, -3
23.3, -2, -3
23.4, -2, -3
23.5, -2, -3
23.6, -2, -3
23.7, -2, -3
23.8, -2, -3
23.9, -2, -3
24, -2, -3
24.1, -2, -3
24.2, -2, -3
24.3, -2, -3
24.4, -2, -3
24.5, -2, -3
24.6, -2, -3
24.7, -2, -3
24.8, -2, -3
24.9, -2, -3
25, -2, -3
25.1, -2, -3
25.2, -2, -3
25.3, -2, -3
25.4, -2, -3
25.5, -1, -3
25.6, -1, -3
25.7, -1, -3
25.8, -1, -3
25.9, -1, -3
26, -1, -3
26.1, -1, -3
26.2, -1, -3
26.3, -1, -3
26.4, -1, -3
26.5, -1, -3
26.6, -1, -3
26.7, -1, -3
26.8, -1, -3
26.9, -1, -3
27, -1, -3
27.1, -1, -3
27.2, -1, -3
27.3, -1, -3
27.4, -1, -3
27.5, 0, -3
27.6, 0, -3
27.7, 0, -3
27.8, 0, -3
27.9, 0, -3
28, 0, -3
28.1, 0, -3
28.2, 0, -3
28.3, 0, -3
28.4, 0, -3
28.5, 0, -3
28.6, 0, -3
28.7, 0, -3
28.8, 0, -3
28.9, 0, -3
29, 0, -3
29.1, 0, -3
29.2, 0, -3
29.3, -1, -3
29.4, -1, -3
29.5, -1, -3
29.6, -1, -3
29.7, -1, -3
29.8, -1, -3
29.9, -1, -3
30, -1, -3
30.1, -1, -3
30.2, -1, -3
30.3, -1, -3
30.4, -1, -3
30.5, -1, -3
30.6, -1, -3
30.7, -1, -3
30.8, -1, -3
30.9, -1, -3
31, -1, -3
31.1, -1, -3
31.2, -1, -3
31.3, -1, -3
31.4, -1, -3
31.5, -1, -4
31.6, -1, -4
31.7, -1, -4
31.8, -1, -4
31.9, -1, -4
32, -1, -4
32.1, 0, -4
32.2, 0, -4
32.3, 0, -4
32.4, 0, -4
32.5, 0, -4
32.6, 0, -4
32.7, 0, -4
32.8, 0, -4
32.9, 0, -4
33, 0, -4
33.1, 0, -4
33.2, 0, -4
33.3, 0, -4
33.4, 0, -4
33.5, 0, -4
33.6, 0, -4
33.7, 0, -4
33.8, 0, -4
33.9, 0, -4
34, 0, -4
34.1, 0, -4
34.2, 0, -4
34.3, 0, -4
34.4, 0, -4
34.5, 0, -4
34.6, 0, -4
34.7, 0, -4
34.8, 0, -4
34.9, 0, -4
35, 0, -4
35.1, 0, -4
35.2, 0, -4
35.3, 0, -4
35.4, 0, -4
35.5, 0, -4
35.6, 0, -4
35.7, 0, -4
35.8, 0, -4
35.9, 0, -4
36, 0, -4
36.1, 0, -4
36.2, 0, -4
36.3, 0, -4
36.4, 0, -4
36.5, 0, -4
36.6, 0, -4
36.7, 0, -4
36.8, 0, -4
36.9, 0, -4
37, 0, -4
37.1, 0, -4
37.2, 0, -4
37.3, -1, -4
37.4, -1, -4
37.5, -1, -4
37.6, -1, -4
37.7, 0, -4
37.8, 0, -4
37.9, 0, -4
38, 0, -4
38.1, 0, -4
38.2, 0, -4
38.3, 0, -4
38.4, 0, -4
38.5, 0, -4
38.6, 0, -4
38.7, 0, -4
38.8, 0, -4
38.9, 0, -4
39, 0, -4
39.1, 0, -4
39.2, 0, -4
39.3, 0, -4
39.4, 0, -4
39.5, 0, -4
39.6, 0, -4
39.7, 0, -4
39.8, 0, -4
39.9, 0, -4
40, 0, -4
40.1, 0, -3
40.2, 0, -3
40.3, 0, -3
40.4, 0, -3
40.5, 0, -3
40.6, 0, -3
40.7, 0, -4
40.8, 0, -4
40.9, 0, -4
41, 0, -4
41.1, 0, -4
41.2, 0, -4
41.3, 0, -4
41.4, 0, -4
41.5, 0, -4
41.6, 0, -4
41.7, 0, -5
41.8, 0, -5
41.9, 0, -6
42, 0, -6
42.1, 0, -6
42.2, 0, -6
42.3, 0, -6
42.4, 0, -6
42.5, 0, -6
42.6, 0, -6
42.7, 0, -6
42.8, 0, -6
42.9, 0, -6
43, 0, -6
43.1, 0, -6
43.2, 0, -6
43.3, 0, -6
43.4, 0, -6
43.5, 0, -6
43.6, 0, -6
43.7, 0, -6
43.8, 0, -6
43.9, 0, -6
44, 0, -6
44.1, 0, -6
44.2, 0, -6
44.3, 0, -6
44.4, 0, -6
44.5, 0, -6
44.6, 0, -6
44.7, 0, -6
44.8, 0, -6
44.9, 0, -6
45, 0, -6
45.1, 0, -7
45.2, 0, -7
45.3, 0, -7
45.4, 0, -7
45.5, 0, -7
45.6, 0, -7
45.7, 0, -7
45.8, 0, -7
45.9, 0, -7
46, 0, -7
46.1, 0, -7
46.2, 0, -7
46.3, 0, -7
46.4, 0, -7
46.5, 0, -7
46.6, 0, -7
46.7, 0, -7
46.8, 0, -7
46.9, 0, -7
47, 0, -7
47.1, 0, -7
47.2, 0, -7
47.3, 0, -7
47.4, 0, -7
47.5, 0, -7
47.6, 0, -7
47.7, 0, -7
47.8, 0, -7
47.9, 0, -7
48, 0, -7
48.1, 0, -8
48.2, 0, -8
48.3, 1, -8
48.4, 1, -8
48.5, 1, -8
48.6, 1, -8
48.7, 1, -8
48.8, 1, -8
48.9, 1, -8
49, 1, -8
49.1, 1, -8
49.2, 1, -8
49.3, 1, -8
49.4, 1, -8
49.5, 1, -8
49.6, 1, -8
49.7, 1, -8
49.8, 1, -8
49.9, 1, -8
50, 1, -8
50.1, 1, -8
50.2, 1, -8
50.3, 1, -8
50.4, 1, -8
50.5, 1, -8
50.6, 1, -8
50.7, 1, -8
50.8, 1, -8
50.9, 1, -8
51, 1, -8
51.1, 1, -8
51.2, 1, -8
51.3, 1, -8
51.4, 1, -8
51.5, 1, -8
51.6, 1, -8
51.7, 1, -8
51.8, 1, -8
51.9, 1, -8
52, 1, -8
52.1, 1, -8
52.2, 1, -8
52.3, 1, -8
52.4, 1, -8
52.5, 1, -8
52.6, 1, -8
52.7, 1, -8
52.8, 1, -8
52.9, 1, -8
53, 1, -8
53.1, 1, -8
53.2, 1, -8
53.3, 1, -8
53.4, 1, -8
53.5, 1, -8
53.6, 1, -8
53.7, 1, -8
53.8, 1, -8
53.9, 1, -8
54, 1, -8
54.1, 1, -8
54.2, 1, -8
54.3, 1, -8
54.4, 1, -8
54.5, 1, -8
54.6, 1, -8
54.7, 1, -8
54.8, 1, -8
54.9, 1, -8
55, 1, -8
55.1, 1, -8
55.2, 1, -8
55.3, 1, -8
55.4, 1, -8
55.5, 1, -8
55.6, 1, -8
55.7, 1, -8
55.8, 1, -8
55.9, 1, -8
56, 1, -8
56.1, 1, -8
56.2, 1, -8
56.3, 1, -8
56.4, 1, -8
56.5, 1, -8
56.6, 1, -8
56.7, 1, -8
56.8, 1, -8
56.9, 1, -8
57, 1, -8
57.1, 1, -9
57.2, 1, -9
57.3, 1, -9
57.4, 1, -9
57.5, 1, -10
57.6, 1, -10
57.7, 1, -10
57.8, 1, -10
57.9, 1, -10
58, 1, -10
58.1, 1, -10
58.2, 1, -10
58.3, 1, -10
58.4, 1, -10
58.5, 1, -10
58.6, 1, -10
58.7, 1, -10
58.8, 1, -10
58.9, 1, -10
59, 1, -10
59.1, 1, -10
59.2, 1, -10
59.3, 1, -10
59.4, 1, -10
59.5, 1, -10
59.6, 1, -10
59.7, 1, -10
59.8, 1, -10
59.9, 1, -10
60, 1, -10
60.1, 1, -10
60.2, 1, -10
60.3, 1, -10
60.4, 1, -10
60.5, 1, -10
60.6, 1, -10
60.7, 1, -10
60.8, 1, -10
60.9, 1, -10
61, 1, -10
61.1, 1, -10
61.2, 1, -10
61.3, 1, -10
61.4, 1, -10
61.5, 1, -10
61.6, 1, -10
61.7, 1, -10
61.8, 1, -10
61.9, 1, -10
62, 1, -10
62.1, 1, -10
62.2, 1, -10
62.3, 2, -10
62.4, 2, -10
62.5, 2, -10
62.6, 2, -10
62.7, 2, -10
62.8, 2, -10
62.9, 2, -10
63, 2, -10
63.1, 2, -10
63.2, 2, -10
63.3, 2, -10
63.4, 2, -10
63.5, 2, -10
63.6, 2, -10
63.7, 2, -10
63.8, 2, -10
63.9, 2, -10
64, 2, -10
64.1, 2, -10
64.2, 2, -10
64.3, 2, -10
64.4, 2, -10
64.5, 2, -10
64.6, 2, -10
64.7, 2, -10
64.8, 2, -10
64.9, 2, -10
65, 2, -10
65.1, 2, -10
65.2, 2, -10
65.3, 2, -10
65.4, 2, -10
65.5, 2, -10
65.6, 2, -10
65.7, 2, -10
65.8, 2, -10
65.9, 2, -10
66, 2, -10
66.1, 2, -10
66.2, 2, -10
66.3, 2, -10
66.4, 2, -10
66.5, 2, -10
66.6, 2, -10
66.7, 2, -10
66.8, 2, -10
66.9, 2, -10
67, 2, -10
67.1, 2, -10
67.2, 2, -10
67.3, 2, -9
67.4, 2, -9
67.5, 2, -9
67.6, 2, -9
67.7, 2, -9
67.8, 2, -9
67.9, 2, -10
68, 2, -10
68.1, 2, -10
68.2, 2, -10
68.3, 2, -10
68.4, 2, -10
68.5, 2, -10
68.6, 2, -10
68.7, 2, -10
68.8, 2, -10
68.9, 2, -10
69, 2, -10
69.1, 2, -10
69.2, 2, -10
69.3, 2, -10
69.4, 2, -10
69.5, 2, -10
69.6, 2, -10
69.7, 2, -10
69.8, 2, -10
69.9, 2, -10
70, 2, -10
70.1, 2, -10
70.2, 2, -10
70.3, 2, -10
70.4, 2, -10
70.5, 2, -10
70.6, 2, -10
70.7, 2, -10
70.8, 2, -10
70.9, 2, -10
71, 2, -10
71.1, 2, -10
71.2, 2, -10
71.3, 2, -10
71.4, 2, -10
71.5, 2, -10
71.6, 2, -10
71.7, 2, -10
71.8, 2, -10
71.9, 2, -10
72, 2, -10
72.1, 2, -10
72.2, 2, -10
72.3, 2, -10
72.4, 2, -10
72.5, 2, -10
72.6, 2, -10
72.7, 2, -10
72.8, 2, -10
72.9, 2, -10
73, 2, -10
73.1, 2, -10
73.2, 2, -10
73.3, 2, -9
73.4, 2, -9
73.5, 2, -9
73.6, 2, -9
73.7, 2, -9
73.8, 2, -9
73.9, 2, -9
74, 2, -9
74.1, 2, -9
74.2, 2, -9
74.3, 2, -9
74.4, 2, -9
74.5, 2, -9
74.6, 2, -9
74.7, 2, -9
74.8, 2, -9
74.9, 2, -9
75, 2, -9
75.1, 2, -9
75.2, 2, -9
75.3, 1, -9
75.4, 1, -9
75.5, 1, -9
75.6, 1, -9
75.7, 1, -9
75.8, 1, -9
75.9, 1, -9
76, 1, -9
76.1, 1, -9
76.2, 1, -9
76.3, 1, -9
76.4, 1, -9
76.5, 1, -9
76.6, 1, -9
76.7, 1, -9
76.8, 1, -9
76.9, 1, -9
77, 1, -9
77.1, 1, -9
77.2, 1, -9
77.3, 2, -9
77.4, 2, -9
77.5, 2, -9
77.6, 2, -9
77.7, 2, -9
77.8, 2, -9
77.9, 2, -9
78, 2, -9
78.1, 2, -9
78.2, 2, -9
78.3, 2, -9
78.4, 2, -9
78.5, 2, -9
78.6, 2, -9
78.7, 2, -9
78.8, 2, -9
78.9, 2, -9
79, 2, -9
79.1, 2, -9
79.2, 2, -9
79.3, 2, -9
79.4, 2, -9
79.5, 2, -9
79.6, 2, -9
79.7, 2, -9
79.8, 2, -9
79.9, 2, -9
80, 2, -9
80.1, 2, -9
80.2, 2, -9
80.3, 2, -9
80.4, 2, -9
80.5, 2, -9
80.6, 2, -9
80.7, 2, -9
80.8, 2, -9
80.9, 2, -9
81, 2, -9
81.1, 2, -9
81.2, 2, -9
81.3, 2, -9
81.4, 2, -9
81.5, 2, -10
81.6, 2, -10
81.7, 2, -10
81.8, 2, -10
81.9, 2, -10
82, 2, -10
82.1, 2, -10
82.2, 2, -10
82.3, 2, -10
82.4, 2, -10
82.5, 2, -10
82.6, 2, -10
82.7, 2, -11
82.8, 2, -11
82.9, 2, -11
83, 2, -11
83.1, 2, -11
83.2, 2, -11
83.3, 2, -11
83.4, 2, -11
83.5, 2, -11
83.6, 2, -11
83.7, 2, -11
83.8, 2, -11
83.9, 2, -11
84, 2, -11
84.1, 2, -11
84.2, 2, -11
84.3, 2, -11
84.4, 2, -11
84.5, 2, -12
84.6, 2, -12
84.7, 2, -12
84.8, 2, -12
84.9, 2, -12
85, 2, -12
85.1, 2, -12
85.2, 2, -12
85.3, 2, -11
85.4, 2, -11
85.5, 2, -11
85.6, 2, -11
85.7, 2, -11
85.8, 2, -11
85.9, 2, -11
86, 2, -11
86.1, 2, -11
86.2, 2, -11
86.3, 2, -11
86.4, 2, -11
86.5, 2, -11
86.6, 2, -11
86.7, 2, -11
86.8, 2, -11
86.9, 2, -11
87, 2, -11
87.1, 2, -11
87.2, 2, -11
87.3, 2, -11
87.4, 2, -11
87.5, 2, -11
87.6, 2, -11
87.7, 2, -11
87.8, 2, -11
87.9, 2, -12
88, 2, -12
88.1, 2, -12
88.2, 2, -12
88.3, 2, -12
88.4, 2, -12
88.5, 2, -12
88.6, 2, -12
88.7, 2, -12
88.8, 2, -12
88.9, 2, -13
89, 2, -13
89.1, 2, -13
89.2, 2, -13
89.3, 2, -13
89.4, 2, -13
89.5, 2, -14
89.6, 2, -14
89.7, 2, -14
89.8, 2, -14
89.9, 2, -14
90, 2, -14
90.1, 2, -14
90.2, 2, -14
90.3, 2, -14
90.4, 2, -14
90.5, 2, -14
90.6, 2, -14
90.7, 2, -14
90.8, 2, -14
90.9, 2, -14
91, 2, -14
91.1, 2, -14
91.2, 2, -14
91.3, 2, -14
91.4, 2, -14
91.5, 2, -14
91.6, 2, -14
91.7, 2, -14
91.8, 2, -14
91.9, 2, -14
92, 2, -14
92.1, 2, -14
92.2, 2, -14
92.3, 2, -14
92.4, 2, -14
92.5, 2, -14
92.6, 2, -14
92.7, 2, -14
92.8, 2, -14
92.9, 2, -14
93, 2, -14
93.1, 2, -14
93.2, 2, -14
93.3, 2, -13
93.4, 2, -13
93.5, 2, -13
93.6, 2, -13
93.7, 2, -13
93.8, 2, -13
93.9, 2, -13
94, 2, -13
94.1, 2, -13
94.2, 2, -13
94.3, 3, -13
94.4, 3, -13
94.5, 3, -13
94.6, 3, -13
94.7, 3, -13
94.8, 3, -13
94.9, 3, -13
95, 3, -13
95.1, 3, -13
95.2, 3, -13
95.3, 3, -13
95.4, 3, -13
95.5, 3, -13
95.6, 3, -13
95.7, 3, -13
95.8, 3, -13
95.9, 3, -13
96, 3, -13
96.1, 3, -13
96.2, 3, -13
96.3, 3, -13
96.4, 3, -13
96.5, 3, -13
96.6, 3, -13
96.7, 3, -13
96.8, 3, -13
96.9, 3, -13
97, 3, -13
97.1, 3, -13
97.2, 3, -13
97.3, 3, -13
97.4, 3, -13
97.5, 3, -13
97.6, 3, -13
97.7, 3, -13
97.8, 3, -13
97.9, 3, -13
98, 3, -13
98.1, 3, -13
98.2, 3, -13
98.3, 3, -12
98.4, 3, -12
98.5, 3, -12
98.6, 3, -12
98.7, 3, -12
98.8, 3, -12
98.9, 3, -12
99, 3, -12
99.1, 3, -12
99.2, 3, -12
99.3, 3, -13
99.4, 3, -13
99.5, 3, -13
99.6, 3, -13
99.7, 3, -13
99.8, 3, -13
99.9, 3, -13
100, 3, -13
100.1, 3, -13
100.2, 3, -13
100.3, 3, -13
100.4, 3, -13
100.5, 3, -13
100.6, 3, -13
100.7, 3, -13
100.8, 3, -13
100.9, 3, -13
101, 3, -13
101.1, 3, -13
101.2, 3, -13
101.3, 3, -13
101.4, 3, -13
101.5, 3, -13
101.6, 3, -13
101.7, 3, -13
101.8, 3, -13
101.9, 3, -13
102, 3, -13
102.1, 3, -13
102.2, 3, -13
102.3, 3, -13
102.4, 3, -13
102.5, 3, -13
102.6, 3, -13
102.7, 3, -13
102.8, 3, -13
102.9, 3, -13
103, 3, -13
103.1, 3, -13
103.2, 3, -13
103.3, 3, -13
103.4, 3, -13
103.5, 3, -13
103.6, 3, -13
103.7, 3, -13
103.8, 3, -13
103.9, 3, -13
104, 3, -13
104.1, 3, -13
104.2, 3, -13
104.3, 3, -13
104.4, 3, -13
104.5, 3, -13
104.6, 3, -13
104.7, 3, -13
104.8, 3, -13
104.9, 3, -13
105, 3, -13
105.1, 3, -13
105.2, 3, -13
105.3, 3, -13
105.4, 3, -13
105.5, 3, -14
105.6, 3, -14
105.7, 3, -15
105.8, 3, -15
105.9, 3, -15
106, 3, -15
106.1, 3, -15
106.2, 3, -15
106.3, 3, -15
106.4, 3, -15
106.5, 3, -15
106.6, 3, -15
106.7, 3, -15
106.8, 3, -15
106.9, 3, -15
107, 3, -15
107.1, 3, -15
107.2, 3, -15
107.3, 3, -15
107.4, 3, -15
107.5, 3, -15
107.6, 3, -15
107.7, 3, -15
107.8, 3, -15
107.9, 3, -15
108, 3, -15
108.1, 3, -15
108.2, 3, -15
108.3, 3, -15
108.4, 3, -15
108.5, 3, -15
108.6, 3, -15
108.7, 3, -15
108.8, 3, -15
108.9, 3, -15
109, 3, -15
109.1, 3, -15
109.2, 3, -15
109.3, 3, -15
109.4, 3, -15
109.5, 2, -15
109.6, 2, -15
109.7, 2, -16
109.8, 2, -16
109.9, 2, -16
110, 2, -16
110.1, 2, -16
110.2, 2, -16
110.3, 2, -16
110.4, 2, -16
110.5, 2, -16
110.6, 2, -16
110.7, 2, -16
110.8, 2, -16
110.9, 2, -16
111, 2, -16
111.1, 2, -16
111.2, 2, -16
111.3, 2, -16
111.4, 2, -16
111.5, 2, -16
111.6, 2, -16
111.7, 2, -16
111.8, 2, -16
111.9, 2, -16
112, 2, -16
112.1, 2, -16
112.2, 2, -16
112.3, 2, -16
112.4, 2, -16
112.5, 2, -16
112.6, 2, -16
112.7, 2, -16
112.8, 2, -16
112.9, 2, -16
113, 2, -16
113.1, 2, -16
113.2, 2, -16
113.3, 2, -16
113.4, 2, -16
113.5, 2, -16
113.6, 2, -16
113.7, 2, -16
113.8, 2, -16
113.9, 2, -16
114, 2, -16
114.1, 2, -16
114.2, 2, -16
114.3, 2, -16
114.4, 2, -16
114.5, 2, -16
114.6, 2, -16
114.7, 2, -16
114.8, 2, -16
114.9, 2, -16
115, 2, -16
115.1, 2, -16
115.2, 2, -16
115.3, 2, -16
115.4, 2, -16
115.5, 2, -16
115.6, 2, -16
115.7, 2, -16
115.8, 2, -16
115.9, 2, -16
116, 2, -16
116.1, 2, -16
116.2, 2, -16
116.3, 2, -16
116.4, 2, -16
116.5, 2, -16
116.6, 2, -16
116.7, 2, -16
116.8, 2, -16
116.9, 3, -16
117, 3, -16
117.1, 3, -16
117.2, 3, -16
117.3, 3, -16
117.4, 3, -16
117.5, 3, -16
117.6, 3, -16
117.7, 3, -16
117.8, 3, -16
117.9, 3, -16
118, 3, -16
118.1, 3, -16
118.2, 3, -16
118.3, 3, -16
118.4, 3, -16
118.5, 3, -17
118.6, 3, -17
118.7, 3, -17
118.8, 3, -17
118.9, 3, -17
119, 3, -17
119.1, 3, -17
119.2, 3, -17
119.3, 3, -16
119.4, 3, -16
119.5, 3, -16
119.6, 3, -16
119.7, 3, -16
119.8, 3, -16
119.9, 3, -16
120, 3, -16
120.1, 3, -16
120.2, 3, -16
120.3, 3, -16
120.4, 3, -16
120.5, 3, -16
120.6, 3, -16
120.7, 3, -16
120.8, 3, -16
120.9, 3, -16
121, 3, -16
121.1, 3, -16
121.2, 3, -16
121.3, 3, -17
121.4, 3, -17
121.5, 3, -17
121.6, 3, -17
121.7, 3, -17
121.8, 3, -17
121.9, 3, -18
122, 3, -18
122.1, 3, -18
122.2, 3, -18
122.3, 3, -18
122.4, 3, -18
122.5, 3, -18
122.6, 3, -18
122.7, 2, -18
122.8, 2, -18
122.9, 2, -18
123, 2, -18
123.1, 2, -18
123.2, 2, -18
123.3, 2, -18
123.4, 2, -18
123.5, 2, -18
123.6, 2, -18
123.7, 2, -18
123.8, 2, -18
123.9, 2, -18
124, 2, -18
124.1, 2, -17
124.2, 2, -17
124.3, 2, -17
124.4, 2, -17
124.5, 2, -17
124.6, 2, -17
124.7, 2, -17
124.8, 2, -17
124.9, 2, -17
125, 2, -17
125.1, 2, -17
125.2, 2, -17
125.3, 2, -17
125.4, 2, -17
125.5, 2, -17
125.6, 2, -17
125.7, 2, -17
125.8, 2, -17
125.9, 2, -17
126, 2, -17
126.1, 2, -17
126.2, 2, -17
126.3, 2, -17
126.4, 2, -17
126.5, 2, -17
126.6, 2, -17
126.7, 2, -17
126.8, 2, -17
126.9, 2, -17
127, 2, -17
127.1, 2, -17
127.2, 2, -17
127.3, 2, -17
127.4, 2, -17
127.5, 2, -17
127.6, 2, -17
127.7, 2, -17
127.8, 2, -17
127.9, 2, -17
128, 2, -17
128.1, 2, -17
128.2, 2, -17
128.3, 2, -17
128.4, 2, -17
128.5, 2, -17
128.6, 2, -17
128.7, 3, -17
128.8, 3, -17
128.9, 3, -17
129, 3, -17
129.1, 3, -17
129.2, 3, -17
129.3, 3, -17
129.4, 3, -17
129.5, 3, -17
129.6, 3, -17
129.7, 3, -17
129.8, 3, -17
129.9, 3, -17
130, 3, -17
130.1, 3, -17
130.2, 3, -17
130.3, 3, -17
130.4, 3, -17
130.5, 3, -17
130.6, 3, -17
130.7, 3, -17
130.8, 3, -17
130.9, 3, -17
131, 3, -17
131.1, 3, -17
131.2, 3, -17
131.3, 3, -17
131.4, 3, -17
131.5, 3, -17
131.6, 3, -17
131.7, 3, -17
131.8, 3, -17
131.9, 3, -17
132, 3, -17
132.1, 3, -17
132.2, 3, -17
132.3, 3, -17
132.4, 3, -17
132.5, 3, -17
132.6, 3, -17
132.7, 3, -17
132.8, 3, -17
132.9, 3, -17
133, 3, -17
133.1, 3, -17
133.2, 3, -17
133.3, 3, -17
133.4, 3, -17
133.5, 3, -17
133.6, 3, -17
133.7, 3, -17
133.8, 3, -17
133.9, 3, -17
134, 3, -17
134.1, 3, -17
134.2, 3, -17
134.3, 3, -17
134.4, 3, -17
134.5, 3, -17
134.6, 3, -17
134.7, 3, -17
134.8, 3, -17
134.9, 3, -17
135, 3, -17
135.1, 3, -17
135.2, 3, -17
135.3, 3, -17
135.4, 3, -17
135.5, 3, -17
135.6, 3, -17
135.7, 3, -17
135.8, 3, -17
135.9, 3, -17
136, 3, -17
136.1, 3, -17
136.2, 3, -17
136.3, 3, -17
136.4, 3, -17
136.5, 3, -17
136.6, 3, -17
136.7, 3, -17
136.8, 3, -17
136.9, 3, -16
137, 3, -16
137.1, 3, -16
137.2, 3, -16
137.3, 3, -16
137.4, 3, -16
137.5, 3, -16
137.6, 3, -16
137.7, 3, -16
137.8, 3, -16
137.9, 3, -16
138, 3, -16
138.1, 3, -16
138.2, 3, -16
138.3, 3, -16
138.4, 3, -16
138.5, 3, -16
138.6, 3, -16
138.7, 3, -16
138.8, 3, -16
138.9, 3, -16
139, 3, -16
139.1, 3, -17
139.2, 3, -17
139.3, 3, -17
139.4, 3, -17
139.5, 2, -17
139.6, 2, -17
139.7, 2, -17
139.8, 2, -17
139.9, 2, -17
140, 2, -17
140.1, 2, -17
140.2, 2, -17
140.3, 2, -17
140.4, 2, -17
140.5, 2, -17
140.6, 2, -17
140.7, 2, -17
140.8, 2, -17
140.9, 2, -17
141, 2, -17
141.1, 2, -17
141.2, 2, -17
141.3, 2, -17
141.4, 2, -17
141.5, 2, -17
141.6, 2, -17
141.7, 2, -17
141.8, 2, -17
141.9, 2, -17
142, 2, -17
142.1, 2, -17
142.2, 2, -17
142.3, 2, -17
142.4, 2, -17
142.5, 2, -18
142.6, 2, -18
142.7, 2, -18
142.8, 2, -18
142.9, 2, -18
143, 2, -18
143.1, 2, -18
143.2, 2, -18
143.3, 2, -18
143.4, 2, -18
143.5, 2, -18
143.6, 2, -18
143.7, 2, -18
143.8, 2, -18
143.9, 2, -18
144, 2, -18
144.1, 2, -18
144.2, 2, -18
144.3, 2, -18
144.4, 2, -18
144.5, 2, -18
144.6, 2, -18
144.7, 2, -18
144.8, 2, -18
144.9, 2, -18
145, 2, -18
145.1, 2, -18
145.2, 2, -18
145.3, 2, -18
145.4, 2, -18
145.5, 2, -18
145.6, 2, -18
145.7, 2, -18
145.8, 2, -18
145.9, 2, -18
146, 2, -18
146.1, 2, -19
146.2, 2, -19
146.3, 2, -19
146.4, 2, -19
146.5, 2, -19
146.6, 2, -19
146.7, 2, -19
146.8, 2, -19
146.9, 2, -19
147, 2, -19
147.1, 1, -19
147.2, 1, -19
147.3, 1, -19
147.4, 1, -19
147.5, 1, -19
147.6, 1, -19
147.7, 1, -19
147.8, 1, -19
147.9, 1, -20
148, 1, -20
148.1, 1, -20
148.2, 1, -20
148.3, 1, -20
148.4, 1, -20
148.5, 1, -20
148.6, 1, -20
148.7, 1, -20
148.8, 1, -20
148.9, 1, -20
149, 1, -20
149.1, 1, -20
149.2, 1, -20
149.3, 1, -20
149.4, 1, -20
149.5, 1, -20
149.6, 1, -20
149.7, 0, -20
149.8, 0, -20
149.9, 0, -20
150, 0, -20
150.1, 0, -20
150.2, 0, -20
150.3, 0, -20
150.4, 0, -20
150.5, 0, -20
150.6, 0, -20
150.7, 0, -20
150.8, 0, -20
150.9, 0, -20
151, 0, -20
151.1, 0, -20
151.2, 0, -20
151.3, 0, -20
151.4, 0, -20
151.5, 0, -20
151.6, 0, -20
151.7, 0, -20
151.8, 0, -20
151.9, 0, -20
152, 0, -20
152.1, 0, -20
152.2, 0, -20
152.3, 0, -20
152.4, 0, -20
152.5, 0, -20
152.6, 0, -20
152.7, 0, -20
152.8, 0, -20
152.9, 0, -20
153, 0, -20
153.1, 0, -20
153.2, 0, -20
153.3, 0, -20
153.4, 0, -20
153.5, 0, -19
153.6, 0, -19
153.7, 0, -19
153.8, 0, -19
153.9, 0, -19
154, 0, -19
154.1, 0, -19
154.2, 0, -19
154.3, 0, -19
154.4, 0, -19
154.5, 0, -19
154.6, 0, -19
154.7, 0, -19
154.8, 0, -19
154.9, 0, -19
155, 0, -19
155.1, 0, -19
155.2, 0, -19
155.3, 0, -19
155.4, 0, -19
155.5, 0, -19
155.6, 0, -19
155.7, 0, -19
155.8, 0, -19
155.9, 0, -19
156, 0, -19
156.1, 0, -19
156.2, 0, -19
156.3, 0, -19
156.4, 0, -19
156.5, 0, -19
156.6, 0, -19
156.7, 0, -19
156.8, 0, -19
156.9, -1, -19
157, -1, -19
157.1, -1, -20
157.2, -1, -20
157.3, -1, -20
157.4, -1, -20
157.5, -1, -21
157.6, -1, -21
157.7, -1, -21
157.8, -1, -21
157.9, -1, -21
158, -1, -21
158.1, 0, -21
158.2, 0, -21
158.3, 0, -21
158.4, 0, -21
158.5, 0, -21
158.6, 0, -21
158.7, 0, -21
158.8, 0, -21
158.9, 0, -21
159, 0, -21
159.1, 0, -21
159.2, 0, -21
159.3, 0, -21
159.4, 0, -21
159.5, 0, -20
159.6, 0, -20
159.7, 0, -20
159.8, 0, -20
159.9, 0, -20
160, 0, -20
160.1, 0, -20
160.2, 0, -20
160.3, 0, -20
160.4, 0, -20
160.5, 0, -20
160.6, 0, -20
160.7, 0, -20
160.8, 0, -20
160.9, 0, -19
161, 0, -19
161.1, 0, -19
161.2, 0, -19
161.3, 0, -19
161.4, 0, -19
161.5, 0, -19
161.6, 0, -19
161.7, 0, -19
161.8, 0, -19
161.9, 0, -19
162, 0, -19
162.1, 0, -19
162.2, 0, -19
162.3, 0, -19
162.4, 0, -19
162.5, 0, -19
162.6, 0, -19
162.7, 0, -19
162.8, 0, -19
162.9, 0, -19
163, 0, -19
163.1, 0, -19
163.2, 0, -19
163.3, 0, -19
163.4, 0, -19
163.5, 0, -19
163.6, 0, -19
163.7, 0, -19
163.8, 0, -19
163.9, 1, -19
164, 1, -19
164.1, 1, -19
164.2, 1, -19
164.3, 1, -19
164.4, 1, -19
164.5, 1, -19
164.6, 1, -19
164.7, 1, -19
164.8, 1, -19
164.9, 1, -19
165, 1, -19
165.1, 1, -19
165.2, 1, -19
165.3, 1, -19
165.4, 1, -19
165.5, 1, -19
165.6, 1, -19
165.7, 1, -19
165.8, 1, -19
165.9, 1, -19
166, 1, -19
166.1, 1, -19
166.2, 1, -19
166.3, 1, -19
166.4, 1, -19
166.5, 1, -19
166.6, 1, -19
166.7, 1, -19
166.8, 1, -19
166.9, 1, -19
167, 1, -19
167.1, 1, -19
167.2, 1, -19
167.3, 1, -19
167.4, 1, -19
167.5, 1, -19
167.6, 1, -19
167.7, 1, -19
167.8, 1, -19
167.9, 1, -19
168, 1, -19
168.1, 1, -19
168.2, 1, -19
168.3, 1, -19
168.4, 1, -19
168.5, 1, -19
168.6, 1, -19
168.7, 1, -19
168.8, 1, -19
168.9, 1, -19
169, 1, -19
169.1, 1, -19
169.2, 1, -19
169.3, 1, -19
169.4, 1, -19
169.5, 1, -19
169.6, 1, -19
169.7, 1, -19
169.8, 1, -19
169.9, 1, -19
170, 1, -19
170.1, 1, -19
170.2, 1, -19
170.3, 1, -19
170.4, 1, -19
170.5, 1, -19
170.6, 1, -19
170.7, 1, -19
170.8, 1, -19
170.9, 1, -19
171, 1, -19
171.1, 1, -19
171.2, 1, -19
171.3, 1, -19
171.4, 1, -19
171.5, 1, -19
171.6, 1, -19
171.7, 1, -19
171.8, 1, -19
171.9, 1, -19
172, 1, -19
172.1, 1, -19
172.2, 1, -19
172.3, 1, -19
172.4, 1, -19
172.5, 1, -19
172.6, 1, -19
172.7, 1, -19
172.8, 1, -19
172.9, 1, -19
173, 1, -19
173.1, 1, -19
173.2, 1, -19
173.3, 1, -19
173.4, 1, -19
173.5, 1, -19
173.6, 1, -19
173.7, 1, -19
173.8, 1, -19
173.9, 1, -19
174, 1, -19
174.1, 1, -19
174.2, 1, -19
174.3, 1, -19
174.4, 1, -19
174.5, 1, -19
174.6, 1, -19
174.7, 1, -19
174.8, 1, -19
174.9, 1, -19
175, 1, -19
175.1, 1, -19
175.2, 1, -19
175.3, 1, -19
175.4, 1, -19
175.5, 1, -19
175.6, 1, -19
175.7, 1, -19
175.8, 1, -19
175.9, 1, -19
176, 1, -19
176.1, 1, -19
176.2, 1, -19
176.3, 1, -19
176.4, 1, -19
176.5, 1, -19
176.6, 1, -19
176.7, 1, -19
176.8, 1, -19
176.9, 1, -19
177, 1, -19
177.1, 1, -19
177.2, 1, -19
177.3, 1, -19
177.4, 1, -19
177.5, 1, -19
177.6, 1, -19
177.7, 1, -19
177.8, 1, -19
177.9, 1, -19
178, 1, -19
178.1, 1, -19
178.2, 1, -19
178.3, 1, -19
178.4, 1, -19
178.5, 1, -19
178.6, 1, -19
178.7, 1, -19
178.8, 1, -19
178.9, 1, -19
179, 1, -19
179.1, 1, -19
179.2, 1, -19
179.3, 1, -19
179.4, 1, -19
179.5, 1, -19
179.6, 1, -19
179.7, 1, -19
179.8, 1, -19
179.9, 1, -19
180, 1, -19
180.1, 1, -19
180.2, 1, -19
180.3, 1, -19
180.4, 1, -19
180.5, 1, -19
180.6, 1, -19
180.7, 1, -19
180.8, 1, -19
180.9, 1, -19
181, 1, -19
181.1, 1, -19
181.2, 1, -19
181.3, 1, -19
181.4, 1, -19
181.5, 1, -19
181.6, 1, -19
181.7, 1, -19
181.8, 1, -19
181.9, 1, -19
182, 1, -19
182.1, 1, -19
182.2, 1, -19
182.3, 1, -19
182.4, 1, -19
182.5, 1, -19
182.6, 1, -19
182.7, 1, -19
182.8, 1, -19
182.9, 1, -19
183, 1, -19
183.1, 1, -19
183.2, 1, -19
183.3, 1, -19
183.4, 1, -19
183.5, 1, -19
183.6, 1, -19
183.7, 1, -19
183.8, 1, -19
183.9, 1, -19
184, 1, -19
184.1, 1, -19
184.2, 1, -19
184.3, 1, -19
184.4, 1, -19
184.5, 1, -18
184.6, 1, -18
184.7, 1, -18
184.8, 1, -18
184.9, 1, -18
185, 1, -18
185.1, 1, -18
185.2, 1, -18
185.3, 1, -18
185.4, 1, -18
185.5, 1, -18
185.6, 1, -18
185.7, 1, -18
185.8, 1, -18
185.9, 1, -18
186, 1, -18
186.1, 1, -19
186.2, 1, -19
186.3, 1, -19
186.4, 1, -19
186.5, 1, -19
186.6, 1, -19
186.7, 1, -19
186.8, 1, -19
186.9, 1, -19
187, 1, -19
187.1, 1, -19
187.2, 1, -19
187.3, 1, -19
187.4, 1, -19
187.5, 1, -20
187.6, 1, -20
187.7, 1, -20
187.8, 1, -20
187.9, 1, -20
188, 1, -20
188.1, 1, -20
188.2, 1, -20
188.3, 1, -20
188.4, 1, -20
188.5, 1, -20
188.6, 1, -20
188.7, 1, -20
188.8, 1, -20
188.9, 1, -20
189, 1, -20
189.1, 1, -20
189.2, 1, -20
189.3, 1, -20
189.4, 1, -20
189.5, 1, -20
189.6, 1, -20
189.7, 1, -20
189.8, 1, -20
189.9, 1, -20
190, 1, -20
190.1, 1, -20
190.2, 1, -20
190.3, 1, -20
190.4, 1, -20
190.5, 1, -20
190.6, 1, -20
190.7, 1, -20
190.8, 1, -20
190.9, 1, -19
191, 1, -19
191.1, 1, -19
191.2, 1, -19
191.3, 1, -19
191.4, 1, -19
191.5, 1, -19
191.6, 1, -19
191.7, 1, -19
191.8, 1, -19
191.9, 1, -19
192, 1, -19
192.1, 1, -19
192.2, 1, -19
192.3, 1, -19
192.4, 1, -19
192.5, 1, -19
192.6, 1, -19
192.7, 1, -19
192.8, 1, -19
192.9, 1, -19
193, 1, -19
193.1, 1, -19
193.2, 1, -19
193.3, 1, -19
193.4, 1, -19
193.5, 1, -19
193.6, 1, -19
193.7, 1, -19
193.8, 1, -19
193.9, 1, -19
194, 1, -19
194.1, 1, -19
194.2, 1, -19
194.3, 1, -19
194.4, 1, -19
194.5, 1, -19
194.6, 1, -19
194.7, 1, -19
194.8, 1, -19
194.9, 1, -19
195, 1, -19
195.1, 1, -19
195.2, 1, -19
195.3, 1, -19
195.4, 1, -19
195.5, 1, -19
195.6, 1, -19
195.7, 1, -19
195.8, 1, -19
195.9, 1, -19
196, 1, -19
196.1, 2, -19
196.2, 2, -19
196.3, 2, -19
196.4, 2, -19
196.5, 2, -19
196.6, 2, -19
196.7, 1, -19
196.8, 1, -19
196.9, 1, -19
197, 1, -19
197.1, 1, -19
197.2, 1, -19
197.3, 1, -19
197.4, 1, -19
197.5, 1, -19
197.6, 1, -19
197.7, 1, -19
197.8, 1, -19
197.9, 1, -19
198, 1, -19
198.1, 1, -19
198.2, 1, -19
198.3, 1, -19
198.4, 1, -19
198.5, 1, -19
198.6, 1, -19
198.7, 1, -19
198.8, 1, -19
198.9, 1, -19
199, 1, -19
199.1, 1, -19
199.2, 1, -19
199.3, 1, -18
199.4, 1, -18
199.5, 1, -18
199.6, 1, -18
199.7, 1, -18
199.8, 1, -18
199.9, 1, -18
200, 1, -18
200.1, 1, -18
200.2, 1, -18
200.3, 1, -18
200.4, 1, -18
200.5, 1, -18
200.6, 1, -18
200.7, 1, -18
200.8, 1, -18
200.9, 1, -18
201, 1, -18
201.1, 1, -18
201.2, 1, -18
201.3, 1, -18
201.4, 1, -18
201.5, 1, -18
201.6, 1, -18
201.7, 1, -17
201.8, 1, -17
201.9, 1, -17
202, 1, -17
202.1, 1, -17
202.2, 1, -17
202.3, 1, -17
202.4, 1, -17
202.5, 1, -17
202.6, 1, -17
202.7, 1, -17
202.8, 1, -17
202.9, 1, -18
203, 1, -18
203.1, 1, -18
203.2, 1, -18
203.3, 1, -18
203.4, 1, -18
203.5, 1, -18
203.6, 1, -18
203.7, 1, -18
203.8, 1, -18
203.9, 1, -18
204, 1, -18
204.1, 1, -18
204.2, 1, -18
204.3, 1, -18
204.4, 1, -18
204.5, 1, -18
204.6, 1, -18
204.7, 1, -18
204.8, 1, -18
204.9, 1, -18
205, 1, -18
205.1, 1, -18
205.2, 1, -18
205.3, 1, -18
205.4, 1, -18
205.5, 1, -18
205.6, 1, -18
205.7, 1, -18
205.8, 1, -18
205.9, 1, -18
206, 1, -18
206.1, 1, -18
206.2, 1, -18
206.3, 1, -18
206.4, 1, -18
206.5, 1, -18
206.6, 1, -18
206.7, 1, -18
206.8, 1, -18
206.9, 1, -18
207, 1, -18
207.1, 1, -18
207.2, 1, -18
207.3, 1, -18
207.4, 1, -18
207.5, 1, -18
207.6, 1, -18
207.7, 1, -18
207.8, 1, -18
207.9, 1, -18
208, 1, -18
208.1, 1, -18
208.2, 1, -18
208.3, 1, -18
208.4, 1, -18
208.5, 1, -18
208.6, 1, -18
208.7, 1, -18
208.8, 1, -18
208.9, 1, -18
209, 1, -18
209.1, 1, -18
209.2, 1, -18
209.3, 1, -18
209.4, 1, -18
209.5, 1, -18
209.6, 1, -18
209.7, 2, -18
209.8, 2, -18
209.9, 1, -18
210, 1, -18
210.1, 1, -18
210.2, 1, -18
210.3, 1, -18
210.4, 1, -18
210.5, 1, -18
210.6, 1, -18
210.7, 1, -18
210.8, 1, -18
210.9, 1, -18
211, 1, -18
211.1, 1, -18
211.2, 1, -18
211.3, 1, -18
211.4, 1, -18
211.5, 1, -18
211.6, 1, -18
211.7, 1, -19
211.8, 1, -19
211.9, 1, -19
212, 1, -19
212.1, 1, -19
212.2, 1, -19
212.3, 1, -19
212.4, 1, -19
212.5, 1, -19
212.6, 1, -19
212.7, 1, -19
212.8, 1, -19
212.9, 1, -19
213, 1, -19
213.1, 1, -19
213.2, 1, -19
213.3, 1, -19
213.4, 1, -19
213.5, 2, -19
213.6, 2, -19
213.7, 2, -19
213.8, 2, -19
213.9, 2, -19
214, 2, -19
214.1, 2, -19
214.2, 2, -19
214.3, 2, -19
214.4, 2, -19
214.5, 2, -19
214.6, 2, -19
214.7, 1, -19
214.8, 1, -19
214.9, 1, -19
215, 1, -19
215.1, 1, -19
215.2, 1, -19
215.3, 1, -20
215.4, 1, -20
215.5, 1, -20
215.6, 1, -20
215.7, 1, -20
215.8, 1, -20
215.9, 1, -20
216, 1, -20
216.1, 1, -20
216.2, 1, -20
216.3, 1, -19
216.4, 1, -19
216.5, 1, -19
216.6, 1, -19
216.7, 1, -19
216.8, 1, -19
216.9, 1, -19
217, 1, -19
217.1, 1, -19
217.2, 1, -19
217.3, 1, -19
217.4, 1, -19
217.5, 1, -19
217.6, 1, -19
217.7, 1, -19
217.8, 1, -19
217.9, 1, -19
218, 1, -19
218.1, 1, -19
218.2, 1, -19
218.3, 1, -19
218.4, 1, -19
218.5, 1, -19
218.6, 1, -19
218.7, 0, -19
218.8, 0, -19
218.9, 0, -19
219, 0, -19
219.1, 0, -19
219.2, 0, -19
219.3, 0, -19
219.4, 0, -19
219.5, 0, -19
219.6, 0, -19
219.7, 0, -19
219.8, 0, -19
219.9, 0, -19
220, 0, -19
220.1, 0, -19
220.2, 0, -19
220.3, 0, -19
220.4, 0, -19
220.5, 0, -19
220.6, 0, -19
220.7, 0, -19
220.8, 0, -19
220.9, 0, -19
221, 0, -19
221.1, 0, -19
221.2, 0, -19
221.3, 0, -19
221.4, 0, -19
221.5, 0, -19
221.6, 0, -19
221.7, 0, -19
221.8, 0, -19
221.9, 0, -19
222, 0, -19
222.1, 0, -19
222.2, 0, -19
222.3, 0, -19
222.4, 0, -19
222.5, 0, -20
222.6, 0, -20
222.7, 0, -20
222.8, 0, -20
222.9, 0, -20
223, 0, -20
223.1, 1, -20
223.2, 1, -20
223.3, 0, -20
223.4, 0, -20
223.5, 0, -20
223.6, 0, -20
223.7, 0, -20
223.8, 0, -20
223.9, 0, -20
224, 0, -20
224.1, 0, -20
224.2, 0, -20
224.3, 0, -20
224.4, 0, -20
224.5, 0, -20
224.6, 0, -20
224.7, 0, -20
224.8, 0, -20
224.9, 0, -20
225, 0, -20
225.1, 0, -20
225.2, 0, -20
225.3, 0, -20
225.4, 0, -20
225.5, 0, -20
225.6, 0, -20
225.7, 0, -20
225.8, 0, -20
225.9, 0, -20
226, 0, -20
226.1, 0, -20
226.2, 0, -20
226.3, 0, -20
226.4, 0, -20
226.5, 0, -20
226.6, 0, -20
226.7, 0, -20
226.8, 0, -20
226.9, 0, -20
227, 0, -20
227.1, 0, -20
227.2, 0, -20
227.3, 1, -20
227.4, 1, -20
227.5, 1, -20
227.6, 1, -20
227.7, 1, -20
227.8, 1, -20
227.9, 1, -20
228, 1, -20
228.1, 0, -20
228.2, 0, -20
228.3, 0, -20
228.4, 0, -20
228.5, 0, -20
228.6, 0, -20
228.7, 0, -20
228.8, 0, -20
228.9, 0, -20
229, 0, -20
229.1, 0, -20
229.2, 0, -20
229.3, 0, -20
229.4, 0, -20
229.5, 0, -21
229.6, 0, -21
229.7, 0, -21
229.8, 0, -21
229.9, 0, -21
230, 0, -21
230.1, 0, -21
230.2, 0, -21
230.3, 0, -21
230.4, 0, -21
230.5, 0, -21
230.6, 0, -21
230.7, 0, -21
230.8, 0, -21
230.9, 0, -21
231, 0, -21
231.1, 0, -21
231.2, 0, -21
231.3, 0, -21
231.4, 0, -21
231.5, 0, -21
231.6, 0, -21
231.7, 0, -20
231.8, 0, -20
231.9, 0, -20
232, 0, -20
232.1, 1, -20
232.2, 1, -20
232.3, 1, -20
232.4, 1, -20
232.5, 1, -20
232.6, 1, -20
232.7, 1, -20
232.8, 1, -20
232.9, 1, -20
233, 1, -20
233.1, 1, -20
233.2, 1, -20
233.3, 1, -20
233.4, 1, -20
233.5, 1, -20
233.6, 1, -20
233.7, 1, -20
233.8, 1, -20
233.9, 1, -20
234, 1, -20
234.1, 1, -20
234.2, 1, -20
234.3, 1, -20
234.4, 1, -20
234.5, 1, -20
234.6, 1, -20
234.7, 1, -20
234.8, 1, -20
234.9, 1, -20
235, 1, -20
235.1, 1, -20
235.2, 1, -20
235.3, 1, -20
235.4, 1, -20
235.5, 1, -20
235.6, 1, -20
235.7, 1, -20
235.8, 1, -20
235.9, 1, -20
236, 1, -20
236.1, 1, -20
236.2, 1, -20
236.3, 1, -20
236.4, 1, -20
236.5, 1, -20
236.6, 1, -20
236.7, 1, -20
236.8, 1, -20
236.9, 1, -20
237, 1, -20
237.1, 1, -20
237.2, 1, -20
237.3, 1, -20
237.4, 1, -20
237.5, 1, -20
237.6, 1, -20
237.7, 1, -20
237.8, 1, -20
237.9, 1, -20
238, 1, -20
238.1, 1, -20
238.2, 1, -20
238.3, 1, -20
238.4, 1, -20
238.5, 1, -20
238.6, 1, -20
238.7, 1, -21
238.8, 1, -21
238.9, 1, -21
239, 1, -21
239.1, 1, -21
239.2, 1, -21
239.3, 2, -21
239.4, 2, -21
239.5, 2, -21
239.6, 2, -21
239.7, 2, -21
239.8, 2, -21
239.9, 2, -21
240, 2, -21
240.1, 2, -21
240.2, 2, -21
240.3, 2, -21
240.4, 2, -21
240.5, 2, -21
240.6, 2, -21
240.7, 2, -21
240.8, 2, -21
240.9, 2, -21
241, 2, -21
241.1, 2, -21
241.2, 2, -21
241.3, 2, -21
241.4, 2, -21
241.5, 2, -21
241.6, 2, -21
241.7, 2, -21
241.8, 2, -21
241.9, 2, -21
242, 2, -21
242.1, 2, -21
242.2, 2, -21
242.3, 2, -20
242.4, 2, -20
242.5, 2, -20
242.6, 2, -20
242.7, 2, -20
242.8, 2, -20
242.9, 2, -20
243, 2, -20
243.1, 2, -20
243.2, 2, -20
243.3, 2, -20
243.4, 2, -20
243.5, 2, -20
243.6, 2, -20
243.7, 2, -20
243.8, 2, -20
243.9, 2, -20
244, 2, -20
244.1, 2, -20
244.2, 2, -20
244.3, 2, -20
244.4, 2, -20
244.5, 2, -20
244.6, 2, -20
244.7, 2, -20
244.8, 2, -20
244.9, 2, -20
245, 2, -20
245.1, 2, -20
245.2, 2, -20
245.3, 2, -20
245.4, 2, -20
245.5, 3, -20
245.6, 3, -20
245.7, 3, -20
245.8, 3, -20
245.9, 3, -20
246, 3, -20
246.1, 3, -20
246.2, 3, -20
246.3, 3, -20
246.4, 3, -20
246.5, 3, -20
246.6, 3, -20
246.7, 3, -20
246.8, 3, -20
246.9, 3, -20
247, 3, -20
247.1, 3, -20
247.2, 3, -20
247.3, 3, -20
247.4, 3, -20
247.5, 3, -20
247.6, 3, -20
247.7, 3, -20
247.8, 3, -20
247.9, 3, -20
248, 3, -20
248.1, 3, -20
248.2, 3, -20
248.3, 3, -20
248.4, 3, -20
248.5, 3, -20
248.6, 3, -20
248.7, 3, -20
248.8, 3, -20
248.9, 3, -20
249, 3, -20
249.1, 3, -20
249.2, 3, -20
249.3, 2, -20
249.4, 2, -20
249.5, 2, -20
249.6, 2, -20
249.7, 2, -20
249.8, 2, -20
249.9, 2, -20
250, 2, -20
250.1, 3, -20
250.2, 3, -20
250.3, 3, -20
250.4, 3, -20
250.5, 3, -20
250.6, 3, -20
250.7, 3, -20
250.8, 3, -20
250.9, 3, -20
251, 3, -20
251.1, 3, -20
251.2, 3, -20
251.3, 3, -21
251.4, 3, -21
251.5, 3, -21
251.6, 3, -21
251.7, 3, -21
251.8, 3, -21
251.9, 3, -21
252, 3, -21
252.1, 3, -21
252.2, 3, -21
252.3, 3, -21
252.4, 3, -21
252.5, 3, -21
252.6, 3, -21
252.7, 3, -21
252.8, 3, -21
252.9, 3, -21
253, 3, -21
253.1, 3, -21
253.2, 3, -21
253.3, 3, -21
253.4, 3, -21
253.5, 3, -21
253.6, 3, -21
253.7, 3, -21
253.8, 3, -21
253.9, 3, -21
254, 3, -21
254.1, 3, -21
254.2, 3, -21
254.3, 3, -21
254.4, 3, -21
254.5, 3, -21
254.6, 3, -21
254.7, 3, -21
254.8, 3, -21
254.9, 3, -21
255, 3, -21
255.1, 3, -21
255.2, 3, -21
255.3, 3, -21
255.4, 3, -21
255.5, 3, -21
255.6, 3, -21
255.7, 3, -21
255.8, 3, -21
255.9, 3, -21
256, 3, -21
256.1, 3, -21
256.2, 3, -21
256.3, 3, -21
256.4, 3, -21
256.5, 3, -21
256.6, 3, -21
256.7, 3, -21
256.8, 3, -21
256.9, 3, -21
257, 3, -21
257.1, 3, -21
257.2, 3, -21
257.3, 3, -21
257.4, 3, -21
257.5, 3, -20
257.6, 3, -20
257.7, 3, -20
257.8, 3, -20
257.9, 3, -20
258, 3, -20
258.1, 3, -20
258.2, 3, -20
258.3, 3, -20
258.4, 3, -20
258.5, 3, -20
258.6, 3, -20
258.7, 3, -20
258.8, 3, -20
258.9, 3, -20
259, 3, -20
259.1, 3, -20
259.2, 3, -20
259.3, 3, -20
259.4, 3, -20
259.5, 3, -19
259.6, 3, -19
259.7, 3, -20
259.8, 3, -20
259.9, 3, -20
260, 3, -20
260.1, 2, -20
260.2, 2, -20
260.3, 2, -20
260.4, 2, -20
260.5, 2, -20
260.6, 2, -20
260.7, 2, -20
260.8, 2, -20
260.9, 2, -20
261, 2, -20
261.1, 2, -21
261.2, 2, -21
261.3, 2, -21
261.4, 2, -21
261.5, 2, -21
261.6, 2, -21
261.7, 1, -21
261.8, 1, -21
261.9, 1, -21
262, 1, -21
262.1, 1, -21
262.2, 1, -21
262.3, 1, -21
262.4, 1, -21
262.5, 1, -21
262.6, 1, -21
262.7, 1, -21
262.8, 1, -21
262.9, 1, -21
263, 1, -21
263.1, 1, -21
263.2, 1, -21
263.3, 1, -21
263.4, 1, -21
263.5, 1, -22
263.6, 1, -22
263.7, 1, -22
263.8, 1, -22
263.9, 1, -22
264, 1, -22
264.1, 1, -22
264.2, 1, -22
264.3, 1, -22
264.4, 1, -22
264.5, 1, -22
264.6, 1, -22
264.7, 1, -22
264.8, 1, -22
264.9, 1, -22
265, 1, -22
265.1, 1, -22
265.2, 1, -22
265.3, 1, -22
265.4, 1, -22
265.5, 1, -22
265.6, 1, -22
265.7, 1, -22
265.8, 1, -22
265.9, 1, -22
266, 1, -22
266.1, 1, -22
266.2, 1, -22
266.3, 1, -22
266.4, 1, -22
266.5, 1, -22
266.6, 1, -22
266.7, 1, -22
266.8, 1, -22
266.9, 1, -22
267, 1, -22
267.1, 1, -22
267.2, 1, -22
267.3, 1, -22
267.4, 1, -22
267.5, 0, -22
267.6, 0, -22
267.7, 0, -22
267.8, 0, -22
267.9, 0, -22
268, 0, -22
268.1, 0, -22
268.2, 0, -22
268.3, 0, -22
268.4, 0, -22
268.5, 0, -23
268.6, 0, -23
268.7, 0, -24
268.8, 0, -24
268.9, 0, -24
269, 0, -24
269.1, 0, -24
269.2, 0, -24
269.3, 0, -24
269.4, 0, -24
269.5, 1, -24
269.6, 1, -24
269.7, 1, -24
269.8, 1, -24
269.9, 1, -24
270, 1, -24
270.1, 1, -24
270.2, 1, -24
270.3, 1, -25
270.4, 1, -25
270.5, 1, -25
270.6, 1, -25
270.7, 1, -25
270.8, 1, -25
270.9, 1, -25
271, 1, -25
271.1, 1, -25
271.2, 1, -25
271.3, 1, -25
271.4, 1, -25
271.5, 1, -25
271.6, 1, -25
271.7, 1, -24
271.8, 1, -24
271.9, 1, -24
272, 1, -24
272.1, 1, -24
272.2, 1, -24
272.3, 1, -23
272.4, 1, -23
272.5, 1, -23
272.6, 1, -23
272.7, 1, -23
272.8, 1, -23
272.9, 1, -23
273, 1, -23
273.1, 1, -23
273.2, 1, -23
273.3, 1, -23
273.4, 1, -23
273.5, 1, -23
273.6, 1, -23
273.7, 1, -23
273.8, 1, -23
273.9, 1, -23
274, 1, -23
274.1, 1, -23
274.2, 1, -23
274.3, 1, -23
274.4, 1, -23
274.5, 1, -23
274.6, 1, -23
274.7, 1, -23
274.8, 1, -23
274.9, 1, -23
275, 1, -23
275.1, 2, -23
275.2, 2, -23
275.3, 2, -23
275.4, 2, -23
275.5, 2, -23
275.6, 2, -23
275.7, 2, -23
275.8, 2, -23
275.9, 2, -23
276, 2, -23
276.1, 2, -23
276.2, 2, -23
276.3, 2, -23
276.4, 2, -23
276.5, 2, -23
276.6, 2, -23
276.7, 2, -23
276.8, 2, -23
276.9, 2, -23
277, 2, -23
277.1, 2, -23
277.2, 2, -23
277.3, 2, -23
277.4, 2, -23
277.5, 2, -23
277.6, 2, -23
277.7, 2, -23
277.8, 2, -23
277.9, 1, -23
278, 1, -23
278.1, 1, -23
278.2, 1, -23
278.3, 1, -23
278.4, 1, -23
278.5, 1, -23
278.6, 1, -23
278.7, 1, -23
278.8, 1, -23
278.9, 1, -23
279, 1, -23
279.1, 1, -23
279.2, 1, -23
279.3, 1, -23
279.4, 1, -23
279.5, 1, -23
279.6, 1, -23
279.7, 1, -23
279.8, 1, -23
279.9, 1, -23
280, 1, -23
280.1, 0, -23
280.2, 0, -23
280.3, 0, -23
280.4, 0, -23
280.5, 0, -23
280.6, 0, -23
280.7, 0, -23
280.8, 0, -23
280.9, 0, -23
281, 0, -23
281.1, 0, -23
281.2, 0, -23
281.3, 0, -23
281.4, 0, -23
281.5, 0, -23
281.6, 0, -23
281.7, 0, -23
281.8, 0, -23
281.9, 0, -23
282, 0, -23
282.1, 0, -23
282.2, 0, -23
282.3, 0, -23
282.4, 0, -23
282.5, 0, -23
282.6, 0, -23
282.7, 0, -24
282.8, 0, -24
282.9, 0, -24
283, 0, -24
283.1, 0, -24
283.2, 0, -24
283.3, 0, -24
283.4, 0, -24
283.5, 0, -23
283.6, 0, -23
283.7, -1, -23
283.8, -1, -23
283.9, -1, -23
284, -1, -23
284.1, -1, -23
284.2, -1, -23
284.3, -1, -23
284.4, -1, -23
284.5, -1, -23
284.6, -1, -23
284.7, -1, -23
284.8, -1, -23
284.9, -1, -23
285, -1, -23
285.1, -1, -23
285.2, -1, -23
285.3, -1, -23
285.4, -1, -23
285.5, -1, -23
285.6, -1, -23
285.7, -1, -23
285.8, -1, -23
285.9, -2, -23
286, -2, -23
286.1, -2, -23
286.2, -2, -23
286.3, -2, -23
286.4, -2, -23
286.5, -2, -23
286.6, -2, -23
286.7, -2, -23
286.8, -2, -23
286.9, -2, -23
287, -2, -23
287.1, -2, -23
287.2, -2, -23
287.3, -2, -23
287.4, -2, -23
287.5, -2, -23
287.6, -2, -23
287.7, -2, -23
287.8, -2, -23
287.9, -2, -23
288, -2, -23
288.1, -2, -23
288.2, -2, -23
288.3, -2, -23
288.4, -2, -23
288.5, -2, -23
288.6, -2, -23
288.7, -2, -23
288.8, -2, -23
288.9, -2, -23
289, -2, -23
289.1, -2, -23
289.2, -2, -23
289.3, -2, -23
289.4, -2, -23
289.5, -2, -23
289.6, -2, -23
289.7, -2, -23
289.8, -2, -23
289.9, -2, -23
290, -2, -23
290.1, -2, -23
290.2, -2, -23
290.3, -2, -23
290.4, -2, -23
290.5, -2, -23
290.6, -2, -23
290.7, -2, -23
290.8, -2, -23
290.9, -2, -23
291, -2, -23
291.1, -2, -23
291.2, -2, -23
291.3, -2, -23
291.4, -2, -23
291.5, -2, -23
291.6, -2, -23
291.7, -2, -23
291.8, -2, -23
291.9, -2, -23
292, -2, -23
292.1, -2, -23
292.2, -2, -23
292.3, -2, -23
292.4, -2, -23
292.5, -2, -23
292.6, -2, -23
292.7, -2, -23
292.8, -2, -23
292.9, -2, -23
293, -2, -23
293.1, -2, -23
293.2, -2, -23
293.3, -2, -23
293.4, -2, -23
293.5, -2, -23
293.6, -2, -23
293.7, -2, -23
293.8, -2, -23
293.9, -2, -23
294, -2, -23
294.1, -3, -23
294.2, -3, -23
294.3, -3, -23
294.4, -3, -23
294.5, -3, -23
294.6, -3, -23
294.7, -3, -23
294.8, -3, -23
294.9, -3, -23
295, -3, -23
295.1, -3, -23
295.2, -3, -23
295.3, -3, -23
295.4, -3, -23
295.5, -3, -23
295.6, -3, -23
295.7, -3, -23
295.8, -3, -23
295.9, -3, -23
296, -3, -23
296.1, -3, -23
296.2, -3, -23
296.3, -3, -23
296.4, -3, -23
296.5, -3, -22
296.6, -3, -22
296.7, -3, -22
296.8, -3, -22
296.9, -3, -22
297, -3, -22
297.1, -3, -22
297.2, -3, -22
297.3, -3, -22
297.4, -3, -22
297.5, -3, -22
297.6, -3, -22
297.7, -3, -22
297.8, -3, -22
297.9, -3, -22
298, -3, -22
298.1, -3, -22
298.2, -3, -22
298.3, -3, -22
298.4, -3, -22
298.5, -3, -22
298.6, -3, -22
298.7, -3, -22
298.8, -3, -22
298.9, -3, -22
299, -3, -22
299.1, -3, -22
299.2, -3, -22
299.3, -3, -22
299.4, -3, -22
299.5, -3, -22
299.6, -3, -22
299.7, -3, -22
299.8, -3, -22
299.9, -3, -22
300, -3, -22
300.1, -3, -22
300.2, -3, -22
300.3, -3, -22
300.4, -3, -22
300.5, -3, -22
300.6, -3, -22
300.7, -3, -22
300.8, -3, -22
300.9, -3, -22
301, -3, -22
301.1, -3, -22
301.2, -3, -22
301.3, -3, -22
301.4, -3, -22
301.5, -3, -22
301.6, -3, -22
301.7, -3, -22
301.8, -3, -22
301.9, -3, -22
302, -3, -22
302.1, -3, -22
302.2, -3, -22
302.3, -3, -22
302.4, -3, -22
302.5, -3, -22
302.6, -3, -22
302.7, -4, -22
302.8, -4, -22
302.9, -4, -22
303, -4, -22
303.1, -4, -22
303.2, -4, -22
303.3, -4, -22
303.4, -4, -22
303.5, -4, -22
303.6, -4, -22
303.7, -4, -22
303.8, -4, -22
303.9, -4, -22
304, -4, -22
304.1, -4, -22
304.2, -4, -22
304.3, -4, -22
304.4, -4, -22
304.5, -4, -22
304.6, -4, -22
304.7, -4, -22
304.8, -4, -22
304.9, -4, -22
305, -4, -22
305.1, -4, -22
305.2, -4, -22
305.3, -4, -21
305.4, -4, -21
305.5, -4, -21
305.6, -4, -21
305.7, -4, -21
305.8, -4, -21
305.9, -4, -21
306, -4, -21
306.1, -4, -21
306.2, -4, -21
306.3, -4, -21
306.4, -4, -21
306.5, -4, -21
306.6, -4, -21
306.7, -4, -21
306.8, -4, -21
306.9, -4, -21
307, -4, -21
307.1, -4, -21
307.2, -4, -21
307.3, -4, -21
307.4, -4, -21
307.5, -5, -21
307.6, -5, -21
307.7, -5, -21
307.8, -5, -21
307.9, -5, -21
308, -5, -21
308.1, -5, -21
308.2, -5, -21
308.3, -5, -21
308.4, -5, -21
308.5, -5, -21
308.6, -5, -21
308.7, -5, -21
308.8, -5, -21
308.9, -5, -21
309, -5, -21
309.1, -5, -21
309.2, -5, -21
309.3, -5, -21
309.4, -5, -21
309.5, -5, -21
309.6, -5, -21
309.7, -5, -21
309.8, -5, -21
309.9, -5, -21
310, -5, -21
310.1, -5, -21
310.2, -5, -21
310.3, -5, -21
310.4, -5, -21
310.5, -5, -21
310.6, -5, -21
310.7, -5, -21
310.8, -5, -21
310.9, -5, -21
311, -5, -21
311.1, -5, -21
311.2, -5, -21
311.3, -5, -21
311.4, -5, -21
311.5, -5, -21
311.6, -5, -21
311.7, -5, -21
311.8, -5, -21
311.9, -5, -21
312, -5, -21
312.1, -5, -21
312.2, -5, -21
312.3, -5, -21
312.4, -5, -21
312.5, -5, -21
312.6, -5, -21
312.7, -5, -21
312.8, -5, -21
312.9, -5, -21
313, -5, -21
313.1, -5, -21
313.2, -5, -21
313.3, -5, -21
313.4, -5, -21
313.5, -5, -21
313.6, -5, -21
313.7, -5, -21
313.8, -5, -21
313.9, -5, -21
314, -5, -21
314.1, -5, -21
314.2, -5, -21
314.3, -5, -21
314.4, -5, -21
314.5, -5, -21
314.6, -5, -21
314.7, -5, -21
314.8, -5, -21
314.9, -5, -21
315, -5, -21
315.1, -5, -21
315.2, -5, -21
315.3, -5, -21
315.4, -5, -21
315.5, -5, -21
315.6, -5, -21
315.7, -5, -21
315.8, -5, -21
315.9, -5, -21
316, -5, -21
316.1, -5, -21
316.2, -5, -21
316.3, -5, -21
316.4, -5, -21
316.5, -5, -21
316.6, -5, -21
316.7, -5, -21
316.8, -5, -21
316.9, -6, -21
317, -6, -21
317.1, -6, -21
317.2, -6, -21
317.3, -6, -21
317.4, -6, -21
317.5, -6, -21
317.6, -6, -21
317.7, -6, -21
317.8, -6, -21
317.9, -6, -21
318, -6, -21
318.1, -6, -21
318.2, -6, -21
318.3, -6, -20
318.4, -6, -20
318.5, -6, -20
318.6, -6, -20
318.7, -6, -20
318.8, -6, -20
318.9, -6, -20
319, -6, -20
319.1, -6, -20
319.2, -6, -20
319.3, -6, -19
319.4, -6, -19
319.5, -6, -19
319.6, -6, -19
319.7, -6, -19
319.8, -6, -19
319.9, -6, -19
320, -6, -19
320.1, -6, -18
320.2, -6, -18
320.3, -6, -18
320.4, -6, -18
320.5, -6, -18
320.6, -6, -18
320.7, -6, -18
320.8, -6, -18
320.9, -6, -18
321, -6, -18
321.1, -6, -18
321.2, -6, -18
321.3, -6, -19
321.4, -6, -19
321.5, -6, -18
321.6, -6, -18
321.7, -6, -18
321.8, -6, -18
321.9, -6, -18
322, -6, -18
322.1, -6, -18
322.2, -6, -18
322.3, -6, -18
322.4, -6, -18
322.5, -6, -18
322.6, -6, -18
322.7, -6, -18
322.8, -6, -18
322.9, -6, -18
323, -6, -18
323.1, -6, -18
323.2, -6, -18
323.3, -6, -19
323.4, -6, -19
323.5, -5, -19
323.6, -5, -19
323.7, -5, -19
323.8, -5, -19
323.9, -5, -19
324, -5, -19
324.1, -5, -19
324.2, -5, -19
324.3, -5, -19
324.4, -5, -19
324.5, -5, -19
324.6, -5, -19
324.7, -5, -19
324.8, -5, -19
324.9, -5, -19
325, -5, -19
325.1, -5, -19
325.2, -5, -19
325.3, -5, -19
325.4, -5, -19
325.5, -5, -19
325.6, -5, -19
325.7, -5, -19
325.8, -5, -19
325.9, -5, -19
326, -5, -19
326.1, -5, -19
326.2, -5, -19
326.3, -5, -19
326.4, -5, -19
326.5, -5, -19
326.6, -5, -19
326.7, -5, -19
326.8, -5, -19
326.9, -5, -19
327, -5, -19
327.1, -5, -19
327.2, -5, -19
327.3, -5, -19
327.4, -5, -19
327.5, -5, -19
327.6, -5, -19
327.7, -5, -19
327.8, -5, -19
327.9, -6, -19
328, -6, -19
328.1, -6, -19
328.2, -6, -19
328.3, -6, -19
328.4, -6, -19
328.5, -6, -18
328.6, -6, -18
328.7, -6, -18
328.8, -6, -18
328.9, -6, -18
329, -6, -18
329.1, -6, -18
329.2, -6, -18
329.3, -6, -18
329.4, -6, -18
329.5, -5, -18
329.6, -5, -18
329.7, -5, -18
329.8, -5, -18
329.9, -5, -18
330, -5, -18
330.1, -5, -18
330.2, -5, -18
330.3, -5, -18
330.4, -5, -18
330.5, -5, -18
330.6, -5, -18
330.7, -5, -18
330.8, -5, -18
330.9, -5, -18
331, -5, -18
331.1, -5, -18
331.2, -5, -18
331.3, -5, -18
331.4, -5, -18
331.5, -5, -18
331.6, -5, -18
331.7, -5, -18
331.8, -5, -18
331.9, -5, -18
332, -5, -18
332.1, -5, -18
332.2, -5, -18
332.3, -5, -18
332.4, -5, -18
332.5, -5, -18
332.6, -5, -18
332.7, -5, -18
332.8, -5, -18
332.9, -5, -18
333, -5, -18
333.1, -5, -18
333.2, -5, -18
333.3, -5, -18
333.4, -5, -18
333.5, -5, -18
333.6, -5, -18
333.7, -5, -18
333.8, -5, -18
333.9, -5, -18
334, -5, -18
334.1, -5, -18
334.2, -5, -18
334.3, -5, -18
334.4, -5, -18
334.5, -5, -18
334.6, -5, -18
334.7, -5, -18
334.8, -5, -18
334.9, -5, -18
335, -5, -18
335.1, -5, -18
335.2, -5, -18
335.3, -5, -18
335.4, -5, -18
335.5, -5, -18
335.6, -5, -18
335.7, -5, -18
335.8, -5, -18
335.9, -5, -18
336, -5, -18
336.1, -5, -18
336.2, -5, -18
336.3, -5, -18
336.4, -5, -18
336.5, -5, -18
336.6, -5, -18
336.7, -5, -18
336.8, -5, -18
336.9, -5, -18
337, -5, -18
337.1, -5, -18
337.2, -5, -18
337.3, -5, -18
337.4, -5, -18
337.5, -5, -18
337.6, -5, -18
337.7, -5, -18
337.8, -5, -18
337.9, -4, -18
338, -4, -18
338.1, -4, -18
338.2, -4, -18
338.3, -4, -18
338.4, -4, -18
338.5, -4, -18
338.6, -4, -18
338.7, -4, -18
338.8, -4, -18
338.9, -4, -18
339, -4, -18
339.1, -4, -18
339.2, -4, -18
339.3, -3, -18
339.4, -3, -18
339.5, -4, -18
339.6, -4, -18
339.7, -4, -18
339.8, -4, -18
339.9, -4, -18
340, -4, -18
340.1, -4, -18
340.2, -4, -18
340.3, -4, -18
340.4, -4, -18
340.5, -3, -18
340.6, -3, -18
340.7, -3, -17
340.8, -3, -17
340.9, -3, -17
341, -3, -17
341.1, -3, -17
341.2, -3, -17
341.3, -3, -17
341.4, -3, -17
341.5, -3, -17
341.6, -3, -17
341.7, -3, -17
341.8, -3, -17
341.9, -3, -17
342, -3, -17
342.1, -3, -17
342.2, -3, -17
342.3, -3, -17
342.4, -3, -17
342.5, -3, -17
342.6, -3, -17
342.7, -3, -17
342.8, -3, -17
342.9, -4, -17
343, -4, -17
343.1, -4, -17
343.2, -4, -17
343.3, -4, -17
343.4, -4, -17
343.5, -4, -17
343.6, -4, -17
343.7, -4, -17
343.8, -4, -17
343.9, -4, -17
344, -4, -17
344.1, -4, -17
344.2, -4, -17
344.3, -4, -17
344.4, -4, -17
344.5, -4, -17
344.6, -4, -17
344.7, -3, -17
344.8, -3, -17
344.9, -3, -17
345, -3, -17
345.1, -3, -17
345.2, -3, -17
345.3, -3, -17
345.4, -3, -17
345.5, -3, -17
345.6, -3, -17
345.7, -3, -17
345.8, -3, -17
345.9, -3, -17
346, -3, -17
346.1, -3, -17
346.2, -3, -17
346.3, -3, -17
346.4, -3, -17
346.5, -3, -17
346.6, -3, -17
346.7, -3, -17
346.8, -3, -17
346.9, -3, -17
347, -3, -17
347.1, -3, -18
347.2, -3, -18
347.3, -3, -18
347.4, -3, -18
347.5, -3, -18
347.6, -3, -18
347.7, -3, -18
347.8, -3, -18
347.9, -3, -18
348, -3, -18
348.1, -3, -18
348.2, -3, -18
348.3, -3, -18
348.4, -3, -18
348.5, -3, -18
348.6, -3, -18
348.7, -3, -18
348.8, -3, -18
348.9, -3, -18
349, -3, -18
349.1, -3, -17
349.2, -3, -17
349.3, -3, -17
349.4, -3, -17
349.5, -3, -17
349.6, -3, -17
349.7, -3, -17
349.8, -3, -17
349.9, -3, -17
350, -3, -17
350.1, -3, -17
350.2, -3, -17
350.3, -3, -17
350.4, -3, -17
350.5, -3, -17
350.6, -3, -17
350.7, -3, -17
350.8, -3, -17
350.9, -3, -18
351, -3, -18
351.1, -3, -18
351.2, -3, -18
351.3, -3, -18
351.4, -3, -18
351.5, -3, -18
351.6, -3, -18
351.7, -3, -18
351.8, -3, -18
351.9, -3, -18
352, -3, -18
352.1, -3, -18
352.2, -3, -18
352.3, -3, -18
352.4, -3, -18
352.5, -3, -18
352.6, -3, -18
352.7, -3, -18
352.8, -3, -18
352.9, -3, -18
353, -3, -18
353.1, -3, -18
353.2, -3, -18
353.3, -3, -18
353.4, -3, -18
353.5, -3, -18
353.6, -3, -18
353.7, -3, -18
353.8, -3, -18
353.9, -4, -18
354, -4, -18
354.1, -4, -18
354.2, -4, -18
354.3, -4, -18
354.4, -4, -18
354.5, -4, -18
354.6, -4, -18
354.7, -4, -18
354.8, -4, -18
354.9, -4, -18
355, -4, -18
355.1, -4, -18
355.2, -4, -18
355.3, -4, -18
355.4, -4, -18
355.5, -4, -18
355.6, -4, -18
355.7, -4, -18
355.8, -4, -18
355.9, -4, -18
356, -4, -18
356.1, -4, -18
356.2, -4, -18
356.3, -4, -18
356.4, -4, -18
356.5, -4, -18
356.6, -4, -18
356.7, -4, -18
356.8, -4, -18
356.9, -4, -18
357, -4, -18
357.1, -4, -18
357.2, -4, -18
357.3, -4, -18
357.4, -4, -18
357.5, -5, -18
357.6, -5, -18
357.7, -5, -18
357.8, -5, -18
357.9, -5, -19
358, -5, -19
358.1, -5, -19
358.2, -5, -19
358.3, -5, -19
358.4, -5, -19
358.5, -5, -19
358.6, -5, -19
358.7, -5, -19
358.8, -5, -19
358.9, -6, -19
359, -6, -19
359.1, -6, -20
359.2, -6, -20
359.3, -6, -20
359.4, -6, -20
359.5, -6, -21
359.6, -6, -21
359.7, -5, -21
359.8, -5, -21
359.9, -5, -21
360, -5, -21
360.1, -5, -21
360.2, -5, -21
360.3, -6, -21
360.4, -6, -21
360.5, -6, -21
360.6, -6, -21
360.7, -6, -21
360.8, -6, -21
360.9, -6, -21
361, -6, -21
361.1, -6, -21
361.2, -6, -21
361.3, -6, -21
361.4, -6, -21
361.5, -6, -21
361.6, -6, -21
361.7, -6, -21
361.8, -6, -21
361.9, -6, -21
362, -6, -21
362.1, -6, -21
362.2, -6, -21
362.3, -6, -21
362.4, -6, -21
362.5, -6, -21
362.6, -6, -21
362.7, -6, -21
362.8, -6, -21
362.9, -6, -21
363, -6, -21
363.1, -6, -21
363.2, -6, -21
363.3, -6, -21
363.4, -6, -21
363.5, -6, -21
363.6, -6, -21
363.7, -6, -21
363.8, -6, -21
363.9, -6, -21
364, -6, -21
364.1, -6, -21
364.2, -6, -21
364.3, -6, -20
364.4, -6, -20
364.5, -6, -20
364.6, -6, -20
364.7, -6, -20
364.8, -6, -20
364.9, -6, -20
365, -6, -20
365.1, -5, -20
365.2, -5, -20
365.3, -5, -20
365.4, -5, -20
365.5, -5, -20
365.6, -5, -20
365.7, -5, -20
365.8, -5, -20
365.9, -5, -20
366, -5, -20
366.1, -5, -20
366.2, -5, -20
366.3, -5, -20
366.4, -5, -20
366.5, -5, -20
366.6, -5, -20
366.7, -5, -20
366.8, -5, -20
366.9, -5, -20
367, -5, -20
367.1, -5, -20
367.2, -5, -20
367.3, -5, -20
367.4, -5, -20
367.5, -5, -20
367.6, -5, -20
367.7, -5, -20
367.8, -5, -20
367.9, -5, -20
368, -5, -20
368.1, -5, -20
368.2, -5, -20
368.3, -5, -20
368.4, -5, -20
368.5, -5, -20
368.6, -5, -20
368.7, -5, -20
368.8, -5, -20
368.9, -5, -20
369, -5, -20
369.1, -5, -20
369.2, -5, -20
369.3, -5, -20
369.4, -5, -20
369.5, -5, -20
369.6, -5, -20
369.7, -5, -19
369.8, -5, -19
369.9, -5, -19
370, -5, -19
370.1, -5, -19
370.2, -5, -19
370.3, -5, -19
370.4, -5, -19
370.5, -5, -19
370.6, -5, -19
370.7, -5, -19
370.8, -5, -19
370.9, -5, -19
371, -5, -19
371.1, -5, -19
371.2, -5, -19
371.3, -5, -19
371.4, -5, -19
371.5, -5, -19
371.6, -5, -19
371.7, -5, -19
371.8, -5, -19
371.9, -5, -19
372, -5, -19
372.1, -5, -19
372.2, -5, -19
372.3, -5, -19
372.4, -5, -19
372.5, -5, -19
372.6, -5, -19
372.7, -5, -19
372.8, -5, -19
372.9, -5, -19
373, -5, -19
373.1, -5, -19
373.2, -5, -19
373.3, -5, -19
373.4, -5, -19
373.5, -5, -19
373.6, -5, -19
373.7, -5, -19
373.8, -5, -19
373.9, -6, -19
374, -6, -19
374.1, -6, -19
374.2, -6, -19
374.3, -6, -19
374.4, -6, -19
374.5, -6, -19
374.6, -6, -19
374.7, -6, -19
374.8, -6, -19
374.9, -6, -19
375, -6, -19
375.1, -6, -19
375.2, -6, -19
375.3, -6, -19
375.4, -6, -19
375.5, -6, -19
375.6, -6, -19
375.7, -6, -19
375.8, -6, -19
375.9, -6, -19
376, -6, -19
376.1, -6, -19
376.2, -6, -19
376.3, -7, -19
376.4, -7, -19
376.5, -7, -19
376.6, -7, -19
376.7, -7, -19
376.8, -7, -19
376.9, -7, -19
377, -7, -19
377.1, -7, -19
377.2, -7, -19
377.3, -7, -19
377.4, -7, -19
377.5, -7, -19
377.6, -7, -19
377.7, -7, -19
377.8, -7, -19
377.9, -7, -19
378, -7, -19
378.1, -7, -19
378.2, -7, -19
378.3, -7, -19
378.4, -7, -19
378.5, -7, -19
378.6, -7, -19
378.7, -7, -19
378.8, -7, -19
378.9, -7, -19
379, -7, -19
379.1, -7, -19
379.2, -7, -19
379.3, -7, -18
379.4, -7, -18
379.5, -7, -18
379.6, -7, -18
379.7, -7, -18
379.8, -7, -18
379.9, -7, -18
380, -7, -18
380.1, -7, -18
380.2, -7, -18
380.3, -7, -18
380.4, -7, -18
380.5, -7, -18
380.6, -7, -18
380.7, -7, -18
380.8, -7, -18
380.9, -7, -18
381, -7, -18
381.1, -7, -18
381.2, -7, -18
381.3, -7, -18
381.4, -7, -18
381.5, -7, -18
381.6, -7, -18
381.7, -7, -18
381.8, -7, -18
381.9, -7, -18
382, -7, -18
382.1, -7, -18
382.2, -7, -18
382.3, -7, -18
382.4, -7, -18
382.5, -7, -18
382.6, -7, -18
382.7, -7, -18
382.8, -7, -18
382.9, -7, -18
383, -7, -18
383.1, -7, -17
383.2, -7, -17
383.3, -7, -17
383.4, -7, -17
383.5, -7, -17
383.6, -7, -17
383.7, -7, -17
383.8, -7, -17
383.9, -7, -17
384, -7, -17
384.1, -7, -17
384.2, -7, -17
384.3, -7, -17
384.4, -7, -17
384.5, -7, -17
384.6, -7, -17
384.7, -7, -16
384.8, -7, -16
384.9, -7, -16
385, -7, -16
385.1, -7, -16
385.2, -7, -16
385.3, -7, -16
385.4, -7, -16
385.5, -7, -16
385.6, -7, -16
385.7, -7, -16
385.8, -7, -16
385.9, -7, -16
386, -7, -16
386.1, -6, -16
386.2, -6, -16
386.3, -6, -16
386.4, -6, -16
386.5, -6, -16
386.6, -6, -16
386.7, -6, -16
386.8, -6, -16
386.9, -6, -16
387, -6, -16
387.1, -6, -16
387.2, -6, -16
387.3, -6, -16
387.4, -6, -16
387.5, -6, -16
387.6, -6, -16
387.7, -6, -15
387.8, -6, -15
387.9, -6, -15
388, -6, -15
388.1, -6, -15
388.2, -6, -15
388.3, -6, -15
388.4, -6, -15
388.5, -6, -15
388.6, -6, -15
388.7, -6, -15
388.8, -6, -15
388.9, -6, -15
389, -6, -15
389.1, -7, -15
389.2, -7, -15
389.3, -6, -15
389.4, -6, -15
389.5, -6, -15
389.6, -6, -15
389.7, -5, -15
389.8, -5, -15
389.9, -5, -14
390, -5, -14
390.1, -6, -14
390.2, -6, -14
390.3, -6, -14
390.4, -6, -14
390.5, -6, -14
390.6, -6, -14
390.7, -6, -14
390.8, -6, -14
390.9, -6, -14
391, -6, -14
391.1, -6, -14
391.2, -6, -14
391.3, -6, -14
391.4, -6, -14
391.5, -6, -14
391.6, -6, -14
391.7, -6, -14
391.8, -6, -14
391.9, -6, -14
392, -6, -14
392.1, -6, -14
392.2, -6, -14
392.3, -5, -14
392.4, -5, -14
392.5, -5, -14
392.6, -5, -14
392.7, -5, -14
392.8, -5, -14
392.9, -4, -14
393, -4, -14
393.1, -4, -14
393.2, -4, -14
393.3, -4, -14
393.4, -4, -14
393.5, -4, -14
393.6, -4, -14
393.7, -4, -14
393.8, -4, -14
393.9, -4, -14
394, -4, -14
394.1, -4, -14
394.2, -4, -14
394.3, -4, -14
394.4, -4, -14
394.5, -4, -14
394.6, -4, -14
394.7, -4, -14
394.8, -4, -14
394.9, -4, -14
395, -4, -14
395.1, -4, -14
395.2, -4, -14
395.3, -4, -14
395.4, -4, -14
395.5, -4, -14
395.6, -4, -14
395.7, -4, -14
395.8, -4, -14
395.9, -4, -14
396, -4, -14
396.1, -4, -14
396.2, -4, -14
396.3, -4, -14
396.4, -4, -14
396.5, -4, -14
396.6, -4, -14
396.7, -4, -14
396.8, -4, -14
396.9, -4, -14
397, -4, -14
397.1, -4, -14
397.2, -4, -14
397.3, -4, -14
397.4, -4, -14
397.5, -4, -14
397.6, -4, -14
397.7, -3, -14
397.8, -3, -14
397.9, -3, -14
398, -3, -14
398.1, -3, -14
398.2, -3, -14
398.3, -3, -14
398.4, -3, -14
398.5, -3, -14
398.6, -3, -14
398.7, -3, -14
398.8, -3, -14
398.9, -3, -14
399, -3, -14
399.1, -3, -14
399.2, -3, -14
399.3, -3, -14
399.4, -3, -14
399.5, -3, -14
399.6, -3, -14
399.7, -3, -14
399.8, -3, -14
399.9, -3, -13
400, -3, -13
400.1, -3, -13
400.2, -3, -13
400.3, -3, -13
400.4, -3, -13
400.5, -4, -13
400.6, -4, -13
400.7, -4, -13
400.8, -4, -13
400.9, -4, -13
401, -4, -13
401.1, -4, -13
401.2, -4, -13
401.3, -4, -13
401.4, -4, -13
401.5, -4, -13
401.6, -4, -13
401.7, -4, -12
401.8, -4, -12
401.9, -5, -12
402, -5, -12
402.1, -5, -12
402.2, -5, -12
402.3, -5, -12
402.4, -5, -12
402.5, -5, -12
402.6, -5, -12
402.7, -5, -12
402.8, -5, -12
402.9, -5, -12
403, -5, -12
403.1, -5, -12
403.2, -5, -12
403.3, -5, -12
403.4, -5, -12
403.5, -5, -12
403.6, -5, -12
403.7, -5, -12
403.8, -5, -12
403.9, -5, -12
404, -5, -12
404.1, -5, -12
404.2, -5, -12
404.3, -5, -12
404.4, -5, -12
404.5, -5, -12
404.6, -5, -12
404.7, -5, -12
404.8, -5, -12
404.9, -5, -12
405, -5, -12
405.1, -5, -12
405.2, -5, -12
405.3, -6, -12
405.4, -6, -12
405.5, -6, -12
405.6, -6, -12
405.7, -6, -12
405.8, -6, -12
405.9, -6, -12
406, -6, -12
406.1, -6, -11
406.2, -6, -11
406.3, -6, -11
406.4, -6, -11
406.5, -6, -11
406.6, -6, -11
406.7, -6, -11
406.8, -6, -11
406.9, -6, -11
407, -6, -11
407.1, -6, -10
407.2, -6, -10
407.3, -6, -10
407.4, -6, -10
407.5, -6, -10
407.6, -6, -10
407.7, -6, -10
407.8, -6, -10
407.9, -6, -10
408, -6, -10
408.1, -6, -10
408.2, -6, -10
408.3, -6, -10
408.4, -6, -10
408.5, -5, -10
408.6, -5, -10
408.7, -5, -10
408.8, -5, -10
408.9, -5, -10
409, -5, -10
409.1, -5, -10
409.2, -5, -10
409.3, -5, -10
409.4, -5, -10
409.5, -6, -10
409.6, -6, -10
409.7, -6, -10
409.8, -6, -10
409.9, -6, -10
410, -6, -10
410.1, -6, -10
410.2, -6, -10
410.3, -6, -10
410.4, -6, -10
410.5, -6, -10
410.6, -6, -10
410.7, -6, -10
410.8, -6, -10
410.9, -6, -10
411, -6, -10
411.1, -6, -10
411.2, -6, -10
411.3, -6, -10
411.4, -6, -10
411.5, -6, -10
411.6, -6, -10
411.7, -6, -10
411.8, -6, -10
411.9, -6, -10
412, -6, -10
412.1, -6, -10
412.2, -6, -10
412.3, -6, -10
412.4, -6, -10
412.5, -6, -10
412.6, -6, -10
412.7, -6, -10
412.8, -6, -10
412.9, -6, -10
413, -6, -10
413.1, -6, -10
413.2, -6, -10
413.3, -6, -10
413.4, -6, -10
413.5, -6, -10
413.6, -6, -10
413.7, -6, -10
413.8, -6, -10
413.9, -6, -10
414, -6, -10
414.1, -6, -10
414.2, -6, -10
414.3, -6, -10
414.4, -6, -10
414.5, -7, -10
414.6, -7, -10
414.7, -7, -10
414.8, -7, -10
414.9, -7, -10
415, -7, -10
415.1, -7, -10
415.2, -7, -10
415.3, -7, -10
415.4, -7, -10
415.5, -7, -10
415.6, -7, -10
415.7, -7, -10
415.8, -7, -10
415.9, -7, -10
416, -7, -10
416.1, -7, -10
416.2, -7, -10
416.3, -7, -10
416.4, -7, -10
416.5, -8, -10
416.6, -8, -10
416.7, -8, -10
416.8, -8, -10
416.9, -8, -10
417, -8, -10
417.1, -8, -10
417.2, -8, -10
417.3, -8, -10
417.4, -8, -10
417.5, -8, -10
417.6, -8, -10
417.7, -7, -10
417.8, -7, -10
417.9, -7, -10
418, -7, -10
418.1, -7, -10
418.2, -7, -10
418.3, -7, -10
418.4, -7, -10
418.5, -7, -9
418.6, -7, -9
418.7, -7, -9
418.8, -7, -9
418.9, -7, -9
419, -7, -9
419.1, -7, -9
419.2, -7, -9
419.3, -7, -9
419.4, -7, -9
419.5, -7, -9
419.6, -7, -9
419.7, -7, -9
419.8, -7, -9
419.9, -7, -9
420, -7, -9
420.1, -7, -9
420.2, -7, -9
420.3, -7, -9
420.4, -7, -9
420.5, -7, -9
420.6, -7, -9
420.7, -7, -8
420.8, -7, -8
420.9, -7, -8
421, -7, -8
421.1, -7, -8
421.2, -7, -8
421.3, -7, -8
421.4, -7, -8
421.5, -7, -8
421.6, -7, -8
421.7, -7, -8
421.8, -7, -8
421.9, -7, -8
422, -7, -8
422.1, -7, -8
422.2, -7, -8
422.3, -7, -8
422.4, -7, -8
422.5, -7, -8
422.6, -7, -8
422.7, -7, -8
422.8, -7, -8
422.9, -7, -8
423, -7, -8
423.1, -7, -9
423.2, -7, -9
423.3, -8, -9
423.4, -8, -9
423.5, -8, -9
423.6, -8, -9
423.7, -8, -9
423.8, -8, -9
423.9, -8, -9
424, -8, -9
424.1, -8, -9
424.2, -8, -9
424.3, -8, -8
424.4, -8, -8
424.5, -8, -8
424.6, -8, -8
424.7, -8, -8
424.8, -8, -8
424.9, -8, -8
425, -8, -8
425.1, -8, -8
425.2, -8, -8
425.3, -8, -8
425.4, -8, -8
425.5, -8, -8
425.6, -8, -8
425.7, -8, -8
425.8, -8, -8
425.9, -8, -8
426, -8, -8
426.1, -8, -8
426.2, -8, -8
426.3, -8, -8
426.4, -8, -8
426.5, -8, -8
426.6, -8, -8
426.7, -8, -8
426.8, -8, -8
426.9, -8, -8
427, -8, -8
427.1, -8, -8
427.2, -8, -8
427.3, -8, -8
427.4, -8, -8
427.5, -8, -8
427.6, -8, -8
427.7, -8, -8
427.8, -8, -8
427.9, -8, -8
428, -8, -8
428.1, -8, -8
428.2, -8, -8
428.3, -8, -8
428.4, -8, -8
428.5, -8, -8
428.6, -8, -8
428.7, -8, -8
428.8, -8, -8
428.9, -8, -8
429, -8, -8
429.1, -8, -8
429.2, -8, -8
429.3, -8, -8
429.4, -8, -8
429.5, -8, -7
429.6, -8, -7
429.7, -8, -7
429.8, -8, -7
429.9, -8, -7
430, -8, -7
430.1, -8, -7
430.2, -8, -7
430.3, -8, -7
430.4, -8, -7
430.5, -8, -7
430.6, -8, -7
430.7, -8, -7
430.8, -8, -7
430.9, -8, -7
431, -8, -7
431.1, -8, -7
431.2, -8, -7
431.3, -8, -7
431.4, -8, -7
431.5, -8, -7
431.6, -8, -7
431.7, -8, -7
431.8, -8, -7
431.9, -8, -7
432, -8, -7
432.1, -8, -7
432.2, -8, -7
432.3, -8, -7
432.4, -8, -7
432.5, -8, -7
432.6, -8, -7
432.7, -8, -7
432.8, -8, -7
432.9, -7, -7
433, -7, -7
433.1, -7, -7
433.2, -7, -7
433.3, -7, -7
433.4, -7, -7
433.5, -7, -7
433.6, -7, -7
433.7, -8, -7
433.8, -8, -7
433.9, -8, -7
434, -8, -7
434.1, -8, -7
434.2, -8, -7
434.3, -8, -7
434.4, -8, -7
434.5, -8, -7
434.6, -8, -7
434.7, -8, -7
434.8, -8, -7
434.9, -8, -7
435, -8, -7
435.1, -8, -7
435.2, -8, -7
435.3, -8, -7
435.4, -8, -7
435.5, -8, -7
435.6, -8, -7
435.7, -8, -7
435.8, -8, -7
435.9, -8, -7
436, -8, -7
436.1, -8, -7
436.2, -8, -7
436.3, -8, -7
436.4, -8, -7
436.5, -8, -7
436.6, -8, -7
436.7, -8, -7
436.8, -8, -7
436.9, -8, -7
437, -8, -7
437.1, -8, -7
437.2, -8, -7
437.3, -8, -7
437.4, -8, -7
437.5, -8, -7
437.6, -8, -7
437.7, -8, -7
437.8, -8, -7
437.9, -8, -7
438, -8, -7
438.1, -8, -7
438.2, -8, -7
438.3, -8, -7
438.4, -8, -7
438.5, -8, -7
438.6, -8, -7
438.7, -8, -7
438.8, -8, -7
438.9, -8, -7
439, -8, -7
439.1, -8, -7
439.2, -8, -7
439.3, -8, -7
439.4, -8, -7
439.5, -8, -7
439.6, -8, -7
439.7, -8, -7
439.8, -8, -7
439.9, -8, -7
440, -8, -7
440.1, -8, -7
440.2, -8, -7
440.3, -8, -7
440.4, -8, -7
440.5, -8, -7
440.6, -8, -7
440.7, -8, -7
440.8, -8, -7
440.9, -8, -7
441, -8, -7
441.1, -8, -7
441.2, -8, -7
441.3, -8, -7
441.4, -8, -7
441.5, -8, -7
441.6, -8, -7
441.7, -8, -7
441.8, -8, -7
441.9, -8, -8
442, -8, -8
442.1, -7, -8
442.2, -7, -8
442.3, -7, -8
442.4, -7, -8
442.5, -7, -8
442.6, -7, -8
442.7, -7, -8
442.8, -7, -8
442.9, -7, -8
443, -7, -8
443.1, -7, -8
443.2, -7, -8
443.3, -7, -8
443.4, -7, -8
443.5, -7, -8
443.6, -7, -8
443.7, -7, -8
443.8, -7, -8
443.9, -7, -8
444, -7, -8
444.1, -7, -8
444.2, -7, -8
444.3, -7, -7
444.4, -7, -7
444.5, -7, -7
444.6, -7, -7
444.7, -7, -7
444.8, -7, -7
444.9, -7, -7
445, -7, -7
445.1, -7, -7
445.2, -7, -7
445.3, -7, -7
445.4, -7, -7
445.5, -7, -7
445.6, -7, -7
445.7, -7, -6
445.8, -7, -6
445.9, -7, -6
446, -7, -6
446.1, -7, -6
446.2, -7, -6
446.3, -7, -6
446.4, -7, -6
446.5, -7, -6
446.6, -7, -6
446.7, -7, -6
446.8, -7, -6
446.9, -7, -6
447, -7, -6
447.1, -7, -5
447.2, -7, -5
447.3, -7, -5
447.4, -7, -5
447.5, -7, -5
447.6, -7, -5
447.7, -7, -5
447.8, -7, -5
447.9, -7, -5
448, -7, -5
448.1, -7, -5
448.2, -7, -5
448.3, -7, -5
448.4, -7, -5
448.5, -7, -5
448.6, -7, -5
448.7, -7, -5
448.8, -7, -5
448.9, -7, -5
449, -7, -5
449.1, -7, -5
449.2, -7, -5
449.3, -7, -5
449.4, -7, -5
449.5, -7, -5
449.6, -7, -5
449.7, -7, -5
449.8, -7, -5
449.9, -7, -5
450, -7, -5
450.1, -7, -5
450.2, -7, -5
450.3, -7, -5
450.4, -7, -5
450.5, -7, -5
450.6, -7, -5
450.7, -7, -5
450.8, -7, -5
450.9, -7, -5
451, -7, -5
451.1, -7, -5
451.2, -7, -5
451.3, -7, -6
451.4, -7, -6
451.5, -7, -6
451.6, -7, -6
451.7, -7, -6
451.8, -7, -6
451.9, -7, -6
452, -7, -6
452.1, -7, -6
452.2, -7, -6
452.3, -7, -6
452.4, -7, -6
452.5, -7, -6
452.6, -7, -6
452.7, -7, -6
452.8, -7, -6
452.9, -7, -6
453, -7, -6
453.1, -7, -6
453.2, -7, -6
453.3, -7, -6
453.4, -7, -6
453.5, -7, -6
453.6, -7, -6
453.7, -7, -6
453.8, -7, -6
453.9, -6, -6
454, -6, -6
454.1, -6, -6
454.2, -6, -6
454.3, -6, -6
454.4, -6, -6
454.5, -6, -6
454.6, -6, -6
454.7, -6, -6
454.8, -6, -6
454.9, -6, -6
455, -6, -6
455.1, -6, -6
455.2, -6, -6
455.3, -6, -6
455.4, -6, -6
455.5, -6, -6
455.6, -6, -6
455.7, -6, -6
455.8, -6, -6
455.9, -6, -6
456, -6, -6
456.1, -5, -6
456.2, -5, -6
456.3, -5, -6
456.4, -5, -6
456.5, -5, -6
456.6, -5, -6
456.7, -5, -7
456.8, -5, -7
456.9, -5, -7
457, -5, -7
457.1, -5, -7
457.2, -5, -7
457.3, -5, -7
457.4, -5, -7
457.5, -5, -7
457.6, -5, -7
457.7, -5, -7
457.8, -5, -7
457.9, -5, -7
458, -5, -7
458.1, -5, -7
458.2, -5, -7
458.3, -5, -7
458.4, -5, -7
458.5, -6, -7
458.6, -6, -7
458.7, -6, -7
458.8, -6, -7
458.9, -6, -7
459, -6, -7
459.1, -6, -7
459.2, -6, -7
459.3, -6, -7
459.4, -6, -7
459.5, -6, -7
459.6, -6, -7
459.7, -6, -7
459.8, -6, -7
459.9, -6, -7
460, -6, -7
460.1, -6, -7
460.2, -6, -7
460.3, -6, -7
460.4, -6, -7
460.5, -6, -7
460.6, -6, -7
460.7, -6, -8
460.8, -6, -8
460.9, -6, -8
461, -6, -8
461.1, -6, -8
461.2, -6, -8
461.3, -6, -8
461.4, -6, -8
461.5, -6, -8
461.6, -6, -8
461.7, -6, -9
461.8, -6, -9
461.9, -5, -9
462, -5, -9
462.1, -5, -9
462.2, -5, -9
462.3, -5, -9
462.4, -5, -9
462.5, -5, -9
462.6, -5, -9
462.7, -5, -9
462.8, -5, -9
462.9, -5, -9
463, -5, -9
463.1, -5, -9
463.2, -5, -9
463.3, -5, -9
463.4, -5, -9
463.5, -5, -9
463.6, -5, -9
463.7, -5, -9
463.8, -5, -9
463.9, -5, -9
464, -5, -9
464.1, -5, -9
464.2, -5, -9
464.3, -5, -9
464.4, -5, -9
464.5, -5, -9
464.6, -5, -9
464.7, -5, -9
464.8, -5, -9
464.9, -5, -9
465, -5, -9
465.1, -5, -9
465.2, -5, -9
465.3, -5, -9
465.4, -5, -9
465.5, -5, -9
465.6, -5, -9
465.7, -5, -9
465.8, -5, -9
465.9, -5, -9
466, -5, -9
466.1, -5, -9
466.2, -5, -9
466.3, -6, -9
466.4, -6, -9
466.5, -6, -9
466.6, -6, -9
466.7, -6, -9
466.8, -6, -9
466.9, -6, -10
467, -6, -10
467.1, -6, -10
467.2, -6, -10
467.3, -6, -10
467.4, -6, -10
467.5, -6, -10
467.6, -6, -10
467.7, -6, -9
467.8, -6, -9
467.9, -6, -9
468, -6, -9
468.1, -6, -9
468.2, -6, -9
468.3, -6, -9
468.4, -6, -9
468.5, -6, -9
468.6, -6, -9
468.7, -6, -9
468.8, -6, -9
468.9, -6, -9
469, -6, -9
469.1, -6, -9
469.2, -6, -9
469.3, -6, -9
469.4, -6, -9
469.5, -6, -9
469.6, -6, -9
469.7, -6, -9
469.8, -6, -9
469.9, -6, -9
470, -6, -9
470.1, -6, -9
470.2, -6, -9
470.3, -6, -10
470.4, -6, -10
470.5, -6, -10
470.6, -6, -10
470.7, -6, -10
470.8, -6, -10
470.9, -6, -10
471, -6, -10
471.1, -6, -10
471.2, -6, -10
471.3, -6, -11
471.4, -6, -11
471.5, -6, -11
471.6, -6, -11
471.7, -6, -11
471.8, -6, -11
471.9, -6, -11
472, -6, -11
472.1, -6, -11
472.2, -6, -11
472.3, -6, -11
472.4, -6, -11
472.5, -7, -11
472.6, -7, -11
472.7, -7, -11
472.8, -7, -11
472.9, -7, -11
473, -7, -11
473.1, -6, -11
473.2, -6, -11
473.3, -6, -11
473.4, -6, -11
473.5, -6, -11
473.6, -6, -11
473.7, -6, -11
473.8, -6, -11
473.9, -6, -11
474, -6, -11
474.1, -6, -10
474.2, -6, -10
474.3, -6, -10
474.4, -6, -10
474.5, -6, -10
474.6, -6, -10
474.7, -6, -10
474.8, -6, -10
474.9, -6, -10
475, -6, -10
475.1, -5, -10
475.2, -5, -10
475.3, -5, -10
475.4, -5, -10
475.5, -6, -10
475.6, -6, -10
475.7, -6, -10
475.8, -6, -10
475.9, -6, -10
476, -6, -10
476.1, -6, -10
476.2, -6, -10
476.3, -6, -10
476.4, -6, -10
476.5, -6, -10
476.6, -6, -10
476.7, -6, -10
476.8, -6, -10
476.9, -6, -10
477, -6, -10
477.1, -6, -10
477.2, -6, -10
477.3, -6, -10
477.4, -6, -10
477.5, -5, -10
477.6, -5, -10
477.7, -5, -10
477.8, -5, -10
477.9, -5, -10
478, -5, -10
478.1, -5, -10
478.2, -5, -10
478.3, -5, -10
478.4, -5, -10
478.5, -5, -10
478.6, -5, -10
478.7, -5, -10
478.8, -5, -10
478.9, -5, -10
479, -5, -10
479.1, -5, -10
479.2, -5, -10
479.3, -5, -10
479.4, -5, -10
479.5, -4, -10
479.6, -4, -10
479.7, -4, -10
479.8, -4, -10
479.9, -4, -10
480, -4, -10
480.1, -3, -10
480.2, -3, -10
480.3, -3, -10
480.4, -3, -10
480.5, -3, -10
480.6, -3, -10
480.7, -3, -10
480.8, -3, -10
480.9, -3, -10
481, -3, -10
481.1, -3, -10
481.2, -3, -10
481.3, -3, -10
481.4, -3, -10
481.5, -3, -10
481.6, -3, -10
481.7, -3, -10
481.8, -3, -10
481.9, -3, -10
482, -3, -10
482.1, -3, -10
482.2, -3, -10
482.3, -3, -10
482.4, -3, -10
482.5, -3, -10
482.6, -3, -10
482.7, -3, -10
482.8, -3, -10
482.9, -3, -10
483, -3, -10
483.1, -3, -10
483.2, -3, -10
483.3, -3, -10
483.4, -3, -10
483.5, -2, -10
483.6, -2, -10
483.7, -2, -10
483.8, -2, -10
483.9, -2, -10
484, -2, -10
484.1, -2, -10
484.2, -2, -10
484.3, -2, -10
484.4, -2, -10
484.5, -2, -10
484.6, -2, -10
484.7, -2, -10
484.8, -2, -10
484.9, -2, -10
485, -2, -10
485.1, -2, -10
485.2, -2, -10
485.3, -2, -10
485.4, -2, -10
485.5, -3, -10
485.6, -3, -10
485.7, -3, -10
485.8, -3, -10
485.9, -3, -10
486, -3, -10
486.1, -3, -10
486.2, -3, -10
486.3, -3, -10
486.4, -3, -10
486.5, -3, -10
486.6, -3, -10
486.7, -3, -10
486.8, -3, -10
486.9, -3, -10
487, -3, -10
487.1, -3, -10
487.2, -3, -10
487.3, -3, -10
487.4, -3, -10
487.5, -3, -10
487.6, -3, -10
487.7, -3, -10
487.8, -3, -10
487.9, -3, -10
488, -3, -10
488.1, -3, -10
488.2, -3, -10
488.3, -4, -10
488.4, -4, -10
488.5, -4, -10
488.6, -4, -10
488.7, -4, -10
488.8, -4, -10
488.9, -4, -10
489, -4, -10
489.1, -4, -10
489.2, -4, -10
489.3, -4, -10
489.4, -4, -10
489.5, -4, -10
489.6, -4, -10
489.7, -4, -10
489.8, -4, -10
489.9, -4, -10
490, -4, -10
490.1, -4, -10
490.2, -4, -10
490.3, -4, -10
490.4, -4, -10
490.5, -4, -10
490.6, -4, -10
490.7, -4, -10
490.8, -4, -10
490.9, -4, -10
491, -4, -10
491.1, -4, -10
491.2, -4, -10
491.3, -4, -10
491.4, -4, -10
491.5, -4, -10
491.6, -4, -10
491.7, -4, -10
491.8, -4, -10
491.9, -4, -10
492, -4, -10
492.1, -4, -10
492.2, -4, -10
492.3, -4, -10
492.4, -4, -10
492.5, -4, -10
492.6, -4, -10
492.7, -4, -10
492.8, -4, -10
492.9, -4, -10
493, -4, -10
493.1, -4, -10
493.2, -4, -10
493.3, -4, -10
493.4, -4, -10
493.5, -4, -10
493.6, -4, -10
493.7, -4, -10
493.8, -4, -10
493.9, -4, -10
494, -4, -10
494.1, -4, -10
494.2, -4, -10
494.3, -4, -9
494.4, -4, -9
494.5, -4, -9
494.6, -4, -9
494.7, -4, -9
494.8, -4, -9
494.9, -3, -9
495, -3, -9
495.1, -3, -9
495.2, -3, -9
495.3, -3, -8
495.4, -3, -8
495.5, -3, -8
495.6, -3, -8
495.7, -3, -8
495.8, -3, -8
495.9, -3, -8
496, -3, -8
496.1, -2, -8
496.2, -2, -8
496.3, -2, -8
496.4, -2, -8
496.5, -2, -8
496.6, -2, -8
496.7, -2, -8
496.8, -2, -8
496.9, -2, -8
497, -2, -8
497.1, -2, -8
497.2, -2, -8
497.3, -2, -8
497.4, -2, -8
497.5, -2, -8
497.6, -2, -8
497.7, -2, -8
497.8, -2, -8
497.9, -2, -8
498, -2, -8
498.1, -2, -8
498.2, -2, -8
498.3, -2, -8
498.4, -2, -8
498.5, -2, -8
498.6, -2, -8
498.7, -2, -8
498.8, -2, -8
498.9, -2, -8
499, -2, -8
499.1, -2, -8
499.2, -2, -8
499.3, -2, -8
499.4, -2, -8
499.5, -2, -8
499.6, -2, -8
499.7, -2, -8
499.8, -2, -8
499.9, -2, -8
500, -2, -8
500.1, -2, -8
500.2, -2, -8
500.3, -2, -8
500.4, -2, -8
500.5, -2, -8
500.6, -2, -8
500.7, -2, -8
500.8, -2, -8
500.9, -2, -8
501, -2, -8
501.1, -2, -8
501.2, -2, -8
501.3, -2, -8
501.4, -2, -8
501.5, -2, -8
501.6, -2, -8
501.7, -2, -8
501.8, -2, -8
501.9, -2, -8
502, -2, -8
502.1, -2, -8
502.2, -2, -8
502.3, -2, -8
502.4, -2, -8
502.5, -2, -8
502.6, -2, -8
502.7, -2, -8
502.8, -2, -8
502.9, -1, -8
503, -1, -8
503.1, -1, -8
503.2, -1, -8
503.3, -1, -8
503.4, -1, -8
503.5, -1, -8
503.6, -1, -8
503.7, -1, -8
503.8, -1, -8
503.9, -1, -8
504, -1, -8
504.1, -1, -8
504.2, -1, -8
504.3, -1, -8
504.4, -1, -8
504.5, -1, -8
504.6, -1, -8
504.7, -1, -8
504.8, -1, -8
504.9, -1, -8
505, -1, -8
505.1, -1, -8
505.2, -1, -8
505.3, -1, -8
505.4, -1, -8
505.5, 0, -8
505.6, 0, -8
505.7, 0, -8
505.8, 0, -8
505.9, 0, -8
506, 0, -8
506.1, 0, -8
506.2, 0, -8
506.3, 0, -8
506.4, 0, -8
506.5, 0, -9
506.6, 0, -9
506.7, 0, -9
506.8, 0, -9
506.9, 0, -9
507, 0, -9
507.1, 0, -9
507.2, 0, -9
507.3, 0, -9
507.4, 0, -9
507.5, 0, -9
507.6, 0, -9
507.7, 0, -9
507.8, 0, -9
507.9, 0, -8
508, 0, -8
508.1, 0, -8
508.2, 0, -8
508.3, 0, -8
508.4, 0, -8
508.5, 0, -8
508.6, 0, -8
508.7, 0, -8
508.8, 0, -8
508.9, 0, -8
509, 0, -8
509.1, 0, -8
509.2, 0, -8
509.3, 0, -8
509.4, 0, -8
509.5, 0, -8
509.6, 0, -8
509.7, -1, -8
509.8, -1, -8
509.9, -1, -8
510, -1, -8
510.1, -1, -8
510.2, -1, -8
510.3, -1, -8
510.4, -1, -8
510.5, -1, -8
510.6, -1, -8
510.7, -1, -8
510.8, -1, -8
510.9, -1, -9
511, -1, -9
511.1, -1, -9
511.2, -1, -9
511.3, -1, -9
511.4, -1, -9
511.5, -1, -9
511.6, -1, -9
511.7, -1, -9
511.8, -1, -9
511.9, -1, -8
512, -1, -8
512.1, -1, -8
512.2, -1, -8
512.3, -1, -8
512.4, -1, -8
512.5, -1, -8
512.6, -1, -8
512.7, -1, -8
512.8, -1, -8
512.9, -1, -8
513, -1, -8
513.1, -1, -8
513.2, -1, -8
513.3, -1, -8
513.4, -1, -8
513.5, -1, -8
513.6, -1, -8
513.7, -1, -8
513.8, -1, -8
513.9, -1, -8
514, -1, -8
514.1, -1, -8
514.2, -1, -8
514.3, -1, -8
514.4, -1, -8
514.5, -1, -8
514.6, -1, -8
514.7, -1, -8
514.8, -1, -8
514.9, -1, -8
515, -1, -8
515.1, -1, -8
515.2, -1, -8
515.3, -1, -8
515.4, -1, -8
515.5, -1, -8
515.6, -1, -8
515.7, -1, -8
515.8, -1, -8
515.9, -1, -8
516, -1, -8
516.1, -1, -8
516.2, -1, -8
516.3, -1, -8
516.4, -1, -8
516.5, -1, -8
516.6, -1, -8
516.7, -1, -8
516.8, -1, -8
516.9, -1, -8
517, -1, -8
517.1, -1, -8
517.2, -1, -8
517.3, -1, -8
517.4, -1, -8
517.5, -1, -8
517.6, -1, -8
517.7, -1, -9
517.8, -1, -9
517.9, -1, -9
518, -1, -9
518.1, -1, -9
518.2, -1, -9
518.3, 0, -9
518.4, 0, -9
518.5, 0, -9
518.6, 0, -9
518.7, 0, -9
518.8, 0, -9
518.9, 0, -9
519, 0, -9
519.1, 0, -9
519.2, 0, -9
519.3, 0, -9
519.4, 0, -9
519.5, 0, -9
519.6, 0, -9
519.7, 0, -9
519.8, 0, -9
519.9, 0, -9
520, 0, -9
520.1, 0, -9
520.2, 0, -9
520.3, 0, -9
520.4, 0, -9
520.5, 0, -9
520.6, 0, -9
520.7, 0, -8
520.8, 0, -8
520.9, 0, -8
521, 0, -8
521.1, 0, -8
521.2, 0, -8
521.3, 0, -8
521.4, 0, -8
521.5, 0, -8
521.6, 0, -8
521.7, 0, -8
521.8, 0, -8
521.9, 0, -8
522, 0, -8
522.1, 0, -8
522.2, 0, -8
522.3, 0, -8
522.4, 0, -8
522.5, 0, -8
522.6, 0, -8
522.7, 0, -8
522.8, 0, -8
522.9, 0, -8
523, 0, -8
523.1, 0, -8
523.2, 0, -8
523.3, 0, -8
523.4, 0, -8
523.5, 0, -8
523.6, 0, -8
523.7, 0, -8
523.8, 0, -8
523.9, 0, -8
524, 0, -8
524.1, 0, -8
524.2, 0, -8
524.3, 0, -8
524.4, 0, -8
524.5, 0, -8
524.6, 0, -8
524.7, 0, -8
524.8, 0, -8
524.9, 0, -8
525, 0, -8
525.1, 0, -8
525.2, 0, -8
525.3, 0, -8
525.4, 0, -8
525.5, 0, -8
525.6, 0, -8
525.7, 0, -8
525.8, 0, -8
525.9, 0, -8
526, 0, -8
526.1, 0, -8
526.2, 0, -8
526.3, 0, -8
526.4, 0, -8
526.5, 0, -8
526.6, 0, -8
526.7, 0, -8
526.8, 0, -8
526.9, 0, -8
527, 0, -8
527.1, 0, -8
527.2, 0, -8
527.3, 0, -8
527.4, 0, -8
527.5, 0, -8
527.6, 0, -8
527.7, -1, -8
527.8, -1, -8
527.9, -1, -8
528, -1, -8
528.1, -2, -8
528.2, -2, -8
528.3, -2, -8
528.4, -2, -8
528.5, -2, -8
528.6, -2, -8
528.7, -2, -8
528.8, -2, -8
528.9, -2, -8
529, -2, -8
529.1, -2, -8
529.2, -2, -8
529.3, -2, -8
529.4, -2, -8
529.5, -2, -8
529.6, -2, -8
529.7, -2, -8
529.8, -2, -8
529.9, -2, -8
530, -2, -8
530.1, -2, -8
530.2, -2, -8
530.3, -2, -7
530.4, -2, -7
530.5, -2, -7
530.6, -2, -7
530.7, -2, -7
530.8, -2, -7
530.9, -2, -7
531, -2, -7
531.1, -2, -7
531.2, -2, -7
531.3, -2, -7
531.4, -2, -7
531.5, -2, -7
531.6, -2, -7
531.7, -2, -7
531.8, -2, -7
531.9, -2, -7
532, -2, -7
532.1, -2, -7
532.2, -2, -7
532.3, -2, -7
532.4, -2, -7
532.5, -3, -7
532.6, -3, -7
532.7, -3, -7
532.8, -3, -7
532.9, -3, -7
533, -3, -7
533.1, -3, -6
533.2, -3, -6
533.3, -3, -6
533.4, -3, -6
533.5, -3, -6
533.6, -3, -6
533.7, -3, -6
533.8, -3, -6
533.9, -3, -6
534, -3, -6
534.1, -3, -6
534.2, -3, -6
534.3, -3, -6
534.4, -3, -6
534.5, -3, -6
534.6, -3, -6
534.7, -3, -6
534.8, -3, -6
534.9, -3, -6
535, -3, -6
535.1, -2, -6
535.2, -2, -6
535.3, -2, -5
535.4, -2, -5
535.5, -2, -5
535.6, -2, -5
535.7, -2, -5
535.8, -2, -5
535.9, -2, -5
536, -2, -5
536.1, -2, -4
536.2, -2, -4
536.3, -2, -4
536.4, -2, -4
536.5, -2, -4
536.6, -2, -4
536.7, -2, -4
536.8, -2, -4
536.9, -2, -4
537, -2, -4
537.1, -2, -4
537.2, -2, -4
537.3, -2, -4
537.4, -2, -4
537.5, -2, -4
537.6, -2, -4
537.7, -2, -4
537.8, -2, -4
537.9, -2, -4
538, -2, -4
538.1, -2, -4
538.2, -2, -4
538.3, -2, -4
538.4, -2, -4
538.5, -2, -4
538.6, -2, -4
538.7, -1, -4
538.8, -1, -4
538.9, -1, -4
539, -1, -4
539.1, -1, -4
539.2, -1, -4
539.3, -1, -4
539.4, -1, -4
539.5, -1, -3
539.6, -1, -3
539.7, -1, -3
539.8, -1, -3
539.9, -1, -3
540, -1, -3
540.1, 0, -3
540.2, 0, -3
540.3, 0, -3
540.4, 0, -3
540.5, 0, -3
540.6, 0, -3
540.7, 0, -3
540.8, 0, -3
540.9, 0, -3
541, 0, -3
541.1, 0, -3
541.2, 0, -3
541.3, 0, -3
541.4, 0, -3
541.5, 0, -3
541.6, 0, -3
541.7, 0, -3
541.8, 0, -3
541.9, 0, -3
542, 0, -3
542.1, 0, -3
542.2, 0, -3
542.3, 0, -3
542.4, 0, -3
542.5, 0, -3
542.6, 0, -3
542.7, 0, -3
542.8, 0, -3
542.9, 0, -3
543, 0, -3
543.1, 0, -3
543.2, 0, -3
543.3, 0, -3
543.4, 0, -3
543.5, 0, -3
543.6, 0, -3
543.7, 0, -3
543.8, 0, -3
543.9, 0, -3
544, 0, -3
544.1, 0, -3
544.2, 0, -3
544.3, 0, -2
544.4, 0, -2
544.5, 0, -2
544.6, 0, -2
544.7, 0, -2
544.8, 0, -2
544.9, 0, -2
545, 0, -2
545.1, 0, -2
545.2, 0, -2
545.3, 0, -2
545.4, 0, -2
545.5, 0, -2
545.6, 0, -2
545.7, 0, -2
545.8, 0, -2
545.9, 0, -2
546, 0, -2
546.1, 0, -2
546.2, 0, -2
546.3, 0, -2
546.4, 0, -2
546.5, 0, -2
546.6, 0, -2
546.7, 0, -2
546.8, 0, -2
546.9, 0, -2
547, 0, -2
547.1, 0, -2
547.2, 0, -2
547.3, 0, -2
547.4, 0, -2
547.5, 0, -2
547.6, 0, -2
547.7, 0, -2
547.8, 0, -2
547.9, 0, -2
548, 0, -2
548.1, 0, -2
548.2, 0, -2
548.3, 0, -2
548.4, 0, -2
548.5, 0, -2
548.6, 0, -2
548.7, 0, -2
548.8, 0, -2
548.9, 0, -2
549, 0, -2
549.1, 0, -2
549.2, 0, -2
549.3, 0, -2
549.4, 0, -2
549.5, 0, -2
549.6, 0, -2
549.7, -1, -2
549.8, -1, -2
549.9, -1, -2
550, -1, -2
550.1, -1, -2
550.2, -1, -2
550.3, -1, -2
550.4, -1, -2
550.5, -1, -2
550.6, -1, -2
550.7, -1, -3
550.8, -1, -3
550.9, 0, -3
551, 0, -3
551.1, 0, -3
551.2, 0, -3
551.3, 0, -3
551.4, 0, -3
551.5, 0, -3
551.6, 0, -3
551.7, 0, -3
551.8, 0, -3
551.9, 0, -3
552, 0, -3
552.1, 0, -3
552.2, 0, -3
552.3, 1, -3
552.4, 1, -3
552.5, 1, -3
552.6, 1, -3
552.7, 2, -3
552.8, 2, -3
552.9, 2, -3
553, 2, -3
553.1, 2, -3
553.2, 2, -3
553.3, 2, -3
553.4, 2, -3
553.5, 2, -3
553.6, 2, -3
553.7, 2, -3
553.8, 2, -3
553.9, 2, -3
554, 2, -3
554.1, 2, -3
554.2, 2, -3
554.3, 2, -3
554.4, 2, -3
554.5, 2, -3
554.6, 2, -3
554.7, 2, -3
554.8, 2, -3
554.9, 2, -3
555, 2, -3
555.1, 2, -3
555.2, 2, -3
555.3, 2, -2
555.4, 2, -2
555.5, 2, -2
555.6, 2, -2
555.7, 2, -2
555.8, 2, -2
555.9, 2, -2
556, 2, -2
556.1, 2, -2
556.2, 2, -2
556.3, 2, -2
556.4, 2, -2
556.5, 2, -2
556.6, 2, -2
556.7, 2, -2
556.8, 2, -2
556.9, 2, -2
557, 2, -2
557.1, 2, -2
557.2, 2, -2
557.3, 2, -2
557.4, 2, -2
557.5, 2, -3
557.6, 2, -3
557.7, 2, -3
557.8, 2, -3
557.9, 2, -3
558, 2, -3
558.1, 2, -3
558.2, 2, -3
558.3, 2, -3
558.4, 2, -3
558.5, 1, -3
558.6, 1, -3
558.7, 1, -3
558.8, 1, -3
558.9, 1, -3
559, 1, -3
559.1, 1, -3
559.2, 1, -3
559.3, 1, -3
559.4, 1, -3
559.5, 1, -3
559.6, 1, -3
559.7, 1, -3
559.8, 1, -3
559.9, 1, -3
560, 1, -3
560.1, 1, -3
560.2, 1, -3
560.3, 1, -3
560.4, 1, -3
560.5, 1, -3
560.6, 1, -3
560.7, 1, -4
560.8, 1, -4
560.9, 1, -4
561, 1, -4
561.1, 1, -4
561.2, 1, -4
561.3, 1, -4
561.4, 1, -4
561.5, 1, -4
561.6, 1, -4
561.7, 1, -4
561.8, 1, -4
561.9, 1, -4
562, 1, -4
562.1, 1, -4
562.2, 1, -4
562.3, 1, -4
562.4, 1, -4
562.5, 1, -4
562.6, 1, -4
562.7, 1, -4
562.8, 1, -4
562.9, 1, -4
563, 1, -4
563.1, 1, -3
563.2, 1, -3
563.3, 1, -3
563.4, 1, -3
563.5, 1, -3
563.6, 1, -3
563.7, 1, -3
563.8, 1, -3
563.9, 1, -3
564, 1, -3
564.1, 1, -3
564.2, 1, -3
564.3, 1, -3
564.4, 1, -3
564.5, 1, -3
564.6, 1, -3
564.7, 1, -3
564.8, 1, -3
564.9, 1, -3
565, 1, -3
565.1, 1, -3
565.2, 1, -3
565.3, 1, -3
565.4, 1, -3
565.5, 1, -3
565.6, 1, -3
565.7, 1, -3
565.8, 1, -3
565.9, 1, -3
566, 1, -3
566.1, 0, -3
566.2, 0, -3
566.3, 0, -3
566.4, 0, -3
566.5, 0, -3
566.6, 0, -3
566.7, 0, -3
566.8, 0, -3
566.9, 0, -3
567, 0, -3
567.1, 0, -3
567.2, 0, -3
567.3, 0, -3
567.4, 0, -3
567.5, 1, -3
567.6, 1, -3
567.7, 1, -3
567.8, 1, -3
567.9, 1, -3
568, 1, -3
568.1, 1, -3
568.2, 1, -3
568.3, 1, -3
568.4, 1, -3
568.5, 0, -3
568.6, 0, -3
568.7, 0, -3
568.8, 0, -3
568.9, 0, -3
569, 0, -3
569.1, 0, -3
569.2, 0, -3
569.3, 0, -3
569.4, 0, -3
569.5, 0, -2
569.6, 0, -2
569.7, 0, -2
569.8, 0, -2
569.9, 0, -2
570, 0, -2
570.1, 0, -2
570.2, 0, -2
570.3, 0, -2
570.4, 0, -2
570.5, 0, -2
570.6, 0, -2
570.7, 0, -2
570.8, 0, -2
570.9, 0, -2
571, 0, -2
571.1, 0, -2
571.2, 0, -2
571.3, 0, -2
571.4, 0, -2
571.5, 0, -2
571.6, 0, -2
571.7, 0, -2
571.8, 0, -2
571.9, 0, -2
572, 0, -2
572.1, 0, -2
572.2, 0, -2
572.3, 0, -2
572.4, 0, -2
572.5, 0, -2
572.6, 0, -2
572.7, 0, -2
572.8, 0, -2
572.9, 1, -2
573, 1, -2
573.1, 1, -2
573.2, 1, -2
573.3, 1, -2
573.4, 1, -2
573.5, 1, -2
573.6, 1, -2
573.7, 1, -2
573.8, 1, -2
573.9, 1, -2
574, 1, -2
574.1, 1, -2
574.2, 1, -2
574.3, 1, -2
574.4, 1, -2
574.5, 1, -2
574.6, 1, -2
574.7, 1, -2
574.8, 1, -2
574.9, 1, -2
575, 1, -2
575.1, 1, -2
575.2, 1, -2
575.3, 1, -2
575.4, 1, -2
575.5, 1, -2
575.6, 1, -2
575.7, 1, -2
575.8, 1, -2
575.9, 1, -2
576, 1, -2
576.1, 1, -2
576.2, 1, -2
576.3, 1, -2
576.4, 1, -2
576.5, 1, -2
576.6, 1, -2
576.7, 1, -2
576.8, 1, -2
576.9, 1, -2
577, 1, -2
577.1, 1, -2
577.2, 1, -2
577.3, 1, -2
577.4, 1, -2
577.5, 1, -2
577.6, 1, -2
577.7, 1, -2
577.8, 1, -2
577.9, 1, -2
578, 1, -2
578.1, 1, -3
578.2, 1, -3
578.3, 1, -3
578.4, 1, -3
578.5, 1, -3
578.6, 1, -3
578.7, 1, -3
578.8, 1, -3
578.9, 1, -3
579, 1, -3
579.1, 1, -3
579.2, 1, -3
579.3, 1, -3
579.4, 1, -3
579.5, 1, -3
579.6, 1, -3
579.7, 1, -3
579.8, 1, -3
579.9, 1, -3
580, 1, -3
580.1, 1, -3
580.2, 1, -3
580.3, 1, -3
580.4, 1, -3
580.5, 1, -2
580.6, 1, -2
580.7, 1, -2
580.8, 1, -2
580.9, 1, -2
581, 1, -2
581.1, 1, -2
581.2, 1, -2
581.3, 1, -2
581.4, 1, -2
581.5, 1, -2
581.6, 1, -2
581.7, 1, -2
581.8, 1, -2
581.9, 1, -2
582, 1, -2
582.1, 1, -2
582.2, 1, -2
582.3, 1, -2
582.4, 1, -2
582.5, 1, -1
582.6, 1, -1
582.7, 1, -1
582.8, 1, -1
582.9, 1, -1
583, 1, -1
583.1, 1, -1
583.2, 1, -1
583.3, 1, -1
583.4, 1, -1
583.5, 1, -1
583.6, 1, -1
583.7, 1, -1
583.8, 1, -1
583.9, 1, -1
584, 1, -1
584.1, 1, -1
584.2, 1, -1
584.3, 1, -1
584.4, 1, -1
584.5, 1, -1
584.6, 1, -1
584.7, 1, -1
584.8, 1, -1
584.9, 1, -1
585, 1, -1
585.1, 1, -1
585.2, 1, -1
585.3, 1, -1
585.4, 1, -1
585.5, 1, -1
585.6, 1, -1
585.7, 1, -1
585.8, 1, -1
585.9, 1, -1
586, 1, -1
586.1, 1, -1
586.2, 1, -1
586.3, 1, -1
586.4, 1, -1
586.5, 1, -1
586.6, 1, -1
586.7, 1, -2
586.8, 1, -2
586.9, 1, -2
587, 1, -2
587.1, 1, -2
587.2, 1, -2
587.3, 1, -2
587.4, 1, -2
587.5, 1, -2
587.6, 1, -2
587.7, 1, -2
587.8, 1, -2
587.9, 1, -2
588, 1, -2
588.1, 1, -2
588.2, 1, -2
588.3, 1, -2
588.4, 1, -2
588.5, 1, -2
588.6, 1, -2
588.7, 1, -2
588.8, 1, -2
588.9, 1, -2
589, 1, -2
589.1, 1, -2
589.2, 1, -2
589.3, 1, -2
589.4, 1, -2
589.5, 1, -2
589.6, 1, -2
589.7, 1, -2
589.8, 1, -2
589.9, 1, -2
590, 1, -2
590.1, 1, -2
590.2, 1, -2
590.3, 1, -2
590.4, 1, -2
590.5, 1, -2
590.6, 1, -2
590.7, 0, -2
590.8, 0, -2
590.9, 0, -2
591, 0, -2
591.1, 0, -2
591.2, 0, -2
591.3, 0, -2
591.4, 0, -2
591.5, 0, -2
591.6, 0, -2
591.7, 0, -2
591.8, 0, -2
591.9, 0, -2
592, 0, -2
592.1, 0, -2
592.2, 0, -2
592.3, 0, -2
592.4, 0, -2
592.5, 0, -2
592.6, 0, -2
592.7, 0, -2
592.8, 0, -2
592.9, 0, -1
593, 0, -1
593.1, 0, -1
593.2, 0, -1
593.3, 0, -1
593.4, 0, -1
593.5, 0, -1
593.6, 0, -1
593.7, 0, -1
593.8, 0, -1
593.9, 0, -1
594, 0, -1
594.1, 0, -2
594.2, 0, -2
594.3, 0, -2
594.4, 0, -2
594.5, 0, -2
594.6, 0, -2
594.7, 0, -2
594.8, 0, -2
594.9, 0, -2
595, 0, -2
595.1, 0, -2
595.2, 0, -2
595.3, 0, -2
595.4, 0, -2
595.5, 0, -2
595.6, 0, -2
595.7, 0, -2
595.8, 0, -2
595.9, 0, -2
596, 0, -2
596.1, 0, -2
596.2, 0, -2
596.3, 0, -2
596.4, 0, -2
596.5, 0, -2
596.6, 0, -2
596.7, -1, -2
596.8, -1, -2
596.9, -1, -2
597, -1, -2
597.1, -1, -2
597.2, -1, -2
597.3, -1, -2
597.4, -1, -2
597.5, -1, -2
597.6, -1, -2
597.7, -1, -3
597.8, -1, -3
597.9, -1, -3
598, -1, -3
598.1, -1, -3
598.2, -1, -3
598.3, -1, -3
598.4, -1, -3
598.5, -1, -3
598.6, -1, -3
598.7, -1, -3
598.8, -1, -3
598.9, -1, -3
599, -1, -3
599.1, -1, -3
599.2, -1, -3
599.3, -1, -3
599.4, -1, -3
599.5, -1, -3
599.6, -1, -3
599.7, -1, -3
599.8, -1, -3
599.9, -1, -3
600, -1, -3
600.1, -1, -3
600.2, -1, -3
600.3, -1, -3
600.4, -1, -3
600.5, -1, -3
600.6, -1, -3
600.7, -1, -3
600.8, -1, -3
600.9, -1, -3
601, -1, -3
601.1, -1, -3
601.2, -1, -3
601.3, -1, -3
601.4, -1, -3
601.5, -1, -3
601.6, -1, -3
601.7, -1, -3
601.8, -1, -3
601.9, -1, -3
602, -1, -3
602.1, -1, -3
602.2, -1, -3
602.3, -1, -3
602.4, -1, -3
602.5, -1, -4
602.6, -1, -4
602.7, -1, -4
602.8, -1, -4
602.9, -1, -4
603, -1, -4
603.1, -1, -4
603.2, -1, -4
603.3, -1, -4
603.4, -1, -4
603.5, -1, -4
603.6, -1, -4
603.7, -1, -4
603.8, -1, -4
603.9, -1, -4
604, -1, -4
604.1, -1, -4
604.2, -1, -4
604.3, -1, -4
604.4, -1, -4
604.5, -1, -4
604.6, -1, -4
604.7, -1, -4
604.8, -1, -4
604.9, -1, -4
605, -1, -4
605.1, -1, -4
605.2, -1, -4
605.3, -1, -4
605.4, -1, -4
605.5, -1, -4
605.6, -1, -4
605.7, -1, -4
605.8, -1, -4
605.9, -1, -4
606, -1, -4
606.1, -1, -4
606.2, -1, -4
606.3, -1, -4
606.4, -1, -4
606.5, -1, -4
606.6, -1, -4
606.7, -1, -4
606.8, -1, -4
606.9, -1, -4
607, -1, -4
607.1, -1, -4
607.2, -1, -4
607.3, -1, -4
607.4, -1, -4
607.5, -1, -4
607.6, -1, -4
607.7, -2, -4
607.8, -2, -4
607.9, -2, -4
608, -2, -4
608.1, -2, -4
608.2, -2, -4
608.3, -3, -4
608.4, -3, -4
608.5, -3, -4
608.6, -3, -4
608.7, -3, -4
608.8, -3, -4
608.9, -3, -4
609, -3, -4
609.1, -3, -4
609.2, -3, -4
609.3, -3, -4
609.4, -3, -4
609.5, -3, -4
609.6, -3, -4
609.7, -3, -4
609.8, -3, -4
609.9, -3, -4
610, -3, -4
610.1, -3, -4
610.2, -3, -4
610.3, -3, -4
610.4, -3, -4
610.5, -3, -4
610.6, -3, -4
610.7, -3, -4
610.8, -3, -4
610.9, -3, -4
611, -3, -4
611.1, -3, -4
611.2, -3, -4
611.3, -3, -4
611.4, -3, -4
611.5, -3, -3
611.6, -3, -3
611.7, -3, -3
611.8, -3, -3
611.9, -3, -3
612, -3, -3
612.1, -3, -3
612.2, -3, -3
612.3, -3, -3
612.4, -3, -3
612.5, -3, -3
612.6, -3, -3
612.7, -3, -3
612.8, -3, -3
612.9, -3, -3
613, -3, -3
613.1, -3, -3
613.2, -3, -3
613.3, -3, -3
613.4, -3, -3
613.5, -3, -3
613.6, -3, -3
613.7, -3, -3
613.8, -3, -3
613.9, -3, -4
614, -3, -4
614.1, -3, -4
614.2, -3, -4
614.3, -3, -4
614.4, -3, -4
614.5, -3, -4
614.6, -3, -4
614.7, -3, -4
614.8, -3, -4
614.9, -3, -4
615, -3, -4
615.1, -3, -4
615.2, -3, -4
615.3, -3, -4
615.4, -3, -4
615.5, -3, -4
615.6, -3, -4
615.7, -3, -4
615.8, -3, -4
615.9, -3, -4
616, -3, -4
616.1, -3, -4
616.2, -3, -4
616.3, -3, -4
616.4, -3, -4
616.5, -3, -4
616.6, -3, -4
616.7, -3, -4
616.8, -3, -4
616.9, -3, -4
617, -3, -4
617.1, -3, -4
617.2, -3, -4
617.3, -3, -4
617.4, -3, -4
617.5, -3, -4
617.6, -3, -4
617.7, -3, -4
617.8, -3, -4
617.9, -3, -4
618, -3, -4
618.1, -3, -4
618.2, -3, -4
618.3, -3, -4
618.4, -3, -4
618.5, -3, -4
618.6, -3, -4
618.7, -3, -4
618.8, -3, -4
618.9, -3, -4
619, -3, -4
619.1, -3, -4
619.2, -3, -4
619.3, -3, -4
619.4, -3, -4
619.5, -3, -4
619.6, -3, -4
619.7, -3, -4
619.8, -3, -4
619.9, -3, -4
620, -3, -4
620.1, -3, -4
620.2, -3, -4
620.3, -3, -4
620.4, -3, -4
620.5, -3, -4
620.6, -3, -4
620.7, -3, -4
620.8, -3, -4
620.9, -3, -4
621, -3, -4
621.1, -3, -4
621.2, -3, -4
621.3, -3, -4
621.4, -3, -4
621.5, -3, -4
621.6, -3, -4
621.7, -3, -4
621.8, -3, -4
621.9, -3, -4
622, -3, -4
622.1, -3, -4
622.2, -3, -4
622.3, -4, -4
622.4, -4, -4
622.5, -4, -4
622.6, -4, -4
622.7, -4, -4
622.8, -4, -4
622.9, -4, -4
623, -4, -4
623.1, -4, -4
623.2, -4, -4
623.3, -4, -4
623.4, -4, -4
623.5, -4, -4
623.6, -4, -4
623.7, -4, -4
623.8, -4, -4
623.9, -4, -4
624, -4, -4
624.1, -4, -4
624.2, -4, -4
624.3, -4, -4
624.4, -4, -4
624.5, -4, -4
624.6, -4, -4
624.7, -4, -4
624.8, -4, -4
624.9, -4, -4
625, -4, -4
625.1, -4, -4
625.2, -4, -4
625.3, -4, -4
625.4, -4, -4
625.5, -4, -4
625.6, -4, -4
625.7, -4, -4
625.8, -4, -4
625.9, -4, -4
626, -4, -4
626.1, -4, -4
626.2, -4, -4
626.3, -4, -4
626.4, -4, -4
626.5, -4, -4
626.6, -4, -4
626.7, -4, -4
626.8, -4, -4
626.9, -4, -4
627, -4, -4
627.1, -5, -4
627.2, -5, -4
627.3, -5, -4
627.4, -5, -4
627.5, -5, -4
627.6, -5, -4
627.7, -5, -4
627.8, -5, -4
627.9, -5, -4
628, -5, -4
628.1, -5, -5
628.2, -5, -5
628.3, -5, -5
628.4, -5, -5
628.5, -5, -5
628.6, -5, -5
628.7, -5, -5
628.8, -5, -5
628.9, -5, -5
629, -5, -5
629.1, -5, -5
629.2, -5, -5
629.3, -5, -5
629.4, -5, -5
629.5, -5, -5
629.6, -5, -5
629.7, -5, -4
629.8, -5, -4
629.9, -5, -4
630, -5, -4
630.1, -5, -4
630.2, -5, -4
630.3, -5, -4
630.4, -5, -4
630.5, -5, -4
630.6, -5, -4
630.7, -5, -4
630.8, -5, -4
630.9, -5, -4
631, -5, -4
631.1, -4, -4
631.2, -4, -4
631.3, -4, -4
631.4, -4, -4
631.5, -4, -4
631.6, -4, -4
631.7, -4, -4
631.8, -4, -4
631.9, -4, -4
632, -4, -4
632.1, -4, -4
632.2, -4, -4
632.3, -4, -4
632.4, -4, -4
632.5, -4, -4
632.6, -4, -4
632.7, -4, -4
632.8, -4, -4
632.9, -4, -4
633, -4, -4
633.1, -4, -4
633.2, -4, -4
633.3, -4, -4
633.4, -4, -4
633.5, -4, -4
633.6, -4, -4
633.7, -4, -4
633.8, -4, -4
633.9, -4, -4
634, -4, -4
634.1, -4, -5
634.2, -4, -5
634.3, -4, -5
634.4, -4, -5
634.5, -4, -5
634.6, -4, -5
634.7, -4, -5
634.8, -4, -5
634.9, -4, -5
635, -4, -5
635.1, -4, -5
635.2, -4, -5
635.3, -4, -5
635.4, -4, -5
635.5, -4, -5
635.6, -4, -5
635.7, -4, -5
635.8, -4, -5
635.9, -4, -5
636, -4, -5
636.1, -4, -4
636.2, -4, -4
636.3, -4, -4
636.4, -4, -4
636.5, -4, -4
636.6, -4, -4
636.7, -4, -4
636.8, -4, -4
636.9, -4, -4
637, -4, -4
637.1, -4, -4
637.2, -4, -4
637.3, -4, -4
637.4, -4, -4
637.5, -4, -4
637.6, -4, -4
637.7, -4, -4
637.8, -4, -4
637.9, -4, -4
638, -4, -4
638.1, -4, -4
638.2, -4, -4
638.3, -4, -4
638.4, -4, -4
638.5, -4, -4
638.6, -4, -4
638.7, -4, -4
638.8, -4, -4
638.9, -4, -4
639, -4, -4
639.1, -4, -4
639.2, -4, -4
639.3, -4, -4
639.4, -4, -4
639.5, -4, -4
639.6, -4, -4
639.7, -4, -4
639.8, -4, -4
639.9, -4, -4
640, -4, -4
640.1, -4, -4
640.2, -4, -4
640.3, -4, -4
640.4, -4, -4
640.5, -4, -4
640.6, -4, -4
640.7, -4, -4
640.8, -4, -4
640.9, -4, -4
641, -4, -4
641.1, -3, -4
641.2, -3, -4
641.3, -3, -4
641.4, -3, -4
641.5, -3, -4
641.6, -3, -4
641.7, -3, -4
641.8, -3, -4
641.9, -3, -4
642, -3, -4
642.1, -3, -4
642.2, -3, -4
642.3, -3, -4
642.4, -3, -4
642.5, -3, -5
642.6, -3, -5
642.7, -3, -5
642.8, -3, -5
642.9, -3, -5
643, -3, -5
643.1, -3, -5
643.2, -3, -5
643.3, -3, -5
643.4, -3, -5
643.5, -3, -5
643.6, -3, -5
643.7, -3, -5
643.8, -3, -5
643.9, -3, -5
644, -3, -5
644.1, -3, -5
644.2, -3, -5
644.3, -3, -5
644.4, -3, -5
644.5, -3, -5
644.6, -3, -5
644.7, -3, -5
644.8, -3, -5
644.9, -4, -5
645, -4, -5
645.1, -4, -5
645.2, -4, -5
645.3, -4, -5
645.4, -4, -5
645.5, -4, -5
645.6, -4, -5
645.7, -4, -5
645.8, -4, -5
645.9, -4, -5
646, -4, -5
646.1, -4, -5
646.2, -4, -5
646.3, -4, -5
646.4, -4, -5
646.5, -4, -5
646.6, -4, -5
646.7, -4, -6
646.8, -4, -6
646.9, -4, -6
647, -4, -6
647.1, -4, -6
647.2, -4, -6
647.3, -4, -6
647.4, -4, -6
647.5, -4, -6
647.6, -4, -6
647.7, -4, -7
647.8, -4, -7
647.9, -4, -7
648, -4, -7
648.1, -4, -7
648.2, -4, -7
648.3, -4, -7
648.4, -4, -7
648.5, -4, -7
648.6, -4, -7
648.7, -4, -7
648.8, -4, -7
648.9, -4, -7
649, -4, -7
649.1, -4, -7
649.2, -4, -7
649.3, -4, -7
649.4, -4, -7
649.5, -4, -7
649.6, -4, -7
649.7, -4, -7
649.8, -4, -7
649.9, -5, -7
650, -5, -7
650.1, -5, -7
650.2, -5, -7
650.3, -6, -7
650.4, -6, -7
650.5, -6, -7
650.6, -6, -7
650.7, -6, -7
650.8, -6, -7
650.9, -5, -7
651, -5, -7
651.1, -5, -7
651.2, -5, -7
651.3, -5, -7
651.4, -5, -7
651.5, -5, -7
651.6, -5, -7
651.7, -5, -7
651.8, -5, -7
651.9, -5, -7
652, -5, -7
652.1, -5, -7
652.2, -5, -7
652.3, -5, -7
652.4, -5, -7
652.5, -5, -7
652.6, -5, -7
652.7, -5, -7
652.8, -5, -7
652.9, -5, -8
653, -5, -8
653.1, -5, -8
653.2, -5, -8
653.3, -5, -8
653.4, -5, -8
653.5, -5, -8
653.6, -5, -8
653.7, -5, -8
653.8, -5, -8
653.9, -5, -8
654, -5, -8
654.1, -5, -8
654.2, -5, -8
654.3, -5, -8
654.4, -5, -8
654.5, -5, -8
654.6, -5, -8
654.7, -5, -8
654.8, -5, -8
654.9, -5, -8
655, -5, -8
655.1, -5, -8
655.2, -5, -8
655.3, -5, -8
655.4, -5, -8
655.5, -5, -8
655.6, -5, -8
655.7, -5, -8
655.8, -5, -8
655.9, -5, -8
656, -5, -8
656.1, -5, -8
656.2, -5, -8
656.3, -5, -8
656.4, -5, -8
656.5, -5, -8
656.6, -5, -8
656.7, -5, -8
656.8, -5, -8
656.9, -5, -8
657, -5, -8
657.1, -5, -8
657.2, -5, -8
657.3, -5, -8
657.4, -5, -8
657.5, -5, -8
657.6, -5, -8
657.7, -5, -8
657.8, -5, -8
657.9, -5, -8
658, -5, -8
658.1, -5, -8
658.2, -5, -8
658.3, -5, -8
658.4, -5, -8
658.5, -5, -8
658.6, -5, -8
658.7, -5, -8
658.8, -5, -8
658.9, -5, -8
659, -5, -8
659.1, -5, -8
659.2, -5, -8
659.3, -5, -8
659.4, -5, -8
659.5, -5, -8
659.6, -5, -8
659.7, -5, -8
659.8, -5, -8
659.9, -5, -8
660, -5, -8
660.1, -5, -8
660.2, -5, -8
660.3, -5, -8
660.4, -5, -8
660.5, -5, -8
660.6, -5, -8
660.7, -5, -9
660.8, -5, -9
660.9, -5, -9
661, -5, -9
661.1, -5, -9
661.2, -5, -9
661.3, -5, -9
661.4, -5, -9
661.5, -5, -9
661.6, -5, -9
661.7, -5, -9
661.8, -5, -9
661.9, -5, -9
662, -5, -9
662.1, -5, -9
662.2, -5, -9
662.3, -5, -9
662.4, -5, -9
662.5, -5, -8
662.6, -5, -8
662.7, -5, -8
662.8, -5, -8
662.9, -5, -8
663, -5, -8
663.1, -5, -8
663.2, -5, -8
663.3, -5, -8
663.4, -5, -8
663.5, -5, -8
663.6, -5, -8
663.7, -5, -8
663.8, -5, -8
663.9, -5, -8
664, -5, -8
664.1, -5, -8
664.2, -5, -8
664.3, -5, -8
664.4, -5, -8
664.5, -5, -8
664.6, -5, -8
664.7, -5, -8
664.8, -5, -8
664.9, -5, -8
665, -5, -8
665.1, -5, -8
665.2, -5, -8
665.3, -5, -8
665.4, -5, -8
665.5, -5, -8
665.6, -5, -8
665.7, -5, -8
665.8, -5, -8
665.9, -5, -8
666, -5, -8
666.1, -5, -8
666.2, -5, -8
666.3, -5, -8
666.4, -5, -8
666.5, -5, -8
666.6, -5, -8
666.7, -5, -8
666.8, -5, -8
666.9, -5, -8
667, -5, -8
667.1, -5, -8
667.2, -5, -8
667.3, -5, -8
667.4, -5, -8
667.5, -5, -8
667.6, -5, -8
667.7, -5, -8
667.8, -5, -8
667.9, -5, -8
668, -5, -8
668.1, -5, -8
668.2, -5, -8
668.3, -5, -8
668.4, -5, -8
668.5, -5, -8
668.6, -5, -8
668.7, -5, -8
668.8, -5, -8
668.9, -5, -8
669, -5, -8
669.1, -5, -8
669.2, -5, -8
669.3, -5, -8
669.4, -5, -8
669.5, -5, -8
669.6, -5, -8
669.7, -4, -8
669.8, -4, -8
669.9, -4, -8
670, -4, -8
670.1, -4, -8
670.2, -4, -8
670.3, -3, -8
670.4, -3, -8
670.5, -3, -8
670.6, -3, -8
670.7, -3, -8
670.8, -3, -8
670.9, -3, -8
671, -3, -8
671.1, -2, -8
671.2, -2, -8
671.3, -2, -9
671.4, -2, -9
671.5, -2, -9
671.6, -2, -9
671.7, -2, -9
671.8, -2, -9
671.9, -2, -9
672, -2, -9
672.1, -2, -9
672.2, -2, -9
672.3, -2, -9
672.4, -2, -9
672.5, -2, -9
672.6, -2, -9
672.7, -2, -9
672.8, -2, -9
672.9, -2, -9
673, -2, -9
673.1, -2, -9
673.2, -2, -9
673.3, -2, -9
673.4, -2, -9
673.5, -2, -9
673.6, -2, -9
673.7, -2, -9
673.8, -2, -9
673.9, -2, -9
674, -2, -9
674.1, -1, -9
674.2, -1, -9
674.3, -1, -9
674.4, -1, -9
674.5, -1, -9
674.6, -1, -9
674.7, -1, -9
674.8, -1, -9
674.9, -1, -9
675, -1, -9
675.1, -1, -9
675.2, -1, -9
675.3, -1, -10
675.4, -1, -10
675.5, -1, -10
675.6, -1, -10
675.7, -1, -10
675.8, -1, -10
675.9, -1, -10
676, -1, -10
676.1, -1, -10
676.2, -1, -10
676.3, -1, -10
676.4, -1, -10
676.5, -1, -10
676.6, -1, -10
676.7, -1, -10
676.8, -1, -10
676.9, -1, -10
677, -1, -10
677.1, -1, -10
677.2, -1, -10
677.3, -1, -10
677.4, -1, -10
677.5, -1, -10
677.6, -1, -10
677.7, -1, -10
677.8, -1, -10
677.9, -1, -9
678, -1, -9
678.1, -1, -9
678.2, -1, -9
678.3, -1, -9
678.4, -1, -9
678.5, -1, -9
678.6, -1, -9
678.7, -1, -9
678.8, -1, -9
678.9, -1, -9
679, -1, -9
679.1, -1, -9
679.2, -1, -9
679.3, -1, -9
679.4, -1, -9
679.5, -1, -9
679.6, -1, -9
679.7, -1, -9
679.8, -1, -9
679.9, -1, -9
680, -1, -9
680.1, -1, -9
680.2, -1, -9
680.3, -1, -9
680.4, -1, -9
680.5, -1, -9
680.6, -1, -9
680.7, -1, -9
680.8, -1, -9
680.9, -1, -9
681, -1, -9
681.1, -2, -9
681.2, -2, -9
681.3, -2, -9
681.4, -2, -9
681.5, -1, -9
681.6, -1, -9
681.7, -1, -9
681.8, -1, -9
681.9, -1, -10
682, -1, -10
682.1, -1, -10
682.2, -1, -10
682.3, -1, -10
682.4, -1, -10
682.5, -1, -10
682.6, -1, -10
682.7, -1, -10
682.8, -1, -10
682.9, -1, -10
683, -1, -10
683.1, -1, -10
683.2, -1, -10
683.3, -1, -10
683.4, -1, -10
683.5, -1, -10
683.6, -1, -10
683.7, -1, -10
683.8, -1, -10
683.9, -1, -10
684, -1, -10
684.1, -1, -10
684.2, -1, -10
684.3, -1, -10
684.4, -1, -10
684.5, -1, -10
684.6, -1, -10
684.7, -1, -10
684.8, -1, -10
684.9, -1, -10
685, -1, -10
685.1, -1, -11
685.2, -1, -11
685.3, -1, -11
685.4, -1, -11
685.5, -1, -11
685.6, -1, -11
685.7, -1, -11
685.8, -1, -11
685.9, -1, -11
686, -1, -11
686.1, -1, -11
686.2, -1, -11
686.3, -1, -11
686.4, -1, -11
686.5, -1, -11
686.6, -1, -11
686.7, -1, -11
686.8, -1, -11
686.9, -1, -10
687, -1, -10
687.1, -1, -10
687.2, -1, -10
687.3, -1, -10
687.4, -1, -10
687.5, -1, -10
687.6, -1, -10
687.7, -1, -10
687.8, -1, -10
687.9, -1, -10
688, -1, -10
688.1, -1, -10
688.2, -1, -10
688.3, -1, -10
688.4, -1, -10
688.5, -1, -11
688.6, -1, -11
688.7, -1, -11
688.8, -1, -11
688.9, -1, -11
689, -1, -11
689.1, -1, -10
689.2, -1, -10
689.3, -1, -10
689.4, -1, -10
689.5, -1, -10
689.6, -1, -10
689.7, -1, -10
689.8, -1, -10
689.9, -1, -10
690, -1, -10
690.1, -1, -10
690.2, -1, -10
690.3, -1, -10
690.4, -1, -10
690.5, -1, -10
690.6, -1, -10
690.7, -1, -10
690.8, -1, -10
690.9, -1, -10
691, -1, -10
691.1, -2, -10
691.2, -2, -10
691.3, -2, -10
691.4, -2, -10
691.5, -2, -10
691.6, -2, -10
691.7, -2, -10
691.8, -2, -10
691.9, -2, -10
692, -2, -10
692.1, -2, -10
692.2, -2, -10
692.3, -2, -10
692.4, -2, -10
692.5, -2, -10
692.6, -2, -10
692.7, -2, -10
692.8, -2, -10
692.9, -2, -10
693, -2, -10
693.1, -2, -10
693.2, -2, -10
693.3, -2, -10
693.4, -2, -10
693.5, -2, -10
693.6, -2, -10
693.7, -2, -10
693.8, -2, -10
693.9, -3, -10
694, -3, -10
694.1, -3, -10
694.2, -3, -10
694.3, -3, -10
694.4, -3, -10
694.5, -3, -11
694.6, -3, -11
694.7, -3, -11
694.8, -3, -11
694.9, -3, -11
695, -3, -11
695.1, -3, -11
695.2, -3, -11
695.3, -3, -11
695.4, -3, -11
695.5, -3, -11
695.6, -3, -11
695.7, -3, -11
695.8, -3, -11
695.9, -3, -10
696, -3, -10
696.1, -3, -10
696.2, -3, -10
696.3, -3, -10
696.4, -3, -10
696.5, -3, -10
696.6, -3, -10
696.7, -3, -10
696.8, -3, -10
696.9, -3, -10
697, -3, -10
697.1, -3, -10
697.2, -3, -10
697.3, -3, -10
697.4, -3, -10
697.5, -3, -10
697.6, -3, -10
697.7, -3, -10
697.8, -3, -10
697.9, -3, -10
698, -3, -10
698.1, -2, -10
698.2, -2, -10
698.3, -2, -10
698.4, -2, -10
698.5, -2, -10
698.6, -2, -10
698.7, -2, -10
698.8, -2, -10
698.9, -2, -10
699, -2, -10
699.1, -2, -10
699.2, -2, -10
699.3, -2, -10
699.4, -2, -10
699.5, -2, -10
699.6, -2, -10
699.7, -2, -10
699.8, -2, -10
699.9, -2, -10
700, -2, -10
700.1, -2, -10
700.2, -2, -10
700.3, -2, -10
700.4, -2, -10
700.5, -2, -10
700.6, -2, -10
700.7, -2, -10
700.8, -2, -10
700.9, -2, -10
701, -2, -10
701.1, -2, -10
701.2, -2, -10
701.3, -2, -10
701.4, -2, -10
701.5, -2, -10
701.6, -2, -10
701.7, -2, -9
701.8, -2, -9
701.9, -2, -9
702, -2, -9
702.1, -2, -9
702.2, -2, -9
702.3, -2, -8
702.4, -2, -8
702.5, -2, -8
702.6, -2, -8
702.7, -2, -8
702.8, -2, -8
702.9, -1, -8
703, -1, -8
703.1, -1, -8
703.2, -1, -8
703.3, -1, -8
703.4, -1, -8
703.5, -1, -8
703.6, -1, -8
703.7, -1, -8
703.8, -1, -8
703.9, -1, -8
704, -1, -8
704.1, -1, -8
704.2, -1, -8
704.3, -1, -8
704.4, -1, -8
704.5, -1, -8
704.6, -1, -8
704.7, -1, -8
704.8, -1, -8
704.9, -1, -7
705, -1, -7
705.1, -1, -7
705.2, -1, -7
705.3, -1, -7
705.4, -1, -7
705.5, -1, -6
705.6, -1, -6
705.7, -1, -6
705.8, -1, -6
705.9, -1, -6
706, -1, -6
706.1, -1, -6
706.2, -1, -6
706.3, -1, -6
706.4, -1, -6
706.5, -1, -6
706.6, -1, -6
706.7, -2, -6
706.8, -2, -6
706.9, -2, -6
707, -2, -6
707.1, -2, -6
707.2, -2, -6
707.3, -2, -6
707.4, -2, -6
707.5, -2, -7
707.6, -2, -7
707.7, -1, -7
707.8, -1, -7
707.9, -1, -7
708, -1, -7
708.1, -1, -7
708.2, -1, -7
708.3, -1, -7
708.4, -1, -7
708.5, -1, -7
708.6, -1, -7
708.7, -1, -7
708.8, -1, -7
708.9, -1, -7
709, -1, -7
709.1, 0, -7
709.2, 0, -7
709.3, 0, -7
709.4, 0, -7
709.5, 0, -7
709.6, 0, -7
709.7, 0, -8
709.8, 0, -8
709.9, 0, -8
710, 0, -8
710.1, -1, -8
710.2, -1, -8
710.3, -1, -8
710.4, -1, -8
710.5, -1, -8
710.6, -1, -8
710.7, -1, -8
710.8, -1, -8
710.9, -2, -8
711, -2, -8
711.1, -2, -8
711.2, -2, -8
711.3, -2, -8
711.4, -2, -8
711.5, -2, -8
711.6, -2, -8
711.7, -2, -8
711.8, -2, -8
711.9, -2, -8
712, -2, -8
712.1, -2, -8
712.2, -2, -8
712.3, -2, -8
712.4, -2, -8
712.5, -2, -8
712.6, -2, -8
712.7, -1, -8
712.8, -1, -8
712.9, -1, -8
713, -1, -8
713.1, -1, -8
713.2, -1, -8
713.3, -1, -8
713.4, -1, -8
713.5, -1, -8
713.6, -1, -8
713.7, -1, -8
713.8, -1, -8
713.9, -1, -8
714, -1, -8
714.1, -1, -8
714.2, -1, -8
714.3, -2, -8
714.4, -2, -8
714.5, -2, -8
714.6, -2, -8
714.7, -2, -8
714.8, -2, -8
714.9, -2, -8
715, -2, -8
715.1, -2, -8
715.2, -2, -8
715.3, -2, -8
715.4, -2, -8
715.5, -2, -8
715.6, -2, -8
715.7, -2, -8
715.8, -2, -8
715.9, -2, -8
716, -2, -8
716.1, -2, -8
716.2, -2, -8
716.3, -2, -8
716.4, -2, -8
716.5, -2, -7
716.6, -2, -7
716.7, -2, -7
716.8, -2, -7
716.9, -2, -6
717, -2, -6
717.1, -2, -6
717.2, -2, -6
717.3, -2, -6
717.4, -2, -6
717.5, -2, -6
717.6, -2, -6
717.7, -2, -6
717.8, -2, -6
717.9, -2, -6
718, -2, -6
718.1, -2, -6
718.2, -2, -6
718.3, -1, -6
718.4, -1, -6
718.5, -1, -6
718.6, -1, -6
718.7, -1, -6
718.8, -1, -6
718.9, -1, -6
719, -1, -6
719.1, -1, -6
719.2, -1, -6
719.3, -1, -6
719.4, -1, -6
719.5, -1, -6
719.6, -1, -6
719.7, -1, -6
719.8, -1, -6
719.9, -1, -6
720, -1, -6
720.1, -1, -5
720.2, -1, -5
720.3, -1, -5
720.4, -1, -5
720.5, -1, -5
720.6, -1, -5
720.7, -1, -5
720.8, -1, -5
720.9, -1, -5
721, -1, -5
721.1, -1, -5
721.2, -1, -5
721.3, -1, -5
721.4, -1, -5
721.5, -1, -5
721.6, -1, -5
721.7, -1, -4
721.8, -1, -4
721.9, -1, -4
722, -1, -4
722.1, -1, -4
722.2, -1, -4
722.3, -1, -4
722.4, -1, -4
722.5, -1, -4
722.6, -1, -4
722.7, -1, -3
722.8, -1, -3
722.9, -1, -3
723, -1, -3
723.1, -1, -3
723.2, -1, -3
723.3, -1, -3
723.4, -1, -3
723.5, -1, -3
723.6, -1, -3
723.7, -1, -3
723.8, -1, -3
723.9, -1, -3
724, -1, -3
724.1, -1, -3
724.2, -1, -3
724.3, -1, -3
724.4, -1, -3
724.5, -1, -3
724.6, -1, -3
724.7, -2, -3
724.8, -2, -3
724.9, -2, -3
725, -2, -3
725.1, -2, -4
725.2, -2, -4
725.3, -2, -4
725.4, -2, -4
725.5, -2, -4
725.6, -2, -4
725.7, -2, -4
725.8, -2, -4
725.9, -2, -4
726, -2, -4
726.1, -2, -4
726.2, -2, -4
726.3, -2, -5
726.4, -2, -5
726.5, -2, -5
726.6, -2, -5
726.7, -2, -5
726.8, -2, -5
726.9, -2, -5
727, -2, -5
727.1, -1, -5
727.2, -1, -5
727.3, -1, -5
727.4, -1, -5
727.5, -1, -5
727.6, -1, -5
727.7, -1, -5
727.8, -1, -5
727.9, -1, -5
728, -1, -5
728.1, -1, -5
728.2, -1, -5
728.3, -1, -5
728.4, -1, -5
728.5, -1, -5
728.6, -1, -5
728.7, -1, -5
728.8, -1, -5
728.9, -1, -5
729, -1, -5
729.1, -1, -5
729.2, -1, -5
729.3, -1, -5
729.4, -1, -5
729.5, -1, -5
729.6, -1, -5
729.7, -1, -5
729.8, -1, -5
729.9, -1, -5
730, -1, -5
730.1, -1, -5
730.2, -1, -5
730.3, -1, -5
730.4, -1, -5
730.5, -1, -5
730.6, -1, -5
730.7, -1, -5
730.8, -1, -5
730.9, -1, -5
731, -1, -5
731.1, -1, -5
731.2, -1, -5
731.3, -1, -5
731.4, -1, -5
731.5, -1, -5
731.6, -1, -5
731.7, 0, -5
731.8, 0, -5
731.9, 0, -5
732, 0, -5
732.1, 0, -5
732.2, 0, -5
732.3, 0, -5
732.4, 0, -5
732.5, 0, -5
732.6, 0, -5
732.7, 0, -5
732.8, 0, -5
732.9, 0, -5
733, 0, -5
733.1, 0, -5
733.2, 0, -5
733.3, 0, -5
733.4, 0, -5
733.5, 0, -5
733.6, 0, -5
733.7, 0, -5
733.8, 0, -5
733.9, 0, -5
734, 0, -5
734.1, 0, -5
734.2, 0, -5
734.3, 0, -5
734.4, 0, -5
734.5, 0, -5
734.6, 0, -5
734.7, 0, -5
734.8, 0, -5
734.9, 0, -5
735, 0, -5
735.1, 0, -5
735.2, 0, -5
735.3, 0, -5
735.4, 0, -5
735.5, 0, -5
735.6, 0, -5
735.7, 0, -5
735.8, 0, -5
735.9, 0, -5
736, 0, -5
736.1, 0, -5
736.2, 0, -5
736.3, 0, -5
736.4, 0, -5
736.5, 0, -5
736.6, 0, -5
736.7, 0, -5
736.8, 0, -5
736.9, 0, -5
737, 0, -5
737.1, 0, -5
737.2, 0, -5
737.3, 0, -5
737.4, 0, -5
737.5, 0, -5
737.6, 0, -5
737.7, 0, -5
737.8, 0, -5
737.9, 0, -5
738, 0, -5
738.1, 0, -5
738.2, 0, -5
738.3, 0, -5
738.4, 0, -5
738.5, 0, -5
738.6, 0, -5
738.7, 0, -5
738.8, 0, -5
738.9, 0, -5
739, 0, -5
739.1, 0, -5
739.2, 0, -5
739.3, 0, -5
739.4, 0, -5
739.5, 0, -5
739.6, 0, -5
739.7, 0, -5
739.8, 0, -5
739.9, 0, -5
740, 0, -5
740.1, 0, -5
740.2, 0, -5
740.3, 0, -5
740.4, 0, -5
740.5, 0, -5
740.6, 0, -5
740.7, 0, -5
740.8, 0, -5
740.9, 0, -5
741, 0, -5
741.1, 0, -5
741.2, 0, -5
741.3, 0, -5
741.4, 0, -5
741.5, 0, -5
741.6, 0, -5
741.7, 1, -5
741.8, 1, -5
741.9, 1, -6
742, 1, -6
742.1, 1, -6
742.2, 1, -6
742.3, 1, -6
742.4, 1, -6
742.5, 1, -6
742.6, 1, -6
742.7, 1, -6
742.8, 1, -6
742.9, 1, -6
743, 1, -6
743.1, 1, -6
743.2, 1, -6
743.3, 1, -6
743.4, 1, -6
743.5, 1, -6
743.6, 1, -6
743.7, 1, -6
743.8, 1, -6
743.9, 1, -6
744, 1, -6
744.1, 1, -6
744.2, 1, -6
744.3, 1, -6
744.4, 1, -6
744.5, 1, -6
744.6, 1, -6
744.7, 1, -6
744.8, 1, -6
744.9, 1, -6
745, 1, -6
745.1, 1, -6
745.2, 1, -6
745.3, 1, -6
745.4, 1, -6
745.5, 1, -6
745.6, 1, -6
745.7, 1, -6
745.8, 1, -6
745.9, 1, -6
746, 1, -6
746.1, 1, -6
746.2, 1, -6
746.3, 1, -6
746.4, 1, -6
746.5, 1, -6
746.6, 1, -6
746.7, 1, -7
746.8, 1, -7
746.9, 1, -7
747, 1, -7
747.1, 1, -7
747.2, 1, -7
747.3, 1, -7
747.4, 1, -7
747.5, 1, -7
747.6, 1, -7
747.7, 1, -7
747.8, 1, -7
747.9, 1, -7
748, 1, -7
748.1, 1, -7
748.2, 1, -7
748.3, 1, -7
748.4, 1, -7
748.5, 1, -7
748.6, 1, -7
748.7, 1, -7
748.8, 1, -7
748.9, 1, -7
749, 1, -7
749.1, 1, -7
749.2, 1, -7
749.3, 1, -7
749.4, 1, -7
749.5, 1, -7
749.6, 1, -7
749.7, 1, -7
749.8, 1, -7
749.9, 1, -7
750, 1, -7
750.1, 1, -7
750.2, 1, -7
750.3, 1, -7
750.4, 1, -7
750.5, 1, -7
750.6, 1, -7
750.7, 1, -7
750.8, 1, -7
750.9, 1, -7
751, 1, -7
751.1, 1, -7
751.2, 1, -7
751.3, 1, -7
751.4, 1, -7
751.5, 1, -7
751.6, 1, -7
751.7, 1, -7
751.8, 1, -7
751.9, 1, -7
752, 1, -7
752.1, 1, -7
752.2, 1, -7
752.3, 1, -7
752.4, 1, -7
752.5, 1, -7
752.6, 1, -7
752.7, 1, -7
752.8, 1, -7
752.9, 2, -7
753, 2, -7
753.1, 2, -7
753.2, 2, -7
753.3, 2, -7
753.4, 2, -7
753.5, 2, -7
753.6, 2, -7
753.7, 2, -7
753.8, 2, -7
753.9, 2, -7
754, 2, -7
754.1, 2, -7
754.2, 2, -7
754.3, 2, -7
754.4, 2, -7
754.5, 2, -7
754.6, 2, -7
754.7, 2, -7
754.8, 2, -7
754.9, 2, -7
755, 2, -7
755.1, 2, -7
755.2, 2, -7
755.3, 2, -7
755.4, 2, -7
755.5, 2, -7
755.6, 2, -7
755.7, 2, -8
755.8, 2, -8
755.9, 3, -8
756, 3, -8
756.1, 3, -8
756.2, 3, -8
756.3, 3, -8
756.4, 3, -8
756.5, 3, -8
756.6, 3, -8
756.7, 3, -7
756.8, 3, -7
756.9, 3, -7
757, 3, -7
757.1, 3, -7
757.2, 3, -7
757.3, 3, -7
757.4, 3, -7
757.5, 3, -7
757.6, 3, -7
757.7, 3, -7
757.8, 3, -7
757.9, 3, -7
758, 3, -7
758.1, 3, -7
758.2, 3, -7
758.3, 3, -7
758.4, 3, -7
758.5, 3, -7
758.6, 3, -7
758.7, 3, -7
758.8, 3, -7
758.9, 3, -7
759, 3, -7
759.1, 3, -7
759.2, 3, -7
759.3, 3, -7
759.4, 3, -7
759.5, 3, -7
759.6, 3, -7
759.7, 3, -7
759.8, 3, -7
759.9, 3, -7
760, 3, -7
760.1, 3, -7
760.2, 3, -7
760.3, 3, -7
760.4, 3, -7
760.5, 3, -7
760.6, 3, -7
760.7, 3, -7
760.8, 3, -7
760.9, 3, -7
761, 3, -7
761.1, 3, -7
761.2, 3, -7
761.3, 3, -7
761.4, 3, -7
761.5, 3, -7
761.6, 3, -7
761.7, 3, -7
761.8, 3, -7
761.9, 3, -7
762, 3, -7
762.1, 3, -7
762.2, 3, -7
762.3, 3, -7
762.4, 3, -7
762.5, 3, -7
762.6, 3, -7
762.7, 2, -7
762.8, 2, -7
762.9, 2, -7
763, 2, -7
763.1, 2, -7
763.2, 2, -7
763.3, 2, -7
763.4, 2, -7
763.5, 2, -7
763.6, 2, -7
763.7, 2, -7
763.8, 2, -7
763.9, 2, -7
764, 2, -7
764.1, 2, -7
764.2, 2, -7
764.3, 2, -7
764.4, 2, -7
764.5, 2, -7
764.6, 2, -7
764.7, 2, -7
764.8, 2, -7
764.9, 2, -7
765, 2, -7
765.1, 2, -7
765.2, 2, -7
765.3, 2, -8
765.4, 2, -8
765.5, 2, -8
765.6, 2, -8
765.7, 2, -8
765.8, 2, -8
765.9, 2, -9
766, 2, -9
766.1, 2, -9
766.2, 2, -9
766.3, 2, -9
766.4, 2, -9
766.5, 2, -9
766.6, 2, -9
766.7, 2, -9
766.8, 2, -9
766.9, 2, -9
767, 2, -9
767.1, 2, -9
767.2, 2, -9
767.3, 2, -9
767.4, 2, -9
767.5, 2, -10
767.6, 2, -10
767.7, 2, -10
767.8, 2, -10
767.9, 2, -10
768, 2, -10
768.1, 2, -10
768.2, 2, -10
768.3, 2, -10
768.4, 2, -10
768.5, 2, -10
768.6, 2, -10
768.7, 2, -10
768.8, 2, -10
768.9, 2, -10
769, 2, -10
769.1, 2, -10
769.2, 2, -10
769.3, 2, -10
769.4, 2, -10
769.5, 2, -9
769.6, 2, -9
769.7, 2, -9
769.8, 2, -9
769.9, 2, -9
770, 2, -9
770.1, 2, -9
770.2, 2, -9
770.3, 2, -9
770.4, 2, -9
770.5, 2, -9
770.6, 2, -9
770.7, 2, -9
770.8, 2, -9
770.9, 1, -9
771, 1, -9
771.1, 1, -9
771.2, 1, -9
771.3, 0, -9
771.4, 0, -9
771.5, 0, -9
771.6, 0, -9
771.7, 1, -9
771.8, 1, -9
771.9, 1, -9
772, 1, -9
772.1, 1, -9
772.2, 1, -9
772.3, 1, -9
772.4, 1, -9
772.5, 1, -9
772.6, 1, -9
772.7, 1, -9
772.8, 1, -9
772.9, 1, -9
773, 1, -9
773.1, 1, -8
773.2, 1, -8
773.3, 1, -8
773.4, 1, -8
773.5, 1, -8
773.6, 1, -8
773.7, 1, -7
773.8, 1, -7
773.9, 1, -7
774, 1, -7
774.1, 1, -7
774.2, 1, -7
774.3, 1, -6
774.4, 1, -6
774.5, 1, -6
774.6, 1, -6
774.7, 1, -6
774.8, 1, -6
774.9, 1, -6
775, 1, -6
775.1, 1, -6
775.2, 1, -6
775.3, 1, -6
775.4, 1, -6
775.5, 1, -6
775.6, 1, -6
775.7, 1, -6
775.8, 1, -6
775.9, 1, -6
776, 1, -6
776.1, 1, -6
776.2, 1, -6
776.3, 1, -5
776.4, 1, -5
776.5, 1, -5
776.6, 1, -5
776.7, 1, -5
776.8, 1, -5
776.9, 1, -5
777, 1, -5
777.1, 1, -5
777.2, 1, -5
777.3, 1, -5
777.4, 1, -5
777.5, 1, -5
777.6, 1, -5
777.7, 1, -6
777.8, 1, -6
777.9, 1, -6
778, 1, -6
778.1, 1, -6
778.2, 1, -6
778.3, 1, -6
778.4, 1, -6
778.5, 1, -6
778.6, 1, -6
778.7, 1, -6
778.8, 1, -6
778.9, 1, -6
779, 1, -6
779.1, 1, -6
779.2, 1, -6
779.3, 1, -6
779.4, 1, -6
779.5, 1, -6
779.6, 1, -6
779.7, 1, -6
779.8, 1, -6
779.9, 1, -6
780, 1, -6
780.1, 1, -6
780.2, 1, -6
780.3, 1, -6
780.4, 1, -6
780.5, 1, -6
780.6, 1, -6
780.7, 1, -6
780.8, 1, -6
780.9, 1, -7
781, 1, -7
781.1, 1, -7
781.2, 1, -7
781.3, 1, -7
781.4, 1, -7
781.5, 1, -7
781.6, 1, -7
781.7, 1, -7
781.8, 1, -7
781.9, 1, -7
782, 1, -7
782.1, 1, -7
782.2, 1, -7
782.3, 0, -7
782.4, 0, -7
782.5, 0, -7
782.6, 0, -7
782.7, 0, -7
782.8, 0, -7
782.9, 0, -7
783, 0, -7
783.1, 0, -7
783.2, 0, -7
783.3, 0, -7
783.4, 0, -7
783.5, 0, -7
783.6, 0, -7
783.7, 0, -7
783.8, 0, -7
783.9, 0, -7
784, 0, -7
784.1, 0, -7
784.2, 0, -7
784.3, 0, -7
784.4, 0, -7
784.5, 0, -7
784.6, 0, -7
784.7, 0, -7
784.8, 0, -7
784.9, 0, -7
785, 0, -7
785.1, 0, -7
785.2, 0, -7
785.3, 0, -7
785.4, 0, -7
785.5, 0, -7
785.6, 0, -7
785.7, -1, -7
785.8, -1, -7
785.9, -2, -7
786, -2, -7
786.1, -2, -7
786.2, -2, -7
786.3, -2, -7
786.4, -2, -7
786.5, -1, -7
786.6, -1, -7
786.7, -1, -7
786.8, -1, -7
786.9, -1, -7
787, -1, -7
787.1, -1, -7
787.2, -1, -7
787.3, -1, -7
787.4, -1, -7
787.5, -1, -7
787.6, -1, -7
787.7, -1, -7
787.8, -1, -7
787.9, -1, -7
788, -1, -7
788.1, -1, -7
788.2, -1, -7
788.3, -1, -7
788.4, -1, -7
788.5, -1, -7
788.6, -1, -7
788.7, -1, -7
788.8, -1, -7
788.9, -1, -7
789, -1, -7
789.1, -1, -7
789.2, -1, -7
789.3, -1, -7
789.4, -1, -7
789.5, -1, -7
789.6, -1, -7
789.7, -1, -7
789.8, -1, -7
789.9, -1, -7
790, -1, -7
790.1, -1, -6
790.2, -1, -6
790.3, -1, -6
790.4, -1, -6
790.5, -1, -6
790.6, -1, -6
790.7, -1, -6
790.8, -1, -6
790.9, -1, -6
791, -1, -6
791.1, -2, -6
791.2, -2, -6
791.3, -3, -6
791.4, -3, -6
791.5, -3, -6
791.6, -3, -6
791.7, -3, -6
791.8, -3, -6
791.9, -3, -6
792, -3, -6
792.1, -3, -6
792.2, -3, -6
792.3, -3, -6
792.4, -3, -6
792.5, -3, -6
792.6, -3, -6
792.7, -3, -6
792.8, -3, -6
792.9, -3, -6
793, -3, -6
793.1, -3, -6
793.2, -3, -6
793.3, -3, -6
793.4, -3, -6
793.5, -3, -6
793.6, -3, -6
793.7, -3, -6
793.8, -3, -6
793.9, -3, -6
794, -3, -6
794.1, -3, -6
794.2, -3, -6
794.3, -3, -6
794.4, -3, -6
794.5, -3, -6
794.6, -3, -6
794.7, -3, -6
794.8, -3, -6
794.9, -3, -7
795, -3, -7
795.1, -3, -7
795.2, -3, -7
795.3, -3, -7
795.4, -3, -7
795.5, -3, -7
795.6, -3, -7
795.7, -3, -7
795.8, -3, -7
795.9, -3, -7
796, -3, -7
796.1, -3, -7
796.2, -3, -7
796.3, -3, -7
796.4, -3, -7
796.5, -3, -7
796.6, -3, -7
796.7, -3, -7
796.8, -3, -7
796.9, -4, -7
797, -4, -7
797.1, -4, -7
797.2, -4, -7
797.3, -4, -7
797.4, -4, -7
797.5, -4, -6
797.6, -4, -6
797.7, -4, -6
797.8, -4, -6
797.9, -4, -6
798, -4, -6
798.1, -4, -6
798.2, -4, -6
798.3, -4, -6
798.4, -4, -6
798.5, -4, -6
798.6, -4, -6
798.7, -4, -6
798.8, -4, -6
798.9, -4, -6
799, -4, -6
799.1, -4, -6
799.2, -4, -6
799.3, -4, -5
799.4, -4, -5
799.5, -4, -5
799.6, -4, -5
799.7, -4, -5
799.8, -4, -5
799.9, -4, -5
800, -4, -5
800.1, -4, -5
800.2, -4, -5
800.3, -4, -5
800.4, -4, -5
800.5, -4, -5
800.6, -4, -5
800.7, -4, -5
800.8, -4, -5
800.9, -4, -5
801, -4, -5
801.1, -4, -4
801.2, -4, -4
801.3, -4, -4
801.4, -4, -4
801.5, -4, -4
801.6, -4, -4
801.7, -4, -4
801.8, -4, -4
801.9, -4, -4
802, -4, -4
802.1, -4, -4
802.2, -4, -4
802.3, -4, -4
802.4, -4, -4
802.5, -4, -4
802.6, -4, -4
802.7, -4, -4
802.8, -4, -4
802.9, -3, -4
803, -3, -4
803.1, -3, -4
803.2, -3, -4
803.3, -3, -4
803.4, -3, -4
803.5, -3, -4
803.6, -3, -4
803.7, -3, -4
803.8, -3, -4
803.9, -3, -4
804, -3, -4
804.1, -3, -4
804.2, -3, -4
804.3, -4, -4
804.4, -4, -4
804.5, -4, -4
804.6, -4, -4
804.7, -4, -4
804.8, -4, -4
804.9, -4, -4
805, -4, -4
805.1, -4, -4
805.2, -4, -4
805.3, -4, -4
805.4, -4, -4
805.5, -4, -4
805.6, -4, -4
805.7, -4, -4
805.8, -4, -4
805.9, -5, -4
806, -5, -4
806.1, -5, -4
806.2, -5, -4
806.3, -5, -4
806.4, -5, -4
806.5, -5, -4
806.6, -5, -4
806.7, -5, -4
806.8, -5, -4
806.9, -5, -4
807, -5, -4
807.1, -5, -4
807.2, -5, -4
807.3, -5, -4
807.4, -5, -4
807.5, -5, -4
807.6, -5, -4
807.7, -5, -4
807.8, -5, -4
807.9, -5, -4
808, -5, -4
808.1, -5, -4
808.2, -5, -4
808.3, -5, -4
808.4, -5, -4
808.5, -5, -4
808.6, -5, -4
808.7, -5, -4
808.8, -5, -4
808.9, -5, -4
809, -5, -4
809.1, -5, -4
809.2, -5, -4
809.3, -5, -4
809.4, -5, -4
809.5, -5, -4
809.6, -5, -4
809.7, -5, -4
809.8, -5, -4
809.9, -5, -4
810, -5, -4
810.1, -5, -4
810.2, -5, -4
810.3, -5, -4
810.4, -5, -4
810.5, -5, -4
810.6, -5, -4
810.7, -5, -4
810.8, -5, -4
810.9, -5, -4
811, -5, -4
811.1, -5, -4
811.2, -5, -4
811.3, -5, -4
811.4, -5, -4
811.5, -5, -4
811.6, -5, -4
811.7, -5, -4
811.8, -5, -4
811.9, -5, -4
812, -5, -4
812.1, -5, -4
812.2, -5, -4
812.3, -5, -4
812.4, -5, -4
812.5, -6, -4
812.6, -6, -4
812.7, -6, -4
812.8, -6, -4
812.9, -6, -4
813, -6, -4
813.1, -6, -4
813.2, -6, -4
813.3, -6, -4
813.4, -6, -4
813.5, -6, -5
813.6, -6, -5
813.7, -6, -5
813.8, -6, -5
813.9, -6, -5
814, -6, -5
814.1, -6, -5
814.2, -6, -5
814.3, -6, -5
814.4, -6, -5
814.5, -6, -5
814.6, -6, -5
814.7, -6, -5
814.8, -6, -5
814.9, -6, -5
815, -6, -5
815.1, -6, -5
815.2, -6, -5
815.3, -6, -5
815.4, -6, -5
815.5, -6, -4
815.6, -6, -4
815.7, -6, -4
815.8, -6, -4
815.9, -7, -4
816, -7, -4
816.1, -7, -4
816.2, -7, -4
816.3, -7, -4
816.4, -7, -4
816.5, -7, -4
816.6, -7, -4
816.7, -7, -4
816.8, -7, -4
816.9, -7, -4
817, -7, -4
817.1, -7, -4
817.2, -7, -4
817.3, -7, -4
817.4, -7, -4
817.5, -7, -5
817.6, -7, -5
817.7, -7, -5
817.8, -7, -5
817.9, -7, -5
818, -7, -5
818.1, -7, -5
818.2, -7, -5
818.3, -7, -5
818.4, -7, -5
818.5, -7, -5
818.6, -7, -5
818.7, -7, -5
818.8, -7, -5
818.9, -7, -5
819, -7, -5
819.1, -7, -5
819.2, -7, -5
819.3, -7, -5
819.4, -7, -5
819.5, -6, -5
819.6, -6, -5
819.7, -6, -5
819.8, -6, -5
819.9, -6, -5
820, -6, -5
820.1, -6, -5
820.2, -6, -5
820.3, -5, -5
820.4, -5, -5
820.5, -6, -5
820.6, -6, -5
820.7, -6, -5
820.8, -6, -5
820.9, -6, -5
821, -6, -5
821.1, -6, -5
821.2, -6, -5
821.3, -6, -5
821.4, -6, -5
821.5, -6, -5
821.6, -6, -5
821.7, -6, -5
821.8, -6, -5
821.9, -6, -5
822, -6, -5
822.1, -6, -5
822.2, -6, -5
822.3, -6, -5
822.4, -6, -5
822.5, -6, -5
822.6, -6, -5
822.7, -6, -5
822.8, -6, -5
822.9, -6, -5
823, -6, -5
823.1, -6, -5
823.2, -6, -5
823.3, -6, -6
823.4, -6, -6
823.5, -5, -6
823.6, -5, -6
823.7, -5, -6
823.8, -5, -6
823.9, -5, -6
824, -5, -6
824.1, -5, -6
824.2, -5, -6
824.3, -5, -6
824.4, -5, -6
824.5, -5, -6
824.6, -5, -6
824.7, -5, -6
824.8, -5, -6
824.9, -5, -6
825, -5, -6
825.1, -5, -6
825.2, -5, -6
825.3, -5, -6
825.4, -5, -6
825.5, -5, -6
825.6, -5, -6
825.7, -5, -6
825.8, -5, -6
825.9, -5, -6
826, -5, -6
826.1, -6, -6
826.2, -6, -6
826.3, -6, -6
826.4, -6, -6
826.5, -6, -6
826.6, -6, -6
826.7, -6, -6
826.8, -6, -6
826.9, -6, -6
827, -6, -6
827.1, -6, -6
827.2, -6, -6
827.3, -6, -6
827.4, -6, -6
827.5, -6, -6
827.6, -6, -6
827.7, -6, -6
827.8, -6, -6
827.9, -6, -6
828, -6, -6
828.1, -6, -6
828.2, -6, -6
828.3, -6, -6
828.4, -6, -6
828.5, -6, -6
828.6, -6, -6
828.7, -6, -5
828.8, -6, -5
828.9, -6, -5
829, -6, -5
829.1, -7, -5
829.2, -7, -5
829.3, -7, -5
829.4, -7, -5
829.5, -7, -5
829.6, -7, -5
829.7, -7, -5
829.8, -7, -5
829.9, -7, -5
830, -7, -5
830.1, -7, -5
830.2, -7, -5
830.3, -7, -5
830.4, -7, -5
830.5, -7, -5
830.6, -7, -5
830.7, -7, -5
830.8, -7, -5
830.9, -7, -5
831, -7, -5
831.1, -7, -5
831.2, -7, -5
831.3, -7, -5
831.4, -7, -5
831.5, -7, -5
831.6, -7, -5
831.7, -7, -5
831.8, -7, -5
831.9, -7, -5
832, -7, -5
832.1, -7, -5
832.2, -7, -5
832.3, -7, -5
832.4, -7, -5
832.5, -7, -5
832.6, -7, -5
832.7, -7, -5
832.8, -7, -5
832.9, -7, -5
833, -7, -5
833.1, -7, -5
833.2, -7, -5
833.3, -7, -5
833.4, -7, -5
833.5, -7, -5
833.6, -7, -5
833.7, -7, -5
833.8, -7, -5
833.9, -7, -5
834, -7, -5
834.1, -7, -5
834.2, -7, -5
834.3, -7, -5
834.4, -7, -5
834.5, -7, -5
834.6, -7, -5
834.7, -7, -5
834.8, -7, -5
834.9, -7, -5
835, -7, -5
835.1, -7, -5
835.2, -7, -5
835.3, -7, -5
835.4, -7, -5
835.5, -7, -5
835.6, -7, -5
835.7, -7, -5
835.8, -7, -5
835.9, -7, -5
836, -7, -5
836.1, -7, -5
836.2, -7, -5
836.3, -7, -5
836.4, -7, -5
836.5, -7, -5
836.6, -7, -5
836.7, -7, -5
836.8, -7, -5
836.9, -7, -5
837, -7, -5
837.1, -7, -5
837.2, -7, -5
837.3, -7, -5
837.4, -7, -5
837.5, -7, -5
837.6, -7, -5
837.7, -6, -5
837.8, -6, -5
837.9, -6, -5
838, -6, -5
838.1, -6, -5
838.2, -6, -5
838.3, -6, -5
838.4, -6, -5
838.5, -6, -5
838.6, -6, -5
838.7, -6, -5
838.8, -6, -5
838.9, -6, -5
839, -6, -5
839.1, -6, -5
839.2, -6, -5
839.3, -6, -6
839.4, -6, -6
839.5, -5, -6
839.6, -5, -6
839.7, -5, -6
839.8, -5, -6
839.9, -5, -6
840, -5, -6
840.1, -5, -6
840.2, -5, -6
840.3, -5, -6
840.4, -5, -6
840.5, -5, -6
840.6, -5, -6
840.7, -5, -6
840.8, -5, -6
840.9, -5, -6
841, -5, -6
841.1, -5, -6
841.2, -5, -6
841.3, -5, -6
841.4, -5, -6
841.5, -5, -6
841.6, -5, -6
841.7, -5, -6
841.8, -5, -6
841.9, -5, -6
842, -5, -6
842.1, -5, -6
842.2, -5, -6
842.3, -5, -7
842.4, -5, -7
842.5, -5, -7
842.6, -5, -7
842.7, -5, -7
842.8, -5, -7
842.9, -5, -7
843, -5, -7
843.1, -5, -7
843.2, -5, -7
843.3, -5, -7
843.4, -5, -7
843.5, -6, -7
843.6, -6, -7
843.7, -6, -7
843.8, -6, -7
843.9, -6, -7
844, -6, -7
844.1, -6, -7
844.2, -6, -7
844.3, -6, -7
844.4, -6, -7
844.5, -6, -8
844.6, -6, -8
844.7, -6, -8
844.8, -6, -8
844.9, -6, -8
845, -6, -8
845.1, -6, -8
845.2, -6, -8
845.3, -6, -8
845.4, -6, -8
845.5, -6, -8
845.6, -6, -8
845.7, -6, -8
845.8, -6, -8
845.9, -6, -8
846, -6, -8
846.1, -6, -8
846.2, -6, -8
846.3, -6, -8
846.4, -6, -8
846.5, -7, -8
846.6, -7, -8
846.7, -7, -8
846.8, -7, -8
846.9, -7, -8
847, -7, -8
847.1, -7, -8
847.2, -7, -8
847.3, -7, -8
847.4, -7, -8
847.5, -7, -8
847.6, -7, -8
847.7, -7, -8
847.8, -7, -8
847.9, -7, -8
848, -7, -8
848.1, -7, -8
848.2, -7, -8
848.3, -7, -8
848.4, -7, -8
848.5, -7, -8
848.6, -7, -8
848.7, -7, -8
848.8, -7, -8
848.9, -7, -8
849, -7, -8
849.1, -7, -8
849.2, -7, -8
849.3, -6, -8
849.4, -6, -8
849.5, -6, -8
849.6, -6, -8
849.7, -6, -8
849.8, -6, -8
849.9, -6, -8
850, -6, -8
850.1, -6, -8
850.2, -6, -8
850.3, -6, -8
850.4, -6, -8
850.5, -6, -8
850.6, -6, -8
850.7, -6, -8
850.8, -6, -8
850.9, -6, -9
851, -6, -9
851.1, -6, -9
851.2, -6, -9
851.3, -6, -9
851.4, -6, -9
851.5, -6, -9
851.6, -6, -9
851.7, -6, -9
851.8, -6, -9
851.9, -6, -9
852, -6, -9
852.1, -6, -8
852.2, -6, -8
852.3, -6, -8
852.4, -6, -8
852.5, -6, -8
852.6, -6, -8
852.7, -6, -8
852.8, -6, -8
852.9, -6, -8
853, -6, -8
853.1, -6, -8
853.2, -6, -8
853.3, -6, -8
853.4, -6, -8
853.5, -6, -8
853.6, -6, -8
853.7, -6, -8
853.8, -6, -8
853.9, -6, -7
854, -6, -7
854.1, -6, -8
854.2, -6, -8
854.3, -6, -8
854.4, -6, -8
854.5, -6, -9
854.6, -6, -9
854.7, -6, -9
854.8, -6, -9
854.9, -6, -9
855, -6, -9
855.1, -6, -9
855.2, -6, -9
855.3, -6, -8
855.4, -6, -8
855.5, -6, -8
855.6, -6, -8
855.7, -6, -8
855.8, -6, -8
855.9, -6, -8
856, -6, -8
856.1, -6, -8
856.2, -6, -8
856.3, -5, -8
856.4, -5, -8
856.5, -5, -8
856.6, -5, -8
856.7, -5, -8
856.8, -5, -8
856.9, -5, -8
857, -5, -8
857.1, -5, -8
857.2, -5, -8
857.3, -5, -8
857.4, -5, -8
857.5, -5, -8
857.6, -5, -8
857.7, -5, -9
857.8, -5, -9
857.9, -5, -9
858, -5, -9
858.1, -5, -9
858.2, -5, -9
858.3, -5, -9
858.4, -5, -9
858.5, -5, -9
858.6, -5, -9
858.7, -5, -9
858.8, -5, -9
858.9, -5, -9
859, -5, -9
859.1, -5, -9
859.2, -5, -9
859.3, -5, -9
859.4, -5, -9
859.5, -5, -9
859.6, -5, -9
859.7, -5, -9
859.8, -5, -9
859.9, -5, -8
860, -5, -8
860.1, -5, -8
860.2, -5, -8
860.3, -5, -8
860.4, -5, -8
860.5, -5, -8
860.6, -5, -8
860.7, -5, -8
860.8, -5, -8
860.9, -5, -8
861, -5, -8
861.1, -5, -8
861.2, -5, -8
861.3, -5, -8
861.4, -5, -8
861.5, -5, -8
861.6, -5, -8
861.7, -5, -8
861.8, -5, -8
861.9, -5, -8
862, -5, -8
862.1, -5, -8
862.2, -5, -8
862.3, -5, -8
862.4, -5, -8
862.5, -5, -8
862.6, -5, -8
862.7, -5, -8
862.8, -5, -8
862.9, -5, -8
863, -5, -8
863.1, -5, -8
863.2, -5, -8
863.3, -5, -8
863.4, -5, -8
863.5, -5, -8
863.6, -5, -8
863.7, -5, -8
863.8, -5, -8
863.9, -5, -8
864, -5, -8
864.1, -5, -8
864.2, -5, -8
864.3, -5, -8
864.4, -5, -8
864.5, -5, -8
864.6, -5, -8
864.7, -5, -8
864.8, -5, -8
864.9, -5, -8
865, -5, -8
865.1, -5, -8
865.2, -5, -8
865.3, -5, -8
865.4, -5, -8
865.5, -5, -8
865.6, -5, -8
865.7, -5, -8
865.8, -5, -8
865.9, -5, -8
866, -5, -8
866.1, -5, -8
866.2, -5, -8
866.3, -5, -8
866.4, -5, -8
866.5, -5, -8
866.6, -5, -8
866.7, -5, -8
866.8, -5, -8
866.9, -5, -8
867, -5, -8
867.1, -5, -8
867.2, -5, -8
867.3, -5, -8
867.4, -5, -8
867.5, -5, -8
867.6, -5, -8
867.7, -5, -8
867.8, -5, -8
867.9, -5, -8
868, -5, -8
868.1, -5, -8
868.2, -5, -8
868.3, -5, -8
868.4, -5, -8
868.5, -5, -8
868.6, -5, -8
868.7, -5, -8
868.8, -5, -8
868.9, -5, -8
869, -5, -8
869.1, -4, -8
869.2, -4, -8
869.3, -4, -8
869.4, -4, -8
869.5, -4, -8
869.6, -4, -8
869.7, -4, -8
869.8, -4, -8
869.9, -4, -8
870, -4, -8
870.1, -4, -8
870.2, -4, -8
870.3, -4, -8
870.4, -4, -8
870.5, -4, -8
870.6, -4, -8
870.7, -4, -7
870.8, -4, -7
870.9, -4, -7
871, -4, -7
871.1, -4, -7
871.2, -4, -7
871.3, -4, -7
871.4, -4, -7
871.5, -4, -7
871.6, -4, -7
871.7, -4, -7
871.8, -4, -7
871.9, -4, -7
872, -4, -7
872.1, -4, -7
872.2, -4, -7
872.3, -4, -7
872.4, -4, -7
872.5, -4, -7
872.6, -4, -7
872.7, -4, -7
872.8, -4, -7
872.9, -4, -7
873, -4, -7
873.1, -4, -7
873.2, -4, -7
873.3, -4, -7
873.4, -4, -7
873.5, -4, -7
873.6, -4, -7
873.7, -4, -7
873.8, -4, -7
873.9, -4, -7
874, -4, -7
874.1, -4, -7
874.2, -4, -7
874.3, -4, -7
874.4, -4, -7
874.5, -4, -7
874.6, -4, -7
874.7, -3, -7
874.8, -3, -7
874.9, -3, -6
875, -3, -6
875.1, -3, -6
875.2, -3, -6
875.3, -3, -6
875.4, -3, -6
875.5, -3, -7
875.6, -3, -7
875.7, -3, -7
875.8, -3, -7
875.9, -4, -7
876, -4, -7
876.1, -4, -7
876.2, -4, -7
876.3, -4, -7
876.4, -4, -7
876.5, -4, -7
876.6, -4, -7
876.7, -4, -7
876.8, -4, -7
876.9, -4, -7
877, -4, -7
877.1, -4, -7
877.2, -4, -7
877.3, -4, -7
877.4, -4, -7
877.5, -4, -8
877.6, -4, -8
877.7, -4, -8
877.8, -4, -8
877.9, -4, -9
878, -4, -9
878.1, -4, -9
878.2, -4, -9
878.3, -4, -9
878.4, -4, -9
878.5, -4, -9
878.6, -4, -9
878.7, -4, -9
878.8, -4, -9
878.9, -4, -9
879, -4, -9
879.1, -4, -9
879.2, -4, -9
879.3, -4, -9
879.4, -4, -9
879.5, -4, -9
879.6, -4, -9
879.7, -4, -9
879.8, -4, -9
879.9, -4, -9
880, -4, -9
880.1, -4, -9
880.2, -4, -9
880.3, -4, -9
880.4, -4, -9
880.5, -4, -9
880.6, -4, -9
880.7, -4, -9
880.8, -4, -9
880.9, -4, -9
881, -4, -9
881.1, -4, -9
881.2, -4, -9
881.3, -4, -9
881.4, -4, -9
881.5, -4, -9
881.6, -4, -9
881.7, -4, -9
881.8, -4, -9
881.9, -4, -9
882, -4, -9
882.1, -4, -9
882.2, -4, -9
882.3, -4, -9
882.4, -4, -9
882.5, -4, -9
882.6, -4, -9
882.7, -4, -9
882.8, -4, -9
882.9, -4, -9
883, -4, -9
883.1, -4, -9
883.2, -4, -9
883.3, -5, -9
883.4, -5, -9
883.5, -5, -10
883.6, -5, -10
883.7, -5, -10
883.8, -5, -10
883.9, -5, -10
884, -5, -10
884.1, -5, -10
884.2, -5, -10
884.3, -5, -10
884.4, -5, -10
884.5, -5, -10
884.6, -5, -10
884.7, -4, -10
884.8, -4, -10
884.9, -4, -10
885, -4, -10
885.1, -4, -10
885.2, -4, -10
885.3, -4, -10
885.4, -4, -10
885.5, -4, -10
885.6, -4, -10
885.7, -4, -10
885.8, -4, -10
885.9, -4, -10
886, -4, -10
886.1, -4, -10
886.2, -4, -10
886.3, -4, -10
886.4, -4, -10
886.5, -4, -10
886.6, -4, -10
886.7, -4, -10
886.8, -4, -10
886.9, -4, -10
887, -4, -10
887.1, -4, -10
887.2, -4, -10
887.3, -4, -10
887.4, -4, -10
887.5, -3, -10
887.6, -3, -10
887.7, -4, -10
887.8, -4, -10
887.9, -4, -10
888, -4, -10
888.1, -4, -10
888.2, -4, -10
888.3, -4, -10
888.4, -4, -10
888.5, -4, -10
888.6, -4, -10
888.7, -4, -10
888.8, -4, -10
888.9, -5, -10
889, -5, -10
889.1, -5, -10
889.2, -5, -10
889.3, -5, -10
889.4, -5, -10
889.5, -5, -10
889.6, -5, -10
889.7, -4, -10
889.8, -4, -10
889.9, -4, -10
890, -4, -10
890.1, -4, -10
890.2, -4, -10
890.3, -4, -10
890.4, -4, -10
890.5, -4, -10
890.6, -4, -10
890.7, -4, -10
890.8, -4, -10
890.9, -4, -10
891, -4, -10
891.1, -4, -10
891.2, -4, -10
891.3, -4, -10
891.4, -4, -10
891.5, -4, -10
891.6, -4, -10
891.7, -4, -10
891.8, -4, -10
891.9, -4, -9
892, -4, -9
892.1, -4, -9
892.2, -4, -9
892.3, -4, -9
892.4, -4, -9
892.5, -3, -9
892.6, -3, -9
892.7, -3, -9
892.8, -3, -9
892.9, -3, -9
893, -3, -9
893.1, -3, -9
893.2, -3, -9
893.3, -3, -9
893.4, -3, -9
893.5, -3, -9
893.6, -3, -9
893.7, -3, -9
893.8, -3, -9
893.9, -3, -9
894, -3, -9
894.1, -3, -9
894.2, -3, -9
894.3, -3, -9
894.4, -3, -9
894.5, -4, -9
894.6, -4, -9
894.7, -4, -9
894.8, -4, -9
894.9, -4, -9
895, -4, -9
895.1, -4, -9
895.2, -4, -9
895.3, -4, -9
895.4, -4, -9
895.5, -4, -9
895.6, -4, -9
895.7, -5, -9
895.8, -5, -9
895.9, -5, -9
896, -5, -9
896.1, -5, -9
896.2, -5, -9
896.3, -5, -9
896.4, -5, -9
896.5, -5, -8
896.6, -5, -8
896.7, -5, -8
896.8, -5, -8
896.9, -5, -8
897, -5, -8
897.1, -5, -8
897.2, -5, -8
897.3, -5, -8
897.4, -5, -8
897.5, -5, -8
897.6, -5, -8
897.7, -5, -8
897.8, -5, -8
897.9, -4, -8
898, -4, -8
898.1, -4, -8
898.2, -4, -8
898.3, -4, -8
898.4, -4, -8
898.5, -4, -8
898.6, -4, -8
898.7, -4, -8
898.8, -4, -8
898.9, -4, -8
899, -4, -8
899.1, -4, -8
899.2, -4, -8
899.3, -4, -8
899.4, -4, -8
899.5, -4, -8
899.6, -4, -8
899.7, -5, -8
899.8, -5, -8
899.9, -5, -9
900, -5, -9
900.1, -5, -9
900.2, -5, -9
900.3, -5, -9
900.4, -5, -9
900.5, -5, -9
900.6, -5, -9
900.7, -5, -9
900.8, -5, -9
900.9, -5, -9
901, -5, -9
901.1, -5, -9
901.2, -5, -9
901.3, -5, -9
901.4, -5, -9
901.5, -5, -9
901.6, -5, -9
901.7, -5, -9
901.8, -5, -9
901.9, -5, -9
902, -5, -9
902.1, -5, -9
902.2, -5, -9
902.3, -5, -9
902.4, -5, -9
902.5, -5, -9
902.6, -5, -9
902.7, -5, -9
902.8, -5, -9
902.9, -5, -9
903, -5, -9
903.1, -5, -9
903.2, -5, -9
903.3, -5, -9
903.4, -5, -9
903.5, -5, -9
903.6, -5, -9
903.7, -5, -9
903.8, -5, -9
903.9, -5, -9
904, -5, -9
904.1, -5, -9
904.2, -5, -9
904.3, -5, -9
904.4, -5, -9
904.5, -5, -9
904.6, -5, -9
904.7, -4, -9
904.8, -4, -9
904.9, -4, -9
905, -4, -9
905.1, -4, -10
905.2, -4, -10
905.3, -4, -10
905.4, -4, -10
905.5, -4, -10
905.6, -4, -10
905.7, -4, -10
905.8, -4, -10
905.9, -4, -10
906, -4, -10
906.1, -4, -10
906.2, -4, -10
906.3, -4, -10
906.4, -4, -10
906.5, -4, -11
906.6, -4, -11
906.7, -4, -11
906.8, -4, -11
906.9, -4, -11
907, -4, -11
907.1, -4, -11
907.2, -4, -11
907.3, -4, -11
907.4, -4, -11
907.5, -4, -11
907.6, -4, -11
907.7, -4, -11
907.8, -4, -11
907.9, -4, -11
908, -4, -11
908.1, -4, -11
908.2, -4, -11
908.3, -4, -11
908.4, -4, -11
908.5, -4, -11
908.6, -4, -11
908.7, -4, -11
908.8, -4, -11
908.9, -4, -11
909, -4, -11
909.1, -4, -11
909.2, -4, -11
909.3, -4, -11
909.4, -4, -11
909.5, -4, -11
909.6, -4, -11
909.7, -4, -11
909.8, -4, -11
909.9, -4, -11
910, -4, -11
910.1, -4, -11
910.2, -4, -11
910.3, -4, -11
910.4, -4, -11
910.5, -4, -11
910.6, -4, -11
910.7, -4, -11
910.8, -4, -11
910.9, -4, -11
911, -4, -11
911.1, -4, -11
911.2, -4, -11
911.3, -4, -11
911.4, -4, -11
911.5, -4, -11
911.6, -4, -11
911.7, -4, -11
911.8, -4, -11
911.9, -4, -11
912, -4, -11
912.1, -4, -11
912.2, -4, -11
912.3, -4, -11
912.4, -4, -11
912.5, -4, -11
912.6, -4, -11
912.7, -4, -11
912.8, -4, -11
912.9, -4, -11
913, -4, -11
913.1, -4, -11
913.2, -4, -11
913.3, -4, -11
913.4, -4, -11
913.5, -4, -11
913.6, -4, -11
913.7, -4, -11
913.8, -4, -11
913.9, -4, -11
914, -4, -11
914.1, -4, -11
914.2, -4, -11
914.3, -4, -11
914.4, -4, -11
914.5, -4, -10
914.6, -4, -10
914.7, -4, -10
914.8, -4, -10
914.9, -4, -10
915, -4, -10
915.1, -4, -10
915.2, -4, -10
915.3, -4, -10
915.4, -4, -10
915.5, -4, -10
915.6, -4, -10
915.7, -4, -10
915.8, -4, -10
915.9, -4, -10
916, -4, -10
916.1, -4, -10
916.2, -4, -10
916.3, -4, -10
916.4, -4, -10
916.5, -4, -10
916.6, -4, -10
916.7, -4, -10
916.8, -4, -10
916.9, -4, -10
917, -4, -10
917.1, -4, -10
917.2, -4, -10
917.3, -4, -10
917.4, -4, -10
917.5, -4, -10
917.6, -4, -10
917.7, -4, -10
917.8, -4, -10
917.9, -4, -10
918, -4, -10
918.1, -4, -9
918.2, -4, -9
918.3, -4, -9
918.4, -4, -9
918.5, -4, -9
918.6, -4, -9
918.7, -4, -9
918.8, -4, -9
918.9, -4, -9
919, -4, -9
919.1, -4, -9
919.2, -4, -9
919.3, -4, -9
919.4, -4, -9
919.5, -4, -9
919.6, -4, -9
919.7, -4, -9
919.8, -4, -9
919.9, -4, -9
920, -4, -9
920.1, -4, -9
920.2, -4, -9
920.3, -4, -9
920.4, -4, -9
920.5, -4, -9
920.6, -4, -9
920.7, -4, -9
920.8, -4, -9
920.9, -4, -9
921, -4, -9
921.1, -4, -9
921.2, -4, -9
921.3, -4, -9
921.4, -4, -9
921.5, -4, -9
921.6, -4, -9
921.7, -4, -9
921.8, -4, -9
921.9, -3, -9
922, -3, -9
922.1, -3, -9
922.2, -3, -9
922.3, -3, -9
922.4, -3, -9
922.5, -3, -9
922.6, -3, -9
922.7, -3, -9
922.8, -3, -9
922.9, -3, -9
923, -3, -9
923.1, -3, -9
923.2, -3, -9
923.3, -3, -9
923.4, -3, -9
923.5, -3, -9
923.6, -3, -9
923.7, -3, -10
923.8, -3, -10
923.9, -3, -10
924, -3, -10
924.1, -3, -10
924.2, -3, -10
924.3, -3, -10
924.4, -3, -10
924.5, -3, -10
924.6, -3, -10
924.7, -3, -10
924.8, -3, -10
924.9, -3, -10
925, -3, -10
925.1, -3, -10
925.2, -3, -10
925.3, -3, -10
925.4, -3, -10
925.5, -3, -10
925.6, -3, -10
925.7, -3, -10
925.8, -3, -10
925.9, -3, -10
926, -3, -10
926.1, -3, -10
926.2, -3, -10
926.3, -3, -10
926.4, -3, -10
926.5, -3, -10
926.6, -3, -10
926.7, -3, -10
926.8, -3, -10
926.9, -3, -10
927, -3, -10
927.1, -3, -10
927.2, -3, -10
927.3, -3, -10
927.4, -3, -10
927.5, -3, -10
927.6, -3, -10
927.7, -3, -11
927.8, -3, -11
927.9, -3, -11
928, -3, -11
928.1, -3, -11
928.2, -3, -11
928.3, -3, -11
928.4, -3, -11
928.5, -3, -11
928.6, -3, -11
928.7, -3, -11
928.8, -3, -11
928.9, -3, -11
929, -3, -11
929.1, -3, -12
929.2, -3, -12
929.3, -3, -12
929.4, -3, -12
929.5, -3, -12
929.6, -3, -12
929.7, -2, -12
929.8, -2, -12
929.9, -2, -12
930, -2, -12
930.1, -2, -12
930.2, -2, -12
930.3, -2, -12
930.4, -2, -12
930.5, -2, -12
930.6, -2, -12
930.7, -2, -12
930.8, -2, -12
930.9, -2, -12
931, -2, -12
931.1, -2, -12
931.2, -2, -12
931.3, -2, -12
931.4, -2, -12
931.5, -2, -12
931.6, -2, -12
931.7, -2, -11
931.8, -2, -11
931.9, -2, -11
932, -2, -11
932.1, -2, -11
932.2, -2, -11
932.3, -2, -11
932.4, -2, -11
932.5, -2, -11
932.6, -2, -11
932.7, -2, -11
932.8, -2, -11
932.9, -2, -11
933, -2, -11
933.1, -2, -11
933.2, -2, -11
933.3, -2, -11
933.4, -2, -11
933.5, -2, -10
933.6, -2, -10
933.7, -2, -10
933.8, -2, -10
933.9, -2, -10
934, -2, -10
934.1, -2, -10
934.2, -2, -10
934.3, -2, -10
934.4, -2, -10
934.5, -2, -10
934.6, -2, -10
934.7, -2, -10
934.8, -2, -10
934.9, -2, -10
935, -2, -10
935.1, -3, -10
935.2, -3, -10
935.3, -3, -10
935.4, -3, -10
935.5, -3, -10
935.6, -3, -10
935.7, -3, -10
935.8, -3, -10
935.9, -3, -10
936, -3, -10
936.1, -3, -10
936.2, -3, -10
936.3, -3, -10
936.4, -3, -10
936.5, -3, -10
936.6, -3, -10
936.7, -3, -10
936.8, -3, -10
936.9, -3, -10
937, -3, -10
937.1, -3, -10
937.2, -3, -10
937.3, -3, -10
937.4, -3, -10
937.5, -3, -10
937.6, -3, -10
937.7, -3, -10
937.8, -3, -10
937.9, -3, -10
938, -3, -10
938.1, -3, -10
938.2, -3, -10
938.3, -3, -10
938.4, -3, -10
938.5, -3, -10
938.6, -3, -10
938.7, -3, -10
938.8, -3, -10
938.9, -3, -10
939, -3, -10
939.1, -3, -10
939.2, -3, -10
939.3, -3, -10
939.4, -3, -10
939.5, -3, -10
939.6, -3, -10
939.7, -3, -10
939.8, -3, -10
939.9, -3, -10
940, -3, -10
940.1, -3, -10
940.2, -3, -10
940.3, -3, -10
940.4, -3, -10
940.5, -3, -10
940.6, -3, -10
940.7, -3, -10
940.8, -3, -10
940.9, -3, -10
941, -3, -10
941.1, -3, -10
941.2, -3, -10
941.3, -3, -10
941.4, -3, -10
941.5, -3, -10
941.6, -3, -10
941.7, -3, -10
941.8, -3, -10
941.9, -3, -10
942, -3, -10
942.1, -3, -10
942.2, -3, -10
942.3, -3, -10
942.4, -3, -10
942.5, -3, -10
942.6, -3, -10
942.7, -3, -10
942.8, -3, -10
942.9, -3, -10
943, -3, -10
943.1, -3, -10
943.2, -3, -10
943.3, -3, -10
943.4, -3, -10
943.5, -3, -10
943.6, -3, -10
943.7, -3, -10
943.8, -3, -10
943.9, -3, -10
944, -3, -10
944.1, -3, -10
944.2, -3, -10
944.3, -3, -10
944.4, -3, -10
944.5, -3, -10
944.6, -3, -10
944.7, -3, -10
944.8, -3, -10
944.9, -3, -10
945, -3, -10
945.1, -3, -11
945.2, -3, -11
945.3, -3, -11
945.4, -3, -11
945.5, -3, -11
945.6, -3, -11
945.7, -3, -11
945.8, -3, -11
945.9, -3, -11
946, -3, -11
946.1, -3, -11
946.2, -3, -11
946.3, -3, -11
946.4, -3, -11
946.5, -3, -11
946.6, -3, -11
946.7, -3, -11
946.8, -3, -11
946.9, -3, -11
947, -3, -11
947.1, -3, -11
947.2, -3, -11
947.3, -3, -11
947.4, -3, -11
947.5, -3, -11
947.6, -3, -11
947.7, -3, -11
947.8, -3, -11
947.9, -3, -11
948, -3, -11
948.1, -3, -11
948.2, -3, -11
948.3, -4, -11
948.4, -4, -11
948.5, -4, -11
948.6, -4, -11
948.7, -4, -11
948.8, -4, -11
948.9, -4, -11
949, -4, -11
949.1, -4, -11
949.2, -4, -11
949.3, -4, -11
949.4, -4, -11
949.5, -4, -11
949.6, -4, -11
949.7, -4, -11
949.8, -4, -11
949.9, -4, -11
950, -4, -11
950.1, -4, -11
950.2, -4, -11
950.3, -4, -11
950.4, -4, -11
950.5, -4, -11
950.6, -4, -11
950.7, -4, -11
950.8, -4, -11
950.9, -4, -11
951, -4, -11
951.1, -4, -11
951.2, -4, -11
951.3, -4, -12
951.4, -4, -12
951.5, -4, -12
951.6, -4, -12
951.7, -4, -12
951.8, -4, -12
951.9, -4, -12
952, -4, -12
952.1, -4, -12
952.2, -4, -12
952.3, -4, -12
952.4, -4, -12
952.5, -4, -12
952.6, -4, -12
952.7, -4, -11
952.8, -4, -11
952.9, -4, -11
953, -4, -11
953.1, -4, -11
953.2, -4, -11
953.3, -4, -11
953.4, -4, -11
953.5, -4, -11
953.6, -4, -11
953.7, -4, -11
953.8, -4, -11
953.9, -4, -11
954, -4, -11
954.1, -4, -11
954.2, -4, -11
954.3, -4, -11
954.4, -4, -11
954.5, -4, -11
954.6, -4, -11
954.7, -4, -12
954.8, -4, -12
954.9, -4, -11
955, -4, -11
955.1, -4, -11
955.2, -4, -11
955.3, -4, -11
955.4, -4, -11
955.5, -4, -11
955.6, -4, -11
955.7, -4, -11
955.8, -4, -11
955.9, -4, -12
956, -4, -12
956.1, -4, -12
956.2, -4, -12
956.3, -4, -12
956.4, -4, -12
956.5, -4, -12
956.6, -4, -12
956.7, -4, -12
956.8, -4, -12
956.9, -4, -12
957, -4, -12
957.1, -4, -12
957.2, -4, -12
957.3, -4, -12
957.4, -4, -12
957.5, -4, -12
957.6, -4, -12
957.7, -4, -12
957.8, -4, -12
957.9, -4, -12
958, -4, -12
958.1, -4, -12
958.2, -4, -12
958.3, -4, -12
958.4, -4, -12
958.5, -4, -12
958.6, -4, -12
958.7, -4, -12
958.8, -4, -12
958.9, -4, -12
959, -4, -12
959.1, -4, -12
959.2, -4, -12
959.3, -4, -12
959.4, -4, -12
959.5, -4, -12
959.6, -4, -12
959.7, -4, -12
959.8, -4, -12
959.9, -3, -12
960, -3, -12
960.1, -3, -12
960.2, -3, -12
960.3, -3, -12
960.4, -3, -12
960.5, -3, -12
960.6, -3, -12
960.7, -3, -12
960.8, -3, -12
960.9, -3, -12
961, -3, -12
961.1, -3, -12
961.2, -3, -12
961.3, -3, -12
961.4, -3, -12
961.5, -2, -12
961.6, -2, -12
961.7, -2, -12
961.8, -2, -12
961.9, -2, -12
962, -2, -12
962.1, -2, -12
962.2, -2, -12
962.3, -2, -12
962.4, -2, -12
962.5, -2, -12
962.6, -2, -12
962.7, -2, -12
962.8, -2, -12
962.9, -2, -12
963, -2, -12
963.1, -2, -12
963.2, -2, -12
963.3, -2, -12
963.4, -2, -12
963.5, -2, -12
963.6, -2, -12
963.7, -2, -12
963.8, -2, -12
963.9, -2, -12
964, -2, -12
964.1, -2, -12
964.2, -2, -12
964.3, -2, -11
964.4, -2, -11
964.5, -1, -11
964.6, -1, -11
964.7, -1, -11
964.8, -1, -11
964.9, -1, -10
965, -1, -10
965.1, -1, -10
965.2, -1, -10
965.3, -1, -10
965.4, -1, -10
965.5, -1, -10
965.6, -1, -10
965.7, -1, -10
965.8, -1, -10
965.9, -1, -10
966, -1, -10
966.1, 0, -10
966.2, 0, -10
966.3, 0, -10
966.4, 0, -10
966.5, -1, -10
966.6, -1, -10
966.7, -1, -10
966.8, -1, -10
966.9, -1, -10
967, -1, -10
967.1, -1, -11
967.2, -1, -11
967.3, -1, -11
967.4, -1, -11
967.5, -1, -11
967.6, -1, -11
967.7, -1, -11
967.8, -1, -11
967.9, -1, -11
968, -1, -11
968.1, -1, -11
968.2, -1, -11
968.3, -1, -11
968.4, -1, -11
968.5, -1, -11
968.6, -1, -11
968.7, -1, -11
968.8, -1, -11
968.9, -1, -11
969, -1, -11
969.1, -1, -11
969.2, -1, -11
969.3, -1, -11
969.4, -1, -11
969.5, -1, -11
969.6, -1, -11
969.7, -1, -11
969.8, -1, -11
969.9, 0, -11
970, 0, -11
970.1, 0, -11
970.2, 0, -11
970.3, 0, -11
970.4, 0, -11
970.5, 0, -11
970.6, 0, -11
970.7, 0, -11
970.8, 0, -11
970.9, 0, -11
971, 0, -11
971.1, 0, -11
971.2, 0, -11
971.3, 0, -11
971.4, 0, -11
971.5, -1, -11
971.6, -1, -11
971.7, -1, -11
971.8, -1, -11
971.9, -1, -11
972, -1, -11
972.1, -1, -11
972.2, -1, -11
972.3, -1, -11
972.4, -1, -11
972.5, -1, -11
972.6, -1, -11
972.7, -1, -11
972.8, -1, -11
972.9, -1, -11
973, -1, -11
973.1, -1, -11
973.2, -1, -11
973.3, -1, -11
973.4, -1, -11
973.5, -1, -10
973.6, -1, -10
973.7, 0, -10
973.8, 0, -10
973.9, 0, -10
974, 0, -10
974.1, 0, -10
974.2, 0, -10
974.3, 0, -10
974.4, 0, -10
974.5, 0, -10
974.6, 0, -10
974.7, -1, -10
974.8, -1, -10
974.9, -2, -10
975, -2, -10
975.1, -2, -10
975.2, -2, -10
975.3, -2, -10
975.4, -2, -10
975.5, -2, -10
975.6, -2, -10
975.7, -1, -10
975.8, -1, -10
975.9, -1, -10
976, -1, -10
976.1, -1, -10
976.2, -1, -10
976.3, -1, -9
976.4, -1, -9
976.5, -1, -9
976.6, -1, -9
976.7, -1, -9
976.8, -1, -9
976.9, -1, -9
977, -1, -9
977.1, -1, -9
977.2, -1, -9
977.3, -1, -9
977.4, -1, -9
977.5, -1, -9
977.6, -1, -9
977.7, -1, -9
977.8, -1, -9
977.9, -1, -9
978, -1, -9
978.1, -1, -9
978.2, -1, -9
978.3, -1, -10
978.4, -1, -10
978.5, -1, -10
978.6, -1, -10
978.7, -1, -10
978.8, -1, -10
978.9, -1, -10
979, -1, -10
979.1, -1, -10
979.2, -1, -10
979.3, -1, -10
979.4, -1, -10
979.5, -1, -10
979.6, -1, -10
979.7, -1, -10
979.8, -1, -10
979.9, -1, -11
980, -1, -11
980.1, -1, -11
980.2, -1, -11
980.3, -1, -11
980.4, -1, -11
980.5, -1, -11
980.6, -1, -11
980.7, -1, -11
980.8, -1, -11
980.9, -1, -11
981, -1, -11
981.1, -1, -11
981.2, -1, -11
981.3, -1, -12
981.4, -1, -12
981.5, -1, -12
981.6, -1, -12
981.7, -1, -12
981.8, -1, -12
981.9, -1, -12
982, -1, -12
982.1, -1, -12
982.2, -1, -12
982.3, -1, -12
982.4, -1, -12
982.5, -1, -12
982.6, -1, -12
982.7, -1, -12
982.8, -1, -12
982.9, -1, -12
983, -1, -12
983.1, -1, -12
983.2, -1, -12
983.3, -1, -12
983.4, -1, -12
983.5, -1, -12
983.6, -1, -12
983.7, -1, -12
983.8, -1, -12
983.9, -1, -12
984, -1, -12
984.1, -1, -12
984.2, -1, -12
984.3, -1, -12
984.4, -1, -12
984.5, -1, -12
984.6, -1, -12
984.7, -1, -12
984.8, -1, -12
984.9, -1, -12
985, -1, -12
985.1, -2, -12
985.2, -2, -12
985.3, -2, -12
985.4, -2, -12
985.5, -2, -12
985.6, -2, -12
985.7, -2, -12
985.8, -2, -12
985.9, -2, -12
986, -2, -12
986.1, -2, -12
986.2, -2, -12
986.3, -2, -12
986.4, -2, -12
986.5, -2, -12
986.6, -2, -12
986.7, -2, -12
986.8, -2, -12
986.9, -2, -12
987, -2, -12
987.1, -2, -12
987.2, -2, -12
987.3, -2, -12
987.4, -2, -12
987.5, -2, -12
987.6, -2, -12
987.7, -2, -12
987.8, -2, -12
987.9, -2, -12
988, -2, -12
988.1, -2, -12
988.2, -2, -12
988.3, -2, -13
988.4, -2, -13
988.5, -2, -13
988.6, -2, -13
988.7, -2, -13
988.8, -2, -13
988.9, -2, -14
989, -2, -14
989.1, -2, -14
989.2, -2, -14
989.3, -2, -14
989.4, -2, -14
989.5, -2, -14
989.6, -2, -14
989.7, -2, -14
989.8, -2, -14
989.9, -2, -15
990, -2, -15
990.1, -2, -15
990.2, -2, -15
990.3, -2, -15
990.4, -2, -15
990.5, -2, -15
990.6, -2, -15
990.7, -2, -15
990.8, -2, -15
990.9, -2, -15
991, -2, -15
991.1, -2, -15
991.2, -2, -15
991.3, -2, -15
991.4, -2, -15
991.5, -2, -15
991.6, -2, -15
991.7, -2, -15
991.8, -2, -15
991.9, -2, -15
992, -2, -15
992.1, -2, -15
992.2, -2, -15
992.3, -2, -15
992.4, -2, -15
992.5, -2, -15
992.6, -2, -15
992.7, -2, -15
992.8, -2, -15
992.9, -2, -15
993, -2, -15
993.1, -2, -15
993.2, -2, -15
993.3, -3, -15
993.4, -3, -15
993.5, -3, -15
993.6, -3, -15
993.7, -3, -15
993.8, -3, -15
993.9, -3, -15
994, -3, -15
994.1, -3, -15
994.2, -3, -15
994.3, -3, -15
994.4, -3, -15
994.5, -3, -15
994.6, -3, -15
994.7, -3, -15
994.8, -3, -15
994.9, -3, -15
995, -3, -15
995.1, -3, -15
995.2, -3, -15
995.3, -3, -15
995.4, -3, -15
995.5, -3, -15
995.6, -3, -15
995.7, -3, -15
995.8, -3, -15
995.9, -3, -15
996, -3, -15
996.1, -3, -15
996.2, -3, -15
996.3, -3, -15
996.4, -3, -15
996.5, -3, -15
996.6, -3, -15
996.7, -3, -15
996.8, -3, -15
996.9, -3, -15
997, -3, -15
997.1, -3, -15
997.2, -3, -15
997.3, -3, -15
997.4, -3, -15
997.5, -3, -15
997.6, -3, -15
997.7, -3, -15
997.8, -3, -15
997.9, -3, -15
998, -3, -15
998.1, -3, -15
998.2, -3, -15
998.3, -3, -15
998.4, -3, -15
998.5, -3, -15
998.6, -3, -15
998.7, -3, -15
998.8, -3, -15
998.9, -3, -15
999, -3, -15
999.1, -3, -15
999.2, -3, -15
999.3, -3, -15
999.4, -3, -15
999.5, -3, -15
999.6, -3, -15
999.7, -3, -16
999.8, -3, -16
999.9, -3, -16
1000, -3, -16
1000.1, -3, -16
1000.2, -3, -16
1000.3, -3, -16
1000.4, -3, -16
1000.5, -3, -16
1000.6, -3, -16
1000.7, -3, -16
1000.8, -3, -16
1000.9, -3, -16
1001, -3, -16
1001.1, -3, -16
1001.2, -3, -16
1001.3, -3, -16
1001.4, -3, -16
1001.5, -3, -16
1001.6, -3, -16
1001.7, -3, -16
1001.8, -3, -16
1001.9, -3, -16
1002, -3, -16
1002.1, -3, -16
1002.2, -3, -16
1002.3, -3, -16
1002.4, -3, -16
1002.5, -3, -16
1002.6, -3, -16
1002.7, -3, -16
1002.8, -3, -16
1002.9, -3, -17
1003, -3, -17
1003.1, -3, -16
1003.2, -3, -16
1003.3, -3, -16
1003.4, -3, -16
1003.5, -3, -17
1003.6, -3, -17
1003.7, -4, -17
1003.8, -4, -17
1003.9, -4, -17
1004, -4, -17
1004.1, -4, -17
1004.2, -4, -17
1004.3, -4, -17
1004.4, -4, -17
1004.5, -4, -17
1004.6, -4, -17
1004.7, -4, -17
1004.8, -4, -17
1004.9, -4, -17
1005, -4, -17
1005.1, -4, -17
1005.2, -4, -17
1005.3, -4, -16
1005.4, -4, -16
1005.5, -4, -16
1005.6, -4, -16
1005.7, -4, -16
1005.8, -4, -16
1005.9, -4, -16
1006, -4, -16
1006.1, -4, -16
1006.2, -4, -16
1006.3, -4, -16
1006.4, -4, -16
1006.5, -4, -16
1006.6, -4, -16
1006.7, -4, -15
1006.8, -4, -15
1006.9, -4, -15
1007, -4, -15
1007.1, -4, -15
1007.2, -4, -15
1007.3, -4, -15
1007.4, -4, -15
1007.5, -5, -15
1007.6, -5, -15
1007.7, -5, -15
1007.8, -5, -15
1007.9, -5, -15
1008, -5, -15
1008.1, -5, -15
1008.2, -5, -15
1008.3, -5, -15
1008.4, -5, -15
1008.5, -5, -15
1008.6, -5, -15
1008.7, -5, -15
1008.8, -5, -15
1008.9, -5, -15
1009, -5, -15
1009.1, -5, -15
1009.2, -5, -15
1009.3, -5, -15
1009.4, -5, -15
1009.5, -5, -15
1009.6, -5, -15
1009.7, -5, -15
1009.8, -5, -15
1009.9, -5, -15
1010, -5, -15
1010.1, -5, -15
1010.2, -5, -15
1010.3, -4, -15
1010.4, -4, -15
1010.5, -4, -15
1010.6, -4, -15
1010.7, -4, -15
1010.8, -4, -15
1010.9, -4, -15
1011, -4, -15
1011.1, -4, -16
1011.2, -4, -16
1011.3, -4, -16
1011.4, -4, -16
1011.5, -4, -15
1011.6, -4, -15
1011.7, -4, -16
1011.8, -4, -16
1011.9, -4, -16
1012, -4, -16
1012.1, -4, -16
1012.2, -4, -16
1012.3, -4, -16
1012.4, -4, -16
1012.5, -4, -16
1012.6, -4, -16
1012.7, -4, -16
1012.8, -4, -16
1012.9, -4, -15
1013, -4, -15
1013.1, -4, -15
1013.2, -4, -15
1013.3, -4, -15
1013.4, -4, -15
1013.5, -4, -15
1013.6, -4, -15
1013.7, -4, -15
1013.8, -4, -15
1013.9, -4, -15
1014, -4, -15
1014.1, -3, -15
1014.2, -3, -15
1014.3, -3, -15
1014.4, -3, -15
1014.5, -3, -15
1014.6, -3, -15
1014.7, -3, -15
1014.8, -3, -15
1014.9, -3, -15
1015, -3, -15
1015.1, -3, -15
1015.2, -3, -15
1015.3, -3, -15
1015.4, -3, -15
1015.5, -3, -15
1015.6, -3, -15
1015.7, -3, -15
1015.8, -3, -15
1015.9, -3, -15
1016, -3, -15
1016.1, -3, -15
1016.2, -3, -15
1016.3, -3, -15
1016.4, -3, -15
1016.5, -3, -15
1016.6, -3, -15
1016.7, -3, -15
1016.8, -3, -15
1016.9, -3, -15
1017, -3, -15
1017.1, -3, -15
1017.2, -3, -15
1017.3, -3, -16
1017.4, -3, -16
1017.5, -3, -16
1017.6, -3, -16
1017.7, -3, -16
1017.8, -3, -16
1017.9, -3, -16
1018, -3, -16
1018.1, -3, -16
1018.2, -3, -16
1018.3, -3, -16
1018.4, -3, -16
1018.5, -3, -16
1018.6, -3, -16
1018.7, -3, -16
1018.8, -3, -16
1018.9, -3, -16
1019, -3, -16
1019.1, -3, -16
1019.2, -3, -16
1019.3, -4, -16
1019.4, -4, -16
1019.5, -4, -16
1019.6, -4, -16
1019.7, -4, -16
1019.8, -4, -16
1019.9, -4, -16
1020, -4, -16
1020.1, -4, -16
1020.2, -4, -16
1020.3, -4, -16
1020.4, -4, -16
1020.5, -5, -16
1020.6, -5, -16
1020.7, -5, -16
1020.8, -5, -16
1020.9, -5, -15
1021, -5, -15
1021.1, -5, -15
1021.2, -5, -15
1021.3, -6, -15
1021.4, -6, -15
1021.5, -6, -15
1021.6, -6, -15
1021.7, -6, -15
1021.8, -6, -15
1021.9, -6, -15
1022, -6, -15
1022.1, -6, -15
1022.2, -6, -15
1022.3, -6, -15
1022.4, -6, -15
1022.5, -6, -15
1022.6, -6, -15
1022.7, -5, -15
1022.8, -5, -15
1022.9, -5, -15
1023, -5, -15
1023.1, -5, -15
1023.2, -5, -15
1023.3, -5, -15
1023.4, -5, -15
1023.5, -5, -15
1023.6, -5, -15
1023.7, -5, -15
1023.8, -5, -15
1023.9, -5, -15
1024, -5, -15
1024.1, -5, -15
1024.2, -5, -15
1024.3, -5, -15
1024.4, -5, -15
1024.5, -6, -15
1024.6, -6, -15
1024.7, -6, -14
1024.8, -6, -14
1024.9, -6, -14
1025, -6, -14
1025.1, -6, -14
1025.2, -6, -14
1025.3, -6, -14
1025.4, -6, -14
1025.5, -6, -14
1025.6, -6, -14
1025.7, -6, -14
1025.8, -6, -14
1025.9, -6, -13
1026, -6, -13
1026.1, -6, -13
1026.2, -6, -13
1026.3, -5, -13
1026.4, -5, -13
1026.5, -5, -13
1026.6, -5, -13
1026.7, -5, -13
1026.8, -5, -13
1026.9, -5, -13
1027, -5, -13
1027.1, -5, -13
1027.2, -5, -13
1027.3, -5, -13
1027.4, -5, -13
1027.5, -5, -13
1027.6, -5, -13
1027.7, -5, -13
1027.8, -5, -13
1027.9, -5, -13
1028, -5, -13
1028.1, -5, -13
1028.2, -5, -13
1028.3, -5, -13
1028.4, -5, -13
1028.5, -5, -13
1028.6, -5, -13
1028.7, -5, -13
1028.8, -5, -13
1028.9, -5, -12
1029, -5, -12
1029.1, -5, -12
1029.2, -5, -12
1029.3, -5, -12
1029.4, -5, -12
1029.5, -5, -12
1029.6, -5, -12
1029.7, -5, -12
1029.8, -5, -12
1029.9, -5, -12
1030, -5, -12
1030.1, -5, -12
1030.2, -5, -12
1030.3, -5, -12
1030.4, -5, -12
1030.5, -5, -12
1030.6, -5, -12
1030.7, -5, -12
1030.8, -5, -12
1030.9, -5, -12
1031, -5, -12
1031.1, -5, -12
1031.2, -5, -12
1031.3, -5, -12
1031.4, -5, -12
1031.5, -5, -12
1031.6, -5, -12
1031.7, -5, -12
1031.8, -5, -12
1031.9, -5, -12
1032, -5, -12
1032.1, -5, -12
1032.2, -5, -12
1032.3, -5, -12
1032.4, -5, -12
1032.5, -5, -12
1032.6, -5, -12
1032.7, -5, -12
1032.8, -5, -12
1032.9, -5, -12
1033, -5, -12
1033.1, -5, -12
1033.2, -5, -12
1033.3, -5, -12
1033.4, -5, -12
1033.5, -5, -12
1033.6, -5, -12
1033.7, -5, -12
1033.8, -5, -12
1033.9, -5, -12
1034, -5, -12
1034.1, -5, -12
1034.2, -5, -12
1034.3, -5, -12
1034.4, -5, -12
1034.5, -5, -12
1034.6, -5, -12
1034.7, -5, -12
1034.8, -5, -12
1034.9, -5, -12
1035, -5, -12
1035.1, -5, -12
1035.2, -5, -12
1035.3, -5, -12
1035.4, -5, -12
1035.5, -5, -12
1035.6, -5, -12
1035.7, -4, -12
1035.8, -4, -12
1035.9, -4, -12
1036, -4, -12
1036.1, -4, -12
1036.2, -4, -12
1036.3, -4, -12
1036.4, -4, -12
1036.5, -4, -12
1036.6, -4, -12
1036.7, -4, -12
1036.8, -4, -12
1036.9, -4, -12
1037, -4, -12
1037.1, -4, -12
1037.2, -4, -12
1037.3, -4, -12
1037.4, -4, -12
1037.5, -4, -12
1037.6, -4, -12
1037.7, -4, -12
1037.8, -4, -12
1037.9, -4, -12
1038, -4, -12
1038.1, -4, -12
1038.2, -4, -12
1038.3, -4, -12
1038.4, -4, -12
1038.5, -4, -12
1038.6, -4, -12
1038.7, -4, -12
1038.8, -4, -12
1038.9, -4, -12
1039, -4, -12
1039.1, -4, -12
1039.2, -4, -12
1039.3, -4, -12
1039.4, -4, -12
1039.5, -4, -12
1039.6, -4, -12
1039.7, -4, -12
1039.8, -4, -12
1039.9, -4, -12
1040, -4, -12
1040.1, -4, -12
1040.2, -4, -12
1040.3, -4, -12
1040.4, -4, -12
1040.5, -4, -12
1040.6, -4, -12
1040.7, -4, -12
1040.8, -4, -12
1040.9, -4, -12
1041, -4, -12
1041.1, -3, -12
1041.2, -3, -12
1041.3, -3, -12
1041.4, -3, -12
1041.5, -3, -12
1041.6, -3, -12
1041.7, -3, -12
1041.8, -3, -12
1041.9, -3, -12
1042, -3, -12
1042.1, -3, -12
1042.2, -3, -12
1042.3, -3, -12
1042.4, -3, -12
1042.5, -3, -12
1042.6, -3, -12
1042.7, -3, -11
1042.8, -3, -11
1042.9, -3, -11
1043, -3, -11
1043.1, -3, -11
1043.2, -3, -11
1043.3, -3, -11
1043.4, -3, -11
1043.5, -3, -11
1043.6, -3, -11
1043.7, -3, -11
1043.8, -3, -11
1043.9, -3, -11
1044, -3, -11
1044.1, -3, -11
1044.2, -3, -11
1044.3, -3, -11
1044.4, -3, -11
1044.5, -3, -11
1044.6, -3, -11
1044.7, -4, -11
1044.8, -4, -11
1044.9, -4, -11
1045, -4, -11
1045.1, -3, -11
1045.2, -3, -11
1045.3, -3, -11
1045.4, -3, -11
1045.5, -3, -11
1045.6, -3, -11
1045.7, -3, -11
1045.8, -3, -11
1045.9, -3, -11
1046, -3, -11
1046.1, -3, -11
1046.2, -3, -11
1046.3, -3, -11
1046.4, -3, -11
1046.5, -3, -11
1046.6, -3, -11
1046.7, -3, -11
1046.8, -3, -11
1046.9, -3, -11
1047, -3, -11
1047.1, -3, -11
1047.2, -3, -11
1047.3, -3, -11
1047.4, -3, -11
1047.5, -3, -11
1047.6, -3, -11
1047.7, -3, -11
1047.8, -3, -11
1047.9, -3, -11
1048, -3, -11
1048.1, -3, -11
1048.2, -3, -11
1048.3, -3, -11
1048.4, -3, -11
1048.5, -3, -11
1048.6, -3, -11
1048.7, -3, -11
1048.8, -3, -11
1048.9, -3, -11
1049, -3, -11
1049.1, -3, -11
1049.2, -3, -11
1049.3, -3, -10
1049.4, -3, -10
1049.5, -3, -10
1049.6, -3, -10
1049.7, -3, -10
1049.8, -3, -10
1049.9, -3, -10
1050, -3, -10
1050.1, -3, -10
1050.2, -3, -10
1050.3, -3, -10
1050.4, -3, -10
1050.5, -3, -10
1050.6, -3, -10
1050.7, -3, -10
1050.8, -3, -10
1050.9, -3, -10
1051, -3, -10
1051.1, -3, -10
1051.2, -3, -10
1051.3, -3, -10
1051.4, -3, -10
1051.5, -3, -10
1051.6, -3, -10
1051.7, -3, -10
1051.8, -3, -10
1051.9, -3, -10
1052, -3, -10
1052.1, -3, -11
1052.2, -3, -11
1052.3, -3, -11
1052.4, -3, -11
1052.5, -3, -11
1052.6, -3, -11
1052.7, -3, -11
1052.8, -3, -11
1052.9, -3, -11
1053, -3, -11
1053.1, -3, -11
1053.2, -3, -11
1053.3, -3, -11
1053.4, -3, -11
1053.5, -3, -11
1053.6, -3, -11
1053.7, -3, -11
1053.8, -3, -11
1053.9, -3, -11
1054, -3, -11
1054.1, -3, -10
1054.2, -3, -10
1054.3, -3, -10
1054.4, -3, -10
1054.5, -3, -10
1054.6, -3, -10
1054.7, -3, -10
1054.8, -3, -10
1054.9, -3, -10
1055, -3, -10
1055.1, -3, -10
1055.2, -3, -10
1055.3, -3, -10
1055.4, -3, -10
1055.5, -3, -10
1055.6, -3, -10
1055.7, -3, -10
1055.8, -3, -10
1055.9, -3, -10
1056, -3, -10
1056.1, -3, -10
1056.2, -3, -10
1056.3, -3, -10
1056.4, -3, -10
1056.5, -3, -10
1056.6, -3, -10
1056.7, -3, -10
1056.8, -3, -10
1056.9, -3, -10
1057, -3, -10
1057.1, -3, -10
1057.2, -3, -10
1057.3, -3, -10
1057.4, -3, -10
1057.5, -3, -10
1057.6, -3, -10
1057.7, -3, -10
1057.8, -3, -10
1057.9, -3, -11
1058, -3, -11
1058.1, -3, -11
1058.2, -3, -11
1058.3, -3, -11
1058.4, -3, -11
1058.5, -3, -11
1058.6, -3, -11
1058.7, -4, -11
1058.8, -4, -11
1058.9, -4, -11
1059, -4, -11
1059.1, -4, -11
1059.2, -4, -11
1059.3, -4, -11
1059.4, -4, -11
1059.5, -4, -11
1059.6, -4, -11
1059.7, -4, -11
1059.8, -4, -11
1059.9, -4, -11
1060, -4, -11
1060.1, -4, -10
1060.2, -4, -10
1060.3, -4, -10
1060.4, -4, -10
1060.5, -4, -10
1060.6, -4, -10
1060.7, -4, -10
1060.8, -4, -10
1060.9, -4, -10
1061, -4, -10
1061.1, -4, -10
1061.2, -4, -10
1061.3, -4, -10
1061.4, -4, -10
1061.5, -4, -10
1061.6, -4, -10
1061.7, -4, -10
1061.8, -4, -10
1061.9, -4, -10
1062, -4, -10
1062.1, -4, -10
1062.2, -4, -10
1062.3, -4, -10
1062.4, -4, -10
1062.5, -4, -11
1062.6, -4, -11
1062.7, -4, -11
1062.8, -4, -11
1062.9, -4, -11
1063, -4, -11
1063.1, -4, -11
1063.2, -4, -11
1063.3, -4, -11
1063.4, -4, -11
1063.5, -4, -11
1063.6, -4, -11
1063.7, -4, -12
1063.8, -4, -12
1063.9, -4, -12
1064, -4, -12
1064.1, -4, -12
1064.2, -4, -12
1064.3, -4, -12
1064.4, -4, -12
1064.5, -4, -12
1064.6, -4, -12
1064.7, -4, -12
1064.8, -4, -12
1064.9, -4, -12
1065, -4, -12
1065.1, -4, -12
1065.2, -4, -12
1065.3, -4, -12
1065.4, -4, -12
1065.5, -4, -12
1065.6, -4, -12
1065.7, -4, -12
1065.8, -4, -12
1065.9, -4, -12
1066, -4, -12
1066.1, -4, -12
1066.2, -4, -12
1066.3, -4, -12
1066.4, -4, -12
1066.5, -4, -12
1066.6, -4, -12
1066.7, -4, -12
1066.8, -4, -12
1066.9, -4, -12
1067, -4, -12
1067.1, -4, -12
1067.2, -4, -12
1067.3, -4, -12
1067.4, -4, -12
1067.5, -4, -12
1067.6, -4, -12
1067.7, -4, -12
1067.8, -4, -12
1067.9, -4, -12
1068, -4, -12
1068.1, -4, -12
1068.2, -4, -12
1068.3, -4, -12
1068.4, -4, -12
1068.5, -4, -12
1068.6, -4, -12
1068.7, -4, -12
1068.8, -4, -12
1068.9, -4, -12
1069, -4, -12
1069.1, -4, -13
1069.2, -4, -13
1069.3, -3, -13
1069.4, -3, -13
1069.5, -3, -13
1069.6, -3, -13
1069.7, -3, -13
1069.8, -3, -13
1069.9, -3, -13
1070, -3, -13
1070.1, -3, -13
1070.2, -3, -13
1070.3, -3, -13
1070.4, -3, -13
1070.5, -3, -13
1070.6, -3, -13
1070.7, -3, -13
1070.8, -3, -13
1070.9, -3, -13
1071, -3, -13
1071.1, -3, -13
1071.2, -3, -13
1071.3, -3, -13
1071.4, -3, -13
1071.5, -3, -13
1071.6, -3, -13
1071.7, -3, -13
1071.8, -3, -13
1071.9, -4, -13
1072, -4, -13
1072.1, -4, -13
1072.2, -4, -13
1072.3, -4, -13
1072.4, -4, -13
1072.5, -4, -13
1072.6, -4, -13
1072.7, -4, -13
1072.8, -4, -13
1072.9, -4, -13
1073, -4, -13
1073.1, -4, -13
1073.2, -4, -13
1073.3, -4, -13
1073.4, -4, -13
1073.5, -4, -13
1073.6, -4, -13
1073.7, -4, -13
1073.8, -4, -13
1073.9, -4, -13
1074, -4, -13
1074.1, -4, -13
1074.2, -4, -13
1074.3, -4, -13
1074.4, -4, -13
1074.5, -4, -13
1074.6, -4, -13
1074.7, -4, -13
1074.8, -4, -13
1074.9, -4, -12
1075, -4, -12
1075.1, -4, -12
1075.2, -4, -12
1075.3, -4, -12
1075.4, -4, -12
1075.5, -4, -12
1075.6, -4, -12
1075.7, -4, -12
1075.8, -4, -12
1075.9, -4, -12
1076, -4, -12
1076.1, -4, -12
1076.2, -4, -12
1076.3, -4, -12
1076.4, -4, -12
1076.5, -4, -12
1076.6, -4, -12
1076.7, -4, -12
1076.8, -4, -12
1076.9, -5, -12
1077, -5, -12
1077.1, -5, -12
1077.2, -5, -12
1077.3, -5, -12
1077.4, -5, -12
1077.5, -5, -12
1077.6, -5, -12
1077.7, -5, -12
1077.8, -5, -12
1077.9, -5, -12
1078, -5, -12
1078.1, -5, -12
1078.2, -5, -12
1078.3, -5, -12
1078.4, -5, -12
1078.5, -6, -12
1078.6, -6, -12
1078.7, -6, -11
1078.8, -6, -11
1078.9, -6, -11
1079, -6, -11
1079.1, -6, -11
1079.2, -6, -11
1079.3, -6, -12
1079.4, -6, -12
1079.5, -7, -12
1079.6, -7, -12
1079.7, -7, -12
1079.8, -7, -12
1079.9, -7, -12
1080, -7, -12
1080.1, -7, -12
1080.2, -7, -12
1080.3, -7, -12
1080.4, -7, -12
1080.5, -7, -11
1080.6, -7, -11
1080.7, -7, -11
1080.8, -7, -11
1080.9, -7, -11
1081, -7, -11
1081.1, -7, -11
1081.2, -7, -11
1081.3, -7, -11
1081.4, -7, -11
1081.5, -7, -11
1081.6, -7, -11
1081.7, -6, -11
1081.8, -6, -11
1081.9, -6, -11
1082, -6, -11
1082.1, -5, -11
1082.2, -5, -11
1082.3, -5, -11
1082.4, -5, -11
1082.5, -5, -11
1082.6, -5, -11
1082.7, -5, -11
1082.8, -5, -11
1082.9, -5, -11
1083, -5, -11
1083.1, -5, -11
1083.2, -5, -11
1083.3, -5, -11
1083.4, -5, -11
1083.5, -5, -11
1083.6, -5, -11
1083.7, -5, -11
1083.8, -5, -11
1083.9, -5, -11
1084, -5, -11
1084.1, -5, -11
1084.2, -5, -11
1084.3, -5, -10
1084.4, -5, -10
1084.5, -5, -10
1084.6, -5, -10
1084.7, -5, -10
1084.8, -5, -10
1084.9, -5, -10
1085, -5, -10
1085.1, -5, -10
1085.2, -5, -10
1085.3, -5, -10
1085.4, -5, -10
1085.5, -5, -10
1085.6, -5, -10
1085.7, -5, -10
1085.8, -5, -10
1085.9, -5, -10
1086, -5, -10
1086.1, -5, -10
1086.2, -5, -10
1086.3, -5, -10
1086.4, -5, -10
1086.5, -5, -10
1086.6, -5, -10
1086.7, -5, -10
1086.8, -5, -10
1086.9, -5, -10
1087, -5, -10
1087.1, -5, -10
1087.2, -5, -10
1087.3, -5, -10
1087.4, -5, -10
1087.5, -5, -10
1087.6, -5, -10
1087.7, -5, -10
1087.8, -5, -10
1087.9, -5, -10
1088, -5, -10
1088.1, -5, -10
1088.2, -5, -10
1088.3, -5, -10
1088.4, -5, -10
1088.5, -5, -10
1088.6, -5, -10
1088.7, -5, -10
1088.8, -5, -10
1088.9, -5, -10
1089, -5, -10
1089.1, -5, -9
1089.2, -5, -9
1089.3, -5, -9
1089.4, -5, -9
1089.5, -5, -9
1089.6, -5, -9
1089.7, -5, -9
1089.8, -5, -9
1089.9, -5, -9
1090, -5, -9
1090.1, -5, -9
1090.2, -5, -9
1090.3, -5, -9
1090.4, -5, -9
1090.5, -4, -9
1090.6, -4, -9
1090.7, -4, -9
1090.8, -4, -9
1090.9, -4, -9
1091, -4, -9
1091.1, -4, -9
1091.2, -4, -9
1091.3, -4, -9
1091.4, -4, -9
1091.5, -4, -9
1091.6, -4, -9
1091.7, -4, -9
1091.8, -4, -9
1091.9, -4, -9
1092, -4, -9
1092.1, -4, -9
1092.2, -4, -9
1092.3, -4, -9
1092.4, -4, -9
1092.5, -4, -9
1092.6, -4, -9
1092.7, -4, -9
1092.8, -4, -9
1092.9, -4, -9
1093, -4, -9
1093.1, -4, -9
1093.2, -4, -9
1093.3, -4, -9
1093.4, -4, -9
1093.5, -4, -9
1093.6, -4, -9
1093.7, -4, -9
1093.8, -4, -9
1093.9, -4, -9
1094, -4, -9
1094.1, -3, -9
1094.2, -3, -9
1094.3, -3, -9
1094.4, -3, -9
1094.5, -2, -9
1094.6, -2, -9
1094.7, -2, -9
1094.8, -2, -9
1094.9, -2, -9
1095, -2, -9
1095.1, -2, -9
1095.2, -2, -9
1095.3, -2, -9
1095.4, -2, -9
1095.5, -2, -9
1095.6, -2, -9
1095.7, -2, -9
1095.8, -2, -9
1095.9, -2, -9
1096, -2, -9
1096.1, -2, -9
1096.2, -2, -9
1096.3, -2, -9
1096.4, -2, -9
1096.5, -2, -9
1096.6, -2, -9
1096.7, -2, -9
1096.8, -2, -9
1096.9, -2, -9
1097, -2, -9
1097.1, -2, -9
1097.2, -2, -9
1097.3, -2, -9
1097.4, -2, -9
1097.5, -2, -9
1097.6, -2, -9
1097.7, -2, -9
1097.8, -2, -9
1097.9, -2, -9
1098, -2, -9
1098.1, -2, -9
1098.2, -2, -9
1098.3, -2, -9
1098.4, -2, -9
1098.5, -2, -9
1098.6, -2, -9
1098.7, -2, -9
1098.8, -2, -9
1098.9, -2, -9
1099, -2, -9
1099.1, -2, -9
1099.2, -2, -9
1099.3, -2, -9
1099.4, -2, -9
1099.5, -2, -9
1099.6, -2, -9
1099.7, -2, -9
1099.8, -2, -9
1099.9, -2, -9
1100, -2, -9
1100.1, -1, -9
1100.2, -1, -9
1100.3, -1, -9
1100.4, -1, -9
1100.5, -1, -9
1100.6, -1, -9
1100.7, -1, -9
1100.8, -1, -9
1100.9, -1, -9
1101, -1, -9
1101.1, -1, -9
1101.2, -1, -9
1101.3, -1, -9
1101.4, -1, -9
1101.5, -1, -9
1101.6, -1, -9
1101.7, -1, -9
1101.8, -1, -9
1101.9, -1, -9
1102, -1, -9
1102.1, -1, -9
1102.2, -1, -9
1102.3, -1, -9
1102.4, -1, -9
1102.5, -1, -9
1102.6, -1, -9
1102.7, -1, -9
1102.8, -1, -9
1102.9, -1, -9
1103, -1, -9
1103.1, -1, -9
1103.2, -1, -9
1103.3, -1, -9
1103.4, -1, -9
1103.5, -1, -9
1103.6, -1, -9
1103.7, -1, -9
1103.8, -1, -9
1103.9, -1, -9
1104, -1, -9
1104.1, -1, -9
1104.2, -1, -9
1104.3, -1, -9
1104.4, -1, -9
1104.5, -1, -9
1104.6, -1, -9
1104.7, -1, -9
1104.8, -1, -9
1104.9, -1, -9
1105, -1, -9
1105.1, -1, -9
1105.2, -1, -9
1105.3, -1, -9
1105.4, -1, -9
1105.5, -1, -9
1105.6, -1, -9
1105.7, -1, -9
1105.8, -1, -9
1105.9, -1, -9
1106, -1, -9
1106.1, -1, -9
1106.2, -1, -9
1106.3, -1, -9
1106.4, -1, -9
1106.5, -1, -9
1106.6, -1, -9
1106.7, -1, -9
1106.8, -1, -9
1106.9, -1, -10
1107, -1, -10
1107.1, -1, -10
1107.2, -1, -10
1107.3, -1, -10
1107.4, -1, -10
1107.5, -1, -10
1107.6, -1, -10
1107.7, -1, -10
1107.8, -1, -10
1107.9, -1, -10
1108, -1, -10
1108.1, -1, -10
1108.2, -1, -10
1108.3, -1, -10
1108.4, -1, -10
1108.5, -1, -10
1108.6, -1, -10
1108.7, -1, -10
1108.8, -1, -10
1108.9, -1, -10
1109, -1, -10
1109.1, -1, -10
1109.2, -1, -10
1109.3, -1, -10
1109.4, -1, -10
1109.5, -1, -10
1109.6, -1, -10
1109.7, -1, -10
1109.8, -1, -10
1109.9, -1, -10
1110, -1, -10
1110.1, -1, -10
1110.2, -1, -10
1110.3, -1, -10
1110.4, -1, -10
1110.5, -1, -10
1110.6, -1, -10
1110.7, -1, -10
1110.8, -1, -10
1110.9, -1, -10
1111, -1, -10
1111.1, -1, -10
1111.2, -1, -10
1111.3, -1, -11
1111.4, -1, -11
1111.5, -1, -11
1111.6, -1, -11
1111.7, -1, -10
1111.8, -1, -10
1111.9, -1, -10
1112, -1, -10
1112.1, -1, -10
1112.2, -1, -10
1112.3, -1, -10
1112.4, -1, -10
1112.5, -1, -10
1112.6, -1, -10
1112.7, -1, -10
1112.8, -1, -10
1112.9, -1, -10
1113, -1, -10
1113.1, -1, -11
1113.2, -1, -11
1113.3, -1, -11
1113.4, -1, -11
1113.5, -1, -11
1113.6, -1, -11
1113.7, -1, -11
1113.8, -1, -11
1113.9, -1, -11
1114, -1, -11
1114.1, -1, -11
1114.2, -1, -11
1114.3, -1, -11
1114.4, -1, -11
1114.5, -1, -11
1114.6, -1, -11
1114.7, -1, -11
1114.8, -1, -11
1114.9, -1, -11
1115, -1, -11
1115.1, -1, -11
1115.2, -1, -11
1115.3, -2, -11
1115.4, -2, -11
1115.5, -2, -11
1115.6, -2, -11
1115.7, -2, -11
1115.8, -2, -11
1115.9, -2, -11
1116, -2, -11
1116.1, -2, -11
1116.2, -2, -11
1116.3, -2, -11
1116.4, -2, -11
1116.5, -2, -11
1116.6, -2, -11
1116.7, -2, -11
1116.8, -2, -11
1116.9, -2, -11
1117, -2, -11
1117.1, -2, -11
1117.2, -2, -11
1117.3, -2, -11
1117.4, -2, -11
1117.5, -2, -11
1117.6, -2, -11
1117.7, -2, -11
1117.8, -2, -11
1117.9, -2, -11
1118, -2, -11
1118.1, -2, -11
1118.2, -2, -11
1118.3, -2, -11
1118.4, -2, -11
1118.5, -2, -11
1118.6, -2, -11
1118.7, -2, -11
1118.8, -2, -11
1118.9, -2, -11
1119, -2, -11
1119.1, -3, -11
1119.2, -3, -11
1119.3, -3, -11
1119.4, -3, -11
1119.5, -3, -11
1119.6, -3, -11
1119.7, -3, -11
1119.8, -3, -11
1119.9, -3, -11
1120, -3, -11
1120.1, -3, -11
1120.2, -3, -11
1120.3, -4, -11
1120.4, -4, -11
1120.5, -4, -10
1120.6, -4, -10
1120.7, -4, -10
1120.8, -4, -10
1120.9, -4, -10
1121, -4, -10
1121.1, -4, -11
1121.2, -4, -11
1121.3, -4, -11
1121.4, -4, -11
1121.5, -4, -11
1121.6, -4, -11
1121.7, -4, -11
1121.8, -4, -11
1121.9, -4, -12
1122, -4, -12
1122.1, -4, -12
1122.2, -4, -12
1122.3, -4, -12
1122.4, -4, -12
1122.5, -4, -12
1122.6, -4, -12
1122.7, -4, -12
1122.8, -4, -12
1122.9, -4, -12
1123, -4, -12
1123.1, -4, -12
1123.2, -4, -12
1123.3, -4, -12
1123.4, -4, -12
1123.5, -3, -12
1123.6, -3, -12
1123.7, -3, -12
1123.8, -3, -12
1123.9, -3, -12
1124, -3, -12
1124.1, -3, -12
1124.2, -3, -12
1124.3, -3, -12
1124.4, -3, -12
1124.5, -3, -12
1124.6, -3, -12
1124.7, -3, -12
1124.8, -3, -12
1124.9, -3, -12
1125, -3, -12
1125.1, -3, -12
1125.2, -3, -12
1125.3, -3, -12
1125.4, -3, -12
1125.5, -3, -12
1125.6, -3, -12
1125.7, -4, -12
1125.8, -4, -12
1125.9, -4, -12
1126, -4, -12
1126.1, -4, -12
1126.2, -4, -12
1126.3, -4, -12
1126.4, -4, -12
1126.5, -5, -12
1126.6, -5, -12
1126.7, -5, -12
1126.8, -5, -12
1126.9, -5, -12
1127, -5, -12
1127.1, -5, -12
1127.2, -5, -12
1127.3, -5, -12
1127.4, -5, -12
1127.5, -5, -12
1127.6, -5, -12
1127.7, -5, -12
1127.8, -5, -12
1127.9, -5, -12
1128, -5, -12
1128.1, -5, -12
1128.2, -5, -12
1128.3, -5, -12
1128.4, -5, -12
1128.5, -5, -12
1128.6, -5, -12
1128.7, -5, -12
1128.8, -5, -12
1128.9, -5, -12
1129, -5, -12
1129.1, -5, -12
1129.2, -5, -12
1129.3, -5, -12
1129.4, -5, -12
1129.5, -5, -12
1129.6, -5, -12
1129.7, -5, -12
1129.8, -5, -12
1129.9, -5, -12
1130, -5, -12
1130.1, -5, -12
1130.2, -5, -12
1130.3, -5, -12
1130.4, -5, -12
1130.5, -5, -12
1130.6, -5, -12
1130.7, -5, -12
1130.8, -5, -12
1130.9, -5, -12
1131, -5, -12
1131.1, -5, -11
1131.2, -5, -11
1131.3, -5, -11
1131.4, -5, -11
1131.5, -5, -11
1131.6, -5, -11
1131.7, -5, -11
1131.8, -5, -11
1131.9, -5, -11
1132, -5, -11
1132.1, -5, -10
1132.2, -5, -10
1132.3, -5, -10
1132.4, -5, -10
1132.5, -5, -10
1132.6, -5, -10
1132.7, -5, -10
1132.8, -5, -10
1132.9, -5, -10
1133, -5, -10
1133.1, -5, -10
1133.2, -5, -10
1133.3, -5, -10
1133.4, -5, -10
1133.5, -5, -10
1133.6, -5, -10
1133.7, -5, -10
1133.8, -5, -10
1133.9, -5, -10
1134, -5, -10
1134.1, -5, -10
1134.2, -5, -10
1134.3, -4, -10
1134.4, -4, -10
1134.5, -4, -10
1134.6, -4, -10
1134.7, -4, -10
1134.8, -4, -10
1134.9, -5, -10
1135, -5, -10
1135.1, -5, -10
1135.2, -5, -10
1135.3, -5, -10
1135.4, -5, -10
1135.5, -5, -10
1135.6, -5, -10
1135.7, -5, -10
1135.8, -5, -10
1135.9, -5, -10
1136, -5, -10
1136.1, -4, -10
1136.2, -4, -10
1136.3, -4, -10
1136.4, -4, -10
1136.5, -4, -10
1136.6, -4, -10
1136.7, -4, -10
1136.8, -4, -10
1136.9, -4, -10
1137, -4, -10
1137.1, -4, -10
1137.2, -4, -10
1137.3, -4, -10
1137.4, -4, -10
1137.5, -4, -10
1137.6, -4, -10
1137.7, -4, -10
1137.8, -4, -10
1137.9, -4, -10
1138, -4, -10
1138.1, -4, -9
1138.2, -4, -9
1138.3, -4, -9
1138.4, -4, -9
1138.5, -4, -9
1138.6, -4, -9
1138.7, -4, -9
1138.8, -4, -9
1138.9, -4, -9
1139, -4, -9
1139.1, -4, -9
1139.2, -4, -9
1139.3, -4, -9
1139.4, -4, -9
1139.5, -4, -9
1139.6, -4, -9
1139.7, -4, -9
1139.8, -4, -9
1139.9, -4, -9
1140, -4, -9
1140.1, -4, -9
1140.2, -4, -9
1140.3, -4, -9
1140.4, -4, -9
1140.5, -4, -9
1140.6, -4, -9
1140.7, -4, -9
1140.8, -4, -9
1140.9, -4, -9
1141, -4, -9
1141.1, -4, -9
1141.2, -4, -9
1141.3, -4, -9
1141.4, -4, -9
1141.5, -4, -9
1141.6, -4, -9
1141.7, -4, -9
1141.8, -4, -9
1141.9, -3, -9
1142, -3, -9
1142.1, -3, -9
1142.2, -3, -9
1142.3, -3, -9
1142.4, -3, -9
1142.5, -3, -9
1142.6, -3, -9
1142.7, -3, -9
1142.8, -3, -9
1142.9, -3, -9
1143, -3, -9
1143.1, -4, -9
1143.2, -4, -9
1143.3, -4, -9
1143.4, -4, -9
1143.5, -3, -9
1143.6, -3, -9
1143.7, -3, -9
1143.8, -3, -9
1143.9, -3, -9
1144, -3, -9
1144.1, -3, -9
1144.2, -3, -9
1144.3, -3, -9
1144.4, -3, -9
1144.5, -3, -9
1144.6, -3, -9
1144.7, -3, -9
1144.8, -3, -9
1144.9, -3, -9
1145, -3, -9
1145.1, -3, -9
1145.2, -3, -9
1145.3, -3, -9
1145.4, -3, -9
1145.5, -3, -9
1145.6, -3, -9
1145.7, -3, -9
1145.8, -3, -9
1145.9, -3, -9
1146, -3, -9
1146.1, -3, -9
1146.2, -3, -9
1146.3, -3, -9
1146.4, -3, -9
1146.5, -3, -9
1146.6, -3, -9
1146.7, -3, -9
1146.8, -3, -9
1146.9, -2, -9
1147, -2, -9
1147.1, -2, -9
1147.2, -2, -9
1147.3, -2, -9
1147.4, -2, -9
1147.5, -2, -9
1147.6, -2, -9
1147.7, -2, -9
1147.8, -2, -9
1147.9, -2, -9
1148, -2, -9
1148.1, -2, -9
1148.2, -2, -9
1148.3, -1, -9
1148.4, -1, -9
1148.5, -1, -9
1148.6, -1, -9
1148.7, -1, -9
1148.8, -1, -9
1148.9, -1, -9
1149, -1, -9
1149.1, -1, -9
1149.2, -1, -9
1149.3, -1, -9
1149.4, -1, -9
1149.5, -1, -9
1149.6, -1, -9
1149.7, -1, -9
1149.8, -1, -9
1149.9, -1, -9
1150, -1, -9
1150.1, -1, -9
1150.2, -1, -9
1150.3, -1, -9
1150.4, -1, -9
1150.5, 0, -9
1150.6, 0, -9
1150.7, 0, -8
1150.8, 0, -8
1150.9, 0, -8
1151, 0, -8
1151.1, 0, -8
1151.2, 0, -8
1151.3, 0, -8
1151.4, 0, -8
1151.5, 0, -8
1151.6, 0, -8
1151.7, 0, -8
1151.8, 0, -8
1151.9, -1, -8
1152, -1, -8
1152.1, -1, -8
1152.2, -1, -8
1152.3, -1, -7
1152.4, -1, -7
1152.5, -1, -7
1152.6, -1, -7
1152.7, -2, -7
1152.8, -2, -7
1152.9, -2, -7
1153, -2, -7
1153.1, -2, -6
1153.2, -2, -6
1153.3, -2, -6
1153.4, -2, -6
1153.5, -2, -6
1153.6, -2, -6
1153.7, -2, -6
1153.8, -2, -6
1153.9, -2, -6
1154, -2, -6
1154.1, -2, -6
1154.2, -2, -6
1154.3, -2, -6
1154.4, -2, -6
1154.5, -2, -6
1154.6, -2, -6
1154.7, -2, -6
1154.8, -2, -6
1154.9, -2, -6
1155, -2, -6
1155.1, -2, -6
1155.2, -2, -6
1155.3, -2, -6
1155.4, -2, -6
1155.5, -2, -6
1155.6, -2, -6
1155.7, -2, -6
1155.8, -2, -6
1155.9, -2, -6
1156, -2, -6
1156.1, -2, -6
1156.2, -2, -6
1156.3, -2, -5
1156.4, -2, -5
1156.5, -2, -5
1156.6, -2, -5
1156.7, -2, -4
1156.8, -2, -4
1156.9, -2, -4
1157, -2, -4
1157.1, -2, -4
1157.2, -2, -4
1157.3, -2, -5
1157.4, -2, -5
1157.5, -2, -5
1157.6, -2, -5
1157.7, -2, -5
1157.8, -2, -5
1157.9, -2, -5
1158, -2, -5
1158.1, -2, -5
1158.2, -2, -5
1158.3, -2, -5
1158.4, -2, -5
1158.5, -2, -5
1158.6, -2, -5
1158.7, -2, -5
1158.8, -2, -5
1158.9, -2, -5
1159, -2, -5
1159.1, -2, -5
1159.2, -2, -5
1159.3, -3, -5
1159.4, -3, -5
1159.5, -3, -5
1159.6, -3, -5
1159.7, -3, -5
1159.8, -3, -5
1159.9, -3, -5
1160, -3, -5
1160.1, -3, -5
1160.2, -3, -5
1160.3, -3, -5
1160.4, -3, -5
1160.5, -3, -5
1160.6, -3, -5
1160.7, -3, -5
1160.8, -3, -5
1160.9, -3, -5
1161, -3, -5
1161.1, -4, -5
1161.2, -4, -5
1161.3, -4, -5
1161.4, -4, -5
1161.5, -4, -5
1161.6, -4, -5
1161.7, -4, -5
1161.8, -4, -5
1161.9, -4, -5
1162, -4, -5
1162.1, -4, -5
1162.2, -4, -5
1162.3, -4, -5
1162.4, -4, -5
1162.5, -4, -5
1162.6, -4, -5
1162.7, -4, -5
1162.8, -4, -5
1162.9, -4, -5
1163, -4, -5
1163.1, -4, -5
1163.2, -4, -5
1163.3, -4, -5
1163.4, -4, -5
1163.5, -4, -5
1163.6, -4, -5
1163.7, -4, -5
1163.8, -4, -5
1163.9, -4, -5
1164, -4, -5
1164.1, -4, -5
1164.2, -4, -5
1164.3, -3, -5
1164.4, -3, -5
1164.5, -3, -5
1164.6, -3, -5
1164.7, -3, -5
1164.8, -3, -5
1164.9, -3, -5
1165, -3, -5
1165.1, -3, -5
1165.2, -3, -5
1165.3, -3, -5
1165.4, -3, -5
1165.5, -3, -5
1165.6, -3, -5
1165.7, -3, -5
1165.8, -3, -5
1165.9, -3, -5
1166, -3, -5
1166.1, -3, -4
1166.2, -3, -4
1166.3, -3, -4
1166.4, -3, -4
1166.5, -3, -4
1166.6, -3, -4
1166.7, -3, -4
1166.8, -3, -4
1166.9, -3, -4
1167, -3, -4
1167.1, -3, -4
1167.2, -3, -4
1167.3, -3, -4
1167.4, -3, -4
1167.5, -3, -4
1167.6, -3, -4
1167.7, -3, -4
1167.8, -3, -4
1167.9, -3, -4
1168, -3, -4
1168.1, -3, -4
1168.2, -3, -4
1168.3, -3, -4
1168.4, -3, -4
1168.5, -3, -4
1168.6, -3, -4
1168.7, -3, -4
1168.8, -3, -4
1168.9, -3, -4
1169, -3, -4
1169.1, -3, -4
1169.2, -3, -4
1169.3, -3, -4
1169.4, -3, -4
1169.5, -3, -4
1169.6, -3, -4
1169.7, -3, -4
1169.8, -3, -4
1169.9, -3, -4
1170, -3, -4
1170.1, -2, -4
1170.2, -2, -4
1170.3, -2, -4
1170.4, -2, -4
1170.5, -2, -4
1170.6, -2, -4
1170.7, -2, -4
1170.8, -2, -4
1170.9, -2, -4
1171, -2, -4
1171.1, -2, -4
1171.2, -2, -4
1171.3, -2, -4
1171.4, -2, -4
1171.5, -2, -4
1171.6, -2, -4
1171.7, -2, -4
1171.8, -2, -4
1171.9, -2, -4
1172, -2, -4
1172.1, -2, -4
1172.2, -2, -4
1172.3, -2, -4
1172.4, -2, -4
1172.5, -2, -4
1172.6, -2, -4
1172.7, -2, -4
1172.8, -2, -4
1172.9, -2, -4
1173, -2, -4
1173.1, -2, -4
1173.2, -2, -4
1173.3, -2, -4
1173.4, -2, -4
1173.5, -2, -4
1173.6, -2, -4
1173.7, -2, -4
1173.8, -2, -4
1173.9, -2, -4
1174, -2, -4
1174.1, -2, -4
1174.2, -2, -4
1174.3, -2, -4
1174.4, -2, -4
1174.5, -2, -4
1174.6, -2, -4
1174.7, -2, -4
1174.8, -2, -4
1174.9, -2, -4
1175, -2, -4
1175.1, -2, -4
1175.2, -2, -4
1175.3, -2, -4
1175.4, -2, -4
1175.5, -2, -4
1175.6, -2, -4
1175.7, -2, -4
1175.8, -2, -4
1175.9, -2, -4
1176, -2, -4
1176.1, -2, -4
1176.2, -2, -4
1176.3, -2, -4
1176.4, -2, -4
1176.5, -2, -4
1176.6, -2, -4
1176.7, -2, -4
1176.8, -2, -4
1176.9, -2, -4
1177, -2, -4
1177.1, -2, -4
1177.2, -2, -4
1177.3, -2, -4
1177.4, -2, -4
1177.5, -2, -4
1177.6, -2, -4
1177.7, -2, -4
1177.8, -2, -4
1177.9, -2, -4
1178, -2, -4
1178.1, -2, -4
1178.2, -2, -4
1178.3, -2, -4
1178.4, -2, -4
1178.5, -2, -4
1178.6, -2, -4
1178.7, -2, -4
1178.8, -2, -4
1178.9, -2, -4
1179, -2, -4
1179.1, -2, -4
1179.2, -2, -4
1179.3, -2, -4
1179.4, -2, -4
1179.5, -2, -4
1179.6, -2, -4
1179.7, -2, -4
1179.8, -2, -4
1179.9, -2, -4
1180, -2, -4
1180.1, -2, -4
1180.2, -2, -4
1180.3, -2, -4
1180.4, -2, -4
1180.5, -3, -4
1180.6, -3, -4
1180.7, -3, -4
1180.8, -3, -4
1180.9, -3, -4
1181, -3, -4
1181.1, -3, -4
1181.2, -3, -4
1181.3, -3, -4
1181.4, -3, -4
1181.5, -3, -5
1181.6, -3, -5
1181.7, -3, -5
1181.8, -3, -5
1181.9, -3, -5
1182, -3, -5
1182.1, -3, -5
1182.2, -3, -5
1182.3, -3, -5
1182.4, -3, -5
1182.5, -3, -5
1182.6, -3, -5
1182.7, -3, -5
1182.8, -3, -5
1182.9, -3, -5
1183, -3, -5
1183.1, -3, -5
1183.2, -3, -5
1183.3, -3, -5
1183.4, -3, -5
1183.5, -3, -4
1183.6, -3, -4
1183.7, -3, -4
1183.8, -3, -4
1183.9, -3, -4
1184, -3, -4
1184.1, -3, -4
1184.2, -3, -4
1184.3, -3, -4
1184.4, -3, -4
1184.5, -3, -4
1184.6, -3, -4
1184.7, -3, -4
1184.8, -3, -4
1184.9, -3, -4
1185, -3, -4
1185.1, -3, -4
1185.2, -3, -4
1185.3, -3, -4
1185.4, -3, -4
1185.5, -3, -4
1185.6, -3, -4
1185.7, -3, -4
1185.8, -3, -4
1185.9, -3, -4
1186, -3, -4
1186.1, -3, -4
1186.2, -3, -4
1186.3, -3, -4
1186.4, -3, -4
1186.5, -3, -4
1186.6, -3, -4
1186.7, -3, -4
1186.8, -3, -4
1186.9, -3, -4
1187, -3, -4
1187.1, -3, -4
1187.2, -3, -4
1187.3, -3, -4
1187.4, -3, -4
1187.5, -3, -4
1187.6, -3, -4
1187.7, -3, -4
1187.8, -3, -4
1187.9, -3, -4
1188, -3, -4
1188.1, -3, -4
1188.2, -3, -4
1188.3, -3, -4
1188.4, -3, -4
1188.5, -3, -4
1188.6, -3, -4
1188.7, -3, -4
1188.8, -3, -4
1188.9, -3, -4
1189, -3, -4
1189.1, -3, -4
1189.2, -3, -4
1189.3, -3, -5
1189.4, -3, -5
1189.5, -3, -5
1189.6, -3, -5
1189.7, -2, -5
1189.8, -2, -5
1189.9, -2, -5
1190, -2, -5
1190.1, -2, -5
1190.2, -2, -5
1190.3, -2, -5
1190.4, -2, -5
1190.5, -2, -5
1190.6, -2, -5
1190.7, -2, -5
1190.8, -2, -5
1190.9, -2, -5
1191, -2, -5
1191.1, -2, -5
1191.2, -2, -5
1191.3, -2, -5
1191.4, -2, -5
1191.5, -2, -5
1191.6, -2, -5
1191.7, -2, -5
1191.8, -2, -5
1191.9, -2, -5
1192, -2, -5
1192.1, -2, -5
1192.2, -2, -5
1192.3, -2, -5
1192.4, -2, -5
1192.5, -2, -5
1192.6, -2, -5
1192.7, -2, -5
1192.8, -2, -5
1192.9, -2, -5
1193, -2, -5
1193.1, -2, -5
1193.2, -2, -5
1193.3, -2, -5
1193.4, -2, -5
1193.5, -2, -5
1193.6, -2, -5
1193.7, -2, -5
1193.8, -2, -5
1193.9, -2, -5
1194, -2, -5
1194.1, -2, -5
1194.2, -2, -5
1194.3, -2, -5
1194.4, -2, -5
1194.5, -3, -5
1194.6, -3, -5
1194.7, -3, -5
1194.8, -3, -5
1194.9, -3, -5
1195, -3, -5
1195.1, -3, -6
1195.2, -3, -6
1195.3, -3, -6
1195.4, -3, -6
1195.5, -3, -6
1195.6, -3, -6
1195.7, -3, -6
1195.8, -3, -6
1195.9, -3, -6
1196, -3, -6
1196.1, -3, -6
1196.2, -3, -6
1196.3, -3, -6
1196.4, -3, -6
1196.5, -3, -6
1196.6, -3, -6
1196.7, -3, -7
1196.8, -3, -7
1196.9, -3, -7
1197, -3, -7
1197.1, -3, -7
1197.2, -3, -7
1197.3, -3, -7
1197.4, -3, -7
1197.5, -3, -7
1197.6, -3, -7
1197.7, -3, -7
1197.8, -3, -7
1197.9, -3, -7
1198, -3, -7
1198.1, -3, -7
1198.2, -3, -7
1198.3, -3, -7
1198.4, -3, -7
1198.5, -3, -7
1198.6, -3, -7
1198.7, -3, -7
1198.8, -3, -7
1198.9, -3, -7
1199, -3, -7
1199.1, -3, -7
1199.2, -3, -7
1199.3, -3, -7
1199.4, -3, -7
1199.5, -3, -7
1199.6, -3, -7
1199.7, -3, -7
1199.8, -3, -7
1199.9, -3, -7
1200, -3, -7
1200.1, -3, -7
1200.2, -3, -7
1200.3, -3, -7
1200.4, -3, -7
1200.5, -3, -7
1200.6, -3, -7
1200.7, -3, -7
1200.8, -3, -7
1200.9, -3, -7
1201, -3, -7
1201.1, -3, -7
1201.2, -3, -7
1201.3, -3, -7
1201.4, -3, -7
1201.5, -3, -7
1201.6, -3, -7
1201.7, -3, -7
1201.8, -3, -7
1201.9, -3, -7
1202, -3, -7
1202.1, -3, -7
1202.2, -3, -7
1202.3, -3, -7
1202.4, -3, -7
1202.5, -3, -7
1202.6, -3, -7
1202.7, -3, -7
1202.8, -3, -7
1202.9, -3, -7
1203, -3, -7
1203.1, -2, -7
1203.2, -2, -7
1203.3, -3, -7
1203.4, -3, -7
1203.5, -3, -7
1203.6, -3, -7
1203.7, -3, -7
1203.8, -3, -7
1203.9, -3, -7
1204, -3, -7
1204.1, -3, -7
1204.2, -3, -7
1204.3, -3, -7
1204.4, -3, -7
1204.5, -3, -7
1204.6, -3, -7
1204.7, -3, -7
1204.8, -3, -7
1204.9, -3, -6
1205, -3, -6
1205.1, -3, -6
1205.2, -3, -6
1205.3, -3, -6
1205.4, -3, -6
1205.5, -3, -6
1205.6, -3, -6
1205.7, -3, -6
1205.8, -3, -6
1205.9, -3, -6
1206, -3, -6
1206.1, -3, -6
1206.2, -3, -6
1206.3, -3, -6
1206.4, -3, -6
1206.5, -3, -6
1206.6, -3, -6
1206.7, -3, -6
1206.8, -3, -6
1206.9, -3, -6
1207, -3, -6
1207.1, -3, -6
1207.2, -3, -6
1207.3, -3, -6
1207.4, -3, -6
1207.5, -3, -6
1207.6, -3, -6
1207.7, -3, -6
1207.8, -3, -6
1207.9, -3, -6
1208, -3, -6
1208.1, -3, -6
1208.2, -3, -6
1208.3, -3, -6
1208.4, -3, -6
1208.5, -3, -6
1208.6, -3, -6
1208.7, -3, -6
1208.8, -3, -6
1208.9, -3, -6
1209, -3, -6
1209.1, -3, -6
1209.2, -3, -6
1209.3, -3, -6
1209.4, -3, -6
1209.5, -3, -6
1209.6, -3, -6
1209.7, -3, -6
1209.8, -3, -6
1209.9, -3, -6
1210, -3, -6
1210.1, -3, -6
1210.2, -3, -6
1210.3, -3, -6
1210.4, -3, -6
1210.5, -3, -6
1210.6, -3, -6
1210.7, -3, -6
1210.8, -3, -6
1210.9, -3, -6
1211, -3, -6
1211.1, -3, -6
1211.2, -3, -6
1211.3, -4, -6
1211.4, -4, -6
1211.5, -4, -6
1211.6, -4, -6
1211.7, -4, -6
1211.8, -4, -6
1211.9, -4, -6
1212, -4, -6
1212.1, -4, -6
1212.2, -4, -6
1212.3, -4, -6
1212.4, -4, -6
1212.5, -4, -6
1212.6, -4, -6
1212.7, -4, -6
1212.8, -4, -6
1212.9, -4, -6
1213, -4, -6
1213.1, -4, -6
1213.2, -4, -6
1213.3, -4, -6
1213.4, -4, -6
1213.5, -4, -6
1213.6, -4, -6
1213.7, -4, -6
1213.8, -4, -6
1213.9, -4, -6
1214, -4, -6
1214.1, -3, -6
1214.2, -3, -6
1214.3, -3, -6
1214.4, -3, -6
1214.5, -3, -6
1214.6, -3, -6
1214.7, -3, -6
1214.8, -3, -6
1214.9, -3, -6
1215, -3, -6
1215.1, -3, -6
1215.2, -3, -6
1215.3, -3, -6
1215.4, -3, -6
1215.5, -3, -7
1215.6, -3, -7
1215.7, -3, -7
1215.8, -3, -7
1215.9, -3, -7
1216, -3, -7
1216.1, -3, -7
1216.2, -3, -7
1216.3, -3, -7
1216.4, -3, -7
1216.5, -3, -7
1216.6, -3, -7
1216.7, -3, -7
1216.8, -3, -7
1216.9, -4, -7
1217, -4, -7
1217.1, -4, -7
1217.2, -4, -7
1217.3, -4, -7
1217.4, -4, -7
1217.5, -4, -7
1217.6, -4, -7
1217.7, -4, -7
1217.8, -4, -7
1217.9, -4, -7
1218, -4, -7
1218.1, -4, -7
1218.2, -4, -7
1218.3, -4, -7
1218.4, -4, -7
1218.5, -4, -7
1218.6, -4, -7
1218.7, -4, -7
1218.8, -4, -7
1218.9, -4, -7
1219, -4, -7
1219.1, -4, -7
1219.2, -4, -7
1219.3, -4, -7
1219.4, -4, -7
1219.5, -4, -7
1219.6, -4, -7
1219.7, -4, -7
1219.8, -4, -7
1219.9, -4, -7
1220, -4, -7
1220.1, -4, -7
1220.2, -4, -7
1220.3, -4, -7
1220.4, -4, -7
1220.5, -4, -7
1220.6, -4, -7
1220.7, -4, -7
1220.8, -4, -7
1220.9, -4, -7
1221, -4, -7
1221.1, -4, -7
1221.2, -4, -7
1221.3, -4, -7
1221.4, -4, -7
1221.5, -4, -7
1221.6, -4, -7
1221.7, -4, -7
1221.8, -4, -7
1221.9, -4, -7
1222, -4, -7
1222.1, -4, -7
1222.2, -4, -7
1222.3, -4, -7
1222.4, -4, -7
1222.5, -4, -7
1222.6, -4, -7
1222.7, -4, -7
1222.8, -4, -7
1222.9, -4, -7
1223, -4, -7
1223.1, -4, -7
1223.2, -4, -7
1223.3, -4, -7
1223.4, -4, -7
1223.5, -5, -7
1223.6, -5, -7
1223.7, -5, -7
1223.8, -5, -7
1223.9, -5, -7
1224, -5, -7
1224.1, -5, -7
1224.2, -5, -7
1224.3, -5, -7
1224.4, -5, -7
1224.5, -5, -7
1224.6, -5, -7
1224.7, -5, -7
1224.8, -5, -7
1224.9, -5, -7
1225, -5, -7
1225.1, -5, -7
1225.2, -5, -7
1225.3, -5, -7
1225.4, -5, -7
1225.5, -5, -7
1225.6, -5, -7
1225.7, -5, -7
1225.8, -5, -7
1225.9, -5, -7
1226, -5, -7
1226.1, -5, -7
1226.2, -5, -7
1226.3, -5, -7
1226.4, -5, -7
1226.5, -5, -7
1226.6, -5, -7
1226.7, -5, -7
1226.8, -5, -7
1226.9, -5, -7
1227, -5, -7
1227.1, -5, -7
1227.2, -5, -7
1227.3, -5, -8
1227.4, -5, -8
1227.5, -5, -8
1227.6, -5, -8
1227.7, -5, -8
1227.8, -5, -8
1227.9, -5, -8
1228, -5, -8
1228.1, -5, -8
1228.2, -5, -8
1228.3, -5, -8
1228.4, -5, -8
1228.5, -5, -8
1228.6, -5, -8
1228.7, -5, -8
1228.8, -5, -8
1228.9, -5, -8
1229, -5, -8
1229.1, -5, -8
1229.2, -5, -8
1229.3, -5, -8
1229.4, -5, -8
1229.5, -5, -8
1229.6, -5, -8
1229.7, -5, -8
1229.8, -5, -8
1229.9, -5, -8
1230, -5, -8
1230.1, -5, -8
1230.2, -5, -8
1230.3, -5, -8
1230.4, -5, -8
1230.5, -5, -8
1230.6, -5, -8
1230.7, -5, -8
1230.8, -5, -8
1230.9, -5, -8
1231, -5, -8
1231.1, -5, -8
1231.2, -5, -8
1231.3, -5, -8
1231.4, -5, -8
1231.5, -5, -8
1231.6, -5, -8
1231.7, -5, -8
1231.8, -5, -8
1231.9, -5, -8
1232, -5, -8
1232.1, -5, -8
1232.2, -5, -8
1232.3, -5, -8
1232.4, -5, -8
1232.5, -5, -8
1232.6, -5, -8
1232.7, -5, -8
1232.8, -5, -8
1232.9, -5, -8
1233, -5, -8
1233.1, -5, -8
1233.2, -5, -8
1233.3, -5, -8
1233.4, -5, -8
1233.5, -5, -8
1233.6, -5, -8
1233.7, -5, -8
1233.8, -5, -8
1233.9, -5, -8
1234, -5, -8
1234.1, -6, -8
1234.2, -6, -8
1234.3, -6, -8
1234.4, -6, -8
1234.5, -6, -8
1234.6, -6, -8
1234.7, -6, -8
1234.8, -6, -8
1234.9, -6, -8
1235, -6, -8
1235.1, -6, -8
1235.2, -6, -8
1235.3, -6, -8
1235.4, -6, -8
1235.5, -6, -8
1235.6, -6, -8
1235.7, -6, -8
1235.8, -6, -8
1235.9, -5, -8
1236, -5, -8
1236.1, -5, -8
1236.2, -5, -8
1236.3, -5, -8
1236.4, -5, -8
1236.5, -5, -8
1236.6, -5, -8
1236.7, -5, -7
1236.8, -5, -7
1236.9, -5, -7
1237, -5, -7
1237.1, -5, -7
1237.2, -5, -7
1237.3, -5, -7
1237.4, -5, -7
1237.5, -5, -7
1237.6, -5, -7
1237.7, -5, -7
1237.8, -5, -7
1237.9, -5, -7
1238, -5, -7
1238.1, -5, -7
1238.2, -5, -7
1238.3, -5, -7
1238.4, -5, -7
1238.5, -5, -7
1238.6, -5, -7
1238.7, -5, -7
1238.8, -5, -7
1238.9, -5, -7
1239, -5, -7
1239.1, -5, -7
1239.2, -5, -7
1239.3, -5, -7
1239.4, -5, -7
1239.5, -5, -7
1239.6, -5, -7
1239.7, -5, -7
1239.8, -5, -7
1239.9, -5, -7
1240, -5, -7
1240.1, -5, -7
1240.2, -5, -7
1240.3, -5, -7
1240.4, -5, -7
1240.5, -5, -7
1240.6, -5, -7
1240.7, -5, -7
1240.8, -5, -7
1240.9, -5, -7
1241, -5, -7
1241.1, -5, -7
1241.2, -5, -7
1241.3, -5, -7
1241.4, -5, -7
1241.5, -5, -7
1241.6, -5, -7
1241.7, -5, -7
1241.8, -5, -7
1241.9, -5, -7
1242, -5, -7
1242.1, -5, -7
1242.2, -5, -7
1242.3, -5, -7
1242.4, -5, -7
1242.5, -5, -7
1242.6, -5, -7
1242.7, -5, -7
1242.8, -5, -7
1242.9, -5, -7
1243, -5, -7
1243.1, -5, -7
1243.2, -5, -7
1243.3, -5, -7
1243.4, -5, -7
1243.5, -5, -7
1243.6, -5, -7
1243.7, -5, -7
1243.8, -5, -7
1243.9, -5, -7
1244, -5, -7
1244.1, -5, -7
1244.2, -5, -7
1244.3, -5, -7
1244.4, -5, -7
1244.5, -5, -7
1244.6, -5, -7
1244.7, -5, -7
1244.8, -5, -7
1244.9, -5, -7
1245, -5, -7
1245.1, -5, -7
1245.2, -5, -7
1245.3, -5, -7
1245.4, -5, -7
1245.5, -5, -6
1245.6, -5, -6
1245.7, -5, -6
1245.8, -5, -6
1245.9, -5, -6
1246, -5, -6
1246.1, -5, -6
1246.2, -5, -6
1246.3, -5, -6
1246.4, -5, -6
1246.5, -5, -6
1246.6, -5, -6
1246.7, -5, -6
1246.8, -5, -6
1246.9, -5, -6
1247, -5, -6
1247.1, -5, -6
1247.2, -5, -6
1247.3, -5, -6
1247.4, -5, -6
1247.5, -5, -6
1247.6, -5, -6
1247.7, -5, -6
1247.8, -5, -6
1247.9, -5, -6
1248, -5, -6
1248.1, -5, -6
1248.2, -5, -6
1248.3, -5, -6
1248.4, -5, -6
1248.5, -5, -6
1248.6, -5, -6
1248.7, -5, -6
1248.8, -5, -6
1248.9, -5, -6
1249, -5, -6
1249.1, -4, -6
1249.2, -4, -6
1249.3, -4, -6
1249.4, -4, -6
1249.5, -4, -6
1249.6, -4, -6
1249.7, -4, -6
1249.8, -4, -6
1249.9, -4, -6
1250, -4, -6
1250.1, -4, -6
1250.2, -4, -6
1250.3, -4, -6
1250.4, -4, -6
1250.5, -4, -6
1250.6, -4, -6
1250.7, -4, -6
1250.8, -4, -6
1250.9, -4, -6
1251, -4, -6
1251.1, -4, -5
1251.2, -4, -5
1251.3, -4, -5
1251.4, -4, -5
1251.5, -3, -5
1251.6, -3, -5
1251.7, -3, -5
1251.8, -3, -5
1251.9, -3, -5
1252, -3, -5
1252.1, -3, -5
1252.2, -3, -5
1252.3, -3, -5
1252.4, -3, -5
1252.5, -3, -5
1252.6, -3, -5
1252.7, -3, -5
1252.8, -3, -5
1252.9, -3, -5
1253, -3, -5
1253.1, -3, -5
1253.2, -3, -5
1253.3, -3, -5
1253.4, -3, -5
1253.5, -2, -5
1253.6, -2, -5
1253.7, -2, -5
1253.8, -2, -5
1253.9, -2, -5
1254, -2, -5
1254.1, -2, -5
1254.2, -2, -5
1254.3, -2, -5
1254.4, -2, -5
1254.5, -3, -5
1254.6, -3, -5
1254.7, -3, -5
1254.8, -3, -5
1254.9, -3, -5
1255, -3, -5
1255.1, -3, -5
1255.2, -3, -5
1255.3, -3, -5
1255.4, -3, -5
1255.5, -2, -5
1255.6, -2, -5
1255.7, -2, -5
1255.8, -2, -5
1255.9, -2, -5
1256, -2, -5
1256.1, -2, -5
1256.2, -2, -5
1256.3, -2, -5
1256.4, -2, -5
1256.5, -2, -5
1256.6, -2, -5
1256.7, -2, -5
1256.8, -2, -5
1256.9, -2, -5
1257, -2, -5
1257.1, -2, -5
1257.2, -2, -5
1257.3, -2, -5
1257.4, -2, -5
1257.5, -2, -5
1257.6, -2, -5
1257.7, -2, -6
1257.8, -2, -6
1257.9, -2, -6
1258, -2, -6
1258.1, -2, -6
1258.2, -2, -6
1258.3, -2, -6
1258.4, -2, -6
1258.5, -2, -6
1258.6, -2, -6
1258.7, -2, -6
1258.8, -2, -6
1258.9, -2, -6
1259, -2, -6
1259.1, -2, -6
1259.2, -2, -6
1259.3, -2, -6
1259.4, -2, -6
1259.5, -2, -6
1259.6, -2, -6
1259.7, -2, -6
1259.8, -2, -6
1259.9, -2, -6
1260, -2, -6
1260.1, -2, -5
1260.2, -2, -5
1260.3, -2, -5
1260.4, -2, -5
1260.5, -2, -5
1260.6, -2, -5
1260.7, -2, -5
1260.8, -2, -5
1260.9, -2, -5
1261, -2, -5
1261.1, -2, -5
1261.2, -2, -5
1261.3, -2, -5
1261.4, -2, -5
1261.5, -2, -5
1261.6, -2, -5
1261.7, -2, -5
1261.8, -2, -5
1261.9, -2, -5
1262, -2, -5
1262.1, -2, -5
1262.2, -2, -5
1262.3, -2, -5
1262.4, -2, -5
1262.5, -2, -5
1262.6, -2, -5
1262.7, -2, -5
1262.8, -2, -5
1262.9, -2, -5
1263, -2, -5
1263.1, -2, -5
1263.2, -2, -5
1263.3, -2, -5
1263.4, -2, -5
1263.5, -2, -5
1263.6, -2, -5
1263.7, -2, -5
1263.8, -2, -5
1263.9, -2, -5
1264, -2, -5
1264.1, -2, -5
1264.2, -2, -5
1264.3, -2, -5
1264.4, -2, -5
1264.5, -2, -5
1264.6, -2, -5
1264.7, -2, -5
1264.8, -2, -5
1264.9, -2, -5
1265, -2, -5
1265.1, -2, -5
1265.2, -2, -5
1265.3, -2, -5
1265.4, -2, -5
1265.5, -2, -5
1265.6, -2, -5
1265.7, -1, -5
1265.8, -1, -5
1265.9, -1, -5
1266, -1, -5
1266.1, -1, -6
1266.2, -1, -6
1266.3, -1, -6
1266.4, -1, -6
1266.5, -2, -6
1266.6, -2, -6
1266.7, -2, -6
1266.8, -2, -6
1266.9, -2, -6
1267, -2, -6
1267.1, -2, -5
1267.2, -2, -5
1267.3, -2, -5
1267.4, -2, -5
1267.5, -2, -5
1267.6, -2, -5
1267.7, -3, -5
1267.8, -3, -5
1267.9, -3, -5
1268, -3, -5
1268.1, -3, -5
1268.2, -3, -5
1268.3, -3, -5
1268.4, -3, -5
1268.5, -3, -5
1268.6, -3, -5
1268.7, -3, -5
1268.8, -3, -5
1268.9, -3, -5
1269, -3, -5
1269.1, -3, -5
1269.2, -3, -5
1269.3, -3, -5
1269.4, -3, -5
1269.5, -3, -5
1269.6, -3, -5
1269.7, -3, -5
1269.8, -3, -5
1269.9, -3, -5
1270, -3, -5
1270.1, -3, -5
1270.2, -3, -5
1270.3, -3, -5
1270.4, -3, -5
1270.5, -3, -5
1270.6, -3, -5
1270.7, -3, -5
1270.8, -3, -5
1270.9, -3, -5
1271, -3, -5
1271.1, -3, -5
1271.2, -3, -5
1271.3, -3, -5
1271.4, -3, -5
1271.5, -3, -5
1271.6, -3, -5
1271.7, -3, -5
1271.8, -3, -5
1271.9, -3, -5
1272, -3, -5
1272.1, -3, -5
1272.2, -3, -5
1272.3, -3, -5
1272.4, -3, -5
1272.5, -3, -5
1272.6, -3, -5
1272.7, -3, -5
1272.8, -3, -5
1272.9, -3, -5
1273, -3, -5
1273.1, -3, -5
1273.2, -3, -5
1273.3, -3, -5
1273.4, -3, -5
1273.5, -3, -5
1273.6, -3, -5
1273.7, -3, -6
1273.8, -3, -6
1273.9, -3, -6
1274, -3, -6
1274.1, -3, -6
1274.2, -3, -6
1274.3, -3, -6
1274.4, -3, -6
1274.5, -3, -6
1274.6, -3, -6
1274.7, -3, -6
1274.8, -3, -6
1274.9, -4, -6
1275, -4, -6
1275.1, -4, -6
1275.2, -4, -6
1275.3, -4, -6
1275.4, -4, -6
1275.5, -4, -6
1275.6, -4, -6
1275.7, -4, -6
1275.8, -4, -6
1275.9, -4, -6
1276, -4, -6
1276.1, -4, -6
1276.2, -4, -6
1276.3, -4, -6
1276.4, -4, -6
1276.5, -4, -6
1276.6, -4, -6
1276.7, -4, -6
1276.8, -4, -6
1276.9, -4, -6
1277, -4, -6
1277.1, -5, -6
1277.2, -5, -6
1277.3, -5, -6
1277.4, -5, -6
1277.5, -5, -6
1277.6, -5, -6
1277.7, -5, -6
1277.8, -5, -6
1277.9, -5, -6
1278, -5, -6
1278.1, -5, -6
1278.2, -5, -6
1278.3, -5, -6
1278.4, -5, -6
1278.5, -5, -6
1278.6, -5, -6
1278.7, -5, -6
1278.8, -5, -6
1278.9, -5, -6
1279, -5, -6
1279.1, -6, -6
1279.2, -6, -6
1279.3, -6, -6
1279.4, -6, -6
1279.5, -6, -6
1279.6, -6, -6
1279.7, -6, -6
1279.8, -6, -6
1279.9, -6, -6
1280, -6, -6
1280.1, -6, -6
1280.2, -6, -6
1280.3, -7, -6
1280.4, -7, -6
1280.5, -7, -6
1280.6, -7, -6
1280.7, -7, -6
1280.8, -7, -6
1280.9, -7, -6
1281, -7, -6
1281.1, -7, -6
1281.2, -7, -6
1281.3, -7, -6
1281.4, -7, -6
1281.5, -7, -6
1281.6, -7, -6
1281.7, -7, -6
1281.8, -7, -6
1281.9, -7, -6
1282, -7, -6
1282.1, -7, -6
1282.2, -7, -6
1282.3, -7, -6
1282.4, -7, -6
1282.5, -7, -5
1282.6, -7, -5
1282.7, -7, -5
1282.8, -7, -5
1282.9, -7, -5
1283, -7, -5
1283.1, -7, -5
1283.2, -7, -5
1283.3, -7, -4
1283.4, -7, -4
1283.5, -7, -4
1283.6, -7, -4
1283.7, -7, -4
1283.8, -7, -4
1283.9, -7, -4
1284, -7, -4
1284.1, -7, -4
1284.2, -7, -4
1284.3, -7, -4
1284.4, -7, -4
1284.5, -7, -4
1284.6, -7, -4
1284.7, -7, -4
1284.8, -7, -4
1284.9, -7, -4
1285, -7, -4
1285.1, -7, -4
1285.2, -7, -4
1285.3, -7, -4
1285.4, -7, -4
1285.5, -7, -4
1285.6, -7, -4
1285.7, -7, -4
1285.8, -7, -4
1285.9, -7, -4
1286, -7, -4
1286.1, -7, -4
1286.2, -7, -4
1286.3, -7, -4
1286.4, -7, -4
1286.5, -7, -4
1286.6, -7, -4
1286.7, -7, -4
1286.8, -7, -4
1286.9, -7, -4
1287, -7, -4
1287.1, -7, -4
1287.2, -7, -4
1287.3, -7, -4
1287.4, -7, -4
1287.5, -7, -4
1287.6, -7, -4
1287.7, -7, -4
1287.8, -7, -4
1287.9, -7, -4
1288, -7, -4
1288.1, -7, -4
1288.2, -7, -4
1288.3, -7, -4
1288.4, -7, -4
1288.5, -7, -4
1288.6, -7, -4
1288.7, -7, -4
1288.8, -7, -4
1288.9, -7, -4
1289, -7, -4
1289.1, -7, -4
1289.2, -7, -4
1289.3, -7, -4
1289.4, -7, -4
1289.5, -7, -4
1289.6, -7, -4
1289.7, -7, -4
1289.8, -7, -4
1289.9, -7, -4
1290, -7, -4
1290.1, -7, -4
1290.2, -7, -4
1290.3, -7, -4
1290.4, -7, -4
1290.5, -6, -4
1290.6, -6, -4
1290.7, -6, -4
1290.8, -6, -4
1290.9, -6, -4
1291, -6, -4
1291.1, -6, -4
1291.2, -6, -4
1291.3, -6, -4
1291.4, -6, -4
1291.5, -6, -4
1291.6, -6, -4
1291.7, -6, -4
1291.8, -6, -4
1291.9, -6, -4
1292, -6, -4
1292.1, -6, -4
1292.2, -6, -4
1292.3, -6, -4
1292.4, -6, -4
1292.5, -6, -4
1292.6, -6, -4
1292.7, -6, -4
1292.8, -6, -4
1292.9, -6, -4
1293, -6, -4
1293.1, -6, -4
1293.2, -6, -4
1293.3, -6, -4
1293.4, -6, -4
1293.5, -6, -4
1293.6, -6, -4
1293.7, -6, -3
1293.8, -6, -3
1293.9, -6, -3
1294, -6, -3
1294.1, -6, -3
1294.2, -6, -3
1294.3, -5, -3
1294.4, -5, -3
1294.5, -5, -3
1294.6, -5, -3
1294.7, -5, -3
1294.8, -5, -3
1294.9, -5, -3
1295, -5, -3
1295.1, -5, -3
1295.2, -5, -3
1295.3, -5, -3
1295.4, -5, -3
1295.5, -5, -3
1295.6, -5, -3
1295.7, -5, -3
1295.8, -5, -3
1295.9, -5, -3
1296, -5, -3
1296.1, -5, -3
1296.2, -5, -3
1296.3, -5, -3
1296.4, -5, -3
1296.5, -5, -3
1296.6, -5, -3
1296.7, -5, -3
1296.8, -5, -3
1296.9, -5, -3
1297, -5, -3
1297.1, -5, -3
1297.2, -5, -3
1297.3, -5, -3
1297.4, -5, -3
1297.5, -5, -3
1297.6, -5, -3
1297.7, -5, -3
1297.8, -5, -3
1297.9, -5, -3
1298, -5, -3
1298.1, -5, -3
1298.2, -5, -3
1298.3, -5, -3
1298.4, -5, -3
1298.5, -5, -3
1298.6, -5, -3
1298.7, -5, -3
1298.8, -5, -3
1298.9, -5, -3
1299, -5, -3
1299.1, -5, -3
1299.2, -5, -3
1299.3, -5, -3
1299.4, -5, -3
1299.5, -5, -3
1299.6, -5, -3
1299.7, -5, -3
1299.8, -5, -3
1299.9, -6, -3
1300, -6, -3
1300.1, -6, -3
1300.2, -6, -3
1300.3, -6, -3
1300.4, -6, -3
1300.5, -6, -3
1300.6, -6, -3
1300.7, -6, -3
1300.8, -6, -3
1300.9, -6, -3
1301, -6, -3
1301.1, -6, -3
1301.2, -6, -3
1301.3, -6, -3
1301.4, -6, -3
1301.5, -6, -3
1301.6, -6, -3
1301.7, -6, -3
1301.8, -6, -3
1301.9, -6, -3
1302, -6, -3
1302.1, -6, -3
1302.2, -6, -3
1302.3, -6, -3
1302.4, -6, -3
1302.5, -6, -3
1302.6, -6, -3
1302.7, -6, -3
1302.8, -6, -3
1302.9, -6, -3
1303, -6, -3
1303.1, -6, -3
1303.2, -6, -3
1303.3, -6, -3
1303.4, -6, -3
1303.5, -6, -3
1303.6, -6, -3
1303.7, -6, -3
1303.8, -6, -3
1303.9, -6, -3
1304, -6, -3
1304.1, -5, -3
1304.2, -5, -3
1304.3, -5, -3
1304.4, -5, -3
1304.5, -5, -3
1304.6, -5, -3
1304.7, -5, -3
1304.8, -5, -3
1304.9, -5, -3
1305, -5, -3
1305.1, -6, -3
1305.2, -6, -3
1305.3, -6, -3
1305.4, -6, -3
1305.5, -6, -3
1305.6, -6, -3
1305.7, -6, -3
1305.8, -6, -3
1305.9, -6, -3
1306, -6, -3
1306.1, -6, -3
1306.2, -6, -3
1306.3, -6, -3
1306.4, -6, -3
1306.5, -6, -3
1306.6, -6, -3
1306.7, -6, -3
1306.8, -6, -3
1306.9, -6, -3
1307, -6, -3
1307.1, -6, -3
1307.2, -6, -3
1307.3, -6, -3
1307.4, -6, -3
1307.5, -6, -3
1307.6, -6, -3
1307.7, -6, -3
1307.8, -6, -3
1307.9, -6, -3
1308, -6, -3
1308.1, -6, -3
1308.2, -6, -3
1308.3, -6, -3
1308.4, -6, -3
1308.5, -6, -3
1308.6, -6, -3
1308.7, -6, -3
1308.8, -6, -3
1308.9, -6, -3
1309, -6, -3
1309.1, -6, -3
1309.2, -6, -3
1309.3, -6, -3
1309.4, -6, -3
1309.5, -6, -3
1309.6, -6, -3
1309.7, -6, -3
1309.8, -6, -3
1309.9, -7, -3
1310, -7, -3
1310.1, -7, -3
1310.2, -7, -3
1310.3, -7, -3
1310.4, -7, -3
1310.5, -7, -3
1310.6, -7, -3
1310.7, -7, -3
1310.8, -7, -3
1310.9, -7, -3
1311, -7, -3
1311.1, -7, -3
1311.2, -7, -3
1311.3, -7, -3
1311.4, -7, -3
1311.5, -7, -4
1311.6, -7, -4
1311.7, -7, -4
1311.8, -7, -4
1311.9, -7, -4
1312, -7, -4
1312.1, -7, -4
1312.2, -7, -4
1312.3, -7, -4
1312.4, -7, -4
1312.5, -7, -4
1312.6, -7, -4
1312.7, -7, -4
1312.8, -7, -4
1312.9, -7, -4
1313, -7, -4
1313.1, -7, -4
1313.2, -7, -4
1313.3, -7, -4
1313.4, -7, -4
1313.5, -7, -4
1313.6, -7, -4
1313.7, -7, -4
1313.8, -7, -4
1313.9, -7, -4
1314, -7, -4
1314.1, -7, -4
1314.2, -7, -4
1314.3, -8, -4
1314.4, -8, -4
1314.5, -8, -4
1314.6, -8, -4
1314.7, -8, -4
1314.8, -8, -4
1314.9, -8, -4
1315, -8, -4
1315.1, -8, -4
1315.2, -8, -4
1315.3, -8, -4
1315.4, -8, -4
1315.5, -8, -4
1315.6, -8, -4
1315.7, -8, -4
1315.8, -8, -4
1315.9, -8, -4
1316, -8, -4
1316.1, -8, -4
1316.2, -8, -4
1316.3, -8, -4
1316.4, -8, -4
1316.5, -8, -4
1316.6, -8, -4
1316.7, -8, -4
1316.8, -8, -4
1316.9, -8, -4
1317, -8, -4
1317.1, -8, -4
1317.2, -8, -4
1317.3, -8, -4
1317.4, -8, -4
1317.5, -8, -4
1317.6, -8, -4
1317.7, -8, -4
1317.8, -8, -4
1317.9, -8, -4
1318, -8, -4
1318.1, -8, -5
1318.2, -8, -5
1318.3, -8, -5
1318.4, -8, -5
1318.5, -8, -5
1318.6, -8, -5
1318.7, -8, -5
1318.8, -8, -5
1318.9, -8, -5
1319, -8, -5
1319.1, -8, -6
1319.2, -8, -6
1319.3, -8, -6
1319.4, -8, -6
1319.5, -8, -6
1319.6, -8, -6
1319.7, -8, -6
1319.8, -8, -6
1319.9, -8, -6
1320, -8, -6
1320.1, -8, -6
1320.2, -8, -6
1320.3, -8, -6
1320.4, -8, -6
1320.5, -8, -6
1320.6, -8, -6
1320.7, -8, -6
1320.8, -8, -6
1320.9, -8, -6
1321, -8, -6
1321.1, -8, -6
1321.2, -8, -6
1321.3, -8, -6
1321.4, -8, -6
1321.5, -8, -6
1321.6, -8, -6
1321.7, -8, -6
1321.8, -8, -6
1321.9, -8, -6
1322, -8, -6
1322.1, -8, -6
1322.2, -8, -6
1322.3, -8, -6
1322.4, -8, -6
1322.5, -7, -6
1322.6, -7, -6
1322.7, -7, -6
1322.8, -7, -6
1322.9, -7, -6
1323, -7, -6
1323.1, -7, -6
1323.2, -7, -6
1323.3, -7, -6
1323.4, -7, -6
1323.5, -7, -6
1323.6, -7, -6
1323.7, -7, -6
1323.8, -7, -6
1323.9, -7, -5
1324, -7, -5
1324.1, -7, -5
1324.2, -7, -5
1324.3, -7, -5
1324.4, -7, -5
1324.5, -7, -5
1324.6, -7, -5
1324.7, -7, -5
1324.8, -7, -5
1324.9, -7, -6
1325, -7, -6
1325.1, -7, -6
1325.2, -7, -6
1325.3, -7, -6
1325.4, -7, -6
1325.5, -7, -6
1325.6, -7, -6
1325.7, -7, -6
1325.8, -7, -6
1325.9, -7, -6
1326, -7, -6
1326.1, -7, -6
1326.2, -7, -6
1326.3, -7, -6
1326.4, -7, -6
1326.5, -7, -6
1326.6, -7, -6
1326.7, -7, -6
1326.8, -7, -6
1326.9, -8, -6
1327, -8, -6
1327.1, -8, -6
1327.2, -8, -6
1327.3, -8, -6
1327.4, -8, -6
1327.5, -8, -6
1327.6, -8, -6
1327.7, -8, -6
1327.8, -8, -6
1327.9, -8, -6
1328, -8, -6
1328.1, -8, -6
1328.2, -8, -6
1328.3, -8, -6
1328.4, -8, -6
1328.5, -8, -6
1328.6, -8, -6
1328.7, -8, -7
1328.8, -8, -7
1328.9, -8, -7
1329, -8, -7
1329.1, -8, -7
1329.2, -8, -7
1329.3, -8, -7
1329.4, -8, -7
1329.5, -8, -7
1329.6, -8, -7
1329.7, -8, -7
1329.8, -8, -7
1329.9, -8, -7
1330, -8, -7
1330.1, -8, -7
1330.2, -8, -7
1330.3, -7, -7
1330.4, -7, -7
1330.5, -6, -7
1330.6, -6, -7
1330.7, -6, -7
1330.8, -6, -7
1330.9, -6, -7
1331, -6, -7
1331.1, -6, -7
1331.2, -6, -7
1331.3, -6, -7
1331.4, -6, -7
1331.5, -6, -7
1331.6, -6, -7
1331.7, -6, -7
1331.8, -6, -7
1331.9, -6, -7
1332, -6, -7
1332.1, -6, -7
1332.2, -6, -7
1332.3, -6, -7
1332.4, -6, -7
1332.5, -6, -7
1332.6, -6, -7
1332.7, -6, -7
1332.8, -6, -7
1332.9, -6, -7
1333, -6, -7
1333.1, -6, -7
1333.2, -6, -7
1333.3, -6, -7
1333.4, -6, -7
1333.5, -6, -7
1333.6, -6, -7
1333.7, -6, -7
1333.8, -6, -7
1333.9, -6, -7
1334, -6, -7
1334.1, -6, -7
1334.2, -6, -7
1334.3, -6, -7
1334.4, -6, -7
1334.5, -6, -7
1334.6, -6, -7
1334.7, -6, -7
1334.8, -6, -7
1334.9, -6, -7
1335, -6, -7
1335.1, -6, -7
1335.2, -6, -7
1335.3, -6, -7
1335.4, -6, -7
1335.5, -6, -7
1335.6, -6, -7
1335.7, -6, -7
1335.8, -6, -7
1335.9, -6, -7
1336, -6, -7
1336.1, -6, -7
1336.2, -6, -7
1336.3, -6, -7
1336.4, -6, -7
1336.5, -6, -7
1336.6, -6, -7
1336.7, -6, -7
1336.8, -6, -7
1336.9, -6, -7
1337, -6, -7
1337.1, -6, -7
1337.2, -6, -7
1337.3, -6, -7
1337.4, -6, -7
1337.5, -6, -7
1337.6, -6, -7
1337.7, -6, -8
1337.8, -6, -8
1337.9, -6, -8
1338, -6, -8
1338.1, -6, -7
1338.2, -6, -7
1338.3, -6, -7
1338.4, -6, -7
1338.5, -6, -7
1338.6, -6, -7
1338.7, -6, -7
1338.8, -6, -7
1338.9, -6, -7
1339, -6, -7
1339.1, -6, -7
1339.2, -6, -7
1339.3, -6, -6
1339.4, -6, -6
1339.5, -6, -6
1339.6, -6, -6
1339.7, -6, -6
1339.8, -6, -6
1339.9, -6, -6
1340, -6, -6
1340.1, -6, -6
1340.2, -6, -6
1340.3, -6, -6
1340.4, -6, -6
1340.5, -6, -6
1340.6, -6, -6
1340.7, -6, -6
1340.8, -6, -6
1340.9, -6, -6
1341, -6, -6
1341.1, -6, -6
1341.2, -6, -6
1341.3, -6, -6
1341.4, -6, -6
1341.5, -6, -6
1341.6, -6, -6
1341.7, -6, -6
1341.8, -6, -6
1341.9, -6, -6
1342, -6, -6
1342.1, -6, -6
1342.2, -6, -6
1342.3, -6, -6
1342.4, -6, -6
1342.5, -6, -6
1342.6, -6, -6
1342.7, -6, -6
1342.8, -6, -6
1342.9, -6, -6
1343, -6, -6
1343.1, -6, -6
1343.2, -6, -6
1343.3, -6, -6
1343.4, -6, -6
1343.5, -6, -6
1343.6, -6, -6
1343.7, -6, -6
1343.8, -6, -6
1343.9, -6, -6
1344, -6, -6
1344.1, -6, -6
1344.2, -6, -6
1344.3, -6, -6
1344.4, -6, -6
1344.5, -6, -6
1344.6, -6, -6
1344.7, -6, -6
1344.8, -6, -6
1344.9, -6, -6
1345, -6, -6
1345.1, -6, -6
1345.2, -6, -6
1345.3, -6, -6
1345.4, -6, -6
1345.5, -6, -6
1345.6, -6, -6
1345.7, -6, -6
1345.8, -6, -6
1345.9, -6, -6
1346, -6, -6
1346.1, -6, -6
1346.2, -6, -6
1346.3, -6, -6
1346.4, -6, -6
1346.5, -6, -6
1346.6, -6, -6
1346.7, -6, -6
1346.8, -6, -6
1346.9, -6, -6
1347, -6, -6
1347.1, -6, -6
1347.2, -6, -6
1347.3, -6, -6
1347.4, -6, -6
1347.5, -6, -6
1347.6, -6, -6
1347.7, -6, -6
1347.8, -6, -6
1347.9, -6, -6
1348, -6, -6
1348.1, -6, -6
1348.2, -6, -6
1348.3, -6, -6
1348.4, -6, -6
1348.5, -6, -6
1348.6, -6, -6
1348.7, -6, -6
1348.8, -6, -6
1348.9, -6, -6
1349, -6, -6
1349.1, -6, -6
1349.2, -6, -6
1349.3, -6, -6
1349.4, -6, -6
1349.5, -6, -6
1349.6, -6, -6
1349.7, -6, -6
1349.8, -6, -6
1349.9, -7, -6
1350, -7, -6
1350.1, -7, -6
1350.2, -7, -6
1350.3, -7, -6
1350.4, -7, -6
1350.5, -7, -6
1350.6, -7, -6
1350.7, -7, -6
1350.8, -7, -6
1350.9, -7, -6
1351, -7, -6
1351.1, -7, -6
1351.2, -7, -6
1351.3, -7, -6
1351.4, -7, -6
1351.5, -7, -6
1351.6, -7, -6
1351.7, -7, -6
1351.8, -7, -6
1351.9, -7, -6
1352, -7, -6
1352.1, -8, -6
1352.2, -8, -6
1352.3, -8, -6
1352.4, -8, -6
1352.5, -8, -6
1352.6, -8, -6
1352.7, -8, -6
1352.8, -8, -6
1352.9, -8, -6
1353, -8, -6
1353.1, -7, -6
1353.2, -7, -6
1353.3, -7, -6
1353.4, -7, -6
1353.5, -7, -6
1353.6, -7, -6
1353.7, -7, -6
1353.8, -7, -6
1353.9, -7, -6
1354, -7, -6
1354.1, -7, -6
1354.2, -7, -6
1354.3, -7, -6
1354.4, -7, -6
1354.5, -8, -6
1354.6, -8, -6
1354.7, -8, -6
1354.8, -8, -6
1354.9, -8, -6
1355, -8, -6
1355.1, -8, -6
1355.2, -8, -6
1355.3, -8, -6
1355.4, -8, -6
1355.5, -8, -6
1355.6, -8, -6
1355.7, -8, -6
1355.8, -8, -6
1355.9, -8, -6
1356, -8, -6
1356.1, -8, -6
1356.2, -8, -6
1356.3, -8, -6
1356.4, -8, -6
1356.5, -8, -6
1356.6, -8, -6
1356.7, -8, -6
1356.8, -8, -6
1356.9, -8, -6
1357, -8, -6
1357.1, -8, -6
1357.2, -8, -6
1357.3, -8, -6
1357.4, -8, -6
1357.5, -8, -6
1357.6, -8, -6
1357.7, -8, -6
1357.8, -8, -6
1357.9, -8, -6
1358, -8, -6
1358.1, -8, -6
1358.2, -8, -6
1358.3, -8, -6
1358.4, -8, -6
1358.5, -9, -6
1358.6, -9, -6
1358.7, -9, -6
1358.8, -9, -6
1358.9, -9, -6
1359, -9, -6
1359.1, -9, -6
1359.2, -9, -6
1359.3, -9, -6
1359.4, -9, -6
1359.5, -9, -6
1359.6, -9, -6
1359.7, -10, -6
1359.8, -10, -6
1359.9, -10, -6
1360, -10, -6
1360.1, -10, -6
1360.2, -10, -6
1360.3, -10, -6
1360.4, -10, -6
1360.5, -10, -6
1360.6, -10, -6
1360.7, -10, -6
1360.8, -10, -6
1360.9, -10, -6
1361, -10, -6
1361.1, -10, -6
1361.2, -10, -6
1361.3, -10, -6
1361.4, -10, -6
1361.5, -10, -6
1361.6, -10, -6
1361.7, -11, -6
1361.8, -11, -6
1361.9, -10, -6
1362, -10, -6
1362.1, -10, -6
1362.2, -10, -6
1362.3, -10, -6
1362.4, -10, -6
1362.5, -10, -6
1362.6, -10, -6
1362.7, -10, -6
1362.8, -10, -6
1362.9, -11, -6
1363, -11, -6
1363.1, -11, -6
1363.2, -11, -6
1363.3, -11, -6
1363.4, -11, -6
1363.5, -11, -6
1363.6, -11, -6
1363.7, -11, -6
1363.8, -11, -6
1363.9, -11, -6
1364, -11, -6
1364.1, -11, -6
1364.2, -11, -6
1364.3, -11, -6
1364.4, -11, -6
1364.5, -11, -6
1364.6, -11, -6
1364.7, -11, -6
1364.8, -11, -6
1364.9, -11, -6
1365, -11, -6
1365.1, -11, -6
1365.2, -11, -6
1365.3, -11, -6
1365.4, -11, -6
1365.5, -11, -6
1365.6, -11, -6
1365.7, -11, -6
1365.8, -11, -6
1365.9, -11, -6
1366, -11, -6
1366.1, -11, -6
1366.2, -11, -6
1366.3, -11, -6
1366.4, -11, -6
1366.5, -11, -6
1366.6, -11, -6
1366.7, -11, -6
1366.8, -11, -6
1366.9, -11, -6
1367, -11, -6
1367.1, -11, -6
1367.2, -11, -6
1367.3, -11, -6
1367.4, -11, -6
1367.5, -11, -6
1367.6, -11, -6
1367.7, -11, -6
1367.8, -11, -6
1367.9, -11, -6
1368, -11, -6
1368.1, -11, -6
1368.2, -11, -6
1368.3, -11, -6
1368.4, -11, -6
1368.5, -11, -6
1368.6, -11, -6
1368.7, -11, -6
1368.8, -11, -6
1368.9, -11, -6
1369, -11, -6
1369.1, -11, -7
1369.2, -11, -7
1369.3, -11, -7
1369.4, -11, -7
1369.5, -11, -7
1369.6, -11, -7
1369.7, -11, -7
1369.8, -11, -7
1369.9, -11, -7
1370, -11, -7
1370.1, -11, -7
1370.2, -11, -7
1370.3, -11, -7
1370.4, -11, -7
1370.5, -11, -7
1370.6, -11, -7
1370.7, -11, -7
1370.8, -11, -7
1370.9, -11, -7
1371, -11, -7
1371.1, -11, -7
1371.2, -11, -7
1371.3, -11, -7
1371.4, -11, -7
1371.5, -11, -7
1371.6, -11, -7
1371.7, -11, -7
1371.8, -11, -7
1371.9, -11, -7
1372, -11, -7
1372.1, -12, -7
1372.2, -12, -7
1372.3, -12, -7
1372.4, -12, -7
1372.5, -12, -6
1372.6, -12, -6
1372.7, -12, -6
1372.8, -12, -6
1372.9, -12, -6
1373, -12, -6
1373.1, -12, -6
1373.2, -12, -6
1373.3, -12, -6
1373.4, -12, -6
1373.5, -12, -6
1373.6, -12, -6
1373.7, -12, -6
1373.8, -12, -6
1373.9, -12, -6
1374, -12, -6
1374.1, -12, -6
1374.2, -12, -6
1374.3, -12, -6
1374.4, -12, -6
1374.5, -12, -6
1374.6, -12, -6
1374.7, -12, -6
1374.8, -12, -6
1374.9, -12, -7
1375, -12, -7
1375.1, -12, -7
1375.2, -12, -7
1375.3, -12, -7
1375.4, -12, -7
1375.5, -12, -7
1375.6, -12, -7
1375.7, -12, -7
1375.8, -12, -7
1375.9, -11, -7
1376, -11, -7
1376.1, -11, -7
1376.2, -11, -7
1376.3, -11, -7
1376.4, -11, -7
1376.5, -11, -7
1376.6, -11, -7
1376.7, -11, -7
1376.8, -11, -7
1376.9, -11, -7
1377, -11, -7
1377.1, -10, -7
1377.2, -10, -7
1377.3, -10, -7
1377.4, -10, -7
1377.5, -10, -7
1377.6, -10, -7
1377.7, -10, -7
1377.8, -10, -7
1377.9, -10, -7
1378, -10, -7
1378.1, -10, -7
1378.2, -10, -7
1378.3, -10, -7
1378.4, -10, -7
1378.5, -10, -7
1378.6, -10, -7
1378.7, -10, -7
1378.8, -10, -7
1378.9, -10, -7
1379, -10, -7
1379.1, -10, -7
1379.2, -10, -7
1379.3, -10, -7
1379.4, -10, -7
1379.5, -10, -7
1379.6, -10, -7
1379.7, -10, -7
1379.8, -10, -7
1379.9, -10, -7
1380, -10, -7
1380.1, -9, -7
1380.2, -9, -7
1380.3, -9, -7
1380.4, -9, -7
1380.5, -9, -7
1380.6, -9, -7
1380.7, -9, -7
1380.8, -9, -7
1380.9, -9, -7
1381, -9, -7
1381.1, -9, -7
1381.2, -9, -7
1381.3, -9, -7
1381.4, -9, -7
1381.5, -9, -7
1381.6, -9, -7
1381.7, -9, -7
1381.8, -9, -7
1381.9, -9, -7
1382, -9, -7
1382.1, -9, -7
1382.2, -9, -7
1382.3, -9, -7
1382.4, -9, -7
1382.5, -9, -7
1382.6, -9, -7
1382.7, -9, -7
1382.8, -9, -7
1382.9, -9, -7
1383, -9, -7
1383.1, -9, -7
1383.2, -9, -7
1383.3, -9, -7
1383.4, -9, -7
1383.5, -9, -7
1383.6, -9, -7
1383.7, -9, -7
1383.8, -9, -7
1383.9, -9, -7
1384, -9, -7
1384.1, -9, -7
1384.2, -9, -7
1384.3, -9, -7
1384.4, -9, -7
1384.5, -9, -7
1384.6, -9, -7
1384.7, -9, -7
1384.8, -9, -7
1384.9, -9, -7
1385, -9, -7
1385.1, -9, -7
1385.2, -9, -7
1385.3, -9, -7
1385.4, -9, -7
1385.5, -9, -7
1385.6, -9, -7
1385.7, -9, -7
1385.8, -9, -7
1385.9, -9, -6
1386, -9, -6
1386.1, -9, -6
1386.2, -9, -6
1386.3, -9, -6
1386.4, -9, -6
1386.5, -9, -6
1386.6, -9, -6
1386.7, -9, -6
1386.8, -9, -6
1386.9, -9, -6
1387, -9, -6
1387.1, -8, -6
1387.2, -8, -6
1387.3, -8, -6
1387.4, -8, -6
1387.5, -8, -6
1387.6, -8, -6
1387.7, -8, -6
1387.8, -8, -6
1387.9, -8, -6
1388, -8, -6
1388.1, -8, -6
1388.2, -8, -6
1388.3, -7, -6
1388.4, -7, -6
1388.5, -7, -6
1388.6, -7, -6
1388.7, -7, -6
1388.8, -7, -6
1388.9, -7, -6
1389, -7, -6
1389.1, -7, -6
1389.2, -7, -6
1389.3, -7, -6
1389.4, -7, -6
1389.5, -7, -6
1389.6, -7, -6
1389.7, -7, -6
1389.8, -7, -6
1389.9, -7, -6
1390, -7, -6
1390.1, -7, -6
1390.2, -7, -6
1390.3, -7, -6
1390.4, -7, -6
1390.5, -7, -6
1390.6, -7, -6
1390.7, -7, -6
1390.8, -7, -6
1390.9, -7, -6
1391, -7, -6
1391.1, -7, -6
1391.2, -7, -6
1391.3, -7, -6
1391.4, -7, -6
1391.5, -7, -5
1391.6, -7, -5
1391.7, -7, -5
1391.8, -7, -5
1391.9, -7, -5
1392, -7, -5
1392.1, -8, -5
1392.2, -8, -5
1392.3, -8, -5
1392.4, -8, -5
1392.5, -8, -6
1392.6, -8, -6
1392.7, -8, -6
1392.8, -8, -6
1392.9, -8, -6
1393, -8, -6
1393.1, -8, -6
1393.2, -8, -6
1393.3, -8, -6
1393.4, -8, -6
1393.5, -8, -6
1393.6, -8, -6
1393.7, -8, -6
1393.8, -8, -6
1393.9, -8, -5
1394, -8, -5
1394.1, -8, -5
1394.2, -8, -5
1394.3, -8, -5
1394.4, -8, -5
1394.5, -8, -5
1394.6, -8, -5
1394.7, -8, -5
1394.8, -8, -5
1394.9, -8, -5
1395, -8, -5
1395.1, -8, -5
1395.2, -8, -5
1395.3, -8, -5
1395.4, -8, -5
1395.5, -8, -5
1395.6, -8, -5
1395.7, -8, -5
1395.8, -8, -5
1395.9, -8, -5
1396, -8, -5
1396.1, -8, -5
1396.2, -8, -5
1396.3, -8, -5
1396.4, -8, -5
1396.5, -8, -5
1396.6, -8, -5
1396.7, -8, -5
1396.8, -8, -5
1396.9, -8, -5
1397, -8, -5
1397.1, -8, -5
1397.2, -8, -5
1397.3, -8, -5
1397.4, -8, -5
1397.5, -8, -5
1397.6, -8, -5
1397.7, -8, -5
1397.8, -8, -5
1397.9, -8, -5
1398, -8, -5
1398.1, -8, -5
1398.2, -8, -5
1398.3, -8, -5
1398.4, -8, -5
1398.5, -8, -5
1398.6, -8, -5
1398.7, -8, -5
1398.8, -8, -5
1398.9, -8, -5
1399, -8, -5
1399.1, -8, -5
1399.2, -8, -5
1399.3, -8, -5
1399.4, -8, -5
1399.5, -8, -5
1399.6, -8, -5
1399.7, -8, -5
1399.8, -8, -5
1399.9, -8, -5
1400, -8, -5
1400.1, -8, -5
1400.2, -8, -5
1400.3, -8, -5
1400.4, -8, -5
1400.5, -8, -5
1400.6, -8, -5
1400.7, -8, -5
1400.8, -8, -5
1400.9, -8, -5
1401, -8, -5
1401.1, -8, -5
1401.2, -8, -5
1401.3, -8, -5
1401.4, -8, -5
1401.5, -8, -5
1401.6, -8, -5
1401.7, -8, -5
1401.8, -8, -5
1401.9, -8, -5
1402, -8, -5
1402.1, -8, -5
1402.2, -8, -5
1402.3, -8, -5
1402.4, -8, -5
1402.5, -8, -5
1402.6, -8, -5
1402.7, -8, -5
1402.8, -8, -5
1402.9, -8, -5
1403, -8, -5
1403.1, -8, -5
1403.2, -8, -5
1403.3, -8, -5
1403.4, -8, -5
1403.5, -8, -5
1403.6, -8, -5
1403.7, -8, -5
1403.8, -8, -5
1403.9, -8, -5
1404, -8, -5
1404.1, -8, -5
1404.2, -8, -5
1404.3, -8, -5
1404.4, -8, -5
1404.5, -8, -5
1404.6, -8, -5
1404.7, -8, -5
1404.8, -8, -5
1404.9, -8, -5
1405, -8, -5
1405.1, -8, -5
1405.2, -8, -5
1405.3, -8, -5
1405.4, -8, -5
1405.5, -8, -5
1405.6, -8, -5
1405.7, -8, -5
1405.8, -8, -5
1405.9, -8, -5
1406, -8, -5
1406.1, -8, -5
1406.2, -8, -5
1406.3, -8, -5
1406.4, -8, -5
1406.5, -8, -5
1406.6, -8, -5
1406.7, -8, -5
1406.8, -8, -5
1406.9, -8, -5
1407, -8, -5
1407.1, -8, -5
1407.2, -8, -5
1407.3, -8, -5
1407.4, -8, -5
1407.5, -8, -5
1407.6, -8, -5
1407.7, -8, -5
1407.8, -8, -5
1407.9, -8, -5
1408, -8, -5
1408.1, -8, -5
1408.2, -8, -5
1408.3, -8, -5
1408.4, -8, -5
1408.5, -8, -5
1408.6, -8, -5
1408.7, -8, -4
1408.8, -8, -4
1408.9, -8, -4
1409, -8, -4
1409.1, -8, -4
1409.2, -8, -4
1409.3, -8, -4
1409.4, -8, -4
1409.5, -8, -4
1409.6, -8, -4
1409.7, -8, -4
1409.8, -8, -4
1409.9, -7, -4
1410, -7, -4
1410.1, -7, -4
1410.2, -7, -4
1410.3, -7, -4
1410.4, -7, -4
1410.5, -7, -5
1410.6, -7, -5
1410.7, -7, -5
1410.8, -7, -5
1410.9, -7, -5
1411, -7, -5
1411.1, -7, -5
1411.2, -7, -5
1411.3, -7, -5
1411.4, -7, -5
1411.5, -7, -5
1411.6, -7, -5
1411.7, -7, -5
1411.8, -7, -5
1411.9, -7, -5
1412, -7, -5
1412.1, -7, -5
1412.2, -7, -5
1412.3, -7, -5
1412.4, -7, -5
1412.5, -7, -5
1412.6, -7, -5
1412.7, -7, -5
1412.8, -7, -5
1412.9, -7, -5
1413, -7, -5
1413.1, -7, -5
1413.2, -7, -5
1413.3, -7, -5
1413.4, -7, -5
1413.5, -7, -5
1413.6, -7, -5
1413.7, -7, -5
1413.8, -7, -5
1413.9, -7, -5
1414, -7, -5
1414.1, -7, -5
1414.2, -7, -5
1414.3, -7, -5
1414.4, -7, -5
1414.5, -7, -5
1414.6, -7, -5
1414.7, -7, -5
1414.8, -7, -5
1414.9, -7, -5
1415, -7, -5
1415.1, -7, -5
1415.2, -7, -5
1415.3, -7, -5
1415.4, -7, -5
1415.5, -7, -5
1415.6, -7, -5
1415.7, -7, -5
1415.8, -7, -5
1415.9, -7, -5
1416, -7, -5
1416.1, -7, -5
1416.2, -7, -5
1416.3, -7, -5
1416.4, -7, -5
1416.5, -7, -5
1416.6, -7, -5
1416.7, -7, -5
1416.8, -7, -5
1416.9, -7, -5
1417, -7, -5
1417.1, -7, -5
1417.2, -7, -5
1417.3, -7, -5
1417.4, -7, -5
1417.5, -7, -5
1417.6, -7, -5
1417.7, -7, -5
1417.8, -7, -5
1417.9, -7, -5
1418, -7, -5
1418.1, -7, -5
1418.2, -7, -5
1418.3, -7, -5
1418.4, -7, -5
1418.5, -7, -5
1418.6, -7, -5
1418.7, -7, -5
1418.8, -7, -5
1418.9, -7, -5
1419, -7, -5
1419.1, -7, -5
1419.2, -7, -5
1419.3, -7, -5
1419.4, -7, -5
1419.5, -7, -5
1419.6, -7, -5
1419.7, -7, -5
1419.8, -7, -5
1419.9, -7, -5
1420, -7, -5
1420.1, -7, -5
1420.2, -7, -5
1420.3, -7, -5
1420.4, -7, -5
1420.5, -7, -5
1420.6, -7, -5
1420.7, -7, -5
1420.8, -7, -5
1420.9, -7, -5
1421, -7, -5
1421.1, -7, -5
1421.2, -7, -5
1421.3, -7, -5
1421.4, -7, -5
1421.5, -7, -5
1421.6, -7, -5
1421.7, -7, -5
1421.8, -7, -5
1421.9, -7, -5
1422, -7, -5
1422.1, -7, -5
1422.2, -7, -5
1422.3, -8, -5
1422.4, -8, -5
1422.5, -8, -5
1422.6, -8, -5
1422.7, -8, -5
1422.8, -8, -5
1422.9, -8, -5
1423, -8, -5
1423.1, -8, -5
1423.2, -8, -5
1423.3, -8, -5
1423.4, -8, -5
1423.5, -8, -5
1423.6, -8, -5
1423.7, -8, -5
1423.8, -8, -5
1423.9, -8, -5
1424, -8, -5
1424.1, -8, -5
1424.2, -8, -5
1424.3, -8, -5
1424.4, -8, -5
1424.5, -8, -5
1424.6, -8, -5
1424.7, -8, -5
1424.8, -8, -5
1424.9, -8, -5
1425, -8, -5
1425.1, -9, -5
1425.2, -9, -5
1425.3, -9, -5
1425.4, -9, -5
1425.5, -9, -5
1425.6, -9, -5
1425.7, -9, -5
1425.8, -9, -5
1425.9, -9, -5
1426, -9, -5
1426.1, -9, -5
1426.2, -9, -5
1426.3, -9, -5
1426.4, -9, -5
1426.5, -9, -5
1426.6, -9, -5
1426.7, -9, -5
1426.8, -9, -5
1426.9, -9, -5
1427, -9, -5
1427.1, -9, -5
1427.2, -9, -5
1427.3, -9, -5
1427.4, -9, -5
1427.5, -9, -6
1427.6, -9, -6
1427.7, -9, -6
1427.8, -9, -6
1427.9, -9, -6
1428, -9, -6
1428.1, -9, -6
1428.2, -9, -6
1428.3, -9, -6
1428.4, -9, -6
1428.5, -9, -6
1428.6, -9, -6
1428.7, -9, -6
1428.8, -9, -6
1428.9, -9, -6
1429, -9, -6
1429.1, -9, -6
1429.2, -9, -6
1429.3, -9, -6
1429.4, -9, -6
1429.5, -9, -7
1429.6, -9, -7
1429.7, -9, -7
1429.8, -9, -7
1429.9, -9, -7
1430, -9, -7
1430.1, -9, -7
1430.2, -9, -7
1430.3, -9, -7
1430.4, -9, -7
1430.5, -9, -7
1430.6, -9, -7
1430.7, -9, -7
1430.8, -9, -7
1430.9, -9, -7
1431, -9, -7
1431.1, -9, -7
1431.2, -9, -7
1431.3, -9, -7
1431.4, -9, -7
1431.5, -9, -7
1431.6, -9, -7
1431.7, -9, -7
1431.8, -9, -7
1431.9, -9, -7
1432, -9, -7
1432.1, -9, -7
1432.2, -9, -7
1432.3, -9, -7
1432.4, -9, -7
1432.5, -9, -7
1432.6, -9, -7
1432.7, -9, -7
1432.8, -9, -7
1432.9, -9, -7
1433, -9, -7
1433.1, -9, -7
1433.2, -9, -7
1433.3, -9, -7
1433.4, -9, -7
1433.5, -9, -7
1433.6, -9, -7
1433.7, -9, -7
1433.8, -9, -7
1433.9, -9, -7
1434, -9, -7
1434.1, -9, -7
1434.2, -9, -7
1434.3, -9, -7
1434.4, -9, -7
1434.5, -9, -7
1434.6, -9, -7
1434.7, -9, -8
1434.8, -9, -8
1434.9, -9, -8
1435, -9, -8
1435.1, -9, -8
1435.2, -9, -8
1435.3, -9, -8
1435.4, -9, -8
1435.5, -9, -8
1435.6, -9, -8
1435.7, -9, -8
1435.8, -9, -8
1435.9, -9, -8
1436, -9, -8
1436.1, -9, -8
1436.2, -9, -8
1436.3, -9, -8
1436.4, -9, -8
1436.5, -9, -8
1436.6, -9, -8
1436.7, -9, -8
1436.8, -9, -8
1436.9, -9, -8
1437, -9, -8
1437.1, -9, -8
1437.2, -9, -8
1437.3, -9, -8
1437.4, -9, -8
1437.5, -9, -8
1437.6, -9, -8
1437.7, -9, -8
1437.8, -9, -8
1437.9, -9, -8
1438, -9, -8
1438.1, -9, -8
1438.2, -9, -8
1438.3, -9, -9
1438.4, -9, -9
1438.5, -8, -9
1438.6, -8, -9
1438.7, -8, -9
1438.8, -8, -9
1438.9, -8, -9
1439, -8, -9
1439.1, -8, -9
1439.2, -8, -9
1439.3, -8, -10
1439.4, -8, -10
1439.5, -8, -10
1439.6, -8, -10
1439.7, -8, -10
1439.8, -8, -10
1439.9, -8, -10
1440, -8, -10
1440.1, -8, -10
1440.2, -8, -10
1440.3, -8, -10
1440.4, -8, -10
1440.5, -8, -10
1440.6, -8, -10
1440.7, -8, -10
1440.8, -8, -10
1440.9, -8, -10
1441, -8, -10
1441.1, -8, -10
1441.2, -8, -10
1441.3, -8, -10
1441.4, -8, -10
1441.5, -8, -10
1441.6, -8, -10
1441.7, -8, -10
1441.8, -8, -10
1441.9, -8, -10
1442, -8, -10
1442.1, -8, -10
1442.2, -8, -10
1442.3, -8, -10
1442.4, -8, -10
1442.5, -8, -10
1442.6, -8, -10
1442.7, -8, -10
1442.8, -8, -10
1442.9, -8, -10
1443, -8, -10
1443.1, -8, -10
1443.2, -8, -10
1443.3, -8, -10
1443.4, -8, -10
1443.5, -8, -11
1443.6, -8, -11
1443.7, -8, -11
1443.8, -8, -11
1443.9, -8, -11
1444, -8, -11
1444.1, -8, -11
1444.2, -8, -11
1444.3, -8, -11
1444.4, -8, -11
1444.5, -8, -11
1444.6, -8, -11
1444.7, -8, -11
1444.8, -8, -11
1444.9, -8, -11
1445, -8, -11
1445.1, -8, -11
1445.2, -8, -11
1445.3, -8, -11
1445.4, -8, -11
1445.5, -8, -11
1445.6, -8, -11
1445.7, -7, -11
1445.8, -7, -11
1445.9, -7, -11
1446, -7, -11
1446.1, -7, -11
1446.2, -7, -11
1446.3, -7, -11
1446.4, -7, -11
1446.5, -7, -11
1446.6, -7, -11
1446.7, -7, -11
1446.8, -7, -11
1446.9, -7, -11
1447, -7, -11
1447.1, -8, -11
1447.2, -8, -11
1447.3, -8, -11
1447.4, -8, -11
1447.5, -8, -12
1447.6, -8, -12
1447.7, -8, -13
1447.8, -8, -13
1447.9, -9, -13
1448, -9, -13
1448.1, -9, -13
1448.2, -9, -13
1448.3, -9, -13
1448.4, -9, -13
1448.5, -9, -13
1448.6, -9, -13
1448.7, -9, -13
1448.8, -9, -13
1448.9, -9, -13
1449, -9, -13
1449.1, -9, -13
1449.2, -9, -13
1449.3, -9, -13
1449.4, -9, -13
1449.5, -9, -13
1449.6, -9, -13
1449.7, -9, -13
1449.8, -9, -13
1449.9, -10, -13
1450, -10, -13
1450.1, -10, -13
1450.2, -10, -13
1450.3, -10, -14
1450.4, -10, -14
1450.5, -11, -14
1450.6, -11, -14
1450.7, -11, -14
1450.8, -11, -14
1450.9, -11, -14
1451, -11, -14
1451.1, -11, -13
1451.2, -11, -13
1451.3, -11, -13
1451.4, -11, -13
1451.5, -11, -13
1451.6, -11, -13
1451.7, -11, -13
1451.8, -11, -13
1451.9, -11, -13
1452, -11, -13
1452.1, -11, -14
1452.2, -11, -14
1452.3, -11, -14
1452.4, -11, -14
1452.5, -11, -14
1452.6, -11, -14
1452.7, -11, -14
1452.8, -11, -14
1452.9, -11, -15
1453, -11, -15
1453.1, -11, -15
1453.2, -11, -15
1453.3, -11, -15
1453.4, -11, -15
1453.5, -11, -15
1453.6, -11, -15
1453.7, -11, -15
1453.8, -11, -15
1453.9, -11, -15
1454, -11, -15
1454.1, -11, -15
1454.2, -11, -15
1454.3, -11, -15
1454.4, -11, -15
1454.5, -11, -15
1454.6, -11, -15
1454.7, -11, -15
1454.8, -11, -15
1454.9, -11, -15
1455, -11, -15
1455.1, -11, -15
1455.2, -11, -15
1455.3, -11, -15
1455.4, -11, -15
1455.5, -11, -15
1455.6, -11, -15
1455.7, -12, -15
1455.8, -12, -15
1455.9, -12, -15
1456, -12, -15
1456.1, -12, -15
1456.2, -12, -15
1456.3, -12, -15
1456.4, -12, -15
1456.5, -12, -14
1456.6, -12, -14
1456.7, -12, -14
1456.8, -12, -14
1456.9, -12, -14
1457, -12, -14
1457.1, -12, -14
1457.2, -12, -14
1457.3, -11, -14
1457.4, -11, -14
1457.5, -11, -14
1457.6, -11, -14
1457.7, -11, -14
1457.8, -11, -14
1457.9, -11, -14
1458, -11, -14
1458.1, -11, -14
1458.2, -11, -14
1458.3, -11, -14
1458.4, -11, -14
1458.5, -11, -14
1458.6, -11, -14
1458.7, -11, -14
1458.8, -11, -14
1458.9, -11, -13
1459, -11, -13
1459.1, -11, -13
1459.2, -11, -13
1459.3, -11, -13
1459.4, -11, -13
1459.5, -11, -13
1459.6, -11, -13
1459.7, -11, -13
1459.8, -11, -13
1459.9, -11, -13
1460, -11, -13
1460.1, -11, -13
1460.2, -11, -13
1460.3, -11, -13
1460.4, -11, -13
1460.5, -11, -13
1460.6, -11, -13
1460.7, -10, -13
1460.8, -10, -13
1460.9, -10, -13
1461, -10, -13
1461.1, -10, -13
1461.2, -10, -13
1461.3, -9, -13
1461.4, -9, -13
1461.5, -9, -13
1461.6, -9, -13
1461.7, -9, -13
1461.8, -9, -13
1461.9, -9, -13
1462, -9, -13
1462.1, -8, -13
1462.2, -8, -13
1462.3, -8, -13
1462.4, -8, -13
1462.5, -8, -13
1462.6, -8, -13
1462.7, -8, -13
1462.8, -8, -13
1462.9, -8, -13
1463, -8, -13
1463.1, -8, -13
1463.2, -8, -13
1463.3, -8, -13
1463.4, -8, -13
1463.5, -8, -13
1463.6, -8, -13
1463.7, -9, -13
1463.8, -9, -13
1463.9, -9, -13
1464, -9, -13
1464.1, -9, -13
1464.2, -9, -13
1464.3, -9, -13
1464.4, -9, -13
1464.5, -9, -13
1464.6, -9, -13
1464.7, -9, -13
1464.8, -9, -13
1464.9, -9, -13
1465, -9, -13
1465.1, -9, -13
1465.2, -9, -13
1465.3, -9, -13
1465.4, -9, -13
1465.5, -9, -13
1465.6, -9, -13
1465.7, -9, -13
1465.8, -9, -13
1465.9, -9, -13
1466, -9, -13
1466.1, -9, -13
1466.2, -9, -13
1466.3, -9, -13
1466.4, -9, -13
1466.5, -9, -13
1466.6, -9, -13
1466.7, -9, -13
1466.8, -9, -13
1466.9, -9, -13
1467, -9, -13
1467.1, -9, -13
1467.2, -9, -13
1467.3, -9, -13
1467.4, -9, -13
1467.5, -9, -13
1467.6, -9, -13
1467.7, -9, -13
1467.8, -9, -13
1467.9, -9, -13
1468, -9, -13
1468.1, -9, -12
1468.2, -9, -12
1468.3, -9, -12
1468.4, -9, -12
1468.5, -10, -12
1468.6, -10, -12
1468.7, -10, -12
1468.8, -10, -12
1468.9, -10, -12
1469, -10, -12
1469.1, -9, -12
1469.2, -9, -12
1469.3, -9, -12
1469.4, -9, -12
1469.5, -9, -12
1469.6, -9, -12
1469.7, -9, -12
1469.8, -9, -12
1469.9, -9, -12
1470, -9, -12
1470.1, -9, -12
1470.2, -9, -12
1470.3, -9, -12
1470.4, -9, -12
1470.5, -9, -12
1470.6, -9, -12
1470.7, -9, -12
1470.8, -9, -12
1470.9, -9, -12
1471, -9, -12
1471.1, -9, -12
1471.2, -9, -12
1471.3, -9, -12
1471.4, -9, -12
1471.5, -9, -12
1471.6, -9, -12
1471.7, -9, -12
1471.8, -9, -12
1471.9, -9, -12
1472, -9, -12
1472.1, -9, -12
1472.2, -9, -12
1472.3, -9, -12
1472.4, -9, -12
1472.5, -9, -12
1472.6, -9, -12
1472.7, -9, -12
1472.8, -9, -12
1472.9, -9, -12
1473, -9, -12
1473.1, -9, -12
1473.2, -9, -12
1473.3, -9, -12
1473.4, -9, -12
1473.5, -9, -12
1473.6, -9, -12
1473.7, -9, -12
1473.8, -9, -12
1473.9, -10, -12
1474, -10, -12
1474.1, -10, -12
1474.2, -10, -12
1474.3, -10, -12
1474.4, -10, -12
1474.5, -10, -12
1474.6, -10, -12
1474.7, -10, -12
1474.8, -10, -12
1474.9, -10, -12
1475, -10, -12
1475.1, -10, -12
1475.2, -10, -12
1475.3, -10, -12
1475.4, -10, -12
1475.5, -10, -12
1475.6, -10, -12
1475.7, -10, -12
1475.8, -10, -12
1475.9, -10, -12
1476, -10, -12
1476.1, -11, -12
1476.2, -11, -12
1476.3, -11, -12
1476.4, -11, -12
1476.5, -11, -12
1476.6, -11, -12
1476.7, -11, -12
1476.8, -11, -12
1476.9, -11, -12
1477, -11, -12
1477.1, -11, -12
1477.2, -11, -12
1477.3, -11, -12
1477.4, -11, -12
1477.5, -11, -12
1477.6, -11, -12
1477.7, -11, -12
1477.8, -11, -12
1477.9, -11, -11
1478, -11, -11
1478.1, -11, -11
1478.2, -11, -11
1478.3, -11, -11
1478.4, -11, -11
1478.5, -10, -11
1478.6, -10, -11
1478.7, -9, -11
1478.8, -9, -11
1478.9, -9, -11
1479, -9, -11
1479.1, -9, -11
1479.2, -9, -11
1479.3, -9, -11
1479.4, -9, -11
1479.5, -9, -11
1479.6, -9, -11
1479.7, -9, -11
1479.8, -9, -11
1479.9, -9, -11
1480, -9, -11
1480.1, -9, -11
1480.2, -9, -11
1480.3, -8, -11
1480.4, -8, -11
1480.5, -8, -11
1480.6, -8, -11
1480.7, -8, -11
1480.8, -8, -11
1480.9, -8, -11
1481, -8, -11
1481.1, -8, -11
1481.2, -8, -11
1481.3, -8, -11
1481.4, -8, -11
1481.5, -8, -11
1481.6, -8, -11
1481.7, -8, -11
1481.8, -8, -11
1481.9, -8, -11
1482, -8, -11
1482.1, -8, -11
1482.2, -8, -11
1482.3, -8, -11
1482.4, -8, -11
1482.5, -8, -11
1482.6, -8, -11
1482.7, -8, -12
1482.8, -8, -12
1482.9, -8, -12
1483, -8, -12
1483.1, -8, -12
1483.2, -8, -12
1483.3, -8, -12
1483.4, -8, -12
1483.5, -9, -12
1483.6, -9, -12
1483.7, -9, -12
1483.8, -9, -12
1483.9, -9, -12
1484, -9, -12
1484.1, -9, -12
1484.2, -9, -12
1484.3, -9, -11
1484.4, -9, -11
1484.5, -9, -11
1484.6, -9, -11
1484.7, -9, -11
1484.8, -9, -11
1484.9, -8, -11
1485, -8, -11
1485.1, -8, -11
1485.2, -8, -11
1485.3, -8, -11
1485.4, -8, -11
1485.5, -8, -11
1485.6, -8, -11
1485.7, -8, -11
1485.8, -8, -11
1485.9, -8, -11
1486, -8, -11
1486.1, -8, -11
1486.2, -8, -11
1486.3, -8, -11
1486.4, -8, -11
1486.5, -8, -11
1486.6, -8, -11
1486.7, -8, -11
1486.8, -8, -11
1486.9, -8, -11
1487, -8, -11
1487.1, -8, -11
1487.2, -8, -11
1487.3, -8, -11
1487.4, -8, -11
1487.5, -8, -11
1487.6, -8, -11
1487.7, -8, -11
1487.8, -8, -11
1487.9, -8, -11
1488, -8, -11
1488.1, -8, -11
1488.2, -8, -11
1488.3, -8, -11
1488.4, -8, -11
1488.5, -8, -11
1488.6, -8, -11
1488.7, -8, -11
1488.8, -8, -11
1488.9, -8, -11
1489, -8, -11
1489.1, -8, -11
1489.2, -8, -11
1489.3, -8, -11
1489.4, -8, -11
1489.5, -8, -11
1489.6, -8, -11
1489.7, -8, -11
1489.8, -8, -11
1489.9, -8, -11
1490, -8, -11
1490.1, -8, -11
1490.2, -8, -11
1490.3, -8, -11
1490.4, -8, -11
1490.5, -9, -11
1490.6, -9, -11
1490.7, -9, -11
1490.8, -9, -11
1490.9, -9, -11
1491, -9, -11
1491.1, -9, -11
1491.2, -9, -11
1491.3, -9, -11
1491.4, -9, -11
1491.5, -9, -11
1491.6, -9, -11
1491.7, -9, -11
1491.8, -9, -11
1491.9, -9, -11
1492, -9, -11
1492.1, -9, -11
1492.2, -9, -11
1492.3, -9, -11
1492.4, -9, -11
1492.5, -9, -11
1492.6, -9, -11
1492.7, -9, -11
1492.8, -9, -11
1492.9, -9, -11
1493, -9, -11
1493.1, -9, -11
1493.2, -9, -11
1493.3, -9, -11
1493.4, -9, -11
1493.5, -9, -10
1493.6, -9, -10
1493.7, -9, -10
1493.8, -9, -10
1493.9, -9, -10
1494, -9, -10
1494.1, -9, -10
1494.2, -9, -10
1494.3, -9, -10
1494.4, -9, -10
1494.5, -9, -10
1494.6, -9, -10
1494.7, -9, -10
1494.8, -9, -10
1494.9, -9, -10
1495, -9, -10
1495.1, -9, -10
1495.2, -9, -10
1495.3, -9, -10
1495.4, -9, -10
1495.5, -9, -10
1495.6, -9, -10
1495.7, -9, -10
1495.8, -9, -10
1495.9, -9, -10
1496, -9, -10
1496.1, -9, -11
1496.2, -9, -11
1496.3, -9, -11
1496.4, -9, -11
1496.5, -9, -11
1496.6, -9, -11
1496.7, -9, -11
1496.8, -9, -11
1496.9, -9, -11
1497, -9, -11
1497.1, -9, -11
1497.2, -9, -11
1497.3, -10, -11
1497.4, -10, -11
1497.5, -10, -11
1497.6, -10, -11
1497.7, -10, -11
1497.8, -10, -11
1497.9, -10, -11
1498, -10, -11
1498.1, -10, -11
1498.2, -10, -11
1498.3, -10, -11
1498.4, -10, -11
1498.5, -10, -11
1498.6, -10, -11
1498.7, -10, -11
1498.8, -10, -11
1498.9, -10, -11
1499, -10, -11
1499.1, -10, -11
1499.2, -10, -11
1499.3, -10, -11
1499.4, -10, -11
1499.5, -11, -11
1499.6, -11, -11
1499.7, -11, -11
1499.8, -11, -11
1499.9, -11, -11
1500, -11, -11
1500.1, -11, -11
1500.2, -11, -11
1500.3, -11, -11
1500.4, -11, -11
1500.5, -11, -11
1500.6, -11, -11
1500.7, -11, -11
1500.8, -11, -11
1500.9, -11, -11
1501, -11, -11
1501.1, -11, -11
1501.2, -11, -11
1501.3, -11, -11
1501.4, -11, -11
1501.5, -11, -11
1501.6, -11, -11
1501.7, -11, -11
1501.8, -11, -11
1501.9, -11, -11
1502, -11, -11
1502.1, -11, -11
1502.2, -11, -11
1502.3, -11, -11
1502.4, -11, -11
1502.5, -11, -11
1502.6, -11, -11
1502.7, -11, -11
1502.8, -11, -11
1502.9, -11, -11
1503, -11, -11
1503.1, -11, -11
1503.2, -11, -11
1503.3, -11, -11
1503.4, -11, -11
1503.5, -11, -11
1503.6, -11, -11
1503.7, -11, -11
1503.8, -11, -11
1503.9, -11, -12
1504, -11, -12
1504.1, -11, -12
1504.2, -11, -12
1504.3, -11, -12
1504.4, -11, -12
1504.5, -11, -12
1504.6, -11, -12
1504.7, -12, -12
1504.8, -12, -12
1504.9, -12, -12
1505, -12, -12
1505.1, -12, -12
1505.2, -12, -12
1505.3, -12, -12
1505.4, -12, -12
1505.5, -12, -12
1505.6, -12, -12
1505.7, -12, -12
1505.8, -12, -12
1505.9, -12, -12
1506, -12, -12
1506.1, -12, -12
1506.2, -12, -12
1506.3, -12, -12
1506.4, -12, -12
1506.5, -12, -12
1506.6, -12, -12
1506.7, -12, -12
1506.8, -12, -12
1506.9, -12, -12
1507, -12, -12
1507.1, -12, -12
1507.2, -12, -12
1507.3, -12, -12
1507.4, -12, -12
1507.5, -12, -12
1507.6, -12, -12
1507.7, -12, -12
1507.8, -12, -12
1507.9, -12, -12
1508, -12, -12
1508.1, -12, -12
1508.2, -12, -12
1508.3, -12, -12
1508.4, -12, -12
1508.5, -12, -12
1508.6, -12, -12
1508.7, -12, -12
1508.8, -12, -12
1508.9, -12, -12
1509, -12, -12
1509.1, -12, -12
1509.2, -12, -12
1509.3, -13, -12
1509.4, -13, -12
1509.5, -13, -12
1509.6, -13, -12
1509.7, -13, -12
1509.8, -13, -12
1509.9, -13, -12
1510, -13, -12
1510.1, -13, -12
1510.2, -13, -12
1510.3, -13, -12
1510.4, -13, -12
1510.5, -13, -13
1510.6, -13, -13
1510.7, -13, -13
1510.8, -13, -13
1510.9, -13, -13
1511, -13, -13
1511.1, -13, -13
1511.2, -13, -13
1511.3, -13, -12
1511.4, -13, -12
1511.5, -13, -12
1511.6, -13, -12
1511.7, -13, -12
1511.8, -13, -12
1511.9, -13, -12
1512, -13, -12
1512.1, -13, -12
1512.2, -13, -12
1512.3, -13, -12
1512.4, -13, -12
1512.5, -13, -12
1512.6, -13, -12
1512.7, -13, -12
1512.8, -13, -12
1512.9, -13, -12
1513, -13, -12
1513.1, -13, -12
1513.2, -13, -12
1513.3, -13, -12
1513.4, -13, -12
1513.5, -13, -12
1513.6, -13, -12
1513.7, -14, -12
1513.8, -14, -12
1513.9, -14, -12
1514, -14, -12
1514.1, -14, -12
1514.2, -14, -12
1514.3, -14, -12
1514.4, -14, -12
1514.5, -14, -12
1514.6, -14, -12
1514.7, -14, -12
1514.8, -14, -12
1514.9, -14, -12
1515, -14, -12
1515.1, -14, -12
1515.2, -14, -12
1515.3, -14, -12
1515.4, -14, -12
1515.5, -14, -12
1515.6, -14, -12
1515.7, -14, -12
1515.8, -14, -12
1515.9, -14, -12
1516, -14, -12
1516.1, -14, -12
1516.2, -14, -12
1516.3, -13, -12
1516.4, -13, -12
1516.5, -13, -12
1516.6, -13, -12
1516.7, -12, -12
1516.8, -12, -12
1516.9, -12, -12
1517, -12, -12
1517.1, -12, -12
1517.2, -12, -12
1517.3, -12, -12
1517.4, -12, -12
1517.5, -12, -12
1517.6, -12, -12
1517.7, -12, -12
1517.8, -12, -12
1517.9, -12, -11
1518, -12, -11
1518.1, -12, -11
1518.2, -12, -11
1518.3, -12, -11
1518.4, -12, -11
1518.5, -12, -11
1518.6, -12, -11
1518.7, -12, -11
1518.8, -12, -11
1518.9, -12, -11
1519, -12, -11
1519.1, -12, -11
1519.2, -12, -11
1519.3, -12, -11
1519.4, -12, -11
1519.5, -12, -11
1519.6, -12, -11
1519.7, -12, -11
1519.8, -12, -11
1519.9, -12, -11
1520, -12, -11
1520.1, -12, -11
1520.2, -12, -11
1520.3, -12, -11
1520.4, -12, -11
1520.5, -12, -11
1520.6, -12, -11
1520.7, -12, -11
1520.8, -12, -11
1520.9, -12, -11
1521, -12, -11
1521.1, -12, -11
1521.2, -12, -11
1521.3, -12, -12
1521.4, -12, -12
1521.5, -12, -13
1521.6, -12, -13
1521.7, -12, -13
1521.8, -12, -13
1521.9, -12, -13
1522, -12, -13
1522.1, -12, -13
1522.2, -12, -13
1522.3, -12, -13
1522.4, -12, -13
1522.5, -12, -13
1522.6, -12, -13
1522.7, -12, -13
1522.8, -12, -13
1522.9, -13, -13
1523, -13, -13
1523.1, -13, -13
1523.2, -13, -13
1523.3, -13, -13
1523.4, -13, -13
1523.5, -13, -13
1523.6, -13, -13
1523.7, -13, -13
1523.8, -13, -13
1523.9, -13, -13
1524, -13, -13
1524.1, -13, -13
1524.2, -13, -13
1524.3, -13, -12
1524.4, -13, -12
1524.5, -13, -12
1524.6, -13, -12
1524.7, -13, -12
1524.8, -13, -12
1524.9, -13, -12
1525, -13, -12
1525.1, -13, -12
1525.2, -13, -12
1525.3, -13, -12
1525.4, -13, -12
1525.5, -13, -12
1525.6, -13, -12
1525.7, -13, -12
1525.8, -13, -12
1525.9, -13, -12
1526, -13, -12
1526.1, -13, -12
1526.2, -13, -12
1526.3, -13, -12
1526.4, -13, -12
1526.5, -13, -12
1526.6, -13, -12
1526.7, -13, -12
1526.8, -13, -12
1526.9, -13, -12
1527, -13, -12
1527.1, -13, -12
1527.2, -13, -12
1527.3, -13, -12
1527.4, -13, -12
1527.5, -13, -12
1527.6, -13, -12
1527.7, -13, -12
1527.8, -13, -12
1527.9, -13, -12
1528, -13, -12
1528.1, -13, -12
1528.2, -13, -12
1528.3, -13, -12
1528.4, -13, -12
1528.5, -13, -12
1528.6, -13, -12
1528.7, -13, -12
1528.8, -13, -12
1528.9, -13, -12
1529, -13, -12
1529.1, -13, -12
1529.2, -13, -12
1529.3, -13, -12
1529.4, -13, -12
1529.5, -13, -13
1529.6, -13, -13
1529.7, -13, -13
1529.8, -13, -13
1529.9, -13, -13
1530, -13, -13
1530.1, -13, -13
1530.2, -13, -13
1530.3, -13, -13
1530.4, -13, -13
1530.5, -13, -13
1530.6, -13, -13
1530.7, -13, -13
1530.8, -13, -13
1530.9, -13, -13
1531, -13, -13
1531.1, -13, -13
1531.2, -13, -13
1531.3, -13, -13
1531.4, -13, -13
1531.5, -13, -13
1531.6, -13, -13
1531.7, -13, -13
1531.8, -13, -13
1531.9, -13, -13
1532, -13, -13
1532.1, -13, -13
1532.2, -13, -13
1532.3, -13, -13
1532.4, -13, -13
1532.5, -13, -13
1532.6, -13, -13
1532.7, -13, -13
1532.8, -13, -13
1532.9, -13, -13
1533, -13, -13
1533.1, -12, -13
1533.2, -12, -13
1533.3, -12, -13
1533.4, -12, -13
1533.5, -12, -13
1533.6, -12, -13
1533.7, -12, -13
1533.8, -12, -13
1533.9, -12, -13
1534, -12, -13
1534.1, -12, -13
1534.2, -12, -13
1534.3, -12, -13
1534.4, -12, -13
1534.5, -12, -13
1534.6, -12, -13
1534.7, -12, -14
1534.8, -12, -14
1534.9, -12, -14
1535, -12, -14
1535.1, -12, -13
1535.2, -12, -13
1535.3, -12, -13
1535.4, -12, -13
1535.5, -12, -13
1535.6, -12, -13
1535.7, -12, -13
1535.8, -12, -13
1535.9, -12, -13
1536, -12, -13
1536.1, -13, -13
1536.2, -13, -13
1536.3, -13, -13
1536.4, -13, -13
1536.5, -13, -13
1536.6, -13, -13
1536.7, -13, -13
1536.8, -13, -13
1536.9, -13, -13
1537, -13, -13
1537.1, -14, -13
1537.2, -14, -13
1537.3, -14, -13
1537.4, -14, -13
1537.5, -14, -13
1537.6, -14, -13
1537.7, -14, -13
1537.8, -14, -13
1537.9, -14, -13
1538, -14, -13
1538.1, -14, -13
1538.2, -14, -13
1538.3, -14, -13
1538.4, -14, -13
1538.5, -14, -13
1538.6, -14, -13
1538.7, -14, -13
1538.8, -14, -13
1538.9, -14, -13
1539, -14, -13
1539.1, -14, -13
1539.2, -14, -13
1539.3, -14, -13
1539.4, -14, -13
1539.5, -14, -13
1539.6, -14, -13
1539.7, -14, -13
1539.8, -14, -13
1539.9, -14, -13
1540, -14, -13
1540.1, -14, -13
1540.2, -14, -13
1540.3, -14, -13
1540.4, -14, -13
1540.5, -14, -13
1540.6, -14, -13
1540.7, -14, -13
1540.8, -14, -13
1540.9, -14, -13
1541, -14, -13
1541.1, -14, -14
1541.2, -14, -14
1541.3, -14, -14
1541.4, -14, -14
1541.5, -14, -14
1541.6, -14, -14
1541.7, -14, -14
1541.8, -14, -14
1541.9, -14, -14
1542, -14, -14
1542.1, -14, -14
1542.2, -14, -14
1542.3, -14, -14
1542.4, -14, -14
1542.5, -14, -14
1542.6, -14, -14
1542.7, -14, -14
1542.8, -14, -14
1542.9, -14, -14
1543, -14, -14
1543.1, -14, -14
1543.2, -14, -14
1543.3, -14, -14
1543.4, -14, -14
1543.5, -14, -14
1543.6, -14, -14
1543.7, -14, -14
1543.8, -14, -14
1543.9, -14, -14
1544, -14, -14
1544.1, -14, -14
1544.2, -14, -14
1544.3, -14, -15
1544.4, -14, -15
1544.5, -14, -15
1544.6, -14, -15
1544.7, -14, -15
1544.8, -14, -15
1544.9, -14, -15
1545, -14, -15
1545.1, -14, -15
1545.2, -14, -15
1545.3, -14, -15
1545.4, -14, -15
1545.5, -14, -15
1545.6, -14, -15
1545.7, -14, -15
1545.8, -14, -15
1545.9, -14, -15
1546, -14, -15
1546.1, -14, -14
1546.2, -14, -14
1546.3, -14, -14
1546.4, -14, -14
1546.5, -14, -13
1546.6, -14, -13
1546.7, -14, -13
1546.8, -14, -13
1546.9, -14, -13
1547, -14, -13
1547.1, -14, -13
1547.2, -14, -13
1547.3, -13, -13
1547.4, -13, -13
1547.5, -12, -13
1547.6, -12, -13
1547.7, -12, -13
1547.8, -12, -13
1547.9, -12, -13
1548, -12, -13
1548.1, -12, -13
1548.2, -12, -13
1548.3, -12, -13
1548.4, -12, -13
1548.5, -12, -13
1548.6, -12, -13
1548.7, -12, -13
1548.8, -12, -13
1548.9, -12, -13
1549, -12, -13
1549.1, -12, -13
1549.2, -12, -13
1549.3, -13, -13
1549.4, -13, -13
1549.5, -13, -13
1549.6, -13, -13
1549.7, -13, -13
1549.8, -13, -13
1549.9, -13, -13
1550, -13, -13
1550.1, -13, -13
1550.2, -13, -13
1550.3, -13, -13
1550.4, -13, -13
1550.5, -13, -13
1550.6, -13, -13
1550.7, -13, -14
1550.8, -13, -14
1550.9, -13, -14
1551, -13, -14
1551.1, -13, -14
1551.2, -13, -14
1551.3, -12, -14
1551.4, -12, -14
1551.5, -12, -14
1551.6, -12, -14
1551.7, -12, -13
1551.8, -12, -13
1551.9, -12, -13
1552, -12, -13
1552.1, -12, -13
1552.2, -12, -13
1552.3, -12, -13
1552.4, -12, -13
1552.5, -12, -13
1552.6, -12, -13
1552.7, -12, -13
1552.8, -12, -13
1552.9, -12, -13
1553, -12, -13
1553.1, -12, -13
1553.2, -12, -13
1553.3, -12, -13
1553.4, -12, -13
1553.5, -12, -13
1553.6, -12, -13
1553.7, -12, -13
1553.8, -12, -13
1553.9, -12, -13
1554, -12, -13
1554.1, -12, -13
1554.2, -12, -13
1554.3, -12, -13
1554.4, -12, -13
1554.5, -12, -13
1554.6, -12, -13
1554.7, -12, -13
1554.8, -12, -13
1554.9, -12, -13
1555, -12, -13
1555.1, -12, -13
1555.2, -12, -13
1555.3, -12, -14
1555.4, -12, -14
1555.5, -12, -14
1555.6, -12, -14
1555.7, -12, -14
1555.8, -12, -14
1555.9, -12, -14
1556, -12, -14
1556.1, -12, -14
1556.2, -12, -14
1556.3, -12, -14
1556.4, -12, -14
1556.5, -12, -14
1556.6, -12, -14
1556.7, -12, -14
1556.8, -12, -14
1556.9, -12, -14
1557, -12, -14
1557.1, -12, -14
1557.2, -12, -14
1557.3, -12, -14
1557.4, -12, -14
1557.5, -12, -14
1557.6, -12, -14
1557.7, -12, -14
1557.8, -12, -14
1557.9, -12, -14
1558, -12, -14
1558.1, -12, -15
1558.2, -12, -15
1558.3, -12, -15
1558.4, -12, -15
1558.5, -12, -15
1558.6, -12, -15
1558.7, -12, -15
1558.8, -12, -15
1558.9, -12, -15
1559, -12, -15
1559.1, -12, -15
1559.2, -12, -15
1559.3, -12, -15
1559.4, -12, -15
1559.5, -12, -15
1559.6, -12, -15
1559.7, -12, -15
1559.8, -12, -15
1559.9, -12, -15
1560, -12, -15
1560.1, -12, -15
1560.2, -12, -15
1560.3, -12, -15
1560.4, -12, -15
1560.5, -12, -15
1560.6, -12, -15
1560.7, -12, -15
1560.8, -12, -15
1560.9, -12, -15
1561, -12, -15
1561.1, -12, -15
1561.2, -12, -15
1561.3, -12, -15
1561.4, -12, -15
1561.5, -12, -15
1561.6, -12, -15
1561.7, -12, -16
1561.8, -12, -16
1561.9, -12, -16
1562, -12, -16
1562.1, -12, -16
1562.2, -12, -16
1562.3, -12, -16
1562.4, -12, -16
1562.5, -12, -16
1562.6, -12, -16
1562.7, -12, -16
1562.8, -12, -16
1562.9, -12, -16
1563, -12, -16
1563.1, -12, -16
1563.2, -12, -16
1563.3, -12, -16
1563.4, -12, -16
1563.5, -12, -15
1563.6, -12, -15
1563.7, -12, -15
1563.8, -12, -15
1563.9, -12, -15
1564, -12, -15
1564.1, -12, -15
1564.2, -12, -15
1564.3, -12, -15
1564.4, -12, -15
1564.5, -12, -15
1564.6, -12, -15
1564.7, -12, -15
1564.8, -12, -15
1564.9, -12, -15
1565, -12, -15
1565.1, -12, -15
1565.2, -12, -15
1565.3, -12, -15
1565.4, -12, -15
1565.5, -11, -15
1565.6, -11, -15
1565.7, -11, -15
1565.8, -11, -15
1565.9, -11, -15
1566, -11, -15
1566.1, -11, -15
1566.2, -11, -15
1566.3, -11, -15
1566.4, -11, -15
1566.5, -11, -15
1566.6, -11, -15
1566.7, -11, -15
1566.8, -11, -15
1566.9, -11, -15
1567, -11, -15
1567.1, -11, -15
1567.2, -11, -15
1567.3, -11, -15
1567.4, -11, -15
1567.5, -11, -15
1567.6, -11, -15
1567.7, -11, -15
1567.8, -11, -15
1567.9, -11, -15
1568, -11, -15
1568.1, -11, -15
1568.2, -11, -15
1568.3, -11, -15
1568.4, -11, -15
1568.5, -11, -15
1568.6, -11, -15
1568.7, -11, -15
1568.8, -11, -15
1568.9, -11, -15
1569, -11, -15
1569.1, -11, -15
1569.2, -11, -15
1569.3, -11, -15
1569.4, -11, -15
1569.5, -11, -15
1569.6, -11, -15
1569.7, -11, -15
1569.8, -11, -15
1569.9, -11, -15
1570, -11, -15
1570.1, -11, -15
1570.2, -11, -15
1570.3, -11, -15
1570.4, -11, -15
1570.5, -11, -15
1570.6, -11, -15
1570.7, -11, -14
1570.8, -11, -14
1570.9, -11, -14
1571, -11, -14
1571.1, -11, -14
1571.2, -11, -14
1571.3, -11, -14
1571.4, -11, -14
1571.5, -11, -14
1571.6, -11, -14
1571.7, -11, -14
1571.8, -11, -14
1571.9, -11, -14
1572, -11, -14
1572.1, -11, -14
1572.2, -11, -14
1572.3, -11, -14
1572.4, -11, -14
1572.5, -11, -14
1572.6, -11, -14
1572.7, -11, -14
1572.8, -11, -14
1572.9, -11, -14
1573, -11, -14
1573.1, -11, -14
1573.2, -11, -14
1573.3, -11, -14
1573.4, -11, -14
1573.5, -11, -14
1573.6, -11, -14
1573.7, -11, -14
1573.8, -11, -14
1573.9, -11, -14
1574, -11, -14
1574.1, -11, -14
1574.2, -11, -14
1574.3, -10, -14
1574.4, -10, -14
1574.5, -10, -14
1574.6, -10, -14
1574.7, -10, -14
1574.8, -10, -14
1574.9, -10, -14
1575, -10, -14
1575.1, -10, -14
1575.2, -10, -14
1575.3, -10, -14
1575.4, -10, -14
1575.5, -10, -14
1575.6, -10, -14
1575.7, -10, -14
1575.8, -10, -14
1575.9, -10, -14
1576, -10, -14
1576.1, -10, -15
1576.2, -10, -15
1576.3, -10, -15
1576.4, -10, -15
1576.5, -10, -15
1576.6, -10, -15
1576.7, -10, -15
1576.8, -10, -15
1576.9, -10, -15
1577, -10, -15
1577.1, -10, -15
1577.2, -10, -15
1577.3, -10, -15
1577.4, -10, -15
1577.5, -10, -15
1577.6, -10, -15
1577.7, -10, -15
1577.8, -10, -15
1577.9, -10, -15
1578, -10, -15
1578.1, -10, -15
1578.2, -10, -15
1578.3, -10, -15
1578.4, -10, -15
1578.5, -10, -15
1578.6, -10, -15
1578.7, -10, -15
1578.8, -10, -15
1578.9, -10, -15
1579, -10, -15
1579.1, -10, -15
1579.2, -10, -15
1579.3, -10, -15
1579.4, -10, -15
1579.5, -10, -15
1579.6, -10, -15
1579.7, -10, -15
1579.8, -10, -15
1579.9, -10, -15
1580, -10, -15
1580.1, -10, -15
1580.2, -10, -15
1580.3, -10, -15
1580.4, -10, -15
1580.5, -10, -15
1580.6, -10, -15
1580.7, -10, -15
1580.8, -10, -15
1580.9, -10, -15
1581, -10, -15
1581.1, -10, -15
1581.2, -10, -15
1581.3, -10, -15
1581.4, -10, -15
1581.5, -10, -15
1581.6, -10, -15
1581.7, -10, -15
1581.8, -10, -15
1581.9, -10, -15
1582, -10, -15
1582.1, -10, -15
1582.2, -10, -15
1582.3, -10, -15
1582.4, -10, -15
1582.5, -10, -15
1582.6, -10, -15
1582.7, -10, -15
1582.8, -10, -15
1582.9, -10, -15
1583, -10, -15
1583.1, -10, -15
1583.2, -10, -15
1583.3, -10, -15
1583.4, -10, -15
1583.5, -10, -15
1583.6, -10, -15
1583.7, -9, -15
1583.8, -9, -15
1583.9, -9, -15
1584, -9, -15
1584.1, -9, -15
1584.2, -9, -15
1584.3, -9, -15
1584.4, -9, -15
1584.5, -9, -15
1584.6, -9, -15
1584.7, -9, -15
1584.8, -9, -15
1584.9, -9, -15
1585, -9, -15
1585.1, -9, -15
1585.2, -9, -15
1585.3, -9, -15
1585.4, -9, -15
1585.5, -9, -15
1585.6, -9, -15
1585.7, -9, -15
1585.8, -9, -15
1585.9, -9, -15
1586, -9, -15
1586.1, -10, -15
1586.2, -10, -15
1586.3, -10, -15
1586.4, -10, -15
1586.5, -10, -15
1586.6, -10, -15
1586.7, -10, -14
1586.8, -10, -14
1586.9, -10, -14
1587, -10, -14
1587.1, -10, -14
1587.2, -10, -14
1587.3, -10, -14
1587.4, -10, -14
1587.5, -10, -14
1587.6, -10, -14
1587.7, -10, -14
1587.8, -10, -14
1587.9, -10, -14
1588, -10, -14
1588.1, -10, -14
1588.2, -10, -14
1588.3, -10, -14
1588.4, -10, -14
1588.5, -10, -14
1588.6, -10, -14
1588.7, -10, -14
1588.8, -10, -14
1588.9, -10, -14
1589, -10, -14
1589.1, -10, -14
1589.2, -10, -14
1589.3, -10, -14
1589.4, -10, -14
1589.5, -10, -14
1589.6, -10, -14
1589.7, -10, -14
1589.8, -10, -14
1589.9, -10, -14
1590, -10, -14
1590.1, -10, -14
1590.2, -10, -14
1590.3, -10, -14
1590.4, -10, -14
1590.5, -10, -15
1590.6, -10, -15
1590.7, -10, -15
1590.8, -10, -15
1590.9, -10, -15
1591, -10, -15
1591.1, -10, -15
1591.2, -10, -15
1591.3, -10, -15
1591.4, -10, -15
1591.5, -10, -15
1591.6, -10, -15
1591.7, -10, -15
1591.8, -10, -15
1591.9, -10, -15
1592, -10, -15
1592.1, -10, -15
1592.2, -10, -15
1592.3, -10, -15
1592.4, -10, -15
1592.5, -10, -15
1592.6, -10, -15
1592.7, -10, -15
1592.8, -10, -15
1592.9, -10, -15
1593, -10, -15
1593.1, -10, -15
1593.2, -10, -15
1593.3, -10, -15
1593.4, -10, -15
1593.5, -10, -15
1593.6, -10, -15
1593.7, -10, -15
1593.8, -10, -15
1593.9, -10, -15
1594, -10, -15
1594.1, -10, -15
1594.2, -10, -15
1594.3, -10, -15
1594.4, -10, -15
1594.5, -10, -15
1594.6, -10, -15
1594.7, -10, -15
1594.8, -10, -15
1594.9, -10, -15
1595, -10, -15
1595.1, -10, -15
1595.2, -10, -15
1595.3, -10, -15
1595.4, -10, -15
1595.5, -10, -15
1595.6, -10, -15
1595.7, -10, -15
1595.8, -10, -15
1595.9, -10, -15
1596, -10, -15
1596.1, -10, -15
1596.2, -10, -15
1596.3, -10, -15
1596.4, -10, -15
1596.5, -10, -15
1596.6, -10, -15
1596.7, -11, -15
1596.8, -11, -15
1596.9, -11, -15
1597, -11, -15
1597.1, -11, -15
1597.2, -11, -15
1597.3, -11, -15
1597.4, -11, -15
1597.5, -11, -15
1597.6, -11, -15
1597.7, -11, -15
1597.8, -11, -15
1597.9, -11, -15
1598, -11, -15
1598.1, -11, -15
1598.2, -11, -15
1598.3, -11, -14
1598.4, -11, -14
1598.5, -11, -14
1598.6, -11, -14
1598.7, -11, -14
1598.8, -11, -14
1598.9, -11, -14
1599, -11, -14
1599.1, -11, -14
1599.2, -11, -14
1599.3, -11, -15
1599.4, -11, -15
1599.5, -11, -15
1599.6, -11, -15
1599.7, -11, -15
1599.8, -11, -15
1599.9, -11, -15
1600, -11, -15
1600.1, -11, -15
1600.2, -11, -15
1600.3, -11, -15
1600.4, -11, -15
1600.5, -11, -16
1600.6, -11, -16
1600.7, -11, -16
1600.8, -11, -16
1600.9, -11, -16
1601, -11, -16
1601.1, -11, -16
1601.2, -11, -16
1601.3, -11, -16
1601.4, -11, -16
1601.5, -11, -16
1601.6, -11, -16
1601.7, -11, -16
1601.8, -11, -16
1601.9, -11, -16
1602, -11, -16
1602.1, -11, -16
1602.2, -11, -16
1602.3, -11, -16
1602.4, -11, -16
1602.5, -11, -16
1602.6, -11, -16
1602.7, -11, -16
1602.8, -11, -16
1602.9, -11, -16
1603, -11, -16
1603.1, -11, -16
1603.2, -11, -16
1603.3, -11, -16
1603.4, -11, -16
1603.5, -11, -16
1603.6, -11, -16
1603.7, -11, -16
1603.8, -11, -16
1603.9, -11, -16
1604, -11, -16
1604.1, -11, -16
1604.2, -11, -16
1604.3, -11, -16
1604.4, -11, -16
1604.5, -11, -16
1604.6, -11, -16
1604.7, -11, -16
1604.8, -11, -16
1604.9, -11, -16
1605, -11, -16
1605.1, -11, -16
1605.2, -11, -16
1605.3, -11, -16
1605.4, -11, -16
1605.5, -11, -16
1605.6, -11, -16
1605.7, -11, -16
1605.8, -11, -16
1605.9, -11, -16
1606, -11, -16
1606.1, -11, -16
1606.2, -11, -16
1606.3, -11, -16
1606.4, -11, -16
1606.5, -12, -16
1606.6, -12, -16
1606.7, -12, -16
1606.8, -12, -16
1606.9, -12, -16
1607, -12, -16
1607.1, -12, -16
1607.2, -12, -16
1607.3, -12, -16
1607.4, -12, -16
1607.5, -12, -16
1607.6, -12, -16
1607.7, -12, -16
1607.8, -12, -16
1607.9, -12, -16
1608, -12, -16
1608.1, -12, -17
1608.2, -12, -17
1608.3, -12, -17
1608.4, -12, -17
1608.5, -12, -17
1608.6, -12, -17
1608.7, -12, -17
1608.8, -12, -17
1608.9, -12, -17
1609, -12, -17
1609.1, -13, -17
1609.2, -13, -17
1609.3, -13, -17
1609.4, -13, -17
1609.5, -13, -17
1609.6, -13, -17
1609.7, -13, -17
1609.8, -13, -17
1609.9, -13, -17
1610, -13, -17
1610.1, -13, -17
1610.2, -13, -17
1610.3, -13, -17
1610.4, -13, -17
1610.5, -13, -17
1610.6, -13, -17
1610.7, -13, -17
1610.8, -13, -17
1610.9, -13, -17
1611, -13, -17
1611.1, -13, -17
1611.2, -13, -17
1611.3, -13, -17
1611.4, -13, -17
1611.5, -14, -17
1611.6, -14, -17
1611.7, -14, -17
1611.8, -14, -17
1611.9, -14, -17
1612, -14, -17
1612.1, -14, -17
1612.2, -14, -17
1612.3, -14, -18
1612.4, -14, -18
1612.5, -14, -18
1612.6, -14, -18
1612.7, -14, -18
1612.8, -14, -18
1612.9, -14, -18
1613, -14, -18
1613.1, -14, -18
1613.2, -14, -18
1613.3, -14, -18
1613.4, -14, -18
1613.5, -14, -19
1613.6, -14, -19
1613.7, -14, -19
1613.8, -14, -19
1613.9, -14, -19
1614, -14, -19
1614.1, -14, -19
1614.2, -14, -19
1614.3, -14, -19
1614.4, -14, -19
1614.5, -14, -18
1614.6, -14, -18
1614.7, -14, -18
1614.8, -14, -18
1614.9, -14, -18
1615, -14, -18
1615.1, -14, -17
1615.2, -14, -17
1615.3, -14, -17
1615.4, -14, -17
1615.5, -14, -17
1615.6, -14, -17
1615.7, -14, -17
1615.8, -14, -17
1615.9, -14, -17
1616, -14, -17
1616.1, -14, -17
1616.2, -14, -17
1616.3, -14, -17
1616.4, -14, -17
1616.5, -14, -17
1616.6, -14, -17
1616.7, -14, -18
1616.8, -14, -18
1616.9, -14, -18
1617, -14, -18
1617.1, -14, -18
1617.2, -14, -18
1617.3, -14, -18
1617.4, -14, -18
1617.5, -14, -18
1617.6, -14, -18
1617.7, -14, -18
1617.8, -14, -18
1617.9, -14, -18
1618, -14, -18
1618.1, -14, -18
1618.2, -14, -18
1618.3, -14, -17
1618.4, -14, -17
1618.5, -14, -17
1618.6, -14, -17
1618.7, -14, -17
1618.8, -14, -17
1618.9, -14, -17
1619, -14, -17
1619.1, -14, -17
1619.2, -14, -17
1619.3, -14, -17
1619.4, -14, -17
1619.5, -14, -17
1619.6, -14, -17
1619.7, -14, -17
1619.8, -14, -17
1619.9, -14, -17
1620, -14, -17
1620.1, -14, -17
1620.2, -14, -17
1620.3, -14, -17
1620.4, -14, -17
1620.5, -14, -17
1620.6, -14, -17
1620.7, -14, -17
1620.8, -14, -17
1620.9, -14, -17
1621, -14, -17
1621.1, -14, -17
1621.2, -14, -17
1621.3, -14, -17
1621.4, -14, -17
1621.5, -14, -17
1621.6, -14, -17
1621.7, -14, -17
1621.8, -14, -17
1621.9, -14, -17
1622, -14, -17
1622.1, -14, -17
1622.2, -14, -17
1622.3, -14, -17
1622.4, -14, -17
1622.5, -14, -17
1622.6, -14, -17
1622.7, -14, -17
1622.8, -14, -17
1622.9, -14, -17
1623, -14, -17
1623.1, -14, -17
1623.2, -14, -17
1623.3, -14, -17
1623.4, -14, -17
1623.5, -14, -17
1623.6, -14, -17
1623.7, -14, -17
1623.8, -14, -17
1623.9, -14, -17
1624, -14, -17
1624.1, -14, -17
1624.2, -14, -17
1624.3, -14, -17
1624.4, -14, -17
1624.5, -14, -17
1624.6, -14, -17
1624.7, -14, -17
1624.8, -14, -17
1624.9, -14, -17
1625, -14, -17
1625.1, -14, -17
1625.2, -14, -17
1625.3, -14, -17
1625.4, -14, -17
1625.5, -14, -17
1625.6, -14, -17
1625.7, -14, -17
1625.8, -14, -17
1625.9, -14, -17
1626, -14, -17
1626.1, -14, -17
1626.2, -14, -17
1626.3, -14, -17
1626.4, -14, -17
1626.5, -14, -17
1626.6, -14, -17
1626.7, -14, -17
1626.8, -14, -17
1626.9, -14, -17
1627, -14, -17
1627.1, -14, -17
1627.2, -14, -17
1627.3, -14, -17
1627.4, -14, -17
1627.5, -14, -17
1627.6, -14, -17
1627.7, -14, -17
1627.8, -14, -17
1627.9, -14, -17
1628, -14, -17
1628.1, -14, -17
1628.2, -14, -17
1628.3, -14, -17
1628.4, -14, -17
1628.5, -14, -17
1628.6, -14, -17
1628.7, -14, -17
1628.8, -14, -17
1628.9, -14, -17
1629, -14, -17
1629.1, -14, -16
1629.2, -14, -16
1629.3, -14, -16
1629.4, -14, -16
1629.5, -14, -16
1629.6, -14, -16
1629.7, -14, -16
1629.8, -14, -16
1629.9, -14, -16
1630, -14, -16
1630.1, -14, -16
1630.2, -14, -16
1630.3, -14, -16
1630.4, -14, -16
1630.5, -14, -16
1630.6, -14, -16
1630.7, -14, -16
1630.8, -14, -16
1630.9, -14, -16
1631, -14, -16
1631.1, -14, -16
1631.2, -14, -16
1631.3, -14, -16
1631.4, -14, -16
1631.5, -14, -16
1631.6, -14, -16
1631.7, -14, -16
1631.8, -14, -16
1631.9, -14, -16
1632, -14, -16
1632.1, -14, -16
1632.2, -14, -16
1632.3, -14, -16
1632.4, -14, -16
1632.5, -14, -16
1632.6, -14, -16
1632.7, -14, -16
1632.8, -14, -16
1632.9, -14, -16
1633, -14, -16
1633.1, -14, -16
1633.2, -14, -16
1633.3, -14, -16
1633.4, -14, -16
1633.5, -14, -16
1633.6, -14, -16
1633.7, -14, -16
1633.8, -14, -16
1633.9, -14, -16
1634, -14, -16
1634.1, -14, -16
1634.2, -14, -16
1634.3, -14, -16
1634.4, -14, -16
1634.5, -14, -16
1634.6, -14, -16
1634.7, -14, -16
1634.8, -14, -16
1634.9, -14, -16
1635, -14, -16
1635.1, -14, -16
1635.2, -14, -16
1635.3, -14, -16
1635.4, -14, -16
1635.5, -14, -16
1635.6, -14, -16
1635.7, -14, -16
1635.8, -14, -16
1635.9, -14, -16
1636, -14, -16
1636.1, -14, -16
1636.2, -14, -16
1636.3, -14, -16
1636.4, -14, -16
1636.5, -14, -16
1636.6, -14, -16
1636.7, -14, -16
1636.8, -14, -16
1636.9, -14, -16
1637, -14, -16
1637.1, -14, -16
1637.2, -14, -16
1637.3, -14, -16
1637.4, -14, -16
1637.5, -14, -16
1637.6, -14, -16
1637.7, -14, -16
1637.8, -14, -16
1637.9, -14, -17
1638, -14, -17
1638.1, -14, -17
1638.2, -14, -17
1638.3, -14, -17
1638.4, -14, -17
1638.5, -14, -17
1638.6, -14, -17
1638.7, -14, -17
1638.8, -14, -17
1638.9, -14, -17
1639, -14, -17
1639.1, -14, -17
1639.2, -14, -17
1639.3, -14, -17
1639.4, -14, -17
1639.5, -14, -17
1639.6, -14, -17
1639.7, -14, -17
1639.8, -14, -17
1639.9, -14, -17
1640, -14, -17
1640.1, -13, -17
1640.2, -13, -17
1640.3, -13, -17
1640.4, -13, -17
1640.5, -13, -17
1640.6, -13, -17
1640.7, -13, -17
1640.8, -13, -17
1640.9, -13, -17
1641, -13, -17
1641.1, -13, -17
1641.2, -13, -17
1641.3, -13, -17
1641.4, -13, -17
1641.5, -13, -17
1641.6, -13, -17
1641.7, -13, -17
1641.8, -13, -17
1641.9, -13, -17
1642, -13, -17
1642.1, -13, -17
1642.2, -13, -17
1642.3, -13, -17
1642.4, -13, -17
1642.5, -13, -17
1642.6, -13, -17
1642.7, -13, -17
1642.8, -13, -17
1642.9, -13, -17
1643, -13, -17
1643.1, -13, -17
1643.2, -13, -17
1643.3, -13, -17
1643.4, -13, -17
1643.5, -13, -17
1643.6, -13, -17
1643.7, -13, -17
1643.8, -13, -17
1643.9, -13, -17
1644, -13, -17
1644.1, -13, -17
1644.2, -13, -17
1644.3, -13, -17
1644.4, -13, -17
1644.5, -13, -17
1644.6, -13, -17
1644.7, -13, -17
1644.8, -13, -17
1644.9, -13, -17
1645, -13, -17
1645.1, -13, -17
1645.2, -13, -17
1645.3, -13, -17
1645.4, -13, -17
1645.5, -13, -17
1645.6, -13, -17
1645.7, -13, -17
1645.8, -13, -17
1645.9, -13, -17
1646, -13, -17
1646.1, -13, -17
1646.2, -13, -17
1646.3, -13, -17
1646.4, -13, -17
1646.5, -13, -17
1646.6, -13, -17
1646.7, -13, -17
1646.8, -13, -17
1646.9, -13, -17
1647, -13, -17
1647.1, -14, -17
1647.2, -14, -17
1647.3, -14, -17
1647.4, -14, -17
1647.5, -14, -17
1647.6, -14, -17
1647.7, -14, -17
1647.8, -14, -17
1647.9, -14, -17
1648, -14, -17
1648.1, -14, -17
1648.2, -14, -17
1648.3, -14, -17
1648.4, -14, -17
1648.5, -14, -17
1648.6, -14, -17
1648.7, -15, -17
1648.8, -15, -17
1648.9, -15, -17
1649, -15, -17
1649.1, -16, -17
1649.2, -16, -17
1649.3, -16, -17
1649.4, -16, -17
1649.5, -16, -17
1649.6, -16, -17
1649.7, -16, -17
1649.8, -16, -17
1649.9, -16, -17
1650, -16, -17
1650.1, -16, -17
1650.2, -16, -17
1650.3, -16, -17
1650.4, -16, -17
1650.5, -16, -17
1650.6, -16, -17
1650.7, -16, -17
1650.8, -16, -17
1650.9, -16, -17
1651, -16, -17
1651.1, -16, -17
1651.2, -16, -17
1651.3, -16, -17
1651.4, -16, -17
1651.5, -16, -17
1651.6, -16, -17
1651.7, -16, -17
1651.8, -16, -17
1651.9, -16, -17
1652, -16, -17
1652.1, -16, -17
1652.2, -16, -17
1652.3, -16, -17
1652.4, -16, -17
1652.5, -16, -17
1652.6, -16, -17
1652.7, -16, -17
1652.8, -16, -17
1652.9, -16, -17
1653, -16, -17
1653.1, -16, -17
1653.2, -16, -17
1653.3, -16, -17
1653.4, -16, -17
1653.5, -16, -17
1653.6, -16, -17
1653.7, -16, -17
1653.8, -16, -17
1653.9, -16, -17
1654, -16, -17
1654.1, -16, -17
1654.2, -16, -17
1654.3, -16, -17
1654.4, -16, -17
1654.5, -16, -17
1654.6, -16, -17
1654.7, -16, -17
1654.8, -16, -17
1654.9, -16, -17
1655, -16, -17
1655.1, -16, -17
1655.2, -16, -17
1655.3, -16, -17
1655.4, -16, -17
1655.5, -16, -17
1655.6, -16, -17
1655.7, -16, -17
1655.8, -16, -17
1655.9, -16, -17
1656, -16, -17
1656.1, -16, -17
1656.2, -16, -17
1656.3, -16, -17
1656.4, -16, -17
1656.5, -16, -17
1656.6, -16, -17
1656.7, -16, -17
1656.8, -16, -17
1656.9, -15, -17
1657, -15, -17
1657.1, -15, -17
1657.2, -15, -17
1657.3, -15, -17
1657.4, -15, -17
1657.5, -15, -17
1657.6, -15, -17
1657.7, -15, -17
1657.8, -15, -17
1657.9, -15, -17
1658, -15, -17
1658.1, -15, -17
1658.2, -15, -17
1658.3, -15, -17
1658.4, -15, -17
1658.5, -15, -17
1658.6, -15, -17
1658.7, -15, -17
1658.8, -15, -17
1658.9, -15, -17
1659, -15, -17
1659.1, -15, -17
1659.2, -15, -17
1659.3, -15, -17
1659.4, -15, -17
1659.5, -15, -17
1659.6, -15, -17
1659.7, -15, -17
1659.8, -15, -17
1659.9, -15, -17
1660, -15, -17
1660.1, -15, -17
1660.2, -15, -17
1660.3, -15, -17
1660.4, -15, -17
1660.5, -15, -17
1660.6, -15, -17
1660.7, -15, -17
1660.8, -15, -17
1660.9, -15, -17
1661, -15, -17
1661.1, -15, -17
1661.2, -15, -17
1661.3, -15, -16
1661.4, -15, -16
1661.5, -15, -16
1661.6, -15, -16
1661.7, -15, -16
1661.8, -15, -16
1661.9, -15, -17
1662, -15, -17
1662.1, -15, -17
1662.2, -15, -17
1662.3, -15, -17
1662.4, -15, -17
1662.5, -16, -17
1662.6, -16, -17
1662.7, -16, -17
1662.8, -16, -17
1662.9, -16, -17
1663, -16, -17
1663.1, -16, -17
1663.2, -16, -17
1663.3, -16, -17
1663.4, -16, -17
1663.5, -16, -18
1663.6, -16, -18
1663.7, -16, -18
1663.8, -16, -18
1663.9, -16, -18
1664, -16, -18
1664.1, -17, -18
1664.2, -17, -18
1664.3, -17, -17
1664.4, -17, -17
1664.5, -17, -17
1664.6, -17, -17
1664.7, -17, -17
1664.8, -17, -17
1664.9, -17, -17
1665, -17, -17
1665.1, -17, -17
1665.2, -17, -17
1665.3, -17, -17
1665.4, -17, -17
1665.5, -17, -17
1665.6, -17, -17
1665.7, -17, -17
1665.8, -17, -17
1665.9, -17, -17
1666, -17, -17
1666.1, -18, -17
1666.2, -18, -17
1666.3, -18, -17
1666.4, -18, -17
1666.5, -18, -17
1666.6, -18, -17
1666.7, -18, -17
1666.8, -18, -17
1666.9, -18, -17
1667, -18, -17
1667.1, -18, -17
1667.2, -18, -17
1667.3, -18, -17
1667.4, -18, -17
1667.5, -18, -17
1667.6, -18, -17
1667.7, -18, -16
1667.8, -18, -16
1667.9, -18, -16
1668, -18, -16
1668.1, -18, -16
1668.2, -18, -16
1668.3, -18, -16
1668.4, -18, -16
1668.5, -17, -16
1668.6, -17, -16
1668.7, -17, -16
1668.8, -17, -16
1668.9, -17, -16
1669, -17, -16
1669.1, -17, -16
1669.2, -17, -16
1669.3, -17, -16
1669.4, -17, -16
1669.5, -17, -16
1669.6, -17, -16
1669.7, -17, -16
1669.8, -17, -16
1669.9, -17, -16
1670, -17, -16
1670.1, -17, -16
1670.2, -17, -16
1670.3, -17, -16
1670.4, -17, -16
1670.5, -17, -16
1670.6, -17, -16
1670.7, -17, -16
1670.8, -17, -16
1670.9, -17, -16
1671, -17, -16
1671.1, -17, -16
1671.2, -17, -16
1671.3, -17, -16
1671.4, -17, -16
1671.5, -17, -16
1671.6, -17, -16
1671.7, -17, -16
1671.8, -17, -16
1671.9, -17, -16
1672, -17, -16
1672.1, -17, -16
1672.2, -17, -16
1672.3, -17, -16
1672.4, -17, -16
1672.5, -17, -16
1672.6, -17, -16
1672.7, -17, -16
1672.8, -17, -16
1672.9, -17, -16
1673, -17, -16
1673.1, -17, -16
1673.2, -17, -16
1673.3, -17, -16
1673.4, -17, -16
1673.5, -17, -16
1673.6, -17, -16
1673.7, -17, -16
1673.8, -17, -16
1673.9, -17, -16
1674, -17, -16
1674.1, -17, -16
1674.2, -17, -16
1674.3, -17, -16
1674.4, -17, -16
1674.5, -17, -16
1674.6, -17, -16
1674.7, -17, -16
1674.8, -17, -16
1674.9, -17, -16
1675, -17, -16
1675.1, -17, -16
1675.2, -17, -16
1675.3, -17, -16
1675.4, -17, -16
1675.5, -17, -16
1675.6, -17, -16
1675.7, -17, -17
1675.8, -17, -17
1675.9, -17, -17
1676, -17, -17
1676.1, -17, -17
1676.2, -17, -17
1676.3, -17, -17
1676.4, -17, -17
1676.5, -17, -17
1676.6, -17, -17
1676.7, -17, -17
1676.8, -17, -17
1676.9, -17, -17
1677, -17, -17
1677.1, -17, -17
1677.2, -17, -17
1677.3, -17, -17
1677.4, -17, -17
1677.5, -17, -17
1677.6, -17, -17
1677.7, -17, -17
1677.8, -17, -17
1677.9, -17, -17
1678, -17, -17
1678.1, -17, -17
1678.2, -17, -17
1678.3, -17, -17
1678.4, -17, -17
1678.5, -17, -17
1678.6, -17, -17
1678.7, -17, -17
1678.8, -17, -17
1678.9, -17, -17
1679, -17, -17
1679.1, -17, -17
1679.2, -17, -17
1679.3, -17, -17
1679.4, -17, -17
1679.5, -17, -17
1679.6, -17, -17
1679.7, -17, -17
1679.8, -17, -17
1679.9, -17, -17
1680, -17, -17
1680.1, -17, -17
1680.2, -17, -17
1680.3, -17, -17
1680.4, -17, -17
1680.5, -17, -17
1680.6, -17, -17
1680.7, -17, -17
1680.8, -17, -17
1680.9, -17, -17
1681, -17, -17
1681.1, -17, -17
1681.2, -17, -17
1681.3, -17, -17
1681.4, -17, -17
1681.5, -17, -17
1681.6, -17, -17
1681.7, -17, -17
1681.8, -17, -17
1681.9, -17, -17
1682, -17, -17
1682.1, -17, -17
1682.2, -17, -17
1682.3, -17, -17
1682.4, -17, -17
1682.5, -17, -17
1682.6, -17, -17
1682.7, -17, -17
1682.8, -17, -17
1682.9, -17, -17
1683, -17, -17
1683.1, -17, -17
1683.2, -17, -17
1683.3, -17, -17
1683.4, -17, -17
1683.5, -17, -17
1683.6, -17, -17
1683.7, -17, -17
1683.8, -17, -17
1683.9, -17, -17
1684, -17, -17
1684.1, -17, -17
1684.2, -17, -17
1684.3, -17, -17
1684.4, -17, -17
1684.5, -17, -17
1684.6, -17, -17
1684.7, -17, -17
1684.8, -17, -17
1684.9, -17, -17
1685, -17, -17
1685.1, -17, -17
1685.2, -17, -17
1685.3, -17, -17
1685.4, -17, -17
1685.5, -17, -17
1685.6, -17, -17
1685.7, -17, -17
1685.8, -17, -17
1685.9, -17, -17
1686, -17, -17
1686.1, -17, -17
1686.2, -17, -17
1686.3, -17, -17
1686.4, -17, -17
1686.5, -17, -17
1686.6, -17, -17
1686.7, -17, -17
1686.8, -17, -17
1686.9, -17, -17
1687, -17, -17
1687.1, -17, -17
1687.2, -17, -17
1687.3, -17, -17
1687.4, -17, -17
1687.5, -17, -17
1687.6, -17, -17
1687.7, -17, -17
1687.8, -17, -17
1687.9, -17, -17
1688, -17, -17
1688.1, -17, -17
1688.2, -17, -17
1688.3, -17, -17
1688.4, -17, -17
1688.5, -17, -17
1688.6, -17, -17
1688.7, -17, -17
1688.8, -17, -17
1688.9, -17, -18
1689, -17, -18
1689.1, -17, -18
1689.2, -17, -18
1689.3, -17, -18
1689.4, -17, -18
1689.5, -17, -18
1689.6, -17, -18
1689.7, -17, -18
1689.8, -17, -18
1689.9, -17, -18
1690, -17, -18
1690.1, -17, -18
1690.2, -17, -18
1690.3, -17, -18
1690.4, -17, -18
1690.5, -17, -18
1690.6, -17, -18
1690.7, -17, -18
1690.8, -17, -18
1690.9, -17, -18
1691, -17, -18
1691.1, -17, -18
1691.2, -17, -18
1691.3, -17, -18
1691.4, -17, -18
1691.5, -17, -18
1691.6, -17, -18
1691.7, -18, -18
1691.8, -18, -18
1691.9, -18, -17
1692, -18, -17
1692.1, -18, -17
1692.2, -18, -17
1692.3, -18, -17
1692.4, -18, -17
1692.5, -18, -17
1692.6, -18, -17
1692.7, -18, -17
1692.8, -18, -17
1692.9, -18, -17
1693, -18, -17
1693.1, -18, -17
1693.2, -18, -17
1693.3, -18, -17
1693.4, -18, -17
1693.5, -17, -17
1693.6, -17, -17
1693.7, -17, -17
1693.8, -17, -17
1693.9, -17, -17
1694, -17, -17
1694.1, -17, -17
1694.2, -17, -17
1694.3, -17, -17
1694.4, -17, -17
1694.5, -17, -17
1694.6, -17, -17
1694.7, -17, -17
1694.8, -17, -17
1694.9, -17, -17
1695, -17, -17
1695.1, -17, -17
1695.2, -17, -17
1695.3, -17, -17
1695.4, -17, -17
1695.5, -17, -17
1695.6, -17, -17
1695.7, -17, -17
1695.8, -17, -17
1695.9, -17, -17
1696, -17, -17
1696.1, -17, -17
1696.2, -17, -17
1696.3, -17, -17
1696.4, -17, -17
1696.5, -17, -17
1696.6, -17, -17
1696.7, -17, -17
1696.8, -17, -17
1696.9, -18, -17
1697, -18, -17
1697.1, -18, -17
1697.2, -18, -17
1697.3, -18, -17
1697.4, -18, -17
1697.5, -18, -17
1697.6, -18, -17
1697.7, -18, -17
1697.8, -18, -17
1697.9, -18, -17
1698, -18, -17
1698.1, -18, -17
1698.2, -18, -17
1698.3, -18, -17
1698.4, -18, -17
1698.5, -18, -17
1698.6, -18, -17
1698.7, -18, -17
1698.8, -18, -17
1698.9, -18, -17
1699, -18, -17
1699.1, -18, -17
1699.2, -18, -17
1699.3, -18, -17
1699.4, -18, -17
1699.5, -18, -16
1699.6, -18, -16
1699.7, -18, -16
1699.8, -18, -16
1699.9, -18, -16
1700, -18, -16
1700.1, -18, -16
1700.2, -18, -16
1700.3, -18, -16
1700.4, -18, -16
1700.5, -18, -16
1700.6, -18, -16
1700.7, -18, -16
1700.8, -18, -16
1700.9, -18, -16
1701, -18, -16
1701.1, -18, -16
1701.2, -18, -16
1701.3, -18, -16
1701.4, -18, -16
1701.5, -18, -16
1701.6, -18, -16
1701.7, -18, -16
1701.8, -18, -16
1701.9, -18, -16
1702, -18, -16
1702.1, -18, -16
1702.2, -18, -16
1702.3, -18, -16
1702.4, -18, -16
1702.5, -18, -16
1702.6, -18, -16
1702.7, -18, -16
1702.8, -18, -16
1702.9, -18, -16
1703, -18, -16
1703.1, -18, -16
1703.2, -18, -16
1703.3, -18, -16
1703.4, -18, -16
1703.5, -18, -16
1703.6, -18, -16
1703.7, -18, -16
1703.8, -18, -16
1703.9, -18, -16
1704, -18, -16
1704.1, -18, -16
1704.2, -18, -16
1704.3, -18, -16
1704.4, -18, -16
1704.5, -18, -16
1704.6, -18, -16
1704.7, -18, -16
1704.8, -18, -16
1704.9, -18, -16
1705, -18, -16
1705.1, -18, -16
1705.2, -18, -16
1705.3, -17, -16
1705.4, -17, -16
1705.5, -17, -16
1705.6, -17, -16
1705.7, -17, -16
1705.8, -17, -16
1705.9, -17, -16
1706, -17, -16
1706.1, -17, -16
1706.2, -17, -16
1706.3, -17, -16
1706.4, -17, -16
1706.5, -17, -16
1706.6, -17, -16
1706.7, -17, -16
1706.8, -17, -16
1706.9, -17, -16
1707, -17, -16
1707.1, -17, -16
1707.2, -17, -16
1707.3, -17, -16
1707.4, -17, -16
1707.5, -17, -16
1707.6, -17, -16
1707.7, -17, -16
1707.8, -17, -16
1707.9, -17, -16
1708, -17, -16
1708.1, -17, -16
1708.2, -17, -16
1708.3, -16, -16
1708.4, -16, -16
1708.5, -16, -16
1708.6, -16, -16
1708.7, -16, -16
1708.8, -16, -16
1708.9, -16, -16
1709, -16, -16
1709.1, -16, -16
1709.2, -16, -16
1709.3, -16, -16
1709.4, -16, -16
1709.5, -16, -16
1709.6, -16, -16
1709.7, -16, -16
1709.8, -16, -16
1709.9, -16, -16
1710, -16, -16
1710.1, -16, -16
1710.2, -16, -16
1710.3, -16, -16
1710.4, -16, -16
1710.5, -16, -16
1710.6, -16, -16
1710.7, -16, -16
1710.8, -16, -16
1710.9, -16, -16
1711, -16, -16
1711.1, -16, -16
1711.2, -16, -16
1711.3, -16, -16
1711.4, -16, -16
1711.5, -16, -16
1711.6, -16, -16
1711.7, -16, -16
1711.8, -16, -16
1711.9, -16, -16
1712, -16, -16
1712.1, -16, -16
1712.2, -16, -16
1712.3, -16, -16
1712.4, -16, -16
1712.5, -16, -16
1712.6, -16, -16
1712.7, -16, -16
1712.8, -16, -16
1712.9, -15, -16
1713, -15, -16
1713.1, -15, -16
1713.2, -15, -16
1713.3, -15, -16
1713.4, -15, -16
1713.5, -16, -16
1713.6, -16, -16
1713.7, -16, -16
1713.8, -16, -16
1713.9, -16, -16
1714, -16, -16
1714.1, -16, -16
1714.2, -16, -16
1714.3, -16, -16
1714.4, -16, -16
1714.5, -16, -16
1714.6, -16, -16
1714.7, -16, -17
1714.8, -16, -17
1714.9, -16, -17
1715, -16, -17
1715.1, -16, -17
1715.2, -16, -17
1715.3, -16, -17
1715.4, -16, -17
1715.5, -16, -17
1715.6, -16, -17
1715.7, -16, -17
1715.8, -16, -17
1715.9, -16, -17
1716, -16, -17
1716.1, -16, -17
1716.2, -16, -17
1716.3, -16, -17
1716.4, -16, -17
1716.5, -16, -17
1716.6, -16, -17
1716.7, -16, -17
1716.8, -16, -17
1716.9, -16, -17
1717, -16, -17
1717.1, -16, -17
1717.2, -16, -17
1717.3, -16, -17
1717.4, -16, -17
1717.5, -16, -17
1717.6, -16, -17
1717.7, -16, -17
1717.8, -16, -17
1717.9, -16, -17
1718, -16, -17
1718.1, -17, -17
1718.2, -17, -17
1718.3, -17, -17
1718.4, -17, -17
1718.5, -17, -17
1718.6, -17, -17
1718.7, -17, -17
1718.8, -17, -17
1718.9, -17, -17
1719, -17, -17
1719.1, -17, -17
1719.2, -17, -17
1719.3, -17, -17
1719.4, -17, -17
1719.5, -17, -17
1719.6, -17, -17
1719.7, -17, -18
1719.8, -17, -18
1719.9, -17, -18
1720, -17, -18
1720.1, -17, -18
1720.2, -17, -18
1720.3, -17, -18
1720.4, -17, -18
1720.5, -17, -18
1720.6, -17, -18
1720.7, -17, -18
1720.8, -17, -18
1720.9, -17, -18
1721, -17, -18
1721.1, -17, -18
1721.2, -17, -18
1721.3, -17, -18
1721.4, -17, -18
1721.5, -17, -18
1721.6, -17, -18
1721.7, -17, -18
1721.8, -17, -18
1721.9, -17, -18
1722, -17, -18
1722.1, -17, -18
1722.2, -17, -18
1722.3, -17, -18
1722.4, -17, -18
1722.5, -17, -17
1722.6, -17, -17
1722.7, -17, -18
1722.8, -17, -18
1722.9, -17, -18
1723, -17, -18
1723.1, -17, -18
1723.2, -17, -18
1723.3, -17, -18
1723.4, -17, -18
1723.5, -17, -18
1723.6, -17, -18
1723.7, -17, -17
1723.8, -17, -17
1723.9, -17, -17
1724, -17, -17
1724.1, -17, -17
1724.2, -17, -17
1724.3, -17, -17
1724.4, -17, -17
1724.5, -17, -17
1724.6, -17, -17
1724.7, -17, -17
1724.8, -17, -17
1724.9, -17, -17
1725, -17, -17
1725.1, -17, -17
1725.2, -17, -17
1725.3, -17, -17
1725.4, -17, -17
1725.5, -17, -18
1725.6, -17, -18
1725.7, -17, -18
1725.8, -17, -18
1725.9, -17, -18
1726, -17, -18
1726.1, -17, -18
1726.2, -17, -18
1726.3, -17, -18
1726.4, -17, -18
1726.5, -17, -18
1726.6, -17, -18
1726.7, -17, -18
1726.8, -17, -18
1726.9, -17, -18
1727, -17, -18
1727.1, -17, -18
1727.2, -17, -18
1727.3, -17, -18
1727.4, -17, -18
1727.5, -17, -18
1727.6, -17, -18
1727.7, -17, -18
1727.8, -17, -18
1727.9, -17, -18
1728, -17, -18
1728.1, -17, -18
1728.2, -17, -18
1728.3, -17, -18
1728.4, -17, -18
1728.5, -17, -18
1728.6, -17, -18
1728.7, -17, -18
1728.8, -17, -18
1728.9, -18, -18
1729, -18, -18
1729.1, -18, -18
1729.2, -18, -18
1729.3, -18, -18
1729.4, -18, -18
1729.5, -18, -18
1729.6, -18, -18
1729.7, -18, -18
1729.8, -18, -18
1729.9, -18, -18
1730, -18, -18
1730.1, -18, -18
1730.2, -18, -18
1730.3, -18, -19
1730.4, -18, -19
1730.5, -18, -19
1730.6, -18, -19
1730.7, -18, -19
1730.8, -18, -19
1730.9, -18, -19
1731, -18, -19
1731.1, -19, -19
1731.2, -19, -19
1731.3, -19, -19
1731.4, -19, -19
1731.5, -19, -19
1731.6, -19, -19
1731.7, -19, -19
1731.8, -19, -19
1731.9, -19, -19
1732, -19, -19
1732.1, -19, -19
1732.2, -19, -19
1732.3, -19, -19
1732.4, -19, -19
1732.5, -19, -19
1732.6, -19, -19
1732.7, -19, -19
1732.8, -19, -19
1732.9, -19, -19
1733, -19, -19
1733.1, -19, -19
1733.2, -19, -19
1733.3, -19, -19
1733.4, -19, -19
1733.5, -19, -19
1733.6, -19, -19
1733.7, -19, -19
1733.8, -19, -19
1733.9, -19, -19
1734, -19, -19
1734.1, -19, -19
1734.2, -19, -19
1734.3, -19, -19
1734.4, -19, -19
1734.5, -19, -19
1734.6, -19, -19
1734.7, -19, -19
1734.8, -19, -19
1734.9, -19, -19
1735, -19, -19
1735.1, -19, -19
1735.2, -19, -19
1735.3, -20, -19
1735.4, -20, -19
1735.5, -20, -19
1735.6, -20, -19
1735.7, -20, -19
1735.8, -20, -19
1735.9, -20, -19
1736, -20, -19
1736.1, -20, -19
1736.2, -20, -19
1736.3, -20, -19
1736.4, -20, -19
1736.5, -20, -19
1736.6, -20, -19
1736.7, -20, -19
1736.8, -20, -19
1736.9, -20, -19
1737, -20, -19
1737.1, -20, -19
1737.2, -20, -19
1737.3, -20, -19
1737.4, -20, -19
1737.5, -20, -19
1737.6, -20, -19
1737.7, -20, -19
1737.8, -20, -19
1737.9, -20, -19
1738, -20, -19
1738.1, -20, -19
1738.2, -20, -19
1738.3, -20, -19
1738.4, -20, -19
1738.5, -20, -19
1738.6, -20, -19
1738.7, -20, -19
1738.8, -20, -19
1738.9, -20, -19
1739, -20, -19
1739.1, -19, -19
1739.2, -19, -19
1739.3, -19, -19
1739.4, -19, -19
1739.5, -19, -19
1739.6, -19, -19
1739.7, -19, -19
1739.8, -19, -19
1739.9, -19, -19
1740, -19, -19
1740.1, -19, -19
1740.2, -19, -19
1740.3, -19, -19
1740.4, -19, -19
1740.5, -19, -19
1740.6, -19, -19
1740.7, -19, -19
1740.8, -19, -19
1740.9, -19, -19
1741, -19, -19
1741.1, -19, -19
1741.2, -19, -19
1741.3, -19, -19
1741.4, -19, -19
1741.5, -19, -19
1741.6, -19, -19
1741.7, -19, -19
1741.8, -19, -19
1741.9, -19, -19
1742, -19, -19
1742.1, -19, -19
1742.2, -19, -19
1742.3, -19, -19
1742.4, -19, -19
1742.5, -19, -19
1742.6, -19, -19
1742.7, -19, -19
1742.8, -19, -19
1742.9, -19, -19
1743, -19, -19
1743.1, -19, -19
1743.2, -19, -19
1743.3, -19, -19
1743.4, -19, -19
1743.5, -19, -19
1743.6, -19, -19
1743.7, -19, -19
1743.8, -19, -19
1743.9, -19, -19
1744, -19, -19
1744.1, -19, -19
1744.2, -19, -19
1744.3, -19, -19
1744.4, -19, -19
1744.5, -19, -19
1744.6, -19, -19
1744.7, -19, -19
1744.8, -19, -19
1744.9, -19, -19
1745, -19, -19
1745.1, -19, -19
1745.2, -19, -19
1745.3, -19, -19
1745.4, -19, -19
1745.5, -19, -19
1745.6, -19, -19
1745.7, -19, -19
1745.8, -19, -19
1745.9, -20, -19
1746, -20, -19
1746.1, -20, -19
1746.2, -20, -19
1746.3, -20, -19
1746.4, -20, -19
1746.5, -20, -19
1746.6, -20, -19
1746.7, -20, -19
1746.8, -20, -19
1746.9, -20, -19
1747, -20, -19
1747.1, -20, -19
1747.2, -20, -19
1747.3, -20, -19
1747.4, -20, -19
1747.5, -20, -19
1747.6, -20, -19
1747.7, -20, -19
1747.8, -20, -19
1747.9, -20, -19
1748, -20, -19
1748.1, -20, -19
1748.2, -20, -19
1748.3, -20, -19
1748.4, -20, -19
1748.5, -20, -19
1748.6, -20, -19
1748.7, -20, -19
1748.8, -20, -19
1748.9, -20, -19
1749, -20, -19
1749.1, -20, -19
1749.2, -20, -19
1749.3, -20, -19
1749.4, -20, -19
1749.5, -20, -19
1749.6, -20, -19
1749.7, -20, -19
1749.8, -20, -19
1749.9, -20, -18
1750, -20, -18
1750.1, -20, -17
1750.2, -20, -17
1750.3, -20, -17
1750.4, -20, -17
1750.5, -20, -17
1750.6, -20, -17
1750.7, -20, -17
1750.8, -20, -17
1750.9, -20, -17
1751, -20, -17
1751.1, -20, -17
1751.2, -20, -17
1751.3, -20, -17
1751.4, -20, -17
1751.5, -19, -17
1751.6, -19, -17
1751.7, -19, -17
1751.8, -19, -17
1751.9, -19, -17
1752, -19, -17
1752.1, -19, -17
1752.2, -19, -17
1752.3, -19, -17
1752.4, -19, -17
1752.5, -20, -17
1752.6, -20, -17
1752.7, -20, -17
1752.8, -20, -17
1752.9, -20, -17
1753, -20, -17
1753.1, -20, -17
1753.2, -20, -17
1753.3, -20, -17
1753.4, -20, -17
1753.5, -20, -17
1753.6, -20, -17
1753.7, -20, -17
1753.8, -20, -17
1753.9, -20, -17
1754, -20, -17
1754.1, -20, -17
1754.2, -20, -17
1754.3, -20, -17
1754.4, -20, -17
1754.5, -19, -17
1754.6, -19, -17
1754.7, -18, -17
1754.8, -18, -17
1754.9, -18, -17
1755, -18, -17
1755.1, -18, -17
1755.2, -18, -17
1755.3, -18, -17
1755.4, -18, -17
1755.5, -19, -17
1755.6, -19, -17
1755.7, -20, -17
1755.8, -20, -17
1755.9, -20, -17
1756, -20, -17
1756.1, -20, -17
1756.2, -20, -17
1756.3, -20, -17
1756.4, -20, -17
1756.5, -20, -17
1756.6, -20, -17
1756.7, -20, -17
1756.8, -20, -17
1756.9, -20, -17
1757, -20, -17
1757.1, -20, -17
1757.2, -20, -17
1757.3, -20, -17
1757.4, -20, -17
1757.5, -20, -17
1757.6, -20, -17
1757.7, -20, -17
1757.8, -20, -17
1757.9, -20, -17
1758, -20, -17
1758.1, -20, -17
1758.2, -20, -17
1758.3, -20, -17
1758.4, -20, -17
1758.5, -20, -17
1758.6, -20, -17
1758.7, -20, -17
1758.8, -20, -17
1758.9, -20, -17
1759, -20, -17
1759.1, -20, -17
1759.2, -20, -17
1759.3, -20, -17
1759.4, -20, -17
1759.5, -20, -17
1759.6, -20, -17
1759.7, -20, -17
1759.8, -20, -17
1759.9, -20, -17
1760, -20, -17
1760.1, -20, -17
1760.2, -20, -17
1760.3, -20, -17
1760.4, -20, -17
1760.5, -19, -17
1760.6, -19, -17
1760.7, -19, -17
1760.8, -19, -17
1760.9, -19, -17
1761, -19, -17
1761.1, -19, -17
1761.2, -19, -17
1761.3, -19, -17
1761.4, -19, -17
1761.5, -19, -17
1761.6, -19, -17
1761.7, -19, -17
1761.8, -19, -17
1761.9, -19, -17
1762, -19, -17
1762.1, -19, -18
1762.2, -19, -18
1762.3, -19, -18
1762.4, -19, -18
1762.5, -19, -18
1762.6, -19, -18
1762.7, -19, -18
1762.8, -19, -18
1762.9, -19, -18
1763, -19, -18
1763.1, -19, -18
1763.2, -19, -18
1763.3, -19, -18
1763.4, -19, -18
1763.5, -19, -18
1763.6, -19, -18
1763.7, -19, -18
1763.8, -19, -18
1763.9, -19, -18
1764, -19, -18
1764.1, -19, -18
1764.2, -19, -18
1764.3, -19, -18
1764.4, -19, -18
1764.5, -20, -18
1764.6, -20, -18
1764.7, -20, -18
1764.8, -20, -18
1764.9, -20, -18
1765, -20, -18
1765.1, -20, -18
1765.2, -20, -18
1765.3, -20, -18
1765.4, -20, -18
1765.5, -20, -18
1765.6, -20, -18
1765.7, -20, -18
1765.8, -20, -18
1765.9, -20, -18
1766, -20, -18
1766.1, -20, -18
1766.2, -20, -18
1766.3, -20, -18
1766.4, -20, -18
1766.5, -20, -18
1766.6, -20, -18
1766.7, -20, -18
1766.8, -20, -18
1766.9, -20, -18
1767, -20, -18
1767.1, -20, -18
1767.2, -20, -18
1767.3, -20, -18
1767.4, -20, -18
1767.5, -20, -18
1767.6, -20, -18
1767.7, -20, -18
1767.8, -20, -18
1767.9, -20, -18
1768, -20, -18
1768.1, -20, -18
1768.2, -20, -18
1768.3, -20, -18
1768.4, -20, -18
1768.5, -20, -18
1768.6, -20, -18
1768.7, -20, -18
1768.8, -20, -18
1768.9, -20, -18
1769, -20, -18
1769.1, -20, -17
1769.2, -20, -17
1769.3, -20, -17
1769.4, -20, -17
1769.5, -20, -17
1769.6, -20, -17
1769.7, -20, -16
1769.8, -20, -16
1769.9, -20, -16
1770, -20, -16
1770.1, -20, -16
1770.2, -20, -16
1770.3, -20, -16
1770.4, -20, -16
1770.5, -20, -16
1770.6, -20, -16
1770.7, -20, -16
1770.8, -20, -16
1770.9, -20, -17
1771, -20, -17
1771.1, -20, -17
1771.2, -20, -17
1771.3, -20, -17
1771.4, -20, -17
1771.5, -20, -17
1771.6, -20, -17
1771.7, -20, -17
1771.8, -20, -17
1771.9, -20, -17
1772, -20, -17
1772.1, -20, -17
1772.2, -20, -17
1772.3, -20, -17
1772.4, -20, -17
1772.5, -20, -17
1772.6, -20, -17
1772.7, -20, -17
1772.8, -20, -17
1772.9, -20, -17
1773, -20, -17
1773.1, -20, -17
1773.2, -20, -17
1773.3, -20, -17
1773.4, -20, -17
1773.5, -20, -17
1773.6, -20, -17
1773.7, -20, -17
1773.8, -20, -17
1773.9, -20, -17
1774, -20, -17
1774.1, -20, -17
1774.2, -20, -17
1774.3, -20, -17
1774.4, -20, -17
1774.5, -20, -17
1774.6, -20, -17
1774.7, -20, -17
1774.8, -20, -17
1774.9, -20, -17
1775, -20, -17
1775.1, -20, -17
1775.2, -20, -17
1775.3, -20, -17
1775.4, -20, -17
1775.5, -20, -17
1775.6, -20, -17
1775.7, -20, -17
1775.8, -20, -17
1775.9, -20, -17
1776, -20, -17
1776.1, -20, -17
1776.2, -20, -17
1776.3, -20, -17
1776.4, -20, -17
1776.5, -20, -17
1776.6, -20, -17
1776.7, -20, -17
1776.8, -20, -17
1776.9, -20, -17
1777, -20, -17
1777.1, -19, -17
1777.2, -19, -17
1777.3, -19, -17
1777.4, -19, -17
1777.5, -19, -17
1777.6, -19, -17
1777.7, -18, -17
1777.8, -18, -17
1777.9, -18, -17
1778, -18, -17
1778.1, -18, -17
1778.2, -18, -17
1778.3, -18, -17
1778.4, -18, -17
1778.5, -18, -17
1778.6, -18, -17
1778.7, -18, -17
1778.8, -18, -17
1778.9, -18, -17
1779, -18, -17
1779.1, -18, -17
1779.2, -18, -17
1779.3, -18, -17
1779.4, -18, -17
1779.5, -18, -17
1779.6, -18, -17
1779.7, -18, -17
1779.8, -18, -17
1779.9, -18, -17
1780, -18, -17
1780.1, -18, -17
1780.2, -18, -17
1780.3, -18, -17
1780.4, -18, -17
1780.5, -18, -17
1780.6, -18, -17
1780.7, -18, -17
1780.8, -18, -17
1780.9, -18, -17
1781, -18, -17
1781.1, -18, -17
1781.2, -18, -17
1781.3, -18, -17
1781.4, -18, -17
1781.5, -18, -17
1781.6, -18, -17
1781.7, -18, -17
1781.8, -18, -17
1781.9, -18, -17
1782, -18, -17
1782.1, -18, -18
1782.2, -18, -18
1782.3, -18, -18
1782.4, -18, -18
1782.5, -18, -18
1782.6, -18, -18
1782.7, -18, -18
1782.8, -18, -18
1782.9, -18, -18
1783, -18, -18
1783.1, -18, -18
1783.2, -18, -18
1783.3, -18, -18
1783.4, -18, -18
1783.5, -18, -17
1783.6, -18, -17
1783.7, -19, -17
1783.8, -19, -17
1783.9, -19, -17
1784, -19, -17
1784.1, -19, -17
1784.2, -19, -17
1784.3, -19, -17
1784.4, -19, -17
1784.5, -19, -17
1784.6, -19, -17
1784.7, -18, -17
1784.8, -18, -17
1784.9, -18, -17
1785, -18, -17
1785.1, -18, -17
1785.2, -18, -17
1785.3, -18, -17
1785.4, -18, -17
1785.5, -18, -17
1785.6, -18, -17
1785.7, -18, -17
1785.8, -18, -17
1785.9, -18, -17
1786, -18, -17
1786.1, -18, -17
1786.2, -18, -17
1786.3, -18, -17
1786.4, -18, -17
1786.5, -18, -17
1786.6, -18, -17
1786.7, -18, -17
1786.8, -18, -17
1786.9, -18, -17
1787, -18, -17
1787.1, -18, -17
1787.2, -18, -17
1787.3, -18, -17
1787.4, -18, -17
1787.5, -18, -17
1787.6, -18, -17
1787.7, -18, -17
1787.8, -18, -17
1787.9, -18, -17
1788, -18, -17
1788.1, -18, -17
1788.2, -18, -17
1788.3, -18, -17
1788.4, -18, -17
1788.5, -18, -17
1788.6, -18, -17
1788.7, -18, -17
1788.8, -18, -17
1788.9, -18, -17
1789, -18, -17
1789.1, -18, -17
1789.2, -18, -17
1789.3, -18, -17
1789.4, -18, -17
1789.5, -18, -17
1789.6, -18, -17
1789.7, -18, -17
1789.8, -18, -17
1789.9, -18, -17
1790, -18, -17
1790.1, -18, -17
1790.2, -18, -17
1790.3, -18, -17
1790.4, -18, -17
1790.5, -18, -17
1790.6, -18, -17
1790.7, -18, -17
1790.8, -18, -17
1790.9, -18, -17
1791, -18, -17
1791.1, -18, -17
1791.2, -18, -17
1791.3, -18, -17
1791.4, -18, -17
1791.5, -18, -17
1791.6, -18, -17
1791.7, -18, -17
1791.8, -18, -17
1791.9, -18, -17
1792, -18, -17
1792.1, -19, -17
1792.2, -19, -17
1792.3, -19, -17
1792.4, -19, -17
1792.5, -19, -17
1792.6, -19, -17
1792.7, -19, -17
1792.8, -19, -17
1792.9, -19, -17
1793, -19, -17
1793.1, -19, -17
1793.2, -19, -17
1793.3, -19, -17
1793.4, -19, -17
1793.5, -19, -17
1793.6, -19, -17
1793.7, -19, -17
1793.8, -19, -17
1793.9, -18, -17
1794, -18, -17
1794.1, -18, -17
1794.2, -18, -17
1794.3, -18, -17
1794.4, -18, -17
1794.5, -18, -17
1794.6, -18, -17
1794.7, -18, -17
1794.8, -18, -17
1794.9, -18, -17
1795, -18, -17
1795.1, -18, -17
1795.2, -18, -17
1795.3, -18, -17
1795.4, -18, -17
1795.5, -18, -17
1795.6, -18, -17
1795.7, -18, -17
1795.8, -18, -17
1795.9, -18, -17
1796, -18, -17
1796.1, -18, -17
1796.2, -18, -17
1796.3, -18, -17
1796.4, -18, -17
1796.5, -18, -18
1796.6, -18, -18
1796.7, -18, -18
1796.8, -18, -18
1796.9, -18, -18
1797, -18, -18
1797.1, -18, -18
1797.2, -18, -18
1797.3, -18, -18
1797.4, -18, -18
1797.5, -18, -18
1797.6, -18, -18
1797.7, -18, -19
1797.8, -18, -19
1797.9, -19, -19
1798, -19, -19
1798.1, -19, -19
1798.2, -19, -19
1798.3, -19, -19
1798.4, -19, -19
1798.5, -19, -19
1798.6, -19, -19
1798.7, -19, -19
1798.8, -19, -19
1798.9, -19, -19
1799, -19, -19
1799.1, -19, -19
1799.2, -19, -19
1799.3, -19, -19
1799.4, -19, -19
1799.5, -19, -19
1799.6, -19, -19
1799.7, -19, -19
1799.8, -19, -19
1799.9, -18, -19
1800, -18, -19
1800.1, -18, -19
1800.2, -18, -19
1800.3, -18, -19
1800.4, -18, -19
1800.5, -18, -19
1800.6, -18, -19
1800.7, -18, -19
1800.8, -18, -19
1800.9, -18, -19
1801, -18, -19
1801.1, -18, -19
1801.2, -18, -19
1801.3, -18, -19
1801.4, -18, -19
1801.5, -18, -19
1801.6, -18, -19
1801.7, -18, -19
1801.8, -18, -19
1801.9, -18, -19
1802, -18, -19
1802.1, -18, -19
1802.2, -18, -19
1802.3, -18, -19
1802.4, -18, -19
1802.5, -18, -19
1802.6, -18, -19
1802.7, -18, -19
1802.8, -18, -19
1802.9, -18, -19
1803, -18, -19
1803.1, -18, -19
1803.2, -18, -19
1803.3, -18, -19
1803.4, -18, -19
1803.5, -18, -19
1803.6, -18, -19
1803.7, -18, -19
1803.8, -18, -19
1803.9, -18, -19
1804, -18, -19
1804.1, -18, -19
1804.2, -18, -19
1804.3, -18, -19
1804.4, -18, -19
1804.5, -18, -19
1804.6, -18, -19
1804.7, -18, -19
1804.8, -18, -19
1804.9, -19, -19
1805, -19, -19
1805.1, -19, -19
1805.2, -19, -19
1805.3, -19, -19
1805.4, -19, -19
1805.5, -19, -19
1805.6, -19, -19
1805.7, -19, -19
1805.8, -19, -19
1805.9, -19, -19
1806, -19, -19
1806.1, -19, -19
1806.2, -19, -19
1806.3, -20, -19
1806.4, -20, -19
1806.5, -20, -19
1806.6, -20, -19
1806.7, -20, -19
1806.8, -20, -19
1806.9, -20, -19
1807, -20, -19
1807.1, -20, -19
1807.2, -20, -19
1807.3, -20, -19
1807.4, -20, -19
1807.5, -20, -19
1807.6, -20, -19
1807.7, -20, -19
1807.8, -20, -19
1807.9, -20, -18
1808, -20, -18
1808.1, -20, -18
1808.2, -20, -18
1808.3, -20, -18
1808.4, -20, -18
1808.5, -20, -18
1808.6, -20, -18
1808.7, -20, -18
1808.8, -20, -18
1808.9, -20, -17
1809, -20, -17
1809.1, -20, -17
1809.2, -20, -17
1809.3, -20, -17
1809.4, -20, -17
1809.5, -20, -17
1809.6, -20, -17
1809.7, -20, -17
1809.8, -20, -17
1809.9, -20, -17
1810, -20, -17
1810.1, -20, -17
1810.2, -20, -17
1810.3, -20, -17
1810.4, -20, -17
1810.5, -20, -17
1810.6, -20, -17
1810.7, -20, -17
1810.8, -20, -17
1810.9, -20, -17
1811, -20, -17
1811.1, -20, -17
1811.2, -20, -17
1811.3, -20, -17
1811.4, -20, -17
1811.5, -20, -17
1811.6, -20, -17
1811.7, -20, -17
1811.8, -20, -17
1811.9, -20, -17
1812, -20, -17
1812.1, -20, -17
1812.2, -20, -17
1812.3, -20, -17
1812.4, -20, -17
1812.5, -20, -17
1812.6, -20, -17
1812.7, -20, -17
1812.8, -20, -17
1812.9, -20, -16
1813, -20, -16
1813.1, -20, -16
1813.2, -20, -16
1813.3, -20, -17
1813.4, -20, -17
1813.5, -20, -17
1813.6, -20, -17
1813.7, -20, -17
1813.8, -20, -17
1813.9, -20, -17
1814, -20, -17
1814.1, -20, -17
1814.2, -20, -17
1814.3, -20, -17
1814.4, -20, -17
1814.5, -20, -17
1814.6, -20, -17
1814.7, -20, -17
1814.8, -20, -17
1814.9, -20, -17
1815, -20, -17
1815.1, -20, -17
1815.2, -20, -17
1815.3, -20, -17
1815.4, -20, -17
1815.5, -20, -17
1815.6, -20, -17
1815.7, -20, -17
1815.8, -20, -17
1815.9, -20, -17
1816, -20, -17
1816.1, -20, -17
1816.2, -20, -17
1816.3, -20, -17
1816.4, -20, -17
1816.5, -20, -17
1816.6, -20, -17
1816.7, -20, -17
1816.8, -20, -17
1816.9, -20, -17
1817, -20, -17
1817.1, -20, -17
1817.2, -20, -17
1817.3, -21, -17
1817.4, -21, -17
1817.5, -21, -17
1817.6, -21, -17
1817.7, -21, -17
1817.8, -21, -17
1817.9, -21, -17
1818, -21, -17
1818.1, -21, -17
1818.2, -21, -17
1818.3, -21, -17
1818.4, -21, -17
1818.5, -21, -17
1818.6, -21, -17
1818.7, -21, -17
1818.8, -21, -17
1818.9, -21, -17
1819, -21, -17
1819.1, -21, -17
1819.2, -21, -17
1819.3, -21, -17
1819.4, -21, -17
1819.5, -21, -16
1819.6, -21, -16
1819.7, -21, -16
1819.8, -21, -16
1819.9, -21, -16
1820, -21, -16
1820.1, -21, -16
1820.2, -21, -16
1820.3, -21, -16
1820.4, -21, -16
1820.5, -21, -16
1820.6, -21, -16
1820.7, -21, -16
1820.8, -21, -16
1820.9, -22, -16
1821, -22, -16
1821.1, -22, -16
1821.2, -22, -16
1821.3, -22, -16
1821.4, -22, -16
1821.5, -22, -17
1821.6, -22, -17
1821.7, -22, -17
1821.8, -22, -17
1821.9, -22, -17
1822, -22, -17
1822.1, -22, -17
1822.2, -22, -17
1822.3, -22, -17
1822.4, -22, -17
1822.5, -22, -17
1822.6, -22, -17
1822.7, -22, -17
1822.8, -22, -17
1822.9, -22, -17
1823, -22, -17
1823.1, -22, -17
1823.2, -22, -17
1823.3, -22, -17
1823.4, -22, -17
1823.5, -22, -17
1823.6, -22, -17
1823.7, -22, -17
1823.8, -22, -17
1823.9, -22, -16
1824, -22, -16
1824.1, -22, -16
1824.2, -22, -16
1824.3, -22, -16
1824.4, -22, -16
1824.5, -22, -15
1824.6, -22, -15
1824.7, -22, -15
1824.8, -22, -15
1824.9, -22, -15
1825, -22, -15
1825.1, -22, -15
1825.2, -22, -15
1825.3, -22, -15
1825.4, -22, -15
1825.5, -22, -15
1825.6, -22, -15
1825.7, -22, -15
1825.8, -22, -15
1825.9, -22, -15
1826, -22, -15
1826.1, -22, -15
1826.2, -22, -15
1826.3, -22, -15
1826.4, -22, -15
1826.5, -22, -15
1826.6, -22, -15
1826.7, -22, -15
1826.8, -22, -15
1826.9, -22, -15
1827, -22, -15
1827.1, -22, -15
1827.2, -22, -15
1827.3, -22, -15
1827.4, -22, -15
1827.5, -22, -15
1827.6, -22, -15
1827.7, -22, -15
1827.8, -22, -15
1827.9, -22, -15
1828, -22, -15
1828.1, -22, -15
1828.2, -22, -15
1828.3, -22, -15
1828.4, -22, -15
1828.5, -23, -15
1828.6, -23, -15
1828.7, -23, -15
1828.8, -23, -15
1828.9, -23, -15
1829, -23, -15
1829.1, -23, -15
1829.2, -23, -15
1829.3, -23, -14
1829.4, -23, -14
1829.5, -23, -14
1829.6, -23, -14
1829.7, -23, -14
1829.8, -23, -14
1829.9, -23, -14
1830, -23, -14
1830.1, -23, -14
1830.2, -23, -14
1830.3, -23, -14
1830.4, -23, -14
1830.5, -23, -14
1830.6, -23, -14
1830.7, -23, -14
1830.8, -23, -14
1830.9, -23, -14
1831, -23, -14
1831.1, -23, -15
1831.2, -23, -15
1831.3, -23, -15
1831.4, -23, -15
1831.5, -23, -15
1831.6, -23, -15
1831.7, -23, -15
1831.8, -23, -15
1831.9, -23, -15
1832, -23, -15
1832.1, -23, -15
1832.2, -23, -15
1832.3, -23, -15
1832.4, -23, -15
1832.5, -23, -15
1832.6, -23, -15
1832.7, -23, -15
1832.8, -23, -15
1832.9, -23, -14
1833, -23, -14
1833.1, -23, -14
1833.2, -23, -14
1833.3, -23, -14
1833.4, -23, -14
1833.5, -23, -14
1833.6, -23, -14
1833.7, -23, -14
1833.8, -23, -14
1833.9, -23, -14
1834, -23, -14
1834.1, -23, -14
1834.2, -23, -14
1834.3, -23, -14
1834.4, -23, -14
1834.5, -23, -14
1834.6, -23, -14
1834.7, -22, -14
1834.8, -22, -14
1834.9, -22, -14
1835, -22, -14
1835.1, -22, -14
1835.2, -22, -14
1835.3, -22, -14
1835.4, -22, -14
1835.5, -22, -14
1835.6, -22, -14
1835.7, -22, -14
1835.8, -22, -14
1835.9, -22, -14
1836, -22, -14
1836.1, -22, -14
1836.2, -22, -14
1836.3, -22, -14
1836.4, -22, -14
1836.5, -22, -14
1836.6, -22, -14
1836.7, -22, -14
1836.8, -22, -14
1836.9, -21, -14
1837, -21, -14
1837.1, -21, -14
1837.2, -21, -14
1837.3, -22, -14
1837.4, -22, -14
1837.5, -22, -14
1837.6, -22, -14
1837.7, -22, -14
1837.8, -22, -14
1837.9, -22, -14
1838, -22, -14
1838.1, -22, -14
1838.2, -22, -14
1838.3, -22, -14
1838.4, -22, -14
1838.5, -22, -14
1838.6, -22, -14
1838.7, -22, -14
1838.8, -22, -14
1838.9, -22, -14
1839, -22, -14
1839.1, -22, -14
1839.2, -22, -14
1839.3, -23, -14
1839.4, -23, -14
1839.5, -23, -14
1839.6, -23, -14
1839.7, -23, -14
1839.8, -23, -14
1839.9, -24, -14
1840, -24, -14
1840.1, -24, -14
1840.2, -24, -14
1840.3, -24, -14
1840.4, -24, -14
1840.5, -24, -14
1840.6, -24, -14
1840.7, -24, -14
1840.8, -24, -14
1840.9, -24, -14
1841, -24, -14
1841.1, -24, -14
1841.2, -24, -14
1841.3, -24, -14
1841.4, -24, -14
1841.5, -24, -14
1841.6, -24, -14
1841.7, -24, -14
1841.8, -24, -14
1841.9, -24, -14
1842, -24, -14
1842.1, -24, -14
1842.2, -24, -14
1842.3, -24, -14
1842.4, -24, -14
1842.5, -24, -14
1842.6, -24, -14
1842.7, -24, -14
1842.8, -24, -14
1842.9, -24, -15
1843, -24, -15
1843.1, -24, -15
1843.2, -24, -15
1843.3, -25, -15
1843.4, -25, -15
1843.5, -25, -15
1843.6, -25, -15
1843.7, -25, -15
1843.8, -25, -15
1843.9, -25, -15
1844, -25, -15
1844.1, -25, -15
1844.2, -25, -15
1844.3, -25, -15
1844.4, -25, -15
1844.5, -25, -15
1844.6, -25, -15
1844.7, -25, -15
1844.8, -25, -15
1844.9, -25, -15
1845, -25, -15
1845.1, -25, -15
1845.2, -25, -15
1845.3, -25, -15
1845.4, -25, -15
1845.5, -25, -15
1845.6, -25, -15
1845.7, -25, -15
1845.8, -25, -15
1845.9, -26, -15
1846, -26, -15
1846.1, -26, -15
1846.2, -26, -15
1846.3, -26, -15
1846.4, -26, -15
1846.5, -26, -15
1846.6, -26, -15
1846.7, -26, -15
1846.8, -26, -15
1846.9, -26, -15
1847, -26, -15
1847.1, -26, -15
1847.2, -26, -15
1847.3, -26, -15
1847.4, -26, -15
1847.5, -26, -15
1847.6, -26, -15
1847.7, -26, -15
1847.8, -26, -15
1847.9, -26, -15
1848, -26, -15
1848.1, -26, -15
1848.2, -26, -15
1848.3, -26, -15
1848.4, -26, -15
1848.5, -26, -15
1848.6, -26, -15
1848.7, -26, -15
1848.8, -26, -15
1848.9, -26, -15
1849, -26, -15
1849.1, -26, -15
1849.2, -26, -15
1849.3, -26, -15
1849.4, -26, -15
1849.5, -26, -15
1849.6, -26, -15
1849.7, -25, -15
1849.8, -25, -15
1849.9, -25, -15
1850, -25, -15
1850.1, -25, -15
1850.2, -25, -15
1850.3, -25, -15
1850.4, -25, -15
1850.5, -25, -15
1850.6, -25, -15
1850.7, -25, -14
1850.8, -25, -14
1850.9, -25, -14
1851, -25, -14
1851.1, -25, -14
1851.2, -25, -14
1851.3, -25, -14
1851.4, -25, -14
1851.5, -25, -14
1851.6, -25, -14
1851.7, -25, -14
1851.8, -25, -14
1851.9, -25, -14
1852, -25, -14
1852.1, -25, -14
1852.2, -25, -14
1852.3, -25, -14
1852.4, -25, -14
1852.5, -25, -15
1852.6, -25, -15
1852.7, -25, -15
1852.8, -25, -15
1852.9, -25, -15
1853, -25, -15
1853.1, -25, -15
1853.2, -25, -15
1853.3, -25, -15
1853.4, -25, -15
1853.5, -25, -15
1853.6, -25, -15
1853.7, -25, -15
1853.8, -25, -15
1853.9, -25, -15
1854, -25, -15
1854.1, -26, -15
1854.2, -26, -15
1854.3, -26, -15
1854.4, -26, -15
1854.5, -26, -14
1854.6, -26, -14
1854.7, -26, -14
1854.8, -26, -14
1854.9, -26, -14
1855, -26, -14
1855.1, -26, -14
1855.2, -26, -14
1855.3, -26, -14
1855.4, -26, -14
1855.5, -26, -14
1855.6, -26, -14
1855.7, -26, -14
1855.8, -26, -14
1855.9, -26, -14
1856, -26, -14
1856.1, -26, -14
1856.2, -26, -14
1856.3, -26, -14
1856.4, -26, -14
1856.5, -26, -14
1856.6, -26, -14
1856.7, -26, -14
1856.8, -26, -14
1856.9, -26, -14
1857, -26, -14
1857.1, -26, -14
1857.2, -26, -14
1857.3, -26, -14
1857.4, -26, -14
1857.5, -26, -14
1857.6, -26, -14
1857.7, -26, -14
1857.8, -26, -14
1857.9, -26, -14
1858, -26, -14
1858.1, -26, -14
1858.2, -26, -14
1858.3, -26, -14
1858.4, -26, -14
1858.5, -26, -14
1858.6, -26, -14
1858.7, -26, -14
1858.8, -26, -14
1858.9, -26, -14
1859, -26, -14
1859.1, -26, -14
1859.2, -26, -14
1859.3, -26, -14
1859.4, -26, -14
1859.5, -26, -14
1859.6, -26, -14
1859.7, -26, -14
1859.8, -26, -14
1859.9, -26, -14
1860, -26, -14
1860.1, -26, -14
1860.2, -26, -14
1860.3, -26, -14
1860.4, -26, -14
1860.5, -26, -14
1860.6, -26, -14
1860.7, -26, -14
1860.8, -26, -14
1860.9, -26, -14
1861, -26, -14
1861.1, -26, -14
1861.2, -26, -14
1861.3, -26, -14
1861.4, -26, -14
1861.5, -26, -14
1861.6, -26, -14
1861.7, -26, -14
1861.8, -26, -14
1861.9, -25, -14
1862, -25, -14
1862.1, -25, -14
1862.2, -25, -14
1862.3, -25, -14
1862.4, -25, -14
1862.5, -25, -14
1862.6, -25, -14
1862.7, -25, -14
1862.8, -25, -14
1862.9, -25, -14
1863, -25, -14
1863.1, -25, -14
1863.2, -25, -14
1863.3, -26, -14
1863.4, -26, -14
1863.5, -26, -14
1863.6, -26, -14
1863.7, -26, -14
1863.8, -26, -14
1863.9, -26, -14
1864, -26, -14
1864.1, -25, -14
1864.2, -25, -14
1864.3, -25, -14
1864.4, -25, -14
1864.5, -25, -14
1864.6, -25, -14
1864.7, -26, -14
1864.8, -26, -14
1864.9, -26, -14
1865, -26, -14
1865.1, -26, -14
1865.2, -26, -14
1865.3, -26, -14
1865.4, -26, -14
1865.5, -26, -14
1865.6, -26, -14
1865.7, -26, -14
1865.8, -26, -14
1865.9, -26, -13
1866, -26, -13
1866.1, -26, -13
1866.2, -26, -13
1866.3, -26, -13
1866.4, -26, -13
1866.5, -26, -13
1866.6, -26, -13
1866.7, -26, -13
1866.8, -26, -13
1866.9, -26, -13
1867, -26, -13
1867.1, -26, -13
1867.2, -26, -13
1867.3, -26, -13
1867.4, -26, -13
1867.5, -26, -13
1867.6, -26, -13
1867.7, -26, -13
1867.8, -26, -13
1867.9, -26, -13
1868, -26, -13
1868.1, -26, -13
1868.2, -26, -13
1868.3, -25, -13
1868.4, -25, -13
1868.5, -25, -13
1868.6, -25, -13
1868.7, -25, -13
1868.8, -25, -13
1868.9, -25, -13
1869, -25, -13
1869.1, -25, -13
1869.2, -25, -13
1869.3, -25, -14
1869.4, -25, -14
1869.5, -25, -14
1869.6, -25, -14
1869.7, -25, -14
1869.8, -25, -14
1869.9, -25, -14
1870, -25, -14
1870.1, -25, -14
1870.2, -25, -14
1870.3, -25, -14
1870.4, -25, -14
1870.5, -25, -14
1870.6, -25, -14
1870.7, -25, -13
1870.8, -25, -13
1870.9, -25, -13
1871, -25, -13
1871.1, -25, -13
1871.2, -25, -13
1871.3, -24, -13
1871.4, -24, -13
1871.5, -24, -14
1871.6, -24, -14
1871.7, -24, -14
1871.8, -24, -14
1871.9, -24, -14
1872, -24, -14
1872.1, -24, -14
1872.2, -24, -14
1872.3, -24, -14
1872.4, -24, -14
1872.5, -24, -14
1872.6, -24, -14
1872.7, -24, -14
1872.8, -24, -14
1872.9, -24, -14
1873, -24, -14
1873.1, -24, -14
1873.2, -24, -14
1873.3, -24, -14
1873.4, -24, -14
1873.5, -24, -14
1873.6, -24, -14
1873.7, -24, -14
1873.8, -24, -14
1873.9, -24, -14
1874, -24, -14
1874.1, -24, -14
1874.2, -24, -14
1874.3, -24, -14
1874.4, -24, -14
1874.5, -24, -14
1874.6, -24, -14
1874.7, -24, -13
1874.8, -24, -13
1874.9, -24, -13
1875, -24, -13
1875.1, -24, -13
1875.2, -24, -13
1875.3, -24, -13
1875.4, -24, -13
1875.5, -24, -13
1875.6, -24, -13
1875.7, -24, -13
1875.8, -24, -13
1875.9, -24, -12
1876, -24, -12
1876.1, -24, -12
1876.2, -24, -12
1876.3, -24, -12
1876.4, -24, -12
1876.5, -24, -12
1876.6, -24, -12
1876.7, -24, -12
1876.8, -24, -12
1876.9, -24, -12
1877, -24, -12
1877.1, -24, -12
1877.2, -24, -12
1877.3, -24, -12
1877.4, -24, -12
1877.5, -24, -12
1877.6, -24, -12
1877.7, -24, -12
1877.8, -24, -12
1877.9, -24, -12
1878, -24, -12
1878.1, -24, -12
1878.2, -24, -12
1878.3, -24, -12
1878.4, -24, -12
1878.5, -23, -12
1878.6, -23, -12
1878.7, -23, -12
1878.8, -23, -12
1878.9, -23, -12
1879, -23, -12
1879.1, -23, -12
1879.2, -23, -12
1879.3, -23, -12
1879.4, -23, -12
1879.5, -23, -13
1879.6, -23, -13
1879.7, -23, -13
1879.8, -23, -13
1879.9, -23, -13
1880, -23, -13
1880.1, -23, -13
1880.2, -23, -13
1880.3, -23, -13
1880.4, -23, -13
1880.5, -23, -13
1880.6, -23, -13
1880.7, -23, -13
1880.8, -23, -13
1880.9, -23, -13
1881, -23, -13
1881.1, -23, -13
1881.2, -23, -13
1881.3, -23, -13
1881.4, -23, -13
1881.5, -23, -14
1881.6, -23, -14
1881.7, -24, -14
1881.8, -24, -14
1881.9, -24, -14
1882, -24, -14
1882.1, -24, -14
1882.2, -24, -14
1882.3, -24, -14
1882.4, -24, -14
1882.5, -24, -14
1882.6, -24, -14
1882.7, -24, -14
1882.8, -24, -14
1882.9, -24, -14
1883, -24, -14
1883.1, -24, -14
1883.2, -24, -14
1883.3, -24, -14
1883.4, -24, -14
1883.5, -24, -14
1883.6, -24, -14
1883.7, -25, -14
1883.8, -25, -14
1883.9, -25, -14
1884, -25, -14
1884.1, -25, -14
1884.2, -25, -14
1884.3, -24, -14
1884.4, -24, -14
1884.5, -24, -14
1884.6, -24, -14
1884.7, -24, -14
1884.8, -24, -14
1884.9, -24, -14
1885, -24, -14
1885.1, -24, -14
1885.2, -24, -14
1885.3, -25, -14
1885.4, -25, -14
1885.5, -25, -14
1885.6, -25, -14
1885.7, -25, -14
1885.8, -25, -14
1885.9, -25, -14
1886, -25, -14
1886.1, -25, -14
1886.2, -25, -14
1886.3, -25, -14
1886.4, -25, -14
1886.5, -25, -14
1886.6, -25, -14
1886.7, -25, -14
1886.8, -25, -14
1886.9, -25, -14
1887, -25, -14
1887.1, -25, -14
1887.2, -25, -14
1887.3, -25, -14
1887.4, -25, -14
1887.5, -25, -14
1887.6, -25, -14
1887.7, -25, -14
1887.8, -25, -14
1887.9, -25, -14
1888, -25, -14
1888.1, -25, -15
1888.2, -25, -15
1888.3, -25, -15
1888.4, -25, -15
1888.5, -25, -15
1888.6, -25, -15
1888.7, -25, -15
1888.8, -25, -15
1888.9, -25, -15
1889, -25, -15
1889.1, -25, -15
1889.2, -25, -15
1889.3, -25, -15
1889.4, -25, -15
1889.5, -25, -15
1889.6, -25, -15
1889.7, -25, -15
1889.8, -25, -15
1889.9, -25, -15
1890, -25, -15
1890.1, -26, -15
1890.2, -26, -15
1890.3, -26, -15
1890.4, -26, -15
1890.5, -26, -15
1890.6, -26, -15
1890.7, -26, -15
1890.8, -26, -15
1890.9, -26, -15
1891, -26, -15
1891.1, -26, -15
1891.2, -26, -15
1891.3, -27, -15
1891.4, -27, -15
1891.5, -27, -15
1891.6, -27, -15
1891.7, -27, -15
1891.8, -27, -15
1891.9, -27, -15
1892, -27, -15
1892.1, -27, -15
1892.2, -27, -15
1892.3, -27, -15
1892.4, -27, -15
1892.5, -27, -15
1892.6, -27, -15
1892.7, -27, -15
1892.8, -27, -15
1892.9, -26, -15
1893, -26, -15
1893.1, -26, -15
1893.2, -26, -15
1893.3, -26, -15
1893.4, -26, -15
1893.5, -26, -14
1893.6, -26, -14
1893.7, -26, -14
1893.8, -26, -14
1893.9, -27, -14
1894, -27, -14
1894.1, -27, -14
1894.2, -27, -14
1894.3, -27, -14
1894.4, -27, -14
1894.5, -27, -14
1894.6, -27, -14
1894.7, -27, -14
1894.8, -27, -14
1894.9, -27, -14
1895, -27, -14
1895.1, -27, -14
1895.2, -27, -14
1895.3, -27, -14
1895.4, -27, -14
1895.5, -27, -14
1895.6, -27, -14
1895.7, -27, -14
1895.8, -27, -14
1895.9, -27, -14
1896, -27, -14
1896.1, -27, -14
1896.2, -27, -14
1896.3, -27, -14
1896.4, -27, -14
1896.5, -27, -14
1896.6, -27, -14
1896.7, -27, -14
1896.8, -27, -14
1896.9, -27, -14
1897, -27, -14
1897.1, -27, -14
1897.2, -27, -14
1897.3, -27, -14
1897.4, -27, -14
1897.5, -27, -14
1897.6, -27, -14
1897.7, -27, -14
1897.8, -27, -14
1897.9, -27, -15
1898, -27, -15
1898.1, -27, -15
1898.2, -27, -15
1898.3, -27, -15
1898.4, -27, -15
1898.5, -27, -15
1898.6, -27, -15
1898.7, -27, -15
1898.8, -27, -15
1898.9, -27, -15
1899, -27, -15
1899.1, -27, -15
1899.2, -27, -15
1899.3, -27, -15
1899.4, -27, -15
1899.5, -27, -15
1899.6, -27, -15
1899.7, -27, -15
1899.8, -27, -15
1899.9, -27, -15
1900, -27, -15
1900.1, -27, -15
1900.2, -27, -15
1900.3, -27, -15
1900.4, -27, -15
1900.5, -27, -15
1900.6, -27, -15
1900.7, -27, -15
1900.8, -27, -15
1900.9, -27, -15
1901, -27, -15
1901.1, -27, -15
1901.2, -27, -15
1901.3, -27, -15
1901.4, -27, -15
1901.5, -27, -15
1901.6, -27, -15
1901.7, -27, -15
1901.8, -27, -15
1901.9, -27, -15
1902, -27, -15
1902.1, -27, -15
1902.2, -27, -15
1902.3, -27, -15
1902.4, -27, -15
1902.5, -27, -15
1902.6, -27, -15
1902.7, -27, -15
1902.8, -27, -15
1902.9, -27, -15
1903, -27, -15
1903.1, -26, -15
1903.2, -26, -15
1903.3, -26, -15
1903.4, -26, -15
1903.5, -26, -15
1903.6, -26, -15
1903.7, -26, -15
1903.8, -26, -15
1903.9, -26, -15
1904, -26, -15
1904.1, -26, -15
1904.2, -26, -15
1904.3, -26, -15
1904.4, -26, -15
1904.5, -26, -15
1904.6, -26, -15
1904.7, -26, -15
1904.8, -26, -15
1904.9, -26, -15
1905, -26, -15
1905.1, -27, -15
1905.2, -27, -15
1905.3, -27, -15
1905.4, -27, -15
1905.5, -27, -15
1905.6, -27, -15
1905.7, -27, -15
1905.8, -27, -15
1905.9, -27, -15
1906, -27, -15
1906.1, -27, -15
1906.2, -27, -15
1906.3, -27, -15
1906.4, -27, -15
1906.5, -27, -15
1906.6, -27, -15
1906.7, -27, -15
1906.8, -27, -15
1906.9, -27, -14
1907, -27, -14
1907.1, -27, -15
1907.2, -27, -15
1907.3, -27, -15
1907.4, -27, -15
1907.5, -27, -15
1907.6, -27, -15
1907.7, -27, -15
1907.8, -27, -15
1907.9, -27, -15
1908, -27, -15
1908.1, -27, -15
1908.2, -27, -15
1908.3, -27, -15
1908.4, -27, -15
1908.5, -27, -15
1908.6, -27, -15
1908.7, -27, -15
1908.8, -27, -15
1908.9, -27, -15
1909, -27, -15
1909.1, -27, -15
1909.2, -27, -15
1909.3, -27, -15
1909.4, -27, -15
1909.5, -27, -15
1909.6, -27, -15
1909.7, -26, -15
1909.8, -26, -15
1909.9, -26, -15
1910, -26, -15
1910.1, -26, -15
1910.2, -26, -15
1910.3, -26, -15
1910.4, -26, -15
1910.5, -26, -15
1910.6, -26, -15
1910.7, -26, -15
1910.8, -26, -15
1910.9, -26, -15
1911, -26, -15
1911.1, -26, -15
1911.2, -26, -15
1911.3, -26, -14
1911.4, -26, -14
1911.5, -26, -14
1911.6, -26, -14
1911.7, -26, -14
1911.8, -26, -14
1911.9, -26, -15
1912, -26, -15
1912.1, -26, -15
1912.2, -26, -15
1912.3, -26, -15
1912.4, -26, -15
1912.5, -26, -15
1912.6, -26, -15
1912.7, -26, -15
1912.8, -26, -15
1912.9, -26, -15
1913, -26, -15
1913.1, -26, -15
1913.2, -26, -15
1913.3, -26, -15
1913.4, -26, -15
1913.5, -26, -15
1913.6, -26, -15
1913.7, -26, -15
1913.8, -26, -15
1913.9, -26, -14
1914, -26, -14
1914.1, -26, -14
1914.2, -26, -14
1914.3, -26, -14
1914.4, -26, -14
1914.5, -26, -14
1914.6, -26, -14
1914.7, -26, -14
1914.8, -26, -14
1914.9, -26, -14
1915, -26, -14
1915.1, -26, -14
1915.2, -26, -14
1915.3, -26, -14
1915.4, -26, -14
1915.5, -26, -14
1915.6, -26, -14
1915.7, -26, -14
1915.8, -26, -14
1915.9, -26, -14
1916, -26, -14
1916.1, -26, -14
1916.2, -26, -14
1916.3, -26, -14
1916.4, -26, -14
1916.5, -26, -14
1916.6, -26, -14
1916.7, -26, -14
1916.8, -26, -14
1916.9, -26, -14
1917, -26, -14
1917.1, -27, -14
1917.2, -27, -14
1917.3, -27, -14
1917.4, -27, -14
1917.5, -27, -14
1917.6, -27, -14
1917.7, -27, -14
1917.8, -27, -14
1917.9, -27, -14
1918, -27, -14
1918.1, -27, -14
1918.2, -27, -14
1918.3, -27, -14
1918.4, -27, -14
1918.5, -27, -14
1918.6, -27, -14
1918.7, -27, -14
1918.8, -27, -14
1918.9, -27, -14
1919, -27, -14
1919.1, -27, -14
1919.2, -27, -14
1919.3, -27, -14
1919.4, -27, -14
1919.5, -27, -14
1919.6, -27, -14
1919.7, -27, -14
1919.8, -27, -14
1919.9, -27, -14
1920, -27, -14
1920.1, -27, -14
1920.2, -27, -14
1920.3, -27, -14
1920.4, -27, -14
1920.5, -27, -14
1920.6, -27, -14
1920.7, -27, -14
1920.8, -27, -14
1920.9, -27, -14
1921, -27, -14
1921.1, -27, -14
1921.2, -27, -14
1921.3, -26, -14
1921.4, -26, -14
1921.5, -26, -13
1921.6, -26, -13
1921.7, -26, -13
1921.8, -26, -13
1921.9, -26, -13
1922, -26, -13
1922.1, -26, -13
1922.2, -26, -13
1922.3, -26, -13
1922.4, -26, -13
1922.5, -26, -13
1922.6, -26, -13
1922.7, -26, -13
1922.8, -26, -13
1922.9, -26, -13
1923, -26, -13
1923.1, -25, -13
1923.2, -25, -13
1923.3, -25, -13
1923.4, -25, -13
1923.5, -25, -13
1923.6, -25, -13
1923.7, -25, -13
1923.8, -25, -13
1923.9, -25, -13
1924, -25, -13
1924.1, -25, -13
1924.2, -25, -13
1924.3, -25, -13
1924.4, -25, -13
1924.5, -25, -13
1924.6, -25, -13
1924.7, -25, -13
1924.8, -25, -13
1924.9, -25, -13
1925, -25, -13
1925.1, -25, -13
1925.2, -25, -13
1925.3, -25, -13
1925.4, -25, -13
1925.5, -25, -13
1925.6, -25, -13
1925.7, -25, -13
1925.8, -25, -13
1925.9, -25, -13
1926, -25, -13
1926.1, -25, -13
1926.2, -25, -13
1926.3, -25, -13
1926.4, -25, -13
1926.5, -25, -13
1926.6, -25, -13
1926.7, -25, -13
1926.8, -25, -13
1926.9, -25, -14
1927, -25, -14
1927.1, -25, -14
1927.2, -25, -14
1927.3, -25, -14
1927.4, -25, -14
1927.5, -25, -14
1927.6, -25, -14
1927.7, -25, -14
1927.8, -25, -14
1927.9, -26, -14
1928, -26, -14
1928.1, -26, -14
1928.2, -26, -14
1928.3, -26, -14
1928.4, -26, -14
1928.5, -26, -14
1928.6, -26, -14
1928.7, -26, -14
1928.8, -26, -14
1928.9, -26, -14
1929, -26, -14
1929.1, -26, -14
1929.2, -26, -14
1929.3, -25, -14
1929.4, -25, -14
1929.5, -25, -14
1929.6, -25, -14
1929.7, -25, -14
1929.8, -25, -14
1929.9, -25, -14
1930, -25, -14
1930.1, -25, -14
1930.2, -25, -14
1930.3, -25, -14
1930.4, -25, -14
1930.5, -25, -14
1930.6, -25, -14
1930.7, -25, -14
1930.8, -25, -14
1930.9, -25, -14
1931, -25, -14
1931.1, -25, -14
1931.2, -25, -14
1931.3, -25, -14
1931.4, -25, -14
1931.5, -25, -14
1931.6, -25, -14
1931.7, -25, -14
1931.8, -25, -14
1931.9, -25, -14
1932, -25, -14
1932.1, -25, -14
1932.2, -25, -14
1932.3, -25, -14
1932.4, -25, -14
1932.5, -25, -14
1932.6, -25, -14
1932.7, -24, -14
1932.8, -24, -14
1932.9, -24, -14
1933, -24, -14
1933.1, -23, -14
1933.2, -23, -14
1933.3, -23, -14
1933.4, -23, -14
1933.5, -24, -14
1933.6, -24, -14
1933.7, -24, -14
1933.8, -24, -14
1933.9, -24, -14
1934, -24, -14
1934.1, -24, -13
1934.2, -24, -13
1934.3, -24, -13
1934.4, -24, -13
1934.5, -24, -13
1934.6, -24, -13
1934.7, -24, -13
1934.8, -24, -13
1934.9, -24, -13
1935, -24, -13
1935.1, -24, -13
1935.2, -24, -13
1935.3, -24, -13
1935.4, -24, -13
1935.5, -24, -13
1935.6, -24, -13
1935.7, -24, -13
1935.8, -24, -13
1935.9, -24, -13
1936, -24, -13
1936.1, -24, -13
1936.2, -24, -13
1936.3, -24, -13
1936.4, -24, -13
1936.5, -24, -13
1936.6, -24, -13
1936.7, -24, -13
1936.8, -24, -13
1936.9, -24, -13
1937, -24, -13
1937.1, -24, -13
1937.2, -24, -13
1937.3, -24, -13
1937.4, -24, -13
1937.5, -24, -13
1937.6, -24, -13
1937.7, -24, -13
1937.8, -24, -13
1937.9, -24, -13
1938, -24, -13
1938.1, -24, -13
1938.2, -24, -13
1938.3, -24, -13
1938.4, -24, -13
1938.5, -24, -13
1938.6, -24, -13
1938.7, -24, -13
1938.8, -24, -13
1938.9, -24, -13
1939, -24, -13
1939.1, -24, -13
1939.2, -24, -13
1939.3, -24, -13
1939.4, -24, -13
1939.5, -24, -13
1939.6, -24, -13
1939.7, -23, -13
1939.8, -23, -13
1939.9, -23, -13
1940, -23, -13
1940.1, -23, -13
1940.2, -23, -13
1940.3, -23, -13
1940.4, -23, -13
1940.5, -23, -13
1940.6, -23, -13
1940.7, -23, -13
1940.8, -23, -13
1940.9, -23, -13
1941, -23, -13
1941.1, -23, -13
1941.2, -23, -13
1941.3, -23, -13
1941.4, -23, -13
1941.5, -23, -12
1941.6, -23, -12
1941.7, -23, -12
1941.8, -23, -12
1941.9, -23, -12
1942, -23, -12
1942.1, -23, -12
1942.2, -23, -12
1942.3, -23, -12
1942.4, -23, -12
1942.5, -23, -11
1942.6, -23, -11
1942.7, -23, -12
1942.8, -23, -12
1942.9, -23, -12
1943, -23, -12
1943.1, -23, -12
1943.2, -23, -12
1943.3, -23, -12
1943.4, -23, -12
1943.5, -23, -12
1943.6, -23, -12
1943.7, -23, -12
1943.8, -23, -12
1943.9, -23, -12
1944, -23, -12
1944.1, -23, -11
1944.2, -23, -11
1944.3, -23, -11
1944.4, -23, -11
1944.5, -23, -11
1944.6, -23, -11
1944.7, -23, -11
1944.8, -23, -11
1944.9, -23, -11
1945, -23, -11
1945.1, -23, -11
1945.2, -23, -11
1945.3, -23, -11
1945.4, -23, -11
1945.5, -23, -11
1945.6, -23, -11
1945.7, -23, -11
1945.8, -23, -11
1945.9, -23, -11
1946, -23, -11
1946.1, -23, -11
1946.2, -23, -11
1946.3, -23, -11
1946.4, -23, -11
1946.5, -23, -11
1946.6, -23, -11
1946.7, -23, -11
1946.8, -23, -11
1946.9, -23, -11
1947, -23, -11
1947.1, -23, -12
1947.2, -23, -12
1947.3, -23, -12
1947.4, -23, -12
1947.5, -23, -12
1947.6, -23, -12
1947.7, -23, -12
1947.8, -23, -12
1947.9, -22, -12
1948, -22, -12
1948.1, -22, -12
1948.2, -22, -12
1948.3, -22, -12
1948.4, -22, -12
1948.5, -22, -13
1948.6, -22, -13
1948.7, -22, -13
1948.8, -22, -13
1948.9, -22, -13
1949, -22, -13
1949.1, -22, -13
1949.2, -22, -13
1949.3, -23, -13
1949.4, -23, -13
1949.5, -23, -13
1949.6, -23, -13
1949.7, -23, -13
1949.8, -23, -13
1949.9, -23, -13
1950, -23, -13
1950.1, -23, -13
1950.2, -23, -13
1950.3, -23, -13
1950.4, -23, -13
1950.5, -23, -14
1950.6, -23, -14
1950.7, -23, -14
1950.8, -23, -14
1950.9, -23, -13
1951, -23, -13
1951.1, -23, -13
1951.2, -23, -13
1951.3, -23, -13
1951.4, -23, -13
1951.5, -23, -13
1951.6, -23, -13
1951.7, -23, -13
1951.8, -23, -13
1951.9, -22, -13
1952, -22, -13
1952.1, -21, -13
1952.2, -21, -13
1952.3, -21, -13
1952.4, -21, -13
1952.5, -21, -13
1952.6, -21, -13
1952.7, -21, -13
1952.8, -21, -13
1952.9, -21, -13
1953, -21, -13
1953.1, -21, -13
1953.2, -21, -13
1953.3, -21, -13
1953.4, -21, -13
1953.5, -21, -13
1953.6, -21, -13
1953.7, -21, -13
1953.8, -21, -13
1953.9, -21, -13
1954, -21, -13
1954.1, -21, -13
1954.2, -21, -13
1954.3, -21, -13
1954.4, -21, -13
1954.5, -21, -13
1954.6, -21, -13
1954.7, -21, -13
1954.8, -21, -13
1954.9, -21, -13
1955, -21, -13
1955.1, -21, -13
1955.2, -21, -13
1955.3, -21, -13
1955.4, -21, -13
1955.5, -21, -13
1955.6, -21, -13
1955.7, -21, -13
1955.8, -21, -13
1955.9, -21, -13
1956, -21, -13
1956.1, -21, -13
1956.2, -21, -13
1956.3, -21, -13
1956.4, -21, -13
1956.5, -20, -13
1956.6, -20, -13
1956.7, -20, -13
1956.8, -20, -13
1956.9, -20, -14
1957, -20, -14
1957.1, -20, -14
1957.2, -20, -14
1957.3, -20, -14
1957.4, -20, -14
1957.5, -20, -14
1957.6, -20, -14
1957.7, -20, -14
1957.8, -20, -14
1957.9, -20, -14
1958, -20, -14
1958.1, -20, -14
1958.2, -20, -14
1958.3, -20, -14
1958.4, -20, -14
1958.5, -20, -14
1958.6, -20, -14
1958.7, -20, -14
1958.8, -20, -14
1958.9, -20, -14
1959, -20, -14
1959.1, -20, -14
1959.2, -20, -14
1959.3, -20, -13
1959.4, -20, -13
1959.5, -20, -13
1959.6, -20, -13
1959.7, -20, -13
1959.8, -20, -13
1959.9, -20, -13
1960, -20, -13
1960.1, -20, -13
1960.2, -20, -13
1960.3, -20, -13
1960.4, -20, -13
1960.5, -20, -13
1960.6, -20, -13
1960.7, -20, -13
1960.8, -20, -13
1960.9, -20, -13
1961, -20, -13
1961.1, -20, -13
1961.2, -20, -13
1961.3, -20, -13
1961.4, -20, -13
1961.5, -20, -13
1961.6, -20, -13
1961.7, -19, -13
1961.8, -19, -13
1961.9, -19, -13
1962, -19, -13
1962.1, -19, -13
1962.2, -19, -13
1962.3, -19, -13
1962.4, -19, -13
1962.5, -19, -13
1962.6, -19, -13
1962.7, -19, -13
1962.8, -19, -13
1962.9, -19, -13
1963, -19, -13
1963.1, -19, -13
1963.2, -19, -13
1963.3, -19, -14
1963.4, -19, -14
1963.5, -19, -14
1963.6, -19, -14
1963.7, -19, -14
1963.8, -19, -14
1963.9, -19, -14
1964, -19, -14
1964.1, -19, -14
1964.2, -19, -14
1964.3, -19, -14
1964.4, -19, -14
1964.5, -19, -14
1964.6, -19, -14
1964.7, -19, -14
1964.8, -19, -14
1964.9, -19, -14
1965, -19, -14
1965.1, -19, -14
1965.2, -19, -14
1965.3, -19, -14
1965.4, -19, -14
1965.5, -19, -14
1965.6, -19, -14
1965.7, -19, -14
1965.8, -19, -14
1965.9, -19, -14
1966, -19, -14
1966.1, -19, -14
1966.2, -19, -14
1966.3, -19, -14
1966.4, -19, -14
1966.5, -19, -14
1966.6, -19, -14
1966.7, -19, -14
1966.8, -19, -14
1966.9, -20, -14
1967, -20, -14
1967.1, -20, -14
1967.2, -20, -14
1967.3, -20, -14
1967.4, -20, -14
1967.5, -20, -14
1967.6, -20, -14
1967.7, -20, -14
1967.8, -20, -14
1967.9, -20, -14
1968, -20, -14
1968.1, -20, -14
1968.2, -20, -14
1968.3, -20, -14
1968.4, -20, -14
1968.5, -20, -14
1968.6, -20, -14
1968.7, -20, -14
1968.8, -20, -14
1968.9, -20, -14
1969, -20, -14
1969.1, -20, -14
1969.2, -20, -14
1969.3, -20, -14
1969.4, -20, -14
1969.5, -20, -14
1969.6, -20, -14
1969.7, -20, -14
1969.8, -20, -14
1969.9, -20, -14
1970, -20, -14
1970.1, -20, -14
1970.2, -20, -14
1970.3, -20, -14
1970.4, -20, -14
1970.5, -20, -14
1970.6, -20, -14
1970.7, -20, -14
1970.8, -20, -14
1970.9, -20, -14
1971, -20, -14
1971.1, -20, -14
1971.2, -20, -14
1971.3, -21, -14
1971.4, -21, -14
1971.5, -21, -14
1971.6, -21, -14
1971.7, -21, -14
1971.8, -21, -14
1971.9, -21, -14
1972, -21, -14
1972.1, -21, -14
1972.2, -21, -14
1972.3, -21, -14
1972.4, -21, -14
1972.5, -21, -14
1972.6, -21, -14
1972.7, -21, -14
1972.8, -21, -14
1972.9, -21, -14
1973, -21, -14
1973.1, -21, -14
1973.2, -21, -14
1973.3, -21, -14
1973.4, -21, -14
1973.5, -21, -14
1973.6, -21, -14
1973.7, -21, -13
1973.8, -21, -13
1973.9, -21, -13
1974, -21, -13
1974.1, -21, -13
1974.2, -21, -13
1974.3, -21, -13
1974.4, -21, -13
1974.5, -21, -13
1974.6, -21, -13
1974.7, -21, -13
1974.8, -21, -13
1974.9, -21, -13
1975, -21, -13
1975.1, -21, -13
1975.2, -21, -13
1975.3, -21, -13
1975.4, -21, -13
1975.5, -21, -13
1975.6, -21, -13
1975.7, -21, -13
1975.8, -21, -13
1975.9, -21, -13
1976, -21, -13
1976.1, -21, -13
1976.2, -21, -13
1976.3, -21, -13
1976.4, -21, -13
1976.5, -21, -13
1976.6, -21, -13
1976.7, -21, -13
1976.8, -21, -13
1976.9, -21, -13
1977, -21, -13
1977.1, -21, -13
1977.2, -21, -13
1977.3, -21, -13
1977.4, -21, -13
1977.5, -21, -13
1977.6, -21, -13
1977.7, -21, -13
1977.8, -21, -13
1977.9, -21, -13
1978, -21, -13
1978.1, -21, -13
1978.2, -21, -13
1978.3, -21, -13
1978.4, -21, -13
1978.5, -21, -13
1978.6, -21, -13
1978.7, -21, -13
1978.8, -21, -13
1978.9, -21, -13
1979, -21, -13
1979.1, -21, -13
1979.2, -21, -13
1979.3, -21, -13
1979.4, -21, -13
1979.5, -21, -13
1979.6, -21, -13
1979.7, -21, -13
1979.8, -21, -13
1979.9, -21, -13
1980, -21, -13
1980.1, -21, -13
1980.2, -21, -13
1980.3, -21, -13
1980.4, -21, -13
1980.5, -21, -13
1980.6, -21, -13
1980.7, -21, -13
1980.8, -21, -13
1980.9, -21, -13
1981, -21, -13
1981.1, -21, -13
1981.2, -21, -13
1981.3, -21, -13
1981.4, -21, -13
1981.5, -21, -13
1981.6, -21, -13
1981.7, -21, -13
1981.8, -21, -13
1981.9, -21, -13
1982, -21, -13
1982.1, -21, -13
1982.2, -21, -13
1982.3, -21, -13
1982.4, -21, -13
1982.5, -21, -13
1982.6, -21, -13
1982.7, -21, -13
1982.8, -21, -13
1982.9, -21, -13
1983, -21, -13
1983.1, -21, -13
1983.2, -21, -13
1983.3, -21, -13
1983.4, -21, -13
1983.5, -21, -13
1983.6, -21, -13
1983.7, -21, -13
1983.8, -21, -13
1983.9, -21, -13
1984, -21, -13
1984.1, -21, -13
1984.2, -21, -13
1984.3, -21, -13
1984.4, -21, -13
1984.5, -21, -13
1984.6, -21, -13
1984.7, -21, -13
1984.8, -21, -13
1984.9, -21, -13
1985, -21, -13
1985.1, -21, -13
1985.2, -21, -13
1985.3, -21, -13
1985.4, -21, -13
1985.5, -21, -13
1985.6, -21, -13
1985.7, -21, -13
1985.8, -21, -13
1985.9, -21, -13
1986, -21, -13
1986.1, -21, -13
1986.2, -21, -13
1986.3, -21, -13
1986.4, -21, -13
1986.5, -21, -13
1986.6, -21, -13
1986.7, -21, -13
1986.8, -21, -13
1986.9, -21, -13
1987, -21, -13
1987.1, -21, -13
1987.2, -21, -13
1987.3, -21, -13
1987.4, -21, -13
1987.5, -21, -13
1987.6, -21, -13
1987.7, -21, -13
1987.8, -21, -13
1987.9, -21, -13
1988, -21, -13
1988.1, -21, -14
1988.2, -21, -14
1988.3, -21, -14
1988.4, -21, -14
1988.5, -21, -15
1988.6, -21, -15
1988.7, -21, -15
1988.8, -21, -15
1988.9, -21, -15
1989, -21, -15
1989.1, -21, -15
1989.2, -21, -15
1989.3, -21, -15
1989.4, -21, -15
1989.5, -22, -15
1989.6, -22, -15
1989.7, -22, -15
1989.8, -22, -15
1989.9, -22, -15
1990, -22, -15
1990.1, -21, -15
1990.2, -21, -15
1990.3, -21, -15
1990.4, -21, -15
1990.5, -21, -15
1990.6, -21, -15
1990.7, -21, -15
1990.8, -21, -15
1990.9, -21, -15
1991, -21, -15
1991.1, -21, -15
1991.2, -21, -15
1991.3, -21, -15
1991.4, -21, -15
1991.5, -21, -15
1991.6, -21, -15
1991.7, -21, -15
1991.8, -21, -15
1991.9, -21, -15
1992, -21, -15
1992.1, -21, -15
1992.2, -21, -15
1992.3, -21, -15
1992.4, -21, -15
1992.5, -22, -15
1992.6, -22, -15
1992.7, -22, -15
1992.8, -22, -15
1992.9, -22, -15
1993, -22, -15
1993.1, -22, -15
1993.2, -22, -15
1993.3, -22, -15
1993.4, -22, -15
1993.5, -22, -16
1993.6, -22, -16
1993.7, -22, -16
1993.8, -22, -16
1993.9, -22, -16
1994, -22, -16
1994.1, -22, -16
1994.2, -22, -16
1994.3, -22, -16
1994.4, -22, -16
1994.5, -22, -16
1994.6, -22, -16
1994.7, -22, -16
1994.8, -22, -16
1994.9, -22, -16
1995, -22, -16
1995.1, -22, -16
1995.2, -22, -16
1995.3, -22, -16
1995.4, -22, -16
1995.5, -22, -16
1995.6, -22, -16
1995.7, -22, -16
1995.8, -22, -16
1995.9, -22, -16
1996, -22, -16
1996.1, -22, -16
1996.2, -22, -16
1996.3, -22, -16
1996.4, -22, -16
1996.5, -22, -16
1996.6, -22, -16
1996.7, -22, -17
1996.8, -22, -17
1996.9, -22, -17
1997, -22, -17
1997.1, -22, -17
1997.2, -22, -17
1997.3, -22, -17
1997.4, -22, -17
1997.5, -22, -17
1997.6, -22, -17
1997.7, -22, -17
1997.8, -22, -17
1997.9, -22, -18
1998, -22, -18
1998.1, -22, -18
1998.2, -22, -18
1998.3, -22, -18
1998.4, -22, -18
1998.5, -22, -18
1998.6, -22, -18
1998.7, -22, -18
1998.8, -22, -18
1998.9, -22, -18
1999, -22, -18
1999.1, -22, -18
1999.2, -22, -18
1999.3, -22, -18
1999.4, -22, -18
1999.5, -22, -18
1999.6, -22, -18
1999.7, -22, -18
1999.8, -22, -18
1999.9, -22, -18
2000, -22, -18
2000.1, -22, -18
2000.2, -22, -18
2000.3, -22, -19
2000.4, -22, -19
2000.5, -22, -19
2000.6, -22, -19
2000.7, -22, -19
2000.8, -22, -19
2000.9, -22, -19
2001, -22, -19
2001.1, -22, -19
2001.2, -22, -19
2001.3, -22, -19
2001.4, -22, -19
2001.5, -22, -19
2001.6, -22, -19
2001.7, -22, -19
2001.8, -22, -19
2001.9, -22, -19
2002, -22, -19
2002.1, -22, -19
2002.2, -22, -19
2002.3, -22, -19
2002.4, -22, -19
2002.5, -22, -19
2002.6, -22, -19
2002.7, -23, -19
2002.8, -23, -19
2002.9, -23, -19
2003, -23, -19
2003.1, -23, -19
2003.2, -23, -19
2003.3, -23, -19
2003.4, -23, -19
2003.5, -23, -19
2003.6, -23, -19
2003.7, -23, -19
2003.8, -23, -19
2003.9, -23, -19
2004, -23, -19
2004.1, -23, -19
2004.2, -23, -19
2004.3, -23, -19
2004.4, -23, -19
2004.5, -23, -19
2004.6, -23, -19
2004.7, -23, -19
2004.8, -23, -19
2004.9, -23, -19
2005, -23, -19
2005.1, -23, -19
2005.2, -23, -19
2005.3, -23, -19
2005.4, -23, -19
2005.5, -23, -19
2005.6, -23, -19
2005.7, -23, -19
2005.8, -23, -19
2005.9, -23, -19
2006, -23, -19
2006.1, -23, -19
2006.2, -23, -19
2006.3, -24, -19
2006.4, -24, -19
2006.5, -24, -19
2006.6, -24, -19
2006.7, -24, -19
2006.8, -24, -19
2006.9, -24, -19
2007, -24, -19
2007.1, -23, -19
2007.2, -23, -19
2007.3, -23, -19
2007.4, -23, -19
2007.5, -23, -19
2007.6, -23, -19
2007.7, -22, -19
2007.8, -22, -19
2007.9, -22, -19
2008, -22, -19
2008.1, -22, -19
2008.2, -22, -19
2008.3, -22, -19
2008.4, -22, -19
2008.5, -22, -19
2008.6, -22, -19
2008.7, -22, -19
2008.8, -22, -19
2008.9, -22, -19
2009, -22, -19
2009.1, -22, -19
2009.2, -22, -19
2009.3, -22, -19
2009.4, -22, -19
2009.5, -22, -19
2009.6, -22, -19
2009.7, -22, -19
2009.8, -22, -19
2009.9, -21, -19
2010, -21, -19
2010.1, -21, -20
2010.2, -21, -20
2010.3, -21, -20
2010.4, -21, -20
2010.5, -21, -20
2010.6, -21, -20
2010.7, -21, -20
2010.8, -21, -20
2010.9, -21, -20
2011, -21, -20
2011.1, -21, -19
2011.2, -21, -19
2011.3, -21, -19
2011.4, -21, -19
2011.5, -21, -19
2011.6, -21, -19
2011.7, -21, -18
2011.8, -21, -18
2011.9, -21, -18
2012, -21, -18
2012.1, -21, -18
2012.2, -21, -18
2012.3, -21, -18
2012.4, -21, -18
2012.5, -21, -18
2012.6, -21, -18
2012.7, -21, -18
2012.8, -21, -18
2012.9, -21, -18
2013, -21, -18
2013.1, -21, -18
2013.2, -21, -18
2013.3, -21, -18
2013.4, -21, -18
2013.5, -21, -18
2013.6, -21, -18
2013.7, -21, -18
2013.8, -21, -18
2013.9, -21, -18
2014, -21, -18
2014.1, -21, -18
2014.2, -21, -18
2014.3, -21, -18
2014.4, -21, -18
2014.5, -21, -18
2014.6, -21, -18
2014.7, -21, -18
2014.8, -21, -18
2014.9, -21, -18
2015, -21, -18
2015.1, -21, -18
2015.2, -21, -18
2015.3, -21, -18
2015.4, -21, -18
2015.5, -21, -18
2015.6, -21, -18
2015.7, -21, -18
2015.8, -21, -18
2015.9, -21, -18
2016, -21, -18
2016.1, -21, -18
2016.2, -21, -18
2016.3, -20, -18
2016.4, -20, -18
2016.5, -20, -18
2016.6, -20, -18
2016.7, -20, -18
2016.8, -20, -18
2016.9, -20, -18
2017, -20, -18
2017.1, -20, -18
2017.2, -20, -18
2017.3, -20, -19
2017.4, -20, -19
2017.5, -19, -19
2017.6, -19, -19
2017.7, -19, -19
2017.8, -19, -19
2017.9, -19, -19
2018, -19, -19
2018.1, -19, -19
2018.2, -19, -19
2018.3, -19, -19
2018.4, -19, -19
2018.5, -19, -19
2018.6, -19, -19
2018.7, -19, -18
2018.8, -19, -18
2018.9, -19, -18
2019, -19, -18
2019.1, -19, -18
2019.2, -19, -18
2019.3, -19, -18
2019.4, -19, -18
2019.5, -19, -18
2019.6, -19, -18
2019.7, -19, -18
2019.8, -19, -18
2019.9, -18, -18
2020, -18, -18
2020.1, -18, -18
2020.2, -18, -18
2020.3, -18, -18
2020.4, -18, -18
2020.5, -18, -18
2020.6, -18, -18
2020.7, -18, -18
2020.8, -18, -18
2020.9, -18, -18
2021, -18, -18
2021.1, -18, -18
2021.2, -18, -18
2021.3, -18, -18
2021.4, -18, -18
2021.5, -17, -18
2021.6, -17, -18
2021.7, -17, -18
2021.8, -17, -18
2021.9, -17, -18
2022, -17, -18
2022.1, -17, -18
2022.2, -17, -18
2022.3, -17, -18
2022.4, -17, -18
2022.5, -17, -18
2022.6, -17, -18
2022.7, -17, -18
2022.8, -17, -18
2022.9, -17, -18
2023, -17, -18
2023.1, -17, -18
2023.2, -17, -18
2023.3, -17, -18
2023.4, -17, -18
2023.5, -17, -18
2023.6, -17, -18
2023.7, -17, -19
2023.8, -17, -19
2023.9, -17, -19
2024, -17, -19
2024.1, -17, -19
2024.2, -17, -19
2024.3, -17, -19
2024.4, -17, -19
2024.5, -17, -19
2024.6, -17, -19
2024.7, -17, -18
2024.8, -17, -18
2024.9, -17, -17
2025, -17, -17
2025.1, -17, -17
2025.2, -17, -17
2025.3, -17, -17
2025.4, -17, -17
2025.5, -17, -17
2025.6, -17, -17
2025.7, -17, -17
2025.8, -17, -17
2025.9, -18, -17
2026, -18, -17
2026.1, -18, -17
2026.2, -18, -17
2026.3, -18, -18
2026.4, -18, -18
2026.5, -18, -17
2026.6, -18, -17
2026.7, -18, -17
2026.8, -18, -17
2026.9, -18, -17
2027, -18, -17
2027.1, -18, -17
2027.2, -18, -17
2027.3, -18, -17
2027.4, -18, -17
2027.5, -18, -17
2027.6, -18, -17
2027.7, -18, -17
2027.8, -18, -17
2027.9, -18, -17
2028, -18, -17
2028.1, -18, -17
2028.2, -18, -17
2028.3, -18, -18
2028.4, -18, -18
2028.5, -18, -18
2028.6, -18, -18
2028.7, -18, -18
2028.8, -18, -18
2028.9, -18, -18
2029, -18, -18
2029.1, -18, -18
2029.2, -18, -18
2029.3, -18, -18
2029.4, -18, -18
2029.5, -18, -18
2029.6, -18, -18
2029.7, -18, -18
2029.8, -18, -18
2029.9, -18, -18
2030, -18, -18
2030.1, -18, -18
2030.2, -18, -18
2030.3, -18, -18
2030.4, -18, -18
2030.5, -18, -18
2030.6, -18, -18
2030.7, -18, -19
2030.8, -18, -19
2030.9, -18, -19
2031, -18, -19
2031.1, -18, -19
2031.2, -18, -19
2031.3, -18, -19
2031.4, -18, -19
2031.5, -18, -19
2031.6, -18, -19
2031.7, -18, -19
2031.8, -18, -19
2031.9, -18, -19
2032, -18, -19
2032.1, -18, -19
2032.2, -18, -19
2032.3, -18, -19
2032.4, -18, -19
2032.5, -18, -19
2032.6, -18, -19
2032.7, -18, -18
2032.8, -18, -18
2032.9, -18, -18
2033, -18, -18
2033.1, -18, -18
2033.2, -18, -18
2033.3, -18, -18
2033.4, -18, -18
2033.5, -18, -18
2033.6, -18, -18
2033.7, -18, -18
2033.8, -18, -18
2033.9, -18, -18
2034, -18, -18
2034.1, -18, -19
2034.2, -18, -19
2034.3, -18, -19
2034.4, -18, -19
2034.5, -18, -19
2034.6, -18, -19
2034.7, -18, -19
2034.8, -18, -19
2034.9, -18, -19
2035, -18, -19
2035.1, -18, -19
2035.2, -18, -19
2035.3, -18, -19
2035.4, -18, -19
2035.5, -18, -19
2035.6, -18, -19
2035.7, -18, -19
2035.8, -18, -19
2035.9, -18, -19
2036, -18, -19
2036.1, -18, -19
2036.2, -18, -19
2036.3, -18, -19
2036.4, -18, -19
2036.5, -18, -19
2036.6, -18, -19
2036.7, -18, -19
2036.8, -18, -19
2036.9, -18, -18
2037, -18, -18
2037.1, -18, -18
2037.2, -18, -18
2037.3, -18, -18
2037.4, -18, -18
2037.5, -18, -18
2037.6, -18, -18
2037.7, -18, -18
2037.8, -18, -18
2037.9, -17, -18
2038, -17, -18
2038.1, -17, -18
2038.2, -17, -18
2038.3, -17, -18
2038.4, -17, -18
2038.5, -17, -18
2038.6, -17, -18
2038.7, -17, -18
2038.8, -17, -18
2038.9, -17, -18
2039, -17, -18
2039.1, -17, -18
2039.2, -17, -18
2039.3, -17, -18
2039.4, -17, -18
2039.5, -17, -18
2039.6, -17, -18
2039.7, -17, -18
2039.8, -17, -18
2039.9, -17, -18
2040, -17, -18
2040.1, -17, -18
2040.2, -17, -18
2040.3, -17, -18
2040.4, -17, -18
2040.5, -17, -17
2040.6, -17, -17
2040.7, -17, -17
2040.8, -17, -17
2040.9, -16, -17
2041, -16, -17
2041.1, -16, -17
2041.2, -16, -17
2041.3, -16, -17
2041.4, -16, -17
2041.5, -16, -17
2041.6, -16, -17
2041.7, -16, -17
2041.8, -16, -17
2041.9, -16, -18
2042, -16, -18
2042.1, -16, -19
2042.2, -16, -19
2042.3, -16, -19
2042.4, -16, -19
2042.5, -16, -19
2042.6, -16, -19
2042.7, -16, -19
2042.8, -16, -19
2042.9, -16, -19
2043, -16, -19
2043.1, -16, -19
2043.2, -16, -19
2043.3, -16, -19
2043.4, -16, -19
2043.5, -16, -19
2043.6, -16, -19
2043.7, -16, -19
2043.8, -16, -19
2043.9, -16, -19
2044, -16, -19
2044.1, -16, -19
2044.2, -16, -19
2044.3, -16, -19
2044.4, -16, -19
2044.5, -16, -19
2044.6, -16, -19
2044.7, -16, -19
2044.8, -16, -19
2044.9, -16, -19
2045, -16, -19
2045.1, -16, -19
2045.2, -16, -19
2045.3, -16, -19
2045.4, -16, -19
2045.5, -16, -19
2045.6, -16, -19
2045.7, -16, -19
2045.8, -16, -19
2045.9, -16, -19
2046, -16, -19
2046.1, -16, -19
2046.2, -16, -19
2046.3, -16, -18
2046.4, -16, -18
2046.5, -16, -17
2046.6, -16, -17
2046.7, -16, -18
2046.8, -16, -18
2046.9, -16, -18
2047, -16, -18
2047.1, -16, -18
2047.2, -16, -18
2047.3, -16, -18
2047.4, -16, -18
2047.5, -15, -18
2047.6, -15, -18
2047.7, -15, -18
2047.8, -15, -18
2047.9, -15, -18
2048, -15, -18
2048.1, -15, -18
2048.2, -15, -18
2048.3, -15, -18
2048.4, -15, -18
2048.5, -16, -18
2048.6, -16, -18
2048.7, -16, -18
2048.8, -16, -18
2048.9, -16, -18
2049, -16, -18
2049.1, -16, -18
2049.2, -16, -18
2049.3, -16, -18
2049.4, -16, -18
2049.5, -16, -18
2049.6, -16, -18
2049.7, -16, -18
2049.8, -16, -18
2049.9, -16, -18
2050, -16, -18
2050.1, -16, -18
2050.2, -16, -18
2050.3, -16, -18
2050.4, -16, -18
2050.5, -16, -18
2050.6, -16, -18
2050.7, -16, -18
2050.8, -16, -18
2050.9, -16, -18
2051, -16, -18
2051.1, -16, -19
2051.2, -16, -19
2051.3, -16, -19
2051.4, -16, -19
2051.5, -16, -19
2051.6, -16, -19
2051.7, -16, -19
2051.8, -16, -19
2051.9, -17, -19
2052, -17, -19
2052.1, -17, -19
2052.2, -17, -19
2052.3, -17, -19
2052.4, -17, -19
2052.5, -17, -19
2052.6, -17, -19
2052.7, -17, -19
2052.8, -17, -19
2052.9, -17, -19
2053, -17, -19
2053.1, -17, -19
2053.2, -17, -19
2053.3, -17, -19
2053.4, -17, -19
2053.5, -17, -19
2053.6, -17, -19
2053.7, -17, -19
2053.8, -17, -19
2053.9, -17, -19
2054, -17, -19
2054.1, -17, -19
2054.2, -17, -19
2054.3, -17, -19
2054.4, -17, -19
2054.5, -17, -19
2054.6, -17, -19
2054.7, -17, -19
2054.8, -17, -19
2054.9, -17, -19
2055, -17, -19
2055.1, -17, -19
2055.2, -17, -19
2055.3, -17, -19
2055.4, -17, -19
2055.5, -17, -19
2055.6, -17, -19
2055.7, -17, -19
2055.8, -17, -19
2055.9, -17, -19
2056, -17, -19
2056.1, -17, -19
2056.2, -17, -19
2056.3, -17, -19
2056.4, -17, -19
2056.5, -17, -19
2056.6, -17, -19
2056.7, -17, -19
2056.8, -17, -19
2056.9, -17, -19
2057, -17, -19
2057.1, -17, -19
2057.2, -17, -19
2057.3, -17, -19
2057.4, -17, -19
2057.5, -17, -19
2057.6, -17, -19
2057.7, -17, -19
2057.8, -17, -19
2057.9, -17, -19
2058, -17, -19
2058.1, -17, -19
2058.2, -17, -19
2058.3, -17, -19
2058.4, -17, -19
2058.5, -17, -19
2058.6, -17, -19
2058.7, -17, -19
2058.8, -17, -19
2058.9, -17, -19
2059, -17, -19
2059.1, -17, -19
2059.2, -17, -19
2059.3, -17, -19
2059.4, -17, -19
2059.5, -17, -19
2059.6, -17, -19
2059.7, -17, -19
2059.8, -17, -19
2059.9, -17, -19
2060, -17, -19
2060.1, -17, -19
2060.2, -17, -19
2060.3, -17, -19
2060.4, -17, -19
2060.5, -18, -19
2060.6, -18, -19
2060.7, -18, -19
2060.8, -18, -19
2060.9, -18, -19
2061, -18, -19
2061.1, -18, -19
2061.2, -18, -19
2061.3, -18, -19
2061.4, -18, -19
2061.5, -18, -19
2061.6, -18, -19
2061.7, -18, -19
2061.8, -18, -19
2061.9, -18, -20
2062, -18, -20
2062.1, -18, -20
2062.2, -18, -20
2062.3, -18, -20
2062.4, -18, -20
2062.5, -18, -20
2062.6, -18, -20
2062.7, -18, -20
2062.8, -18, -20
2062.9, -18, -20
2063, -18, -20
2063.1, -18, -20
2063.2, -18, -20
2063.3, -18, -20
2063.4, -18, -20
2063.5, -18, -20
2063.6, -18, -20
2063.7, -18, -20
2063.8, -18, -20
2063.9, -18, -20
2064, -18, -20
2064.1, -17, -20
2064.2, -17, -20
2064.3, -17, -20
2064.4, -17, -20
2064.5, -17, -20
2064.6, -17, -20
2064.7, -17, -20
2064.8, -17, -20
2064.9, -16, -20
2065, -16, -20
2065.1, -17, -20
2065.2, -17, -20
2065.3, -17, -20
2065.4, -17, -20
2065.5, -17, -20
2065.6, -17, -20
2065.7, -17, -20
2065.8, -17, -20
2065.9, -17, -20
2066, -17, -20
2066.1, -17, -20
2066.2, -17, -20
2066.3, -17, -21
2066.4, -17, -21
2066.5, -17, -21
2066.6, -17, -21
2066.7, -17, -21
2066.8, -17, -21
2066.9, -17, -21
2067, -17, -21
2067.1, -17, -21
2067.2, -17, -21
2067.3, -17, -21
2067.4, -17, -21
2067.5, -17, -21
2067.6, -17, -21
2067.7, -17, -21
2067.8, -17, -21
2067.9, -17, -21
2068, -17, -21
2068.1, -17, -21
2068.2, -17, -21
2068.3, -17, -21
2068.4, -17, -21
2068.5, -17, -21
2068.6, -17, -21
2068.7, -17, -21
2068.8, -17, -21
2068.9, -17, -21
2069, -17, -21
2069.1, -17, -21
2069.2, -17, -21
2069.3, -17, -21
2069.4, -17, -21
2069.5, -17, -21
2069.6, -17, -21
2069.7, -17, -21
2069.8, -17, -21
2069.9, -17, -21
2070, -17, -21
2070.1, -17, -21
2070.2, -17, -21
2070.3, -17, -21
2070.4, -17, -21
2070.5, -17, -21
2070.6, -17, -21
2070.7, -17, -21
2070.8, -17, -21
2070.9, -17, -22
2071, -17, -22
2071.1, -17, -22
2071.2, -17, -22
2071.3, -17, -22
2071.4, -17, -22
2071.5, -17, -22
2071.6, -17, -22
2071.7, -17, -22
2071.8, -17, -22
2071.9, -17, -22
2072, -17, -22
2072.1, -17, -22
2072.2, -17, -22
2072.3, -17, -22
2072.4, -17, -22
2072.5, -17, -22
2072.6, -17, -22
2072.7, -17, -22
2072.8, -17, -22
2072.9, -17, -22
2073, -17, -22
2073.1, -17, -22
2073.2, -17, -22
2073.3, -17, -22
2073.4, -17, -22
2073.5, -17, -22
2073.6, -17, -22
2073.7, -17, -22
2073.8, -17, -22
2073.9, -17, -22
2074, -17, -22
2074.1, -17, -22
2074.2, -17, -22
2074.3, -17, -22
2074.4, -17, -22
2074.5, -17, -22
2074.6, -17, -22
2074.7, -17, -22
2074.8, -17, -22
2074.9, -17, -22
2075, -17, -22
2075.1, -17, -22
2075.2, -17, -22
2075.3, -17, -22
2075.4, -17, -22
2075.5, -16, -22
2075.6, -16, -22
2075.7, -16, -22
2075.8, -16, -22
2075.9, -16, -22
2076, -16, -22
2076.1, -16, -22
2076.2, -16, -22
2076.3, -16, -22
2076.4, -16, -22
2076.5, -16, -22
2076.6, -16, -22
2076.7, -16, -22
2076.8, -16, -22
2076.9, -17, -22
2077, -17, -22
2077.1, -17, -22
2077.2, -17, -22
2077.3, -17, -22
2077.4, -17, -22
2077.5, -17, -22
2077.6, -17, -22
2077.7, -17, -22
2077.8, -17, -22
2077.9, -17, -22
2078, -17, -22
2078.1, -17, -22
2078.2, -17, -22
2078.3, -17, -22
2078.4, -17, -22
2078.5, -17, -22
2078.6, -17, -22
2078.7, -17, -22
2078.8, -17, -22
2078.9, -17, -22
2079, -17, -22
2079.1, -17, -22
2079.2, -17, -22
2079.3, -17, -22
2079.4, -17, -22
2079.5, -17, -22
2079.6, -17, -22
2079.7, -17, -22
2079.8, -17, -22
2079.9, -17, -21
2080, -17, -21
2080.1, -17, -21
2080.2, -17, -21
2080.3, -17, -21
2080.4, -17, -21
2080.5, -17, -21
2080.6, -17, -21
2080.7, -17, -21
2080.8, -17, -21
2080.9, -17, -21
2081, -17, -21
2081.1, -17, -21
2081.2, -17, -21
2081.3, -17, -21
2081.4, -17, -21
2081.5, -17, -21
2081.6, -17, -21
2081.7, -17, -21
2081.8, -17, -21
2081.9, -17, -21
2082, -17, -21
2082.1, -17, -21
2082.2, -17, -21
2082.3, -17, -21
2082.4, -17, -21
2082.5, -17, -21
2082.6, -17, -21
2082.7, -17, -21
2082.8, -17, -21
2082.9, -17, -21
2083, -17, -21
2083.1, -17, -21
2083.2, -17, -21
2083.3, -17, -21
2083.4, -17, -21
2083.5, -17, -21
2083.6, -17, -21
2083.7, -17, -21
2083.8, -17, -21
2083.9, -17, -21
2084, -17, -21
2084.1, -17, -21
2084.2, -17, -21
2084.3, -17, -21
2084.4, -17, -21
2084.5, -17, -21
2084.6, -17, -21
2084.7, -17, -21
2084.8, -17, -21
2084.9, -17, -21
2085, -17, -21
2085.1, -17, -21
2085.2, -17, -21
2085.3, -17, -21
2085.4, -17, -21
2085.5, -17, -21
2085.6, -17, -21
2085.7, -17, -21
2085.8, -17, -21
2085.9, -17, -21
2086, -17, -21
2086.1, -17, -21
2086.2, -17, -21
2086.3, -17, -21
2086.4, -17, -21
2086.5, -17, -21
2086.6, -17, -21
2086.7, -17, -21
2086.8, -17, -21
2086.9, -17, -21
2087, -17, -21
2087.1, -17, -21
2087.2, -17, -21
2087.3, -17, -21
2087.4, -17, -21
2087.5, -17, -21
2087.6, -17, -21
2087.7, -17, -20
2087.8, -17, -20
2087.9, -16, -20
2088, -16, -20
2088.1, -16, -20
2088.2, -16, -20
2088.3, -16, -20
2088.4, -16, -20
2088.5, -16, -21
2088.6, -16, -21
2088.7, -16, -21
2088.8, -16, -21
2088.9, -16, -21
2089, -16, -21
2089.1, -16, -21
2089.2, -16, -21
2089.3, -16, -22
2089.4, -16, -22
2089.5, -16, -22
2089.6, -16, -22
2089.7, -16, -22
2089.8, -16, -22
2089.9, -16, -22
2090, -16, -22
2090.1, -16, -22
2090.2, -16, -22
2090.3, -16, -22
2090.4, -16, -22
2090.5, -16, -22
2090.6, -16, -22
2090.7, -16, -22
2090.8, -16, -22
2090.9, -16, -22
2091, -16, -22
2091.1, -16, -22
2091.2, -16, -22
2091.3, -16, -22
2091.4, -16, -22
2091.5, -16, -22
2091.6, -16, -22
2091.7, -16, -22
2091.8, -16, -22
2091.9, -16, -22
2092, -16, -22
2092.1, -16, -22
2092.2, -16, -22
2092.3, -16, -22
2092.4, -16, -22
2092.5, -16, -22
2092.6, -16, -22
2092.7, -16, -22
2092.8, -16, -22
2092.9, -16, -22
2093, -16, -22
2093.1, -16, -22
2093.2, -16, -22
2093.3, -16, -22
2093.4, -16, -22
2093.5, -16, -22
2093.6, -16, -22
2093.7, -16, -22
2093.8, -16, -22
2093.9, -16, -22
2094, -16, -22
2094.1, -16, -22
2094.2, -16, -22
2094.3, -16, -22
2094.4, -16, -22
2094.5, -16, -22
2094.6, -16, -22
2094.7, -16, -22
2094.8, -16, -22
2094.9, -16, -22
2095, -16, -22
2095.1, -16, -22
2095.2, -16, -22
2095.3, -16, -23
2095.4, -16, -23
2095.5, -16, -23
2095.6, -16, -23
2095.7, -16, -23
2095.8, -16, -23
2095.9, -16, -23
2096, -16, -23
2096.1, -16, -23
2096.2, -16, -23
2096.3, -16, -23
2096.4, -16, -23
2096.5, -16, -23
2096.6, -16, -23
2096.7, -16, -23
2096.8, -16, -23
2096.9, -16, -23
2097, -16, -23
2097.1, -16, -23
2097.2, -16, -23
2097.3, -16, -23
2097.4, -16, -23
2097.5, -16, -23
2097.6, -16, -23
2097.7, -16, -23
2097.8, -16, -23
2097.9, -16, -23
2098, -16, -23
2098.1, -16, -23
2098.2, -16, -23
2098.3, -16, -23
2098.4, -16, -23
2098.5, -16, -23
2098.6, -16, -23
2098.7, -16, -23
2098.8, -16, -23
2098.9, -16, -23
2099, -16, -23
2099.1, -16, -23
2099.2, -16, -23
2099.3, -16, -23
2099.4, -16, -23
2099.5, -16, -23
2099.6, -16, -23
2099.7, -16, -23
2099.8, -16, -23
2099.9, -16, -23
2100, -16, -23
2100.1, -16, -23
2100.2, -16, -23
2100.3, -16, -23
2100.4, -16, -23
2100.5, -16, -23
2100.6, -16, -23
2100.7, -16, -23
2100.8, -16, -23
2100.9, -16, -23
2101, -16, -23
2101.1, -16, -23
2101.2, -16, -23
2101.3, -16, -23
2101.4, -16, -23
2101.5, -16, -23
2101.6, -16, -23
2101.7, -16, -23
2101.8, -16, -23
2101.9, -16, -23
2102, -16, -23
2102.1, -16, -23
2102.2, -16, -23
2102.3, -16, -23
2102.4, -16, -23
2102.5, -16, -23
2102.6, -16, -23
2102.7, -16, -23
2102.8, -16, -23
2102.9, -16, -23
2103, -16, -23
2103.1, -16, -23
2103.2, -16, -23
2103.3, -16, -23
2103.4, -16, -23
2103.5, -16, -23
2103.6, -16, -23
2103.7, -16, -23
2103.8, -16, -23
2103.9, -16, -23
2104, -16, -23
2104.1, -16, -23
2104.2, -16, -23
2104.3, -16, -23
2104.4, -16, -23
2104.5, -16, -23
2104.6, -16, -23
2104.7, -15, -23
2104.8, -15, -23
2104.9, -15, -23
2105, -15, -23
2105.1, -15, -22
2105.2, -15, -22
2105.3, -15, -22
2105.4, -15, -22
2105.5, -15, -22
2105.6, -15, -22
2105.7, -15, -22
2105.8, -15, -22
2105.9, -15, -22
2106, -15, -22
2106.1, -15, -22
2106.2, -15, -22
2106.3, -15, -22
2106.4, -15, -22
2106.5, -15, -22
2106.6, -15, -22
2106.7, -15, -22
2106.8, -15, -22
2106.9, -15, -22
2107, -15, -22
2107.1, -15, -22
2107.2, -15, -22
2107.3, -15, -22
2107.4, -15, -22
2107.5, -15, -22
2107.6, -15, -22
2107.7, -15, -22
2107.8, -15, -22
2107.9, -15, -22
2108, -15, -22
2108.1, -15, -22
2108.2, -15, -22
2108.3, -15, -22
2108.4, -15, -22
2108.5, -15, -22
2108.6, -15, -22
2108.7, -15, -22
2108.8, -15, -22
2108.9, -15, -22
2109, -15, -22
2109.1, -15, -22
2109.2, -15, -22
2109.3, -15, -22
2109.4, -15, -22
2109.5, -15, -22
2109.6, -15, -22
2109.7, -15, -23
2109.8, -15, -23
2109.9, -15, -23
2110, -15, -23
2110.1, -15, -23
2110.2, -15, -23
2110.3, -15, -23
2110.4, -15, -23
2110.5, -15, -23
2110.6, -15, -23
2110.7, -15, -23
2110.8, -15, -23
2110.9, -15, -23
2111, -15, -23
2111.1, -15, -23
2111.2, -15, -23
2111.3, -15, -23
2111.4, -15, -23
2111.5, -15, -23
2111.6, -15, -23
2111.7, -15, -23
2111.8, -15, -23
2111.9, -15, -24
2112, -15, -24
2112.1, -15, -24
2112.2, -15, -24
2112.3, -15, -24
2112.4, -15, -24
2112.5, -15, -24
2112.6, -15, -24
2112.7, -16, -24
2112.8, -16, -24
2112.9, -16, -24
2113, -16, -24
2113.1, -16, -24
2113.2, -16, -24
2113.3, -16, -24
2113.4, -16, -24
2113.5, -16, -24
2113.6, -16, -24
2113.7, -16, -24
2113.8, -16, -24
2113.9, -15, -24
2114, -15, -24
2114.1, -15, -24
2114.2, -15, -24
2114.3, -15, -24
2114.4, -15, -24
2114.5, -15, -24
2114.6, -15, -24
2114.7, -15, -24
2114.8, -15, -24
2114.9, -15, -25
2115, -15, -25
2115.1, -15, -25
2115.2, -15, -25
2115.3, -15, -25
2115.4, -15, -25
2115.5, -16, -25
2115.6, -16, -25
2115.7, -16, -25
2115.8, -16, -25
2115.9, -16, -25
2116, -16, -25
2116.1, -16, -25
2116.2, -16, -25
2116.3, -16, -25
2116.4, -16, -25
2116.5, -16, -25
2116.6, -16, -25
2116.7, -16, -25
2116.8, -16, -25
2116.9, -16, -25
2117, -16, -25
2117.1, -16, -25
2117.2, -16, -25
2117.3, -16, -25
2117.4, -16, -25
2117.5, -16, -25
2117.6, -16, -25
2117.7, -16, -25
2117.8, -16, -25
2117.9, -16, -24
2118, -16, -24
2118.1, -16, -24
2118.2, -16, -24
2118.3, -16, -24
2118.4, -16, -24
2118.5, -16, -24
2118.6, -16, -24
2118.7, -16, -24
2118.8, -16, -24
2118.9, -16, -24
2119, -16, -24
2119.1, -16, -24
2119.2, -16, -24
2119.3, -16, -24
2119.4, -16, -24
2119.5, -16, -24
2119.6, -16, -24
2119.7, -16, -24
2119.8, -16, -24
2119.9, -16, -24
2120, -16, -24
2120.1, -16, -24
2120.2, -16, -24
2120.3, -16, -24
2120.4, -16, -24
2120.5, -16, -23
2120.6, -16, -23
2120.7, -16, -23
2120.8, -16, -23
2120.9, -16, -23
2121, -16, -23
2121.1, -16, -23
2121.2, -16, -23
2121.3, -16, -23
2121.4, -16, -23
2121.5, -16, -23
2121.6, -16, -23
2121.7, -16, -23
2121.8, -16, -23
2121.9, -16, -23
2122, -16, -23
2122.1, -16, -23
2122.2, -16, -23
2122.3, -16, -23
2122.4, -16, -23
2122.5, -16, -23
2122.6, -16, -23
2122.7, -16, -23
2122.8, -16, -23
2122.9, -16, -23
2123, -16, -23
2123.1, -16, -23
2123.2, -16, -23
2123.3, -16, -23
2123.4, -16, -23
2123.5, -16, -23
2123.6, -16, -23
2123.7, -16, -23
2123.8, -16, -23
2123.9, -17, -23
2124, -17, -23
2124.1, -17, -23
2124.2, -17, -23
2124.3, -17, -23
2124.4, -17, -23
2124.5, -17, -23
2124.6, -17, -23
2124.7, -17, -23
2124.8, -17, -23
2124.9, -17, -23
2125, -17, -23
2125.1, -17, -23
2125.2, -17, -23
2125.3, -17, -23
2125.4, -17, -23
2125.5, -17, -23
2125.6, -17, -23
2125.7, -17, -23
2125.8, -17, -23
2125.9, -17, -23
2126, -17, -23
2126.1, -17, -23
2126.2, -17, -23
2126.3, -17, -23
2126.4, -17, -23
2126.5, -17, -23
2126.6, -17, -23
2126.7, -17, -23
2126.8, -17, -23
2126.9, -17, -23
2127, -17, -23
2127.1, -17, -23
2127.2, -17, -23
2127.3, -17, -23
2127.4, -17, -23
2127.5, -17, -24
2127.6, -17, -24
2127.7, -17, -25
2127.8, -17, -25
2127.9, -17, -25
2128, -17, -25
2128.1, -17, -25
2128.2, -17, -25
2128.3, -17, -25
2128.4, -17, -25
2128.5, -17, -26
2128.6, -17, -26
2128.7, -17, -26
2128.8, -17, -26
2128.9, -17, -26
2129, -17, -26
2129.1, -17, -26
2129.2, -17, -26
2129.3, -17, -26
2129.4, -17, -26
2129.5, -17, -26
2129.6, -17, -26
2129.7, -17, -26
2129.8, -17, -26
2129.9, -17, -26
2130, -17, -26
2130.1, -17, -26
2130.2, -17, -26
2130.3, -17, -26
2130.4, -17, -26
2130.5, -17, -26
2130.6, -17, -26
2130.7, -17, -26
2130.8, -17, -26
2130.9, -17, -26
2131, -17, -26
2131.1, -18, -26
2131.2, -18, -26
2131.3, -18, -26
2131.4, -18, -26
2131.5, -18, -26
2131.6, -18, -26
2131.7, -18, -26
2131.8, -18, -26
2131.9, -18, -26
2132, -18, -26
2132.1, -18, -26
2132.2, -18, -26
2132.3, -18, -26
2132.4, -18, -26
2132.5, -18, -26
2132.6, -18, -26
2132.7, -18, -26
2132.8, -18, -26
2132.9, -18, -26
2133, -18, -26
2133.1, -18, -26
2133.2, -18, -26
2133.3, -18, -26
2133.4, -18, -26
2133.5, -18, -26
2133.6, -18, -26
2133.7, -18, -26
2133.8, -18, -26
2133.9, -18, -27
2134, -18, -27
2134.1, -18, -27
2134.2, -18, -27
2134.3, -18, -27
2134.4, -18, -27
2134.5, -18, -27
2134.6, -18, -27
2134.7, -18, -27
2134.8, -18, -27
2134.9, -18, -27
2135, -18, -27
2135.1, -18, -27
2135.2, -18, -27
2135.3, -18, -27
2135.4, -18, -27
2135.5, -18, -27
2135.6, -18, -27
2135.7, -18, -27
2135.8, -18, -27
2135.9, -18, -27
2136, -18, -27
2136.1, -18, -27
2136.2, -18, -27
2136.3, -18, -27
2136.4, -18, -27
2136.5, -18, -27
2136.6, -18, -27
2136.7, -18, -28
2136.8, -18, -28
2136.9, -18, -28
2137, -18, -28
2137.1, -18, -28
2137.2, -18, -28
2137.3, -18, -28
2137.4, -18, -28
2137.5, -18, -27
2137.6, -18, -27
2137.7, -18, -27
2137.8, -18, -27
2137.9, -18, -26
2138, -18, -26
2138.1, -18, -26
2138.2, -18, -26
2138.3, -18, -26
2138.4, -18, -26
2138.5, -18, -26
2138.6, -18, -26
2138.7, -18, -26
2138.8, -18, -26
2138.9, -18, -26
2139, -18, -26
2139.1, -18, -26
2139.2, -18, -26
2139.3, -18, -26
2139.4, -18, -26
2139.5, -18, -26
2139.6, -18, -26
2139.7, -18, -26
2139.8, -18, -26
2139.9, -18, -26
2140, -18, -26
2140.1, -18, -26
2140.2, -18, -26
2140.3, -18, -26
2140.4, -18, -26
2140.5, -18, -26
2140.6, -18, -26
2140.7, -18, -26
2140.8, -18, -26
2140.9, -18, -26
2141, -18, -26
2141.1, -18, -26
2141.2, -18, -26
2141.3, -18, -26
2141.4, -18, -26
2141.5, -18, -27
2141.6, -18, -27
2141.7, -18, -27
2141.8, -18, -27
2141.9, -18, -27
2142, -18, -27
2142.1, -18, -27
2142.2, -18, -27
2142.3, -18, -27
2142.4, -18, -27
2142.5, -18, -27
2142.6, -18, -27
2142.7, -18, -27
2142.8, -18, -27
2142.9, -18, -28
2143, -18, -28
2143.1, -18, -28
2143.2, -18, -28
2143.3, -18, -28
2143.4, -18, -28
2143.5, -18, -28
2143.6, -18, -28
2143.7, -18, -28
2143.8, -18, -28
2143.9, -18, -28
2144, -18, -28
2144.1, -18, -28
2144.2, -18, -28
2144.3, -18, -28
2144.4, -18, -28
2144.5, -18, -28
2144.6, -18, -28
2144.7, -18, -28
2144.8, -18, -28
2144.9, -18, -28
2145, -18, -28
2145.1, -18, -28
2145.2, -18, -28
2145.3, -18, -27
2145.4, -18, -27
2145.5, -18, -27
2145.6, -18, -27
2145.7, -18, -27
2145.8, -18, -27
2145.9, -18, -27
2146, -18, -27
2146.1, -18, -27
2146.2, -18, -27
2146.3, -18, -27
2146.4, -18, -27
2146.5, -18, -27
2146.6, -18, -27
2146.7, -18, -27
2146.8, -18, -27
2146.9, -18, -27
2147, -18, -27
2147.1, -18, -27
2147.2, -18, -27
2147.3, -18, -27
2147.4, -18, -27
2147.5, -18, -27
2147.6, -18, -27
2147.7, -18, -27
2147.8, -18, -27
2147.9, -18, -27
2148, -18, -27
2148.1, -18, -27
2148.2, -18, -27
2148.3, -18, -27
2148.4, -18, -27
2148.5, -18, -27
2148.6, -18, -27
2148.7, -18, -27
2148.8, -18, -27
2148.9, -18, -27
2149, -18, -27
2149.1, -18, -27
2149.2, -18, -27
2149.3, -18, -27
2149.4, -18, -27
2149.5, -18, -27
2149.6, -18, -27
2149.7, -18, -27
2149.8, -18, -27
2149.9, -18, -27
2150, -18, -27
2150.1, -18, -27
2150.2, -18, -27
2150.3, -18, -27
2150.4, -18, -27
2150.5, -18, -27
2150.6, -18, -27
2150.7, -18, -28
2150.8, -18, -28
2150.9, -18, -28
2151, -18, -28
2151.1, -18, -28
2151.2, -18, -28
2151.3, -18, -28
2151.4, -18, -28
2151.5, -18, -28
2151.6, -18, -28
2151.7, -18, -28
2151.8, -18, -28
2151.9, -18, -28
2152, -18, -28
2152.1, -18, -28
2152.2, -18, -28
2152.3, -18, -28
2152.4, -18, -28
2152.5, -18, -28
2152.6, -18, -28
2152.7, -18, -28
2152.8, -18, -28
2152.9, -17, -28
2153, -17, -28
2153.1, -16, -28
2153.2, -16, -28
2153.3, -16, -28
2153.4, -16, -28
2153.5, -16, -28
2153.6, -16, -28
2153.7, -16, -28
2153.8, -16, -28
2153.9, -16, -28
2154, -16, -28
2154.1, -16, -28
2154.2, -16, -28
2154.3, -16, -28
2154.4, -16, -28
2154.5, -16, -28
2154.6, -16, -28
2154.7, -16, -28
2154.8, -16, -28
2154.9, -16, -28
2155, -16, -28
2155.1, -16, -28
2155.2, -16, -28
2155.3, -16, -28
2155.4, -16, -28
2155.5, -16, -28
2155.6, -16, -28
2155.7, -16, -28
2155.8, -16, -28
2155.9, -16, -28
2156, -16, -28
2156.1, -16, -28
2156.2, -16, -28
2156.3, -16, -28
2156.4, -16, -28
2156.5, -16, -28
2156.6, -16, -28
2156.7, -16, -28
2156.8, -16, -28
2156.9, -16, -28
2157, -16, -28
2157.1, -16, -28
2157.2, -16, -28
2157.3, -16, -28
2157.4, -16, -28
2157.5, -16, -29
2157.6, -16, -29
2157.7, -16, -29
2157.8, -16, -29
2157.9, -16, -29
2158, -16, -29
2158.1, -17, -29
2158.2, -17, -29
2158.3, -17, -29
2158.4, -17, -29
2158.5, -17, -29
2158.6, -17, -29
2158.7, -17, -29
2158.8, -17, -29
2158.9, -17, -28
2159, -17, -28
2159.1, -17, -28
2159.2, -17, -28
2159.3, -17, -28
2159.4, -17, -28
2159.5, -17, -28
2159.6, -17, -28
2159.7, -17, -28
2159.8, -17, -28
2159.9, -17, -28
2160, -17, -28
2160.1, -17, -28
2160.2, -17, -28
2160.3, -17, -28
2160.4, -17, -28
2160.5, -17, -28
2160.6, -17, -28
2160.7, -17, -28
2160.8, -17, -28
2160.9, -17, -28
2161, -17, -28
2161.1, -17, -28
2161.2, -17, -28
2161.3, -17, -28
2161.4, -17, -28
2161.5, -17, -28
2161.6, -17, -28
2161.7, -17, -28
2161.8, -17, -28
2161.9, -17, -28
2162, -17, -28
2162.1, -17, -28
2162.2, -17, -28
2162.3, -17, -28
2162.4, -17, -28
2162.5, -17, -28
2162.6, -17, -28
2162.7, -17, -28
2162.8, -17, -28
2162.9, -17, -28
2163, -17, -28
2163.1, -17, -28
2163.2, -17, -28
2163.3, -17, -28
2163.4, -17, -28
2163.5, -17, -28
2163.6, -17, -28
2163.7, -17, -28
2163.8, -17, -28
2163.9, -17, -28
2164, -17, -28
2164.1, -17, -28
2164.2, -17, -28
2164.3, -17, -28
2164.4, -17, -28
2164.5, -17, -28
2164.6, -17, -28
2164.7, -17, -28
2164.8, -17, -28
2164.9, -17, -28
2165, -17, -28
2165.1, -17, -28
2165.2, -17, -28
2165.3, -17, -28
2165.4, -17, -28
2165.5, -17, -28
2165.6, -17, -28
2165.7, -17, -28
2165.8, -17, -28
2165.9, -17, -28
2166, -17, -28
2166.1, -17, -28
2166.2, -17, -28
2166.3, -17, -28
2166.4, -17, -28
2166.5, -17, -28
2166.6, -17, -28
2166.7, -17, -28
2166.8, -17, -28
2166.9, -17, -28
2167, -17, -28
2167.1, -17, -28
2167.2, -17, -28
2167.3, -17, -28
2167.4, -17, -28
2167.5, -17, -28
2167.6, -17, -28
2167.7, -17, -28
2167.8, -17, -28
2167.9, -17, -28
2168, -17, -28
2168.1, -17, -28
2168.2, -17, -28
2168.3, -17, -28
2168.4, -17, -28
2168.5, -17, -28
2168.6, -17, -28
2168.7, -17, -28
2168.8, -17, -28
2168.9, -17, -28
2169, -17, -28
2169.1, -17, -28
2169.2, -17, -28
2169.3, -17, -28
2169.4, -17, -28
2169.5, -17, -28
2169.6, -17, -28
2169.7, -17, -28
2169.8, -17, -28
2169.9, -17, -28
2170, -17, -28
2170.1, -17, -28
2170.2, -17, -28
2170.3, -17, -28
2170.4, -17, -28
2170.5, -17, -28
2170.6, -17, -28
2170.7, -18, -28
2170.8, -18, -28
2170.9, -18, -28
2171, -18, -28
2171.1, -18, -28
2171.2, -18, -28
2171.3, -18, -28
2171.4, -18, -28
2171.5, -18, -28
2171.6, -18, -28
2171.7, -18, -28
2171.8, -18, -28
2171.9, -18, -28
2172, -18, -28
2172.1, -18, -28
2172.2, -18, -28
2172.3, -18, -28
2172.4, -18, -28
2172.5, -18, -28
2172.6, -18, -28
2172.7, -18, -29
2172.8, -18, -29
2172.9, -18, -29
2173, -18, -29
2173.1, -18, -30
2173.2, -18, -30
2173.3, -18, -30
2173.4, -18, -30
2173.5, -18, -30
2173.6, -18, -30
2173.7, -18, -30
2173.8, -18, -30
2173.9, -18, -29
2174, -18, -29
2174.1, -18, -29
2174.2, -18, -29
2174.3, -18, -29
2174.4, -18, -29
2174.5, -18, -29
2174.6, -18, -29
2174.7, -18, -29
2174.8, -18, -29
2174.9, -18, -28
2175, -18, -28
2175.1, -18, -28
2175.2, -18, -28
2175.3, -18, -28
2175.4, -18, -28
2175.5, -18, -28
2175.6, -18, -28
2175.7, -18, -28
2175.8, -18, -28
2175.9, -18, -28
2176, -18, -28
2176.1, -18, -28
2176.2, -18, -28
2176.3, -18, -28
2176.4, -18, -28
2176.5, -18, -28
2176.6, -18, -28
2176.7, -18, -28
2176.8, -18, -28
2176.9, -18, -28
2177, -18, -28
2177.1, -18, -28
2177.2, -18, -28
2177.3, -18, -28
2177.4, -18, -28
2177.5, -18, -28
2177.6, -18, -28
2177.7, -18, -28
2177.8, -18, -28
2177.9, -17, -28
2178, -17, -28
2178.1, -17, -28
2178.2, -17, -28
2178.3, -17, -28
2178.4, -17, -28
2178.5, -17, -28
2178.6, -17, -28
2178.7, -18, -28
2178.8, -18, -28
2178.9, -17, -28
2179, -17, -28
2179.1, -17, -29
2179.2, -17, -29
2179.3, -17, -29
2179.4, -17, -29
2179.5, -17, -29
2179.6, -17, -29
2179.7, -17, -29
2179.8, -17, -29
2179.9, -16, -29
2180, -16, -29
2180.1, -16, -29
2180.2, -16, -29
2180.3, -16, -29
2180.4, -16, -29
2180.5, -16, -29
2180.6, -16, -29
2180.7, -16, -29
2180.8, -16, -29
2180.9, -16, -29
2181, -16, -29
2181.1, -16, -29
2181.2, -16, -29
2181.3, -16, -29
2181.4, -16, -29
2181.5, -16, -29
2181.6, -16, -29
2181.7, -16, -29
2181.8, -16, -29
2181.9, -16, -29
2182, -16, -29
2182.1, -16, -29
2182.2, -16, -29
2182.3, -16, -29
2182.4, -16, -29
2182.5, -16, -29
2182.6, -16, -29
2182.7, -16, -29
2182.8, -16, -29
2182.9, -16, -29
2183, -16, -29
2183.1, -16, -29
2183.2, -16, -29
2183.3, -16, -29
2183.4, -16, -29
2183.5, -16, -29
2183.6, -16, -29
2183.7, -16, -29
2183.8, -16, -29
2183.9, -16, -29
2184, -16, -29
2184.1, -16, -29
2184.2, -16, -29
2184.3, -16, -29
2184.4, -16, -29
2184.5, -16, -29
2184.6, -16, -29
2184.7, -16, -29
2184.8, -16, -29
2184.9, -16, -29
2185, -16, -29
2185.1, -16, -29
2185.2, -16, -29
2185.3, -16, -29
2185.4, -16, -29
2185.5, -15, -29
2185.6, -15, -29
2185.7, -15, -29
2185.8, -15, -29
2185.9, -15, -29
2186, -15, -29
2186.1, -15, -29
2186.2, -15, -29
2186.3, -15, -29
2186.4, -15, -29
2186.5, -15, -29
2186.6, -15, -29
2186.7, -15, -29
2186.8, -15, -29
2186.9, -15, -29
2187, -15, -29
2187.1, -15, -29
2187.2, -15, -29
2187.3, -15, -29
2187.4, -15, -29
2187.5, -15, -29
2187.6, -15, -29
2187.7, -15, -29
2187.8, -15, -29
2187.9, -15, -29
2188, -15, -29
2188.1, -15, -29
2188.2, -15, -29
2188.3, -15, -29
2188.4, -15, -29
2188.5, -15, -29
2188.6, -15, -29
2188.7, -15, -29
2188.8, -15, -29
2188.9, -15, -29
2189, -15, -29
2189.1, -15, -29
2189.2, -15, -29
2189.3, -15, -29
2189.4, -15, -29
2189.5, -15, -29
2189.6, -15, -29
2189.7, -15, -29
2189.8, -15, -29
2189.9, -15, -29
2190, -15, -29
2190.1, -15, -29
2190.2, -15, -29
2190.3, -15, -29
2190.4, -15, -29
2190.5, -15, -29
2190.6, -15, -29
2190.7, -15, -29
2190.8, -15, -29
2190.9, -15, -29
2191, -15, -29
2191.1, -15, -29
2191.2, -15, -29
2191.3, -15, -29
2191.4, -15, -29
2191.5, -15, -29
2191.6, -15, -29
2191.7, -15, -29
2191.8, -15, -29
2191.9, -15, -29
2192, -15, -29
2192.1, -15, -29
2192.2, -15, -29
2192.3, -14, -29
2192.4, -14, -29
2192.5, -14, -29
2192.6, -14, -29
2192.7, -14, -29
2192.8, -14, -29
2192.9, -14, -29
2193, -14, -29
2193.1, -14, -29
2193.2, -14, -29
2193.3, -14, -29
2193.4, -14, -29
2193.5, -14, -29
2193.6, -14, -29
2193.7, -14, -29
2193.8, -14, -29
2193.9, -14, -29
2194, -14, -29
2194.1, -14, -29
2194.2, -14, -29
2194.3, -14, -29
2194.4, -14, -29
2194.5, -14, -29
2194.6, -14, -29
2194.7, -14, -29
2194.8, -14, -29
2194.9, -14, -29
2195, -14, -29
2195.1, -14, -29
2195.2, -14, -29
2195.3, -14, -29
2195.4, -14, -29
2195.5, -14, -29
2195.6, -14, -29
2195.7, -15, -29
2195.8, -15, -29
2195.9, -15, -29
2196, -15, -29
2196.1, -15, -29
2196.2, -15, -29
2196.3, -15, -30
2196.4, -15, -30
2196.5, -15, -30
2196.6, -15, -30
2196.7, -15, -30
2196.8, -15, -30
2196.9, -15, -30
2197, -15, -30
2197.1, -15, -30
2197.2, -15, -30
2197.3, -15, -30
2197.4, -15, -30
2197.5, -15, -30
2197.6, -15, -30
2197.7, -15, -30
2197.8, -15, -30
2197.9, -15, -30
2198, -15, -30
2198.1, -15, -30
2198.2, -15, -30
2198.3, -15, -30
2198.4, -15, -30
2198.5, -15, -30
2198.6, -15, -30
2198.7, -15, -30
2198.8, -15, -30
2198.9, -15, -30
2199, -15, -30
2199.1, -15, -30
2199.2, -15, -30
2199.3, -15, -30
2199.4, -15, -30
2199.5, -15, -30
2199.6, -15, -30
2199.7, -15, -30
2199.8, -15, -30
2199.9, -15, -30
2200, -15, -30
2200.1, -15, -30
2200.2, -15, -30
2200.3, -15, -30
2200.4, -15, -30
2200.5, -15, -29
2200.6, -15, -29
2200.7, -15, -28
2200.8, -15, -28
2200.9, -15, -28
2201, -15, -28
2201.1, -15, -28
2201.2, -15, -28
2201.3, -15, -28
2201.4, -15, -28
2201.5, -15, -28
2201.6, -15, -28
2201.7, -15, -28
2201.8, -15, -28
2201.9, -15, -28
2202, -15, -28
2202.1, -15, -28
2202.2, -15, -28
2202.3, -15, -28
2202.4, -15, -28
2202.5, -14, -28
2202.6, -14, -28
2202.7, -14, -28
2202.8, -14, -28
2202.9, -14, -28
2203, -14, -28
2203.1, -14, -27
2203.2, -14, -27
2203.3, -14, -27
2203.4, -14, -27
2203.5, -14, -27
2203.6, -14, -27
2203.7, -14, -27
2203.8, -14, -27
2203.9, -14, -27
2204, -14, -27
2204.1, -14, -27
2204.2, -14, -27
2204.3, -14, -28
2204.4, -14, -28
2204.5, -14, -28
2204.6, -14, -28
2204.7, -13, -28
2204.8, -13, -28
2204.9, -13, -28
2205, -13, -28
2205.1, -13, -28
2205.2, -13, -28
2205.3, -13, -28
2205.4, -13, -28
2205.5, -13, -28
2205.6, -13, -28
2205.7, -13, -28
2205.8, -13, -28
2205.9, -13, -28
2206, -13, -28
2206.1, -13, -28
2206.2, -13, -28
2206.3, -13, -28
2206.4, -13, -28
2206.5, -13, -28
2206.6, -13, -28
2206.7, -13, -28
2206.8, -13, -28
2206.9, -13, -28
2207, -13, -28
2207.1, -13, -28
2207.2, -13, -28
2207.3, -13, -28
2207.4, -13, -28
2207.5, -13, -28
2207.6, -13, -28
2207.7, -13, -28
2207.8, -13, -28
2207.9, -13, -28
2208, -13, -28
2208.1, -13, -28
2208.2, -13, -28
2208.3, -13, -28
2208.4, -13, -28
2208.5, -13, -28
2208.6, -13, -28
2208.7, -13, -27
2208.8, -13, -27
2208.9, -13, -27
2209, -13, -27
2209.1, -13, -27
2209.2, -13, -27
2209.3, -13, -27
2209.4, -13, -27
2209.5, -13, -27
2209.6, -13, -27
2209.7, -13, -27
2209.8, -13, -27
2209.9, -13, -27
2210, -13, -27
2210.1, -13, -27
2210.2, -13, -27
2210.3, -13, -27
2210.4, -13, -27
2210.5, -13, -27
2210.6, -13, -27
2210.7, -13, -27
2210.8, -13, -27
2210.9, -13, -27
2211, -13, -27
2211.1, -13, -27
2211.2, -13, -27
2211.3, -13, -27
2211.4, -13, -27
2211.5, -13, -27
2211.6, -13, -27
2211.7, -13, -27
2211.8, -13, -27
2211.9, -14, -27
2212, -14, -27
2212.1, -14, -27
2212.2, -14, -27
2212.3, -14, -27
2212.4, -14, -27
2212.5, -14, -27
2212.6, -14, -27
2212.7, -14, -27
2212.8, -14, -27
2212.9, -14, -27
2213, -14, -27
2213.1, -14, -27
2213.2, -14, -27
2213.3, -14, -27
2213.4, -14, -27
2213.5, -14, -27
2213.6, -14, -27
2213.7, -14, -27
2213.8, -14, -27
2213.9, -14, -27
2214, -14, -27
2214.1, -14, -27
2214.2, -14, -27
2214.3, -14, -27
2214.4, -14, -27
2214.5, -14, -27
2214.6, -14, -27
2214.7, -14, -27
2214.8, -14, -27
2214.9, -14, -27
2215, -14, -27
2215.1, -14, -27
2215.2, -14, -27
2215.3, -14, -27
2215.4, -14, -27
2215.5, -14, -27
2215.6, -14, -27
2215.7, -14, -27
2215.8, -14, -27
2215.9, -15, -27
2216, -15, -27
2216.1, -15, -27
2216.2, -15, -27
2216.3, -15, -27
2216.4, -15, -27
2216.5, -15, -27
2216.6, -15, -27
2216.7, -15, -27
2216.8, -15, -27
2216.9, -15, -27
2217, -15, -27
2217.1, -15, -27
2217.2, -15, -27
2217.3, -15, -27
2217.4, -15, -27
2217.5, -15, -27
2217.6, -15, -27
2217.7, -15, -27
2217.8, -15, -27
2217.9, -15, -27
2218, -15, -27
2218.1, -15, -27
2218.2, -15, -27
2218.3, -15, -27
2218.4, -15, -27
2218.5, -16, -27
2218.6, -16, -27
2218.7, -16, -27
2218.8, -16, -27
2218.9, -15, -27
2219, -15, -27
2219.1, -15, -27
2219.2, -15, -27
2219.3, -15, -27
2219.4, -15, -27
2219.5, -15, -28
2219.6, -15, -28
2219.7, -15, -28
2219.8, -15, -28
2219.9, -15, -28
2220, -15, -28
2220.1, -15, -28
2220.2, -15, -28
2220.3, -15, -28
2220.4, -15, -28
2220.5, -15, -28
2220.6, -15, -28
2220.7, -15, -28
2220.8, -15, -28
2220.9, -15, -28
2221, -15, -28
2221.1, -15, -28
2221.2, -15, -28
2221.3, -15, -28
2221.4, -15, -28
2221.5, -15, -28
2221.6, -15, -28
2221.7, -15, -28
2221.8, -15, -28
2221.9, -15, -28
2222, -15, -28
2222.1, -15, -28
2222.2, -15, -28
2222.3, -15, -28
2222.4, -15, -28
2222.5, -15, -28
2222.6, -15, -28
2222.7, -15, -28
2222.8, -15, -28
2222.9, -15, -28
2223, -15, -28
2223.1, -16, -28
2223.2, -16, -28
2223.3, -17, -28
2223.4, -17, -28
2223.5, -17, -28
2223.6, -17, -28
2223.7, -17, -28
2223.8, -17, -28
2223.9, -17, -28
2224, -17, -28
2224.1, -17, -28
2224.2, -17, -28
2224.3, -17, -28
2224.4, -17, -28
2224.5, -17, -28
2224.6, -17, -28
2224.7, -17, -28
2224.8, -17, -28
2224.9, -17, -28
2225, -17, -28
2225.1, -16, -28
2225.2, -16, -28
2225.3, -16, -28
2225.4, -16, -28
2225.5, -16, -28
2225.6, -16, -28
2225.7, -16, -28
2225.8, -16, -28
2225.9, -16, -28
2226, -16, -28
2226.1, -16, -28
2226.2, -16, -28
2226.3, -16, -28
2226.4, -16, -28
2226.5, -16, -28
2226.6, -16, -28
2226.7, -16, -28
2226.8, -16, -28
2226.9, -16, -28
2227, -16, -28
2227.1, -16, -28
2227.2, -16, -28
2227.3, -16, -28
2227.4, -16, -28
2227.5, -16, -28
2227.6, -16, -28
2227.7, -16, -29
2227.8, -16, -29
2227.9, -16, -29
2228, -16, -29
2228.1, -16, -29
2228.2, -16, -29
2228.3, -16, -29
2228.4, -16, -29
2228.5, -16, -29
2228.6, -16, -29
2228.7, -16, -29
2228.8, -16, -29
2228.9, -16, -29
2229, -16, -29
2229.1, -16, -29
2229.2, -16, -29
2229.3, -16, -29
2229.4, -16, -29
2229.5, -16, -29
2229.6, -16, -29
2229.7, -16, -29
2229.8, -16, -29
2229.9, -16, -29
2230, -16, -29
2230.1, -16, -29
2230.2, -16, -29
2230.3, -16, -29
2230.4, -16, -29
2230.5, -16, -29
2230.6, -16, -29
2230.7, -16, -30
2230.8, -16, -30
2230.9, -16, -30
2231, -16, -30
2231.1, -16, -30
2231.2, -16, -30
2231.3, -16, -30
2231.4, -16, -30
2231.5, -16, -30
2231.6, -16, -30
2231.7, -16, -30
2231.8, -16, -30
2231.9, -16, -30
2232, -16, -30
2232.1, -16, -30
2232.2, -16, -30
2232.3, -16, -30
2232.4, -16, -30
2232.5, -16, -30
2232.6, -16, -30
2232.7, -16, -30
2232.8, -16, -30
2232.9, -16, -30
2233, -16, -30
2233.1, -16, -30
2233.2, -16, -30
2233.3, -16, -30
2233.4, -16, -30
2233.5, -16, -30
2233.6, -16, -30
2233.7, -16, -30
2233.8, -16, -30
2233.9, -16, -31
2234, -16, -31
2234.1, -16, -31
2234.2, -16, -31
2234.3, -16, -31
2234.4, -16, -31
2234.5, -16, -31
2234.6, -16, -31
2234.7, -16, -31
2234.8, -16, -31
2234.9, -16, -31
2235, -16, -31
2235.1, -16, -32
2235.2, -16, -32
2235.3, -16, -32
2235.4, -16, -32
2235.5, -16, -32
2235.6, -16, -32
2235.7, -16, -32
2235.8, -16, -32
2235.9, -16, -32
2236, -16, -32
2236.1, -16, -32
2236.2, -16, -32
2236.3, -16, -32
2236.4, -16, -32
2236.5, -15, -32
2236.6, -15, -32
2236.7, -15, -32
2236.8, -15, -32
2236.9, -15, -32
2237, -15, -32
2237.1, -15, -32
2237.2, -15, -32
2237.3, -15, -32
2237.4, -15, -32
2237.5, -15, -32
2237.6, -15, -32
2237.7, -15, -32
2237.8, -15, -32
2237.9, -15, -32
2238, -15, -32
2238.1, -15, -32
2238.2, -15, -32
2238.3, -15, -33
2238.4, -15, -33
2238.5, -15, -33
2238.6, -15, -33
2238.7, -15, -33
2238.8, -15, -33
2238.9, -15, -33
2239, -15, -33
2239.1, -15, -33
2239.2, -15, -33
2239.3, -15, -33
2239.4, -15, -33
2239.5, -15, -33
2239.6, -15, -33
2239.7, -15, -33
2239.8, -15, -33
2239.9, -15, -33
2240, -15, -33
2240.1, -15, -33
2240.2, -15, -33
2240.3, -15, -33
2240.4, -15, -33
2240.5, -15, -33
2240.6, -15, -33
2240.7, -15, -33
2240.8, -15, -33
2240.9, -15, -33
2241, -15, -33
2241.1, -15, -33
2241.2, -15, -33
2241.3, -15, -33
2241.4, -15, -33
2241.5, -15, -33
2241.6, -15, -33
2241.7, -15, -33
2241.8, -15, -33
2241.9, -15, -33
2242, -15, -33
2242.1, -15, -33
2242.2, -15, -33
2242.3, -15, -33
2242.4, -15, -33
2242.5, -15, -33
2242.6, -15, -33
2242.7, -15, -33
2242.8, -15, -33
2242.9, -15, -33
2243, -15, -33
2243.1, -15, -33
2243.2, -15, -33
2243.3, -15, -33
2243.4, -15, -33
2243.5, -15, -33
2243.6, -15, -33
2243.7, -15, -33
2243.8, -15, -33
2243.9, -15, -33
2244, -15, -33
2244.1, -15, -33
2244.2, -15, -33
2244.3, -15, -33
2244.4, -15, -33
2244.5, -15, -33
2244.6, -15, -33
2244.7, -15, -33
2244.8, -15, -33
2244.9, -15, -33
2245, -15, -33
2245.1, -15, -33
2245.2, -15, -33
2245.3, -15, -33
2245.4, -15, -33
2245.5, -15, -33
2245.6, -15, -33
2245.7, -15, -33
2245.8, -15, -33
2245.9, -15, -33
2246, -15, -33
2246.1, -15, -33
2246.2, -15, -33
2246.3, -15, -33
2246.4, -15, -33
2246.5, -15, -33
2246.6, -15, -33
2246.7, -15, -33
2246.8, -15, -33
2246.9, -15, -33
2247, -15, -33
2247.1, -15, -33
2247.2, -15, -33
2247.3, -15, -33
2247.4, -15, -33
2247.5, -15, -33
2247.6, -15, -33
2247.7, -15, -33
2247.8, -15, -33
2247.9, -15, -33
2248, -15, -33
2248.1, -15, -33
2248.2, -15, -33
2248.3, -15, -33
2248.4, -15, -33
2248.5, -15, -33
2248.6, -15, -33
2248.7, -15, -33
2248.8, -15, -33
2248.9, -15, -33
2249, -15, -33
2249.1, -15, -33
2249.2, -15, -33
2249.3, -15, -33
2249.4, -15, -33
2249.5, -15, -33
2249.6, -15, -33
2249.7, -15, -33
2249.8, -15, -33
2249.9, -15, -33
2250, -15, -33
2250.1, -15, -33
2250.2, -15, -33
2250.3, -15, -33
2250.4, -15, -33
2250.5, -14, -33
2250.6, -14, -33
2250.7, -15, -33
2250.8, -15, -33
2250.9, -15, -33
2251, -15, -33
2251.1, -15, -33
2251.2, -15, -33
2251.3, -15, -33
2251.4, -15, -33
2251.5, -15, -34
2251.6, -15, -34
2251.7, -15, -34
2251.8, -15, -34
2251.9, -15, -34
2252, -15, -34
2252.1, -15, -34
2252.2, -15, -34
2252.3, -15, -34
2252.4, -15, -34
2252.5, -15, -34
2252.6, -15, -34
2252.7, -16, -34
2252.8, -16, -34
2252.9, -16, -34
2253, -16, -34
2253.1, -16, -34
2253.2, -16, -34
2253.3, -16, -34
2253.4, -16, -34
2253.5, -16, -34
2253.6, -16, -34
2253.7, -16, -34
2253.8, -16, -34
2253.9, -16, -34
2254, -16, -34
2254.1, -16, -34
2254.2, -16, -34
2254.3, -16, -34
2254.4, -16, -34
2254.5, -16, -34
2254.6, -16, -34
2254.7, -16, -34
2254.8, -16, -34
2254.9, -16, -34
2255, -16, -34
2255.1, -16, -34
2255.2, -16, -34
2255.3, -16, -34
2255.4, -16, -34
2255.5, -15, -34
2255.6, -15, -34
2255.7, -15, -34
2255.8, -15, -34
2255.9, -15, -34
2256, -15, -34
2256.1, -15, -34
2256.2, -15, -34
2256.3, -15, -34
2256.4, -15, -34
2256.5, -15, -34
2256.6, -15, -34
2256.7, -15, -34
2256.8, -15, -34
2256.9, -15, -34
2257, -15, -34
2257.1, -15, -34
2257.2, -15, -34
2257.3, -15, -34
2257.4, -15, -34
2257.5, -15, -34
2257.6, -15, -34
2257.7, -15, -34
2257.8, -15, -34
2257.9, -15, -34
2258, -15, -34
2258.1, -15, -33
2258.2, -15, -33
2258.3, -15, -33
2258.4, -15, -33
2258.5, -15, -33
2258.6, -15, -33
2258.7, -15, -33
2258.8, -15, -33
2258.9, -15, -33
2259, -15, -33
2259.1, -15, -33
2259.2, -15, -33
2259.3, -15, -33
2259.4, -15, -33
2259.5, -15, -33
2259.6, -15, -33
2259.7, -15, -33
2259.8, -15, -33
2259.9, -15, -33
2260, -15, -33
2260.1, -15, -32
2260.2, -15, -32
2260.3, -15, -32
2260.4, -15, -32
2260.5, -15, -32
2260.6, -15, -32
2260.7, -15, -32
2260.8, -15, -32
2260.9, -15, -32
2261, -15, -32
2261.1, -15, -32
2261.2, -15, -32
2261.3, -15, -32
2261.4, -15, -32
2261.5, -15, -32
2261.6, -15, -32
2261.7, -15, -32
2261.8, -15, -32
2261.9, -15, -32
2262, -15, -32
2262.1, -15, -32
2262.2, -15, -32
2262.3, -16, -32
2262.4, -16, -32
2262.5, -16, -32
2262.6, -16, -32
2262.7, -16, -32
2262.8, -16, -32
2262.9, -16, -32
2263, -16, -32
2263.1, -16, -32
2263.2, -16, -32
2263.3, -16, -32
2263.4, -16, -32
2263.5, -16, -32
2263.6, -16, -32
2263.7, -16, -32
2263.8, -16, -32
2263.9, -16, -32
2264, -16, -32
2264.1, -16, -32
2264.2, -16, -32
2264.3, -16, -32
2264.4, -16, -32
2264.5, -16, -32
2264.6, -16, -32
2264.7, -16, -32
2264.8, -16, -32
2264.9, -16, -32
2265, -16, -32
2265.1, -16, -32
2265.2, -16, -32
2265.3, -16, -32
2265.4, -16, -32
2265.5, -16, -32
2265.6, -16, -32
2265.7, -16, -32
2265.8, -16, -32
2265.9, -16, -31
2266, -16, -31
2266.1, -16, -31
2266.2, -16, -31
2266.3, -16, -31
2266.4, -16, -31
2266.5, -16, -31
2266.6, -16, -31
2266.7, -16, -31
2266.8, -16, -31
2266.9, -16, -31
2267, -16, -31
2267.1, -16, -31
2267.2, -16, -31
2267.3, -16, -31
2267.4, -16, -31
2267.5, -16, -31
2267.6, -16, -31
2267.7, -16, -31
2267.8, -16, -31
2267.9, -16, -31
2268, -16, -31
2268.1, -16, -31
2268.2, -16, -31
2268.3, -16, -32
2268.4, -16, -32
2268.5, -16, -32
2268.6, -16, -32
2268.7, -16, -32
2268.8, -16, -32
2268.9, -16, -32
2269, -16, -32
2269.1, -16, -33
2269.2, -16, -33
2269.3, -16, -33
2269.4, -16, -33
2269.5, -16, -33
2269.6, -16, -33
2269.7, -16, -33
2269.8, -16, -33
2269.9, -16, -33
2270, -16, -33
2270.1, -16, -33
2270.2, -16, -33
2270.3, -16, -33
2270.4, -16, -33
2270.5, -16, -33
2270.6, -16, -33
2270.7, -16, -33
2270.8, -16, -33
2270.9, -16, -33
2271, -16, -33
2271.1, -16, -33
2271.2, -16, -33
2271.3, -16, -33
2271.4, -16, -33
2271.5, -16, -32
2271.6, -16, -32
2271.7, -15, -32
2271.8, -15, -32
2271.9, -15, -32
2272, -15, -32
2272.1, -14, -32
2272.2, -14, -32
2272.3, -14, -32
2272.4, -14, -32
2272.5, -14, -32
2272.6, -14, -32
2272.7, -14, -32
2272.8, -14, -32
2272.9, -14, -32
2273, -14, -32
2273.1, -14, -32
2273.2, -14, -32
2273.3, -14, -32
2273.4, -14, -32
2273.5, -14, -32
2273.6, -14, -32
2273.7, -14, -33
2273.8, -14, -33
2273.9, -14, -33
2274, -14, -33
2274.1, -14, -33
2274.2, -14, -33
2274.3, -14, -33
2274.4, -14, -33
2274.5, -14, -33
2274.6, -14, -33
2274.7, -14, -33
2274.8, -14, -33
2274.9, -14, -33
2275, -14, -33
2275.1, -14, -33
2275.2, -14, -33
2275.3, -14, -33
2275.4, -14, -33
2275.5, -14, -33
2275.6, -14, -33
2275.7, -14, -33
2275.8, -14, -33
2275.9, -15, -33
2276, -15, -33
2276.1, -15, -33
2276.2, -15, -33
2276.3, -15, -33
2276.4, -15, -33
2276.5, -15, -33
2276.6, -15, -33
2276.7, -15, -33
2276.8, -15, -33
2276.9, -15, -33
2277, -15, -33
2277.1, -15, -34
2277.2, -15, -34
2277.3, -15, -34
2277.4, -15, -34
2277.5, -15, -34
2277.6, -15, -34
2277.7, -15, -34
2277.8, -15, -34
2277.9, -15, -33
2278, -15, -33
2278.1, -15, -33
2278.2, -15, -33
2278.3, -15, -33
2278.4, -15, -33
2278.5, -15, -33
2278.6, -15, -33
2278.7, -15, -33
2278.8, -15, -33
2278.9, -15, -33
2279, -15, -33
2279.1, -15, -33
2279.2, -15, -33
2279.3, -15, -33
2279.4, -15, -33
2279.5, -15, -33
2279.6, -15, -33
2279.7, -15, -33
2279.8, -15, -33
2279.9, -15, -33
2280, -15, -33
2280.1, -15, -33
2280.2, -15, -33
2280.3, -15, -33
2280.4, -15, -33
2280.5, -15, -33
2280.6, -15, -33
2280.7, -15, -33
2280.8, -15, -33
2280.9, -15, -33
2281, -15, -33
2281.1, -15, -33
2281.2, -15, -33
2281.3, -15, -33
2281.4, -15, -33
2281.5, -15, -33
2281.6, -15, -33
2281.7, -15, -32
2281.8, -15, -32
2281.9, -15, -32
2282, -15, -32
2282.1, -15, -32
2282.2, -15, -32
2282.3, -15, -32
2282.4, -15, -32
2282.5, -15, -32
2282.6, -15, -32
2282.7, -15, -32
2282.8, -15, -32
2282.9, -15, -32
2283, -15, -32
2283.1, -15, -32
2283.2, -15, -32
2283.3, -15, -32
2283.4, -15, -32
2283.5, -15, -31
2283.6, -15, -31
2283.7, -15, -31
2283.8, -15, -31
2283.9, -15, -31
2284, -15, -31
2284.1, -15, -31
2284.2, -15, -31
2284.3, -15, -31
2284.4, -15, -31
2284.5, -15, -31
2284.6, -15, -31
2284.7, -15, -31
2284.8, -15, -31
2284.9, -15, -31
2285, -15, -31
2285.1, -15, -31
2285.2, -15, -31
2285.3, -15, -31
2285.4, -15, -31
2285.5, -15, -31
2285.6, -15, -31
2285.7, -14, -31
2285.8, -14, -31
2285.9, -14, -30
2286, -14, -30
2286.1, -14, -30
2286.2, -14, -30
2286.3, -14, -30
2286.4, -14, -30
2286.5, -14, -30
2286.6, -14, -30
2286.7, -14, -30
2286.8, -14, -30
2286.9, -14, -30
2287, -14, -30
2287.1, -14, -30
2287.2, -14, -30
2287.3, -14, -30
2287.4, -14, -30
2287.5, -14, -30
2287.6, -14, -30
2287.7, -14, -30
2287.8, -14, -30
2287.9, -14, -30
2288, -14, -30
2288.1, -14, -29
2288.2, -14, -29
2288.3, -14, -29
2288.4, -14, -29
2288.5, -14, -29
2288.6, -14, -29
2288.7, -14, -29
2288.8, -14, -29
2288.9, -14, -29
2289, -14, -29
2289.1, -14, -29
2289.2, -14, -29
2289.3, -15, -29
2289.4, -15, -29
2289.5, -15, -29
2289.6, -15, -29
2289.7, -15, -29
2289.8, -15, -29
2289.9, -15, -29
2290, -15, -29
2290.1, -15, -29
2290.2, -15, -29
2290.3, -15, -29
2290.4, -15, -29
2290.5, -15, -29
2290.6, -15, -29
2290.7, -15, -29
2290.8, -15, -29
2290.9, -15, -29
2291, -15, -29
2291.1, -15, -29
2291.2, -15, -29
2291.3, -15, -29
2291.4, -15, -29
2291.5, -15, -29
2291.6, -15, -29
2291.7, -15, -29
2291.8, -15, -29
2291.9, -15, -29
2292, -15, -29
2292.1, -15, -29
2292.2, -15, -29
2292.3, -15, -29
2292.4, -15, -29
2292.5, -15, -29
2292.6, -15, -29
2292.7, -15, -29
2292.8, -15, -29
2292.9, -14, -29
2293, -14, -29
2293.1, -14, -29
2293.2, -14, -29
2293.3, -14, -29
2293.4, -14, -29
2293.5, -14, -29
2293.6, -14, -29
2293.7, -14, -29
2293.8, -14, -29
2293.9, -14, -29
2294, -14, -29
2294.1, -14, -29
2294.2, -14, -29
2294.3, -14, -29
2294.4, -14, -29
2294.5, -14, -29
2294.6, -14, -29
2294.7, -14, -29
2294.8, -14, -29
2294.9, -13, -29
2295, -13, -29
2295.1, -13, -30
2295.2, -13, -30
2295.3, -13, -30
2295.4, -13, -30
2295.5, -13, -29
2295.6, -13, -29
2295.7, -13, -29
2295.8, -13, -29
2295.9, -13, -29
2296, -13, -29
2296.1, -13, -29
2296.2, -13, -29
2296.3, -13, -29
2296.4, -13, -29
2296.5, -13, -29
2296.6, -13, -29
2296.7, -13, -29
2296.8, -13, -29
2296.9, -13, -29
2297, -13, -29
2297.1, -13, -29
2297.2, -13, -29
2297.3, -13, -28
2297.4, -13, -28
2297.5, -13, -28
2297.6, -13, -28
2297.7, -13, -28
2297.8, -13, -28
2297.9, -13, -28
2298, -13, -28
2298.1, -13, -28
2298.2, -13, -28
2298.3, -13, -29
2298.4, -13, -29
2298.5, -13, -29
2298.6, -13, -29
2298.7, -13, -29
2298.8, -13, -29
2298.9, -13, -29
2299, -13, -29
2299.1, -13, -29
2299.2, -13, -29
2299.3, -12, -29
2299.4, -12, -29
2299.5, -12, -29
2299.6, -12, -29
2299.7, -12, -29
2299.8, -12, -29
2299.9, -12, -29
2300, -12, -29
2300.1, -12, -29
2300.2, -12, -29
2300.3, -12, -29
2300.4, -12, -29
2300.5, -12, -29
2300.6, -12, -29
2300.7, -12, -29
2300.8, -12, -29
2300.9, -12, -28
2301, -12, -28
2301.1, -12, -28
2301.2, -12, -28
2301.3, -11, -28
2301.4, -11, -28
2301.5, -11, -29
2301.6, -11, -29
2301.7, -11, -29
2301.8, -11, -29
2301.9, -10, -29
2302, -10, -29
2302.1, -10, -29
2302.2, -10, -29
2302.3, -10, -29
2302.4, -10, -29
2302.5, -10, -29
2302.6, -10, -29
2302.7, -10, -29
2302.8, -10, -29
2302.9, -10, -29
2303, -10, -29
2303.1, -10, -29
2303.2, -10, -29
2303.3, -10, -29
2303.4, -10, -29
2303.5, -10, -29
2303.6, -10, -29
2303.7, -10, -29
2303.8, -10, -29
2303.9, -10, -29
2304, -10, -29
2304.1, -10, -29
2304.2, -10, -29
2304.3, -10, -29
2304.4, -10, -29
2304.5, -10, -29
2304.6, -10, -29
2304.7, -10, -30
2304.8, -10, -30
2304.9, -10, -31
2305, -10, -31
2305.1, -10, -31
2305.2, -10, -31
2305.3, -10, -31
2305.4, -10, -31
2305.5, -10, -31
2305.6, -10, -31
2305.7, -10, -31
2305.8, -10, -31
2305.9, -10, -31
2306, -10, -31
2306.1, -10, -31
2306.2, -10, -31
2306.3, -10, -31
2306.4, -10, -31
2306.5, -10, -31
2306.6, -10, -31
2306.7, -10, -31
2306.8, -10, -31
2306.9, -10, -31
2307, -10, -31
2307.1, -10, -31
2307.2, -10, -31
2307.3, -10, -31
2307.4, -10, -31
2307.5, -10, -31
2307.6, -10, -31
2307.7, -10, -31
2307.8, -10, -31
2307.9, -10, -31
2308, -10, -31
2308.1, -10, -31
2308.2, -10, -31
2308.3, -10, -31
2308.4, -10, -31
2308.5, -10, -31
2308.6, -10, -31
2308.7, -10, -31
2308.8, -10, -31
2308.9, -10, -31
2309, -10, -31
2309.1, -10, -31
2309.2, -10, -31
2309.3, -10, -31
2309.4, -10, -31
2309.5, -11, -31
2309.6, -11, -31
2309.7, -11, -31
2309.8, -11, -31
2309.9, -11, -31
2310, -11, -31
2310.1, -11, -32
2310.2, -11, -32
2310.3, -11, -32
2310.4, -11, -32
2310.5, -11, -32
2310.6, -11, -32
2310.7, -11, -32
2310.8, -11, -32
2310.9, -11, -32
2311, -11, -32
2311.1, -11, -32
2311.2, -11, -32
2311.3, -11, -33
2311.4, -11, -33
2311.5, -11, -33
2311.6, -11, -33
2311.7, -11, -33
2311.8, -11, -33
2311.9, -11, -33
2312, -11, -33
2312.1, -11, -33
2312.2, -11, -33
2312.3, -11, -32
2312.4, -11, -32
2312.5, -11, -32
2312.6, -11, -32
2312.7, -11, -32
2312.8, -11, -32
2312.9, -11, -32
2313, -11, -32
2313.1, -11, -32
2313.2, -11, -32
2313.3, -11, -32
2313.4, -11, -32
2313.5, -11, -32
2313.6, -11, -32
2313.7, -11, -32
2313.8, -11, -32
2313.9, -11, -32
2314, -11, -32
2314.1, -11, -32
2314.2, -11, -32
2314.3, -11, -32
2314.4, -11, -32
2314.5, -11, -32
2314.6, -11, -32
2314.7, -11, -32
2314.8, -11, -32
2314.9, -11, -32
2315, -11, -32
2315.1, -11, -32
2315.2, -11, -32
2315.3, -11, -32
2315.4, -11, -32
2315.5, -11, -32
2315.6, -11, -32
2315.7, -11, -32
2315.8, -11, -32
2315.9, -11, -32
2316, -11, -32
2316.1, -11, -32
2316.2, -11, -32
2316.3, -11, -32
2316.4, -11, -32
2316.5, -11, -32
2316.6, -11, -32
2316.7, -11, -32
2316.8, -11, -32
2316.9, -11, -32
2317, -11, -32
2317.1, -11, -32
2317.2, -11, -32
2317.3, -11, -32
2317.4, -11, -32
2317.5, -11, -32
2317.6, -11, -32
2317.7, -10, -32
2317.8, -10, -32
2317.9, -10, -32
2318, -10, -32
2318.1, -10, -32
2318.2, -10, -32
2318.3, -10, -32
2318.4, -10, -32
2318.5, -10, -32
2318.6, -10, -32
2318.7, -10, -32
2318.8, -10, -32
2318.9, -10, -32
2319, -10, -32
2319.1, -10, -32
2319.2, -10, -32
2319.3, -11, -32
2319.4, -11, -32
2319.5, -11, -32
2319.6, -11, -32
2319.7, -11, -32
2319.8, -11, -32
2319.9, -11, -32
2320, -11, -32
2320.1, -11, -32
2320.2, -11, -32
2320.3, -11, -31
2320.4, -11, -31
2320.5, -11, -31
2320.6, -11, -31
2320.7, -11, -31
2320.8, -11, -31
2320.9, -11, -31
2321, -11, -31
2321.1, -11, -31
2321.2, -11, -31
2321.3, -11, -31
2321.4, -11, -31
2321.5, -11, -31
2321.6, -11, -31
2321.7, -11, -31
2321.8, -11, -31
2321.9, -11, -31
2322, -11, -31
2322.1, -11, -31
2322.2, -11, -31
2322.3, -11, -31
2322.4, -11, -31
2322.5, -11, -31
2322.6, -11, -31
2322.7, -11, -31
2322.8, -11, -31
2322.9, -11, -31
2323, -11, -31
2323.1, -11, -31
2323.2, -11, -31
2323.3, -11, -31
2323.4, -11, -31
2323.5, -11, -31
2323.6, -11, -31
2323.7, -11, -31
2323.8, -11, -31
2323.9, -11, -30
2324, -11, -30
2324.1, -11, -30
2324.2, -11, -30
2324.3, -11, -30
2324.4, -11, -30
2324.5, -11, -30
2324.6, -11, -30
2324.7, -11, -30
2324.8, -11, -30
2324.9, -11, -30
2325, -11, -30
2325.1, -11, -30
2325.2, -11, -30
2325.3, -11, -31
2325.4, -11, -31
2325.5, -11, -31
2325.6, -11, -31
2325.7, -11, -31
2325.8, -11, -31
2325.9, -11, -31
2326, -11, -31
2326.1, -11, -31
2326.2, -11, -31
2326.3, -11, -31
2326.4, -11, -31
2326.5, -11, -31
2326.6, -11, -31
2326.7, -12, -31
2326.8, -12, -31
2326.9, -12, -31
2327, -12, -31
2327.1, -12, -31
2327.2, -12, -31
2327.3, -12, -32
2327.4, -12, -32
2327.5, -12, -32
2327.6, -12, -32
2327.7, -12, -32
2327.8, -12, -32
2327.9, -12, -32
2328, -12, -32
2328.1, -12, -31
2328.2, -12, -31
2328.3, -12, -31
2328.4, -12, -31
2328.5, -12, -31
2328.6, -12, -31
2328.7, -12, -31
2328.8, -12, -31
2328.9, -12, -31
2329, -12, -31
2329.1, -12, -31
2329.2, -12, -31
2329.3, -12, -31
2329.4, -12, -31
2329.5, -12, -31
2329.6, -12, -31
2329.7, -12, -31
2329.8, -12, -31
2329.9, -12, -31
2330, -12, -31
2330.1, -12, -31
2330.2, -12, -31
2330.3, -12, -31
2330.4, -12, -31
2330.5, -12, -31
2330.6, -12, -31
2330.7, -12, -31
2330.8, -12, -31
2330.9, -12, -31
2331, -12, -31
2331.1, -12, -31
2331.2, -12, -31
2331.3, -12, -31
2331.4, -12, -31
2331.5, -12, -31
2331.6, -12, -31
2331.7, -12, -31
2331.8, -12, -31
2331.9, -12, -31
2332, -12, -31
2332.1, -12, -31
2332.2, -12, -31
2332.3, -12, -31
2332.4, -12, -31
2332.5, -12, -31
2332.6, -12, -31
2332.7, -12, -31
2332.8, -12, -31
2332.9, -12, -31
2333, -12, -31
2333.1, -12, -31
2333.2, -12, -31
2333.3, -12, -31
2333.4, -12, -31
2333.5, -12, -31
2333.6, -12, -31
2333.7, -12, -31
2333.8, -12, -31
2333.9, -12, -31
2334, -12, -31
2334.1, -12, -31
2334.2, -12, -31
2334.3, -12, -31
2334.4, -12, -31
2334.5, -12, -31
2334.6, -12, -31
2334.7, -12, -31
2334.8, -12, -31
2334.9, -12, -31
2335, -12, -31
2335.1, -11, -31
2335.2, -11, -31
2335.3, -11, -31
2335.4, -11, -31
2335.5, -11, -31
2335.6, -11, -31
2335.7, -11, -31
2335.8, -11, -31
2335.9, -10, -31
2336, -10, -31
2336.1, -10, -31
2336.2, -10, -31
2336.3, -10, -31
2336.4, -10, -31
2336.5, -10, -31
2336.6, -10, -31
2336.7, -10, -31
2336.8, -10, -31
2336.9, -10, -31
2337, -10, -31
2337.1, -10, -31
2337.2, -10, -31
2337.3, -11, -31
2337.4, -11, -31
2337.5, -11, -31
2337.6, -11, -31
2337.7, -11, -31
2337.8, -11, -31
2337.9, -11, -31
2338, -11, -31
2338.1, -11, -31
2338.2, -11, -31
2338.3, -11, -31
2338.4, -11, -31
2338.5, -10, -31
2338.6, -10, -31
2338.7, -10, -31
2338.8, -10, -31
2338.9, -10, -31
2339, -10, -31
2339.1, -10, -31
2339.2, -10, -31
2339.3, -10, -31
2339.4, -10, -31
2339.5, -10, -31
2339.6, -10, -31
2339.7, -10, -31
2339.8, -10, -31
2339.9, -10, -31
2340, -10, -31
2340.1, -10, -31
2340.2, -10, -31
2340.3, -10, -32
2340.4, -10, -32
2340.5, -10, -32
2340.6, -10, -32
2340.7, -10, -32
2340.8, -10, -32
2340.9, -10, -32
2341, -10, -32
2341.1, -9, -32
2341.2, -9, -32
2341.3, -9, -32
2341.4, -9, -32
2341.5, -9, -32
2341.6, -9, -32
2341.7, -9, -32
2341.8, -9, -32
2341.9, -9, -32
2342, -9, -32
2342.1, -9, -32
2342.2, -9, -32
2342.3, -9, -32
2342.4, -9, -32
2342.5, -9, -31
2342.6, -9, -31
2342.7, -9, -31
2342.8, -9, -31
2342.9, -9, -31
2343, -9, -31
2343.1, -9, -31
2343.2, -9, -31
2343.3, -9, -31
2343.4, -9, -31
2343.5, -9, -31
2343.6, -9, -31
2343.7, -9, -31
2343.8, -9, -31
2343.9, -9, -31
2344, -9, -31
2344.1, -9, -31
2344.2, -9, -31
2344.3, -9, -32
2344.4, -9, -32
2344.5, -9, -32
2344.6, -9, -32
2344.7, -9, -32
2344.8, -9, -32
2344.9, -9, -32
2345, -9, -32
2345.1, -9, -32
2345.2, -9, -32
2345.3, -9, -32
2345.4, -9, -32
2345.5, -9, -32
2345.6, -9, -32
2345.7, -9, -32
2345.8, -9, -32
2345.9, -9, -32
2346, -9, -32
2346.1, -10, -32
2346.2, -10, -32
2346.3, -10, -32
2346.4, -10, -32
2346.5, -10, -32
2346.6, -10, -32
2346.7, -10, -32
2346.8, -10, -32
2346.9, -10, -32
2347, -10, -32
2347.1, -10, -32
2347.2, -10, -32
2347.3, -10, -32
2347.4, -10, -32
2347.5, -10, -32
2347.6, -10, -32
2347.7, -10, -32
2347.8, -10, -32
2347.9, -9, -32
2348, -9, -32
2348.1, -9, -32
2348.2, -9, -32
2348.3, -9, -32
2348.4, -9, -32
2348.5, -9, -32
2348.6, -9, -32
2348.7, -9, -32
2348.8, -9, -32
2348.9, -9, -32
2349, -9, -32
2349.1, -9, -32
2349.2, -9, -32
2349.3, -9, -32
2349.4, -9, -32
2349.5, -9, -32
2349.6, -9, -32
2349.7, -9, -32
2349.8, -9, -32
2349.9, -9, -32
2350, -9, -32
2350.1, -9, -32
2350.2, -9, -32
2350.3, -9, -32
2350.4, -9, -32
2350.5, -9, -32
2350.6, -9, -32
2350.7, -9, -32
2350.8, -9, -32
2350.9, -9, -32
2351, -9, -32
2351.1, -9, -32
2351.2, -9, -32
2351.3, -9, -32
2351.4, -9, -32
2351.5, -9, -32
2351.6, -9, -32
2351.7, -9, -32
2351.8, -9, -32
2351.9, -8, -32
2352, -8, -32
2352.1, -8, -32
2352.2, -8, -32
2352.3, -8, -32
2352.4, -8, -32
2352.5, -8, -32
2352.6, -8, -32
2352.7, -8, -32
2352.8, -8, -32
2352.9, -8, -32
2353, -8, -32
2353.1, -8, -32
2353.2, -8, -32
2353.3, -8, -32
2353.4, -8, -32
2353.5, -9, -32
2353.6, -9, -32
2353.7, -9, -32
2353.8, -9, -32
2353.9, -9, -33
2354, -9, -33
2354.1, -9, -33
2354.2, -9, -33
2354.3, -9, -33
2354.4, -9, -33
2354.5, -9, -33
2354.6, -9, -33
2354.7, -9, -33
2354.8, -9, -33
2354.9, -9, -33
2355, -9, -33
2355.1, -9, -33
2355.2, -9, -33
2355.3, -9, -34
2355.4, -9, -34
2355.5, -9, -34
2355.6, -9, -34
2355.7, -9, -34
2355.8, -9, -34
2355.9, -9, -34
2356, -9, -34
2356.1, -9, -34
2356.2, -9, -34
2356.3, -9, -34
2356.4, -9, -34
2356.5, -9, -34
2356.6, -9, -34
2356.7, -10, -34
2356.8, -10, -34
2356.9, -10, -34
2357, -10, -34
2357.1, -10, -34
2357.2, -10, -34
2357.3, -10, -34
2357.4, -10, -34
2357.5, -10, -34
2357.6, -10, -34
2357.7, -10, -34
2357.8, -10, -34
2357.9, -10, -34
2358, -10, -34
2358.1, -10, -34
2358.2, -10, -34
2358.3, -10, -34
2358.4, -10, -34
2358.5, -10, -34
2358.6, -10, -34
2358.7, -10, -34
2358.8, -10, -34
2358.9, -10, -34
2359, -10, -34
2359.1, -10, -34
2359.2, -10, -34
2359.3, -10, -34
2359.4, -10, -34
2359.5, -10, -34
2359.6, -10, -34
2359.7, -10, -34
2359.8, -10, -34
2359.9, -10, -34
2360, -10, -34
2360.1, -10, -34
2360.2, -10, -34
2360.3, -10, -34
2360.4, -10, -34
2360.5, -10, -33
2360.6, -10, -33
2360.7, -10, -33
2360.8, -10, -33
2360.9, -10, -33
2361, -10, -33
2361.1, -10, -33
2361.2, -10, -33
2361.3, -10, -33
2361.4, -10, -33
2361.5, -10, -33
2361.6, -10, -33
2361.7, -10, -33
2361.8, -10, -33
2361.9, -9, -33
2362, -9, -33
2362.1, -9, -33
2362.2, -9, -33
2362.3, -9, -32
2362.4, -9, -32
2362.5, -9, -32
2362.6, -9, -32
2362.7, -9, -32
2362.8, -9, -32
2362.9, -9, -32
2363, -9, -32
2363.1, -9, -32
2363.2, -9, -32
2363.3, -8, -32
2363.4, -8, -32
2363.5, -8, -32
2363.6, -8, -32
2363.7, -8, -32
2363.8, -8, -32
2363.9, -8, -32
2364, -8, -32
2364.1, -8, -31
2364.2, -8, -31
2364.3, -8, -31
2364.4, -8, -31
2364.5, -8, -31
2364.6, -8, -31
2364.7, -8, -31
2364.8, -8, -31
2364.9, -8, -31
2365, -8, -31
2365.1, -8, -31
2365.2, -8, -31
2365.3, -8, -31
2365.4, -8, -31
2365.5, -8, -31
2365.6, -8, -31
2365.7, -8, -31
2365.8, -8, -31
2365.9, -8, -31
2366, -8, -31
2366.1, -8, -31
2366.2, -8, -31
2366.3, -8, -31
2366.4, -8, -31
2366.5, -8, -31
2366.6, -8, -31
2366.7, -8, -31
2366.8, -8, -31
2366.9, -8, -32
2367, -8, -32
2367.1, -8, -32
2367.2, -8, -32
2367.3, -8, -32
2367.4, -8, -32
2367.5, -8, -32
2367.6, -8, -32
2367.7, -8, -32
2367.8, -8, -32
2367.9, -8, -32
2368, -8, -32
2368.1, -8, -32
2368.2, -8, -32
2368.3, -8, -32
2368.4, -8, -32
2368.5, -8, -32
2368.6, -8, -32
2368.7, -8, -32
2368.8, -8, -32
2368.9, -8, -32
2369, -8, -32
2369.1, -8, -32
2369.2, -8, -32
2369.3, -8, -32
2369.4, -8, -32
2369.5, -7, -32
2369.6, -7, -32
2369.7, -7, -32
2369.8, -7, -32
2369.9, -7, -31
2370, -7, -31
2370.1, -6, -31
2370.2, -6, -31
2370.3, -6, -31
2370.4, -6, -31
2370.5, -6, -31
2370.6, -6, -31
2370.7, -6, -31
2370.8, -6, -31
2370.9, -6, -31
2371, -6, -31
2371.1, -6, -31
2371.2, -6, -31
2371.3, -6, -31
2371.4, -6, -31
2371.5, -6, -31
2371.6, -6, -31
2371.7, -6, -31
2371.8, -6, -31
2371.9, -6, -31
2372, -6, -31
2372.1, -6, -31
2372.2, -6, -31
2372.3, -6, -31
2372.4, -6, -31
2372.5, -6, -31
2372.6, -6, -31
2372.7, -6, -31
2372.8, -6, -31
2372.9, -6, -31
2373, -6, -31
2373.1, -6, -31
2373.2, -6, -31
2373.3, -6, -31
2373.4, -6, -31
2373.5, -6, -31
2373.6, -6, -31
2373.7, -6, -31
2373.8, -6, -31
2373.9, -6, -31
2374, -6, -31
2374.1, -6, -31
2374.2, -6, -31
2374.3, -6, -31
2374.4, -6, -31
2374.5, -6, -31
2374.6, -6, -31
2374.7, -6, -31
2374.8, -6, -31
2374.9, -6, -31
2375, -6, -31
2375.1, -6, -31
2375.2, -6, -31
2375.3, -6, -30
2375.4, -6, -30
2375.5, -6, -30
2375.6, -6, -30
2375.7, -6, -29
2375.8, -6, -29
2375.9, -6, -30
2376, -6, -30
2376.1, -6, -30
2376.2, -6, -30
2376.3, -6, -30
2376.4, -6, -30
2376.5, -6, -30
2376.6, -6, -30
2376.7, -6, -30
2376.8, -6, -30
2376.9, -6, -30
2377, -6, -30
2377.1, -6, -30
2377.2, -6, -30
2377.3, -7, -30
2377.4, -7, -30
2377.5, -7, -30
2377.6, -7, -30
2377.7, -8, -30
2377.8, -8, -30
2377.9, -8, -30
2378, -8, -30
2378.1, -8, -30
2378.2, -8, -30
2378.3, -8, -30
2378.4, -8, -30
2378.5, -9, -30
2378.6, -9, -30
2378.7, -9, -30
2378.8, -9, -30
2378.9, -8, -30
2379, -8, -30
2379.1, -8, -30
2379.2, -8, -30
2379.3, -8, -29
2379.4, -8, -29
2379.5, -8, -29
2379.6, -8, -29
2379.7, -8, -29
2379.8, -8, -29
2379.9, -9, -29
2380, -9, -29
2380.1, -9, -30
2380.2, -9, -30
2380.3, -9, -30
2380.4, -9, -30
2380.5, -9, -30
2380.6, -9, -30
2380.7, -9, -30
2380.8, -9, -30
2380.9, -9, -30
2381, -9, -30
2381.1, -9, -30
2381.2, -9, -30
2381.3, -9, -30
2381.4, -9, -30
2381.5, -9, -30
2381.6, -9, -30
2381.7, -9, -30
2381.8, -9, -30
2381.9, -9, -30
2382, -9, -30
2382.1, -9, -30
2382.2, -9, -30
2382.3, -9, -30
2382.4, -9, -30
2382.5, -9, -30
2382.6, -9, -30
2382.7, -9, -30
2382.8, -9, -30
2382.9, -9, -30
2383, -9, -30
2383.1, -9, -30
2383.2, -9, -30
2383.3, -9, -30
2383.4, -9, -30
2383.5, -9, -30
2383.6, -9, -30
2383.7, -9, -30
2383.8, -9, -30
2383.9, -9, -30
2384, -9, -30
2384.1, -9, -30
2384.2, -9, -30
2384.3, -9, -30
2384.4, -9, -30
2384.5, -10, -30
2384.6, -10, -30
2384.7, -10, -30
2384.8, -10, -30
2384.9, -11, -30
2385, -11, -30
2385.1, -11, -30
2385.2, -11, -30
2385.3, -11, -30
2385.4, -11, -30
2385.5, -11, -30
2385.6, -11, -30
2385.7, -11, -30
2385.8, -11, -30
2385.9, -11, -30
2386, -11, -30
2386.1, -11, -30
2386.2, -11, -30
2386.3, -11, -30
2386.4, -11, -30
2386.5, -11, -30
2386.6, -11, -30
2386.7, -11, -30
2386.8, -11, -30
2386.9, -11, -30
2387, -11, -30
2387.1, -11, -30
2387.2, -11, -30
2387.3, -11, -30
2387.4, -11, -30
2387.5, -11, -30
2387.6, -11, -30
2387.7, -12, -30
2387.8, -12, -30
2387.9, -12, -30
2388, -12, -30
2388.1, -12, -30
2388.2, -12, -30
2388.3, -12, -30
2388.4, -12, -30
2388.5, -12, -30
2388.6, -12, -30
2388.7, -12, -30
2388.8, -12, -30
2388.9, -12, -30
2389, -12, -30
2389.1, -12, -30
2389.2, -12, -30
2389.3, -12, -30
2389.4, -12, -30
2389.5, -12, -30
2389.6, -12, -30
2389.7, -12, -30
2389.8, -12, -30
2389.9, -12, -30
2390, -12, -30
2390.1, -12, -30
2390.2, -12, -30
2390.3, -12, -30
2390.4, -12, -30
2390.5, -12, -30
2390.6, -12, -30
2390.7, -12, -30
2390.8, -12, -30
2390.9, -12, -30
2391, -12, -30
2391.1, -12, -30
2391.2, -12, -30
2391.3, -12, -30
2391.4, -12, -30
2391.5, -12, -30
2391.6, -12, -30
2391.7, -12, -30
2391.8, -12, -30
2391.9, -12, -30
2392, -12, -30
2392.1, -12, -30
2392.2, -12, -30
2392.3, -12, -30
2392.4, -12, -30
2392.5, -12, -30
2392.6, -12, -30
2392.7, -12, -30
2392.8, -12, -30
2392.9, -12, -30
2393, -12, -30
2393.1, -12, -30
2393.2, -12, -30
2393.3, -12, -30
2393.4, -12, -30
2393.5, -12, -30
2393.6, -12, -30
2393.7, -12, -30
2393.8, -12, -30
2393.9, -11, -30
2394, -11, -30
2394.1, -11, -30
2394.2, -11, -30
2394.3, -11, -30
2394.4, -11, -30
2394.5, -11, -30
2394.6, -11, -30
2394.7, -11, -30
2394.8, -11, -30
2394.9, -11, -30
2395, -11, -30
2395.1, -11, -30
2395.2, -11, -30
2395.3, -11, -30
2395.4, -11, -30
2395.5, -11, -30
2395.6, -11, -30
2395.7, -11, -30
2395.8, -11, -30
2395.9, -11, -30
2396, -11, -30
2396.1, -11, -30
2396.2, -11, -30
2396.3, -11, -30
2396.4, -11, -30
2396.5, -11, -30
2396.6, -11, -30
2396.7, -11, -30
2396.8, -11, -30
2396.9, -11, -30
2397, -11, -30
2397.1, -11, -30
2397.2, -11, -30
2397.3, -11, -30
2397.4, -11, -30
2397.5, -11, -30
2397.6, -11, -30
2397.7, -11, -30
2397.8, -11, -30
2397.9, -11, -30
2398, -11, -30
2398.1, -11, -30
2398.2, -11, -30
2398.3, -11, -30
2398.4, -11, -30
2398.5, -11, -30
2398.6, -11, -30
2398.7, -11, -30
2398.8, -11, -30
2398.9, -10, -30
2399, -10, -30
2399.1, -10, -30
2399.2, -10, -30
2399.3, -10, -30
2399.4, -10, -30
2399.5, -10, -29
2399.6, -10, -29
2399.7, -9, -29
2399.8, -9, -29
2399.9, -9, -29
2400, -9, -29
2400.1, -9, -29
2400.2, -9, -29
2400.3, -9, -29
2400.4, -9, -29
2400.5, -9, -29
2400.6, -9, -29
2400.7, -9, -29
2400.8, -9, -29
2400.9, -9, -29
2401, -9, -29
2401.1, -9, -29
2401.2, -9, -29
2401.3, -9, -29
2401.4, -9, -29
2401.5, -9, -29
2401.6, -9, -29
2401.7, -9, -29
2401.8, -9, -29
2401.9, -9, -29
2402, -9, -29
2402.1, -9, -29
2402.2, -9, -29
2402.3, -9, -29
2402.4, -9, -29
2402.5, -9, -29
2402.6, -9, -29
2402.7, -9, -29
2402.8, -9, -29
2402.9, -9, -29
2403, -9, -29
2403.1, -9, -29
2403.2, -9, -29
2403.3, -9, -29
2403.4, -9, -29
2403.5, -9, -29
2403.6, -9, -29
2403.7, -9, -29
2403.8, -9, -29
2403.9, -9, -29
2404, -9, -29
2404.1, -9, -29
2404.2, -9, -29
2404.3, -9, -29
2404.4, -9, -29
2404.5, -9, -29
2404.6, -9, -29
2404.7, -9, -29
2404.8, -9, -29
2404.9, -9, -29
2405, -9, -29
2405.1, -9, -29
2405.2, -9, -29
2405.3, -9, -29
2405.4, -9, -29
2405.5, -9, -29
2405.6, -9, -29
2405.7, -9, -29
2405.8, -9, -29
2405.9, -9, -29
2406, -9, -29
2406.1, -9, -28
2406.2, -9, -28
2406.3, -9, -28
2406.4, -9, -28
2406.5, -9, -28
2406.6, -9, -28
2406.7, -9, -28
2406.8, -9, -28
2406.9, -9, -28
2407, -9, -28
2407.1, -9, -29
2407.2, -9, -29
2407.3, -9, -29
2407.4, -9, -29
2407.5, -9, -29
2407.6, -9, -29
2407.7, -9, -29
2407.8, -9, -29
2407.9, -9, -29
2408, -9, -29
2408.1, -9, -29
2408.2, -9, -29
2408.3, -9, -29
2408.4, -9, -29
2408.5, -9, -29
2408.6, -9, -29
2408.7, -9, -29
2408.8, -9, -29
2408.9, -9, -29
2409, -9, -29
2409.1, -9, -29
2409.2, -9, -29
2409.3, -9, -29
2409.4, -9, -29
2409.5, -9, -29
2409.6, -9, -29
2409.7, -9, -29
2409.8, -9, -29
2409.9, -9, -29
2410, -9, -29
2410.1, -9, -29
2410.2, -9, -29
2410.3, -9, -29
2410.4, -9, -29
2410.5, -9, -29
2410.6, -9, -29
2410.7, -10, -29
2410.8, -10, -29
2410.9, -10, -29
2411, -10, -29
2411.1, -10, -29
2411.2, -10, -29
2411.3, -10, -29
2411.4, -10, -29
2411.5, -10, -29
2411.6, -10, -29
2411.7, -10, -29
2411.8, -10, -29
2411.9, -10, -29
2412, -10, -29
2412.1, -10, -29
2412.2, -10, -29
2412.3, -10, -29
2412.4, -10, -29
2412.5, -10, -29
2412.6, -10, -29
2412.7, -10, -29
2412.8, -10, -29
2412.9, -10, -29
2413, -10, -29
2413.1, -10, -29
2413.2, -10, -29
2413.3, -10, -29
2413.4, -10, -29
2413.5, -10, -29
2413.6, -10, -29
2413.7, -10, -29
2413.8, -10, -29
2413.9, -10, -29
2414, -10, -29
2414.1, -10, -29
2414.2, -10, -29
2414.3, -10, -29
2414.4, -10, -29
2414.5, -10, -29
2414.6, -10, -29
2414.7, -10, -29
2414.8, -10, -29
2414.9, -10, -29
2415, -10, -29
2415.1, -10, -29
2415.2, -10, -29
2415.3, -10, -29
2415.4, -10, -29
2415.5, -10, -29
2415.6, -10, -29
2415.7, -10, -29
2415.8, -10, -29
2415.9, -10, -29
2416, -10, -29
2416.1, -11, -29
2416.2, -11, -29
2416.3, -11, -29
2416.4, -11, -29
2416.5, -11, -29
2416.6, -11, -29
2416.7, -11, -29
2416.8, -11, -29
2416.9, -11, -29
2417, -11, -29
2417.1, -11, -29
2417.2, -11, -29
2417.3, -11, -29
2417.4, -11, -29
2417.5, -11, -29
2417.6, -11, -29
2417.7, -11, -29
2417.8, -11, -29
2417.9, -11, -29
2418, -11, -29
2418.1, -11, -29
2418.2, -11, -29
2418.3, -11, -29
2418.4, -11, -29
2418.5, -10, -29
2418.6, -10, -29
2418.7, -10, -29
2418.8, -10, -29
2418.9, -10, -29
2419, -10, -29
2419.1, -10, -29
2419.2, -10, -29
2419.3, -10, -29
2419.4, -10, -29
2419.5, -9, -29
2419.6, -9, -29
2419.7, -9, -29
2419.8, -9, -29
2419.9, -9, -29
2420, -9, -29
2420.1, -9, -29
2420.2, -9, -29
2420.3, -9, -28
2420.4, -9, -28
2420.5, -9, -28
2420.6, -9, -28
2420.7, -9, -28
2420.8, -9, -28
2420.9, -9, -28
2421, -9, -28
2421.1, -9, -28
2421.2, -9, -28
2421.3, -9, -28
2421.4, -9, -28
2421.5, -9, -28
2421.6, -9, -28
2421.7, -9, -28
2421.8, -9, -28
2421.9, -9, -28
2422, -9, -28
2422.1, -9, -28
2422.2, -9, -28
2422.3, -9, -28
2422.4, -9, -28
2422.5, -9, -28
2422.6, -9, -28
2422.7, -9, -28
2422.8, -9, -28
2422.9, -9, -28
2423, -9, -28
2423.1, -9, -28
2423.2, -9, -28
2423.3, -9, -28
2423.4, -9, -28
2423.5, -9, -28
2423.6, -9, -28
2423.7, -9, -28
2423.8, -9, -28
2423.9, -9, -28
2424, -9, -28
2424.1, -9, -28
2424.2, -9, -28
2424.3, -9, -28
2424.4, -9, -28
2424.5, -9, -28
2424.6, -9, -28
2424.7, -9, -28
2424.8, -9, -28
2424.9, -9, -28
2425, -9, -28
2425.1, -9, -28
2425.2, -9, -28
2425.3, -9, -28
2425.4, -9, -28
2425.5, -9, -28
2425.6, -9, -28
2425.7, -8, -28
2425.8, -8, -28
2425.9, -8, -28
2426, -8, -28
2426.1, -8, -28
2426.2, -8, -28
2426.3, -8, -28
2426.4, -8, -28
2426.5, -8, -28
2426.6, -8, -28
2426.7, -8, -28
2426.8, -8, -28
2426.9, -8, -28
2427, -8, -28
2427.1, -8, -28
2427.2, -8, -28
2427.3, -8, -28
2427.4, -8, -28
2427.5, -8, -28
2427.6, -8, -28
2427.7, -9, -28
2427.8, -9, -28
2427.9, -9, -28
2428, -9, -28
2428.1, -9, -28
2428.2, -9, -28
2428.3, -9, -28
2428.4, -9, -28
2428.5, -9, -28
2428.6, -9, -28
2428.7, -9, -28
2428.8, -9, -28
2428.9, -9, -28
2429, -9, -28
2429.1, -9, -28
2429.2, -9, -28
2429.3, -9, -28
2429.4, -9, -28
2429.5, -9, -28
2429.6, -9, -28
2429.7, -9, -28
2429.8, -9, -28
2429.9, -9, -28
2430, -9, -28
2430.1, -9, -28
2430.2, -9, -28
2430.3, -9, -28
2430.4, -9, -28
2430.5, -9, -28
2430.6, -9, -28
2430.7, -9, -28
2430.8, -9, -28
2430.9, -9, -28
2431, -9, -28
2431.1, -9, -28
2431.2, -9, -28
2431.3, -9, -28
2431.4, -9, -28
2431.5, -9, -28
2431.6, -9, -28
2431.7, -9, -28
2431.8, -9, -28
2431.9, -9, -28
2432, -9, -28
2432.1, -9, -28
2432.2, -9, -28
2432.3, -9, -28
2432.4, -9, -28
2432.5, -9, -28
2432.6, -9, -28
2432.7, -9, -28
2432.8, -9, -28
2432.9, -9, -28
2433, -9, -28
2433.1, -9, -28
2433.2, -9, -28
2433.3, -9, -28
2433.4, -9, -28
2433.5, -9, -28
2433.6, -9, -28
2433.7, -9, -28
2433.8, -9, -28
2433.9, -9, -28
2434, -9, -28
2434.1, -9, -28
2434.2, -9, -28
2434.3, -9, -28
2434.4, -9, -28
2434.5, -9, -28
2434.6, -9, -28
2434.7, -9, -28
2434.8, -9, -28
2434.9, -9, -28
2435, -9, -28
2435.1, -9, -28
2435.2, -9, -28
2435.3, -9, -28
2435.4, -9, -28
2435.5, -9, -28
2435.6, -9, -28
2435.7, -9, -28
2435.8, -9, -28
2435.9, -9, -28
2436, -9, -28
2436.1, -9, -28
2436.2, -9, -28
2436.3, -9, -28
2436.4, -9, -28
2436.5, -9, -28
2436.6, -9, -28
2436.7, -9, -28
2436.8, -9, -28
2436.9, -9, -28
2437, -9, -28
2437.1, -9, -28
2437.2, -9, -28
2437.3, -9, -28
2437.4, -9, -28
2437.5, -9, -28
2437.6, -9, -28
2437.7, -9, -28
2437.8, -9, -28
2437.9, -9, -28
2438, -9, -28
2438.1, -9, -28
2438.2, -9, -28
2438.3, -9, -28
2438.4, -9, -28
2438.5, -9, -28
2438.6, -9, -28
2438.7, -9, -28
2438.8, -9, -28
2438.9, -9, -28
2439, -9, -28
2439.1, -9, -28
2439.2, -9, -28
2439.3, -9, -28
2439.4, -9, -28
2439.5, -9, -28
2439.6, -9, -28
2439.7, -8, -28
2439.8, -8, -28
2439.9, -8, -28
2440, -8, -28
2440.1, -8, -28
2440.2, -8, -28
2440.3, -8, -28
2440.4, -8, -28
2440.5, -8, -28
2440.6, -8, -28
2440.7, -8, -28
2440.8, -8, -28
2440.9, -8, -28
2441, -8, -28
2441.1, -8, -28
2441.2, -8, -28
2441.3, -7, -28
2441.4, -7, -28
2441.5, -7, -28
2441.6, -7, -28
2441.7, -7, -28
2441.8, -7, -28
2441.9, -7, -28
2442, -7, -28
2442.1, -7, -28
2442.2, -7, -28
2442.3, -8, -28
2442.4, -8, -28
2442.5, -8, -28
2442.6, -8, -28
2442.7, -8, -28
2442.8, -8, -28
2442.9, -8, -28
2443, -8, -28
2443.1, -8, -28
2443.2, -8, -28
2443.3, -8, -28
2443.4, -8, -28
2443.5, -8, -28
2443.6, -8, -28
2443.7, -8, -28
2443.8, -8, -28
2443.9, -8, -28
2444, -8, -28
2444.1, -8, -28
2444.2, -8, -28
2444.3, -8, -28
2444.4, -8, -28
2444.5, -8, -28
2444.6, -8, -28
2444.7, -8, -28
2444.8, -8, -28
2444.9, -8, -28
2445, -8, -28
2445.1, -8, -28
2445.2, -8, -28
2445.3, -8, -28
2445.4, -8, -28
2445.5, -8, -28
2445.6, -8, -28
2445.7, -8, -28
2445.8, -8, -28
2445.9, -8, -27
2446, -8, -27
2446.1, -8, -27
2446.2, -8, -27
2446.3, -8, -27
2446.4, -8, -27
2446.5, -8, -27
2446.6, -8, -27
2446.7, -8, -27
2446.8, -8, -27
2446.9, -8, -27
2447, -8, -27
2447.1, -8, -27
2447.2, -8, -27
2447.3, -8, -27
2447.4, -8, -27
2447.5, -8, -27
2447.6, -8, -27
2447.7, -8, -27
2447.8, -8, -27
2447.9, -8, -27
2448, -8, -27
2448.1, -8, -27
2448.2, -8, -27
2448.3, -8, -27
2448.4, -8, -27
2448.5, -8, -27
2448.6, -8, -27
2448.7, -8, -27
2448.8, -8, -27
2448.9, -8, -27
2449, -8, -27
2449.1, -8, -27
2449.2, -8, -27
2449.3, -8, -27
2449.4, -8, -27
2449.5, -8, -27
2449.6, -8, -27
2449.7, -8, -27
2449.8, -8, -27
2449.9, -8, -27
2450, -8, -27
2450.1, -8, -27
2450.2, -8, -27
2450.3, -8, -27
2450.4, -8, -27
2450.5, -8, -27
2450.6, -8, -27
2450.7, -8, -27
2450.8, -8, -27
2450.9, -8, -27
2451, -8, -27
2451.1, -8, -27
2451.2, -8, -27
2451.3, -8, -27
2451.4, -8, -27
2451.5, -8, -28
2451.6, -8, -28
2451.7, -8, -28
2451.8, -8, -28
2451.9, -8, -28
2452, -8, -28
2452.1, -8, -28
2452.2, -8, -28
2452.3, -8, -28
2452.4, -8, -28
2452.5, -8, -28
2452.6, -8, -28
2452.7, -8, -28
2452.8, -8, -28
2452.9, -8, -28
2453, -8, -28
2453.1, -8, -29
2453.2, -8, -29
2453.3, -8, -29
2453.4, -8, -29
2453.5, -8, -29
2453.6, -8, -29
2453.7, -8, -29
2453.8, -8, -29
2453.9, -8, -29
2454, -8, -29
2454.1, -8, -29
2454.2, -8, -29
2454.3, -8, -29
2454.4, -8, -29
2454.5, -8, -29
2454.6, -8, -29
2454.7, -8, -29
2454.8, -8, -29
2454.9, -8, -29
2455, -8, -29
2455.1, -8, -29
2455.2, -8, -29
2455.3, -8, -30
2455.4, -8, -30
2455.5, -8, -30
2455.6, -8, -30
2455.7, -8, -29
2455.8, -8, -29
2455.9, -8, -29
2456, -8, -29
2456.1, -8, -29
2456.2, -8, -29
2456.3, -8, -29
2456.4, -8, -29
2456.5, -8, -29
2456.6, -8, -29
2456.7, -8, -29
2456.8, -8, -29
2456.9, -8, -29
2457, -8, -29
2457.1, -8, -29
2457.2, -8, -29
2457.3, -8, -29
2457.4, -8, -29
2457.5, -8, -29
2457.6, -8, -29
2457.7, -8, -29
2457.8, -8, -29
2457.9, -8, -29
2458, -8, -29
2458.1, -8, -29
2458.2, -8, -29
2458.3, -8, -29
2458.4, -8, -29
2458.5, -9, -29
2458.6, -9, -29
2458.7, -9, -29
2458.8, -9, -29
2458.9, -9, -29
2459, -9, -29
2459.1, -9, -29
2459.2, -9, -29
2459.3, -9, -29
2459.4, -9, -29
2459.5, -9, -29
2459.6, -9, -29
2459.7, -9, -29
2459.8, -9, -29
2459.9, -9, -29
2460, -9, -29
2460.1, -9, -29
2460.2, -9, -29
2460.3, -9, -29
2460.4, -9, -29
2460.5, -9, -29
2460.6, -9, -29
2460.7, -8, -29
2460.8, -8, -29
2460.9, -8, -29
2461, -8, -29
2461.1, -8, -30
2461.2, -8, -30
2461.3, -8, -29
2461.4, -8, -29
2461.5, -8, -29
2461.6, -8, -29
2461.7, -8, -29
2461.8, -8, -29
2461.9, -8, -29
2462, -8, -29
2462.1, -8, -29
2462.2, -8, -29
2462.3, -8, -29
2462.4, -8, -29
2462.5, -8, -29
2462.6, -8, -29
2462.7, -8, -29
2462.8, -8, -29
2462.9, -8, -29
2463, -8, -29
2463.1, -8, -29
2463.2, -8, -29
2463.3, -8, -29
2463.4, -8, -29
2463.5, -8, -29
2463.6, -8, -29
2463.7, -8, -29
2463.8, -8, -29
2463.9, -8, -29
2464, -8, -29
2464.1, -8, -29
2464.2, -8, -29
2464.3, -8, -29
2464.4, -8, -29
2464.5, -8, -29
2464.6, -8, -29
2464.7, -8, -29
2464.8, -8, -29
2464.9, -8, -29
2465, -8, -29
2465.1, -8, -29
2465.2, -8, -29
2465.3, -8, -29
2465.4, -8, -29
2465.5, -8, -29
2465.6, -8, -29
2465.7, -8, -29
2465.8, -8, -29
2465.9, -8, -29
2466, -8, -29
2466.1, -8, -28
2466.2, -8, -28
2466.3, -8, -28
2466.4, -8, -28
2466.5, -8, -28
2466.6, -8, -28
2466.7, -8, -28
2466.8, -8, -28
2466.9, -8, -28
2467, -8, -28
2467.1, -8, -28
2467.2, -8, -28
2467.3, -8, -28
2467.4, -8, -28
2467.5, -8, -28
2467.6, -8, -28
2467.7, -8, -28
2467.8, -8, -28
2467.9, -8, -29
2468, -8, -29
2468.1, -8, -29
2468.2, -8, -29
2468.3, -8, -29
2468.4, -8, -29
2468.5, -8, -29
2468.6, -8, -29
2468.7, -8, -29
2468.8, -8, -29
2468.9, -8, -29
2469, -8, -29
2469.1, -8, -29
2469.2, -8, -29
2469.3, -8, -29
2469.4, -8, -29
2469.5, -8, -29
2469.6, -8, -29
2469.7, -8, -29
2469.8, -8, -29
2469.9, -8, -29
2470, -8, -29
2470.1, -8, -29
2470.2, -8, -29
2470.3, -8, -29
2470.4, -8, -29
2470.5, -8, -28
2470.6, -8, -28
2470.7, -8, -28
2470.8, -8, -28
2470.9, -8, -28
2471, -8, -28
2471.1, -8, -28
2471.2, -8, -28
2471.3, -8, -28
2471.4, -8, -28
2471.5, -8, -28
2471.6, -8, -28
2471.7, -8, -28
2471.8, -8, -28
2471.9, -8, -28
2472, -8, -28
2472.1, -8, -28
2472.2, -8, -28
2472.3, -8, -28
2472.4, -8, -28
2472.5, -8, -28
2472.6, -8, -28
2472.7, -8, -28
2472.8, -8, -28
2472.9, -8, -28
2473, -8, -28
2473.1, -8, -28
2473.2, -8, -28
2473.3, -8, -28
2473.4, -8, -28
2473.5, -8, -28
2473.6, -8, -28
2473.7, -8, -28
2473.8, -8, -28
2473.9, -8, -28
2474, -8, -28
2474.1, -8, -28
2474.2, -8, -28
2474.3, -8, -28
2474.4, -8, -28
2474.5, -8, -27
2474.6, -8, -27
2474.7, -8, -27
2474.8, -8, -27
2474.9, -7, -27
2475, -7, -27
2475.1, -7, -27
2475.2, -7, -27
2475.3, -7, -27
2475.4, -7, -27
2475.5, -7, -27
2475.6, -7, -27
2475.7, -7, -27
2475.8, -7, -27
2475.9, -7, -27
2476, -7, -27
2476.1, -7, -27
2476.2, -7, -27
2476.3, -7, -27
2476.4, -7, -27
2476.5, -7, -27
2476.6, -7, -27
2476.7, -7, -27
2476.8, -7, -27
2476.9, -7, -26
2477, -7, -26
2477.1, -7, -26
2477.2, -7, -26
2477.3, -7, -26
2477.4, -7, -26
2477.5, -7, -26
2477.6, -7, -26
2477.7, -7, -26
2477.8, -7, -26
2477.9, -7, -26
2478, -7, -26
2478.1, -7, -26
2478.2, -7, -26
2478.3, -7, -26
2478.4, -7, -26
2478.5, -7, -26
2478.6, -7, -26
2478.7, -7, -26
2478.8, -7, -26
2478.9, -7, -26
2479, -7, -26
2479.1, -7, -26
2479.2, -7, -26
2479.3, -7, -26
2479.4, -7, -26
2479.5, -7, -26
2479.6, -7, -26
2479.7, -7, -26
2479.8, -7, -26
2479.9, -7, -26
2480, -7, -26
2480.1, -7, -26
2480.2, -7, -26
2480.3, -7, -26
2480.4, -7, -26
2480.5, -7, -26
2480.6, -7, -26
2480.7, -8, -26
2480.8, -8, -26
2480.9, -8, -26
2481, -8, -26
2481.1, -8, -26
2481.2, -8, -26
2481.3, -8, -26
2481.4, -8, -26
2481.5, -8, -26
2481.6, -8, -26
2481.7, -8, -26
2481.8, -8, -26
2481.9, -8, -26
2482, -8, -26
2482.1, -8, -26
2482.2, -8, -26
2482.3, -8, -26
2482.4, -8, -26
2482.5, -8, -26
2482.6, -8, -26
2482.7, -8, -27
2482.8, -8, -27
2482.9, -8, -27
2483, -8, -27
2483.1, -8, -27
2483.2, -8, -27
2483.3, -8, -27
2483.4, -8, -27
2483.5, -8, -27
2483.6, -8, -27
2483.7, -8, -27
2483.8, -8, -27
2483.9, -8, -27
2484, -8, -27
2484.1, -8, -27
2484.2, -8, -27
2484.3, -8, -27
2484.4, -8, -27
2484.5, -8, -27
2484.6, -8, -27
2484.7, -8, -27
2484.8, -8, -27
2484.9, -8, -27
2485, -8, -27
2485.1, -8, -27
2485.2, -8, -27
2485.3, -8, -27
2485.4, -8, -27
2485.5, -8, -27
2485.6, -8, -27
2485.7, -8, -27
2485.8, -8, -27
2485.9, -8, -27
2486, -8, -27
2486.1, -7, -27
2486.2, -7, -27
2486.3, -7, -27
2486.4, -7, -27
2486.5, -7, -27
2486.6, -7, -27
2486.7, -7, -26
2486.8, -7, -26
2486.9, -7, -26
2487, -7, -26
2487.1, -7, -26
2487.2, -7, -26
2487.3, -7, -27
2487.4, -7, -27
2487.5, -6, -27
2487.6, -6, -27
2487.7, -6, -27
2487.8, -6, -27
2487.9, -6, -27
2488, -6, -27
2488.1, -6, -27
2488.2, -6, -27
2488.3, -6, -27
2488.4, -6, -27
2488.5, -6, -27
2488.6, -6, -27
2488.7, -6, -27
2488.8, -6, -27
2488.9, -6, -27
2489, -6, -27
2489.1, -6, -27
2489.2, -6, -27
2489.3, -6, -27
2489.4, -6, -27
2489.5, -6, -27
2489.6, -6, -27
2489.7, -6, -27
2489.8, -6, -27
2489.9, -6, -27
2490, -6, -27
2490.1, -6, -27
2490.2, -6, -27
2490.3, -6, -27
2490.4, -6, -27
2490.5, -6, -27
2490.6, -6, -27
2490.7, -5, -27
2490.8, -5, -27
2490.9, -5, -27
2491, -5, -27
2491.1, -5, -27
2491.2, -5, -27
2491.3, -5, -27
2491.4, -5, -27
2491.5, -5, -27
2491.6, -5, -27
2491.7, -5, -27
2491.8, -5, -27
2491.9, -5, -28
2492, -5, -28
2492.1, -5, -28
2492.2, -5, -28
2492.3, -5, -28
2492.4, -5, -28
2492.5, -5, -28
2492.6, -5, -28
2492.7, -5, -28
2492.8, -5, -28
2492.9, -5, -28
2493, -5, -28
2493.1, -5, -28
2493.2, -5, -28
2493.3, -5, -28
2493.4, -5, -28
2493.5, -5, -28
2493.6, -5, -28
2493.7, -5, -28
2493.8, -5, -28
2493.9, -5, -28
2494, -5, -28
2494.1, -5, -28
2494.2, -5, -28
2494.3, -5, -28
2494.4, -5, -28
2494.5, -5, -28
2494.6, -5, -28
2494.7, -5, -28
2494.8, -5, -28
2494.9, -5, -28
2495, -5, -28
2495.1, -5, -28
2495.2, -5, -28
2495.3, -5, -28
2495.4, -5, -28
2495.5, -5, -28
2495.6, -5, -28
2495.7, -5, -28
2495.8, -5, -28
2495.9, -5, -28
2496, -5, -28
2496.1, -5, -28
2496.2, -5, -28
2496.3, -5, -28
2496.4, -5, -28
2496.5, -5, -28
2496.6, -5, -28
2496.7, -5, -28
2496.8, -5, -28
2496.9, -5, -28
2497, -5, -28
2497.1, -5, -28
2497.2, -5, -28
2497.3, -5, -28
2497.4, -5, -28
2497.5, -5, -28
2497.6, -5, -28
2497.7, -5, -28
2497.8, -5, -28
2497.9, -5, -28
2498, -5, -28
2498.1, -5, -28
2498.2, -5, -28
2498.3, -5, -28
2498.4, -5, -28
2498.5, -5, -28
2498.6, -5, -28
2498.7, -5, -28
2498.8, -5, -28
2498.9, -5, -28
2499, -5, -28
2499.1, -5, -28
2499.2, -5, -28
2499.3, -5, -28
2499.4, -5, -28
2499.5, -5, -28
2499.6, -5, -28
2499.7, -5, -28
2499.8, -5, -28
2499.9, -5, -28
2500, -5, -28
2500.1, -5, -28
2500.2, -5, -28
2500.3, -5, -28
2500.4, -5, -28
2500.5, -5, -28
2500.6, -5, -28
2500.7, -5, -28
2500.8, -5, -28
2500.9, -5, -28
2501, -5, -28
2501.1, -5, -28
2501.2, -5, -28
2501.3, -5, -28
2501.4, -5, -28
2501.5, -5, -28
2501.6, -5, -28
2501.7, -5, -28
2501.8, -5, -28
2501.9, -5, -28
2502, -5, -28
2502.1, -5, -28
2502.2, -5, -28
2502.3, -5, -28
2502.4, -5, -28
2502.5, -5, -28
2502.6, -5, -28
2502.7, -5, -28
2502.8, -5, -28
2502.9, -5, -28
2503, -5, -28
2503.1, -5, -28
2503.2, -5, -28
2503.3, -5, -28
2503.4, -5, -28
2503.5, -5, -28
2503.6, -5, -28
2503.7, -5, -28
2503.8, -5, -28
2503.9, -5, -28
2504, -5, -28
2504.1, -5, -28
2504.2, -5, -28
2504.3, -5, -28
2504.4, -5, -28
2504.5, -5, -28
2504.6, -5, -28
2504.7, -5, -28
2504.8, -5, -28
2504.9, -5, -28
2505, -5, -28
2505.1, -4, -28
2505.2, -4, -28
2505.3, -4, -28
2505.4, -4, -28
2505.5, -4, -29
2505.6, -4, -29
2505.7, -4, -28
2505.8, -4, -28
2505.9, -4, -28
2506, -4, -28
2506.1, -4, -28
2506.2, -4, -28
2506.3, -4, -28
2506.4, -4, -28
2506.5, -4, -28
2506.6, -4, -28
2506.7, -4, -28
2506.8, -4, -28
2506.9, -3, -28
2507, -3, -28
2507.1, -3, -28
2507.2, -3, -28
2507.3, -3, -28
2507.4, -3, -28
2507.5, -3, -29
2507.6, -3, -29
2507.7, -3, -29
2507.8, -3, -29
2507.9, -3, -29
2508, -3, -29
2508.1, -3, -29
2508.2, -3, -29
2508.3, -3, -29
2508.4, -3, -29
2508.5, -3, -29
2508.6, -3, -29
2508.7, -3, -29
2508.8, -3, -29
2508.9, -3, -29
2509, -3, -29
2509.1, -3, -29
2509.2, -3, -29
2509.3, -3, -29
2509.4, -3, -29
2509.5, -2, -29
2509.6, -2, -29
2509.7, -2, -29
2509.8, -2, -29
2509.9, -2, -29
2510, -2, -29
2510.1, -2, -29
2510.2, -2, -29
2510.3, -2, -29
2510.4, -2, -29
2510.5, -2, -29
2510.6, -2, -29
2510.7, -2, -29
2510.8, -2, -29
2510.9, -2, -29
2511, -2, -29
2511.1, -2, -29
2511.2, -2, -29
2511.3, -2, -29
2511.4, -2, -29
2511.5, -3, -29
2511.6, -3, -29
2511.7, -4, -29
2511.8, -4, -29
2511.9, -4, -29
2512, -4, -29
2512.1, -3, -29
2512.2, -3, -29
2512.3, -3, -29
2512.4, -3, -29
2512.5, -3, -29
2512.6, -3, -29
2512.7, -3, -29
2512.8, -3, -29
2512.9, -3, -29
2513, -3, -29
2513.1, -3, -29
2513.2, -3, -29
2513.3, -3, -29
2513.4, -3, -29
2513.5, -3, -29
2513.6, -3, -29
2513.7, -3, -29
2513.8, -3, -29
2513.9, -3, -29
2514, -3, -29
2514.1, -3, -29
2514.2, -3, -29
2514.3, -3, -29
2514.4, -3, -29
2514.5, -3, -29
2514.6, -3, -29
2514.7, -3, -29
2514.8, -3, -29
2514.9, -3, -29
2515, -3, -29
2515.1, -3, -29
2515.2, -3, -29
2515.3, -3, -29
2515.4, -3, -29
2515.5, -3, -29
2515.6, -3, -29
2515.7, -3, -29
2515.8, -3, -29
2515.9, -3, -29
2516, -3, -29
2516.1, -3, -29
2516.2, -3, -29
2516.3, -3, -29
2516.4, -3, -29
2516.5, -3, -29
2516.6, -3, -29
2516.7, -3, -29
2516.8, -3, -29
2516.9, -3, -29
2517, -3, -29
2517.1, -3, -29
2517.2, -3, -29
2517.3, -3, -29
2517.4, -3, -29
2517.5, -2, -29
2517.6, -2, -29
2517.7, -2, -29
2517.8, -2, -29
2517.9, -2, -29
2518, -2, -29
2518.1, -3, -29
2518.2, -3, -29
2518.3, -3, -29
2518.4, -3, -29
2518.5, -2, -29
2518.6, -2, -29
2518.7, -2, -29
2518.8, -2, -29
2518.9, -2, -29
2519, -2, -29
2519.1, -2, -29
2519.2, -2, -29
2519.3, -2, -29
2519.4, -2, -29
2519.5, -2, -29
2519.6, -2, -29
2519.7, -2, -29
2519.8, -2, -29
2519.9, -2, -29
2520, -2, -29
2520.1, -2, -29
2520.2, -2, -29
2520.3, -1, -29
2520.4, -1, -29
2520.5, -1, -29
2520.6, -1, -29
2520.7, -1, -29
2520.8, -1, -29
2520.9, -1, -29
2521, -1, -29
2521.1, -1, -29
2521.2, -1, -29
2521.3, -1, -29
2521.4, -1, -29
2521.5, -1, -29
2521.6, -1, -29
2521.7, -1, -29
2521.8, -1, -29
2521.9, -1, -29
2522, -1, -29
2522.1, -1, -29
2522.2, -1, -29
2522.3, -1, -29
2522.4, -1, -29
2522.5, -1, -29
2522.6, -1, -29
2522.7, -1, -29
2522.8, -1, -29
2522.9, -1, -29
2523, -1, -29
2523.1, -1, -29
2523.2, -1, -29
2523.3, -1, -29
2523.4, -1, -29
2523.5, -1, -29
2523.6, -1, -29
2523.7, -1, -29
2523.8, -1, -29
2523.9, -1, -29
2524, -1, -29
2524.1, -1, -29
2524.2, -1, -29
2524.3, 0, -29
2524.4, 0, -29
2524.5, 0, -29
2524.6, 0, -29
2524.7, 0, -29
2524.8, 0, -29
2524.9, 0, -29
2525, 0, -29
2525.1, 0, -29
2525.2, 0, -29
2525.3, 0, -29
2525.4, 0, -29
2525.5, 0, -29
2525.6, 0, -29
2525.7, 0, -29
2525.8, 0, -29
2525.9, 0, -29
2526, 0, -29
2526.1, 0, -29
2526.2, 0, -29
2526.3, 0, -29
2526.4, 0, -29
2526.5, 0, -29
2526.6, 0, -29
2526.7, 0, -29
2526.8, 0, -29
2526.9, 0, -30
2527, 0, -30
2527.1, 0, -30
2527.2, 0, -30
2527.3, 0, -30
2527.4, 0, -30
2527.5, 0, -30
2527.6, 0, -30
2527.7, 0, -30
2527.8, 0, -30
2527.9, 0, -30
2528, 0, -30
2528.1, 0, -30
2528.2, 0, -30
2528.3, 0, -30
2528.4, 0, -30
2528.5, 0, -30
2528.6, 0, -30
2528.7, 0, -30
2528.8, 0, -30
2528.9, 0, -30
2529, 0, -30
2529.1, 0, -30
2529.2, 0, -30
2529.3, 0, -30
2529.4, 0, -30
2529.5, 1, -30
2529.6, 1, -30
2529.7, 1, -30
2529.8, 1, -30
2529.9, 1, -30
2530, 1, -30
2530.1, 1, -30
2530.2, 1, -30
2530.3, 1, -30
2530.4, 1, -30
2530.5, 1, -30
2530.6, 1, -30
2530.7, 1, -30
2530.8, 1, -30
2530.9, 1, -30
2531, 1, -30
2531.1, 1, -30
2531.2, 1, -30
2531.3, 1, -30
2531.4, 1, -30
2531.5, 1, -30
2531.6, 1, -30
2531.7, 1, -30
2531.8, 1, -30
2531.9, 1, -30
2532, 1, -30
2532.1, 1, -31
2532.2, 1, -31
2532.3, 1, -31
2532.4, 1, -31
2532.5, 1, -31
2532.6, 1, -31
2532.7, 1, -31
2532.8, 1, -31
2532.9, 1, -31
2533, 1, -31
2533.1, 1, -31
2533.2, 1, -31
2533.3, 1, -31
2533.4, 1, -31
2533.5, 1, -31
2533.6, 1, -31
2533.7, 1, -31
2533.8, 1, -31
2533.9, 0, -31
2534, 0, -31
2534.1, 0, -31
2534.2, 0, -31
2534.3, 0, -31
2534.4, 0, -31
2534.5, 0, -31
2534.6, 0, -31
2534.7, 0, -31
2534.8, 0, -31
2534.9, -1, -31
2535, -1, -31
2535.1, -1, -31
2535.2, -1, -31
2535.3, -1, -31
2535.4, -1, -31
2535.5, -1, -31
2535.6, -1, -31
2535.7, -1, -31
2535.8, -1, -31
2535.9, -1, -31
2536, -1, -31
2536.1, -1, -31
2536.2, -1, -31
2536.3, -1, -31
2536.4, -1, -31
2536.5, -1, -31
2536.6, -1, -31
2536.7, -1, -31
2536.8, -1, -31
2536.9, -1, -32
2537, -1, -32
2537.1, -1, -32
2537.2, -1, -32
2537.3, -1, -31
2537.4, -1, -31
2537.5, -1, -31
2537.6, -1, -31
2537.7, -2, -31
2537.8, -2, -31
2537.9, -2, -31
2538, -2, -31
2538.1, -2, -31
2538.2, -2, -31
2538.3, -2, -31
2538.4, -2, -31
2538.5, -2, -31
2538.6, -2, -31
2538.7, -2, -31
2538.8, -2, -31
2538.9, -2, -31
2539, -2, -31
2539.1, -2, -31
2539.2, -2, -31
2539.3, -2, -31
2539.4, -2, -31
2539.5, -2, -31
2539.6, -2, -31
2539.7, -2, -31
2539.8, -2, -31
2539.9, -2, -31
2540, -2, -31
2540.1, -2, -31
2540.2, -2, -31
2540.3, -1, -31
2540.4, -1, -31
2540.5, -1, -31
2540.6, -1, -31
2540.7, -1, -31
2540.8, -1, -31
2540.9, -1, -31
2541, -1, -31
2541.1, -1, -31
2541.2, -1, -31
2541.3, -1, -31
2541.4, -1, -31
2541.5, -1, -31
2541.6, -1, -31
2541.7, -1, -31
2541.8, -1, -31
2541.9, -1, -31
2542, -1, -31
2542.1, -1, -31
2542.2, -1, -31
2542.3, -1, -31
2542.4, -1, -31
2542.5, -1, -31
2542.6, -1, -31
2542.7, -1, -31
2542.8, -1, -31
2542.9, -1, -31
2543, -1, -31
2543.1, -1, -31
2543.2, -1, -31
2543.3, -1, -31
2543.4, -1, -31
2543.5, -1, -31
2543.6, -1, -31
2543.7, -1, -31
2543.8, -1, -31
2543.9, -1, -31
2544, -1, -31
2544.1, -1, -31
2544.2, -1, -31
2544.3, -1, -31
2544.4, -1, -31
2544.5, -1, -31
2544.6, -1, -31
2544.7, 0, -31
2544.8, 0, -31
2544.9, 0, -31
2545, 0, -31
2545.1, 0, -31
2545.2, 0, -31
2545.3, 0, -31
2545.4, 0, -31
2545.5, 0, -31
2545.6, 0, -31
2545.7, 0, -31
2545.8, 0, -31
2545.9, 0, -31
2546, 0, -31
2546.1, 0, -31
2546.2, 0, -31
2546.3, 0, -31
2546.4, 0, -31
2546.5, 0, -32
2546.6, 0, -32
2546.7, 0, -32
2546.8, 0, -32
2546.9, 0, -33
2547, 0, -33
2547.1, 0, -33
2547.2, 0, -33
2547.3, 0, -33
2547.4, 0, -33
2547.5, 0, -33
2547.6, 0, -33
2547.7, 0, -33
2547.8, 0, -33
2547.9, 0, -33
2548, 0, -33
2548.1, -1, -33
2548.2, -1, -33
2548.3, -1, -33
2548.4, -1, -33
2548.5, -1, -33
2548.6, -1, -33
2548.7, -2, -33
2548.8, -2, -33
2548.9, -3, -33
2549, -3, -33
2549.1, -3, -33
2549.2, -3, -33
2549.3, -3, -33
2549.4, -3, -33
2549.5, -3, -33
2549.6, -3, -33
2549.7, -2, -33
2549.8, -2, -33
2549.9, -2, -33
2550, -2, -33
2550.1, -2, -33
2550.2, -2, -33
2550.3, -2, -33
2550.4, -2, -33
2550.5, -2, -33
2550.6, -2, -33
2550.7, -2, -33
2550.8, -2, -33
2550.9, -2, -33
2551, -2, -33
2551.1, -2, -33
2551.2, -2, -33
2551.3, -2, -33
2551.4, -2, -33
2551.5, -2, -34
2551.6, -2, -34
2551.7, -2, -34
2551.8, -2, -34
2551.9, -2, -34
2552, -2, -34
2552.1, -2, -34
2552.2, -2, -34
2552.3, -2, -34
2552.4, -2, -34
2552.5, -2, -34
2552.6, -2, -34
2552.7, -2, -34
2552.8, -2, -34
2552.9, -2, -35
2553, -2, -35
2553.1, -2, -35
2553.2, -2, -35
2553.3, -2, -35
2553.4, -2, -35
2553.5, -2, -35
2553.6, -2, -35
2553.7, -2, -35
2553.8, -2, -35
2553.9, -2, -35
2554, -2, -35
2554.1, -2, -35
2554.2, -2, -35
2554.3, -2, -35
2554.4, -2, -35
2554.5, -2, -35
2554.6, -2, -35
2554.7, -2, -35
2554.8, -2, -35
2554.9, -2, -35
2555, -2, -35
2555.1, -2, -35
2555.2, -2, -35
2555.3, -2, -35
2555.4, -2, -35
2555.5, -2, -35
2555.6, -2, -35
2555.7, -2, -35
2555.8, -2, -35
2555.9, -2, -35
2556, -2, -35
2556.1, -2, -35
2556.2, -2, -35
2556.3, -2, -35
2556.4, -2, -35
2556.5, -2, -35
2556.6, -2, -35
2556.7, -2, -35
2556.8, -2, -35
2556.9, -2, -35
2557, -2, -35
2557.1, -2, -34
2557.2, -2, -34
2557.3, -2, -34
2557.4, -2, -34
2557.5, -2, -34
2557.6, -2, -34
2557.7, -2, -34
2557.8, -2, -34
2557.9, -3, -34
2558, -3, -34
2558.1, -3, -34
2558.2, -3, -34
2558.3, -3, -34
2558.4, -3, -34
2558.5, -3, -34
2558.6, -3, -34
2558.7, -3, -34
2558.8, -3, -34
2558.9, -3, -34
2559, -3, -34
2559.1, -3, -34
2559.2, -3, -34
2559.3, -3, -34
2559.4, -3, -34
2559.5, -3, -34
2559.6, -3, -34
2559.7, -3, -34
2559.8, -3, -34
2559.9, -3, -34
2560, -3, -34
2560.1, -3, -34
2560.2, -3, -34
2560.3, -3, -34
2560.4, -3, -34
2560.5, -3, -34
2560.6, -3, -34
2560.7, -3, -34
2560.8, -3, -34
2560.9, -3, -34
2561, -3, -34
2561.1, -3, -34
2561.2, -3, -34
2561.3, -3, -34
2561.4, -3, -34
2561.5, -3, -34
2561.6, -3, -34
2561.7, -3, -34
2561.8, -3, -34
2561.9, -3, -34
2562, -3, -34
2562.1, -3, -34
2562.2, -3, -34
2562.3, -3, -34
2562.4, -3, -34
2562.5, -3, -34
2562.6, -3, -34
2562.7, -3, -34
2562.8, -3, -34
2562.9, -3, -34
2563, -3, -34
2563.1, -3, -34
2563.2, -3, -34
2563.3, -3, -35
2563.4, -3, -35
2563.5, -3, -35
2563.6, -3, -35
2563.7, -3, -35
2563.8, -3, -35
2563.9, -3, -35
2564, -3, -35
2564.1, -3, -35
2564.2, -3, -35
2564.3, -3, -35
2564.4, -3, -35
2564.5, -3, -35
2564.6, -3, -35
2564.7, -3, -35
2564.8, -3, -35
2564.9, -3, -35
2565, -3, -35
2565.1, -3, -35
2565.2, -3, -35
2565.3, -3, -35
2565.4, -3, -35
2565.5, -3, -35
2565.6, -3, -35
2565.7, -2, -35
2565.8, -2, -35
2565.9, -2, -35
2566, -2, -35
2566.1, -2, -35
2566.2, -2, -35
2566.3, -2, -35
2566.4, -2, -35
2566.5, -2, -35
2566.6, -2, -35
2566.7, -2, -35
2566.8, -2, -35
2566.9, -2, -35
2567, -2, -35
2567.1, -2, -35
2567.2, -2, -35
2567.3, -2, -35
2567.4, -2, -35
2567.5, -2, -35
2567.6, -2, -35
2567.7, -2, -35
2567.8, -2, -35
2567.9, -2, -35
2568, -2, -35
2568.1, -2, -34
2568.2, -2, -34
2568.3, -2, -34
2568.4, -2, -34
2568.5, -2, -35
2568.6, -2, -35
2568.7, -2, -35
2568.8, -2, -35
2568.9, -2, -35
2569, -2, -35
2569.1, -2, -35
2569.2, -2, -35
2569.3, -2, -35
2569.4, -2, -35
2569.5, -2, -35
2569.6, -2, -35
2569.7, -3, -35
2569.8, -3, -35
2569.9, -3, -35
2570, -3, -35
2570.1, -3, -35
2570.2, -3, -35
2570.3, -3, -35
2570.4, -3, -35
2570.5, -3, -35
2570.6, -3, -35
2570.7, -3, -35
2570.8, -3, -35
2570.9, -3, -35
2571, -3, -35
2571.1, -3, -35
2571.2, -3, -35
2571.3, -3, -35
2571.4, -3, -35
2571.5, -3, -35
2571.6, -3, -35
2571.7, -3, -35
2571.8, -3, -35
2571.9, -3, -35
2572, -3, -35
2572.1, -3, -35
2572.2, -3, -35
2572.3, -3, -35
2572.4, -3, -35
2572.5, -3, -35
2572.6, -3, -35
2572.7, -3, -35
2572.8, -3, -35
2572.9, -3, -35
2573, -3, -35
2573.1, -4, -35
2573.2, -4, -35
2573.3, -4, -35
2573.4, -4, -35
2573.5, -4, -35
2573.6, -4, -35
2573.7, -4, -35
2573.8, -4, -35
2573.9, -4, -35
2574, -4, -35
2574.1, -4, -35
2574.2, -4, -35
2574.3, -4, -35
2574.4, -4, -35
2574.5, -4, -35
2574.6, -4, -35
2574.7, -4, -35
2574.8, -4, -35
2574.9, -4, -35
2575, -4, -35
2575.1, -4, -35
2575.2, -4, -35
2575.3, -4, -35
2575.4, -4, -35
2575.5, -4, -35
2575.6, -4, -35
2575.7, -4, -35
2575.8, -4, -35
2575.9, -4, -34
2576, -4, -34
2576.1, -4, -34
2576.2, -4, -34
2576.3, -4, -34
2576.4, -4, -34
2576.5, -4, -34
2576.6, -4, -34
2576.7, -4, -34
2576.8, -4, -34
2576.9, -4, -34
2577, -4, -34
2577.1, -4, -33
2577.2, -4, -33
2577.3, -4, -33
2577.4, -4, -33
2577.5, -4, -33
2577.6, -4, -33
2577.7, -4, -33
2577.8, -4, -33
2577.9, -4, -33
2578, -4, -33
2578.1, -4, -33
2578.2, -4, -33
2578.3, -4, -33
2578.4, -4, -33
2578.5, -4, -33
2578.6, -4, -33
2578.7, -4, -33
2578.8, -4, -33
2578.9, -4, -33
2579, -4, -33
2579.1, -4, -33
2579.2, -4, -33
2579.3, -4, -33
2579.4, -4, -33
2579.5, -4, -33
2579.6, -4, -33
2579.7, -4, -33
2579.8, -4, -33
2579.9, -4, -33
2580, -4, -33
2580.1, -4, -33
2580.2, -4, -33
2580.3, -4, -33
2580.4, -4, -33
2580.5, -4, -33
2580.6, -4, -33
2580.7, -4, -33
2580.8, -4, -33
2580.9, -4, -33
2581, -4, -33
2581.1, -4, -33
2581.2, -4, -33
2581.3, -4, -33
2581.4, -4, -33
2581.5, -4, -33
2581.6, -4, -33
2581.7, -4, -33
2581.8, -4, -33
2581.9, -4, -34
2582, -4, -34
2582.1, -4, -34
2582.2, -4, -34
2582.3, -4, -34
2582.4, -4, -34
2582.5, -4, -34
2582.6, -4, -34
2582.7, -4, -34
2582.8, -4, -34
2582.9, -4, -34
2583, -4, -34
2583.1, -4, -34
2583.2, -4, -34
2583.3, -4, -34
2583.4, -4, -34
2583.5, -4, -34
2583.6, -4, -34
2583.7, -3, -34
2583.8, -3, -34
2583.9, -3, -34
2584, -3, -34
2584.1, -3, -34
2584.2, -3, -34
2584.3, -3, -34
2584.4, -3, -34
2584.5, -3, -34
2584.6, -3, -34
2584.7, -3, -34
2584.8, -3, -34
2584.9, -3, -34
2585, -3, -34
2585.1, -3, -34
2585.2, -3, -34
2585.3, -3, -34
2585.4, -3, -34
2585.5, -3, -34
2585.6, -3, -34
2585.7, -3, -34
2585.8, -3, -34
2585.9, -3, -34
2586, -3, -34
2586.1, -3, -34
2586.2, -3, -34
2586.3, -3, -34
2586.4, -3, -34
2586.5, -3, -34
2586.6, -3, -34
2586.7, -3, -34
2586.8, -3, -34
2586.9, -3, -34
2587, -3, -34
2587.1, -3, -34
2587.2, -3, -34
2587.3, -3, -34
2587.4, -3, -34
2587.5, -3, -34
2587.6, -3, -34
2587.7, -4, -34
2587.8, -4, -34
2587.9, -4, -34
2588, -4, -34
2588.1, -4, -34
2588.2, -4, -34
2588.3, -4, -34
2588.4, -4, -34
2588.5, -4, -34
2588.6, -4, -34
2588.7, -4, -34
2588.8, -4, -34
2588.9, -4, -34
2589, -4, -34
2589.1, -4, -34
2589.2, -4, -34
2589.3, -4, -34
2589.4, -4, -34
2589.5, -4, -34
2589.6, -4, -34
2589.7, -4, -34
2589.8, -4, -34
2589.9, -4, -34
2590, -4, -34
2590.1, -4, -34
2590.2, -4, -34
2590.3, -4, -34
2590.4, -4, -34
2590.5, -4, -34
2590.6, -4, -34
2590.7, -4, -34
2590.8, -4, -34
2590.9, -4, -34
2591, -4, -34
2591.1, -4, -34
2591.2, -4, -34
2591.3, -4, -34
2591.4, -4, -34
2591.5, -4, -34
2591.6, -4, -34
2591.7, -4, -34
2591.8, -4, -34
2591.9, -4, -34
2592, -4, -34
2592.1, -4, -35
2592.2, -4, -35
2592.3, -4, -35
2592.4, -4, -35
2592.5, -4, -35
2592.6, -4, -35
2592.7, -4, -35
2592.8, -4, -35
2592.9, -4, -35
2593, -4, -35
2593.1, -4, -35
2593.2, -4, -35
2593.3, -4, -35
2593.4, -4, -35
2593.5, -4, -35
2593.6, -4, -35
2593.7, -3, -35
2593.8, -3, -35
2593.9, -3, -35
2594, -3, -35
2594.1, -3, -35
2594.2, -3, -35
2594.3, -3, -35
2594.4, -3, -35
2594.5, -3, -35
2594.6, -3, -35
2594.7, -3, -35
2594.8, -3, -35
2594.9, -3, -35
2595, -3, -35
2595.1, -3, -35
2595.2, -3, -35
2595.3, -3, -35
2595.4, -3, -35
2595.5, -3, -35
2595.6, -3, -35
2595.7, -3, -35
2595.8, -3, -35
2595.9, -3, -35
2596, -3, -35
2596.1, -3, -35
2596.2, -3, -35
2596.3, -3, -35
2596.4, -3, -35
2596.5, -3, -35
2596.6, -3, -35
2596.7, -3, -35
2596.8, -3, -35
2596.9, -3, -35
2597, -3, -35
2597.1, -3, -35
2597.2, -3, -35
2597.3, -3, -35
2597.4, -3, -35
2597.5, -3, -35
2597.6, -3, -35
2597.7, -3, -35
2597.8, -3, -35
2597.9, -3, -35
2598, -3, -35
2598.1, -3, -35
2598.2, -3, -35
2598.3, -3, -35
2598.4, -3, -35
2598.5, -3, -35
2598.6, -3, -35
2598.7, -3, -35
2598.8, -3, -35
2598.9, -3, -35
2599, -3, -35
2599.1, -3, -35
2599.2, -3, -35
2599.3, -3, -35
2599.4, -3, -35
2599.5, -3, -35
2599.6, -3, -35
2599.7, -3, -35
2599.8, -3, -35
2599.9, -3, -35
2600, -3, -35
2600.1, -3, -35
2600.2, -3, -35
2600.3, -3, -35
2600.4, -3, -35
2600.5, -3, -35
2600.6, -3, -35
2600.7, -3, -35
2600.8, -3, -35
2600.9, -3, -35
2601, -3, -35
2601.1, -3, -35
2601.2, -3, -35
2601.3, -4, -35
2601.4, -4, -35
2601.5, -4, -35
2601.6, -4, -35
2601.7, -4, -35
2601.8, -4, -35
2601.9, -4, -35
2602, -4, -35
2602.1, -4, -35
2602.2, -4, -35
2602.3, -4, -35
2602.4, -4, -35
2602.5, -4, -35
2602.6, -4, -35
2602.7, -4, -35
2602.8, -4, -35
2602.9, -4, -35
2603, -4, -35
2603.1, -4, -35
2603.2, -4, -35
2603.3, -4, -35
2603.4, -4, -35
2603.5, -4, -35
2603.6, -4, -35
2603.7, -4, -35
2603.8, -4, -35
2603.9, -4, -35
2604, -4, -35
2604.1, -4, -35
2604.2, -4, -35
2604.3, -4, -35
2604.4, -4, -35
2604.5, -4, -35
2604.6, -4, -35
2604.7, -4, -35
2604.8, -4, -35
2604.9, -4, -35
2605, -4, -35
2605.1, -4, -35
2605.2, -4, -35
2605.3, -4, -35
2605.4, -4, -35
2605.5, -4, -35
2605.6, -4, -35
2605.7, -4, -35
2605.8, -4, -35
2605.9, -4, -35
2606, -4, -35
2606.1, -4, -35
2606.2, -4, -35
2606.3, -4, -35
2606.4, -4, -35
2606.5, -4, -35
2606.6, -4, -35
2606.7, -4, -35
2606.8, -4, -35
2606.9, -4, -35
2607, -4, -35
2607.1, -4, -35
2607.2, -4, -35
2607.3, -4, -35
2607.4, -4, -35
2607.5, -4, -35
2607.6, -4, -35
2607.7, -4, -35
2607.8, -4, -35
2607.9, -4, -34
2608, -4, -34
2608.1, -4, -34
2608.2, -4, -34
2608.3, -4, -34
2608.4, -4, -34
2608.5, -4, -34
2608.6, -4, -34
2608.7, -4, -34
2608.8, -4, -34
2608.9, -4, -34
2609, -4, -34
2609.1, -4, -34
2609.2, -4, -34
2609.3, -5, -34
2609.4, -5, -34
2609.5, -5, -34
2609.6, -5, -34
2609.7, -5, -34
2609.8, -5, -34
2609.9, -5, -34
2610, -5, -34
2610.1, -5, -34
2610.2, -5, -34
2610.3, -5, -34
2610.4, -5, -34
2610.5, -5, -34
2610.6, -5, -34
2610.7, -5, -34
2610.8, -5, -34
2610.9, -5, -34
2611, -5, -34
2611.1, -5, -34
2611.2, -5, -34
2611.3, -5, -34
2611.4, -5, -34
2611.5, -5, -34
2611.6, -5, -34
2611.7, -5, -34
2611.8, -5, -34
2611.9, -5, -34
2612, -5, -34
2612.1, -5, -34
2612.2, -5, -34
2612.3, -5, -34
2612.4, -5, -34
2612.5, -5, -34
2612.6, -5, -34
2612.7, -5, -34
2612.8, -5, -34
2612.9, -5, -34
2613, -5, -34
2613.1, -5, -34
2613.2, -5, -34
2613.3, -5, -34
2613.4, -5, -34
2613.5, -5, -34
2613.6, -5, -34
2613.7, -5, -34
2613.8, -5, -34
2613.9, -5, -34
2614, -5, -34
2614.1, -5, -34
2614.2, -5, -34
2614.3, -5, -34
2614.4, -5, -34
2614.5, -5, -33
2614.6, -5, -33
2614.7, -5, -33
2614.8, -5, -33
2614.9, -5, -33
2615, -5, -33
2615.1, -5, -33
2615.2, -5, -33
2615.3, -5, -33
2615.4, -5, -33
2615.5, -5, -32
2615.6, -5, -32
2615.7, -5, -32
2615.8, -5, -32
2615.9, -5, -32
2616, -5, -32
2616.1, -5, -32
2616.2, -5, -32
2616.3, -5, -32
2616.4, -5, -32
2616.5, -5, -32
2616.6, -5, -32
2616.7, -4, -32
2616.8, -4, -32
2616.9, -4, -32
2617, -4, -32
2617.1, -4, -32
2617.2, -4, -32
2617.3, -4, -32
2617.4, -4, -32
2617.5, -4, -32
2617.6, -4, -32
2617.7, -4, -32
2617.8, -4, -32
2617.9, -4, -32
2618, -4, -32
2618.1, -4, -32
2618.2, -4, -32
2618.3, -4, -32
2618.4, -4, -32
2618.5, -4, -32
2618.6, -4, -32
2618.7, -4, -33
2618.8, -4, -33
2618.9, -4, -33
2619, -4, -33
2619.1, -4, -34
2619.2, -4, -34
2619.3, -4, -34
2619.4, -4, -34
2619.5, -4, -34
2619.6, -4, -34
2619.7, -4, -34
2619.8, -4, -34
2619.9, -4, -34
2620, -4, -34
2620.1, -4, -34
2620.2, -4, -34
2620.3, -4, -34
2620.4, -4, -34
2620.5, -4, -34
2620.6, -4, -34
2620.7, -4, -34
2620.8, -4, -34
2620.9, -4, -34
2621, -4, -34
2621.1, -4, -34
2621.2, -4, -34
2621.3, -5, -34
2621.4, -5, -34
2621.5, -5, -33
2621.6, -5, -33
2621.7, -5, -33
2621.8, -5, -33
2621.9, -5, -33
2622, -5, -33
2622.1, -5, -33
2622.2, -5, -33
2622.3, -5, -33
2622.4, -5, -33
2622.5, -4, -33
2622.6, -4, -33
2622.7, -4, -33
2622.8, -4, -33
2622.9, -4, -34
2623, -4, -34
2623.1, -4, -34
2623.2, -4, -34
2623.3, -4, -34
2623.4, -4, -34
2623.5, -4, -34
2623.6, -4, -34
2623.7, -4, -34
2623.8, -4, -34
2623.9, -4, -34
2624, -4, -34
2624.1, -4, -34
2624.2, -4, -34
2624.3, -4, -34
2624.4, -4, -34
2624.5, -4, -34
2624.6, -4, -34
2624.7, -4, -34
2624.8, -4, -34
2624.9, -4, -34
2625, -4, -34
2625.1, -4, -34
2625.2, -4, -34
2625.3, -4, -34
2625.4, -4, -34
2625.5, -4, -34
2625.6, -4, -34
2625.7, -4, -34
2625.8, -4, -34
2625.9, -4, -34
2626, -4, -34
2626.1, -4, -34
2626.2, -4, -34
2626.3, -4, -34
2626.4, -4, -34
2626.5, -4, -34
2626.6, -4, -34
2626.7, -4, -34
2626.8, -4, -34
2626.9, -4, -34
2627, -4, -34
2627.1, -4, -34
2627.2, -4, -34
2627.3, -4, -34
2627.4, -4, -34
2627.5, -4, -34
2627.6, -4, -34
2627.7, -4, -34
2627.8, -4, -34
2627.9, -4, -34
2628, -4, -34
2628.1, -4, -34
2628.2, -4, -34
2628.3, -4, -34
2628.4, -4, -34
2628.5, -3, -34
2628.6, -3, -34
2628.7, -3, -34
2628.8, -3, -34
2628.9, -3, -34
2629, -3, -34
2629.1, -3, -34
2629.2, -3, -34
2629.3, -3, -34
2629.4, -3, -34
2629.5, -3, -35
2629.6, -3, -35
2629.7, -3, -35
2629.8, -3, -35
2629.9, -3, -35
2630, -3, -35
2630.1, -3, -35
2630.2, -3, -35
2630.3, -3, -35
2630.4, -3, -35
2630.5, -3, -35
2630.6, -3, -35
2630.7, -3, -35
2630.8, -3, -35
2630.9, -4, -35
2631, -4, -35
2631.1, -4, -35
2631.2, -4, -35
2631.3, -4, -35
2631.4, -4, -35
2631.5, -4, -35
2631.6, -4, -35
2631.7, -4, -35
2631.8, -4, -35
2631.9, -4, -35
2632, -4, -35
2632.1, -4, -35
2632.2, -4, -35
2632.3, -4, -35
2632.4, -4, -35
2632.5, -4, -35
2632.6, -4, -35
2632.7, -4, -35
2632.8, -4, -35
2632.9, -4, -35
2633, -4, -35
2633.1, -4, -35
2633.2, -4, -35
2633.3, -4, -35
2633.4, -4, -35
2633.5, -4, -35
2633.6, -4, -35
2633.7, -4, -35
2633.8, -4, -35
2633.9, -4, -35
2634, -4, -35
2634.1, -4, -35
2634.2, -4, -35
2634.3, -4, -35
2634.4, -4, -35
2634.5, -4, -35
2634.6, -4, -35
2634.7, -4, -35
2634.8, -4, -35
2634.9, -4, -35
2635, -4, -35
2635.1, -4, -35
2635.2, -4, -35
2635.3, -4, -35
2635.4, -4, -35
2635.5, -4, -35
2635.6, -4, -35
2635.7, -4, -34
2635.8, -4, -34
2635.9, -4, -34
2636, -4, -34
2636.1, -4, -34
2636.2, -4, -34
2636.3, -4, -34
2636.4, -4, -34
2636.5, -4, -34
2636.6, -4, -34
2636.7, -4, -34
2636.8, -4, -34
2636.9, -4, -34
2637, -4, -34
2637.1, -4, -34
2637.2, -4, -34
2637.3, -4, -34
2637.4, -4, -34
2637.5, -4, -34
2637.6, -4, -34
2637.7, -5, -34
2637.8, -5, -34
2637.9, -5, -34
2638, -5, -34
2638.1, -5, -34
2638.2, -5, -34
2638.3, -5, -34
2638.4, -5, -34
2638.5, -5, -34
2638.6, -5, -34
2638.7, -5, -34
2638.8, -5, -34
2638.9, -5, -34
2639, -5, -34
2639.1, -5, -34
2639.2, -5, -34
2639.3, -5, -34
2639.4, -5, -34
2639.5, -5, -34
2639.6, -5, -34
2639.7, -5, -34
2639.8, -5, -34
2639.9, -5, -34
2640, -5, -34
2640.1, -5, -34
2640.2, -5, -34
2640.3, -5, -34
2640.4, -5, -34
2640.5, -5, -34
2640.6, -5, -34
2640.7, -5, -33
2640.8, -5, -33
2640.9, -5, -33
2641, -5, -33
2641.1, -5, -33
2641.2, -5, -33
2641.3, -5, -33
2641.4, -5, -33
2641.5, -5, -33
2641.6, -5, -33
2641.7, -5, -33
2641.8, -5, -33
2641.9, -5, -33
2642, -5, -33
2642.1, -5, -32
2642.2, -5, -32
2642.3, -5, -32
2642.4, -5, -32
2642.5, -5, -32
2642.6, -5, -32
2642.7, -5, -32
2642.8, -5, -32
2642.9, -5, -32
2643, -5, -32
2643.1, -5, -32
2643.2, -5, -32
2643.3, -5, -32
2643.4, -5, -32
2643.5, -5, -32
2643.6, -5, -32
2643.7, -5, -32
2643.8, -5, -32
2643.9, -5, -32
2644, -5, -32
2644.1, -5, -32
2644.2, -5, -32
2644.3, -5, -32
2644.4, -5, -32
2644.5, -5, -32
2644.6, -5, -32
2644.7, -5, -32
2644.8, -5, -32
2644.9, -5, -32
2645, -5, -32
2645.1, -5, -32
2645.2, -5, -32
2645.3, -5, -32
2645.4, -5, -32
2645.5, -5, -32
2645.6, -5, -32
2645.7, -5, -32
2645.8, -5, -32
2645.9, -5, -32
2646, -5, -32
2646.1, -5, -32
2646.2, -5, -32
2646.3, -5, -32
2646.4, -5, -32
2646.5, -5, -32
2646.6, -5, -32
2646.7, -5, -32
2646.8, -5, -32
2646.9, -5, -32
2647, -5, -32
2647.1, -5, -32
2647.2, -5, -32
2647.3, -5, -32
2647.4, -5, -32
2647.5, -5, -32
2647.6, -5, -32
2647.7, -5, -32
2647.8, -5, -32
2647.9, -5, -32
2648, -5, -32
2648.1, -5, -32
2648.2, -5, -32
2648.3, -5, -32
2648.4, -5, -32
2648.5, -5, -32
2648.6, -5, -32
2648.7, -5, -32
2648.8, -5, -32
2648.9, -5, -32
2649, -5, -32
2649.1, -5, -32
2649.2, -5, -32
2649.3, -5, -32
2649.4, -5, -32
2649.5, -5, -32
2649.6, -5, -32
2649.7, -5, -32
2649.8, -5, -32
2649.9, -5, -32
2650, -5, -32
2650.1, -5, -32
2650.2, -5, -32
2650.3, -5, -32
2650.4, -5, -32
2650.5, -5, -32
2650.6, -5, -32
2650.7, -5, -32
2650.8, -5, -32
2650.9, -5, -32
2651, -5, -32
2651.1, -5, -32
2651.2, -5, -32
2651.3, -5, -32
2651.4, -5, -32
2651.5, -5, -32
2651.6, -5, -32
2651.7, -6, -32
2651.8, -6, -32
2651.9, -6, -33
2652, -6, -33
2652.1, -6, -33
2652.2, -6, -33
2652.3, -6, -33
2652.4, -6, -33
2652.5, -6, -33
2652.6, -6, -33
2652.7, -6, -33
2652.8, -6, -33
2652.9, -6, -33
2653, -6, -33
2653.1, -6, -33
2653.2, -6, -33
2653.3, -6, -33
2653.4, -6, -33
2653.5, -6, -33
2653.6, -6, -33
2653.7, -6, -33
2653.8, -6, -33
2653.9, -6, -33
2654, -6, -33
2654.1, -6, -33
2654.2, -6, -33
2654.3, -6, -33
2654.4, -6, -33
2654.5, -6, -33
2654.6, -6, -33
2654.7, -6, -33
2654.8, -6, -33
2654.9, -6, -33
2655, -6, -33
2655.1, -5, -33
2655.2, -5, -33
2655.3, -5, -33
2655.4, -5, -33
2655.5, -5, -33
2655.6, -5, -33
2655.7, -5, -34
2655.8, -5, -34
2655.9, -5, -34
2656, -5, -34
2656.1, -5, -34
2656.2, -5, -34
2656.3, -5, -34
2656.4, -5, -34
2656.5, -5, -34
2656.6, -5, -34
2656.7, -5, -34
2656.8, -5, -34
2656.9, -5, -34
2657, -5, -34
2657.1, -5, -34
2657.2, -5, -34
2657.3, -5, -34
2657.4, -5, -34
2657.5, -5, -34
2657.6, -5, -34
2657.7, -5, -34
2657.8, -5, -34
2657.9, -5, -34
2658, -5, -34
2658.1, -5, -34
2658.2, -5, -34
2658.3, -5, -34
2658.4, -5, -34
2658.5, -5, -34
2658.6, -5, -34
2658.7, -5, -34
2658.8, -5, -34
2658.9, -5, -34
2659, -5, -34
2659.1, -5, -34
2659.2, -5, -34
2659.3, -5, -34
2659.4, -5, -34
2659.5, -5, -34
2659.6, -5, -34
2659.7, -5, -34
2659.8, -5, -34
2659.9, -5, -34
2660, -5, -34
2660.1, -5, -33
2660.2, -5, -33
2660.3, -5, -33
2660.4, -5, -33
2660.5, -5, -33
2660.6, -5, -33
2660.7, -5, -33
2660.8, -5, -33
2660.9, -5, -33
2661, -5, -33
2661.1, -5, -33
2661.2, -5, -33
2661.3, -5, -33
2661.4, -5, -33
2661.5, -5, -33
2661.6, -5, -33
2661.7, -5, -33
2661.8, -5, -33
2661.9, -5, -32
2662, -5, -32
2662.1, -5, -32
2662.2, -5, -32
2662.3, -5, -32
2662.4, -5, -32
2662.5, -5, -32
2662.6, -5, -32
2662.7, -5, -32
2662.8, -5, -32
2662.9, -5, -32
2663, -5, -32
2663.1, -5, -32
2663.2, -5, -32
2663.3, -5, -32
2663.4, -5, -32
2663.5, -5, -32
2663.6, -5, -32
2663.7, -5, -32
2663.8, -5, -32
2663.9, -5, -32
2664, -5, -32
2664.1, -5, -32
2664.2, -5, -32
2664.3, -5, -32
2664.4, -5, -32
2664.5, -5, -32
2664.6, -5, -32
2664.7, -6, -32
2664.8, -6, -32
2664.9, -6, -32
2665, -6, -32
2665.1, -6, -32
2665.2, -6, -32
2665.3, -6, -32
2665.4, -6, -32
2665.5, -6, -32
2665.6, -6, -32
2665.7, -6, -32
2665.8, -6, -32
2665.9, -6, -32
2666, -6, -32
2666.1, -6, -32
2666.2, -6, -32
2666.3, -5, -32
2666.4, -5, -32
2666.5, -6, -32
2666.6, -6, -32
2666.7, -6, -32
2666.8, -6, -32
2666.9, -6, -32
2667, -6, -32
2667.1, -6, -32
2667.2, -6, -32
2667.3, -6, -32
2667.4, -6, -32
2667.5, -6, -32
2667.6, -6, -32
2667.7, -6, -32
2667.8, -6, -32
2667.9, -6, -32
2668, -6, -32
2668.1, -6, -32
2668.2, -6, -32
2668.3, -6, -33
2668.4, -6, -33
2668.5, -6, -32
2668.6, -6, -32
2668.7, -6, -32
2668.8, -6, -32
2668.9, -7, -32
2669, -7, -32
2669.1, -7, -32
2669.2, -7, -32
2669.3, -7, -32
2669.4, -7, -32
2669.5, -7, -32
2669.6, -7, -32
2669.7, -7, -32
2669.8, -7, -32
2669.9, -7, -32
2670, -7, -32
2670.1, -7, -32
2670.2, -7, -32
2670.3, -7, -32
2670.4, -7, -32
2670.5, -7, -32
2670.6, -7, -32
2670.7, -7, -32
2670.8, -7, -32
2670.9, -7, -32
2671, -7, -32
2671.1, -7, -32
2671.2, -7, -32
2671.3, -7, -32
2671.4, -7, -32
2671.5, -7, -32
2671.6, -7, -32
2671.7, -7, -32
2671.8, -7, -32
2671.9, -6, -32
2672, -6, -32
2672.1, -6, -32
2672.2, -6, -32
2672.3, -6, -32
2672.4, -6, -32
2672.5, -6, -32
2672.6, -6, -32
2672.7, -6, -32
2672.8, -6, -32
2672.9, -6, -32
2673, -6, -32
2673.1, -6, -32
2673.2, -6, -32
2673.3, -6, -31
2673.4, -6, -31
2673.5, -6, -31
2673.6, -6, -31
2673.7, -6, -31
2673.8, -6, -31
2673.9, -6, -31
2674, -6, -31
2674.1, -5, -31
2674.2, -5, -31
2674.3, -5, -31
2674.4, -5, -31
2674.5, -5, -31
2674.6, -5, -31
2674.7, -5, -31
2674.8, -5, -31
2674.9, -5, -31
2675, -5, -31
2675.1, -5, -31
2675.2, -5, -31
2675.3, -5, -31
2675.4, -5, -31
2675.5, -5, -31
2675.6, -5, -31
2675.7, -5, -31
2675.8, -5, -31
2675.9, -5, -31
2676, -5, -31
2676.1, -5, -31
2676.2, -5, -31
2676.3, -5, -31
2676.4, -5, -31
2676.5, -5, -31
2676.6, -5, -31
2676.7, -5, -31
2676.8, -5, -31
2676.9, -5, -31
2677, -5, -31
2677.1, -5, -31
2677.2, -5, -31
2677.3, -5, -31
2677.4, -5, -31
2677.5, -5, -31
2677.6, -5, -31
2677.7, -5, -31
2677.8, -5, -31
2677.9, -5, -31
2678, -5, -31
2678.1, -5, -31
2678.2, -5, -31
2678.3, -5, -31
2678.4, -5, -31
2678.5, -5, -31
2678.6, -5, -31
2678.7, -5, -31
2678.8, -5, -31
2678.9, -5, -31
2679, -5, -31
2679.1, -5, -31
2679.2, -5, -31
2679.3, -5, -31
2679.4, -5, -31
2679.5, -5, -31
2679.6, -5, -31
2679.7, -5, -31
2679.8, -5, -31
2679.9, -5, -31
2680, -5, -31
2680.1, -5, -31
2680.2, -5, -31
2680.3, -5, -31
2680.4, -5, -31
2680.5, -5, -31
2680.6, -5, -31
2680.7, -5, -31
2680.8, -5, -31
2680.9, -5, -31
2681, -5, -31
2681.1, -5, -31
2681.2, -5, -31
2681.3, -5, -31
2681.4, -5, -31
2681.5, -5, -31
2681.6, -5, -31
2681.7, -5, -31
2681.8, -5, -31
2681.9, -4, -31
2682, -4, -31
2682.1, -4, -31
2682.2, -4, -31
2682.3, -4, -31
2682.4, -4, -31
2682.5, -4, -31
2682.6, -4, -31
2682.7, -4, -31
2682.8, -4, -31
2682.9, -4, -31
2683, -4, -31
2683.1, -4, -31
2683.2, -4, -31
2683.3, -4, -31
2683.4, -4, -31
2683.5, -4, -31
2683.6, -4, -31
2683.7, -4, -31
2683.8, -4, -31
2683.9, -4, -31
2684, -4, -31
2684.1, -4, -31
2684.2, -4, -31
2684.3, -4, -31
2684.4, -4, -31
2684.5, -4, -31
2684.6, -4, -31
2684.7, -4, -31
2684.8, -4, -31
2684.9, -4, -31
2685, -4, -31
2685.1, -4, -31
2685.2, -4, -31
2685.3, -4, -31
2685.4, -4, -31
2685.5, -4, -31
2685.6, -4, -31
2685.7, -4, -31
2685.8, -4, -31
2685.9, -4, -31
2686, -4, -31
2686.1, -4, -31
2686.2, -4, -31
2686.3, -4, -31
2686.4, -4, -31
2686.5, -4, -31
2686.6, -4, -31
2686.7, -4, -31
2686.8, -4, -31
2686.9, -4, -31
2687, -4, -31
2687.1, -4, -31
2687.2, -4, -31
2687.3, -4, -31
2687.4, -4, -31
2687.5, -4, -31
2687.6, -4, -31
2687.7, -4, -31
2687.8, -4, -31
2687.9, -4, -31
2688, -4, -31
2688.1, -4, -31
2688.2, -4, -31
2688.3, -4, -31
2688.4, -4, -31
2688.5, -4, -31
2688.6, -4, -31
2688.7, -4, -31
2688.8, -4, -31
2688.9, -4, -31
2689, -4, -31
2689.1, -4, -31
2689.2, -4, -31
2689.3, -4, -31
2689.4, -4, -31
2689.5, -4, -31
2689.6, -4, -31
2689.7, -4, -31
2689.8, -4, -31
2689.9, -4, -31
2690, -4, -31
2690.1, -4, -31
2690.2, -4, -31
2690.3, -4, -31
2690.4, -4, -31
2690.5, -4, -30
2690.6, -4, -30
2690.7, -4, -30
2690.8, -4, -30
2690.9, -4, -31
2691, -4, -31
2691.1, -4, -30
2691.2, -4, -30
2691.3, -4, -30
2691.4, -4, -30
2691.5, -4, -30
2691.6, -4, -30
2691.7, -4, -30
2691.8, -4, -30
2691.9, -5, -30
2692, -5, -30
2692.1, -5, -30
2692.2, -5, -30
2692.3, -5, -30
2692.4, -5, -30
2692.5, -5, -30
2692.6, -5, -30
2692.7, -5, -30
2692.8, -5, -30
2692.9, -5, -30
2693, -5, -30
2693.1, -5, -30
2693.2, -5, -30
2693.3, -5, -30
2693.4, -5, -30
2693.5, -5, -30
2693.6, -5, -30
2693.7, -5, -30
2693.8, -5, -30
2693.9, -5, -30
2694, -5, -30
2694.1, -5, -30
2694.2, -5, -30
2694.3, -5, -30
2694.4, -5, -30
2694.5, -5, -30
2694.6, -5, -30
2694.7, -5, -30
2694.8, -5, -30
2694.9, -4, -30
2695, -4, -30
2695.1, -4, -30
2695.2, -4, -30
2695.3, -4, -30
2695.4, -4, -30
2695.5, -4, -30
2695.6, -4, -30
2695.7, -4, -30
2695.8, -4, -30
2695.9, -4, -30
2696, -4, -30
2696.1, -4, -30
2696.2, -4, -30
2696.3, -4, -30
2696.4, -4, -30
2696.5, -4, -30
2696.6, -4, -30
2696.7, -4, -31
2696.8, -4, -31
2696.9, -4, -31
2697, -4, -31
2697.1, -4, -31
2697.2, -4, -31
2697.3, -4, -31
2697.4, -4, -31
2697.5, -4, -31
2697.6, -4, -31
2697.7, -4, -31
2697.8, -4, -31
2697.9, -4, -31
2698, -4, -31
2698.1, -4, -31
2698.2, -4, -31
2698.3, -4, -31
2698.4, -4, -31
2698.5, -4, -31
2698.6, -4, -31
2698.7, -4, -31
2698.8, -4, -31
2698.9, -4, -31
2699, -4, -31
2699.1, -4, -31
2699.2, -4, -31
2699.3, -4, -31
2699.4, -4, -31
2699.5, -4, -31
2699.6, -4, -31
2699.7, -4, -31
2699.8, -4, -31
2699.9, -4, -31
2700, -4, -31
2700.1, -4, -31
2700.2, -4, -31
2700.3, -3, -31
2700.4, -3, -31
2700.5, -3, -31
2700.6, -3, -31
2700.7, -3, -31
2700.8, -3, -31
2700.9, -3, -31
2701, -3, -31
2701.1, -3, -32
2701.2, -3, -32
2701.3, -2, -32
2701.4, -2, -32
2701.5, -2, -32
2701.6, -2, -32
2701.7, -2, -32
2701.8, -2, -32
2701.9, -2, -32
2702, -2, -32
2702.1, -2, -32
2702.2, -2, -32
2702.3, -2, -32
2702.4, -2, -32
2702.5, -2, -32
2702.6, -2, -32
2702.7, -2, -32
2702.8, -2, -32
2702.9, -2, -32
2703, -2, -32
2703.1, -2, -32
2703.2, -2, -32
2703.3, -2, -32
2703.4, -2, -32
2703.5, -2, -32
2703.6, -2, -32
2703.7, -2, -32
2703.8, -2, -32
2703.9, -2, -32
2704, -2, -32
2704.1, -2, -32
2704.2, -2, -32
2704.3, -2, -32
2704.4, -2, -32
2704.5, -2, -32
2704.6, -2, -32
2704.7, -2, -32
2704.8, -2, -32
2704.9, -2, -32
2705, -2, -32
2705.1, -2, -32
2705.2, -2, -32
2705.3, -2, -32
2705.4, -2, -32
2705.5, -2, -32
2705.6, -2, -32
2705.7, -2, -32
2705.8, -2, -32
2705.9, -2, -32
2706, -2, -32
2706.1, -2, -32
2706.2, -2, -32
2706.3, -2, -32
2706.4, -2, -32
2706.5, -2, -32
2706.6, -2, -32
2706.7, -2, -32
2706.8, -2, -32
2706.9, -2, -32
2707, -2, -32
2707.1, -2, -32
2707.2, -2, -32
2707.3, -2, -32
2707.4, -2, -32
2707.5, -2, -32
2707.6, -2, -32
2707.7, -2, -32
2707.8, -2, -32
2707.9, -2, -32
2708, -2, -32
2708.1, -2, -32
2708.2, -2, -32
2708.3, -2, -32
2708.4, -2, -32
2708.5, -2, -31
2708.6, -2, -31
2708.7, -2, -31
2708.8, -2, -31
2708.9, -2, -31
2709, -2, -31
2709.1, -2, -31
2709.2, -2, -31
2709.3, -2, -31
2709.4, -2, -31
2709.5, -2, -31
2709.6, -2, -31
2709.7, -1, -31
2709.8, -1, -31
2709.9, -1, -31
2710, -1, -31
2710.1, -1, -31
2710.2, -1, -31
2710.3, -1, -30
2710.4, -1, -30
2710.5, -1, -30
2710.6, -1, -30
2710.7, -1, -29
2710.8, -1, -29
2710.9, -1, -29
2711, -1, -29
2711.1, -1, -29
2711.2, -1, -29
2711.3, -1, -29
2711.4, -1, -29
2711.5, -1, -29
2711.6, -1, -29
2711.7, -1, -29
2711.8, -1, -29
2711.9, -1, -29
2712, -1, -29
2712.1, -1, -29
2712.2, -1, -29
2712.3, -1, -29
2712.4, -1, -29
2712.5, -1, -29
2712.6, -1, -29
2712.7, -1, -29
2712.8, -1, -29
2712.9, -1, -29
2713, -1, -29
2713.1, -1, -29
2713.2, -1, -29
2713.3, -1, -29
2713.4, -1, -29
2713.5, -2, -29
2713.6, -2, -29
2713.7, -2, -29
2713.8, -2, -29
2713.9, -2, -29
2714, -2, -29
2714.1, -2, -29
2714.2, -2, -29
2714.3, -2, -30
2714.4, -2, -30
2714.5, -2, -30
2714.6, -2, -30
2714.7, -2, -30
2714.8, -2, -30
2714.9, -2, -30
2715, -2, -30
2715.1, -2, -29
2715.2, -2, -29
2715.3, -2, -29
2715.4, -2, -29
2715.5, -2, -29
2715.6, -2, -29
2715.7, -2, -29
2715.8, -2, -29
2715.9, -2, -29
2716, -2, -29
2716.1, -2, -29
2716.2, -2, -29
2716.3, -2, -29
2716.4, -2, -29
2716.5, -2, -29
2716.6, -2, -29
2716.7, -2, -29
2716.8, -2, -29
2716.9, -2, -29
2717, -2, -29
2717.1, -2, -29
2717.2, -2, -29
2717.3, -2, -29
2717.4, -2, -29
2717.5, -2, -29
2717.6, -2, -29
2717.7, -2, -29
2717.8, -2, -29
2717.9, -2, -29
2718, -2, -29
2718.1, -2, -29
2718.2, -2, -29
2718.3, -2, -29
2718.4, -2, -29
2718.5, -2, -29
2718.6, -2, -29
2718.7, -2, -29
2718.8, -2, -29
2718.9, -2, -29
2719, -2, -29
2719.1, -2, -29
2719.2, -2, -29
2719.3, -2, -29
2719.4, -2, -29
2719.5, -2, -29
2719.6, -2, -29
2719.7, -2, -29
2719.8, -2, -29
2719.9, -2, -29
2720, -2, -29
2720.1, -2, -29
2720.2, -2, -29
2720.3, -2, -29
2720.4, -2, -29
2720.5, -2, -29
2720.6, -2, -29
2720.7, -2, -29
2720.8, -2, -29
2720.9, -2, -29
2721, -2, -29
2721.1, -2, -29
2721.2, -2, -29
2721.3, -2, -29
2721.4, -2, -29
2721.5, -2, -29
2721.6, -2, -29
2721.7, -2, -29
2721.8, -2, -29
2721.9, -2, -29
2722, -2, -29
2722.1, -2, -29
2722.2, -2, -29
2722.3, -2, -29
2722.4, -2, -29
2722.5, -2, -29
2722.6, -2, -29
2722.7, -2, -29
2722.8, -2, -29
2722.9, -2, -29
2723, -2, -29
2723.1, -2, -29
2723.2, -2, -29
2723.3, -1, -29
2723.4, -1, -29
2723.5, -1, -29
2723.6, -1, -29
2723.7, -1, -29
2723.8, -1, -29
2723.9, -1, -29
2724, -1, -29
2724.1, -1, -29
2724.2, -1, -29
2724.3, -1, -29
2724.4, -1, -29
2724.5, -1, -29
2724.6, -1, -29
2724.7, -1, -29
2724.8, -1, -29
2724.9, -1, -29
2725, -1, -29
2725.1, -1, -29
2725.2, -1, -29
2725.3, -1, -29
2725.4, -1, -29
2725.5, -1, -29
2725.6, -1, -29
2725.7, -1, -29
2725.8, -1, -29
2725.9, -1, -29
2726, -1, -29
2726.1, -1, -29
2726.2, -1, -29
2726.3, -1, -29
2726.4, -1, -29
2726.5, -1, -29
2726.6, -1, -29
2726.7, -1, -30
2726.8, -1, -30
2726.9, -1, -30
2727, -1, -30
2727.1, -1, -30
2727.2, -1, -30
2727.3, -1, -30
2727.4, -1, -30
2727.5, -2, -30
2727.6, -2, -30
2727.7, -3, -30
2727.8, -3, -30
2727.9, -3, -31
2728, -3, -31
2728.1, -3, -31
2728.2, -3, -31
2728.3, -3, -31
2728.4, -3, -31
2728.5, -3, -31
2728.6, -3, -31
2728.7, -3, -31
2728.8, -3, -31
2728.9, -3, -31
2729, -3, -31
2729.1, -3, -31
2729.2, -3, -31
2729.3, -3, -31
2729.4, -3, -31
2729.5, -3, -31
2729.6, -3, -31
2729.7, -3, -31
2729.8, -3, -31
2729.9, -3, -31
2730, -3, -31
2730.1, -3, -31
2730.2, -3, -31
2730.3, -3, -31
2730.4, -3, -31
2730.5, -3, -31
2730.6, -3, -31
2730.7, -3, -31
2730.8, -3, -31
2730.9, -3, -31
2731, -3, -31
2731.1, -3, -31
2731.2, -3, -31
2731.3, -3, -30
2731.4, -3, -30
2731.5, -4, -30
2731.6, -4, -30
2731.7, -4, -30
2731.8, -4, -30
2731.9, -4, -30
2732, -4, -30
2732.1, -4, -30
2732.2, -4, -30
2732.3, -4, -30
2732.4, -4, -30
2732.5, -4, -30
2732.6, -4, -30
2732.7, -3, -30
2732.8, -3, -30
2732.9, -3, -30
2733, -3, -30
2733.1, -3, -30
2733.2, -3, -30
2733.3, -3, -30
2733.4, -3, -30
2733.5, -3, -30
2733.6, -3, -30
2733.7, -3, -30
2733.8, -3, -30
2733.9, -3, -30
2734, -3, -30
2734.1, -3, -30
2734.2, -3, -30
2734.3, -3, -30
2734.4, -3, -30
2734.5, -3, -30
2734.6, -3, -30
2734.7, -3, -30
2734.8, -3, -30
2734.9, -3, -30
2735, -3, -30
2735.1, -3, -30
2735.2, -3, -30
2735.3, -3, -30
2735.4, -3, -30
2735.5, -3, -30
2735.6, -3, -30
2735.7, -3, -30
2735.8, -3, -30
2735.9, -3, -30
2736, -3, -30
2736.1, -3, -30
2736.2, -3, -30
2736.3, -3, -30
2736.4, -3, -30
2736.5, -3, -30
2736.6, -3, -30
2736.7, -3, -30
2736.8, -3, -30
2736.9, -3, -30
2737, -3, -30
2737.1, -3, -30
2737.2, -3, -30
2737.3, -3, -30
2737.4, -3, -30
2737.5, -3, -30
2737.6, -3, -30
2737.7, -3, -30
2737.8, -3, -30
2737.9, -3, -30
2738, -3, -30
2738.1, -3, -30
2738.2, -3, -30
2738.3, -3, -30
2738.4, -3, -30
2738.5, -3, -30
2738.6, -3, -30
2738.7, -3, -30
2738.8, -3, -30
2738.9, -3, -30
2739, -3, -30
2739.1, -3, -30
2739.2, -3, -30
2739.3, -3, -30
2739.4, -3, -30
2739.5, -3, -30
2739.6, -3, -30
2739.7, -3, -30
2739.8, -3, -30
2739.9, -3, -30
2740, -3, -30
2740.1, -3, -30
2740.2, -3, -30
2740.3, -3, -30
2740.4, -3, -30
2740.5, -3, -31
2740.6, -3, -31
2740.7, -3, -31
2740.8, -3, -31
2740.9, -3, -31
2741, -3, -31
2741.1, -3, -31
2741.2, -3, -31
2741.3, -4, -31
2741.4, -4, -31
2741.5, -4, -31
2741.6, -4, -31
2741.7, -4, -31
2741.8, -4, -31
2741.9, -5, -31
2742, -5, -31
2742.1, -5, -31
2742.2, -5, -31
2742.3, -5, -31
2742.4, -5, -31
2742.5, -5, -31
2742.6, -5, -31
2742.7, -5, -31
2742.8, -5, -31
2742.9, -5, -31
2743, -5, -31
2743.1, -5, -31
2743.2, -5, -31
2743.3, -5, -31
2743.4, -5, -31
2743.5, -5, -31
2743.6, -5, -31
2743.7, -5, -31
2743.8, -5, -31
2743.9, -5, -31
2744, -5, -31
2744.1, -5, -30
2744.2, -5, -30
2744.3, -5, -30
2744.4, -5, -30
2744.5, -5, -30
2744.6, -5, -30
2744.7, -5, -30
2744.8, -5, -30
2744.9, -5, -30
2745, -5, -30
2745.1, -5, -30
2745.2, -5, -30
2745.3, -5, -30
2745.4, -5, -30
2745.5, -5, -30
2745.6, -5, -30
2745.7, -5, -30
2745.8, -5, -30
2745.9, -5, -29
2746, -5, -29
2746.1, -5, -29
2746.2, -5, -29
2746.3, -5, -29
2746.4, -5, -29
2746.5, -5, -29
2746.6, -5, -29
2746.7, -5, -29
2746.8, -5, -29
2746.9, -5, -29
2747, -5, -29
2747.1, -5, -29
2747.2, -5, -29
2747.3, -5, -29
2747.4, -5, -29
2747.5, -5, -29
2747.6, -5, -29
2747.7, -5, -29
2747.8, -5, -29
2747.9, -5, -28
2748, -5, -28
2748.1, -5, -28
2748.2, -5, -28
2748.3, -5, -28
2748.4, -5, -28
2748.5, -5, -28
2748.6, -5, -28
2748.7, -5, -29
2748.8, -5, -29
2748.9, -5, -29
2749, -5, -29
2749.1, -5, -29
2749.2, -5, -29
2749.3, -5, -29
2749.4, -5, -29
2749.5, -5, -28
2749.6, -5, -28
2749.7, -5, -27
2749.8, -5, -27
2749.9, -5, -27
2750, -5, -27
2750.1, -5, -27
2750.2, -5, -27
2750.3, -5, -27
2750.4, -5, -27
2750.5, -5, -27
2750.6, -5, -27
2750.7, -5, -27
2750.8, -5, -27
2750.9, -5, -27
2751, -5, -27
2751.1, -5, -27
2751.2, -5, -27
2751.3, -5, -27
2751.4, -5, -27
2751.5, -4, -27
2751.6, -4, -27
2751.7, -4, -27
2751.8, -4, -27
2751.9, -4, -27
2752, -4, -27
2752.1, -4, -27
2752.2, -4, -27
2752.3, -4, -26
2752.4, -4, -26
2752.5, -4, -26
2752.6, -4, -26
2752.7, -4, -26
2752.8, -4, -26
2752.9, -4, -26
2753, -4, -26
2753.1, -4, -26
2753.2, -4, -26
2753.3, -4, -26
2753.4, -4, -26
2753.5, -4, -26
2753.6, -4, -26
2753.7, -4, -26
2753.8, -4, -26
2753.9, -4, -26
2754, -4, -26
2754.1, -4, -26
2754.2, -4, -26
2754.3, -4, -26
2754.4, -4, -26
2754.5, -4, -26
2754.6, -4, -26
2754.7, -4, -26
2754.8, -4, -26
2754.9, -4, -26
2755, -4, -26
2755.1, -4, -26
2755.2, -4, -26
2755.3, -4, -26
2755.4, -4, -26
2755.5, -4, -26
2755.6, -4, -26
2755.7, -4, -26
2755.8, -4, -26
2755.9, -4, -26
2756, -4, -26
2756.1, -4, -25
2756.2, -4, -25
2756.3, -4, -24
2756.4, -4, -24
2756.5, -4, -24
2756.6, -4, -24
2756.7, -4, -24
2756.8, -4, -24
2756.9, -4, -24
2757, -4, -24
2757.1, -4, -24
2757.2, -4, -24
2757.3, -4, -24
2757.4, -4, -24
2757.5, -4, -24
2757.6, -4, -24
2757.7, -4, -24
2757.8, -4, -24
2757.9, -4, -24
2758, -4, -24
2758.1, -4, -24
2758.2, -4, -24
2758.3, -4, -24
2758.4, -4, -24
2758.5, -4, -24
2758.6, -4, -24
2758.7, -4, -24
2758.8, -4, -24
2758.9, -4, -24
2759, -4, -24
2759.1, -4, -24
2759.2, -4, -24
2759.3, -4, -24
2759.4, -4, -24
2759.5, -4, -24
2759.6, -4, -24
2759.7, -4, -24
2759.8, -4, -24
2759.9, -4, -24
2760, -4, -24
2760.1, -4, -24
2760.2, -4, -24
2760.3, -4, -24
2760.4, -4, -24
2760.5, -4, -24
2760.6, -4, -24
2760.7, -4, -24
2760.8, -4, -24
2760.9, -4, -24
2761, -4, -24
2761.1, -5, -24
2761.2, -5, -24
2761.3, -5, -24
2761.4, -5, -24
2761.5, -5, -24
2761.6, -5, -24
2761.7, -5, -24
2761.8, -5, -24
2761.9, -5, -24
2762, -5, -24
2762.1, -5, -24
2762.2, -5, -24
2762.3, -5, -24
2762.4, -5, -24
2762.5, -5, -24
2762.6, -5, -24
2762.7, -5, -24
2762.8, -5, -24
2762.9, -5, -24
2763, -5, -24
2763.1, -5, -24
2763.2, -5, -24
2763.3, -5, -24
2763.4, -5, -24
2763.5, -5, -24
2763.6, -5, -24
2763.7, -5, -24
2763.8, -5, -24
2763.9, -5, -24
2764, -5, -24
2764.1, -5, -24
2764.2, -5, -24
2764.3, -5, -24
2764.4, -5, -24
2764.5, -5, -24
2764.6, -5, -24
2764.7, -5, -24
2764.8, -5, -24
2764.9, -5, -24
2765, -5, -24
2765.1, -5, -24
2765.2, -5, -24
2765.3, -5, -24
2765.4, -5, -24
2765.5, -5, -24
2765.6, -5, -24
2765.7, -5, -24
2765.8, -5, -24
2765.9, -5, -24
2766, -5, -24
2766.1, -5, -24
2766.2, -5, -24
2766.3, -5, -24
2766.4, -5, -24
2766.5, -5, -24
2766.6, -5, -24
2766.7, -5, -24
2766.8, -5, -24
2766.9, -5, -24
2767, -5, -24
2767.1, -5, -24
2767.2, -5, -24
2767.3, -5, -24
2767.4, -5, -24
2767.5, -5, -24
2767.6, -5, -24
2767.7, -5, -24
2767.8, -5, -24
2767.9, -5, -24
2768, -5, -24
2768.1, -5, -24
2768.2, -5, -24
2768.3, -5, -24
2768.4, -5, -24
2768.5, -5, -24
2768.6, -5, -24
2768.7, -5, -24
2768.8, -5, -24
2768.9, -6, -24
2769, -6, -24
2769.1, -6, -24
2769.2, -6, -24
2769.3, -6, -24
2769.4, -6, -24
2769.5, -6, -24
2769.6, -6, -24
2769.7, -7, -24
2769.8, -7, -24
2769.9, -7, -24
2770, -7, -24
2770.1, -7, -24
2770.2, -7, -24
2770.3, -7, -24
2770.4, -7, -24
2770.5, -7, -24
2770.6, -7, -24
2770.7, -7, -24
2770.8, -7, -24
2770.9, -7, -24
2771, -7, -24
2771.1, -7, -24
2771.2, -7, -24
2771.3, -7, -24
2771.4, -7, -24
2771.5, -7, -24
2771.6, -7, -24
2771.7, -7, -24
2771.8, -7, -24
2771.9, -7, -24
2772, -7, -24
2772.1, -7, -24
2772.2, -7, -24
2772.3, -7, -24
2772.4, -7, -24
2772.5, -7, -24
2772.6, -7, -24
2772.7, -7, -24
2772.8, -7, -24
2772.9, -7, -24
2773, -7, -24
2773.1, -7, -24
2773.2, -7, -24
2773.3, -7, -24
2773.4, -7, -24
2773.5, -7, -24
2773.6, -7, -24
2773.7, -7, -24
2773.8, -7, -24
2773.9, -7, -24
2774, -7, -24
2774.1, -7, -24
2774.2, -7, -24
2774.3, -7, -24
2774.4, -7, -24
2774.5, -7, -24
2774.6, -7, -24
2774.7, -7, -24
2774.8, -7, -24
2774.9, -7, -24
2775, -7, -24
2775.1, -7, -24
2775.2, -7, -24
2775.3, -7, -24
2775.4, -7, -24
2775.5, -7, -24
2775.6, -7, -24
2775.7, -7, -24
2775.8, -7, -24
2775.9, -7, -24
2776, -7, -24
2776.1, -7, -24
2776.2, -7, -24
2776.3, -7, -24
2776.4, -7, -24
2776.5, -7, -24
2776.6, -7, -24
2776.7, -7, -24
2776.8, -7, -24
2776.9, -7, -24
2777, -7, -24
2777.1, -7, -24
2777.2, -7, -24
2777.3, -7, -24
2777.4, -7, -24
2777.5, -7, -24
2777.6, -7, -24
2777.7, -7, -24
2777.8, -7, -24
2777.9, -7, -24
2778, -7, -24
2778.1, -7, -24
2778.2, -7, -24
2778.3, -7, -24
2778.4, -7, -24
2778.5, -7, -24
2778.6, -7, -24
2778.7, -7, -24
2778.8, -7, -24
2778.9, -7, -24
2779, -7, -24
2779.1, -8, -24
2779.2, -8, -24
2779.3, -8, -24
2779.4, -8, -24
2779.5, -8, -24
2779.6, -8, -24
2779.7, -8, -24
2779.8, -8, -24
2779.9, -8, -24
2780, -8, -24
2780.1, -8, -24
2780.2, -8, -24
2780.3, -8, -24
2780.4, -8, -24
2780.5, -8, -24
2780.6, -8, -24
2780.7, -7, -24
2780.8, -7, -24
2780.9, -7, -24
2781, -7, -24
2781.1, -7, -24
2781.2, -7, -24
2781.3, -7, -24
2781.4, -7, -24
2781.5, -6, -24
2781.6, -6, -24
2781.7, -6, -24
2781.8, -6, -24
2781.9, -6, -24
2782, -6, -24
2782.1, -6, -24
2782.2, -6, -24
2782.3, -6, -24
2782.4, -6, -24
2782.5, -6, -24
2782.6, -6, -24
2782.7, -6, -24
2782.8, -6, -24
2782.9, -7, -24
2783, -7, -24
2783.1, -7, -24
2783.2, -7, -24
2783.3, -8, -24
2783.4, -8, -24
2783.5, -8, -24
2783.6, -8, -24
2783.7, -8, -24
2783.8, -8, -24
2783.9, -8, -24
2784, -8, -24
2784.1, -8, -24
2784.2, -8, -24
2784.3, -8, -24
2784.4, -8, -24
2784.5, -8, -24
2784.6, -8, -24
2784.7, -9, -24
2784.8, -9, -24
2784.9, -9, -24
2785, -9, -24
2785.1, -9, -24
2785.2, -9, -24
2785.3, -9, -24
2785.4, -9, -24
2785.5, -9, -24
2785.6, -9, -24
2785.7, -9, -24
2785.8, -9, -24
2785.9, -9, -23
2786, -9, -23
2786.1, -9, -23
2786.2, -9, -23
2786.3, -9, -23
2786.4, -9, -23
2786.5, -8, -23
2786.6, -8, -23
2786.7, -8, -23
2786.8, -8, -23
2786.9, -8, -23
2787, -8, -23
2787.1, -8, -23
2787.2, -8, -23
2787.3, -8, -23
2787.4, -8, -23
2787.5, -8, -23
2787.6, -8, -23
2787.7, -8, -23
2787.8, -8, -23
2787.9, -8, -23
2788, -8, -23
2788.1, -8, -23
2788.2, -8, -23
2788.3, -8, -23
2788.4, -8, -23
2788.5, -8, -23
2788.6, -8, -23
2788.7, -8, -23
2788.8, -8, -23
2788.9, -8, -23
2789, -8, -23
2789.1, -8, -23
2789.2, -8, -23
2789.3, -7, -23
2789.4, -7, -23
2789.5, -7, -23
2789.6, -7, -23
2789.7, -7, -23
2789.8, -7, -23
2789.9, -7, -23
2790, -7, -23
2790.1, -7, -23
2790.2, -7, -23
2790.3, -7, -23
2790.4, -7, -23
2790.5, -8, -23
2790.6, -8, -23
2790.7, -8, -23
2790.8, -8, -23
2790.9, -8, -23
2791, -8, -23
2791.1, -8, -23
2791.2, -8, -23
2791.3, -8, -23
2791.4, -8, -23
2791.5, -8, -23
2791.6, -8, -23
2791.7, -8, -23
2791.8, -8, -23
2791.9, -8, -23
2792, -8, -23
2792.1, -8, -23
2792.2, -8, -23
2792.3, -8, -23
2792.4, -8, -23
2792.5, -8, -23
2792.6, -8, -23
2792.7, -8, -23
2792.8, -8, -23
2792.9, -8, -24
2793, -8, -24
2793.1, -8, -24
2793.2, -8, -24
2793.3, -8, -24
2793.4, -8, -24
2793.5, -8, -24
2793.6, -8, -24
2793.7, -8, -24
2793.8, -8, -24
2793.9, -8, -24
2794, -8, -24
2794.1, -8, -25
2794.2, -8, -25
2794.3, -8, -25
2794.4, -8, -25
2794.5, -8, -25
2794.6, -8, -25
2794.7, -8, -26
2794.8, -8, -26
2794.9, -8, -26
2795, -8, -26
2795.1, -8, -26
2795.2, -8, -26
2795.3, -8, -26
2795.4, -8, -26
2795.5, -8, -26
2795.6, -8, -26
2795.7, -8, -26
2795.8, -8, -26
2795.9, -8, -26
2796, -8, -26
2796.1, -8, -26
2796.2, -8, -26
2796.3, -8, -26
2796.4, -8, -26
2796.5, -8, -26
2796.6, -8, -26
2796.7, -8, -26
2796.8, -8, -26
2796.9, -8, -26
2797, -8, -26
2797.1, -8, -26
2797.2, -8, -26
2797.3, -8, -26
2797.4, -8, -26
2797.5, -8, -26
2797.6, -8, -26
2797.7, -8, -26
2797.8, -8, -26
2797.9, -8, -26
2798, -8, -26
2798.1, -8, -26
2798.2, -8, -26
2798.3, -8, -26
2798.4, -8, -26
2798.5, -8, -26
2798.6, -8, -26
2798.7, -8, -26
2798.8, -8, -26
2798.9, -8, -26
2799, -8, -26
2799.1, -8, -26
2799.2, -8, -26
2799.3, -8, -26
2799.4, -8, -26
2799.5, -8, -26
2799.6, -8, -26
2799.7, -8, -26
2799.8, -8, -26
2799.9, -8, -26
2800, -8, -26
2800.1, -8, -26
2800.2, -8, -26
2800.3, -8, -26
2800.4, -8, -26
2800.5, -8, -26
2800.6, -8, -26
2800.7, -8, -26
2800.8, -8, -26
2800.9, -8, -26
2801, -8, -26
2801.1, -8, -26
2801.2, -8, -26
2801.3, -8, -26
2801.4, -8, -26
2801.5, -9, -26
2801.6, -9, -26
2801.7, -9, -26
2801.8, -9, -26
2801.9, -9, -26
2802, -9, -26
2802.1, -9, -26
2802.2, -9, -26
2802.3, -9, -26
2802.4, -9, -26
2802.5, -9, -26
2802.6, -9, -26
2802.7, -9, -26
2802.8, -9, -26
2802.9, -9, -26
2803, -9, -26
2803.1, -9, -26
2803.2, -9, -26
2803.3, -9, -26
2803.4, -9, -26
2803.5, -9, -26
2803.6, -9, -26
2803.7, -9, -27
2803.8, -9, -27
2803.9, -9, -27
2804, -9, -27
2804.1, -9, -27
2804.2, -9, -27
2804.3, -8, -27
2804.4, -8, -27
2804.5, -8, -27
2804.6, -8, -27
2804.7, -8, -27
2804.8, -8, -27
2804.9, -8, -27
2805, -8, -27
2805.1, -8, -27
2805.2, -8, -27
2805.3, -8, -27
2805.4, -8, -27
2805.5, -8, -27
2805.6, -8, -27
2805.7, -8, -27
2805.8, -8, -27
2805.9, -8, -27
2806, -8, -27
2806.1, -8, -27
2806.2, -8, -27
2806.3, -8, -27
2806.4, -8, -27
2806.5, -8, -27
2806.6, -8, -27
2806.7, -8, -27
2806.8, -8, -27
2806.9, -8, -27
2807, -8, -27
2807.1, -8, -27
2807.2, -8, -27
2807.3, -8, -27
2807.4, -8, -27
2807.5, -8, -27
2807.6, -8, -27
2807.7, -8, -27
2807.8, -8, -27
2807.9, -8, -27
2808, -8, -27
2808.1, -8, -26
2808.2, -8, -26
2808.3, -8, -26
2808.4, -8, -26
2808.5, -8, -26
2808.6, -8, -26
2808.7, -8, -26
2808.8, -8, -26
2808.9, -8, -26
2809, -8, -26
2809.1, -8, -26
2809.2, -8, -26
2809.3, -8, -26
2809.4, -8, -26
2809.5, -8, -25
2809.6, -8, -25
2809.7, -8, -25
2809.8, -8, -25
2809.9, -8, -25
2810, -8, -25
2810.1, -8, -25
2810.2, -8, -25
2810.3, -8, -25
2810.4, -8, -25
2810.5, -8, -25
2810.6, -8, -25
2810.7, -8, -25
2810.8, -8, -25
2810.9, -8, -25
2811, -8, -25
2811.1, -8, -25
2811.2, -8, -25
2811.3, -8, -25
2811.4, -8, -25
2811.5, -8, -25
2811.6, -8, -25
2811.7, -8, -25
2811.8, -8, -25
2811.9, -8, -25
2812, -8, -25
2812.1, -8, -25
2812.2, -8, -25
2812.3, -8, -25
2812.4, -8, -25
2812.5, -8, -25
2812.6, -8, -25
2812.7, -8, -25
2812.8, -8, -25
2812.9, -8, -25
2813, -8, -25
2813.1, -8, -25
2813.2, -8, -25
2813.3, -8, -25
2813.4, -8, -25
2813.5, -8, -25
2813.6, -8, -25
2813.7, -8, -25
2813.8, -8, -25
2813.9, -8, -25
2814, -8, -25
2814.1, -8, -25
2814.2, -8, -25
2814.3, -8, -25
2814.4, -8, -25
2814.5, -8, -25
2814.6, -8, -25
2814.7, -8, -25
2814.8, -8, -25
2814.9, -8, -24
2815, -8, -24
2815.1, -8, -24
2815.2, -8, -24
2815.3, -8, -24
2815.4, -8, -24
2815.5, -8, -24
2815.6, -8, -24
2815.7, -8, -24
2815.8, -8, -24
2815.9, -8, -24
2816, -8, -24
2816.1, -8, -24
2816.2, -8, -24
2816.3, -8, -24
2816.4, -8, -24
2816.5, -8, -24
2816.6, -8, -24
2816.7, -8, -23
2816.8, -8, -23
2816.9, -8, -23
2817, -8, -23
2817.1, -8, -23
2817.2, -8, -23
2817.3, -8, -23
2817.4, -8, -23
2817.5, -9, -23
2817.6, -9, -23
2817.7, -9, -23
2817.8, -9, -23
2817.9, -9, -23
2818, -9, -23
2818.1, -9, -23
2818.2, -9, -23
2818.3, -9, -23
2818.4, -9, -23
2818.5, -9, -23
2818.6, -9, -23
2818.7, -9, -23
2818.8, -9, -23
2818.9, -9, -23
2819, -9, -23
2819.1, -9, -23
2819.2, -9, -23
2819.3, -9, -23
2819.4, -9, -23
2819.5, -9, -23
2819.6, -9, -23
2819.7, -9, -23
2819.8, -9, -23
2819.9, -9, -23
2820, -9, -23
2820.1, -9, -23
2820.2, -9, -23
2820.3, -9, -23
2820.4, -9, -23
2820.5, -9, -23
2820.6, -9, -23
2820.7, -9, -23
2820.8, -9, -23
2820.9, -9, -23
2821, -9, -23
2821.1, -9, -23
2821.2, -9, -23
2821.3, -9, -23
2821.4, -9, -23
2821.5, -9, -23
2821.6, -9, -23
2821.7, -9, -23
2821.8, -9, -23
2821.9, -9, -23
2822, -9, -23
2822.1, -9, -22
2822.2, -9, -22
2822.3, -8, -22
2822.4, -8, -22
2822.5, -8, -22
2822.6, -8, -22
2822.7, -8, -22
2822.8, -8, -22
2822.9, -8, -22
2823, -8, -22
2823.1, -8, -22
2823.2, -8, -22
2823.3, -8, -22
2823.4, -8, -22
2823.5, -8, -23
2823.6, -8, -23
2823.7, -8, -23
2823.8, -8, -23
2823.9, -8, -23
2824, -8, -23
2824.1, -8, -23
2824.2, -8, -23
2824.3, -8, -23
2824.4, -8, -23
2824.5, -8, -23
2824.6, -8, -23
2824.7, -8, -23
2824.8, -8, -23
2824.9, -8, -23
2825, -8, -23
2825.1, -8, -23
2825.2, -8, -23
2825.3, -8, -23
2825.4, -8, -23
2825.5, -7, -23
2825.6, -7, -23
2825.7, -7, -23
2825.8, -7, -23
2825.9, -7, -23
2826, -7, -23
2826.1, -7, -23
2826.2, -7, -23
2826.3, -7, -23
2826.4, -7, -23
2826.5, -7, -23
2826.6, -7, -23
2826.7, -8, -23
2826.8, -8, -23
2826.9, -9, -23
2827, -9, -23
2827.1, -9, -23
2827.2, -9, -23
2827.3, -9, -23
2827.4, -9, -23
2827.5, -9, -23
2827.6, -9, -23
2827.7, -9, -23
2827.8, -9, -23
2827.9, -9, -23
2828, -9, -23
2828.1, -9, -23
2828.2, -9, -23
2828.3, -8, -23
2828.4, -8, -23
2828.5, -8, -23
2828.6, -8, -23
2828.7, -8, -23
2828.8, -8, -23
2828.9, -8, -23
2829, -8, -23
2829.1, -8, -23
2829.2, -8, -23
2829.3, -8, -23
2829.4, -8, -23
2829.5, -8, -23
2829.6, -8, -23
2829.7, -8, -23
2829.8, -8, -23
2829.9, -8, -23
2830, -8, -23
2830.1, -8, -23
2830.2, -8, -23
2830.3, -8, -23
2830.4, -8, -23
2830.5, -8, -23
2830.6, -8, -23
2830.7, -8, -23
2830.8, -8, -23
2830.9, -8, -23
2831, -8, -23
2831.1, -8, -23
2831.2, -8, -23
2831.3, -8, -23
2831.4, -8, -23
2831.5, -8, -23
2831.6, -8, -23
2831.7, -8, -23
2831.8, -8, -23
2831.9, -8, -23
2832, -8, -23
2832.1, -8, -23
2832.2, -8, -23
2832.3, -8, -23
2832.4, -8, -23
2832.5, -8, -23
2832.6, -8, -23
2832.7, -8, -23
2832.8, -8, -23
2832.9, -8, -23
2833, -8, -23
2833.1, -8, -23
2833.2, -8, -23
2833.3, -8, -23
2833.4, -8, -23
2833.5, -8, -23
2833.6, -8, -23
2833.7, -8, -23
2833.8, -8, -23
2833.9, -8, -23
2834, -8, -23
2834.1, -8, -23
2834.2, -8, -23
2834.3, -8, -23
2834.4, -8, -23
2834.5, -8, -23
2834.6, -8, -23
2834.7, -9, -23
2834.8, -9, -23
2834.9, -9, -23
2835, -9, -23
2835.1, -9, -23
2835.2, -9, -23
2835.3, -9, -23
2835.4, -9, -23
2835.5, -9, -23
2835.6, -9, -23
2835.7, -9, -23
2835.8, -9, -23
2835.9, -9, -23
2836, -9, -23
2836.1, -9, -23
2836.2, -9, -23
2836.3, -9, -23
2836.4, -9, -23
2836.5, -9, -23
2836.6, -9, -23
2836.7, -9, -23
2836.8, -9, -23
2836.9, -9, -23
2837, -9, -23
2837.1, -9, -23
2837.2, -9, -23
2837.3, -9, -22
2837.4, -9, -22
2837.5, -9, -22
2837.6, -9, -22
2837.7, -9, -21
2837.8, -9, -21
2837.9, -9, -21
2838, -9, -21
2838.1, -9, -21
2838.2, -9, -21
2838.3, -9, -22
2838.4, -9, -22
2838.5, -9, -22
2838.6, -9, -22
2838.7, -9, -22
2838.8, -9, -22
2838.9, -9, -22
2839, -9, -22
2839.1, -9, -22
2839.2, -9, -22
2839.3, -9, -22
2839.4, -9, -22
2839.5, -9, -22
2839.6, -9, -22
2839.7, -9, -22
2839.8, -9, -22
2839.9, -9, -22
2840, -9, -22
2840.1, -10, -22
2840.2, -10, -22
2840.3, -10, -22
2840.4, -10, -22
2840.5, -10, -22
2840.6, -10, -22
2840.7, -10, -22
2840.8, -10, -22
2840.9, -10, -22
2841, -10, -22
2841.1, -10, -22
2841.2, -10, -22
2841.3, -10, -22
2841.4, -10, -22
2841.5, -10, -22
2841.6, -10, -22
2841.7, -10, -22
2841.8, -10, -22
2841.9, -10, -22
2842, -10, -22
2842.1, -10, -22
2842.2, -10, -22
2842.3, -10, -22
2842.4, -10, -22
2842.5, -10, -21
2842.6, -10, -21
2842.7, -10, -21
2842.8, -10, -21
2842.9, -10, -21
2843, -10, -21
2843.1, -10, -21
2843.2, -10, -21
2843.3, -10, -21
2843.4, -10, -21
2843.5, -10, -21
2843.6, -10, -21
2843.7, -10, -21
2843.8, -10, -21
2843.9, -10, -21
2844, -10, -21
2844.1, -10, -21
2844.2, -10, -21
2844.3, -10, -21
2844.4, -10, -21
2844.5, -10, -21
2844.6, -10, -21
2844.7, -10, -21
2844.8, -10, -21
2844.9, -10, -21
2845, -10, -21
2845.1, -10, -21
2845.2, -10, -21
2845.3, -10, -21
2845.4, -10, -21
2845.5, -11, -21
2845.6, -11, -21
2845.7, -11, -21
2845.8, -11, -21
2845.9, -10, -21
2846, -10, -21
2846.1, -10, -21
2846.2, -10, -21
2846.3, -10, -21
2846.4, -10, -21
2846.5, -10, -21
2846.6, -10, -21
2846.7, -10, -21
2846.8, -10, -21
2846.9, -10, -21
2847, -10, -21
2847.1, -10, -21
2847.2, -10, -21
2847.3, -10, -21
2847.4, -10, -21
2847.5, -10, -21
2847.6, -10, -21
2847.7, -10, -21
2847.8, -10, -21
2847.9, -10, -21
2848, -10, -21
2848.1, -10, -21
2848.2, -10, -21
2848.3, -10, -21
2848.4, -10, -21
2848.5, -10, -21
2848.6, -10, -21
2848.7, -10, -21
2848.8, -10, -21
2848.9, -10, -21
2849, -10, -21
2849.1, -10, -21
2849.2, -10, -21
2849.3, -10, -21
2849.4, -10, -21
2849.5, -10, -21
2849.6, -10, -21
2849.7, -10, -21
2849.8, -10, -21
2849.9, -10, -21
2850, -10, -21
2850.1, -10, -21
2850.2, -10, -21
2850.3, -10, -21
2850.4, -10, -21
2850.5, -10, -21
2850.6, -10, -21
2850.7, -10, -21
2850.8, -10, -21
2850.9, -10, -21
2851, -10, -21
2851.1, -10, -21
2851.2, -10, -21
2851.3, -10, -21
2851.4, -10, -21
2851.5, -10, -21
2851.6, -10, -21
2851.7, -10, -21
2851.8, -10, -21
2851.9, -10, -21
2852, -10, -21
2852.1, -10, -21
2852.2, -10, -21
2852.3, -10, -21
2852.4, -10, -21
2852.5, -10, -21
2852.6, -10, -21
2852.7, -10, -21
2852.8, -10, -21
2852.9, -10, -21
2853, -10, -21
2853.1, -10, -21
2853.2, -10, -21
2853.3, -10, -21
2853.4, -10, -21
2853.5, -10, -21
2853.6, -10, -21
2853.7, -10, -21
2853.8, -10, -21
2853.9, -10, -21
2854, -10, -21
2854.1, -10, -21
2854.2, -10, -21
2854.3, -11, -21
2854.4, -11, -21
2854.5, -11, -21
2854.6, -11, -21
2854.7, -11, -21
2854.8, -11, -21
2854.9, -11, -21
2855, -11, -21
2855.1, -11, -21
2855.2, -11, -21
2855.3, -11, -21
2855.4, -11, -21
2855.5, -11, -21
2855.6, -11, -21
2855.7, -11, -21
2855.8, -11, -21
2855.9, -11, -21
2856, -11, -21
2856.1, -11, -21
2856.2, -11, -21
2856.3, -11, -21
2856.4, -11, -21
2856.5, -11, -21
2856.6, -11, -21
2856.7, -11, -21
2856.8, -11, -21
2856.9, -10, -21
2857, -10, -21
2857.1, -10, -21
2857.2, -10, -21
2857.3, -10, -21
2857.4, -10, -21
2857.5, -10, -21
2857.6, -10, -21
2857.7, -10, -22
2857.8, -10, -22
2857.9, -10, -22
2858, -10, -22
2858.1, -10, -22
2858.2, -10, -22
2858.3, -11, -22
2858.4, -11, -22
2858.5, -11, -22
2858.6, -11, -22
2858.7, -11, -22
2858.8, -11, -22
2858.9, -11, -22
2859, -11, -22
2859.1, -11, -22
2859.2, -11, -22
2859.3, -10, -22
2859.4, -10, -22
2859.5, -10, -22
2859.6, -10, -22
2859.7, -10, -22
2859.8, -10, -22
2859.9, -10, -22
2860, -10, -22
2860.1, -10, -22
2860.2, -10, -22
2860.3, -10, -22
2860.4, -10, -22
2860.5, -11, -22
2860.6, -11, -22
2860.7, -11, -22
2860.8, -11, -22
2860.9, -11, -22
2861, -11, -22
2861.1, -11, -22
2861.2, -11, -22
2861.3, -11, -22
2861.4, -11, -22
2861.5, -11, -22
2861.6, -11, -22
2861.7, -11, -22
2861.8, -11, -22
2861.9, -11, -22
2862, -11, -22
2862.1, -11, -22
2862.2, -11, -22
2862.3, -11, -22
2862.4, -11, -22
2862.5, -11, -22
2862.6, -11, -22
2862.7, -11, -22
2862.8, -11, -22
2862.9, -11, -22
2863, -11, -22
2863.1, -11, -22
2863.2, -11, -22
2863.3, -11, -22
2863.4, -11, -22
2863.5, -11, -22
2863.6, -11, -22
2863.7, -11, -22
2863.8, -11, -22
2863.9, -11, -22
2864, -11, -22
2864.1, -11, -22
2864.2, -11, -22
2864.3, -11, -22
2864.4, -11, -22
2864.5, -11, -22
2864.6, -11, -22
2864.7, -11, -22
2864.8, -11, -22
2864.9, -11, -22
2865, -11, -22
2865.1, -11, -22
2865.2, -11, -22
2865.3, -11, -22
2865.4, -11, -22
2865.5, -11, -21
2865.6, -11, -21
2865.7, -11, -21
2865.8, -11, -21
2865.9, -11, -21
2866, -11, -21
2866.1, -11, -21
2866.2, -11, -21
2866.3, -11, -21
2866.4, -11, -21
2866.5, -10, -21
2866.6, -10, -21
2866.7, -10, -21
2866.8, -10, -21
2866.9, -10, -21
2867, -10, -21
2867.1, -10, -22
2867.2, -10, -22
2867.3, -10, -22
2867.4, -10, -22
2867.5, -10, -22
2867.6, -10, -22
2867.7, -10, -22
2867.8, -10, -22
2867.9, -10, -22
2868, -10, -22
2868.1, -10, -22
2868.2, -10, -22
2868.3, -10, -21
2868.4, -10, -21
2868.5, -10, -21
2868.6, -10, -21
2868.7, -10, -21
2868.8, -10, -21
2868.9, -10, -21
2869, -10, -21
2869.1, -10, -21
2869.2, -10, -21
2869.3, -10, -21
2869.4, -10, -21
2869.5, -10, -21
2869.6, -10, -21
2869.7, -9, -21
2869.8, -9, -21
2869.9, -9, -21
2870, -9, -21
2870.1, -9, -20
2870.2, -9, -20
2870.3, -9, -20
2870.4, -9, -20
2870.5, -8, -20
2870.6, -8, -20
2870.7, -9, -20
2870.8, -9, -20
2870.9, -9, -20
2871, -9, -20
2871.1, -9, -20
2871.2, -9, -20
2871.3, -9, -20
2871.4, -9, -20
2871.5, -9, -20
2871.6, -9, -20
2871.7, -9, -20
2871.8, -9, -20
2871.9, -9, -20
2872, -9, -20
2872.1, -9, -20
2872.2, -9, -20
2872.3, -9, -20
2872.4, -9, -20
2872.5, -9, -21
2872.6, -9, -21
2872.7, -9, -21
2872.8, -9, -21
2872.9, -9, -21
2873, -9, -21
2873.1, -9, -21
2873.2, -9, -21
2873.3, -9, -21
2873.4, -9, -21
2873.5, -9, -21
2873.6, -9, -21
2873.7, -9, -21
2873.8, -9, -21
2873.9, -9, -21
2874, -9, -21
2874.1, -9, -21
2874.2, -9, -21
2874.3, -9, -21
2874.4, -9, -21
2874.5, -9, -21
2874.6, -9, -21
2874.7, -9, -21
2874.8, -9, -21
2874.9, -9, -21
2875, -9, -21
2875.1, -9, -21
2875.2, -9, -21
2875.3, -9, -21
2875.4, -9, -21
2875.5, -9, -21
2875.6, -9, -21
2875.7, -9, -21
2875.8, -9, -21
2875.9, -9, -21
2876, -9, -21
2876.1, -9, -21
2876.2, -9, -21
2876.3, -9, -21
2876.4, -9, -21
2876.5, -9, -21
2876.6, -9, -21
2876.7, -9, -21
2876.8, -9, -21
2876.9, -9, -21
2877, -9, -21
2877.1, -9, -21
2877.2, -9, -21
2877.3, -9, -21
2877.4, -9, -21
2877.5, -9, -21
2877.6, -9, -21
2877.7, -9, -21
2877.8, -9, -21
2877.9, -9, -21
2878, -9, -21
2878.1, -10, -21
2878.2, -10, -21
2878.3, -10, -21
2878.4, -10, -21
2878.5, -10, -21
2878.6, -10, -21
2878.7, -10, -21
2878.8, -10, -21
2878.9, -10, -21
2879, -10, -21
2879.1, -10, -22
2879.2, -10, -22
2879.3, -10, -22
2879.4, -10, -22
2879.5, -10, -22
2879.6, -10, -22
2879.7, -10, -22
2879.8, -10, -22
2879.9, -10, -22
2880, -10, -22
2880.1, -10, -22
2880.2, -10, -22
2880.3, -10, -22
2880.4, -10, -22
2880.5, -9, -22
2880.6, -9, -22
2880.7, -9, -22
2880.8, -9, -22
2880.9, -9, -22
2881, -9, -22
2881.1, -9, -22
2881.2, -9, -22
2881.3, -9, -22
2881.4, -9, -22
2881.5, -9, -22
2881.6, -9, -22
2881.7, -9, -22
2881.8, -9, -22
2881.9, -9, -22
2882, -9, -22
2882.1, -9, -22
2882.2, -9, -22
2882.3, -9, -22
2882.4, -9, -22
2882.5, -9, -22
2882.6, -9, -22
2882.7, -9, -22
2882.8, -9, -22
2882.9, -9, -22
2883, -9, -22
2883.1, -9, -22
2883.2, -9, -22
2883.3, -9, -22
2883.4, -9, -22
2883.5, -9, -22
2883.6, -9, -22
2883.7, -8, -22
2883.8, -8, -22
2883.9, -8, -22
2884, -8, -22
2884.1, -8, -22
2884.2, -8, -22
2884.3, -8, -22
2884.4, -8, -22
2884.5, -8, -22
2884.6, -8, -22
2884.7, -8, -22
2884.8, -8, -22
2884.9, -8, -22
2885, -8, -22
2885.1, -8, -22
2885.2, -8, -22
2885.3, -8, -22
2885.4, -8, -22
2885.5, -8, -22
2885.6, -8, -22
2885.7, -8, -22
2885.8, -8, -22
2885.9, -8, -22
2886, -8, -22
2886.1, -8, -22
2886.2, -8, -22
2886.3, -8, -22
2886.4, -8, -22
2886.5, -8, -22
2886.6, -8, -22
2886.7, -8, -22
2886.8, -8, -22
2886.9, -8, -22
2887, -8, -22
2887.1, -8, -22
2887.2, -8, -22
2887.3, -8, -22
2887.4, -8, -22
2887.5, -8, -22
2887.6, -8, -22
2887.7, -8, -22
2887.8, -8, -22
2887.9, -8, -22
2888, -8, -22
2888.1, -8, -22
2888.2, -8, -22
2888.3, -8, -22
2888.4, -8, -22
2888.5, -8, -22
2888.6, -8, -22
2888.7, -9, -22
2888.8, -9, -22
2888.9, -9, -22
2889, -9, -22
2889.1, -9, -22
2889.2, -9, -22
2889.3, -9, -22
2889.4, -9, -22
2889.5, -9, -23
2889.6, -9, -23
2889.7, -9, -23
2889.8, -9, -23
2889.9, -9, -23
2890, -9, -23
2890.1, -9, -22
2890.2, -9, -22
2890.3, -9, -22
2890.4, -9, -22
2890.5, -9, -22
2890.6, -9, -22
2890.7, -9, -22
2890.8, -9, -22
2890.9, -9, -22
2891, -9, -22
2891.1, -9, -22
2891.2, -9, -22
2891.3, -9, -22
2891.4, -9, -22
2891.5, -9, -22
2891.6, -9, -22
2891.7, -9, -22
2891.8, -9, -22
2891.9, -9, -22
2892, -9, -22
2892.1, -9, -22
2892.2, -9, -22
2892.3, -9, -22
2892.4, -9, -22
2892.5, -9, -22
2892.6, -9, -22
2892.7, -9, -22
2892.8, -9, -22
2892.9, -9, -22
2893, -9, -22
2893.1, -9, -21
2893.2, -9, -21
2893.3, -9, -21
2893.4, -9, -21
2893.5, -9, -21
2893.6, -9, -21
2893.7, -9, -21
2893.8, -9, -21
2893.9, -9, -21
2894, -9, -21
2894.1, -9, -21
2894.2, -9, -21
2894.3, -9, -21
2894.4, -9, -21
2894.5, -9, -21
2894.6, -9, -21
2894.7, -9, -21
2894.8, -9, -21
2894.9, -9, -21
2895, -9, -21
2895.1, -9, -21
2895.2, -9, -21
2895.3, -9, -21
2895.4, -9, -21
2895.5, -9, -21
2895.6, -9, -21
2895.7, -10, -21
2895.8, -10, -21
2895.9, -10, -21
2896, -10, -21
2896.1, -10, -21
2896.2, -10, -21
2896.3, -10, -21
2896.4, -10, -21
2896.5, -10, -21
2896.6, -10, -21
2896.7, -10, -21
2896.8, -10, -21
2896.9, -11, -21
2897, -11, -21
2897.1, -11, -21
2897.2, -11, -21
2897.3, -10, -21
2897.4, -10, -21
2897.5, -10, -21
2897.6, -10, -21
2897.7, -9, -21
2897.8, -9, -21
2897.9, -9, -21
2898, -9, -21
2898.1, -9, -21
2898.2, -9, -21
2898.3, -9, -21
2898.4, -9, -21
2898.5, -9, -21
2898.6, -9, -21
2898.7, -9, -21
2898.8, -9, -21
2898.9, -9, -21
2899, -9, -21
2899.1, -9, -21
2899.2, -9, -21
2899.3, -9, -21
2899.4, -9, -21
2899.5, -9, -21
2899.6, -9, -21
2899.7, -9, -21
2899.8, -9, -21
2899.9, -9, -21
2900, -9, -21
2900.1, -10, -21
2900.2, -10, -21
2900.3, -10, -21
2900.4, -10, -21
2900.5, -10, -21
2900.6, -10, -21
2900.7, -10, -21
2900.8, -10, -21
2900.9, -10, -21
2901, -10, -21
2901.1, -10, -21
2901.2, -10, -21
2901.3, -10, -21
2901.4, -10, -21
2901.5, -10, -21
2901.6, -10, -21
2901.7, -10, -21
2901.8, -10, -21
2901.9, -10, -21
2902, -10, -21
2902.1, -10, -21
2902.2, -10, -21
2902.3, -10, -21
2902.4, -10, -21
2902.5, -10, -21
2902.6, -10, -21
2902.7, -10, -21
2902.8, -10, -21
2902.9, -10, -21
2903, -10, -21
2903.1, -10, -21
2903.2, -10, -21
2903.3, -10, -21
2903.4, -10, -21
2903.5, -10, -21
2903.6, -10, -21
2903.7, -10, -21
2903.8, -10, -21
2903.9, -10, -21
2904, -10, -21
2904.1, -10, -21
2904.2, -10, -21
2904.3, -10, -21
2904.4, -10, -21
2904.5, -10, -21
2904.6, -10, -21
2904.7, -10, -21
2904.8, -10, -21
2904.9, -10, -21
2905, -10, -21
2905.1, -10, -21
2905.2, -10, -21
2905.3, -10, -21
2905.4, -10, -21
2905.5, -10, -21
2905.6, -10, -21
2905.7, -10, -21
2905.8, -10, -21
2905.9, -10, -21
2906, -10, -21
2906.1, -10, -21
2906.2, -10, -21
2906.3, -10, -21
2906.4, -10, -21
2906.5, -10, -21
2906.6, -10, -21
2906.7, -10, -21
2906.8, -10, -21
2906.9, -10, -21
2907, -10, -21
2907.1, -10, -21
2907.2, -10, -21
2907.3, -10, -21
2907.4, -10, -21
2907.5, -10, -21
2907.6, -10, -21
2907.7, -10, -21
2907.8, -10, -21
2907.9, -10, -21
2908, -10, -21
2908.1, -10, -21
2908.2, -10, -21
2908.3, -10, -21
2908.4, -10, -21
2908.5, -10, -21
2908.6, -10, -21
2908.7, -10, -21
2908.8, -10, -21
2908.9, -10, -21
2909, -10, -21
2909.1, -10, -21
2909.2, -10, -21
2909.3, -10, -21
2909.4, -10, -21
2909.5, -10, -21
2909.6, -10, -21
2909.7, -10, -21
2909.8, -10, -21
2909.9, -10, -21
2910, -10, -21
2910.1, -10, -21
2910.2, -10, -21
2910.3, -10, -21
2910.4, -10, -21
2910.5, -10, -21
2910.6, -10, -21
2910.7, -10, -21
2910.8, -10, -21
2910.9, -10, -21
2911, -10, -21
2911.1, -10, -21
2911.2, -10, -21
2911.3, -10, -21
2911.4, -10, -21
2911.5, -10, -21
2911.6, -10, -21
2911.7, -10, -21
2911.8, -10, -21
2911.9, -10, -21
2912, -10, -21
2912.1, -10, -21
2912.2, -10, -21
2912.3, -10, -21
2912.4, -10, -21
2912.5, -10, -21
2912.6, -10, -21
2912.7, -10, -21
2912.8, -10, -21
2912.9, -10, -21
2913, -10, -21
2913.1, -10, -21
2913.2, -10, -21
2913.3, -10, -21
2913.4, -10, -21
2913.5, -10, -21
2913.6, -10, -21
2913.7, -10, -21
2913.8, -10, -21
2913.9, -10, -21
2914, -10, -21
2914.1, -10, -21
2914.2, -10, -21
2914.3, -10, -21
2914.4, -10, -21
2914.5, -10, -21
2914.6, -10, -21
2914.7, -10, -21
2914.8, -10, -21
2914.9, -10, -21
2915, -10, -21
2915.1, -10, -21
2915.2, -10, -21
2915.3, -10, -21
2915.4, -10, -21
2915.5, -10, -21
2915.6, -10, -21
2915.7, -10, -21
2915.8, -10, -21
2915.9, -10, -21
2916, -10, -21
2916.1, -10, -21
2916.2, -10, -21
2916.3, -10, -21
2916.4, -10, -21
2916.5, -10, -21
2916.6, -10, -21
2916.7, -10, -21
2916.8, -10, -21
2916.9, -10, -21
2917, -10, -21
2917.1, -10, -21
2917.2, -10, -21
2917.3, -10, -21
2917.4, -10, -21
2917.5, -10, -21
2917.6, -10, -21
2917.7, -10, -21
2917.8, -10, -21
2917.9, -10, -21
2918, -10, -21
2918.1, -10, -21
2918.2, -10, -21
2918.3, -10, -21
2918.4, -10, -21
2918.5, -10, -21
2918.6, -10, -21
2918.7, -10, -21
2918.8, -10, -21
2918.9, -10, -21
2919, -10, -21
2919.1, -10, -21
2919.2, -10, -21
2919.3, -11, -21
2919.4, -11, -21
2919.5, -11, -21
2919.6, -11, -21
2919.7, -11, -21
2919.8, -11, -21
2919.9, -11, -21
2920, -11, -21
2920.1, -11, -21
2920.2, -11, -21
2920.3, -11, -21
2920.4, -11, -21
2920.5, -11, -21
2920.6, -11, -21
2920.7, -11, -21
2920.8, -11, -21
2920.9, -11, -21
2921, -11, -21
2921.1, -11, -21
2921.2, -11, -21
2921.3, -11, -21
2921.4, -11, -21
2921.5, -11, -22
2921.6, -11, -22
2921.7, -11, -22
2921.8, -11, -22
2921.9, -11, -22
2922, -11, -22
2922.1, -11, -22
2922.2, -11, -22
2922.3, -11, -22
2922.4, -11, -22
2922.5, -11, -22
2922.6, -11, -22
2922.7, -11, -22
2922.8, -11, -22
2922.9, -11, -22
2923, -11, -22
2923.1, -11, -22
2923.2, -11, -22
2923.3, -11, -22
2923.4, -11, -22
2923.5, -11, -22
2923.6, -11, -22
2923.7, -11, -21
2923.8, -11, -21
2923.9, -11, -21
2924, -11, -21
2924.1, -11, -21
2924.2, -11, -21
2924.3, -11, -21
2924.4, -11, -21
2924.5, -12, -21
2924.6, -12, -21
2924.7, -13, -21
2924.8, -13, -21
2924.9, -13, -21
2925, -13, -21
2925.1, -13, -21
2925.2, -13, -21
2925.3, -13, -21
2925.4, -13, -21
2925.5, -13, -21
2925.6, -13, -21
2925.7, -13, -21
2925.8, -13, -21
2925.9, -12, -21
2926, -12, -21
2926.1, -12, -21
2926.2, -12, -21
2926.3, -12, -21
2926.4, -12, -21
2926.5, -12, -21
2926.6, -12, -21
2926.7, -12, -21
2926.8, -12, -21
2926.9, -12, -21
2927, -12, -21
2927.1, -12, -21
2927.2, -12, -21
2927.3, -12, -21
2927.4, -12, -21
2927.5, -12, -21
2927.6, -12, -21
2927.7, -12, -22
2927.8, -12, -22
2927.9, -12, -22
2928, -12, -22
2928.1, -12, -22
2928.2, -12, -22
2928.3, -12, -22
2928.4, -12, -22
2928.5, -12, -22
2928.6, -12, -22
2928.7, -12, -22
2928.8, -12, -22
2928.9, -12, -21
2929, -12, -21
2929.1, -12, -21
2929.2, -12, -21
2929.3, -12, -21
2929.4, -12, -21
2929.5, -12, -21
2929.6, -12, -21
2929.7, -12, -21
2929.8, -12, -21
2929.9, -12, -21
2930, -12, -21
2930.1, -12, -21
2930.2, -12, -21
2930.3, -12, -21
2930.4, -12, -21
2930.5, -13, -21
2930.6, -13, -21
2930.7, -13, -21
2930.8, -13, -21
2930.9, -13, -21
2931, -13, -21
2931.1, -13, -21
2931.2, -13, -21
2931.3, -13, -21
2931.4, -13, -21
2931.5, -13, -21
2931.6, -13, -21
2931.7, -13, -21
2931.8, -13, -21
2931.9, -13, -21
2932, -13, -21
2932.1, -13, -21
2932.2, -13, -21
2932.3, -13, -21
2932.4, -13, -21
2932.5, -13, -21
2932.6, -13, -21
2932.7, -13, -21
2932.8, -13, -21
2932.9, -13, -21
2933, -13, -21
2933.1, -13, -21
2933.2, -13, -21
2933.3, -13, -21
2933.4, -13, -21
2933.5, -13, -21
2933.6, -13, -21
2933.7, -13, -21
2933.8, -13, -21
2933.9, -13, -21
2934, -13, -21
2934.1, -13, -21
2934.2, -13, -21
2934.3, -13, -21
2934.4, -13, -21
2934.5, -13, -21
2934.6, -13, -21
2934.7, -13, -21
2934.8, -13, -21
2934.9, -13, -21
2935, -13, -21
2935.1, -13, -21
2935.2, -13, -21
2935.3, -13, -21
2935.4, -13, -21
2935.5, -13, -21
2935.6, -13, -21
2935.7, -13, -21
2935.8, -13, -21
2935.9, -14, -21
2936, -14, -21
2936.1, -14, -21
2936.2, -14, -21
2936.3, -14, -22
2936.4, -14, -22
2936.5, -14, -22
2936.6, -14, -22
2936.7, -14, -22
2936.8, -14, -22
2936.9, -14, -22
2937, -14, -22
2937.1, -14, -22
2937.2, -14, -22
2937.3, -14, -23
2937.4, -14, -23
2937.5, -14, -23
2937.6, -14, -23
2937.7, -14, -23
2937.8, -14, -23
2937.9, -14, -23
2938, -14, -23
2938.1, -14, -23
2938.2, -14, -23
2938.3, -14, -23
2938.4, -14, -23
2938.5, -14, -23
2938.6, -14, -23
2938.7, -14, -23
2938.8, -14, -23
2938.9, -14, -23
2939, -14, -23
2939.1, -14, -23
2939.2, -14, -23
2939.3, -14, -23
2939.4, -14, -23
2939.5, -14, -23
2939.6, -14, -23
2939.7, -14, -23
2939.8, -14, -23
2939.9, -14, -23
2940, -14, -23
2940.1, -14, -23
2940.2, -14, -23
2940.3, -14, -23
2940.4, -14, -23
2940.5, -14, -23
2940.6, -14, -23
2940.7, -14, -22
2940.8, -14, -22
2940.9, -14, -22
2941, -14, -22
2941.1, -14, -22
2941.2, -14, -22
2941.3, -14, -22
2941.4, -14, -22
2941.5, -14, -23
2941.6, -14, -23
2941.7, -14, -23
2941.8, -14, -23
2941.9, -14, -23
2942, -14, -23
2942.1, -14, -23
2942.2, -14, -23
2942.3, -14, -23
2942.4, -14, -23
2942.5, -13, -23
2942.6, -13, -23
2942.7, -13, -23
2942.8, -13, -23
2942.9, -13, -23
2943, -13, -23
2943.1, -13, -23
2943.2, -13, -23
2943.3, -13, -23
2943.4, -13, -23
2943.5, -13, -23
2943.6, -13, -23
2943.7, -13, -23
2943.8, -13, -23
2943.9, -13, -23
2944, -13, -23
2944.1, -13, -23
2944.2, -13, -23
2944.3, -13, -23
2944.4, -13, -23
2944.5, -13, -23
2944.6, -13, -23
2944.7, -13, -23
2944.8, -13, -23
2944.9, -13, -23
2945, -13, -23
2945.1, -13, -23
2945.2, -13, -23
2945.3, -13, -23
2945.4, -13, -23
2945.5, -13, -23
2945.6, -13, -23
2945.7, -13, -23
2945.8, -13, -23
2945.9, -12, -23
2946, -12, -23
2946.1, -12, -23
2946.2, -12, -23
2946.3, -12, -23
2946.4, -12, -23
2946.5, -12, -23
2946.6, -12, -23
2946.7, -12, -23
2946.8, -12, -23
2946.9, -12, -23
2947, -12, -23
2947.1, -12, -23
2947.2, -12, -23
2947.3, -12, -23
2947.4, -12, -23
2947.5, -12, -23
2947.6, -12, -23
2947.7, -12, -23
2947.8, -12, -23
2947.9, -12, -23
2948, -12, -23
2948.1, -13, -23
2948.2, -13, -23
2948.3, -13, -23
2948.4, -13, -23
2948.5, -13, -23
2948.6, -13, -23
2948.7, -13, -23
2948.8, -13, -23
2948.9, -13, -23
2949, -13, -23
2949.1, -13, -23
2949.2, -13, -23
2949.3, -13, -23
2949.4, -13, -23
2949.5, -13, -24
2949.6, -13, -24
2949.7, -13, -24
2949.8, -13, -24
2949.9, -13, -24
2950, -13, -24
2950.1, -13, -24
2950.2, -13, -24
2950.3, -13, -24
2950.4, -13, -24
2950.5, -13, -24
2950.6, -13, -24
2950.7, -13, -24
2950.8, -13, -24
2950.9, -13, -24
2951, -13, -24
2951.1, -13, -24
2951.2, -13, -24
2951.3, -13, -23
2951.4, -13, -23
2951.5, -13, -23
2951.6, -13, -23
2951.7, -13, -23
2951.8, -13, -23
2951.9, -13, -23
2952, -13, -23
2952.1, -13, -23
2952.2, -13, -23
2952.3, -13, -23
2952.4, -13, -23
2952.5, -13, -24
2952.6, -13, -24
2952.7, -13, -24
2952.8, -13, -24
2952.9, -13, -24
2953, -13, -24
2953.1, -13, -24
2953.2, -13, -24
2953.3, -13, -24
2953.4, -13, -24
2953.5, -13, -24
2953.6, -13, -24
2953.7, -13, -24
2953.8, -13, -24
2953.9, -13, -24
2954, -13, -24
2954.1, -13, -24
2954.2, -13, -24
2954.3, -13, -24
2954.4, -13, -24
2954.5, -13, -24
2954.6, -13, -24
2954.7, -13, -24
2954.8, -13, -24
2954.9, -13, -24
2955, -13, -24
2955.1, -13, -25
2955.2, -13, -25
2955.3, -13, -25
2955.4, -13, -25
2955.5, -13, -25
2955.6, -13, -25
2955.7, -13, -25
2955.8, -13, -25
2955.9, -13, -25
2956, -13, -25
2956.1, -13, -25
2956.2, -13, -25
2956.3, -13, -25
2956.4, -13, -25
2956.5, -13, -25
2956.6, -13, -25
2956.7, -13, -25
2956.8, -13, -25
2956.9, -13, -26
2957, -13, -26
2957.1, -13, -26
2957.2, -13, -26
2957.3, -13, -26
2957.4, -13, -26
2957.5, -13, -26
2957.6, -13, -26
2957.7, -13, -26
2957.8, -13, -26
2957.9, -13, -26
2958, -13, -26
2958.1, -13, -26
2958.2, -13, -26
2958.3, -13, -26
2958.4, -13, -26
2958.5, -13, -27
2958.6, -13, -27
2958.7, -13, -27
2958.8, -13, -27
2958.9, -13, -27
2959, -13, -27
2959.1, -13, -27
2959.2, -13, -27
2959.3, -13, -27
2959.4, -13, -27
2959.5, -13, -27
2959.6, -13, -27
2959.7, -13, -27
2959.8, -13, -27
2959.9, -13, -27
2960, -13, -27
2960.1, -13, -27
2960.2, -13, -27
2960.3, -13, -27
2960.4, -13, -27
2960.5, -13, -27
2960.6, -13, -27
2960.7, -13, -27
2960.8, -13, -27
2960.9, -13, -27
2961, -13, -27
2961.1, -13, -26
2961.2, -13, -26
2961.3, -13, -26
2961.4, -13, -26
2961.5, -13, -26
2961.6, -13, -26
2961.7, -13, -25
2961.8, -13, -25
2961.9, -13, -25
2962, -13, -25
2962.1, -13, -25
2962.2, -13, -25
2962.3, -13, -25
2962.4, -13, -25
2962.5, -13, -25
2962.6, -13, -25
2962.7, -13, -25
2962.8, -13, -25
2962.9, -13, -25
2963, -13, -25
2963.1, -13, -25
2963.2, -13, -25
2963.3, -13, -25
2963.4, -13, -25
2963.5, -13, -25
2963.6, -13, -25
2963.7, -13, -25
2963.8, -13, -25
2963.9, -12, -25
2964, -12, -25
2964.1, -12, -25
2964.2, -12, -25
2964.3, -12, -25
2964.4, -12, -25
2964.5, -12, -25
2964.6, -12, -25
2964.7, -12, -25
2964.8, -12, -25
2964.9, -12, -24
2965, -12, -24
2965.1, -12, -24
2965.2, -12, -24
2965.3, -12, -24
2965.4, -12, -24
2965.5, -12, -24
2965.6, -12, -24
2965.7, -12, -24
2965.8, -12, -24
2965.9, -12, -24
2966, -12, -24
2966.1, -12, -24
2966.2, -12, -24
2966.3, -12, -24
2966.4, -12, -24
2966.5, -12, -24
2966.6, -12, -24
2966.7, -12, -24
2966.8, -12, -24
2966.9, -12, -24
2967, -12, -24
2967.1, -12, -24
2967.2, -12, -24
2967.3, -12, -23
2967.4, -12, -23
2967.5, -12, -23
2967.6, -12, -23
2967.7, -12, -23
2967.8, -12, -23
2967.9, -12, -23
2968, -12, -23
2968.1, -12, -23
2968.2, -12, -23
2968.3, -12, -23
2968.4, -12, -23
2968.5, -12, -23
2968.6, -12, -23
2968.7, -12, -23
2968.8, -12, -23
2968.9, -12, -23
2969, -12, -23
2969.1, -12, -23
2969.2, -12, -23
2969.3, -12, -23
2969.4, -12, -23
2969.5, -12, -23
2969.6, -12, -23
2969.7, -12, -23
2969.8, -12, -23
2969.9, -12, -23
2970, -12, -23
2970.1, -12, -23
2970.2, -12, -23
2970.3, -12, -23
2970.4, -12, -23
2970.5, -12, -23
2970.6, -12, -23
2970.7, -12, -23
2970.8, -12, -23
2970.9, -12, -23
2971, -12, -23
2971.1, -12, -23
2971.2, -12, -23
2971.3, -13, -23
2971.4, -13, -23
2971.5, -13, -23
2971.6, -13, -23
2971.7, -13, -23
2971.8, -13, -23
2971.9, -13, -23
2972, -13, -23
2972.1, -13, -23
2972.2, -13, -23
2972.3, -13, -23
2972.4, -13, -23
2972.5, -13, -23
2972.6, -13, -23
2972.7, -13, -23
2972.8, -13, -23
2972.9, -13, -23
2973, -13, -23
2973.1, -13, -23
2973.2, -13, -23
2973.3, -13, -23
2973.4, -13, -23
2973.5, -13, -23
2973.6, -13, -23
2973.7, -13, -23
2973.8, -13, -23
2973.9, -13, -23
2974, -13, -23
2974.1, -13, -23
2974.2, -13, -23
2974.3, -13, -23
2974.4, -13, -23
2974.5, -13, -23
2974.6, -13, -23
2974.7, -13, -23
2974.8, -13, -23
2974.9, -13, -23
2975, -13, -23
2975.1, -13, -23
2975.2, -13, -23
2975.3, -13, -23
2975.4, -13, -23
2975.5, -13, -23
2975.6, -13, -23
2975.7, -13, -23
2975.8, -13, -23
2975.9, -13, -23
2976, -13, -23
2976.1, -13, -23
2976.2, -13, -23
2976.3, -13, -23
2976.4, -13, -23
2976.5, -13, -23
2976.6, -13, -23
2976.7, -13, -23
2976.8, -13, -23
2976.9, -13, -23
2977, -13, -23
2977.1, -13, -23
2977.2, -13, -23
2977.3, -13, -23
2977.4, -13, -23
2977.5, -13, -23
2977.6, -13, -23
2977.7, -13, -23
2977.8, -13, -23
2977.9, -13, -23
2978, -13, -23
2978.1, -14, -23
2978.2, -14, -23
2978.3, -14, -23
2978.4, -14, -23
2978.5, -14, -23
2978.6, -14, -23
2978.7, -14, -23
2978.8, -14, -23
2978.9, -14, -23
2979, -14, -23
2979.1, -14, -23
2979.2, -14, -23
2979.3, -14, -23
2979.4, -14, -23
2979.5, -14, -23
2979.6, -14, -23
2979.7, -14, -23
2979.8, -14, -23
2979.9, -14, -23
2980, -14, -23
2980.1, -14, -23
2980.2, -14, -23
2980.3, -14, -23
2980.4, -14, -23
2980.5, -14, -23
2980.6, -14, -23
2980.7, -15, -23
2980.8, -15, -23
2980.9, -16, -23
2981, -16, -23
2981.1, -16, -23
2981.2, -16, -23
2981.3, -16, -23
2981.4, -16, -23
2981.5, -16, -23
2981.6, -16, -23
2981.7, -16, -23
2981.8, -16, -23
2981.9, -16, -23
2982, -16, -23
2982.1, -16, -23
2982.2, -16, -23
2982.3, -16, -23
2982.4, -16, -23
2982.5, -16, -23
2982.6, -16, -23
2982.7, -16, -23
2982.8, -16, -23
2982.9, -16, -23
2983, -16, -23
2983.1, -16, -23
2983.2, -16, -23
2983.3, -16, -23
2983.4, -16, -23
2983.5, -16, -23
2983.6, -16, -23
2983.7, -16, -23
2983.8, -16, -23
2983.9, -16, -23
2984, -16, -23
2984.1, -16, -23
2984.2, -16, -23
2984.3, -16, -23
2984.4, -16, -23
2984.5, -16, -23
2984.6, -16, -23
2984.7, -16, -23
2984.8, -16, -23
2984.9, -16, -23
2985, -16, -23
2985.1, -16, -23
2985.2, -16, -23
2985.3, -16, -23
2985.4, -16, -23
2985.5, -16, -23
2985.6, -16, -23
2985.7, -16, -23
2985.8, -16, -23
2985.9, -16, -23
2986, -16, -23
2986.1, -16, -23
2986.2, -16, -23
2986.3, -16, -23
2986.4, -16, -23
2986.5, -16, -23
2986.6, -16, -23
2986.7, -16, -23
2986.8, -16, -23
2986.9, -16, -23
2987, -16, -23
2987.1, -16, -23
2987.2, -16, -23
2987.3, -15, -23
2987.4, -15, -23
2987.5, -15, -24
2987.6, -15, -24
2987.7, -15, -24
2987.8, -15, -24
2987.9, -15, -24
2988, -15, -24
2988.1, -15, -24
2988.2, -15, -24
2988.3, -15, -24
2988.4, -15, -24
2988.5, -16, -24
2988.6, -16, -24
2988.7, -16, -24
2988.8, -16, -24
2988.9, -16, -24
2989, -16, -24
2989.1, -16, -24
2989.2, -16, -24
2989.3, -16, -24
2989.4, -16, -24
2989.5, -15, -24
2989.6, -15, -24
2989.7, -15, -24
2989.8, -15, -24
2989.9, -15, -24
2990, -15, -24
2990.1, -15, -24
2990.2, -15, -24
2990.3, -15, -24
2990.4, -15, -24
2990.5, -15, -25
2990.6, -15, -25
2990.7, -15, -25
2990.8, -15, -25
2990.9, -15, -25
2991, -15, -25
2991.1, -15, -25
2991.2, -15, -25
2991.3, -15, -25
2991.4, -15, -25
2991.5, -15, -25
2991.6, -15, -25
2991.7, -15, -25
2991.8, -15, -25
2991.9, -15, -25
2992, -15, -25
2992.1, -15, -25
2992.2, -15, -25
2992.3, -15, -25
2992.4, -15, -25
2992.5, -15, -25
2992.6, -15, -25
2992.7, -15, -25
2992.8, -15, -25
2992.9, -15, -25
2993, -15, -25
2993.1, -15, -25
2993.2, -15, -25
2993.3, -15, -25
2993.4, -15, -25
2993.5, -15, -25
2993.6, -15, -25
2993.7, -15, -25
2993.8, -15, -25
2993.9, -15, -25
2994, -15, -25
2994.1, -15, -25
2994.2, -15, -25
2994.3, -15, -25
2994.4, -15, -25
2994.5, -15, -25
2994.6, -15, -25
2994.7, -15, -25
2994.8, -15, -25
2994.9, -15, -25
2995, -15, -25
2995.1, -15, -25
2995.2, -15, -25
2995.3, -15, -25
2995.4, -15, -25
2995.5, -15, -25
2995.6, -15, -25
2995.7, -15, -24
2995.8, -15, -24
2995.9, -15, -24
2996, -15, -24
2996.1, -15, -24
2996.2, -15, -24
2996.3, -15, -24
2996.4, -15, -24
2996.5, -15, -24
2996.6, -15, -24
2996.7, -15, -24
2996.8, -15, -24
2996.9, -15, -24
2997, -15, -24
2997.1, -15, -24
2997.2, -15, -24
2997.3, -15, -24
2997.4, -15, -24
2997.5, -15, -24
2997.6, -15, -24
2997.7, -15, -24
2997.8, -15, -24
2997.9, -15, -24
2998, -15, -24
2998.1, -15, -24
2998.2, -15, -24
2998.3, -15, -24
2998.4, -15, -24
2998.5, -15, -24
2998.6, -15, -24
2998.7, -15, -24
2998.8, -15, -24
2998.9, -15, -24
2999, -15, -24
2999.1, -15, -24
2999.2, -15, -24
2999.3, -15, -24
2999.4, -15, -24
2999.5, -15, -24
2999.6, -15, -24
2999.7, -16, -24
2999.8, -16, -24
2999.9, -16, -24
3000, -16, -24
3000.1, -16, -24
3000.2, -16, -24
3000.3, -16, -24
3000.4, -16, -24
3000.5, -16, -24
3000.6, -16, -24
3000.7, -16, -24
3000.8, -16, -24
3000.9, -16, -24
3001, -16, -24
3001.1, -16, -24
3001.2, -16, -24
3001.3, -16, -24
3001.4, -16, -24
3001.5, -16, -24
3001.6, -16, -24
3001.7, -16, -24
3001.8, -16, -24
3001.9, -16, -24
3002, -16, -24
3002.1, -16, -24
3002.2, -16, -24
3002.3, -16, -24
3002.4, -16, -24
3002.5, -16, -25
3002.6, -16, -25
3002.7, -16, -25
3002.8, -16, -25
3002.9, -16, -25
3003, -16, -25
3003.1, -16, -25
3003.2, -16, -25
3003.3, -16, -25
3003.4, -16, -25
3003.5, -16, -25
3003.6, -16, -25
3003.7, -16, -25
3003.8, -16, -25
3003.9, -16, -25
3004, -16, -25
3004.1, -16, -25
3004.2, -16, -25
3004.3, -16, -25
3004.4, -16, -25
3004.5, -16, -25
3004.6, -16, -25
3004.7, -16, -25
3004.8, -16, -25
3004.9, -16, -25
3005, -16, -25
3005.1, -16, -25
3005.2, -16, -25
3005.3, -16, -25
3005.4, -16, -25
3005.5, -16, -25
3005.6, -16, -25
3005.7, -16, -25
3005.8, -16, -25
3005.9, -16, -25
3006, -16, -25
3006.1, -16, -25
3006.2, -16, -25
3006.3, -16, -25
3006.4, -16, -25
3006.5, -16, -25
3006.6, -16, -25
3006.7, -16, -25
3006.8, -16, -25
3006.9, -16, -25
3007, -16, -25
3007.1, -16, -25
3007.2, -16, -25
3007.3, -16, -25
3007.4, -16, -25
3007.5, -16, -25
3007.6, -16, -25
3007.7, -16, -25
3007.8, -16, -25
3007.9, -16, -25
3008, -16, -25
3008.1, -16, -25
3008.2, -16, -25
3008.3, -16, -25
3008.4, -16, -25
3008.5, -16, -25
3008.6, -16, -25
3008.7, -16, -25
3008.8, -16, -25
3008.9, -16, -25
3009, -16, -25
3009.1, -16, -25
3009.2, -16, -25
3009.3, -17, -25
3009.4, -17, -25
3009.5, -17, -25
3009.6, -17, -25
3009.7, -17, -25
3009.8, -17, -25
3009.9, -17, -25
3010, -17, -25
3010.1, -17, -26
3010.2, -17, -26
3010.3, -17, -26
3010.4, -17, -26
3010.5, -17, -25
3010.6, -17, -25
3010.7, -16, -25
3010.8, -16, -25
3010.9, -16, -25
3011, -16, -25
3011.1, -16, -25
3011.2, -16, -25
3011.3, -16, -25
3011.4, -16, -25
3011.5, -17, -25
3011.6, -17, -25
3011.7, -17, -25
3011.8, -17, -25
3011.9, -17, -25
3012, -17, -25
3012.1, -17, -25
3012.2, -17, -25
3012.3, -17, -25
3012.4, -17, -25
3012.5, -17, -25
3012.6, -17, -25
3012.7, -17, -25
3012.8, -17, -25
3012.9, -17, -25
3013, -17, -25
3013.1, -17, -25
3013.2, -17, -25
3013.3, -17, -25
3013.4, -17, -25
3013.5, -17, -25
3013.6, -17, -25
3013.7, -17, -25
3013.8, -17, -25
3013.9, -17, -25
3014, -17, -25
3014.1, -17, -25
3014.2, -17, -25
3014.3, -17, -26
3014.4, -17, -26
3014.5, -17, -26
3014.6, -17, -26
3014.7, -17, -26
3014.8, -17, -26
3014.9, -17, -26
3015, -17, -26
3015.1, -17, -26
3015.2, -17, -26
3015.3, -17, -26
3015.4, -17, -26
3015.5, -17, -26
3015.6, -17, -26
3015.7, -17, -26
3015.8, -17, -26
3015.9, -17, -26
3016, -17, -26
3016.1, -17, -26
3016.2, -17, -26
3016.3, -17, -26
3016.4, -17, -26
3016.5, -17, -26
3016.6, -17, -26
3016.7, -17, -26
3016.8, -17, -26
3016.9, -17, -26
3017, -17, -26
3017.1, -17, -26
3017.2, -17, -26
3017.3, -17, -26
3017.4, -17, -26
3017.5, -17, -26
3017.6, -17, -26
3017.7, -17, -26
3017.8, -17, -26
3017.9, -17, -26
3018, -17, -26
3018.1, -17, -26
3018.2, -17, -26
3018.3, -17, -26
3018.4, -17, -26
3018.5, -17, -26
3018.6, -17, -26
3018.7, -17, -26
3018.8, -17, -26
3018.9, -17, -26
3019, -17, -26
3019.1, -17, -26
3019.2, -17, -26
3019.3, -17, -26
3019.4, -17, -26
3019.5, -17, -26
3019.6, -17, -26
3019.7, -17, -26
3019.8, -17, -26
3019.9, -17, -26
3020, -17, -26
3020.1, -17, -26
3020.2, -17, -26
3020.3, -17, -26
3020.4, -17, -26
3020.5, -17, -26
3020.6, -17, -26
3020.7, -17, -26
3020.8, -17, -26
3020.9, -17, -26
3021, -17, -26
3021.1, -17, -26
3021.2, -17, -26
3021.3, -17, -25
3021.4, -17, -25
3021.5, -17, -26
3021.6, -17, -26
3021.7, -17, -26
3021.8, -17, -26
3021.9, -17, -26
3022, -17, -26
3022.1, -17, -26
3022.2, -17, -26
3022.3, -17, -26
3022.4, -17, -26
3022.5, -17, -26
3022.6, -17, -26
3022.7, -17, -26
3022.8, -17, -26
3022.9, -17, -26
3023, -17, -26
3023.1, -17, -26
3023.2, -17, -26
3023.3, -17, -27
3023.4, -17, -27
3023.5, -17, -27
3023.6, -17, -27
3023.7, -17, -27
3023.8, -17, -27
3023.9, -17, -27
3024, -17, -27
3024.1, -17, -26
3024.2, -17, -26
3024.3, -17, -26
3024.4, -17, -26
3024.5, -17, -26
3024.6, -17, -26
3024.7, -17, -26
3024.8, -17, -26
3024.9, -17, -26
3025, -17, -26
3025.1, -16, -26
3025.2, -16, -26
3025.3, -16, -26
3025.4, -16, -26
3025.5, -16, -26
3025.6, -16, -26
3025.7, -16, -26
3025.8, -16, -26
3025.9, -16, -26
3026, -16, -26
3026.1, -16, -26
3026.2, -16, -26
3026.3, -16, -26
3026.4, -16, -26
3026.5, -16, -26
3026.6, -16, -26
3026.7, -16, -26
3026.8, -16, -26
3026.9, -16, -26
3027, -16, -26
3027.1, -16, -26
3027.2, -16, -26
3027.3, -16, -26
3027.4, -16, -26
3027.5, -16, -26
3027.6, -16, -26
3027.7, -16, -26
3027.8, -16, -26
3027.9, -15, -26
3028, -15, -26
3028.1, -15, -26
3028.2, -15, -26
3028.3, -15, -26
3028.4, -15, -26
3028.5, -15, -25
3028.6, -15, -25
3028.7, -15, -25
3028.8, -15, -25
3028.9, -15, -24
3029, -15, -24
3029.1, -15, -24
3029.2, -15, -24
3029.3, -15, -24
3029.4, -15, -24
3029.5, -15, -24
3029.6, -15, -24
3029.7, -15, -24
3029.8, -15, -24
3029.9, -15, -24
3030, -15, -24
3030.1, -15, -24
3030.2, -15, -24
3030.3, -15, -24
3030.4, -15, -24
3030.5, -15, -24
3030.6, -15, -24
3030.7, -15, -24
3030.8, -15, -24
3030.9, -15, -24
3031, -15, -24
3031.1, -15, -24
3031.2, -15, -24
3031.3, -15, -24
3031.4, -15, -24
3031.5, -15, -24
3031.6, -15, -24
3031.7, -15, -24
3031.8, -15, -24
3031.9, -15, -24
3032, -15, -24
3032.1, -15, -24
3032.2, -15, -24
3032.3, -15, -23
3032.4, -15, -23
3032.5, -15, -23
3032.6, -15, -23
3032.7, -15, -23
3032.8, -15, -23
3032.9, -15, -23
3033, -15, -23
3033.1, -15, -23
3033.2, -15, -23
3033.3, -15, -23
3033.4, -15, -23
3033.5, -16, -23
3033.6, -16, -23
3033.7, -16, -23
3033.8, -16, -23
3033.9, -15, -23
3034, -15, -23
3034.1, -15, -23
3034.2, -15, -23
3034.3, -15, -23
3034.4, -15, -23
3034.5, -15, -23
3034.6, -15, -23
3034.7, -15, -23
3034.8, -15, -23
3034.9, -14, -23
3035, -14, -23
3035.1, -14, -23
3035.2, -14, -23
3035.3, -14, -23
3035.4, -14, -23
3035.5, -14, -23
3035.6, -14, -23
3035.7, -14, -23
3035.8, -14, -23
3035.9, -14, -23
3036, -14, -23
3036.1, -14, -23
3036.2, -14, -23
3036.3, -14, -23
3036.4, -14, -23
3036.5, -14, -23
3036.6, -14, -23
3036.7, -14, -23
3036.8, -14, -23
3036.9, -14, -23
3037, -14, -23
3037.1, -14, -23
3037.2, -14, -23
3037.3, -14, -23
3037.4, -14, -23
3037.5, -14, -23
3037.6, -14, -23
3037.7, -14, -23
3037.8, -14, -23
3037.9, -14, -23
3038, -14, -23
3038.1, -14, -24
3038.2, -14, -24
3038.3, -14, -24
3038.4, -14, -24
3038.5, -14, -24
3038.6, -14, -24
3038.7, -14, -24
3038.8, -14, -24
3038.9, -14, -24
3039, -14, -24
3039.1, -14, -24
3039.2, -14, -24
3039.3, -14, -24
3039.4, -14, -24
3039.5, -14, -24
3039.6, -14, -24
3039.7, -14, -24
3039.8, -14, -24
3039.9, -13, -24
3040, -13, -24
3040.1, -13, -24
3040.2, -13, -24
3040.3, -13, -24
3040.4, -13, -24
3040.5, -13, -24
3040.6, -13, -24
3040.7, -13, -24
3040.8, -13, -24
3040.9, -13, -24
3041, -13, -24
3041.1, -13, -24
3041.2, -13, -24
3041.3, -13, -24
3041.4, -13, -24
3041.5, -13, -24
3041.6, -13, -24
3041.7, -13, -24
3041.8, -13, -24
3041.9, -13, -23
3042, -13, -23
3042.1, -13, -23
3042.2, -13, -23
3042.3, -13, -23
3042.4, -13, -23
3042.5, -13, -23
3042.6, -13, -23
3042.7, -13, -23
3042.8, -13, -23
3042.9, -13, -23
3043, -13, -23
3043.1, -13, -23
3043.2, -13, -23
3043.3, -13, -23
3043.4, -13, -23
3043.5, -13, -23
3043.6, -13, -23
3043.7, -13, -23
3043.8, -13, -23
3043.9, -13, -23
3044, -13, -23
3044.1, -13, -23
3044.2, -13, -23
3044.3, -13, -23
3044.4, -13, -23
3044.5, -13, -23
3044.6, -13, -23
3044.7, -13, -23
3044.8, -13, -23
3044.9, -13, -24
3045, -13, -24
3045.1, -13, -24
3045.2, -13, -24
3045.3, -13, -24
3045.4, -13, -24
3045.5, -14, -24
3045.6, -14, -24
3045.7, -14, -24
3045.8, -14, -24
3045.9, -14, -24
3046, -14, -24
3046.1, -14, -24
3046.2, -14, -24
3046.3, -14, -24
3046.4, -14, -24
3046.5, -14, -24
3046.6, -14, -24
3046.7, -14, -24
3046.8, -14, -24
3046.9, -14, -24
3047, -14, -24
3047.1, -14, -24
3047.2, -14, -24
3047.3, -14, -24
3047.4, -14, -24
3047.5, -14, -24
3047.6, -14, -24
3047.7, -14, -24
3047.8, -14, -24
3047.9, -14, -24
3048, -14, -24
3048.1, -14, -24
3048.2, -14, -24
3048.3, -14, -25
3048.4, -14, -25
3048.5, -14, -25
3048.6, -14, -25
3048.7, -14, -25
3048.8, -14, -25
3048.9, -14, -25
3049, -14, -25
3049.1, -14, -25
3049.2, -14, -25
3049.3, -14, -25
3049.4, -14, -25
3049.5, -14, -25
3049.6, -14, -25
3049.7, -14, -25
3049.8, -14, -25
3049.9, -14, -25
3050, -14, -25
3050.1, -14, -25
3050.2, -14, -25
3050.3, -14, -25
3050.4, -14, -25
3050.5, -14, -25
3050.6, -14, -25
3050.7, -14, -25
3050.8, -14, -25
3050.9, -14, -24
3051, -14, -24
3051.1, -14, -24
3051.2, -14, -24
3051.3, -14, -24
3051.4, -14, -24
3051.5, -14, -24
3051.6, -14, -24
3051.7, -14, -24
3051.8, -14, -24
3051.9, -14, -24
3052, -14, -24
3052.1, -14, -24
3052.2, -14, -24
3052.3, -14, -24
3052.4, -14, -24
3052.5, -14, -24
3052.6, -14, -24
3052.7, -14, -24
3052.8, -14, -24
3052.9, -14, -24
3053, -14, -24
3053.1, -14, -24
3053.2, -14, -24
3053.3, -14, -24
3053.4, -14, -24
3053.5, -14, -24
3053.6, -14, -24
3053.7, -14, -24
3053.8, -14, -24
3053.9, -14, -24
3054, -14, -24
3054.1, -15, -24
3054.2, -15, -24
3054.3, -15, -24
3054.4, -15, -24
3054.5, -15, -24
3054.6, -15, -24
3054.7, -16, -24
3054.8, -16, -24
3054.9, -16, -24
3055, -16, -24
3055.1, -15, -24
3055.2, -15, -24
3055.3, -15, -24
3055.4, -15, -24
3055.5, -15, -24
3055.6, -15, -24
3055.7, -15, -24
3055.8, -15, -24
3055.9, -16, -24
3056, -16, -24
3056.1, -16, -24
3056.2, -16, -24
3056.3, -16, -24
3056.4, -16, -24
3056.5, -16, -24
3056.6, -16, -24
3056.7, -16, -24
3056.8, -16, -24
3056.9, -16, -24
3057, -16, -24
3057.1, -16, -24
3057.2, -16, -24
3057.3, -16, -24
3057.4, -16, -24
3057.5, -16, -24
3057.6, -16, -24
3057.7, -16, -24
3057.8, -16, -24
3057.9, -16, -24
3058, -16, -24
3058.1, -16, -24
3058.2, -16, -24
3058.3, -16, -24
3058.4, -16, -24
3058.5, -16, -24
3058.6, -16, -24
3058.7, -16, -24
3058.8, -16, -24
3058.9, -16, -24
3059, -16, -24
3059.1, -16, -24
3059.2, -16, -24
3059.3, -16, -24
3059.4, -16, -24
3059.5, -16, -24
3059.6, -16, -24
3059.7, -16, -24
3059.8, -16, -24
3059.9, -16, -24
3060, -16, -24
3060.1, -16, -24
3060.2, -16, -24
3060.3, -16, -24
3060.4, -16, -24
3060.5, -16, -24
3060.6, -16, -24
3060.7, -16, -24
3060.8, -16, -24
3060.9, -16, -24
3061, -16, -24
3061.1, -16, -24
3061.2, -16, -24
3061.3, -16, -24
3061.4, -16, -24
3061.5, -16, -24
3061.6, -16, -24
3061.7, -16, -24
3061.8, -16, -24
3061.9, -16, -24
3062, -16, -24
3062.1, -16, -24
3062.2, -16, -24
3062.3, -16, -24
3062.4, -16, -24
3062.5, -15, -24
3062.6, -15, -24
3062.7, -15, -23
3062.8, -15, -23
3062.9, -14, -23
3063, -14, -23
3063.1, -14, -23
3063.2, -14, -23
3063.3, -14, -23
3063.4, -14, -23
3063.5, -14, -23
3063.6, -14, -23
3063.7, -14, -23
3063.8, -14, -23
3063.9, -14, -23
3064, -14, -23
3064.1, -14, -23
3064.2, -14, -23
3064.3, -15, -23
3064.4, -15, -23
3064.5, -15, -23
3064.6, -15, -23
3064.7, -15, -23
3064.8, -15, -23
3064.9, -15, -23
3065, -15, -23
3065.1, -15, -23
3065.2, -15, -23
3065.3, -15, -23
3065.4, -15, -23
3065.5, -15, -23
3065.6, -15, -23
3065.7, -14, -23
3065.8, -14, -23
3065.9, -14, -23
3066, -14, -23
3066.1, -14, -23
3066.2, -14, -23
3066.3, -13, -23
3066.4, -13, -23
3066.5, -13, -23
3066.6, -13, -23
3066.7, -13, -23
3066.8, -13, -23
3066.9, -13, -23
3067, -13, -23
3067.1, -13, -23
3067.2, -13, -23
3067.3, -13, -23
3067.4, -13, -23
3067.5, -13, -23
3067.6, -13, -23
3067.7, -13, -24
3067.8, -13, -24
3067.9, -13, -25
3068, -13, -25
3068.1, -13, -25
3068.2, -13, -25
3068.3, -13, -25
3068.4, -13, -25
3068.5, -13, -26
3068.6, -13, -26
3068.7, -13, -26
3068.8, -13, -26
3068.9, -13, -26
3069, -13, -26
3069.1, -13, -26
3069.2, -13, -26
3069.3, -13, -26
3069.4, -13, -26
3069.5, -13, -26
3069.6, -13, -26
3069.7, -13, -26
3069.8, -13, -26
3069.9, -13, -26
3070, -13, -26
3070.1, -12, -26
3070.2, -12, -26
3070.3, -12, -26
3070.4, -12, -26
3070.5, -12, -26
3070.6, -12, -26
3070.7, -12, -26
3070.8, -12, -26
3070.9, -12, -26
3071, -12, -26
3071.1, -12, -26
3071.2, -12, -26
3071.3, -12, -26
3071.4, -12, -26
3071.5, -12, -26
3071.6, -12, -26
3071.7, -11, -26
3071.8, -11, -26
3071.9, -11, -26
3072, -11, -26
3072.1, -11, -26
3072.2, -11, -26
3072.3, -11, -26
3072.4, -11, -26
3072.5, -11, -26
3072.6, -11, -26
3072.7, -11, -26
3072.8, -11, -26
3072.9, -11, -26
3073, -11, -26
3073.1, -11, -26
3073.2, -11, -26
3073.3, -11, -26
3073.4, -11, -26
3073.5, -11, -26
3073.6, -11, -26
3073.7, -11, -26
3073.8, -11, -26
3073.9, -11, -26
3074, -11, -26
3074.1, -11, -26
3074.2, -11, -26
3074.3, -11, -26
3074.4, -11, -26
3074.5, -11, -26
3074.6, -11, -26
3074.7, -11, -26
3074.8, -11, -26
3074.9, -11, -26
3075, -11, -26
3075.1, -11, -26
3075.2, -11, -26
3075.3, -11, -26
3075.4, -11, -26
3075.5, -11, -26
3075.6, -11, -26
3075.7, -11, -26
3075.8, -11, -26
3075.9, -11, -26
3076, -11, -26
3076.1, -11, -27
3076.2, -11, -27
3076.3, -11, -27
3076.4, -11, -27
3076.5, -11, -27
3076.6, -11, -27
3076.7, -11, -27
3076.8, -11, -27
3076.9, -11, -27
3077, -11, -27
3077.1, -11, -27
3077.2, -11, -27
3077.3, -11, -27
3077.4, -11, -27
3077.5, -11, -27
3077.6, -11, -27
3077.7, -11, -27
3077.8, -11, -27
3077.9, -11, -27
3078, -11, -27
3078.1, -11, -27
3078.2, -11, -27
3078.3, -11, -27
3078.4, -11, -27
3078.5, -11, -27
3078.6, -11, -27
3078.7, -11, -27
3078.8, -11, -27
3078.9, -11, -27
3079, -11, -27
3079.1, -11, -27
3079.2, -11, -27
3079.3, -11, -27
3079.4, -11, -27
3079.5, -11, -27
3079.6, -11, -27
3079.7, -11, -27
3079.8, -11, -27
3079.9, -11, -27
3080, -11, -27
3080.1, -11, -27
3080.2, -11, -27
3080.3, -11, -27
3080.4, -11, -27
3080.5, -11, -27
3080.6, -11, -27
3080.7, -11, -27
3080.8, -11, -27
3080.9, -11, -27
3081, -11, -27
3081.1, -11, -27
3081.2, -11, -27
3081.3, -11, -27
3081.4, -11, -27
3081.5, -11, -27
3081.6, -11, -27
3081.7, -11, -27
3081.8, -11, -27
3081.9, -11, -27
3082, -11, -27
3082.1, -11, -27
3082.2, -11, -27
3082.3, -11, -27
3082.4, -11, -27
3082.5, -11, -27
3082.6, -11, -27
3082.7, -11, -27
3082.8, -11, -27
3082.9, -12, -27
3083, -12, -27
3083.1, -13, -27
3083.2, -13, -27
3083.3, -13, -27
3083.4, -13, -27
3083.5, -13, -28
3083.6, -13, -28
3083.7, -13, -28
3083.8, -13, -28
3083.9, -13, -28
3084, -13, -28
3084.1, -13, -29
3084.2, -13, -29
3084.3, -12, -29
3084.4, -12, -29
3084.5, -12, -29
3084.6, -12, -29
3084.7, -12, -29
3084.8, -12, -29
3084.9, -12, -29
3085, -12, -29
3085.1, -12, -29
3085.2, -12, -29
3085.3, -12, -29
3085.4, -12, -29
3085.5, -12, -29
3085.6, -12, -29
3085.7, -12, -29
3085.8, -12, -29
3085.9, -12, -29
3086, -12, -29
3086.1, -11, -29
3086.2, -11, -29
3086.3, -11, -29
3086.4, -11, -29
3086.5, -11, -29
3086.6, -11, -29
3086.7, -11, -29
3086.8, -11, -29
3086.9, -11, -29
3087, -11, -29
3087.1, -11, -29
3087.2, -11, -29
3087.3, -11, -29
3087.4, -11, -29
3087.5, -11, -29
3087.6, -11, -29
3087.7, -11, -28
3087.8, -11, -28
3087.9, -10, -28
3088, -10, -28
3088.1, -10, -27
3088.2, -10, -27
3088.3, -10, -27
3088.4, -10, -27
3088.5, -10, -26
3088.6, -10, -26
3088.7, -10, -26
3088.8, -10, -26
3088.9, -10, -26
3089, -10, -26
3089.1, -10, -26
3089.2, -10, -26
3089.3, -10, -26
3089.4, -10, -26
3089.5, -10, -26
3089.6, -10, -26
3089.7, -10, -26
3089.8, -10, -26
3089.9, -11, -26
3090, -11, -26
3090.1, -11, -26
3090.2, -11, -26
3090.3, -11, -26
3090.4, -11, -26
3090.5, -11, -27
3090.6, -11, -27
3090.7, -11, -27
3090.8, -11, -27
3090.9, -11, -27
3091, -11, -27
3091.1, -11, -27
3091.2, -11, -27
3091.3, -11, -27
3091.4, -11, -27
3091.5, -11, -27
3091.6, -11, -27
3091.7, -11, -27
3091.8, -11, -27
3091.9, -11, -27
3092, -11, -27
3092.1, -11, -27
3092.2, -11, -27
3092.3, -11, -27
3092.4, -11, -27
3092.5, -11, -27
3092.6, -11, -27
3092.7, -11, -27
3092.8, -11, -27
3092.9, -10, -27
3093, -10, -27
3093.1, -10, -27
3093.2, -10, -27
3093.3, -10, -27
3093.4, -10, -27
3093.5, -10, -27
3093.6, -10, -27
3093.7, -10, -27
3093.8, -10, -27
3093.9, -10, -27
3094, -10, -27
3094.1, -10, -26
3094.2, -10, -26
3094.3, -10, -26
3094.4, -10, -26
3094.5, -10, -26
3094.6, -10, -26
3094.7, -10, -26
3094.8, -10, -26
3094.9, -10, -26
3095, -10, -26
3095.1, -10, -26
3095.2, -10, -26
3095.3, -10, -25
3095.4, -10, -25
3095.5, -10, -25
3095.6, -10, -25
3095.7, -10, -25
3095.8, -10, -25
3095.9, -10, -25
3096, -10, -25
3096.1, -10, -25
3096.2, -10, -25
3096.3, -10, -25
3096.4, -10, -25
3096.5, -10, -25
3096.6, -10, -25
3096.7, -10, -25
3096.8, -10, -25
3096.9, -10, -26
3097, -10, -26
3097.1, -10, -26
3097.2, -10, -26
3097.3, -10, -26
3097.4, -10, -26
3097.5, -10, -26
3097.6, -10, -26
3097.7, -10, -26
3097.8, -10, -26
3097.9, -10, -26
3098, -10, -26
3098.1, -10, -26
3098.2, -10, -26
3098.3, -10, -26
3098.4, -10, -26
3098.5, -10, -26
3098.6, -10, -26
3098.7, -10, -26
3098.8, -10, -26
3098.9, -10, -26
3099, -10, -26
3099.1, -10, -26
3099.2, -10, -26
3099.3, -10, -26
3099.4, -10, -26
3099.5, -10, -26
3099.6, -10, -26
3099.7, -10, -26
3099.8, -10, -26
3099.9, -10, -26
3100, -10, -26
3100.1, -10, -26
3100.2, -10, -26
3100.3, -10, -26
3100.4, -10, -26
3100.5, -10, -26
3100.6, -10, -26
3100.7, -10, -26
3100.8, -10, -26
3100.9, -10, -26
3101, -10, -26
3101.1, -10, -26
3101.2, -10, -26
3101.3, -10, -26
3101.4, -10, -26
3101.5, -10, -26
3101.6, -10, -26
3101.7, -10, -26
3101.8, -10, -26
3101.9, -10, -26
3102, -10, -26
3102.1, -10, -26
3102.2, -10, -26
3102.3, -10, -26
3102.4, -10, -26
3102.5, -10, -26
3102.6, -10, -26
3102.7, -10, -26
3102.8, -10, -26
3102.9, -10, -26
3103, -10, -26
3103.1, -10, -26
3103.2, -10, -26
3103.3, -10, -26
3103.4, -10, -26
3103.5, -10, -26
3103.6, -10, -26
3103.7, -10, -26
3103.8, -10, -26
3103.9, -10, -26
3104, -10, -26
3104.1, -10, -26
3104.2, -10, -26
3104.3, -10, -26
3104.4, -10, -26
3104.5, -10, -26
3104.6, -10, -26
3104.7, -10, -26
3104.8, -10, -26
3104.9, -10, -26
3105, -10, -26
3105.1, -10, -26
3105.2, -10, -26
3105.3, -10, -26
3105.4, -10, -26
3105.5, -10, -26
3105.6, -10, -26
3105.7, -10, -26
3105.8, -10, -26
3105.9, -10, -26
3106, -10, -26
3106.1, -10, -26
3106.2, -10, -26
3106.3, -10, -26
3106.4, -10, -26
3106.5, -10, -26
3106.6, -10, -26
3106.7, -10, -26
3106.8, -10, -26
3106.9, -10, -26
3107, -10, -26
3107.1, -10, -26
3107.2, -10, -26
3107.3, -10, -26
3107.4, -10, -26
3107.5, -10, -26
3107.6, -10, -26
3107.7, -10, -26
3107.8, -10, -26
3107.9, -10, -26
3108, -10, -26
3108.1, -10, -26
3108.2, -10, -26
3108.3, -10, -26
3108.4, -10, -26
3108.5, -10, -26
3108.6, -10, -26
3108.7, -10, -26
3108.8, -10, -26
3108.9, -10, -26
3109, -10, -26
3109.1, -10, -26
3109.2, -10, -26
3109.3, -10, -26
3109.4, -10, -26
3109.5, -10, -26
3109.6, -10, -26
3109.7, -10, -26
3109.8, -10, -26
3109.9, -9, -26
3110, -9, -26
3110.1, -9, -26
3110.2, -9, -26
3110.3, -9, -26
3110.4, -9, -26
3110.5, -9, -26
3110.6, -9, -26
3110.7, -9, -26
3110.8, -9, -26
3110.9, -9, -26
3111, -9, -26
3111.1, -9, -26
3111.2, -9, -26
3111.3, -9, -26
3111.4, -9, -26
3111.5, -9, -26
3111.6, -9, -26
3111.7, -9, -26
3111.8, -9, -26
3111.9, -8, -26
3112, -8, -26
3112.1, -8, -26
3112.2, -8, -26
3112.3, -8, -26
3112.4, -8, -26
3112.5, -8, -26
3112.6, -8, -26
3112.7, -8, -26
3112.8, -8, -26
3112.9, -8, -26
3113, -8, -26
3113.1, -8, -26
3113.2, -8, -26
3113.3, -8, -27
3113.4, -8, -27
3113.5, -8, -27
3113.6, -8, -27
3113.7, -7, -27
3113.8, -7, -27
3113.9, -7, -27
3114, -7, -27
3114.1, -7, -27
3114.2, -7, -27
3114.3, -6, -27
3114.4, -6, -27
3114.5, -6, -27
3114.6, -6, -27
3114.7, -6, -27
3114.8, -6, -27
3114.9, -6, -27
3115, -6, -27
3115.1, -6, -27
3115.2, -6, -27
3115.3, -6, -27
3115.4, -6, -27
3115.5, -6, -27
3115.6, -6, -27
3115.7, -6, -27
3115.8, -6, -27
3115.9, -6, -27
3116, -6, -27
3116.1, -6, -27
3116.2, -6, -27
3116.3, -6, -27
3116.4, -6, -27
3116.5, -6, -27
3116.6, -6, -27
3116.7, -6, -27
3116.8, -6, -27
3116.9, -6, -27
3117, -6, -27
3117.1, -6, -27
3117.2, -6, -27
3117.3, -7, -27
3117.4, -7, -27
3117.5, -6, -27
3117.6, -6, -27
3117.7, -6, -27
3117.8, -6, -27
3117.9, -6, -27
3118, -6, -27
3118.1, -6, -27
3118.2, -6, -27
3118.3, -6, -27
3118.4, -6, -27
3118.5, -6, -27
3118.6, -6, -27
3118.7, -6, -27
3118.8, -6, -27
3118.9, -6, -27
3119, -6, -27
3119.1, -6, -27
3119.2, -6, -27
3119.3, -6, -27
3119.4, -6, -27
3119.5, -6, -27
3119.6, -6, -27
3119.7, -5, -27
3119.8, -5, -27
3119.9, -5, -28
3120, -5, -28
3120.1, -5, -28
3120.2, -5, -28
3120.3, -5, -29
3120.4, -5, -29
3120.5, -5, -29
3120.6, -5, -29
3120.7, -5, -29
3120.8, -5, -29
3120.9, -5, -28
3121, -5, -28
3121.1, -5, -28
3121.2, -5, -28
3121.3, -4, -28
3121.4, -4, -28
3121.5, -4, -28
3121.6, -4, -28
3121.7, -4, -28
3121.8, -4, -28
3121.9, -4, -28
3122, -4, -28
3122.1, -4, -28
3122.2, -4, -28
3122.3, -4, -28
3122.4, -4, -28
3122.5, -4, -28
3122.6, -4, -28
3122.7, -4, -28
3122.8, -4, -28
3122.9, -4, -28
3123, -4, -28
3123.1, -4, -28
3123.2, -4, -28
3123.3, -4, -28
3123.4, -4, -28
3123.5, -4, -29
3123.6, -4, -29
3123.7, -3, -29
3123.8, -3, -29
3123.9, -4, -29
3124, -4, -29
3124.1, -4, -29
3124.2, -4, -29
3124.3, -4, -29
3124.4, -4, -29
3124.5, -4, -29
3124.6, -4, -29
3124.7, -4, -29
3124.8, -4, -29
3124.9, -4, -29
3125, -4, -29
3125.1, -4, -30
3125.2, -4, -30
3125.3, -4, -31
3125.4, -4, -31
3125.5, -4, -31
3125.6, -4, -31
3125.7, -4, -31
3125.8, -4, -31
3125.9, -4, -31
3126, -4, -31
3126.1, -3, -31
3126.2, -3, -31
3126.3, -3, -31
3126.4, -3, -31
3126.5, -3, -31
3126.6, -3, -31
3126.7, -3, -31
3126.8, -3, -31
3126.9, -3, -31
3127, -3, -31
3127.1, -3, -31
3127.2, -3, -31
3127.3, -3, -31
3127.4, -3, -31
3127.5, -3, -31
3127.6, -3, -31
3127.7, -3, -31
3127.8, -3, -31
3127.9, -3, -31
3128, -3, -31
3128.1, -3, -31
3128.2, -3, -31
3128.3, -4, -31
3128.4, -4, -31
3128.5, -4, -31
3128.6, -4, -31
3128.7, -4, -31
3128.8, -4, -31
3128.9, -4, -31
3129, -4, -31
3129.1, -4, -31
3129.2, -4, -31
3129.3, -4, -31
3129.4, -4, -31
3129.5, -4, -31
3129.6, -4, -31
3129.7, -4, -31
3129.8, -4, -31
3129.9, -4, -31
3130, -4, -31
3130.1, -4, -31
3130.2, -4, -31
3130.3, -4, -31
3130.4, -4, -31
3130.5, -4, -31
3130.6, -4, -31
3130.7, -5, -31
3130.8, -5, -31
3130.9, -5, -31
3131, -5, -31
3131.1, -5, -31
3131.2, -5, -31
3131.3, -5, -31
3131.4, -5, -31
3131.5, -5, -31
3131.6, -5, -31
3131.7, -5, -31
3131.8, -5, -31
3131.9, -5, -31
3132, -5, -31
3132.1, -5, -31
3132.2, -5, -31
3132.3, -5, -31
3132.4, -5, -31
3132.5, -5, -31
3132.6, -5, -31
3132.7, -5, -31
3132.8, -5, -31
3132.9, -5, -31
3133, -5, -31
3133.1, -4, -31
3133.2, -4, -31
3133.3, -4, -31
3133.4, -4, -31
3133.5, -4, -31
3133.6, -4, -31
3133.7, -5, -31
3133.8, -5, -31
3133.9, -5, -31
3134, -5, -31
3134.1, -5, -31
3134.2, -5, -31
3134.3, -5, -31
3134.4, -5, -31
3134.5, -5, -31
3134.6, -5, -31
3134.7, -5, -31
3134.8, -5, -31
3134.9, -5, -31
3135, -5, -31
3135.1, -5, -31
3135.2, -5, -31
3135.3, -5, -31
3135.4, -5, -31
3135.5, -5, -31
3135.6, -5, -31
3135.7, -5, -31
3135.8, -5, -31
3135.9, -5, -31
3136, -5, -31
3136.1, -5, -31
3136.2, -5, -31
3136.3, -5, -31
3136.4, -5, -31
3136.5, -5, -31
3136.6, -5, -31
3136.7, -5, -31
3136.8, -5, -31
3136.9, -5, -31
3137, -5, -31
3137.1, -5, -31
3137.2, -5, -31
3137.3, -5, -31
3137.4, -5, -31
3137.5, -5, -31
3137.6, -5, -31
3137.7, -5, -31
3137.8, -5, -31
3137.9, -5, -31
3138, -5, -31
3138.1, -5, -31
3138.2, -5, -31
3138.3, -5, -31
3138.4, -5, -31
3138.5, -5, -31
3138.6, -5, -31
3138.7, -5, -31
3138.8, -5, -31
3138.9, -5, -32
3139, -5, -32
3139.1, -5, -32
3139.2, -5, -32
3139.3, -5, -32
3139.4, -5, -32
3139.5, -5, -32
3139.6, -5, -32
3139.7, -5, -32
3139.8, -5, -32
3139.9, -6, -32
3140, -6, -32
3140.1, -6, -32
3140.2, -6, -32
3140.3, -6, -32
3140.4, -6, -32
3140.5, -6, -32
3140.6, -6, -32
3140.7, -6, -32
3140.8, -6, -32
3140.9, -6, -32
3141, -6, -32
3141.1, -6, -32
3141.2, -6, -32
3141.3, -6, -32
3141.4, -6, -32
3141.5, -6, -32
3141.6, -6, -32
3141.7, -6, -32
3141.8, -6, -32
3141.9, -6, -32
3142, -6, -32
3142.1, -6, -32
3142.2, -6, -32
3142.3, -6, -31
3142.4, -6, -31
3142.5, -6, -31
3142.6, -6, -31
3142.7, -6, -31
3142.8, -6, -31
3142.9, -6, -31
3143, -6, -31
3143.1, -6, -31
3143.2, -6, -31
3143.3, -6, -31
3143.4, -6, -31
3143.5, -6, -31
3143.6, -6, -31
3143.7, -6, -31
3143.8, -6, -31
3143.9, -6, -31
3144, -6, -31
3144.1, -6, -31
3144.2, -6, -31
3144.3, -6, -32
3144.4, -6, -32
3144.5, -6, -32
3144.6, -6, -32
3144.7, -6, -32
3144.8, -6, -32
3144.9, -6, -32
3145, -6, -32
3145.1, -6, -32
3145.2, -6, -32
3145.3, -6, -32
3145.4, -6, -32
3145.5, -6, -32
3145.6, -6, -32
3145.7, -6, -32
3145.8, -6, -32
3145.9, -6, -32
3146, -6, -32
3146.1, -6, -32
3146.2, -6, -32
3146.3, -6, -32
3146.4, -6, -32
3146.5, -6, -32
3146.6, -6, -32
3146.7, -6, -32
3146.8, -6, -32
3146.9, -6, -32
3147, -6, -32
3147.1, -6, -32
3147.2, -6, -32
3147.3, -6, -32
3147.4, -6, -32
3147.5, -6, -32
3147.6, -6, -32
3147.7, -5, -32
3147.8, -5, -32
3147.9, -5, -32
3148, -5, -32
3148.1, -5, -32
3148.2, -5, -32
3148.3, -4, -32
3148.4, -4, -32
3148.5, -4, -32
3148.6, -4, -32
3148.7, -4, -33
3148.8, -4, -33
3148.9, -4, -33
3149, -4, -33
3149.1, -4, -33
3149.2, -4, -33
3149.3, -4, -33
3149.4, -4, -33
3149.5, -4, -33
3149.6, -4, -33
3149.7, -4, -33
3149.8, -4, -33
3149.9, -4, -33
3150, -4, -33
3150.1, -4, -33
3150.2, -4, -33
3150.3, -4, -33
3150.4, -4, -33
3150.5, -4, -33
3150.6, -4, -33
3150.7, -4, -33
3150.8, -4, -33
3150.9, -4, -33
3151, -4, -33
3151.1, -4, -34
3151.2, -4, -34
3151.3, -4, -34
3151.4, -4, -34
3151.5, -4, -34
3151.6, -4, -34
3151.7, -4, -34
3151.8, -4, -34
3151.9, -4, -34
3152, -4, -34
3152.1, -4, -34
3152.2, -4, -34
3152.3, -4, -34
3152.4, -4, -34
3152.5, -4, -34
3152.6, -4, -34
3152.7, -4, -34
3152.8, -4, -34
3152.9, -4, -34
3153, -4, -34
3153.1, -4, -34
3153.2, -4, -34
3153.3, -4, -34
3153.4, -4, -34
3153.5, -4, -34
3153.6, -4, -34
3153.7, -4, -34
3153.8, -4, -34
3153.9, -4, -34
3154, -4, -34
3154.1, -4, -34
3154.2, -4, -34
3154.3, -4, -34
3154.4, -4, -34
3154.5, -4, -34
3154.6, -4, -34
3154.7, -4, -34
3154.8, -4, -34
3154.9, -4, -34
3155, -4, -34
3155.1, -4, -34
3155.2, -4, -34
3155.3, -4, -34
3155.4, -4, -34
3155.5, -4, -34
3155.6, -4, -34
3155.7, -4, -34
3155.8, -4, -34
3155.9, -4, -34
3156, -4, -34
3156.1, -4, -34
3156.2, -4, -34
3156.3, -4, -34
3156.4, -4, -34
3156.5, -4, -34
3156.6, -4, -34
3156.7, -4, -34
3156.8, -4, -34
3156.9, -4, -34
3157, -4, -34
3157.1, -4, -34
3157.2, -4, -34
3157.3, -4, -34
3157.4, -4, -34
3157.5, -4, -34
3157.6, -4, -34
3157.7, -4, -34
3157.8, -4, -34
3157.9, -4, -34
3158, -4, -34
3158.1, -4, -33
3158.2, -4, -33
3158.3, -4, -33
3158.4, -4, -33
3158.5, -4, -33
3158.6, -4, -33
3158.7, -4, -33
3158.8, -4, -33
3158.9, -4, -33
3159, -4, -33
3159.1, -4, -34
3159.2, -4, -34
3159.3, -4, -34
3159.4, -4, -34
3159.5, -4, -34
3159.6, -4, -34
3159.7, -4, -34
3159.8, -4, -34
3159.9, -4, -34
3160, -4, -34
3160.1, -4, -34
3160.2, -4, -34
3160.3, -4, -34
3160.4, -4, -34
3160.5, -4, -34
3160.6, -4, -34
3160.7, -4, -34
3160.8, -4, -34
3160.9, -4, -34
3161, -4, -34
3161.1, -4, -34
3161.2, -4, -34
3161.3, -4, -34
3161.4, -4, -34
3161.5, -4, -34
3161.6, -4, -34
3161.7, -4, -34
3161.8, -4, -34
3161.9, -4, -34
3162, -4, -34
3162.1, -4, -34
3162.2, -4, -34
3162.3, -4, -34
3162.4, -4, -34
3162.5, -4, -34
3162.6, -4, -34
3162.7, -4, -34
3162.8, -4, -34
3162.9, -4, -34
3163, -4, -34
3163.1, -4, -34
3163.2, -4, -34
3163.3, -4, -34
3163.4, -4, -34
3163.5, -4, -34
3163.6, -4, -34
3163.7, -4, -34
3163.8, -4, -34
3163.9, -4, -34
3164, -4, -34
3164.1, -4, -34
3164.2, -4, -34
3164.3, -4, -34
3164.4, -4, -34
3164.5, -4, -34
3164.6, -4, -34
3164.7, -4, -34
3164.8, -4, -34
3164.9, -4, -34
3165, -4, -34
3165.1, -4, -34
3165.2, -4, -34
3165.3, -4, -34
3165.4, -4, -34
3165.5, -4, -34
3165.6, -4, -34
3165.7, -4, -34
3165.8, -4, -34
3165.9, -4, -34
3166, -4, -34
3166.1, -4, -34
3166.2, -4, -34
3166.3, -4, -34
3166.4, -4, -34
3166.5, -4, -34
3166.6, -4, -34
3166.7, -5, -34
3166.8, -5, -34
3166.9, -5, -34
3167, -5, -34
3167.1, -5, -34
3167.2, -5, -34
3167.3, -5, -34
3167.4, -5, -34
3167.5, -6, -34
3167.6, -6, -34
3167.7, -6, -34
3167.8, -6, -34
3167.9, -6, -34
3168, -6, -34
3168.1, -6, -34
3168.2, -6, -34
3168.3, -6, -34
3168.4, -6, -34
3168.5, -6, -35
3168.6, -6, -35
3168.7, -6, -35
3168.8, -6, -35
3168.9, -6, -35
3169, -6, -35
3169.1, -6, -35
3169.2, -6, -35
3169.3, -6, -35
3169.4, -6, -35
3169.5, -6, -35
3169.6, -6, -35
3169.7, -6, -35
3169.8, -6, -35
3169.9, -7, -35
3170, -7, -35
3170.1, -7, -35
3170.2, -7, -35
3170.3, -7, -35
3170.4, -7, -35
3170.5, -7, -35
3170.6, -7, -35
3170.7, -7, -35
3170.8, -7, -35
3170.9, -7, -35
3171, -7, -35
3171.1, -7, -35
3171.2, -7, -35
3171.3, -7, -35
3171.4, -7, -35
3171.5, -7, -35
3171.6, -7, -35
3171.7, -7, -35
3171.8, -7, -35
3171.9, -7, -35
3172, -7, -35
3172.1, -7, -35
3172.2, -7, -35
3172.3, -7, -35
3172.4, -7, -35
3172.5, -7, -35
3172.6, -7, -35
3172.7, -7, -35
3172.8, -7, -35
3172.9, -7, -36
3173, -7, -36
3173.1, -7, -36
3173.2, -7, -36
3173.3, -7, -36
3173.4, -7, -36
3173.5, -7, -36
3173.6, -7, -36
3173.7, -7, -36
3173.8, -7, -36
3173.9, -7, -36
3174, -7, -36
3174.1, -7, -36
3174.2, -7, -36
3174.3, -7, -36
3174.4, -7, -36
3174.5, -7, -36
3174.6, -7, -36
3174.7, -7, -36
3174.8, -7, -36
3174.9, -7, -36
3175, -7, -36
3175.1, -7, -36
3175.2, -7, -36
3175.3, -8, -36
3175.4, -8, -36
3175.5, -8, -36
3175.6, -8, -36
3175.7, -7, -36
3175.8, -7, -36
3175.9, -7, -36
3176, -7, -36
3176.1, -7, -36
3176.2, -7, -36
3176.3, -7, -36
3176.4, -7, -36
3176.5, -7, -36
3176.6, -7, -36
3176.7, -7, -36
3176.8, -7, -36
3176.9, -7, -36
3177, -7, -36
3177.1, -7, -36
3177.2, -7, -36
3177.3, -7, -36
3177.4, -7, -36
3177.5, -7, -36
3177.6, -7, -36
3177.7, -7, -36
3177.8, -7, -36
3177.9, -7, -36
3178, -7, -36
3178.1, -7, -36
3178.2, -7, -36
3178.3, -6, -36
3178.4, -6, -36
3178.5, -6, -36
3178.6, -6, -36
3178.7, -6, -36
3178.8, -6, -36
3178.9, -6, -36
3179, -6, -36
3179.1, -6, -36
3179.2, -6, -36
3179.3, -6, -36
3179.4, -6, -36
3179.5, -6, -36
3179.6, -6, -36
3179.7, -6, -36
3179.8, -6, -36
3179.9, -6, -36
3180, -6, -36
3180.1, -6, -36
3180.2, -6, -36
3180.3, -6, -36
3180.4, -6, -36
3180.5, -6, -36
3180.6, -6, -36
3180.7, -6, -36
3180.8, -6, -36
3180.9, -6, -36
3181, -6, -36
3181.1, -6, -36
3181.2, -6, -36
3181.3, -6, -36
3181.4, -6, -36
3181.5, -6, -36
3181.6, -6, -36
3181.7, -6, -36
3181.8, -6, -36
3181.9, -6, -36
3182, -6, -36
3182.1, -6, -36
3182.2, -6, -36
3182.3, -6, -36
3182.4, -6, -36
3182.5, -6, -36
3182.6, -6, -36
3182.7, -6, -36
3182.8, -6, -36
3182.9, -6, -36
3183, -6, -36
3183.1, -6, -36
3183.2, -6, -36
3183.3, -6, -36
3183.4, -6, -36
3183.5, -6, -36
3183.6, -6, -36
3183.7, -6, -36
3183.8, -6, -36
3183.9, -6, -36
3184, -6, -36
3184.1, -6, -36
3184.2, -6, -36
3184.3, -6, -36
3184.4, -6, -36
3184.5, -6, -36
3184.6, -6, -36
3184.7, -6, -36
3184.8, -6, -36
3184.9, -7, -36
3185, -7, -36
3185.1, -8, -36
3185.2, -8, -36
3185.3, -8, -36
3185.4, -8, -36
3185.5, -8, -36
3185.6, -8, -36
3185.7, -8, -36
3185.8, -8, -36
3185.9, -8, -36
3186, -8, -36
3186.1, -8, -36
3186.2, -8, -36
3186.3, -8, -36
3186.4, -8, -36
3186.5, -8, -36
3186.6, -8, -36
3186.7, -8, -36
3186.8, -8, -36
3186.9, -8, -36
3187, -8, -36
3187.1, -8, -36
3187.2, -8, -36
3187.3, -8, -36
3187.4, -8, -36
3187.5, -8, -36
3187.6, -8, -36
3187.7, -8, -36
3187.8, -8, -36
3187.9, -8, -36
3188, -8, -36
3188.1, -8, -36
3188.2, -8, -36
3188.3, -8, -36
3188.4, -8, -36
3188.5, -8, -36
3188.6, -8, -36
3188.7, -9, -36
3188.8, -9, -36
3188.9, -9, -36
3189, -9, -36
3189.1, -9, -36
3189.2, -9, -36
3189.3, -9, -36
3189.4, -9, -36
3189.5, -9, -36
3189.6, -9, -36
3189.7, -9, -36
3189.8, -9, -36
3189.9, -9, -36
3190, -9, -36
3190.1, -10, -36
3190.2, -10, -36
3190.3, -10, -36
3190.4, -10, -36
3190.5, -10, -36
3190.6, -10, -36
3190.7, -10, -36
3190.8, -10, -36
3190.9, -10, -36
3191, -10, -36
3191.1, -10, -36
3191.2, -10, -36
3191.3, -10, -36
3191.4, -10, -36
3191.5, -10, -36
3191.6, -10, -36
3191.7, -10, -36
3191.8, -10, -36
3191.9, -10, -36
3192, -10, -36
3192.1, -10, -36
3192.2, -10, -36
3192.3, -10, -36
3192.4, -10, -36
3192.5, -10, -36
3192.6, -10, -36
3192.7, -10, -36
3192.8, -10, -36
3192.9, -10, -36
3193, -10, -36
3193.1, -10, -36
3193.2, -10, -36
3193.3, -10, -36
3193.4, -10, -36
3193.5, -10, -36
3193.6, -10, -36
3193.7, -10, -36
3193.8, -10, -36
3193.9, -10, -36
3194, -10, -36
3194.1, -10, -36
3194.2, -10, -36
3194.3, -10, -36
3194.4, -10, -36
3194.5, -10, -36
3194.6, -10, -36
3194.7, -10, -36
3194.8, -10, -36
3194.9, -10, -36
3195, -10, -36
3195.1, -10, -36
3195.2, -10, -36
3195.3, -10, -36
3195.4, -10, -36
3195.5, -10, -36
3195.6, -10, -36
3195.7, -10, -36
3195.8, -10, -36
3195.9, -10, -36
3196, -10, -36
3196.1, -10, -36
3196.2, -10, -36
3196.3, -11, -36
3196.4, -11, -36
3196.5, -11, -36
3196.6, -11, -36
3196.7, -11, -36
3196.8, -11, -36
3196.9, -11, -36
3197, -11, -36
3197.1, -11, -35
3197.2, -11, -35
3197.3, -11, -35
3197.4, -11, -35
3197.5, -10, -35
3197.6, -10, -35
3197.7, -10, -35
3197.8, -10, -35
3197.9, -10, -35
3198, -10, -35
3198.1, -10, -35
3198.2, -10, -35
3198.3, -10, -35
3198.4, -10, -35
3198.5, -10, -35
3198.6, -10, -35
3198.7, -10, -35
3198.8, -10, -35
3198.9, -10, -35
3199, -10, -35
3199.1, -10, -35
3199.2, -10, -35
3199.3, -10, -35
3199.4, -10, -35
3199.5, -10, -35
3199.6, -10, -35
3199.7, -10, -35
3199.8, -10, -35
3199.9, -10, -35
3200, -10, -35
3200.1, -10, -35
3200.2, -10, -35
3200.3, -10, -35
3200.4, -10, -35
3200.5, -10, -35
3200.6, -10, -35
3200.7, -10, -36
3200.8, -10, -36
3200.9, -10, -36
3201, -10, -36
3201.1, -10, -36
3201.2, -10, -36
3201.3, -10, -36
3201.4, -10, -36
3201.5, -10, -36
3201.6, -10, -36
3201.7, -10, -36
3201.8, -10, -36
3201.9, -10, -36
3202, -10, -36
3202.1, -10, -35
3202.2, -10, -35
3202.3, -9, -35
3202.4, -9, -35
3202.5, -9, -35
3202.6, -9, -35
3202.7, -9, -35
3202.8, -9, -35
3202.9, -9, -35
3203, -9, -35
3203.1, -9, -35
3203.2, -9, -35
3203.3, -9, -35
3203.4, -9, -35
3203.5, -9, -35
3203.6, -9, -35
3203.7, -9, -35
3203.8, -9, -35
3203.9, -9, -35
3204, -9, -35
3204.1, -9, -35
3204.2, -9, -35
3204.3, -9, -35
3204.4, -9, -35
3204.5, -9, -35
3204.6, -9, -35
3204.7, -9, -35
3204.8, -9, -35
3204.9, -10, -35
3205, -10, -35
3205.1, -10, -35
3205.2, -10, -35
3205.3, -10, -35
3205.4, -10, -35
3205.5, -10, -35
3205.6, -10, -35
3205.7, -10, -35
3205.8, -10, -35
3205.9, -10, -35
3206, -10, -35
3206.1, -10, -35
3206.2, -10, -35
3206.3, -10, -35
3206.4, -10, -35
3206.5, -10, -35
3206.6, -10, -35
3206.7, -10, -35
3206.8, -10, -35
3206.9, -10, -35
3207, -10, -35
3207.1, -10, -35
3207.2, -10, -35
3207.3, -10, -35
3207.4, -10, -35
3207.5, -10, -35
3207.6, -10, -35
3207.7, -10, -35
3207.8, -10, -35
3207.9, -10, -35
3208, -10, -35
3208.1, -10, -35
3208.2, -10, -35
3208.3, -10, -35
3208.4, -10, -35
3208.5, -10, -35
3208.6, -10, -35
3208.7, -10, -35
3208.8, -10, -35
3208.9, -10, -35
3209, -10, -35
3209.1, -10, -35
3209.2, -10, -35
3209.3, -10, -35
3209.4, -10, -35
3209.5, -10, -35
3209.6, -10, -35
3209.7, -10, -35
3209.8, -10, -35
3209.9, -10, -35
3210, -10, -35
3210.1, -10, -35
3210.2, -10, -35
3210.3, -10, -35
3210.4, -10, -35
3210.5, -10, -35
3210.6, -10, -35
3210.7, -10, -35
3210.8, -10, -35
3210.9, -10, -35
3211, -10, -35
3211.1, -10, -35
3211.2, -10, -35
3211.3, -10, -35
3211.4, -10, -35
3211.5, -10, -35
3211.6, -10, -35
3211.7, -10, -35
3211.8, -10, -35
3211.9, -10, -35
3212, -10, -35
3212.1, -10, -35
3212.2, -10, -35
3212.3, -10, -35
3212.4, -10, -35
3212.5, -10, -34
3212.6, -10, -34
3212.7, -11, -34
3212.8, -11, -34
3212.9, -11, -34
3213, -11, -34
3213.1, -11, -34
3213.2, -11, -34
3213.3, -11, -34
3213.4, -11, -34
3213.5, -11, -34
3213.6, -11, -34
3213.7, -11, -34
3213.8, -11, -34
3213.9, -11, -34
3214, -11, -34
3214.1, -11, -34
3214.2, -11, -34
3214.3, -11, -34
3214.4, -11, -34
3214.5, -11, -34
3214.6, -11, -34
3214.7, -11, -34
3214.8, -11, -34
3214.9, -11, -34
3215, -11, -34
3215.1, -11, -34
3215.2, -11, -34
3215.3, -11, -34
3215.4, -11, -34
3215.5, -11, -34
3215.6, -11, -34
3215.7, -10, -34
3215.8, -10, -34
3215.9, -10, -34
3216, -10, -34
3216.1, -10, -34
3216.2, -10, -34
3216.3, -10, -34
3216.4, -10, -34
3216.5, -10, -34
3216.6, -10, -34
3216.7, -10, -34
3216.8, -10, -34
3216.9, -10, -34
3217, -10, -34
3217.1, -10, -34
3217.2, -10, -34
3217.3, -10, -34
3217.4, -10, -34
3217.5, -10, -34
3217.6, -10, -34
3217.7, -10, -34
3217.8, -10, -34
3217.9, -10, -34
3218, -10, -34
3218.1, -10, -34
3218.2, -10, -34
3218.3, -10, -34
3218.4, -10, -34
3218.5, -10, -35
3218.6, -10, -35
3218.7, -10, -35
3218.8, -10, -35
3218.9, -10, -35
3219, -10, -35
3219.1, -10, -35
3219.2, -10, -35
3219.3, -10, -35
3219.4, -10, -35
3219.5, -10, -35
3219.6, -10, -35
3219.7, -10, -35
3219.8, -10, -35
3219.9, -10, -35
3220, -10, -35
3220.1, -10, -35
3220.2, -10, -35
3220.3, -10, -35
3220.4, -10, -35
3220.5, -10, -35
3220.6, -10, -35
3220.7, -10, -35
3220.8, -10, -35
3220.9, -10, -35
3221, -10, -35
3221.1, -10, -35
3221.2, -10, -35
3221.3, -10, -35
3221.4, -10, -35
3221.5, -10, -35
3221.6, -10, -35
3221.7, -10, -35
3221.8, -10, -35
3221.9, -10, -35
3222, -10, -35
3222.1, -10, -35
3222.2, -10, -35
3222.3, -10, -35
3222.4, -10, -35
3222.5, -10, -35
3222.6, -10, -35
3222.7, -10, -35
3222.8, -10, -35
3222.9, -11, -35
3223, -11, -35
3223.1, -11, -35
3223.2, -11, -35
3223.3, -11, -35
3223.4, -11, -35
3223.5, -11, -35
3223.6, -11, -35
3223.7, -11, -35
3223.8, -11, -35
3223.9, -11, -35
3224, -11, -35
3224.1, -11, -35
3224.2, -11, -35
3224.3, -11, -35
3224.4, -11, -35
3224.5, -11, -35
3224.6, -11, -35
3224.7, -11, -35
3224.8, -11, -35
3224.9, -11, -35
3225, -11, -35
3225.1, -11, -35
3225.2, -11, -35
3225.3, -11, -35
3225.4, -11, -35
3225.5, -11, -35
3225.6, -11, -35
3225.7, -10, -35
3225.8, -10, -35
3225.9, -10, -35
3226, -10, -35
3226.1, -10, -35
3226.2, -10, -35
3226.3, -10, -35
3226.4, -10, -35
3226.5, -10, -35
3226.6, -10, -35
3226.7, -10, -35
3226.8, -10, -35
3226.9, -10, -35
3227, -10, -35
3227.1, -10, -35
3227.2, -10, -35
3227.3, -10, -35
3227.4, -10, -35
3227.5, -10, -35
3227.6, -10, -35
3227.7, -10, -35
3227.8, -10, -35
3227.9, -10, -35
3228, -10, -35
3228.1, -10, -35
3228.2, -10, -35
3228.3, -10, -35
3228.4, -10, -35
3228.5, -10, -35
3228.6, -10, -35
3228.7, -10, -35
3228.8, -10, -35
3228.9, -10, -35
3229, -10, -35
3229.1, -10, -35
3229.2, -10, -35
3229.3, -10, -35
3229.4, -10, -35
3229.5, -10, -35
3229.6, -10, -35
3229.7, -10, -35
3229.8, -10, -35
3229.9, -10, -35
3230, -10, -35
3230.1, -9, -35
3230.2, -9, -35
3230.3, -9, -35
3230.4, -9, -35
3230.5, -10, -35
3230.6, -10, -35
3230.7, -10, -35
3230.8, -10, -35
3230.9, -10, -35
3231, -10, -35
3231.1, -10, -35
3231.2, -10, -35
3231.3, -10, -35
3231.4, -10, -35
3231.5, -10, -35
3231.6, -10, -35
3231.7, -10, -35
3231.8, -10, -35
3231.9, -10, -35
3232, -10, -35
3232.1, -10, -35
3232.2, -10, -35
3232.3, -10, -35
3232.4, -10, -35
3232.5, -10, -35
3232.6, -10, -35
3232.7, -10, -35
3232.8, -10, -35
3232.9, -10, -35
3233, -10, -35
3233.1, -10, -35
3233.2, -10, -35
3233.3, -10, -35
3233.4, -10, -35
3233.5, -10, -35
3233.6, -10, -35
3233.7, -10, -35
3233.8, -10, -35
3233.9, -10, -35
3234, -10, -35
3234.1, -10, -35
3234.2, -10, -35
3234.3, -10, -35
3234.4, -10, -35
3234.5, -10, -35
3234.6, -10, -35
3234.7, -10, -34
3234.8, -10, -34
3234.9, -10, -34
3235, -10, -34
3235.1, -10, -34
3235.2, -10, -34
3235.3, -10, -34
3235.4, -10, -34
3235.5, -10, -34
3235.6, -10, -34
3235.7, -10, -34
3235.8, -10, -34
3235.9, -10, -34
3236, -10, -34
3236.1, -10, -34
3236.2, -10, -34
3236.3, -10, -34
3236.4, -10, -34
3236.5, -10, -34
3236.6, -10, -34
3236.7, -10, -34
3236.8, -10, -34
3236.9, -10, -34
3237, -10, -34
3237.1, -10, -34
3237.2, -10, -34
3237.3, -10, -34
3237.4, -10, -34
3237.5, -10, -34
3237.6, -10, -34
3237.7, -10, -34
3237.8, -10, -34
3237.9, -10, -34
3238, -10, -34
3238.1, -10, -34
3238.2, -10, -34
3238.3, -10, -34
3238.4, -10, -34
3238.5, -10, -34
3238.6, -10, -34
3238.7, -10, -34
3238.8, -10, -34
3238.9, -10, -34
3239, -10, -34
3239.1, -10, -34
3239.2, -10, -34
3239.3, -10, -34
3239.4, -10, -34
3239.5, -10, -33
3239.6, -10, -33
3239.7, -10, -33
3239.8, -10, -33
3239.9, -10, -33
3240, -10, -33
3240.1, -10, -33
3240.2, -10, -33
3240.3, -10, -33
3240.4, -10, -33
3240.5, -10, -33
3240.6, -10, -33
3240.7, -10, -33
3240.8, -10, -33
3240.9, -10, -33
3241, -10, -33
3241.1, -10, -33
3241.2, -10, -33
3241.3, -10, -33
3241.4, -10, -33
3241.5, -10, -33
3241.6, -10, -33
3241.7, -9, -33
3241.8, -9, -33
3241.9, -9, -33
3242, -9, -33
3242.1, -9, -33
3242.2, -9, -33
3242.3, -8, -33
3242.4, -8, -33
3242.5, -8, -34
3242.6, -8, -34
3242.7, -8, -34
3242.8, -8, -34
3242.9, -8, -34
3243, -8, -34
3243.1, -8, -34
3243.2, -8, -34
3243.3, -8, -34
3243.4, -8, -34
3243.5, -8, -34
3243.6, -8, -34
3243.7, -8, -34
3243.8, -8, -34
3243.9, -8, -34
3244, -8, -34
3244.1, -8, -34
3244.2, -8, -34
3244.3, -8, -34
3244.4, -8, -34
3244.5, -8, -34
3244.6, -8, -34
3244.7, -8, -34
3244.8, -8, -34
3244.9, -8, -34
3245, -8, -34
3245.1, -8, -34
3245.2, -8, -34
3245.3, -8, -34
3245.4, -8, -34
3245.5, -7, -34
3245.6, -7, -34
3245.7, -7, -34
3245.8, -7, -34
3245.9, -7, -34
3246, -7, -34
3246.1, -7, -34
3246.2, -7, -34
3246.3, -7, -34
3246.4, -7, -34
3246.5, -7, -34
3246.6, -7, -34
3246.7, -6, -34
3246.8, -6, -34
3246.9, -6, -34
3247, -6, -34
3247.1, -5, -34
3247.2, -5, -34
3247.3, -5, -35
3247.4, -5, -35
3247.5, -5, -35
3247.6, -5, -35
3247.7, -4, -35
3247.8, -4, -35
3247.9, -4, -35
3248, -4, -35
3248.1, -4, -35
3248.2, -4, -35
3248.3, -4, -35
3248.4, -4, -35
3248.5, -4, -35
3248.6, -4, -35
3248.7, -4, -35
3248.8, -4, -35
3248.9, -4, -35
3249, -4, -35
3249.1, -4, -35
3249.2, -4, -35
3249.3, -4, -35
3249.4, -4, -35
3249.5, -4, -35
3249.6, -4, -35
3249.7, -4, -35
3249.8, -4, -35
3249.9, -4, -35
3250, -4, -35
3250.1, -4, -35
3250.2, -4, -35
3250.3, -4, -35
3250.4, -4, -35
3250.5, -4, -35
3250.6, -4, -35
3250.7, -4, -35
3250.8, -4, -35
3250.9, -4, -35
3251, -4, -35
3251.1, -4, -35
3251.2, -4, -35
3251.3, -4, -35
3251.4, -4, -35
3251.5, -4, -35
3251.6, -4, -35
3251.7, -4, -34
3251.8, -4, -34
3251.9, -4, -34
3252, -4, -34
3252.1, -4, -34
3252.2, -4, -34
3252.3, -4, -34
3252.4, -4, -34
3252.5, -4, -34
3252.6, -4, -34
3252.7, -4, -34
3252.8, -4, -34
3252.9, -4, -34
3253, -4, -34
3253.1, -4, -34
3253.2, -4, -34
3253.3, -4, -34
3253.4, -4, -34
3253.5, -4, -34
3253.6, -4, -34
3253.7, -4, -34
3253.8, -4, -34
3253.9, -4, -34
3254, -4, -34
3254.1, -4, -34
3254.2, -4, -34
3254.3, -3, -34
3254.4, -3, -34
3254.5, -3, -34
3254.6, -3, -34
3254.7, -3, -34
3254.8, -3, -34
3254.9, -3, -34
3255, -3, -34
3255.1, -3, -34
3255.2, -3, -34
3255.3, -3, -34
3255.4, -3, -34
3255.5, -3, -34
3255.6, -3, -34
3255.7, -3, -34
3255.8, -3, -34
3255.9, -3, -34
3256, -3, -34
3256.1, -3, -34
3256.2, -3, -34
3256.3, -3, -34
3256.4, -3, -34
3256.5, -3, -34
3256.6, -3, -34
3256.7, -3, -33
3256.8, -3, -33
3256.9, -3, -33
3257, -3, -33
3257.1, -3, -33
3257.2, -3, -33
3257.3, -3, -33
3257.4, -3, -33
3257.5, -3, -33
3257.6, -3, -33
3257.7, -3, -33
3257.8, -3, -33
3257.9, -3, -33
3258, -3, -33
3258.1, -3, -33
3258.2, -3, -33
3258.3, -3, -33
3258.4, -3, -33
3258.5, -3, -33
3258.6, -3, -33
3258.7, -3, -33
3258.8, -3, -33
3258.9, -3, -33
3259, -3, -33
3259.1, -3, -33
3259.2, -3, -33
3259.3, -3, -33
3259.4, -3, -33
3259.5, -3, -33
3259.6, -3, -33
3259.7, -3, -33
3259.8, -3, -33
3259.9, -3, -33
3260, -3, -33
3260.1, -4, -33
3260.2, -4, -33
3260.3, -4, -33
3260.4, -4, -33
3260.5, -4, -33
3260.6, -4, -33
3260.7, -4, -33
3260.8, -4, -33
3260.9, -4, -33
3261, -4, -33
3261.1, -4, -33
3261.2, -4, -33
3261.3, -4, -33
3261.4, -4, -33
3261.5, -4, -33
3261.6, -4, -33
3261.7, -4, -33
3261.8, -4, -33
3261.9, -4, -33
3262, -4, -33
3262.1, -4, -33
3262.2, -4, -33
3262.3, -4, -33
3262.4, -4, -33
3262.5, -4, -33
3262.6, -4, -33
3262.7, -5, -33
3262.8, -5, -33
3262.9, -5, -33
3263, -5, -33
3263.1, -5, -33
3263.2, -5, -33
3263.3, -4, -33
3263.4, -4, -33
3263.5, -4, -33
3263.6, -4, -33
3263.7, -4, -33
3263.8, -4, -33
3263.9, -4, -33
3264, -4, -33
3264.1, -4, -33
3264.2, -4, -33
3264.3, -4, -33
3264.4, -4, -33
3264.5, -4, -33
3264.6, -4, -33
3264.7, -4, -33
3264.8, -4, -33
3264.9, -4, -33
3265, -4, -33
3265.1, -4, -33
3265.2, -4, -33
3265.3, -4, -33
3265.4, -4, -33
3265.5, -4, -34
3265.6, -4, -34
3265.7, -4, -34
3265.8, -4, -34
3265.9, -4, -34
3266, -4, -34
3266.1, -4, -34
3266.2, -4, -34
3266.3, -5, -34
3266.4, -5, -34
3266.5, -5, -34
3266.6, -5, -34
3266.7, -5, -34
3266.8, -5, -34
3266.9, -5, -34
3267, -5, -34
3267.1, -5, -34
3267.2, -5, -34
3267.3, -5, -34
3267.4, -5, -34
3267.5, -5, -34
3267.6, -5, -34
3267.7, -5, -34
3267.8, -5, -34
3267.9, -5, -34
3268, -5, -34
3268.1, -5, -34
3268.2, -5, -34
3268.3, -5, -34
3268.4, -5, -34
3268.5, -5, -34
3268.6, -5, -34
3268.7, -5, -34
3268.8, -5, -34
3268.9, -5, -34
3269, -5, -34
3269.1, -5, -34
3269.2, -5, -34
3269.3, -5, -34
3269.4, -5, -34
3269.5, -5, -34
3269.6, -5, -34
3269.7, -5, -34
3269.8, -5, -34
3269.9, -6, -34
3270, -6, -34
3270.1, -6, -34
3270.2, -6, -34
3270.3, -6, -34
3270.4, -6, -34
3270.5, -6, -34
3270.6, -6, -34
3270.7, -6, -34
3270.8, -6, -34
3270.9, -6, -34
3271, -6, -34
3271.1, -6, -34
3271.2, -6, -34
3271.3, -6, -34
3271.4, -6, -34
3271.5, -6, -34
3271.6, -6, -34
3271.7, -6, -34
3271.8, -6, -34
3271.9, -6, -34
3272, -6, -34
3272.1, -6, -34
3272.2, -6, -34
3272.3, -6, -34
3272.4, -6, -34
3272.5, -6, -34
3272.6, -6, -34
3272.7, -6, -34
3272.8, -6, -34
3272.9, -6, -34
3273, -6, -34
3273.1, -6, -34
3273.2, -6, -34
3273.3, -6, -34
3273.4, -6, -34
3273.5, -6, -34
3273.6, -6, -34
3273.7, -6, -34
3273.8, -6, -34
3273.9, -6, -34
3274, -6, -34
3274.1, -6, -34
3274.2, -6, -34
3274.3, -6, -34
3274.4, -6, -34
3274.5, -6, -34
3274.6, -6, -34
3274.7, -6, -34
3274.8, -6, -34
3274.9, -6, -34
3275, -6, -34
3275.1, -6, -34
3275.2, -6, -34
3275.3, -6, -34
3275.4, -6, -34
3275.5, -6, -34
3275.6, -6, -34
3275.7, -6, -34
3275.8, -6, -34
3275.9, -6, -34
3276, -6, -34
3276.1, -6, -34
3276.2, -6, -34
3276.3, -6, -34
3276.4, -6, -34
3276.5, -6, -34
3276.6, -6, -34
3276.7, -6, -34
3276.8, -6, -34
3276.9, -6, -35
3277, -6, -35
3277.1, -6, -34
3277.2, -6, -34
3277.3, -6, -34
3277.4, -6, -34
3277.5, -6, -34
3277.6, -6, -34
3277.7, -6, -34
3277.8, -6, -34
3277.9, -6, -34
3278, -6, -34
3278.1, -6, -34
3278.2, -6, -34
3278.3, -6, -34
3278.4, -6, -34
3278.5, -6, -33
3278.6, -6, -33
3278.7, -6, -33
3278.8, -6, -33
3278.9, -6, -33
3279, -6, -33
3279.1, -6, -33
3279.2, -6, -33
3279.3, -6, -33
3279.4, -6, -33
3279.5, -6, -33
3279.6, -6, -33
3279.7, -6, -33
3279.8, -6, -33
3279.9, -6, -33
3280, -6, -33
3280.1, -6, -33
3280.2, -6, -33
3280.3, -6, -34
3280.4, -6, -34
3280.5, -6, -34
3280.6, -6, -34
3280.7, -6, -34
3280.8, -6, -34
3280.9, -6, -34
3281, -6, -34
3281.1, -6, -34
3281.2, -6, -34
3281.3, -6, -34
3281.4, -6, -34
3281.5, -6, -34
3281.6, -6, -34
3281.7, -6, -34
3281.8, -6, -34
3281.9, -6, -34
3282, -6, -34
3282.1, -6, -34
3282.2, -6, -34
3282.3, -6, -34
3282.4, -6, -34
3282.5, -6, -34
3282.6, -6, -34
3282.7, -6, -34
3282.8, -6, -34
3282.9, -6, -34
3283, -6, -34
3283.1, -6, -34
3283.2, -6, -34
3283.3, -6, -34
3283.4, -6, -34
3283.5, -6, -34
3283.6, -6, -34
3283.7, -6, -34
3283.8, -6, -34
3283.9, -6, -34
3284, -6, -34
3284.1, -6, -34
3284.2, -6, -34
3284.3, -7, -34
3284.4, -7, -34
3284.5, -7, -34
3284.6, -7, -34
3284.7, -7, -34
3284.8, -7, -34
3284.9, -6, -34
3285, -6, -34
3285.1, -6, -34
3285.2, -6, -34
3285.3, -6, -34
3285.4, -6, -34
3285.5, -6, -34
3285.6, -6, -34
3285.7, -6, -34
3285.8, -6, -34
3285.9, -6, -34
3286, -6, -34
3286.1, -6, -35
3286.2, -6, -35
3286.3, -6, -35
3286.4, -6, -35
3286.5, -6, -35
3286.6, -6, -35
3286.7, -6, -35
3286.8, -6, -35
3286.9, -7, -35
3287, -7, -35
3287.1, -7, -34
3287.2, -7, -34
3287.3, -7, -34
3287.4, -7, -34
3287.5, -7, -34
3287.6, -7, -34
3287.7, -7, -34
3287.8, -7, -34
3287.9, -7, -34
3288, -7, -34
3288.1, -7, -34
3288.2, -7, -34
3288.3, -7, -34
3288.4, -7, -34
3288.5, -7, -34
3288.6, -7, -34
3288.7, -7, -34
3288.8, -7, -34
3288.9, -7, -34
3289, -7, -34
3289.1, -7, -34
3289.2, -7, -34
3289.3, -7, -34
3289.4, -7, -34
3289.5, -7, -34
3289.6, -7, -34
3289.7, -7, -34
3289.8, -7, -34
3289.9, -7, -34
3290, -7, -34
3290.1, -7, -34
3290.2, -7, -34
3290.3, -7, -34
3290.4, -7, -34
3290.5, -7, -34
3290.6, -7, -34
3290.7, -7, -34
3290.8, -7, -34
3290.9, -7, -34
3291, -7, -34
3291.1, -7, -34
3291.2, -7, -34
3291.3, -7, -34
3291.4, -7, -34
3291.5, -7, -34
3291.6, -7, -34
3291.7, -7, -33
3291.8, -7, -33
3291.9, -7, -33
3292, -7, -33
3292.1, -7, -33
3292.2, -7, -33
3292.3, -7, -33
3292.4, -7, -33
3292.5, -7, -33
3292.6, -7, -33
3292.7, -7, -33
3292.8, -7, -33
3292.9, -7, -33
3293, -7, -33
3293.1, -7, -33
3293.2, -7, -33
3293.3, -7, -33
3293.4, -7, -33
3293.5, -7, -33
3293.6, -7, -33
3293.7, -7, -33
3293.8, -7, -33
3293.9, -7, -33
3294, -7, -33
3294.1, -7, -33
3294.2, -7, -33
3294.3, -7, -33
3294.4, -7, -33
3294.5, -7, -33
3294.6, -7, -33
3294.7, -7, -33
3294.8, -7, -33
3294.9, -7, -33
3295, -7, -33
3295.1, -7, -33
3295.2, -7, -33
3295.3, -7, -33
3295.4, -7, -33
3295.5, -7, -33
3295.6, -7, -33
3295.7, -7, -33
3295.8, -7, -33
3295.9, -7, -33
3296, -7, -33
3296.1, -7, -33
3296.2, -7, -33
3296.3, -7, -33
3296.4, -7, -33
3296.5, -7, -33
3296.6, -7, -33
3296.7, -7, -33
3296.8, -7, -33
3296.9, -7, -33
3297, -7, -33
3297.1, -7, -33
3297.2, -7, -33
3297.3, -7, -33
3297.4, -7, -33
3297.5, -7, -33
3297.6, -7, -33
3297.7, -7, -33
3297.8, -7, -33
3297.9, -7, -33
3298, -7, -33
3298.1, -7, -33
3298.2, -7, -33
3298.3, -7, -33
3298.4, -7, -33
3298.5, -7, -33
3298.6, -7, -33
3298.7, -7, -33
3298.8, -7, -33
3298.9, -7, -33
3299, -7, -33
3299.1, -7, -33
3299.2, -7, -33
3299.3, -7, -33
3299.4, -7, -33
3299.5, -7, -33
3299.6, -7, -33
3299.7, -7, -33
3299.8, -7, -33
3299.9, -7, -33
3300, -7, -33
3300.1, -7, -33
3300.2, -7, -33
3300.3, -7, -33
3300.4, -7, -33
3300.5, -7, -33
3300.6, -7, -33
3300.7, -8, -33
3300.8, -8, -33
3300.9, -7, -33
3301, -7, -33
3301.1, -7, -33
3301.2, -7, -33
3301.3, -7, -33
3301.4, -7, -33
3301.5, -7, -33
3301.6, -7, -33
3301.7, -7, -33
3301.8, -7, -33
3301.9, -7, -33
3302, -7, -33
3302.1, -7, -33
3302.2, -7, -33
3302.3, -7, -33
3302.4, -7, -33
3302.5, -7, -33
3302.6, -7, -33
3302.7, -7, -33
3302.8, -7, -33
3302.9, -7, -33
3303, -7, -33
3303.1, -7, -33
3303.2, -7, -33
3303.3, -7, -33
3303.4, -7, -33
3303.5, -7, -33
3303.6, -7, -33
3303.7, -7, -33
3303.8, -7, -33
3303.9, -7, -33
3304, -7, -33
3304.1, -7, -33
3304.2, -7, -33
3304.3, -7, -33
3304.4, -7, -33
3304.5, -7, -33
3304.6, -7, -33
3304.7, -7, -34
3304.8, -7, -34
3304.9, -7, -34
3305, -7, -34
3305.1, -7, -34
3305.2, -7, -34
3305.3, -7, -34
3305.4, -7, -34
3305.5, -7, -34
3305.6, -7, -34
3305.7, -7, -34
3305.8, -7, -34
3305.9, -7, -34
3306, -7, -34
3306.1, -7, -34
3306.2, -7, -34
3306.3, -7, -34
3306.4, -7, -34
3306.5, -7, -34
3306.6, -7, -34
3306.7, -7, -34
3306.8, -7, -34
3306.9, -7, -34
3307, -7, -34
3307.1, -7, -34
3307.2, -7, -34
3307.3, -7, -34
3307.4, -7, -34
3307.5, -7, -34
3307.6, -7, -34
3307.7, -7, -34
3307.8, -7, -34
3307.9, -7, -34
3308, -7, -34
3308.1, -7, -34
3308.2, -7, -34
3308.3, -6, -34
3308.4, -6, -34
3308.5, -6, -34
3308.6, -6, -34
3308.7, -6, -34
3308.8, -6, -34
3308.9, -6, -34
3309, -6, -34
3309.1, -6, -34
3309.2, -6, -34
3309.3, -6, -34
3309.4, -6, -34
3309.5, -6, -34
3309.6, -6, -34
3309.7, -6, -34
3309.8, -6, -34
3309.9, -6, -34
3310, -6, -34
3310.1, -6, -34
3310.2, -6, -34
3310.3, -6, -35
3310.4, -6, -35
3310.5, -6, -35
3310.6, -6, -35
3310.7, -6, -35
3310.8, -6, -35
3310.9, -6, -35
3311, -6, -35
3311.1, -6, -35
3311.2, -6, -35
3311.3, -6, -35
3311.4, -6, -35
3311.5, -6, -35
3311.6, -6, -35
3311.7, -6, -35
3311.8, -6, -35
3311.9, -6, -35
3312, -6, -35
3312.1, -7, -35
3312.2, -7, -35
3312.3, -7, -35
3312.4, -7, -35
3312.5, -7, -35
3312.6, -7, -35
3312.7, -7, -35
3312.8, -7, -35
3312.9, -7, -35
3313, -7, -35
3313.1, -7, -35
3313.2, -7, -35
3313.3, -7, -35
3313.4, -7, -35
3313.5, -7, -34
3313.6, -7, -34
3313.7, -7, -34
3313.8, -7, -34
3313.9, -7, -34
3314, -7, -34
3314.1, -7, -34
3314.2, -7, -34
3314.3, -7, -34
3314.4, -7, -34
3314.5, -7, -34
3314.6, -7, -34
3314.7, -7, -34
3314.8, -7, -34
3314.9, -7, -34
3315, -7, -34
3315.1, -7, -35
3315.2, -7, -35
3315.3, -7, -35
3315.4, -7, -35
3315.5, -7, -35
3315.6, -7, -35
3315.7, -7, -35
3315.8, -7, -35
3315.9, -7, -35
3316, -7, -35
3316.1, -7, -35
3316.2, -7, -35
3316.3, -7, -35
3316.4, -7, -35
3316.5, -7, -35
3316.6, -7, -35
3316.7, -7, -35
3316.8, -7, -35
3316.9, -7, -35
3317, -7, -35
3317.1, -7, -35
3317.2, -7, -35
3317.3, -7, -35
3317.4, -7, -35
3317.5, -7, -35
3317.6, -7, -35
3317.7, -7, -35
3317.8, -7, -35
3317.9, -7, -35
3318, -7, -35
3318.1, -7, -35
3318.2, -7, -35
3318.3, -7, -35
3318.4, -7, -35
3318.5, -7, -35
3318.6, -7, -35
3318.7, -7, -35
3318.8, -7, -35
3318.9, -7, -35
3319, -7, -35
3319.1, -7, -35
3319.2, -7, -35
3319.3, -7, -35
3319.4, -7, -35
3319.5, -7, -35
3319.6, -7, -35
3319.7, -7, -35
3319.8, -7, -35
3319.9, -7, -35
3320, -7, -35
3320.1, -7, -35
3320.2, -7, -35
3320.3, -7, -35
3320.4, -7, -35
3320.5, -7, -35
3320.6, -7, -35
3320.7, -7, -35
3320.8, -7, -35
3320.9, -7, -35
3321, -7, -35
3321.1, -7, -35
3321.2, -7, -35
3321.3, -7, -35
3321.4, -7, -35
3321.5, -7, -35
3321.6, -7, -35
3321.7, -7, -35
3321.8, -7, -35
3321.9, -7, -35
3322, -7, -35
3322.1, -7, -35
3322.2, -7, -35
3322.3, -7, -35
3322.4, -7, -35
3322.5, -7, -35
3322.6, -7, -35
3322.7, -7, -35
3322.8, -7, -35
3322.9, -7, -35
3323, -7, -35
3323.1, -7, -35
3323.2, -7, -35
3323.3, -7, -35
3323.4, -7, -35
3323.5, -7, -35
3323.6, -7, -35
3323.7, -7, -35
3323.8, -7, -35
3323.9, -7, -35
3324, -7, -35
3324.1, -7, -35
3324.2, -7, -35
3324.3, -7, -35
3324.4, -7, -35
3324.5, -7, -35
3324.6, -7, -35
3324.7, -8, -35
3324.8, -8, -35
3324.9, -8, -35
3325, -8, -35
3325.1, -9, -35
3325.2, -9, -35
3325.3, -9, -35
3325.4, -9, -35
3325.5, -9, -35
3325.6, -9, -35
3325.7, -9, -35
3325.8, -9, -35
3325.9, -9, -35
3326, -9, -35
3326.1, -9, -35
3326.2, -9, -35
3326.3, -9, -35
3326.4, -9, -35
3326.5, -9, -35
3326.6, -9, -35
3326.7, -9, -36
3326.8, -9, -36
3326.9, -9, -36
3327, -9, -36
3327.1, -9, -36
3327.2, -9, -36
3327.3, -9, -36
3327.4, -9, -36
3327.5, -9, -36
3327.6, -9, -36
3327.7, -9, -36
3327.8, -9, -36
3327.9, -9, -36
3328, -9, -36
3328.1, -9, -36
3328.2, -9, -36
3328.3, -9, -36
3328.4, -9, -36
3328.5, -9, -36
3328.6, -9, -36
3328.7, -9, -36
3328.8, -9, -36
3328.9, -9, -36
3329, -9, -36
3329.1, -9, -36
3329.2, -9, -36
3329.3, -9, -36
3329.4, -9, -36
3329.5, -9, -36
3329.6, -9, -36
3329.7, -9, -36
3329.8, -9, -36
3329.9, -9, -36
3330, -9, -36
3330.1, -9, -36
3330.2, -9, -36
3330.3, -9, -36
3330.4, -9, -36
3330.5, -8, -36
3330.6, -8, -36
3330.7, -8, -36
3330.8, -8, -36
3330.9, -7, -36
3331, -7, -36
3331.1, -7, -36
3331.2, -7, -36
3331.3, -7, -36
3331.4, -7, -36
3331.5, -7, -36
3331.6, -7, -36
3331.7, -7, -36
3331.8, -7, -36
3331.9, -7, -36
3332, -7, -36
3332.1, -7, -37
3332.2, -7, -37
3332.3, -7, -37
3332.4, -7, -37
3332.5, -7, -37
3332.6, -7, -37
3332.7, -7, -37
3332.8, -7, -37
3332.9, -7, -37
3333, -7, -37
3333.1, -7, -37
3333.2, -7, -37
3333.3, -7, -37
3333.4, -7, -37
3333.5, -7, -37
3333.6, -7, -37
3333.7, -7, -37
3333.8, -7, -37
3333.9, -6, -37
3334, -6, -37
3334.1, -6, -37
3334.2, -6, -37
3334.3, -6, -37
3334.4, -6, -37
3334.5, -6, -37
3334.6, -6, -37
3334.7, -6, -37
3334.8, -6, -37
3334.9, -6, -37
3335, -6, -37
3335.1, -6, -37
3335.2, -6, -37
3335.3, -6, -37
3335.4, -6, -37
3335.5, -6, -36
3335.6, -6, -36
3335.7, -6, -36
3335.8, -6, -36
3335.9, -5, -36
3336, -5, -36
3336.1, -5, -36
3336.2, -5, -36
3336.3, -5, -36
3336.4, -5, -36
3336.5, -5, -36
3336.6, -5, -36
3336.7, -5, -36
3336.8, -5, -36
3336.9, -5, -36
3337, -5, -36
3337.1, -5, -36
3337.2, -5, -36
3337.3, -5, -36
3337.4, -5, -36
3337.5, -5, -36
3337.6, -5, -36
3337.7, -5, -36
3337.8, -5, -36
3337.9, -5, -36
3338, -5, -36
3338.1, -5, -36
3338.2, -5, -36
3338.3, -5, -36
3338.4, -5, -36
3338.5, -5, -36
3338.6, -5, -36
3338.7, -5, -36
3338.8, -5, -36
3338.9, -5, -36
3339, -5, -36
3339.1, -5, -36
3339.2, -5, -36
3339.3, -5, -36
3339.4, -5, -36
3339.5, -5, -36
3339.6, -5, -36
3339.7, -5, -36
3339.8, -5, -36
3339.9, -5, -36
3340, -5, -36
3340.1, -5, -36
3340.2, -5, -36
3340.3, -5, -36
3340.4, -5, -36
3340.5, -5, -36
3340.6, -5, -36
3340.7, -5, -36
3340.8, -5, -36
3340.9, -5, -37
3341, -5, -37
3341.1, -5, -37
3341.2, -5, -37
3341.3, -5, -37
3341.4, -5, -37
3341.5, -5, -37
3341.6, -5, -37
3341.7, -5, -37
3341.8, -5, -37
3341.9, -5, -37
3342, -5, -37
3342.1, -5, -37
3342.2, -5, -37
3342.3, -5, -37
3342.4, -5, -37
3342.5, -6, -37
3342.6, -6, -37
3342.7, -6, -37
3342.8, -6, -37
3342.9, -6, -37
3343, -6, -37
3343.1, -6, -37
3343.2, -6, -37
3343.3, -6, -37
3343.4, -6, -37
3343.5, -6, -37
3343.6, -6, -37
3343.7, -6, -37
3343.8, -6, -37
3343.9, -6, -37
3344, -6, -37
3344.1, -6, -37
3344.2, -6, -37
3344.3, -6, -37
3344.4, -6, -37
3344.5, -6, -37
3344.6, -6, -37
3344.7, -6, -37
3344.8, -6, -37
3344.9, -7, -37
3345, -7, -37
3345.1, -7, -37
3345.2, -7, -37
3345.3, -7, -37
3345.4, -7, -37
3345.5, -7, -36
3345.6, -7, -36
3345.7, -7, -36
3345.8, -7, -36
3345.9, -7, -36
3346, -7, -36
3346.1, -7, -36
3346.2, -7, -36
3346.3, -7, -36
3346.4, -7, -36
3346.5, -7, -36
3346.6, -7, -36
3346.7, -7, -36
3346.8, -7, -36
3346.9, -7, -36
3347, -7, -36
3347.1, -7, -36
3347.2, -7, -36
3347.3, -7, -36
3347.4, -7, -36
3347.5, -7, -36
3347.6, -7, -36
3347.7, -7, -36
3347.8, -7, -36
3347.9, -7, -36
3348, -7, -36
3348.1, -7, -36
3348.2, -7, -36
3348.3, -7, -36
3348.4, -7, -36
3348.5, -7, -36
3348.6, -7, -36
3348.7, -7, -36
3348.8, -7, -36
3348.9, -7, -36
3349, -7, -36
3349.1, -7, -36
3349.2, -7, -36
3349.3, -7, -36
3349.4, -7, -36
3349.5, -7, -36
3349.6, -7, -36
3349.7, -7, -36
3349.8, -7, -36
3349.9, -8, -36
3350, -8, -36
3350.1, -8, -36
3350.2, -8, -36
3350.3, -8, -36
3350.4, -8, -36
3350.5, -8, -36
3350.6, -8, -36
3350.7, -8, -36
3350.8, -8, -36
3350.9, -8, -36
3351, -8, -36
3351.1, -8, -36
3351.2, -8, -36
3351.3, -8, -37
3351.4, -8, -37
3351.5, -8, -37
3351.6, -8, -37
3351.7, -8, -37
3351.8, -8, -37
3351.9, -8, -37
3352, -8, -37
3352.1, -8, -37
3352.2, -8, -37
3352.3, -7, -37
3352.4, -7, -37
3352.5, -7, -37
3352.6, -7, -37
3352.7, -7, -37
3352.8, -7, -37
3352.9, -7, -37
3353, -7, -37
3353.1, -7, -37
3353.2, -7, -37
3353.3, -7, -37
3353.4, -7, -37
3353.5, -7, -37
3353.6, -7, -37
3353.7, -7, -37
3353.8, -7, -37
3353.9, -7, -37
3354, -7, -37
3354.1, -7, -37
3354.2, -7, -37
3354.3, -7, -37
3354.4, -7, -37
3354.5, -7, -37
3354.6, -7, -37
3354.7, -7, -37
3354.8, -7, -37
3354.9, -7, -36
3355, -7, -36
3355.1, -7, -36
3355.2, -7, -36
3355.3, -7, -36
3355.4, -7, -36
3355.5, -7, -36
3355.6, -7, -36
3355.7, -7, -36
3355.8, -7, -36
3355.9, -7, -36
3356, -7, -36
3356.1, -7, -36
3356.2, -7, -36
3356.3, -7, -36
3356.4, -7, -36
3356.5, -7, -36
3356.6, -7, -36
3356.7, -7, -36
3356.8, -7, -36
3356.9, -7, -36
3357, -7, -36
3357.1, -7, -36
3357.2, -7, -36
3357.3, -7, -36
3357.4, -7, -36
3357.5, -7, -36
3357.6, -7, -36
3357.7, -7, -36
3357.8, -7, -36
3357.9, -7, -36
3358, -7, -36
3358.1, -7, -36
3358.2, -7, -36
3358.3, -7, -36
3358.4, -7, -36
3358.5, -7, -36
3358.6, -7, -36
3358.7, -7, -36
3358.8, -7, -36
3358.9, -7, -36
3359, -7, -36
3359.1, -7, -36
3359.2, -7, -36
3359.3, -7, -36
3359.4, -7, -36
3359.5, -7, -36
3359.6, -7, -36
3359.7, -7, -36
3359.8, -7, -36
3359.9, -7, -36
3360, -7, -36
3360.1, -7, -36
3360.2, -7, -36
3360.3, -7, -36
3360.4, -7, -36
3360.5, -6, -36
3360.6, -6, -36
3360.7, -6, -36
3360.8, -6, -36
3360.9, -6, -36
3361, -6, -36
3361.1, -6, -36
3361.2, -6, -36
3361.3, -7, -36
3361.4, -7, -36
3361.5, -7, -36
3361.6, -7, -36
3361.7, -7, -36
3361.8, -7, -36
3361.9, -7, -36
3362, -7, -36
3362.1, -7, -36
3362.2, -7, -36
3362.3, -6, -36
3362.4, -6, -36
3362.5, -6, -36
3362.6, -6, -36
3362.7, -6, -36
3362.8, -6, -36
3362.9, -6, -36
3363, -6, -36
3363.1, -6, -36
3363.2, -6, -36
3363.3, -6, -36
3363.4, -6, -36
3363.5, -6, -36
3363.6, -6, -36
3363.7, -6, -36
3363.8, -6, -36
3363.9, -6, -36
3364, -6, -36
3364.1, -6, -36
3364.2, -6, -36
3364.3, -6, -36
3364.4, -6, -36
3364.5, -6, -36
3364.6, -6, -36
3364.7, -6, -36
3364.8, -6, -36
3364.9, -6, -36
3365, -6, -36
3365.1, -6, -36
3365.2, -6, -36
3365.3, -6, -36
3365.4, -6, -36
3365.5, -6, -36
3365.6, -6, -36
3365.7, -6, -36
3365.8, -6, -36
3365.9, -6, -36
3366, -6, -36
3366.1, -6, -36
3366.2, -6, -36
3366.3, -6, -36
3366.4, -6, -36
3366.5, -6, -36
3366.6, -6, -36
3366.7, -6, -36
3366.8, -6, -36
3366.9, -7, -36
3367, -7, -36
3367.1, -7, -36
3367.2, -7, -36
3367.3, -7, -36
3367.4, -7, -36
3367.5, -7, -36
3367.6, -7, -36
3367.7, -7, -36
3367.8, -7, -36
3367.9, -7, -36
3368, -7, -36
3368.1, -7, -36
3368.2, -7, -36
3368.3, -7, -36
3368.4, -7, -36
3368.5, -7, -36
3368.6, -7, -36
3368.7, -7, -36
3368.8, -7, -36
3368.9, -7, -36
3369, -7, -36
3369.1, -7, -36
3369.2, -7, -36
3369.3, -7, -36
3369.4, -7, -36
3369.5, -7, -36
3369.6, -7, -36
3369.7, -7, -36
3369.8, -7, -36
3369.9, -7, -36
3370, -7, -36
3370.1, -7, -36
3370.2, -7, -36
3370.3, -7, -36
3370.4, -7, -36
3370.5, -7, -36
3370.6, -7, -36
3370.7, -7, -36
3370.8, -7, -36
3370.9, -7, -36
3371, -7, -36
3371.1, -7, -36
3371.2, -7, -36
3371.3, -7, -36
3371.4, -7, -36
3371.5, -7, -36
3371.6, -7, -36
3371.7, -7, -36
3371.8, -7, -36
3371.9, -7, -36
3372, -7, -36
3372.1, -7, -36
3372.2, -7, -36
3372.3, -7, -36
3372.4, -7, -36
3372.5, -7, -36
3372.6, -7, -36
3372.7, -7, -36
3372.8, -7, -36
3372.9, -6, -36
3373, -6, -36
3373.1, -5, -36
3373.2, -5, -36
3373.3, -5, -36
3373.4, -5, -36
3373.5, -5, -35
3373.6, -5, -35
3373.7, -5, -35
3373.8, -5, -35
3373.9, -5, -35
3374, -5, -35
3374.1, -5, -35
3374.2, -5, -35
3374.3, -6, -35
3374.4, -6, -35
3374.5, -6, -35
3374.6, -6, -35
3374.7, -6, -35
3374.8, -6, -35
3374.9, -6, -35
3375, -6, -35
3375.1, -6, -35
3375.2, -6, -35
3375.3, -6, -35
3375.4, -6, -35
3375.5, -6, -35
3375.6, -6, -35
3375.7, -6, -34
3375.8, -6, -34
3375.9, -6, -34
3376, -6, -34
3376.1, -6, -34
3376.2, -6, -34
3376.3, -6, -34
3376.4, -6, -34
3376.5, -6, -34
3376.6, -6, -34
3376.7, -6, -34
3376.8, -6, -34
3376.9, -6, -34
3377, -6, -34
3377.1, -6, -34
3377.2, -6, -34
3377.3, -6, -34
3377.4, -6, -34
3377.5, -6, -34
3377.6, -6, -34
3377.7, -6, -34
3377.8, -6, -34
3377.9, -6, -34
3378, -6, -34
3378.1, -6, -34
3378.2, -6, -34
3378.3, -6, -34
3378.4, -6, -34
3378.5, -6, -34
3378.6, -6, -34
3378.7, -6, -34
3378.8, -6, -34
3378.9, -6, -34
3379, -6, -34
3379.1, -6, -34
3379.2, -6, -34
3379.3, -6, -34
3379.4, -6, -34
3379.5, -6, -34
3379.6, -6, -34
3379.7, -6, -34
3379.8, -6, -34
3379.9, -6, -34
3380, -6, -34
3380.1, -6, -34
3380.2, -6, -34
3380.3, -6, -34
3380.4, -6, -34
3380.5, -6, -34
3380.6, -6, -34
3380.7, -7, -34
3380.8, -7, -34
3380.9, -7, -34
3381, -7, -34
3381.1, -7, -34
3381.2, -7, -34
3381.3, -7, -34
3381.4, -7, -34
3381.5, -7, -34
3381.6, -7, -34
3381.7, -7, -34
3381.8, -7, -34
3381.9, -7, -34
3382, -7, -34
3382.1, -7, -33
3382.2, -7, -33
3382.3, -7, -33
3382.4, -7, -33
3382.5, -7, -33
3382.6, -7, -33
3382.7, -7, -33
3382.8, -7, -33
3382.9, -7, -33
3383, -7, -33
3383.1, -7, -33
3383.2, -7, -33
3383.3, -7, -33
3383.4, -7, -33
3383.5, -8, -33
3383.6, -8, -33
3383.7, -8, -33
3383.8, -8, -33
3383.9, -8, -33
3384, -8, -33
3384.1, -8, -33
3384.2, -8, -33
3384.3, -8, -33
3384.4, -8, -33
3384.5, -8, -33
3384.6, -8, -33
3384.7, -8, -33
3384.8, -8, -33
3384.9, -8, -33
3385, -8, -33
3385.1, -8, -33
3385.2, -8, -33
3385.3, -8, -33
3385.4, -8, -33
3385.5, -9, -33
3385.6, -9, -33
3385.7, -9, -33
3385.8, -9, -33
3385.9, -10, -33
3386, -10, -33
3386.1, -10, -33
3386.2, -10, -33
3386.3, -10, -33
3386.4, -10, -33
3386.5, -10, -33
3386.6, -10, -33
3386.7, -10, -33
3386.8, -10, -33
3386.9, -10, -33
3387, -10, -33
3387.1, -10, -33
3387.2, -10, -33
3387.3, -10, -34
3387.4, -10, -34
3387.5, -10, -34
3387.6, -10, -34
3387.7, -10, -34
3387.8, -10, -34
3387.9, -10, -34
3388, -10, -34
3388.1, -10, -34
3388.2, -10, -34
3388.3, -10, -34
3388.4, -10, -34
3388.5, -10, -35
3388.6, -10, -35
3388.7, -10, -35
3388.8, -10, -35
3388.9, -10, -35
3389, -10, -35
3389.1, -10, -35
3389.2, -10, -35
3389.3, -10, -35
3389.4, -10, -35
3389.5, -10, -35
3389.6, -10, -35
3389.7, -10, -35
3389.8, -10, -35
3389.9, -10, -35
3390, -10, -35
3390.1, -10, -35
3390.2, -10, -35
3390.3, -10, -35
3390.4, -10, -35
3390.5, -10, -34
3390.6, -10, -34
3390.7, -10, -34
3390.8, -10, -34
3390.9, -10, -34
3391, -10, -34
3391.1, -10, -34
3391.2, -10, -34
3391.3, -10, -34
3391.4, -10, -34
3391.5, -10, -34
3391.6, -10, -34
3391.7, -10, -34
3391.8, -10, -34
3391.9, -10, -34
3392, -10, -34
3392.1, -10, -34
3392.2, -10, -34
3392.3, -11, -34
3392.4, -11, -34
3392.5, -11, -34
3392.6, -11, -34
3392.7, -11, -34
3392.8, -11, -34
3392.9, -11, -34
3393, -11, -34
3393.1, -11, -34
3393.2, -11, -34
3393.3, -11, -34
3393.4, -11, -34
3393.5, -11, -34
3393.6, -11, -34
3393.7, -11, -34
3393.8, -11, -34
3393.9, -11, -34
3394, -11, -34
3394.1, -11, -34
3394.2, -11, -34
3394.3, -11, -34
3394.4, -11, -34
3394.5, -11, -34
3394.6, -11, -34
3394.7, -11, -34
3394.8, -11, -34
3394.9, -11, -34
3395, -11, -34
3395.1, -11, -34
3395.2, -11, -34
3395.3, -11, -34
3395.4, -11, -34
3395.5, -11, -34
3395.6, -11, -34
3395.7, -11, -34
3395.8, -11, -34
3395.9, -11, -34
3396, -11, -34
3396.1, -11, -34
3396.2, -11, -34
3396.3, -11, -35
3396.4, -11, -35
3396.5, -11, -34
3396.6, -11, -34
3396.7, -11, -34
3396.8, -11, -34
3396.9, -11, -33
3397, -11, -33
3397.1, -11, -33
3397.2, -11, -33
3397.3, -11, -33
3397.4, -11, -33
3397.5, -11, -33
3397.6, -11, -33
3397.7, -11, -33
3397.8, -11, -33
3397.9, -11, -33
3398, -11, -33
3398.1, -11, -33
3398.2, -11, -33
3398.3, -10, -33
3398.4, -10, -33
3398.5, -10, -33
3398.6, -10, -33
3398.7, -10, -33
3398.8, -10, -33
3398.9, -10, -33
3399, -10, -33
3399.1, -10, -33
3399.2, -10, -33
3399.3, -10, -33
3399.4, -10, -33
3399.5, -10, -33
3399.6, -10, -33
3399.7, -10, -33
3399.8, -10, -33
3399.9, -10, -33
3400, -10, -33
3400.1, -10, -33
3400.2, -10, -33
3400.3, -10, -33
3400.4, -10, -33
3400.5, -9, -33
3400.6, -9, -33
3400.7, -9, -33
3400.8, -9, -33
3400.9, -9, -33
3401, -9, -33
3401.1, -9, -33
3401.2, -9, -33
3401.3, -9, -33
3401.4, -9, -33
3401.5, -10, -33
3401.6, -10, -33
3401.7, -10, -33
3401.8, -10, -33
3401.9, -10, -33
3402, -10, -33
3402.1, -10, -33
3402.2, -10, -33
3402.3, -10, -33
3402.4, -10, -33
3402.5, -10, -33
3402.6, -10, -33
3402.7, -10, -33
3402.8, -10, -33
3402.9, -9, -33
3403, -9, -33
3403.1, -9, -33
3403.2, -9, -33
3403.3, -9, -33
3403.4, -9, -33
3403.5, -9, -33
3403.6, -9, -33
3403.7, -9, -33
3403.8, -9, -33
3403.9, -9, -33
3404, -9, -33
3404.1, -9, -33
3404.2, -9, -33
3404.3, -9, -33
3404.4, -9, -33
3404.5, -9, -33
3404.6, -9, -33
3404.7, -9, -33
3404.8, -9, -33
3404.9, -9, -33
3405, -9, -33
3405.1, -9, -33
3405.2, -9, -33
3405.3, -9, -33
3405.4, -9, -33
3405.5, -9, -33
3405.6, -9, -33
3405.7, -9, -33
3405.8, -9, -33
3405.9, -9, -33
3406, -9, -33
3406.1, -9, -33
3406.2, -9, -33
3406.3, -9, -33
3406.4, -9, -33
3406.5, -9, -33
3406.6, -9, -33
3406.7, -9, -33
3406.8, -9, -33
3406.9, -8, -33
3407, -8, -33
3407.1, -8, -33
3407.2, -8, -33
3407.3, -7, -33
3407.4, -7, -33
3407.5, -7, -33
3407.6, -7, -33
3407.7, -7, -33
3407.8, -7, -33
3407.9, -7, -33
3408, -7, -33
3408.1, -7, -33
3408.2, -7, -33
3408.3, -7, -33
3408.4, -7, -33
3408.5, -7, -33
3408.6, -7, -33
3408.7, -7, -33
3408.8, -7, -33
3408.9, -7, -33
3409, -7, -33
3409.1, -7, -33
3409.2, -7, -33
3409.3, -7, -33
3409.4, -7, -33
3409.5, -7, -33
3409.6, -7, -33
3409.7, -7, -33
3409.8, -7, -33
3409.9, -7, -33
3410, -7, -33
3410.1, -7, -33
3410.2, -7, -33
3410.3, -7, -33
3410.4, -7, -33
3410.5, -7, -33
3410.6, -7, -33
3410.7, -7, -33
3410.8, -7, -33
3410.9, -7, -33
3411, -7, -33
3411.1, -7, -33
3411.2, -7, -33
3411.3, -7, -33
3411.4, -7, -33
3411.5, -7, -33
3411.6, -7, -33
3411.7, -7, -33
3411.8, -7, -33
3411.9, -7, -33
3412, -7, -33
3412.1, -7, -33
3412.2, -7, -33
3412.3, -7, -33
3412.4, -7, -33
3412.5, -7, -33
3412.6, -7, -33
3412.7, -7, -33
3412.8, -7, -33
3412.9, -7, -33
3413, -7, -33
3413.1, -7, -33
3413.2, -7, -33
3413.3, -7, -33
3413.4, -7, -33
3413.5, -7, -33
3413.6, -7, -33
3413.7, -7, -33
3413.8, -7, -33
3413.9, -7, -33
3414, -7, -33
3414.1, -7, -33
3414.2, -7, -33
3414.3, -7, -33
3414.4, -7, -33
3414.5, -7, -33
3414.6, -7, -33
3414.7, -7, -33
3414.8, -7, -33
3414.9, -7, -33
3415, -7, -33
3415.1, -7, -33
3415.2, -7, -33
3415.3, -7, -33
3415.4, -7, -33
3415.5, -7, -33
3415.6, -7, -33
3415.7, -7, -33
3415.8, -7, -33
3415.9, -7, -33
3416, -7, -33
3416.1, -7, -33
3416.2, -7, -33
3416.3, -7, -33
3416.4, -7, -33
3416.5, -7, -33
3416.6, -7, -33
3416.7, -7, -33
3416.8, -7, -33
3416.9, -7, -33
3417, -7, -33
3417.1, -7, -33
3417.2, -7, -33
3417.3, -7, -33
3417.4, -7, -33
3417.5, -7, -33
3417.6, -7, -33
3417.7, -7, -33
3417.8, -7, -33
3417.9, -7, -33
3418, -7, -33
3418.1, -7, -33
3418.2, -7, -33
3418.3, -7, -33
3418.4, -7, -33
3418.5, -7, -34
3418.6, -7, -34
3418.7, -8, -34
3418.8, -8, -34
3418.9, -8, -34
3419, -8, -34
3419.1, -8, -34
3419.2, -8, -34
3419.3, -8, -34
3419.4, -8, -34
3419.5, -8, -34
3419.6, -8, -34
3419.7, -8, -34
3419.8, -8, -34
3419.9, -8, -34
3420, -8, -34
3420.1, -8, -34
3420.2, -8, -34
3420.3, -8, -34
3420.4, -8, -34
3420.5, -8, -34
3420.6, -8, -34
3420.7, -8, -34
3420.8, -8, -34
3420.9, -8, -34
3421, -8, -34
3421.1, -8, -34
3421.2, -8, -34
3421.3, -8, -34
3421.4, -8, -34
3421.5, -8, -34
3421.6, -8, -34
3421.7, -8, -34
3421.8, -8, -34
3421.9, -8, -34
3422, -8, -34
3422.1, -8, -34
3422.2, -8, -34
3422.3, -8, -34
3422.4, -8, -34
3422.5, -8, -34
3422.6, -8, -34
3422.7, -9, -34
3422.8, -9, -34
3422.9, -9, -34
3423, -9, -34
3423.1, -10, -34
3423.2, -10, -34
3423.3, -10, -34
3423.4, -10, -34
3423.5, -10, -34
3423.6, -10, -34
3423.7, -10, -34
3423.8, -10, -34
3423.9, -10, -34
3424, -10, -34
3424.1, -10, -34
3424.2, -10, -34
3424.3, -10, -34
3424.4, -10, -34
3424.5, -10, -34
3424.6, -10, -34
3424.7, -10, -34
3424.8, -10, -34
3424.9, -10, -34
3425, -10, -34
3425.1, -10, -34
3425.2, -10, -34
3425.3, -10, -34
3425.4, -10, -34
3425.5, -10, -35
3425.6, -10, -35
3425.7, -11, -35
3425.8, -11, -35
3425.9, -11, -35
3426, -11, -35
3426.1, -11, -35
3426.2, -11, -35
3426.3, -11, -35
3426.4, -11, -35
3426.5, -11, -35
3426.6, -11, -35
3426.7, -11, -35
3426.8, -11, -35
3426.9, -11, -35
3427, -11, -35
3427.1, -11, -35
3427.2, -11, -35
3427.3, -11, -36
3427.4, -11, -36
3427.5, -11, -36
3427.6, -11, -36
3427.7, -11, -36
3427.8, -11, -36
3427.9, -12, -36
3428, -12, -36
3428.1, -12, -36
3428.2, -12, -36
3428.3, -11, -36
3428.4, -11, -36
3428.5, -11, -36
3428.6, -11, -36
3428.7, -11, -36
3428.8, -11, -36
3428.9, -11, -36
3429, -11, -36
3429.1, -11, -36
3429.2, -11, -36
3429.3, -11, -36
3429.4, -11, -36
3429.5, -11, -36
3429.6, -11, -36
3429.7, -11, -36
3429.8, -11, -36
3429.9, -11, -36
3430, -11, -36
3430.1, -11, -37
3430.2, -11, -37
3430.3, -10, -37
3430.4, -10, -37
3430.5, -10, -37
3430.6, -10, -37
3430.7, -10, -37
3430.8, -10, -37
3430.9, -10, -37
3431, -10, -37
3431.1, -10, -37
3431.2, -10, -37
3431.3, -10, -37
3431.4, -10, -37
3431.5, -10, -37
3431.6, -10, -37
3431.7, -10, -37
3431.8, -10, -37
3431.9, -10, -37
3432, -10, -37
3432.1, -10, -37
3432.2, -10, -37
3432.3, -10, -37
3432.4, -10, -37
3432.5, -10, -37
3432.6, -10, -37
3432.7, -10, -37
3432.8, -10, -37
3432.9, -10, -37
3433, -10, -37
3433.1, -10, -37
3433.2, -10, -37
3433.3, -10, -37
3433.4, -10, -37
3433.5, -10, -37
3433.6, -10, -37
3433.7, -10, -37
3433.8, -10, -37
3433.9, -10, -37
3434, -10, -37
3434.1, -10, -37
3434.2, -10, -37
3434.3, -10, -37
3434.4, -10, -37
3434.5, -10, -37
3434.6, -10, -37
3434.7, -10, -37
3434.8, -10, -37
3434.9, -10, -37
3435, -10, -37
3435.1, -10, -37
3435.2, -10, -37
3435.3, -10, -37
3435.4, -10, -37
3435.5, -10, -37
3435.6, -10, -37
3435.7, -10, -37
3435.8, -10, -37
3435.9, -9, -37
3436, -9, -37
3436.1, -9, -37
3436.2, -9, -37
3436.3, -9, -37
3436.4, -9, -37
3436.5, -9, -37
3436.6, -9, -37
3436.7, -9, -37
3436.8, -9, -37
3436.9, -9, -37
3437, -9, -37
3437.1, -9, -37
3437.2, -9, -37
3437.3, -9, -37
3437.4, -9, -37
3437.5, -9, -37
3437.6, -9, -37
3437.7, -9, -37
3437.8, -9, -37
3437.9, -9, -37
3438, -9, -37
3438.1, -9, -37
3438.2, -9, -37
3438.3, -9, -37
3438.4, -9, -37
3438.5, -8, -37
3438.6, -8, -37
3438.7, -8, -37
3438.8, -8, -37
3438.9, -8, -38
3439, -8, -38
3439.1, -8, -38
3439.2, -8, -38
3439.3, -7, -38
3439.4, -7, -38
3439.5, -7, -38
3439.6, -7, -38
3439.7, -7, -38
3439.8, -7, -38
3439.9, -7, -38
3440, -7, -38
3440.1, -7, -38
3440.2, -7, -38
3440.3, -7, -38
3440.4, -7, -38
3440.5, -7, -38
3440.6, -7, -38
3440.7, -7, -38
3440.8, -7, -38
3440.9, -7, -38
3441, -7, -38
3441.1, -7, -38
3441.2, -7, -38
3441.3, -7, -38
3441.4, -7, -38
3441.5, -7, -39
3441.6, -7, -39
3441.7, -7, -39
3441.8, -7, -39
3441.9, -7, -39
3442, -7, -39
3442.1, -7, -39
3442.2, -7, -39
3442.3, -7, -39
3442.4, -7, -39
3442.5, -7, -39
3442.6, -7, -39
3442.7, -7, -39
3442.8, -7, -39
3442.9, -6, -39
3443, -6, -39
3443.1, -6, -39
3443.2, -6, -39
3443.3, -7, -39
3443.4, -7, -39
3443.5, -7, -39
3443.6, -7, -39
3443.7, -7, -39
3443.8, -7, -39
3443.9, -7, -39
3444, -7, -39
3444.1, -7, -39
3444.2, -7, -39
3444.3, -7, -39
3444.4, -7, -39
3444.5, -8, -39
3444.6, -8, -39
3444.7, -8, -39
3444.8, -8, -39
3444.9, -8, -39
3445, -8, -39
3445.1, -7, -39
3445.2, -7, -39
3445.3, -7, -39
3445.4, -7, -39
3445.5, -7, -39
3445.6, -7, -39
3445.7, -7, -39
3445.8, -7, -39
3445.9, -7, -39
3446, -7, -39
3446.1, -7, -39
3446.2, -7, -39
3446.3, -7, -39
3446.4, -7, -39
3446.5, -8, -39
3446.6, -8, -39
3446.7, -8, -39
3446.8, -8, -39
3446.9, -8, -39
3447, -8, -39
3447.1, -8, -39
3447.2, -8, -39
3447.3, -8, -39
3447.4, -8, -39
3447.5, -8, -39
3447.6, -8, -39
3447.7, -8, -39
3447.8, -8, -39
3447.9, -8, -39
3448, -8, -39
3448.1, -8, -39
3448.2, -8, -39
3448.3, -8, -39
3448.4, -8, -39
3448.5, -8, -39
3448.6, -8, -39
3448.7, -8, -39
3448.8, -8, -39
3448.9, -8, -39
3449, -8, -39
3449.1, -8, -39
3449.2, -8, -39
3449.3, -8, -39
3449.4, -8, -39
3449.5, -8, -40
3449.6, -8, -40
3449.7, -8, -40
3449.8, -8, -40
3449.9, -8, -40
3450, -8, -40
3450.1, -8, -40
3450.2, -8, -40
3450.3, -8, -40
3450.4, -8, -40
3450.5, -8, -40
3450.6, -8, -40
3450.7, -8, -40
3450.8, -8, -40
3450.9, -8, -40
3451, -8, -40
3451.1, -8, -40
3451.2, -8, -40
3451.3, -8, -40
3451.4, -8, -40
3451.5, -8, -40
3451.6, -8, -40
3451.7, -8, -40
3451.8, -8, -40
3451.9, -8, -40
3452, -8, -40
3452.1, -8, -40
3452.2, -8, -40
3452.3, -8, -40
3452.4, -8, -40
3452.5, -8, -40
3452.6, -8, -40
3452.7, -8, -40
3452.8, -8, -40
3452.9, -8, -40
3453, -8, -40
3453.1, -8, -40
3453.2, -8, -40
3453.3, -8, -40
3453.4, -8, -40
3453.5, -8, -40
3453.6, -8, -40
3453.7, -8, -40
3453.8, -8, -40
3453.9, -8, -40
3454, -8, -40
3454.1, -8, -40
3454.2, -8, -40
3454.3, -8, -40
3454.4, -8, -40
3454.5, -8, -39
3454.6, -8, -39
3454.7, -8, -39
3454.8, -8, -39
3454.9, -8, -40
3455, -8, -40
3455.1, -8, -40
3455.2, -8, -40
3455.3, -8, -40
3455.4, -8, -40
3455.5, -8, -40
3455.6, -8, -40
3455.7, -8, -39
3455.8, -8, -39
3455.9, -8, -39
3456, -8, -39
3456.1, -8, -39
3456.2, -8, -39
3456.3, -8, -39
3456.4, -8, -39
3456.5, -8, -39
3456.6, -8, -39
3456.7, -8, -39
3456.8, -8, -39
3456.9, -8, -39
3457, -8, -39
3457.1, -8, -39
3457.2, -8, -39
3457.3, -8, -39
3457.4, -8, -39
3457.5, -8, -39
3457.6, -8, -39
3457.7, -8, -40
3457.8, -8, -40
3457.9, -8, -40
3458, -8, -40
3458.1, -8, -40
3458.2, -8, -40
3458.3, -8, -40
3458.4, -8, -40
3458.5, -8, -40
3458.6, -8, -40
3458.7, -8, -40
3458.8, -8, -40
3458.9, -8, -40
3459, -8, -40
3459.1, -8, -40
3459.2, -8, -40
3459.3, -8, -40
3459.4, -8, -40
3459.5, -8, -40
3459.6, -8, -40
3459.7, -8, -40
3459.8, -8, -40
3459.9, -8, -40
3460, -8, -40
3460.1, -8, -40
3460.2, -8, -40
3460.3, -8, -40
3460.4, -8, -40
3460.5, -9, -40
3460.6, -9, -40
3460.7, -8, -40
3460.8, -8, -40
3460.9, -8, -40
3461, -8, -40
3461.1, -8, -40
3461.2, -8, -40
3461.3, -8, -40
3461.4, -8, -40
3461.5, -8, -40
3461.6, -8, -40
3461.7, -8, -40
3461.8, -8, -40
3461.9, -8, -40
3462, -8, -40
3462.1, -8, -40
3462.2, -8, -40
3462.3, -8, -40
3462.4, -8, -40
3462.5, -8, -40
3462.6, -8, -40
3462.7, -8, -40
3462.8, -8, -40
3462.9, -8, -40
3463, -8, -40
3463.1, -8, -40
3463.2, -8, -40
3463.3, -8, -39
3463.4, -8, -39
3463.5, -8, -39
3463.6, -8, -39
3463.7, -8, -39
3463.8, -8, -39
3463.9, -8, -39
3464, -8, -39
3464.1, -8, -39
3464.2, -8, -39
3464.3, -8, -39
3464.4, -8, -39
3464.5, -8, -39
3464.6, -8, -39
3464.7, -8, -39
3464.8, -8, -39
3464.9, -9, -39
3465, -9, -39
3465.1, -9, -39
3465.2, -9, -39
3465.3, -9, -39
3465.4, -9, -39
3465.5, -9, -39
3465.6, -9, -39
3465.7, -9, -39
3465.8, -9, -39
3465.9, -9, -39
3466, -9, -39
3466.1, -9, -39
3466.2, -9, -39
3466.3, -9, -39
3466.4, -9, -39
3466.5, -9, -39
3466.6, -9, -39
3466.7, -8, -39
3466.8, -8, -39
3466.9, -8, -39
3467, -8, -39
3467.1, -8, -39
3467.2, -8, -39
3467.3, -8, -39
3467.4, -8, -39
3467.5, -8, -39
3467.6, -8, -39
3467.7, -8, -39
3467.8, -8, -39
3467.9, -8, -39
3468, -8, -39
3468.1, -8, -39
3468.2, -8, -39
3468.3, -7, -39
3468.4, -7, -39
3468.5, -7, -39
3468.6, -7, -39
3468.7, -7, -39
3468.8, -7, -39
3468.9, -7, -39
3469, -7, -39
3469.1, -7, -39
3469.2, -7, -39
3469.3, -7, -40
3469.4, -7, -40
3469.5, -7, -40
3469.6, -7, -40
3469.7, -7, -40
3469.8, -7, -40
3469.9, -7, -40
3470, -7, -40
3470.1, -7, -40
3470.2, -7, -40
3470.3, -7, -40
3470.4, -7, -40
3470.5, -7, -40
3470.6, -7, -40
3470.7, -7, -40
3470.8, -7, -40
3470.9, -7, -40
3471, -7, -40
3471.1, -7, -40
3471.2, -7, -40
3471.3, -7, -40
3471.4, -7, -40
3471.5, -7, -40
3471.6, -7, -40
3471.7, -7, -40
3471.8, -7, -40
3471.9, -7, -40
3472, -7, -40
3472.1, -7, -40
3472.2, -7, -40
3472.3, -7, -40
3472.4, -7, -40
3472.5, -7, -40
3472.6, -7, -40
3472.7, -7, -41
3472.8, -7, -41
3472.9, -6, -41
3473, -6, -41
3473.1, -6, -41
3473.2, -6, -41
3473.3, -7, -41
3473.4, -7, -41
3473.5, -8, -41
3473.6, -8, -41
3473.7, -8, -41
3473.8, -8, -41
3473.9, -8, -41
3474, -8, -41
3474.1, -8, -41
3474.2, -8, -41
3474.3, -8, -41
3474.4, -8, -41
3474.5, -8, -41
3474.6, -8, -41
3474.7, -8, -41
3474.8, -8, -41
3474.9, -8, -41
3475, -8, -41
3475.1, -8, -41
3475.2, -8, -41
3475.3, -8, -41
3475.4, -8, -41
3475.5, -8, -40
3475.6, -8, -40
3475.7, -8, -40
3475.8, -8, -40
3475.9, -8, -40
3476, -8, -40
3476.1, -8, -40
3476.2, -8, -40
3476.3, -8, -40
3476.4, -8, -40
3476.5, -8, -39
3476.6, -8, -39
3476.7, -8, -39
3476.8, -8, -39
3476.9, -8, -39
3477, -8, -39
3477.1, -8, -39
3477.2, -8, -39
3477.3, -8, -39
3477.4, -8, -39
3477.5, -8, -39
3477.6, -8, -39
3477.7, -8, -39
3477.8, -8, -39
3477.9, -8, -39
3478, -8, -39
3478.1, -8, -39
3478.2, -8, -39
3478.3, -8, -39
3478.4, -8, -39
3478.5, -8, -39
3478.6, -8, -39
3478.7, -8, -39
3478.8, -8, -39
3478.9, -8, -40
3479, -8, -40
3479.1, -8, -40
3479.2, -8, -40
3479.3, -8, -40
3479.4, -8, -40
3479.5, -8, -40
3479.6, -8, -40
3479.7, -7, -40
3479.8, -7, -40
3479.9, -7, -40
3480, -7, -40
3480.1, -7, -40
3480.2, -7, -40
3480.3, -7, -40
3480.4, -7, -40
3480.5, -7, -40
3480.6, -7, -40
3480.7, -7, -40
3480.8, -7, -40
3480.9, -7, -40
3481, -7, -40
3481.1, -7, -40
3481.2, -7, -40
3481.3, -7, -40
3481.4, -7, -40
3481.5, -7, -40
3481.6, -7, -40
3481.7, -7, -40
3481.8, -7, -40
3481.9, -7, -40
3482, -7, -40
3482.1, -7, -40
3482.2, -7, -40
3482.3, -7, -40
3482.4, -7, -40
3482.5, -7, -40
3482.6, -7, -40
3482.7, -7, -40
3482.8, -7, -40
3482.9, -8, -40
3483, -8, -40
3483.1, -8, -40
3483.2, -8, -40
3483.3, -8, -40
3483.4, -8, -40
3483.5, -8, -40
3483.6, -8, -40
3483.7, -7, -40
3483.8, -7, -40
3483.9, -7, -40
3484, -7, -40
3484.1, -7, -40
3484.2, -7, -40
3484.3, -7, -40
3484.4, -7, -40
3484.5, -7, -40
3484.6, -7, -40
3484.7, -7, -40
3484.8, -7, -40
3484.9, -7, -40
3485, -7, -40
3485.1, -7, -40
3485.2, -7, -40
3485.3, -7, -40
3485.4, -7, -40
3485.5, -7, -40
3485.6, -7, -40
3485.7, -7, -40
3485.8, -7, -40
3485.9, -7, -40
3486, -7, -40
3486.1, -7, -40
3486.2, -7, -40
3486.3, -7, -40
3486.4, -7, -40
3486.5, -7, -40
3486.6, -7, -40
3486.7, -7, -40
3486.8, -7, -40
3486.9, -7, -41
3487, -7, -41
3487.1, -7, -41
3487.2, -7, -41
3487.3, -7, -41
3487.4, -7, -41
3487.5, -7, -41
3487.6, -7, -41
3487.7, -7, -41
3487.8, -7, -41
3487.9, -7, -41
3488, -7, -41
3488.1, -7, -40
3488.2, -7, -40
3488.3, -7, -40
3488.4, -7, -40
3488.5, -7, -40
3488.6, -7, -40
3488.7, -7, -40
3488.8, -7, -40
3488.9, -7, -40
3489, -7, -40
3489.1, -7, -40
3489.2, -7, -40
3489.3, -7, -40
3489.4, -7, -40
3489.5, -7, -41
3489.6, -7, -41
3489.7, -7, -41
3489.8, -7, -41
3489.9, -7, -41
3490, -7, -41
3490.1, -7, -41
3490.2, -7, -41
3490.3, -7, -41
3490.4, -7, -41
3490.5, -7, -41
3490.6, -7, -41
3490.7, -7, -41
3490.8, -7, -41
3490.9, -7, -41
3491, -7, -41
3491.1, -7, -41
3491.2, -7, -41
3491.3, -7, -41
3491.4, -7, -41
3491.5, -7, -41
3491.6, -7, -41
3491.7, -7, -41
3491.8, -7, -41
3491.9, -7, -41
3492, -7, -41
3492.1, -7, -41
3492.2, -7, -41
3492.3, -7, -41
3492.4, -7, -41
3492.5, -7, -41
3492.6, -7, -41
3492.7, -7, -41
3492.8, -7, -41
3492.9, -7, -41
3493, -7, -41
3493.1, -7, -41
3493.2, -7, -41
3493.3, -7, -41
3493.4, -7, -41
3493.5, -7, -42
3493.6, -7, -42
3493.7, -7, -42
3493.8, -7, -42
3493.9, -7, -42
3494, -7, -42
3494.1, -7, -42
3494.2, -7, -42
3494.3, -7, -42
3494.4, -7, -42
3494.5, -7, -41
3494.6, -7, -41
3494.7, -7, -41
3494.8, -7, -41
3494.9, -7, -41
3495, -7, -41
3495.1, -7, -41
3495.2, -7, -41
3495.3, -7, -41
3495.4, -7, -41
3495.5, -6, -41
3495.6, -6, -41
3495.7, -6, -41
3495.8, -6, -41
3495.9, -6, -41
3496, -6, -41
3496.1, -6, -41
3496.2, -6, -41
3496.3, -6, -41
3496.4, -6, -41
3496.5, -6, -41
3496.6, -6, -41
3496.7, -6, -41
3496.8, -6, -41
3496.9, -6, -41
3497, -6, -41
3497.1, -6, -41
3497.2, -6, -41
3497.3, -6, -42
3497.4, -6, -42
3497.5, -6, -43
3497.6, -6, -43
3497.7, -6, -44
3497.8, -6, -44
3497.9, -6, -44
3498, -6, -44
3498.1, -6, -44
3498.2, -6, -44
3498.3, -6, -44
3498.4, -6, -44
3498.5, -6, -43
3498.6, -6, -43
3498.7, -6, -43
3498.8, -6, -43
3498.9, -6, -43
3499, -6, -43
3499.1, -6, -43
3499.2, -6, -43
3499.3, -6, -43
3499.4, -6, -43
3499.5, -6, -43
3499.6, -6, -43
3499.7, -6, -43
3499.8, -6, -43
3499.9, -5, -43
3500, -5, -43
3500.1, -5, -43
3500.2, -5, -43
3500.3, -5, -43
3500.4, -5, -43
3500.5, -5, -43
3500.6, -5, -43
3500.7, -5, -43
3500.8, -5, -43
3500.9, -5, -43
3501, -5, -43
3501.1, -5, -43
3501.2, -5, -43
3501.3, -5, -43
3501.4, -5, -43
3501.5, -4, -43
3501.6, -4, -43
3501.7, -4, -43
3501.8, -4, -43
3501.9, -4, -43
3502, -4, -43
3502.1, -4, -43
3502.2, -4, -43
3502.3, -4, -43
3502.4, -4, -43
3502.5, -4, -43
3502.6, -4, -43
3502.7, -4, -42
3502.8, -4, -42
3502.9, -4, -42
3503, -4, -42
3503.1, -4, -42
3503.2, -4, -42
3503.3, -4, -41
3503.4, -4, -41
3503.5, -4, -41
3503.6, -4, -41
3503.7, -4, -41
3503.8, -4, -41
3503.9, -4, -41
3504, -4, -41
3504.1, -4, -41
3504.2, -4, -41
3504.3, -4, -41
3504.4, -4, -41
3504.5, -4, -41
3504.6, -4, -41
3504.7, -4, -41
3504.8, -4, -41
3504.9, -4, -41
3505, -4, -41
3505.1, -4, -41
3505.2, -4, -41
3505.3, -4, -41
3505.4, -4, -41
3505.5, -4, -41
3505.6, -4, -41
3505.7, -4, -41
3505.8, -4, -41
3505.9, -4, -41
3506, -4, -41
3506.1, -4, -41
3506.2, -4, -41
3506.3, -4, -41
3506.4, -4, -41
3506.5, -4, -41
3506.6, -4, -41
3506.7, -4, -41
3506.8, -4, -41
3506.9, -4, -41
3507, -4, -41
3507.1, -4, -41
3507.2, -4, -41
3507.3, -3, -41
3507.4, -3, -41
3507.5, -3, -41
3507.6, -3, -41
3507.7, -3, -41
3507.8, -3, -41
3507.9, -3, -40
3508, -3, -40
3508.1, -3, -40
3508.2, -3, -40
3508.3, -3, -40
3508.4, -3, -40
3508.5, -3, -40
3508.6, -3, -40
3508.7, -3, -40
3508.8, -3, -40
3508.9, -3, -40
3509, -3, -40
3509.1, -3, -40
3509.2, -3, -40
3509.3, -3, -40
3509.4, -3, -40
3509.5, -3, -40
3509.6, -3, -40
3509.7, -3, -40
3509.8, -3, -40
3509.9, -3, -40
3510, -3, -40
3510.1, -3, -40
3510.2, -3, -40
3510.3, -3, -40
3510.4, -3, -40
3510.5, -3, -41
3510.6, -3, -41
3510.7, -3, -41
3510.8, -3, -41
3510.9, -3, -41
3511, -3, -41
3511.1, -3, -41
3511.2, -3, -41
3511.3, -3, -42
3511.4, -3, -42
3511.5, -3, -42
3511.6, -3, -42
3511.7, -3, -42
3511.8, -3, -42
3511.9, -4, -42
3512, -4, -42
3512.1, -4, -42
3512.2, -4, -42
3512.3, -4, -42
3512.4, -4, -42
3512.5, -4, -42
3512.6, -4, -42
3512.7, -4, -42
3512.8, -4, -42
3512.9, -4, -42
3513, -4, -42
3513.1, -5, -42
3513.2, -5, -42
3513.3, -5, -42
3513.4, -5, -42
3513.5, -5, -42
3513.6, -5, -42
3513.7, -5, -43
3513.8, -5, -43
3513.9, -5, -43
3514, -5, -43
3514.1, -5, -43
3514.2, -5, -43
3514.3, -5, -44
3514.4, -5, -44
3514.5, -6, -44
3514.6, -6, -44
3514.7, -6, -44
3514.8, -6, -44
3514.9, -6, -44
3515, -6, -44
3515.1, -6, -44
3515.2, -6, -44
3515.3, -6, -44
3515.4, -6, -44
3515.5, -6, -44
3515.6, -6, -44
3515.7, -6, -44
3515.8, -6, -44
3515.9, -6, -44
3516, -6, -44
3516.1, -6, -44
3516.2, -6, -44
3516.3, -6, -44
3516.4, -6, -44
3516.5, -6, -44
3516.6, -6, -44
3516.7, -6, -44
3516.8, -6, -44
3516.9, -6, -44
3517, -6, -44
3517.1, -6, -44
3517.2, -6, -44
3517.3, -6, -44
3517.4, -6, -44
3517.5, -6, -44
3517.6, -6, -44
3517.7, -6, -44
3517.8, -6, -44
3517.9, -6, -44
3518, -6, -44
3518.1, -6, -44
3518.2, -6, -44
3518.3, -6, -44
3518.4, -6, -44
3518.5, -6, -44
3518.6, -6, -44
3518.7, -6, -44
3518.8, -6, -44
3518.9, -6, -44
3519, -6, -44
3519.1, -6, -44
3519.2, -6, -44
3519.3, -6, -44
3519.4, -6, -44
3519.5, -6, -44
3519.6, -6, -44
3519.7, -5, -44
3519.8, -5, -44
3519.9, -5, -44
3520, -5, -44
3520.1, -5, -44
3520.2, -5, -44
3520.3, -5, -44
3520.4, -5, -44
3520.5, -5, -44
3520.6, -5, -44
3520.7, -5, -44
3520.8, -5, -44
3520.9, -5, -44
3521, -5, -44
3521.1, -5, -44
3521.2, -5, -44
3521.3, -5, -44
3521.4, -5, -44
3521.5, -5, -44
3521.6, -5, -44
3521.7, -5, -44
3521.8, -5, -44
3521.9, -5, -44
3522, -5, -44
3522.1, -5, -44
3522.2, -5, -44
3522.3, -5, -44
3522.4, -5, -44
3522.5, -5, -44
3522.6, -5, -44
3522.7, -5, -44
3522.8, -5, -44
3522.9, -5, -44
3523, -5, -44
3523.1, -5, -44
3523.2, -5, -44
3523.3, -5, -44
3523.4, -5, -44
3523.5, -5, -44
3523.6, -5, -44
3523.7, -5, -44
3523.8, -5, -44
3523.9, -5, -44
3524, -5, -44
3524.1, -5, -44
3524.2, -5, -44
3524.3, -5, -44
3524.4, -5, -44
3524.5, -5, -44
3524.6, -5, -44
3524.7, -5, -44
3524.8, -5, -44
3524.9, -5, -44
3525, -5, -44
3525.1, -5, -44
3525.2, -5, -44
3525.3, -5, -44
3525.4, -5, -44
3525.5, -5, -44
3525.6, -5, -44
3525.7, -5, -44
3525.8, -5, -44
3525.9, -5, -44
3526, -5, -44
3526.1, -5, -44
3526.2, -5, -44
3526.3, -5, -44
3526.4, -5, -44
3526.5, -5, -44
3526.6, -5, -44
3526.7, -5, -44
3526.8, -5, -44
3526.9, -5, -45
3527, -5, -45
3527.1, -5, -45
3527.2, -5, -45
3527.3, -5, -45
3527.4, -5, -45
3527.5, -5, -45
3527.6, -5, -45
3527.7, -5, -45
3527.8, -5, -45
3527.9, -5, -44
3528, -5, -44
3528.1, -5, -43
3528.2, -5, -43
3528.3, -5, -43
3528.4, -5, -43
3528.5, -5, -43
3528.6, -5, -43
3528.7, -5, -43
3528.8, -5, -43
3528.9, -5, -43
3529, -5, -43
3529.1, -5, -42
3529.2, -5, -42
3529.3, -5, -42
3529.4, -5, -42
3529.5, -4, -42
3529.6, -4, -42
3529.7, -4, -42
3529.8, -4, -42
3529.9, -4, -42
3530, -4, -42
3530.1, -4, -42
3530.2, -4, -42
3530.3, -4, -42
3530.4, -4, -42
3530.5, -4, -42
3530.6, -4, -42
3530.7, -4, -42
3530.8, -4, -42
3530.9, -4, -42
3531, -4, -42
3531.1, -4, -41
3531.2, -4, -41
3531.3, -4, -41
3531.4, -4, -41
3531.5, -4, -41
3531.6, -4, -41
3531.7, -4, -41
3531.8, -4, -41
3531.9, -4, -41
3532, -4, -41
3532.1, -4, -41
3532.2, -4, -41
3532.3, -4, -41
3532.4, -4, -41
3532.5, -4, -41
3532.6, -4, -41
3532.7, -4, -41
3532.8, -4, -41
3532.9, -4, -41
3533, -4, -41
3533.1, -4, -41
3533.2, -4, -41
3533.3, -4, -41
3533.4, -4, -41
3533.5, -4, -41
3533.6, -4, -41
3533.7, -4, -41
3533.8, -4, -41
3533.9, -4, -41
3534, -4, -41
3534.1, -4, -41
3534.2, -4, -41
3534.3, -4, -41
3534.4, -4, -41
3534.5, -4, -40
3534.6, -4, -40
3534.7, -4, -40
3534.8, -4, -40
3534.9, -4, -40
3535, -4, -40
3535.1, -4, -40
3535.2, -4, -40
3535.3, -4, -40
3535.4, -4, -40
3535.5, -4, -40
3535.6, -4, -40
3535.7, -4, -40
3535.8, -4, -40
3535.9, -4, -40
3536, -4, -40
3536.1, -4, -40
3536.2, -4, -40
3536.3, -4, -40
3536.4, -4, -40
3536.5, -4, -39
3536.6, -4, -39
3536.7, -4, -39
3536.8, -4, -39
3536.9, -4, -39
3537, -4, -39
3537.1, -4, -39
3537.2, -4, -39
3537.3, -4, -39
3537.4, -4, -39
3537.5, -4, -39
3537.6, -4, -39
3537.7, -4, -39
3537.8, -4, -39
3537.9, -4, -39
3538, -4, -39
3538.1, -4, -39
3538.2, -4, -39
3538.3, -4, -39
3538.4, -4, -39
3538.5, -4, -39
3538.6, -4, -39
3538.7, -4, -39
3538.8, -4, -39
3538.9, -4, -39
3539, -4, -39
3539.1, -3, -39
3539.2, -3, -39
3539.3, -3, -39
3539.4, -3, -39
3539.5, -3, -39
3539.6, -3, -39
3539.7, -4, -39
3539.8, -4, -39
3539.9, -4, -39
3540, -4, -39
3540.1, -5, -39
3540.2, -5, -39
3540.3, -5, -39
3540.4, -5, -39
3540.5, -5, -39
3540.6, -5, -39
3540.7, -5, -39
3540.8, -5, -39
3540.9, -5, -39
3541, -5, -39
3541.1, -5, -39
3541.2, -5, -39
3541.3, -5, -39
3541.4, -5, -39
3541.5, -5, -39
3541.6, -5, -39
3541.7, -5, -39
3541.8, -5, -39
3541.9, -5, -39
3542, -5, -39
3542.1, -5, -39
3542.2, -5, -39
3542.3, -5, -39
3542.4, -5, -39
3542.5, -5, -39
3542.6, -5, -39
3542.7, -5, -39
3542.8, -5, -39
3542.9, -5, -39
3543, -5, -39
3543.1, -5, -39
3543.2, -5, -39
3543.3, -5, -39
3543.4, -5, -39
3543.5, -5, -39
3543.6, -5, -39
3543.7, -5, -39
3543.8, -5, -39
3543.9, -5, -39
3544, -5, -39
3544.1, -5, -39
3544.2, -5, -39
3544.3, -5, -39
3544.4, -5, -39
3544.5, -5, -39
3544.6, -5, -39
3544.7, -5, -39
3544.8, -5, -39
3544.9, -5, -39
3545, -5, -39
3545.1, -5, -39
3545.2, -5, -39
3545.3, -5, -39
3545.4, -5, -39
3545.5, -5, -39
3545.6, -5, -39
3545.7, -5, -39
3545.8, -5, -39
3545.9, -4, -39
3546, -4, -39
3546.1, -4, -39
3546.2, -4, -39
3546.3, -4, -39
3546.4, -4, -39
3546.5, -4, -39
3546.6, -4, -39
3546.7, -4, -39
3546.8, -4, -39
3546.9, -4, -39
3547, -4, -39
3547.1, -4, -39
3547.2, -4, -39
3547.3, -4, -39
3547.4, -4, -39
3547.5, -4, -39
3547.6, -4, -39
3547.7, -4, -39
3547.8, -4, -39
3547.9, -4, -39
3548, -4, -39
3548.1, -4, -39
3548.2, -4, -39
3548.3, -4, -39
3548.4, -4, -39
3548.5, -4, -39
3548.6, -4, -39
3548.7, -4, -39
3548.8, -4, -39
3548.9, -4, -40
3549, -4, -40
3549.1, -4, -40
3549.2, -4, -40
3549.3, -4, -40
3549.4, -4, -40
3549.5, -4, -40
3549.6, -4, -40
3549.7, -4, -40
3549.8, -4, -40
3549.9, -4, -40
3550, -4, -40
3550.1, -4, -40
3550.2, -4, -40
3550.3, -4, -40
3550.4, -4, -40
3550.5, -4, -40
3550.6, -4, -40
3550.7, -4, -40
3550.8, -4, -40
3550.9, -4, -40
3551, -4, -40
3551.1, -4, -40
3551.2, -4, -40
3551.3, -4, -40
3551.4, -4, -40
3551.5, -4, -40
3551.6, -4, -40
3551.7, -4, -40
3551.8, -4, -40
3551.9, -4, -40
3552, -4, -40
3552.1, -4, -40
3552.2, -4, -40
3552.3, -4, -39
3552.4, -4, -39
3552.5, -4, -39
3552.6, -4, -39
3552.7, -4, -39
3552.8, -4, -39
3552.9, -4, -39
3553, -4, -39
3553.1, -4, -39
3553.2, -4, -39
3553.3, -4, -39
3553.4, -4, -39
3553.5, -4, -39
3553.6, -4, -39
3553.7, -4, -39
3553.8, -4, -39
3553.9, -4, -39
3554, -4, -39
3554.1, -4, -39
3554.2, -4, -39
3554.3, -4, -39
3554.4, -4, -39
3554.5, -4, -39
3554.6, -4, -39
3554.7, -4, -39
3554.8, -4, -39
3554.9, -4, -39
3555, -4, -39
3555.1, -4, -39
3555.2, -4, -39
3555.3, -4, -38
3555.4, -4, -38
3555.5, -4, -38
3555.6, -4, -38
3555.7, -4, -38
3555.8, -4, -38
3555.9, -3, -38
3556, -3, -38
3556.1, -3, -38
3556.2, -3, -38
3556.3, -2, -38
3556.4, -2, -38
3556.5, -2, -38
3556.6, -2, -38
3556.7, -2, -39
3556.8, -2, -39
3556.9, -2, -39
3557, -2, -39
3557.1, -2, -39
3557.2, -2, -39
3557.3, -2, -39
3557.4, -2, -39
3557.5, -2, -39
3557.6, -2, -39
3557.7, -2, -39
3557.8, -2, -39
3557.9, -1, -39
3558, -1, -39
3558.1, -1, -39
3558.2, -1, -39
3558.3, -1, -39
3558.4, -1, -39
3558.5, -1, -39
3558.6, -1, -39
3558.7, -1, -39
3558.8, -1, -39
3558.9, -1, -39
3559, -1, -39
3559.1, -1, -39
3559.2, -1, -39
3559.3, -1, -39
3559.4, -1, -39
3559.5, -1, -39
3559.6, -1, -39
3559.7, -1, -39
3559.8, -1, -39
3559.9, -1, -39
3560, -1, -39
3560.1, -1, -39
3560.2, -1, -39
3560.3, -1, -39
3560.4, -1, -39
3560.5, -1, -39
3560.6, -1, -39
3560.7, -1, -39
3560.8, -1, -39
3560.9, -1, -39
3561, -1, -39
3561.1, -1, -39
3561.2, -1, -39
3561.3, -1, -40
3561.4, -1, -40
3561.5, -1, -40
3561.6, -1, -40
3561.7, -1, -40
3561.8, -1, -40
3561.9, -1, -40
3562, -1, -40
3562.1, -1, -40
3562.2, -1, -40
3562.3, -1, -40
3562.4, -1, -40
3562.5, -1, -40
3562.6, -1, -40
3562.7, -1, -40
3562.8, -1, -40
3562.9, -1, -40
3563, -1, -40
3563.1, -1, -40
3563.2, -1, -40
3563.3, -1, -40
3563.4, -1, -40
3563.5, -1, -40
3563.6, -1, -40
3563.7, -1, -40
3563.8, -1, -40
3563.9, -1, -40
3564, -1, -40
3564.1, -1, -40
3564.2, -1, -40
3564.3, -1, -40
3564.4, -1, -40
3564.5, -1, -40
3564.6, -1, -40
3564.7, -1, -40
3564.8, -1, -40
3564.9, -1, -40
3565, -1, -40
3565.1, -1, -40
3565.2, -1, -40
3565.3, -1, -40
3565.4, -1, -40
3565.5, -1, -40
3565.6, -1, -40
3565.7, -1, -40
3565.8, -1, -40
3565.9, -1, -40
3566, -1, -40
3566.1, -1, -40
3566.2, -1, -40
3566.3, -1, -40
3566.4, -1, -40
3566.5, -1, -40
3566.6, -1, -40
3566.7, -1, -40
3566.8, -1, -40
3566.9, -1, -40
3567, -1, -40
3567.1, -1, -40
3567.2, -1, -40
3567.3, -1, -40
3567.4, -1, -40
3567.5, -1, -40
3567.6, -1, -40
3567.7, -1, -39
3567.8, -1, -39
3567.9, -2, -39
3568, -2, -39
3568.1, -2, -39
3568.2, -2, -39
3568.3, -2, -39
3568.4, -2, -39
3568.5, -2, -39
3568.6, -2, -39
3568.7, -2, -39
3568.8, -2, -39
3568.9, -2, -39
3569, -2, -39
3569.1, -2, -39
3569.2, -2, -39
3569.3, -2, -39
3569.4, -2, -39
3569.5, -2, -39
3569.6, -2, -39
3569.7, -1, -39
3569.8, -1, -39
3569.9, -1, -39
3570, -1, -39
3570.1, -1, -39
3570.2, -1, -39
3570.3, -1, -39
3570.4, -1, -39
3570.5, -1, -39
3570.6, -1, -39
3570.7, -1, -39
3570.8, -1, -39
3570.9, -1, -39
3571, -1, -39
3571.1, -1, -39
3571.2, -1, -39
3571.3, -1, -39
3571.4, -1, -39
3571.5, -1, -39
3571.6, -1, -39
3571.7, -1, -39
3571.8, -1, -39
3571.9, -1, -39
3572, -1, -39
3572.1, -1, -39
3572.2, -1, -39
3572.3, -1, -39
3572.4, -1, -39
3572.5, -1, -39
3572.6, -1, -39
3572.7, -1, -39
3572.8, -1, -39
3572.9, -1, -39
3573, -1, -39
3573.1, -1, -39
3573.2, -1, -39
3573.3, -1, -39
3573.4, -1, -39
3573.5, -1, -39
3573.6, -1, -39
3573.7, -1, -39
3573.8, -1, -39
3573.9, -2, -39
3574, -2, -39
3574.1, -2, -39
3574.2, -2, -39
3574.3, -2, -39
3574.4, -2, -39
3574.5, -2, -39
3574.6, -2, -39
3574.7, -2, -39
3574.8, -2, -39
3574.9, -2, -39
3575, -2, -39
3575.1, -2, -39
3575.2, -2, -39
3575.3, -2, -39
3575.4, -2, -39
3575.5, -2, -39
3575.6, -2, -39
3575.7, -2, -39
3575.8, -2, -39
3575.9, -2, -39
3576, -2, -39
3576.1, -2, -39
3576.2, -2, -39
3576.3, -2, -39
3576.4, -2, -39
3576.5, -2, -39
3576.6, -2, -39
3576.7, -2, -39
3576.8, -2, -39
3576.9, -3, -39
3577, -3, -39
3577.1, -3, -39
3577.2, -3, -39
3577.3, -3, -39
3577.4, -3, -39
3577.5, -3, -39
3577.6, -3, -39
3577.7, -3, -39
3577.8, -3, -39
3577.9, -3, -39
3578, -3, -39
3578.1, -3, -38
3578.2, -3, -38
3578.3, -3, -38
3578.4, -3, -38
3578.5, -3, -38
3578.6, -3, -38
3578.7, -3, -38
3578.8, -3, -38
3578.9, -3, -38
3579, -3, -38
3579.1, -2, -38
3579.2, -2, -38
3579.3, -2, -38
3579.4, -2, -38
3579.5, -2, -38
3579.6, -2, -38
3579.7, -2, -38
3579.8, -2, -38
3579.9, -2, -38
3580, -2, -38
3580.1, -2, -38
3580.2, -2, -38
3580.3, -2, -38
3580.4, -2, -38
3580.5, -2, -38
3580.6, -2, -38
3580.7, -2, -38
3580.8, -2, -38
3580.9, -2, -38
3581, -2, -38
3581.1, -2, -38
3581.2, -2, -38
3581.3, -2, -38
3581.4, -2, -38
3581.5, -2, -38
3581.6, -2, -38
3581.7, -2, -39
3581.8, -2, -39
3581.9, -2, -39
3582, -2, -39
3582.1, -2, -39
3582.2, -2, -39
3582.3, -2, -39
3582.4, -2, -39
3582.5, -2, -39
3582.6, -2, -39
3582.7, -2, -39
3582.8, -2, -39
3582.9, -2, -39
3583, -2, -39
3583.1, -2, -39
3583.2, -2, -39
3583.3, -2, -39
3583.4, -2, -39
3583.5, -1, -39
3583.6, -1, -39
3583.7, -1, -39
3583.8, -1, -39
3583.9, -1, -39
3584, -1, -39
3584.1, -1, -39
3584.2, -1, -39
3584.3, -1, -39
3584.4, -1, -39
3584.5, -1, -40
3584.6, -1, -40
3584.7, -1, -40
3584.8, -1, -40
3584.9, -1, -40
3585, -1, -40
3585.1, -1, -40
3585.2, -1, -40
3585.3, -1, -40
3585.4, -1, -40
3585.5, -1, -40
3585.6, -1, -40
3585.7, -1, -40
3585.8, -1, -40
3585.9, -1, -40
3586, -1, -40
3586.1, -1, -40
3586.2, -1, -40
3586.3, -1, -40
3586.4, -1, -40
3586.5, -1, -40
3586.6, -1, -40
3586.7, -1, -40
3586.8, -1, -40
3586.9, -1, -40
3587, -1, -40
3587.1, -1, -40
3587.2, -1, -40
3587.3, -1, -40
3587.4, -1, -40
3587.5, -2, -40
3587.6, -2, -40
3587.7, -2, -40
3587.8, -2, -40
3587.9, -2, -40
3588, -2, -40
3588.1, -2, -40
3588.2, -2, -40
3588.3, -2, -40
3588.4, -2, -40
3588.5, -2, -40
3588.6, -2, -40
3588.7, -2, -40
3588.8, -2, -40
3588.9, -2, -40
3589, -2, -40
3589.1, -2, -40
3589.2, -2, -40
3589.3, -2, -40
3589.4, -2, -40
3589.5, -2, -40
3589.6, -2, -40
3589.7, -2, -40
3589.8, -2, -40
3589.9, -2, -40
3590, -2, -40
3590.1, -2, -40
3590.2, -2, -40
3590.3, -2, -40
3590.4, -2, -40
3590.5, -2, -40
3590.6, -2, -40
3590.7, -2, -40
3590.8, -2, -40
3590.9, -2, -40
3591, -2, -40
3591.1, -1, -40
3591.2, -1, -40
3591.3, -1, -40
3591.4, -1, -40
3591.5, -1, -40
3591.6, -1, -40
3591.7, -1, -40
3591.8, -1, -40
3591.9, -1, -40
3592, -1, -40
3592.1, -1, -40
3592.2, -1, -40
3592.3, -1, -40
3592.4, -1, -40
3592.5, -1, -40
3592.6, -1, -40
3592.7, -1, -40
3592.8, -1, -40
3592.9, -1, -40
3593, -1, -40
3593.1, -1, -40
3593.2, -1, -40
3593.3, -1, -40
3593.4, -1, -40
3593.5, -1, -40
3593.6, -1, -40
3593.7, -1, -40
3593.8, -1, -40
3593.9, -1, -40
3594, -1, -40
3594.1, -1, -40
3594.2, -1, -40
3594.3, -1, -40
3594.4, -1, -40
3594.5, -1, -40
3594.6, -1, -40
3594.7, -1, -40
3594.8, -1, -40
3594.9, -1, -40
3595, -1, -40
3595.1, -1, -40
3595.2, -1, -40
3595.3, -1, -40
3595.4, -1, -40
3595.5, -1, -40
3595.6, -1, -40
3595.7, -1, -40
3595.8, -1, -40
3595.9, -1, -40
3596, -1, -40
3596.1, -1, -40
3596.2, -1, -40
3596.3, -1, -40
3596.4, -1, -40
3596.5, -1, -40
3596.6, -1, -40
3596.7, -1, -40
3596.8, -1, -40
3596.9, -1, -40
3597, -1, -40
3597.1, -1, -40
3597.2, -1, -40
3597.3, -1, -40
3597.4, -1, -40
3597.5, -1, -40
3597.6, -1, -40
3597.7, -1, -40
3597.8, -1, -40
3597.9, -1, -40
3598, -1, -40
3598.1, -1, -40
3598.2, -1, -40
3598.3, -1, -40
3598.4, -1, -40
3598.5, -1, -40
3598.6, -1, -40
3598.7, -1, -40
3598.8, -1, -40
3598.9, -1, -40
3599, -1, -40
3599.1, -1, -40
3599.2, -1, -40
3599.3, -1, -40
3599.4, -1, -40
3599.5, -1, -40
3599.6, -1, -40
3599.7, -1, -40
3599.8, -1, -40
3599.9, -1, -40
3600, -1, -40
3600.1, 0, -40
3600.2, 0, -40
3600.3, 0, -40
3600.4, 0, -40
3600.5, 0, -40
3600.6, 0, -40
3600.7, 0, -40
3600.8, 0, -40
3600.9, 0, -40
3601, 0, -40
3601.1, 0, -40
3601.2, 0, -40
3601.3, 0, -40
3601.4, 0, -40
3601.5, 0, -40
3601.6, 0, -40
3601.7, 0, -39
3601.8, 0, -39
3601.9, 0, -39
3602, 0, -39
3602.1, 0, -39
3602.2, 0, -39
3602.3, 0, -39
3602.4, 0, -39
3602.5, 0, -39
3602.6, 0, -39
3602.7, 0, -39
3602.8, 0, -39
3602.9, 0, -39
3603, 0, -39
3603.1, 0, -39
3603.2, 0, -39
3603.3, 0, -39
3603.4, 0, -39
3603.5, 0, -39
3603.6, 0, -39
3603.7, 0, -39
3603.8, 0, -39
3603.9, 0, -39
3604, 0, -39
3604.1, 0, -39
3604.2, 0, -39
3604.3, 0, -39
3604.4, 0, -39
3604.5, 0, -39
3604.6, 0, -39
3604.7, 0, -39
3604.8, 0, -39
3604.9, 0, -39
3605, 0, -39
3605.1, 0, -39
3605.2, 0, -39
3605.3, 0, -39
3605.4, 0, -39
3605.5, 0, -39
3605.6, 0, -39
3605.7, 0, -40
3605.8, 0, -40
3605.9, 0, -40
3606, 0, -40
3606.1, 0, -40
3606.2, 0, -40
3606.3, 0, -40
3606.4, 0, -40
3606.5, 0, -40
3606.6, 0, -40
3606.7, 0, -40
3606.8, 0, -40
3606.9, 0, -40
3607, 0, -40
3607.1, 0, -40
3607.2, 0, -40
3607.3, 0, -40
3607.4, 0, -40
3607.5, -1, -40
3607.6, -1, -40
3607.7, 0, -40
3607.8, 0, -40
3607.9, 0, -40
3608, 0, -40
3608.1, 0, -40
3608.2, 0, -40
3608.3, 0, -40
3608.4, 0, -40
3608.5, 0, -40
3608.6, 0, -40
3608.7, 0, -40
3608.8, 0, -40
3608.9, 0, -40
3609, 0, -40
3609.1, 0, -40
3609.2, 0, -40
3609.3, 0, -40
3609.4, 0, -40
3609.5, 0, -40
3609.6, 0, -40
3609.7, 0, -40
3609.8, 0, -40
3609.9, 0, -40
3610, 0, -40
3610.1, 0, -40
3610.2, 0, -40
3610.3, 0, -40
3610.4, 0, -40
3610.5, 0, -40
3610.6, 0, -40
3610.7, 0, -40
3610.8, 0, -40
3610.9, 0, -40
3611, 0, -40
3611.1, 0, -40
3611.2, 0, -40
3611.3, 0, -40
3611.4, 0, -40
3611.5, 0, -40
3611.6, 0, -40
3611.7, 0, -40
3611.8, 0, -40
3611.9, 0, -40
3612, 0, -40
3612.1, 0, -40
3612.2, 0, -40
3612.3, 0, -40
3612.4, 0, -40
3612.5, 0, -40
3612.6, 0, -40
3612.7, 0, -40
3612.8, 0, -40
3612.9, 0, -40
3613, 0, -40
3613.1, 0, -40
3613.2, 0, -40
3613.3, 0, -40
3613.4, 0, -40
3613.5, 0, -40
3613.6, 0, -40
3613.7, 0, -40
3613.8, 0, -40
3613.9, 0, -40
3614, 0, -40
3614.1, 0, -40
3614.2, 0, -40
3614.3, 0, -40
3614.4, 0, -40
3614.5, 0, -40
3614.6, 0, -40
3614.7, 0, -40
3614.8, 0, -40
3614.9, 0, -40
3615, 0, -40
3615.1, 0, -40
3615.2, 0, -40
3615.3, 0, -40
3615.4, 0, -40
3615.5, 0, -40
3615.6, 0, -40
3615.7, 1, -40
3615.8, 1, -40
3615.9, 1, -40
3616, 1, -40
3616.1, 1, -40
3616.2, 1, -40
3616.3, 1, -40
3616.4, 1, -40
3616.5, 1, -40
3616.6, 1, -40
3616.7, 1, -40
3616.8, 1, -40
3616.9, 1, -40
3617, 1, -40
3617.1, 1, -40
3617.2, 1, -40
3617.3, 1, -40
3617.4, 1, -40
3617.5, 1, -40
3617.6, 1, -40
3617.7, 1, -40
3617.8, 1, -40
3617.9, 1, -40
3618, 1, -40
3618.1, 1, -39
3618.2, 1, -39
3618.3, 1, -39
3618.4, 1, -39
3618.5, 1, -39
3618.6, 1, -39
3618.7, 1, -39
3618.8, 1, -39
3618.9, 1, -38
3619, 1, -38
3619.1, 1, -38
3619.2, 1, -38
3619.3, 1, -38
3619.4, 1, -38
3619.5, 1, -38
3619.6, 1, -38
3619.7, 1, -38
3619.8, 1, -38
3619.9, 1, -37
3620, 1, -37
3620.1, 1, -37
3620.2, 1, -37
3620.3, 1, -37
3620.4, 1, -37
3620.5, 1, -37
3620.6, 1, -37
3620.7, 1, -37
3620.8, 1, -37
3620.9, 1, -37
3621, 1, -37
3621.1, 1, -37
3621.2, 1, -37
3621.3, 1, -37
3621.4, 1, -37
3621.5, 1, -37
3621.6, 1, -37
3621.7, 1, -37
3621.8, 1, -37
3621.9, 1, -37
3622, 1, -37
3622.1, 1, -37
3622.2, 1, -37
3622.3, 2, -37
3622.4, 2, -37
3622.5, 2, -37
3622.6, 2, -37
3622.7, 2, -37
3622.8, 2, -37
3622.9, 2, -37
3623, 2, -37
3623.1, 2, -37
3623.2, 2, -37
3623.3, 2, -37
3623.4, 2, -37
3623.5, 2, -37
3623.6, 2, -37
3623.7, 2, -37
3623.8, 2, -37
3623.9, 2, -37
3624, 2, -37
3624.1, 2, -37
3624.2, 2, -37
3624.3, 2, -37
3624.4, 2, -37
3624.5, 2, -37
3624.6, 2, -37
3624.7, 2, -37
3624.8, 2, -37
3624.9, 2, -37
3625, 2, -37
3625.1, 2, -37
3625.2, 2, -37
3625.3, 2, -37
3625.4, 2, -37
3625.5, 2, -37
3625.6, 2, -37
3625.7, 2, -37
3625.8, 2, -37
3625.9, 2, -37
3626, 2, -37
3626.1, 2, -37
3626.2, 2, -37
3626.3, 2, -37
3626.4, 2, -37
3626.5, 2, -37
3626.6, 2, -37
3626.7, 2, -37
3626.8, 2, -37
3626.9, 2, -37
3627, 2, -37
3627.1, 2, -37
3627.2, 2, -37
3627.3, 2, -37
3627.4, 2, -37
3627.5, 2, -37
3627.6, 2, -37
3627.7, 3, -37
3627.8, 3, -37
3627.9, 3, -37
3628, 3, -37
3628.1, 3, -37
3628.2, 3, -37
3628.3, 3, -37
3628.4, 3, -37
3628.5, 3, -37
3628.6, 3, -37
3628.7, 3, -37
3628.8, 3, -37
3628.9, 3, -37
3629, 3, -37
3629.1, 3, -37
3629.2, 3, -37
3629.3, 3, -37
3629.4, 3, -37
3629.5, 3, -37
3629.6, 3, -37
3629.7, 3, -37
3629.8, 3, -37
3629.9, 3, -37
3630, 3, -37
3630.1, 2, -37
3630.2, 2, -37
3630.3, 2, -37
3630.4, 2, -37
3630.5, 2, -37
3630.6, 2, -37
3630.7, 2, -37
3630.8, 2, -37
3630.9, 2, -37
3631, 2, -37
3631.1, 2, -37
3631.2, 2, -37
3631.3, 2, -37
3631.4, 2, -37
3631.5, 2, -37
3631.6, 2, -37
3631.7, 2, -37
3631.8, 2, -37
3631.9, 2, -37
3632, 2, -37
3632.1, 2, -37
3632.2, 2, -37
3632.3, 2, -37
3632.4, 2, -37
3632.5, 2, -37
3632.6, 2, -37
3632.7, 2, -37
3632.8, 2, -37
3632.9, 2, -37
3633, 2, -37
3633.1, 2, -37
3633.2, 2, -37
3633.3, 2, -37
3633.4, 2, -37
3633.5, 2, -37
3633.6, 2, -37
3633.7, 2, -37
3633.8, 2, -37
3633.9, 2, -37
3634, 2, -37
3634.1, 2, -37
3634.2, 2, -37
3634.3, 2, -37
3634.4, 2, -37
3634.5, 2, -37
3634.6, 2, -37
3634.7, 2, -37
3634.8, 2, -37
3634.9, 2, -38
3635, 2, -38
3635.1, 2, -38
3635.2, 2, -38
3635.3, 2, -38
3635.4, 2, -38
3635.5, 2, -38
3635.6, 2, -38
3635.7, 2, -38
3635.8, 2, -38
3635.9, 2, -38
3636, 2, -38
3636.1, 2, -38
3636.2, 2, -38
3636.3, 2, -38
3636.4, 2, -38
3636.5, 2, -38
3636.6, 2, -38
3636.7, 2, -38
3636.8, 2, -38
3636.9, 2, -38
3637, 2, -38
3637.1, 2, -38
3637.2, 2, -38
3637.3, 2, -38
3637.4, 2, -38
3637.5, 2, -38
3637.6, 2, -38
3637.7, 1, -38
3637.8, 1, -38
3637.9, 1, -38
3638, 1, -38
3638.1, 1, -38
3638.2, 1, -38
3638.3, 1, -38
3638.4, 1, -38
3638.5, 1, -38
3638.6, 1, -38
3638.7, 1, -38
3638.8, 1, -38
3638.9, 1, -38
3639, 1, -38
3639.1, 1, -38
3639.2, 1, -38
3639.3, 1, -38
3639.4, 1, -38
3639.5, 1, -38
3639.6, 1, -38
3639.7, 1, -38
3639.8, 1, -38
3639.9, 1, -38
3640, 1, -38
3640.1, 1, -38
3640.2, 1, -38
3640.3, 1, -38
3640.4, 1, -38
3640.5, 1, -38
3640.6, 1, -38
3640.7, 1, -38
3640.8, 1, -38
3640.9, 1, -38
3641, 1, -38
3641.1, 1, -38
3641.2, 1, -38
3641.3, 1, -38
3641.4, 1, -38
3641.5, 1, -38
3641.6, 1, -38
3641.7, 1, -38
3641.8, 1, -38
3641.9, 1, -38
3642, 1, -38
3642.1, 1, -38
3642.2, 1, -38
3642.3, 1, -38
3642.4, 1, -38
3642.5, 1, -38
3642.6, 1, -38
3642.7, 1, -38
3642.8, 1, -38
3642.9, 1, -37
3643, 1, -37
3643.1, 2, -37
3643.2, 2, -37
3643.3, 2, -37
3643.4, 2, -37
3643.5, 2, -37
3643.6, 2, -37
3643.7, 2, -37
3643.8, 2, -37
3643.9, 2, -37
3644, 2, -37
3644.1, 2, -37
3644.2, 2, -37
3644.3, 2, -37
3644.4, 2, -37
3644.5, 2, -37
3644.6, 2, -37
3644.7, 2, -37
3644.8, 2, -37
3644.9, 2, -36
3645, 2, -36
3645.1, 2, -36
3645.2, 2, -36
3645.3, 2, -36
3645.4, 2, -36
3645.5, 2, -36
3645.6, 2, -36
3645.7, 2, -36
3645.8, 2, -36
3645.9, 3, -36
3646, 3, -36
3646.1, 3, -36
3646.2, 3, -36
3646.3, 3, -36
3646.4, 3, -36
3646.5, 3, -35
3646.6, 3, -35
3646.7, 3, -35
3646.8, 3, -35
3646.9, 3, -36
3647, 3, -36
3647.1, 3, -36
3647.2, 3, -36
3647.3, 3, -36
3647.4, 3, -36
3647.5, 3, -36
3647.6, 3, -36
3647.7, 3, -36
3647.8, 3, -36
3647.9, 3, -36
3648, 3, -36
3648.1, 3, -36
3648.2, 3, -36
3648.3, 3, -36
3648.4, 3, -36
3648.5, 3, -36
3648.6, 3, -36
3648.7, 3, -36
3648.8, 3, -36
3648.9, 3, -36
3649, 3, -36
3649.1, 3, -36
3649.2, 3, -36
3649.3, 3, -35
3649.4, 3, -35
3649.5, 3, -35
3649.6, 3, -35
3649.7, 3, -35
3649.8, 3, -35
3649.9, 3, -35
3650, 3, -35
3650.1, 3, -35
3650.2, 3, -35
3650.3, 3, -35
3650.4, 3, -35
3650.5, 3, -35
3650.6, 3, -35
3650.7, 3, -35
3650.8, 3, -35
3650.9, 3, -35
3651, 3, -35
3651.1, 3, -35
3651.2, 3, -35
3651.3, 3, -35
3651.4, 3, -35
3651.5, 3, -35
3651.6, 3, -35
3651.7, 3, -35
3651.8, 3, -35
3651.9, 3, -35
3652, 3, -35
3652.1, 3, -35
3652.2, 3, -35
3652.3, 3, -35
3652.4, 3, -35
3652.5, 3, -35
3652.6, 3, -35
3652.7, 3, -35
3652.8, 3, -35
3652.9, 3, -35
3653, 3, -35
3653.1, 3, -35
3653.2, 3, -35
3653.3, 3, -35
3653.4, 3, -35
3653.5, 3, -35
3653.6, 3, -35
3653.7, 3, -35
3653.8, 3, -35
3653.9, 3, -35
3654, 3, -35
3654.1, 3, -36
3654.2, 3, -36
3654.3, 3, -36
3654.4, 3, -36
3654.5, 2, -36
3654.6, 2, -36
3654.7, 2, -36
3654.8, 2, -36
3654.9, 2, -36
3655, 2, -36
3655.1, 2, -36
3655.2, 2, -36
3655.3, 2, -36
3655.4, 2, -36
3655.5, 2, -36
3655.6, 2, -36
3655.7, 2, -36
3655.8, 2, -36
3655.9, 2, -36
3656, 2, -36
3656.1, 1, -36
3656.2, 1, -36
3656.3, 1, -36
3656.4, 1, -36
3656.5, 1, -36
3656.6, 1, -36
3656.7, 1, -36
3656.8, 1, -36
3656.9, 1, -36
3657, 1, -36
3657.1, 1, -36
3657.2, 1, -36
3657.3, 1, -36
3657.4, 1, -36
3657.5, 1, -36
3657.6, 1, -36
3657.7, 1, -36
3657.8, 1, -36
3657.9, 1, -36
3658, 1, -36
3658.1, 1, -36
3658.2, 1, -36
3658.3, 1, -36
3658.4, 1, -36
3658.5, 1, -37
3658.6, 1, -37
3658.7, 1, -37
3658.8, 1, -37
3658.9, 1, -37
3659, 1, -37
3659.1, 1, -37
3659.2, 1, -37
3659.3, 1, -37
3659.4, 1, -37
3659.5, 1, -37
3659.6, 1, -37
3659.7, 1, -37
3659.8, 1, -37
3659.9, 1, -37
3660, 1, -37
3660.1, 1, -37
3660.2, 1, -37
3660.3, 1, -37
3660.4, 1, -37
3660.5, 1, -37
3660.6, 1, -37
3660.7, 1, -37
3660.8, 1, -37
3660.9, 1, -37
3661, 1, -37
3661.1, 1, -37
3661.2, 1, -37
3661.3, 1, -37
3661.4, 1, -37
3661.5, 1, -37
3661.6, 1, -37
3661.7, 1, -37
3661.8, 1, -37
3661.9, 1, -37
3662, 1, -37
3662.1, 1, -37
3662.2, 1, -37
3662.3, 1, -37
3662.4, 1, -37
3662.5, 1, -37
3662.6, 1, -37
3662.7, 1, -37
3662.8, 1, -37
3662.9, 1, -37
3663, 1, -37
3663.1, 1, -37
3663.2, 1, -37
3663.3, 1, -37
3663.4, 1, -37
3663.5, 1, -37
3663.6, 1, -37
3663.7, 0, -37
3663.8, 0, -37
3663.9, 0, -37
3664, 0, -37
3664.1, 0, -36
3664.2, 0, -36
3664.3, 0, -36
3664.4, 0, -36
3664.5, 0, -36
3664.6, 0, -36
3664.7, 0, -36
3664.8, 0, -36
3664.9, 0, -36
3665, 0, -36
3665.1, -1, -36
3665.2, -1, -36
3665.3, -1, -36
3665.4, -1, -36
3665.5, -1, -36
3665.6, -1, -36
3665.7, -1, -36
3665.8, -1, -36
3665.9, -1, -36
3666, -1, -36
3666.1, -1, -36
3666.2, -1, -36
3666.3, -1, -36
3666.4, -1, -36
3666.5, -1, -36
3666.6, -1, -36
3666.7, -1, -36
3666.8, -1, -36
3666.9, -1, -36
3667, -1, -36
3667.1, -1, -36
3667.2, -1, -36
3667.3, -1, -36
3667.4, -1, -36
3667.5, -1, -36
3667.6, -1, -36
3667.7, -1, -36
3667.8, -1, -36
3667.9, -1, -36
3668, -1, -36
3668.1, -1, -36
3668.2, -1, -36
3668.3, -1, -36
3668.4, -1, -36
3668.5, -1, -36
3668.6, -1, -36
3668.7, -1, -36
3668.8, -1, -36
3668.9, -1, -36
3669, -1, -36
3669.1, -1, -36
3669.2, -1, -36
3669.3, -1, -36
3669.4, -1, -36
3669.5, -1, -36
3669.6, -1, -36
3669.7, -1, -36
3669.8, -1, -36
3669.9, -1, -36
3670, -1, -36
3670.1, -1, -36
3670.2, -1, -36
3670.3, -1, -36
3670.4, -1, -36
3670.5, -1, -36
3670.6, -1, -36
3670.7, -1, -36
3670.8, -1, -36
3670.9, -1, -36
3671, -1, -36
3671.1, -1, -36
3671.2, -1, -36
3671.3, -1, -36
3671.4, -1, -36
3671.5, -1, -36
3671.6, -1, -36
3671.7, -1, -36
3671.8, -1, -36
3671.9, -1, -36
3672, -1, -36
3672.1, -1, -35
3672.2, -1, -35
3672.3, -1, -35
3672.4, -1, -35
3672.5, -1, -35
3672.6, -1, -35
3672.7, -1, -35
3672.8, -1, -35
3672.9, -1, -35
3673, -1, -35
3673.1, -1, -35
3673.2, -1, -35
3673.3, -1, -35
3673.4, -1, -35
3673.5, -1, -35
3673.6, -1, -35
3673.7, -1, -35
3673.8, -1, -35
3673.9, -1, -35
3674, -1, -35
3674.1, -1, -35
3674.2, -1, -35
3674.3, -1, -35
3674.4, -1, -35
3674.5, -1, -35
3674.6, -1, -35
3674.7, -1, -35
3674.8, -1, -35
3674.9, -1, -35
3675, -1, -35
3675.1, -1, -35
3675.2, -1, -35
3675.3, -1, -35
3675.4, -1, -35
3675.5, -1, -35
3675.6, -1, -35
3675.7, -1, -35
3675.8, -1, -35
3675.9, -1, -35
3676, -1, -35
3676.1, -1, -35
3676.2, -1, -35
3676.3, -1, -34
3676.4, -1, -34
3676.5, -1, -34
3676.6, -1, -34
3676.7, -2, -34
3676.8, -2, -34
3676.9, -2, -34
3677, -2, -34
3677.1, -3, -34
3677.2, -3, -34
3677.3, -3, -34
3677.4, -3, -34
3677.5, -3, -34
3677.6, -3, -34
3677.7, -3, -34
3677.8, -3, -34
3677.9, -3, -34
3678, -3, -34
3678.1, -3, -34
3678.2, -3, -34
3678.3, -3, -34
3678.4, -3, -34
3678.5, -3, -34
3678.6, -3, -34
3678.7, -3, -34
3678.8, -3, -34
3678.9, -3, -34
3679, -3, -34
3679.1, -3, -34
3679.2, -3, -34
3679.3, -3, -34
3679.4, -3, -34
3679.5, -3, -35
3679.6, -3, -35
3679.7, -3, -34
3679.8, -3, -34
3679.9, -4, -34
3680, -4, -34
3680.1, -4, -34
3680.2, -4, -34
3680.3, -4, -33
3680.4, -4, -33
3680.5, -4, -33
3680.6, -4, -33
3680.7, -4, -34
3680.8, -4, -34
3680.9, -4, -34
3681, -4, -34
3681.1, -4, -34
3681.2, -4, -34
3681.3, -4, -34
3681.4, -4, -34
3681.5, -4, -34
3681.6, -4, -34
3681.7, -4, -34
3681.8, -4, -34
3681.9, -4, -34
3682, -4, -34
3682.1, -4, -34
3682.2, -4, -34
3682.3, -4, -34
3682.4, -4, -34
3682.5, -4, -34
3682.6, -4, -34
3682.7, -4, -35
3682.8, -4, -35
3682.9, -4, -35
3683, -4, -35
3683.1, -4, -35
3683.2, -4, -35
3683.3, -4, -35
3683.4, -4, -35
3683.5, -4, -35
3683.6, -4, -35
3683.7, -4, -35
3683.8, -4, -35
3683.9, -4, -35
3684, -4, -35
3684.1, -4, -34
3684.2, -4, -34
3684.3, -3, -34
3684.4, -3, -34
3684.5, -3, -34
3684.6, -3, -34
3684.7, -3, -34
3684.8, -3, -34
3684.9, -3, -34
3685, -3, -34
3685.1, -3, -34
3685.2, -3, -34
3685.3, -3, -34
3685.4, -3, -34
3685.5, -3, -34
3685.6, -3, -34
3685.7, -3, -34
3685.8, -3, -34
3685.9, -3, -34
3686, -3, -34
3686.1, -3, -34
3686.2, -3, -34
3686.3, -3, -34
3686.4, -3, -34
3686.5, -3, -34
3686.6, -3, -34
3686.7, -3, -34
3686.8, -3, -34
3686.9, -3, -34
3687, -3, -34
3687.1, -3, -34
3687.2, -3, -34
3687.3, -3, -34
3687.4, -3, -34
3687.5, -3, -34
3687.6, -3, -34
3687.7, -3, -34
3687.8, -3, -34
3687.9, -3, -35
3688, -3, -35
3688.1, -3, -35
3688.2, -3, -35
3688.3, -3, -35
3688.4, -3, -35
3688.5, -3, -35
3688.6, -3, -35
3688.7, -4, -35
3688.8, -4, -35
3688.9, -4, -35
3689, -4, -35
3689.1, -4, -35
3689.2, -4, -35
3689.3, -4, -35
3689.4, -4, -35
3689.5, -4, -35
3689.6, -4, -35
3689.7, -4, -35
3689.8, -4, -35
3689.9, -4, -35
3690, -4, -35
3690.1, -4, -35
3690.2, -4, -35
3690.3, -4, -35
3690.4, -4, -35
3690.5, -3, -35
3690.6, -3, -35
3690.7, -3, -35
3690.8, -3, -35
3690.9, -3, -35
3691, -3, -35
3691.1, -3, -35
3691.2, -3, -35
3691.3, -3, -36
3691.4, -3, -36
3691.5, -3, -36
3691.6, -3, -36
3691.7, -3, -37
3691.8, -3, -37
3691.9, -3, -37
3692, -3, -37
3692.1, -3, -37
3692.2, -3, -37
3692.3, -3, -37
3692.4, -3, -37
3692.5, -3, -37
3692.6, -3, -37
3692.7, -3, -37
3692.8, -3, -37
3692.9, -3, -37
3693, -3, -37
3693.1, -3, -37
3693.2, -3, -37
3693.3, -3, -37
3693.4, -3, -37
3693.5, -3, -37
3693.6, -3, -37
3693.7, -3, -37
3693.8, -3, -37
3693.9, -3, -37
3694, -3, -37
3694.1, -3, -37
3694.2, -3, -37
3694.3, -3, -37
3694.4, -3, -37
3694.5, -3, -37
3694.6, -3, -37
3694.7, -2, -37
3694.8, -2, -37
3694.9, -2, -37
3695, -2, -37
3695.1, -2, -37
3695.2, -2, -37
3695.3, -2, -37
3695.4, -2, -37
3695.5, -2, -37
3695.6, -2, -37
3695.7, -2, -37
3695.8, -2, -37
3695.9, -2, -37
3696, -2, -37
3696.1, -2, -37
3696.2, -2, -37
3696.3, -2, -37
3696.4, -2, -37
3696.5, -2, -37
3696.6, -2, -37
3696.7, -2, -37
3696.8, -2, -37
3696.9, -2, -37
3697, -2, -37
3697.1, -2, -37
3697.2, -2, -37
3697.3, -2, -37
3697.4, -2, -37
3697.5, -2, -37
3697.6, -2, -37
3697.7, -1, -37
3697.8, -1, -37
3697.9, -1, -37
3698, -1, -37
3698.1, -1, -37
3698.2, -1, -37
3698.3, -1, -37
3698.4, -1, -37
3698.5, -1, -37
3698.6, -1, -37
3698.7, -1, -37
3698.8, -1, -37
3698.9, -1, -37
3699, -1, -37
3699.1, -1, -37
3699.2, -1, -37
3699.3, 0, -37
3699.4, 0, -37
3699.5, 0, -37
3699.6, 0, -37
3699.7, 0, -37
3699.8, 0, -37
3699.9, 0, -37
3700, 0, -37
3700.1, 0, -37
3700.2, 0, -37
3700.3, 0, -37
3700.4, 0, -37
3700.5, 0, -37
3700.6, 0, -37
3700.7, 0, -37
3700.8, 0, -37
3700.9, 0, -37
3701, 0, -37
3701.1, 0, -37
3701.2, 0, -37
3701.3, -1, -37
3701.4, -1, -37
3701.5, -1, -37
3701.6, -1, -37
3701.7, -1, -37
3701.8, -1, -37
3701.9, -1, -37
3702, -1, -37
3702.1, -1, -36
3702.2, -1, -36
3702.3, -1, -36
3702.4, -1, -36
3702.5, -1, -36
3702.6, -1, -36
3702.7, -1, -36
3702.8, -1, -36
3702.9, -1, -36
3703, -1, -36
3703.1, -1, -36
3703.2, -1, -36
3703.3, -1, -36
3703.4, -1, -36
3703.5, -1, -36
3703.6, -1, -36
3703.7, -1, -36
3703.8, -1, -36
3703.9, -2, -36
3704, -2, -36
3704.1, -2, -36
3704.2, -2, -36
3704.3, -2, -36
3704.4, -2, -36
3704.5, -2, -37
3704.6, -2, -37
3704.7, -2, -37
3704.8, -2, -37
3704.9, -2, -37
3705, -2, -37
3705.1, -2, -37
3705.2, -2, -37
3705.3, -2, -37
3705.4, -2, -37
3705.5, -2, -37
3705.6, -2, -37
3705.7, -2, -37
3705.8, -2, -37
3705.9, -2, -37
3706, -2, -37
3706.1, -2, -37
3706.2, -2, -37
3706.3, -2, -38
3706.4, -2, -38
3706.5, -2, -38
3706.6, -2, -38
3706.7, -2, -38
3706.8, -2, -38
3706.9, -1, -38
3707, -1, -38
3707.1, -1, -38
3707.2, -1, -38
3707.3, -1, -38
3707.4, -1, -38
3707.5, -1, -38
3707.6, -1, -38
3707.7, -1, -38
3707.8, -1, -38
3707.9, -1, -38
3708, -1, -38
3708.1, -1, -38
3708.2, -1, -38
3708.3, 0, -38
3708.4, 0, -38
3708.5, 0, -38
3708.6, 0, -38
3708.7, 0, -38
3708.8, 0, -38
3708.9, 0, -38
3709, 0, -38
3709.1, 0, -37
3709.2, 0, -37
3709.3, 0, -37
3709.4, 0, -37
3709.5, 0, -37
3709.6, 0, -37
3709.7, 0, -37
3709.8, 0, -37
3709.9, 0, -37
3710, 0, -37
3710.1, -1, -37
3710.2, -1, -37
3710.3, -1, -37
3710.4, -1, -37
3710.5, 0, -37
3710.6, 0, -37
3710.7, 0, -37
3710.8, 0, -37
3710.9, 0, -37
3711, 0, -37
3711.1, 0, -37
3711.2, 0, -37
3711.3, 0, -37
3711.4, 0, -37
3711.5, 0, -37
3711.6, 0, -37
3711.7, 0, -37
3711.8, 0, -37
3711.9, 0, -37
3712, 0, -37
3712.1, 0, -37
3712.2, 0, -37
3712.3, 0, -37
3712.4, 0, -37
3712.5, 0, -37
3712.6, 0, -37
3712.7, 0, -37
3712.8, 0, -37
3712.9, 0, -37
3713, 0, -37
3713.1, 0, -37
3713.2, 0, -37
3713.3, 0, -37
3713.4, 0, -37
3713.5, 0, -37
3713.6, 0, -37
3713.7, 0, -37
3713.8, 0, -37
3713.9, 0, -37
3714, 0, -37
3714.1, 0, -37
3714.2, 0, -37
3714.3, 0, -37
3714.4, 0, -37
3714.5, 0, -37
3714.6, 0, -37
3714.7, 0, -37
3714.8, 0, -37
3714.9, 0, -38
3715, 0, -38
3715.1, 0, -38
3715.2, 0, -38
3715.3, 0, -38
3715.4, 0, -38
3715.5, 0, -38
3715.6, 0, -38
3715.7, 0, -38
3715.8, 0, -38
3715.9, 0, -38
3716, 0, -38
3716.1, 0, -38
3716.2, 0, -38
3716.3, 0, -38
3716.4, 0, -38
3716.5, 0, -38
3716.6, 0, -38
3716.7, 0, -38
3716.8, 0, -38
3716.9, 0, -38
3717, 0, -38
3717.1, 0, -38
3717.2, 0, -38
3717.3, 0, -38
3717.4, 0, -38
3717.5, 0, -38
3717.6, 0, -38
3717.7, 0, -38
3717.8, 0, -38
3717.9, 0, -37
3718, 0, -37
3718.1, 0, -37
3718.2, 0, -37
3718.3, 0, -37
3718.4, 0, -37
3718.5, 0, -37
3718.6, 0, -37
3718.7, 0, -37
3718.8, 0, -37
3718.9, 0, -37
3719, 0, -37
3719.1, 0, -37
3719.2, 0, -37
3719.3, 0, -38
3719.4, 0, -38
3719.5, -1, -38
3719.6, -1, -38
3719.7, 0, -38
3719.8, 0, -38
3719.9, 0, -38
3720, 0, -38
3720.1, 0, -38
3720.2, 0, -38
3720.3, 0, -38
3720.4, 0, -38
3720.5, 0, -38
3720.6, 0, -38
3720.7, 1, -38
3720.8, 1, -38
3720.9, 1, -38
3721, 1, -38
3721.1, 1, -38
3721.2, 1, -38
3721.3, 1, -38
3721.4, 1, -38
3721.5, 1, -38
3721.6, 1, -38
3721.7, 1, -38
3721.8, 1, -38
3721.9, 1, -38
3722, 1, -38
3722.1, 0, -38
3722.2, 0, -38
3722.3, 0, -38
3722.4, 0, -38
3722.5, 0, -38
3722.6, 0, -38
3722.7, 0, -38
3722.8, 0, -38
3722.9, 0, -38
3723, 0, -38
3723.1, 0, -38
3723.2, 0, -38
3723.3, 0, -38
3723.4, 0, -38
3723.5, 0, -38
3723.6, 0, -38
3723.7, 0, -38
3723.8, 0, -38
3723.9, 0, -38
3724, 0, -38
3724.1, 0, -38
3724.2, 0, -38
3724.3, 0, -39
3724.4, 0, -39
3724.5, 0, -39
3724.6, 0, -39
3724.7, 0, -39
3724.8, 0, -39
3724.9, -1, -39
3725, -1, -39
3725.1, -1, -39
3725.2, -1, -39
3725.3, -1, -39
3725.4, -1, -39
3725.5, -1, -39
3725.6, -1, -39
3725.7, -1, -40
3725.8, -1, -40
3725.9, -1, -40
3726, -1, -40
3726.1, -1, -40
3726.2, -1, -40
3726.3, -1, -40
3726.4, -1, -40
3726.5, -1, -40
3726.6, -1, -40
3726.7, -1, -40
3726.8, -1, -40
3726.9, -1, -40
3727, -1, -40
3727.1, -1, -40
3727.2, -1, -40
3727.3, -1, -40
3727.4, -1, -40
3727.5, -2, -40
3727.6, -2, -40
3727.7, -2, -40
3727.8, -2, -40
3727.9, -2, -40
3728, -2, -40
3728.1, -2, -40
3728.2, -2, -40
3728.3, -2, -40
3728.4, -2, -40
3728.5, -2, -41
3728.6, -2, -41
3728.7, -2, -41
3728.8, -2, -41
3728.9, -2, -41
3729, -2, -41
3729.1, -2, -41
3729.2, -2, -41
3729.3, -2, -41
3729.4, -2, -41
3729.5, -2, -41
3729.6, -2, -41
3729.7, -2, -41
3729.8, -2, -41
3729.9, -2, -41
3730, -2, -41
3730.1, -2, -41
3730.2, -2, -41
3730.3, -2, -41
3730.4, -2, -41
3730.5, -2, -41
3730.6, -2, -41
3730.7, -2, -41
3730.8, -2, -41
3730.9, -2, -41
3731, -2, -41
3731.1, -2, -41
3731.2, -2, -41
3731.3, -1, -41
3731.4, -1, -41
3731.5, -1, -41
3731.6, -1, -41
3731.7, -1, -41
3731.8, -1, -41
3731.9, -1, -41
3732, -1, -41
3732.1, -1, -41
3732.2, -1, -41
3732.3, -1, -41
3732.4, -1, -41
3732.5, -1, -41
3732.6, -1, -41
3732.7, -1, -41
3732.8, -1, -41
3732.9, -1, -41
3733, -1, -41
3733.1, -1, -41
3733.2, -1, -41
3733.3, -1, -41
3733.4, -1, -41
3733.5, -1, -41
3733.6, -1, -41
3733.7, -1, -41
3733.8, -1, -41
3733.9, -1, -41
3734, -1, -41
3734.1, -1, -41
3734.2, -1, -41
3734.3, -1, -41
3734.4, -1, -41
3734.5, -1, -41
3734.6, -1, -41
3734.7, -1, -41
3734.8, -1, -41
3734.9, -1, -41
3735, -1, -41
3735.1, -1, -41
3735.2, -1, -41
3735.3, -1, -41
3735.4, -1, -41
3735.5, -1, -41
3735.6, -1, -41
3735.7, -1, -41
3735.8, -1, -41
3735.9, -1, -41
3736, -1, -41
3736.1, -1, -41
3736.2, -1, -41
3736.3, -1, -41
3736.4, -1, -41
3736.5, -1, -41
3736.6, -1, -41
3736.7, -1, -41
3736.8, -1, -41
3736.9, -1, -41
3737, -1, -41
3737.1, -1, -41
3737.2, -1, -41
3737.3, -1, -41
3737.4, -1, -41
3737.5, -1, -41
3737.6, -1, -41
3737.7, -1, -41
3737.8, -1, -41
3737.9, -1, -41
3738, -1, -41
3738.1, -1, -41
3738.2, -1, -41
3738.3, -1, -41
3738.4, -1, -41
3738.5, -1, -41
3738.6, -1, -41
3738.7, -1, -41
3738.8, -1, -41
3738.9, -1, -41
3739, -1, -41
3739.1, -1, -41
3739.2, -1, -41
3739.3, -1, -41
3739.4, -1, -41
3739.5, -2, -41
3739.6, -2, -41
3739.7, -2, -41
3739.8, -2, -41
3739.9, -2, -41
3740, -2, -41
3740.1, -2, -41
3740.2, -2, -41
3740.3, -2, -41
3740.4, -2, -41
3740.5, -2, -40
3740.6, -2, -40
3740.7, -2, -40
3740.8, -2, -40
3740.9, -2, -40
3741, -2, -40
3741.1, -2, -40
3741.2, -2, -40
3741.3, -2, -40
3741.4, -2, -40
3741.5, -2, -40
3741.6, -2, -40
3741.7, -2, -40
3741.8, -2, -40
3741.9, -2, -40
3742, -2, -40
3742.1, -2, -40
3742.2, -2, -40
3742.3, -2, -40
3742.4, -2, -40
3742.5, -2, -40
3742.6, -2, -40
3742.7, -2, -40
3742.8, -2, -40
3742.9, -2, -40
3743, -2, -40
3743.1, -2, -40
3743.2, -2, -40
3743.3, -2, -40
3743.4, -2, -40
3743.5, -2, -40
3743.6, -2, -40
3743.7, -2, -40
3743.8, -2, -40
3743.9, -2, -41
3744, -2, -41
3744.1, -2, -41
3744.2, -2, -41
3744.3, -2, -41
3744.4, -2, -41
3744.5, -2, -41
3744.6, -2, -41
3744.7, -2, -41
3744.8, -2, -41
3744.9, -2, -41
3745, -2, -41
3745.1, -2, -40
3745.2, -2, -40
3745.3, -2, -40
3745.4, -2, -40
3745.5, -2, -40
3745.6, -2, -40
3745.7, -2, -40
3745.8, -2, -40
3745.9, -2, -40
3746, -2, -40
3746.1, -2, -41
3746.2, -2, -41
3746.3, -2, -41
3746.4, -2, -41
3746.5, -2, -41
3746.6, -2, -41
3746.7, -2, -41
3746.8, -2, -41
3746.9, -3, -41
3747, -3, -41
3747.1, -3, -41
3747.2, -3, -41
3747.3, -3, -41
3747.4, -3, -41
3747.5, -3, -41
3747.6, -3, -41
3747.7, -3, -41
3747.8, -3, -41
3747.9, -3, -41
3748, -3, -41
3748.1, -3, -41
3748.2, -3, -41
3748.3, -3, -41
3748.4, -3, -41
3748.5, -3, -41
3748.6, -3, -41
3748.7, -3, -41
3748.8, -3, -41
3748.9, -3, -41
3749, -3, -41
3749.1, -3, -41
3749.2, -3, -41
3749.3, -3, -41
3749.4, -3, -41
3749.5, -3, -41
3749.6, -3, -41
3749.7, -3, -41
3749.8, -3, -41
3749.9, -3, -42
3750, -3, -42
3750.1, -3, -42
3750.2, -3, -42
3750.3, -3, -43
3750.4, -3, -43
3750.5, -3, -43
3750.6, -3, -43
3750.7, -3, -43
3750.8, -3, -43
3750.9, -3, -43
3751, -3, -43
3751.1, -3, -43
3751.2, -3, -43
3751.3, -3, -43
3751.4, -3, -43
3751.5, -3, -43
3751.6, -3, -43
3751.7, -3, -43
3751.8, -3, -43
3751.9, -3, -43
3752, -3, -43
3752.1, -3, -43
3752.2, -3, -43
3752.3, -3, -43
3752.4, -3, -43
3752.5, -3, -43
3752.6, -3, -43
3752.7, -3, -43
3752.8, -3, -43
3752.9, -3, -43
3753, -3, -43
3753.1, -3, -43
3753.2, -3, -43
3753.3, -3, -43
3753.4, -3, -43
3753.5, -3, -43
3753.6, -3, -43
3753.7, -3, -43
3753.8, -3, -43
3753.9, -3, -43
3754, -3, -43
3754.1, -3, -43
3754.2, -3, -43
3754.3, -3, -43
3754.4, -3, -43
3754.5, -3, -43
3754.6, -3, -43
3754.7, -3, -43
3754.8, -3, -43
3754.9, -3, -43
3755, -3, -43
3755.1, -3, -43
3755.2, -3, -43
3755.3, -3, -43
3755.4, -3, -43
3755.5, -3, -43
3755.6, -3, -43
3755.7, -3, -43
3755.8, -3, -43
3755.9, -3, -43
3756, -3, -43
3756.1, -3, -43
3756.2, -3, -43
3756.3, -3, -43
3756.4, -3, -43
3756.5, -3, -43
3756.6, -3, -43
3756.7, -3, -43
3756.8, -3, -43
3756.9, -3, -43
3757, -3, -43
3757.1, -3, -43
3757.2, -3, -43
3757.3, -3, -43
3757.4, -3, -43
3757.5, -3, -43
3757.6, -3, -43
3757.7, -3, -43
3757.8, -3, -43
3757.9, -3, -43
3758, -3, -43
3758.1, -3, -43
3758.2, -3, -43
3758.3, -3, -43
3758.4, -3, -43
3758.5, -3, -43
3758.6, -3, -43
3758.7, -4, -43
3758.8, -4, -43
3758.9, -4, -43
3759, -4, -43
3759.1, -4, -43
3759.2, -4, -43
3759.3, -4, -43
3759.4, -4, -43
3759.5, -3, -43
3759.6, -3, -43
3759.7, -3, -43
3759.8, -3, -43
3759.9, -3, -43
3760, -3, -43
3760.1, -3, -43
3760.2, -3, -43
3760.3, -3, -43
3760.4, -3, -43
3760.5, -3, -43
3760.6, -3, -43
3760.7, -3, -43
3760.8, -3, -43
3760.9, -3, -43
3761, -3, -43
3761.1, -4, -43
3761.2, -4, -43
3761.3, -3, -43
3761.4, -3, -43
3761.5, -3, -42
3761.6, -3, -42
3761.7, -3, -42
3761.8, -3, -42
3761.9, -3, -42
3762, -3, -42
3762.1, -3, -42
3762.2, -3, -42
3762.3, -3, -42
3762.4, -3, -42
3762.5, -3, -42
3762.6, -3, -42
3762.7, -3, -42
3762.8, -3, -42
3762.9, -3, -42
3763, -3, -42
3763.1, -3, -42
3763.2, -3, -42
3763.3, -3, -42
3763.4, -3, -42
3763.5, -3, -42
3763.6, -3, -42
3763.7, -3, -42
3763.8, -3, -42
3763.9, -3, -41
3764, -3, -41
3764.1, -3, -41
3764.2, -3, -41
3764.3, -3, -41
3764.4, -3, -41
3764.5, -3, -41
3764.6, -3, -41
3764.7, -3, -41
3764.8, -3, -41
3764.9, -3, -41
3765, -3, -41
3765.1, -3, -41
3765.2, -3, -41
3765.3, -3, -41
3765.4, -3, -41
3765.5, -3, -41
3765.6, -3, -41
3765.7, -3, -41
3765.8, -3, -41
3765.9, -3, -41
3766, -3, -41
3766.1, -3, -41
3766.2, -3, -41
3766.3, -3, -41
3766.4, -3, -41
3766.5, -3, -41
3766.6, -3, -41
3766.7, -3, -41
3766.8, -3, -41
3766.9, -3, -41
3767, -3, -41
3767.1, -3, -41
3767.2, -3, -41
3767.3, -3, -41
3767.4, -3, -41
3767.5, -3, -41
3767.6, -3, -41
3767.7, -3, -41
3767.8, -3, -41
3767.9, -3, -41
3768, -3, -41
3768.1, -3, -41
3768.2, -3, -41
3768.3, -2, -41
3768.4, -2, -41
3768.5, -2, -41
3768.6, -2, -41
3768.7, -2, -41
3768.8, -2, -41
3768.9, -2, -41
3769, -2, -41
3769.1, -2, -41
3769.2, -2, -41
3769.3, -2, -41
3769.4, -2, -41
3769.5, -2, -41
3769.6, -2, -41
3769.7, -2, -41
3769.8, -2, -41
3769.9, -2, -41
3770, -2, -41
3770.1, -2, -41
3770.2, -2, -41
3770.3, -2, -41
3770.4, -2, -41
3770.5, -2, -42
3770.6, -2, -42
3770.7, -2, -42
3770.8, -2, -42
3770.9, -2, -42
3771, -2, -42
3771.1, -2, -42
3771.2, -2, -42
3771.3, -2, -42
3771.4, -2, -42
3771.5, -2, -42
3771.6, -2, -42
3771.7, -2, -42
3771.8, -2, -42
3771.9, -2, -42
3772, -2, -42
3772.1, -2, -42
3772.2, -2, -42
3772.3, -2, -42
3772.4, -2, -42
3772.5, -2, -42
3772.6, -2, -42
3772.7, -2, -42
3772.8, -2, -42
3772.9, -2, -42
3773, -2, -42
3773.1, -2, -42
3773.2, -2, -42
3773.3, -2, -42
3773.4, -2, -42
3773.5, -2, -42
3773.6, -2, -42
3773.7, -2, -42
3773.8, -2, -42
3773.9, -2, -42
3774, -2, -42
3774.1, -2, -42
3774.2, -2, -42
3774.3, -2, -42
3774.4, -2, -42
3774.5, -2, -42
3774.6, -2, -42
3774.7, -2, -42
3774.8, -2, -42
3774.9, -2, -42
3775, -2, -42
3775.1, -2, -42
3775.2, -2, -42
3775.3, -2, -42
3775.4, -2, -42
3775.5, -1, -42
3775.6, -1, -42
3775.7, -1, -42
3775.8, -1, -42
3775.9, -1, -42
3776, -1, -42
3776.1, -1, -42
3776.2, -1, -42
3776.3, -1, -42
3776.4, -1, -42
3776.5, -1, -42
3776.6, -1, -42
3776.7, -1, -42
3776.8, -1, -42
3776.9, -1, -42
3777, -1, -42
3777.1, -1, -42
3777.2, -1, -42
3777.3, -1, -42
3777.4, -1, -42
3777.5, -1, -42
3777.6, -1, -42
3777.7, -1, -42
3777.8, -1, -42
3777.9, -1, -42
3778, -1, -42
3778.1, -1, -42
3778.2, -1, -42
3778.3, -1, -42
3778.4, -1, -42
3778.5, -1, -42
3778.6, -1, -42
3778.7, -1, -42
3778.8, -1, -42
3778.9, -1, -42
3779, -1, -42
3779.1, -1, -42
3779.2, -1, -42
3779.3, -1, -42
3779.4, -1, -42
3779.5, -1, -42
3779.6, -1, -42
3779.7, -1, -42
3779.8, -1, -42
3779.9, -1, -42
3780, -1, -42
3780.1, -1, -42
3780.2, -1, -42
3780.3, -1, -42
3780.4, -1, -42
3780.5, -1, -42
3780.6, -1, -42
3780.7, -1, -42
3780.8, -1, -42
3780.9, -1, -42
3781, -1, -42
3781.1, -1, -43
3781.2, -1, -43
3781.3, -1, -43
3781.4, -1, -43
3781.5, -1, -43
3781.6, -1, -43
3781.7, -1, -43
3781.8, -1, -43
3781.9, -1, -43
3782, -1, -43
3782.1, -1, -43
3782.2, -1, -43
3782.3, -1, -43
3782.4, -1, -43
3782.5, -1, -43
3782.6, -1, -43
3782.7, -1, -43
3782.8, -1, -43
3782.9, -1, -43
3783, -1, -43
3783.1, -1, -43
3783.2, -1, -43
3783.3, -1, -43
3783.4, -1, -43
3783.5, 0, -43
3783.6, 0, -43
3783.7, 0, -43
3783.8, 0, -43
3783.9, 0, -43
3784, 0, -43
3784.1, 0, -43
3784.2, 0, -43
3784.3, 0, -43
3784.4, 0, -43
3784.5, 0, -43
3784.6, 0, -43
3784.7, 0, -43
3784.8, 0, -43
3784.9, 0, -43
3785, 0, -43
3785.1, 0, -43
3785.2, 0, -43
3785.3, 0, -43
3785.4, 0, -43
3785.5, 0, -43
3785.6, 0, -43
3785.7, 0, -43
3785.8, 0, -43
3785.9, 0, -43
3786, 0, -43
3786.1, 0, -43
3786.2, 0, -43
3786.3, 0, -43
3786.4, 0, -43
3786.5, 0, -43
3786.6, 0, -43
3786.7, 0, -43
3786.8, 0, -43
3786.9, 0, -43
3787, 0, -43
3787.1, 0, -43
3787.2, 0, -43
3787.3, 0, -43
3787.4, 0, -43
3787.5, 0, -43
3787.6, 0, -43
3787.7, 0, -43
3787.8, 0, -43
3787.9, 0, -43
3788, 0, -43
3788.1, 0, -43
3788.2, 0, -43
3788.3, 0, -43
3788.4, 0, -43
3788.5, 0, -43
3788.6, 0, -43
3788.7, 0, -43
3788.8, 0, -43
3788.9, 0, -43
3789, 0, -43
3789.1, 0, -43
3789.2, 0, -43
3789.3, 0, -43
3789.4, 0, -43
3789.5, 0, -43
3789.6, 0, -43
3789.7, 0, -43
3789.8, 0, -43
3789.9, 0, -43
3790, 0, -43
3790.1, 0, -43
3790.2, 0, -43
3790.3, 0, -43
3790.4, 0, -43
3790.5, 0, -43
3790.6, 0, -43
3790.7, 0, -43
3790.8, 0, -43
3790.9, 0, -43
3791, 0, -43
3791.1, 0, -43
3791.2, 0, -43
3791.3, 0, -43
3791.4, 0, -43
3791.5, 0, -43
3791.6, 0, -43
3791.7, 0, -43
3791.8, 0, -43
3791.9, 0, -43
3792, 0, -43
3792.1, 0, -43
3792.2, 0, -43
3792.3, -1, -43
3792.4, -1, -43
3792.5, -1, -43
3792.6, -1, -43
3792.7, -1, -43
3792.8, -1, -43
3792.9, -1, -43
3793, -1, -43
3793.1, -1, -43
3793.2, -1, -43
3793.3, -1, -43
3793.4, -1, -43
3793.5, -1, -43
3793.6, -1, -43
3793.7, -1, -43
3793.8, -1, -43
3793.9, -1, -43
3794, -1, -43
3794.1, -1, -43
3794.2, -1, -43
3794.3, -1, -43
3794.4, -1, -43
3794.5, -1, -43
3794.6, -1, -43
3794.7, -1, -43
3794.8, -1, -43
3794.9, -1, -43
3795, -1, -43
3795.1, -1, -43
3795.2, -1, -43
3795.3, -1, -43
3795.4, -1, -43
3795.5, -1, -43
3795.6, -1, -43
3795.7, -1, -43
3795.8, -1, -43
3795.9, -1, -43
3796, -1, -43
3796.1, -1, -43
3796.2, -1, -43
3796.3, -1, -43
3796.4, -1, -43
3796.5, -1, -42
3796.6, -1, -42
3796.7, -1, -42
3796.8, -1, -42
3796.9, -1, -42
3797, -1, -42
3797.1, -1, -42
3797.2, -1, -42
3797.3, -1, -42
3797.4, -1, -42
3797.5, -1, -42
3797.6, -1, -42
3797.7, -1, -42
3797.8, -1, -42
3797.9, -1, -42
3798, -1, -42
3798.1, -1, -42
3798.2, -1, -42
3798.3, -1, -42
3798.4, -1, -42
3798.5, -1, -42
3798.6, -1, -42
3798.7, -1, -42
3798.8, -1, -42
3798.9, -1, -42
3799, -1, -42
3799.1, -1, -42
3799.2, -1, -42
3799.3, -2, -42
3799.4, -2, -42
3799.5, -2, -42
3799.6, -2, -42
3799.7, -2, -42
3799.8, -2, -42
3799.9, -2, -42
3800, -2, -42
3800.1, -2, -42
3800.2, -2, -42
3800.3, -2, -42
3800.4, -2, -42
3800.5, -2, -42
3800.6, -2, -42
3800.7, -2, -43
3800.8, -2, -43
3800.9, -2, -43
3801, -2, -43
3801.1, -2, -43
3801.2, -2, -43
3801.3, -2, -43
3801.4, -2, -43
3801.5, -1, -43
3801.6, -1, -43
3801.7, -1, -42
3801.8, -1, -42
3801.9, -1, -41
3802, -1, -41
3802.1, -1, -41
3802.2, -1, -41
3802.3, -1, -41
3802.4, -1, -41
3802.5, 0, -41
3802.6, 0, -41
3802.7, -1, -41
3802.8, -1, -41
3802.9, -1, -41
3803, -1, -41
3803.1, -1, -41
3803.2, -1, -41
3803.3, -1, -41
3803.4, -1, -41
3803.5, -1, -41
3803.6, -1, -41
3803.7, -1, -41
3803.8, -1, -41
3803.9, -1, -41
3804, -1, -41
3804.1, -1, -41
3804.2, -1, -41
3804.3, -1, -41
3804.4, -1, -41
3804.5, -1, -41
3804.6, -1, -41
3804.7, -1, -41
3804.8, -1, -41
3804.9, -1, -41
3805, -1, -41
3805.1, -1, -41
3805.2, -1, -41
3805.3, 0, -41
3805.4, 0, -41
3805.5, 0, -41
3805.6, 0, -41
3805.7, 0, -41
3805.8, 0, -41
3805.9, 0, -41
3806, 0, -41
3806.1, 0, -41
3806.2, 0, -41
3806.3, 0, -41
3806.4, 0, -41
3806.5, 0, -41
3806.6, 0, -41
3806.7, 0, -41
3806.8, 0, -41
3806.9, 0, -41
3807, 0, -41
3807.1, 0, -41
3807.2, 0, -41
3807.3, 0, -41
3807.4, 0, -41
3807.5, 0, -41
3807.6, 0, -41
3807.7, 0, -41
3807.8, 0, -41
3807.9, 0, -41
3808, 0, -41
3808.1, 0, -41
3808.2, 0, -41
3808.3, 0, -41
3808.4, 0, -41
3808.5, 0, -41
3808.6, 0, -41
3808.7, 0, -41
3808.8, 0, -41
3808.9, 0, -41
3809, 0, -41
3809.1, 0, -41
3809.2, 0, -41
3809.3, 0, -41
3809.4, 0, -41
3809.5, 0, -41
3809.6, 0, -41
3809.7, 0, -41
3809.8, 0, -41
3809.9, 0, -41
3810, 0, -41
3810.1, 0, -41
3810.2, 0, -41
3810.3, 0, -41
3810.4, 0, -41
3810.5, 0, -40
3810.6, 0, -40
3810.7, 0, -40
3810.8, 0, -40
3810.9, 0, -40
3811, 0, -40
3811.1, 0, -40
3811.2, 0, -40
3811.3, 0, -40
3811.4, 0, -40
3811.5, 0, -40
3811.6, 0, -40
3811.7, 0, -40
3811.8, 0, -40
3811.9, 0, -40
3812, 0, -40
3812.1, 0, -40
3812.2, 0, -40
3812.3, -1, -40
3812.4, -1, -40
3812.5, -1, -40
3812.6, -1, -40
3812.7, -1, -40
3812.8, -1, -40
3812.9, -1, -40
3813, -1, -40
3813.1, -1, -40
3813.2, -1, -40
3813.3, -1, -40
3813.4, -1, -40
3813.5, -1, -40
3813.6, -1, -40
3813.7, -1, -40
3813.8, -1, -40
3813.9, -1, -40
3814, -1, -40
3814.1, -1, -40
3814.2, -1, -40
3814.3, -1, -40
3814.4, -1, -40
3814.5, -1, -40
3814.6, -1, -40
3814.7, -1, -40
3814.8, -1, -40
3814.9, -1, -40
3815, -1, -40
3815.1, -2, -40
3815.2, -2, -40
3815.3, -2, -40
3815.4, -2, -40
3815.5, -2, -40
3815.6, -2, -40
3815.7, -2, -40
3815.8, -2, -40
3815.9, -2, -40
3816, -2, -40
3816.1, -2, -40
3816.2, -2, -40
3816.3, -2, -40
3816.4, -2, -40
3816.5, -2, -40
3816.6, -2, -40
3816.7, -2, -40
3816.8, -2, -40
3816.9, -2, -40
3817, -2, -40
3817.1, -2, -40
3817.2, -2, -40
3817.3, -2, -40
3817.4, -2, -40
3817.5, -2, -40
3817.6, -2, -40
3817.7, -2, -40
3817.8, -2, -40
3817.9, -2, -40
3818, -2, -40
3818.1, -2, -40
3818.2, -2, -40
3818.3, -3, -40
3818.4, -3, -40
3818.5, -3, -40
3818.6, -3, -40
3818.7, -3, -40
3818.8, -3, -40
3818.9, -3, -40
3819, -3, -40
3819.1, -3, -40
3819.2, -3, -40
3819.3, -3, -41
3819.4, -3, -41
3819.5, -3, -41
3819.6, -3, -41
3819.7, -3, -41
3819.8, -3, -41
3819.9, -3, -41
3820, -3, -41
3820.1, -3, -41
3820.2, -3, -41
3820.3, -3, -41
3820.4, -3, -41
3820.5, -3, -41
3820.6, -3, -41
3820.7, -3, -41
3820.8, -3, -41
3820.9, -3, -41
3821, -3, -41
3821.1, -3, -41
3821.2, -3, -41
3821.3, -3, -41
3821.4, -3, -41
3821.5, -3, -41
3821.6, -3, -41
3821.7, -3, -41
3821.8, -3, -41
3821.9, -3, -41
3822, -3, -41
3822.1, -3, -41
3822.2, -3, -41
3822.3, -3, -41
3822.4, -3, -41
3822.5, -3, -41
3822.6, -3, -41
3822.7, -3, -41
3822.8, -3, -41
3822.9, -3, -41
3823, -3, -41
3823.1, -3, -41
3823.2, -3, -41
3823.3, -3, -41
3823.4, -3, -41
3823.5, -3, -41
3823.6, -3, -41
3823.7, -3, -41
3823.8, -3, -41
3823.9, -3, -41
3824, -3, -41
3824.1, -3, -41
3824.2, -3, -41
3824.3, -3, -41
3824.4, -3, -41
3824.5, -3, -41
3824.6, -3, -41
3824.7, -3, -41
3824.8, -3, -41
3824.9, -3, -41
3825, -3, -41
3825.1, -3, -41
3825.2, -3, -41
3825.3, -3, -41
3825.4, -3, -41
3825.5, -3, -41
3825.6, -3, -41
3825.7, -3, -41
3825.8, -3, -41
3825.9, -3, -41
3826, -3, -41
3826.1, -3, -41
3826.2, -3, -41
3826.3, -3, -41
3826.4, -3, -41
3826.5, -3, -41
3826.6, -3, -41
3826.7, -3, -41
3826.8, -3, -41
3826.9, -3, -41
3827, -3, -41
3827.1, -3, -41
3827.2, -3, -41
3827.3, -3, -41
3827.4, -3, -41
3827.5, -3, -41
3827.6, -3, -41
3827.7, -3, -41
3827.8, -3, -41
3827.9, -3, -41
3828, -3, -41
3828.1, -3, -41
3828.2, -3, -41
3828.3, -3, -41
3828.4, -3, -41
3828.5, -3, -41
3828.6, -3, -41
3828.7, -3, -41
3828.8, -3, -41
3828.9, -4, -41
3829, -4, -41
3829.1, -4, -41
3829.2, -4, -41
3829.3, -4, -41
3829.4, -4, -41
3829.5, -4, -41
3829.6, -4, -41
3829.7, -4, -41
3829.8, -4, -41
3829.9, -4, -41
3830, -4, -41
3830.1, -4, -41
3830.2, -4, -41
3830.3, -4, -41
3830.4, -4, -41
3830.5, -4, -41
3830.6, -4, -41
3830.7, -4, -41
3830.8, -4, -41
3830.9, -4, -41
3831, -4, -41
3831.1, -4, -41
3831.2, -4, -41
3831.3, -4, -41
3831.4, -4, -41
3831.5, -4, -41
3831.6, -4, -41
3831.7, -4, -41
3831.8, -4, -41
3831.9, -4, -41
3832, -4, -41
3832.1, -4, -41
3832.2, -4, -41
3832.3, -4, -41
3832.4, -4, -41
3832.5, -4, -41
3832.6, -4, -41
3832.7, -4, -41
3832.8, -4, -41
3832.9, -4, -41
3833, -4, -41
3833.1, -4, -41
3833.2, -4, -41
3833.3, -4, -41
3833.4, -4, -41
3833.5, -4, -40
3833.6, -4, -40
3833.7, -4, -40
3833.8, -4, -40
3833.9, -4, -40
3834, -4, -40
3834.1, -4, -40
3834.2, -4, -40
3834.3, -4, -40
3834.4, -4, -40
3834.5, -4, -39
3834.6, -4, -39
3834.7, -4, -39
3834.8, -4, -39
3834.9, -4, -39
3835, -4, -39
3835.1, -4, -39
3835.2, -4, -39
3835.3, -3, -39
3835.4, -3, -39
3835.5, -3, -39
3835.6, -3, -39
3835.7, -3, -39
3835.8, -3, -39
3835.9, -3, -39
3836, -3, -39
3836.1, -3, -39
3836.2, -3, -39
3836.3, -3, -39
3836.4, -3, -39
3836.5, -3, -39
3836.6, -3, -39
3836.7, -3, -39
3836.8, -3, -39
3836.9, -3, -39
3837, -3, -39
3837.1, -3, -39
3837.2, -3, -39
3837.3, -3, -39
3837.4, -3, -39
3837.5, -3, -39
3837.6, -3, -39
3837.7, -3, -39
3837.8, -3, -39
3837.9, -3, -39
3838, -3, -39
3838.1, -3, -39
3838.2, -3, -39
3838.3, -3, -39
3838.4, -3, -39
3838.5, -3, -39
3838.6, -3, -39
3838.7, -3, -39
3838.8, -3, -39
3838.9, -2, -39
3839, -2, -39
3839.1, -2, -39
3839.2, -2, -39
3839.3, -2, -39
3839.4, -2, -39
3839.5, -2, -39
3839.6, -2, -39
3839.7, -2, -39
3839.8, -2, -39
3839.9, -2, -39
3840, -2, -39
3840.1, -2, -39
3840.2, -2, -39
3840.3, -2, -39
3840.4, -2, -39
3840.5, -2, -39
3840.6, -2, -39
3840.7, -2, -39
3840.8, -2, -39
3840.9, -2, -39
3841, -2, -39
3841.1, -2, -39
3841.2, -2, -39
3841.3, -2, -39
3841.4, -2, -39
3841.5, -2, -39
3841.6, -2, -39
3841.7, -2, -39
3841.8, -2, -39
3841.9, -2, -39
3842, -2, -39
3842.1, -2, -39
3842.2, -2, -39
3842.3, -2, -39
3842.4, -2, -39
3842.5, -2, -39
3842.6, -2, -39
3842.7, -2, -39
3842.8, -2, -39
3842.9, -2, -39
3843, -2, -39
3843.1, -2, -39
3843.2, -2, -39
3843.3, -2, -39
3843.4, -2, -39
3843.5, -2, -39
3843.6, -2, -39
3843.7, -2, -39
3843.8, -2, -39
3843.9, -2, -39
3844, -2, -39
3844.1, -3, -39
3844.2, -3, -39
3844.3, -3, -39
3844.4, -3, -39
3844.5, -3, -39
3844.6, -3, -39
3844.7, -3, -39
3844.8, -3, -39
3844.9, -3, -39
3845, -3, -39
3845.1, -2, -39
3845.2, -2, -39
3845.3, -2, -39
3845.4, -2, -39
3845.5, -2, -38
3845.6, -2, -38
3845.7, -2, -38
3845.8, -2, -38
3845.9, -2, -38
3846, -2, -38
3846.1, -2, -39
3846.2, -2, -39
3846.3, -2, -39
3846.4, -2, -39
3846.5, -2, -39
3846.6, -2, -39
3846.7, -2, -39
3846.8, -2, -39
3846.9, -2, -39
3847, -2, -39
3847.1, -2, -39
3847.2, -2, -39
3847.3, -2, -39
3847.4, -2, -39
3847.5, -2, -39
3847.6, -2, -39
3847.7, -2, -39
3847.8, -2, -39
3847.9, -2, -39
3848, -2, -39
3848.1, -2, -39
3848.2, -2, -39
3848.3, -2, -39
3848.4, -2, -39
3848.5, -2, -39
3848.6, -2, -39
3848.7, -2, -39
3848.8, -2, -39
3848.9, -2, -39
3849, -2, -39
3849.1, -2, -39
3849.2, -2, -39
3849.3, -2, -39
3849.4, -2, -39
3849.5, -2, -39
3849.6, -2, -39
3849.7, -2, -39
3849.8, -2, -39
3849.9, -1, -39
3850, -1, -39
3850.1, -1, -39
3850.2, -1, -39
3850.3, -1, -39
3850.4, -1, -39
3850.5, -1, -39
3850.6, -1, -39
3850.7, -1, -39
3850.8, -1, -39
3850.9, -1, -39
3851, -1, -39
3851.1, -1, -39
3851.2, -1, -39
3851.3, -1, -39
3851.4, -1, -39
3851.5, -1, -39
3851.6, -1, -39
3851.7, -1, -39
3851.8, -1, -39
3851.9, -1, -39
3852, -1, -39
3852.1, -1, -39
3852.2, -1, -39
3852.3, -2, -39
3852.4, -2, -39
3852.5, -2, -39
3852.6, -2, -39
3852.7, -2, -39
3852.8, -2, -39
3852.9, -2, -39
3853, -2, -39
3853.1, -2, -39
3853.2, -2, -39
3853.3, -2, -39
3853.4, -2, -39
3853.5, -2, -38
3853.6, -2, -38
3853.7, -2, -38
3853.8, -2, -38
3853.9, -2, -38
3854, -2, -38
3854.1, -2, -38
3854.2, -2, -38
3854.3, -2, -38
3854.4, -2, -38
3854.5, -2, -38
3854.6, -2, -38
3854.7, -2, -38
3854.8, -2, -38
3854.9, -2, -38
3855, -2, -38
3855.1, -2, -38
3855.2, -2, -38
3855.3, -2, -38
3855.4, -2, -38
3855.5, -2, -38
3855.6, -2, -38
3855.7, -2, -38
3855.8, -2, -38
3855.9, -2, -38
3856, -2, -38
3856.1, -1, -38
3856.2, -1, -38
3856.3, -1, -39
3856.4, -1, -39
3856.5, -1, -39
3856.6, -1, -39
3856.7, -1, -39
3856.8, -1, -39
3856.9, -1, -39
3857, -1, -39
3857.1, -1, -38
3857.2, -1, -38
3857.3, -1, -38
3857.4, -1, -38
3857.5, -1, -38
3857.6, -1, -38
3857.7, -1, -38
3857.8, -1, -38
3857.9, -1, -38
3858, -1, -38
3858.1, -1, -38
3858.2, -1, -38
3858.3, -1, -39
3858.4, -1, -39
3858.5, -1, -39
3858.6, -1, -39
3858.7, -1, -39
3858.8, -1, -39
3858.9, -1, -39
3859, -1, -39
3859.1, -1, -39
3859.2, -1, -39
3859.3, -1, -39
3859.4, -1, -39
3859.5, 0, -39
3859.6, 0, -39
3859.7, 0, -39
3859.8, 0, -39
3859.9, 0, -39
3860, 0, -39
3860.1, 0, -39
3860.2, 0, -39
3860.3, 0, -39
3860.4, 0, -39
3860.5, 0, -39
3860.6, 0, -39
3860.7, 0, -39
3860.8, 0, -39
3860.9, 0, -39
3861, 0, -39
3861.1, 0, -39
3861.2, 0, -39
3861.3, 0, -39
3861.4, 0, -39
3861.5, 0, -39
3861.6, 0, -39
3861.7, 0, -39
3861.8, 0, -39
3861.9, 0, -39
3862, 0, -39
3862.1, 0, -40
3862.2, 0, -40
3862.3, 0, -40
3862.4, 0, -40
3862.5, 0, -40
3862.6, 0, -40
3862.7, 0, -40
3862.8, 0, -40
3862.9, 0, -40
3863, 0, -40
3863.1, 0, -40
3863.2, 0, -40
3863.3, 0, -39
3863.4, 0, -39
3863.5, 0, -39
3863.6, 0, -39
3863.7, 0, -40
3863.8, 0, -40
3863.9, 0, -40
3864, 0, -40
3864.1, 0, -40
3864.2, 0, -40
3864.3, 0, -40
3864.4, 0, -40
3864.5, 0, -40
3864.6, 0, -40
3864.7, 0, -40
3864.8, 0, -40
3864.9, 0, -40
3865, 0, -40
3865.1, 0, -40
3865.2, 0, -40
3865.3, 0, -40
3865.4, 0, -40
3865.5, 0, -40
3865.6, 0, -40
3865.7, 1, -40
3865.8, 1, -40
3865.9, 1, -40
3866, 1, -40
3866.1, 1, -40
3866.2, 1, -40
3866.3, 1, -40
3866.4, 1, -40
3866.5, 1, -40
3866.6, 1, -40
3866.7, 1, -40
3866.8, 1, -40
3866.9, 1, -40
3867, 1, -40
3867.1, 1, -40
3867.2, 1, -40
3867.3, 1, -40
3867.4, 1, -40
3867.5, 1, -40
3867.6, 1, -40
3867.7, 1, -40
3867.8, 1, -40
3867.9, 1, -40
3868, 1, -40
3868.1, 1, -40
3868.2, 1, -40
3868.3, 1, -40
3868.4, 1, -40
3868.5, 1, -39
3868.6, 1, -39
3868.7, 1, -39
3868.8, 1, -39
3868.9, 1, -39
3869, 1, -39
3869.1, 1, -39
3869.2, 1, -39
3869.3, 1, -39
3869.4, 1, -39
3869.5, 2, -39
3869.6, 2, -39
3869.7, 2, -39
3869.8, 2, -39
3869.9, 2, -39
3870, 2, -39
3870.1, 2, -40
3870.2, 2, -40
3870.3, 2, -40
3870.4, 2, -40
3870.5, 2, -40
3870.6, 2, -40
3870.7, 2, -40
3870.8, 2, -40
3870.9, 2, -40
3871, 2, -40
3871.1, 2, -40
3871.2, 2, -40
3871.3, 2, -40
3871.4, 2, -40
3871.5, 2, -40
3871.6, 2, -40
3871.7, 2, -40
3871.8, 2, -40
3871.9, 2, -40
3872, 2, -40
3872.1, 2, -40
3872.2, 2, -40
3872.3, 2, -39
3872.4, 2, -39
3872.5, 2, -39
3872.6, 2, -39
3872.7, 2, -40
3872.8, 2, -40
3872.9, 2, -40
3873, 2, -40
3873.1, 2, -40
3873.2, 2, -40
3873.3, 2, -39
3873.4, 2, -39
3873.5, 2, -39
3873.6, 2, -39
3873.7, 2, -39
3873.8, 2, -39
3873.9, 2, -39
3874, 2, -39
3874.1, 2, -39
3874.2, 2, -39
3874.3, 2, -39
3874.4, 2, -39
3874.5, 2, -39
3874.6, 2, -39
3874.7, 2, -39
3874.8, 2, -39
3874.9, 2, -39
3875, 2, -39
3875.1, 2, -39
3875.2, 2, -39
3875.3, 2, -39
3875.4, 2, -39
3875.5, 2, -39
3875.6, 2, -39
3875.7, 2, -39
3875.8, 2, -39
3875.9, 2, -39
3876, 2, -39
3876.1, 2, -39
3876.2, 2, -39
3876.3, 3, -39
3876.4, 3, -39
3876.5, 3, -39
3876.6, 3, -39
3876.7, 3, -39
3876.8, 3, -39
3876.9, 3, -39
3877, 3, -39
3877.1, 3, -39
3877.2, 3, -39
3877.3, 3, -39
3877.4, 3, -39
3877.5, 3, -39
3877.6, 3, -39
3877.7, 3, -39
3877.8, 3, -39
3877.9, 3, -39
3878, 3, -39
3878.1, 3, -39
3878.2, 3, -39
3878.3, 3, -39
3878.4, 3, -39
3878.5, 3, -39
3878.6, 3, -39
3878.7, 3, -39
3878.8, 3, -39
3878.9, 3, -39
3879, 3, -39
3879.1, 4, -39
3879.2, 4, -39
3879.3, 3, -39
3879.4, 3, -39
3879.5, 3, -39
3879.6, 3, -39
3879.7, 3, -39
3879.8, 3, -39
3879.9, 3, -39
3880, 3, -39
3880.1, 3, -39
3880.2, 3, -39
3880.3, 3, -39
3880.4, 3, -39
3880.5, 3, -39
3880.6, 3, -39
3880.7, 3, -39
3880.8, 3, -39
3880.9, 3, -39
3881, 3, -39
3881.1, 3, -39
3881.2, 3, -39
3881.3, 3, -39
3881.4, 3, -39
3881.5, 3, -39
3881.6, 3, -39
3881.7, 3, -39
3881.8, 3, -39
3881.9, 3, -39
3882, 3, -39
3882.1, 3, -39
3882.2, 3, -39
3882.3, 3, -39
3882.4, 3, -39
3882.5, 3, -39
3882.6, 3, -39
3882.7, 3, -39
3882.8, 3, -39
3882.9, 3, -39
3883, 3, -39
3883.1, 3, -39
3883.2, 3, -39
3883.3, 3, -39
3883.4, 3, -39
3883.5, 3, -39
3883.6, 3, -39
3883.7, 3, -39
3883.8, 3, -39
3883.9, 3, -39
3884, 3, -39
3884.1, 3, -38
3884.2, 3, -38
3884.3, 3, -38
3884.4, 3, -38
3884.5, 3, -38
3884.6, 3, -38
3884.7, 3, -38
3884.8, 3, -38
3884.9, 3, -37
3885, 3, -37
3885.1, 3, -37
3885.2, 3, -37
3885.3, 3, -37
3885.4, 3, -37
3885.5, 3, -37
3885.6, 3, -37
3885.7, 3, -37
3885.8, 3, -37
3885.9, 3, -38
3886, 3, -38
3886.1, 3, -38
3886.2, 3, -38
3886.3, 3, -38
3886.4, 3, -38
3886.5, 3, -38
3886.6, 3, -38
3886.7, 3, -38
3886.8, 3, -38
3886.9, 3, -38
3887, 3, -38
3887.1, 3, -38
3887.2, 3, -38
3887.3, 3, -38
3887.4, 3, -38
3887.5, 3, -38
3887.6, 3, -38
3887.7, 3, -38
3887.8, 3, -38
3887.9, 3, -38
3888, 3, -38
3888.1, 3, -38
3888.2, 3, -38
3888.3, 3, -38
3888.4, 3, -38
3888.5, 3, -38
3888.6, 3, -38
3888.7, 3, -38
3888.8, 3, -38
3888.9, 3, -38
3889, 3, -38
3889.1, 3, -38
3889.2, 3, -38
3889.3, 3, -38
3889.4, 3, -38
3889.5, 3, -38
3889.6, 3, -38
3889.7, 3, -38
3889.8, 3, -38
3889.9, 3, -38
3890, 3, -38
3890.1, 3, -38
3890.2, 3, -38
3890.3, 3, -38
3890.4, 3, -38
3890.5, 2, -38
3890.6, 2, -38
3890.7, 2, -38
3890.8, 2, -38
3890.9, 2, -38
3891, 2, -38
3891.1, 2, -38
3891.2, 2, -38
3891.3, 2, -38
3891.4, 2, -38
3891.5, 2, -38
3891.6, 2, -38
3891.7, 2, -38
3891.8, 2, -38
3891.9, 2, -38
3892, 2, -38
3892.1, 2, -38
3892.2, 2, -38
3892.3, 2, -38
3892.4, 2, -38
3892.5, 2, -38
3892.6, 2, -38
3892.7, 1, -38
3892.8, 1, -38
3892.9, 1, -38
3893, 1, -38
3893.1, 1, -38
3893.2, 1, -38
3893.3, 1, -38
3893.4, 1, -38
3893.5, 1, -38
3893.6, 1, -38
3893.7, 1, -38
3893.8, 1, -38
3893.9, 1, -38
3894, 1, -38
3894.1, 1, -38
3894.2, 1, -38
3894.3, 1, -38
3894.4, 1, -38
3894.5, 1, -38
3894.6, 1, -38
3894.7, 1, -38
3894.8, 1, -38
3894.9, 1, -38
3895, 1, -38
3895.1, 1, -38
3895.2, 1, -38
3895.3, 2, -38
3895.4, 2, -38
3895.5, 2, -38
3895.6, 2, -38
3895.7, 2, -38
3895.8, 2, -38
3895.9, 2, -38
3896, 2, -38
3896.1, 2, -38
3896.2, 2, -38
3896.3, 2, -38
3896.4, 2, -38
3896.5, 2, -38
3896.6, 2, -38
3896.7, 3, -38
3896.8, 3, -38
3896.9, 3, -39
3897, 3, -39
3897.1, 3, -39
3897.2, 3, -39
3897.3, 3, -39
3897.4, 3, -39
3897.5, 3, -39
3897.6, 3, -39
3897.7, 3, -39
3897.8, 3, -39
3897.9, 3, -39
3898, 3, -39
3898.1, 3, -39
3898.2, 3, -39
3898.3, 3, -39
3898.4, 3, -39
3898.5, 3, -39
3898.6, 3, -39
3898.7, 3, -39
3898.8, 3, -39
3898.9, 3, -39
3899, 3, -39
3899.1, 3, -39
3899.2, 3, -39
3899.3, 3, -39
3899.4, 3, -39
3899.5, 3, -39
3899.6, 3, -39
3899.7, 3, -39
3899.8, 3, -39
3899.9, 4, -39
3900, 4, -39
3900.1, 4, -39
3900.2, 4, -39
3900.3, 4, -39
3900.4, 4, -39
3900.5, 4, -39
3900.6, 4, -39
3900.7, 4, -39
3900.8, 4, -39
3900.9, 4, -39
3901, 4, -39
3901.1, 4, -39
3901.2, 4, -39
3901.3, 4, -39
3901.4, 4, -39
3901.5, 4, -39
3901.6, 4, -39
3901.7, 4, -39
3901.8, 4, -39
3901.9, 4, -39
3902, 4, -39
3902.1, 4, -39
3902.2, 4, -39
3902.3, 4, -39
3902.4, 4, -39
3902.5, 4, -38
3902.6, 4, -38
3902.7, 4, -38
3902.8, 4, -38
3902.9, 4, -38
3903, 4, -38
3903.1, 4, -38
3903.2, 4, -38
3903.3, 4, -38
3903.4, 4, -38
3903.5, 4, -38
3903.6, 4, -38
3903.7, 4, -38
3903.8, 4, -38
3903.9, 4, -38
3904, 4, -38
3904.1, 4, -38
3904.2, 4, -38
3904.3, 4, -38
3904.4, 4, -38
3904.5, 4, -38
3904.6, 4, -38
3904.7, 4, -38
3904.8, 4, -38
3904.9, 4, -38
3905, 4, -38
3905.1, 4, -38
3905.2, 4, -38
3905.3, 4, -38
3905.4, 4, -38
3905.5, 4, -38
3905.6, 4, -38
3905.7, 4, -38
3905.8, 4, -38
3905.9, 4, -38
3906, 4, -38
3906.1, 4, -38
3906.2, 4, -38
3906.3, 4, -38
3906.4, 4, -38
3906.5, 4, -38
3906.6, 4, -38
3906.7, 4, -38
3906.8, 4, -38
3906.9, 4, -38
3907, 4, -38
3907.1, 4, -38
3907.2, 4, -38
3907.3, 4, -38
3907.4, 4, -38
3907.5, 4, -38
3907.6, 4, -38
3907.7, 4, -38
3907.8, 4, -38
3907.9, 4, -38
3908, 4, -38
3908.1, 4, -38
3908.2, 4, -38
3908.3, 4, -38
3908.4, 4, -38
3908.5, 4, -38
3908.6, 4, -38
3908.7, 4, -38
3908.8, 4, -38
3908.9, 4, -38
3909, 4, -38
3909.1, 4, -38
3909.2, 4, -38
3909.3, 4, -38
3909.4, 4, -38
3909.5, 4, -38
3909.6, 4, -38
3909.7, 4, -38
3909.8, 4, -38
3909.9, 4, -38
3910, 4, -38
3910.1, 4, -38
3910.2, 4, -38
3910.3, 4, -38
3910.4, 4, -38
3910.5, 4, -38
3910.6, 4, -38
3910.7, 4, -38
3910.8, 4, -38
3910.9, 4, -39
3911, 4, -39
3911.1, 4, -39
3911.2, 4, -39
3911.3, 4, -39
3911.4, 4, -39
3911.5, 4, -39
3911.6, 4, -39
3911.7, 4, -39
3911.8, 4, -39
3911.9, 4, -39
3912, 4, -39
3912.1, 4, -39
3912.2, 4, -39
3912.3, 4, -39
3912.4, 4, -39
3912.5, 4, -39
3912.6, 4, -39
3912.7, 4, -39
3912.8, 4, -39
3912.9, 4, -39
3913, 4, -39
3913.1, 4, -39
3913.2, 4, -39
3913.3, 4, -39
3913.4, 4, -39
3913.5, 4, -39
3913.6, 4, -39
3913.7, 4, -39
3913.8, 4, -39
3913.9, 4, -39
3914, 4, -39
3914.1, 4, -39
3914.2, 4, -39
3914.3, 4, -39
3914.4, 4, -39
3914.5, 4, -39
3914.6, 4, -39
3914.7, 4, -39
3914.8, 4, -39
3914.9, 4, -39
3915, 4, -39
3915.1, 4, -39
3915.2, 4, -39
3915.3, 4, -39
3915.4, 4, -39
3915.5, 4, -39
3915.6, 4, -39
3915.7, 4, -39
3915.8, 4, -39
3915.9, 4, -39
3916, 4, -39
3916.1, 4, -39
3916.2, 4, -39
3916.3, 4, -39
3916.4, 4, -39
3916.5, 4, -39
3916.6, 4, -39
3916.7, 4, -39
3916.8, 4, -39
3916.9, 4, -39
3917, 4, -39
3917.1, 4, -39
3917.2, 4, -39
3917.3, 4, -39
3917.4, 4, -39
3917.5, 4, -39
3917.6, 4, -39
3917.7, 4, -39
3917.8, 4, -39
3917.9, 4, -39
3918, 4, -39
3918.1, 4, -39
3918.2, 4, -39
3918.3, 4, -39
3918.4, 4, -39
3918.5, 4, -39
3918.6, 4, -39
3918.7, 4, -39
3918.8, 4, -39
3918.9, 4, -39
3919, 4, -39
3919.1, 4, -39
3919.2, 4, -39
3919.3, 4, -39
3919.4, 4, -39
3919.5, 4, -39
3919.6, 4, -39
3919.7, 4, -39
3919.8, 4, -39
3919.9, 4, -38
3920, 4, -38
3920.1, 4, -38
3920.2, 4, -38
3920.3, 4, -38
3920.4, 4, -38
3920.5, 4, -38
3920.6, 4, -38
3920.7, 4, -38
3920.8, 4, -38
3920.9, 4, -38
3921, 4, -38
3921.1, 4, -38
3921.2, 4, -38
3921.3, 4, -38
3921.4, 4, -38
3921.5, 4, -38
3921.6, 4, -38
3921.7, 5, -38
3921.8, 5, -38
3921.9, 5, -38
3922, 5, -38
3922.1, 5, -38
3922.2, 5, -38
3922.3, 5, -38
3922.4, 5, -38
3922.5, 5, -38
3922.6, 5, -38
3922.7, 5, -38
3922.8, 5, -38
3922.9, 5, -38
3923, 5, -38
3923.1, 5, -38
3923.2, 5, -38
3923.3, 5, -38
3923.4, 5, -38
3923.5, 5, -38
3923.6, 5, -38
3923.7, 5, -38
3923.8, 5, -38
3923.9, 5, -38
3924, 5, -38
3924.1, 5, -38
3924.2, 5, -38
3924.3, 5, -38
3924.4, 5, -38
3924.5, 5, -38
3924.6, 5, -38
3924.7, 5, -38
3924.8, 5, -38
3924.9, 5, -38
3925, 5, -38
3925.1, 5, -38
3925.2, 5, -38
3925.3, 5, -38
3925.4, 5, -38
3925.5, 5, -38
3925.6, 5, -38
3925.7, 5, -38
3925.8, 5, -38
3925.9, 5, -38
3926, 5, -38
3926.1, 5, -38
3926.2, 5, -38
3926.3, 5, -37
3926.4, 5, -37
3926.5, 5, -37
3926.6, 5, -37
3926.7, 5, -37
3926.8, 5, -37
3926.9, 5, -37
3927, 5, -37
3927.1, 5, -37
3927.2, 5, -37
3927.3, 5, -38
3927.4, 5, -38
3927.5, 4, -38
3927.6, 4, -38
3927.7, 4, -38
3927.8, 4, -38
3927.9, 4, -38
3928, 4, -38
3928.1, 4, -38
3928.2, 4, -38
3928.3, 4, -38
3928.4, 4, -38
3928.5, 4, -38
3928.6, 4, -38
3928.7, 4, -38
3928.8, 4, -38
3928.9, 4, -38
3929, 4, -38
3929.1, 4, -38
3929.2, 4, -38
3929.3, 4, -38
3929.4, 4, -38
3929.5, 4, -38
3929.6, 4, -38
3929.7, 4, -38
3929.8, 4, -38
3929.9, 4, -38
3930, 4, -38
3930.1, 4, -38
3930.2, 4, -38
3930.3, 4, -38
3930.4, 4, -38
3930.5, 4, -38
3930.6, 4, -38
3930.7, 4, -38
3930.8, 4, -38
3930.9, 4, -38
3931, 4, -38
3931.1, 4, -38
3931.2, 4, -38
3931.3, 4, -38
3931.4, 4, -38
3931.5, 4, -38
3931.6, 4, -38
3931.7, 4, -38
3931.8, 4, -38
3931.9, 4, -39
3932, 4, -39
3932.1, 4, -39
3932.2, 4, -39
3932.3, 4, -38
3932.4, 4, -38
3932.5, 4, -38
3932.6, 4, -38
3932.7, 4, -38
3932.8, 4, -38
3932.9, 4, -38
3933, 4, -38
3933.1, 4, -38
3933.2, 4, -38
3933.3, 4, -38
3933.4, 4, -38
3933.5, 4, -38
3933.6, 4, -38
3933.7, 4, -38
3933.8, 4, -38
3933.9, 4, -37
3934, 4, -37
3934.1, 4, -37
3934.2, 4, -37
3934.3, 4, -37
3934.4, 4, -37
3934.5, 4, -37
3934.6, 4, -37
3934.7, 4, -37
3934.8, 4, -37
3934.9, 4, -37
3935, 4, -37
3935.1, 4, -37
3935.2, 4, -37
3935.3, 4, -37
3935.4, 4, -37
3935.5, 5, -37
3935.6, 5, -37
3935.7, 5, -38
3935.8, 5, -38
3935.9, 5, -38
3936, 5, -38
3936.1, 5, -38
3936.2, 5, -38
3936.3, 5, -38
3936.4, 5, -38
3936.5, 5, -38
3936.6, 5, -38
3936.7, 5, -38
3936.8, 5, -38
3936.9, 5, -38
3937, 5, -38
3937.1, 5, -38
3937.2, 5, -38
3937.3, 5, -38
3937.4, 5, -38
3937.5, 5, -38
3937.6, 5, -38
3937.7, 5, -38
3937.8, 5, -38
3937.9, 6, -38
3938, 6, -38
3938.1, 6, -38
3938.2, 6, -38
3938.3, 6, -38
3938.4, 6, -38
3938.5, 6, -38
3938.6, 6, -38
3938.7, 6, -38
3938.8, 6, -38
3938.9, 6, -38
3939, 6, -38
3939.1, 6, -38
3939.2, 6, -38
3939.3, 6, -38
3939.4, 6, -38
3939.5, 6, -38
3939.6, 6, -38
3939.7, 6, -38
3939.8, 6, -38
3939.9, 6, -38
3940, 6, -38
3940.1, 6, -38
3940.2, 6, -38
3940.3, 6, -38
3940.4, 6, -38
3940.5, 6, -38
3940.6, 6, -38
3940.7, 6, -38
3940.8, 6, -38
3940.9, 6, -38
3941, 6, -38
3941.1, 6, -38
3941.2, 6, -38
3941.3, 6, -38
3941.4, 6, -38
3941.5, 6, -38
3941.6, 6, -38
3941.7, 6, -38
3941.8, 6, -38
3941.9, 6, -38
3942, 6, -38
3942.1, 6, -38
3942.2, 6, -38
3942.3, 6, -38
3942.4, 6, -38
3942.5, 6, -38
3942.6, 6, -38
3942.7, 6, -38
3942.8, 6, -38
3942.9, 6, -38
3943, 6, -38
3943.1, 6, -38
3943.2, 6, -38
3943.3, 6, -38
3943.4, 6, -38
3943.5, 6, -38
3943.6, 6, -38
3943.7, 6, -38
3943.8, 6, -38
3943.9, 6, -39
3944, 6, -39
3944.1, 6, -39
3944.2, 6, -39
3944.3, 6, -39
3944.4, 6, -39
3944.5, 6, -39
3944.6, 6, -39
3944.7, 6, -38
3944.8, 6, -38
3944.9, 6, -38
3945, 6, -38
3945.1, 6, -38
3945.2, 6, -38
3945.3, 6, -38
3945.4, 6, -38
3945.5, 6, -38
3945.6, 6, -38
3945.7, 6, -38
3945.8, 6, -38
3945.9, 6, -38
3946, 6, -38
3946.1, 6, -38
3946.2, 6, -38
3946.3, 6, -38
3946.4, 6, -38
3946.5, 6, -38
3946.6, 6, -38
3946.7, 6, -38
3946.8, 6, -38
3946.9, 6, -38
3947, 6, -38
3947.1, 6, -38
3947.2, 6, -38
3947.3, 6, -38
3947.4, 6, -38
3947.5, 6, -38
3947.6, 6, -38
3947.7, 6, -38
3947.8, 6, -38
3947.9, 6, -38
3948, 6, -38
3948.1, 6, -38
3948.2, 6, -38
3948.3, 6, -38
3948.4, 6, -38
3948.5, 6, -38
3948.6, 6, -38
3948.7, 6, -38
3948.8, 6, -38
3948.9, 6, -38
3949, 6, -38
3949.1, 5, -38
3949.2, 5, -38
3949.3, 5, -38
3949.4, 5, -38
3949.5, 5, -38
3949.6, 5, -38
3949.7, 5, -38
3949.8, 5, -38
3949.9, 5, -38
3950, 5, -38
3950.1, 5, -38
3950.2, 5, -38
3950.3, 5, -38
3950.4, 5, -38
3950.5, 5, -38
3950.6, 5, -38
3950.7, 5, -38
3950.8, 5, -38
3950.9, 5, -38
3951, 5, -38
3951.1, 5, -38
3951.2, 5, -38
3951.3, 5, -38
3951.4, 5, -38
3951.5, 5, -38
3951.6, 5, -38
3951.7, 5, -38
3951.8, 5, -38
3951.9, 5, -38
3952, 5, -38
3952.1, 6, -38
3952.2, 6, -38
3952.3, 6, -38
3952.4, 6, -38
3952.5, 6, -38
3952.6, 6, -38
3952.7, 6, -39
3952.8, 6, -39
3952.9, 6, -39
3953, 6, -39
3953.1, 6, -39
3953.2, 6, -39
3953.3, 6, -39
3953.4, 6, -39
3953.5, 6, -39
3953.6, 6, -39
3953.7, 6, -39
3953.8, 6, -39
3953.9, 6, -39
3954, 6, -39
3954.1, 6, -39
3954.2, 6, -39
3954.3, 6, -39
3954.4, 6, -39
3954.5, 6, -39
3954.6, 6, -39
3954.7, 6, -39
3954.8, 6, -39
3954.9, 6, -39
3955, 6, -39
3955.1, 7, -39
3955.2, 7, -39
3955.3, 7, -39
3955.4, 7, -39
3955.5, 7, -39
3955.6, 7, -39
3955.7, 7, -39
3955.8, 7, -39
3955.9, 7, -39
3956, 7, -39
3956.1, 8, -39
3956.2, 8, -39
3956.3, 8, -39
3956.4, 8, -39
3956.5, 8, -39
3956.6, 8, -39
3956.7, 8, -39
3956.8, 8, -39
3956.9, 8, -39
3957, 8, -39
3957.1, 8, -39
3957.2, 8, -39
3957.3, 8, -39
3957.4, 8, -39
3957.5, 8, -39
3957.6, 8, -39
3957.7, 8, -39
3957.8, 8, -39
3957.9, 9, -39
3958, 9, -39
3958.1, 9, -39
3958.2, 9, -39
3958.3, 9, -39
3958.4, 9, -39
3958.5, 9, -39
3958.6, 9, -39
3958.7, 10, -39
3958.8, 10, -39
3958.9, 10, -39
3959, 10, -39
3959.1, 10, -39
3959.2, 10, -39
3959.3, 10, -39
3959.4, 10, -39
3959.5, 10, -39
3959.6, 10, -39
3959.7, 10, -39
3959.8, 10, -39
3959.9, 10, -39
3960, 10, -39
3960.1, 10, -39
3960.2, 10, -39
3960.3, 10, -39
3960.4, 10, -39
3960.5, 10, -39
3960.6, 10, -39
3960.7, 10, -39
3960.8, 10, -39
3960.9, 10, -40
3961, 10, -40
3961.1, 10, -40
3961.2, 10, -40
3961.3, 10, -40
3961.4, 10, -40
3961.5, 10, -41
3961.6, 10, -41
3961.7, 10, -41
3961.8, 10, -41
3961.9, 10, -41
3962, 10, -41
3962.1, 10, -41
3962.2, 10, -41
3962.3, 10, -41
3962.4, 10, -41
3962.5, 10, -41
3962.6, 10, -41
3962.7, 10, -41
3962.8, 10, -41
3962.9, 10, -41
3963, 10, -41
3963.1, 10, -42
3963.2, 10, -42
3963.3, 9, -42
3963.4, 9, -42
3963.5, 9, -42
3963.6, 9, -42
3963.7, 8, -42
3963.8, 8, -42
3963.9, 8, -42
3964, 8, -42
3964.1, 8, -42
3964.2, 8, -42
3964.3, 8, -42
3964.4, 8, -42
3964.5, 8, -42
3964.6, 8, -42
3964.7, 8, -42
3964.8, 8, -42
3964.9, 8, -42
3965, 8, -42
3965.1, 8, -42
3965.2, 8, -42
3965.3, 8, -42
3965.4, 8, -42
3965.5, 8, -42
3965.6, 8, -42
3965.7, 8, -42
3965.8, 8, -42
3965.9, 8, -42
3966, 8, -42
3966.1, 8, -42
3966.2, 8, -42
3966.3, 8, -42
3966.4, 8, -42
3966.5, 8, -42
3966.6, 8, -42
3966.7, 8, -42
3966.8, 8, -42
3966.9, 8, -42
3967, 8, -42
3967.1, 8, -42
3967.2, 8, -42
3967.3, 8, -42
3967.4, 8, -42
3967.5, 8, -42
3967.6, 8, -42
3967.7, 8, -42
3967.8, 8, -42
3967.9, 8, -42
3968, 8, -42
3968.1, 8, -42
3968.2, 8, -42
3968.3, 8, -42
3968.4, 8, -42
3968.5, 8, -42
3968.6, 8, -42
3968.7, 8, -42
3968.8, 8, -42
3968.9, 8, -42
3969, 8, -42
3969.1, 8, -42
3969.2, 8, -42
3969.3, 7, -42
3969.4, 7, -42
3969.5, 7, -42
3969.6, 7, -42
3969.7, 7, -42
3969.8, 7, -42
3969.9, 7, -43
3970, 7, -43
3970.1, 7, -43
3970.2, 7, -43
3970.3, 7, -42
3970.4, 7, -42
3970.5, 7, -42
3970.6, 7, -42
3970.7, 7, -42
3970.8, 7, -42
3970.9, 7, -42
3971, 7, -42
3971.1, 7, -42
3971.2, 7, -42
3971.3, 7, -42
3971.4, 7, -42
3971.5, 6, -42
3971.6, 6, -42
3971.7, 6, -42
3971.8, 6, -42
3971.9, 6, -42
3972, 6, -42
3972.1, 6, -42
3972.2, 6, -42
3972.3, 6, -42
3972.4, 6, -42
3972.5, 6, -42
3972.6, 6, -42
3972.7, 6, -42
3972.8, 6, -42
3972.9, 6, -42
3973, 6, -42
3973.1, 6, -42
3973.2, 6, -42
3973.3, 6, -42
3973.4, 6, -42
3973.5, 6, -42
3973.6, 6, -42
3973.7, 7, -42
3973.8, 7, -42
3973.9, 7, -42
3974, 7, -42
3974.1, 7, -42
3974.2, 7, -42
3974.3, 7, -42
3974.4, 7, -42
3974.5, 7, -42
3974.6, 7, -42
3974.7, 7, -42
3974.8, 7, -42
3974.9, 7, -42
3975, 7, -42
3975.1, 7, -42
3975.2, 7, -42
3975.3, 7, -43
3975.4, 7, -43
3975.5, 7, -43
3975.6, 7, -43
3975.7, 7, -42
3975.8, 7, -42
3975.9, 7, -42
3976, 7, -42
3976.1, 7, -42
3976.2, 7, -42
3976.3, 7, -42
3976.4, 7, -42
3976.5, 7, -42
3976.6, 7, -42
3976.7, 7, -43
3976.8, 7, -43
3976.9, 7, -43
3977, 7, -43
3977.1, 7, -43
3977.2, 7, -43
3977.3, 7, -43
3977.4, 7, -43
3977.5, 7, -43
3977.6, 7, -43
3977.7, 7, -44
3977.8, 7, -44
3977.9, 7, -44
3978, 7, -44
3978.1, 7, -44
3978.2, 7, -44
3978.3, 7, -45
3978.4, 7, -45
3978.5, 7, -45
3978.6, 7, -45
3978.7, 7, -44
3978.8, 7, -44
3978.9, 7, -44
3979, 7, -44
3979.1, 7, -44
3979.2, 7, -44
3979.3, 7, -44
3979.4, 7, -44
3979.5, 7, -44
3979.6, 7, -44
3979.7, 7, -44
3979.8, 7, -44
3979.9, 7, -44
3980, 7, -44
3980.1, 7, -44
3980.2, 7, -44
3980.3, 7, -44
3980.4, 7, -44
3980.5, 7, -44
3980.6, 7, -44
3980.7, 7, -44
3980.8, 7, -44
3980.9, 7, -44
3981, 7, -44
3981.1, 7, -44
3981.2, 7, -44
3981.3, 7, -44
3981.4, 7, -44
3981.5, 7, -44
3981.6, 7, -44
3981.7, 7, -44
3981.8, 7, -44
3981.9, 7, -44
3982, 7, -44
3982.1, 7, -44
3982.2, 7, -44
3982.3, 7, -44
3982.4, 7, -44
3982.5, 7, -44
3982.6, 7, -44
3982.7, 7, -44
3982.8, 7, -44
3982.9, 7, -44
3983, 7, -44
3983.1, 7, -44
3983.2, 7, -44
3983.3, 7, -44
3983.4, 7, -44
3983.5, 7, -44
3983.6, 7, -44
3983.7, 7, -44
3983.8, 7, -44
3983.9, 7, -44
3984, 7, -44
3984.1, 7, -44
3984.2, 7, -44
3984.3, 7, -44
3984.4, 7, -44
3984.5, 7, -44
3984.6, 7, -44
3984.7, 7, -44
3984.8, 7, -44
3984.9, 7, -44
3985, 7, -44
3985.1, 7, -44
3985.2, 7, -44
3985.3, 7, -44
3985.4, 7, -44
3985.5, 7, -44
3985.6, 7, -44
3985.7, 7, -44
3985.8, 7, -44
3985.9, 7, -44
3986, 7, -44
3986.1, 7, -44
3986.2, 7, -44
3986.3, 7, -44
3986.4, 7, -44
3986.5, 7, -44
3986.6, 7, -44
3986.7, 7, -44
3986.8, 7, -44
3986.9, 7, -44
3987, 7, -44
3987.1, 7, -44
3987.2, 7, -44
3987.3, 7, -44
3987.4, 7, -44
3987.5, 7, -44
3987.6, 7, -44
3987.7, 7, -43
3987.8, 7, -43
3987.9, 7, -43
3988, 7, -43
3988.1, 7, -44
3988.2, 7, -44
3988.3, 7, -44
3988.4, 7, -44
3988.5, 7, -44
3988.6, 7, -44
3988.7, 7, -44
3988.8, 7, -44
3988.9, 7, -44
3989, 7, -44
3989.1, 7, -44
3989.2, 7, -44
3989.3, 7, -44
3989.4, 7, -44
3989.5, 7, -44
3989.6, 7, -44
3989.7, 7, -44
3989.8, 7, -44
3989.9, 7, -44
3990, 7, -44
3990.1, 7, -44
3990.2, 7, -44
3990.3, 7, -44
3990.4, 7, -44
3990.5, 7, -44
3990.6, 7, -44
3990.7, 7, -44
3990.8, 7, -44
3990.9, 7, -44
3991, 7, -44
3991.1, 7, -44
3991.2, 7, -44
3991.3, 7, -44
3991.4, 7, -44
3991.5, 7, -44
3991.6, 7, -44
3991.7, 7, -44
3991.8, 7, -44
3991.9, 7, -44
3992, 7, -44
3992.1, 7, -44
3992.2, 7, -44
3992.3, 7, -44
3992.4, 7, -44
3992.5, 7, -44
3992.6, 7, -44
3992.7, 7, -44
3992.8, 7, -44
3992.9, 7, -44
3993, 7, -44
3993.1, 6, -44
3993.2, 6, -44
3993.3, 6, -44
3993.4, 6, -44
3993.5, 6, -44
3993.6, 6, -44
3993.7, 6, -44
3993.8, 6, -44
3993.9, 6, -43
3994, 6, -43
3994.1, 6, -43
3994.2, 6, -43
3994.3, 6, -42
3994.4, 6, -42
3994.5, 6, -42
3994.6, 6, -42
3994.7, 6, -42
3994.8, 6, -42
3994.9, 6, -42
3995, 6, -42
3995.1, 6, -41
3995.2, 6, -41
3995.3, 6, -41
3995.4, 6, -41
3995.5, 6, -41
3995.6, 6, -41
3995.7, 7, -41
3995.8, 7, -41
3995.9, 7, -41
3996, 7, -41
3996.1, 7, -41
3996.2, 7, -41
3996.3, 7, -41
3996.4, 7, -41
3996.5, 7, -40
3996.6, 7, -40
3996.7, 7, -40
3996.8, 7, -40
3996.9, 7, -41
3997, 7, -41
3997.1, 7, -41
3997.2, 7, -41
3997.3, 7, -41
3997.4, 7, -41
3997.5, 7, -41
3997.6, 7, -41
3997.7, 7, -41
3997.8, 7, -41
3997.9, 7, -41
3998, 7, -41
3998.1, 7, -41
3998.2, 7, -41
3998.3, 7, -41
3998.4, 7, -41
3998.5, 7, -41
3998.6, 7, -41
3998.7, 7, -41
3998.8, 7, -41
3998.9, 7, -41
3999, 7, -41
3999.1, 7, -41
3999.2, 7, -41
3999.3, 7, -41
3999.4, 7, -41
3999.5, 7, -41
3999.6, 7, -41
3999.7, 7, -40
3999.8, 7, -40
3999.9, 7, -40
4000, 7, -40
4000.1, 7, -40
4000.2, 7, -40
4000.3, 7, -40
4000.4, 7, -40
4000.5, 7, -40
4000.6, 7, -40
4000.7, 7, -40
4000.8, 7, -40
4000.9, 7, -40
4001, 7, -40
4001.1, 7, -40
4001.2, 7, -40
4001.3, 7, -40
4001.4, 7, -40
4001.5, 7, -40
4001.6, 7, -40
4001.7, 7, -41
4001.8, 7, -41
4001.9, 7, -41
4002, 7, -41
4002.1, 7, -41
4002.2, 7, -41
4002.3, 7, -41
4002.4, 7, -41
4002.5, 7, -41
4002.6, 7, -41
4002.7, 7, -41
4002.8, 7, -41
4002.9, 7, -41
4003, 7, -41
4003.1, 7, -41
4003.2, 7, -41
4003.3, 7, -41
4003.4, 7, -41
4003.5, 7, -41
4003.6, 7, -41
4003.7, 7, -41
4003.8, 7, -41
4003.9, 7, -41
4004, 7, -41
4004.1, 7, -41
4004.2, 7, -41
4004.3, 7, -41
4004.4, 7, -41
4004.5, 7, -41
4004.6, 7, -41
4004.7, 7, -41
4004.8, 7, -41
4004.9, 7, -40
4005, 7, -40
4005.1, 7, -40
4005.2, 7, -40
4005.3, 7, -40
4005.4, 7, -40
4005.5, 7, -40
4005.6, 7, -40
4005.7, 7, -40
4005.8, 7, -40
4005.9, 7, -40
4006, 7, -40
4006.1, 7, -40
4006.2, 7, -40
4006.3, 7, -40
4006.4, 7, -40
4006.5, 7, -40
4006.6, 7, -40
4006.7, 7, -40
4006.8, 7, -40
4006.9, 7, -40
4007, 7, -40
4007.1, 7, -40
4007.2, 7, -40
4007.3, 7, -40
4007.4, 7, -40
4007.5, 7, -40
4007.6, 7, -40
4007.7, 7, -40
4007.8, 7, -40
4007.9, 7, -40
4008, 7, -40
4008.1, 7, -41
4008.2, 7, -41
4008.3, 7, -41
4008.4, 7, -41
4008.5, 6, -41
4008.6, 6, -41
4008.7, 6, -41
4008.8, 6, -41
4008.9, 6, -41
4009, 6, -41
4009.1, 6, -41
4009.2, 6, -41
4009.3, 6, -41
4009.4, 6, -41
4009.5, 6, -41
4009.6, 6, -41
4009.7, 6, -41
4009.8, 6, -41
4009.9, 6, -41
4010, 6, -41
4010.1, 6, -41
4010.2, 6, -41
4010.3, 6, -41
4010.4, 6, -41
4010.5, 6, -41
4010.6, 6, -41
4010.7, 6, -41
4010.8, 6, -41
4010.9, 5, -41
4011, 5, -41
4011.1, 5, -41
4011.2, 5, -41
4011.3, 5, -41
4011.4, 5, -41
4011.5, 5, -41
4011.6, 5, -41
4011.7, 5, -41
4011.8, 5, -41
4011.9, 5, -42
4012, 5, -42
4012.1, 6, -42
4012.2, 6, -42
4012.3, 7, -42
4012.4, 7, -42
4012.5, 7, -42
4012.6, 7, -42
4012.7, 7, -41
4012.8, 7, -41
4012.9, 7, -41
4013, 7, -41
4013.1, 7, -41
4013.2, 7, -41
4013.3, 7, -41
4013.4, 7, -41
4013.5, 7, -41
4013.6, 7, -41
4013.7, 7, -41
4013.8, 7, -41
4013.9, 7, -41
4014, 7, -41
4014.1, 7, -41
4014.2, 7, -41
4014.3, 7, -41
4014.4, 7, -41
4014.5, 7, -41
4014.6, 7, -41
4014.7, 7, -41
4014.8, 7, -41
4014.9, 7, -41
4015, 7, -41
4015.1, 7, -41
4015.2, 7, -41
4015.3, 7, -41
4015.4, 7, -41
4015.5, 7, -41
4015.6, 7, -41
4015.7, 7, -41
4015.8, 7, -41
4015.9, 7, -41
4016, 7, -41
4016.1, 7, -41
4016.2, 7, -41
4016.3, 7, -41
4016.4, 7, -41
4016.5, 7, -41
4016.6, 7, -41
4016.7, 7, -41
4016.8, 7, -41
4016.9, 7, -41
4017, 7, -41
4017.1, 7, -41
4017.2, 7, -41
4017.3, 7, -41
4017.4, 7, -41
4017.5, 7, -41
4017.6, 7, -41
4017.7, 6, -41
4017.8, 6, -41
4017.9, 6, -41
4018, 6, -41
4018.1, 6, -41
4018.2, 6, -41
4018.3, 6, -41
4018.4, 6, -41
4018.5, 6, -41
4018.6, 6, -41
4018.7, 6, -41
4018.8, 6, -41
4018.9, 6, -41
4019, 6, -41
4019.1, 6, -41
4019.2, 6, -41
4019.3, 7, -41
4019.4, 7, -41
4019.5, 7, -42
4019.6, 7, -42
4019.7, 7, -42
4019.8, 7, -42
4019.9, 7, -42
4020, 7, -42
4020.1, 7, -42
4020.2, 7, -42
4020.3, 7, -41
4020.4, 7, -41
4020.5, 7, -41
4020.6, 7, -41
4020.7, 7, -41
4020.8, 7, -41
4020.9, 6, -41
4021, 6, -41
4021.1, 6, -41
4021.2, 6, -41
4021.3, 6, -41
4021.4, 6, -41
4021.5, 6, -41
4021.6, 6, -41
4021.7, 6, -41
4021.8, 6, -41
4021.9, 6, -41
4022, 6, -41
4022.1, 6, -41
4022.2, 6, -41
4022.3, 6, -41
4022.4, 6, -41
4022.5, 6, -40
4022.6, 6, -40
4022.7, 6, -40
4022.8, 6, -40
4022.9, 6, -40
4023, 6, -40
4023.1, 6, -40
4023.2, 6, -40
4023.3, 6, -40
4023.4, 6, -40
4023.5, 6, -40
4023.6, 6, -40
4023.7, 6, -40
4023.8, 6, -40
4023.9, 6, -40
4024, 6, -40
4024.1, 6, -40
4024.2, 6, -40
4024.3, 6, -40
4024.4, 6, -40
4024.5, 6, -40
4024.6, 6, -40
4024.7, 6, -40
4024.8, 6, -40
4024.9, 6, -40
4025, 6, -40
4025.1, 6, -40
4025.2, 6, -40
4025.3, 6, -40
4025.4, 6, -40
4025.5, 6, -40
4025.6, 6, -40
4025.7, 6, -40
4025.8, 6, -40
4025.9, 6, -40
4026, 6, -40
4026.1, 6, -40
4026.2, 6, -40
4026.3, 6, -40
4026.4, 6, -40
4026.5, 6, -40
4026.6, 6, -40
4026.7, 6, -40
4026.8, 6, -40
4026.9, 6, -40
4027, 6, -40
4027.1, 6, -40
4027.2, 6, -40
4027.3, 6, -40
4027.4, 6, -40
4027.5, 6, -40
4027.6, 6, -40
4027.7, 6, -40
4027.8, 6, -40
4027.9, 6, -39
4028, 6, -39
4028.1, 6, -39
4028.2, 6, -39
4028.3, 6, -39
4028.4, 6, -39
4028.5, 6, -39
4028.6, 6, -39
4028.7, 6, -39
4028.8, 6, -39
4028.9, 6, -39
4029, 6, -39
4029.1, 6, -39
4029.2, 6, -39
4029.3, 6, -39
4029.4, 6, -39
4029.5, 6, -39
4029.6, 6, -39
4029.7, 6, -39
4029.8, 6, -39
4029.9, 6, -39
4030, 6, -39
4030.1, 6, -39
4030.2, 6, -39
4030.3, 6, -39
4030.4, 6, -39
4030.5, 6, -39
4030.6, 6, -39
4030.7, 6, -39
4030.8, 6, -39
4030.9, 6, -39
4031, 6, -39
4031.1, 6, -39
4031.2, 6, -39
4031.3, 6, -39
4031.4, 6, -39
4031.5, 6, -39
4031.6, 6, -39
4031.7, 6, -39
4031.8, 6, -39
4031.9, 6, -39
4032, 6, -39
4032.1, 6, -39
4032.2, 6, -39
4032.3, 6, -39
4032.4, 6, -39
4032.5, 6, -39
4032.6, 6, -39
4032.7, 6, -39
4032.8, 6, -39
4032.9, 6, -39
4033, 6, -39
4033.1, 6, -40
4033.2, 6, -40
4033.3, 6, -40
4033.4, 6, -40
4033.5, 6, -40
4033.6, 6, -40
4033.7, 6, -40
4033.8, 6, -40
4033.9, 6, -40
4034, 6, -40
4034.1, 6, -40
4034.2, 6, -40
4034.3, 6, -40
4034.4, 6, -40
4034.5, 6, -40
4034.6, 6, -40
4034.7, 6, -40
4034.8, 6, -40
4034.9, 6, -40
4035, 6, -40
4035.1, 6, -40
4035.2, 6, -40
4035.3, 6, -40
4035.4, 6, -40
4035.5, 6, -40
4035.6, 6, -40
4035.7, 5, -40
4035.8, 5, -40
4035.9, 5, -39
4036, 5, -39
4036.1, 5, -39
4036.2, 5, -39
4036.3, 5, -39
4036.4, 5, -39
4036.5, 5, -39
4036.6, 5, -39
4036.7, 5, -39
4036.8, 5, -39
4036.9, 5, -39
4037, 5, -39
4037.1, 5, -39
4037.2, 5, -39
4037.3, 5, -39
4037.4, 5, -39
4037.5, 5, -39
4037.6, 5, -39
4037.7, 5, -39
4037.8, 5, -39
4037.9, 5, -39
4038, 5, -39
4038.1, 5, -40
4038.2, 5, -40
4038.3, 5, -40
4038.4, 5, -40
4038.5, 5, -40
4038.6, 5, -40
4038.7, 5, -40
4038.8, 5, -40
4038.9, 5, -39
4039, 5, -39
4039.1, 5, -39
4039.2, 5, -39
4039.3, 5, -39
4039.4, 5, -39
4039.5, 5, -39
4039.6, 5, -39
4039.7, 5, -39
4039.8, 5, -39
4039.9, 5, -39
4040, 5, -39
4040.1, 5, -39
4040.2, 5, -39
4040.3, 5, -39
4040.4, 5, -39
4040.5, 5, -39
4040.6, 5, -39
4040.7, 5, -40
4040.8, 5, -40
4040.9, 5, -40
4041, 5, -40
4041.1, 4, -40
4041.2, 4, -40
4041.3, 4, -40
4041.4, 4, -40
4041.5, 4, -40
4041.6, 4, -40
4041.7, 4, -40
4041.8, 4, -40
4041.9, 4, -40
4042, 4, -40
4042.1, 4, -40
4042.2, 4, -40
4042.3, 4, -40
4042.4, 4, -40
4042.5, 4, -40
4042.6, 4, -40
4042.7, 4, -40
4042.8, 4, -40
4042.9, 4, -40
4043, 4, -40
4043.1, 4, -40
4043.2, 4, -40
4043.3, 4, -40
4043.4, 4, -40
4043.5, 4, -40
4043.6, 4, -40
4043.7, 4, -40
4043.8, 4, -40
4043.9, 4, -40
4044, 4, -40
4044.1, 4, -40
4044.2, 4, -40
4044.3, 4, -40
4044.4, 4, -40
4044.5, 4, -40
4044.6, 4, -40
4044.7, 4, -40
4044.8, 4, -40
4044.9, 3, -40
4045, 3, -40
4045.1, 3, -40
4045.2, 3, -40
4045.3, 3, -40
4045.4, 3, -40
4045.5, 3, -40
4045.6, 3, -40
4045.7, 3, -40
4045.8, 3, -40
4045.9, 4, -40
4046, 4, -40
4046.1, 4, -39
4046.2, 4, -39
4046.3, 4, -39
4046.4, 4, -39
4046.5, 4, -39
4046.6, 4, -39
4046.7, 4, -39
4046.8, 4, -39
4046.9, 4, -39
4047, 4, -39
4047.1, 4, -39
4047.2, 4, -39
4047.3, 4, -39
4047.4, 4, -39
4047.5, 4, -39
4047.6, 4, -39
4047.7, 4, -39
4047.8, 4, -39
4047.9, 4, -39
4048, 4, -39
4048.1, 4, -39
4048.2, 4, -39
4048.3, 4, -39
4048.4, 4, -39
4048.5, 4, -39
4048.6, 4, -39
4048.7, 4, -39
4048.8, 4, -39
4048.9, 4, -39
4049, 4, -39
4049.1, 4, -39
4049.2, 4, -39
4049.3, 4, -39
4049.4, 4, -39
4049.5, 4, -39
4049.6, 4, -39
4049.7, 4, -39
4049.8, 4, -39
4049.9, 4, -39
4050, 4, -39
4050.1, 4, -39
4050.2, 4, -39
4050.3, 4, -39
4050.4, 4, -39
4050.5, 4, -39
4050.6, 4, -39
4050.7, 4, -39
4050.8, 4, -39
4050.9, 4, -39
4051, 4, -39
4051.1, 4, -39
4051.2, 4, -39
4051.3, 4, -39
4051.4, 4, -39
4051.5, 4, -39
4051.6, 4, -39
4051.7, 4, -39
4051.8, 4, -39
4051.9, 4, -39
4052, 4, -39
4052.1, 4, -39
4052.2, 4, -39
4052.3, 4, -39
4052.4, 4, -39
4052.5, 4, -39
4052.6, 4, -39
4052.7, 4, -39
4052.8, 4, -39
4052.9, 4, -39
4053, 4, -39
4053.1, 4, -39
4053.2, 4, -39
4053.3, 4, -39
4053.4, 4, -39
4053.5, 4, -39
4053.6, 4, -39
4053.7, 4, -39
4053.8, 4, -39
4053.9, 4, -39
4054, 4, -39
4054.1, 4, -39
4054.2, 4, -39
4054.3, 5, -39
4054.4, 5, -39
4054.5, 5, -39
4054.6, 5, -39
4054.7, 5, -39
4054.8, 5, -39
4054.9, 5, -39
4055, 5, -39
4055.1, 5, -39
4055.2, 5, -39
4055.3, 5, -39
4055.4, 5, -39
4055.5, 5, -39
4055.6, 5, -39
4055.7, 5, -39
4055.8, 5, -39
4055.9, 5, -39
4056, 5, -39
4056.1, 5, -39
4056.2, 5, -39
4056.3, 5, -39
4056.4, 5, -39
4056.5, 5, -39
4056.6, 5, -39
4056.7, 5, -39
4056.8, 5, -39
4056.9, 5, -39
4057, 5, -39
4057.1, 5, -39
4057.2, 5, -39
4057.3, 5, -39
4057.4, 5, -39
4057.5, 5, -39
4057.6, 5, -39
4057.7, 5, -39
4057.8, 5, -39
4057.9, 5, -39
4058, 5, -39
4058.1, 5, -39
4058.2, 5, -39
4058.3, 5, -39
4058.4, 5, -39
4058.5, 5, -39
4058.6, 5, -39
4058.7, 5, -39
4058.8, 5, -39
4058.9, 5, -39
4059, 5, -39
4059.1, 5, -39
4059.2, 5, -39
4059.3, 5, -39
4059.4, 5, -39
4059.5, 5, -39
4059.6, 5, -39
4059.7, 5, -39
4059.8, 5, -39
4059.9, 5, -39
4060, 5, -39
4060.1, 5, -39
4060.2, 5, -39
4060.3, 5, -39
4060.4, 5, -39
4060.5, 5, -39
4060.6, 5, -39
4060.7, 6, -39
4060.8, 6, -39
4060.9, 6, -39
4061, 6, -39
4061.1, 6, -39
4061.2, 6, -39
4061.3, 6, -39
4061.4, 6, -39
4061.5, 6, -39
4061.6, 6, -39
4061.7, 6, -39
4061.8, 6, -39
4061.9, 6, -38
4062, 6, -38
4062.1, 6, -38
4062.2, 6, -38
4062.3, 6, -38
4062.4, 6, -38
4062.5, 6, -38
4062.6, 6, -38
4062.7, 6, -38
4062.8, 6, -38
4062.9, 6, -38
4063, 6, -38
4063.1, 6, -38
4063.2, 6, -38
4063.3, 6, -38
4063.4, 6, -38
4063.5, 6, -38
4063.6, 6, -38
4063.7, 6, -38
4063.8, 6, -38
4063.9, 6, -38
4064, 6, -38
4064.1, 6, -38
4064.2, 6, -38
4064.3, 6, -38
4064.4, 6, -38
4064.5, 6, -38
4064.6, 6, -38
4064.7, 6, -38
4064.8, 6, -38
4064.9, 6, -38
4065, 6, -38
4065.1, 6, -38
4065.2, 6, -38
4065.3, 6, -38
4065.4, 6, -38
4065.5, 6, -38
4065.6, 6, -38
4065.7, 6, -38
4065.8, 6, -38
4065.9, 6, -38
4066, 6, -38
4066.1, 6, -38
4066.2, 6, -38
4066.3, 6, -38
4066.4, 6, -38
4066.5, 6, -37
4066.6, 6, -37
4066.7, 6, -37
4066.8, 6, -37
4066.9, 6, -37
4067, 6, -37
4067.1, 6, -37
4067.2, 6, -37
4067.3, 6, -37
4067.4, 6, -37
4067.5, 6, -37
4067.6, 6, -37
4067.7, 6, -37
4067.8, 6, -37
4067.9, 6, -37
4068, 6, -37
4068.1, 6, -37
4068.2, 6, -37
4068.3, 7, -37
4068.4, 7, -37
4068.5, 7, -37
4068.6, 7, -37
4068.7, 7, -37
4068.8, 7, -37
4068.9, 7, -37
4069, 7, -37
4069.1, 7, -37
4069.2, 7, -37
4069.3, 7, -37
4069.4, 7, -37
4069.5, 7, -37
4069.6, 7, -37
4069.7, 7, -37
4069.8, 7, -37
4069.9, 7, -37
4070, 7, -37
4070.1, 7, -37
4070.2, 7, -37
4070.3, 7, -37
4070.4, 7, -37
4070.5, 7, -37
4070.6, 7, -37
4070.7, 7, -37
4070.8, 7, -37
4070.9, 7, -37
4071, 7, -37
4071.1, 7, -37
4071.2, 7, -37
4071.3, 7, -37
4071.4, 7, -37
4071.5, 6, -37
4071.6, 6, -37
4071.7, 6, -37
4071.8, 6, -37
4071.9, 6, -37
4072, 6, -37
4072.1, 5, -37
4072.2, 5, -37
4072.3, 5, -37
4072.4, 5, -37
4072.5, 5, -37
4072.6, 5, -37
4072.7, 5, -37
4072.8, 5, -37
4072.9, 5, -37
4073, 5, -37
4073.1, 5, -37
4073.2, 5, -37
4073.3, 5, -37
4073.4, 5, -37
4073.5, 4, -37
4073.6, 4, -37
4073.7, 4, -37
4073.8, 4, -37
4073.9, 4, -37
4074, 4, -37
4074.1, 4, -37
4074.2, 4, -37
4074.3, 4, -37
4074.4, 4, -37
4074.5, 4, -37
4074.6, 4, -37
4074.7, 3, -37
4074.8, 3, -37
4074.9, 3, -37
4075, 3, -37
4075.1, 3, -37
4075.2, 3, -37
4075.3, 3, -37
4075.4, 3, -37
4075.5, 4, -37
4075.6, 4, -37
4075.7, 4, -37
4075.8, 4, -37
4075.9, 4, -37
4076, 4, -37
4076.1, 4, -37
4076.2, 4, -37
4076.3, 4, -37
4076.4, 4, -37
4076.5, 4, -37
4076.6, 4, -37
4076.7, 4, -37
4076.8, 4, -37
4076.9, 4, -37
4077, 4, -37
4077.1, 4, -37
4077.2, 4, -37
4077.3, 4, -37
4077.4, 4, -37
4077.5, 4, -37
4077.6, 4, -37
4077.7, 4, -37
4077.8, 4, -37
4077.9, 4, -37
4078, 4, -37
4078.1, 4, -37
4078.2, 4, -37
4078.3, 4, -37
4078.4, 4, -37
4078.5, 4, -37
4078.6, 4, -37
4078.7, 4, -37
4078.8, 4, -37
4078.9, 4, -36
4079, 4, -36
4079.1, 4, -36
4079.2, 4, -36
4079.3, 4, -36
4079.4, 4, -36
4079.5, 4, -36
4079.6, 4, -36
4079.7, 4, -36
4079.8, 4, -36
4079.9, 4, -36
4080, 4, -36
4080.1, 4, -36
4080.2, 4, -36
4080.3, 4, -36
4080.4, 4, -36
4080.5, 4, -36
4080.6, 4, -36
4080.7, 4, -36
4080.8, 4, -36
4080.9, 4, -36
4081, 4, -36
4081.1, 4, -36
4081.2, 4, -36
4081.3, 4, -36
4081.4, 4, -36
4081.5, 4, -36
4081.6, 4, -36
4081.7, 4, -36
4081.8, 4, -36
4081.9, 4, -36
4082, 4, -36
4082.1, 4, -36
4082.2, 4, -36
4082.3, 4, -36
4082.4, 4, -36
4082.5, 4, -36
4082.6, 4, -36
4082.7, 4, -36
4082.8, 4, -36
4082.9, 4, -36
4083, 4, -36
4083.1, 4, -36
4083.2, 4, -36
4083.3, 4, -35
4083.4, 4, -35
4083.5, 4, -35
4083.6, 4, -35
4083.7, 4, -35
4083.8, 4, -35
4083.9, 4, -35
4084, 4, -35
4084.1, 4, -35
4084.2, 4, -35
4084.3, 4, -35
4084.4, 4, -35
4084.5, 4, -35
4084.6, 4, -35
4084.7, 4, -35
4084.8, 4, -35
4084.9, 4, -35
4085, 4, -35
4085.1, 4, -35
4085.2, 4, -35
4085.3, 4, -35
4085.4, 4, -35
4085.5, 4, -35
4085.6, 4, -35
4085.7, 4, -35
4085.8, 4, -35
4085.9, 3, -35
4086, 3, -35
4086.1, 3, -35
4086.2, 3, -35
4086.3, 3, -35
4086.4, 3, -35
4086.5, 3, -35
4086.6, 3, -35
4086.7, 3, -35
4086.8, 3, -35
4086.9, 3, -35
4087, 3, -35
4087.1, 2, -35
4087.2, 2, -35
4087.3, 2, -35
4087.4, 2, -35
4087.5, 2, -35
4087.6, 2, -35
4087.7, 1, -35
4087.8, 1, -35
4087.9, 0, -35
4088, 0, -35
4088.1, 0, -35
4088.2, 0, -35
4088.3, 0, -35
4088.4, 0, -35
4088.5, 0, -35
4088.6, 0, -35
4088.7, 0, -35
4088.8, 0, -35
4088.9, 0, -35
4089, 0, -35
4089.1, -1, -35
4089.2, -1, -35
4089.3, -1, -35
4089.4, -1, -35
4089.5, -1, -35
4089.6, -1, -35
4089.7, -1, -35
4089.8, -1, -35
4089.9, -1, -35
4090, -1, -35
4090.1, -1, -35
4090.2, -1, -35
4090.3, -1, -35
4090.4, -1, -35
4090.5, -1, -35
4090.6, -1, -35
4090.7, -1, -35
4090.8, -1, -35
4090.9, -1, -36
4091, -1, -36
4091.1, -1, -36
4091.2, -1, -36
4091.3, -1, -36
4091.4, -1, -36
4091.5, -1, -36
4091.6, -1, -36
4091.7, -1, -36
4091.8, -1, -36
4091.9, -1, -36
4092, -1, -36
4092.1, -1, -36
4092.2, -1, -36
4092.3, -1, -36
4092.4, -1, -36
4092.5, -1, -36
4092.6, -1, -36
4092.7, -1, -36
4092.8, -1, -36
4092.9, -1, -36
4093, -1, -36
4093.1, -1, -36
4093.2, -1, -36
4093.3, -1, -36
4093.4, -1, -36
4093.5, -1, -36
4093.6, -1, -36
4093.7, -1, -36
4093.8, -1, -36
4093.9, -1, -36
4094, -1, -36
4094.1, -1, -36
4094.2, -1, -36
4094.3, -1, -36
4094.4, -1, -36
4094.5, -1, -36
4094.6, -1, -36
4094.7, -1, -36
4094.8, -1, -36
4094.9, -1, -36
4095, -1, -36
4095.1, -1, -36
4095.2, -1, -36
4095.3, -1, -36
4095.4, -1, -36
4095.5, -1, -36
4095.6, -1, -36
4095.7, -1, -36
4095.8, -1, -36
4095.9, -1, -36
4096, -1, -36
4096.1, -1, -36
4096.2, -1, -36
4096.3, -1, -36
4096.4, -1, -36
4096.5, -1, -36
4096.6, -1, -36
4096.7, -1, -36
4096.8, -1, -36
4096.9, -1, -36
4097, -1, -36
4097.1, -1, -36
4097.2, -1, -36
4097.3, -1, -36
4097.4, -1, -36
4097.5, -2, -36
4097.6, -2, -36
4097.7, -2, -36
4097.8, -2, -36
4097.9, -2, -36
4098, -2, -36
4098.1, -2, -36
4098.2, -2, -36
4098.3, -2, -36
4098.4, -2, -36
4098.5, -2, -36
4098.6, -2, -36
4098.7, -2, -36
4098.8, -2, -36
4098.9, -2, -36
4099, -2, -36
4099.1, -2, -36
4099.2, -2, -36
4099.3, -2, -36
4099.4, -2, -36
4099.5, -2, -36
4099.6, -2, -36
4099.7, -2, -36
4099.8, -2, -36
4099.9, -2, -36
4100, -2, -36
4100.1, -2, -36
4100.2, -2, -36
4100.3, -2, -36
4100.4, -2, -36
4100.5, -2, -36
4100.6, -2, -36
4100.7, -2, -36
4100.8, -2, -36
4100.9, -2, -36
4101, -2, -36
4101.1, -2, -36
4101.2, -2, -36
4101.3, -2, -36
4101.4, -2, -36
4101.5, -2, -36
4101.6, -2, -36
4101.7, -2, -36
4101.8, -2, -36
4101.9, -2, -36
4102, -2, -36
4102.1, -2, -36
4102.2, -2, -36
4102.3, -2, -36
4102.4, -2, -36
4102.5, -2, -37
4102.6, -2, -37
4102.7, -2, -37
4102.8, -2, -37
4102.9, -2, -37
4103, -2, -37
4103.1, -2, -37
4103.2, -2, -37
4103.3, -2, -37
4103.4, -2, -37
4103.5, -2, -37
4103.6, -2, -37
4103.7, -1, -37
4103.8, -1, -37
4103.9, -1, -37
4104, -1, -37
4104.1, -1, -37
4104.2, -1, -37
4104.3, -1, -37
4104.4, -1, -37
4104.5, -1, -37
4104.6, -1, -37
4104.7, -1, -37
4104.8, -1, -37
4104.9, -1, -37
4105, -1, -37
4105.1, -1, -36
4105.2, -1, -36
4105.3, -1, -36
4105.4, -1, -36
4105.5, -1, -36
4105.6, -1, -36
4105.7, -1, -36
4105.8, -1, -36
4105.9, 0, -36
4106, 0, -36
4106.1, 0, -36
4106.2, 0, -36
4106.3, 0, -36
4106.4, 0, -36
4106.5, 0, -36
4106.6, 0, -36
4106.7, 0, -36
4106.8, 0, -36
4106.9, 0, -36
4107, 0, -36
4107.1, 0, -36
4107.2, 0, -36
4107.3, 0, -36
4107.4, 0, -36
4107.5, 0, -36
4107.6, 0, -36
4107.7, 0, -36
4107.8, 0, -36
4107.9, 0, -36
4108, 0, -36
4108.1, 0, -36
4108.2, 0, -36
4108.3, 0, -36
4108.4, 0, -36
4108.5, 0, -36
4108.6, 0, -36
4108.7, 0, -36
4108.8, 0, -36
4108.9, 0, -36
4109, 0, -36
4109.1, 0, -36
4109.2, 0, -36
4109.3, 0, -36
4109.4, 0, -36
4109.5, 0, -36
4109.6, 0, -36
4109.7, 0, -36
4109.8, 0, -36
4109.9, 0, -36
4110, 0, -36
4110.1, 0, -36
4110.2, 0, -36
4110.3, 0, -36
4110.4, 0, -36
4110.5, 0, -36
4110.6, 0, -36
4110.7, 0, -36
4110.8, 0, -36
4110.9, 0, -36
4111, 0, -36
4111.1, 0, -36
4111.2, 0, -36
4111.3, 0, -37
4111.4, 0, -37
4111.5, 0, -37
4111.6, 0, -37
4111.7, -1, -37
4111.8, -1, -37
4111.9, -1, -37
4112, -1, -37
4112.1, -1, -37
4112.2, -1, -37
4112.3, -1, -37
4112.4, -1, -37
4112.5, -1, -37
4112.6, -1, -37
4112.7, -1, -37
4112.8, -1, -37
4112.9, -1, -37
4113, -1, -37
4113.1, -1, -37
4113.2, -1, -37
4113.3, -1, -37
4113.4, -1, -37
4113.5, -1, -37
4113.6, -1, -37
4113.7, -1, -37
4113.8, -1, -37
4113.9, -1, -37
4114, -1, -37
4114.1, -1, -37
4114.2, -1, -37
4114.3, -1, -37
4114.4, -1, -37
4114.5, -1, -37
4114.6, -1, -37
4114.7, -1, -37
4114.8, -1, -37
4114.9, -1, -37
4115, -1, -37
4115.1, -1, -37
4115.2, -1, -37
4115.3, -1, -37
4115.4, -1, -37
4115.5, -1, -37
4115.6, -1, -37
4115.7, -1, -37
4115.8, -1, -37
4115.9, -1, -37
4116, -1, -37
4116.1, -1, -37
4116.2, -1, -37
4116.3, -1, -37
4116.4, -1, -37
4116.5, -1, -37
4116.6, -1, -37
4116.7, -1, -37
4116.8, -1, -37
4116.9, -1, -37
4117, -1, -37
4117.1, -1, -37
4117.2, -1, -37
4117.3, -1, -37
4117.4, -1, -37
4117.5, -1, -37
4117.6, -1, -37
4117.7, -1, -37
4117.8, -1, -37
4117.9, -1, -37
4118, -1, -37
4118.1, -1, -37
4118.2, -1, -37
4118.3, 0, -37
4118.4, 0, -37
4118.5, 0, -37
4118.6, 0, -37
4118.7, 0, -37
4118.8, 0, -37
4118.9, 0, -37
4119, 0, -37
4119.1, 0, -36
4119.2, 0, -36
4119.3, 0, -36
4119.4, 0, -36
4119.5, 0, -36
4119.6, 0, -36
4119.7, 0, -36
4119.8, 0, -36
4119.9, 0, -36
4120, 0, -36
4120.1, 0, -35
4120.2, 0, -35
4120.3, 0, -35
4120.4, 0, -35
4120.5, 0, -35
4120.6, 0, -35
4120.7, 0, -35
4120.8, 0, -35
4120.9, 0, -35
4121, 0, -35
4121.1, 0, -35
4121.2, 0, -35
4121.3, 0, -35
4121.4, 0, -35
4121.5, 0, -35
4121.6, 0, -35
4121.7, 0, -35
4121.8, 0, -35
4121.9, 0, -35
4122, 0, -35
4122.1, 0, -35
4122.2, 0, -35
4122.3, 0, -35
4122.4, 0, -35
4122.5, 0, -35
4122.6, 0, -35
4122.7, 0, -35
4122.8, 0, -35
4122.9, 0, -35
4123, 0, -35
4123.1, 0, -35
4123.2, 0, -35
4123.3, 0, -35
4123.4, 0, -35
4123.5, 0, -35
4123.6, 0, -35
4123.7, 0, -35
4123.8, 0, -35
4123.9, 1, -35
4124, 1, -35
4124.1, 1, -35
4124.2, 1, -35
4124.3, 1, -35
4124.4, 1, -35
4124.5, 1, -35
4124.6, 1, -35
4124.7, 1, -35
4124.8, 1, -35
4124.9, 1, -35
4125, 1, -35
4125.1, 1, -35
4125.2, 1, -35
4125.3, 1, -35
4125.4, 1, -35
4125.5, 1, -35
4125.6, 1, -35
4125.7, 1, -35
4125.8, 1, -35
4125.9, 1, -36
4126, 1, -36
4126.1, 1, -36
4126.2, 1, -36
4126.3, 1, -36
4126.4, 1, -36
4126.5, 1, -36
4126.6, 1, -36
4126.7, 1, -36
4126.8, 1, -36
4126.9, 1, -36
4127, 1, -36
4127.1, 1, -36
4127.2, 1, -36
4127.3, 1, -36
4127.4, 1, -36
4127.5, 1, -36
4127.6, 1, -36
4127.7, 1, -36
4127.8, 1, -36
4127.9, 1, -36
4128, 1, -36
4128.1, 1, -36
4128.2, 1, -36
4128.3, 1, -36
4128.4, 1, -36
4128.5, 1, -36
4128.6, 1, -36
4128.7, 1, -36
4128.8, 1, -36
4128.9, 1, -36
4129, 1, -36
4129.1, 1, -36
4129.2, 1, -36
4129.3, 1, -36
4129.4, 1, -36
4129.5, 1, -36
4129.6, 1, -36
4129.7, 1, -36
4129.8, 1, -36
4129.9, 1, -36
4130, 1, -36
4130.1, 1, -36
4130.2, 1, -36
4130.3, 1, -37
4130.4, 1, -37
4130.5, 1, -37
4130.6, 1, -37
4130.7, 1, -36
4130.8, 1, -36
4130.9, 1, -36
4131, 1, -36
4131.1, 1, -36
4131.2, 1, -36
4131.3, 1, -36
4131.4, 1, -36
4131.5, 1, -36
4131.6, 1, -36
4131.7, 1, -36
4131.8, 1, -36
4131.9, 2, -36
4132, 2, -36
4132.1, 2, -36
4132.2, 2, -36
4132.3, 2, -36
4132.4, 2, -36
4132.5, 2, -36
4132.6, 2, -36
4132.7, 2, -36
4132.8, 2, -36
4132.9, 2, -36
4133, 2, -36
4133.1, 2, -37
4133.2, 2, -37
4133.3, 2, -37
4133.4, 2, -37
4133.5, 2, -37
4133.6, 2, -37
4133.7, 2, -37
4133.8, 2, -37
4133.9, 2, -37
4134, 2, -37
4134.1, 2, -37
4134.2, 2, -37
4134.3, 1, -37
4134.4, 1, -37
4134.5, 1, -37
4134.6, 1, -37
4134.7, 1, -36
4134.8, 1, -36
4134.9, 1, -36
4135, 1, -36
4135.1, 1, -36
4135.2, 1, -36
4135.3, 1, -36
4135.4, 1, -36
4135.5, 1, -36
4135.6, 1, -36
4135.7, 1, -36
4135.8, 1, -36
4135.9, 1, -36
4136, 1, -36
4136.1, 1, -36
4136.2, 1, -36
4136.3, 1, -36
4136.4, 1, -36
4136.5, 1, -36
4136.6, 1, -36
4136.7, 1, -36
4136.8, 1, -36
4136.9, 1, -35
4137, 1, -35
4137.1, 1, -35
4137.2, 1, -35
4137.3, 1, -35
4137.4, 1, -35
4137.5, 1, -35
4137.6, 1, -35
4137.7, 1, -35
4137.8, 1, -35
4137.9, 1, -35
4138, 1, -35
4138.1, 1, -35
4138.2, 1, -35
4138.3, 1, -35
4138.4, 1, -35
4138.5, 1, -35
4138.6, 1, -35
4138.7, 1, -35
4138.8, 1, -35
4138.9, 1, -35
4139, 1, -35
4139.1, 1, -35
4139.2, 1, -35
4139.3, 1, -36
4139.4, 1, -36
4139.5, 1, -37
4139.6, 1, -37
4139.7, 1, -37
4139.8, 1, -37
4139.9, 1, -37
4140, 1, -37
4140.1, 1, -37
4140.2, 1, -37
4140.3, 1, -37
4140.4, 1, -37
4140.5, 1, -37
4140.6, 1, -37
4140.7, 1, -37
4140.8, 1, -37
4140.9, 1, -37
4141, 1, -37
4141.1, 1, -37
4141.2, 1, -37
4141.3, 1, -37
4141.4, 1, -37
4141.5, 1, -37
4141.6, 1, -37
4141.7, 1, -37
4141.8, 1, -37
4141.9, 1, -37
4142, 1, -37
4142.1, 1, -37
4142.2, 1, -37
4142.3, 1, -36
4142.4, 1, -36
4142.5, 1, -36
4142.6, 1, -36
4142.7, 1, -35
4142.8, 1, -35
4142.9, 1, -35
4143, 1, -35
4143.1, 1, -35
4143.2, 1, -35
4143.3, 1, -35
4143.4, 1, -35
4143.5, 1, -35
4143.6, 1, -35
4143.7, 1, -35
4143.8, 1, -35
4143.9, 1, -35
4144, 1, -35
4144.1, 1, -35
4144.2, 1, -35
4144.3, 1, -35
4144.4, 1, -35
4144.5, 1, -35
4144.6, 1, -35
4144.7, 1, -35
4144.8, 1, -35
4144.9, 1, -35
4145, 1, -35
4145.1, 1, -35
4145.2, 1, -35
4145.3, 1, -35
4145.4, 1, -35
4145.5, 1, -35
4145.6, 1, -35
4145.7, 1, -35
4145.8, 1, -35
4145.9, 1, -35
4146, 1, -35
4146.1, 1, -35
4146.2, 1, -35
4146.3, 1, -35
4146.4, 1, -35
4146.5, 1, -35
4146.6, 1, -35
4146.7, 1, -35
4146.8, 1, -35
4146.9, 0, -35
4147, 0, -35
4147.1, 0, -35
4147.2, 0, -35
4147.3, 0, -35
4147.4, 0, -35
4147.5, 0, -34
4147.6, 0, -34
4147.7, 0, -34
4147.8, 0, -34
4147.9, 0, -34
4148, 0, -34
4148.1, 0, -34
4148.2, 0, -34
4148.3, 0, -34
4148.4, 0, -34
4148.5, 0, -34
4148.6, 0, -34
4148.7, 0, -34
4148.8, 0, -34
4148.9, 0, -34
4149, 0, -34
4149.1, -1, -34
4149.2, -1, -34
4149.3, -1, -34
4149.4, -1, -34
4149.5, -1, -34
4149.6, -1, -34
4149.7, -1, -34
4149.8, -1, -34
4149.9, -1, -34
4150, -1, -34
4150.1, -1, -34
4150.2, -1, -34
4150.3, -1, -34
4150.4, -1, -34
4150.5, -1, -34
4150.6, -1, -34
4150.7, -1, -34
4150.8, -1, -34
4150.9, -1, -34
4151, -1, -34
4151.1, -1, -34
4151.2, -1, -34
4151.3, -1, -35
4151.4, -1, -35
4151.5, -1, -35
4151.6, -1, -35
4151.7, -1, -35
4151.8, -1, -35
4151.9, -1, -35
4152, -1, -35
4152.1, -1, -35
4152.2, -1, -35
4152.3, -1, -35
4152.4, -1, -35
4152.5, -1, -35
4152.6, -1, -35
4152.7, -1, -35
4152.8, -1, -35
4152.9, -1, -35
4153, -1, -35
4153.1, -1, -35
4153.2, -1, -35
4153.3, -1, -35
4153.4, -1, -35
4153.5, -1, -35
4153.6, -1, -35
4153.7, -1, -36
4153.8, -1, -36
4153.9, -1, -36
4154, -1, -36
4154.1, -1, -36
4154.2, -1, -36
4154.3, -1, -36
4154.4, -1, -36
4154.5, -1, -36
4154.6, -1, -36
4154.7, -1, -36
4154.8, -1, -36
4154.9, -1, -36
4155, -1, -36
4155.1, -1, -35
4155.2, -1, -35
4155.3, 0, -35
4155.4, 0, -35
4155.5, 1, -35
4155.6, 1, -35
4155.7, 1, -35
4155.8, 1, -35
4155.9, 1, -35
4156, 1, -35
4156.1, 1, -35
4156.2, 1, -35
4156.3, 1, -35
4156.4, 1, -35
4156.5, 1, -35
4156.6, 1, -35
4156.7, 1, -35
4156.8, 1, -35
4156.9, 1, -35
4157, 1, -35
4157.1, 1, -36
4157.2, 1, -36
4157.3, 1, -36
4157.4, 1, -36
4157.5, 1, -36
4157.6, 1, -36
4157.7, 1, -37
4157.8, 1, -37
4157.9, 1, -37
4158, 1, -37
4158.1, 1, -37
4158.2, 1, -37
4158.3, 1, -37
4158.4, 1, -37
4158.5, 2, -37
4158.6, 2, -37
4158.7, 2, -37
4158.8, 2, -37
4158.9, 2, -37
4159, 2, -37
4159.1, 2, -37
4159.2, 2, -37
4159.3, 1, -37
4159.4, 1, -37
4159.5, 1, -37
4159.6, 1, -37
4159.7, 1, -37
4159.8, 1, -37
4159.9, 1, -37
4160, 1, -37
4160.1, 1, -37
4160.2, 1, -37
4160.3, 1, -37
4160.4, 1, -37
4160.5, 1, -37
4160.6, 1, -37
4160.7, 1, -37
4160.8, 1, -37
4160.9, 1, -37
4161, 1, -37
4161.1, 1, -37
4161.2, 1, -37
4161.3, 1, -37
4161.4, 1, -37
4161.5, 1, -37
4161.6, 1, -37
4161.7, 2, -37
4161.8, 2, -37
4161.9, 2, -37
4162, 2, -37
4162.1, 2, -37
4162.2, 2, -37
4162.3, 1, -37
4162.4, 1, -37
4162.5, 1, -37
4162.6, 1, -37
4162.7, 1, -37
4162.8, 1, -37
4162.9, 1, -37
4163, 1, -37
4163.1, 1, -37
4163.2, 1, -37
4163.3, 1, -38
4163.4, 1, -38
4163.5, 1, -38
4163.6, 1, -38
4163.7, 1, -38
4163.8, 1, -38
4163.9, 2, -38
4164, 2, -38
4164.1, 2, -38
4164.2, 2, -38
4164.3, 2, -38
4164.4, 2, -38
4164.5, 2, -38
4164.6, 2, -38
4164.7, 2, -38
4164.8, 2, -38
4164.9, 2, -38
4165, 2, -38
4165.1, 2, -38
4165.2, 2, -38
4165.3, 2, -38
4165.4, 2, -38
4165.5, 2, -38
4165.6, 2, -38
4165.7, 2, -38
4165.8, 2, -38
4165.9, 2, -38
4166, 2, -38
4166.1, 2, -38
4166.2, 2, -38
4166.3, 2, -38
4166.4, 2, -38
4166.5, 2, -38
4166.6, 2, -38
4166.7, 2, -38
4166.8, 2, -38
4166.9, 2, -38
4167, 2, -38
4167.1, 2, -38
4167.2, 2, -38
4167.3, 2, -38
4167.4, 2, -38
4167.5, 2, -38
4167.6, 2, -38
4167.7, 2, -38
4167.8, 2, -38
4167.9, 2, -38
4168, 2, -38
4168.1, 2, -37
4168.2, 2, -37
4168.3, 2, -37
4168.4, 2, -37
4168.5, 2, -37
4168.6, 2, -37
4168.7, 2, -37
4168.8, 2, -37
4168.9, 2, -37
4169, 2, -37
4169.1, 2, -37
4169.2, 2, -37
4169.3, 2, -37
4169.4, 2, -37
4169.5, 2, -37
4169.6, 2, -37
4169.7, 2, -37
4169.8, 2, -37
4169.9, 2, -37
4170, 2, -37
4170.1, 2, -37
4170.2, 2, -37
4170.3, 2, -37
4170.4, 2, -37
4170.5, 2, -37
4170.6, 2, -37
4170.7, 2, -37
4170.8, 2, -37
4170.9, 2, -37
4171, 2, -37
4171.1, 2, -37
4171.2, 2, -37
4171.3, 2, -37
4171.4, 2, -37
4171.5, 2, -37
4171.6, 2, -37
4171.7, 2, -37
4171.8, 2, -37
4171.9, 2, -37
4172, 2, -37
4172.1, 2, -37
4172.2, 2, -37
4172.3, 2, -37
4172.4, 2, -37
4172.5, 2, -37
4172.6, 2, -37
4172.7, 2, -37
4172.8, 2, -37
4172.9, 2, -37
4173, 2, -37
4173.1, 2, -37
4173.2, 2, -37
4173.3, 2, -37
4173.4, 2, -37
4173.5, 2, -37
4173.6, 2, -37
4173.7, 2, -37
4173.8, 2, -37
4173.9, 2, -37
4174, 2, -37
4174.1, 2, -37
4174.2, 2, -37
4174.3, 2, -37
4174.4, 2, -37
4174.5, 2, -37
4174.6, 2, -37
4174.7, 2, -37
4174.8, 2, -37
4174.9, 2, -37
4175, 2, -37
4175.1, 2, -37
4175.2, 2, -37
4175.3, 2, -37
4175.4, 2, -37
4175.5, 2, -37
4175.6, 2, -37
4175.7, 2, -37
4175.8, 2, -37
4175.9, 2, -38
4176, 2, -38
4176.1, 2, -38
4176.2, 2, -38
4176.3, 2, -38
4176.4, 2, -38
4176.5, 2, -38
4176.6, 2, -38
4176.7, 2, -38
4176.8, 2, -38
4176.9, 2, -38
4177, 2, -38
4177.1, 2, -38
4177.2, 2, -38
4177.3, 2, -38
4177.4, 2, -38
4177.5, 3, -38
4177.6, 3, -38
4177.7, 3, -38
4177.8, 3, -38
4177.9, 3, -38
4178, 3, -38
4178.1, 4, -38
4178.2, 4, -38
4178.3, 4, -38
4178.4, 4, -38
4178.5, 4, -38
4178.6, 4, -38
4178.7, 4, -38
4178.8, 4, -38
4178.9, 4, -38
4179, 4, -38
4179.1, 4, -38
4179.2, 4, -38
4179.3, 4, -39
4179.4, 4, -39
4179.5, 4, -39
4179.6, 4, -39
4179.7, 4, -39
4179.8, 4, -39
4179.9, 4, -39
4180, 4, -39
4180.1, 3, -39
4180.2, 3, -39
4180.3, 3, -39
4180.4, 3, -39
4180.5, 3, -39
4180.6, 3, -39
4180.7, 3, -39
4180.8, 3, -39
4180.9, 3, -39
4181, 3, -39
4181.1, 3, -39
4181.2, 3, -39
4181.3, 3, -39
4181.4, 3, -39
4181.5, 3, -39
4181.6, 3, -39
4181.7, 3, -39
4181.8, 3, -39
4181.9, 3, -39
4182, 3, -39
4182.1, 3, -39
4182.2, 3, -39
4182.3, 2, -39
4182.4, 2, -39
4182.5, 2, -38
4182.6, 2, -38
4182.7, 2, -38
4182.8, 2, -38
4182.9, 2, -38
4183, 2, -38
4183.1, 2, -38
4183.2, 2, -38
4183.3, 2, -38
4183.4, 2, -38
4183.5, 2, -38
4183.6, 2, -38
4183.7, 2, -38
4183.8, 2, -38
4183.9, 2, -38
4184, 2, -38
4184.1, 2, -38
4184.2, 2, -38
4184.3, 2, -38
4184.4, 2, -38
4184.5, 2, -38
4184.6, 2, -38
4184.7, 2, -38
4184.8, 2, -38
4184.9, 2, -38
4185, 2, -38
4185.1, 2, -38
4185.2, 2, -38
4185.3, 3, -38
4185.4, 3, -38
4185.5, 3, -38
4185.6, 3, -38
4185.7, 3, -38
4185.8, 3, -38
4185.9, 3, -38
4186, 3, -38
4186.1, 3, -38
4186.2, 3, -38
4186.3, 3, -38
4186.4, 3, -38
4186.5, 3, -38
4186.6, 3, -38
4186.7, 3, -38
4186.8, 3, -38
4186.9, 3, -38
4187, 3, -38
4187.1, 3, -38
4187.2, 3, -38
4187.3, 3, -38
4187.4, 3, -38
4187.5, 3, -38
4187.6, 3, -38
4187.7, 4, -38
4187.8, 4, -38
4187.9, 4, -38
4188, 4, -38
4188.1, 4, -38
4188.2, 4, -38
4188.3, 5, -38
4188.4, 5, -38
4188.5, 5, -38
4188.6, 5, -38
4188.7, 5, -38
4188.8, 5, -38
4188.9, 5, -38
4189, 5, -38
4189.1, 5, -38
4189.2, 5, -38
4189.3, 5, -37
4189.4, 5, -37
4189.5, 5, -37
4189.6, 5, -37
4189.7, 5, -37
4189.8, 5, -37
4189.9, 5, -37
4190, 5, -37
4190.1, 5, -37
4190.2, 5, -37
4190.3, 5, -37
4190.4, 5, -37
4190.5, 5, -37
4190.6, 5, -37
4190.7, 5, -37
4190.8, 5, -37
4190.9, 5, -37
4191, 5, -37
4191.1, 5, -37
4191.2, 5, -37
4191.3, 5, -37
4191.4, 5, -37
4191.5, 5, -37
4191.6, 5, -37
4191.7, 5, -37
4191.8, 5, -37
4191.9, 5, -37
4192, 5, -37
4192.1, 5, -37
4192.2, 5, -37
4192.3, 5, -37
4192.4, 5, -37
4192.5, 5, -37
4192.6, 5, -37
4192.7, 5, -37
4192.8, 5, -37
4192.9, 5, -37
4193, 5, -37
4193.1, 5, -37
4193.2, 5, -37
4193.3, 5, -37
4193.4, 5, -37
4193.5, 5, -37
4193.6, 5, -37
4193.7, 5, -37
4193.8, 5, -37
4193.9, 5, -37
4194, 5, -37
4194.1, 5, -37
4194.2, 5, -37
4194.3, 5, -37
4194.4, 5, -37
4194.5, 5, -37
4194.6, 5, -37
4194.7, 5, -37
4194.8, 5, -37
4194.9, 5, -38
4195, 5, -38
4195.1, 5, -38
4195.2, 5, -38
4195.3, 5, -38
4195.4, 5, -38
4195.5, 5, -38
4195.6, 5, -38
4195.7, 5, -38
4195.8, 5, -38
4195.9, 6, -38
4196, 6, -38
4196.1, 6, -38
4196.2, 6, -38
4196.3, 6, -38
4196.4, 6, -38
4196.5, 6, -38
4196.6, 6, -38
4196.7, 6, -38
4196.8, 6, -38
4196.9, 6, -38
4197, 6, -38
4197.1, 6, -38
4197.2, 6, -38
4197.3, 6, -38
4197.4, 6, -38
4197.5, 6, -38
4197.6, 6, -38
4197.7, 7, -38
4197.8, 7, -38
4197.9, 6, -38
4198, 6, -38
4198.1, 6, -38
4198.2, 6, -38
4198.3, 7, -38
4198.4, 7, -38
4198.5, 7, -38
4198.6, 7, -38
4198.7, 7, -38
4198.8, 7, -38
4198.9, 7, -38
4199, 7, -38
4199.1, 7, -38
4199.2, 7, -38
4199.3, 7, -38
4199.4, 7, -38
4199.5, 7, -38
4199.6, 7, -38
4199.7, 7, -38
4199.8, 7, -38
4199.9, 7, -38
4200, 7, -38
4200.1, 7, -38
4200.2, 7, -38
4200.3, 7, -38
4200.4, 7, -38
4200.5, 7, -38
4200.6, 7, -38
4200.7, 7, -38
4200.8, 7, -38
4200.9, 7, -38
4201, 7, -38
4201.1, 7, -38
4201.2, 7, -38
4201.3, 7, -38
4201.4, 7, -38
4201.5, 7, -38
4201.6, 7, -38
4201.7, 7, -38
4201.8, 7, -38
4201.9, 7, -39
4202, 7, -39
4202.1, 7, -39
4202.2, 7, -39
4202.3, 7, -39
4202.4, 7, -39
4202.5, 7, -39
4202.6, 7, -39
4202.7, 7, -39
4202.8, 7, -39
4202.9, 7, -39
4203, 7, -39
4203.1, 7, -39
4203.2, 7, -39
4203.3, 7, -39
4203.4, 7, -39
4203.5, 7, -39
4203.6, 7, -39
4203.7, 7, -39
4203.8, 7, -39
4203.9, 7, -39
4204, 7, -39
4204.1, 6, -39
4204.2, 6, -39
4204.3, 6, -39
4204.4, 6, -39
4204.5, 6, -39
4204.6, 6, -39
4204.7, 6, -39
4204.8, 6, -39
4204.9, 6, -39
4205, 6, -39
4205.1, 6, -39
4205.2, 6, -39
4205.3, 6, -39
4205.4, 6, -39
4205.5, 6, -39
4205.6, 6, -39
4205.7, 6, -39
4205.8, 6, -39
4205.9, 6, -39
4206, 6, -39
4206.1, 6, -39
4206.2, 6, -39
4206.3, 6, -39
4206.4, 6, -39
4206.5, 6, -39
4206.6, 6, -39
4206.7, 6, -39
4206.8, 6, -39
4206.9, 6, -39
4207, 6, -39
4207.1, 6, -39
4207.2, 6, -39
4207.3, 6, -39
4207.4, 6, -39
4207.5, 6, -39
4207.6, 6, -39
4207.7, 6, -39
4207.8, 6, -39
4207.9, 6, -39
4208, 6, -39
4208.1, 6, -39
4208.2, 6, -39
4208.3, 6, -38
4208.4, 6, -38
4208.5, 6, -38
4208.6, 6, -38
4208.7, 6, -39
4208.8, 6, -39
4208.9, 5, -39
4209, 5, -39
4209.1, 5, -39
4209.2, 5, -39
4209.3, 5, -39
4209.4, 5, -39
4209.5, 5, -39
4209.6, 5, -39
4209.7, 5, -39
4209.8, 5, -39
4209.9, 5, -39
4210, 5, -39
4210.1, 5, -39
4210.2, 5, -39
4210.3, 5, -39
4210.4, 5, -39
4210.5, 5, -39
4210.6, 5, -39
4210.7, 5, -39
4210.8, 5, -39
4210.9, 5, -39
4211, 5, -39
4211.1, 5, -39
4211.2, 5, -39
4211.3, 5, -39
4211.4, 5, -39
4211.5, 6, -39
4211.6, 6, -39
4211.7, 6, -39
4211.8, 6, -39
4211.9, 6, -39
4212, 6, -39
4212.1, 6, -39
4212.2, 6, -39
4212.3, 5, -39
4212.4, 5, -39
4212.5, 5, -39
4212.6, 5, -39
4212.7, 5, -39
4212.8, 5, -39
4212.9, 5, -39
4213, 5, -39
4213.1, 5, -39
4213.2, 5, -39
4213.3, 5, -39
4213.4, 5, -39
4213.5, 5, -39
4213.6, 5, -39
4213.7, 5, -39
4213.8, 5, -39
4213.9, 5, -39
4214, 5, -39
4214.1, 5, -39
4214.2, 5, -39
4214.3, 5, -39
4214.4, 5, -39
4214.5, 5, -39
4214.6, 5, -39
4214.7, 5, -39
4214.8, 5, -39
4214.9, 5, -39
4215, 5, -39
4215.1, 5, -39
4215.2, 5, -39
4215.3, 4, -39
4215.4, 4, -39
4215.5, 4, -39
4215.6, 4, -39
4215.7, 4, -39
4215.8, 4, -39
4215.9, 4, -39
4216, 4, -39
4216.1, 4, -39
4216.2, 4, -39
4216.3, 3, -39
4216.4, 3, -39
4216.5, 3, -39
4216.6, 3, -39
4216.7, 3, -39
4216.8, 3, -39
4216.9, 3, -39
4217, 3, -39
4217.1, 3, -39
4217.2, 3, -39
4217.3, 3, -39
4217.4, 3, -39
4217.5, 3, -39
4217.6, 3, -39
4217.7, 3, -39
4217.8, 3, -39
4217.9, 3, -39
4218, 3, -39
4218.1, 3, -39
4218.2, 3, -39
4218.3, 3, -39
4218.4, 3, -39
4218.5, 3, -39
4218.6, 3, -39
4218.7, 3, -39
4218.8, 3, -39
4218.9, 3, -39
4219, 3, -39
4219.1, 3, -39
4219.2, 3, -39
4219.3, 3, -39
4219.4, 3, -39
4219.5, 3, -39
4219.6, 3, -39
4219.7, 3, -39
4219.8, 3, -39
4219.9, 3, -39
4220, 3, -39
4220.1, 3, -39
4220.2, 3, -39
4220.3, 3, -39
4220.4, 3, -39
4220.5, 3, -39
4220.6, 3, -39
4220.7, 3, -39
4220.8, 3, -39
4220.9, 3, -39
4221, 3, -39
4221.1, 3, -39
4221.2, 3, -39
4221.3, 3, -39
4221.4, 3, -39
4221.5, 3, -39
4221.6, 3, -39
4221.7, 3, -39
4221.8, 3, -39
4221.9, 3, -39
4222, 3, -39
4222.1, 4, -39
4222.2, 4, -39
4222.3, 4, -39
4222.4, 4, -39
4222.5, 4, -39
4222.6, 4, -39
4222.7, 4, -40
4222.8, 4, -40
4222.9, 4, -40
4223, 4, -40
4223.1, 3, -40
4223.2, 3, -40
4223.3, 2, -40
4223.4, 2, -40
4223.5, 2, -40
4223.6, 2, -40
4223.7, 2, -41
4223.8, 2, -41
4223.9, 2, -41
4224, 2, -41
4224.1, 2, -41
4224.2, 2, -41
4224.3, 2, -41
4224.4, 2, -41
4224.5, 2, -41
4224.6, 2, -41
4224.7, 2, -41
4224.8, 2, -41
4224.9, 2, -41
4225, 2, -41
4225.1, 2, -41
4225.2, 2, -41
4225.3, 2, -41
4225.4, 2, -41
4225.5, 2, -41
4225.6, 2, -41
4225.7, 2, -41
4225.8, 2, -41
4225.9, 2, -41
4226, 2, -41
4226.1, 2, -41
4226.2, 2, -41
4226.3, 3, -41
4226.4, 3, -41
4226.5, 3, -41
4226.6, 3, -41
4226.7, 3, -41
4226.8, 3, -41
4226.9, 3, -41
4227, 3, -41
4227.1, 3, -41
4227.2, 3, -41
4227.3, 2, -41
4227.4, 2, -41
4227.5, 2, -41
4227.6, 2, -41
4227.7, 2, -41
4227.8, 2, -41
4227.9, 2, -41
4228, 2, -41
4228.1, 2, -41
4228.2, 2, -41
4228.3, 2, -40
4228.4, 2, -40
4228.5, 2, -40
4228.6, 2, -40
4228.7, 1, -40
4228.8, 1, -40
4228.9, 1, -40
4229, 1, -40
4229.1, 1, -40
4229.2, 1, -40
4229.3, 1, -40
4229.4, 1, -40
4229.5, 1, -40
4229.6, 1, -40
4229.7, 1, -40
4229.8, 1, -40
4229.9, 1, -40
4230, 1, -40
4230.1, 1, -40
4230.2, 1, -40
4230.3, 1, -39
4230.4, 1, -39
4230.5, 1, -39
4230.6, 1, -39
4230.7, 1, -39
4230.8, 1, -39
4230.9, 1, -39
4231, 1, -39
4231.1, 1, -39
4231.2, 1, -39
4231.3, 1, -39
4231.4, 1, -39
4231.5, 1, -39
4231.6, 1, -39
4231.7, 0, -39
4231.8, 0, -39
4231.9, -1, -39
4232, -1, -39
4232.1, -1, -39
4232.2, -1, -39
4232.3, -1, -40
4232.4, -1, -40
4232.5, -1, -40
4232.6, -1, -40
4232.7, -1, -40
4232.8, -1, -40
4232.9, -1, -40
4233, -1, -40
4233.1, -1, -40
4233.2, -1, -40
4233.3, -1, -40
4233.4, -1, -40
4233.5, -1, -40
4233.6, -1, -40
4233.7, -1, -40
4233.8, -1, -40
4233.9, -1, -39
4234, -1, -39
4234.1, -1, -39
4234.2, -1, -39
4234.3, -1, -39
4234.4, -1, -39
4234.5, -1, -39
4234.6, -1, -39
4234.7, -1, -39
4234.8, -1, -39
4234.9, -1, -39
4235, -1, -39
4235.1, -1, -39
4235.2, -1, -39
4235.3, -1, -39
4235.4, -1, -39
4235.5, -2, -39
4235.6, -2, -39
4235.7, -2, -39
4235.8, -2, -39
4235.9, -3, -39
4236, -3, -39
4236.1, -3, -39
4236.2, -3, -39
4236.3, -3, -39
4236.4, -3, -39
4236.5, -3, -39
4236.6, -3, -39
4236.7, -3, -39
4236.8, -3, -39
4236.9, -3, -39
4237, -3, -39
4237.1, -3, -39
4237.2, -3, -39
4237.3, -3, -39
4237.4, -3, -39
4237.5, -3, -39
4237.6, -3, -39
4237.7, -3, -39
4237.8, -3, -39
4237.9, -3, -39
4238, -3, -39
4238.1, -3, -39
4238.2, -3, -39
4238.3, -3, -39
4238.4, -3, -39
4238.5, -3, -39
4238.6, -3, -39
4238.7, -3, -39
4238.8, -3, -39
4238.9, -3, -39
4239, -3, -39
4239.1, -3, -39
4239.2, -3, -39
4239.3, -3, -39
4239.4, -3, -39
4239.5, -3, -39
4239.6, -3, -39
4239.7, -3, -39
4239.8, -3, -39
4239.9, -3, -39
4240, -3, -39
4240.1, -3, -39
4240.2, -3, -39
4240.3, -3, -39
4240.4, -3, -39
4240.5, -3, -39
4240.6, -3, -39
4240.7, -3, -39
4240.8, -3, -39
4240.9, -3, -39
4241, -3, -39
4241.1, -3, -39
4241.2, -3, -39
4241.3, -3, -39
4241.4, -3, -39
4241.5, -3, -39
4241.6, -3, -39
4241.7, -3, -39
4241.8, -3, -39
4241.9, -3, -39
4242, -3, -39
4242.1, -3, -39
4242.2, -3, -39
4242.3, -3, -39
4242.4, -3, -39
4242.5, -3, -39
4242.6, -3, -39
4242.7, -3, -39
4242.8, -3, -39
4242.9, -3, -39
4243, -3, -39
4243.1, -3, -39
4243.2, -3, -39
4243.3, -3, -39
4243.4, -3, -39
4243.5, -3, -39
4243.6, -3, -39
4243.7, -2, -39
4243.8, -2, -39
4243.9, -2, -39
4244, -2, -39
4244.1, -2, -39
4244.2, -2, -39
4244.3, -2, -39
4244.4, -2, -39
4244.5, -2, -39
4244.6, -2, -39
4244.7, -2, -39
4244.8, -2, -39
4244.9, -2, -39
4245, -2, -39
4245.1, -2, -39
4245.2, -2, -39
4245.3, -2, -39
4245.4, -2, -39
4245.5, -2, -39
4245.6, -2, -39
4245.7, -2, -39
4245.8, -2, -39
4245.9, -2, -39
4246, -2, -39
4246.1, -2, -39
4246.2, -2, -39
4246.3, -2, -39
4246.4, -2, -39
4246.5, -2, -39
4246.6, -2, -39
4246.7, -2, -39
4246.8, -2, -39
4246.9, -2, -39
4247, -2, -39
4247.1, -2, -39
4247.2, -2, -39
4247.3, -2, -39
4247.4, -2, -39
4247.5, -2, -39
4247.6, -2, -39
4247.7, -2, -39
4247.8, -2, -39
4247.9, -2, -39
4248, -2, -39
4248.1, -2, -39
4248.2, -2, -39
4248.3, -2, -39
4248.4, -2, -39
4248.5, -2, -39
4248.6, -2, -39
4248.7, -2, -39
4248.8, -2, -39
4248.9, -2, -39
4249, -2, -39
4249.1, -2, -39
4249.2, -2, -39
4249.3, -2, -39
4249.4, -2, -39
4249.5, -2, -39
4249.6, -2, -39
4249.7, -2, -39
4249.8, -2, -39
4249.9, -2, -39
4250, -2, -39
4250.1, -2, -39
4250.2, -2, -39
4250.3, -2, -39
4250.4, -2, -39
4250.5, -3, -39
4250.6, -3, -39
4250.7, -3, -39
4250.8, -3, -39
4250.9, -3, -39
4251, -3, -39
4251.1, -3, -39
4251.2, -3, -39
4251.3, -3, -39
4251.4, -3, -39
4251.5, -3, -39
4251.6, -3, -39
4251.7, -3, -39
4251.8, -3, -39
4251.9, -3, -39
4252, -3, -39
4252.1, -3, -39
4252.2, -3, -39
4252.3, -3, -39
4252.4, -3, -39
4252.5, -3, -39
4252.6, -3, -39
4252.7, -3, -39
4252.8, -3, -39
4252.9, -3, -39
4253, -3, -39
4253.1, -3, -39
4253.2, -3, -39
4253.3, -3, -39
4253.4, -3, -39
4253.5, -3, -39
4253.6, -3, -39
4253.7, -3, -39
4253.8, -3, -39
4253.9, -3, -39
4254, -3, -39
4254.1, -3, -39
4254.2, -3, -39
4254.3, -3, -39
4254.4, -3, -39
4254.5, -3, -39
4254.6, -3, -39
4254.7, -3, -39
4254.8, -3, -39
4254.9, -3, -39
4255, -3, -39
4255.1, -3, -39
4255.2, -3, -39
4255.3, -3, -39
4255.4, -3, -39
4255.5, -3, -39
4255.6, -3, -39
4255.7, -3, -39
4255.8, -3, -39
4255.9, -3, -39
4256, -3, -39
4256.1, -3, -39
4256.2, -3, -39
4256.3, -3, -39
4256.4, -3, -39
4256.5, -3, -39
4256.6, -3, -39
4256.7, -3, -39
4256.8, -3, -39
4256.9, -3, -39
4257, -3, -39
4257.1, -3, -39
4257.2, -3, -39
4257.3, -3, -39
4257.4, -3, -39
4257.5, -3, -39
4257.6, -3, -39
4257.7, -3, -39
4257.8, -3, -39
4257.9, -3, -39
4258, -3, -39
4258.1, -3, -39
4258.2, -3, -39
4258.3, -3, -39
4258.4, -3, -39
4258.5, -3, -39
4258.6, -3, -39
4258.7, -2, -39
4258.8, -2, -39
4258.9, -2, -38
4259, -2, -38
4259.1, -2, -38
4259.2, -2, -38
4259.3, -2, -38
4259.4, -2, -38
4259.5, -2, -38
4259.6, -2, -38
4259.7, -2, -38
4259.8, -2, -38
4259.9, -2, -38
4260, -2, -38
4260.1, -2, -38
4260.2, -2, -38
4260.3, -2, -38
4260.4, -2, -38
4260.5, -2, -38
4260.6, -2, -38
4260.7, -2, -38
4260.8, -2, -38
4260.9, -2, -38
4261, -2, -38
4261.1, -2, -38
4261.2, -2, -38
4261.3, -2, -38
4261.4, -2, -38
4261.5, -2, -38
4261.6, -2, -38
4261.7, -2, -38
4261.8, -2, -38
4261.9, -2, -38
4262, -2, -38
4262.1, -2, -38
4262.2, -2, -38
4262.3, -2, -38
4262.4, -2, -38
4262.5, -2, -38
4262.6, -2, -38
4262.7, -2, -38
4262.8, -2, -38
4262.9, -2, -38
4263, -2, -38
4263.1, -2, -38
4263.2, -2, -38
4263.3, -2, -38
4263.4, -2, -38
4263.5, -2, -38
4263.6, -2, -38
4263.7, -2, -38
4263.8, -2, -38
4263.9, -2, -38
4264, -2, -38
4264.1, -2, -38
4264.2, -2, -38
4264.3, -2, -38
4264.4, -2, -38
4264.5, -1, -38
4264.6, -1, -38
4264.7, -1, -38
4264.8, -1, -38
4264.9, -1, -38
4265, -1, -38
4265.1, -1, -38
4265.2, -1, -38
4265.3, -1, -38
4265.4, -1, -38
4265.5, -1, -38
4265.6, -1, -38
4265.7, -1, -38
4265.8, -1, -38
4265.9, -2, -38
4266, -2, -38
4266.1, -2, -38
4266.2, -2, -38
4266.3, -2, -38
4266.4, -2, -38
4266.5, -2, -38
4266.6, -2, -38
4266.7, -2, -38
4266.8, -2, -38
4266.9, -2, -38
4267, -2, -38
4267.1, -2, -38
4267.2, -2, -38
4267.3, -2, -38
4267.4, -2, -38
4267.5, -2, -38
4267.6, -2, -38
4267.7, -2, -38
4267.8, -2, -38
4267.9, -2, -38
4268, -2, -38
4268.1, -2, -38
4268.2, -2, -38
4268.3, -2, -38
4268.4, -2, -38
4268.5, -2, -38
4268.6, -2, -38
4268.7, -2, -38
4268.8, -2, -38
4268.9, -2, -38
4269, -2, -38
4269.1, -2, -38
4269.2, -2, -38
4269.3, -2, -38
4269.4, -2, -38
4269.5, -2, -38
4269.6, -2, -38
4269.7, -2, -38
4269.8, -2, -38
4269.9, -2, -38
4270, -2, -38
4270.1, -2, -38
4270.2, -2, -38
4270.3, -2, -38
4270.4, -2, -38
4270.5, -2, -38
4270.6, -2, -38
4270.7, -2, -38
4270.8, -2, -38
4270.9, -1, -38
4271, -1, -38
4271.1, -1, -38
4271.2, -1, -38
4271.3, -1, -38
4271.4, -1, -38
4271.5, -1, -38
4271.6, -1, -38
4271.7, -1, -38
4271.8, -1, -38
4271.9, -1, -38
4272, -1, -38
4272.1, -1, -38
4272.2, -1, -38
4272.3, -1, -37
4272.4, -1, -37
4272.5, -1, -37
4272.6, -1, -37
4272.7, -1, -37
4272.8, -1, -37
4272.9, -1, -37
4273, -1, -37
4273.1, -1, -37
4273.2, -1, -37
4273.3, -1, -37
4273.4, -1, -37
4273.5, -1, -37
4273.6, -1, -37
4273.7, -1, -37
4273.8, -1, -37
4273.9, -1, -37
4274, -1, -37
4274.1, -1, -37
4274.2, -1, -37
4274.3, -1, -37
4274.4, -1, -37
4274.5, -1, -37
4274.6, -1, -37
4274.7, -1, -37
4274.8, -1, -37
4274.9, -1, -37
4275, -1, -37
4275.1, -1, -38
4275.2, -1, -38
4275.3, -1, -38
4275.4, -1, -38
4275.5, -1, -38
4275.6, -1, -38
4275.7, -1, -38
4275.8, -1, -38
4275.9, -1, -38
4276, -1, -38
4276.1, -1, -38
4276.2, -1, -38
4276.3, -1, -38
4276.4, -1, -38
4276.5, -1, -38
4276.6, -1, -38
4276.7, -1, -38
4276.8, -1, -38
4276.9, -1, -38
4277, -1, -38
4277.1, -1, -38
4277.2, -1, -38
4277.3, -1, -38
4277.4, -1, -38
4277.5, -1, -38
4277.6, -1, -38
4277.7, -2, -38
4277.8, -2, -38
4277.9, -2, -38
4278, -2, -38
4278.1, -2, -38
4278.2, -2, -38
4278.3, -2, -38
4278.4, -2, -38
4278.5, -2, -38
4278.6, -2, -38
4278.7, -2, -38
4278.8, -2, -38
4278.9, -2, -38
4279, -2, -38
4279.1, -2, -38
4279.2, -2, -38
4279.3, -2, -38
4279.4, -2, -38
4279.5, -2, -38
4279.6, -2, -38
4279.7, -2, -38
4279.8, -2, -38
4279.9, -2, -39
4280, -2, -39
4280.1, -1, -39
4280.2, -1, -39
4280.3, -1, -39
4280.4, -1, -39
4280.5, -2, -39
4280.6, -2, -39
4280.7, -2, -39
4280.8, -2, -39
4280.9, -2, -39
4281, -2, -39
4281.1, -2, -39
4281.2, -2, -39
4281.3, -2, -39
4281.4, -2, -39
4281.5, -2, -39
4281.6, -2, -39
4281.7, -2, -39
4281.8, -2, -39
4281.9, -2, -39
4282, -2, -39
4282.1, -2, -39
4282.2, -2, -39
4282.3, -2, -39
4282.4, -2, -39
4282.5, -2, -39
4282.6, -2, -39
4282.7, -2, -39
4282.8, -2, -39
4282.9, -2, -39
4283, -2, -39
4283.1, -2, -39
4283.2, -2, -39
4283.3, -2, -39
4283.4, -2, -39
4283.5, -2, -39
4283.6, -2, -39
4283.7, -2, -39
4283.8, -2, -39
4283.9, -2, -39
4284, -2, -39
4284.1, -2, -39
4284.2, -2, -39
4284.3, -2, -39
4284.4, -2, -39
4284.5, -2, -39
4284.6, -2, -39
4284.7, -2, -39
4284.8, -2, -39
4284.9, -2, -39
4285, -2, -39
4285.1, -2, -39
4285.2, -2, -39
4285.3, -2, -39
4285.4, -2, -39
4285.5, -2, -39
4285.6, -2, -39
4285.7, -2, -39
4285.8, -2, -39
4285.9, -2, -39
4286, -2, -39
4286.1, -2, -39
4286.2, -2, -39
4286.3, -2, -39
4286.4, -2, -39
4286.5, -2, -39
4286.6, -2, -39
4286.7, -2, -39
4286.8, -2, -39
4286.9, -2, -39
4287, -2, -39
4287.1, -2, -39
4287.2, -2, -39
4287.3, -2, -39
4287.4, -2, -39
4287.5, -2, -39
4287.6, -2, -39
4287.7, -2, -39
4287.8, -2, -39
4287.9, -2, -39
4288, -2, -39
4288.1, -2, -39
4288.2, -2, -39
4288.3, -2, -39
4288.4, -2, -39
4288.5, -2, -39
4288.6, -2, -39
4288.7, -2, -39
4288.8, -2, -39
4288.9, -2, -39
4289, -2, -39
4289.1, -2, -39
4289.2, -2, -39
4289.3, -2, -39
4289.4, -2, -39
4289.5, -2, -39
4289.6, -2, -39
4289.7, -2, -39
4289.8, -2, -39
4289.9, -2, -39
4290, -2, -39
4290.1, -2, -39
4290.2, -2, -39
4290.3, -2, -39
4290.4, -2, -39
4290.5, -2, -40
4290.6, -2, -40
4290.7, -2, -40
4290.8, -2, -40
4290.9, -2, -40
4291, -2, -40
4291.1, -2, -40
4291.2, -2, -40
4291.3, -2, -40
4291.4, -2, -40
4291.5, -2, -40
4291.6, -2, -40
4291.7, -2, -40
4291.8, -2, -40
4291.9, -2, -40
4292, -2, -40
4292.1, -2, -40
4292.2, -2, -40
4292.3, -2, -40
4292.4, -2, -40
4292.5, -2, -40
4292.6, -2, -40
4292.7, -2, -39
4292.8, -2, -39
4292.9, -3, -39
4293, -3, -39
4293.1, -3, -39
4293.2, -3, -39
4293.3, -3, -39
4293.4, -3, -39
4293.5, -3, -39
4293.6, -3, -39
4293.7, -3, -39
4293.8, -3, -39
4293.9, -3, -39
4294, -3, -39
4294.1, -3, -39
4294.2, -3, -39
4294.3, -3, -39
4294.4, -3, -39
4294.5, -3, -39
4294.6, -3, -39
4294.7, -2, -39
4294.8, -2, -39
4294.9, -2, -39
4295, -2, -39
4295.1, -2, -39
4295.2, -2, -39
4295.3, -2, -39
4295.4, -2, -39
4295.5, -2, -39
4295.6, -2, -39
4295.7, -2, -39
4295.8, -2, -39
4295.9, -2, -39
4296, -2, -39
4296.1, -2, -39
4296.2, -2, -39
4296.3, -2, -39
4296.4, -2, -39
4296.5, -2, -39
4296.6, -2, -39
4296.7, -2, -39
4296.8, -2, -39
4296.9, -2, -39
4297, -2, -39
4297.1, -2, -39
4297.2, -2, -39
4297.3, -2, -39
4297.4, -2, -39
4297.5, -2, -39
4297.6, -2, -39
4297.7, -2, -39
4297.8, -2, -39
4297.9, -2, -39
4298, -2, -39
4298.1, -2, -39
4298.2, -2, -39
4298.3, -2, -39
4298.4, -2, -39
4298.5, -2, -39
4298.6, -2, -39
4298.7, -2, -39
4298.8, -2, -39
4298.9, -2, -39
4299, -2, -39
4299.1, -2, -38
4299.2, -2, -38
4299.3, -2, -38
4299.4, -2, -38
4299.5, -2, -38
4299.6, -2, -38
4299.7, -2, -38
4299.8, -2, -38
4299.9, -2, -38
4300, -2, -38
4300.1, -2, -38
4300.2, -2, -38
4300.3, -2, -38
4300.4, -2, -38
4300.5, -2, -38
4300.6, -2, -38
4300.7, -2, -38
4300.8, -2, -38
4300.9, -2, -38
4301, -2, -38
4301.1, -2, -38
4301.2, -2, -38
4301.3, -2, -38
4301.4, -2, -38
4301.5, -2, -38
4301.6, -2, -38
4301.7, -2, -37
4301.8, -2, -37
4301.9, -2, -37
4302, -2, -37
4302.1, -2, -37
4302.2, -2, -37
4302.3, -2, -37
4302.4, -2, -37
4302.5, -3, -37
4302.6, -3, -37
4302.7, -3, -37
4302.8, -3, -37
4302.9, -3, -37
4303, -3, -37
4303.1, -3, -37
4303.2, -3, -37
4303.3, -3, -38
4303.4, -3, -38
4303.5, -3, -38
4303.6, -3, -38
4303.7, -3, -38
4303.8, -3, -38
4303.9, -3, -38
4304, -3, -38
4304.1, -3, -38
4304.2, -3, -38
4304.3, -3, -38
4304.4, -3, -38
4304.5, -3, -38
4304.6, -3, -38
4304.7, -3, -38
4304.8, -3, -38
4304.9, -3, -38
4305, -3, -38
4305.1, -3, -38
4305.2, -3, -38
4305.3, -3, -38
4305.4, -3, -38
4305.5, -3, -38
4305.6, -3, -38
4305.7, -3, -38
4305.8, -3, -38
4305.9, -3, -38
4306, -3, -38
4306.1, -3, -38
4306.2, -3, -38
4306.3, -3, -38
4306.4, -3, -38
4306.5, -3, -38
4306.6, -3, -38
4306.7, -2, -38
4306.8, -2, -38
4306.9, -2, -38
4307, -2, -38
4307.1, -2, -38
4307.2, -2, -38
4307.3, -2, -38
4307.4, -2, -38
4307.5, -2, -38
4307.6, -2, -38
4307.7, -2, -38
4307.8, -2, -38
4307.9, -2, -38
4308, -2, -38
4308.1, -2, -38
4308.2, -2, -38
4308.3, -2, -38
4308.4, -2, -38
4308.5, -2, -38
4308.6, -2, -38
4308.7, -2, -38
4308.8, -2, -38
4308.9, -2, -38
4309, -2, -38
4309.1, -2, -38
4309.2, -2, -38
4309.3, -2, -38
4309.4, -2, -38
4309.5, -2, -38
4309.6, -2, -38
4309.7, -2, -38
4309.8, -2, -38
4309.9, -2, -37
4310, -2, -37
4310.1, -2, -37
4310.2, -2, -37
4310.3, -1, -37
4310.4, -1, -37
4310.5, -1, -37
4310.6, -1, -37
4310.7, -1, -37
4310.8, -1, -37
4310.9, -2, -37
4311, -2, -37
4311.1, -3, -37
4311.2, -3, -37
4311.3, -3, -37
4311.4, -3, -37
4311.5, -3, -37
4311.6, -3, -37
4311.7, -3, -37
4311.8, -3, -37
4311.9, -3, -37
4312, -3, -37
4312.1, -3, -36
4312.2, -3, -36
4312.3, -3, -36
4312.4, -3, -36
4312.5, -3, -36
4312.6, -3, -36
4312.7, -3, -36
4312.8, -3, -36
4312.9, -3, -36
4313, -3, -36
4313.1, -3, -36
4313.2, -3, -36
4313.3, -3, -36
4313.4, -3, -36
4313.5, -3, -36
4313.6, -3, -36
4313.7, -3, -36
4313.8, -3, -36
4313.9, -3, -36
4314, -3, -36
4314.1, -3, -36
4314.2, -3, -36
4314.3, -3, -36
4314.4, -3, -36
4314.5, -3, -36
4314.6, -3, -36
4314.7, -3, -36
4314.8, -3, -36
4314.9, -3, -36
4315, -3, -36
4315.1, -2, -36
4315.2, -2, -36
4315.3, -2, -36
4315.4, -2, -36
4315.5, -2, -36
4315.6, -2, -36
4315.7, -2, -36
4315.8, -2, -36
4315.9, -2, -36
4316, -2, -36
4316.1, -2, -36
4316.2, -2, -36
4316.3, -2, -36
4316.4, -2, -36
4316.5, -2, -36
4316.6, -2, -36
4316.7, -2, -37
4316.8, -2, -37
4316.9, -2, -37
4317, -2, -37
4317.1, -2, -37
4317.2, -2, -37
4317.3, -2, -37
4317.4, -2, -37
4317.5, -2, -37
4317.6, -2, -37
4317.7, -2, -37
4317.8, -2, -37
4317.9, -2, -37
4318, -2, -37
4318.1, -2, -37
4318.2, -2, -37
4318.3, -2, -37
4318.4, -2, -37
4318.5, -2, -37
4318.6, -2, -37
4318.7, -2, -37
4318.8, -2, -37
4318.9, -2, -37
4319, -2, -37
4319.1, -2, -37
4319.2, -2, -37
4319.3, -2, -37
4319.4, -2, -37
4319.5, -2, -37
4319.6, -2, -37
4319.7, -2, -38
4319.8, -2, -38
4319.9, -3, -38
4320, -3, -38
4320.1, -3, -38
4320.2, -3, -38
4320.3, -3, -38
4320.4, -3, -38
4320.5, -3, -38
4320.6, -3, -38
4320.7, -3, -38
4320.8, -3, -38
4320.9, -3, -38
4321, -3, -38
4321.1, -3, -38
4321.2, -3, -38
4321.3, -3, -38
4321.4, -3, -38
4321.5, -3, -38
4321.6, -3, -38
4321.7, -3, -37
4321.8, -3, -37
4321.9, -3, -37
4322, -3, -37
4322.1, -3, -37
4322.2, -3, -37
4322.3, -3, -37
4322.4, -3, -37
4322.5, -3, -37
4322.6, -3, -37
4322.7, -3, -37
4322.8, -3, -37
4322.9, -3, -37
4323, -3, -37
4323.1, -3, -37
4323.2, -3, -37
4323.3, -3, -37
4323.4, -3, -37
4323.5, -3, -37
4323.6, -3, -37
4323.7, -3, -37
4323.8, -3, -37
4323.9, -3, -37
4324, -3, -37
4324.1, -3, -37
4324.2, -3, -37
4324.3, -3, -37
4324.4, -3, -37
4324.5, -3, -37
4324.6, -3, -37
4324.7, -3, -37
4324.8, -3, -37
4324.9, -3, -37
4325, -3, -37
4325.1, -3, -37
4325.2, -3, -37
4325.3, -3, -37
4325.4, -3, -37
4325.5, -3, -37
4325.6, -3, -37
4325.7, -3, -37
4325.8, -3, -37
4325.9, -3, -37
4326, -3, -37
4326.1, -3, -37
4326.2, -3, -37
4326.3, -3, -37
4326.4, -3, -37
4326.5, -3, -37
4326.6, -3, -37
4326.7, -3, -36
4326.8, -3, -36
4326.9, -3, -36
4327, -3, -36
4327.1, -3, -36
4327.2, -3, -36
4327.3, -3, -36
4327.4, -3, -36
4327.5, -3, -36
4327.6, -3, -36
4327.7, -3, -36
4327.8, -3, -36
4327.9, -3, -36
4328, -3, -36
4328.1, -3, -36
4328.2, -3, -36
4328.3, -3, -36
4328.4, -3, -36
4328.5, -3, -36
4328.6, -3, -36
4328.7, -3, -36
4328.8, -3, -36
4328.9, -3, -36
4329, -3, -36
4329.1, -3, -36
4329.2, -3, -36
4329.3, -3, -36
4329.4, -3, -36
4329.5, -3, -36
4329.6, -3, -36
4329.7, -3, -36
4329.8, -3, -36
4329.9, -3, -36
4330, -3, -36
4330.1, -3, -36
4330.2, -3, -36
4330.3, -3, -36
4330.4, -3, -36
4330.5, -3, -36
4330.6, -3, -36
4330.7, -3, -36
4330.8, -3, -36
4330.9, -3, -36
4331, -3, -36
4331.1, -3, -36
4331.2, -3, -36
4331.3, -3, -36
4331.4, -3, -36
4331.5, -3, -36
4331.6, -3, -36
4331.7, -3, -36
4331.8, -3, -36
4331.9, -4, -36
4332, -4, -36
4332.1, -4, -36
4332.2, -4, -36
4332.3, -4, -37
4332.4, -4, -37
4332.5, -4, -37
4332.6, -4, -37
4332.7, -4, -37
4332.8, -4, -37
4332.9, -4, -37
4333, -4, -37
4333.1, -4, -37
4333.2, -4, -37
4333.3, -4, -37
4333.4, -4, -37
4333.5, -4, -37
4333.6, -4, -37
4333.7, -4, -37
4333.8, -4, -37
4333.9, -4, -37
4334, -4, -37
4334.1, -4, -37
4334.2, -4, -37
4334.3, -4, -37
4334.4, -4, -37
4334.5, -4, -37
4334.6, -4, -37
4334.7, -4, -37
4334.8, -4, -37
4334.9, -4, -36
4335, -4, -36
4335.1, -4, -36
4335.2, -4, -36
4335.3, -4, -36
4335.4, -4, -36
4335.5, -4, -36
4335.6, -4, -36
4335.7, -3, -36
4335.8, -3, -36
4335.9, -3, -36
4336, -3, -36
4336.1, -3, -36
4336.2, -3, -36
4336.3, -3, -36
4336.4, -3, -36
4336.5, -3, -36
4336.6, -3, -36
4336.7, -3, -36
4336.8, -3, -36
4336.9, -3, -36
4337, -3, -36
4337.1, -3, -36
4337.2, -3, -36
4337.3, -3, -36
4337.4, -3, -36
4337.5, -2, -36
4337.6, -2, -36
4337.7, -2, -36
4337.8, -2, -36
4337.9, -2, -35
4338, -2, -35
4338.1, -2, -35
4338.2, -2, -35
4338.3, -1, -35
4338.4, -1, -35
4338.5, -1, -35
4338.6, -1, -35
4338.7, -1, -35
4338.8, -1, -35
4338.9, -1, -35
4339, -1, -35
4339.1, -1, -35
4339.2, -1, -35
4339.3, -1, -35
4339.4, -1, -35
4339.5, -1, -35
4339.6, -1, -35
4339.7, -1, -36
4339.8, -1, -36
4339.9, -1, -36
4340, -1, -36
4340.1, -1, -36
4340.2, -1, -36
4340.3, 0, -36
4340.4, 0, -36
4340.5, 0, -36
4340.6, 0, -36
4340.7, 0, -36
4340.8, 0, -36
4340.9, 0, -36
4341, 0, -36
4341.1, 0, -36
4341.2, 0, -36
4341.3, 0, -36
4341.4, 0, -36
4341.5, 0, -36
4341.6, 0, -36
4341.7, 0, -36
4341.8, 0, -36
4341.9, 0, -36
4342, 0, -36
4342.1, 0, -36
4342.2, 0, -36
4342.3, 1, -36
4342.4, 1, -36
4342.5, 1, -36
4342.6, 1, -36
4342.7, 1, -36
4342.8, 1, -36
4342.9, 1, -36
4343, 1, -36
4343.1, 1, -36
4343.2, 1, -36
4343.3, 1, -36
4343.4, 1, -36
4343.5, 1, -36
4343.6, 1, -36
4343.7, 1, -36
4343.8, 1, -36
4343.9, 1, -36
4344, 1, -36
4344.1, 1, -36
4344.2, 1, -36
4344.3, 1, -36
4344.4, 1, -36
4344.5, 1, -36
4344.6, 1, -36
4344.7, 1, -36
4344.8, 1, -36
4344.9, 1, -36
4345, 1, -36
4345.1, 1, -36
4345.2, 1, -36
4345.3, 1, -36
4345.4, 1, -36
4345.5, 1, -36
4345.6, 1, -36
4345.7, 1, -36
4345.8, 1, -36
4345.9, 1, -36
4346, 1, -36
4346.1, 1, -36
4346.2, 1, -36
4346.3, 1, -36
4346.4, 1, -36
4346.5, 1, -36
4346.6, 1, -36
4346.7, 1, -36
4346.8, 1, -36
4346.9, 1, -36
4347, 1, -36
4347.1, 1, -36
4347.2, 1, -36
4347.3, 1, -36
4347.4, 1, -36
4347.5, 1, -36
4347.6, 1, -36
4347.7, 1, -36
4347.8, 1, -36
4347.9, 1, -36
4348, 1, -36
4348.1, 1, -36
4348.2, 1, -36
4348.3, 1, -36
4348.4, 1, -36
4348.5, 1, -36
4348.6, 1, -36
4348.7, 1, -36
4348.8, 1, -36
4348.9, 1, -36
4349, 1, -36
4349.1, 1, -36
4349.2, 1, -36
4349.3, 1, -36
4349.4, 1, -36
4349.5, 1, -36
4349.6, 1, -36
4349.7, 1, -36
4349.8, 1, -36
4349.9, 1, -36
4350, 1, -36
4350.1, 1, -36
4350.2, 1, -36
4350.3, 1, -36
4350.4, 1, -36
4350.5, 0, -36
4350.6, 0, -36
4350.7, 0, -36
4350.8, 0, -36
4350.9, 0, -36
4351, 0, -36
4351.1, 0, -36
4351.2, 0, -36
4351.3, 0, -36
4351.4, 0, -36
4351.5, 0, -36
4351.6, 0, -36
4351.7, 0, -36
4351.8, 0, -36
4351.9, 0, -36
4352, 0, -36
4352.1, 0, -36
4352.2, 0, -36
4352.3, 0, -36
4352.4, 0, -36
4352.5, 0, -36
4352.6, 0, -36
4352.7, 0, -36
4352.8, 0, -36
4352.9, 0, -36
4353, 0, -36
4353.1, 0, -36
4353.2, 0, -36
4353.3, 0, -36
4353.4, 0, -36
4353.5, 0, -36
4353.6, 0, -36
4353.7, 0, -36
4353.8, 0, -36
4353.9, 0, -36
4354, 0, -36
4354.1, 0, -36
4354.2, 0, -36
4354.3, 0, -36
4354.4, 0, -36
4354.5, 0, -36
4354.6, 0, -36
4354.7, -1, -36
4354.8, -1, -36
4354.9, -1, -36
4355, -1, -36
4355.1, -1, -37
4355.2, -1, -37
4355.3, -1, -37
4355.4, -1, -37
4355.5, -1, -37
4355.6, -1, -37
4355.7, -1, -37
4355.8, -1, -37
4355.9, -1, -37
4356, -1, -37
4356.1, -1, -37
4356.2, -1, -37
4356.3, -1, -37
4356.4, -1, -37
4356.5, -1, -37
4356.6, -1, -37
4356.7, -1, -37
4356.8, -1, -37
4356.9, -1, -37
4357, -1, -37
4357.1, -1, -37
4357.2, -1, -37
4357.3, -2, -37
4357.4, -2, -37
4357.5, -2, -37
4357.6, -2, -37
4357.7, -2, -37
4357.8, -2, -37
4357.9, -2, -37
4358, -2, -37
4358.1, -2, -37
4358.2, -2, -37
4358.3, -2, -37
4358.4, -2, -37
4358.5, -2, -37
4358.6, -2, -37
4358.7, -2, -37
4358.8, -2, -37
4358.9, -2, -37
4359, -2, -37
4359.1, -2, -37
4359.2, -2, -37
4359.3, -2, -37
4359.4, -2, -37
4359.5, -2, -37
4359.6, -2, -37
4359.7, -2, -37
4359.8, -2, -37
4359.9, -2, -37
4360, -2, -37
4360.1, -3, -37
4360.2, -3, -37
4360.3, -3, -37
4360.4, -3, -37
4360.5, -3, -37
4360.6, -3, -37
4360.7, -3, -37
4360.8, -3, -37
4360.9, -3, -37
4361, -3, -37
4361.1, -3, -37
4361.2, -3, -37
4361.3, -3, -37
4361.4, -3, -37
4361.5, -3, -37
4361.6, -3, -37
4361.7, -3, -37
4361.8, -3, -37
4361.9, -3, -37
4362, -3, -37
4362.1, -3, -36
4362.2, -3, -36
4362.3, -3, -36
4362.4, -3, -36
4362.5, -3, -36
4362.6, -3, -36
4362.7, -3, -36
4362.8, -3, -36
4362.9, -3, -36
4363, -3, -36
4363.1, -3, -36
4363.2, -3, -36
4363.3, -3, -36
4363.4, -3, -36
4363.5, -3, -36
4363.6, -3, -36
4363.7, -3, -36
4363.8, -3, -36
4363.9, -3, -36
4364, -3, -36
4364.1, -3, -36
4364.2, -3, -36
4364.3, -3, -35
4364.4, -3, -35
4364.5, -3, -35
4364.6, -3, -35
4364.7, -3, -35
4364.8, -3, -35
4364.9, -3, -35
4365, -3, -35
4365.1, -3, -35
4365.2, -3, -35
4365.3, -3, -35
4365.4, -3, -35
4365.5, -3, -35
4365.6, -3, -35
4365.7, -3, -35
4365.8, -3, -35
4365.9, -3, -35
4366, -3, -35
4366.1, -3, -35
4366.2, -3, -35
4366.3, -3, -35
4366.4, -3, -35
4366.5, -3, -35
4366.6, -3, -35
4366.7, -2, -35
4366.8, -2, -35
4366.9, -2, -35
4367, -2, -35
4367.1, -2, -35
4367.2, -2, -35
4367.3, -2, -35
4367.4, -2, -35
4367.5, -2, -35
4367.6, -2, -35
4367.7, -3, -35
4367.8, -3, -35
4367.9, -3, -35
4368, -3, -35
4368.1, -3, -35
4368.2, -3, -35
4368.3, -3, -35
4368.4, -3, -35
4368.5, -3, -35
4368.6, -3, -35
4368.7, -3, -35
4368.8, -3, -35
4368.9, -3, -35
4369, -3, -35
4369.1, -3, -35
4369.2, -3, -35
4369.3, -3, -35
4369.4, -3, -35
4369.5, -3, -35
4369.6, -3, -35
4369.7, -3, -35
4369.8, -3, -35
4369.9, -3, -35
4370, -3, -35
4370.1, -3, -35
4370.2, -3, -35
4370.3, -3, -35
4370.4, -3, -35
4370.5, -3, -35
4370.6, -3, -35
4370.7, -3, -35
4370.8, -3, -35
4370.9, -3, -35
4371, -3, -35
4371.1, -3, -35
4371.2, -3, -35
4371.3, -3, -35
4371.4, -3, -35
4371.5, -3, -35
4371.6, -3, -35
4371.7, -3, -35
4371.8, -3, -35
4371.9, -3, -35
4372, -3, -35
4372.1, -3, -35
4372.2, -3, -35
4372.3, -3, -35
4372.4, -3, -35
4372.5, -3, -35
4372.6, -3, -35
4372.7, -3, -36
4372.8, -3, -36
4372.9, -3, -36
4373, -3, -36
4373.1, -3, -36
4373.2, -3, -36
4373.3, -3, -36
4373.4, -3, -36
4373.5, -3, -36
4373.6, -3, -36
4373.7, -3, -36
4373.8, -3, -36
4373.9, -3, -36
4374, -3, -36
4374.1, -3, -36
4374.2, -3, -36
4374.3, -3, -36
4374.4, -3, -36
4374.5, -3, -36
4374.6, -3, -36
4374.7, -3, -36
4374.8, -3, -36
4374.9, -3, -36
4375, -3, -36
4375.1, -3, -36
4375.2, -3, -36
4375.3, -3, -36
4375.4, -3, -36
4375.5, -3, -36
4375.6, -3, -36
4375.7, -4, -36
4375.8, -4, -36
4375.9, -5, -36
4376, -5, -36
4376.1, -5, -36
4376.2, -5, -36
4376.3, -5, -36
4376.4, -5, -36
4376.5, -5, -36
4376.6, -5, -36
4376.7, -5, -36
4376.8, -5, -36
4376.9, -5, -36
4377, -5, -36
4377.1, -5, -36
4377.2, -5, -36
4377.3, -5, -36
4377.4, -5, -36
4377.5, -5, -36
4377.6, -5, -36
4377.7, -5, -36
4377.8, -5, -36
4377.9, -5, -36
4378, -5, -36
4378.1, -5, -36
4378.2, -5, -36
4378.3, -4, -36
4378.4, -4, -36
4378.5, -4, -36
4378.6, -4, -36
4378.7, -4, -36
4378.8, -4, -36
4378.9, -4, -36
4379, -4, -36
4379.1, -4, -36
4379.2, -4, -36
4379.3, -4, -36
4379.4, -4, -36
4379.5, -4, -36
4379.6, -4, -36
4379.7, -4, -36
4379.8, -4, -36
4379.9, -4, -36
4380, -4, -36
4380.1, -4, -36
4380.2, -4, -36
4380.3, -4, -36
4380.4, -4, -36
4380.5, -4, -36
4380.6, -4, -36
4380.7, -4, -36
4380.8, -4, -36
4380.9, -4, -37
4381, -4, -37
4381.1, -4, -37
4381.2, -4, -37
4381.3, -4, -37
4381.4, -4, -37
4381.5, -5, -37
4381.6, -5, -37
4381.7, -5, -36
4381.8, -5, -36
4381.9, -5, -36
4382, -5, -36
4382.1, -5, -36
4382.2, -5, -36
4382.3, -5, -36
4382.4, -5, -36
4382.5, -5, -36
4382.6, -5, -36
4382.7, -5, -36
4382.8, -5, -36
4382.9, -5, -36
4383, -5, -36
4383.1, -5, -36
4383.2, -5, -36
4383.3, -5, -36
4383.4, -5, -36
4383.5, -5, -36
4383.6, -5, -36
4383.7, -5, -36
4383.8, -5, -36
4383.9, -5, -36
4384, -5, -36
4384.1, -5, -36
4384.2, -5, -36
4384.3, -5, -36
4384.4, -5, -36
4384.5, -5, -36
4384.6, -5, -36
4384.7, -5, -36
4384.8, -5, -36
4384.9, -5, -36
4385, -5, -36
4385.1, -5, -36
4385.2, -5, -36
4385.3, -5, -36
4385.4, -5, -36
4385.5, -5, -36
4385.6, -5, -36
4385.7, -5, -36
4385.8, -5, -36
4385.9, -5, -36
4386, -5, -36
4386.1, -5, -36
4386.2, -5, -36
4386.3, -5, -36
4386.4, -5, -36
4386.5, -5, -36
4386.6, -5, -36
4386.7, -6, -36
4386.8, -6, -36
4386.9, -6, -36
4387, -6, -36
4387.1, -6, -36
4387.2, -6, -36
4387.3, -6, -36
4387.4, -6, -36
4387.5, -6, -36
4387.6, -6, -36
4387.7, -6, -36
4387.8, -6, -36
4387.9, -6, -36
4388, -6, -36
4388.1, -6, -36
4388.2, -6, -36
4388.3, -6, -36
4388.4, -6, -36
4388.5, -6, -36
4388.6, -6, -36
4388.7, -6, -36
4388.8, -6, -36
4388.9, -6, -35
4389, -6, -35
4389.1, -6, -35
4389.2, -6, -35
4389.3, -6, -35
4389.4, -6, -35
4389.5, -6, -35
4389.6, -6, -35
4389.7, -6, -35
4389.8, -6, -35
4389.9, -6, -35
4390, -6, -35
4390.1, -6, -35
4390.2, -6, -35
4390.3, -6, -35
4390.4, -6, -35
4390.5, -6, -35
4390.6, -6, -35
4390.7, -6, -36
4390.8, -6, -36
4390.9, -6, -36
4391, -6, -36
4391.1, -6, -36
4391.2, -6, -36
4391.3, -6, -36
4391.4, -6, -36
4391.5, -6, -36
4391.6, -6, -36
4391.7, -6, -36
4391.8, -6, -36
4391.9, -6, -37
4392, -6, -37
4392.1, -6, -37
4392.2, -6, -37
4392.3, -6, -37
4392.4, -6, -37
4392.5, -6, -37
4392.6, -6, -37
4392.7, -6, -37
4392.8, -6, -37
4392.9, -6, -37
4393, -6, -37
4393.1, -6, -37
4393.2, -6, -37
4393.3, -6, -37
4393.4, -6, -37
4393.5, -6, -37
4393.6, -6, -37
4393.7, -6, -37
4393.8, -6, -37
4393.9, -6, -37
4394, -6, -37
4394.1, -6, -37
4394.2, -6, -37
4394.3, -6, -37
4394.4, -6, -37
4394.5, -6, -37
4394.6, -6, -37
4394.7, -7, -37
4394.8, -7, -37
4394.9, -7, -37
4395, -7, -37
4395.1, -7, -37
4395.2, -7, -37
4395.3, -7, -37
4395.4, -7, -37
4395.5, -7, -37
4395.6, -7, -37
4395.7, -7, -37
4395.8, -7, -37
4395.9, -7, -37
4396, -7, -37
4396.1, -7, -37
4396.2, -7, -37
4396.3, -7, -37
4396.4, -7, -37
4396.5, -7, -37
4396.6, -7, -37
4396.7, -7, -37
4396.8, -7, -37
4396.9, -7, -37
4397, -7, -37
4397.1, -7, -37
4397.2, -7, -37
4397.3, -7, -37
4397.4, -7, -37
4397.5, -7, -37
4397.6, -7, -37
4397.7, -7, -37
4397.8, -7, -37
4397.9, -7, -37
4398, -7, -37
4398.1, -8, -37
4398.2, -8, -37
4398.3, -8, -37
4398.4, -8, -37
4398.5, -8, -37
4398.6, -8, -37
4398.7, -8, -37
4398.8, -8, -37
4398.9, -8, -37
4399, -8, -37
4399.1, -8, -37
4399.2, -8, -37
4399.3, -8, -37
4399.4, -8, -37
4399.5, -9, -37
4399.6, -9, -37
4399.7, -10, -37
4399.8, -10, -37
4399.9, -10, -37
4400, -10, -37
4400.1, -11, -37
4400.2, -11, -37
4400.3, -11, -37
4400.4, -11, -37
4400.5, -11, -37
4400.6, -11, -37
4400.7, -11, -37
4400.8, -11, -37
4400.9, -11, -36
4401, -11, -36
4401.1, -11, -36
4401.2, -11, -36
4401.3, -11, -36
4401.4, -11, -36
4401.5, -11, -36
4401.6, -11, -36
4401.7, -11, -36
4401.8, -11, -36
4401.9, -11, -36
4402, -11, -36
4402.1, -11, -36
4402.2, -11, -36
4402.3, -11, -37
4402.4, -11, -37
4402.5, -11, -37
4402.6, -11, -37
4402.7, -11, -37
4402.8, -11, -37
4402.9, -11, -37
4403, -11, -37
4403.1, -11, -37
4403.2, -11, -37
4403.3, -11, -37
4403.4, -11, -37
4403.5, -11, -37
4403.6, -11, -37
4403.7, -11, -37
4403.8, -11, -37
4403.9, -11, -37
4404, -11, -37
4404.1, -11, -37
4404.2, -11, -37
4404.3, -11, -37
4404.4, -11, -37
4404.5, -11, -36
4404.6, -11, -36
4404.7, -11, -35
4404.8, -11, -35
4404.9, -11, -35
4405, -11, -35
4405.1, -11, -35
4405.2, -11, -35
4405.3, -11, -35
4405.4, -11, -35
4405.5, -11, -35
4405.6, -11, -35
4405.7, -11, -35
4405.8, -11, -35
4405.9, -11, -35
4406, -11, -35
4406.1, -11, -35
4406.2, -11, -35
4406.3, -10, -35
4406.4, -10, -35
4406.5, -10, -35
4406.6, -10, -35
4406.7, -10, -35
4406.8, -10, -35
4406.9, -10, -35
4407, -10, -35
4407.1, -10, -35
4407.2, -10, -35
4407.3, -9, -35
4407.4, -9, -35
4407.5, -9, -35
4407.6, -9, -35
4407.7, -9, -35
4407.8, -9, -35
4407.9, -9, -35
4408, -9, -35
4408.1, -9, -35
4408.2, -9, -35
4408.3, -9, -34
4408.4, -9, -34
4408.5, -9, -35
4408.6, -9, -35
4408.7, -9, -35
4408.8, -9, -35
4408.9, -9, -35
4409, -9, -35
4409.1, -9, -36
4409.2, -9, -36
4409.3, -9, -36
4409.4, -9, -36
4409.5, -9, -36
4409.6, -9, -36
4409.7, -9, -36
4409.8, -9, -36
4409.9, -9, -36
4410, -9, -36
4410.1, -9, -36
4410.2, -9, -36
4410.3, -9, -36
4410.4, -9, -36
4410.5, -9, -36
4410.6, -9, -36
4410.7, -9, -36
4410.8, -9, -36
4410.9, -9, -36
4411, -9, -36
4411.1, -9, -36
4411.2, -9, -36
4411.3, -9, -36
4411.4, -9, -36
4411.5, -9, -36
4411.6, -9, -36
4411.7, -9, -36
4411.8, -9, -36
4411.9, -9, -36
4412, -9, -36
4412.1, -9, -36
4412.2, -9, -36
4412.3, -9, -36
4412.4, -9, -36
4412.5, -9, -36
4412.6, -9, -36
4412.7, -9, -36
4412.8, -9, -36
4412.9, -9, -36
4413, -9, -36
4413.1, -9, -36
4413.2, -9, -36
4413.3, -9, -36
4413.4, -9, -36
4413.5, -9, -36
4413.6, -9, -36
4413.7, -9, -36
4413.8, -9, -36
4413.9, -9, -36
4414, -9, -36
4414.1, -9, -36
4414.2, -9, -36
4414.3, -9, -36
4414.4, -9, -36
4414.5, -9, -36
4414.6, -9, -36
4414.7, -9, -36
4414.8, -9, -36
4414.9, -9, -36
4415, -9, -36
4415.1, -9, -36
4415.2, -9, -36
4415.3, -8, -36
4415.4, -8, -36
4415.5, -8, -36
4415.6, -8, -36
4415.7, -8, -36
4415.8, -8, -36
4415.9, -8, -36
4416, -8, -36
4416.1, -8, -36
4416.2, -8, -36
4416.3, -8, -35
4416.4, -8, -35
4416.5, -8, -35
4416.6, -8, -35
4416.7, -8, -35
4416.8, -8, -35
4416.9, -8, -35
4417, -8, -35
4417.1, -8, -35
4417.2, -8, -35
4417.3, -8, -35
4417.4, -8, -35
4417.5, -8, -35
4417.6, -8, -35
4417.7, -8, -34
4417.8, -8, -34
4417.9, -8, -34
4418, -8, -34
4418.1, -7, -34
4418.2, -7, -34
4418.3, -7, -34
4418.4, -7, -34
4418.5, -7, -33
4418.6, -7, -33
4418.7, -7, -33
4418.8, -7, -33
4418.9, -7, -33
4419, -7, -33
4419.1, -7, -33
4419.2, -7, -33
4419.3, -7, -34
4419.4, -7, -34
4419.5, -7, -34
4419.6, -7, -34
4419.7, -7, -34
4419.8, -7, -34
4419.9, -7, -34
4420, -7, -34
4420.1, -7, -33
4420.2, -7, -33
4420.3, -7, -33
4420.4, -7, -33
4420.5, -7, -33
4420.6, -7, -33
4420.7, -7, -33
4420.8, -7, -33
4420.9, -7, -33
4421, -7, -33
4421.1, -7, -33
4421.2, -7, -33
4421.3, -7, -33
4421.4, -7, -33
4421.5, -7, -33
4421.6, -7, -33
4421.7, -7, -33
4421.8, -7, -33
4421.9, -7, -33
4422, -7, -33
4422.1, -7, -32
4422.2, -7, -32
4422.3, -7, -32
4422.4, -7, -32
4422.5, -7, -32
4422.6, -7, -32
4422.7, -7, -32
4422.8, -7, -32
4422.9, -7, -32
4423, -7, -32
4423.1, -7, -33
4423.2, -7, -33
4423.3, -7, -33
4423.4, -7, -33
4423.5, -7, -33
4423.6, -7, -33
4423.7, -7, -33
4423.8, -7, -33
4423.9, -7, -33
4424, -7, -33
4424.1, -7, -33
4424.2, -7, -33
4424.3, -7, -33
4424.4, -7, -33
4424.5, -7, -33
4424.6, -7, -33
4424.7, -7, -33
4424.8, -7, -33
4424.9, -7, -33
4425, -7, -33
4425.1, -7, -33
4425.2, -7, -33
4425.3, -7, -33
4425.4, -7, -33
4425.5, -7, -33
4425.6, -7, -33
4425.7, -7, -33
4425.8, -7, -33
4425.9, -7, -33
4426, -7, -33
4426.1, -7, -33
4426.2, -7, -33
4426.3, -7, -34
4426.4, -7, -34
4426.5, -7, -34
4426.6, -7, -34
4426.7, -7, -34
4426.8, -7, -34
4426.9, -8, -34
4427, -8, -34
4427.1, -8, -34
4427.2, -8, -34
4427.3, -8, -34
4427.4, -8, -34
4427.5, -9, -34
4427.6, -9, -34
4427.7, -9, -35
4427.8, -9, -35
4427.9, -9, -35
4428, -9, -35
4428.1, -9, -35
4428.2, -9, -35
4428.3, -9, -35
4428.4, -9, -35
4428.5, -9, -35
4428.6, -9, -35
4428.7, -9, -35
4428.8, -9, -35
4428.9, -8, -35
4429, -8, -35
4429.1, -8, -35
4429.2, -8, -35
4429.3, -8, -35
4429.4, -8, -35
4429.5, -8, -34
4429.6, -8, -34
4429.7, -8, -34
4429.8, -8, -34
4429.9, -8, -34
4430, -8, -34
4430.1, -8, -34
4430.2, -8, -34
4430.3, -8, -34
4430.4, -8, -34
4430.5, -8, -34
4430.6, -8, -34
4430.7, -8, -34
4430.8, -8, -34
4430.9, -8, -34
4431, -8, -34
4431.1, -8, -34
4431.2, -8, -34
4431.3, -7, -34
4431.4, -7, -34
4431.5, -7, -34
4431.6, -7, -34
4431.7, -7, -34
4431.8, -7, -34
4431.9, -7, -34
4432, -7, -34
4432.1, -7, -34
4432.2, -7, -34
4432.3, -7, -34
4432.4, -7, -34
4432.5, -7, -34
4432.6, -7, -34
4432.7, -7, -34
4432.8, -7, -34
4432.9, -7, -34
4433, -7, -34
4433.1, -7, -34
4433.2, -7, -34
4433.3, -7, -34
4433.4, -7, -34
4433.5, -8, -34
4433.6, -8, -34
4433.7, -8, -34
4433.8, -8, -34
4433.9, -8, -34
4434, -8, -34
4434.1, -8, -34
4434.2, -8, -34
4434.3, -8, -34
4434.4, -8, -34
4434.5, -8, -34
4434.6, -8, -34
4434.7, -8, -34
4434.8, -8, -34
4434.9, -8, -34
4435, -8, -34
4435.1, -8, -34
4435.2, -8, -34
4435.3, -8, -34
4435.4, -8, -34
4435.5, -8, -34
4435.6, -8, -34
4435.7, -8, -34
4435.8, -8, -34
4435.9, -8, -34
4436, -8, -34
4436.1, -8, -34
4436.2, -8, -34
4436.3, -8, -34
4436.4, -8, -34
4436.5, -8, -34
4436.6, -8, -34
4436.7, -8, -34
4436.8, -8, -34
4436.9, -8, -34
4437, -8, -34
4437.1, -8, -34
4437.2, -8, -34
4437.3, -8, -34
4437.4, -8, -34
4437.5, -8, -34
4437.6, -8, -34
4437.7, -8, -34
4437.8, -8, -34
4437.9, -8, -34
4438, -8, -34
4438.1, -8, -34
4438.2, -8, -34
4438.3, -8, -34
4438.4, -8, -34
4438.5, -8, -34
4438.6, -8, -34
4438.7, -7, -34
4438.8, -7, -34
4438.9, -7, -34
4439, -7, -34
4439.1, -7, -34
4439.2, -7, -34
4439.3, -7, -34
4439.4, -7, -34
4439.5, -7, -34
4439.6, -7, -34
4439.7, -7, -34
4439.8, -7, -34
4439.9, -7, -34
4440, -7, -34
4440.1, -7, -34
4440.2, -7, -34
4440.3, -6, -34
4440.4, -6, -34
4440.5, -6, -34
4440.6, -6, -34
4440.7, -6, -34
4440.8, -6, -34
4440.9, -6, -34
4441, -6, -34
4441.1, -6, -34
4441.2, -6, -34
4441.3, -6, -34
4441.4, -6, -34
4441.5, -6, -34
4441.6, -6, -34
4441.7, -6, -34
4441.8, -6, -34
4441.9, -6, -34
4442, -6, -34
4442.1, -6, -34
4442.2, -6, -34
4442.3, -6, -34
4442.4, -6, -34
4442.5, -6, -34
4442.6, -6, -34
4442.7, -5, -34
4442.8, -5, -34
4442.9, -5, -34
4443, -5, -34
4443.1, -5, -34
4443.2, -5, -34
4443.3, -5, -34
4443.4, -5, -34
4443.5, -5, -34
4443.6, -5, -34
4443.7, -5, -34
4443.8, -5, -34
4443.9, -5, -34
4444, -5, -34
4444.1, -5, -34
4444.2, -5, -34
4444.3, -5, -34
4444.4, -5, -34
4444.5, -5, -34
4444.6, -5, -34
4444.7, -5, -34
4444.8, -5, -34
4444.9, -5, -34
4445, -5, -34
4445.1, -5, -34
4445.2, -5, -34
4445.3, -5, -34
4445.4, -5, -34
4445.5, -5, -34
4445.6, -5, -34
4445.7, -5, -33
4445.8, -5, -33
4445.9, -5, -33
4446, -5, -33
4446.1, -5, -33
4446.2, -5, -33
4446.3, -5, -33
4446.4, -5, -33
4446.5, -5, -33
4446.6, -5, -33
4446.7, -5, -33
4446.8, -5, -33
4446.9, -5, -33
4447, -5, -33
4447.1, -4, -33
4447.2, -4, -33
4447.3, -4, -33
4447.4, -4, -33
4447.5, -4, -33
4447.6, -4, -33
4447.7, -4, -33
4447.8, -4, -33
4447.9, -4, -33
4448, -4, -33
4448.1, -4, -33
4448.2, -4, -33
4448.3, -4, -33
4448.4, -4, -33
4448.5, -4, -33
4448.6, -4, -33
4448.7, -4, -33
4448.8, -4, -33
4448.9, -4, -33
4449, -4, -33
4449.1, -4, -33
4449.2, -4, -33
4449.3, -4, -33
4449.4, -4, -33
4449.5, -4, -33
4449.6, -4, -33
4449.7, -4, -33
4449.8, -4, -33
4449.9, -4, -33
4450, -4, -33
4450.1, -4, -33
4450.2, -4, -33
4450.3, -4, -33
4450.4, -4, -33
4450.5, -4, -33
4450.6, -4, -33
4450.7, -4, -33
4450.8, -4, -33
4450.9, -4, -33
4451, -4, -33
4451.1, -4, -33
4451.2, -4, -33
4451.3, -4, -33
4451.4, -4, -33
4451.5, -4, -33
4451.6, -4, -33
4451.7, -4, -33
4451.8, -4, -33
4451.9, -4, -33
4452, -4, -33
4452.1, -4, -33
4452.2, -4, -33
4452.3, -3, -33
4452.4, -3, -33
4452.5, -3, -33
4452.6, -3, -33
4452.7, -3, -33
4452.8, -3, -33
4452.9, -3, -33
4453, -3, -33
4453.1, -3, -33
4453.2, -3, -33
4453.3, -3, -33
4453.4, -3, -33
4453.5, -3, -33
4453.6, -3, -33
4453.7, -3, -33
4453.8, -3, -33
4453.9, -3, -33
4454, -3, -33
4454.1, -3, -33
4454.2, -3, -33
4454.3, -3, -33
4454.4, -3, -33
4454.5, -4, -33
4454.6, -4, -33
4454.7, -4, -33
4454.8, -4, -33
4454.9, -4, -33
4455, -4, -33
4455.1, -4, -33
4455.2, -4, -33
4455.3, -4, -32
4455.4, -4, -32
4455.5, -4, -32
4455.6, -4, -32
4455.7, -4, -32
4455.8, -4, -32
4455.9, -4, -32
4456, -4, -32
4456.1, -4, -31
4456.2, -4, -31
4456.3, -4, -31
4456.4, -4, -31
4456.5, -4, -31
4456.6, -4, -31
4456.7, -4, -31
4456.8, -4, -31
4456.9, -4, -31
4457, -4, -31
4457.1, -4, -31
4457.2, -4, -31
4457.3, -4, -31
4457.4, -4, -31
4457.5, -4, -31
4457.6, -4, -31
4457.7, -4, -31
4457.8, -4, -31
4457.9, -4, -31
4458, -4, -31
4458.1, -4, -31
4458.2, -4, -31
4458.3, -4, -31
4458.4, -4, -31
4458.5, -4, -31
4458.6, -4, -31
4458.7, -4, -31
4458.8, -4, -31
4458.9, -4, -31
4459, -4, -31
4459.1, -4, -31
4459.2, -4, -31
4459.3, -4, -31
4459.4, -4, -31
4459.5, -4, -31
4459.6, -4, -31
4459.7, -4, -31
4459.8, -4, -31
4459.9, -4, -31
4460, -4, -31
4460.1, -4, -31
4460.2, -4, -31
4460.3, -4, -31
4460.4, -4, -31
4460.5, -4, -31
4460.6, -4, -31
4460.7, -3, -31
4460.8, -3, -31
4460.9, -3, -31
4461, -3, -31
4461.1, -3, -31
4461.2, -3, -31
4461.3, -3, -31
4461.4, -3, -31
4461.5, -2, -31
4461.6, -2, -31
4461.7, -2, -31
4461.8, -2, -31
4461.9, -2, -31
4462, -2, -31
4462.1, -2, -31
4462.2, -2, -31
4462.3, -2, -31
4462.4, -2, -31
4462.5, -3, -31
4462.6, -3, -31
4462.7, -3, -31
4462.8, -3, -31
4462.9, -2, -31
4463, -2, -31
4463.1, -2, -31
4463.2, -2, -31
4463.3, -2, -31
4463.4, -2, -31
4463.5, -2, -31
4463.6, -2, -31
4463.7, -2, -32
4463.8, -2, -32
4463.9, -2, -32
4464, -2, -32
4464.1, -2, -32
4464.2, -2, -32
4464.3, -2, -32
4464.4, -2, -32
4464.5, -2, -32
4464.6, -2, -32
4464.7, -2, -32
4464.8, -2, -32
4464.9, -2, -32
4465, -2, -32
4465.1, -2, -32
4465.2, -2, -32
4465.3, -2, -32
4465.4, -2, -32
4465.5, -2, -32
4465.6, -2, -32
4465.7, -2, -32
4465.8, -2, -32
4465.9, -2, -32
4466, -2, -32
4466.1, -2, -32
4466.2, -2, -32
4466.3, -2, -32
4466.4, -2, -32
4466.5, -2, -32
4466.6, -2, -32
4466.7, -2, -32
4466.8, -2, -32
4466.9, -2, -33
4467, -2, -33
4467.1, -2, -33
4467.2, -2, -33
4467.3, -2, -33
4467.4, -2, -33
4467.5, -2, -33
4467.6, -2, -33
4467.7, -2, -33
4467.8, -2, -33
4467.9, -2, -33
4468, -2, -33
4468.1, -2, -33
4468.2, -2, -33
4468.3, -2, -33
4468.4, -2, -33
4468.5, -2, -33
4468.6, -2, -33
4468.7, -2, -33
4468.8, -2, -33
4468.9, -2, -33
4469, -2, -33
4469.1, -2, -33
4469.2, -2, -33
4469.3, -1, -33
4469.4, -1, -33
4469.5, -1, -33
4469.6, -1, -33
4469.7, -1, -33
4469.8, -1, -33
4469.9, -1, -34
4470, -1, -34
4470.1, -1, -34
4470.2, -1, -34
4470.3, -1, -34
4470.4, -1, -34
4470.5, -1, -34
4470.6, -1, -34
4470.7, -1, -34
4470.8, -1, -34
4470.9, -1, -34
4471, -1, -34
4471.1, -1, -34
4471.2, -1, -34
4471.3, -1, -34
4471.4, -1, -34
4471.5, -1, -34
4471.6, -1, -34
4471.7, -1, -34
4471.8, -1, -34
4471.9, -1, -34
4472, -1, -34
4472.1, -1, -34
4472.2, -1, -34
4472.3, -1, -34
4472.4, -1, -34
4472.5, -1, -34
4472.6, -1, -34
4472.7, -1, -34
4472.8, -1, -34
4472.9, -1, -34
4473, -1, -34
4473.1, -1, -34
4473.2, -1, -34
4473.3, -1, -34
4473.4, -1, -34
4473.5, -1, -34
4473.6, -1, -34
4473.7, -1, -34
4473.8, -1, -34
4473.9, -1, -34
4474, -1, -34
4474.1, -1, -34
4474.2, -1, -34
4474.3, -1, -34
4474.4, -1, -34
4474.5, -1, -34
4474.6, -1, -34
4474.7, -1, -34
4474.8, -1, -34
4474.9, -1, -34
4475, -1, -34
4475.1, -1, -34
4475.2, -1, -34
4475.3, -1, -34
4475.4, -1, -34
4475.5, -1, -34
4475.6, -1, -34
4475.7, -1, -34
4475.8, -1, -34
4475.9, -1, -34
4476, -1, -34
4476.1, -1, -34
4476.2, -1, -34
4476.3, -1, -34
4476.4, -1, -34
4476.5, -1, -34
4476.6, -1, -34
4476.7, -1, -34
4476.8, -1, -34
4476.9, -1, -34
4477, -1, -34
4477.1, -1, -34
4477.2, -1, -34
4477.3, -1, -34
4477.4, -1, -34
4477.5, -1, -34
4477.6, -1, -34
4477.7, -1, -34
4477.8, -1, -34
4477.9, -1, -34
4478, -1, -34
4478.1, -1, -34
4478.2, -1, -34
4478.3, -1, -34
4478.4, -1, -34
4478.5, 0, -34
4478.6, 0, -34
4478.7, 0, -34
4478.8, 0, -34
4478.9, 0, -34
4479, 0, -34
4479.1, 0, -34
4479.2, 0, -34
4479.3, 0, -34
4479.4, 0, -34
4479.5, 0, -34
4479.6, 0, -34
4479.7, 0, -34
4479.8, 0, -34
4479.9, 0, -34
4480, 0, -34
4480.1, 0, -34
4480.2, 0, -34
4480.3, 0, -34
4480.4, 0, -34
4480.5, 0, -34
4480.6, 0, -34
4480.7, 0, -34
4480.8, 0, -34
4480.9, 0, -34
4481, 0, -34
4481.1, 0, -34
4481.2, 0, -34
4481.3, 0, -34
4481.4, 0, -34
4481.5, 0, -34
4481.6, 0, -34
4481.7, 0, -34
4481.8, 0, -34
4481.9, 0, -34
4482, 0, -34
4482.1, 0, -34
4482.2, 0, -34
4482.3, 0, -34
4482.4, 0, -34
4482.5, 0, -34
4482.6, 0, -34
4482.7, 0, -34
4482.8, 0, -34
4482.9, 0, -34
4483, 0, -34
4483.1, 0, -34
4483.2, 0, -34
4483.3, 0, -34
4483.4, 0, -34
4483.5, 0, -34
4483.6, 0, -34
4483.7, 0, -34
4483.8, 0, -34
4483.9, 0, -34
4484, 0, -34
4484.1, 0, -34
4484.2, 0, -34
4484.3, 0, -34
4484.4, 0, -34
4484.5, 0, -34
4484.6, 0, -34
4484.7, 1, -34
4484.8, 1, -34
4484.9, 1, -35
4485, 1, -35
4485.1, 1, -35
4485.2, 1, -35
4485.3, 1, -35
4485.4, 1, -35
4485.5, 1, -35
4485.6, 1, -35
4485.7, 1, -35
4485.8, 1, -35
4485.9, 1, -35
4486, 1, -35
4486.1, 1, -35
4486.2, 1, -35
4486.3, 1, -35
4486.4, 1, -35
4486.5, 1, -35
4486.6, 1, -35
4486.7, 1, -35
4486.8, 1, -35
4486.9, 1, -35
4487, 1, -35
4487.1, 1, -35
4487.2, 1, -35
4487.3, 1, -35
4487.4, 1, -35
4487.5, 1, -35
4487.6, 1, -35
4487.7, 1, -35
4487.8, 1, -35
4487.9, 1, -36
4488, 1, -36
4488.1, 1, -36
4488.2, 1, -36
4488.3, 1, -35
4488.4, 1, -35
4488.5, 1, -35
4488.6, 1, -35
4488.7, 1, -35
4488.8, 1, -35
4488.9, 1, -35
4489, 1, -35
4489.1, 2, -35
4489.2, 2, -35
4489.3, 2, -35
4489.4, 2, -35
4489.5, 2, -35
4489.6, 2, -35
4489.7, 2, -35
4489.8, 2, -35
4489.9, 2, -35
4490, 2, -35
4490.1, 2, -35
4490.2, 2, -35
4490.3, 2, -35
4490.4, 2, -35
4490.5, 2, -35
4490.6, 2, -35
4490.7, 2, -35
4490.8, 2, -35
4490.9, 2, -35
4491, 2, -35
4491.1, 2, -36
4491.2, 2, -36
4491.3, 2, -36
4491.4, 2, -36
4491.5, 2, -36
4491.6, 2, -36
4491.7, 1, -36
4491.8, 1, -36
4491.9, 1, -36
4492, 1, -36
4492.1, 1, -36
4492.2, 1, -36
4492.3, 1, -36
4492.4, 1, -36
4492.5, 1, -36
4492.6, 1, -36
4492.7, 1, -36
4492.8, 1, -36
4492.9, 1, -36
4493, 1, -36
4493.1, 1, -36
4493.2, 1, -36
4493.3, 2, -36
4493.4, 2, -36
4493.5, 2, -36
4493.6, 2, -36
4493.7, 2, -36
4493.8, 2, -36
4493.9, 2, -36
4494, 2, -36
4494.1, 2, -36
4494.2, 2, -36
4494.3, 2, -36
4494.4, 2, -36
4494.5, 2, -36
4494.6, 2, -36
4494.7, 2, -36
4494.8, 2, -36
4494.9, 2, -36
4495, 2, -36
4495.1, 2, -36
4495.2, 2, -36
4495.3, 2, -36
4495.4, 2, -36
4495.5, 2, -36
4495.6, 2, -36
4495.7, 2, -36
4495.8, 2, -36
4495.9, 2, -36
4496, 2, -36
4496.1, 2, -36
4496.2, 2, -36
4496.3, 2, -36
4496.4, 2, -36
4496.5, 2, -36
4496.6, 2, -36
4496.7, 2, -36
4496.8, 2, -36
4496.9, 2, -36
4497, 2, -36
4497.1, 2, -36
4497.2, 2, -36
4497.3, 2, -36
4497.4, 2, -36
4497.5, 2, -36
4497.6, 2, -36
4497.7, 2, -36
4497.8, 2, -36
4497.9, 2, -36
4498, 2, -36
4498.1, 2, -36
4498.2, 2, -36
4498.3, 2, -36
4498.4, 2, -36
4498.5, 2, -36
4498.6, 2, -36
4498.7, 2, -36
4498.8, 2, -36
4498.9, 2, -36
4499, 2, -36
4499.1, 2, -36
4499.2, 2, -36
4499.3, 2, -36
4499.4, 2, -36
4499.5, 2, -36
4499.6, 2, -36
4499.7, 2, -36
4499.8, 2, -36
4499.9, 2, -36
4500, 2, -36
4500.1, 2, -36
4500.2, 2, -36
4500.3, 2, -36
4500.4, 2, -36
4500.5, 2, -36
4500.6, 2, -36
4500.7, 2, -36
4500.8, 2, -36
4500.9, 2, -36
4501, 2, -36
4501.1, 2, -36
4501.2, 2, -36
4501.3, 2, -36
4501.4, 2, -36
4501.5, 2, -36
4501.6, 2, -36
4501.7, 2, -36
4501.8, 2, -36
4501.9, 2, -36
4502, 2, -36
4502.1, 2, -36
4502.2, 2, -36
4502.3, 2, -36
4502.4, 2, -36
4502.5, 2, -36
4502.6, 2, -36
4502.7, 2, -36
4502.8, 2, -36
4502.9, 2, -36
4503, 2, -36
4503.1, 2, -36
4503.2, 2, -36
4503.3, 2, -36
4503.4, 2, -36
4503.5, 2, -36
4503.6, 2, -36
4503.7, 2, -36
4503.8, 2, -36
4503.9, 2, -37
4504, 2, -37
4504.1, 2, -37
4504.2, 2, -37
4504.3, 2, -37
4504.4, 2, -37
4504.5, 3, -37
4504.6, 3, -37
4504.7, 3, -37
4504.8, 3, -37
4504.9, 3, -37
4505, 3, -37
4505.1, 3, -37
4505.2, 3, -37
4505.3, 3, -37
4505.4, 3, -37
4505.5, 3, -37
4505.6, 3, -37
4505.7, 3, -37
4505.8, 3, -37
4505.9, 3, -37
4506, 3, -37
4506.1, 3, -37
4506.2, 3, -37
4506.3, 3, -37
4506.4, 3, -37
4506.5, 3, -37
4506.6, 3, -37
4506.7, 3, -37
4506.8, 3, -37
4506.9, 3, -37
4507, 3, -37
4507.1, 3, -37
4507.2, 3, -37
4507.3, 3, -37
4507.4, 3, -37
4507.5, 3, -37
4507.6, 3, -37
4507.7, 3, -37
4507.8, 3, -37
4507.9, 3, -37
4508, 3, -37
4508.1, 3, -37
4508.2, 3, -37
4508.3, 3, -37
4508.4, 3, -37
4508.5, 3, -37
4508.6, 3, -37
4508.7, 3, -37
4508.8, 3, -37
4508.9, 3, -37
4509, 3, -37
4509.1, 3, -37
4509.2, 3, -37
4509.3, 3, -37
4509.4, 3, -37
4509.5, 3, -37
4509.6, 3, -37
4509.7, 3, -37
4509.8, 3, -37
4509.9, 3, -37
4510, 3, -37
4510.1, 3, -37
4510.2, 3, -37
4510.3, 3, -37
4510.4, 3, -37
4510.5, 3, -37
4510.6, 3, -37
4510.7, 3, -37
4510.8, 3, -37
4510.9, 3, -37
4511, 3, -37
4511.1, 3, -37
4511.2, 3, -37
4511.3, 3, -37
4511.4, 3, -37
4511.5, 3, -37
4511.6, 3, -37
4511.7, 3, -37
4511.8, 3, -37
4511.9, 3, -37
4512, 3, -37
4512.1, 3, -37
4512.2, 3, -37
4512.3, 3, -37
4512.4, 3, -37
4512.5, 3, -37
4512.6, 3, -37
4512.7, 3, -37
4512.8, 3, -37
4512.9, 4, -37
4513, 4, -37
4513.1, 4, -37
4513.2, 4, -37
4513.3, 4, -37
4513.4, 4, -37
4513.5, 4, -37
4513.6, 4, -37
4513.7, 4, -37
4513.8, 4, -37
4513.9, 4, -37
4514, 4, -37
4514.1, 4, -37
4514.2, 4, -37
4514.3, 4, -37
4514.4, 4, -37
4514.5, 4, -37
4514.6, 4, -37
4514.7, 4, -37
4514.8, 4, -37
4514.9, 4, -37
4515, 4, -37
4515.1, 4, -38
4515.2, 4, -38
4515.3, 5, -38
4515.4, 5, -38
4515.5, 5, -38
4515.6, 5, -38
4515.7, 5, -37
4515.8, 5, -37
4515.9, 5, -37
4516, 5, -37
4516.1, 5, -37
4516.2, 5, -37
4516.3, 5, -37
4516.4, 5, -37
4516.5, 5, -37
4516.6, 5, -37
4516.7, 5, -37
4516.8, 5, -37
4516.9, 5, -37
4517, 5, -37
4517.1, 5, -37
4517.2, 5, -37
4517.3, 5, -37
4517.4, 5, -37
4517.5, 5, -37
4517.6, 5, -37
4517.7, 5, -37
4517.8, 5, -37
4517.9, 5, -38
4518, 5, -38
4518.1, 5, -38
4518.2, 5, -38
4518.3, 5, -38
4518.4, 5, -38
4518.5, 5, -38
4518.6, 5, -38
4518.7, 5, -38
4518.8, 5, -38
4518.9, 5, -38
4519, 5, -38
4519.1, 5, -38
4519.2, 5, -38
4519.3, 5, -37
4519.4, 5, -37
4519.5, 5, -37
4519.6, 5, -37
4519.7, 5, -37
4519.8, 5, -37
4519.9, 5, -37
4520, 5, -37
4520.1, 5, -37
4520.2, 5, -37
4520.3, 5, -37
4520.4, 5, -37
4520.5, 5, -37
4520.6, 5, -37
4520.7, 5, -37
4520.8, 5, -37
4520.9, 5, -37
4521, 5, -37
4521.1, 5, -37
4521.2, 5, -37
4521.3, 5, -37
4521.4, 5, -37
4521.5, 5, -37
4521.6, 5, -37
4521.7, 5, -37
4521.8, 5, -37
4521.9, 5, -37
4522, 5, -37
4522.1, 5, -37
4522.2, 5, -37
4522.3, 5, -37
4522.4, 5, -37
4522.5, 5, -37
4522.6, 5, -37
4522.7, 5, -36
4522.8, 5, -36
4522.9, 5, -36
4523, 5, -36
4523.1, 5, -35
4523.2, 5, -35
4523.3, 5, -35
4523.4, 5, -35
4523.5, 5, -35
4523.6, 5, -35
4523.7, 5, -35
4523.8, 5, -35
4523.9, 5, -35
4524, 5, -35
4524.1, 5, -34
4524.2, 5, -34
4524.3, 5, -34
4524.4, 5, -34
4524.5, 5, -34
4524.6, 5, -34
4524.7, 5, -34
4524.8, 5, -34
4524.9, 5, -34
4525, 5, -34
4525.1, 5, -34
4525.2, 5, -34
4525.3, 5, -34
4525.4, 5, -34
4525.5, 5, -34
4525.6, 5, -34
4525.7, 5, -34
4525.8, 5, -34
4525.9, 5, -33
4526, 5, -33
4526.1, 5, -33
4526.2, 5, -33
4526.3, 5, -33
4526.4, 5, -33
4526.5, 5, -33
4526.6, 5, -33
4526.7, 5, -33
4526.8, 5, -33
4526.9, 5, -33
4527, 5, -33
4527.1, 5, -33
4527.2, 5, -33
4527.3, 5, -33
4527.4, 5, -33
4527.5, 5, -33
4527.6, 5, -33
4527.7, 5, -33
4527.8, 5, -33
4527.9, 4, -33
4528, 4, -33
4528.1, 4, -33
4528.2, 4, -33
4528.3, 3, -33
4528.4, 3, -33
4528.5, 3, -33
4528.6, 3, -33
4528.7, 3, -33
4528.8, 3, -33
4528.9, 3, -33
4529, 3, -33
4529.1, 3, -33
4529.2, 3, -33
4529.3, 3, -33
4529.4, 3, -33
4529.5, 3, -33
4529.6, 3, -33
4529.7, 3, -33
4529.8, 3, -33
4529.9, 3, -33
4530, 3, -33
4530.1, 3, -33
4530.2, 3, -33
4530.3, 3, -33
4530.4, 3, -33
4530.5, 3, -33
4530.6, 3, -33
4530.7, 3, -33
4530.8, 3, -33
4530.9, 3, -33
4531, 3, -33
4531.1, 3, -33
4531.2, 3, -33
4531.3, 3, -33
4531.4, 3, -33
4531.5, 3, -33
4531.6, 3, -33
4531.7, 3, -33
4531.8, 3, -33
4531.9, 3, -33
4532, 3, -33
4532.1, 3, -33
4532.2, 3, -33
4532.3, 3, -33
4532.4, 3, -33
4532.5, 3, -33
4532.6, 3, -33
4532.7, 3, -33
4532.8, 3, -33
4532.9, 3, -33
4533, 3, -33
4533.1, 3, -33
4533.2, 3, -33
4533.3, 3, -33
4533.4, 3, -33
4533.5, 3, -33
4533.6, 3, -33
4533.7, 3, -33
4533.8, 3, -33
4533.9, 3, -33
4534, 3, -33
4534.1, 3, -33
4534.2, 3, -33
4534.3, 3, -33
4534.4, 3, -33
4534.5, 3, -33
4534.6, 3, -33
4534.7, 3, -33
4534.8, 3, -33
4534.9, 3, -33
4535, 3, -33
4535.1, 3, -33
4535.2, 3, -33
4535.3, 3, -33
4535.4, 3, -33
4535.5, 3, -33
4535.6, 3, -33
4535.7, 3, -33
4535.8, 3, -33
4535.9, 3, -33
4536, 3, -33
4536.1, 3, -33
4536.2, 3, -33
4536.3, 3, -33
4536.4, 3, -33
4536.5, 3, -33
4536.6, 3, -33
4536.7, 3, -33
4536.8, 3, -33
4536.9, 3, -33
4537, 3, -33
4537.1, 3, -33
4537.2, 3, -33
4537.3, 3, -33
4537.4, 3, -33
4537.5, 3, -33
4537.6, 3, -33
4537.7, 3, -33
4537.8, 3, -33
4537.9, 3, -33
4538, 3, -33
4538.1, 3, -33
4538.2, 3, -33
4538.3, 3, -33
4538.4, 3, -33
4538.5, 3, -33
4538.6, 3, -33
4538.7, 3, -33
4538.8, 3, -33
4538.9, 3, -33
4539, 3, -33
4539.1, 3, -33
4539.2, 3, -33
4539.3, 3, -33
4539.4, 3, -33
4539.5, 3, -33
4539.6, 3, -33
4539.7, 3, -33
4539.8, 3, -33
4539.9, 3, -33
4540, 3, -33
4540.1, 3, -33
4540.2, 3, -33
4540.3, 3, -33
4540.4, 3, -33
4540.5, 3, -33
4540.6, 3, -33
4540.7, 3, -33
4540.8, 3, -33
4540.9, 3, -33
4541, 3, -33
4541.1, 3, -33
4541.2, 3, -33
4541.3, 3, -33
4541.4, 3, -33
4541.5, 3, -33
4541.6, 3, -33
4541.7, 3, -33
4541.8, 3, -33
4541.9, 3, -33
4542, 3, -33
4542.1, 3, -33
4542.2, 3, -33
4542.3, 3, -33
4542.4, 3, -33
4542.5, 3, -33
4542.6, 3, -33
4542.7, 3, -33
4542.8, 3, -33
4542.9, 3, -32
4543, 3, -32
4543.1, 3, -32
4543.2, 3, -32
4543.3, 3, -32
4543.4, 3, -32
4543.5, 3, -32
4543.6, 3, -32
4543.7, 3, -32
4543.8, 3, -32
4543.9, 3, -32
4544, 3, -32
4544.1, 3, -33
4544.2, 3, -33
4544.3, 3, -33
4544.4, 3, -33
4544.5, 3, -33
4544.6, 3, -33
4544.7, 3, -33
4544.8, 3, -33
4544.9, 3, -33
4545, 3, -33
4545.1, 3, -33
4545.2, 3, -33
4545.3, 3, -33
4545.4, 3, -33
4545.5, 3, -33
4545.6, 3, -33
4545.7, 3, -34
4545.8, 3, -34
4545.9, 3, -34
4546, 3, -34
4546.1, 3, -34
4546.2, 3, -34
4546.3, 3, -34
4546.4, 3, -34
4546.5, 3, -34
4546.6, 3, -34
4546.7, 3, -34
4546.8, 3, -34
4546.9, 3, -34
4547, 3, -34
4547.1, 3, -34
4547.2, 3, -34
4547.3, 3, -35
4547.4, 3, -35
4547.5, 3, -36
4547.6, 3, -36
4547.7, 3, -36
4547.8, 3, -36
4547.9, 3, -36
4548, 3, -36
4548.1, 3, -36
4548.2, 3, -36
4548.3, 3, -36
4548.4, 3, -36
4548.5, 2, -36
4548.6, 2, -36
4548.7, 2, -36
4548.8, 2, -36
4548.9, 2, -36
4549, 2, -36
4549.1, 1, -36
4549.2, 1, -36
4549.3, 1, -36
4549.4, 1, -36
4549.5, 1, -36
4549.6, 1, -36
4549.7, 1, -36
4549.8, 1, -36
4549.9, 1, -36
4550, 1, -36
4550.1, 1, -36
4550.2, 1, -36
4550.3, 1, -36
4550.4, 1, -36
4550.5, 1, -36
4550.6, 1, -36
4550.7, 1, -36
4550.8, 1, -36
4550.9, 1, -36
4551, 1, -36
4551.1, 1, -36
4551.2, 1, -36
4551.3, 0, -36
4551.4, 0, -36
4551.5, 0, -36
4551.6, 0, -36
4551.7, 0, -36
4551.8, 0, -36
4551.9, 0, -36
4552, 0, -36
4552.1, 0, -36
4552.2, 0, -36
4552.3, 0, -36
4552.4, 0, -36
4552.5, 0, -36
4552.6, 0, -36
4552.7, 0, -36
4552.8, 0, -36
4552.9, 0, -36
4553, 0, -36
4553.1, 0, -36
4553.2, 0, -36
4553.3, 0, -36
4553.4, 0, -36
4553.5, 0, -36
4553.6, 0, -36
4553.7, 0, -36
4553.8, 0, -36
4553.9, 0, -36
4554, 0, -36
4554.1, 0, -36
4554.2, 0, -36
4554.3, -1, -36
4554.4, -1, -36
4554.5, -1, -36
4554.6, -1, -36
4554.7, -1, -36
4554.8, -1, -36
4554.9, -1, -36
4555, -1, -36
4555.1, -1, -36
4555.2, -1, -36
4555.3, -1, -36
4555.4, -1, -36
4555.5, -1, -36
4555.6, -1, -36
4555.7, -1, -36
4555.8, -1, -36
4555.9, -1, -35
4556, -1, -35
4556.1, -1, -35
4556.2, -1, -35
4556.3, -1, -35
4556.4, -1, -35
4556.5, -1, -36
4556.6, -1, -36
4556.7, -1, -36
4556.8, -1, -36
4556.9, -1, -36
4557, -1, -36
4557.1, -1, -36
4557.2, -1, -36
4557.3, -1, -36
4557.4, -1, -36
4557.5, -1, -36
4557.6, -1, -36
4557.7, -1, -36
4557.8, -1, -36
4557.9, -1, -36
4558, -1, -36
4558.1, -1, -36
4558.2, -1, -36
4558.3, -1, -36
4558.4, -1, -36
4558.5, -1, -36
4558.6, -1, -36
4558.7, -1, -36
4558.8, -1, -36
4558.9, -1, -36
4559, -1, -36
4559.1, -1, -36
4559.2, -1, -36
4559.3, -1, -36
4559.4, -1, -36
4559.5, -1, -36
4559.6, -1, -36
4559.7, -1, -36
4559.8, -1, -36
4559.9, -1, -36
4560, -1, -36
4560.1, -1, -36
4560.2, -1, -36
4560.3, -1, -36
4560.4, -1, -36
4560.5, -1, -36
4560.6, -1, -36
4560.7, -1, -36
4560.8, -1, -36
4560.9, -1, -36
4561, -1, -36
4561.1, -1, -37
4561.2, -1, -37
4561.3, -1, -37
4561.4, -1, -37
4561.5, -1, -37
4561.6, -1, -37
4561.7, -1, -37
4561.8, -1, -37
4561.9, -1, -37
4562, -1, -37
4562.1, -1, -37
4562.2, -1, -37
4562.3, -1, -37
4562.4, -1, -37
4562.5, -1, -37
4562.6, -1, -37
4562.7, -2, -37
4562.8, -2, -37
4562.9, -2, -37
4563, -2, -37
4563.1, -2, -37
4563.2, -2, -37
4563.3, -2, -37
4563.4, -2, -37
4563.5, -2, -37
4563.6, -2, -37
4563.7, -2, -37
4563.8, -2, -37
4563.9, -2, -37
4564, -2, -37
4564.1, -1, -37
4564.2, -1, -37
4564.3, -1, -37
4564.4, -1, -37
4564.5, -2, -37
4564.6, -2, -37
4564.7, -3, -37
4564.8, -3, -37
4564.9, -3, -37
4565, -3, -37
4565.1, -3, -37
4565.2, -3, -37
4565.3, -3, -37
4565.4, -3, -37
4565.5, -3, -37
4565.6, -3, -37
4565.7, -3, -37
4565.8, -3, -37
4565.9, -3, -37
4566, -3, -37
4566.1, -3, -37
4566.2, -3, -37
4566.3, -3, -37
4566.4, -3, -37
4566.5, -3, -37
4566.6, -3, -37
4566.7, -3, -37
4566.8, -3, -37
4566.9, -3, -37
4567, -3, -37
4567.1, -3, -37
4567.2, -3, -37
4567.3, -3, -37
4567.4, -3, -37
4567.5, -3, -37
4567.6, -3, -37
4567.7, -3, -37
4567.8, -3, -37
4567.9, -3, -37
4568, -3, -37
4568.1, -3, -37
4568.2, -3, -37
4568.3, -3, -37
4568.4, -3, -37
4568.5, -3, -37
4568.6, -3, -37
4568.7, -3, -38
4568.8, -3, -38
4568.9, -3, -38
4569, -3, -38
4569.1, -3, -38
4569.2, -3, -38
4569.3, -3, -38
4569.4, -3, -38
4569.5, -3, -38
4569.6, -3, -38
4569.7, -3, -38
4569.8, -3, -38
4569.9, -2, -38
4570, -2, -38
4570.1, -2, -38
4570.2, -2, -38
4570.3, -2, -38
4570.4, -2, -38
4570.5, -2, -38
4570.6, -2, -38
4570.7, -3, -38
4570.8, -3, -38
4570.9, -3, -38
4571, -3, -38
4571.1, -3, -38
4571.2, -3, -38
4571.3, -3, -38
4571.4, -3, -38
4571.5, -3, -38
4571.6, -3, -38
4571.7, -3, -38
4571.8, -3, -38
4571.9, -3, -38
4572, -3, -38
4572.1, -3, -38
4572.2, -3, -38
4572.3, -3, -38
4572.4, -3, -38
4572.5, -3, -38
4572.6, -3, -38
4572.7, -3, -38
4572.8, -3, -38
4572.9, -3, -38
4573, -3, -38
4573.1, -3, -38
4573.2, -3, -38
4573.3, -2, -38
4573.4, -2, -38
4573.5, -2, -38
4573.6, -2, -38
4573.7, -2, -38
4573.8, -2, -38
4573.9, -2, -38
4574, -2, -38
4574.1, -2, -39
4574.2, -2, -39
4574.3, -2, -39
4574.4, -2, -39
4574.5, -2, -39
4574.6, -2, -39
4574.7, -2, -39
4574.8, -2, -39
4574.9, -2, -39
4575, -2, -39
4575.1, -2, -39
4575.2, -2, -39
4575.3, -2, -39
4575.4, -2, -39
4575.5, -2, -39
4575.6, -2, -39
4575.7, -2, -39
4575.8, -2, -39
4575.9, -2, -39
4576, -2, -39
4576.1, -2, -39
4576.2, -2, -39
4576.3, -2, -39
4576.4, -2, -39
4576.5, -2, -39
4576.6, -2, -39
4576.7, -2, -39
4576.8, -2, -39
4576.9, -2, -39
4577, -2, -39
4577.1, -2, -39
4577.2, -2, -39
4577.3, -2, -39
4577.4, -2, -39
4577.5, -2, -39
4577.6, -2, -39
4577.7, -2, -39
4577.8, -2, -39
4577.9, -2, -39
4578, -2, -39
4578.1, -2, -39
4578.2, -2, -39
4578.3, -2, -39
4578.4, -2, -39
4578.5, -2, -39
4578.6, -2, -39
4578.7, -2, -39
4578.8, -2, -39
4578.9, -2, -39
4579, -2, -39
4579.1, -2, -39
4579.2, -2, -39
4579.3, -2, -39
4579.4, -2, -39
4579.5, -2, -39
4579.6, -2, -39
4579.7, -1, -39
4579.8, -1, -39
4579.9, -1, -39
4580, -1, -39
4580.1, -1, -39
4580.2, -1, -39
4580.3, -1, -39
4580.4, -1, -39
4580.5, -1, -39
4580.6, -1, -39
4580.7, -1, -39
4580.8, -1, -39
4580.9, -1, -39
4581, -1, -39
4581.1, -1, -39
4581.2, -1, -39
4581.3, -1, -39
4581.4, -1, -39
4581.5, -1, -39
4581.6, -1, -39
4581.7, -1, -39
4581.8, -1, -39
4581.9, -1, -39
4582, -1, -39
4582.1, -1, -39
4582.2, -1, -39
4582.3, 0, -39
4582.4, 0, -39
4582.5, 0, -39
4582.6, 0, -39
4582.7, 0, -39
4582.8, 0, -39
4582.9, 0, -39
4583, 0, -39
4583.1, 0, -39
4583.2, 0, -39
4583.3, 0, -39
4583.4, 0, -39
4583.5, 0, -39
4583.6, 0, -39
4583.7, 0, -39
4583.8, 0, -39
4583.9, 0, -39
4584, 0, -39
4584.1, 0, -39
4584.2, 0, -39
4584.3, 0, -39
4584.4, 0, -39
4584.5, 0, -39
4584.6, 0, -39
4584.7, 0, -39
4584.8, 0, -39
4584.9, 0, -39
4585, 0, -39
4585.1, 0, -39
4585.2, 0, -39
4585.3, 0, -39
4585.4, 0, -39
4585.5, 0, -39
4585.6, 0, -39
4585.7, 0, -39
4585.8, 0, -39
4585.9, 0, -39
4586, 0, -39
4586.1, 0, -39
4586.2, 0, -39
4586.3, 0, -39
4586.4, 0, -39
4586.5, 0, -39
4586.6, 0, -39
4586.7, 0, -39
4586.8, 0, -39
4586.9, 0, -39
4587, 0, -39
4587.1, 0, -39
4587.2, 0, -39
4587.3, 0, -39
4587.4, 0, -39
4587.5, 0, -39
4587.6, 0, -39
4587.7, 0, -39
4587.8, 0, -39
4587.9, 0, -40
4588, 0, -40
4588.1, 0, -40
4588.2, 0, -40
4588.3, 0, -39
4588.4, 0, -39
4588.5, 0, -39
4588.6, 0, -39
4588.7, 0, -39
4588.8, 0, -39
4588.9, 0, -39
4589, 0, -39
4589.1, 0, -39
4589.2, 0, -39
4589.3, 0, -39
4589.4, 0, -39
4589.5, 0, -39
4589.6, 0, -39
4589.7, 0, -39
4589.8, 0, -39
4589.9, 0, -39
4590, 0, -39
4590.1, 0, -39
4590.2, 0, -39
4590.3, 0, -39
4590.4, 0, -39
4590.5, 0, -39
4590.6, 0, -39
4590.7, 0, -39
4590.8, 0, -39
4590.9, 0, -39
4591, 0, -39
4591.1, 0, -39
4591.2, 0, -39
4591.3, 0, -39
4591.4, 0, -39
4591.5, 0, -39
4591.6, 0, -39
4591.7, 0, -39
4591.8, 0, -39
4591.9, 0, -39
4592, 0, -39
4592.1, 0, -39
4592.2, 0, -39
4592.3, 0, -39
4592.4, 0, -39
4592.5, -1, -39
4592.6, -1, -39
4592.7, -1, -39
4592.8, -1, -39
4592.9, -1, -40
4593, -1, -40
4593.1, -1, -40
4593.2, -1, -40
4593.3, -1, -40
4593.4, -1, -40
4593.5, -1, -40
4593.6, -1, -40
4593.7, -1, -40
4593.8, -1, -40
4593.9, -1, -40
4594, -1, -40
4594.1, -1, -40
4594.2, -1, -40
4594.3, -1, -40
4594.4, -1, -40
4594.5, -1, -40
4594.6, -1, -40
4594.7, -1, -40
4594.8, -1, -40
4594.9, -1, -40
4595, -1, -40
4595.1, -1, -40
4595.2, -1, -40
4595.3, -1, -40
4595.4, -1, -40
4595.5, -1, -40
4595.6, -1, -40
4595.7, -1, -40
4595.8, -1, -40
4595.9, 0, -40
4596, 0, -40
4596.1, 0, -40
4596.2, 0, -40
4596.3, 0, -40
4596.4, 0, -40
4596.5, 0, -40
4596.6, 0, -40
4596.7, 0, -40
4596.8, 0, -40
4596.9, 0, -40
4597, 0, -40
4597.1, 0, -40
4597.2, 0, -40
4597.3, 0, -40
4597.4, 0, -40
4597.5, 1, -40
4597.6, 1, -40
4597.7, 1, -40
4597.8, 1, -40
4597.9, 1, -40
4598, 1, -40
4598.1, 1, -40
4598.2, 1, -40
4598.3, 1, -40
4598.4, 1, -40
4598.5, 1, -40
4598.6, 1, -40
4598.7, 1, -40
4598.8, 1, -40
4598.9, 1, -40
4599, 1, -40
4599.1, 1, -40
4599.2, 1, -40
4599.3, 1, -40
4599.4, 1, -40
4599.5, 1, -40
4599.6, 1, -40
4599.7, 1, -40
4599.8, 1, -40
4599.9, 1, -40
4600, 1, -40
4600.1, 1, -40
4600.2, 1, -40
4600.3, 1, -40
4600.4, 1, -40
4600.5, 1, -40
4600.6, 1, -40
4600.7, 1, -40
4600.8, 1, -40
4600.9, 1, -40
4601, 1, -40
4601.1, 0, -40
4601.2, 0, -40
4601.3, 0, -40
4601.4, 0, -40
4601.5, 0, -40
4601.6, 0, -40
4601.7, 0, -40
4601.8, 0, -40
4601.9, 0, -40
4602, 0, -40
4602.1, 0, -40
4602.2, 0, -40
4602.3, 0, -40
4602.4, 0, -40
4602.5, 0, -40
4602.6, 0, -40
4602.7, 0, -40
4602.8, 0, -40
4602.9, 0, -41
4603, 0, -41
4603.1, 0, -41
4603.2, 0, -41
4603.3, 0, -41
4603.4, 0, -41
4603.5, 0, -41
4603.6, 0, -41
4603.7, 0, -41
4603.8, 0, -41
4603.9, 0, -41
4604, 0, -41
4604.1, 0, -41
4604.2, 0, -41
4604.3, 0, -41
4604.4, 0, -41
4604.5, 0, -41
4604.6, 0, -41
4604.7, 0, -41
4604.8, 0, -41
4604.9, 0, -41
4605, 0, -41
4605.1, 0, -41
4605.2, 0, -41
4605.3, 0, -41
4605.4, 0, -41
4605.5, 0, -41
4605.6, 0, -41
4605.7, 0, -41
4605.8, 0, -41
4605.9, 0, -41
4606, 0, -41
4606.1, 0, -41
4606.2, 0, -41
4606.3, -1, -41
4606.4, -1, -41
4606.5, -1, -41
4606.6, -1, -41
4606.7, -1, -41
4606.8, -1, -41
4606.9, -1, -41
4607, -1, -41
4607.1, -1, -41
4607.2, -1, -41
4607.3, -1, -41
4607.4, -1, -41
4607.5, -1, -41
4607.6, -1, -41
4607.7, -1, -41
4607.8, -1, -41
4607.9, -1, -41
4608, -1, -41
4608.1, -1, -41
4608.2, -1, -41
4608.3, 0, -41
4608.4, 0, -41
4608.5, 0, -41
4608.6, 0, -41
4608.7, 0, -41
4608.8, 0, -41
4608.9, 0, -41
4609, 0, -41
4609.1, 0, -41
4609.2, 0, -41
4609.3, 0, -40
4609.4, 0, -40
4609.5, 0, -40
4609.6, 0, -40
4609.7, 0, -40
4609.8, 0, -40
4609.9, 0, -40
4610, 0, -40
4610.1, 0, -40
4610.2, 0, -40
4610.3, 0, -40
4610.4, 0, -40
4610.5, 0, -40
4610.6, 0, -40
4610.7, 0, -40
4610.8, 0, -40
4610.9, 0, -40
4611, 0, -40
4611.1, 0, -40
4611.2, 0, -40
4611.3, 0, -40
4611.4, 0, -40
4611.5, 0, -40
4611.6, 0, -40
4611.7, 0, -40
4611.8, 0, -40
4611.9, 0, -40
4612, 0, -40
4612.1, 0, -39
4612.2, 0, -39
4612.3, 0, -39
4612.4, 0, -39
4612.5, 0, -39
4612.6, 0, -39
4612.7, 0, -39
4612.8, 0, -39
4612.9, 0, -39
4613, 0, -39
4613.1, 0, -39
4613.2, 0, -39
4613.3, 0, -39
4613.4, 0, -39
4613.5, 0, -39
4613.6, 0, -39
4613.7, 0, -39
4613.8, 0, -39
4613.9, 0, -39
4614, 0, -39
4614.1, 0, -39
4614.2, 0, -39
4614.3, 0, -39
4614.4, 0, -39
4614.5, 0, -39
4614.6, 0, -39
4614.7, 0, -39
4614.8, 0, -39
4614.9, 0, -39
4615, 0, -39
4615.1, 0, -39
4615.2, 0, -39
4615.3, 0, -39
4615.4, 0, -39
4615.5, 0, -39
4615.6, 0, -39
4615.7, 0, -39
4615.8, 0, -39
4615.9, 0, -39
4616, 0, -39
4616.1, 0, -39
4616.2, 0, -39
4616.3, 0, -39
4616.4, 0, -39
4616.5, 0, -39
4616.6, 0, -39
4616.7, 0, -39
4616.8, 0, -39
4616.9, 0, -39
4617, 0, -39
4617.1, 0, -39
4617.2, 0, -39
4617.3, 0, -39
4617.4, 0, -39
4617.5, 0, -39
4617.6, 0, -39
4617.7, 0, -39
4617.8, 0, -39
4617.9, 0, -39
4618, 0, -39
4618.1, 0, -39
4618.2, 0, -39
4618.3, 0, -39
4618.4, 0, -39
4618.5, 0, -39
4618.6, 0, -39
4618.7, 0, -39
4618.8, 0, -39
4618.9, 0, -39
4619, 0, -39
4619.1, 0, -39
4619.2, 0, -39
4619.3, 0, -39
4619.4, 0, -39
4619.5, 0, -39
4619.6, 0, -39
4619.7, 0, -40
4619.8, 0, -40
4619.9, 0, -39
4620, 0, -39
4620.1, 0, -39
4620.2, 0, -39
4620.3, 0, -39
4620.4, 0, -39
4620.5, 0, -39
4620.6, 0, -39
4620.7, 0, -39
4620.8, 0, -39
4620.9, 0, -39
4621, 0, -39
4621.1, 0, -39
4621.2, 0, -39
4621.3, 0, -39
4621.4, 0, -39
4621.5, 0, -39
4621.6, 0, -39
4621.7, 0, -39
4621.8, 0, -39
4621.9, 0, -39
4622, 0, -39
4622.1, 0, -39
4622.2, 0, -39
4622.3, 0, -39
4622.4, 0, -39
4622.5, 0, -39
4622.6, 0, -39
4622.7, 0, -39
4622.8, 0, -39
4622.9, 0, -39
4623, 0, -39
4623.1, 1, -39
4623.2, 1, -39
4623.3, 1, -39
4623.4, 1, -39
4623.5, 0, -39
4623.6, 0, -39
4623.7, 0, -39
4623.8, 0, -39
4623.9, 0, -39
4624, 0, -39
4624.1, 0, -39
4624.2, 0, -39
4624.3, 0, -39
4624.4, 0, -39
4624.5, 0, -39
4624.6, 0, -39
4624.7, 0, -39
4624.8, 0, -39
4624.9, 0, -39
4625, 0, -39
4625.1, 0, -39
4625.2, 0, -39
4625.3, 0, -39
4625.4, 0, -39
4625.5, 0, -39
4625.6, 0, -39
4625.7, 0, -39
4625.8, 0, -39
4625.9, 0, -39
4626, 0, -39
4626.1, 0, -39
4626.2, 0, -39
4626.3, 0, -39
4626.4, 0, -39
4626.5, 0, -39
4626.6, 0, -39
4626.7, 0, -39
4626.8, 0, -39
4626.9, 0, -39
4627, 0, -39
4627.1, 0, -39
4627.2, 0, -39
4627.3, 0, -39
4627.4, 0, -39
4627.5, 0, -40
4627.6, 0, -40
4627.7, 0, -40
4627.8, 0, -40
4627.9, 0, -40
4628, 0, -40
4628.1, 0, -40
4628.2, 0, -40
4628.3, 0, -40
4628.4, 0, -40
4628.5, 0, -40
4628.6, 0, -40
4628.7, 0, -40
4628.8, 0, -40
4628.9, 0, -40
4629, 0, -40
4629.1, 0, -40
4629.2, 0, -40
4629.3, 0, -40
4629.4, 0, -40
4629.5, 0, -40
4629.6, 0, -40
4629.7, 0, -40
4629.8, 0, -40
4629.9, 0, -40
4630, 0, -40
4630.1, 0, -40
4630.2, 0, -40
4630.3, 0, -40
4630.4, 0, -40
4630.5, 0, -40
4630.6, 0, -40
4630.7, 0, -41
4630.8, 0, -41
4630.9, 0, -41
4631, 0, -41
4631.1, 0, -41
4631.2, 0, -41
4631.3, 0, -41
4631.4, 0, -41
4631.5, 0, -41
4631.6, 0, -41
4631.7, 0, -41
4631.8, 0, -41
4631.9, 0, -41
4632, 0, -41
4632.1, 0, -41
4632.2, 0, -41
4632.3, 0, -41
4632.4, 0, -41
4632.5, 0, -42
4632.6, 0, -42
4632.7, 0, -42
4632.8, 0, -42
4632.9, 0, -42
4633, 0, -42
4633.1, 0, -42
4633.2, 0, -42
4633.3, 0, -42
4633.4, 0, -42
4633.5, 0, -42
4633.6, 0, -42
4633.7, 0, -42
4633.8, 0, -42
4633.9, 0, -42
4634, 0, -42
4634.1, 0, -42
4634.2, 0, -42
4634.3, 0, -42
4634.4, 0, -42
4634.5, 0, -42
4634.6, 0, -42
4634.7, 0, -42
4634.8, 0, -42
4634.9, 0, -42
4635, 0, -42
4635.1, 0, -42
4635.2, 0, -42
4635.3, 0, -42
4635.4, 0, -42
4635.5, 0, -42
4635.6, 0, -42
4635.7, -1, -42
4635.8, -1, -42
4635.9, -1, -42
4636, -1, -42
4636.1, -1, -42
4636.2, -1, -42
4636.3, -1, -42
4636.4, -1, -42
4636.5, -1, -42
4636.6, -1, -42
4636.7, -1, -42
4636.8, -1, -42
4636.9, -1, -42
4637, -1, -42
4637.1, -1, -42
4637.2, -1, -42
4637.3, -1, -42
4637.4, -1, -42
4637.5, -1, -42
4637.6, -1, -42
4637.7, -1, -42
4637.8, -1, -42
4637.9, -1, -42
4638, -1, -42
4638.1, -1, -42
4638.2, -1, -42
4638.3, -1, -42
4638.4, -1, -42
4638.5, -1, -42
4638.6, -1, -42
4638.7, -1, -42
4638.8, -1, -42
4638.9, -1, -42
4639, -1, -42
4639.1, -1, -42
4639.2, -1, -42
4639.3, -2, -42
4639.4, -2, -42
4639.5, -2, -42
4639.6, -2, -42
4639.7, -2, -42
4639.8, -2, -42
4639.9, -2, -42
4640, -2, -42
4640.1, -2, -42
4640.2, -2, -42
4640.3, -2, -42
4640.4, -2, -42
4640.5, -2, -42
4640.6, -2, -42
4640.7, -2, -41
4640.8, -2, -41
4640.9, -2, -41
4641, -2, -41
4641.1, -2, -41
4641.2, -2, -41
4641.3, -2, -41
4641.4, -2, -41
4641.5, -2, -41
4641.6, -2, -41
4641.7, -2, -41
4641.8, -2, -41
4641.9, -2, -41
4642, -2, -41
4642.1, -2, -41
4642.2, -2, -41
4642.3, -2, -41
4642.4, -2, -41
4642.5, -2, -40
4642.6, -2, -40
4642.7, -2, -40
4642.8, -2, -40
4642.9, -2, -41
4643, -2, -41
4643.1, -2, -41
4643.2, -2, -41
4643.3, -2, -41
4643.4, -2, -41
4643.5, -2, -41
4643.6, -2, -41
4643.7, -2, -41
4643.8, -2, -41
4643.9, -2, -42
4644, -2, -42
4644.1, -2, -42
4644.2, -2, -42
4644.3, -2, -42
4644.4, -2, -42
4644.5, -2, -42
4644.6, -2, -42
4644.7, -2, -42
4644.8, -2, -42
4644.9, -2, -42
4645, -2, -42
4645.1, -2, -42
4645.2, -2, -42
4645.3, -2, -42
4645.4, -2, -42
4645.5, -2, -42
4645.6, -2, -42
4645.7, -2, -42
4645.8, -2, -42
4645.9, -2, -42
4646, -2, -42
4646.1, -2, -42
4646.2, -2, -42
4646.3, -2, -42
4646.4, -2, -42
4646.5, -2, -42
4646.6, -2, -42
4646.7, -2, -42
4646.8, -2, -42
4646.9, -2, -42
4647, -2, -42
4647.1, -2, -42
4647.2, -2, -42
4647.3, -2, -42
4647.4, -2, -42
4647.5, -2, -42
4647.6, -2, -42
4647.7, -2, -42
4647.8, -2, -42
4647.9, -2, -42
4648, -2, -42
4648.1, -2, -42
4648.2, -2, -42
4648.3, -2, -42
4648.4, -2, -42
4648.5, -2, -42
4648.6, -2, -42
4648.7, -2, -43
4648.8, -2, -43
4648.9, -2, -43
4649, -2, -43
4649.1, -2, -43
4649.2, -2, -43
4649.3, -2, -43
4649.4, -2, -43
4649.5, -2, -43
4649.6, -2, -43
4649.7, -2, -43
4649.8, -2, -43
4649.9, -2, -43
4650, -2, -43
4650.1, -2, -43
4650.2, -2, -43
4650.3, -1, -43
4650.4, -1, -43
4650.5, -1, -43
4650.6, -1, -43
4650.7, -1, -44
4650.8, -1, -44
4650.9, -1, -44
4651, -1, -44
4651.1, -1, -44
4651.2, -1, -44
4651.3, -1, -44
4651.4, -1, -44
4651.5, 0, -44
4651.6, 0, -44
4651.7, 0, -44
4651.8, 0, -44
4651.9, 0, -44
4652, 0, -44
4652.1, 0, -44
4652.2, 0, -44
4652.3, 0, -44
4652.4, 0, -44
4652.5, 0, -44
4652.6, 0, -44
4652.7, 0, -44
4652.8, 0, -44
4652.9, 0, -44
4653, 0, -44
4653.1, 0, -44
4653.2, 0, -44
4653.3, 0, -44
4653.4, 0, -44
4653.5, 0, -44
4653.6, 0, -44
4653.7, 0, -44
4653.8, 0, -44
4653.9, 0, -45
4654, 0, -45
4654.1, 0, -45
4654.2, 0, -45
4654.3, 0, -44
4654.4, 0, -44
4654.5, -1, -44
4654.6, -1, -44
4654.7, -1, -44
4654.8, -1, -44
4654.9, -1, -44
4655, -1, -44
4655.1, -1, -44
4655.2, -1, -44
4655.3, -1, -44
4655.4, -1, -44
4655.5, -1, -44
4655.6, -1, -44
4655.7, -1, -44
4655.8, -1, -44
4655.9, -1, -44
4656, -1, -44
4656.1, -1, -44
4656.2, -1, -44
4656.3, -1, -44
4656.4, -1, -44
4656.5, -1, -44
4656.6, -1, -44
4656.7, -1, -44
4656.8, -1, -44
4656.9, -1, -44
4657, -1, -44
4657.1, -1, -44
4657.2, -1, -44
4657.3, -1, -44
4657.4, -1, -44
4657.5, -1, -43
4657.6, -1, -43
4657.7, -1, -43
4657.8, -1, -43
4657.9, -1, -43
4658, -1, -43
4658.1, -1, -43
4658.2, -1, -43
4658.3, -1, -43
4658.4, -1, -43
4658.5, -1, -43
4658.6, -1, -43
4658.7, -1, -43
4658.8, -1, -43
4658.9, -1, -43
4659, -1, -43
4659.1, -1, -43
4659.2, -1, -43
4659.3, -2, -43
4659.4, -2, -43
4659.5, -2, -43
4659.6, -2, -43
4659.7, -2, -43
4659.8, -2, -43
4659.9, -2, -43
4660, -2, -43
4660.1, -2, -43
4660.2, -2, -43
4660.3, -2, -43
4660.4, -2, -43
4660.5, -2, -43
4660.6, -2, -43
4660.7, -2, -43
4660.8, -2, -43
4660.9, -2, -43
4661, -2, -43
4661.1, -2, -43
4661.2, -2, -43
4661.3, -2, -43
4661.4, -2, -43
4661.5, -2, -43
4661.6, -2, -43
4661.7, -2, -43
4661.8, -2, -43
4661.9, -2, -43
4662, -2, -43
4662.1, -2, -43
4662.2, -2, -43
4662.3, -2, -43
4662.4, -2, -43
4662.5, -2, -43
4662.6, -2, -43
4662.7, -2, -43
4662.8, -2, -43
4662.9, -2, -43
4663, -2, -43
4663.1, -2, -43
4663.2, -2, -43
4663.3, -2, -43
4663.4, -2, -43
4663.5, -2, -43
4663.6, -2, -43
4663.7, -2, -43
4663.8, -2, -43
4663.9, -2, -43
4664, -2, -43
4664.1, -2, -43
4664.2, -2, -43
4664.3, -2, -43
4664.4, -2, -43
4664.5, -2, -43
4664.6, -2, -43
4664.7, -2, -43
4664.8, -2, -43
4664.9, -2, -43
4665, -2, -43
4665.1, -2, -43
4665.2, -2, -43
4665.3, -2, -44
4665.4, -2, -44
4665.5, -2, -44
4665.6, -2, -44
4665.7, -2, -44
4665.8, -2, -44
4665.9, -2, -44
4666, -2, -44
4666.1, -2, -44
4666.2, -2, -44
4666.3, -2, -44
4666.4, -2, -44
4666.5, -2, -44
4666.6, -2, -44
4666.7, -2, -45
4666.8, -2, -45
4666.9, -2, -45
4667, -2, -45
4667.1, -2, -45
4667.2, -2, -45
4667.3, -2, -45
4667.4, -2, -45
4667.5, -2, -45
4667.6, -2, -45
4667.7, -2, -45
4667.8, -2, -45
4667.9, -2, -46
4668, -2, -46
4668.1, -2, -46
4668.2, -2, -46
4668.3, -2, -46
4668.4, -2, -46
4668.5, -2, -46
4668.6, -2, -46
4668.7, -2, -46
4668.8, -2, -46
4668.9, -2, -46
4669, -2, -46
4669.1, -2, -46
4669.2, -2, -46
4669.3, -2, -46
4669.4, -2, -46
4669.5, -2, -46
4669.6, -2, -46
4669.7, -2, -46
4669.8, -2, -46
4669.9, -2, -46
4670, -2, -46
4670.1, -2, -46
4670.2, -2, -46
4670.3, -2, -46
4670.4, -2, -46
4670.5, -2, -46
4670.6, -2, -46
4670.7, -2, -46
4670.8, -2, -46
4670.9, -2, -46
4671, -2, -46
4671.1, -2, -46
4671.2, -2, -46
4671.3, -2, -46
4671.4, -2, -46
4671.5, -2, -46
4671.6, -2, -46
4671.7, -2, -46
4671.8, -2, -46
4671.9, -2, -46
4672, -2, -46
4672.1, -2, -46
4672.2, -2, -46
4672.3, -2, -46
4672.4, -2, -46
4672.5, -2, -46
4672.6, -2, -46
4672.7, -2, -46
4672.8, -2, -46
4672.9, -2, -46
4673, -2, -46
4673.1, -2, -46
4673.2, -2, -46
4673.3, -2, -46
4673.4, -2, -46
4673.5, -2, -46
4673.6, -2, -46
4673.7, -2, -46
4673.8, -2, -46
4673.9, -2, -46
4674, -2, -46
4674.1, -2, -46
4674.2, -2, -46
4674.3, -2, -46
4674.4, -2, -46
4674.5, -2, -46
4674.6, -2, -46
4674.7, -2, -46
4674.8, -2, -46
4674.9, -2, -46
4675, -2, -46
4675.1, -2, -46
4675.2, -2, -46
4675.3, -2, -45
4675.4, -2, -45
4675.5, -2, -45
4675.6, -2, -45
4675.7, -2, -45
4675.8, -2, -45
4675.9, -2, -45
4676, -2, -45
4676.1, -2, -44
4676.2, -2, -44
4676.3, -2, -44
4676.4, -2, -44
4676.5, -2, -44
4676.6, -2, -44
4676.7, -2, -44
4676.8, -2, -44
4676.9, -2, -44
4677, -2, -44
4677.1, -2, -44
4677.2, -2, -44
4677.3, -2, -44
4677.4, -2, -44
4677.5, -2, -44
4677.6, -2, -44
4677.7, -2, -44
4677.8, -2, -44
4677.9, -2, -44
4678, -2, -44
4678.1, -2, -44
4678.2, -2, -44
4678.3, -2, -45
4678.4, -2, -45
4678.5, -2, -45
4678.6, -2, -45
4678.7, -2, -45
4678.8, -2, -45
4678.9, -2, -45
4679, -2, -45
4679.1, -2, -45
4679.2, -2, -45
4679.3, -2, -45
4679.4, -2, -45
4679.5, -2, -45
4679.6, -2, -45
4679.7, -2, -45
4679.8, -2, -45
4679.9, -2, -45
4680, -2, -45
4680.1, -2, -45
4680.2, -2, -45
4680.3, -2, -45
4680.4, -2, -45
4680.5, -2, -45
4680.6, -2, -45
4680.7, -2, -45
4680.8, -2, -45
4680.9, -2, -45
4681, -2, -45
4681.1, -2, -45
4681.2, -2, -45
4681.3, -2, -45
4681.4, -2, -45
4681.5, -2, -44
4681.6, -2, -44
4681.7, -2, -44
4681.8, -2, -44
4681.9, -2, -44
4682, -2, -44
4682.1, -2, -44
4682.2, -2, -44
4682.3, -2, -44
4682.4, -2, -44
4682.5, -2, -44
4682.6, -2, -44
4682.7, -2, -44
4682.8, -2, -44
4682.9, -2, -44
4683, -2, -44
4683.1, -2, -44
4683.2, -2, -44
4683.3, -2, -44
4683.4, -2, -44
4683.5, -2, -44
4683.6, -2, -44
4683.7, -2, -44
4683.8, -2, -44
4683.9, -2, -44
4684, -2, -44
4684.1, -2, -44
4684.2, -2, -44
4684.3, -2, -44
4684.4, -2, -44
4684.5, -1, -44
4684.6, -1, -44
4684.7, -1, -44
4684.8, -1, -44
4684.9, -1, -44
4685, -1, -44
4685.1, -1, -44
4685.2, -1, -44
4685.3, -1, -44
4685.4, -1, -44
4685.5, -1, -44
4685.6, -1, -44
4685.7, -1, -44
4685.8, -1, -44
4685.9, -1, -44
4686, -1, -44
4686.1, -1, -44
4686.2, -1, -44
4686.3, -1, -44
4686.4, -1, -44
4686.5, -1, -44
4686.6, -1, -44
4686.7, -1, -44
4686.8, -1, -44
4686.9, -1, -44
4687, -1, -44
4687.1, -1, -44
4687.2, -1, -44
4687.3, -1, -44
4687.4, -1, -44
4687.5, -1, -44
4687.6, -1, -44
4687.7, -1, -44
4687.8, -1, -44
4687.9, -1, -44
4688, -1, -44
4688.1, -1, -44
4688.2, -1, -44
4688.3, -1, -44
4688.4, -1, -44
4688.5, -1, -44
4688.6, -1, -44
4688.7, -1, -44
4688.8, -1, -44
4688.9, -1, -44
4689, -1, -44
4689.1, -1, -44
4689.2, -1, -44
4689.3, -1, -44
4689.4, -1, -44
4689.5, -1, -44
4689.6, -1, -44
4689.7, -1, -44
4689.8, -1, -44
4689.9, -1, -44
4690, -1, -44
4690.1, -1, -44
4690.2, -1, -44
4690.3, -1, -43
4690.4, -1, -43
4690.5, -1, -43
4690.6, -1, -43
4690.7, -1, -43
4690.8, -1, -43
4690.9, -1, -43
4691, -1, -43
4691.1, -1, -43
4691.2, -1, -43
4691.3, -1, -43
4691.4, -1, -43
4691.5, -1, -43
4691.6, -1, -43
4691.7, -1, -43
4691.8, -1, -43
4691.9, -1, -43
4692, -1, -43
4692.1, -1, -42
4692.2, -1, -42
4692.3, -1, -42
4692.4, -1, -42
4692.5, -1, -42
4692.6, -1, -42
4692.7, -1, -42
4692.8, -1, -42
4692.9, -1, -42
4693, -1, -42
4693.1, -1, -42
4693.2, -1, -42
4693.3, -1, -42
4693.4, -1, -42
4693.5, -1, -42
4693.6, -1, -42
4693.7, -1, -42
4693.8, -1, -42
4693.9, -1, -42
4694, -1, -42
4694.1, -1, -41
4694.2, -1, -41
4694.3, -1, -41
4694.4, -1, -41
4694.5, -1, -41
4694.6, -1, -41
4694.7, -1, -41
4694.8, -1, -41
4694.9, -1, -41
4695, -1, -41
4695.1, -1, -41
4695.2, -1, -41
4695.3, -1, -41
4695.4, -1, -41
4695.5, -1, -41
4695.6, -1, -41
4695.7, -1, -41
4695.8, -1, -41
4695.9, -1, -41
4696, -1, -41
4696.1, -1, -41
4696.2, -1, -41
4696.3, -1, -41
4696.4, -1, -41
4696.5, -1, -41
4696.6, -1, -41
4696.7, -1, -41
4696.8, -1, -41
4696.9, -1, -41
4697, -1, -41
4697.1, -1, -41
4697.2, -1, -41
4697.3, -1, -41
4697.4, -1, -41
4697.5, -1, -41
4697.6, -1, -41
4697.7, -1, -41
4697.8, -1, -41
4697.9, -1, -41
4698, -1, -41
4698.1, -1, -41
4698.2, -1, -41
4698.3, -1, -41
4698.4, -1, -41
4698.5, -1, -41
4698.6, -1, -41
4698.7, -1, -41
4698.8, -1, -41
4698.9, -1, -41
4699, -1, -41
4699.1, -1, -41
4699.2, -1, -41
4699.3, -1, -41
4699.4, -1, -41
4699.5, -1, -41
4699.6, -1, -41
4699.7, -1, -41
4699.8, -1, -41
4699.9, -1, -41
4700, -1, -41
4700.1, -1, -41
4700.2, -1, -41
4700.3, -1, -41
4700.4, -1, -41
4700.5, -1, -41
4700.6, -1, -41
4700.7, -1, -41
4700.8, -1, -41
4700.9, -2, -41
4701, -2, -41
4701.1, -2, -41
4701.2, -2, -41
4701.3, -2, -41
4701.4, -2, -41
4701.5, -2, -41
4701.6, -2, -41
4701.7, -2, -41
4701.8, -2, -41
4701.9, -2, -41
4702, -2, -41
4702.1, -2, -41
4702.2, -2, -41
4702.3, -2, -41
4702.4, -2, -41
4702.5, -2, -41
4702.6, -2, -41
4702.7, -2, -41
4702.8, -2, -41
4702.9, -2, -41
4703, -2, -41
4703.1, -2, -41
4703.2, -2, -41
4703.3, -2, -41
4703.4, -2, -41
4703.5, -2, -41
4703.6, -2, -41
4703.7, -2, -41
4703.8, -2, -41
4703.9, -2, -41
4704, -2, -41
4704.1, -2, -41
4704.2, -2, -41
4704.3, -2, -41
4704.4, -2, -41
4704.5, -2, -41
4704.6, -2, -41
4704.7, -2, -41
4704.8, -2, -41
4704.9, -2, -41
4705, -2, -41
4705.1, -2, -41
4705.2, -2, -41
4705.3, -2, -41
4705.4, -2, -41
4705.5, -2, -41
4705.6, -2, -41
4705.7, -2, -41
4705.8, -2, -41
4705.9, -2, -41
4706, -2, -41
4706.1, -2, -41
4706.2, -2, -41
4706.3, -1, -41
4706.4, -1, -41
4706.5, -1, -41
4706.6, -1, -41
4706.7, -1, -41
4706.8, -1, -41
4706.9, -1, -41
4707, -1, -41
4707.1, -1, -41
4707.2, -1, -41
4707.3, -1, -41
4707.4, -1, -41
4707.5, -1, -41
4707.6, -1, -41
4707.7, -1, -41
4707.8, -1, -41
4707.9, -1, -41
4708, -1, -41
4708.1, -1, -41
4708.2, -1, -41
4708.3, -1, -41
4708.4, -1, -41
4708.5, -1, -41
4708.6, -1, -41
4708.7, -1, -41
4708.8, -1, -41
4708.9, -1, -41
4709, -1, -41
4709.1, -1, -41
4709.2, -1, -41
4709.3, -1, -41
4709.4, -1, -41
4709.5, -1, -41
4709.6, -1, -41
4709.7, -1, -41
4709.8, -1, -41
4709.9, -1, -42
4710, -1, -42
4710.1, -1, -42
4710.2, -1, -42
4710.3, -1, -42
4710.4, -1, -42
4710.5, -1, -42
4710.6, -1, -42
4710.7, -1, -41
4710.8, -1, -41
4710.9, -1, -40
4711, -1, -40
4711.1, -1, -39
4711.2, -1, -39
4711.3, -1, -40
4711.4, -1, -40
4711.5, -1, -40
4711.6, -1, -40
4711.7, -1, -40
4711.8, -1, -40
4711.9, -1, -40
4712, -1, -40
4712.1, -1, -40
4712.2, -1, -40
4712.3, -1, -40
4712.4, -1, -40
4712.5, -1, -40
4712.6, -1, -40
4712.7, -1, -40
4712.8, -1, -40
4712.9, -1, -40
4713, -1, -40
4713.1, -1, -40
4713.2, -1, -40
4713.3, -1, -40
4713.4, -1, -40
4713.5, -1, -40
4713.6, -1, -40
4713.7, -1, -40
4713.8, -1, -40
4713.9, -1, -40
4714, -1, -40
4714.1, -1, -40
4714.2, -1, -40
4714.3, -1, -40
4714.4, -1, -40
4714.5, -1, -40
4714.6, -1, -40
4714.7, -1, -40
4714.8, -1, -40
4714.9, -1, -40
4715, -1, -40
4715.1, -1, -40
4715.2, -1, -40
4715.3, -1, -40
4715.4, -1, -40
4715.5, -1, -40
4715.6, -1, -40
4715.7, -1, -40
4715.8, -1, -40
4715.9, -2, -40
4716, -2, -40
4716.1, -2, -40
4716.2, -2, -40
4716.3, -2, -40
4716.4, -2, -40
4716.5, -2, -40
4716.6, -2, -40
4716.7, -2, -40
4716.8, -2, -40
4716.9, -2, -40
4717, -2, -40
4717.1, -2, -40
4717.2, -2, -40
4717.3, -2, -40
4717.4, -2, -40
4717.5, -2, -40
4717.6, -2, -40
4717.7, -2, -40
4717.8, -2, -40
4717.9, -2, -40
4718, -2, -40
4718.1, -2, -40
4718.2, -2, -40
4718.3, -2, -40
4718.4, -2, -40
4718.5, -2, -40
4718.6, -2, -40
4718.7, -2, -40
4718.8, -2, -40
4718.9, -2, -40
4719, -2, -40
4719.1, -2, -40
4719.2, -2, -40
4719.3, -2, -40
4719.4, -2, -40
4719.5, -2, -40
4719.6, -2, -40
4719.7, -2, -40
4719.8, -2, -40
4719.9, -2, -40
4720, -2, -40
4720.1, -2, -40
4720.2, -2, -40
4720.3, -2, -40
4720.4, -2, -40
4720.5, -2, -40
4720.6, -2, -40
4720.7, -2, -40
4720.8, -2, -40
4720.9, -2, -40
4721, -2, -40
4721.1, -2, -39
4721.2, -2, -39
4721.3, -2, -39
4721.4, -2, -39
4721.5, -2, -40
4721.6, -2, -40
4721.7, -2, -40
4721.8, -2, -40
4721.9, -2, -40
4722, -2, -40
4722.1, -2, -40
4722.2, -2, -40
4722.3, -2, -40
4722.4, -2, -40
4722.5, -2, -40
4722.6, -2, -40
4722.7, -2, -40
4722.8, -2, -40
4722.9, -2, -40
4723, -2, -40
4723.1, -2, -40
4723.2, -2, -40
4723.3, -2, -40
4723.4, -2, -40
4723.5, -2, -40
4723.6, -2, -40
4723.7, -2, -40
4723.8, -2, -40
4723.9, -2, -40
4724, -2, -40
4724.1, -2, -40
4724.2, -2, -40
4724.3, -2, -40
4724.4, -2, -40
4724.5, -2, -40
4724.6, -2, -40
4724.7, -3, -40
4724.8, -3, -40
4724.9, -3, -40
4725, -3, -40
4725.1, -3, -40
4725.2, -3, -40
4725.3, -3, -40
4725.4, -3, -40
4725.5, -3, -40
4725.6, -3, -40
4725.7, -3, -40
4725.8, -3, -40
4725.9, -3, -40
4726, -3, -40
4726.1, -3, -40
4726.2, -3, -40
4726.3, -3, -40
4726.4, -3, -40
4726.5, -3, -40
4726.6, -3, -40
4726.7, -3, -40
4726.8, -3, -40
4726.9, -3, -40
4727, -3, -40
4727.1, -3, -40
4727.2, -3, -40
4727.3, -3, -40
4727.4, -3, -40
4727.5, -3, -40
4727.6, -3, -40
4727.7, -3, -40
4727.8, -3, -40
4727.9, -3, -40
4728, -3, -40
4728.1, -3, -41
4728.2, -3, -41
4728.3, -4, -41
4728.4, -4, -41
4728.5, -4, -41
4728.6, -4, -41
4728.7, -4, -41
4728.8, -4, -41
4728.9, -4, -41
4729, -4, -41
4729.1, -4, -41
4729.2, -4, -41
4729.3, -4, -41
4729.4, -4, -41
4729.5, -4, -41
4729.6, -4, -41
4729.7, -4, -41
4729.8, -4, -41
4729.9, -4, -40
4730, -4, -40
4730.1, -4, -40
4730.2, -4, -40
4730.3, -4, -40
4730.4, -4, -40
4730.5, -4, -40
4730.6, -4, -40
4730.7, -4, -40
4730.8, -4, -40
4730.9, -4, -41
4731, -4, -41
4731.1, -4, -41
4731.2, -4, -41
4731.3, -4, -41
4731.4, -4, -41
4731.5, -4, -41
4731.6, -4, -41
4731.7, -4, -41
4731.8, -4, -41
4731.9, -4, -41
4732, -4, -41
4732.1, -4, -41
4732.2, -4, -41
4732.3, -4, -41
4732.4, -4, -41
4732.5, -4, -42
4732.6, -4, -42
4732.7, -4, -42
4732.8, -4, -42
4732.9, -4, -42
4733, -4, -42
4733.1, -4, -42
4733.2, -4, -42
4733.3, -4, -42
4733.4, -4, -42
4733.5, -4, -42
4733.6, -4, -42
4733.7, -4, -42
4733.8, -4, -42
4733.9, -4, -42
4734, -4, -42
4734.1, -4, -42
4734.2, -4, -42
4734.3, -4, -42
4734.4, -4, -42
4734.5, -4, -42
4734.6, -4, -42
4734.7, -4, -42
4734.8, -4, -42
4734.9, -4, -42
4735, -4, -42
4735.1, -4, -42
4735.2, -4, -42
4735.3, -4, -42
4735.4, -4, -42
4735.5, -4, -42
4735.6, -4, -42
4735.7, -4, -42
4735.8, -4, -42
4735.9, -4, -42
4736, -4, -42
4736.1, -4, -42
4736.2, -4, -42
4736.3, -4, -42
4736.4, -4, -42
4736.5, -4, -42
4736.6, -4, -42
4736.7, -4, -42
4736.8, -4, -42
4736.9, -4, -42
4737, -4, -42
4737.1, -4, -42
4737.2, -4, -42
4737.3, -4, -42
4737.4, -4, -42
4737.5, -4, -42
4737.6, -4, -42
4737.7, -4, -42
4737.8, -4, -42
4737.9, -4, -42
4738, -4, -42
4738.1, -4, -42
4738.2, -4, -42
4738.3, -4, -42
4738.4, -4, -42
4738.5, -4, -42
4738.6, -4, -42
4738.7, -4, -42
4738.8, -4, -42
4738.9, -4, -42
4739, -4, -42
4739.1, -4, -42
4739.2, -4, -42
4739.3, -4, -42
4739.4, -4, -42
4739.5, -4, -42
4739.6, -4, -42
4739.7, -4, -42
4739.8, -4, -42
4739.9, -4, -43
4740, -4, -43
4740.1, -4, -43
4740.2, -4, -43
4740.3, -4, -43
4740.4, -4, -43
4740.5, -4, -42
4740.6, -4, -42
4740.7, -4, -42
4740.8, -4, -42
4740.9, -4, -42
4741, -4, -42
4741.1, -4, -42
4741.2, -4, -42
4741.3, -4, -42
4741.4, -4, -42
4741.5, -4, -42
4741.6, -4, -42
4741.7, -4, -42
4741.8, -4, -42
4741.9, -4, -42
4742, -4, -42
4742.1, -4, -42
4742.2, -4, -42
4742.3, -3, -42
4742.4, -3, -42
4742.5, -3, -42
4742.6, -3, -42
4742.7, -3, -42
4742.8, -3, -42
4742.9, -3, -42
4743, -3, -42
4743.1, -2, -42
4743.2, -2, -42
4743.3, -2, -42
4743.4, -2, -42
4743.5, -2, -42
4743.6, -2, -42
4743.7, -2, -42
4743.8, -2, -42
4743.9, -2, -42
4744, -2, -42
4744.1, -3, -42
4744.2, -3, -42
4744.3, -3, -42
4744.4, -3, -42
4744.5, -3, -42
4744.6, -3, -42
4744.7, -4, -42
4744.8, -4, -42
4744.9, -3, -42
4745, -3, -42
4745.1, -3, -42
4745.2, -3, -42
4745.3, -3, -42
4745.4, -3, -42
4745.5, -3, -42
4745.6, -3, -42
4745.7, -3, -42
4745.8, -3, -42
4745.9, -3, -42
4746, -3, -42
4746.1, -3, -42
4746.2, -3, -42
4746.3, -3, -42
4746.4, -3, -42
4746.5, -3, -42
4746.6, -3, -42
4746.7, -3, -42
4746.8, -3, -42
4746.9, -3, -42
4747, -3, -42
4747.1, -3, -42
4747.2, -3, -42
4747.3, -3, -42
4747.4, -3, -42
4747.5, -3, -42
4747.6, -3, -42
4747.7, -3, -42
4747.8, -3, -42
4747.9, -3, -42
4748, -3, -42
4748.1, -3, -42
4748.2, -3, -42
4748.3, -3, -42
4748.4, -3, -42
4748.5, -3, -42
4748.6, -3, -42
4748.7, -3, -42
4748.8, -3, -42
4748.9, -3, -42
4749, -3, -42
4749.1, -3, -42
4749.2, -3, -42
4749.3, -3, -42
4749.4, -3, -42
4749.5, -3, -42
4749.6, -3, -42
4749.7, -3, -42
4749.8, -3, -42
4749.9, -3, -42
4750, -3, -42
4750.1, -3, -42
4750.2, -3, -42
4750.3, -3, -42
4750.4, -3, -42
4750.5, -3, -42
4750.6, -3, -42
4750.7, -3, -42
4750.8, -3, -42
4750.9, -3, -42
4751, -3, -42
4751.1, -3, -42
4751.2, -3, -42
4751.3, -3, -42
4751.4, -3, -42
4751.5, -3, -42
4751.6, -3, -42
4751.7, -3, -42
4751.8, -3, -42
4751.9, -3, -42
4752, -3, -42
4752.1, -3, -42
4752.2, -3, -42
4752.3, -3, -42
4752.4, -3, -42
4752.5, -3, -42
4752.6, -3, -42
4752.7, -3, -42
4752.8, -3, -42
4752.9, -3, -42
4753, -3, -42
4753.1, -3, -42
4753.2, -3, -42
4753.3, -3, -42
4753.4, -3, -42
4753.5, -2, -42
4753.6, -2, -42
4753.7, -2, -42
4753.8, -2, -42
4753.9, -2, -42
4754, -2, -42
4754.1, -2, -42
4754.2, -2, -42
4754.3, -2, -42
4754.4, -2, -42
4754.5, -2, -42
4754.6, -2, -42
4754.7, -2, -42
4754.8, -2, -42
4754.9, -2, -42
4755, -2, -42
4755.1, -2, -42
4755.2, -2, -42
4755.3, -2, -42
4755.4, -2, -42
4755.5, -2, -42
4755.6, -2, -42
4755.7, -2, -42
4755.8, -2, -42
4755.9, -2, -42
4756, -2, -42
4756.1, -2, -42
4756.2, -2, -42
4756.3, -2, -42
4756.4, -2, -42
4756.5, -1, -42
4756.6, -1, -42
4756.7, -1, -41
4756.8, -1, -41
4756.9, -1, -41
4757, -1, -41
4757.1, -1, -41
4757.2, -1, -41
4757.3, -1, -41
4757.4, -1, -41
4757.5, -1, -41
4757.6, -1, -41
4757.7, -1, -41
4757.8, -1, -41
4757.9, -1, -41
4758, -1, -41
4758.1, -1, -41
4758.2, -1, -41
4758.3, -1, -41
4758.4, -1, -41
4758.5, -1, -41
4758.6, -1, -41
4758.7, -1, -41
4758.8, -1, -41
4758.9, -1, -41
4759, -1, -41
4759.1, -1, -41
4759.2, -1, -41
4759.3, -1, -41
4759.4, -1, -41
4759.5, -1, -41
4759.6, -1, -41
4759.7, -1, -41
4759.8, -1, -41
4759.9, -1, -41
4760, -1, -41
4760.1, -1, -41
4760.2, -1, -41
4760.3, -2, -41
4760.4, -2, -41
4760.5, -2, -41
4760.6, -2, -41
4760.7, -2, -41
4760.8, -2, -41
4760.9, -3, -41
4761, -3, -41
4761.1, -3, -41
4761.2, -3, -41
4761.3, -3, -41
4761.4, -3, -41
4761.5, -3, -41
4761.6, -3, -41
4761.7, -3, -41
4761.8, -3, -41
4761.9, -3, -41
4762, -3, -41
4762.1, -3, -41
4762.2, -3, -41
4762.3, -3, -41
4762.4, -3, -41
4762.5, -3, -41
4762.6, -3, -41
4762.7, -3, -41
4762.8, -3, -41
4762.9, -3, -41
4763, -3, -41
4763.1, -3, -41
4763.2, -3, -41
4763.3, -3, -41
4763.4, -3, -41
4763.5, -3, -41
4763.6, -3, -41
4763.7, -3, -42
4763.8, -3, -42
4763.9, -3, -42
4764, -3, -42
4764.1, -3, -43
4764.2, -3, -43
4764.3, -3, -43
4764.4, -3, -43
4764.5, -3, -43
4764.6, -3, -43
4764.7, -3, -43
4764.8, -3, -43
4764.9, -3, -43
4765, -3, -43
4765.1, -3, -43
4765.2, -3, -43
4765.3, -3, -43
4765.4, -3, -43
4765.5, -3, -43
4765.6, -3, -43
4765.7, -3, -43
4765.8, -3, -43
4765.9, -3, -43
4766, -3, -43
4766.1, -3, -43
4766.2, -3, -43
4766.3, -3, -43
4766.4, -3, -43
4766.5, -3, -43
4766.6, -3, -43
4766.7, -3, -43
4766.8, -3, -43
4766.9, -3, -43
4767, -3, -43
4767.1, -3, -43
4767.2, -3, -43
4767.3, -3, -42
4767.4, -3, -42
4767.5, -3, -42
4767.6, -3, -42
4767.7, -3, -42
4767.8, -3, -42
4767.9, -3, -42
4768, -3, -42
4768.1, -3, -42
4768.2, -3, -42
4768.3, -3, -42
4768.4, -3, -42
4768.5, -3, -42
4768.6, -3, -42
4768.7, -3, -42
4768.8, -3, -42
4768.9, -3, -43
4769, -3, -43
4769.1, -3, -43
4769.2, -3, -43
4769.3, -3, -43
4769.4, -3, -43
4769.5, -3, -43
4769.6, -3, -43
4769.7, -3, -43
4769.8, -3, -43
4769.9, -3, -43
4770, -3, -43
4770.1, -3, -43
4770.2, -3, -43
4770.3, -3, -43
4770.4, -3, -43
4770.5, -3, -43
4770.6, -3, -43
4770.7, -3, -43
4770.8, -3, -43
4770.9, -3, -43
4771, -3, -43
4771.1, -3, -43
4771.2, -3, -43
4771.3, -3, -43
4771.4, -3, -43
4771.5, -3, -43
4771.6, -3, -43
4771.7, -3, -43
4771.8, -3, -43
4771.9, -3, -43
4772, -3, -43
4772.1, -3, -43
4772.2, -3, -43
4772.3, -3, -43
4772.4, -3, -43
4772.5, -3, -43
4772.6, -3, -43
4772.7, -3, -43
4772.8, -3, -43
4772.9, -3, -43
4773, -3, -43
4773.1, -3, -43
4773.2, -3, -43
4773.3, -3, -43
4773.4, -3, -43
4773.5, -3, -43
4773.6, -3, -43
4773.7, -3, -43
4773.8, -3, -43
4773.9, -3, -43
4774, -3, -43
4774.1, -3, -43
4774.2, -3, -43
4774.3, -3, -43
4774.4, -3, -43
4774.5, -3, -43
4774.6, -3, -43
4774.7, -3, -43
4774.8, -3, -43
4774.9, -3, -43
4775, -3, -43
4775.1, -3, -43
4775.2, -3, -43
4775.3, -3, -43
4775.4, -3, -43
4775.5, -3, -43
4775.6, -3, -43
4775.7, -3, -43
4775.8, -3, -43
4775.9, -3, -43
4776, -3, -43
4776.1, -3, -43
4776.2, -3, -43
4776.3, -3, -43
4776.4, -3, -43
4776.5, -3, -43
4776.6, -3, -43
4776.7, -3, -43
4776.8, -3, -43
4776.9, -3, -43
4777, -3, -43
4777.1, -3, -43
4777.2, -3, -43
4777.3, -3, -43
4777.4, -3, -43
4777.5, -3, -43
4777.6, -3, -43
4777.7, -3, -43
4777.8, -3, -43
4777.9, -3, -43
4778, -3, -43
4778.1, -3, -43
4778.2, -3, -43
4778.3, -3, -43
4778.4, -3, -43
4778.5, -3, -44
4778.6, -3, -44
4778.7, -3, -44
4778.8, -3, -44
4778.9, -3, -44
4779, -3, -44
4779.1, -3, -44
4779.2, -3, -44
4779.3, -3, -44
4779.4, -3, -44
4779.5, -3, -44
4779.6, -3, -44
4779.7, -3, -44
4779.8, -3, -44
4779.9, -3, -44
4780, -3, -44
4780.1, -3, -44
4780.2, -3, -44
4780.3, -3, -44
4780.4, -3, -44
4780.5, -3, -44
4780.6, -3, -44
4780.7, -3, -44
4780.8, -3, -44
4780.9, -3, -44
4781, -3, -44
4781.1, -4, -44
4781.2, -4, -44
4781.3, -5, -44
4781.4, -5, -44
4781.5, -5, -45
4781.6, -5, -45
4781.7, -5, -45
4781.8, -5, -45
4781.9, -5, -45
4782, -5, -45
4782.1, -6, -45
4782.2, -6, -45
4782.3, -6, -45
4782.4, -6, -45
4782.5, -6, -45
4782.6, -6, -45
4782.7, -6, -45
4782.8, -6, -45
4782.9, -6, -45
4783, -6, -45
4783.1, -6, -45
4783.2, -6, -45
4783.3, -6, -45
4783.4, -6, -45
4783.5, -6, -45
4783.6, -6, -45
4783.7, -6, -45
4783.8, -6, -45
4783.9, -6, -45
4784, -6, -45
4784.1, -6, -45
4784.2, -6, -45
4784.3, -6, -45
4784.4, -6, -45
4784.5, -6, -45
4784.6, -6, -45
4784.7, -5, -45
4784.8, -5, -45
4784.9, -5, -45
4785, -5, -45
4785.1, -5, -45
4785.2, -5, -45
4785.3, -5, -45
4785.4, -5, -45
4785.5, -5, -45
4785.6, -5, -45
4785.7, -5, -45
4785.8, -5, -45
4785.9, -5, -44
4786, -5, -44
4786.1, -5, -44
4786.2, -5, -44
4786.3, -4, -44
4786.4, -4, -44
4786.5, -4, -44
4786.6, -4, -44
4786.7, -4, -44
4786.8, -4, -44
4786.9, -4, -44
4787, -4, -44
4787.1, -4, -44
4787.2, -4, -44
4787.3, -4, -44
4787.4, -4, -44
4787.5, -4, -44
4787.6, -4, -44
4787.7, -4, -45
4787.8, -4, -45
4787.9, -4, -45
4788, -4, -45
4788.1, -4, -45
4788.2, -4, -45
4788.3, -4, -44
4788.4, -4, -44
4788.5, -4, -44
4788.6, -4, -44
4788.7, -4, -44
4788.8, -4, -44
4788.9, -4, -45
4789, -4, -45
4789.1, -4, -45
4789.2, -4, -45
4789.3, -4, -45
4789.4, -4, -45
4789.5, -4, -45
4789.6, -4, -45
4789.7, -4, -45
4789.8, -4, -45
4789.9, -4, -45
4790, -4, -45
4790.1, -4, -46
4790.2, -4, -46
4790.3, -4, -46
4790.4, -4, -46
4790.5, -4, -46
4790.6, -4, -46
4790.7, -4, -46
4790.8, -4, -46
4790.9, -4, -46
4791, -4, -46
4791.1, -4, -46
4791.2, -4, -46
4791.3, -4, -46
4791.4, -4, -46
4791.5, -4, -46
4791.6, -4, -46
4791.7, -4, -46
4791.8, -4, -46
4791.9, -4, -46
4792, -4, -46
4792.1, -5, -46
4792.2, -5, -46
4792.3, -5, -46
4792.4, -5, -46
4792.5, -5, -46
4792.6, -5, -46
4792.7, -5, -46
4792.8, -5, -46
4792.9, -5, -46
4793, -5, -46
4793.1, -5, -46
4793.2, -5, -46
4793.3, -5, -46
4793.4, -5, -46
4793.5, -5, -46
4793.6, -5, -46
4793.7, -5, -46
4793.8, -5, -46
4793.9, -5, -46
4794, -5, -46
4794.1, -5, -47
4794.2, -5, -47
4794.3, -6, -47
4794.4, -6, -47
4794.5, -6, -47
4794.6, -6, -47
4794.7, -6, -47
4794.8, -6, -47
4794.9, -6, -47
4795, -6, -47
4795.1, -6, -47
4795.2, -6, -47
4795.3, -6, -47
4795.4, -6, -47
4795.5, -6, -47
4795.6, -6, -47
4795.7, -6, -47
4795.8, -6, -47
4795.9, -6, -47
4796, -6, -47
4796.1, -6, -47
4796.2, -6, -47
4796.3, -6, -48
4796.4, -6, -48
4796.5, -6, -48
4796.6, -6, -48
4796.7, -6, -49
4796.8, -6, -49
4796.9, -6, -49
4797, -6, -49
4797.1, -6, -49
4797.2, -6, -49
4797.3, -6, -48
4797.4, -6, -48
4797.5, -6, -48
4797.6, -6, -48
4797.7, -6, -48
4797.8, -6, -48
4797.9, -6, -48
4798, -6, -48
4798.1, -6, -48
4798.2, -6, -48
4798.3, -6, -48
4798.4, -6, -48
4798.5, -6, -48
4798.6, -6, -48
4798.7, -6, -48
4798.8, -6, -48
4798.9, -6, -48
4799, -6, -48
4799.1, -6, -48
4799.2, -6, -48
4799.3, -6, -48
4799.4, -6, -48
4799.5, -6, -48
4799.6, -6, -48
4799.7, -6, -48
4799.8, -6, -48
4799.9, -6, -48
4800, -6, -48
4800.1, -6, -48
4800.2, -6, -48
4800.3, -6, -48
4800.4, -6, -48
4800.5, -6, -48
4800.6, -6, -48
4800.7, -6, -48
4800.8, -6, -48
4800.9, -6, -48
4801, -6, -48
4801.1, -6, -48
4801.2, -6, -48
4801.3, -7, -48
4801.4, -7, -48
4801.5, -7, -48
4801.6, -7, -48
4801.7, -7, -48
4801.8, -7, -48
4801.9, -7, -48
4802, -7, -48
4802.1, -7, -48
4802.2, -7, -48
4802.3, -7, -48
4802.4, -7, -48
4802.5, -7, -48
4802.6, -7, -48
4802.7, -7, -48
4802.8, -7, -48
4802.9, -7, -48
4803, -7, -48
4803.1, -7, -48
4803.2, -7, -48
4803.3, -7, -48
4803.4, -7, -48
4803.5, -7, -48
4803.6, -7, -48
4803.7, -8, -48
4803.8, -8, -48
4803.9, -8, -48
4804, -8, -48
4804.1, -7, -48
4804.2, -7, -48
4804.3, -7, -48
4804.4, -7, -48
4804.5, -7, -47
4804.6, -7, -47
4804.7, -7, -47
4804.8, -7, -47
4804.9, -7, -47
4805, -7, -47
4805.1, -7, -47
4805.2, -7, -47
4805.3, -7, -47
4805.4, -7, -47
4805.5, -7, -47
4805.6, -7, -47
4805.7, -7, -47
4805.8, -7, -47
4805.9, -7, -47
4806, -7, -47
4806.1, -7, -47
4806.2, -7, -47
4806.3, -7, -47
4806.4, -7, -47
4806.5, -7, -47
4806.6, -7, -47
4806.7, -7, -47
4806.8, -7, -47
4806.9, -7, -47
4807, -7, -47
4807.1, -7, -47
4807.2, -7, -47
4807.3, -7, -47
4807.4, -7, -47
4807.5, -7, -47
4807.6, -7, -47
4807.7, -7, -47
4807.8, -7, -47
4807.9, -7, -47
4808, -7, -47
4808.1, -8, -47
4808.2, -8, -47
4808.3, -8, -47
4808.4, -8, -47
4808.5, -8, -47
4808.6, -8, -47
4808.7, -8, -47
4808.8, -8, -47
4808.9, -8, -47
4809, -8, -47
4809.1, -8, -47
4809.2, -8, -47
4809.3, -8, -47
4809.4, -8, -47
4809.5, -8, -47
4809.6, -8, -47
4809.7, -9, -47
4809.8, -9, -47
4809.9, -9, -47
4810, -9, -47
4810.1, -9, -48
4810.2, -9, -48
4810.3, -9, -48
4810.4, -9, -48
4810.5, -9, -48
4810.6, -9, -48
4810.7, -9, -48
4810.8, -9, -48
4810.9, -9, -48
4811, -9, -48
4811.1, -9, -48
4811.2, -9, -48
4811.3, -9, -48
4811.4, -9, -48
4811.5, -10, -48
4811.6, -10, -48
4811.7, -10, -48
4811.8, -10, -48
4811.9, -10, -48
4812, -10, -48
4812.1, -10, -48
4812.2, -10, -48
4812.3, -10, -49
4812.4, -10, -49
4812.5, -10, -49
4812.6, -10, -49
4812.7, -10, -49
4812.8, -10, -49
4812.9, -10, -49
4813, -10, -49
4813.1, -10, -49
4813.2, -10, -49
4813.3, -10, -49
4813.4, -10, -49
4813.5, -10, -49
4813.6, -10, -49
4813.7, -10, -49
4813.8, -10, -49
4813.9, -10, -49
4814, -10, -49
4814.1, -10, -49
4814.2, -10, -49
4814.3, -10, -49
4814.4, -10, -49
4814.5, -10, -50
4814.6, -10, -50
4814.7, -10, -50
4814.8, -10, -50
4814.9, -10, -50
4815, -10, -50
4815.1, -10, -49
4815.2, -10, -49
4815.3, -9, -49
4815.4, -9, -49
4815.5, -9, -49
4815.6, -9, -49
4815.7, -8, -49
4815.8, -8, -49
4815.9, -8, -49
4816, -8, -49
4816.1, -8, -48
4816.2, -8, -48
4816.3, -8, -48
4816.4, -8, -48
4816.5, -8, -48
4816.6, -8, -48
4816.7, -8, -48
4816.8, -8, -48
4816.9, -8, -48
4817, -8, -48
4817.1, -8, -48
4817.2, -8, -48
4817.3, -8, -48
4817.4, -8, -48
4817.5, -8, -48
4817.6, -8, -48
4817.7, -8, -48
4817.8, -8, -48
4817.9, -8, -48
4818, -8, -48
4818.1, -8, -48
4818.2, -8, -48
4818.3, -8, -48
4818.4, -8, -48
4818.5, -8, -48
4818.6, -8, -48
4818.7, -8, -48
4818.8, -8, -48
4818.9, -8, -48
4819, -8, -48
4819.1, -8, -48
4819.2, -8, -48
4819.3, -8, -48
4819.4, -8, -48
4819.5, -8, -48
4819.6, -8, -48
4819.7, -7, -48
4819.8, -7, -48
4819.9, -7, -47
4820, -7, -47
4820.1, -7, -47
4820.2, -7, -47
4820.3, -7, -47
4820.4, -7, -47
4820.5, -6, -47
4820.6, -6, -47
4820.7, -6, -47
4820.8, -6, -47
4820.9, -6, -47
4821, -6, -47
4821.1, -6, -47
4821.2, -6, -47
4821.3, -6, -47
4821.4, -6, -47
4821.5, -6, -47
4821.6, -6, -47
4821.7, -6, -47
4821.8, -6, -47
4821.9, -6, -47
4822, -6, -47
4822.1, -6, -47
4822.2, -6, -47
4822.3, -6, -47
4822.4, -6, -47
4822.5, -6, -47
4822.6, -6, -47
4822.7, -6, -47
4822.8, -6, -47
4822.9, -6, -47
4823, -6, -47
4823.1, -6, -47
4823.2, -6, -47
4823.3, -6, -47
4823.4, -6, -47
4823.5, -6, -47
4823.6, -6, -47
4823.7, -6, -46
4823.8, -6, -46
4823.9, -6, -46
4824, -6, -46
4824.1, -6, -46
4824.2, -6, -46
4824.3, -6, -46
4824.4, -6, -46
4824.5, -6, -46
4824.6, -6, -46
4824.7, -6, -46
4824.8, -6, -46
4824.9, -6, -46
4825, -6, -46
4825.1, -6, -46
4825.2, -6, -46
4825.3, -6, -46
4825.4, -6, -46
4825.5, -5, -46
4825.6, -5, -46
4825.7, -4, -46
4825.8, -4, -46
4825.9, -4, -46
4826, -4, -46
4826.1, -4, -46
4826.2, -4, -46
4826.3, -4, -46
4826.4, -4, -46
4826.5, -4, -46
4826.6, -4, -46
4826.7, -4, -45
4826.8, -4, -45
4826.9, -4, -45
4827, -4, -45
4827.1, -4, -45
4827.2, -4, -45
4827.3, -4, -45
4827.4, -4, -45
4827.5, -4, -45
4827.6, -4, -45
4827.7, -4, -45
4827.8, -4, -45
4827.9, -4, -45
4828, -4, -45
4828.1, -4, -45
4828.2, -4, -45
4828.3, -4, -45
4828.4, -4, -45
4828.5, -4, -45
4828.6, -4, -45
4828.7, -4, -45
4828.8, -4, -45
4828.9, -4, -45
4829, -4, -45
4829.1, -4, -45
4829.2, -4, -45
4829.3, -4, -45
4829.4, -4, -45
4829.5, -4, -45
4829.6, -4, -45
4829.7, -4, -45
4829.8, -4, -45
4829.9, -4, -45
4830, -4, -45
4830.1, -4, -45
4830.2, -4, -45
4830.3, -4, -45
4830.4, -4, -45
4830.5, -4, -45
4830.6, -4, -45
4830.7, -4, -45
4830.8, -4, -45
4830.9, -4, -45
4831, -4, -45
4831.1, -4, -45
4831.2, -4, -45
4831.3, -4, -45
4831.4, -4, -45
4831.5, -4, -45
4831.6, -4, -45
4831.7, -4, -45
4831.8, -4, -45
4831.9, -4, -45
4832, -4, -45
4832.1, -5, -45
4832.2, -5, -45
4832.3, -5, -45
4832.4, -5, -45
4832.5, -5, -45
4832.6, -5, -45
4832.7, -5, -45
4832.8, -5, -45
4832.9, -5, -45
4833, -5, -45
4833.1, -5, -45
4833.2, -5, -45
4833.3, -5, -45
4833.4, -5, -45
4833.5, -5, -45
4833.6, -5, -45
4833.7, -5, -45
4833.8, -5, -45
4833.9, -5, -45
4834, -5, -45
4834.1, -5, -45
4834.2, -5, -45
4834.3, -5, -45
4834.4, -5, -45
4834.5, -5, -45
4834.6, -5, -45
4834.7, -5, -45
4834.8, -5, -45
4834.9, -6, -45
4835, -6, -45
4835.1, -6, -45
4835.2, -6, -45
4835.3, -6, -45
4835.4, -6, -45
4835.5, -5, -45
4835.6, -5, -45
4835.7, -5, -45
4835.8, -5, -45
4835.9, -5, -45
4836, -5, -45
4836.1, -5, -45
4836.2, -5, -45
4836.3, -5, -45
4836.4, -5, -45
4836.5, -5, -45
4836.6, -5, -45
4836.7, -5, -45
4836.8, -5, -45
4836.9, -5, -45
4837, -5, -45
4837.1, -5, -45
4837.2, -5, -45
4837.3, -5, -45
4837.4, -5, -45
4837.5, -5, -45
4837.6, -5, -45
4837.7, -5, -45
4837.8, -5, -45
4837.9, -5, -45
4838, -5, -45
4838.1, -5, -45
4838.2, -5, -45
4838.3, -5, -45
4838.4, -5, -45
4838.5, -5, -45
4838.6, -5, -45
4838.7, -5, -45
4838.8, -5, -45
4838.9, -5, -45
4839, -5, -45
4839.1, -5, -45
4839.2, -5, -45
4839.3, -5, -45
4839.4, -5, -45
4839.5, -5, -45
4839.6, -5, -45
4839.7, -5, -45
4839.8, -5, -45
4839.9, -5, -45
4840, -5, -45
4840.1, -5, -45
4840.2, -5, -45
4840.3, -5, -45
4840.4, -5, -45
4840.5, -5, -45
4840.6, -5, -45
4840.7, -5, -45
4840.8, -5, -45
4840.9, -5, -45
4841, -5, -45
4841.1, -5, -45
4841.2, -5, -45
4841.3, -5, -45
4841.4, -5, -45
4841.5, -5, -45
4841.6, -5, -45
4841.7, -5, -45
4841.8, -5, -45
4841.9, -5, -45
4842, -5, -45
4842.1, -5, -45
4842.2, -5, -45
4842.3, -5, -45
4842.4, -5, -45
4842.5, -5, -45
4842.6, -5, -45
4842.7, -6, -45
4842.8, -6, -45
4842.9, -6, -45
4843, -6, -45
4843.1, -6, -45
4843.2, -6, -45
4843.3, -6, -45
4843.4, -6, -45
4843.5, -6, -45
4843.6, -6, -45
4843.7, -6, -45
4843.8, -6, -45
4843.9, -6, -45
4844, -6, -45
4844.1, -6, -45
4844.2, -6, -45
4844.3, -6, -45
4844.4, -6, -45
4844.5, -6, -45
4844.6, -6, -45
4844.7, -6, -45
4844.8, -6, -45
4844.9, -6, -45
4845, -6, -45
4845.1, -6, -45
4845.2, -6, -45
4845.3, -6, -45
4845.4, -6, -45
4845.5, -6, -45
4845.6, -6, -45
4845.7, -6, -45
4845.8, -6, -45
4845.9, -6, -45
4846, -6, -45
4846.1, -6, -45
4846.2, -6, -45
4846.3, -6, -45
4846.4, -6, -45
4846.5, -6, -45
4846.6, -6, -45
4846.7, -6, -45
4846.8, -6, -45
4846.9, -6, -45
4847, -6, -45
4847.1, -6, -45
4847.2, -6, -45
4847.3, -6, -45
4847.4, -6, -45
4847.5, -6, -45
4847.6, -6, -45
4847.7, -7, -45
4847.8, -7, -45
4847.9, -7, -45
4848, -7, -45
4848.1, -7, -45
4848.2, -7, -45
4848.3, -7, -45
4848.4, -7, -45
4848.5, -7, -45
4848.6, -7, -45
4848.7, -7, -45
4848.8, -7, -45
4848.9, -7, -45
4849, -7, -45
4849.1, -7, -45
4849.2, -7, -45
4849.3, -8, -45
4849.4, -8, -45
4849.5, -8, -45
4849.6, -8, -45
4849.7, -8, -45
4849.8, -8, -45
4849.9, -8, -45
4850, -8, -45
4850.1, -8, -45
4850.2, -8, -45
4850.3, -8, -45
4850.4, -8, -45
4850.5, -8, -45
4850.6, -8, -45
4850.7, -8, -45
4850.8, -8, -45
4850.9, -8, -45
4851, -8, -45
4851.1, -8, -45
4851.2, -8, -45
4851.3, -8, -45
4851.4, -8, -45
4851.5, -8, -45
4851.6, -8, -45
4851.7, -8, -45
4851.8, -8, -45
4851.9, -8, -45
4852, -8, -45
4852.1, -8, -45
4852.2, -8, -45
4852.3, -8, -45
4852.4, -8, -45
4852.5, -8, -45
4852.6, -8, -45
4852.7, -8, -45
4852.8, -8, -45
4852.9, -8, -45
4853, -8, -45
4853.1, -8, -45
4853.2, -8, -45
4853.3, -8, -45
4853.4, -8, -45
4853.5, -8, -45
4853.6, -8, -45
4853.7, -8, -45
4853.8, -8, -45
4853.9, -8, -45
4854, -8, -45
4854.1, -8, -44
4854.2, -8, -44
4854.3, -8, -44
4854.4, -8, -44
4854.5, -8, -44
4854.6, -8, -44
4854.7, -8, -44
4854.8, -8, -44
4854.9, -8, -44
4855, -8, -44
4855.1, -8, -44
4855.2, -8, -44
4855.3, -8, -44
4855.4, -8, -44
4855.5, -8, -44
4855.6, -8, -44
4855.7, -8, -44
4855.8, -8, -44
4855.9, -8, -43
4856, -8, -43
4856.1, -8, -43
4856.2, -8, -43
4856.3, -8, -43
4856.4, -8, -43
4856.5, -8, -43
4856.6, -8, -43
4856.7, -8, -43
4856.8, -8, -43
4856.9, -8, -43
4857, -8, -43
4857.1, -8, -43
4857.2, -8, -43
4857.3, -8, -43
4857.4, -8, -43
4857.5, -8, -43
4857.6, -8, -43
4857.7, -8, -43
4857.8, -8, -43
4857.9, -8, -43
4858, -8, -43
4858.1, -8, -43
4858.2, -8, -43
4858.3, -8, -43
4858.4, -8, -43
4858.5, -8, -43
4858.6, -8, -43
4858.7, -8, -43
4858.8, -8, -43
4858.9, -8, -43
4859, -8, -43
4859.1, -8, -43
4859.2, -8, -43
4859.3, -8, -43
4859.4, -8, -43
4859.5, -8, -43
4859.6, -8, -43
4859.7, -8, -43
4859.8, -8, -43
4859.9, -8, -43
4860, -8, -43
4860.1, -8, -43
4860.2, -8, -43
4860.3, -8, -43
4860.4, -8, -43
4860.5, -8, -43
4860.6, -8, -43
4860.7, -8, -43
4860.8, -8, -43
4860.9, -8, -43
4861, -8, -43
4861.1, -8, -43
4861.2, -8, -43
4861.3, -8, -43
4861.4, -8, -43
4861.5, -8, -43
4861.6, -8, -43
4861.7, -8, -43
4861.8, -8, -43
4861.9, -9, -43
4862, -9, -43
4862.1, -9, -43
4862.2, -9, -43
4862.3, -9, -44
4862.4, -9, -44
4862.5, -10, -44
4862.6, -10, -44
4862.7, -10, -44
4862.8, -10, -44
4862.9, -10, -44
4863, -10, -44
4863.1, -10, -44
4863.2, -10, -44
4863.3, -10, -44
4863.4, -10, -44
4863.5, -10, -44
4863.6, -10, -44
4863.7, -10, -44
4863.8, -10, -44
4863.9, -10, -44
4864, -10, -44
4864.1, -9, -44
4864.2, -9, -44
4864.3, -9, -44
4864.4, -9, -44
4864.5, -9, -44
4864.6, -9, -44
4864.7, -9, -44
4864.8, -9, -44
4864.9, -9, -44
4865, -9, -44
4865.1, -9, -44
4865.2, -9, -44
4865.3, -9, -44
4865.4, -9, -44
4865.5, -9, -44
4865.6, -9, -44
4865.7, -9, -44
4865.8, -9, -44
4865.9, -9, -44
4866, -9, -44
4866.1, -9, -44
4866.2, -9, -44
4866.3, -9, -44
4866.4, -9, -44
4866.5, -9, -44
4866.6, -9, -44
4866.7, -9, -44
4866.8, -9, -44
4866.9, -9, -44
4867, -9, -44
4867.1, -9, -44
4867.2, -9, -44
4867.3, -9, -44
4867.4, -9, -44
4867.5, -9, -44
4867.6, -9, -44
4867.7, -9, -44
4867.8, -9, -44
4867.9, -9, -44
4868, -9, -44
4868.1, -9, -44
4868.2, -9, -44
4868.3, -9, -44
4868.4, -9, -44
4868.5, -9, -44
4868.6, -9, -44
4868.7, -9, -44
4868.8, -9, -44
4868.9, -9, -44
4869, -9, -44
4869.1, -9, -44
4869.2, -9, -44
4869.3, -9, -44
4869.4, -9, -44
4869.5, -9, -44
4869.6, -9, -44
4869.7, -9, -44
4869.8, -9, -44
4869.9, -9, -44
4870, -9, -44
4870.1, -9, -44
4870.2, -9, -44
4870.3, -9, -44
4870.4, -9, -44
4870.5, -9, -44
4870.6, -9, -44
4870.7, -9, -44
4870.8, -9, -44
4870.9, -9, -44
4871, -9, -44
4871.1, -9, -44
4871.2, -9, -44
4871.3, -9, -44
4871.4, -9, -44
4871.5, -9, -44
4871.6, -9, -44
4871.7, -9, -44
4871.8, -9, -44
4871.9, -9, -44
4872, -9, -44
4872.1, -9, -44
4872.2, -9, -44
4872.3, -9, -44
4872.4, -9, -44
4872.5, -9, -44
4872.6, -9, -44
4872.7, -9, -44
4872.8, -9, -44
4872.9, -9, -44
4873, -9, -44
4873.1, -9, -44
4873.2, -9, -44
4873.3, -9, -44
4873.4, -9, -44
4873.5, -9, -44
4873.6, -9, -44
4873.7, -9, -44
4873.8, -9, -44
4873.9, -9, -44
4874, -9, -44
4874.1, -9, -44
4874.2, -9, -44
4874.3, -9, -44
4874.4, -9, -44
4874.5, -9, -44
4874.6, -9, -44
4874.7, -9, -44
4874.8, -9, -44
4874.9, -9, -44
4875, -9, -44
4875.1, -9, -44
4875.2, -9, -44
4875.3, -9, -44
4875.4, -9, -44
4875.5, -9, -44
4875.6, -9, -44
4875.7, -9, -44
4875.8, -9, -44
4875.9, -9, -44
4876, -9, -44
4876.1, -9, -44
4876.2, -9, -44
4876.3, -9, -44
4876.4, -9, -44
4876.5, -9, -44
4876.6, -9, -44
4876.7, -9, -44
4876.8, -9, -44
4876.9, -9, -45
4877, -9, -45
4877.1, -9, -45
4877.2, -9, -45
4877.3, -9, -45
4877.4, -9, -45
4877.5, -9, -45
4877.6, -9, -45
4877.7, -9, -45
4877.8, -9, -45
4877.9, -9, -45
4878, -9, -45
4878.1, -9, -45
4878.2, -9, -45
4878.3, -9, -46
4878.4, -9, -46
4878.5, -9, -46
4878.6, -9, -46
4878.7, -9, -46
4878.8, -9, -46
4878.9, -9, -46
4879, -9, -46
4879.1, -9, -46
4879.2, -9, -46
4879.3, -9, -46
4879.4, -9, -46
4879.5, -9, -46
4879.6, -9, -46
4879.7, -9, -46
4879.8, -9, -46
4879.9, -9, -46
4880, -9, -46
4880.1, -9, -46
4880.2, -9, -46
4880.3, -9, -46
4880.4, -9, -46
4880.5, -9, -46
4880.6, -9, -46
4880.7, -9, -46
4880.8, -9, -46
4880.9, -9, -46
4881, -9, -46
4881.1, -9, -46
4881.2, -9, -46
4881.3, -9, -46
4881.4, -9, -46
4881.5, -9, -46
4881.6, -9, -46
4881.7, -9, -46
4881.8, -9, -46
4881.9, -9, -46
4882, -9, -46
4882.1, -9, -46
4882.2, -9, -46
4882.3, -9, -46
4882.4, -9, -46
4882.5, -9, -46
4882.6, -9, -46
4882.7, -9, -46
4882.8, -9, -46
4882.9, -9, -46
4883, -9, -46
4883.1, -9, -47
4883.2, -9, -47
4883.3, -9, -47
4883.4, -9, -47
4883.5, -9, -47
4883.6, -9, -47
4883.7, -9, -47
4883.8, -9, -47
4883.9, -9, -47
4884, -9, -47
4884.1, -9, -47
4884.2, -9, -47
4884.3, -9, -47
4884.4, -9, -47
4884.5, -9, -47
4884.6, -9, -47
4884.7, -9, -47
4884.8, -9, -47
4884.9, -9, -47
4885, -9, -47
4885.1, -9, -47
4885.2, -9, -47
4885.3, -9, -47
4885.4, -9, -47
4885.5, -10, -47
4885.6, -10, -47
4885.7, -10, -47
4885.8, -10, -47
4885.9, -10, -47
4886, -10, -47
4886.1, -10, -47
4886.2, -10, -47
4886.3, -10, -47
4886.4, -10, -47
4886.5, -10, -47
4886.6, -10, -47
4886.7, -10, -47
4886.8, -10, -47
4886.9, -10, -47
4887, -10, -47
4887.1, -10, -46
4887.2, -10, -46
4887.3, -10, -46
4887.4, -10, -46
4887.5, -11, -46
4887.6, -11, -46
4887.7, -11, -46
4887.8, -11, -46
4887.9, -12, -46
4888, -12, -46
4888.1, -12, -46
4888.2, -12, -46
4888.3, -12, -46
4888.4, -12, -46
4888.5, -12, -46
4888.6, -12, -46
4888.7, -12, -46
4888.8, -12, -46
4888.9, -12, -46
4889, -12, -46
4889.1, -12, -46
4889.2, -12, -46
4889.3, -12, -46
4889.4, -12, -46
4889.5, -12, -46
4889.6, -12, -46
4889.7, -12, -46
4889.8, -12, -46
4889.9, -12, -46
4890, -12, -46
4890.1, -12, -46
4890.2, -12, -46
4890.3, -12, -46
4890.4, -12, -46
4890.5, -12, -46
4890.6, -12, -46
4890.7, -12, -46
4890.8, -12, -46
4890.9, -12, -46
4891, -12, -46
4891.1, -12, -46
4891.2, -12, -46
4891.3, -12, -46
4891.4, -12, -46
4891.5, -12, -46
4891.6, -12, -46
4891.7, -12, -46
4891.8, -12, -46
4891.9, -12, -46
4892, -12, -46
4892.1, -12, -46
4892.2, -12, -46
4892.3, -12, -46
4892.4, -12, -46
4892.5, -12, -46
4892.6, -12, -46
4892.7, -12, -46
4892.8, -12, -46
4892.9, -12, -46
4893, -12, -46
4893.1, -12, -46
4893.2, -12, -46
4893.3, -12, -46
4893.4, -12, -46
4893.5, -12, -47
4893.6, -12, -47
4893.7, -12, -47
4893.8, -12, -47
4893.9, -12, -47
4894, -12, -47
4894.1, -12, -47
4894.2, -12, -47
4894.3, -12, -47
4894.4, -12, -47
4894.5, -12, -47
4894.6, -12, -47
4894.7, -12, -47
4894.8, -12, -47
4894.9, -12, -47
4895, -12, -47
4895.1, -13, -47
4895.2, -13, -47
4895.3, -13, -47
4895.4, -13, -47
4895.5, -13, -47
4895.6, -13, -47
4895.7, -13, -47
4895.8, -13, -47
4895.9, -13, -47
4896, -13, -47
4896.1, -12, -47
4896.2, -12, -47
4896.3, -12, -47
4896.4, -12, -47
4896.5, -12, -47
4896.6, -12, -47
4896.7, -12, -47
4896.8, -12, -47
4896.9, -12, -47
4897, -12, -47
4897.1, -12, -47
4897.2, -12, -47
4897.3, -12, -47
4897.4, -12, -47
4897.5, -12, -47
4897.6, -12, -47
4897.7, -12, -47
4897.8, -12, -47
4897.9, -12, -47
4898, -12, -47
4898.1, -12, -47
4898.2, -12, -47
4898.3, -12, -47
4898.4, -12, -47
4898.5, -12, -47
4898.6, -12, -47
4898.7, -12, -46
4898.8, -12, -46
4898.9, -12, -46
4899, -12, -46
4899.1, -12, -46
4899.2, -12, -46
4899.3, -12, -46
4899.4, -12, -46
4899.5, -12, -46
4899.6, -12, -46
4899.7, -12, -46
4899.8, -12, -46
4899.9, -12, -46
4900, -12, -46
4900.1, -12, -46
4900.2, -12, -46
4900.3, -12, -46
4900.4, -12, -46
4900.5, -12, -46
4900.6, -12, -46
4900.7, -12, -46
4900.8, -12, -46
4900.9, -12, -46
4901, -12, -46
4901.1, -12, -46
4901.2, -12, -46
4901.3, -12, -46
4901.4, -12, -46
4901.5, -12, -46
4901.6, -12, -46
4901.7, -12, -46
4901.8, -12, -46
4901.9, -12, -46
4902, -12, -46
4902.1, -12, -46
4902.2, -12, -46
4902.3, -12, -46
4902.4, -12, -46
4902.5, -12, -46
4902.6, -12, -46
4902.7, -12, -46
4902.8, -12, -46
4902.9, -12, -46
4903, -12, -46
4903.1, -12, -46
4903.2, -12, -46
4903.3, -12, -46
4903.4, -12, -46
4903.5, -12, -46
4903.6, -12, -46
4903.7, -12, -46
4903.8, -12, -46
4903.9, -12, -46
4904, -12, -46
4904.1, -12, -46
4904.2, -12, -46
4904.3, -12, -46
4904.4, -12, -46
4904.5, -12, -46
4904.6, -12, -46
4904.7, -12, -46
4904.8, -12, -46
4904.9, -12, -46
4905, -12, -46
4905.1, -12, -46
4905.2, -12, -46
4905.3, -12, -46
4905.4, -12, -46
4905.5, -12, -46
4905.6, -12, -46
4905.7, -12, -46
4905.8, -12, -46
4905.9, -12, -46
4906, -12, -46
4906.1, -12, -46
4906.2, -12, -46
4906.3, -12, -46
4906.4, -12, -46
4906.5, -12, -46
4906.6, -12, -46
4906.7, -12, -46
4906.8, -12, -46
4906.9, -11, -46
4907, -11, -46
4907.1, -11, -46
4907.2, -11, -46
4907.3, -11, -46
4907.4, -11, -46
4907.5, -11, -46
4907.6, -11, -46
4907.7, -11, -47
4907.8, -11, -47
4907.9, -11, -47
4908, -11, -47
4908.1, -11, -47
4908.2, -11, -47
4908.3, -11, -47
4908.4, -11, -47
4908.5, -11, -47
4908.6, -11, -47
4908.7, -11, -47
4908.8, -11, -47
4908.9, -11, -47
4909, -11, -47
4909.1, -11, -47
4909.2, -11, -47
4909.3, -11, -47
4909.4, -11, -47
4909.5, -12, -47
4909.6, -12, -47
4909.7, -12, -47
4909.8, -12, -47
4909.9, -13, -47
4910, -13, -47
4910.1, -13, -47
4910.2, -13, -47
4910.3, -13, -47
4910.4, -13, -47
4910.5, -13, -47
4910.6, -13, -47
4910.7, -13, -47
4910.8, -13, -47
4910.9, -12, -47
4911, -12, -47
4911.1, -12, -47
4911.2, -12, -47
4911.3, -12, -47
4911.4, -12, -47
4911.5, -12, -47
4911.6, -12, -47
4911.7, -12, -47
4911.8, -12, -47
4911.9, -12, -47
4912, -12, -47
4912.1, -12, -47
4912.2, -12, -47
4912.3, -12, -47
4912.4, -12, -47
4912.5, -12, -47
4912.6, -12, -47
4912.7, -12, -47
4912.8, -12, -47
4912.9, -12, -47
4913, -12, -47
4913.1, -12, -47
4913.2, -12, -47
4913.3, -12, -47
4913.4, -12, -47
4913.5, -12, -47
4913.6, -12, -47
4913.7, -12, -47
4913.8, -12, -47
4913.9, -13, -47
4914, -13, -47
4914.1, -13, -47
4914.2, -13, -47
4914.3, -13, -47
4914.4, -13, -47
4914.5, -13, -47
4914.6, -13, -47
4914.7, -13, -47
4914.8, -13, -47
4914.9, -13, -47
4915, -13, -47
4915.1, -13, -47
4915.2, -13, -47
4915.3, -13, -47
4915.4, -13, -47
4915.5, -13, -47
4915.6, -13, -47
4915.7, -13, -47
4915.8, -13, -47
4915.9, -13, -47
4916, -13, -47
4916.1, -13, -47
4916.2, -13, -47
4916.3, -13, -47
4916.4, -13, -47
4916.5, -13, -47
4916.6, -13, -47
4916.7, -13, -48
4916.8, -13, -48
4916.9, -13, -48
4917, -13, -48
4917.1, -13, -48
4917.2, -13, -48
4917.3, -13, -47
4917.4, -13, -47
4917.5, -13, -47
4917.6, -13, -47
4917.7, -13, -47
4917.8, -13, -47
4917.9, -14, -47
4918, -14, -47
4918.1, -14, -47
4918.2, -14, -47
4918.3, -14, -47
4918.4, -14, -47
4918.5, -14, -47
4918.6, -14, -47
4918.7, -14, -47
4918.8, -14, -47
4918.9, -14, -46
4919, -14, -46
4919.1, -14, -46
4919.2, -14, -46
4919.3, -14, -46
4919.4, -14, -46
4919.5, -14, -46
4919.6, -14, -46
4919.7, -14, -46
4919.8, -14, -46
4919.9, -14, -46
4920, -14, -46
4920.1, -14, -46
4920.2, -14, -46
4920.3, -14, -46
4920.4, -14, -46
4920.5, -14, -46
4920.6, -14, -46
4920.7, -14, -46
4920.8, -14, -46
4920.9, -14, -46
4921, -14, -46
4921.1, -14, -46
4921.2, -14, -46
4921.3, -14, -47
4921.4, -14, -47
4921.5, -14, -47
4921.6, -14, -47
4921.7, -14, -47
4921.8, -14, -47
4921.9, -14, -47
4922, -14, -47
4922.1, -14, -47
4922.2, -14, -47
4922.3, -14, -47
4922.4, -14, -47
4922.5, -14, -47
4922.6, -14, -47
4922.7, -14, -47
4922.8, -14, -47
4922.9, -14, -47
4923, -14, -47
4923.1, -14, -47
4923.2, -14, -47
4923.3, -14, -47
4923.4, -14, -47
4923.5, -14, -47
4923.6, -14, -47
4923.7, -14, -47
4923.8, -14, -47
4923.9, -14, -47
4924, -14, -47
4924.1, -14, -47
4924.2, -14, -47
4924.3, -14, -47
4924.4, -14, -47
4924.5, -14, -46
4924.6, -14, -46
4924.7, -14, -46
4924.8, -14, -46
4924.9, -14, -46
4925, -14, -46
4925.1, -14, -47
4925.2, -14, -47
4925.3, -14, -47
4925.4, -14, -47
4925.5, -14, -47
4925.6, -14, -47
4925.7, -14, -47
4925.8, -14, -47
4925.9, -14, -47
4926, -14, -47
4926.1, -14, -47
4926.2, -14, -47
4926.3, -14, -47
4926.4, -14, -47
4926.5, -14, -47
4926.6, -14, -47
4926.7, -14, -47
4926.8, -14, -47
4926.9, -14, -47
4927, -14, -47
4927.1, -14, -47
4927.2, -14, -47
4927.3, -14, -47
4927.4, -14, -47
4927.5, -13, -47
4927.6, -13, -47
4927.7, -13, -47
4927.8, -13, -47
4927.9, -13, -47
4928, -13, -47
4928.1, -13, -47
4928.2, -13, -47
4928.3, -13, -47
4928.4, -13, -47
4928.5, -13, -47
4928.6, -13, -47
4928.7, -13, -47
4928.8, -13, -47
4928.9, -13, -47
4929, -13, -47
4929.1, -13, -47
4929.2, -13, -47
4929.3, -13, -47
4929.4, -13, -47
4929.5, -13, -47
4929.6, -13, -47
4929.7, -13, -47
4929.8, -13, -47
4929.9, -13, -47
4930, -13, -47
4930.1, -13, -47
4930.2, -13, -47
4930.3, -13, -47
4930.4, -13, -47
4930.5, -13, -47
4930.6, -13, -47
4930.7, -13, -47
4930.8, -13, -47
4930.9, -13, -46
4931, -13, -46
4931.1, -13, -46
4931.2, -13, -46
4931.3, -13, -46
4931.4, -13, -46
4931.5, -13, -46
4931.6, -13, -46
4931.7, -13, -46
4931.8, -13, -46
4931.9, -13, -46
4932, -13, -46
4932.1, -12, -46
4932.2, -12, -46
4932.3, -12, -46
4932.4, -12, -46
4932.5, -12, -46
4932.6, -12, -46
4932.7, -12, -46
4932.8, -12, -46
4932.9, -12, -46
4933, -12, -46
4933.1, -12, -46
4933.2, -12, -46
4933.3, -12, -46
4933.4, -12, -46
4933.5, -12, -46
4933.6, -12, -46
4933.7, -12, -46
4933.8, -12, -46
4933.9, -12, -46
4934, -12, -46
4934.1, -12, -46
4934.2, -12, -46
4934.3, -12, -46
4934.4, -12, -46
4934.5, -12, -46
4934.6, -12, -46
4934.7, -12, -46
4934.8, -12, -46
4934.9, -12, -46
4935, -12, -46
4935.1, -13, -46
4935.2, -13, -46
4935.3, -13, -46
4935.4, -13, -46
4935.5, -13, -46
4935.6, -13, -46
4935.7, -13, -46
4935.8, -13, -46
4935.9, -13, -46
4936, -13, -46
4936.1, -13, -46
4936.2, -13, -46
4936.3, -13, -46
4936.4, -13, -46
4936.5, -13, -46
4936.6, -13, -46
4936.7, -12, -46
4936.8, -12, -46
4936.9, -12, -46
4937, -12, -46
4937.1, -12, -46
4937.2, -12, -46
4937.3, -12, -46
4937.4, -12, -46
4937.5, -13, -46
4937.6, -13, -46
4937.7, -13, -46
4937.8, -13, -46
4937.9, -13, -46
4938, -13, -46
4938.1, -13, -46
4938.2, -13, -46
4938.3, -13, -46
4938.4, -13, -46
4938.5, -13, -46
4938.6, -13, -46
4938.7, -13, -46
4938.8, -13, -46
4938.9, -13, -47
4939, -13, -47
4939.1, -13, -47
4939.2, -13, -47
4939.3, -13, -47
4939.4, -13, -47
4939.5, -13, -47
4939.6, -13, -47
4939.7, -13, -47
4939.8, -13, -47
4939.9, -13, -47
4940, -13, -47
4940.1, -13, -46
4940.2, -13, -46
4940.3, -13, -46
4940.4, -13, -46
4940.5, -13, -46
4940.6, -13, -46
4940.7, -13, -46
4940.8, -13, -46
4940.9, -13, -46
4941, -13, -46
4941.1, -13, -46
4941.2, -13, -46
4941.3, -13, -46
4941.4, -13, -46
4941.5, -13, -47
4941.6, -13, -47
4941.7, -13, -47
4941.8, -13, -47
4941.9, -14, -47
4942, -14, -47
4942.1, -14, -47
4942.2, -14, -47
4942.3, -14, -47
4942.4, -14, -47
4942.5, -14, -46
4942.6, -14, -46
4942.7, -14, -46
4942.8, -14, -46
4942.9, -14, -46
4943, -14, -46
4943.1, -14, -46
4943.2, -14, -46
4943.3, -14, -46
4943.4, -14, -46
4943.5, -14, -46
4943.6, -14, -46
4943.7, -14, -46
4943.8, -14, -46
4943.9, -14, -46
4944, -14, -46
4944.1, -14, -46
4944.2, -14, -46
4944.3, -13, -46
4944.4, -13, -46
4944.5, -13, -46
4944.6, -13, -46
4944.7, -12, -46
4944.8, -12, -46
4944.9, -12, -46
4945, -12, -46
4945.1, -12, -46
4945.2, -12, -46
4945.3, -12, -46
4945.4, -12, -46
4945.5, -12, -46
4945.6, -12, -46
4945.7, -13, -46
4945.8, -13, -46
4945.9, -13, -46
4946, -13, -46
4946.1, -13, -46
4946.2, -13, -46
4946.3, -13, -47
4946.4, -13, -47
4946.5, -13, -47
4946.6, -13, -47
4946.7, -13, -47
4946.8, -13, -47
4946.9, -13, -47
4947, -13, -47
4947.1, -13, -47
4947.2, -13, -47
4947.3, -13, -47
4947.4, -13, -47
4947.5, -13, -47
4947.6, -13, -47
4947.7, -13, -47
4947.8, -13, -47
4947.9, -13, -47
4948, -13, -47
4948.1, -13, -47
4948.2, -13, -47
4948.3, -13, -47
4948.4, -13, -47
4948.5, -13, -47
4948.6, -13, -47
4948.7, -13, -47
4948.8, -13, -47
4948.9, -13, -47
4949, -13, -47
4949.1, -13, -47
4949.2, -13, -47
4949.3, -13, -47
4949.4, -13, -47
4949.5, -13, -47
4949.6, -13, -47
4949.7, -13, -47
4949.8, -13, -47
4949.9, -13, -47
4950, -13, -47
4950.1, -13, -47
4950.2, -13, -47
4950.3, -13, -46
4950.4, -13, -46
4950.5, -13, -46
4950.6, -13, -46
4950.7, -13, -46
4950.8, -13, -46
4950.9, -13, -46
4951, -13, -46
4951.1, -13, -46
4951.2, -13, -46
4951.3, -13, -46
4951.4, -13, -46
4951.5, -13, -46
4951.6, -13, -46
4951.7, -13, -46
4951.8, -13, -46
4951.9, -13, -46
4952, -13, -46
4952.1, -13, -46
4952.2, -13, -46
4952.3, -13, -46
4952.4, -13, -46
4952.5, -13, -46
4952.6, -13, -46
4952.7, -13, -46
4952.8, -13, -46
4952.9, -12, -46
4953, -12, -46
4953.1, -12, -46
4953.2, -12, -46
4953.3, -12, -46
4953.4, -12, -46
4953.5, -12, -46
4953.6, -12, -46
4953.7, -12, -46
4953.8, -12, -46
4953.9, -12, -46
4954, -12, -46
4954.1, -12, -46
4954.2, -12, -46
4954.3, -12, -46
4954.4, -12, -46
4954.5, -11, -46
4954.6, -11, -46
4954.7, -11, -46
4954.8, -11, -46
4954.9, -11, -46
4955, -11, -46
4955.1, -11, -46
4955.2, -11, -46
4955.3, -11, -46
4955.4, -11, -46
4955.5, -11, -46
4955.6, -11, -46
4955.7, -11, -46
4955.8, -11, -46
4955.9, -11, -46
4956, -11, -46
4956.1, -11, -46
4956.2, -11, -46
4956.3, -11, -46
4956.4, -11, -46
4956.5, -11, -46
4956.6, -11, -46
4956.7, -11, -46
4956.8, -11, -46
4956.9, -11, -46
4957, -11, -46
4957.1, -11, -46
4957.2, -11, -46
4957.3, -11, -46
4957.4, -11, -46
4957.5, -11, -46
4957.6, -11, -46
4957.7, -11, -46
4957.8, -11, -46
4957.9, -11, -46
4958, -11, -46
4958.1, -11, -46
4958.2, -11, -46
4958.3, -11, -46
4958.4, -11, -46
4958.5, -11, -46
4958.6, -11, -46
4958.7, -11, -46
4958.8, -11, -46
4958.9, -11, -46
4959, -11, -46
4959.1, -11, -46
4959.2, -11, -46
4959.3, -10, -46
4959.4, -10, -46
4959.5, -10, -46
4959.6, -10, -46
4959.7, -10, -46
4959.8, -10, -46
4959.9, -10, -46
4960, -10, -46
4960.1, -10, -46
4960.2, -10, -46
4960.3, -10, -46
4960.4, -10, -46
4960.5, -10, -46
4960.6, -10, -46
4960.7, -10, -46
4960.8, -10, -46
4960.9, -10, -46
4961, -10, -46
4961.1, -10, -46
4961.2, -10, -46
4961.3, -10, -46
4961.4, -10, -46
4961.5, -10, -46
4961.6, -10, -46
4961.7, -10, -46
4961.8, -10, -46
4961.9, -10, -46
4962, -10, -46
4962.1, -10, -46
4962.2, -10, -46
4962.3, -10, -46
4962.4, -10, -46
4962.5, -10, -46
4962.6, -10, -46
4962.7, -10, -46
4962.8, -10, -46
4962.9, -10, -46
4963, -10, -46
4963.1, -10, -46
4963.2, -10, -46
4963.3, -10, -46
4963.4, -10, -46
4963.5, -10, -46
4963.6, -10, -46
4963.7, -10, -46
4963.8, -10, -46
4963.9, -10, -46
4964, -10, -46
4964.1, -10, -46
4964.2, -10, -46
4964.3, -10, -46
4964.4, -10, -46
4964.5, -10, -46
4964.6, -10, -46
4964.7, -10, -46
4964.8, -10, -46
4964.9, -10, -46
4965, -10, -46
4965.1, -10, -46
4965.2, -10, -46
4965.3, -10, -46
4965.4, -10, -46
4965.5, -10, -46
4965.6, -10, -46
4965.7, -10, -46
4965.8, -10, -46
4965.9, -10, -46
4966, -10, -46
4966.1, -10, -46
4966.2, -10, -46
4966.3, -10, -47
4966.4, -10, -47
4966.5, -10, -47
4966.6, -10, -47
4966.7, -10, -47
4966.8, -10, -47
4966.9, -10, -47
4967, -10, -47
4967.1, -10, -47
4967.2, -10, -47
4967.3, -10, -47
4967.4, -10, -47
4967.5, -11, -47
4967.6, -11, -47
4967.7, -11, -47
4967.8, -11, -47
4967.9, -11, -47
4968, -11, -47
4968.1, -11, -47
4968.2, -11, -47
4968.3, -11, -47
4968.4, -11, -47
4968.5, -11, -47
4968.6, -11, -47
4968.7, -11, -48
4968.8, -11, -48
4968.9, -11, -48
4969, -11, -48
4969.1, -11, -48
4969.2, -11, -48
4969.3, -11, -48
4969.4, -11, -48
4969.5, -11, -48
4969.6, -11, -48
4969.7, -11, -48
4969.8, -11, -48
4969.9, -11, -48
4970, -11, -48
4970.1, -11, -48
4970.2, -11, -48
4970.3, -11, -48
4970.4, -11, -48
4970.5, -11, -48
4970.6, -11, -48
4970.7, -11, -48
4970.8, -11, -48
4970.9, -11, -48
4971, -11, -48
4971.1, -11, -48
4971.2, -11, -48
4971.3, -11, -48
4971.4, -11, -48
4971.5, -11, -48
4971.6, -11, -48
4971.7, -11, -48
4971.8, -11, -48
4971.9, -11, -48
4972, -11, -48
4972.1, -11, -48
4972.2, -11, -48
4972.3, -11, -48
4972.4, -11, -48
4972.5, -11, -48
4972.6, -11, -48
4972.7, -11, -48
4972.8, -11, -48
4972.9, -11, -48
4973, -11, -48
4973.1, -11, -48
4973.2, -11, -48
4973.3, -11, -48
4973.4, -11, -48
4973.5, -11, -48
4973.6, -11, -48
4973.7, -11, -48
4973.8, -11, -48
4973.9, -11, -48
4974, -11, -48
4974.1, -11, -48
4974.2, -11, -48
4974.3, -11, -49
4974.4, -11, -49
4974.5, -11, -49
4974.6, -11, -49
4974.7, -11, -49
4974.8, -11, -49
4974.9, -11, -49
4975, -11, -49
4975.1, -11, -49
4975.2, -11, -49
4975.3, -11, -48
4975.4, -11, -48
4975.5, -11, -48
4975.6, -11, -48
4975.7, -11, -48
4975.8, -11, -48
4975.9, -11, -48
4976, -11, -48
4976.1, -11, -48
4976.2, -11, -48
4976.3, -11, -48
4976.4, -11, -48
4976.5, -12, -48
4976.6, -12, -48
4976.7, -12, -48
4976.8, -12, -48
4976.9, -12, -49
4977, -12, -49
4977.1, -12, -49
4977.2, -12, -49
4977.3, -12, -49
4977.4, -12, -49
4977.5, -12, -49
4977.6, -12, -49
4977.7, -12, -49
4977.8, -12, -49
4977.9, -12, -49
4978, -12, -49
4978.1, -12, -49
4978.2, -12, -49
4978.3, -12, -49
4978.4, -12, -49
4978.5, -12, -50
4978.6, -12, -50
4978.7, -12, -50
4978.8, -12, -50
4978.9, -12, -50
4979, -12, -50
4979.1, -12, -50
4979.2, -12, -50
4979.3, -12, -50
4979.4, -12, -50
4979.5, -12, -50
4979.6, -12, -50
4979.7, -13, -50
4979.8, -13, -50
4979.9, -13, -50
4980, -13, -50
4980.1, -13, -50
4980.2, -13, -50
4980.3, -13, -50
4980.4, -13, -50
4980.5, -13, -50
4980.6, -13, -50
4980.7, -13, -50
4980.8, -13, -50
4980.9, -13, -50
4981, -13, -50
4981.1, -13, -50
4981.2, -13, -50
4981.3, -13, -50
4981.4, -13, -50
4981.5, -13, -50
4981.6, -13, -50
4981.7, -13, -50
4981.8, -13, -50
4981.9, -13, -50
4982, -13, -50
4982.1, -13, -50
4982.2, -13, -50
4982.3, -13, -50
4982.4, -13, -50
4982.5, -13, -50
4982.6, -13, -50
4982.7, -13, -50
4982.8, -13, -50
4982.9, -13, -50
4983, -13, -50
4983.1, -13, -50
4983.2, -13, -50
4983.3, -13, -50
4983.4, -13, -50
4983.5, -13, -50
4983.6, -13, -50
4983.7, -13, -50
4983.8, -13, -50
4983.9, -13, -50
4984, -13, -50
4984.1, -13, -50
4984.2, -13, -50
4984.3, -13, -50
4984.4, -13, -50
4984.5, -13, -50
4984.6, -13, -50
4984.7, -12, -50
4984.8, -12, -50
4984.9, -12, -50
4985, -12, -50
4985.1, -12, -50
4985.2, -12, -50
4985.3, -12, -50
4985.4, -12, -50
4985.5, -12, -50
4985.6, -12, -50
4985.7, -12, -50
4985.8, -12, -50
4985.9, -12, -50
4986, -12, -50
4986.1, -12, -50
4986.2, -12, -50
4986.3, -12, -50
4986.4, -12, -50
4986.5, -12, -50
4986.6, -12, -50
4986.7, -12, -50
4986.8, -12, -50
4986.9, -12, -50
4987, -12, -50
4987.1, -12, -50
4987.2, -12, -50
4987.3, -13, -50
4987.4, -13, -50
4987.5, -13, -50
4987.6, -13, -50
4987.7, -13, -50
4987.8, -13, -50
4987.9, -13, -50
4988, -13, -50
4988.1, -13, -50
4988.2, -13, -50
4988.3, -13, -50
4988.4, -13, -50
4988.5, -13, -50
4988.6, -13, -50
4988.7, -13, -50
4988.8, -13, -50
4988.9, -13, -50
4989, -13, -50
4989.1, -14, -50
4989.2, -14, -50
4989.3, -14, -50
4989.4, -14, -50
4989.5, -14, -50
4989.6, -14, -50
4989.7, -14, -50
4989.8, -14, -50
4989.9, -14, -50
4990, -14, -50
4990.1, -14, -50
4990.2, -14, -50
4990.3, -14, -50
4990.4, -14, -50
4990.5, -13, -50
4990.6, -13, -50
4990.7, -13, -50
4990.8, -13, -50
4990.9, -13, -50
4991, -13, -50
4991.1, -13, -50
4991.2, -13, -50
4991.3, -13, -50
4991.4, -13, -50
4991.5, -13, -50
4991.6, -13, -50
4991.7, -13, -50
4991.8, -13, -50
4991.9, -13, -50
4992, -13, -50
4992.1, -13, -50
4992.2, -13, -50
4992.3, -13, -50
4992.4, -13, -50
4992.5, -13, -50
4992.6, -13, -50
4992.7, -13, -50
4992.8, -13, -50
4992.9, -13, -50
4993, -13, -50
4993.1, -13, -50
4993.2, -13, -50
4993.3, -13, -50
4993.4, -13, -50
4993.5, -13, -50
4993.6, -13, -50
4993.7, -13, -50
4993.8, -13, -50
4993.9, -14, -50
4994, -14, -50
4994.1, -14, -50
4994.2, -14, -50
4994.3, -14, -50
4994.4, -14, -50
4994.5, -14, -50
4994.6, -14, -50
4994.7, -14, -50
4994.8, -14, -50
4994.9, -14, -50
4995, -14, -50
4995.1, -14, -50
4995.2, -14, -50
4995.3, -14, -50
4995.4, -14, -50
4995.5, -14, -50
4995.6, -14, -50
4995.7, -14, -50
4995.8, -14, -50
4995.9, -14, -50
4996, -14, -50
4996.1, -14, -50
4996.2, -14, -50
4996.3, -14, -50
4996.4, -14, -50
4996.5, -14, -50
4996.6, -14, -50
4996.7, -14, -50
4996.8, -14, -50
4996.9, -14, -49
4997, -14, -49
4997.1, -14, -49
4997.2, -14, -49
4997.3, -14, -49
4997.4, -14, -49
4997.5, -14, -49
4997.6, -14, -49
4997.7, -14, -49
4997.8, -14, -49
4997.9, -14, -49
4998, -14, -49
4998.1, -14, -49
4998.2, -14, -49
4998.3, -14, -48
4998.4, -14, -48
4998.5, -14, -48
4998.6, -14, -48
4998.7, -14, -48
4998.8, -14, -48
4998.9, -14, -48
4999, -14, -48
4999.1, -14, -48
4999.2, -14, -48
4999.3, -14, -48
4999.4, -14, -48
4999.5, -14, -48
4999.6, -14, -48
4999.7, -14, -48
4999.8, -14, -48
4999.9, -14, -48
5000, -14, -48
