0, 0, 0
0.1, 0, 0
0.2, 0, 0
0.3, 0, 0
0.4, 0, 0
0.5, 0, 0
0.6, 0, 0
0.7, 0, 0
0.8, 0, 0
0.9, 0, -1
1, 0, -1
1.1, 0, -1
1.2, 0, -1
1.3, 0, -1
1.4, 0, -1
1.5, 0, -1
1.6, 0, -1
1.7, 0, -1
1.8, 0, -1
1.9, 0, -1
2, 0, -1
2.1, 0, -1
2.2, 0, -1
2.3, 0, -1
2.4, 0, -1
2.5, 0, -1
2.6, 0, -1
2.7, 0, -1
2.8, 0, -1
2.9, 0, -1
3, 0, -1
3.1, 0, -1
3.2, 0, -1
3.3, 0, -1
3.4, 0, -1
3.5, 0, -1
3.6, 0, -1
3.7, 0, -1
3.8, 0, -1
3.9, 0, -1
4, 0, -1
4.1, 0, -1
4.2, 0, -1
4.3, 0, -1
4.4, 0, -1
4.5, 0, -1
4.6, 0, -1
4.7, 0, -1
4.8, 0, -1
4.9, 0, -1
5, 0, -1
5.1, 0, -1
5.2, 0, -1
5.3, 0, -1
5.4, 0, -1
5.5, 0, -1
5.6, 0, -1
5.7, 0, -1
5.8, 0, -1
5.9, 0, -1
6, 0, -1
6.1, 0, -1
6.2, 0, -1
6.3, 0, -1
6.4, 0, -1
6.5, 0, -1
6.6, 0, -1
6.7, 0, -1
6.8, 0, -1
6.9, 0, -1
7, 0, -1
7.1, 0, -1
7.2, 0, -1
7.3, -1, -1
7.4, -1, -1
7.5, -1, -1
7.6, -1, -1
7.7, -1, -1
7.8, -1, -1
7.9, -1, -1
8, -1, -1
8.1, -1, -1
8.2, -1, -1
8.3, -1, -1
8.4, -1, -1
8.5, -1, -1
8.6, -1, -1
8.7, -1, -1
8.8, -1, -1
8.9, -1, -1
9, -1, -1
9.1, -1, -1
9.2, -1, -1
9.3, -1, -1
9.4, -1, -1
9.5, 0, -1
9.6, 0, -1
9.7, 0, -1
9.8, 0, -1
9.9, 0, -1
10, 0, -1
10.1, 0, -1
10.2, 0, -1
10.3, 0, -1
10.4, 0, -1
10.5, 0, -1
10.6, 0, -1
10.7, 0, -1
10.8, 0, -1
10.9, 0, -1
11, 0, -1
11.1, 0, -1
11.2, 0, -1
11.3, 0, -1
11.4, 0, -1
11.5, 0, -1
11.6, 0, -1
11.7, 0, -1
11.8, 0, -1
11.9, 0, -1
12, 0, -1
12.1, 0, -1
12.2, 0, -1
12.3, 0, -1
12.4, 0, -1
12.5, 0, -1
12.6, 0, -1
12.7, 0, 0
12.8, 0, 0
12.9, 0, 0
13, 0, 0
13.1, 0, 0
13.2, 0, 0
13.3, 0, 0
13.4, 0, 0
13.5, 0, 0
13.6, 0, 0
13.7, 0, 1
13.8, 0, 1
13.9, 0, 1
14, 0, 1
14.1, 0, 1
14.2, 0, 1
14.3, 0, 1
14.4, 0, 1
14.5, 0, 1
14.6, 0, 1
14.7, 0, 1
14.8, 0, 1
14.9, 0, 1
15, 0, 1
15.1, 0, 1
15.2, 0, 1
15.3, -1, 1
15.4, -1, 1
15.5, -1, 1
15.6, -1, 1
15.7, -1, 1
15.8, -1, 1
15.9, -1, 2
16, -1, 2
16.1, -1, 2
16.2, -1, 2
16.3, -1, 2
16.4, -1, 2
16.5, -1, 2
16.6, -1, 2
16.7, -1, 2
16.8, -1, 2
16.9, -1, 2
17, -1, 2
17.1, -1, 2
17.2, -1, 2
17.3, -1, 2
17.4, -1, 2
17.5, -1, 2
17.6, -1, 2
17.7, -2, 2
17.8, -2, 2
17.9, -2, 2
18, -2, 2
18.1, -2, 2
18.2, -2, 2
18.3, -2, 2
18.4, -2, 2
18.5, -2, 2
18.6, -2, 2
18.7, -2, 2
18.8, -2, 2
18.9, -2, 2
19, -2, 2
19.1, -2, 2
19.2, -2, 2
19.3, -2, 2
19.4, -2, 2
19.5, -2, 2
19.6, -2, 2
19.7, -2, 2
19.8, -2, 2
19.9, -2, 2
20, -2, 2
20.1, -2, 2
20.2, -2, 2
20.3, -2, 2
20.4, -2, 2
20.5, -2, 2
20.6, -2, 2
20.7, -2, 2
20.8, -2, 2
20.9, -2, 2
21, -2, 2
21.1, -2, 2
21.2, -2, 2
21.3, -2, 2
21.4, -2, 2
21.5, -2, 2
21.6, -2, 2
21.7, -2, 2
21.8, -2, 2
21.9, -2, 2
22, -2, 2
22.1, -2, 2
22.2, -2, 2
22.3, -2, 2
22.4, -2, 2
22.5, -2, 3
22.6, -2, 3
22.7, -2, 3
22.8, -2, 3
22.9, -2, 3
23, -2, 3
23.1, -2, 3
23.2, -2, 3
23.3, -2, 3
23.4, -2, 3
23.5, -2, 3
23.6, -2, 3
23.7, -2, 2
23.8, -2, 2
23.9, -2, 2
24, -2, 2
24.1, -2, 2
24.2, -2, 2
24.3, -2, 2
24.4, -2, 2
24.5, -2, 2
24.6, -2, 2
24.7, -2, 2
24.8, -2, 2
24.9, -2, 2
25, -2, 2
25.1, -2, 2
25.2, -2, 2
25.3, -2, 2
25.4, -2, 2
25.5, -2, 2
25.6, -2, 2
25.7, -2, 2
25.8, -2, 2
25.9, -2, 2
26, -2, 2
26.1, -2, 2
26.2, -2, 2
26.3, -2, 2
26.4, -2, 2
26.5, -2, 2
26.6, -2, 2
26.7, -2, 2
26.8, -2, 2
26.9, -2, 2
27, -2, 2
27.1, -2, 2
27.2, -2, 2
27.3, -2, 2
27.4, -2, 2
27.5, -2, 2
27.6, -2, 2
27.7, -2, 2
27.8, -2, 2
27.9, -2, 2
28, -2, 2
28.1, -2, 2
28.2, -2, 2
28.3, -2, 2
28.4, -2, 2
28.5, -2, 2
28.6, -2, 2
28.7, -2, 3
28.8, -2, 3
28.9, -2, 3
29, -2, 3
29.1, -2, 3
29.2, -2, 3
29.3, -2, 3
29.4, -2, 3
29.5, -2, 3
29.6, -2, 3
29.7, -2, 3
29.8, -2, 3
29.9, -2, 3
30, -2, 3
30.1, -2, 3
30.2, -2, 3
30.3, -2, 3
30.4, -2, 3
30.5, -2, 3
30.6, -2, 3
30.7, -2, 3
30.8, -2, 3
30.9, -2, 3
31, -2, 3
31.1, -2, 3
31.2, -2, 3
31.3, -2, 3
31.4, -2, 3
31.5, -2, 3
31.6, -2, 3
31.7, -2, 3
31.8, -2, 3
31.9, -2, 3
32, -2, 3
32.1, -2, 3
32.2, -2, 3
32.3, -2, 3
32.4, -2, 3
32.5, -2, 3
32.6, -2, 3
32.7, -2, 3
32.8, -2, 3
32.9, -2, 3
33, -2, 3
33.1, -2, 3
33.2, -2, 3
33.3, -2, 3
33.4, -2, 3
33.5, -2, 3
33.6, -2, 3
33.7, -2, 3
33.8, -2, 3
33.9, -2, 4
34, -2, 4
34.1, -2, 4
34.2, -2, 4
34.3, -2, 4
34.4, -2, 4
34.5, -2, 4
34.6, -2, 4
34.7, -2, 4
34.8, -2, 4
34.9, -2, 4
35, -2, 4
35.1, -2, 4
35.2, -2, 4
35.3, -2, 4
35.4, -2, 4
35.5, -2, 4
35.6, -2, 4
35.7, -2, 4
35.8, -2, 4
35.9, -2, 4
36, -2, 4
36.1, -2, 5
36.2, -2, 5
36.3, -2, 5
36.4, -2, 5
36.5, -2, 5
36.6, -2, 5
36.7, -2, 5
36.8, -2, 5
36.9, -2, 5
37, -2, 5
37.1, -2, 6
37.2, -2, 6
37.3, -2, 7
37.4, -2, 7
37.5, -2, 7
37.6, -2, 7
37.7, -2, 7
37.8, -2, 7
37.9, -2, 7
38, -2, 7
38.1, -2, 7
38.2, -2, 7
38.3, -2, 7
38.4, -2, 7
38.5, -2, 7
38.6, -2, 7
38.7, -2, 7
38.8, -2, 7
38.9, -2, 7
39, -2, 7
39.1, -2, 8
39.2, -2, 8
39.3, -2, 8
39.4, -2, 8
39.5, -2, 8
39.6, -2, 8
39.7, -2, 8
39.8, -2, 8
39.9, -2, 8
40, -2, 8
40.1, -2, 9
40.2, -2, 9
40.3, -2, 9
40.4, -2, 9
40.5, -2, 9
40.6, -2, 9
40.7, -2, 9
40.8, -2, 9
40.9, -1, 9
41, -1, 9
41.1, -1, 9
41.2, -1, 9
41.3, -1, 9
41.4, -1, 9
41.5, -1, 9
41.6, -1, 9
41.7, -1, 9
41.8, -1, 9
41.9, -1, 9
42, -1, 9
42.1, -1, 9
42.2, -1, 9
42.3, -1, 9
42.4, -1, 9
42.5, -1, 10
42.6, -1, 10
42.7, -1, 10
42.8, -1, 10
42.9, -1, 10
43, -1, 10
43.1, -1, 9
43.2, -1, 9
43.3, -1, 9
43.4, -1, 9
43.5, -1, 9
43.6, -1, 9
43.7, -1, 9
43.8, -1, 9
43.9, -1, 9
44, -1, 9
44.1, -1, 9
44.2, -1, 9
44.3, -1, 9
44.4, -1, 9
44.5, -1, 9
44.6, -1, 9
44.7, -1, 9
44.8, -1, 9
44.9, -1, 9
45, -1, 9
45.1, -1, 9
45.2, -1, 9
45.3, -1, 9
45.4, -1, 9
45.5, -1, 9
45.6, -1, 9
45.7, -1, 9
45.8, -1, 9
45.9, -1, 9
46, -1, 9
46.1, -1, 9
46.2, -1, 9
46.3, -1, 9
46.4, -1, 9
46.5, -1, 9
46.6, -1, 9
46.7, -1, 9
46.8, -1, 9
46.9, -1, 9
47, -1, 9
47.1, -1, 9
47.2, -1, 9
47.3, -1, 9
47.4, -1, 9
47.5, -1, 9
47.6, -1, 9
47.7, -1, 9
47.8, -1, 9
47.9, -1, 9
48, -1, 9
48.1, -1, 9
48.2, -1, 9
48.3, -1, 9
48.4, -1, 9
48.5, -1, 9
48.6, -1, 9
48.7, -1, 9
48.8, -1, 9
48.9, -1, 9
49, -1, 9
49.1, -1, 9
49.2, -1, 9
49.3, -1, 9
49.4, -1, 9
49.5, -1, 9
49.6, -1, 9
49.7, -1, 9
49.8, -1, 9
49.9, -1, 9
50, -1, 9
50.1, -1, 9
50.2, -1, 9
50.3, -1, 9
50.4, -1, 9
50.5, -1, 9
50.6, -1, 9
50.7, -1, 9
50.8, -1, 9
50.9, -1, 9
51, -1, 9
51.1, -1, 9
51.2, -1, 9
51.3, -1, 9
51.4, -1, 9
51.5, -1, 9
51.6, -1, 9
51.7, -1, 9
51.8, -1, 9
51.9, -1, 9
52, -1, 9
52.1, -1, 10
52.2, -1, 10
52.3, -1, 10
52.4, -1, 10
52.5, -1, 10
52.6, -1, 10
52.7, -1, 10
52.8, -1, 10
52.9, -1, 10
53, -1, 10
53.1, -1, 10
53.2, -1, 10
53.3, -1, 10
53.4, -1, 10
53.5, -1, 10
53.6, -1, 10
53.7, -1, 10
53.8, -1, 10
53.9, -1, 10
54, -1, 10
54.1, -1, 10
54.2, -1, 10
54.3, -1, 10
54.4, -1, 10
54.5, -1, 10
54.6, -1, 10
54.7, -1, 10
54.8, -1, 10
54.9, -1, 10
55, -1, 10
55.1, -1, 10
55.2, -1, 10
55.3, -1, 10
55.4, -1, 10
55.5, -1, 10
55.6, -1, 10
55.7, -1, 10
55.8, -1, 10
55.9, -1, 10
56, -1, 10
56.1, -1, 10
56.2, -1, 10
56.3, -1, 10
56.4, -1, 10
56.5, -1, 10
56.6, -1, 10
56.7, -1, 10
56.8, -1, 10
56.9, -1, 10
57, -1, 10
57.1, 0, 10
57.2, 0, 10
57.3, 0, 10
57.4, 0, 10
57.5, 0, 10
57.6, 0, 10
57.7, 0, 10
57.8, 0, 10
57.9, 0, 10
58, 0, 10
58.1, 0, 10
58.2, 0, 10
58.3, 0, 10
58.4, 0, 10
58.5, 0, 10
58.6, 0, 10
58.7, 0, 10
58.8, 0, 10
58.9, 0, 10
59, 0, 10
59.1, 0, 10
59.2, 0, 10
59.3, 0, 10
59.4, 0, 10
59.5, 0, 10
59.6, 0, 10
59.7, 0, 10
59.8, 0, 10
59.9, 0, 10
60, 0, 10
60.1, 0, 10
60.2, 0, 10
60.3, 0, 10
60.4, 0, 10
60.5, 1, 10
60.6, 1, 10
60.7, 1, 10
60.8, 1, 10
60.9, 1, 10
61, 1, 10
61.1, 1, 10
61.2, 1, 10
61.3, 1, 10
61.4, 1, 10
61.5, 1, 10
61.6, 1, 10
61.7, 1, 10
61.8, 1, 10
61.9, 1, 11
62, 1, 11
62.1, 1, 11
62.2, 1, 11
62.3, 1, 12
62.4, 1, 12
62.5, 1, 12
62.6, 1, 12
62.7, 1, 12
62.8, 1, 12
62.9, 1, 12
63, 1, 12
63.1, 1, 12
63.2, 1, 12
63.3, 1, 12
63.4, 1, 12
63.5, 1, 12
63.6, 1, 12
63.7, 2, 12
63.8, 2, 12
63.9, 2, 12
64, 2, 12
64.1, 2, 12
64.2, 2, 12
64.3, 2, 12
64.4, 2, 12
64.5, 2, 12
64.6, 2, 12
64.7, 2, 12
64.8, 2, 12
64.9, 2, 12
65, 2, 12
65.1, 2, 12
65.2, 2, 12
65.3, 2, 12
65.4, 2, 12
65.5, 2, 12
65.6, 2, 12
65.7, 2, 12
65.8, 2, 12
65.9, 2, 12
66, 2, 12
66.1, 2, 12
66.2, 2, 12
66.3, 2, 12
66.4, 2, 12
66.5, 2, 12
66.6, 2, 12
66.7, 2, 12
66.8, 2, 12
66.9, 2, 12
67, 2, 12
67.1, 2, 12
67.2, 2, 12
67.3, 2, 12
67.4, 2, 12
67.5, 2, 12
67.6, 2, 12
67.7, 2, 12
67.8, 2, 12
67.9, 2, 12
68, 2, 12
68.1, 2, 12
68.2, 2, 12
68.3, 2, 12
68.4, 2, 12
68.5, 2, 12
68.6, 2, 12
68.7, 2, 12
68.8, 2, 12
68.9, 2, 12
69, 2, 12
69.1, 2, 12
69.2, 2, 12
69.3, 2, 12
69.4, 2, 12
69.5, 2, 12
69.6, 2, 12
69.7, 2, 12
69.8, 2, 12
69.9, 2, 12
70, 2, 12
70.1, 2, 12
70.2, 2, 12
70.3, 2, 12
70.4, 2, 12
70.5, 2, 13
70.6, 2, 13
70.7, 2, 13
70.8, 2, 13
70.9, 2, 13
71, 2, 13
71.1, 2, 13
71.2, 2, 13
71.3, 3, 13
71.4, 3, 13
71.5, 3, 13
71.6, 3, 13
71.7, 3, 13
71.8, 3, 13
71.9, 3, 13
72, 3, 13
72.1, 3, 13
72.2, 3, 13
72.3, 3, 13
72.4, 3, 13
72.5, 3, 13
72.6, 3, 13
72.7, 3, 13
72.8, 3, 13
72.9, 3, 13
73, 3, 13
73.1, 3, 13
73.2, 3, 13
73.3, 3, 13
73.4, 3, 13
73.5, 3, 13
73.6, 3, 13
73.7, 3, 13
73.8, 3, 13
73.9, 3, 13
74, 3, 13
74.1, 3, 13
74.2, 3, 13
74.3, 3, 13
74.4, 3, 13
74.5, 3, 13
74.6, 3, 13
74.7, 3, 13
74.8, 3, 13
74.9, 3, 13
75, 3, 13
75.1, 3, 13
75.2, 3, 13
75.3, 3, 13
75.4, 3, 13
75.5, 3, 13
75.6, 3, 13
75.7, 3, 13
75.8, 3, 13
75.9, 3, 13
76, 3, 13
76.1, 3, 13
76.2, 3, 13
76.3, 3, 13
76.4, 3, 13
76.5, 3, 13
76.6, 3, 13
76.7, 3, 13
76.8, 3, 13
76.9, 3, 13
77, 3, 13
77.1, 3, 13
77.2, 3, 13
77.3, 3, 13
77.4, 3, 13
77.5, 3, 13
77.6, 3, 13
77.7, 3, 13
77.8, 3, 13
77.9, 3, 13
78, 3, 13
78.1, 3, 12
78.2, 3, 12
78.3, 3, 12
78.4, 3, 12
78.5, 3, 12
78.6, 3, 12
78.7, 3, 13
78.8, 3, 13
78.9, 3, 13
79, 3, 13
79.1, 3, 13
79.2, 3, 13
79.3, 3, 13
79.4, 3, 13
79.5, 3, 13
79.6, 3, 13
79.7, 3, 13
79.8, 3, 13
79.9, 4, 13
80, 4, 13
80.1, 4, 13
80.2, 4, 13
80.3, 4, 13
80.4, 4, 13
80.5, 4, 13
80.6, 4, 13
80.7, 4, 13
80.8, 4, 13
80.9, 4, 13
81, 4, 13
81.1, 4, 13
81.2, 4, 13
81.3, 4, 13
81.4, 4, 13
81.5, 4, 13
81.6, 4, 13
81.7, 4, 13
81.8, 4, 13
81.9, 4, 13
82, 4, 13
82.1, 4, 13
82.2, 4, 13
82.3, 4, 13
82.4, 4, 13
82.5, 4, 13
82.6, 4, 13
82.7, 4, 13
82.8, 4, 13
82.9, 4, 13
83, 4, 13
83.1, 4, 13
83.2, 4, 13
83.3, 4, 14
83.4, 4, 14
83.5, 4, 15
83.6, 4, 15
83.7, 4, 15
83.8, 4, 15
83.9, 4, 15
84, 4, 15
84.1, 4, 15
84.2, 4, 15
84.3, 4, 15
84.4, 4, 15
84.5, 4, 15
84.6, 4, 15
84.7, 4, 15
84.8, 4, 15
84.9, 4, 15
85, 4, 15
85.1, 4, 15
85.2, 4, 15
85.3, 4, 15
85.4, 4, 15
85.5, 4, 15
85.6, 4, 15
85.7, 4, 15
85.8, 4, 15
85.9, 4, 15
86, 4, 15
86.1, 4, 15
86.2, 4, 15
86.3, 4, 15
86.4, 4, 15
86.5, 4, 15
86.6, 4, 15
86.7, 4, 15
86.8, 4, 15
86.9, 4, 15
87, 4, 15
87.1, 4, 15
87.2, 4, 15
87.3, 4, 15
87.4, 4, 15
87.5, 4, 15
87.6, 4, 15
87.7, 4, 15
87.8, 4, 15
87.9, 4, 15
88, 4, 15
88.1, 4, 15
88.2, 4, 15
88.3, 4, 15
88.4, 4, 15
88.5, 4, 15
88.6, 4, 15
88.7, 4, 15
88.8, 4, 15
88.9, 4, 15
89, 4, 15
89.1, 4, 15
89.2, 4, 15
89.3, 4, 15
89.4, 4, 15
89.5, 4, 15
89.6, 4, 15
89.7, 4, 15
89.8, 4, 15
89.9, 4, 15
90, 4, 15
90.1, 4, 15
90.2, 4, 15
90.3, 4, 15
90.4, 4, 15
90.5, 3, 15
90.6, 3, 15
90.7, 3, 15
90.8, 3, 15
90.9, 3, 15
91, 3, 15
91.1, 3, 16
91.2, 3, 16
91.3, 3, 16
91.4, 3, 16
91.5, 3, 16
91.6, 3, 16
91.7, 3, 16
91.8, 3, 16
91.9, 3, 16
92, 3, 16
92.1, 3, 16
92.2, 3, 16
92.3, 2, 16
92.4, 2, 16
92.5, 2, 16
92.6, 2, 16
92.7, 2, 16
92.8, 2, 16
92.9, 2, 16
93, 2, 16
93.1, 2, 16
93.2, 2, 16
93.3, 2, 16
93.4, 2, 16
93.5, 2, 16
93.6, 2, 16
93.7, 2, 16
93.8, 2, 16
93.9, 2, 16
94, 2, 16
94.1, 2, 16
94.2, 2, 16
94.3, 2, 16
94.4, 2, 16
94.5, 2, 16
94.6, 2, 16
94.7, 3, 16
94.8, 3, 16
94.9, 3, 16
95, 3, 16
95.1, 3, 16
95.2, 3, 16
95.3, 3, 16
95.4, 3, 16
95.5, 3, 16
95.6, 3, 16
95.7, 3, 16
95.8, 3, 16
95.9, 3, 16
96, 3, 16
96.1, 3, 16
96.2, 3, 16
96.3, 3, 16
96.4, 3, 16
96.5, 3, 16
96.6, 3, 16
96.7, 3, 16
96.8, 3, 16
96.9, 3, 16
97, 3, 16
97.1, 3, 16
97.2, 3, 16
97.3, 3, 16
97.4, 3, 16
97.5, 3, 16
97.6, 3, 16
97.7, 3, 16
97.8, 3, 16
97.9, 4, 16
98, 4, 16
98.1, 4, 16
98.2, 4, 16
98.3, 4, 16
98.4, 4, 16
98.5, 4, 16
98.6, 4, 16
98.7, 4, 16
98.8, 4, 16
98.9, 4, 16
99, 4, 16
99.1, 4, 16
99.2, 4, 16
99.3, 4, 16
99.4, 4, 16
99.5, 4, 16
99.6, 4, 16
99.7, 4, 16
99.8, 4, 16
99.9, 4, 16
100, 4, 16
100.1, 4, 16
100.2, 4, 16
100.3, 4, 16
100.4, 4, 16
100.5, 4, 16
100.6, 4, 16
100.7, 4, 16
100.8, 4, 16
100.9, 4, 16
101, 4, 16
101.1, 4, 16
101.2, 4, 16
101.3, 4, 16
101.4, 4, 16
101.5, 4, 16
101.6, 4, 16
101.7, 4, 16
101.8, 4, 16
101.9, 4, 16
102, 4, 16
102.1, 4, 16
102.2, 4, 16
102.3, 4, 16
102.4, 4, 16
102.5, 4, 16
102.6, 4, 16
102.7, 4, 16
102.8, 4, 16
102.9, 4, 16
103, 4, 16
103.1, 4, 16
103.2, 4, 16
103.3, 4, 16
103.4, 4, 16
103.5, 4, 16
103.6, 4, 16
103.7, 4, 16
103.8, 4, 16
103.9, 4, 15
104, 4, 15
104.1, 3, 15
104.2, 3, 15
104.3, 3, 15
104.4, 3, 15
104.5, 3, 15
104.6, 3, 15
104.7, 3, 15
104.8, 3, 15
104.9, 3, 15
105, 3, 15
105.1, 3, 15
105.2, 3, 15
105.3, 3, 15
105.4, 3, 15
105.5, 3, 15
105.6, 3, 15
105.7, 3, 15
105.8, 3, 15
105.9, 3, 15
106, 3, 15
106.1, 3, 15
106.2, 3, 15
106.3, 3, 15
106.4, 3, 15
106.5, 3, 15
106.6, 3, 15
106.7, 3, 15
106.8, 3, 15
106.9, 3, 16
107, 3, 16
107.1, 3, 16
107.2, 3, 16
107.3, 3, 16
107.4, 3, 16
107.5, 3, 16
107.6, 3, 16
107.7, 3, 16
107.8, 3, 16
107.9, 3, 17
108, 3, 17
108.1, 3, 17
108.2, 3, 17
108.3, 3, 17
108.4, 3, 17
108.5, 3, 17
108.6, 3, 17
108.7, 3, 17
108.8, 3, 17
108.9, 3, 17
109, 3, 17
109.1, 3, 17
109.2, 3, 17
109.3, 3, 17
109.4, 3, 17
109.5, 3, 17
109.6, 3, 17
109.7, 3, 17
109.8, 3, 17
109.9, 3, 17
110, 3, 17
110.1, 3, 17
110.2, 3, 17
110.3, 3, 17
110.4, 3, 17
110.5, 3, 17
110.6, 3, 17
110.7, 3, 17
110.8, 3, 17
110.9, 3, 17
111, 3, 17
111.1, 3, 17
111.2, 3, 17
111.3, 3, 17
111.4, 3, 17
111.5, 3, 18
111.6, 3, 18
111.7, 3, 18
111.8, 3, 18
111.9, 3, 18
112, 3, 18
112.1, 3, 18
112.2, 3, 18
112.3, 3, 18
112.4, 3, 18
112.5, 3, 18
112.6, 3, 18
112.7, 3, 18
112.8, 3, 18
112.9, 3, 18
113, 3, 18
113.1, 3, 18
113.2, 3, 18
113.3, 3, 18
113.4, 3, 18
113.5, 3, 18
113.6, 3, 18
113.7, 3, 18
113.8, 3, 18
113.9, 3, 18
114, 3, 18
114.1, 3, 18
114.2, 3, 18
114.3, 3, 18
114.4, 3, 18
114.5, 3, 18
114.6, 3, 18
114.7, 3, 19
114.8, 3, 19
114.9, 3, 19
115, 3, 19
115.1, 3, 19
115.2, 3, 19
115.3, 3, 19
115.4, 3, 19
115.5, 3, 19
115.6, 3, 19
115.7, 3, 19
115.8, 3, 19
115.9, 3, 19
116, 3, 19
116.1, 3, 19
116.2, 3, 19
116.3, 3, 19
116.4, 3, 19
116.5, 4, 19
116.6, 4, 19
116.7, 4, 19
116.8, 4, 19
116.9, 4, 19
117, 4, 19
117.1, 4, 19
117.2, 4, 19
117.3, 4, 19
117.4, 4, 19
117.5, 4, 19
117.6, 4, 19
117.7, 4, 19
117.8, 4, 19
117.9, 4, 19
118, 4, 19
118.1, 4, 19
118.2, 4, 19
118.3, 4, 19
118.4, 4, 19
118.5, 5, 19
118.6, 5, 19
118.7, 5, 19
118.8, 5, 19
118.9, 5, 19
119, 5, 19
119.1, 5, 19
119.2, 5, 19
119.3, 5, 19
119.4, 5, 19
119.5, 5, 19
119.6, 5, 19
119.7, 5, 19
119.8, 5, 19
119.9, 5, 19
120, 5, 19
120.1, 5, 19
120.2, 5, 19
120.3, 5, 19
120.4, 5, 19
120.5, 5, 19
120.6, 5, 19
120.7, 5, 19
120.8, 5, 19
120.9, 5, 19
121, 5, 19
121.1, 5, 19
121.2, 5, 19
121.3, 5, 19
121.4, 5, 19
121.5, 5, 19
121.6, 5, 19
121.7, 5, 19
121.8, 5, 19
121.9, 5, 19
122, 5, 19
122.1, 5, 19
122.2, 5, 19
122.3, 5, 19
122.4, 5, 19
122.5, 5, 19
122.6, 5, 19
122.7, 6, 19
122.8, 6, 19
122.9, 6, 19
123, 6, 19
123.1, 6, 19
123.2, 6, 19
123.3, 6, 19
123.4, 6, 19
123.5, 6, 19
123.6, 6, 19
123.7, 6, 19
123.8, 6, 19
123.9, 6, 19
124, 6, 19
124.1, 6, 19
124.2, 6, 19
124.3, 6, 19
124.4, 6, 19
124.5, 6, 19
124.6, 6, 19
124.7, 6, 19
124.8, 6, 19
124.9, 6, 19
125, 6, 19
125.1, 6, 19
125.2, 6, 19
125.3, 6, 20
125.4, 6, 20
125.5, 6, 20
125.6, 6, 20
125.7, 6, 20
125.8, 6, 20
125.9, 6, 20
126, 6, 20
126.1, 6, 20
126.2, 6, 20
126.3, 6, 20
126.4, 6, 20
126.5, 6, 20
126.6, 6, 20
126.7, 6, 20
126.8, 6, 20
126.9, 6, 20
127, 6, 20
127.1, 6, 20
127.2, 6, 20
127.3, 6, 20
127.4, 6, 20
127.5, 6, 20
127.6, 6, 20
127.7, 6, 20
127.8, 6, 20
127.9, 6, 20
128, 6, 20
128.1, 6, 20
128.2, 6, 20
128.3, 6, 20
128.4, 6, 20
128.5, 6, 20
128.6, 6, 20
128.7, 6, 20
128.8, 6, 20
128.9, 6, 20
129, 6, 20
129.1, 6, 20
129.2, 6, 20
129.3, 6, 20
129.4, 6, 20
129.5, 6, 20
129.6, 6, 20
129.7, 6, 20
129.8, 6, 20
129.9, 6, 20
130, 6, 20
130.1, 6, 20
130.2, 6, 20
130.3, 6, 20
130.4, 6, 20
130.5, 6, 20
130.6, 6, 20
130.7, 7, 20
130.8, 7, 20
130.9, 7, 20
131, 7, 20
131.1, 7, 20
131.2, 7, 20
131.3, 7, 20
131.4, 7, 20
131.5, 7, 20
131.6, 7, 20
131.7, 7, 20
131.8, 7, 20
131.9, 7, 20
132, 7, 20
132.1, 7, 20
132.2, 7, 20
132.3, 7, 20
132.4, 7, 20
132.5, 7, 20
132.6, 7, 20
132.7, 7, 20
132.8, 7, 20
132.9, 7, 20
133, 7, 20
133.1, 7, 20
133.2, 7, 20
133.3, 7, 20
133.4, 7, 20
133.5, 7, 20
133.6, 7, 20
133.7, 7, 20
133.8, 7, 20
133.9, 6, 20
134, 6, 20
134.1, 6, 20
134.2, 6, 20
134.3, 6, 20
134.4, 6, 20
134.5, 6, 20
134.6, 6, 20
134.7, 6, 20
134.8, 6, 20
134.9, 6, 20
135, 6, 20
135.1, 7, 20
135.2, 7, 20
135.3, 7, 20
135.4, 7, 20
135.5, 7, 20
135.6, 7, 20
135.7, 7, 21
135.8, 7, 21
135.9, 7, 21
136, 7, 21
136.1, 7, 21
136.2, 7, 21
136.3, 7, 21
136.4, 7, 21
136.5, 7, 21
136.6, 7, 21
136.7, 7, 21
136.8, 7, 21
136.9, 7, 21
137, 7, 21
137.1, 7, 21
137.2, 7, 21
137.3, 7, 21
137.4, 7, 21
137.5, 7, 21
137.6, 7, 21
137.7, 7, 21
137.8, 7, 21
137.9, 7, 21
138, 7, 21
138.1, 7, 21
138.2, 7, 21
138.3, 8, 21
138.4, 8, 21
138.5, 8, 21
138.6, 8, 21
138.7, 8, 21
138.8, 8, 21
138.9, 8, 21
139, 8, 21
139.1, 8, 21
139.2, 8, 21
139.3, 8, 21
139.4, 8, 21
139.5, 8, 21
139.6, 8, 21
139.7, 8, 21
139.8, 8, 21
139.9, 8, 21
140, 8, 21
140.1, 8, 21
140.2, 8, 21
140.3, 8, 21
140.4, 8, 21
140.5, 8, 21
140.6, 8, 21
140.7, 8, 21
140.8, 8, 21
140.9, 8, 21
141, 8, 21
141.1, 8, 21
141.2, 8, 21
141.3, 7, 21
141.4, 7, 21
141.5, 7, 21
141.6, 7, 21
141.7, 6, 21
141.8, 6, 21
141.9, 5, 21
142, 5, 21
142.1, 5, 21
142.2, 5, 21
142.3, 5, 21
142.4, 5, 21
142.5, 5, 21
142.6, 5, 21
142.7, 5, 21
142.8, 5, 21
142.9, 5, 21
143, 5, 21
143.1, 5, 21
143.2, 5, 21
143.3, 5, 21
143.4, 5, 21
143.5, 5, 21
143.6, 5, 21
143.7, 5, 21
143.8, 5, 21
143.9, 5, 21
144, 5, 21
144.1, 5, 21
144.2, 5, 21
144.3, 5, 21
144.4, 5, 21
144.5, 5, 21
144.6, 5, 21
144.7, 5, 21
144.8, 5, 21
144.9, 5, 21
145, 5, 21
145.1, 5, 21
145.2, 5, 21
145.3, 5, 21
145.4, 5, 21
145.5, 5, 21
145.6, 5, 21
145.7, 5, 21
145.8, 5, 21
145.9, 5, 21
146, 5, 21
146.1, 5, 21
146.2, 5, 21
146.3, 5, 21
146.4, 5, 21
146.5, 5, 21
146.6, 5, 21
146.7, 5, 21
146.8, 5, 21
146.9, 5, 21
147, 5, 21
147.1, 5, 21
147.2, 5, 21
147.3, 5, 21
147.4, 5, 21
147.5, 5, 21
147.6, 5, 21
147.7, 5, 21
147.8, 5, 21
147.9, 5, 21
148, 5, 21
148.1, 5, 21
148.2, 5, 21
148.3, 5, 21
148.4, 5, 21
148.5, 5, 21
148.6, 5, 21
148.7, 5, 21
148.8, 5, 21
148.9, 5, 21
149, 5, 21
149.1, 5, 21
149.2, 5, 21
149.3, 5, 21
149.4, 5, 21
149.5, 5, 21
149.6, 5, 21
149.7, 5, 21
149.8, 5, 21
149.9, 5, 21
150, 5, 21
150.1, 5, 21
150.2, 5, 21
150.3, 5, 21
150.4, 5, 21
150.5, 5, 21
150.6, 5, 21
150.7, 6, 21
150.8, 6, 21
150.9, 6, 21
151, 6, 21
151.1, 6, 21
151.2, 6, 21
151.3, 6, 21
151.4, 6, 21
151.5, 6, 21
151.6, 6, 21
151.7, 6, 21
151.8, 6, 21
151.9, 6, 21
152, 6, 21
152.1, 6, 21
152.2, 6, 21
152.3, 6, 21
152.4, 6, 21
152.5, 6, 21
152.6, 6, 21
152.7, 6, 21
152.8, 6, 21
152.9, 6, 21
153, 6, 21
153.1, 6, 21
153.2, 6, 21
153.3, 6, 21
153.4, 6, 21
153.5, 6, 21
153.6, 6, 21
153.7, 6, 21
153.8, 6, 21
153.9, 6, 21
154, 6, 21
154.1, 6, 21
154.2, 6, 21
154.3, 6, 21
154.4, 6, 21
154.5, 6, 21
154.6, 6, 21
154.7, 6, 21
154.8, 6, 21
154.9, 6, 21
155, 6, 21
155.1, 6, 21
155.2, 6, 21
155.3, 6, 21
155.4, 6, 21
155.5, 6, 21
155.6, 6, 21
155.7, 6, 21
155.8, 6, 21
155.9, 6, 21
156, 6, 21
156.1, 6, 21
156.2, 6, 21
156.3, 6, 21
156.4, 6, 21
156.5, 6, 21
156.6, 6, 21
156.7, 6, 21
156.8, 6, 21
156.9, 6, 21
157, 6, 21
157.1, 6, 21
157.2, 6, 21
157.3, 6, 21
157.4, 6, 21
157.5, 6, 21
157.6, 6, 21
157.7, 6, 21
157.8, 6, 21
157.9, 6, 21
158, 6, 21
158.1, 6, 21
158.2, 6, 21
158.3, 6, 21
158.4, 6, 21
158.5, 5, 21
158.6, 5, 21
158.7, 5, 21
158.8, 5, 21
158.9, 5, 20
159, 5, 20
159.1, 6, 20
159.2, 6, 20
159.3, 6, 20
159.4, 6, 20
159.5, 6, 20
159.6, 6, 20
159.7, 6, 20
159.8, 6, 20
159.9, 6, 20
160, 6, 20
160.1, 6, 20
160.2, 6, 20
160.3, 6, 20
160.4, 6, 20
160.5, 6, 20
160.6, 6, 20
160.7, 6, 20
160.8, 6, 20
160.9, 6, 20
161, 6, 20
161.1, 6, 20
161.2, 6, 20
161.3, 6, 20
161.4, 6, 20
161.5, 6, 20
161.6, 6, 20
161.7, 7, 20
161.8, 7, 20
161.9, 7, 20
162, 7, 20
162.1, 7, 20
162.2, 7, 20
162.3, 7, 20
162.4, 7, 20
162.5, 7, 20
162.6, 7, 20
162.7, 6, 20
162.8, 6, 20
162.9, 6, 20
163, 6, 20
163.1, 6, 20
163.2, 6, 20
163.3, 6, 20
163.4, 6, 20
163.5, 6, 20
163.6, 6, 20
163.7, 6, 20
163.8, 6, 20
163.9, 6, 20
164, 6, 20
164.1, 6, 20
164.2, 6, 20
164.3, 6, 20
164.4, 6, 20
164.5, 6, 20
164.6, 6, 20
164.7, 6, 20
164.8, 6, 20
164.9, 6, 20
165, 6, 20
165.1, 6, 20
165.2, 6, 20
165.3, 6, 20
165.4, 6, 20
165.5, 7, 20
165.6, 7, 20
165.7, 7, 20
165.8, 7, 20
165.9, 7, 20
166, 7, 20
166.1, 7, 20
166.2, 7, 20
166.3, 8, 20
166.4, 8, 20
166.5, 8, 20
166.6, 8, 20
166.7, 8, 20
166.8, 8, 20
166.9, 8, 20
167, 8, 20
167.1, 8, 20
167.2, 8, 20
167.3, 8, 20
167.4, 8, 20
167.5, 7, 20
167.6, 7, 20
167.7, 7, 20
167.8, 7, 20
167.9, 7, 20
168, 7, 20
168.1, 7, 20
168.2, 7, 20
168.3, 7, 20
168.4, 7, 20
168.5, 7, 20
168.6, 7, 20
168.7, 7, 20
168.8, 7, 20
168.9, 7, 20
169, 7, 20
169.1, 7, 20
169.2, 7, 20
169.3, 7, 20
169.4, 7, 20
169.5, 7, 20
169.6, 7, 20
169.7, 7, 21
169.8, 7, 21
169.9, 7, 21
170, 7, 21
170.1, 7, 22
170.2, 7, 22
170.3, 7, 22
170.4, 7, 22
170.5, 7, 22
170.6, 7, 22
170.7, 7, 22
170.8, 7, 22
170.9, 7, 22
171, 7, 22
171.1, 7, 22
171.2, 7, 22
171.3, 7, 23
171.4, 7, 23
171.5, 7, 23
171.6, 7, 23
171.7, 7, 23
171.8, 7, 23
171.9, 7, 23
172, 7, 23
172.1, 7, 23
172.2, 7, 23
172.3, 7, 23
172.4, 7, 23
172.5, 7, 23
172.6, 7, 23
172.7, 8, 23
172.8, 8, 23
172.9, 8, 23
173, 8, 23
173.1, 8, 23
173.2, 8, 23
173.3, 8, 23
173.4, 8, 23
173.5, 8, 23
173.6, 8, 23
173.7, 8, 23
173.8, 8, 23
173.9, 8, 23
174, 8, 23
174.1, 8, 23
174.2, 8, 23
174.3, 8, 23
174.4, 8, 23
174.5, 8, 23
174.6, 8, 23
174.7, 8, 23
174.8, 8, 23
174.9, 8, 23
175, 8, 23
175.1, 8, 23
175.2, 8, 23
175.3, 8, 24
175.4, 8, 24
175.5, 8, 24
175.6, 8, 24
175.7, 9, 24
175.8, 9, 24
175.9, 9, 24
176, 9, 24
176.1, 9, 25
176.2, 9, 25
176.3, 9, 25
176.4, 9, 25
176.5, 9, 25
176.6, 9, 25
176.7, 9, 25
176.8, 9, 25
176.9, 9, 25
177, 9, 25
177.1, 9, 25
177.2, 9, 25
177.3, 9, 25
177.4, 9, 25
177.5, 9, 25
177.6, 9, 25
177.7, 9, 25
177.8, 9, 25
177.9, 9, 25
178, 9, 25
178.1, 9, 25
178.2, 9, 25
178.3, 9, 25
178.4, 9, 25
178.5, 9, 25
178.6, 9, 25
178.7, 9, 25
178.8, 9, 25
178.9, 9, 25
179, 9, 25
179.1, 9, 25
179.2, 9, 25
179.3, 8, 25
179.4, 8, 25
179.5, 8, 25
179.6, 8, 25
179.7, 8, 25
179.8, 8, 25
179.9, 8, 25
180, 8, 25
180.1, 8, 25
180.2, 8, 25
180.3, 8, 25
180.4, 8, 25
180.5, 8, 25
180.6, 8, 25
180.7, 8, 25
180.8, 8, 25
180.9, 8, 25
181, 8, 25
181.1, 8, 24
181.2, 8, 24
181.3, 8, 25
181.4, 8, 25
181.5, 8, 25
181.6, 8, 25
181.7, 8, 25
181.8, 8, 25
181.9, 8, 25
182, 8, 25
182.1, 8, 25
182.2, 8, 25
182.3, 8, 25
182.4, 8, 25
182.5, 8, 24
182.6, 8, 24
182.7, 8, 24
182.8, 8, 24
182.9, 8, 24
183, 8, 24
183.1, 8, 24
183.2, 8, 24
183.3, 9, 24
183.4, 9, 24
183.5, 9, 24
183.6, 9, 24
183.7, 9, 24
183.8, 9, 24
183.9, 9, 24
184, 9, 24
184.1, 9, 23
184.2, 9, 23
184.3, 9, 24
184.4, 9, 24
184.5, 9, 24
184.6, 9, 24
184.7, 10, 24
184.8, 10, 24
184.9, 10, 24
185, 10, 24
185.1, 10, 24
185.2, 10, 24
185.3, 10, 24
185.4, 10, 24
185.5, 10, 24
185.6, 10, 24
185.7, 10, 24
185.8, 10, 24
185.9, 10, 24
186, 10, 24
186.1, 10, 24
186.2, 10, 24
186.3, 10, 24
186.4, 10, 24
186.5, 10, 24
186.6, 10, 24
186.7, 10, 24
186.8, 10, 24
186.9, 10, 24
187, 10, 24
187.1, 10, 24
187.2, 10, 24
187.3, 10, 24
187.4, 10, 24
187.5, 10, 24
187.6, 10, 24
187.7, 10, 24
187.8, 10, 24
187.9, 10, 24
188, 10, 24
188.1, 10, 24
188.2, 10, 24
188.3, 10, 24
188.4, 10, 24
188.5, 11, 24
188.6, 11, 24
188.7, 11, 24
188.8, 11, 24
188.9, 11, 24
189, 11, 24
189.1, 11, 24
189.2, 11, 24
189.3, 11, 24
189.4, 11, 24
189.5, 10, 24
189.6, 10, 24
189.7, 10, 24
189.8, 10, 24
189.9, 10, 24
190, 10, 24
190.1, 10, 24
190.2, 10, 24
190.3, 10, 24
190.4, 10, 24
190.5, 10, 24
190.6, 10, 24
190.7, 10, 24
190.8, 10, 24
190.9, 10, 24
191, 10, 24
191.1, 10, 24
191.2, 10, 24
191.3, 10, 24
191.4, 10, 24
191.5, 10, 24
191.6, 10, 24
191.7, 10, 24
191.8, 10, 24
191.9, 10, 24
192, 10, 24
192.1, 10, 24
192.2, 10, 24
192.3, 10, 24
192.4, 10, 24
192.5, 10, 24
192.6, 10, 24
192.7, 10, 24
192.8, 10, 24
192.9, 10, 24
193, 10, 24
193.1, 10, 25
193.2, 10, 25
193.3, 10, 25
193.4, 10, 25
193.5, 10, 25
193.6, 10, 25
193.7, 10, 25
193.8, 10, 25
193.9, 10, 25
194, 10, 25
194.1, 10, 25
194.2, 10, 25
194.3, 10, 25
194.4, 10, 25
194.5, 10, 25
194.6, 10, 25
194.7, 10, 25
194.8, 10, 25
194.9, 10, 25
195, 10, 25
195.1, 10, 25
195.2, 10, 25
195.3, 10, 25
195.4, 10, 25
195.5, 10, 25
195.6, 10, 25
195.7, 10, 25
195.8, 10, 25
195.9, 10, 25
196, 10, 25
196.1, 10, 25
196.2, 10, 25
196.3, 10, 25
196.4, 10, 25
196.5, 10, 25
196.6, 10, 25
196.7, 10, 25
196.8, 10, 25
196.9, 10, 25
197, 10, 25
197.1, 10, 25
197.2, 10, 25
197.3, 10, 25
197.4, 10, 25
197.5, 10, 25
197.6, 10, 25
197.7, 10, 25
197.8, 10, 25
197.9, 10, 25
198, 10, 25
198.1, 11, 25
198.2, 11, 25
198.3, 11, 25
198.4, 11, 25
198.5, 11, 25
198.6, 11, 25
198.7, 11, 25
198.8, 11, 25
198.9, 11, 25
199, 11, 25
199.1, 11, 25
199.2, 11, 25
199.3, 11, 25
199.4, 11, 25
199.5, 11, 25
199.6, 11, 25
199.7, 11, 25
199.8, 11, 25
199.9, 11, 25
200, 11, 25
200.1, 11, 25
200.2, 11, 25
200.3, 11, 25
200.4, 11, 25
200.5, 11, 25
200.6, 11, 25
200.7, 11, 25
200.8, 11, 25
200.9, 11, 25
201, 11, 25
201.1, 11, 25
201.2, 11, 25
201.3, 11, 25
201.4, 11, 25
201.5, 11, 25
201.6, 11, 25
201.7, 11, 25
201.8, 11, 25
201.9, 11, 25
202, 11, 25
202.1, 11, 25
202.2, 11, 25
202.3, 11, 25
202.4, 11, 25
202.5, 11, 25
202.6, 11, 25
202.7, 11, 25
202.8, 11, 25
202.9, 11, 25
203, 11, 25
203.1, 11, 25
203.2, 11, 25
203.3, 11, 25
203.4, 11, 25
203.5, 11, 25
203.6, 11, 25
203.7, 11, 25
203.8, 11, 25
203.9, 11, 25
204, 11, 25
204.1, 11, 25
204.2, 11, 25
204.3, 11, 25
204.4, 11, 25
204.5, 11, 25
204.6, 11, 25
204.7, 11, 25
204.8, 11, 25
204.9, 11, 25
205, 11, 25
205.1, 11, 25
205.2, 11, 25
205.3, 11, 25
205.4, 11, 25
205.5, 11, 25
205.6, 11, 25
205.7, 11, 25
205.8, 11, 25
205.9, 11, 25
206, 11, 25
206.1, 11, 25
206.2, 11, 25
206.3, 11, 25
206.4, 11, 25
206.5, 11, 25
206.6, 11, 25
206.7, 11, 25
206.8, 11, 25
206.9, 11, 25
207, 11, 25
207.1, 11, 25
207.2, 11, 25
207.3, 12, 25
207.4, 12, 25
207.5, 12, 25
207.6, 12, 25
207.7, 12, 25
207.8, 12, 25
207.9, 12, 25
208, 12, 25
208.1, 12, 25
208.2, 12, 25
208.3, 12, 25
208.4, 12, 25
208.5, 12, 25
208.6, 12, 25
208.7, 12, 25
208.8, 12, 25
208.9, 12, 25
209, 12, 25
209.1, 12, 25
209.2, 12, 25
209.3, 12, 25
209.4, 12, 25
209.5, 12, 25
209.6, 12, 25
209.7, 12, 25
209.8, 12, 25
209.9, 12, 25
210, 12, 25
210.1, 12, 25
210.2, 12, 25
210.3, 12, 25
210.4, 12, 25
210.5, 12, 25
210.6, 12, 25
210.7, 12, 25
210.8, 12, 25
210.9, 12, 25
211, 12, 25
211.1, 12, 25
211.2, 12, 25
211.3, 12, 25
211.4, 12, 25
211.5, 12, 25
211.6, 12, 25
211.7, 12, 25
211.8, 12, 25
211.9, 12, 25
212, 12, 25
212.1, 13, 25
212.2, 13, 25
212.3, 13, 25
212.4, 13, 25
212.5, 13, 25
212.6, 13, 25
212.7, 13, 25
212.8, 13, 25
212.9, 13, 25
213, 13, 25
213.1, 13, 25
213.2, 13, 25
213.3, 13, 25
213.4, 13, 25
213.5, 13, 26
213.6, 13, 26
213.7, 13, 26
213.8, 13, 26
213.9, 13, 26
214, 13, 26
214.1, 13, 26
214.2, 13, 26
214.3, 13, 26
214.4, 13, 26
214.5, 13, 26
214.6, 13, 26
214.7, 13, 26
214.8, 13, 26
214.9, 13, 26
215, 13, 26
215.1, 13, 26
215.2, 13, 26
215.3, 13, 26
215.4, 13, 26
215.5, 13, 26
215.6, 13, 26
215.7, 13, 26
215.8, 13, 26
215.9, 13, 26
216, 13, 26
216.1, 13, 26
216.2, 13, 26
216.3, 13, 26
216.4, 13, 26
216.5, 13, 26
216.6, 13, 26
216.7, 13, 26
216.8, 13, 26
216.9, 13, 26
217, 13, 26
217.1, 13, 26
217.2, 13, 26
217.3, 13, 26
217.4, 13, 26
217.5, 13, 26
217.6, 13, 26
217.7, 13, 26
217.8, 13, 26
217.9, 13, 27
218, 13, 27
218.1, 13, 27
218.2, 13, 27
218.3, 13, 27
218.4, 13, 27
218.5, 13, 27
218.6, 13, 27
218.7, 13, 27
218.8, 13, 27
218.9, 13, 27
219, 13, 27
219.1, 13, 27
219.2, 13, 27
219.3, 13, 27
219.4, 13, 27
219.5, 13, 27
219.6, 13, 27
219.7, 13, 27
219.8, 13, 27
219.9, 13, 27
220, 13, 27
220.1, 13, 27
220.2, 13, 27
220.3, 13, 28
220.4, 13, 28
220.5, 13, 28
220.6, 13, 28
220.7, 13, 28
220.8, 13, 28
220.9, 13, 28
221, 13, 28
221.1, 13, 28
221.2, 13, 28
221.3, 13, 28
221.4, 13, 28
221.5, 13, 28
221.6, 13, 28
221.7, 13, 28
221.8, 13, 28
221.9, 13, 29
222, 13, 29
222.1, 13, 29
222.2, 13, 29
222.3, 13, 29
222.4, 13, 29
222.5, 13, 29
222.6, 13, 29
222.7, 13, 29
222.8, 13, 29
222.9, 13, 29
223, 13, 29
223.1, 13, 29
223.2, 13, 29
223.3, 12, 29
223.4, 12, 29
223.5, 12, 29
223.6, 12, 29
223.7, 13, 29
223.8, 13, 29
223.9, 13, 29
224, 13, 29
224.1, 13, 29
224.2, 13, 29
224.3, 13, 29
224.4, 13, 29
224.5, 13, 29
224.6, 13, 29
224.7, 13, 29
224.8, 13, 29
224.9, 13, 29
225, 13, 29
225.1, 12, 29
225.2, 12, 29
225.3, 12, 29
225.4, 12, 29
225.5, 12, 29
225.6, 12, 29
225.7, 12, 29
225.8, 12, 29
225.9, 12, 29
226, 12, 29
226.1, 12, 29
226.2, 12, 29
226.3, 13, 29
226.4, 13, 29
226.5, 13, 29
226.6, 13, 29
226.7, 13, 28
226.8, 13, 28
226.9, 13, 28
227, 13, 28
227.1, 13, 28
227.2, 13, 28
227.3, 13, 28
227.4, 13, 28
227.5, 13, 28
227.6, 13, 28
227.7, 13, 28
227.8, 13, 28
227.9, 13, 28
228, 13, 28
228.1, 13, 28
228.2, 13, 28
228.3, 13, 28
228.4, 13, 28
228.5, 13, 28
228.6, 13, 28
228.7, 13, 28
228.8, 13, 28
228.9, 13, 28
229, 13, 28
229.1, 13, 28
229.2, 13, 28
229.3, 13, 28
229.4, 13, 28
229.5, 13, 28
229.6, 13, 28
229.7, 13, 28
229.8, 13, 28
229.9, 13, 28
230, 13, 28
230.1, 13, 28
230.2, 13, 28
230.3, 13, 28
230.4, 13, 28
230.5, 13, 28
230.6, 13, 28
230.7, 13, 28
230.8, 13, 28
230.9, 13, 28
231, 13, 28
231.1, 13, 28
231.2, 13, 28
231.3, 13, 28
231.4, 13, 28
231.5, 13, 27
231.6, 13, 27
231.7, 13, 27
231.8, 13, 27
231.9, 13, 27
232, 13, 27
232.1, 13, 27
232.2, 13, 27
232.3, 13, 27
232.4, 13, 27
232.5, 13, 27
232.6, 13, 27
232.7, 13, 27
232.8, 13, 27
232.9, 12, 27
233, 12, 27
233.1, 12, 27
233.2, 12, 27
233.3, 12, 27
233.4, 12, 27
233.5, 12, 27
233.6, 12, 27
233.7, 12, 27
233.8, 12, 27
233.9, 12, 27
234, 12, 27
234.1, 12, 27
234.2, 12, 27
234.3, 12, 27
234.4, 12, 27
234.5, 12, 27
234.6, 12, 27
234.7, 12, 27
234.8, 12, 27
234.9, 12, 27
235, 12, 27
235.1, 12, 27
235.2, 12, 27
235.3, 12, 27
235.4, 12, 27
235.5, 12, 27
235.6, 12, 27
235.7, 12, 27
235.8, 12, 27
235.9, 12, 27
236, 12, 27
236.1, 12, 27
236.2, 12, 27
236.3, 13, 27
236.4, 13, 27
236.5, 12, 27
236.6, 12, 27
236.7, 12, 27
236.8, 12, 27
236.9, 12, 28
237, 12, 28
237.1, 13, 28
237.2, 13, 28
237.3, 13, 28
237.4, 13, 28
237.5, 13, 28
237.6, 13, 28
237.7, 13, 28
237.8, 13, 28
237.9, 13, 28
238, 13, 28
238.1, 13, 28
238.2, 13, 28
238.3, 13, 28
238.4, 13, 28
238.5, 13, 28
238.6, 13, 28
238.7, 13, 28
238.8, 13, 28
238.9, 13, 28
239, 13, 28
239.1, 13, 28
239.2, 13, 28
239.3, 13, 28
239.4, 13, 28
239.5, 13, 28
239.6, 13, 28
239.7, 13, 28
239.8, 13, 28
239.9, 13, 28
240, 13, 28
240.1, 13, 28
240.2, 13, 28
240.3, 13, 28
240.4, 13, 28
240.5, 13, 28
240.6, 13, 28
240.7, 13, 28
240.8, 13, 28
240.9, 14, 28
241, 14, 28
241.1, 14, 28
241.2, 14, 28
241.3, 14, 28
241.4, 14, 28
241.5, 14, 28
241.6, 14, 28
241.7, 14, 27
241.8, 14, 27
241.9, 13, 27
242, 13, 27
242.1, 13, 27
242.2, 13, 27
242.3, 13, 27
242.4, 13, 27
242.5, 13, 27
242.6, 13, 27
242.7, 13, 27
242.8, 13, 27
242.9, 13, 27
243, 13, 27
243.1, 13, 27
243.2, 13, 27
243.3, 13, 27
243.4, 13, 27
243.5, 13, 27
243.6, 13, 27
243.7, 13, 28
243.8, 13, 28
243.9, 13, 28
244, 13, 28
244.1, 13, 28
244.2, 13, 28
244.3, 13, 28
244.4, 13, 28
244.5, 13, 28
244.6, 13, 28
244.7, 13, 28
244.8, 13, 28
244.9, 13, 28
245, 13, 28
245.1, 13, 28
245.2, 13, 28
245.3, 13, 28
245.4, 13, 28
245.5, 13, 28
245.6, 13, 28
245.7, 13, 28
245.8, 13, 28
245.9, 13, 28
246, 13, 28
246.1, 13, 28
246.2, 13, 28
246.3, 13, 28
246.4, 13, 28
246.5, 13, 28
246.6, 13, 28
246.7, 13, 28
246.8, 13, 28
246.9, 13, 28
247, 13, 28
247.1, 13, 28
247.2, 13, 28
247.3, 13, 27
247.4, 13, 27
247.5, 13, 27
247.6, 13, 27
247.7, 13, 27
247.8, 13, 27
247.9, 13, 27
248, 13, 27
248.1, 13, 27
248.2, 13, 27
248.3, 13, 28
248.4, 13, 28
248.5, 13, 28
248.6, 13, 28
248.7, 13, 28
248.8, 13, 28
248.9, 14, 28
249, 14, 28
249.1, 14, 28
249.2, 14, 28
249.3, 14, 28
249.4, 14, 28
249.5, 14, 28
249.6, 14, 28
249.7, 14, 28
249.8, 14, 28
249.9, 14, 28
250, 14, 28
250.1, 14, 29
250.2, 14, 29
250.3, 14, 29
250.4, 14, 29
250.5, 14, 29
250.6, 14, 29
250.7, 14, 29
250.8, 14, 29
250.9, 14, 29
251, 14, 29
251.1, 14, 29
251.2, 14, 29
251.3, 14, 29
251.4, 14, 29
251.5, 14, 29
251.6, 14, 29
251.7, 14, 29
251.8, 14, 29
251.9, 14, 29
252, 14, 29
252.1, 14, 29
252.2, 14, 29
252.3, 15, 29
252.4, 15, 29
252.5, 15, 29
252.6, 15, 29
252.7, 15, 29
252.8, 15, 29
252.9, 15, 29
253, 15, 29
253.1, 15, 29
253.2, 15, 29
253.3, 15, 29
253.4, 15, 29
253.5, 15, 29
253.6, 15, 29
253.7, 15, 29
253.8, 15, 29
253.9, 15, 29
254, 15, 29
254.1, 14, 29
254.2, 14, 29
254.3, 14, 29
254.4, 14, 29
254.5, 14, 29
254.6, 14, 29
254.7, 14, 29
254.8, 14, 29
254.9, 14, 29
255, 14, 29
255.1, 14, 29
255.2, 14, 29
255.3, 14, 29
255.4, 14, 29
255.5, 14, 29
255.6, 14, 29
255.7, 14, 29
255.8, 14, 29
255.9, 14, 29
256, 14, 29
256.1, 14, 29
256.2, 14, 29
256.3, 14, 29
256.4, 14, 29
256.5, 14, 29
256.6, 14, 29
256.7, 14, 29
256.8, 14, 29
256.9, 14, 29
257, 14, 29
257.1, 14, 29
257.2, 14, 29
257.3, 14, 29
257.4, 14, 29
257.5, 14, 29
257.6, 14, 29
257.7, 14, 29
257.8, 14, 29
257.9, 14, 29
258, 14, 29
258.1, 14, 29
258.2, 14, 29
258.3, 14, 29
258.4, 14, 29
258.5, 14, 29
258.6, 14, 29
258.7, 14, 29
258.8, 14, 29
258.9, 14, 29
259, 14, 29
259.1, 14, 29
259.2, 14, 29
259.3, 14, 29
259.4, 14, 29
259.5, 14, 29
259.6, 14, 29
259.7, 14, 29
259.8, 14, 29
259.9, 14, 29
260, 14, 29
260.1, 14, 29
260.2, 14, 29
260.3, 14, 30
260.4, 14, 30
260.5, 14, 30
260.6, 14, 30
260.7, 14, 30
260.8, 14, 30
260.9, 14, 30
261, 14, 30
261.1, 14, 30
261.2, 14, 30
261.3, 14, 30
261.4, 14, 30
261.5, 14, 30
261.6, 14, 30
261.7, 14, 30
261.8, 14, 30
261.9, 14, 30
262, 14, 30
262.1, 14, 30
262.2, 14, 30
262.3, 14, 30
262.4, 14, 30
262.5, 14, 30
262.6, 14, 30
262.7, 14, 30
262.8, 14, 30
262.9, 14, 30
263, 14, 30
263.1, 14, 30
263.2, 14, 30
263.3, 14, 30
263.4, 14, 30
263.5, 14, 30
263.6, 14, 30
263.7, 14, 30
263.8, 14, 30
263.9, 14, 30
264, 14, 30
264.1, 14, 30
264.2, 14, 30
264.3, 14, 30
264.4, 14, 30
264.5, 14, 30
264.6, 14, 30
264.7, 14, 30
264.8, 14, 30
264.9, 14, 30
265, 14, 30
265.1, 14, 30
265.2, 14, 30
265.3, 14, 30
265.4, 14, 30
265.5, 14, 30
265.6, 14, 30
265.7, 14, 30
265.8, 14, 30
265.9, 14, 30
266, 14, 30
266.1, 14, 30
266.2, 14, 30
266.3, 14, 30
266.4, 14, 30
266.5, 14, 30
266.6, 14, 30
266.7, 14, 29
266.8, 14, 29
266.9, 14, 29
267, 14, 29
267.1, 14, 29
267.2, 14, 29
267.3, 14, 29
267.4, 14, 29
267.5, 14, 29
267.6, 14, 29
267.7, 14, 29
267.8, 14, 29
267.9, 15, 29
268, 15, 29
268.1, 15, 29
268.2, 15, 29
268.3, 15, 29
268.4, 15, 29
268.5, 15, 29
268.6, 15, 29
268.7, 15, 29
268.8, 15, 29
268.9, 15, 29
269, 15, 29
269.1, 15, 29
269.2, 15, 29
269.3, 15, 29
269.4, 15, 29
269.5, 15, 29
269.6, 15, 29
269.7, 14, 29
269.8, 14, 29
269.9, 15, 29
270, 15, 29
270.1, 15, 29
270.2, 15, 29
270.3, 15, 29
270.4, 15, 29
270.5, 15, 29
270.6, 15, 29
270.7, 15, 29
270.8, 15, 29
270.9, 15, 29
271, 15, 29
271.1, 15, 29
271.2, 15, 29
271.3, 15, 29
271.4, 15, 29
271.5, 15, 29
271.6, 15, 29
271.7, 15, 29
271.8, 15, 29
271.9, 15, 29
272, 15, 29
272.1, 15, 29
272.2, 15, 29
272.3, 15, 29
272.4, 15, 29
272.5, 14, 29
272.6, 14, 29
272.7, 14, 29
272.8, 14, 29
272.9, 14, 29
273, 14, 29
273.1, 14, 29
273.2, 14, 29
273.3, 14, 29
273.4, 14, 29
273.5, 14, 29
273.6, 14, 29
273.7, 14, 29
273.8, 14, 29
273.9, 14, 29
274, 14, 29
274.1, 15, 29
274.2, 15, 29
274.3, 15, 29
274.4, 15, 29
274.5, 15, 28
274.6, 15, 28
274.7, 15, 27
274.8, 15, 27
274.9, 15, 27
275, 15, 27
275.1, 15, 27
275.2, 15, 27
275.3, 15, 27
275.4, 15, 27
275.5, 15, 27
275.6, 15, 27
275.7, 14, 27
275.8, 14, 27
275.9, 14, 27
276, 14, 27
276.1, 14, 27
276.2, 14, 27
276.3, 14, 27
276.4, 14, 27
276.5, 14, 27
276.6, 14, 27
276.7, 13, 27
276.8, 13, 27
276.9, 13, 27
277, 13, 27
277.1, 13, 27
277.2, 13, 27
277.3, 13, 27
277.4, 13, 27
277.5, 13, 27
277.6, 13, 27
277.7, 13, 27
277.8, 13, 27
277.9, 13, 27
278, 13, 27
278.1, 13, 27
278.2, 13, 27
278.3, 13, 27
278.4, 13, 27
278.5, 13, 27
278.6, 13, 27
278.7, 13, 27
278.8, 13, 27
278.9, 13, 27
279, 13, 27
279.1, 13, 27
279.2, 13, 27
279.3, 13, 27
279.4, 13, 27
279.5, 13, 27
279.6, 13, 27
279.7, 13, 27
279.8, 13, 27
279.9, 13, 27
280, 13, 27
280.1, 13, 27
280.2, 13, 27
280.3, 13, 27
280.4, 13, 27
280.5, 12, 27
280.6, 12, 27
280.7, 12, 27
280.8, 12, 27
280.9, 12, 27
281, 12, 27
281.1, 12, 27
281.2, 12, 27
281.3, 12, 27
281.4, 12, 27
281.5, 12, 27
281.6, 12, 27
281.7, 12, 27
281.8, 12, 27
281.9, 12, 27
282, 12, 27
282.1, 12, 27
282.2, 12, 27
282.3, 11, 27
282.4, 11, 27
282.5, 11, 27
282.6, 11, 27
282.7, 11, 27
282.8, 11, 27
282.9, 11, 27
283, 11, 27
283.1, 11, 27
283.2, 11, 27
283.3, 11, 27
283.4, 11, 27
283.5, 11, 27
283.6, 11, 27
283.7, 11, 27
283.8, 11, 27
283.9, 11, 26
284, 11, 26
284.1, 11, 26
284.2, 11, 26
284.3, 11, 26
284.4, 11, 26
284.5, 11, 26
284.6, 11, 26
284.7, 11, 26
284.8, 11, 26
284.9, 11, 26
285, 11, 26
285.1, 11, 26
285.2, 11, 26
285.3, 11, 26
285.4, 11, 26
285.5, 11, 26
285.6, 11, 26
285.7, 10, 26
285.8, 10, 26
285.9, 10, 27
286, 10, 27
286.1, 10, 27
286.2, 10, 27
286.3, 10, 27
286.4, 10, 27
286.5, 10, 27
286.6, 10, 27
286.7, 10, 27
286.8, 10, 27
286.9, 10, 27
287, 10, 27
287.1, 10, 27
287.2, 10, 27
287.3, 10, 27
287.4, 10, 27
287.5, 10, 27
287.6, 10, 27
287.7, 11, 27
287.8, 11, 27
287.9, 11, 27
288, 11, 27
288.1, 11, 27
288.2, 11, 27
288.3, 11, 27
288.4, 11, 27
288.5, 11, 27
288.6, 11, 27
288.7, 11, 27
288.8, 11, 27
288.9, 11, 27
289, 11, 27
289.1, 11, 27
289.2, 11, 27
289.3, 11, 27
289.4, 11, 27
289.5, 11, 27
289.6, 11, 27
289.7, 11, 27
289.8, 11, 27
289.9, 11, 28
290, 11, 28
290.1, 11, 28
290.2, 11, 28
290.3, 11, 28
290.4, 11, 28
290.5, 11, 28
290.6, 11, 28
290.7, 11, 28
290.8, 11, 28
290.9, 11, 28
291, 11, 28
291.1, 11, 28
291.2, 11, 28
291.3, 11, 28
291.4, 11, 28
291.5, 11, 29
291.6, 11, 29
291.7, 11, 29
291.8, 11, 29
291.9, 11, 29
292, 11, 29
292.1, 11, 29
292.2, 11, 29
292.3, 11, 29
292.4, 11, 29
292.5, 11, 29
292.6, 11, 29
292.7, 11, 29
292.8, 11, 29
292.9, 11, 29
293, 11, 29
293.1, 10, 29
293.2, 10, 29
293.3, 10, 29
293.4, 10, 29
293.5, 10, 29
293.6, 10, 29
293.7, 10, 29
293.8, 10, 29
293.9, 10, 29
294, 10, 29
294.1, 10, 29
294.2, 10, 29
294.3, 10, 29
294.4, 10, 29
294.5, 10, 29
294.6, 10, 29
294.7, 10, 29
294.8, 10, 29
294.9, 10, 29
295, 10, 29
295.1, 10, 29
295.2, 10, 29
295.3, 10, 29
295.4, 10, 29
295.5, 10, 29
295.6, 10, 29
295.7, 10, 29
295.8, 10, 29
295.9, 10, 29
296, 10, 29
296.1, 10, 29
296.2, 10, 29
296.3, 10, 29
296.4, 10, 29
296.5, 10, 29
296.6, 10, 29
296.7, 10, 29
296.8, 10, 29
296.9, 10, 29
297, 10, 29
297.1, 10, 29
297.2, 10, 29
297.3, 11, 29
297.4, 11, 29
297.5, 11, 29
297.6, 11, 29
297.7, 11, 29
297.8, 11, 29
297.9, 11, 29
298, 11, 29
298.1, 11, 29
298.2, 11, 29
298.3, 11, 29
298.4, 11, 29
298.5, 11, 29
298.6, 11, 29
298.7, 12, 29
298.8, 12, 29
298.9, 12, 29
299, 12, 29
299.1, 12, 29
299.2, 12, 29
299.3, 12, 29
299.4, 12, 29
299.5, 12, 28
299.6, 12, 28
299.7, 12, 28
299.8, 12, 28
299.9, 12, 28
300, 12, 28
300.1, 12, 28
300.2, 12, 28
300.3, 12, 28
300.4, 12, 28
300.5, 12, 28
300.6, 12, 28
300.7, 12, 28
300.8, 12, 28
300.9, 12, 28
301, 12, 28
301.1, 12, 28
301.2, 12, 28
301.3, 12, 28
301.4, 12, 28
301.5, 13, 28
301.6, 13, 28
301.7, 13, 28
301.8, 13, 28
301.9, 13, 28
302, 13, 28
302.1, 13, 28
302.2, 13, 28
302.3, 13, 28
302.4, 13, 28
302.5, 13, 28
302.6, 13, 28
302.7, 13, 28
302.8, 13, 28
302.9, 13, 28
303, 13, 28
303.1, 13, 28
303.2, 13, 28
303.3, 14, 28
303.4, 14, 28
303.5, 14, 28
303.6, 14, 28
303.7, 14, 27
303.8, 14, 27
303.9, 14, 27
304, 14, 27
304.1, 14, 27
304.2, 14, 27
304.3, 14, 27
304.4, 14, 27
304.5, 14, 27
304.6, 14, 27
304.7, 14, 27
304.8, 14, 27
304.9, 14, 27
305, 14, 27
305.1, 14, 26
305.2, 14, 26
305.3, 14, 26
305.4, 14, 26
305.5, 14, 25
305.6, 14, 25
305.7, 14, 25
305.8, 14, 25
305.9, 14, 25
306, 14, 25
306.1, 14, 25
306.2, 14, 25
306.3, 14, 25
306.4, 14, 25
306.5, 14, 25
306.6, 14, 25
306.7, 14, 25
306.8, 14, 25
306.9, 14, 25
307, 14, 25
307.1, 14, 25
307.2, 14, 25
307.3, 13, 25
307.4, 13, 25
307.5, 13, 25
307.6, 13, 25
307.7, 13, 25
307.8, 13, 25
307.9, 13, 25
308, 13, 25
308.1, 13, 25
308.2, 13, 25
308.3, 13, 25
308.4, 13, 25
308.5, 13, 25
308.6, 13, 25
308.7, 13, 25
308.8, 13, 25
308.9, 13, 25
309, 13, 25
309.1, 13, 26
309.2, 13, 26
309.3, 13, 26
309.4, 13, 26
309.5, 13, 26
309.6, 13, 26
309.7, 13, 26
309.8, 13, 26
309.9, 13, 26
310, 13, 26
310.1, 13, 26
310.2, 13, 26
310.3, 13, 26
310.4, 13, 26
310.5, 13, 27
310.6, 13, 27
310.7, 13, 27
310.8, 13, 27
310.9, 13, 27
311, 13, 27
311.1, 13, 27
311.2, 13, 27
311.3, 13, 27
311.4, 13, 27
311.5, 13, 27
311.6, 13, 27
311.7, 13, 27
311.8, 13, 27
311.9, 13, 27
312, 13, 27
312.1, 13, 27
312.2, 13, 27
312.3, 13, 27
312.4, 13, 27
312.5, 13, 27
312.6, 13, 27
312.7, 13, 27
312.8, 13, 27
312.9, 13, 27
313, 13, 27
313.1, 13, 27
313.2, 13, 27
313.3, 13, 27
313.4, 13, 27
313.5, 13, 27
313.6, 13, 27
313.7, 13, 27
313.8, 13, 27
313.9, 12, 27
314, 12, 27
314.1, 12, 27
314.2, 12, 27
314.3, 12, 27
314.4, 12, 27
314.5, 12, 27
314.6, 12, 27
314.7, 12, 27
314.8, 12, 27
314.9, 12, 27
315, 12, 27
315.1, 12, 27
315.2, 12, 27
315.3, 12, 27
315.4, 12, 27
315.5, 12, 27
315.6, 12, 27
315.7, 12, 27
315.8, 12, 27
315.9, 12, 27
316, 12, 27
316.1, 12, 27
316.2, 12, 27
316.3, 12, 27
316.4, 12, 27
316.5, 13, 27
316.6, 13, 27
316.7, 13, 27
316.8, 13, 27
316.9, 14, 27
317, 14, 27
317.1, 14, 27
317.2, 14, 27
317.3, 14, 27
317.4, 14, 27
317.5, 14, 27
317.6, 14, 27
317.7, 14, 27
317.8, 14, 27
317.9, 14, 27
318, 14, 27
318.1, 14, 27
318.2, 14, 27
318.3, 14, 27
318.4, 14, 27
318.5, 14, 27
318.6, 14, 27
318.7, 14, 27
318.8, 14, 27
318.9, 14, 27
319, 14, 27
319.1, 14, 27
319.2, 14, 27
319.3, 14, 27
319.4, 14, 27
319.5, 14, 26
319.6, 14, 26
319.7, 14, 26
319.8, 14, 26
319.9, 14, 26
320, 14, 26
320.1, 14, 26
320.2, 14, 26
320.3, 14, 26
320.4, 14, 26
320.5, 14, 26
320.6, 14, 26
320.7, 14, 26
320.8, 14, 26
320.9, 14, 26
321, 14, 26
321.1, 14, 26
321.2, 14, 26
321.3, 14, 26
321.4, 14, 26
321.5, 14, 26
321.6, 14, 26
321.7, 14, 26
321.8, 14, 26
321.9, 14, 26
322, 14, 26
322.1, 14, 26
322.2, 14, 26
322.3, 14, 26
322.4, 14, 26
322.5, 14, 26
322.6, 14, 26
322.7, 14, 26
322.8, 14, 26
322.9, 14, 26
323, 14, 26
323.1, 14, 26
323.2, 14, 26
323.3, 14, 26
323.4, 14, 26
323.5, 14, 26
323.6, 14, 26
323.7, 14, 26
323.8, 14, 26
323.9, 14, 26
324, 14, 26
324.1, 14, 26
324.2, 14, 26
324.3, 14, 26
324.4, 14, 26
324.5, 14, 26
324.6, 14, 26
324.7, 14, 26
324.8, 14, 26
324.9, 15, 26
325, 15, 26
325.1, 15, 26
325.2, 15, 26
325.3, 15, 26
325.4, 15, 26
325.5, 15, 26
325.6, 15, 26
325.7, 15, 26
325.8, 15, 26
325.9, 15, 26
326, 15, 26
326.1, 15, 26
326.2, 15, 26
326.3, 15, 26
326.4, 15, 26
326.5, 15, 26
326.6, 15, 26
326.7, 15, 26
326.8, 15, 26
326.9, 15, 26
327, 15, 26
327.1, 15, 26
327.2, 15, 26
327.3, 15, 26
327.4, 15, 26
327.5, 15, 26
327.6, 15, 26
327.7, 15, 26
327.8, 15, 26
327.9, 16, 26
328, 16, 26
328.1, 15, 26
328.2, 15, 26
328.3, 15, 26
328.4, 15, 26
328.5, 15, 26
328.6, 15, 26
328.7, 15, 26
328.8, 15, 26
328.9, 15, 26
329, 15, 26
329.1, 15, 26
329.2, 15, 26
329.3, 14, 26
329.4, 14, 26
329.5, 14, 26
329.6, 14, 26
329.7, 14, 26
329.8, 14, 26
329.9, 14, 26
330, 14, 26
330.1, 14, 26
330.2, 14, 26
330.3, 14, 26
330.4, 14, 26
330.5, 14, 26
330.6, 14, 26
330.7, 14, 26
330.8, 14, 26
330.9, 14, 26
331, 14, 26
331.1, 14, 26
331.2, 14, 26
331.3, 14, 26
331.4, 14, 26
331.5, 14, 25
331.6, 14, 25
331.7, 14, 25
331.8, 14, 25
331.9, 14, 25
332, 14, 25
332.1, 14, 25
332.2, 14, 25
332.3, 14, 25
332.4, 14, 25
332.5, 14, 25
332.6, 14, 25
332.7, 14, 25
332.8, 14, 25
332.9, 14, 25
333, 14, 25
333.1, 14, 25
333.2, 14, 25
333.3, 14, 25
333.4, 14, 25
333.5, 14, 25
333.6, 14, 25
333.7, 14, 25
333.8, 14, 25
333.9, 14, 25
334, 14, 25
334.1, 14, 25
334.2, 14, 25
334.3, 15, 25
334.4, 15, 25
334.5, 15, 25
334.6, 15, 25
334.7, 15, 25
334.8, 15, 25
334.9, 15, 25
335, 15, 25
335.1, 15, 25
335.2, 15, 25
335.3, 15, 25
335.4, 15, 25
335.5, 15, 25
335.6, 15, 25
335.7, 15, 25
335.8, 15, 25
335.9, 15, 25
336, 15, 25
336.1, 15, 24
336.2, 15, 24
336.3, 15, 24
336.4, 15, 24
336.5, 15, 24
336.6, 15, 24
336.7, 15, 24
336.8, 15, 24
336.9, 15, 24
337, 15, 24
337.1, 15, 24
337.2, 15, 24
337.3, 15, 24
337.4, 15, 24
337.5, 15, 23
337.6, 15, 23
337.7, 15, 23
337.8, 15, 23
337.9, 15, 24
338, 15, 24
338.1, 15, 25
338.2, 15, 25
338.3, 15, 25
338.4, 15, 25
338.5, 15, 25
338.6, 15, 25
338.7, 15, 25
338.8, 15, 25
338.9, 15, 25
339, 15, 25
339.1, 15, 25
339.2, 15, 25
339.3, 15, 25
339.4, 15, 25
339.5, 15, 25
339.6, 15, 25
339.7, 15, 25
339.8, 15, 25
339.9, 15, 25
340, 15, 25
340.1, 15, 25
340.2, 15, 25
340.3, 15, 25
340.4, 15, 25
340.5, 15, 25
340.6, 15, 25
340.7, 15, 25
340.8, 15, 25
340.9, 15, 25
341, 15, 25
341.1, 15, 25
341.2, 15, 25
341.3, 15, 25
341.4, 15, 25
341.5, 15, 25
341.6, 15, 25
341.7, 16, 25
341.8, 16, 25
341.9, 16, 25
342, 16, 25
342.1, 15, 25
342.2, 15, 25
342.3, 15, 26
342.4, 15, 26
342.5, 15, 26
342.6, 15, 26
342.7, 15, 26
342.8, 15, 26
342.9, 15, 26
343, 15, 26
343.1, 16, 26
343.2, 16, 26
343.3, 16, 26
343.4, 16, 26
343.5, 16, 26
343.6, 16, 26
343.7, 16, 26
343.8, 16, 26
343.9, 16, 26
344, 16, 26
344.1, 16, 26
344.2, 16, 26
344.3, 17, 26
344.4, 17, 26
344.5, 17, 26
344.6, 17, 26
344.7, 17, 26
344.8, 17, 26
344.9, 17, 26
345, 17, 26
345.1, 17, 26
345.2, 17, 26
345.3, 17, 26
345.4, 17, 26
345.5, 17, 27
345.6, 17, 27
345.7, 17, 27
345.8, 17, 27
345.9, 17, 27
346, 17, 27
346.1, 17, 27
346.2, 17, 27
346.3, 16, 27
346.4, 16, 27
346.5, 17, 27
346.6, 17, 27
346.7, 16, 27
346.8, 16, 27
346.9, 16, 27
347, 16, 27
347.1, 16, 28
347.2, 16, 28
347.3, 16, 28
347.4, 16, 28
347.5, 17, 28
347.6, 17, 28
347.7, 17, 28
347.8, 17, 28
347.9, 16, 28
348, 16, 28
348.1, 16, 28
348.2, 16, 28
348.3, 16, 28
348.4, 16, 28
348.5, 16, 28
348.6, 16, 28
348.7, 16, 28
348.8, 16, 28
348.9, 16, 28
349, 16, 28
349.1, 16, 28
349.2, 16, 28
349.3, 16, 28
349.4, 16, 28
349.5, 16, 28
349.6, 16, 28
349.7, 16, 28
349.8, 16, 28
349.9, 16, 28
350, 16, 28
350.1, 16, 28
350.2, 16, 28
350.3, 16, 28
350.4, 16, 28
350.5, 16, 28
350.6, 16, 28
350.7, 16, 28
350.8, 16, 28
350.9, 16, 28
351, 16, 28
351.1, 16, 29
351.2, 16, 29
351.3, 16, 29
351.4, 16, 29
351.5, 16, 29
351.6, 16, 29
351.7, 16, 29
351.8, 16, 29
351.9, 16, 29
352, 16, 29
352.1, 17, 29
352.2, 17, 29
352.3, 17, 29
352.4, 17, 29
352.5, 17, 29
352.6, 17, 29
352.7, 17, 29
352.8, 17, 29
352.9, 17, 29
353, 17, 29
353.1, 17, 29
353.2, 17, 29
353.3, 17, 29
353.4, 17, 29
353.5, 17, 29
353.6, 17, 29
353.7, 17, 29
353.8, 17, 29
353.9, 17, 29
354, 17, 29
354.1, 17, 29
354.2, 17, 29
354.3, 17, 29
354.4, 17, 29
354.5, 17, 29
354.6, 17, 29
354.7, 17, 29
354.8, 17, 29
354.9, 17, 29
355, 17, 29
355.1, 17, 29
355.2, 17, 29
355.3, 17, 29
355.4, 17, 29
355.5, 17, 29
355.6, 17, 29
355.7, 17, 29
355.8, 17, 29
355.9, 17, 29
356, 17, 29
356.1, 17, 29
356.2, 17, 29
356.3, 17, 29
356.4, 17, 29
356.5, 17, 29
356.6, 17, 29
356.7, 17, 29
356.8, 17, 29
356.9, 17, 29
357, 17, 29
357.1, 17, 29
357.2, 17, 29
357.3, 17, 29
357.4, 17, 29
357.5, 17, 29
357.6, 17, 29
357.7, 17, 29
357.8, 17, 29
357.9, 17, 29
358, 17, 29
358.1, 17, 29
358.2, 17, 29
358.3, 17, 29
358.4, 17, 29
358.5, 17, 29
358.6, 17, 29
358.7, 17, 29
358.8, 17, 29
358.9, 17, 29
359, 17, 29
359.1, 17, 29
359.2, 17, 29
359.3, 17, 29
359.4, 17, 29
359.5, 17, 29
359.6, 17, 29
359.7, 17, 30
359.8, 17, 30
359.9, 17, 30
360, 17, 30
360.1, 17, 30
360.2, 17, 30
360.3, 17, 30
360.4, 17, 30
360.5, 17, 30
360.6, 17, 30
360.7, 17, 30
360.8, 17, 30
360.9, 17, 30
361, 17, 30
361.1, 17, 30
361.2, 17, 30
361.3, 17, 30
361.4, 17, 30
361.5, 17, 30
361.6, 17, 30
361.7, 17, 30
361.8, 17, 30
361.9, 17, 30
362, 17, 30
362.1, 18, 30
362.2, 18, 30
362.3, 18, 30
362.4, 18, 30
362.5, 18, 30
362.6, 18, 30
362.7, 17, 30
362.8, 17, 30
362.9, 17, 30
363, 17, 30
363.1, 17, 30
363.2, 17, 30
363.3, 17, 30
363.4, 17, 30
363.5, 17, 30
363.6, 17, 30
363.7, 17, 30
363.8, 17, 30
363.9, 17, 30
364, 17, 30
364.1, 17, 30
364.2, 17, 30
364.3, 17, 30
364.4, 17, 30
364.5, 17, 30
364.6, 17, 30
364.7, 17, 30
364.8, 17, 30
364.9, 17, 30
365, 17, 30
365.1, 17, 30
365.2, 17, 30
365.3, 17, 30
365.4, 17, 30
365.5, 17, 30
365.6, 17, 30
365.7, 17, 30
365.8, 17, 30
365.9, 17, 30
366, 17, 30
366.1, 17, 30
366.2, 17, 30
366.3, 17, 30
366.4, 17, 30
366.5, 17, 30
366.6, 17, 30
366.7, 17, 30
366.8, 17, 30
366.9, 17, 30
367, 17, 30
367.1, 17, 30
367.2, 17, 30
367.3, 17, 30
367.4, 17, 30
367.5, 17, 30
367.6, 17, 30
367.7, 17, 30
367.8, 17, 30
367.9, 17, 30
368, 17, 30
368.1, 17, 30
368.2, 17, 30
368.3, 17, 30
368.4, 17, 30
368.5, 17, 30
368.6, 17, 30
368.7, 17, 30
368.8, 17, 30
368.9, 17, 30
369, 17, 30
369.1, 18, 30
369.2, 18, 30
369.3, 18, 30
369.4, 18, 30
369.5, 18, 30
369.6, 18, 30
369.7, 18, 30
369.8, 18, 30
369.9, 18, 30
370, 18, 30
370.1, 18, 30
370.2, 18, 30
370.3, 18, 30
370.4, 18, 30
370.5, 18, 30
370.6, 18, 30
370.7, 18, 30
370.8, 18, 30
370.9, 18, 30
371, 18, 30
371.1, 18, 30
371.2, 18, 30
371.3, 18, 29
371.4, 18, 29
371.5, 18, 29
371.6, 18, 29
371.7, 18, 29
371.8, 18, 29
371.9, 18, 29
372, 18, 29
372.1, 18, 29
372.2, 18, 29
372.3, 18, 29
372.4, 18, 29
372.5, 19, 29
372.6, 19, 29
372.7, 19, 29
372.8, 19, 29
372.9, 19, 28
373, 19, 28
373.1, 19, 28
373.2, 19, 28
373.3, 19, 28
373.4, 19, 28
373.5, 19, 28
373.6, 19, 28
373.7, 19, 28
373.8, 19, 28
373.9, 19, 28
374, 19, 28
374.1, 19, 28
374.2, 19, 28
374.3, 19, 28
374.4, 19, 28
374.5, 19, 28
374.6, 19, 28
374.7, 18, 28
374.8, 18, 28
374.9, 18, 28
375, 18, 28
375.1, 18, 28
375.2, 18, 28
375.3, 18, 28
375.4, 18, 28
375.5, 18, 28
375.6, 18, 28
375.7, 17, 28
375.8, 17, 28
375.9, 17, 28
376, 17, 28
376.1, 17, 28
376.2, 17, 28
376.3, 17, 28
376.4, 17, 28
376.5, 17, 28
376.6, 17, 28
376.7, 17, 28
376.8, 17, 28
376.9, 17, 28
377, 17, 28
377.1, 17, 28
377.2, 17, 28
377.3, 17, 28
377.4, 17, 28
377.5, 17, 28
377.6, 17, 28
377.7, 17, 28
377.8, 17, 28
377.9, 17, 28
378, 17, 28
378.1, 17, 28
378.2, 17, 28
378.3, 17, 28
378.4, 17, 28
378.5, 17, 29
378.6, 17, 29
378.7, 17, 29
378.8, 17, 29
378.9, 17, 29
379, 17, 29
379.1, 17, 29
379.2, 17, 29
379.3, 17, 30
379.4, 17, 30
379.5, 17, 30
379.6, 17, 30
379.7, 17, 30
379.8, 17, 30
379.9, 17, 30
380, 17, 30
380.1, 17, 30
380.2, 17, 30
380.3, 17, 30
380.4, 17, 30
380.5, 17, 30
380.6, 17, 30
380.7, 17, 30
380.8, 17, 30
380.9, 17, 30
381, 17, 30
381.1, 17, 30
381.2, 17, 30
381.3, 17, 30
381.4, 17, 30
381.5, 17, 30
381.6, 17, 30
381.7, 17, 30
381.8, 17, 30
381.9, 16, 30
382, 16, 30
382.1, 16, 30
382.2, 16, 30
382.3, 16, 30
382.4, 16, 30
382.5, 16, 30
382.6, 16, 30
382.7, 16, 30
382.8, 16, 30
382.9, 16, 30
383, 16, 30
383.1, 16, 30
383.2, 16, 30
383.3, 16, 30
383.4, 16, 30
383.5, 16, 30
383.6, 16, 30
383.7, 16, 30
383.8, 16, 30
383.9, 16, 30
384, 16, 30
384.1, 16, 30
384.2, 16, 30
384.3, 16, 30
384.4, 16, 30
384.5, 16, 30
384.6, 16, 30
384.7, 16, 30
384.8, 16, 30
384.9, 16, 30
385, 16, 30
385.1, 16, 30
385.2, 16, 30
385.3, 16, 30
385.4, 16, 30
385.5, 16, 30
385.6, 16, 30
385.7, 16, 30
385.8, 16, 30
385.9, 16, 30
386, 16, 30
386.1, 16, 30
386.2, 16, 30
386.3, 16, 30
386.4, 16, 30
386.5, 16, 30
386.6, 16, 30
386.7, 16, 30
386.8, 16, 30
386.9, 16, 30
387, 16, 30
387.1, 16, 30
387.2, 16, 30
387.3, 16, 30
387.4, 16, 30
387.5, 16, 30
387.6, 16, 30
387.7, 16, 30
387.8, 16, 30
387.9, 16, 30
388, 16, 30
388.1, 16, 30
388.2, 16, 30
388.3, 16, 30
388.4, 16, 30
388.5, 16, 30
388.6, 16, 30
388.7, 16, 30
388.8, 16, 30
388.9, 16, 30
389, 16, 30
389.1, 16, 29
389.2, 16, 29
389.3, 16, 29
389.4, 16, 29
389.5, 16, 29
389.6, 16, 29
389.7, 16, 29
389.8, 16, 29
389.9, 16, 29
390, 16, 29
390.1, 16, 29
390.2, 16, 29
390.3, 15, 29
390.4, 15, 29
390.5, 15, 29
390.6, 15, 29
390.7, 15, 28
390.8, 15, 28
390.9, 15, 28
391, 15, 28
391.1, 15, 28
391.2, 15, 28
391.3, 15, 28
391.4, 15, 28
391.5, 15, 28
391.6, 15, 28
391.7, 15, 28
391.8, 15, 28
391.9, 15, 28
392, 15, 28
392.1, 15, 28
392.2, 15, 28
392.3, 15, 28
392.4, 15, 28
392.5, 15, 28
392.6, 15, 28
392.7, 15, 28
392.8, 15, 28
392.9, 15, 28
393, 15, 28
393.1, 15, 28
393.2, 15, 28
393.3, 15, 28
393.4, 15, 28
393.5, 15, 28
393.6, 15, 28
393.7, 15, 28
393.8, 15, 28
393.9, 15, 28
394, 15, 28
394.1, 15, 28
394.2, 15, 28
394.3, 15, 28
394.4, 15, 28
394.5, 15, 28
394.6, 15, 28
394.7, 15, 28
394.8, 15, 28
394.9, 15, 28
395, 15, 28
395.1, 15, 28
395.2, 15, 28
395.3, 15, 28
395.4, 15, 28
395.5, 15, 28
395.6, 15, 28
395.7, 15, 29
395.8, 15, 29
395.9, 15, 29
396, 15, 29
396.1, 15, 29
396.2, 15, 29
396.3, 15, 29
396.4, 15, 29
396.5, 15, 29
396.6, 15, 29
396.7, 15, 29
396.8, 15, 29
396.9, 14, 29
397, 14, 29
397.1, 14, 29
397.2, 14, 29
397.3, 14, 29
397.4, 14, 29
397.5, 14, 29
397.6, 14, 29
397.7, 14, 29
397.8, 14, 29
397.9, 14, 29
398, 14, 29
398.1, 14, 29
398.2, 14, 29
398.3, 14, 29
398.4, 14, 29
398.5, 14, 29
398.6, 14, 29
398.7, 14, 29
398.8, 14, 29
398.9, 14, 29
399, 14, 29
399.1, 14, 29
399.2, 14, 29
399.3, 14, 29
399.4, 14, 29
399.5, 14, 29
399.6, 14, 29
399.7, 14, 29
399.8, 14, 29
399.9, 14, 29
400, 14, 29
400.1, 14, 29
400.2, 14, 29
400.3, 14, 29
400.4, 14, 29
400.5, 14, 29
400.6, 14, 29
400.7, 14, 29
400.8, 14, 29
400.9, 14, 29
401, 14, 29
401.1, 14, 29
401.2, 14, 29
401.3, 14, 29
401.4, 14, 29
401.5, 14, 29
401.6, 14, 29
401.7, 14, 29
401.8, 14, 29
401.9, 14, 29
402, 14, 29
402.1, 14, 29
402.2, 14, 29
402.3, 14, 29
402.4, 14, 29
402.5, 14, 29
402.6, 14, 29
402.7, 14, 29
402.8, 14, 29
402.9, 14, 29
403, 14, 29
403.1, 14, 29
403.2, 14, 29
403.3, 14, 29
403.4, 14, 29
403.5, 14, 30
403.6, 14, 30
403.7, 14, 30
403.8, 14, 30
403.9, 14, 30
404, 14, 30
404.1, 14, 30
404.2, 14, 30
404.3, 14, 30
404.4, 14, 30
404.5, 14, 30
404.6, 14, 30
404.7, 14, 30
404.8, 14, 30
404.9, 14, 30
405, 14, 30
405.1, 14, 30
405.2, 14, 30
405.3, 14, 30
405.4, 14, 30
405.5, 14, 30
405.6, 14, 30
405.7, 15, 30
405.8, 15, 30
405.9, 14, 30
406, 14, 30
406.1, 14, 30
406.2, 14, 30
406.3, 14, 30
406.4, 14, 30
406.5, 14, 30
406.6, 14, 30
406.7, 14, 30
406.8, 14, 30
406.9, 13, 30
407, 13, 30
407.1, 13, 29
407.2, 13, 29
407.3, 13, 29
407.4, 13, 29
407.5, 13, 29
407.6, 13, 29
407.7, 13, 29
407.8, 13, 29
407.9, 13, 29
408, 13, 29
408.1, 13, 29
408.2, 13, 29
408.3, 13, 29
408.4, 13, 29
408.5, 13, 29
408.6, 13, 29
408.7, 13, 29
408.8, 13, 29
408.9, 13, 29
409, 13, 29
409.1, 13, 29
409.2, 13, 29
409.3, 13, 28
409.4, 13, 28
409.5, 13, 28
409.6, 13, 28
409.7, 13, 28
409.8, 13, 28
409.9, 13, 28
410, 13, 28
410.1, 13, 28
410.2, 13, 28
410.3, 13, 28
410.4, 13, 28
410.5, 13, 28
410.6, 13, 28
410.7, 13, 28
410.8, 13, 28
410.9, 13, 28
411, 13, 28
411.1, 13, 28
411.2, 13, 28
411.3, 13, 28
411.4, 13, 28
411.5, 13, 28
411.6, 13, 28
411.7, 13, 28
411.8, 13, 28
411.9, 13, 28
412, 13, 28
412.1, 13, 28
412.2, 13, 28
412.3, 13, 28
412.4, 13, 28
412.5, 13, 28
412.6, 13, 28
412.7, 13, 28
412.8, 13, 28
412.9, 13, 28
413, 13, 28
413.1, 13, 28
413.2, 13, 28
413.3, 13, 28
413.4, 13, 28
413.5, 13, 28
413.6, 13, 28
413.7, 13, 28
413.8, 13, 28
413.9, 13, 28
414, 13, 28
414.1, 13, 28
414.2, 13, 28
414.3, 13, 28
414.4, 13, 28
414.5, 13, 28
414.6, 13, 28
414.7, 13, 28
414.8, 13, 28
414.9, 13, 28
415, 13, 28
415.1, 13, 28
415.2, 13, 28
415.3, 13, 28
415.4, 13, 28
415.5, 13, 28
415.6, 13, 28
415.7, 13, 28
415.8, 13, 28
415.9, 13, 28
416, 13, 28
416.1, 13, 28
416.2, 13, 28
416.3, 13, 27
416.4, 13, 27
416.5, 13, 27
416.6, 13, 27
416.7, 13, 27
416.8, 13, 27
416.9, 13, 28
417, 13, 28
417.1, 13, 28
417.2, 13, 28
417.3, 13, 28
417.4, 13, 28
417.5, 13, 28
417.6, 13, 28
417.7, 13, 28
417.8, 13, 28
417.9, 13, 28
418, 13, 28
418.1, 13, 28
418.2, 13, 28
418.3, 13, 28
418.4, 13, 28
418.5, 13, 28
418.6, 13, 28
418.7, 13, 28
418.8, 13, 28
418.9, 13, 28
419, 13, 28
419.1, 13, 28
419.2, 13, 28
419.3, 13, 28
419.4, 13, 28
419.5, 13, 27
419.6, 13, 27
419.7, 13, 27
419.8, 13, 27
419.9, 13, 27
420, 13, 27
420.1, 13, 27
420.2, 13, 27
420.3, 13, 27
420.4, 13, 27
420.5, 13, 27
420.6, 13, 27
420.7, 13, 27
420.8, 13, 27
420.9, 13, 27
421, 13, 27
421.1, 13, 27
421.2, 13, 27
421.3, 13, 26
421.4, 13, 26
421.5, 13, 26
421.6, 13, 26
421.7, 13, 26
421.8, 13, 26
421.9, 13, 26
422, 13, 26
422.1, 13, 26
422.2, 13, 26
422.3, 13, 26
422.4, 13, 26
422.5, 13, 26
422.6, 13, 26
422.7, 13, 26
422.8, 13, 26
422.9, 12, 26
423, 12, 26
423.1, 12, 26
423.2, 12, 26
423.3, 12, 26
423.4, 12, 26
423.5, 12, 26
423.6, 12, 26
423.7, 12, 26
423.8, 12, 26
423.9, 12, 26
424, 12, 26
424.1, 12, 27
424.2, 12, 27
424.3, 12, 27
424.4, 12, 27
424.5, 12, 27
424.6, 12, 27
424.7, 12, 27
424.8, 12, 27
424.9, 12, 27
425, 12, 27
425.1, 12, 27
425.2, 12, 27
425.3, 12, 27
425.4, 12, 27
425.5, 12, 27
425.6, 12, 27
425.7, 12, 27
425.8, 12, 27
425.9, 12, 27
426, 12, 27
426.1, 12, 27
426.2, 12, 27
426.3, 12, 27
426.4, 12, 27
426.5, 12, 27
426.6, 12, 27
426.7, 12, 27
426.8, 12, 27
426.9, 12, 27
427, 12, 27
427.1, 12, 27
427.2, 12, 27
427.3, 12, 27
427.4, 12, 27
427.5, 12, 27
427.6, 12, 27
427.7, 12, 27
427.8, 12, 27
427.9, 12, 27
428, 12, 27
428.1, 12, 27
428.2, 12, 27
428.3, 12, 27
428.4, 12, 27
428.5, 12, 26
428.6, 12, 26
428.7, 12, 26
428.8, 12, 26
428.9, 12, 26
429, 12, 26
429.1, 12, 26
429.2, 12, 26
429.3, 12, 26
429.4, 12, 26
429.5, 12, 26
429.6, 12, 26
429.7, 12, 26
429.8, 12, 26
429.9, 12, 26
430, 12, 26
430.1, 12, 26
430.2, 12, 26
430.3, 12, 26
430.4, 12, 26
430.5, 12, 27
430.6, 12, 27
430.7, 13, 27
430.8, 13, 27
430.9, 13, 27
431, 13, 27
431.1, 13, 27
431.2, 13, 27
431.3, 13, 27
431.4, 13, 27
431.5, 13, 27
431.6, 13, 27
431.7, 13, 27
431.8, 13, 27
431.9, 13, 27
432, 13, 27
432.1, 13, 27
432.2, 13, 27
432.3, 13, 27
432.4, 13, 27
432.5, 13, 27
432.6, 13, 27
432.7, 13, 28
432.8, 13, 28
432.9, 13, 28
433, 13, 28
433.1, 13, 28
433.2, 13, 28
433.3, 13, 28
433.4, 13, 28
433.5, 13, 28
433.6, 13, 28
433.7, 13, 28
433.8, 13, 28
433.9, 13, 28
434, 13, 28
434.1, 13, 28
434.2, 13, 28
434.3, 13, 28
434.4, 13, 28
434.5, 13, 28
434.6, 13, 28
434.7, 13, 28
434.8, 13, 28
434.9, 13, 28
435, 13, 28
435.1, 13, 28
435.2, 13, 28
435.3, 13, 28
435.4, 13, 28
435.5, 13, 28
435.6, 13, 28
435.7, 13, 28
435.8, 13, 28
435.9, 13, 28
436, 13, 28
436.1, 13, 28
436.2, 13, 28
436.3, 12, 28
436.4, 12, 28
436.5, 12, 28
436.6, 12, 28
436.7, 12, 28
436.8, 12, 28
436.9, 12, 28
437, 12, 28
437.1, 12, 28
437.2, 12, 28
437.3, 12, 28
437.4, 12, 28
437.5, 12, 28
437.6, 12, 28
437.7, 12, 28
437.8, 12, 28
437.9, 12, 28
438, 12, 28
438.1, 12, 28
438.2, 12, 28
438.3, 12, 28
438.4, 12, 28
438.5, 12, 28
438.6, 12, 28
438.7, 12, 28
438.8, 12, 28
438.9, 12, 28
439, 12, 28
439.1, 12, 28
439.2, 12, 28
439.3, 12, 28
439.4, 12, 28
439.5, 12, 28
439.6, 12, 28
439.7, 12, 28
439.8, 12, 28
439.9, 12, 28
440, 12, 28
440.1, 12, 28
440.2, 12, 28
440.3, 12, 28
440.4, 12, 28
440.5, 12, 28
440.6, 12, 28
440.7, 12, 27
440.8, 12, 27
440.9, 12, 27
441, 12, 27
441.1, 12, 27
441.2, 12, 27
441.3, 12, 27
441.4, 12, 27
441.5, 12, 27
441.6, 12, 27
441.7, 12, 27
441.8, 12, 27
441.9, 12, 27
442, 12, 27
442.1, 12, 27
442.2, 12, 27
442.3, 12, 27
442.4, 12, 27
442.5, 12, 27
442.6, 12, 27
442.7, 12, 27
442.8, 12, 27
442.9, 12, 27
443, 12, 27
443.1, 12, 27
443.2, 12, 27
443.3, 12, 27
443.4, 12, 27
443.5, 12, 27
443.6, 12, 27
443.7, 12, 27
443.8, 12, 27
443.9, 12, 27
444, 12, 27
444.1, 12, 27
444.2, 12, 27
444.3, 12, 27
444.4, 12, 27
444.5, 12, 27
444.6, 12, 27
444.7, 12, 27
444.8, 12, 27
444.9, 12, 27
445, 12, 27
445.1, 12, 28
445.2, 12, 28
445.3, 12, 28
445.4, 12, 28
445.5, 12, 27
445.6, 12, 27
445.7, 13, 27
445.8, 13, 27
445.9, 13, 27
446, 13, 27
446.1, 13, 27
446.2, 13, 27
446.3, 13, 27
446.4, 13, 27
446.5, 13, 27
446.6, 13, 27
446.7, 13, 27
446.8, 13, 27
446.9, 13, 28
447, 13, 28
447.1, 13, 28
447.2, 13, 28
447.3, 13, 28
447.4, 13, 28
447.5, 13, 28
447.6, 13, 28
447.7, 13, 28
447.8, 13, 28
447.9, 13, 28
448, 13, 28
448.1, 13, 28
448.2, 13, 28
448.3, 13, 28
448.4, 13, 28
448.5, 13, 28
448.6, 13, 28
448.7, 13, 28
448.8, 13, 28
448.9, 13, 28
449, 13, 28
449.1, 13, 28
449.2, 13, 28
449.3, 13, 28
449.4, 13, 28
449.5, 13, 28
449.6, 13, 28
449.7, 13, 28
449.8, 13, 28
449.9, 13, 28
450, 13, 28
450.1, 13, 28
450.2, 13, 28
450.3, 13, 28
450.4, 13, 28
450.5, 13, 28
450.6, 13, 28
450.7, 13, 28
450.8, 13, 28
450.9, 13, 28
451, 13, 28
451.1, 13, 28
451.2, 13, 28
451.3, 13, 28
451.4, 13, 28
451.5, 14, 28
451.6, 14, 28
451.7, 14, 28
451.8, 14, 28
451.9, 14, 28
452, 14, 28
452.1, 14, 28
452.2, 14, 28
452.3, 14, 28
452.4, 14, 28
452.5, 14, 28
452.6, 14, 28
452.7, 14, 28
452.8, 14, 28
452.9, 14, 28
453, 14, 28
453.1, 14, 28
453.2, 14, 28
453.3, 14, 28
453.4, 14, 28
453.5, 14, 28
453.6, 14, 28
453.7, 14, 27
453.8, 14, 27
453.9, 14, 27
454, 14, 27
454.1, 14, 27
454.2, 14, 27
454.3, 14, 27
454.4, 14, 27
454.5, 14, 27
454.6, 14, 27
454.7, 14, 27
454.8, 14, 27
454.9, 14, 27
455, 14, 27
455.1, 14, 27
455.2, 14, 27
455.3, 14, 27
455.4, 14, 27
455.5, 14, 27
455.6, 14, 27
455.7, 14, 27
455.8, 14, 27
455.9, 14, 27
456, 14, 27
456.1, 14, 27
456.2, 14, 27
456.3, 14, 27
456.4, 14, 27
456.5, 15, 27
456.6, 15, 27
456.7, 15, 27
456.8, 15, 27
456.9, 15, 27
457, 15, 27
457.1, 15, 27
457.2, 15, 27
457.3, 15, 27
457.4, 15, 27
457.5, 15, 27
457.6, 15, 27
457.7, 15, 27
457.8, 15, 27
457.9, 15, 27
458, 15, 27
458.1, 15, 27
458.2, 15, 27
458.3, 15, 27
458.4, 15, 27
458.5, 15, 27
458.6, 15, 27
458.7, 15, 27
458.8, 15, 27
458.9, 15, 27
459, 15, 27
459.1, 15, 27
459.2, 15, 27
459.3, 15, 27
459.4, 15, 27
459.5, 15, 27
459.6, 15, 27
459.7, 15, 27
459.8, 15, 27
459.9, 15, 27
460, 15, 27
460.1, 15, 27
460.2, 15, 27
460.3, 15, 27
460.4, 15, 27
460.5, 15, 27
460.6, 15, 27
460.7, 15, 27
460.8, 15, 27
460.9, 15, 27
461, 15, 27
461.1, 15, 27
461.2, 15, 27
461.3, 15, 27
461.4, 15, 27
461.5, 15, 27
461.6, 15, 27
461.7, 15, 27
461.8, 15, 27
461.9, 15, 27
462, 15, 27
462.1, 15, 27
462.2, 15, 27
462.3, 15, 27
462.4, 15, 27
462.5, 15, 27
462.6, 15, 27
462.7, 15, 27
462.8, 15, 27
462.9, 15, 27
463, 15, 27
463.1, 15, 27
463.2, 15, 27
463.3, 15, 27
463.4, 15, 27
463.5, 15, 27
463.6, 15, 27
463.7, 15, 27
463.8, 15, 27
463.9, 15, 27
464, 15, 27
464.1, 15, 27
464.2, 15, 27
464.3, 15, 27
464.4, 15, 27
464.5, 14, 27
464.6, 14, 27
464.7, 14, 27
464.8, 14, 27
464.9, 14, 27
465, 14, 27
465.1, 14, 27
465.2, 14, 27
465.3, 14, 27
465.4, 14, 27
465.5, 14, 27
465.6, 14, 27
465.7, 14, 27
465.8, 14, 27
465.9, 14, 27
466, 14, 27
466.1, 14, 27
466.2, 14, 27
466.3, 14, 27
466.4, 14, 27
466.5, 14, 27
466.6, 14, 27
466.7, 14, 27
466.8, 14, 27
466.9, 14, 27
467, 14, 27
467.1, 15, 27
467.2, 15, 27
467.3, 14, 27
467.4, 14, 27
467.5, 14, 27
467.6, 14, 27
467.7, 14, 27
467.8, 14, 27
467.9, 14, 27
468, 14, 27
468.1, 14, 27
468.2, 14, 27
468.3, 14, 27
468.4, 14, 27
468.5, 13, 27
468.6, 13, 27
468.7, 13, 27
468.8, 13, 27
468.9, 13, 27
469, 13, 27
469.1, 13, 27
469.2, 13, 27
469.3, 13, 26
469.4, 13, 26
469.5, 13, 26
469.6, 13, 26
469.7, 13, 26
469.8, 13, 26
469.9, 13, 26
470, 13, 26
470.1, 13, 26
470.2, 13, 26
470.3, 13, 26
470.4, 13, 26
470.5, 13, 26
470.6, 13, 26
470.7, 13, 26
470.8, 13, 26
470.9, 13, 26
471, 13, 26
471.1, 13, 26
471.2, 13, 26
471.3, 13, 26
471.4, 13, 26
471.5, 13, 26
471.6, 13, 26
471.7, 13, 26
471.8, 13, 26
471.9, 13, 26
472, 13, 26
472.1, 13, 25
472.2, 13, 25
472.3, 12, 25
472.4, 12, 25
472.5, 12, 25
472.6, 12, 25
472.7, 12, 25
472.8, 12, 25
472.9, 12, 25
473, 12, 25
473.1, 12, 25
473.2, 12, 25
473.3, 12, 25
473.4, 12, 25
473.5, 12, 25
473.6, 12, 25
473.7, 12, 25
473.8, 12, 25
473.9, 12, 25
474, 12, 25
474.1, 12, 25
474.2, 12, 25
474.3, 12, 25
474.4, 12, 25
474.5, 12, 25
474.6, 12, 25
474.7, 12, 25
474.8, 12, 25
474.9, 12, 25
475, 12, 25
475.1, 12, 25
475.2, 12, 25
475.3, 12, 25
475.4, 12, 25
475.5, 12, 25
475.6, 12, 25
475.7, 12, 25
475.8, 12, 25
475.9, 12, 25
476, 12, 25
476.1, 12, 25
476.2, 12, 25
476.3, 12, 25
476.4, 12, 25
476.5, 12, 25
476.6, 12, 25
476.7, 12, 25
476.8, 12, 25
476.9, 12, 25
477, 12, 25
477.1, 12, 25
477.2, 12, 25
477.3, 12, 25
477.4, 12, 25
477.5, 12, 25
477.6, 12, 25
477.7, 12, 25
477.8, 12, 25
477.9, 12, 25
478, 12, 25
478.1, 12, 24
478.2, 12, 24
478.3, 12, 24
478.4, 12, 24
478.5, 12, 24
478.6, 12, 24
478.7, 12, 24
478.8, 12, 24
478.9, 12, 24
479, 12, 24
479.1, 12, 24
479.2, 12, 24
479.3, 12, 24
479.4, 12, 24
479.5, 12, 24
479.6, 12, 24
479.7, 11, 24
479.8, 11, 24
479.9, 11, 24
480, 11, 24
480.1, 11, 25
480.2, 11, 25
480.3, 11, 25
480.4, 11, 25
480.5, 11, 25
480.6, 11, 25
480.7, 11, 25
480.8, 11, 25
480.9, 11, 25
481, 11, 25
481.1, 11, 25
481.2, 11, 25
481.3, 11, 25
481.4, 11, 25
481.5, 11, 25
481.6, 11, 25
481.7, 11, 25
481.8, 11, 25
481.9, 11, 25
482, 11, 25
482.1, 11, 25
482.2, 11, 25
482.3, 11, 25
482.4, 11, 25
482.5, 11, 25
482.6, 11, 25
482.7, 11, 25
482.8, 11, 25
482.9, 11, 25
483, 11, 25
483.1, 10, 25
483.2, 10, 25
483.3, 10, 25
483.4, 10, 25
483.5, 10, 25
483.6, 10, 25
483.7, 10, 25
483.8, 10, 25
483.9, 10, 25
484, 10, 25
484.1, 10, 25
484.2, 10, 25
484.3, 10, 24
484.4, 10, 24
484.5, 10, 24
484.6, 10, 24
484.7, 10, 24
484.8, 10, 24
484.9, 10, 24
485, 10, 24
485.1, 10, 24
485.2, 10, 24
485.3, 10, 24
485.4, 10, 24
485.5, 10, 24
485.6, 10, 24
485.7, 10, 24
485.8, 10, 24
485.9, 10, 24
486, 10, 24
486.1, 10, 24
486.2, 10, 24
486.3, 10, 24
486.4, 10, 24
486.5, 10, 24
486.6, 10, 24
486.7, 10, 24
486.8, 10, 24
486.9, 10, 25
487, 10, 25
487.1, 10, 25
487.2, 10, 25
487.3, 10, 25
487.4, 10, 25
487.5, 10, 25
487.6, 10, 25
487.7, 10, 25
487.8, 10, 25
487.9, 10, 25
488, 10, 25
488.1, 10, 25
488.2, 10, 25
488.3, 10, 25
488.4, 10, 25
488.5, 10, 25
488.6, 10, 25
488.7, 10, 25
488.8, 10, 25
488.9, 10, 25
489, 10, 25
489.1, 11, 25
489.2, 11, 25
489.3, 11, 25
489.4, 11, 25
489.5, 12, 25
489.6, 12, 25
489.7, 12, 25
489.8, 12, 25
489.9, 12, 25
490, 12, 25
490.1, 12, 25
490.2, 12, 25
490.3, 12, 25
490.4, 12, 25
490.5, 12, 25
490.6, 12, 25
490.7, 12, 25
490.8, 12, 25
490.9, 12, 25
491, 12, 25
491.1, 11, 25
491.2, 11, 25
491.3, 10, 25
491.4, 10, 25
491.5, 9, 25
491.6, 9, 25
491.7, 9, 25
491.8, 9, 25
491.9, 9, 25
492, 9, 25
492.1, 9, 25
492.2, 9, 25
492.3, 9, 25
492.4, 9, 25
492.5, 9, 25
492.6, 9, 25
492.7, 9, 25
492.8, 9, 25
492.9, 9, 25
493, 9, 25
493.1, 9, 25
493.2, 9, 25
493.3, 9, 25
493.4, 9, 25
493.5, 9, 25
493.6, 9, 25
493.7, 9, 25
493.8, 9, 25
493.9, 9, 25
494, 9, 25
494.1, 9, 25
494.2, 9, 25
494.3, 9, 25
494.4, 9, 25
494.5, 9, 25
494.6, 9, 25
494.7, 9, 25
494.8, 9, 25
494.9, 9, 25
495, 9, 25
495.1, 9, 25
495.2, 9, 25
495.3, 9, 25
495.4, 9, 25
495.5, 9, 25
495.6, 9, 25
495.7, 9, 24
495.8, 9, 24
495.9, 9, 24
496, 9, 24
496.1, 9, 24
496.2, 9, 24
496.3, 9, 24
496.4, 9, 24
496.5, 9, 24
496.6, 9, 24
496.7, 9, 24
496.8, 9, 24
496.9, 9, 24
497, 9, 24
497.1, 9, 24
497.2, 9, 24
497.3, 9, 24
497.4, 9, 24
497.5, 9, 24
497.6, 9, 24
497.7, 9, 24
497.8, 9, 24
497.9, 9, 24
498, 9, 24
498.1, 9, 24
498.2, 9, 24
498.3, 9, 24
498.4, 9, 24
498.5, 9, 24
498.6, 9, 24
498.7, 9, 24
498.8, 9, 24
498.9, 9, 24
499, 9, 24
499.1, 9, 24
499.2, 9, 24
499.3, 9, 24
499.4, 9, 24
499.5, 9, 24
499.6, 9, 24
499.7, 9, 25
499.8, 9, 25
499.9, 9, 25
500, 9, 25
500.1, 10, 25
500.2, 10, 25
500.3, 10, 25
500.4, 10, 25
500.5, 10, 25
500.6, 10, 25
500.7, 10, 25
500.8, 10, 25
500.9, 10, 25
501, 10, 25
501.1, 10, 25
501.2, 10, 25
501.3, 10, 25
501.4, 10, 25
501.5, 10, 25
501.6, 10, 25
501.7, 10, 25
501.8, 10, 25
501.9, 10, 25
502, 10, 25
502.1, 10, 25
502.2, 10, 25
502.3, 10, 25
502.4, 10, 25
502.5, 10, 25
502.6, 10, 25
502.7, 10, 25
502.8, 10, 25
502.9, 10, 25
503, 10, 25
503.1, 10, 25
503.2, 10, 25
503.3, 10, 25
503.4, 10, 25
503.5, 10, 25
503.6, 10, 25
503.7, 10, 25
503.8, 10, 25
503.9, 10, 25
504, 10, 25
504.1, 10, 25
504.2, 10, 25
504.3, 10, 25
504.4, 10, 25
504.5, 9, 25
504.6, 9, 25
504.7, 9, 25
504.8, 9, 25
504.9, 9, 25
505, 9, 25
505.1, 9, 25
505.2, 9, 25
505.3, 9, 25
505.4, 9, 25
505.5, 9, 25
505.6, 9, 25
505.7, 9, 25
505.8, 9, 25
505.9, 9, 25
506, 9, 25
506.1, 9, 25
506.2, 9, 25
506.3, 9, 25
506.4, 9, 25
506.5, 9, 25
506.6, 9, 25
506.7, 9, 25
506.8, 9, 25
506.9, 9, 25
507, 9, 25
507.1, 9, 25
507.2, 9, 25
507.3, 9, 25
507.4, 9, 25
507.5, 9, 25
507.6, 9, 25
507.7, 9, 25
507.8, 9, 25
507.9, 9, 25
508, 9, 25
508.1, 9, 25
508.2, 9, 25
508.3, 9, 25
508.4, 9, 25
508.5, 9, 25
508.6, 9, 25
508.7, 9, 25
508.8, 9, 25
508.9, 9, 25
509, 9, 25
509.1, 9, 26
509.2, 9, 26
509.3, 9, 26
509.4, 9, 26
509.5, 9, 26
509.6, 9, 26
509.7, 9, 26
509.8, 9, 26
509.9, 10, 26
510, 10, 26
510.1, 10, 26
510.2, 10, 26
510.3, 10, 26
510.4, 10, 26
510.5, 10, 26
510.6, 10, 26
510.7, 10, 26
510.8, 10, 26
510.9, 10, 26
511, 10, 26
511.1, 10, 26
511.2, 10, 26
511.3, 10, 26
511.4, 10, 26
511.5, 10, 25
511.6, 10, 25
511.7, 10, 25
511.8, 10, 25
511.9, 10, 25
512, 10, 25
512.1, 10, 25
512.2, 10, 25
512.3, 10, 25
512.4, 10, 25
512.5, 10, 25
512.6, 10, 25
512.7, 10, 25
512.8, 10, 25
512.9, 10, 25
513, 10, 25
513.1, 10, 25
513.2, 10, 25
513.3, 10, 25
513.4, 10, 25
513.5, 10, 25
513.6, 10, 25
513.7, 10, 25
513.8, 10, 25
513.9, 10, 25
514, 10, 25
514.1, 10, 25
514.2, 10, 25
514.3, 10, 25
514.4, 10, 25
514.5, 10, 25
514.6, 10, 25
514.7, 10, 25
514.8, 10, 25
514.9, 10, 25
515, 10, 25
515.1, 10, 25
515.2, 10, 25
515.3, 10, 25
515.4, 10, 25
515.5, 10, 25
515.6, 10, 25
515.7, 10, 25
515.8, 10, 25
515.9, 10, 25
516, 10, 25
516.1, 10, 25
516.2, 10, 25
516.3, 10, 25
516.4, 10, 25
516.5, 10, 25
516.6, 10, 25
516.7, 10, 25
516.8, 10, 25
516.9, 10, 24
517, 10, 24
517.1, 10, 24
517.2, 10, 24
517.3, 10, 24
517.4, 10, 24
517.5, 10, 24
517.6, 10, 24
517.7, 10, 24
517.8, 10, 24
517.9, 10, 24
518, 10, 24
518.1, 9, 24
518.2, 9, 24
518.3, 9, 24
518.4, 9, 24
518.5, 9, 24
518.6, 9, 24
518.7, 9, 24
518.8, 9, 24
518.9, 9, 24
519, 9, 24
519.1, 9, 24
519.2, 9, 24
519.3, 9, 24
519.4, 9, 24
519.5, 9, 24
519.6, 9, 24
519.7, 9, 24
519.8, 9, 24
519.9, 9, 24
520, 9, 24
520.1, 9, 24
520.2, 9, 24
520.3, 9, 24
520.4, 9, 24
520.5, 9, 24
520.6, 9, 24
520.7, 9, 24
520.8, 9, 24
520.9, 9, 24
521, 9, 24
521.1, 9, 24
521.2, 9, 24
521.3, 9, 24
521.4, 9, 24
521.5, 8, 24
521.6, 8, 24
521.7, 8, 24
521.8, 8, 24
521.9, 8, 24
522, 8, 24
522.1, 8, 24
522.2, 8, 24
522.3, 8, 24
522.4, 8, 24
522.5, 9, 24
522.6, 9, 24
522.7, 9, 24
522.8, 9, 24
522.9, 9, 24
523, 9, 24
523.1, 9, 24
523.2, 9, 24
523.3, 9, 24
523.4, 9, 24
523.5, 9, 24
523.6, 9, 24
523.7, 9, 24
523.8, 9, 24
523.9, 9, 24
524, 9, 24
524.1, 9, 24
524.2, 9, 24
524.3, 9, 24
524.4, 9, 24
524.5, 9, 24
524.6, 9, 24
524.7, 9, 24
524.8, 9, 24
524.9, 9, 25
525, 9, 25
525.1, 9, 25
525.2, 9, 25
525.3, 9, 25
525.4, 9, 25
525.5, 9, 25
525.6, 9, 25
525.7, 9, 25
525.8, 9, 25
525.9, 9, 25
526, 9, 25
526.1, 9, 25
526.2, 9, 25
526.3, 9, 25
526.4, 9, 25
526.5, 8, 25
526.6, 8, 25
526.7, 8, 25
526.8, 8, 25
526.9, 8, 25
527, 8, 25
527.1, 8, 25
527.2, 8, 25
527.3, 8, 25
527.4, 8, 25
527.5, 8, 25
527.6, 8, 25
527.7, 8, 25
527.8, 8, 25
527.9, 8, 25
528, 8, 25
528.1, 8, 25
528.2, 8, 25
528.3, 8, 25
528.4, 8, 25
528.5, 8, 25
528.6, 8, 25
528.7, 8, 26
528.8, 8, 26
528.9, 8, 27
529, 8, 27
529.1, 8, 27
529.2, 8, 27
529.3, 8, 27
529.4, 8, 27
529.5, 8, 27
529.6, 8, 27
529.7, 8, 27
529.8, 8, 27
529.9, 8, 27
530, 8, 27
530.1, 8, 27
530.2, 8, 27
530.3, 8, 27
530.4, 8, 27
530.5, 8, 27
530.6, 8, 27
530.7, 8, 27
530.8, 8, 27
530.9, 8, 27
531, 8, 27
531.1, 9, 27
531.2, 9, 27
531.3, 9, 26
531.4, 9, 26
531.5, 9, 26
531.6, 9, 26
531.7, 9, 26
531.8, 9, 26
531.9, 9, 26
532, 9, 26
532.1, 9, 26
532.2, 9, 26
532.3, 9, 26
532.4, 9, 26
532.5, 9, 26
532.6, 9, 26
532.7, 9, 26
532.8, 9, 26
532.9, 9, 26
533, 9, 26
533.1, 9, 26
533.2, 9, 26
533.3, 9, 26
533.4, 9, 26
533.5, 9, 26
533.6, 9, 26
533.7, 9, 26
533.8, 9, 26
533.9, 9, 27
534, 9, 27
534.1, 9, 27
534.2, 9, 27
534.3, 9, 27
534.4, 9, 27
534.5, 9, 27
534.6, 9, 27
534.7, 9, 27
534.8, 9, 27
534.9, 9, 27
535, 9, 27
535.1, 9, 27
535.2, 9, 27
535.3, 9, 27
535.4, 9, 27
535.5, 9, 27
535.6, 9, 27
535.7, 9, 27
535.8, 9, 27
535.9, 9, 26
536, 9, 26
536.1, 9, 26
536.2, 9, 26
536.3, 9, 26
536.4, 9, 26
536.5, 9, 26
536.6, 9, 26
536.7, 9, 26
536.8, 9, 26
536.9, 9, 26
537, 9, 26
537.1, 9, 26
537.2, 9, 26
537.3, 9, 26
537.4, 9, 26
537.5, 9, 26
537.6, 9, 26
537.7, 8, 26
537.8, 8, 26
537.9, 8, 26
538, 8, 26
538.1, 8, 26
538.2, 8, 26
538.3, 8, 26
538.4, 8, 26
538.5, 8, 26
538.6, 8, 26
538.7, 8, 26
538.8, 8, 26
538.9, 8, 26
539, 8, 26
539.1, 8, 26
539.2, 8, 26
539.3, 8, 26
539.4, 8, 26
539.5, 8, 26
539.6, 8, 26
539.7, 8, 26
539.8, 8, 26
539.9, 7, 26
540, 7, 26
540.1, 7, 26
540.2, 7, 26
540.3, 7, 26
540.4, 7, 26
540.5, 7, 25
540.6, 7, 25
540.7, 7, 25
540.8, 7, 25
540.9, 7, 25
541, 7, 25
541.1, 7, 25
541.2, 7, 25
541.3, 8, 25
541.4, 8, 25
541.5, 8, 25
541.6, 8, 25
541.7, 8, 25
541.8, 8, 25
541.9, 8, 25
542, 8, 25
542.1, 8, 25
542.2, 8, 25
542.3, 8, 25
542.4, 8, 25
542.5, 8, 25
542.6, 8, 25
542.7, 8, 25
542.8, 8, 25
542.9, 8, 25
543, 8, 25
543.1, 8, 25
543.2, 8, 25
543.3, 8, 25
543.4, 8, 25
543.5, 8, 25
543.6, 8, 25
543.7, 8, 25
543.8, 8, 25
543.9, 8, 25
544, 8, 25
544.1, 8, 25
544.2, 8, 25
544.3, 8, 25
544.4, 8, 25
544.5, 8, 25
544.6, 8, 25
544.7, 8, 25
544.8, 8, 25
544.9, 8, 25
545, 8, 25
545.1, 8, 25
545.2, 8, 25
545.3, 8, 25
545.4, 8, 25
545.5, 8, 25
545.6, 8, 25
545.7, 8, 25
545.8, 8, 25
545.9, 8, 25
546, 8, 25
546.1, 8, 25
546.2, 8, 25
546.3, 8, 25
546.4, 8, 25
546.5, 9, 25
546.6, 9, 25
546.7, 9, 25
546.8, 9, 25
546.9, 9, 25
547, 9, 25
547.1, 9, 25
547.2, 9, 25
547.3, 9, 25
547.4, 9, 25
547.5, 9, 25
547.6, 9, 25
547.7, 9, 25
547.8, 9, 25
547.9, 9, 25
548, 9, 25
548.1, 9, 25
548.2, 9, 25
548.3, 9, 25
548.4, 9, 25
548.5, 9, 25
548.6, 9, 25
548.7, 9, 25
548.8, 9, 25
548.9, 9, 25
549, 9, 25
549.1, 9, 25
549.2, 9, 25
549.3, 9, 25
549.4, 9, 25
549.5, 10, 25
549.6, 10, 25
549.7, 10, 25
549.8, 10, 25
549.9, 10, 25
550, 10, 25
550.1, 10, 25
550.2, 10, 25
550.3, 9, 25
550.4, 9, 25
550.5, 9, 25
550.6, 9, 25
550.7, 9, 25
550.8, 9, 25
550.9, 9, 25
551, 9, 25
551.1, 10, 25
551.2, 10, 25
551.3, 10, 25
551.4, 10, 25
551.5, 10, 26
551.6, 10, 26
551.7, 10, 26
551.8, 10, 26
551.9, 10, 26
552, 10, 26
552.1, 10, 26
552.2, 10, 26
552.3, 9, 26
552.4, 9, 26
552.5, 9, 26
552.6, 9, 26
552.7, 9, 26
552.8, 9, 26
552.9, 9, 26
553, 9, 26
553.1, 9, 26
553.2, 9, 26
553.3, 9, 26
553.4, 9, 26
553.5, 9, 26
553.6, 9, 26
553.7, 9, 26
553.8, 9, 26
553.9, 9, 26
554, 9, 26
554.1, 9, 26
554.2, 9, 26
554.3, 9, 26
554.4, 9, 26
554.5, 9, 26
554.6, 9, 26
554.7, 9, 26
554.8, 9, 26
554.9, 9, 25
555, 9, 25
555.1, 9, 25
555.2, 9, 25
555.3, 9, 25
555.4, 9, 25
555.5, 9, 25
555.6, 9, 25
555.7, 9, 25
555.8, 9, 25
555.9, 9, 25
556, 9, 25
556.1, 9, 25
556.2, 9, 25
556.3, 9, 25
556.4, 9, 25
556.5, 9, 25
556.6, 9, 25
556.7, 9, 25
556.8, 9, 25
556.9, 9, 25
557, 9, 25
557.1, 9, 25
557.2, 9, 25
557.3, 9, 25
557.4, 9, 25
557.5, 9, 25
557.6, 9, 25
557.7, 9, 25
557.8, 9, 25
557.9, 9, 25
558, 9, 25
558.1, 9, 25
558.2, 9, 25
558.3, 9, 25
558.4, 9, 25
558.5, 9, 25
558.6, 9, 25
558.7, 9, 25
558.8, 9, 25
558.9, 9, 25
559, 9, 25
559.1, 9, 25
559.2, 9, 25
559.3, 9, 25
559.4, 9, 25
559.5, 9, 25
559.6, 9, 25
559.7, 9, 25
559.8, 9, 25
559.9, 9, 25
560, 9, 25
560.1, 9, 25
560.2, 9, 25
560.3, 10, 25
560.4, 10, 25
560.5, 10, 25
560.6, 10, 25
560.7, 10, 25
560.8, 10, 25
560.9, 10, 25
561, 10, 25
561.1, 10, 25
561.2, 10, 25
561.3, 10, 25
561.4, 10, 25
561.5, 10, 25
561.6, 10, 25
561.7, 10, 25
561.8, 10, 25
561.9, 10, 25
562, 10, 25
562.1, 10, 25
562.2, 10, 25
562.3, 10, 25
562.4, 10, 25
562.5, 10, 25
562.6, 10, 25
562.7, 10, 25
562.8, 10, 25
562.9, 10, 25
563, 10, 25
563.1, 10, 25
563.2, 10, 25
563.3, 10, 25
563.4, 10, 25
563.5, 10, 25
563.6, 10, 25
563.7, 10, 25
563.8, 10, 25
563.9, 10, 25
564, 10, 25
564.1, 10, 25
564.2, 10, 25
564.3, 10, 25
564.4, 10, 25
564.5, 10, 25
564.6, 10, 25
564.7, 10, 25
564.8, 10, 25
564.9, 10, 25
565, 10, 25
565.1, 10, 25
565.2, 10, 25
565.3, 10, 25
565.4, 10, 25
565.5, 10, 25
565.6, 10, 25
565.7, 10, 25
565.8, 10, 25
565.9, 10, 25
566, 10, 25
566.1, 10, 25
566.2, 10, 25
566.3, 9, 25
566.4, 9, 25
566.5, 9, 25
566.6, 9, 25
566.7, 9, 25
566.8, 9, 25
566.9, 9, 25
567, 9, 25
567.1, 9, 25
567.2, 9, 25
567.3, 9, 25
567.4, 9, 25
567.5, 9, 25
567.6, 9, 25
567.7, 9, 25
567.8, 9, 25
567.9, 9, 25
568, 9, 25
568.1, 9, 25
568.2, 9, 25
568.3, 9, 25
568.4, 9, 25
568.5, 9, 25
568.6, 9, 25
568.7, 10, 25
568.8, 10, 25
568.9, 10, 25
569, 10, 25
569.1, 10, 25
569.2, 10, 25
569.3, 10, 25
569.4, 10, 25
569.5, 10, 25
569.6, 10, 25
569.7, 10, 25
569.8, 10, 25
569.9, 10, 25
570, 10, 25
570.1, 10, 25
570.2, 10, 25
570.3, 10, 25
570.4, 10, 25
570.5, 10, 25
570.6, 10, 25
570.7, 10, 25
570.8, 10, 25
570.9, 10, 25
571, 10, 25
571.1, 10, 25
571.2, 10, 25
571.3, 10, 25
571.4, 10, 25
571.5, 10, 25
571.6, 10, 25
571.7, 10, 25
571.8, 10, 25
571.9, 10, 25
572, 10, 25
572.1, 10, 25
572.2, 10, 25
572.3, 10, 25
572.4, 10, 25
572.5, 10, 25
572.6, 10, 25
572.7, 10, 25
572.8, 10, 25
572.9, 10, 25
573, 10, 25
573.1, 10, 26
573.2, 10, 26
573.3, 10, 26
573.4, 10, 26
573.5, 10, 26
573.6, 10, 26
573.7, 10, 26
573.8, 10, 26
573.9, 10, 26
574, 10, 26
574.1, 10, 26
574.2, 10, 26
574.3, 10, 26
574.4, 10, 26
574.5, 10, 26
574.6, 10, 26
574.7, 10, 26
574.8, 10, 26
574.9, 10, 26
575, 10, 26
575.1, 10, 25
575.2, 10, 25
575.3, 10, 25
575.4, 10, 25
575.5, 10, 25
575.6, 10, 25
575.7, 10, 25
575.8, 10, 25
575.9, 10, 25
576, 10, 25
576.1, 10, 25
576.2, 10, 25
576.3, 10, 24
576.4, 10, 24
576.5, 10, 24
576.6, 10, 24
576.7, 10, 25
576.8, 10, 25
576.9, 10, 25
577, 10, 25
577.1, 10, 25
577.2, 10, 25
577.3, 10, 25
577.4, 10, 25
577.5, 10, 25
577.6, 10, 25
577.7, 10, 25
577.8, 10, 25
577.9, 10, 25
578, 10, 25
578.1, 10, 25
578.2, 10, 25
578.3, 10, 25
578.4, 10, 25
578.5, 10, 25
578.6, 10, 25
578.7, 10, 25
578.8, 10, 25
578.9, 10, 25
579, 10, 25
579.1, 10, 25
579.2, 10, 25
579.3, 10, 25
579.4, 10, 25
579.5, 10, 25
579.6, 10, 25
579.7, 10, 25
579.8, 10, 25
579.9, 10, 25
580, 10, 25
580.1, 10, 25
580.2, 10, 25
580.3, 10, 25
580.4, 10, 25
580.5, 10, 25
580.6, 10, 25
580.7, 10, 25
580.8, 10, 25
580.9, 10, 25
581, 10, 25
581.1, 10, 25
581.2, 10, 25
581.3, 10, 26
581.4, 10, 26
581.5, 11, 26
581.6, 11, 26
581.7, 11, 27
581.8, 11, 27
581.9, 11, 27
582, 11, 27
582.1, 11, 27
582.2, 11, 27
582.3, 11, 27
582.4, 11, 27
582.5, 11, 27
582.6, 11, 27
582.7, 11, 27
582.8, 11, 27
582.9, 11, 27
583, 11, 27
583.1, 11, 27
583.2, 11, 27
583.3, 11, 27
583.4, 11, 27
583.5, 11, 27
583.6, 11, 27
583.7, 11, 27
583.8, 11, 27
583.9, 11, 27
584, 11, 27
584.1, 11, 27
584.2, 11, 27
584.3, 11, 27
584.4, 11, 27
584.5, 10, 27
584.6, 10, 27
584.7, 10, 27
584.8, 10, 27
584.9, 10, 27
585, 10, 27
585.1, 9, 27
585.2, 9, 27
585.3, 9, 27
585.4, 9, 27
585.5, 9, 27
585.6, 9, 27
585.7, 9, 27
585.8, 9, 27
585.9, 9, 27
586, 9, 27
586.1, 9, 27
586.2, 9, 27
586.3, 9, 27
586.4, 9, 27
586.5, 9, 27
586.6, 9, 27
586.7, 9, 27
586.8, 9, 27
586.9, 9, 27
587, 9, 27
587.1, 9, 27
587.2, 9, 27
587.3, 9, 27
587.4, 9, 27
587.5, 9, 27
587.6, 9, 27
587.7, 9, 27
587.8, 9, 27
587.9, 9, 27
588, 9, 27
588.1, 9, 27
588.2, 9, 27
588.3, 9, 27
588.4, 9, 27
588.5, 9, 27
588.6, 9, 27
588.7, 9, 27
588.8, 9, 27
588.9, 9, 27
589, 9, 27
589.1, 9, 27
589.2, 9, 27
589.3, 9, 27
589.4, 9, 27
589.5, 9, 27
589.6, 9, 27
589.7, 9, 27
589.8, 9, 27
589.9, 9, 27
590, 9, 27
590.1, 8, 27
590.2, 8, 27
590.3, 8, 27
590.4, 8, 27
590.5, 8, 27
590.6, 8, 27
590.7, 8, 27
590.8, 8, 27
590.9, 8, 28
591, 8, 28
591.1, 8, 28
591.2, 8, 28
591.3, 7, 28
591.4, 7, 28
591.5, 7, 28
591.6, 7, 28
591.7, 7, 28
591.8, 7, 28
591.9, 7, 28
592, 7, 28
592.1, 6, 28
592.2, 6, 28
592.3, 6, 28
592.4, 6, 28
592.5, 6, 28
592.6, 6, 28
592.7, 6, 28
592.8, 6, 28
592.9, 6, 28
593, 6, 28
593.1, 6, 28
593.2, 6, 28
593.3, 6, 28
593.4, 6, 28
593.5, 6, 28
593.6, 6, 28
593.7, 6, 28
593.8, 6, 28
593.9, 6, 28
594, 6, 28
594.1, 6, 28
594.2, 6, 28
594.3, 6, 28
594.4, 6, 28
594.5, 6, 28
594.6, 6, 28
594.7, 6, 28
594.8, 6, 28
594.9, 6, 28
595, 6, 28
595.1, 6, 28
595.2, 6, 28
595.3, 6, 28
595.4, 6, 28
595.5, 6, 28
595.6, 6, 28
595.7, 6, 28
595.8, 6, 28
595.9, 6, 28
596, 6, 28
596.1, 6, 28
596.2, 6, 28
596.3, 6, 28
596.4, 6, 28
596.5, 6, 28
596.6, 6, 28
596.7, 6, 27
596.8, 6, 27
596.9, 6, 27
597, 6, 27
597.1, 6, 27
597.2, 6, 27
597.3, 6, 27
597.4, 6, 27
597.5, 6, 27
597.6, 6, 27
597.7, 6, 27
597.8, 6, 27
597.9, 6, 27
598, 6, 27
598.1, 6, 27
598.2, 6, 27
598.3, 7, 27
598.4, 7, 27
598.5, 7, 27
598.6, 7, 27
598.7, 7, 27
598.8, 7, 27
598.9, 7, 27
599, 7, 27
599.1, 7, 27
599.2, 7, 27
599.3, 7, 27
599.4, 7, 27
599.5, 7, 27
599.6, 7, 27
599.7, 7, 27
599.8, 7, 27
599.9, 7, 27
600, 7, 27
600.1, 8, 27
600.2, 8, 27
600.3, 8, 27
600.4, 8, 27
600.5, 8, 27
600.6, 8, 27
600.7, 8, 27
600.8, 8, 27
600.9, 8, 27
601, 8, 27
601.1, 8, 27
601.2, 8, 27
601.3, 8, 27
601.4, 8, 27
601.5, 8, 27
601.6, 8, 27
601.7, 8, 27
601.8, 8, 27
601.9, 8, 27
602, 8, 27
602.1, 7, 27
602.2, 7, 27
602.3, 7, 27
602.4, 7, 27
602.5, 7, 27
602.6, 7, 27
602.7, 7, 27
602.8, 7, 27
602.9, 7, 27
603, 7, 27
603.1, 7, 27
603.2, 7, 27
603.3, 7, 27
603.4, 7, 27
603.5, 7, 27
603.6, 7, 27
603.7, 7, 28
603.8, 7, 28
603.9, 7, 28
604, 7, 28
604.1, 7, 28
604.2, 7, 28
604.3, 7, 28
604.4, 7, 28
604.5, 7, 28
604.6, 7, 28
604.7, 7, 28
604.8, 7, 28
604.9, 7, 29
605, 7, 29
605.1, 7, 29
605.2, 7, 29
605.3, 7, 29
605.4, 7, 29
605.5, 7, 29
605.6, 7, 29
605.7, 7, 29
605.8, 7, 29
605.9, 7, 29
606, 7, 29
606.1, 7, 29
606.2, 7, 29
606.3, 7, 29
606.4, 7, 29
606.5, 7, 29
606.6, 7, 29
606.7, 7, 28
606.8, 7, 28
606.9, 8, 28
607, 8, 28
607.1, 8, 28
607.2, 8, 28
607.3, 8, 28
607.4, 8, 28
607.5, 8, 28
607.6, 8, 28
607.7, 8, 28
607.8, 8, 28
607.9, 8, 28
608, 8, 28
608.1, 8, 28
608.2, 8, 28
608.3, 8, 28
608.4, 8, 28
608.5, 8, 28
608.6, 8, 28
608.7, 8, 27
608.8, 8, 27
608.9, 8, 27
609, 8, 27
609.1, 8, 27
609.2, 8, 27
609.3, 8, 27
609.4, 8, 27
609.5, 8, 27
609.6, 8, 27
609.7, 8, 27
609.8, 8, 27
609.9, 8, 27
610, 8, 27
610.1, 8, 27
610.2, 8, 27
610.3, 8, 27
610.4, 8, 27
610.5, 8, 27
610.6, 8, 27
610.7, 8, 27
610.8, 8, 27
610.9, 8, 27
611, 8, 27
611.1, 8, 27
611.2, 8, 27
611.3, 8, 27
611.4, 8, 27
611.5, 8, 27
611.6, 8, 27
611.7, 8, 27
611.8, 8, 27
611.9, 8, 27
612, 8, 27
612.1, 8, 27
612.2, 8, 27
612.3, 8, 27
612.4, 8, 27
612.5, 8, 27
612.6, 8, 27
612.7, 8, 27
612.8, 8, 27
612.9, 8, 27
613, 8, 27
613.1, 8, 27
613.2, 8, 27
613.3, 8, 27
613.4, 8, 27
613.5, 8, 27
613.6, 8, 27
613.7, 8, 27
613.8, 8, 27
613.9, 8, 26
614, 8, 26
614.1, 8, 26
614.2, 8, 26
614.3, 8, 26
614.4, 8, 26
614.5, 8, 26
614.6, 8, 26
614.7, 8, 26
614.8, 8, 26
614.9, 8, 26
615, 8, 26
615.1, 8, 26
615.2, 8, 26
615.3, 8, 26
615.4, 8, 26
615.5, 8, 26
615.6, 8, 26
615.7, 8, 26
615.8, 8, 26
615.9, 8, 26
616, 8, 26
616.1, 8, 26
616.2, 8, 26
616.3, 8, 26
616.4, 8, 26
616.5, 8, 26
616.6, 8, 26
616.7, 8, 26
616.8, 8, 26
616.9, 8, 26
617, 8, 26
617.1, 8, 26
617.2, 8, 26
617.3, 8, 26
617.4, 8, 26
617.5, 8, 26
617.6, 8, 26
617.7, 8, 26
617.8, 8, 26
617.9, 8, 26
618, 8, 26
618.1, 8, 26
618.2, 8, 26
618.3, 8, 26
618.4, 8, 26
618.5, 9, 26
618.6, 9, 26
618.7, 9, 26
618.8, 9, 26
618.9, 9, 26
619, 9, 26
619.1, 9, 27
619.2, 9, 27
619.3, 9, 27
619.4, 9, 27
619.5, 9, 27
619.6, 9, 27
619.7, 9, 27
619.8, 9, 27
619.9, 9, 27
620, 9, 27
620.1, 9, 27
620.2, 9, 27
620.3, 9, 27
620.4, 9, 27
620.5, 9, 27
620.6, 9, 27
620.7, 9, 27
620.8, 9, 27
620.9, 9, 27
621, 9, 27
621.1, 9, 27
621.2, 9, 27
621.3, 9, 27
621.4, 9, 27
621.5, 9, 27
621.6, 9, 27
621.7, 9, 27
621.8, 9, 27
621.9, 9, 27
622, 9, 27
622.1, 9, 27
622.2, 9, 27
622.3, 9, 27
622.4, 9, 27
622.5, 8, 27
622.6, 8, 27
622.7, 8, 27
622.8, 8, 27
622.9, 8, 27
623, 8, 27
623.1, 8, 27
623.2, 8, 27
623.3, 8, 27
623.4, 8, 27
623.5, 8, 27
623.6, 8, 27
623.7, 8, 27
623.8, 8, 27
623.9, 8, 27
624, 8, 27
624.1, 8, 27
624.2, 8, 27
624.3, 8, 27
624.4, 8, 27
624.5, 8, 27
624.6, 8, 27
624.7, 8, 27
624.8, 8, 27
624.9, 7, 27
625, 7, 27
625.1, 7, 27
625.2, 7, 27
625.3, 7, 27
625.4, 7, 27
625.5, 7, 28
625.6, 7, 28
625.7, 7, 28
625.8, 7, 28
625.9, 7, 28
626, 7, 28
626.1, 7, 28
626.2, 7, 28
626.3, 7, 28
626.4, 7, 28
626.5, 7, 28
626.6, 7, 28
626.7, 7, 28
626.8, 7, 28
626.9, 7, 28
627, 7, 28
627.1, 7, 28
627.2, 7, 28
627.3, 7, 28
627.4, 7, 28
627.5, 7, 28
627.6, 7, 28
627.7, 7, 28
627.8, 7, 28
627.9, 7, 27
628, 7, 27
628.1, 7, 27
628.2, 7, 27
628.3, 7, 27
628.4, 7, 27
628.5, 7, 26
628.6, 7, 26
628.7, 7, 26
628.8, 7, 26
628.9, 7, 26
629, 7, 26
629.1, 7, 26
629.2, 7, 26
629.3, 8, 26
629.4, 8, 26
629.5, 8, 26
629.6, 8, 26
629.7, 8, 27
629.8, 8, 27
629.9, 8, 27
630, 8, 27
630.1, 8, 27
630.2, 8, 27
630.3, 8, 27
630.4, 8, 27
630.5, 8, 27
630.6, 8, 27
630.7, 8, 27
630.8, 8, 27
630.9, 8, 27
631, 8, 27
631.1, 8, 27
631.2, 8, 27
631.3, 8, 27
631.4, 8, 27
631.5, 8, 27
631.6, 8, 27
631.7, 8, 27
631.8, 8, 27
631.9, 8, 27
632, 8, 27
632.1, 8, 27
632.2, 8, 27
632.3, 8, 27
632.4, 8, 27
632.5, 8, 27
632.6, 8, 27
632.7, 8, 27
632.8, 8, 27
632.9, 8, 28
633, 8, 28
633.1, 8, 28
633.2, 8, 28
633.3, 8, 28
633.4, 8, 28
633.5, 8, 28
633.6, 8, 28
633.7, 8, 28
633.8, 8, 28
633.9, 8, 28
634, 8, 28
634.1, 8, 28
634.2, 8, 28
634.3, 8, 28
634.4, 8, 28
634.5, 8, 28
634.6, 8, 28
634.7, 8, 28
634.8, 8, 28
634.9, 8, 28
635, 8, 28
635.1, 8, 28
635.2, 8, 28
635.3, 8, 28
635.4, 8, 28
635.5, 8, 28
635.6, 8, 28
635.7, 8, 28
635.8, 8, 28
635.9, 8, 28
636, 8, 28
636.1, 8, 28
636.2, 8, 28
636.3, 8, 28
636.4, 8, 28
636.5, 8, 28
636.6, 8, 28
636.7, 8, 29
636.8, 8, 29
636.9, 8, 29
637, 8, 29
637.1, 8, 29
637.2, 8, 29
637.3, 8, 29
637.4, 8, 29
637.5, 8, 29
637.6, 8, 29
637.7, 8, 29
637.8, 8, 29
637.9, 8, 29
638, 8, 29
638.1, 8, 29
638.2, 8, 29
638.3, 8, 29
638.4, 8, 29
638.5, 8, 29
638.6, 8, 29
638.7, 8, 29
638.8, 8, 29
638.9, 9, 29
639, 9, 29
639.1, 9, 29
639.2, 9, 29
639.3, 9, 29
639.4, 9, 29
639.5, 9, 29
639.6, 9, 29
639.7, 9, 29
639.8, 9, 29
639.9, 9, 29
640, 9, 29
640.1, 9, 29
640.2, 9, 29
640.3, 9, 29
640.4, 9, 29
640.5, 9, 29
640.6, 9, 29
640.7, 9, 29
640.8, 9, 29
640.9, 9, 29
641, 9, 29
641.1, 9, 29
641.2, 9, 29
641.3, 9, 29
641.4, 9, 29
641.5, 9, 29
641.6, 9, 29
641.7, 9, 29
641.8, 9, 29
641.9, 9, 29
642, 9, 29
642.1, 9, 29
642.2, 9, 29
642.3, 9, 29
642.4, 9, 29
642.5, 9, 29
642.6, 9, 29
642.7, 9, 28
642.8, 9, 28
642.9, 9, 28
643, 9, 28
643.1, 9, 28
643.2, 9, 28
643.3, 9, 28
643.4, 9, 28
643.5, 9, 28
643.6, 9, 28
643.7, 9, 28
643.8, 9, 28
643.9, 9, 28
644, 9, 28
644.1, 9, 28
644.2, 9, 28
644.3, 9, 28
644.4, 9, 28
644.5, 9, 28
644.6, 9, 28
644.7, 9, 28
644.8, 9, 28
644.9, 9, 28
645, 9, 28
645.1, 8, 28
645.2, 8, 28
645.3, 8, 28
645.4, 8, 28
645.5, 8, 28
645.6, 8, 28
645.7, 8, 28
645.8, 8, 28
645.9, 8, 28
646, 8, 28
646.1, 8, 28
646.2, 8, 28
646.3, 8, 28
646.4, 8, 28
646.5, 8, 28
646.6, 8, 28
646.7, 8, 28
646.8, 8, 28
646.9, 8, 28
647, 8, 28
647.1, 8, 28
647.2, 8, 28
647.3, 8, 28
647.4, 8, 28
647.5, 8, 28
647.6, 8, 28
647.7, 8, 28
647.8, 8, 28
647.9, 8, 28
648, 8, 28
648.1, 8, 28
648.2, 8, 28
648.3, 9, 28
648.4, 9, 28
648.5, 9, 29
648.6, 9, 29
648.7, 9, 29
648.8, 9, 29
648.9, 9, 29
649, 9, 29
649.1, 9, 29
649.2, 9, 29
649.3, 9, 29
649.4, 9, 29
649.5, 9, 29
649.6, 9, 29
649.7, 9, 29
649.8, 9, 29
649.9, 9, 29
650, 9, 29
650.1, 9, 29
650.2, 9, 29
650.3, 9, 29
650.4, 9, 29
650.5, 9, 29
650.6, 9, 29
650.7, 9, 29
650.8, 9, 29
650.9, 9, 29
651, 9, 29
651.1, 9, 29
651.2, 9, 29
651.3, 9, 29
651.4, 9, 29
651.5, 9, 29
651.6, 9, 29
651.7, 9, 29
651.8, 9, 29
651.9, 9, 29
652, 9, 29
652.1, 9, 29
652.2, 9, 29
652.3, 10, 29
652.4, 10, 29
652.5, 10, 29
652.6, 10, 29
652.7, 10, 29
652.8, 10, 29
652.9, 10, 29
653, 10, 29
653.1, 10, 29
653.2, 10, 29
653.3, 10, 29
653.4, 10, 29
653.5, 10, 29
653.6, 10, 29
653.7, 10, 29
653.8, 10, 29
653.9, 10, 29
654, 10, 29
654.1, 10, 29
654.2, 10, 29
654.3, 10, 29
654.4, 10, 29
654.5, 10, 29
654.6, 10, 29
654.7, 10, 29
654.8, 10, 29
654.9, 10, 29
655, 10, 29
655.1, 9, 29
655.2, 9, 29
655.3, 9, 30
655.4, 9, 30
655.5, 9, 30
655.6, 9, 30
655.7, 9, 30
655.8, 9, 30
655.9, 9, 30
656, 9, 30
656.1, 9, 30
656.2, 9, 30
656.3, 9, 30
656.4, 9, 30
656.5, 9, 30
656.6, 9, 30
656.7, 9, 30
656.8, 9, 30
656.9, 9, 30
657, 9, 30
657.1, 9, 30
657.2, 9, 30
657.3, 9, 31
657.4, 9, 31
657.5, 9, 31
657.6, 9, 31
657.7, 9, 31
657.8, 9, 31
657.9, 9, 31
658, 9, 31
658.1, 9, 31
658.2, 9, 31
658.3, 9, 31
658.4, 9, 31
658.5, 9, 31
658.6, 9, 31
658.7, 9, 31
658.8, 9, 31
658.9, 9, 31
659, 9, 31
659.1, 9, 31
659.2, 9, 31
659.3, 9, 31
659.4, 9, 31
659.5, 9, 31
659.6, 9, 31
659.7, 9, 31
659.8, 9, 31
659.9, 9, 31
660, 9, 31
660.1, 9, 32
660.2, 9, 32
660.3, 9, 32
660.4, 9, 32
660.5, 9, 32
660.6, 9, 32
660.7, 9, 32
660.8, 9, 32
660.9, 9, 32
661, 9, 32
661.1, 9, 32
661.2, 9, 32
661.3, 9, 32
661.4, 9, 32
661.5, 9, 32
661.6, 9, 32
661.7, 9, 32
661.8, 9, 32
661.9, 9, 32
662, 9, 32
662.1, 9, 32
662.2, 9, 32
662.3, 9, 32
662.4, 9, 32
662.5, 9, 32
662.6, 9, 32
662.7, 9, 32
662.8, 9, 32
662.9, 9, 32
663, 9, 32
663.1, 9, 32
663.2, 9, 32
663.3, 9, 32
663.4, 9, 32
663.5, 9, 32
663.6, 9, 32
663.7, 9, 32
663.8, 9, 32
663.9, 9, 32
664, 9, 32
664.1, 9, 32
664.2, 9, 32
664.3, 9, 32
664.4, 9, 32
664.5, 9, 32
664.6, 9, 32
664.7, 9, 32
664.8, 9, 32
664.9, 10, 32
665, 10, 32
665.1, 10, 32
665.2, 10, 32
665.3, 10, 32
665.4, 10, 32
665.5, 10, 32
665.6, 10, 32
665.7, 10, 32
665.8, 10, 32
665.9, 10, 32
666, 10, 32
666.1, 10, 32
666.2, 10, 32
666.3, 10, 31
666.4, 10, 31
666.5, 10, 31
666.6, 10, 31
666.7, 10, 31
666.8, 10, 31
666.9, 10, 31
667, 10, 31
667.1, 10, 31
667.2, 10, 31
667.3, 10, 31
667.4, 10, 31
667.5, 10, 31
667.6, 10, 31
667.7, 10, 31
667.8, 10, 31
667.9, 10, 31
668, 10, 31
668.1, 10, 31
668.2, 10, 31
668.3, 10, 31
668.4, 10, 31
668.5, 10, 31
668.6, 10, 31
668.7, 10, 31
668.8, 10, 31
668.9, 10, 31
669, 10, 31
669.1, 10, 31
669.2, 10, 31
669.3, 10, 31
669.4, 10, 31
669.5, 10, 31
669.6, 10, 31
669.7, 10, 31
669.8, 10, 31
669.9, 10, 31
670, 10, 31
670.1, 10, 31
670.2, 10, 31
670.3, 10, 31
670.4, 10, 31
670.5, 10, 31
670.6, 10, 31
670.7, 10, 31
670.8, 10, 31
670.9, 10, 31
671, 10, 31
671.1, 10, 30
671.2, 10, 30
671.3, 10, 31
671.4, 10, 31
671.5, 10, 31
671.6, 10, 31
671.7, 10, 31
671.8, 10, 31
671.9, 10, 31
672, 10, 31
672.1, 10, 31
672.2, 10, 31
672.3, 10, 31
672.4, 10, 31
672.5, 10, 31
672.6, 10, 31
672.7, 10, 31
672.8, 10, 31
672.9, 10, 31
673, 10, 31
673.1, 10, 31
673.2, 10, 31
673.3, 10, 31
673.4, 10, 31
673.5, 10, 31
673.6, 10, 31
673.7, 10, 31
673.8, 10, 31
673.9, 10, 31
674, 10, 31
674.1, 10, 31
674.2, 10, 31
674.3, 10, 31
674.4, 10, 31
674.5, 10, 31
674.6, 10, 31
674.7, 10, 31
674.8, 10, 31
674.9, 10, 31
675, 10, 31
675.1, 10, 31
675.2, 10, 31
675.3, 10, 31
675.4, 10, 31
675.5, 10, 31
675.6, 10, 31
675.7, 9, 31
675.8, 9, 31
675.9, 9, 31
676, 9, 31
676.1, 9, 31
676.2, 9, 31
676.3, 9, 31
676.4, 9, 31
676.5, 9, 31
676.6, 9, 31
676.7, 9, 31
676.8, 9, 31
676.9, 9, 31
677, 9, 31
677.1, 9, 31
677.2, 9, 31
677.3, 9, 31
677.4, 9, 31
677.5, 9, 31
677.6, 9, 31
677.7, 9, 31
677.8, 9, 31
677.9, 9, 31
678, 9, 31
678.1, 9, 31
678.2, 9, 31
678.3, 9, 31
678.4, 9, 31
678.5, 9, 31
678.6, 9, 31
678.7, 9, 31
678.8, 9, 31
678.9, 9, 31
679, 9, 31
679.1, 9, 31
679.2, 9, 31
679.3, 9, 32
679.4, 9, 32
679.5, 9, 32
679.6, 9, 32
679.7, 9, 32
679.8, 9, 32
679.9, 9, 32
680, 9, 32
680.1, 9, 32
680.2, 9, 32
680.3, 9, 32
680.4, 9, 32
680.5, 9, 32
680.6, 9, 32
680.7, 10, 32
680.8, 10, 32
680.9, 9, 32
681, 9, 32
681.1, 9, 32
681.2, 9, 32
681.3, 9, 33
681.4, 9, 33
681.5, 9, 33
681.6, 9, 33
681.7, 9, 33
681.8, 9, 33
681.9, 9, 33
682, 9, 33
682.1, 9, 33
682.2, 9, 33
682.3, 9, 33
682.4, 9, 33
682.5, 9, 33
682.6, 9, 33
682.7, 9, 32
682.8, 9, 32
682.9, 9, 32
683, 9, 32
683.1, 9, 32
683.2, 9, 32
683.3, 9, 32
683.4, 9, 32
683.5, 9, 33
683.6, 9, 33
683.7, 9, 33
683.8, 9, 33
683.9, 9, 33
684, 9, 33
684.1, 9, 33
684.2, 9, 33
684.3, 9, 33
684.4, 9, 33
684.5, 9, 33
684.6, 9, 33
684.7, 9, 33
684.8, 9, 33
684.9, 9, 33
685, 9, 33
685.1, 9, 33
685.2, 9, 33
685.3, 9, 33
685.4, 9, 33
685.5, 9, 33
685.6, 9, 33
685.7, 9, 33
685.8, 9, 33
685.9, 9, 33
686, 9, 33
686.1, 9, 33
686.2, 9, 33
686.3, 9, 33
686.4, 9, 33
686.5, 9, 33
686.6, 9, 33
686.7, 8, 33
686.8, 8, 33
686.9, 8, 33
687, 8, 33
687.1, 8, 32
687.2, 8, 32
687.3, 8, 32
687.4, 8, 32
687.5, 8, 32
687.6, 8, 32
687.7, 8, 32
687.8, 8, 32
687.9, 7, 32
688, 7, 32
688.1, 7, 32
688.2, 7, 32
688.3, 7, 32
688.4, 7, 32
688.5, 7, 32
688.6, 7, 32
688.7, 7, 32
688.8, 7, 32
688.9, 7, 32
689, 7, 32
689.1, 7, 32
689.2, 7, 32
689.3, 7, 33
689.4, 7, 33
689.5, 7, 33
689.6, 7, 33
689.7, 7, 33
689.8, 7, 33
689.9, 7, 33
690, 7, 33
690.1, 7, 33
690.2, 7, 33
690.3, 7, 33
690.4, 7, 33
690.5, 7, 33
690.6, 7, 33
690.7, 7, 33
690.8, 7, 33
690.9, 7, 33
691, 7, 33
691.1, 7, 33
691.2, 7, 33
691.3, 7, 33
691.4, 7, 33
691.5, 7, 33
691.6, 7, 33
691.7, 7, 33
691.8, 7, 33
691.9, 7, 33
692, 7, 33
692.1, 7, 33
692.2, 7, 33
692.3, 7, 33
692.4, 7, 33
692.5, 7, 33
692.6, 7, 33
692.7, 7, 33
692.8, 7, 33
692.9, 7, 33
693, 7, 33
693.1, 7, 33
693.2, 7, 33
693.3, 7, 33
693.4, 7, 33
693.5, 7, 33
693.6, 7, 33
693.7, 7, 33
693.8, 7, 33
693.9, 7, 32
694, 7, 32
694.1, 7, 32
694.2, 7, 32
694.3, 7, 32
694.4, 7, 32
694.5, 7, 32
694.6, 7, 32
694.7, 7, 31
694.8, 7, 31
694.9, 7, 31
695, 7, 31
695.1, 7, 31
695.2, 7, 31
695.3, 7, 32
695.4, 7, 32
695.5, 7, 32
695.6, 7, 32
695.7, 7, 32
695.8, 7, 32
695.9, 7, 32
696, 7, 32
696.1, 7, 32
696.2, 7, 32
696.3, 7, 32
696.4, 7, 32
696.5, 7, 32
696.6, 7, 32
696.7, 7, 32
696.8, 7, 32
696.9, 7, 32
697, 7, 32
697.1, 7, 32
697.2, 7, 32
697.3, 7, 32
697.4, 7, 32
697.5, 7, 32
697.6, 7, 32
697.7, 7, 32
697.8, 7, 32
697.9, 7, 32
698, 7, 32
698.1, 7, 32
698.2, 7, 32
698.3, 7, 32
698.4, 7, 32
698.5, 8, 32
698.6, 8, 32
698.7, 8, 32
698.8, 8, 32
698.9, 8, 33
699, 8, 33
699.1, 8, 33
699.2, 8, 33
699.3, 8, 33
699.4, 8, 33
699.5, 8, 33
699.6, 8, 33
699.7, 8, 33
699.8, 8, 33
699.9, 8, 33
700, 8, 33
700.1, 8, 33
700.2, 8, 33
700.3, 8, 33
700.4, 8, 33
700.5, 8, 33
700.6, 8, 33
700.7, 8, 33
700.8, 8, 33
700.9, 8, 33
701, 8, 33
701.1, 8, 33
701.2, 8, 33
701.3, 8, 33
701.4, 8, 33
701.5, 8, 33
701.6, 8, 33
701.7, 8, 33
701.8, 8, 33
701.9, 8, 33
702, 8, 33
702.1, 8, 33
702.2, 8, 33
702.3, 8, 33
702.4, 8, 33
702.5, 8, 33
702.6, 8, 33
702.7, 8, 33
702.8, 8, 33
702.9, 8, 33
703, 8, 33
703.1, 8, 33
703.2, 8, 33
703.3, 8, 33
703.4, 8, 33
703.5, 8, 33
703.6, 8, 33
703.7, 8, 33
703.8, 8, 33
703.9, 8, 32
704, 8, 32
704.1, 8, 32
704.2, 8, 32
704.3, 8, 32
704.4, 8, 32
704.5, 8, 32
704.6, 8, 32
704.7, 8, 32
704.8, 8, 32
704.9, 8, 32
705, 8, 32
705.1, 8, 32
705.2, 8, 32
705.3, 8, 32
705.4, 8, 32
705.5, 8, 32
705.6, 8, 32
705.7, 9, 32
705.8, 9, 32
705.9, 9, 32
706, 9, 32
706.1, 9, 32
706.2, 9, 32
706.3, 9, 32
706.4, 9, 32
706.5, 9, 32
706.6, 9, 32
706.7, 9, 32
706.8, 9, 32
706.9, 9, 32
707, 9, 32
707.1, 9, 32
707.2, 9, 32
707.3, 9, 32
707.4, 9, 32
707.5, 9, 32
707.6, 9, 32
707.7, 9, 31
707.8, 9, 31
707.9, 9, 31
708, 9, 31
708.1, 9, 31
708.2, 9, 31
708.3, 9, 32
708.4, 9, 32
708.5, 9, 32
708.6, 9, 32
708.7, 9, 32
708.8, 9, 32
708.9, 9, 32
709, 9, 32
709.1, 9, 32
709.2, 9, 32
709.3, 8, 32
709.4, 8, 32
709.5, 8, 32
709.6, 8, 32
709.7, 8, 32
709.8, 8, 32
709.9, 8, 32
710, 8, 32
710.1, 8, 32
710.2, 8, 32
710.3, 8, 32
710.4, 8, 32
710.5, 8, 32
710.6, 8, 32
710.7, 8, 32
710.8, 8, 32
710.9, 8, 32
711, 8, 32
711.1, 8, 32
711.2, 8, 32
711.3, 8, 31
711.4, 8, 31
711.5, 8, 31
711.6, 8, 31
711.7, 8, 31
711.8, 8, 31
711.9, 8, 31
712, 8, 31
712.1, 8, 31
712.2, 8, 31
712.3, 8, 31
712.4, 8, 31
712.5, 8, 31
712.6, 8, 31
712.7, 8, 31
712.8, 8, 31
712.9, 8, 31
713, 8, 31
713.1, 8, 31
713.2, 8, 31
713.3, 8, 31
713.4, 8, 31
713.5, 8, 31
713.6, 8, 31
713.7, 8, 31
713.8, 8, 31
713.9, 8, 31
714, 8, 31
714.1, 8, 31
714.2, 8, 31
714.3, 8, 31
714.4, 8, 31
714.5, 7, 31
714.6, 7, 31
714.7, 7, 31
714.8, 7, 31
714.9, 7, 31
715, 7, 31
715.1, 7, 31
715.2, 7, 31
715.3, 7, 31
715.4, 7, 31
715.5, 7, 31
715.6, 7, 31
715.7, 7, 31
715.8, 7, 31
715.9, 7, 30
716, 7, 30
716.1, 7, 30
716.2, 7, 30
716.3, 7, 30
716.4, 7, 30
716.5, 7, 30
716.6, 7, 30
716.7, 7, 30
716.8, 7, 30
716.9, 7, 30
717, 7, 30
717.1, 7, 30
717.2, 7, 30
717.3, 7, 30
717.4, 7, 30
717.5, 7, 30
717.6, 7, 30
717.7, 7, 30
717.8, 7, 30
717.9, 7, 30
718, 7, 30
718.1, 7, 29
718.2, 7, 29
718.3, 7, 29
718.4, 7, 29
718.5, 7, 29
718.6, 7, 29
718.7, 7, 29
718.8, 7, 29
718.9, 7, 28
719, 7, 28
719.1, 7, 28
719.2, 7, 28
719.3, 7, 28
719.4, 7, 28
719.5, 7, 28
719.6, 7, 28
719.7, 7, 28
719.8, 7, 28
719.9, 7, 28
720, 7, 28
720.1, 7, 28
720.2, 7, 28
720.3, 7, 29
720.4, 7, 29
720.5, 7, 29
720.6, 7, 29
720.7, 7, 29
720.8, 7, 29
720.9, 7, 29
721, 7, 29
721.1, 7, 29
721.2, 7, 29
721.3, 7, 29
721.4, 7, 29
721.5, 8, 29
721.6, 8, 29
721.7, 8, 29
721.8, 8, 29
721.9, 8, 29
722, 8, 29
722.1, 8, 29
722.2, 8, 29
722.3, 8, 29
722.4, 8, 29
722.5, 8, 29
722.6, 8, 29
722.7, 8, 29
722.8, 8, 29
722.9, 8, 29
723, 8, 29
723.1, 8, 29
723.2, 8, 29
723.3, 8, 29
723.4, 8, 29
723.5, 8, 29
723.6, 8, 29
723.7, 9, 29
723.8, 9, 29
723.9, 9, 29
724, 9, 29
724.1, 9, 29
724.2, 9, 29
724.3, 9, 29
724.4, 9, 29
724.5, 9, 29
724.6, 9, 29
724.7, 9, 29
724.8, 9, 29
724.9, 9, 29
725, 9, 29
725.1, 9, 29
725.2, 9, 29
725.3, 9, 29
725.4, 9, 29
725.5, 9, 29
725.6, 9, 29
725.7, 9, 29
725.8, 9, 29
725.9, 9, 29
726, 9, 29
726.1, 9, 29
726.2, 9, 29
726.3, 9, 29
726.4, 9, 29
726.5, 9, 29
726.6, 9, 29
726.7, 9, 29
726.8, 9, 29
726.9, 9, 29
727, 9, 29
727.1, 9, 29
727.2, 9, 29
727.3, 9, 29
727.4, 9, 29
727.5, 9, 29
727.6, 9, 29
727.7, 9, 29
727.8, 9, 29
727.9, 9, 29
728, 9, 29
728.1, 9, 29
728.2, 9, 29
728.3, 9, 29
728.4, 9, 29
728.5, 9, 29
728.6, 9, 29
728.7, 9, 29
728.8, 9, 29
728.9, 9, 29
729, 9, 29
729.1, 9, 29
729.2, 9, 29
729.3, 9, 29
729.4, 9, 29
729.5, 9, 29
729.6, 9, 29
729.7, 9, 29
729.8, 9, 29
729.9, 9, 29
730, 9, 29
730.1, 9, 29
730.2, 9, 29
730.3, 9, 29
730.4, 9, 29
730.5, 9, 29
730.6, 9, 29
730.7, 9, 29
730.8, 9, 29
730.9, 9, 29
731, 9, 29
731.1, 9, 29
731.2, 9, 29
731.3, 8, 29
731.4, 8, 29
731.5, 8, 29
731.6, 8, 29
731.7, 8, 29
731.8, 8, 29
731.9, 8, 29
732, 8, 29
732.1, 8, 30
732.2, 8, 30
732.3, 8, 30
732.4, 8, 30
732.5, 8, 30
732.6, 8, 30
732.7, 8, 30
732.8, 8, 30
732.9, 8, 30
733, 8, 30
733.1, 8, 30
733.2, 8, 30
733.3, 8, 30
733.4, 8, 30
733.5, 8, 30
733.6, 8, 30
733.7, 8, 30
733.8, 8, 30
733.9, 8, 30
734, 8, 30
734.1, 8, 30
734.2, 8, 30
734.3, 8, 30
734.4, 8, 30
734.5, 8, 30
734.6, 8, 30
734.7, 8, 30
734.8, 8, 30
734.9, 8, 30
735, 8, 30
735.1, 8, 30
735.2, 8, 30
735.3, 8, 30
735.4, 8, 30
735.5, 8, 30
735.6, 8, 30
735.7, 8, 30
735.8, 8, 30
735.9, 8, 30
736, 8, 30
736.1, 8, 30
736.2, 8, 30
736.3, 8, 30
736.4, 8, 30
736.5, 8, 31
736.6, 8, 31
736.7, 8, 31
736.8, 8, 31
736.9, 8, 31
737, 8, 31
737.1, 8, 31
737.2, 8, 31
737.3, 8, 31
737.4, 8, 31
737.5, 8, 31
737.6, 8, 31
737.7, 8, 30
737.8, 8, 30
737.9, 8, 30
738, 8, 30
738.1, 8, 30
738.2, 8, 30
738.3, 8, 30
738.4, 8, 30
738.5, 8, 30
738.6, 8, 30
738.7, 8, 30
738.8, 8, 30
738.9, 8, 30
739, 8, 30
739.1, 9, 30
739.2, 9, 30
739.3, 9, 30
739.4, 9, 30
739.5, 9, 30
739.6, 9, 30
739.7, 9, 30
739.8, 9, 30
739.9, 9, 30
740, 9, 30
740.1, 9, 30
740.2, 9, 30
740.3, 9, 30
740.4, 9, 30
740.5, 9, 30
740.6, 9, 30
740.7, 9, 30
740.8, 9, 30
740.9, 9, 30
741, 9, 30
741.1, 9, 30
741.2, 9, 30
741.3, 9, 30
741.4, 9, 30
741.5, 9, 30
741.6, 9, 30
741.7, 9, 30
741.8, 9, 30
741.9, 9, 30
742, 9, 30
742.1, 9, 30
742.2, 9, 30
742.3, 9, 30
742.4, 9, 30
742.5, 9, 30
742.6, 9, 30
742.7, 9, 30
742.8, 9, 30
742.9, 9, 30
743, 9, 30
743.1, 9, 30
743.2, 9, 30
743.3, 9, 30
743.4, 9, 30
743.5, 9, 30
743.6, 9, 30
743.7, 9, 30
743.8, 9, 30
743.9, 9, 30
744, 9, 30
744.1, 9, 30
744.2, 9, 30
744.3, 9, 30
744.4, 9, 30
744.5, 9, 30
744.6, 9, 30
744.7, 9, 30
744.8, 9, 30
744.9, 9, 30
745, 9, 30
745.1, 9, 30
745.2, 9, 30
745.3, 9, 30
745.4, 9, 30
745.5, 9, 31
745.6, 9, 31
745.7, 9, 31
745.8, 9, 31
745.9, 9, 31
746, 9, 31
746.1, 9, 31
746.2, 9, 31
746.3, 9, 31
746.4, 9, 31
746.5, 9, 31
746.6, 9, 31
746.7, 9, 31
746.8, 9, 31
746.9, 9, 31
747, 9, 31
747.1, 9, 31
747.2, 9, 31
747.3, 9, 31
747.4, 9, 31
747.5, 9, 31
747.6, 9, 31
747.7, 9, 31
747.8, 9, 31
747.9, 9, 31
748, 9, 31
748.1, 9, 31
748.2, 9, 31
748.3, 9, 31
748.4, 9, 31
748.5, 9, 31
748.6, 9, 31
748.7, 9, 31
748.8, 9, 31
748.9, 9, 31
749, 9, 31
749.1, 9, 31
749.2, 9, 31
749.3, 9, 31
749.4, 9, 31
749.5, 9, 31
749.6, 9, 31
749.7, 9, 31
749.8, 9, 31
749.9, 9, 31
750, 9, 31
750.1, 9, 31
750.2, 9, 31
750.3, 9, 31
750.4, 9, 31
750.5, 9, 31
750.6, 9, 31
750.7, 9, 31
750.8, 9, 31
750.9, 9, 31
751, 9, 31
751.1, 9, 31
751.2, 9, 31
751.3, 9, 31
751.4, 9, 31
751.5, 9, 31
751.6, 9, 31
751.7, 9, 31
751.8, 9, 31
751.9, 9, 31
752, 9, 31
752.1, 9, 31
752.2, 9, 31
752.3, 9, 31
752.4, 9, 31
752.5, 10, 31
752.6, 10, 31
752.7, 10, 31
752.8, 10, 31
752.9, 9, 31
753, 9, 31
753.1, 9, 31
753.2, 9, 31
753.3, 9, 31
753.4, 9, 31
753.5, 9, 31
753.6, 9, 31
753.7, 9, 31
753.8, 9, 31
753.9, 9, 32
754, 9, 32
754.1, 9, 32
754.2, 9, 32
754.3, 9, 32
754.4, 9, 32
754.5, 9, 32
754.6, 9, 32
754.7, 9, 32
754.8, 9, 32
754.9, 9, 32
755, 9, 32
755.1, 9, 32
755.2, 9, 32
755.3, 9, 32
755.4, 9, 32
755.5, 9, 32
755.6, 9, 32
755.7, 9, 32
755.8, 9, 32
755.9, 9, 32
756, 9, 32
756.1, 9, 31
756.2, 9, 31
756.3, 9, 31
756.4, 9, 31
756.5, 9, 31
756.6, 9, 31
756.7, 9, 31
756.8, 9, 31
756.9, 9, 30
757, 9, 30
757.1, 9, 30
757.2, 9, 30
757.3, 9, 30
757.4, 9, 30
757.5, 9, 30
757.6, 9, 30
757.7, 9, 30
757.8, 9, 30
757.9, 9, 30
758, 9, 30
758.1, 9, 30
758.2, 9, 30
758.3, 9, 30
758.4, 9, 30
758.5, 9, 30
758.6, 9, 30
758.7, 9, 30
758.8, 9, 30
758.9, 9, 30
759, 9, 30
759.1, 9, 30
759.2, 9, 30
759.3, 9, 30
759.4, 9, 30
759.5, 9, 30
759.6, 9, 30
759.7, 10, 30
759.8, 10, 30
759.9, 10, 30
760, 10, 30
760.1, 10, 30
760.2, 10, 30
760.3, 10, 30
760.4, 10, 30
760.5, 10, 30
760.6, 10, 30
760.7, 10, 30
760.8, 10, 30
760.9, 10, 30
761, 10, 30
761.1, 10, 30
761.2, 10, 30
761.3, 9, 30
761.4, 9, 30
761.5, 9, 30
761.6, 9, 30
761.7, 9, 30
761.8, 9, 30
761.9, 9, 30
762, 9, 30
762.1, 9, 30
762.2, 9, 30
762.3, 9, 30
762.4, 9, 30
762.5, 9, 30
762.6, 9, 30
762.7, 9, 30
762.8, 9, 30
762.9, 9, 30
763, 9, 30
763.1, 9, 30
763.2, 9, 30
763.3, 9, 30
763.4, 9, 30
763.5, 9, 30
763.6, 9, 30
763.7, 9, 30
763.8, 9, 30
763.9, 9, 30
764, 9, 30
764.1, 9, 30
764.2, 9, 30
764.3, 9, 30
764.4, 9, 30
764.5, 9, 30
764.6, 9, 30
764.7, 8, 30
764.8, 8, 30
764.9, 8, 30
765, 8, 30
765.1, 8, 30
765.2, 8, 30
765.3, 8, 30
765.4, 8, 30
765.5, 8, 30
765.6, 8, 30
765.7, 8, 29
765.8, 8, 29
765.9, 8, 29
766, 8, 29
766.1, 8, 29
766.2, 8, 29
766.3, 8, 29
766.4, 8, 29
766.5, 8, 29
766.6, 8, 29
766.7, 8, 29
766.8, 8, 29
766.9, 8, 29
767, 8, 29
767.1, 8, 29
767.2, 8, 29
767.3, 8, 29
767.4, 8, 29
767.5, 8, 29
767.6, 8, 29
767.7, 8, 29
767.8, 8, 29
767.9, 8, 29
768, 8, 29
768.1, 8, 29
768.2, 8, 29
768.3, 8, 29
768.4, 8, 29
768.5, 8, 29
768.6, 8, 29
768.7, 8, 29
768.8, 8, 29
768.9, 8, 29
769, 8, 29
769.1, 8, 29
769.2, 8, 29
769.3, 8, 29
769.4, 8, 29
769.5, 8, 29
769.6, 8, 29
769.7, 8, 29
769.8, 8, 29
769.9, 8, 29
770, 8, 29
770.1, 8, 28
770.2, 8, 28
770.3, 8, 28
770.4, 8, 28
770.5, 8, 28
770.6, 8, 28
770.7, 8, 28
770.8, 8, 28
770.9, 8, 28
771, 8, 28
771.1, 8, 28
771.2, 8, 28
771.3, 8, 28
771.4, 8, 28
771.5, 8, 28
771.6, 8, 28
771.7, 8, 28
771.8, 8, 28
771.9, 8, 28
772, 8, 28
772.1, 7, 28
772.2, 7, 28
772.3, 7, 28
772.4, 7, 28
772.5, 7, 28
772.6, 7, 28
772.7, 7, 28
772.8, 7, 28
772.9, 7, 28
773, 7, 28
773.1, 7, 28
773.2, 7, 28
773.3, 7, 28
773.4, 7, 28
773.5, 7, 28
773.6, 7, 28
773.7, 6, 28
773.8, 6, 28
773.9, 6, 28
774, 6, 28
774.1, 6, 28
774.2, 6, 28
774.3, 7, 28
774.4, 7, 28
774.5, 7, 28
774.6, 7, 28
774.7, 7, 28
774.8, 7, 28
774.9, 7, 28
775, 7, 28
775.1, 7, 27
775.2, 7, 27
775.3, 7, 27
775.4, 7, 27
775.5, 7, 27
775.6, 7, 27
775.7, 7, 27
775.8, 7, 27
775.9, 7, 27
776, 7, 27
776.1, 7, 27
776.2, 7, 27
776.3, 7, 27
776.4, 7, 27
776.5, 7, 27
776.6, 7, 27
776.7, 7, 27
776.8, 7, 27
776.9, 7, 27
777, 7, 27
777.1, 7, 27
777.2, 7, 27
777.3, 7, 27
777.4, 7, 27
777.5, 7, 27
777.6, 7, 27
777.7, 7, 27
777.8, 7, 27
777.9, 7, 27
778, 7, 27
778.1, 7, 27
778.2, 7, 27
778.3, 7, 27
778.4, 7, 27
778.5, 6, 27
778.6, 6, 27
778.7, 6, 27
778.8, 6, 27
778.9, 6, 27
779, 6, 27
779.1, 6, 27
779.2, 6, 27
779.3, 6, 27
779.4, 6, 27
779.5, 6, 27
779.6, 6, 27
779.7, 6, 27
779.8, 6, 27
779.9, 6, 27
780, 6, 27
780.1, 6, 27
780.2, 6, 27
780.3, 6, 27
780.4, 6, 27
780.5, 6, 27
780.6, 6, 27
780.7, 6, 27
780.8, 6, 27
780.9, 6, 27
781, 6, 27
781.1, 6, 27
781.2, 6, 27
781.3, 6, 27
781.4, 6, 27
781.5, 6, 27
781.6, 6, 27
781.7, 6, 27
781.8, 6, 27
781.9, 6, 27
782, 6, 27
782.1, 6, 28
782.2, 6, 28
782.3, 6, 28
782.4, 6, 28
782.5, 6, 27
782.6, 6, 27
782.7, 6, 27
782.8, 6, 27
782.9, 6, 27
783, 6, 27
783.1, 6, 27
783.2, 6, 27
783.3, 6, 27
783.4, 6, 27
783.5, 6, 27
783.6, 6, 27
783.7, 6, 27
783.8, 6, 27
783.9, 6, 27
784, 6, 27
784.1, 6, 27
784.2, 6, 27
784.3, 6, 27
784.4, 6, 27
784.5, 6, 27
784.6, 6, 27
784.7, 6, 27
784.8, 6, 27
784.9, 6, 27
785, 6, 27
785.1, 6, 27
785.2, 6, 27
785.3, 6, 27
785.4, 6, 27
785.5, 6, 27
785.6, 6, 27
785.7, 6, 27
785.8, 6, 27
785.9, 6, 27
786, 6, 27
786.1, 6, 27
786.2, 6, 27
786.3, 6, 27
786.4, 6, 27
786.5, 6, 27
786.6, 6, 27
786.7, 7, 27
786.8, 7, 27
786.9, 7, 27
787, 7, 27
787.1, 7, 27
787.2, 7, 27
787.3, 7, 27
787.4, 7, 27
787.5, 7, 27
787.6, 7, 27
787.7, 7, 27
787.8, 7, 27
787.9, 7, 27
788, 7, 27
788.1, 7, 27
788.2, 7, 27
788.3, 7, 27
788.4, 7, 27
788.5, 7, 27
788.6, 7, 27
788.7, 7, 26
788.8, 7, 26
788.9, 7, 26
789, 7, 26
789.1, 7, 26
789.2, 7, 26
789.3, 7, 26
789.4, 7, 26
789.5, 7, 26
789.6, 7, 26
789.7, 7, 26
789.8, 7, 26
789.9, 7, 26
790, 7, 26
790.1, 7, 26
790.2, 7, 26
790.3, 7, 26
790.4, 7, 26
790.5, 7, 26
790.6, 7, 26
790.7, 7, 26
790.8, 7, 26
790.9, 7, 26
791, 7, 26
791.1, 7, 26
791.2, 7, 26
791.3, 7, 26
791.4, 7, 26
791.5, 7, 26
791.6, 7, 26
791.7, 7, 26
791.8, 7, 26
791.9, 7, 26
792, 7, 26
792.1, 7, 26
792.2, 7, 26
792.3, 7, 26
792.4, 7, 26
792.5, 7, 26
792.6, 7, 26
792.7, 7, 26
792.8, 7, 26
792.9, 7, 26
793, 7, 26
793.1, 7, 26
793.2, 7, 26
793.3, 7, 26
793.4, 7, 26
793.5, 8, 26
793.6, 8, 26
793.7, 7, 26
793.8, 7, 26
793.9, 7, 26
794, 7, 26
794.1, 7, 26
794.2, 7, 26
794.3, 7, 26
794.4, 7, 26
794.5, 7, 26
794.6, 7, 26
794.7, 7, 26
794.8, 7, 26
794.9, 7, 26
795, 7, 26
795.1, 7, 26
795.2, 7, 26
795.3, 7, 26
795.4, 7, 26
795.5, 7, 26
795.6, 7, 26
795.7, 7, 26
795.8, 7, 26
795.9, 8, 26
796, 8, 26
796.1, 8, 25
796.2, 8, 25
796.3, 8, 25
796.4, 8, 25
796.5, 8, 25
796.6, 8, 25
796.7, 8, 24
796.8, 8, 24
796.9, 8, 24
797, 8, 24
797.1, 8, 24
797.2, 8, 24
797.3, 8, 24
797.4, 8, 24
797.5, 7, 24
797.6, 7, 24
797.7, 7, 24
797.8, 7, 24
797.9, 7, 24
798, 7, 24
798.1, 7, 24
798.2, 7, 24
798.3, 7, 24
798.4, 7, 24
798.5, 7, 24
798.6, 7, 24
798.7, 7, 24
798.8, 7, 24
798.9, 7, 24
799, 7, 24
799.1, 7, 24
799.2, 7, 24
799.3, 7, 24
799.4, 7, 24
799.5, 7, 24
799.6, 7, 24
799.7, 7, 24
799.8, 7, 24
799.9, 7, 24
800, 7, 24
800.1, 7, 24
800.2, 7, 24
800.3, 7, 24
800.4, 7, 24
800.5, 7, 24
800.6, 7, 24
800.7, 7, 24
800.8, 7, 24
800.9, 7, 24
801, 7, 24
801.1, 7, 24
801.2, 7, 24
801.3, 7, 24
801.4, 7, 24
801.5, 7, 24
801.6, 7, 24
801.7, 7, 24
801.8, 7, 24
801.9, 7, 24
802, 7, 24
802.1, 7, 24
802.2, 7, 24
802.3, 7, 24
802.4, 7, 24
802.5, 7, 24
802.6, 7, 24
802.7, 7, 24
802.8, 7, 24
802.9, 7, 24
803, 7, 24
803.1, 7, 24
803.2, 7, 24
803.3, 7, 24
803.4, 7, 24
803.5, 7, 24
803.6, 7, 24
803.7, 7, 24
803.8, 7, 24
803.9, 7, 24
804, 7, 24
804.1, 7, 24
804.2, 7, 24
804.3, 7, 24
804.4, 7, 24
804.5, 7, 24
804.6, 7, 24
804.7, 7, 24
804.8, 7, 24
804.9, 7, 24
805, 7, 24
805.1, 7, 24
805.2, 7, 24
805.3, 7, 24
805.4, 7, 24
805.5, 8, 24
805.6, 8, 24
805.7, 8, 24
805.8, 8, 24
805.9, 8, 24
806, 8, 24
806.1, 8, 24
806.2, 8, 24
806.3, 8, 24
806.4, 8, 24
806.5, 8, 24
806.6, 8, 24
806.7, 8, 24
806.8, 8, 24
806.9, 8, 24
807, 8, 24
807.1, 7, 24
807.2, 7, 24
807.3, 7, 24
807.4, 7, 24
807.5, 7, 24
807.6, 7, 24
807.7, 7, 24
807.8, 7, 24
807.9, 7, 24
808, 7, 24
808.1, 7, 24
808.2, 7, 24
808.3, 7, 24
808.4, 7, 24
808.5, 7, 24
808.6, 7, 24
808.7, 7, 24
808.8, 7, 24
808.9, 7, 24
809, 7, 24
809.1, 7, 24
809.2, 7, 24
809.3, 7, 24
809.4, 7, 24
809.5, 7, 24
809.6, 7, 24
809.7, 7, 24
809.8, 7, 24
809.9, 7, 24
810, 7, 24
810.1, 7, 24
810.2, 7, 24
810.3, 7, 24
810.4, 7, 24
810.5, 7, 24
810.6, 7, 24
810.7, 7, 24
810.8, 7, 24
810.9, 7, 24
811, 7, 24
811.1, 7, 24
811.2, 7, 24
811.3, 7, 24
811.4, 7, 24
811.5, 7, 24
811.6, 7, 24
811.7, 7, 24
811.8, 7, 24
811.9, 7, 24
812, 7, 24
812.1, 7, 24
812.2, 7, 24
812.3, 7, 24
812.4, 7, 24
812.5, 7, 24
812.6, 7, 24
812.7, 7, 24
812.8, 7, 24
812.9, 7, 24
813, 7, 24
813.1, 7, 24
813.2, 7, 24
813.3, 7, 24
813.4, 7, 24
813.5, 7, 24
813.6, 7, 24
813.7, 7, 24
813.8, 7, 24
813.9, 7, 24
814, 7, 24
814.1, 7, 24
814.2, 7, 24
814.3, 7, 24
814.4, 7, 24
814.5, 7, 24
814.6, 7, 24
814.7, 7, 24
814.8, 7, 24
814.9, 7, 24
815, 7, 24
815.1, 7, 24
815.2, 7, 24
815.3, 7, 24
815.4, 7, 24
815.5, 7, 24
815.6, 7, 24
815.7, 7, 24
815.8, 7, 24
815.9, 7, 24
816, 7, 24
816.1, 7, 24
816.2, 7, 24
816.3, 7, 24
816.4, 7, 24
816.5, 7, 24
816.6, 7, 24
816.7, 7, 24
816.8, 7, 24
816.9, 7, 24
817, 7, 24
817.1, 7, 24
817.2, 7, 24
817.3, 7, 24
817.4, 7, 24
817.5, 7, 24
817.6, 7, 24
817.7, 7, 24
817.8, 7, 24
817.9, 7, 24
818, 7, 24
818.1, 7, 24
818.2, 7, 24
818.3, 7, 24
818.4, 7, 24
818.5, 7, 24
818.6, 7, 24
818.7, 7, 24
818.8, 7, 24
818.9, 7, 24
819, 7, 24
819.1, 7, 24
819.2, 7, 24
819.3, 7, 24
819.4, 7, 24
819.5, 7, 24
819.6, 7, 24
819.7, 7, 24
819.8, 7, 24
819.9, 7, 24
820, 7, 24
820.1, 7, 24
820.2, 7, 24
820.3, 7, 24
820.4, 7, 24
820.5, 7, 25
820.6, 7, 25
820.7, 7, 25
820.8, 7, 25
820.9, 7, 25
821, 7, 25
821.1, 7, 25
821.2, 7, 25
821.3, 7, 25
821.4, 7, 25
821.5, 7, 25
821.6, 7, 25
821.7, 7, 25
821.8, 7, 25
821.9, 7, 25
822, 7, 25
822.1, 7, 25
822.2, 7, 25
822.3, 7, 25
822.4, 7, 25
822.5, 7, 25
822.6, 7, 25
822.7, 7, 25
822.8, 7, 25
822.9, 7, 25
823, 7, 25
823.1, 7, 25
823.2, 7, 25
823.3, 7, 25
823.4, 7, 25
823.5, 7, 25
823.6, 7, 25
823.7, 7, 25
823.8, 7, 25
823.9, 7, 25
824, 7, 25
824.1, 7, 26
824.2, 7, 26
824.3, 7, 26
824.4, 7, 26
824.5, 7, 26
824.6, 7, 26
824.7, 7, 26
824.8, 7, 26
824.9, 7, 26
825, 7, 26
825.1, 7, 26
825.2, 7, 26
825.3, 7, 26
825.4, 7, 26
825.5, 7, 26
825.6, 7, 26
825.7, 6, 26
825.8, 6, 26
825.9, 6, 26
826, 6, 26
826.1, 6, 26
826.2, 6, 26
826.3, 6, 26
826.4, 6, 26
826.5, 6, 26
826.6, 6, 26
826.7, 6, 26
826.8, 6, 26
826.9, 6, 26
827, 6, 26
827.1, 6, 26
827.2, 6, 26
827.3, 6, 26
827.4, 6, 26
827.5, 6, 26
827.6, 6, 26
827.7, 6, 26
827.8, 6, 26
827.9, 6, 26
828, 6, 26
828.1, 6, 26
828.2, 6, 26
828.3, 6, 26
828.4, 6, 26
828.5, 6, 26
828.6, 6, 26
828.7, 6, 26
828.8, 6, 26
828.9, 6, 26
829, 6, 26
829.1, 7, 26
829.2, 7, 26
829.3, 7, 26
829.4, 7, 26
829.5, 7, 26
829.6, 7, 26
829.7, 7, 26
829.8, 7, 26
829.9, 7, 26
830, 7, 26
830.1, 7, 26
830.2, 7, 26
830.3, 7, 26
830.4, 7, 26
830.5, 7, 26
830.6, 7, 26
830.7, 7, 26
830.8, 7, 26
830.9, 7, 26
831, 7, 26
831.1, 7, 26
831.2, 7, 26
831.3, 7, 26
831.4, 7, 26
831.5, 7, 26
831.6, 7, 26
831.7, 7, 26
831.8, 7, 26
831.9, 7, 26
832, 7, 26
832.1, 7, 26
832.2, 7, 26
832.3, 7, 26
832.4, 7, 26
832.5, 7, 27
832.6, 7, 27
832.7, 7, 27
832.8, 7, 27
832.9, 7, 27
833, 7, 27
833.1, 7, 27
833.2, 7, 27
833.3, 7, 27
833.4, 7, 27
833.5, 7, 27
833.6, 7, 27
833.7, 7, 27
833.8, 7, 27
833.9, 7, 27
834, 7, 27
834.1, 7, 27
834.2, 7, 27
834.3, 7, 27
834.4, 7, 27
834.5, 7, 27
834.6, 7, 27
834.7, 6, 27
834.8, 6, 27
834.9, 5, 27
835, 5, 27
835.1, 5, 27
835.2, 5, 27
835.3, 5, 27
835.4, 5, 27
835.5, 5, 27
835.6, 5, 27
835.7, 5, 27
835.8, 5, 27
835.9, 5, 27
836, 5, 27
836.1, 5, 27
836.2, 5, 27
836.3, 5, 27
836.4, 5, 27
836.5, 5, 26
836.6, 5, 26
836.7, 5, 26
836.8, 5, 26
836.9, 4, 26
837, 4, 26
837.1, 4, 26
837.2, 4, 26
837.3, 5, 26
837.4, 5, 26
837.5, 5, 26
837.6, 5, 26
837.7, 5, 26
837.8, 5, 26
837.9, 5, 26
838, 5, 26
838.1, 6, 26
838.2, 6, 26
838.3, 6, 26
838.4, 6, 26
838.5, 6, 26
838.6, 6, 26
838.7, 6, 26
838.8, 6, 26
838.9, 6, 26
839, 6, 26
839.1, 6, 27
839.2, 6, 27
839.3, 6, 27
839.4, 6, 27
839.5, 6, 27
839.6, 6, 27
839.7, 6, 27
839.8, 6, 27
839.9, 6, 27
840, 6, 27
840.1, 6, 27
840.2, 6, 27
840.3, 6, 27
840.4, 6, 27
840.5, 6, 27
840.6, 6, 27
840.7, 6, 27
840.8, 6, 27
840.9, 6, 27
841, 6, 27
841.1, 6, 27
841.2, 6, 27
841.3, 6, 27
841.4, 6, 27
841.5, 6, 27
841.6, 6, 27
841.7, 6, 27
841.8, 6, 27
841.9, 6, 27
842, 6, 27
842.1, 6, 27
842.2, 6, 27
842.3, 6, 27
842.4, 6, 27
842.5, 5, 27
842.6, 5, 27
842.7, 5, 27
842.8, 5, 27
842.9, 5, 27
843, 5, 27
843.1, 5, 27
843.2, 5, 27
843.3, 5, 27
843.4, 5, 27
843.5, 5, 27
843.6, 5, 27
843.7, 5, 27
843.8, 5, 27
843.9, 5, 27
844, 5, 27
844.1, 5, 27
844.2, 5, 27
844.3, 5, 27
844.4, 5, 27
844.5, 5, 27
844.6, 5, 27
844.7, 5, 27
844.8, 5, 27
844.9, 5, 27
845, 5, 27
845.1, 5, 27
845.2, 5, 27
845.3, 5, 27
845.4, 5, 27
845.5, 5, 27
845.6, 5, 27
845.7, 5, 27
845.8, 5, 27
845.9, 5, 27
846, 5, 27
846.1, 5, 27
846.2, 5, 27
846.3, 5, 27
846.4, 5, 27
846.5, 5, 27
846.6, 5, 27
846.7, 5, 27
846.8, 5, 27
846.9, 5, 27
847, 5, 27
847.1, 6, 27
847.2, 6, 27
847.3, 6, 27
847.4, 6, 27
847.5, 6, 27
847.6, 6, 27
847.7, 6, 27
847.8, 6, 27
847.9, 6, 27
848, 6, 27
848.1, 6, 27
848.2, 6, 27
848.3, 6, 27
848.4, 6, 27
848.5, 6, 27
848.6, 6, 27
848.7, 6, 27
848.8, 6, 27
848.9, 6, 27
849, 6, 27
849.1, 6, 27
849.2, 6, 27
849.3, 6, 27
849.4, 6, 27
849.5, 6, 27
849.6, 6, 27
849.7, 6, 27
849.8, 6, 27
849.9, 6, 27
850, 6, 27
850.1, 6, 28
850.2, 6, 28
850.3, 6, 28
850.4, 6, 28
850.5, 6, 28
850.6, 6, 28
850.7, 6, 28
850.8, 6, 28
850.9, 6, 28
851, 6, 28
851.1, 6, 28
851.2, 6, 28
851.3, 6, 28
851.4, 6, 28
851.5, 6, 27
851.6, 6, 27
851.7, 6, 27
851.8, 6, 27
851.9, 6, 27
852, 6, 27
852.1, 6, 27
852.2, 6, 27
852.3, 6, 27
852.4, 6, 27
852.5, 6, 28
852.6, 6, 28
852.7, 6, 28
852.8, 6, 28
852.9, 6, 28
853, 6, 28
853.1, 6, 28
853.2, 6, 28
853.3, 6, 28
853.4, 6, 28
853.5, 6, 28
853.6, 6, 28
853.7, 6, 28
853.8, 6, 28
853.9, 6, 28
854, 6, 28
854.1, 6, 28
854.2, 6, 28
854.3, 6, 28
854.4, 6, 28
854.5, 6, 28
854.6, 6, 28
854.7, 6, 28
854.8, 6, 28
854.9, 6, 28
855, 6, 28
855.1, 6, 28
855.2, 6, 28
855.3, 6, 28
855.4, 6, 28
855.5, 6, 28
855.6, 6, 28
855.7, 6, 28
855.8, 6, 28
855.9, 6, 27
856, 6, 27
856.1, 6, 27
856.2, 6, 27
856.3, 6, 27
856.4, 6, 27
856.5, 6, 27
856.6, 6, 27
856.7, 6, 27
856.8, 6, 27
856.9, 6, 27
857, 6, 27
857.1, 6, 27
857.2, 6, 27
857.3, 6, 27
857.4, 6, 27
857.5, 6, 27
857.6, 6, 27
857.7, 6, 27
857.8, 6, 27
857.9, 6, 27
858, 6, 27
858.1, 6, 27
858.2, 6, 27
858.3, 6, 27
858.4, 6, 27
858.5, 6, 27
858.6, 6, 27
858.7, 6, 27
858.8, 6, 27
858.9, 6, 27
859, 6, 27
859.1, 6, 27
859.2, 6, 27
859.3, 6, 27
859.4, 6, 27
859.5, 5, 27
859.6, 5, 27
859.7, 5, 27
859.8, 5, 27
859.9, 5, 27
860, 5, 27
860.1, 4, 27
860.2, 4, 27
860.3, 4, 27
860.4, 4, 27
860.5, 4, 27
860.6, 4, 27
860.7, 4, 27
860.8, 4, 27
860.9, 4, 27
861, 4, 27
861.1, 4, 27
861.2, 4, 27
861.3, 4, 27
861.4, 4, 27
861.5, 4, 27
861.6, 4, 27
861.7, 4, 27
861.8, 4, 27
861.9, 4, 27
862, 4, 27
862.1, 4, 27
862.2, 4, 27
862.3, 4, 26
862.4, 4, 26
862.5, 5, 26
862.6, 5, 26
862.7, 5, 26
862.8, 5, 26
862.9, 5, 26
863, 5, 26
863.1, 5, 26
863.2, 5, 26
863.3, 5, 26
863.4, 5, 26
863.5, 5, 26
863.6, 5, 26
863.7, 5, 25
863.8, 5, 25
863.9, 5, 25
864, 5, 25
864.1, 5, 25
864.2, 5, 25
864.3, 5, 25
864.4, 5, 25
864.5, 5, 25
864.6, 5, 25
864.7, 5, 25
864.8, 5, 25
864.9, 5, 25
865, 5, 25
865.1, 5, 25
865.2, 5, 25
865.3, 5, 25
865.4, 5, 25
865.5, 5, 25
865.6, 5, 25
865.7, 5, 25
865.8, 5, 25
865.9, 5, 25
866, 5, 25
866.1, 5, 25
866.2, 5, 25
866.3, 5, 25
866.4, 5, 25
866.5, 5, 25
866.6, 5, 25
866.7, 5, 25
866.8, 5, 25
866.9, 5, 25
867, 5, 25
867.1, 5, 25
867.2, 5, 25
867.3, 5, 25
867.4, 5, 25
867.5, 5, 25
867.6, 5, 25
867.7, 4, 25
867.8, 4, 25
867.9, 4, 25
868, 4, 25
868.1, 4, 25
868.2, 4, 25
868.3, 4, 25
868.4, 4, 25
868.5, 4, 25
868.6, 4, 25
868.7, 4, 25
868.8, 4, 25
868.9, 5, 25
869, 5, 25
869.1, 5, 25
869.2, 5, 25
869.3, 5, 25
869.4, 5, 25
869.5, 5, 25
869.6, 5, 25
869.7, 5, 25
869.8, 5, 25
869.9, 5, 25
870, 5, 25
870.1, 5, 25
870.2, 5, 25
870.3, 5, 25
870.4, 5, 25
870.5, 5, 25
870.6, 5, 25
870.7, 5, 25
870.8, 5, 25
870.9, 5, 25
871, 5, 25
871.1, 5, 25
871.2, 5, 25
871.3, 5, 25
871.4, 5, 25
871.5, 5, 25
871.6, 5, 25
871.7, 5, 25
871.8, 5, 25
871.9, 5, 25
872, 5, 25
872.1, 5, 25
872.2, 5, 25
872.3, 5, 25
872.4, 5, 25
872.5, 5, 25
872.6, 5, 25
872.7, 5, 25
872.8, 5, 25
872.9, 5, 25
873, 5, 25
873.1, 5, 25
873.2, 5, 25
873.3, 5, 25
873.4, 5, 25
873.5, 5, 25
873.6, 5, 25
873.7, 5, 25
873.8, 5, 25
873.9, 5, 25
874, 5, 25
874.1, 5, 25
874.2, 5, 25
874.3, 5, 25
874.4, 5, 25
874.5, 5, 25
874.6, 5, 25
874.7, 5, 25
874.8, 5, 25
874.9, 5, 26
875, 5, 26
875.1, 5, 26
875.2, 5, 26
875.3, 6, 26
875.4, 6, 26
875.5, 6, 26
875.6, 6, 26
875.7, 6, 26
875.8, 6, 26
875.9, 6, 26
876, 6, 26
876.1, 6, 26
876.2, 6, 26
876.3, 6, 26
876.4, 6, 26
876.5, 6, 26
876.6, 6, 26
876.7, 5, 26
876.8, 5, 26
876.9, 5, 26
877, 5, 26
877.1, 5, 26
877.2, 5, 26
877.3, 5, 25
877.4, 5, 25
877.5, 5, 25
877.6, 5, 25
877.7, 5, 25
877.8, 5, 25
877.9, 5, 25
878, 5, 25
878.1, 5, 26
878.2, 5, 26
878.3, 5, 26
878.4, 5, 26
878.5, 5, 26
878.6, 5, 26
878.7, 5, 26
878.8, 5, 26
878.9, 5, 26
879, 5, 26
879.1, 4, 26
879.2, 4, 26
879.3, 4, 26
879.4, 4, 26
879.5, 4, 26
879.6, 4, 26
879.7, 4, 26
879.8, 4, 26
879.9, 4, 26
880, 4, 26
880.1, 4, 26
880.2, 4, 26
880.3, 4, 26
880.4, 4, 26
880.5, 4, 26
880.6, 4, 26
880.7, 4, 26
880.8, 4, 26
880.9, 4, 26
881, 4, 26
881.1, 4, 26
881.2, 4, 26
881.3, 4, 26
881.4, 4, 26
881.5, 4, 26
881.6, 4, 26
881.7, 4, 26
881.8, 4, 26
881.9, 4, 26
882, 4, 26
882.1, 4, 26
882.2, 4, 26
882.3, 4, 26
882.4, 4, 26
882.5, 4, 26
882.6, 4, 26
882.7, 4, 26
882.8, 4, 26
882.9, 4, 26
883, 4, 26
883.1, 4, 26
883.2, 4, 26
883.3, 4, 26
883.4, 4, 26
883.5, 4, 26
883.6, 4, 26
883.7, 4, 26
883.8, 4, 26
883.9, 5, 26
884, 5, 26
884.1, 5, 26
884.2, 5, 26
884.3, 5, 26
884.4, 5, 26
884.5, 5, 26
884.6, 5, 26
884.7, 5, 26
884.8, 5, 26
884.9, 5, 26
885, 5, 26
885.1, 5, 26
885.2, 5, 26
885.3, 5, 26
885.4, 5, 26
885.5, 5, 26
885.6, 5, 26
885.7, 5, 26
885.8, 5, 26
885.9, 5, 26
886, 5, 26
886.1, 5, 26
886.2, 5, 26
886.3, 5, 27
886.4, 5, 27
886.5, 5, 27
886.6, 5, 27
886.7, 4, 27
886.8, 4, 27
886.9, 4, 27
887, 4, 27
887.1, 4, 26
887.2, 4, 26
887.3, 4, 26
887.4, 4, 26
887.5, 4, 25
887.6, 4, 25
887.7, 4, 25
887.8, 4, 25
887.9, 4, 25
888, 4, 25
888.1, 4, 25
888.2, 4, 25
888.3, 4, 25
888.4, 4, 25
888.5, 4, 25
888.6, 4, 25
888.7, 4, 25
888.8, 4, 25
888.9, 4, 25
889, 4, 25
889.1, 4, 25
889.2, 4, 25
889.3, 4, 25
889.4, 4, 25
889.5, 4, 25
889.6, 4, 25
889.7, 4, 25
889.8, 4, 25
889.9, 4, 25
890, 4, 25
890.1, 4, 25
890.2, 4, 25
890.3, 4, 25
890.4, 4, 25
890.5, 4, 25
890.6, 4, 25
890.7, 4, 25
890.8, 4, 25
890.9, 4, 25
891, 4, 25
891.1, 4, 25
891.2, 4, 25
891.3, 4, 25
891.4, 4, 25
891.5, 4, 25
891.6, 4, 25
891.7, 4, 25
891.8, 4, 25
891.9, 4, 25
892, 4, 25
892.1, 4, 25
892.2, 4, 25
892.3, 4, 25
892.4, 4, 25
892.5, 4, 25
892.6, 4, 25
892.7, 4, 25
892.8, 4, 25
892.9, 4, 25
893, 4, 25
893.1, 4, 25
893.2, 4, 25
893.3, 4, 25
893.4, 4, 25
893.5, 4, 25
893.6, 4, 25
893.7, 4, 25
893.8, 4, 25
893.9, 4, 25
894, 4, 25
894.1, 4, 25
894.2, 4, 25
894.3, 4, 25
894.4, 4, 25
894.5, 4, 25
894.6, 4, 25
894.7, 4, 25
894.8, 4, 25
894.9, 4, 25
895, 4, 25
895.1, 4, 25
895.2, 4, 25
895.3, 4, 24
895.4, 4, 24
895.5, 4, 24
895.6, 4, 24
895.7, 4, 24
895.8, 4, 24
895.9, 4, 24
896, 4, 24
896.1, 4, 24
896.2, 4, 24
896.3, 4, 24
896.4, 4, 24
896.5, 4, 24
896.6, 4, 24
896.7, 4, 24
896.8, 4, 24
896.9, 4, 24
897, 4, 24
897.1, 5, 24
897.2, 5, 24
897.3, 5, 24
897.4, 5, 24
897.5, 5, 24
897.6, 5, 24
897.7, 5, 24
897.8, 5, 24
897.9, 5, 24
898, 5, 24
898.1, 5, 24
898.2, 5, 24
898.3, 5, 24
898.4, 5, 24
898.5, 5, 24
898.6, 5, 24
898.7, 5, 24
898.8, 5, 24
898.9, 5, 24
899, 5, 24
899.1, 5, 24
899.2, 5, 24
899.3, 5, 24
899.4, 5, 24
899.5, 5, 24
899.6, 5, 24
899.7, 5, 24
899.8, 5, 24
899.9, 5, 24
900, 5, 24
900.1, 5, 24
900.2, 5, 24
900.3, 5, 24
900.4, 5, 24
900.5, 5, 24
900.6, 5, 24
900.7, 5, 24
900.8, 5, 24
900.9, 5, 24
901, 5, 24
901.1, 5, 24
901.2, 5, 24
901.3, 5, 24
901.4, 5, 24
901.5, 5, 24
901.6, 5, 24
901.7, 5, 25
901.8, 5, 25
901.9, 5, 24
902, 5, 24
902.1, 6, 24
902.2, 6, 24
902.3, 6, 24
902.4, 6, 24
902.5, 6, 24
902.6, 6, 24
902.7, 6, 24
902.8, 6, 24
902.9, 6, 24
903, 6, 24
903.1, 6, 24
903.2, 6, 24
903.3, 6, 24
903.4, 6, 24
903.5, 6, 24
903.6, 6, 24
903.7, 6, 24
903.8, 6, 24
903.9, 6, 24
904, 6, 24
904.1, 6, 24
904.2, 6, 24
904.3, 6, 24
904.4, 6, 24
904.5, 6, 24
904.6, 6, 24
904.7, 6, 24
904.8, 6, 24
904.9, 6, 24
905, 6, 24
905.1, 6, 24
905.2, 6, 24
905.3, 5, 24
905.4, 5, 24
905.5, 5, 24
905.6, 5, 24
905.7, 5, 23
905.8, 5, 23
905.9, 5, 23
906, 5, 23
906.1, 5, 23
906.2, 5, 23
906.3, 5, 23
906.4, 5, 23
906.5, 5, 23
906.6, 5, 23
906.7, 5, 23
906.8, 5, 23
906.9, 5, 23
907, 5, 23
907.1, 5, 23
907.2, 5, 23
907.3, 5, 23
907.4, 5, 23
907.5, 5, 23
907.6, 5, 23
907.7, 5, 23
907.8, 5, 23
907.9, 5, 23
908, 5, 23
908.1, 5, 23
908.2, 5, 23
908.3, 5, 23
908.4, 5, 23
908.5, 5, 23
908.6, 5, 23
908.7, 5, 23
908.8, 5, 23
908.9, 5, 23
909, 5, 23
909.1, 5, 23
909.2, 5, 23
909.3, 5, 23
909.4, 5, 23
909.5, 5, 23
909.6, 5, 23
909.7, 5, 23
909.8, 5, 23
909.9, 5, 23
910, 5, 23
910.1, 5, 23
910.2, 5, 23
910.3, 5, 23
910.4, 5, 23
910.5, 5, 23
910.6, 5, 23
910.7, 5, 23
910.8, 5, 23
910.9, 5, 23
911, 5, 23
911.1, 5, 23
911.2, 5, 23
911.3, 5, 23
911.4, 5, 23
911.5, 5, 23
911.6, 5, 23
911.7, 5, 23
911.8, 5, 23
911.9, 5, 23
912, 5, 23
912.1, 5, 23
912.2, 5, 23
912.3, 5, 23
912.4, 5, 23
912.5, 5, 23
912.6, 5, 23
912.7, 4, 23
912.8, 4, 23
912.9, 4, 23
913, 4, 23
913.1, 4, 23
913.2, 4, 23
913.3, 4, 23
913.4, 4, 23
913.5, 4, 23
913.6, 4, 23
913.7, 4, 23
913.8, 4, 23
913.9, 4, 23
914, 4, 23
914.1, 4, 23
914.2, 4, 23
914.3, 4, 23
914.4, 4, 23
914.5, 4, 23
914.6, 4, 23
914.7, 4, 23
914.8, 4, 23
914.9, 4, 23
915, 4, 23
915.1, 4, 23
915.2, 4, 23
915.3, 4, 23
915.4, 4, 23
915.5, 4, 23
915.6, 4, 23
915.7, 4, 23
915.8, 4, 23
915.9, 4, 23
916, 4, 23
916.1, 4, 23
916.2, 4, 23
916.3, 4, 23
916.4, 4, 23
916.5, 4, 23
916.6, 4, 23
916.7, 4, 23
916.8, 4, 23
916.9, 4, 23
917, 4, 23
917.1, 4, 23
917.2, 4, 23
917.3, 4, 23
917.4, 4, 23
917.5, 4, 24
917.6, 4, 24
917.7, 4, 24
917.8, 4, 24
917.9, 4, 24
918, 4, 24
918.1, 4, 24
918.2, 4, 24
918.3, 4, 24
918.4, 4, 24
918.5, 4, 24
918.6, 4, 24
918.7, 4, 24
918.8, 4, 24
918.9, 4, 24
919, 4, 24
919.1, 4, 24
919.2, 4, 24
919.3, 4, 24
919.4, 4, 24
919.5, 4, 24
919.6, 4, 24
919.7, 4, 24
919.8, 4, 24
919.9, 3, 24
920, 3, 24
920.1, 3, 24
920.2, 3, 24
920.3, 3, 25
920.4, 3, 25
920.5, 3, 25
920.6, 3, 25
920.7, 3, 25
920.8, 3, 25
920.9, 3, 25
921, 3, 25
921.1, 3, 26
921.2, 3, 26
921.3, 3, 26
921.4, 3, 26
921.5, 3, 26
921.6, 3, 26
921.7, 3, 26
921.8, 3, 26
921.9, 3, 26
922, 3, 26
922.1, 3, 26
922.2, 3, 26
922.3, 4, 26
922.4, 4, 26
922.5, 4, 26
922.6, 4, 26
922.7, 4, 26
922.8, 4, 26
922.9, 4, 26
923, 4, 26
923.1, 4, 26
923.2, 4, 26
923.3, 4, 25
923.4, 4, 25
923.5, 4, 25
923.6, 4, 25
923.7, 5, 25
923.8, 5, 25
923.9, 5, 25
924, 5, 25
924.1, 5, 25
924.2, 5, 25
924.3, 5, 25
924.4, 5, 25
924.5, 5, 26
924.6, 5, 26
924.7, 5, 26
924.8, 5, 26
924.9, 5, 26
925, 5, 26
925.1, 5, 26
925.2, 5, 26
925.3, 5, 26
925.4, 5, 26
925.5, 5, 26
925.6, 5, 26
925.7, 5, 26
925.8, 5, 26
925.9, 5, 26
926, 5, 26
926.1, 5, 26
926.2, 5, 26
926.3, 5, 26
926.4, 5, 26
926.5, 5, 26
926.6, 5, 26
926.7, 5, 26
926.8, 5, 26
926.9, 5, 26
927, 5, 26
927.1, 5, 26
927.2, 5, 26
927.3, 5, 26
927.4, 5, 26
927.5, 5, 25
927.6, 5, 25
927.7, 5, 25
927.8, 5, 25
927.9, 5, 25
928, 5, 25
928.1, 5, 25
928.2, 5, 25
928.3, 5, 25
928.4, 5, 25
928.5, 5, 25
928.6, 5, 25
928.7, 5, 25
928.8, 5, 25
928.9, 5, 25
929, 5, 25
929.1, 5, 25
929.2, 5, 25
929.3, 5, 25
929.4, 5, 25
929.5, 5, 25
929.6, 5, 25
929.7, 5, 25
929.8, 5, 25
929.9, 5, 25
930, 5, 25
930.1, 5, 25
930.2, 5, 25
930.3, 5, 25
930.4, 5, 25
930.5, 5, 25
930.6, 5, 25
930.7, 5, 25
930.8, 5, 25
930.9, 5, 25
931, 5, 25
931.1, 5, 25
931.2, 5, 25
931.3, 5, 25
931.4, 5, 25
931.5, 5, 25
931.6, 5, 25
931.7, 6, 25
931.8, 6, 25
931.9, 6, 25
932, 6, 25
932.1, 6, 25
932.2, 6, 25
932.3, 6, 25
932.4, 6, 25
932.5, 6, 25
932.6, 6, 25
932.7, 6, 25
932.8, 6, 25
932.9, 6, 25
933, 6, 25
933.1, 6, 25
933.2, 6, 25
933.3, 6, 25
933.4, 6, 25
933.5, 6, 25
933.6, 6, 25
933.7, 6, 25
933.8, 6, 25
933.9, 6, 25
934, 6, 25
934.1, 6, 26
934.2, 6, 26
934.3, 6, 26
934.4, 6, 26
934.5, 6, 26
934.6, 6, 26
934.7, 6, 26
934.8, 6, 26
934.9, 6, 26
935, 6, 26
935.1, 6, 26
935.2, 6, 26
935.3, 6, 26
935.4, 6, 26
935.5, 6, 26
935.6, 6, 26
935.7, 6, 26
935.8, 6, 26
935.9, 6, 26
936, 6, 26
936.1, 6, 26
936.2, 6, 26
936.3, 6, 26
936.4, 6, 26
936.5, 6, 26
936.6, 6, 26
936.7, 6, 26
936.8, 6, 26
936.9, 6, 26
937, 6, 26
937.1, 6, 26
937.2, 6, 26
937.3, 6, 26
937.4, 6, 26
937.5, 6, 26
937.6, 6, 26
937.7, 6, 26
937.8, 6, 26
937.9, 6, 26
938, 6, 26
938.1, 6, 26
938.2, 6, 26
938.3, 6, 26
938.4, 6, 26
938.5, 6, 26
938.6, 6, 26
938.7, 5, 26
938.8, 5, 26
938.9, 5, 26
939, 5, 26
939.1, 5, 26
939.2, 5, 26
939.3, 5, 26
939.4, 5, 26
939.5, 5, 26
939.6, 5, 26
939.7, 5, 26
939.8, 5, 26
939.9, 5, 26
940, 5, 26
940.1, 5, 26
940.2, 5, 26
940.3, 5, 26
940.4, 5, 26
940.5, 5, 26
940.6, 5, 26
940.7, 5, 26
940.8, 5, 26
940.9, 5, 26
941, 5, 26
941.1, 5, 26
941.2, 5, 26
941.3, 5, 26
941.4, 5, 26
941.5, 5, 26
941.6, 5, 26
941.7, 5, 26
941.8, 5, 26
941.9, 5, 26
942, 5, 26
942.1, 5, 26
942.2, 5, 26
942.3, 5, 26
942.4, 5, 26
942.5, 5, 26
942.6, 5, 26
942.7, 5, 26
942.8, 5, 26
942.9, 5, 26
943, 5, 26
943.1, 5, 26
943.2, 5, 26
943.3, 5, 26
943.4, 5, 26
943.5, 5, 26
943.6, 5, 26
943.7, 5, 26
943.8, 5, 26
943.9, 6, 26
944, 6, 26
944.1, 6, 26
944.2, 6, 26
944.3, 6, 26
944.4, 6, 26
944.5, 6, 26
944.6, 6, 26
944.7, 6, 26
944.8, 6, 26
944.9, 6, 26
945, 6, 26
945.1, 6, 26
945.2, 6, 26
945.3, 6, 26
945.4, 6, 26
945.5, 6, 26
945.6, 6, 26
945.7, 6, 26
945.8, 6, 26
945.9, 6, 26
946, 6, 26
946.1, 6, 26
946.2, 6, 26
946.3, 6, 26
946.4, 6, 26
946.5, 6, 26
946.6, 6, 26
946.7, 6, 26
946.8, 6, 26
946.9, 6, 26
947, 6, 26
947.1, 6, 26
947.2, 6, 26
947.3, 6, 26
947.4, 6, 26
947.5, 6, 26
947.6, 6, 26
947.7, 6, 26
947.8, 6, 26
947.9, 6, 26
948, 6, 26
948.1, 6, 26
948.2, 6, 26
948.3, 6, 26
948.4, 6, 26
948.5, 6, 26
948.6, 6, 26
948.7, 6, 26
948.8, 6, 26
948.9, 6, 26
949, 6, 26
949.1, 6, 26
949.2, 6, 26
949.3, 6, 26
949.4, 6, 26
949.5, 6, 26
949.6, 6, 26
949.7, 6, 26
949.8, 6, 26
949.9, 6, 26
950, 6, 26
950.1, 6, 26
950.2, 6, 26
950.3, 6, 26
950.4, 6, 26
950.5, 6, 26
950.6, 6, 26
950.7, 6, 26
950.8, 6, 26
950.9, 6, 26
951, 6, 26
951.1, 6, 26
951.2, 6, 26
951.3, 6, 26
951.4, 6, 26
951.5, 5, 26
951.6, 5, 26
951.7, 5, 26
951.8, 5, 26
951.9, 4, 26
952, 4, 26
952.1, 4, 26
952.2, 4, 26
952.3, 4, 26
952.4, 4, 26
952.5, 4, 26
952.6, 4, 26
952.7, 4, 26
952.8, 4, 26
952.9, 4, 26
953, 4, 26
953.1, 4, 26
953.2, 4, 26
953.3, 4, 26
953.4, 4, 26
953.5, 4, 26
953.6, 4, 26
953.7, 4, 26
953.8, 4, 26
953.9, 4, 26
954, 4, 26
954.1, 4, 26
954.2, 4, 26
954.3, 4, 26
954.4, 4, 26
954.5, 4, 26
954.6, 4, 26
954.7, 4, 26
954.8, 4, 26
954.9, 4, 25
955, 4, 25
955.1, 4, 25
955.2, 4, 25
955.3, 4, 25
955.4, 4, 25
955.5, 4, 25
955.6, 4, 25
955.7, 4, 25
955.8, 4, 25
955.9, 4, 26
956, 4, 26
956.1, 4, 26
956.2, 4, 26
956.3, 4, 26
956.4, 4, 26
956.5, 4, 26
956.6, 4, 26
956.7, 4, 26
956.8, 4, 26
956.9, 4, 26
957, 4, 26
957.1, 4, 26
957.2, 4, 26
957.3, 4, 26
957.4, 4, 26
957.5, 4, 26
957.6, 4, 26
957.7, 4, 25
957.8, 4, 25
957.9, 4, 25
958, 4, 25
958.1, 4, 26
958.2, 4, 26
958.3, 4, 26
958.4, 4, 26
958.5, 4, 26
958.6, 4, 26
958.7, 4, 26
958.8, 4, 26
958.9, 4, 26
959, 4, 26
959.1, 4, 26
959.2, 4, 26
959.3, 4, 26
959.4, 4, 26
959.5, 4, 26
959.6, 4, 26
959.7, 4, 26
959.8, 4, 26
959.9, 4, 26
960, 4, 26
960.1, 4, 26
960.2, 4, 26
960.3, 4, 26
960.4, 4, 26
960.5, 4, 26
960.6, 4, 26
960.7, 4, 26
960.8, 4, 26
960.9, 5, 26
961, 5, 26
961.1, 5, 26
961.2, 5, 26
961.3, 5, 26
961.4, 5, 26
961.5, 5, 26
961.6, 5, 26
961.7, 5, 26
961.8, 5, 26
961.9, 5, 26
962, 5, 26
962.1, 5, 26
962.2, 5, 26
962.3, 5, 26
962.4, 5, 26
962.5, 5, 26
962.6, 5, 26
962.7, 4, 26
962.8, 4, 26
962.9, 4, 26
963, 4, 26
963.1, 4, 26
963.2, 4, 26
963.3, 4, 26
963.4, 4, 26
963.5, 4, 26
963.6, 4, 26
963.7, 4, 26
963.8, 4, 26
963.9, 4, 26
964, 4, 26
964.1, 4, 26
964.2, 4, 26
964.3, 4, 26
964.4, 4, 26
964.5, 4, 26
964.6, 4, 26
964.7, 4, 26
964.8, 4, 26
964.9, 4, 26
965, 4, 26
965.1, 4, 26
965.2, 4, 26
965.3, 4, 26
965.4, 4, 26
965.5, 4, 26
965.6, 4, 26
965.7, 4, 26
965.8, 4, 26
965.9, 4, 26
966, 4, 26
966.1, 5, 26
966.2, 5, 26
966.3, 5, 26
966.4, 5, 26
966.5, 5, 26
966.6, 5, 26
966.7, 5, 26
966.8, 5, 26
966.9, 5, 26
967, 5, 26
967.1, 5, 26
967.2, 5, 26
967.3, 5, 26
967.4, 5, 26
967.5, 5, 26
967.6, 5, 26
967.7, 5, 26
967.8, 5, 26
967.9, 5, 26
968, 5, 26
968.1, 5, 26
968.2, 5, 26
968.3, 5, 26
968.4, 5, 26
968.5, 5, 26
968.6, 5, 26
968.7, 5, 26
968.8, 5, 26
968.9, 5, 25
969, 5, 25
969.1, 4, 25
969.2, 4, 25
969.3, 4, 26
969.4, 4, 26
969.5, 4, 26
969.6, 4, 26
969.7, 4, 26
969.8, 4, 26
969.9, 4, 27
970, 4, 27
970.1, 4, 27
970.2, 4, 27
970.3, 4, 27
970.4, 4, 27
970.5, 4, 27
970.6, 4, 27
970.7, 4, 27
970.8, 4, 27
970.9, 4, 27
971, 4, 27
971.1, 4, 27
971.2, 4, 27
971.3, 4, 27
971.4, 4, 27
971.5, 4, 27
971.6, 4, 27
971.7, 4, 28
971.8, 4, 28
971.9, 4, 28
972, 4, 28
972.1, 4, 28
972.2, 4, 28
972.3, 4, 28
972.4, 4, 28
972.5, 4, 28
972.6, 4, 28
972.7, 4, 28
972.8, 4, 28
972.9, 4, 28
973, 4, 28
973.1, 4, 28
973.2, 4, 28
973.3, 4, 28
973.4, 4, 28
973.5, 4, 28
973.6, 4, 28
973.7, 4, 28
973.8, 4, 28
973.9, 4, 28
974, 4, 28
974.1, 3, 28
974.2, 3, 28
974.3, 3, 28
974.4, 3, 28
974.5, 3, 28
974.6, 3, 28
974.7, 3, 28
974.8, 3, 28
974.9, 3, 28
975, 3, 28
975.1, 3, 28
975.2, 3, 28
975.3, 2, 28
975.4, 2, 28
975.5, 2, 28
975.6, 2, 28
975.7, 2, 28
975.8, 2, 28
975.9, 2, 28
976, 2, 28
976.1, 2, 28
976.2, 2, 28
976.3, 2, 28
976.4, 2, 28
976.5, 2, 28
976.6, 2, 28
976.7, 2, 28
976.8, 2, 28
976.9, 2, 28
977, 2, 28
977.1, 2, 28
977.2, 2, 28
977.3, 2, 28
977.4, 2, 28
977.5, 2, 28
977.6, 2, 28
977.7, 2, 28
977.8, 2, 28
977.9, 2, 28
978, 2, 28
978.1, 2, 28
978.2, 2, 28
978.3, 2, 28
978.4, 2, 28
978.5, 2, 28
978.6, 2, 28
978.7, 1, 28
978.8, 1, 28
978.9, 1, 27
979, 1, 27
979.1, 1, 27
979.2, 1, 27
979.3, 1, 27
979.4, 1, 27
979.5, 1, 27
979.6, 1, 27
979.7, 1, 27
979.8, 1, 27
979.9, 2, 27
980, 2, 27
980.1, 2, 26
980.2, 2, 26
980.3, 2, 26
980.4, 2, 26
980.5, 2, 26
980.6, 2, 26
980.7, 2, 26
980.8, 2, 26
980.9, 2, 26
981, 2, 26
981.1, 2, 26
981.2, 2, 26
981.3, 2, 26
981.4, 2, 26
981.5, 2, 26
981.6, 2, 26
981.7, 2, 26
981.8, 2, 26
981.9, 2, 26
982, 2, 26
982.1, 2, 26
982.2, 2, 26
982.3, 2, 26
982.4, 2, 26
982.5, 2, 26
982.6, 2, 26
982.7, 2, 26
982.8, 2, 26
982.9, 2, 26
983, 2, 26
983.1, 2, 26
983.2, 2, 26
983.3, 2, 26
983.4, 2, 26
983.5, 2, 26
983.6, 2, 26
983.7, 2, 26
983.8, 2, 26
983.9, 2, 26
984, 2, 26
984.1, 2, 26
984.2, 2, 26
984.3, 2, 26
984.4, 2, 26
984.5, 2, 26
984.6, 2, 26
984.7, 2, 26
984.8, 2, 26
984.9, 2, 26
985, 2, 26
985.1, 2, 26
985.2, 2, 26
985.3, 2, 26
985.4, 2, 26
985.5, 2, 26
985.6, 2, 26
985.7, 2, 26
985.8, 2, 26
985.9, 2, 26
986, 2, 26
986.1, 2, 26
986.2, 2, 26
986.3, 2, 26
986.4, 2, 26
986.5, 2, 26
986.6, 2, 26
986.7, 2, 26
986.8, 2, 26
986.9, 2, 26
987, 2, 26
987.1, 2, 26
987.2, 2, 26
987.3, 2, 26
987.4, 2, 26
987.5, 2, 26
987.6, 2, 26
987.7, 2, 25
987.8, 2, 25
987.9, 2, 25
988, 2, 25
988.1, 2, 25
988.2, 2, 25
988.3, 2, 25
988.4, 2, 25
988.5, 2, 25
988.6, 2, 25
988.7, 2, 25
988.8, 2, 25
988.9, 2, 25
989, 2, 25
989.1, 2, 25
989.2, 2, 25
989.3, 2, 25
989.4, 2, 25
989.5, 2, 25
989.6, 2, 25
989.7, 2, 25
989.8, 2, 25
989.9, 2, 25
990, 2, 25
990.1, 2, 25
990.2, 2, 25
990.3, 2, 25
990.4, 2, 25
990.5, 2, 25
990.6, 2, 25
990.7, 2, 25
990.8, 2, 25
990.9, 2, 25
991, 2, 25
991.1, 2, 25
991.2, 2, 25
991.3, 2, 25
991.4, 2, 25
991.5, 2, 25
991.6, 2, 25
991.7, 2, 25
991.8, 2, 25
991.9, 2, 25
992, 2, 25
992.1, 2, 25
992.2, 2, 25
992.3, 2, 25
992.4, 2, 25
992.5, 2, 25
992.6, 2, 25
992.7, 2, 25
992.8, 2, 25
992.9, 2, 25
993, 2, 25
993.1, 2, 25
993.2, 2, 25
993.3, 2, 25
993.4, 2, 25
993.5, 2, 25
993.6, 2, 25
993.7, 2, 25
993.8, 2, 25
993.9, 2, 25
994, 2, 25
994.1, 2, 25
994.2, 2, 25
994.3, 2, 25
994.4, 2, 25
994.5, 2, 25
994.6, 2, 25
994.7, 2, 25
994.8, 2, 25
994.9, 2, 25
995, 2, 25
995.1, 2, 25
995.2, 2, 25
995.3, 2, 25
995.4, 2, 25
995.5, 2, 25
995.6, 2, 25
995.7, 2, 25
995.8, 2, 25
995.9, 2, 25
996, 2, 25
996.1, 2, 25
996.2, 2, 25
996.3, 2, 25
996.4, 2, 25
996.5, 2, 25
996.6, 2, 25
996.7, 2, 25
996.8, 2, 25
996.9, 2, 25
997, 2, 25
997.1, 2, 25
997.2, 2, 25
997.3, 2, 25
997.4, 2, 25
997.5, 2, 24
997.6, 2, 24
997.7, 2, 24
997.8, 2, 24
997.9, 2, 23
998, 2, 23
998.1, 2, 23
998.2, 2, 23
998.3, 2, 23
998.4, 2, 23
998.5, 2, 23
998.6, 2, 23
998.7, 2, 23
998.8, 2, 23
998.9, 2, 23
999, 2, 23
999.1, 2, 23
999.2, 2, 23
999.3, 2, 23
999.4, 2, 23
999.5, 2, 23
999.6, 2, 23
999.7, 2, 23
999.8, 2, 23
999.9, 2, 23
1000, 2, 23
1000.1, 2, 23
1000.2, 2, 23
1000.3, 2, 23
1000.4, 2, 23
1000.5, 2, 23
1000.6, 2, 23
1000.7, 2, 23
1000.8, 2, 23
1000.9, 2, 23
1001, 2, 23
1001.1, 2, 23
1001.2, 2, 23
1001.3, 2, 23
1001.4, 2, 23
1001.5, 2, 23
1001.6, 2, 23
1001.7, 2, 23
1001.8, 2, 23
1001.9, 2, 23
1002, 2, 23
1002.1, 2, 23
1002.2, 2, 23
1002.3, 2, 23
1002.4, 2, 23
1002.5, 2, 23
1002.6, 2, 23
1002.7, 2, 23
1002.8, 2, 23
1002.9, 2, 23
1003, 2, 23
1003.1, 2, 23
1003.2, 2, 23
1003.3, 2, 23
1003.4, 2, 23
1003.5, 2, 23
1003.6, 2, 23
1003.7, 2, 23
1003.8, 2, 23
1003.9, 2, 23
1004, 2, 23
1004.1, 2, 23
1004.2, 2, 23
1004.3, 2, 23
1004.4, 2, 23
1004.5, 2, 23
1004.6, 2, 23
1004.7, 2, 23
1004.8, 2, 23
1004.9, 2, 23
1005, 2, 23
1005.1, 2, 23
1005.2, 2, 23
1005.3, 2, 23
1005.4, 2, 23
1005.5, 3, 23
1005.6, 3, 23
1005.7, 3, 23
1005.8, 3, 23
1005.9, 3, 23
1006, 3, 23
1006.1, 3, 23
1006.2, 3, 23
1006.3, 3, 22
1006.4, 3, 22
1006.5, 3, 22
1006.6, 3, 22
1006.7, 3, 22
1006.8, 3, 22
1006.9, 3, 22
1007, 3, 22
1007.1, 3, 22
1007.2, 3, 22
1007.3, 3, 22
1007.4, 3, 22
1007.5, 3, 22
1007.6, 3, 22
1007.7, 3, 22
1007.8, 3, 22
1007.9, 3, 22
1008, 3, 22
1008.1, 3, 22
1008.2, 3, 22
1008.3, 3, 22
1008.4, 3, 22
1008.5, 3, 22
1008.6, 3, 22
1008.7, 3, 22
1008.8, 3, 22
1008.9, 3, 22
1009, 3, 22
1009.1, 3, 22
1009.2, 3, 22
1009.3, 3, 22
1009.4, 3, 22
1009.5, 3, 22
1009.6, 3, 22
1009.7, 3, 22
1009.8, 3, 22
1009.9, 3, 22
1010, 3, 22
1010.1, 3, 22
1010.2, 3, 22
1010.3, 3, 22
1010.4, 3, 22
1010.5, 3, 21
1010.6, 3, 21
1010.7, 3, 21
1010.8, 3, 21
1010.9, 3, 21
1011, 3, 21
1011.1, 3, 21
1011.2, 3, 21
1011.3, 3, 21
1011.4, 3, 21
1011.5, 3, 21
1011.6, 3, 21
1011.7, 3, 21
1011.8, 3, 21
1011.9, 3, 21
1012, 3, 21
1012.1, 3, 21
1012.2, 3, 21
1012.3, 3, 21
1012.4, 3, 21
1012.5, 3, 21
1012.6, 3, 21
1012.7, 3, 21
1012.8, 3, 21
1012.9, 3, 21
1013, 3, 21
1013.1, 3, 21
1013.2, 3, 21
1013.3, 2, 21
1013.4, 2, 21
1013.5, 3, 21
1013.6, 3, 21
1013.7, 3, 21
1013.8, 3, 21
1013.9, 3, 21
1014, 3, 21
1014.1, 3, 21
1014.2, 3, 21
1014.3, 3, 21
1014.4, 3, 21
1014.5, 3, 21
1014.6, 3, 21
1014.7, 3, 21
1014.8, 3, 21
1014.9, 4, 21
1015, 4, 21
1015.1, 4, 21
1015.2, 4, 21
1015.3, 4, 21
1015.4, 4, 21
1015.5, 3, 21
1015.6, 3, 21
1015.7, 3, 21
1015.8, 3, 21
1015.9, 3, 21
1016, 3, 21
1016.1, 3, 21
1016.2, 3, 21
1016.3, 3, 21
1016.4, 3, 21
1016.5, 3, 21
1016.6, 3, 21
1016.7, 3, 21
1016.8, 3, 21
1016.9, 3, 21
1017, 3, 21
1017.1, 3, 21
1017.2, 3, 21
1017.3, 3, 21
1017.4, 3, 21
1017.5, 3, 21
1017.6, 3, 21
1017.7, 3, 21
1017.8, 3, 21
1017.9, 4, 21
1018, 4, 21
1018.1, 4, 21
1018.2, 4, 21
1018.3, 4, 21
1018.4, 4, 21
1018.5, 4, 21
1018.6, 4, 21
1018.7, 4, 21
1018.8, 4, 21
1018.9, 4, 20
1019, 4, 20
1019.1, 4, 20
1019.2, 4, 20
1019.3, 4, 20
1019.4, 4, 20
1019.5, 4, 20
1019.6, 4, 20
1019.7, 4, 20
1019.8, 4, 20
1019.9, 4, 20
1020, 4, 20
1020.1, 5, 20
1020.2, 5, 20
1020.3, 5, 20
1020.4, 5, 20
1020.5, 5, 20
1020.6, 5, 20
1020.7, 5, 20
1020.8, 5, 20
1020.9, 5, 20
1021, 5, 20
1021.1, 5, 20
1021.2, 5, 20
1021.3, 5, 20
1021.4, 5, 20
1021.5, 5, 21
1021.6, 5, 21
1021.7, 5, 21
1021.8, 5, 21
1021.9, 5, 21
1022, 5, 21
1022.1, 5, 21
1022.2, 5, 21
1022.3, 5, 21
1022.4, 5, 21
1022.5, 5, 21
1022.6, 5, 21
1022.7, 5, 21
1022.8, 5, 21
1022.9, 5, 21
1023, 5, 21
1023.1, 5, 21
1023.2, 5, 21
1023.3, 5, 21
1023.4, 5, 21
1023.5, 5, 21
1023.6, 5, 21
1023.7, 5, 21
1023.8, 5, 21
1023.9, 5, 21
1024, 5, 21
1024.1, 5, 20
1024.2, 5, 20
1024.3, 5, 20
1024.4, 5, 20
1024.5, 6, 20
1024.6, 6, 20
1024.7, 6, 20
1024.8, 6, 20
1024.9, 6, 20
1025, 6, 20
1025.1, 6, 20
1025.2, 6, 20
1025.3, 6, 20
1025.4, 6, 20
1025.5, 6, 20
1025.6, 6, 20
1025.7, 6, 20
1025.8, 6, 20
1025.9, 7, 20
1026, 7, 20
1026.1, 7, 20
1026.2, 7, 20
1026.3, 7, 20
1026.4, 7, 20
1026.5, 7, 20
1026.6, 7, 20
1026.7, 7, 20
1026.8, 7, 20
1026.9, 8, 20
1027, 8, 20
1027.1, 8, 20
1027.2, 8, 20
1027.3, 8, 19
1027.4, 8, 19
1027.5, 8, 19
1027.6, 8, 19
1027.7, 8, 19
1027.8, 8, 19
1027.9, 8, 19
1028, 8, 19
1028.1, 8, 19
1028.2, 8, 19
1028.3, 8, 19
1028.4, 8, 19
1028.5, 7, 19
1028.6, 7, 19
1028.7, 7, 19
1028.8, 7, 19
1028.9, 7, 19
1029, 7, 19
1029.1, 7, 18
1029.2, 7, 18
1029.3, 7, 18
1029.4, 7, 18
1029.5, 7, 18
1029.6, 7, 18
1029.7, 7, 18
1029.8, 7, 18
1029.9, 7, 18
1030, 7, 18
1030.1, 7, 18
1030.2, 7, 18
1030.3, 7, 18
1030.4, 7, 18
1030.5, 7, 18
1030.6, 7, 18
1030.7, 7, 18
1030.8, 7, 18
1030.9, 8, 18
1031, 8, 18
1031.1, 8, 18
1031.2, 8, 18
1031.3, 8, 17
1031.4, 8, 17
1031.5, 8, 17
1031.6, 8, 17
1031.7, 8, 17
1031.8, 8, 17
1031.9, 8, 17
1032, 8, 17
1032.1, 8, 17
1032.2, 8, 17
1032.3, 8, 17
1032.4, 8, 17
1032.5, 8, 17
1032.6, 8, 17
1032.7, 8, 17
1032.8, 8, 17
1032.9, 8, 17
1033, 8, 17
1033.1, 8, 17
1033.2, 8, 17
1033.3, 8, 17
1033.4, 8, 17
1033.5, 8, 17
1033.6, 8, 17
1033.7, 8, 17
1033.8, 8, 17
1033.9, 8, 17
1034, 8, 17
1034.1, 8, 17
1034.2, 8, 17
1034.3, 8, 17
1034.4, 8, 17
1034.5, 8, 17
1034.6, 8, 17
1034.7, 8, 17
1034.8, 8, 17
1034.9, 8, 17
1035, 8, 17
1035.1, 8, 16
1035.2, 8, 16
1035.3, 8, 16
1035.4, 8, 16
1035.5, 8, 16
1035.6, 8, 16
1035.7, 8, 16
1035.8, 8, 16
1035.9, 8, 16
1036, 8, 16
1036.1, 8, 16
1036.2, 8, 16
1036.3, 8, 16
1036.4, 8, 16
1036.5, 8, 16
1036.6, 8, 16
1036.7, 8, 16
1036.8, 8, 16
1036.9, 8, 16
1037, 8, 16
1037.1, 8, 16
1037.2, 8, 16
1037.3, 8, 16
1037.4, 8, 16
1037.5, 8, 16
1037.6, 8, 16
1037.7, 8, 16
1037.8, 8, 16
1037.9, 7, 16
1038, 7, 16
1038.1, 7, 16
1038.2, 7, 16
1038.3, 7, 16
1038.4, 7, 16
1038.5, 7, 16
1038.6, 7, 16
1038.7, 7, 16
1038.8, 7, 16
1038.9, 7, 16
1039, 7, 16
1039.1, 7, 16
1039.2, 7, 16
1039.3, 7, 16
1039.4, 7, 16
1039.5, 7, 16
1039.6, 7, 16
1039.7, 8, 16
1039.8, 8, 16
1039.9, 8, 16
1040, 8, 16
1040.1, 8, 16
1040.2, 8, 16
1040.3, 8, 16
1040.4, 8, 16
1040.5, 8, 16
1040.6, 8, 16
1040.7, 8, 16
1040.8, 8, 16
1040.9, 8, 16
1041, 8, 16
1041.1, 8, 16
1041.2, 8, 16
1041.3, 8, 16
1041.4, 8, 16
1041.5, 8, 16
1041.6, 8, 16
1041.7, 8, 16
1041.8, 8, 16
1041.9, 8, 16
1042, 8, 16
1042.1, 8, 16
1042.2, 8, 16
1042.3, 8, 16
1042.4, 8, 16
1042.5, 8, 16
1042.6, 8, 16
1042.7, 8, 16
1042.8, 8, 16
1042.9, 8, 16
1043, 8, 16
1043.1, 8, 16
1043.2, 8, 16
1043.3, 8, 16
1043.4, 8, 16
1043.5, 8, 16
1043.6, 8, 16
1043.7, 8, 16
1043.8, 8, 16
1043.9, 8, 16
1044, 8, 16
1044.1, 8, 16
1044.2, 8, 16
1044.3, 8, 16
1044.4, 8, 16
1044.5, 8, 16
1044.6, 8, 16
1044.7, 8, 16
1044.8, 8, 16
1044.9, 8, 16
1045, 8, 16
1045.1, 8, 15
1045.2, 8, 15
1045.3, 8, 15
1045.4, 8, 15
1045.5, 8, 15
1045.6, 8, 15
1045.7, 8, 15
1045.8, 8, 15
1045.9, 8, 15
1046, 8, 15
1046.1, 8, 15
1046.2, 8, 15
1046.3, 8, 15
1046.4, 8, 15
1046.5, 8, 15
1046.6, 8, 15
1046.7, 8, 15
1046.8, 8, 15
1046.9, 8, 15
1047, 8, 15
1047.1, 8, 15
1047.2, 8, 15
1047.3, 8, 15
1047.4, 8, 15
1047.5, 8, 15
1047.6, 8, 15
1047.7, 8, 15
1047.8, 8, 15
1047.9, 8, 15
1048, 8, 15
1048.1, 8, 15
1048.2, 8, 15
1048.3, 8, 15
1048.4, 8, 15
1048.5, 8, 15
1048.6, 8, 15
1048.7, 8, 15
1048.8, 8, 15
1048.9, 8, 15
1049, 8, 15
1049.1, 8, 14
1049.2, 8, 14
1049.3, 8, 14
1049.4, 8, 14
1049.5, 7, 14
1049.6, 7, 14
1049.7, 7, 14
1049.8, 7, 14
1049.9, 7, 14
1050, 7, 14
1050.1, 7, 14
1050.2, 7, 14
1050.3, 7, 14
1050.4, 7, 14
1050.5, 7, 14
1050.6, 7, 14
1050.7, 7, 14
1050.8, 7, 14
1050.9, 7, 14
1051, 7, 14
1051.1, 7, 14
1051.2, 7, 14
1051.3, 7, 14
1051.4, 7, 14
1051.5, 7, 14
1051.6, 7, 14
1051.7, 7, 14
1051.8, 7, 14
1051.9, 7, 15
1052, 7, 15
1052.1, 7, 15
1052.2, 7, 15
1052.3, 7, 15
1052.4, 7, 15
1052.5, 8, 15
1052.6, 8, 15
1052.7, 8, 15
1052.8, 8, 15
1052.9, 8, 15
1053, 8, 15
1053.1, 8, 15
1053.2, 8, 15
1053.3, 8, 16
1053.4, 8, 16
1053.5, 8, 16
1053.6, 8, 16
1053.7, 8, 16
1053.8, 8, 16
1053.9, 8, 16
1054, 8, 16
1054.1, 8, 16
1054.2, 8, 16
1054.3, 8, 16
1054.4, 8, 16
1054.5, 8, 16
1054.6, 8, 16
1054.7, 8, 16
1054.8, 8, 16
1054.9, 8, 16
1055, 8, 16
1055.1, 8, 16
1055.2, 8, 16
1055.3, 8, 16
1055.4, 8, 16
1055.5, 8, 16
1055.6, 8, 16
1055.7, 8, 16
1055.8, 8, 16
1055.9, 8, 16
1056, 8, 16
1056.1, 8, 16
1056.2, 8, 16
1056.3, 8, 16
1056.4, 8, 16
1056.5, 8, 16
1056.6, 8, 16
1056.7, 8, 16
1056.8, 8, 16
1056.9, 8, 15
1057, 8, 15
1057.1, 8, 15
1057.2, 8, 15
1057.3, 7, 15
1057.4, 7, 15
1057.5, 8, 15
1057.6, 8, 15
1057.7, 8, 15
1057.8, 8, 15
1057.9, 8, 15
1058, 8, 15
1058.1, 9, 15
1058.2, 9, 15
1058.3, 9, 14
1058.4, 9, 14
1058.5, 9, 14
1058.6, 9, 14
1058.7, 9, 14
1058.8, 9, 14
1058.9, 9, 14
1059, 9, 14
1059.1, 9, 14
1059.2, 9, 14
1059.3, 9, 14
1059.4, 9, 14
1059.5, 9, 14
1059.6, 9, 14
1059.7, 9, 14
1059.8, 9, 14
1059.9, 9, 14
1060, 9, 14
1060.1, 9, 14
1060.2, 9, 14
1060.3, 9, 14
1060.4, 9, 14
1060.5, 9, 14
1060.6, 9, 14
1060.7, 9, 14
1060.8, 9, 14
1060.9, 9, 13
1061, 9, 13
1061.1, 9, 13
1061.2, 9, 13
1061.3, 9, 13
1061.4, 9, 13
1061.5, 9, 13
1061.6, 9, 13
1061.7, 9, 13
1061.8, 9, 13
1061.9, 9, 13
1062, 9, 13
1062.1, 9, 12
1062.2, 9, 12
1062.3, 9, 12
1062.4, 9, 12
1062.5, 9, 12
1062.6, 9, 12
1062.7, 10, 12
1062.8, 10, 12
1062.9, 10, 12
1063, 10, 12
1063.1, 10, 12
1063.2, 10, 12
1063.3, 10, 12
1063.4, 10, 12
1063.5, 10, 12
1063.6, 10, 12
1063.7, 10, 12
1063.8, 10, 12
1063.9, 10, 12
1064, 10, 12
1064.1, 10, 12
1064.2, 10, 12
1064.3, 10, 12
1064.4, 10, 12
1064.5, 10, 12
1064.6, 10, 12
1064.7, 10, 11
1064.8, 10, 11
1064.9, 10, 11
1065, 10, 11
1065.1, 10, 11
1065.2, 10, 11
1065.3, 10, 11
1065.4, 10, 11
1065.5, 10, 11
1065.6, 10, 11
1065.7, 10, 11
1065.8, 10, 11
1065.9, 10, 11
1066, 10, 11
1066.1, 10, 11
1066.2, 10, 11
1066.3, 10, 11
1066.4, 10, 11
1066.5, 10, 11
1066.6, 10, 11
1066.7, 10, 11
1066.8, 10, 11
1066.9, 10, 11
1067, 10, 11
1067.1, 10, 11
1067.2, 10, 11
1067.3, 11, 11
1067.4, 11, 11
1067.5, 11, 11
1067.6, 11, 11
1067.7, 10, 11
1067.8, 10, 11
1067.9, 10, 11
1068, 10, 11
1068.1, 10, 12
1068.2, 10, 12
1068.3, 10, 12
1068.4, 10, 12
1068.5, 10, 12
1068.6, 10, 12
1068.7, 10, 12
1068.8, 10, 12
1068.9, 10, 12
1069, 10, 12
1069.1, 10, 12
1069.2, 10, 12
1069.3, 10, 12
1069.4, 10, 12
1069.5, 11, 12
1069.6, 11, 12
1069.7, 11, 12
1069.8, 11, 12
1069.9, 10, 12
1070, 10, 12
1070.1, 10, 12
1070.2, 10, 12
1070.3, 11, 12
1070.4, 11, 12
1070.5, 11, 12
1070.6, 11, 12
1070.7, 11, 12
1070.8, 11, 12
1070.9, 11, 12
1071, 11, 12
1071.1, 11, 13
1071.2, 11, 13
1071.3, 11, 13
1071.4, 11, 13
1071.5, 11, 13
1071.6, 11, 13
1071.7, 11, 13
1071.8, 11, 13
1071.9, 11, 13
1072, 11, 13
1072.1, 11, 13
1072.2, 11, 13
1072.3, 11, 13
1072.4, 11, 13
1072.5, 11, 13
1072.6, 11, 13
1072.7, 10, 13
1072.8, 10, 13
1072.9, 10, 13
1073, 10, 13
1073.1, 10, 13
1073.2, 10, 13
1073.3, 10, 12
1073.4, 10, 12
1073.5, 10, 12
1073.6, 10, 12
1073.7, 10, 12
1073.8, 10, 12
1073.9, 10, 12
1074, 10, 12
1074.1, 10, 12
1074.2, 10, 12
1074.3, 10, 12
1074.4, 10, 12
1074.5, 10, 12
1074.6, 10, 12
1074.7, 10, 12
1074.8, 10, 12
1074.9, 10, 12
1075, 10, 12
1075.1, 10, 12
1075.2, 10, 12
1075.3, 10, 12
1075.4, 10, 12
1075.5, 10, 12
1075.6, 10, 12
1075.7, 10, 12
1075.8, 10, 12
1075.9, 10, 12
1076, 10, 12
1076.1, 10, 12
1076.2, 10, 12
1076.3, 10, 12
1076.4, 10, 12
1076.5, 10, 12
1076.6, 10, 12
1076.7, 10, 12
1076.8, 10, 12
1076.9, 10, 13
1077, 10, 13
1077.1, 10, 13
1077.2, 10, 13
1077.3, 10, 13
1077.4, 10, 13
1077.5, 10, 13
1077.6, 10, 13
1077.7, 10, 13
1077.8, 10, 13
1077.9, 10, 13
1078, 10, 13
1078.1, 10, 13
1078.2, 10, 13
1078.3, 10, 13
1078.4, 10, 13
1078.5, 10, 13
1078.6, 10, 13
1078.7, 10, 13
1078.8, 10, 13
1078.9, 10, 13
1079, 10, 13
1079.1, 10, 13
1079.2, 10, 13
1079.3, 11, 13
1079.4, 11, 13
1079.5, 11, 13
1079.6, 11, 13
1079.7, 11, 13
1079.8, 11, 13
1079.9, 11, 13
1080, 11, 13
1080.1, 11, 13
1080.2, 11, 13
1080.3, 11, 13
1080.4, 11, 13
1080.5, 11, 13
1080.6, 11, 13
1080.7, 11, 13
1080.8, 11, 13
1080.9, 11, 13
1081, 11, 13
1081.1, 11, 13
1081.2, 11, 13
1081.3, 11, 13
1081.4, 11, 13
1081.5, 11, 13
1081.6, 11, 13
1081.7, 11, 13
1081.8, 11, 13
1081.9, 11, 13
1082, 11, 13
1082.1, 11, 13
1082.2, 11, 13
1082.3, 11, 13
1082.4, 11, 13
1082.5, 11, 12
1082.6, 11, 12
1082.7, 11, 12
1082.8, 11, 12
1082.9, 11, 12
1083, 11, 12
1083.1, 11, 12
1083.2, 11, 12
1083.3, 11, 12
1083.4, 11, 12
1083.5, 11, 12
1083.6, 11, 12
1083.7, 11, 12
1083.8, 11, 12
1083.9, 11, 12
1084, 11, 12
1084.1, 11, 12
1084.2, 11, 12
1084.3, 11, 12
1084.4, 11, 12
1084.5, 11, 12
1084.6, 11, 12
1084.7, 11, 12
1084.8, 11, 12
1084.9, 11, 12
1085, 11, 12
1085.1, 11, 11
1085.2, 11, 11
1085.3, 12, 11
1085.4, 12, 11
1085.5, 12, 11
1085.6, 12, 11
1085.7, 12, 11
1085.8, 12, 11
1085.9, 12, 11
1086, 12, 11
1086.1, 12, 11
1086.2, 12, 11
1086.3, 12, 11
1086.4, 12, 11
1086.5, 12, 11
1086.6, 12, 11
1086.7, 12, 11
1086.8, 12, 11
1086.9, 12, 11
1087, 12, 11
1087.1, 12, 11
1087.2, 12, 11
1087.3, 12, 11
1087.4, 12, 11
1087.5, 12, 11
1087.6, 12, 11
1087.7, 12, 11
1087.8, 12, 11
1087.9, 12, 11
1088, 12, 11
1088.1, 12, 11
1088.2, 12, 11
1088.3, 12, 11
1088.4, 12, 11
1088.5, 12, 11
1088.6, 12, 11
1088.7, 12, 11
1088.8, 12, 11
1088.9, 12, 11
1089, 12, 11
1089.1, 12, 11
1089.2, 12, 11
1089.3, 12, 11
1089.4, 12, 11
1089.5, 11, 11
1089.6, 11, 11
1089.7, 11, 11
1089.8, 11, 11
1089.9, 11, 11
1090, 11, 11
1090.1, 11, 11
1090.2, 11, 11
1090.3, 11, 11
1090.4, 11, 11
1090.5, 11, 11
1090.6, 11, 11
1090.7, 11, 11
1090.8, 11, 11
1090.9, 11, 11
1091, 11, 11
1091.1, 11, 10
1091.2, 11, 10
1091.3, 11, 10
1091.4, 11, 10
1091.5, 11, 10
1091.6, 11, 10
1091.7, 11, 10
1091.8, 11, 10
1091.9, 11, 10
1092, 11, 10
1092.1, 11, 10
1092.2, 11, 10
1092.3, 11, 10
1092.4, 11, 10
1092.5, 11, 9
1092.6, 11, 9
1092.7, 11, 9
1092.8, 11, 9
1092.9, 10, 9
1093, 10, 9
1093.1, 10, 9
1093.2, 10, 9
1093.3, 10, 9
1093.4, 10, 9
1093.5, 10, 9
1093.6, 10, 9
1093.7, 10, 9
1093.8, 10, 9
1093.9, 10, 9
1094, 10, 9
1094.1, 10, 9
1094.2, 10, 9
1094.3, 10, 9
1094.4, 10, 9
1094.5, 10, 9
1094.6, 10, 9
1094.7, 10, 9
1094.8, 10, 9
1094.9, 10, 9
1095, 10, 9
1095.1, 10, 9
1095.2, 10, 9
1095.3, 10, 9
1095.4, 10, 9
1095.5, 10, 9
1095.6, 10, 9
1095.7, 10, 9
1095.8, 10, 9
1095.9, 10, 9
1096, 10, 9
1096.1, 10, 9
1096.2, 10, 9
1096.3, 10, 9
1096.4, 10, 9
1096.5, 10, 9
1096.6, 10, 9
1096.7, 10, 9
1096.8, 10, 9
1096.9, 10, 9
1097, 10, 9
1097.1, 11, 9
1097.2, 11, 9
1097.3, 11, 9
1097.4, 11, 9
1097.5, 11, 9
1097.6, 11, 9
1097.7, 11, 9
1097.8, 11, 9
1097.9, 12, 9
1098, 12, 9
1098.1, 12, 9
1098.2, 12, 9
1098.3, 12, 9
1098.4, 12, 9
1098.5, 12, 9
1098.6, 12, 9
1098.7, 12, 9
1098.8, 12, 9
1098.9, 12, 9
1099, 12, 9
1099.1, 12, 9
1099.2, 12, 9
1099.3, 12, 9
1099.4, 12, 9
1099.5, 12, 9
1099.6, 12, 9
1099.7, 12, 9
1099.8, 12, 9
1099.9, 12, 9
1100, 12, 9
1100.1, 12, 9
1100.2, 12, 9
1100.3, 12, 9
1100.4, 12, 9
1100.5, 12, 9
1100.6, 12, 9
1100.7, 12, 9
1100.8, 12, 9
1100.9, 12, 9
1101, 12, 9
1101.1, 12, 9
1101.2, 12, 9
1101.3, 12, 9
1101.4, 12, 9
1101.5, 13, 9
1101.6, 13, 9
1101.7, 13, 9
1101.8, 13, 9
1101.9, 13, 9
1102, 13, 9
1102.1, 13, 9
1102.2, 13, 9
1102.3, 13, 9
1102.4, 13, 9
1102.5, 13, 9
1102.6, 13, 9
1102.7, 13, 9
1102.8, 13, 9
1102.9, 13, 9
1103, 13, 9
1103.1, 13, 9
1103.2, 13, 9
1103.3, 13, 9
1103.4, 13, 9
1103.5, 13, 9
1103.6, 13, 9
1103.7, 13, 9
1103.8, 13, 9
1103.9, 13, 9
1104, 13, 9
1104.1, 13, 9
1104.2, 13, 9
1104.3, 13, 10
1104.4, 13, 10
1104.5, 13, 10
1104.6, 13, 10
1104.7, 13, 10
1104.8, 13, 10
1104.9, 13, 10
1105, 13, 10
1105.1, 13, 10
1105.2, 13, 10
1105.3, 12, 10
1105.4, 12, 10
1105.5, 12, 10
1105.6, 12, 10
1105.7, 12, 10
1105.8, 12, 10
1105.9, 12, 10
1106, 12, 10
1106.1, 12, 10
1106.2, 12, 10
1106.3, 12, 10
1106.4, 12, 10
1106.5, 12, 10
1106.6, 12, 10
1106.7, 12, 10
1106.8, 12, 10
1106.9, 13, 10
1107, 13, 10
1107.1, 13, 10
1107.2, 13, 10
1107.3, 13, 10
1107.4, 13, 10
1107.5, 13, 10
1107.6, 13, 10
1107.7, 13, 10
1107.8, 13, 10
1107.9, 13, 10
1108, 13, 10
1108.1, 13, 10
1108.2, 13, 10
1108.3, 13, 10
1108.4, 13, 10
1108.5, 13, 10
1108.6, 13, 10
1108.7, 13, 10
1108.8, 13, 10
1108.9, 13, 10
1109, 13, 10
1109.1, 13, 10
1109.2, 13, 10
1109.3, 13, 10
1109.4, 13, 10
1109.5, 13, 10
1109.6, 13, 10
1109.7, 13, 10
1109.8, 13, 10
1109.9, 13, 11
1110, 13, 11
1110.1, 14, 11
1110.2, 14, 11
1110.3, 14, 11
1110.4, 14, 11
1110.5, 14, 11
1110.6, 14, 11
1110.7, 14, 11
1110.8, 14, 11
1110.9, 14, 11
1111, 14, 11
1111.1, 14, 11
1111.2, 14, 11
1111.3, 14, 11
1111.4, 14, 11
1111.5, 14, 11
1111.6, 14, 11
1111.7, 14, 11
1111.8, 14, 11
1111.9, 14, 11
1112, 14, 11
1112.1, 14, 11
1112.2, 14, 11
1112.3, 14, 11
1112.4, 14, 11
1112.5, 14, 11
1112.6, 14, 11
1112.7, 14, 11
1112.8, 14, 11
1112.9, 14, 11
1113, 14, 11
1113.1, 14, 11
1113.2, 14, 11
1113.3, 14, 11
1113.4, 14, 11
1113.5, 14, 11
1113.6, 14, 11
1113.7, 14, 11
1113.8, 14, 11
1113.9, 14, 11
1114, 14, 11
1114.1, 14, 11
1114.2, 14, 11
1114.3, 14, 11
1114.4, 14, 11
1114.5, 13, 11
1114.6, 13, 11
1114.7, 13, 11
1114.8, 13, 11
1114.9, 13, 11
1115, 13, 11
1115.1, 14, 11
1115.2, 14, 11
1115.3, 14, 11
1115.4, 14, 11
1115.5, 14, 11
1115.6, 14, 11
1115.7, 14, 11
1115.8, 14, 11
1115.9, 14, 11
1116, 14, 11
1116.1, 14, 11
1116.2, 14, 11
1116.3, 14, 11
1116.4, 14, 11
1116.5, 14, 11
1116.6, 14, 11
1116.7, 14, 11
1116.8, 14, 11
1116.9, 14, 11
1117, 14, 11
1117.1, 14, 11
1117.2, 14, 11
1117.3, 14, 11
1117.4, 14, 11
1117.5, 14, 11
1117.6, 14, 11
1117.7, 14, 11
1117.8, 14, 11
1117.9, 14, 11
1118, 14, 11
1118.1, 14, 11
1118.2, 14, 11
1118.3, 14, 11
1118.4, 14, 11
1118.5, 14, 11
1118.6, 14, 11
1118.7, 14, 11
1118.8, 14, 11
1118.9, 14, 11
1119, 14, 11
1119.1, 14, 11
1119.2, 14, 11
1119.3, 14, 11
1119.4, 14, 11
1119.5, 14, 11
1119.6, 14, 11
1119.7, 14, 11
1119.8, 14, 11
1119.9, 14, 11
1120, 14, 11
1120.1, 14, 11
1120.2, 14, 11
1120.3, 14, 11
1120.4, 14, 11
1120.5, 14, 11
1120.6, 14, 11
1120.7, 14, 11
1120.8, 14, 11
1120.9, 14, 11
1121, 14, 11
1121.1, 13, 11
1121.2, 13, 11
1121.3, 13, 11
1121.4, 13, 11
1121.5, 13, 11
1121.6, 13, 11
1121.7, 13, 11
1121.8, 13, 11
1121.9, 13, 11
1122, 13, 11
1122.1, 13, 11
1122.2, 13, 11
1122.3, 13, 11
1122.4, 13, 11
1122.5, 13, 11
1122.6, 13, 11
1122.7, 13, 11
1122.8, 13, 11
1122.9, 13, 11
1123, 13, 11
1123.1, 13, 11
1123.2, 13, 11
1123.3, 13, 11
1123.4, 13, 11
1123.5, 13, 11
1123.6, 13, 11
1123.7, 13, 11
1123.8, 13, 11
1123.9, 13, 11
1124, 13, 11
1124.1, 13, 11
1124.2, 13, 11
1124.3, 13, 11
1124.4, 13, 11
1124.5, 13, 11
1124.6, 13, 11
1124.7, 13, 11
1124.8, 13, 11
1124.9, 13, 11
1125, 13, 11
1125.1, 13, 11
1125.2, 13, 11
1125.3, 13, 11
1125.4, 13, 11
1125.5, 13, 11
1125.6, 13, 11
1125.7, 13, 11
1125.8, 13, 11
1125.9, 13, 11
1126, 13, 11
1126.1, 12, 11
1126.2, 12, 11
1126.3, 12, 12
1126.4, 12, 12
1126.5, 12, 12
1126.6, 12, 12
1126.7, 12, 12
1126.8, 12, 12
1126.9, 12, 12
1127, 12, 12
1127.1, 12, 12
1127.2, 12, 12
1127.3, 12, 12
1127.4, 12, 12
1127.5, 12, 13
1127.6, 12, 13
1127.7, 12, 13
1127.8, 12, 13
1127.9, 12, 13
1128, 12, 13
1128.1, 12, 13
1128.2, 12, 13
1128.3, 11, 13
1128.4, 11, 13
1128.5, 11, 13
1128.6, 11, 13
1128.7, 11, 13
1128.8, 11, 13
1128.9, 11, 13
1129, 11, 13
1129.1, 11, 13
1129.2, 11, 13
1129.3, 11, 13
1129.4, 11, 13
1129.5, 10, 13
1129.6, 10, 13
1129.7, 10, 14
1129.8, 10, 14
1129.9, 10, 14
1130, 10, 14
1130.1, 10, 14
1130.2, 10, 14
1130.3, 10, 14
1130.4, 10, 14
1130.5, 10, 14
1130.6, 10, 14
1130.7, 10, 14
1130.8, 10, 14
1130.9, 10, 14
1131, 10, 14
1131.1, 10, 14
1131.2, 10, 14
1131.3, 10, 14
1131.4, 10, 14
1131.5, 10, 14
1131.6, 10, 14
1131.7, 10, 14
1131.8, 10, 14
1131.9, 10, 14
1132, 10, 14
1132.1, 10, 14
1132.2, 10, 14
1132.3, 11, 14
1132.4, 11, 14
1132.5, 10, 14
1132.6, 10, 14
1132.7, 10, 14
1132.8, 10, 14
1132.9, 10, 14
1133, 10, 14
1133.1, 10, 14
1133.2, 10, 14
1133.3, 11, 14
1133.4, 11, 14
1133.5, 11, 14
1133.6, 11, 14
1133.7, 11, 14
1133.8, 11, 14
1133.9, 11, 14
1134, 11, 14
1134.1, 12, 14
1134.2, 12, 14
1134.3, 12, 14
1134.4, 12, 14
1134.5, 13, 14
1134.6, 13, 14
1134.7, 13, 14
1134.8, 13, 14
1134.9, 13, 14
1135, 13, 14
1135.1, 14, 14
1135.2, 14, 14
1135.3, 14, 14
1135.4, 14, 14
1135.5, 14, 14
1135.6, 14, 14
1135.7, 14, 14
1135.8, 14, 14
1135.9, 14, 14
1136, 14, 14
1136.1, 14, 14
1136.2, 14, 14
1136.3, 14, 14
1136.4, 14, 14
1136.5, 14, 14
1136.6, 14, 14
1136.7, 14, 14
1136.8, 14, 14
1136.9, 14, 14
1137, 14, 14
1137.1, 14, 15
1137.2, 14, 15
1137.3, 15, 15
1137.4, 15, 15
1137.5, 15, 15
1137.6, 15, 15
1137.7, 15, 15
1137.8, 15, 15
1137.9, 14, 15
1138, 14, 15
1138.1, 14, 15
1138.2, 14, 15
1138.3, 14, 15
1138.4, 14, 15
1138.5, 14, 15
1138.6, 14, 15
1138.7, 14, 15
1138.8, 14, 15
1138.9, 15, 15
1139, 15, 15
1139.1, 15, 15
1139.2, 15, 15
1139.3, 15, 15
1139.4, 15, 15
1139.5, 16, 15
1139.6, 16, 15
1139.7, 16, 15
1139.8, 16, 15
1139.9, 16, 15
1140, 16, 15
1140.1, 16, 15
1140.2, 16, 15
1140.3, 16, 15
1140.4, 16, 15
1140.5, 16, 15
1140.6, 16, 15
1140.7, 16, 15
1140.8, 16, 15
1140.9, 16, 15
1141, 16, 15
1141.1, 16, 15
1141.2, 16, 15
1141.3, 16, 15
1141.4, 16, 15
1141.5, 16, 15
1141.6, 16, 15
1141.7, 16, 15
1141.8, 16, 15
1141.9, 16, 15
1142, 16, 15
1142.1, 16, 15
1142.2, 16, 15
1142.3, 16, 15
1142.4, 16, 15
1142.5, 16, 15
1142.6, 16, 15
1142.7, 16, 15
1142.8, 16, 15
1142.9, 16, 15
1143, 16, 15
1143.1, 16, 15
1143.2, 16, 15
1143.3, 16, 15
1143.4, 16, 15
1143.5, 16, 15
1143.6, 16, 15
1143.7, 16, 15
1143.8, 16, 15
1143.9, 16, 15
1144, 16, 15
1144.1, 16, 14
1144.2, 16, 14
1144.3, 16, 14
1144.4, 16, 14
1144.5, 16, 14
1144.6, 16, 14
1144.7, 16, 14
1144.8, 16, 14
1144.9, 17, 14
1145, 17, 14
1145.1, 17, 14
1145.2, 17, 14
1145.3, 17, 14
1145.4, 17, 14
1145.5, 17, 14
1145.6, 17, 14
1145.7, 17, 14
1145.8, 17, 14
1145.9, 17, 14
1146, 17, 14
1146.1, 17, 14
1146.2, 17, 14
1146.3, 17, 14
1146.4, 17, 14
1146.5, 17, 14
1146.6, 17, 14
1146.7, 17, 14
1146.8, 17, 14
1146.9, 17, 14
1147, 17, 14
1147.1, 17, 14
1147.2, 17, 14
1147.3, 17, 14
1147.4, 17, 14
1147.5, 17, 14
1147.6, 17, 14
1147.7, 17, 14
1147.8, 17, 14
1147.9, 17, 14
1148, 17, 14
1148.1, 17, 14
1148.2, 17, 14
1148.3, 17, 14
1148.4, 17, 14
1148.5, 17, 14
1148.6, 17, 14
1148.7, 17, 14
1148.8, 17, 14
1148.9, 17, 14
1149, 17, 14
1149.1, 17, 14
1149.2, 17, 14
1149.3, 17, 14
1149.4, 17, 14
1149.5, 16, 14
1149.6, 16, 14
1149.7, 16, 14
1149.8, 16, 14
1149.9, 16, 14
1150, 16, 14
1150.1, 16, 14
1150.2, 16, 14
1150.3, 16, 14
1150.4, 16, 14
1150.5, 16, 13
1150.6, 16, 13
1150.7, 16, 13
1150.8, 16, 13
1150.9, 16, 13
1151, 16, 13
1151.1, 16, 13
1151.2, 16, 13
1151.3, 16, 13
1151.4, 16, 13
1151.5, 16, 13
1151.6, 16, 13
1151.7, 16, 13
1151.8, 16, 13
1151.9, 16, 13
1152, 16, 13
1152.1, 16, 13
1152.2, 16, 13
1152.3, 16, 13
1152.4, 16, 13
1152.5, 16, 13
1152.6, 16, 13
1152.7, 16, 13
1152.8, 16, 13
1152.9, 16, 13
1153, 16, 13
1153.1, 16, 13
1153.2, 16, 13
1153.3, 16, 14
1153.4, 16, 14
1153.5, 16, 14
1153.6, 16, 14
1153.7, 16, 14
1153.8, 16, 14
1153.9, 16, 14
1154, 16, 14
1154.1, 16, 14
1154.2, 16, 14
1154.3, 16, 14
1154.4, 16, 14
1154.5, 16, 15
1154.6, 16, 15
1154.7, 16, 15
1154.8, 16, 15
1154.9, 16, 15
1155, 16, 15
1155.1, 16, 15
1155.2, 16, 15
1155.3, 16, 16
1155.4, 16, 16
1155.5, 16, 16
1155.6, 16, 16
1155.7, 16, 16
1155.8, 16, 16
1155.9, 17, 16
1156, 17, 16
1156.1, 17, 16
1156.2, 17, 16
1156.3, 17, 16
1156.4, 17, 16
1156.5, 17, 16
1156.6, 17, 16
1156.7, 17, 16
1156.8, 17, 16
1156.9, 17, 16
1157, 17, 16
1157.1, 17, 16
1157.2, 17, 16
1157.3, 17, 16
1157.4, 17, 16
1157.5, 17, 16
1157.6, 17, 16
1157.7, 17, 16
1157.8, 17, 16
1157.9, 17, 16
1158, 17, 16
1158.1, 17, 16
1158.2, 17, 16
1158.3, 17, 16
1158.4, 17, 16
1158.5, 17, 16
1158.6, 17, 16
1158.7, 17, 16
1158.8, 17, 16
1158.9, 17, 16
1159, 17, 16
1159.1, 17, 16
1159.2, 17, 16
1159.3, 16, 16
1159.4, 16, 16
1159.5, 16, 16
1159.6, 16, 16
1159.7, 16, 16
1159.8, 16, 16
1159.9, 16, 16
1160, 16, 16
1160.1, 16, 16
1160.2, 16, 16
1160.3, 16, 16
1160.4, 16, 16
1160.5, 16, 16
1160.6, 16, 16
1160.7, 16, 16
1160.8, 16, 16
1160.9, 16, 16
1161, 16, 16
1161.1, 16, 16
1161.2, 16, 16
1161.3, 16, 16
1161.4, 16, 16
1161.5, 16, 16
1161.6, 16, 16
1161.7, 16, 16
1161.8, 16, 16
1161.9, 16, 16
1162, 16, 16
1162.1, 16, 16
1162.2, 16, 16
1162.3, 15, 16
1162.4, 15, 16
1162.5, 15, 16
1162.6, 15, 16
1162.7, 15, 16
1162.8, 15, 16
1162.9, 15, 16
1163, 15, 16
1163.1, 15, 16
1163.2, 15, 16
1163.3, 15, 16
1163.4, 15, 16
1163.5, 15, 16
1163.6, 15, 16
1163.7, 15, 16
1163.8, 15, 16
1163.9, 15, 16
1164, 15, 16
1164.1, 15, 16
1164.2, 15, 16
1164.3, 15, 16
1164.4, 15, 16
1164.5, 15, 16
1164.6, 15, 16
1164.7, 15, 16
1164.8, 15, 16
1164.9, 15, 16
1165, 15, 16
1165.1, 15, 16
1165.2, 15, 16
1165.3, 15, 17
1165.4, 15, 17
1165.5, 15, 17
1165.6, 15, 17
1165.7, 15, 17
1165.8, 15, 17
1165.9, 15, 17
1166, 15, 17
1166.1, 15, 17
1166.2, 15, 17
1166.3, 15, 17
1166.4, 15, 17
1166.5, 15, 17
1166.6, 15, 17
1166.7, 15, 17
1166.8, 15, 17
1166.9, 15, 17
1167, 15, 17
1167.1, 15, 17
1167.2, 15, 17
1167.3, 15, 17
1167.4, 15, 17
1167.5, 15, 17
1167.6, 15, 17
1167.7, 15, 17
1167.8, 15, 17
1167.9, 15, 17
1168, 15, 17
1168.1, 15, 17
1168.2, 15, 17
1168.3, 15, 17
1168.4, 15, 17
1168.5, 15, 17
1168.6, 15, 17
1168.7, 15, 17
1168.8, 15, 17
1168.9, 15, 17
1169, 15, 17
1169.1, 15, 17
1169.2, 15, 17
1169.3, 15, 17
1169.4, 15, 17
1169.5, 15, 17
1169.6, 15, 17
1169.7, 15, 17
1169.8, 15, 17
1169.9, 15, 17
1170, 15, 17
1170.1, 15, 17
1170.2, 15, 17
1170.3, 15, 17
1170.4, 15, 17
1170.5, 15, 17
1170.6, 15, 17
1170.7, 15, 17
1170.8, 15, 17
1170.9, 15, 17
1171, 15, 17
1171.1, 15, 17
1171.2, 15, 17
1171.3, 15, 17
1171.4, 15, 17
1171.5, 15, 17
1171.6, 15, 17
1171.7, 15, 17
1171.8, 15, 17
1171.9, 15, 17
1172, 15, 17
1172.1, 15, 17
1172.2, 15, 17
1172.3, 15, 17
1172.4, 15, 17
1172.5, 15, 17
1172.6, 15, 17
1172.7, 15, 17
1172.8, 15, 17
1172.9, 15, 17
1173, 15, 17
1173.1, 15, 17
1173.2, 15, 17
1173.3, 15, 17
1173.4, 15, 17
1173.5, 15, 17
1173.6, 15, 17
1173.7, 14, 17
1173.8, 14, 17
1173.9, 14, 17
1174, 14, 17
1174.1, 14, 17
1174.2, 14, 17
1174.3, 14, 17
1174.4, 14, 17
1174.5, 14, 17
1174.6, 14, 17
1174.7, 14, 17
1174.8, 14, 17
1174.9, 14, 17
1175, 14, 17
1175.1, 14, 17
1175.2, 14, 17
1175.3, 14, 17
1175.4, 14, 17
1175.5, 14, 17
1175.6, 14, 17
1175.7, 14, 17
1175.8, 14, 17
1175.9, 14, 17
1176, 14, 17
1176.1, 14, 17
1176.2, 14, 17
1176.3, 14, 16
1176.4, 14, 16
1176.5, 14, 16
1176.6, 14, 16
1176.7, 14, 15
1176.8, 14, 15
1176.9, 14, 16
1177, 14, 16
1177.1, 14, 16
1177.2, 14, 16
1177.3, 15, 16
1177.4, 15, 16
1177.5, 15, 16
1177.6, 15, 16
1177.7, 15, 16
1177.8, 15, 16
1177.9, 14, 16
1178, 14, 16
1178.1, 14, 16
1178.2, 14, 16
1178.3, 14, 16
1178.4, 14, 16
1178.5, 14, 15
1178.6, 14, 15
1178.7, 14, 16
1178.8, 14, 16
1178.9, 14, 16
1179, 14, 16
1179.1, 14, 16
1179.2, 14, 16
1179.3, 14, 15
1179.4, 14, 15
1179.5, 14, 16
1179.6, 14, 16
1179.7, 14, 16
1179.8, 14, 16
1179.9, 14, 16
1180, 14, 16
1180.1, 15, 16
1180.2, 15, 16
1180.3, 15, 16
1180.4, 15, 16
1180.5, 15, 16
1180.6, 15, 16
1180.7, 16, 16
1180.8, 16, 16
1180.9, 16, 16
1181, 16, 16
1181.1, 16, 16
1181.2, 16, 16
1181.3, 16, 16
1181.4, 16, 16
1181.5, 16, 16
1181.6, 16, 16
1181.7, 16, 16
1181.8, 16, 16
1181.9, 16, 16
1182, 16, 16
1182.1, 16, 16
1182.2, 16, 16
1182.3, 16, 16
1182.4, 16, 16
1182.5, 16, 16
1182.6, 16, 16
1182.7, 16, 16
1182.8, 16, 16
1182.9, 16, 16
1183, 16, 16
1183.1, 16, 16
1183.2, 16, 16
1183.3, 16, 16
1183.4, 16, 16
1183.5, 16, 16
1183.6, 16, 16
1183.7, 16, 16
1183.8, 16, 16
1183.9, 16, 16
1184, 16, 16
1184.1, 16, 16
1184.2, 16, 16
1184.3, 16, 16
1184.4, 16, 16
1184.5, 16, 16
1184.6, 16, 16
1184.7, 16, 16
1184.8, 16, 16
1184.9, 16, 16
1185, 16, 16
1185.1, 16, 16
1185.2, 16, 16
1185.3, 16, 16
1185.4, 16, 16
1185.5, 16, 16
1185.6, 16, 16
1185.7, 16, 16
1185.8, 16, 16
1185.9, 16, 16
1186, 16, 16
1186.1, 16, 16
1186.2, 16, 16
1186.3, 16, 16
1186.4, 16, 16
1186.5, 16, 16
1186.6, 16, 16
1186.7, 16, 16
1186.8, 16, 16
1186.9, 16, 16
1187, 16, 16
1187.1, 16, 16
1187.2, 16, 16
1187.3, 16, 16
1187.4, 16, 16
1187.5, 16, 16
1187.6, 16, 16
1187.7, 16, 16
1187.8, 16, 16
1187.9, 16, 16
1188, 16, 16
1188.1, 16, 16
1188.2, 16, 16
1188.3, 15, 16
1188.4, 15, 16
1188.5, 15, 16
1188.6, 15, 16
1188.7, 15, 16
1188.8, 15, 16
1188.9, 15, 16
1189, 15, 16
1189.1, 15, 17
1189.2, 15, 17
1189.3, 15, 17
1189.4, 15, 17
1189.5, 15, 17
1189.6, 15, 17
1189.7, 15, 17
1189.8, 15, 17
1189.9, 15, 17
1190, 15, 17
1190.1, 15, 18
1190.2, 15, 18
1190.3, 15, 18
1190.4, 15, 18
1190.5, 15, 18
1190.6, 15, 18
1190.7, 15, 18
1190.8, 15, 18
1190.9, 15, 18
1191, 15, 18
1191.1, 15, 18
1191.2, 15, 18
1191.3, 15, 18
1191.4, 15, 18
1191.5, 15, 18
1191.6, 15, 18
1191.7, 15, 18
1191.8, 15, 18
1191.9, 15, 18
1192, 15, 18
1192.1, 15, 17
1192.2, 15, 17
1192.3, 15, 17
1192.4, 15, 17
1192.5, 15, 17
1192.6, 15, 17
1192.7, 15, 16
1192.8, 15, 16
1192.9, 15, 16
1193, 15, 16
1193.1, 15, 16
1193.2, 15, 16
1193.3, 15, 17
1193.4, 15, 17
1193.5, 15, 17
1193.6, 15, 17
1193.7, 15, 17
1193.8, 15, 17
1193.9, 15, 17
1194, 15, 17
1194.1, 15, 17
1194.2, 15, 17
1194.3, 15, 17
1194.4, 15, 17
1194.5, 15, 17
1194.6, 15, 17
1194.7, 15, 17
1194.8, 15, 17
1194.9, 15, 17
1195, 15, 17
1195.1, 15, 17
1195.2, 15, 17
1195.3, 15, 17
1195.4, 15, 17
1195.5, 15, 17
1195.6, 15, 17
1195.7, 15, 17
1195.8, 15, 17
1195.9, 15, 17
1196, 15, 17
1196.1, 15, 17
1196.2, 15, 17
1196.3, 15, 17
1196.4, 15, 17
1196.5, 15, 17
1196.6, 15, 17
1196.7, 15, 17
1196.8, 15, 17
1196.9, 15, 17
1197, 15, 17
1197.1, 16, 17
1197.2, 16, 17
1197.3, 16, 17
1197.4, 16, 17
1197.5, 16, 17
1197.6, 16, 17
1197.7, 16, 17
1197.8, 16, 17
1197.9, 16, 17
1198, 16, 17
1198.1, 16, 17
1198.2, 16, 17
1198.3, 16, 17
1198.4, 16, 17
1198.5, 17, 17
1198.6, 17, 17
1198.7, 17, 17
1198.8, 17, 17
1198.9, 17, 17
1199, 17, 17
1199.1, 17, 17
1199.2, 17, 17
1199.3, 17, 17
1199.4, 17, 17
1199.5, 17, 17
1199.6, 17, 17
1199.7, 17, 17
1199.8, 17, 17
1199.9, 17, 17
1200, 17, 17
1200.1, 17, 17
1200.2, 17, 17
1200.3, 17, 17
1200.4, 17, 17
1200.5, 17, 17
1200.6, 17, 17
1200.7, 17, 17
1200.8, 17, 17
1200.9, 17, 16
1201, 17, 16
1201.1, 17, 16
1201.2, 17, 16
1201.3, 17, 16
1201.4, 17, 16
1201.5, 17, 16
1201.6, 17, 16
1201.7, 17, 16
1201.8, 17, 16
1201.9, 17, 16
1202, 17, 16
1202.1, 17, 16
1202.2, 17, 16
1202.3, 17, 16
1202.4, 17, 16
1202.5, 17, 16
1202.6, 17, 16
1202.7, 17, 15
1202.8, 17, 15
1202.9, 17, 15
1203, 17, 15
1203.1, 17, 15
1203.2, 17, 15
1203.3, 17, 15
1203.4, 17, 15
1203.5, 17, 15
1203.6, 17, 15
1203.7, 17, 15
1203.8, 17, 15
1203.9, 17, 15
1204, 17, 15
1204.1, 17, 15
1204.2, 17, 15
1204.3, 17, 15
1204.4, 17, 15
1204.5, 17, 15
1204.6, 17, 15
1204.7, 17, 15
1204.8, 17, 15
1204.9, 17, 15
1205, 17, 15
1205.1, 17, 15
1205.2, 17, 15
1205.3, 17, 15
1205.4, 17, 15
1205.5, 17, 15
1205.6, 17, 15
1205.7, 17, 15
1205.8, 17, 15
1205.9, 17, 15
1206, 17, 15
1206.1, 17, 15
1206.2, 17, 15
1206.3, 17, 15
1206.4, 17, 15
1206.5, 17, 15
1206.6, 17, 15
1206.7, 17, 15
1206.8, 17, 15
1206.9, 17, 15
1207, 17, 15
1207.1, 17, 15
1207.2, 17, 15
1207.3, 17, 15
1207.4, 17, 15
1207.5, 17, 15
1207.6, 17, 15
1207.7, 17, 15
1207.8, 17, 15
1207.9, 17, 15
1208, 17, 15
1208.1, 17, 15
1208.2, 17, 15
1208.3, 17, 15
1208.4, 17, 15
1208.5, 17, 14
1208.6, 17, 14
1208.7, 17, 14
1208.8, 17, 14
1208.9, 17, 14
1209, 17, 14
1209.1, 17, 14
1209.2, 17, 14
1209.3, 17, 15
1209.4, 17, 15
1209.5, 18, 15
1209.6, 18, 15
1209.7, 18, 14
1209.8, 18, 14
1209.9, 18, 14
1210, 18, 14
1210.1, 18, 14
1210.2, 18, 14
1210.3, 18, 14
1210.4, 18, 14
1210.5, 18, 14
1210.6, 18, 14
1210.7, 18, 14
1210.8, 18, 14
1210.9, 18, 14
1211, 18, 14
1211.1, 18, 14
1211.2, 18, 14
1211.3, 18, 14
1211.4, 18, 14
1211.5, 18, 13
1211.6, 18, 13
1211.7, 18, 13
1211.8, 18, 13
1211.9, 18, 12
1212, 18, 12
1212.1, 18, 12
1212.2, 18, 12
1212.3, 18, 12
1212.4, 18, 12
1212.5, 18, 12
1212.6, 18, 12
1212.7, 18, 12
1212.8, 18, 12
1212.9, 18, 13
1213, 18, 13
1213.1, 18, 13
1213.2, 18, 13
1213.3, 18, 13
1213.4, 18, 13
1213.5, 18, 13
1213.6, 18, 13
1213.7, 18, 13
1213.8, 18, 13
1213.9, 18, 13
1214, 18, 13
1214.1, 18, 13
1214.2, 18, 13
1214.3, 18, 13
1214.4, 18, 13
1214.5, 18, 13
1214.6, 18, 13
1214.7, 18, 12
1214.8, 18, 12
1214.9, 18, 12
1215, 18, 12
1215.1, 19, 12
1215.2, 19, 12
1215.3, 19, 12
1215.4, 19, 12
1215.5, 19, 12
1215.6, 19, 12
1215.7, 19, 12
1215.8, 19, 12
1215.9, 20, 12
1216, 20, 12
1216.1, 20, 12
1216.2, 20, 12
1216.3, 20, 12
1216.4, 20, 12
1216.5, 20, 12
1216.6, 20, 12
1216.7, 20, 12
1216.8, 20, 12
1216.9, 20, 12
1217, 20, 12
1217.1, 20, 12
1217.2, 20, 12
1217.3, 20, 12
1217.4, 20, 12
1217.5, 20, 12
1217.6, 20, 12
1217.7, 20, 12
1217.8, 20, 12
1217.9, 20, 12
1218, 20, 12
1218.1, 20, 12
1218.2, 20, 12
1218.3, 20, 12
1218.4, 20, 12
1218.5, 20, 12
1218.6, 20, 12
1218.7, 20, 12
1218.8, 20, 12
1218.9, 20, 12
1219, 20, 12
1219.1, 20, 13
1219.2, 20, 13
1219.3, 20, 13
1219.4, 20, 13
1219.5, 20, 13
1219.6, 20, 13
1219.7, 20, 13
1219.8, 20, 13
1219.9, 20, 13
1220, 20, 13
1220.1, 20, 13
1220.2, 20, 13
1220.3, 20, 13
1220.4, 20, 13
1220.5, 20, 13
1220.6, 20, 13
1220.7, 20, 13
1220.8, 20, 13
1220.9, 20, 13
1221, 20, 13
1221.1, 20, 13
1221.2, 20, 13
1221.3, 20, 13
1221.4, 20, 13
1221.5, 20, 13
1221.6, 20, 13
1221.7, 20, 13
1221.8, 20, 13
1221.9, 19, 13
1222, 19, 13
1222.1, 19, 13
1222.2, 19, 13
1222.3, 19, 13
1222.4, 19, 13
1222.5, 19, 13
1222.6, 19, 13
1222.7, 19, 13
1222.8, 19, 13
1222.9, 19, 13
1223, 19, 13
1223.1, 19, 12
1223.2, 19, 12
1223.3, 19, 12
1223.4, 19, 12
1223.5, 19, 12
1223.6, 19, 12
1223.7, 19, 12
1223.8, 19, 12
1223.9, 19, 12
1224, 19, 12
1224.1, 19, 12
1224.2, 19, 12
1224.3, 19, 13
1224.4, 19, 13
1224.5, 19, 13
1224.6, 19, 13
1224.7, 19, 13
1224.8, 19, 13
1224.9, 19, 13
1225, 19, 13
1225.1, 19, 12
1225.2, 19, 12
1225.3, 18, 12
1225.4, 18, 12
1225.5, 18, 12
1225.6, 18, 12
1225.7, 18, 12
1225.8, 18, 12
1225.9, 18, 13
1226, 18, 13
1226.1, 18, 13
1226.2, 18, 13
1226.3, 18, 13
1226.4, 18, 13
1226.5, 18, 13
1226.6, 18, 13
1226.7, 18, 13
1226.8, 18, 13
1226.9, 17, 13
1227, 17, 13
1227.1, 17, 13
1227.2, 17, 13
1227.3, 17, 13
1227.4, 17, 13
1227.5, 17, 13
1227.6, 17, 13
1227.7, 17, 13
1227.8, 17, 13
1227.9, 17, 13
1228, 17, 13
1228.1, 17, 13
1228.2, 17, 13
1228.3, 17, 13
1228.4, 17, 13
1228.5, 17, 13
1228.6, 17, 13
1228.7, 17, 13
1228.8, 17, 13
1228.9, 17, 13
1229, 17, 13
1229.1, 17, 13
1229.2, 17, 13
1229.3, 17, 13
1229.4, 17, 13
1229.5, 16, 13
1229.6, 16, 13
1229.7, 16, 13
1229.8, 16, 13
1229.9, 16, 13
1230, 16, 13
1230.1, 16, 13
1230.2, 16, 13
1230.3, 16, 13
1230.4, 16, 13
1230.5, 16, 13
1230.6, 16, 13
1230.7, 16, 13
1230.8, 16, 13
1230.9, 16, 13
1231, 16, 13
1231.1, 16, 13
1231.2, 16, 13
1231.3, 16, 13
1231.4, 16, 13
1231.5, 16, 13
1231.6, 16, 13
1231.7, 16, 13
1231.8, 16, 13
1231.9, 16, 13
1232, 16, 13
1232.1, 16, 13
1232.2, 16, 13
1232.3, 16, 13
1232.4, 16, 13
1232.5, 16, 13
1232.6, 16, 13
1232.7, 16, 13
1232.8, 16, 13
1232.9, 16, 13
1233, 16, 13
1233.1, 16, 13
1233.2, 16, 13
1233.3, 16, 13
1233.4, 16, 13
1233.5, 16, 13
1233.6, 16, 13
1233.7, 16, 13
1233.8, 16, 13
1233.9, 16, 13
1234, 16, 13
1234.1, 16, 13
1234.2, 16, 13
1234.3, 16, 13
1234.4, 16, 13
1234.5, 17, 13
1234.6, 17, 13
1234.7, 17, 13
1234.8, 17, 13
1234.9, 17, 13
1235, 17, 13
1235.1, 17, 13
1235.2, 17, 13
1235.3, 17, 13
1235.4, 17, 13
1235.5, 17, 13
1235.6, 17, 13
1235.7, 17, 13
1235.8, 17, 13
1235.9, 17, 13
1236, 17, 13
1236.1, 17, 13
1236.2, 17, 13
1236.3, 17, 13
1236.4, 17, 13
1236.5, 17, 13
1236.6, 17, 13
1236.7, 17, 13
1236.8, 17, 13
1236.9, 17, 13
1237, 17, 13
1237.1, 17, 13
1237.2, 17, 13
1237.3, 17, 13
1237.4, 17, 13
1237.5, 17, 13
1237.6, 17, 13
1237.7, 17, 13
1237.8, 17, 13
1237.9, 17, 13
1238, 17, 13
1238.1, 17, 13
1238.2, 17, 13
1238.3, 17, 13
1238.4, 17, 13
1238.5, 17, 13
1238.6, 17, 13
1238.7, 17, 13
1238.8, 17, 13
1238.9, 17, 13
1239, 17, 13
1239.1, 17, 13
1239.2, 17, 13
1239.3, 17, 13
1239.4, 17, 13
1239.5, 17, 13
1239.6, 17, 13
1239.7, 17, 13
1239.8, 17, 13
1239.9, 17, 13
1240, 17, 13
1240.1, 17, 13
1240.2, 17, 13
1240.3, 17, 13
1240.4, 17, 13
1240.5, 18, 13
1240.6, 18, 13
1240.7, 18, 13
1240.8, 18, 13
1240.9, 18, 13
1241, 18, 13
1241.1, 18, 13
1241.2, 18, 13
1241.3, 18, 12
1241.4, 18, 12
1241.5, 18, 12
1241.6, 18, 12
1241.7, 18, 12
1241.8, 18, 12
1241.9, 18, 12
1242, 18, 12
1242.1, 18, 12
1242.2, 18, 12
1242.3, 18, 12
1242.4, 18, 12
1242.5, 18, 12
1242.6, 18, 12
1242.7, 18, 12
1242.8, 18, 12
1242.9, 18, 12
1243, 18, 12
1243.1, 18, 12
1243.2, 18, 12
1243.3, 18, 12
1243.4, 18, 12
1243.5, 18, 12
1243.6, 18, 12
1243.7, 18, 12
1243.8, 18, 12
1243.9, 17, 12
1244, 17, 12
1244.1, 17, 12
1244.2, 17, 12
1244.3, 17, 12
1244.4, 17, 12
1244.5, 17, 12
1244.6, 17, 12
1244.7, 17, 12
1244.8, 17, 12
1244.9, 17, 12
1245, 17, 12
1245.1, 17, 12
1245.2, 17, 12
1245.3, 17, 12
1245.4, 17, 12
1245.5, 17, 12
1245.6, 17, 12
1245.7, 17, 12
1245.8, 17, 12
1245.9, 17, 12
1246, 17, 12
1246.1, 17, 12
1246.2, 17, 12
1246.3, 17, 12
1246.4, 17, 12
1246.5, 17, 12
1246.6, 17, 12
1246.7, 17, 12
1246.8, 17, 12
1246.9, 17, 12
1247, 17, 12
1247.1, 17, 12
1247.2, 17, 12
1247.3, 17, 13
1247.4, 17, 13
1247.5, 17, 13
1247.6, 17, 13
1247.7, 17, 12
1247.8, 17, 12
1247.9, 17, 12
1248, 17, 12
1248.1, 17, 12
1248.2, 17, 12
1248.3, 17, 12
1248.4, 17, 12
1248.5, 17, 12
1248.6, 17, 12
1248.7, 17, 12
1248.8, 17, 12
1248.9, 17, 12
1249, 17, 12
1249.1, 17, 12
1249.2, 17, 12
1249.3, 17, 12
1249.4, 17, 12
1249.5, 17, 12
1249.6, 17, 12
1249.7, 17, 12
1249.8, 17, 12
1249.9, 17, 12
1250, 17, 12
1250.1, 17, 12
1250.2, 17, 12
1250.3, 17, 12
1250.4, 17, 12
1250.5, 17, 12
1250.6, 17, 12
1250.7, 17, 12
1250.8, 17, 12
1250.9, 17, 11
1251, 17, 11
1251.1, 17, 12
1251.2, 17, 12
1251.3, 17, 12
1251.4, 17, 12
1251.5, 17, 12
1251.6, 17, 12
1251.7, 17, 12
1251.8, 17, 12
1251.9, 17, 12
1252, 17, 12
1252.1, 17, 12
1252.2, 17, 12
1252.3, 17, 12
1252.4, 17, 12
1252.5, 17, 12
1252.6, 17, 12
1252.7, 17, 12
1252.8, 17, 12
1252.9, 17, 12
1253, 17, 12
1253.1, 17, 12
1253.2, 17, 12
1253.3, 17, 12
1253.4, 17, 12
1253.5, 17, 12
1253.6, 17, 12
1253.7, 17, 12
1253.8, 17, 12
1253.9, 17, 12
1254, 17, 12
1254.1, 17, 12
1254.2, 17, 12
1254.3, 17, 12
1254.4, 17, 12
1254.5, 16, 12
1254.6, 16, 12
1254.7, 16, 12
1254.8, 16, 12
1254.9, 16, 12
1255, 16, 12
1255.1, 16, 12
1255.2, 16, 12
1255.3, 16, 12
1255.4, 16, 12
1255.5, 16, 12
1255.6, 16, 12
1255.7, 16, 12
1255.8, 16, 12
1255.9, 15, 12
1256, 15, 12
1256.1, 15, 13
1256.2, 15, 13
1256.3, 15, 13
1256.4, 15, 13
1256.5, 15, 13
1256.6, 15, 13
1256.7, 15, 13
1256.8, 15, 13
1256.9, 15, 13
1257, 15, 13
1257.1, 15, 13
1257.2, 15, 13
1257.3, 15, 13
1257.4, 15, 13
1257.5, 15, 13
1257.6, 15, 13
1257.7, 15, 13
1257.8, 15, 13
1257.9, 15, 13
1258, 15, 13
1258.1, 15, 13
1258.2, 15, 13
1258.3, 15, 13
1258.4, 15, 13
1258.5, 15, 13
1258.6, 15, 13
1258.7, 15, 13
1258.8, 15, 13
1258.9, 15, 13
1259, 15, 13
1259.1, 15, 13
1259.2, 15, 13
1259.3, 15, 13
1259.4, 15, 13
1259.5, 15, 13
1259.6, 15, 13
1259.7, 15, 13
1259.8, 15, 13
1259.9, 15, 13
1260, 15, 13
1260.1, 15, 13
1260.2, 15, 13
1260.3, 15, 13
1260.4, 15, 13
1260.5, 15, 13
1260.6, 15, 13
1260.7, 15, 13
1260.8, 15, 13
1260.9, 15, 13
1261, 15, 13
1261.1, 15, 14
1261.2, 15, 14
1261.3, 15, 14
1261.4, 15, 14
1261.5, 15, 14
1261.6, 15, 14
1261.7, 15, 14
1261.8, 15, 14
1261.9, 15, 14
1262, 15, 14
1262.1, 15, 14
1262.2, 15, 14
1262.3, 15, 14
1262.4, 15, 14
1262.5, 15, 14
1262.6, 15, 14
1262.7, 15, 14
1262.8, 15, 14
1262.9, 15, 14
1263, 15, 14
1263.1, 15, 14
1263.2, 15, 14
1263.3, 15, 14
1263.4, 15, 14
1263.5, 15, 14
1263.6, 15, 14
1263.7, 15, 14
1263.8, 15, 14
1263.9, 15, 15
1264, 15, 15
1264.1, 15, 15
1264.2, 15, 15
1264.3, 15, 15
1264.4, 15, 15
1264.5, 15, 15
1264.6, 15, 15
1264.7, 15, 15
1264.8, 15, 15
1264.9, 15, 15
1265, 15, 15
1265.1, 15, 15
1265.2, 15, 15
1265.3, 15, 16
1265.4, 15, 16
1265.5, 15, 16
1265.6, 15, 16
1265.7, 15, 16
1265.8, 15, 16
1265.9, 15, 16
1266, 15, 16
1266.1, 15, 16
1266.2, 15, 16
1266.3, 15, 16
1266.4, 15, 16
1266.5, 15, 16
1266.6, 15, 16
1266.7, 15, 16
1266.8, 15, 16
1266.9, 15, 16
1267, 15, 16
1267.1, 15, 16
1267.2, 15, 16
1267.3, 15, 16
1267.4, 15, 16
1267.5, 15, 16
1267.6, 15, 16
1267.7, 15, 16
1267.8, 15, 16
1267.9, 15, 16
1268, 15, 16
1268.1, 15, 16
1268.2, 15, 16
1268.3, 15, 16
1268.4, 15, 16
1268.5, 15, 16
1268.6, 15, 16
1268.7, 15, 16
1268.8, 15, 16
1268.9, 15, 16
1269, 15, 16
1269.1, 15, 16
1269.2, 15, 16
1269.3, 15, 16
1269.4, 15, 16
1269.5, 15, 16
1269.6, 15, 16
1269.7, 15, 16
1269.8, 15, 16
1269.9, 14, 16
1270, 14, 16
1270.1, 14, 17
1270.2, 14, 17
1270.3, 14, 17
1270.4, 14, 17
1270.5, 14, 17
1270.6, 14, 17
1270.7, 14, 17
1270.8, 14, 17
1270.9, 14, 17
1271, 14, 17
1271.1, 14, 17
1271.2, 14, 17
1271.3, 14, 17
1271.4, 14, 17
1271.5, 14, 17
1271.6, 14, 17
1271.7, 14, 18
1271.8, 14, 18
1271.9, 14, 18
1272, 14, 18
1272.1, 14, 18
1272.2, 14, 18
1272.3, 14, 18
1272.4, 14, 18
1272.5, 14, 17
1272.6, 14, 17
1272.7, 14, 17
1272.8, 14, 17
1272.9, 14, 17
1273, 14, 17
1273.1, 14, 17
1273.2, 14, 17
1273.3, 14, 17
1273.4, 14, 17
1273.5, 14, 17
1273.6, 14, 17
1273.7, 14, 17
1273.8, 14, 17
1273.9, 14, 17
1274, 14, 17
1274.1, 14, 17
1274.2, 14, 17
1274.3, 14, 17
1274.4, 14, 17
1274.5, 14, 17
1274.6, 14, 17
1274.7, 14, 17
1274.8, 14, 17
1274.9, 14, 17
1275, 14, 17
1275.1, 14, 16
1275.2, 14, 16
1275.3, 14, 17
1275.4, 14, 17
1275.5, 14, 17
1275.6, 14, 17
1275.7, 14, 17
1275.8, 14, 17
1275.9, 14, 17
1276, 14, 17
1276.1, 14, 17
1276.2, 14, 17
1276.3, 14, 17
1276.4, 14, 17
1276.5, 14, 17
1276.6, 14, 17
1276.7, 14, 17
1276.8, 14, 17
1276.9, 14, 17
1277, 14, 17
1277.1, 14, 17
1277.2, 14, 17
1277.3, 14, 17
1277.4, 14, 17
1277.5, 14, 17
1277.6, 14, 17
1277.7, 14, 17
1277.8, 14, 17
1277.9, 14, 17
1278, 14, 17
1278.1, 14, 17
1278.2, 14, 17
1278.3, 14, 17
1278.4, 14, 17
1278.5, 14, 17
1278.6, 14, 17
1278.7, 14, 17
1278.8, 14, 17
1278.9, 14, 17
1279, 14, 17
1279.1, 14, 17
1279.2, 14, 17
1279.3, 14, 17
1279.4, 14, 17
1279.5, 14, 17
1279.6, 14, 17
1279.7, 14, 17
1279.8, 14, 17
1279.9, 14, 17
1280, 14, 17
1280.1, 14, 17
1280.2, 14, 17
1280.3, 14, 17
1280.4, 14, 17
1280.5, 14, 17
1280.6, 14, 17
1280.7, 14, 17
1280.8, 14, 17
1280.9, 14, 17
1281, 14, 17
1281.1, 14, 17
1281.2, 14, 17
1281.3, 14, 17
1281.4, 14, 17
1281.5, 14, 17
1281.6, 14, 17
1281.7, 14, 17
1281.8, 14, 17
1281.9, 14, 17
1282, 14, 17
1282.1, 14, 17
1282.2, 14, 17
1282.3, 14, 17
1282.4, 14, 17
1282.5, 15, 17
1282.6, 15, 17
1282.7, 15, 17
1282.8, 15, 17
1282.9, 15, 17
1283, 15, 17
1283.1, 15, 17
1283.2, 15, 17
1283.3, 15, 17
1283.4, 15, 17
1283.5, 15, 17
1283.6, 15, 17
1283.7, 15, 17
1283.8, 15, 17
1283.9, 15, 17
1284, 15, 17
1284.1, 16, 17
1284.2, 16, 17
1284.3, 16, 17
1284.4, 16, 17
1284.5, 16, 17
1284.6, 16, 17
1284.7, 16, 17
1284.8, 16, 17
1284.9, 16, 17
1285, 16, 17
1285.1, 15, 17
1285.2, 15, 17
1285.3, 15, 17
1285.4, 15, 17
1285.5, 15, 17
1285.6, 15, 17
1285.7, 15, 17
1285.8, 15, 17
1285.9, 15, 17
1286, 15, 17
1286.1, 15, 17
1286.2, 15, 17
1286.3, 15, 17
1286.4, 15, 17
1286.5, 15, 17
1286.6, 15, 17
1286.7, 15, 17
1286.8, 15, 17
1286.9, 15, 17
1287, 15, 17
1287.1, 15, 17
1287.2, 15, 17
1287.3, 15, 17
1287.4, 15, 17
1287.5, 15, 17
1287.6, 15, 17
1287.7, 15, 18
1287.8, 15, 18
1287.9, 15, 18
1288, 15, 18
1288.1, 15, 18
1288.2, 15, 18
1288.3, 15, 18
1288.4, 15, 18
1288.5, 15, 18
1288.6, 15, 18
1288.7, 15, 18
1288.8, 15, 18
1288.9, 15, 18
1289, 15, 18
1289.1, 15, 18
1289.2, 15, 18
1289.3, 15, 18
1289.4, 15, 18
1289.5, 15, 18
1289.6, 15, 18
1289.7, 15, 18
1289.8, 15, 18
1289.9, 15, 18
1290, 15, 18
1290.1, 15, 18
1290.2, 15, 18
1290.3, 15, 18
1290.4, 15, 18
1290.5, 15, 18
1290.6, 15, 18
1290.7, 15, 18
1290.8, 15, 18
1290.9, 15, 18
1291, 15, 18
1291.1, 15, 18
1291.2, 15, 18
1291.3, 15, 18
1291.4, 15, 18
1291.5, 15, 18
1291.6, 15, 18
1291.7, 15, 18
1291.8, 15, 18
1291.9, 15, 19
1292, 15, 19
1292.1, 15, 19
1292.2, 15, 19
1292.3, 15, 19
1292.4, 15, 19
1292.5, 15, 19
1292.6, 15, 19
1292.7, 15, 19
1292.8, 15, 19
1292.9, 15, 20
1293, 15, 20
1293.1, 15, 20
1293.2, 15, 20
1293.3, 15, 20
1293.4, 15, 20
1293.5, 15, 20
1293.6, 15, 20
1293.7, 15, 20
1293.8, 15, 20
1293.9, 15, 20
1294, 15, 20
1294.1, 15, 20
1294.2, 15, 20
1294.3, 15, 20
1294.4, 15, 20
1294.5, 15, 20
1294.6, 15, 20
1294.7, 15, 20
1294.8, 15, 20
1294.9, 14, 20
1295, 14, 20
1295.1, 14, 20
1295.2, 14, 20
1295.3, 14, 20
1295.4, 14, 20
1295.5, 14, 20
1295.6, 14, 20
1295.7, 14, 20
1295.8, 14, 20
1295.9, 14, 20
1296, 14, 20
1296.1, 14, 20
1296.2, 14, 20
1296.3, 14, 20
1296.4, 14, 20
1296.5, 14, 20
1296.6, 14, 20
1296.7, 14, 20
1296.8, 14, 20
1296.9, 14, 20
1297, 14, 20
1297.1, 14, 20
1297.2, 14, 20
1297.3, 14, 20
1297.4, 14, 20
1297.5, 14, 20
1297.6, 14, 20
1297.7, 14, 20
1297.8, 14, 20
1297.9, 14, 20
1298, 14, 20
1298.1, 14, 20
1298.2, 14, 20
1298.3, 14, 20
1298.4, 14, 20
1298.5, 14, 20
1298.6, 14, 20
1298.7, 14, 20
1298.8, 14, 20
1298.9, 14, 20
1299, 14, 20
1299.1, 14, 20
1299.2, 14, 20
1299.3, 14, 20
1299.4, 14, 20
1299.5, 14, 20
1299.6, 14, 20
1299.7, 14, 20
1299.8, 14, 20
1299.9, 15, 20
1300, 15, 20
1300.1, 16, 20
1300.2, 16, 20
1300.3, 16, 20
1300.4, 16, 20
1300.5, 16, 20
1300.6, 16, 20
1300.7, 16, 20
1300.8, 16, 20
1300.9, 16, 20
1301, 16, 20
1301.1, 16, 20
1301.2, 16, 20
1301.3, 16, 20
1301.4, 16, 20
1301.5, 16, 20
1301.6, 16, 20
1301.7, 16, 20
1301.8, 16, 20
1301.9, 16, 20
1302, 16, 20
1302.1, 16, 20
1302.2, 16, 20
1302.3, 16, 20
1302.4, 16, 20
1302.5, 16, 20
1302.6, 16, 20
1302.7, 16, 20
1302.8, 16, 20
1302.9, 16, 20
1303, 16, 20
1303.1, 16, 20
1303.2, 16, 20
1303.3, 16, 20
1303.4, 16, 20
1303.5, 15, 20
1303.6, 15, 20
1303.7, 15, 20
1303.8, 15, 20
1303.9, 15, 20
1304, 15, 20
1304.1, 15, 20
1304.2, 15, 20
1304.3, 15, 20
1304.4, 15, 20
1304.5, 15, 20
1304.6, 15, 20
1304.7, 15, 20
1304.8, 15, 20
1304.9, 15, 20
1305, 15, 20
1305.1, 15, 20
1305.2, 15, 20
1305.3, 15, 20
1305.4, 15, 20
1305.5, 15, 20
1305.6, 15, 20
1305.7, 15, 20
1305.8, 15, 20
1305.9, 15, 20
1306, 15, 20
1306.1, 15, 20
1306.2, 15, 20
1306.3, 15, 20
1306.4, 15, 20
1306.5, 15, 20
1306.6, 15, 20
1306.7, 15, 20
1306.8, 15, 20
1306.9, 16, 20
1307, 16, 20
1307.1, 16, 20
1307.2, 16, 20
1307.3, 16, 20
1307.4, 16, 20
1307.5, 16, 20
1307.6, 16, 20
1307.7, 16, 20
1307.8, 16, 20
1307.9, 16, 20
1308, 16, 20
1308.1, 16, 20
1308.2, 16, 20
1308.3, 16, 20
1308.4, 16, 20
1308.5, 16, 20
1308.6, 16, 20
1308.7, 16, 20
1308.8, 16, 20
1308.9, 16, 20
1309, 16, 20
1309.1, 16, 20
1309.2, 16, 20
1309.3, 16, 21
1309.4, 16, 21
1309.5, 16, 21
1309.6, 16, 21
1309.7, 16, 20
1309.8, 16, 20
1309.9, 16, 19
1310, 16, 19
1310.1, 16, 19
1310.2, 16, 19
1310.3, 16, 19
1310.4, 16, 19
1310.5, 16, 19
1310.6, 16, 19
1310.7, 16, 19
1310.8, 16, 19
1310.9, 16, 19
1311, 16, 19
1311.1, 16, 20
1311.2, 16, 20
1311.3, 16, 20
1311.4, 16, 20
1311.5, 16, 20
1311.6, 16, 20
1311.7, 15, 20
1311.8, 15, 20
1311.9, 15, 20
1312, 15, 20
1312.1, 15, 20
1312.2, 15, 20
1312.3, 15, 20
1312.4, 15, 20
1312.5, 15, 20
1312.6, 15, 20
1312.7, 15, 20
1312.8, 15, 20
1312.9, 15, 20
1313, 15, 20
1313.1, 15, 20
1313.2, 15, 20
1313.3, 14, 20
1313.4, 14, 20
1313.5, 14, 20
1313.6, 14, 20
1313.7, 14, 20
1313.8, 14, 20
1313.9, 14, 20
1314, 14, 20
1314.1, 14, 20
1314.2, 14, 20
1314.3, 14, 20
1314.4, 14, 20
1314.5, 14, 20
1314.6, 14, 20
1314.7, 14, 20
1314.8, 14, 20
1314.9, 14, 20
1315, 14, 20
1315.1, 14, 20
1315.2, 14, 20
1315.3, 14, 20
1315.4, 14, 20
1315.5, 14, 20
1315.6, 14, 20
1315.7, 14, 20
1315.8, 14, 20
1315.9, 14, 20
1316, 14, 20
1316.1, 14, 20
1316.2, 14, 20
1316.3, 14, 20
1316.4, 14, 20
1316.5, 14, 20
1316.6, 14, 20
1316.7, 14, 20
1316.8, 14, 20
1316.9, 14, 20
1317, 14, 20
1317.1, 14, 20
1317.2, 14, 20
1317.3, 14, 20
1317.4, 14, 20
1317.5, 14, 20
1317.6, 14, 20
1317.7, 14, 20
1317.8, 14, 20
1317.9, 14, 20
1318, 14, 20
1318.1, 14, 20
1318.2, 14, 20
1318.3, 15, 20
1318.4, 15, 20
1318.5, 15, 20
1318.6, 15, 20
1318.7, 15, 20
1318.8, 15, 20
1318.9, 15, 20
1319, 15, 20
1319.1, 15, 20
1319.2, 15, 20
1319.3, 15, 20
1319.4, 15, 20
1319.5, 15, 20
1319.6, 15, 20
1319.7, 15, 20
1319.8, 15, 20
1319.9, 15, 20
1320, 15, 20
1320.1, 15, 20
1320.2, 15, 20
1320.3, 15, 20
1320.4, 15, 20
1320.5, 15, 20
1320.6, 15, 20
1320.7, 15, 20
1320.8, 15, 20
1320.9, 15, 20
1321, 15, 20
1321.1, 15, 19
1321.2, 15, 19
1321.3, 15, 20
1321.4, 15, 20
1321.5, 15, 20
1321.6, 15, 20
1321.7, 15, 20
1321.8, 15, 20
1321.9, 15, 20
1322, 15, 20
1322.1, 15, 20
1322.2, 15, 20
1322.3, 15, 20
1322.4, 15, 20
1322.5, 15, 20
1322.6, 15, 20
1322.7, 15, 20
1322.8, 15, 20
1322.9, 15, 20
1323, 15, 20
1323.1, 15, 20
1323.2, 15, 20
1323.3, 15, 20
1323.4, 15, 20
1323.5, 15, 19
1323.6, 15, 19
1323.7, 15, 19
1323.8, 15, 19
1323.9, 15, 18
1324, 15, 18
1324.1, 15, 17
1324.2, 15, 17
1324.3, 15, 17
1324.4, 15, 17
1324.5, 15, 17
1324.6, 15, 17
1324.7, 15, 17
1324.8, 15, 17
1324.9, 15, 17
1325, 15, 17
1325.1, 15, 18
1325.2, 15, 18
1325.3, 15, 18
1325.4, 15, 18
1325.5, 15, 18
1325.6, 15, 18
1325.7, 15, 18
1325.8, 15, 18
1325.9, 15, 18
1326, 15, 18
1326.1, 15, 18
1326.2, 15, 18
1326.3, 15, 18
1326.4, 15, 18
1326.5, 15, 18
1326.6, 15, 18
1326.7, 15, 18
1326.8, 15, 18
1326.9, 15, 18
1327, 15, 18
1327.1, 15, 18
1327.2, 15, 18
1327.3, 15, 18
1327.4, 15, 18
1327.5, 15, 18
1327.6, 15, 18
1327.7, 15, 18
1327.8, 15, 18
1327.9, 15, 18
1328, 15, 18
1328.1, 15, 18
1328.2, 15, 18
1328.3, 15, 18
1328.4, 15, 18
1328.5, 15, 17
1328.6, 15, 17
1328.7, 15, 18
1328.8, 15, 18
1328.9, 15, 18
1329, 15, 18
1329.1, 15, 18
1329.2, 15, 18
1329.3, 15, 18
1329.4, 15, 18
1329.5, 15, 18
1329.6, 15, 18
1329.7, 15, 18
1329.8, 15, 18
1329.9, 15, 18
1330, 15, 18
1330.1, 15, 18
1330.2, 15, 18
1330.3, 15, 18
1330.4, 15, 18
1330.5, 15, 17
1330.6, 15, 17
1330.7, 15, 17
1330.8, 15, 17
1330.9, 15, 18
1331, 15, 18
1331.1, 15, 18
1331.2, 15, 18
1331.3, 15, 18
1331.4, 15, 18
1331.5, 15, 18
1331.6, 15, 18
1331.7, 15, 18
1331.8, 15, 18
1331.9, 15, 17
1332, 15, 17
1332.1, 15, 17
1332.2, 15, 17
1332.3, 15, 17
1332.4, 15, 17
1332.5, 15, 17
1332.6, 15, 17
1332.7, 15, 17
1332.8, 15, 17
1332.9, 15, 17
1333, 15, 17
1333.1, 15, 17
1333.2, 15, 17
1333.3, 15, 17
1333.4, 15, 17
1333.5, 15, 17
1333.6, 15, 17
1333.7, 15, 17
1333.8, 15, 17
1333.9, 15, 18
1334, 15, 18
1334.1, 15, 18
1334.2, 15, 18
1334.3, 15, 18
1334.4, 15, 18
1334.5, 15, 18
1334.6, 15, 18
1334.7, 15, 18
1334.8, 15, 18
1334.9, 15, 19
1335, 15, 19
1335.1, 15, 19
1335.2, 15, 19
1335.3, 15, 19
1335.4, 15, 19
1335.5, 15, 19
1335.6, 15, 19
1335.7, 15, 19
1335.8, 15, 19
1335.9, 15, 19
1336, 15, 19
1336.1, 15, 19
1336.2, 15, 19
1336.3, 15, 19
1336.4, 15, 19
1336.5, 15, 19
1336.6, 15, 19
1336.7, 15, 19
1336.8, 15, 19
1336.9, 15, 19
1337, 15, 19
1337.1, 15, 19
1337.2, 15, 19
1337.3, 16, 19
1337.4, 16, 19
1337.5, 15, 19
1337.6, 15, 19
1337.7, 15, 18
1337.8, 15, 18
1337.9, 15, 18
1338, 15, 18
1338.1, 15, 18
1338.2, 15, 18
1338.3, 15, 18
1338.4, 15, 18
1338.5, 15, 18
1338.6, 15, 18
1338.7, 15, 18
1338.8, 15, 18
1338.9, 15, 18
1339, 15, 18
1339.1, 15, 18
1339.2, 15, 18
1339.3, 15, 18
1339.4, 15, 18
1339.5, 15, 18
1339.6, 15, 18
1339.7, 15, 18
1339.8, 15, 18
1339.9, 15, 18
1340, 15, 18
1340.1, 15, 18
1340.2, 15, 18
1340.3, 15, 18
1340.4, 15, 18
1340.5, 15, 18
1340.6, 15, 18
1340.7, 15, 18
1340.8, 15, 18
1340.9, 15, 18
1341, 15, 18
1341.1, 15, 18
1341.2, 15, 18
1341.3, 15, 18
1341.4, 15, 18
1341.5, 15, 18
1341.6, 15, 18
1341.7, 15, 18
1341.8, 15, 18
1341.9, 15, 18
1342, 15, 18
1342.1, 15, 18
1342.2, 15, 18
1342.3, 15, 18
1342.4, 15, 18
1342.5, 15, 18
1342.6, 15, 18
1342.7, 15, 18
1342.8, 15, 18
1342.9, 15, 18
1343, 15, 18
1343.1, 15, 18
1343.2, 15, 18
1343.3, 15, 18
1343.4, 15, 18
1343.5, 15, 18
1343.6, 15, 18
1343.7, 15, 18
1343.8, 15, 18
1343.9, 15, 18
1344, 15, 18
1344.1, 15, 19
1344.2, 15, 19
1344.3, 15, 19
1344.4, 15, 19
1344.5, 16, 19
1344.6, 16, 19
1344.7, 16, 19
1344.8, 16, 19
1344.9, 16, 19
1345, 16, 19
1345.1, 16, 19
1345.2, 16, 19
1345.3, 16, 19
1345.4, 16, 19
1345.5, 16, 19
1345.6, 16, 19
1345.7, 16, 19
1345.8, 16, 19
1345.9, 16, 19
1346, 16, 19
1346.1, 16, 19
1346.2, 16, 19
1346.3, 16, 19
1346.4, 16, 19
1346.5, 16, 18
1346.6, 16, 18
1346.7, 17, 18
1346.8, 17, 18
1346.9, 17, 18
1347, 17, 18
1347.1, 17, 18
1347.2, 17, 18
1347.3, 17, 18
1347.4, 17, 18
1347.5, 17, 18
1347.6, 17, 18
1347.7, 16, 18
1347.8, 16, 18
1347.9, 16, 18
1348, 16, 18
1348.1, 16, 18
1348.2, 16, 18
1348.3, 16, 18
1348.4, 16, 18
1348.5, 16, 18
1348.6, 16, 18
1348.7, 16, 18
1348.8, 16, 18
1348.9, 16, 18
1349, 16, 18
1349.1, 15, 18
1349.2, 15, 18
1349.3, 15, 18
1349.4, 15, 18
1349.5, 15, 18
1349.6, 15, 18
1349.7, 15, 19
1349.8, 15, 19
1349.9, 14, 19
1350, 14, 19
1350.1, 14, 19
1350.2, 14, 19
1350.3, 14, 19
1350.4, 14, 19
1350.5, 14, 19
1350.6, 14, 19
1350.7, 14, 19
1350.8, 14, 19
1350.9, 14, 19
1351, 14, 19
1351.1, 14, 19
1351.2, 14, 19
1351.3, 14, 19
1351.4, 14, 19
1351.5, 14, 20
1351.6, 14, 20
1351.7, 13, 20
1351.8, 13, 20
1351.9, 12, 20
1352, 12, 20
1352.1, 12, 20
1352.2, 12, 20
1352.3, 12, 20
1352.4, 12, 20
1352.5, 12, 20
1352.6, 12, 20
1352.7, 12, 20
1352.8, 12, 20
1352.9, 12, 20
1353, 12, 20
1353.1, 12, 20
1353.2, 12, 20
1353.3, 12, 20
1353.4, 12, 20
1353.5, 12, 21
1353.6, 12, 21
1353.7, 12, 21
1353.8, 12, 21
1353.9, 12, 21
1354, 12, 21
1354.1, 12, 21
1354.2, 12, 21
1354.3, 12, 21
1354.4, 12, 21
1354.5, 12, 21
1354.6, 12, 21
1354.7, 12, 21
1354.8, 12, 21
1354.9, 12, 21
1355, 12, 21
1355.1, 12, 21
1355.2, 12, 21
1355.3, 12, 20
1355.4, 12, 20
1355.5, 12, 20
1355.6, 12, 20
1355.7, 12, 20
1355.8, 12, 20
1355.9, 12, 20
1356, 12, 20
1356.1, 12, 20
1356.2, 12, 20
1356.3, 12, 20
1356.4, 12, 20
1356.5, 12, 20
1356.6, 12, 20
1356.7, 12, 20
1356.8, 12, 20
1356.9, 12, 20
1357, 12, 20
1357.1, 12, 20
1357.2, 12, 20
1357.3, 12, 20
1357.4, 12, 20
1357.5, 12, 20
1357.6, 12, 20
1357.7, 12, 20
1357.8, 12, 20
1357.9, 12, 20
1358, 12, 20
1358.1, 12, 20
1358.2, 12, 20
1358.3, 12, 20
1358.4, 12, 20
1358.5, 12, 20
1358.6, 12, 20
1358.7, 12, 20
1358.8, 12, 20
1358.9, 12, 20
1359, 12, 20
1359.1, 12, 20
1359.2, 12, 20
1359.3, 12, 20
1359.4, 12, 20
1359.5, 12, 20
1359.6, 12, 20
1359.7, 12, 20
1359.8, 12, 20
1359.9, 12, 20
1360, 12, 20
1360.1, 12, 20
1360.2, 12, 20
1360.3, 12, 20
1360.4, 12, 20
1360.5, 12, 20
1360.6, 12, 20
1360.7, 11, 20
1360.8, 11, 20
1360.9, 11, 20
1361, 11, 20
1361.1, 11, 20
1361.2, 11, 20
1361.3, 11, 20
1361.4, 11, 20
1361.5, 11, 21
1361.6, 11, 21
1361.7, 11, 21
1361.8, 11, 21
1361.9, 12, 21
1362, 12, 21
1362.1, 12, 21
1362.2, 12, 21
1362.3, 12, 21
1362.4, 12, 21
1362.5, 12, 21
1362.6, 12, 21
1362.7, 12, 21
1362.8, 12, 21
1362.9, 12, 21
1363, 12, 21
1363.1, 12, 21
1363.2, 12, 21
1363.3, 12, 21
1363.4, 12, 21
1363.5, 12, 21
1363.6, 12, 21
1363.7, 12, 21
1363.8, 12, 21
1363.9, 12, 21
1364, 12, 21
1364.1, 12, 21
1364.2, 12, 21
1364.3, 12, 21
1364.4, 12, 21
1364.5, 12, 21
1364.6, 12, 21
1364.7, 12, 21
1364.8, 12, 21
1364.9, 12, 21
1365, 12, 21
1365.1, 12, 21
1365.2, 12, 21
1365.3, 12, 21
1365.4, 12, 21
1365.5, 12, 21
1365.6, 12, 21
1365.7, 12, 21
1365.8, 12, 21
1365.9, 12, 21
1366, 12, 21
1366.1, 12, 21
1366.2, 12, 21
1366.3, 12, 21
1366.4, 12, 21
1366.5, 12, 21
1366.6, 12, 21
1366.7, 12, 21
1366.8, 12, 21
1366.9, 12, 21
1367, 12, 21
1367.1, 12, 21
1367.2, 12, 21
1367.3, 11, 21
1367.4, 11, 21
1367.5, 11, 21
1367.6, 11, 21
1367.7, 11, 21
1367.8, 11, 21
1367.9, 11, 21
1368, 11, 21
1368.1, 11, 21
1368.2, 11, 21
1368.3, 11, 21
1368.4, 11, 21
1368.5, 11, 21
1368.6, 11, 21
1368.7, 11, 21
1368.8, 11, 21
1368.9, 11, 21
1369, 11, 21
1369.1, 11, 21
1369.2, 11, 21
1369.3, 11, 21
1369.4, 11, 21
1369.5, 11, 21
1369.6, 11, 21
1369.7, 11, 21
1369.8, 11, 21
1369.9, 11, 21
1370, 11, 21
1370.1, 11, 21
1370.2, 11, 21
1370.3, 11, 21
1370.4, 11, 21
1370.5, 11, 21
1370.6, 11, 21
1370.7, 11, 21
1370.8, 11, 21
1370.9, 11, 21
1371, 11, 21
1371.1, 11, 21
1371.2, 11, 21
1371.3, 11, 21
1371.4, 11, 21
1371.5, 11, 21
1371.6, 11, 21
1371.7, 10, 21
1371.8, 10, 21
1371.9, 10, 21
1372, 10, 21
1372.1, 10, 21
1372.2, 10, 21
1372.3, 10, 21
1372.4, 10, 21
1372.5, 10, 21
1372.6, 10, 21
1372.7, 10, 21
1372.8, 10, 21
1372.9, 10, 21
1373, 10, 21
1373.1, 10, 21
1373.2, 10, 21
1373.3, 10, 21
1373.4, 10, 21
1373.5, 10, 21
1373.6, 10, 21
1373.7, 10, 21
1373.8, 10, 21
1373.9, 10, 21
1374, 10, 21
1374.1, 10, 21
1374.2, 10, 21
1374.3, 10, 21
1374.4, 10, 21
1374.5, 10, 21
1374.6, 10, 21
1374.7, 10, 21
1374.8, 10, 21
1374.9, 10, 21
1375, 10, 21
1375.1, 10, 22
1375.2, 10, 22
1375.3, 10, 23
1375.4, 10, 23
1375.5, 10, 23
1375.6, 10, 23
1375.7, 10, 23
1375.8, 10, 23
1375.9, 10, 23
1376, 10, 23
1376.1, 9, 23
1376.2, 9, 23
1376.3, 8, 23
1376.4, 8, 23
1376.5, 8, 23
1376.6, 8, 23
1376.7, 8, 23
1376.8, 8, 23
1376.9, 8, 23
1377, 8, 23
1377.1, 8, 23
1377.2, 8, 23
1377.3, 8, 23
1377.4, 8, 23
1377.5, 8, 23
1377.6, 8, 23
1377.7, 9, 23
1377.8, 9, 23
1377.9, 9, 23
1378, 9, 23
1378.1, 9, 23
1378.2, 9, 23
1378.3, 9, 23
1378.4, 9, 23
1378.5, 9, 23
1378.6, 9, 23
1378.7, 9, 23
1378.8, 9, 23
1378.9, 9, 23
1379, 9, 23
1379.1, 9, 23
1379.2, 9, 23
1379.3, 9, 23
1379.4, 9, 23
1379.5, 10, 23
1379.6, 10, 23
1379.7, 10, 22
1379.8, 10, 22
1379.9, 10, 22
1380, 10, 22
1380.1, 10, 22
1380.2, 10, 22
1380.3, 10, 22
1380.4, 10, 22
1380.5, 10, 22
1380.6, 10, 22
1380.7, 10, 22
1380.8, 10, 22
1380.9, 10, 22
1381, 10, 22
1381.1, 10, 22
1381.2, 10, 22
1381.3, 10, 22
1381.4, 10, 22
1381.5, 10, 22
1381.6, 10, 22
1381.7, 10, 22
1381.8, 10, 22
1381.9, 10, 22
1382, 10, 22
1382.1, 10, 22
1382.2, 10, 22
1382.3, 10, 22
1382.4, 10, 22
1382.5, 10, 22
1382.6, 10, 22
1382.7, 10, 22
1382.8, 10, 22
1382.9, 10, 22
1383, 10, 22
1383.1, 10, 22
1383.2, 10, 22
1383.3, 10, 22
1383.4, 10, 22
1383.5, 10, 22
1383.6, 10, 22
1383.7, 10, 23
1383.8, 10, 23
1383.9, 10, 23
1384, 10, 23
1384.1, 10, 23
1384.2, 10, 23
1384.3, 10, 23
1384.4, 10, 23
1384.5, 10, 23
1384.6, 10, 23
1384.7, 11, 23
1384.8, 11, 23
1384.9, 11, 23
1385, 11, 23
1385.1, 11, 23
1385.2, 11, 23
1385.3, 11, 23
1385.4, 11, 23
1385.5, 11, 23
1385.6, 11, 23
1385.7, 11, 23
1385.8, 11, 23
1385.9, 12, 23
1386, 12, 23
1386.1, 12, 23
1386.2, 12, 23
1386.3, 12, 23
1386.4, 12, 23
1386.5, 12, 23
1386.6, 12, 23
1386.7, 12, 23
1386.8, 12, 23
1386.9, 12, 23
1387, 12, 23
1387.1, 12, 23
1387.2, 12, 23
1387.3, 12, 23
1387.4, 12, 23
1387.5, 12, 23
1387.6, 12, 23
1387.7, 12, 23
1387.8, 12, 23
1387.9, 12, 23
1388, 12, 23
1388.1, 12, 23
1388.2, 12, 23
1388.3, 12, 23
1388.4, 12, 23
1388.5, 12, 23
1388.6, 12, 23
1388.7, 12, 23
1388.8, 12, 23
1388.9, 12, 23
1389, 12, 23
1389.1, 11, 23
1389.2, 11, 23
1389.3, 11, 22
1389.4, 11, 22
1389.5, 11, 22
1389.6, 11, 22
1389.7, 11, 22
1389.8, 11, 22
1389.9, 11, 22
1390, 11, 22
1390.1, 11, 22
1390.2, 11, 22
1390.3, 11, 22
1390.4, 11, 22
1390.5, 11, 21
1390.6, 11, 21
1390.7, 11, 21
1390.8, 11, 21
1390.9, 11, 21
1391, 11, 21
1391.1, 11, 21
1391.2, 11, 21
1391.3, 11, 21
1391.4, 11, 21
1391.5, 11, 21
1391.6, 11, 21
1391.7, 11, 21
1391.8, 11, 21
1391.9, 11, 21
1392, 11, 21
1392.1, 11, 21
1392.2, 11, 21
1392.3, 11, 21
1392.4, 11, 21
1392.5, 11, 21
1392.6, 11, 21
1392.7, 11, 21
1392.8, 11, 21
1392.9, 11, 21
1393, 11, 21
1393.1, 11, 21
1393.2, 11, 21
1393.3, 11, 21
1393.4, 11, 21
1393.5, 11, 21
1393.6, 11, 21
1393.7, 11, 21
1393.8, 11, 21
1393.9, 11, 21
1394, 11, 21
1394.1, 11, 21
1394.2, 11, 21
1394.3, 11, 22
1394.4, 11, 22
1394.5, 11, 22
1394.6, 11, 22
1394.7, 11, 22
1394.8, 11, 22
1394.9, 11, 22
1395, 11, 22
1395.1, 11, 22
1395.2, 11, 22
1395.3, 11, 22
1395.4, 11, 22
1395.5, 11, 22
1395.6, 11, 22
1395.7, 11, 22
1395.8, 11, 22
1395.9, 11, 22
1396, 11, 22
1396.1, 11, 22
1396.2, 11, 22
1396.3, 11, 22
1396.4, 11, 22
1396.5, 11, 23
1396.6, 11, 23
1396.7, 11, 23
1396.8, 11, 23
1396.9, 11, 23
1397, 11, 23
1397.1, 11, 23
1397.2, 11, 23
1397.3, 11, 23
1397.4, 11, 23
1397.5, 11, 23
1397.6, 11, 23
1397.7, 11, 23
1397.8, 11, 23
1397.9, 11, 23
1398, 11, 23
1398.1, 11, 23
1398.2, 11, 23
1398.3, 11, 23
1398.4, 11, 23
1398.5, 11, 23
1398.6, 11, 23
1398.7, 11, 23
1398.8, 11, 23
1398.9, 10, 23
1399, 10, 23
1399.1, 11, 23
1399.2, 11, 23
1399.3, 11, 23
1399.4, 11, 23
1399.5, 11, 23
1399.6, 11, 23
1399.7, 11, 23
1399.8, 11, 23
1399.9, 11, 23
1400, 11, 23
1400.1, 11, 23
1400.2, 11, 23
1400.3, 11, 23
1400.4, 11, 23
1400.5, 11, 23
1400.6, 11, 23
1400.7, 11, 23
1400.8, 11, 23
1400.9, 11, 23
1401, 11, 23
1401.1, 11, 23
1401.2, 11, 23
1401.3, 11, 23
1401.4, 11, 23
1401.5, 11, 23
1401.6, 11, 23
1401.7, 11, 23
1401.8, 11, 23
1401.9, 11, 23
1402, 11, 23
1402.1, 11, 23
1402.2, 11, 23
1402.3, 11, 23
1402.4, 11, 23
1402.5, 11, 23
1402.6, 11, 23
1402.7, 11, 23
1402.8, 11, 23
1402.9, 11, 23
1403, 11, 23
1403.1, 11, 23
1403.2, 11, 23
1403.3, 11, 23
1403.4, 11, 23
1403.5, 11, 23
1403.6, 11, 23
1403.7, 11, 22
1403.8, 11, 22
1403.9, 11, 22
1404, 11, 22
1404.1, 11, 22
1404.2, 11, 22
1404.3, 11, 22
1404.4, 11, 22
1404.5, 11, 22
1404.6, 11, 22
1404.7, 11, 22
1404.8, 11, 22
1404.9, 11, 22
1405, 11, 22
1405.1, 11, 22
1405.2, 11, 22
1405.3, 11, 22
1405.4, 11, 22
1405.5, 11, 22
1405.6, 11, 22
1405.7, 11, 22
1405.8, 11, 22
1405.9, 11, 22
1406, 11, 22
1406.1, 11, 22
1406.2, 11, 22
1406.3, 11, 22
1406.4, 11, 22
1406.5, 11, 22
1406.6, 11, 22
1406.7, 10, 22
1406.8, 10, 22
1406.9, 10, 22
1407, 10, 22
1407.1, 10, 22
1407.2, 10, 22
1407.3, 10, 22
1407.4, 10, 22
1407.5, 10, 22
1407.6, 10, 22
1407.7, 10, 21
1407.8, 10, 21
1407.9, 10, 21
1408, 10, 21
1408.1, 10, 21
1408.2, 10, 21
1408.3, 10, 21
1408.4, 10, 21
1408.5, 10, 21
1408.6, 10, 21
1408.7, 10, 21
1408.8, 10, 21
1408.9, 10, 21
1409, 10, 21
1409.1, 10, 21
1409.2, 10, 21
1409.3, 10, 21
1409.4, 10, 21
1409.5, 10, 21
1409.6, 10, 21
1409.7, 10, 21
1409.8, 10, 21
1409.9, 10, 21
1410, 10, 21
1410.1, 10, 21
1410.2, 10, 21
1410.3, 10, 21
1410.4, 10, 21
1410.5, 10, 21
1410.6, 10, 21
1410.7, 10, 21
1410.8, 10, 21
1410.9, 10, 21
1411, 10, 21
1411.1, 10, 21
1411.2, 10, 21
1411.3, 10, 21
1411.4, 10, 21
1411.5, 10, 21
1411.6, 10, 21
1411.7, 10, 21
1411.8, 10, 21
1411.9, 10, 20
1412, 10, 20
1412.1, 10, 20
1412.2, 10, 20
1412.3, 10, 20
1412.4, 10, 20
1412.5, 10, 20
1412.6, 10, 20
1412.7, 10, 20
1412.8, 10, 20
1412.9, 10, 20
1413, 10, 20
1413.1, 10, 20
1413.2, 10, 20
1413.3, 10, 20
1413.4, 10, 20
1413.5, 10, 20
1413.6, 10, 20
1413.7, 10, 20
1413.8, 10, 20
1413.9, 10, 20
1414, 10, 20
1414.1, 10, 20
1414.2, 10, 20
1414.3, 10, 20
1414.4, 10, 20
1414.5, 10, 20
1414.6, 10, 20
1414.7, 10, 21
1414.8, 10, 21
1414.9, 10, 21
1415, 10, 21
1415.1, 10, 21
1415.2, 10, 21
1415.3, 10, 21
1415.4, 10, 21
1415.5, 10, 21
1415.6, 10, 21
1415.7, 10, 21
1415.8, 10, 21
1415.9, 10, 21
1416, 10, 21
1416.1, 9, 21
1416.2, 9, 21
1416.3, 9, 21
1416.4, 9, 21
1416.5, 9, 21
1416.6, 9, 21
1416.7, 9, 21
1416.8, 9, 21
1416.9, 9, 21
1417, 9, 21
1417.1, 9, 21
1417.2, 9, 21
1417.3, 9, 21
1417.4, 9, 21
1417.5, 9, 21
1417.6, 9, 21
1417.7, 9, 21
1417.8, 9, 21
1417.9, 9, 21
1418, 9, 21
1418.1, 9, 21
1418.2, 9, 21
1418.3, 9, 20
1418.4, 9, 20
1418.5, 9, 20
1418.6, 9, 20
1418.7, 9, 20
1418.8, 9, 20
1418.9, 9, 20
1419, 9, 20
1419.1, 9, 20
1419.2, 9, 20
1419.3, 9, 20
1419.4, 9, 20
1419.5, 9, 20
1419.6, 9, 20
1419.7, 9, 20
1419.8, 9, 20
1419.9, 9, 20
1420, 9, 20
1420.1, 9, 20
1420.2, 9, 20
1420.3, 9, 20
1420.4, 9, 20
1420.5, 9, 20
1420.6, 9, 20
1420.7, 9, 20
1420.8, 9, 20
1420.9, 9, 20
1421, 9, 20
1421.1, 9, 20
1421.2, 9, 20
1421.3, 9, 20
1421.4, 9, 20
1421.5, 9, 20
1421.6, 9, 20
1421.7, 9, 20
1421.8, 9, 20
1421.9, 9, 20
1422, 9, 20
1422.1, 9, 19
1422.2, 9, 19
1422.3, 9, 19
1422.4, 9, 19
1422.5, 9, 19
1422.6, 9, 19
1422.7, 9, 19
1422.8, 9, 19
1422.9, 9, 19
1423, 9, 19
1423.1, 9, 19
1423.2, 9, 19
1423.3, 9, 19
1423.4, 9, 19
1423.5, 9, 19
1423.6, 9, 19
1423.7, 9, 19
1423.8, 9, 19
1423.9, 9, 19
1424, 9, 19
1424.1, 9, 19
1424.2, 9, 19
1424.3, 9, 19
1424.4, 9, 19
1424.5, 9, 19
1424.6, 9, 19
1424.7, 9, 19
1424.8, 9, 19
1424.9, 9, 19
1425, 9, 19
1425.1, 9, 19
1425.2, 9, 19
1425.3, 9, 19
1425.4, 9, 19
1425.5, 9, 19
1425.6, 9, 19
1425.7, 9, 19
1425.8, 9, 19
1425.9, 10, 19
1426, 10, 19
1426.1, 10, 19
1426.2, 10, 19
1426.3, 10, 19
1426.4, 10, 19
1426.5, 11, 19
1426.6, 11, 19
1426.7, 11, 19
1426.8, 11, 19
1426.9, 11, 19
1427, 11, 19
1427.1, 11, 19
1427.2, 11, 19
1427.3, 11, 19
1427.4, 11, 19
1427.5, 10, 19
1427.6, 10, 19
1427.7, 10, 20
1427.8, 10, 20
1427.9, 10, 20
1428, 10, 20
1428.1, 10, 20
1428.2, 10, 20
1428.3, 10, 20
1428.4, 10, 20
1428.5, 10, 20
1428.6, 10, 20
1428.7, 10, 20
1428.8, 10, 20
1428.9, 10, 19
1429, 10, 19
1429.1, 10, 19
1429.2, 10, 19
1429.3, 10, 19
1429.4, 10, 19
1429.5, 10, 19
1429.6, 10, 19
1429.7, 10, 19
1429.8, 10, 19
1429.9, 10, 19
1430, 10, 19
1430.1, 10, 19
1430.2, 10, 19
1430.3, 10, 19
1430.4, 10, 19
1430.5, 10, 19
1430.6, 10, 19
1430.7, 10, 19
1430.8, 10, 19
1430.9, 10, 19
1431, 10, 19
1431.1, 10, 19
1431.2, 10, 19
1431.3, 10, 20
1431.4, 10, 20
1431.5, 10, 20
1431.6, 10, 20
1431.7, 10, 20
1431.8, 10, 20
1431.9, 10, 20
1432, 10, 20
1432.1, 10, 20
1432.2, 10, 20
1432.3, 10, 20
1432.4, 10, 20
1432.5, 11, 20
1432.6, 11, 20
1432.7, 11, 20
1432.8, 11, 20
1432.9, 11, 20
1433, 11, 20
1433.1, 11, 20
1433.2, 11, 20
1433.3, 10, 20
1433.4, 10, 20
1433.5, 10, 20
1433.6, 10, 20
1433.7, 10, 20
1433.8, 10, 20
1433.9, 10, 20
1434, 10, 20
1434.1, 10, 20
1434.2, 10, 20
1434.3, 10, 19
1434.4, 10, 19
1434.5, 10, 19
1434.6, 10, 19
1434.7, 10, 19
1434.8, 10, 19
1434.9, 10, 19
1435, 10, 19
1435.1, 10, 19
1435.2, 10, 19
1435.3, 10, 19
1435.4, 10, 19
1435.5, 10, 19
1435.6, 10, 19
1435.7, 10, 19
1435.8, 10, 19
1435.9, 10, 19
1436, 10, 19
1436.1, 10, 18
1436.2, 10, 18
1436.3, 10, 18
1436.4, 10, 18
1436.5, 10, 18
1436.6, 10, 18
1436.7, 10, 18
1436.8, 10, 18
1436.9, 10, 18
1437, 10, 18
1437.1, 10, 18
1437.2, 10, 18
1437.3, 10, 18
1437.4, 10, 18
1437.5, 10, 18
1437.6, 10, 18
1437.7, 10, 18
1437.8, 10, 18
1437.9, 10, 18
1438, 10, 18
1438.1, 10, 18
1438.2, 10, 18
1438.3, 9, 18
1438.4, 9, 18
1438.5, 9, 18
1438.6, 9, 18
1438.7, 9, 17
1438.8, 9, 17
1438.9, 9, 17
1439, 9, 17
1439.1, 9, 17
1439.2, 9, 17
1439.3, 9, 17
1439.4, 9, 17
1439.5, 9, 17
1439.6, 9, 17
1439.7, 9, 17
1439.8, 9, 17
1439.9, 9, 17
1440, 9, 17
1440.1, 9, 17
1440.2, 9, 17
1440.3, 10, 17
1440.4, 10, 17
1440.5, 10, 18
1440.6, 10, 18
1440.7, 10, 18
1440.8, 10, 18
1440.9, 10, 18
1441, 10, 18
1441.1, 10, 18
1441.2, 10, 18
1441.3, 10, 18
1441.4, 10, 18
1441.5, 10, 18
1441.6, 10, 18
1441.7, 10, 18
1441.8, 10, 18
1441.9, 10, 18
1442, 10, 18
1442.1, 10, 18
1442.2, 10, 18
1442.3, 10, 18
1442.4, 10, 18
1442.5, 10, 18
1442.6, 10, 18
1442.7, 10, 18
1442.8, 10, 18
1442.9, 10, 18
1443, 10, 18
1443.1, 10, 18
1443.2, 10, 18
1443.3, 11, 18
1443.4, 11, 18
1443.5, 11, 18
1443.6, 11, 18
1443.7, 11, 18
1443.8, 11, 18
1443.9, 11, 18
1444, 11, 18
1444.1, 11, 18
1444.2, 11, 18
1444.3, 11, 17
1444.4, 11, 17
1444.5, 11, 17
1444.6, 11, 17
1444.7, 11, 17
1444.8, 11, 17
1444.9, 11, 17
1445, 11, 17
1445.1, 11, 17
1445.2, 11, 17
1445.3, 11, 17
1445.4, 11, 17
1445.5, 11, 17
1445.6, 11, 17
1445.7, 11, 17
1445.8, 11, 17
1445.9, 11, 17
1446, 11, 17
1446.1, 12, 17
1446.2, 12, 17
1446.3, 12, 17
1446.4, 12, 17
1446.5, 12, 17
1446.6, 12, 17
1446.7, 12, 17
1446.8, 12, 17
1446.9, 12, 17
1447, 12, 17
1447.1, 12, 17
1447.2, 12, 17
1447.3, 12, 17
1447.4, 12, 17
1447.5, 12, 17
1447.6, 12, 17
1447.7, 11, 17
1447.8, 11, 17
1447.9, 11, 17
1448, 11, 17
1448.1, 11, 17
1448.2, 11, 17
1448.3, 11, 17
1448.4, 11, 17
1448.5, 11, 16
1448.6, 11, 16
1448.7, 11, 15
1448.8, 11, 15
1448.9, 11, 15
1449, 11, 15
1449.1, 11, 15
1449.2, 11, 15
1449.3, 11, 15
1449.4, 11, 15
1449.5, 11, 15
1449.6, 11, 15
1449.7, 11, 15
1449.8, 11, 15
1449.9, 11, 15
1450, 11, 15
1450.1, 11, 15
1450.2, 11, 15
1450.3, 11, 15
1450.4, 11, 15
1450.5, 11, 15
1450.6, 11, 15
1450.7, 11, 15
1450.8, 11, 15
1450.9, 11, 15
1451, 11, 15
1451.1, 11, 15
1451.2, 11, 15
1451.3, 11, 15
1451.4, 11, 15
1451.5, 11, 15
1451.6, 11, 15
1451.7, 11, 15
1451.8, 11, 15
1451.9, 11, 15
1452, 11, 15
1452.1, 11, 15
1452.2, 11, 15
1452.3, 11, 15
1452.4, 11, 15
1452.5, 11, 15
1452.6, 11, 15
1452.7, 11, 15
1452.8, 11, 15
1452.9, 11, 15
1453, 11, 15
1453.1, 11, 15
1453.2, 11, 15
1453.3, 11, 15
1453.4, 11, 15
1453.5, 11, 15
1453.6, 11, 15
1453.7, 11, 15
1453.8, 11, 15
1453.9, 11, 15
1454, 11, 15
1454.1, 11, 15
1454.2, 11, 15
1454.3, 11, 15
1454.4, 11, 15
1454.5, 11, 15
1454.6, 11, 15
1454.7, 11, 15
1454.8, 11, 15
1454.9, 11, 15
1455, 11, 15
1455.1, 11, 15
1455.2, 11, 15
1455.3, 11, 15
1455.4, 11, 15
1455.5, 11, 15
1455.6, 11, 15
1455.7, 11, 15
1455.8, 11, 15
1455.9, 11, 15
1456, 11, 15
1456.1, 11, 15
1456.2, 11, 15
1456.3, 11, 15
1456.4, 11, 15
1456.5, 11, 15
1456.6, 11, 15
1456.7, 11, 15
1456.8, 11, 15
1456.9, 11, 14
1457, 11, 14
1457.1, 11, 14
1457.2, 11, 14
1457.3, 11, 14
1457.4, 11, 14
1457.5, 11, 14
1457.6, 11, 14
1457.7, 11, 14
1457.8, 11, 14
1457.9, 11, 14
1458, 11, 14
1458.1, 11, 14
1458.2, 11, 14
1458.3, 12, 14
1458.4, 12, 14
1458.5, 12, 14
1458.6, 12, 14
1458.7, 12, 14
1458.8, 12, 14
1458.9, 12, 14
1459, 12, 14
1459.1, 12, 14
1459.2, 12, 14
1459.3, 12, 14
1459.4, 12, 14
1459.5, 12, 14
1459.6, 12, 14
1459.7, 12, 14
1459.8, 12, 14
1459.9, 12, 14
1460, 12, 14
1460.1, 12, 14
1460.2, 12, 14
1460.3, 12, 14
1460.4, 12, 14
1460.5, 12, 14
1460.6, 12, 14
1460.7, 12, 14
1460.8, 12, 14
1460.9, 12, 14
1461, 12, 14
1461.1, 12, 14
1461.2, 12, 14
1461.3, 12, 15
1461.4, 12, 15
1461.5, 12, 15
1461.6, 12, 15
1461.7, 12, 15
1461.8, 12, 15
1461.9, 12, 15
1462, 12, 15
1462.1, 12, 14
1462.2, 12, 14
1462.3, 12, 14
1462.4, 12, 14
1462.5, 12, 14
1462.6, 12, 14
1462.7, 12, 14
1462.8, 12, 14
1462.9, 12, 14
1463, 12, 14
1463.1, 12, 14
1463.2, 12, 14
1463.3, 12, 14
1463.4, 12, 14
1463.5, 12, 14
1463.6, 12, 14
1463.7, 12, 14
1463.8, 12, 14
1463.9, 12, 14
1464, 12, 14
1464.1, 12, 14
1464.2, 12, 14
1464.3, 12, 14
1464.4, 12, 14
1464.5, 12, 14
1464.6, 12, 14
1464.7, 12, 15
1464.8, 12, 15
1464.9, 12, 15
1465, 12, 15
1465.1, 12, 15
1465.2, 12, 15
1465.3, 12, 15
1465.4, 12, 15
1465.5, 12, 15
1465.6, 12, 15
1465.7, 12, 15
1465.8, 12, 15
1465.9, 12, 15
1466, 12, 15
1466.1, 12, 15
1466.2, 12, 15
1466.3, 12, 15
1466.4, 12, 15
1466.5, 12, 15
1466.6, 12, 15
1466.7, 12, 15
1466.8, 12, 15
1466.9, 12, 15
1467, 12, 15
1467.1, 12, 15
1467.2, 12, 15
1467.3, 12, 15
1467.4, 12, 15
1467.5, 12, 15
1467.6, 12, 15
1467.7, 12, 15
1467.8, 12, 15
1467.9, 12, 14
1468, 12, 14
1468.1, 12, 14
1468.2, 12, 14
1468.3, 12, 14
1468.4, 12, 14
1468.5, 12, 14
1468.6, 12, 14
1468.7, 12, 14
1468.8, 12, 14
1468.9, 12, 14
1469, 12, 14
1469.1, 12, 14
1469.2, 12, 14
1469.3, 12, 14
1469.4, 12, 14
1469.5, 12, 14
1469.6, 12, 14
1469.7, 12, 14
1469.8, 12, 14
1469.9, 12, 14
1470, 12, 14
1470.1, 12, 14
1470.2, 12, 14
1470.3, 12, 14
1470.4, 12, 14
1470.5, 12, 14
1470.6, 12, 14
1470.7, 12, 14
1470.8, 12, 14
1470.9, 12, 14
1471, 12, 14
1471.1, 12, 14
1471.2, 12, 14
1471.3, 12, 14
1471.4, 12, 14
1471.5, 12, 14
1471.6, 12, 14
1471.7, 12, 14
1471.8, 12, 14
1471.9, 12, 14
1472, 12, 14
1472.1, 12, 14
1472.2, 12, 14
1472.3, 12, 14
1472.4, 12, 14
1472.5, 12, 14
1472.6, 12, 14
1472.7, 12, 14
1472.8, 12, 14
1472.9, 13, 14
1473, 13, 14
1473.1, 13, 14
1473.2, 13, 14
1473.3, 13, 14
1473.4, 13, 14
1473.5, 13, 14
1473.6, 13, 14
1473.7, 13, 14
1473.8, 13, 14
1473.9, 13, 14
1474, 13, 14
1474.1, 13, 14
1474.2, 13, 14
1474.3, 13, 14
1474.4, 13, 14
1474.5, 13, 14
1474.6, 13, 14
1474.7, 13, 14
1474.8, 13, 14
1474.9, 13, 14
1475, 13, 14
1475.1, 13, 14
1475.2, 13, 14
1475.3, 13, 14
1475.4, 13, 14
1475.5, 13, 14
1475.6, 13, 14
1475.7, 13, 14
1475.8, 13, 14
1475.9, 13, 14
1476, 13, 14
1476.1, 13, 14
1476.2, 13, 14
1476.3, 13, 14
1476.4, 13, 14
1476.5, 13, 15
1476.6, 13, 15
1476.7, 13, 15
1476.8, 13, 15
1476.9, 13, 15
1477, 13, 15
1477.1, 13, 15
1477.2, 13, 15
1477.3, 13, 15
1477.4, 13, 15
1477.5, 13, 15
1477.6, 13, 15
1477.7, 13, 15
1477.8, 13, 15
1477.9, 13, 15
1478, 13, 15
1478.1, 13, 15
1478.2, 13, 15
1478.3, 13, 16
1478.4, 13, 16
1478.5, 13, 16
1478.6, 13, 16
1478.7, 13, 16
1478.8, 13, 16
1478.9, 13, 16
1479, 13, 16
1479.1, 13, 16
1479.2, 13, 16
1479.3, 13, 16
1479.4, 13, 16
1479.5, 13, 16
1479.6, 13, 16
1479.7, 13, 16
1479.8, 13, 16
1479.9, 13, 16
1480, 13, 16
1480.1, 13, 16
1480.2, 13, 16
1480.3, 13, 16
1480.4, 13, 16
1480.5, 13, 16
1480.6, 13, 16
1480.7, 13, 16
1480.8, 13, 16
1480.9, 13, 15
1481, 13, 15
1481.1, 14, 15
1481.2, 14, 15
1481.3, 15, 15
1481.4, 15, 15
1481.5, 15, 15
1481.6, 15, 15
1481.7, 15, 15
1481.8, 15, 15
1481.9, 15, 15
1482, 15, 15
1482.1, 15, 15
1482.2, 15, 15
1482.3, 15, 15
1482.4, 15, 15
1482.5, 15, 15
1482.6, 15, 15
1482.7, 15, 15
1482.8, 15, 15
1482.9, 15, 15
1483, 15, 15
1483.1, 15, 15
1483.2, 15, 15
1483.3, 15, 15
1483.4, 15, 15
1483.5, 15, 15
1483.6, 15, 15
1483.7, 15, 15
1483.8, 15, 15
1483.9, 15, 15
1484, 15, 15
1484.1, 15, 15
1484.2, 15, 15
1484.3, 15, 15
1484.4, 15, 15
1484.5, 15, 15
1484.6, 15, 15
1484.7, 15, 15
1484.8, 15, 15
1484.9, 15, 15
1485, 15, 15
1485.1, 15, 15
1485.2, 15, 15
1485.3, 15, 14
1485.4, 15, 14
1485.5, 15, 14
1485.6, 15, 14
1485.7, 15, 14
1485.8, 15, 14
1485.9, 15, 14
1486, 15, 14
1486.1, 15, 14
1486.2, 15, 14
1486.3, 15, 14
1486.4, 15, 14
1486.5, 15, 14
1486.6, 15, 14
1486.7, 15, 14
1486.8, 15, 14
1486.9, 15, 14
1487, 15, 14
1487.1, 15, 14
1487.2, 15, 14
1487.3, 15, 14
1487.4, 15, 14
1487.5, 15, 14
1487.6, 15, 14
1487.7, 15, 14
1487.8, 15, 14
1487.9, 15, 14
1488, 15, 14
1488.1, 15, 14
1488.2, 15, 14
1488.3, 15, 14
1488.4, 15, 14
1488.5, 15, 13
1488.6, 15, 13
1488.7, 15, 12
1488.8, 15, 12
1488.9, 15, 12
1489, 15, 12
1489.1, 15, 12
1489.2, 15, 12
1489.3, 15, 12
1489.4, 15, 12
1489.5, 15, 12
1489.6, 15, 12
1489.7, 15, 12
1489.8, 15, 12
1489.9, 15, 12
1490, 15, 12
1490.1, 15, 12
1490.2, 15, 12
1490.3, 15, 12
1490.4, 15, 12
1490.5, 15, 12
1490.6, 15, 12
1490.7, 15, 12
1490.8, 15, 12
1490.9, 15, 12
1491, 15, 12
1491.1, 16, 12
1491.2, 16, 12
1491.3, 16, 12
1491.4, 16, 12
1491.5, 16, 12
1491.6, 16, 12
1491.7, 16, 12
1491.8, 16, 12
1491.9, 16, 12
1492, 16, 12
1492.1, 16, 12
1492.2, 16, 12
1492.3, 16, 12
1492.4, 16, 12
1492.5, 16, 12
1492.6, 16, 12
1492.7, 16, 12
1492.8, 16, 12
1492.9, 16, 12
1493, 16, 12
1493.1, 16, 12
1493.2, 16, 12
1493.3, 16, 12
1493.4, 16, 12
1493.5, 16, 12
1493.6, 16, 12
1493.7, 16, 12
1493.8, 16, 12
1493.9, 16, 12
1494, 16, 12
1494.1, 16, 12
1494.2, 16, 12
1494.3, 16, 12
1494.4, 16, 12
1494.5, 16, 12
1494.6, 16, 12
1494.7, 16, 12
1494.8, 16, 12
1494.9, 16, 12
1495, 16, 12
1495.1, 16, 12
1495.2, 16, 12
1495.3, 16, 12
1495.4, 16, 12
1495.5, 16, 12
1495.6, 16, 12
1495.7, 16, 12
1495.8, 16, 12
1495.9, 16, 12
1496, 16, 12
1496.1, 16, 12
1496.2, 16, 12
1496.3, 15, 12
1496.4, 15, 12
1496.5, 15, 12
1496.6, 15, 12
1496.7, 15, 12
1496.8, 15, 12
1496.9, 15, 12
1497, 15, 12
1497.1, 15, 12
1497.2, 15, 12
1497.3, 15, 12
1497.4, 15, 12
1497.5, 15, 12
1497.6, 15, 12
1497.7, 15, 12
1497.8, 15, 12
1497.9, 15, 12
1498, 15, 12
1498.1, 15, 12
1498.2, 15, 12
1498.3, 15, 12
1498.4, 15, 12
1498.5, 15, 12
1498.6, 15, 12
1498.7, 15, 13
1498.8, 15, 13
1498.9, 15, 13
1499, 15, 13
1499.1, 15, 13
1499.2, 15, 13
1499.3, 15, 13
1499.4, 15, 13
1499.5, 15, 13
1499.6, 15, 13
1499.7, 16, 13
1499.8, 16, 13
1499.9, 16, 13
1500, 16, 13
1500.1, 16, 13
1500.2, 16, 13
1500.3, 16, 13
1500.4, 16, 13
1500.5, 16, 13
1500.6, 16, 13
1500.7, 16, 13
1500.8, 16, 13
1500.9, 16, 13
1501, 16, 13
1501.1, 16, 13
1501.2, 16, 13
1501.3, 16, 13
1501.4, 16, 13
1501.5, 16, 13
1501.6, 16, 13
1501.7, 16, 13
1501.8, 16, 13
1501.9, 17, 13
1502, 17, 13
1502.1, 17, 13
1502.2, 17, 13
1502.3, 17, 13
1502.4, 17, 13
1502.5, 17, 13
1502.6, 17, 13
1502.7, 17, 13
1502.8, 17, 13
1502.9, 17, 13
1503, 17, 13
1503.1, 17, 13
1503.2, 17, 13
1503.3, 17, 13
1503.4, 17, 13
1503.5, 17, 13
1503.6, 17, 13
1503.7, 17, 13
1503.8, 17, 13
1503.9, 17, 13
1504, 17, 13
1504.1, 17, 14
1504.2, 17, 14
1504.3, 17, 15
1504.4, 17, 15
1504.5, 17, 15
1504.6, 17, 15
1504.7, 16, 15
1504.8, 16, 15
1504.9, 16, 15
1505, 16, 15
1505.1, 16, 15
1505.2, 16, 15
1505.3, 16, 15
1505.4, 16, 15
1505.5, 16, 15
1505.6, 16, 15
1505.7, 16, 14
1505.8, 16, 14
1505.9, 16, 14
1506, 16, 14
1506.1, 16, 14
1506.2, 16, 14
1506.3, 16, 14
1506.4, 16, 14
1506.5, 16, 14
1506.6, 16, 14
1506.7, 16, 14
1506.8, 16, 14
1506.9, 16, 14
1507, 16, 14
1507.1, 16, 14
1507.2, 16, 14
1507.3, 16, 14
1507.4, 16, 14
1507.5, 16, 14
1507.6, 16, 14
1507.7, 16, 14
1507.8, 16, 14
1507.9, 16, 14
1508, 16, 14
1508.1, 16, 14
1508.2, 16, 14
1508.3, 16, 14
1508.4, 16, 14
1508.5, 16, 14
1508.6, 16, 14
1508.7, 16, 14
1508.8, 16, 14
1508.9, 16, 14
1509, 16, 14
1509.1, 16, 14
1509.2, 16, 14
1509.3, 16, 14
1509.4, 16, 14
1509.5, 16, 14
1509.6, 16, 14
1509.7, 16, 14
1509.8, 16, 14
1509.9, 17, 14
1510, 17, 14
1510.1, 17, 14
1510.2, 17, 14
1510.3, 17, 14
1510.4, 17, 14
1510.5, 17, 14
1510.6, 17, 14
1510.7, 17, 14
1510.8, 17, 14
1510.9, 17, 14
1511, 17, 14
1511.1, 17, 14
1511.2, 17, 14
1511.3, 17, 14
1511.4, 17, 14
1511.5, 17, 14
1511.6, 17, 14
1511.7, 17, 14
1511.8, 17, 14
1511.9, 17, 14
1512, 17, 14
1512.1, 17, 14
1512.2, 17, 14
1512.3, 17, 14
1512.4, 17, 14
1512.5, 17, 14
1512.6, 17, 14
1512.7, 17, 14
1512.8, 17, 14
1512.9, 17, 14
1513, 17, 14
1513.1, 17, 14
1513.2, 17, 14
1513.3, 17, 14
1513.4, 17, 14
1513.5, 17, 14
1513.6, 17, 14
1513.7, 17, 14
1513.8, 17, 14
1513.9, 17, 14
1514, 17, 14
1514.1, 17, 14
1514.2, 17, 14
1514.3, 17, 14
1514.4, 17, 14
1514.5, 17, 14
1514.6, 17, 14
1514.7, 17, 15
1514.8, 17, 15
1514.9, 17, 15
1515, 17, 15
1515.1, 17, 15
1515.2, 17, 15
1515.3, 17, 15
1515.4, 17, 15
1515.5, 17, 15
1515.6, 17, 15
1515.7, 17, 15
1515.8, 17, 15
1515.9, 17, 15
1516, 17, 15
1516.1, 17, 15
1516.2, 17, 15
1516.3, 17, 15
1516.4, 17, 15
1516.5, 17, 15
1516.6, 17, 15
1516.7, 17, 15
1516.8, 17, 15
1516.9, 17, 15
1517, 17, 15
1517.1, 17, 15
1517.2, 17, 15
1517.3, 17, 15
1517.4, 17, 15
1517.5, 17, 15
1517.6, 17, 15
1517.7, 17, 15
1517.8, 17, 15
1517.9, 17, 15
1518, 17, 15
1518.1, 17, 15
1518.2, 17, 15
1518.3, 17, 15
1518.4, 17, 15
1518.5, 17, 15
1518.6, 17, 15
1518.7, 17, 15
1518.8, 17, 15
1518.9, 17, 15
1519, 17, 15
1519.1, 17, 15
1519.2, 17, 15
1519.3, 17, 15
1519.4, 17, 15
1519.5, 17, 15
1519.6, 17, 15
1519.7, 17, 15
1519.8, 17, 15
1519.9, 17, 15
1520, 17, 15
1520.1, 17, 15
1520.2, 17, 15
1520.3, 17, 15
1520.4, 17, 15
1520.5, 17, 15
1520.6, 17, 15
1520.7, 17, 15
1520.8, 17, 15
1520.9, 17, 15
1521, 17, 15
1521.1, 17, 15
1521.2, 17, 15
1521.3, 17, 15
1521.4, 17, 15
1521.5, 17, 15
1521.6, 17, 15
1521.7, 17, 15
1521.8, 17, 15
1521.9, 17, 15
1522, 17, 15
1522.1, 17, 15
1522.2, 17, 15
1522.3, 17, 15
1522.4, 17, 15
1522.5, 16, 15
1522.6, 16, 15
1522.7, 16, 16
1522.8, 16, 16
1522.9, 16, 16
1523, 16, 16
1523.1, 16, 16
1523.2, 16, 16
1523.3, 16, 16
1523.4, 16, 16
1523.5, 16, 16
1523.6, 16, 16
1523.7, 16, 16
1523.8, 16, 16
1523.9, 15, 16
1524, 15, 16
1524.1, 15, 16
1524.2, 15, 16
1524.3, 15, 16
1524.4, 15, 16
1524.5, 15, 16
1524.6, 15, 16
1524.7, 15, 16
1524.8, 15, 16
1524.9, 15, 16
1525, 15, 16
1525.1, 15, 16
1525.2, 15, 16
1525.3, 15, 16
1525.4, 15, 16
1525.5, 15, 16
1525.6, 15, 16
1525.7, 15, 16
1525.8, 15, 16
1525.9, 15, 16
1526, 15, 16
1526.1, 15, 16
1526.2, 15, 16
1526.3, 15, 16
1526.4, 15, 16
1526.5, 15, 16
1526.6, 15, 16
1526.7, 15, 16
1526.8, 15, 16
1526.9, 15, 16
1527, 15, 16
1527.1, 15, 16
1527.2, 15, 16
1527.3, 15, 16
1527.4, 15, 16
1527.5, 16, 16
1527.6, 16, 16
1527.7, 17, 16
1527.8, 17, 16
1527.9, 16, 16
1528, 16, 16
1528.1, 16, 16
1528.2, 16, 16
1528.3, 16, 16
1528.4, 16, 16
1528.5, 16, 16
1528.6, 16, 16
1528.7, 16, 16
1528.8, 16, 16
1528.9, 16, 16
1529, 16, 16
1529.1, 16, 16
1529.2, 16, 16
1529.3, 16, 16
1529.4, 16, 16
1529.5, 16, 16
1529.6, 16, 16
1529.7, 16, 16
1529.8, 16, 16
1529.9, 16, 16
1530, 16, 16
1530.1, 16, 16
1530.2, 16, 16
1530.3, 16, 15
1530.4, 16, 15
1530.5, 16, 15
1530.6, 16, 15
1530.7, 16, 15
1530.8, 16, 15
1530.9, 16, 15
1531, 16, 15
1531.1, 16, 15
1531.2, 16, 15
1531.3, 16, 14
1531.4, 16, 14
1531.5, 16, 14
1531.6, 16, 14
1531.7, 16, 14
1531.8, 16, 14
1531.9, 16, 14
1532, 16, 14
1532.1, 16, 14
1532.2, 16, 14
1532.3, 16, 14
1532.4, 16, 14
1532.5, 16, 14
1532.6, 16, 14
1532.7, 16, 14
1532.8, 16, 14
1532.9, 16, 14
1533, 16, 14
1533.1, 16, 14
1533.2, 16, 14
1533.3, 16, 14
1533.4, 16, 14
1533.5, 16, 14
1533.6, 16, 14
1533.7, 16, 14
1533.8, 16, 14
1533.9, 16, 14
1534, 16, 14
1534.1, 16, 14
1534.2, 16, 14
1534.3, 16, 14
1534.4, 16, 14
1534.5, 16, 14
1534.6, 16, 14
1534.7, 16, 14
1534.8, 16, 14
1534.9, 16, 14
1535, 16, 14
1535.1, 16, 14
1535.2, 16, 14
1535.3, 16, 14
1535.4, 16, 14
1535.5, 16, 14
1535.6, 16, 14
1535.7, 16, 14
1535.8, 16, 14
1535.9, 16, 14
1536, 16, 14
1536.1, 16, 14
1536.2, 16, 14
1536.3, 16, 14
1536.4, 16, 14
1536.5, 16, 14
1536.6, 16, 14
1536.7, 16, 14
1536.8, 16, 14
1536.9, 16, 14
1537, 16, 14
1537.1, 16, 14
1537.2, 16, 14
1537.3, 16, 15
1537.4, 16, 15
1537.5, 16, 15
1537.6, 16, 15
1537.7, 16, 15
1537.8, 16, 15
1537.9, 16, 15
1538, 16, 15
1538.1, 16, 15
1538.2, 16, 15
1538.3, 16, 15
1538.4, 16, 15
1538.5, 16, 15
1538.6, 16, 15
1538.7, 16, 15
1538.8, 16, 15
1538.9, 16, 15
1539, 16, 15
1539.1, 16, 15
1539.2, 16, 15
1539.3, 16, 15
1539.4, 16, 15
1539.5, 16, 15
1539.6, 16, 15
1539.7, 16, 15
1539.8, 16, 15
1539.9, 16, 15
1540, 16, 15
1540.1, 16, 15
1540.2, 16, 15
1540.3, 16, 15
1540.4, 16, 15
1540.5, 17, 15
1540.6, 17, 15
1540.7, 17, 15
1540.8, 17, 15
1540.9, 16, 15
1541, 16, 15
1541.1, 16, 15
1541.2, 16, 15
1541.3, 16, 15
1541.4, 16, 15
1541.5, 16, 15
1541.6, 16, 15
1541.7, 16, 15
1541.8, 16, 15
1541.9, 16, 15
1542, 16, 15
1542.1, 16, 15
1542.2, 16, 15
1542.3, 16, 15
1542.4, 16, 15
1542.5, 16, 15
1542.6, 16, 15
1542.7, 16, 15
1542.8, 16, 15
1542.9, 16, 15
1543, 16, 15
1543.1, 16, 15
1543.2, 16, 15
1543.3, 16, 15
1543.4, 16, 15
1543.5, 16, 15
1543.6, 16, 15
1543.7, 16, 15
1543.8, 16, 15
1543.9, 16, 15
1544, 16, 15
1544.1, 16, 15
1544.2, 16, 15
1544.3, 16, 15
1544.4, 16, 15
1544.5, 16, 15
1544.6, 16, 15
1544.7, 16, 16
1544.8, 16, 16
1544.9, 16, 16
1545, 16, 16
1545.1, 16, 16
1545.2, 16, 16
1545.3, 16, 16
1545.4, 16, 16
1545.5, 16, 16
1545.6, 16, 16
1545.7, 16, 16
1545.8, 16, 16
1545.9, 16, 16
1546, 16, 16
1546.1, 16, 16
1546.2, 16, 16
1546.3, 16, 16
1546.4, 16, 16
1546.5, 15, 16
1546.6, 15, 16
1546.7, 15, 16
1546.8, 15, 16
1546.9, 15, 16
1547, 15, 16
1547.1, 15, 16
1547.2, 15, 16
1547.3, 15, 16
1547.4, 15, 16
1547.5, 15, 16
1547.6, 15, 16
1547.7, 16, 16
1547.8, 16, 16
1547.9, 16, 16
1548, 16, 16
1548.1, 16, 16
1548.2, 16, 16
1548.3, 16, 16
1548.4, 16, 16
1548.5, 16, 16
1548.6, 16, 16
1548.7, 16, 16
1548.8, 16, 16
1548.9, 16, 16
1549, 16, 16
1549.1, 16, 16
1549.2, 16, 16
1549.3, 17, 16
1549.4, 17, 16
1549.5, 17, 16
1549.6, 17, 16
1549.7, 17, 16
1549.8, 17, 16
1549.9, 17, 16
1550, 17, 16
1550.1, 17, 16
1550.2, 17, 16
1550.3, 17, 16
1550.4, 17, 16
1550.5, 18, 16
1550.6, 18, 16
1550.7, 19, 16
1550.8, 19, 16
1550.9, 19, 16
1551, 19, 16
1551.1, 19, 16
1551.2, 19, 16
1551.3, 19, 16
1551.4, 19, 16
1551.5, 19, 16
1551.6, 19, 16
1551.7, 19, 16
1551.8, 19, 16
1551.9, 19, 15
1552, 19, 15
1552.1, 19, 15
1552.2, 19, 15
1552.3, 19, 15
1552.4, 19, 15
1552.5, 19, 15
1552.6, 19, 15
1552.7, 19, 15
1552.8, 19, 15
1552.9, 19, 15
1553, 19, 15
1553.1, 19, 15
1553.2, 19, 15
1553.3, 19, 15
1553.4, 19, 15
1553.5, 19, 15
1553.6, 19, 15
1553.7, 19, 15
1553.8, 19, 15
1553.9, 19, 15
1554, 19, 15
1554.1, 19, 15
1554.2, 19, 15
1554.3, 19, 15
1554.4, 19, 15
1554.5, 19, 15
1554.6, 19, 15
1554.7, 19, 15
1554.8, 19, 15
1554.9, 19, 15
1555, 19, 15
1555.1, 19, 16
1555.2, 19, 16
1555.3, 19, 16
1555.4, 19, 16
1555.5, 19, 16
1555.6, 19, 16
1555.7, 19, 16
1555.8, 19, 16
1555.9, 19, 16
1556, 19, 16
1556.1, 19, 16
1556.2, 19, 16
1556.3, 19, 16
1556.4, 19, 16
1556.5, 19, 16
1556.6, 19, 16
1556.7, 19, 16
1556.8, 19, 16
1556.9, 19, 15
1557, 19, 15
1557.1, 19, 15
1557.2, 19, 15
1557.3, 19, 15
1557.4, 19, 15
1557.5, 19, 15
1557.6, 19, 15
1557.7, 19, 15
1557.8, 19, 15
1557.9, 19, 15
1558, 19, 15
1558.1, 19, 15
1558.2, 19, 15
1558.3, 19, 15
1558.4, 19, 15
1558.5, 19, 15
1558.6, 19, 15
1558.7, 19, 15
1558.8, 19, 15
1558.9, 19, 16
1559, 19, 16
1559.1, 19, 16
1559.2, 19, 16
1559.3, 19, 16
1559.4, 19, 16
1559.5, 19, 16
1559.6, 19, 16
1559.7, 19, 16
1559.8, 19, 16
1559.9, 19, 16
1560, 19, 16
1560.1, 19, 16
1560.2, 19, 16
1560.3, 19, 16
1560.4, 19, 16
1560.5, 19, 16
1560.6, 19, 16
1560.7, 19, 16
1560.8, 19, 16
1560.9, 19, 16
1561, 19, 16
1561.1, 19, 16
1561.2, 19, 16
1561.3, 19, 17
1561.4, 19, 17
1561.5, 19, 18
1561.6, 19, 18
1561.7, 19, 18
1561.8, 19, 18
1561.9, 19, 18
1562, 19, 18
1562.1, 19, 18
1562.2, 19, 18
1562.3, 19, 18
1562.4, 19, 18
1562.5, 19, 18
1562.6, 19, 18
1562.7, 18, 18
1562.8, 18, 18
1562.9, 18, 18
1563, 18, 18
1563.1, 18, 18
1563.2, 18, 18
1563.3, 18, 18
1563.4, 18, 18
1563.5, 18, 18
1563.6, 18, 18
1563.7, 18, 18
1563.8, 18, 18
1563.9, 18, 18
1564, 18, 18
1564.1, 18, 18
1564.2, 18, 18
1564.3, 18, 18
1564.4, 18, 18
1564.5, 18, 18
1564.6, 18, 18
1564.7, 18, 18
1564.8, 18, 18
1564.9, 18, 18
1565, 18, 18
1565.1, 18, 18
1565.2, 18, 18
1565.3, 18, 18
1565.4, 18, 18
1565.5, 18, 18
1565.6, 18, 18
1565.7, 17, 18
1565.8, 17, 18
1565.9, 17, 18
1566, 17, 18
1566.1, 17, 17
1566.2, 17, 17
1566.3, 17, 17
1566.4, 17, 17
1566.5, 17, 17
1566.6, 17, 17
1566.7, 17, 17
1566.8, 17, 17
1566.9, 17, 17
1567, 17, 17
1567.1, 17, 17
1567.2, 17, 17
1567.3, 17, 17
1567.4, 17, 17
1567.5, 17, 17
1567.6, 17, 17
1567.7, 17, 17
1567.8, 17, 17
1567.9, 17, 17
1568, 17, 17
1568.1, 17, 17
1568.2, 17, 17
1568.3, 17, 17
1568.4, 17, 17
1568.5, 17, 17
1568.6, 17, 17
1568.7, 17, 17
1568.8, 17, 17
1568.9, 17, 17
1569, 17, 17
1569.1, 17, 17
1569.2, 17, 17
1569.3, 17, 17
1569.4, 17, 17
1569.5, 17, 17
1569.6, 17, 17
1569.7, 17, 17
1569.8, 17, 17
1569.9, 18, 17
1570, 18, 17
1570.1, 18, 18
1570.2, 18, 18
1570.3, 18, 18
1570.4, 18, 18
1570.5, 18, 18
1570.6, 18, 18
1570.7, 18, 18
1570.8, 18, 18
1570.9, 18, 18
1571, 18, 18
1571.1, 18, 18
1571.2, 18, 18
1571.3, 18, 18
1571.4, 18, 18
1571.5, 18, 18
1571.6, 18, 18
1571.7, 18, 18
1571.8, 18, 18
1571.9, 18, 18
1572, 18, 18
1572.1, 18, 18
1572.2, 18, 18
1572.3, 18, 18
1572.4, 18, 18
1572.5, 18, 18
1572.6, 18, 18
1572.7, 18, 18
1572.8, 18, 18
1572.9, 18, 18
1573, 18, 18
1573.1, 17, 18
1573.2, 17, 18
1573.3, 17, 18
1573.4, 17, 18
1573.5, 17, 18
1573.6, 17, 18
1573.7, 17, 18
1573.8, 17, 18
1573.9, 17, 18
1574, 17, 18
1574.1, 17, 18
1574.2, 17, 18
1574.3, 16, 18
1574.4, 16, 18
1574.5, 16, 18
1574.6, 16, 18
1574.7, 16, 18
1574.8, 16, 18
1574.9, 16, 18
1575, 16, 18
1575.1, 16, 18
1575.2, 16, 18
1575.3, 16, 18
1575.4, 16, 18
1575.5, 17, 18
1575.6, 17, 18
1575.7, 17, 18
1575.8, 17, 18
1575.9, 17, 18
1576, 17, 18
1576.1, 17, 18
1576.2, 17, 18
1576.3, 17, 18
1576.4, 17, 18
1576.5, 17, 18
1576.6, 17, 18
1576.7, 17, 18
1576.8, 17, 18
1576.9, 17, 18
1577, 17, 18
1577.1, 17, 18
1577.2, 17, 18
1577.3, 17, 18
1577.4, 17, 18
1577.5, 16, 18
1577.6, 16, 18
1577.7, 16, 18
1577.8, 16, 18
1577.9, 16, 18
1578, 16, 18
1578.1, 16, 18
1578.2, 16, 18
1578.3, 16, 18
1578.4, 16, 18
1578.5, 16, 18
1578.6, 16, 18
1578.7, 16, 18
1578.8, 16, 18
1578.9, 16, 18
1579, 16, 18
1579.1, 16, 18
1579.2, 16, 18
1579.3, 16, 18
1579.4, 16, 18
1579.5, 16, 18
1579.6, 16, 18
1579.7, 16, 18
1579.8, 16, 18
1579.9, 17, 18
1580, 17, 18
1580.1, 17, 18
1580.2, 17, 18
1580.3, 18, 18
1580.4, 18, 18
1580.5, 18, 18
1580.6, 18, 18
1580.7, 18, 18
1580.8, 18, 18
1580.9, 18, 18
1581, 18, 18
1581.1, 18, 18
1581.2, 18, 18
1581.3, 18, 18
1581.4, 18, 18
1581.5, 18, 18
1581.6, 18, 18
1581.7, 18, 18
1581.8, 18, 18
1581.9, 18, 18
1582, 18, 18
1582.1, 18, 18
1582.2, 18, 18
1582.3, 18, 18
1582.4, 18, 18
1582.5, 18, 18
1582.6, 18, 18
1582.7, 18, 18
1582.8, 18, 18
1582.9, 18, 18
1583, 18, 18
1583.1, 18, 18
1583.2, 18, 18
1583.3, 18, 18
1583.4, 18, 18
1583.5, 18, 18
1583.6, 18, 18
1583.7, 18, 18
1583.8, 18, 18
1583.9, 18, 18
1584, 18, 18
1584.1, 18, 18
1584.2, 18, 18
1584.3, 18, 19
1584.4, 18, 19
1584.5, 18, 19
1584.6, 18, 19
1584.7, 18, 19
1584.8, 18, 19
1584.9, 18, 19
1585, 18, 19
1585.1, 18, 19
1585.2, 18, 19
1585.3, 18, 20
1585.4, 18, 20
1585.5, 18, 20
1585.6, 18, 20
1585.7, 18, 20
1585.8, 18, 20
1585.9, 18, 20
1586, 18, 20
1586.1, 18, 20
1586.2, 18, 20
1586.3, 18, 20
1586.4, 18, 20
1586.5, 18, 20
1586.6, 18, 20
1586.7, 18, 20
1586.8, 18, 20
1586.9, 18, 20
1587, 18, 20
1587.1, 18, 20
1587.2, 18, 20
1587.3, 18, 20
1587.4, 18, 20
1587.5, 18, 20
1587.6, 18, 20
1587.7, 18, 20
1587.8, 18, 20
1587.9, 18, 20
1588, 18, 20
1588.1, 18, 20
1588.2, 18, 20
1588.3, 18, 21
1588.4, 18, 21
1588.5, 18, 21
1588.6, 18, 21
1588.7, 17, 21
1588.8, 17, 21
1588.9, 17, 21
1589, 17, 21
1589.1, 17, 21
1589.2, 17, 21
1589.3, 17, 21
1589.4, 17, 21
1589.5, 17, 21
1589.6, 17, 21
1589.7, 17, 21
1589.8, 17, 21
1589.9, 17, 21
1590, 17, 21
1590.1, 17, 21
1590.2, 17, 21
1590.3, 17, 21
1590.4, 17, 21
1590.5, 17, 21
1590.6, 17, 21
1590.7, 17, 21
1590.8, 17, 21
1590.9, 17, 21
1591, 17, 21
1591.1, 17, 21
1591.2, 17, 21
1591.3, 17, 21
1591.4, 17, 21
1591.5, 17, 21
1591.6, 17, 21
1591.7, 17, 21
1591.8, 17, 21
1591.9, 17, 21
1592, 17, 21
1592.1, 17, 21
1592.2, 17, 21
1592.3, 17, 21
1592.4, 17, 21
1592.5, 17, 21
1592.6, 17, 21
1592.7, 17, 21
1592.8, 17, 21
1592.9, 17, 21
1593, 17, 21
1593.1, 17, 21
1593.2, 17, 21
1593.3, 17, 21
1593.4, 17, 21
1593.5, 17, 21
1593.6, 17, 21
1593.7, 17, 21
1593.8, 17, 21
1593.9, 16, 21
1594, 16, 21
1594.1, 17, 21
1594.2, 17, 21
1594.3, 17, 21
1594.4, 17, 21
1594.5, 17, 21
1594.6, 17, 21
1594.7, 17, 21
1594.8, 17, 21
1594.9, 17, 21
1595, 17, 21
1595.1, 16, 21
1595.2, 16, 21
1595.3, 16, 21
1595.4, 16, 21
1595.5, 16, 21
1595.6, 16, 21
1595.7, 16, 21
1595.8, 16, 21
1595.9, 16, 21
1596, 16, 21
1596.1, 16, 21
1596.2, 16, 21
1596.3, 16, 21
1596.4, 16, 21
1596.5, 16, 21
1596.6, 16, 21
1596.7, 16, 21
1596.8, 16, 21
1596.9, 16, 21
1597, 16, 21
1597.1, 16, 21
1597.2, 16, 21
1597.3, 16, 21
1597.4, 16, 21
1597.5, 16, 21
1597.6, 16, 21
1597.7, 16, 21
1597.8, 16, 21
1597.9, 16, 21
1598, 16, 21
1598.1, 16, 21
1598.2, 16, 21
1598.3, 17, 21
1598.4, 17, 21
1598.5, 17, 21
1598.6, 17, 21
1598.7, 17, 21
1598.8, 17, 21
1598.9, 17, 21
1599, 17, 21
1599.1, 17, 21
1599.2, 17, 21
1599.3, 17, 21
1599.4, 17, 21
1599.5, 17, 21
1599.6, 17, 21
1599.7, 17, 21
1599.8, 17, 21
1599.9, 17, 21
1600, 17, 21
1600.1, 17, 21
1600.2, 17, 21
1600.3, 17, 21
1600.4, 17, 21
1600.5, 17, 21
1600.6, 17, 21
1600.7, 17, 21
1600.8, 17, 21
1600.9, 17, 21
1601, 17, 21
1601.1, 18, 21
1601.2, 18, 21
1601.3, 18, 21
1601.4, 18, 21
1601.5, 18, 21
1601.6, 18, 21
1601.7, 18, 21
1601.8, 18, 21
1601.9, 18, 21
1602, 18, 21
1602.1, 18, 21
1602.2, 18, 21
1602.3, 18, 21
1602.4, 18, 21
1602.5, 18, 21
1602.6, 18, 21
1602.7, 18, 21
1602.8, 18, 21
1602.9, 18, 21
1603, 18, 21
1603.1, 18, 21
1603.2, 18, 21
1603.3, 18, 21
1603.4, 18, 21
1603.5, 18, 21
1603.6, 18, 21
1603.7, 18, 21
1603.8, 18, 21
1603.9, 18, 21
1604, 18, 21
1604.1, 18, 21
1604.2, 18, 21
1604.3, 18, 22
1604.4, 18, 22
1604.5, 18, 22
1604.6, 18, 22
1604.7, 18, 22
1604.8, 18, 22
1604.9, 18, 22
1605, 18, 22
1605.1, 18, 22
1605.2, 18, 22
1605.3, 18, 22
1605.4, 18, 22
1605.5, 18, 22
1605.6, 18, 22
1605.7, 18, 22
1605.8, 18, 22
1605.9, 18, 22
1606, 18, 22
1606.1, 18, 22
1606.2, 18, 22
1606.3, 18, 22
1606.4, 18, 22
1606.5, 18, 22
1606.6, 18, 22
1606.7, 18, 22
1606.8, 18, 22
1606.9, 18, 22
1607, 18, 22
1607.1, 18, 22
1607.2, 18, 22
1607.3, 18, 22
1607.4, 18, 22
1607.5, 18, 22
1607.6, 18, 22
1607.7, 18, 21
1607.8, 18, 21
1607.9, 18, 21
1608, 18, 21
1608.1, 17, 21
1608.2, 17, 21
1608.3, 17, 21
1608.4, 17, 21
1608.5, 17, 21
1608.6, 17, 21
1608.7, 17, 21
1608.8, 17, 21
1608.9, 17, 21
1609, 17, 21
1609.1, 17, 21
1609.2, 17, 21
1609.3, 17, 21
1609.4, 17, 21
1609.5, 17, 21
1609.6, 17, 21
1609.7, 17, 21
1609.8, 17, 21
1609.9, 17, 21
1610, 17, 21
1610.1, 17, 21
1610.2, 17, 21
1610.3, 17, 20
1610.4, 17, 20
1610.5, 17, 20
1610.6, 17, 20
1610.7, 17, 20
1610.8, 17, 20
1610.9, 17, 20
1611, 17, 20
1611.1, 17, 20
1611.2, 17, 20
1611.3, 17, 20
1611.4, 17, 20
1611.5, 18, 20
1611.6, 18, 20
1611.7, 18, 20
1611.8, 18, 20
1611.9, 18, 19
1612, 18, 19
1612.1, 18, 19
1612.2, 18, 19
1612.3, 18, 19
1612.4, 18, 19
1612.5, 18, 19
1612.6, 18, 19
1612.7, 18, 19
1612.8, 18, 19
1612.9, 18, 19
1613, 18, 19
1613.1, 18, 18
1613.2, 18, 18
1613.3, 18, 18
1613.4, 18, 18
1613.5, 19, 18
1613.6, 19, 18
1613.7, 19, 18
1613.8, 19, 18
1613.9, 19, 18
1614, 19, 18
1614.1, 19, 18
1614.2, 19, 18
1614.3, 19, 18
1614.4, 19, 18
1614.5, 19, 18
1614.6, 19, 18
1614.7, 19, 18
1614.8, 19, 18
1614.9, 19, 18
1615, 19, 18
1615.1, 19, 18
1615.2, 19, 18
1615.3, 19, 18
1615.4, 19, 18
1615.5, 19, 18
1615.6, 19, 18
1615.7, 19, 17
1615.8, 19, 17
1615.9, 19, 17
1616, 19, 17
1616.1, 19, 17
1616.2, 19, 17
1616.3, 19, 17
1616.4, 19, 17
1616.5, 19, 17
1616.6, 19, 17
1616.7, 19, 17
1616.8, 19, 17
1616.9, 19, 17
1617, 19, 17
1617.1, 19, 18
1617.2, 19, 18
1617.3, 19, 18
1617.4, 19, 18
1617.5, 19, 18
1617.6, 19, 18
1617.7, 20, 18
1617.8, 20, 18
1617.9, 21, 18
1618, 21, 18
1618.1, 21, 18
1618.2, 21, 18
1618.3, 21, 18
1618.4, 21, 18
1618.5, 20, 18
1618.6, 20, 18
1618.7, 20, 18
1618.8, 20, 18
1618.9, 20, 18
1619, 20, 18
1619.1, 20, 18
1619.2, 20, 18
1619.3, 20, 18
1619.4, 20, 18
1619.5, 20, 18
1619.6, 20, 18
1619.7, 20, 18
1619.8, 20, 18
1619.9, 20, 18
1620, 20, 18
1620.1, 20, 18
1620.2, 20, 18
1620.3, 20, 18
1620.4, 20, 18
1620.5, 20, 18
1620.6, 20, 18
1620.7, 20, 18
1620.8, 20, 18
1620.9, 20, 19
1621, 20, 19
1621.1, 19, 19
1621.2, 19, 19
1621.3, 19, 19
1621.4, 19, 19
1621.5, 19, 19
1621.6, 19, 19
1621.7, 19, 19
1621.8, 19, 19
1621.9, 19, 19
1622, 19, 19
1622.1, 19, 19
1622.2, 19, 19
1622.3, 19, 19
1622.4, 19, 19
1622.5, 19, 19
1622.6, 19, 19
1622.7, 19, 19
1622.8, 19, 19
1622.9, 19, 19
1623, 19, 19
1623.1, 19, 19
1623.2, 19, 19
1623.3, 20, 19
1623.4, 20, 19
1623.5, 20, 19
1623.6, 20, 19
1623.7, 20, 19
1623.8, 20, 19
1623.9, 20, 19
1624, 20, 19
1624.1, 20, 19
1624.2, 20, 19
1624.3, 20, 19
1624.4, 20, 19
1624.5, 20, 19
1624.6, 20, 19
1624.7, 20, 19
1624.8, 20, 19
1624.9, 20, 19
1625, 20, 19
1625.1, 19, 19
1625.2, 19, 19
1625.3, 19, 19
1625.4, 19, 19
1625.5, 19, 19
1625.6, 19, 19
1625.7, 19, 19
1625.8, 19, 19
1625.9, 19, 19
1626, 19, 19
1626.1, 20, 19
1626.2, 20, 19
1626.3, 20, 19
1626.4, 20, 19
1626.5, 20, 20
1626.6, 20, 20
1626.7, 20, 20
1626.8, 20, 20
1626.9, 20, 20
1627, 20, 20
1627.1, 20, 20
1627.2, 20, 20
1627.3, 20, 20
1627.4, 20, 20
1627.5, 20, 20
1627.6, 20, 20
1627.7, 20, 20
1627.8, 20, 20
1627.9, 20, 20
1628, 20, 20
1628.1, 20, 20
1628.2, 20, 20
1628.3, 20, 20
1628.4, 20, 20
1628.5, 20, 20
1628.6, 20, 20
1628.7, 20, 20
1628.8, 20, 20
1628.9, 20, 20
1629, 20, 20
1629.1, 20, 20
1629.2, 20, 20
1629.3, 20, 20
1629.4, 20, 20
1629.5, 20, 20
1629.6, 20, 20
1629.7, 20, 20
1629.8, 20, 20
1629.9, 19, 20
1630, 19, 20
1630.1, 19, 21
1630.2, 19, 21
1630.3, 19, 21
1630.4, 19, 21
1630.5, 19, 21
1630.6, 19, 21
1630.7, 19, 21
1630.8, 19, 21
1630.9, 19, 21
1631, 19, 21
1631.1, 19, 21
1631.2, 19, 21
1631.3, 19, 21
1631.4, 19, 21
1631.5, 19, 21
1631.6, 19, 21
1631.7, 19, 21
1631.8, 19, 21
1631.9, 19, 21
1632, 19, 21
1632.1, 19, 21
1632.2, 19, 21
1632.3, 19, 21
1632.4, 19, 21
1632.5, 19, 21
1632.6, 19, 21
1632.7, 19, 21
1632.8, 19, 21
1632.9, 18, 21
1633, 18, 21
1633.1, 18, 21
1633.2, 18, 21
1633.3, 18, 21
1633.4, 18, 21
1633.5, 18, 21
1633.6, 18, 21
1633.7, 18, 21
1633.8, 18, 21
1633.9, 18, 21
1634, 18, 21
1634.1, 18, 21
1634.2, 18, 21
1634.3, 18, 21
1634.4, 18, 21
1634.5, 18, 21
1634.6, 18, 21
1634.7, 18, 21
1634.8, 18, 21
1634.9, 18, 21
1635, 18, 21
1635.1, 18, 21
1635.2, 18, 21
1635.3, 18, 21
1635.4, 18, 21
1635.5, 18, 21
1635.6, 18, 21
1635.7, 18, 21
1635.8, 18, 21
1635.9, 18, 21
1636, 18, 21
1636.1, 18, 21
1636.2, 18, 21
1636.3, 18, 21
1636.4, 18, 21
1636.5, 18, 21
1636.6, 18, 21
1636.7, 18, 22
1636.8, 18, 22
1636.9, 19, 22
1637, 19, 22
1637.1, 19, 22
1637.2, 19, 22
1637.3, 19, 22
1637.4, 19, 22
1637.5, 18, 22
1637.6, 18, 22
1637.7, 18, 22
1637.8, 18, 22
1637.9, 18, 22
1638, 18, 22
1638.1, 18, 22
1638.2, 18, 22
1638.3, 18, 22
1638.4, 18, 22
1638.5, 18, 22
1638.6, 18, 22
1638.7, 18, 22
1638.8, 18, 22
1638.9, 18, 22
1639, 18, 22
1639.1, 18, 22
1639.2, 18, 22
1639.3, 18, 22
1639.4, 18, 22
1639.5, 18, 22
1639.6, 18, 22
1639.7, 18, 22
1639.8, 18, 22
1639.9, 18, 22
1640, 18, 22
1640.1, 18, 22
1640.2, 18, 22
1640.3, 18, 22
1640.4, 18, 22
1640.5, 18, 22
1640.6, 18, 22
1640.7, 18, 22
1640.8, 18, 22
1640.9, 18, 22
1641, 18, 22
1641.1, 18, 22
1641.2, 18, 22
1641.3, 18, 22
1641.4, 18, 22
1641.5, 18, 22
1641.6, 18, 22
1641.7, 18, 22
1641.8, 18, 22
1641.9, 18, 22
1642, 18, 22
1642.1, 18, 22
1642.2, 18, 22
1642.3, 18, 21
1642.4, 18, 21
1642.5, 18, 21
1642.6, 18, 21
1642.7, 18, 21
1642.8, 18, 21
1642.9, 18, 21
1643, 18, 21
1643.1, 18, 21
1643.2, 18, 21
1643.3, 18, 21
1643.4, 18, 21
1643.5, 18, 21
1643.6, 18, 21
1643.7, 18, 21
1643.8, 18, 21
1643.9, 17, 21
1644, 17, 21
1644.1, 17, 20
1644.2, 17, 20
1644.3, 17, 20
1644.4, 17, 20
1644.5, 18, 20
1644.6, 18, 20
1644.7, 18, 20
1644.8, 18, 20
1644.9, 18, 20
1645, 18, 20
1645.1, 18, 20
1645.2, 18, 20
1645.3, 18, 19
1645.4, 18, 19
1645.5, 18, 19
1645.6, 18, 19
1645.7, 18, 19
1645.8, 18, 19
1645.9, 18, 19
1646, 18, 19
1646.1, 18, 19
1646.2, 18, 19
1646.3, 18, 19
1646.4, 18, 19
1646.5, 18, 19
1646.6, 18, 19
1646.7, 19, 19
1646.8, 19, 19
1646.9, 19, 19
1647, 19, 19
1647.1, 19, 19
1647.2, 19, 19
1647.3, 19, 19
1647.4, 19, 19
1647.5, 19, 19
1647.6, 19, 19
1647.7, 19, 19
1647.8, 19, 19
1647.9, 19, 19
1648, 19, 19
1648.1, 19, 19
1648.2, 19, 19
1648.3, 19, 19
1648.4, 19, 19
1648.5, 19, 19
1648.6, 19, 19
1648.7, 19, 19
1648.8, 19, 19
1648.9, 19, 19
1649, 19, 19
1649.1, 19, 19
1649.2, 19, 19
1649.3, 19, 19
1649.4, 19, 19
1649.5, 19, 19
1649.6, 19, 19
1649.7, 19, 19
1649.8, 19, 19
1649.9, 19, 19
1650, 19, 19
1650.1, 19, 19
1650.2, 19, 19
1650.3, 19, 19
1650.4, 19, 19
1650.5, 19, 19
1650.6, 19, 19
1650.7, 19, 19
1650.8, 19, 19
1650.9, 19, 19
1651, 19, 19
1651.1, 19, 19
1651.2, 19, 19
1651.3, 19, 19
1651.4, 19, 19
1651.5, 19, 19
1651.6, 19, 19
1651.7, 19, 18
1651.8, 19, 18
1651.9, 19, 18
1652, 19, 18
1652.1, 19, 18
1652.2, 19, 18
1652.3, 19, 18
1652.4, 19, 18
1652.5, 19, 18
1652.6, 19, 18
1652.7, 19, 18
1652.8, 19, 18
1652.9, 19, 18
1653, 19, 18
1653.1, 19, 18
1653.2, 19, 18
1653.3, 19, 18
1653.4, 19, 18
1653.5, 19, 18
1653.6, 19, 18
1653.7, 19, 18
1653.8, 19, 18
1653.9, 19, 18
1654, 19, 18
1654.1, 19, 17
1654.2, 19, 17
1654.3, 19, 17
1654.4, 19, 17
1654.5, 19, 17
1654.6, 19, 17
1654.7, 19, 17
1654.8, 19, 17
1654.9, 19, 17
1655, 19, 17
1655.1, 19, 17
1655.2, 19, 17
1655.3, 19, 17
1655.4, 19, 17
1655.5, 19, 17
1655.6, 19, 17
1655.7, 19, 17
1655.8, 19, 17
1655.9, 19, 17
1656, 19, 17
1656.1, 19, 17
1656.2, 19, 17
1656.3, 19, 17
1656.4, 19, 17
1656.5, 19, 17
1656.6, 19, 17
1656.7, 19, 17
1656.8, 19, 17
1656.9, 19, 17
1657, 19, 17
1657.1, 19, 17
1657.2, 19, 17
1657.3, 19, 17
1657.4, 19, 17
1657.5, 19, 17
1657.6, 19, 17
1657.7, 19, 17
1657.8, 19, 17
1657.9, 19, 17
1658, 19, 17
1658.1, 19, 17
1658.2, 19, 17
1658.3, 19, 17
1658.4, 19, 17
1658.5, 19, 17
1658.6, 19, 17
1658.7, 19, 17
1658.8, 19, 17
1658.9, 19, 17
1659, 19, 17
1659.1, 19, 17
1659.2, 19, 17
1659.3, 19, 17
1659.4, 19, 17
1659.5, 19, 17
1659.6, 19, 17
1659.7, 19, 17
1659.8, 19, 17
1659.9, 19, 17
1660, 19, 17
1660.1, 19, 17
1660.2, 19, 17
1660.3, 19, 17
1660.4, 19, 17
1660.5, 19, 17
1660.6, 19, 17
1660.7, 19, 17
1660.8, 19, 17
1660.9, 19, 17
1661, 19, 17
1661.1, 19, 18
1661.2, 19, 18
1661.3, 19, 18
1661.4, 19, 18
1661.5, 19, 18
1661.6, 19, 18
1661.7, 19, 18
1661.8, 19, 18
1661.9, 19, 18
1662, 19, 18
1662.1, 19, 18
1662.2, 19, 18
1662.3, 19, 18
1662.4, 19, 18
1662.5, 19, 18
1662.6, 19, 18
1662.7, 19, 18
1662.8, 19, 18
1662.9, 19, 18
1663, 19, 18
1663.1, 19, 18
1663.2, 19, 18
1663.3, 19, 19
1663.4, 19, 19
1663.5, 19, 19
1663.6, 19, 19
1663.7, 19, 19
1663.8, 19, 19
1663.9, 19, 19
1664, 19, 19
1664.1, 18, 19
1664.2, 18, 19
1664.3, 18, 19
1664.4, 18, 19
1664.5, 18, 19
1664.6, 18, 19
1664.7, 18, 19
1664.8, 18, 19
1664.9, 18, 19
1665, 18, 19
1665.1, 18, 19
1665.2, 18, 19
1665.3, 18, 19
1665.4, 18, 19
1665.5, 18, 19
1665.6, 18, 19
1665.7, 18, 19
1665.8, 18, 19
1665.9, 18, 19
1666, 18, 19
1666.1, 18, 19
1666.2, 18, 19
1666.3, 18, 19
1666.4, 18, 19
1666.5, 18, 19
1666.6, 18, 19
1666.7, 18, 19
1666.8, 18, 19
1666.9, 18, 19
1667, 18, 19
1667.1, 18, 19
1667.2, 18, 19
1667.3, 18, 19
1667.4, 18, 19
1667.5, 18, 19
1667.6, 18, 19
1667.7, 18, 19
1667.8, 18, 19
1667.9, 18, 19
1668, 18, 19
1668.1, 18, 19
1668.2, 18, 19
1668.3, 18, 19
1668.4, 18, 19
1668.5, 18, 19
1668.6, 18, 19
1668.7, 18, 19
1668.8, 18, 19
1668.9, 18, 19
1669, 18, 19
1669.1, 18, 18
1669.2, 18, 18
1669.3, 18, 18
1669.4, 18, 18
1669.5, 18, 18
1669.6, 18, 18
1669.7, 18, 18
1669.8, 18, 18
1669.9, 18, 17
1670, 18, 17
1670.1, 18, 17
1670.2, 18, 17
1670.3, 18, 16
1670.4, 18, 16
1670.5, 18, 16
1670.6, 18, 16
1670.7, 18, 16
1670.8, 18, 16
1670.9, 18, 16
1671, 18, 16
1671.1, 18, 16
1671.2, 18, 16
1671.3, 19, 16
1671.4, 19, 16
1671.5, 19, 16
1671.6, 19, 16
1671.7, 19, 16
1671.8, 19, 16
1671.9, 19, 16
1672, 19, 16
1672.1, 19, 16
1672.2, 19, 16
1672.3, 19, 16
1672.4, 19, 16
1672.5, 19, 16
1672.6, 19, 16
1672.7, 19, 16
1672.8, 19, 16
1672.9, 19, 16
1673, 19, 16
1673.1, 19, 16
1673.2, 19, 16
1673.3, 19, 16
1673.4, 19, 16
1673.5, 19, 16
1673.6, 19, 16
1673.7, 19, 16
1673.8, 19, 16
1673.9, 18, 16
1674, 18, 16
1674.1, 18, 16
1674.2, 18, 16
1674.3, 18, 16
1674.4, 18, 16
1674.5, 18, 16
1674.6, 18, 16
1674.7, 18, 16
1674.8, 18, 16
1674.9, 18, 16
1675, 18, 16
1675.1, 18, 16
1675.2, 18, 16
1675.3, 18, 16
1675.4, 18, 16
1675.5, 18, 16
1675.6, 18, 16
1675.7, 18, 16
1675.8, 18, 16
1675.9, 18, 16
1676, 18, 16
1676.1, 18, 16
1676.2, 18, 16
1676.3, 18, 16
1676.4, 18, 16
1676.5, 18, 16
1676.6, 18, 16
1676.7, 18, 16
1676.8, 18, 16
1676.9, 18, 16
1677, 18, 16
1677.1, 18, 16
1677.2, 18, 16
1677.3, 18, 16
1677.4, 18, 16
1677.5, 18, 16
1677.6, 18, 16
1677.7, 18, 16
1677.8, 18, 16
1677.9, 19, 16
1678, 19, 16
1678.1, 19, 16
1678.2, 19, 16
1678.3, 19, 16
1678.4, 19, 16
1678.5, 19, 16
1678.6, 19, 16
1678.7, 19, 16
1678.8, 19, 16
1678.9, 19, 16
1679, 19, 16
1679.1, 19, 16
1679.2, 19, 16
1679.3, 19, 16
1679.4, 19, 16
1679.5, 19, 16
1679.6, 19, 16
1679.7, 19, 16
1679.8, 19, 16
1679.9, 19, 16
1680, 19, 16
1680.1, 19, 16
1680.2, 19, 16
1680.3, 19, 16
1680.4, 19, 16
1680.5, 19, 16
1680.6, 19, 16
1680.7, 19, 16
1680.8, 19, 16
1680.9, 19, 16
1681, 19, 16
1681.1, 19, 16
1681.2, 19, 16
1681.3, 19, 16
1681.4, 19, 16
1681.5, 19, 16
1681.6, 19, 16
1681.7, 19, 16
1681.8, 19, 16
1681.9, 19, 16
1682, 19, 16
1682.1, 18, 16
1682.2, 18, 16
1682.3, 18, 16
1682.4, 18, 16
1682.5, 19, 16
1682.6, 19, 16
1682.7, 19, 17
1682.8, 19, 17
1682.9, 19, 17
1683, 19, 17
1683.1, 19, 17
1683.2, 19, 17
1683.3, 19, 17
1683.4, 19, 17
1683.5, 19, 17
1683.6, 19, 17
1683.7, 19, 17
1683.8, 19, 17
1683.9, 19, 17
1684, 19, 17
1684.1, 19, 17
1684.2, 19, 17
1684.3, 19, 17
1684.4, 19, 17
1684.5, 19, 17
1684.6, 19, 17
1684.7, 19, 18
1684.8, 19, 18
1684.9, 19, 18
1685, 19, 18
1685.1, 19, 18
1685.2, 19, 18
1685.3, 19, 18
1685.4, 19, 18
1685.5, 19, 18
1685.6, 19, 18
1685.7, 19, 18
1685.8, 19, 18
1685.9, 19, 17
1686, 19, 17
1686.1, 19, 17
1686.2, 19, 17
1686.3, 19, 17
1686.4, 19, 17
1686.5, 19, 17
1686.6, 19, 17
1686.7, 19, 17
1686.8, 19, 17
1686.9, 19, 17
1687, 19, 17
1687.1, 19, 17
1687.2, 19, 17
1687.3, 19, 17
1687.4, 19, 17
1687.5, 19, 17
1687.6, 19, 17
1687.7, 19, 17
1687.8, 19, 17
1687.9, 19, 17
1688, 19, 17
1688.1, 19, 17
1688.2, 19, 17
1688.3, 19, 17
1688.4, 19, 17
1688.5, 19, 17
1688.6, 19, 17
1688.7, 19, 17
1688.8, 19, 17
1688.9, 19, 17
1689, 19, 17
1689.1, 19, 17
1689.2, 19, 17
1689.3, 19, 17
1689.4, 19, 17
1689.5, 19, 17
1689.6, 19, 17
1689.7, 19, 17
1689.8, 19, 17
1689.9, 19, 17
1690, 19, 17
1690.1, 19, 17
1690.2, 19, 17
1690.3, 19, 17
1690.4, 19, 17
1690.5, 19, 17
1690.6, 19, 17
1690.7, 19, 17
1690.8, 19, 17
1690.9, 19, 17
1691, 19, 17
1691.1, 19, 17
1691.2, 19, 17
1691.3, 19, 16
1691.4, 19, 16
1691.5, 19, 16
1691.6, 19, 16
1691.7, 19, 16
1691.8, 19, 16
1691.9, 19, 16
1692, 19, 16
1692.1, 19, 16
1692.2, 19, 16
1692.3, 19, 16
1692.4, 19, 16
1692.5, 19, 16
1692.6, 19, 16
1692.7, 19, 16
1692.8, 19, 16
1692.9, 19, 16
1693, 19, 16
1693.1, 19, 16
1693.2, 19, 16
1693.3, 19, 16
1693.4, 19, 16
1693.5, 19, 16
1693.6, 19, 16
1693.7, 19, 16
1693.8, 19, 16
1693.9, 19, 16
1694, 19, 16
1694.1, 19, 16
1694.2, 19, 16
1694.3, 20, 16
1694.4, 20, 16
1694.5, 20, 16
1694.6, 20, 16
1694.7, 21, 16
1694.8, 21, 16
1694.9, 21, 16
1695, 21, 16
1695.1, 21, 16
1695.2, 21, 16
1695.3, 21, 16
1695.4, 21, 16
1695.5, 21, 16
1695.6, 21, 16
1695.7, 21, 16
1695.8, 21, 16
1695.9, 21, 16
1696, 21, 16
1696.1, 21, 16
1696.2, 21, 16
1696.3, 21, 16
1696.4, 21, 16
1696.5, 21, 16
1696.6, 21, 16
1696.7, 21, 17
1696.8, 21, 17
1696.9, 21, 17
1697, 21, 17
1697.1, 21, 17
1697.2, 21, 17
1697.3, 21, 17
1697.4, 21, 17
1697.5, 21, 17
1697.6, 21, 17
1697.7, 21, 17
1697.8, 21, 17
1697.9, 21, 17
1698, 21, 17
1698.1, 20, 17
1698.2, 20, 17
1698.3, 20, 17
1698.4, 20, 17
1698.5, 20, 17
1698.6, 20, 17
1698.7, 20, 17
1698.8, 20, 17
1698.9, 20, 18
1699, 20, 18
1699.1, 20, 18
1699.2, 20, 18
1699.3, 20, 18
1699.4, 20, 18
1699.5, 20, 18
1699.6, 20, 18
1699.7, 20, 18
1699.8, 20, 18
1699.9, 20, 18
1700, 20, 18
1700.1, 20, 18
1700.2, 20, 18
1700.3, 20, 18
1700.4, 20, 18
1700.5, 20, 18
1700.6, 20, 18
1700.7, 20, 18
1700.8, 20, 18
1700.9, 20, 18
1701, 20, 18
1701.1, 20, 18
1701.2, 20, 18
1701.3, 20, 18
1701.4, 20, 18
1701.5, 20, 18
1701.6, 20, 18
1701.7, 20, 18
1701.8, 20, 18
1701.9, 20, 18
1702, 20, 18
1702.1, 20, 18
1702.2, 20, 18
1702.3, 20, 18
1702.4, 20, 18
1702.5, 20, 18
1702.6, 20, 18
1702.7, 20, 18
1702.8, 20, 18
1702.9, 20, 18
1703, 20, 18
1703.1, 20, 18
1703.2, 20, 18
1703.3, 20, 18
1703.4, 20, 18
1703.5, 20, 18
1703.6, 20, 18
1703.7, 20, 18
1703.8, 20, 18
1703.9, 20, 18
1704, 20, 18
1704.1, 20, 18
1704.2, 20, 18
1704.3, 20, 18
1704.4, 20, 18
1704.5, 20, 18
1704.6, 20, 18
1704.7, 20, 18
1704.8, 20, 18
1704.9, 20, 18
1705, 20, 18
1705.1, 20, 18
1705.2, 20, 18
1705.3, 19, 18
1705.4, 19, 18
1705.5, 19, 18
1705.6, 19, 18
1705.7, 19, 18
1705.8, 19, 18
1705.9, 19, 18
1706, 19, 18
1706.1, 19, 17
1706.2, 19, 17
1706.3, 19, 17
1706.4, 19, 17
1706.5, 19, 17
1706.6, 19, 17
1706.7, 19, 17
1706.8, 19, 17
1706.9, 19, 17
1707, 19, 17
1707.1, 19, 17
1707.2, 19, 17
1707.3, 19, 17
1707.4, 19, 17
1707.5, 19, 17
1707.6, 19, 17
1707.7, 19, 17
1707.8, 19, 17
1707.9, 19, 17
1708, 19, 17
1708.1, 19, 17
1708.2, 19, 17
1708.3, 19, 17
1708.4, 19, 17
1708.5, 19, 17
1708.6, 19, 17
1708.7, 19, 17
1708.8, 19, 17
1708.9, 19, 17
1709, 19, 17
1709.1, 19, 17
1709.2, 19, 17
1709.3, 19, 17
1709.4, 19, 17
1709.5, 19, 17
1709.6, 19, 17
1709.7, 19, 17
1709.8, 19, 17
1709.9, 19, 17
1710, 19, 17
1710.1, 19, 17
1710.2, 19, 17
1710.3, 19, 17
1710.4, 19, 17
1710.5, 19, 17
1710.6, 19, 17
1710.7, 19, 17
1710.8, 19, 17
1710.9, 19, 17
1711, 19, 17
1711.1, 19, 17
1711.2, 19, 17
1711.3, 19, 17
1711.4, 19, 17
1711.5, 19, 17
1711.6, 19, 17
1711.7, 19, 16
1711.8, 19, 16
1711.9, 19, 16
1712, 19, 16
1712.1, 19, 16
1712.2, 19, 16
1712.3, 19, 16
1712.4, 19, 16
1712.5, 19, 16
1712.6, 19, 16
1712.7, 20, 16
1712.8, 20, 16
1712.9, 20, 16
1713, 20, 16
1713.1, 20, 16
1713.2, 20, 16
1713.3, 20, 16
1713.4, 20, 16
1713.5, 20, 16
1713.6, 20, 16
1713.7, 20, 16
1713.8, 20, 16
1713.9, 20, 16
1714, 20, 16
1714.1, 20, 16
1714.2, 20, 16
1714.3, 20, 16
1714.4, 20, 16
1714.5, 20, 16
1714.6, 20, 16
1714.7, 20, 16
1714.8, 20, 16
1714.9, 20, 16
1715, 20, 16
1715.1, 20, 16
1715.2, 20, 16
1715.3, 20, 16
1715.4, 20, 16
1715.5, 20, 16
1715.6, 20, 16
1715.7, 20, 16
1715.8, 20, 16
1715.9, 20, 16
1716, 20, 16
1716.1, 20, 16
1716.2, 20, 16
1716.3, 20, 16
1716.4, 20, 16
1716.5, 20, 16
1716.6, 20, 16
1716.7, 20, 16
1716.8, 20, 16
1716.9, 20, 16
1717, 20, 16
1717.1, 20, 16
1717.2, 20, 16
1717.3, 20, 16
1717.4, 20, 16
1717.5, 20, 16
1717.6, 20, 16
1717.7, 20, 16
1717.8, 20, 16
1717.9, 20, 16
1718, 20, 16
1718.1, 20, 16
1718.2, 20, 16
1718.3, 20, 16
1718.4, 20, 16
1718.5, 20, 16
1718.6, 20, 16
1718.7, 20, 16
1718.8, 20, 16
1718.9, 20, 16
1719, 20, 16
1719.1, 19, 16
1719.2, 19, 16
1719.3, 19, 16
1719.4, 19, 16
1719.5, 19, 16
1719.6, 19, 16
1719.7, 19, 16
1719.8, 19, 16
1719.9, 19, 16
1720, 19, 16
1720.1, 19, 16
1720.2, 19, 16
1720.3, 19, 16
1720.4, 19, 16
1720.5, 19, 16
1720.6, 19, 16
1720.7, 19, 15
1720.8, 19, 15
1720.9, 19, 15
1721, 19, 15
1721.1, 19, 15
1721.2, 19, 15
1721.3, 19, 15
1721.4, 19, 15
1721.5, 19, 15
1721.6, 19, 15
1721.7, 19, 15
1721.8, 19, 15
1721.9, 19, 16
1722, 19, 16
1722.1, 19, 16
1722.2, 19, 16
1722.3, 19, 16
1722.4, 19, 16
1722.5, 19, 16
1722.6, 19, 16
1722.7, 19, 15
1722.8, 19, 15
1722.9, 19, 15
1723, 19, 15
1723.1, 19, 15
1723.2, 19, 15
1723.3, 19, 15
1723.4, 19, 15
1723.5, 19, 14
1723.6, 19, 14
1723.7, 19, 14
1723.8, 19, 14
1723.9, 19, 14
1724, 19, 14
1724.1, 19, 13
1724.2, 19, 13
1724.3, 19, 13
1724.4, 19, 13
1724.5, 19, 13
1724.6, 19, 13
1724.7, 19, 13
1724.8, 19, 13
1724.9, 19, 14
1725, 19, 14
1725.1, 19, 14
1725.2, 19, 14
1725.3, 19, 14
1725.4, 19, 14
1725.5, 19, 14
1725.6, 19, 14
1725.7, 19, 14
1725.8, 19, 14
1725.9, 19, 14
1726, 19, 14
1726.1, 19, 14
1726.2, 19, 14
1726.3, 19, 14
1726.4, 19, 14
1726.5, 19, 14
1726.6, 19, 14
1726.7, 19, 13
1726.8, 19, 13
1726.9, 19, 13
1727, 19, 13
1727.1, 19, 13
1727.2, 19, 13
1727.3, 19, 13
1727.4, 19, 13
1727.5, 19, 13
1727.6, 19, 13
1727.7, 19, 13
1727.8, 19, 13
1727.9, 19, 13
1728, 19, 13
1728.1, 19, 13
1728.2, 19, 13
1728.3, 19, 13
1728.4, 19, 13
1728.5, 19, 13
1728.6, 19, 13
1728.7, 19, 13
1728.8, 19, 13
1728.9, 19, 13
1729, 19, 13
1729.1, 19, 13
1729.2, 19, 13
1729.3, 19, 13
1729.4, 19, 13
1729.5, 19, 13
1729.6, 19, 13
1729.7, 19, 13
1729.8, 19, 13
1729.9, 19, 13
1730, 19, 13
1730.1, 19, 13
1730.2, 19, 13
1730.3, 19, 13
1730.4, 19, 13
1730.5, 19, 13
1730.6, 19, 13
1730.7, 19, 13
1730.8, 19, 13
1730.9, 19, 13
1731, 19, 13
1731.1, 19, 13
1731.2, 19, 13
1731.3, 19, 13
1731.4, 19, 13
1731.5, 19, 13
1731.6, 19, 13
1731.7, 18, 13
1731.8, 18, 13
1731.9, 18, 13
1732, 18, 13
1732.1, 18, 13
1732.2, 18, 13
1732.3, 18, 13
1732.4, 18, 13
1732.5, 18, 13
1732.6, 18, 13
1732.7, 18, 13
1732.8, 18, 13
1732.9, 18, 13
1733, 18, 13
1733.1, 18, 13
1733.2, 18, 13
1733.3, 18, 13
1733.4, 18, 13
1733.5, 18, 13
1733.6, 18, 13
1733.7, 18, 13
1733.8, 18, 13
1733.9, 18, 13
1734, 18, 13
1734.1, 18, 13
1734.2, 18, 13
1734.3, 18, 13
1734.4, 18, 13
1734.5, 18, 13
1734.6, 18, 13
1734.7, 18, 13
1734.8, 18, 13
1734.9, 18, 13
1735, 18, 13
1735.1, 18, 13
1735.2, 18, 13
1735.3, 18, 13
1735.4, 18, 13
1735.5, 18, 13
1735.6, 18, 13
1735.7, 18, 13
1735.8, 18, 13
1735.9, 18, 13
1736, 18, 13
1736.1, 18, 13
1736.2, 18, 13
1736.3, 18, 13
1736.4, 18, 13
1736.5, 18, 13
1736.6, 18, 13
1736.7, 19, 13
1736.8, 19, 13
1736.9, 19, 13
1737, 19, 13
1737.1, 19, 13
1737.2, 19, 13
1737.3, 19, 13
1737.4, 19, 13
1737.5, 19, 13
1737.6, 19, 13
1737.7, 19, 13
1737.8, 19, 13
1737.9, 19, 13
1738, 19, 13
1738.1, 19, 13
1738.2, 19, 13
1738.3, 19, 12
1738.4, 19, 12
1738.5, 19, 12
1738.6, 19, 12
1738.7, 19, 12
1738.8, 19, 12
1738.9, 20, 12
1739, 20, 12
1739.1, 20, 12
1739.2, 20, 12
1739.3, 20, 12
1739.4, 20, 12
1739.5, 20, 12
1739.6, 20, 12
1739.7, 19, 12
1739.8, 19, 12
1739.9, 19, 12
1740, 19, 12
1740.1, 19, 12
1740.2, 19, 12
1740.3, 19, 12
1740.4, 19, 12
1740.5, 19, 12
1740.6, 19, 12
1740.7, 19, 12
1740.8, 19, 12
1740.9, 19, 12
1741, 19, 12
1741.1, 19, 12
1741.2, 19, 12
1741.3, 19, 12
1741.4, 19, 12
1741.5, 19, 12
1741.6, 19, 12
1741.7, 19, 12
1741.8, 19, 12
1741.9, 19, 12
1742, 19, 12
1742.1, 19, 12
1742.2, 19, 12
1742.3, 19, 12
1742.4, 19, 12
1742.5, 18, 12
1742.6, 18, 12
1742.7, 18, 12
1742.8, 18, 12
1742.9, 18, 12
1743, 18, 12
1743.1, 18, 12
1743.2, 18, 12
1743.3, 18, 12
1743.4, 18, 12
1743.5, 18, 12
1743.6, 18, 12
1743.7, 18, 12
1743.8, 18, 12
1743.9, 18, 12
1744, 18, 12
1744.1, 18, 12
1744.2, 18, 12
1744.3, 18, 12
1744.4, 18, 12
1744.5, 18, 12
1744.6, 18, 12
1744.7, 18, 12
1744.8, 18, 12
1744.9, 18, 12
1745, 18, 12
1745.1, 18, 12
1745.2, 18, 12
1745.3, 18, 13
1745.4, 18, 13
1745.5, 18, 13
1745.6, 18, 13
1745.7, 17, 13
1745.8, 17, 13
1745.9, 17, 13
1746, 17, 13
1746.1, 17, 13
1746.2, 17, 13
1746.3, 17, 13
1746.4, 17, 13
1746.5, 16, 13
1746.6, 16, 13
1746.7, 16, 13
1746.8, 16, 13
1746.9, 16, 13
1747, 16, 13
1747.1, 16, 13
1747.2, 16, 13
1747.3, 16, 13
1747.4, 16, 13
1747.5, 16, 13
1747.6, 16, 13
1747.7, 16, 13
1747.8, 16, 13
1747.9, 16, 13
1748, 16, 13
1748.1, 16, 13
1748.2, 16, 13
1748.3, 16, 13
1748.4, 16, 13
1748.5, 16, 13
1748.6, 16, 13
1748.7, 16, 13
1748.8, 16, 13
1748.9, 16, 13
1749, 16, 13
1749.1, 16, 13
1749.2, 16, 13
1749.3, 16, 13
1749.4, 16, 13
1749.5, 16, 13
1749.6, 16, 13
1749.7, 16, 13
1749.8, 16, 13
1749.9, 16, 13
1750, 16, 13
1750.1, 16, 13
1750.2, 16, 13
1750.3, 16, 13
1750.4, 16, 13
1750.5, 16, 12
1750.6, 16, 12
1750.7, 16, 12
1750.8, 16, 12
1750.9, 16, 12
1751, 16, 12
1751.1, 16, 12
1751.2, 16, 12
1751.3, 16, 12
1751.4, 16, 12
1751.5, 15, 12
1751.6, 15, 12
1751.7, 15, 12
1751.8, 15, 12
1751.9, 15, 12
1752, 15, 12
1752.1, 15, 12
1752.2, 15, 12
1752.3, 15, 12
1752.4, 15, 12
1752.5, 15, 12
1752.6, 15, 12
1752.7, 15, 12
1752.8, 15, 12
1752.9, 15, 12
1753, 15, 12
1753.1, 15, 12
1753.2, 15, 12
1753.3, 15, 12
1753.4, 15, 12
1753.5, 15, 12
1753.6, 15, 12
1753.7, 15, 12
1753.8, 15, 12
1753.9, 15, 12
1754, 15, 12
1754.1, 15, 12
1754.2, 15, 12
1754.3, 15, 12
1754.4, 15, 12
1754.5, 15, 12
1754.6, 15, 12
1754.7, 15, 12
1754.8, 15, 12
1754.9, 15, 12
1755, 15, 12
1755.1, 15, 12
1755.2, 15, 12
1755.3, 15, 12
1755.4, 15, 12
1755.5, 15, 12
1755.6, 15, 12
1755.7, 15, 12
1755.8, 15, 12
1755.9, 15, 12
1756, 15, 12
1756.1, 15, 12
1756.2, 15, 12
1756.3, 15, 12
1756.4, 15, 12
1756.5, 15, 12
1756.6, 15, 12
1756.7, 15, 12
1756.8, 15, 12
1756.9, 15, 12
1757, 15, 12
1757.1, 15, 11
1757.2, 15, 11
1757.3, 14, 11
1757.4, 14, 11
1757.5, 14, 11
1757.6, 14, 11
1757.7, 14, 11
1757.8, 14, 11
1757.9, 15, 11
1758, 15, 11
1758.1, 15, 11
1758.2, 15, 11
1758.3, 15, 11
1758.4, 15, 11
1758.5, 15, 11
1758.6, 15, 11
1758.7, 15, 12
1758.8, 15, 12
1758.9, 15, 12
1759, 15, 12
1759.1, 15, 12
1759.2, 15, 12
1759.3, 15, 12
1759.4, 15, 12
1759.5, 15, 12
1759.6, 15, 12
1759.7, 15, 12
1759.8, 15, 12
1759.9, 15, 12
1760, 15, 12
1760.1, 15, 12
1760.2, 15, 12
1760.3, 15, 12
1760.4, 15, 12
1760.5, 15, 12
1760.6, 15, 12
1760.7, 15, 12
1760.8, 15, 12
1760.9, 15, 12
1761, 15, 12
1761.1, 15, 12
1761.2, 15, 12
1761.3, 15, 12
1761.4, 15, 12
1761.5, 15, 12
1761.6, 15, 12
1761.7, 15, 12
1761.8, 15, 12
1761.9, 15, 12
1762, 15, 12
1762.1, 15, 12
1762.2, 15, 12
1762.3, 15, 12
1762.4, 15, 12
1762.5, 15, 12
1762.6, 15, 12
1762.7, 15, 12
1762.8, 15, 12
1762.9, 15, 13
1763, 15, 13
1763.1, 15, 13
1763.2, 15, 13
1763.3, 15, 13
1763.4, 15, 13
1763.5, 15, 14
1763.6, 15, 14
1763.7, 15, 14
1763.8, 15, 14
1763.9, 15, 14
1764, 15, 14
1764.1, 15, 14
1764.2, 15, 14
1764.3, 15, 14
1764.4, 15, 14
1764.5, 15, 14
1764.6, 15, 14
1764.7, 15, 14
1764.8, 15, 14
1764.9, 15, 14
1765, 15, 14
1765.1, 15, 14
1765.2, 15, 14
1765.3, 15, 14
1765.4, 15, 14
1765.5, 15, 14
1765.6, 15, 14
1765.7, 15, 14
1765.8, 15, 14
1765.9, 15, 14
1766, 15, 14
1766.1, 15, 14
1766.2, 15, 14
1766.3, 15, 14
1766.4, 15, 14
1766.5, 15, 14
1766.6, 15, 14
1766.7, 15, 14
1766.8, 15, 14
1766.9, 15, 14
1767, 15, 14
1767.1, 15, 14
1767.2, 15, 14
1767.3, 15, 14
1767.4, 15, 14
1767.5, 15, 14
1767.6, 15, 14
1767.7, 15, 14
1767.8, 15, 14
1767.9, 15, 14
1768, 15, 14
1768.1, 15, 14
1768.2, 15, 14
1768.3, 15, 14
1768.4, 15, 14
1768.5, 14, 14
1768.6, 14, 14
1768.7, 14, 14
1768.8, 14, 14
1768.9, 14, 15
1769, 14, 15
1769.1, 14, 15
1769.2, 14, 15
1769.3, 14, 15
1769.4, 14, 15
1769.5, 14, 15
1769.6, 14, 15
1769.7, 14, 15
1769.8, 14, 15
1769.9, 14, 15
1770, 14, 15
1770.1, 14, 15
1770.2, 14, 15
1770.3, 14, 15
1770.4, 14, 15
1770.5, 14, 15
1770.6, 14, 15
1770.7, 14, 15
1770.8, 14, 15
1770.9, 14, 15
1771, 14, 15
1771.1, 13, 15
1771.2, 13, 15
1771.3, 13, 15
1771.4, 13, 15
1771.5, 12, 15
1771.6, 12, 15
1771.7, 12, 15
1771.8, 12, 15
1771.9, 12, 15
1772, 12, 15
1772.1, 12, 15
1772.2, 12, 15
1772.3, 12, 15
1772.4, 12, 15
1772.5, 12, 15
1772.6, 12, 15
1772.7, 12, 15
1772.8, 12, 15
1772.9, 12, 15
1773, 12, 15
1773.1, 12, 15
1773.2, 12, 15
1773.3, 11, 15
1773.4, 11, 15
1773.5, 11, 15
1773.6, 11, 15
1773.7, 11, 15
1773.8, 11, 15
1773.9, 11, 14
1774, 11, 14
1774.1, 11, 14
1774.2, 11, 14
1774.3, 11, 14
1774.4, 11, 14
1774.5, 11, 14
1774.6, 11, 14
1774.7, 11, 14
1774.8, 11, 14
1774.9, 11, 14
1775, 11, 14
1775.1, 11, 14
1775.2, 11, 14
1775.3, 11, 14
1775.4, 11, 14
1775.5, 11, 14
1775.6, 11, 14
1775.7, 11, 14
1775.8, 11, 14
1775.9, 11, 14
1776, 11, 14
1776.1, 11, 14
1776.2, 11, 14
1776.3, 11, 14
1776.4, 11, 14
1776.5, 11, 14
1776.6, 11, 14
1776.7, 11, 14
1776.8, 11, 14
1776.9, 11, 14
1777, 11, 14
1777.1, 11, 14
1777.2, 11, 14
1777.3, 11, 14
1777.4, 11, 14
1777.5, 11, 14
1777.6, 11, 14
1777.7, 11, 14
1777.8, 11, 14
1777.9, 11, 14
1778, 11, 14
1778.1, 11, 14
1778.2, 11, 14
1778.3, 10, 14
1778.4, 10, 14
1778.5, 10, 14
1778.6, 10, 14
1778.7, 10, 14
1778.8, 10, 14
1778.9, 10, 14
1779, 10, 14
1779.1, 10, 14
1779.2, 10, 14
1779.3, 10, 14
1779.4, 10, 14
1779.5, 10, 14
1779.6, 10, 14
1779.7, 10, 14
1779.8, 10, 14
1779.9, 10, 14
1780, 10, 14
1780.1, 10, 14
1780.2, 10, 14
1780.3, 10, 14
1780.4, 10, 14
1780.5, 10, 14
1780.6, 10, 14
1780.7, 10, 14
1780.8, 10, 14
1780.9, 10, 14
1781, 10, 14
1781.1, 10, 14
1781.2, 10, 14
1781.3, 10, 14
1781.4, 10, 14
1781.5, 10, 14
1781.6, 10, 14
1781.7, 10, 14
1781.8, 10, 14
1781.9, 10, 14
1782, 10, 14
1782.1, 10, 14
1782.2, 10, 14
1782.3, 10, 14
1782.4, 10, 14
1782.5, 10, 14
1782.6, 10, 14
1782.7, 10, 14
1782.8, 10, 14
1782.9, 10, 14
1783, 10, 14
1783.1, 10, 14
1783.2, 10, 14
1783.3, 10, 14
1783.4, 10, 14
1783.5, 10, 14
1783.6, 10, 14
1783.7, 10, 14
1783.8, 10, 14
1783.9, 10, 14
1784, 10, 14
1784.1, 10, 14
1784.2, 10, 14
1784.3, 10, 14
1784.4, 10, 14
1784.5, 10, 14
1784.6, 10, 14
1784.7, 10, 14
1784.8, 10, 14
1784.9, 10, 14
1785, 10, 14
1785.1, 10, 14
1785.2, 10, 14
1785.3, 10, 14
1785.4, 10, 14
1785.5, 10, 14
1785.6, 10, 14
1785.7, 10, 14
1785.8, 10, 14
1785.9, 10, 14
1786, 10, 14
1786.1, 10, 14
1786.2, 10, 14
1786.3, 10, 14
1786.4, 10, 14
1786.5, 10, 14
1786.6, 10, 14
1786.7, 10, 14
1786.8, 10, 14
1786.9, 10, 14
1787, 10, 14
1787.1, 10, 14
1787.2, 10, 14
1787.3, 10, 14
1787.4, 10, 14
1787.5, 10, 14
1787.6, 10, 14
1787.7, 10, 14
1787.8, 10, 14
1787.9, 10, 14
1788, 10, 14
1788.1, 10, 14
1788.2, 10, 14
1788.3, 10, 14
1788.4, 10, 14
1788.5, 10, 14
1788.6, 10, 14
1788.7, 10, 15
1788.8, 10, 15
1788.9, 10, 15
1789, 10, 15
1789.1, 10, 15
1789.2, 10, 15
1789.3, 10, 15
1789.4, 10, 15
1789.5, 10, 15
1789.6, 10, 15
1789.7, 10, 15
1789.8, 10, 15
1789.9, 10, 15
1790, 10, 15
1790.1, 10, 15
1790.2, 10, 15
1790.3, 10, 15
1790.4, 10, 15
1790.5, 10, 15
1790.6, 10, 15
1790.7, 11, 15
1790.8, 11, 15
1790.9, 11, 15
1791, 11, 15
1791.1, 11, 15
1791.2, 11, 15
1791.3, 11, 15
1791.4, 11, 15
1791.5, 11, 15
1791.6, 11, 15
1791.7, 10, 15
1791.8, 10, 15
1791.9, 10, 15
1792, 10, 15
1792.1, 10, 15
1792.2, 10, 15
1792.3, 10, 15
1792.4, 10, 15
1792.5, 10, 15
1792.6, 10, 15
1792.7, 10, 15
1792.8, 10, 15
1792.9, 10, 15
1793, 10, 15
1793.1, 10, 15
1793.2, 10, 15
1793.3, 10, 15
1793.4, 10, 15
1793.5, 10, 15
1793.6, 10, 15
1793.7, 10, 15
1793.8, 10, 15
1793.9, 10, 15
1794, 10, 15
1794.1, 10, 15
1794.2, 10, 15
1794.3, 10, 15
1794.4, 10, 15
1794.5, 10, 15
1794.6, 10, 15
1794.7, 10, 15
1794.8, 10, 15
1794.9, 10, 15
1795, 10, 15
1795.1, 10, 15
1795.2, 10, 15
1795.3, 10, 15
1795.4, 10, 15
1795.5, 10, 15
1795.6, 10, 15
1795.7, 10, 15
1795.8, 10, 15
1795.9, 10, 15
1796, 10, 15
1796.1, 10, 15
1796.2, 10, 15
1796.3, 10, 15
1796.4, 10, 15
1796.5, 10, 15
1796.6, 10, 15
1796.7, 10, 15
1796.8, 10, 15
1796.9, 10, 15
1797, 10, 15
1797.1, 10, 15
1797.2, 10, 15
1797.3, 10, 15
1797.4, 10, 15
1797.5, 10, 15
1797.6, 10, 15
1797.7, 10, 15
1797.8, 10, 15
1797.9, 10, 15
1798, 10, 15
1798.1, 10, 15
1798.2, 10, 15
1798.3, 11, 15
1798.4, 11, 15
1798.5, 11, 15
1798.6, 11, 15
1798.7, 11, 15
1798.8, 11, 15
1798.9, 11, 15
1799, 11, 15
1799.1, 11, 15
1799.2, 11, 15
1799.3, 12, 15
1799.4, 12, 15
1799.5, 12, 15
1799.6, 12, 15
1799.7, 12, 15
1799.8, 12, 15
1799.9, 12, 15
1800, 12, 15
1800.1, 12, 15
1800.2, 12, 15
1800.3, 12, 15
1800.4, 12, 15
1800.5, 12, 15
1800.6, 12, 15
1800.7, 12, 15
1800.8, 12, 15
1800.9, 12, 15
1801, 12, 15
1801.1, 12, 15
1801.2, 12, 15
1801.3, 12, 15
1801.4, 12, 15
1801.5, 12, 15
1801.6, 12, 15
1801.7, 12, 15
1801.8, 12, 15
1801.9, 12, 15
1802, 12, 15
1802.1, 12, 15
1802.2, 12, 15
1802.3, 12, 15
1802.4, 12, 15
1802.5, 12, 15
1802.6, 12, 15
1802.7, 12, 15
1802.8, 12, 15
1802.9, 12, 15
1803, 12, 15
1803.1, 12, 15
1803.2, 12, 15
1803.3, 12, 15
1803.4, 12, 15
1803.5, 12, 15
1803.6, 12, 15
1803.7, 12, 15
1803.8, 12, 15
1803.9, 12, 15
1804, 12, 15
1804.1, 12, 15
1804.2, 12, 15
1804.3, 12, 15
1804.4, 12, 15
1804.5, 12, 15
1804.6, 12, 15
1804.7, 11, 15
1804.8, 11, 15
1804.9, 11, 16
1805, 11, 16
1805.1, 11, 16
1805.2, 11, 16
1805.3, 11, 16
1805.4, 11, 16
1805.5, 11, 16
1805.6, 11, 16
1805.7, 11, 16
1805.8, 11, 16
1805.9, 11, 16
1806, 11, 16
1806.1, 11, 16
1806.2, 11, 16
1806.3, 11, 16
1806.4, 11, 16
1806.5, 11, 16
1806.6, 11, 16
1806.7, 11, 16
1806.8, 11, 16
1806.9, 11, 16
1807, 11, 16
1807.1, 11, 16
1807.2, 11, 16
1807.3, 11, 16
1807.4, 11, 16
1807.5, 11, 16
1807.6, 11, 16
1807.7, 11, 16
1807.8, 11, 16
1807.9, 11, 16
1808, 11, 16
1808.1, 11, 16
1808.2, 11, 16
1808.3, 11, 16
1808.4, 11, 16
1808.5, 11, 16
1808.6, 11, 16
1808.7, 11, 16
1808.8, 11, 16
1808.9, 11, 16
1809, 11, 16
1809.1, 11, 16
1809.2, 11, 16
1809.3, 11, 16
1809.4, 11, 16
1809.5, 11, 16
1809.6, 11, 16
1809.7, 11, 16
1809.8, 11, 16
1809.9, 11, 16
1810, 11, 16
1810.1, 11, 16
1810.2, 11, 16
1810.3, 11, 16
1810.4, 11, 16
1810.5, 11, 16
1810.6, 11, 16
1810.7, 11, 16
1810.8, 11, 16
1810.9, 11, 16
1811, 11, 16
1811.1, 11, 16
1811.2, 11, 16
1811.3, 11, 16
1811.4, 11, 16
1811.5, 11, 16
1811.6, 11, 16
1811.7, 11, 16
1811.8, 11, 16
1811.9, 11, 16
1812, 11, 16
1812.1, 11, 16
1812.2, 11, 16
1812.3, 11, 16
1812.4, 11, 16
1812.5, 11, 17
1812.6, 11, 17
1812.7, 11, 17
1812.8, 11, 17
1812.9, 11, 17
1813, 11, 17
1813.1, 11, 17
1813.2, 11, 17
1813.3, 11, 17
1813.4, 11, 17
1813.5, 11, 17
1813.6, 11, 17
1813.7, 11, 17
1813.8, 11, 17
1813.9, 11, 17
1814, 11, 17
1814.1, 11, 17
1814.2, 11, 17
1814.3, 11, 17
1814.4, 11, 17
1814.5, 11, 17
1814.6, 11, 17
1814.7, 11, 17
1814.8, 11, 17
1814.9, 11, 17
1815, 11, 17
1815.1, 11, 17
1815.2, 11, 17
1815.3, 11, 17
1815.4, 11, 17
1815.5, 11, 18
1815.6, 11, 18
1815.7, 11, 18
1815.8, 11, 18
1815.9, 11, 18
1816, 11, 18
1816.1, 11, 18
1816.2, 11, 18
1816.3, 11, 18
1816.4, 11, 18
1816.5, 11, 18
1816.6, 11, 18
1816.7, 11, 18
1816.8, 11, 18
1816.9, 11, 18
1817, 11, 18
1817.1, 11, 18
1817.2, 11, 18
1817.3, 12, 18
1817.4, 12, 18
1817.5, 12, 18
1817.6, 12, 18
1817.7, 12, 18
1817.8, 12, 18
1817.9, 12, 18
1818, 12, 18
1818.1, 12, 18
1818.2, 12, 18
1818.3, 12, 18
1818.4, 12, 18
1818.5, 12, 18
1818.6, 12, 18
1818.7, 12, 18
1818.8, 12, 18
1818.9, 12, 18
1819, 12, 18
1819.1, 12, 18
1819.2, 12, 18
1819.3, 12, 18
1819.4, 12, 18
1819.5, 12, 18
1819.6, 12, 18
1819.7, 12, 18
1819.8, 12, 18
1819.9, 12, 18
1820, 12, 18
1820.1, 12, 18
1820.2, 12, 18
1820.3, 13, 18
1820.4, 13, 18
1820.5, 13, 18
1820.6, 13, 18
1820.7, 13, 19
1820.8, 13, 19
1820.9, 13, 19
1821, 13, 19
1821.1, 13, 19
1821.2, 13, 19
1821.3, 13, 19
1821.4, 13, 19
1821.5, 13, 19
1821.6, 13, 19
1821.7, 13, 19
1821.8, 13, 19
1821.9, 13, 19
1822, 13, 19
1822.1, 13, 19
1822.2, 13, 19
1822.3, 13, 19
1822.4, 13, 19
1822.5, 13, 19
1822.6, 13, 19
1822.7, 13, 19
1822.8, 13, 19
1822.9, 13, 19
1823, 13, 19
1823.1, 13, 19
1823.2, 13, 19
1823.3, 13, 19
1823.4, 13, 19
1823.5, 13, 19
1823.6, 13, 19
1823.7, 13, 19
1823.8, 13, 19
1823.9, 13, 19
1824, 13, 19
1824.1, 13, 19
1824.2, 13, 19
1824.3, 13, 19
1824.4, 13, 19
1824.5, 13, 19
1824.6, 13, 19
1824.7, 13, 19
1824.8, 13, 19
1824.9, 13, 19
1825, 13, 19
1825.1, 13, 19
1825.2, 13, 19
1825.3, 13, 19
1825.4, 13, 19
1825.5, 13, 19
1825.6, 13, 19
1825.7, 13, 19
1825.8, 13, 19
1825.9, 13, 19
1826, 13, 19
1826.1, 13, 19
1826.2, 13, 19
1826.3, 13, 19
1826.4, 13, 19
1826.5, 13, 18
1826.6, 13, 18
1826.7, 13, 18
1826.8, 13, 18
1826.9, 13, 19
1827, 13, 19
1827.1, 13, 19
1827.2, 13, 19
1827.3, 13, 19
1827.4, 13, 19
1827.5, 13, 19
1827.6, 13, 19
1827.7, 13, 19
1827.8, 13, 19
1827.9, 13, 19
1828, 13, 19
1828.1, 13, 19
1828.2, 13, 19
1828.3, 13, 19
1828.4, 13, 19
1828.5, 13, 19
1828.6, 13, 19
1828.7, 13, 19
1828.8, 13, 19
1828.9, 13, 19
1829, 13, 19
1829.1, 13, 20
1829.2, 13, 20
1829.3, 13, 20
1829.4, 13, 20
1829.5, 13, 20
1829.6, 13, 20
1829.7, 13, 20
1829.8, 13, 20
1829.9, 13, 20
1830, 13, 20
1830.1, 13, 20
1830.2, 13, 20
1830.3, 13, 20
1830.4, 13, 20
1830.5, 13, 20
1830.6, 13, 20
1830.7, 13, 20
1830.8, 13, 20
1830.9, 14, 20
1831, 14, 20
1831.1, 14, 20
1831.2, 14, 20
1831.3, 14, 20
1831.4, 14, 20
1831.5, 14, 20
1831.6, 14, 20
1831.7, 14, 20
1831.8, 14, 20
1831.9, 14, 20
1832, 14, 20
1832.1, 14, 20
1832.2, 14, 20
1832.3, 14, 20
1832.4, 14, 20
1832.5, 14, 20
1832.6, 14, 20
1832.7, 14, 20
1832.8, 14, 20
1832.9, 14, 21
1833, 14, 21
1833.1, 13, 21
1833.2, 13, 21
1833.3, 13, 21
1833.4, 13, 21
1833.5, 13, 21
1833.6, 13, 21
1833.7, 13, 20
1833.8, 13, 20
1833.9, 13, 20
1834, 13, 20
1834.1, 13, 20
1834.2, 13, 20
1834.3, 13, 20
1834.4, 13, 20
1834.5, 13, 20
1834.6, 13, 20
1834.7, 13, 20
1834.8, 13, 20
1834.9, 13, 20
1835, 13, 20
1835.1, 13, 20
1835.2, 13, 20
1835.3, 13, 21
1835.4, 13, 21
1835.5, 13, 21
1835.6, 13, 21
1835.7, 13, 21
1835.8, 13, 21
1835.9, 13, 21
1836, 13, 21
1836.1, 13, 21
1836.2, 13, 21
1836.3, 13, 21
1836.4, 13, 21
1836.5, 13, 21
1836.6, 13, 21
1836.7, 13, 21
1836.8, 13, 21
1836.9, 13, 21
1837, 13, 21
1837.1, 13, 21
1837.2, 13, 21
1837.3, 13, 22
1837.4, 13, 22
1837.5, 13, 22
1837.6, 13, 22
1837.7, 13, 22
1837.8, 13, 22
1837.9, 13, 22
1838, 13, 22
1838.1, 13, 22
1838.2, 13, 22
1838.3, 13, 22
1838.4, 13, 22
1838.5, 13, 22
1838.6, 13, 22
1838.7, 13, 22
1838.8, 13, 22
1838.9, 13, 22
1839, 13, 22
1839.1, 13, 22
1839.2, 13, 22
1839.3, 13, 22
1839.4, 13, 22
1839.5, 13, 22
1839.6, 13, 22
1839.7, 13, 22
1839.8, 13, 22
1839.9, 13, 22
1840, 13, 22
1840.1, 13, 22
1840.2, 13, 22
1840.3, 13, 22
1840.4, 13, 22
1840.5, 13, 22
1840.6, 13, 22
1840.7, 13, 22
1840.8, 13, 22
1840.9, 13, 22
1841, 13, 22
1841.1, 13, 22
1841.2, 13, 22
1841.3, 13, 22
1841.4, 13, 22
1841.5, 13, 22
1841.6, 13, 22
1841.7, 13, 22
1841.8, 13, 22
1841.9, 13, 22
1842, 13, 22
1842.1, 13, 22
1842.2, 13, 22
1842.3, 13, 22
1842.4, 13, 22
1842.5, 13, 22
1842.6, 13, 22
1842.7, 13, 22
1842.8, 13, 22
1842.9, 13, 22
1843, 13, 22
1843.1, 13, 22
1843.2, 13, 22
1843.3, 13, 22
1843.4, 13, 22
1843.5, 13, 22
1843.6, 13, 22
1843.7, 13, 22
1843.8, 13, 22
1843.9, 13, 22
1844, 13, 22
1844.1, 13, 22
1844.2, 13, 22
1844.3, 13, 22
1844.4, 13, 22
1844.5, 13, 22
1844.6, 13, 22
1844.7, 13, 22
1844.8, 13, 22
1844.9, 14, 22
1845, 14, 22
1845.1, 13, 22
1845.2, 13, 22
1845.3, 13, 22
1845.4, 13, 22
1845.5, 13, 22
1845.6, 13, 22
1845.7, 13, 22
1845.8, 13, 22
1845.9, 13, 22
1846, 13, 22
1846.1, 13, 22
1846.2, 13, 22
1846.3, 13, 22
1846.4, 13, 22
1846.5, 13, 22
1846.6, 13, 22
1846.7, 13, 23
1846.8, 13, 23
1846.9, 13, 23
1847, 13, 23
1847.1, 13, 23
1847.2, 13, 23
1847.3, 13, 23
1847.4, 13, 23
1847.5, 13, 23
1847.6, 13, 23
1847.7, 13, 23
1847.8, 13, 23
1847.9, 13, 23
1848, 13, 23
1848.1, 13, 22
1848.2, 13, 22
1848.3, 13, 22
1848.4, 13, 22
1848.5, 13, 22
1848.6, 13, 22
1848.7, 13, 22
1848.8, 13, 22
1848.9, 13, 22
1849, 13, 22
1849.1, 13, 22
1849.2, 13, 22
1849.3, 13, 22
1849.4, 13, 22
1849.5, 13, 22
1849.6, 13, 22
1849.7, 13, 22
1849.8, 13, 22
1849.9, 13, 22
1850, 13, 22
1850.1, 13, 22
1850.2, 13, 22
1850.3, 13, 22
1850.4, 13, 22
1850.5, 13, 22
1850.6, 13, 22
1850.7, 13, 22
1850.8, 13, 22
1850.9, 13, 22
1851, 13, 22
1851.1, 13, 23
1851.2, 13, 23
1851.3, 13, 23
1851.4, 13, 23
1851.5, 13, 23
1851.6, 13, 23
1851.7, 13, 23
1851.8, 13, 23
1851.9, 13, 23
1852, 13, 23
1852.1, 13, 23
1852.2, 13, 23
1852.3, 14, 23
1852.4, 14, 23
1852.5, 14, 23
1852.6, 14, 23
1852.7, 14, 23
1852.8, 14, 23
1852.9, 14, 23
1853, 14, 23
1853.1, 14, 23
1853.2, 14, 23
1853.3, 14, 23
1853.4, 14, 23
1853.5, 14, 22
1853.6, 14, 22
1853.7, 14, 22
1853.8, 14, 22
1853.9, 14, 22
1854, 14, 22
1854.1, 14, 22
1854.2, 14, 22
1854.3, 14, 22
1854.4, 14, 22
1854.5, 14, 22
1854.6, 14, 22
1854.7, 14, 22
1854.8, 14, 22
1854.9, 14, 22
1855, 14, 22
1855.1, 14, 22
1855.2, 14, 22
1855.3, 14, 22
1855.4, 14, 22
1855.5, 14, 22
1855.6, 14, 22
1855.7, 14, 22
1855.8, 14, 22
1855.9, 14, 22
1856, 14, 22
1856.1, 14, 22
1856.2, 14, 22
1856.3, 14, 22
1856.4, 14, 22
1856.5, 14, 22
1856.6, 14, 22
1856.7, 14, 22
1856.8, 14, 22
1856.9, 14, 22
1857, 14, 22
1857.1, 14, 22
1857.2, 14, 22
1857.3, 14, 22
1857.4, 14, 22
1857.5, 14, 22
1857.6, 14, 22
1857.7, 14, 22
1857.8, 14, 22
1857.9, 14, 22
1858, 14, 22
1858.1, 14, 22
1858.2, 14, 22
1858.3, 14, 22
1858.4, 14, 22
1858.5, 14, 22
1858.6, 14, 22
1858.7, 14, 22
1858.8, 14, 22
1858.9, 14, 22
1859, 14, 22
1859.1, 14, 22
1859.2, 14, 22
1859.3, 14, 22
1859.4, 14, 22
1859.5, 14, 21
1859.6, 14, 21
1859.7, 14, 21
1859.8, 14, 21
1859.9, 14, 21
1860, 14, 21
1860.1, 14, 21
1860.2, 14, 21
1860.3, 14, 21
1860.4, 14, 21
1860.5, 14, 21
1860.6, 14, 21
1860.7, 14, 21
1860.8, 14, 21
1860.9, 14, 21
1861, 14, 21
1861.1, 14, 21
1861.2, 14, 21
1861.3, 14, 21
1861.4, 14, 21
1861.5, 14, 21
1861.6, 14, 21
1861.7, 14, 21
1861.8, 14, 21
1861.9, 14, 21
1862, 14, 21
1862.1, 14, 21
1862.2, 14, 21
1862.3, 14, 21
1862.4, 14, 21
1862.5, 14, 21
1862.6, 14, 21
1862.7, 15, 21
1862.8, 15, 21
1862.9, 15, 21
1863, 15, 21
1863.1, 15, 21
1863.2, 15, 21
1863.3, 15, 21
1863.4, 15, 21
1863.5, 15, 21
1863.6, 15, 21
1863.7, 15, 21
1863.8, 15, 21
1863.9, 15, 21
1864, 15, 21
1864.1, 15, 21
1864.2, 15, 21
1864.3, 15, 21
1864.4, 15, 21
1864.5, 15, 21
1864.6, 15, 21
1864.7, 15, 21
1864.8, 15, 21
1864.9, 15, 21
1865, 15, 21
1865.1, 15, 21
1865.2, 15, 21
1865.3, 15, 21
1865.4, 15, 21
1865.5, 15, 21
1865.6, 15, 21
1865.7, 15, 21
1865.8, 15, 21
1865.9, 15, 21
1866, 15, 21
1866.1, 15, 21
1866.2, 15, 21
1866.3, 15, 21
1866.4, 15, 21
1866.5, 15, 21
1866.6, 15, 21
1866.7, 15, 21
1866.8, 15, 21
1866.9, 16, 21
1867, 16, 21
1867.1, 16, 21
1867.2, 16, 21
1867.3, 17, 21
1867.4, 17, 21
1867.5, 18, 21
1867.6, 18, 21
1867.7, 18, 21
1867.8, 18, 21
1867.9, 18, 21
1868, 18, 21
1868.1, 18, 21
1868.2, 18, 21
1868.3, 18, 21
1868.4, 18, 21
1868.5, 18, 21
1868.6, 18, 21
1868.7, 18, 21
1868.8, 18, 21
1868.9, 18, 21
1869, 18, 21
1869.1, 18, 21
1869.2, 18, 21
1869.3, 18, 21
1869.4, 18, 21
1869.5, 18, 21
1869.6, 18, 21
1869.7, 18, 21
1869.8, 18, 21
1869.9, 18, 21
1870, 18, 21
1870.1, 18, 21
1870.2, 18, 21
1870.3, 18, 21
1870.4, 18, 21
1870.5, 18, 21
1870.6, 18, 21
1870.7, 18, 22
1870.8, 18, 22
1870.9, 18, 22
1871, 18, 22
1871.1, 18, 22
1871.2, 18, 22
1871.3, 18, 22
1871.4, 18, 22
1871.5, 18, 22
1871.6, 18, 22
1871.7, 18, 22
1871.8, 18, 22
1871.9, 18, 22
1872, 18, 22
1872.1, 18, 22
1872.2, 18, 22
1872.3, 18, 22
1872.4, 18, 22
1872.5, 18, 22
1872.6, 18, 22
1872.7, 18, 22
1872.8, 18, 22
1872.9, 18, 21
1873, 18, 21
1873.1, 18, 20
1873.2, 18, 20
1873.3, 18, 20
1873.4, 18, 20
1873.5, 18, 20
1873.6, 18, 20
1873.7, 18, 20
1873.8, 18, 20
1873.9, 18, 20
1874, 18, 20
1874.1, 18, 20
1874.2, 18, 20
1874.3, 17, 20
1874.4, 17, 20
1874.5, 17, 20
1874.6, 17, 20
1874.7, 17, 20
1874.8, 17, 20
1874.9, 17, 20
1875, 17, 20
1875.1, 17, 20
1875.2, 17, 20
1875.3, 17, 20
1875.4, 17, 20
1875.5, 17, 20
1875.6, 17, 20
1875.7, 17, 20
1875.8, 17, 20
1875.9, 17, 20
1876, 17, 20
1876.1, 17, 20
1876.2, 17, 20
1876.3, 17, 20
1876.4, 17, 20
1876.5, 17, 20
1876.6, 17, 20
1876.7, 17, 20
1876.8, 17, 20
1876.9, 17, 20
1877, 17, 20
1877.1, 17, 20
1877.2, 17, 20
1877.3, 17, 20
1877.4, 17, 20
1877.5, 17, 20
1877.6, 17, 20
1877.7, 17, 20
1877.8, 17, 20
1877.9, 17, 20
1878, 17, 20
1878.1, 17, 20
1878.2, 17, 20
1878.3, 17, 20
1878.4, 17, 20
1878.5, 17, 20
1878.6, 17, 20
1878.7, 17, 20
1878.8, 17, 20
1878.9, 17, 20
1879, 17, 20
1879.1, 17, 19
1879.2, 17, 19
1879.3, 17, 19
1879.4, 17, 19
1879.5, 17, 19
1879.6, 17, 19
1879.7, 17, 19
1879.8, 17, 19
1879.9, 17, 19
1880, 17, 19
1880.1, 17, 19
1880.2, 17, 19
1880.3, 17, 19
1880.4, 17, 19
1880.5, 17, 19
1880.6, 17, 19
1880.7, 17, 19
1880.8, 17, 19
1880.9, 17, 19
1881, 17, 19
1881.1, 17, 19
1881.2, 17, 19
1881.3, 17, 19
1881.4, 17, 19
1881.5, 17, 19
1881.6, 17, 19
1881.7, 17, 19
1881.8, 17, 19
1881.9, 17, 19
1882, 17, 19
1882.1, 17, 19
1882.2, 17, 19
1882.3, 17, 19
1882.4, 17, 19
1882.5, 17, 18
1882.6, 17, 18
1882.7, 17, 18
1882.8, 17, 18
1882.9, 16, 18
1883, 16, 18
1883.1, 16, 18
1883.2, 16, 18
1883.3, 16, 18
1883.4, 16, 18
1883.5, 16, 17
1883.6, 16, 17
1883.7, 16, 17
1883.8, 16, 17
1883.9, 16, 17
1884, 16, 17
1884.1, 16, 17
1884.2, 16, 17
1884.3, 16, 17
1884.4, 16, 17
1884.5, 16, 17
1884.6, 16, 17
1884.7, 16, 17
1884.8, 16, 17
1884.9, 16, 17
1885, 16, 17
1885.1, 16, 17
1885.2, 16, 17
1885.3, 16, 17
1885.4, 16, 17
1885.5, 16, 17
1885.6, 16, 17
1885.7, 16, 17
1885.8, 16, 17
1885.9, 16, 17
1886, 16, 17
1886.1, 16, 17
1886.2, 16, 17
1886.3, 16, 18
1886.4, 16, 18
1886.5, 15, 18
1886.6, 15, 18
1886.7, 15, 19
1886.8, 15, 19
1886.9, 15, 19
1887, 15, 19
1887.1, 15, 19
1887.2, 15, 19
1887.3, 15, 19
1887.4, 15, 19
1887.5, 16, 19
1887.6, 16, 19
1887.7, 16, 19
1887.8, 16, 19
1887.9, 16, 19
1888, 16, 19
1888.1, 16, 19
1888.2, 16, 19
1888.3, 16, 19
1888.4, 16, 19
1888.5, 16, 19
1888.6, 16, 19
1888.7, 16, 19
1888.8, 16, 19
1888.9, 16, 19
1889, 16, 19
1889.1, 16, 19
1889.2, 16, 19
1889.3, 16, 18
1889.4, 16, 18
1889.5, 16, 18
1889.6, 16, 18
1889.7, 16, 18
1889.8, 16, 18
1889.9, 16, 18
1890, 16, 18
1890.1, 16, 18
1890.2, 16, 18
1890.3, 16, 18
1890.4, 16, 18
1890.5, 16, 18
1890.6, 16, 18
1890.7, 16, 18
1890.8, 16, 18
1890.9, 16, 18
1891, 16, 18
1891.1, 16, 18
1891.2, 16, 18
1891.3, 16, 18
1891.4, 16, 18
1891.5, 17, 18
1891.6, 17, 18
1891.7, 17, 18
1891.8, 17, 18
1891.9, 17, 17
1892, 17, 17
1892.1, 17, 17
1892.2, 17, 17
1892.3, 17, 17
1892.4, 17, 17
1892.5, 17, 17
1892.6, 17, 17
1892.7, 17, 17
1892.8, 17, 17
1892.9, 17, 17
1893, 17, 17
1893.1, 17, 17
1893.2, 17, 17
1893.3, 17, 17
1893.4, 17, 17
1893.5, 17, 17
1893.6, 17, 17
1893.7, 17, 17
1893.8, 17, 17
1893.9, 17, 17
1894, 17, 17
1894.1, 17, 17
1894.2, 17, 17
1894.3, 17, 17
1894.4, 17, 17
1894.5, 17, 17
1894.6, 17, 17
1894.7, 17, 17
1894.8, 17, 17
1894.9, 17, 17
1895, 17, 17
1895.1, 17, 17
1895.2, 17, 17
1895.3, 17, 17
1895.4, 17, 17
1895.5, 17, 17
1895.6, 17, 17
1895.7, 17, 17
1895.8, 17, 17
1895.9, 16, 17
1896, 16, 17
1896.1, 16, 17
1896.2, 16, 17
1896.3, 16, 17
1896.4, 16, 17
1896.5, 15, 17
1896.6, 15, 17
1896.7, 15, 16
1896.8, 15, 16
1896.9, 15, 16
1897, 15, 16
1897.1, 15, 16
1897.2, 15, 16
1897.3, 15, 16
1897.4, 15, 16
1897.5, 15, 16
1897.6, 15, 16
1897.7, 15, 16
1897.8, 15, 16
1897.9, 15, 16
1898, 15, 16
1898.1, 15, 16
1898.2, 15, 16
1898.3, 15, 16
1898.4, 15, 16
1898.5, 15, 16
1898.6, 15, 16
1898.7, 15, 16
1898.8, 15, 16
1898.9, 15, 17
1899, 15, 17
1899.1, 15, 17
1899.2, 15, 17
1899.3, 15, 17
1899.4, 15, 17
1899.5, 15, 18
1899.6, 15, 18
1899.7, 15, 18
1899.8, 15, 18
1899.9, 15, 18
1900, 15, 18
1900.1, 15, 18
1900.2, 15, 18
1900.3, 15, 18
1900.4, 15, 18
1900.5, 15, 18
1900.6, 15, 18
1900.7, 15, 18
1900.8, 15, 18
1900.9, 15, 18
1901, 15, 18
1901.1, 15, 18
1901.2, 15, 18
1901.3, 15, 18
1901.4, 15, 18
1901.5, 15, 18
1901.6, 15, 18
1901.7, 15, 18
1901.8, 15, 18
1901.9, 15, 18
1902, 15, 18
1902.1, 15, 18
1902.2, 15, 18
1902.3, 15, 18
1902.4, 15, 18
1902.5, 15, 18
1902.6, 15, 18
1902.7, 15, 18
1902.8, 15, 18
1902.9, 15, 18
1903, 15, 18
1903.1, 15, 18
1903.2, 15, 18
1903.3, 15, 18
1903.4, 15, 18
1903.5, 15, 18
1903.6, 15, 18
1903.7, 15, 18
1903.8, 15, 18
1903.9, 15, 18
1904, 15, 18
1904.1, 15, 18
1904.2, 15, 18
1904.3, 15, 18
1904.4, 15, 18
1904.5, 15, 18
1904.6, 15, 18
1904.7, 15, 18
1904.8, 15, 18
1904.9, 15, 18
1905, 15, 18
1905.1, 15, 18
1905.2, 15, 18
1905.3, 15, 18
1905.4, 15, 18
1905.5, 15, 18
1905.6, 15, 18
1905.7, 15, 18
1905.8, 15, 18
1905.9, 15, 18
1906, 15, 18
1906.1, 15, 18
1906.2, 15, 18
1906.3, 15, 18
1906.4, 15, 18
1906.5, 14, 18
1906.6, 14, 18
1906.7, 14, 18
1906.8, 14, 18
1906.9, 14, 18
1907, 14, 18
1907.1, 13, 18
1907.2, 13, 18
1907.3, 13, 18
1907.4, 13, 18
1907.5, 13, 18
1907.6, 13, 18
1907.7, 13, 18
1907.8, 13, 18
1907.9, 13, 18
1908, 13, 18
1908.1, 13, 18
1908.2, 13, 18
1908.3, 13, 18
1908.4, 13, 18
1908.5, 13, 18
1908.6, 13, 18
1908.7, 13, 18
1908.8, 13, 18
1908.9, 13, 18
1909, 13, 18
1909.1, 13, 18
1909.2, 13, 18
1909.3, 13, 18
1909.4, 13, 18
1909.5, 13, 18
1909.6, 13, 18
1909.7, 13, 18
1909.8, 13, 18
1909.9, 13, 18
1910, 13, 18
1910.1, 13, 18
1910.2, 13, 18
1910.3, 13, 18
1910.4, 13, 18
1910.5, 13, 18
1910.6, 13, 18
1910.7, 13, 18
1910.8, 13, 18
1910.9, 13, 18
1911, 13, 18
1911.1, 13, 18
1911.2, 13, 18
1911.3, 13, 18
1911.4, 13, 18
1911.5, 13, 18
1911.6, 13, 18
1911.7, 13, 18
1911.8, 13, 18
1911.9, 13, 18
1912, 13, 18
1912.1, 14, 18
1912.2, 14, 18
1912.3, 14, 18
1912.4, 14, 18
1912.5, 14, 18
1912.6, 14, 18
1912.7, 14, 18
1912.8, 14, 18
1912.9, 14, 18
1913, 14, 18
1913.1, 14, 18
1913.2, 14, 18
1913.3, 14, 18
1913.4, 14, 18
1913.5, 14, 18
1913.6, 14, 18
1913.7, 14, 18
1913.8, 14, 18
1913.9, 14, 18
1914, 14, 18
1914.1, 14, 18
1914.2, 14, 18
1914.3, 14, 18
1914.4, 14, 18
1914.5, 14, 18
1914.6, 14, 18
1914.7, 14, 18
1914.8, 14, 18
1914.9, 14, 18
1915, 14, 18
1915.1, 14, 18
1915.2, 14, 18
1915.3, 14, 18
1915.4, 14, 18
1915.5, 14, 18
1915.6, 14, 18
1915.7, 14, 18
1915.8, 14, 18
1915.9, 14, 18
1916, 14, 18
1916.1, 14, 18
1916.2, 14, 18
1916.3, 14, 18
1916.4, 14, 18
1916.5, 14, 18
1916.6, 14, 18
1916.7, 14, 18
1916.8, 14, 18
1916.9, 14, 18
1917, 14, 18
1917.1, 14, 18
1917.2, 14, 18
1917.3, 14, 18
1917.4, 14, 18
1917.5, 14, 18
1917.6, 14, 18
1917.7, 14, 18
1917.8, 14, 18
1917.9, 14, 18
1918, 14, 18
1918.1, 14, 18
1918.2, 14, 18
1918.3, 14, 18
1918.4, 14, 18
1918.5, 14, 17
1918.6, 14, 17
1918.7, 14, 17
1918.8, 14, 17
1918.9, 14, 17
1919, 14, 17
1919.1, 14, 17
1919.2, 14, 17
1919.3, 14, 17
1919.4, 14, 17
1919.5, 14, 17
1919.6, 14, 17
1919.7, 14, 17
1919.8, 14, 17
1919.9, 14, 17
1920, 14, 17
1920.1, 14, 17
1920.2, 14, 17
1920.3, 14, 17
1920.4, 14, 17
1920.5, 14, 17
1920.6, 14, 17
1920.7, 14, 17
1920.8, 14, 17
1920.9, 14, 17
1921, 14, 17
1921.1, 14, 17
1921.2, 14, 17
1921.3, 14, 17
1921.4, 14, 17
1921.5, 14, 17
1921.6, 14, 17
1921.7, 14, 17
1921.8, 14, 17
1921.9, 14, 17
1922, 14, 17
1922.1, 14, 18
1922.2, 14, 18
1922.3, 14, 18
1922.4, 14, 18
1922.5, 14, 18
1922.6, 14, 18
1922.7, 14, 18
1922.8, 14, 18
1922.9, 14, 18
1923, 14, 18
1923.1, 14, 18
1923.2, 14, 18
1923.3, 14, 18
1923.4, 14, 18
1923.5, 14, 18
1923.6, 14, 18
1923.7, 14, 18
1923.8, 14, 18
1923.9, 14, 18
1924, 14, 18
1924.1, 14, 18
1924.2, 14, 18
1924.3, 15, 18
1924.4, 15, 18
1924.5, 15, 18
1924.6, 15, 18
1924.7, 15, 18
1924.8, 15, 18
1924.9, 15, 18
1925, 15, 18
1925.1, 15, 18
1925.2, 15, 18
1925.3, 15, 18
1925.4, 15, 18
1925.5, 15, 18
1925.6, 15, 18
1925.7, 15, 18
1925.8, 15, 18
1925.9, 15, 18
1926, 15, 18
1926.1, 15, 18
1926.2, 15, 18
1926.3, 15, 18
1926.4, 15, 18
1926.5, 15, 18
1926.6, 15, 18
1926.7, 15, 18
1926.8, 15, 18
1926.9, 15, 19
1927, 15, 19
1927.1, 15, 19
1927.2, 15, 19
1927.3, 15, 19
1927.4, 15, 19
1927.5, 15, 19
1927.6, 15, 19
1927.7, 15, 19
1927.8, 15, 19
1927.9, 15, 19
1928, 15, 19
1928.1, 15, 19
1928.2, 15, 19
1928.3, 15, 19
1928.4, 15, 19
1928.5, 15, 19
1928.6, 15, 19
1928.7, 15, 19
1928.8, 15, 19
1928.9, 15, 19
1929, 15, 19
1929.1, 15, 19
1929.2, 15, 19
1929.3, 16, 19
1929.4, 16, 19
1929.5, 16, 19
1929.6, 16, 19
1929.7, 16, 19
1929.8, 16, 19
1929.9, 16, 19
1930, 16, 19
1930.1, 16, 19
1930.2, 16, 19
1930.3, 16, 19
1930.4, 16, 19
1930.5, 16, 19
1930.6, 16, 19
1930.7, 16, 19
1930.8, 16, 19
1930.9, 16, 19
1931, 16, 19
1931.1, 16, 19
1931.2, 16, 19
1931.3, 16, 19
1931.4, 16, 19
1931.5, 16, 19
1931.6, 16, 19
1931.7, 16, 19
1931.8, 16, 19
1931.9, 16, 19
1932, 16, 19
1932.1, 16, 19
1932.2, 16, 19
1932.3, 16, 19
1932.4, 16, 19
1932.5, 16, 19
1932.6, 16, 19
1932.7, 16, 19
1932.8, 16, 19
1932.9, 16, 19
1933, 16, 19
1933.1, 16, 18
1933.2, 16, 18
1933.3, 16, 18
1933.4, 16, 18
1933.5, 16, 19
1933.6, 16, 19
1933.7, 16, 18
1933.8, 16, 18
1933.9, 17, 18
1934, 17, 18
1934.1, 17, 18
1934.2, 17, 18
1934.3, 17, 17
1934.4, 17, 17
1934.5, 17, 17
1934.6, 17, 17
1934.7, 17, 17
1934.8, 17, 17
1934.9, 17, 17
1935, 17, 17
1935.1, 17, 17
1935.2, 17, 17
1935.3, 17, 17
1935.4, 17, 17
1935.5, 17, 17
1935.6, 17, 17
1935.7, 17, 17
1935.8, 17, 17
1935.9, 17, 17
1936, 17, 17
1936.1, 17, 17
1936.2, 17, 17
1936.3, 17, 17
1936.4, 17, 17
1936.5, 17, 17
1936.6, 17, 17
1936.7, 17, 17
1936.8, 17, 17
1936.9, 17, 17
1937, 17, 17
1937.1, 17, 17
1937.2, 17, 17
1937.3, 17, 17
1937.4, 17, 17
1937.5, 17, 17
1937.6, 17, 17
1937.7, 17, 17
1937.8, 17, 17
1937.9, 17, 17
1938, 17, 17
1938.1, 17, 17
1938.2, 17, 17
1938.3, 17, 17
1938.4, 17, 17
1938.5, 17, 17
1938.6, 17, 17
1938.7, 17, 17
1938.8, 17, 17
1938.9, 18, 17
1939, 18, 17
1939.1, 18, 17
1939.2, 18, 17
1939.3, 18, 17
1939.4, 18, 17
1939.5, 18, 17
1939.6, 18, 17
1939.7, 18, 17
1939.8, 18, 17
1939.9, 18, 17
1940, 18, 17
1940.1, 18, 17
1940.2, 18, 17
1940.3, 18, 17
1940.4, 18, 17
1940.5, 18, 17
1940.6, 18, 17
1940.7, 18, 17
1940.8, 18, 17
1940.9, 18, 17
1941, 18, 17
1941.1, 18, 17
1941.2, 18, 17
1941.3, 18, 17
1941.4, 18, 17
1941.5, 18, 17
1941.6, 18, 17
1941.7, 18, 17
1941.8, 18, 17
1941.9, 18, 17
1942, 18, 17
1942.1, 18, 17
1942.2, 18, 17
1942.3, 18, 16
1942.4, 18, 16
1942.5, 18, 16
1942.6, 18, 16
1942.7, 18, 16
1942.8, 18, 16
1942.9, 18, 16
1943, 18, 16
1943.1, 18, 16
1943.2, 18, 16
1943.3, 18, 16
1943.4, 18, 16
1943.5, 18, 16
1943.6, 18, 16
1943.7, 18, 16
1943.8, 18, 16
1943.9, 18, 16
1944, 18, 16
1944.1, 18, 16
1944.2, 18, 16
1944.3, 18, 16
1944.4, 18, 16
1944.5, 18, 16
1944.6, 18, 16
1944.7, 19, 16
1944.8, 19, 16
1944.9, 19, 16
1945, 19, 16
1945.1, 19, 16
1945.2, 19, 16
1945.3, 19, 16
1945.4, 19, 16
1945.5, 19, 16
1945.6, 19, 16
1945.7, 19, 16
1945.8, 19, 16
1945.9, 19, 16
1946, 19, 16
1946.1, 20, 16
1946.2, 20, 16
1946.3, 20, 16
1946.4, 20, 16
1946.5, 20, 16
1946.6, 20, 16
1946.7, 21, 16
1946.8, 21, 16
1946.9, 21, 16
1947, 21, 16
1947.1, 20, 16
1947.2, 20, 16
1947.3, 20, 16
1947.4, 20, 16
1947.5, 20, 16
1947.6, 20, 16
1947.7, 20, 16
1947.8, 20, 16
1947.9, 20, 16
1948, 20, 16
1948.1, 20, 16
1948.2, 20, 16
1948.3, 20, 16
1948.4, 20, 16
1948.5, 20, 16
1948.6, 20, 16
1948.7, 20, 16
1948.8, 20, 16
1948.9, 20, 16
1949, 20, 16
1949.1, 20, 16
1949.2, 20, 16
1949.3, 20, 16
1949.4, 20, 16
1949.5, 20, 16
1949.6, 20, 16
1949.7, 20, 16
1949.8, 20, 16
1949.9, 20, 16
1950, 20, 16
1950.1, 20, 16
1950.2, 20, 16
1950.3, 20, 16
1950.4, 20, 16
1950.5, 20, 16
1950.6, 20, 16
1950.7, 20, 16
1950.8, 20, 16
1950.9, 19, 16
1951, 19, 16
1951.1, 19, 16
1951.2, 19, 16
1951.3, 19, 16
1951.4, 19, 16
1951.5, 19, 16
1951.6, 19, 16
1951.7, 19, 16
1951.8, 19, 16
1951.9, 19, 16
1952, 19, 16
1952.1, 19, 16
1952.2, 19, 16
1952.3, 19, 16
1952.4, 19, 16
1952.5, 19, 16
1952.6, 19, 16
1952.7, 19, 16
1952.8, 19, 16
1952.9, 19, 16
1953, 19, 16
1953.1, 19, 16
1953.2, 19, 16
1953.3, 19, 16
1953.4, 19, 16
1953.5, 19, 16
1953.6, 19, 16
1953.7, 19, 16
1953.8, 19, 16
1953.9, 19, 16
1954, 19, 16
1954.1, 19, 16
1954.2, 19, 16
1954.3, 19, 16
1954.4, 19, 16
1954.5, 19, 16
1954.6, 19, 16
1954.7, 19, 16
1954.8, 19, 16
1954.9, 19, 16
1955, 19, 16
1955.1, 19, 16
1955.2, 19, 16
1955.3, 19, 16
1955.4, 19, 16
1955.5, 19, 16
1955.6, 19, 16
1955.7, 18, 16
1955.8, 18, 16
1955.9, 18, 16
1956, 18, 16
1956.1, 18, 16
1956.2, 18, 16
1956.3, 18, 16
1956.4, 18, 16
1956.5, 18, 16
1956.6, 18, 16
1956.7, 18, 17
1956.8, 18, 17
1956.9, 18, 17
1957, 18, 17
1957.1, 19, 17
1957.2, 19, 17
1957.3, 19, 17
1957.4, 19, 17
1957.5, 19, 17
1957.6, 19, 17
1957.7, 19, 17
1957.8, 19, 17
1957.9, 19, 17
1958, 19, 17
1958.1, 19, 17
1958.2, 19, 17
1958.3, 19, 17
1958.4, 19, 17
1958.5, 19, 18
1958.6, 19, 18
1958.7, 19, 18
1958.8, 19, 18
1958.9, 19, 18
1959, 19, 18
1959.1, 19, 18
1959.2, 19, 18
1959.3, 19, 18
1959.4, 19, 18
1959.5, 19, 18
1959.6, 19, 18
1959.7, 19, 18
1959.8, 19, 18
1959.9, 19, 18
1960, 19, 18
1960.1, 19, 18
1960.2, 19, 18
1960.3, 19, 18
1960.4, 19, 18
1960.5, 19, 17
1960.6, 19, 17
1960.7, 19, 17
1960.8, 19, 17
1960.9, 19, 17
1961, 19, 17
1961.1, 19, 17
1961.2, 19, 17
1961.3, 19, 17
1961.4, 19, 17
1961.5, 19, 17
1961.6, 19, 17
1961.7, 19, 17
1961.8, 19, 17
1961.9, 19, 17
1962, 19, 17
1962.1, 19, 17
1962.2, 19, 17
1962.3, 19, 17
1962.4, 19, 17
1962.5, 19, 17
1962.6, 19, 17
1962.7, 19, 17
1962.8, 19, 17
1962.9, 19, 17
1963, 19, 17
1963.1, 19, 17
1963.2, 19, 17
1963.3, 19, 17
1963.4, 19, 17
1963.5, 19, 17
1963.6, 19, 17
1963.7, 19, 17
1963.8, 19, 17
1963.9, 19, 17
1964, 19, 17
1964.1, 19, 17
1964.2, 19, 17
1964.3, 19, 17
1964.4, 19, 17
1964.5, 19, 17
1964.6, 19, 17
1964.7, 19, 17
1964.8, 19, 17
1964.9, 19, 17
1965, 19, 17
1965.1, 19, 17
1965.2, 19, 17
1965.3, 19, 17
1965.4, 19, 17
1965.5, 19, 17
1965.6, 19, 17
1965.7, 19, 17
1965.8, 19, 17
1965.9, 19, 17
1966, 19, 17
1966.1, 19, 17
1966.2, 19, 17
1966.3, 19, 17
1966.4, 19, 17
1966.5, 19, 17
1966.6, 19, 17
1966.7, 19, 17
1966.8, 19, 17
1966.9, 19, 17
1967, 19, 17
1967.1, 19, 17
1967.2, 19, 17
1967.3, 19, 17
1967.4, 19, 17
1967.5, 19, 17
1967.6, 19, 17
1967.7, 19, 17
1967.8, 19, 17
1967.9, 18, 17
1968, 18, 17
1968.1, 18, 17
1968.2, 18, 17
1968.3, 18, 17
1968.4, 18, 17
1968.5, 18, 17
1968.6, 18, 17
1968.7, 18, 17
1968.8, 18, 17
1968.9, 18, 17
1969, 18, 17
1969.1, 18, 17
1969.2, 18, 17
1969.3, 18, 17
1969.4, 18, 17
1969.5, 18, 17
1969.6, 18, 17
1969.7, 18, 17
1969.8, 18, 17
1969.9, 18, 17
1970, 18, 17
1970.1, 18, 17
1970.2, 18, 17
1970.3, 18, 17
1970.4, 18, 17
1970.5, 18, 17
1970.6, 18, 17
1970.7, 18, 17
1970.8, 18, 17
1970.9, 18, 17
1971, 18, 17
1971.1, 18, 17
1971.2, 18, 17
1971.3, 18, 17
1971.4, 18, 17
1971.5, 18, 17
1971.6, 18, 17
1971.7, 19, 17
1971.8, 19, 17
1971.9, 19, 16
1972, 19, 16
1972.1, 19, 16
1972.2, 19, 16
1972.3, 20, 16
1972.4, 20, 16
1972.5, 20, 16
1972.6, 20, 16
1972.7, 20, 16
1972.8, 20, 16
1972.9, 20, 16
1973, 20, 16
1973.1, 20, 16
1973.2, 20, 16
1973.3, 20, 16
1973.4, 20, 16
1973.5, 20, 16
1973.6, 20, 16
1973.7, 20, 16
1973.8, 20, 16
1973.9, 20, 16
1974, 20, 16
1974.1, 20, 16
1974.2, 20, 16
1974.3, 20, 16
1974.4, 20, 16
1974.5, 20, 16
1974.6, 20, 16
1974.7, 20, 16
1974.8, 20, 16
1974.9, 20, 16
1975, 20, 16
1975.1, 20, 16
1975.2, 20, 16
1975.3, 20, 16
1975.4, 20, 16
1975.5, 20, 16
1975.6, 20, 16
1975.7, 20, 16
1975.8, 20, 16
1975.9, 20, 16
1976, 20, 16
1976.1, 20, 17
1976.2, 20, 17
1976.3, 20, 17
1976.4, 20, 17
1976.5, 20, 17
1976.6, 20, 17
1976.7, 20, 17
1976.8, 20, 17
1976.9, 20, 17
1977, 20, 17
1977.1, 20, 17
1977.2, 20, 17
1977.3, 20, 17
1977.4, 20, 17
1977.5, 20, 17
1977.6, 20, 17
1977.7, 20, 17
1977.8, 20, 17
1977.9, 19, 17
1978, 19, 17
1978.1, 19, 17
1978.2, 19, 17
1978.3, 19, 17
1978.4, 19, 17
1978.5, 19, 17
1978.6, 19, 17
1978.7, 19, 17
1978.8, 19, 17
1978.9, 20, 17
1979, 20, 17
1979.1, 20, 17
1979.2, 20, 17
1979.3, 20, 17
1979.4, 20, 17
1979.5, 20, 17
1979.6, 20, 17
1979.7, 20, 17
1979.8, 20, 17
1979.9, 20, 17
1980, 20, 17
1980.1, 20, 17
1980.2, 20, 17
1980.3, 20, 17
1980.4, 20, 17
1980.5, 20, 17
1980.6, 20, 17
1980.7, 20, 17
1980.8, 20, 17
1980.9, 20, 16
1981, 20, 16
1981.1, 20, 16
1981.2, 20, 16
1981.3, 20, 16
1981.4, 20, 16
1981.5, 19, 16
1981.6, 19, 16
1981.7, 19, 16
1981.8, 19, 16
1981.9, 19, 16
1982, 19, 16
1982.1, 19, 16
1982.2, 19, 16
1982.3, 19, 16
1982.4, 19, 16
1982.5, 19, 16
1982.6, 19, 16
1982.7, 19, 15
1982.8, 19, 15
1982.9, 19, 15
1983, 19, 15
1983.1, 19, 15
1983.2, 19, 15
1983.3, 19, 15
1983.4, 19, 15
1983.5, 18, 15
1983.6, 18, 15
1983.7, 18, 15
1983.8, 18, 15
1983.9, 18, 15
1984, 18, 15
1984.1, 18, 15
1984.2, 18, 15
1984.3, 18, 15
1984.4, 18, 15
1984.5, 18, 15
1984.6, 18, 15
1984.7, 18, 15
1984.8, 18, 15
1984.9, 18, 15
1985, 18, 15
1985.1, 18, 14
1985.2, 18, 14
1985.3, 18, 14
1985.4, 18, 14
1985.5, 18, 14
1985.6, 18, 14
1985.7, 18, 14
1985.8, 18, 14
1985.9, 18, 14
1986, 18, 14
1986.1, 18, 14
1986.2, 18, 14
1986.3, 18, 14
1986.4, 18, 14
1986.5, 18, 14
1986.6, 18, 14
1986.7, 18, 14
1986.8, 18, 14
1986.9, 18, 13
1987, 18, 13
1987.1, 18, 13
1987.2, 18, 13
1987.3, 18, 13
1987.4, 18, 13
1987.5, 18, 13
1987.6, 18, 13
1987.7, 18, 13
1987.8, 18, 13
1987.9, 18, 13
1988, 18, 13
1988.1, 18, 13
1988.2, 18, 13
1988.3, 18, 13
1988.4, 18, 13
1988.5, 18, 13
1988.6, 18, 13
1988.7, 18, 13
1988.8, 18, 13
1988.9, 18, 13
1989, 18, 13
1989.1, 18, 13
1989.2, 18, 13
1989.3, 19, 13
1989.4, 19, 13
1989.5, 19, 13
1989.6, 19, 13
1989.7, 19, 13
1989.8, 19, 13
1989.9, 19, 13
1990, 19, 13
1990.1, 18, 13
1990.2, 18, 13
1990.3, 18, 13
1990.4, 18, 13
1990.5, 18, 13
1990.6, 18, 13
1990.7, 18, 13
1990.8, 18, 13
1990.9, 18, 13
1991, 18, 13
1991.1, 18, 13
1991.2, 18, 13
1991.3, 18, 13
1991.4, 18, 13
1991.5, 18, 13
1991.6, 18, 13
1991.7, 19, 13
1991.8, 19, 13
1991.9, 19, 13
1992, 19, 13
1992.1, 19, 13
1992.2, 19, 13
1992.3, 19, 13
1992.4, 19, 13
1992.5, 19, 13
1992.6, 19, 13
1992.7, 19, 13
1992.8, 19, 13
1992.9, 19, 13
1993, 19, 13
1993.1, 19, 13
1993.2, 19, 13
1993.3, 19, 13
1993.4, 19, 13
1993.5, 20, 13
1993.6, 20, 13
1993.7, 20, 13
1993.8, 20, 13
1993.9, 20, 13
1994, 20, 13
1994.1, 20, 13
1994.2, 20, 13
1994.3, 20, 13
1994.4, 20, 13
1994.5, 20, 13
1994.6, 20, 13
1994.7, 20, 13
1994.8, 20, 13
1994.9, 20, 13
1995, 20, 13
1995.1, 20, 13
1995.2, 20, 13
1995.3, 20, 13
1995.4, 20, 13
1995.5, 20, 13
1995.6, 20, 13
1995.7, 20, 13
1995.8, 20, 13
1995.9, 20, 13
1996, 20, 13
1996.1, 20, 13
1996.2, 20, 13
1996.3, 20, 12
1996.4, 20, 12
1996.5, 20, 12
1996.6, 20, 12
1996.7, 20, 12
1996.8, 20, 12
1996.9, 20, 12
1997, 20, 12
1997.1, 20, 12
1997.2, 20, 12
1997.3, 20, 12
1997.4, 20, 12
1997.5, 20, 12
1997.6, 20, 12
1997.7, 20, 12
1997.8, 20, 12
1997.9, 20, 12
1998, 20, 12
1998.1, 20, 12
1998.2, 20, 12
1998.3, 19, 12
1998.4, 19, 12
1998.5, 19, 12
1998.6, 19, 12
1998.7, 19, 12
1998.8, 19, 12
1998.9, 19, 12
1999, 19, 12
1999.1, 19, 12
1999.2, 19, 12
1999.3, 19, 12
1999.4, 19, 12
1999.5, 19, 12
1999.6, 19, 12
1999.7, 19, 12
1999.8, 19, 12
1999.9, 19, 12
2000, 19, 12
2000.1, 19, 12
2000.2, 19, 12
2000.3, 19, 12
2000.4, 19, 12
2000.5, 19, 12
2000.6, 19, 12
2000.7, 19, 12
2000.8, 19, 12
2000.9, 19, 12
2001, 19, 12
2001.1, 19, 12
2001.2, 19, 12
2001.3, 19, 12
2001.4, 19, 12
2001.5, 19, 12
2001.6, 19, 12
2001.7, 19, 12
2001.8, 19, 12
2001.9, 19, 12
2002, 19, 12
2002.1, 19, 12
2002.2, 19, 12
2002.3, 20, 12
2002.4, 20, 12
2002.5, 20, 12
2002.6, 20, 12
2002.7, 20, 12
2002.8, 20, 12
2002.9, 20, 12
2003, 20, 12
2003.1, 20, 12
2003.2, 20, 12
2003.3, 20, 12
2003.4, 20, 12
2003.5, 20, 12
2003.6, 20, 12
2003.7, 20, 12
2003.8, 20, 12
2003.9, 20, 12
2004, 20, 12
2004.1, 20, 12
2004.2, 20, 12
2004.3, 20, 12
2004.4, 20, 12
2004.5, 20, 12
2004.6, 20, 12
2004.7, 20, 12
2004.8, 20, 12
2004.9, 20, 12
2005, 20, 12
2005.1, 21, 12
2005.2, 21, 12
2005.3, 20, 12
2005.4, 20, 12
2005.5, 20, 12
2005.6, 20, 12
2005.7, 20, 12
2005.8, 20, 12
2005.9, 20, 12
2006, 20, 12
2006.1, 20, 12
2006.2, 20, 12
2006.3, 20, 12
2006.4, 20, 12
2006.5, 20, 12
2006.6, 20, 12
2006.7, 20, 12
2006.8, 20, 12
2006.9, 20, 12
2007, 20, 12
2007.1, 20, 12
2007.2, 20, 12
2007.3, 20, 12
2007.4, 20, 12
2007.5, 20, 11
2007.6, 20, 11
2007.7, 20, 10
2007.8, 20, 10
2007.9, 20, 10
2008, 20, 10
2008.1, 20, 10
2008.2, 20, 10
2008.3, 20, 10
2008.4, 20, 10
2008.5, 20, 10
2008.6, 20, 10
2008.7, 20, 10
2008.8, 20, 10
2008.9, 20, 10
2009, 20, 10
2009.1, 20, 10
2009.2, 20, 10
2009.3, 20, 10
2009.4, 20, 10
2009.5, 20, 10
2009.6, 20, 10
2009.7, 20, 10
2009.8, 20, 10
2009.9, 20, 10
2010, 20, 10
2010.1, 20, 10
2010.2, 20, 10
2010.3, 20, 10
2010.4, 20, 10
2010.5, 20, 10
2010.6, 20, 10
2010.7, 20, 10
2010.8, 20, 10
2010.9, 20, 10
2011, 20, 10
2011.1, 20, 10
2011.2, 20, 10
2011.3, 20, 10
2011.4, 20, 10
2011.5, 20, 10
2011.6, 20, 10
2011.7, 20, 10
2011.8, 20, 10
2011.9, 20, 10
2012, 20, 10
2012.1, 20, 10
2012.2, 20, 10
2012.3, 20, 10
2012.4, 20, 10
2012.5, 20, 10
2012.6, 20, 10
2012.7, 20, 10
2012.8, 20, 10
2012.9, 20, 10
2013, 20, 10
2013.1, 20, 10
2013.2, 20, 10
2013.3, 20, 10
2013.4, 20, 10
2013.5, 20, 10
2013.6, 20, 10
2013.7, 20, 10
2013.8, 20, 10
2013.9, 20, 10
2014, 20, 10
2014.1, 20, 10
2014.2, 20, 10
2014.3, 20, 10
2014.4, 20, 10
2014.5, 20, 10
2014.6, 20, 10
2014.7, 20, 10
2014.8, 20, 10
2014.9, 20, 10
2015, 20, 10
2015.1, 21, 10
2015.2, 21, 10
2015.3, 21, 10
2015.4, 21, 10
2015.5, 21, 10
2015.6, 21, 10
2015.7, 21, 10
2015.8, 21, 10
2015.9, 21, 10
2016, 21, 10
2016.1, 21, 10
2016.2, 21, 10
2016.3, 21, 10
2016.4, 21, 10
2016.5, 21, 9
2016.6, 21, 9
2016.7, 21, 9
2016.8, 21, 9
2016.9, 21, 9
2017, 21, 9
2017.1, 21, 9
2017.2, 21, 9
2017.3, 21, 9
2017.4, 21, 9
2017.5, 21, 9
2017.6, 21, 9
2017.7, 21, 9
2017.8, 21, 9
2017.9, 21, 9
2018, 21, 9
2018.1, 21, 9
2018.2, 21, 9
2018.3, 21, 9
2018.4, 21, 9
2018.5, 21, 9
2018.6, 21, 9
2018.7, 21, 9
2018.8, 21, 9
2018.9, 21, 9
2019, 21, 9
2019.1, 21, 9
2019.2, 21, 9
2019.3, 21, 9
2019.4, 21, 9
2019.5, 21, 9
2019.6, 21, 9
2019.7, 21, 9
2019.8, 21, 9
2019.9, 21, 9
2020, 21, 9
2020.1, 21, 9
2020.2, 21, 9
2020.3, 21, 9
2020.4, 21, 9
2020.5, 21, 9
2020.6, 21, 9
2020.7, 21, 9
2020.8, 21, 9
2020.9, 21, 9
2021, 21, 9
2021.1, 21, 9
2021.2, 21, 9
2021.3, 21, 9
2021.4, 21, 9
2021.5, 21, 9
2021.6, 21, 9
2021.7, 21, 9
2021.8, 21, 9
2021.9, 21, 9
2022, 21, 9
2022.1, 21, 9
2022.2, 21, 9
2022.3, 21, 9
2022.4, 21, 9
2022.5, 21, 9
2022.6, 21, 9
2022.7, 21, 9
2022.8, 21, 9
2022.9, 21, 9
2023, 21, 9
2023.1, 21, 9
2023.2, 21, 9
2023.3, 21, 9
2023.4, 21, 9
2023.5, 21, 9
2023.6, 21, 9
2023.7, 21, 9
2023.8, 21, 9
2023.9, 21, 9
2024, 21, 9
2024.1, 21, 9
2024.2, 21, 9
2024.3, 21, 9
2024.4, 21, 9
2024.5, 21, 9
2024.6, 21, 9
2024.7, 21, 9
2024.8, 21, 9
2024.9, 21, 9
2025, 21, 9
2025.1, 21, 9
2025.2, 21, 9
2025.3, 21, 9
2025.4, 21, 9
2025.5, 21, 9
2025.6, 21, 9
2025.7, 21, 9
2025.8, 21, 9
2025.9, 21, 9
2026, 21, 9
2026.1, 21, 9
2026.2, 21, 9
2026.3, 21, 9
2026.4, 21, 9
2026.5, 21, 9
2026.6, 21, 9
2026.7, 21, 9
2026.8, 21, 9
2026.9, 21, 9
2027, 21, 9
2027.1, 21, 9
2027.2, 21, 9
2027.3, 21, 9
2027.4, 21, 9
2027.5, 21, 9
2027.6, 21, 9
2027.7, 21, 9
2027.8, 21, 9
2027.9, 21, 9
2028, 21, 9
2028.1, 21, 9
2028.2, 21, 9
2028.3, 21, 8
2028.4, 21, 8
2028.5, 21, 8
2028.6, 21, 8
2028.7, 21, 8
2028.8, 21, 8
2028.9, 21, 8
2029, 21, 8
2029.1, 21, 8
2029.2, 21, 8
2029.3, 21, 8
2029.4, 21, 8
2029.5, 21, 8
2029.6, 21, 8
2029.7, 21, 8
2029.8, 21, 8
2029.9, 21, 8
2030, 21, 8
2030.1, 21, 8
2030.2, 21, 8
2030.3, 21, 8
2030.4, 21, 8
2030.5, 21, 8
2030.6, 21, 8
2030.7, 21, 8
2030.8, 21, 8
2030.9, 21, 8
2031, 21, 8
2031.1, 21, 8
2031.2, 21, 8
2031.3, 21, 9
2031.4, 21, 9
2031.5, 21, 10
2031.6, 21, 10
2031.7, 21, 10
2031.8, 21, 10
2031.9, 21, 10
2032, 21, 10
2032.1, 21, 10
2032.2, 21, 10
2032.3, 21, 10
2032.4, 21, 10
2032.5, 21, 10
2032.6, 21, 10
2032.7, 21, 10
2032.8, 21, 10
2032.9, 21, 10
2033, 21, 10
2033.1, 20, 10
2033.2, 20, 10
2033.3, 20, 10
2033.4, 20, 10
2033.5, 20, 10
2033.6, 20, 10
2033.7, 20, 10
2033.8, 20, 10
2033.9, 20, 10
2034, 20, 10
2034.1, 20, 10
2034.2, 20, 10
2034.3, 20, 10
2034.4, 20, 10
2034.5, 20, 10
2034.6, 20, 10
2034.7, 21, 10
2034.8, 21, 10
2034.9, 21, 9
2035, 21, 9
2035.1, 21, 8
2035.2, 21, 8
2035.3, 21, 8
2035.4, 21, 8
2035.5, 21, 7
2035.6, 21, 7
2035.7, 21, 7
2035.8, 21, 7
2035.9, 21, 7
2036, 21, 7
2036.1, 21, 7
2036.2, 21, 7
2036.3, 21, 7
2036.4, 21, 7
2036.5, 21, 7
2036.6, 21, 7
2036.7, 21, 7
2036.8, 21, 7
2036.9, 21, 7
2037, 21, 7
2037.1, 21, 7
2037.2, 21, 7
2037.3, 21, 6
2037.4, 21, 6
2037.5, 21, 6
2037.6, 21, 6
2037.7, 21, 6
2037.8, 21, 6
2037.9, 21, 6
2038, 21, 6
2038.1, 21, 6
2038.2, 21, 6
2038.3, 21, 6
2038.4, 21, 6
2038.5, 21, 6
2038.6, 21, 6
2038.7, 21, 6
2038.8, 21, 6
2038.9, 21, 6
2039, 21, 6
2039.1, 21, 6
2039.2, 21, 6
2039.3, 21, 6
2039.4, 21, 6
2039.5, 21, 6
2039.6, 21, 6
2039.7, 21, 6
2039.8, 21, 6
2039.9, 21, 6
2040, 21, 6
2040.1, 22, 6
2040.2, 22, 6
2040.3, 22, 6
2040.4, 22, 6
2040.5, 22, 6
2040.6, 22, 6
2040.7, 22, 6
2040.8, 22, 6
2040.9, 22, 6
2041, 22, 6
2041.1, 22, 6
2041.2, 22, 6
2041.3, 21, 6
2041.4, 21, 6
2041.5, 21, 6
2041.6, 21, 6
2041.7, 21, 6
2041.8, 21, 6
2041.9, 21, 6
2042, 21, 6
2042.1, 21, 6
2042.2, 21, 6
2042.3, 21, 6
2042.4, 21, 6
2042.5, 21, 6
2042.6, 21, 6
2042.7, 21, 6
2042.8, 21, 6
2042.9, 21, 6
2043, 21, 6
2043.1, 21, 6
2043.2, 21, 6
2043.3, 21, 6
2043.4, 21, 6
2043.5, 21, 6
2043.6, 21, 6
2043.7, 21, 6
2043.8, 21, 6
2043.9, 21, 6
2044, 21, 6
2044.1, 21, 6
2044.2, 21, 6
2044.3, 21, 6
2044.4, 21, 6
2044.5, 21, 6
2044.6, 21, 6
2044.7, 21, 6
2044.8, 21, 6
2044.9, 21, 5
2045, 21, 5
2045.1, 21, 5
2045.2, 21, 5
2045.3, 21, 5
2045.4, 21, 5
2045.5, 21, 5
2045.6, 21, 5
2045.7, 21, 5
2045.8, 21, 5
2045.9, 21, 5
2046, 21, 5
2046.1, 21, 5
2046.2, 21, 5
2046.3, 21, 5
2046.4, 21, 5
2046.5, 21, 6
2046.6, 21, 6
2046.7, 21, 6
2046.8, 21, 6
2046.9, 21, 6
2047, 21, 6
2047.1, 21, 6
2047.2, 21, 6
2047.3, 21, 6
2047.4, 21, 6
2047.5, 21, 6
2047.6, 21, 6
2047.7, 21, 6
2047.8, 21, 6
2047.9, 21, 6
2048, 21, 6
2048.1, 21, 6
2048.2, 21, 6
2048.3, 21, 6
2048.4, 21, 6
2048.5, 21, 6
2048.6, 21, 6
2048.7, 21, 6
2048.8, 21, 6
2048.9, 21, 6
2049, 21, 6
2049.1, 21, 6
2049.2, 21, 6
2049.3, 21, 6
2049.4, 21, 6
2049.5, 21, 6
2049.6, 21, 6
2049.7, 21, 6
2049.8, 21, 6
2049.9, 21, 6
2050, 21, 6
2050.1, 21, 5
2050.2, 21, 5
2050.3, 21, 5
2050.4, 21, 5
2050.5, 21, 5
2050.6, 21, 5
2050.7, 21, 5
2050.8, 21, 5
2050.9, 21, 5
2051, 21, 5
2051.1, 21, 5
2051.2, 21, 5
2051.3, 21, 4
2051.4, 21, 4
2051.5, 21, 4
2051.6, 21, 4
2051.7, 21, 4
2051.8, 21, 4
2051.9, 21, 4
2052, 21, 4
2052.1, 21, 4
2052.2, 21, 4
2052.3, 21, 4
2052.4, 21, 4
2052.5, 21, 4
2052.6, 21, 4
2052.7, 21, 4
2052.8, 21, 4
2052.9, 21, 4
2053, 21, 4
2053.1, 21, 4
2053.2, 21, 4
2053.3, 21, 4
2053.4, 21, 4
2053.5, 21, 5
2053.6, 21, 5
2053.7, 21, 5
2053.8, 21, 5
2053.9, 21, 5
2054, 21, 5
2054.1, 21, 5
2054.2, 21, 5
2054.3, 21, 5
2054.4, 21, 5
2054.5, 21, 5
2054.6, 21, 5
2054.7, 21, 5
2054.8, 21, 5
2054.9, 21, 5
2055, 21, 5
2055.1, 21, 5
2055.2, 21, 5
2055.3, 21, 5
2055.4, 21, 5
2055.5, 21, 5
2055.6, 21, 5
2055.7, 21, 5
2055.8, 21, 5
2055.9, 21, 5
2056, 21, 5
2056.1, 21, 5
2056.2, 21, 5
2056.3, 20, 5
2056.4, 20, 5
2056.5, 20, 5
2056.6, 20, 5
2056.7, 20, 5
2056.8, 20, 5
2056.9, 20, 5
2057, 20, 5
2057.1, 20, 5
2057.2, 20, 5
2057.3, 20, 5
2057.4, 20, 5
2057.5, 20, 5
2057.6, 20, 5
2057.7, 20, 5
2057.8, 20, 5
2057.9, 20, 5
2058, 20, 5
2058.1, 19, 5
2058.2, 19, 5
2058.3, 19, 5
2058.4, 19, 5
2058.5, 19, 4
2058.6, 19, 4
2058.7, 19, 4
2058.8, 19, 4
2058.9, 19, 4
2059, 19, 4
2059.1, 19, 5
2059.2, 19, 5
2059.3, 19, 5
2059.4, 19, 5
2059.5, 19, 5
2059.6, 19, 5
2059.7, 19, 5
2059.8, 19, 5
2059.9, 19, 5
2060, 19, 5
2060.1, 19, 6
2060.2, 19, 6
2060.3, 19, 6
2060.4, 19, 6
2060.5, 19, 6
2060.6, 19, 6
2060.7, 19, 6
2060.8, 19, 6
2060.9, 19, 6
2061, 19, 6
2061.1, 19, 6
2061.2, 19, 6
2061.3, 19, 5
2061.4, 19, 5
2061.5, 19, 5
2061.6, 19, 5
2061.7, 19, 5
2061.8, 19, 5
2061.9, 19, 5
2062, 19, 5
2062.1, 19, 5
2062.2, 19, 5
2062.3, 19, 5
2062.4, 19, 5
2062.5, 19, 5
2062.6, 19, 5
2062.7, 19, 5
2062.8, 19, 5
2062.9, 19, 6
2063, 19, 6
2063.1, 19, 6
2063.2, 19, 6
2063.3, 19, 6
2063.4, 19, 6
2063.5, 19, 6
2063.6, 19, 6
2063.7, 19, 6
2063.8, 19, 6
2063.9, 19, 6
2064, 19, 6
2064.1, 19, 6
2064.2, 19, 6
2064.3, 19, 6
2064.4, 19, 6
2064.5, 19, 6
2064.6, 19, 6
2064.7, 19, 6
2064.8, 19, 6
2064.9, 19, 6
2065, 19, 6
2065.1, 19, 6
2065.2, 19, 6
2065.3, 19, 6
2065.4, 19, 6
2065.5, 19, 6
2065.6, 19, 6
2065.7, 19, 6
2065.8, 19, 6
2065.9, 19, 6
2066, 19, 6
2066.1, 19, 6
2066.2, 19, 6
2066.3, 19, 6
2066.4, 19, 6
2066.5, 19, 6
2066.6, 19, 6
2066.7, 19, 6
2066.8, 19, 6
2066.9, 19, 6
2067, 19, 6
2067.1, 19, 6
2067.2, 19, 6
2067.3, 19, 6
2067.4, 19, 6
2067.5, 19, 6
2067.6, 19, 6
2067.7, 19, 6
2067.8, 19, 6
2067.9, 19, 6
2068, 19, 6
2068.1, 19, 6
2068.2, 19, 6
2068.3, 19, 6
2068.4, 19, 6
2068.5, 19, 6
2068.6, 19, 6
2068.7, 19, 6
2068.8, 19, 6
2068.9, 19, 6
2069, 19, 6
2069.1, 19, 6
2069.2, 19, 6
2069.3, 19, 6
2069.4, 19, 6
2069.5, 19, 6
2069.6, 19, 6
2069.7, 19, 7
2069.8, 19, 7
2069.9, 19, 7
2070, 19, 7
2070.1, 19, 7
2070.2, 19, 7
2070.3, 19, 7
2070.4, 19, 7
2070.5, 19, 7
2070.6, 19, 7
2070.7, 19, 7
2070.8, 19, 7
2070.9, 19, 7
2071, 19, 7
2071.1, 19, 7
2071.2, 19, 7
2071.3, 19, 7
2071.4, 19, 7
2071.5, 19, 7
2071.6, 19, 7
2071.7, 19, 7
2071.8, 19, 7
2071.9, 19, 7
2072, 19, 7
2072.1, 19, 7
2072.2, 19, 7
2072.3, 19, 7
2072.4, 19, 7
2072.5, 19, 7
2072.6, 19, 7
2072.7, 19, 7
2072.8, 19, 7
2072.9, 19, 7
2073, 19, 7
2073.1, 19, 7
2073.2, 19, 7
2073.3, 19, 7
2073.4, 19, 7
2073.5, 19, 7
2073.6, 19, 7
2073.7, 19, 7
2073.8, 19, 7
2073.9, 19, 7
2074, 19, 7
2074.1, 19, 7
2074.2, 19, 7
2074.3, 19, 7
2074.4, 19, 7
2074.5, 19, 7
2074.6, 19, 7
2074.7, 19, 7
2074.8, 19, 7
2074.9, 19, 7
2075, 19, 7
2075.1, 19, 7
2075.2, 19, 7
2075.3, 19, 7
2075.4, 19, 7
2075.5, 19, 6
2075.6, 19, 6
2075.7, 19, 6
2075.8, 19, 6
2075.9, 19, 6
2076, 19, 6
2076.1, 19, 6
2076.2, 19, 6
2076.3, 19, 6
2076.4, 19, 6
2076.5, 19, 6
2076.6, 19, 6
2076.7, 19, 6
2076.8, 19, 6
2076.9, 19, 6
2077, 19, 6
2077.1, 19, 6
2077.2, 19, 6
2077.3, 19, 6
2077.4, 19, 6
2077.5, 19, 6
2077.6, 19, 6
2077.7, 19, 6
2077.8, 19, 6
2077.9, 19, 6
2078, 19, 6
2078.1, 19, 6
2078.2, 19, 6
2078.3, 19, 6
2078.4, 19, 6
2078.5, 19, 6
2078.6, 19, 6
2078.7, 19, 6
2078.8, 19, 6
2078.9, 19, 6
2079, 19, 6
2079.1, 19, 6
2079.2, 19, 6
2079.3, 19, 6
2079.4, 19, 6
2079.5, 19, 6
2079.6, 19, 6
2079.7, 19, 6
2079.8, 19, 6
2079.9, 19, 6
2080, 19, 6
2080.1, 19, 6
2080.2, 19, 6
2080.3, 19, 6
2080.4, 19, 6
2080.5, 19, 6
2080.6, 19, 6
2080.7, 19, 6
2080.8, 19, 6
2080.9, 19, 6
2081, 19, 6
2081.1, 19, 6
2081.2, 19, 6
2081.3, 19, 6
2081.4, 19, 6
2081.5, 19, 6
2081.6, 19, 6
2081.7, 19, 6
2081.8, 19, 6
2081.9, 19, 7
2082, 19, 7
2082.1, 19, 7
2082.2, 19, 7
2082.3, 19, 7
2082.4, 19, 7
2082.5, 19, 7
2082.6, 19, 7
2082.7, 19, 7
2082.8, 19, 7
2082.9, 19, 7
2083, 19, 7
2083.1, 19, 7
2083.2, 19, 7
2083.3, 19, 7
2083.4, 19, 7
2083.5, 19, 7
2083.6, 19, 7
2083.7, 19, 7
2083.8, 19, 7
2083.9, 19, 7
2084, 19, 7
2084.1, 20, 7
2084.2, 20, 7
2084.3, 20, 7
2084.4, 20, 7
2084.5, 20, 7
2084.6, 20, 7
2084.7, 20, 7
2084.8, 20, 7
2084.9, 20, 7
2085, 20, 7
2085.1, 20, 7
2085.2, 20, 7
2085.3, 20, 6
2085.4, 20, 6
2085.5, 20, 6
2085.6, 20, 6
2085.7, 20, 6
2085.8, 20, 6
2085.9, 20, 5
2086, 20, 5
2086.1, 20, 5
2086.2, 20, 5
2086.3, 20, 5
2086.4, 20, 5
2086.5, 20, 6
2086.6, 20, 6
2086.7, 20, 6
2086.8, 20, 6
2086.9, 20, 6
2087, 20, 6
2087.1, 20, 6
2087.2, 20, 6
2087.3, 20, 6
2087.4, 20, 6
2087.5, 20, 6
2087.6, 20, 6
2087.7, 20, 6
2087.8, 20, 6
2087.9, 20, 6
2088, 20, 6
2088.1, 20, 6
2088.2, 20, 6
2088.3, 20, 6
2088.4, 20, 6
2088.5, 20, 6
2088.6, 20, 6
2088.7, 20, 6
2088.8, 20, 6
2088.9, 20, 6
2089, 20, 6
2089.1, 20, 6
2089.2, 20, 6
2089.3, 20, 6
2089.4, 20, 6
2089.5, 20, 6
2089.6, 20, 6
2089.7, 20, 6
2089.8, 20, 6
2089.9, 20, 6
2090, 20, 6
2090.1, 20, 6
2090.2, 20, 6
2090.3, 20, 6
2090.4, 20, 6
2090.5, 20, 6
2090.6, 20, 6
2090.7, 20, 6
2090.8, 20, 6
2090.9, 20, 6
2091, 20, 6
2091.1, 20, 6
2091.2, 20, 6
2091.3, 20, 7
2091.4, 20, 7
2091.5, 20, 6
2091.6, 20, 6
2091.7, 20, 6
2091.8, 20, 6
2091.9, 20, 6
2092, 20, 6
2092.1, 20, 6
2092.2, 20, 6
2092.3, 21, 6
2092.4, 21, 6
2092.5, 21, 6
2092.6, 21, 6
2092.7, 22, 6
2092.8, 22, 6
2092.9, 22, 6
2093, 22, 6
2093.1, 22, 6
2093.2, 22, 6
2093.3, 22, 6
2093.4, 22, 6
2093.5, 22, 6
2093.6, 22, 6
2093.7, 22, 6
2093.8, 22, 6
2093.9, 21, 6
2094, 21, 6
2094.1, 21, 6
2094.2, 21, 6
2094.3, 21, 6
2094.4, 21, 6
2094.5, 21, 6
2094.6, 21, 6
2094.7, 21, 5
2094.8, 21, 5
2094.9, 21, 5
2095, 21, 5
2095.1, 21, 5
2095.2, 21, 5
2095.3, 21, 5
2095.4, 21, 5
2095.5, 21, 5
2095.6, 21, 5
2095.7, 21, 5
2095.8, 21, 5
2095.9, 21, 5
2096, 21, 5
2096.1, 21, 5
2096.2, 21, 5
2096.3, 21, 5
2096.4, 21, 5
2096.5, 21, 5
2096.6, 21, 5
2096.7, 21, 5
2096.8, 21, 5
2096.9, 22, 5
2097, 22, 5
2097.1, 22, 5
2097.2, 22, 5
2097.3, 22, 5
2097.4, 22, 5
2097.5, 23, 5
2097.6, 23, 5
2097.7, 23, 5
2097.8, 23, 5
2097.9, 23, 5
2098, 23, 5
2098.1, 23, 5
2098.2, 23, 5
2098.3, 23, 5
2098.4, 23, 5
2098.5, 23, 5
2098.6, 23, 5
2098.7, 23, 5
2098.8, 23, 5
2098.9, 23, 5
2099, 23, 5
2099.1, 23, 5
2099.2, 23, 5
2099.3, 23, 5
2099.4, 23, 5
2099.5, 23, 5
2099.6, 23, 5
2099.7, 23, 5
2099.8, 23, 5
2099.9, 22, 5
2100, 22, 5
2100.1, 22, 5
2100.2, 22, 5
2100.3, 22, 5
2100.4, 22, 5
2100.5, 22, 5
2100.6, 22, 5
2100.7, 22, 5
2100.8, 22, 5
2100.9, 22, 5
2101, 22, 5
2101.1, 22, 5
2101.2, 22, 5
2101.3, 21, 5
2101.4, 21, 5
2101.5, 20, 5
2101.6, 20, 5
2101.7, 20, 5
2101.8, 20, 5
2101.9, 20, 5
2102, 20, 5
2102.1, 20, 5
2102.2, 20, 5
2102.3, 20, 5
2102.4, 20, 5
2102.5, 20, 5
2102.6, 20, 5
2102.7, 20, 5
2102.8, 20, 5
2102.9, 19, 5
2103, 19, 5
2103.1, 19, 5
2103.2, 19, 5
2103.3, 19, 5
2103.4, 19, 5
2103.5, 19, 5
2103.6, 19, 5
2103.7, 19, 5
2103.8, 19, 5
2103.9, 19, 5
2104, 19, 5
2104.1, 19, 5
2104.2, 19, 5
2104.3, 19, 5
2104.4, 19, 5
2104.5, 19, 5
2104.6, 19, 5
2104.7, 19, 6
2104.8, 19, 6
2104.9, 19, 6
2105, 19, 6
2105.1, 19, 6
2105.2, 19, 6
2105.3, 19, 7
2105.4, 19, 7
2105.5, 19, 7
2105.6, 19, 7
2105.7, 19, 7
2105.8, 19, 7
2105.9, 19, 7
2106, 19, 7
2106.1, 19, 7
2106.2, 19, 7
2106.3, 19, 7
2106.4, 19, 7
2106.5, 19, 7
2106.6, 19, 7
2106.7, 19, 7
2106.8, 19, 7
2106.9, 19, 7
2107, 19, 7
2107.1, 19, 7
2107.2, 19, 7
2107.3, 20, 7
2107.4, 20, 7
2107.5, 20, 7
2107.6, 20, 7
2107.7, 20, 7
2107.8, 20, 7
2107.9, 19, 7
2108, 19, 7
2108.1, 19, 7
2108.2, 19, 7
2108.3, 19, 7
2108.4, 19, 7
2108.5, 19, 7
2108.6, 19, 7
2108.7, 19, 7
2108.8, 19, 7
2108.9, 19, 6
2109, 19, 6
2109.1, 19, 6
2109.2, 19, 6
2109.3, 19, 6
2109.4, 19, 6
2109.5, 19, 6
2109.6, 19, 6
2109.7, 20, 6
2109.8, 20, 6
2109.9, 20, 6
2110, 20, 6
2110.1, 20, 6
2110.2, 20, 6
2110.3, 20, 6
2110.4, 20, 6
2110.5, 20, 6
2110.6, 20, 6
2110.7, 20, 6
2110.8, 20, 6
2110.9, 20, 5
2111, 20, 5
2111.1, 20, 5
2111.2, 20, 5
2111.3, 20, 5
2111.4, 20, 5
2111.5, 20, 5
2111.6, 20, 5
2111.7, 20, 5
2111.8, 20, 5
2111.9, 20, 5
2112, 20, 5
2112.1, 20, 5
2112.2, 20, 5
2112.3, 20, 5
2112.4, 20, 5
2112.5, 20, 5
2112.6, 20, 5
2112.7, 20, 5
2112.8, 20, 5
2112.9, 20, 5
2113, 20, 5
2113.1, 20, 5
2113.2, 20, 5
2113.3, 20, 5
2113.4, 20, 5
2113.5, 20, 5
2113.6, 20, 5
2113.7, 20, 5
2113.8, 20, 5
2113.9, 20, 5
2114, 20, 5
2114.1, 20, 5
2114.2, 20, 5
2114.3, 20, 5
2114.4, 20, 5
2114.5, 20, 5
2114.6, 20, 5
2114.7, 20, 5
2114.8, 20, 5
2114.9, 20, 5
2115, 20, 5
2115.1, 20, 5
2115.2, 20, 5
2115.3, 20, 5
2115.4, 20, 5
2115.5, 20, 5
2115.6, 20, 5
2115.7, 20, 5
2115.8, 20, 5
2115.9, 20, 5
2116, 20, 5
2116.1, 20, 5
2116.2, 20, 5
2116.3, 20, 5
2116.4, 20, 5
2116.5, 20, 5
2116.6, 20, 5
2116.7, 19, 5
2116.8, 19, 5
2116.9, 19, 5
2117, 19, 5
2117.1, 19, 5
2117.2, 19, 5
2117.3, 19, 4
2117.4, 19, 4
2117.5, 19, 4
2117.6, 19, 4
2117.7, 19, 4
2117.8, 19, 4
2117.9, 19, 4
2118, 19, 4
2118.1, 19, 4
2118.2, 19, 4
2118.3, 19, 4
2118.4, 19, 4
2118.5, 19, 4
2118.6, 19, 4
2118.7, 20, 4
2118.8, 20, 4
2118.9, 20, 4
2119, 20, 4
2119.1, 20, 4
2119.2, 20, 4
2119.3, 20, 4
2119.4, 20, 4
2119.5, 20, 4
2119.6, 20, 4
2119.7, 20, 4
2119.8, 20, 4
2119.9, 20, 4
2120, 20, 4
2120.1, 20, 4
2120.2, 20, 4
2120.3, 20, 4
2120.4, 20, 4
2120.5, 21, 4
2120.6, 21, 4
2120.7, 21, 4
2120.8, 21, 4
2120.9, 21, 4
2121, 21, 4
2121.1, 21, 4
2121.2, 21, 4
2121.3, 21, 4
2121.4, 21, 4
2121.5, 21, 4
2121.6, 21, 4
2121.7, 21, 4
2121.8, 21, 4
2121.9, 21, 4
2122, 21, 4
2122.1, 21, 4
2122.2, 21, 4
2122.3, 21, 4
2122.4, 21, 4
2122.5, 20, 4
2122.6, 20, 4
2122.7, 20, 5
2122.8, 20, 5
2122.9, 20, 5
2123, 20, 5
2123.1, 20, 5
2123.2, 20, 5
2123.3, 20, 5
2123.4, 20, 5
2123.5, 20, 5
2123.6, 20, 5
2123.7, 20, 5
2123.8, 20, 5
2123.9, 20, 5
2124, 20, 5
2124.1, 20, 5
2124.2, 20, 5
2124.3, 20, 5
2124.4, 20, 5
2124.5, 20, 5
2124.6, 20, 5
2124.7, 20, 5
2124.8, 20, 5
2124.9, 21, 5
2125, 21, 5
2125.1, 21, 5
2125.2, 21, 5
2125.3, 21, 5
2125.4, 21, 5
2125.5, 21, 5
2125.6, 21, 5
2125.7, 21, 5
2125.8, 21, 5
2125.9, 21, 5
2126, 21, 5
2126.1, 21, 5
2126.2, 21, 5
2126.3, 21, 5
2126.4, 21, 5
2126.5, 21, 5
2126.6, 21, 5
2126.7, 21, 5
2126.8, 21, 5
2126.9, 21, 5
2127, 21, 5
2127.1, 21, 5
2127.2, 21, 5
2127.3, 21, 5
2127.4, 21, 5
2127.5, 21, 5
2127.6, 21, 5
2127.7, 21, 5
2127.8, 21, 5
2127.9, 21, 5
2128, 21, 5
2128.1, 21, 5
2128.2, 21, 5
2128.3, 21, 5
2128.4, 21, 5
2128.5, 21, 5
2128.6, 21, 5
2128.7, 20, 5
2128.8, 20, 5
2128.9, 20, 5
2129, 20, 5
2129.1, 20, 5
2129.2, 20, 5
2129.3, 21, 5
2129.4, 21, 5
2129.5, 21, 5
2129.6, 21, 5
2129.7, 21, 5
2129.8, 21, 5
2129.9, 22, 5
2130, 22, 5
2130.1, 22, 5
2130.2, 22, 5
2130.3, 22, 5
2130.4, 22, 5
2130.5, 22, 4
2130.6, 22, 4
2130.7, 22, 4
2130.8, 22, 4
2130.9, 22, 4
2131, 22, 4
2131.1, 22, 3
2131.2, 22, 3
2131.3, 22, 3
2131.4, 22, 3
2131.5, 22, 3
2131.6, 22, 3
2131.7, 22, 2
2131.8, 22, 2
2131.9, 22, 2
2132, 22, 2
2132.1, 22, 3
2132.2, 22, 3
2132.3, 22, 3
2132.4, 22, 3
2132.5, 22, 3
2132.6, 22, 3
2132.7, 22, 3
2132.8, 22, 3
2132.9, 22, 3
2133, 22, 3
2133.1, 22, 3
2133.2, 22, 3
2133.3, 22, 3
2133.4, 22, 3
2133.5, 22, 3
2133.6, 22, 3
2133.7, 22, 3
2133.8, 22, 3
2133.9, 22, 3
2134, 22, 3
2134.1, 22, 3
2134.2, 22, 3
2134.3, 22, 3
2134.4, 22, 3
2134.5, 22, 3
2134.6, 22, 3
2134.7, 22, 3
2134.8, 22, 3
2134.9, 22, 3
2135, 22, 3
2135.1, 22, 3
2135.2, 22, 3
2135.3, 22, 3
2135.4, 22, 3
2135.5, 22, 3
2135.6, 22, 3
2135.7, 22, 3
2135.8, 22, 3
2135.9, 22, 3
2136, 22, 3
2136.1, 22, 3
2136.2, 22, 3
2136.3, 22, 3
2136.4, 22, 3
2136.5, 22, 3
2136.6, 22, 3
2136.7, 22, 2
2136.8, 22, 2
2136.9, 22, 2
2137, 22, 2
2137.1, 22, 2
2137.2, 22, 2
2137.3, 22, 2
2137.4, 22, 2
2137.5, 22, 2
2137.6, 22, 2
2137.7, 22, 2
2137.8, 22, 2
2137.9, 22, 2
2138, 22, 2
2138.1, 22, 2
2138.2, 22, 2
2138.3, 22, 2
2138.4, 22, 2
2138.5, 22, 2
2138.6, 22, 2
2138.7, 22, 2
2138.8, 22, 2
2138.9, 22, 2
2139, 22, 2
2139.1, 22, 2
2139.2, 22, 2
2139.3, 22, 2
2139.4, 22, 2
2139.5, 22, 2
2139.6, 22, 2
2139.7, 22, 2
2139.8, 22, 2
2139.9, 22, 2
2140, 22, 2
2140.1, 22, 2
2140.2, 22, 2
2140.3, 22, 2
2140.4, 22, 2
2140.5, 22, 2
2140.6, 22, 2
2140.7, 22, 2
2140.8, 22, 2
2140.9, 22, 2
2141, 22, 2
2141.1, 22, 2
2141.2, 22, 2
2141.3, 22, 2
2141.4, 22, 2
2141.5, 22, 2
2141.6, 22, 2
2141.7, 22, 2
2141.8, 22, 2
2141.9, 22, 2
2142, 22, 2
2142.1, 22, 2
2142.2, 22, 2
2142.3, 22, 2
2142.4, 22, 2
2142.5, 22, 2
2142.6, 22, 2
2142.7, 22, 2
2142.8, 22, 2
2142.9, 22, 2
2143, 22, 2
2143.1, 22, 2
2143.2, 22, 2
2143.3, 22, 2
2143.4, 22, 2
2143.5, 22, 2
2143.6, 22, 2
2143.7, 22, 2
2143.8, 22, 2
2143.9, 22, 2
2144, 22, 2
2144.1, 22, 2
2144.2, 22, 2
2144.3, 22, 2
2144.4, 22, 2
2144.5, 22, 2
2144.6, 22, 2
2144.7, 22, 2
2144.8, 22, 2
2144.9, 22, 2
2145, 22, 2
2145.1, 22, 2
2145.2, 22, 2
2145.3, 22, 2
2145.4, 22, 2
2145.5, 22, 2
2145.6, 22, 2
2145.7, 22, 2
2145.8, 22, 2
2145.9, 22, 2
2146, 22, 2
2146.1, 22, 2
2146.2, 22, 2
2146.3, 22, 2
2146.4, 22, 2
2146.5, 22, 2
2146.6, 22, 2
2146.7, 22, 2
2146.8, 22, 2
2146.9, 22, 2
2147, 22, 2
2147.1, 22, 2
2147.2, 22, 2
2147.3, 22, 1
2147.4, 22, 1
2147.5, 22, 1
2147.6, 22, 1
2147.7, 23, 1
2147.8, 23, 1
2147.9, 23, 1
2148, 23, 1
2148.1, 23, 1
2148.2, 23, 1
2148.3, 23, 1
2148.4, 23, 1
2148.5, 23, 1
2148.6, 23, 1
2148.7, 23, 1
2148.8, 23, 1
2148.9, 23, 1
2149, 23, 1
2149.1, 23, 1
2149.2, 23, 1
2149.3, 23, 1
2149.4, 23, 1
2149.5, 23, 2
2149.6, 23, 2
2149.7, 23, 2
2149.8, 23, 2
2149.9, 23, 2
2150, 23, 2
2150.1, 23, 2
2150.2, 23, 2
2150.3, 23, 2
2150.4, 23, 2
2150.5, 23, 2
2150.6, 23, 2
2150.7, 22, 2
2150.8, 22, 2
2150.9, 22, 2
2151, 22, 2
2151.1, 22, 2
2151.2, 22, 2
2151.3, 22, 2
2151.4, 22, 2
2151.5, 22, 2
2151.6, 22, 2
2151.7, 23, 2
2151.8, 23, 2
2151.9, 23, 2
2152, 23, 2
2152.1, 23, 2
2152.2, 23, 2
2152.3, 23, 2
2152.4, 23, 2
2152.5, 23, 2
2152.6, 23, 2
2152.7, 23, 2
2152.8, 23, 2
2152.9, 23, 2
2153, 23, 2
2153.1, 23, 1
2153.2, 23, 1
2153.3, 23, 1
2153.4, 23, 1
2153.5, 23, 1
2153.6, 23, 1
2153.7, 23, 1
2153.8, 23, 1
2153.9, 23, 1
2154, 23, 1
2154.1, 23, 1
2154.2, 23, 1
2154.3, 23, 1
2154.4, 23, 1
2154.5, 23, 1
2154.6, 23, 1
2154.7, 23, 1
2154.8, 23, 1
2154.9, 23, 1
2155, 23, 1
2155.1, 23, 1
2155.2, 23, 1
2155.3, 23, 1
2155.4, 23, 1
2155.5, 22, 1
2155.6, 22, 1
2155.7, 23, 1
2155.8, 23, 1
2155.9, 23, 1
2156, 23, 1
2156.1, 23, 1
2156.2, 23, 1
2156.3, 23, 1
2156.4, 23, 1
2156.5, 23, 1
2156.6, 23, 1
2156.7, 23, 1
2156.8, 23, 1
2156.9, 23, 1
2157, 23, 1
2157.1, 23, 1
2157.2, 23, 1
2157.3, 23, 1
2157.4, 23, 1
2157.5, 23, 1
2157.6, 23, 1
2157.7, 23, 1
2157.8, 23, 1
2157.9, 23, 1
2158, 23, 1
2158.1, 23, 1
2158.2, 23, 1
2158.3, 23, 1
2158.4, 23, 1
2158.5, 23, 1
2158.6, 23, 1
2158.7, 23, 1
2158.8, 23, 1
2158.9, 23, 0
2159, 23, 0
2159.1, 23, 0
2159.2, 23, 0
2159.3, 23, 0
2159.4, 23, 0
2159.5, 23, -1
2159.6, 23, -1
2159.7, 22, -1
2159.8, 22, -1
2159.9, 22, -1
2160, 22, -1
2160.1, 22, -1
2160.2, 22, -1
2160.3, 22, -1
2160.4, 22, -1
2160.5, 22, -1
2160.6, 22, -1
2160.7, 22, -1
2160.8, 22, -1
2160.9, 21, -1
2161, 21, -1
2161.1, 21, -1
2161.2, 21, -1
2161.3, 21, -1
2161.4, 21, -1
2161.5, 21, -1
2161.6, 21, -1
2161.7, 21, -1
2161.8, 21, -1
2161.9, 21, -1
2162, 21, -1
2162.1, 21, -1
2162.2, 21, -1
2162.3, 21, -1
2162.4, 21, -1
2162.5, 21, -1
2162.6, 21, -1
2162.7, 21, -1
2162.8, 21, -1
2162.9, 21, -1
2163, 21, -1
2163.1, 21, -1
2163.2, 21, -1
2163.3, 21, -1
2163.4, 21, -1
2163.5, 21, -1
2163.6, 21, -1
2163.7, 21, -1
2163.8, 21, -1
2163.9, 21, -1
2164, 21, -1
2164.1, 21, -1
2164.2, 21, -1
2164.3, 21, 0
2164.4, 21, 0
2164.5, 21, 0
2164.6, 21, 0
2164.7, 21, 0
2164.8, 21, 0
2164.9, 21, 0
2165, 21, 0
2165.1, 21, 0
2165.2, 21, 0
2165.3, 21, 0
2165.4, 21, 0
2165.5, 21, 0
2165.6, 21, 0
2165.7, 21, 0
2165.8, 21, 0
2165.9, 21, -1
2166, 21, -1
2166.1, 21, -1
2166.2, 21, -1
2166.3, 21, -1
2166.4, 21, -1
2166.5, 21, -2
2166.6, 21, -2
2166.7, 21, -2
2166.8, 21, -2
2166.9, 21, -2
2167, 21, -2
2167.1, 21, -2
2167.2, 21, -2
2167.3, 21, -2
2167.4, 21, -2
2167.5, 21, -2
2167.6, 21, -2
2167.7, 21, -2
2167.8, 21, -2
2167.9, 21, -2
2168, 21, -2
2168.1, 21, -2
2168.2, 21, -2
2168.3, 21, -1
2168.4, 21, -1
2168.5, 21, -1
2168.6, 21, -1
2168.7, 21, -1
2168.8, 21, -1
2168.9, 21, -1
2169, 21, -1
2169.1, 21, -1
2169.2, 21, -1
2169.3, 21, -1
2169.4, 21, -1
2169.5, 21, -1
2169.6, 21, -1
2169.7, 21, -1
2169.8, 21, -1
2169.9, 21, -1
2170, 21, -1
2170.1, 21, -1
2170.2, 21, -1
2170.3, 21, -1
2170.4, 21, -1
2170.5, 22, -1
2170.6, 22, -1
2170.7, 22, -1
2170.8, 22, -1
2170.9, 22, -1
2171, 22, -1
2171.1, 22, -1
2171.2, 22, -1
2171.3, 22, -1
2171.4, 22, -1
2171.5, 22, -1
2171.6, 22, -1
2171.7, 22, -1
2171.8, 22, -1
2171.9, 22, -1
2172, 22, -1
2172.1, 22, -1
2172.2, 22, -1
2172.3, 22, -1
2172.4, 22, -1
2172.5, 22, -1
2172.6, 22, -1
2172.7, 21, -1
2172.8, 21, -1
2172.9, 21, -1
2173, 21, -1
2173.1, 21, -1
2173.2, 21, -1
2173.3, 21, -1
2173.4, 21, -1
2173.5, 21, -1
2173.6, 21, -1
2173.7, 21, -1
2173.8, 21, -1
2173.9, 21, -1
2174, 21, -1
2174.1, 21, -2
2174.2, 21, -2
2174.3, 21, -2
2174.4, 21, -2
2174.5, 21, -2
2174.6, 21, -2
2174.7, 20, -2
2174.8, 20, -2
2174.9, 20, -2
2175, 20, -2
2175.1, 20, -2
2175.2, 20, -2
2175.3, 20, -2
2175.4, 20, -2
2175.5, 20, -2
2175.6, 20, -2
2175.7, 20, -2
2175.8, 20, -2
2175.9, 20, -2
2176, 20, -2
2176.1, 20, -2
2176.2, 20, -2
2176.3, 20, -2
2176.4, 20, -2
2176.5, 19, -2
2176.6, 19, -2
2176.7, 19, -2
2176.8, 19, -2
2176.9, 19, -2
2177, 19, -2
2177.1, 19, -2
2177.2, 19, -2
2177.3, 19, -2
2177.4, 19, -2
2177.5, 18, -2
2177.6, 18, -2
2177.7, 18, -2
2177.8, 18, -2
2177.9, 18, -2
2178, 18, -2
2178.1, 18, -2
2178.2, 18, -2
2178.3, 18, -2
2178.4, 18, -2
2178.5, 18, -2
2178.6, 18, -2
2178.7, 18, -2
2178.8, 18, -2
2178.9, 18, -2
2179, 18, -2
2179.1, 18, -2
2179.2, 18, -2
2179.3, 18, -2
2179.4, 18, -2
2179.5, 18, -2
2179.6, 18, -2
2179.7, 18, -2
2179.8, 18, -2
2179.9, 18, -2
2180, 18, -2
2180.1, 18, -2
2180.2, 18, -2
2180.3, 18, -2
2180.4, 18, -2
2180.5, 18, -2
2180.6, 18, -2
2180.7, 18, -2
2180.8, 18, -2
2180.9, 18, -2
2181, 18, -2
2181.1, 18, -2
2181.2, 18, -2
2181.3, 18, -2
2181.4, 18, -2
2181.5, 18, -2
2181.6, 18, -2
2181.7, 18, -2
2181.8, 18, -2
2181.9, 18, -3
2182, 18, -3
2182.1, 18, -3
2182.2, 18, -3
2182.3, 18, -3
2182.4, 18, -3
2182.5, 18, -3
2182.6, 18, -3
2182.7, 18, -4
2182.8, 18, -4
2182.9, 17, -4
2183, 17, -4
2183.1, 17, -4
2183.2, 17, -4
2183.3, 17, -4
2183.4, 17, -4
2183.5, 17, -4
2183.6, 17, -4
2183.7, 17, -4
2183.8, 17, -4
2183.9, 17, -4
2184, 17, -4
2184.1, 17, -4
2184.2, 17, -4
2184.3, 17, -4
2184.4, 17, -4
2184.5, 17, -4
2184.6, 17, -4
2184.7, 17, -5
2184.8, 17, -5
2184.9, 17, -5
2185, 17, -5
2185.1, 17, -5
2185.2, 17, -5
2185.3, 17, -5
2185.4, 17, -5
2185.5, 17, -5
2185.6, 17, -5
2185.7, 17, -5
2185.8, 17, -5
2185.9, 17, -5
2186, 17, -5
2186.1, 17, -5
2186.2, 17, -5
2186.3, 17, -5
2186.4, 17, -5
2186.5, 17, -5
2186.6, 17, -5
2186.7, 17, -5
2186.8, 17, -5
2186.9, 17, -5
2187, 17, -5
2187.1, 17, -5
2187.2, 17, -5
2187.3, 17, -5
2187.4, 17, -5
2187.5, 17, -5
2187.6, 17, -5
2187.7, 17, -5
2187.8, 17, -5
2187.9, 17, -5
2188, 17, -5
2188.1, 17, -5
2188.2, 17, -5
2188.3, 17, -5
2188.4, 17, -5
2188.5, 17, -5
2188.6, 17, -5
2188.7, 18, -5
2188.8, 18, -5
2188.9, 18, -5
2189, 18, -5
2189.1, 18, -5
2189.2, 18, -5
2189.3, 18, -5
2189.4, 18, -5
2189.5, 18, -5
2189.6, 18, -5
2189.7, 18, -5
2189.8, 18, -5
2189.9, 18, -5
2190, 18, -5
2190.1, 18, -5
2190.2, 18, -5
2190.3, 18, -5
2190.4, 18, -5
2190.5, 18, -5
2190.6, 18, -5
2190.7, 18, -5
2190.8, 18, -5
2190.9, 18, -5
2191, 18, -5
2191.1, 18, -5
2191.2, 18, -5
2191.3, 18, -5
2191.4, 18, -5
2191.5, 18, -5
2191.6, 18, -5
2191.7, 18, -6
2191.8, 18, -6
2191.9, 18, -6
2192, 18, -6
2192.1, 18, -6
2192.2, 18, -6
2192.3, 19, -6
2192.4, 19, -6
2192.5, 19, -6
2192.6, 19, -6
2192.7, 19, -6
2192.8, 19, -6
2192.9, 19, -6
2193, 19, -6
2193.1, 19, -6
2193.2, 19, -6
2193.3, 19, -6
2193.4, 19, -6
2193.5, 19, -7
2193.6, 19, -7
2193.7, 19, -7
2193.8, 19, -7
2193.9, 19, -7
2194, 19, -7
2194.1, 19, -6
2194.2, 19, -6
2194.3, 19, -6
2194.4, 19, -6
2194.5, 19, -6
2194.6, 19, -6
2194.7, 20, -6
2194.8, 20, -6
2194.9, 20, -6
2195, 20, -6
2195.1, 20, -6
2195.2, 20, -6
2195.3, 20, -6
2195.4, 20, -6
2195.5, 20, -6
2195.6, 20, -6
2195.7, 20, -6
2195.8, 20, -6
2195.9, 20, -6
2196, 20, -6
2196.1, 20, -6
2196.2, 20, -6
2196.3, 20, -6
2196.4, 20, -6
2196.5, 20, -6
2196.6, 20, -6
2196.7, 20, -6
2196.8, 20, -6
2196.9, 20, -6
2197, 20, -6
2197.1, 20, -6
2197.2, 20, -6
2197.3, 20, -6
2197.4, 20, -6
2197.5, 20, -6
2197.6, 20, -6
2197.7, 20, -6
2197.8, 20, -6
2197.9, 20, -6
2198, 20, -6
2198.1, 20, -6
2198.2, 20, -6
2198.3, 20, -6
2198.4, 20, -6
2198.5, 20, -6
2198.6, 20, -6
2198.7, 20, -6
2198.8, 20, -6
2198.9, 20, -6
2199, 20, -6
2199.1, 20, -6
2199.2, 20, -6
2199.3, 20, -6
2199.4, 20, -6
2199.5, 20, -6
2199.6, 20, -6
2199.7, 20, -6
2199.8, 20, -6
2199.9, 20, -6
2200, 20, -6
2200.1, 20, -6
2200.2, 20, -6
2200.3, 20, -6
2200.4, 20, -6
2200.5, 20, -6
2200.6, 20, -6
2200.7, 20, -6
2200.8, 20, -6
2200.9, 20, -6
2201, 20, -6
2201.1, 20, -6
2201.2, 20, -6
2201.3, 20, -6
2201.4, 20, -6
2201.5, 20, -6
2201.6, 20, -6
2201.7, 20, -6
2201.8, 20, -6
2201.9, 20, -6
2202, 20, -6
2202.1, 20, -6
2202.2, 20, -6
2202.3, 20, -6
2202.4, 20, -6
2202.5, 20, -6
2202.6, 20, -6
2202.7, 20, -7
2202.8, 20, -7
2202.9, 20, -7
2203, 20, -7
2203.1, 20, -7
2203.2, 20, -7
2203.3, 20, -7
2203.4, 20, -7
2203.5, 19, -7
2203.6, 19, -7
2203.7, 19, -7
2203.8, 19, -7
2203.9, 19, -7
2204, 19, -7
2204.1, 19, -7
2204.2, 19, -7
2204.3, 19, -7
2204.4, 19, -7
2204.5, 19, -7
2204.6, 19, -7
2204.7, 19, -7
2204.8, 19, -7
2204.9, 19, -7
2205, 19, -7
2205.1, 19, -7
2205.2, 19, -7
2205.3, 19, -7
2205.4, 19, -7
2205.5, 19, -7
2205.6, 19, -7
2205.7, 19, -7
2205.8, 19, -7
2205.9, 19, -7
2206, 19, -7
2206.1, 19, -7
2206.2, 19, -7
2206.3, 19, -7
2206.4, 19, -7
2206.5, 19, -7
2206.6, 19, -7
2206.7, 19, -7
2206.8, 19, -7
2206.9, 19, -7
2207, 19, -7
2207.1, 19, -7
2207.2, 19, -7
2207.3, 19, -7
2207.4, 19, -7
2207.5, 19, -7
2207.6, 19, -7
2207.7, 19, -7
2207.8, 19, -7
2207.9, 19, -7
2208, 19, -7
2208.1, 19, -7
2208.2, 19, -7
2208.3, 19, -7
2208.4, 19, -7
2208.5, 19, -7
2208.6, 19, -7
2208.7, 19, -7
2208.8, 19, -7
2208.9, 19, -7
2209, 19, -7
2209.1, 20, -7
2209.2, 20, -7
2209.3, 20, -7
2209.4, 20, -7
2209.5, 20, -7
2209.6, 20, -7
2209.7, 20, -7
2209.8, 20, -7
2209.9, 20, -6
2210, 20, -6
2210.1, 20, -6
2210.2, 20, -6
2210.3, 20, -6
2210.4, 20, -6
2210.5, 20, -6
2210.6, 20, -6
2210.7, 20, -6
2210.8, 20, -6
2210.9, 20, -6
2211, 20, -6
2211.1, 20, -6
2211.2, 20, -6
2211.3, 20, -6
2211.4, 20, -6
2211.5, 20, -6
2211.6, 20, -6
2211.7, 20, -5
2211.8, 20, -5
2211.9, 20, -5
2212, 20, -5
2212.1, 20, -5
2212.2, 20, -5
2212.3, 20, -5
2212.4, 20, -5
2212.5, 20, -5
2212.6, 20, -5
2212.7, 20, -5
2212.8, 20, -5
2212.9, 20, -5
2213, 20, -5
2213.1, 20, -5
2213.2, 20, -5
2213.3, 20, -5
2213.4, 20, -5
2213.5, 20, -5
2213.6, 20, -5
2213.7, 20, -5
2213.8, 20, -5
2213.9, 20, -5
2214, 20, -5
2214.1, 20, -5
2214.2, 20, -5
2214.3, 20, -4
2214.4, 20, -4
2214.5, 20, -4
2214.6, 20, -4
2214.7, 20, -4
2214.8, 20, -4
2214.9, 20, -4
2215, 20, -4
2215.1, 20, -4
2215.2, 20, -4
2215.3, 20, -4
2215.4, 20, -4
2215.5, 20, -4
2215.6, 20, -4
2215.7, 20, -4
2215.8, 20, -4
2215.9, 20, -4
2216, 20, -4
2216.1, 20, -4
2216.2, 20, -4
2216.3, 20, -4
2216.4, 20, -4
2216.5, 20, -4
2216.6, 20, -4
2216.7, 20, -4
2216.8, 20, -4
2216.9, 20, -5
2217, 20, -5
2217.1, 20, -5
2217.2, 20, -5
2217.3, 20, -5
2217.4, 20, -5
2217.5, 20, -5
2217.6, 20, -5
2217.7, 20, -5
2217.8, 20, -5
2217.9, 20, -5
2218, 20, -5
2218.1, 19, -5
2218.2, 19, -5
2218.3, 19, -5
2218.4, 19, -5
2218.5, 19, -5
2218.6, 19, -5
2218.7, 19, -5
2218.8, 19, -5
2218.9, 19, -5
2219, 19, -5
2219.1, 19, -5
2219.2, 19, -5
2219.3, 19, -5
2219.4, 19, -5
2219.5, 19, -5
2219.6, 19, -5
2219.7, 19, -5
2219.8, 19, -5
2219.9, 19, -5
2220, 19, -5
2220.1, 19, -5
2220.2, 19, -5
2220.3, 19, -5
2220.4, 19, -5
2220.5, 19, -5
2220.6, 19, -5
2220.7, 19, -5
2220.8, 19, -5
2220.9, 19, -5
2221, 19, -5
2221.1, 19, -4
2221.2, 19, -4
2221.3, 19, -4
2221.4, 19, -4
2221.5, 19, -4
2221.6, 19, -4
2221.7, 19, -4
2221.8, 19, -4
2221.9, 19, -4
2222, 19, -4
2222.1, 19, -4
2222.2, 19, -4
2222.3, 19, -4
2222.4, 19, -4
2222.5, 19, -4
2222.6, 19, -4
2222.7, 19, -4
2222.8, 19, -4
2222.9, 19, -4
2223, 19, -4
2223.1, 19, -4
2223.2, 19, -4
2223.3, 19, -4
2223.4, 19, -4
2223.5, 19, -4
2223.6, 19, -4
2223.7, 19, -4
2223.8, 19, -4
2223.9, 19, -4
2224, 19, -4
2224.1, 19, -4
2224.2, 19, -4
2224.3, 18, -4
2224.4, 18, -4
2224.5, 18, -3
2224.6, 18, -3
2224.7, 18, -3
2224.8, 18, -3
2224.9, 18, -3
2225, 18, -3
2225.1, 18, -3
2225.2, 18, -3
2225.3, 18, -3
2225.4, 18, -3
2225.5, 18, -3
2225.6, 18, -3
2225.7, 18, -3
2225.8, 18, -3
2225.9, 18, -3
2226, 18, -3
2226.1, 18, -3
2226.2, 18, -3
2226.3, 18, -3
2226.4, 18, -3
2226.5, 18, -4
2226.6, 18, -4
2226.7, 18, -4
2226.8, 18, -4
2226.9, 18, -4
2227, 18, -4
2227.1, 18, -3
2227.2, 18, -3
2227.3, 18, -3
2227.4, 18, -3
2227.5, 18, -4
2227.6, 18, -4
2227.7, 18, -4
2227.8, 18, -4
2227.9, 18, -4
2228, 18, -4
2228.1, 18, -5
2228.2, 18, -5
2228.3, 18, -5
2228.4, 18, -5
2228.5, 18, -5
2228.6, 18, -5
2228.7, 18, -5
2228.8, 18, -5
2228.9, 18, -5
2229, 18, -5
2229.1, 18, -5
2229.2, 18, -5
2229.3, 18, -5
2229.4, 18, -5
2229.5, 18, -5
2229.6, 18, -5
2229.7, 18, -5
2229.8, 18, -5
2229.9, 18, -5
2230, 18, -5
2230.1, 18, -5
2230.2, 18, -5
2230.3, 18, -5
2230.4, 18, -5
2230.5, 18, -5
2230.6, 18, -5
2230.7, 18, -5
2230.8, 18, -5
2230.9, 18, -5
2231, 18, -5
2231.1, 18, -5
2231.2, 18, -5
2231.3, 18, -5
2231.4, 18, -5
2231.5, 18, -5
2231.6, 18, -5
2231.7, 19, -5
2231.8, 19, -5
2231.9, 19, -5
2232, 19, -5
2232.1, 19, -5
2232.2, 19, -5
2232.3, 19, -5
2232.4, 19, -5
2232.5, 19, -5
2232.6, 19, -5
2232.7, 19, -5
2232.8, 19, -5
2232.9, 20, -5
2233, 20, -5
2233.1, 20, -5
2233.2, 20, -5
2233.3, 20, -5
2233.4, 20, -5
2233.5, 20, -5
2233.6, 20, -5
2233.7, 20, -5
2233.8, 20, -5
2233.9, 20, -5
2234, 20, -5
2234.1, 20, -5
2234.2, 20, -5
2234.3, 20, -5
2234.4, 20, -5
2234.5, 20, -5
2234.6, 20, -5
2234.7, 20, -5
2234.8, 20, -5
2234.9, 20, -5
2235, 20, -5
2235.1, 20, -5
2235.2, 20, -5
2235.3, 20, -5
2235.4, 20, -5
2235.5, 20, -5
2235.6, 20, -5
2235.7, 20, -5
2235.8, 20, -5
2235.9, 20, -5
2236, 20, -5
2236.1, 20, -5
2236.2, 20, -5
2236.3, 20, -5
2236.4, 20, -5
2236.5, 20, -5
2236.6, 20, -5
2236.7, 20, -5
2236.8, 20, -5
2236.9, 20, -5
2237, 20, -5
2237.1, 20, -5
2237.2, 20, -5
2237.3, 20, -5
2237.4, 20, -5
2237.5, 20, -5
2237.6, 20, -5
2237.7, 20, -5
2237.8, 20, -5
2237.9, 20, -5
2238, 20, -5
2238.1, 20, -5
2238.2, 20, -5
2238.3, 20, -5
2238.4, 20, -5
2238.5, 20, -5
2238.6, 20, -5
2238.7, 20, -5
2238.8, 20, -5
2238.9, 20, -5
2239, 20, -5
2239.1, 20, -5
2239.2, 20, -5
2239.3, 20, -5
2239.4, 20, -5
2239.5, 20, -5
2239.6, 20, -5
2239.7, 20, -5
2239.8, 20, -5
2239.9, 20, -5
2240, 20, -5
2240.1, 20, -5
2240.2, 20, -5
2240.3, 20, -5
2240.4, 20, -5
2240.5, 20, -5
2240.6, 20, -5
2240.7, 20, -5
2240.8, 20, -5
2240.9, 20, -5
2241, 20, -5
2241.1, 20, -5
2241.2, 20, -5
2241.3, 20, -5
2241.4, 20, -5
2241.5, 20, -5
2241.6, 20, -5
2241.7, 20, -5
2241.8, 20, -5
2241.9, 20, -5
2242, 20, -5
2242.1, 20, -5
2242.2, 20, -5
2242.3, 20, -5
2242.4, 20, -5
2242.5, 20, -5
2242.6, 20, -5
2242.7, 20, -5
2242.8, 20, -5
2242.9, 20, -5
2243, 20, -5
2243.1, 20, -5
2243.2, 20, -5
2243.3, 20, -5
2243.4, 20, -5
2243.5, 20, -5
2243.6, 20, -5
2243.7, 20, -5
2243.8, 20, -5
2243.9, 20, -5
2244, 20, -5
2244.1, 20, -5
2244.2, 20, -5
2244.3, 21, -5
2244.4, 21, -5
2244.5, 21, -4
2244.6, 21, -4
2244.7, 21, -4
2244.8, 21, -4
2244.9, 21, -4
2245, 21, -4
2245.1, 21, -4
2245.2, 21, -4
2245.3, 21, -4
2245.4, 21, -4
2245.5, 21, -4
2245.6, 21, -4
2245.7, 21, -4
2245.8, 21, -4
2245.9, 21, -4
2246, 21, -4
2246.1, 21, -4
2246.2, 21, -4
2246.3, 21, -4
2246.4, 21, -4
2246.5, 21, -4
2246.6, 21, -4
2246.7, 21, -4
2246.8, 21, -4
2246.9, 21, -4
2247, 21, -4
2247.1, 21, -4
2247.2, 21, -4
2247.3, 21, -4
2247.4, 21, -4
2247.5, 21, -4
2247.6, 21, -4
2247.7, 21, -4
2247.8, 21, -4
2247.9, 21, -4
2248, 21, -4
2248.1, 21, -4
2248.2, 21, -4
2248.3, 21, -4
2248.4, 21, -4
2248.5, 21, -4
2248.6, 21, -4
2248.7, 21, -4
2248.8, 21, -4
2248.9, 21, -4
2249, 21, -4
2249.1, 21, -4
2249.2, 21, -4
2249.3, 21, -4
2249.4, 21, -4
2249.5, 21, -4
2249.6, 21, -4
2249.7, 21, -4
2249.8, 21, -4
2249.9, 21, -4
2250, 21, -4
2250.1, 21, -4
2250.2, 21, -4
2250.3, 21, -4
2250.4, 21, -4
2250.5, 21, -4
2250.6, 21, -4
2250.7, 21, -4
2250.8, 21, -4
2250.9, 21, -4
2251, 21, -4
2251.1, 20, -4
2251.2, 20, -4
2251.3, 20, -4
2251.4, 20, -4
2251.5, 20, -4
2251.6, 20, -4
2251.7, 20, -4
2251.8, 20, -4
2251.9, 20, -4
2252, 20, -4
2252.1, 20, -4
2252.2, 20, -4
2252.3, 20, -4
2252.4, 20, -4
2252.5, 21, -4
2252.6, 21, -4
2252.7, 21, -3
2252.8, 21, -3
2252.9, 21, -3
2253, 21, -3
2253.1, 21, -3
2253.2, 21, -3
2253.3, 21, -3
2253.4, 21, -3
2253.5, 21, -3
2253.6, 21, -3
2253.7, 21, -3
2253.8, 21, -3
2253.9, 21, -3
2254, 21, -3
2254.1, 21, -3
2254.2, 21, -3
2254.3, 21, -3
2254.4, 21, -3
2254.5, 21, -3
2254.6, 21, -3
2254.7, 21, -3
2254.8, 21, -3
2254.9, 21, -3
2255, 21, -3
2255.1, 21, -3
2255.2, 21, -3
2255.3, 21, -3
2255.4, 21, -3
2255.5, 21, -3
2255.6, 21, -3
2255.7, 22, -3
2255.8, 22, -3
2255.9, 22, -3
2256, 22, -3
2256.1, 22, -3
2256.2, 22, -3
2256.3, 22, -3
2256.4, 22, -3
2256.5, 22, -3
2256.6, 22, -3
2256.7, 22, -3
2256.8, 22, -3
2256.9, 22, -3
2257, 22, -3
2257.1, 22, -3
2257.2, 22, -3
2257.3, 22, -3
2257.4, 22, -3
2257.5, 22, -3
2257.6, 22, -3
2257.7, 22, -3
2257.8, 22, -3
2257.9, 22, -3
2258, 22, -3
2258.1, 22, -3
2258.2, 22, -3
2258.3, 22, -3
2258.4, 22, -3
2258.5, 22, -3
2258.6, 22, -3
2258.7, 22, -3
2258.8, 22, -3
2258.9, 22, -3
2259, 22, -3
2259.1, 22, -3
2259.2, 22, -3
2259.3, 22, -3
2259.4, 22, -3
2259.5, 22, -3
2259.6, 22, -3
2259.7, 23, -3
2259.8, 23, -3
2259.9, 23, -3
2260, 23, -3
2260.1, 23, -3
2260.2, 23, -3
2260.3, 23, -3
2260.4, 23, -3
2260.5, 23, -3
2260.6, 23, -3
2260.7, 23, -3
2260.8, 23, -3
2260.9, 23, -3
2261, 23, -3
2261.1, 23, -3
2261.2, 23, -3
2261.3, 23, -3
2261.4, 23, -3
2261.5, 22, -3
2261.6, 22, -3
2261.7, 22, -3
2261.8, 22, -3
2261.9, 22, -3
2262, 22, -3
2262.1, 23, -3
2262.2, 23, -3
2262.3, 23, -3
2262.4, 23, -3
2262.5, 23, -3
2262.6, 23, -3
2262.7, 23, -3
2262.8, 23, -3
2262.9, 22, -3
2263, 22, -3
2263.1, 22, -3
2263.2, 22, -3
2263.3, 22, -3
2263.4, 22, -3
2263.5, 21, -3
2263.6, 21, -3
2263.7, 21, -3
2263.8, 21, -3
2263.9, 21, -3
2264, 21, -3
2264.1, 21, -3
2264.2, 21, -3
2264.3, 21, -4
2264.4, 21, -4
2264.5, 21, -4
2264.6, 21, -4
2264.7, 21, -4
2264.8, 21, -4
2264.9, 21, -4
2265, 21, -4
2265.1, 21, -4
2265.2, 21, -4
2265.3, 21, -4
2265.4, 21, -4
2265.5, 21, -4
2265.6, 21, -4
2265.7, 21, -4
2265.8, 21, -4
2265.9, 21, -4
2266, 21, -4
2266.1, 21, -4
2266.2, 21, -4
2266.3, 21, -4
2266.4, 21, -4
2266.5, 21, -4
2266.6, 21, -4
2266.7, 21, -4
2266.8, 21, -4
2266.9, 21, -4
2267, 21, -4
2267.1, 21, -4
2267.2, 21, -4
2267.3, 21, -4
2267.4, 21, -4
2267.5, 21, -4
2267.6, 21, -4
2267.7, 21, -4
2267.8, 21, -4
2267.9, 21, -4
2268, 21, -4
2268.1, 21, -4
2268.2, 21, -4
2268.3, 21, -4
2268.4, 21, -4
2268.5, 21, -4
2268.6, 21, -4
2268.7, 21, -4
2268.8, 21, -4
2268.9, 21, -4
2269, 21, -4
2269.1, 21, -4
2269.2, 21, -4
2269.3, 21, -4
2269.4, 21, -4
2269.5, 21, -4
2269.6, 21, -4
2269.7, 21, -4
2269.8, 21, -4
2269.9, 21, -4
2270, 21, -4
2270.1, 21, -4
2270.2, 21, -4
2270.3, 21, -4
2270.4, 21, -4
2270.5, 21, -4
2270.6, 21, -4
2270.7, 21, -4
2270.8, 21, -4
2270.9, 22, -4
2271, 22, -4
2271.1, 22, -5
2271.2, 22, -5
2271.3, 22, -5
2271.4, 22, -5
2271.5, 22, -5
2271.6, 22, -5
2271.7, 22, -5
2271.8, 22, -5
2271.9, 22, -5
2272, 22, -5
2272.1, 22, -5
2272.2, 22, -5
2272.3, 22, -5
2272.4, 22, -5
2272.5, 22, -5
2272.6, 22, -5
2272.7, 22, -5
2272.8, 22, -5
2272.9, 22, -5
2273, 22, -5
2273.1, 22, -5
2273.2, 22, -5
2273.3, 22, -5
2273.4, 22, -5
2273.5, 22, -4
2273.6, 22, -4
2273.7, 22, -4
2273.8, 22, -4
2273.9, 22, -4
2274, 22, -4
2274.1, 22, -4
2274.2, 22, -4
2274.3, 22, -4
2274.4, 22, -4
2274.5, 22, -4
2274.6, 22, -4
2274.7, 22, -4
2274.8, 22, -4
2274.9, 23, -4
2275, 23, -4
2275.1, 23, -4
2275.2, 23, -4
2275.3, 23, -4
2275.4, 23, -4
2275.5, 23, -4
2275.6, 23, -4
2275.7, 23, -4
2275.8, 23, -4
2275.9, 23, -4
2276, 23, -4
2276.1, 23, -4
2276.2, 23, -4
2276.3, 23, -4
2276.4, 23, -4
2276.5, 24, -4
2276.6, 24, -4
2276.7, 24, -4
2276.8, 24, -4
2276.9, 24, -4
2277, 24, -4
2277.1, 24, -4
2277.2, 24, -4
2277.3, 24, -4
2277.4, 24, -4
2277.5, 24, -5
2277.6, 24, -5
2277.7, 24, -5
2277.8, 24, -5
2277.9, 25, -5
2278, 25, -5
2278.1, 25, -5
2278.2, 25, -5
2278.3, 25, -5
2278.4, 25, -5
2278.5, 25, -5
2278.6, 25, -5
2278.7, 25, -5
2278.8, 25, -5
2278.9, 25, -5
2279, 25, -5
2279.1, 25, -5
2279.2, 25, -5
2279.3, 25, -5
2279.4, 25, -5
2279.5, 25, -5
2279.6, 25, -5
2279.7, 25, -5
2279.8, 25, -5
2279.9, 25, -5
2280, 25, -5
2280.1, 25, -5
2280.2, 25, -5
2280.3, 25, -5
2280.4, 25, -5
2280.5, 25, -5
2280.6, 25, -5
2280.7, 25, -5
2280.8, 25, -5
2280.9, 25, -5
2281, 25, -5
2281.1, 25, -5
2281.2, 25, -5
2281.3, 25, -5
2281.4, 25, -5
2281.5, 25, -5
2281.6, 25, -5
2281.7, 25, -5
2281.8, 25, -5
2281.9, 25, -5
2282, 25, -5
2282.1, 25, -5
2282.2, 25, -5
2282.3, 25, -5
2282.4, 25, -5
2282.5, 25, -5
2282.6, 25, -5
2282.7, 24, -5
2282.8, 24, -5
2282.9, 24, -5
2283, 24, -5
2283.1, 24, -5
2283.2, 24, -5
2283.3, 24, -5
2283.4, 24, -5
2283.5, 24, -5
2283.6, 24, -5
2283.7, 24, -5
2283.8, 24, -5
2283.9, 24, -5
2284, 24, -5
2284.1, 24, -5
2284.2, 24, -5
2284.3, 24, -5
2284.4, 24, -5
2284.5, 24, -5
2284.6, 24, -5
2284.7, 24, -5
2284.8, 24, -5
2284.9, 24, -5
2285, 24, -5
2285.1, 24, -5
2285.2, 24, -5
2285.3, 24, -5
2285.4, 24, -5
2285.5, 24, -5
2285.6, 24, -5
2285.7, 24, -5
2285.8, 24, -5
2285.9, 24, -5
2286, 24, -5
2286.1, 24, -5
2286.2, 24, -5
2286.3, 24, -5
2286.4, 24, -5
2286.5, 24, -5
2286.6, 24, -5
2286.7, 24, -5
2286.8, 24, -5
2286.9, 24, -5
2287, 24, -5
2287.1, 24, -5
2287.2, 24, -5
2287.3, 24, -5
2287.4, 24, -5
2287.5, 24, -5
2287.6, 24, -5
2287.7, 24, -5
2287.8, 24, -5
2287.9, 24, -5
2288, 24, -5
2288.1, 24, -5
2288.2, 24, -5
2288.3, 24, -5
2288.4, 24, -5
2288.5, 24, -5
2288.6, 24, -5
2288.7, 24, -5
2288.8, 24, -5
2288.9, 24, -5
2289, 24, -5
2289.1, 24, -5
2289.2, 24, -5
2289.3, 24, -5
2289.4, 24, -5
2289.5, 24, -5
2289.6, 24, -5
2289.7, 24, -5
2289.8, 24, -5
2289.9, 24, -5
2290, 24, -5
2290.1, 25, -5
2290.2, 25, -5
2290.3, 26, -5
2290.4, 26, -5
2290.5, 26, -5
2290.6, 26, -5
2290.7, 26, -5
2290.8, 26, -5
2290.9, 26, -5
2291, 26, -5
2291.1, 26, -5
2291.2, 26, -5
2291.3, 26, -5
2291.4, 26, -5
2291.5, 26, -5
2291.6, 26, -5
2291.7, 26, -5
2291.8, 26, -5
2291.9, 26, -5
2292, 26, -5
2292.1, 26, -5
2292.2, 26, -5
2292.3, 26, -5
2292.4, 26, -5
2292.5, 26, -5
2292.6, 26, -5
2292.7, 26, -6
2292.8, 26, -6
2292.9, 26, -6
2293, 26, -6
2293.1, 26, -6
2293.2, 26, -6
2293.3, 26, -6
2293.4, 26, -6
2293.5, 26, -5
2293.6, 26, -5
2293.7, 26, -5
2293.8, 26, -5
2293.9, 26, -5
2294, 26, -5
2294.1, 26, -5
2294.2, 26, -5
2294.3, 26, -5
2294.4, 26, -5
2294.5, 26, -5
2294.6, 26, -5
2294.7, 26, -5
2294.8, 26, -5
2294.9, 26, -5
2295, 26, -5
2295.1, 26, -5
2295.2, 26, -5
2295.3, 26, -5
2295.4, 26, -5
2295.5, 26, -5
2295.6, 26, -5
2295.7, 25, -5
2295.8, 25, -5
2295.9, 25, -5
2296, 25, -5
2296.1, 25, -5
2296.2, 25, -5
2296.3, 25, -4
2296.4, 25, -4
2296.5, 25, -4
2296.6, 25, -4
2296.7, 25, -4
2296.8, 25, -4
2296.9, 25, -4
2297, 25, -4
2297.1, 25, -4
2297.2, 25, -4
2297.3, 25, -4
2297.4, 25, -4
2297.5, 25, -4
2297.6, 25, -4
2297.7, 25, -4
2297.8, 25, -4
2297.9, 25, -4
2298, 25, -4
2298.1, 25, -4
2298.2, 25, -4
2298.3, 25, -4
2298.4, 25, -4
2298.5, 25, -4
2298.6, 25, -4
2298.7, 25, -4
2298.8, 25, -4
2298.9, 25, -3
2299, 25, -3
2299.1, 25, -4
2299.2, 25, -4
2299.3, 25, -4
2299.4, 25, -4
2299.5, 25, -4
2299.6, 25, -4
2299.7, 25, -4
2299.8, 25, -4
2299.9, 25, -4
2300, 25, -4
2300.1, 25, -4
2300.2, 25, -4
2300.3, 25, -4
2300.4, 25, -4
2300.5, 25, -4
2300.6, 25, -4
2300.7, 25, -4
2300.8, 25, -4
2300.9, 24, -4
2301, 24, -4
2301.1, 24, -4
2301.2, 24, -4
2301.3, 24, -4
2301.4, 24, -4
2301.5, 24, -4
2301.6, 24, -4
2301.7, 24, -4
2301.8, 24, -4
2301.9, 24, -4
2302, 24, -4
2302.1, 24, -4
2302.2, 24, -4
2302.3, 24, -4
2302.4, 24, -4
2302.5, 23, -4
2302.6, 23, -4
2302.7, 23, -4
2302.8, 23, -4
2302.9, 23, -4
2303, 23, -4
2303.1, 23, -4
2303.2, 23, -4
2303.3, 23, -4
2303.4, 23, -4
2303.5, 23, -4
2303.6, 23, -4
2303.7, 23, -4
2303.8, 23, -4
2303.9, 23, -4
2304, 23, -4
2304.1, 23, -4
2304.2, 23, -4
2304.3, 23, -4
2304.4, 23, -4
2304.5, 23, -4
2304.6, 23, -4
2304.7, 23, -4
2304.8, 23, -4
2304.9, 23, -4
2305, 23, -4
2305.1, 23, -3
2305.2, 23, -3
2305.3, 23, -3
2305.4, 23, -3
2305.5, 23, -3
2305.6, 23, -3
2305.7, 23, -3
2305.8, 23, -3
2305.9, 23, -3
2306, 23, -3
2306.1, 23, -3
2306.2, 23, -3
2306.3, 23, -3
2306.4, 23, -3
2306.5, 23, -3
2306.6, 23, -3
2306.7, 23, -3
2306.8, 23, -3
2306.9, 23, -3
2307, 23, -3
2307.1, 23, -3
2307.2, 23, -3
2307.3, 23, -3
2307.4, 23, -3
2307.5, 23, -3
2307.6, 23, -3
2307.7, 23, -3
2307.8, 23, -3
2307.9, 23, -3
2308, 23, -3
2308.1, 23, -3
2308.2, 23, -3
2308.3, 23, -3
2308.4, 23, -3
2308.5, 23, -3
2308.6, 23, -3
2308.7, 23, -3
2308.8, 23, -3
2308.9, 23, -3
2309, 23, -3
2309.1, 23, -3
2309.2, 23, -3
2309.3, 23, -3
2309.4, 23, -3
2309.5, 23, -3
2309.6, 23, -3
2309.7, 23, -3
2309.8, 23, -3
2309.9, 23, -3
2310, 23, -3
2310.1, 23, -3
2310.2, 23, -3
2310.3, 23, -3
2310.4, 23, -3
2310.5, 23, -3
2310.6, 23, -3
2310.7, 23, -3
2310.8, 23, -3
2310.9, 23, -3
2311, 23, -3
2311.1, 23, -3
2311.2, 23, -3
2311.3, 24, -3
2311.4, 24, -3
2311.5, 24, -3
2311.6, 24, -3
2311.7, 24, -3
2311.8, 24, -3
2311.9, 24, -3
2312, 24, -3
2312.1, 24, -3
2312.2, 24, -3
2312.3, 24, -3
2312.4, 24, -3
2312.5, 24, -3
2312.6, 24, -3
2312.7, 24, -4
2312.8, 24, -4
2312.9, 24, -4
2313, 24, -4
2313.1, 24, -5
2313.2, 24, -5
2313.3, 24, -5
2313.4, 24, -5
2313.5, 24, -4
2313.6, 24, -4
2313.7, 24, -4
2313.8, 24, -4
2313.9, 24, -4
2314, 24, -4
2314.1, 25, -4
2314.2, 25, -4
2314.3, 25, -4
2314.4, 25, -4
2314.5, 25, -4
2314.6, 25, -4
2314.7, 25, -4
2314.8, 25, -4
2314.9, 24, -4
2315, 24, -4
2315.1, 24, -4
2315.2, 24, -4
2315.3, 24, -4
2315.4, 24, -4
2315.5, 24, -4
2315.6, 24, -4
2315.7, 24, -4
2315.8, 24, -4
2315.9, 24, -4
2316, 24, -4
2316.1, 24, -4
2316.2, 24, -4
2316.3, 24, -4
2316.4, 24, -4
2316.5, 24, -4
2316.6, 24, -4
2316.7, 24, -4
2316.8, 24, -4
2316.9, 24, -4
2317, 24, -4
2317.1, 24, -4
2317.2, 24, -4
2317.3, 24, -4
2317.4, 24, -4
2317.5, 24, -4
2317.6, 24, -4
2317.7, 24, -3
2317.8, 24, -3
2317.9, 24, -3
2318, 24, -3
2318.1, 24, -4
2318.2, 24, -4
2318.3, 24, -4
2318.4, 24, -4
2318.5, 24, -4
2318.6, 24, -4
2318.7, 24, -4
2318.8, 24, -4
2318.9, 24, -4
2319, 24, -4
2319.1, 24, -4
2319.2, 24, -4
2319.3, 24, -4
2319.4, 24, -4
2319.5, 24, -4
2319.6, 24, -4
2319.7, 24, -4
2319.8, 24, -4
2319.9, 24, -4
2320, 24, -4
2320.1, 23, -4
2320.2, 23, -4
2320.3, 23, -4
2320.4, 23, -4
2320.5, 23, -4
2320.6, 23, -4
2320.7, 23, -4
2320.8, 23, -4
2320.9, 23, -4
2321, 23, -4
2321.1, 23, -4
2321.2, 23, -4
2321.3, 23, -4
2321.4, 23, -4
2321.5, 23, -4
2321.6, 23, -4
2321.7, 23, -4
2321.8, 23, -4
2321.9, 23, -4
2322, 23, -4
2322.1, 23, -4
2322.2, 23, -4
2322.3, 23, -5
2322.4, 23, -5
2322.5, 23, -5
2322.6, 23, -5
2322.7, 23, -5
2322.8, 23, -5
2322.9, 23, -5
2323, 23, -5
2323.1, 23, -5
2323.2, 23, -5
2323.3, 23, -5
2323.4, 23, -5
2323.5, 23, -5
2323.6, 23, -5
2323.7, 23, -5
2323.8, 23, -5
2323.9, 23, -5
2324, 23, -5
2324.1, 23, -5
2324.2, 23, -5
2324.3, 23, -5
2324.4, 23, -5
2324.5, 23, -5
2324.6, 23, -5
2324.7, 23, -5
2324.8, 23, -5
2324.9, 23, -5
2325, 23, -5
2325.1, 23, -5
2325.2, 23, -5
2325.3, 23, -5
2325.4, 23, -5
2325.5, 23, -5
2325.6, 23, -5
2325.7, 23, -5
2325.8, 23, -5
2325.9, 23, -5
2326, 23, -5
2326.1, 23, -5
2326.2, 23, -5
2326.3, 23, -5
2326.4, 23, -5
2326.5, 23, -5
2326.6, 23, -5
2326.7, 23, -4
2326.8, 23, -4
2326.9, 23, -4
2327, 23, -4
2327.1, 22, -4
2327.2, 22, -4
2327.3, 22, -4
2327.4, 22, -4
2327.5, 22, -4
2327.6, 22, -4
2327.7, 22, -4
2327.8, 22, -4
2327.9, 22, -4
2328, 22, -4
2328.1, 22, -4
2328.2, 22, -4
2328.3, 22, -4
2328.4, 22, -4
2328.5, 22, -4
2328.6, 22, -4
2328.7, 22, -4
2328.8, 22, -4
2328.9, 22, -4
2329, 22, -4
2329.1, 22, -4
2329.2, 22, -4
2329.3, 22, -4
2329.4, 22, -4
2329.5, 22, -4
2329.6, 22, -4
2329.7, 22, -4
2329.8, 22, -4
2329.9, 22, -4
2330, 22, -4
2330.1, 22, -4
2330.2, 22, -4
2330.3, 22, -4
2330.4, 22, -4
2330.5, 22, -4
2330.6, 22, -4
2330.7, 22, -4
2330.8, 22, -4
2330.9, 22, -4
2331, 22, -4
2331.1, 22, -4
2331.2, 22, -4
2331.3, 22, -4
2331.4, 22, -4
2331.5, 22, -4
2331.6, 22, -4
2331.7, 21, -4
2331.8, 21, -4
2331.9, 22, -4
2332, 22, -4
2332.1, 22, -4
2332.2, 22, -4
2332.3, 22, -4
2332.4, 22, -4
2332.5, 22, -4
2332.6, 22, -4
2332.7, 22, -4
2332.8, 22, -4
2332.9, 22, -4
2333, 22, -4
2333.1, 22, -4
2333.2, 22, -4
2333.3, 22, -4
2333.4, 22, -4
2333.5, 22, -4
2333.6, 22, -4
2333.7, 22, -4
2333.8, 22, -4
2333.9, 22, -4
2334, 22, -4
2334.1, 22, -5
2334.2, 22, -5
2334.3, 22, -5
2334.4, 22, -5
2334.5, 22, -5
2334.6, 22, -5
2334.7, 23, -5
2334.8, 23, -5
2334.9, 23, -5
2335, 23, -5
2335.1, 23, -5
2335.2, 23, -5
2335.3, 23, -5
2335.4, 23, -5
2335.5, 23, -5
2335.6, 23, -5
2335.7, 23, -5
2335.8, 23, -5
2335.9, 23, -5
2336, 23, -5
2336.1, 23, -5
2336.2, 23, -5
2336.3, 23, -5
2336.4, 23, -5
2336.5, 23, -5
2336.6, 23, -5
2336.7, 23, -5
2336.8, 23, -5
2336.9, 23, -6
2337, 23, -6
2337.1, 23, -6
2337.2, 23, -6
2337.3, 23, -6
2337.4, 23, -6
2337.5, 23, -6
2337.6, 23, -6
2337.7, 23, -6
2337.8, 23, -6
2337.9, 23, -6
2338, 23, -6
2338.1, 23, -6
2338.2, 23, -6
2338.3, 23, -6
2338.4, 23, -6
2338.5, 23, -6
2338.6, 23, -6
2338.7, 23, -6
2338.8, 23, -6
2338.9, 23, -6
2339, 23, -6
2339.1, 23, -6
2339.2, 23, -6
2339.3, 23, -6
2339.4, 23, -6
2339.5, 23, -6
2339.6, 23, -6
2339.7, 23, -6
2339.8, 23, -6
2339.9, 23, -6
2340, 23, -6
2340.1, 22, -6
2340.2, 22, -6
2340.3, 22, -6
2340.4, 22, -6
2340.5, 22, -6
2340.6, 22, -6
2340.7, 22, -6
2340.8, 22, -6
2340.9, 22, -6
2341, 22, -6
2341.1, 22, -6
2341.2, 22, -6
2341.3, 22, -6
2341.4, 22, -6
2341.5, 22, -6
2341.6, 22, -6
2341.7, 22, -6
2341.8, 22, -6
2341.9, 22, -6
2342, 22, -6
2342.1, 22, -6
2342.2, 22, -6
2342.3, 22, -6
2342.4, 22, -6
2342.5, 22, -6
2342.6, 22, -6
2342.7, 22, -6
2342.8, 22, -6
2342.9, 22, -6
2343, 22, -6
2343.1, 22, -6
2343.2, 22, -6
2343.3, 22, -6
2343.4, 22, -6
2343.5, 21, -6
2343.6, 21, -6
2343.7, 21, -6
2343.8, 21, -6
2343.9, 21, -6
2344, 21, -6
2344.1, 21, -6
2344.2, 21, -6
2344.3, 21, -6
2344.4, 21, -6
2344.5, 21, -6
2344.6, 21, -6
2344.7, 21, -6
2344.8, 21, -6
2344.9, 21, -6
2345, 21, -6
2345.1, 21, -6
2345.2, 21, -6
2345.3, 21, -7
2345.4, 21, -7
2345.5, 21, -7
2345.6, 21, -7
2345.7, 21, -8
2345.8, 21, -8
2345.9, 21, -8
2346, 21, -8
2346.1, 21, -8
2346.2, 21, -8
2346.3, 21, -8
2346.4, 21, -8
2346.5, 21, -8
2346.6, 21, -8
2346.7, 21, -8
2346.8, 21, -8
2346.9, 21, -8
2347, 21, -8
2347.1, 21, -8
2347.2, 21, -8
2347.3, 21, -8
2347.4, 21, -8
2347.5, 21, -8
2347.6, 21, -8
2347.7, 21, -8
2347.8, 21, -8
2347.9, 21, -8
2348, 21, -8
2348.1, 21, -8
2348.2, 21, -8
2348.3, 20, -8
2348.4, 20, -8
2348.5, 20, -8
2348.6, 20, -8
2348.7, 20, -8
2348.8, 20, -8
2348.9, 20, -8
2349, 20, -8
2349.1, 20, -8
2349.2, 20, -8
2349.3, 20, -8
2349.4, 20, -8
2349.5, 20, -8
2349.6, 20, -8
2349.7, 20, -8
2349.8, 20, -8
2349.9, 20, -8
2350, 20, -8
2350.1, 20, -8
2350.2, 20, -8
2350.3, 20, -8
2350.4, 20, -8
2350.5, 20, -8
2350.6, 20, -8
2350.7, 20, -8
2350.8, 20, -8
2350.9, 20, -8
2351, 20, -8
2351.1, 20, -8
2351.2, 20, -8
2351.3, 20, -8
2351.4, 20, -8
2351.5, 20, -8
2351.6, 20, -8
2351.7, 20, -8
2351.8, 20, -8
2351.9, 20, -8
2352, 20, -8
2352.1, 20, -8
2352.2, 20, -8
2352.3, 20, -8
2352.4, 20, -8
2352.5, 20, -8
2352.6, 20, -8
2352.7, 20, -8
2352.8, 20, -8
2352.9, 20, -8
2353, 20, -8
2353.1, 20, -8
2353.2, 20, -8
2353.3, 20, -8
2353.4, 20, -8
2353.5, 20, -8
2353.6, 20, -8
2353.7, 20, -8
2353.8, 20, -8
2353.9, 20, -8
2354, 20, -8
2354.1, 20, -8
2354.2, 20, -8
2354.3, 19, -8
2354.4, 19, -8
2354.5, 19, -8
2354.6, 19, -8
2354.7, 19, -8
2354.8, 19, -8
2354.9, 19, -8
2355, 19, -8
2355.1, 20, -8
2355.2, 20, -8
2355.3, 20, -8
2355.4, 20, -8
2355.5, 20, -8
2355.6, 20, -8
2355.7, 20, -9
2355.8, 20, -9
2355.9, 20, -9
2356, 20, -9
2356.1, 20, -9
2356.2, 20, -9
2356.3, 20, -9
2356.4, 20, -9
2356.5, 20, -9
2356.6, 20, -9
2356.7, 20, -9
2356.8, 20, -9
2356.9, 20, -9
2357, 20, -9
2357.1, 20, -9
2357.2, 20, -9
2357.3, 20, -9
2357.4, 20, -9
2357.5, 20, -9
2357.6, 20, -9
2357.7, 20, -9
2357.8, 20, -9
2357.9, 20, -9
2358, 20, -9
2358.1, 20, -9
2358.2, 20, -9
2358.3, 20, -9
2358.4, 20, -9
2358.5, 20, -9
2358.6, 20, -9
2358.7, 20, -9
2358.8, 20, -9
2358.9, 20, -9
2359, 20, -9
2359.1, 20, -9
2359.2, 20, -9
2359.3, 20, -9
2359.4, 20, -9
2359.5, 20, -9
2359.6, 20, -9
2359.7, 19, -9
2359.8, 19, -9
2359.9, 19, -9
2360, 19, -9
2360.1, 19, -9
2360.2, 19, -9
2360.3, 19, -9
2360.4, 19, -9
2360.5, 19, -9
2360.6, 19, -9
2360.7, 19, -9
2360.8, 19, -9
2360.9, 18, -9
2361, 18, -9
2361.1, 18, -9
2361.2, 18, -9
2361.3, 18, -9
2361.4, 18, -9
2361.5, 18, -9
2361.6, 18, -9
2361.7, 18, -9
2361.8, 18, -9
2361.9, 18, -10
2362, 18, -10
2362.1, 18, -10
2362.2, 18, -10
2362.3, 18, -11
2362.4, 18, -11
2362.5, 18, -11
2362.6, 18, -11
2362.7, 18, -11
2362.8, 18, -11
2362.9, 18, -11
2363, 18, -11
2363.1, 18, -11
2363.2, 18, -11
2363.3, 18, -11
2363.4, 18, -11
2363.5, 18, -11
2363.6, 18, -11
2363.7, 19, -11
2363.8, 19, -11
2363.9, 19, -11
2364, 19, -11
2364.1, 19, -11
2364.2, 19, -11
2364.3, 19, -11
2364.4, 19, -11
2364.5, 19, -11
2364.6, 19, -11
2364.7, 19, -11
2364.8, 19, -11
2364.9, 19, -11
2365, 19, -11
2365.1, 19, -11
2365.2, 19, -11
2365.3, 19, -12
2365.4, 19, -12
2365.5, 19, -12
2365.6, 19, -12
2365.7, 19, -12
2365.8, 19, -12
2365.9, 19, -12
2366, 19, -12
2366.1, 19, -12
2366.2, 19, -12
2366.3, 19, -12
2366.4, 19, -12
2366.5, 19, -12
2366.6, 19, -12
2366.7, 19, -12
2366.8, 19, -12
2366.9, 19, -12
2367, 19, -12
2367.1, 19, -12
2367.2, 19, -12
2367.3, 19, -12
2367.4, 19, -12
2367.5, 19, -12
2367.6, 19, -12
2367.7, 19, -12
2367.8, 19, -12
2367.9, 19, -12
2368, 19, -12
2368.1, 19, -12
2368.2, 19, -12
2368.3, 19, -12
2368.4, 19, -12
2368.5, 19, -12
2368.6, 19, -12
2368.7, 19, -12
2368.8, 19, -12
2368.9, 19, -12
2369, 19, -12
2369.1, 19, -12
2369.2, 19, -12
2369.3, 19, -12
2369.4, 19, -12
2369.5, 19, -12
2369.6, 19, -12
2369.7, 19, -12
2369.8, 19, -12
2369.9, 19, -12
2370, 19, -12
2370.1, 19, -12
2370.2, 19, -12
2370.3, 18, -12
2370.4, 18, -12
2370.5, 18, -12
2370.6, 18, -12
2370.7, 18, -12
2370.8, 18, -12
2370.9, 18, -12
2371, 18, -12
2371.1, 18, -12
2371.2, 18, -12
2371.3, 18, -12
2371.4, 18, -12
2371.5, 18, -12
2371.6, 18, -12
2371.7, 18, -12
2371.8, 18, -12
2371.9, 18, -12
2372, 18, -12
2372.1, 18, -12
2372.2, 18, -12
2372.3, 18, -12
2372.4, 18, -12
2372.5, 18, -12
2372.6, 18, -12
2372.7, 17, -12
2372.8, 17, -12
2372.9, 16, -12
2373, 16, -12
2373.1, 16, -12
2373.2, 16, -12
2373.3, 16, -12
2373.4, 16, -12
2373.5, 16, -12
2373.6, 16, -12
2373.7, 16, -12
2373.8, 16, -12
2373.9, 15, -12
2374, 15, -12
2374.1, 15, -12
2374.2, 15, -12
2374.3, 16, -12
2374.4, 16, -12
2374.5, 16, -12
2374.6, 16, -12
2374.7, 16, -13
2374.8, 16, -13
2374.9, 16, -13
2375, 16, -13
2375.1, 16, -13
2375.2, 16, -13
2375.3, 16, -13
2375.4, 16, -13
2375.5, 16, -13
2375.6, 16, -13
2375.7, 16, -13
2375.8, 16, -13
2375.9, 16, -13
2376, 16, -13
2376.1, 16, -12
2376.2, 16, -12
2376.3, 16, -12
2376.4, 16, -12
2376.5, 16, -12
2376.6, 16, -12
2376.7, 16, -12
2376.8, 16, -12
2376.9, 16, -12
2377, 16, -12
2377.1, 16, -12
2377.2, 16, -12
2377.3, 16, -12
2377.4, 16, -12
2377.5, 16, -12
2377.6, 16, -12
2377.7, 16, -12
2377.8, 16, -12
2377.9, 16, -12
2378, 16, -12
2378.1, 16, -12
2378.2, 16, -12
2378.3, 16, -12
2378.4, 16, -12
2378.5, 16, -12
2378.6, 16, -12
2378.7, 16, -12
2378.8, 16, -12
2378.9, 16, -12
2379, 16, -12
2379.1, 16, -12
2379.2, 16, -12
2379.3, 16, -12
2379.4, 16, -12
2379.5, 16, -12
2379.6, 16, -12
2379.7, 16, -12
2379.8, 16, -12
2379.9, 16, -12
2380, 16, -12
2380.1, 16, -12
2380.2, 16, -12
2380.3, 17, -12
2380.4, 17, -12
2380.5, 17, -12
2380.6, 17, -12
2380.7, 17, -12
2380.8, 17, -12
2380.9, 16, -12
2381, 16, -12
2381.1, 16, -11
2381.2, 16, -11
2381.3, 16, -11
2381.4, 16, -11
2381.5, 16, -11
2381.6, 16, -11
2381.7, 16, -11
2381.8, 16, -11
2381.9, 16, -11
2382, 16, -11
2382.1, 16, -11
2382.2, 16, -11
2382.3, 16, -11
2382.4, 16, -11
2382.5, 16, -11
2382.6, 16, -11
2382.7, 16, -11
2382.8, 16, -11
2382.9, 16, -11
2383, 16, -11
2383.1, 16, -10
2383.2, 16, -10
2383.3, 16, -10
2383.4, 16, -10
2383.5, 16, -10
2383.6, 16, -10
2383.7, 16, -10
2383.8, 16, -10
2383.9, 16, -10
2384, 16, -10
2384.1, 16, -10
2384.2, 16, -10
2384.3, 16, -10
2384.4, 16, -10
2384.5, 16, -10
2384.6, 16, -10
2384.7, 16, -10
2384.8, 16, -10
2384.9, 16, -10
2385, 16, -10
2385.1, 16, -10
2385.2, 16, -10
2385.3, 16, -10
2385.4, 16, -10
2385.5, 16, -10
2385.6, 16, -10
2385.7, 16, -9
2385.8, 16, -9
2385.9, 16, -10
2386, 16, -10
2386.1, 16, -10
2386.2, 16, -10
2386.3, 16, -10
2386.4, 16, -10
2386.5, 16, -10
2386.6, 16, -10
2386.7, 16, -10
2386.8, 16, -10
2386.9, 16, -10
2387, 16, -10
2387.1, 16, -10
2387.2, 16, -10
2387.3, 16, -10
2387.4, 16, -10
2387.5, 16, -10
2387.6, 16, -10
2387.7, 16, -10
2387.8, 16, -10
2387.9, 16, -10
2388, 16, -10
2388.1, 16, -10
2388.2, 16, -10
2388.3, 16, -11
2388.4, 16, -11
2388.5, 16, -11
2388.6, 16, -11
2388.7, 16, -11
2388.8, 16, -11
2388.9, 16, -11
2389, 16, -11
2389.1, 16, -11
2389.2, 16, -11
2389.3, 16, -11
2389.4, 16, -11
2389.5, 16, -11
2389.6, 16, -11
2389.7, 16, -11
2389.8, 16, -11
2389.9, 16, -11
2390, 16, -11
2390.1, 16, -11
2390.2, 16, -11
2390.3, 17, -11
2390.4, 17, -11
2390.5, 18, -11
2390.6, 18, -11
2390.7, 18, -11
2390.8, 18, -11
2390.9, 18, -11
2391, 18, -11
2391.1, 18, -11
2391.2, 18, -11
2391.3, 18, -11
2391.4, 18, -11
2391.5, 18, -11
2391.6, 18, -11
2391.7, 18, -11
2391.8, 18, -11
2391.9, 18, -11
2392, 18, -11
2392.1, 18, -11
2392.2, 18, -11
2392.3, 18, -11
2392.4, 18, -11
2392.5, 18, -11
2392.6, 18, -11
2392.7, 18, -11
2392.8, 18, -11
2392.9, 18, -11
2393, 18, -11
2393.1, 18, -11
2393.2, 18, -11
2393.3, 18, -11
2393.4, 18, -11
2393.5, 17, -11
2393.6, 17, -11
2393.7, 17, -11
2393.8, 17, -11
2393.9, 17, -11
2394, 17, -11
2394.1, 17, -11
2394.2, 17, -11
2394.3, 17, -10
2394.4, 17, -10
2394.5, 18, -10
2394.6, 18, -10
2394.7, 18, -10
2394.8, 18, -10
2394.9, 18, -10
2395, 18, -10
2395.1, 18, -10
2395.2, 18, -10
2395.3, 18, -10
2395.4, 18, -10
2395.5, 18, -10
2395.6, 18, -10
2395.7, 18, -10
2395.8, 18, -10
2395.9, 18, -10
2396, 18, -10
2396.1, 18, -10
2396.2, 18, -10
2396.3, 18, -10
2396.4, 18, -10
2396.5, 18, -10
2396.6, 18, -10
2396.7, 17, -10
2396.8, 17, -10
2396.9, 17, -10
2397, 17, -10
2397.1, 17, -10
2397.2, 17, -10
2397.3, 17, -10
2397.4, 17, -10
2397.5, 17, -10
2397.6, 17, -10
2397.7, 17, -10
2397.8, 17, -10
2397.9, 17, -10
2398, 17, -10
2398.1, 17, -10
2398.2, 17, -10
2398.3, 17, -10
2398.4, 17, -10
2398.5, 17, -10
2398.6, 17, -10
2398.7, 17, -10
2398.8, 17, -10
2398.9, 17, -10
2399, 17, -10
2399.1, 17, -10
2399.2, 17, -10
2399.3, 17, -10
2399.4, 17, -10
2399.5, 17, -10
2399.6, 17, -10
2399.7, 17, -10
2399.8, 17, -10
2399.9, 17, -11
2400, 17, -11
2400.1, 17, -11
2400.2, 17, -11
2400.3, 17, -11
2400.4, 17, -11
2400.5, 17, -11
2400.6, 17, -11
2400.7, 17, -11
2400.8, 17, -11
2400.9, 17, -11
2401, 17, -11
2401.1, 17, -11
2401.2, 17, -11
2401.3, 17, -11
2401.4, 17, -11
2401.5, 17, -11
2401.6, 17, -11
2401.7, 17, -11
2401.8, 17, -11
2401.9, 17, -11
2402, 17, -11
2402.1, 17, -11
2402.2, 17, -11
2402.3, 17, -11
2402.4, 17, -11
2402.5, 17, -11
2402.6, 17, -11
2402.7, 17, -11
2402.8, 17, -11
2402.9, 17, -11
2403, 17, -11
2403.1, 17, -11
2403.2, 17, -11
2403.3, 17, -11
2403.4, 17, -11
2403.5, 16, -11
2403.6, 16, -11
2403.7, 16, -11
2403.8, 16, -11
2403.9, 16, -11
2404, 16, -11
2404.1, 16, -11
2404.2, 16, -11
2404.3, 16, -11
2404.4, 16, -11
2404.5, 16, -11
2404.6, 16, -11
2404.7, 16, -11
2404.8, 16, -11
2404.9, 16, -11
2405, 16, -11
2405.1, 16, -11
2405.2, 16, -11
2405.3, 16, -11
2405.4, 16, -11
2405.5, 16, -11
2405.6, 16, -11
2405.7, 16, -11
2405.8, 16, -11
2405.9, 16, -11
2406, 16, -11
2406.1, 16, -11
2406.2, 16, -11
2406.3, 16, -11
2406.4, 16, -11
2406.5, 16, -11
2406.6, 16, -11
2406.7, 16, -11
2406.8, 16, -11
2406.9, 16, -11
2407, 16, -11
2407.1, 16, -11
2407.2, 16, -11
2407.3, 16, -11
2407.4, 16, -11
2407.5, 17, -11
2407.6, 17, -11
2407.7, 17, -11
2407.8, 17, -11
2407.9, 17, -11
2408, 17, -11
2408.1, 17, -11
2408.2, 17, -11
2408.3, 17, -11
2408.4, 17, -11
2408.5, 17, -11
2408.6, 17, -11
2408.7, 17, -11
2408.8, 17, -11
2408.9, 17, -11
2409, 17, -11
2409.1, 17, -10
2409.2, 17, -10
2409.3, 17, -10
2409.4, 17, -10
2409.5, 17, -10
2409.6, 17, -10
2409.7, 16, -10
2409.8, 16, -10
2409.9, 16, -10
2410, 16, -10
2410.1, 16, -10
2410.2, 16, -10
2410.3, 16, -10
2410.4, 16, -10
2410.5, 15, -10
2410.6, 15, -10
2410.7, 15, -10
2410.8, 15, -10
2410.9, 15, -10
2411, 15, -10
2411.1, 15, -10
2411.2, 15, -10
2411.3, 15, -10
2411.4, 15, -10
2411.5, 15, -10
2411.6, 15, -10
2411.7, 15, -10
2411.8, 15, -10
2411.9, 15, -10
2412, 15, -10
2412.1, 15, -10
2412.2, 15, -10
2412.3, 16, -10
2412.4, 16, -10
2412.5, 16, -10
2412.6, 16, -10
2412.7, 16, -10
2412.8, 16, -10
2412.9, 16, -10
2413, 16, -10
2413.1, 16, -10
2413.2, 16, -10
2413.3, 16, -10
2413.4, 16, -10
2413.5, 16, -10
2413.6, 16, -10
2413.7, 16, -10
2413.8, 16, -10
2413.9, 16, -10
2414, 16, -10
2414.1, 16, -10
2414.2, 16, -10
2414.3, 16, -10
2414.4, 16, -10
2414.5, 16, -10
2414.6, 16, -10
2414.7, 16, -10
2414.8, 16, -10
2414.9, 16, -10
2415, 16, -10
2415.1, 16, -10
2415.2, 16, -10
2415.3, 16, -10
2415.4, 16, -10
2415.5, 16, -10
2415.6, 16, -10
2415.7, 16, -10
2415.8, 16, -10
2415.9, 16, -10
2416, 16, -10
2416.1, 16, -10
2416.2, 16, -10
2416.3, 16, -10
2416.4, 16, -10
2416.5, 16, -10
2416.6, 16, -10
2416.7, 16, -10
2416.8, 16, -10
2416.9, 16, -10
2417, 16, -10
2417.1, 16, -10
2417.2, 16, -10
2417.3, 16, -10
2417.4, 16, -10
2417.5, 16, -10
2417.6, 16, -10
2417.7, 16, -10
2417.8, 16, -10
2417.9, 16, -10
2418, 16, -10
2418.1, 16, -11
2418.2, 16, -11
2418.3, 16, -11
2418.4, 16, -11
2418.5, 16, -11
2418.6, 16, -11
2418.7, 16, -11
2418.8, 16, -11
2418.9, 16, -11
2419, 16, -11
2419.1, 16, -11
2419.2, 16, -11
2419.3, 16, -11
2419.4, 16, -11
2419.5, 15, -11
2419.6, 15, -11
2419.7, 15, -11
2419.8, 15, -11
2419.9, 15, -11
2420, 15, -11
2420.1, 15, -11
2420.2, 15, -11
2420.3, 15, -11
2420.4, 15, -11
2420.5, 15, -11
2420.6, 15, -11
2420.7, 15, -11
2420.8, 15, -11
2420.9, 15, -11
2421, 15, -11
2421.1, 15, -11
2421.2, 15, -11
2421.3, 15, -11
2421.4, 15, -11
2421.5, 15, -10
2421.6, 15, -10
2421.7, 15, -10
2421.8, 15, -10
2421.9, 15, -10
2422, 15, -10
2422.1, 15, -10
2422.2, 15, -10
2422.3, 15, -10
2422.4, 15, -10
2422.5, 15, -10
2422.6, 15, -10
2422.7, 15, -10
2422.8, 15, -10
2422.9, 15, -10
2423, 15, -10
2423.1, 15, -10
2423.2, 15, -10
2423.3, 15, -10
2423.4, 15, -10
2423.5, 15, -10
2423.6, 15, -10
2423.7, 15, -10
2423.8, 15, -10
2423.9, 15, -10
2424, 15, -10
2424.1, 15, -10
2424.2, 15, -10
2424.3, 15, -10
2424.4, 15, -10
2424.5, 16, -10
2424.6, 16, -10
2424.7, 16, -10
2424.8, 16, -10
2424.9, 16, -10
2425, 16, -10
2425.1, 16, -10
2425.2, 16, -10
2425.3, 15, -10
2425.4, 15, -10
2425.5, 15, -10
2425.6, 15, -10
2425.7, 15, -10
2425.8, 15, -10
2425.9, 16, -10
2426, 16, -10
2426.1, 16, -10
2426.2, 16, -10
2426.3, 16, -10
2426.4, 16, -10
2426.5, 16, -10
2426.6, 16, -10
2426.7, 16, -10
2426.8, 16, -10
2426.9, 15, -10
2427, 15, -10
2427.1, 15, -10
2427.2, 15, -10
2427.3, 15, -10
2427.4, 15, -10
2427.5, 15, -10
2427.6, 15, -10
2427.7, 15, -10
2427.8, 15, -10
2427.9, 15, -10
2428, 15, -10
2428.1, 15, -10
2428.2, 15, -10
2428.3, 15, -10
2428.4, 15, -10
2428.5, 15, -10
2428.6, 15, -10
2428.7, 15, -10
2428.8, 15, -10
2428.9, 15, -10
2429, 15, -10
2429.1, 15, -10
2429.2, 15, -10
2429.3, 15, -10
2429.4, 15, -10
2429.5, 15, -10
2429.6, 15, -10
2429.7, 15, -10
2429.8, 15, -10
2429.9, 15, -10
2430, 15, -10
2430.1, 15, -9
2430.2, 15, -9
2430.3, 15, -9
2430.4, 15, -9
2430.5, 15, -9
2430.6, 15, -9
2430.7, 15, -9
2430.8, 15, -9
2430.9, 15, -9
2431, 15, -9
2431.1, 15, -9
2431.2, 15, -9
2431.3, 16, -9
2431.4, 16, -9
2431.5, 16, -10
2431.6, 16, -10
2431.7, 16, -10
2431.8, 16, -10
2431.9, 16, -10
2432, 16, -10
2432.1, 16, -10
2432.2, 16, -10
2432.3, 16, -10
2432.4, 16, -10
2432.5, 16, -10
2432.6, 16, -10
2432.7, 16, -10
2432.8, 16, -10
2432.9, 16, -10
2433, 16, -10
2433.1, 16, -10
2433.2, 16, -10
2433.3, 16, -10
2433.4, 16, -10
2433.5, 16, -10
2433.6, 16, -10
2433.7, 16, -10
2433.8, 16, -10
2433.9, 16, -10
2434, 16, -10
2434.1, 16, -10
2434.2, 16, -10
2434.3, 16, -10
2434.4, 16, -10
2434.5, 16, -10
2434.6, 16, -10
2434.7, 16, -10
2434.8, 16, -10
2434.9, 16, -10
2435, 16, -10
2435.1, 16, -10
2435.2, 16, -10
2435.3, 16, -10
2435.4, 16, -10
2435.5, 16, -10
2435.6, 16, -10
2435.7, 16, -9
2435.8, 16, -9
2435.9, 15, -9
2436, 15, -9
2436.1, 15, -10
2436.2, 15, -10
2436.3, 15, -10
2436.4, 15, -10
2436.5, 15, -9
2436.6, 15, -9
2436.7, 15, -9
2436.8, 15, -9
2436.9, 15, -8
2437, 15, -8
2437.1, 15, -8
2437.2, 15, -8
2437.3, 15, -8
2437.4, 15, -8
2437.5, 15, -8
2437.6, 15, -8
2437.7, 15, -8
2437.8, 15, -8
2437.9, 15, -8
2438, 15, -8
2438.1, 15, -8
2438.2, 15, -8
2438.3, 15, -8
2438.4, 15, -8
2438.5, 15, -8
2438.6, 15, -8
2438.7, 14, -8
2438.8, 14, -8
2438.9, 14, -8
2439, 14, -8
2439.1, 14, -8
2439.2, 14, -8
2439.3, 14, -8
2439.4, 14, -8
2439.5, 14, -8
2439.6, 14, -8
2439.7, 14, -8
2439.8, 14, -8
2439.9, 13, -8
2440, 13, -8
2440.1, 13, -8
2440.2, 13, -8
2440.3, 13, -8
2440.4, 13, -8
2440.5, 13, -8
2440.6, 13, -8
2440.7, 13, -8
2440.8, 13, -8
2440.9, 13, -8
2441, 13, -8
2441.1, 13, -8
2441.2, 13, -8
2441.3, 13, -8
2441.4, 13, -8
2441.5, 13, -8
2441.6, 13, -8
2441.7, 14, -8
2441.8, 14, -8
2441.9, 14, -8
2442, 14, -8
2442.1, 14, -8
2442.2, 14, -8
2442.3, 14, -8
2442.4, 14, -8
2442.5, 14, -8
2442.6, 14, -8
2442.7, 14, -8
2442.8, 14, -8
2442.9, 14, -8
2443, 14, -8
2443.1, 14, -8
2443.2, 14, -8
2443.3, 14, -8
2443.4, 14, -8
2443.5, 14, -7
2443.6, 14, -7
2443.7, 14, -7
2443.8, 14, -7
2443.9, 14, -7
2444, 14, -7
2444.1, 14, -7
2444.2, 14, -7
2444.3, 14, -7
2444.4, 14, -7
2444.5, 14, -7
2444.6, 14, -7
2444.7, 14, -7
2444.8, 14, -7
2444.9, 14, -7
2445, 14, -7
2445.1, 14, -6
2445.2, 14, -6
2445.3, 14, -6
2445.4, 14, -6
2445.5, 14, -6
2445.6, 14, -6
2445.7, 13, -6
2445.8, 13, -6
2445.9, 13, -6
2446, 13, -6
2446.1, 13, -6
2446.2, 13, -6
2446.3, 13, -6
2446.4, 13, -6
2446.5, 13, -6
2446.6, 13, -6
2446.7, 13, -6
2446.8, 13, -6
2446.9, 13, -6
2447, 13, -6
2447.1, 13, -6
2447.2, 13, -6
2447.3, 13, -6
2447.4, 13, -6
2447.5, 13, -6
2447.6, 13, -6
2447.7, 13, -6
2447.8, 13, -6
2447.9, 13, -6
2448, 13, -6
2448.1, 13, -6
2448.2, 13, -6
2448.3, 13, -6
2448.4, 13, -6
2448.5, 13, -6
2448.6, 13, -6
2448.7, 13, -6
2448.8, 13, -6
2448.9, 13, -6
2449, 13, -6
2449.1, 13, -6
2449.2, 13, -6
2449.3, 13, -6
2449.4, 13, -6
2449.5, 13, -6
2449.6, 13, -6
2449.7, 13, -6
2449.8, 13, -6
2449.9, 13, -6
2450, 13, -6
2450.1, 13, -6
2450.2, 13, -6
2450.3, 13, -6
2450.4, 13, -6
2450.5, 13, -6
2450.6, 13, -6
2450.7, 13, -6
2450.8, 13, -6
2450.9, 13, -6
2451, 13, -6
2451.1, 13, -6
2451.2, 13, -6
2451.3, 13, -6
2451.4, 13, -6
2451.5, 13, -6
2451.6, 13, -6
2451.7, 13, -6
2451.8, 13, -6
2451.9, 13, -6
2452, 13, -6
2452.1, 13, -6
2452.2, 13, -6
2452.3, 13, -6
2452.4, 13, -6
2452.5, 13, -6
2452.6, 13, -6
2452.7, 13, -6
2452.8, 13, -6
2452.9, 13, -6
2453, 13, -6
2453.1, 13, -6
2453.2, 13, -6
2453.3, 13, -6
2453.4, 13, -6
2453.5, 13, -6
2453.6, 13, -6
2453.7, 13, -6
2453.8, 13, -6
2453.9, 13, -6
2454, 13, -6
2454.1, 13, -6
2454.2, 13, -6
2454.3, 13, -6
2454.4, 13, -6
2454.5, 13, -6
2454.6, 13, -6
2454.7, 13, -6
2454.8, 13, -6
2454.9, 13, -6
2455, 13, -6
2455.1, 13, -6
2455.2, 13, -6
2455.3, 14, -6
2455.4, 14, -6
2455.5, 14, -6
2455.6, 14, -6
2455.7, 14, -6
2455.8, 14, -6
2455.9, 14, -6
2456, 14, -6
2456.1, 14, -6
2456.2, 14, -6
2456.3, 14, -6
2456.4, 14, -6
2456.5, 14, -6
2456.6, 14, -6
2456.7, 14, -6
2456.8, 14, -6
2456.9, 14, -6
2457, 14, -6
2457.1, 14, -6
2457.2, 14, -6
2457.3, 14, -6
2457.4, 14, -6
2457.5, 14, -6
2457.6, 14, -6
2457.7, 14, -6
2457.8, 14, -6
2457.9, 14, -5
2458, 14, -5
2458.1, 14, -5
2458.2, 14, -5
2458.3, 14, -5
2458.4, 14, -5
2458.5, 14, -5
2458.6, 14, -5
2458.7, 14, -5
2458.8, 14, -5
2458.9, 14, -5
2459, 14, -5
2459.1, 14, -5
2459.2, 14, -5
2459.3, 14, -5
2459.4, 14, -5
2459.5, 14, -5
2459.6, 14, -5
2459.7, 14, -5
2459.8, 14, -5
2459.9, 14, -5
2460, 14, -5
2460.1, 14, -4
2460.2, 14, -4
2460.3, 14, -4
2460.4, 14, -4
2460.5, 14, -4
2460.6, 14, -4
2460.7, 14, -4
2460.8, 14, -4
2460.9, 14, -4
2461, 14, -4
2461.1, 14, -4
2461.2, 14, -4
2461.3, 14, -4
2461.4, 14, -4
2461.5, 14, -4
2461.6, 14, -4
2461.7, 14, -4
2461.8, 14, -4
2461.9, 14, -4
2462, 14, -4
2462.1, 14, -4
2462.2, 14, -4
2462.3, 14, -4
2462.4, 14, -4
2462.5, 14, -4
2462.6, 14, -4
2462.7, 13, -4
2462.8, 13, -4
2462.9, 13, -4
2463, 13, -4
2463.1, 13, -4
2463.2, 13, -4
2463.3, 13, -4
2463.4, 13, -4
2463.5, 13, -4
2463.6, 13, -4
2463.7, 13, -4
2463.8, 13, -4
2463.9, 13, -4
2464, 13, -4
2464.1, 13, -4
2464.2, 13, -4
2464.3, 13, -4
2464.4, 13, -4
2464.5, 13, -4
2464.6, 13, -4
2464.7, 13, -4
2464.8, 13, -4
2464.9, 13, -4
2465, 13, -4
2465.1, 13, -4
2465.2, 13, -4
2465.3, 13, -4
2465.4, 13, -4
2465.5, 13, -4
2465.6, 13, -4
2465.7, 13, -4
2465.8, 13, -4
2465.9, 13, -4
2466, 13, -4
2466.1, 13, -4
2466.2, 13, -4
2466.3, 13, -3
2466.4, 13, -3
2466.5, 13, -3
2466.6, 13, -3
2466.7, 13, -3
2466.8, 13, -3
2466.9, 13, -3
2467, 13, -3
2467.1, 13, -3
2467.2, 13, -3
2467.3, 13, -3
2467.4, 13, -3
2467.5, 13, -3
2467.6, 13, -3
2467.7, 13, -3
2467.8, 13, -3
2467.9, 13, -3
2468, 13, -3
2468.1, 13, -3
2468.2, 13, -3
2468.3, 13, -3
2468.4, 13, -3
2468.5, 13, -3
2468.6, 13, -3
2468.7, 13, -3
2468.8, 13, -3
2468.9, 13, -3
2469, 13, -3
2469.1, 13, -3
2469.2, 13, -3
2469.3, 13, -3
2469.4, 13, -3
2469.5, 13, -3
2469.6, 13, -3
2469.7, 13, -3
2469.8, 13, -3
2469.9, 13, -3
2470, 13, -3
2470.1, 13, -3
2470.2, 13, -3
2470.3, 13, -3
2470.4, 13, -3
2470.5, 13, -3
2470.6, 13, -3
2470.7, 13, -3
2470.8, 13, -3
2470.9, 13, -3
2471, 13, -3
2471.1, 13, -3
2471.2, 13, -3
2471.3, 13, -3
2471.4, 13, -3
2471.5, 13, -3
2471.6, 13, -3
2471.7, 13, -3
2471.8, 13, -3
2471.9, 13, -3
2472, 13, -3
2472.1, 13, -3
2472.2, 13, -3
2472.3, 13, -3
2472.4, 13, -3
2472.5, 13, -3
2472.6, 13, -3
2472.7, 13, -3
2472.8, 13, -3
2472.9, 13, -3
2473, 13, -3
2473.1, 13, -3
2473.2, 13, -3
2473.3, 13, -3
2473.4, 13, -3
2473.5, 13, -3
2473.6, 13, -3
2473.7, 13, -3
2473.8, 13, -3
2473.9, 13, -3
2474, 13, -3
2474.1, 13, -3
2474.2, 13, -3
2474.3, 13, -3
2474.4, 13, -3
2474.5, 13, -3
2474.6, 13, -3
2474.7, 13, -3
2474.8, 13, -3
2474.9, 14, -3
2475, 14, -3
2475.1, 14, -3
2475.2, 14, -3
2475.3, 14, -3
2475.4, 14, -3
2475.5, 14, -3
2475.6, 14, -3
2475.7, 14, -3
2475.8, 14, -3
2475.9, 13, -3
2476, 13, -3
2476.1, 13, -3
2476.2, 13, -3
2476.3, 13, -3
2476.4, 13, -3
2476.5, 13, -4
2476.6, 13, -4
2476.7, 13, -4
2476.8, 13, -4
2476.9, 13, -4
2477, 13, -4
2477.1, 13, -4
2477.2, 13, -4
2477.3, 13, -4
2477.4, 13, -4
2477.5, 13, -4
2477.6, 13, -4
2477.7, 13, -4
2477.8, 13, -4
2477.9, 13, -4
2478, 13, -4
2478.1, 12, -4
2478.2, 12, -4
2478.3, 12, -4
2478.4, 12, -4
2478.5, 12, -4
2478.6, 12, -4
2478.7, 12, -4
2478.8, 12, -4
2478.9, 12, -4
2479, 12, -4
2479.1, 12, -4
2479.2, 12, -4
2479.3, 12, -4
2479.4, 12, -4
2479.5, 12, -4
2479.6, 12, -4
2479.7, 12, -4
2479.8, 12, -4
2479.9, 13, -4
2480, 13, -4
2480.1, 13, -4
2480.2, 13, -4
2480.3, 13, -4
2480.4, 13, -4
2480.5, 13, -4
2480.6, 13, -4
2480.7, 13, -4
2480.8, 13, -4
2480.9, 13, -4
2481, 13, -4
2481.1, 12, -4
2481.2, 12, -4
2481.3, 12, -4
2481.4, 12, -4
2481.5, 12, -4
2481.6, 12, -4
2481.7, 12, -4
2481.8, 12, -4
2481.9, 12, -4
2482, 12, -4
2482.1, 12, -4
2482.2, 12, -4
2482.3, 12, -4
2482.4, 12, -4
2482.5, 12, -4
2482.6, 12, -4
2482.7, 12, -4
2482.8, 12, -4
2482.9, 12, -4
2483, 12, -4
2483.1, 12, -4
2483.2, 12, -4
2483.3, 12, -4
2483.4, 12, -4
2483.5, 12, -4
2483.6, 12, -4
2483.7, 12, -4
2483.8, 12, -4
2483.9, 12, -4
2484, 12, -4
2484.1, 12, -4
2484.2, 12, -4
2484.3, 12, -4
2484.4, 12, -4
2484.5, 12, -4
2484.6, 12, -4
2484.7, 12, -4
2484.8, 12, -4
2484.9, 12, -4
2485, 12, -4
2485.1, 12, -4
2485.2, 12, -4
2485.3, 12, -4
2485.4, 12, -4
2485.5, 12, -4
2485.6, 12, -4
2485.7, 12, -5
2485.8, 12, -5
2485.9, 11, -5
2486, 11, -5
2486.1, 11, -5
2486.2, 11, -5
2486.3, 11, -5
2486.4, 11, -5
2486.5, 11, -5
2486.6, 11, -5
2486.7, 11, -5
2486.8, 11, -5
2486.9, 11, -5
2487, 11, -5
2487.1, 11, -5
2487.2, 11, -5
2487.3, 11, -5
2487.4, 11, -5
2487.5, 11, -5
2487.6, 11, -5
2487.7, 11, -5
2487.8, 11, -5
2487.9, 11, -5
2488, 11, -5
2488.1, 11, -5
2488.2, 11, -5
2488.3, 11, -5
2488.4, 11, -5
2488.5, 11, -5
2488.6, 11, -5
2488.7, 11, -5
2488.8, 11, -5
2488.9, 11, -5
2489, 11, -5
2489.1, 11, -5
2489.2, 11, -5
2489.3, 11, -5
2489.4, 11, -5
2489.5, 11, -5
2489.6, 11, -5
2489.7, 11, -5
2489.8, 11, -5
2489.9, 11, -5
2490, 11, -5
2490.1, 11, -5
2490.2, 11, -5
2490.3, 11, -5
2490.4, 11, -5
2490.5, 11, -5
2490.6, 11, -5
2490.7, 11, -5
2490.8, 11, -5
2490.9, 11, -5
2491, 11, -5
2491.1, 12, -5
2491.2, 12, -5
2491.3, 12, -5
2491.4, 12, -5
2491.5, 12, -5
2491.6, 12, -5
2491.7, 12, -4
2491.8, 12, -4
2491.9, 12, -4
2492, 12, -4
2492.1, 12, -4
2492.2, 12, -4
2492.3, 12, -4
2492.4, 12, -4
2492.5, 12, -4
2492.6, 12, -4
2492.7, 12, -4
2492.8, 12, -4
2492.9, 12, -4
2493, 12, -4
2493.1, 12, -4
2493.2, 12, -4
2493.3, 12, -4
2493.4, 12, -4
2493.5, 12, -4
2493.6, 12, -4
2493.7, 12, -4
2493.8, 12, -4
2493.9, 12, -4
2494, 12, -4
2494.1, 12, -4
2494.2, 12, -4
2494.3, 12, -4
2494.4, 12, -4
2494.5, 12, -4
2494.6, 12, -4
2494.7, 12, -4
2494.8, 12, -4
2494.9, 12, -4
2495, 12, -4
2495.1, 12, -4
2495.2, 12, -4
2495.3, 12, -4
2495.4, 12, -4
2495.5, 12, -3
2495.6, 12, -3
2495.7, 12, -3
2495.8, 12, -3
2495.9, 12, -3
2496, 12, -3
2496.1, 12, -3
2496.2, 12, -3
2496.3, 12, -3
2496.4, 12, -3
2496.5, 12, -3
2496.6, 12, -3
2496.7, 12, -3
2496.8, 12, -3
2496.9, 12, -3
2497, 12, -3
2497.1, 11, -3
2497.2, 11, -3
2497.3, 11, -3
2497.4, 11, -3
2497.5, 11, -3
2497.6, 11, -3
2497.7, 11, -3
2497.8, 11, -3
2497.9, 11, -3
2498, 11, -3
2498.1, 11, -3
2498.2, 11, -3
2498.3, 11, -3
2498.4, 11, -3
2498.5, 11, -3
2498.6, 11, -3
2498.7, 11, -3
2498.8, 11, -3
2498.9, 11, -3
2499, 11, -3
2499.1, 11, -3
2499.2, 11, -3
2499.3, 11, -3
2499.4, 11, -3
2499.5, 11, -3
2499.6, 11, -3
2499.7, 11, -3
2499.8, 11, -3
2499.9, 11, -3
2500, 11, -3
2500.1, 11, -3
2500.2, 11, -3
2500.3, 11, -3
2500.4, 11, -3
2500.5, 11, -3
2500.6, 11, -3
2500.7, 11, -3
2500.8, 11, -3
2500.9, 11, -3
2501, 11, -3
2501.1, 11, -3
2501.2, 11, -3
2501.3, 11, -3
2501.4, 11, -3
2501.5, 11, -3
2501.6, 11, -3
2501.7, 11, -3
2501.8, 11, -3
2501.9, 11, -3
2502, 11, -3
2502.1, 11, -3
2502.2, 11, -3
2502.3, 11, -3
2502.4, 11, -3
2502.5, 11, -3
2502.6, 11, -3
2502.7, 11, -3
2502.8, 11, -3
2502.9, 10, -3
2503, 10, -3
2503.1, 10, -3
2503.2, 10, -3
2503.3, 9, -3
2503.4, 9, -3
2503.5, 9, -3
2503.6, 9, -3
2503.7, 9, -3
2503.8, 9, -3
2503.9, 9, -3
2504, 9, -3
2504.1, 9, -3
2504.2, 9, -3
2504.3, 9, -4
2504.4, 9, -4
2504.5, 8, -4
2504.6, 8, -4
2504.7, 8, -4
2504.8, 8, -4
2504.9, 8, -4
2505, 8, -4
2505.1, 8, -4
2505.2, 8, -4
2505.3, 8, -3
2505.4, 8, -3
2505.5, 8, -3
2505.6, 8, -3
2505.7, 8, -4
2505.8, 8, -4
2505.9, 8, -4
2506, 8, -4
2506.1, 8, -4
2506.2, 8, -4
2506.3, 8, -4
2506.4, 8, -4
2506.5, 8, -4
2506.6, 8, -4
2506.7, 8, -4
2506.8, 8, -4
2506.9, 8, -4
2507, 8, -4
2507.1, 8, -4
2507.2, 8, -4
2507.3, 8, -4
2507.4, 8, -4
2507.5, 8, -4
2507.6, 8, -4
2507.7, 8, -4
2507.8, 8, -4
2507.9, 8, -4
2508, 8, -4
2508.1, 8, -4
2508.2, 8, -4
2508.3, 8, -3
2508.4, 8, -3
2508.5, 8, -3
2508.6, 8, -3
2508.7, 8, -3
2508.8, 8, -3
2508.9, 8, -3
2509, 8, -3
2509.1, 8, -3
2509.2, 8, -3
2509.3, 8, -3
2509.4, 8, -3
2509.5, 8, -3
2509.6, 8, -3
2509.7, 8, -3
2509.8, 8, -3
2509.9, 8, -3
2510, 8, -3
2510.1, 8, -3
2510.2, 8, -3
2510.3, 8, -3
2510.4, 8, -3
2510.5, 8, -3
2510.6, 8, -3
2510.7, 8, -3
2510.8, 8, -3
2510.9, 8, -2
2511, 8, -2
2511.1, 8, -2
2511.2, 8, -2
2511.3, 8, -2
2511.4, 8, -2
2511.5, 8, -2
2511.6, 8, -2
2511.7, 8, -2
2511.8, 8, -2
2511.9, 8, -2
2512, 8, -2
2512.1, 8, -1
2512.2, 8, -1
2512.3, 8, -1
2512.4, 8, -1
2512.5, 8, -1
2512.6, 8, -1
2512.7, 8, -1
2512.8, 8, -1
2512.9, 8, -1
2513, 8, -1
2513.1, 8, -1
2513.2, 8, -1
2513.3, 8, -1
2513.4, 8, -1
2513.5, 8, -1
2513.6, 8, -1
2513.7, 8, -1
2513.8, 8, -1
2513.9, 8, -1
2514, 8, -1
2514.1, 8, -1
2514.2, 8, -1
2514.3, 8, -1
2514.4, 8, -1
2514.5, 7, -1
2514.6, 7, -1
2514.7, 7, -1
2514.8, 7, -1
2514.9, 7, 0
2515, 7, 0
2515.1, 6, 0
2515.2, 6, 0
2515.3, 6, 0
2515.4, 6, 0
2515.5, 6, 0
2515.6, 6, 0
2515.7, 6, 0
2515.8, 6, 0
2515.9, 6, 0
2516, 6, 0
2516.1, 6, 0
2516.2, 6, 0
2516.3, 6, 0
2516.4, 6, 0
2516.5, 6, -1
2516.6, 6, -1
2516.7, 6, -1
2516.8, 6, -1
2516.9, 6, -1
2517, 6, -1
2517.1, 6, -1
2517.2, 6, -1
2517.3, 6, -1
2517.4, 6, -1
2517.5, 6, -1
2517.6, 6, -1
2517.7, 7, -1
2517.8, 7, -1
2517.9, 7, -1
2518, 7, -1
2518.1, 7, -2
2518.2, 7, -2
2518.3, 7, -2
2518.4, 7, -2
2518.5, 7, -3
2518.6, 7, -3
2518.7, 7, -3
2518.8, 7, -3
2518.9, 7, -3
2519, 7, -3
2519.1, 7, -3
2519.2, 7, -3
2519.3, 7, -3
2519.4, 7, -3
2519.5, 7, -3
2519.6, 7, -3
2519.7, 7, -3
2519.8, 7, -3
2519.9, 7, -3
2520, 7, -3
2520.1, 7, -3
2520.2, 7, -3
2520.3, 6, -3
2520.4, 6, -3
2520.5, 6, -3
2520.6, 6, -3
2520.7, 7, -3
2520.8, 7, -3
2520.9, 7, -3
2521, 7, -3
2521.1, 7, -3
2521.2, 7, -3
2521.3, 7, -3
2521.4, 7, -3
2521.5, 7, -3
2521.6, 7, -3
2521.7, 7, -3
2521.8, 7, -3
2521.9, 7, -3
2522, 7, -3
2522.1, 7, -3
2522.2, 7, -3
2522.3, 7, -3
2522.4, 7, -3
2522.5, 7, -3
2522.6, 7, -3
2522.7, 7, -3
2522.8, 7, -3
2522.9, 7, -3
2523, 7, -3
2523.1, 7, -3
2523.2, 7, -3
2523.3, 7, -3
2523.4, 7, -3
2523.5, 7, -3
2523.6, 7, -3
2523.7, 6, -3
2523.8, 6, -3
2523.9, 6, -3
2524, 6, -3
2524.1, 6, -3
2524.2, 6, -3
2524.3, 6, -3
2524.4, 6, -3
2524.5, 6, -3
2524.6, 6, -3
2524.7, 6, -3
2524.8, 6, -3
2524.9, 6, -3
2525, 6, -3
2525.1, 6, -3
2525.2, 6, -3
2525.3, 6, -3
2525.4, 6, -3
2525.5, 6, -3
2525.6, 6, -3
2525.7, 6, -3
2525.8, 6, -3
2525.9, 6, -3
2526, 6, -3
2526.1, 6, -3
2526.2, 6, -3
2526.3, 6, -3
2526.4, 6, -3
2526.5, 6, -3
2526.6, 6, -3
2526.7, 6, -3
2526.8, 6, -3
2526.9, 6, -3
2527, 6, -3
2527.1, 6, -3
2527.2, 6, -3
2527.3, 6, -2
2527.4, 6, -2
2527.5, 7, -2
2527.6, 7, -2
2527.7, 7, -2
2527.8, 7, -2
2527.9, 7, -2
2528, 7, -2
2528.1, 7, -2
2528.2, 7, -2
2528.3, 7, -2
2528.4, 7, -2
2528.5, 7, -2
2528.6, 7, -2
2528.7, 7, -2
2528.8, 7, -2
2528.9, 7, -2
2529, 7, -2
2529.1, 7, -2
2529.2, 7, -2
2529.3, 7, -2
2529.4, 7, -2
2529.5, 7, -2
2529.6, 7, -2
2529.7, 7, -2
2529.8, 7, -2
2529.9, 7, -2
2530, 7, -2
2530.1, 7, -2
2530.2, 7, -2
2530.3, 7, -2
2530.4, 7, -2
2530.5, 7, -2
2530.6, 7, -2
2530.7, 7, -2
2530.8, 7, -2
2530.9, 7, -2
2531, 7, -2
2531.1, 7, -2
2531.2, 7, -2
2531.3, 7, -2
2531.4, 7, -2
2531.5, 7, -2
2531.6, 7, -2
2531.7, 7, -2
2531.8, 7, -2
2531.9, 7, -2
2532, 7, -2
2532.1, 7, -2
2532.2, 7, -2
2532.3, 7, -3
2532.4, 7, -3
2532.5, 7, -3
2532.6, 7, -3
2532.7, 7, -3
2532.8, 7, -3
2532.9, 7, -3
2533, 7, -3
2533.1, 7, -3
2533.2, 7, -3
2533.3, 7, -3
2533.4, 7, -3
2533.5, 7, -3
2533.6, 7, -3
2533.7, 7, -3
2533.8, 7, -3
2533.9, 7, -3
2534, 7, -3
2534.1, 7, -3
2534.2, 7, -3
2534.3, 7, -3
2534.4, 7, -3
2534.5, 7, -3
2534.6, 7, -3
2534.7, 7, -3
2534.8, 7, -3
2534.9, 7, -3
2535, 7, -3
2535.1, 7, -3
2535.2, 7, -3
2535.3, 7, -3
2535.4, 7, -3
2535.5, 7, -3
2535.6, 7, -3
2535.7, 7, -3
2535.8, 7, -3
2535.9, 7, -3
2536, 7, -3
2536.1, 7, -3
2536.2, 7, -3
2536.3, 7, -3
2536.4, 7, -3
2536.5, 7, -3
2536.6, 7, -3
2536.7, 7, -3
2536.8, 7, -3
2536.9, 7, -3
2537, 7, -3
2537.1, 7, -3
2537.2, 7, -3
2537.3, 7, -3
2537.4, 7, -3
2537.5, 7, -3
2537.6, 7, -3
2537.7, 7, -3
2537.8, 7, -3
2537.9, 7, -3
2538, 7, -3
2538.1, 7, -3
2538.2, 7, -3
2538.3, 8, -3
2538.4, 8, -3
2538.5, 8, -3
2538.6, 8, -3
2538.7, 8, -3
2538.8, 8, -3
2538.9, 8, -3
2539, 8, -3
2539.1, 8, -3
2539.2, 8, -3
2539.3, 8, -3
2539.4, 8, -3
2539.5, 8, -3
2539.6, 8, -3
2539.7, 8, -3
2539.8, 8, -3
2539.9, 8, -3
2540, 8, -3
2540.1, 8, -3
2540.2, 8, -3
2540.3, 8, -3
2540.4, 8, -3
2540.5, 8, -3
2540.6, 8, -3
2540.7, 8, -3
2540.8, 8, -3
2540.9, 8, -3
2541, 8, -3
2541.1, 8, -3
2541.2, 8, -3
2541.3, 8, -3
2541.4, 8, -3
2541.5, 8, -3
2541.6, 8, -3
2541.7, 8, -3
2541.8, 8, -3
2541.9, 8, -3
2542, 8, -3
2542.1, 8, -3
2542.2, 8, -3
2542.3, 8, -3
2542.4, 8, -3
2542.5, 8, -3
2542.6, 8, -3
2542.7, 8, -3
2542.8, 8, -3
2542.9, 8, -3
2543, 8, -3
2543.1, 8, -3
2543.2, 8, -3
2543.3, 8, -3
2543.4, 8, -3
2543.5, 8, -3
2543.6, 8, -3
2543.7, 9, -3
2543.8, 9, -3
2543.9, 9, -3
2544, 9, -3
2544.1, 9, -3
2544.2, 9, -3
2544.3, 9, -3
2544.4, 9, -3
2544.5, 9, -3
2544.6, 9, -3
2544.7, 9, -2
2544.8, 9, -2
2544.9, 9, -2
2545, 9, -2
2545.1, 9, -2
2545.2, 9, -2
2545.3, 9, -2
2545.4, 9, -2
2545.5, 9, -2
2545.6, 9, -2
2545.7, 9, -2
2545.8, 9, -2
2545.9, 9, -3
2546, 9, -3
2546.1, 9, -3
2546.2, 9, -3
2546.3, 9, -3
2546.4, 9, -3
2546.5, 9, -3
2546.6, 9, -3
2546.7, 9, -3
2546.8, 9, -3
2546.9, 9, -3
2547, 9, -3
2547.1, 8, -3
2547.2, 8, -3
2547.3, 8, -3
2547.4, 8, -3
2547.5, 8, -3
2547.6, 8, -3
2547.7, 8, -3
2547.8, 8, -3
2547.9, 8, -3
2548, 8, -3
2548.1, 8, -3
2548.2, 8, -3
2548.3, 8, -3
2548.4, 8, -3
2548.5, 8, -3
2548.6, 8, -3
2548.7, 8, -3
2548.8, 8, -3
2548.9, 8, -3
2549, 8, -3
2549.1, 8, -3
2549.2, 8, -3
2549.3, 8, -3
2549.4, 8, -3
2549.5, 8, -3
2549.6, 8, -3
2549.7, 8, -3
2549.8, 8, -3
2549.9, 8, -3
2550, 8, -3
2550.1, 8, -3
2550.2, 8, -3
2550.3, 8, -3
2550.4, 8, -3
2550.5, 8, -3
2550.6, 8, -3
2550.7, 8, -3
2550.8, 8, -3
2550.9, 8, -3
2551, 8, -3
2551.1, 8, -3
2551.2, 8, -3
2551.3, 8, -3
2551.4, 8, -3
2551.5, 8, -3
2551.6, 8, -3
2551.7, 8, -3
2551.8, 8, -3
2551.9, 8, -3
2552, 8, -3
2552.1, 8, -3
2552.2, 8, -3
2552.3, 7, -3
2552.4, 7, -3
2552.5, 7, -3
2552.6, 7, -3
2552.7, 7, -3
2552.8, 7, -3
2552.9, 7, -3
2553, 7, -3
2553.1, 7, -3
2553.2, 7, -3
2553.3, 7, -3
2553.4, 7, -3
2553.5, 7, -3
2553.6, 7, -3
2553.7, 7, -3
2553.8, 7, -3
2553.9, 7, -3
2554, 7, -3
2554.1, 7, -3
2554.2, 7, -3
2554.3, 6, -3
2554.4, 6, -3
2554.5, 6, -3
2554.6, 6, -3
2554.7, 6, -3
2554.8, 6, -3
2554.9, 5, -3
2555, 5, -3
2555.1, 5, -3
2555.2, 5, -3
2555.3, 5, -3
2555.4, 5, -3
2555.5, 5, -3
2555.6, 5, -3
2555.7, 5, -3
2555.8, 5, -3
2555.9, 5, -3
2556, 5, -3
2556.1, 5, -3
2556.2, 5, -3
2556.3, 5, -3
2556.4, 5, -3
2556.5, 5, -3
2556.6, 5, -3
2556.7, 5, -3
2556.8, 5, -3
2556.9, 5, -3
2557, 5, -3
2557.1, 5, -3
2557.2, 5, -3
2557.3, 5, -3
2557.4, 5, -3
2557.5, 5, -3
2557.6, 5, -3
2557.7, 5, -3
2557.8, 5, -3
2557.9, 5, -3
2558, 5, -3
2558.1, 5, -3
2558.2, 5, -3
2558.3, 5, -3
2558.4, 5, -3
2558.5, 5, -3
2558.6, 5, -3
2558.7, 5, -3
2558.8, 5, -3
2558.9, 5, -3
2559, 5, -3
2559.1, 5, -3
2559.2, 5, -3
2559.3, 5, -3
2559.4, 5, -3
2559.5, 5, -3
2559.6, 5, -3
2559.7, 5, -3
2559.8, 5, -3
2559.9, 5, -3
2560, 5, -3
2560.1, 5, -3
2560.2, 5, -3
2560.3, 5, -3
2560.4, 5, -3
2560.5, 5, -3
2560.6, 5, -3
2560.7, 5, -3
2560.8, 5, -3
2560.9, 5, -3
2561, 5, -3
2561.1, 5, -3
2561.2, 5, -3
2561.3, 5, -4
2561.4, 5, -4
2561.5, 5, -5
2561.6, 5, -5
2561.7, 5, -5
2561.8, 5, -5
2561.9, 5, -5
2562, 5, -5
2562.1, 5, -5
2562.2, 5, -5
2562.3, 5, -5
2562.4, 5, -5
2562.5, 5, -5
2562.6, 5, -5
2562.7, 5, -5
2562.8, 5, -5
2562.9, 5, -5
2563, 5, -5
2563.1, 5, -6
2563.2, 5, -6
2563.3, 5, -6
2563.4, 5, -6
2563.5, 5, -6
2563.6, 5, -6
2563.7, 5, -6
2563.8, 5, -6
2563.9, 5, -6
2564, 5, -6
2564.1, 5, -6
2564.2, 5, -6
2564.3, 5, -6
2564.4, 5, -6
2564.5, 5, -6
2564.6, 5, -6
2564.7, 5, -6
2564.8, 5, -6
2564.9, 4, -6
2565, 4, -6
2565.1, 4, -6
2565.2, 4, -6
2565.3, 4, -6
2565.4, 4, -6
2565.5, 4, -6
2565.6, 4, -6
2565.7, 4, -6
2565.8, 4, -6
2565.9, 4, -6
2566, 4, -6
2566.1, 4, -6
2566.2, 4, -6
2566.3, 4, -6
2566.4, 4, -6
2566.5, 4, -6
2566.6, 4, -6
2566.7, 4, -6
2566.8, 4, -6
2566.9, 4, -6
2567, 4, -6
2567.1, 4, -6
2567.2, 4, -6
2567.3, 4, -6
2567.4, 4, -6
2567.5, 4, -6
2567.6, 4, -6
2567.7, 4, -6
2567.8, 4, -6
2567.9, 4, -6
2568, 4, -6
2568.1, 4, -6
2568.2, 4, -6
2568.3, 4, -6
2568.4, 4, -6
2568.5, 4, -6
2568.6, 4, -6
2568.7, 4, -6
2568.8, 4, -6
2568.9, 4, -6
2569, 4, -6
2569.1, 4, -6
2569.2, 4, -6
2569.3, 4, -6
2569.4, 4, -6
2569.5, 4, -6
2569.6, 4, -6
2569.7, 4, -6
2569.8, 4, -6
2569.9, 4, -6
2570, 4, -6
2570.1, 4, -6
2570.2, 4, -6
2570.3, 4, -6
2570.4, 4, -6
2570.5, 4, -6
2570.6, 4, -6
2570.7, 4, -6
2570.8, 4, -6
2570.9, 4, -6
2571, 4, -6
2571.1, 4, -6
2571.2, 4, -6
2571.3, 4, -6
2571.4, 4, -6
2571.5, 4, -7
2571.6, 4, -7
2571.7, 4, -7
2571.8, 4, -7
2571.9, 4, -7
2572, 4, -7
2572.1, 4, -7
2572.2, 4, -7
2572.3, 4, -7
2572.4, 4, -7
2572.5, 4, -7
2572.6, 4, -7
2572.7, 4, -7
2572.8, 4, -7
2572.9, 4, -7
2573, 4, -7
2573.1, 4, -7
2573.2, 4, -7
2573.3, 4, -7
2573.4, 4, -7
2573.5, 4, -7
2573.6, 4, -7
2573.7, 4, -7
2573.8, 4, -7
2573.9, 4, -7
2574, 4, -7
2574.1, 4, -7
2574.2, 4, -7
2574.3, 4, -7
2574.4, 4, -7
2574.5, 4, -7
2574.6, 4, -7
2574.7, 4, -7
2574.8, 4, -7
2574.9, 4, -7
2575, 4, -7
2575.1, 4, -7
2575.2, 4, -7
2575.3, 4, -7
2575.4, 4, -7
2575.5, 4, -7
2575.6, 4, -7
2575.7, 4, -7
2575.8, 4, -7
2575.9, 4, -7
2576, 4, -7
2576.1, 4, -7
2576.2, 4, -7
2576.3, 4, -7
2576.4, 4, -7
2576.5, 4, -7
2576.6, 4, -7
2576.7, 4, -7
2576.8, 4, -7
2576.9, 4, -7
2577, 4, -7
2577.1, 4, -6
2577.2, 4, -6
2577.3, 4, -6
2577.4, 4, -6
2577.5, 4, -6
2577.6, 4, -6
2577.7, 4, -6
2577.8, 4, -6
2577.9, 4, -6
2578, 4, -6
2578.1, 4, -6
2578.2, 4, -6
2578.3, 4, -6
2578.4, 4, -6
2578.5, 4, -6
2578.6, 4, -6
2578.7, 4, -6
2578.8, 4, -6
2578.9, 4, -6
2579, 4, -6
2579.1, 4, -6
2579.2, 4, -6
2579.3, 4, -6
2579.4, 4, -6
2579.5, 4, -6
2579.6, 4, -6
2579.7, 4, -6
2579.8, 4, -6
2579.9, 4, -6
2580, 4, -6
2580.1, 4, -6
2580.2, 4, -6
2580.3, 4, -6
2580.4, 4, -6
2580.5, 4, -6
2580.6, 4, -6
2580.7, 4, -6
2580.8, 4, -6
2580.9, 4, -6
2581, 4, -6
2581.1, 4, -6
2581.2, 4, -6
2581.3, 4, -6
2581.4, 4, -6
2581.5, 4, -6
2581.6, 4, -6
2581.7, 4, -6
2581.8, 4, -6
2581.9, 4, -6
2582, 4, -6
2582.1, 4, -6
2582.2, 4, -6
2582.3, 4, -6
2582.4, 4, -6
2582.5, 4, -6
2582.6, 4, -6
2582.7, 4, -6
2582.8, 4, -6
2582.9, 4, -6
2583, 4, -6
2583.1, 4, -6
2583.2, 4, -6
2583.3, 4, -6
2583.4, 4, -6
2583.5, 4, -6
2583.6, 4, -6
2583.7, 4, -6
2583.8, 4, -6
2583.9, 4, -6
2584, 4, -6
2584.1, 4, -6
2584.2, 4, -6
2584.3, 4, -6
2584.4, 4, -6
2584.5, 4, -6
2584.6, 4, -6
2584.7, 4, -6
2584.8, 4, -6
2584.9, 4, -6
2585, 4, -6
2585.1, 4, -6
2585.2, 4, -6
2585.3, 4, -6
2585.4, 4, -6
2585.5, 3, -6
2585.6, 3, -6
2585.7, 3, -6
2585.8, 3, -6
2585.9, 3, -6
2586, 3, -6
2586.1, 3, -6
2586.2, 3, -6
2586.3, 2, -6
2586.4, 2, -6
2586.5, 2, -6
2586.6, 2, -6
2586.7, 2, -6
2586.8, 2, -6
2586.9, 2, -6
2587, 2, -6
2587.1, 2, -6
2587.2, 2, -6
2587.3, 2, -6
2587.4, 2, -6
2587.5, 2, -7
2587.6, 2, -7
2587.7, 2, -7
2587.8, 2, -7
2587.9, 2, -7
2588, 2, -7
2588.1, 2, -7
2588.2, 2, -7
2588.3, 2, -8
2588.4, 2, -8
2588.5, 2, -9
2588.6, 2, -9
2588.7, 2, -9
2588.8, 2, -9
2588.9, 2, -9
2589, 2, -9
2589.1, 2, -9
2589.2, 2, -9
2589.3, 2, -9
2589.4, 2, -9
2589.5, 2, -9
2589.6, 2, -9
2589.7, 2, -9
2589.8, 2, -9
2589.9, 2, -9
2590, 2, -9
2590.1, 2, -8
2590.2, 2, -8
2590.3, 2, -8
2590.4, 2, -8
2590.5, 3, -8
2590.6, 3, -8
2590.7, 3, -8
2590.8, 3, -8
2590.9, 3, -8
2591, 3, -8
2591.1, 3, -8
2591.2, 3, -8
2591.3, 3, -8
2591.4, 3, -8
2591.5, 3, -8
2591.6, 3, -8
2591.7, 3, -8
2591.8, 3, -8
2591.9, 3, -8
2592, 3, -8
2592.1, 3, -8
2592.2, 3, -8
2592.3, 3, -8
2592.4, 3, -8
2592.5, 3, -8
2592.6, 3, -8
2592.7, 3, -8
2592.8, 3, -8
2592.9, 3, -8
2593, 3, -8
2593.1, 3, -8
2593.2, 3, -8
2593.3, 2, -8
2593.4, 2, -8
2593.5, 2, -8
2593.6, 2, -8
2593.7, 2, -8
2593.8, 2, -8
2593.9, 1, -8
2594, 1, -8
2594.1, 1, -8
2594.2, 1, -8
2594.3, 1, -8
2594.4, 1, -8
2594.5, 1, -8
2594.6, 1, -8
2594.7, 1, -8
2594.8, 1, -8
2594.9, 1, -8
2595, 1, -8
2595.1, 1, -8
2595.2, 1, -8
2595.3, 1, -8
2595.4, 1, -8
2595.5, 1, -8
2595.6, 1, -8
2595.7, 1, -8
2595.8, 1, -8
2595.9, 1, -8
2596, 1, -8
2596.1, 1, -8
2596.2, 1, -8
2596.3, 1, -8
2596.4, 1, -8
2596.5, 1, -8
2596.6, 1, -8
2596.7, 1, -8
2596.8, 1, -8
2596.9, 1, -8
2597, 1, -8
2597.1, 1, -8
2597.2, 1, -8
2597.3, 1, -8
2597.4, 1, -8
2597.5, 1, -8
2597.6, 1, -8
2597.7, 1, -8
2597.8, 1, -8
2597.9, 1, -8
2598, 1, -8
2598.1, 1, -8
2598.2, 1, -8
2598.3, 1, -8
2598.4, 1, -8
2598.5, 1, -8
2598.6, 1, -8
2598.7, 1, -8
2598.8, 1, -8
2598.9, 1, -8
2599, 1, -8
2599.1, 1, -8
2599.2, 1, -8
2599.3, 1, -8
2599.4, 1, -8
2599.5, 1, -9
2599.6, 1, -9
2599.7, 1, -9
2599.8, 1, -9
2599.9, 1, -8
2600, 1, -8
2600.1, 1, -8
2600.2, 1, -8
2600.3, 1, -8
2600.4, 1, -8
2600.5, 1, -8
2600.6, 1, -8
2600.7, 1, -8
2600.8, 1, -8
2600.9, 1, -8
2601, 1, -8
2601.1, 1, -8
2601.2, 1, -8
2601.3, 1, -8
2601.4, 1, -8
2601.5, 1, -8
2601.6, 1, -8
2601.7, 1, -8
2601.8, 1, -8
2601.9, 1, -8
2602, 1, -8
2602.1, 0, -8
2602.2, 0, -8
2602.3, 0, -8
2602.4, 0, -8
2602.5, 0, -8
2602.6, 0, -8
2602.7, 0, -8
2602.8, 0, -8
2602.9, 0, -8
2603, 0, -8
2603.1, 0, -8
2603.2, 0, -8
2603.3, 0, -8
2603.4, 0, -8
2603.5, 0, -8
2603.6, 0, -8
2603.7, 0, -8
2603.8, 0, -8
2603.9, 0, -8
2604, 0, -8
2604.1, 0, -8
2604.2, 0, -8
2604.3, 0, -8
2604.4, 0, -8
2604.5, -1, -8
2604.6, -1, -8
2604.7, -1, -8
2604.8, -1, -8
2604.9, -1, -8
2605, -1, -8
2605.1, -1, -8
2605.2, -1, -8
2605.3, -1, -8
2605.4, -1, -8
2605.5, -1, -8
2605.6, -1, -8
2605.7, -1, -8
2605.8, -1, -8
2605.9, -1, -8
2606, -1, -8
2606.1, -1, -8
2606.2, -1, -8
2606.3, -1, -8
2606.4, -1, -8
2606.5, -1, -8
2606.6, -1, -8
2606.7, -1, -8
2606.8, -1, -8
2606.9, -1, -8
2607, -1, -8
2607.1, -1, -8
2607.2, -1, -8
2607.3, -1, -8
2607.4, -1, -8
2607.5, -1, -8
2607.6, -1, -8
2607.7, -1, -8
2607.8, -1, -8
2607.9, -1, -8
2608, -1, -8
2608.1, -1, -8
2608.2, -1, -8
2608.3, -1, -8
2608.4, -1, -8
2608.5, -1, -8
2608.6, -1, -8
2608.7, -1, -8
2608.8, -1, -8
2608.9, -1, -8
2609, -1, -8
2609.1, -1, -8
2609.2, -1, -8
2609.3, -1, -8
2609.4, -1, -8
2609.5, -1, -8
2609.6, -1, -8
2609.7, -1, -8
2609.8, -1, -8
2609.9, -1, -8
2610, -1, -8
2610.1, -1, -8
2610.2, -1, -8
2610.3, -1, -8
2610.4, -1, -8
2610.5, -1, -8
2610.6, -1, -8
2610.7, -1, -8
2610.8, -1, -8
2610.9, -1, -8
2611, -1, -8
2611.1, -1, -8
2611.2, -1, -8
2611.3, -1, -8
2611.4, -1, -8
2611.5, -1, -8
2611.6, -1, -8
2611.7, -1, -8
2611.8, -1, -8
2611.9, -1, -8
2612, -1, -8
2612.1, -1, -8
2612.2, -1, -8
2612.3, -1, -8
2612.4, -1, -8
2612.5, -1, -8
2612.6, -1, -8
2612.7, -1, -8
2612.8, -1, -8
2612.9, -1, -8
2613, -1, -8
2613.1, -1, -8
2613.2, -1, -8
2613.3, -1, -8
2613.4, -1, -8
2613.5, -1, -8
2613.6, -1, -8
2613.7, -1, -8
2613.8, -1, -8
2613.9, -1, -8
2614, -1, -8
2614.1, -1, -8
2614.2, -1, -8
2614.3, -1, -8
2614.4, -1, -8
2614.5, 0, -8
2614.6, 0, -8
2614.7, 0, -8
2614.8, 0, -8
2614.9, 0, -8
2615, 0, -8
2615.1, 0, -7
2615.2, 0, -7
2615.3, 0, -7
2615.4, 0, -7
2615.5, 0, -7
2615.6, 0, -7
2615.7, 0, -7
2615.8, 0, -7
2615.9, 0, -7
2616, 0, -7
2616.1, 0, -7
2616.2, 0, -7
2616.3, 0, -8
2616.4, 0, -8
2616.5, 0, -8
2616.6, 0, -8
2616.7, 0, -9
2616.8, 0, -9
2616.9, 0, -9
2617, 0, -9
2617.1, 0, -9
2617.2, 0, -9
2617.3, 0, -9
2617.4, 0, -9
2617.5, 0, -9
2617.6, 0, -9
2617.7, 0, -9
2617.8, 0, -9
2617.9, 0, -9
2618, 0, -9
2618.1, 0, -9
2618.2, 0, -9
2618.3, 0, -9
2618.4, 0, -9
2618.5, 0, -9
2618.6, 0, -9
2618.7, 0, -9
2618.8, 0, -9
2618.9, 0, -9
2619, 0, -9
2619.1, 0, -9
2619.2, 0, -9
2619.3, 0, -9
2619.4, 0, -9
2619.5, 0, -9
2619.6, 0, -9
2619.7, 0, -9
2619.8, 0, -9
2619.9, 0, -9
2620, 0, -9
2620.1, -1, -9
2620.2, -1, -9
2620.3, -1, -9
2620.4, -1, -9
2620.5, -1, -9
2620.6, -1, -9
2620.7, -1, -9
2620.8, -1, -9
2620.9, -1, -9
2621, -1, -9
2621.1, -1, -9
2621.2, -1, -9
2621.3, -1, -9
2621.4, -1, -9
2621.5, -1, -9
2621.6, -1, -9
2621.7, -1, -9
2621.8, -1, -9
2621.9, -1, -8
2622, -1, -8
2622.1, -1, -8
2622.2, -1, -8
2622.3, -1, -8
2622.4, -1, -8
2622.5, -1, -8
2622.6, -1, -8
2622.7, -1, -8
2622.8, -1, -8
2622.9, -1, -8
2623, -1, -8
2623.1, -1, -9
2623.2, -1, -9
2623.3, -1, -9
2623.4, -1, -9
2623.5, -1, -9
2623.6, -1, -9
2623.7, -1, -9
2623.8, -1, -9
2623.9, -1, -9
2624, -1, -9
2624.1, -1, -9
2624.2, -1, -9
2624.3, -1, -9
2624.4, -1, -9
2624.5, -1, -10
2624.6, -1, -10
2624.7, -1, -10
2624.8, -1, -10
2624.9, -1, -10
2625, -1, -10
2625.1, -1, -10
2625.2, -1, -10
2625.3, -1, -10
2625.4, -1, -10
2625.5, -1, -9
2625.6, -1, -9
2625.7, -1, -9
2625.8, -1, -9
2625.9, -1, -9
2626, -1, -9
2626.1, -1, -9
2626.2, -1, -9
2626.3, -1, -9
2626.4, -1, -9
2626.5, -1, -9
2626.6, -1, -9
2626.7, -1, -9
2626.8, -1, -9
2626.9, -1, -9
2627, -1, -9
2627.1, -1, -9
2627.2, -1, -9
2627.3, -1, -8
2627.4, -1, -8
2627.5, -1, -8
2627.6, -1, -8
2627.7, -1, -7
2627.8, -1, -7
2627.9, -1, -7
2628, -1, -7
2628.1, -1, -7
2628.2, -1, -7
2628.3, -1, -7
2628.4, -1, -7
2628.5, -1, -7
2628.6, -1, -7
2628.7, 0, -7
2628.8, 0, -7
2628.9, 0, -7
2629, 0, -7
2629.1, 0, -8
2629.2, 0, -8
2629.3, 0, -8
2629.4, 0, -8
2629.5, 0, -8
2629.6, 0, -8
2629.7, 0, -8
2629.8, 0, -8
2629.9, 0, -8
2630, 0, -8
2630.1, 0, -8
2630.2, 0, -8
2630.3, 0, -8
2630.4, 0, -8
2630.5, 0, -8
2630.6, 0, -8
2630.7, 0, -8
2630.8, 0, -8
2630.9, 0, -8
2631, 0, -8
2631.1, 0, -8
2631.2, 0, -8
2631.3, 0, -8
2631.4, 0, -8
2631.5, 0, -8
2631.6, 0, -8
2631.7, 0, -8
2631.8, 0, -8
2631.9, 0, -8
2632, 0, -8
2632.1, 0, -8
2632.2, 0, -8
2632.3, 0, -8
2632.4, 0, -8
2632.5, 0, -8
2632.6, 0, -8
2632.7, 0, -8
2632.8, 0, -8
2632.9, 0, -8
2633, 0, -8
2633.1, 0, -8
2633.2, 0, -8
2633.3, 0, -8
2633.4, 0, -8
2633.5, 0, -8
2633.6, 0, -8
2633.7, 0, -8
2633.8, 0, -8
2633.9, 0, -8
2634, 0, -8
2634.1, 0, -8
2634.2, 0, -8
2634.3, -1, -8
2634.4, -1, -8
2634.5, -1, -8
2634.6, -1, -8
2634.7, -1, -8
2634.8, -1, -8
2634.9, -1, -8
2635, -1, -8
2635.1, -1, -8
2635.2, -1, -8
2635.3, -1, -8
2635.4, -1, -8
2635.5, -1, -8
2635.6, -1, -8
2635.7, -1, -8
2635.8, -1, -8
2635.9, -1, -8
2636, -1, -8
2636.1, -1, -8
2636.2, -1, -8
2636.3, -1, -8
2636.4, -1, -8
2636.5, -1, -8
2636.6, -1, -8
2636.7, -1, -8
2636.8, -1, -8
2636.9, -1, -8
2637, -1, -8
2637.1, -1, -8
2637.2, -1, -8
2637.3, -1, -8
2637.4, -1, -8
2637.5, -1, -8
2637.6, -1, -8
2637.7, -1, -8
2637.8, -1, -8
2637.9, -1, -8
2638, -1, -8
2638.1, -1, -8
2638.2, -1, -8
2638.3, -1, -8
2638.4, -1, -8
2638.5, -2, -8
2638.6, -2, -8
2638.7, -2, -8
2638.8, -2, -8
2638.9, -2, -8
2639, -2, -8
2639.1, -2, -8
2639.2, -2, -8
2639.3, -2, -8
2639.4, -2, -8
2639.5, -2, -8
2639.6, -2, -8
2639.7, -2, -8
2639.8, -2, -8
2639.9, -2, -8
2640, -2, -8
2640.1, -2, -8
2640.2, -2, -8
2640.3, -1, -8
2640.4, -1, -8
2640.5, -1, -8
2640.6, -1, -8
2640.7, -1, -8
2640.8, -1, -8
2640.9, -1, -8
2641, -1, -8
2641.1, -1, -8
2641.2, -1, -8
2641.3, -1, -8
2641.4, -1, -8
2641.5, -1, -8
2641.6, -1, -8
2641.7, -1, -8
2641.8, -1, -8
2641.9, -1, -8
2642, -1, -8
2642.1, -1, -8
2642.2, -1, -8
2642.3, -1, -8
2642.4, -1, -8
2642.5, -1, -8
2642.6, -1, -8
2642.7, -1, -8
2642.8, -1, -8
2642.9, -1, -7
2643, -1, -7
2643.1, -2, -7
2643.2, -2, -7
2643.3, -2, -7
2643.4, -2, -7
2643.5, -2, -7
2643.6, -2, -7
2643.7, -2, -7
2643.8, -2, -7
2643.9, -2, -7
2644, -2, -7
2644.1, -2, -7
2644.2, -2, -7
2644.3, -2, -7
2644.4, -2, -7
2644.5, -2, -7
2644.6, -2, -7
2644.7, -2, -6
2644.8, -2, -6
2644.9, -2, -6
2645, -2, -6
2645.1, -2, -6
2645.2, -2, -6
2645.3, -2, -6
2645.4, -2, -6
2645.5, -2, -6
2645.6, -2, -6
2645.7, -2, -6
2645.8, -2, -6
2645.9, -2, -6
2646, -2, -6
2646.1, -2, -6
2646.2, -2, -6
2646.3, -2, -6
2646.4, -2, -6
2646.5, -2, -6
2646.6, -2, -6
2646.7, -2, -7
2646.8, -2, -7
2646.9, -2, -7
2647, -2, -7
2647.1, -2, -7
2647.2, -2, -7
2647.3, -2, -7
2647.4, -2, -7
2647.5, -2, -7
2647.6, -2, -7
2647.7, -2, -7
2647.8, -2, -7
2647.9, -2, -7
2648, -2, -7
2648.1, -2, -7
2648.2, -2, -7
2648.3, -2, -7
2648.4, -2, -7
2648.5, -2, -7
2648.6, -2, -7
2648.7, -2, -7
2648.8, -2, -7
2648.9, -2, -7
2649, -2, -7
2649.1, -2, -7
2649.2, -2, -7
2649.3, -2, -7
2649.4, -2, -7
2649.5, -2, -7
2649.6, -2, -7
2649.7, -2, -7
2649.8, -2, -7
2649.9, -2, -7
2650, -2, -7
2650.1, -2, -7
2650.2, -2, -7
2650.3, -2, -7
2650.4, -2, -7
2650.5, -2, -7
2650.6, -2, -7
2650.7, -2, -7
2650.8, -2, -7
2650.9, -2, -7
2651, -2, -7
2651.1, -2, -7
2651.2, -2, -7
2651.3, -2, -7
2651.4, -2, -7
2651.5, -2, -7
2651.6, -2, -7
2651.7, -2, -7
2651.8, -2, -7
2651.9, -2, -7
2652, -2, -7
2652.1, -2, -6
2652.2, -2, -6
2652.3, -3, -6
2652.4, -3, -6
2652.5, -3, -6
2652.6, -3, -6
2652.7, -3, -6
2652.8, -3, -6
2652.9, -3, -6
2653, -3, -6
2653.1, -3, -6
2653.2, -3, -6
2653.3, -3, -6
2653.4, -3, -6
2653.5, -3, -6
2653.6, -3, -6
2653.7, -3, -7
2653.8, -3, -7
2653.9, -3, -7
2654, -3, -7
2654.1, -3, -7
2654.2, -3, -7
2654.3, -3, -7
2654.4, -3, -7
2654.5, -3, -7
2654.6, -3, -7
2654.7, -3, -7
2654.8, -3, -7
2654.9, -3, -7
2655, -3, -7
2655.1, -3, -7
2655.2, -3, -7
2655.3, -3, -7
2655.4, -3, -7
2655.5, -3, -7
2655.6, -3, -7
2655.7, -3, -7
2655.8, -3, -7
2655.9, -3, -7
2656, -3, -7
2656.1, -3, -7
2656.2, -3, -7
2656.3, -3, -7
2656.4, -3, -7
2656.5, -3, -7
2656.6, -3, -7
2656.7, -3, -7
2656.8, -3, -7
2656.9, -3, -7
2657, -3, -7
2657.1, -3, -7
2657.2, -3, -7
2657.3, -3, -7
2657.4, -3, -7
2657.5, -3, -7
2657.6, -3, -7
2657.7, -3, -7
2657.8, -3, -7
2657.9, -3, -7
2658, -3, -7
2658.1, -3, -7
2658.2, -3, -7
2658.3, -3, -7
2658.4, -3, -7
2658.5, -3, -7
2658.6, -3, -7
2658.7, -3, -7
2658.8, -3, -7
2658.9, -3, -7
2659, -3, -7
2659.1, -3, -7
2659.2, -3, -7
2659.3, -4, -7
2659.4, -4, -7
2659.5, -4, -7
2659.6, -4, -7
2659.7, -4, -7
2659.8, -4, -7
2659.9, -4, -7
2660, -4, -7
2660.1, -4, -7
2660.2, -4, -7
2660.3, -4, -7
2660.4, -4, -7
2660.5, -4, -6
2660.6, -4, -6
2660.7, -4, -6
2660.8, -4, -6
2660.9, -4, -6
2661, -4, -6
2661.1, -4, -6
2661.2, -4, -6
2661.3, -4, -6
2661.4, -4, -6
2661.5, -4, -6
2661.6, -4, -6
2661.7, -4, -6
2661.8, -4, -6
2661.9, -4, -7
2662, -4, -7
2662.1, -4, -7
2662.2, -4, -7
2662.3, -4, -7
2662.4, -4, -7
2662.5, -4, -7
2662.6, -4, -7
2662.7, -4, -7
2662.8, -4, -7
2662.9, -4, -7
2663, -4, -7
2663.1, -4, -7
2663.2, -4, -7
2663.3, -4, -7
2663.4, -4, -7
2663.5, -4, -7
2663.6, -4, -7
2663.7, -4, -7
2663.8, -4, -7
2663.9, -4, -7
2664, -4, -7
2664.1, -4, -7
2664.2, -4, -7
2664.3, -4, -7
2664.4, -4, -7
2664.5, -4, -7
2664.6, -4, -7
2664.7, -4, -7
2664.8, -4, -7
2664.9, -4, -7
2665, -4, -7
2665.1, -3, -7
2665.2, -3, -7
2665.3, -3, -7
2665.4, -3, -7
2665.5, -2, -7
2665.6, -2, -7
2665.7, -2, -7
2665.8, -2, -7
2665.9, -2, -7
2666, -2, -7
2666.1, -2, -7
2666.2, -2, -7
2666.3, -2, -7
2666.4, -2, -7
2666.5, -2, -7
2666.6, -2, -7
2666.7, -2, -7
2666.8, -2, -7
2666.9, -2, -7
2667, -2, -7
2667.1, -2, -7
2667.2, -2, -7
2667.3, -2, -7
2667.4, -2, -7
2667.5, -2, -7
2667.6, -2, -7
2667.7, -2, -7
2667.8, -2, -7
2667.9, -2, -7
2668, -2, -7
2668.1, -2, -7
2668.2, -2, -7
2668.3, -2, -7
2668.4, -2, -7
2668.5, -2, -7
2668.6, -2, -7
2668.7, -2, -7
2668.8, -2, -7
2668.9, -2, -7
2669, -2, -7
2669.1, -2, -7
2669.2, -2, -7
2669.3, -2, -7
2669.4, -2, -7
2669.5, -2, -7
2669.6, -2, -7
2669.7, -2, -6
2669.8, -2, -6
2669.9, -2, -6
2670, -2, -6
2670.1, -2, -6
2670.2, -2, -6
2670.3, -2, -6
2670.4, -2, -6
2670.5, -2, -6
2670.6, -2, -6
2670.7, -2, -6
2670.8, -2, -6
2670.9, -2, -6
2671, -2, -6
2671.1, -2, -6
2671.2, -2, -6
2671.3, -2, -6
2671.4, -2, -6
2671.5, -2, -6
2671.6, -2, -6
2671.7, -2, -7
2671.8, -2, -7
2671.9, -2, -7
2672, -2, -7
2672.1, -2, -7
2672.2, -2, -7
2672.3, -2, -7
2672.4, -2, -7
2672.5, -2, -7
2672.6, -2, -7
2672.7, -2, -7
2672.8, -2, -7
2672.9, -2, -7
2673, -2, -7
2673.1, -2, -7
2673.2, -2, -7
2673.3, -2, -7
2673.4, -2, -7
2673.5, -2, -7
2673.6, -2, -7
2673.7, -2, -7
2673.8, -2, -7
2673.9, -2, -7
2674, -2, -7
2674.1, -2, -7
2674.2, -2, -7
2674.3, -2, -7
2674.4, -2, -7
2674.5, -2, -7
2674.6, -2, -7
2674.7, -2, -7
2674.8, -2, -7
2674.9, -2, -7
2675, -2, -7
2675.1, -2, -7
2675.2, -2, -7
2675.3, -2, -7
2675.4, -2, -7
2675.5, -2, -6
2675.6, -2, -6
2675.7, -2, -6
2675.8, -2, -6
2675.9, -2, -6
2676, -2, -6
2676.1, -2, -6
2676.2, -2, -6
2676.3, -2, -6
2676.4, -2, -6
2676.5, -2, -6
2676.6, -2, -6
2676.7, -1, -6
2676.8, -1, -6
2676.9, -1, -6
2677, -1, -6
2677.1, -1, -7
2677.2, -1, -7
2677.3, -1, -6
2677.4, -1, -6
2677.5, -1, -6
2677.6, -1, -6
2677.7, -1, -6
2677.8, -1, -6
2677.9, -1, -6
2678, -1, -6
2678.1, -2, -6
2678.2, -2, -6
2678.3, -2, -6
2678.4, -2, -6
2678.5, -2, -6
2678.6, -2, -6
2678.7, -2, -6
2678.8, -2, -6
2678.9, -2, -6
2679, -2, -6
2679.1, -2, -6
2679.2, -2, -6
2679.3, -2, -6
2679.4, -2, -6
2679.5, -2, -6
2679.6, -2, -6
2679.7, -2, -6
2679.8, -2, -6
2679.9, -2, -6
2680, -2, -6
2680.1, -3, -6
2680.2, -3, -6
2680.3, -3, -6
2680.4, -3, -6
2680.5, -3, -6
2680.6, -3, -6
2680.7, -3, -6
2680.8, -3, -6
2680.9, -3, -6
2681, -3, -6
2681.1, -3, -7
2681.2, -3, -7
2681.3, -3, -7
2681.4, -3, -7
2681.5, -3, -7
2681.6, -3, -7
2681.7, -3, -7
2681.8, -3, -7
2681.9, -3, -8
2682, -3, -8
2682.1, -3, -8
2682.2, -3, -8
2682.3, -3, -8
2682.4, -3, -8
2682.5, -3, -8
2682.6, -3, -8
2682.7, -3, -8
2682.8, -3, -8
2682.9, -3, -8
2683, -3, -8
2683.1, -3, -8
2683.2, -3, -8
2683.3, -3, -8
2683.4, -3, -8
2683.5, -3, -8
2683.6, -3, -8
2683.7, -3, -7
2683.8, -3, -7
2683.9, -3, -7
2684, -3, -7
2684.1, -3, -7
2684.2, -3, -7
2684.3, -3, -7
2684.4, -3, -7
2684.5, -3, -7
2684.6, -3, -7
2684.7, -2, -7
2684.8, -2, -7
2684.9, -2, -7
2685, -2, -7
2685.1, -2, -7
2685.2, -2, -7
2685.3, -2, -7
2685.4, -2, -7
2685.5, -2, -7
2685.6, -2, -7
2685.7, -2, -7
2685.8, -2, -7
2685.9, -2, -7
2686, -2, -7
2686.1, -2, -7
2686.2, -2, -7
2686.3, -2, -7
2686.4, -2, -7
2686.5, -2, -7
2686.6, -2, -7
2686.7, -2, -7
2686.8, -2, -7
2686.9, -2, -7
2687, -2, -7
2687.1, -2, -7
2687.2, -2, -7
2687.3, -2, -7
2687.4, -2, -7
2687.5, -2, -7
2687.6, -2, -7
2687.7, -2, -7
2687.8, -2, -7
2687.9, -2, -7
2688, -2, -7
2688.1, -2, -7
2688.2, -2, -7
2688.3, -2, -7
2688.4, -2, -7
2688.5, -2, -7
2688.6, -2, -7
2688.7, -2, -7
2688.8, -2, -7
2688.9, -2, -7
2689, -2, -7
2689.1, -2, -7
2689.2, -2, -7
2689.3, -2, -7
2689.4, -2, -7
2689.5, -2, -7
2689.6, -2, -7
2689.7, -2, -6
2689.8, -2, -6
2689.9, -2, -6
2690, -2, -6
2690.1, -2, -6
2690.2, -2, -6
2690.3, -2, -6
2690.4, -2, -6
2690.5, -2, -6
2690.6, -2, -6
2690.7, -2, -6
2690.8, -2, -6
2690.9, -2, -6
2691, -2, -6
2691.1, -2, -6
2691.2, -2, -6
2691.3, -2, -6
2691.4, -2, -6
2691.5, -2, -6
2691.6, -2, -6
2691.7, -2, -6
2691.8, -2, -6
2691.9, -2, -6
2692, -2, -6
2692.1, -2, -6
2692.2, -2, -6
2692.3, -2, -6
2692.4, -2, -6
2692.5, -2, -6
2692.6, -2, -6
2692.7, -2, -6
2692.8, -2, -6
2692.9, -2, -6
2693, -2, -6
2693.1, -2, -6
2693.2, -2, -6
2693.3, -2, -6
2693.4, -2, -6
2693.5, -2, -5
2693.6, -2, -5
2693.7, -2, -5
2693.8, -2, -5
2693.9, -2, -5
2694, -2, -5
2694.1, -3, -5
2694.2, -3, -5
2694.3, -3, -5
2694.4, -3, -5
2694.5, -3, -6
2694.6, -3, -6
2694.7, -3, -6
2694.8, -3, -6
2694.9, -3, -6
2695, -3, -6
2695.1, -3, -5
2695.2, -3, -5
2695.3, -3, -5
2695.4, -3, -5
2695.5, -3, -5
2695.6, -3, -5
2695.7, -4, -5
2695.8, -4, -5
2695.9, -4, -5
2696, -4, -5
2696.1, -4, -5
2696.2, -4, -5
2696.3, -4, -5
2696.4, -4, -5
2696.5, -4, -5
2696.6, -4, -5
2696.7, -4, -5
2696.8, -4, -5
2696.9, -4, -5
2697, -4, -5
2697.1, -3, -5
2697.2, -3, -5
2697.3, -3, -5
2697.4, -3, -5
2697.5, -3, -5
2697.6, -3, -5
2697.7, -3, -5
2697.8, -3, -5
2697.9, -3, -5
2698, -3, -5
2698.1, -3, -5
2698.2, -3, -5
2698.3, -3, -6
2698.4, -3, -6
2698.5, -3, -6
2698.6, -3, -6
2698.7, -3, -6
2698.8, -3, -6
2698.9, -3, -6
2699, -3, -6
2699.1, -3, -6
2699.2, -3, -6
2699.3, -3, -6
2699.4, -3, -6
2699.5, -3, -6
2699.6, -3, -6
2699.7, -3, -6
2699.8, -3, -6
2699.9, -3, -6
2700, -3, -6
2700.1, -3, -6
2700.2, -3, -6
2700.3, -3, -6
2700.4, -3, -6
2700.5, -3, -6
2700.6, -3, -6
2700.7, -3, -6
2700.8, -3, -6
2700.9, -3, -6
2701, -3, -6
2701.1, -3, -6
2701.2, -3, -6
2701.3, -3, -6
2701.4, -3, -6
2701.5, -3, -6
2701.6, -3, -6
2701.7, -3, -6
2701.8, -3, -6
2701.9, -3, -6
2702, -3, -6
2702.1, -3, -6
2702.2, -3, -6
2702.3, -3, -6
2702.4, -3, -6
2702.5, -3, -6
2702.6, -3, -6
2702.7, -3, -6
2702.8, -3, -6
2702.9, -3, -6
2703, -3, -6
2703.1, -3, -6
2703.2, -3, -6
2703.3, -3, -6
2703.4, -3, -6
2703.5, -3, -6
2703.6, -3, -6
2703.7, -3, -6
2703.8, -3, -6
2703.9, -3, -6
2704, -3, -6
2704.1, -3, -6
2704.2, -3, -6
2704.3, -3, -6
2704.4, -3, -6
2704.5, -3, -6
2704.6, -3, -6
2704.7, -3, -7
2704.8, -3, -7
2704.9, -3, -7
2705, -3, -7
2705.1, -3, -7
2705.2, -3, -7
2705.3, -3, -7
2705.4, -3, -7
2705.5, -3, -7
2705.6, -3, -7
2705.7, -3, -7
2705.8, -3, -7
2705.9, -3, -7
2706, -3, -7
2706.1, -3, -7
2706.2, -3, -7
2706.3, -3, -7
2706.4, -3, -7
2706.5, -3, -7
2706.6, -3, -7
2706.7, -3, -7
2706.8, -3, -7
2706.9, -3, -7
2707, -3, -7
2707.1, -3, -7
2707.2, -3, -7
2707.3, -3, -7
2707.4, -3, -7
2707.5, -3, -7
2707.6, -3, -7
2707.7, -3, -7
2707.8, -3, -7
2707.9, -3, -7
2708, -3, -7
2708.1, -3, -7
2708.2, -3, -7
2708.3, -3, -7
2708.4, -3, -7
2708.5, -3, -7
2708.6, -3, -7
2708.7, -3, -7
2708.8, -3, -7
2708.9, -3, -7
2709, -3, -7
2709.1, -3, -7
2709.2, -3, -7
2709.3, -4, -7
2709.4, -4, -7
2709.5, -5, -7
2709.6, -5, -7
2709.7, -5, -7
2709.8, -5, -7
2709.9, -5, -7
2710, -5, -7
2710.1, -5, -7
2710.2, -5, -7
2710.3, -5, -7
2710.4, -5, -7
2710.5, -5, -7
2710.6, -5, -7
2710.7, -5, -7
2710.8, -5, -7
2710.9, -6, -7
2711, -6, -7
2711.1, -6, -7
2711.2, -6, -7
2711.3, -6, -7
2711.4, -6, -7
2711.5, -6, -7
2711.6, -6, -7
2711.7, -6, -7
2711.8, -6, -7
2711.9, -6, -6
2712, -6, -6
2712.1, -6, -6
2712.2, -6, -6
2712.3, -6, -6
2712.4, -6, -6
2712.5, -6, -6
2712.6, -6, -6
2712.7, -6, -7
2712.8, -6, -7
2712.9, -6, -7
2713, -6, -7
2713.1, -6, -7
2713.2, -6, -7
2713.3, -6, -7
2713.4, -6, -7
2713.5, -6, -7
2713.6, -6, -7
2713.7, -6, -7
2713.8, -6, -7
2713.9, -6, -7
2714, -6, -7
2714.1, -6, -7
2714.2, -6, -7
2714.3, -6, -7
2714.4, -6, -7
2714.5, -6, -7
2714.6, -6, -7
2714.7, -6, -7
2714.8, -6, -7
2714.9, -6, -7
2715, -6, -7
2715.1, -6, -7
2715.2, -6, -7
2715.3, -6, -7
2715.4, -6, -7
2715.5, -6, -7
2715.6, -6, -7
2715.7, -6, -7
2715.8, -6, -7
2715.9, -6, -7
2716, -6, -7
2716.1, -6, -7
2716.2, -6, -7
2716.3, -6, -7
2716.4, -6, -7
2716.5, -6, -7
2716.6, -6, -7
2716.7, -7, -7
2716.8, -7, -7
2716.9, -7, -7
2717, -7, -7
2717.1, -7, -7
2717.2, -7, -7
2717.3, -7, -7
2717.4, -7, -7
2717.5, -7, -7
2717.6, -7, -7
2717.7, -7, -6
2717.8, -7, -6
2717.9, -7, -6
2718, -7, -6
2718.1, -7, -6
2718.2, -7, -6
2718.3, -7, -6
2718.4, -7, -6
2718.5, -7, -6
2718.6, -7, -6
2718.7, -7, -6
2718.8, -7, -6
2718.9, -7, -6
2719, -7, -6
2719.1, -7, -6
2719.2, -7, -6
2719.3, -7, -6
2719.4, -7, -6
2719.5, -7, -6
2719.6, -7, -6
2719.7, -6, -6
2719.8, -6, -6
2719.9, -5, -6
2720, -5, -6
2720.1, -5, -6
2720.2, -5, -6
2720.3, -5, -6
2720.4, -5, -6
2720.5, -5, -6
2720.6, -5, -6
2720.7, -5, -7
2720.8, -5, -7
2720.9, -5, -7
2721, -5, -7
2721.1, -5, -7
2721.2, -5, -7
2721.3, -5, -7
2721.4, -5, -7
2721.5, -5, -7
2721.6, -5, -7
2721.7, -5, -7
2721.8, -5, -7
2721.9, -5, -7
2722, -5, -7
2722.1, -5, -6
2722.2, -5, -6
2722.3, -5, -6
2722.4, -5, -6
2722.5, -5, -6
2722.6, -5, -6
2722.7, -5, -6
2722.8, -5, -6
2722.9, -5, -6
2723, -5, -6
2723.1, -5, -6
2723.2, -5, -6
2723.3, -5, -6
2723.4, -5, -6
2723.5, -5, -6
2723.6, -5, -6
2723.7, -5, -6
2723.8, -5, -6
2723.9, -5, -6
2724, -5, -6
2724.1, -5, -6
2724.2, -5, -6
2724.3, -5, -6
2724.4, -5, -6
2724.5, -4, -6
2724.6, -4, -6
2724.7, -4, -6
2724.8, -4, -6
2724.9, -5, -6
2725, -5, -6
2725.1, -5, -6
2725.2, -5, -6
2725.3, -4, -6
2725.4, -4, -6
2725.5, -4, -6
2725.6, -4, -6
2725.7, -4, -6
2725.8, -4, -6
2725.9, -4, -6
2726, -4, -6
2726.1, -4, -6
2726.2, -4, -6
2726.3, -4, -6
2726.4, -4, -6
2726.5, -4, -6
2726.6, -4, -6
2726.7, -4, -6
2726.8, -4, -6
2726.9, -4, -6
2727, -4, -6
2727.1, -4, -6
2727.2, -4, -6
2727.3, -4, -6
2727.4, -4, -6
2727.5, -4, -6
2727.6, -4, -6
2727.7, -4, -6
2727.8, -4, -6
2727.9, -4, -6
2728, -4, -6
2728.1, -4, -6
2728.2, -4, -6
2728.3, -4, -5
2728.4, -4, -5
2728.5, -4, -5
2728.6, -4, -5
2728.7, -4, -5
2728.8, -4, -5
2728.9, -4, -5
2729, -4, -5
2729.1, -4, -5
2729.2, -4, -5
2729.3, -4, -5
2729.4, -4, -5
2729.5, -4, -5
2729.6, -4, -5
2729.7, -4, -5
2729.8, -4, -5
2729.9, -4, -6
2730, -4, -6
2730.1, -4, -6
2730.2, -4, -6
2730.3, -4, -6
2730.4, -4, -6
2730.5, -3, -6
2730.6, -3, -6
2730.7, -3, -6
2730.8, -3, -6
2730.9, -3, -6
2731, -3, -6
2731.1, -2, -6
2731.2, -2, -6
2731.3, -1, -6
2731.4, -1, -6
2731.5, -1, -6
2731.6, -1, -6
2731.7, -1, -6
2731.8, -1, -6
2731.9, -1, -6
2732, -1, -6
2732.1, -1, -6
2732.2, -1, -6
2732.3, 0, -6
2732.4, 0, -6
2732.5, 0, -6
2732.6, 0, -6
2732.7, 0, -6
2732.8, 0, -6
2732.9, 0, -6
2733, 0, -6
2733.1, 0, -6
2733.2, 0, -6
2733.3, 0, -6
2733.4, 0, -6
2733.5, 0, -6
2733.6, 0, -6
2733.7, -1, -6
2733.8, -1, -6
2733.9, -1, -6
2734, -1, -6
2734.1, -1, -7
2734.2, -1, -7
2734.3, -1, -7
2734.4, -1, -7
2734.5, -1, -7
2734.6, -1, -7
2734.7, -1, -7
2734.8, -1, -7
2734.9, -1, -7
2735, -1, -7
2735.1, -1, -7
2735.2, -1, -7
2735.3, -1, -7
2735.4, -1, -7
2735.5, -1, -7
2735.6, -1, -7
2735.7, -1, -7
2735.8, -1, -7
2735.9, -1, -7
2736, -1, -7
2736.1, -1, -7
2736.2, -1, -7
2736.3, -1, -7
2736.4, -1, -7
2736.5, -1, -7
2736.6, -1, -7
2736.7, -1, -7
2736.8, -1, -7
2736.9, -1, -7
2737, -1, -7
2737.1, -1, -7
2737.2, -1, -7
2737.3, -1, -7
2737.4, -1, -7
2737.5, -1, -7
2737.6, -1, -7
2737.7, -1, -7
2737.8, -1, -7
2737.9, -1, -7
2738, -1, -7
2738.1, -1, -7
2738.2, -1, -7
2738.3, -1, -7
2738.4, -1, -7
2738.5, -1, -7
2738.6, -1, -7
2738.7, -1, -7
2738.8, -1, -7
2738.9, -1, -7
2739, -1, -7
2739.1, -1, -7
2739.2, -1, -7
2739.3, -1, -7
2739.4, -1, -7
2739.5, -1, -7
2739.6, -1, -7
2739.7, -1, -7
2739.8, -1, -7
2739.9, -1, -7
2740, -1, -7
2740.1, -1, -7
2740.2, -1, -7
2740.3, -1, -7
2740.4, -1, -7
2740.5, -1, -7
2740.6, -1, -7
2740.7, -1, -7
2740.8, -1, -7
2740.9, -1, -7
2741, -1, -7
2741.1, -1, -7
2741.2, -1, -7
2741.3, -1, -7
2741.4, -1, -7
2741.5, 0, -7
2741.6, 0, -7
2741.7, 0, -7
2741.8, 0, -7
2741.9, 0, -7
2742, 0, -7
2742.1, 0, -7
2742.2, 0, -7
2742.3, 0, -7
2742.4, 0, -7
2742.5, 0, -7
2742.6, 0, -7
2742.7, 0, -7
2742.8, 0, -7
2742.9, 0, -7
2743, 0, -7
2743.1, 0, -7
2743.2, 0, -7
2743.3, 0, -7
2743.4, 0, -7
2743.5, 0, -7
2743.6, 0, -7
2743.7, 0, -7
2743.8, 0, -7
2743.9, 0, -7
2744, 0, -7
2744.1, 0, -7
2744.2, 0, -7
2744.3, 0, -7
2744.4, 0, -7
2744.5, 0, -7
2744.6, 0, -7
2744.7, 0, -7
2744.8, 0, -7
2744.9, 0, -7
2745, 0, -7
2745.1, 0, -7
2745.2, 0, -7
2745.3, 0, -7
2745.4, 0, -7
2745.5, 0, -7
2745.6, 0, -7
2745.7, 0, -7
2745.8, 0, -7
2745.9, 0, -7
2746, 0, -7
2746.1, 0, -7
2746.2, 0, -7
2746.3, 0, -7
2746.4, 0, -7
2746.5, 1, -7
2746.6, 1, -7
2746.7, 1, -7
2746.8, 1, -7
2746.9, 1, -7
2747, 1, -7
2747.1, 1, -7
2747.2, 1, -7
2747.3, 1, -7
2747.4, 1, -7
2747.5, 1, -7
2747.6, 1, -7
2747.7, 1, -7
2747.8, 1, -7
2747.9, 1, -7
2748, 1, -7
2748.1, 1, -7
2748.2, 1, -7
2748.3, 1, -7
2748.4, 1, -7
2748.5, 1, -7
2748.6, 1, -7
2748.7, 1, -7
2748.8, 1, -7
2748.9, 1, -7
2749, 1, -7
2749.1, 1, -7
2749.2, 1, -7
2749.3, 1, -7
2749.4, 1, -7
2749.5, 1, -7
2749.6, 1, -7
2749.7, 1, -7
2749.8, 1, -7
2749.9, 1, -7
2750, 1, -7
2750.1, 1, -7
2750.2, 1, -7
2750.3, 1, -7
2750.4, 1, -7
2750.5, 1, -7
2750.6, 1, -7
2750.7, 1, -7
2750.8, 1, -7
2750.9, 1, -8
2751, 1, -8
2751.1, 1, -8
2751.2, 1, -8
2751.3, 1, -8
2751.4, 1, -8
2751.5, 1, -8
2751.6, 1, -8
2751.7, 1, -8
2751.8, 1, -8
2751.9, 1, -8
2752, 1, -8
2752.1, 1, -8
2752.2, 1, -8
2752.3, 1, -7
2752.4, 1, -7
2752.5, 1, -7
2752.6, 1, -7
2752.7, 1, -7
2752.8, 1, -7
2752.9, 1, -7
2753, 1, -7
2753.1, 0, -7
2753.2, 0, -7
2753.3, 0, -7
2753.4, 0, -7
2753.5, 0, -7
2753.6, 0, -7
2753.7, 0, -7
2753.8, 0, -7
2753.9, 0, -7
2754, 0, -7
2754.1, 0, -7
2754.2, 0, -7
2754.3, 0, -7
2754.4, 0, -7
2754.5, 0, -7
2754.6, 0, -7
2754.7, 0, -7
2754.8, 0, -7
2754.9, 0, -7
2755, 0, -7
2755.1, 0, -7
2755.2, 0, -7
2755.3, 0, -7
2755.4, 0, -7
2755.5, 0, -7
2755.6, 0, -7
2755.7, 0, -7
2755.8, 0, -7
2755.9, 0, -7
2756, 0, -7
2756.1, 0, -7
2756.2, 0, -7
2756.3, 0, -7
2756.4, 0, -7
2756.5, 0, -7
2756.6, 0, -7
2756.7, 0, -7
2756.8, 0, -7
2756.9, 0, -7
2757, 0, -7
2757.1, 0, -7
2757.2, 0, -7
2757.3, 0, -6
2757.4, 0, -6
2757.5, 0, -6
2757.6, 0, -6
2757.7, 0, -6
2757.8, 0, -6
2757.9, 0, -6
2758, 0, -6
2758.1, 0, -6
2758.2, 0, -6
2758.3, 0, -6
2758.4, 0, -6
2758.5, 0, -6
2758.6, 0, -6
2758.7, 0, -6
2758.8, 0, -6
2758.9, 0, -6
2759, 0, -6
2759.1, 0, -6
2759.2, 0, -6
2759.3, 0, -6
2759.4, 0, -6
2759.5, 0, -6
2759.6, 0, -6
2759.7, 0, -6
2759.8, 0, -6
2759.9, 0, -6
2760, 0, -6
2760.1, 0, -6
2760.2, 0, -6
2760.3, 0, -7
2760.4, 0, -7
2760.5, 0, -7
2760.6, 0, -7
2760.7, 0, -7
2760.8, 0, -7
2760.9, 0, -7
2761, 0, -7
2761.1, 0, -7
2761.2, 0, -7
2761.3, 0, -7
2761.4, 0, -7
2761.5, 0, -7
2761.6, 0, -7
2761.7, 0, -7
2761.8, 0, -7
2761.9, 0, -7
2762, 0, -7
2762.1, 0, -7
2762.2, 0, -7
2762.3, 0, -7
2762.4, 0, -7
2762.5, 0, -7
2762.6, 0, -7
2762.7, 0, -7
2762.8, 0, -7
2762.9, 0, -7
2763, 0, -7
2763.1, -1, -7
2763.2, -1, -7
2763.3, -1, -7
2763.4, -1, -7
2763.5, -1, -7
2763.6, -1, -7
2763.7, -1, -7
2763.8, -1, -7
2763.9, -1, -7
2764, -1, -7
2764.1, -1, -7
2764.2, -1, -7
2764.3, -1, -7
2764.4, -1, -7
2764.5, -1, -7
2764.6, -1, -7
2764.7, -1, -7
2764.8, -1, -7
2764.9, -1, -7
2765, -1, -7
2765.1, -1, -7
2765.2, -1, -7
2765.3, -1, -7
2765.4, -1, -7
2765.5, -1, -7
2765.6, -1, -7
2765.7, -1, -7
2765.8, -1, -7
2765.9, -1, -7
2766, -1, -7
2766.1, -1, -7
2766.2, -1, -7
2766.3, -1, -7
2766.4, -1, -7
2766.5, -1, -7
2766.6, -1, -7
2766.7, -1, -7
2766.8, -1, -7
2766.9, -1, -7
2767, -1, -7
2767.1, -2, -7
2767.2, -2, -7
2767.3, -2, -7
2767.4, -2, -7
2767.5, -2, -7
2767.6, -2, -7
2767.7, -1, -7
2767.8, -1, -7
2767.9, -1, -7
2768, -1, -7
2768.1, -1, -7
2768.2, -1, -7
2768.3, -1, -7
2768.4, -1, -7
2768.5, -1, -7
2768.6, -1, -7
2768.7, -1, -7
2768.8, -1, -7
2768.9, -1, -7
2769, -1, -7
2769.1, -1, -7
2769.2, -1, -7
2769.3, -1, -7
2769.4, -1, -7
2769.5, -1, -6
2769.6, -1, -6
2769.7, 0, -6
2769.8, 0, -6
2769.9, 0, -6
2770, 0, -6
2770.1, 0, -6
2770.2, 0, -6
2770.3, 0, -6
2770.4, 0, -6
2770.5, 0, -6
2770.6, 0, -6
2770.7, 0, -6
2770.8, 0, -6
2770.9, 0, -6
2771, 0, -6
2771.1, 0, -6
2771.2, 0, -6
2771.3, 0, -6
2771.4, 0, -6
2771.5, 0, -6
2771.6, 0, -6
2771.7, 0, -6
2771.8, 0, -6
2771.9, 0, -5
2772, 0, -5
2772.1, 0, -5
2772.2, 0, -5
2772.3, -1, -5
2772.4, -1, -5
2772.5, -1, -5
2772.6, -1, -5
2772.7, -1, -5
2772.8, -1, -5
2772.9, -1, -5
2773, -1, -5
2773.1, -1, -5
2773.2, -1, -5
2773.3, -1, -5
2773.4, -1, -5
2773.5, -1, -5
2773.6, -1, -5
2773.7, -1, -5
2773.8, -1, -5
2773.9, -1, -5
2774, -1, -5
2774.1, -1, -5
2774.2, -1, -5
2774.3, -1, -5
2774.4, -1, -5
2774.5, -1, -5
2774.6, -1, -5
2774.7, -1, -5
2774.8, -1, -5
2774.9, -1, -5
2775, -1, -5
2775.1, -1, -5
2775.2, -1, -5
2775.3, -1, -5
2775.4, -1, -5
2775.5, -1, -5
2775.6, -1, -5
2775.7, -1, -5
2775.8, -1, -5
2775.9, -1, -5
2776, -1, -5
2776.1, -1, -5
2776.2, -1, -5
2776.3, -1, -5
2776.4, -1, -5
2776.5, -1, -5
2776.6, -1, -5
2776.7, -1, -5
2776.8, -1, -5
2776.9, -1, -5
2777, -1, -5
2777.1, -1, -5
2777.2, -1, -5
2777.3, -1, -5
2777.4, -1, -5
2777.5, -1, -5
2777.6, -1, -5
2777.7, -1, -5
2777.8, -1, -5
2777.9, -1, -5
2778, -1, -5
2778.1, -1, -5
2778.2, -1, -5
2778.3, 0, -5
2778.4, 0, -5
2778.5, 0, -6
2778.6, 0, -6
2778.7, 0, -6
2778.8, 0, -6
2778.9, 0, -6
2779, 0, -6
2779.1, 0, -6
2779.2, 0, -6
2779.3, 0, -5
2779.4, 0, -5
2779.5, 1, -5
2779.6, 1, -5
2779.7, 1, -5
2779.8, 1, -5
2779.9, 1, -6
2780, 1, -6
2780.1, 1, -6
2780.2, 1, -6
2780.3, 1, -6
2780.4, 1, -6
2780.5, 1, -6
2780.6, 1, -6
2780.7, 1, -6
2780.8, 1, -6
2780.9, 1, -6
2781, 1, -6
2781.1, 1, -6
2781.2, 1, -6
2781.3, 1, -6
2781.4, 1, -6
2781.5, 2, -6
2781.6, 2, -6
2781.7, 2, -6
2781.8, 2, -6
2781.9, 2, -5
2782, 2, -5
2782.1, 2, -5
2782.2, 2, -5
2782.3, 2, -6
2782.4, 2, -6
2782.5, 1, -6
2782.6, 1, -6
2782.7, 1, -6
2782.8, 1, -6
2782.9, 1, -7
2783, 1, -7
2783.1, 1, -7
2783.2, 1, -7
2783.3, 1, -7
2783.4, 1, -7
2783.5, 1, -7
2783.6, 1, -7
2783.7, 1, -7
2783.8, 1, -7
2783.9, 1, -7
2784, 1, -7
2784.1, 1, -7
2784.2, 1, -7
2784.3, 1, -7
2784.4, 1, -7
2784.5, 1, -7
2784.6, 1, -7
2784.7, 1, -7
2784.8, 1, -7
2784.9, 1, -7
2785, 1, -7
2785.1, 0, -7
2785.2, 0, -7
2785.3, 0, -7
2785.4, 0, -7
2785.5, 0, -7
2785.6, 0, -7
2785.7, 0, -7
2785.8, 0, -7
2785.9, 0, -7
2786, 0, -7
2786.1, 0, -7
2786.2, 0, -7
2786.3, 1, -7
2786.4, 1, -7
2786.5, 1, -6
2786.6, 1, -6
2786.7, 1, -6
2786.8, 1, -6
2786.9, 1, -6
2787, 1, -6
2787.1, 1, -6
2787.2, 1, -6
2787.3, 1, -6
2787.4, 1, -6
2787.5, 1, -6
2787.6, 1, -6
2787.7, 1, -6
2787.8, 1, -6
2787.9, 1, -6
2788, 1, -6
2788.1, 1, -6
2788.2, 1, -6
2788.3, 1, -6
2788.4, 1, -6
2788.5, 1, -6
2788.6, 1, -6
2788.7, 1, -7
2788.8, 1, -7
2788.9, 1, -8
2789, 1, -8
2789.1, 1, -9
2789.2, 1, -9
2789.3, 1, -9
2789.4, 1, -9
2789.5, 1, -9
2789.6, 1, -9
2789.7, 1, -9
2789.8, 1, -9
2789.9, 1, -9
2790, 1, -9
2790.1, 1, -9
2790.2, 1, -9
2790.3, 1, -9
2790.4, 1, -9
2790.5, 1, -9
2790.6, 1, -9
2790.7, 1, -9
2790.8, 1, -9
2790.9, 1, -9
2791, 1, -9
2791.1, 1, -9
2791.2, 1, -9
2791.3, 1, -9
2791.4, 1, -9
2791.5, 1, -9
2791.6, 1, -9
2791.7, 1, -9
2791.8, 1, -9
2791.9, 1, -9
2792, 1, -9
2792.1, 1, -9
2792.2, 1, -9
2792.3, 1, -9
2792.4, 1, -9
2792.5, 1, -9
2792.6, 1, -9
2792.7, 1, -9
2792.8, 1, -9
2792.9, 1, -9
2793, 1, -9
2793.1, 1, -9
2793.2, 1, -9
2793.3, 1, -9
2793.4, 1, -9
2793.5, 1, -9
2793.6, 1, -9
2793.7, 1, -9
2793.8, 1, -9
2793.9, 1, -9
2794, 1, -9
2794.1, 1, -9
2794.2, 1, -9
2794.3, 1, -9
2794.4, 1, -9
2794.5, 1, -9
2794.6, 1, -9
2794.7, 1, -9
2794.8, 1, -9
2794.9, 1, -9
2795, 1, -9
2795.1, 1, -9
2795.2, 1, -9
2795.3, 1, -9
2795.4, 1, -9
2795.5, 1, -9
2795.6, 1, -9
2795.7, 1, -9
2795.8, 1, -9
2795.9, 1, -9
2796, 1, -9
2796.1, 1, -9
2796.2, 1, -9
2796.3, 1, -9
2796.4, 1, -9
2796.5, 1, -9
2796.6, 1, -9
2796.7, 0, -9
2796.8, 0, -9
2796.9, 0, -9
2797, 0, -9
2797.1, 0, -9
2797.2, 0, -9
2797.3, 0, -9
2797.4, 0, -9
2797.5, 0, -8
2797.6, 0, -8
2797.7, 0, -8
2797.8, 0, -8
2797.9, 0, -8
2798, 0, -8
2798.1, 0, -7
2798.2, 0, -7
2798.3, -1, -7
2798.4, -1, -7
2798.5, -2, -7
2798.6, -2, -7
2798.7, -2, -7
2798.8, -2, -7
2798.9, -2, -7
2799, -2, -7
2799.1, -2, -7
2799.2, -2, -7
2799.3, -2, -7
2799.4, -2, -7
2799.5, -2, -6
2799.6, -2, -6
2799.7, -2, -6
2799.8, -2, -6
2799.9, -3, -6
2800, -3, -6
2800.1, -3, -6
2800.2, -3, -6
2800.3, -3, -6
2800.4, -3, -6
2800.5, -3, -5
2800.6, -3, -5
2800.7, -3, -4
2800.8, -3, -4
2800.9, -3, -4
2801, -3, -4
2801.1, -3, -4
2801.2, -3, -4
2801.3, -3, -4
2801.4, -3, -4
2801.5, -3, -4
2801.6, -3, -4
2801.7, -3, -4
2801.8, -3, -4
2801.9, -3, -4
2802, -3, -4
2802.1, -3, -4
2802.2, -3, -4
2802.3, -3, -4
2802.4, -3, -4
2802.5, -3, -4
2802.6, -3, -4
2802.7, -3, -4
2802.8, -3, -4
2802.9, -3, -4
2803, -3, -4
2803.1, -3, -5
2803.2, -3, -5
2803.3, -3, -5
2803.4, -3, -5
2803.5, -4, -5
2803.6, -4, -5
2803.7, -4, -5
2803.8, -4, -5
2803.9, -4, -5
2804, -4, -5
2804.1, -4, -5
2804.2, -4, -5
2804.3, -4, -5
2804.4, -4, -5
2804.5, -4, -5
2804.6, -4, -5
2804.7, -4, -5
2804.8, -4, -5
2804.9, -4, -5
2805, -4, -5
2805.1, -4, -5
2805.2, -4, -5
2805.3, -4, -5
2805.4, -4, -5
2805.5, -5, -5
2805.6, -5, -5
2805.7, -5, -5
2805.8, -5, -5
2805.9, -5, -5
2806, -5, -5
2806.1, -5, -5
2806.2, -5, -5
2806.3, -5, -5
2806.4, -5, -5
2806.5, -5, -5
2806.6, -5, -5
2806.7, -5, -5
2806.8, -5, -5
2806.9, -5, -5
2807, -5, -5
2807.1, -5, -6
2807.2, -5, -6
2807.3, -5, -6
2807.4, -5, -6
2807.5, -5, -6
2807.6, -5, -6
2807.7, -5, -6
2807.8, -5, -6
2807.9, -5, -6
2808, -5, -6
2808.1, -5, -6
2808.2, -5, -6
2808.3, -5, -6
2808.4, -5, -6
2808.5, -5, -6
2808.6, -5, -6
2808.7, -5, -6
2808.8, -5, -6
2808.9, -5, -6
2809, -5, -6
2809.1, -5, -5
2809.2, -5, -5
2809.3, -5, -5
2809.4, -5, -5
2809.5, -5, -5
2809.6, -5, -5
2809.7, -5, -5
2809.8, -5, -5
2809.9, -5, -5
2810, -5, -5
2810.1, -5, -5
2810.2, -5, -5
2810.3, -5, -6
2810.4, -5, -6
2810.5, -5, -6
2810.6, -5, -6
2810.7, -5, -6
2810.8, -5, -6
2810.9, -5, -6
2811, -5, -6
2811.1, -5, -7
2811.2, -5, -7
2811.3, -5, -7
2811.4, -5, -7
2811.5, -6, -7
2811.6, -6, -7
2811.7, -5, -7
2811.8, -5, -7
2811.9, -5, -7
2812, -5, -7
2812.1, -5, -7
2812.2, -5, -7
2812.3, -5, -7
2812.4, -5, -7
2812.5, -5, -7
2812.6, -5, -7
2812.7, -5, -7
2812.8, -5, -7
2812.9, -5, -7
2813, -5, -7
2813.1, -5, -7
2813.2, -5, -7
2813.3, -4, -7
2813.4, -4, -7
2813.5, -4, -7
2813.6, -4, -7
2813.7, -4, -7
2813.8, -4, -7
2813.9, -4, -7
2814, -4, -7
2814.1, -4, -7
2814.2, -4, -7
2814.3, -4, -7
2814.4, -4, -7
2814.5, -4, -7
2814.6, -4, -7
2814.7, -4, -7
2814.8, -4, -7
2814.9, -4, -7
2815, -4, -7
2815.1, -5, -7
2815.2, -5, -7
2815.3, -5, -7
2815.4, -5, -7
2815.5, -5, -7
2815.6, -5, -7
2815.7, -5, -7
2815.8, -5, -7
2815.9, -5, -7
2816, -5, -7
2816.1, -5, -7
2816.2, -5, -7
2816.3, -5, -7
2816.4, -5, -7
2816.5, -5, -7
2816.6, -5, -7
2816.7, -5, -7
2816.8, -5, -7
2816.9, -5, -7
2817, -5, -7
2817.1, -5, -7
2817.2, -5, -7
2817.3, -5, -7
2817.4, -5, -7
2817.5, -5, -8
2817.6, -5, -8
2817.7, -5, -8
2817.8, -5, -8
2817.9, -5, -8
2818, -5, -8
2818.1, -5, -8
2818.2, -5, -8
2818.3, -5, -8
2818.4, -5, -8
2818.5, -5, -8
2818.6, -5, -8
2818.7, -5, -8
2818.8, -5, -8
2818.9, -5, -8
2819, -5, -8
2819.1, -5, -8
2819.2, -5, -8
2819.3, -5, -8
2819.4, -5, -8
2819.5, -5, -8
2819.6, -5, -8
2819.7, -5, -8
2819.8, -5, -8
2819.9, -5, -8
2820, -5, -8
2820.1, -5, -7
2820.2, -5, -7
2820.3, -5, -7
2820.4, -5, -7
2820.5, -5, -7
2820.6, -5, -7
2820.7, -5, -7
2820.8, -5, -7
2820.9, -5, -8
2821, -5, -8
2821.1, -5, -8
2821.2, -5, -8
2821.3, -5, -8
2821.4, -5, -8
2821.5, -5, -8
2821.6, -5, -8
2821.7, -5, -8
2821.8, -5, -8
2821.9, -5, -8
2822, -5, -8
2822.1, -5, -8
2822.2, -5, -8
2822.3, -5, -8
2822.4, -5, -8
2822.5, -5, -8
2822.6, -5, -8
2822.7, -5, -8
2822.8, -5, -8
2822.9, -5, -8
2823, -5, -8
2823.1, -6, -8
2823.2, -6, -8
2823.3, -6, -8
2823.4, -6, -8
2823.5, -7, -8
2823.6, -7, -8
2823.7, -7, -8
2823.8, -7, -8
2823.9, -8, -8
2824, -8, -8
2824.1, -8, -8
2824.2, -8, -8
2824.3, -8, -8
2824.4, -8, -8
2824.5, -8, -8
2824.6, -8, -8
2824.7, -8, -8
2824.8, -8, -8
2824.9, -8, -8
2825, -8, -8
2825.1, -8, -8
2825.2, -8, -8
2825.3, -8, -8
2825.4, -8, -8
2825.5, -8, -8
2825.6, -8, -8
2825.7, -8, -8
2825.8, -8, -8
2825.9, -8, -8
2826, -8, -8
2826.1, -8, -8
2826.2, -8, -8
2826.3, -8, -8
2826.4, -8, -8
2826.5, -8, -8
2826.6, -8, -8
2826.7, -8, -8
2826.8, -8, -8
2826.9, -8, -8
2827, -8, -8
2827.1, -8, -8
2827.2, -8, -8
2827.3, -8, -8
2827.4, -8, -8
2827.5, -8, -8
2827.6, -8, -8
2827.7, -8, -8
2827.8, -8, -8
2827.9, -8, -8
2828, -8, -8
2828.1, -8, -8
2828.2, -8, -8
2828.3, -8, -8
2828.4, -8, -8
2828.5, -7, -8
2828.6, -7, -8
2828.7, -7, -8
2828.8, -7, -8
2828.9, -7, -8
2829, -7, -8
2829.1, -7, -8
2829.2, -7, -8
2829.3, -8, -8
2829.4, -8, -8
2829.5, -8, -8
2829.6, -8, -8
2829.7, -8, -8
2829.8, -8, -8
2829.9, -8, -7
2830, -8, -7
2830.1, -8, -7
2830.2, -8, -7
2830.3, -8, -7
2830.4, -8, -7
2830.5, -8, -7
2830.6, -8, -7
2830.7, -8, -7
2830.8, -8, -7
2830.9, -8, -7
2831, -8, -7
2831.1, -8, -7
2831.2, -8, -7
2831.3, -8, -7
2831.4, -8, -7
2831.5, -8, -7
2831.6, -8, -7
2831.7, -8, -7
2831.8, -8, -7
2831.9, -8, -7
2832, -8, -7
2832.1, -8, -7
2832.2, -8, -7
2832.3, -8, -7
2832.4, -8, -7
2832.5, -8, -7
2832.6, -8, -7
2832.7, -8, -7
2832.8, -8, -7
2832.9, -8, -7
2833, -8, -7
2833.1, -8, -7
2833.2, -8, -7
2833.3, -8, -7
2833.4, -8, -7
2833.5, -8, -7
2833.6, -8, -7
2833.7, -8, -7
2833.8, -8, -7
2833.9, -8, -7
2834, -8, -7
2834.1, -8, -7
2834.2, -8, -7
2834.3, -8, -7
2834.4, -8, -7
2834.5, -9, -7
2834.6, -9, -7
2834.7, -9, -7
2834.8, -9, -7
2834.9, -9, -7
2835, -9, -7
2835.1, -9, -7
2835.2, -9, -7
2835.3, -9, -7
2835.4, -9, -7
2835.5, -9, -7
2835.6, -9, -7
2835.7, -9, -7
2835.8, -9, -7
2835.9, -9, -7
2836, -9, -7
2836.1, -9, -7
2836.2, -9, -7
2836.3, -9, -7
2836.4, -9, -7
2836.5, -9, -8
2836.6, -9, -8
2836.7, -9, -8
2836.8, -9, -8
2836.9, -9, -8
2837, -9, -8
2837.1, -9, -7
2837.2, -9, -7
2837.3, -9, -7
2837.4, -9, -7
2837.5, -9, -8
2837.6, -9, -8
2837.7, -9, -8
2837.8, -9, -8
2837.9, -9, -8
2838, -9, -8
2838.1, -9, -8
2838.2, -9, -8
2838.3, -9, -8
2838.4, -9, -8
2838.5, -9, -8
2838.6, -9, -8
2838.7, -9, -8
2838.8, -9, -8
2838.9, -9, -8
2839, -9, -8
2839.1, -9, -8
2839.2, -9, -8
2839.3, -9, -8
2839.4, -9, -8
2839.5, -10, -8
2839.6, -10, -8
2839.7, -10, -8
2839.8, -10, -8
2839.9, -10, -8
2840, -10, -8
2840.1, -10, -8
2840.2, -10, -8
2840.3, -10, -8
2840.4, -10, -8
2840.5, -10, -8
2840.6, -10, -8
2840.7, -10, -8
2840.8, -10, -8
2840.9, -10, -8
2841, -10, -8
2841.1, -10, -8
2841.2, -10, -8
2841.3, -10, -8
2841.4, -10, -8
2841.5, -11, -8
2841.6, -11, -8
2841.7, -11, -8
2841.8, -11, -8
2841.9, -11, -8
2842, -11, -8
2842.1, -11, -8
2842.2, -11, -8
2842.3, -11, -8
2842.4, -11, -8
2842.5, -11, -8
2842.6, -11, -8
2842.7, -11, -8
2842.8, -11, -8
2842.9, -11, -8
2843, -11, -8
2843.1, -11, -8
2843.2, -11, -8
2843.3, -11, -8
2843.4, -11, -8
2843.5, -11, -8
2843.6, -11, -8
2843.7, -11, -8
2843.8, -11, -8
2843.9, -11, -8
2844, -11, -8
2844.1, -11, -8
2844.2, -11, -8
2844.3, -11, -8
2844.4, -11, -8
2844.5, -11, -8
2844.6, -11, -8
2844.7, -11, -8
2844.8, -11, -8
2844.9, -11, -8
2845, -11, -8
2845.1, -11, -8
2845.2, -11, -8
2845.3, -11, -8
2845.4, -11, -8
2845.5, -11, -8
2845.6, -11, -8
2845.7, -11, -8
2845.8, -11, -8
2845.9, -11, -8
2846, -11, -8
2846.1, -11, -8
2846.2, -11, -8
2846.3, -11, -8
2846.4, -11, -8
2846.5, -11, -9
2846.6, -11, -9
2846.7, -11, -9
2846.8, -11, -9
2846.9, -11, -9
2847, -11, -9
2847.1, -11, -9
2847.2, -11, -9
2847.3, -11, -9
2847.4, -11, -9
2847.5, -11, -9
2847.6, -11, -9
2847.7, -11, -9
2847.8, -11, -9
2847.9, -11, -9
2848, -11, -9
2848.1, -11, -9
2848.2, -11, -9
2848.3, -11, -9
2848.4, -11, -9
2848.5, -11, -9
2848.6, -11, -9
2848.7, -11, -9
2848.8, -11, -9
2848.9, -11, -9
2849, -11, -9
2849.1, -11, -9
2849.2, -11, -9
2849.3, -11, -9
2849.4, -11, -9
2849.5, -11, -9
2849.6, -11, -9
2849.7, -11, -9
2849.8, -11, -9
2849.9, -11, -9
2850, -11, -9
2850.1, -11, -9
2850.2, -11, -9
2850.3, -11, -9
2850.4, -11, -9
2850.5, -11, -9
2850.6, -11, -9
2850.7, -11, -9
2850.8, -11, -9
2850.9, -11, -9
2851, -11, -9
2851.1, -11, -9
2851.2, -11, -9
2851.3, -11, -9
2851.4, -11, -9
2851.5, -11, -9
2851.6, -11, -9
2851.7, -10, -9
2851.8, -10, -9
2851.9, -10, -9
2852, -10, -9
2852.1, -10, -9
2852.2, -10, -9
2852.3, -10, -9
2852.4, -10, -9
2852.5, -10, -9
2852.6, -10, -9
2852.7, -10, -9
2852.8, -10, -9
2852.9, -10, -9
2853, -10, -9
2853.1, -10, -9
2853.2, -10, -9
2853.3, -10, -9
2853.4, -10, -9
2853.5, -10, -9
2853.6, -10, -9
2853.7, -10, -9
2853.8, -10, -9
2853.9, -10, -9
2854, -10, -9
2854.1, -10, -9
2854.2, -10, -9
2854.3, -10, -9
2854.4, -10, -9
2854.5, -10, -9
2854.6, -10, -9
2854.7, -10, -9
2854.8, -10, -9
2854.9, -10, -9
2855, -10, -9
2855.1, -10, -9
2855.2, -10, -9
2855.3, -10, -9
2855.4, -10, -9
2855.5, -10, -9
2855.6, -10, -9
2855.7, -10, -9
2855.8, -10, -9
2855.9, -10, -9
2856, -10, -9
2856.1, -10, -9
2856.2, -10, -9
2856.3, -10, -9
2856.4, -10, -9
2856.5, -10, -9
2856.6, -10, -9
2856.7, -10, -9
2856.8, -10, -9
2856.9, -10, -9
2857, -10, -9
2857.1, -10, -9
2857.2, -10, -9
2857.3, -10, -9
2857.4, -10, -9
2857.5, -10, -9
2857.6, -10, -9
2857.7, -10, -9
2857.8, -10, -9
2857.9, -10, -9
2858, -10, -9
2858.1, -10, -9
2858.2, -10, -9
2858.3, -10, -9
2858.4, -10, -9
2858.5, -10, -9
2858.6, -10, -9
2858.7, -10, -9
2858.8, -10, -9
2858.9, -10, -10
2859, -10, -10
2859.1, -10, -10
2859.2, -10, -10
2859.3, -10, -10
2859.4, -10, -10
2859.5, -10, -10
2859.6, -10, -10
2859.7, -9, -10
2859.8, -9, -10
2859.9, -9, -10
2860, -9, -10
2860.1, -9, -10
2860.2, -9, -10
2860.3, -9, -10
2860.4, -9, -10
2860.5, -9, -10
2860.6, -9, -10
2860.7, -9, -10
2860.8, -9, -10
2860.9, -9, -10
2861, -9, -10
2861.1, -9, -10
2861.2, -9, -10
2861.3, -9, -10
2861.4, -9, -10
2861.5, -9, -10
2861.6, -9, -10
2861.7, -9, -10
2861.8, -9, -10
2861.9, -9, -10
2862, -9, -10
2862.1, -9, -10
2862.2, -9, -10
2862.3, -9, -10
2862.4, -9, -10
2862.5, -9, -10
2862.6, -9, -10
2862.7, -8, -10
2862.8, -8, -10
2862.9, -8, -10
2863, -8, -10
2863.1, -8, -10
2863.2, -8, -10
2863.3, -8, -10
2863.4, -8, -10
2863.5, -8, -10
2863.6, -8, -10
2863.7, -8, -10
2863.8, -8, -10
2863.9, -8, -10
2864, -8, -10
2864.1, -8, -10
2864.2, -8, -10
2864.3, -8, -10
2864.4, -8, -10
2864.5, -8, -10
2864.6, -8, -10
2864.7, -8, -9
2864.8, -8, -9
2864.9, -8, -9
2865, -8, -9
2865.1, -8, -9
2865.2, -8, -9
2865.3, -8, -9
2865.4, -8, -9
2865.5, -8, -9
2865.6, -8, -9
2865.7, -8, -9
2865.8, -8, -9
2865.9, -9, -9
2866, -9, -9
2866.1, -9, -9
2866.2, -9, -9
2866.3, -9, -9
2866.4, -9, -9
2866.5, -9, -9
2866.6, -9, -9
2866.7, -9, -9
2866.8, -9, -9
2866.9, -10, -9
2867, -10, -9
2867.1, -10, -9
2867.2, -10, -9
2867.3, -10, -9
2867.4, -10, -9
2867.5, -10, -9
2867.6, -10, -9
2867.7, -10, -9
2867.8, -10, -9
2867.9, -10, -9
2868, -10, -9
2868.1, -10, -9
2868.2, -10, -9
2868.3, -10, -9
2868.4, -10, -9
2868.5, -10, -9
2868.6, -10, -9
2868.7, -10, -9
2868.8, -10, -9
2868.9, -10, -9
2869, -10, -9
2869.1, -10, -9
2869.2, -10, -9
2869.3, -10, -9
2869.4, -10, -9
2869.5, -10, -9
2869.6, -10, -9
2869.7, -10, -9
2869.8, -10, -9
2869.9, -10, -9
2870, -10, -9
2870.1, -10, -9
2870.2, -10, -9
2870.3, -10, -9
2870.4, -10, -9
2870.5, -10, -9
2870.6, -10, -9
2870.7, -10, -9
2870.8, -10, -9
2870.9, -10, -9
2871, -10, -9
2871.1, -10, -9
2871.2, -10, -9
2871.3, -10, -9
2871.4, -10, -9
2871.5, -10, -9
2871.6, -10, -9
2871.7, -10, -9
2871.8, -10, -9
2871.9, -10, -9
2872, -10, -9
2872.1, -10, -9
2872.2, -10, -9
2872.3, -10, -9
2872.4, -10, -9
2872.5, -10, -9
2872.6, -10, -9
2872.7, -10, -9
2872.8, -10, -9
2872.9, -10, -9
2873, -10, -9
2873.1, -10, -9
2873.2, -10, -9
2873.3, -11, -9
2873.4, -11, -9
2873.5, -11, -9
2873.6, -11, -9
2873.7, -11, -9
2873.8, -11, -9
2873.9, -11, -9
2874, -11, -9
2874.1, -11, -9
2874.2, -11, -9
2874.3, -11, -9
2874.4, -11, -9
2874.5, -11, -9
2874.6, -11, -9
2874.7, -11, -9
2874.8, -11, -9
2874.9, -11, -9
2875, -11, -9
2875.1, -11, -9
2875.2, -11, -9
2875.3, -11, -9
2875.4, -11, -9
2875.5, -11, -10
2875.6, -11, -10
2875.7, -11, -10
2875.8, -11, -10
2875.9, -11, -10
2876, -11, -10
2876.1, -11, -10
2876.2, -11, -10
2876.3, -11, -10
2876.4, -11, -10
2876.5, -10, -10
2876.6, -10, -10
2876.7, -10, -10
2876.8, -10, -10
2876.9, -10, -10
2877, -10, -10
2877.1, -10, -10
2877.2, -10, -10
2877.3, -10, -10
2877.4, -10, -10
2877.5, -10, -10
2877.6, -10, -10
2877.7, -10, -10
2877.8, -10, -10
2877.9, -10, -10
2878, -10, -10
2878.1, -10, -9
2878.2, -10, -9
2878.3, -10, -9
2878.4, -10, -9
2878.5, -10, -9
2878.6, -10, -9
2878.7, -10, -9
2878.8, -10, -9
2878.9, -10, -9
2879, -10, -9
2879.1, -10, -9
2879.2, -10, -9
2879.3, -10, -9
2879.4, -10, -9
2879.5, -10, -9
2879.6, -10, -9
2879.7, -10, -9
2879.8, -10, -9
2879.9, -10, -9
2880, -10, -9
2880.1, -10, -9
2880.2, -10, -9
2880.3, -10, -8
2880.4, -10, -8
2880.5, -10, -8
2880.6, -10, -8
2880.7, -9, -8
2880.8, -9, -8
2880.9, -9, -8
2881, -9, -8
2881.1, -9, -8
2881.2, -9, -8
2881.3, -9, -8
2881.4, -9, -8
2881.5, -9, -8
2881.6, -9, -8
2881.7, -9, -8
2881.8, -9, -8
2881.9, -9, -8
2882, -9, -8
2882.1, -9, -8
2882.2, -9, -8
2882.3, -9, -8
2882.4, -9, -8
2882.5, -9, -8
2882.6, -9, -8
2882.7, -9, -8
2882.8, -9, -8
2882.9, -9, -8
2883, -9, -8
2883.1, -9, -8
2883.2, -9, -8
2883.3, -9, -8
2883.4, -9, -8
2883.5, -9, -8
2883.6, -9, -8
2883.7, -9, -8
2883.8, -9, -8
2883.9, -9, -7
2884, -9, -7
2884.1, -9, -7
2884.2, -9, -7
2884.3, -10, -7
2884.4, -10, -7
2884.5, -10, -7
2884.6, -10, -7
2884.7, -10, -7
2884.8, -10, -7
2884.9, -10, -7
2885, -10, -7
2885.1, -10, -6
2885.2, -10, -6
2885.3, -10, -6
2885.4, -10, -6
2885.5, -10, -5
2885.6, -10, -5
2885.7, -10, -5
2885.8, -10, -5
2885.9, -10, -5
2886, -10, -5
2886.1, -10, -5
2886.2, -10, -5
2886.3, -10, -5
2886.4, -10, -5
2886.5, -10, -5
2886.6, -10, -5
2886.7, -10, -5
2886.8, -10, -5
2886.9, -10, -5
2887, -10, -5
2887.1, -11, -5
2887.2, -11, -5
2887.3, -11, -5
2887.4, -11, -5
2887.5, -11, -5
2887.6, -11, -5
2887.7, -11, -6
2887.8, -11, -6
2887.9, -11, -6
2888, -11, -6
2888.1, -11, -6
2888.2, -11, -6
2888.3, -11, -7
2888.4, -11, -7
2888.5, -11, -7
2888.6, -11, -7
2888.7, -11, -7
2888.8, -11, -7
2888.9, -11, -7
2889, -11, -7
2889.1, -11, -7
2889.2, -11, -7
2889.3, -11, -7
2889.4, -11, -7
2889.5, -11, -7
2889.6, -11, -7
2889.7, -11, -7
2889.8, -11, -7
2889.9, -12, -7
2890, -12, -7
2890.1, -12, -7
2890.2, -12, -7
2890.3, -12, -7
2890.4, -12, -7
2890.5, -12, -7
2890.6, -12, -7
2890.7, -12, -7
2890.8, -12, -7
2890.9, -12, -7
2891, -12, -7
2891.1, -12, -7
2891.2, -12, -7
2891.3, -12, -7
2891.4, -12, -7
2891.5, -12, -7
2891.6, -12, -7
2891.7, -12, -8
2891.8, -12, -8
2891.9, -12, -8
2892, -12, -8
2892.1, -12, -8
2892.2, -12, -8
2892.3, -12, -8
2892.4, -12, -8
2892.5, -12, -8
2892.6, -12, -8
2892.7, -12, -7
2892.8, -12, -7
2892.9, -13, -7
2893, -13, -7
2893.1, -13, -7
2893.2, -13, -7
2893.3, -13, -7
2893.4, -13, -7
2893.5, -13, -7
2893.6, -13, -7
2893.7, -12, -7
2893.8, -12, -7
2893.9, -12, -7
2894, -12, -7
2894.1, -12, -7
2894.2, -12, -7
2894.3, -12, -7
2894.4, -12, -7
2894.5, -12, -7
2894.6, -12, -7
2894.7, -12, -7
2894.8, -12, -7
2894.9, -12, -7
2895, -12, -7
2895.1, -12, -7
2895.2, -12, -7
2895.3, -12, -6
2895.4, -12, -6
2895.5, -12, -6
2895.6, -12, -6
2895.7, -13, -6
2895.8, -13, -6
2895.9, -13, -6
2896, -13, -6
2896.1, -13, -6
2896.2, -13, -6
2896.3, -13, -6
2896.4, -13, -6
2896.5, -13, -6
2896.6, -13, -6
2896.7, -13, -6
2896.8, -13, -6
2896.9, -13, -6
2897, -13, -6
2897.1, -13, -5
2897.2, -13, -5
2897.3, -13, -5
2897.4, -13, -5
2897.5, -13, -5
2897.6, -13, -5
2897.7, -13, -5
2897.8, -13, -5
2897.9, -13, -5
2898, -13, -5
2898.1, -13, -5
2898.2, -13, -5
2898.3, -13, -5
2898.4, -13, -5
2898.5, -13, -5
2898.6, -13, -5
2898.7, -13, -5
2898.8, -13, -5
2898.9, -13, -5
2899, -13, -5
2899.1, -13, -5
2899.2, -13, -5
2899.3, -13, -5
2899.4, -13, -5
2899.5, -13, -5
2899.6, -13, -5
2899.7, -13, -5
2899.8, -13, -5
2899.9, -13, -5
2900, -13, -5
2900.1, -13, -5
2900.2, -13, -5
2900.3, -13, -5
2900.4, -13, -5
2900.5, -13, -5
2900.6, -13, -5
2900.7, -13, -5
2900.8, -13, -5
2900.9, -13, -5
2901, -13, -5
2901.1, -13, -5
2901.2, -13, -5
2901.3, -13, -5
2901.4, -13, -5
2901.5, -13, -5
2901.6, -13, -5
2901.7, -13, -5
2901.8, -13, -5
2901.9, -13, -5
2902, -13, -5
2902.1, -13, -5
2902.2, -13, -5
2902.3, -13, -5
2902.4, -13, -5
2902.5, -13, -5
2902.6, -13, -5
2902.7, -13, -5
2902.8, -13, -5
2902.9, -13, -5
2903, -13, -5
2903.1, -13, -5
2903.2, -13, -5
2903.3, -13, -5
2903.4, -13, -5
2903.5, -13, -5
2903.6, -13, -5
2903.7, -13, -5
2903.8, -13, -5
2903.9, -13, -5
2904, -13, -5
2904.1, -13, -5
2904.2, -13, -5
2904.3, -13, -5
2904.4, -13, -5
2904.5, -13, -5
2904.6, -13, -5
2904.7, -13, -5
2904.8, -13, -5
2904.9, -13, -5
2905, -13, -5
2905.1, -13, -5
2905.2, -13, -5
2905.3, -13, -5
2905.4, -13, -5
2905.5, -13, -5
2905.6, -13, -5
2905.7, -13, -5
2905.8, -13, -5
2905.9, -13, -5
2906, -13, -5
2906.1, -13, -5
2906.2, -13, -5
2906.3, -13, -5
2906.4, -13, -5
2906.5, -13, -5
2906.6, -13, -5
2906.7, -13, -5
2906.8, -13, -5
2906.9, -13, -5
2907, -13, -5
2907.1, -13, -5
2907.2, -13, -5
2907.3, -13, -5
2907.4, -13, -5
2907.5, -13, -5
2907.6, -13, -5
2907.7, -13, -5
2907.8, -13, -5
2907.9, -13, -5
2908, -13, -5
2908.1, -13, -5
2908.2, -13, -5
2908.3, -13, -5
2908.4, -13, -5
2908.5, -13, -5
2908.6, -13, -5
2908.7, -14, -5
2908.8, -14, -5
2908.9, -14, -5
2909, -14, -5
2909.1, -14, -5
2909.2, -14, -5
2909.3, -15, -5
2909.4, -15, -5
2909.5, -15, -5
2909.6, -15, -5
2909.7, -15, -6
2909.8, -15, -6
2909.9, -15, -6
2910, -15, -6
2910.1, -15, -6
2910.2, -15, -6
2910.3, -15, -6
2910.4, -15, -6
2910.5, -15, -6
2910.6, -15, -6
2910.7, -15, -6
2910.8, -15, -6
2910.9, -15, -6
2911, -15, -6
2911.1, -15, -5
2911.2, -15, -5
2911.3, -15, -5
2911.4, -15, -5
2911.5, -15, -5
2911.6, -15, -5
2911.7, -15, -5
2911.8, -15, -5
2911.9, -15, -5
2912, -15, -5
2912.1, -15, -5
2912.2, -15, -5
2912.3, -15, -5
2912.4, -15, -5
2912.5, -15, -5
2912.6, -15, -5
2912.7, -15, -5
2912.8, -15, -5
2912.9, -15, -5
2913, -15, -5
2913.1, -15, -5
2913.2, -15, -5
2913.3, -15, -5
2913.4, -15, -5
2913.5, -15, -5
2913.6, -15, -5
2913.7, -15, -5
2913.8, -15, -5
2913.9, -15, -5
2914, -15, -5
2914.1, -15, -5
2914.2, -15, -5
2914.3, -15, -5
2914.4, -15, -5
2914.5, -15, -5
2914.6, -15, -5
2914.7, -14, -5
2914.8, -14, -5
2914.9, -14, -5
2915, -14, -5
2915.1, -14, -5
2915.2, -14, -5
2915.3, -14, -5
2915.4, -14, -5
2915.5, -14, -5
2915.6, -14, -5
2915.7, -14, -5
2915.8, -14, -5
2915.9, -14, -5
2916, -14, -5
2916.1, -14, -5
2916.2, -14, -5
2916.3, -15, -5
2916.4, -15, -5
2916.5, -15, -5
2916.6, -15, -5
2916.7, -15, -5
2916.8, -15, -5
2916.9, -15, -5
2917, -15, -5
2917.1, -15, -4
2917.2, -15, -4
2917.3, -15, -4
2917.4, -15, -4
2917.5, -15, -4
2917.6, -15, -4
2917.7, -15, -4
2917.8, -15, -4
2917.9, -15, -4
2918, -15, -4
2918.1, -15, -4
2918.2, -15, -4
2918.3, -15, -4
2918.4, -15, -4
2918.5, -15, -4
2918.6, -15, -4
2918.7, -15, -4
2918.8, -15, -4
2918.9, -15, -4
2919, -15, -4
2919.1, -15, -4
2919.2, -15, -4
2919.3, -15, -4
2919.4, -15, -4
2919.5, -15, -4
2919.6, -15, -4
2919.7, -15, -4
2919.8, -15, -4
2919.9, -16, -4
2920, -16, -4
2920.1, -16, -4
2920.2, -16, -4
2920.3, -16, -4
2920.4, -16, -4
2920.5, -16, -4
2920.6, -16, -4
2920.7, -16, -4
2920.8, -16, -4
2920.9, -16, -4
2921, -16, -4
2921.1, -16, -4
2921.2, -16, -4
2921.3, -16, -4
2921.4, -16, -4
2921.5, -16, -4
2921.6, -16, -4
2921.7, -16, -4
2921.8, -16, -4
2921.9, -16, -4
2922, -16, -4
2922.1, -16, -4
2922.2, -16, -4
2922.3, -16, -4
2922.4, -16, -4
2922.5, -16, -4
2922.6, -16, -4
2922.7, -16, -4
2922.8, -16, -4
2922.9, -16, -4
2923, -16, -4
2923.1, -16, -4
2923.2, -16, -4
2923.3, -16, -4
2923.4, -16, -4
2923.5, -16, -4
2923.6, -16, -4
2923.7, -16, -4
2923.8, -16, -4
2923.9, -16, -4
2924, -16, -4
2924.1, -16, -4
2924.2, -16, -4
2924.3, -16, -4
2924.4, -16, -4
2924.5, -16, -4
2924.6, -16, -4
2924.7, -16, -4
2924.8, -16, -4
2924.9, -16, -4
2925, -16, -4
2925.1, -16, -4
2925.2, -16, -4
2925.3, -16, -4
2925.4, -16, -4
2925.5, -16, -4
2925.6, -16, -4
2925.7, -16, -4
2925.8, -16, -4
2925.9, -16, -4
2926, -16, -4
2926.1, -16, -4
2926.2, -16, -4
2926.3, -16, -4
2926.4, -16, -4
2926.5, -16, -4
2926.6, -16, -4
2926.7, -16, -4
2926.8, -16, -4
2926.9, -16, -4
2927, -16, -4
2927.1, -16, -4
2927.2, -16, -4
2927.3, -16, -4
2927.4, -16, -4
2927.5, -16, -4
2927.6, -16, -4
2927.7, -16, -4
2927.8, -16, -4
2927.9, -16, -4
2928, -16, -4
2928.1, -16, -4
2928.2, -16, -4
2928.3, -16, -4
2928.4, -16, -4
2928.5, -16, -4
2928.6, -16, -4
2928.7, -16, -4
2928.8, -16, -4
2928.9, -16, -4
2929, -16, -4
2929.1, -16, -4
2929.2, -16, -4
2929.3, -16, -4
2929.4, -16, -4
2929.5, -16, -4
2929.6, -16, -4
2929.7, -16, -4
2929.8, -16, -4
2929.9, -16, -4
2930, -16, -4
2930.1, -16, -4
2930.2, -16, -4
2930.3, -16, -4
2930.4, -16, -4
2930.5, -16, -4
2930.6, -16, -4
2930.7, -16, -4
2930.8, -16, -4
2930.9, -16, -4
2931, -16, -4
2931.1, -16, -4
2931.2, -16, -4
2931.3, -16, -4
2931.4, -16, -4
2931.5, -16, -4
2931.6, -16, -4
2931.7, -16, -4
2931.8, -16, -4
2931.9, -16, -4
2932, -16, -4
2932.1, -16, -4
2932.2, -16, -4
2932.3, -16, -4
2932.4, -16, -4
2932.5, -16, -4
2932.6, -16, -4
2932.7, -16, -4
2932.8, -16, -4
2932.9, -16, -4
2933, -16, -4
2933.1, -16, -4
2933.2, -16, -4
2933.3, -16, -4
2933.4, -16, -4
2933.5, -16, -4
2933.6, -16, -4
2933.7, -16, -4
2933.8, -16, -4
2933.9, -16, -5
2934, -16, -5
2934.1, -16, -5
2934.2, -16, -5
2934.3, -16, -5
2934.4, -16, -5
2934.5, -16, -5
2934.6, -16, -5
2934.7, -16, -5
2934.8, -16, -5
2934.9, -16, -5
2935, -16, -5
2935.1, -16, -5
2935.2, -16, -5
2935.3, -16, -5
2935.4, -16, -5
2935.5, -16, -5
2935.6, -16, -5
2935.7, -16, -5
2935.8, -16, -5
2935.9, -16, -5
2936, -16, -5
2936.1, -16, -5
2936.2, -16, -5
2936.3, -16, -5
2936.4, -16, -5
2936.5, -16, -5
2936.6, -16, -5
2936.7, -16, -5
2936.8, -16, -5
2936.9, -16, -6
2937, -16, -6
2937.1, -16, -6
2937.2, -16, -6
2937.3, -16, -7
2937.4, -16, -7
2937.5, -16, -7
2937.6, -16, -7
2937.7, -16, -7
2937.8, -16, -7
2937.9, -16, -7
2938, -16, -7
2938.1, -16, -7
2938.2, -16, -7
2938.3, -16, -7
2938.4, -16, -7
2938.5, -15, -7
2938.6, -15, -7
2938.7, -15, -7
2938.8, -15, -7
2938.9, -15, -7
2939, -15, -7
2939.1, -15, -7
2939.2, -15, -7
2939.3, -16, -7
2939.4, -16, -7
2939.5, -16, -7
2939.6, -16, -7
2939.7, -16, -7
2939.8, -16, -7
2939.9, -16, -7
2940, -16, -7
2940.1, -16, -7
2940.2, -16, -7
2940.3, -16, -7
2940.4, -16, -7
2940.5, -16, -7
2940.6, -16, -7
2940.7, -16, -7
2940.8, -16, -7
2940.9, -16, -7
2941, -16, -7
2941.1, -16, -7
2941.2, -16, -7
2941.3, -16, -7
2941.4, -16, -7
2941.5, -16, -8
2941.6, -16, -8
2941.7, -16, -8
2941.8, -16, -8
2941.9, -16, -8
2942, -16, -8
2942.1, -16, -8
2942.2, -16, -8
2942.3, -16, -8
2942.4, -16, -8
2942.5, -16, -8
2942.6, -16, -8
2942.7, -16, -8
2942.8, -16, -8
2942.9, -16, -8
2943, -16, -8
2943.1, -16, -8
2943.2, -16, -8
2943.3, -16, -8
2943.4, -16, -8
2943.5, -16, -8
2943.6, -16, -8
2943.7, -16, -8
2943.8, -16, -8
2943.9, -16, -8
2944, -16, -8
2944.1, -16, -8
2944.2, -16, -8
2944.3, -16, -8
2944.4, -16, -8
2944.5, -16, -8
2944.6, -16, -8
2944.7, -16, -8
2944.8, -16, -8
2944.9, -16, -8
2945, -16, -8
2945.1, -16, -8
2945.2, -16, -8
2945.3, -16, -8
2945.4, -16, -8
2945.5, -16, -8
2945.6, -16, -8
2945.7, -15, -8
2945.8, -15, -8
2945.9, -15, -8
2946, -15, -8
2946.1, -15, -8
2946.2, -15, -8
2946.3, -15, -8
2946.4, -15, -8
2946.5, -15, -8
2946.6, -15, -8
2946.7, -15, -8
2946.8, -15, -8
2946.9, -15, -8
2947, -15, -8
2947.1, -15, -8
2947.2, -15, -8
2947.3, -15, -8
2947.4, -15, -8
2947.5, -15, -8
2947.6, -15, -8
2947.7, -15, -8
2947.8, -15, -8
2947.9, -15, -8
2948, -15, -8
2948.1, -15, -8
2948.2, -15, -8
2948.3, -15, -8
2948.4, -15, -8
2948.5, -15, -8
2948.6, -15, -8
2948.7, -15, -8
2948.8, -15, -8
2948.9, -15, -8
2949, -15, -8
2949.1, -15, -8
2949.2, -15, -8
2949.3, -15, -8
2949.4, -15, -8
2949.5, -15, -8
2949.6, -15, -8
2949.7, -15, -8
2949.8, -15, -8
2949.9, -15, -8
2950, -15, -8
2950.1, -15, -8
2950.2, -15, -8
2950.3, -15, -8
2950.4, -15, -8
2950.5, -15, -8
2950.6, -15, -8
2950.7, -15, -8
2950.8, -15, -8
2950.9, -16, -8
2951, -16, -8
2951.1, -16, -7
2951.2, -16, -7
2951.3, -16, -7
2951.4, -16, -7
2951.5, -16, -7
2951.6, -16, -7
2951.7, -16, -7
2951.8, -16, -7
2951.9, -16, -7
2952, -16, -7
2952.1, -15, -7
2952.2, -15, -7
2952.3, -15, -7
2952.4, -15, -7
2952.5, -15, -8
2952.6, -15, -8
2952.7, -15, -8
2952.8, -15, -8
2952.9, -15, -8
2953, -15, -8
2953.1, -16, -8
2953.2, -16, -8
2953.3, -16, -8
2953.4, -16, -8
2953.5, -16, -8
2953.6, -16, -8
2953.7, -16, -8
2953.8, -16, -8
2953.9, -16, -8
2954, -16, -8
2954.1, -16, -8
2954.2, -16, -8
2954.3, -16, -8
2954.4, -16, -8
2954.5, -16, -8
2954.6, -16, -8
2954.7, -16, -8
2954.8, -16, -8
2954.9, -16, -8
2955, -16, -8
2955.1, -16, -8
2955.2, -16, -8
2955.3, -16, -8
2955.4, -16, -8
2955.5, -16, -8
2955.6, -16, -8
2955.7, -16, -8
2955.8, -16, -8
2955.9, -16, -8
2956, -16, -8
2956.1, -16, -8
2956.2, -16, -8
2956.3, -16, -8
2956.4, -16, -8
2956.5, -16, -8
2956.6, -16, -8
2956.7, -16, -8
2956.8, -16, -8
2956.9, -16, -8
2957, -16, -8
2957.1, -16, -8
2957.2, -16, -8
2957.3, -16, -8
2957.4, -16, -8
2957.5, -16, -8
2957.6, -16, -8
2957.7, -16, -8
2957.8, -16, -8
2957.9, -16, -8
2958, -16, -8
2958.1, -16, -8
2958.2, -16, -8
2958.3, -16, -8
2958.4, -16, -8
2958.5, -16, -8
2958.6, -16, -8
2958.7, -16, -8
2958.8, -16, -8
2958.9, -16, -8
2959, -16, -8
2959.1, -16, -8
2959.2, -16, -8
2959.3, -15, -8
2959.4, -15, -8
2959.5, -15, -8
2959.6, -15, -8
2959.7, -15, -8
2959.8, -15, -8
2959.9, -15, -8
2960, -15, -8
2960.1, -15, -8
2960.2, -15, -8
2960.3, -15, -8
2960.4, -15, -8
2960.5, -15, -8
2960.6, -15, -8
2960.7, -15, -8
2960.8, -15, -8
2960.9, -15, -8
2961, -15, -8
2961.1, -15, -8
2961.2, -15, -8
2961.3, -15, -8
2961.4, -15, -8
2961.5, -16, -8
2961.6, -16, -8
2961.7, -16, -8
2961.8, -16, -8
2961.9, -16, -8
2962, -16, -8
2962.1, -16, -8
2962.2, -16, -8
2962.3, -16, -8
2962.4, -16, -8
2962.5, -16, -8
2962.6, -16, -8
2962.7, -16, -8
2962.8, -16, -8
2962.9, -16, -8
2963, -16, -8
2963.1, -16, -8
2963.2, -16, -8
2963.3, -16, -8
2963.4, -16, -8
2963.5, -16, -8
2963.6, -16, -8
2963.7, -16, -8
2963.8, -16, -8
2963.9, -16, -8
2964, -16, -8
2964.1, -16, -8
2964.2, -16, -8
2964.3, -16, -8
2964.4, -16, -8
2964.5, -16, -8
2964.6, -16, -8
2964.7, -16, -8
2964.8, -16, -8
2964.9, -16, -8
2965, -16, -8
2965.1, -16, -8
2965.2, -16, -8
2965.3, -16, -8
2965.4, -16, -8
2965.5, -16, -8
2965.6, -16, -8
2965.7, -16, -8
2965.8, -16, -8
2965.9, -16, -8
2966, -16, -8
2966.1, -16, -8
2966.2, -16, -8
2966.3, -16, -8
2966.4, -16, -8
2966.5, -16, -8
2966.6, -16, -8
2966.7, -16, -8
2966.8, -16, -8
2966.9, -16, -9
2967, -16, -9
2967.1, -16, -9
2967.2, -16, -9
2967.3, -16, -9
2967.4, -16, -9
2967.5, -16, -9
2967.6, -16, -9
2967.7, -16, -9
2967.8, -16, -9
2967.9, -16, -9
2968, -16, -9
2968.1, -16, -9
2968.2, -16, -9
2968.3, -16, -9
2968.4, -16, -9
2968.5, -16, -8
2968.6, -16, -8
2968.7, -16, -8
2968.8, -16, -8
2968.9, -16, -8
2969, -16, -8
2969.1, -16, -8
2969.2, -16, -8
2969.3, -16, -8
2969.4, -16, -8
2969.5, -16, -7
2969.6, -16, -7
2969.7, -16, -7
2969.8, -16, -7
2969.9, -16, -7
2970, -16, -7
2970.1, -16, -7
2970.2, -16, -7
2970.3, -16, -7
2970.4, -16, -7
2970.5, -16, -7
2970.6, -16, -7
2970.7, -16, -7
2970.8, -16, -7
2970.9, -16, -7
2971, -16, -7
2971.1, -16, -7
2971.2, -16, -7
2971.3, -16, -7
2971.4, -16, -7
2971.5, -16, -7
2971.6, -16, -7
2971.7, -16, -7
2971.8, -16, -7
2971.9, -16, -7
2972, -16, -7
2972.1, -16, -7
2972.2, -16, -7
2972.3, -16, -7
2972.4, -16, -7
2972.5, -16, -7
2972.6, -16, -7
2972.7, -16, -7
2972.8, -16, -7
2972.9, -16, -7
2973, -16, -7
2973.1, -16, -7
2973.2, -16, -7
2973.3, -16, -7
2973.4, -16, -7
2973.5, -16, -7
2973.6, -16, -7
2973.7, -16, -7
2973.8, -16, -7
2973.9, -16, -7
2974, -16, -7
2974.1, -16, -7
2974.2, -16, -7
2974.3, -16, -7
2974.4, -16, -7
2974.5, -16, -7
2974.6, -16, -7
2974.7, -16, -7
2974.8, -16, -7
2974.9, -16, -7
2975, -16, -7
2975.1, -16, -7
2975.2, -16, -7
2975.3, -16, -7
2975.4, -16, -7
2975.5, -16, -7
2975.6, -16, -7
2975.7, -16, -7
2975.8, -16, -7
2975.9, -16, -7
2976, -16, -7
2976.1, -16, -7
2976.2, -16, -7
2976.3, -16, -7
2976.4, -16, -7
2976.5, -16, -7
2976.6, -16, -7
2976.7, -16, -7
2976.8, -16, -7
2976.9, -16, -7
2977, -16, -7
2977.1, -16, -7
2977.2, -16, -7
2977.3, -16, -8
2977.4, -16, -8
2977.5, -16, -7
2977.6, -16, -7
2977.7, -16, -7
2977.8, -16, -7
2977.9, -16, -8
2978, -16, -8
2978.1, -16, -8
2978.2, -16, -8
2978.3, -16, -8
2978.4, -16, -8
2978.5, -16, -8
2978.6, -16, -8
2978.7, -16, -8
2978.8, -16, -8
2978.9, -16, -8
2979, -16, -8
2979.1, -16, -8
2979.2, -16, -8
2979.3, -16, -8
2979.4, -16, -8
2979.5, -16, -8
2979.6, -16, -8
2979.7, -16, -8
2979.8, -16, -8
2979.9, -16, -8
2980, -16, -8
2980.1, -16, -8
2980.2, -16, -8
2980.3, -16, -8
2980.4, -16, -8
2980.5, -16, -8
2980.6, -16, -8
2980.7, -16, -8
2980.8, -16, -8
2980.9, -16, -8
2981, -16, -8
2981.1, -16, -8
2981.2, -16, -8
2981.3, -16, -8
2981.4, -16, -8
2981.5, -16, -9
2981.6, -16, -9
2981.7, -16, -9
2981.8, -16, -9
2981.9, -16, -9
2982, -16, -9
2982.1, -16, -9
2982.2, -16, -9
2982.3, -16, -9
2982.4, -16, -9
2982.5, -16, -9
2982.6, -16, -9
2982.7, -16, -9
2982.8, -16, -9
2982.9, -16, -9
2983, -16, -9
2983.1, -16, -9
2983.2, -16, -9
2983.3, -16, -9
2983.4, -16, -9
2983.5, -16, -10
2983.6, -16, -10
2983.7, -16, -10
2983.8, -16, -10
2983.9, -16, -11
2984, -16, -11
2984.1, -16, -11
2984.2, -16, -11
2984.3, -16, -11
2984.4, -16, -11
2984.5, -16, -11
2984.6, -16, -11
2984.7, -16, -11
2984.8, -16, -11
2984.9, -16, -11
2985, -16, -11
2985.1, -16, -11
2985.2, -16, -11
2985.3, -16, -11
2985.4, -16, -11
2985.5, -16, -11
2985.6, -16, -11
2985.7, -16, -11
2985.8, -16, -11
2985.9, -16, -11
2986, -16, -11
2986.1, -16, -11
2986.2, -16, -11
2986.3, -16, -11
2986.4, -16, -11
2986.5, -16, -11
2986.6, -16, -11
2986.7, -16, -11
2986.8, -16, -11
2986.9, -16, -11
2987, -16, -11
2987.1, -16, -11
2987.2, -16, -11
2987.3, -17, -11
2987.4, -17, -11
2987.5, -17, -11
2987.6, -17, -11
2987.7, -17, -11
2987.8, -17, -11
2987.9, -17, -11
2988, -17, -11
2988.1, -17, -11
2988.2, -17, -11
2988.3, -17, -11
2988.4, -17, -11
2988.5, -17, -11
2988.6, -17, -11
2988.7, -17, -11
2988.8, -17, -11
2988.9, -17, -11
2989, -17, -11
2989.1, -17, -11
2989.2, -17, -11
2989.3, -16, -11
2989.4, -16, -11
2989.5, -16, -11
2989.6, -16, -11
2989.7, -16, -11
2989.8, -16, -11
2989.9, -16, -11
2990, -16, -11
2990.1, -16, -11
2990.2, -16, -11
2990.3, -16, -11
2990.4, -16, -11
2990.5, -16, -11
2990.6, -16, -11
2990.7, -16, -11
2990.8, -16, -11
2990.9, -16, -11
2991, -16, -11
2991.1, -16, -11
2991.2, -16, -11
2991.3, -16, -10
2991.4, -16, -10
2991.5, -16, -11
2991.6, -16, -11
2991.7, -16, -11
2991.8, -16, -11
2991.9, -16, -11
2992, -16, -11
2992.1, -16, -11
2992.2, -16, -11
2992.3, -16, -11
2992.4, -16, -11
2992.5, -16, -11
2992.6, -16, -11
2992.7, -16, -11
2992.8, -16, -11
2992.9, -16, -11
2993, -16, -11
2993.1, -16, -11
2993.2, -16, -11
2993.3, -16, -11
2993.4, -16, -11
2993.5, -16, -10
2993.6, -16, -10
2993.7, -16, -10
2993.8, -16, -10
2993.9, -16, -10
2994, -16, -10
2994.1, -16, -10
2994.2, -16, -10
2994.3, -16, -10
2994.4, -16, -10
2994.5, -16, -10
2994.6, -16, -10
2994.7, -16, -10
2994.8, -16, -10
2994.9, -16, -10
2995, -16, -10
2995.1, -17, -10
2995.2, -17, -10
2995.3, -17, -10
2995.4, -17, -10
2995.5, -17, -10
2995.6, -17, -10
2995.7, -17, -10
2995.8, -17, -10
2995.9, -17, -10
2996, -17, -10
2996.1, -17, -9
2996.2, -17, -9
2996.3, -17, -9
2996.4, -17, -9
2996.5, -17, -9
2996.6, -17, -9
2996.7, -17, -9
2996.8, -17, -9
2996.9, -17, -9
2997, -17, -9
2997.1, -17, -9
2997.2, -17, -9
2997.3, -17, -9
2997.4, -17, -9
2997.5, -17, -9
2997.6, -17, -9
2997.7, -17, -9
2997.8, -17, -9
2997.9, -17, -9
2998, -17, -9
2998.1, -17, -9
2998.2, -17, -9
2998.3, -17, -9
2998.4, -17, -9
2998.5, -17, -9
2998.6, -17, -9
2998.7, -18, -9
2998.8, -18, -9
2998.9, -18, -9
2999, -18, -9
2999.1, -18, -10
2999.2, -18, -10
2999.3, -18, -10
2999.4, -18, -10
2999.5, -18, -10
2999.6, -18, -10
2999.7, -18, -10
2999.8, -18, -10
2999.9, -18, -10
3000, -18, -10
3000.1, -18, -10
3000.2, -18, -10
3000.3, -18, -10
3000.4, -18, -10
3000.5, -18, -10
3000.6, -18, -10
3000.7, -18, -10
3000.8, -18, -10
3000.9, -18, -9
3001, -18, -9
3001.1, -18, -9
3001.2, -18, -9
3001.3, -18, -9
3001.4, -18, -9
3001.5, -18, -9
3001.6, -18, -9
3001.7, -18, -9
3001.8, -18, -9
3001.9, -18, -9
3002, -18, -9
3002.1, -17, -9
3002.2, -17, -9
3002.3, -17, -9
3002.4, -17, -9
3002.5, -18, -9
3002.6, -18, -9
3002.7, -18, -9
3002.8, -18, -9
3002.9, -18, -9
3003, -18, -9
3003.1, -18, -9
3003.2, -18, -9
3003.3, -18, -9
3003.4, -18, -9
3003.5, -18, -9
3003.6, -18, -9
3003.7, -18, -9
3003.8, -18, -9
3003.9, -18, -9
3004, -18, -9
3004.1, -17, -9
3004.2, -17, -9
3004.3, -17, -9
3004.4, -17, -9
3004.5, -17, -9
3004.6, -17, -9
3004.7, -17, -9
3004.8, -17, -9
3004.9, -17, -9
3005, -17, -9
3005.1, -17, -9
3005.2, -17, -9
3005.3, -17, -9
3005.4, -17, -9
3005.5, -17, -9
3005.6, -17, -9
3005.7, -17, -9
3005.8, -17, -9
3005.9, -17, -9
3006, -17, -9
3006.1, -17, -9
3006.2, -17, -9
3006.3, -17, -9
3006.4, -17, -9
3006.5, -17, -9
3006.6, -17, -9
3006.7, -17, -9
3006.8, -17, -9
3006.9, -17, -9
3007, -17, -9
3007.1, -17, -9
3007.2, -17, -9
3007.3, -17, -9
3007.4, -17, -9
3007.5, -17, -10
3007.6, -17, -10
3007.7, -17, -10
3007.8, -17, -10
3007.9, -17, -10
3008, -17, -10
3008.1, -17, -10
3008.2, -17, -10
3008.3, -17, -10
3008.4, -17, -10
3008.5, -17, -10
3008.6, -17, -10
3008.7, -17, -10
3008.8, -17, -10
3008.9, -17, -10
3009, -17, -10
3009.1, -17, -10
3009.2, -17, -10
3009.3, -17, -10
3009.4, -17, -10
3009.5, -17, -10
3009.6, -17, -10
3009.7, -18, -10
3009.8, -18, -10
3009.9, -18, -10
3010, -18, -10
3010.1, -18, -10
3010.2, -18, -10
3010.3, -19, -10
3010.4, -19, -10
3010.5, -19, -10
3010.6, -19, -10
3010.7, -18, -10
3010.8, -18, -10
3010.9, -18, -10
3011, -18, -10
3011.1, -18, -10
3011.2, -18, -10
3011.3, -18, -10
3011.4, -18, -10
3011.5, -18, -10
3011.6, -18, -10
3011.7, -18, -10
3011.8, -18, -10
3011.9, -18, -10
3012, -18, -10
3012.1, -18, -11
3012.2, -18, -11
3012.3, -18, -11
3012.4, -18, -11
3012.5, -18, -11
3012.6, -18, -11
3012.7, -18, -11
3012.8, -18, -11
3012.9, -18, -11
3013, -18, -11
3013.1, -18, -11
3013.2, -18, -11
3013.3, -18, -11
3013.4, -18, -11
3013.5, -18, -11
3013.6, -18, -11
3013.7, -18, -11
3013.8, -18, -11
3013.9, -18, -11
3014, -18, -11
3014.1, -18, -11
3014.2, -18, -11
3014.3, -18, -11
3014.4, -18, -11
3014.5, -18, -11
3014.6, -18, -11
3014.7, -18, -11
3014.8, -18, -11
3014.9, -18, -11
3015, -18, -11
3015.1, -18, -11
3015.2, -18, -11
3015.3, -19, -11
3015.4, -19, -11
3015.5, -19, -11
3015.6, -19, -11
3015.7, -19, -11
3015.8, -19, -11
3015.9, -18, -11
3016, -18, -11
3016.1, -18, -11
3016.2, -18, -11
3016.3, -18, -11
3016.4, -18, -11
3016.5, -18, -11
3016.6, -18, -11
3016.7, -18, -11
3016.8, -18, -11
3016.9, -18, -11
3017, -18, -11
3017.1, -18, -11
3017.2, -18, -11
3017.3, -18, -11
3017.4, -18, -11
3017.5, -18, -11
3017.6, -18, -11
3017.7, -18, -11
3017.8, -18, -11
3017.9, -18, -11
3018, -18, -11
3018.1, -18, -11
3018.2, -18, -11
3018.3, -18, -11
3018.4, -18, -11
3018.5, -18, -11
3018.6, -18, -11
3018.7, -18, -11
3018.8, -18, -11
3018.9, -18, -11
3019, -18, -11
3019.1, -18, -11
3019.2, -18, -11
3019.3, -18, -11
3019.4, -18, -11
3019.5, -18, -11
3019.6, -18, -11
3019.7, -18, -11
3019.8, -18, -11
3019.9, -18, -11
3020, -18, -11
3020.1, -18, -10
3020.2, -18, -10
3020.3, -18, -10
3020.4, -18, -10
3020.5, -18, -11
3020.6, -18, -11
3020.7, -19, -11
3020.8, -19, -11
3020.9, -19, -11
3021, -19, -11
3021.1, -19, -11
3021.2, -19, -11
3021.3, -19, -11
3021.4, -19, -11
3021.5, -18, -11
3021.6, -18, -11
3021.7, -18, -11
3021.8, -18, -11
3021.9, -18, -11
3022, -18, -11
3022.1, -18, -11
3022.2, -18, -11
3022.3, -18, -11
3022.4, -18, -11
3022.5, -18, -11
3022.6, -18, -11
3022.7, -18, -11
3022.8, -18, -11
3022.9, -18, -11
3023, -18, -11
3023.1, -18, -11
3023.2, -18, -11
3023.3, -18, -11
3023.4, -18, -11
3023.5, -18, -11
3023.6, -18, -11
3023.7, -18, -10
3023.8, -18, -10
3023.9, -18, -10
3024, -18, -10
3024.1, -18, -10
3024.2, -18, -10
3024.3, -18, -10
3024.4, -18, -10
3024.5, -18, -10
3024.6, -18, -10
3024.7, -18, -10
3024.8, -18, -10
3024.9, -18, -10
3025, -18, -10
3025.1, -18, -10
3025.2, -18, -10
3025.3, -18, -10
3025.4, -18, -10
3025.5, -18, -10
3025.6, -18, -10
3025.7, -18, -10
3025.8, -18, -10
3025.9, -18, -10
3026, -18, -10
3026.1, -18, -10
3026.2, -18, -10
3026.3, -18, -10
3026.4, -18, -10
3026.5, -18, -10
3026.6, -18, -10
3026.7, -18, -10
3026.8, -18, -10
3026.9, -18, -10
3027, -18, -10
3027.1, -19, -10
3027.2, -19, -10
3027.3, -19, -10
3027.4, -19, -10
3027.5, -19, -10
3027.6, -19, -10
3027.7, -19, -10
3027.8, -19, -10
3027.9, -19, -10
3028, -19, -10
3028.1, -19, -10
3028.2, -19, -10
3028.3, -19, -10
3028.4, -19, -10
3028.5, -19, -10
3028.6, -19, -10
3028.7, -20, -10
3028.8, -20, -10
3028.9, -20, -10
3029, -20, -10
3029.1, -20, -10
3029.2, -20, -10
3029.3, -20, -11
3029.4, -20, -11
3029.5, -20, -11
3029.6, -20, -11
3029.7, -20, -10
3029.8, -20, -10
3029.9, -20, -10
3030, -20, -10
3030.1, -20, -10
3030.2, -20, -10
3030.3, -20, -10
3030.4, -20, -10
3030.5, -20, -10
3030.6, -20, -10
3030.7, -20, -10
3030.8, -20, -10
3030.9, -20, -11
3031, -20, -11
3031.1, -20, -11
3031.2, -20, -11
3031.3, -20, -11
3031.4, -20, -11
3031.5, -20, -11
3031.6, -20, -11
3031.7, -20, -11
3031.8, -20, -11
3031.9, -20, -11
3032, -20, -11
3032.1, -20, -11
3032.2, -20, -11
3032.3, -20, -11
3032.4, -20, -11
3032.5, -20, -11
3032.6, -20, -11
3032.7, -20, -11
3032.8, -20, -11
3032.9, -20, -11
3033, -20, -11
3033.1, -20, -11
3033.2, -20, -11
3033.3, -20, -11
3033.4, -20, -11
3033.5, -20, -11
3033.6, -20, -11
3033.7, -20, -11
3033.8, -20, -11
3033.9, -20, -11
3034, -20, -11
3034.1, -20, -11
3034.2, -20, -11
3034.3, -20, -11
3034.4, -20, -11
3034.5, -20, -11
3034.6, -20, -11
3034.7, -20, -11
3034.8, -20, -11
3034.9, -20, -11
3035, -20, -11
3035.1, -20, -11
3035.2, -20, -11
3035.3, -20, -11
3035.4, -20, -11
3035.5, -20, -11
3035.6, -20, -11
3035.7, -20, -11
3035.8, -20, -11
3035.9, -20, -11
3036, -20, -11
3036.1, -20, -11
3036.2, -20, -11
3036.3, -20, -11
3036.4, -20, -11
3036.5, -20, -11
3036.6, -20, -11
3036.7, -20, -11
3036.8, -20, -11
3036.9, -20, -11
3037, -20, -11
3037.1, -20, -11
3037.2, -20, -11
3037.3, -20, -11
3037.4, -20, -11
3037.5, -20, -11
3037.6, -20, -11
3037.7, -20, -11
3037.8, -20, -11
3037.9, -20, -11
3038, -20, -11
3038.1, -20, -11
3038.2, -20, -11
3038.3, -20, -11
3038.4, -20, -11
3038.5, -20, -11
3038.6, -20, -11
3038.7, -20, -11
3038.8, -20, -11
3038.9, -20, -12
3039, -20, -12
3039.1, -20, -12
3039.2, -20, -12
3039.3, -20, -12
3039.4, -20, -12
3039.5, -20, -12
3039.6, -20, -12
3039.7, -20, -12
3039.8, -20, -12
3039.9, -20, -12
3040, -20, -12
3040.1, -20, -12
3040.2, -20, -12
3040.3, -20, -12
3040.4, -20, -12
3040.5, -20, -12
3040.6, -20, -12
3040.7, -20, -12
3040.8, -20, -12
3040.9, -20, -12
3041, -20, -12
3041.1, -20, -12
3041.2, -20, -12
3041.3, -20, -12
3041.4, -20, -12
3041.5, -20, -12
3041.6, -20, -12
3041.7, -20, -12
3041.8, -20, -12
3041.9, -20, -12
3042, -20, -12
3042.1, -20, -12
3042.2, -20, -12
3042.3, -20, -12
3042.4, -20, -12
3042.5, -19, -12
3042.6, -19, -12
3042.7, -19, -12
3042.8, -19, -12
3042.9, -19, -12
3043, -19, -12
3043.1, -19, -13
3043.2, -19, -13
3043.3, -19, -13
3043.4, -19, -13
3043.5, -19, -13
3043.6, -19, -13
3043.7, -19, -13
3043.8, -19, -13
3043.9, -19, -13
3044, -19, -13
3044.1, -20, -13
3044.2, -20, -13
3044.3, -20, -13
3044.4, -20, -13
3044.5, -21, -13
3044.6, -21, -13
3044.7, -21, -13
3044.8, -21, -13
3044.9, -21, -13
3045, -21, -13
3045.1, -21, -13
3045.2, -21, -13
3045.3, -21, -13
3045.4, -21, -13
3045.5, -21, -13
3045.6, -21, -13
3045.7, -21, -13
3045.8, -21, -13
3045.9, -21, -13
3046, -21, -13
3046.1, -21, -13
3046.2, -21, -13
3046.3, -21, -13
3046.4, -21, -13
3046.5, -21, -13
3046.6, -21, -13
3046.7, -21, -13
3046.8, -21, -13
3046.9, -21, -13
3047, -21, -13
3047.1, -21, -13
3047.2, -21, -13
3047.3, -21, -13
3047.4, -21, -13
3047.5, -21, -13
3047.6, -21, -13
3047.7, -21, -13
3047.8, -21, -13
3047.9, -21, -13
3048, -21, -13
3048.1, -21, -13
3048.2, -21, -13
3048.3, -21, -13
3048.4, -21, -13
3048.5, -21, -13
3048.6, -21, -13
3048.7, -21, -13
3048.8, -21, -13
3048.9, -21, -13
3049, -21, -13
3049.1, -21, -13
3049.2, -21, -13
3049.3, -21, -13
3049.4, -21, -13
3049.5, -21, -13
3049.6, -21, -13
3049.7, -21, -12
3049.8, -21, -12
3049.9, -21, -12
3050, -21, -12
3050.1, -21, -12
3050.2, -21, -12
3050.3, -21, -12
3050.4, -21, -12
3050.5, -21, -12
3050.6, -21, -12
3050.7, -21, -12
3050.8, -21, -12
3050.9, -21, -12
3051, -21, -12
3051.1, -21, -12
3051.2, -21, -12
3051.3, -21, -12
3051.4, -21, -12
3051.5, -21, -12
3051.6, -21, -12
3051.7, -21, -12
3051.8, -21, -12
3051.9, -21, -12
3052, -21, -12
3052.1, -21, -12
3052.2, -21, -12
3052.3, -21, -12
3052.4, -21, -12
3052.5, -21, -12
3052.6, -21, -12
3052.7, -22, -12
3052.8, -22, -12
3052.9, -22, -11
3053, -22, -11
3053.1, -22, -11
3053.2, -22, -11
3053.3, -22, -10
3053.4, -22, -10
3053.5, -22, -10
3053.6, -22, -10
3053.7, -22, -10
3053.8, -22, -10
3053.9, -22, -10
3054, -22, -10
3054.1, -22, -10
3054.2, -22, -10
3054.3, -22, -10
3054.4, -22, -10
3054.5, -22, -10
3054.6, -22, -10
3054.7, -22, -10
3054.8, -22, -10
3054.9, -22, -10
3055, -22, -10
3055.1, -22, -10
3055.2, -22, -10
3055.3, -22, -10
3055.4, -22, -10
3055.5, -22, -10
3055.6, -22, -10
3055.7, -22, -10
3055.8, -22, -10
3055.9, -22, -10
3056, -22, -10
3056.1, -22, -10
3056.2, -22, -10
3056.3, -22, -10
3056.4, -22, -10
3056.5, -22, -10
3056.6, -22, -10
3056.7, -22, -10
3056.8, -22, -10
3056.9, -22, -10
3057, -22, -10
3057.1, -22, -10
3057.2, -22, -10
3057.3, -22, -10
3057.4, -22, -10
3057.5, -22, -10
3057.6, -22, -10
3057.7, -22, -10
3057.8, -22, -10
3057.9, -22, -10
3058, -22, -10
3058.1, -22, -10
3058.2, -22, -10
3058.3, -22, -10
3058.4, -22, -10
3058.5, -22, -10
3058.6, -22, -10
3058.7, -22, -10
3058.8, -22, -10
3058.9, -22, -10
3059, -22, -10
3059.1, -22, -10
3059.2, -22, -10
3059.3, -22, -10
3059.4, -22, -10
3059.5, -22, -10
3059.6, -22, -10
3059.7, -22, -10
3059.8, -22, -10
3059.9, -22, -10
3060, -22, -10
3060.1, -22, -10
3060.2, -22, -10
3060.3, -22, -10
3060.4, -22, -10
3060.5, -22, -10
3060.6, -22, -10
3060.7, -21, -10
3060.8, -21, -10
3060.9, -21, -10
3061, -21, -10
3061.1, -21, -10
3061.2, -21, -10
3061.3, -21, -10
3061.4, -21, -10
3061.5, -21, -10
3061.6, -21, -10
3061.7, -21, -10
3061.8, -21, -10
3061.9, -21, -10
3062, -21, -10
3062.1, -21, -10
3062.2, -21, -10
3062.3, -21, -10
3062.4, -21, -10
3062.5, -21, -10
3062.6, -21, -10
3062.7, -21, -10
3062.8, -21, -10
3062.9, -20, -10
3063, -20, -10
3063.1, -20, -10
3063.2, -20, -10
3063.3, -20, -11
3063.4, -20, -11
3063.5, -20, -11
3063.6, -20, -11
3063.7, -20, -11
3063.8, -20, -11
3063.9, -20, -11
3064, -20, -11
3064.1, -20, -11
3064.2, -20, -11
3064.3, -20, -11
3064.4, -20, -11
3064.5, -20, -11
3064.6, -20, -11
3064.7, -20, -11
3064.8, -20, -11
3064.9, -20, -11
3065, -20, -11
3065.1, -20, -11
3065.2, -20, -11
3065.3, -20, -11
3065.4, -20, -11
3065.5, -20, -11
3065.6, -20, -11
3065.7, -20, -11
3065.8, -20, -11
3065.9, -20, -11
3066, -20, -11
3066.1, -20, -11
3066.2, -20, -11
3066.3, -20, -11
3066.4, -20, -11
3066.5, -19, -11
3066.6, -19, -11
3066.7, -19, -11
3066.8, -19, -11
3066.9, -19, -11
3067, -19, -11
3067.1, -19, -11
3067.2, -19, -11
3067.3, -19, -11
3067.4, -19, -11
3067.5, -19, -11
3067.6, -19, -11
3067.7, -19, -11
3067.8, -19, -11
3067.9, -19, -11
3068, -19, -11
3068.1, -19, -11
3068.2, -19, -11
3068.3, -19, -11
3068.4, -19, -11
3068.5, -19, -11
3068.6, -19, -11
3068.7, -19, -11
3068.8, -19, -11
3068.9, -19, -11
3069, -19, -11
3069.1, -19, -11
3069.2, -19, -11
3069.3, -19, -11
3069.4, -19, -11
3069.5, -19, -11
3069.6, -19, -11
3069.7, -19, -11
3069.8, -19, -11
3069.9, -19, -11
3070, -19, -11
3070.1, -19, -11
3070.2, -19, -11
3070.3, -19, -11
3070.4, -19, -11
3070.5, -19, -11
3070.6, -19, -11
3070.7, -19, -10
3070.8, -19, -10
3070.9, -19, -10
3071, -19, -10
3071.1, -19, -10
3071.2, -19, -10
3071.3, -19, -10
3071.4, -19, -10
3071.5, -19, -10
3071.6, -19, -10
3071.7, -19, -10
3071.8, -19, -10
3071.9, -19, -10
3072, -19, -10
3072.1, -19, -10
3072.2, -19, -10
3072.3, -19, -10
3072.4, -19, -10
3072.5, -19, -10
3072.6, -19, -10
3072.7, -19, -10
3072.8, -19, -10
3072.9, -19, -10
3073, -19, -10
3073.1, -19, -10
3073.2, -19, -10
3073.3, -18, -10
3073.4, -18, -10
3073.5, -18, -10
3073.6, -18, -10
3073.7, -18, -10
3073.8, -18, -10
3073.9, -18, -10
3074, -18, -10
3074.1, -17, -10
3074.2, -17, -10
3074.3, -17, -10
3074.4, -17, -10
3074.5, -17, -10
3074.6, -17, -10
3074.7, -17, -10
3074.8, -17, -10
3074.9, -17, -10
3075, -17, -10
3075.1, -17, -10
3075.2, -17, -10
3075.3, -17, -10
3075.4, -17, -10
3075.5, -17, -10
3075.6, -17, -10
3075.7, -17, -10
3075.8, -17, -10
3075.9, -18, -10
3076, -18, -10
3076.1, -18, -10
3076.2, -18, -10
3076.3, -18, -10
3076.4, -18, -10
3076.5, -18, -10
3076.6, -18, -10
3076.7, -18, -9
3076.8, -18, -9
3076.9, -18, -9
3077, -18, -9
3077.1, -18, -9
3077.2, -18, -9
3077.3, -18, -9
3077.4, -18, -9
3077.5, -18, -9
3077.6, -18, -9
3077.7, -18, -9
3077.8, -18, -9
3077.9, -18, -9
3078, -18, -9
3078.1, -18, -9
3078.2, -18, -9
3078.3, -18, -9
3078.4, -18, -9
3078.5, -18, -9
3078.6, -18, -9
3078.7, -18, -8
3078.8, -18, -8
3078.9, -18, -8
3079, -18, -8
3079.1, -18, -8
3079.2, -18, -8
3079.3, -18, -8
3079.4, -18, -8
3079.5, -18, -8
3079.6, -18, -8
3079.7, -18, -8
3079.8, -18, -8
3079.9, -18, -8
3080, -18, -8
3080.1, -18, -8
3080.2, -18, -8
3080.3, -18, -8
3080.4, -18, -8
3080.5, -18, -8
3080.6, -18, -8
3080.7, -18, -8
3080.8, -18, -8
3080.9, -18, -8
3081, -18, -8
3081.1, -18, -8
3081.2, -18, -8
3081.3, -17, -8
3081.4, -17, -8
3081.5, -17, -8
3081.6, -17, -8
3081.7, -18, -8
3081.8, -18, -8
3081.9, -18, -8
3082, -18, -8
3082.1, -18, -8
3082.2, -18, -8
3082.3, -18, -8
3082.4, -18, -8
3082.5, -18, -8
3082.6, -18, -8
3082.7, -18, -8
3082.8, -18, -8
3082.9, -18, -8
3083, -18, -8
3083.1, -17, -8
3083.2, -17, -8
3083.3, -17, -8
3083.4, -17, -8
3083.5, -17, -8
3083.6, -17, -8
3083.7, -17, -8
3083.8, -17, -8
3083.9, -17, -8
3084, -17, -8
3084.1, -17, -8
3084.2, -17, -8
3084.3, -17, -8
3084.4, -17, -8
3084.5, -17, -8
3084.6, -17, -8
3084.7, -17, -8
3084.8, -17, -8
3084.9, -17, -8
3085, -17, -8
3085.1, -17, -8
3085.2, -17, -8
3085.3, -17, -8
3085.4, -17, -8
3085.5, -17, -8
3085.6, -17, -8
3085.7, -17, -8
3085.8, -17, -8
3085.9, -17, -8
3086, -17, -8
3086.1, -17, -8
3086.2, -17, -8
3086.3, -17, -8
3086.4, -17, -8
3086.5, -17, -8
3086.6, -17, -8
3086.7, -17, -9
3086.8, -17, -9
3086.9, -17, -9
3087, -17, -9
3087.1, -17, -9
3087.2, -17, -9
3087.3, -17, -9
3087.4, -17, -9
3087.5, -17, -9
3087.6, -17, -9
3087.7, -17, -9
3087.8, -17, -9
3087.9, -17, -9
3088, -17, -9
3088.1, -17, -9
3088.2, -17, -9
3088.3, -17, -9
3088.4, -17, -9
3088.5, -17, -9
3088.6, -17, -9
3088.7, -17, -9
3088.8, -17, -9
3088.9, -17, -9
3089, -17, -9
3089.1, -17, -9
3089.2, -17, -9
3089.3, -17, -9
3089.4, -17, -9
3089.5, -17, -9
3089.6, -17, -9
3089.7, -17, -9
3089.8, -17, -9
3089.9, -17, -9
3090, -17, -9
3090.1, -17, -9
3090.2, -17, -9
3090.3, -17, -9
3090.4, -17, -9
3090.5, -17, -9
3090.6, -17, -9
3090.7, -17, -9
3090.8, -17, -9
3090.9, -17, -9
3091, -17, -9
3091.1, -17, -9
3091.2, -17, -9
3091.3, -17, -9
3091.4, -17, -9
3091.5, -17, -9
3091.6, -17, -9
3091.7, -17, -9
3091.8, -17, -9
3091.9, -17, -9
3092, -17, -9
3092.1, -17, -9
3092.2, -17, -9
3092.3, -17, -9
3092.4, -17, -9
3092.5, -17, -9
3092.6, -17, -9
3092.7, -17, -8
3092.8, -17, -8
3092.9, -17, -8
3093, -17, -8
3093.1, -17, -8
3093.2, -17, -8
3093.3, -17, -8
3093.4, -17, -8
3093.5, -17, -8
3093.6, -17, -8
3093.7, -17, -8
3093.8, -17, -8
3093.9, -17, -8
3094, -17, -8
3094.1, -17, -8
3094.2, -17, -8
3094.3, -17, -8
3094.4, -17, -8
3094.5, -17, -8
3094.6, -17, -8
3094.7, -17, -8
3094.8, -17, -8
3094.9, -17, -8
3095, -17, -8
3095.1, -17, -8
3095.2, -17, -8
3095.3, -17, -8
3095.4, -17, -8
3095.5, -17, -8
3095.6, -17, -8
3095.7, -17, -8
3095.8, -17, -8
3095.9, -17, -8
3096, -17, -8
3096.1, -17, -8
3096.2, -17, -8
3096.3, -17, -8
3096.4, -17, -8
3096.5, -17, -8
3096.6, -17, -8
3096.7, -17, -8
3096.8, -17, -8
3096.9, -17, -8
3097, -17, -8
3097.1, -17, -8
3097.2, -17, -8
3097.3, -17, -8
3097.4, -17, -8
3097.5, -17, -8
3097.6, -17, -8
3097.7, -17, -8
3097.8, -17, -8
3097.9, -17, -8
3098, -17, -8
3098.1, -17, -8
3098.2, -17, -8
3098.3, -17, -7
3098.4, -17, -7
3098.5, -17, -7
3098.6, -17, -7
3098.7, -17, -7
3098.8, -17, -7
3098.9, -17, -7
3099, -17, -7
3099.1, -17, -7
3099.2, -17, -7
3099.3, -17, -7
3099.4, -17, -7
3099.5, -17, -7
3099.6, -17, -7
3099.7, -16, -7
3099.8, -16, -7
3099.9, -16, -7
3100, -16, -7
3100.1, -16, -7
3100.2, -16, -7
3100.3, -16, -7
3100.4, -16, -7
3100.5, -16, -7
3100.6, -16, -7
3100.7, -16, -7
3100.8, -16, -7
3100.9, -16, -7
3101, -16, -7
3101.1, -16, -7
3101.2, -16, -7
3101.3, -16, -7
3101.4, -16, -7
3101.5, -16, -7
3101.6, -16, -7
3101.7, -16, -7
3101.8, -16, -7
3101.9, -16, -7
3102, -16, -7
3102.1, -16, -7
3102.2, -16, -7
3102.3, -16, -7
3102.4, -16, -7
3102.5, -16, -7
3102.6, -16, -7
3102.7, -16, -7
3102.8, -16, -7
3102.9, -16, -7
3103, -16, -7
3103.1, -16, -7
3103.2, -16, -7
3103.3, -16, -7
3103.4, -16, -7
3103.5, -16, -7
3103.6, -16, -7
3103.7, -16, -7
3103.8, -16, -7
3103.9, -16, -7
3104, -16, -7
3104.1, -16, -7
3104.2, -16, -7
3104.3, -16, -7
3104.4, -16, -7
3104.5, -16, -7
3104.6, -16, -7
3104.7, -16, -7
3104.8, -16, -7
3104.9, -16, -7
3105, -16, -7
3105.1, -16, -7
3105.2, -16, -7
3105.3, -16, -7
3105.4, -16, -7
3105.5, -16, -7
3105.6, -16, -7
3105.7, -16, -7
3105.8, -16, -7
3105.9, -16, -7
3106, -16, -7
3106.1, -16, -7
3106.2, -16, -7
3106.3, -16, -7
3106.4, -16, -7
3106.5, -16, -7
3106.6, -16, -7
3106.7, -16, -7
3106.8, -16, -7
3106.9, -16, -7
3107, -16, -7
3107.1, -16, -7
3107.2, -16, -7
3107.3, -16, -7
3107.4, -16, -7
3107.5, -16, -7
3107.6, -16, -7
3107.7, -16, -7
3107.8, -16, -7
3107.9, -16, -7
3108, -16, -7
3108.1, -16, -7
3108.2, -16, -7
3108.3, -16, -7
3108.4, -16, -7
3108.5, -16, -7
3108.6, -16, -7
3108.7, -16, -7
3108.8, -16, -7
3108.9, -16, -6
3109, -16, -6
3109.1, -16, -6
3109.2, -16, -6
3109.3, -16, -6
3109.4, -16, -6
3109.5, -16, -6
3109.6, -16, -6
3109.7, -16, -6
3109.8, -16, -6
3109.9, -16, -7
3110, -16, -7
3110.1, -16, -7
3110.2, -16, -7
3110.3, -16, -7
3110.4, -16, -7
3110.5, -16, -7
3110.6, -16, -7
3110.7, -16, -7
3110.8, -16, -7
3110.9, -16, -7
3111, -16, -7
3111.1, -16, -7
3111.2, -16, -7
3111.3, -16, -7
3111.4, -16, -7
3111.5, -16, -7
3111.6, -16, -7
3111.7, -16, -7
3111.8, -16, -7
3111.9, -16, -7
3112, -16, -7
3112.1, -16, -7
3112.2, -16, -7
3112.3, -15, -7
3112.4, -15, -7
3112.5, -15, -7
3112.6, -15, -7
3112.7, -15, -7
3112.8, -15, -7
3112.9, -15, -7
3113, -15, -7
3113.1, -15, -7
3113.2, -15, -7
3113.3, -15, -7
3113.4, -15, -7
3113.5, -15, -7
3113.6, -15, -7
3113.7, -15, -7
3113.8, -15, -7
3113.9, -15, -7
3114, -15, -7
3114.1, -15, -7
3114.2, -15, -7
3114.3, -15, -7
3114.4, -15, -7
3114.5, -15, -7
3114.6, -15, -7
3114.7, -15, -7
3114.8, -15, -7
3114.9, -15, -7
3115, -15, -7
3115.1, -15, -7
3115.2, -15, -7
3115.3, -15, -7
3115.4, -15, -7
3115.5, -15, -6
3115.6, -15, -6
3115.7, -15, -6
3115.8, -15, -6
3115.9, -15, -6
3116, -15, -6
3116.1, -15, -6
3116.2, -15, -6
3116.3, -15, -6
3116.4, -15, -6
3116.5, -15, -6
3116.6, -15, -6
3116.7, -15, -6
3116.8, -15, -6
3116.9, -15, -6
3117, -15, -6
3117.1, -15, -6
3117.2, -15, -6
3117.3, -15, -6
3117.4, -15, -6
3117.5, -15, -6
3117.6, -15, -6
3117.7, -15, -6
3117.8, -15, -6
3117.9, -15, -6
3118, -15, -6
3118.1, -15, -6
3118.2, -15, -6
3118.3, -15, -7
3118.4, -15, -7
3118.5, -15, -7
3118.6, -15, -7
3118.7, -15, -7
3118.8, -15, -7
3118.9, -15, -7
3119, -15, -7
3119.1, -15, -7
3119.2, -15, -7
3119.3, -15, -7
3119.4, -15, -7
3119.5, -15, -7
3119.6, -15, -7
3119.7, -15, -7
3119.8, -15, -7
3119.9, -15, -7
3120, -15, -7
3120.1, -15, -7
3120.2, -15, -7
3120.3, -15, -7
3120.4, -15, -7
3120.5, -15, -7
3120.6, -15, -7
3120.7, -15, -7
3120.8, -15, -7
3120.9, -15, -7
3121, -15, -7
3121.1, -15, -7
3121.2, -15, -7
3121.3, -15, -7
3121.4, -15, -7
3121.5, -16, -7
3121.6, -16, -7
3121.7, -16, -7
3121.8, -16, -7
3121.9, -16, -7
3122, -16, -7
3122.1, -16, -7
3122.2, -16, -7
3122.3, -16, -7
3122.4, -16, -7
3122.5, -16, -7
3122.6, -16, -7
3122.7, -16, -7
3122.8, -16, -7
3122.9, -16, -7
3123, -16, -7
3123.1, -16, -7
3123.2, -16, -7
3123.3, -16, -7
3123.4, -16, -7
3123.5, -16, -7
3123.6, -16, -7
3123.7, -16, -7
3123.8, -16, -7
3123.9, -16, -7
3124, -16, -7
3124.1, -16, -7
3124.2, -16, -7
3124.3, -16, -7
3124.4, -16, -7
3124.5, -16, -7
3124.6, -16, -7
3124.7, -16, -8
3124.8, -16, -8
3124.9, -16, -8
3125, -16, -8
3125.1, -16, -8
3125.2, -16, -8
3125.3, -16, -7
3125.4, -16, -7
3125.5, -16, -7
3125.6, -16, -7
3125.7, -16, -7
3125.8, -16, -7
3125.9, -16, -7
3126, -16, -7
3126.1, -16, -7
3126.2, -16, -7
3126.3, -16, -7
3126.4, -16, -7
3126.5, -16, -7
3126.6, -16, -7
3126.7, -16, -7
3126.8, -16, -7
3126.9, -16, -7
3127, -16, -7
3127.1, -16, -7
3127.2, -16, -7
3127.3, -16, -7
3127.4, -16, -7
3127.5, -16, -7
3127.6, -16, -7
3127.7, -16, -7
3127.8, -16, -7
3127.9, -16, -7
3128, -16, -7
3128.1, -16, -7
3128.2, -16, -7
3128.3, -16, -7
3128.4, -16, -7
3128.5, -16, -7
3128.6, -16, -7
3128.7, -16, -7
3128.8, -16, -7
3128.9, -16, -7
3129, -16, -7
3129.1, -16, -7
3129.2, -16, -7
3129.3, -16, -7
3129.4, -16, -7
3129.5, -16, -7
3129.6, -16, -7
3129.7, -16, -7
3129.8, -16, -7
3129.9, -16, -7
3130, -16, -7
3130.1, -16, -7
3130.2, -16, -7
3130.3, -16, -7
3130.4, -16, -7
3130.5, -16, -7
3130.6, -16, -7
3130.7, -16, -7
3130.8, -16, -7
3130.9, -16, -7
3131, -16, -7
3131.1, -16, -7
3131.2, -16, -7
3131.3, -16, -7
3131.4, -16, -7
3131.5, -16, -7
3131.6, -16, -7
3131.7, -16, -7
3131.8, -16, -7
3131.9, -16, -7
3132, -16, -7
3132.1, -16, -7
3132.2, -16, -7
3132.3, -16, -7
3132.4, -16, -7
3132.5, -16, -7
3132.6, -16, -7
3132.7, -16, -7
3132.8, -16, -7
3132.9, -16, -7
3133, -16, -7
3133.1, -16, -7
3133.2, -16, -7
3133.3, -16, -7
3133.4, -16, -7
3133.5, -16, -7
3133.6, -16, -7
3133.7, -16, -7
3133.8, -16, -7
3133.9, -16, -7
3134, -16, -7
3134.1, -16, -7
3134.2, -16, -7
3134.3, -16, -7
3134.4, -16, -7
3134.5, -16, -7
3134.6, -16, -7
3134.7, -16, -7
3134.8, -16, -7
3134.9, -16, -7
3135, -16, -7
3135.1, -16, -7
3135.2, -16, -7
3135.3, -16, -7
3135.4, -16, -7
3135.5, -16, -7
3135.6, -16, -7
3135.7, -16, -7
3135.8, -16, -7
3135.9, -16, -7
3136, -16, -7
3136.1, -16, -7
3136.2, -16, -7
3136.3, -16, -7
3136.4, -16, -7
3136.5, -16, -7
3136.6, -16, -7
3136.7, -16, -7
3136.8, -16, -7
3136.9, -16, -7
3137, -16, -7
3137.1, -16, -7
3137.2, -16, -7
3137.3, -16, -7
3137.4, -16, -7
3137.5, -16, -7
3137.6, -16, -7
3137.7, -16, -7
3137.8, -16, -7
3137.9, -16, -7
3138, -16, -7
3138.1, -16, -7
3138.2, -16, -7
3138.3, -16, -7
3138.4, -16, -7
3138.5, -16, -7
3138.6, -16, -7
3138.7, -16, -7
3138.8, -16, -7
3138.9, -15, -7
3139, -15, -7
3139.1, -15, -7
3139.2, -15, -7
3139.3, -15, -7
3139.4, -15, -7
3139.5, -15, -7
3139.6, -15, -7
3139.7, -15, -7
3139.8, -15, -7
3139.9, -15, -7
3140, -15, -7
3140.1, -15, -7
3140.2, -15, -7
3140.3, -15, -7
3140.4, -15, -7
3140.5, -15, -7
3140.6, -15, -7
3140.7, -15, -7
3140.8, -15, -7
3140.9, -15, -7
3141, -15, -7
3141.1, -15, -7
3141.2, -15, -7
3141.3, -15, -7
3141.4, -15, -7
3141.5, -15, -8
3141.6, -15, -8
3141.7, -15, -8
3141.8, -15, -8
3141.9, -15, -8
3142, -15, -8
3142.1, -15, -8
3142.2, -15, -8
3142.3, -15, -8
3142.4, -15, -8
3142.5, -15, -8
3142.6, -15, -8
3142.7, -15, -8
3142.8, -15, -8
3142.9, -15, -8
3143, -15, -8
3143.1, -15, -8
3143.2, -15, -8
3143.3, -15, -8
3143.4, -15, -8
3143.5, -15, -8
3143.6, -15, -8
3143.7, -15, -8
3143.8, -15, -8
3143.9, -15, -8
3144, -15, -8
3144.1, -15, -8
3144.2, -15, -8
3144.3, -15, -8
3144.4, -15, -8
3144.5, -15, -8
3144.6, -15, -8
3144.7, -15, -8
3144.8, -15, -8
3144.9, -15, -8
3145, -15, -8
3145.1, -15, -8
3145.2, -15, -8
3145.3, -15, -8
3145.4, -15, -8
3145.5, -15, -8
3145.6, -15, -8
3145.7, -15, -8
3145.8, -15, -8
3145.9, -15, -8
3146, -15, -8
3146.1, -15, -8
3146.2, -15, -8
3146.3, -15, -8
3146.4, -15, -8
3146.5, -15, -8
3146.6, -15, -8
3146.7, -15, -8
3146.8, -15, -8
3146.9, -15, -8
3147, -15, -8
3147.1, -15, -8
3147.2, -15, -8
3147.3, -15, -8
3147.4, -15, -8
3147.5, -15, -8
3147.6, -15, -8
3147.7, -15, -8
3147.8, -15, -8
3147.9, -15, -8
3148, -15, -8
3148.1, -15, -8
3148.2, -15, -8
3148.3, -15, -8
3148.4, -15, -8
3148.5, -15, -8
3148.6, -15, -8
3148.7, -15, -8
3148.8, -15, -8
3148.9, -15, -8
3149, -15, -8
3149.1, -15, -8
3149.2, -15, -8
3149.3, -15, -8
3149.4, -15, -8
3149.5, -15, -8
3149.6, -15, -8
3149.7, -15, -8
3149.8, -15, -8
3149.9, -15, -8
3150, -15, -8
3150.1, -15, -8
3150.2, -15, -8
3150.3, -15, -8
3150.4, -15, -8
3150.5, -15, -8
3150.6, -15, -8
3150.7, -15, -8
3150.8, -15, -8
3150.9, -15, -7
3151, -15, -7
3151.1, -15, -7
3151.2, -15, -7
3151.3, -15, -7
3151.4, -15, -7
3151.5, -15, -7
3151.6, -15, -7
3151.7, -16, -7
3151.8, -16, -7
3151.9, -16, -7
3152, -16, -7
3152.1, -16, -7
3152.2, -16, -7
3152.3, -16, -7
3152.4, -16, -7
3152.5, -16, -7
3152.6, -16, -7
3152.7, -16, -7
3152.8, -16, -7
3152.9, -16, -7
3153, -16, -7
3153.1, -16, -7
3153.2, -16, -7
3153.3, -16, -7
3153.4, -16, -7
3153.5, -16, -7
3153.6, -16, -7
3153.7, -16, -7
3153.8, -16, -7
3153.9, -16, -7
3154, -16, -7
3154.1, -16, -7
3154.2, -16, -7
3154.3, -16, -7
3154.4, -16, -7
3154.5, -16, -7
3154.6, -16, -7
3154.7, -16, -7
3154.8, -16, -7
3154.9, -16, -7
3155, -16, -7
3155.1, -16, -7
3155.2, -16, -7
3155.3, -16, -7
3155.4, -16, -7
3155.5, -16, -7
3155.6, -16, -7
3155.7, -16, -7
3155.8, -16, -7
3155.9, -17, -7
3156, -17, -7
3156.1, -17, -8
3156.2, -17, -8
3156.3, -17, -8
3156.4, -17, -8
3156.5, -17, -8
3156.6, -17, -8
3156.7, -17, -8
3156.8, -17, -8
3156.9, -17, -8
3157, -17, -8
3157.1, -17, -8
3157.2, -17, -8
3157.3, -17, -8
3157.4, -17, -8
3157.5, -17, -8
3157.6, -17, -8
3157.7, -17, -8
3157.8, -17, -8
3157.9, -17, -8
3158, -17, -8
3158.1, -17, -8
3158.2, -17, -8
3158.3, -17, -8
3158.4, -17, -8
3158.5, -17, -8
3158.6, -17, -8
3158.7, -17, -9
3158.8, -17, -9
3158.9, -17, -9
3159, -17, -9
3159.1, -17, -9
3159.2, -17, -9
3159.3, -18, -9
3159.4, -18, -9
3159.5, -18, -9
3159.6, -18, -9
3159.7, -18, -9
3159.8, -18, -9
3159.9, -18, -8
3160, -18, -8
3160.1, -18, -8
3160.2, -18, -8
3160.3, -18, -9
3160.4, -18, -9
3160.5, -18, -9
3160.6, -18, -9
3160.7, -18, -9
3160.8, -18, -9
3160.9, -18, -9
3161, -18, -9
3161.1, -18, -9
3161.2, -18, -9
3161.3, -18, -9
3161.4, -18, -9
3161.5, -18, -9
3161.6, -18, -9
3161.7, -18, -9
3161.8, -18, -9
3161.9, -18, -10
3162, -18, -10
3162.1, -18, -10
3162.2, -18, -10
3162.3, -18, -11
3162.4, -18, -11
3162.5, -18, -11
3162.6, -18, -11
3162.7, -18, -11
3162.8, -18, -11
3162.9, -18, -11
3163, -18, -11
3163.1, -18, -11
3163.2, -18, -11
3163.3, -18, -11
3163.4, -18, -11
3163.5, -18, -11
3163.6, -18, -11
3163.7, -18, -11
3163.8, -18, -11
3163.9, -18, -11
3164, -18, -11
3164.1, -18, -11
3164.2, -18, -11
3164.3, -18, -11
3164.4, -18, -11
3164.5, -18, -11
3164.6, -18, -11
3164.7, -18, -10
3164.8, -18, -10
3164.9, -17, -10
3165, -17, -10
3165.1, -17, -10
3165.2, -17, -10
3165.3, -17, -10
3165.4, -17, -10
3165.5, -17, -10
3165.6, -17, -10
3165.7, -17, -10
3165.8, -17, -10
3165.9, -17, -10
3166, -17, -10
3166.1, -17, -10
3166.2, -17, -10
3166.3, -17, -10
3166.4, -17, -10
3166.5, -17, -10
3166.6, -17, -10
3166.7, -17, -10
3166.8, -17, -10
3166.9, -17, -10
3167, -17, -10
3167.1, -17, -10
3167.2, -17, -10
3167.3, -17, -10
3167.4, -17, -10
3167.5, -17, -10
3167.6, -17, -10
3167.7, -17, -10
3167.8, -17, -10
3167.9, -17, -10
3168, -17, -10
3168.1, -17, -10
3168.2, -17, -10
3168.3, -17, -10
3168.4, -17, -10
3168.5, -17, -10
3168.6, -17, -10
3168.7, -17, -10
3168.8, -17, -10
3168.9, -17, -10
3169, -17, -10
3169.1, -17, -10
3169.2, -17, -10
3169.3, -17, -10
3169.4, -17, -10
3169.5, -17, -10
3169.6, -17, -10
3169.7, -17, -10
3169.8, -17, -10
3169.9, -17, -10
3170, -17, -10
3170.1, -17, -10
3170.2, -17, -10
3170.3, -17, -10
3170.4, -17, -10
3170.5, -17, -10
3170.6, -17, -10
3170.7, -17, -10
3170.8, -17, -10
3170.9, -17, -10
3171, -17, -10
3171.1, -17, -10
3171.2, -17, -10
3171.3, -17, -10
3171.4, -17, -10
3171.5, -17, -10
3171.6, -17, -10
3171.7, -17, -10
3171.8, -17, -10
3171.9, -17, -10
3172, -17, -10
3172.1, -17, -10
3172.2, -17, -10
3172.3, -17, -10
3172.4, -17, -10
3172.5, -17, -10
3172.6, -17, -10
3172.7, -17, -10
3172.8, -17, -10
3172.9, -17, -10
3173, -17, -10
3173.1, -17, -10
3173.2, -17, -10
3173.3, -17, -10
3173.4, -17, -10
3173.5, -17, -10
3173.6, -17, -10
3173.7, -17, -10
3173.8, -17, -10
3173.9, -17, -11
3174, -17, -11
3174.1, -17, -11
3174.2, -17, -11
3174.3, -17, -11
3174.4, -17, -11
3174.5, -17, -11
3174.6, -17, -11
3174.7, -17, -11
3174.8, -17, -11
3174.9, -17, -11
3175, -17, -11
3175.1, -17, -11
3175.2, -17, -11
3175.3, -17, -10
3175.4, -17, -10
3175.5, -17, -10
3175.6, -17, -10
3175.7, -17, -10
3175.8, -17, -10
3175.9, -17, -10
3176, -17, -10
3176.1, -17, -10
3176.2, -17, -10
3176.3, -17, -10
3176.4, -17, -10
3176.5, -17, -10
3176.6, -17, -10
3176.7, -17, -10
3176.8, -17, -10
3176.9, -17, -10
3177, -17, -10
3177.1, -17, -10
3177.2, -17, -10
3177.3, -17, -10
3177.4, -17, -10
3177.5, -17, -10
3177.6, -17, -10
3177.7, -17, -10
3177.8, -17, -10
3177.9, -17, -10
3178, -17, -10
3178.1, -17, -10
3178.2, -17, -10
3178.3, -18, -10
3178.4, -18, -10
3178.5, -18, -10
3178.6, -18, -10
3178.7, -18, -10
3178.8, -18, -10
3178.9, -18, -10
3179, -18, -10
3179.1, -18, -10
3179.2, -18, -10
3179.3, -18, -10
3179.4, -18, -10
3179.5, -18, -11
3179.6, -18, -11
3179.7, -18, -11
3179.8, -18, -11
3179.9, -18, -11
3180, -18, -11
3180.1, -18, -12
3180.2, -18, -12
3180.3, -18, -12
3180.4, -18, -12
3180.5, -18, -12
3180.6, -18, -12
3180.7, -18, -12
3180.8, -18, -12
3180.9, -18, -12
3181, -18, -12
3181.1, -18, -12
3181.2, -18, -12
3181.3, -19, -12
3181.4, -19, -12
3181.5, -19, -12
3181.6, -19, -12
3181.7, -19, -12
3181.8, -19, -12
3181.9, -19, -12
3182, -19, -12
3182.1, -19, -12
3182.2, -19, -12
3182.3, -19, -12
3182.4, -19, -12
3182.5, -19, -13
3182.6, -19, -13
3182.7, -19, -13
3182.8, -19, -13
3182.9, -19, -13
3183, -19, -13
3183.1, -19, -13
3183.2, -19, -13
3183.3, -19, -13
3183.4, -19, -13
3183.5, -19, -13
3183.6, -19, -13
3183.7, -19, -13
3183.8, -19, -13
3183.9, -19, -13
3184, -19, -13
3184.1, -19, -13
3184.2, -19, -13
3184.3, -19, -14
3184.4, -19, -14
3184.5, -19, -14
3184.6, -19, -14
3184.7, -19, -14
3184.8, -19, -14
3184.9, -19, -14
3185, -19, -14
3185.1, -19, -14
3185.2, -19, -14
3185.3, -19, -14
3185.4, -19, -14
3185.5, -19, -14
3185.6, -19, -14
3185.7, -19, -14
3185.8, -19, -14
3185.9, -19, -14
3186, -19, -14
3186.1, -19, -14
3186.2, -19, -14
3186.3, -19, -14
3186.4, -19, -14
3186.5, -19, -14
3186.6, -19, -14
3186.7, -19, -14
3186.8, -19, -14
3186.9, -19, -14
3187, -19, -14
3187.1, -19, -14
3187.2, -19, -14
3187.3, -19, -14
3187.4, -19, -14
3187.5, -19, -14
3187.6, -19, -14
3187.7, -19, -14
3187.8, -19, -14
3187.9, -19, -14
3188, -19, -14
3188.1, -19, -14
3188.2, -19, -14
3188.3, -19, -14
3188.4, -19, -14
3188.5, -19, -14
3188.6, -19, -14
3188.7, -19, -14
3188.8, -19, -14
3188.9, -19, -14
3189, -19, -14
3189.1, -19, -14
3189.2, -19, -14
3189.3, -19, -14
3189.4, -19, -14
3189.5, -19, -14
3189.6, -19, -14
3189.7, -19, -14
3189.8, -19, -14
3189.9, -19, -14
3190, -19, -14
3190.1, -18, -14
3190.2, -18, -14
3190.3, -18, -14
3190.4, -18, -14
3190.5, -17, -14
3190.6, -17, -14
3190.7, -17, -14
3190.8, -17, -14
3190.9, -17, -14
3191, -17, -14
3191.1, -17, -14
3191.2, -17, -14
3191.3, -17, -14
3191.4, -17, -14
3191.5, -17, -14
3191.6, -17, -14
3191.7, -17, -14
3191.8, -17, -14
3191.9, -17, -14
3192, -17, -14
3192.1, -17, -14
3192.2, -17, -14
3192.3, -17, -14
3192.4, -17, -14
3192.5, -17, -14
3192.6, -17, -14
3192.7, -18, -14
3192.8, -18, -14
3192.9, -18, -14
3193, -18, -14
3193.1, -18, -14
3193.2, -18, -14
3193.3, -18, -14
3193.4, -18, -14
3193.5, -18, -14
3193.6, -18, -14
3193.7, -18, -14
3193.8, -18, -14
3193.9, -18, -14
3194, -18, -14
3194.1, -18, -15
3194.2, -18, -15
3194.3, -18, -15
3194.4, -18, -15
3194.5, -18, -14
3194.6, -18, -14
3194.7, -18, -14
3194.8, -18, -14
3194.9, -18, -14
3195, -18, -14
3195.1, -18, -14
3195.2, -18, -14
3195.3, -18, -14
3195.4, -18, -14
3195.5, -18, -14
3195.6, -18, -14
3195.7, -18, -14
3195.8, -18, -14
3195.9, -18, -14
3196, -18, -14
3196.1, -18, -14
3196.2, -18, -14
3196.3, -18, -14
3196.4, -18, -14
3196.5, -18, -14
3196.6, -18, -14
3196.7, -18, -14
3196.8, -18, -14
3196.9, -18, -15
3197, -18, -15
3197.1, -18, -15
3197.2, -18, -15
3197.3, -18, -15
3197.4, -18, -15
3197.5, -17, -15
3197.6, -17, -15
3197.7, -17, -15
3197.8, -17, -15
3197.9, -17, -15
3198, -17, -15
3198.1, -17, -15
3198.2, -17, -15
3198.3, -17, -15
3198.4, -17, -15
3198.5, -17, -15
3198.6, -17, -15
3198.7, -17, -15
3198.8, -17, -15
3198.9, -17, -15
3199, -17, -15
3199.1, -17, -15
3199.2, -17, -15
3199.3, -17, -15
3199.4, -17, -15
3199.5, -17, -15
3199.6, -17, -15
3199.7, -17, -15
3199.8, -17, -15
3199.9, -17, -15
3200, -17, -15
3200.1, -17, -15
3200.2, -17, -15
3200.3, -17, -15
3200.4, -17, -15
3200.5, -17, -15
3200.6, -17, -15
3200.7, -17, -15
3200.8, -17, -15
3200.9, -17, -15
3201, -17, -15
3201.1, -17, -15
3201.2, -17, -15
3201.3, -17, -15
3201.4, -17, -15
3201.5, -17, -15
3201.6, -17, -15
3201.7, -17, -15
3201.8, -17, -15
3201.9, -17, -15
3202, -17, -15
3202.1, -17, -15
3202.2, -17, -15
3202.3, -17, -15
3202.4, -17, -15
3202.5, -17, -15
3202.6, -17, -15
3202.7, -17, -15
3202.8, -17, -15
3202.9, -17, -15
3203, -17, -15
3203.1, -17, -15
3203.2, -17, -15
3203.3, -17, -15
3203.4, -17, -15
3203.5, -17, -15
3203.6, -17, -15
3203.7, -17, -15
3203.8, -17, -15
3203.9, -17, -15
3204, -17, -15
3204.1, -17, -15
3204.2, -17, -15
3204.3, -17, -15
3204.4, -17, -15
3204.5, -17, -15
3204.6, -17, -15
3204.7, -17, -15
3204.8, -17, -15
3204.9, -17, -15
3205, -17, -15
3205.1, -17, -15
3205.2, -17, -15
3205.3, -17, -15
3205.4, -17, -15
3205.5, -17, -15
3205.6, -17, -15
3205.7, -17, -15
3205.8, -17, -15
3205.9, -17, -15
3206, -17, -15
3206.1, -17, -15
3206.2, -17, -15
3206.3, -17, -15
3206.4, -17, -15
3206.5, -17, -15
3206.6, -17, -15
3206.7, -17, -15
3206.8, -17, -15
3206.9, -17, -15
3207, -17, -15
3207.1, -17, -15
3207.2, -17, -15
3207.3, -17, -15
3207.4, -17, -15
3207.5, -17, -15
3207.6, -17, -15
3207.7, -17, -15
3207.8, -17, -15
3207.9, -17, -15
3208, -17, -15
3208.1, -17, -14
3208.2, -17, -14
3208.3, -17, -14
3208.4, -17, -14
3208.5, -17, -14
3208.6, -17, -14
3208.7, -17, -14
3208.8, -17, -14
3208.9, -17, -14
3209, -17, -14
3209.1, -17, -14
3209.2, -17, -14
3209.3, -17, -14
3209.4, -17, -14
3209.5, -17, -14
3209.6, -17, -14
3209.7, -17, -14
3209.8, -17, -14
3209.9, -17, -14
3210, -17, -14
3210.1, -17, -14
3210.2, -17, -14
3210.3, -17, -14
3210.4, -17, -14
3210.5, -17, -13
3210.6, -17, -13
3210.7, -16, -13
3210.8, -16, -13
3210.9, -16, -13
3211, -16, -13
3211.1, -16, -13
3211.2, -16, -13
3211.3, -16, -14
3211.4, -16, -14
3211.5, -16, -14
3211.6, -16, -14
3211.7, -16, -14
3211.8, -16, -14
3211.9, -16, -14
3212, -16, -14
3212.1, -16, -14
3212.2, -16, -14
3212.3, -16, -14
3212.4, -16, -14
3212.5, -16, -14
3212.6, -16, -14
3212.7, -17, -14
3212.8, -17, -14
3212.9, -18, -14
3213, -18, -14
3213.1, -18, -14
3213.2, -18, -14
3213.3, -18, -14
3213.4, -18, -14
3213.5, -17, -14
3213.6, -17, -14
3213.7, -17, -14
3213.8, -17, -14
3213.9, -17, -14
3214, -17, -14
3214.1, -17, -14
3214.2, -17, -14
3214.3, -17, -14
3214.4, -17, -14
3214.5, -17, -14
3214.6, -17, -14
3214.7, -17, -14
3214.8, -17, -14
3214.9, -17, -14
3215, -17, -14
3215.1, -17, -14
3215.2, -17, -14
3215.3, -17, -14
3215.4, -17, -14
3215.5, -17, -14
3215.6, -17, -14
3215.7, -17, -14
3215.8, -17, -14
3215.9, -17, -14
3216, -17, -14
3216.1, -17, -14
3216.2, -17, -14
3216.3, -17, -14
3216.4, -17, -14
3216.5, -17, -14
3216.6, -17, -14
3216.7, -17, -14
3216.8, -17, -14
3216.9, -17, -14
3217, -17, -14
3217.1, -17, -14
3217.2, -17, -14
3217.3, -17, -14
3217.4, -17, -14
3217.5, -17, -14
3217.6, -17, -14
3217.7, -17, -14
3217.8, -17, -14
3217.9, -17, -14
3218, -17, -14
3218.1, -17, -14
3218.2, -17, -14
3218.3, -17, -14
3218.4, -17, -14
3218.5, -17, -14
3218.6, -17, -14
3218.7, -17, -14
3218.8, -17, -14
3218.9, -18, -14
3219, -18, -14
3219.1, -18, -14
3219.2, -18, -14
3219.3, -18, -14
3219.4, -18, -14
3219.5, -18, -14
3219.6, -18, -14
3219.7, -18, -14
3219.8, -18, -14
3219.9, -18, -14
3220, -18, -14
3220.1, -18, -14
3220.2, -18, -14
3220.3, -18, -14
3220.4, -18, -14
3220.5, -18, -14
3220.6, -18, -14
3220.7, -18, -14
3220.8, -18, -14
3220.9, -18, -14
3221, -18, -14
3221.1, -18, -14
3221.2, -18, -14
3221.3, -18, -14
3221.4, -18, -14
3221.5, -18, -14
3221.6, -18, -14
3221.7, -18, -14
3221.8, -18, -14
3221.9, -18, -14
3222, -18, -14
3222.1, -18, -14
3222.2, -18, -14
3222.3, -18, -14
3222.4, -18, -14
3222.5, -18, -14
3222.6, -18, -14
3222.7, -18, -14
3222.8, -18, -14
3222.9, -18, -14
3223, -18, -14
3223.1, -18, -14
3223.2, -18, -14
3223.3, -18, -14
3223.4, -18, -14
3223.5, -18, -14
3223.6, -18, -14
3223.7, -18, -14
3223.8, -18, -14
3223.9, -18, -15
3224, -18, -15
3224.1, -18, -15
3224.2, -18, -15
3224.3, -18, -15
3224.4, -18, -15
3224.5, -18, -15
3224.6, -18, -15
3224.7, -18, -15
3224.8, -18, -15
3224.9, -17, -15
3225, -17, -15
3225.1, -17, -15
3225.2, -17, -15
3225.3, -17, -15
3225.4, -17, -15
3225.5, -17, -15
3225.6, -17, -15
3225.7, -17, -15
3225.8, -17, -15
3225.9, -17, -15
3226, -17, -15
3226.1, -17, -15
3226.2, -17, -15
3226.3, -17, -15
3226.4, -17, -15
3226.5, -17, -15
3226.6, -17, -15
3226.7, -17, -15
3226.8, -17, -15
3226.9, -17, -14
3227, -17, -14
3227.1, -17, -14
3227.2, -17, -14
3227.3, -17, -14
3227.4, -17, -14
3227.5, -17, -14
3227.6, -17, -14
3227.7, -17, -14
3227.8, -17, -14
3227.9, -17, -14
3228, -17, -14
3228.1, -17, -14
3228.2, -17, -14
3228.3, -17, -14
3228.4, -17, -14
3228.5, -17, -14
3228.6, -17, -14
3228.7, -17, -14
3228.8, -17, -14
3228.9, -17, -14
3229, -17, -14
3229.1, -17, -14
3229.2, -17, -14
3229.3, -17, -14
3229.4, -17, -14
3229.5, -17, -14
3229.6, -17, -14
3229.7, -17, -14
3229.8, -17, -14
3229.9, -17, -14
3230, -17, -14
3230.1, -17, -14
3230.2, -17, -14
3230.3, -17, -14
3230.4, -17, -14
3230.5, -17, -14
3230.6, -17, -14
3230.7, -17, -14
3230.8, -17, -14
3230.9, -17, -14
3231, -17, -14
3231.1, -17, -14
3231.2, -17, -14
3231.3, -17, -14
3231.4, -17, -14
3231.5, -17, -14
3231.6, -17, -14
3231.7, -17, -14
3231.8, -17, -14
3231.9, -17, -13
3232, -17, -13
3232.1, -17, -13
3232.2, -17, -13
3232.3, -17, -14
3232.4, -17, -14
3232.5, -17, -14
3232.6, -17, -14
3232.7, -17, -14
3232.8, -17, -14
3232.9, -17, -14
3233, -17, -14
3233.1, -17, -14
3233.2, -17, -14
3233.3, -17, -14
3233.4, -17, -14
3233.5, -17, -14
3233.6, -17, -14
3233.7, -17, -14
3233.8, -17, -14
3233.9, -17, -14
3234, -17, -14
3234.1, -17, -14
3234.2, -17, -14
3234.3, -17, -14
3234.4, -17, -14
3234.5, -17, -14
3234.6, -17, -14
3234.7, -17, -14
3234.8, -17, -14
3234.9, -17, -14
3235, -17, -14
3235.1, -17, -14
3235.2, -17, -14
3235.3, -17, -14
3235.4, -17, -14
3235.5, -17, -14
3235.6, -17, -14
3235.7, -17, -14
3235.8, -17, -14
3235.9, -17, -14
3236, -17, -14
3236.1, -17, -14
3236.2, -17, -14
3236.3, -17, -14
3236.4, -17, -14
3236.5, -17, -14
3236.6, -17, -14
3236.7, -17, -14
3236.8, -17, -14
3236.9, -17, -14
3237, -17, -14
3237.1, -17, -14
3237.2, -17, -14
3237.3, -17, -14
3237.4, -17, -14
3237.5, -17, -13
3237.6, -17, -13
3237.7, -17, -13
3237.8, -17, -13
3237.9, -17, -13
3238, -17, -13
3238.1, -17, -13
3238.2, -17, -13
3238.3, -17, -13
3238.4, -17, -13
3238.5, -17, -13
3238.6, -17, -13
3238.7, -17, -13
3238.8, -17, -13
3238.9, -17, -12
3239, -17, -12
3239.1, -17, -12
3239.2, -17, -12
3239.3, -17, -12
3239.4, -17, -12
3239.5, -17, -12
3239.6, -17, -12
3239.7, -17, -12
3239.8, -17, -12
3239.9, -17, -12
3240, -17, -12
3240.1, -17, -12
3240.2, -17, -12
3240.3, -17, -12
3240.4, -17, -12
3240.5, -17, -12
3240.6, -17, -12
3240.7, -17, -12
3240.8, -17, -12
3240.9, -17, -12
3241, -17, -12
3241.1, -17, -12
3241.2, -17, -12
3241.3, -17, -12
3241.4, -17, -12
3241.5, -17, -12
3241.6, -17, -12
3241.7, -17, -11
3241.8, -17, -11
3241.9, -17, -11
3242, -17, -11
3242.1, -17, -11
3242.2, -17, -11
3242.3, -17, -11
3242.4, -17, -11
3242.5, -17, -11
3242.6, -17, -11
3242.7, -17, -11
3242.8, -17, -11
3242.9, -17, -11
3243, -17, -11
3243.1, -17, -11
3243.2, -17, -11
3243.3, -17, -11
3243.4, -17, -11
3243.5, -17, -11
3243.6, -17, -11
3243.7, -17, -11
3243.8, -17, -11
3243.9, -17, -11
3244, -17, -11
3244.1, -17, -11
3244.2, -17, -11
3244.3, -17, -11
3244.4, -17, -11
3244.5, -17, -11
3244.6, -17, -11
3244.7, -17, -11
3244.8, -17, -11
3244.9, -17, -11
3245, -17, -11
3245.1, -17, -12
3245.2, -17, -12
3245.3, -17, -12
3245.4, -17, -12
3245.5, -17, -11
3245.6, -17, -11
3245.7, -17, -11
3245.8, -17, -11
3245.9, -17, -11
3246, -17, -11
3246.1, -17, -11
3246.2, -17, -11
3246.3, -17, -11
3246.4, -17, -11
3246.5, -17, -12
3246.6, -17, -12
3246.7, -17, -12
3246.8, -17, -12
3246.9, -17, -12
3247, -17, -12
3247.1, -17, -12
3247.2, -17, -12
3247.3, -17, -11
3247.4, -17, -11
3247.5, -17, -11
3247.6, -17, -11
3247.7, -17, -12
3247.8, -17, -12
3247.9, -17, -12
3248, -17, -12
3248.1, -17, -12
3248.2, -17, -12
3248.3, -17, -12
3248.4, -17, -12
3248.5, -17, -12
3248.6, -17, -12
3248.7, -17, -12
3248.8, -17, -12
3248.9, -17, -12
3249, -17, -12
3249.1, -17, -12
3249.2, -17, -12
3249.3, -17, -12
3249.4, -17, -12
3249.5, -18, -12
3249.6, -18, -12
3249.7, -18, -12
3249.8, -18, -12
3249.9, -18, -12
3250, -18, -12
3250.1, -18, -12
3250.2, -18, -12
3250.3, -18, -12
3250.4, -18, -12
3250.5, -19, -12
3250.6, -19, -12
3250.7, -19, -12
3250.8, -19, -12
3250.9, -19, -12
3251, -19, -12
3251.1, -19, -12
3251.2, -19, -12
3251.3, -19, -12
3251.4, -19, -12
3251.5, -19, -12
3251.6, -19, -12
3251.7, -19, -12
3251.8, -19, -12
3251.9, -19, -12
3252, -19, -12
3252.1, -19, -12
3252.2, -19, -12
3252.3, -20, -12
3252.4, -20, -12
3252.5, -20, -12
3252.6, -20, -12
3252.7, -20, -11
3252.8, -20, -11
3252.9, -20, -12
3253, -20, -12
3253.1, -20, -12
3253.2, -20, -12
3253.3, -20, -12
3253.4, -20, -12
3253.5, -20, -12
3253.6, -20, -12
3253.7, -20, -12
3253.8, -20, -12
3253.9, -20, -12
3254, -20, -12
3254.1, -19, -12
3254.2, -19, -12
3254.3, -19, -12
3254.4, -19, -12
3254.5, -19, -12
3254.6, -19, -12
3254.7, -19, -12
3254.8, -19, -12
3254.9, -19, -12
3255, -19, -12
3255.1, -19, -12
3255.2, -19, -12
3255.3, -19, -13
3255.4, -19, -13
3255.5, -19, -13
3255.6, -19, -13
3255.7, -19, -13
3255.8, -19, -13
3255.9, -19, -13
3256, -19, -13
3256.1, -20, -13
3256.2, -20, -13
3256.3, -20, -13
3256.4, -20, -13
3256.5, -20, -12
3256.6, -20, -12
3256.7, -20, -12
3256.8, -20, -12
3256.9, -20, -12
3257, -20, -12
3257.1, -20, -12
3257.2, -20, -12
3257.3, -20, -12
3257.4, -20, -12
3257.5, -20, -12
3257.6, -20, -12
3257.7, -20, -12
3257.8, -20, -12
3257.9, -20, -12
3258, -20, -12
3258.1, -20, -12
3258.2, -20, -12
3258.3, -20, -13
3258.4, -20, -13
3258.5, -20, -13
3258.6, -20, -13
3258.7, -20, -13
3258.8, -20, -13
3258.9, -20, -13
3259, -20, -13
3259.1, -20, -13
3259.2, -20, -13
3259.3, -20, -13
3259.4, -20, -13
3259.5, -20, -13
3259.6, -20, -13
3259.7, -19, -13
3259.8, -19, -13
3259.9, -19, -13
3260, -19, -13
3260.1, -19, -13
3260.2, -19, -13
3260.3, -19, -13
3260.4, -19, -13
3260.5, -19, -13
3260.6, -19, -13
3260.7, -19, -13
3260.8, -19, -13
3260.9, -19, -13
3261, -19, -13
3261.1, -19, -13
3261.2, -19, -13
3261.3, -18, -13
3261.4, -18, -13
3261.5, -18, -13
3261.6, -18, -13
3261.7, -19, -13
3261.8, -19, -13
3261.9, -19, -13
3262, -19, -13
3262.1, -19, -14
3262.2, -19, -14
3262.3, -19, -13
3262.4, -19, -13
3262.5, -19, -13
3262.6, -19, -13
3262.7, -19, -13
3262.8, -19, -13
3262.9, -19, -13
3263, -19, -13
3263.1, -19, -13
3263.2, -19, -13
3263.3, -19, -13
3263.4, -19, -13
3263.5, -19, -13
3263.6, -19, -13
3263.7, -19, -13
3263.8, -19, -13
3263.9, -19, -13
3264, -19, -13
3264.1, -19, -13
3264.2, -19, -13
3264.3, -19, -13
3264.4, -19, -13
3264.5, -19, -13
3264.6, -19, -13
3264.7, -19, -13
3264.8, -19, -13
3264.9, -19, -13
3265, -19, -13
3265.1, -19, -13
3265.2, -19, -13
3265.3, -19, -13
3265.4, -19, -13
3265.5, -19, -13
3265.6, -19, -13
3265.7, -19, -13
3265.8, -19, -13
3265.9, -19, -13
3266, -19, -13
3266.1, -19, -13
3266.2, -19, -13
3266.3, -19, -13
3266.4, -19, -13
3266.5, -19, -13
3266.6, -19, -13
3266.7, -19, -13
3266.8, -19, -13
3266.9, -19, -13
3267, -19, -13
3267.1, -19, -13
3267.2, -19, -13
3267.3, -19, -13
3267.4, -19, -13
3267.5, -19, -13
3267.6, -19, -13
3267.7, -19, -13
3267.8, -19, -13
3267.9, -19, -13
3268, -19, -13
3268.1, -19, -13
3268.2, -19, -13
3268.3, -19, -13
3268.4, -19, -13
3268.5, -19, -13
3268.6, -19, -13
3268.7, -19, -13
3268.8, -19, -13
3268.9, -18, -13
3269, -18, -13
3269.1, -18, -13
3269.2, -18, -13
3269.3, -18, -13
3269.4, -18, -13
3269.5, -18, -13
3269.6, -18, -13
3269.7, -18, -13
3269.8, -18, -13
3269.9, -18, -13
3270, -18, -13
3270.1, -18, -13
3270.2, -18, -13
3270.3, -18, -13
3270.4, -18, -13
3270.5, -18, -13
3270.6, -18, -13
3270.7, -18, -13
3270.8, -18, -13
3270.9, -18, -13
3271, -18, -13
3271.1, -18, -13
3271.2, -18, -13
3271.3, -18, -13
3271.4, -18, -13
3271.5, -18, -13
3271.6, -18, -13
3271.7, -18, -13
3271.8, -18, -13
3271.9, -18, -13
3272, -18, -13
3272.1, -18, -13
3272.2, -18, -13
3272.3, -18, -13
3272.4, -18, -13
3272.5, -19, -13
3272.6, -19, -13
3272.7, -19, -13
3272.8, -19, -13
3272.9, -19, -12
3273, -19, -12
3273.1, -19, -12
3273.2, -19, -12
3273.3, -19, -12
3273.4, -19, -12
3273.5, -19, -12
3273.6, -19, -12
3273.7, -19, -12
3273.8, -19, -12
3273.9, -18, -12
3274, -18, -12
3274.1, -18, -12
3274.2, -18, -12
3274.3, -18, -12
3274.4, -18, -12
3274.5, -18, -12
3274.6, -18, -12
3274.7, -18, -12
3274.8, -18, -12
3274.9, -18, -12
3275, -18, -12
3275.1, -18, -12
3275.2, -18, -12
3275.3, -18, -12
3275.4, -18, -12
3275.5, -18, -12
3275.6, -18, -12
3275.7, -18, -12
3275.8, -18, -12
3275.9, -18, -12
3276, -18, -12
3276.1, -18, -12
3276.2, -18, -12
3276.3, -18, -12
3276.4, -18, -12
3276.5, -18, -12
3276.6, -18, -12
3276.7, -18, -12
3276.8, -18, -12
3276.9, -18, -12
3277, -18, -12
3277.1, -18, -12
3277.2, -18, -12
3277.3, -18, -12
3277.4, -18, -12
3277.5, -18, -12
3277.6, -18, -12
3277.7, -18, -12
3277.8, -18, -12
3277.9, -18, -12
3278, -18, -12
3278.1, -18, -12
3278.2, -18, -12
3278.3, -18, -12
3278.4, -18, -12
3278.5, -18, -12
3278.6, -18, -12
3278.7, -18, -12
3278.8, -18, -12
3278.9, -18, -12
3279, -18, -12
3279.1, -18, -12
3279.2, -18, -12
3279.3, -18, -12
3279.4, -18, -12
3279.5, -18, -12
3279.6, -18, -12
3279.7, -18, -12
3279.8, -18, -12
3279.9, -18, -12
3280, -18, -12
3280.1, -18, -12
3280.2, -18, -12
3280.3, -18, -12
3280.4, -18, -12
3280.5, -18, -12
3280.6, -18, -12
3280.7, -18, -12
3280.8, -18, -12
3280.9, -18, -12
3281, -18, -12
3281.1, -18, -12
3281.2, -18, -12
3281.3, -18, -12
3281.4, -18, -12
3281.5, -18, -12
3281.6, -18, -12
3281.7, -18, -12
3281.8, -18, -12
3281.9, -18, -12
3282, -18, -12
3282.1, -18, -12
3282.2, -18, -12
3282.3, -18, -12
3282.4, -18, -12
3282.5, -18, -12
3282.6, -18, -12
3282.7, -18, -12
3282.8, -18, -12
3282.9, -19, -12
3283, -19, -12
3283.1, -19, -12
3283.2, -19, -12
3283.3, -19, -12
3283.4, -19, -12
3283.5, -19, -11
3283.6, -19, -11
3283.7, -19, -11
3283.8, -19, -11
3283.9, -19, -11
3284, -19, -11
3284.1, -19, -11
3284.2, -19, -11
3284.3, -19, -11
3284.4, -19, -11
3284.5, -19, -11
3284.6, -19, -11
3284.7, -19, -11
3284.8, -19, -11
3284.9, -19, -11
3285, -19, -11
3285.1, -19, -11
3285.2, -19, -11
3285.3, -19, -11
3285.4, -19, -11
3285.5, -19, -11
3285.6, -19, -11
3285.7, -19, -11
3285.8, -19, -11
3285.9, -19, -11
3286, -19, -11
3286.1, -19, -11
3286.2, -19, -11
3286.3, -19, -11
3286.4, -19, -11
3286.5, -19, -11
3286.6, -19, -11
3286.7, -19, -11
3286.8, -19, -11
3286.9, -19, -11
3287, -19, -11
3287.1, -19, -11
3287.2, -19, -11
3287.3, -19, -11
3287.4, -19, -11
3287.5, -19, -11
3287.6, -19, -11
3287.7, -19, -11
3287.8, -19, -11
3287.9, -19, -10
3288, -19, -10
3288.1, -19, -10
3288.2, -19, -10
3288.3, -18, -10
3288.4, -18, -10
3288.5, -18, -10
3288.6, -18, -10
3288.7, -18, -10
3288.8, -18, -10
3288.9, -18, -10
3289, -18, -10
3289.1, -18, -10
3289.2, -18, -10
3289.3, -18, -10
3289.4, -18, -10
3289.5, -19, -10
3289.6, -19, -10
3289.7, -19, -10
3289.8, -19, -10
3289.9, -19, -10
3290, -19, -10
3290.1, -19, -10
3290.2, -19, -10
3290.3, -19, -10
3290.4, -19, -10
3290.5, -19, -10
3290.6, -19, -10
3290.7, -19, -10
3290.8, -19, -10
3290.9, -19, -11
3291, -19, -11
3291.1, -18, -11
3291.2, -18, -11
3291.3, -18, -12
3291.4, -18, -12
3291.5, -18, -12
3291.6, -18, -12
3291.7, -18, -12
3291.8, -18, -12
3291.9, -19, -12
3292, -19, -12
3292.1, -19, -12
3292.2, -19, -12
3292.3, -19, -12
3292.4, -19, -12
3292.5, -19, -12
3292.6, -19, -12
3292.7, -19, -12
3292.8, -19, -12
3292.9, -19, -13
3293, -19, -13
3293.1, -19, -13
3293.2, -19, -13
3293.3, -19, -13
3293.4, -19, -13
3293.5, -19, -13
3293.6, -19, -13
3293.7, -19, -13
3293.8, -19, -13
3293.9, -19, -13
3294, -19, -13
3294.1, -19, -13
3294.2, -19, -13
3294.3, -19, -13
3294.4, -19, -13
3294.5, -19, -13
3294.6, -19, -13
3294.7, -19, -13
3294.8, -19, -13
3294.9, -19, -13
3295, -19, -13
3295.1, -19, -13
3295.2, -19, -13
3295.3, -19, -13
3295.4, -19, -13
3295.5, -19, -13
3295.6, -19, -13
3295.7, -19, -13
3295.8, -19, -13
3295.9, -19, -13
3296, -19, -13
3296.1, -19, -13
3296.2, -19, -13
3296.3, -19, -13
3296.4, -19, -13
3296.5, -19, -13
3296.6, -19, -13
3296.7, -19, -13
3296.8, -19, -13
3296.9, -19, -13
3297, -19, -13
3297.1, -19, -13
3297.2, -19, -13
3297.3, -19, -13
3297.4, -19, -13
3297.5, -19, -13
3297.6, -19, -13
3297.7, -19, -13
3297.8, -19, -13
3297.9, -19, -13
3298, -19, -13
3298.1, -19, -13
3298.2, -19, -13
3298.3, -19, -13
3298.4, -19, -13
3298.5, -19, -13
3298.6, -19, -13
3298.7, -19, -13
3298.8, -19, -13
3298.9, -19, -13
3299, -19, -13
3299.1, -19, -13
3299.2, -19, -13
3299.3, -19, -13
3299.4, -19, -13
3299.5, -19, -13
3299.6, -19, -13
3299.7, -19, -13
3299.8, -19, -13
3299.9, -19, -13
3300, -19, -13
3300.1, -19, -13
3300.2, -19, -13
3300.3, -19, -13
3300.4, -19, -13
3300.5, -19, -13
3300.6, -19, -13
3300.7, -19, -13
3300.8, -19, -13
3300.9, -19, -13
3301, -19, -13
3301.1, -19, -13
3301.2, -19, -13
3301.3, -19, -13
3301.4, -19, -13
3301.5, -19, -12
3301.6, -19, -12
3301.7, -19, -12
3301.8, -19, -12
3301.9, -19, -12
3302, -19, -12
3302.1, -19, -12
3302.2, -19, -12
3302.3, -20, -12
3302.4, -20, -12
3302.5, -20, -12
3302.6, -20, -12
3302.7, -20, -12
3302.8, -20, -12
3302.9, -20, -12
3303, -20, -12
3303.1, -20, -12
3303.2, -20, -12
3303.3, -20, -12
3303.4, -20, -12
3303.5, -20, -12
3303.6, -20, -12
3303.7, -20, -12
3303.8, -20, -12
3303.9, -20, -12
3304, -20, -12
3304.1, -20, -12
3304.2, -20, -12
3304.3, -20, -12
3304.4, -20, -12
3304.5, -20, -12
3304.6, -20, -12
3304.7, -20, -12
3304.8, -20, -12
3304.9, -20, -11
3305, -20, -11
3305.1, -20, -11
3305.2, -20, -11
3305.3, -20, -11
3305.4, -20, -11
3305.5, -20, -11
3305.6, -20, -11
3305.7, -20, -11
3305.8, -20, -11
3305.9, -20, -11
3306, -20, -11
3306.1, -20, -11
3306.2, -20, -11
3306.3, -20, -11
3306.4, -20, -11
3306.5, -20, -11
3306.6, -20, -11
3306.7, -20, -11
3306.8, -20, -11
3306.9, -20, -11
3307, -20, -11
3307.1, -20, -11
3307.2, -20, -11
3307.3, -20, -11
3307.4, -20, -11
3307.5, -19, -11
3307.6, -19, -11
3307.7, -19, -11
3307.8, -19, -11
3307.9, -19, -11
3308, -19, -11
3308.1, -19, -11
3308.2, -19, -11
3308.3, -19, -11
3308.4, -19, -11
3308.5, -19, -11
3308.6, -19, -11
3308.7, -19, -11
3308.8, -19, -11
3308.9, -19, -11
3309, -19, -11
3309.1, -20, -11
3309.2, -20, -11
3309.3, -20, -11
3309.4, -20, -11
3309.5, -20, -11
3309.6, -20, -11
3309.7, -20, -11
3309.8, -20, -11
3309.9, -20, -11
3310, -20, -11
3310.1, -20, -11
3310.2, -20, -11
3310.3, -20, -11
3310.4, -20, -11
3310.5, -20, -11
3310.6, -20, -11
3310.7, -20, -11
3310.8, -20, -11
3310.9, -20, -11
3311, -20, -11
3311.1, -20, -11
3311.2, -20, -11
3311.3, -20, -11
3311.4, -20, -11
3311.5, -20, -11
3311.6, -20, -11
3311.7, -20, -11
3311.8, -20, -11
3311.9, -20, -11
3312, -20, -11
3312.1, -20, -11
3312.2, -20, -11
3312.3, -20, -11
3312.4, -20, -11
3312.5, -20, -11
3312.6, -20, -11
3312.7, -20, -11
3312.8, -20, -11
3312.9, -20, -11
3313, -20, -11
3313.1, -20, -11
3313.2, -20, -11
3313.3, -20, -11
3313.4, -20, -11
3313.5, -20, -11
3313.6, -20, -11
3313.7, -20, -12
3313.8, -20, -12
3313.9, -20, -12
3314, -20, -12
3314.1, -20, -12
3314.2, -20, -12
3314.3, -20, -12
3314.4, -20, -12
3314.5, -20, -12
3314.6, -20, -12
3314.7, -20, -12
3314.8, -20, -12
3314.9, -20, -12
3315, -20, -12
3315.1, -20, -12
3315.2, -20, -12
3315.3, -20, -12
3315.4, -20, -12
3315.5, -20, -12
3315.6, -20, -12
3315.7, -20, -12
3315.8, -20, -12
3315.9, -20, -12
3316, -20, -12
3316.1, -20, -12
3316.2, -20, -12
3316.3, -21, -12
3316.4, -21, -12
3316.5, -21, -11
3316.6, -21, -11
3316.7, -21, -11
3316.8, -21, -11
3316.9, -21, -11
3317, -21, -11
3317.1, -21, -11
3317.2, -21, -11
3317.3, -21, -11
3317.4, -21, -11
3317.5, -21, -11
3317.6, -21, -11
3317.7, -21, -11
3317.8, -21, -11
3317.9, -21, -11
3318, -21, -11
3318.1, -21, -11
3318.2, -21, -11
3318.3, -21, -11
3318.4, -21, -11
3318.5, -21, -12
3318.6, -21, -12
3318.7, -21, -12
3318.8, -21, -12
3318.9, -22, -12
3319, -22, -12
3319.1, -22, -12
3319.2, -22, -12
3319.3, -22, -12
3319.4, -22, -12
3319.5, -22, -12
3319.6, -22, -12
3319.7, -22, -12
3319.8, -22, -12
3319.9, -22, -12
3320, -22, -12
3320.1, -22, -12
3320.2, -22, -12
3320.3, -22, -12
3320.4, -22, -12
3320.5, -22, -12
3320.6, -22, -12
3320.7, -22, -12
3320.8, -22, -12
3320.9, -22, -12
3321, -22, -12
3321.1, -22, -12
3321.2, -22, -12
3321.3, -22, -12
3321.4, -22, -12
3321.5, -22, -12
3321.6, -22, -12
3321.7, -22, -11
3321.8, -22, -11
3321.9, -22, -11
3322, -22, -11
3322.1, -22, -11
3322.2, -22, -11
3322.3, -22, -11
3322.4, -22, -11
3322.5, -22, -11
3322.6, -22, -11
3322.7, -22, -11
3322.8, -22, -11
3322.9, -22, -11
3323, -22, -11
3323.1, -22, -11
3323.2, -22, -11
3323.3, -22, -11
3323.4, -22, -11
3323.5, -22, -11
3323.6, -22, -11
3323.7, -22, -11
3323.8, -22, -11
3323.9, -22, -11
3324, -22, -11
3324.1, -22, -11
3324.2, -22, -11
3324.3, -22, -11
3324.4, -22, -11
3324.5, -22, -11
3324.6, -22, -11
3324.7, -22, -11
3324.8, -22, -11
3324.9, -22, -11
3325, -22, -11
3325.1, -22, -11
3325.2, -22, -11
3325.3, -22, -11
3325.4, -22, -11
3325.5, -22, -11
3325.6, -22, -11
3325.7, -22, -11
3325.8, -22, -11
3325.9, -22, -11
3326, -22, -11
3326.1, -22, -11
3326.2, -22, -11
3326.3, -22, -11
3326.4, -22, -11
3326.5, -22, -11
3326.6, -22, -11
3326.7, -22, -11
3326.8, -22, -11
3326.9, -22, -11
3327, -22, -11
3327.1, -22, -11
3327.2, -22, -11
3327.3, -22, -11
3327.4, -22, -11
3327.5, -22, -10
3327.6, -22, -10
3327.7, -22, -10
3327.8, -22, -10
3327.9, -22, -10
3328, -22, -10
3328.1, -22, -10
3328.2, -22, -10
3328.3, -22, -10
3328.4, -22, -10
3328.5, -22, -10
3328.6, -22, -10
3328.7, -22, -10
3328.8, -22, -10
3328.9, -21, -10
3329, -21, -10
3329.1, -21, -10
3329.2, -21, -10
3329.3, -21, -10
3329.4, -21, -10
3329.5, -21, -10
3329.6, -21, -10
3329.7, -21, -10
3329.8, -21, -10
3329.9, -21, -10
3330, -21, -10
3330.1, -21, -10
3330.2, -21, -10
3330.3, -21, -10
3330.4, -21, -10
3330.5, -22, -10
3330.6, -22, -10
3330.7, -22, -10
3330.8, -22, -10
3330.9, -22, -10
3331, -22, -10
3331.1, -22, -10
3331.2, -22, -10
3331.3, -22, -10
3331.4, -22, -10
3331.5, -22, -10
3331.6, -22, -10
3331.7, -22, -10
3331.8, -22, -10
3331.9, -22, -10
3332, -22, -10
3332.1, -22, -10
3332.2, -22, -10
3332.3, -22, -10
3332.4, -22, -10
3332.5, -22, -10
3332.6, -22, -10
3332.7, -22, -10
3332.8, -22, -10
3332.9, -22, -10
3333, -22, -10
3333.1, -22, -10
3333.2, -22, -10
3333.3, -22, -10
3333.4, -22, -10
3333.5, -22, -10
3333.6, -22, -10
3333.7, -22, -10
3333.8, -22, -10
3333.9, -22, -10
3334, -22, -10
3334.1, -22, -10
3334.2, -22, -10
3334.3, -22, -9
3334.4, -22, -9
3334.5, -22, -9
3334.6, -22, -9
3334.7, -22, -9
3334.8, -22, -9
3334.9, -22, -9
3335, -22, -9
3335.1, -22, -9
3335.2, -22, -9
3335.3, -22, -9
3335.4, -22, -9
3335.5, -22, -9
3335.6, -22, -9
3335.7, -22, -9
3335.8, -22, -9
3335.9, -22, -9
3336, -22, -9
3336.1, -22, -9
3336.2, -22, -9
3336.3, -22, -9
3336.4, -22, -9
3336.5, -22, -9
3336.6, -22, -9
3336.7, -22, -9
3336.8, -22, -9
3336.9, -22, -9
3337, -22, -9
3337.1, -22, -9
3337.2, -22, -9
3337.3, -22, -9
3337.4, -22, -9
3337.5, -23, -9
3337.6, -23, -9
3337.7, -23, -9
3337.8, -23, -9
3337.9, -23, -9
3338, -23, -9
3338.1, -22, -9
3338.2, -22, -9
3338.3, -22, -9
3338.4, -22, -9
3338.5, -22, -9
3338.6, -22, -9
3338.7, -22, -9
3338.8, -22, -9
3338.9, -22, -9
3339, -22, -9
3339.1, -22, -9
3339.2, -22, -9
3339.3, -22, -9
3339.4, -22, -9
3339.5, -22, -9
3339.6, -22, -9
3339.7, -22, -9
3339.8, -22, -9
3339.9, -22, -9
3340, -22, -9
3340.1, -23, -9
3340.2, -23, -9
3340.3, -23, -9
3340.4, -23, -9
3340.5, -23, -9
3340.6, -23, -9
3340.7, -23, -9
3340.8, -23, -9
3340.9, -23, -9
3341, -23, -9
3341.1, -23, -9
3341.2, -23, -9
3341.3, -23, -9
3341.4, -23, -9
3341.5, -23, -9
3341.6, -23, -9
3341.7, -22, -9
3341.8, -22, -9
3341.9, -22, -9
3342, -22, -9
3342.1, -22, -9
3342.2, -22, -9
3342.3, -22, -9
3342.4, -22, -9
3342.5, -22, -9
3342.6, -22, -9
3342.7, -22, -9
3342.8, -22, -9
3342.9, -22, -9
3343, -22, -9
3343.1, -22, -9
3343.2, -22, -9
3343.3, -22, -9
3343.4, -22, -9
3343.5, -22, -9
3343.6, -22, -9
3343.7, -22, -9
3343.8, -22, -9
3343.9, -22, -9
3344, -22, -9
3344.1, -22, -9
3344.2, -22, -9
3344.3, -22, -9
3344.4, -22, -9
3344.5, -22, -9
3344.6, -22, -9
3344.7, -22, -9
3344.8, -22, -9
3344.9, -22, -9
3345, -22, -9
3345.1, -22, -9
3345.2, -22, -9
3345.3, -22, -9
3345.4, -22, -9
3345.5, -22, -9
3345.6, -22, -9
3345.7, -22, -9
3345.8, -22, -9
3345.9, -21, -9
3346, -21, -9
3346.1, -21, -9
3346.2, -21, -9
3346.3, -21, -9
3346.4, -21, -9
3346.5, -21, -9
3346.6, -21, -9
3346.7, -21, -9
3346.8, -21, -9
3346.9, -21, -9
3347, -21, -9
3347.1, -21, -9
3347.2, -21, -9
3347.3, -21, -9
3347.4, -21, -9
3347.5, -21, -9
3347.6, -21, -9
3347.7, -21, -9
3347.8, -21, -9
3347.9, -21, -9
3348, -21, -9
3348.1, -21, -9
3348.2, -21, -9
3348.3, -21, -9
3348.4, -21, -9
3348.5, -21, -9
3348.6, -21, -9
3348.7, -21, -9
3348.8, -21, -9
3348.9, -21, -9
3349, -21, -9
3349.1, -21, -9
3349.2, -21, -9
3349.3, -21, -9
3349.4, -21, -9
3349.5, -21, -9
3349.6, -21, -9
3349.7, -21, -9
3349.8, -21, -9
3349.9, -21, -9
3350, -21, -9
3350.1, -21, -9
3350.2, -21, -9
3350.3, -21, -9
3350.4, -21, -9
3350.5, -21, -8
3350.6, -21, -8
3350.7, -21, -8
3350.8, -21, -8
3350.9, -21, -8
3351, -21, -8
3351.1, -21, -8
3351.2, -21, -8
3351.3, -21, -8
3351.4, -21, -8
3351.5, -21, -8
3351.6, -21, -8
3351.7, -21, -8
3351.8, -21, -8
3351.9, -21, -8
3352, -21, -8
3352.1, -21, -8
3352.2, -21, -8
3352.3, -21, -8
3352.4, -21, -8
3352.5, -21, -8
3352.6, -21, -8
3352.7, -22, -8
3352.8, -22, -8
3352.9, -22, -8
3353, -22, -8
3353.1, -22, -8
3353.2, -22, -8
3353.3, -22, -8
3353.4, -22, -8
3353.5, -22, -8
3353.6, -22, -8
3353.7, -22, -8
3353.8, -22, -8
3353.9, -22, -8
3354, -22, -8
3354.1, -22, -8
3354.2, -22, -8
3354.3, -22, -8
3354.4, -22, -8
3354.5, -22, -8
3354.6, -22, -8
3354.7, -22, -8
3354.8, -22, -8
3354.9, -22, -8
3355, -22, -8
3355.1, -22, -8
3355.2, -22, -8
3355.3, -22, -8
3355.4, -22, -8
3355.5, -22, -8
3355.6, -22, -8
3355.7, -22, -8
3355.8, -22, -8
3355.9, -22, -8
3356, -22, -8
3356.1, -22, -9
3356.2, -22, -9
3356.3, -22, -9
3356.4, -22, -9
3356.5, -22, -9
3356.6, -22, -9
3356.7, -22, -9
3356.8, -22, -9
3356.9, -22, -9
3357, -22, -9
3357.1, -22, -9
3357.2, -22, -9
3357.3, -22, -9
3357.4, -22, -9
3357.5, -22, -9
3357.6, -22, -9
3357.7, -22, -9
3357.8, -22, -9
3357.9, -22, -9
3358, -22, -9
3358.1, -22, -9
3358.2, -22, -9
3358.3, -22, -9
3358.4, -22, -9
3358.5, -22, -9
3358.6, -22, -9
3358.7, -22, -9
3358.8, -22, -9
3358.9, -22, -9
3359, -22, -9
3359.1, -22, -9
3359.2, -22, -9
3359.3, -22, -9
3359.4, -22, -9
3359.5, -22, -8
3359.6, -22, -8
3359.7, -22, -8
3359.8, -22, -8
3359.9, -22, -8
3360, -22, -8
3360.1, -22, -8
3360.2, -22, -8
3360.3, -22, -8
3360.4, -22, -8
3360.5, -22, -8
3360.6, -22, -8
3360.7, -22, -8
3360.8, -22, -8
3360.9, -22, -8
3361, -22, -8
3361.1, -22, -8
3361.2, -22, -8
3361.3, -22, -8
3361.4, -22, -8
3361.5, -22, -8
3361.6, -22, -8
3361.7, -22, -8
3361.8, -22, -8
3361.9, -22, -8
3362, -22, -8
3362.1, -22, -8
3362.2, -22, -8
3362.3, -22, -8
3362.4, -22, -8
3362.5, -22, -8
3362.6, -22, -8
3362.7, -22, -8
3362.8, -22, -8
3362.9, -22, -8
3363, -22, -8
3363.1, -22, -7
3363.2, -22, -7
3363.3, -22, -7
3363.4, -22, -7
3363.5, -22, -7
3363.6, -22, -7
3363.7, -22, -7
3363.8, -22, -7
3363.9, -22, -7
3364, -22, -7
3364.1, -22, -7
3364.2, -22, -7
3364.3, -22, -6
3364.4, -22, -6
3364.5, -22, -6
3364.6, -22, -6
3364.7, -22, -6
3364.8, -22, -6
3364.9, -22, -6
3365, -22, -6
3365.1, -22, -6
3365.2, -22, -6
3365.3, -22, -7
3365.4, -22, -7
3365.5, -22, -7
3365.6, -22, -7
3365.7, -22, -7
3365.8, -22, -7
3365.9, -22, -7
3366, -22, -7
3366.1, -22, -7
3366.2, -22, -7
3366.3, -22, -7
3366.4, -22, -7
3366.5, -22, -7
3366.6, -22, -7
3366.7, -22, -7
3366.8, -22, -7
3366.9, -22, -7
3367, -22, -7
3367.1, -22, -7
3367.2, -22, -7
3367.3, -22, -7
3367.4, -22, -7
3367.5, -22, -7
3367.6, -22, -7
3367.7, -22, -6
3367.8, -22, -6
3367.9, -22, -6
3368, -22, -6
3368.1, -22, -6
3368.2, -22, -6
3368.3, -22, -6
3368.4, -22, -6
3368.5, -22, -6
3368.6, -22, -6
3368.7, -22, -6
3368.8, -22, -6
3368.9, -22, -6
3369, -22, -6
3369.1, -22, -6
3369.2, -22, -6
3369.3, -22, -6
3369.4, -22, -6
3369.5, -22, -6
3369.6, -22, -6
3369.7, -22, -6
3369.8, -22, -6
3369.9, -22, -6
3370, -22, -6
3370.1, -22, -6
3370.2, -22, -6
3370.3, -22, -7
3370.4, -22, -7
3370.5, -22, -7
3370.6, -22, -7
3370.7, -22, -7
3370.8, -22, -7
3370.9, -22, -7
3371, -22, -7
3371.1, -22, -7
3371.2, -22, -7
3371.3, -22, -7
3371.4, -22, -7
3371.5, -22, -7
3371.6, -22, -7
3371.7, -22, -7
3371.8, -22, -7
3371.9, -22, -7
3372, -22, -7
3372.1, -22, -7
3372.2, -22, -7
3372.3, -22, -7
3372.4, -22, -7
3372.5, -22, -7
3372.6, -22, -7
3372.7, -22, -8
3372.8, -22, -8
3372.9, -22, -8
3373, -22, -8
3373.1, -22, -9
3373.2, -22, -9
3373.3, -22, -9
3373.4, -22, -9
3373.5, -22, -9
3373.6, -22, -9
3373.7, -22, -9
3373.8, -22, -9
3373.9, -22, -9
3374, -22, -9
3374.1, -21, -9
3374.2, -21, -9
3374.3, -21, -9
3374.4, -21, -9
3374.5, -21, -9
3374.6, -21, -9
3374.7, -21, -9
3374.8, -21, -9
3374.9, -21, -9
3375, -21, -9
3375.1, -21, -9
3375.2, -21, -9
3375.3, -21, -9
3375.4, -21, -9
3375.5, -21, -9
3375.6, -21, -9
3375.7, -21, -9
3375.8, -21, -9
3375.9, -21, -9
3376, -21, -9
3376.1, -21, -9
3376.2, -21, -9
3376.3, -21, -9
3376.4, -21, -9
3376.5, -21, -9
3376.6, -21, -9
3376.7, -21, -9
3376.8, -21, -9
3376.9, -21, -9
3377, -21, -9
3377.1, -21, -9
3377.2, -21, -9
3377.3, -21, -9
3377.4, -21, -9
3377.5, -21, -9
3377.6, -21, -9
3377.7, -21, -9
3377.8, -21, -9
3377.9, -21, -9
3378, -21, -9
3378.1, -20, -9
3378.2, -20, -9
3378.3, -20, -9
3378.4, -20, -9
3378.5, -20, -9
3378.6, -20, -9
3378.7, -20, -9
3378.8, -20, -9
3378.9, -20, -9
3379, -20, -9
3379.1, -20, -9
3379.2, -20, -9
3379.3, -20, -9
3379.4, -20, -9
3379.5, -20, -9
3379.6, -20, -9
3379.7, -20, -9
3379.8, -20, -9
3379.9, -20, -9
3380, -20, -9
3380.1, -20, -9
3380.2, -20, -9
3380.3, -20, -9
3380.4, -20, -9
3380.5, -20, -9
3380.6, -20, -9
3380.7, -20, -8
3380.8, -20, -8
3380.9, -20, -8
3381, -20, -8
3381.1, -20, -8
3381.2, -20, -8
3381.3, -20, -8
3381.4, -20, -8
3381.5, -19, -8
3381.6, -19, -8
3381.7, -19, -8
3381.8, -19, -8
3381.9, -19, -8
3382, -19, -8
3382.1, -19, -8
3382.2, -19, -8
3382.3, -19, -8
3382.4, -19, -8
3382.5, -19, -8
3382.6, -19, -8
3382.7, -19, -8
3382.8, -19, -8
3382.9, -19, -8
3383, -19, -8
3383.1, -19, -8
3383.2, -19, -8
3383.3, -19, -8
3383.4, -19, -8
3383.5, -19, -8
3383.6, -19, -8
3383.7, -19, -8
3383.8, -19, -8
3383.9, -19, -8
3384, -19, -8
3384.1, -19, -8
3384.2, -19, -8
3384.3, -19, -7
3384.4, -19, -7
3384.5, -19, -7
3384.6, -19, -7
3384.7, -19, -7
3384.8, -19, -7
3384.9, -19, -7
3385, -19, -7
3385.1, -19, -7
3385.2, -19, -7
3385.3, -19, -7
3385.4, -19, -7
3385.5, -19, -7
3385.6, -19, -7
3385.7, -19, -7
3385.8, -19, -7
3385.9, -19, -7
3386, -19, -7
3386.1, -20, -7
3386.2, -20, -7
3386.3, -20, -7
3386.4, -20, -7
3386.5, -20, -7
3386.6, -20, -7
3386.7, -20, -7
3386.8, -20, -7
3386.9, -20, -7
3387, -20, -7
3387.1, -19, -7
3387.2, -19, -7
3387.3, -19, -7
3387.4, -19, -7
3387.5, -19, -7
3387.6, -19, -7
3387.7, -19, -7
3387.8, -19, -7
3387.9, -19, -7
3388, -19, -7
3388.1, -19, -8
3388.2, -19, -8
3388.3, -19, -8
3388.4, -19, -8
3388.5, -19, -8
3388.6, -19, -8
3388.7, -19, -8
3388.8, -19, -8
3388.9, -19, -8
3389, -19, -8
3389.1, -19, -8
3389.2, -19, -8
3389.3, -19, -8
3389.4, -19, -8
3389.5, -19, -8
3389.6, -19, -8
3389.7, -19, -8
3389.8, -19, -8
3389.9, -19, -8
3390, -19, -8
3390.1, -19, -8
3390.2, -19, -8
3390.3, -19, -8
3390.4, -19, -8
3390.5, -19, -8
3390.6, -19, -8
3390.7, -19, -8
3390.8, -19, -8
3390.9, -19, -8
3391, -19, -8
3391.1, -19, -8
3391.2, -19, -8
3391.3, -19, -8
3391.4, -19, -8
3391.5, -19, -8
3391.6, -19, -8
3391.7, -19, -7
3391.8, -19, -7
3391.9, -19, -7
3392, -19, -7
3392.1, -19, -7
3392.2, -19, -7
3392.3, -19, -7
3392.4, -19, -7
3392.5, -19, -7
3392.6, -19, -7
3392.7, -19, -7
3392.8, -19, -7
3392.9, -19, -7
3393, -19, -7
3393.1, -19, -7
3393.2, -19, -7
3393.3, -19, -7
3393.4, -19, -7
3393.5, -19, -7
3393.6, -19, -7
3393.7, -19, -7
3393.8, -19, -7
3393.9, -19, -7
3394, -19, -7
3394.1, -19, -7
3394.2, -19, -7
3394.3, -19, -7
3394.4, -19, -7
3394.5, -19, -7
3394.6, -19, -7
3394.7, -19, -7
3394.8, -19, -7
3394.9, -19, -7
3395, -19, -7
3395.1, -19, -7
3395.2, -19, -7
3395.3, -19, -8
3395.4, -19, -8
3395.5, -19, -8
3395.6, -19, -8
3395.7, -19, -8
3395.8, -19, -8
3395.9, -19, -8
3396, -19, -8
3396.1, -19, -8
3396.2, -19, -8
3396.3, -19, -8
3396.4, -19, -8
3396.5, -19, -8
3396.6, -19, -8
3396.7, -19, -8
3396.8, -19, -8
3396.9, -19, -7
3397, -19, -7
3397.1, -19, -7
3397.2, -19, -7
3397.3, -19, -7
3397.4, -19, -7
3397.5, -19, -7
3397.6, -19, -7
3397.7, -19, -7
3397.8, -19, -7
3397.9, -19, -7
3398, -19, -7
3398.1, -19, -7
3398.2, -19, -7
3398.3, -19, -7
3398.4, -19, -7
3398.5, -19, -7
3398.6, -19, -7
3398.7, -19, -7
3398.8, -19, -7
3398.9, -19, -7
3399, -19, -7
3399.1, -19, -7
3399.2, -19, -7
3399.3, -19, -6
3399.4, -19, -6
3399.5, -19, -6
3399.6, -19, -6
3399.7, -19, -6
3399.8, -19, -6
3399.9, -19, -6
3400, -19, -6
3400.1, -19, -6
3400.2, -19, -6
3400.3, -19, -6
3400.4, -19, -6
3400.5, -19, -6
3400.6, -19, -6
3400.7, -19, -6
3400.8, -19, -6
3400.9, -19, -6
3401, -19, -6
3401.1, -19, -6
3401.2, -19, -6
3401.3, -19, -6
3401.4, -19, -6
3401.5, -19, -6
3401.6, -19, -6
3401.7, -19, -6
3401.8, -19, -6
3401.9, -19, -6
3402, -19, -6
3402.1, -19, -6
3402.2, -19, -6
3402.3, -20, -6
3402.4, -20, -6
3402.5, -20, -6
3402.6, -20, -6
3402.7, -20, -6
3402.8, -20, -6
3402.9, -20, -6
3403, -20, -6
3403.1, -20, -6
3403.2, -20, -6
3403.3, -20, -6
3403.4, -20, -6
3403.5, -20, -6
3403.6, -20, -6
3403.7, -20, -6
3403.8, -20, -6
3403.9, -20, -6
3404, -20, -6
3404.1, -20, -6
3404.2, -20, -6
3404.3, -20, -6
3404.4, -20, -6
3404.5, -20, -6
3404.6, -20, -6
3404.7, -20, -6
3404.8, -20, -6
3404.9, -20, -6
3405, -20, -6
3405.1, -20, -6
3405.2, -20, -6
3405.3, -20, -6
3405.4, -20, -6
3405.5, -20, -6
3405.6, -20, -6
3405.7, -20, -6
3405.8, -20, -6
3405.9, -20, -6
3406, -20, -6
3406.1, -20, -6
3406.2, -20, -6
3406.3, -20, -5
3406.4, -20, -5
3406.5, -20, -5
3406.6, -20, -5
3406.7, -20, -5
3406.8, -20, -5
3406.9, -20, -5
3407, -20, -5
3407.1, -20, -5
3407.2, -20, -5
3407.3, -20, -5
3407.4, -20, -5
3407.5, -19, -5
3407.6, -19, -5
3407.7, -19, -5
3407.8, -19, -5
3407.9, -19, -5
3408, -19, -5
3408.1, -18, -5
3408.2, -18, -5
3408.3, -18, -5
3408.4, -18, -5
3408.5, -18, -5
3408.6, -18, -5
3408.7, -18, -5
3408.8, -18, -5
3408.9, -18, -5
3409, -18, -5
3409.1, -18, -5
3409.2, -18, -5
3409.3, -18, -5
3409.4, -18, -5
3409.5, -18, -5
3409.6, -18, -5
3409.7, -18, -5
3409.8, -18, -5
3409.9, -18, -5
3410, -18, -5
3410.1, -18, -5
3410.2, -18, -5
3410.3, -18, -5
3410.4, -18, -5
3410.5, -19, -5
3410.6, -19, -5
3410.7, -19, -5
3410.8, -19, -5
3410.9, -19, -5
3411, -19, -5
3411.1, -19, -5
3411.2, -19, -5
3411.3, -19, -5
3411.4, -19, -5
3411.5, -19, -5
3411.6, -19, -5
3411.7, -19, -5
3411.8, -19, -5
3411.9, -19, -5
3412, -19, -5
3412.1, -19, -5
3412.2, -19, -5
3412.3, -19, -5
3412.4, -19, -5
3412.5, -19, -5
3412.6, -19, -5
3412.7, -19, -5
3412.8, -19, -5
3412.9, -19, -5
3413, -19, -5
3413.1, -19, -5
3413.2, -19, -5
3413.3, -19, -5
3413.4, -19, -5
3413.5, -19, -6
3413.6, -19, -6
3413.7, -19, -6
3413.8, -19, -6
3413.9, -19, -6
3414, -19, -6
3414.1, -19, -6
3414.2, -19, -6
3414.3, -19, -6
3414.4, -19, -6
3414.5, -19, -6
3414.6, -19, -6
3414.7, -19, -6
3414.8, -19, -6
3414.9, -19, -6
3415, -19, -6
3415.1, -19, -6
3415.2, -19, -6
3415.3, -19, -6
3415.4, -19, -6
3415.5, -19, -6
3415.6, -19, -6
3415.7, -19, -6
3415.8, -19, -6
3415.9, -19, -6
3416, -19, -6
3416.1, -19, -6
3416.2, -19, -6
3416.3, -19, -6
3416.4, -19, -6
3416.5, -19, -6
3416.6, -19, -6
3416.7, -19, -6
3416.8, -19, -6
3416.9, -19, -6
3417, -19, -6
3417.1, -19, -5
3417.2, -19, -5
3417.3, -19, -5
3417.4, -19, -5
3417.5, -19, -5
3417.6, -19, -5
3417.7, -18, -5
3417.8, -18, -5
3417.9, -18, -5
3418, -18, -5
3418.1, -18, -5
3418.2, -18, -5
3418.3, -18, -5
3418.4, -18, -5
3418.5, -18, -5
3418.6, -18, -5
3418.7, -18, -5
3418.8, -18, -5
3418.9, -18, -5
3419, -18, -5
3419.1, -18, -5
3419.2, -18, -5
3419.3, -18, -5
3419.4, -18, -5
3419.5, -19, -5
3419.6, -19, -5
3419.7, -19, -5
3419.8, -19, -5
3419.9, -19, -5
3420, -19, -5
3420.1, -19, -5
3420.2, -19, -5
3420.3, -19, -5
3420.4, -19, -5
3420.5, -19, -5
3420.6, -19, -5
3420.7, -19, -5
3420.8, -19, -5
3420.9, -19, -5
3421, -19, -5
3421.1, -19, -5
3421.2, -19, -5
3421.3, -19, -5
3421.4, -19, -5
3421.5, -19, -5
3421.6, -19, -5
3421.7, -19, -5
3421.8, -19, -5
3421.9, -19, -5
3422, -19, -5
3422.1, -18, -5
3422.2, -18, -5
3422.3, -18, -5
3422.4, -18, -5
3422.5, -18, -5
3422.6, -18, -5
3422.7, -18, -5
3422.8, -18, -5
3422.9, -18, -5
3423, -18, -5
3423.1, -18, -5
3423.2, -18, -5
3423.3, -18, -5
3423.4, -18, -5
3423.5, -18, -5
3423.6, -18, -5
3423.7, -18, -5
3423.8, -18, -5
3423.9, -18, -5
3424, -18, -5
3424.1, -19, -5
3424.2, -19, -5
3424.3, -20, -5
3424.4, -20, -5
3424.5, -20, -5
3424.6, -20, -5
3424.7, -20, -5
3424.8, -20, -5
3424.9, -19, -5
3425, -19, -5
3425.1, -19, -5
3425.2, -19, -5
3425.3, -19, -5
3425.4, -19, -5
3425.5, -19, -5
3425.6, -19, -5
3425.7, -19, -5
3425.8, -19, -5
3425.9, -19, -5
3426, -19, -5
3426.1, -19, -5
3426.2, -19, -5
3426.3, -19, -5
3426.4, -19, -5
3426.5, -19, -5
3426.6, -19, -5
3426.7, -19, -5
3426.8, -19, -5
3426.9, -19, -5
3427, -19, -5
3427.1, -19, -5
3427.2, -19, -5
3427.3, -18, -5
3427.4, -18, -5
3427.5, -18, -5
3427.6, -18, -5
3427.7, -18, -5
3427.8, -18, -5
3427.9, -18, -5
3428, -18, -5
3428.1, -18, -5
3428.2, -18, -5
3428.3, -18, -5
3428.4, -18, -5
3428.5, -18, -5
3428.6, -18, -5
3428.7, -18, -5
3428.8, -18, -5
3428.9, -18, -5
3429, -18, -5
3429.1, -18, -5
3429.2, -18, -5
3429.3, -18, -5
3429.4, -18, -5
3429.5, -18, -5
3429.6, -18, -5
3429.7, -17, -5
3429.8, -17, -5
3429.9, -17, -5
3430, -17, -5
3430.1, -17, -5
3430.2, -17, -5
3430.3, -17, -4
3430.4, -17, -4
3430.5, -17, -4
3430.6, -17, -4
3430.7, -17, -4
3430.8, -17, -4
3430.9, -17, -4
3431, -17, -4
3431.1, -17, -4
3431.2, -17, -4
3431.3, -17, -4
3431.4, -17, -4
3431.5, -17, -4
3431.6, -17, -4
3431.7, -17, -4
3431.8, -17, -4
3431.9, -16, -4
3432, -16, -4
3432.1, -17, -4
3432.2, -17, -4
3432.3, -17, -4
3432.4, -17, -4
3432.5, -17, -4
3432.6, -17, -4
3432.7, -18, -4
3432.8, -18, -4
3432.9, -18, -5
3433, -18, -5
3433.1, -18, -5
3433.2, -18, -5
3433.3, -18, -5
3433.4, -18, -5
3433.5, -18, -5
3433.6, -18, -5
3433.7, -18, -5
3433.8, -18, -5
3433.9, -18, -5
3434, -18, -5
3434.1, -18, -5
3434.2, -18, -5
3434.3, -18, -6
3434.4, -18, -6
3434.5, -18, -6
3434.6, -18, -6
3434.7, -18, -6
3434.8, -18, -6
3434.9, -18, -6
3435, -18, -6
3435.1, -18, -6
3435.2, -18, -6
3435.3, -18, -6
3435.4, -18, -6
3435.5, -18, -6
3435.6, -18, -6
3435.7, -18, -6
3435.8, -18, -6
3435.9, -18, -5
3436, -18, -5
3436.1, -18, -5
3436.2, -18, -5
3436.3, -18, -5
3436.4, -18, -5
3436.5, -18, -5
3436.6, -18, -5
3436.7, -18, -5
3436.8, -18, -5
3436.9, -18, -5
3437, -18, -5
3437.1, -18, -5
3437.2, -18, -5
3437.3, -18, -5
3437.4, -18, -5
3437.5, -18, -5
3437.6, -18, -5
3437.7, -18, -5
3437.8, -18, -5
3437.9, -18, -5
3438, -18, -5
3438.1, -18, -5
3438.2, -18, -5
3438.3, -18, -5
3438.4, -18, -5
3438.5, -18, -5
3438.6, -18, -5
3438.7, -18, -5
3438.8, -18, -5
3438.9, -18, -5
3439, -18, -5
3439.1, -18, -5
3439.2, -18, -5
3439.3, -18, -5
3439.4, -18, -5
3439.5, -18, -5
3439.6, -18, -5
3439.7, -18, -5
3439.8, -18, -5
3439.9, -18, -5
3440, -18, -5
3440.1, -18, -5
3440.2, -18, -5
3440.3, -18, -5
3440.4, -18, -5
3440.5, -18, -5
3440.6, -18, -5
3440.7, -18, -5
3440.8, -18, -5
3440.9, -18, -5
3441, -18, -5
3441.1, -18, -5
3441.2, -18, -5
3441.3, -18, -5
3441.4, -18, -5
3441.5, -18, -5
3441.6, -18, -5
3441.7, -18, -4
3441.8, -18, -4
3441.9, -18, -4
3442, -18, -4
3442.1, -18, -4
3442.2, -18, -4
3442.3, -18, -4
3442.4, -18, -4
3442.5, -18, -4
3442.6, -18, -4
3442.7, -18, -4
3442.8, -18, -4
3442.9, -18, -4
3443, -18, -4
3443.1, -18, -4
3443.2, -18, -4
3443.3, -18, -4
3443.4, -18, -4
3443.5, -18, -4
3443.6, -18, -4
3443.7, -18, -4
3443.8, -18, -4
3443.9, -18, -4
3444, -18, -4
3444.1, -18, -4
3444.2, -18, -4
3444.3, -18, -4
3444.4, -18, -4
3444.5, -18, -4
3444.6, -18, -4
3444.7, -18, -4
3444.8, -18, -4
3444.9, -18, -4
3445, -18, -4
3445.1, -18, -4
3445.2, -18, -4
3445.3, -18, -4
3445.4, -18, -4
3445.5, -18, -4
3445.6, -18, -4
3445.7, -18, -4
3445.8, -18, -4
3445.9, -18, -4
3446, -18, -4
3446.1, -18, -4
3446.2, -18, -4
3446.3, -18, -3
3446.4, -18, -3
3446.5, -18, -3
3446.6, -18, -3
3446.7, -18, -3
3446.8, -18, -3
3446.9, -18, -4
3447, -18, -4
3447.1, -18, -4
3447.2, -18, -4
3447.3, -18, -4
3447.4, -18, -4
3447.5, -18, -4
3447.6, -18, -4
3447.7, -18, -4
3447.8, -18, -4
3447.9, -18, -4
3448, -18, -4
3448.1, -18, -4
3448.2, -18, -4
3448.3, -18, -4
3448.4, -18, -4
3448.5, -18, -4
3448.6, -18, -4
3448.7, -18, -4
3448.8, -18, -4
3448.9, -18, -4
3449, -18, -4
3449.1, -18, -4
3449.2, -18, -4
3449.3, -18, -4
3449.4, -18, -4
3449.5, -18, -4
3449.6, -18, -4
3449.7, -18, -4
3449.8, -18, -4
3449.9, -18, -4
3450, -18, -4
3450.1, -19, -4
3450.2, -19, -4
3450.3, -19, -3
3450.4, -19, -3
3450.5, -19, -3
3450.6, -19, -3
3450.7, -19, -3
3450.8, -19, -3
3450.9, -19, -3
3451, -19, -3
3451.1, -19, -3
3451.2, -19, -3
3451.3, -19, -3
3451.4, -19, -3
3451.5, -19, -3
3451.6, -19, -3
3451.7, -19, -4
3451.8, -19, -4
3451.9, -19, -4
3452, -19, -4
3452.1, -19, -4
3452.2, -19, -4
3452.3, -19, -4
3452.4, -19, -4
3452.5, -19, -4
3452.6, -19, -4
3452.7, -19, -4
3452.8, -19, -4
3452.9, -19, -4
3453, -19, -4
3453.1, -19, -4
3453.2, -19, -4
3453.3, -19, -4
3453.4, -19, -4
3453.5, -19, -4
3453.6, -19, -4
3453.7, -19, -4
3453.8, -19, -4
3453.9, -19, -4
3454, -19, -4
3454.1, -19, -4
3454.2, -19, -4
3454.3, -19, -4
3454.4, -19, -4
3454.5, -19, -4
3454.6, -19, -4
3454.7, -19, -4
3454.8, -19, -4
3454.9, -19, -4
3455, -19, -4
3455.1, -19, -4
3455.2, -19, -4
3455.3, -19, -4
3455.4, -19, -4
3455.5, -19, -4
3455.6, -19, -4
3455.7, -19, -4
3455.8, -19, -4
3455.9, -19, -4
3456, -19, -4
3456.1, -19, -4
3456.2, -19, -4
3456.3, -18, -4
3456.4, -18, -4
3456.5, -18, -4
3456.6, -18, -4
3456.7, -18, -4
3456.8, -18, -4
3456.9, -18, -4
3457, -18, -4
3457.1, -18, -4
3457.2, -18, -4
3457.3, -18, -4
3457.4, -18, -4
3457.5, -18, -4
3457.6, -18, -4
3457.7, -17, -4
3457.8, -17, -4
3457.9, -17, -4
3458, -17, -4
3458.1, -17, -4
3458.2, -17, -4
3458.3, -17, -3
3458.4, -17, -3
3458.5, -17, -3
3458.6, -17, -3
3458.7, -17, -3
3458.8, -17, -3
3458.9, -17, -3
3459, -17, -3
3459.1, -17, -3
3459.2, -17, -3
3459.3, -17, -3
3459.4, -17, -3
3459.5, -17, -3
3459.6, -17, -3
3459.7, -17, -3
3459.8, -17, -3
3459.9, -17, -3
3460, -17, -3
3460.1, -17, -3
3460.2, -17, -3
3460.3, -17, -3
3460.4, -17, -3
3460.5, -17, -3
3460.6, -17, -3
3460.7, -18, -3
3460.8, -18, -3
3460.9, -18, -3
3461, -18, -3
3461.1, -18, -3
3461.2, -18, -3
3461.3, -18, -3
3461.4, -18, -3
3461.5, -17, -3
3461.6, -17, -3
3461.7, -17, -3
3461.8, -17, -3
3461.9, -17, -3
3462, -17, -3
3462.1, -17, -3
3462.2, -17, -3
3462.3, -18, -3
3462.4, -18, -3
3462.5, -18, -3
3462.6, -18, -3
3462.7, -18, -3
3462.8, -18, -3
3462.9, -18, -3
3463, -18, -3
3463.1, -18, -3
3463.2, -18, -3
3463.3, -18, -4
3463.4, -18, -4
3463.5, -18, -4
3463.6, -18, -4
3463.7, -18, -4
3463.8, -18, -4
3463.9, -18, -4
3464, -18, -4
3464.1, -18, -4
3464.2, -18, -4
3464.3, -18, -4
3464.4, -18, -4
3464.5, -18, -5
3464.6, -18, -5
3464.7, -18, -5
3464.8, -18, -5
3464.9, -18, -5
3465, -18, -5
3465.1, -18, -5
3465.2, -18, -5
3465.3, -18, -5
3465.4, -18, -5
3465.5, -18, -6
3465.6, -18, -6
3465.7, -18, -6
3465.8, -18, -6
3465.9, -18, -6
3466, -18, -6
3466.1, -18, -6
3466.2, -18, -6
3466.3, -18, -6
3466.4, -18, -6
3466.5, -18, -6
3466.6, -18, -6
3466.7, -18, -6
3466.8, -18, -6
3466.9, -18, -7
3467, -18, -7
3467.1, -18, -7
3467.2, -18, -7
3467.3, -18, -7
3467.4, -18, -7
3467.5, -18, -7
3467.6, -18, -7
3467.7, -18, -7
3467.8, -18, -7
3467.9, -18, -7
3468, -18, -7
3468.1, -18, -7
3468.2, -18, -7
3468.3, -18, -7
3468.4, -18, -7
3468.5, -18, -7
3468.6, -18, -7
3468.7, -18, -7
3468.8, -18, -7
3468.9, -18, -7
3469, -18, -7
3469.1, -18, -7
3469.2, -18, -7
3469.3, -18, -7
3469.4, -18, -7
3469.5, -18, -7
3469.6, -18, -7
3469.7, -18, -7
3469.8, -18, -7
3469.9, -19, -7
3470, -19, -7
3470.1, -19, -7
3470.2, -19, -7
3470.3, -19, -7
3470.4, -19, -7
3470.5, -19, -7
3470.6, -19, -7
3470.7, -19, -7
3470.8, -19, -7
3470.9, -19, -7
3471, -19, -7
3471.1, -19, -7
3471.2, -19, -7
3471.3, -19, -7
3471.4, -19, -7
3471.5, -19, -7
3471.6, -19, -7
3471.7, -19, -7
3471.8, -19, -7
3471.9, -19, -7
3472, -19, -7
3472.1, -20, -7
3472.2, -20, -7
3472.3, -20, -7
3472.4, -20, -7
3472.5, -20, -7
3472.6, -20, -7
3472.7, -20, -7
3472.8, -20, -7
3472.9, -20, -7
3473, -20, -7
3473.1, -20, -6
3473.2, -20, -6
3473.3, -20, -6
3473.4, -20, -6
3473.5, -20, -6
3473.6, -20, -6
3473.7, -20, -6
3473.8, -20, -6
3473.9, -20, -6
3474, -20, -6
3474.1, -20, -6
3474.2, -20, -6
3474.3, -20, -6
3474.4, -20, -6
3474.5, -20, -6
3474.6, -20, -6
3474.7, -20, -6
3474.8, -20, -6
3474.9, -20, -6
3475, -20, -6
3475.1, -20, -6
3475.2, -20, -6
3475.3, -20, -6
3475.4, -20, -6
3475.5, -20, -7
3475.6, -20, -7
3475.7, -20, -7
3475.8, -20, -7
3475.9, -20, -7
3476, -20, -7
3476.1, -20, -7
3476.2, -20, -7
3476.3, -20, -7
3476.4, -20, -7
3476.5, -20, -7
3476.6, -20, -7
3476.7, -20, -7
3476.8, -20, -7
3476.9, -20, -7
3477, -20, -7
3477.1, -20, -7
3477.2, -20, -7
3477.3, -20, -7
3477.4, -20, -7
3477.5, -20, -7
3477.6, -20, -7
3477.7, -20, -7
3477.8, -20, -7
3477.9, -20, -7
3478, -20, -7
3478.1, -20, -7
3478.2, -20, -7
3478.3, -20, -7
3478.4, -20, -7
3478.5, -20, -7
3478.6, -20, -7
3478.7, -20, -7
3478.8, -20, -7
3478.9, -20, -7
3479, -20, -7
3479.1, -20, -7
3479.2, -20, -7
3479.3, -20, -7
3479.4, -20, -7
3479.5, -20, -7
3479.6, -20, -7
3479.7, -20, -7
3479.8, -20, -7
3479.9, -20, -7
3480, -20, -7
3480.1, -20, -7
3480.2, -20, -7
3480.3, -20, -7
3480.4, -20, -7
3480.5, -20, -7
3480.6, -20, -7
3480.7, -20, -7
3480.8, -20, -7
3480.9, -20, -7
3481, -20, -7
3481.1, -20, -7
3481.2, -20, -7
3481.3, -20, -7
3481.4, -20, -7
3481.5, -20, -7
3481.6, -20, -7
3481.7, -20, -7
3481.8, -20, -7
3481.9, -20, -7
3482, -20, -7
3482.1, -20, -7
3482.2, -20, -7
3482.3, -20, -7
3482.4, -20, -7
3482.5, -20, -7
3482.6, -20, -7
3482.7, -21, -7
3482.8, -21, -7
3482.9, -21, -7
3483, -21, -7
3483.1, -21, -7
3483.2, -21, -7
3483.3, -21, -7
3483.4, -21, -7
3483.5, -21, -7
3483.6, -21, -7
3483.7, -21, -7
3483.8, -21, -7
3483.9, -21, -7
3484, -21, -7
3484.1, -21, -7
3484.2, -21, -7
3484.3, -21, -7
3484.4, -21, -7
3484.5, -21, -7
3484.6, -21, -7
3484.7, -21, -7
3484.8, -21, -7
3484.9, -21, -7
3485, -21, -7
3485.1, -21, -7
3485.2, -21, -7
3485.3, -21, -7
3485.4, -21, -7
3485.5, -21, -7
3485.6, -21, -7
3485.7, -21, -8
3485.8, -21, -8
3485.9, -21, -8
3486, -21, -8
3486.1, -21, -8
3486.2, -21, -8
3486.3, -21, -8
3486.4, -21, -8
3486.5, -21, -7
3486.6, -21, -7
3486.7, -21, -7
3486.8, -21, -7
3486.9, -21, -7
3487, -21, -7
3487.1, -21, -7
3487.2, -21, -7
3487.3, -21, -7
3487.4, -21, -7
3487.5, -21, -7
3487.6, -21, -7
3487.7, -21, -7
3487.8, -21, -7
3487.9, -21, -7
3488, -21, -7
3488.1, -21, -7
3488.2, -21, -7
3488.3, -21, -7
3488.4, -21, -7
3488.5, -21, -7
3488.6, -21, -7
3488.7, -21, -7
3488.8, -21, -7
3488.9, -21, -7
3489, -21, -7
3489.1, -21, -7
3489.2, -21, -7
3489.3, -21, -7
3489.4, -21, -7
3489.5, -21, -7
3489.6, -21, -7
3489.7, -21, -7
3489.8, -21, -7
3489.9, -21, -7
3490, -21, -7
3490.1, -21, -7
3490.2, -21, -7
3490.3, -21, -7
3490.4, -21, -7
3490.5, -21, -7
3490.6, -21, -7
3490.7, -21, -7
3490.8, -21, -7
3490.9, -21, -7
3491, -21, -7
3491.1, -21, -7
3491.2, -21, -7
3491.3, -21, -7
3491.4, -21, -7
3491.5, -21, -7
3491.6, -21, -7
3491.7, -21, -7
3491.8, -21, -7
3491.9, -21, -7
3492, -21, -7
3492.1, -21, -7
3492.2, -21, -7
3492.3, -21, -7
3492.4, -21, -7
3492.5, -21, -7
3492.6, -21, -7
3492.7, -21, -7
3492.8, -21, -7
3492.9, -21, -6
3493, -21, -6
3493.1, -21, -6
3493.2, -21, -6
3493.3, -21, -6
3493.4, -21, -6
3493.5, -21, -6
3493.6, -21, -6
3493.7, -21, -6
3493.8, -21, -6
3493.9, -21, -6
3494, -21, -6
3494.1, -21, -6
3494.2, -21, -6
3494.3, -21, -6
3494.4, -21, -6
3494.5, -21, -6
3494.6, -21, -6
3494.7, -21, -6
3494.8, -21, -6
3494.9, -21, -6
3495, -21, -6
3495.1, -21, -6
3495.2, -21, -6
3495.3, -21, -6
3495.4, -21, -6
3495.5, -21, -6
3495.6, -21, -6
3495.7, -21, -6
3495.8, -21, -6
3495.9, -21, -6
3496, -21, -6
3496.1, -21, -6
3496.2, -21, -6
3496.3, -21, -6
3496.4, -21, -6
3496.5, -21, -6
3496.6, -21, -6
3496.7, -21, -6
3496.8, -21, -6
3496.9, -21, -6
3497, -21, -6
3497.1, -21, -6
3497.2, -21, -6
3497.3, -21, -6
3497.4, -21, -6
3497.5, -21, -6
3497.6, -21, -6
3497.7, -21, -6
3497.8, -21, -6
3497.9, -21, -6
3498, -21, -6
3498.1, -21, -6
3498.2, -21, -6
3498.3, -21, -6
3498.4, -21, -6
3498.5, -21, -6
3498.6, -21, -6
3498.7, -21, -6
3498.8, -21, -6
3498.9, -21, -6
3499, -21, -6
3499.1, -21, -6
3499.2, -21, -6
3499.3, -22, -6
3499.4, -22, -6
3499.5, -22, -6
3499.6, -22, -6
3499.7, -22, -6
3499.8, -22, -6
3499.9, -22, -5
3500, -22, -5
3500.1, -22, -5
3500.2, -22, -5
3500.3, -22, -5
3500.4, -22, -5
3500.5, -22, -5
3500.6, -22, -5
3500.7, -22, -5
3500.8, -22, -5
3500.9, -22, -5
3501, -22, -5
3501.1, -22, -4
3501.2, -22, -4
3501.3, -22, -3
3501.4, -22, -3
3501.5, -22, -3
3501.6, -22, -3
3501.7, -22, -3
3501.8, -22, -3
3501.9, -22, -3
3502, -22, -3
3502.1, -22, -3
3502.2, -22, -3
3502.3, -22, -3
3502.4, -22, -3
3502.5, -22, -3
3502.6, -22, -3
3502.7, -22, -3
3502.8, -22, -3
3502.9, -22, -3
3503, -22, -3
3503.1, -22, -3
3503.2, -22, -3
3503.3, -22, -3
3503.4, -22, -3
3503.5, -22, -3
3503.6, -22, -3
3503.7, -22, -3
3503.8, -22, -3
3503.9, -22, -3
3504, -22, -3
3504.1, -22, -3
3504.2, -22, -3
3504.3, -22, -3
3504.4, -22, -3
3504.5, -22, -3
3504.6, -22, -3
3504.7, -22, -3
3504.8, -22, -3
3504.9, -22, -2
3505, -22, -2
3505.1, -22, -2
3505.2, -22, -2
3505.3, -22, -2
3505.4, -22, -2
3505.5, -22, -2
3505.6, -22, -2
3505.7, -22, -2
3505.8, -22, -2
3505.9, -22, -2
3506, -22, -2
3506.1, -22, -2
3506.2, -22, -2
3506.3, -22, -2
3506.4, -22, -2
3506.5, -22, -2
3506.6, -22, -2
3506.7, -22, -2
3506.8, -22, -2
3506.9, -22, -2
3507, -22, -2
3507.1, -22, -2
3507.2, -22, -2
3507.3, -23, -2
3507.4, -23, -2
3507.5, -23, -2
3507.6, -23, -2
3507.7, -23, -2
3507.8, -23, -2
3507.9, -24, -2
3508, -24, -2
3508.1, -24, -2
3508.2, -24, -2
3508.3, -24, -2
3508.4, -24, -2
3508.5, -24, -2
3508.6, -24, -2
3508.7, -24, -2
3508.8, -24, -2
3508.9, -24, -2
3509, -24, -2
3509.1, -24, -2
3509.2, -24, -2
3509.3, -24, -2
3509.4, -24, -2
3509.5, -24, -2
3509.6, -24, -2
3509.7, -24, -2
3509.8, -24, -2
3509.9, -24, -2
3510, -24, -2
3510.1, -24, -2
3510.2, -24, -2
3510.3, -24, -2
3510.4, -24, -2
3510.5, -24, -2
3510.6, -24, -2
3510.7, -24, -2
3510.8, -24, -2
3510.9, -24, -2
3511, -24, -2
3511.1, -24, -2
3511.2, -24, -2
3511.3, -24, -2
3511.4, -24, -2
3511.5, -24, -2
3511.6, -24, -2
3511.7, -24, -2
3511.8, -24, -2
3511.9, -24, -2
3512, -24, -2
3512.1, -24, -2
3512.2, -24, -2
3512.3, -24, -2
3512.4, -24, -2
3512.5, -24, -2
3512.6, -24, -2
3512.7, -24, -2
3512.8, -24, -2
3512.9, -24, -2
3513, -24, -2
3513.1, -24, -2
3513.2, -24, -2
3513.3, -24, -2
3513.4, -24, -2
3513.5, -24, -2
3513.6, -24, -2
3513.7, -24, -2
3513.8, -24, -2
3513.9, -25, -2
3514, -25, -2
3514.1, -25, -2
3514.2, -25, -2
3514.3, -25, -2
3514.4, -25, -2
3514.5, -25, -2
3514.6, -25, -2
3514.7, -25, -2
3514.8, -25, -2
3514.9, -25, -2
3515, -25, -2
3515.1, -25, -1
3515.2, -25, -1
3515.3, -25, -1
3515.4, -25, -1
3515.5, -25, -1
3515.6, -25, -1
3515.7, -25, -1
3515.8, -25, -1
3515.9, -25, -1
3516, -25, -1
3516.1, -25, -1
3516.2, -25, -1
3516.3, -25, -1
3516.4, -25, -1
3516.5, -25, -1
3516.6, -25, -1
3516.7, -26, -1
3516.8, -26, -1
3516.9, -26, -1
3517, -26, -1
3517.1, -26, -1
3517.2, -26, -1
3517.3, -26, -1
3517.4, -26, -1
3517.5, -27, -1
3517.6, -27, -1
3517.7, -27, -1
3517.8, -27, -1
3517.9, -27, -1
3518, -27, -1
3518.1, -27, -1
3518.2, -27, -1
3518.3, -27, -1
3518.4, -27, -1
3518.5, -27, -1
3518.6, -27, -1
3518.7, -27, -1
3518.8, -27, -1
3518.9, -27, -1
3519, -27, -1
3519.1, -27, -1
3519.2, -27, -1
3519.3, -27, -1
3519.4, -27, -1
3519.5, -27, -1
3519.6, -27, -1
3519.7, -27, -1
3519.8, -27, -1
3519.9, -27, -1
3520, -27, -1
3520.1, -26, -1
3520.2, -26, -1
3520.3, -26, -1
3520.4, -26, -1
3520.5, -26, -1
3520.6, -26, -1
3520.7, -26, -1
3520.8, -26, -1
3520.9, -26, -1
3521, -26, -1
3521.1, -27, -1
3521.2, -27, -1
3521.3, -27, -1
3521.4, -27, -1
3521.5, -27, -1
3521.6, -27, -1
3521.7, -27, 0
3521.8, -27, 0
3521.9, -27, 0
3522, -27, 0
3522.1, -27, 0
3522.2, -27, 0
3522.3, -27, 0
3522.4, -27, 0
3522.5, -27, 0
3522.6, -27, 0
3522.7, -27, 0
3522.8, -27, 0
3522.9, -27, 0
3523, -27, 0
3523.1, -27, 0
3523.2, -27, 0
3523.3, -27, 0
3523.4, -27, 0
3523.5, -27, 0
3523.6, -27, 0
3523.7, -27, 0
3523.8, -27, 0
3523.9, -27, 0
3524, -27, 0
3524.1, -27, 0
3524.2, -27, 0
3524.3, -27, -1
3524.4, -27, -1
3524.5, -27, -1
3524.6, -27, -1
3524.7, -27, -1
3524.8, -27, -1
3524.9, -27, -1
3525, -27, -1
3525.1, -27, -1
3525.2, -27, -1
3525.3, -27, -1
3525.4, -27, -1
3525.5, -27, -1
3525.6, -27, -1
3525.7, -27, -1
3525.8, -27, -1
3525.9, -27, -1
3526, -27, -1
3526.1, -27, -1
3526.2, -27, -1
3526.3, -27, -1
3526.4, -27, -1
3526.5, -27, -1
3526.6, -27, -1
3526.7, -27, -1
3526.8, -27, -1
3526.9, -27, -1
3527, -27, -1
3527.1, -27, -1
3527.2, -27, -1
3527.3, -27, -1
3527.4, -27, -1
3527.5, -27, -1
3527.6, -27, -1
3527.7, -27, -1
3527.8, -27, -1
3527.9, -26, -1
3528, -26, -1
3528.1, -26, -1
3528.2, -26, -1
3528.3, -26, -1
3528.4, -26, -1
3528.5, -26, -1
3528.6, -26, -1
3528.7, -26, -1
3528.8, -26, -1
3528.9, -26, -1
3529, -26, -1
3529.1, -26, -1
3529.2, -26, -1
3529.3, -26, -1
3529.4, -26, -1
3529.5, -26, -1
3529.6, -26, -1
3529.7, -26, -1
3529.8, -26, -1
3529.9, -26, -1
3530, -26, -1
3530.1, -26, -1
3530.2, -26, -1
3530.3, -26, -1
3530.4, -26, -1
3530.5, -26, -1
3530.6, -26, -1
3530.7, -26, -1
3530.8, -26, -1
3530.9, -26, -1
3531, -26, -1
3531.1, -26, -1
3531.2, -26, -1
3531.3, -26, -1
3531.4, -26, -1
3531.5, -26, -1
3531.6, -26, -1
3531.7, -25, -1
3531.8, -25, -1
3531.9, -25, -1
3532, -25, -1
3532.1, -25, 0
3532.2, -25, 0
3532.3, -25, 0
3532.4, -25, 0
3532.5, -25, 0
3532.6, -25, 0
3532.7, -25, 0
3532.8, -25, 0
3532.9, -25, 0
3533, -25, 0
3533.1, -25, 0
3533.2, -25, 0
3533.3, -25, 0
3533.4, -25, 0
3533.5, -25, 0
3533.6, -25, 0
3533.7, -25, 0
3533.8, -25, 0
3533.9, -25, 0
3534, -25, 0
3534.1, -25, 0
3534.2, -25, 0
3534.3, -25, 0
3534.4, -25, 0
3534.5, -25, 0
3534.6, -25, 0
3534.7, -25, 0
3534.8, -25, 0
3534.9, -25, 0
3535, -25, 0
3535.1, -25, 0
3535.2, -25, 0
3535.3, -25, 0
3535.4, -25, 0
3535.5, -25, 0
3535.6, -25, 0
3535.7, -25, 0
3535.8, -25, 0
3535.9, -25, 0
3536, -25, 0
3536.1, -25, 0
3536.2, -25, 0
3536.3, -25, 0
3536.4, -25, 0
3536.5, -25, 0
3536.6, -25, 0
3536.7, -25, 0
3536.8, -25, 0
3536.9, -25, 0
3537, -25, 0
3537.1, -25, 0
3537.2, -25, 0
3537.3, -25, 0
3537.4, -25, 0
3537.5, -25, 0
3537.6, -25, 0
3537.7, -25, 0
3537.8, -25, 0
3537.9, -25, 0
3538, -25, 0
3538.1, -25, 0
3538.2, -25, 0
3538.3, -25, 0
3538.4, -25, 0
3538.5, -25, 0
3538.6, -25, 0
3538.7, -25, 0
3538.8, -25, 0
3538.9, -25, 0
3539, -25, 0
3539.1, -25, 0
3539.2, -25, 0
3539.3, -25, 0
3539.4, -25, 0
3539.5, -25, 0
3539.6, -25, 0
3539.7, -25, 0
3539.8, -25, 0
3539.9, -25, 0
3540, -25, 0
3540.1, -25, 0
3540.2, -25, 0
3540.3, -25, 0
3540.4, -25, 0
3540.5, -25, 0
3540.6, -25, 0
3540.7, -25, 0
3540.8, -25, 0
3540.9, -25, 0
3541, -25, 0
3541.1, -25, 0
3541.2, -25, 0
3541.3, -25, 0
3541.4, -25, 0
3541.5, -25, 0
3541.6, -25, 0
3541.7, -25, 0
3541.8, -25, 0
3541.9, -25, 0
3542, -25, 0
3542.1, -25, 0
3542.2, -25, 0
3542.3, -25, 0
3542.4, -25, 0
3542.5, -25, 0
3542.6, -25, 0
3542.7, -25, 0
3542.8, -25, 0
3542.9, -25, 0
3543, -25, 0
3543.1, -25, -1
3543.2, -25, -1
3543.3, -25, -2
3543.4, -25, -2
3543.5, -25, -2
3543.6, -25, -2
3543.7, -25, -2
3543.8, -25, -2
3543.9, -25, -2
3544, -25, -2
3544.1, -25, -2
3544.2, -25, -2
3544.3, -25, -2
3544.4, -25, -2
3544.5, -25, -2
3544.6, -25, -2
3544.7, -25, -2
3544.8, -25, -2
3544.9, -25, -2
3545, -25, -2
3545.1, -25, -2
3545.2, -25, -2
3545.3, -25, -2
3545.4, -25, -2
3545.5, -25, -2
3545.6, -25, -2
3545.7, -25, -2
3545.8, -25, -2
3545.9, -25, -2
3546, -25, -2
3546.1, -25, -2
3546.2, -25, -2
3546.3, -25, -2
3546.4, -25, -2
3546.5, -25, -2
3546.6, -25, -2
3546.7, -25, -2
3546.8, -25, -2
3546.9, -25, -2
3547, -25, -2
3547.1, -25, -3
3547.2, -25, -3
3547.3, -25, -3
3547.4, -25, -3
3547.5, -25, -3
3547.6, -25, -3
3547.7, -25, -3
3547.8, -25, -3
3547.9, -25, -3
3548, -25, -3
3548.1, -25, -3
3548.2, -25, -3
3548.3, -25, -3
3548.4, -25, -3
3548.5, -25, -3
3548.6, -25, -3
3548.7, -25, -3
3548.8, -25, -3
3548.9, -25, -3
3549, -25, -3
3549.1, -25, -3
3549.2, -25, -3
3549.3, -25, -3
3549.4, -25, -3
3549.5, -25, -3
3549.6, -25, -3
3549.7, -25, -3
3549.8, -25, -3
3549.9, -25, -3
3550, -25, -3
3550.1, -25, -3
3550.2, -25, -3
3550.3, -25, -3
3550.4, -25, -3
3550.5, -25, -3
3550.6, -25, -3
3550.7, -25, -3
3550.8, -25, -3
3550.9, -25, -3
3551, -25, -3
3551.1, -25, -3
3551.2, -25, -3
3551.3, -25, -3
3551.4, -25, -3
3551.5, -25, -3
3551.6, -25, -3
3551.7, -25, -3
3551.8, -25, -3
3551.9, -25, -3
3552, -25, -3
3552.1, -25, -3
3552.2, -25, -3
3552.3, -25, -3
3552.4, -25, -3
3552.5, -25, -3
3552.6, -25, -3
3552.7, -25, -3
3552.8, -25, -3
3552.9, -25, -3
3553, -25, -3
3553.1, -25, -3
3553.2, -25, -3
3553.3, -25, -3
3553.4, -25, -3
3553.5, -25, -3
3553.6, -25, -3
3553.7, -25, -3
3553.8, -25, -3
3553.9, -25, -3
3554, -25, -3
3554.1, -25, -3
3554.2, -25, -3
3554.3, -25, -3
3554.4, -25, -3
3554.5, -25, -3
3554.6, -25, -3
3554.7, -25, -3
3554.8, -25, -3
3554.9, -25, -3
3555, -25, -3
3555.1, -25, -2
3555.2, -25, -2
3555.3, -25, -2
3555.4, -25, -2
3555.5, -25, -2
3555.6, -25, -2
3555.7, -25, -2
3555.8, -25, -2
3555.9, -25, -2
3556, -25, -2
3556.1, -25, -2
3556.2, -25, -2
3556.3, -25, -2
3556.4, -25, -2
3556.5, -25, -2
3556.6, -25, -2
3556.7, -25, -2
3556.8, -25, -2
3556.9, -25, -2
3557, -25, -2
3557.1, -25, -2
3557.2, -25, -2
3557.3, -25, -2
3557.4, -25, -2
3557.5, -25, -2
3557.6, -25, -2
3557.7, -25, -2
3557.8, -25, -2
3557.9, -25, -2
3558, -25, -2
3558.1, -25, -2
3558.2, -25, -2
3558.3, -25, -2
3558.4, -25, -2
3558.5, -25, -2
3558.6, -25, -2
3558.7, -25, -2
3558.8, -25, -2
3558.9, -25, -2
3559, -25, -2
3559.1, -25, -2
3559.2, -25, -2
3559.3, -26, -2
3559.4, -26, -2
3559.5, -26, -2
3559.6, -26, -2
3559.7, -25, -2
3559.8, -25, -2
3559.9, -25, -2
3560, -25, -2
3560.1, -25, -2
3560.2, -25, -2
3560.3, -25, -2
3560.4, -25, -2
3560.5, -25, -2
3560.6, -25, -2
3560.7, -25, -2
3560.8, -25, -2
3560.9, -25, -2
3561, -25, -2
3561.1, -25, -2
3561.2, -25, -2
3561.3, -25, -2
3561.4, -25, -2
3561.5, -25, -2
3561.6, -25, -2
3561.7, -25, -2
3561.8, -25, -2
3561.9, -25, -2
3562, -25, -2
3562.1, -25, -2
3562.2, -25, -2
3562.3, -25, -2
3562.4, -25, -2
3562.5, -25, -2
3562.6, -25, -2
3562.7, -25, -2
3562.8, -25, -2
3562.9, -25, -2
3563, -25, -2
3563.1, -25, -2
3563.2, -25, -2
3563.3, -25, -1
3563.4, -25, -1
3563.5, -25, -1
3563.6, -25, -1
3563.7, -26, -1
3563.8, -26, -1
3563.9, -26, -1
3564, -26, -1
3564.1, -26, -1
3564.2, -26, -1
3564.3, -27, -1
3564.4, -27, -1
3564.5, -27, -1
3564.6, -27, -1
3564.7, -27, -1
3564.8, -27, -1
3564.9, -27, -1
3565, -27, -1
3565.1, -27, -1
3565.2, -27, -1
3565.3, -27, -1
3565.4, -27, -1
3565.5, -27, -1
3565.6, -27, -1
3565.7, -27, -1
3565.8, -27, -1
3565.9, -27, -1
3566, -27, -1
3566.1, -27, -1
3566.2, -27, -1
3566.3, -27, -1
3566.4, -27, -1
3566.5, -27, -1
3566.6, -27, -1
3566.7, -27, -1
3566.8, -27, -1
3566.9, -27, -1
3567, -27, -1
3567.1, -27, -1
3567.2, -27, -1
3567.3, -27, -1
3567.4, -27, -1
3567.5, -27, -1
3567.6, -27, -1
3567.7, -27, -1
3567.8, -27, -1
3567.9, -27, -1
3568, -27, -1
3568.1, -27, -1
3568.2, -27, -1
3568.3, -27, -1
3568.4, -27, -1
3568.5, -27, -1
3568.6, -27, -1
3568.7, -27, -1
3568.8, -27, -1
3568.9, -28, -1
3569, -28, -1
3569.1, -28, -1
3569.2, -28, -1
3569.3, -28, 0
3569.4, -28, 0
3569.5, -27, 0
3569.6, -27, 0
3569.7, -27, 0
3569.8, -27, 0
3569.9, -27, 0
3570, -27, 0
3570.1, -27, 0
3570.2, -27, 0
3570.3, -27, 1
3570.4, -27, 1
3570.5, -27, 1
3570.6, -27, 1
3570.7, -27, 1
3570.8, -27, 1
3570.9, -27, 1
3571, -27, 1
3571.1, -26, 1
3571.2, -26, 1
3571.3, -26, 1
3571.4, -26, 1
3571.5, -26, 1
3571.6, -26, 1
3571.7, -26, 1
3571.8, -26, 1
3571.9, -26, 1
3572, -26, 1
3572.1, -26, 1
3572.2, -26, 1
3572.3, -26, 1
3572.4, -26, 1
3572.5, -26, 1
3572.6, -26, 1
3572.7, -26, 1
3572.8, -26, 1
3572.9, -26, 1
3573, -26, 1
3573.1, -26, 1
3573.2, -26, 1
3573.3, -26, 1
3573.4, -26, 1
3573.5, -26, 1
3573.6, -26, 1
3573.7, -26, 1
3573.8, -26, 1
3573.9, -26, 1
3574, -26, 1
3574.1, -26, 1
3574.2, -26, 1
3574.3, -26, 1
3574.4, -26, 1
3574.5, -26, 1
3574.6, -26, 1
3574.7, -26, 1
3574.8, -26, 1
3574.9, -26, 1
3575, -26, 1
3575.1, -26, 1
3575.2, -26, 1
3575.3, -26, 1
3575.4, -26, 1
3575.5, -26, 1
3575.6, -26, 1
3575.7, -26, 1
3575.8, -26, 1
3575.9, -26, 1
3576, -26, 1
3576.1, -26, 1
3576.2, -26, 1
3576.3, -26, 1
3576.4, -26, 1
3576.5, -25, 1
3576.6, -25, 1
3576.7, -25, 1
3576.8, -25, 1
3576.9, -25, 1
3577, -25, 1
3577.1, -25, 1
3577.2, -25, 1
3577.3, -25, 1
3577.4, -25, 1
3577.5, -25, 1
3577.6, -25, 1
3577.7, -25, 1
3577.8, -25, 1
3577.9, -25, 1
3578, -25, 1
3578.1, -25, 1
3578.2, -25, 1
3578.3, -25, 1
3578.4, -25, 1
3578.5, -25, 1
3578.6, -25, 1
3578.7, -25, 1
3578.8, -25, 1
3578.9, -25, 1
3579, -25, 1
3579.1, -25, 1
3579.2, -25, 1
3579.3, -25, 1
3579.4, -25, 1
3579.5, -25, 1
3579.6, -25, 1
3579.7, -25, 1
3579.8, -25, 1
3579.9, -25, 1
3580, -25, 1
3580.1, -25, 1
3580.2, -25, 1
3580.3, -25, 1
3580.4, -25, 1
3580.5, -25, 1
3580.6, -25, 1
3580.7, -24, 1
3580.8, -24, 1
3580.9, -24, 1
3581, -24, 1
3581.1, -24, 1
3581.2, -24, 1
3581.3, -24, 1
3581.4, -24, 1
3581.5, -24, 1
3581.6, -24, 1
3581.7, -24, 1
3581.8, -24, 1
3581.9, -24, 1
3582, -24, 1
3582.1, -24, 1
3582.2, -24, 1
3582.3, -24, 1
3582.4, -24, 1
3582.5, -24, 1
3582.6, -24, 1
3582.7, -24, 1
3582.8, -24, 1
3582.9, -24, 1
3583, -24, 1
3583.1, -24, 1
3583.2, -24, 1
3583.3, -24, 1
3583.4, -24, 1
3583.5, -24, 1
3583.6, -24, 1
3583.7, -24, 1
3583.8, -24, 1
3583.9, -24, 1
3584, -24, 1
3584.1, -24, 0
3584.2, -24, 0
3584.3, -24, 0
3584.4, -24, 0
3584.5, -24, 0
3584.6, -24, 0
3584.7, -24, 0
3584.8, -24, 0
3584.9, -24, 0
3585, -24, 0
3585.1, -24, 0
3585.2, -24, 0
3585.3, -24, 0
3585.4, -24, 0
3585.5, -24, 0
3585.6, -24, 0
3585.7, -24, 0
3585.8, -24, 0
3585.9, -24, 0
3586, -24, 0
3586.1, -24, 0
3586.2, -24, 0
3586.3, -24, 0
3586.4, -24, 0
3586.5, -24, 0
3586.6, -24, 0
3586.7, -24, 0
3586.8, -24, 0
3586.9, -24, 0
3587, -24, 0
3587.1, -24, 0
3587.2, -24, 0
3587.3, -24, 0
3587.4, -24, 0
3587.5, -24, 0
3587.6, -24, 0
3587.7, -24, 0
3587.8, -24, 0
3587.9, -24, 0
3588, -24, 0
3588.1, -24, 0
3588.2, -24, 0
3588.3, -25, 0
3588.4, -25, 0
3588.5, -25, 0
3588.6, -25, 0
3588.7, -25, 0
3588.8, -25, 0
3588.9, -25, 0
3589, -25, 0
3589.1, -25, 0
3589.2, -25, 0
3589.3, -25, 0
3589.4, -25, 0
3589.5, -25, 0
3589.6, -25, 0
3589.7, -25, 0
3589.8, -25, 0
3589.9, -25, 0
3590, -25, 0
3590.1, -25, 0
3590.2, -25, 0
3590.3, -25, 0
3590.4, -25, 0
3590.5, -25, 0
3590.6, -25, 0
3590.7, -25, 0
3590.8, -25, 0
3590.9, -25, 0
3591, -25, 0
3591.1, -25, 0
3591.2, -25, 0
3591.3, -25, 0
3591.4, -25, 0
3591.5, -25, 0
3591.6, -25, 0
3591.7, -25, 0
3591.8, -25, 0
3591.9, -25, -1
3592, -25, -1
3592.1, -25, -1
3592.2, -25, -1
3592.3, -25, -1
3592.4, -25, -1
3592.5, -25, -1
3592.6, -25, -1
3592.7, -25, -1
3592.8, -25, -1
3592.9, -25, -1
3593, -25, -1
3593.1, -25, 0
3593.2, -25, 0
3593.3, -25, 0
3593.4, -25, 0
3593.5, -25, 0
3593.6, -25, 0
3593.7, -25, 0
3593.8, -25, 0
3593.9, -25, 0
3594, -25, 0
3594.1, -25, 0
3594.2, -25, 0
3594.3, -25, 0
3594.4, -25, 0
3594.5, -25, 0
3594.6, -25, 0
3594.7, -25, 0
3594.8, -25, 0
3594.9, -25, 0
3595, -25, 0
3595.1, -25, 0
3595.2, -25, 0
3595.3, -25, 0
3595.4, -25, 0
3595.5, -25, 0
3595.6, -25, 0
3595.7, -25, 0
3595.8, -25, 0
3595.9, -25, 0
3596, -25, 0
3596.1, -25, 1
3596.2, -25, 1
3596.3, -25, 1
3596.4, -25, 1
3596.5, -25, 1
3596.6, -25, 1
3596.7, -25, 1
3596.8, -25, 1
3596.9, -25, 1
3597, -25, 1
3597.1, -25, 1
3597.2, -25, 1
3597.3, -25, 2
3597.4, -25, 2
3597.5, -25, 2
3597.6, -25, 2
3597.7, -25, 3
3597.8, -25, 3
3597.9, -25, 3
3598, -25, 3
3598.1, -25, 3
3598.2, -25, 3
3598.3, -25, 3
3598.4, -25, 3
3598.5, -24, 3
3598.6, -24, 3
3598.7, -24, 3
3598.8, -24, 3
3598.9, -24, 3
3599, -24, 3
3599.1, -24, 3
3599.2, -24, 3
3599.3, -24, 3
3599.4, -24, 3
3599.5, -23, 3
3599.6, -23, 3
3599.7, -23, 3
3599.8, -23, 3
3599.9, -23, 3
3600, -23, 3
3600.1, -23, 3
3600.2, -23, 3
3600.3, -23, 3
3600.4, -23, 3
3600.5, -23, 3
3600.6, -23, 3
3600.7, -23, 3
3600.8, -23, 3
3600.9, -23, 3
3601, -23, 3
3601.1, -23, 3
3601.2, -23, 3
3601.3, -23, 2
3601.4, -23, 2
3601.5, -23, 2
3601.6, -23, 2
3601.7, -23, 2
3601.8, -23, 2
3601.9, -23, 2
3602, -23, 2
3602.1, -23, 2
3602.2, -23, 2
3602.3, -23, 2
3602.4, -23, 2
3602.5, -23, 2
3602.6, -23, 2
3602.7, -23, 2
3602.8, -23, 2
3602.9, -23, 2
3603, -23, 2
3603.1, -23, 2
3603.2, -23, 2
3603.3, -23, 2
3603.4, -23, 2
3603.5, -23, 2
3603.6, -23, 2
3603.7, -23, 2
3603.8, -23, 2
3603.9, -23, 2
3604, -23, 2
3604.1, -24, 2
3604.2, -24, 2
3604.3, -24, 2
3604.4, -24, 2
3604.5, -24, 2
3604.6, -24, 2
3604.7, -24, 2
3604.8, -24, 2
3604.9, -24, 2
3605, -24, 2
3605.1, -24, 2
3605.2, -24, 2
3605.3, -24, 2
3605.4, -24, 2
3605.5, -24, 2
3605.6, -24, 2
3605.7, -24, 2
3605.8, -24, 2
3605.9, -24, 2
3606, -24, 2
3606.1, -24, 2
3606.2, -24, 2
3606.3, -24, 2
3606.4, -24, 2
3606.5, -24, 2
3606.6, -24, 2
3606.7, -24, 2
3606.8, -24, 2
3606.9, -24, 2
3607, -24, 2
3607.1, -24, 2
3607.2, -24, 2
3607.3, -24, 2
3607.4, -24, 2
3607.5, -24, 2
3607.6, -24, 2
3607.7, -24, 2
3607.8, -24, 2
3607.9, -24, 2
3608, -24, 2
3608.1, -24, 2
3608.2, -24, 2
3608.3, -24, 2
3608.4, -24, 2
3608.5, -24, 2
3608.6, -24, 2
3608.7, -24, 2
3608.8, -24, 2
3608.9, -24, 2
3609, -24, 2
3609.1, -24, 3
3609.2, -24, 3
3609.3, -24, 3
3609.4, -24, 3
3609.5, -24, 3
3609.6, -24, 3
3609.7, -25, 3
3609.8, -25, 3
3609.9, -25, 3
3610, -25, 3
3610.1, -25, 2
3610.2, -25, 2
3610.3, -25, 2
3610.4, -25, 2
3610.5, -25, 2
3610.6, -25, 2
3610.7, -25, 2
3610.8, -25, 2
3610.9, -25, 2
3611, -25, 2
3611.1, -25, 2
3611.2, -25, 2
3611.3, -25, 2
3611.4, -25, 2
3611.5, -25, 1
3611.6, -25, 1
3611.7, -25, 1
3611.8, -25, 1
3611.9, -25, 1
3612, -25, 1
3612.1, -25, 1
3612.2, -25, 1
3612.3, -25, 1
3612.4, -25, 1
3612.5, -25, 1
3612.6, -25, 1
3612.7, -25, 1
3612.8, -25, 1
3612.9, -25, 1
3613, -25, 1
3613.1, -25, 1
3613.2, -25, 1
3613.3, -25, 1
3613.4, -25, 1
3613.5, -25, 2
3613.6, -25, 2
3613.7, -25, 2
3613.8, -25, 2
3613.9, -25, 2
3614, -25, 2
3614.1, -25, 2
3614.2, -25, 2
3614.3, -25, 2
3614.4, -25, 2
3614.5, -25, 2
3614.6, -25, 2
3614.7, -25, 2
3614.8, -25, 2
3614.9, -25, 2
3615, -25, 2
3615.1, -25, 2
3615.2, -25, 2
3615.3, -25, 2
3615.4, -25, 2
3615.5, -25, 1
3615.6, -25, 1
3615.7, -25, 1
3615.8, -25, 1
3615.9, -25, 1
3616, -25, 1
3616.1, -25, 1
3616.2, -25, 1
3616.3, -25, 1
3616.4, -25, 1
3616.5, -25, 1
3616.6, -25, 1
3616.7, -25, 1
3616.8, -25, 1
3616.9, -25, 1
3617, -25, 1
3617.1, -25, 1
3617.2, -25, 1
3617.3, -25, 1
3617.4, -25, 1
3617.5, -25, 1
3617.6, -25, 1
3617.7, -25, 1
3617.8, -25, 1
3617.9, -25, 1
3618, -25, 1
3618.1, -25, 1
3618.2, -25, 1
3618.3, -25, 1
3618.4, -25, 1
3618.5, -25, 1
3618.6, -25, 1
3618.7, -25, 1
3618.8, -25, 1
3618.9, -25, 1
3619, -25, 1
3619.1, -25, 1
3619.2, -25, 1
3619.3, -25, 1
3619.4, -25, 1
3619.5, -25, 1
3619.6, -25, 1
3619.7, -25, 1
3619.8, -25, 1
3619.9, -25, 1
3620, -25, 1
3620.1, -25, 1
3620.2, -25, 1
3620.3, -25, 1
3620.4, -25, 1
3620.5, -25, 1
3620.6, -25, 1
3620.7, -25, 1
3620.8, -25, 1
3620.9, -25, 1
3621, -25, 1
3621.1, -25, 1
3621.2, -25, 1
3621.3, -25, 1
3621.4, -25, 1
3621.5, -25, 1
3621.6, -25, 1
3621.7, -25, 1
3621.8, -25, 1
3621.9, -25, 1
3622, -25, 1
3622.1, -25, 1
3622.2, -25, 1
3622.3, -25, 1
3622.4, -25, 1
3622.5, -25, 1
3622.6, -25, 1
3622.7, -25, 1
3622.8, -25, 1
3622.9, -25, 1
3623, -25, 1
3623.1, -25, 1
3623.2, -25, 1
3623.3, -25, 1
3623.4, -25, 1
3623.5, -25, 1
3623.6, -25, 1
3623.7, -25, 1
3623.8, -25, 1
3623.9, -25, 0
3624, -25, 0
3624.1, -25, 0
3624.2, -25, 0
3624.3, -24, 0
3624.4, -24, 0
3624.5, -24, 0
3624.6, -24, 0
3624.7, -24, 0
3624.8, -24, 0
3624.9, -24, -1
3625, -24, -1
3625.1, -24, -1
3625.2, -24, -1
3625.3, -24, -1
3625.4, -24, -1
3625.5, -24, -1
3625.6, -24, -1
3625.7, -24, -1
3625.8, -24, -1
3625.9, -24, -1
3626, -24, -1
3626.1, -24, -1
3626.2, -24, -1
3626.3, -24, -1
3626.4, -24, -1
3626.5, -24, -1
3626.6, -24, -1
3626.7, -24, -1
3626.8, -24, -1
3626.9, -23, -1
3627, -23, -1
3627.1, -23, -1
3627.2, -23, -1
3627.3, -23, -1
3627.4, -23, -1
3627.5, -23, -1
3627.6, -23, -1
3627.7, -23, -1
3627.8, -23, -1
3627.9, -23, -1
3628, -23, -1
3628.1, -23, -1
3628.2, -23, -1
3628.3, -23, -1
3628.4, -23, -1
3628.5, -23, -1
3628.6, -23, -1
3628.7, -23, -1
3628.8, -23, -1
3628.9, -23, -1
3629, -23, -1
3629.1, -23, -1
3629.2, -23, -1
3629.3, -23, -1
3629.4, -23, -1
3629.5, -23, -1
3629.6, -23, -1
3629.7, -23, -1
3629.8, -23, -1
3629.9, -23, -1
3630, -23, -1
3630.1, -23, -1
3630.2, -23, -1
3630.3, -23, -1
3630.4, -23, -1
3630.5, -23, -1
3630.6, -23, -1
3630.7, -23, -1
3630.8, -23, -1
3630.9, -23, -1
3631, -23, -1
3631.1, -23, -2
3631.2, -23, -2
3631.3, -23, -2
3631.4, -23, -2
3631.5, -23, -2
3631.6, -23, -2
3631.7, -23, -2
3631.8, -23, -2
3631.9, -23, -2
3632, -23, -2
3632.1, -24, -2
3632.2, -24, -2
3632.3, -24, -2
3632.4, -24, -2
3632.5, -24, -2
3632.6, -24, -2
3632.7, -23, -2
3632.8, -23, -2
3632.9, -23, -2
3633, -23, -2
3633.1, -23, -2
3633.2, -23, -2
3633.3, -23, -2
3633.4, -23, -2
3633.5, -23, -2
3633.6, -23, -2
3633.7, -23, -2
3633.8, -23, -2
3633.9, -23, -2
3634, -23, -2
3634.1, -23, -2
3634.2, -23, -2
3634.3, -23, -2
3634.4, -23, -2
3634.5, -23, -3
3634.6, -23, -3
3634.7, -22, -3
3634.8, -22, -3
3634.9, -22, -3
3635, -22, -3
3635.1, -22, -3
3635.2, -22, -3
3635.3, -22, -3
3635.4, -22, -3
3635.5, -22, -3
3635.6, -22, -3
3635.7, -23, -3
3635.8, -23, -3
3635.9, -23, -3
3636, -23, -3
3636.1, -23, -3
3636.2, -23, -3
3636.3, -23, -3
3636.4, -23, -3
3636.5, -23, -3
3636.6, -23, -3
3636.7, -23, -3
3636.8, -23, -3
3636.9, -23, -3
3637, -23, -3
3637.1, -22, -3
3637.2, -22, -3
3637.3, -22, -3
3637.4, -22, -3
3637.5, -22, -3
3637.6, -22, -3
3637.7, -22, -3
3637.8, -22, -3
3637.9, -22, -3
3638, -22, -3
3638.1, -22, -4
3638.2, -22, -4
3638.3, -22, -4
3638.4, -22, -4
3638.5, -22, -4
3638.6, -22, -4
3638.7, -22, -4
3638.8, -22, -4
3638.9, -21, -4
3639, -21, -4
3639.1, -21, -4
3639.2, -21, -4
3639.3, -21, -4
3639.4, -21, -4
3639.5, -21, -4
3639.6, -21, -4
3639.7, -21, -4
3639.8, -21, -4
3639.9, -21, -4
3640, -21, -4
3640.1, -21, -4
3640.2, -21, -4
3640.3, -21, -4
3640.4, -21, -4
3640.5, -21, -4
3640.6, -21, -4
3640.7, -21, -4
3640.8, -21, -4
3640.9, -21, -4
3641, -21, -4
3641.1, -21, -4
3641.2, -21, -4
3641.3, -21, -4
3641.4, -21, -4
3641.5, -21, -4
3641.6, -21, -4
3641.7, -21, -4
3641.8, -21, -4
3641.9, -21, -4
3642, -21, -4
3642.1, -21, -4
3642.2, -21, -4
3642.3, -21, -4
3642.4, -21, -4
3642.5, -21, -4
3642.6, -21, -4
3642.7, -21, -4
3642.8, -21, -4
3642.9, -21, -4
3643, -21, -4
3643.1, -21, -4
3643.2, -21, -4
3643.3, -21, -4
3643.4, -21, -4
3643.5, -21, -4
3643.6, -21, -4
3643.7, -21, -4
3643.8, -21, -4
3643.9, -21, -4
3644, -21, -4
3644.1, -21, -4
3644.2, -21, -4
3644.3, -21, -4
3644.4, -21, -4
3644.5, -21, -4
3644.6, -21, -4
3644.7, -21, -4
3644.8, -21, -4
3644.9, -21, -5
3645, -21, -5
3645.1, -21, -5
3645.2, -21, -5
3645.3, -21, -5
3645.4, -21, -5
3645.5, -21, -5
3645.6, -21, -5
3645.7, -21, -5
3645.8, -21, -5
3645.9, -21, -5
3646, -21, -5
3646.1, -21, -5
3646.2, -21, -5
3646.3, -21, -5
3646.4, -21, -5
3646.5, -21, -5
3646.6, -21, -5
3646.7, -21, -5
3646.8, -21, -5
3646.9, -21, -5
3647, -21, -5
3647.1, -21, -5
3647.2, -21, -5
3647.3, -21, -5
3647.4, -21, -5
3647.5, -21, -5
3647.6, -21, -5
3647.7, -21, -5
3647.8, -21, -5
3647.9, -21, -5
3648, -21, -5
3648.1, -21, -5
3648.2, -21, -5
3648.3, -21, -5
3648.4, -21, -5
3648.5, -21, -5
3648.6, -21, -5
3648.7, -21, -5
3648.8, -21, -5
3648.9, -21, -5
3649, -21, -5
3649.1, -21, -5
3649.2, -21, -5
3649.3, -21, -5
3649.4, -21, -5
3649.5, -21, -5
3649.6, -21, -5
3649.7, -21, -5
3649.8, -21, -5
3649.9, -21, -5
3650, -21, -5
3650.1, -21, -5
3650.2, -21, -5
3650.3, -21, -5
3650.4, -21, -5
3650.5, -20, -5
3650.6, -20, -5
3650.7, -20, -5
3650.8, -20, -5
3650.9, -20, -5
3651, -20, -5
3651.1, -20, -5
3651.2, -20, -5
3651.3, -20, -5
3651.4, -20, -5
3651.5, -20, -5
3651.6, -20, -5
3651.7, -20, -5
3651.8, -20, -5
3651.9, -20, -5
3652, -20, -5
3652.1, -20, -5
3652.2, -20, -5
3652.3, -20, -5
3652.4, -20, -5
3652.5, -20, -5
3652.6, -20, -5
3652.7, -20, -5
3652.8, -20, -5
3652.9, -20, -5
3653, -20, -5
3653.1, -20, -5
3653.2, -20, -5
3653.3, -20, -5
3653.4, -20, -5
3653.5, -20, -5
3653.6, -20, -5
3653.7, -21, -5
3653.8, -21, -5
3653.9, -21, -4
3654, -21, -4
3654.1, -21, -4
3654.2, -21, -4
3654.3, -21, -4
3654.4, -21, -4
3654.5, -21, -4
3654.6, -21, -4
3654.7, -21, -4
3654.8, -21, -4
3654.9, -21, -4
3655, -21, -4
3655.1, -21, -4
3655.2, -21, -4
3655.3, -21, -4
3655.4, -21, -4
3655.5, -20, -4
3655.6, -20, -4
3655.7, -20, -4
3655.8, -20, -4
3655.9, -20, -4
3656, -20, -4
3656.1, -20, -4
3656.2, -20, -4
3656.3, -20, -4
3656.4, -20, -4
3656.5, -20, -4
3656.6, -20, -4
3656.7, -20, -4
3656.8, -20, -4
3656.9, -19, -4
3657, -19, -4
3657.1, -19, -4
3657.2, -19, -4
3657.3, -19, -4
3657.4, -19, -4
3657.5, -19, -4
3657.6, -19, -4
3657.7, -19, -4
3657.8, -19, -4
3657.9, -19, -4
3658, -19, -4
3658.1, -19, -4
3658.2, -19, -4
3658.3, -19, -4
3658.4, -19, -4
3658.5, -19, -4
3658.6, -19, -4
3658.7, -19, -4
3658.8, -19, -4
3658.9, -19, -4
3659, -19, -4
3659.1, -19, -4
3659.2, -19, -4
3659.3, -19, -4
3659.4, -19, -4
3659.5, -19, -4
3659.6, -19, -4
3659.7, -19, -4
3659.8, -19, -4
3659.9, -19, -4
3660, -19, -4
3660.1, -19, -4
3660.2, -19, -4
3660.3, -19, -4
3660.4, -19, -4
3660.5, -19, -4
3660.6, -19, -4
3660.7, -19, -4
3660.8, -19, -4
3660.9, -19, -4
3661, -19, -4
3661.1, -19, -4
3661.2, -19, -4
3661.3, -19, -4
3661.4, -19, -4
3661.5, -19, -4
3661.6, -19, -4
3661.7, -19, -5
3661.8, -19, -5
3661.9, -19, -5
3662, -19, -5
3662.1, -19, -5
3662.2, -19, -5
3662.3, -19, -5
3662.4, -19, -5
3662.5, -19, -5
3662.6, -19, -5
3662.7, -19, -5
3662.8, -19, -5
3662.9, -19, -5
3663, -19, -5
3663.1, -19, -5
3663.2, -19, -5
3663.3, -19, -5
3663.4, -19, -5
3663.5, -19, -5
3663.6, -19, -5
3663.7, -19, -5
3663.8, -19, -5
3663.9, -19, -5
3664, -19, -5
3664.1, -19, -5
3664.2, -19, -5
3664.3, -19, -5
3664.4, -19, -5
3664.5, -19, -5
3664.6, -19, -5
3664.7, -19, -5
3664.8, -19, -5
3664.9, -19, -5
3665, -19, -5
3665.1, -19, -5
3665.2, -19, -5
3665.3, -19, -5
3665.4, -19, -5
3665.5, -19, -5
3665.6, -19, -5
3665.7, -19, -5
3665.8, -19, -5
3665.9, -19, -5
3666, -19, -5
3666.1, -19, -6
3666.2, -19, -6
3666.3, -19, -6
3666.4, -19, -6
3666.5, -19, -6
3666.6, -19, -6
3666.7, -19, -6
3666.8, -19, -6
3666.9, -19, -6
3667, -19, -6
3667.1, -19, -6
3667.2, -19, -6
3667.3, -19, -6
3667.4, -19, -6
3667.5, -19, -6
3667.6, -19, -6
3667.7, -19, -6
3667.8, -19, -6
3667.9, -19, -6
3668, -19, -6
3668.1, -19, -6
3668.2, -19, -6
3668.3, -19, -6
3668.4, -19, -6
3668.5, -19, -6
3668.6, -19, -6
3668.7, -19, -6
3668.8, -19, -6
3668.9, -19, -6
3669, -19, -6
3669.1, -19, -6
3669.2, -19, -6
3669.3, -19, -6
3669.4, -19, -6
3669.5, -19, -6
3669.6, -19, -6
3669.7, -19, -6
3669.8, -19, -6
3669.9, -19, -6
3670, -19, -6
3670.1, -19, -6
3670.2, -19, -6
3670.3, -19, -6
3670.4, -19, -6
3670.5, -19, -6
3670.6, -19, -6
3670.7, -19, -6
3670.8, -19, -6
3670.9, -19, -6
3671, -19, -6
3671.1, -19, -6
3671.2, -19, -6
3671.3, -19, -7
3671.4, -19, -7
3671.5, -19, -7
3671.6, -19, -7
3671.7, -19, -7
3671.8, -19, -7
3671.9, -19, -7
3672, -19, -7
3672.1, -19, -7
3672.2, -19, -7
3672.3, -19, -7
3672.4, -19, -7
3672.5, -19, -7
3672.6, -19, -7
3672.7, -19, -8
3672.8, -19, -8
3672.9, -19, -8
3673, -19, -8
3673.1, -19, -8
3673.2, -19, -8
3673.3, -19, -8
3673.4, -19, -8
3673.5, -18, -8
3673.6, -18, -8
3673.7, -18, -8
3673.8, -18, -8
3673.9, -18, -8
3674, -18, -8
3674.1, -18, -8
3674.2, -18, -8
3674.3, -18, -8
3674.4, -18, -8
3674.5, -18, -8
3674.6, -18, -8
3674.7, -18, -8
3674.8, -18, -8
3674.9, -18, -8
3675, -18, -8
3675.1, -18, -8
3675.2, -18, -8
3675.3, -19, -8
3675.4, -19, -8
3675.5, -19, -8
3675.6, -19, -8
3675.7, -19, -8
3675.8, -19, -8
3675.9, -19, -8
3676, -19, -8
3676.1, -18, -8
3676.2, -18, -8
3676.3, -18, -8
3676.4, -18, -8
3676.5, -18, -8
3676.6, -18, -8
3676.7, -18, -8
3676.8, -18, -8
3676.9, -18, -8
3677, -18, -8
3677.1, -18, -8
3677.2, -18, -8
3677.3, -18, -8
3677.4, -18, -8
3677.5, -18, -8
3677.6, -18, -8
3677.7, -18, -8
3677.8, -18, -8
3677.9, -18, -8
3678, -18, -8
3678.1, -18, -8
3678.2, -18, -8
3678.3, -18, -8
3678.4, -18, -8
3678.5, -18, -8
3678.6, -18, -8
3678.7, -18, -8
3678.8, -18, -8
3678.9, -19, -8
3679, -19, -8
3679.1, -19, -8
3679.2, -19, -8
3679.3, -19, -8
3679.4, -19, -8
3679.5, -19, -8
3679.6, -19, -8
3679.7, -19, -8
3679.8, -19, -8
3679.9, -20, -8
3680, -20, -8
3680.1, -20, -7
3680.2, -20, -7
3680.3, -20, -7
3680.4, -20, -7
3680.5, -20, -7
3680.6, -20, -7
3680.7, -20, -7
3680.8, -20, -7
3680.9, -20, -7
3681, -20, -7
3681.1, -20, -7
3681.2, -20, -7
3681.3, -20, -7
3681.4, -20, -7
3681.5, -20, -7
3681.6, -20, -7
3681.7, -20, -7
3681.8, -20, -7
3681.9, -20, -7
3682, -20, -7
3682.1, -20, -7
3682.2, -20, -7
3682.3, -20, -7
3682.4, -20, -7
3682.5, -20, -7
3682.6, -20, -7
3682.7, -20, -8
3682.8, -20, -8
3682.9, -20, -8
3683, -20, -8
3683.1, -20, -7
3683.2, -20, -7
3683.3, -20, -7
3683.4, -20, -7
3683.5, -20, -7
3683.6, -20, -7
3683.7, -20, -7
3683.8, -20, -7
3683.9, -20, -7
3684, -20, -7
3684.1, -20, -7
3684.2, -20, -7
3684.3, -20, -7
3684.4, -20, -7
3684.5, -20, -7
3684.6, -20, -7
3684.7, -20, -7
3684.8, -20, -7
3684.9, -20, -7
3685, -20, -7
3685.1, -20, -7
3685.2, -20, -7
3685.3, -20, -7
3685.4, -20, -7
3685.5, -20, -8
3685.6, -20, -8
3685.7, -20, -8
3685.8, -20, -8
3685.9, -20, -8
3686, -20, -8
3686.1, -20, -8
3686.2, -20, -8
3686.3, -20, -8
3686.4, -20, -8
3686.5, -20, -8
3686.6, -20, -8
3686.7, -20, -8
3686.8, -20, -8
3686.9, -20, -8
3687, -20, -8
3687.1, -20, -8
3687.2, -20, -8
3687.3, -20, -9
3687.4, -20, -9
3687.5, -20, -9
3687.6, -20, -9
3687.7, -20, -9
3687.8, -20, -9
3687.9, -20, -9
3688, -20, -9
3688.1, -20, -9
3688.2, -20, -9
3688.3, -20, -9
3688.4, -20, -9
3688.5, -20, -9
3688.6, -20, -9
3688.7, -20, -9
3688.8, -20, -9
3688.9, -20, -9
3689, -20, -9
3689.1, -20, -9
3689.2, -20, -9
3689.3, -20, -9
3689.4, -20, -9
3689.5, -20, -9
3689.6, -20, -9
3689.7, -20, -9
3689.8, -20, -9
3689.9, -20, -9
3690, -20, -9
3690.1, -20, -9
3690.2, -20, -9
3690.3, -20, -9
3690.4, -20, -9
3690.5, -20, -9
3690.6, -20, -9
3690.7, -20, -9
3690.8, -20, -9
3690.9, -20, -9
3691, -20, -9
3691.1, -20, -9
3691.2, -20, -9
3691.3, -20, -9
3691.4, -20, -9
3691.5, -20, -9
3691.6, -20, -9
3691.7, -20, -9
3691.8, -20, -9
3691.9, -20, -9
3692, -20, -9
3692.1, -20, -9
3692.2, -20, -9
3692.3, -20, -9
3692.4, -20, -9
3692.5, -20, -9
3692.6, -20, -9
3692.7, -20, -9
3692.8, -20, -9
3692.9, -20, -9
3693, -20, -9
3693.1, -20, -9
3693.2, -20, -9
3693.3, -20, -9
3693.4, -20, -9
3693.5, -20, -9
3693.6, -20, -9
3693.7, -20, -9
3693.8, -20, -9
3693.9, -20, -9
3694, -20, -9
3694.1, -20, -9
3694.2, -20, -9
3694.3, -20, -9
3694.4, -20, -9
3694.5, -20, -9
3694.6, -20, -9
3694.7, -20, -9
3694.8, -20, -9
3694.9, -20, -9
3695, -20, -9
3695.1, -19, -9
3695.2, -19, -9
3695.3, -19, -9
3695.4, -19, -9
3695.5, -19, -9
3695.6, -19, -9
3695.7, -19, -9
3695.8, -19, -9
3695.9, -19, -9
3696, -19, -9
3696.1, -19, -9
3696.2, -19, -9
3696.3, -19, -9
3696.4, -19, -9
3696.5, -19, -9
3696.6, -19, -9
3696.7, -19, -9
3696.8, -19, -9
3696.9, -19, -9
3697, -19, -9
3697.1, -19, -9
3697.2, -19, -9
3697.3, -19, -9
3697.4, -19, -9
3697.5, -19, -9
3697.6, -19, -9
3697.7, -19, -9
3697.8, -19, -9
3697.9, -19, -9
3698, -19, -9
3698.1, -19, -9
3698.2, -19, -9
3698.3, -19, -9
3698.4, -19, -9
3698.5, -19, -9
3698.6, -19, -9
3698.7, -19, -9
3698.8, -19, -9
3698.9, -19, -8
3699, -19, -8
3699.1, -19, -8
3699.2, -19, -8
3699.3, -19, -8
3699.4, -19, -8
3699.5, -19, -8
3699.6, -19, -8
3699.7, -19, -8
3699.8, -19, -8
3699.9, -19, -8
3700, -19, -8
3700.1, -19, -8
3700.2, -19, -8
3700.3, -19, -8
3700.4, -19, -8
3700.5, -19, -8
3700.6, -19, -8
3700.7, -19, -8
3700.8, -19, -8
3700.9, -19, -8
3701, -19, -8
3701.1, -19, -8
3701.2, -19, -8
3701.3, -19, -8
3701.4, -19, -8
3701.5, -19, -8
3701.6, -19, -8
3701.7, -19, -8
3701.8, -19, -8
3701.9, -19, -8
3702, -19, -8
3702.1, -19, -8
3702.2, -19, -8
3702.3, -19, -8
3702.4, -19, -8
3702.5, -19, -8
3702.6, -19, -8
3702.7, -19, -8
3702.8, -19, -8
3702.9, -19, -8
3703, -19, -8
3703.1, -19, -8
3703.2, -19, -8
3703.3, -19, -9
3703.4, -19, -9
3703.5, -18, -9
3703.6, -18, -9
3703.7, -18, -9
3703.8, -18, -9
3703.9, -18, -9
3704, -18, -9
3704.1, -18, -9
3704.2, -18, -9
3704.3, -18, -9
3704.4, -18, -9
3704.5, -18, -9
3704.6, -18, -9
3704.7, -18, -9
3704.8, -18, -9
3704.9, -18, -9
3705, -18, -9
3705.1, -18, -9
3705.2, -18, -9
3705.3, -18, -9
3705.4, -18, -9
3705.5, -18, -9
3705.6, -18, -9
3705.7, -18, -9
3705.8, -18, -9
3705.9, -18, -9
3706, -18, -9
3706.1, -18, -9
3706.2, -18, -9
3706.3, -18, -9
3706.4, -18, -9
3706.5, -18, -9
3706.6, -18, -9
3706.7, -18, -9
3706.8, -18, -9
3706.9, -18, -9
3707, -18, -9
3707.1, -18, -9
3707.2, -18, -9
3707.3, -18, -9
3707.4, -18, -9
3707.5, -18, -9
3707.6, -18, -9
3707.7, -18, -9
3707.8, -18, -9
3707.9, -18, -9
3708, -18, -9
3708.1, -18, -10
3708.2, -18, -10
3708.3, -18, -10
3708.4, -18, -10
3708.5, -18, -10
3708.6, -18, -10
3708.7, -18, -10
3708.8, -18, -10
3708.9, -18, -10
3709, -18, -10
3709.1, -18, -10
3709.2, -18, -10
3709.3, -18, -10
3709.4, -18, -10
3709.5, -18, -10
3709.6, -18, -10
3709.7, -18, -10
3709.8, -18, -10
3709.9, -18, -10
3710, -18, -10
3710.1, -18, -10
3710.2, -18, -10
3710.3, -18, -10
3710.4, -18, -10
3710.5, -18, -10
3710.6, -18, -10
3710.7, -18, -10
3710.8, -18, -10
3710.9, -18, -10
3711, -18, -10
3711.1, -18, -10
3711.2, -18, -10
3711.3, -18, -10
3711.4, -18, -10
3711.5, -18, -10
3711.6, -18, -10
3711.7, -18, -10
3711.8, -18, -10
3711.9, -18, -10
3712, -18, -10
3712.1, -19, -10
3712.2, -19, -10
3712.3, -19, -10
3712.4, -19, -10
3712.5, -19, -9
3712.6, -19, -9
3712.7, -19, -9
3712.8, -19, -9
3712.9, -19, -9
3713, -19, -9
3713.1, -19, -9
3713.2, -19, -9
3713.3, -19, -9
3713.4, -19, -9
3713.5, -19, -9
3713.6, -19, -9
3713.7, -19, -9
3713.8, -19, -9
3713.9, -19, -9
3714, -19, -9
3714.1, -19, -9
3714.2, -19, -9
3714.3, -19, -9
3714.4, -19, -9
3714.5, -19, -9
3714.6, -19, -9
3714.7, -19, -9
3714.8, -19, -9
3714.9, -19, -10
3715, -19, -10
3715.1, -19, -10
3715.2, -19, -10
3715.3, -19, -10
3715.4, -19, -10
3715.5, -19, -10
3715.6, -19, -10
3715.7, -19, -10
3715.8, -19, -10
3715.9, -19, -10
3716, -19, -10
3716.1, -18, -10
3716.2, -18, -10
3716.3, -18, -10
3716.4, -18, -10
3716.5, -18, -10
3716.6, -18, -10
3716.7, -18, -10
3716.8, -18, -10
3716.9, -18, -10
3717, -18, -10
3717.1, -18, -10
3717.2, -18, -10
3717.3, -18, -10
3717.4, -18, -10
3717.5, -18, -10
3717.6, -18, -10
3717.7, -18, -10
3717.8, -18, -10
3717.9, -18, -10
3718, -18, -10
3718.1, -18, -10
3718.2, -18, -10
3718.3, -18, -10
3718.4, -18, -10
3718.5, -18, -10
3718.6, -18, -10
3718.7, -18, -10
3718.8, -18, -10
3718.9, -18, -10
3719, -18, -10
3719.1, -18, -9
3719.2, -18, -9
3719.3, -18, -9
3719.4, -18, -9
3719.5, -19, -9
3719.6, -19, -9
3719.7, -19, -9
3719.8, -19, -9
3719.9, -19, -9
3720, -19, -9
3720.1, -19, -9
3720.2, -19, -9
3720.3, -19, -9
3720.4, -19, -9
3720.5, -19, -9
3720.6, -19, -9
3720.7, -19, -9
3720.8, -19, -9
3720.9, -19, -9
3721, -19, -9
3721.1, -19, -9
3721.2, -19, -9
3721.3, -19, -9
3721.4, -19, -9
3721.5, -19, -9
3721.6, -19, -9
3721.7, -19, -10
3721.8, -19, -10
3721.9, -19, -10
3722, -19, -10
3722.1, -19, -10
3722.2, -19, -10
3722.3, -19, -10
3722.4, -19, -10
3722.5, -19, -10
3722.6, -19, -10
3722.7, -19, -10
3722.8, -19, -10
3722.9, -19, -10
3723, -19, -10
3723.1, -19, -10
3723.2, -19, -10
3723.3, -19, -10
3723.4, -19, -10
3723.5, -19, -9
3723.6, -19, -9
3723.7, -19, -9
3723.8, -19, -9
3723.9, -19, -9
3724, -19, -9
3724.1, -19, -9
3724.2, -19, -9
3724.3, -19, -9
3724.4, -19, -9
3724.5, -19, -9
3724.6, -19, -9
3724.7, -19, -9
3724.8, -19, -9
3724.9, -19, -9
3725, -19, -9
3725.1, -19, -9
3725.2, -19, -9
3725.3, -19, -9
3725.4, -19, -9
3725.5, -20, -9
3725.6, -20, -9
3725.7, -20, -9
3725.8, -20, -9
3725.9, -20, -9
3726, -20, -9
3726.1, -20, -9
3726.2, -20, -9
3726.3, -20, -9
3726.4, -20, -9
3726.5, -20, -9
3726.6, -20, -9
3726.7, -20, -9
3726.8, -20, -9
3726.9, -20, -9
3727, -20, -9
3727.1, -20, -9
3727.2, -20, -9
3727.3, -20, -9
3727.4, -20, -9
3727.5, -20, -9
3727.6, -20, -9
3727.7, -20, -9
3727.8, -20, -9
3727.9, -20, -9
3728, -20, -9
3728.1, -20, -9
3728.2, -20, -9
3728.3, -20, -9
3728.4, -20, -9
3728.5, -20, -9
3728.6, -20, -9
3728.7, -20, -9
3728.8, -20, -9
3728.9, -20, -9
3729, -20, -9
3729.1, -21, -9
3729.2, -21, -9
3729.3, -21, -8
3729.4, -21, -8
3729.5, -21, -8
3729.6, -21, -8
3729.7, -21, -8
3729.8, -21, -8
3729.9, -21, -8
3730, -21, -8
3730.1, -21, -8
3730.2, -21, -8
3730.3, -21, -8
3730.4, -21, -8
3730.5, -20, -8
3730.6, -20, -8
3730.7, -20, -8
3730.8, -20, -8
3730.9, -20, -8
3731, -20, -8
3731.1, -20, -8
3731.2, -20, -8
3731.3, -20, -8
3731.4, -20, -8
3731.5, -20, -8
3731.6, -20, -8
3731.7, -20, -8
3731.8, -20, -8
3731.9, -20, -8
3732, -20, -8
3732.1, -20, -8
3732.2, -20, -8
3732.3, -20, -8
3732.4, -20, -8
3732.5, -20, -8
3732.6, -20, -8
3732.7, -20, -8
3732.8, -20, -8
3732.9, -20, -8
3733, -20, -8
3733.1, -21, -8
3733.2, -21, -8
3733.3, -21, -8
3733.4, -21, -8
3733.5, -21, -8
3733.6, -21, -8
3733.7, -21, -8
3733.8, -21, -8
3733.9, -21, -8
3734, -21, -8
3734.1, -21, -8
3734.2, -21, -8
3734.3, -21, -8
3734.4, -21, -8
3734.5, -21, -9
3734.6, -21, -9
3734.7, -21, -9
3734.8, -21, -9
3734.9, -21, -8
3735, -21, -8
3735.1, -21, -8
3735.2, -21, -8
3735.3, -21, -8
3735.4, -21, -8
3735.5, -21, -8
3735.6, -21, -8
3735.7, -21, -8
3735.8, -21, -8
3735.9, -21, -8
3736, -21, -8
3736.1, -21, -8
3736.2, -21, -8
3736.3, -21, -8
3736.4, -21, -8
3736.5, -21, -8
3736.6, -21, -8
3736.7, -21, -8
3736.8, -21, -8
3736.9, -21, -8
3737, -21, -8
3737.1, -21, -8
3737.2, -21, -8
3737.3, -21, -8
3737.4, -21, -8
3737.5, -21, -8
3737.6, -21, -8
3737.7, -21, -8
3737.8, -21, -8
3737.9, -21, -8
3738, -21, -8
3738.1, -21, -8
3738.2, -21, -8
3738.3, -21, -8
3738.4, -21, -8
3738.5, -21, -8
3738.6, -21, -8
3738.7, -21, -8
3738.8, -21, -8
3738.9, -21, -8
3739, -21, -8
3739.1, -21, -8
3739.2, -21, -8
3739.3, -21, -8
3739.4, -21, -8
3739.5, -21, -8
3739.6, -21, -8
3739.7, -21, -8
3739.8, -21, -8
3739.9, -21, -8
3740, -21, -8
3740.1, -21, -8
3740.2, -21, -8
3740.3, -21, -8
3740.4, -21, -8
3740.5, -21, -8
3740.6, -21, -8
3740.7, -21, -8
3740.8, -21, -8
3740.9, -21, -8
3741, -21, -8
3741.1, -21, -8
3741.2, -21, -8
3741.3, -21, -7
3741.4, -21, -7
3741.5, -20, -7
3741.6, -20, -7
3741.7, -20, -6
3741.8, -20, -6
3741.9, -20, -6
3742, -20, -6
3742.1, -20, -6
3742.2, -20, -6
3742.3, -20, -6
3742.4, -20, -6
3742.5, -20, -6
3742.6, -20, -6
3742.7, -20, -6
3742.8, -20, -6
3742.9, -20, -6
3743, -20, -6
3743.1, -20, -6
3743.2, -20, -6
3743.3, -20, -6
3743.4, -20, -6
3743.5, -20, -6
3743.6, -20, -6
3743.7, -20, -6
3743.8, -20, -6
3743.9, -20, -6
3744, -20, -6
3744.1, -20, -6
3744.2, -20, -6
3744.3, -20, -6
3744.4, -20, -6
3744.5, -20, -6
3744.6, -20, -6
3744.7, -20, -6
3744.8, -20, -6
3744.9, -20, -6
3745, -20, -6
3745.1, -20, -6
3745.2, -20, -6
3745.3, -20, -6
3745.4, -20, -6
3745.5, -20, -6
3745.6, -20, -6
3745.7, -21, -6
3745.8, -21, -6
3745.9, -21, -6
3746, -21, -6
3746.1, -21, -6
3746.2, -21, -6
3746.3, -21, -6
3746.4, -21, -6
3746.5, -21, -6
3746.6, -21, -6
3746.7, -21, -6
3746.8, -21, -6
3746.9, -21, -6
3747, -21, -6
3747.1, -21, -6
3747.2, -21, -6
3747.3, -21, -6
3747.4, -21, -6
3747.5, -21, -6
3747.6, -21, -6
3747.7, -21, -6
3747.8, -21, -6
3747.9, -21, -6
3748, -21, -6
3748.1, -21, -6
3748.2, -21, -6
3748.3, -21, -6
3748.4, -21, -6
3748.5, -21, -6
3748.6, -21, -6
3748.7, -21, -6
3748.8, -21, -6
3748.9, -21, -5
3749, -21, -5
3749.1, -21, -5
3749.2, -21, -5
3749.3, -21, -5
3749.4, -21, -5
3749.5, -21, -5
3749.6, -21, -5
3749.7, -21, -5
3749.8, -21, -5
3749.9, -21, -5
3750, -21, -5
3750.1, -21, -5
3750.2, -21, -5
3750.3, -20, -5
3750.4, -20, -5
3750.5, -20, -5
3750.6, -20, -5
3750.7, -20, -5
3750.8, -20, -5
3750.9, -20, -5
3751, -20, -5
3751.1, -20, -5
3751.2, -20, -5
3751.3, -20, -5
3751.4, -20, -5
3751.5, -20, -5
3751.6, -20, -5
3751.7, -20, -5
3751.8, -20, -5
3751.9, -20, -5
3752, -20, -5
3752.1, -20, -5
3752.2, -20, -5
3752.3, -20, -5
3752.4, -20, -5
3752.5, -20, -5
3752.6, -20, -5
3752.7, -20, -6
3752.8, -20, -6
3752.9, -20, -6
3753, -20, -6
3753.1, -20, -6
3753.2, -20, -6
3753.3, -20, -6
3753.4, -20, -6
3753.5, -20, -6
3753.6, -20, -6
3753.7, -19, -6
3753.8, -19, -6
3753.9, -19, -6
3754, -19, -6
3754.1, -19, -6
3754.2, -19, -6
3754.3, -19, -6
3754.4, -19, -6
3754.5, -20, -6
3754.6, -20, -6
3754.7, -20, -6
3754.8, -20, -6
3754.9, -20, -6
3755, -20, -6
3755.1, -20, -6
3755.2, -20, -6
3755.3, -20, -6
3755.4, -20, -6
3755.5, -20, -6
3755.6, -20, -6
3755.7, -20, -6
3755.8, -20, -6
3755.9, -20, -6
3756, -20, -6
3756.1, -20, -6
3756.2, -20, -6
3756.3, -20, -6
3756.4, -20, -6
3756.5, -20, -6
3756.6, -20, -6
3756.7, -20, -6
3756.8, -20, -6
3756.9, -20, -6
3757, -20, -6
3757.1, -20, -6
3757.2, -20, -6
3757.3, -20, -6
3757.4, -20, -6
3757.5, -20, -6
3757.6, -20, -6
3757.7, -20, -6
3757.8, -20, -6
3757.9, -20, -6
3758, -20, -6
3758.1, -20, -6
3758.2, -20, -6
3758.3, -20, -6
3758.4, -20, -6
3758.5, -20, -6
3758.6, -20, -6
3758.7, -20, -6
3758.8, -20, -6
3758.9, -20, -6
3759, -20, -6
3759.1, -20, -6
3759.2, -20, -6
3759.3, -20, -6
3759.4, -20, -6
3759.5, -20, -6
3759.6, -20, -6
3759.7, -20, -6
3759.8, -20, -6
3759.9, -20, -6
3760, -20, -6
3760.1, -20, -6
3760.2, -20, -6
3760.3, -20, -7
3760.4, -20, -7
3760.5, -20, -7
3760.6, -20, -7
3760.7, -20, -7
3760.8, -20, -7
3760.9, -20, -7
3761, -20, -7
3761.1, -20, -6
3761.2, -20, -6
3761.3, -20, -6
3761.4, -20, -6
3761.5, -20, -6
3761.6, -20, -6
3761.7, -20, -6
3761.8, -20, -6
3761.9, -20, -6
3762, -20, -6
3762.1, -20, -6
3762.2, -20, -6
3762.3, -20, -6
3762.4, -20, -6
3762.5, -20, -6
3762.6, -20, -6
3762.7, -20, -6
3762.8, -20, -6
3762.9, -20, -6
3763, -20, -6
3763.1, -20, -6
3763.2, -20, -6
3763.3, -20, -6
3763.4, -20, -6
3763.5, -20, -6
3763.6, -20, -6
3763.7, -20, -6
3763.8, -20, -6
3763.9, -20, -6
3764, -20, -6
3764.1, -20, -6
3764.2, -20, -6
3764.3, -20, -6
3764.4, -20, -6
3764.5, -20, -6
3764.6, -20, -6
3764.7, -20, -6
3764.8, -20, -6
3764.9, -20, -6
3765, -20, -6
3765.1, -20, -6
3765.2, -20, -6
3765.3, -20, -6
3765.4, -20, -6
3765.5, -20, -6
3765.6, -20, -6
3765.7, -20, -6
3765.8, -20, -6
3765.9, -20, -6
3766, -20, -6
3766.1, -20, -6
3766.2, -20, -6
3766.3, -20, -5
3766.4, -20, -5
3766.5, -20, -5
3766.6, -20, -5
3766.7, -20, -5
3766.8, -20, -5
3766.9, -20, -5
3767, -20, -5
3767.1, -20, -5
3767.2, -20, -5
3767.3, -20, -5
3767.4, -20, -5
3767.5, -20, -5
3767.6, -20, -5
3767.7, -20, -5
3767.8, -20, -5
3767.9, -20, -5
3768, -20, -5
3768.1, -20, -5
3768.2, -20, -5
3768.3, -20, -5
3768.4, -20, -5
3768.5, -20, -5
3768.6, -20, -5
3768.7, -20, -5
3768.8, -20, -5
3768.9, -20, -5
3769, -20, -5
3769.1, -20, -5
3769.2, -20, -5
3769.3, -20, -5
3769.4, -20, -5
3769.5, -20, -5
3769.6, -20, -5
3769.7, -20, -5
3769.8, -20, -5
3769.9, -20, -5
3770, -20, -5
3770.1, -20, -5
3770.2, -20, -5
3770.3, -19, -5
3770.4, -19, -5
3770.5, -19, -5
3770.6, -19, -5
3770.7, -19, -5
3770.8, -19, -5
3770.9, -19, -5
3771, -19, -5
3771.1, -19, -5
3771.2, -19, -5
3771.3, -18, -5
3771.4, -18, -5
3771.5, -18, -5
3771.6, -18, -5
3771.7, -18, -5
3771.8, -18, -5
3771.9, -18, -5
3772, -18, -5
3772.1, -18, -5
3772.2, -18, -5
3772.3, -18, -5
3772.4, -18, -5
3772.5, -18, -5
3772.6, -18, -5
3772.7, -18, -5
3772.8, -18, -5
3772.9, -18, -5
3773, -18, -5
3773.1, -18, -5
3773.2, -18, -5
3773.3, -18, -5
3773.4, -18, -5
3773.5, -18, -5
3773.6, -18, -5
3773.7, -18, -5
3773.8, -18, -5
3773.9, -18, -5
3774, -18, -5
3774.1, -18, -5
3774.2, -18, -5
3774.3, -18, -5
3774.4, -18, -5
3774.5, -18, -5
3774.6, -18, -5
3774.7, -18, -5
3774.8, -18, -5
3774.9, -18, -5
3775, -18, -5
3775.1, -18, -5
3775.2, -18, -5
3775.3, -18, -5
3775.4, -18, -5
3775.5, -18, -5
3775.6, -18, -5
3775.7, -18, -5
3775.8, -18, -5
3775.9, -17, -5
3776, -17, -5
3776.1, -17, -5
3776.2, -17, -5
3776.3, -17, -5
3776.4, -17, -5
3776.5, -17, -5
3776.6, -17, -5
3776.7, -17, -5
3776.8, -17, -5
3776.9, -17, -5
3777, -17, -5
3777.1, -17, -4
3777.2, -17, -4
3777.3, -17, -4
3777.4, -17, -4
3777.5, -17, -4
3777.6, -17, -4
3777.7, -17, -4
3777.8, -17, -4
3777.9, -17, -4
3778, -17, -4
3778.1, -17, -4
3778.2, -17, -4
3778.3, -17, -4
3778.4, -17, -4
3778.5, -17, -4
3778.6, -17, -4
3778.7, -17, -4
3778.8, -17, -4
3778.9, -17, -4
3779, -17, -4
3779.1, -17, -4
3779.2, -17, -4
3779.3, -17, -4
3779.4, -17, -4
3779.5, -17, -4
3779.6, -17, -4
3779.7, -17, -4
3779.8, -17, -4
3779.9, -17, -4
3780, -17, -4
3780.1, -17, -4
3780.2, -17, -4
3780.3, -17, -4
3780.4, -17, -4
3780.5, -17, -4
3780.6, -17, -4
3780.7, -17, -4
3780.8, -17, -4
3780.9, -17, -4
3781, -17, -4
3781.1, -17, -4
3781.2, -17, -4
3781.3, -17, -4
3781.4, -17, -4
3781.5, -17, -4
3781.6, -17, -4
3781.7, -18, -4
3781.8, -18, -4
3781.9, -18, -4
3782, -18, -4
3782.1, -18, -4
3782.2, -18, -4
3782.3, -18, -4
3782.4, -18, -4
3782.5, -18, -4
3782.6, -18, -4
3782.7, -18, -4
3782.8, -18, -4
3782.9, -18, -4
3783, -18, -4
3783.1, -17, -4
3783.2, -17, -4
3783.3, -17, -4
3783.4, -17, -4
3783.5, -17, -4
3783.6, -17, -4
3783.7, -17, -4
3783.8, -17, -4
3783.9, -17, -4
3784, -17, -4
3784.1, -17, -4
3784.2, -17, -4
3784.3, -17, -4
3784.4, -17, -4
3784.5, -17, -4
3784.6, -17, -4
3784.7, -17, -4
3784.8, -17, -4
3784.9, -17, -4
3785, -17, -4
3785.1, -17, -4
3785.2, -17, -4
3785.3, -17, -4
3785.4, -17, -4
3785.5, -17, -4
3785.6, -17, -4
3785.7, -17, -4
3785.8, -17, -4
3785.9, -17, -4
3786, -17, -4
3786.1, -17, -4
3786.2, -17, -4
3786.3, -17, -3
3786.4, -17, -3
3786.5, -18, -3
3786.6, -18, -3
3786.7, -18, -3
3786.8, -18, -3
3786.9, -18, -3
3787, -18, -3
3787.1, -18, -3
3787.2, -18, -3
3787.3, -18, -3
3787.4, -18, -3
3787.5, -18, -3
3787.6, -18, -3
3787.7, -18, -3
3787.8, -18, -3
3787.9, -18, -3
3788, -18, -3
3788.1, -18, -3
3788.2, -18, -3
3788.3, -18, -3
3788.4, -18, -3
3788.5, -18, -3
3788.6, -18, -3
3788.7, -18, -3
3788.8, -18, -3
3788.9, -18, -3
3789, -18, -3
3789.1, -18, -3
3789.2, -18, -3
3789.3, -18, -4
3789.4, -18, -4
3789.5, -18, -5
3789.6, -18, -5
3789.7, -18, -5
3789.8, -18, -5
3789.9, -18, -5
3790, -18, -5
3790.1, -18, -5
3790.2, -18, -5
3790.3, -18, -5
3790.4, -18, -5
3790.5, -18, -5
3790.6, -18, -5
3790.7, -18, -5
3790.8, -18, -5
3790.9, -18, -5
3791, -18, -5
3791.1, -18, -5
3791.2, -18, -5
3791.3, -18, -5
3791.4, -18, -5
3791.5, -18, -5
3791.6, -18, -5
3791.7, -18, -5
3791.8, -18, -5
3791.9, -18, -5
3792, -18, -5
3792.1, -18, -5
3792.2, -18, -5
3792.3, -18, -5
3792.4, -18, -5
3792.5, -18, -5
3792.6, -18, -5
3792.7, -18, -5
3792.8, -18, -5
3792.9, -18, -6
3793, -18, -6
3793.1, -18, -6
3793.2, -18, -6
3793.3, -18, -7
3793.4, -18, -7
3793.5, -18, -7
3793.6, -18, -7
3793.7, -18, -7
3793.8, -18, -7
3793.9, -18, -7
3794, -18, -7
3794.1, -18, -7
3794.2, -18, -7
3794.3, -18, -7
3794.4, -18, -7
3794.5, -18, -7
3794.6, -18, -7
3794.7, -18, -7
3794.8, -18, -7
3794.9, -18, -7
3795, -18, -7
3795.1, -18, -7
3795.2, -18, -7
3795.3, -18, -7
3795.4, -18, -7
3795.5, -18, -7
3795.6, -18, -7
3795.7, -18, -7
3795.8, -18, -7
3795.9, -18, -7
3796, -18, -7
3796.1, -18, -7
3796.2, -18, -7
3796.3, -18, -7
3796.4, -18, -7
3796.5, -18, -7
3796.6, -18, -7
3796.7, -18, -7
3796.8, -18, -7
3796.9, -18, -7
3797, -18, -7
3797.1, -18, -7
3797.2, -18, -7
3797.3, -18, -7
3797.4, -18, -7
3797.5, -18, -7
3797.6, -18, -7
3797.7, -18, -7
3797.8, -18, -7
3797.9, -18, -7
3798, -18, -7
3798.1, -18, -7
3798.2, -18, -7
3798.3, -18, -8
3798.4, -18, -8
3798.5, -18, -8
3798.6, -18, -8
3798.7, -18, -8
3798.8, -18, -8
3798.9, -18, -7
3799, -18, -7
3799.1, -18, -7
3799.2, -18, -7
3799.3, -18, -7
3799.4, -18, -7
3799.5, -18, -7
3799.6, -18, -7
3799.7, -18, -7
3799.8, -18, -7
3799.9, -18, -7
3800, -18, -7
3800.1, -18, -7
3800.2, -18, -7
3800.3, -18, -7
3800.4, -18, -7
3800.5, -18, -8
3800.6, -18, -8
3800.7, -18, -8
3800.8, -18, -8
3800.9, -18, -8
3801, -18, -8
3801.1, -18, -8
3801.2, -18, -8
3801.3, -18, -8
3801.4, -18, -8
3801.5, -18, -8
3801.6, -18, -8
3801.7, -17, -8
3801.8, -17, -8
3801.9, -17, -8
3802, -17, -8
3802.1, -17, -9
3802.2, -17, -9
3802.3, -17, -9
3802.4, -17, -9
3802.5, -17, -9
3802.6, -17, -9
3802.7, -17, -9
3802.8, -17, -9
3802.9, -17, -9
3803, -17, -9
3803.1, -17, -9
3803.2, -17, -9
3803.3, -17, -9
3803.4, -17, -9
3803.5, -17, -9
3803.6, -17, -9
3803.7, -17, -9
3803.8, -17, -9
3803.9, -17, -9
3804, -17, -9
3804.1, -17, -9
3804.2, -17, -9
3804.3, -17, -9
3804.4, -17, -9
3804.5, -17, -9
3804.6, -17, -9
3804.7, -17, -9
3804.8, -17, -9
3804.9, -17, -9
3805, -17, -9
3805.1, -17, -9
3805.2, -17, -9
3805.3, -17, -9
3805.4, -17, -9
3805.5, -17, -9
3805.6, -17, -9
3805.7, -17, -9
3805.8, -17, -9
3805.9, -17, -9
3806, -17, -9
3806.1, -17, -9
3806.2, -17, -9
3806.3, -17, -9
3806.4, -17, -9
3806.5, -17, -9
3806.6, -17, -9
3806.7, -17, -9
3806.8, -17, -9
3806.9, -17, -9
3807, -17, -9
3807.1, -17, -9
3807.2, -17, -9
3807.3, -17, -9
3807.4, -17, -9
3807.5, -17, -9
3807.6, -17, -9
3807.7, -17, -9
3807.8, -17, -9
3807.9, -17, -9
3808, -17, -9
3808.1, -17, -9
3808.2, -17, -9
3808.3, -17, -9
3808.4, -17, -9
3808.5, -17, -9
3808.6, -17, -9
3808.7, -17, -9
3808.8, -17, -9
3808.9, -17, -9
3809, -17, -9
3809.1, -17, -9
3809.2, -17, -9
3809.3, -17, -9
3809.4, -17, -9
3809.5, -17, -9
3809.6, -17, -9
3809.7, -17, -9
3809.8, -17, -9
3809.9, -17, -9
3810, -17, -9
3810.1, -17, -9
3810.2, -17, -9
3810.3, -17, -8
3810.4, -17, -8
3810.5, -17, -8
3810.6, -17, -8
3810.7, -17, -8
3810.8, -17, -8
3810.9, -17, -9
3811, -17, -9
3811.1, -17, -9
3811.2, -17, -9
3811.3, -17, -9
3811.4, -17, -9
3811.5, -17, -9
3811.6, -17, -9
3811.7, -17, -9
3811.8, -17, -9
3811.9, -17, -9
3812, -17, -9
3812.1, -17, -9
3812.2, -17, -9
3812.3, -17, -9
3812.4, -17, -9
3812.5, -17, -9
3812.6, -17, -9
3812.7, -17, -9
3812.8, -17, -9
3812.9, -17, -9
3813, -17, -9
3813.1, -17, -9
3813.2, -17, -9
3813.3, -17, -9
3813.4, -17, -9
3813.5, -17, -9
3813.6, -17, -9
3813.7, -17, -9
3813.8, -17, -9
3813.9, -17, -9
3814, -17, -9
3814.1, -17, -9
3814.2, -17, -9
3814.3, -17, -9
3814.4, -17, -9
3814.5, -17, -9
3814.6, -17, -9
3814.7, -17, -9
3814.8, -17, -9
3814.9, -17, -9
3815, -17, -9
3815.1, -17, -9
3815.2, -17, -9
3815.3, -17, -9
3815.4, -17, -9
3815.5, -17, -9
3815.6, -17, -9
3815.7, -17, -9
3815.8, -17, -9
3815.9, -17, -9
3816, -17, -9
3816.1, -17, -9
3816.2, -17, -9
3816.3, -17, -9
3816.4, -17, -9
3816.5, -17, -9
3816.6, -17, -9
3816.7, -17, -9
3816.8, -17, -9
3816.9, -17, -9
3817, -17, -9
3817.1, -17, -9
3817.2, -17, -9
3817.3, -17, -9
3817.4, -17, -9
3817.5, -17, -9
3817.6, -17, -9
3817.7, -17, -9
3817.8, -17, -9
3817.9, -17, -9
3818, -17, -9
3818.1, -17, -9
3818.2, -17, -9
3818.3, -17, -9
3818.4, -17, -9
3818.5, -17, -9
3818.6, -17, -9
3818.7, -17, -9
3818.8, -17, -9
3818.9, -17, -9
3819, -17, -9
3819.1, -17, -9
3819.2, -17, -9
3819.3, -17, -9
3819.4, -17, -9
3819.5, -17, -9
3819.6, -17, -9
3819.7, -17, -9
3819.8, -17, -9
3819.9, -17, -9
3820, -17, -9
3820.1, -17, -9
3820.2, -17, -9
3820.3, -17, -9
3820.4, -17, -9
3820.5, -17, -9
3820.6, -17, -9
3820.7, -17, -9
3820.8, -17, -9
3820.9, -17, -9
3821, -17, -9
3821.1, -17, -9
3821.2, -17, -9
3821.3, -17, -9
3821.4, -17, -9
3821.5, -17, -9
3821.6, -17, -9
3821.7, -17, -9
3821.8, -17, -9
3821.9, -17, -9
3822, -17, -9
3822.1, -17, -9
3822.2, -17, -9
3822.3, -17, -9
3822.4, -17, -9
3822.5, -17, -9
3822.6, -17, -9
3822.7, -17, -9
3822.8, -17, -9
3822.9, -17, -10
3823, -17, -10
3823.1, -17, -10
3823.2, -17, -10
3823.3, -17, -10
3823.4, -17, -10
3823.5, -17, -10
3823.6, -17, -10
3823.7, -17, -10
3823.8, -17, -10
3823.9, -17, -10
3824, -17, -10
3824.1, -17, -10
3824.2, -17, -10
3824.3, -17, -10
3824.4, -17, -10
3824.5, -17, -10
3824.6, -17, -10
3824.7, -17, -10
3824.8, -17, -10
3824.9, -17, -10
3825, -17, -10
3825.1, -17, -10
3825.2, -17, -10
3825.3, -17, -10
3825.4, -17, -10
3825.5, -17, -10
3825.6, -17, -10
3825.7, -17, -10
3825.8, -17, -10
3825.9, -17, -10
3826, -17, -10
3826.1, -18, -10
3826.2, -18, -10
3826.3, -18, -10
3826.4, -18, -10
3826.5, -18, -10
3826.6, -18, -10
3826.7, -18, -10
3826.8, -18, -10
3826.9, -18, -10
3827, -18, -10
3827.1, -18, -10
3827.2, -18, -10
3827.3, -17, -10
3827.4, -17, -10
3827.5, -16, -10
3827.6, -16, -10
3827.7, -16, -10
3827.8, -16, -10
3827.9, -16, -10
3828, -16, -10
3828.1, -16, -10
3828.2, -16, -10
3828.3, -16, -10
3828.4, -16, -10
3828.5, -16, -10
3828.6, -16, -10
3828.7, -15, -10
3828.8, -15, -10
3828.9, -15, -10
3829, -15, -10
3829.1, -15, -10
3829.2, -15, -10
3829.3, -15, -10
3829.4, -15, -10
3829.5, -15, -10
3829.6, -15, -10
3829.7, -15, -10
3829.8, -15, -10
3829.9, -15, -10
3830, -15, -10
3830.1, -15, -10
3830.2, -15, -10
3830.3, -15, -10
3830.4, -15, -10
3830.5, -15, -10
3830.6, -15, -10
3830.7, -15, -10
3830.8, -15, -10
3830.9, -15, -10
3831, -15, -10
3831.1, -15, -10
3831.2, -15, -10
3831.3, -15, -10
3831.4, -15, -10
3831.5, -15, -10
3831.6, -15, -10
3831.7, -15, -10
3831.8, -15, -10
3831.9, -15, -10
3832, -15, -10
3832.1, -15, -10
3832.2, -15, -10
3832.3, -15, -10
3832.4, -15, -10
3832.5, -15, -10
3832.6, -15, -10
3832.7, -15, -10
3832.8, -15, -10
3832.9, -15, -10
3833, -15, -10
3833.1, -15, -10
3833.2, -15, -10
3833.3, -15, -10
3833.4, -15, -10
3833.5, -15, -10
3833.6, -15, -10
3833.7, -15, -10
3833.8, -15, -10
3833.9, -15, -10
3834, -15, -10
3834.1, -15, -10
3834.2, -15, -10
3834.3, -15, -10
3834.4, -15, -10
3834.5, -15, -10
3834.6, -15, -10
3834.7, -15, -10
3834.8, -15, -10
3834.9, -15, -10
3835, -15, -10
3835.1, -15, -10
3835.2, -15, -10
3835.3, -15, -10
3835.4, -15, -10
3835.5, -15, -10
3835.6, -15, -10
3835.7, -15, -10
3835.8, -15, -10
3835.9, -15, -10
3836, -15, -10
3836.1, -15, -10
3836.2, -15, -10
3836.3, -15, -10
3836.4, -15, -10
3836.5, -15, -10
3836.6, -15, -10
3836.7, -15, -10
3836.8, -15, -10
3836.9, -15, -10
3837, -15, -10
3837.1, -15, -10
3837.2, -15, -10
3837.3, -15, -10
3837.4, -15, -10
3837.5, -15, -10
3837.6, -15, -10
3837.7, -15, -10
3837.8, -15, -10
3837.9, -15, -10
3838, -15, -10
3838.1, -15, -10
3838.2, -15, -10
3838.3, -15, -10
3838.4, -15, -10
3838.5, -15, -10
3838.6, -15, -10
3838.7, -15, -10
3838.8, -15, -10
3838.9, -15, -10
3839, -15, -10
3839.1, -15, -10
3839.2, -15, -10
3839.3, -15, -10
3839.4, -15, -10
3839.5, -15, -10
3839.6, -15, -10
3839.7, -15, -10
3839.8, -15, -10
3839.9, -15, -10
3840, -15, -10
3840.1, -15, -10
3840.2, -15, -10
3840.3, -15, -10
3840.4, -15, -10
3840.5, -15, -10
3840.6, -15, -10
3840.7, -15, -10
3840.8, -15, -10
3840.9, -15, -10
3841, -15, -10
3841.1, -15, -10
3841.2, -15, -10
3841.3, -15, -10
3841.4, -15, -10
3841.5, -15, -10
3841.6, -15, -10
3841.7, -15, -10
3841.8, -15, -10
3841.9, -15, -10
3842, -15, -10
3842.1, -15, -10
3842.2, -15, -10
3842.3, -15, -10
3842.4, -15, -10
3842.5, -15, -11
3842.6, -15, -11
3842.7, -15, -11
3842.8, -15, -11
3842.9, -15, -12
3843, -15, -12
3843.1, -15, -12
3843.2, -15, -12
3843.3, -15, -12
3843.4, -15, -12
3843.5, -15, -12
3843.6, -15, -12
3843.7, -15, -12
3843.8, -15, -12
3843.9, -15, -12
3844, -15, -12
3844.1, -15, -12
3844.2, -15, -12
3844.3, -15, -13
3844.4, -15, -13
3844.5, -15, -13
3844.6, -15, -13
3844.7, -16, -13
3844.8, -16, -13
3844.9, -16, -13
3845, -16, -13
3845.1, -16, -13
3845.2, -16, -13
3845.3, -16, -13
3845.4, -16, -13
3845.5, -16, -13
3845.6, -16, -13
3845.7, -16, -13
3845.8, -16, -13
3845.9, -16, -12
3846, -16, -12
3846.1, -16, -12
3846.2, -16, -12
3846.3, -16, -12
3846.4, -16, -12
3846.5, -16, -12
3846.6, -16, -12
3846.7, -16, -12
3846.8, -16, -12
3846.9, -16, -12
3847, -16, -12
3847.1, -16, -12
3847.2, -16, -12
3847.3, -16, -12
3847.4, -16, -12
3847.5, -16, -12
3847.6, -16, -12
3847.7, -15, -12
3847.8, -15, -12
3847.9, -15, -12
3848, -15, -12
3848.1, -15, -12
3848.2, -15, -12
3848.3, -15, -12
3848.4, -15, -12
3848.5, -15, -12
3848.6, -15, -12
3848.7, -15, -12
3848.8, -15, -12
3848.9, -15, -12
3849, -15, -12
3849.1, -15, -12
3849.2, -15, -12
3849.3, -15, -12
3849.4, -15, -12
3849.5, -15, -12
3849.6, -15, -12
3849.7, -15, -12
3849.8, -15, -12
3849.9, -15, -12
3850, -15, -12
3850.1, -15, -12
3850.2, -15, -12
3850.3, -15, -12
3850.4, -15, -12
3850.5, -15, -12
3850.6, -15, -12
3850.7, -15, -12
3850.8, -15, -12
3850.9, -15, -12
3851, -15, -12
3851.1, -15, -12
3851.2, -15, -12
3851.3, -15, -12
3851.4, -15, -12
3851.5, -15, -12
3851.6, -15, -12
3851.7, -14, -12
3851.8, -14, -12
3851.9, -14, -12
3852, -14, -12
3852.1, -14, -12
3852.2, -14, -12
3852.3, -14, -12
3852.4, -14, -12
3852.5, -14, -12
3852.6, -14, -12
3852.7, -14, -12
3852.8, -14, -12
3852.9, -14, -12
3853, -14, -12
3853.1, -14, -12
3853.2, -14, -12
3853.3, -14, -12
3853.4, -14, -12
3853.5, -14, -12
3853.6, -14, -12
3853.7, -14, -12
3853.8, -14, -12
3853.9, -14, -12
3854, -14, -12
3854.1, -13, -12
3854.2, -13, -12
3854.3, -13, -12
3854.4, -13, -12
3854.5, -13, -12
3854.6, -13, -12
3854.7, -13, -12
3854.8, -13, -12
3854.9, -13, -12
3855, -13, -12
3855.1, -13, -12
3855.2, -13, -12
3855.3, -13, -12
3855.4, -13, -12
3855.5, -13, -12
3855.6, -13, -12
3855.7, -13, -12
3855.8, -13, -12
3855.9, -13, -12
3856, -13, -12
3856.1, -13, -12
3856.2, -13, -12
3856.3, -13, -12
3856.4, -13, -12
3856.5, -13, -12
3856.6, -13, -12
3856.7, -13, -12
3856.8, -13, -12
3856.9, -13, -12
3857, -13, -12
3857.1, -13, -12
3857.2, -13, -12
3857.3, -13, -12
3857.4, -13, -12
3857.5, -13, -12
3857.6, -13, -12
3857.7, -13, -12
3857.8, -13, -12
3857.9, -13, -12
3858, -13, -12
3858.1, -13, -12
3858.2, -13, -12
3858.3, -13, -12
3858.4, -13, -12
3858.5, -13, -12
3858.6, -13, -12
3858.7, -13, -13
3858.8, -13, -13
3858.9, -13, -13
3859, -13, -13
3859.1, -13, -13
3859.2, -13, -13
3859.3, -13, -13
3859.4, -13, -13
3859.5, -14, -13
3859.6, -14, -13
3859.7, -14, -13
3859.8, -14, -13
3859.9, -13, -13
3860, -13, -13
3860.1, -13, -13
3860.2, -13, -13
3860.3, -13, -13
3860.4, -13, -13
3860.5, -13, -13
3860.6, -13, -13
3860.7, -12, -13
3860.8, -12, -13
3860.9, -11, -13
3861, -11, -13
3861.1, -11, -13
3861.2, -11, -13
3861.3, -11, -13
3861.4, -11, -13
3861.5, -11, -13
3861.6, -11, -13
3861.7, -11, -13
3861.8, -11, -13
3861.9, -11, -13
3862, -11, -13
3862.1, -11, -13
3862.2, -11, -13
3862.3, -11, -13
3862.4, -11, -13
3862.5, -11, -12
3862.6, -11, -12
3862.7, -11, -12
3862.8, -11, -12
3862.9, -11, -12
3863, -11, -12
3863.1, -11, -12
3863.2, -11, -12
3863.3, -11, -12
3863.4, -11, -12
3863.5, -11, -12
3863.6, -11, -12
3863.7, -11, -12
3863.8, -11, -12
3863.9, -11, -12
3864, -11, -12
3864.1, -11, -12
3864.2, -11, -12
3864.3, -11, -12
3864.4, -11, -12
3864.5, -11, -12
3864.6, -11, -12
3864.7, -11, -12
3864.8, -11, -12
3864.9, -11, -12
3865, -11, -12
3865.1, -11, -12
3865.2, -11, -12
3865.3, -11, -12
3865.4, -11, -12
3865.5, -11, -12
3865.6, -11, -12
3865.7, -11, -12
3865.8, -11, -12
3865.9, -11, -12
3866, -11, -12
3866.1, -11, -12
3866.2, -11, -12
3866.3, -11, -12
3866.4, -11, -12
3866.5, -11, -12
3866.6, -11, -12
3866.7, -11, -12
3866.8, -11, -12
3866.9, -11, -12
3867, -11, -12
3867.1, -11, -12
3867.2, -11, -12
3867.3, -11, -12
3867.4, -11, -12
3867.5, -11, -12
3867.6, -11, -12
3867.7, -11, -12
3867.8, -11, -12
3867.9, -11, -12
3868, -11, -12
3868.1, -11, -12
3868.2, -11, -12
3868.3, -11, -12
3868.4, -11, -12
3868.5, -11, -12
3868.6, -11, -12
3868.7, -11, -12
3868.8, -11, -12
3868.9, -11, -12
3869, -11, -12
3869.1, -11, -12
3869.2, -11, -12
3869.3, -11, -12
3869.4, -11, -12
3869.5, -11, -13
3869.6, -11, -13
3869.7, -11, -13
3869.8, -11, -13
3869.9, -11, -13
3870, -11, -13
3870.1, -11, -13
3870.2, -11, -13
3870.3, -11, -13
3870.4, -11, -13
3870.5, -11, -13
3870.6, -11, -13
3870.7, -11, -13
3870.8, -11, -13
3870.9, -11, -13
3871, -11, -13
3871.1, -11, -13
3871.2, -11, -13
3871.3, -11, -13
3871.4, -11, -13
3871.5, -11, -13
3871.6, -11, -13
3871.7, -11, -13
3871.8, -11, -13
3871.9, -11, -13
3872, -11, -13
3872.1, -11, -14
3872.2, -11, -14
3872.3, -11, -14
3872.4, -11, -14
3872.5, -11, -14
3872.6, -11, -14
3872.7, -11, -14
3872.8, -11, -14
3872.9, -11, -14
3873, -11, -14
3873.1, -11, -15
3873.2, -11, -15
3873.3, -11, -15
3873.4, -11, -15
3873.5, -11, -16
3873.6, -11, -16
3873.7, -11, -16
3873.8, -11, -16
3873.9, -11, -16
3874, -11, -16
3874.1, -11, -16
3874.2, -11, -16
3874.3, -11, -16
3874.4, -11, -16
3874.5, -11, -16
3874.6, -11, -16
3874.7, -11, -16
3874.8, -11, -16
3874.9, -11, -15
3875, -11, -15
3875.1, -11, -15
3875.2, -11, -15
3875.3, -11, -15
3875.4, -11, -15
3875.5, -11, -15
3875.6, -11, -15
3875.7, -11, -15
3875.8, -11, -15
3875.9, -11, -15
3876, -11, -15
3876.1, -11, -15
3876.2, -11, -15
3876.3, -11, -15
3876.4, -11, -15
3876.5, -11, -15
3876.6, -11, -15
3876.7, -11, -15
3876.8, -11, -15
3876.9, -11, -15
3877, -11, -15
3877.1, -11, -15
3877.2, -11, -15
3877.3, -11, -15
3877.4, -11, -15
3877.5, -11, -15
3877.6, -11, -15
3877.7, -11, -15
3877.8, -11, -15
3877.9, -11, -15
3878, -11, -15
3878.1, -11, -15
3878.2, -11, -15
3878.3, -11, -15
3878.4, -11, -15
3878.5, -11, -15
3878.6, -11, -15
3878.7, -11, -15
3878.8, -11, -15
3878.9, -11, -15
3879, -11, -15
3879.1, -11, -15
3879.2, -11, -15
3879.3, -11, -15
3879.4, -11, -15
3879.5, -11, -15
3879.6, -11, -15
3879.7, -11, -15
3879.8, -11, -15
3879.9, -11, -15
3880, -11, -15
3880.1, -11, -15
3880.2, -11, -15
3880.3, -11, -14
3880.4, -11, -14
3880.5, -11, -14
3880.6, -11, -14
3880.7, -11, -14
3880.8, -11, -14
3880.9, -11, -14
3881, -11, -14
3881.1, -11, -14
3881.2, -11, -14
3881.3, -11, -14
3881.4, -11, -14
3881.5, -10, -14
3881.6, -10, -14
3881.7, -10, -14
3881.8, -10, -14
3881.9, -10, -14
3882, -10, -14
3882.1, -10, -14
3882.2, -10, -14
3882.3, -10, -14
3882.4, -10, -14
3882.5, -10, -14
3882.6, -10, -14
3882.7, -10, -14
3882.8, -10, -14
3882.9, -10, -14
3883, -10, -14
3883.1, -10, -14
3883.2, -10, -14
3883.3, -10, -14
3883.4, -10, -14
3883.5, -10, -14
3883.6, -10, -14
3883.7, -10, -14
3883.8, -10, -14
3883.9, -10, -14
3884, -10, -14
3884.1, -10, -14
3884.2, -10, -14
3884.3, -10, -14
3884.4, -10, -14
3884.5, -10, -14
3884.6, -10, -14
3884.7, -11, -14
3884.8, -11, -14
3884.9, -11, -14
3885, -11, -14
3885.1, -12, -14
3885.2, -12, -14
3885.3, -12, -14
3885.4, -12, -14
3885.5, -12, -14
3885.6, -12, -14
3885.7, -12, -14
3885.8, -12, -14
3885.9, -12, -14
3886, -12, -14
3886.1, -12, -14
3886.2, -12, -14
3886.3, -12, -14
3886.4, -12, -14
3886.5, -12, -14
3886.6, -12, -14
3886.7, -12, -14
3886.8, -12, -14
3886.9, -12, -14
3887, -12, -14
3887.1, -12, -14
3887.2, -12, -14
3887.3, -12, -14
3887.4, -12, -14
3887.5, -12, -14
3887.6, -12, -14
3887.7, -12, -14
3887.8, -12, -14
3887.9, -12, -14
3888, -12, -14
3888.1, -12, -14
3888.2, -12, -14
3888.3, -12, -14
3888.4, -12, -14
3888.5, -12, -14
3888.6, -12, -14
3888.7, -12, -14
3888.8, -12, -14
3888.9, -12, -14
3889, -12, -14
3889.1, -12, -14
3889.2, -12, -14
3889.3, -12, -14
3889.4, -12, -14
3889.5, -12, -14
3889.6, -12, -14
3889.7, -12, -14
3889.8, -12, -14
3889.9, -12, -14
3890, -12, -14
3890.1, -12, -14
3890.2, -12, -14
3890.3, -12, -14
3890.4, -12, -14
3890.5, -12, -14
3890.6, -12, -14
3890.7, -12, -14
3890.8, -12, -14
3890.9, -12, -14
3891, -12, -14
3891.1, -12, -14
3891.2, -12, -14
3891.3, -12, -14
3891.4, -12, -14
3891.5, -12, -14
3891.6, -12, -14
3891.7, -12, -14
3891.8, -12, -14
3891.9, -12, -14
3892, -12, -14
3892.1, -12, -14
3892.2, -12, -14
3892.3, -12, -13
3892.4, -12, -13
3892.5, -12, -13
3892.6, -12, -13
3892.7, -12, -13
3892.8, -12, -13
3892.9, -12, -13
3893, -12, -13
3893.1, -12, -12
3893.2, -12, -12
3893.3, -12, -12
3893.4, -12, -12
3893.5, -12, -12
3893.6, -12, -12
3893.7, -12, -12
3893.8, -12, -12
3893.9, -12, -12
3894, -12, -12
3894.1, -11, -12
3894.2, -11, -12
3894.3, -11, -12
3894.4, -11, -12
3894.5, -11, -13
3894.6, -11, -13
3894.7, -11, -13
3894.8, -11, -13
3894.9, -11, -13
3895, -11, -13
3895.1, -11, -13
3895.2, -11, -13
3895.3, -11, -13
3895.4, -11, -13
3895.5, -11, -13
3895.6, -11, -13
3895.7, -11, -13
3895.8, -11, -13
3895.9, -11, -13
3896, -11, -13
3896.1, -11, -14
3896.2, -11, -14
3896.3, -11, -13
3896.4, -11, -13
3896.5, -11, -13
3896.6, -11, -13
3896.7, -11, -13
3896.8, -11, -13
3896.9, -11, -13
3897, -11, -13
3897.1, -11, -13
3897.2, -11, -13
3897.3, -11, -13
3897.4, -11, -13
3897.5, -11, -13
3897.6, -11, -13
3897.7, -11, -13
3897.8, -11, -13
3897.9, -11, -13
3898, -11, -13
3898.1, -11, -13
3898.2, -11, -13
3898.3, -11, -13
3898.4, -11, -13
3898.5, -11, -14
3898.6, -11, -14
3898.7, -11, -14
3898.8, -11, -14
3898.9, -11, -14
3899, -11, -14
3899.1, -11, -14
3899.2, -11, -14
3899.3, -11, -14
3899.4, -11, -14
3899.5, -12, -14
3899.6, -12, -14
3899.7, -12, -14
3899.8, -12, -14
3899.9, -12, -14
3900, -12, -14
3900.1, -12, -14
3900.2, -12, -14
3900.3, -12, -14
3900.4, -12, -14
3900.5, -12, -14
3900.6, -12, -14
3900.7, -12, -14
3900.8, -12, -14
3900.9, -12, -14
3901, -12, -14
3901.1, -12, -14
3901.2, -12, -14
3901.3, -12, -14
3901.4, -12, -14
3901.5, -12, -14
3901.6, -12, -14
3901.7, -12, -14
3901.8, -12, -14
3901.9, -12, -14
3902, -12, -14
3902.1, -12, -14
3902.2, -12, -14
3902.3, -12, -14
3902.4, -12, -14
3902.5, -12, -14
3902.6, -12, -14
3902.7, -13, -14
3902.8, -13, -14
3902.9, -13, -14
3903, -13, -14
3903.1, -12, -14
3903.2, -12, -14
3903.3, -12, -14
3903.4, -12, -14
3903.5, -12, -13
3903.6, -12, -13
3903.7, -12, -13
3903.8, -12, -13
3903.9, -12, -14
3904, -12, -14
3904.1, -12, -15
3904.2, -12, -15
3904.3, -12, -15
3904.4, -12, -15
3904.5, -12, -15
3904.6, -12, -15
3904.7, -12, -15
3904.8, -12, -15
3904.9, -12, -15
3905, -12, -15
3905.1, -12, -15
3905.2, -12, -15
3905.3, -12, -15
3905.4, -12, -15
3905.5, -12, -15
3905.6, -12, -15
3905.7, -12, -15
3905.8, -12, -15
3905.9, -12, -15
3906, -12, -15
3906.1, -12, -15
3906.2, -12, -15
3906.3, -12, -15
3906.4, -12, -15
3906.5, -12, -15
3906.6, -12, -15
3906.7, -12, -15
3906.8, -12, -15
3906.9, -12, -15
3907, -12, -15
3907.1, -12, -15
3907.2, -12, -15
3907.3, -12, -15
3907.4, -12, -15
3907.5, -12, -15
3907.6, -12, -15
3907.7, -12, -15
3907.8, -12, -15
3907.9, -12, -15
3908, -12, -15
3908.1, -12, -15
3908.2, -12, -15
3908.3, -12, -15
3908.4, -12, -15
3908.5, -11, -15
3908.6, -11, -15
3908.7, -11, -15
3908.8, -11, -15
3908.9, -11, -15
3909, -11, -15
3909.1, -11, -15
3909.2, -11, -15
3909.3, -11, -15
3909.4, -11, -15
3909.5, -11, -15
3909.6, -11, -15
3909.7, -10, -15
3909.8, -10, -15
3909.9, -11, -15
3910, -11, -15
3910.1, -11, -15
3910.2, -11, -15
3910.3, -11, -15
3910.4, -11, -15
3910.5, -11, -15
3910.6, -11, -15
3910.7, -11, -15
3910.8, -11, -15
3910.9, -11, -15
3911, -11, -15
3911.1, -11, -15
3911.2, -11, -15
3911.3, -11, -15
3911.4, -11, -15
3911.5, -11, -15
3911.6, -11, -15
3911.7, -11, -15
3911.8, -11, -15
3911.9, -11, -15
3912, -11, -15
3912.1, -11, -15
3912.2, -11, -15
3912.3, -11, -15
3912.4, -11, -15
3912.5, -11, -15
3912.6, -11, -15
3912.7, -11, -15
3912.8, -11, -15
3912.9, -11, -15
3913, -11, -15
3913.1, -11, -15
3913.2, -11, -15
3913.3, -11, -15
3913.4, -11, -15
3913.5, -11, -15
3913.6, -11, -15
3913.7, -11, -15
3913.8, -11, -15
3913.9, -11, -15
3914, -11, -15
3914.1, -11, -16
3914.2, -11, -16
3914.3, -11, -16
3914.4, -11, -16
3914.5, -11, -16
3914.6, -11, -16
3914.7, -11, -16
3914.8, -11, -16
3914.9, -11, -16
3915, -11, -16
3915.1, -11, -16
3915.2, -11, -16
3915.3, -11, -16
3915.4, -11, -16
3915.5, -11, -16
3915.6, -11, -16
3915.7, -11, -16
3915.8, -11, -16
3915.9, -11, -16
3916, -11, -16
3916.1, -11, -16
3916.2, -11, -16
3916.3, -11, -16
3916.4, -11, -16
3916.5, -11, -16
3916.6, -11, -16
3916.7, -11, -16
3916.8, -11, -16
3916.9, -11, -16
3917, -11, -16
3917.1, -11, -16
3917.2, -11, -16
3917.3, -11, -16
3917.4, -11, -16
3917.5, -11, -16
3917.6, -11, -16
3917.7, -11, -16
3917.8, -11, -16
3917.9, -11, -16
3918, -11, -16
3918.1, -11, -16
3918.2, -11, -16
3918.3, -11, -16
3918.4, -11, -16
3918.5, -11, -16
3918.6, -11, -16
3918.7, -12, -16
3918.8, -12, -16
3918.9, -12, -16
3919, -12, -16
3919.1, -12, -16
3919.2, -12, -16
3919.3, -12, -16
3919.4, -12, -16
3919.5, -12, -16
3919.6, -12, -16
3919.7, -12, -16
3919.8, -12, -16
3919.9, -12, -16
3920, -12, -16
3920.1, -12, -16
3920.2, -12, -16
3920.3, -12, -16
3920.4, -12, -16
3920.5, -12, -16
3920.6, -12, -16
3920.7, -12, -16
3920.8, -12, -16
3920.9, -11, -16
3921, -11, -16
3921.1, -11, -16
3921.2, -11, -16
3921.3, -11, -16
3921.4, -11, -16
3921.5, -11, -16
3921.6, -11, -16
3921.7, -11, -17
3921.8, -11, -17
3921.9, -11, -17
3922, -11, -17
3922.1, -11, -17
3922.2, -11, -17
3922.3, -11, -17
3922.4, -11, -17
3922.5, -11, -17
3922.6, -11, -17
3922.7, -11, -17
3922.8, -11, -17
3922.9, -11, -17
3923, -11, -17
3923.1, -11, -17
3923.2, -11, -17
3923.3, -11, -17
3923.4, -11, -17
3923.5, -11, -17
3923.6, -11, -17
3923.7, -11, -17
3923.8, -11, -17
3923.9, -11, -17
3924, -11, -17
3924.1, -11, -17
3924.2, -11, -17
3924.3, -11, -17
3924.4, -11, -17
3924.5, -11, -17
3924.6, -11, -17
3924.7, -11, -17
3924.8, -11, -17
3924.9, -11, -17
3925, -11, -17
3925.1, -11, -17
3925.2, -11, -17
3925.3, -11, -17
3925.4, -11, -17
3925.5, -11, -17
3925.6, -11, -17
3925.7, -11, -17
3925.8, -11, -17
3925.9, -11, -17
3926, -11, -17
3926.1, -10, -17
3926.2, -10, -17
3926.3, -10, -17
3926.4, -10, -17
3926.5, -10, -17
3926.6, -10, -17
3926.7, -10, -17
3926.8, -10, -17
3926.9, -10, -17
3927, -10, -17
3927.1, -10, -17
3927.2, -10, -17
3927.3, -10, -17
3927.4, -10, -17
3927.5, -10, -17
3927.6, -10, -17
3927.7, -10, -17
3927.8, -10, -17
3927.9, -10, -17
3928, -10, -17
3928.1, -10, -17
3928.2, -10, -17
3928.3, -10, -17
3928.4, -10, -17
3928.5, -10, -17
3928.6, -10, -17
3928.7, -9, -17
3928.8, -9, -17
3928.9, -9, -17
3929, -9, -17
3929.1, -9, -17
3929.2, -9, -17
3929.3, -9, -17
3929.4, -9, -17
3929.5, -9, -17
3929.6, -9, -17
3929.7, -9, -17
3929.8, -9, -17
3929.9, -9, -17
3930, -9, -17
3930.1, -9, -17
3930.2, -9, -17
3930.3, -9, -17
3930.4, -9, -17
3930.5, -9, -17
3930.6, -9, -17
3930.7, -9, -17
3930.8, -9, -17
3930.9, -9, -17
3931, -9, -17
3931.1, -9, -17
3931.2, -9, -17
3931.3, -9, -17
3931.4, -9, -17
3931.5, -9, -17
3931.6, -9, -17
3931.7, -9, -17
3931.8, -9, -17
3931.9, -9, -17
3932, -9, -17
3932.1, -9, -17
3932.2, -9, -17
3932.3, -9, -17
3932.4, -9, -17
3932.5, -9, -16
3932.6, -9, -16
3932.7, -9, -16
3932.8, -9, -16
3932.9, -9, -16
3933, -9, -16
3933.1, -9, -16
3933.2, -9, -16
3933.3, -9, -16
3933.4, -9, -16
3933.5, -9, -16
3933.6, -9, -16
3933.7, -9, -16
3933.8, -9, -16
3933.9, -9, -16
3934, -9, -16
3934.1, -9, -16
3934.2, -9, -16
3934.3, -9, -16
3934.4, -9, -16
3934.5, -9, -17
3934.6, -9, -17
3934.7, -9, -17
3934.8, -9, -17
3934.9, -9, -17
3935, -9, -17
3935.1, -9, -17
3935.2, -9, -17
3935.3, -8, -17
3935.4, -8, -17
3935.5, -8, -17
3935.6, -8, -17
3935.7, -8, -17
3935.8, -8, -17
3935.9, -8, -17
3936, -8, -17
3936.1, -8, -17
3936.2, -8, -17
3936.3, -8, -17
3936.4, -8, -17
3936.5, -8, -17
3936.6, -8, -17
3936.7, -8, -17
3936.8, -8, -17
3936.9, -8, -17
3937, -8, -17
3937.1, -8, -17
3937.2, -8, -17
3937.3, -8, -17
3937.4, -8, -17
3937.5, -8, -17
3937.6, -8, -17
3937.7, -8, -17
3937.8, -8, -17
3937.9, -7, -17
3938, -7, -17
3938.1, -7, -17
3938.2, -7, -17
3938.3, -7, -17
3938.4, -7, -17
3938.5, -7, -17
3938.6, -7, -17
3938.7, -7, -17
3938.8, -7, -17
3938.9, -7, -17
3939, -7, -17
3939.1, -7, -17
3939.2, -7, -17
3939.3, -7, -17
3939.4, -7, -17
3939.5, -7, -17
3939.6, -7, -17
3939.7, -7, -17
3939.8, -7, -17
3939.9, -7, -17
3940, -7, -17
3940.1, -6, -17
3940.2, -6, -17
3940.3, -6, -17
3940.4, -6, -17
3940.5, -6, -17
3940.6, -6, -17
3940.7, -6, -17
3940.8, -6, -17
3940.9, -6, -17
3941, -6, -17
3941.1, -6, -17
3941.2, -6, -17
3941.3, -6, -18
3941.4, -6, -18
3941.5, -6, -18
3941.6, -6, -18
3941.7, -6, -18
3941.8, -6, -18
3941.9, -6, -18
3942, -6, -18
3942.1, -6, -18
3942.2, -6, -18
3942.3, -6, -18
3942.4, -6, -18
3942.5, -6, -18
3942.6, -6, -18
3942.7, -6, -18
3942.8, -6, -18
3942.9, -6, -18
3943, -6, -18
3943.1, -6, -18
3943.2, -6, -18
3943.3, -6, -18
3943.4, -6, -18
3943.5, -6, -18
3943.6, -6, -18
3943.7, -6, -18
3943.8, -6, -18
3943.9, -6, -18
3944, -6, -18
3944.1, -6, -18
3944.2, -6, -18
3944.3, -6, -18
3944.4, -6, -18
3944.5, -6, -18
3944.6, -6, -18
3944.7, -6, -18
3944.8, -6, -18
3944.9, -6, -18
3945, -6, -18
3945.1, -6, -18
3945.2, -6, -18
3945.3, -6, -18
3945.4, -6, -18
3945.5, -6, -18
3945.6, -6, -18
3945.7, -6, -18
3945.8, -6, -18
3945.9, -6, -18
3946, -6, -18
3946.1, -6, -18
3946.2, -6, -18
3946.3, -6, -18
3946.4, -6, -18
3946.5, -6, -18
3946.6, -6, -18
3946.7, -6, -18
3946.8, -6, -18
3946.9, -6, -18
3947, -6, -18
3947.1, -6, -18
3947.2, -6, -18
3947.3, -6, -17
3947.4, -6, -17
3947.5, -5, -17
3947.6, -5, -17
3947.7, -5, -17
3947.8, -5, -17
3947.9, -5, -17
3948, -5, -17
3948.1, -5, -17
3948.2, -5, -17
3948.3, -6, -17
3948.4, -6, -17
3948.5, -6, -17
3948.6, -6, -17
3948.7, -6, -17
3948.8, -6, -17
3948.9, -6, -17
3949, -6, -17
3949.1, -6, -17
3949.2, -6, -17
3949.3, -6, -17
3949.4, -6, -17
3949.5, -6, -17
3949.6, -6, -17
3949.7, -6, -17
3949.8, -6, -17
3949.9, -6, -17
3950, -6, -17
3950.1, -6, -17
3950.2, -6, -17
3950.3, -6, -17
3950.4, -6, -17
3950.5, -6, -17
3950.6, -6, -17
3950.7, -6, -17
3950.8, -6, -17
3950.9, -6, -17
3951, -6, -17
3951.1, -6, -17
3951.2, -6, -17
3951.3, -6, -17
3951.4, -6, -17
3951.5, -6, -17
3951.6, -6, -17
3951.7, -6, -17
3951.8, -6, -17
3951.9, -6, -18
3952, -6, -18
3952.1, -5, -18
3952.2, -5, -18
3952.3, -5, -18
3952.4, -5, -18
3952.5, -5, -19
3952.6, -5, -19
3952.7, -5, -19
3952.8, -5, -19
3952.9, -5, -18
3953, -5, -18
3953.1, -5, -18
3953.2, -5, -18
3953.3, -5, -18
3953.4, -5, -18
3953.5, -5, -18
3953.6, -5, -18
3953.7, -5, -18
3953.8, -5, -18
3953.9, -5, -18
3954, -5, -18
3954.1, -5, -18
3954.2, -5, -18
3954.3, -5, -18
3954.4, -5, -18
3954.5, -5, -18
3954.6, -5, -18
3954.7, -6, -18
3954.8, -6, -18
3954.9, -6, -18
3955, -6, -18
3955.1, -5, -18
3955.2, -5, -18
3955.3, -5, -18
3955.4, -5, -18
3955.5, -5, -18
3955.6, -5, -18
3955.7, -5, -18
3955.8, -5, -18
3955.9, -5, -18
3956, -5, -18
3956.1, -5, -18
3956.2, -5, -18
3956.3, -5, -19
3956.4, -5, -19
3956.5, -5, -19
3956.6, -5, -19
3956.7, -5, -19
3956.8, -5, -19
3956.9, -5, -19
3957, -5, -19
3957.1, -5, -19
3957.2, -5, -19
3957.3, -5, -19
3957.4, -5, -19
3957.5, -5, -19
3957.6, -5, -19
3957.7, -5, -19
3957.8, -5, -19
3957.9, -5, -19
3958, -5, -19
3958.1, -5, -19
3958.2, -5, -19
3958.3, -5, -19
3958.4, -5, -19
3958.5, -5, -19
3958.6, -5, -19
3958.7, -5, -19
3958.8, -5, -19
3958.9, -5, -19
3959, -5, -19
3959.1, -4, -19
3959.2, -4, -19
3959.3, -4, -19
3959.4, -4, -19
3959.5, -4, -19
3959.6, -4, -19
3959.7, -5, -19
3959.8, -5, -19
3959.9, -5, -19
3960, -5, -19
3960.1, -5, -19
3960.2, -5, -19
3960.3, -5, -19
3960.4, -5, -19
3960.5, -5, -19
3960.6, -5, -19
3960.7, -5, -19
3960.8, -5, -19
3960.9, -5, -19
3961, -5, -19
3961.1, -5, -19
3961.2, -5, -19
3961.3, -5, -19
3961.4, -5, -19
3961.5, -5, -19
3961.6, -5, -19
3961.7, -5, -19
3961.8, -5, -19
3961.9, -5, -19
3962, -5, -19
3962.1, -5, -18
3962.2, -5, -18
3962.3, -5, -18
3962.4, -5, -18
3962.5, -5, -18
3962.6, -5, -18
3962.7, -5, -18
3962.8, -5, -18
3962.9, -5, -18
3963, -5, -18
3963.1, -5, -18
3963.2, -5, -18
3963.3, -5, -18
3963.4, -5, -18
3963.5, -5, -18
3963.6, -5, -18
3963.7, -5, -18
3963.8, -5, -18
3963.9, -5, -18
3964, -5, -18
3964.1, -5, -18
3964.2, -5, -18
3964.3, -5, -18
3964.4, -5, -18
3964.5, -5, -18
3964.6, -5, -18
3964.7, -5, -18
3964.8, -5, -18
3964.9, -5, -18
3965, -5, -18
3965.1, -5, -18
3965.2, -5, -18
3965.3, -5, -18
3965.4, -5, -18
3965.5, -5, -18
3965.6, -5, -18
3965.7, -5, -18
3965.8, -5, -18
3965.9, -5, -18
3966, -5, -18
3966.1, -5, -18
3966.2, -5, -18
3966.3, -6, -18
3966.4, -6, -18
3966.5, -6, -18
3966.6, -6, -18
3966.7, -6, -18
3966.8, -6, -18
3966.9, -6, -18
3967, -6, -18
3967.1, -6, -18
3967.2, -6, -18
3967.3, -6, -18
3967.4, -6, -18
3967.5, -6, -18
3967.6, -6, -18
3967.7, -6, -18
3967.8, -6, -18
3967.9, -6, -18
3968, -6, -18
3968.1, -5, -18
3968.2, -5, -18
3968.3, -5, -18
3968.4, -5, -18
3968.5, -5, -18
3968.6, -5, -18
3968.7, -5, -18
3968.8, -5, -18
3968.9, -5, -18
3969, -5, -18
3969.1, -5, -18
3969.2, -5, -18
3969.3, -5, -18
3969.4, -5, -18
3969.5, -5, -18
3969.6, -5, -18
3969.7, -5, -18
3969.8, -5, -18
3969.9, -5, -18
3970, -5, -18
3970.1, -5, -18
3970.2, -5, -18
3970.3, -5, -18
3970.4, -5, -18
3970.5, -5, -18
3970.6, -5, -18
3970.7, -5, -18
3970.8, -5, -18
3970.9, -5, -18
3971, -5, -18
3971.1, -5, -18
3971.2, -5, -18
3971.3, -5, -18
3971.4, -5, -18
3971.5, -5, -18
3971.6, -5, -18
3971.7, -5, -17
3971.8, -5, -17
3971.9, -5, -17
3972, -5, -17
3972.1, -5, -17
3972.2, -5, -17
3972.3, -5, -17
3972.4, -5, -17
3972.5, -5, -17
3972.6, -5, -17
3972.7, -5, -17
3972.8, -5, -17
3972.9, -5, -17
3973, -5, -17
3973.1, -5, -17
3973.2, -5, -17
3973.3, -5, -17
3973.4, -5, -17
3973.5, -5, -17
3973.6, -5, -17
3973.7, -5, -17
3973.8, -5, -17
3973.9, -5, -17
3974, -5, -17
3974.1, -5, -17
3974.2, -5, -17
3974.3, -5, -17
3974.4, -5, -17
3974.5, -5, -17
3974.6, -5, -17
3974.7, -5, -17
3974.8, -5, -17
3974.9, -5, -17
3975, -5, -17
3975.1, -5, -17
3975.2, -5, -17
3975.3, -5, -17
3975.4, -5, -17
3975.5, -5, -17
3975.6, -5, -17
3975.7, -5, -17
3975.8, -5, -17
3975.9, -5, -17
3976, -5, -17
3976.1, -5, -17
3976.2, -5, -17
3976.3, -5, -17
3976.4, -5, -17
3976.5, -5, -17
3976.6, -5, -17
3976.7, -5, -17
3976.8, -5, -17
3976.9, -5, -17
3977, -5, -17
3977.1, -5, -17
3977.2, -5, -17
3977.3, -5, -17
3977.4, -5, -17
3977.5, -5, -17
3977.6, -5, -17
3977.7, -5, -17
3977.8, -5, -17
3977.9, -5, -17
3978, -5, -17
3978.1, -4, -17
3978.2, -4, -17
3978.3, -4, -17
3978.4, -4, -17
3978.5, -4, -17
3978.6, -4, -17
3978.7, -4, -17
3978.8, -4, -17
3978.9, -4, -17
3979, -4, -17
3979.1, -4, -17
3979.2, -4, -17
3979.3, -4, -17
3979.4, -4, -17
3979.5, -4, -17
3979.6, -4, -17
3979.7, -4, -17
3979.8, -4, -17
3979.9, -4, -17
3980, -4, -17
3980.1, -4, -17
3980.2, -4, -17
3980.3, -4, -17
3980.4, -4, -17
3980.5, -3, -17
3980.6, -3, -17
3980.7, -3, -17
3980.8, -3, -17
3980.9, -3, -17
3981, -3, -17
3981.1, -3, -17
3981.2, -3, -17
3981.3, -3, -17
3981.4, -3, -17
3981.5, -3, -17
3981.6, -3, -17
3981.7, -3, -17
3981.8, -3, -17
3981.9, -3, -17
3982, -3, -17
3982.1, -3, -17
3982.2, -3, -17
3982.3, -3, -17
3982.4, -3, -17
3982.5, -3, -17
3982.6, -3, -17
3982.7, -3, -17
3982.8, -3, -17
3982.9, -3, -18
3983, -3, -18
3983.1, -3, -18
3983.2, -3, -18
3983.3, -3, -18
3983.4, -3, -18
3983.5, -3, -18
3983.6, -3, -18
3983.7, -3, -18
3983.8, -3, -18
3983.9, -3, -18
3984, -3, -18
3984.1, -3, -18
3984.2, -3, -18
3984.3, -3, -18
3984.4, -3, -18
3984.5, -3, -18
3984.6, -3, -18
3984.7, -3, -18
3984.8, -3, -18
3984.9, -3, -18
3985, -3, -18
3985.1, -3, -18
3985.2, -3, -18
3985.3, -3, -18
3985.4, -3, -18
3985.5, -3, -18
3985.6, -3, -18
3985.7, -3, -18
3985.8, -3, -18
3985.9, -3, -18
3986, -3, -18
3986.1, -3, -18
3986.2, -3, -18
3986.3, -3, -18
3986.4, -3, -18
3986.5, -3, -18
3986.6, -3, -18
3986.7, -3, -18
3986.8, -3, -18
3986.9, -3, -18
3987, -3, -18
3987.1, -3, -18
3987.2, -3, -18
3987.3, -3, -18
3987.4, -3, -18
3987.5, -3, -18
3987.6, -3, -18
3987.7, -3, -18
3987.8, -3, -18
3987.9, -3, -18
3988, -3, -18
3988.1, -3, -18
3988.2, -3, -18
3988.3, -3, -18
3988.4, -3, -18
3988.5, -3, -18
3988.6, -3, -18
3988.7, -3, -18
3988.8, -3, -18
3988.9, -3, -18
3989, -3, -18
3989.1, -3, -18
3989.2, -3, -18
3989.3, -3, -18
3989.4, -3, -18
3989.5, -3, -18
3989.6, -3, -18
3989.7, -3, -18
3989.8, -3, -18
3989.9, -3, -17
3990, -3, -17
3990.1, -3, -17
3990.2, -3, -17
3990.3, -3, -17
3990.4, -3, -17
3990.5, -3, -17
3990.6, -3, -17
3990.7, -2, -17
3990.8, -2, -17
3990.9, -2, -17
3991, -2, -17
3991.1, -2, -17
3991.2, -2, -17
3991.3, -2, -17
3991.4, -2, -17
3991.5, -2, -17
3991.6, -2, -17
3991.7, -1, -17
3991.8, -1, -17
3991.9, -1, -17
3992, -1, -17
3992.1, -1, -17
3992.2, -1, -17
3992.3, -1, -17
3992.4, -1, -17
3992.5, -1, -17
3992.6, -1, -17
3992.7, -1, -17
3992.8, -1, -17
3992.9, -1, -17
3993, -1, -17
3993.1, -1, -17
3993.2, -1, -17
3993.3, -1, -17
3993.4, -1, -17
3993.5, -1, -17
3993.6, -1, -17
3993.7, -1, -17
3993.8, -1, -17
3993.9, -1, -17
3994, -1, -17
3994.1, -1, -17
3994.2, -1, -17
3994.3, 0, -17
3994.4, 0, -17
3994.5, 0, -17
3994.6, 0, -17
3994.7, 0, -17
3994.8, 0, -17
3994.9, 0, -17
3995, 0, -17
3995.1, 0, -17
3995.2, 0, -17
3995.3, 0, -17
3995.4, 0, -17
3995.5, 0, -17
3995.6, 0, -17
3995.7, 0, -17
3995.8, 0, -17
3995.9, 0, -17
3996, 0, -17
3996.1, 0, -17
3996.2, 0, -17
3996.3, 0, -17
3996.4, 0, -17
3996.5, 1, -17
3996.6, 1, -17
3996.7, 1, -17
3996.8, 1, -17
3996.9, 1, -17
3997, 1, -17
3997.1, 1, -17
3997.2, 1, -17
3997.3, 1, -17
3997.4, 1, -17
3997.5, 1, -17
3997.6, 1, -17
3997.7, 1, -17
3997.8, 1, -17
3997.9, 1, -17
3998, 1, -17
3998.1, 1, -17
3998.2, 1, -17
3998.3, 1, -17
3998.4, 1, -17
3998.5, 1, -17
3998.6, 1, -17
3998.7, 1, -17
3998.8, 1, -17
3998.9, 1, -17
3999, 1, -17
3999.1, 1, -17
3999.2, 1, -17
3999.3, 1, -17
3999.4, 1, -17
3999.5, 1, -17
3999.6, 1, -17
3999.7, 0, -17
3999.8, 0, -17
3999.9, 0, -17
4000, 0, -17
4000.1, 0, -17
4000.2, 0, -17
4000.3, 0, -17
4000.4, 0, -17
4000.5, 0, -17
4000.6, 0, -17
4000.7, 0, -17
4000.8, 0, -17
4000.9, 0, -17
4001, 0, -17
4001.1, 0, -17
4001.2, 0, -17
4001.3, 0, -17
4001.4, 0, -17
4001.5, 0, -17
4001.6, 0, -17
4001.7, -1, -17
4001.8, -1, -17
4001.9, -1, -17
4002, -1, -17
4002.1, -1, -16
4002.2, -1, -16
4002.3, -1, -16
4002.4, -1, -16
4002.5, -1, -16
4002.6, -1, -16
4002.7, -1, -16
4002.8, -1, -16
4002.9, -1, -16
4003, -1, -16
4003.1, -1, -16
4003.2, -1, -16
4003.3, -1, -16
4003.4, -1, -16
4003.5, -1, -16
4003.6, -1, -16
4003.7, -1, -16
4003.8, -1, -16
4003.9, -2, -16
4004, -2, -16
4004.1, -2, -16
4004.2, -2, -16
4004.3, -2, -16
4004.4, -2, -16
4004.5, -2, -16
4004.6, -2, -16
4004.7, -2, -16
4004.8, -2, -16
4004.9, -2, -16
4005, -2, -16
4005.1, -2, -16
4005.2, -2, -16
4005.3, -2, -16
4005.4, -2, -16
4005.5, -2, -16
4005.6, -2, -16
4005.7, -2, -16
4005.8, -2, -16
4005.9, -2, -16
4006, -2, -16
4006.1, -2, -16
4006.2, -2, -16
4006.3, -2, -16
4006.4, -2, -16
4006.5, -2, -16
4006.6, -2, -16
4006.7, -2, -16
4006.8, -2, -16
4006.9, -2, -16
4007, -2, -16
4007.1, -2, -16
4007.2, -2, -16
4007.3, -2, -16
4007.4, -2, -16
4007.5, -1, -16
4007.6, -1, -16
4007.7, -1, -16
4007.8, -1, -16
4007.9, -1, -16
4008, -1, -16
4008.1, -1, -16
4008.2, -1, -16
4008.3, -1, -16
4008.4, -1, -16
4008.5, -1, -16
4008.6, -1, -16
4008.7, -1, -16
4008.8, -1, -16
4008.9, -1, -17
4009, -1, -17
4009.1, -1, -17
4009.2, -1, -17
4009.3, -1, -17
4009.4, -1, -17
4009.5, -1, -17
4009.6, -1, -17
4009.7, -1, -17
4009.8, -1, -17
4009.9, -1, -17
4010, -1, -17
4010.1, -1, -17
4010.2, -1, -17
4010.3, -1, -17
4010.4, -1, -17
4010.5, -1, -17
4010.6, -1, -17
4010.7, -1, -17
4010.8, -1, -17
4010.9, -1, -17
4011, -1, -17
4011.1, -1, -17
4011.2, -1, -17
4011.3, -1, -17
4011.4, -1, -17
4011.5, -1, -17
4011.6, -1, -17
4011.7, -1, -17
4011.8, -1, -17
4011.9, -1, -17
4012, -1, -17
4012.1, -1, -17
4012.2, -1, -17
4012.3, -1, -17
4012.4, -1, -17
4012.5, -1, -17
4012.6, -1, -17
4012.7, -1, -17
4012.8, -1, -17
4012.9, -1, -17
4013, -1, -17
4013.1, -1, -17
4013.2, -1, -17
4013.3, -1, -17
4013.4, -1, -17
4013.5, -1, -17
4013.6, -1, -17
4013.7, -1, -17
4013.8, -1, -17
4013.9, -1, -17
4014, -1, -17
4014.1, -1, -17
4014.2, -1, -17
4014.3, -1, -17
4014.4, -1, -17
4014.5, -1, -17
4014.6, -1, -17
4014.7, -1, -17
4014.8, -1, -17
4014.9, -1, -17
4015, -1, -17
4015.1, -1, -17
4015.2, -1, -17
4015.3, -1, -17
4015.4, -1, -17
4015.5, -1, -17
4015.6, -1, -17
4015.7, -1, -17
4015.8, -1, -17
4015.9, -1, -17
4016, -1, -17
4016.1, -1, -17
4016.2, -1, -17
4016.3, -1, -17
4016.4, -1, -17
4016.5, -1, -17
4016.6, -1, -17
4016.7, -1, -17
4016.8, -1, -17
4016.9, -1, -17
4017, -1, -17
4017.1, -1, -17
4017.2, -1, -17
4017.3, -1, -17
4017.4, -1, -17
4017.5, -1, -17
4017.6, -1, -17
4017.7, -1, -17
4017.8, -1, -17
4017.9, -1, -18
4018, -1, -18
4018.1, -1, -17
4018.2, -1, -17
4018.3, -1, -17
4018.4, -1, -17
4018.5, -1, -17
4018.6, -1, -17
4018.7, -1, -17
4018.8, -1, -17
4018.9, -1, -17
4019, -1, -17
4019.1, -1, -17
4019.2, -1, -17
4019.3, -1, -17
4019.4, -1, -17
4019.5, -1, -17
4019.6, -1, -17
4019.7, -1, -17
4019.8, -1, -17
4019.9, -1, -17
4020, -1, -17
4020.1, -1, -17
4020.2, -1, -17
4020.3, -1, -17
4020.4, -1, -17
4020.5, 0, -17
4020.6, 0, -17
4020.7, 0, -17
4020.8, 0, -17
4020.9, 0, -17
4021, 0, -17
4021.1, 0, -17
4021.2, 0, -17
4021.3, 0, -17
4021.4, 0, -17
4021.5, 0, -17
4021.6, 0, -17
4021.7, 1, -17
4021.8, 1, -17
4021.9, 1, -17
4022, 1, -17
4022.1, 1, -17
4022.2, 1, -17
4022.3, 1, -17
4022.4, 1, -17
4022.5, 1, -17
4022.6, 1, -17
4022.7, 1, -17
4022.8, 1, -17
4022.9, 1, -17
4023, 1, -17
4023.1, 2, -17
4023.2, 2, -17
4023.3, 2, -17
4023.4, 2, -17
4023.5, 2, -17
4023.6, 2, -17
4023.7, 2, -17
4023.8, 2, -17
4023.9, 2, -17
4024, 2, -17
4024.1, 2, -17
4024.2, 2, -17
4024.3, 2, -17
4024.4, 2, -17
4024.5, 2, -17
4024.6, 2, -17
4024.7, 2, -17
4024.8, 2, -17
4024.9, 2, -17
4025, 2, -17
4025.1, 2, -17
4025.2, 2, -17
4025.3, 2, -17
4025.4, 2, -17
4025.5, 2, -17
4025.6, 2, -17
4025.7, 2, -17
4025.8, 2, -17
4025.9, 2, -17
4026, 2, -17
4026.1, 2, -17
4026.2, 2, -17
4026.3, 2, -17
4026.4, 2, -17
4026.5, 2, -17
4026.6, 2, -17
4026.7, 1, -17
4026.8, 1, -17
4026.9, 1, -17
4027, 1, -17
4027.1, 1, -17
4027.2, 1, -17
4027.3, 1, -17
4027.4, 1, -17
4027.5, 1, -17
4027.6, 1, -17
4027.7, 1, -17
4027.8, 1, -17
4027.9, 1, -17
4028, 1, -17
4028.1, 1, -17
4028.2, 1, -17
4028.3, 1, -17
4028.4, 1, -17
4028.5, 2, -17
4028.6, 2, -17
4028.7, 2, -17
4028.8, 2, -17
4028.9, 2, -17
4029, 2, -17
4029.1, 2, -17
4029.2, 2, -17
4029.3, 2, -17
4029.4, 2, -17
4029.5, 2, -17
4029.6, 2, -17
4029.7, 1, -17
4029.8, 1, -17
4029.9, 1, -17
4030, 1, -17
4030.1, 1, -17
4030.2, 1, -17
4030.3, 1, -17
4030.4, 1, -17
4030.5, 1, -17
4030.6, 1, -17
4030.7, 1, -17
4030.8, 1, -17
4030.9, 1, -17
4031, 1, -17
4031.1, 1, -17
4031.2, 1, -17
4031.3, 1, -17
4031.4, 1, -17
4031.5, 1, -17
4031.6, 1, -17
4031.7, 1, -17
4031.8, 1, -17
4031.9, 1, -17
4032, 1, -17
4032.1, 1, -17
4032.2, 1, -17
4032.3, 2, -17
4032.4, 2, -17
4032.5, 2, -17
4032.6, 2, -17
4032.7, 2, -17
4032.8, 2, -17
4032.9, 2, -17
4033, 2, -17
4033.1, 2, -17
4033.2, 2, -17
4033.3, 2, -17
4033.4, 2, -17
4033.5, 2, -17
4033.6, 2, -17
4033.7, 2, -17
4033.8, 2, -17
4033.9, 2, -17
4034, 2, -17
4034.1, 2, -17
4034.2, 2, -17
4034.3, 2, -17
4034.4, 2, -17
4034.5, 2, -17
4034.6, 2, -17
4034.7, 2, -17
4034.8, 2, -17
4034.9, 2, -17
4035, 2, -17
4035.1, 2, -17
4035.2, 2, -17
4035.3, 2, -17
4035.4, 2, -17
4035.5, 2, -17
4035.6, 2, -17
4035.7, 2, -17
4035.8, 2, -17
4035.9, 2, -17
4036, 2, -17
4036.1, 2, -17
4036.2, 2, -17
4036.3, 2, -17
4036.4, 2, -17
4036.5, 2, -17
4036.6, 2, -17
4036.7, 2, -16
4036.8, 2, -16
4036.9, 2, -16
4037, 2, -16
4037.1, 1, -16
4037.2, 1, -16
4037.3, 1, -16
4037.4, 1, -16
4037.5, 1, -16
4037.6, 1, -16
4037.7, 1, -16
4037.8, 1, -16
4037.9, 1, -16
4038, 1, -16
4038.1, 1, -16
4038.2, 1, -16
4038.3, 1, -16
4038.4, 1, -16
4038.5, 1, -16
4038.6, 1, -16
4038.7, 1, -16
4038.8, 1, -16
4038.9, 1, -16
4039, 1, -16
4039.1, 1, -16
4039.2, 1, -16
4039.3, 1, -16
4039.4, 1, -16
4039.5, 1, -16
4039.6, 1, -16
4039.7, 1, -16
4039.8, 1, -16
4039.9, 1, -16
4040, 1, -16
4040.1, 1, -16
4040.2, 1, -16
4040.3, 0, -16
4040.4, 0, -16
4040.5, 0, -16
4040.6, 0, -16
4040.7, 0, -17
4040.8, 0, -17
4040.9, -1, -17
4041, -1, -17
4041.1, -1, -17
4041.2, -1, -17
4041.3, -1, -17
4041.4, -1, -17
4041.5, -1, -17
4041.6, -1, -17
4041.7, -1, -17
4041.8, -1, -17
4041.9, -1, -17
4042, -1, -17
4042.1, -1, -17
4042.2, -1, -17
4042.3, -1, -18
4042.4, -1, -18
4042.5, -1, -18
4042.6, -1, -18
4042.7, -1, -18
4042.8, -1, -18
4042.9, -1, -18
4043, -1, -18
4043.1, -1, -18
4043.2, -1, -18
4043.3, -1, -18
4043.4, -1, -18
4043.5, -1, -19
4043.6, -1, -19
4043.7, -1, -19
4043.8, -1, -19
4043.9, -1, -19
4044, -1, -19
4044.1, -1, -19
4044.2, -1, -19
4044.3, -1, -19
4044.4, -1, -19
4044.5, -1, -18
4044.6, -1, -18
4044.7, -1, -18
4044.8, -1, -18
4044.9, -1, -18
4045, -1, -18
4045.1, -1, -18
4045.2, -1, -18
4045.3, -1, -18
4045.4, -1, -18
4045.5, -1, -18
4045.6, -1, -18
4045.7, -1, -18
4045.8, -1, -18
4045.9, -1, -18
4046, -1, -18
4046.1, -1, -18
4046.2, -1, -18
4046.3, -1, -18
4046.4, -1, -18
4046.5, -1, -18
4046.6, -1, -18
4046.7, -1, -19
4046.8, -1, -19
4046.9, -1, -19
4047, -1, -19
4047.1, -1, -19
4047.2, -1, -19
4047.3, 0, -19
4047.4, 0, -19
4047.5, 0, -19
4047.6, 0, -19
4047.7, 0, -19
4047.8, 0, -19
4047.9, 0, -19
4048, 0, -19
4048.1, 0, -19
4048.2, 0, -19
4048.3, 0, -19
4048.4, 0, -19
4048.5, 0, -19
4048.6, 0, -19
4048.7, 0, -19
4048.8, 0, -19
4048.9, 0, -19
4049, 0, -19
4049.1, 0, -19
4049.2, 0, -19
4049.3, 1, -19
4049.4, 1, -19
4049.5, 1, -19
4049.6, 1, -19
4049.7, 1, -19
4049.8, 1, -19
4049.9, 1, -19
4050, 1, -19
4050.1, 1, -19
4050.2, 1, -19
4050.3, 1, -19
4050.4, 1, -19
4050.5, 1, -19
4050.6, 1, -19
4050.7, 1, -19
4050.8, 1, -19
4050.9, 1, -19
4051, 1, -19
4051.1, 1, -18
4051.2, 1, -18
4051.3, 1, -19
4051.4, 1, -19
4051.5, 1, -19
4051.6, 1, -19
4051.7, 1, -19
4051.8, 1, -19
4051.9, 1, -19
4052, 1, -19
4052.1, 1, -19
4052.2, 1, -19
4052.3, 1, -19
4052.4, 1, -19
4052.5, 1, -19
4052.6, 1, -19
4052.7, 1, -19
4052.8, 1, -19
4052.9, 1, -19
4053, 1, -19
4053.1, 1, -19
4053.2, 1, -19
4053.3, 1, -19
4053.4, 1, -19
4053.5, 1, -19
4053.6, 1, -19
4053.7, 1, -19
4053.8, 1, -19
4053.9, 1, -19
4054, 1, -19
4054.1, 1, -20
4054.2, 1, -20
4054.3, 1, -20
4054.4, 1, -20
4054.5, 1, -20
4054.6, 1, -20
4054.7, 1, -20
4054.8, 1, -20
4054.9, 1, -20
4055, 1, -20
4055.1, 1, -20
4055.2, 1, -20
4055.3, 2, -20
4055.4, 2, -20
4055.5, 2, -20
4055.6, 2, -20
4055.7, 2, -20
4055.8, 2, -20
4055.9, 2, -20
4056, 2, -20
4056.1, 2, -20
4056.2, 2, -20
4056.3, 2, -20
4056.4, 2, -20
4056.5, 2, -20
4056.6, 2, -20
4056.7, 2, -20
4056.8, 2, -20
4056.9, 2, -20
4057, 2, -20
4057.1, 2, -20
4057.2, 2, -20
4057.3, 2, -20
4057.4, 2, -20
4057.5, 2, -20
4057.6, 2, -20
4057.7, 2, -20
4057.8, 2, -20
4057.9, 2, -20
4058, 2, -20
4058.1, 2, -20
4058.2, 2, -20
4058.3, 2, -20
4058.4, 2, -20
4058.5, 2, -20
4058.6, 2, -20
4058.7, 2, -19
4058.8, 2, -19
4058.9, 2, -19
4059, 2, -19
4059.1, 2, -19
4059.2, 2, -19
4059.3, 2, -19
4059.4, 2, -19
4059.5, 2, -19
4059.6, 2, -19
4059.7, 2, -19
4059.8, 2, -19
4059.9, 2, -19
4060, 2, -19
4060.1, 2, -19
4060.2, 2, -19
4060.3, 2, -19
4060.4, 2, -19
4060.5, 2, -19
4060.6, 2, -19
4060.7, 2, -19
4060.8, 2, -19
4060.9, 3, -19
4061, 3, -19
4061.1, 3, -19
4061.2, 3, -19
4061.3, 3, -20
4061.4, 3, -20
4061.5, 3, -20
4061.6, 3, -20
4061.7, 3, -20
4061.8, 3, -20
4061.9, 3, -20
4062, 3, -20
4062.1, 3, -20
4062.2, 3, -20
4062.3, 3, -20
4062.4, 3, -20
4062.5, 3, -20
4062.6, 3, -20
4062.7, 2, -20
4062.8, 2, -20
4062.9, 2, -20
4063, 2, -20
4063.1, 2, -20
4063.2, 2, -20
4063.3, 2, -20
4063.4, 2, -20
4063.5, 3, -20
4063.6, 3, -20
4063.7, 3, -20
4063.8, 3, -20
4063.9, 3, -20
4064, 3, -20
4064.1, 3, -20
4064.2, 3, -20
4064.3, 3, -20
4064.4, 3, -20
4064.5, 3, -20
4064.6, 3, -20
4064.7, 3, -20
4064.8, 3, -20
4064.9, 3, -21
4065, 3, -21
4065.1, 3, -21
4065.2, 3, -21
4065.3, 3, -21
4065.4, 3, -21
4065.5, 3, -21
4065.6, 3, -21
4065.7, 4, -21
4065.8, 4, -21
4065.9, 4, -21
4066, 4, -21
4066.1, 4, -21
4066.2, 4, -21
4066.3, 4, -21
4066.4, 4, -21
4066.5, 4, -21
4066.6, 4, -21
4066.7, 4, -21
4066.8, 4, -21
4066.9, 4, -21
4067, 4, -21
4067.1, 4, -20
4067.2, 4, -20
4067.3, 4, -20
4067.4, 4, -20
4067.5, 4, -20
4067.6, 4, -20
4067.7, 4, -20
4067.8, 4, -20
4067.9, 4, -20
4068, 4, -20
4068.1, 4, -20
4068.2, 4, -20
4068.3, 4, -20
4068.4, 4, -20
4068.5, 4, -20
4068.6, 4, -20
4068.7, 4, -20
4068.8, 4, -20
4068.9, 4, -21
4069, 4, -21
4069.1, 4, -21
4069.2, 4, -21
4069.3, 4, -21
4069.4, 4, -21
4069.5, 4, -21
4069.6, 4, -21
4069.7, 4, -21
4069.8, 4, -21
4069.9, 4, -21
4070, 4, -21
4070.1, 4, -21
4070.2, 4, -21
4070.3, 4, -21
4070.4, 4, -21
4070.5, 4, -21
4070.6, 4, -21
4070.7, 4, -21
4070.8, 4, -21
4070.9, 4, -21
4071, 4, -21
4071.1, 4, -21
4071.2, 4, -21
4071.3, 4, -21
4071.4, 4, -21
4071.5, 4, -20
4071.6, 4, -20
4071.7, 4, -19
4071.8, 4, -19
4071.9, 4, -19
4072, 4, -19
4072.1, 4, -19
4072.2, 4, -19
4072.3, 4, -19
4072.4, 4, -19
4072.5, 4, -19
4072.6, 4, -19
4072.7, 4, -19
4072.8, 4, -19
4072.9, 4, -19
4073, 4, -19
4073.1, 4, -19
4073.2, 4, -19
4073.3, 4, -19
4073.4, 4, -19
4073.5, 4, -19
4073.6, 4, -19
4073.7, 4, -19
4073.8, 4, -19
4073.9, 4, -19
4074, 4, -19
4074.1, 4, -19
4074.2, 4, -19
4074.3, 4, -19
4074.4, 4, -19
4074.5, 4, -19
4074.6, 4, -19
4074.7, 4, -19
4074.8, 4, -19
4074.9, 4, -19
4075, 4, -19
4075.1, 4, -19
4075.2, 4, -19
4075.3, 4, -19
4075.4, 4, -19
4075.5, 4, -19
4075.6, 4, -19
4075.7, 4, -19
4075.8, 4, -19
4075.9, 4, -19
4076, 4, -19
4076.1, 4, -19
4076.2, 4, -19
4076.3, 4, -19
4076.4, 4, -19
4076.5, 4, -19
4076.6, 4, -19
4076.7, 4, -20
4076.8, 4, -20
4076.9, 4, -20
4077, 4, -20
4077.1, 4, -20
4077.2, 4, -20
4077.3, 4, -20
4077.4, 4, -20
4077.5, 4, -20
4077.6, 4, -20
4077.7, 4, -20
4077.8, 4, -20
4077.9, 4, -20
4078, 4, -20
4078.1, 4, -20
4078.2, 4, -20
4078.3, 4, -19
4078.4, 4, -19
4078.5, 4, -19
4078.6, 4, -19
4078.7, 4, -19
4078.8, 4, -19
4078.9, 4, -19
4079, 4, -19
4079.1, 4, -19
4079.2, 4, -19
4079.3, 4, -19
4079.4, 4, -19
4079.5, 4, -19
4079.6, 4, -19
4079.7, 4, -19
4079.8, 4, -19
4079.9, 4, -19
4080, 4, -19
4080.1, 4, -20
4080.2, 4, -20
4080.3, 4, -20
4080.4, 4, -20
4080.5, 4, -20
4080.6, 4, -20
4080.7, 4, -20
4080.8, 4, -20
4080.9, 4, -20
4081, 4, -20
4081.1, 3, -20
4081.2, 3, -20
4081.3, 3, -20
4081.4, 3, -20
4081.5, 3, -20
4081.6, 3, -20
4081.7, 3, -20
4081.8, 3, -20
4081.9, 3, -20
4082, 3, -20
4082.1, 3, -20
4082.2, 3, -20
4082.3, 3, -20
4082.4, 3, -20
4082.5, 3, -21
4082.6, 3, -21
4082.7, 3, -21
4082.8, 3, -21
4082.9, 3, -21
4083, 3, -21
4083.1, 3, -21
4083.2, 3, -21
4083.3, 3, -21
4083.4, 3, -21
4083.5, 3, -21
4083.6, 3, -21
4083.7, 3, -21
4083.8, 3, -21
4083.9, 3, -21
4084, 3, -21
4084.1, 3, -21
4084.2, 3, -21
4084.3, 3, -21
4084.4, 3, -21
4084.5, 3, -21
4084.6, 3, -21
4084.7, 3, -21
4084.8, 3, -21
4084.9, 3, -21
4085, 3, -21
4085.1, 3, -21
4085.2, 3, -21
4085.3, 3, -21
4085.4, 3, -21
4085.5, 3, -22
4085.6, 3, -22
4085.7, 3, -22
4085.8, 3, -22
4085.9, 3, -22
4086, 3, -22
4086.1, 3, -22
4086.2, 3, -22
4086.3, 3, -22
4086.4, 3, -22
4086.5, 3, -22
4086.6, 3, -22
4086.7, 3, -22
4086.8, 3, -22
4086.9, 3, -22
4087, 3, -22
4087.1, 3, -22
4087.2, 3, -22
4087.3, 3, -22
4087.4, 3, -22
4087.5, 3, -22
4087.6, 3, -22
4087.7, 3, -22
4087.8, 3, -22
4087.9, 3, -22
4088, 3, -22
4088.1, 3, -22
4088.2, 3, -22
4088.3, 3, -22
4088.4, 3, -22
4088.5, 3, -22
4088.6, 3, -22
4088.7, 3, -22
4088.8, 3, -22
4088.9, 3, -22
4089, 3, -22
4089.1, 3, -22
4089.2, 3, -22
4089.3, 3, -23
4089.4, 3, -23
4089.5, 3, -23
4089.6, 3, -23
4089.7, 3, -23
4089.8, 3, -23
4089.9, 3, -23
4090, 3, -23
4090.1, 3, -23
4090.2, 3, -23
4090.3, 3, -23
4090.4, 3, -23
4090.5, 3, -23
4090.6, 3, -23
4090.7, 3, -23
4090.8, 3, -23
4090.9, 3, -23
4091, 3, -23
4091.1, 3, -23
4091.2, 3, -23
4091.3, 3, -23
4091.4, 3, -23
4091.5, 3, -23
4091.6, 3, -23
4091.7, 3, -23
4091.8, 3, -23
4091.9, 3, -23
4092, 3, -23
4092.1, 3, -23
4092.2, 3, -23
4092.3, 3, -23
4092.4, 3, -23
4092.5, 3, -23
4092.6, 3, -23
4092.7, 3, -23
4092.8, 3, -23
4092.9, 3, -23
4093, 3, -23
4093.1, 3, -23
4093.2, 3, -23
4093.3, 3, -24
4093.4, 3, -24
4093.5, 3, -24
4093.6, 3, -24
4093.7, 3, -24
4093.8, 3, -24
4093.9, 3, -24
4094, 3, -24
4094.1, 3, -24
4094.2, 3, -24
4094.3, 3, -24
4094.4, 3, -24
4094.5, 3, -24
4094.6, 3, -24
4094.7, 3, -24
4094.8, 3, -24
4094.9, 3, -24
4095, 3, -24
4095.1, 3, -24
4095.2, 3, -24
4095.3, 3, -24
4095.4, 3, -24
4095.5, 3, -24
4095.6, 3, -24
4095.7, 3, -24
4095.8, 3, -24
4095.9, 3, -24
4096, 3, -24
4096.1, 3, -24
4096.2, 3, -24
4096.3, 3, -24
4096.4, 3, -24
4096.5, 3, -24
4096.6, 3, -24
4096.7, 2, -24
4096.8, 2, -24
4096.9, 2, -24
4097, 2, -24
4097.1, 2, -24
4097.2, 2, -24
4097.3, 2, -24
4097.4, 2, -24
4097.5, 2, -24
4097.6, 2, -24
4097.7, 2, -24
4097.8, 2, -24
4097.9, 2, -24
4098, 2, -24
4098.1, 2, -24
4098.2, 2, -24
4098.3, 2, -23
4098.4, 2, -23
4098.5, 2, -23
4098.6, 2, -23
4098.7, 2, -23
4098.8, 2, -23
4098.9, 2, -23
4099, 2, -23
4099.1, 2, -23
4099.2, 2, -23
4099.3, 2, -23
4099.4, 2, -23
4099.5, 2, -23
4099.6, 2, -23
4099.7, 1, -23
4099.8, 1, -23
4099.9, 1, -23
4100, 1, -23
4100.1, 1, -23
4100.2, 1, -23
4100.3, 1, -23
4100.4, 1, -23
4100.5, 1, -23
4100.6, 1, -23
4100.7, 1, -23
4100.8, 1, -23
4100.9, 1, -23
4101, 1, -23
4101.1, 1, -23
4101.2, 1, -23
4101.3, 1, -23
4101.4, 1, -23
4101.5, 1, -23
4101.6, 1, -23
4101.7, 1, -23
4101.8, 1, -23
4101.9, 1, -23
4102, 1, -23
4102.1, 1, -23
4102.2, 1, -23
4102.3, 1, -23
4102.4, 1, -23
4102.5, 1, -23
4102.6, 1, -23
4102.7, 1, -23
4102.8, 1, -23
4102.9, 1, -23
4103, 1, -23
4103.1, 1, -23
4103.2, 1, -23
4103.3, 1, -23
4103.4, 1, -23
4103.5, 1, -23
4103.6, 1, -23
4103.7, 1, -23
4103.8, 1, -23
4103.9, 1, -23
4104, 1, -23
4104.1, 1, -23
4104.2, 1, -23
4104.3, 1, -23
4104.4, 1, -23
4104.5, 1, -23
4104.6, 1, -23
4104.7, 1, -23
4104.8, 1, -23
4104.9, 1, -23
4105, 1, -23
4105.1, 1, -23
4105.2, 1, -23
4105.3, 1, -23
4105.4, 1, -23
4105.5, 1, -23
4105.6, 1, -23
4105.7, 1, -23
4105.8, 1, -23
4105.9, 1, -23
4106, 1, -23
4106.1, 1, -23
4106.2, 1, -23
4106.3, 1, -23
4106.4, 1, -23
4106.5, 1, -23
4106.6, 1, -23
4106.7, 1, -24
4106.8, 1, -24
4106.9, 1, -24
4107, 1, -24
4107.1, 1, -24
4107.2, 1, -24
4107.3, 1, -24
4107.4, 1, -24
4107.5, 1, -24
4107.6, 1, -24
4107.7, 1, -24
4107.8, 1, -24
4107.9, 1, -24
4108, 1, -24
4108.1, 1, -24
4108.2, 1, -24
4108.3, 1, -24
4108.4, 1, -24
4108.5, 1, -24
4108.6, 1, -24
4108.7, 1, -24
4108.8, 1, -24
4108.9, 2, -24
4109, 2, -24
4109.1, 2, -24
4109.2, 2, -24
4109.3, 2, -24
4109.4, 2, -24
4109.5, 2, -24
4109.6, 2, -24
4109.7, 2, -24
4109.8, 2, -24
4109.9, 2, -24
4110, 2, -24
4110.1, 2, -23
4110.2, 2, -23
4110.3, 2, -23
4110.4, 2, -23
4110.5, 2, -23
4110.6, 2, -23
4110.7, 2, -23
4110.8, 2, -23
4110.9, 2, -23
4111, 2, -23
4111.1, 2, -23
4111.2, 2, -23
4111.3, 3, -23
4111.4, 3, -23
4111.5, 3, -23
4111.6, 3, -23
4111.7, 3, -23
4111.8, 3, -23
4111.9, 4, -23
4112, 4, -23
4112.1, 4, -23
4112.2, 4, -23
4112.3, 4, -23
4112.4, 4, -23
4112.5, 4, -23
4112.6, 4, -23
4112.7, 4, -23
4112.8, 4, -23
4112.9, 4, -23
4113, 4, -23
4113.1, 4, -23
4113.2, 4, -23
4113.3, 4, -23
4113.4, 4, -23
4113.5, 4, -23
4113.6, 4, -23
4113.7, 4, -23
4113.8, 4, -23
4113.9, 4, -23
4114, 4, -23
4114.1, 4, -23
4114.2, 4, -23
4114.3, 4, -23
4114.4, 4, -23
4114.5, 4, -23
4114.6, 4, -23
4114.7, 4, -23
4114.8, 4, -23
4114.9, 4, -23
4115, 4, -23
4115.1, 4, -23
4115.2, 4, -23
4115.3, 4, -23
4115.4, 4, -23
4115.5, 4, -23
4115.6, 4, -23
4115.7, 4, -23
4115.8, 4, -23
4115.9, 4, -23
4116, 4, -23
4116.1, 4, -23
4116.2, 4, -23
4116.3, 4, -24
4116.4, 4, -24
4116.5, 4, -24
4116.6, 4, -24
4116.7, 4, -24
4116.8, 4, -24
4116.9, 4, -24
4117, 4, -24
4117.1, 4, -24
4117.2, 4, -24
4117.3, 4, -24
4117.4, 4, -24
4117.5, 4, -24
4117.6, 4, -24
4117.7, 4, -24
4117.8, 4, -24
4117.9, 4, -24
4118, 4, -24
4118.1, 4, -24
4118.2, 4, -24
4118.3, 4, -25
4118.4, 4, -25
4118.5, 4, -25
4118.6, 4, -25
4118.7, 4, -25
4118.8, 4, -25
4118.9, 5, -25
4119, 5, -25
4119.1, 5, -25
4119.2, 5, -25
4119.3, 5, -24
4119.4, 5, -24
4119.5, 5, -24
4119.6, 5, -24
4119.7, 5, -24
4119.8, 5, -24
4119.9, 5, -24
4120, 5, -24
4120.1, 5, -24
4120.2, 5, -24
4120.3, 5, -24
4120.4, 5, -24
4120.5, 5, -24
4120.6, 5, -24
4120.7, 5, -24
4120.8, 5, -24
4120.9, 5, -24
4121, 5, -24
4121.1, 5, -24
4121.2, 5, -24
4121.3, 5, -24
4121.4, 5, -24
4121.5, 5, -24
4121.6, 5, -24
4121.7, 5, -24
4121.8, 5, -24
4121.9, 5, -24
4122, 5, -24
4122.1, 4, -24
4122.2, 4, -24
4122.3, 4, -24
4122.4, 4, -24
4122.5, 4, -24
4122.6, 4, -24
4122.7, 4, -24
4122.8, 4, -24
4122.9, 4, -24
4123, 4, -24
4123.1, 4, -24
4123.2, 4, -24
4123.3, 4, -24
4123.4, 4, -24
4123.5, 4, -24
4123.6, 4, -24
4123.7, 4, -24
4123.8, 4, -24
4123.9, 4, -24
4124, 4, -24
4124.1, 4, -24
4124.2, 4, -24
4124.3, 4, -24
4124.4, 4, -24
4124.5, 4, -24
4124.6, 4, -24
4124.7, 5, -24
4124.8, 5, -24
4124.9, 5, -24
4125, 5, -24
4125.1, 5, -24
4125.2, 5, -24
4125.3, 5, -24
4125.4, 5, -24
4125.5, 5, -24
4125.6, 5, -24
4125.7, 5, -24
4125.8, 5, -24
4125.9, 5, -24
4126, 5, -24
4126.1, 5, -24
4126.2, 5, -24
4126.3, 5, -24
4126.4, 5, -24
4126.5, 5, -24
4126.6, 5, -24
4126.7, 5, -24
4126.8, 5, -24
4126.9, 5, -24
4127, 5, -24
4127.1, 5, -24
4127.2, 5, -24
4127.3, 5, -24
4127.4, 5, -24
4127.5, 5, -24
4127.6, 5, -24
4127.7, 5, -24
4127.8, 5, -24
4127.9, 5, -24
4128, 5, -24
4128.1, 5, -24
4128.2, 5, -24
4128.3, 5, -25
4128.4, 5, -25
4128.5, 5, -25
4128.6, 5, -25
4128.7, 5, -25
4128.8, 5, -25
4128.9, 5, -25
4129, 5, -25
4129.1, 5, -25
4129.2, 5, -25
4129.3, 5, -25
4129.4, 5, -25
4129.5, 5, -25
4129.6, 5, -25
4129.7, 5, -25
4129.8, 5, -25
4129.9, 5, -25
4130, 5, -25
4130.1, 5, -25
4130.2, 5, -25
4130.3, 5, -25
4130.4, 5, -25
4130.5, 5, -25
4130.6, 5, -25
4130.7, 5, -25
4130.8, 5, -25
4130.9, 5, -25
4131, 5, -25
4131.1, 5, -25
4131.2, 5, -25
4131.3, 5, -25
4131.4, 5, -25
4131.5, 5, -25
4131.6, 5, -25
4131.7, 5, -25
4131.8, 5, -25
4131.9, 5, -25
4132, 5, -25
4132.1, 5, -25
4132.2, 5, -25
4132.3, 5, -25
4132.4, 5, -25
4132.5, 5, -25
4132.6, 5, -25
4132.7, 5, -25
4132.8, 5, -25
4132.9, 4, -25
4133, 4, -25
4133.1, 4, -25
4133.2, 4, -25
4133.3, 4, -25
4133.4, 4, -25
4133.5, 4, -25
4133.6, 4, -25
4133.7, 4, -25
4133.8, 4, -25
4133.9, 4, -25
4134, 4, -25
4134.1, 4, -25
4134.2, 4, -25
4134.3, 4, -25
4134.4, 4, -25
4134.5, 4, -25
4134.6, 4, -25
4134.7, 4, -25
4134.8, 4, -25
4134.9, 4, -25
4135, 4, -25
4135.1, 4, -25
4135.2, 4, -25
4135.3, 4, -25
4135.4, 4, -25
4135.5, 4, -25
4135.6, 4, -25
4135.7, 4, -25
4135.8, 4, -25
4135.9, 4, -25
4136, 4, -25
4136.1, 4, -25
4136.2, 4, -25
4136.3, 4, -25
4136.4, 4, -25
4136.5, 4, -25
4136.6, 4, -25
4136.7, 4, -25
4136.8, 4, -25
4136.9, 4, -25
4137, 4, -25
4137.1, 5, -25
4137.2, 5, -25
4137.3, 5, -25
4137.4, 5, -25
4137.5, 5, -25
4137.6, 5, -25
4137.7, 5, -25
4137.8, 5, -25
4137.9, 5, -25
4138, 5, -25
4138.1, 5, -25
4138.2, 5, -25
4138.3, 5, -25
4138.4, 5, -25
4138.5, 5, -25
4138.6, 5, -25
4138.7, 5, -25
4138.8, 5, -25
4138.9, 5, -25
4139, 5, -25
4139.1, 5, -25
4139.2, 5, -25
4139.3, 5, -25
4139.4, 5, -25
4139.5, 5, -25
4139.6, 5, -25
4139.7, 5, -25
4139.8, 5, -25
4139.9, 5, -25
4140, 5, -25
4140.1, 5, -25
4140.2, 5, -25
4140.3, 5, -25
4140.4, 5, -25
4140.5, 5, -25
4140.6, 5, -25
4140.7, 5, -25
4140.8, 5, -25
4140.9, 5, -25
4141, 5, -25
4141.1, 5, -25
4141.2, 5, -25
4141.3, 5, -25
4141.4, 5, -25
4141.5, 5, -25
4141.6, 5, -25
4141.7, 5, -25
4141.8, 5, -25
4141.9, 5, -25
4142, 5, -25
4142.1, 4, -25
4142.2, 4, -25
4142.3, 4, -25
4142.4, 4, -25
4142.5, 4, -25
4142.6, 4, -25
4142.7, 4, -25
4142.8, 4, -25
4142.9, 4, -25
4143, 4, -25
4143.1, 4, -25
4143.2, 4, -25
4143.3, 4, -25
4143.4, 4, -25
4143.5, 4, -25
4143.6, 4, -25
4143.7, 4, -25
4143.8, 4, -25
4143.9, 4, -25
4144, 4, -25
4144.1, 4, -25
4144.2, 4, -25
4144.3, 4, -25
4144.4, 4, -25
4144.5, 4, -25
4144.6, 4, -25
4144.7, 4, -25
4144.8, 4, -25
4144.9, 4, -25
4145, 4, -25
4145.1, 5, -25
4145.2, 5, -25
4145.3, 5, -25
4145.4, 5, -25
4145.5, 5, -25
4145.6, 5, -25
4145.7, 5, -25
4145.8, 5, -25
4145.9, 5, -25
4146, 5, -25
4146.1, 5, -25
4146.2, 5, -25
4146.3, 5, -25
4146.4, 5, -25
4146.5, 5, -25
4146.6, 5, -25
4146.7, 4, -25
4146.8, 4, -25
4146.9, 4, -25
4147, 4, -25
4147.1, 4, -25
4147.2, 4, -25
4147.3, 4, -25
4147.4, 4, -25
4147.5, 4, -26
4147.6, 4, -26
4147.7, 4, -26
4147.8, 4, -26
4147.9, 4, -26
4148, 4, -26
4148.1, 4, -26
4148.2, 4, -26
4148.3, 4, -26
4148.4, 4, -26
4148.5, 4, -26
4148.6, 4, -26
4148.7, 4, -26
4148.8, 4, -26
4148.9, 4, -26
4149, 4, -26
4149.1, 4, -26
4149.2, 4, -26
4149.3, 4, -26
4149.4, 4, -26
4149.5, 4, -26
4149.6, 4, -26
4149.7, 4, -26
4149.8, 4, -26
4149.9, 4, -26
4150, 4, -26
4150.1, 4, -26
4150.2, 4, -26
4150.3, 4, -26
4150.4, 4, -26
4150.5, 4, -26
4150.6, 4, -26
4150.7, 4, -26
4150.8, 4, -26
4150.9, 4, -26
4151, 4, -26
4151.1, 4, -26
4151.2, 4, -26
4151.3, 4, -26
4151.4, 4, -26
4151.5, 4, -26
4151.6, 4, -26
4151.7, 4, -26
4151.8, 4, -26
4151.9, 4, -26
4152, 4, -26
4152.1, 4, -26
4152.2, 4, -26
4152.3, 4, -26
4152.4, 4, -26
4152.5, 4, -26
4152.6, 4, -26
4152.7, 4, -26
4152.8, 4, -26
4152.9, 4, -26
4153, 4, -26
4153.1, 4, -26
4153.2, 4, -26
4153.3, 4, -26
4153.4, 4, -26
4153.5, 4, -26
4153.6, 4, -26
4153.7, 4, -26
4153.8, 4, -26
4153.9, 4, -26
4154, 4, -26
4154.1, 4, -26
4154.2, 4, -26
4154.3, 4, -26
4154.4, 4, -26
4154.5, 4, -26
4154.6, 4, -26
4154.7, 4, -26
4154.8, 4, -26
4154.9, 4, -26
4155, 4, -26
4155.1, 4, -26
4155.2, 4, -26
4155.3, 4, -26
4155.4, 4, -26
4155.5, 4, -26
4155.6, 4, -26
4155.7, 4, -26
4155.8, 4, -26
4155.9, 4, -26
4156, 4, -26
4156.1, 4, -26
4156.2, 4, -26
4156.3, 4, -26
4156.4, 4, -26
4156.5, 4, -26
4156.6, 4, -26
4156.7, 4, -26
4156.8, 4, -26
4156.9, 4, -26
4157, 4, -26
4157.1, 4, -26
4157.2, 4, -26
4157.3, 4, -26
4157.4, 4, -26
4157.5, 4, -27
4157.6, 4, -27
4157.7, 4, -27
4157.8, 4, -27
4157.9, 4, -27
4158, 4, -27
4158.1, 4, -27
4158.2, 4, -27
4158.3, 4, -27
4158.4, 4, -27
4158.5, 4, -27
4158.6, 4, -27
4158.7, 4, -27
4158.8, 4, -27
4158.9, 4, -27
4159, 4, -27
4159.1, 3, -27
4159.2, 3, -27
4159.3, 3, -27
4159.4, 3, -27
4159.5, 3, -27
4159.6, 3, -27
4159.7, 3, -27
4159.8, 3, -27
4159.9, 3, -27
4160, 3, -27
4160.1, 3, -27
4160.2, 3, -27
4160.3, 3, -27
4160.4, 3, -27
4160.5, 3, -26
4160.6, 3, -26
4160.7, 3, -26
4160.8, 3, -26
4160.9, 3, -26
4161, 3, -26
4161.1, 3, -26
4161.2, 3, -26
4161.3, 3, -27
4161.4, 3, -27
4161.5, 3, -27
4161.6, 3, -27
4161.7, 3, -27
4161.8, 3, -27
4161.9, 3, -27
4162, 3, -27
4162.1, 3, -27
4162.2, 3, -27
4162.3, 3, -27
4162.4, 3, -27
4162.5, 3, -27
4162.6, 3, -27
4162.7, 3, -27
4162.8, 3, -27
4162.9, 3, -27
4163, 3, -27
4163.1, 3, -27
4163.2, 3, -27
4163.3, 3, -27
4163.4, 3, -27
4163.5, 3, -27
4163.6, 3, -27
4163.7, 3, -27
4163.8, 3, -27
4163.9, 3, -27
4164, 3, -27
4164.1, 3, -27
4164.2, 3, -27
4164.3, 3, -27
4164.4, 3, -27
4164.5, 3, -27
4164.6, 3, -27
4164.7, 3, -27
4164.8, 3, -27
4164.9, 3, -27
4165, 3, -27
4165.1, 3, -27
4165.2, 3, -27
4165.3, 3, -27
4165.4, 3, -27
4165.5, 3, -27
4165.6, 3, -27
4165.7, 3, -27
4165.8, 3, -27
4165.9, 3, -27
4166, 3, -27
4166.1, 3, -27
4166.2, 3, -27
4166.3, 3, -27
4166.4, 3, -27
4166.5, 3, -27
4166.6, 3, -27
4166.7, 3, -27
4166.8, 3, -27
4166.9, 3, -27
4167, 3, -27
4167.1, 3, -27
4167.2, 3, -27
4167.3, 3, -27
4167.4, 3, -27
4167.5, 3, -27
4167.6, 3, -27
4167.7, 3, -27
4167.8, 3, -27
4167.9, 3, -27
4168, 3, -27
4168.1, 3, -27
4168.2, 3, -27
4168.3, 3, -27
4168.4, 3, -27
4168.5, 3, -26
4168.6, 3, -26
4168.7, 3, -26
4168.8, 3, -26
4168.9, 3, -26
4169, 3, -26
4169.1, 3, -25
4169.2, 3, -25
4169.3, 3, -25
4169.4, 3, -25
4169.5, 3, -25
4169.6, 3, -25
4169.7, 3, -25
4169.8, 3, -25
4169.9, 3, -25
4170, 3, -25
4170.1, 3, -25
4170.2, 3, -25
4170.3, 3, -25
4170.4, 3, -25
4170.5, 3, -25
4170.6, 3, -25
4170.7, 3, -25
4170.8, 3, -25
4170.9, 3, -25
4171, 3, -25
4171.1, 3, -25
4171.2, 3, -25
4171.3, 3, -25
4171.4, 3, -25
4171.5, 3, -25
4171.6, 3, -25
4171.7, 3, -25
4171.8, 3, -25
4171.9, 3, -25
4172, 3, -25
4172.1, 3, -25
4172.2, 3, -25
4172.3, 3, -25
4172.4, 3, -25
4172.5, 3, -25
4172.6, 3, -25
4172.7, 3, -25
4172.8, 3, -25
4172.9, 4, -25
4173, 4, -25
4173.1, 4, -25
4173.2, 4, -25
4173.3, 4, -25
4173.4, 4, -25
4173.5, 4, -25
4173.6, 4, -25
4173.7, 4, -25
4173.8, 4, -25
4173.9, 4, -25
4174, 4, -25
4174.1, 4, -25
4174.2, 4, -25
4174.3, 4, -25
4174.4, 4, -25
4174.5, 4, -25
4174.6, 4, -25
4174.7, 4, -25
4174.8, 4, -25
4174.9, 5, -25
4175, 5, -25
4175.1, 5, -25
4175.2, 5, -25
4175.3, 5, -25
4175.4, 5, -25
4175.5, 5, -25
4175.6, 5, -25
4175.7, 5, -25
4175.8, 5, -25
4175.9, 5, -25
4176, 5, -25
4176.1, 5, -25
4176.2, 5, -25
4176.3, 5, -25
4176.4, 5, -25
4176.5, 5, -25
4176.6, 5, -25
4176.7, 5, -25
4176.8, 5, -25
4176.9, 5, -25
4177, 5, -25
4177.1, 5, -25
4177.2, 5, -25
4177.3, 5, -24
4177.4, 5, -24
4177.5, 5, -24
4177.6, 5, -24
4177.7, 5, -24
4177.8, 5, -24
4177.9, 5, -24
4178, 5, -24
4178.1, 5, -24
4178.2, 5, -24
4178.3, 5, -24
4178.4, 5, -24
4178.5, 5, -24
4178.6, 5, -24
4178.7, 5, -24
4178.8, 5, -24
4178.9, 5, -24
4179, 5, -24
4179.1, 5, -24
4179.2, 5, -24
4179.3, 5, -24
4179.4, 5, -24
4179.5, 5, -24
4179.6, 5, -24
4179.7, 5, -24
4179.8, 5, -24
4179.9, 5, -24
4180, 5, -24
4180.1, 5, -24
4180.2, 5, -24
4180.3, 5, -24
4180.4, 5, -24
4180.5, 5, -24
4180.6, 5, -24
4180.7, 5, -24
4180.8, 5, -24
4180.9, 5, -24
4181, 5, -24
4181.1, 5, -24
4181.2, 5, -24
4181.3, 5, -24
4181.4, 5, -24
4181.5, 5, -24
4181.6, 5, -24
4181.7, 5, -24
4181.8, 5, -24
4181.9, 5, -24
4182, 5, -24
4182.1, 6, -24
4182.2, 6, -24
4182.3, 6, -24
4182.4, 6, -24
4182.5, 6, -24
4182.6, 6, -24
4182.7, 6, -24
4182.8, 6, -24
4182.9, 6, -24
4183, 6, -24
4183.1, 6, -24
4183.2, 6, -24
4183.3, 6, -24
4183.4, 6, -24
4183.5, 6, -24
4183.6, 6, -24
4183.7, 6, -24
4183.8, 6, -24
4183.9, 6, -24
4184, 6, -24
4184.1, 6, -24
4184.2, 6, -24
4184.3, 6, -24
4184.4, 6, -24
4184.5, 6, -24
4184.6, 6, -24
4184.7, 6, -24
4184.8, 6, -24
4184.9, 6, -24
4185, 6, -24
4185.1, 6, -24
4185.2, 6, -24
4185.3, 6, -24
4185.4, 6, -24
4185.5, 6, -24
4185.6, 6, -24
4185.7, 6, -24
4185.8, 6, -24
4185.9, 6, -24
4186, 6, -24
4186.1, 6, -24
4186.2, 6, -24
4186.3, 6, -24
4186.4, 6, -24
4186.5, 6, -24
4186.6, 6, -24
4186.7, 6, -24
4186.8, 6, -24
4186.9, 6, -24
4187, 6, -24
4187.1, 6, -24
4187.2, 6, -24
4187.3, 6, -24
4187.4, 6, -24
4187.5, 6, -24
4187.6, 6, -24
4187.7, 6, -24
4187.8, 6, -24
4187.9, 6, -24
4188, 6, -24
4188.1, 6, -24
4188.2, 6, -24
4188.3, 6, -24
4188.4, 6, -24
4188.5, 6, -24
4188.6, 6, -24
4188.7, 6, -24
4188.8, 6, -24
4188.9, 6, -24
4189, 6, -24
4189.1, 6, -24
4189.2, 6, -24
4189.3, 6, -24
4189.4, 6, -24
4189.5, 6, -24
4189.6, 6, -24
4189.7, 6, -24
4189.8, 6, -24
4189.9, 7, -24
4190, 7, -24
4190.1, 7, -24
4190.2, 7, -24
4190.3, 7, -25
4190.4, 7, -25
4190.5, 7, -25
4190.6, 7, -25
4190.7, 7, -25
4190.8, 7, -25
4190.9, 7, -25
4191, 7, -25
4191.1, 7, -25
4191.2, 7, -25
4191.3, 7, -25
4191.4, 7, -25
4191.5, 7, -25
4191.6, 7, -25
4191.7, 8, -25
4191.8, 8, -25
4191.9, 8, -25
4192, 8, -25
4192.1, 8, -25
4192.2, 8, -25
4192.3, 8, -25
4192.4, 8, -25
4192.5, 8, -25
4192.6, 8, -25
4192.7, 8, -25
4192.8, 8, -25
4192.9, 8, -25
4193, 8, -25
4193.1, 8, -25
4193.2, 8, -25
4193.3, 8, -25
4193.4, 8, -25
4193.5, 8, -25
4193.6, 8, -25
4193.7, 9, -25
4193.8, 9, -25
4193.9, 9, -24
4194, 9, -24
4194.1, 9, -24
4194.2, 9, -24
4194.3, 9, -25
4194.4, 9, -25
4194.5, 9, -25
4194.6, 9, -25
4194.7, 9, -25
4194.8, 9, -25
4194.9, 9, -25
4195, 9, -25
4195.1, 9, -25
4195.2, 9, -25
4195.3, 9, -25
4195.4, 9, -25
4195.5, 9, -25
4195.6, 9, -25
4195.7, 9, -25
4195.8, 9, -25
4195.9, 9, -25
4196, 9, -25
4196.1, 9, -25
4196.2, 9, -25
4196.3, 9, -25
4196.4, 9, -25
4196.5, 9, -25
4196.6, 9, -25
4196.7, 9, -25
4196.8, 9, -25
4196.9, 9, -24
4197, 9, -24
4197.1, 9, -24
4197.2, 9, -24
4197.3, 9, -24
4197.4, 9, -24
4197.5, 9, -24
4197.6, 9, -24
4197.7, 10, -24
4197.8, 10, -24
4197.9, 10, -24
4198, 10, -24
4198.1, 10, -24
4198.2, 10, -24
4198.3, 11, -24
4198.4, 11, -24
4198.5, 11, -24
4198.6, 11, -24
4198.7, 11, -24
4198.8, 11, -24
4198.9, 11, -24
4199, 11, -24
4199.1, 12, -24
4199.2, 12, -24
4199.3, 12, -24
4199.4, 12, -24
4199.5, 12, -25
4199.6, 12, -25
4199.7, 12, -25
4199.8, 12, -25
4199.9, 12, -25
4200, 12, -25
4200.1, 13, -25
4200.2, 13, -25
4200.3, 12, -25
4200.4, 12, -25
4200.5, 12, -25
4200.6, 12, -25
4200.7, 12, -25
4200.8, 12, -25
4200.9, 12, -25
4201, 12, -25
4201.1, 12, -25
4201.2, 12, -25
4201.3, 12, -25
4201.4, 12, -25
4201.5, 12, -25
4201.6, 12, -25
4201.7, 12, -25
4201.8, 12, -25
4201.9, 12, -25
4202, 12, -25
4202.1, 12, -25
4202.2, 12, -25
4202.3, 12, -25
4202.4, 12, -25
4202.5, 12, -25
4202.6, 12, -25
4202.7, 12, -25
4202.8, 12, -25
4202.9, 12, -25
4203, 12, -25
4203.1, 12, -25
4203.2, 12, -25
4203.3, 12, -25
4203.4, 12, -25
4203.5, 12, -25
4203.6, 12, -25
4203.7, 12, -24
4203.8, 12, -24
4203.9, 12, -24
4204, 12, -24
4204.1, 12, -24
4204.2, 12, -24
4204.3, 12, -24
4204.4, 12, -24
4204.5, 12, -24
4204.6, 12, -24
4204.7, 12, -24
4204.8, 12, -24
4204.9, 11, -24
4205, 11, -24
4205.1, 11, -24
4205.2, 11, -24
4205.3, 11, -24
4205.4, 11, -24
4205.5, 11, -24
4205.6, 11, -24
4205.7, 11, -24
4205.8, 11, -24
4205.9, 11, -24
4206, 11, -24
4206.1, 11, -24
4206.2, 11, -24
4206.3, 11, -24
4206.4, 11, -24
4206.5, 11, -24
4206.6, 11, -24
4206.7, 11, -24
4206.8, 11, -24
4206.9, 11, -24
4207, 11, -24
4207.1, 11, -24
4207.2, 11, -24
4207.3, 11, -24
4207.4, 11, -24
4207.5, 11, -24
4207.6, 11, -24
4207.7, 11, -24
4207.8, 11, -24
4207.9, 11, -24
4208, 11, -24
4208.1, 11, -24
4208.2, 11, -24
4208.3, 11, -24
4208.4, 11, -24
4208.5, 11, -24
4208.6, 11, -24
4208.7, 11, -24
4208.8, 11, -24
4208.9, 11, -24
4209, 11, -24
4209.1, 11, -23
4209.2, 11, -23
4209.3, 11, -23
4209.4, 11, -23
4209.5, 10, -23
4209.6, 10, -23
4209.7, 10, -23
4209.8, 10, -23
4209.9, 9, -23
4210, 9, -23
4210.1, 9, -23
4210.2, 9, -23
4210.3, 9, -23
4210.4, 9, -23
4210.5, 9, -23
4210.6, 9, -23
4210.7, 9, -23
4210.8, 9, -23
4210.9, 9, -23
4211, 9, -23
4211.1, 9, -23
4211.2, 9, -23
4211.3, 9, -22
4211.4, 9, -22
4211.5, 9, -22
4211.6, 9, -22
4211.7, 9, -22
4211.8, 9, -22
4211.9, 9, -22
4212, 9, -22
4212.1, 9, -22
4212.2, 9, -22
4212.3, 9, -23
4212.4, 9, -23
4212.5, 9, -23
4212.6, 9, -23
4212.7, 9, -23
4212.8, 9, -23
4212.9, 9, -23
4213, 9, -23
4213.1, 9, -23
4213.2, 9, -23
4213.3, 9, -23
4213.4, 9, -23
4213.5, 9, -23
4213.6, 9, -23
4213.7, 9, -23
4213.8, 9, -23
4213.9, 9, -23
4214, 9, -23
4214.1, 9, -23
4214.2, 9, -23
4214.3, 9, -23
4214.4, 9, -23
4214.5, 9, -23
4214.6, 9, -23
4214.7, 9, -23
4214.8, 9, -23
4214.9, 9, -24
4215, 9, -24
4215.1, 9, -24
4215.2, 9, -24
4215.3, 9, -24
4215.4, 9, -24
4215.5, 9, -24
4215.6, 9, -24
4215.7, 9, -24
4215.8, 9, -24
4215.9, 9, -24
4216, 9, -24
4216.1, 9, -25
4216.2, 9, -25
4216.3, 9, -25
4216.4, 9, -25
4216.5, 9, -25
4216.6, 9, -25
4216.7, 9, -25
4216.8, 9, -25
4216.9, 9, -25
4217, 9, -25
4217.1, 9, -25
4217.2, 9, -25
4217.3, 9, -24
4217.4, 9, -24
4217.5, 9, -24
4217.6, 9, -24
4217.7, 9, -24
4217.8, 9, -24
4217.9, 9, -24
4218, 9, -24
4218.1, 9, -24
4218.2, 9, -24
4218.3, 9, -24
4218.4, 9, -24
4218.5, 9, -24
4218.6, 9, -24
4218.7, 9, -24
4218.8, 9, -24
4218.9, 9, -24
4219, 9, -24
4219.1, 9, -24
4219.2, 9, -24
4219.3, 9, -24
4219.4, 9, -24
4219.5, 9, -24
4219.6, 9, -24
4219.7, 9, -24
4219.8, 9, -24
4219.9, 9, -24
4220, 9, -24
4220.1, 9, -24
4220.2, 9, -24
4220.3, 9, -24
4220.4, 9, -24
4220.5, 9, -24
4220.6, 9, -24
4220.7, 9, -24
4220.8, 9, -24
4220.9, 9, -24
4221, 9, -24
4221.1, 9, -24
4221.2, 9, -24
4221.3, 9, -24
4221.4, 9, -24
4221.5, 9, -24
4221.6, 9, -24
4221.7, 9, -24
4221.8, 9, -24
4221.9, 9, -24
4222, 9, -24
4222.1, 9, -24
4222.2, 9, -24
4222.3, 9, -24
4222.4, 9, -24
4222.5, 9, -24
4222.6, 9, -24
4222.7, 9, -24
4222.8, 9, -24
4222.9, 8, -24
4223, 8, -24
4223.1, 8, -24
4223.2, 8, -24
4223.3, 8, -24
4223.4, 8, -24
4223.5, 8, -24
4223.6, 8, -24
4223.7, 8, -24
4223.8, 8, -24
4223.9, 8, -24
4224, 8, -24
4224.1, 8, -24
4224.2, 8, -24
4224.3, 8, -24
4224.4, 8, -24
4224.5, 8, -24
4224.6, 8, -24
4224.7, 8, -24
4224.8, 8, -24
4224.9, 8, -24
4225, 8, -24
4225.1, 8, -24
4225.2, 8, -24
4225.3, 8, -24
4225.4, 8, -24
4225.5, 8, -24
4225.6, 8, -24
4225.7, 8, -24
4225.8, 8, -24
4225.9, 8, -24
4226, 8, -24
4226.1, 8, -24
4226.2, 8, -24
4226.3, 8, -24
4226.4, 8, -24
4226.5, 8, -24
4226.6, 8, -24
4226.7, 8, -24
4226.8, 8, -24
4226.9, 9, -24
4227, 9, -24
4227.1, 9, -24
4227.2, 9, -24
4227.3, 9, -24
4227.4, 9, -24
4227.5, 9, -24
4227.6, 9, -24
4227.7, 9, -24
4227.8, 9, -24
4227.9, 9, -24
4228, 9, -24
4228.1, 9, -24
4228.2, 9, -24
4228.3, 9, -24
4228.4, 9, -24
4228.5, 10, -24
4228.6, 10, -24
4228.7, 10, -24
4228.8, 10, -24
4228.9, 10, -24
4229, 10, -24
4229.1, 10, -24
4229.2, 10, -24
4229.3, 10, -24
4229.4, 10, -24
4229.5, 10, -24
4229.6, 10, -24
4229.7, 10, -24
4229.8, 10, -24
4229.9, 10, -24
4230, 10, -24
4230.1, 10, -24
4230.2, 10, -24
4230.3, 10, -24
4230.4, 10, -24
4230.5, 10, -24
4230.6, 10, -24
4230.7, 10, -24
4230.8, 10, -24
4230.9, 9, -24
4231, 9, -24
4231.1, 9, -24
4231.2, 9, -24
4231.3, 9, -24
4231.4, 9, -24
4231.5, 9, -24
4231.6, 9, -24
4231.7, 9, -24
4231.8, 9, -24
4231.9, 9, -24
4232, 9, -24
4232.1, 9, -23
4232.2, 9, -23
4232.3, 9, -23
4232.4, 9, -23
4232.5, 9, -23
4232.6, 9, -23
4232.7, 9, -23
4232.8, 9, -23
4232.9, 9, -23
4233, 9, -23
4233.1, 9, -23
4233.2, 9, -23
4233.3, 9, -23
4233.4, 9, -23
4233.5, 9, -23
4233.6, 9, -23
4233.7, 9, -23
4233.8, 9, -23
4233.9, 9, -23
4234, 9, -23
4234.1, 9, -23
4234.2, 9, -23
4234.3, 9, -23
4234.4, 9, -23
4234.5, 9, -23
4234.6, 9, -23
4234.7, 9, -23
4234.8, 9, -23
4234.9, 9, -23
4235, 9, -23
4235.1, 9, -23
4235.2, 9, -23
4235.3, 9, -23
4235.4, 9, -23
4235.5, 9, -23
4235.6, 9, -23
4235.7, 9, -23
4235.8, 9, -23
4235.9, 9, -23
4236, 9, -23
4236.1, 9, -23
4236.2, 9, -23
4236.3, 9, -23
4236.4, 9, -23
4236.5, 9, -23
4236.6, 9, -23
4236.7, 9, -23
4236.8, 9, -23
4236.9, 9, -23
4237, 9, -23
4237.1, 9, -22
4237.2, 9, -22
4237.3, 9, -22
4237.4, 9, -22
4237.5, 9, -22
4237.6, 9, -22
4237.7, 9, -22
4237.8, 9, -22
4237.9, 9, -22
4238, 9, -22
4238.1, 9, -22
4238.2, 9, -22
4238.3, 9, -22
4238.4, 9, -22
4238.5, 9, -22
4238.6, 9, -22
4238.7, 9, -22
4238.8, 9, -22
4238.9, 10, -22
4239, 10, -22
4239.1, 10, -22
4239.2, 10, -22
4239.3, 10, -22
4239.4, 10, -22
4239.5, 10, -22
4239.6, 10, -22
4239.7, 10, -22
4239.8, 10, -22
4239.9, 10, -22
4240, 10, -22
4240.1, 10, -22
4240.2, 10, -22
4240.3, 10, -22
4240.4, 10, -22
4240.5, 10, -22
4240.6, 10, -22
4240.7, 10, -22
4240.8, 10, -22
4240.9, 10, -22
4241, 10, -22
4241.1, 10, -22
4241.2, 10, -22
4241.3, 10, -22
4241.4, 10, -22
4241.5, 10, -22
4241.6, 10, -22
4241.7, 10, -22
4241.8, 10, -22
4241.9, 10, -22
4242, 10, -22
4242.1, 10, -22
4242.2, 10, -22
4242.3, 10, -22
4242.4, 10, -22
4242.5, 10, -22
4242.6, 10, -22
4242.7, 10, -22
4242.8, 10, -22
4242.9, 10, -22
4243, 10, -22
4243.1, 10, -22
4243.2, 10, -22
4243.3, 10, -22
4243.4, 10, -22
4243.5, 10, -22
4243.6, 10, -22
4243.7, 10, -22
4243.8, 10, -22
4243.9, 10, -22
4244, 10, -22
4244.1, 9, -22
4244.2, 9, -22
4244.3, 9, -22
4244.4, 9, -22
4244.5, 9, -22
4244.6, 9, -22
4244.7, 9, -22
4244.8, 9, -22
4244.9, 9, -22
4245, 9, -22
4245.1, 9, -22
4245.2, 9, -22
4245.3, 9, -22
4245.4, 9, -22
4245.5, 9, -22
4245.6, 9, -22
4245.7, 9, -22
4245.8, 9, -22
4245.9, 9, -22
4246, 9, -22
4246.1, 9, -22
4246.2, 9, -22
4246.3, 9, -22
4246.4, 9, -22
4246.5, 9, -22
4246.6, 9, -22
4246.7, 9, -22
4246.8, 9, -22
4246.9, 9, -22
4247, 9, -22
4247.1, 9, -22
4247.2, 9, -22
4247.3, 8, -22
4247.4, 8, -22
4247.5, 8, -22
4247.6, 8, -22
4247.7, 8, -22
4247.8, 8, -22
4247.9, 8, -22
4248, 8, -22
4248.1, 8, -22
4248.2, 8, -22
4248.3, 8, -22
4248.4, 8, -22
4248.5, 8, -22
4248.6, 8, -22
4248.7, 8, -22
4248.8, 8, -22
4248.9, 8, -22
4249, 8, -22
4249.1, 8, -22
4249.2, 8, -22
4249.3, 8, -22
4249.4, 8, -22
4249.5, 8, -22
4249.6, 8, -22
4249.7, 8, -23
4249.8, 8, -23
4249.9, 8, -23
4250, 8, -23
4250.1, 8, -23
4250.2, 8, -23
4250.3, 8, -23
4250.4, 8, -23
4250.5, 8, -23
4250.6, 8, -23
4250.7, 8, -23
4250.8, 8, -23
4250.9, 8, -23
4251, 8, -23
4251.1, 8, -23
4251.2, 8, -23
4251.3, 8, -23
4251.4, 8, -23
4251.5, 8, -23
4251.6, 8, -23
4251.7, 8, -23
4251.8, 8, -23
4251.9, 8, -23
4252, 8, -23
4252.1, 8, -23
4252.2, 8, -23
4252.3, 8, -23
4252.4, 8, -23
4252.5, 8, -23
4252.6, 8, -23
4252.7, 8, -23
4252.8, 8, -23
4252.9, 8, -23
4253, 8, -23
4253.1, 8, -23
4253.2, 8, -23
4253.3, 8, -23
4253.4, 8, -23
4253.5, 8, -23
4253.6, 8, -23
4253.7, 8, -23
4253.8, 8, -23
4253.9, 8, -23
4254, 8, -23
4254.1, 8, -23
4254.2, 8, -23
4254.3, 8, -23
4254.4, 8, -23
4254.5, 8, -23
4254.6, 8, -23
4254.7, 8, -24
4254.8, 8, -24
4254.9, 8, -24
4255, 8, -24
4255.1, 8, -24
4255.2, 8, -24
4255.3, 8, -24
4255.4, 8, -24
4255.5, 8, -24
4255.6, 8, -24
4255.7, 8, -24
4255.8, 8, -24
4255.9, 8, -24
4256, 8, -24
4256.1, 8, -24
4256.2, 8, -24
4256.3, 8, -24
4256.4, 8, -24
4256.5, 8, -24
4256.6, 8, -24
4256.7, 8, -25
4256.8, 8, -25
4256.9, 8, -25
4257, 8, -25
4257.1, 8, -26
4257.2, 8, -26
4257.3, 8, -26
4257.4, 8, -26
4257.5, 8, -26
4257.6, 8, -26
4257.7, 8, -26
4257.8, 8, -26
4257.9, 8, -26
4258, 8, -26
4258.1, 8, -26
4258.2, 8, -26
4258.3, 8, -26
4258.4, 8, -26
4258.5, 8, -26
4258.6, 8, -26
4258.7, 8, -26
4258.8, 8, -26
4258.9, 8, -26
4259, 8, -26
4259.1, 8, -26
4259.2, 8, -26
4259.3, 8, -26
4259.4, 8, -26
4259.5, 8, -26
4259.6, 8, -26
4259.7, 8, -26
4259.8, 8, -26
4259.9, 8, -26
4260, 8, -26
4260.1, 8, -27
4260.2, 8, -27
4260.3, 8, -27
4260.4, 8, -27
4260.5, 8, -27
4260.6, 8, -27
4260.7, 8, -27
4260.8, 8, -27
4260.9, 8, -27
4261, 8, -27
4261.1, 8, -27
4261.2, 8, -27
4261.3, 8, -27
4261.4, 8, -27
4261.5, 8, -27
4261.6, 8, -27
4261.7, 8, -27
4261.8, 8, -27
4261.9, 8, -27
4262, 8, -27
4262.1, 8, -27
4262.2, 8, -27
4262.3, 8, -27
4262.4, 8, -27
4262.5, 8, -27
4262.6, 8, -27
4262.7, 8, -27
4262.8, 8, -27
4262.9, 8, -27
4263, 8, -27
4263.1, 8, -27
4263.2, 8, -27
4263.3, 8, -27
4263.4, 8, -27
4263.5, 8, -27
4263.6, 8, -27
4263.7, 8, -27
4263.8, 8, -27
4263.9, 8, -27
4264, 8, -27
4264.1, 8, -27
4264.2, 8, -27
4264.3, 8, -27
4264.4, 8, -27
4264.5, 8, -27
4264.6, 8, -27
4264.7, 8, -27
4264.8, 8, -27
4264.9, 8, -27
4265, 8, -27
4265.1, 8, -27
4265.2, 8, -27
4265.3, 8, -27
4265.4, 8, -27
4265.5, 8, -27
4265.6, 8, -27
4265.7, 8, -27
4265.8, 8, -27
4265.9, 8, -27
4266, 8, -27
4266.1, 8, -27
4266.2, 8, -27
4266.3, 8, -27
4266.4, 8, -27
4266.5, 8, -27
4266.6, 8, -27
4266.7, 8, -27
4266.8, 8, -27
4266.9, 8, -27
4267, 8, -27
4267.1, 8, -27
4267.2, 8, -27
4267.3, 8, -27
4267.4, 8, -27
4267.5, 8, -27
4267.6, 8, -27
4267.7, 8, -27
4267.8, 8, -27
4267.9, 8, -27
4268, 8, -27
4268.1, 8, -28
4268.2, 8, -28
4268.3, 8, -27
4268.4, 8, -27
4268.5, 8, -27
4268.6, 8, -27
4268.7, 8, -27
4268.8, 8, -27
4268.9, 8, -27
4269, 8, -27
4269.1, 8, -27
4269.2, 8, -27
4269.3, 8, -27
4269.4, 8, -27
4269.5, 8, -27
4269.6, 8, -27
4269.7, 8, -27
4269.8, 8, -27
4269.9, 8, -27
4270, 8, -27
4270.1, 8, -27
4270.2, 8, -27
4270.3, 8, -27
4270.4, 8, -27
4270.5, 8, -27
4270.6, 8, -27
4270.7, 8, -27
4270.8, 8, -27
4270.9, 8, -27
4271, 8, -27
4271.1, 8, -27
4271.2, 8, -27
4271.3, 8, -27
4271.4, 8, -27
4271.5, 8, -27
4271.6, 8, -27
4271.7, 8, -27
4271.8, 8, -27
4271.9, 8, -27
4272, 8, -27
4272.1, 8, -27
4272.2, 8, -27
4272.3, 8, -27
4272.4, 8, -27
4272.5, 8, -27
4272.6, 8, -27
4272.7, 8, -26
4272.8, 8, -26
4272.9, 8, -26
4273, 8, -26
4273.1, 8, -26
4273.2, 8, -26
4273.3, 8, -26
4273.4, 8, -26
4273.5, 8, -26
4273.6, 8, -26
4273.7, 8, -26
4273.8, 8, -26
4273.9, 8, -26
4274, 8, -26
4274.1, 8, -26
4274.2, 8, -26
4274.3, 8, -26
4274.4, 8, -26
4274.5, 8, -26
4274.6, 8, -26
4274.7, 8, -26
4274.8, 8, -26
4274.9, 8, -26
4275, 8, -26
4275.1, 9, -26
4275.2, 9, -26
4275.3, 9, -26
4275.4, 9, -26
4275.5, 9, -26
4275.6, 9, -26
4275.7, 9, -26
4275.8, 9, -26
4275.9, 9, -26
4276, 9, -26
4276.1, 9, -26
4276.2, 9, -26
4276.3, 9, -26
4276.4, 9, -26
4276.5, 9, -26
4276.6, 9, -26
4276.7, 9, -26
4276.8, 9, -26
4276.9, 9, -26
4277, 9, -26
4277.1, 9, -26
4277.2, 9, -26
4277.3, 9, -26
4277.4, 9, -26
4277.5, 9, -26
4277.6, 9, -26
4277.7, 9, -26
4277.8, 9, -26
4277.9, 9, -26
4278, 9, -26
4278.1, 9, -26
4278.2, 9, -26
4278.3, 9, -26
4278.4, 9, -26
4278.5, 9, -27
4278.6, 9, -27
4278.7, 9, -27
4278.8, 9, -27
4278.9, 9, -27
4279, 9, -27
4279.1, 9, -27
4279.2, 9, -27
4279.3, 9, -27
4279.4, 9, -27
4279.5, 9, -27
4279.6, 9, -27
4279.7, 9, -26
4279.8, 9, -26
4279.9, 9, -26
4280, 9, -26
4280.1, 9, -26
4280.2, 9, -26
4280.3, 9, -25
4280.4, 9, -25
4280.5, 9, -25
4280.6, 9, -25
4280.7, 9, -25
4280.8, 9, -25
4280.9, 9, -25
4281, 9, -25
4281.1, 9, -25
4281.2, 9, -25
4281.3, 9, -25
4281.4, 9, -25
4281.5, 9, -25
4281.6, 9, -25
4281.7, 9, -25
4281.8, 9, -25
4281.9, 9, -25
4282, 9, -25
4282.1, 9, -25
4282.2, 9, -25
4282.3, 9, -25
4282.4, 9, -25
4282.5, 9, -25
4282.6, 9, -25
4282.7, 9, -25
4282.8, 9, -25
4282.9, 9, -25
4283, 9, -25
4283.1, 9, -25
4283.2, 9, -25
4283.3, 9, -25
4283.4, 9, -25
4283.5, 9, -25
4283.6, 9, -25
4283.7, 9, -25
4283.8, 9, -25
4283.9, 9, -25
4284, 9, -25
4284.1, 9, -25
4284.2, 9, -25
4284.3, 9, -25
4284.4, 9, -25
4284.5, 9, -25
4284.6, 9, -25
4284.7, 9, -25
4284.8, 9, -25
4284.9, 9, -25
4285, 9, -25
4285.1, 9, -25
4285.2, 9, -25
4285.3, 9, -25
4285.4, 9, -25
4285.5, 9, -25
4285.6, 9, -25
4285.7, 9, -26
4285.8, 9, -26
4285.9, 9, -26
4286, 9, -26
4286.1, 9, -25
4286.2, 9, -25
4286.3, 9, -25
4286.4, 9, -25
4286.5, 9, -25
4286.6, 9, -25
4286.7, 9, -25
4286.8, 9, -25
4286.9, 9, -25
4287, 9, -25
4287.1, 9, -25
4287.2, 9, -25
4287.3, 9, -25
4287.4, 9, -25
4287.5, 9, -25
4287.6, 9, -25
4287.7, 9, -25
4287.8, 9, -25
4287.9, 9, -25
4288, 9, -25
4288.1, 9, -25
4288.2, 9, -25
4288.3, 9, -25
4288.4, 9, -25
4288.5, 9, -25
4288.6, 9, -25
4288.7, 9, -25
4288.8, 9, -25
4288.9, 9, -26
4289, 9, -26
4289.1, 9, -26
4289.2, 9, -26
4289.3, 9, -26
4289.4, 9, -26
4289.5, 9, -26
4289.6, 9, -26
4289.7, 9, -26
4289.8, 9, -26
4289.9, 9, -26
4290, 9, -26
4290.1, 9, -26
4290.2, 9, -26
4290.3, 9, -26
4290.4, 9, -26
4290.5, 9, -26
4290.6, 9, -26
4290.7, 9, -26
4290.8, 9, -26
4290.9, 9, -26
4291, 9, -26
4291.1, 9, -26
4291.2, 9, -26
4291.3, 9, -26
4291.4, 9, -26
4291.5, 9, -27
4291.6, 9, -27
4291.7, 9, -27
4291.8, 9, -27
4291.9, 9, -27
4292, 9, -27
4292.1, 9, -27
4292.2, 9, -27
4292.3, 9, -27
4292.4, 9, -27
4292.5, 9, -27
4292.6, 9, -27
4292.7, 9, -27
4292.8, 9, -27
4292.9, 9, -27
4293, 9, -27
4293.1, 9, -27
4293.2, 9, -27
4293.3, 9, -27
4293.4, 9, -27
4293.5, 9, -27
4293.6, 9, -27
4293.7, 9, -27
4293.8, 9, -27
4293.9, 9, -27
4294, 9, -27
4294.1, 9, -27
4294.2, 9, -27
4294.3, 9, -27
4294.4, 9, -27
4294.5, 9, -27
4294.6, 9, -27
4294.7, 9, -27
4294.8, 9, -27
4294.9, 9, -27
4295, 9, -27
4295.1, 10, -27
4295.2, 10, -27
4295.3, 10, -27
4295.4, 10, -27
4295.5, 10, -27
4295.6, 10, -27
4295.7, 10, -27
4295.8, 10, -27
4295.9, 10, -27
4296, 10, -27
4296.1, 10, -27
4296.2, 10, -27
4296.3, 10, -27
4296.4, 10, -27
4296.5, 10, -27
4296.6, 10, -27
4296.7, 10, -27
4296.8, 10, -27
4296.9, 10, -27
4297, 10, -27
4297.1, 10, -27
4297.2, 10, -27
4297.3, 10, -27
4297.4, 10, -27
4297.5, 10, -27
4297.6, 10, -27
4297.7, 10, -27
4297.8, 10, -27
4297.9, 10, -27
4298, 10, -27
4298.1, 10, -27
4298.2, 10, -27
4298.3, 10, -27
4298.4, 10, -27
4298.5, 10, -27
4298.6, 10, -27
4298.7, 10, -27
4298.8, 10, -27
4298.9, 10, -27
4299, 10, -27
4299.1, 10, -27
4299.2, 10, -27
4299.3, 10, -27
4299.4, 10, -27
4299.5, 10, -27
4299.6, 10, -27
4299.7, 10, -27
4299.8, 10, -27
4299.9, 10, -27
4300, 10, -27
4300.1, 10, -27
4300.2, 10, -27
4300.3, 10, -27
4300.4, 10, -27
4300.5, 10, -27
4300.6, 10, -27
4300.7, 10, -27
4300.8, 10, -27
4300.9, 10, -27
4301, 10, -27
4301.1, 11, -27
4301.2, 11, -27
4301.3, 11, -27
4301.4, 11, -27
4301.5, 11, -27
4301.6, 11, -27
4301.7, 11, -26
4301.8, 11, -26
4301.9, 11, -26
4302, 11, -26
4302.1, 11, -27
4302.2, 11, -27
4302.3, 11, -27
4302.4, 11, -27
4302.5, 11, -27
4302.6, 11, -27
4302.7, 11, -26
4302.8, 11, -26
4302.9, 11, -26
4303, 11, -26
4303.1, 11, -26
4303.2, 11, -26
4303.3, 11, -26
4303.4, 11, -26
4303.5, 11, -26
4303.6, 11, -26
4303.7, 11, -26
4303.8, 11, -26
4303.9, 11, -26
4304, 11, -26
4304.1, 11, -26
4304.2, 11, -26
4304.3, 11, -26
4304.4, 11, -26
4304.5, 11, -26
4304.6, 11, -26
4304.7, 11, -26
4304.8, 11, -26
4304.9, 11, -26
4305, 11, -26
4305.1, 11, -26
4305.2, 11, -26
4305.3, 11, -26
4305.4, 11, -26
4305.5, 11, -26
4305.6, 11, -26
4305.7, 11, -26
4305.8, 11, -26
4305.9, 11, -26
4306, 11, -26
4306.1, 11, -26
4306.2, 11, -26
4306.3, 11, -26
4306.4, 11, -26
4306.5, 11, -26
4306.6, 11, -26
4306.7, 11, -26
4306.8, 11, -26
4306.9, 11, -26
4307, 11, -26
4307.1, 11, -26
4307.2, 11, -26
4307.3, 11, -26
4307.4, 11, -26
4307.5, 11, -26
4307.6, 11, -26
4307.7, 11, -26
4307.8, 11, -26
4307.9, 11, -26
4308, 11, -26
4308.1, 11, -26
4308.2, 11, -26
4308.3, 11, -26
4308.4, 11, -26
4308.5, 11, -27
4308.6, 11, -27
4308.7, 11, -27
4308.8, 11, -27
4308.9, 11, -27
4309, 11, -27
4309.1, 11, -27
4309.2, 11, -27
4309.3, 11, -27
4309.4, 11, -27
4309.5, 11, -27
4309.6, 11, -27
4309.7, 11, -27
4309.8, 11, -27
4309.9, 11, -27
4310, 11, -27
4310.1, 11, -27
4310.2, 11, -27
4310.3, 11, -27
4310.4, 11, -27
4310.5, 11, -27
4310.6, 11, -27
4310.7, 11, -27
4310.8, 11, -27
4310.9, 11, -27
4311, 11, -27
4311.1, 11, -27
4311.2, 11, -27
4311.3, 11, -27
4311.4, 11, -27
4311.5, 11, -27
4311.6, 11, -27
4311.7, 11, -27
4311.8, 11, -27
4311.9, 10, -27
4312, 10, -27
4312.1, 10, -27
4312.2, 10, -27
4312.3, 10, -27
4312.4, 10, -27
4312.5, 10, -27
4312.6, 10, -27
4312.7, 10, -27
4312.8, 10, -27
4312.9, 10, -27
4313, 10, -27
4313.1, 10, -27
4313.2, 10, -27
4313.3, 10, -27
4313.4, 10, -27
4313.5, 10, -27
4313.6, 10, -27
4313.7, 10, -27
4313.8, 10, -27
4313.9, 10, -27
4314, 10, -27
4314.1, 10, -27
4314.2, 10, -27
4314.3, 10, -27
4314.4, 10, -27
4314.5, 10, -27
4314.6, 10, -27
4314.7, 10, -27
4314.8, 10, -27
4314.9, 10, -27
4315, 10, -27
4315.1, 10, -27
4315.2, 10, -27
4315.3, 10, -27
4315.4, 10, -27
4315.5, 10, -27
4315.6, 10, -27
4315.7, 10, -28
4315.8, 10, -28
4315.9, 10, -28
4316, 10, -28
4316.1, 10, -28
4316.2, 10, -28
4316.3, 10, -28
4316.4, 10, -28
4316.5, 10, -28
4316.6, 10, -28
4316.7, 10, -28
4316.8, 10, -28
4316.9, 10, -28
4317, 10, -28
4317.1, 10, -28
4317.2, 10, -28
4317.3, 10, -28
4317.4, 10, -28
4317.5, 10, -28
4317.6, 10, -28
4317.7, 10, -28
4317.8, 10, -28
4317.9, 10, -28
4318, 10, -28
4318.1, 10, -28
4318.2, 10, -28
4318.3, 10, -28
4318.4, 10, -28
4318.5, 10, -28
4318.6, 10, -28
4318.7, 10, -28
4318.8, 10, -28
4318.9, 10, -28
4319, 10, -28
4319.1, 10, -28
4319.2, 10, -28
4319.3, 10, -28
4319.4, 10, -28
4319.5, 10, -28
4319.6, 10, -28
4319.7, 10, -28
4319.8, 10, -28
4319.9, 10, -28
4320, 10, -28
4320.1, 10, -28
4320.2, 10, -28
4320.3, 10, -28
4320.4, 10, -28
4320.5, 10, -28
4320.6, 10, -28
4320.7, 10, -28
4320.8, 10, -28
4320.9, 9, -28
4321, 9, -28
4321.1, 9, -28
4321.2, 9, -28
4321.3, 9, -28
4321.4, 9, -28
4321.5, 9, -28
4321.6, 9, -28
4321.7, 9, -28
4321.8, 9, -28
4321.9, 9, -28
4322, 9, -28
4322.1, 9, -28
4322.2, 9, -28
4322.3, 9, -28
4322.4, 9, -28
4322.5, 9, -28
4322.6, 9, -28
4322.7, 9, -28
4322.8, 9, -28
4322.9, 9, -28
4323, 9, -28
4323.1, 9, -28
4323.2, 9, -28
4323.3, 9, -28
4323.4, 9, -28
4323.5, 9, -28
4323.6, 9, -28
4323.7, 9, -28
4323.8, 9, -28
4323.9, 10, -28
4324, 10, -28
4324.1, 10, -28
4324.2, 10, -28
4324.3, 10, -28
4324.4, 10, -28
4324.5, 10, -28
4324.6, 10, -28
4324.7, 10, -28
4324.8, 10, -28
4324.9, 10, -28
4325, 10, -28
4325.1, 10, -28
4325.2, 10, -28
4325.3, 10, -28
4325.4, 10, -28
4325.5, 10, -28
4325.6, 10, -28
4325.7, 10, -28
4325.8, 10, -28
4325.9, 10, -28
4326, 10, -28
4326.1, 10, -28
4326.2, 10, -28
4326.3, 10, -28
4326.4, 10, -28
4326.5, 10, -28
4326.6, 10, -28
4326.7, 10, -28
4326.8, 10, -28
4326.9, 10, -28
4327, 10, -28
4327.1, 10, -28
4327.2, 10, -28
4327.3, 10, -28
4327.4, 10, -28
4327.5, 10, -28
4327.6, 10, -28
4327.7, 10, -28
4327.8, 10, -28
4327.9, 10, -28
4328, 10, -28
4328.1, 10, -28
4328.2, 10, -28
4328.3, 10, -28
4328.4, 10, -28
4328.5, 10, -28
4328.6, 10, -28
4328.7, 10, -28
4328.8, 10, -28
4328.9, 10, -28
4329, 10, -28
4329.1, 10, -28
4329.2, 10, -28
4329.3, 10, -28
4329.4, 10, -28
4329.5, 10, -28
4329.6, 10, -28
4329.7, 10, -28
4329.8, 10, -28
4329.9, 10, -28
4330, 10, -28
4330.1, 10, -28
4330.2, 10, -28
4330.3, 10, -28
4330.4, 10, -28
4330.5, 10, -28
4330.6, 10, -28
4330.7, 10, -28
4330.8, 10, -28
4330.9, 10, -28
4331, 10, -28
4331.1, 10, -28
4331.2, 10, -28
4331.3, 10, -28
4331.4, 10, -28
4331.5, 10, -28
4331.6, 10, -28
4331.7, 10, -28
4331.8, 10, -28
4331.9, 10, -28
4332, 10, -28
4332.1, 10, -28
4332.2, 10, -28
4332.3, 10, -28
4332.4, 10, -28
4332.5, 10, -28
4332.6, 10, -28
4332.7, 10, -28
4332.8, 10, -28
4332.9, 10, -28
4333, 10, -28
4333.1, 10, -28
4333.2, 10, -28
4333.3, 10, -28
4333.4, 10, -28
4333.5, 10, -28
4333.6, 10, -28
4333.7, 10, -28
4333.8, 10, -28
4333.9, 10, -28
4334, 10, -28
4334.1, 10, -28
4334.2, 10, -28
4334.3, 10, -28
4334.4, 10, -28
4334.5, 10, -28
4334.6, 10, -28
4334.7, 10, -28
4334.8, 10, -28
4334.9, 11, -28
4335, 11, -28
4335.1, 11, -28
4335.2, 11, -28
4335.3, 11, -28
4335.4, 11, -28
4335.5, 11, -28
4335.6, 11, -28
4335.7, 11, -28
4335.8, 11, -28
4335.9, 11, -28
4336, 11, -28
4336.1, 11, -28
4336.2, 11, -28
4336.3, 10, -28
4336.4, 10, -28
4336.5, 10, -28
4336.6, 10, -28
4336.7, 10, -28
4336.8, 10, -28
4336.9, 10, -28
4337, 10, -28
4337.1, 10, -28
4337.2, 10, -28
4337.3, 10, -28
4337.4, 10, -28
4337.5, 10, -28
4337.6, 10, -28
4337.7, 10, -27
4337.8, 10, -27
4337.9, 10, -27
4338, 10, -27
4338.1, 10, -28
4338.2, 10, -28
4338.3, 10, -28
4338.4, 10, -28
4338.5, 10, -28
4338.6, 10, -28
4338.7, 10, -28
4338.8, 10, -28
4338.9, 10, -28
4339, 10, -28
4339.1, 10, -28
4339.2, 10, -28
4339.3, 10, -28
4339.4, 10, -28
4339.5, 10, -28
4339.6, 10, -28
4339.7, 10, -28
4339.8, 10, -28
4339.9, 10, -28
4340, 10, -28
4340.1, 10, -28
4340.2, 10, -28
4340.3, 10, -28
4340.4, 10, -28
4340.5, 10, -28
4340.6, 10, -28
4340.7, 10, -29
4340.8, 10, -29
4340.9, 10, -29
4341, 10, -29
4341.1, 10, -29
4341.2, 10, -29
4341.3, 10, -29
4341.4, 10, -29
4341.5, 10, -29
4341.6, 10, -29
4341.7, 10, -29
4341.8, 10, -29
4341.9, 10, -28
4342, 10, -28
4342.1, 10, -28
4342.2, 10, -28
4342.3, 10, -28
4342.4, 10, -28
4342.5, 10, -28
4342.6, 10, -28
4342.7, 10, -28
4342.8, 10, -28
4342.9, 10, -28
4343, 10, -28
4343.1, 10, -28
4343.2, 10, -28
4343.3, 10, -28
4343.4, 10, -28
4343.5, 10, -28
4343.6, 10, -28
4343.7, 10, -28
4343.8, 10, -28
4343.9, 10, -28
4344, 10, -28
4344.1, 10, -28
4344.2, 10, -28
4344.3, 10, -28
4344.4, 10, -28
4344.5, 10, -28
4344.6, 10, -28
4344.7, 10, -28
4344.8, 10, -28
4344.9, 10, -28
4345, 10, -28
4345.1, 11, -28
4345.2, 11, -28
4345.3, 11, -28
4345.4, 11, -28
4345.5, 11, -28
4345.6, 11, -28
4345.7, 11, -28
4345.8, 11, -28
4345.9, 11, -28
4346, 11, -28
4346.1, 11, -28
4346.2, 11, -28
4346.3, 11, -28
4346.4, 11, -28
4346.5, 11, -28
4346.6, 11, -28
4346.7, 11, -28
4346.8, 11, -28
4346.9, 11, -28
4347, 11, -28
4347.1, 11, -28
4347.2, 11, -28
4347.3, 11, -28
4347.4, 11, -28
4347.5, 11, -28
4347.6, 11, -28
4347.7, 11, -28
4347.8, 11, -28
4347.9, 11, -28
4348, 11, -28
4348.1, 11, -28
4348.2, 11, -28
4348.3, 11, -28
4348.4, 11, -28
4348.5, 11, -28
4348.6, 11, -28
4348.7, 11, -28
4348.8, 11, -28
4348.9, 11, -28
4349, 11, -28
4349.1, 11, -28
4349.2, 11, -28
4349.3, 11, -28
4349.4, 11, -28
4349.5, 11, -28
4349.6, 11, -28
4349.7, 11, -28
4349.8, 11, -28
4349.9, 11, -28
4350, 11, -28
4350.1, 11, -29
4350.2, 11, -29
4350.3, 11, -29
4350.4, 11, -29
4350.5, 11, -29
4350.6, 11, -29
4350.7, 10, -29
4350.8, 10, -29
4350.9, 10, -29
4351, 10, -29
4351.1, 11, -29
4351.2, 11, -29
4351.3, 11, -29
4351.4, 11, -29
4351.5, 11, -29
4351.6, 11, -29
4351.7, 11, -29
4351.8, 11, -29
4351.9, 11, -30
4352, 11, -30
4352.1, 11, -30
4352.2, 11, -30
4352.3, 11, -30
4352.4, 11, -30
4352.5, 11, -30
4352.6, 11, -30
4352.7, 11, -30
4352.8, 11, -30
4352.9, 11, -30
4353, 11, -30
4353.1, 11, -30
4353.2, 11, -30
4353.3, 11, -30
4353.4, 11, -30
4353.5, 11, -30
4353.6, 11, -30
4353.7, 11, -30
4353.8, 11, -30
4353.9, 11, -30
4354, 11, -30
4354.1, 11, -30
4354.2, 11, -30
4354.3, 11, -30
4354.4, 11, -30
4354.5, 11, -30
4354.6, 11, -30
4354.7, 11, -30
4354.8, 11, -30
4354.9, 10, -30
4355, 10, -30
4355.1, 10, -30
4355.2, 10, -30
4355.3, 10, -30
4355.4, 10, -30
4355.5, 10, -30
4355.6, 10, -30
4355.7, 10, -30
4355.8, 10, -30
4355.9, 10, -30
4356, 10, -30
4356.1, 10, -30
4356.2, 10, -30
4356.3, 10, -30
4356.4, 10, -30
4356.5, 10, -30
4356.6, 10, -30
4356.7, 10, -30
4356.8, 10, -30
4356.9, 10, -30
4357, 10, -30
4357.1, 10, -30
4357.2, 10, -30
4357.3, 10, -30
4357.4, 10, -30
4357.5, 10, -29
4357.6, 10, -29
4357.7, 10, -29
4357.8, 10, -29
4357.9, 10, -29
4358, 10, -29
4358.1, 10, -29
4358.2, 10, -29
4358.3, 10, -29
4358.4, 10, -29
4358.5, 10, -29
4358.6, 10, -29
4358.7, 10, -29
4358.8, 10, -29
4358.9, 10, -29
4359, 10, -29
4359.1, 10, -29
4359.2, 10, -29
4359.3, 10, -29
4359.4, 10, -29
4359.5, 10, -29
4359.6, 10, -29
4359.7, 10, -29
4359.8, 10, -29
4359.9, 10, -29
4360, 10, -29
4360.1, 10, -29
4360.2, 10, -29
4360.3, 10, -29
4360.4, 10, -29
4360.5, 11, -29
4360.6, 11, -29
4360.7, 11, -29
4360.8, 11, -29
4360.9, 11, -29
4361, 11, -29
4361.1, 11, -29
4361.2, 11, -29
4361.3, 11, -29
4361.4, 11, -29
4361.5, 11, -29
4361.6, 11, -29
4361.7, 11, -30
4361.8, 11, -30
4361.9, 11, -30
4362, 11, -30
4362.1, 11, -30
4362.2, 11, -30
4362.3, 11, -30
4362.4, 11, -30
4362.5, 11, -30
4362.6, 11, -30
4362.7, 11, -30
4362.8, 11, -30
4362.9, 11, -30
4363, 11, -30
4363.1, 11, -30
4363.2, 11, -30
4363.3, 11, -30
4363.4, 11, -30
4363.5, 11, -30
4363.6, 11, -30
4363.7, 11, -30
4363.8, 11, -30
4363.9, 11, -30
4364, 11, -30
4364.1, 11, -30
4364.2, 11, -30
4364.3, 11, -30
4364.4, 11, -30
4364.5, 11, -30
4364.6, 11, -30
4364.7, 11, -30
4364.8, 11, -30
4364.9, 11, -30
4365, 11, -30
4365.1, 11, -30
4365.2, 11, -30
4365.3, 11, -30
4365.4, 11, -30
4365.5, 11, -30
4365.6, 11, -30
4365.7, 11, -30
4365.8, 11, -30
4365.9, 11, -30
4366, 11, -30
4366.1, 11, -30
4366.2, 11, -30
4366.3, 11, -30
4366.4, 11, -30
4366.5, 11, -30
4366.6, 11, -30
4366.7, 11, -30
4366.8, 11, -30
4366.9, 11, -30
4367, 11, -30
4367.1, 11, -30
4367.2, 11, -30
4367.3, 11, -30
4367.4, 11, -30
4367.5, 11, -30
4367.6, 11, -30
4367.7, 11, -30
4367.8, 11, -30
4367.9, 11, -30
4368, 11, -30
4368.1, 11, -30
4368.2, 11, -30
4368.3, 11, -30
4368.4, 11, -30
4368.5, 11, -30
4368.6, 11, -30
4368.7, 11, -30
4368.8, 11, -30
4368.9, 11, -30
4369, 11, -30
4369.1, 11, -30
4369.2, 11, -30
4369.3, 11, -30
4369.4, 11, -30
4369.5, 11, -30
4369.6, 11, -30
4369.7, 11, -30
4369.8, 11, -30
4369.9, 11, -30
4370, 11, -30
4370.1, 11, -30
4370.2, 11, -30
4370.3, 11, -30
4370.4, 11, -30
4370.5, 12, -30
4370.6, 12, -30
4370.7, 12, -30
4370.8, 12, -30
4370.9, 12, -30
4371, 12, -30
4371.1, 12, -30
4371.2, 12, -30
4371.3, 12, -30
4371.4, 12, -30
4371.5, 12, -30
4371.6, 12, -30
4371.7, 12, -30
4371.8, 12, -30
4371.9, 12, -31
4372, 12, -31
4372.1, 12, -32
4372.2, 12, -32
4372.3, 12, -32
4372.4, 12, -32
4372.5, 12, -32
4372.6, 12, -32
4372.7, 12, -32
4372.8, 12, -32
4372.9, 12, -32
4373, 12, -32
4373.1, 12, -32
4373.2, 12, -32
4373.3, 12, -32
4373.4, 12, -32
4373.5, 12, -32
4373.6, 12, -32
4373.7, 12, -32
4373.8, 12, -32
4373.9, 12, -32
4374, 12, -32
4374.1, 12, -32
4374.2, 12, -32
4374.3, 12, -32
4374.4, 12, -32
4374.5, 12, -32
4374.6, 12, -32
4374.7, 12, -32
4374.8, 12, -32
4374.9, 12, -32
4375, 12, -32
4375.1, 12, -32
4375.2, 12, -32
4375.3, 12, -32
4375.4, 12, -32
4375.5, 12, -32
4375.6, 12, -32
4375.7, 12, -32
4375.8, 12, -32
4375.9, 12, -32
4376, 12, -32
4376.1, 12, -32
4376.2, 12, -32
4376.3, 12, -32
4376.4, 12, -32
4376.5, 12, -32
4376.6, 12, -32
4376.7, 12, -32
4376.8, 12, -32
4376.9, 12, -32
4377, 12, -32
4377.1, 12, -32
4377.2, 12, -32
4377.3, 12, -32
4377.4, 12, -32
4377.5, 12, -32
4377.6, 12, -32
4377.7, 12, -32
4377.8, 12, -32
4377.9, 12, -32
4378, 12, -32
4378.1, 12, -32
4378.2, 12, -32
4378.3, 12, -32
4378.4, 12, -32
4378.5, 12, -32
4378.6, 12, -32
4378.7, 12, -32
4378.8, 12, -32
4378.9, 12, -32
4379, 12, -32
4379.1, 12, -31
4379.2, 12, -31
4379.3, 12, -31
4379.4, 12, -31
4379.5, 12, -31
4379.6, 12, -31
4379.7, 12, -31
4379.8, 12, -31
4379.9, 12, -31
4380, 12, -31
4380.1, 12, -31
4380.2, 12, -31
4380.3, 12, -31
4380.4, 12, -31
4380.5, 12, -32
4380.6, 12, -32
4380.7, 12, -32
4380.8, 12, -32
4380.9, 12, -32
4381, 12, -32
4381.1, 12, -32
4381.2, 12, -32
4381.3, 12, -32
4381.4, 12, -32
4381.5, 12, -32
4381.6, 12, -32
4381.7, 12, -32
4381.8, 12, -32
4381.9, 12, -32
4382, 12, -32
4382.1, 12, -32
4382.2, 12, -32
4382.3, 12, -32
4382.4, 12, -32
4382.5, 12, -32
4382.6, 12, -32
4382.7, 12, -32
4382.8, 12, -32
4382.9, 12, -32
4383, 12, -32
4383.1, 12, -31
4383.2, 12, -31
4383.3, 12, -31
4383.4, 12, -31
4383.5, 12, -31
4383.6, 12, -31
4383.7, 12, -31
4383.8, 12, -31
4383.9, 12, -31
4384, 12, -31
4384.1, 11, -31
4384.2, 11, -31
4384.3, 11, -31
4384.4, 11, -31
4384.5, 11, -31
4384.6, 11, -31
4384.7, 11, -31
4384.8, 11, -31
4384.9, 11, -31
4385, 11, -31
4385.1, 11, -31
4385.2, 11, -31
4385.3, 11, -31
4385.4, 11, -31
4385.5, 11, -31
4385.6, 11, -31
4385.7, 11, -31
4385.8, 11, -31
4385.9, 11, -31
4386, 11, -31
4386.1, 11, -31
4386.2, 11, -31
4386.3, 11, -31
4386.4, 11, -31
4386.5, 11, -31
4386.6, 11, -31
4386.7, 11, -31
4386.8, 11, -31
4386.9, 11, -31
4387, 11, -31
4387.1, 11, -31
4387.2, 11, -31
4387.3, 11, -31
4387.4, 11, -31
4387.5, 11, -31
4387.6, 11, -31
4387.7, 11, -31
4387.8, 11, -31
4387.9, 11, -31
4388, 11, -31
4388.1, 11, -31
4388.2, 11, -31
4388.3, 11, -31
4388.4, 11, -31
4388.5, 11, -31
4388.6, 11, -31
4388.7, 11, -31
4388.8, 11, -31
4388.9, 11, -31
4389, 11, -31
4389.1, 11, -31
4389.2, 11, -31
4389.3, 11, -31
4389.4, 11, -31
4389.5, 11, -31
4389.6, 11, -31
4389.7, 11, -31
4389.8, 11, -31
4389.9, 11, -31
4390, 11, -31
4390.1, 11, -31
4390.2, 11, -31
4390.3, 11, -31
4390.4, 11, -31
4390.5, 11, -31
4390.6, 11, -31
4390.7, 11, -31
4390.8, 11, -31
4390.9, 11, -31
4391, 11, -31
4391.1, 11, -31
4391.2, 11, -31
4391.3, 11, -31
4391.4, 11, -31
4391.5, 11, -31
4391.6, 11, -31
4391.7, 11, -31
4391.8, 11, -31
4391.9, 11, -31
4392, 11, -31
4392.1, 11, -31
4392.2, 11, -31
4392.3, 11, -31
4392.4, 11, -31
4392.5, 11, -31
4392.6, 11, -31
4392.7, 11, -31
4392.8, 11, -31
4392.9, 11, -31
4393, 11, -31
4393.1, 11, -31
4393.2, 11, -31
4393.3, 11, -31
4393.4, 11, -31
4393.5, 11, -31
4393.6, 11, -31
4393.7, 10, -31
4393.8, 10, -31
4393.9, 10, -31
4394, 10, -31
4394.1, 10, -31
4394.2, 10, -31
4394.3, 10, -31
4394.4, 10, -31
4394.5, 10, -31
4394.6, 10, -31
4394.7, 10, -31
4394.8, 10, -31
4394.9, 10, -31
4395, 10, -31
4395.1, 10, -31
4395.2, 10, -31
4395.3, 10, -31
4395.4, 10, -31
4395.5, 10, -31
4395.6, 10, -31
4395.7, 10, -31
4395.8, 10, -31
4395.9, 9, -31
4396, 9, -31
4396.1, 9, -31
4396.2, 9, -31
4396.3, 9, -31
4396.4, 9, -31
4396.5, 9, -31
4396.6, 9, -31
4396.7, 9, -31
4396.8, 9, -31
4396.9, 9, -31
4397, 9, -31
4397.1, 9, -31
4397.2, 9, -31
4397.3, 9, -31
4397.4, 9, -31
4397.5, 9, -31
4397.6, 9, -31
4397.7, 9, -31
4397.8, 9, -31
4397.9, 9, -31
4398, 9, -31
4398.1, 9, -31
4398.2, 9, -31
4398.3, 9, -31
4398.4, 9, -31
4398.5, 9, -31
4398.6, 9, -31
4398.7, 9, -31
4398.8, 9, -31
4398.9, 9, -31
4399, 9, -31
4399.1, 9, -31
4399.2, 9, -31
4399.3, 9, -31
4399.4, 9, -31
4399.5, 9, -31
4399.6, 9, -31
4399.7, 9, -31
4399.8, 9, -31
4399.9, 9, -31
4400, 9, -31
4400.1, 9, -31
4400.2, 9, -31
4400.3, 9, -31
4400.4, 9, -31
4400.5, 9, -31
4400.6, 9, -31
4400.7, 8, -31
4400.8, 8, -31
4400.9, 8, -31
4401, 8, -31
4401.1, 8, -31
4401.2, 8, -31
4401.3, 8, -31
4401.4, 8, -31
4401.5, 8, -32
4401.6, 8, -32
4401.7, 8, -32
4401.8, 8, -32
4401.9, 8, -32
4402, 8, -32
4402.1, 8, -32
4402.2, 8, -32
4402.3, 8, -32
4402.4, 8, -32
4402.5, 7, -32
4402.6, 7, -32
4402.7, 7, -32
4402.8, 7, -32
4402.9, 7, -32
4403, 7, -32
4403.1, 7, -32
4403.2, 7, -32
4403.3, 7, -32
4403.4, 7, -32
4403.5, 6, -32
4403.6, 6, -32
4403.7, 6, -32
4403.8, 6, -32
4403.9, 6, -32
4404, 6, -32
4404.1, 6, -32
4404.2, 6, -32
4404.3, 6, -32
4404.4, 6, -32
4404.5, 6, -32
4404.6, 6, -32
4404.7, 6, -32
4404.8, 6, -32
4404.9, 6, -32
4405, 6, -32
4405.1, 6, -32
4405.2, 6, -32
4405.3, 6, -32
4405.4, 6, -32
4405.5, 6, -32
4405.6, 6, -32
4405.7, 6, -32
4405.8, 6, -32
4405.9, 6, -32
4406, 6, -32
4406.1, 6, -32
4406.2, 6, -32
4406.3, 6, -32
4406.4, 6, -32
4406.5, 6, -32
4406.6, 6, -32
4406.7, 6, -32
4406.8, 6, -32
4406.9, 6, -32
4407, 6, -32
4407.1, 6, -32
4407.2, 6, -32
4407.3, 6, -32
4407.4, 6, -32
4407.5, 6, -32
4407.6, 6, -32
4407.7, 6, -32
4407.8, 6, -32
4407.9, 6, -32
4408, 6, -32
4408.1, 6, -32
4408.2, 6, -32
4408.3, 6, -32
4408.4, 6, -32
4408.5, 6, -32
4408.6, 6, -32
4408.7, 6, -32
4408.8, 6, -32
4408.9, 6, -32
4409, 6, -32
4409.1, 6, -32
4409.2, 6, -32
4409.3, 6, -32
4409.4, 6, -32
4409.5, 6, -32
4409.6, 6, -32
4409.7, 6, -32
4409.8, 6, -32
4409.9, 6, -32
4410, 6, -32
4410.1, 6, -32
4410.2, 6, -32
4410.3, 6, -32
4410.4, 6, -32
4410.5, 6, -32
4410.6, 6, -32
4410.7, 6, -32
4410.8, 6, -32
4410.9, 6, -32
4411, 6, -32
4411.1, 6, -32
4411.2, 6, -32
4411.3, 6, -32
4411.4, 6, -32
4411.5, 6, -32
4411.6, 6, -32
4411.7, 6, -32
4411.8, 6, -32
4411.9, 6, -32
4412, 6, -32
4412.1, 6, -32
4412.2, 6, -32
4412.3, 6, -31
4412.4, 6, -31
4412.5, 6, -31
4412.6, 6, -31
4412.7, 6, -31
4412.8, 6, -31
4412.9, 6, -31
4413, 6, -31
4413.1, 6, -31
4413.2, 6, -31
4413.3, 7, -31
4413.4, 7, -31
4413.5, 7, -31
4413.6, 7, -31
4413.7, 7, -31
4413.8, 7, -31
4413.9, 7, -31
4414, 7, -31
4414.1, 8, -31
4414.2, 8, -31
4414.3, 8, -31
4414.4, 8, -31
4414.5, 8, -31
4414.6, 8, -31
4414.7, 8, -31
4414.8, 8, -31
4414.9, 8, -31
4415, 8, -31
4415.1, 8, -31
4415.2, 8, -31
4415.3, 8, -31
4415.4, 8, -31
4415.5, 8, -31
4415.6, 8, -31
4415.7, 8, -31
4415.8, 8, -31
4415.9, 8, -31
4416, 8, -31
4416.1, 8, -31
4416.2, 8, -31
4416.3, 8, -31
4416.4, 8, -31
4416.5, 8, -31
4416.6, 8, -31
4416.7, 8, -31
4416.8, 8, -31
4416.9, 8, -31
4417, 8, -31
4417.1, 8, -31
4417.2, 8, -31
4417.3, 8, -31
4417.4, 8, -31
4417.5, 8, -31
4417.6, 8, -31
4417.7, 8, -31
4417.8, 8, -31
4417.9, 8, -31
4418, 8, -31
4418.1, 8, -31
4418.2, 8, -31
4418.3, 8, -31
4418.4, 8, -31
4418.5, 8, -31
4418.6, 8, -31
4418.7, 8, -31
4418.8, 8, -31
4418.9, 8, -31
4419, 8, -31
4419.1, 8, -31
4419.2, 8, -31
4419.3, 8, -31
4419.4, 8, -31
4419.5, 8, -30
4419.6, 8, -30
4419.7, 8, -30
4419.8, 8, -30
4419.9, 8, -30
4420, 8, -30
4420.1, 8, -30
4420.2, 8, -30
4420.3, 8, -30
4420.4, 8, -30
4420.5, 8, -30
4420.6, 8, -30
4420.7, 8, -30
4420.8, 8, -30
4420.9, 8, -30
4421, 8, -30
4421.1, 8, -30
4421.2, 8, -30
4421.3, 8, -30
4421.4, 8, -30
4421.5, 8, -30
4421.6, 8, -30
4421.7, 8, -30
4421.8, 8, -30
4421.9, 8, -30
4422, 8, -30
4422.1, 8, -30
4422.2, 8, -30
4422.3, 8, -30
4422.4, 8, -30
4422.5, 8, -30
4422.6, 8, -30
4422.7, 8, -30
4422.8, 8, -30
4422.9, 8, -30
4423, 8, -30
4423.1, 8, -31
4423.2, 8, -31
4423.3, 8, -31
4423.4, 8, -31
4423.5, 8, -31
4423.6, 8, -31
4423.7, 8, -31
4423.8, 8, -31
4423.9, 8, -31
4424, 8, -31
4424.1, 8, -31
4424.2, 8, -31
4424.3, 8, -31
4424.4, 8, -31
4424.5, 8, -31
4424.6, 8, -31
4424.7, 8, -31
4424.8, 8, -31
4424.9, 8, -31
4425, 8, -31
4425.1, 8, -31
4425.2, 8, -31
4425.3, 8, -31
4425.4, 8, -31
4425.5, 8, -31
4425.6, 8, -31
4425.7, 8, -31
4425.8, 8, -31
4425.9, 8, -31
4426, 8, -31
4426.1, 8, -31
4426.2, 8, -31
4426.3, 9, -31
4426.4, 9, -31
4426.5, 9, -32
4426.6, 9, -32
4426.7, 9, -32
4426.8, 9, -32
4426.9, 9, -32
4427, 9, -32
4427.1, 9, -32
4427.2, 9, -32
4427.3, 8, -32
4427.4, 8, -32
4427.5, 8, -32
4427.6, 8, -32
4427.7, 8, -32
4427.8, 8, -32
4427.9, 8, -32
4428, 8, -32
4428.1, 8, -32
4428.2, 8, -32
4428.3, 8, -32
4428.4, 8, -32
4428.5, 8, -32
4428.6, 8, -32
4428.7, 8, -32
4428.8, 8, -32
4428.9, 8, -32
4429, 8, -32
4429.1, 8, -32
4429.2, 8, -32
4429.3, 8, -32
4429.4, 8, -32
4429.5, 8, -32
4429.6, 8, -32
4429.7, 8, -32
4429.8, 8, -32
4429.9, 8, -32
4430, 8, -32
4430.1, 8, -32
4430.2, 8, -32
4430.3, 8, -32
4430.4, 8, -32
4430.5, 8, -32
4430.6, 8, -32
4430.7, 8, -32
4430.8, 8, -32
4430.9, 8, -32
4431, 8, -32
4431.1, 8, -32
4431.2, 8, -32
4431.3, 8, -32
4431.4, 8, -32
4431.5, 8, -32
4431.6, 8, -32
4431.7, 8, -32
4431.8, 8, -32
4431.9, 8, -32
4432, 8, -32
4432.1, 7, -32
4432.2, 7, -32
4432.3, 7, -32
4432.4, 7, -32
4432.5, 7, -32
4432.6, 7, -32
4432.7, 7, -32
4432.8, 7, -32
4432.9, 7, -32
4433, 7, -32
4433.1, 7, -32
4433.2, 7, -32
4433.3, 7, -32
4433.4, 7, -32
4433.5, 7, -32
4433.6, 7, -32
4433.7, 7, -33
4433.8, 7, -33
4433.9, 7, -33
4434, 7, -33
4434.1, 7, -33
4434.2, 7, -33
4434.3, 7, -33
4434.4, 7, -33
4434.5, 7, -33
4434.6, 7, -33
4434.7, 7, -32
4434.8, 7, -32
4434.9, 7, -32
4435, 7, -32
4435.1, 7, -32
4435.2, 7, -32
4435.3, 7, -32
4435.4, 7, -32
4435.5, 7, -32
4435.6, 7, -32
4435.7, 7, -32
4435.8, 7, -32
4435.9, 7, -32
4436, 7, -32
4436.1, 7, -32
4436.2, 7, -32
4436.3, 7, -32
4436.4, 7, -32
4436.5, 7, -32
4436.6, 7, -32
4436.7, 7, -32
4436.8, 7, -32
4436.9, 7, -32
4437, 7, -32
4437.1, 7, -32
4437.2, 7, -32
4437.3, 7, -32
4437.4, 7, -32
4437.5, 7, -32
4437.6, 7, -32
4437.7, 7, -32
4437.8, 7, -32
4437.9, 7, -32
4438, 7, -32
4438.1, 7, -32
4438.2, 7, -32
4438.3, 7, -32
4438.4, 7, -32
4438.5, 7, -31
4438.6, 7, -31
4438.7, 7, -31
4438.8, 7, -31
4438.9, 7, -31
4439, 7, -31
4439.1, 7, -31
4439.2, 7, -31
4439.3, 7, -31
4439.4, 7, -31
4439.5, 7, -31
4439.6, 7, -31
4439.7, 7, -31
4439.8, 7, -31
4439.9, 7, -31
4440, 7, -31
4440.1, 7, -32
4440.2, 7, -32
4440.3, 7, -32
4440.4, 7, -32
4440.5, 7, -32
4440.6, 7, -32
4440.7, 7, -32
4440.8, 7, -32
4440.9, 7, -32
4441, 7, -32
4441.1, 7, -32
4441.2, 7, -32
4441.3, 7, -32
4441.4, 7, -32
4441.5, 7, -32
4441.6, 7, -32
4441.7, 7, -32
4441.8, 7, -32
4441.9, 7, -32
4442, 7, -32
4442.1, 7, -32
4442.2, 7, -32
4442.3, 7, -32
4442.4, 7, -32
4442.5, 7, -32
4442.6, 7, -32
4442.7, 7, -32
4442.8, 7, -32
4442.9, 7, -32
4443, 7, -32
4443.1, 7, -32
4443.2, 7, -32
4443.3, 7, -32
4443.4, 7, -32
4443.5, 7, -32
4443.6, 7, -32
4443.7, 7, -32
4443.8, 7, -32
4443.9, 7, -32
4444, 7, -32
4444.1, 7, -32
4444.2, 7, -32
4444.3, 7, -32
4444.4, 7, -32
4444.5, 7, -32
4444.6, 7, -32
4444.7, 7, -32
4444.8, 7, -32
4444.9, 7, -31
4445, 7, -31
4445.1, 7, -31
4445.2, 7, -31
4445.3, 7, -31
4445.4, 7, -31
4445.5, 7, -31
4445.6, 7, -31
4445.7, 7, -31
4445.8, 7, -31
4445.9, 7, -31
4446, 7, -31
4446.1, 7, -31
4446.2, 7, -31
4446.3, 7, -31
4446.4, 7, -31
4446.5, 7, -31
4446.6, 7, -31
4446.7, 7, -31
4446.8, 7, -31
4446.9, 7, -30
4447, 7, -30
4447.1, 7, -30
4447.2, 7, -30
4447.3, 7, -30
4447.4, 7, -30
4447.5, 7, -30
4447.6, 7, -30
4447.7, 7, -30
4447.8, 7, -30
4447.9, 7, -30
4448, 7, -30
4448.1, 7, -30
4448.2, 7, -30
4448.3, 7, -30
4448.4, 7, -30
4448.5, 7, -30
4448.6, 7, -30
4448.7, 8, -30
4448.8, 8, -30
4448.9, 8, -30
4449, 8, -30
4449.1, 8, -30
4449.2, 8, -30
4449.3, 8, -30
4449.4, 8, -30
4449.5, 8, -30
4449.6, 8, -30
4449.7, 8, -30
4449.8, 8, -30
4449.9, 8, -30
4450, 8, -30
4450.1, 8, -31
4450.2, 8, -31
4450.3, 8, -31
4450.4, 8, -31
4450.5, 8, -31
4450.6, 8, -31
4450.7, 8, -31
4450.8, 8, -31
4450.9, 8, -31
4451, 8, -31
4451.1, 8, -31
4451.2, 8, -31
4451.3, 8, -31
4451.4, 8, -31
4451.5, 8, -31
4451.6, 8, -31
4451.7, 8, -31
4451.8, 8, -31
4451.9, 8, -31
4452, 8, -31
4452.1, 8, -31
4452.2, 8, -31
4452.3, 8, -30
4452.4, 8, -30
4452.5, 8, -30
4452.6, 8, -30
4452.7, 8, -30
4452.8, 8, -30
4452.9, 8, -30
4453, 8, -30
4453.1, 8, -30
4453.2, 8, -30
4453.3, 8, -30
4453.4, 8, -30
4453.5, 8, -30
4453.6, 8, -30
4453.7, 8, -30
4453.8, 8, -30
4453.9, 8, -30
4454, 8, -30
4454.1, 8, -30
4454.2, 8, -30
4454.3, 8, -30
4454.4, 8, -30
4454.5, 8, -30
4454.6, 8, -30
4454.7, 8, -30
4454.8, 8, -30
4454.9, 8, -30
4455, 8, -30
4455.1, 8, -30
4455.2, 8, -30
4455.3, 8, -30
4455.4, 8, -30
4455.5, 8, -30
4455.6, 8, -30
4455.7, 8, -29
4455.8, 8, -29
4455.9, 8, -29
4456, 8, -29
4456.1, 8, -29
4456.2, 8, -29
4456.3, 8, -29
4456.4, 8, -29
4456.5, 8, -29
4456.6, 8, -29
4456.7, 8, -29
4456.8, 8, -29
4456.9, 8, -29
4457, 8, -29
4457.1, 8, -28
4457.2, 8, -28
4457.3, 8, -29
4457.4, 8, -29
4457.5, 8, -29
4457.6, 8, -29
4457.7, 8, -29
4457.8, 8, -29
4457.9, 8, -29
4458, 8, -29
4458.1, 8, -29
4458.2, 8, -29
4458.3, 8, -29
4458.4, 8, -29
4458.5, 8, -29
4458.6, 8, -29
4458.7, 8, -29
4458.8, 8, -29
4458.9, 8, -29
4459, 8, -29
4459.1, 8, -29
4459.2, 8, -29
4459.3, 8, -29
4459.4, 8, -29
4459.5, 8, -29
4459.6, 8, -29
4459.7, 8, -29
4459.8, 8, -29
4459.9, 8, -29
4460, 8, -29
4460.1, 8, -29
4460.2, 8, -29
4460.3, 8, -29
4460.4, 8, -29
4460.5, 8, -29
4460.6, 8, -29
4460.7, 8, -29
4460.8, 8, -29
4460.9, 8, -29
4461, 8, -29
4461.1, 8, -29
4461.2, 8, -29
4461.3, 8, -29
4461.4, 8, -29
4461.5, 8, -29
4461.6, 8, -29
4461.7, 8, -29
4461.8, 8, -29
4461.9, 8, -29
4462, 8, -29
4462.1, 8, -29
4462.2, 8, -29
4462.3, 8, -29
4462.4, 8, -29
4462.5, 8, -29
4462.6, 8, -29
4462.7, 8, -29
4462.8, 8, -29
4462.9, 8, -29
4463, 8, -29
4463.1, 8, -29
4463.2, 8, -29
4463.3, 8, -29
4463.4, 8, -29
4463.5, 8, -29
4463.6, 8, -29
4463.7, 8, -29
4463.8, 8, -29
4463.9, 9, -29
4464, 9, -29
4464.1, 9, -29
4464.2, 9, -29
4464.3, 9, -29
4464.4, 9, -29
4464.5, 9, -29
4464.6, 9, -29
4464.7, 9, -29
4464.8, 9, -29
4464.9, 9, -29
4465, 9, -29
4465.1, 9, -29
4465.2, 9, -29
4465.3, 9, -29
4465.4, 9, -29
4465.5, 9, -29
4465.6, 9, -29
4465.7, 9, -28
4465.8, 9, -28
4465.9, 9, -28
4466, 9, -28
4466.1, 9, -28
4466.2, 9, -28
4466.3, 9, -28
4466.4, 9, -28
4466.5, 9, -28
4466.6, 9, -28
4466.7, 9, -28
4466.8, 9, -28
4466.9, 9, -28
4467, 9, -28
4467.1, 9, -28
4467.2, 9, -28
4467.3, 9, -28
4467.4, 9, -28
4467.5, 9, -28
4467.6, 9, -28
4467.7, 9, -28
4467.8, 9, -28
4467.9, 9, -28
4468, 9, -28
4468.1, 9, -28
4468.2, 9, -28
4468.3, 9, -28
4468.4, 9, -28
4468.5, 9, -28
4468.6, 9, -28
4468.7, 9, -28
4468.8, 9, -28
4468.9, 9, -28
4469, 9, -28
4469.1, 9, -28
4469.2, 9, -28
4469.3, 9, -28
4469.4, 9, -28
4469.5, 9, -28
4469.6, 9, -28
4469.7, 10, -28
4469.8, 10, -28
4469.9, 10, -28
4470, 10, -28
4470.1, 10, -28
4470.2, 10, -28
4470.3, 10, -28
4470.4, 10, -28
4470.5, 10, -28
4470.6, 10, -28
4470.7, 10, -28
4470.8, 10, -28
4470.9, 10, -28
4471, 10, -28
4471.1, 10, -28
4471.2, 10, -28
4471.3, 10, -28
4471.4, 10, -28
4471.5, 10, -28
4471.6, 10, -28
4471.7, 10, -28
4471.8, 10, -28
4471.9, 10, -28
4472, 10, -28
4472.1, 10, -28
4472.2, 10, -28
4472.3, 9, -28
4472.4, 9, -28
4472.5, 9, -28
4472.6, 9, -28
4472.7, 9, -28
4472.8, 9, -28
4472.9, 9, -28
4473, 9, -28
4473.1, 9, -28
4473.2, 9, -28
4473.3, 9, -28
4473.4, 9, -28
4473.5, 9, -28
4473.6, 9, -28
4473.7, 9, -28
4473.8, 9, -28
4473.9, 9, -28
4474, 9, -28
4474.1, 9, -28
4474.2, 9, -28
4474.3, 9, -28
4474.4, 9, -28
4474.5, 8, -28
4474.6, 8, -28
4474.7, 8, -28
4474.8, 8, -28
4474.9, 8, -28
4475, 8, -28
4475.1, 8, -28
4475.2, 8, -28
4475.3, 8, -28
4475.4, 8, -28
4475.5, 8, -28
4475.6, 8, -28
4475.7, 8, -28
4475.8, 8, -28
4475.9, 8, -28
4476, 8, -28
4476.1, 8, -28
4476.2, 8, -28
4476.3, 8, -28
4476.4, 8, -28
4476.5, 8, -28
4476.6, 8, -28
4476.7, 8, -28
4476.8, 8, -28
4476.9, 8, -28
4477, 8, -28
4477.1, 8, -27
4477.2, 8, -27
4477.3, 8, -27
4477.4, 8, -27
4477.5, 8, -27
4477.6, 8, -27
4477.7, 8, -27
4477.8, 8, -27
4477.9, 8, -27
4478, 8, -27
4478.1, 8, -27
4478.2, 8, -27
4478.3, 8, -27
4478.4, 8, -27
4478.5, 8, -27
4478.6, 8, -27
4478.7, 7, -27
4478.8, 7, -27
4478.9, 7, -27
4479, 7, -27
4479.1, 7, -27
4479.2, 7, -27
4479.3, 7, -27
4479.4, 7, -27
4479.5, 7, -27
4479.6, 7, -27
4479.7, 7, -27
4479.8, 7, -27
4479.9, 7, -27
4480, 7, -27
4480.1, 7, -27
4480.2, 7, -27
4480.3, 7, -27
4480.4, 7, -27
4480.5, 7, -27
4480.6, 7, -27
4480.7, 7, -28
4480.8, 7, -28
4480.9, 7, -28
4481, 7, -28
4481.1, 7, -28
4481.2, 7, -28
4481.3, 7, -28
4481.4, 7, -28
4481.5, 7, -28
4481.6, 7, -28
4481.7, 8, -28
4481.8, 8, -28
4481.9, 8, -28
4482, 8, -28
4482.1, 8, -27
4482.2, 8, -27
4482.3, 8, -27
4482.4, 8, -27
4482.5, 8, -27
4482.6, 8, -27
4482.7, 8, -27
4482.8, 8, -27
4482.9, 8, -27
4483, 8, -27
4483.1, 8, -27
4483.2, 8, -27
4483.3, 8, -26
4483.4, 8, -26
4483.5, 8, -26
4483.6, 8, -26
4483.7, 8, -26
4483.8, 8, -26
4483.9, 8, -27
4484, 8, -27
4484.1, 8, -27
4484.2, 8, -27
4484.3, 8, -27
4484.4, 8, -27
4484.5, 8, -27
4484.6, 8, -27
4484.7, 8, -27
4484.8, 8, -27
4484.9, 8, -27
4485, 8, -27
4485.1, 8, -27
4485.2, 8, -27
4485.3, 8, -27
4485.4, 8, -27
4485.5, 8, -27
4485.6, 8, -27
4485.7, 8, -27
4485.8, 8, -27
4485.9, 8, -27
4486, 8, -27
4486.1, 8, -27
4486.2, 8, -27
4486.3, 8, -27
4486.4, 8, -27
4486.5, 8, -27
4486.6, 8, -27
4486.7, 8, -27
4486.8, 8, -27
4486.9, 8, -27
4487, 8, -27
4487.1, 8, -26
4487.2, 8, -26
4487.3, 8, -26
4487.4, 8, -26
4487.5, 8, -26
4487.6, 8, -26
4487.7, 8, -26
4487.8, 8, -26
4487.9, 8, -26
4488, 8, -26
4488.1, 8, -26
4488.2, 8, -26
4488.3, 8, -26
4488.4, 8, -26
4488.5, 8, -26
4488.6, 8, -26
4488.7, 8, -26
4488.8, 8, -26
4488.9, 9, -26
4489, 9, -26
4489.1, 9, -26
4489.2, 9, -26
4489.3, 9, -26
4489.4, 9, -26
4489.5, 9, -26
4489.6, 9, -26
4489.7, 9, -26
4489.8, 9, -26
4489.9, 9, -26
4490, 9, -26
4490.1, 9, -26
4490.2, 9, -26
4490.3, 9, -26
4490.4, 9, -26
4490.5, 9, -26
4490.6, 9, -26
4490.7, 9, -26
4490.8, 9, -26
4490.9, 9, -26
4491, 9, -26
4491.1, 9, -26
4491.2, 9, -26
4491.3, 9, -26
4491.4, 9, -26
4491.5, 9, -26
4491.6, 9, -26
4491.7, 8, -26
4491.8, 8, -26
4491.9, 8, -26
4492, 8, -26
4492.1, 8, -26
4492.2, 8, -26
4492.3, 8, -26
4492.4, 8, -26
4492.5, 8, -26
4492.6, 8, -26
4492.7, 8, -26
4492.8, 8, -26
4492.9, 8, -26
4493, 8, -26
4493.1, 8, -26
4493.2, 8, -26
4493.3, 8, -27
4493.4, 8, -27
4493.5, 8, -27
4493.6, 8, -27
4493.7, 8, -27
4493.8, 8, -27
4493.9, 7, -27
4494, 7, -27
4494.1, 7, -27
4494.2, 7, -27
4494.3, 7, -27
4494.4, 7, -27
4494.5, 7, -27
4494.6, 7, -27
4494.7, 8, -27
4494.8, 8, -27
4494.9, 8, -27
4495, 8, -27
4495.1, 8, -27
4495.2, 8, -27
4495.3, 8, -27
4495.4, 8, -27
4495.5, 8, -27
4495.6, 8, -27
4495.7, 8, -27
4495.8, 8, -27
4495.9, 8, -27
4496, 8, -27
4496.1, 8, -27
4496.2, 8, -27
4496.3, 8, -27
4496.4, 8, -27
4496.5, 8, -27
4496.6, 8, -27
4496.7, 8, -27
4496.8, 8, -27
4496.9, 8, -27
4497, 8, -27
4497.1, 8, -27
4497.2, 8, -27
4497.3, 8, -27
4497.4, 8, -27
4497.5, 8, -27
4497.6, 8, -27
4497.7, 8, -27
4497.8, 8, -27
4497.9, 8, -27
4498, 8, -27
4498.1, 8, -27
4498.2, 8, -27
4498.3, 8, -27
4498.4, 8, -27
4498.5, 8, -27
4498.6, 8, -27
4498.7, 8, -27
4498.8, 8, -27
4498.9, 8, -27
4499, 8, -27
4499.1, 8, -27
4499.2, 8, -27
4499.3, 8, -27
4499.4, 8, -27
4499.5, 8, -27
4499.6, 8, -27
4499.7, 8, -27
4499.8, 8, -27
4499.9, 8, -27
4500, 8, -27
4500.1, 8, -27
4500.2, 8, -27
4500.3, 8, -27
4500.4, 8, -27
4500.5, 8, -27
4500.6, 8, -27
4500.7, 8, -27
4500.8, 8, -27
4500.9, 8, -27
4501, 8, -27
4501.1, 8, -27
4501.2, 8, -27
4501.3, 8, -27
4501.4, 8, -27
4501.5, 8, -27
4501.6, 8, -27
4501.7, 8, -27
4501.8, 8, -27
4501.9, 8, -27
4502, 8, -27
4502.1, 8, -27
4502.2, 8, -27
4502.3, 8, -27
4502.4, 8, -27
4502.5, 8, -27
4502.6, 8, -27
4502.7, 8, -27
4502.8, 8, -27
4502.9, 8, -27
4503, 8, -27
4503.1, 8, -27
4503.2, 8, -27
4503.3, 8, -27
4503.4, 8, -27
4503.5, 8, -27
4503.6, 8, -27
4503.7, 8, -27
4503.8, 8, -27
4503.9, 8, -26
4504, 8, -26
4504.1, 8, -26
4504.2, 8, -26
4504.3, 8, -26
4504.4, 8, -26
4504.5, 8, -26
4504.6, 8, -26
4504.7, 8, -26
4504.8, 8, -26
4504.9, 8, -26
4505, 8, -26
4505.1, 8, -26
4505.2, 8, -26
4505.3, 8, -26
4505.4, 8, -26
4505.5, 9, -26
4505.6, 9, -26
4505.7, 9, -26
4505.8, 9, -26
4505.9, 9, -26
4506, 9, -26
4506.1, 9, -26
4506.2, 9, -26
4506.3, 9, -26
4506.4, 9, -26
4506.5, 9, -25
4506.6, 9, -25
4506.7, 9, -25
4506.8, 9, -25
4506.9, 8, -25
4507, 8, -25
4507.1, 8, -25
4507.2, 8, -25
4507.3, 8, -25
4507.4, 8, -25
4507.5, 8, -25
4507.6, 8, -25
4507.7, 8, -25
4507.8, 8, -25
4507.9, 8, -25
4508, 8, -25
4508.1, 8, -25
4508.2, 8, -25
4508.3, 8, -25
4508.4, 8, -25
4508.5, 8, -24
4508.6, 8, -24
4508.7, 8, -24
4508.8, 8, -24
4508.9, 8, -24
4509, 8, -24
4509.1, 8, -24
4509.2, 8, -24
4509.3, 8, -24
4509.4, 8, -24
4509.5, 8, -24
4509.6, 8, -24
4509.7, 8, -24
4509.8, 8, -24
4509.9, 8, -24
4510, 8, -24
4510.1, 8, -24
4510.2, 8, -24
4510.3, 8, -24
4510.4, 8, -24
4510.5, 8, -24
4510.6, 8, -24
4510.7, 8, -24
4510.8, 8, -24
4510.9, 8, -24
4511, 8, -24
4511.1, 8, -24
4511.2, 8, -24
4511.3, 8, -24
4511.4, 8, -24
4511.5, 8, -24
4511.6, 8, -24
4511.7, 8, -24
4511.8, 8, -24
4511.9, 8, -24
4512, 8, -24
4512.1, 8, -24
4512.2, 8, -24
4512.3, 8, -24
4512.4, 8, -24
4512.5, 8, -24
4512.6, 8, -24
4512.7, 8, -24
4512.8, 8, -24
4512.9, 8, -24
4513, 8, -24
4513.1, 8, -24
4513.2, 8, -24
4513.3, 9, -24
4513.4, 9, -24
4513.5, 9, -24
4513.6, 9, -24
4513.7, 9, -24
4513.8, 9, -24
4513.9, 9, -24
4514, 9, -24
4514.1, 9, -24
4514.2, 9, -24
4514.3, 9, -24
4514.4, 9, -24
4514.5, 9, -24
4514.6, 9, -24
4514.7, 9, -24
4514.8, 9, -24
4514.9, 9, -24
4515, 9, -24
4515.1, 9, -24
4515.2, 9, -24
4515.3, 9, -24
4515.4, 9, -24
4515.5, 9, -24
4515.6, 9, -24
4515.7, 9, -24
4515.8, 9, -24
4515.9, 9, -24
4516, 9, -24
4516.1, 9, -24
4516.2, 9, -24
4516.3, 9, -24
4516.4, 9, -24
4516.5, 9, -24
4516.6, 9, -24
4516.7, 9, -24
4516.8, 9, -24
4516.9, 9, -24
4517, 9, -24
4517.1, 9, -24
4517.2, 9, -24
4517.3, 9, -24
4517.4, 9, -24
4517.5, 9, -24
4517.6, 9, -24
4517.7, 10, -24
4517.8, 10, -24
4517.9, 10, -24
4518, 10, -24
4518.1, 10, -24
4518.2, 10, -24
4518.3, 10, -24
4518.4, 10, -24
4518.5, 10, -24
4518.6, 10, -24
4518.7, 10, -24
4518.8, 10, -24
4518.9, 10, -24
4519, 10, -24
4519.1, 10, -24
4519.2, 10, -24
4519.3, 10, -24
4519.4, 10, -24
4519.5, 10, -24
4519.6, 10, -24
4519.7, 10, -24
4519.8, 10, -24
4519.9, 10, -24
4520, 10, -24
4520.1, 10, -24
4520.2, 10, -24
4520.3, 10, -24
4520.4, 10, -24
4520.5, 10, -24
4520.6, 10, -24
4520.7, 10, -24
4520.8, 10, -24
4520.9, 10, -24
4521, 10, -24
4521.1, 10, -24
4521.2, 10, -24
4521.3, 10, -24
4521.4, 10, -24
4521.5, 10, -24
4521.6, 10, -24
4521.7, 10, -24
4521.8, 10, -24
4521.9, 10, -24
4522, 10, -24
4522.1, 10, -24
4522.2, 10, -24
4522.3, 10, -24
4522.4, 10, -24
4522.5, 10, -24
4522.6, 10, -24
4522.7, 11, -24
4522.8, 11, -24
4522.9, 11, -24
4523, 11, -24
4523.1, 11, -24
4523.2, 11, -24
4523.3, 11, -23
4523.4, 11, -23
4523.5, 11, -23
4523.6, 11, -23
4523.7, 12, -23
4523.8, 12, -23
4523.9, 12, -23
4524, 12, -23
4524.1, 12, -23
4524.2, 12, -23
4524.3, 12, -23
4524.4, 12, -23
4524.5, 12, -23
4524.6, 12, -23
4524.7, 12, -23
4524.8, 12, -23
4524.9, 12, -23
4525, 12, -23
4525.1, 12, -23
4525.2, 12, -23
4525.3, 12, -23
4525.4, 12, -23
4525.5, 12, -23
4525.6, 12, -23
4525.7, 12, -23
4525.8, 12, -23
4525.9, 12, -23
4526, 12, -23
4526.1, 12, -24
4526.2, 12, -24
4526.3, 12, -24
4526.4, 12, -24
4526.5, 12, -24
4526.6, 12, -24
4526.7, 12, -24
4526.8, 12, -24
4526.9, 12, -24
4527, 12, -24
4527.1, 12, -24
4527.2, 12, -24
4527.3, 12, -24
4527.4, 12, -24
4527.5, 12, -24
4527.6, 12, -24
4527.7, 12, -24
4527.8, 12, -24
4527.9, 12, -24
4528, 12, -24
4528.1, 12, -24
4528.2, 12, -24
4528.3, 12, -24
4528.4, 12, -24
4528.5, 12, -24
4528.6, 12, -24
4528.7, 12, -24
4528.8, 12, -24
4528.9, 12, -24
4529, 12, -24
4529.1, 12, -25
4529.2, 12, -25
4529.3, 12, -25
4529.4, 12, -25
4529.5, 12, -25
4529.6, 12, -25
4529.7, 12, -25
4529.8, 12, -25
4529.9, 12, -26
4530, 12, -26
4530.1, 13, -26
4530.2, 13, -26
4530.3, 13, -26
4530.4, 13, -26
4530.5, 12, -26
4530.6, 12, -26
4530.7, 12, -26
4530.8, 12, -26
4530.9, 12, -26
4531, 12, -26
4531.1, 12, -26
4531.2, 12, -26
4531.3, 12, -25
4531.4, 12, -25
4531.5, 12, -25
4531.6, 12, -25
4531.7, 12, -25
4531.8, 12, -25
4531.9, 12, -25
4532, 12, -25
4532.1, 12, -25
4532.2, 12, -25
4532.3, 12, -25
4532.4, 12, -25
4532.5, 12, -25
4532.6, 12, -25
4532.7, 12, -25
4532.8, 12, -25
4532.9, 12, -25
4533, 12, -25
4533.1, 12, -25
4533.2, 12, -25
4533.3, 12, -25
4533.4, 12, -25
4533.5, 12, -25
4533.6, 12, -25
4533.7, 12, -25
4533.8, 12, -25
4533.9, 12, -25
4534, 12, -25
4534.1, 12, -25
4534.2, 12, -25
4534.3, 12, -25
4534.4, 12, -25
4534.5, 12, -25
4534.6, 12, -25
4534.7, 12, -25
4534.8, 12, -25
4534.9, 12, -25
4535, 12, -25
4535.1, 12, -25
4535.2, 12, -25
4535.3, 12, -25
4535.4, 12, -25
4535.5, 12, -25
4535.6, 12, -25
4535.7, 12, -25
4535.8, 12, -25
4535.9, 12, -25
4536, 12, -25
4536.1, 12, -25
4536.2, 12, -25
4536.3, 12, -25
4536.4, 12, -25
4536.5, 12, -25
4536.6, 12, -25
4536.7, 12, -24
4536.8, 12, -24
4536.9, 12, -24
4537, 12, -24
4537.1, 12, -24
4537.2, 12, -24
4537.3, 12, -24
4537.4, 12, -24
4537.5, 12, -24
4537.6, 12, -24
4537.7, 12, -24
4537.8, 12, -24
4537.9, 12, -24
4538, 12, -24
4538.1, 12, -24
4538.2, 12, -24
4538.3, 12, -24
4538.4, 12, -24
4538.5, 12, -24
4538.6, 12, -24
4538.7, 12, -24
4538.8, 12, -24
4538.9, 12, -24
4539, 12, -24
4539.1, 12, -23
4539.2, 12, -23
4539.3, 12, -23
4539.4, 12, -23
4539.5, 11, -23
4539.6, 11, -23
4539.7, 11, -23
4539.8, 11, -23
4539.9, 11, -23
4540, 11, -23
4540.1, 11, -23
4540.2, 11, -23
4540.3, 11, -22
4540.4, 11, -22
4540.5, 11, -22
4540.6, 11, -22
4540.7, 11, -22
4540.8, 11, -22
4540.9, 11, -22
4541, 11, -22
4541.1, 11, -22
4541.2, 11, -22
4541.3, 11, -22
4541.4, 11, -22
4541.5, 11, -22
4541.6, 11, -22
4541.7, 11, -22
4541.8, 11, -22
4541.9, 11, -22
4542, 11, -22
4542.1, 11, -22
4542.2, 11, -22
4542.3, 11, -22
4542.4, 11, -22
4542.5, 11, -22
4542.6, 11, -22
4542.7, 11, -22
4542.8, 11, -22
4542.9, 11, -22
4543, 11, -22
4543.1, 11, -22
4543.2, 11, -22
4543.3, 12, -22
4543.4, 12, -22
4543.5, 12, -22
4543.6, 12, -22
4543.7, 12, -22
4543.8, 12, -22
4543.9, 12, -22
4544, 12, -22
4544.1, 12, -22
4544.2, 12, -22
4544.3, 13, -22
4544.4, 13, -22
4544.5, 13, -22
4544.6, 13, -22
4544.7, 13, -22
4544.8, 13, -22
4544.9, 13, -22
4545, 13, -22
4545.1, 13, -22
4545.2, 13, -22
4545.3, 13, -22
4545.4, 13, -22
4545.5, 13, -22
4545.6, 13, -22
4545.7, 13, -22
4545.8, 13, -22
4545.9, 13, -22
4546, 13, -22
4546.1, 12, -22
4546.2, 12, -22
4546.3, 12, -22
4546.4, 12, -22
4546.5, 12, -22
4546.6, 12, -22
4546.7, 12, -22
4546.8, 12, -22
4546.9, 12, -22
4547, 12, -22
4547.1, 12, -22
4547.2, 12, -22
4547.3, 12, -22
4547.4, 12, -22
4547.5, 12, -22
4547.6, 12, -22
4547.7, 12, -22
4547.8, 12, -22
4547.9, 12, -22
4548, 12, -22
4548.1, 12, -22
4548.2, 12, -22
4548.3, 12, -22
4548.4, 12, -22
4548.5, 12, -22
4548.6, 12, -22
4548.7, 12, -22
4548.8, 12, -22
4548.9, 12, -22
4549, 12, -22
4549.1, 12, -22
4549.2, 12, -22
4549.3, 12, -22
4549.4, 12, -22
4549.5, 12, -22
4549.6, 12, -22
4549.7, 12, -22
4549.8, 12, -22
4549.9, 12, -22
4550, 12, -22
4550.1, 12, -22
4550.2, 12, -22
4550.3, 12, -22
4550.4, 12, -22
4550.5, 12, -22
4550.6, 12, -22
4550.7, 12, -22
4550.8, 12, -22
4550.9, 12, -22
4551, 12, -22
4551.1, 12, -22
4551.2, 12, -22
4551.3, 12, -22
4551.4, 12, -22
4551.5, 12, -22
4551.6, 12, -22
4551.7, 12, -22
4551.8, 12, -22
4551.9, 12, -22
4552, 12, -22
4552.1, 12, -22
4552.2, 12, -22
4552.3, 12, -22
4552.4, 12, -22
4552.5, 12, -22
4552.6, 12, -22
4552.7, 12, -22
4552.8, 12, -22
4552.9, 12, -22
4553, 12, -22
4553.1, 12, -22
4553.2, 12, -22
4553.3, 12, -22
4553.4, 12, -22
4553.5, 12, -22
4553.6, 12, -22
4553.7, 12, -22
4553.8, 12, -22
4553.9, 12, -22
4554, 12, -22
4554.1, 12, -22
4554.2, 12, -22
4554.3, 12, -22
4554.4, 12, -22
4554.5, 12, -22
4554.6, 12, -22
4554.7, 13, -22
4554.8, 13, -22
4554.9, 13, -22
4555, 13, -22
4555.1, 13, -22
4555.2, 13, -22
4555.3, 13, -22
4555.4, 13, -22
4555.5, 13, -22
4555.6, 13, -22
4555.7, 13, -22
4555.8, 13, -22
4555.9, 13, -21
4556, 13, -21
4556.1, 13, -22
4556.2, 13, -22
4556.3, 13, -22
4556.4, 13, -22
4556.5, 13, -22
4556.6, 13, -22
4556.7, 13, -22
4556.8, 13, -22
4556.9, 13, -22
4557, 13, -22
4557.1, 13, -22
4557.2, 13, -22
4557.3, 13, -22
4557.4, 13, -22
4557.5, 13, -22
4557.6, 13, -22
4557.7, 13, -22
4557.8, 13, -22
4557.9, 13, -22
4558, 13, -22
4558.1, 13, -22
4558.2, 13, -22
4558.3, 13, -22
4558.4, 13, -22
4558.5, 13, -22
4558.6, 13, -22
4558.7, 13, -22
4558.8, 13, -22
4558.9, 14, -22
4559, 14, -22
4559.1, 14, -22
4559.2, 14, -22
4559.3, 14, -22
4559.4, 14, -22
4559.5, 14, -22
4559.6, 14, -22
4559.7, 14, -22
4559.8, 14, -22
4559.9, 14, -22
4560, 14, -22
4560.1, 14, -22
4560.2, 14, -22
4560.3, 14, -22
4560.4, 14, -22
4560.5, 14, -22
4560.6, 14, -22
4560.7, 14, -22
4560.8, 14, -22
4560.9, 14, -22
4561, 14, -22
4561.1, 14, -22
4561.2, 14, -22
4561.3, 14, -22
4561.4, 14, -22
4561.5, 14, -22
4561.6, 14, -22
4561.7, 14, -22
4561.8, 14, -22
4561.9, 14, -22
4562, 14, -22
4562.1, 14, -22
4562.2, 14, -22
4562.3, 14, -22
4562.4, 14, -22
4562.5, 14, -22
4562.6, 14, -22
4562.7, 14, -22
4562.8, 14, -22
4562.9, 14, -22
4563, 14, -22
4563.1, 14, -22
4563.2, 14, -22
4563.3, 14, -22
4563.4, 14, -22
4563.5, 14, -22
4563.6, 14, -22
4563.7, 14, -22
4563.8, 14, -22
4563.9, 14, -21
4564, 14, -21
4564.1, 14, -21
4564.2, 14, -21
4564.3, 14, -21
4564.4, 14, -21
4564.5, 14, -21
4564.6, 14, -21
4564.7, 15, -21
4564.8, 15, -21
4564.9, 15, -21
4565, 15, -21
4565.1, 15, -21
4565.2, 15, -21
4565.3, 15, -21
4565.4, 15, -21
4565.5, 15, -21
4565.6, 15, -21
4565.7, 15, -21
4565.8, 15, -21
4565.9, 15, -21
4566, 15, -21
4566.1, 15, -21
4566.2, 15, -21
4566.3, 15, -21
4566.4, 15, -21
4566.5, 15, -21
4566.6, 15, -21
4566.7, 15, -21
4566.8, 15, -21
4566.9, 15, -21
4567, 15, -21
4567.1, 15, -21
4567.2, 15, -21
4567.3, 15, -20
4567.4, 15, -20
4567.5, 15, -20
4567.6, 15, -20
4567.7, 14, -20
4567.8, 14, -20
4567.9, 14, -20
4568, 14, -20
4568.1, 14, -20
4568.2, 14, -20
4568.3, 14, -20
4568.4, 14, -20
4568.5, 14, -20
4568.6, 14, -20
4568.7, 14, -20
4568.8, 14, -20
4568.9, 14, -20
4569, 14, -20
4569.1, 14, -20
4569.2, 14, -20
4569.3, 14, -20
4569.4, 14, -20
4569.5, 14, -20
4569.6, 14, -20
4569.7, 14, -21
4569.8, 14, -21
4569.9, 14, -21
4570, 14, -21
4570.1, 14, -21
4570.2, 14, -21
4570.3, 14, -21
4570.4, 14, -21
4570.5, 14, -21
4570.6, 14, -21
4570.7, 14, -20
4570.8, 14, -20
4570.9, 14, -20
4571, 14, -20
4571.1, 14, -20
4571.2, 14, -20
4571.3, 14, -20
4571.4, 14, -20
4571.5, 14, -20
4571.6, 14, -20
4571.7, 14, -20
4571.8, 14, -20
4571.9, 14, -20
4572, 14, -20
4572.1, 14, -20
4572.2, 14, -20
4572.3, 14, -20
4572.4, 14, -20
4572.5, 14, -20
4572.6, 14, -20
4572.7, 14, -20
4572.8, 14, -20
4572.9, 14, -20
4573, 14, -20
4573.1, 14, -20
4573.2, 14, -20
4573.3, 14, -20
4573.4, 14, -20
4573.5, 14, -20
4573.6, 14, -20
4573.7, 14, -20
4573.8, 14, -20
4573.9, 14, -20
4574, 14, -20
4574.1, 14, -20
4574.2, 14, -20
4574.3, 14, -20
4574.4, 14, -20
4574.5, 15, -20
4574.6, 15, -20
4574.7, 15, -20
4574.8, 15, -20
4574.9, 15, -20
4575, 15, -20
4575.1, 15, -20
4575.2, 15, -20
4575.3, 15, -20
4575.4, 15, -20
4575.5, 15, -21
4575.6, 15, -21
4575.7, 16, -21
4575.8, 16, -21
4575.9, 16, -21
4576, 16, -21
4576.1, 16, -21
4576.2, 16, -21
4576.3, 16, -21
4576.4, 16, -21
4576.5, 16, -21
4576.6, 16, -21
4576.7, 16, -21
4576.8, 16, -21
4576.9, 16, -21
4577, 16, -21
4577.1, 16, -21
4577.2, 16, -21
4577.3, 16, -21
4577.4, 16, -21
4577.5, 16, -21
4577.6, 16, -21
4577.7, 16, -21
4577.8, 16, -21
4577.9, 16, -21
4578, 16, -21
4578.1, 16, -21
4578.2, 16, -21
4578.3, 16, -21
4578.4, 16, -21
4578.5, 16, -21
4578.6, 16, -21
4578.7, 16, -21
4578.8, 16, -21
4578.9, 16, -21
4579, 16, -21
4579.1, 16, -21
4579.2, 16, -21
4579.3, 16, -21
4579.4, 16, -21
4579.5, 16, -21
4579.6, 16, -21
4579.7, 16, -21
4579.8, 16, -21
4579.9, 16, -21
4580, 16, -21
4580.1, 16, -21
4580.2, 16, -21
4580.3, 16, -21
4580.4, 16, -21
4580.5, 16, -20
4580.6, 16, -20
4580.7, 16, -20
4580.8, 16, -20
4580.9, 16, -20
4581, 16, -20
4581.1, 16, -20
4581.2, 16, -20
4581.3, 17, -20
4581.4, 17, -20
4581.5, 17, -20
4581.6, 17, -20
4581.7, 17, -20
4581.8, 17, -20
4581.9, 17, -20
4582, 17, -20
4582.1, 17, -20
4582.2, 17, -20
4582.3, 17, -20
4582.4, 17, -20
4582.5, 17, -20
4582.6, 17, -20
4582.7, 17, -20
4582.8, 17, -20
4582.9, 17, -20
4583, 17, -20
4583.1, 17, -20
4583.2, 17, -20
4583.3, 18, -20
4583.4, 18, -20
4583.5, 18, -20
4583.6, 18, -20
4583.7, 18, -20
4583.8, 18, -20
4583.9, 18, -20
4584, 18, -20
4584.1, 18, -20
4584.2, 18, -20
4584.3, 18, -20
4584.4, 18, -20
4584.5, 18, -20
4584.6, 18, -20
4584.7, 18, -20
4584.8, 18, -20
4584.9, 18, -20
4585, 18, -20
4585.1, 18, -20
4585.2, 18, -20
4585.3, 18, -20
4585.4, 18, -20
4585.5, 18, -20
4585.6, 18, -20
4585.7, 18, -20
4585.8, 18, -20
4585.9, 18, -20
4586, 18, -20
4586.1, 18, -20
4586.2, 18, -20
4586.3, 18, -20
4586.4, 18, -20
4586.5, 18, -20
4586.6, 18, -20
4586.7, 18, -20
4586.8, 18, -20
4586.9, 18, -20
4587, 18, -20
4587.1, 19, -20
4587.2, 19, -20
4587.3, 18, -20
4587.4, 18, -20
4587.5, 18, -20
4587.6, 18, -20
4587.7, 18, -20
4587.8, 18, -20
4587.9, 18, -20
4588, 18, -20
4588.1, 18, -20
4588.2, 18, -20
4588.3, 18, -20
4588.4, 18, -20
4588.5, 18, -20
4588.6, 18, -20
4588.7, 18, -20
4588.8, 18, -20
4588.9, 17, -20
4589, 17, -20
4589.1, 17, -20
4589.2, 17, -20
4589.3, 17, -20
4589.4, 17, -20
4589.5, 17, -20
4589.6, 17, -20
4589.7, 17, -20
4589.8, 17, -20
4589.9, 17, -20
4590, 17, -20
4590.1, 17, -20
4590.2, 17, -20
4590.3, 18, -20
4590.4, 18, -20
4590.5, 18, -20
4590.6, 18, -20
4590.7, 18, -20
4590.8, 18, -20
4590.9, 18, -20
4591, 18, -20
4591.1, 18, -20
4591.2, 18, -20
4591.3, 18, -20
4591.4, 18, -20
4591.5, 18, -20
4591.6, 18, -20
4591.7, 18, -20
4591.8, 18, -20
4591.9, 18, -20
4592, 18, -20
4592.1, 18, -20
4592.2, 18, -20
4592.3, 18, -20
4592.4, 18, -20
4592.5, 18, -20
4592.6, 18, -20
4592.7, 18, -20
4592.8, 18, -20
4592.9, 18, -20
4593, 18, -20
4593.1, 18, -20
4593.2, 18, -20
4593.3, 18, -20
4593.4, 18, -20
4593.5, 18, -20
4593.6, 18, -20
4593.7, 17, -20
4593.8, 17, -20
4593.9, 17, -20
4594, 17, -20
4594.1, 17, -20
4594.2, 17, -20
4594.3, 17, -20
4594.4, 17, -20
4594.5, 17, -20
4594.6, 17, -20
4594.7, 17, -20
4594.8, 17, -20
4594.9, 16, -20
4595, 16, -20
4595.1, 16, -20
4595.2, 16, -20
4595.3, 16, -20
4595.4, 16, -20
4595.5, 16, -20
4595.6, 16, -20
4595.7, 16, -20
4595.8, 16, -20
4595.9, 15, -20
4596, 15, -20
4596.1, 15, -20
4596.2, 15, -20
4596.3, 15, -20
4596.4, 15, -20
4596.5, 15, -20
4596.6, 15, -20
4596.7, 15, -20
4596.8, 15, -20
4596.9, 15, -20
4597, 15, -20
4597.1, 15, -20
4597.2, 15, -20
4597.3, 15, -20
4597.4, 15, -20
4597.5, 15, -20
4597.6, 15, -20
4597.7, 15, -20
4597.8, 15, -20
4597.9, 15, -20
4598, 15, -20
4598.1, 15, -20
4598.2, 15, -20
4598.3, 15, -20
4598.4, 15, -20
4598.5, 15, -20
4598.6, 15, -20
4598.7, 15, -20
4598.8, 15, -20
4598.9, 15, -19
4599, 15, -19
4599.1, 15, -19
4599.2, 15, -19
4599.3, 15, -18
4599.4, 15, -18
4599.5, 15, -18
4599.6, 15, -18
4599.7, 15, -18
4599.8, 15, -18
4599.9, 15, -18
4600, 15, -18
4600.1, 15, -19
4600.2, 15, -19
4600.3, 15, -19
4600.4, 15, -19
4600.5, 15, -19
4600.6, 15, -19
4600.7, 15, -19
4600.8, 15, -19
4600.9, 15, -19
4601, 15, -19
4601.1, 15, -19
4601.2, 15, -19
4601.3, 15, -19
4601.4, 15, -19
4601.5, 15, -19
4601.6, 15, -19
4601.7, 15, -19
4601.8, 15, -19
4601.9, 14, -19
4602, 14, -19
4602.1, 14, -18
4602.2, 14, -18
4602.3, 14, -18
4602.4, 14, -18
4602.5, 14, -18
4602.6, 14, -18
4602.7, 14, -19
4602.8, 14, -19
4602.9, 14, -19
4603, 14, -19
4603.1, 14, -19
4603.2, 14, -19
4603.3, 14, -19
4603.4, 14, -19
4603.5, 14, -19
4603.6, 14, -19
4603.7, 14, -19
4603.8, 14, -19
4603.9, 14, -19
4604, 14, -19
4604.1, 14, -19
4604.2, 14, -19
4604.3, 14, -19
4604.4, 14, -19
4604.5, 14, -19
4604.6, 14, -19
4604.7, 14, -19
4604.8, 14, -19
4604.9, 14, -19
4605, 14, -19
4605.1, 14, -19
4605.2, 14, -19
4605.3, 14, -19
4605.4, 14, -19
4605.5, 14, -19
4605.6, 14, -19
4605.7, 14, -19
4605.8, 14, -19
4605.9, 14, -19
4606, 14, -19
4606.1, 14, -19
4606.2, 14, -19
4606.3, 13, -19
4606.4, 13, -19
4606.5, 13, -19
4606.6, 13, -19
4606.7, 13, -19
4606.8, 13, -19
4606.9, 13, -19
4607, 13, -19
4607.1, 13, -19
4607.2, 13, -19
4607.3, 13, -19
4607.4, 13, -19
4607.5, 13, -19
4607.6, 13, -19
4607.7, 13, -19
4607.8, 13, -19
4607.9, 13, -19
4608, 13, -19
4608.1, 13, -19
4608.2, 13, -19
4608.3, 13, -19
4608.4, 13, -19
4608.5, 13, -19
4608.6, 13, -19
4608.7, 13, -19
4608.8, 13, -19
4608.9, 13, -19
4609, 13, -19
4609.1, 13, -19
4609.2, 13, -19
4609.3, 13, -19
4609.4, 13, -19
4609.5, 13, -19
4609.6, 13, -19
4609.7, 12, -19
4609.8, 12, -19
4609.9, 12, -19
4610, 12, -19
4610.1, 12, -19
4610.2, 12, -19
4610.3, 12, -20
4610.4, 12, -20
4610.5, 12, -20
4610.6, 12, -20
4610.7, 12, -20
4610.8, 12, -20
4610.9, 12, -20
4611, 12, -20
4611.1, 12, -20
4611.2, 12, -20
4611.3, 12, -19
4611.4, 12, -19
4611.5, 12, -19
4611.6, 12, -19
4611.7, 12, -19
4611.8, 12, -19
4611.9, 12, -19
4612, 12, -19
4612.1, 12, -19
4612.2, 12, -19
4612.3, 12, -19
4612.4, 12, -19
4612.5, 12, -19
4612.6, 12, -19
4612.7, 12, -19
4612.8, 12, -19
4612.9, 12, -19
4613, 12, -19
4613.1, 12, -19
4613.2, 12, -19
4613.3, 12, -19
4613.4, 12, -19
4613.5, 12, -19
4613.6, 12, -19
4613.7, 12, -19
4613.8, 12, -19
4613.9, 12, -19
4614, 12, -19
4614.1, 12, -19
4614.2, 12, -19
4614.3, 12, -19
4614.4, 12, -19
4614.5, 12, -19
4614.6, 12, -19
4614.7, 12, -19
4614.8, 12, -19
4614.9, 12, -19
4615, 12, -19
4615.1, 12, -19
4615.2, 12, -19
4615.3, 12, -19
4615.4, 12, -19
4615.5, 12, -19
4615.6, 12, -19
4615.7, 12, -19
4615.8, 12, -19
4615.9, 12, -19
4616, 12, -19
4616.1, 12, -19
4616.2, 12, -19
4616.3, 12, -20
4616.4, 12, -20
4616.5, 12, -20
4616.6, 12, -20
4616.7, 12, -20
4616.8, 12, -20
4616.9, 12, -20
4617, 12, -20
4617.1, 12, -20
4617.2, 12, -20
4617.3, 12, -20
4617.4, 12, -20
4617.5, 12, -20
4617.6, 12, -20
4617.7, 12, -20
4617.8, 12, -20
4617.9, 12, -20
4618, 12, -20
4618.1, 12, -20
4618.2, 12, -20
4618.3, 12, -20
4618.4, 12, -20
4618.5, 13, -20
4618.6, 13, -20
4618.7, 13, -20
4618.8, 13, -20
4618.9, 13, -20
4619, 13, -20
4619.1, 13, -20
4619.2, 13, -20
4619.3, 12, -20
4619.4, 12, -20
4619.5, 12, -21
4619.6, 12, -21
4619.7, 12, -21
4619.8, 12, -21
4619.9, 12, -21
4620, 12, -21
4620.1, 12, -21
4620.2, 12, -21
4620.3, 12, -21
4620.4, 12, -21
4620.5, 12, -22
4620.6, 12, -22
4620.7, 12, -22
4620.8, 12, -22
4620.9, 12, -22
4621, 12, -22
4621.1, 12, -22
4621.2, 12, -22
4621.3, 12, -22
4621.4, 12, -22
4621.5, 12, -22
4621.6, 12, -22
4621.7, 12, -22
4621.8, 12, -22
4621.9, 12, -22
4622, 12, -22
4622.1, 12, -22
4622.2, 12, -22
4622.3, 12, -22
4622.4, 12, -22
4622.5, 12, -22
4622.6, 12, -22
4622.7, 12, -22
4622.8, 12, -22
4622.9, 12, -22
4623, 12, -22
4623.1, 12, -22
4623.2, 12, -22
4623.3, 12, -22
4623.4, 12, -22
4623.5, 12, -22
4623.6, 12, -22
4623.7, 12, -22
4623.8, 12, -22
4623.9, 12, -22
4624, 12, -22
4624.1, 12, -22
4624.2, 12, -22
4624.3, 12, -22
4624.4, 12, -22
4624.5, 12, -21
4624.6, 12, -21
4624.7, 12, -21
4624.8, 12, -21
4624.9, 12, -21
4625, 12, -21
4625.1, 12, -21
4625.2, 12, -21
4625.3, 12, -21
4625.4, 12, -21
4625.5, 12, -21
4625.6, 12, -21
4625.7, 12, -22
4625.8, 12, -22
4625.9, 12, -22
4626, 12, -22
4626.1, 12, -22
4626.2, 12, -22
4626.3, 12, -22
4626.4, 12, -22
4626.5, 12, -22
4626.6, 12, -22
4626.7, 12, -22
4626.8, 12, -22
4626.9, 12, -22
4627, 12, -22
4627.1, 12, -22
4627.2, 12, -22
4627.3, 12, -22
4627.4, 12, -22
4627.5, 12, -22
4627.6, 12, -22
4627.7, 12, -22
4627.8, 12, -22
4627.9, 12, -22
4628, 12, -22
4628.1, 12, -22
4628.2, 12, -22
4628.3, 12, -22
4628.4, 12, -22
4628.5, 12, -22
4628.6, 12, -22
4628.7, 12, -22
4628.8, 12, -22
4628.9, 12, -22
4629, 12, -22
4629.1, 12, -22
4629.2, 12, -22
4629.3, 12, -22
4629.4, 12, -22
4629.5, 12, -22
4629.6, 12, -22
4629.7, 12, -22
4629.8, 12, -22
4629.9, 12, -22
4630, 12, -22
4630.1, 12, -22
4630.2, 12, -22
4630.3, 12, -22
4630.4, 12, -22
4630.5, 12, -22
4630.6, 12, -22
4630.7, 12, -22
4630.8, 12, -22
4630.9, 12, -22
4631, 12, -22
4631.1, 12, -22
4631.2, 12, -22
4631.3, 12, -22
4631.4, 12, -22
4631.5, 12, -22
4631.6, 12, -22
4631.7, 12, -22
4631.8, 12, -22
4631.9, 12, -22
4632, 12, -22
4632.1, 12, -22
4632.2, 12, -22
4632.3, 12, -22
4632.4, 12, -22
4632.5, 11, -22
4632.6, 11, -22
4632.7, 11, -22
4632.8, 11, -22
4632.9, 11, -22
4633, 11, -22
4633.1, 11, -21
4633.2, 11, -21
4633.3, 11, -21
4633.4, 11, -21
4633.5, 11, -21
4633.6, 11, -21
4633.7, 11, -21
4633.8, 11, -21
4633.9, 11, -21
4634, 11, -21
4634.1, 11, -21
4634.2, 11, -21
4634.3, 11, -21
4634.4, 11, -21
4634.5, 10, -21
4634.6, 10, -21
4634.7, 10, -21
4634.8, 10, -21
4634.9, 10, -21
4635, 10, -21
4635.1, 10, -21
4635.2, 10, -21
4635.3, 10, -21
4635.4, 10, -21
4635.5, 10, -21
4635.6, 10, -21
4635.7, 10, -21
4635.8, 10, -21
4635.9, 10, -21
4636, 10, -21
4636.1, 10, -21
4636.2, 10, -21
4636.3, 10, -21
4636.4, 10, -21
4636.5, 10, -21
4636.6, 10, -21
4636.7, 10, -21
4636.8, 10, -21
4636.9, 11, -21
4637, 11, -21
4637.1, 11, -21
4637.2, 11, -21
4637.3, 11, -21
4637.4, 11, -21
4637.5, 11, -21
4637.6, 11, -21
4637.7, 10, -21
4637.8, 10, -21
4637.9, 10, -21
4638, 10, -21
4638.1, 10, -21
4638.2, 10, -21
4638.3, 10, -21
4638.4, 10, -21
4638.5, 10, -21
4638.6, 10, -21
4638.7, 10, -21
4638.8, 10, -21
4638.9, 10, -21
4639, 10, -21
4639.1, 10, -21
4639.2, 10, -21
4639.3, 10, -21
4639.4, 10, -21
4639.5, 10, -21
4639.6, 10, -21
4639.7, 10, -21
4639.8, 10, -21
4639.9, 10, -21
4640, 10, -21
4640.1, 10, -21
4640.2, 10, -21
4640.3, 10, -21
4640.4, 10, -21
4640.5, 10, -21
4640.6, 10, -21
4640.7, 10, -21
4640.8, 10, -21
4640.9, 10, -21
4641, 10, -21
4641.1, 10, -21
4641.2, 10, -21
4641.3, 10, -22
4641.4, 10, -22
4641.5, 10, -22
4641.6, 10, -22
4641.7, 10, -22
4641.8, 10, -22
4641.9, 10, -22
4642, 10, -22
4642.1, 9, -22
4642.2, 9, -22
4642.3, 9, -22
4642.4, 9, -22
4642.5, 9, -22
4642.6, 9, -22
4642.7, 10, -22
4642.8, 10, -22
4642.9, 10, -22
4643, 10, -22
4643.1, 10, -22
4643.2, 10, -22
4643.3, 10, -23
4643.4, 10, -23
4643.5, 10, -23
4643.6, 10, -23
4643.7, 10, -23
4643.8, 10, -23
4643.9, 10, -23
4644, 10, -23
4644.1, 10, -23
4644.2, 10, -23
4644.3, 10, -23
4644.4, 10, -23
4644.5, 10, -23
4644.6, 10, -23
4644.7, 10, -23
4644.8, 10, -23
4644.9, 10, -24
4645, 10, -24
4645.1, 10, -24
4645.2, 10, -24
4645.3, 10, -24
4645.4, 10, -24
4645.5, 10, -24
4645.6, 10, -24
4645.7, 10, -24
4645.8, 10, -24
4645.9, 10, -24
4646, 10, -24
4646.1, 10, -24
4646.2, 10, -24
4646.3, 10, -24
4646.4, 10, -24
4646.5, 10, -24
4646.6, 10, -24
4646.7, 11, -24
4646.8, 11, -24
4646.9, 11, -25
4647, 11, -25
4647.1, 11, -25
4647.2, 11, -25
4647.3, 11, -25
4647.4, 11, -25
4647.5, 11, -25
4647.6, 11, -25
4647.7, 11, -25
4647.8, 11, -25
4647.9, 11, -25
4648, 11, -25
4648.1, 12, -25
4648.2, 12, -25
4648.3, 12, -25
4648.4, 12, -25
4648.5, 12, -25
4648.6, 12, -25
4648.7, 12, -25
4648.8, 12, -25
4648.9, 12, -25
4649, 12, -25
4649.1, 12, -25
4649.2, 12, -25
4649.3, 12, -25
4649.4, 12, -25
4649.5, 12, -25
4649.6, 12, -25
4649.7, 12, -25
4649.8, 12, -25
4649.9, 12, -25
4650, 12, -25
4650.1, 12, -25
4650.2, 12, -25
4650.3, 12, -25
4650.4, 12, -25
4650.5, 12, -25
4650.6, 12, -25
4650.7, 12, -25
4650.8, 12, -25
4650.9, 12, -25
4651, 12, -25
4651.1, 12, -25
4651.2, 12, -25
4651.3, 12, -25
4651.4, 12, -25
4651.5, 12, -25
4651.6, 12, -25
4651.7, 12, -25
4651.8, 12, -25
4651.9, 12, -25
4652, 12, -25
4652.1, 12, -25
4652.2, 12, -25
4652.3, 12, -26
4652.4, 12, -26
4652.5, 12, -26
4652.6, 12, -26
4652.7, 12, -26
4652.8, 12, -26
4652.9, 12, -26
4653, 12, -26
4653.1, 12, -26
4653.2, 12, -26
4653.3, 12, -25
4653.4, 12, -25
4653.5, 12, -25
4653.6, 12, -25
4653.7, 12, -25
4653.8, 12, -25
4653.9, 12, -25
4654, 12, -25
4654.1, 12, -25
4654.2, 12, -25
4654.3, 12, -25
4654.4, 12, -25
4654.5, 12, -25
4654.6, 12, -25
4654.7, 12, -25
4654.8, 12, -25
4654.9, 12, -25
4655, 12, -25
4655.1, 12, -25
4655.2, 12, -25
4655.3, 12, -25
4655.4, 12, -25
4655.5, 12, -25
4655.6, 12, -25
4655.7, 12, -25
4655.8, 12, -25
4655.9, 12, -25
4656, 12, -25
4656.1, 12, -25
4656.2, 12, -25
4656.3, 13, -25
4656.4, 13, -25
4656.5, 13, -26
4656.6, 13, -26
4656.7, 13, -26
4656.8, 13, -26
4656.9, 13, -26
4657, 13, -26
4657.1, 13, -25
4657.2, 13, -25
4657.3, 13, -25
4657.4, 13, -25
4657.5, 13, -25
4657.6, 13, -25
4657.7, 13, -25
4657.8, 13, -25
4657.9, 13, -25
4658, 13, -25
4658.1, 13, -25
4658.2, 13, -25
4658.3, 13, -24
4658.4, 13, -24
4658.5, 13, -25
4658.6, 13, -25
4658.7, 13, -25
4658.8, 13, -25
4658.9, 13, -25
4659, 13, -25
4659.1, 12, -25
4659.2, 12, -25
4659.3, 12, -25
4659.4, 12, -25
4659.5, 12, -25
4659.6, 12, -25
4659.7, 12, -25
4659.8, 12, -25
4659.9, 12, -25
4660, 12, -25
4660.1, 12, -25
4660.2, 12, -25
4660.3, 12, -25
4660.4, 12, -25
4660.5, 12, -25
4660.6, 12, -25
4660.7, 12, -25
4660.8, 12, -25
4660.9, 12, -25
4661, 12, -25
4661.1, 12, -25
4661.2, 12, -25
4661.3, 12, -25
4661.4, 12, -25
4661.5, 12, -25
4661.6, 12, -25
4661.7, 12, -25
4661.8, 12, -25
4661.9, 11, -25
4662, 11, -25
4662.1, 11, -25
4662.2, 11, -25
4662.3, 11, -25
4662.4, 11, -25
4662.5, 11, -25
4662.6, 11, -25
4662.7, 11, -25
4662.8, 11, -25
4662.9, 11, -25
4663, 11, -25
4663.1, 11, -25
4663.2, 11, -25
4663.3, 11, -25
4663.4, 11, -25
4663.5, 11, -25
4663.6, 11, -25
4663.7, 11, -25
4663.8, 11, -25
4663.9, 11, -25
4664, 11, -25
4664.1, 11, -25
4664.2, 11, -25
4664.3, 11, -25
4664.4, 11, -25
4664.5, 11, -25
4664.6, 11, -25
4664.7, 12, -25
4664.8, 12, -25
4664.9, 12, -25
4665, 12, -25
4665.1, 12, -25
4665.2, 12, -25
4665.3, 12, -25
4665.4, 12, -25
4665.5, 13, -25
4665.6, 13, -25
4665.7, 13, -25
4665.8, 13, -25
4665.9, 13, -25
4666, 13, -25
4666.1, 13, -25
4666.2, 13, -25
4666.3, 13, -25
4666.4, 13, -25
4666.5, 13, -25
4666.6, 13, -25
4666.7, 13, -25
4666.8, 13, -25
4666.9, 13, -25
4667, 13, -25
4667.1, 13, -25
4667.2, 13, -25
4667.3, 13, -25
4667.4, 13, -25
4667.5, 13, -25
4667.6, 13, -25
4667.7, 13, -25
4667.8, 13, -25
4667.9, 13, -26
4668, 13, -26
4668.1, 13, -26
4668.2, 13, -26
4668.3, 13, -26
4668.4, 13, -26
4668.5, 13, -26
4668.6, 13, -26
4668.7, 13, -26
4668.8, 13, -26
4668.9, 12, -26
4669, 12, -26
4669.1, 13, -26
4669.2, 13, -26
4669.3, 13, -26
4669.4, 13, -26
4669.5, 13, -26
4669.6, 13, -26
4669.7, 13, -26
4669.8, 13, -26
4669.9, 13, -26
4670, 13, -26
4670.1, 13, -26
4670.2, 13, -26
4670.3, 13, -26
4670.4, 13, -26
4670.5, 13, -26
4670.6, 13, -26
4670.7, 13, -26
4670.8, 13, -26
4670.9, 14, -26
4671, 14, -26
4671.1, 14, -26
4671.2, 14, -26
4671.3, 14, -26
4671.4, 14, -26
4671.5, 14, -26
4671.6, 14, -26
4671.7, 14, -26
4671.8, 14, -26
4671.9, 14, -26
4672, 14, -26
4672.1, 15, -26
4672.2, 15, -26
4672.3, 14, -26
4672.4, 14, -26
4672.5, 14, -26
4672.6, 14, -26
4672.7, 14, -26
4672.8, 14, -26
4672.9, 14, -26
4673, 14, -26
4673.1, 14, -26
4673.2, 14, -26
4673.3, 14, -26
4673.4, 14, -26
4673.5, 14, -26
4673.6, 14, -26
4673.7, 14, -26
4673.8, 14, -26
4673.9, 14, -26
4674, 14, -26
4674.1, 14, -26
4674.2, 14, -26
4674.3, 14, -26
4674.4, 14, -26
4674.5, 14, -26
4674.6, 14, -26
4674.7, 14, -25
4674.8, 14, -25
4674.9, 14, -25
4675, 14, -25
4675.1, 14, -25
4675.2, 14, -25
4675.3, 14, -25
4675.4, 14, -25
4675.5, 14, -25
4675.6, 14, -25
4675.7, 13, -25
4675.8, 13, -25
4675.9, 13, -25
4676, 13, -25
4676.1, 13, -25
4676.2, 13, -25
4676.3, 13, -25
4676.4, 13, -25
4676.5, 13, -26
4676.6, 13, -26
4676.7, 13, -26
4676.8, 13, -26
4676.9, 14, -26
4677, 14, -26
4677.1, 14, -26
4677.2, 14, -26
4677.3, 14, -26
4677.4, 14, -26
4677.5, 14, -26
4677.6, 14, -26
4677.7, 14, -26
4677.8, 14, -26
4677.9, 14, -26
4678, 14, -26
4678.1, 14, -26
4678.2, 14, -26
4678.3, 14, -26
4678.4, 14, -26
4678.5, 14, -26
4678.6, 14, -26
4678.7, 14, -26
4678.8, 14, -26
4678.9, 14, -27
4679, 14, -27
4679.1, 14, -27
4679.2, 14, -27
4679.3, 14, -27
4679.4, 14, -27
4679.5, 14, -27
4679.6, 14, -27
4679.7, 14, -27
4679.8, 14, -27
4679.9, 14, -27
4680, 14, -27
4680.1, 14, -27
4680.2, 14, -27
4680.3, 14, -27
4680.4, 14, -27
4680.5, 14, -27
4680.6, 14, -27
4680.7, 14, -27
4680.8, 14, -27
4680.9, 14, -27
4681, 14, -27
4681.1, 14, -27
4681.2, 14, -27
4681.3, 14, -27
4681.4, 14, -27
4681.5, 14, -27
4681.6, 14, -27
4681.7, 14, -27
4681.8, 14, -27
4681.9, 14, -26
4682, 14, -26
4682.1, 14, -26
4682.2, 14, -26
4682.3, 14, -26
4682.4, 14, -26
4682.5, 14, -26
4682.6, 14, -26
4682.7, 14, -26
4682.8, 14, -26
4682.9, 14, -26
4683, 14, -26
4683.1, 14, -26
4683.2, 14, -26
4683.3, 14, -26
4683.4, 14, -26
4683.5, 14, -26
4683.6, 14, -26
4683.7, 14, -26
4683.8, 14, -26
4683.9, 14, -26
4684, 14, -26
4684.1, 14, -26
4684.2, 14, -26
4684.3, 14, -26
4684.4, 14, -26
4684.5, 14, -26
4684.6, 14, -26
4684.7, 14, -26
4684.8, 14, -26
4684.9, 14, -26
4685, 14, -26
4685.1, 14, -26
4685.2, 14, -26
4685.3, 14, -26
4685.4, 14, -26
4685.5, 14, -26
4685.6, 14, -26
4685.7, 14, -27
4685.8, 14, -27
4685.9, 14, -27
4686, 14, -27
4686.1, 14, -27
4686.2, 14, -27
4686.3, 14, -27
4686.4, 14, -27
4686.5, 14, -27
4686.6, 14, -27
4686.7, 14, -27
4686.8, 14, -27
4686.9, 14, -27
4687, 14, -27
4687.1, 14, -27
4687.2, 14, -27
4687.3, 14, -27
4687.4, 14, -27
4687.5, 14, -27
4687.6, 14, -27
4687.7, 14, -27
4687.8, 14, -27
4687.9, 14, -27
4688, 14, -27
4688.1, 14, -27
4688.2, 14, -27
4688.3, 14, -27
4688.4, 14, -27
4688.5, 14, -27
4688.6, 14, -27
4688.7, 14, -27
4688.8, 14, -27
4688.9, 14, -27
4689, 14, -27
4689.1, 14, -27
4689.2, 14, -27
4689.3, 14, -27
4689.4, 14, -27
4689.5, 14, -27
4689.6, 14, -27
4689.7, 14, -27
4689.8, 14, -27
4689.9, 14, -28
4690, 14, -28
4690.1, 14, -28
4690.2, 14, -28
4690.3, 14, -28
4690.4, 14, -28
4690.5, 14, -28
4690.6, 14, -28
4690.7, 14, -28
4690.8, 14, -28
4690.9, 14, -28
4691, 14, -28
4691.1, 14, -28
4691.2, 14, -28
4691.3, 14, -28
4691.4, 14, -28
4691.5, 14, -28
4691.6, 14, -28
4691.7, 14, -28
4691.8, 14, -28
4691.9, 14, -28
4692, 14, -28
4692.1, 14, -28
4692.2, 14, -28
4692.3, 14, -29
4692.4, 14, -29
4692.5, 14, -29
4692.6, 14, -29
4692.7, 14, -29
4692.8, 14, -29
4692.9, 14, -29
4693, 14, -29
4693.1, 14, -29
4693.2, 14, -29
4693.3, 14, -29
4693.4, 14, -29
4693.5, 14, -29
4693.6, 14, -29
4693.7, 14, -29
4693.8, 14, -29
4693.9, 14, -29
4694, 14, -29
4694.1, 14, -29
4694.2, 14, -29
4694.3, 14, -29
4694.4, 14, -29
4694.5, 14, -29
4694.6, 14, -29
4694.7, 14, -29
4694.8, 14, -29
4694.9, 14, -29
4695, 14, -29
4695.1, 14, -29
4695.2, 14, -29
4695.3, 14, -29
4695.4, 14, -29
4695.5, 14, -29
4695.6, 14, -29
4695.7, 14, -29
4695.8, 14, -29
4695.9, 14, -29
4696, 14, -29
4696.1, 14, -29
4696.2, 14, -29
4696.3, 14, -29
4696.4, 14, -29
4696.5, 14, -29
4696.6, 14, -29
4696.7, 13, -29
4696.8, 13, -29
4696.9, 13, -29
4697, 13, -29
4697.1, 13, -29
4697.2, 13, -29
4697.3, 13, -29
4697.4, 13, -29
4697.5, 13, -29
4697.6, 13, -29
4697.7, 13, -29
4697.8, 13, -29
4697.9, 13, -29
4698, 13, -29
4698.1, 13, -29
4698.2, 13, -29
4698.3, 13, -29
4698.4, 13, -29
4698.5, 13, -29
4698.6, 13, -29
4698.7, 13, -29
4698.8, 13, -29
4698.9, 13, -29
4699, 13, -29
4699.1, 13, -29
4699.2, 13, -29
4699.3, 13, -29
4699.4, 13, -29
4699.5, 13, -28
4699.6, 13, -28
4699.7, 13, -28
4699.8, 13, -28
4699.9, 13, -28
4700, 13, -28
4700.1, 13, -28
4700.2, 13, -28
4700.3, 13, -28
4700.4, 13, -28
4700.5, 13, -29
4700.6, 13, -29
4700.7, 14, -29
4700.8, 14, -29
4700.9, 14, -30
4701, 14, -30
4701.1, 14, -30
4701.2, 14, -30
4701.3, 14, -30
4701.4, 14, -30
4701.5, 14, -30
4701.6, 14, -30
4701.7, 14, -30
4701.8, 14, -30
4701.9, 14, -30
4702, 14, -30
4702.1, 14, -30
4702.2, 14, -30
4702.3, 14, -30
4702.4, 14, -30
4702.5, 14, -30
4702.6, 14, -30
4702.7, 14, -30
4702.8, 14, -30
4702.9, 14, -30
4703, 14, -30
4703.1, 14, -30
4703.2, 14, -30
4703.3, 14, -30
4703.4, 14, -30
4703.5, 14, -30
4703.6, 14, -30
4703.7, 14, -30
4703.8, 14, -30
4703.9, 14, -30
4704, 14, -30
4704.1, 14, -30
4704.2, 14, -30
4704.3, 14, -30
4704.4, 14, -30
4704.5, 14, -30
4704.6, 14, -30
4704.7, 14, -30
4704.8, 14, -30
4704.9, 14, -30
4705, 14, -30
4705.1, 14, -30
4705.2, 14, -30
4705.3, 14, -30
4705.4, 14, -30
4705.5, 14, -30
4705.6, 14, -30
4705.7, 14, -30
4705.8, 14, -30
4705.9, 14, -31
4706, 14, -31
4706.1, 14, -31
4706.2, 14, -31
4706.3, 14, -31
4706.4, 14, -31
4706.5, 14, -31
4706.6, 14, -31
4706.7, 14, -31
4706.8, 14, -31
4706.9, 14, -31
4707, 14, -31
4707.1, 14, -31
4707.2, 14, -31
4707.3, 14, -31
4707.4, 14, -31
4707.5, 14, -31
4707.6, 14, -31
4707.7, 13, -31
4707.8, 13, -31
4707.9, 13, -31
4708, 13, -31
4708.1, 13, -31
4708.2, 13, -31
4708.3, 13, -31
4708.4, 13, -31
4708.5, 13, -31
4708.6, 13, -31
4708.7, 13, -31
4708.8, 13, -31
4708.9, 13, -31
4709, 13, -31
4709.1, 13, -31
4709.2, 13, -31
4709.3, 13, -31
4709.4, 13, -31
4709.5, 13, -31
4709.6, 13, -31
4709.7, 13, -31
4709.8, 13, -31
4709.9, 13, -31
4710, 13, -31
4710.1, 13, -31
4710.2, 13, -31
4710.3, 13, -31
4710.4, 13, -31
4710.5, 13, -31
4710.6, 13, -31
4710.7, 13, -31
4710.8, 13, -31
4710.9, 13, -31
4711, 13, -31
4711.1, 13, -31
4711.2, 13, -31
4711.3, 13, -31
4711.4, 13, -31
4711.5, 13, -31
4711.6, 13, -31
4711.7, 13, -31
4711.8, 13, -31
4711.9, 13, -31
4712, 13, -31
4712.1, 13, -31
4712.2, 13, -31
4712.3, 13, -31
4712.4, 13, -31
4712.5, 13, -31
4712.6, 13, -31
4712.7, 13, -31
4712.8, 13, -31
4712.9, 13, -31
4713, 13, -31
4713.1, 13, -31
4713.2, 13, -31
4713.3, 13, -31
4713.4, 13, -31
4713.5, 13, -31
4713.6, 13, -31
4713.7, 13, -31
4713.8, 13, -31
4713.9, 13, -31
4714, 13, -31
4714.1, 13, -31
4714.2, 13, -31
4714.3, 13, -31
4714.4, 13, -31
4714.5, 13, -31
4714.6, 13, -31
4714.7, 13, -31
4714.8, 13, -31
4714.9, 13, -31
4715, 13, -31
4715.1, 13, -31
4715.2, 13, -31
4715.3, 13, -31
4715.4, 13, -31
4715.5, 13, -31
4715.6, 13, -31
4715.7, 13, -31
4715.8, 13, -31
4715.9, 13, -31
4716, 13, -31
4716.1, 13, -31
4716.2, 13, -31
4716.3, 13, -31
4716.4, 13, -31
4716.5, 13, -31
4716.6, 13, -31
4716.7, 13, -31
4716.8, 13, -31
4716.9, 13, -31
4717, 13, -31
4717.1, 13, -31
4717.2, 13, -31
4717.3, 13, -31
4717.4, 13, -31
4717.5, 13, -31
4717.6, 13, -31
4717.7, 13, -31
4717.8, 13, -31
4717.9, 13, -31
4718, 13, -31
4718.1, 13, -31
4718.2, 13, -31
4718.3, 13, -31
4718.4, 13, -31
4718.5, 13, -31
4718.6, 13, -31
4718.7, 13, -31
4718.8, 13, -31
4718.9, 13, -31
4719, 13, -31
4719.1, 13, -31
4719.2, 13, -31
4719.3, 13, -31
4719.4, 13, -31
4719.5, 13, -31
4719.6, 13, -31
4719.7, 13, -31
4719.8, 13, -31
4719.9, 13, -31
4720, 13, -31
4720.1, 13, -31
4720.2, 13, -31
4720.3, 13, -31
4720.4, 13, -31
4720.5, 13, -31
4720.6, 13, -31
4720.7, 13, -31
4720.8, 13, -31
4720.9, 13, -31
4721, 13, -31
4721.1, 13, -31
4721.2, 13, -31
4721.3, 13, -31
4721.4, 13, -31
4721.5, 13, -31
4721.6, 13, -31
4721.7, 13, -31
4721.8, 13, -31
4721.9, 13, -31
4722, 13, -31
4722.1, 13, -31
4722.2, 13, -31
4722.3, 13, -31
4722.4, 13, -31
4722.5, 13, -31
4722.6, 13, -31
4722.7, 13, -31
4722.8, 13, -31
4722.9, 13, -31
4723, 13, -31
4723.1, 13, -31
4723.2, 13, -31
4723.3, 13, -31
4723.4, 13, -31
4723.5, 13, -31
4723.6, 13, -31
4723.7, 13, -31
4723.8, 13, -31
4723.9, 13, -31
4724, 13, -31
4724.1, 13, -31
4724.2, 13, -31
4724.3, 12, -31
4724.4, 12, -31
4724.5, 12, -31
4724.6, 12, -31
4724.7, 12, -31
4724.8, 12, -31
4724.9, 12, -32
4725, 12, -32
4725.1, 12, -32
4725.2, 12, -32
4725.3, 12, -32
4725.4, 12, -32
4725.5, 12, -32
4725.6, 12, -32
4725.7, 12, -32
4725.8, 12, -32
4725.9, 12, -32
4726, 12, -32
4726.1, 12, -32
4726.2, 12, -32
4726.3, 12, -32
4726.4, 12, -32
4726.5, 12, -32
4726.6, 12, -32
4726.7, 12, -32
4726.8, 12, -32
4726.9, 12, -32
4727, 12, -32
4727.1, 12, -32
4727.2, 12, -32
4727.3, 12, -32
4727.4, 12, -32
4727.5, 12, -32
4727.6, 12, -32
4727.7, 12, -32
4727.8, 12, -32
4727.9, 12, -32
4728, 12, -32
4728.1, 12, -32
4728.2, 12, -32
4728.3, 12, -32
4728.4, 12, -32
4728.5, 12, -32
4728.6, 12, -32
4728.7, 12, -32
4728.8, 12, -32
4728.9, 12, -32
4729, 12, -32
4729.1, 12, -32
4729.2, 12, -32
4729.3, 12, -32
4729.4, 12, -32
4729.5, 12, -32
4729.6, 12, -32
4729.7, 12, -32
4729.8, 12, -32
4729.9, 12, -32
4730, 12, -32
4730.1, 12, -32
4730.2, 12, -32
4730.3, 12, -32
4730.4, 12, -32
4730.5, 12, -32
4730.6, 12, -32
4730.7, 12, -32
4730.8, 12, -32
4730.9, 12, -32
4731, 12, -32
4731.1, 12, -32
4731.2, 12, -32
4731.3, 12, -32
4731.4, 12, -32
4731.5, 12, -32
4731.6, 12, -32
4731.7, 12, -32
4731.8, 12, -32
4731.9, 12, -32
4732, 12, -32
4732.1, 12, -32
4732.2, 12, -32
4732.3, 12, -32
4732.4, 12, -32
4732.5, 12, -32
4732.6, 12, -32
4732.7, 12, -32
4732.8, 12, -32
4732.9, 12, -32
4733, 12, -32
4733.1, 12, -32
4733.2, 12, -32
4733.3, 12, -32
4733.4, 12, -32
4733.5, 12, -33
4733.6, 12, -33
4733.7, 12, -33
4733.8, 12, -33
4733.9, 12, -33
4734, 12, -33
4734.1, 12, -33
4734.2, 12, -33
4734.3, 12, -33
4734.4, 12, -33
4734.5, 13, -33
4734.6, 13, -33
4734.7, 13, -33
4734.8, 13, -33
4734.9, 13, -33
4735, 13, -33
4735.1, 13, -33
4735.2, 13, -33
4735.3, 13, -32
4735.4, 13, -32
4735.5, 13, -32
4735.6, 13, -32
4735.7, 13, -32
4735.8, 13, -32
4735.9, 13, -32
4736, 13, -32
4736.1, 13, -32
4736.2, 13, -32
4736.3, 13, -32
4736.4, 13, -32
4736.5, 13, -32
4736.6, 13, -32
4736.7, 13, -32
4736.8, 13, -32
4736.9, 13, -32
4737, 13, -32
4737.1, 13, -32
4737.2, 13, -32
4737.3, 13, -32
4737.4, 13, -32
4737.5, 13, -32
4737.6, 13, -32
4737.7, 13, -32
4737.8, 13, -32
4737.9, 13, -32
4738, 13, -32
4738.1, 13, -32
4738.2, 13, -32
4738.3, 13, -32
4738.4, 13, -32
4738.5, 13, -32
4738.6, 13, -32
4738.7, 13, -32
4738.8, 13, -32
4738.9, 13, -32
4739, 13, -32
4739.1, 13, -32
4739.2, 13, -32
4739.3, 13, -32
4739.4, 13, -32
4739.5, 13, -32
4739.6, 13, -32
4739.7, 13, -32
4739.8, 13, -32
4739.9, 13, -32
4740, 13, -32
4740.1, 13, -32
4740.2, 13, -32
4740.3, 13, -32
4740.4, 13, -32
4740.5, 13, -32
4740.6, 13, -32
4740.7, 13, -32
4740.8, 13, -32
4740.9, 13, -32
4741, 13, -32
4741.1, 13, -32
4741.2, 13, -32
4741.3, 12, -32
4741.4, 12, -32
4741.5, 12, -32
4741.6, 12, -32
4741.7, 12, -32
4741.8, 12, -32
4741.9, 12, -32
4742, 12, -32
4742.1, 12, -32
4742.2, 12, -32
4742.3, 12, -32
4742.4, 12, -32
4742.5, 12, -32
4742.6, 12, -32
4742.7, 12, -32
4742.8, 12, -32
4742.9, 12, -32
4743, 12, -32
4743.1, 12, -32
4743.2, 12, -32
4743.3, 12, -32
4743.4, 12, -32
4743.5, 12, -32
4743.6, 12, -32
4743.7, 12, -32
4743.8, 12, -32
4743.9, 12, -32
4744, 12, -32
4744.1, 12, -32
4744.2, 12, -32
4744.3, 12, -32
4744.4, 12, -32
4744.5, 12, -32
4744.6, 12, -32
4744.7, 12, -32
4744.8, 12, -32
4744.9, 12, -32
4745, 12, -32
4745.1, 12, -32
4745.2, 12, -32
4745.3, 12, -31
4745.4, 12, -31
4745.5, 12, -31
4745.6, 12, -31
4745.7, 12, -31
4745.8, 12, -31
4745.9, 12, -31
4746, 12, -31
4746.1, 12, -30
4746.2, 12, -30
4746.3, 12, -30
4746.4, 12, -30
4746.5, 12, -30
4746.6, 12, -30
4746.7, 12, -30
4746.8, 12, -30
4746.9, 12, -30
4747, 12, -30
4747.1, 12, -30
4747.2, 12, -30
4747.3, 13, -30
4747.4, 13, -30
4747.5, 13, -30
4747.6, 13, -30
4747.7, 13, -30
4747.8, 13, -30
4747.9, 13, -30
4748, 13, -30
4748.1, 13, -30
4748.2, 13, -30
4748.3, 13, -31
4748.4, 13, -31
4748.5, 13, -31
4748.6, 13, -31
4748.7, 13, -32
4748.8, 13, -32
4748.9, 13, -32
4749, 13, -32
4749.1, 13, -32
4749.2, 13, -32
4749.3, 13, -33
4749.4, 13, -33
4749.5, 13, -33
4749.6, 13, -33
4749.7, 13, -33
4749.8, 13, -33
4749.9, 13, -33
4750, 13, -33
4750.1, 13, -33
4750.2, 13, -33
4750.3, 13, -33
4750.4, 13, -33
4750.5, 13, -33
4750.6, 13, -33
4750.7, 13, -33
4750.8, 13, -33
4750.9, 13, -33
4751, 13, -33
4751.1, 13, -33
4751.2, 13, -33
4751.3, 13, -33
4751.4, 13, -33
4751.5, 13, -33
4751.6, 13, -33
4751.7, 13, -33
4751.8, 13, -33
4751.9, 13, -33
4752, 13, -33
4752.1, 13, -33
4752.2, 13, -33
4752.3, 13, -33
4752.4, 13, -33
4752.5, 13, -33
4752.6, 13, -33
4752.7, 13, -33
4752.8, 13, -33
4752.9, 13, -33
4753, 13, -33
4753.1, 13, -33
4753.2, 13, -33
4753.3, 13, -33
4753.4, 13, -33
4753.5, 13, -33
4753.6, 13, -33
4753.7, 12, -33
4753.8, 12, -33
4753.9, 12, -33
4754, 12, -33
4754.1, 12, -33
4754.2, 12, -33
4754.3, 12, -33
4754.4, 12, -33
4754.5, 12, -33
4754.6, 12, -33
4754.7, 12, -33
4754.8, 12, -33
4754.9, 12, -33
4755, 12, -33
4755.1, 12, -33
4755.2, 12, -33
4755.3, 12, -33
4755.4, 12, -33
4755.5, 12, -33
4755.6, 12, -33
4755.7, 12, -33
4755.8, 12, -33
4755.9, 12, -33
4756, 12, -33
4756.1, 12, -33
4756.2, 12, -33
4756.3, 12, -33
4756.4, 12, -33
4756.5, 12, -33
4756.6, 12, -33
4756.7, 12, -33
4756.8, 12, -33
4756.9, 12, -33
4757, 12, -33
4757.1, 12, -33
4757.2, 12, -33
4757.3, 11, -33
4757.4, 11, -33
4757.5, 11, -33
4757.6, 11, -33
4757.7, 11, -33
4757.8, 11, -33
4757.9, 11, -33
4758, 11, -33
4758.1, 11, -33
4758.2, 11, -33
4758.3, 11, -33
4758.4, 11, -33
4758.5, 11, -33
4758.6, 11, -33
4758.7, 11, -33
4758.8, 11, -33
4758.9, 12, -33
4759, 12, -33
4759.1, 12, -33
4759.2, 12, -33
4759.3, 12, -33
4759.4, 12, -33
4759.5, 12, -33
4759.6, 12, -33
4759.7, 12, -33
4759.8, 12, -33
4759.9, 12, -33
4760, 12, -33
4760.1, 12, -33
4760.2, 12, -33
4760.3, 12, -33
4760.4, 12, -33
4760.5, 13, -33
4760.6, 13, -33
4760.7, 13, -33
4760.8, 13, -33
4760.9, 13, -33
4761, 13, -33
4761.1, 13, -33
4761.2, 13, -33
4761.3, 13, -33
4761.4, 13, -33
4761.5, 13, -33
4761.6, 13, -33
4761.7, 13, -33
4761.8, 13, -33
4761.9, 13, -33
4762, 13, -33
4762.1, 13, -33
4762.2, 13, -33
4762.3, 14, -33
4762.4, 14, -33
4762.5, 14, -33
4762.6, 14, -33
4762.7, 14, -33
4762.8, 14, -33
4762.9, 14, -33
4763, 14, -33
4763.1, 14, -34
4763.2, 14, -34
4763.3, 14, -34
4763.4, 14, -34
4763.5, 14, -34
4763.6, 14, -34
4763.7, 14, -34
4763.8, 14, -34
4763.9, 14, -34
4764, 14, -34
4764.1, 14, -35
4764.2, 14, -35
4764.3, 14, -35
4764.4, 14, -35
4764.5, 14, -35
4764.6, 14, -35
4764.7, 14, -35
4764.8, 14, -35
4764.9, 14, -35
4765, 14, -35
4765.1, 14, -34
4765.2, 14, -34
4765.3, 14, -34
4765.4, 14, -34
4765.5, 14, -34
4765.6, 14, -34
4765.7, 14, -34
4765.8, 14, -34
4765.9, 14, -34
4766, 14, -34
4766.1, 15, -34
4766.2, 15, -34
4766.3, 15, -34
4766.4, 15, -34
4766.5, 15, -34
4766.6, 15, -34
4766.7, 15, -34
4766.8, 15, -34
4766.9, 15, -34
4767, 15, -34
4767.1, 15, -34
4767.2, 15, -34
4767.3, 16, -34
4767.4, 16, -34
4767.5, 16, -34
4767.6, 16, -34
4767.7, 16, -34
4767.8, 16, -34
4767.9, 16, -34
4768, 16, -34
4768.1, 16, -34
4768.2, 16, -34
4768.3, 15, -34
4768.4, 15, -34
4768.5, 15, -34
4768.6, 15, -34
4768.7, 15, -34
4768.8, 15, -34
4768.9, 15, -34
4769, 15, -34
4769.1, 15, -34
4769.2, 15, -34
4769.3, 15, -34
4769.4, 15, -34
4769.5, 15, -33
4769.6, 15, -33
4769.7, 15, -33
4769.8, 15, -33
4769.9, 15, -33
4770, 15, -33
4770.1, 15, -33
4770.2, 15, -33
4770.3, 15, -33
4770.4, 15, -33
4770.5, 14, -33
4770.6, 14, -33
4770.7, 14, -33
4770.8, 14, -33
4770.9, 13, -33
4771, 13, -33
4771.1, 13, -34
4771.2, 13, -34
4771.3, 13, -34
4771.4, 13, -34
4771.5, 13, -34
4771.6, 13, -34
4771.7, 13, -34
4771.8, 13, -34
4771.9, 13, -34
4772, 13, -34
4772.1, 13, -34
4772.2, 13, -34
4772.3, 13, -34
4772.4, 13, -34
4772.5, 13, -34
4772.6, 13, -34
4772.7, 13, -34
4772.8, 13, -34
4772.9, 13, -34
4773, 13, -34
4773.1, 13, -34
4773.2, 13, -34
4773.3, 13, -34
4773.4, 13, -34
4773.5, 13, -34
4773.6, 13, -34
4773.7, 13, -34
4773.8, 13, -34
4773.9, 13, -34
4774, 13, -34
4774.1, 13, -34
4774.2, 13, -34
4774.3, 13, -34
4774.4, 13, -34
4774.5, 13, -34
4774.6, 13, -34
4774.7, 13, -34
4774.8, 13, -34
4774.9, 13, -34
4775, 13, -34
4775.1, 13, -34
4775.2, 13, -34
4775.3, 13, -34
4775.4, 13, -34
4775.5, 13, -34
4775.6, 13, -34
4775.7, 13, -34
4775.8, 13, -34
4775.9, 13, -34
4776, 13, -34
4776.1, 13, -34
4776.2, 13, -34
4776.3, 13, -34
4776.4, 13, -34
4776.5, 13, -34
4776.6, 13, -34
4776.7, 13, -34
4776.8, 13, -34
4776.9, 13, -34
4777, 13, -34
4777.1, 13, -33
4777.2, 13, -33
4777.3, 13, -33
4777.4, 13, -33
4777.5, 13, -33
4777.6, 13, -33
4777.7, 13, -33
4777.8, 13, -33
4777.9, 13, -33
4778, 13, -33
4778.1, 13, -33
4778.2, 13, -33
4778.3, 13, -33
4778.4, 13, -33
4778.5, 13, -33
4778.6, 13, -33
4778.7, 13, -33
4778.8, 13, -33
4778.9, 13, -33
4779, 13, -33
4779.1, 13, -33
4779.2, 13, -33
4779.3, 13, -33
4779.4, 13, -33
4779.5, 13, -33
4779.6, 13, -33
4779.7, 13, -33
4779.8, 13, -33
4779.9, 13, -33
4780, 13, -33
4780.1, 13, -33
4780.2, 13, -33
4780.3, 13, -33
4780.4, 13, -33
4780.5, 13, -33
4780.6, 13, -33
4780.7, 13, -33
4780.8, 13, -33
4780.9, 13, -34
4781, 13, -34
4781.1, 13, -34
4781.2, 13, -34
4781.3, 13, -34
4781.4, 13, -34
4781.5, 13, -34
4781.6, 13, -34
4781.7, 13, -34
4781.8, 13, -34
4781.9, 14, -34
4782, 14, -34
4782.1, 14, -34
4782.2, 14, -34
4782.3, 13, -34
4782.4, 13, -34
4782.5, 13, -34
4782.6, 13, -34
4782.7, 13, -34
4782.8, 13, -34
4782.9, 13, -34
4783, 13, -34
4783.1, 13, -34
4783.2, 13, -34
4783.3, 13, -34
4783.4, 13, -34
4783.5, 13, -34
4783.6, 13, -34
4783.7, 13, -34
4783.8, 13, -34
4783.9, 13, -33
4784, 13, -33
4784.1, 13, -33
4784.2, 13, -33
4784.3, 13, -34
4784.4, 13, -34
4784.5, 13, -34
4784.6, 13, -34
4784.7, 13, -34
4784.8, 13, -34
4784.9, 13, -34
4785, 13, -34
4785.1, 14, -34
4785.2, 14, -34
4785.3, 14, -34
4785.4, 14, -34
4785.5, 14, -34
4785.6, 14, -34
4785.7, 14, -34
4785.8, 14, -34
4785.9, 14, -34
4786, 14, -34
4786.1, 14, -34
4786.2, 14, -34
4786.3, 14, -34
4786.4, 14, -34
4786.5, 14, -34
4786.6, 14, -34
4786.7, 14, -34
4786.8, 14, -34
4786.9, 14, -34
4787, 14, -34
4787.1, 14, -34
4787.2, 14, -34
4787.3, 14, -34
4787.4, 14, -34
4787.5, 13, -34
4787.6, 13, -34
4787.7, 13, -34
4787.8, 13, -34
4787.9, 13, -34
4788, 13, -34
4788.1, 13, -34
4788.2, 13, -34
4788.3, 13, -34
4788.4, 13, -34
4788.5, 13, -34
4788.6, 13, -34
4788.7, 13, -34
4788.8, 13, -34
4788.9, 13, -34
4789, 13, -34
4789.1, 13, -34
4789.2, 13, -34
4789.3, 13, -34
4789.4, 13, -34
4789.5, 13, -34
4789.6, 13, -34
4789.7, 13, -34
4789.8, 13, -34
4789.9, 13, -34
4790, 13, -34
4790.1, 14, -34
4790.2, 14, -34
4790.3, 14, -34
4790.4, 14, -34
4790.5, 14, -34
4790.6, 14, -34
4790.7, 14, -34
4790.8, 14, -34
4790.9, 14, -34
4791, 14, -34
4791.1, 14, -34
4791.2, 14, -34
4791.3, 14, -34
4791.4, 14, -34
4791.5, 14, -34
4791.6, 14, -34
4791.7, 14, -34
4791.8, 14, -34
4791.9, 14, -34
4792, 14, -34
4792.1, 14, -33
4792.2, 14, -33
4792.3, 14, -33
4792.4, 14, -33
4792.5, 14, -33
4792.6, 14, -33
4792.7, 14, -33
4792.8, 14, -33
4792.9, 14, -33
4793, 14, -33
4793.1, 14, -33
4793.2, 14, -33
4793.3, 14, -33
4793.4, 14, -33
4793.5, 14, -33
4793.6, 14, -33
4793.7, 14, -33
4793.8, 14, -33
4793.9, 14, -32
4794, 14, -32
4794.1, 14, -32
4794.2, 14, -32
4794.3, 14, -32
4794.4, 14, -32
4794.5, 14, -32
4794.6, 14, -32
4794.7, 14, -32
4794.8, 14, -32
4794.9, 14, -32
4795, 14, -32
4795.1, 14, -32
4795.2, 14, -32
4795.3, 14, -32
4795.4, 14, -32
4795.5, 14, -32
4795.6, 14, -32
4795.7, 14, -32
4795.8, 14, -32
4795.9, 14, -32
4796, 14, -32
4796.1, 13, -32
4796.2, 13, -32
4796.3, 13, -32
4796.4, 13, -32
4796.5, 13, -32
4796.6, 13, -32
4796.7, 13, -32
4796.8, 13, -32
4796.9, 13, -32
4797, 13, -32
4797.1, 13, -32
4797.2, 13, -32
4797.3, 13, -32
4797.4, 13, -32
4797.5, 13, -32
4797.6, 13, -32
4797.7, 13, -32
4797.8, 13, -32
4797.9, 13, -32
4798, 13, -32
4798.1, 13, -33
4798.2, 13, -33
4798.3, 14, -33
4798.4, 14, -33
4798.5, 14, -33
4798.6, 14, -33
4798.7, 14, -33
4798.8, 14, -33
4798.9, 14, -33
4799, 14, -33
4799.1, 14, -33
4799.2, 14, -33
4799.3, 14, -33
4799.4, 14, -33
4799.5, 14, -33
4799.6, 14, -33
4799.7, 14, -33
4799.8, 14, -33
4799.9, 14, -33
4800, 14, -33
4800.1, 14, -33
4800.2, 14, -33
4800.3, 14, -33
4800.4, 14, -33
4800.5, 14, -33
4800.6, 14, -33
4800.7, 14, -33
4800.8, 14, -33
4800.9, 14, -33
4801, 14, -33
4801.1, 13, -33
4801.2, 13, -33
4801.3, 13, -33
4801.4, 13, -33
4801.5, 13, -33
4801.6, 13, -33
4801.7, 13, -33
4801.8, 13, -33
4801.9, 12, -33
4802, 12, -33
4802.1, 13, -33
4802.2, 13, -33
4802.3, 13, -33
4802.4, 13, -33
4802.5, 13, -33
4802.6, 13, -33
4802.7, 13, -33
4802.8, 13, -33
4802.9, 12, -33
4803, 12, -33
4803.1, 12, -33
4803.2, 12, -33
4803.3, 12, -34
4803.4, 12, -34
4803.5, 12, -34
4803.6, 12, -34
4803.7, 12, -34
4803.8, 12, -34
4803.9, 12, -33
4804, 12, -33
4804.1, 12, -33
4804.2, 12, -33
4804.3, 12, -34
4804.4, 12, -34
4804.5, 12, -34
4804.6, 12, -34
4804.7, 12, -34
4804.8, 12, -34
4804.9, 12, -34
4805, 12, -34
4805.1, 12, -34
4805.2, 12, -34
4805.3, 12, -34
4805.4, 12, -34
4805.5, 12, -35
4805.6, 12, -35
4805.7, 12, -35
4805.8, 12, -35
4805.9, 12, -35
4806, 12, -35
4806.1, 12, -35
4806.2, 12, -35
4806.3, 12, -35
4806.4, 12, -35
4806.5, 12, -35
4806.6, 12, -35
4806.7, 12, -35
4806.8, 12, -35
4806.9, 12, -35
4807, 12, -35
4807.1, 12, -35
4807.2, 12, -35
4807.3, 12, -34
4807.4, 12, -34
4807.5, 12, -34
4807.6, 12, -34
4807.7, 12, -34
4807.8, 12, -34
4807.9, 12, -34
4808, 12, -34
4808.1, 12, -34
4808.2, 12, -34
4808.3, 12, -34
4808.4, 12, -34
4808.5, 12, -34
4808.6, 12, -34
4808.7, 12, -34
4808.8, 12, -34
4808.9, 12, -34
4809, 12, -34
4809.1, 12, -34
4809.2, 12, -34
4809.3, 12, -34
4809.4, 12, -34
4809.5, 12, -34
4809.6, 12, -34
4809.7, 12, -34
4809.8, 12, -34
4809.9, 11, -34
4810, 11, -34
4810.1, 11, -34
4810.2, 11, -34
4810.3, 11, -34
4810.4, 11, -34
4810.5, 11, -34
4810.6, 11, -34
4810.7, 11, -34
4810.8, 11, -34
4810.9, 11, -34
4811, 11, -34
4811.1, 11, -34
4811.2, 11, -34
4811.3, 11, -34
4811.4, 11, -34
4811.5, 11, -34
4811.6, 11, -34
4811.7, 11, -33
4811.8, 11, -33
4811.9, 11, -33
4812, 11, -33
4812.1, 11, -33
4812.2, 11, -33
4812.3, 11, -33
4812.4, 11, -33
4812.5, 11, -33
4812.6, 11, -33
4812.7, 11, -33
4812.8, 11, -33
4812.9, 11, -33
4813, 11, -33
4813.1, 11, -33
4813.2, 11, -33
4813.3, 11, -33
4813.4, 11, -33
4813.5, 11, -33
4813.6, 11, -33
4813.7, 11, -33
4813.8, 11, -33
4813.9, 11, -33
4814, 11, -33
4814.1, 11, -33
4814.2, 11, -33
4814.3, 11, -33
4814.4, 11, -33
4814.5, 11, -33
4814.6, 11, -33
4814.7, 11, -33
4814.8, 11, -33
4814.9, 11, -33
4815, 11, -33
4815.1, 11, -33
4815.2, 11, -33
4815.3, 11, -33
4815.4, 11, -33
4815.5, 11, -33
4815.6, 11, -33
4815.7, 11, -33
4815.8, 11, -33
4815.9, 10, -33
4816, 10, -33
4816.1, 10, -33
4816.2, 10, -33
4816.3, 9, -33
4816.4, 9, -33
4816.5, 8, -33
4816.6, 8, -33
4816.7, 8, -33
4816.8, 8, -33
4816.9, 8, -33
4817, 8, -33
4817.1, 8, -33
4817.2, 8, -33
4817.3, 8, -33
4817.4, 8, -33
4817.5, 8, -33
4817.6, 8, -33
4817.7, 8, -33
4817.8, 8, -33
4817.9, 8, -33
4818, 8, -33
4818.1, 8, -33
4818.2, 8, -33
4818.3, 8, -33
4818.4, 8, -33
4818.5, 9, -33
4818.6, 9, -33
4818.7, 9, -33
4818.8, 9, -33
4818.9, 9, -33
4819, 9, -33
4819.1, 9, -33
4819.2, 9, -33
4819.3, 9, -33
4819.4, 9, -33
4819.5, 9, -33
4819.6, 9, -33
4819.7, 9, -33
4819.8, 9, -33
4819.9, 9, -33
4820, 9, -33
4820.1, 9, -33
4820.2, 9, -33
4820.3, 10, -33
4820.4, 10, -33
4820.5, 10, -33
4820.6, 10, -33
4820.7, 10, -33
4820.8, 10, -33
4820.9, 10, -34
4821, 10, -34
4821.1, 10, -34
4821.2, 10, -34
4821.3, 10, -34
4821.4, 10, -34
4821.5, 10, -34
4821.6, 10, -34
4821.7, 10, -34
4821.8, 10, -34
4821.9, 10, -34
4822, 10, -34
4822.1, 10, -34
4822.2, 10, -34
4822.3, 9, -34
4822.4, 9, -34
4822.5, 9, -34
4822.6, 9, -34
4822.7, 9, -34
4822.8, 9, -34
4822.9, 9, -34
4823, 9, -34
4823.1, 9, -34
4823.2, 9, -34
4823.3, 9, -34
4823.4, 9, -34
4823.5, 9, -34
4823.6, 9, -34
4823.7, 9, -34
4823.8, 9, -34
4823.9, 9, -34
4824, 9, -34
4824.1, 8, -34
4824.2, 8, -34
4824.3, 8, -34
4824.4, 8, -34
4824.5, 8, -34
4824.6, 8, -34
4824.7, 8, -34
4824.8, 8, -34
4824.9, 8, -34
4825, 8, -34
4825.1, 8, -34
4825.2, 8, -34
4825.3, 8, -34
4825.4, 8, -34
4825.5, 8, -34
4825.6, 8, -34
4825.7, 8, -34
4825.8, 8, -34
4825.9, 8, -34
4826, 8, -34
4826.1, 8, -34
4826.2, 8, -34
4826.3, 8, -34
4826.4, 8, -34
4826.5, 8, -34
4826.6, 8, -34
4826.7, 8, -34
4826.8, 8, -34
4826.9, 8, -34
4827, 8, -34
4827.1, 8, -34
4827.2, 8, -34
4827.3, 8, -34
4827.4, 8, -34
4827.5, 8, -34
4827.6, 8, -34
4827.7, 8, -34
4827.8, 8, -34
4827.9, 8, -34
4828, 8, -34
4828.1, 8, -34
4828.2, 8, -34
4828.3, 8, -34
4828.4, 8, -34
4828.5, 8, -34
4828.6, 8, -34
4828.7, 8, -34
4828.8, 8, -34
4828.9, 8, -34
4829, 8, -34
4829.1, 8, -34
4829.2, 8, -34
4829.3, 8, -34
4829.4, 8, -34
4829.5, 8, -34
4829.6, 8, -34
4829.7, 8, -34
4829.8, 8, -34
4829.9, 8, -34
4830, 8, -34
4830.1, 8, -34
4830.2, 8, -34
4830.3, 8, -34
4830.4, 8, -34
4830.5, 8, -34
4830.6, 8, -34
4830.7, 8, -34
4830.8, 8, -34
4830.9, 8, -34
4831, 8, -34
4831.1, 8, -34
4831.2, 8, -34
4831.3, 8, -34
4831.4, 8, -34
4831.5, 8, -34
4831.6, 8, -34
4831.7, 8, -34
4831.8, 8, -34
4831.9, 8, -34
4832, 8, -34
4832.1, 8, -34
4832.2, 8, -34
4832.3, 8, -34
4832.4, 8, -34
4832.5, 8, -34
4832.6, 8, -34
4832.7, 8, -34
4832.8, 8, -34
4832.9, 8, -34
4833, 8, -34
4833.1, 8, -34
4833.2, 8, -34
4833.3, 8, -34
4833.4, 8, -34
4833.5, 8, -34
4833.6, 8, -34
4833.7, 8, -34
4833.8, 8, -34
4833.9, 8, -34
4834, 8, -34
4834.1, 8, -34
4834.2, 8, -34
4834.3, 8, -34
4834.4, 8, -34
4834.5, 8, -34
4834.6, 8, -34
4834.7, 8, -34
4834.8, 8, -34
4834.9, 8, -34
4835, 8, -34
4835.1, 8, -34
4835.2, 8, -34
4835.3, 7, -34
4835.4, 7, -34
4835.5, 7, -34
4835.6, 7, -34
4835.7, 7, -34
4835.8, 7, -34
4835.9, 7, -34
4836, 7, -34
4836.1, 7, -34
4836.2, 7, -34
4836.3, 7, -34
4836.4, 7, -34
4836.5, 7, -34
4836.6, 7, -34
4836.7, 7, -34
4836.8, 7, -34
4836.9, 7, -34
4837, 7, -34
4837.1, 7, -34
4837.2, 7, -34
4837.3, 7, -34
4837.4, 7, -34
4837.5, 7, -34
4837.6, 7, -34
4837.7, 7, -34
4837.8, 7, -34
4837.9, 7, -34
4838, 7, -34
4838.1, 7, -34
4838.2, 7, -34
4838.3, 7, -34
4838.4, 7, -34
4838.5, 7, -34
4838.6, 7, -34
4838.7, 7, -34
4838.8, 7, -34
4838.9, 7, -34
4839, 7, -34
4839.1, 7, -34
4839.2, 7, -34
4839.3, 7, -34
4839.4, 7, -34
4839.5, 7, -34
4839.6, 7, -34
4839.7, 7, -33
4839.8, 7, -33
4839.9, 7, -33
4840, 7, -33
4840.1, 7, -33
4840.2, 7, -33
4840.3, 7, -32
4840.4, 7, -32
4840.5, 7, -32
4840.6, 7, -32
4840.7, 7, -32
4840.8, 7, -32
4840.9, 7, -32
4841, 7, -32
4841.1, 7, -32
4841.2, 7, -32
4841.3, 7, -32
4841.4, 7, -32
4841.5, 7, -32
4841.6, 7, -32
4841.7, 7, -32
4841.8, 7, -32
4841.9, 7, -32
4842, 7, -32
4842.1, 7, -32
4842.2, 7, -32
4842.3, 7, -32
4842.4, 7, -32
4842.5, 6, -32
4842.6, 6, -32
4842.7, 6, -32
4842.8, 6, -32
4842.9, 6, -32
4843, 6, -32
4843.1, 6, -32
4843.2, 6, -32
4843.3, 6, -32
4843.4, 6, -32
4843.5, 6, -32
4843.6, 6, -32
4843.7, 6, -32
4843.8, 6, -32
4843.9, 6, -33
4844, 6, -33
4844.1, 6, -33
4844.2, 6, -33
4844.3, 6, -33
4844.4, 6, -33
4844.5, 6, -33
4844.6, 6, -33
4844.7, 6, -33
4844.8, 6, -33
4844.9, 6, -33
4845, 6, -33
4845.1, 6, -33
4845.2, 6, -33
4845.3, 6, -33
4845.4, 6, -33
4845.5, 6, -33
4845.6, 6, -33
4845.7, 6, -33
4845.8, 6, -33
4845.9, 6, -33
4846, 6, -33
4846.1, 6, -33
4846.2, 6, -33
4846.3, 6, -33
4846.4, 6, -33
4846.5, 6, -33
4846.6, 6, -33
4846.7, 6, -33
4846.8, 6, -33
4846.9, 6, -33
4847, 6, -33
4847.1, 6, -33
4847.2, 6, -33
4847.3, 6, -33
4847.4, 6, -33
4847.5, 6, -33
4847.6, 6, -33
4847.7, 6, -33
4847.8, 6, -33
4847.9, 6, -33
4848, 6, -33
4848.1, 6, -33
4848.2, 6, -33
4848.3, 6, -33
4848.4, 6, -33
4848.5, 6, -33
4848.6, 6, -33
4848.7, 6, -33
4848.8, 6, -33
4848.9, 7, -33
4849, 7, -33
4849.1, 7, -33
4849.2, 7, -33
4849.3, 7, -33
4849.4, 7, -33
4849.5, 7, -33
4849.6, 7, -33
4849.7, 7, -33
4849.8, 7, -33
4849.9, 7, -33
4850, 7, -33
4850.1, 7, -33
4850.2, 7, -33
4850.3, 7, -33
4850.4, 7, -33
4850.5, 7, -33
4850.6, 7, -33
4850.7, 7, -33
4850.8, 7, -33
4850.9, 7, -33
4851, 7, -33
4851.1, 7, -33
4851.2, 7, -33
4851.3, 7, -33
4851.4, 7, -33
4851.5, 7, -33
4851.6, 7, -33
4851.7, 7, -33
4851.8, 7, -33
4851.9, 7, -34
4852, 7, -34
4852.1, 7, -34
4852.2, 7, -34
4852.3, 7, -34
4852.4, 7, -34
4852.5, 7, -34
4852.6, 7, -34
4852.7, 7, -34
4852.8, 7, -34
4852.9, 7, -34
4853, 7, -34
4853.1, 7, -34
4853.2, 7, -34
4853.3, 7, -34
4853.4, 7, -34
4853.5, 7, -34
4853.6, 7, -34
4853.7, 7, -34
4853.8, 7, -34
4853.9, 7, -34
4854, 7, -34
4854.1, 7, -34
4854.2, 7, -34
4854.3, 7, -34
4854.4, 7, -34
4854.5, 7, -35
4854.6, 7, -35
4854.7, 7, -35
4854.8, 7, -35
4854.9, 7, -35
4855, 7, -35
4855.1, 7, -35
4855.2, 7, -35
4855.3, 7, -35
4855.4, 7, -35
4855.5, 7, -35
4855.6, 7, -35
4855.7, 7, -35
4855.8, 7, -35
4855.9, 7, -35
4856, 7, -35
4856.1, 7, -35
4856.2, 7, -35
4856.3, 7, -35
4856.4, 7, -35
4856.5, 7, -35
4856.6, 7, -35
4856.7, 7, -35
4856.8, 7, -35
4856.9, 7, -35
4857, 7, -35
4857.1, 7, -35
4857.2, 7, -35
4857.3, 7, -35
4857.4, 7, -35
4857.5, 7, -35
4857.6, 7, -35
4857.7, 7, -35
4857.8, 7, -35
4857.9, 7, -35
4858, 7, -35
4858.1, 7, -35
4858.2, 7, -35
4858.3, 7, -35
4858.4, 7, -35
4858.5, 7, -35
4858.6, 7, -35
4858.7, 7, -35
4858.8, 7, -35
4858.9, 7, -36
4859, 7, -36
4859.1, 7, -36
4859.2, 7, -36
4859.3, 7, -36
4859.4, 7, -36
4859.5, 8, -36
4859.6, 8, -36
4859.7, 8, -36
4859.8, 8, -36
4859.9, 8, -36
4860, 8, -36
4860.1, 8, -36
4860.2, 8, -36
4860.3, 8, -36
4860.4, 8, -36
4860.5, 8, -36
4860.6, 8, -36
4860.7, 8, -36
4860.8, 8, -36
4860.9, 8, -36
4861, 8, -36
4861.1, 9, -36
4861.2, 9, -36
4861.3, 9, -36
4861.4, 9, -36
4861.5, 9, -36
4861.6, 9, -36
4861.7, 9, -36
4861.8, 9, -36
4861.9, 9, -36
4862, 9, -36
4862.1, 9, -36
4862.2, 9, -36
4862.3, 9, -36
4862.4, 9, -36
4862.5, 9, -36
4862.6, 9, -36
4862.7, 9, -36
4862.8, 9, -36
4862.9, 9, -36
4863, 9, -36
4863.1, 9, -36
4863.2, 9, -36
4863.3, 9, -36
4863.4, 9, -36
4863.5, 9, -36
4863.6, 9, -36
4863.7, 9, -36
4863.8, 9, -36
4863.9, 9, -36
4864, 9, -36
4864.1, 9, -36
4864.2, 9, -36
4864.3, 9, -36
4864.4, 9, -36
4864.5, 9, -36
4864.6, 9, -36
4864.7, 9, -36
4864.8, 9, -36
4864.9, 9, -36
4865, 9, -36
4865.1, 9, -36
4865.2, 9, -36
4865.3, 9, -36
4865.4, 9, -36
4865.5, 9, -36
4865.6, 9, -36
4865.7, 9, -36
4865.8, 9, -36
4865.9, 9, -36
4866, 9, -36
4866.1, 9, -36
4866.2, 9, -36
4866.3, 9, -36
4866.4, 9, -36
4866.5, 9, -35
4866.6, 9, -35
4866.7, 9, -35
4866.8, 9, -35
4866.9, 9, -35
4867, 9, -35
4867.1, 9, -35
4867.2, 9, -35
4867.3, 9, -35
4867.4, 9, -35
4867.5, 9, -35
4867.6, 9, -35
4867.7, 9, -35
4867.8, 9, -35
4867.9, 9, -35
4868, 9, -35
4868.1, 9, -35
4868.2, 9, -35
4868.3, 9, -35
4868.4, 9, -35
4868.5, 10, -35
4868.6, 10, -35
4868.7, 10, -35
4868.8, 10, -35
4868.9, 10, -35
4869, 10, -35
4869.1, 10, -35
4869.2, 10, -35
4869.3, 10, -35
4869.4, 10, -35
4869.5, 10, -36
4869.6, 10, -36
4869.7, 10, -36
4869.8, 10, -36
4869.9, 10, -36
4870, 10, -36
4870.1, 10, -36
4870.2, 10, -36
4870.3, 10, -36
4870.4, 10, -36
4870.5, 10, -36
4870.6, 10, -36
4870.7, 10, -36
4870.8, 10, -36
4870.9, 10, -36
4871, 10, -36
4871.1, 10, -36
4871.2, 10, -36
4871.3, 10, -36
4871.4, 10, -36
4871.5, 10, -36
4871.6, 10, -36
4871.7, 10, -36
4871.8, 10, -36
4871.9, 10, -36
4872, 10, -36
4872.1, 10, -36
4872.2, 10, -36
4872.3, 10, -36
4872.4, 10, -36
4872.5, 10, -36
4872.6, 10, -36
4872.7, 10, -36
4872.8, 10, -36
4872.9, 10, -36
4873, 10, -36
4873.1, 10, -36
4873.2, 10, -36
4873.3, 10, -36
4873.4, 10, -36
4873.5, 10, -36
4873.6, 10, -36
4873.7, 10, -36
4873.8, 10, -36
4873.9, 10, -36
4874, 10, -36
4874.1, 10, -36
4874.2, 10, -36
4874.3, 10, -36
4874.4, 10, -36
4874.5, 10, -36
4874.6, 10, -36
4874.7, 10, -36
4874.8, 10, -36
4874.9, 10, -36
4875, 10, -36
4875.1, 9, -36
4875.2, 9, -36
4875.3, 9, -36
4875.4, 9, -36
4875.5, 9, -36
4875.6, 9, -36
4875.7, 9, -36
4875.8, 9, -36
4875.9, 9, -36
4876, 9, -36
4876.1, 9, -36
4876.2, 9, -36
4876.3, 9, -36
4876.4, 9, -36
4876.5, 9, -36
4876.6, 9, -36
4876.7, 9, -36
4876.8, 9, -36
4876.9, 9, -36
4877, 9, -36
4877.1, 10, -36
4877.2, 10, -36
4877.3, 10, -36
4877.4, 10, -36
4877.5, 10, -36
4877.6, 10, -36
4877.7, 10, -36
4877.8, 10, -36
4877.9, 10, -36
4878, 10, -36
4878.1, 10, -36
4878.2, 10, -36
4878.3, 10, -36
4878.4, 10, -36
4878.5, 10, -36
4878.6, 10, -36
4878.7, 10, -36
4878.8, 10, -36
4878.9, 10, -36
4879, 10, -36
4879.1, 10, -36
4879.2, 10, -36
4879.3, 10, -36
4879.4, 10, -36
4879.5, 10, -35
4879.6, 10, -35
4879.7, 10, -35
4879.8, 10, -35
4879.9, 10, -35
4880, 10, -35
4880.1, 10, -35
4880.2, 10, -35
4880.3, 10, -35
4880.4, 10, -35
4880.5, 10, -35
4880.6, 10, -35
4880.7, 10, -35
4880.8, 10, -35
4880.9, 10, -35
4881, 10, -35
4881.1, 9, -35
4881.2, 9, -35
4881.3, 9, -36
4881.4, 9, -36
4881.5, 9, -36
4881.6, 9, -36
4881.7, 9, -36
4881.8, 9, -36
4881.9, 9, -36
4882, 9, -36
4882.1, 9, -36
4882.2, 9, -36
4882.3, 10, -36
4882.4, 10, -36
4882.5, 10, -36
4882.6, 10, -36
4882.7, 10, -36
4882.8, 10, -36
4882.9, 10, -36
4883, 10, -36
4883.1, 10, -36
4883.2, 10, -36
4883.3, 10, -36
4883.4, 10, -36
4883.5, 10, -36
4883.6, 10, -36
4883.7, 10, -36
4883.8, 10, -36
4883.9, 10, -36
4884, 10, -36
4884.1, 10, -36
4884.2, 10, -36
4884.3, 10, -35
4884.4, 10, -35
4884.5, 10, -35
4884.6, 10, -35
4884.7, 10, -35
4884.8, 10, -35
4884.9, 10, -35
4885, 10, -35
4885.1, 10, -35
4885.2, 10, -35
4885.3, 10, -35
4885.4, 10, -35
4885.5, 10, -35
4885.6, 10, -35
4885.7, 10, -35
4885.8, 10, -35
4885.9, 10, -35
4886, 10, -35
4886.1, 10, -35
4886.2, 10, -35
4886.3, 10, -35
4886.4, 10, -35
4886.5, 10, -35
4886.6, 10, -35
4886.7, 10, -35
4886.8, 10, -35
4886.9, 10, -35
4887, 10, -35
4887.1, 10, -35
4887.2, 10, -35
4887.3, 11, -35
4887.4, 11, -35
4887.5, 11, -35
4887.6, 11, -35
4887.7, 11, -35
4887.8, 11, -35
4887.9, 11, -35
4888, 11, -35
4888.1, 11, -35
4888.2, 11, -35
4888.3, 11, -35
4888.4, 11, -35
4888.5, 11, -35
4888.6, 11, -35
4888.7, 11, -35
4888.8, 11, -35
4888.9, 11, -35
4889, 11, -35
4889.1, 11, -35
4889.2, 11, -35
4889.3, 11, -35
4889.4, 11, -35
4889.5, 11, -35
4889.6, 11, -35
4889.7, 11, -35
4889.8, 11, -35
4889.9, 11, -35
4890, 11, -35
4890.1, 11, -35
4890.2, 11, -35
4890.3, 11, -35
4890.4, 11, -35
4890.5, 11, -35
4890.6, 11, -35
4890.7, 12, -35
4890.8, 12, -35
4890.9, 12, -35
4891, 12, -35
4891.1, 12, -35
4891.2, 12, -35
4891.3, 12, -35
4891.4, 12, -35
4891.5, 12, -35
4891.6, 12, -35
4891.7, 12, -35
4891.8, 12, -35
4891.9, 12, -35
4892, 12, -35
4892.1, 12, -35
4892.2, 12, -35
4892.3, 12, -35
4892.4, 12, -35
4892.5, 12, -35
4892.6, 12, -35
4892.7, 12, -35
4892.8, 12, -35
4892.9, 12, -35
4893, 12, -35
4893.1, 12, -35
4893.2, 12, -35
4893.3, 12, -35
4893.4, 12, -35
4893.5, 12, -35
4893.6, 12, -35
4893.7, 12, -35
4893.8, 12, -35
4893.9, 12, -35
4894, 12, -35
4894.1, 12, -35
4894.2, 12, -35
4894.3, 12, -36
4894.4, 12, -36
4894.5, 12, -36
4894.6, 12, -36
4894.7, 12, -36
4894.8, 12, -36
4894.9, 12, -35
4895, 12, -35
4895.1, 12, -35
4895.2, 12, -35
4895.3, 12, -35
4895.4, 12, -35
4895.5, 12, -35
4895.6, 12, -35
4895.7, 12, -35
4895.8, 12, -35
4895.9, 12, -35
4896, 12, -35
4896.1, 12, -35
4896.2, 12, -35
4896.3, 12, -35
4896.4, 12, -35
4896.5, 12, -35
4896.6, 12, -35
4896.7, 12, -35
4896.8, 12, -35
4896.9, 12, -35
4897, 12, -35
4897.1, 12, -35
4897.2, 12, -35
4897.3, 12, -35
4897.4, 12, -35
4897.5, 12, -35
4897.6, 12, -35
4897.7, 12, -35
4897.8, 12, -35
4897.9, 12, -35
4898, 12, -35
4898.1, 12, -35
4898.2, 12, -35
4898.3, 12, -35
4898.4, 12, -35
4898.5, 12, -35
4898.6, 12, -35
4898.7, 12, -35
4898.8, 12, -35
4898.9, 12, -35
4899, 12, -35
4899.1, 13, -35
4899.2, 13, -35
4899.3, 13, -35
4899.4, 13, -35
4899.5, 13, -35
4899.6, 13, -35
4899.7, 13, -35
4899.8, 13, -35
4899.9, 13, -35
4900, 13, -35
4900.1, 13, -34
4900.2, 13, -34
4900.3, 13, -34
4900.4, 13, -34
4900.5, 13, -34
4900.6, 13, -34
4900.7, 13, -34
4900.8, 13, -34
4900.9, 13, -34
4901, 13, -34
4901.1, 13, -34
4901.2, 13, -34
4901.3, 13, -33
4901.4, 13, -33
4901.5, 13, -33
4901.6, 13, -33
4901.7, 13, -33
4901.8, 13, -33
4901.9, 13, -33
4902, 13, -33
4902.1, 13, -33
4902.2, 13, -33
4902.3, 13, -33
4902.4, 13, -33
4902.5, 13, -33
4902.6, 13, -33
4902.7, 13, -32
4902.8, 13, -32
4902.9, 13, -32
4903, 13, -32
4903.1, 13, -32
4903.2, 13, -32
4903.3, 13, -32
4903.4, 13, -32
4903.5, 13, -32
4903.6, 13, -32
4903.7, 12, -32
4903.8, 12, -32
4903.9, 12, -32
4904, 12, -32
4904.1, 12, -32
4904.2, 12, -32
4904.3, 12, -32
4904.4, 12, -32
4904.5, 12, -31
4904.6, 12, -31
4904.7, 12, -31
4904.8, 12, -31
4904.9, 12, -31
4905, 12, -31
4905.1, 12, -31
4905.2, 12, -31
4905.3, 12, -31
4905.4, 12, -31
4905.5, 12, -31
4905.6, 12, -31
4905.7, 12, -31
4905.8, 12, -31
4905.9, 12, -31
4906, 12, -31
4906.1, 12, -31
4906.2, 12, -31
4906.3, 12, -31
4906.4, 12, -31
4906.5, 12, -31
4906.6, 12, -31
4906.7, 12, -31
4906.8, 12, -31
4906.9, 12, -31
4907, 12, -31
4907.1, 12, -31
4907.2, 12, -31
4907.3, 12, -32
4907.4, 12, -32
4907.5, 12, -32
4907.6, 12, -32
4907.7, 12, -32
4907.8, 12, -32
4907.9, 12, -32
4908, 12, -32
4908.1, 12, -32
4908.2, 12, -32
4908.3, 12, -32
4908.4, 12, -32
4908.5, 12, -32
4908.6, 12, -32
4908.7, 12, -32
4908.8, 12, -32
4908.9, 12, -32
4909, 12, -32
4909.1, 12, -32
4909.2, 12, -32
4909.3, 12, -32
4909.4, 12, -32
4909.5, 12, -32
4909.6, 12, -32
4909.7, 11, -32
4909.8, 11, -32
4909.9, 11, -32
4910, 11, -32
4910.1, 11, -32
4910.2, 11, -32
4910.3, 11, -32
4910.4, 11, -32
4910.5, 11, -32
4910.6, 11, -32
4910.7, 11, -32
4910.8, 11, -32
4910.9, 11, -32
4911, 11, -32
4911.1, 11, -32
4911.2, 11, -32
4911.3, 11, -32
4911.4, 11, -32
4911.5, 11, -32
4911.6, 11, -32
4911.7, 11, -32
4911.8, 11, -32
4911.9, 11, -32
4912, 11, -32
4912.1, 11, -32
4912.2, 11, -32
4912.3, 11, -32
4912.4, 11, -32
4912.5, 11, -32
4912.6, 11, -32
4912.7, 11, -32
4912.8, 11, -32
4912.9, 11, -32
4913, 11, -32
4913.1, 11, -32
4913.2, 11, -32
4913.3, 11, -32
4913.4, 11, -32
4913.5, 11, -32
4913.6, 11, -32
4913.7, 11, -32
4913.8, 11, -32
4913.9, 11, -32
4914, 11, -32
4914.1, 11, -32
4914.2, 11, -32
4914.3, 11, -32
4914.4, 11, -32
4914.5, 11, -32
4914.6, 11, -32
4914.7, 11, -32
4914.8, 11, -32
4914.9, 11, -32
4915, 11, -32
4915.1, 11, -32
4915.2, 11, -32
4915.3, 11, -32
4915.4, 11, -32
4915.5, 11, -32
4915.6, 11, -32
4915.7, 11, -32
4915.8, 11, -32
4915.9, 11, -31
4916, 11, -31
4916.1, 11, -31
4916.2, 11, -31
4916.3, 11, -32
4916.4, 11, -32
4916.5, 11, -32
4916.6, 11, -32
4916.7, 10, -32
4916.8, 10, -32
4916.9, 10, -32
4917, 10, -32
4917.1, 10, -32
4917.2, 10, -32
4917.3, 10, -32
4917.4, 10, -32
4917.5, 10, -32
4917.6, 10, -32
4917.7, 10, -32
4917.8, 10, -32
4917.9, 10, -32
4918, 10, -32
4918.1, 10, -32
4918.2, 10, -32
4918.3, 10, -32
4918.4, 10, -32
4918.5, 10, -32
4918.6, 10, -32
4918.7, 10, -32
4918.8, 10, -32
4918.9, 10, -32
4919, 10, -32
4919.1, 10, -32
4919.2, 10, -32
4919.3, 10, -32
4919.4, 10, -32
4919.5, 10, -32
4919.6, 10, -32
4919.7, 10, -32
4919.8, 10, -32
4919.9, 10, -33
4920, 10, -33
4920.1, 10, -33
4920.2, 10, -33
4920.3, 10, -33
4920.4, 10, -33
4920.5, 10, -33
4920.6, 10, -33
4920.7, 10, -33
4920.8, 10, -33
4920.9, 10, -33
4921, 10, -33
4921.1, 10, -33
4921.2, 10, -33
4921.3, 10, -33
4921.4, 10, -33
4921.5, 10, -33
4921.6, 10, -33
4921.7, 10, -33
4921.8, 10, -33
4921.9, 10, -33
4922, 10, -33
4922.1, 10, -33
4922.2, 10, -33
4922.3, 10, -33
4922.4, 10, -33
4922.5, 10, -33
4922.6, 10, -33
4922.7, 10, -33
4922.8, 10, -33
4922.9, 10, -33
4923, 10, -33
4923.1, 10, -33
4923.2, 10, -33
4923.3, 10, -33
4923.4, 10, -33
4923.5, 10, -32
4923.6, 10, -32
4923.7, 10, -32
4923.8, 10, -32
4923.9, 10, -32
4924, 10, -32
4924.1, 10, -32
4924.2, 10, -32
4924.3, 10, -32
4924.4, 10, -32
4924.5, 10, -31
4924.6, 10, -31
4924.7, 10, -31
4924.8, 10, -31
4924.9, 10, -31
4925, 10, -31
4925.1, 10, -31
4925.2, 10, -31
4925.3, 10, -31
4925.4, 10, -31
4925.5, 11, -31
4925.6, 11, -31
4925.7, 11, -31
4925.8, 11, -31
4925.9, 11, -31
4926, 11, -31
4926.1, 11, -31
4926.2, 11, -31
4926.3, 11, -31
4926.4, 11, -31
4926.5, 11, -30
4926.6, 11, -30
4926.7, 11, -30
4926.8, 11, -30
4926.9, 11, -30
4927, 11, -30
4927.1, 11, -30
4927.2, 11, -30
4927.3, 11, -30
4927.4, 11, -30
4927.5, 11, -30
4927.6, 11, -30
4927.7, 10, -30
4927.8, 10, -30
4927.9, 10, -30
4928, 10, -30
4928.1, 10, -30
4928.2, 10, -30
4928.3, 10, -30
4928.4, 10, -30
4928.5, 10, -30
4928.6, 10, -30
4928.7, 10, -30
4928.8, 10, -30
4928.9, 10, -30
4929, 10, -30
4929.1, 10, -29
4929.2, 10, -29
4929.3, 10, -29
4929.4, 10, -29
4929.5, 10, -29
4929.6, 10, -29
4929.7, 10, -29
4929.8, 10, -29
4929.9, 10, -29
4930, 10, -29
4930.1, 10, -29
4930.2, 10, -29
4930.3, 10, -29
4930.4, 10, -29
4930.5, 10, -29
4930.6, 10, -29
4930.7, 10, -29
4930.8, 10, -29
4930.9, 10, -29
4931, 10, -29
4931.1, 10, -29
4931.2, 10, -29
4931.3, 10, -29
4931.4, 10, -29
4931.5, 10, -29
4931.6, 10, -29
4931.7, 10, -29
4931.8, 10, -29
4931.9, 10, -29
4932, 10, -29
4932.1, 10, -29
4932.2, 10, -29
4932.3, 10, -29
4932.4, 10, -29
4932.5, 10, -29
4932.6, 10, -29
4932.7, 10, -29
4932.8, 10, -29
4932.9, 10, -29
4933, 10, -29
4933.1, 10, -29
4933.2, 10, -29
4933.3, 10, -28
4933.4, 10, -28
4933.5, 10, -28
4933.6, 10, -28
4933.7, 10, -28
4933.8, 10, -28
4933.9, 10, -28
4934, 10, -28
4934.1, 10, -28
4934.2, 10, -28
4934.3, 10, -28
4934.4, 10, -28
4934.5, 10, -28
4934.6, 10, -28
4934.7, 10, -28
4934.8, 10, -28
4934.9, 10, -29
4935, 10, -29
4935.1, 10, -29
4935.2, 10, -29
4935.3, 10, -29
4935.4, 10, -29
4935.5, 10, -29
4935.6, 10, -29
4935.7, 10, -29
4935.8, 10, -29
4935.9, 10, -29
4936, 10, -29
4936.1, 10, -29
4936.2, 10, -29
4936.3, 10, -29
4936.4, 10, -29
4936.5, 10, -29
4936.6, 10, -29
4936.7, 10, -29
4936.8, 10, -29
4936.9, 10, -29
4937, 10, -29
4937.1, 10, -29
4937.2, 10, -29
4937.3, 10, -29
4937.4, 10, -29
4937.5, 11, -29
4937.6, 11, -29
4937.7, 11, -29
4937.8, 11, -29
4937.9, 11, -29
4938, 11, -29
4938.1, 11, -29
4938.2, 11, -29
4938.3, 11, -29
4938.4, 11, -29
4938.5, 11, -29
4938.6, 11, -29
4938.7, 11, -29
4938.8, 11, -29
4938.9, 11, -29
4939, 11, -29
4939.1, 11, -29
4939.2, 11, -29
4939.3, 11, -29
4939.4, 11, -29
4939.5, 11, -29
4939.6, 11, -29
4939.7, 11, -29
4939.8, 11, -29
4939.9, 11, -29
4940, 11, -29
4940.1, 11, -29
4940.2, 11, -29
4940.3, 11, -29
4940.4, 11, -29
4940.5, 11, -29
4940.6, 11, -29
4940.7, 11, -29
4940.8, 11, -29
4940.9, 11, -28
4941, 11, -28
4941.1, 11, -28
4941.2, 11, -28
4941.3, 11, -28
4941.4, 11, -28
4941.5, 11, -28
4941.6, 11, -28
4941.7, 11, -28
4941.8, 11, -28
4941.9, 11, -28
4942, 11, -28
4942.1, 11, -28
4942.2, 11, -28
4942.3, 11, -28
4942.4, 11, -28
4942.5, 11, -28
4942.6, 11, -28
4942.7, 11, -27
4942.8, 11, -27
4942.9, 11, -27
4943, 11, -27
4943.1, 11, -27
4943.2, 11, -27
4943.3, 11, -27
4943.4, 11, -27
4943.5, 11, -27
4943.6, 11, -27
4943.7, 11, -27
4943.8, 11, -27
4943.9, 11, -27
4944, 11, -27
4944.1, 11, -27
4944.2, 11, -27
4944.3, 11, -26
4944.4, 11, -26
4944.5, 11, -26
4944.6, 11, -26
4944.7, 11, -26
4944.8, 11, -26
4944.9, 11, -26
4945, 11, -26
4945.1, 10, -26
4945.2, 10, -26
4945.3, 10, -26
4945.4, 10, -26
4945.5, 10, -26
4945.6, 10, -26
4945.7, 10, -26
4945.8, 10, -26
4945.9, 10, -26
4946, 10, -26
4946.1, 10, -26
4946.2, 10, -26
4946.3, 10, -26
4946.4, 10, -26
4946.5, 10, -26
4946.6, 10, -26
4946.7, 10, -26
4946.8, 10, -26
4946.9, 10, -26
4947, 10, -26
4947.1, 10, -26
4947.2, 10, -26
4947.3, 10, -26
4947.4, 10, -26
4947.5, 10, -26
4947.6, 10, -26
4947.7, 10, -26
4947.8, 10, -26
4947.9, 10, -26
4948, 10, -26
4948.1, 10, -26
4948.2, 10, -26
4948.3, 10, -26
4948.4, 10, -26
4948.5, 10, -26
4948.6, 10, -26
4948.7, 10, -26
4948.8, 10, -26
4948.9, 10, -26
4949, 10, -26
4949.1, 10, -26
4949.2, 10, -26
4949.3, 10, -26
4949.4, 10, -26
4949.5, 10, -26
4949.6, 10, -26
4949.7, 10, -26
4949.8, 10, -26
4949.9, 10, -26
4950, 10, -26
4950.1, 10, -26
4950.2, 10, -26
4950.3, 10, -26
4950.4, 10, -26
4950.5, 10, -26
4950.6, 10, -26
4950.7, 10, -26
4950.8, 10, -26
4950.9, 10, -26
4951, 10, -26
4951.1, 10, -26
4951.2, 10, -26
4951.3, 10, -26
4951.4, 10, -26
4951.5, 10, -26
4951.6, 10, -26
4951.7, 10, -26
4951.8, 10, -26
4951.9, 10, -26
4952, 10, -26
4952.1, 10, -26
4952.2, 10, -26
4952.3, 10, -26
4952.4, 10, -26
4952.5, 10, -26
4952.6, 10, -26
4952.7, 10, -26
4952.8, 10, -26
4952.9, 10, -26
4953, 10, -26
4953.1, 10, -26
4953.2, 10, -26
4953.3, 10, -26
4953.4, 10, -26
4953.5, 10, -26
4953.6, 10, -26
4953.7, 10, -26
4953.8, 10, -26
4953.9, 10, -26
4954, 10, -26
4954.1, 10, -26
4954.2, 10, -26
4954.3, 9, -26
4954.4, 9, -26
4954.5, 9, -26
4954.6, 9, -26
4954.7, 9, -26
4954.8, 9, -26
4954.9, 9, -26
4955, 9, -26
4955.1, 8, -26
4955.2, 8, -26
4955.3, 8, -26
4955.4, 8, -26
4955.5, 8, -26
4955.6, 8, -26
4955.7, 8, -26
4955.8, 8, -26
4955.9, 8, -26
4956, 8, -26
4956.1, 8, -26
4956.2, 8, -26
4956.3, 8, -26
4956.4, 8, -26
4956.5, 8, -26
4956.6, 8, -26
4956.7, 8, -26
4956.8, 8, -26
4956.9, 8, -26
4957, 8, -26
4957.1, 8, -26
4957.2, 8, -26
4957.3, 8, -26
4957.4, 8, -26
4957.5, 8, -26
4957.6, 8, -26
4957.7, 8, -26
4957.8, 8, -26
4957.9, 8, -27
4958, 8, -27
4958.1, 8, -27
4958.2, 8, -27
4958.3, 8, -27
4958.4, 8, -27
4958.5, 8, -27
4958.6, 8, -27
4958.7, 8, -27
4958.8, 8, -27
4958.9, 8, -27
4959, 8, -27
4959.1, 8, -27
4959.2, 8, -27
4959.3, 8, -27
4959.4, 8, -27
4959.5, 8, -27
4959.6, 8, -27
4959.7, 7, -27
4959.8, 7, -27
4959.9, 7, -27
4960, 7, -27
4960.1, 7, -27
4960.2, 7, -27
4960.3, 7, -27
4960.4, 7, -27
4960.5, 7, -27
4960.6, 7, -27
4960.7, 7, -27
4960.8, 7, -27
4960.9, 7, -27
4961, 7, -27
4961.1, 7, -27
4961.2, 7, -27
4961.3, 7, -27
4961.4, 7, -27
4961.5, 7, -27
4961.6, 7, -27
4961.7, 7, -27
4961.8, 7, -27
4961.9, 7, -27
4962, 7, -27
4962.1, 7, -27
4962.2, 7, -27
4962.3, 7, -27
4962.4, 7, -27
4962.5, 7, -27
4962.6, 7, -27
4962.7, 7, -27
4962.8, 7, -27
4962.9, 7, -27
4963, 7, -27
4963.1, 7, -27
4963.2, 7, -27
4963.3, 7, -27
4963.4, 7, -27
4963.5, 7, -27
4963.6, 7, -27
4963.7, 7, -27
4963.8, 7, -27
4963.9, 7, -27
4964, 7, -27
4964.1, 7, -27
4964.2, 7, -27
4964.3, 7, -27
4964.4, 7, -27
4964.5, 7, -27
4964.6, 7, -27
4964.7, 7, -27
4964.8, 7, -27
4964.9, 7, -27
4965, 7, -27
4965.1, 7, -27
4965.2, 7, -27
4965.3, 6, -27
4965.4, 6, -27
4965.5, 7, -27
4965.6, 7, -27
4965.7, 7, -27
4965.8, 7, -27
4965.9, 7, -27
4966, 7, -27
4966.1, 7, -27
4966.2, 7, -27
4966.3, 7, -27
4966.4, 7, -27
4966.5, 7, -27
4966.6, 7, -27
4966.7, 7, -27
4966.8, 7, -27
4966.9, 7, -27
4967, 7, -27
4967.1, 7, -27
4967.2, 7, -27
4967.3, 7, -27
4967.4, 7, -27
4967.5, 7, -27
4967.6, 7, -27
4967.7, 7, -27
4967.8, 7, -27
4967.9, 7, -27
4968, 7, -27
4968.1, 7, -27
4968.2, 7, -27
4968.3, 7, -27
4968.4, 7, -27
4968.5, 7, -27
4968.6, 7, -27
4968.7, 7, -27
4968.8, 7, -27
4968.9, 7, -27
4969, 7, -27
4969.1, 7, -27
4969.2, 7, -27
4969.3, 7, -27
4969.4, 7, -27
4969.5, 7, -27
4969.6, 7, -27
4969.7, 7, -27
4969.8, 7, -27
4969.9, 7, -27
4970, 7, -27
4970.1, 6, -27
4970.2, 6, -27
4970.3, 6, -27
4970.4, 6, -27
4970.5, 6, -27
4970.6, 6, -27
4970.7, 6, -27
4970.8, 6, -27
4970.9, 6, -27
4971, 6, -27
4971.1, 6, -27
4971.2, 6, -27
4971.3, 6, -27
4971.4, 6, -27
4971.5, 6, -27
4971.6, 6, -27
4971.7, 6, -27
4971.8, 6, -27
4971.9, 6, -27
4972, 6, -27
4972.1, 6, -27
4972.2, 6, -27
4972.3, 6, -27
4972.4, 6, -27
4972.5, 6, -27
4972.6, 6, -27
4972.7, 5, -27
4972.8, 5, -27
4972.9, 5, -27
4973, 5, -27
4973.1, 5, -27
4973.2, 5, -27
4973.3, 5, -28
4973.4, 5, -28
4973.5, 5, -28
4973.6, 5, -28
4973.7, 6, -28
4973.8, 6, -28
4973.9, 6, -28
4974, 6, -28
4974.1, 6, -28
4974.2, 6, -28
4974.3, 6, -28
4974.4, 6, -28
4974.5, 6, -28
4974.6, 6, -28
4974.7, 6, -28
4974.8, 6, -28
4974.9, 6, -28
4975, 6, -28
4975.1, 6, -28
4975.2, 6, -28
4975.3, 6, -28
4975.4, 6, -28
4975.5, 6, -28
4975.6, 6, -28
4975.7, 6, -28
4975.8, 6, -28
4975.9, 6, -28
4976, 6, -28
4976.1, 6, -28
4976.2, 6, -28
4976.3, 6, -28
4976.4, 6, -28
4976.5, 6, -28
4976.6, 6, -28
4976.7, 6, -28
4976.8, 6, -28
4976.9, 6, -28
4977, 6, -28
4977.1, 6, -29
4977.2, 6, -29
4977.3, 6, -30
4977.4, 6, -30
4977.5, 6, -30
4977.6, 6, -30
4977.7, 6, -30
4977.8, 6, -30
4977.9, 6, -30
4978, 6, -30
4978.1, 6, -30
4978.2, 6, -30
4978.3, 6, -30
4978.4, 6, -30
4978.5, 6, -30
4978.6, 6, -30
4978.7, 6, -30
4978.8, 6, -30
4978.9, 6, -30
4979, 6, -30
4979.1, 6, -30
4979.2, 6, -30
4979.3, 6, -30
4979.4, 6, -30
4979.5, 6, -30
4979.6, 6, -30
4979.7, 6, -30
4979.8, 6, -30
4979.9, 6, -30
4980, 6, -30
4980.1, 6, -30
4980.2, 6, -30
4980.3, 6, -30
4980.4, 6, -30
4980.5, 6, -30
4980.6, 6, -30
4980.7, 6, -30
4980.8, 6, -30
4980.9, 6, -30
4981, 6, -30
4981.1, 6, -30
4981.2, 6, -30
4981.3, 6, -30
4981.4, 6, -30
4981.5, 6, -30
4981.6, 6, -30
4981.7, 6, -30
4981.8, 6, -30
4981.9, 6, -30
4982, 6, -30
4982.1, 6, -30
4982.2, 6, -30
4982.3, 6, -30
4982.4, 6, -30
4982.5, 6, -30
4982.6, 6, -30
4982.7, 6, -30
4982.8, 6, -30
4982.9, 6, -30
4983, 6, -30
4983.1, 6, -30
4983.2, 6, -30
4983.3, 6, -30
4983.4, 6, -30
4983.5, 6, -30
4983.6, 6, -30
4983.7, 6, -29
4983.8, 6, -29
4983.9, 6, -29
4984, 6, -29
4984.1, 6, -29
4984.2, 6, -29
4984.3, 7, -29
4984.4, 7, -29
4984.5, 7, -29
4984.6, 7, -29
4984.7, 7, -29
4984.8, 7, -29
4984.9, 7, -29
4985, 7, -29
4985.1, 7, -29
4985.2, 7, -29
4985.3, 8, -29
4985.4, 8, -29
4985.5, 8, -29
4985.6, 8, -29
4985.7, 8, -29
4985.8, 8, -29
4985.9, 8, -29
4986, 8, -29
4986.1, 7, -29
4986.2, 7, -29
4986.3, 7, -29
4986.4, 7, -29
4986.5, 7, -30
4986.6, 7, -30
4986.7, 7, -30
4986.8, 7, -30
4986.9, 7, -30
4987, 7, -30
4987.1, 7, -30
4987.2, 7, -30
4987.3, 7, -30
4987.4, 7, -30
4987.5, 7, -30
4987.6, 7, -30
4987.7, 7, -30
4987.8, 7, -30
4987.9, 7, -30
4988, 7, -30
4988.1, 7, -30
4988.2, 7, -30
4988.3, 7, -30
4988.4, 7, -30
4988.5, 7, -30
4988.6, 7, -30
4988.7, 7, -30
4988.8, 7, -30
4988.9, 7, -30
4989, 7, -30
4989.1, 7, -30
4989.2, 7, -30
4989.3, 7, -30
4989.4, 7, -30
4989.5, 7, -30
4989.6, 7, -30
4989.7, 7, -30
4989.8, 7, -30
4989.9, 7, -30
4990, 7, -30
4990.1, 7, -30
4990.2, 7, -30
4990.3, 7, -30
4990.4, 7, -30
4990.5, 7, -30
4990.6, 7, -30
4990.7, 7, -30
4990.8, 7, -30
4990.9, 7, -30
4991, 7, -30
4991.1, 6, -30
4991.2, 6, -30
4991.3, 6, -30
4991.4, 6, -30
4991.5, 6, -30
4991.6, 6, -30
4991.7, 6, -30
4991.8, 6, -30
4991.9, 6, -30
4992, 6, -30
4992.1, 6, -30
4992.2, 6, -30
4992.3, 6, -30
4992.4, 6, -30
4992.5, 6, -30
4992.6, 6, -30
4992.7, 6, -30
4992.8, 6, -30
4992.9, 6, -30
4993, 6, -30
4993.1, 6, -30
4993.2, 6, -30
4993.3, 6, -30
4993.4, 6, -30
4993.5, 6, -30
4993.6, 6, -30
4993.7, 6, -30
4993.8, 6, -30
4993.9, 6, -30
4994, 6, -30
4994.1, 6, -30
4994.2, 6, -30
4994.3, 6, -30
4994.4, 6, -30
4994.5, 6, -30
4994.6, 6, -30
4994.7, 6, -30
4994.8, 6, -30
4994.9, 6, -30
4995, 6, -30
4995.1, 6, -30
4995.2, 6, -30
4995.3, 6, -30
4995.4, 6, -30
4995.5, 5, -30
4995.6, 5, -30
4995.7, 5, -30
4995.8, 5, -30
4995.9, 5, -30
4996, 5, -30
4996.1, 5, -30
4996.2, 5, -30
4996.3, 5, -30
4996.4, 5, -30
4996.5, 5, -30
4996.6, 5, -30
4996.7, 5, -30
4996.8, 5, -30
4996.9, 5, -30
4997, 5, -30
4997.1, 5, -30
4997.2, 5, -30
4997.3, 5, -30
4997.4, 5, -30
4997.5, 5, -30
4997.6, 5, -30
4997.7, 5, -30
4997.8, 5, -30
4997.9, 5, -30
4998, 5, -30
4998.1, 5, -30
4998.2, 5, -30
4998.3, 5, -30
4998.4, 5, -30
4998.5, 5, -30
4998.6, 5, -30
4998.7, 5, -30
4998.8, 5, -30
4998.9, 5, -30
4999, 5, -30
4999.1, 5, -30
4999.2, 5, -30
4999.3, 5, -30
4999.4, 5, -30
4999.5, 5, -30
4999.6, 5, -30
4999.7, 5, -30
4999.8, 5, -30
4999.9, 5, -30
5000, 5, -30
