0, 0, 0
0.1, 0, 0
0.2, 0, 0
0.3, 0, 0
0.4, 0, 0
0.5, 0, 0
0.6, 0, 0
0.7, 1, 0
0.8, 1, 0
0.9, 1, 0
1, 1, 0
1.1, 1, 0
1.2, 1, 0
1.3, 1, 0
1.4, 1, 0
1.5, 1, 0
1.6, 1, 0
1.7, 1, 0
1.8, 1, 0
1.9, 1, 0
2, 1, 0
2.1, 1, 0
2.2, 1, 0
2.3, 1, 0
2.4, 1, 0
2.5, 1, 0
2.6, 1, 0
2.7, 1, 0
2.8, 1, 0
2.9, 1, 0
3, 1, 0
3.1, 1, 0
3.2, 1, 0
3.3, 1, 0
3.4, 1, 0
3.5, 1, 0
3.6, 1, 0
3.7, 1, 0
3.8, 1, 0
3.9, 1, 1
4, 1, 1
4.1, 1, 1
4.2, 1, 1
4.3, 1, 1
4.4, 1, 1
4.5, 1, 1
4.6, 1, 1
4.7, 1, 1
4.8, 1, 1
4.9, 1, 1
5, 1, 1
5.1, 1, 1
5.2, 1, 1
5.3, 1, 1
5.4, 1, 1
5.5, 1, 1
5.6, 1, 1
5.7, 1, 1
5.8, 1, 1
5.9, 1, 1
6, 1, 1
6.1, 1, 1
6.2, 1, 1
6.3, 2, 1
6.4, 2, 1
6.5, 2, 1
6.6, 2, 1
6.7, 2, 1
6.8, 2, 1
6.9, 2, 1
7, 2, 1
7.1, 2, 1
7.2, 2, 1
7.3, 2, 1
7.4, 2, 1
7.5, 2, 1
7.6, 2, 1
7.7, 2, 1
7.8, 2, 1
7.9, 2, 1
8, 2, 1
8.1, 2, 1
8.2, 2, 1
8.3, 2, 1
8.4, 2, 1
8.5, 2, 1
8.6, 2, 1
8.7, 2, 1
8.8, 2, 1
8.9, 1, 1
9, 1, 1
9.1, 1, 1
9.2, 1, 1
9.3, 1, 1
9.4, 1, 1
9.5, 1, 1
9.6, 1, 1
9.7, 1, 1
9.8, 1, 1
9.9, 1, 1
10, 1, 1
10.1, 1, 1
10.2, 1, 1
10.3, 1, 1
10.4, 1, 1
10.5, 1, 1
10.6, 1, 1
10.7, 1, 1
10.8, 1, 1
10.9, 1, 1
11, 1, 1
11.1, 1, 1
11.2, 1, 1
11.3, 1, 1
11.4, 1, 1
11.5, 1, 1
11.6, 1, 1
11.7, 1, 1
11.8, 1, 1
11.9, 1, 1
12, 1, 1
12.1, 1, 1
12.2, 1, 1
12.3, 1, 1
12.4, 1, 1
12.5, 1, 1
12.6, 1, 1
12.7, 1, 1
12.8, 1, 1
12.9, 1, 1
13, 1, 1
13.1, 1, 1
13.2, 1, 1
13.3, 1, 1
13.4, 1, 1
13.5, 1, 1
13.6, 1, 1
13.7, 1, 1
13.8, 1, 1
13.9, 0, 1
14, 0, 1
14.1, 0, 1
14.2, 0, 1
14.3, 0, 1
14.4, 0, 1
14.5, 0, 2
14.6, 0, 2
14.7, 0, 2
14.8, 0, 2
14.9, 0, 2
15, 0, 2
15.1, 0, 2
15.2, 0, 2
15.3, 0, 2
15.4, 0, 2
15.5, 0, 2
15.6, 0, 2
15.7, 0, 2
15.8, 0, 2
15.9, 0, 2
16, 0, 2
16.1, 0, 2
16.2, 0, 2
16.3, 1, 2
16.4, 1, 2
16.5, 1, 2
16.6, 1, 2
16.7, 1, 3
16.8, 1, 3
16.9, 1, 3
17, 1, 3
17.1, 1, 3
17.2, 1, 3
17.3, 1, 3
17.4, 1, 3
17.5, 1, 3
17.6, 1, 3
17.7, 1, 3
17.8, 1, 3
17.9, 1, 3
18, 1, 3
18.1, 1, 3
18.2, 1, 3
18.3, 1, 3
18.4, 1, 3
18.5, 1, 3
18.6, 1, 3
18.7, 1, 3
18.8, 1, 3
18.9, 1, 3
19, 1, 3
19.1, 1, 3
19.2, 1, 3
19.3, 1, 4
19.4, 1, 4
19.5, 1, 4
19.6, 1, 4
19.7, 0, 4
19.8, 0, 4
19.9, 0, 4
20, 0, 4
20.1, 0, 4
20.2, 0, 4
20.3, 0, 4
20.4, 0, 4
20.5, 0, 4
20.6, 0, 4
20.7, -1, 4
20.8, -1, 4
20.9, -1, 4
21, -1, 4
21.1, -1, 4
21.2, -1, 4
21.3, -1, 4
21.4, -1, 4
21.5, -1, 4
21.6, -1, 4
21.7, -1, 4
21.8, -1, 4
21.9, -1, 4
22, -1, 4
22.1, -1, 4
22.2, -1, 4
22.3, -1, 4
22.4, -1, 4
22.5, -1, 4
22.6, -1, 4
22.7, -1, 4
22.8, -1, 4
22.9, -1, 4
23, -1, 4
23.1, -1, 4
23.2, -1, 4
23.3, -1, 4
23.4, -1, 4
23.5, -1, 4
23.6, -1, 4
23.7, -1, 4
23.8, -1, 4
23.9, -1, 4
24, -1, 4
24.1, -1, 4
24.2, -1, 4
24.3, -1, 4
24.4, -1, 4
24.5, -1, 4
24.6, -1, 4
24.7, -1, 4
24.8, -1, 4
24.9, -1, 4
25, -1, 4
25.1, -1, 4
25.2, -1, 4
25.3, -1, 4
25.4, -1, 4
25.5, -1, 4
25.6, -1, 4
25.7, -1, 4
25.8, -1, 4
25.9, -1, 4
26, -1, 4
26.1, -1, 4
26.2, -1, 4
26.3, -1, 3
26.4, -1, 3
26.5, -1, 3
26.6, -1, 3
26.7, -1, 3
26.8, -1, 3
26.9, -1, 3
27, -1, 3
27.1, -1, 3
27.2, -1, 3
27.3, -1, 3
27.4, -1, 3
27.5, -1, 3
27.6, -1, 3
27.7, -1, 4
27.8, -1, 4
27.9, -1, 4
28, -1, 4
28.1, -1, 5
28.2, -1, 5
28.3, -1, 5
28.4, -1, 5
28.5, -1, 5
28.6, -1, 5
28.7, -1, 5
28.8, -1, 5
28.9, 0, 5
29, 0, 5
29.1, 0, 5
29.2, 0, 5
29.3, 0, 5
29.4, 0, 5
29.5, 0, 5
29.6, 0, 5
29.7, 0, 5
29.8, 0, 5
29.9, 0, 5
30, 0, 5
30.1, 0, 5
30.2, 0, 5
30.3, 0, 5
30.4, 0, 5
30.5, 0, 5
30.6, 0, 5
30.7, 0, 5
30.8, 0, 5
30.9, 0, 5
31, 0, 5
31.1, 0, 5
31.2, 0, 5
31.3, 0, 5
31.4, 0, 5
31.5, 0, 5
31.6, 0, 5
31.7, 0, 5
31.8, 0, 5
31.9, -1, 5
32, -1, 5
32.1, -1, 5
32.2, -1, 5
32.3, -1, 5
32.4, -1, 5
32.5, -1, 5
32.6, -1, 5
32.7, -1, 5
32.8, -1, 5
32.9, -1, 5
33, -1, 5
33.1, -1, 5
33.2, -1, 5
33.3, -1, 5
33.4, -1, 5
33.5, -1, 5
33.6, -1, 5
33.7, -1, 5
33.8, -1, 5
33.9, -1, 5
34, -1, 5
34.1, -1, 5
34.2, -1, 5
34.3, -1, 6
34.4, -1, 6
34.5, -1, 6
34.6, -1, 6
34.7, -1, 6
34.8, -1, 6
34.9, -1, 6
35, -1, 6
35.1, -1, 6
35.2, -1, 6
35.3, -1, 6
35.4, -1, 6
35.5, -1, 6
35.6, -1, 6
35.7, -1, 6
35.8, -1, 6
35.9, -1, 6
36, -1, 6
36.1, -1, 6
36.2, -1, 6
36.3, -1, 6
36.4, -1, 6
36.5, -1, 7
36.6, -1, 7
36.7, -1, 7
36.8, -1, 7
36.9, -1, 6
37, -1, 6
37.1, -1, 6
37.2, -1, 6
37.3, -1, 6
37.4, -1, 6
37.5, -1, 6
37.6, -1, 6
37.7, -1, 6
37.8, -1, 6
37.9, -1, 6
38, -1, 6
38.1, -1, 5
38.2, -1, 5
38.3, -1, 5
38.4, -1, 5
38.5, -1, 5
38.6, -1, 5
38.7, -1, 5
38.8, -1, 5
38.9, -1, 5
39, -1, 5
39.1, -1, 5
39.2, -1, 5
39.3, -1, 5
39.4, -1, 5
39.5, -1, 5
39.6, -1, 5
39.7, -1, 5
39.8, -1, 5
39.9, -1, 5
40, -1, 5
40.1, -1, 5
40.2, -1, 5
40.3, -1, 5
40.4, -1, 5
40.5, -1, 5
40.6, -1, 5
40.7, -1, 5
40.8, -1, 5
40.9, -1, 5
41, -1, 5
41.1, -1, 5
41.2, -1, 5
41.3, 0, 5
41.4, 0, 5
41.5, 0, 5
41.6, 0, 5
41.7, 0, 5
41.8, 0, 5
41.9, 0, 5
42, 0, 5
42.1, 0, 5
42.2, 0, 5
42.3, 0, 5
42.4, 0, 5
42.5, 0, 5
42.6, 0, 5
42.7, 0, 5
42.8, 0, 5
42.9, 0, 5
43, 0, 5
43.1, 0, 5
43.2, 0, 5
43.3, 0, 5
43.4, 0, 5
43.5, 0, 5
43.6, 0, 5
43.7, 0, 5
43.8, 0, 5
43.9, 0, 5
44, 0, 5
44.1, 0, 5
44.2, 0, 5
44.3, 0, 5
44.4, 0, 5
44.5, 0, 5
44.6, 0, 5
44.7, 0, 4
44.8, 0, 4
44.9, 0, 4
45, 0, 4
45.1, 0, 4
45.2, 0, 4
45.3, 0, 4
45.4, 0, 4
45.5, 0, 4
45.6, 0, 4
45.7, 0, 4
45.8, 0, 4
45.9, 1, 4
46, 1, 4
46.1, 1, 4
46.2, 1, 4
46.3, 1, 4
46.4, 1, 4
46.5, 1, 4
46.6, 1, 4
46.7, 1, 4
46.8, 1, 4
46.9, 1, 5
47, 1, 5
47.1, 1, 4
47.2, 1, 4
47.3, 1, 4
47.4, 1, 4
47.5, 1, 4
47.6, 1, 4
47.7, 1, 4
47.8, 1, 4
47.9, 1, 4
48, 1, 4
48.1, 1, 4
48.2, 1, 4
48.3, 1, 4
48.4, 1, 4
48.5, 1, 4
48.6, 1, 4
48.7, 1, 4
48.8, 1, 4
48.9, 1, 4
49, 1, 4
49.1, 1, 4
49.2, 1, 4
49.3, 1, 4
49.4, 1, 4
49.5, 1, 4
49.6, 1, 4
49.7, 1, 4
49.8, 1, 4
49.9, 1, 4
50, 1, 4
50.1, 1, 4
50.2, 1, 4
50.3, 1, 4
50.4, 1, 4
50.5, 1, 4
50.6, 1, 4
50.7, 1, 4
50.8, 1, 4
50.9, 1, 4
51, 1, 4
51.1, 1, 4
51.2, 1, 4
51.3, 1, 4
51.4, 1, 4
51.5, 1, 4
51.6, 1, 4
51.7, 1, 4
51.8, 1, 4
51.9, 1, 5
52, 1, 5
52.1, 1, 5
52.2, 1, 5
52.3, 1, 5
52.4, 1, 5
52.5, 1, 5
52.6, 1, 5
52.7, 1, 5
52.8, 1, 5
52.9, 1, 5
53, 1, 5
53.1, 1, 5
53.2, 1, 5
53.3, 0, 5
53.4, 0, 5
53.5, 0, 5
53.6, 0, 5
53.7, 0, 4
53.8, 0, 4
53.9, 0, 4
54, 0, 4
54.1, 0, 4
54.2, 0, 4
54.3, 0, 4
54.4, 0, 4
54.5, 0, 4
54.6, 0, 4
54.7, 0, 3
54.8, 0, 3
54.9, 0, 3
55, 0, 3
55.1, 0, 3
55.2, 0, 3
55.3, 0, 3
55.4, 0, 3
55.5, 0, 3
55.6, 0, 3
55.7, 0, 3
55.8, 0, 3
55.9, 0, 3
56, 0, 3
56.1, -1, 3
56.2, -1, 3
56.3, -1, 3
56.4, -1, 3
56.5, -1, 3
56.6, -1, 3
56.7, -1, 3
56.8, -1, 3
56.9, 0, 3
57, 0, 3
57.1, 0, 3
57.2, 0, 3
57.3, 0, 3
57.4, 0, 3
57.5, -1, 3
57.6, -1, 3
57.7, -1, 3
57.8, -1, 3
57.9, -1, 3
58, -1, 3
58.1, -1, 3
58.2, -1, 3
58.3, -1, 3
58.4, -1, 3
58.5, -1, 3
58.6, -1, 3
58.7, -1, 3
58.8, -1, 3
58.9, -1, 3
59, -1, 3
59.1, -1, 3
59.2, -1, 3
59.3, -1, 3
59.4, -1, 3
59.5, -1, 3
59.6, -1, 3
59.7, -1, 3
59.8, -1, 3
59.9, -1, 3
60, -1, 3
60.1, -1, 3
60.2, -1, 3
60.3, -1, 3
60.4, -1, 3
60.5, -1, 3
60.6, -1, 3
60.7, -2, 3
60.8, -2, 3
60.9, -2, 3
61, -2, 3
61.1, -2, 3
61.2, -2, 3
61.3, -2, 3
61.4, -2, 3
61.5, -2, 3
61.6, -2, 3
61.7, -2, 2
61.8, -2, 2
61.9, -2, 2
62, -2, 2
62.1, -2, 2
62.2, -2, 2
62.3, -2, 1
62.4, -2, 1
62.5, -2, 1
62.6, -2, 1
62.7, -2, 1
62.8, -2, 1
62.9, -2, 1
63, -2, 1
63.1, -2, 1
63.2, -2, 1
63.3, -2, 1
63.4, -2, 1
63.5, -2, 1
63.6, -2, 1
63.7, -2, 1
63.8, -2, 1
63.9, -2, 1
64, -2, 1
64.1, -2, 1
64.2, -2, 1
64.3, -2, 1
64.4, -2, 1
64.5, -2, 1
64.6, -2, 1
64.7, -2, 1
64.8, -2, 1
64.9, -2, 1
65, -2, 1
65.1, -2, 1
65.2, -2, 1
65.3, -2, 1
65.4, -2, 1
65.5, -2, 1
65.6, -2, 1
65.7, -2, 1
65.8, -2, 1
65.9, -2, 1
66, -2, 1
66.1, -2, 1
66.2, -2, 1
66.3, -2, 1
66.4, -2, 1
66.5, -2, 1
66.6, -2, 1
66.7, -2, 1
66.8, -2, 1
66.9, -2, 1
67, -2, 1
67.1, -2, 1
67.2, -2, 1
67.3, -2, 1
67.4, -2, 1
67.5, -2, 1
67.6, -2, 1
67.7, -2, 1
67.8, -2, 1
67.9, -2, 1
68, -2, 1
68.1, -2, 1
68.2, -2, 1
68.3, -2, 1
68.4, -2, 1
68.5, -2, 1
68.6, -2, 1
68.7, -2, 1
68.8, -2, 1
68.9, -2, 0
69, -2, 0
69.1, -2, 0
69.2, -2, 0
69.3, -2, 0
69.4, -2, 0
69.5, -2, 0
69.6, -2, 0
69.7, -2, 0
69.8, -2, 0
69.9, -2, 0
70, -2, 0
70.1, -2, 0
70.2, -2, 0
70.3, -2, 0
70.4, -2, 0
70.5, -2, 0
70.6, -2, 0
70.7, -2, 0
70.8, -2, 0
70.9, -2, 0
71, -2, 0
71.1, -2, 0
71.2, -2, 0
71.3, -2, 0
71.4, -2, 0
71.5, -2, 0
71.6, -2, 0
71.7, -2, 1
71.8, -2, 1
71.9, -2, 1
72, -2, 1
72.1, -2, 1
72.2, -2, 1
72.3, -2, 1
72.4, -2, 1
72.5, -2, 1
72.6, -2, 1
72.7, -2, 1
72.8, -2, 1
72.9, -2, 1
73, -2, 1
73.1, -2, 1
73.2, -2, 1
73.3, -2, 1
73.4, -2, 1
73.5, -2, 1
73.6, -2, 1
73.7, -2, 1
73.8, -2, 1
73.9, -2, 1
74, -2, 1
74.1, -2, 2
74.2, -2, 2
74.3, -2, 2
74.4, -2, 2
74.5, -2, 2
74.6, -2, 2
74.7, -2, 2
74.8, -2, 2
74.9, -2, 2
75, -2, 2
75.1, -2, 2
75.2, -2, 2
75.3, -2, 2
75.4, -2, 2
75.5, -2, 2
75.6, -2, 2
75.7, -2, 2
75.8, -2, 2
75.9, -2, 2
76, -2, 2
76.1, -2, 2
76.2, -2, 2
76.3, -2, 2
76.4, -2, 2
76.5, -2, 2
76.6, -2, 2
76.7, -2, 2
76.8, -2, 2
76.9, -2, 2
77, -2, 2
77.1, -2, 2
77.2, -2, 2
77.3, -2, 2
77.4, -2, 2
77.5, -2, 2
77.6, -2, 2
77.7, -2, 2
77.8, -2, 2
77.9, -2, 1
78, -2, 1
78.1, -1, 1
78.2, -1, 1
78.3, -2, 1
78.4, -2, 1
78.5, -2, 1
78.6, -2, 1
78.7, -2, 1
78.8, -2, 1
78.9, -2, 1
79, -2, 1
79.1, -2, 1
79.2, -2, 1
79.3, -2, 1
79.4, -2, 1
79.5, -2, 1
79.6, -2, 1
79.7, -2, 1
79.8, -2, 1
79.9, -2, 1
80, -2, 1
80.1, -2, 1
80.2, -2, 1
80.3, -2, 1
80.4, -2, 1
80.5, -2, 1
80.6, -2, 1
80.7, -2, 1
80.8, -2, 1
80.9, -2, 1
81, -2, 1
81.1, -2, 1
81.2, -2, 1
81.3, -2, 1
81.4, -2, 1
81.5, -2, 1
81.6, -2, 1
81.7, -2, 1
81.8, -2, 1
81.9, -2, 1
82, -2, 1
82.1, -2, 1
82.2, -2, 1
82.3, -2, 1
82.4, -2, 1
82.5, -2, 1
82.6, -2, 1
82.7, -2, 1
82.8, -2, 1
82.9, -2, 1
83, -2, 1
83.1, -2, 1
83.2, -2, 1
83.3, -2, 1
83.4, -2, 1
83.5, -2, 1
83.6, -2, 1
83.7, -2, 1
83.8, -2, 1
83.9, -2, 1
84, -2, 1
84.1, -1, 1
84.2, -1, 1
84.3, -1, 1
84.4, -1, 1
84.5, -1, 1
84.6, -1, 1
84.7, -1, 1
84.8, -1, 1
84.9, -1, 1
85, -1, 1
85.1, -1, 1
85.2, -1, 1
85.3, -1, 1
85.4, -1, 1
85.5, -1, 1
85.6, -1, 1
85.7, -1, 1
85.8, -1, 1
85.9, -1, 1
86, -1, 1
86.1, -1, 1
86.2, -1, 1
86.3, -1, 1
86.4, -1, 1
86.5, -1, 1
86.6, -1, 1
86.7, -1, 1
86.8, -1, 1
86.9, -1, 1
87, -1, 1
87.1, -1, 1
87.2, -1, 1
87.3, -1, 1
87.4, -1, 1
87.5, -1, 1
87.6, -1, 1
87.7, -1, 1
87.8, -1, 1
87.9, -1, 1
88, -1, 1
88.1, -1, 0
88.2, -1, 0
88.3, -1, 0
88.4, -1, 0
88.5, 0, 0
88.6, 0, 0
88.7, 1, 0
88.8, 1, 0
88.9, 1, 0
89, 1, 0
89.1, 1, -1
89.2, 1, -1
89.3, 1, -1
89.4, 1, -1
89.5, 1, -1
89.6, 1, -1
89.7, 1, -1
89.8, 1, -1
89.9, 1, -1
90, 1, -1
90.1, 1, -1
90.2, 1, -1
90.3, 1, -1
90.4, 1, -1
90.5, 1, -1
90.6, 1, -1
90.7, 1, -1
90.8, 1, -1
90.9, 1, -1
91, 1, -1
91.1, 1, -1
91.2, 1, -1
91.3, 1, -1
91.4, 1, -1
91.5, 1, -1
91.6, 1, -1
91.7, 1, -1
91.8, 1, -1
91.9, 1, -1
92, 1, -1
92.1, 2, -1
92.2, 2, -1
92.3, 2, -1
92.4, 2, -1
92.5, 2, -1
92.6, 2, -1
92.7, 2, -1
92.8, 2, -1
92.9, 2, -1
93, 2, -1
93.1, 1, -1
93.2, 1, -1
93.3, 1, -1
93.4, 1, -1
93.5, 1, -1
93.6, 1, -1
93.7, 1, -1
93.8, 1, -1
93.9, 1, -1
94, 1, -1
94.1, 1, -1
94.2, 1, -1
94.3, 1, -1
94.4, 1, -1
94.5, 1, -1
94.6, 1, -1
94.7, 1, -1
94.8, 1, -1
94.9, 1, -1
95, 1, -1
95.1, 1, -1
95.2, 1, -1
95.3, 1, -1
95.4, 1, -1
95.5, 1, -1
95.6, 1, -1
95.7, 1, -1
95.8, 1, -1
95.9, 2, -1
96, 2, -1
96.1, 2, -1
96.2, 2, -1
96.3, 2, -1
96.4, 2, -1
96.5, 2, -1
96.6, 2, -1
96.7, 2, -1
96.8, 2, -1
96.9, 2, -1
97, 2, -1
97.1, 2, -2
97.2, 2, -2
97.3, 2, -2
97.4, 2, -2
97.5, 2, -2
97.6, 2, -2
97.7, 2, -2
97.8, 2, -2
97.9, 2, -2
98, 2, -2
98.1, 2, -2
98.2, 2, -2
98.3, 2, -2
98.4, 2, -2
98.5, 2, -2
98.6, 2, -2
98.7, 2, -2
98.8, 2, -2
98.9, 2, -2
99, 2, -2
99.1, 2, -2
99.2, 2, -2
99.3, 2, -2
99.4, 2, -2
99.5, 2, -2
99.6, 2, -2
99.7, 2, -2
99.8, 2, -2
99.9, 2, -2
100, 2, -2
100.1, 2, -2
100.2, 2, -2
100.3, 2, -2
100.4, 2, -2
100.5, 2, -2
100.6, 2, -2
100.7, 2, -2
100.8, 2, -2
100.9, 2, -2
101, 2, -2
101.1, 2, -2
101.2, 2, -2
101.3, 2, -2
101.4, 2, -2
101.5, 2, -2
101.6, 2, -2
101.7, 2, -2
101.8, 2, -2
101.9, 2, -2
102, 2, -2
102.1, 2, -2
102.2, 2, -2
102.3, 2, -3
102.4, 2, -3
102.5, 2, -3
102.6, 2, -3
102.7, 2, -3
102.8, 2, -3
102.9, 2, -3
103, 2, -3
103.1, 2, -3
103.2, 2, -3
103.3, 2, -3
103.4, 2, -3
103.5, 2, -3
103.6, 2, -3
103.7, 2, -3
103.8, 2, -3
103.9, 2, -3
104, 2, -3
104.1, 2, -3
104.2, 2, -3
104.3, 2, -3
104.4, 2, -3
104.5, 2, -3
104.6, 2, -3
104.7, 2, -3
104.8, 2, -3
104.9, 2, -3
105, 2, -3
105.1, 2, -3
105.2, 2, -3
105.3, 2, -3
105.4, 2, -3
105.5, 2, -3
105.6, 2, -3
105.7, 2, -3
105.8, 2, -3
105.9, 2, -3
106, 2, -3
106.1, 2, -3
106.2, 2, -3
106.3, 2, -3
106.4, 2, -3
106.5, 2, -3
106.6, 2, -3
106.7, 3, -3
106.8, 3, -3
106.9, 3, -3
107, 3, -3
107.1, 3, -3
107.2, 3, -3
107.3, 3, -3
107.4, 3, -3
107.5, 3, -3
107.6, 3, -3
107.7, 3, -3
107.8, 3, -3
107.9, 3, -3
108, 3, -3
108.1, 3, -3
108.2, 3, -3
108.3, 3, -3
108.4, 3, -3
108.5, 3, -3
108.6, 3, -3
108.7, 3, -3
108.8, 3, -3
108.9, 3, -3
109, 3, -3
109.1, 3, -3
109.2, 3, -3
109.3, 3, -3
109.4, 3, -3
109.5, 3, -3
109.6, 3, -3
109.7, 4, -3
109.8, 4, -3
109.9, 4, -3
110, 4, -3
110.1, 4, -3
110.2, 4, -3
110.3, 4, -3
110.4, 4, -3
110.5, 4, -3
110.6, 4, -3
110.7, 4, -3
110.8, 4, -3
110.9, 4, -3
111, 4, -3
111.1, 4, -3
111.2, 4, -3
111.3, 4, -3
111.4, 4, -3
111.5, 4, -3
111.6, 4, -3
111.7, 4, -3
111.8, 4, -3
111.9, 4, -3
112, 4, -3
112.1, 4, -3
112.2, 4, -3
112.3, 4, -3
112.4, 4, -3
112.5, 4, -3
112.6, 4, -3
112.7, 4, -3
112.8, 4, -3
112.9, 4, -3
113, 4, -3
113.1, 4, -3
113.2, 4, -3
113.3, 4, -3
113.4, 4, -3
113.5, 4, -3
113.6, 4, -3
113.7, 4, -3
113.8, 4, -3
113.9, 4, -3
114, 4, -3
114.1, 3, -3
114.2, 3, -3
114.3, 3, -3
114.4, 3, -3
114.5, 3, -3
114.6, 3, -3
114.7, 3, -3
114.8, 3, -3
114.9, 3, -3
115, 3, -3
115.1, 3, -3
115.2, 3, -3
115.3, 3, -3
115.4, 3, -3
115.5, 3, -3
115.6, 3, -3
115.7, 3, -3
115.8, 3, -3
115.9, 3, -3
116, 3, -3
116.1, 3, -3
116.2, 3, -3
116.3, 3, -3
116.4, 3, -3
116.5, 3, -3
116.6, 3, -3
116.7, 3, -3
116.8, 3, -3
116.9, 3, -3
117, 3, -3
117.1, 3, -3
117.2, 3, -3
117.3, 3, -3
117.4, 3, -3
117.5, 3, -3
117.6, 3, -3
117.7, 3, -3
117.8, 3, -3
117.9, 3, -3
118, 3, -3
118.1, 3, -3
118.2, 3, -3
118.3, 3, -3
118.4, 3, -3
118.5, 3, -3
118.6, 3, -3
118.7, 3, -3
118.8, 3, -3
118.9, 3, -3
119, 3, -3
119.1, 3, -3
119.2, 3, -3
119.3, 3, -3
119.4, 3, -3
119.5, 3, -4
119.6, 3, -4
119.7, 3, -4
119.8, 3, -4
119.9, 3, -4
120, 3, -4
120.1, 3, -4
120.2, 3, -4
120.3, 3, -4
120.4, 3, -4
120.5, 3, -4
120.6, 3, -4
120.7, 3, -4
120.8, 3, -4
120.9, 3, -4
121, 3, -4
121.1, 3, -4
121.2, 3, -4
121.3, 4, -4
121.4, 4, -4
121.5, 5, -4
121.6, 5, -4
121.7, 5, -4
121.8, 5, -4
121.9, 5, -4
122, 5, -4
122.1, 5, -4
122.2, 5, -4
122.3, 5, -4
122.4, 5, -4
122.5, 5, -4
122.6, 5, -4
122.7, 5, -4
122.8, 5, -4
122.9, 5, -4
123, 5, -4
123.1, 5, -4
123.2, 5, -4
123.3, 5, -4
123.4, 5, -4
123.5, 5, -4
123.6, 5, -4
123.7, 5, -4
123.8, 5, -4
123.9, 6, -4
124, 6, -4
124.1, 6, -4
124.2, 6, -4
124.3, 6, -4
124.4, 6, -4
124.5, 6, -4
124.6, 6, -4
124.7, 7, -4
124.8, 7, -4
124.9, 7, -4
125, 7, -4
125.1, 7, -4
125.2, 7, -4
125.3, 8, -4
125.4, 8, -4
125.5, 8, -4
125.6, 8, -4
125.7, 8, -4
125.8, 8, -4
125.9, 8, -4
126, 8, -4
126.1, 8, -4
126.2, 8, -4
126.3, 8, -4
126.4, 8, -4
126.5, 8, -4
126.6, 8, -4
126.7, 7, -4
126.8, 7, -4
126.9, 7, -4
127, 7, -4
127.1, 7, -4
127.2, 7, -4
127.3, 7, -4
127.4, 7, -4
127.5, 7, -4
127.6, 7, -4
127.7, 7, -4
127.8, 7, -4
127.9, 8, -4
128, 8, -4
128.1, 8, -4
128.2, 8, -4
128.3, 8, -4
128.4, 8, -4
128.5, 8, -4
128.6, 8, -4
128.7, 8, -4
128.8, 8, -4
128.9, 8, -4
129, 8, -4
129.1, 8, -4
129.2, 8, -4
129.3, 8, -4
129.4, 8, -4
129.5, 8, -4
129.6, 8, -4
129.7, 8, -4
129.8, 8, -4
129.9, 8, -4
130, 8, -4
130.1, 8, -4
130.2, 8, -4
130.3, 8, -4
130.4, 8, -4
130.5, 8, -4
130.6, 8, -4
130.7, 8, -4
130.8, 8, -4
130.9, 8, -4
131, 8, -4
131.1, 8, -4
131.2, 8, -4
131.3, 8, -4
131.4, 8, -4
131.5, 8, -3
131.6, 8, -3
131.7, 7, -3
131.8, 7, -3
131.9, 7, -3
132, 7, -3
132.1, 7, -3
132.2, 7, -3
132.3, 7, -3
132.4, 7, -3
132.5, 7, -3
132.6, 7, -3
132.7, 7, -3
132.8, 7, -3
132.9, 7, -3
133, 7, -3
133.1, 7, -3
133.2, 7, -3
133.3, 7, -3
133.4, 7, -3
133.5, 7, -3
133.6, 7, -3
133.7, 8, -3
133.8, 8, -3
133.9, 8, -3
134, 8, -3
134.1, 8, -3
134.2, 8, -3
134.3, 8, -3
134.4, 8, -3
134.5, 8, -3
134.6, 8, -3
134.7, 8, -3
134.8, 8, -3
134.9, 8, -3
135, 8, -3
135.1, 8, -3
135.2, 8, -3
135.3, 7, -3
135.4, 7, -3
135.5, 7, -3
135.6, 7, -3
135.7, 7, -3
135.8, 7, -3
135.9, 7, -3
136, 7, -3
136.1, 7, -3
136.2, 7, -3
136.3, 7, -3
136.4, 7, -3
136.5, 7, -3
136.6, 7, -3
136.7, 7, -3
136.8, 7, -3
136.9, 7, -3
137, 7, -3
137.1, 7, -3
137.2, 7, -3
137.3, 6, -3
137.4, 6, -3
137.5, 6, -3
137.6, 6, -3
137.7, 6, -3
137.8, 6, -3
137.9, 6, -3
138, 6, -3
138.1, 6, -4
138.2, 6, -4
138.3, 6, -3
138.4, 6, -3
138.5, 6, -3
138.6, 6, -3
138.7, 6, -3
138.8, 6, -3
138.9, 6, -3
139, 6, -3
139.1, 6, -3
139.2, 6, -3
139.3, 6, -3
139.4, 6, -3
139.5, 6, -3
139.6, 6, -3
139.7, 6, -3
139.8, 6, -3
139.9, 6, -3
140, 6, -3
140.1, 6, -3
140.2, 6, -3
140.3, 6, -3
140.4, 6, -3
140.5, 6, -3
140.6, 6, -3
140.7, 6, -3
140.8, 6, -3
140.9, 5, -3
141, 5, -3
141.1, 5, -3
141.2, 5, -3
141.3, 5, -3
141.4, 5, -3
141.5, 5, -4
141.6, 5, -4
141.7, 5, -4
141.8, 5, -4
141.9, 5, -4
142, 5, -4
142.1, 5, -4
142.2, 5, -4
142.3, 5, -4
142.4, 5, -4
142.5, 5, -4
142.6, 5, -4
142.7, 5, -4
142.8, 5, -4
142.9, 5, -4
143, 5, -4
143.1, 5, -4
143.2, 5, -4
143.3, 5, -4
143.4, 5, -4
143.5, 5, -4
143.6, 5, -4
143.7, 5, -4
143.8, 5, -4
143.9, 5, -4
144, 5, -4
144.1, 5, -4
144.2, 5, -4
144.3, 5, -4
144.4, 5, -4
144.5, 5, -4
144.6, 5, -4
144.7, 5, -5
144.8, 5, -5
144.9, 5, -5
145, 5, -5
145.1, 6, -5
145.2, 6, -5
145.3, 6, -5
145.4, 6, -5
145.5, 6, -6
145.6, 6, -6
145.7, 6, -6
145.8, 6, -6
145.9, 6, -6
146, 6, -6
146.1, 6, -6
146.2, 6, -6
146.3, 6, -6
146.4, 6, -6
146.5, 6, -6
146.6, 6, -6
146.7, 6, -6
146.8, 6, -6
146.9, 6, -6
147, 6, -6
147.1, 6, -6
147.2, 6, -6
147.3, 6, -6
147.4, 6, -6
147.5, 6, -6
147.6, 6, -6
147.7, 6, -6
147.8, 6, -6
147.9, 6, -6
148, 6, -6
148.1, 6, -6
148.2, 6, -6
148.3, 6, -6
148.4, 6, -6
148.5, 6, -6
148.6, 6, -6
148.7, 6, -6
148.8, 6, -6
148.9, 6, -6
149, 6, -6
149.1, 6, -6
149.2, 6, -6
149.3, 6, -6
149.4, 6, -6
149.5, 6, -6
149.6, 6, -6
149.7, 6, -6
149.8, 6, -6
149.9, 6, -6
150, 6, -6
150.1, 6, -6
150.2, 6, -6
150.3, 5, -6
150.4, 5, -6
150.5, 5, -6
150.6, 5, -6
150.7, 5, -6
150.8, 5, -6
150.9, 5, -6
151, 5, -6
151.1, 5, -6
151.2, 5, -6
151.3, 5, -6
151.4, 5, -6
151.5, 5, -6
151.6, 5, -6
151.7, 6, -6
151.8, 6, -6
151.9, 6, -6
152, 6, -6
152.1, 6, -6
152.2, 6, -6
152.3, 6, -6
152.4, 6, -6
152.5, 6, -6
152.6, 6, -6
152.7, 6, -6
152.8, 6, -6
152.9, 6, -6
153, 6, -6
153.1, 6, -6
153.2, 6, -6
153.3, 6, -6
153.4, 6, -6
153.5, 5, -6
153.6, 5, -6
153.7, 5, -6
153.8, 5, -6
153.9, 5, -6
154, 5, -6
154.1, 5, -6
154.2, 5, -6
154.3, 5, -6
154.4, 5, -6
154.5, 5, -6
154.6, 5, -6
154.7, 5, -6
154.8, 5, -6
154.9, 5, -6
155, 5, -6
155.1, 5, -6
155.2, 5, -6
155.3, 5, -6
155.4, 5, -6
155.5, 5, -6
155.6, 5, -6
155.7, 5, -6
155.8, 5, -6
155.9, 5, -6
156, 5, -6
156.1, 5, -6
156.2, 5, -6
156.3, 5, -6
156.4, 5, -6
156.5, 5, -6
156.6, 5, -6
156.7, 5, -6
156.8, 5, -6
156.9, 5, -6
157, 5, -6
157.1, 5, -6
157.2, 5, -6
157.3, 4, -6
157.4, 4, -6
157.5, 4, -6
157.6, 4, -6
157.7, 4, -6
157.8, 4, -6
157.9, 4, -6
158, 4, -6
158.1, 4, -6
158.2, 4, -6
158.3, 4, -6
158.4, 4, -6
158.5, 4, -7
158.6, 4, -7
158.7, 4, -7
158.8, 4, -7
158.9, 4, -7
159, 4, -7
159.1, 4, -7
159.2, 4, -7
159.3, 4, -7
159.4, 4, -7
159.5, 4, -7
159.6, 4, -7
159.7, 4, -7
159.8, 4, -7
159.9, 4, -7
160, 4, -7
160.1, 4, -7
160.2, 4, -7
160.3, 4, -7
160.4, 4, -7
160.5, 4, -7
160.6, 4, -7
160.7, 4, -7
160.8, 4, -7
160.9, 4, -7
161, 4, -7
161.1, 4, -7
161.2, 4, -7
161.3, 4, -7
161.4, 4, -7
161.5, 4, -7
161.6, 4, -7
161.7, 4, -7
161.8, 4, -7
161.9, 4, -7
162, 4, -7
162.1, 4, -7
162.2, 4, -7
162.3, 4, -7
162.4, 4, -7
162.5, 4, -7
162.6, 4, -7
162.7, 4, -7
162.8, 4, -7
162.9, 4, -7
163, 4, -7
163.1, 4, -7
163.2, 4, -7
163.3, 4, -7
163.4, 4, -7
163.5, 4, -7
163.6, 4, -7
163.7, 4, -7
163.8, 4, -7
163.9, 4, -7
164, 4, -7
164.1, 4, -7
164.2, 4, -7
164.3, 4, -7
164.4, 4, -7
164.5, 4, -7
164.6, 4, -7
164.7, 4, -7
164.8, 4, -7
164.9, 4, -7
165, 4, -7
165.1, 4, -7
165.2, 4, -7
165.3, 4, -7
165.4, 4, -7
165.5, 4, -7
165.6, 4, -7
165.7, 4, -7
165.8, 4, -7
165.9, 4, -7
166, 4, -7
166.1, 4, -7
166.2, 4, -7
166.3, 4, -7
166.4, 4, -7
166.5, 4, -7
166.6, 4, -7
166.7, 4, -7
166.8, 4, -7
166.9, 4, -7
167, 4, -7
167.1, 4, -7
167.2, 4, -7
167.3, 4, -7
167.4, 4, -7
167.5, 4, -7
167.6, 4, -7
167.7, 4, -7
167.8, 4, -7
167.9, 4, -7
168, 4, -7
168.1, 4, -8
168.2, 4, -8
168.3, 4, -8
168.4, 4, -8
168.5, 4, -8
168.6, 4, -8
168.7, 4, -8
168.8, 4, -8
168.9, 4, -8
169, 4, -8
169.1, 4, -8
169.2, 4, -8
169.3, 4, -8
169.4, 4, -8
169.5, 4, -8
169.6, 4, -8
169.7, 4, -8
169.8, 4, -8
169.9, 4, -8
170, 4, -8
170.1, 4, -8
170.2, 4, -8
170.3, 4, -8
170.4, 4, -8
170.5, 4, -8
170.6, 4, -8
170.7, 4, -8
170.8, 4, -8
170.9, 4, -8
171, 4, -8
171.1, 4, -8
171.2, 4, -8
171.3, 4, -8
171.4, 4, -8
171.5, 4, -8
171.6, 4, -8
171.7, 4, -8
171.8, 4, -8
171.9, 4, -8
172, 4, -8
172.1, 4, -8
172.2, 4, -8
172.3, 4, -8
172.4, 4, -8
172.5, 4, -8
172.6, 4, -8
172.7, 4, -8
172.8, 4, -8
172.9, 4, -8
173, 4, -8
173.1, 4, -9
173.2, 4, -9
173.3, 4, -9
173.4, 4, -9
173.5, 4, -9
173.6, 4, -9
173.7, 4, -9
173.8, 4, -9
173.9, 4, -9
174, 4, -9
174.1, 4, -9
174.2, 4, -9
174.3, 4, -9
174.4, 4, -9
174.5, 4, -9
174.6, 4, -9
174.7, 4, -9
174.8, 4, -9
174.9, 4, -9
175, 4, -9
175.1, 4, -9
175.2, 4, -9
175.3, 4, -9
175.4, 4, -9
175.5, 4, -9
175.6, 4, -9
175.7, 4, -9
175.8, 4, -9
175.9, 4, -9
176, 4, -9
176.1, 4, -9
176.2, 4, -9
176.3, 4, -9
176.4, 4, -9
176.5, 4, -9
176.6, 4, -9
176.7, 4, -9
176.8, 4, -9
176.9, 4, -9
177, 4, -9
177.1, 4, -8
177.2, 4, -8
177.3, 4, -8
177.4, 4, -8
177.5, 4, -8
177.6, 4, -8
177.7, 4, -8
177.8, 4, -8
177.9, 4, -8
178, 4, -8
178.1, 4, -8
178.2, 4, -8
178.3, 4, -8
178.4, 4, -8
178.5, 4, -8
178.6, 4, -8
178.7, 4, -8
178.8, 4, -8
178.9, 4, -8
179, 4, -8
179.1, 4, -8
179.2, 4, -8
179.3, 4, -8
179.4, 4, -8
179.5, 4, -8
179.6, 4, -8
179.7, 4, -8
179.8, 4, -8
179.9, 4, -8
180, 4, -8
180.1, 4, -8
180.2, 4, -8
180.3, 4, -8
180.4, 4, -8
180.5, 4, -8
180.6, 4, -8
180.7, 4, -8
180.8, 4, -8
180.9, 4, -8
181, 4, -8
181.1, 4, -8
181.2, 4, -8
181.3, 4, -8
181.4, 4, -8
181.5, 4, -8
181.6, 4, -8
181.7, 4, -8
181.8, 4, -8
181.9, 4, -8
182, 4, -8
182.1, 4, -8
182.2, 4, -8
182.3, 4, -8
182.4, 4, -8
182.5, 4, -8
182.6, 4, -8
182.7, 4, -8
182.8, 4, -8
182.9, 4, -8
183, 4, -8
183.1, 4, -8
183.2, 4, -8
183.3, 4, -8
183.4, 4, -8
183.5, 4, -8
183.6, 4, -8
183.7, 4, -8
183.8, 4, -8
183.9, 4, -9
184, 4, -9
184.1, 4, -9
184.2, 4, -9
184.3, 4, -9
184.4, 4, -9
184.5, 4, -9
184.6, 4, -9
184.7, 4, -9
184.8, 4, -9
184.9, 4, -9
185, 4, -9
185.1, 4, -9
185.2, 4, -9
185.3, 4, -9
185.4, 4, -9
185.5, 4, -10
185.6, 4, -10
185.7, 4, -10
185.8, 4, -10
185.9, 4, -10
186, 4, -10
186.1, 4, -10
186.2, 4, -10
186.3, 4, -10
186.4, 4, -10
186.5, 4, -10
186.6, 4, -10
186.7, 4, -10
186.8, 4, -10
186.9, 4, -10
187, 4, -10
187.1, 4, -10
187.2, 4, -10
187.3, 4, -10
187.4, 4, -10
187.5, 4, -10
187.6, 4, -10
187.7, 4, -10
187.8, 4, -10
187.9, 4, -10
188, 4, -10
188.1, 4, -10
188.2, 4, -10
188.3, 4, -10
188.4, 4, -10
188.5, 4, -10
188.6, 4, -10
188.7, 4, -10
188.8, 4, -10
188.9, 4, -10
189, 4, -10
189.1, 4, -10
189.2, 4, -10
189.3, 4, -10
189.4, 4, -10
189.5, 4, -10
189.6, 4, -10
189.7, 4, -10
189.8, 4, -10
189.9, 4, -10
190, 4, -10
190.1, 4, -10
190.2, 4, -10
190.3, 4, -10
190.4, 4, -10
190.5, 4, -10
190.6, 4, -10
190.7, 4, -10
190.8, 4, -10
190.9, 4, -10
191, 4, -10
191.1, 4, -10
191.2, 4, -10
191.3, 4, -10
191.4, 4, -10
191.5, 4, -10
191.6, 4, -10
191.7, 4, -10
191.8, 4, -10
191.9, 4, -10
192, 4, -10
192.1, 4, -10
192.2, 4, -10
192.3, 4, -10
192.4, 4, -10
192.5, 4, -10
192.6, 4, -10
192.7, 4, -10
192.8, 4, -10
192.9, 4, -10
193, 4, -10
193.1, 4, -9
193.2, 4, -9
193.3, 4, -9
193.4, 4, -9
193.5, 4, -9
193.6, 4, -9
193.7, 4, -9
193.8, 4, -9
193.9, 4, -8
194, 4, -8
194.1, 4, -9
194.2, 4, -9
194.3, 4, -9
194.4, 4, -9
194.5, 4, -9
194.6, 4, -9
194.7, 4, -9
194.8, 4, -9
194.9, 4, -9
195, 4, -9
195.1, 4, -9
195.2, 4, -9
195.3, 4, -9
195.4, 4, -9
195.5, 4, -9
195.6, 4, -9
195.7, 4, -9
195.8, 4, -9
195.9, 4, -9
196, 4, -9
196.1, 4, -9
196.2, 4, -9
196.3, 4, -8
196.4, 4, -8
196.5, 4, -8
196.6, 4, -8
196.7, 4, -8
196.8, 4, -8
196.9, 4, -8
197, 4, -8
197.1, 4, -8
197.2, 4, -8
197.3, 4, -8
197.4, 4, -8
197.5, 4, -8
197.6, 4, -8
197.7, 4, -8
197.8, 4, -8
197.9, 4, -8
198, 4, -8
198.1, 4, -8
198.2, 4, -8
198.3, 4, -8
198.4, 4, -8
198.5, 4, -8
198.6, 4, -8
198.7, 4, -8
198.8, 4, -8
198.9, 4, -8
199, 4, -8
199.1, 4, -8
199.2, 4, -8
199.3, 4, -8
199.4, 4, -8
199.5, 4, -8
199.6, 4, -8
199.7, 4, -8
199.8, 4, -8
199.9, 4, -8
200, 4, -8
200.1, 4, -8
200.2, 4, -8
200.3, 4, -8
200.4, 4, -8
200.5, 4, -8
200.6, 4, -8
200.7, 4, -8
200.8, 4, -8
200.9, 4, -8
201, 4, -8
201.1, 4, -8
201.2, 4, -8
201.3, 4, -8
201.4, 4, -8
201.5, 4, -8
201.6, 4, -8
201.7, 4, -8
201.8, 4, -8
201.9, 4, -8
202, 4, -8
202.1, 4, -8
202.2, 4, -8
202.3, 4, -8
202.4, 4, -8
202.5, 5, -8
202.6, 5, -8
202.7, 5, -8
202.8, 5, -8
202.9, 5, -8
203, 5, -8
203.1, 5, -8
203.2, 5, -8
203.3, 5, -9
203.4, 5, -9
203.5, 5, -9
203.6, 5, -9
203.7, 5, -9
203.8, 5, -9
203.9, 5, -9
204, 5, -9
204.1, 5, -9
204.2, 5, -9
204.3, 5, -9
204.4, 5, -9
204.5, 5, -9
204.6, 5, -9
204.7, 5, -9
204.8, 5, -9
204.9, 5, -9
205, 5, -9
205.1, 4, -9
205.2, 4, -9
205.3, 4, -9
205.4, 4, -9
205.5, 4, -9
205.6, 4, -9
205.7, 4, -9
205.8, 4, -9
205.9, 4, -9
206, 4, -9
206.1, 4, -9
206.2, 4, -9
206.3, 4, -10
206.4, 4, -10
206.5, 4, -10
206.6, 4, -10
206.7, 4, -10
206.8, 4, -10
206.9, 4, -10
207, 4, -10
207.1, 4, -10
207.2, 4, -10
207.3, 4, -10
207.4, 4, -10
207.5, 4, -10
207.6, 4, -10
207.7, 4, -10
207.8, 4, -10
207.9, 4, -10
208, 4, -10
208.1, 4, -10
208.2, 4, -10
208.3, 4, -10
208.4, 4, -10
208.5, 4, -10
208.6, 4, -10
208.7, 4, -10
208.8, 4, -10
208.9, 4, -10
209, 4, -10
209.1, 4, -10
209.2, 4, -10
209.3, 4, -10
209.4, 4, -10
209.5, 4, -10
209.6, 4, -10
209.7, 4, -10
209.8, 4, -10
209.9, 4, -10
210, 4, -10
210.1, 4, -10
210.2, 4, -10
210.3, 4, -10
210.4, 4, -10
210.5, 3, -10
210.6, 3, -10
210.7, 3, -10
210.8, 3, -10
210.9, 3, -10
211, 3, -10
211.1, 3, -10
211.2, 3, -10
211.3, 3, -10
211.4, 3, -10
211.5, 3, -10
211.6, 3, -10
211.7, 3, -10
211.8, 3, -10
211.9, 3, -10
212, 3, -10
212.1, 3, -10
212.2, 3, -10
212.3, 3, -10
212.4, 3, -10
212.5, 3, -10
212.6, 3, -10
212.7, 3, -10
212.8, 3, -10
212.9, 3, -10
213, 3, -10
213.1, 3, -10
213.2, 3, -10
213.3, 3, -10
213.4, 3, -10
213.5, 3, -10
213.6, 3, -10
213.7, 3, -10
213.8, 3, -10
213.9, 3, -10
214, 3, -10
214.1, 3, -10
214.2, 3, -10
214.3, 3, -10
214.4, 3, -10
214.5, 3, -10
214.6, 3, -10
214.7, 3, -10
214.8, 3, -10
214.9, 3, -10
215, 3, -10
215.1, 3, -10
215.2, 3, -10
215.3, 3, -10
215.4, 3, -10
215.5, 3, -10
215.6, 3, -10
215.7, 3, -10
215.8, 3, -10
215.9, 3, -10
216, 3, -10
216.1, 3, -10
216.2, 3, -10
216.3, 3, -10
216.4, 3, -10
216.5, 3, -10
216.6, 3, -10
216.7, 3, -10
216.8, 3, -10
216.9, 3, -10
217, 3, -10
217.1, 3, -10
217.2, 3, -10
217.3, 3, -10
217.4, 3, -10
217.5, 3, -11
217.6, 3, -11
217.7, 3, -11
217.8, 3, -11
217.9, 3, -11
218, 3, -11
218.1, 3, -11
218.2, 3, -11
218.3, 3, -10
218.4, 3, -10
218.5, 3, -10
218.6, 3, -10
218.7, 3, -10
218.8, 3, -10
218.9, 3, -10
219, 3, -10
219.1, 3, -10
219.2, 3, -10
219.3, 3, -10
219.4, 3, -10
219.5, 3, -10
219.6, 3, -10
219.7, 3, -10
219.8, 3, -10
219.9, 3, -10
220, 3, -10
220.1, 3, -10
220.2, 3, -10
220.3, 3, -10
220.4, 3, -10
220.5, 3, -10
220.6, 3, -10
220.7, 3, -10
220.8, 3, -10
220.9, 3, -10
221, 3, -10
221.1, 3, -11
221.2, 3, -11
221.3, 3, -10
221.4, 3, -10
221.5, 3, -10
221.6, 3, -10
221.7, 3, -10
221.8, 3, -10
221.9, 3, -10
222, 3, -10
222.1, 3, -10
222.2, 3, -10
222.3, 3, -10
222.4, 3, -10
222.5, 3, -10
222.6, 3, -10
222.7, 3, -10
222.8, 3, -10
222.9, 4, -10
223, 4, -10
223.1, 4, -10
223.2, 4, -10
223.3, 4, -10
223.4, 4, -10
223.5, 4, -10
223.6, 4, -10
223.7, 4, -10
223.8, 4, -10
223.9, 4, -10
224, 4, -10
224.1, 3, -10
224.2, 3, -10
224.3, 3, -10
224.4, 3, -10
224.5, 3, -10
224.6, 3, -10
224.7, 3, -10
224.8, 3, -10
224.9, 3, -10
225, 3, -10
225.1, 3, -10
225.2, 3, -10
225.3, 3, -9
225.4, 3, -9
225.5, 3, -9
225.6, 3, -9
225.7, 3, -9
225.8, 3, -9
225.9, 3, -9
226, 3, -9
226.1, 3, -9
226.2, 3, -9
226.3, 3, -9
226.4, 3, -9
226.5, 3, -9
226.6, 3, -9
226.7, 3, -9
226.8, 3, -9
226.9, 3, -9
227, 3, -9
227.1, 3, -9
227.2, 3, -9
227.3, 3, -9
227.4, 3, -9
227.5, 3, -9
227.6, 3, -9
227.7, 3, -9
227.8, 3, -9
227.9, 3, -9
228, 3, -9
228.1, 3, -9
228.2, 3, -9
228.3, 3, -9
228.4, 3, -9
228.5, 3, -9
228.6, 3, -9
228.7, 3, -9
228.8, 3, -9
228.9, 3, -9
229, 3, -9
229.1, 4, -9
229.2, 4, -9
229.3, 4, -9
229.4, 4, -9
229.5, 5, -9
229.6, 5, -9
229.7, 5, -9
229.8, 5, -9
229.9, 5, -9
230, 5, -9
230.1, 5, -10
230.2, 5, -10
230.3, 5, -10
230.4, 5, -10
230.5, 5, -10
230.6, 5, -10
230.7, 5, -10
230.8, 5, -10
230.9, 5, -10
231, 5, -10
231.1, 5, -10
231.2, 5, -10
231.3, 5, -10
231.4, 5, -10
231.5, 5, -10
231.6, 5, -10
231.7, 5, -10
231.8, 5, -10
231.9, 5, -10
232, 5, -10
232.1, 5, -10
232.2, 5, -10
232.3, 5, -10
232.4, 5, -10
232.5, 5, -10
232.6, 5, -10
232.7, 5, -10
232.8, 5, -10
232.9, 5, -10
233, 5, -10
233.1, 5, -10
233.2, 5, -10
233.3, 5, -10
233.4, 5, -10
233.5, 6, -10
233.6, 6, -10
233.7, 6, -10
233.8, 6, -10
233.9, 6, -10
234, 6, -10
234.1, 6, -10
234.2, 6, -10
234.3, 6, -10
234.4, 6, -10
234.5, 6, -10
234.6, 6, -10
234.7, 6, -10
234.8, 6, -10
234.9, 6, -9
235, 6, -9
235.1, 6, -9
235.2, 6, -9
235.3, 6, -9
235.4, 6, -9
235.5, 6, -9
235.6, 6, -9
235.7, 6, -9
235.8, 6, -9
235.9, 6, -9
236, 6, -9
236.1, 6, -9
236.2, 6, -9
236.3, 6, -9
236.4, 6, -9
236.5, 6, -9
236.6, 6, -9
236.7, 6, -8
236.8, 6, -8
236.9, 6, -8
237, 6, -8
237.1, 6, -8
237.2, 6, -8
237.3, 6, -8
237.4, 6, -8
237.5, 6, -8
237.6, 6, -8
237.7, 6, -8
237.8, 6, -8
237.9, 6, -8
238, 6, -8
238.1, 6, -8
238.2, 6, -8
238.3, 5, -8
238.4, 5, -8
238.5, 5, -8
238.6, 5, -8
238.7, 5, -8
238.8, 5, -8
238.9, 5, -8
239, 5, -8
239.1, 5, -8
239.2, 5, -8
239.3, 5, -8
239.4, 5, -8
239.5, 4, -8
239.6, 4, -8
239.7, 4, -8
239.8, 4, -8
239.9, 4, -8
240, 4, -8
240.1, 4, -8
240.2, 4, -8
240.3, 4, -8
240.4, 4, -8
240.5, 4, -9
240.6, 4, -9
240.7, 4, -10
240.8, 4, -10
240.9, 4, -10
241, 4, -10
241.1, 5, -10
241.2, 5, -10
241.3, 5, -10
241.4, 5, -10
241.5, 5, -10
241.6, 5, -10
241.7, 5, -10
241.8, 5, -10
241.9, 5, -10
242, 5, -10
242.1, 5, -10
242.2, 5, -10
242.3, 5, -10
242.4, 5, -10
242.5, 5, -10
242.6, 5, -10
242.7, 5, -10
242.8, 5, -10
242.9, 5, -10
243, 5, -10
243.1, 6, -10
243.2, 6, -10
243.3, 7, -10
243.4, 7, -10
243.5, 7, -10
243.6, 7, -10
243.7, 7, -10
243.8, 7, -10
243.9, 7, -10
244, 7, -10
244.1, 7, -10
244.2, 7, -10
244.3, 7, -10
244.4, 7, -10
244.5, 7, -10
244.6, 7, -10
244.7, 7, -10
244.8, 7, -10
244.9, 7, -10
245, 7, -10
245.1, 7, -10
245.2, 7, -10
245.3, 7, -10
245.4, 7, -10
245.5, 6, -10
245.6, 6, -10
245.7, 6, -10
245.8, 6, -10
245.9, 6, -10
246, 6, -10
246.1, 6, -11
246.2, 6, -11
246.3, 7, -11
246.4, 7, -11
246.5, 6, -11
246.6, 6, -11
246.7, 6, -11
246.8, 6, -11
246.9, 6, -11
247, 6, -11
247.1, 6, -11
247.2, 6, -11
247.3, 6, -11
247.4, 6, -11
247.5, 6, -11
247.6, 6, -11
247.7, 6, -11
247.8, 6, -11
247.9, 6, -11
248, 6, -11
248.1, 6, -10
248.2, 6, -10
248.3, 6, -10
248.4, 6, -10
248.5, 6, -10
248.6, 6, -10
248.7, 6, -10
248.8, 6, -10
248.9, 6, -10
249, 6, -10
249.1, 6, -10
249.2, 6, -10
249.3, 6, -10
249.4, 6, -10
249.5, 6, -10
249.6, 6, -10
249.7, 6, -10
249.8, 6, -10
249.9, 6, -11
250, 6, -11
250.1, 6, -11
250.2, 6, -11
250.3, 6, -11
250.4, 6, -11
250.5, 6, -11
250.6, 6, -11
250.7, 6, -11
250.8, 6, -11
250.9, 6, -11
251, 6, -11
251.1, 6, -11
251.2, 6, -11
251.3, 6, -11
251.4, 6, -11
251.5, 6, -11
251.6, 6, -11
251.7, 6, -11
251.8, 6, -11
251.9, 6, -11
252, 6, -11
252.1, 6, -11
252.2, 6, -11
252.3, 6, -11
252.4, 6, -11
252.5, 6, -11
252.6, 6, -11
252.7, 6, -11
252.8, 6, -11
252.9, 6, -11
253, 6, -11
253.1, 6, -11
253.2, 6, -11
253.3, 7, -11
253.4, 7, -11
253.5, 7, -11
253.6, 7, -11
253.7, 7, -11
253.8, 7, -11
253.9, 7, -11
254, 7, -11
254.1, 7, -11
254.2, 7, -11
254.3, 7, -11
254.4, 7, -11
254.5, 7, -11
254.6, 7, -11
254.7, 7, -11
254.8, 7, -11
254.9, 7, -11
255, 7, -11
255.1, 7, -11
255.2, 7, -11
255.3, 7, -11
255.4, 7, -11
255.5, 7, -11
255.6, 7, -11
255.7, 7, -11
255.8, 7, -11
255.9, 7, -11
256, 7, -11
256.1, 7, -11
256.2, 7, -11
256.3, 7, -11
256.4, 7, -11
256.5, 7, -12
256.6, 7, -12
256.7, 7, -12
256.8, 7, -12
256.9, 6, -12
257, 6, -12
257.1, 6, -12
257.2, 6, -12
257.3, 6, -12
257.4, 6, -12
257.5, 6, -12
257.6, 6, -12
257.7, 6, -12
257.8, 6, -12
257.9, 7, -12
258, 7, -12
258.1, 7, -12
258.2, 7, -12
258.3, 7, -12
258.4, 7, -12
258.5, 7, -12
258.6, 7, -12
258.7, 7, -12
258.8, 7, -12
258.9, 7, -12
259, 7, -12
259.1, 7, -12
259.2, 7, -12
259.3, 7, -12
259.4, 7, -12
259.5, 7, -12
259.6, 7, -12
259.7, 7, -12
259.8, 7, -12
259.9, 7, -12
260, 7, -12
260.1, 7, -12
260.2, 7, -12
260.3, 7, -12
260.4, 7, -12
260.5, 7, -12
260.6, 7, -12
260.7, 7, -12
260.8, 7, -12
260.9, 7, -12
261, 7, -12
261.1, 7, -12
261.2, 7, -12
261.3, 6, -12
261.4, 6, -12
261.5, 6, -12
261.6, 6, -12
261.7, 6, -12
261.8, 6, -12
261.9, 6, -12
262, 6, -12
262.1, 6, -12
262.2, 6, -12
262.3, 6, -12
262.4, 6, -12
262.5, 6, -12
262.6, 6, -12
262.7, 6, -12
262.8, 6, -12
262.9, 6, -12
263, 6, -12
263.1, 6, -12
263.2, 6, -12
263.3, 6, -12
263.4, 6, -12
263.5, 6, -12
263.6, 6, -12
263.7, 6, -12
263.8, 6, -12
263.9, 6, -12
264, 6, -12
264.1, 6, -12
264.2, 6, -12
264.3, 6, -12
264.4, 6, -12
264.5, 6, -12
264.6, 6, -12
264.7, 7, -12
264.8, 7, -12
264.9, 7, -12
265, 7, -12
265.1, 7, -12
265.2, 7, -12
265.3, 7, -13
265.4, 7, -13
265.5, 7, -13
265.6, 7, -13
265.7, 7, -13
265.8, 7, -13
265.9, 7, -13
266, 7, -13
266.1, 7, -13
266.2, 7, -13
266.3, 7, -13
266.4, 7, -13
266.5, 7, -13
266.6, 7, -13
266.7, 7, -13
266.8, 7, -13
266.9, 7, -13
267, 7, -13
267.1, 7, -13
267.2, 7, -13
267.3, 7, -13
267.4, 7, -13
267.5, 7, -13
267.6, 7, -13
267.7, 7, -13
267.8, 7, -13
267.9, 7, -13
268, 7, -13
268.1, 7, -13
268.2, 7, -13
268.3, 7, -13
268.4, 7, -13
268.5, 7, -12
268.6, 7, -12
268.7, 7, -12
268.8, 7, -12
268.9, 7, -12
269, 7, -12
269.1, 8, -12
269.2, 8, -12
269.3, 7, -12
269.4, 7, -12
269.5, 7, -12
269.6, 7, -12
269.7, 7, -13
269.8, 7, -13
269.9, 7, -13
270, 7, -13
270.1, 7, -13
270.2, 7, -13
270.3, 7, -13
270.4, 7, -13
270.5, 7, -13
270.6, 7, -13
270.7, 7, -13
270.8, 7, -13
270.9, 7, -13
271, 7, -13
271.1, 7, -13
271.2, 7, -13
271.3, 7, -13
271.4, 7, -13
271.5, 8, -13
271.6, 8, -13
271.7, 8, -14
271.8, 8, -14
271.9, 8, -14
272, 8, -14
272.1, 8, -14
272.2, 8, -14
272.3, 8, -14
272.4, 8, -14
272.5, 8, -13
272.6, 8, -13
272.7, 8, -13
272.8, 8, -13
272.9, 8, -13
273, 8, -13
273.1, 8, -12
273.2, 8, -12
273.3, 8, -12
273.4, 8, -12
273.5, 8, -12
273.6, 8, -12
273.7, 8, -12
273.8, 8, -12
273.9, 8, -12
274, 8, -12
274.1, 8, -12
274.2, 8, -12
274.3, 8, -12
274.4, 8, -12
274.5, 8, -12
274.6, 8, -12
274.7, 8, -12
274.8, 8, -12
274.9, 7, -12
275, 7, -12
275.1, 7, -13
275.2, 7, -13
275.3, 7, -13
275.4, 7, -13
275.5, 7, -13
275.6, 7, -13
275.7, 7, -14
275.8, 7, -14
275.9, 7, -14
276, 7, -14
276.1, 7, -14
276.2, 7, -14
276.3, 7, -14
276.4, 7, -14
276.5, 7, -14
276.6, 7, -14
276.7, 7, -14
276.8, 7, -14
276.9, 7, -14
277, 7, -14
277.1, 7, -14
277.2, 7, -14
277.3, 6, -14
277.4, 6, -14
277.5, 6, -14
277.6, 6, -14
277.7, 6, -14
277.8, 6, -14
277.9, 6, -14
278, 6, -14
278.1, 6, -14
278.2, 6, -14
278.3, 6, -14
278.4, 6, -14
278.5, 6, -14
278.6, 6, -14
278.7, 6, -14
278.8, 6, -14
278.9, 6, -14
279, 6, -14
279.1, 6, -14
279.2, 6, -14
279.3, 6, -14
279.4, 6, -14
279.5, 6, -14
279.6, 6, -14
279.7, 6, -14
279.8, 6, -14
279.9, 6, -14
280, 6, -14
280.1, 6, -14
280.2, 6, -14
280.3, 6, -14
280.4, 6, -14
280.5, 6, -14
280.6, 6, -14
280.7, 6, -14
280.8, 6, -14
280.9, 6, -14
281, 6, -14
281.1, 6, -14
281.2, 6, -14
281.3, 6, -14
281.4, 6, -14
281.5, 6, -14
281.6, 6, -14
281.7, 6, -14
281.8, 6, -14
281.9, 6, -14
282, 6, -14
282.1, 6, -14
282.2, 6, -14
282.3, 6, -14
282.4, 6, -14
282.5, 6, -14
282.6, 6, -14
282.7, 6, -14
282.8, 6, -14
282.9, 6, -14
283, 6, -14
283.1, 6, -14
283.2, 6, -14
283.3, 6, -14
283.4, 6, -14
283.5, 6, -14
283.6, 6, -14
283.7, 6, -14
283.8, 6, -14
283.9, 6, -14
284, 6, -14
284.1, 6, -14
284.2, 6, -14
284.3, 6, -14
284.4, 6, -14
284.5, 6, -14
284.6, 6, -14
284.7, 6, -14
284.8, 6, -14
284.9, 6, -14
285, 6, -14
285.1, 5, -14
285.2, 5, -14
285.3, 5, -14
285.4, 5, -14
285.5, 5, -14
285.6, 5, -14
285.7, 5, -14
285.8, 5, -14
285.9, 5, -14
286, 5, -14
286.1, 5, -14
286.2, 5, -14
286.3, 5, -14
286.4, 5, -14
286.5, 5, -14
286.6, 5, -14
286.7, 5, -14
286.8, 5, -14
286.9, 5, -14
287, 5, -14
287.1, 5, -14
287.2, 5, -14
287.3, 4, -14
287.4, 4, -14
287.5, 4, -14
287.6, 4, -14
287.7, 4, -14
287.8, 4, -14
287.9, 4, -14
288, 4, -14
288.1, 4, -14
288.2, 4, -14
288.3, 4, -14
288.4, 4, -14
288.5, 4, -14
288.6, 4, -14
288.7, 4, -14
288.8, 4, -14
288.9, 4, -14
289, 4, -14
289.1, 4, -14
289.2, 4, -14
289.3, 4, -15
289.4, 4, -15
289.5, 4, -14
289.6, 4, -14
289.7, 4, -14
289.8, 4, -14
289.9, 3, -14
290, 3, -14
290.1, 3, -14
290.2, 3, -14
290.3, 3, -14
290.4, 3, -14
290.5, 3, -14
290.6, 3, -14
290.7, 3, -14
290.8, 3, -14
290.9, 3, -14
291, 3, -14
291.1, 3, -14
291.2, 3, -14
291.3, 3, -13
291.4, 3, -13
291.5, 3, -13
291.6, 3, -13
291.7, 3, -13
291.8, 3, -13
291.9, 3, -13
292, 3, -13
292.1, 3, -13
292.2, 3, -13
292.3, 4, -13
292.4, 4, -13
292.5, 4, -13
292.6, 4, -13
292.7, 4, -13
292.8, 4, -13
292.9, 4, -12
293, 4, -12
293.1, 4, -12
293.2, 4, -12
293.3, 4, -12
293.4, 4, -12
293.5, 4, -12
293.6, 4, -12
293.7, 4, -12
293.8, 4, -12
293.9, 4, -12
294, 4, -12
294.1, 4, -12
294.2, 4, -12
294.3, 4, -12
294.4, 4, -12
294.5, 4, -12
294.6, 4, -12
294.7, 4, -12
294.8, 4, -12
294.9, 4, -12
295, 4, -12
295.1, 4, -12
295.2, 4, -12
295.3, 4, -12
295.4, 4, -12
295.5, 4, -11
295.6, 4, -11
295.7, 4, -11
295.8, 4, -11
295.9, 4, -11
296, 4, -11
296.1, 4, -11
296.2, 4, -11
296.3, 4, -11
296.4, 4, -11
296.5, 4, -11
296.6, 4, -11
296.7, 4, -11
296.8, 4, -11
296.9, 4, -12
297, 4, -12
297.1, 4, -12
297.2, 4, -12
297.3, 4, -12
297.4, 4, -12
297.5, 4, -12
297.6, 4, -12
297.7, 4, -12
297.8, 4, -12
297.9, 4, -12
298, 4, -12
298.1, 4, -12
298.2, 4, -12
298.3, 4, -12
298.4, 4, -12
298.5, 4, -12
298.6, 4, -12
298.7, 4, -12
298.8, 4, -12
298.9, 4, -12
299, 4, -12
299.1, 4, -12
299.2, 4, -12
299.3, 4, -12
299.4, 4, -12
299.5, 4, -12
299.6, 4, -12
299.7, 4, -12
299.8, 4, -12
299.9, 4, -12
300, 4, -12
300.1, 4, -12
300.2, 4, -12
300.3, 4, -12
300.4, 4, -12
300.5, 4, -12
300.6, 4, -12
300.7, 4, -12
300.8, 4, -12
300.9, 4, -12
301, 4, -12
301.1, 4, -12
301.2, 4, -12
301.3, 4, -12
301.4, 4, -12
301.5, 3, -12
301.6, 3, -12
301.7, 3, -12
301.8, 3, -12
301.9, 3, -12
302, 3, -12
302.1, 3, -12
302.2, 3, -12
302.3, 3, -12
302.4, 3, -12
302.5, 3, -12
302.6, 3, -12
302.7, 3, -12
302.8, 3, -12
302.9, 3, -12
303, 3, -12
303.1, 3, -12
303.2, 3, -12
303.3, 3, -12
303.4, 3, -12
303.5, 3, -12
303.6, 3, -12
303.7, 3, -12
303.8, 3, -12
303.9, 3, -12
304, 3, -12
304.1, 3, -12
304.2, 3, -12
304.3, 3, -12
304.4, 3, -12
304.5, 3, -12
304.6, 3, -12
304.7, 3, -12
304.8, 3, -12
304.9, 4, -12
305, 4, -12
305.1, 4, -12
305.2, 4, -12
305.3, 4, -12
305.4, 4, -12
305.5, 4, -12
305.6, 4, -12
305.7, 4, -12
305.8, 4, -12
305.9, 4, -12
306, 4, -12
306.1, 4, -12
306.2, 4, -12
306.3, 4, -12
306.4, 4, -12
306.5, 4, -12
306.6, 4, -12
306.7, 4, -12
306.8, 4, -12
306.9, 4, -12
307, 4, -12
307.1, 4, -12
307.2, 4, -12
307.3, 4, -12
307.4, 4, -12
307.5, 4, -12
307.6, 4, -12
307.7, 4, -12
307.8, 4, -12
307.9, 4, -12
308, 4, -12
308.1, 4, -12
308.2, 4, -12
308.3, 4, -12
308.4, 4, -12
308.5, 4, -12
308.6, 4, -12
308.7, 4, -12
308.8, 4, -12
308.9, 4, -12
309, 4, -12
309.1, 4, -12
309.2, 4, -12
309.3, 4, -12
309.4, 4, -12
309.5, 4, -12
309.6, 4, -12
309.7, 4, -12
309.8, 4, -12
309.9, 4, -12
310, 4, -12
310.1, 4, -12
310.2, 4, -12
310.3, 4, -12
310.4, 4, -12
310.5, 4, -12
310.6, 4, -12
310.7, 4, -12
310.8, 4, -12
310.9, 4, -12
311, 4, -12
311.1, 4, -11
311.2, 4, -11
311.3, 4, -11
311.4, 4, -11
311.5, 4, -11
311.6, 4, -11
311.7, 5, -11
311.8, 5, -11
311.9, 6, -11
312, 6, -11
312.1, 6, -11
312.2, 6, -11
312.3, 7, -11
312.4, 7, -11
312.5, 7, -11
312.6, 7, -11
312.7, 7, -11
312.8, 7, -11
312.9, 7, -11
313, 7, -11
313.1, 7, -11
313.2, 7, -11
313.3, 6, -11
313.4, 6, -11
313.5, 6, -11
313.6, 6, -11
313.7, 6, -11
313.8, 6, -11
313.9, 6, -11
314, 6, -11
314.1, 6, -11
314.2, 6, -11
314.3, 7, -11
314.4, 7, -11
314.5, 7, -11
314.6, 7, -11
314.7, 7, -11
314.8, 7, -11
314.9, 7, -11
315, 7, -11
315.1, 7, -11
315.2, 7, -11
315.3, 7, -11
315.4, 7, -11
315.5, 7, -11
315.6, 7, -11
315.7, 7, -11
315.8, 7, -11
315.9, 7, -11
316, 7, -11
316.1, 7, -11
316.2, 7, -11
316.3, 7, -11
316.4, 7, -11
316.5, 7, -11
316.6, 7, -11
316.7, 7, -11
316.8, 7, -11
316.9, 7, -11
317, 7, -11
317.1, 6, -11
317.2, 6, -11
317.3, 6, -11
317.4, 6, -11
317.5, 6, -11
317.6, 6, -11
317.7, 6, -11
317.8, 6, -11
317.9, 6, -11
318, 6, -11
318.1, 6, -11
318.2, 6, -11
318.3, 6, -11
318.4, 6, -11
318.5, 6, -11
318.6, 6, -11
318.7, 6, -11
318.8, 6, -11
318.9, 7, -11
319, 7, -11
319.1, 7, -12
319.2, 7, -12
319.3, 7, -12
319.4, 7, -12
319.5, 7, -12
319.6, 7, -12
319.7, 7, -12
319.8, 7, -12
319.9, 7, -12
320, 7, -12
320.1, 7, -12
320.2, 7, -12
320.3, 7, -12
320.4, 7, -12
320.5, 7, -12
320.6, 7, -12
320.7, 7, -12
320.8, 7, -12
320.9, 7, -12
321, 7, -12
321.1, 7, -12
321.2, 7, -12
321.3, 7, -12
321.4, 7, -12
321.5, 7, -12
321.6, 7, -12
321.7, 7, -12
321.8, 7, -12
321.9, 7, -12
322, 7, -12
322.1, 7, -11
322.2, 7, -11
322.3, 7, -11
322.4, 7, -11
322.5, 7, -11
322.6, 7, -11
322.7, 7, -11
322.8, 7, -11
322.9, 7, -12
323, 7, -12
323.1, 7, -12
323.2, 7, -12
323.3, 7, -12
323.4, 7, -12
323.5, 7, -12
323.6, 7, -12
323.7, 7, -12
323.8, 7, -12
323.9, 8, -12
324, 8, -12
324.1, 8, -12
324.2, 8, -12
324.3, 8, -12
324.4, 8, -12
324.5, 8, -12
324.6, 8, -12
324.7, 8, -12
324.8, 8, -12
324.9, 8, -12
325, 8, -12
325.1, 8, -12
325.2, 8, -12
325.3, 8, -12
325.4, 8, -12
325.5, 8, -12
325.6, 8, -12
325.7, 8, -12
325.8, 8, -12
325.9, 8, -12
326, 8, -12
326.1, 7, -12
326.2, 7, -12
326.3, 7, -12
326.4, 7, -12
326.5, 7, -12
326.6, 7, -12
326.7, 7, -12
326.8, 7, -12
326.9, 7, -12
327, 7, -12
327.1, 7, -12
327.2, 7, -12
327.3, 7, -12
327.4, 7, -12
327.5, 7, -12
327.6, 7, -12
327.7, 7, -13
327.8, 7, -13
327.9, 7, -13
328, 7, -13
328.1, 7, -13
328.2, 7, -13
328.3, 7, -13
328.4, 7, -13
328.5, 7, -13
328.6, 7, -13
328.7, 7, -13
328.8, 7, -13
328.9, 8, -13
329, 8, -13
329.1, 8, -12
329.2, 8, -12
329.3, 8, -12
329.4, 8, -12
329.5, 7, -12
329.6, 7, -12
329.7, 7, -12
329.8, 7, -12
329.9, 7, -12
330, 7, -12
330.1, 7, -12
330.2, 7, -12
330.3, 7, -12
330.4, 7, -12
330.5, 7, -11
330.6, 7, -11
330.7, 7, -11
330.8, 7, -11
330.9, 7, -11
331, 7, -11
331.1, 7, -12
331.2, 7, -12
331.3, 7, -12
331.4, 7, -12
331.5, 7, -12
331.6, 7, -12
331.7, 7, -12
331.8, 7, -12
331.9, 7, -12
332, 7, -12
332.1, 7, -12
332.2, 7, -12
332.3, 7, -12
332.4, 7, -12
332.5, 7, -12
332.6, 7, -12
332.7, 7, -12
332.8, 7, -12
332.9, 7, -12
333, 7, -12
333.1, 7, -12
333.2, 7, -12
333.3, 7, -12
333.4, 7, -12
333.5, 7, -12
333.6, 7, -12
333.7, 7, -12
333.8, 7, -12
333.9, 7, -12
334, 7, -12
334.1, 7, -12
334.2, 7, -12
334.3, 7, -12
334.4, 7, -12
334.5, 7, -11
334.6, 7, -11
334.7, 7, -11
334.8, 7, -11
334.9, 7, -11
335, 7, -11
335.1, 7, -11
335.2, 7, -11
335.3, 7, -11
335.4, 7, -11
335.5, 7, -11
335.6, 7, -11
335.7, 7, -11
335.8, 7, -11
335.9, 7, -11
336, 7, -11
336.1, 7, -11
336.2, 7, -11
336.3, 7, -11
336.4, 7, -11
336.5, 7, -11
336.6, 7, -11
336.7, 8, -11
336.8, 8, -11
336.9, 8, -11
337, 8, -11
337.1, 8, -11
337.2, 8, -11
337.3, 8, -11
337.4, 8, -11
337.5, 8, -12
337.6, 8, -12
337.7, 8, -12
337.8, 8, -12
337.9, 8, -12
338, 8, -12
338.1, 8, -12
338.2, 8, -12
338.3, 8, -12
338.4, 8, -12
338.5, 8, -12
338.6, 8, -12
338.7, 8, -12
338.8, 8, -12
338.9, 7, -12
339, 7, -12
339.1, 7, -12
339.2, 7, -12
339.3, 7, -11
339.4, 7, -11
339.5, 7, -11
339.6, 7, -11
339.7, 7, -11
339.8, 7, -11
339.9, 7, -11
340, 7, -11
340.1, 7, -11
340.2, 7, -11
340.3, 7, -11
340.4, 7, -11
340.5, 7, -11
340.6, 7, -11
340.7, 7, -11
340.8, 7, -11
340.9, 7, -11
341, 7, -11
341.1, 7, -11
341.2, 7, -11
341.3, 7, -11
341.4, 7, -11
341.5, 7, -12
341.6, 7, -12
341.7, 8, -12
341.8, 8, -12
341.9, 8, -12
342, 8, -12
342.1, 8, -12
342.2, 8, -12
342.3, 8, -12
342.4, 8, -12
342.5, 8, -12
342.6, 8, -12
342.7, 8, -12
342.8, 8, -12
342.9, 7, -12
343, 7, -12
343.1, 7, -12
343.2, 7, -12
343.3, 7, -12
343.4, 7, -12
343.5, 7, -12
343.6, 7, -12
343.7, 7, -12
343.8, 7, -12
343.9, 7, -12
344, 7, -12
344.1, 7, -12
344.2, 7, -12
344.3, 7, -12
344.4, 7, -12
344.5, 7, -12
344.6, 7, -12
344.7, 7, -12
344.8, 7, -12
344.9, 7, -12
345, 7, -12
345.1, 7, -12
345.2, 7, -12
345.3, 7, -12
345.4, 7, -12
345.5, 7, -12
345.6, 7, -12
345.7, 6, -12
345.8, 6, -12
345.9, 6, -12
346, 6, -12
346.1, 6, -12
346.2, 6, -12
346.3, 6, -12
346.4, 6, -12
346.5, 6, -12
346.6, 6, -12
346.7, 6, -12
346.8, 6, -12
346.9, 6, -12
347, 6, -12
347.1, 6, -12
347.2, 6, -12
347.3, 6, -12
347.4, 6, -12
347.5, 6, -12
347.6, 6, -12
347.7, 6, -12
347.8, 6, -12
347.9, 6, -12
348, 6, -12
348.1, 6, -12
348.2, 6, -12
348.3, 6, -12
348.4, 6, -12
348.5, 6, -12
348.6, 6, -12
348.7, 6, -12
348.8, 6, -12
348.9, 6, -12
349, 6, -12
349.1, 6, -12
349.2, 6, -12
349.3, 6, -11
349.4, 6, -11
349.5, 6, -11
349.6, 6, -11
349.7, 6, -11
349.8, 6, -11
349.9, 6, -11
350, 6, -11
350.1, 6, -11
350.2, 6, -11
350.3, 6, -11
350.4, 6, -11
350.5, 6, -11
350.6, 6, -11
350.7, 6, -11
350.8, 6, -11
350.9, 6, -11
351, 6, -11
351.1, 6, -11
351.2, 6, -11
351.3, 6, -11
351.4, 6, -11
351.5, 6, -11
351.6, 6, -11
351.7, 6, -11
351.8, 6, -11
351.9, 6, -11
352, 6, -11
352.1, 6, -11
352.2, 6, -11
352.3, 6, -11
352.4, 6, -11
352.5, 6, -11
352.6, 6, -11
352.7, 6, -11
352.8, 6, -11
352.9, 6, -11
353, 6, -11
353.1, 6, -11
353.2, 6, -11
353.3, 6, -11
353.4, 6, -11
353.5, 6, -11
353.6, 6, -11
353.7, 6, -11
353.8, 6, -11
353.9, 6, -11
354, 6, -11
354.1, 6, -11
354.2, 6, -11
354.3, 6, -11
354.4, 6, -11
354.5, 6, -11
354.6, 6, -11
354.7, 6, -11
354.8, 6, -11
354.9, 7, -11
355, 7, -11
355.1, 7, -11
355.2, 7, -11
355.3, 7, -11
355.4, 7, -11
355.5, 7, -11
355.6, 7, -11
355.7, 7, -11
355.8, 7, -11
355.9, 7, -11
356, 7, -11
356.1, 7, -11
356.2, 7, -11
356.3, 7, -11
356.4, 7, -11
356.5, 7, -11
356.6, 7, -11
356.7, 7, -11
356.8, 7, -11
356.9, 7, -11
357, 7, -11
357.1, 7, -11
357.2, 7, -11
357.3, 7, -11
357.4, 7, -11
357.5, 7, -11
357.6, 7, -11
357.7, 7, -11
357.8, 7, -11
357.9, 7, -11
358, 7, -11
358.1, 7, -11
358.2, 7, -11
358.3, 7, -11
358.4, 7, -11
358.5, 7, -11
358.6, 7, -11
358.7, 7, -11
358.8, 7, -11
358.9, 7, -11
359, 7, -11
359.1, 7, -11
359.2, 7, -11
359.3, 7, -11
359.4, 7, -11
359.5, 7, -11
359.6, 7, -11
359.7, 7, -11
359.8, 7, -11
359.9, 7, -11
360, 7, -11
360.1, 7, -11
360.2, 7, -11
360.3, 7, -11
360.4, 7, -11
360.5, 7, -11
360.6, 7, -11
360.7, 7, -11
360.8, 7, -11
360.9, 7, -11
361, 7, -11
361.1, 7, -11
361.2, 7, -11
361.3, 7, -11
361.4, 7, -11
361.5, 7, -11
361.6, 7, -11
361.7, 7, -11
361.8, 7, -11
361.9, 7, -11
362, 7, -11
362.1, 7, -11
362.2, 7, -11
362.3, 7, -11
362.4, 7, -11
362.5, 7, -11
362.6, 7, -11
362.7, 7, -11
362.8, 7, -11
362.9, 7, -11
363, 7, -11
363.1, 7, -11
363.2, 7, -11
363.3, 7, -11
363.4, 7, -11
363.5, 7, -11
363.6, 7, -11
363.7, 7, -11
363.8, 7, -11
363.9, 7, -11
364, 7, -11
364.1, 7, -11
364.2, 7, -11
364.3, 7, -11
364.4, 7, -11
364.5, 7, -11
364.6, 7, -11
364.7, 7, -11
364.8, 7, -11
364.9, 7, -11
365, 7, -11
365.1, 7, -11
365.2, 7, -11
365.3, 7, -11
365.4, 7, -11
365.5, 7, -11
365.6, 7, -11
365.7, 7, -11
365.8, 7, -11
365.9, 7, -11
366, 7, -11
366.1, 7, -11
366.2, 7, -11
366.3, 7, -11
366.4, 7, -11
366.5, 7, -11
366.6, 7, -11
366.7, 7, -11
366.8, 7, -11
366.9, 7, -11
367, 7, -11
367.1, 7, -11
367.2, 7, -11
367.3, 7, -10
367.4, 7, -10
367.5, 7, -10
367.6, 7, -10
367.7, 7, -10
367.8, 7, -10
367.9, 7, -9
368, 7, -9
368.1, 7, -9
368.2, 7, -9
368.3, 7, -9
368.4, 7, -9
368.5, 7, -9
368.6, 7, -9
368.7, 7, -9
368.8, 7, -9
368.9, 7, -9
369, 7, -9
369.1, 7, -9
369.2, 7, -9
369.3, 7, -9
369.4, 7, -9
369.5, 7, -9
369.6, 7, -9
369.7, 7, -9
369.8, 7, -9
369.9, 7, -9
370, 7, -9
370.1, 7, -9
370.2, 7, -9
370.3, 7, -9
370.4, 7, -9
370.5, 7, -9
370.6, 7, -9
370.7, 7, -9
370.8, 7, -9
370.9, 7, -9
371, 7, -9
371.1, 7, -9
371.2, 7, -9
371.3, 7, -9
371.4, 7, -9
371.5, 7, -9
371.6, 7, -9
371.7, 7, -8
371.8, 7, -8
371.9, 7, -8
372, 7, -8
372.1, 7, -8
372.2, 7, -8
372.3, 7, -8
372.4, 7, -8
372.5, 7, -8
372.6, 7, -8
372.7, 7, -8
372.8, 7, -8
372.9, 7, -8
373, 7, -8
373.1, 7, -8
373.2, 7, -8
373.3, 7, -8
373.4, 7, -8
373.5, 7, -8
373.6, 7, -8
373.7, 7, -8
373.8, 7, -8
373.9, 7, -8
374, 7, -8
374.1, 6, -8
374.2, 6, -8
374.3, 6, -8
374.4, 6, -8
374.5, 6, -8
374.6, 6, -8
374.7, 6, -8
374.8, 6, -8
374.9, 6, -8
375, 6, -8
375.1, 6, -8
375.2, 6, -8
375.3, 6, -8
375.4, 6, -8
375.5, 6, -8
375.6, 6, -8
375.7, 6, -8
375.8, 6, -8
375.9, 6, -8
376, 6, -8
376.1, 6, -7
376.2, 6, -7
376.3, 6, -7
376.4, 6, -7
376.5, 6, -8
376.6, 6, -8
376.7, 6, -8
376.8, 6, -8
376.9, 6, -8
377, 6, -8
377.1, 6, -8
377.2, 6, -8
377.3, 6, -8
377.4, 6, -8
377.5, 6, -8
377.6, 6, -8
377.7, 6, -8
377.8, 6, -8
377.9, 6, -8
378, 6, -8
378.1, 6, -8
378.2, 6, -8
378.3, 6, -8
378.4, 6, -8
378.5, 6, -8
378.6, 6, -8
378.7, 6, -9
378.8, 6, -9
378.9, 6, -9
379, 6, -9
379.1, 6, -9
379.2, 6, -9
379.3, 6, -9
379.4, 6, -9
379.5, 6, -10
379.6, 6, -10
379.7, 6, -10
379.8, 6, -10
379.9, 6, -10
380, 6, -10
380.1, 6, -10
380.2, 6, -10
380.3, 6, -10
380.4, 6, -10
380.5, 6, -10
380.6, 6, -10
380.7, 6, -10
380.8, 6, -10
380.9, 6, -10
381, 6, -10
381.1, 6, -10
381.2, 6, -10
381.3, 6, -10
381.4, 6, -10
381.5, 6, -10
381.6, 6, -10
381.7, 6, -10
381.8, 6, -10
381.9, 6, -10
382, 6, -10
382.1, 6, -10
382.2, 6, -10
382.3, 6, -10
382.4, 6, -10
382.5, 6, -10
382.6, 6, -10
382.7, 6, -10
382.8, 6, -10
382.9, 6, -10
383, 6, -10
383.1, 6, -10
383.2, 6, -10
383.3, 6, -11
383.4, 6, -11
383.5, 6, -11
383.6, 6, -11
383.7, 6, -11
383.8, 6, -11
383.9, 6, -11
384, 6, -11
384.1, 6, -11
384.2, 6, -11
384.3, 6, -11
384.4, 6, -11
384.5, 6, -11
384.6, 6, -11
384.7, 6, -11
384.8, 6, -11
384.9, 6, -11
385, 6, -11
385.1, 6, -11
385.2, 6, -11
385.3, 6, -11
385.4, 6, -11
385.5, 6, -11
385.6, 6, -11
385.7, 6, -11
385.8, 6, -11
385.9, 6, -11
386, 6, -11
386.1, 6, -11
386.2, 6, -11
386.3, 6, -11
386.4, 6, -11
386.5, 6, -11
386.6, 6, -11
386.7, 6, -11
386.8, 6, -11
386.9, 6, -11
387, 6, -11
387.1, 6, -11
387.2, 6, -11
387.3, 6, -11
387.4, 6, -11
387.5, 6, -11
387.6, 6, -11
387.7, 6, -11
387.8, 6, -11
387.9, 6, -11
388, 6, -11
388.1, 6, -11
388.2, 6, -11
388.3, 6, -11
388.4, 6, -11
388.5, 6, -11
388.6, 6, -11
388.7, 6, -10
388.8, 6, -10
388.9, 6, -10
389, 6, -10
389.1, 6, -10
389.2, 6, -10
389.3, 6, -10
389.4, 6, -10
389.5, 6, -10
389.6, 6, -10
389.7, 6, -10
389.8, 6, -10
389.9, 6, -10
390, 6, -10
390.1, 6, -10
390.2, 6, -10
390.3, 6, -10
390.4, 6, -10
390.5, 6, -10
390.6, 6, -10
390.7, 6, -10
390.8, 6, -10
390.9, 6, -10
391, 6, -10
391.1, 6, -10
391.2, 6, -10
391.3, 6, -10
391.4, 6, -10
391.5, 6, -10
391.6, 6, -10
391.7, 6, -10
391.8, 6, -10
391.9, 6, -10
392, 6, -10
392.1, 6, -10
392.2, 6, -10
392.3, 6, -10
392.4, 6, -10
392.5, 6, -10
392.6, 6, -10
392.7, 6, -10
392.8, 6, -10
392.9, 6, -10
393, 6, -10
393.1, 6, -10
393.2, 6, -10
393.3, 6, -10
393.4, 6, -10
393.5, 6, -10
393.6, 6, -10
393.7, 6, -10
393.8, 6, -10
393.9, 6, -10
394, 6, -10
394.1, 6, -10
394.2, 6, -10
394.3, 6, -10
394.4, 6, -10
394.5, 6, -10
394.6, 6, -10
394.7, 6, -10
394.8, 6, -10
394.9, 6, -10
395, 6, -10
395.1, 6, -10
395.2, 6, -10
395.3, 5, -10
395.4, 5, -10
395.5, 5, -10
395.6, 5, -10
395.7, 5, -10
395.8, 5, -10
395.9, 5, -10
396, 5, -10
396.1, 5, -10
396.2, 5, -10
396.3, 5, -10
396.4, 5, -10
396.5, 5, -10
396.6, 5, -10
396.7, 5, -10
396.8, 5, -10
396.9, 5, -10
397, 5, -10
397.1, 5, -10
397.2, 5, -10
397.3, 6, -10
397.4, 6, -10
397.5, 6, -9
397.6, 6, -9
397.7, 6, -9
397.8, 6, -9
397.9, 6, -9
398, 6, -9
398.1, 6, -9
398.2, 6, -9
398.3, 6, -9
398.4, 6, -9
398.5, 6, -9
398.6, 6, -9
398.7, 6, -9
398.8, 6, -9
398.9, 6, -9
399, 6, -9
399.1, 6, -9
399.2, 6, -9
399.3, 6, -9
399.4, 6, -9
399.5, 7, -9
399.6, 7, -9
399.7, 7, -9
399.8, 7, -9
399.9, 7, -9
400, 7, -9
400.1, 7, -9
400.2, 7, -9
400.3, 7, -9
400.4, 7, -9
400.5, 7, -9
400.6, 7, -9
400.7, 7, -9
400.8, 7, -9
400.9, 7, -9
401, 7, -9
401.1, 7, -9
401.2, 7, -9
401.3, 7, -9
401.4, 7, -9
401.5, 7, -8
401.6, 7, -8
401.7, 7, -8
401.8, 7, -8
401.9, 7, -8
402, 7, -8
402.1, 7, -8
402.2, 7, -8
402.3, 7, -8
402.4, 7, -8
402.5, 7, -8
402.6, 7, -8
402.7, 7, -8
402.8, 7, -8
402.9, 7, -8
403, 7, -8
403.1, 7, -8
403.2, 7, -8
403.3, 7, -8
403.4, 7, -8
403.5, 7, -8
403.6, 7, -8
403.7, 7, -8
403.8, 7, -8
403.9, 7, -8
404, 7, -8
404.1, 7, -8
404.2, 7, -8
404.3, 7, -7
404.4, 7, -7
404.5, 7, -7
404.6, 7, -7
404.7, 7, -7
404.8, 7, -7
404.9, 7, -7
405, 7, -7
405.1, 7, -7
405.2, 7, -7
405.3, 7, -7
405.4, 7, -7
405.5, 7, -7
405.6, 7, -7
405.7, 7, -7
405.8, 7, -7
405.9, 7, -7
406, 7, -7
406.1, 7, -7
406.2, 7, -7
406.3, 7, -7
406.4, 7, -7
406.5, 7, -7
406.6, 7, -7
406.7, 6, -7
406.8, 6, -7
406.9, 6, -7
407, 6, -7
407.1, 6, -6
407.2, 6, -6
407.3, 6, -6
407.4, 6, -6
407.5, 6, -6
407.6, 6, -6
407.7, 6, -6
407.8, 6, -6
407.9, 6, -5
408, 6, -5
408.1, 6, -5
408.2, 6, -5
408.3, 6, -5
408.4, 6, -5
408.5, 6, -5
408.6, 6, -5
408.7, 6, -4
408.8, 6, -4
408.9, 6, -4
409, 6, -4
409.1, 6, -4
409.2, 6, -4
409.3, 6, -4
409.4, 6, -4
409.5, 6, -4
409.6, 6, -4
409.7, 6, -4
409.8, 6, -4
409.9, 6, -4
410, 6, -4
410.1, 6, -4
410.2, 6, -4
410.3, 6, -4
410.4, 6, -4
410.5, 6, -4
410.6, 6, -4
410.7, 6, -4
410.8, 6, -4
410.9, 6, -4
411, 6, -4
411.1, 6, -4
411.2, 6, -4
411.3, 6, -3
411.4, 6, -3
411.5, 6, -3
411.6, 6, -3
411.7, 6, -3
411.8, 6, -3
411.9, 6, -3
412, 6, -3
412.1, 6, -2
412.2, 6, -2
412.3, 5, -2
412.4, 5, -2
412.5, 5, -2
412.6, 5, -2
412.7, 5, -2
412.8, 5, -2
412.9, 5, -2
413, 5, -2
413.1, 5, -2
413.2, 5, -2
413.3, 5, -2
413.4, 5, -2
413.5, 5, -2
413.6, 5, -2
413.7, 5, -2
413.8, 5, -2
413.9, 5, -2
414, 5, -2
414.1, 5, -2
414.2, 5, -2
414.3, 5, -2
414.4, 5, -2
414.5, 5, -2
414.6, 5, -2
414.7, 5, -2
414.8, 5, -2
414.9, 5, -2
415, 5, -2
415.1, 5, -2
415.2, 5, -2
415.3, 5, -2
415.4, 5, -2
415.5, 5, -2
415.6, 5, -2
415.7, 5, -2
415.8, 5, -2
415.9, 5, -2
416, 5, -2
416.1, 5, -2
416.2, 5, -2
416.3, 5, -2
416.4, 5, -2
416.5, 5, -2
416.6, 5, -2
416.7, 5, -3
416.8, 5, -3
416.9, 5, -3
417, 5, -3
417.1, 5, -3
417.2, 5, -3
417.3, 5, -3
417.4, 5, -3
417.5, 5, -3
417.6, 5, -3
417.7, 5, -3
417.8, 5, -3
417.9, 5, -2
418, 5, -2
418.1, 6, -2
418.2, 6, -2
418.3, 6, -2
418.4, 6, -2
418.5, 6, -2
418.6, 6, -2
418.7, 6, -2
418.8, 6, -2
418.9, 6, -2
419, 6, -2
419.1, 6, -2
419.2, 6, -2
419.3, 6, -2
419.4, 6, -2
419.5, 6, -2
419.6, 6, -2
419.7, 6, -2
419.8, 6, -2
419.9, 6, -2
420, 6, -2
420.1, 6, -2
420.2, 6, -2
420.3, 6, -2
420.4, 6, -2
420.5, 6, -2
420.6, 6, -2
420.7, 6, -2
420.8, 6, -2
420.9, 6, -2
421, 6, -2
421.1, 6, -2
421.2, 6, -2
421.3, 6, -2
421.4, 6, -2
421.5, 6, -2
421.6, 6, -2
421.7, 5, -2
421.8, 5, -2
421.9, 5, -2
422, 5, -2
422.1, 5, -2
422.2, 5, -2
422.3, 5, -2
422.4, 5, -2
422.5, 5, -2
422.6, 5, -2
422.7, 5, -2
422.8, 5, -2
422.9, 5, -2
423, 5, -2
423.1, 5, -2
423.2, 5, -2
423.3, 5, -2
423.4, 5, -2
423.5, 5, -2
423.6, 5, -2
423.7, 5, -2
423.8, 5, -2
423.9, 5, -2
424, 5, -2
424.1, 5, -2
424.2, 5, -2
424.3, 5, -2
424.4, 5, -2
424.5, 5, -2
424.6, 5, -2
424.7, 5, -2
424.8, 5, -2
424.9, 5, -2
425, 5, -2
425.1, 5, -2
425.2, 5, -2
425.3, 5, -2
425.4, 5, -2
425.5, 5, -3
425.6, 5, -3
425.7, 5, -3
425.8, 5, -3
425.9, 5, -3
426, 5, -3
426.1, 5, -3
426.2, 5, -3
426.3, 5, -3
426.4, 5, -3
426.5, 5, -3
426.6, 5, -3
426.7, 5, -3
426.8, 5, -3
426.9, 5, -3
427, 5, -3
427.1, 5, -4
427.2, 5, -4
427.3, 5, -4
427.4, 5, -4
427.5, 5, -4
427.6, 5, -4
427.7, 5, -4
427.8, 5, -4
427.9, 5, -4
428, 5, -4
428.1, 5, -4
428.2, 5, -4
428.3, 5, -4
428.4, 5, -4
428.5, 5, -4
428.6, 5, -4
428.7, 5, -4
428.8, 5, -4
428.9, 5, -4
429, 5, -4
429.1, 5, -4
429.2, 5, -4
429.3, 5, -4
429.4, 5, -4
429.5, 5, -4
429.6, 5, -4
429.7, 5, -4
429.8, 5, -4
429.9, 5, -4
430, 5, -4
430.1, 5, -4
430.2, 5, -4
430.3, 5, -4
430.4, 5, -4
430.5, 5, -4
430.6, 5, -4
430.7, 5, -4
430.8, 5, -4
430.9, 5, -3
431, 5, -3
431.1, 5, -3
431.2, 5, -3
431.3, 5, -3
431.4, 5, -3
431.5, 5, -3
431.6, 5, -3
431.7, 5, -3
431.8, 5, -3
431.9, 5, -3
432, 5, -3
432.1, 5, -2
432.2, 5, -2
432.3, 5, -2
432.4, 5, -2
432.5, 5, -2
432.6, 5, -2
432.7, 5, -2
432.8, 5, -2
432.9, 5, -2
433, 5, -2
433.1, 5, -2
433.2, 5, -2
433.3, 5, -2
433.4, 5, -2
433.5, 5, -2
433.6, 5, -2
433.7, 5, -2
433.8, 5, -2
433.9, 5, -3
434, 5, -3
434.1, 5, -3
434.2, 5, -3
434.3, 5, -3
434.4, 5, -3
434.5, 5, -3
434.6, 5, -3
434.7, 5, -3
434.8, 5, -3
434.9, 5, -3
435, 5, -3
435.1, 5, -3
435.2, 5, -3
435.3, 5, -3
435.4, 5, -3
435.5, 5, -3
435.6, 5, -3
435.7, 5, -3
435.8, 5, -3
435.9, 5, -3
436, 5, -3
436.1, 5, -3
436.2, 5, -3
436.3, 5, -3
436.4, 5, -3
436.5, 5, -3
436.6, 5, -3
436.7, 5, -3
436.8, 5, -3
436.9, 5, -3
437, 5, -3
437.1, 5, -3
437.2, 5, -3
437.3, 5, -3
437.4, 5, -3
437.5, 5, -3
437.6, 5, -3
437.7, 5, -3
437.8, 5, -3
437.9, 5, -3
438, 5, -3
438.1, 5, -3
438.2, 5, -3
438.3, 5, -3
438.4, 5, -3
438.5, 5, -3
438.6, 5, -3
438.7, 5, -3
438.8, 5, -3
438.9, 5, -3
439, 5, -3
439.1, 5, -3
439.2, 5, -3
439.3, 5, -3
439.4, 5, -3
439.5, 5, -3
439.6, 5, -3
439.7, 5, -3
439.8, 5, -3
439.9, 5, -3
440, 5, -3
440.1, 5, -3
440.2, 5, -3
440.3, 5, -3
440.4, 5, -3
440.5, 5, -3
440.6, 5, -3
440.7, 5, -3
440.8, 5, -3
440.9, 5, -3
441, 5, -3
441.1, 5, -3
441.2, 5, -3
441.3, 5, -3
441.4, 5, -3
441.5, 5, -3
441.6, 5, -3
441.7, 5, -3
441.8, 5, -3
441.9, 5, -3
442, 5, -3
442.1, 5, -3
442.2, 5, -3
442.3, 5, -3
442.4, 5, -3
442.5, 5, -3
442.6, 5, -3
442.7, 5, -3
442.8, 5, -3
442.9, 5, -3
443, 5, -3
443.1, 5, -3
443.2, 5, -3
443.3, 5, -3
443.4, 5, -3
443.5, 5, -3
443.6, 5, -3
443.7, 5, -4
443.8, 5, -4
443.9, 5, -5
444, 5, -5
444.1, 5, -5
444.2, 5, -5
444.3, 5, -5
444.4, 5, -5
444.5, 5, -5
444.6, 5, -5
444.7, 5, -5
444.8, 5, -5
444.9, 5, -5
445, 5, -5
445.1, 5, -5
445.2, 5, -5
445.3, 5, -5
445.4, 5, -5
445.5, 5, -5
445.6, 5, -5
445.7, 5, -5
445.8, 5, -5
445.9, 5, -5
446, 5, -5
446.1, 5, -5
446.2, 5, -5
446.3, 5, -5
446.4, 5, -5
446.5, 5, -5
446.6, 5, -5
446.7, 5, -5
446.8, 5, -5
446.9, 5, -5
447, 5, -5
447.1, 5, -5
447.2, 5, -5
447.3, 5, -5
447.4, 5, -5
447.5, 5, -5
447.6, 5, -5
447.7, 5, -5
447.8, 5, -5
447.9, 6, -5
448, 6, -5
448.1, 6, -5
448.2, 6, -5
448.3, 6, -5
448.4, 6, -5
448.5, 6, -5
448.6, 6, -5
448.7, 6, -5
448.8, 6, -5
448.9, 6, -5
449, 6, -5
449.1, 6, -5
449.2, 6, -5
449.3, 6, -5
449.4, 6, -5
449.5, 6, -5
449.6, 6, -5
449.7, 6, -5
449.8, 6, -5
449.9, 6, -5
450, 6, -5
450.1, 6, -5
450.2, 6, -5
450.3, 6, -5
450.4, 6, -5
450.5, 6, -5
450.6, 6, -5
450.7, 6, -5
450.8, 6, -5
450.9, 6, -5
451, 6, -5
451.1, 6, -5
451.2, 6, -5
451.3, 5, -5
451.4, 5, -5
451.5, 4, -5
451.6, 4, -5
451.7, 4, -5
451.8, 4, -5
451.9, 4, -5
452, 4, -5
452.1, 4, -5
452.2, 4, -5
452.3, 4, -5
452.4, 4, -5
452.5, 4, -5
452.6, 4, -5
452.7, 4, -5
452.8, 4, -5
452.9, 4, -5
453, 4, -5
453.1, 4, -5
453.2, 4, -5
453.3, 4, -5
453.4, 4, -5
453.5, 4, -5
453.6, 4, -5
453.7, 4, -5
453.8, 4, -5
453.9, 4, -5
454, 4, -5
454.1, 4, -5
454.2, 4, -5
454.3, 4, -5
454.4, 4, -5
454.5, 4, -5
454.6, 4, -5
454.7, 4, -5
454.8, 4, -5
454.9, 4, -5
455, 4, -5
455.1, 4, -5
455.2, 4, -5
455.3, 4, -5
455.4, 4, -5
455.5, 4, -5
455.6, 4, -5
455.7, 4, -5
455.8, 4, -5
455.9, 4, -5
456, 4, -5
456.1, 4, -5
456.2, 4, -5
456.3, 4, -5
456.4, 4, -5
456.5, 4, -5
456.6, 4, -5
456.7, 4, -5
456.8, 4, -5
456.9, 4, -5
457, 4, -5
457.1, 4, -5
457.2, 4, -5
457.3, 4, -5
457.4, 4, -5
457.5, 4, -5
457.6, 4, -5
457.7, 4, -5
457.8, 4, -5
457.9, 4, -5
458, 4, -5
458.1, 4, -5
458.2, 4, -5
458.3, 5, -5
458.4, 5, -5
458.5, 5, -5
458.6, 5, -5
458.7, 4, -5
458.8, 4, -5
458.9, 4, -5
459, 4, -5
459.1, 4, -5
459.2, 4, -5
459.3, 4, -5
459.4, 4, -5
459.5, 4, -5
459.6, 4, -5
459.7, 4, -5
459.8, 4, -5
459.9, 4, -5
460, 4, -5
460.1, 4, -5
460.2, 4, -5
460.3, 4, -5
460.4, 4, -5
460.5, 4, -4
460.6, 4, -4
460.7, 4, -3
460.8, 4, -3
460.9, 5, -3
461, 5, -3
461.1, 5, -3
461.2, 5, -3
461.3, 5, -3
461.4, 5, -3
461.5, 5, -3
461.6, 5, -3
461.7, 5, -3
461.8, 5, -3
461.9, 5, -3
462, 5, -3
462.1, 5, -3
462.2, 5, -3
462.3, 5, -2
462.4, 5, -2
462.5, 5, -2
462.6, 5, -2
462.7, 5, -2
462.8, 5, -2
462.9, 5, -2
463, 5, -2
463.1, 5, -2
463.2, 5, -2
463.3, 5, -2
463.4, 5, -2
463.5, 5, -2
463.6, 5, -2
463.7, 5, -2
463.8, 5, -2
463.9, 5, -2
464, 5, -2
464.1, 4, -2
464.2, 4, -2
464.3, 4, -2
464.4, 4, -2
464.5, 5, -2
464.6, 5, -2
464.7, 4, -2
464.8, 4, -2
464.9, 4, -2
465, 4, -2
465.1, 4, -2
465.2, 4, -2
465.3, 4, -2
465.4, 4, -2
465.5, 4, -2
465.6, 4, -2
465.7, 4, -2
465.8, 4, -2
465.9, 4, -2
466, 4, -2
466.1, 4, -2
466.2, 4, -2
466.3, 4, -1
466.4, 4, -1
466.5, 4, -1
466.6, 4, -1
466.7, 4, -1
466.8, 4, -1
466.9, 4, -1
467, 4, -1
467.1, 4, -1
467.2, 4, -1
467.3, 4, -1
467.4, 4, -1
467.5, 5, -1
467.6, 5, -1
467.7, 5, -1
467.8, 5, -1
467.9, 5, -1
468, 5, -1
468.1, 5, -1
468.2, 5, -1
468.3, 5, -1
468.4, 5, -1
468.5, 5, 0
468.6, 5, 0
468.7, 5, 0
468.8, 5, 0
468.9, 5, 0
469, 5, 0
469.1, 5, 0
469.2, 5, 0
469.3, 5, 0
469.4, 5, 0
469.5, 5, 0
469.6, 5, 0
469.7, 5, 0
469.8, 5, 0
469.9, 5, 0
470, 5, 0
470.1, 5, 0
470.2, 5, 0
470.3, 5, 0
470.4, 5, 0
470.5, 5, -1
470.6, 5, -1
470.7, 5, -1
470.8, 5, -1
470.9, 5, -1
471, 5, -1
471.1, 5, -1
471.2, 5, -1
471.3, 6, -1
471.4, 6, -1
471.5, 6, -1
471.6, 6, -1
471.7, 6, -1
471.8, 6, -1
471.9, 6, -1
472, 6, -1
472.1, 6, -1
472.2, 6, -1
472.3, 6, -1
472.4, 6, -1
472.5, 6, -1
472.6, 6, -1
472.7, 6, -1
472.8, 6, -1
472.9, 6, -1
473, 6, -1
473.1, 6, -1
473.2, 6, -1
473.3, 6, -1
473.4, 6, -1
473.5, 6, -1
473.6, 6, -1
473.7, 6, -1
473.8, 6, -1
473.9, 6, -1
474, 6, -1
474.1, 6, -1
474.2, 6, -1
474.3, 6, -1
474.4, 6, -1
474.5, 6, -1
474.6, 6, -1
474.7, 6, -1
474.8, 6, -1
474.9, 6, -1
475, 6, -1
475.1, 6, -1
475.2, 6, -1
475.3, 6, -1
475.4, 6, -1
475.5, 6, -1
475.6, 6, -1
475.7, 6, -1
475.8, 6, -1
475.9, 5, -1
476, 5, -1
476.1, 5, -1
476.2, 5, -1
476.3, 5, -1
476.4, 5, -1
476.5, 5, -1
476.6, 5, -1
476.7, 5, -1
476.8, 5, -1
476.9, 5, -1
477, 5, -1
477.1, 5, -1
477.2, 5, -1
477.3, 5, -1
477.4, 5, -1
477.5, 5, -1
477.6, 5, -1
477.7, 5, -1
477.8, 5, -1
477.9, 5, -1
478, 5, -1
478.1, 5, -1
478.2, 5, -1
478.3, 5, -2
478.4, 5, -2
478.5, 5, -2
478.6, 5, -2
478.7, 5, -2
478.8, 5, -2
478.9, 5, -2
479, 5, -2
479.1, 5, -2
479.2, 5, -2
479.3, 5, -2
479.4, 5, -2
479.5, 5, -2
479.6, 5, -2
479.7, 5, -2
479.8, 5, -2
479.9, 5, -2
480, 5, -2
480.1, 5, -2
480.2, 5, -2
480.3, 5, -2
480.4, 5, -2
480.5, 5, -2
480.6, 5, -2
480.7, 5, -2
480.8, 5, -2
480.9, 4, -2
481, 4, -2
481.1, 4, -2
481.2, 4, -2
481.3, 4, -2
481.4, 4, -2
481.5, 4, -2
481.6, 4, -2
481.7, 4, -2
481.8, 4, -2
481.9, 4, -2
482, 4, -2
482.1, 4, -2
482.2, 4, -2
482.3, 4, -2
482.4, 4, -2
482.5, 4, -2
482.6, 4, -2
482.7, 4, -2
482.8, 4, -2
482.9, 4, -2
483, 4, -2
483.1, 4, -2
483.2, 4, -2
483.3, 4, -2
483.4, 4, -2
483.5, 4, -2
483.6, 4, -2
483.7, 4, -2
483.8, 4, -2
483.9, 4, -2
484, 4, -2
484.1, 4, -2
484.2, 4, -2
484.3, 4, -2
484.4, 4, -2
484.5, 4, -2
484.6, 4, -2
484.7, 4, -2
484.8, 4, -2
484.9, 4, -2
485, 4, -2
485.1, 4, -2
485.2, 4, -2
485.3, 4, -2
485.4, 4, -2
485.5, 5, -2
485.6, 5, -2
485.7, 5, -2
485.8, 5, -2
485.9, 5, -2
486, 5, -2
486.1, 5, -2
486.2, 5, -2
486.3, 5, -2
486.4, 5, -2
486.5, 5, -2
486.6, 5, -2
486.7, 5, -1
486.8, 5, -1
486.9, 5, -1
487, 5, -1
487.1, 5, -1
487.2, 5, -1
487.3, 5, -1
487.4, 5, -1
487.5, 5, -1
487.6, 5, -1
487.7, 5, 0
487.8, 5, 0
487.9, 4, 0
488, 4, 0
488.1, 4, 0
488.2, 4, 0
488.3, 4, 0
488.4, 4, 0
488.5, 4, 0
488.6, 4, 0
488.7, 4, 0
488.8, 4, 0
488.9, 4, 0
489, 4, 0
489.1, 4, 0
489.2, 4, 0
489.3, 4, 0
489.4, 4, 0
489.5, 4, 0
489.6, 4, 0
489.7, 4, 1
489.8, 4, 1
489.9, 4, 1
490, 4, 1
490.1, 4, 0
490.2, 4, 0
490.3, 4, 0
490.4, 4, 0
490.5, 4, 0
490.6, 4, 0
490.7, 4, 1
490.8, 4, 1
490.9, 4, 1
491, 4, 1
491.1, 4, 1
491.2, 4, 1
491.3, 4, 1
491.4, 4, 1
491.5, 4, 1
491.6, 4, 1
491.7, 4, 1
491.8, 4, 1
491.9, 4, 1
492, 4, 1
492.1, 4, 1
492.2, 4, 1
492.3, 4, 0
492.4, 4, 0
492.5, 4, 0
492.6, 4, 0
492.7, 4, 0
492.8, 4, 0
492.9, 4, 0
493, 4, 0
493.1, 4, 0
493.2, 4, 0
493.3, 4, 0
493.4, 4, 0
493.5, 4, 0
493.6, 4, 0
493.7, 4, 0
493.8, 4, 0
493.9, 4, 0
494, 4, 0
494.1, 4, 0
494.2, 4, 0
494.3, 4, 0
494.4, 4, 0
494.5, 4, 0
494.6, 4, 0
494.7, 4, 0
494.8, 4, 0
494.9, 4, 0
495, 4, 0
495.1, 5, 0
495.2, 5, 0
495.3, 5, 0
495.4, 5, 0
495.5, 5, 0
495.6, 5, 0
495.7, 5, 0
495.8, 5, 0
495.9, 5, 0
496, 5, 0
496.1, 5, 0
496.2, 5, 0
496.3, 5, 0
496.4, 5, 0
496.5, 5, 0
496.6, 5, 0
496.7, 5, 0
496.8, 5, 0
496.9, 5, 0
497, 5, 0
497.1, 5, 0
497.2, 5, 0
497.3, 5, 0
497.4, 5, 0
497.5, 5, 0
497.6, 5, 0
497.7, 5, 0
497.8, 5, 0
497.9, 5, 0
498, 5, 0
498.1, 5, 0
498.2, 5, 0
498.3, 5, 0
498.4, 5, 0
498.5, 5, 0
498.6, 5, 0
498.7, 5, 0
498.8, 5, 0
498.9, 5, 0
499, 5, 0
499.1, 5, 0
499.2, 5, 0
499.3, 4, 0
499.4, 4, 0
499.5, 4, 0
499.6, 4, 0
499.7, 4, 0
499.8, 4, 0
499.9, 4, 0
500, 4, 0
500.1, 4, 0
500.2, 4, 0
500.3, 4, -1
500.4, 4, -1
500.5, 4, -1
500.6, 4, -1
500.7, 4, -1
500.8, 4, -1
500.9, 4, -1
501, 4, -1
501.1, 4, -1
501.2, 4, -1
501.3, 4, -1
501.4, 4, -1
501.5, 3, -1
501.6, 3, -1
501.7, 3, -1
501.8, 3, -1
501.9, 3, -1
502, 3, -1
502.1, 3, -1
502.2, 3, -1
502.3, 3, -1
502.4, 3, -1
502.5, 3, -1
502.6, 3, -1
502.7, 3, -1
502.8, 3, -1
502.9, 3, -1
503, 3, -1
503.1, 3, -1
503.2, 3, -1
503.3, 3, -1
503.4, 3, -1
503.5, 3, -1
503.6, 3, -1
503.7, 3, -1
503.8, 3, -1
503.9, 3, -1
504, 3, -1
504.1, 3, -1
504.2, 3, -1
504.3, 3, -1
504.4, 3, -1
504.5, 3, -1
504.6, 3, -1
504.7, 3, -1
504.8, 3, -1
504.9, 3, -1
505, 3, -1
505.1, 3, -1
505.2, 3, -1
505.3, 2, -1
505.4, 2, -1
505.5, 2, -1
505.6, 2, -1
505.7, 2, -1
505.8, 2, -1
505.9, 2, -1
506, 2, -1
506.1, 2, -1
506.2, 2, -1
506.3, 2, -1
506.4, 2, -1
506.5, 2, -1
506.6, 2, -1
506.7, 2, 0
506.8, 2, 0
506.9, 2, 0
507, 2, 0
507.1, 2, 0
507.2, 2, 0
507.3, 2, 0
507.4, 2, 0
507.5, 2, 0
507.6, 2, 0
507.7, 3, 0
507.8, 3, 0
507.9, 3, 0
508, 3, 0
508.1, 3, 0
508.2, 3, 0
508.3, 3, 0
508.4, 3, 0
508.5, 3, 0
508.6, 3, 0
508.7, 3, 0
508.8, 3, 0
508.9, 3, 0
509, 3, 0
509.1, 3, 0
509.2, 3, 0
509.3, 3, 0
509.4, 3, 0
509.5, 3, 0
509.6, 3, 0
509.7, 3, 0
509.8, 3, 0
509.9, 3, -1
510, 3, -1
510.1, 3, -1
510.2, 3, -1
510.3, 3, -1
510.4, 3, -1
510.5, 3, -1
510.6, 3, -1
510.7, 3, -1
510.8, 3, -1
510.9, 3, -2
511, 3, -2
511.1, 3, -2
511.2, 3, -2
511.3, 3, -2
511.4, 3, -2
511.5, 3, -2
511.6, 3, -2
511.7, 3, -2
511.8, 3, -2
511.9, 3, -2
512, 3, -2
512.1, 3, -2
512.2, 3, -2
512.3, 3, -2
512.4, 3, -2
512.5, 3, -2
512.6, 3, -2
512.7, 3, -2
512.8, 3, -2
512.9, 3, -2
513, 3, -2
513.1, 3, -2
513.2, 3, -2
513.3, 3, -2
513.4, 3, -2
513.5, 3, -2
513.6, 3, -2
513.7, 3, -2
513.8, 3, -2
513.9, 3, -2
514, 3, -2
514.1, 3, -2
514.2, 3, -2
514.3, 3, -2
514.4, 3, -2
514.5, 3, -2
514.6, 3, -2
514.7, 3, -2
514.8, 3, -2
514.9, 3, -2
515, 3, -2
515.1, 3, -2
515.2, 3, -2
515.3, 3, -2
515.4, 3, -2
515.5, 3, -2
515.6, 3, -2
515.7, 3, -2
515.8, 3, -2
515.9, 3, -2
516, 3, -2
516.1, 3, -2
516.2, 3, -2
516.3, 3, -2
516.4, 3, -2
516.5, 3, -2
516.6, 3, -2
516.7, 3, -2
516.8, 3, -2
516.9, 3, -2
517, 3, -2
517.1, 4, -2
517.2, 4, -2
517.3, 4, -2
517.4, 4, -2
517.5, 4, -2
517.6, 4, -2
517.7, 4, -2
517.8, 4, -2
517.9, 4, -2
518, 4, -2
518.1, 4, -2
518.2, 4, -2
518.3, 4, -2
518.4, 4, -2
518.5, 3, -2
518.6, 3, -2
518.7, 3, -2
518.8, 3, -2
518.9, 3, -2
519, 3, -2
519.1, 2, -2
519.2, 2, -2
519.3, 2, -2
519.4, 2, -2
519.5, 2, -2
519.6, 2, -2
519.7, 2, -2
519.8, 2, -2
519.9, 2, -2
520, 2, -2
520.1, 2, -2
520.2, 2, -2
520.3, 2, -2
520.4, 2, -2
520.5, 2, -2
520.6, 2, -2
520.7, 2, -2
520.8, 2, -2
520.9, 2, -2
521, 2, -2
521.1, 2, -2
521.2, 2, -2
521.3, 2, -2
521.4, 2, -2
521.5, 2, -2
521.6, 2, -2
521.7, 2, -2
521.8, 2, -2
521.9, 2, -3
522, 2, -3
522.1, 2, -3
522.2, 2, -3
522.3, 2, -3
522.4, 2, -3
522.5, 2, -3
522.6, 2, -3
522.7, 1, -3
522.8, 1, -3
522.9, 1, -3
523, 1, -3
523.1, 1, -3
523.2, 1, -3
523.3, 2, -3
523.4, 2, -3
523.5, 2, -3
523.6, 2, -3
523.7, 2, -3
523.8, 2, -3
523.9, 2, -3
524, 2, -3
524.1, 2, -2
524.2, 2, -2
524.3, 2, -2
524.4, 2, -2
524.5, 2, -2
524.6, 2, -2
524.7, 2, -2
524.8, 2, -2
524.9, 2, -2
525, 2, -2
525.1, 2, -2
525.2, 2, -2
525.3, 2, -2
525.4, 2, -2
525.5, 2, -2
525.6, 2, -2
525.7, 3, -2
525.8, 3, -2
525.9, 3, -2
526, 3, -2
526.1, 3, -2
526.2, 3, -2
526.3, 3, -2
526.4, 3, -2
526.5, 3, -2
526.6, 3, -2
526.7, 3, -2
526.8, 3, -2
526.9, 3, -2
527, 3, -2
527.1, 3, -2
527.2, 3, -2
527.3, 3, -2
527.4, 3, -2
527.5, 2, -2
527.6, 2, -2
527.7, 2, -2
527.8, 2, -2
527.9, 3, -2
528, 3, -2
528.1, 3, -2
528.2, 3, -2
528.3, 3, -2
528.4, 3, -2
528.5, 3, -3
528.6, 3, -3
528.7, 3, -3
528.8, 3, -3
528.9, 3, -3
529, 3, -3
529.1, 3, -3
529.2, 3, -3
529.3, 3, -3
529.4, 3, -3
529.5, 3, -3
529.6, 3, -3
529.7, 3, -3
529.8, 3, -3
529.9, 3, -3
530, 3, -3
530.1, 3, -3
530.2, 3, -3
530.3, 3, -3
530.4, 3, -3
530.5, 3, -3
530.6, 3, -3
530.7, 3, -3
530.8, 3, -3
530.9, 3, -3
531, 3, -3
531.1, 3, -3
531.2, 3, -3
531.3, 3, -3
531.4, 3, -3
531.5, 3, -3
531.6, 3, -3
531.7, 3, -3
531.8, 3, -3
531.9, 3, -3
532, 3, -3
532.1, 3, -3
532.2, 3, -3
532.3, 3, -3
532.4, 3, -3
532.5, 2, -3
532.6, 2, -3
532.7, 2, -3
532.8, 2, -3
532.9, 2, -3
533, 2, -3
533.1, 2, -3
533.2, 2, -3
533.3, 2, -3
533.4, 2, -3
533.5, 2, -3
533.6, 2, -3
533.7, 2, -3
533.8, 2, -3
533.9, 2, -3
534, 2, -3
534.1, 2, -3
534.2, 2, -3
534.3, 2, -3
534.4, 2, -3
534.5, 3, -3
534.6, 3, -3
534.7, 3, -3
534.8, 3, -3
534.9, 3, -3
535, 3, -3
535.1, 3, -2
535.2, 3, -2
535.3, 3, -2
535.4, 3, -2
535.5, 3, -2
535.6, 3, -2
535.7, 3, -3
535.8, 3, -3
535.9, 3, -3
536, 3, -3
536.1, 3, -3
536.2, 3, -3
536.3, 3, -3
536.4, 3, -3
536.5, 3, -3
536.6, 3, -3
536.7, 3, -3
536.8, 3, -3
536.9, 3, -3
537, 3, -3
537.1, 2, -3
537.2, 2, -3
537.3, 2, -3
537.4, 2, -3
537.5, 2, -3
537.6, 2, -3
537.7, 2, -3
537.8, 2, -3
537.9, 2, -3
538, 2, -3
538.1, 2, -3
538.2, 2, -3
538.3, 2, -3
538.4, 2, -3
538.5, 2, -3
538.6, 2, -3
538.7, 2, -3
538.8, 2, -3
538.9, 2, -3
539, 2, -3
539.1, 2, -3
539.2, 2, -3
539.3, 2, -3
539.4, 2, -3
539.5, 1, -3
539.6, 1, -3
539.7, 1, -3
539.8, 1, -3
539.9, 1, -3
540, 1, -3
540.1, 1, -3
540.2, 1, -3
540.3, 1, -3
540.4, 1, -3
540.5, 1, -3
540.6, 1, -3
540.7, 1, -3
540.8, 1, -3
540.9, 1, -3
541, 1, -3
541.1, 0, -3
541.2, 0, -3
541.3, 0, -3
541.4, 0, -3
541.5, 0, -3
541.6, 0, -3
541.7, 0, -3
541.8, 0, -3
541.9, 0, -3
542, 0, -3
542.1, 0, -3
542.2, 0, -3
542.3, 0, -3
542.4, 0, -3
542.5, 0, -3
542.6, 0, -3
542.7, 0, -3
542.8, 0, -3
542.9, 0, -3
543, 0, -3
543.1, 0, -3
543.2, 0, -3
543.3, 0, -3
543.4, 0, -3
543.5, 0, -3
543.6, 0, -3
543.7, 0, -3
543.8, 0, -3
543.9, -1, -3
544, -1, -3
544.1, -1, -3
544.2, -1, -3
544.3, -1, -3
544.4, -1, -3
544.5, -1, -3
544.6, -1, -3
544.7, -1, -3
544.8, -1, -3
544.9, -1, -3
545, -1, -3
545.1, -1, -3
545.2, -1, -3
545.3, -1, -3
545.4, -1, -3
545.5, -1, -3
545.6, -1, -3
545.7, -1, -3
545.8, -1, -3
545.9, -1, -3
546, -1, -3
546.1, -1, -3
546.2, -1, -3
546.3, -1, -3
546.4, -1, -3
546.5, -1, -3
546.6, -1, -3
546.7, -1, -3
546.8, -1, -3
546.9, -1, -3
547, -1, -3
547.1, -1, -3
547.2, -1, -3
547.3, -1, -3
547.4, -1, -3
547.5, -1, -3
547.6, -1, -3
547.7, -2, -3
547.8, -2, -3
547.9, -2, -3
548, -2, -3
548.1, -2, -3
548.2, -2, -3
548.3, -2, -3
548.4, -2, -3
548.5, -2, -3
548.6, -2, -3
548.7, -2, -3
548.8, -2, -3
548.9, -2, -3
549, -2, -3
549.1, -2, -2
549.2, -2, -2
549.3, -2, -2
549.4, -2, -2
549.5, -2, -2
549.6, -2, -2
549.7, -2, -2
549.8, -2, -2
549.9, -2, -2
550, -2, -2
550.1, -2, -2
550.2, -2, -2
550.3, -2, -2
550.4, -2, -2
550.5, -2, -2
550.6, -2, -2
550.7, -2, -2
550.8, -2, -2
550.9, -2, -1
551, -2, -1
551.1, -2, 0
551.2, -2, 0
551.3, -2, 0
551.4, -2, 0
551.5, -2, 0
551.6, -2, 0
551.7, -2, 0
551.8, -2, 0
551.9, -2, 0
552, -2, 0
552.1, -2, 0
552.2, -2, 0
552.3, -2, 0
552.4, -2, 0
552.5, -2, 0
552.6, -2, 0
552.7, -2, 0
552.8, -2, 0
552.9, -2, 0
553, -2, 0
553.1, -2, 0
553.2, -2, 0
553.3, -2, 0
553.4, -2, 0
553.5, -2, 0
553.6, -2, 0
553.7, -2, 0
553.8, -2, 0
553.9, -2, 0
554, -2, 0
554.1, -2, 0
554.2, -2, 0
554.3, -2, 0
554.4, -2, 0
554.5, -2, 0
554.6, -2, 0
554.7, -2, 0
554.8, -2, 0
554.9, -2, 0
555, -2, 0
555.1, -2, 0
555.2, -2, 0
555.3, -2, 0
555.4, -2, 0
555.5, -2, 0
555.6, -2, 0
555.7, -2, 0
555.8, -2, 0
555.9, -2, 0
556, -2, 0
556.1, -2, 0
556.2, -2, 0
556.3, -2, 0
556.4, -2, 0
556.5, -2, 0
556.6, -2, 0
556.7, -2, 0
556.8, -2, 0
556.9, -2, 0
557, -2, 0
557.1, -2, 0
557.2, -2, 0
557.3, -2, 0
557.4, -2, 0
557.5, -2, 0
557.6, -2, 0
557.7, -2, 0
557.8, -2, 0
557.9, -2, 1
558, -2, 1
558.1, -2, 1
558.2, -2, 1
558.3, -2, 1
558.4, -2, 1
558.5, -3, 1
558.6, -3, 1
558.7, -3, 1
558.8, -3, 1
558.9, -3, 1
559, -3, 1
559.1, -3, 1
559.2, -3, 1
559.3, -3, 1
559.4, -3, 1
559.5, -3, 1
559.6, -3, 1
559.7, -3, 1
559.8, -3, 1
559.9, -3, 1
560, -3, 1
560.1, -3, 1
560.2, -3, 1
560.3, -3, 1
560.4, -3, 1
560.5, -3, 1
560.6, -3, 1
560.7, -3, 1
560.8, -3, 1
560.9, -3, 1
561, -3, 1
561.1, -3, 1
561.2, -3, 1
561.3, -3, 1
561.4, -3, 1
561.5, -3, 1
561.6, -3, 1
561.7, -3, 1
561.8, -3, 1
561.9, -3, 1
562, -3, 1
562.1, -3, 1
562.2, -3, 1
562.3, -3, 1
562.4, -3, 1
562.5, -3, 1
562.6, -3, 1
562.7, -3, 1
562.8, -3, 1
562.9, -3, 2
563, -3, 2
563.1, -3, 2
563.2, -3, 2
563.3, -3, 2
563.4, -3, 2
563.5, -3, 2
563.6, -3, 2
563.7, -3, 2
563.8, -3, 2
563.9, -3, 2
564, -3, 2
564.1, -3, 2
564.2, -3, 2
564.3, -3, 2
564.4, -3, 2
564.5, -4, 2
564.6, -4, 2
564.7, -4, 2
564.8, -4, 2
564.9, -4, 2
565, -4, 2
565.1, -3, 2
565.2, -3, 2
565.3, -3, 2
565.4, -3, 2
565.5, -4, 2
565.6, -4, 2
565.7, -4, 2
565.8, -4, 2
565.9, -4, 2
566, -4, 2
566.1, -4, 2
566.2, -4, 2
566.3, -4, 2
566.4, -4, 2
566.5, -4, 2
566.6, -4, 2
566.7, -4, 2
566.8, -4, 2
566.9, -4, 2
567, -4, 2
567.1, -4, 2
567.2, -4, 2
567.3, -4, 2
567.4, -4, 2
567.5, -4, 2
567.6, -4, 2
567.7, -4, 2
567.8, -4, 2
567.9, -4, 2
568, -4, 2
568.1, -4, 2
568.2, -4, 2
568.3, -4, 2
568.4, -4, 2
568.5, -4, 2
568.6, -4, 2
568.7, -4, 2
568.8, -4, 2
568.9, -4, 2
569, -4, 2
569.1, -4, 2
569.2, -4, 2
569.3, -4, 2
569.4, -4, 2
569.5, -4, 2
569.6, -4, 2
569.7, -4, 2
569.8, -4, 2
569.9, -4, 2
570, -4, 2
570.1, -4, 2
570.2, -4, 2
570.3, -4, 2
570.4, -4, 2
570.5, -4, 2
570.6, -4, 2
570.7, -4, 2
570.8, -4, 2
570.9, -4, 2
571, -4, 2
571.1, -4, 2
571.2, -4, 2
571.3, -4, 2
571.4, -4, 2
571.5, -4, 2
571.6, -4, 2
571.7, -4, 2
571.8, -4, 2
571.9, -4, 2
572, -4, 2
572.1, -4, 2
572.2, -4, 2
572.3, -3, 2
572.4, -3, 2
572.5, -3, 2
572.6, -3, 2
572.7, -3, 1
572.8, -3, 1
572.9, -3, 1
573, -3, 1
573.1, -3, 1
573.2, -3, 1
573.3, -3, 2
573.4, -3, 2
573.5, -3, 2
573.6, -3, 2
573.7, -3, 2
573.8, -3, 2
573.9, -3, 2
574, -3, 2
574.1, -3, 2
574.2, -3, 2
574.3, -3, 2
574.4, -3, 2
574.5, -3, 2
574.6, -3, 2
574.7, -3, 2
574.8, -3, 2
574.9, -3, 2
575, -3, 2
575.1, -3, 2
575.2, -3, 2
575.3, -3, 2
575.4, -3, 2
575.5, -3, 3
575.6, -3, 3
575.7, -3, 3
575.8, -3, 3
575.9, -4, 3
576, -4, 3
576.1, -4, 3
576.2, -4, 3
576.3, -4, 3
576.4, -4, 3
576.5, -4, 3
576.6, -4, 3
576.7, -5, 3
576.8, -5, 3
576.9, -5, 3
577, -5, 3
577.1, -5, 3
577.2, -5, 3
577.3, -5, 3
577.4, -5, 3
577.5, -5, 3
577.6, -5, 3
577.7, -5, 4
577.8, -5, 4
577.9, -5, 4
578, -5, 4
578.1, -5, 3
578.2, -5, 3
578.3, -5, 3
578.4, -5, 3
578.5, -5, 3
578.6, -5, 3
578.7, -5, 3
578.8, -5, 3
578.9, -5, 2
579, -5, 2
579.1, -5, 2
579.2, -5, 2
579.3, -5, 2
579.4, -5, 2
579.5, -5, 2
579.6, -5, 2
579.7, -5, 2
579.8, -5, 2
579.9, -5, 2
580, -5, 2
580.1, -5, 2
580.2, -5, 2
580.3, -5, 2
580.4, -5, 2
580.5, -5, 2
580.6, -5, 2
580.7, -5, 2
580.8, -5, 2
580.9, -5, 2
581, -5, 2
581.1, -5, 2
581.2, -5, 2
581.3, -5, 2
581.4, -5, 2
581.5, -5, 2
581.6, -5, 2
581.7, -5, 2
581.8, -5, 2
581.9, -4, 2
582, -4, 2
582.1, -4, 1
582.2, -4, 1
582.3, -4, 1
582.4, -4, 1
582.5, -4, 1
582.6, -4, 1
582.7, -4, 1
582.8, -4, 1
582.9, -4, 1
583, -4, 1
583.1, -4, 1
583.2, -4, 1
583.3, -4, 1
583.4, -4, 1
583.5, -4, 1
583.6, -4, 1
583.7, -4, 1
583.8, -4, 1
583.9, -4, 1
584, -4, 1
584.1, -4, 1
584.2, -4, 1
584.3, -4, 1
584.4, -4, 1
584.5, -4, 1
584.6, -4, 1
584.7, -4, 1
584.8, -4, 1
584.9, -4, 1
585, -4, 1
585.1, -4, 1
585.2, -4, 1
585.3, -4, 1
585.4, -4, 1
585.5, -4, 1
585.6, -4, 1
585.7, -4, 1
585.8, -4, 1
585.9, -4, 1
586, -4, 1
586.1, -4, 1
586.2, -4, 1
586.3, -4, 1
586.4, -4, 1
586.5, -4, 1
586.6, -4, 1
586.7, -4, 1
586.8, -4, 1
586.9, -4, 1
587, -4, 1
587.1, -4, 1
587.2, -4, 1
587.3, -4, 1
587.4, -4, 1
587.5, -4, 1
587.6, -4, 1
587.7, -4, 1
587.8, -4, 1
587.9, -4, 1
588, -4, 1
588.1, -4, 1
588.2, -4, 1
588.3, -4, 1
588.4, -4, 1
588.5, -4, 1
588.6, -4, 1
588.7, -4, 1
588.8, -4, 1
588.9, -4, 1
589, -4, 1
589.1, -4, 1
589.2, -4, 1
589.3, -4, 1
589.4, -4, 1
589.5, -4, 1
589.6, -4, 1
589.7, -4, 1
589.8, -4, 1
589.9, -4, 1
590, -4, 1
590.1, -4, 1
590.2, -4, 1
590.3, -4, 1
590.4, -4, 1
590.5, -4, 1
590.6, -4, 1
590.7, -4, 1
590.8, -4, 1
590.9, -4, 1
591, -4, 1
591.1, -4, 1
591.2, -4, 1
591.3, -4, 1
591.4, -4, 1
591.5, -4, 1
591.6, -4, 1
591.7, -4, 1
591.8, -4, 1
591.9, -4, 1
592, -4, 1
592.1, -4, 1
592.2, -4, 1
592.3, -4, 1
592.4, -4, 1
592.5, -4, 1
592.6, -4, 1
592.7, -4, 1
592.8, -4, 1
592.9, -4, 1
593, -4, 1
593.1, -4, 1
593.2, -4, 1
593.3, -3, 1
593.4, -3, 1
593.5, -3, 1
593.6, -3, 1
593.7, -3, 1
593.8, -3, 1
593.9, -3, 1
594, -3, 1
594.1, -3, 1
594.2, -3, 1
594.3, -3, 1
594.4, -3, 1
594.5, -3, 1
594.6, -3, 1
594.7, -3, 1
594.8, -3, 1
594.9, -3, 1
595, -3, 1
595.1, -3, 1
595.2, -3, 1
595.3, -3, 1
595.4, -3, 1
595.5, -3, 1
595.6, -3, 1
595.7, -3, 1
595.8, -3, 1
595.9, -3, 1
596, -3, 1
596.1, -3, 1
596.2, -3, 1
596.3, -3, 1
596.4, -3, 1
596.5, -3, 1
596.6, -3, 1
596.7, -3, 1
596.8, -3, 1
596.9, -3, 1
597, -3, 1
597.1, -4, 1
597.2, -4, 1
597.3, -4, 1
597.4, -4, 1
597.5, -3, 1
597.6, -3, 1
597.7, -3, 1
597.8, -3, 1
597.9, -3, 1
598, -3, 1
598.1, -3, 1
598.2, -3, 1
598.3, -3, 1
598.4, -3, 1
598.5, -3, 1
598.6, -3, 1
598.7, -3, 1
598.8, -3, 1
598.9, -3, 1
599, -3, 1
599.1, -3, 1
599.2, -3, 1
599.3, -3, 1
599.4, -3, 1
599.5, -3, 1
599.6, -3, 1
599.7, -3, 1
599.8, -3, 1
599.9, -3, 1
600, -3, 1
600.1, -3, 1
600.2, -3, 1
600.3, -3, 1
600.4, -3, 1
600.5, -3, 1
600.6, -3, 1
600.7, -3, 1
600.8, -3, 1
600.9, -3, 1
601, -3, 1
601.1, -3, 1
601.2, -3, 1
601.3, -3, 1
601.4, -3, 1
601.5, -4, 1
601.6, -4, 1
601.7, -4, 1
601.8, -4, 1
601.9, -4, 1
602, -4, 1
602.1, -4, 1
602.2, -4, 1
602.3, -4, 1
602.4, -4, 1
602.5, -4, 1
602.6, -4, 1
602.7, -4, 1
602.8, -4, 1
602.9, -5, 1
603, -5, 1
603.1, -5, 1
603.2, -5, 1
603.3, -5, 1
603.4, -5, 1
603.5, -5, 1
603.6, -5, 1
603.7, -5, 1
603.8, -5, 1
603.9, -5, 1
604, -5, 1
604.1, -5, 1
604.2, -5, 1
604.3, -5, 1
604.4, -5, 1
604.5, -5, 1
604.6, -5, 1
604.7, -5, 1
604.8, -5, 1
604.9, -5, 1
605, -5, 1
605.1, -4, 1
605.2, -4, 1
605.3, -4, 1
605.4, -4, 1
605.5, -4, 1
605.6, -4, 1
605.7, -4, 1
605.8, -4, 1
605.9, -4, 1
606, -4, 1
606.1, -4, 1
606.2, -4, 1
606.3, -3, 1
606.4, -3, 1
606.5, -3, 1
606.6, -3, 1
606.7, -3, 1
606.8, -3, 1
606.9, -2, 1
607, -2, 1
607.1, -2, 1
607.2, -2, 1
607.3, -2, 1
607.4, -2, 1
607.5, -2, 1
607.6, -2, 1
607.7, -2, 1
607.8, -2, 1
607.9, -2, 1
608, -2, 1
608.1, -2, 1
608.2, -2, 1
608.3, -2, 1
608.4, -2, 1
608.5, -2, 1
608.6, -2, 1
608.7, -2, 1
608.8, -2, 1
608.9, -2, 1
609, -2, 1
609.1, -2, 1
609.2, -2, 1
609.3, -2, 1
609.4, -2, 1
609.5, -2, 1
609.6, -2, 1
609.7, -2, 1
609.8, -2, 1
609.9, -2, 1
610, -2, 1
610.1, -2, 1
610.2, -2, 1
610.3, -2, 1
610.4, -2, 1
610.5, -2, 1
610.6, -2, 1
610.7, -2, 1
610.8, -2, 1
610.9, -2, 1
611, -2, 1
611.1, -2, 1
611.2, -2, 1
611.3, -2, 2
611.4, -2, 2
611.5, -2, 2
611.6, -2, 2
611.7, -2, 2
611.8, -2, 2
611.9, -2, 2
612, -2, 2
612.1, -2, 2
612.2, -2, 2
612.3, -2, 1
612.4, -2, 1
612.5, -2, 1
612.6, -2, 1
612.7, -2, 1
612.8, -2, 1
612.9, -2, 1
613, -2, 1
613.1, -2, 1
613.2, -2, 1
613.3, -2, 1
613.4, -2, 1
613.5, -2, 1
613.6, -2, 1
613.7, -2, 1
613.8, -2, 1
613.9, -2, 1
614, -2, 1
614.1, -2, 1
614.2, -2, 1
614.3, -2, 1
614.4, -2, 1
614.5, -2, 1
614.6, -2, 1
614.7, -2, 1
614.8, -2, 1
614.9, -2, 1
615, -2, 1
615.1, -2, 1
615.2, -2, 1
615.3, -2, 1
615.4, -2, 1
615.5, -2, 1
615.6, -2, 1
615.7, -2, 1
615.8, -2, 1
615.9, -2, 1
616, -2, 1
616.1, -2, 1
616.2, -2, 1
616.3, -2, 1
616.4, -2, 1
616.5, -2, 1
616.6, -2, 1
616.7, -2, 1
616.8, -2, 1
616.9, -2, 1
617, -2, 1
617.1, -2, 1
617.2, -2, 1
617.3, -2, 1
617.4, -2, 1
617.5, -2, 1
617.6, -2, 1
617.7, -2, 1
617.8, -2, 1
617.9, -2, 1
618, -2, 1
618.1, -2, 2
618.2, -2, 2
618.3, -2, 2
618.4, -2, 2
618.5, -2, 2
618.6, -2, 2
618.7, -2, 2
618.8, -2, 2
618.9, -2, 2
619, -2, 2
619.1, -2, 2
619.2, -2, 2
619.3, -2, 2
619.4, -2, 2
619.5, -2, 2
619.6, -2, 2
619.7, -2, 2
619.8, -2, 2
619.9, -2, 2
620, -2, 2
620.1, -2, 2
620.2, -2, 2
620.3, -2, 2
620.4, -2, 2
620.5, -2, 2
620.6, -2, 2
620.7, -2, 2
620.8, -2, 2
620.9, -2, 2
621, -2, 2
621.1, -2, 2
621.2, -2, 2
621.3, -2, 2
621.4, -2, 2
621.5, -2, 2
621.6, -2, 2
621.7, -2, 2
621.8, -2, 2
621.9, -2, 2
622, -2, 2
622.1, -2, 2
622.2, -2, 2
622.3, -2, 2
622.4, -2, 2
622.5, -2, 2
622.6, -2, 2
622.7, -2, 2
622.8, -2, 2
622.9, -2, 2
623, -2, 2
623.1, -2, 2
623.2, -2, 2
623.3, -2, 2
623.4, -2, 2
623.5, -3, 2
623.6, -3, 2
623.7, -3, 2
623.8, -3, 2
623.9, -3, 2
624, -3, 2
624.1, -3, 2
624.2, -3, 2
624.3, -3, 2
624.4, -3, 2
624.5, -3, 2
624.6, -3, 2
624.7, -3, 2
624.8, -3, 2
624.9, -3, 2
625, -3, 2
625.1, -3, 2
625.2, -3, 2
625.3, -3, 2
625.4, -3, 2
625.5, -3, 2
625.6, -3, 2
625.7, -3, 2
625.8, -3, 2
625.9, -4, 2
626, -4, 2
626.1, -4, 2
626.2, -4, 2
626.3, -4, 2
626.4, -4, 2
626.5, -4, 2
626.6, -4, 2
626.7, -4, 2
626.8, -4, 2
626.9, -4, 2
627, -4, 2
627.1, -4, 2
627.2, -4, 2
627.3, -4, 2
627.4, -4, 2
627.5, -4, 2
627.6, -4, 2
627.7, -4, 2
627.8, -4, 2
627.9, -4, 2
628, -4, 2
628.1, -4, 2
628.2, -4, 2
628.3, -4, 2
628.4, -4, 2
628.5, -4, 2
628.6, -4, 2
628.7, -4, 2
628.8, -4, 2
628.9, -4, 2
629, -4, 2
629.1, -4, 2
629.2, -4, 2
629.3, -4, 2
629.4, -4, 2
629.5, -4, 2
629.6, -4, 2
629.7, -4, 2
629.8, -4, 2
629.9, -4, 2
630, -4, 2
630.1, -4, 2
630.2, -4, 2
630.3, -4, 2
630.4, -4, 2
630.5, -4, 2
630.6, -4, 2
630.7, -4, 2
630.8, -4, 2
630.9, -4, 2
631, -4, 2
631.1, -4, 2
631.2, -4, 2
631.3, -4, 2
631.4, -4, 2
631.5, -4, 2
631.6, -4, 2
631.7, -4, 2
631.8, -4, 2
631.9, -4, 2
632, -4, 2
632.1, -4, 3
632.2, -4, 3
632.3, -4, 3
632.4, -4, 3
632.5, -4, 3
632.6, -4, 3
632.7, -4, 3
632.8, -4, 3
632.9, -4, 4
633, -4, 4
633.1, -4, 4
633.2, -4, 4
633.3, -4, 4
633.4, -4, 4
633.5, -4, 3
633.6, -4, 3
633.7, -4, 3
633.8, -4, 3
633.9, -4, 3
634, -4, 3
634.1, -4, 3
634.2, -4, 3
634.3, -4, 3
634.4, -4, 3
634.5, -4, 3
634.6, -4, 3
634.7, -4, 3
634.8, -4, 3
634.9, -4, 3
635, -4, 3
635.1, -4, 3
635.2, -4, 3
635.3, -4, 3
635.4, -4, 3
635.5, -4, 4
635.6, -4, 4
635.7, -4, 4
635.8, -4, 4
635.9, -4, 4
636, -4, 4
636.1, -4, 4
636.2, -4, 4
636.3, -4, 4
636.4, -4, 4
636.5, -4, 4
636.6, -4, 4
636.7, -4, 4
636.8, -4, 4
636.9, -4, 4
637, -4, 4
637.1, -4, 4
637.2, -4, 4
637.3, -4, 4
637.4, -4, 4
637.5, -3, 4
637.6, -3, 4
637.7, -3, 4
637.8, -3, 4
637.9, -3, 4
638, -3, 4
638.1, -3, 4
638.2, -3, 4
638.3, -3, 4
638.4, -3, 4
638.5, -3, 4
638.6, -3, 4
638.7, -3, 4
638.8, -3, 4
638.9, -3, 4
639, -3, 4
639.1, -3, 4
639.2, -3, 4
639.3, -3, 4
639.4, -3, 4
639.5, -3, 4
639.6, -3, 4
639.7, -3, 4
639.8, -3, 4
639.9, -3, 4
640, -3, 4
640.1, -3, 4
640.2, -3, 4
640.3, -3, 4
640.4, -3, 4
640.5, -3, 4
640.6, -3, 4
640.7, -3, 4
640.8, -3, 4
640.9, -3, 4
641, -3, 4
641.1, -3, 4
641.2, -3, 4
641.3, -3, 4
641.4, -3, 4
641.5, -3, 5
641.6, -3, 5
641.7, -3, 5
641.8, -3, 5
641.9, -3, 5
642, -3, 5
642.1, -3, 5
642.2, -3, 5
642.3, -3, 5
642.4, -3, 5
642.5, -3, 5
642.6, -3, 5
642.7, -3, 6
642.8, -3, 6
642.9, -3, 6
643, -3, 6
643.1, -3, 6
643.2, -3, 6
643.3, -3, 6
643.4, -3, 6
643.5, -3, 6
643.6, -3, 6
643.7, -3, 6
643.8, -3, 6
643.9, -3, 6
644, -3, 6
644.1, -3, 6
644.2, -3, 6
644.3, -3, 6
644.4, -3, 6
644.5, -3, 6
644.6, -3, 6
644.7, -3, 6
644.8, -3, 6
644.9, -3, 6
645, -3, 6
645.1, -3, 6
645.2, -3, 6
645.3, -3, 6
645.4, -3, 6
645.5, -3, 5
645.6, -3, 5
645.7, -3, 5
645.8, -3, 5
645.9, -2, 5
646, -2, 5
646.1, -2, 5
646.2, -2, 5
646.3, -2, 4
646.4, -2, 4
646.5, -2, 3
646.6, -2, 3
646.7, -2, 4
646.8, -2, 4
646.9, -2, 4
647, -2, 4
647.1, -2, 4
647.2, -2, 4
647.3, -2, 4
647.4, -2, 4
647.5, -2, 4
647.6, -2, 4
647.7, -2, 5
647.8, -2, 5
647.9, -2, 5
648, -2, 5
648.1, -2, 5
648.2, -2, 5
648.3, -2, 5
648.4, -2, 5
648.5, -2, 5
648.6, -2, 5
648.7, -2, 6
648.8, -2, 6
648.9, -2, 6
649, -2, 6
649.1, -2, 6
649.2, -2, 6
649.3, -2, 7
649.4, -2, 7
649.5, -2, 7
649.6, -2, 7
649.7, -2, 7
649.8, -2, 7
649.9, -2, 7
650, -2, 7
650.1, -2, 7
650.2, -2, 7
650.3, -2, 7
650.4, -2, 7
650.5, -2, 7
650.6, -2, 7
650.7, -2, 7
650.8, -2, 7
650.9, -2, 7
651, -2, 7
651.1, -2, 7
651.2, -2, 7
651.3, -2, 7
651.4, -2, 7
651.5, -2, 7
651.6, -2, 7
651.7, -2, 8
651.8, -2, 8
651.9, -2, 8
652, -2, 8
652.1, -2, 8
652.2, -2, 8
652.3, -2, 8
652.4, -2, 8
652.5, -2, 8
652.6, -2, 8
652.7, -2, 8
652.8, -2, 8
652.9, -2, 8
653, -2, 8
653.1, -2, 8
653.2, -2, 8
653.3, -2, 8
653.4, -2, 8
653.5, -2, 8
653.6, -2, 8
653.7, -2, 8
653.8, -2, 8
653.9, -2, 8
654, -2, 8
654.1, -2, 8
654.2, -2, 8
654.3, -2, 8
654.4, -2, 8
654.5, -2, 8
654.6, -2, 8
654.7, -2, 8
654.8, -2, 8
654.9, -2, 8
655, -2, 8
655.1, -2, 8
655.2, -2, 8
655.3, -2, 8
655.4, -2, 8
655.5, -2, 8
655.6, -2, 8
655.7, -2, 8
655.8, -2, 8
655.9, -2, 8
656, -2, 8
656.1, -2, 8
656.2, -2, 8
656.3, -2, 8
656.4, -2, 8
656.5, -2, 8
656.6, -2, 8
656.7, -2, 8
656.8, -2, 8
656.9, -2, 8
657, -2, 8
657.1, -2, 8
657.2, -2, 8
657.3, -2, 8
657.4, -2, 8
657.5, -2, 8
657.6, -2, 8
657.7, -2, 8
657.8, -2, 8
657.9, -2, 8
658, -2, 8
658.1, -2, 8
658.2, -2, 8
658.3, -2, 8
658.4, -2, 8
658.5, -2, 8
658.6, -2, 8
658.7, -2, 8
658.8, -2, 8
658.9, -2, 9
659, -2, 9
659.1, -2, 9
659.2, -2, 9
659.3, -2, 9
659.4, -2, 9
659.5, -2, 9
659.6, -2, 9
659.7, -2, 9
659.8, -2, 9
659.9, -2, 9
660, -2, 9
660.1, -2, 9
660.2, -2, 9
660.3, -2, 9
660.4, -2, 9
660.5, -2, 9
660.6, -2, 9
660.7, -2, 9
660.8, -2, 9
660.9, -2, 9
661, -2, 9
661.1, -2, 9
661.2, -2, 9
661.3, -2, 9
661.4, -2, 9
661.5, -2, 9
661.6, -2, 9
661.7, -2, 9
661.8, -2, 9
661.9, -2, 9
662, -2, 9
662.1, -2, 9
662.2, -2, 9
662.3, -2, 9
662.4, -2, 9
662.5, -2, 9
662.6, -2, 9
662.7, -2, 9
662.8, -2, 9
662.9, -2, 9
663, -2, 9
663.1, -2, 9
663.2, -2, 9
663.3, -2, 9
663.4, -2, 9
663.5, -2, 9
663.6, -2, 9
663.7, -2, 9
663.8, -2, 9
663.9, -2, 9
664, -2, 9
664.1, -2, 9
664.2, -2, 9
664.3, -2, 9
664.4, -2, 9
664.5, -2, 9
664.6, -2, 9
664.7, -2, 9
664.8, -2, 9
664.9, -2, 9
665, -2, 9
665.1, -2, 9
665.2, -2, 9
665.3, -2, 9
665.4, -2, 9
665.5, -2, 9
665.6, -2, 9
665.7, -2, 9
665.8, -2, 9
665.9, -1, 9
666, -1, 9
666.1, -1, 9
666.2, -1, 9
666.3, -1, 9
666.4, -1, 9
666.5, -1, 9
666.6, -1, 9
666.7, -1, 9
666.8, -1, 9
666.9, -1, 9
667, -1, 9
667.1, -1, 9
667.2, -1, 9
667.3, -1, 9
667.4, -1, 9
667.5, -1, 9
667.6, -1, 9
667.7, -2, 9
667.8, -2, 9
667.9, -2, 9
668, -2, 9
668.1, -2, 9
668.2, -2, 9
668.3, -2, 9
668.4, -2, 9
668.5, -2, 9
668.6, -2, 9
668.7, -2, 9
668.8, -2, 9
668.9, -2, 9
669, -2, 9
669.1, -2, 8
669.2, -2, 8
669.3, -2, 8
669.4, -2, 8
669.5, -2, 8
669.6, -2, 8
669.7, -2, 8
669.8, -2, 8
669.9, -2, 8
670, -2, 8
670.1, -2, 8
670.2, -2, 8
670.3, -2, 8
670.4, -2, 8
670.5, -2, 8
670.6, -2, 8
670.7, -2, 8
670.8, -2, 8
670.9, -3, 8
671, -3, 8
671.1, -3, 8
671.2, -3, 8
671.3, -3, 8
671.4, -3, 8
671.5, -3, 8
671.6, -3, 8
671.7, -3, 8
671.8, -3, 8
671.9, -3, 8
672, -3, 8
672.1, -3, 8
672.2, -3, 8
672.3, -3, 8
672.4, -3, 8
672.5, -3, 9
672.6, -3, 9
672.7, -3, 9
672.8, -3, 9
672.9, -3, 9
673, -3, 9
673.1, -3, 9
673.2, -3, 9
673.3, -3, 9
673.4, -3, 9
673.5, -3, 9
673.6, -3, 9
673.7, -3, 9
673.8, -3, 9
673.9, -3, 9
674, -3, 9
674.1, -3, 9
674.2, -3, 9
674.3, -3, 9
674.4, -3, 9
674.5, -3, 9
674.6, -3, 9
674.7, -3, 9
674.8, -3, 9
674.9, -3, 9
675, -3, 9
675.1, -3, 9
675.2, -3, 9
675.3, -3, 9
675.4, -3, 9
675.5, -3, 9
675.6, -3, 9
675.7, -3, 9
675.8, -3, 9
675.9, -3, 9
676, -3, 9
676.1, -3, 9
676.2, -3, 9
676.3, -3, 8
676.4, -3, 8
676.5, -3, 8
676.6, -3, 8
676.7, -3, 8
676.8, -3, 8
676.9, -3, 8
677, -3, 8
677.1, -3, 8
677.2, -3, 8
677.3, -3, 8
677.4, -3, 8
677.5, -3, 8
677.6, -3, 8
677.7, -3, 8
677.8, -3, 8
677.9, -3, 8
678, -3, 8
678.1, -3, 8
678.2, -3, 8
678.3, -3, 8
678.4, -3, 8
678.5, -3, 8
678.6, -3, 8
678.7, -3, 8
678.8, -3, 8
678.9, -3, 8
679, -3, 8
679.1, -3, 8
679.2, -3, 8
679.3, -3, 8
679.4, -3, 8
679.5, -3, 8
679.6, -3, 8
679.7, -3, 8
679.8, -3, 8
679.9, -3, 8
680, -3, 8
680.1, -3, 8
680.2, -3, 8
680.3, -3, 8
680.4, -3, 8
680.5, -3, 8
680.6, -3, 8
680.7, -4, 8
680.8, -4, 8
680.9, -4, 8
681, -4, 8
681.1, -4, 8
681.2, -4, 8
681.3, -4, 8
681.4, -4, 8
681.5, -4, 8
681.6, -4, 8
681.7, -4, 8
681.8, -4, 8
681.9, -4, 8
682, -4, 8
682.1, -4, 8
682.2, -4, 8
682.3, -4, 8
682.4, -4, 8
682.5, -4, 8
682.6, -4, 8
682.7, -4, 8
682.8, -4, 8
682.9, -4, 8
683, -4, 8
683.1, -4, 8
683.2, -4, 8
683.3, -4, 8
683.4, -4, 8
683.5, -4, 8
683.6, -4, 8
683.7, -4, 8
683.8, -4, 8
683.9, -4, 8
684, -4, 8
684.1, -4, 8
684.2, -4, 8
684.3, -4, 7
684.4, -4, 7
684.5, -4, 7
684.6, -4, 7
684.7, -4, 7
684.8, -4, 7
684.9, -4, 7
685, -4, 7
685.1, -4, 7
685.2, -4, 7
685.3, -4, 7
685.4, -4, 7
685.5, -4, 7
685.6, -4, 7
685.7, -4, 7
685.8, -4, 7
685.9, -4, 7
686, -4, 7
686.1, -4, 7
686.2, -4, 7
686.3, -4, 7
686.4, -4, 7
686.5, -4, 7
686.6, -4, 7
686.7, -4, 7
686.8, -4, 7
686.9, -4, 7
687, -4, 7
687.1, -4, 7
687.2, -4, 7
687.3, -4, 7
687.4, -4, 7
687.5, -4, 7
687.6, -4, 7
687.7, -4, 6
687.8, -4, 6
687.9, -4, 6
688, -4, 6
688.1, -4, 6
688.2, -4, 6
688.3, -4, 6
688.4, -4, 6
688.5, -4, 6
688.6, -4, 6
688.7, -4, 6
688.8, -4, 6
688.9, -4, 6
689, -4, 6
689.1, -4, 5
689.2, -4, 5
689.3, -4, 5
689.4, -4, 5
689.5, -4, 5
689.6, -4, 5
689.7, -4, 5
689.8, -4, 5
689.9, -4, 5
690, -4, 5
690.1, -4, 5
690.2, -4, 5
690.3, -4, 5
690.4, -4, 5
690.5, -4, 5
690.6, -4, 5
690.7, -4, 5
690.8, -4, 5
690.9, -4, 5
691, -4, 5
691.1, -4, 5
691.2, -4, 5
691.3, -4, 5
691.4, -4, 5
691.5, -5, 5
691.6, -5, 5
691.7, -5, 5
691.8, -5, 5
691.9, -5, 5
692, -5, 5
692.1, -5, 5
692.2, -5, 5
692.3, -5, 5
692.4, -5, 5
692.5, -5, 5
692.6, -5, 5
692.7, -5, 5
692.8, -5, 5
692.9, -5, 5
693, -5, 5
693.1, -5, 5
693.2, -5, 5
693.3, -4, 5
693.4, -4, 5
693.5, -4, 5
693.6, -4, 5
693.7, -4, 5
693.8, -4, 5
693.9, -4, 5
694, -4, 5
694.1, -4, 5
694.2, -4, 5
694.3, -4, 5
694.4, -4, 5
694.5, -3, 5
694.6, -3, 5
694.7, -3, 5
694.8, -3, 5
694.9, -3, 5
695, -3, 5
695.1, -3, 5
695.2, -3, 5
695.3, -3, 5
695.4, -3, 5
695.5, -3, 5
695.6, -3, 5
695.7, -3, 6
695.8, -3, 6
695.9, -3, 6
696, -3, 6
696.1, -3, 6
696.2, -3, 6
696.3, -3, 6
696.4, -3, 6
696.5, -3, 6
696.6, -3, 6
696.7, -3, 6
696.8, -3, 6
696.9, -3, 6
697, -3, 6
697.1, -3, 6
697.2, -3, 6
697.3, -3, 6
697.4, -3, 6
697.5, -3, 6
697.6, -3, 6
697.7, -3, 6
697.8, -3, 6
697.9, -3, 6
698, -3, 6
698.1, -3, 6
698.2, -3, 6
698.3, -2, 6
698.4, -2, 6
698.5, -2, 6
698.6, -2, 6
698.7, -2, 6
698.8, -2, 6
698.9, -2, 6
699, -2, 6
699.1, -2, 6
699.2, -2, 6
699.3, -2, 6
699.4, -2, 6
699.5, -2, 5
699.6, -2, 5
699.7, -2, 5
699.8, -2, 5
699.9, -2, 5
700, -2, 5
700.1, -2, 5
700.2, -2, 5
700.3, -2, 5
700.4, -2, 5
700.5, -2, 5
700.6, -2, 5
700.7, -1, 5
700.8, -1, 5
700.9, -2, 5
701, -2, 5
701.1, -2, 5
701.2, -2, 5
701.3, -2, 5
701.4, -2, 5
701.5, -2, 5
701.6, -2, 5
701.7, -2, 5
701.8, -2, 5
701.9, -2, 5
702, -2, 5
702.1, -2, 5
702.2, -2, 5
702.3, -2, 5
702.4, -2, 5
702.5, -2, 5
702.6, -2, 5
702.7, -2, 5
702.8, -2, 5
702.9, -2, 5
703, -2, 5
703.1, -2, 5
703.2, -2, 5
703.3, -2, 5
703.4, -2, 5
703.5, -2, 5
703.6, -2, 5
703.7, -2, 5
703.8, -2, 5
703.9, -2, 5
704, -2, 5
704.1, -2, 5
704.2, -2, 5
704.3, -2, 5
704.4, -2, 5
704.5, -2, 5
704.6, -2, 5
704.7, -2, 5
704.8, -2, 5
704.9, -2, 5
705, -2, 5
705.1, -2, 5
705.2, -2, 5
705.3, -2, 5
705.4, -2, 5
705.5, -2, 5
705.6, -2, 5
705.7, -2, 5
705.8, -2, 5
705.9, -2, 5
706, -2, 5
706.1, -2, 5
706.2, -2, 5
706.3, -2, 6
706.4, -2, 6
706.5, -2, 6
706.6, -2, 6
706.7, -2, 6
706.8, -2, 6
706.9, -2, 6
707, -2, 6
707.1, -2, 6
707.2, -2, 6
707.3, -2, 6
707.4, -2, 6
707.5, -2, 6
707.6, -2, 6
707.7, -2, 6
707.8, -2, 6
707.9, -2, 6
708, -2, 6
708.1, -2, 6
708.2, -2, 6
708.3, -2, 6
708.4, -2, 6
708.5, -3, 6
708.6, -3, 6
708.7, -3, 6
708.8, -3, 6
708.9, -3, 6
709, -3, 6
709.1, -3, 6
709.2, -3, 6
709.3, -3, 6
709.4, -3, 6
709.5, -3, 6
709.6, -3, 6
709.7, -3, 6
709.8, -3, 6
709.9, -3, 6
710, -3, 6
710.1, -3, 6
710.2, -3, 6
710.3, -3, 6
710.4, -3, 6
710.5, -3, 6
710.6, -3, 6
710.7, -3, 6
710.8, -3, 6
710.9, -3, 6
711, -3, 6
711.1, -4, 6
711.2, -4, 6
711.3, -4, 6
711.4, -4, 6
711.5, -4, 6
711.6, -4, 6
711.7, -5, 6
711.8, -5, 6
711.9, -5, 6
712, -5, 6
712.1, -5, 6
712.2, -5, 6
712.3, -5, 6
712.4, -5, 6
712.5, -5, 6
712.6, -5, 6
712.7, -5, 6
712.8, -5, 6
712.9, -5, 6
713, -5, 6
713.1, -5, 6
713.2, -5, 6
713.3, -5, 6
713.4, -5, 6
713.5, -5, 6
713.6, -5, 6
713.7, -5, 6
713.8, -5, 6
713.9, -5, 6
714, -5, 6
714.1, -5, 6
714.2, -5, 6
714.3, -5, 6
714.4, -5, 6
714.5, -5, 5
714.6, -5, 5
714.7, -5, 5
714.8, -5, 5
714.9, -5, 5
715, -5, 5
715.1, -5, 5
715.2, -5, 5
715.3, -5, 5
715.4, -5, 5
715.5, -5, 5
715.6, -5, 5
715.7, -5, 5
715.8, -5, 5
715.9, -5, 5
716, -5, 5
716.1, -5, 5
716.2, -5, 5
716.3, -5, 5
716.4, -5, 5
716.5, -5, 5
716.6, -5, 5
716.7, -5, 5
716.8, -5, 5
716.9, -5, 5
717, -5, 5
717.1, -5, 5
717.2, -5, 5
717.3, -5, 5
717.4, -5, 5
717.5, -5, 5
717.6, -5, 5
717.7, -5, 5
717.8, -5, 5
717.9, -5, 5
718, -5, 5
718.1, -5, 5
718.2, -5, 5
718.3, -5, 5
718.4, -5, 5
718.5, -5, 5
718.6, -5, 5
718.7, -5, 5
718.8, -5, 5
718.9, -5, 5
719, -5, 5
719.1, -5, 5
719.2, -5, 5
719.3, -5, 5
719.4, -5, 5
719.5, -5, 5
719.6, -5, 5
719.7, -5, 5
719.8, -5, 5
719.9, -5, 5
720, -5, 5
720.1, -5, 4
720.2, -5, 4
720.3, -5, 4
720.4, -5, 4
720.5, -5, 4
720.6, -5, 4
720.7, -5, 4
720.8, -5, 4
720.9, -5, 4
721, -5, 4
721.1, -5, 4
721.2, -5, 4
721.3, -5, 4
721.4, -5, 4
721.5, -5, 4
721.6, -5, 4
721.7, -5, 4
721.8, -5, 4
721.9, -5, 4
722, -5, 4
722.1, -5, 4
722.2, -5, 4
722.3, -5, 4
722.4, -5, 4
722.5, -5, 4
722.6, -5, 4
722.7, -5, 4
722.8, -5, 4
722.9, -5, 4
723, -5, 4
723.1, -5, 4
723.2, -5, 4
723.3, -5, 4
723.4, -5, 4
723.5, -5, 4
723.6, -5, 4
723.7, -5, 4
723.8, -5, 4
723.9, -5, 4
724, -5, 4
724.1, -5, 4
724.2, -5, 4
724.3, -5, 4
724.4, -5, 4
724.5, -5, 4
724.6, -5, 4
724.7, -5, 4
724.8, -5, 4
724.9, -5, 4
725, -5, 4
725.1, -5, 4
725.2, -5, 4
725.3, -5, 4
725.4, -5, 4
725.5, -5, 4
725.6, -5, 4
725.7, -5, 4
725.8, -5, 4
725.9, -5, 4
726, -5, 4
726.1, -5, 3
726.2, -5, 3
726.3, -5, 3
726.4, -5, 3
726.5, -5, 3
726.6, -5, 3
726.7, -5, 3
726.8, -5, 3
726.9, -5, 3
727, -5, 3
727.1, -5, 4
727.2, -5, 4
727.3, -5, 4
727.4, -5, 4
727.5, -5, 4
727.6, -5, 4
727.7, -5, 4
727.8, -5, 4
727.9, -5, 4
728, -5, 4
728.1, -5, 4
728.2, -5, 4
728.3, -5, 4
728.4, -5, 4
728.5, -5, 4
728.6, -5, 4
728.7, -5, 4
728.8, -5, 4
728.9, -5, 5
729, -5, 5
729.1, -5, 5
729.2, -5, 5
729.3, -5, 5
729.4, -5, 5
729.5, -6, 5
729.6, -6, 5
729.7, -6, 6
729.8, -6, 6
729.9, -6, 6
730, -6, 6
730.1, -6, 6
730.2, -6, 6
730.3, -6, 6
730.4, -6, 6
730.5, -6, 6
730.6, -6, 6
730.7, -6, 6
730.8, -6, 6
730.9, -6, 6
731, -6, 6
731.1, -6, 6
731.2, -6, 6
731.3, -6, 7
731.4, -6, 7
731.5, -6, 7
731.6, -6, 7
731.7, -6, 7
731.8, -6, 7
731.9, -6, 7
732, -6, 7
732.1, -6, 7
732.2, -6, 7
732.3, -6, 7
732.4, -6, 7
732.5, -6, 7
732.6, -6, 7
732.7, -6, 7
732.8, -6, 7
732.9, -6, 7
733, -6, 7
733.1, -6, 7
733.2, -6, 7
733.3, -6, 7
733.4, -6, 7
733.5, -6, 7
733.6, -6, 7
733.7, -6, 8
733.8, -6, 8
733.9, -6, 9
734, -6, 9
734.1, -6, 9
734.2, -6, 9
734.3, -6, 9
734.4, -6, 9
734.5, -6, 9
734.6, -6, 9
734.7, -7, 9
734.8, -7, 9
734.9, -7, 9
735, -7, 9
735.1, -7, 9
735.2, -7, 9
735.3, -7, 9
735.4, -7, 9
735.5, -7, 9
735.6, -7, 9
735.7, -7, 9
735.8, -7, 9
735.9, -7, 9
736, -7, 9
736.1, -7, 9
736.2, -7, 9
736.3, -7, 9
736.4, -7, 9
736.5, -7, 9
736.6, -7, 9
736.7, -7, 9
736.8, -7, 9
736.9, -7, 9
737, -7, 9
737.1, -7, 9
737.2, -7, 9
737.3, -7, 9
737.4, -7, 9
737.5, -7, 9
737.6, -7, 9
737.7, -7, 9
737.8, -7, 9
737.9, -7, 9
738, -7, 9
738.1, -7, 9
738.2, -7, 9
738.3, -7, 9
738.4, -7, 9
738.5, -7, 8
738.6, -7, 8
738.7, -7, 8
738.8, -7, 8
738.9, -7, 8
739, -7, 8
739.1, -7, 8
739.2, -7, 8
739.3, -7, 8
739.4, -7, 8
739.5, -7, 8
739.6, -7, 8
739.7, -7, 8
739.8, -7, 8
739.9, -7, 8
740, -7, 8
740.1, -7, 8
740.2, -7, 8
740.3, -7, 8
740.4, -7, 8
740.5, -7, 8
740.6, -7, 8
740.7, -7, 8
740.8, -7, 8
740.9, -7, 8
741, -7, 8
741.1, -7, 8
741.2, -7, 8
741.3, -7, 9
741.4, -7, 9
741.5, -7, 9
741.6, -7, 9
741.7, -7, 9
741.8, -7, 9
741.9, -7, 9
742, -7, 9
742.1, -7, 9
742.2, -7, 9
742.3, -7, 9
742.4, -7, 9
742.5, -7, 9
742.6, -7, 9
742.7, -7, 9
742.8, -7, 9
742.9, -7, 9
743, -7, 9
743.1, -7, 9
743.2, -7, 9
743.3, -7, 9
743.4, -7, 9
743.5, -7, 9
743.6, -7, 9
743.7, -7, 9
743.8, -7, 9
743.9, -7, 9
744, -7, 9
744.1, -7, 9
744.2, -7, 9
744.3, -7, 8
744.4, -7, 8
744.5, -7, 7
744.6, -7, 7
744.7, -7, 7
744.8, -7, 7
744.9, -8, 7
745, -8, 7
745.1, -8, 7
745.2, -8, 7
745.3, -8, 7
745.4, -8, 7
745.5, -8, 7
745.6, -8, 7
745.7, -8, 7
745.8, -8, 7
745.9, -8, 7
746, -8, 7
746.1, -8, 6
746.2, -8, 6
746.3, -8, 6
746.4, -8, 6
746.5, -8, 6
746.6, -8, 6
746.7, -8, 6
746.8, -8, 6
746.9, -8, 6
747, -8, 6
747.1, -8, 6
747.2, -8, 6
747.3, -8, 6
747.4, -8, 6
747.5, -8, 6
747.6, -8, 6
747.7, -8, 6
747.8, -8, 6
747.9, -8, 6
748, -8, 6
748.1, -8, 6
748.2, -8, 6
748.3, -8, 6
748.4, -8, 6
748.5, -8, 5
748.6, -8, 5
748.7, -8, 5
748.8, -8, 5
748.9, -8, 5
749, -8, 5
749.1, -8, 5
749.2, -8, 5
749.3, -8, 5
749.4, -8, 5
749.5, -8, 5
749.6, -8, 5
749.7, -8, 5
749.8, -8, 5
749.9, -8, 5
750, -8, 5
750.1, -8, 5
750.2, -8, 5
750.3, -8, 5
750.4, -8, 5
750.5, -8, 5
750.6, -8, 5
750.7, -8, 5
750.8, -8, 5
750.9, -8, 5
751, -8, 5
751.1, -8, 5
751.2, -8, 5
751.3, -8, 5
751.4, -8, 5
751.5, -7, 5
751.6, -7, 5
751.7, -7, 5
751.8, -7, 5
751.9, -7, 5
752, -7, 5
752.1, -7, 5
752.2, -7, 5
752.3, -7, 5
752.4, -7, 5
752.5, -7, 5
752.6, -7, 5
752.7, -7, 5
752.8, -7, 5
752.9, -7, 4
753, -7, 4
753.1, -7, 4
753.2, -7, 4
753.3, -7, 4
753.4, -7, 4
753.5, -7, 4
753.6, -7, 4
753.7, -7, 4
753.8, -7, 4
753.9, -7, 4
754, -7, 4
754.1, -7, 4
754.2, -7, 4
754.3, -7, 4
754.4, -7, 4
754.5, -7, 4
754.6, -7, 4
754.7, -7, 4
754.8, -7, 4
754.9, -7, 4
755, -7, 4
755.1, -7, 4
755.2, -7, 4
755.3, -7, 4
755.4, -7, 4
755.5, -7, 4
755.6, -7, 4
755.7, -7, 4
755.8, -7, 4
755.9, -7, 4
756, -7, 4
756.1, -7, 4
756.2, -7, 4
756.3, -7, 4
756.4, -7, 4
756.5, -7, 4
756.6, -7, 4
756.7, -7, 4
756.8, -7, 4
756.9, -7, 4
757, -7, 4
757.1, -7, 4
757.2, -7, 4
757.3, -7, 4
757.4, -7, 4
757.5, -7, 4
757.6, -7, 4
757.7, -7, 4
757.8, -7, 4
757.9, -7, 4
758, -7, 4
758.1, -7, 4
758.2, -7, 4
758.3, -7, 4
758.4, -7, 4
758.5, -7, 4
758.6, -7, 4
758.7, -7, 3
758.8, -7, 3
758.9, -7, 3
759, -7, 3
759.1, -7, 3
759.2, -7, 3
759.3, -7, 3
759.4, -7, 3
759.5, -7, 3
759.6, -7, 3
759.7, -7, 3
759.8, -7, 3
759.9, -7, 3
760, -7, 3
760.1, -7, 3
760.2, -7, 3
760.3, -7, 3
760.4, -7, 3
760.5, -7, 3
760.6, -7, 3
760.7, -7, 3
760.8, -7, 3
760.9, -7, 4
761, -7, 4
761.1, -7, 4
761.2, -7, 4
761.3, -7, 4
761.4, -7, 4
761.5, -7, 4
761.6, -7, 4
761.7, -7, 4
761.8, -7, 4
761.9, -7, 4
762, -7, 4
762.1, -7, 4
762.2, -7, 4
762.3, -7, 4
762.4, -7, 4
762.5, -7, 4
762.6, -7, 4
762.7, -7, 4
762.8, -7, 4
762.9, -6, 4
763, -6, 4
763.1, -5, 4
763.2, -5, 4
763.3, -5, 4
763.4, -5, 4
763.5, -5, 4
763.6, -5, 4
763.7, -5, 4
763.8, -5, 4
763.9, -5, 4
764, -5, 4
764.1, -5, 4
764.2, -5, 4
764.3, -5, 4
764.4, -5, 4
764.5, -5, 4
764.6, -5, 4
764.7, -5, 4
764.8, -5, 4
764.9, -5, 4
765, -5, 4
765.1, -5, 4
765.2, -5, 4
765.3, -5, 4
765.4, -5, 4
765.5, -5, 4
765.6, -5, 4
765.7, -5, 4
765.8, -5, 4
765.9, -5, 4
766, -5, 4
766.1, -5, 4
766.2, -5, 4
766.3, -5, 4
766.4, -5, 4
766.5, -5, 4
766.6, -5, 4
766.7, -5, 4
766.8, -5, 4
766.9, -5, 4
767, -5, 4
767.1, -5, 4
767.2, -5, 4
767.3, -5, 4
767.4, -5, 4
767.5, -5, 4
767.6, -5, 4
767.7, -5, 4
767.8, -5, 4
767.9, -5, 4
768, -5, 4
768.1, -5, 4
768.2, -5, 4
768.3, -5, 5
768.4, -5, 5
768.5, -5, 5
768.6, -5, 5
768.7, -5, 5
768.8, -5, 5
768.9, -5, 5
769, -5, 5
769.1, -5, 5
769.2, -5, 5
769.3, -5, 5
769.4, -5, 5
769.5, -5, 5
769.6, -5, 5
769.7, -5, 5
769.8, -5, 5
769.9, -5, 5
770, -5, 5
770.1, -5, 5
770.2, -5, 5
770.3, -5, 5
770.4, -5, 5
770.5, -5, 5
770.6, -5, 5
770.7, -5, 5
770.8, -5, 5
770.9, -5, 5
771, -5, 5
771.1, -5, 5
771.2, -5, 5
771.3, -5, 5
771.4, -5, 5
771.5, -5, 5
771.6, -5, 5
771.7, -5, 5
771.8, -5, 5
771.9, -5, 5
772, -5, 5
772.1, -5, 5
772.2, -5, 5
772.3, -5, 4
772.4, -5, 4
772.5, -6, 4
772.6, -6, 4
772.7, -6, 4
772.8, -6, 4
772.9, -6, 4
773, -6, 4
773.1, -6, 4
773.2, -6, 4
773.3, -6, 4
773.4, -6, 4
773.5, -6, 4
773.6, -6, 4
773.7, -6, 4
773.8, -6, 4
773.9, -6, 4
774, -6, 4
774.1, -6, 4
774.2, -6, 4
774.3, -6, 4
774.4, -6, 4
774.5, -6, 4
774.6, -6, 4
774.7, -6, 4
774.8, -6, 4
774.9, -6, 4
775, -6, 4
775.1, -6, 3
775.2, -6, 3
775.3, -6, 3
775.4, -6, 3
775.5, -6, 3
775.6, -6, 3
775.7, -6, 3
775.8, -6, 3
775.9, -6, 3
776, -6, 3
776.1, -6, 3
776.2, -6, 3
776.3, -6, 3
776.4, -6, 3
776.5, -6, 3
776.6, -6, 3
776.7, -6, 3
776.8, -6, 3
776.9, -6, 3
777, -6, 3
777.1, -6, 3
777.2, -6, 3
777.3, -6, 3
777.4, -6, 3
777.5, -6, 3
777.6, -6, 3
777.7, -6, 3
777.8, -6, 3
777.9, -6, 3
778, -6, 3
778.1, -6, 3
778.2, -6, 3
778.3, -6, 3
778.4, -6, 3
778.5, -6, 3
778.6, -6, 3
778.7, -6, 3
778.8, -6, 3
778.9, -6, 3
779, -6, 3
779.1, -6, 3
779.2, -6, 3
779.3, -6, 3
779.4, -6, 3
779.5, -6, 3
779.6, -6, 3
779.7, -6, 3
779.8, -6, 3
779.9, -6, 3
780, -6, 3
780.1, -6, 3
780.2, -6, 3
780.3, -6, 3
780.4, -6, 3
780.5, -6, 3
780.6, -6, 3
780.7, -6, 3
780.8, -6, 3
780.9, -6, 3
781, -6, 3
781.1, -6, 3
781.2, -6, 3
781.3, -6, 3
781.4, -6, 3
781.5, -6, 3
781.6, -6, 3
781.7, -6, 3
781.8, -6, 3
781.9, -6, 3
782, -6, 3
782.1, -6, 3
782.2, -6, 3
782.3, -6, 3
782.4, -6, 3
782.5, -6, 3
782.6, -6, 3
782.7, -6, 3
782.8, -6, 3
782.9, -6, 3
783, -6, 3
783.1, -6, 3
783.2, -6, 3
783.3, -6, 3
783.4, -6, 3
783.5, -6, 3
783.6, -6, 3
783.7, -6, 3
783.8, -6, 3
783.9, -6, 3
784, -6, 3
784.1, -6, 3
784.2, -6, 3
784.3, -6, 3
784.4, -6, 3
784.5, -6, 3
784.6, -6, 3
784.7, -6, 3
784.8, -6, 3
784.9, -6, 3
785, -6, 3
785.1, -6, 3
785.2, -6, 3
785.3, -6, 3
785.4, -6, 3
785.5, -6, 3
785.6, -6, 3
785.7, -6, 3
785.8, -6, 3
785.9, -6, 3
786, -6, 3
786.1, -6, 3
786.2, -6, 3
786.3, -7, 3
786.4, -7, 3
786.5, -7, 3
786.6, -7, 3
786.7, -7, 3
786.8, -7, 3
786.9, -6, 3
787, -6, 3
787.1, -6, 3
787.2, -6, 3
787.3, -6, 3
787.4, -6, 3
787.5, -6, 3
787.6, -6, 3
787.7, -6, 3
787.8, -6, 3
787.9, -6, 3
788, -6, 3
788.1, -6, 3
788.2, -6, 3
788.3, -6, 3
788.4, -6, 3
788.5, -6, 3
788.6, -6, 3
788.7, -6, 3
788.8, -6, 3
788.9, -6, 3
789, -6, 3
789.1, -6, 4
789.2, -6, 4
789.3, -6, 5
789.4, -6, 5
789.5, -6, 5
789.6, -6, 5
789.7, -6, 5
789.8, -6, 5
789.9, -6, 5
790, -6, 5
790.1, -6, 5
790.2, -6, 5
790.3, -6, 5
790.4, -6, 5
790.5, -7, 5
790.6, -7, 5
790.7, -7, 5
790.8, -7, 5
790.9, -7, 5
791, -7, 5
791.1, -7, 5
791.2, -7, 5
791.3, -7, 5
791.4, -7, 5
791.5, -7, 5
791.6, -7, 5
791.7, -7, 5
791.8, -7, 5
791.9, -7, 5
792, -7, 5
792.1, -7, 5
792.2, -7, 5
792.3, -7, 5
792.4, -7, 5
792.5, -7, 5
792.6, -7, 5
792.7, -7, 5
792.8, -7, 5
792.9, -7, 6
793, -7, 6
793.1, -7, 6
793.2, -7, 6
793.3, -7, 6
793.4, -7, 6
793.5, -7, 6
793.6, -7, 6
793.7, -7, 6
793.8, -7, 6
793.9, -7, 6
794, -7, 6
794.1, -7, 6
794.2, -7, 6
794.3, -7, 6
794.4, -7, 6
794.5, -7, 6
794.6, -7, 6
794.7, -7, 6
794.8, -7, 6
794.9, -7, 6
795, -7, 6
795.1, -7, 6
795.2, -7, 6
795.3, -7, 6
795.4, -7, 6
795.5, -7, 6
795.6, -7, 6
795.7, -7, 6
795.8, -7, 6
795.9, -7, 6
796, -7, 6
796.1, -7, 6
796.2, -7, 6
796.3, -7, 6
796.4, -7, 6
796.5, -7, 6
796.6, -7, 6
796.7, -7, 6
796.8, -7, 6
796.9, -7, 6
797, -7, 6
797.1, -7, 6
797.2, -7, 6
797.3, -7, 6
797.4, -7, 6
797.5, -7, 6
797.6, -7, 6
797.7, -7, 6
797.8, -7, 6
797.9, -7, 6
798, -7, 6
798.1, -7, 6
798.2, -7, 6
798.3, -7, 6
798.4, -7, 6
798.5, -7, 6
798.6, -7, 6
798.7, -7, 6
798.8, -7, 6
798.9, -7, 6
799, -7, 6
799.1, -7, 6
799.2, -7, 6
799.3, -7, 6
799.4, -7, 6
799.5, -7, 6
799.6, -7, 6
799.7, -7, 6
799.8, -7, 6
799.9, -7, 6
800, -7, 6
800.1, -7, 6
800.2, -7, 6
800.3, -7, 6
800.4, -7, 6
800.5, -7, 6
800.6, -7, 6
800.7, -7, 6
800.8, -7, 6
800.9, -7, 6
801, -7, 6
801.1, -7, 6
801.2, -7, 6
801.3, -7, 6
801.4, -7, 6
801.5, -7, 6
801.6, -7, 6
801.7, -7, 6
801.8, -7, 6
801.9, -7, 6
802, -7, 6
802.1, -7, 6
802.2, -7, 6
802.3, -7, 6
802.4, -7, 6
802.5, -7, 6
802.6, -7, 6
802.7, -7, 6
802.8, -7, 6
802.9, -7, 6
803, -7, 6
803.1, -7, 6
803.2, -7, 6
803.3, -7, 6
803.4, -7, 6
803.5, -7, 6
803.6, -7, 6
803.7, -7, 6
803.8, -7, 6
803.9, -7, 6
804, -7, 6
804.1, -7, 6
804.2, -7, 6
804.3, -7, 6
804.4, -7, 6
804.5, -8, 6
804.6, -8, 6
804.7, -8, 6
804.8, -8, 6
804.9, -8, 6
805, -8, 6
805.1, -8, 6
805.2, -8, 6
805.3, -8, 6
805.4, -8, 6
805.5, -8, 7
805.6, -8, 7
805.7, -8, 7
805.8, -8, 7
805.9, -8, 7
806, -8, 7
806.1, -8, 7
806.2, -8, 7
806.3, -8, 7
806.4, -8, 7
806.5, -8, 7
806.6, -8, 7
806.7, -8, 7
806.8, -8, 7
806.9, -8, 7
807, -8, 7
807.1, -8, 7
807.2, -8, 7
807.3, -8, 7
807.4, -8, 7
807.5, -8, 7
807.6, -8, 7
807.7, -8, 7
807.8, -8, 7
807.9, -8, 7
808, -8, 7
808.1, -8, 7
808.2, -8, 7
808.3, -8, 7
808.4, -8, 7
808.5, -8, 7
808.6, -8, 7
808.7, -8, 7
808.8, -8, 7
808.9, -8, 7
809, -8, 7
809.1, -8, 7
809.2, -8, 7
809.3, -8, 7
809.4, -8, 7
809.5, -8, 7
809.6, -8, 7
809.7, -8, 7
809.8, -8, 7
809.9, -8, 7
810, -8, 7
810.1, -8, 7
810.2, -8, 7
810.3, -8, 7
810.4, -8, 7
810.5, -8, 7
810.6, -8, 7
810.7, -8, 7
810.8, -8, 7
810.9, -8, 7
811, -8, 7
811.1, -9, 7
811.2, -9, 7
811.3, -9, 7
811.4, -9, 7
811.5, -9, 7
811.6, -9, 7
811.7, -9, 7
811.8, -9, 7
811.9, -9, 7
812, -9, 7
812.1, -9, 7
812.2, -9, 7
812.3, -9, 7
812.4, -9, 7
812.5, -9, 7
812.6, -9, 7
812.7, -9, 7
812.8, -9, 7
812.9, -9, 7
813, -9, 7
813.1, -9, 7
813.2, -9, 7
813.3, -9, 7
813.4, -9, 7
813.5, -9, 7
813.6, -9, 7
813.7, -9, 7
813.8, -9, 7
813.9, -9, 7
814, -9, 7
814.1, -9, 7
814.2, -9, 7
814.3, -9, 7
814.4, -9, 7
814.5, -9, 7
814.6, -9, 7
814.7, -9, 7
814.8, -9, 7
814.9, -9, 7
815, -9, 7
815.1, -9, 7
815.2, -9, 7
815.3, -9, 7
815.4, -9, 7
815.5, -9, 7
815.6, -9, 7
815.7, -9, 7
815.8, -9, 7
815.9, -9, 7
816, -9, 7
816.1, -9, 7
816.2, -9, 7
816.3, -9, 7
816.4, -9, 7
816.5, -9, 7
816.6, -9, 7
816.7, -9, 7
816.8, -9, 7
816.9, -9, 8
817, -9, 8
817.1, -9, 8
817.2, -9, 8
817.3, -9, 8
817.4, -9, 8
817.5, -9, 8
817.6, -9, 8
817.7, -9, 8
817.8, -9, 8
817.9, -9, 8
818, -9, 8
818.1, -9, 8
818.2, -9, 8
818.3, -9, 8
818.4, -9, 8
818.5, -9, 8
818.6, -9, 8
818.7, -8, 8
818.8, -8, 8
818.9, -8, 8
819, -8, 8
819.1, -8, 8
819.2, -8, 8
819.3, -8, 8
819.4, -8, 8
819.5, -8, 8
819.6, -8, 8
819.7, -8, 8
819.8, -8, 8
819.9, -8, 8
820, -8, 8
820.1, -8, 8
820.2, -8, 8
820.3, -8, 8
820.4, -8, 8
820.5, -8, 8
820.6, -8, 8
820.7, -8, 8
820.8, -8, 8
820.9, -8, 8
821, -8, 8
821.1, -8, 8
821.2, -8, 8
821.3, -8, 8
821.4, -8, 8
821.5, -8, 8
821.6, -8, 8
821.7, -8, 8
821.8, -8, 8
821.9, -8, 8
822, -8, 8
822.1, -7, 8
822.2, -7, 8
822.3, -7, 8
822.4, -7, 8
822.5, -7, 8
822.6, -7, 8
822.7, -8, 8
822.8, -8, 8
822.9, -8, 8
823, -8, 8
823.1, -8, 8
823.2, -8, 8
823.3, -8, 8
823.4, -8, 8
823.5, -8, 8
823.6, -8, 8
823.7, -8, 8
823.8, -8, 8
823.9, -7, 8
824, -7, 8
824.1, -7, 8
824.2, -7, 8
824.3, -6, 8
824.4, -6, 8
824.5, -6, 8
824.6, -6, 8
824.7, -6, 8
824.8, -6, 8
824.9, -6, 7
825, -6, 7
825.1, -6, 7
825.2, -6, 7
825.3, -6, 7
825.4, -6, 7
825.5, -6, 7
825.6, -6, 7
825.7, -6, 7
825.8, -6, 7
825.9, -6, 7
826, -6, 7
826.1, -6, 7
826.2, -6, 7
826.3, -6, 7
826.4, -6, 7
826.5, -6, 7
826.6, -6, 7
826.7, -6, 7
826.8, -6, 7
826.9, -6, 7
827, -6, 7
827.1, -6, 7
827.2, -6, 7
827.3, -7, 7
827.4, -7, 7
827.5, -7, 7
827.6, -7, 7
827.7, -7, 8
827.8, -7, 8
827.9, -7, 8
828, -7, 8
828.1, -7, 8
828.2, -7, 8
828.3, -7, 8
828.4, -7, 8
828.5, -7, 8
828.6, -7, 8
828.7, -7, 8
828.8, -7, 8
828.9, -7, 8
829, -7, 8
829.1, -7, 8
829.2, -7, 8
829.3, -7, 8
829.4, -7, 8
829.5, -7, 8
829.6, -7, 8
829.7, -7, 8
829.8, -7, 8
829.9, -7, 8
830, -7, 8
830.1, -7, 8
830.2, -7, 8
830.3, -7, 8
830.4, -7, 8
830.5, -7, 8
830.6, -7, 8
830.7, -7, 8
830.8, -7, 8
830.9, -7, 7
831, -7, 7
831.1, -7, 7
831.2, -7, 7
831.3, -7, 7
831.4, -7, 7
831.5, -7, 7
831.6, -7, 7
831.7, -7, 7
831.8, -7, 7
831.9, -7, 7
832, -7, 7
832.1, -7, 7
832.2, -7, 7
832.3, -7, 7
832.4, -7, 7
832.5, -7, 7
832.6, -7, 7
832.7, -7, 7
832.8, -7, 7
832.9, -7, 7
833, -7, 7
833.1, -6, 7
833.2, -6, 7
833.3, -6, 7
833.4, -6, 7
833.5, -6, 7
833.6, -6, 7
833.7, -6, 7
833.8, -6, 7
833.9, -6, 7
834, -6, 7
834.1, -6, 7
834.2, -6, 7
834.3, -6, 7
834.4, -6, 7
834.5, -7, 7
834.6, -7, 7
834.7, -7, 7
834.8, -7, 7
834.9, -7, 7
835, -7, 7
835.1, -7, 7
835.2, -7, 7
835.3, -7, 7
835.4, -7, 7
835.5, -7, 7
835.6, -7, 7
835.7, -7, 7
835.8, -7, 7
835.9, -7, 7
836, -7, 7
836.1, -7, 7
836.2, -7, 7
836.3, -7, 7
836.4, -7, 7
836.5, -7, 7
836.6, -7, 7
836.7, -7, 7
836.8, -7, 7
836.9, -7, 7
837, -7, 7
837.1, -8, 7
837.2, -8, 7
837.3, -8, 7
837.4, -8, 7
837.5, -8, 7
837.6, -8, 7
837.7, -8, 7
837.8, -8, 7
837.9, -8, 7
838, -8, 7
838.1, -8, 7
838.2, -8, 7
838.3, -8, 7
838.4, -8, 7
838.5, -8, 8
838.6, -8, 8
838.7, -8, 8
838.8, -8, 8
838.9, -8, 8
839, -8, 8
839.1, -8, 8
839.2, -8, 8
839.3, -8, 8
839.4, -8, 8
839.5, -8, 8
839.6, -8, 8
839.7, -8, 8
839.8, -8, 8
839.9, -8, 8
840, -8, 8
840.1, -8, 8
840.2, -8, 8
840.3, -8, 7
840.4, -8, 7
840.5, -8, 7
840.6, -8, 7
840.7, -8, 7
840.8, -8, 7
840.9, -8, 7
841, -8, 7
841.1, -8, 7
841.2, -8, 7
841.3, -8, 7
841.4, -8, 7
841.5, -8, 7
841.6, -8, 7
841.7, -8, 7
841.8, -8, 7
841.9, -8, 7
842, -8, 7
842.1, -8, 7
842.2, -8, 7
842.3, -8, 7
842.4, -8, 7
842.5, -8, 7
842.6, -8, 7
842.7, -8, 6
842.8, -8, 6
842.9, -7, 6
843, -7, 6
843.1, -7, 6
843.2, -7, 6
843.3, -7, 6
843.4, -7, 6
843.5, -7, 6
843.6, -7, 6
843.7, -7, 6
843.8, -7, 6
843.9, -7, 6
844, -7, 6
844.1, -7, 6
844.2, -7, 6
844.3, -7, 6
844.4, -7, 6
844.5, -7, 6
844.6, -7, 6
844.7, -7, 5
844.8, -7, 5
844.9, -7, 5
845, -7, 5
845.1, -7, 5
845.2, -7, 5
845.3, -7, 5
845.4, -7, 5
845.5, -7, 5
845.6, -7, 5
845.7, -7, 5
845.8, -7, 5
845.9, -7, 6
846, -7, 6
846.1, -7, 6
846.2, -7, 6
846.3, -7, 6
846.4, -7, 6
846.5, -7, 6
846.6, -7, 6
846.7, -7, 6
846.8, -7, 6
846.9, -7, 6
847, -7, 6
847.1, -7, 6
847.2, -7, 6
847.3, -7, 6
847.4, -7, 6
847.5, -7, 6
847.6, -7, 6
847.7, -7, 6
847.8, -7, 6
847.9, -7, 6
848, -7, 6
848.1, -7, 6
848.2, -7, 6
848.3, -7, 6
848.4, -7, 6
848.5, -7, 6
848.6, -7, 6
848.7, -7, 6
848.8, -7, 6
848.9, -7, 6
849, -7, 6
849.1, -7, 6
849.2, -7, 6
849.3, -7, 6
849.4, -7, 6
849.5, -7, 6
849.6, -7, 6
849.7, -7, 5
849.8, -7, 5
849.9, -7, 5
850, -7, 5
850.1, -7, 5
850.2, -7, 5
850.3, -7, 5
850.4, -7, 5
850.5, -7, 5
850.6, -7, 5
850.7, -7, 5
850.8, -7, 5
850.9, -7, 5
851, -7, 5
851.1, -7, 6
851.2, -7, 6
851.3, -6, 6
851.4, -6, 6
851.5, -6, 6
851.6, -6, 6
851.7, -6, 6
851.8, -6, 6
851.9, -6, 6
852, -6, 6
852.1, -6, 6
852.2, -6, 6
852.3, -6, 6
852.4, -6, 6
852.5, -6, 6
852.6, -6, 6
852.7, -6, 6
852.8, -6, 6
852.9, -6, 6
853, -6, 6
853.1, -6, 6
853.2, -6, 6
853.3, -6, 6
853.4, -6, 6
853.5, -7, 6
853.6, -7, 6
853.7, -7, 6
853.8, -7, 6
853.9, -7, 6
854, -7, 6
854.1, -8, 6
854.2, -8, 6
854.3, -7, 6
854.4, -7, 6
854.5, -7, 6
854.6, -7, 6
854.7, -8, 6
854.8, -8, 6
854.9, -8, 6
855, -8, 6
855.1, -8, 6
855.2, -8, 6
855.3, -8, 6
855.4, -8, 6
855.5, -8, 6
855.6, -8, 6
855.7, -8, 6
855.8, -8, 6
855.9, -8, 6
856, -8, 6
856.1, -8, 6
856.2, -8, 6
856.3, -8, 6
856.4, -8, 6
856.5, -8, 6
856.6, -8, 6
856.7, -8, 6
856.8, -8, 6
856.9, -8, 6
857, -8, 6
857.1, -8, 6
857.2, -8, 6
857.3, -8, 6
857.4, -8, 6
857.5, -8, 6
857.6, -8, 6
857.7, -8, 6
857.8, -8, 6
857.9, -8, 6
858, -8, 6
858.1, -8, 6
858.2, -8, 6
858.3, -8, 6
858.4, -8, 6
858.5, -8, 6
858.6, -8, 6
858.7, -8, 6
858.8, -8, 6
858.9, -8, 6
859, -8, 6
859.1, -8, 6
859.2, -8, 6
859.3, -8, 5
859.4, -8, 5
859.5, -8, 5
859.6, -8, 5
859.7, -8, 5
859.8, -8, 5
859.9, -8, 5
860, -8, 5
860.1, -8, 5
860.2, -8, 5
860.3, -8, 5
860.4, -8, 5
860.5, -8, 5
860.6, -8, 5
860.7, -8, 5
860.8, -8, 5
860.9, -8, 5
861, -8, 5
861.1, -8, 4
861.2, -8, 4
861.3, -8, 3
861.4, -8, 3
861.5, -8, 3
861.6, -8, 3
861.7, -8, 3
861.8, -8, 3
861.9, -8, 3
862, -8, 3
862.1, -8, 3
862.2, -8, 3
862.3, -8, 3
862.4, -8, 3
862.5, -8, 3
862.6, -8, 3
862.7, -8, 3
862.8, -8, 3
862.9, -8, 3
863, -8, 3
863.1, -8, 3
863.2, -8, 3
863.3, -8, 3
863.4, -8, 3
863.5, -8, 3
863.6, -8, 3
863.7, -8, 3
863.8, -8, 3
863.9, -8, 3
864, -8, 3
864.1, -8, 3
864.2, -8, 3
864.3, -8, 3
864.4, -8, 3
864.5, -8, 3
864.6, -8, 3
864.7, -7, 3
864.8, -7, 3
864.9, -7, 3
865, -7, 3
865.1, -7, 3
865.2, -7, 3
865.3, -7, 3
865.4, -7, 3
865.5, -7, 3
865.6, -7, 3
865.7, -7, 3
865.8, -7, 3
865.9, -7, 3
866, -7, 3
866.1, -7, 3
866.2, -7, 3
866.3, -8, 3
866.4, -8, 3
866.5, -8, 4
866.6, -8, 4
866.7, -8, 4
866.8, -8, 4
866.9, -8, 4
867, -8, 4
867.1, -8, 4
867.2, -8, 4
867.3, -8, 4
867.4, -8, 4
867.5, -8, 4
867.6, -8, 4
867.7, -8, 4
867.8, -8, 4
867.9, -8, 4
868, -8, 4
868.1, -8, 4
868.2, -8, 4
868.3, -8, 4
868.4, -8, 4
868.5, -8, 4
868.6, -8, 4
868.7, -8, 4
868.8, -8, 4
868.9, -8, 4
869, -8, 4
869.1, -8, 4
869.2, -8, 4
869.3, -8, 4
869.4, -8, 4
869.5, -8, 4
869.6, -8, 4
869.7, -8, 4
869.8, -8, 4
869.9, -8, 4
870, -8, 4
870.1, -8, 3
870.2, -8, 3
870.3, -8, 3
870.4, -8, 3
870.5, -8, 3
870.6, -8, 3
870.7, -8, 3
870.8, -8, 3
870.9, -8, 3
871, -8, 3
871.1, -8, 3
871.2, -8, 3
871.3, -8, 3
871.4, -8, 3
871.5, -8, 3
871.6, -8, 3
871.7, -8, 3
871.8, -8, 3
871.9, -8, 3
872, -8, 3
872.1, -8, 3
872.2, -8, 3
872.3, -8, 3
872.4, -8, 3
872.5, -8, 3
872.6, -8, 3
872.7, -8, 3
872.8, -8, 3
872.9, -8, 3
873, -8, 3
873.1, -8, 3
873.2, -8, 3
873.3, -8, 3
873.4, -8, 3
873.5, -8, 3
873.6, -8, 3
873.7, -8, 3
873.8, -8, 3
873.9, -8, 3
874, -8, 3
874.1, -8, 3
874.2, -8, 3
874.3, -8, 3
874.4, -8, 3
874.5, -8, 3
874.6, -8, 3
874.7, -8, 3
874.8, -8, 3
874.9, -8, 3
875, -8, 3
875.1, -7, 3
875.2, -7, 3
875.3, -7, 3
875.4, -7, 3
875.5, -7, 3
875.6, -7, 3
875.7, -7, 3
875.8, -7, 3
875.9, -7, 3
876, -7, 3
876.1, -7, 3
876.2, -7, 3
876.3, -7, 3
876.4, -7, 3
876.5, -7, 3
876.6, -7, 3
876.7, -7, 3
876.8, -7, 3
876.9, -7, 3
877, -7, 3
877.1, -7, 3
877.2, -7, 3
877.3, -7, 3
877.4, -7, 3
877.5, -7, 3
877.6, -7, 3
877.7, -7, 3
877.8, -7, 3
877.9, -7, 3
878, -7, 3
878.1, -7, 3
878.2, -7, 3
878.3, -7, 3
878.4, -7, 3
878.5, -7, 3
878.6, -7, 3
878.7, -7, 3
878.8, -7, 3
878.9, -7, 3
879, -7, 3
879.1, -7, 3
879.2, -7, 3
879.3, -7, 3
879.4, -7, 3
879.5, -7, 4
879.6, -7, 4
879.7, -7, 4
879.8, -7, 4
879.9, -7, 4
880, -7, 4
880.1, -7, 4
880.2, -7, 4
880.3, -7, 4
880.4, -7, 4
880.5, -7, 4
880.6, -7, 4
880.7, -7, 4
880.8, -7, 4
880.9, -7, 3
881, -7, 3
881.1, -7, 3
881.2, -7, 3
881.3, -7, 3
881.4, -7, 3
881.5, -7, 3
881.6, -7, 3
881.7, -6, 3
881.8, -6, 3
881.9, -6, 3
882, -6, 3
882.1, -6, 3
882.2, -6, 3
882.3, -6, 3
882.4, -6, 3
882.5, -6, 3
882.6, -6, 3
882.7, -6, 3
882.8, -6, 3
882.9, -6, 3
883, -6, 3
883.1, -6, 3
883.2, -6, 3
883.3, -6, 2
883.4, -6, 2
883.5, -6, 2
883.6, -6, 2
883.7, -6, 2
883.8, -6, 2
883.9, -6, 2
884, -6, 2
884.1, -6, 2
884.2, -6, 2
884.3, -6, 2
884.4, -6, 2
884.5, -6, 2
884.6, -6, 2
884.7, -6, 1
884.8, -6, 1
884.9, -6, 1
885, -6, 1
885.1, -6, 1
885.2, -6, 1
885.3, -6, 1
885.4, -6, 1
885.5, -6, 1
885.6, -6, 1
885.7, -6, 1
885.8, -6, 1
885.9, -6, 1
886, -6, 1
886.1, -6, 1
886.2, -6, 1
886.3, -6, 1
886.4, -6, 1
886.5, -6, 1
886.6, -6, 1
886.7, -6, 1
886.8, -6, 1
886.9, -6, 1
887, -6, 1
887.1, -6, 1
887.2, -6, 1
887.3, -6, 1
887.4, -6, 1
887.5, -6, 1
887.6, -6, 1
887.7, -6, 1
887.8, -6, 1
887.9, -6, 1
888, -6, 1
888.1, -6, 1
888.2, -6, 1
888.3, -6, 1
888.4, -6, 1
888.5, -5, 1
888.6, -5, 1
888.7, -5, 1
888.8, -5, 1
888.9, -5, 2
889, -5, 2
889.1, -5, 2
889.2, -5, 2
889.3, -5, 2
889.4, -5, 2
889.5, -5, 2
889.6, -5, 2
889.7, -5, 2
889.8, -5, 2
889.9, -5, 2
890, -5, 2
890.1, -5, 2
890.2, -5, 2
890.3, -5, 2
890.4, -5, 2
890.5, -5, 2
890.6, -5, 2
890.7, -5, 2
890.8, -5, 2
890.9, -5, 2
891, -5, 2
891.1, -5, 2
891.2, -5, 2
891.3, -5, 2
891.4, -5, 2
891.5, -5, 2
891.6, -5, 2
891.7, -5, 2
891.8, -5, 2
891.9, -5, 2
892, -5, 2
892.1, -5, 1
892.2, -5, 1
892.3, -5, 1
892.4, -5, 1
892.5, -5, 1
892.6, -5, 1
892.7, -5, 1
892.8, -5, 1
892.9, -5, 1
893, -5, 1
893.1, -5, 1
893.2, -5, 1
893.3, -5, 1
893.4, -5, 1
893.5, -5, 1
893.6, -5, 1
893.7, -5, 1
893.8, -5, 1
893.9, -5, 1
894, -5, 1
894.1, -5, 1
894.2, -5, 1
894.3, -5, 1
894.4, -5, 1
894.5, -5, 0
894.6, -5, 0
894.7, -5, 0
894.8, -5, 0
894.9, -4, 0
895, -4, 0
895.1, -3, 0
895.2, -3, 0
895.3, -3, 0
895.4, -3, 0
895.5, -2, 0
895.6, -2, 0
895.7, -1, 0
895.8, -1, 0
895.9, -1, 1
896, -1, 1
896.1, -1, 1
896.2, -1, 1
896.3, -1, 1
896.4, -1, 1
896.5, -1, 1
896.6, -1, 1
896.7, -1, 1
896.8, -1, 1
896.9, -1, 1
897, -1, 1
897.1, -1, 1
897.2, -1, 1
897.3, -1, 1
897.4, -1, 1
897.5, -1, 1
897.6, -1, 1
897.7, -1, 1
897.8, -1, 1
897.9, -1, 1
898, -1, 1
898.1, -1, 1
898.2, -1, 1
898.3, -1, 1
898.4, -1, 1
898.5, -1, 1
898.6, -1, 1
898.7, -1, 1
898.8, -1, 1
898.9, -1, 1
899, -1, 1
899.1, -1, 1
899.2, -1, 1
899.3, 0, 1
899.4, 0, 1
899.5, 0, 1
899.6, 0, 1
899.7, 0, 1
899.8, 0, 1
899.9, 0, 1
900, 0, 1
900.1, 0, 1
900.2, 0, 1
900.3, 0, 1
900.4, 0, 1
900.5, 0, 1
900.6, 0, 1
900.7, 0, 1
900.8, 0, 1
900.9, 0, 1
901, 0, 1
901.1, 0, 1
901.2, 0, 1
901.3, 0, 1
901.4, 0, 1
901.5, 0, 1
901.6, 0, 1
901.7, 0, 1
901.8, 0, 1
901.9, 0, 1
902, 0, 1
902.1, 0, 1
902.2, 0, 1
902.3, 0, 1
902.4, 0, 1
902.5, 0, 1
902.6, 0, 1
902.7, 0, 1
902.8, 0, 1
902.9, 0, 1
903, 0, 1
903.1, 0, 1
903.2, 0, 1
903.3, 0, 1
903.4, 0, 1
903.5, 0, 1
903.6, 0, 1
903.7, 0, 1
903.8, 0, 1
903.9, 0, 1
904, 0, 1
904.1, 0, 1
904.2, 0, 1
904.3, -1, 1
904.4, -1, 1
904.5, -1, 1
904.6, -1, 1
904.7, -1, 1
904.8, -1, 1
904.9, -1, 1
905, -1, 1
905.1, -1, 1
905.2, -1, 1
905.3, -1, 1
905.4, -1, 1
905.5, -1, 1
905.6, -1, 1
905.7, -2, 1
905.8, -2, 1
905.9, -2, 1
906, -2, 1
906.1, -2, 1
906.2, -2, 1
906.3, -2, 1
906.4, -2, 1
906.5, -2, 1
906.6, -2, 1
906.7, -2, 1
906.8, -2, 1
906.9, -2, 1
907, -2, 1
907.1, -2, 1
907.2, -2, 1
907.3, -2, 1
907.4, -2, 1
907.5, -2, 1
907.6, -2, 1
907.7, -2, 1
907.8, -2, 1
907.9, -2, 1
908, -2, 1
908.1, -2, 1
908.2, -2, 1
908.3, -3, 1
908.4, -3, 1
908.5, -3, 1
908.6, -3, 1
908.7, -3, 1
908.8, -3, 1
908.9, -3, 1
909, -3, 1
909.1, -3, 1
909.2, -3, 1
909.3, -3, 1
909.4, -3, 1
909.5, -3, 1
909.6, -3, 1
909.7, -3, 1
909.8, -3, 1
909.9, -3, 2
910, -3, 2
910.1, -3, 2
910.2, -3, 2
910.3, -3, 2
910.4, -3, 2
910.5, -3, 2
910.6, -3, 2
910.7, -4, 2
910.8, -4, 2
910.9, -4, 2
911, -4, 2
911.1, -4, 2
911.2, -4, 2
911.3, -4, 2
911.4, -4, 2
911.5, -5, 2
911.6, -5, 2
911.7, -5, 2
911.8, -5, 2
911.9, -4, 2
912, -4, 2
912.1, -4, 2
912.2, -4, 2
912.3, -4, 2
912.4, -4, 2
912.5, -4, 2
912.6, -4, 2
912.7, -4, 2
912.8, -4, 2
912.9, -4, 2
913, -4, 2
913.1, -4, 2
913.2, -4, 2
913.3, -4, 2
913.4, -4, 2
913.5, -4, 2
913.6, -4, 2
913.7, -4, 2
913.8, -4, 2
913.9, -4, 2
914, -4, 2
914.1, -4, 2
914.2, -4, 2
914.3, -4, 2
914.4, -4, 2
914.5, -5, 2
914.6, -5, 2
914.7, -5, 2
914.8, -5, 2
914.9, -5, 2
915, -5, 2
915.1, -5, 2
915.2, -5, 2
915.3, -5, 2
915.4, -5, 2
915.5, -5, 2
915.6, -5, 2
915.7, -5, 2
915.8, -5, 2
915.9, -5, 2
916, -5, 2
916.1, -5, 2
916.2, -5, 2
916.3, -5, 2
916.4, -5, 2
916.5, -5, 2
916.6, -5, 2
916.7, -5, 3
916.8, -5, 3
916.9, -5, 3
917, -5, 3
917.1, -5, 3
917.2, -5, 3
917.3, -5, 3
917.4, -5, 3
917.5, -5, 3
917.6, -5, 3
917.7, -5, 3
917.8, -5, 3
917.9, -5, 3
918, -5, 3
918.1, -5, 3
918.2, -5, 3
918.3, -5, 3
918.4, -5, 3
918.5, -5, 3
918.6, -5, 3
918.7, -5, 3
918.8, -5, 3
918.9, -5, 3
919, -5, 3
919.1, -5, 3
919.2, -5, 3
919.3, -5, 3
919.4, -5, 3
919.5, -5, 3
919.6, -5, 3
919.7, -5, 3
919.8, -5, 3
919.9, -5, 3
920, -5, 3
920.1, -5, 3
920.2, -5, 3
920.3, -5, 3
920.4, -5, 3
920.5, -5, 3
920.6, -5, 3
920.7, -5, 3
920.8, -5, 3
920.9, -5, 3
921, -5, 3
921.1, -5, 3
921.2, -5, 3
921.3, -5, 3
921.4, -5, 3
921.5, -5, 3
921.6, -5, 3
921.7, -6, 3
921.8, -6, 3
921.9, -6, 3
922, -6, 3
922.1, -6, 3
922.2, -6, 3
922.3, -6, 3
922.4, -6, 3
922.5, -6, 3
922.6, -6, 3
922.7, -7, 3
922.8, -7, 3
922.9, -7, 3
923, -7, 3
923.1, -7, 3
923.2, -7, 3
923.3, -7, 3
923.4, -7, 3
923.5, -7, 3
923.6, -7, 3
923.7, -7, 3
923.8, -7, 3
923.9, -7, 3
924, -7, 3
924.1, -7, 3
924.2, -7, 3
924.3, -7, 3
924.4, -7, 3
924.5, -7, 3
924.6, -7, 3
924.7, -7, 3
924.8, -7, 3
924.9, -7, 3
925, -7, 3
925.1, -7, 3
925.2, -7, 3
925.3, -7, 3
925.4, -7, 3
925.5, -7, 3
925.6, -7, 3
925.7, -7, 4
925.8, -7, 4
925.9, -7, 4
926, -7, 4
926.1, -7, 3
926.2, -7, 3
926.3, -7, 3
926.4, -7, 3
926.5, -6, 3
926.6, -6, 3
926.7, -6, 3
926.8, -6, 3
926.9, -6, 3
927, -6, 3
927.1, -6, 3
927.2, -6, 3
927.3, -6, 3
927.4, -6, 3
927.5, -6, 3
927.6, -6, 3
927.7, -6, 3
927.8, -6, 3
927.9, -6, 3
928, -6, 3
928.1, -6, 3
928.2, -6, 3
928.3, -6, 3
928.4, -6, 3
928.5, -6, 3
928.6, -6, 3
928.7, -6, 3
928.8, -6, 3
928.9, -6, 3
929, -6, 3
929.1, -6, 3
929.2, -6, 3
929.3, -6, 3
929.4, -6, 3
929.5, -6, 3
929.6, -6, 3
929.7, -6, 3
929.8, -6, 3
929.9, -6, 3
930, -6, 3
930.1, -6, 3
930.2, -6, 3
930.3, -6, 3
930.4, -6, 3
930.5, -6, 3
930.6, -6, 3
930.7, -6, 3
930.8, -6, 3
930.9, -6, 3
931, -6, 3
931.1, -6, 3
931.2, -6, 3
931.3, -6, 3
931.4, -6, 3
931.5, -6, 3
931.6, -6, 3
931.7, -6, 3
931.8, -6, 3
931.9, -6, 3
932, -6, 3
932.1, -6, 3
932.2, -6, 3
932.3, -6, 3
932.4, -6, 3
932.5, -5, 3
932.6, -5, 3
932.7, -5, 3
932.8, -5, 3
932.9, -5, 3
933, -5, 3
933.1, -5, 3
933.2, -5, 3
933.3, -5, 3
933.4, -5, 3
933.5, -5, 3
933.6, -5, 3
933.7, -5, 3
933.8, -5, 3
933.9, -5, 3
934, -5, 3
934.1, -5, 3
934.2, -5, 3
934.3, -5, 3
934.4, -5, 3
934.5, -5, 3
934.6, -5, 3
934.7, -5, 3
934.8, -5, 3
934.9, -5, 3
935, -5, 3
935.1, -5, 3
935.2, -5, 3
935.3, -5, 3
935.4, -5, 3
935.5, -5, 3
935.6, -5, 3
935.7, -5, 3
935.8, -5, 3
935.9, -5, 3
936, -5, 3
936.1, -5, 3
936.2, -5, 3
936.3, -5, 3
936.4, -5, 3
936.5, -5, 3
936.6, -5, 3
936.7, -5, 3
936.8, -5, 3
936.9, -5, 3
937, -5, 3
937.1, -5, 3
937.2, -5, 3
937.3, -5, 4
937.4, -5, 4
937.5, -5, 4
937.6, -5, 4
937.7, -5, 4
937.8, -5, 4
937.9, -5, 4
938, -5, 4
938.1, -5, 4
938.2, -5, 4
938.3, -5, 4
938.4, -5, 4
938.5, -5, 4
938.6, -5, 4
938.7, -5, 4
938.8, -5, 4
938.9, -5, 4
939, -5, 4
939.1, -5, 4
939.2, -5, 4
939.3, -5, 4
939.4, -5, 4
939.5, -5, 4
939.6, -5, 4
939.7, -5, 4
939.8, -5, 4
939.9, -5, 4
940, -5, 4
940.1, -5, 3
940.2, -5, 3
940.3, -5, 4
940.4, -5, 4
940.5, -4, 4
940.6, -4, 4
940.7, -4, 4
940.8, -4, 4
940.9, -4, 4
941, -4, 4
941.1, -3, 4
941.2, -3, 4
941.3, -3, 4
941.4, -3, 4
941.5, -3, 4
941.6, -3, 4
941.7, -3, 4
941.8, -3, 4
941.9, -3, 4
942, -3, 4
942.1, -3, 4
942.2, -3, 4
942.3, -3, 4
942.4, -3, 4
942.5, -3, 4
942.6, -3, 4
942.7, -3, 4
942.8, -3, 4
942.9, -3, 4
943, -3, 4
943.1, -3, 4
943.2, -3, 4
943.3, -3, 4
943.4, -3, 4
943.5, -3, 4
943.6, -3, 4
943.7, -3, 4
943.8, -3, 4
943.9, -3, 4
944, -3, 4
944.1, -3, 4
944.2, -3, 4
944.3, -3, 4
944.4, -3, 4
944.5, -2, 4
944.6, -2, 4
944.7, -2, 4
944.8, -2, 4
944.9, -2, 4
945, -2, 4
945.1, -2, 4
945.2, -2, 4
945.3, -2, 4
945.4, -2, 4
945.5, -3, 4
945.6, -3, 4
945.7, -3, 3
945.8, -3, 3
945.9, -3, 3
946, -3, 3
946.1, -3, 3
946.2, -3, 3
946.3, -3, 3
946.4, -3, 3
946.5, -3, 3
946.6, -3, 3
946.7, -3, 3
946.8, -3, 3
946.9, -3, 2
947, -3, 2
947.1, -3, 2
947.2, -3, 2
947.3, -3, 2
947.4, -3, 2
947.5, -3, 2
947.6, -3, 2
947.7, -3, 3
947.8, -3, 3
947.9, -3, 3
948, -3, 3
948.1, -3, 3
948.2, -3, 3
948.3, -3, 3
948.4, -3, 3
948.5, -3, 3
948.6, -3, 3
948.7, -3, 3
948.8, -3, 3
948.9, -3, 3
949, -3, 3
949.1, -3, 3
949.2, -3, 3
949.3, -3, 3
949.4, -3, 3
949.5, -3, 3
949.6, -3, 3
949.7, -3, 3
949.8, -3, 3
949.9, -3, 3
950, -3, 3
950.1, -3, 3
950.2, -3, 3
950.3, -3, 2
950.4, -3, 2
950.5, -3, 2
950.6, -3, 2
950.7, -3, 2
950.8, -3, 2
950.9, -3, 2
951, -3, 2
951.1, -3, 2
951.2, -3, 2
951.3, -3, 2
951.4, -3, 2
951.5, -3, 2
951.6, -3, 2
951.7, -3, 2
951.8, -3, 2
951.9, -3, 2
952, -3, 2
952.1, -3, 2
952.2, -3, 2
952.3, -3, 2
952.4, -3, 2
952.5, -3, 2
952.6, -3, 2
952.7, -3, 2
952.8, -3, 2
952.9, -3, 2
953, -3, 2
953.1, -3, 2
953.2, -3, 2
953.3, -3, 2
953.4, -3, 2
953.5, -3, 3
953.6, -3, 3
953.7, -3, 3
953.8, -3, 3
953.9, -3, 3
954, -3, 3
954.1, -3, 3
954.2, -3, 3
954.3, -3, 3
954.4, -3, 3
954.5, -3, 3
954.6, -3, 3
954.7, -3, 3
954.8, -3, 3
954.9, -3, 3
955, -3, 3
955.1, -3, 3
955.2, -3, 3
955.3, -3, 3
955.4, -3, 3
955.5, -3, 3
955.6, -3, 3
955.7, -3, 3
955.8, -3, 3
955.9, -3, 3
956, -3, 3
956.1, -3, 3
956.2, -3, 3
956.3, -3, 2
956.4, -3, 2
956.5, -3, 2
956.6, -3, 2
956.7, -3, 2
956.8, -3, 2
956.9, -3, 2
957, -3, 2
957.1, -3, 2
957.2, -3, 2
957.3, -3, 2
957.4, -3, 2
957.5, -3, 2
957.6, -3, 2
957.7, -3, 2
957.8, -3, 2
957.9, -3, 2
958, -3, 2
958.1, -3, 2
958.2, -3, 2
958.3, -3, 2
958.4, -3, 2
958.5, -3, 2
958.6, -3, 2
958.7, -3, 2
958.8, -3, 2
958.9, -3, 2
959, -3, 2
959.1, -3, 2
959.2, -3, 2
959.3, -3, 2
959.4, -3, 2
959.5, -3, 2
959.6, -3, 2
959.7, -3, 2
959.8, -3, 2
959.9, -3, 2
960, -3, 2
960.1, -3, 2
960.2, -3, 2
960.3, -3, 2
960.4, -3, 2
960.5, -3, 2
960.6, -3, 2
960.7, -2, 2
960.8, -2, 2
960.9, -2, 2
961, -2, 2
961.1, -2, 1
961.2, -2, 1
961.3, -2, 1
961.4, -2, 1
961.5, -2, 2
961.6, -2, 2
961.7, -2, 2
961.8, -2, 2
961.9, -2, 1
962, -2, 1
962.1, -2, 1
962.2, -2, 1
962.3, -2, 1
962.4, -2, 1
962.5, -2, 1
962.6, -2, 1
962.7, -2, 1
962.8, -2, 1
962.9, -2, 1
963, -2, 1
963.1, -1, 1
963.2, -1, 1
963.3, -1, 1
963.4, -1, 1
963.5, -1, 1
963.6, -1, 1
963.7, -1, 1
963.8, -1, 1
963.9, -1, 1
964, -1, 1
964.1, -1, 1
964.2, -1, 1
964.3, -1, 1
964.4, -1, 1
964.5, -1, 1
964.6, -1, 1
964.7, -1, 1
964.8, -1, 1
964.9, -1, 0
965, -1, 0
965.1, -1, 0
965.2, -1, 0
965.3, -1, 1
965.4, -1, 1
965.5, -1, 1
965.6, -1, 1
965.7, -1, 1
965.8, -1, 1
965.9, -1, 1
966, -1, 1
966.1, -1, 1
966.2, -1, 1
966.3, -1, 2
966.4, -1, 2
966.5, -1, 2
966.6, -1, 2
966.7, -1, 2
966.8, -1, 2
966.9, -1, 2
967, -1, 2
967.1, -1, 2
967.2, -1, 2
967.3, -1, 2
967.4, -1, 2
967.5, -1, 2
967.6, -1, 2
967.7, -1, 2
967.8, -1, 2
967.9, -1, 2
968, -1, 2
968.1, -1, 1
968.2, -1, 1
968.3, -1, 1
968.4, -1, 1
968.5, -1, 1
968.6, -1, 1
968.7, -1, 1
968.8, -1, 1
968.9, -1, 1
969, -1, 1
969.1, -1, 1
969.2, -1, 1
969.3, -1, 1
969.4, -1, 1
969.5, -1, 1
969.6, -1, 1
969.7, -1, 1
969.8, -1, 1
969.9, -1, 1
970, -1, 1
970.1, -1, 1
970.2, -1, 1
970.3, -1, 1
970.4, -1, 1
970.5, -1, 1
970.6, -1, 1
970.7, -1, 1
970.8, -1, 1
970.9, -1, 1
971, -1, 1
971.1, -1, 1
971.2, -1, 1
971.3, -2, 1
971.4, -2, 1
971.5, -2, 1
971.6, -2, 1
971.7, -2, 1
971.8, -2, 1
971.9, -2, 1
972, -2, 1
972.1, -2, 1
972.2, -2, 1
972.3, -2, 1
972.4, -2, 1
972.5, -2, 1
972.6, -2, 1
972.7, -2, 1
972.8, -2, 1
972.9, -2, 1
973, -2, 1
973.1, -2, 1
973.2, -2, 1
973.3, -2, 1
973.4, -2, 1
973.5, -2, 1
973.6, -2, 1
973.7, -2, 1
973.8, -2, 1
973.9, -2, 1
974, -2, 1
974.1, -2, 1
974.2, -2, 1
974.3, -2, 1
974.4, -2, 1
974.5, -1, 1
974.6, -1, 1
974.7, -1, 1
974.8, -1, 1
974.9, -1, 1
975, -1, 1
975.1, -1, 2
975.2, -1, 2
975.3, -1, 2
975.4, -1, 2
975.5, -1, 2
975.6, -1, 2
975.7, -1, 2
975.8, -1, 2
975.9, -1, 2
976, -1, 2
976.1, -1, 2
976.2, -1, 2
976.3, -1, 2
976.4, -1, 2
976.5, -1, 1
976.6, -1, 1
976.7, -1, 1
976.8, -1, 1
976.9, -1, 1
977, -1, 1
977.1, -1, 1
977.2, -1, 1
977.3, -1, 1
977.4, -1, 1
977.5, -1, 1
977.6, -1, 1
977.7, -1, 1
977.8, -1, 1
977.9, -1, 1
978, -1, 1
978.1, -1, 1
978.2, -1, 1
978.3, -1, 1
978.4, -1, 1
978.5, -1, 1
978.6, -1, 1
978.7, -1, 1
978.8, -1, 1
978.9, -1, 1
979, -1, 1
979.1, -1, 0
979.2, -1, 0
979.3, -1, 0
979.4, -1, 0
979.5, -1, 0
979.6, -1, 0
979.7, -1, 0
979.8, -1, 0
979.9, -1, 0
980, -1, 0
980.1, -1, 0
980.2, -1, 0
980.3, -1, 0
980.4, -1, 0
980.5, -1, -1
980.6, -1, -1
980.7, -1, -1
980.8, -1, -1
980.9, -1, -1
981, -1, -1
981.1, -1, -1
981.2, -1, -1
981.3, -1, -1
981.4, -1, -1
981.5, -1, -1
981.6, -1, -1
981.7, -1, -1
981.8, -1, -1
981.9, -1, -1
982, -1, -1
982.1, -1, -1
982.2, -1, -1
982.3, -1, -1
982.4, -1, -1
982.5, -1, -1
982.6, -1, -1
982.7, -1, -1
982.8, -1, -1
982.9, -1, -1
983, -1, -1
983.1, -1, -1
983.2, -1, -1
983.3, -1, -1
983.4, -1, -1
983.5, -1, -1
983.6, -1, -1
983.7, -1, -1
983.8, -1, -1
983.9, -1, -1
984, -1, -1
984.1, -1, -1
984.2, -1, -1
984.3, -1, -1
984.4, -1, -1
984.5, -1, -1
984.6, -1, -1
984.7, -1, -1
984.8, -1, -1
984.9, -1, -1
985, -1, -1
985.1, 0, -1
985.2, 0, -1
985.3, 0, -1
985.4, 0, -1
985.5, 0, -1
985.6, 0, -1
985.7, 0, -2
985.8, 0, -2
985.9, 0, -2
986, 0, -2
986.1, 0, -2
986.2, 0, -2
986.3, 0, -2
986.4, 0, -2
986.5, 0, -2
986.6, 0, -2
986.7, 0, -2
986.8, 0, -2
986.9, 0, -2
987, 0, -2
987.1, 0, -2
987.2, 0, -2
987.3, 0, -2
987.4, 0, -2
987.5, 0, -2
987.6, 0, -2
987.7, 0, -2
987.8, 0, -2
987.9, 1, -2
988, 1, -2
988.1, 1, -2
988.2, 1, -2
988.3, 0, -2
988.4, 0, -2
988.5, 0, -2
988.6, 0, -2
988.7, 0, -2
988.8, 0, -2
988.9, 0, -2
989, 0, -2
989.1, 0, -2
989.2, 0, -2
989.3, 0, -2
989.4, 0, -2
989.5, 0, -2
989.6, 0, -2
989.7, 0, -3
989.8, 0, -3
989.9, 0, -3
990, 0, -3
990.1, 0, -3
990.2, 0, -3
990.3, 0, -3
990.4, 0, -3
990.5, 0, -3
990.6, 0, -3
990.7, 0, -3
990.8, 0, -3
990.9, 0, -3
991, 0, -3
991.1, 0, -3
991.2, 0, -3
991.3, 0, -3
991.4, 0, -3
991.5, 0, -3
991.6, 0, -3
991.7, -1, -3
991.8, -1, -3
991.9, -1, -3
992, -1, -3
992.1, -1, -3
992.2, -1, -3
992.3, -1, -3
992.4, -1, -3
992.5, -1, -3
992.6, -1, -3
992.7, -1, -3
992.8, -1, -3
992.9, -1, -3
993, -1, -3
993.1, -1, -3
993.2, -1, -3
993.3, -1, -3
993.4, -1, -3
993.5, -1, -2
993.6, -1, -2
993.7, -1, -2
993.8, -1, -2
993.9, -1, -2
994, -1, -2
994.1, -1, -2
994.2, -1, -2
994.3, -1, -2
994.4, -1, -2
994.5, -1, -3
994.6, -1, -3
994.7, -1, -3
994.8, -1, -3
994.9, -1, -3
995, -1, -3
995.1, -1, -3
995.2, -1, -3
995.3, -1, -3
995.4, -1, -3
995.5, -1, -3
995.6, -1, -3
995.7, -1, -3
995.8, -1, -3
995.9, -1, -3
996, -1, -3
996.1, -1, -3
996.2, -1, -3
996.3, -1, -3
996.4, -1, -3
996.5, -1, -3
996.6, -1, -3
996.7, -1, -3
996.8, -1, -3
996.9, -1, -3
997, -1, -3
997.1, -1, -3
997.2, -1, -3
997.3, -1, -3
997.4, -1, -3
997.5, -1, -3
997.6, -1, -3
997.7, -1, -3
997.8, -1, -3
997.9, -1, -3
998, -1, -3
998.1, -1, -3
998.2, -1, -3
998.3, -1, -3
998.4, -1, -3
998.5, -1, -3
998.6, -1, -3
998.7, -2, -3
998.8, -2, -3
998.9, -2, -3
999, -2, -3
999.1, -2, -3
999.2, -2, -3
999.3, -2, -4
999.4, -2, -4
999.5, -2, -4
999.6, -2, -4
999.7, -2, -4
999.8, -2, -4
999.9, -2, -4
1000, -2, -4
1000.1, -2, -4
1000.2, -2, -4
1000.3, -2, -4
1000.4, -2, -4
1000.5, -2, -4
1000.6, -2, -4
1000.7, -2, -4
1000.8, -2, -4
1000.9, -2, -3
1001, -2, -3
1001.1, -2, -3
1001.2, -2, -3
1001.3, -2, -3
1001.4, -2, -3
1001.5, -2, -3
1001.6, -2, -3
1001.7, -2, -3
1001.8, -2, -3
1001.9, -2, -3
1002, -2, -3
1002.1, -2, -3
1002.2, -2, -3
1002.3, -2, -3
1002.4, -2, -3
1002.5, -2, -3
1002.6, -2, -3
1002.7, -2, -3
1002.8, -2, -3
1002.9, -3, -3
1003, -3, -3
1003.1, -3, -3
1003.2, -3, -3
1003.3, -3, -3
1003.4, -3, -3
1003.5, -3, -3
1003.6, -3, -3
1003.7, -3, -3
1003.8, -3, -3
1003.9, -3, -3
1004, -3, -3
1004.1, -3, -3
1004.2, -3, -3
1004.3, -3, -3
1004.4, -3, -3
1004.5, -3, -3
1004.6, -3, -3
1004.7, -3, -3
1004.8, -3, -3
1004.9, -3, -3
1005, -3, -3
1005.1, -3, -3
1005.2, -3, -3
1005.3, -4, -3
1005.4, -4, -3
1005.5, -4, -3
1005.6, -4, -3
1005.7, -4, -2
1005.8, -4, -2
1005.9, -4, -2
1006, -4, -2
1006.1, -4, -2
1006.2, -4, -2
1006.3, -4, -2
1006.4, -4, -2
1006.5, -3, -2
1006.6, -3, -2
1006.7, -3, -2
1006.8, -3, -2
1006.9, -3, -2
1007, -3, -2
1007.1, -3, -2
1007.2, -3, -2
1007.3, -3, -2
1007.4, -3, -2
1007.5, -3, -2
1007.6, -3, -2
1007.7, -3, -2
1007.8, -3, -2
1007.9, -3, -2
1008, -3, -2
1008.1, -3, -2
1008.2, -3, -2
1008.3, -3, -2
1008.4, -3, -2
1008.5, -4, -2
1008.6, -4, -2
1008.7, -4, -2
1008.8, -4, -2
1008.9, -4, -2
1009, -4, -2
1009.1, -4, -2
1009.2, -4, -2
1009.3, -4, -2
1009.4, -4, -2
1009.5, -3, -2
1009.6, -3, -2
1009.7, -3, -2
1009.8, -3, -2
1009.9, -3, -2
1010, -3, -2
1010.1, -3, -2
1010.2, -3, -2
1010.3, -3, -2
1010.4, -3, -2
1010.5, -3, -2
1010.6, -3, -2
1010.7, -3, -2
1010.8, -3, -2
1010.9, -3, -1
1011, -3, -1
1011.1, -3, -1
1011.2, -3, -1
1011.3, -3, -1
1011.4, -3, -1
1011.5, -4, -1
1011.6, -4, -1
1011.7, -4, -1
1011.8, -4, -1
1011.9, -4, -1
1012, -4, -1
1012.1, -4, -1
1012.2, -4, -1
1012.3, -5, -1
1012.4, -5, -1
1012.5, -5, -1
1012.6, -5, -1
1012.7, -5, -1
1012.8, -5, -1
1012.9, -5, -1
1013, -5, -1
1013.1, -5, -1
1013.2, -5, -1
1013.3, -5, -1
1013.4, -5, -1
1013.5, -5, -1
1013.6, -5, -1
1013.7, -5, -1
1013.8, -5, -1
1013.9, -5, -1
1014, -5, -1
1014.1, -5, -1
1014.2, -5, -1
1014.3, -5, -2
1014.4, -5, -2
1014.5, -5, -2
1014.6, -5, -2
1014.7, -5, -2
1014.8, -5, -2
1014.9, -5, -2
1015, -5, -2
1015.1, -5, -2
1015.2, -5, -2
1015.3, -5, -2
1015.4, -5, -2
1015.5, -5, -2
1015.6, -5, -2
1015.7, -5, -2
1015.8, -5, -2
1015.9, -5, -2
1016, -5, -2
1016.1, -5, -2
1016.2, -5, -2
1016.3, -5, -2
1016.4, -5, -2
1016.5, -5, -2
1016.6, -5, -2
1016.7, -5, -2
1016.8, -5, -2
1016.9, -5, -2
1017, -5, -2
1017.1, -5, -1
1017.2, -5, -1
1017.3, -5, -1
1017.4, -5, -1
1017.5, -5, -1
1017.6, -5, -1
1017.7, -5, -1
1017.8, -5, -1
1017.9, -5, -1
1018, -5, -1
1018.1, -5, -1
1018.2, -5, -1
1018.3, -5, -1
1018.4, -5, -1
1018.5, -5, -1
1018.6, -5, -1
1018.7, -5, -1
1018.8, -5, -1
1018.9, -5, -1
1019, -5, -1
1019.1, -5, -1
1019.2, -5, -1
1019.3, -5, 0
1019.4, -5, 0
1019.5, -5, 0
1019.6, -5, 0
1019.7, -5, 0
1019.8, -5, 0
1019.9, -5, 0
1020, -5, 0
1020.1, -6, 0
1020.2, -6, 0
1020.3, -6, 0
1020.4, -6, 0
1020.5, -6, -1
1020.6, -6, -1
1020.7, -6, -1
1020.8, -6, -1
1020.9, -6, -1
1021, -6, -1
1021.1, -6, -1
1021.2, -6, -1
1021.3, -6, -1
1021.4, -6, -1
1021.5, -6, -1
1021.6, -6, -1
1021.7, -6, -1
1021.8, -6, -1
1021.9, -6, -1
1022, -6, -1
1022.1, -6, -1
1022.2, -6, -1
1022.3, -6, -1
1022.4, -6, -1
1022.5, -6, -1
1022.6, -6, -1
1022.7, -6, -1
1022.8, -6, -1
1022.9, -6, -1
1023, -6, -1
1023.1, -6, -2
1023.2, -6, -2
1023.3, -6, -1
1023.4, -6, -1
1023.5, -6, -1
1023.6, -6, -1
1023.7, -6, -1
1023.8, -6, -1
1023.9, -6, -1
1024, -6, -1
1024.1, -6, -1
1024.2, -6, -1
1024.3, -6, -1
1024.4, -6, -1
1024.5, -6, -1
1024.6, -6, -1
1024.7, -6, -1
1024.8, -6, -1
1024.9, -6, -1
1025, -6, -1
1025.1, -6, -1
1025.2, -6, -1
1025.3, -6, -1
1025.4, -6, -1
1025.5, -6, -1
1025.6, -6, -1
1025.7, -6, -1
1025.8, -6, -1
1025.9, -6, -1
1026, -6, -1
1026.1, -6, -2
1026.2, -6, -2
1026.3, -6, -2
1026.4, -6, -2
1026.5, -6, -2
1026.6, -6, -2
1026.7, -6, -2
1026.8, -6, -2
1026.9, -6, -2
1027, -6, -2
1027.1, -6, -2
1027.2, -6, -2
1027.3, -6, -2
1027.4, -6, -2
1027.5, -6, -2
1027.6, -6, -2
1027.7, -6, -2
1027.8, -6, -2
1027.9, -6, -2
1028, -6, -2
1028.1, -6, -2
1028.2, -6, -2
1028.3, -6, -3
1028.4, -6, -3
1028.5, -6, -3
1028.6, -6, -3
1028.7, -6, -3
1028.8, -6, -3
1028.9, -6, -3
1029, -6, -3
1029.1, -5, -3
1029.2, -5, -3
1029.3, -5, -3
1029.4, -5, -3
1029.5, -5, -3
1029.6, -5, -3
1029.7, -5, -3
1029.8, -5, -3
1029.9, -5, -3
1030, -5, -3
1030.1, -5, -3
1030.2, -5, -3
1030.3, -5, -2
1030.4, -5, -2
1030.5, -5, -3
1030.6, -5, -3
1030.7, -5, -3
1030.8, -5, -3
1030.9, -5, -3
1031, -5, -3
1031.1, -5, -3
1031.2, -5, -3
1031.3, -5, -3
1031.4, -5, -3
1031.5, -5, -3
1031.6, -5, -3
1031.7, -5, -3
1031.8, -5, -3
1031.9, -5, -3
1032, -5, -3
1032.1, -5, -3
1032.2, -5, -3
1032.3, -5, -4
1032.4, -5, -4
1032.5, -6, -4
1032.6, -6, -4
1032.7, -6, -4
1032.8, -6, -4
1032.9, -6, -4
1033, -6, -4
1033.1, -6, -4
1033.2, -6, -4
1033.3, -6, -4
1033.4, -6, -4
1033.5, -6, -4
1033.6, -6, -4
1033.7, -6, -4
1033.8, -6, -4
1033.9, -6, -4
1034, -6, -4
1034.1, -6, -4
1034.2, -6, -4
1034.3, -6, -4
1034.4, -6, -4
1034.5, -6, -4
1034.6, -6, -4
1034.7, -6, -4
1034.8, -6, -4
1034.9, -6, -4
1035, -6, -4
1035.1, -6, -4
1035.2, -6, -4
1035.3, -6, -4
1035.4, -6, -4
1035.5, -6, -4
1035.6, -6, -4
1035.7, -6, -4
1035.8, -6, -4
1035.9, -6, -4
1036, -6, -4
1036.1, -6, -4
1036.2, -6, -4
1036.3, -6, -4
1036.4, -6, -4
1036.5, -6, -4
1036.6, -6, -4
1036.7, -5, -4
1036.8, -5, -4
1036.9, -5, -4
1037, -5, -4
1037.1, -5, -4
1037.2, -5, -4
1037.3, -5, -4
1037.4, -5, -4
1037.5, -5, -4
1037.6, -5, -4
1037.7, -5, -4
1037.8, -5, -4
1037.9, -5, -4
1038, -5, -4
1038.1, -5, -4
1038.2, -5, -4
1038.3, -5, -4
1038.4, -5, -4
1038.5, -5, -4
1038.6, -5, -4
1038.7, -5, -4
1038.8, -5, -4
1038.9, -5, -4
1039, -5, -4
1039.1, -5, -4
1039.2, -5, -4
1039.3, -5, -4
1039.4, -5, -4
1039.5, -5, -4
1039.6, -5, -4
1039.7, -5, -4
1039.8, -5, -4
1039.9, -5, -4
1040, -5, -4
1040.1, -5, -4
1040.2, -5, -4
1040.3, -5, -4
1040.4, -5, -4
1040.5, -5, -4
1040.6, -5, -4
1040.7, -5, -4
1040.8, -5, -4
1040.9, -5, -4
1041, -5, -4
1041.1, -5, -4
1041.2, -5, -4
1041.3, -5, -4
1041.4, -5, -4
1041.5, -5, -4
1041.6, -5, -4
1041.7, -5, -4
1041.8, -5, -4
1041.9, -5, -4
1042, -5, -4
1042.1, -5, -4
1042.2, -5, -4
1042.3, -5, -4
1042.4, -5, -4
1042.5, -5, -4
1042.6, -5, -4
1042.7, -5, -4
1042.8, -5, -4
1042.9, -5, -4
1043, -5, -4
1043.1, -5, -4
1043.2, -5, -4
1043.3, -5, -4
1043.4, -5, -4
1043.5, -5, -4
1043.6, -5, -4
1043.7, -5, -4
1043.8, -5, -4
1043.9, -5, -4
1044, -5, -4
1044.1, -5, -4
1044.2, -5, -4
1044.3, -5, -4
1044.4, -5, -4
1044.5, -5, -4
1044.6, -5, -4
1044.7, -5, -4
1044.8, -5, -4
1044.9, -5, -4
1045, -5, -4
1045.1, -5, -4
1045.2, -5, -4
1045.3, -5, -4
1045.4, -5, -4
1045.5, -5, -4
1045.6, -5, -4
1045.7, -5, -4
1045.8, -5, -4
1045.9, -5, -4
1046, -5, -4
1046.1, -5, -4
1046.2, -5, -4
1046.3, -5, -4
1046.4, -5, -4
1046.5, -5, -4
1046.6, -5, -4
1046.7, -5, -4
1046.8, -5, -4
1046.9, -5, -4
1047, -5, -4
1047.1, -6, -4
1047.2, -6, -4
1047.3, -7, -4
1047.4, -7, -4
1047.5, -7, -4
1047.6, -7, -4
1047.7, -7, -4
1047.8, -7, -4
1047.9, -8, -4
1048, -8, -4
1048.1, -8, -4
1048.2, -8, -4
1048.3, -8, -4
1048.4, -8, -4
1048.5, -8, -4
1048.6, -8, -4
1048.7, -8, -4
1048.8, -8, -4
1048.9, -8, -4
1049, -8, -4
1049.1, -8, -4
1049.2, -8, -4
1049.3, -8, -4
1049.4, -8, -4
1049.5, -8, -4
1049.6, -8, -4
1049.7, -8, -4
1049.8, -8, -4
1049.9, -8, -4
1050, -8, -4
1050.1, -8, -4
1050.2, -8, -4
1050.3, -8, -4
1050.4, -8, -4
1050.5, -8, -4
1050.6, -8, -4
1050.7, -8, -4
1050.8, -8, -4
1050.9, -8, -4
1051, -8, -4
1051.1, -8, -4
1051.2, -8, -4
1051.3, -8, -4
1051.4, -8, -4
1051.5, -9, -4
1051.6, -9, -4
1051.7, -9, -4
1051.8, -9, -4
1051.9, -9, -4
1052, -9, -4
1052.1, -9, -4
1052.2, -9, -4
1052.3, -9, -4
1052.4, -9, -4
1052.5, -9, -4
1052.6, -9, -4
1052.7, -9, -4
1052.8, -9, -4
1052.9, -9, -4
1053, -9, -4
1053.1, -9, -4
1053.2, -9, -4
1053.3, -9, -4
1053.4, -9, -4
1053.5, -9, -4
1053.6, -9, -4
1053.7, -9, -4
1053.8, -9, -4
1053.9, -9, -4
1054, -9, -4
1054.1, -9, -4
1054.2, -9, -4
1054.3, -9, -4
1054.4, -9, -4
1054.5, -9, -3
1054.6, -9, -3
1054.7, -9, -3
1054.8, -9, -3
1054.9, -9, -3
1055, -9, -3
1055.1, -9, -3
1055.2, -9, -3
1055.3, -9, -3
1055.4, -9, -3
1055.5, -9, -3
1055.6, -9, -3
1055.7, -9, -3
1055.8, -9, -3
1055.9, -9, -3
1056, -9, -3
1056.1, -9, -3
1056.2, -9, -3
1056.3, -9, -4
1056.4, -9, -4
1056.5, -9, -4
1056.6, -9, -4
1056.7, -9, -4
1056.8, -9, -4
1056.9, -9, -4
1057, -9, -4
1057.1, -9, -4
1057.2, -9, -4
1057.3, -10, -4
1057.4, -10, -4
1057.5, -10, -4
1057.6, -10, -4
1057.7, -10, -4
1057.8, -10, -4
1057.9, -10, -4
1058, -10, -4
1058.1, -10, -4
1058.2, -10, -4
1058.3, -10, -4
1058.4, -10, -4
1058.5, -10, -4
1058.6, -10, -4
1058.7, -10, -4
1058.8, -10, -4
1058.9, -10, -4
1059, -10, -4
1059.1, -10, -4
1059.2, -10, -4
1059.3, -10, -4
1059.4, -10, -4
1059.5, -10, -4
1059.6, -10, -4
1059.7, -10, -4
1059.8, -10, -4
1059.9, -10, -4
1060, -10, -4
1060.1, -10, -4
1060.2, -10, -4
1060.3, -10, -4
1060.4, -10, -4
1060.5, -10, -4
1060.6, -10, -4
1060.7, -10, -4
1060.8, -10, -4
1060.9, -10, -4
1061, -10, -4
1061.1, -10, -4
1061.2, -10, -4
1061.3, -10, -4
1061.4, -10, -4
1061.5, -10, -4
1061.6, -10, -4
1061.7, -10, -4
1061.8, -10, -4
1061.9, -10, -4
1062, -10, -4
1062.1, -10, -4
1062.2, -10, -4
1062.3, -10, -4
1062.4, -10, -4
1062.5, -10, -4
1062.6, -10, -4
1062.7, -10, -4
1062.8, -10, -4
1062.9, -10, -4
1063, -10, -4
1063.1, -10, -4
1063.2, -10, -4
1063.3, -10, -5
1063.4, -10, -5
1063.5, -10, -5
1063.6, -10, -5
1063.7, -10, -5
1063.8, -10, -5
1063.9, -10, -5
1064, -10, -5
1064.1, -10, -5
1064.2, -10, -5
1064.3, -10, -5
1064.4, -10, -5
1064.5, -10, -5
1064.6, -10, -5
1064.7, -10, -4
1064.8, -10, -4
1064.9, -10, -4
1065, -10, -4
1065.1, -10, -4
1065.2, -10, -4
1065.3, -10, -4
1065.4, -10, -4
1065.5, -10, -4
1065.6, -10, -4
1065.7, -10, -4
1065.8, -10, -4
1065.9, -10, -4
1066, -10, -4
1066.1, -10, -4
1066.2, -10, -4
1066.3, -10, -4
1066.4, -10, -4
1066.5, -10, -4
1066.6, -10, -4
1066.7, -10, -4
1066.8, -10, -4
1066.9, -10, -4
1067, -10, -4
1067.1, -10, -4
1067.2, -10, -4
1067.3, -10, -4
1067.4, -10, -4
1067.5, -10, -4
1067.6, -10, -4
1067.7, -10, -4
1067.8, -10, -4
1067.9, -10, -4
1068, -10, -4
1068.1, -10, -4
1068.2, -10, -4
1068.3, -10, -3
1068.4, -10, -3
1068.5, -10, -3
1068.6, -10, -3
1068.7, -10, -3
1068.8, -10, -3
1068.9, -10, -3
1069, -10, -3
1069.1, -10, -3
1069.2, -10, -3
1069.3, -10, -3
1069.4, -10, -3
1069.5, -10, -3
1069.6, -10, -3
1069.7, -10, -3
1069.8, -10, -3
1069.9, -10, -3
1070, -10, -3
1070.1, -10, -3
1070.2, -10, -3
1070.3, -10, -3
1070.4, -10, -3
1070.5, -10, -3
1070.6, -10, -3
1070.7, -10, -3
1070.8, -10, -3
1070.9, -10, -3
1071, -10, -3
1071.1, -10, -3
1071.2, -10, -3
1071.3, -10, -3
1071.4, -10, -3
1071.5, -10, -3
1071.6, -10, -3
1071.7, -10, -3
1071.8, -10, -3
1071.9, -10, -3
1072, -10, -3
1072.1, -10, -3
1072.2, -10, -3
1072.3, -10, -3
1072.4, -10, -3
1072.5, -11, -3
1072.6, -11, -3
1072.7, -11, -3
1072.8, -11, -3
1072.9, -11, -3
1073, -11, -3
1073.1, -12, -3
1073.2, -12, -3
1073.3, -12, -3
1073.4, -12, -3
1073.5, -12, -3
1073.6, -12, -3
1073.7, -12, -3
1073.8, -12, -3
1073.9, -12, -2
1074, -12, -2
1074.1, -12, -2
1074.2, -12, -2
1074.3, -12, -2
1074.4, -12, -2
1074.5, -12, -2
1074.6, -12, -2
1074.7, -13, -2
1074.8, -13, -2
1074.9, -13, -2
1075, -13, -2
1075.1, -13, -3
1075.2, -13, -3
1075.3, -13, -3
1075.4, -13, -3
1075.5, -13, -3
1075.6, -13, -3
1075.7, -13, -3
1075.8, -13, -3
1075.9, -13, -3
1076, -13, -3
1076.1, -13, -3
1076.2, -13, -3
1076.3, -13, -3
1076.4, -13, -3
1076.5, -14, -3
1076.6, -14, -3
1076.7, -14, -3
1076.8, -14, -3
1076.9, -14, -3
1077, -14, -3
1077.1, -14, -3
1077.2, -14, -3
1077.3, -14, -3
1077.4, -14, -3
1077.5, -14, -3
1077.6, -14, -3
1077.7, -14, -3
1077.8, -14, -3
1077.9, -14, -3
1078, -14, -3
1078.1, -14, -3
1078.2, -14, -3
1078.3, -14, -3
1078.4, -14, -3
1078.5, -14, -3
1078.6, -14, -3
1078.7, -14, -3
1078.8, -14, -3
1078.9, -14, -3
1079, -14, -3
1079.1, -14, -3
1079.2, -14, -3
1079.3, -14, -3
1079.4, -14, -3
1079.5, -15, -3
1079.6, -15, -3
1079.7, -15, -3
1079.8, -15, -3
1079.9, -15, -3
1080, -15, -3
1080.1, -15, -3
1080.2, -15, -3
1080.3, -15, -3
1080.4, -15, -3
1080.5, -15, -3
1080.6, -15, -3
1080.7, -15, -4
1080.8, -15, -4
1080.9, -15, -4
1081, -15, -4
1081.1, -15, -4
1081.2, -15, -4
1081.3, -15, -3
1081.4, -15, -3
1081.5, -15, -2
1081.6, -15, -2
1081.7, -15, -2
1081.8, -15, -2
1081.9, -15, -2
1082, -15, -2
1082.1, -15, -2
1082.2, -15, -2
1082.3, -16, -2
1082.4, -16, -2
1082.5, -16, -2
1082.6, -16, -2
1082.7, -16, -2
1082.8, -16, -2
1082.9, -16, -2
1083, -16, -2
1083.1, -16, -2
1083.2, -16, -2
1083.3, -16, -2
1083.4, -16, -2
1083.5, -16, -2
1083.6, -16, -2
1083.7, -16, -2
1083.8, -16, -2
1083.9, -16, -2
1084, -16, -2
1084.1, -16, -2
1084.2, -16, -2
1084.3, -16, -2
1084.4, -16, -2
1084.5, -16, -3
1084.6, -16, -3
1084.7, -16, -3
1084.8, -16, -3
1084.9, -16, -3
1085, -16, -3
1085.1, -16, -3
1085.2, -16, -3
1085.3, -16, -3
1085.4, -16, -3
1085.5, -16, -3
1085.6, -16, -3
1085.7, -16, -3
1085.8, -16, -3
1085.9, -16, -3
1086, -16, -3
1086.1, -16, -3
1086.2, -16, -3
1086.3, -16, -3
1086.4, -16, -3
1086.5, -16, -3
1086.6, -16, -3
1086.7, -16, -3
1086.8, -16, -3
1086.9, -16, -3
1087, -16, -3
1087.1, -16, -3
1087.2, -16, -3
1087.3, -16, -3
1087.4, -16, -3
1087.5, -16, -3
1087.6, -16, -3
1087.7, -16, -3
1087.8, -16, -3
1087.9, -16, -3
1088, -16, -3
1088.1, -16, -3
1088.2, -16, -3
1088.3, -16, -3
1088.4, -16, -3
1088.5, -16, -4
1088.6, -16, -4
1088.7, -16, -4
1088.8, -16, -4
1088.9, -16, -4
1089, -16, -4
1089.1, -16, -4
1089.2, -16, -4
1089.3, -16, -4
1089.4, -16, -4
1089.5, -16, -4
1089.6, -16, -4
1089.7, -16, -4
1089.8, -16, -4
1089.9, -16, -4
1090, -16, -4
1090.1, -16, -4
1090.2, -16, -4
1090.3, -16, -4
1090.4, -16, -4
1090.5, -16, -4
1090.6, -16, -4
1090.7, -15, -4
1090.8, -15, -4
1090.9, -15, -4
1091, -15, -4
1091.1, -15, -4
1091.2, -15, -4
1091.3, -15, -4
1091.4, -15, -4
1091.5, -15, -4
1091.6, -15, -4
1091.7, -15, -4
1091.8, -15, -4
1091.9, -15, -5
1092, -15, -5
1092.1, -15, -5
1092.2, -15, -5
1092.3, -15, -5
1092.4, -15, -5
1092.5, -15, -5
1092.6, -15, -5
1092.7, -15, -5
1092.8, -15, -5
1092.9, -15, -5
1093, -15, -5
1093.1, -15, -5
1093.2, -15, -5
1093.3, -15, -5
1093.4, -15, -5
1093.5, -15, -5
1093.6, -15, -5
1093.7, -16, -5
1093.8, -16, -5
1093.9, -16, -5
1094, -16, -5
1094.1, -16, -5
1094.2, -16, -5
1094.3, -16, -5
1094.4, -16, -5
1094.5, -16, -5
1094.6, -16, -5
1094.7, -16, -5
1094.8, -16, -5
1094.9, -16, -5
1095, -16, -5
1095.1, -16, -5
1095.2, -16, -5
1095.3, -16, -5
1095.4, -16, -5
1095.5, -16, -5
1095.6, -16, -5
1095.7, -16, -5
1095.8, -16, -5
1095.9, -16, -5
1096, -16, -5
1096.1, -16, -5
1096.2, -16, -5
1096.3, -16, -5
1096.4, -16, -5
1096.5, -16, -5
1096.6, -16, -5
1096.7, -16, -5
1096.8, -16, -5
1096.9, -16, -5
1097, -16, -5
1097.1, -16, -5
1097.2, -16, -5
1097.3, -16, -5
1097.4, -16, -5
1097.5, -16, -5
1097.6, -16, -5
1097.7, -16, -5
1097.8, -16, -5
1097.9, -16, -5
1098, -16, -5
1098.1, -16, -5
1098.2, -16, -5
1098.3, -16, -5
1098.4, -16, -5
1098.5, -16, -5
1098.6, -16, -5
1098.7, -16, -5
1098.8, -16, -5
1098.9, -16, -5
1099, -16, -5
1099.1, -16, -5
1099.2, -16, -5
1099.3, -16, -5
1099.4, -16, -5
1099.5, -16, -5
1099.6, -16, -5
1099.7, -16, -5
1099.8, -16, -5
1099.9, -16, -5
1100, -16, -5
1100.1, -16, -5
1100.2, -16, -5
1100.3, -16, -4
1100.4, -16, -4
1100.5, -16, -4
1100.6, -16, -4
1100.7, -16, -4
1100.8, -16, -4
1100.9, -16, -5
1101, -16, -5
1101.1, -16, -5
1101.2, -16, -5
1101.3, -16, -5
1101.4, -16, -5
1101.5, -16, -5
1101.6, -16, -5
1101.7, -16, -5
1101.8, -16, -5
1101.9, -16, -5
1102, -16, -5
1102.1, -16, -5
1102.2, -16, -5
1102.3, -16, -5
1102.4, -16, -5
1102.5, -16, -5
1102.6, -16, -5
1102.7, -17, -5
1102.8, -17, -5
1102.9, -17, -5
1103, -17, -5
1103.1, -17, -5
1103.2, -17, -5
1103.3, -17, -5
1103.4, -17, -5
1103.5, -17, -5
1103.6, -17, -5
1103.7, -17, -5
1103.8, -17, -5
1103.9, -17, -5
1104, -17, -5
1104.1, -17, -5
1104.2, -17, -5
1104.3, -17, -5
1104.4, -17, -5
1104.5, -17, -5
1104.6, -17, -5
1104.7, -17, -5
1104.8, -17, -5
1104.9, -17, -5
1105, -17, -5
1105.1, -17, -4
1105.2, -17, -4
1105.3, -17, -4
1105.4, -17, -4
1105.5, -18, -4
1105.6, -18, -4
1105.7, -18, -4
1105.8, -18, -4
1105.9, -18, -4
1106, -18, -4
1106.1, -18, -4
1106.2, -18, -4
1106.3, -18, -4
1106.4, -18, -4
1106.5, -18, -4
1106.6, -18, -4
1106.7, -18, -4
1106.8, -18, -4
1106.9, -18, -4
1107, -18, -4
1107.1, -18, -4
1107.2, -18, -4
1107.3, -18, -4
1107.4, -18, -4
1107.5, -18, -4
1107.6, -18, -4
1107.7, -17, -4
1107.8, -17, -4
1107.9, -17, -4
1108, -17, -4
1108.1, -17, -4
1108.2, -17, -4
1108.3, -17, -4
1108.4, -17, -4
1108.5, -17, -4
1108.6, -17, -4
1108.7, -17, -4
1108.8, -17, -4
1108.9, -17, -4
1109, -17, -4
1109.1, -17, -4
1109.2, -17, -4
1109.3, -17, -3
1109.4, -17, -3
1109.5, -17, -3
1109.6, -17, -3
1109.7, -17, -3
1109.8, -17, -3
1109.9, -17, -3
1110, -17, -3
1110.1, -17, -3
1110.2, -17, -3
1110.3, -17, -3
1110.4, -17, -3
1110.5, -17, -3
1110.6, -17, -3
1110.7, -17, -3
1110.8, -17, -3
1110.9, -17, -3
1111, -17, -3
1111.1, -17, -3
1111.2, -17, -3
1111.3, -17, -3
1111.4, -17, -3
1111.5, -17, -3
1111.6, -17, -3
1111.7, -17, -3
1111.8, -17, -3
1111.9, -17, -3
1112, -17, -3
1112.1, -17, -3
1112.2, -17, -3
1112.3, -17, -4
1112.4, -17, -4
1112.5, -17, -4
1112.6, -17, -4
1112.7, -17, -4
1112.8, -17, -4
1112.9, -17, -4
1113, -17, -4
1113.1, -17, -4
1113.2, -17, -4
1113.3, -17, -4
1113.4, -17, -4
1113.5, -17, -5
1113.6, -17, -5
1113.7, -17, -5
1113.8, -17, -5
1113.9, -17, -5
1114, -17, -5
1114.1, -17, -5
1114.2, -17, -5
1114.3, -17, -5
1114.4, -17, -5
1114.5, -17, -5
1114.6, -17, -5
1114.7, -17, -5
1114.8, -17, -5
1114.9, -17, -5
1115, -17, -5
1115.1, -17, -5
1115.2, -17, -5
1115.3, -17, -5
1115.4, -17, -5
1115.5, -17, -5
1115.6, -17, -5
1115.7, -17, -5
1115.8, -17, -5
1115.9, -17, -5
1116, -17, -5
1116.1, -17, -5
1116.2, -17, -5
1116.3, -17, -5
1116.4, -17, -5
1116.5, -17, -5
1116.6, -17, -5
1116.7, -17, -5
1116.8, -17, -5
1116.9, -17, -5
1117, -17, -5
1117.1, -17, -5
1117.2, -17, -5
1117.3, -17, -5
1117.4, -17, -5
1117.5, -17, -5
1117.6, -17, -5
1117.7, -17, -5
1117.8, -17, -5
1117.9, -17, -5
1118, -17, -5
1118.1, -17, -5
1118.2, -17, -5
1118.3, -17, -5
1118.4, -17, -5
1118.5, -17, -5
1118.6, -17, -5
1118.7, -17, -5
1118.8, -17, -5
1118.9, -17, -5
1119, -17, -5
1119.1, -17, -6
1119.2, -17, -6
1119.3, -17, -6
1119.4, -17, -6
1119.5, -17, -6
1119.6, -17, -6
1119.7, -17, -6
1119.8, -17, -6
1119.9, -17, -6
1120, -17, -6
1120.1, -17, -6
1120.2, -17, -6
1120.3, -17, -6
1120.4, -17, -6
1120.5, -17, -6
1120.6, -17, -6
1120.7, -17, -6
1120.8, -17, -6
1120.9, -17, -5
1121, -17, -5
1121.1, -17, -5
1121.2, -17, -5
1121.3, -17, -5
1121.4, -17, -5
1121.5, -17, -5
1121.6, -17, -5
1121.7, -17, -5
1121.8, -17, -5
1121.9, -17, -5
1122, -17, -5
1122.1, -17, -5
1122.2, -17, -5
1122.3, -17, -5
1122.4, -17, -5
1122.5, -17, -5
1122.6, -17, -5
1122.7, -17, -5
1122.8, -17, -5
1122.9, -17, -5
1123, -17, -5
1123.1, -17, -5
1123.2, -17, -5
1123.3, -17, -5
1123.4, -17, -5
1123.5, -17, -5
1123.6, -17, -5
1123.7, -17, -5
1123.8, -17, -5
1123.9, -17, -5
1124, -17, -5
1124.1, -17, -5
1124.2, -17, -5
1124.3, -17, -5
1124.4, -17, -5
1124.5, -17, -5
1124.6, -17, -5
1124.7, -17, -5
1124.8, -17, -5
1124.9, -17, -5
1125, -17, -5
1125.1, -17, -5
1125.2, -17, -5
1125.3, -17, -5
1125.4, -17, -5
1125.5, -17, -5
1125.6, -17, -5
1125.7, -17, -5
1125.8, -17, -5
1125.9, -17, -5
1126, -17, -5
1126.1, -17, -6
1126.2, -17, -6
1126.3, -17, -5
1126.4, -17, -5
1126.5, -17, -5
1126.6, -17, -5
1126.7, -17, -5
1126.8, -17, -5
1126.9, -17, -5
1127, -17, -5
1127.1, -17, -5
1127.2, -17, -5
1127.3, -17, -6
1127.4, -17, -6
1127.5, -17, -6
1127.6, -17, -6
1127.7, -17, -6
1127.8, -17, -6
1127.9, -17, -5
1128, -17, -5
1128.1, -18, -5
1128.2, -18, -5
1128.3, -18, -5
1128.4, -18, -5
1128.5, -18, -5
1128.6, -18, -5
1128.7, -18, -5
1128.8, -18, -5
1128.9, -18, -5
1129, -18, -5
1129.1, -19, -5
1129.2, -19, -5
1129.3, -19, -6
1129.4, -19, -6
1129.5, -19, -6
1129.6, -19, -6
1129.7, -18, -6
1129.8, -18, -6
1129.9, -18, -6
1130, -18, -6
1130.1, -18, -6
1130.2, -18, -6
1130.3, -19, -6
1130.4, -19, -6
1130.5, -19, -6
1130.6, -19, -6
1130.7, -19, -6
1130.8, -19, -6
1130.9, -19, -6
1131, -19, -6
1131.1, -20, -6
1131.2, -20, -6
1131.3, -20, -6
1131.4, -20, -6
1131.5, -20, -6
1131.6, -20, -6
1131.7, -20, -6
1131.8, -20, -6
1131.9, -20, -6
1132, -20, -6
1132.1, -20, -6
1132.2, -20, -6
1132.3, -20, -6
1132.4, -20, -6
1132.5, -20, -6
1132.6, -20, -6
1132.7, -20, -6
1132.8, -20, -6
1132.9, -20, -6
1133, -20, -6
1133.1, -20, -6
1133.2, -20, -6
1133.3, -20, -6
1133.4, -20, -6
1133.5, -20, -6
1133.6, -20, -6
1133.7, -20, -6
1133.8, -20, -6
1133.9, -20, -6
1134, -20, -6
1134.1, -20, -6
1134.2, -20, -6
1134.3, -20, -6
1134.4, -20, -6
1134.5, -20, -6
1134.6, -20, -6
1134.7, -20, -6
1134.8, -20, -6
1134.9, -20, -6
1135, -20, -6
1135.1, -20, -6
1135.2, -20, -6
1135.3, -20, -7
1135.4, -20, -7
1135.5, -20, -7
1135.6, -20, -7
1135.7, -20, -7
1135.8, -20, -7
1135.9, -20, -7
1136, -20, -7
1136.1, -20, -7
1136.2, -20, -7
1136.3, -20, -7
1136.4, -20, -7
1136.5, -20, -7
1136.6, -20, -7
1136.7, -20, -7
1136.8, -20, -7
1136.9, -20, -7
1137, -20, -7
1137.1, -20, -7
1137.2, -20, -7
1137.3, -20, -7
1137.4, -20, -7
1137.5, -20, -7
1137.6, -20, -7
1137.7, -21, -7
1137.8, -21, -7
1137.9, -22, -7
1138, -22, -7
1138.1, -22, -7
1138.2, -22, -7
1138.3, -22, -7
1138.4, -22, -7
1138.5, -22, -7
1138.6, -22, -7
1138.7, -22, -7
1138.8, -22, -7
1138.9, -22, -7
1139, -22, -7
1139.1, -22, -7
1139.2, -22, -7
1139.3, -22, -7
1139.4, -22, -7
1139.5, -22, -7
1139.6, -22, -7
1139.7, -22, -7
1139.8, -22, -7
1139.9, -22, -7
1140, -22, -7
1140.1, -22, -7
1140.2, -22, -7
1140.3, -22, -7
1140.4, -22, -7
1140.5, -22, -7
1140.6, -22, -7
1140.7, -22, -7
1140.8, -22, -7
1140.9, -22, -7
1141, -22, -7
1141.1, -22, -7
1141.2, -22, -7
1141.3, -22, -7
1141.4, -22, -7
1141.5, -22, -7
1141.6, -22, -7
1141.7, -22, -7
1141.8, -22, -7
1141.9, -22, -7
1142, -22, -7
1142.1, -22, -7
1142.2, -22, -7
1142.3, -22, -7
1142.4, -22, -7
1142.5, -22, -7
1142.6, -22, -7
1142.7, -22, -7
1142.8, -22, -7
1142.9, -23, -7
1143, -23, -7
1143.1, -23, -7
1143.2, -23, -7
1143.3, -23, -8
1143.4, -23, -8
1143.5, -23, -8
1143.6, -23, -8
1143.7, -23, -8
1143.8, -23, -8
1143.9, -23, -8
1144, -23, -8
1144.1, -23, -8
1144.2, -23, -8
1144.3, -23, -8
1144.4, -23, -8
1144.5, -23, -8
1144.6, -23, -8
1144.7, -23, -8
1144.8, -23, -8
1144.9, -23, -8
1145, -23, -8
1145.1, -23, -8
1145.2, -23, -8
1145.3, -23, -8
1145.4, -23, -8
1145.5, -23, -8
1145.6, -23, -8
1145.7, -23, -8
1145.8, -23, -8
1145.9, -23, -8
1146, -23, -8
1146.1, -23, -8
1146.2, -23, -8
1146.3, -23, -8
1146.4, -23, -8
1146.5, -24, -8
1146.6, -24, -8
1146.7, -24, -8
1146.8, -24, -8
1146.9, -23, -8
1147, -23, -8
1147.1, -23, -7
1147.2, -23, -7
1147.3, -23, -7
1147.4, -23, -7
1147.5, -23, -7
1147.6, -23, -7
1147.7, -23, -7
1147.8, -23, -7
1147.9, -23, -7
1148, -23, -7
1148.1, -22, -7
1148.2, -22, -7
1148.3, -22, -7
1148.4, -22, -7
1148.5, -22, -7
1148.6, -22, -7
1148.7, -22, -7
1148.8, -22, -7
1148.9, -22, -7
1149, -22, -7
1149.1, -22, -7
1149.2, -22, -7
1149.3, -22, -7
1149.4, -22, -7
1149.5, -22, -7
1149.6, -22, -7
1149.7, -22, -6
1149.8, -22, -6
1149.9, -22, -6
1150, -22, -6
1150.1, -22, -7
1150.2, -22, -7
1150.3, -22, -7
1150.4, -22, -7
1150.5, -22, -7
1150.6, -22, -7
1150.7, -22, -7
1150.8, -22, -7
1150.9, -22, -8
1151, -22, -8
1151.1, -21, -8
1151.2, -21, -8
1151.3, -21, -8
1151.4, -21, -8
1151.5, -21, -8
1151.6, -21, -8
1151.7, -21, -8
1151.8, -21, -8
1151.9, -21, -8
1152, -21, -8
1152.1, -21, -8
1152.2, -21, -8
1152.3, -21, -8
1152.4, -21, -8
1152.5, -21, -8
1152.6, -21, -8
1152.7, -21, -8
1152.8, -21, -8
1152.9, -21, -8
1153, -21, -8
1153.1, -21, -8
1153.2, -21, -8
1153.3, -21, -8
1153.4, -21, -8
1153.5, -21, -8
1153.6, -21, -8
1153.7, -21, -8
1153.8, -21, -8
1153.9, -21, -8
1154, -21, -8
1154.1, -21, -8
1154.2, -21, -8
1154.3, -21, -8
1154.4, -21, -8
1154.5, -21, -8
1154.6, -21, -8
1154.7, -21, -8
1154.8, -21, -8
1154.9, -21, -8
1155, -21, -8
1155.1, -21, -8
1155.2, -21, -8
1155.3, -21, -8
1155.4, -21, -8
1155.5, -21, -8
1155.6, -21, -8
1155.7, -21, -8
1155.8, -21, -8
1155.9, -21, -9
1156, -21, -9
1156.1, -21, -9
1156.2, -21, -9
1156.3, -21, -8
1156.4, -21, -8
1156.5, -21, -8
1156.6, -21, -8
1156.7, -21, -8
1156.8, -21, -8
1156.9, -21, -8
1157, -21, -8
1157.1, -21, -8
1157.2, -21, -8
1157.3, -21, -8
1157.4, -21, -8
1157.5, -21, -8
1157.6, -21, -8
1157.7, -20, -8
1157.8, -20, -8
1157.9, -20, -8
1158, -20, -8
1158.1, -20, -8
1158.2, -20, -8
1158.3, -20, -8
1158.4, -20, -8
1158.5, -20, -8
1158.6, -20, -8
1158.7, -20, -8
1158.8, -20, -8
1158.9, -20, -8
1159, -20, -8
1159.1, -20, -8
1159.2, -20, -8
1159.3, -20, -8
1159.4, -20, -8
1159.5, -20, -8
1159.6, -20, -8
1159.7, -20, -8
1159.8, -20, -8
1159.9, -20, -8
1160, -20, -8
1160.1, -21, -8
1160.2, -21, -8
1160.3, -21, -8
1160.4, -21, -8
1160.5, -21, -8
1160.6, -21, -8
1160.7, -21, -8
1160.8, -21, -8
1160.9, -21, -8
1161, -21, -8
1161.1, -21, -8
1161.2, -21, -8
1161.3, -21, -8
1161.4, -21, -8
1161.5, -21, -8
1161.6, -21, -8
1161.7, -21, -8
1161.8, -21, -8
1161.9, -21, -8
1162, -21, -8
1162.1, -21, -8
1162.2, -21, -8
1162.3, -21, -8
1162.4, -21, -8
1162.5, -21, -8
1162.6, -21, -8
1162.7, -21, -8
1162.8, -21, -8
1162.9, -21, -8
1163, -21, -8
1163.1, -21, -8
1163.2, -21, -8
1163.3, -21, -8
1163.4, -21, -8
1163.5, -21, -8
1163.6, -21, -8
1163.7, -21, -8
1163.8, -21, -8
1163.9, -21, -8
1164, -21, -8
1164.1, -21, -8
1164.2, -21, -8
1164.3, -21, -8
1164.4, -21, -8
1164.5, -20, -8
1164.6, -20, -8
1164.7, -21, -8
1164.8, -21, -8
1164.9, -21, -8
1165, -21, -8
1165.1, -21, -8
1165.2, -21, -8
1165.3, -21, -8
1165.4, -21, -8
1165.5, -21, -8
1165.6, -21, -8
1165.7, -21, -8
1165.8, -21, -8
1165.9, -21, -8
1166, -21, -8
1166.1, -21, -8
1166.2, -21, -8
1166.3, -21, -8
1166.4, -21, -8
1166.5, -21, -8
1166.6, -21, -8
1166.7, -21, -8
1166.8, -21, -8
1166.9, -21, -8
1167, -21, -8
1167.1, -21, -8
1167.2, -21, -8
1167.3, -21, -8
1167.4, -21, -8
1167.5, -22, -8
1167.6, -22, -8
1167.7, -21, -8
1167.8, -21, -8
1167.9, -21, -7
1168, -21, -7
1168.1, -21, -7
1168.2, -21, -7
1168.3, -21, -7
1168.4, -21, -7
1168.5, -21, -7
1168.6, -21, -7
1168.7, -21, -7
1168.8, -21, -7
1168.9, -21, -7
1169, -21, -7
1169.1, -21, -8
1169.2, -21, -8
1169.3, -20, -8
1169.4, -20, -8
1169.5, -20, -9
1169.6, -20, -9
1169.7, -20, -9
1169.8, -20, -9
1169.9, -20, -9
1170, -20, -9
1170.1, -20, -9
1170.2, -20, -9
1170.3, -20, -9
1170.4, -20, -9
1170.5, -20, -9
1170.6, -20, -9
1170.7, -20, -9
1170.8, -20, -9
1170.9, -20, -9
1171, -20, -9
1171.1, -20, -9
1171.2, -20, -9
1171.3, -20, -8
1171.4, -20, -8
1171.5, -20, -8
1171.6, -20, -8
1171.7, -20, -8
1171.8, -20, -8
1171.9, -20, -8
1172, -20, -8
1172.1, -20, -8
1172.2, -20, -8
1172.3, -20, -8
1172.4, -20, -8
1172.5, -20, -8
1172.6, -20, -8
1172.7, -21, -8
1172.8, -21, -8
1172.9, -21, -8
1173, -21, -8
1173.1, -21, -8
1173.2, -21, -8
1173.3, -20, -8
1173.4, -20, -8
1173.5, -20, -8
1173.6, -20, -8
1173.7, -20, -8
1173.8, -20, -8
1173.9, -20, -8
1174, -20, -8
1174.1, -20, -8
1174.2, -20, -8
1174.3, -20, -8
1174.4, -20, -8
1174.5, -20, -9
1174.6, -20, -9
1174.7, -20, -9
1174.8, -20, -9
1174.9, -20, -10
1175, -20, -10
1175.1, -20, -10
1175.2, -20, -10
1175.3, -20, -10
1175.4, -20, -10
1175.5, -20, -10
1175.6, -20, -10
1175.7, -20, -10
1175.8, -20, -10
1175.9, -20, -10
1176, -20, -10
1176.1, -20, -10
1176.2, -20, -10
1176.3, -20, -10
1176.4, -20, -10
1176.5, -20, -10
1176.6, -20, -10
1176.7, -20, -10
1176.8, -20, -10
1176.9, -20, -10
1177, -20, -10
1177.1, -20, -10
1177.2, -20, -10
1177.3, -20, -10
1177.4, -20, -10
1177.5, -20, -10
1177.6, -20, -10
1177.7, -20, -10
1177.8, -20, -10
1177.9, -20, -10
1178, -20, -10
1178.1, -20, -10
1178.2, -20, -10
1178.3, -19, -10
1178.4, -19, -10
1178.5, -19, -10
1178.6, -19, -10
1178.7, -19, -10
1178.8, -19, -10
1178.9, -19, -10
1179, -19, -10
1179.1, -19, -10
1179.2, -19, -10
1179.3, -19, -10
1179.4, -19, -10
1179.5, -19, -10
1179.6, -19, -10
1179.7, -19, -10
1179.8, -19, -10
1179.9, -19, -10
1180, -19, -10
1180.1, -19, -10
1180.2, -19, -10
1180.3, -19, -10
1180.4, -19, -10
1180.5, -19, -10
1180.6, -19, -10
1180.7, -19, -10
1180.8, -19, -10
1180.9, -19, -10
1181, -19, -10
1181.1, -19, -10
1181.2, -19, -10
1181.3, -19, -10
1181.4, -19, -10
1181.5, -19, -10
1181.6, -19, -10
1181.7, -20, -10
1181.8, -20, -10
1181.9, -20, -10
1182, -20, -10
1182.1, -20, -10
1182.2, -20, -10
1182.3, -20, -10
1182.4, -20, -10
1182.5, -20, -10
1182.6, -20, -10
1182.7, -20, -10
1182.8, -20, -10
1182.9, -20, -10
1183, -20, -10
1183.1, -20, -10
1183.2, -20, -10
1183.3, -20, -10
1183.4, -20, -10
1183.5, -20, -10
1183.6, -20, -10
1183.7, -21, -10
1183.8, -21, -10
1183.9, -22, -10
1184, -22, -10
1184.1, -22, -10
1184.2, -22, -10
1184.3, -22, -10
1184.4, -22, -10
1184.5, -22, -10
1184.6, -22, -10
1184.7, -22, -10
1184.8, -22, -10
1184.9, -22, -10
1185, -22, -10
1185.1, -22, -11
1185.2, -22, -11
1185.3, -22, -11
1185.4, -22, -11
1185.5, -22, -11
1185.6, -22, -11
1185.7, -22, -11
1185.8, -22, -11
1185.9, -22, -11
1186, -22, -11
1186.1, -22, -10
1186.2, -22, -10
1186.3, -22, -10
1186.4, -22, -10
1186.5, -22, -10
1186.6, -22, -10
1186.7, -22, -10
1186.8, -22, -10
1186.9, -22, -10
1187, -22, -10
1187.1, -22, -10
1187.2, -22, -10
1187.3, -22, -10
1187.4, -22, -10
1187.5, -22, -10
1187.6, -22, -10
1187.7, -22, -10
1187.8, -22, -10
1187.9, -22, -10
1188, -22, -10
1188.1, -22, -10
1188.2, -22, -10
1188.3, -22, -10
1188.4, -22, -10
1188.5, -22, -10
1188.6, -22, -10
1188.7, -22, -10
1188.8, -22, -10
1188.9, -22, -10
1189, -22, -10
1189.1, -22, -10
1189.2, -22, -10
1189.3, -22, -10
1189.4, -22, -10
1189.5, -22, -10
1189.6, -22, -10
1189.7, -22, -10
1189.8, -22, -10
1189.9, -22, -10
1190, -22, -10
1190.1, -22, -10
1190.2, -22, -10
1190.3, -21, -10
1190.4, -21, -10
1190.5, -21, -10
1190.6, -21, -10
1190.7, -21, -10
1190.8, -21, -10
1190.9, -21, -10
1191, -21, -10
1191.1, -21, -10
1191.2, -21, -10
1191.3, -21, -10
1191.4, -21, -10
1191.5, -20, -10
1191.6, -20, -10
1191.7, -20, -10
1191.8, -20, -10
1191.9, -20, -10
1192, -20, -10
1192.1, -20, -10
1192.2, -20, -10
1192.3, -20, -10
1192.4, -20, -10
1192.5, -20, -10
1192.6, -20, -10
1192.7, -20, -10
1192.8, -20, -10
1192.9, -20, -10
1193, -20, -10
1193.1, -20, -10
1193.2, -20, -10
1193.3, -20, -10
1193.4, -20, -10
1193.5, -20, -10
1193.6, -20, -10
1193.7, -20, -10
1193.8, -20, -10
1193.9, -20, -10
1194, -20, -10
1194.1, -20, -10
1194.2, -20, -10
1194.3, -20, -10
1194.4, -20, -10
1194.5, -20, -10
1194.6, -20, -10
1194.7, -20, -10
1194.8, -20, -10
1194.9, -20, -10
1195, -20, -10
1195.1, -20, -10
1195.2, -20, -10
1195.3, -20, -10
1195.4, -20, -10
1195.5, -20, -10
1195.6, -20, -10
1195.7, -20, -10
1195.8, -20, -10
1195.9, -20, -10
1196, -20, -10
1196.1, -20, -10
1196.2, -20, -10
1196.3, -20, -10
1196.4, -20, -10
1196.5, -20, -10
1196.6, -20, -10
1196.7, -20, -10
1196.8, -20, -10
1196.9, -20, -10
1197, -20, -10
1197.1, -20, -10
1197.2, -20, -10
1197.3, -20, -10
1197.4, -20, -10
1197.5, -20, -10
1197.6, -20, -10
1197.7, -19, -10
1197.8, -19, -10
1197.9, -19, -10
1198, -19, -10
1198.1, -19, -10
1198.2, -19, -10
1198.3, -19, -9
1198.4, -19, -9
1198.5, -19, -9
1198.6, -19, -9
1198.7, -19, -9
1198.8, -19, -9
1198.9, -19, -9
1199, -19, -9
1199.1, -19, -9
1199.2, -19, -9
1199.3, -19, -9
1199.4, -19, -9
1199.5, -19, -9
1199.6, -19, -9
1199.7, -19, -9
1199.8, -19, -9
1199.9, -19, -9
1200, -19, -9
1200.1, -18, -9
1200.2, -18, -9
1200.3, -18, -9
1200.4, -18, -9
1200.5, -18, -9
1200.6, -18, -9
1200.7, -18, -9
1200.8, -18, -9
1200.9, -18, -9
1201, -18, -9
1201.1, -18, -9
1201.2, -18, -9
1201.3, -18, -9
1201.4, -18, -9
1201.5, -18, -9
1201.6, -18, -9
1201.7, -18, -9
1201.8, -18, -9
1201.9, -18, -9
1202, -18, -9
1202.1, -18, -9
1202.2, -18, -9
1202.3, -18, -9
1202.4, -18, -9
1202.5, -18, -9
1202.6, -18, -9
1202.7, -18, -9
1202.8, -18, -9
1202.9, -18, -9
1203, -18, -9
1203.1, -18, -9
1203.2, -18, -9
1203.3, -18, -9
1203.4, -18, -9
1203.5, -17, -9
1203.6, -17, -9
1203.7, -17, -9
1203.8, -17, -9
1203.9, -17, -9
1204, -17, -9
1204.1, -17, -9
1204.2, -17, -9
1204.3, -17, -9
1204.4, -17, -9
1204.5, -17, -9
1204.6, -17, -9
1204.7, -17, -9
1204.8, -17, -9
1204.9, -17, -8
1205, -17, -8
1205.1, -17, -8
1205.2, -17, -8
1205.3, -17, -8
1205.4, -17, -8
1205.5, -17, -8
1205.6, -17, -8
1205.7, -17, -8
1205.8, -17, -8
1205.9, -17, -9
1206, -17, -9
1206.1, -17, -9
1206.2, -17, -9
1206.3, -17, -9
1206.4, -17, -9
1206.5, -17, -9
1206.6, -17, -9
1206.7, -17, -9
1206.8, -17, -9
1206.9, -17, -9
1207, -17, -9
1207.1, -17, -10
1207.2, -17, -10
1207.3, -17, -10
1207.4, -17, -10
1207.5, -17, -10
1207.6, -17, -10
1207.7, -17, -10
1207.8, -17, -10
1207.9, -17, -10
1208, -17, -10
1208.1, -17, -10
1208.2, -17, -10
1208.3, -17, -10
1208.4, -17, -10
1208.5, -17, -10
1208.6, -17, -10
1208.7, -17, -10
1208.8, -17, -10
1208.9, -17, -10
1209, -17, -10
1209.1, -17, -10
1209.2, -17, -10
1209.3, -17, -10
1209.4, -17, -10
1209.5, -17, -10
1209.6, -17, -10
1209.7, -17, -10
1209.8, -17, -10
1209.9, -17, -10
1210, -17, -10
1210.1, -17, -10
1210.2, -17, -10
1210.3, -17, -10
1210.4, -17, -10
1210.5, -17, -10
1210.6, -17, -10
1210.7, -17, -10
1210.8, -17, -10
1210.9, -17, -10
1211, -17, -10
1211.1, -17, -10
1211.2, -17, -10
1211.3, -17, -10
1211.4, -17, -10
1211.5, -17, -10
1211.6, -17, -10
1211.7, -17, -10
1211.8, -17, -10
1211.9, -17, -10
1212, -17, -10
1212.1, -17, -10
1212.2, -17, -10
1212.3, -17, -10
1212.4, -17, -10
1212.5, -17, -10
1212.6, -17, -10
1212.7, -17, -10
1212.8, -17, -10
1212.9, -17, -10
1213, -17, -10
1213.1, -17, -10
1213.2, -17, -10
1213.3, -17, -11
1213.4, -17, -11
1213.5, -17, -11
1213.6, -17, -11
1213.7, -17, -11
1213.8, -17, -11
1213.9, -17, -11
1214, -17, -11
1214.1, -17, -11
1214.2, -17, -11
1214.3, -17, -11
1214.4, -17, -11
1214.5, -17, -11
1214.6, -17, -11
1214.7, -17, -10
1214.8, -17, -10
1214.9, -17, -10
1215, -17, -10
1215.1, -16, -10
1215.2, -16, -10
1215.3, -16, -10
1215.4, -16, -10
1215.5, -16, -10
1215.6, -16, -10
1215.7, -15, -10
1215.8, -15, -10
1215.9, -15, -10
1216, -15, -10
1216.1, -15, -10
1216.2, -15, -10
1216.3, -15, -10
1216.4, -15, -10
1216.5, -15, -10
1216.6, -15, -10
1216.7, -15, -10
1216.8, -15, -10
1216.9, -14, -10
1217, -14, -10
1217.1, -14, -10
1217.2, -14, -10
1217.3, -14, -10
1217.4, -14, -10
1217.5, -14, -10
1217.6, -14, -10
1217.7, -14, -10
1217.8, -14, -10
1217.9, -14, -10
1218, -14, -10
1218.1, -14, -10
1218.2, -14, -10
1218.3, -14, -10
1218.4, -14, -10
1218.5, -14, -10
1218.6, -14, -10
1218.7, -14, -10
1218.8, -14, -10
1218.9, -14, -10
1219, -14, -10
1219.1, -14, -10
1219.2, -14, -10
1219.3, -14, -10
1219.4, -14, -10
1219.5, -14, -10
1219.6, -14, -10
1219.7, -14, -10
1219.8, -14, -10
1219.9, -14, -10
1220, -14, -10
1220.1, -14, -10
1220.2, -14, -10
1220.3, -14, -10
1220.4, -14, -10
1220.5, -14, -10
1220.6, -14, -10
1220.7, -14, -10
1220.8, -14, -10
1220.9, -14, -10
1221, -14, -10
1221.1, -14, -10
1221.2, -14, -10
1221.3, -14, -11
1221.4, -14, -11
1221.5, -14, -11
1221.6, -14, -11
1221.7, -14, -11
1221.8, -14, -11
1221.9, -14, -11
1222, -14, -11
1222.1, -14, -11
1222.2, -14, -11
1222.3, -14, -11
1222.4, -14, -11
1222.5, -14, -11
1222.6, -14, -11
1222.7, -14, -11
1222.8, -14, -11
1222.9, -14, -12
1223, -14, -12
1223.1, -14, -12
1223.2, -14, -12
1223.3, -14, -12
1223.4, -14, -12
1223.5, -14, -12
1223.6, -14, -12
1223.7, -14, -12
1223.8, -14, -12
1223.9, -14, -12
1224, -14, -12
1224.1, -14, -12
1224.2, -14, -12
1224.3, -14, -12
1224.4, -14, -12
1224.5, -14, -12
1224.6, -14, -12
1224.7, -14, -12
1224.8, -14, -12
1224.9, -14, -12
1225, -14, -12
1225.1, -14, -12
1225.2, -14, -12
1225.3, -14, -12
1225.4, -14, -12
1225.5, -14, -12
1225.6, -14, -12
1225.7, -14, -13
1225.8, -14, -13
1225.9, -14, -13
1226, -14, -13
1226.1, -14, -13
1226.2, -14, -13
1226.3, -14, -13
1226.4, -14, -13
1226.5, -14, -13
1226.6, -14, -13
1226.7, -14, -13
1226.8, -14, -13
1226.9, -14, -13
1227, -14, -13
1227.1, -14, -13
1227.2, -14, -13
1227.3, -14, -13
1227.4, -14, -13
1227.5, -14, -13
1227.6, -14, -13
1227.7, -14, -13
1227.8, -14, -13
1227.9, -14, -13
1228, -14, -13
1228.1, -14, -13
1228.2, -14, -13
1228.3, -14, -13
1228.4, -14, -13
1228.5, -14, -13
1228.6, -14, -13
1228.7, -14, -13
1228.8, -14, -13
1228.9, -14, -13
1229, -14, -13
1229.1, -14, -13
1229.2, -14, -13
1229.3, -14, -13
1229.4, -14, -13
1229.5, -14, -13
1229.6, -14, -13
1229.7, -14, -13
1229.8, -14, -13
1229.9, -14, -13
1230, -14, -13
1230.1, -14, -13
1230.2, -14, -13
1230.3, -14, -13
1230.4, -14, -13
1230.5, -14, -13
1230.6, -14, -13
1230.7, -14, -13
1230.8, -14, -13
1230.9, -14, -13
1231, -14, -13
1231.1, -14, -13
1231.2, -14, -13
1231.3, -14, -13
1231.4, -14, -13
1231.5, -14, -13
1231.6, -14, -13
1231.7, -14, -13
1231.8, -14, -13
1231.9, -14, -13
1232, -14, -13
1232.1, -14, -13
1232.2, -14, -13
1232.3, -14, -13
1232.4, -14, -13
1232.5, -14, -13
1232.6, -14, -13
1232.7, -14, -13
1232.8, -14, -13
1232.9, -14, -13
1233, -14, -13
1233.1, -14, -13
1233.2, -14, -13
1233.3, -14, -13
1233.4, -14, -13
1233.5, -14, -13
1233.6, -14, -13
1233.7, -14, -13
1233.8, -14, -13
1233.9, -14, -13
1234, -14, -13
1234.1, -14, -13
1234.2, -14, -13
1234.3, -14, -13
1234.4, -14, -13
1234.5, -14, -13
1234.6, -14, -13
1234.7, -14, -13
1234.8, -14, -13
1234.9, -14, -13
1235, -14, -13
1235.1, -14, -13
1235.2, -14, -13
1235.3, -14, -13
1235.4, -14, -13
1235.5, -14, -13
1235.6, -14, -13
1235.7, -14, -13
1235.8, -14, -13
1235.9, -14, -13
1236, -14, -13
1236.1, -14, -13
1236.2, -14, -13
1236.3, -14, -13
1236.4, -14, -13
1236.5, -14, -13
1236.6, -14, -13
1236.7, -14, -13
1236.8, -14, -13
1236.9, -14, -13
1237, -14, -13
1237.1, -14, -13
1237.2, -14, -13
1237.3, -14, -13
1237.4, -14, -13
1237.5, -14, -13
1237.6, -14, -13
1237.7, -14, -13
1237.8, -14, -13
1237.9, -14, -13
1238, -14, -13
1238.1, -14, -13
1238.2, -14, -13
1238.3, -14, -13
1238.4, -14, -13
1238.5, -14, -13
1238.6, -14, -13
1238.7, -14, -13
1238.8, -14, -13
1238.9, -14, -13
1239, -14, -13
1239.1, -14, -13
1239.2, -14, -13
1239.3, -14, -13
1239.4, -14, -13
1239.5, -14, -13
1239.6, -14, -13
1239.7, -14, -14
1239.8, -14, -14
1239.9, -14, -14
1240, -14, -14
1240.1, -14, -14
1240.2, -14, -14
1240.3, -14, -14
1240.4, -14, -14
1240.5, -14, -14
1240.6, -14, -14
1240.7, -14, -14
1240.8, -14, -14
1240.9, -14, -14
1241, -14, -14
1241.1, -14, -14
1241.2, -14, -14
1241.3, -14, -14
1241.4, -14, -14
1241.5, -14, -14
1241.6, -14, -14
1241.7, -14, -14
1241.8, -14, -14
1241.9, -14, -14
1242, -14, -14
1242.1, -14, -14
1242.2, -14, -14
1242.3, -14, -14
1242.4, -14, -14
1242.5, -14, -14
1242.6, -14, -14
1242.7, -14, -14
1242.8, -14, -14
1242.9, -14, -14
1243, -14, -14
1243.1, -13, -14
1243.2, -13, -14
1243.3, -13, -14
1243.4, -13, -14
1243.5, -13, -14
1243.6, -13, -14
1243.7, -13, -14
1243.8, -13, -14
1243.9, -13, -14
1244, -13, -14
1244.1, -13, -15
1244.2, -13, -15
1244.3, -13, -15
1244.4, -13, -15
1244.5, -13, -15
1244.6, -13, -15
1244.7, -13, -15
1244.8, -13, -15
1244.9, -13, -15
1245, -13, -15
1245.1, -12, -15
1245.2, -12, -15
1245.3, -12, -15
1245.4, -12, -15
1245.5, -12, -15
1245.6, -12, -15
1245.7, -12, -15
1245.8, -12, -15
1245.9, -12, -15
1246, -12, -15
1246.1, -12, -15
1246.2, -12, -15
1246.3, -12, -15
1246.4, -12, -15
1246.5, -12, -16
1246.6, -12, -16
1246.7, -12, -16
1246.8, -12, -16
1246.9, -12, -16
1247, -12, -16
1247.1, -12, -16
1247.2, -12, -16
1247.3, -12, -16
1247.4, -12, -16
1247.5, -12, -16
1247.6, -12, -16
1247.7, -12, -16
1247.8, -12, -16
1247.9, -12, -16
1248, -12, -16
1248.1, -12, -16
1248.2, -12, -16
1248.3, -12, -16
1248.4, -12, -16
1248.5, -12, -16
1248.6, -12, -16
1248.7, -12, -16
1248.8, -12, -16
1248.9, -12, -16
1249, -12, -16
1249.1, -12, -16
1249.2, -12, -16
1249.3, -11, -16
1249.4, -11, -16
1249.5, -11, -16
1249.6, -11, -16
1249.7, -11, -17
1249.8, -11, -17
1249.9, -11, -17
1250, -11, -17
1250.1, -11, -17
1250.2, -11, -17
1250.3, -11, -17
1250.4, -11, -17
1250.5, -11, -17
1250.6, -11, -17
1250.7, -11, -17
1250.8, -11, -17
1250.9, -11, -17
1251, -11, -17
1251.1, -11, -17
1251.2, -11, -17
1251.3, -11, -17
1251.4, -11, -17
1251.5, -11, -17
1251.6, -11, -17
1251.7, -11, -17
1251.8, -11, -17
1251.9, -11, -18
1252, -11, -18
1252.1, -11, -18
1252.2, -11, -18
1252.3, -11, -18
1252.4, -11, -18
1252.5, -11, -18
1252.6, -11, -18
1252.7, -11, -18
1252.8, -11, -18
1252.9, -11, -18
1253, -11, -18
1253.1, -11, -18
1253.2, -11, -18
1253.3, -11, -18
1253.4, -11, -18
1253.5, -11, -18
1253.6, -11, -18
1253.7, -11, -18
1253.8, -11, -18
1253.9, -11, -18
1254, -11, -18
1254.1, -11, -18
1254.2, -11, -18
1254.3, -11, -18
1254.4, -11, -18
1254.5, -12, -18
1254.6, -12, -18
1254.7, -12, -18
1254.8, -12, -18
1254.9, -12, -18
1255, -12, -18
1255.1, -12, -18
1255.2, -12, -18
1255.3, -12, -18
1255.4, -12, -18
1255.5, -12, -18
1255.6, -12, -18
1255.7, -12, -18
1255.8, -12, -18
1255.9, -12, -18
1256, -12, -18
1256.1, -12, -18
1256.2, -12, -18
1256.3, -12, -17
1256.4, -12, -17
1256.5, -12, -17
1256.6, -12, -17
1256.7, -12, -17
1256.8, -12, -17
1256.9, -12, -17
1257, -12, -17
1257.1, -12, -17
1257.2, -12, -17
1257.3, -12, -17
1257.4, -12, -17
1257.5, -12, -17
1257.6, -12, -17
1257.7, -12, -17
1257.8, -12, -17
1257.9, -12, -17
1258, -12, -17
1258.1, -12, -17
1258.2, -12, -17
1258.3, -12, -16
1258.4, -12, -16
1258.5, -12, -16
1258.6, -12, -16
1258.7, -12, -16
1258.8, -12, -16
1258.9, -12, -16
1259, -12, -16
1259.1, -12, -16
1259.2, -12, -16
1259.3, -12, -16
1259.4, -12, -16
1259.5, -12, -16
1259.6, -12, -16
1259.7, -12, -16
1259.8, -12, -16
1259.9, -12, -16
1260, -12, -16
1260.1, -11, -16
1260.2, -11, -16
1260.3, -11, -16
1260.4, -11, -16
1260.5, -11, -16
1260.6, -11, -16
1260.7, -11, -16
1260.8, -11, -16
1260.9, -11, -16
1261, -11, -16
1261.1, -11, -16
1261.2, -11, -16
1261.3, -11, -16
1261.4, -11, -16
1261.5, -11, -16
1261.6, -11, -16
1261.7, -11, -16
1261.8, -11, -16
1261.9, -11, -16
1262, -11, -16
1262.1, -11, -16
1262.2, -11, -16
1262.3, -11, -16
1262.4, -11, -16
1262.5, -10, -16
1262.6, -10, -16
1262.7, -10, -15
1262.8, -10, -15
1262.9, -10, -15
1263, -10, -15
1263.1, -10, -15
1263.2, -10, -15
1263.3, -9, -15
1263.4, -9, -15
1263.5, -9, -15
1263.6, -9, -15
1263.7, -9, -15
1263.8, -9, -15
1263.9, -9, -15
1264, -9, -15
1264.1, -9, -15
1264.2, -9, -15
1264.3, -9, -15
1264.4, -9, -15
1264.5, -9, -15
1264.6, -9, -15
1264.7, -9, -15
1264.8, -9, -15
1264.9, -9, -15
1265, -9, -15
1265.1, -9, -15
1265.2, -9, -15
1265.3, -8, -15
1265.4, -8, -15
1265.5, -8, -15
1265.6, -8, -15
1265.7, -8, -15
1265.8, -8, -15
1265.9, -8, -15
1266, -8, -15
1266.1, -8, -15
1266.2, -8, -15
1266.3, -8, -15
1266.4, -8, -15
1266.5, -8, -15
1266.6, -8, -15
1266.7, -8, -15
1266.8, -8, -15
1266.9, -9, -15
1267, -9, -15
1267.1, -9, -15
1267.2, -9, -15
1267.3, -9, -14
1267.4, -9, -14
1267.5, -9, -14
1267.6, -9, -14
1267.7, -9, -14
1267.8, -9, -14
1267.9, -9, -14
1268, -9, -14
1268.1, -9, -14
1268.2, -9, -14
1268.3, -9, -14
1268.4, -9, -14
1268.5, -9, -14
1268.6, -9, -14
1268.7, -9, -14
1268.8, -9, -14
1268.9, -9, -14
1269, -9, -14
1269.1, -10, -14
1269.2, -10, -14
1269.3, -10, -14
1269.4, -10, -14
1269.5, -10, -14
1269.6, -10, -14
1269.7, -10, -14
1269.8, -10, -14
1269.9, -10, -14
1270, -10, -14
1270.1, -10, -14
1270.2, -10, -14
1270.3, -10, -14
1270.4, -10, -14
1270.5, -10, -14
1270.6, -10, -14
1270.7, -10, -14
1270.8, -10, -14
1270.9, -10, -14
1271, -10, -14
1271.1, -10, -14
1271.2, -10, -14
1271.3, -10, -14
1271.4, -10, -14
1271.5, -10, -14
1271.6, -10, -14
1271.7, -10, -14
1271.8, -10, -14
1271.9, -10, -14
1272, -10, -14
1272.1, -10, -14
1272.2, -10, -14
1272.3, -10, -14
1272.4, -10, -14
1272.5, -10, -14
1272.6, -10, -14
1272.7, -10, -14
1272.8, -10, -14
1272.9, -10, -14
1273, -10, -14
1273.1, -10, -14
1273.2, -10, -14
1273.3, -10, -14
1273.4, -10, -14
1273.5, -10, -14
1273.6, -10, -14
1273.7, -10, -14
1273.8, -10, -14
1273.9, -10, -14
1274, -10, -14
1274.1, -10, -14
1274.2, -10, -14
1274.3, -10, -14
1274.4, -10, -14
1274.5, -10, -14
1274.6, -10, -14
1274.7, -10, -14
1274.8, -10, -14
1274.9, -10, -14
1275, -10, -14
1275.1, -10, -14
1275.2, -10, -14
1275.3, -10, -14
1275.4, -10, -14
1275.5, -10, -14
1275.6, -10, -14
1275.7, -10, -14
1275.8, -10, -14
1275.9, -10, -14
1276, -10, -14
1276.1, -10, -14
1276.2, -10, -14
1276.3, -10, -14
1276.4, -10, -14
1276.5, -10, -14
1276.6, -10, -14
1276.7, -10, -14
1276.8, -10, -14
1276.9, -10, -14
1277, -10, -14
1277.1, -10, -14
1277.2, -10, -14
1277.3, -10, -14
1277.4, -10, -14
1277.5, -10, -14
1277.6, -10, -14
1277.7, -10, -14
1277.8, -10, -14
1277.9, -10, -14
1278, -10, -14
1278.1, -10, -14
1278.2, -10, -14
1278.3, -10, -14
1278.4, -10, -14
1278.5, -10, -14
1278.6, -10, -14
1278.7, -10, -14
1278.8, -10, -14
1278.9, -10, -14
1279, -10, -14
1279.1, -10, -14
1279.2, -10, -14
1279.3, -10, -13
1279.4, -10, -13
1279.5, -10, -13
1279.6, -10, -13
1279.7, -10, -13
1279.8, -10, -13
1279.9, -10, -13
1280, -10, -13
1280.1, -10, -13
1280.2, -10, -13
1280.3, -10, -13
1280.4, -10, -13
1280.5, -10, -13
1280.6, -10, -13
1280.7, -10, -12
1280.8, -10, -12
1280.9, -10, -12
1281, -10, -12
1281.1, -10, -12
1281.2, -10, -12
1281.3, -10, -12
1281.4, -10, -12
1281.5, -10, -12
1281.6, -10, -12
1281.7, -10, -12
1281.8, -10, -12
1281.9, -10, -12
1282, -10, -12
1282.1, -10, -12
1282.2, -10, -12
1282.3, -10, -12
1282.4, -10, -12
1282.5, -9, -12
1282.6, -9, -12
1282.7, -9, -12
1282.8, -9, -12
1282.9, -9, -13
1283, -9, -13
1283.1, -9, -13
1283.2, -9, -13
1283.3, -9, -14
1283.4, -9, -14
1283.5, -9, -14
1283.6, -9, -14
1283.7, -9, -14
1283.8, -9, -14
1283.9, -9, -14
1284, -9, -14
1284.1, -9, -14
1284.2, -9, -14
1284.3, -9, -14
1284.4, -9, -14
1284.5, -9, -13
1284.6, -9, -13
1284.7, -9, -13
1284.8, -9, -13
1284.9, -9, -13
1285, -9, -13
1285.1, -9, -13
1285.2, -9, -13
1285.3, -9, -13
1285.4, -9, -13
1285.5, -9, -14
1285.6, -9, -14
1285.7, -9, -14
1285.8, -9, -14
1285.9, -9, -14
1286, -9, -14
1286.1, -9, -14
1286.2, -9, -14
1286.3, -9, -14
1286.4, -9, -14
1286.5, -9, -14
1286.6, -9, -14
1286.7, -9, -14
1286.8, -9, -14
1286.9, -9, -14
1287, -9, -14
1287.1, -10, -14
1287.2, -10, -14
1287.3, -10, -14
1287.4, -10, -14
1287.5, -10, -13
1287.6, -10, -13
1287.7, -10, -13
1287.8, -10, -13
1287.9, -10, -13
1288, -10, -13
1288.1, -10, -13
1288.2, -10, -13
1288.3, -10, -13
1288.4, -10, -13
1288.5, -10, -14
1288.6, -10, -14
1288.7, -10, -14
1288.8, -10, -14
1288.9, -10, -14
1289, -10, -14
1289.1, -10, -14
1289.2, -10, -14
1289.3, -10, -14
1289.4, -10, -14
1289.5, -10, -14
1289.6, -10, -14
1289.7, -10, -14
1289.8, -10, -14
1289.9, -10, -14
1290, -10, -14
1290.1, -10, -14
1290.2, -10, -14
1290.3, -10, -14
1290.4, -10, -14
1290.5, -10, -14
1290.6, -10, -14
1290.7, -10, -14
1290.8, -10, -14
1290.9, -10, -14
1291, -10, -14
1291.1, -10, -14
1291.2, -10, -14
1291.3, -10, -14
1291.4, -10, -14
1291.5, -10, -14
1291.6, -10, -14
1291.7, -10, -14
1291.8, -10, -14
1291.9, -11, -14
1292, -11, -14
1292.1, -12, -14
1292.2, -12, -14
1292.3, -12, -14
1292.4, -12, -14
1292.5, -12, -14
1292.6, -12, -14
1292.7, -12, -14
1292.8, -12, -14
1292.9, -12, -14
1293, -12, -14
1293.1, -12, -14
1293.2, -12, -14
1293.3, -12, -14
1293.4, -12, -14
1293.5, -12, -14
1293.6, -12, -14
1293.7, -12, -14
1293.8, -12, -14
1293.9, -12, -14
1294, -12, -14
1294.1, -12, -14
1294.2, -12, -14
1294.3, -12, -14
1294.4, -12, -14
1294.5, -12, -14
1294.6, -12, -14
1294.7, -12, -14
1294.8, -12, -14
1294.9, -12, -14
1295, -12, -14
1295.1, -13, -14
1295.2, -13, -14
1295.3, -13, -14
1295.4, -13, -14
1295.5, -13, -14
1295.6, -13, -14
1295.7, -13, -14
1295.8, -13, -14
1295.9, -13, -14
1296, -13, -14
1296.1, -13, -14
1296.2, -13, -14
1296.3, -13, -14
1296.4, -13, -14
1296.5, -12, -14
1296.6, -12, -14
1296.7, -12, -14
1296.8, -12, -14
1296.9, -12, -15
1297, -12, -15
1297.1, -12, -15
1297.2, -12, -15
1297.3, -12, -15
1297.4, -12, -15
1297.5, -12, -15
1297.6, -12, -15
1297.7, -12, -15
1297.8, -12, -15
1297.9, -12, -15
1298, -12, -15
1298.1, -12, -15
1298.2, -12, -15
1298.3, -12, -15
1298.4, -12, -15
1298.5, -12, -15
1298.6, -12, -15
1298.7, -12, -15
1298.8, -12, -15
1298.9, -12, -15
1299, -12, -15
1299.1, -12, -15
1299.2, -12, -15
1299.3, -12, -15
1299.4, -12, -15
1299.5, -12, -15
1299.6, -12, -15
1299.7, -12, -15
1299.8, -12, -15
1299.9, -12, -15
1300, -12, -15
1300.1, -12, -15
1300.2, -12, -15
1300.3, -12, -15
1300.4, -12, -15
1300.5, -12, -15
1300.6, -12, -15
1300.7, -12, -15
1300.8, -12, -15
1300.9, -13, -15
1301, -13, -15
1301.1, -13, -15
1301.2, -13, -15
1301.3, -13, -15
1301.4, -13, -15
1301.5, -14, -15
1301.6, -14, -15
1301.7, -14, -15
1301.8, -14, -15
1301.9, -14, -15
1302, -14, -15
1302.1, -14, -15
1302.2, -14, -15
1302.3, -14, -15
1302.4, -14, -15
1302.5, -14, -15
1302.6, -14, -15
1302.7, -14, -15
1302.8, -14, -15
1302.9, -14, -15
1303, -14, -15
1303.1, -14, -15
1303.2, -14, -15
1303.3, -14, -15
1303.4, -14, -15
1303.5, -14, -15
1303.6, -14, -15
1303.7, -14, -15
1303.8, -14, -15
1303.9, -14, -15
1304, -14, -15
1304.1, -14, -15
1304.2, -14, -15
1304.3, -14, -15
1304.4, -14, -15
1304.5, -14, -15
1304.6, -14, -15
1304.7, -14, -15
1304.8, -14, -15
1304.9, -14, -15
1305, -14, -15
1305.1, -14, -15
1305.2, -14, -15
1305.3, -14, -15
1305.4, -14, -15
1305.5, -14, -15
1305.6, -14, -15
1305.7, -14, -15
1305.8, -14, -15
1305.9, -14, -14
1306, -14, -14
1306.1, -15, -14
1306.2, -15, -14
1306.3, -15, -14
1306.4, -15, -14
1306.5, -15, -14
1306.6, -15, -14
1306.7, -15, -14
1306.8, -15, -14
1306.9, -15, -14
1307, -15, -14
1307.1, -15, -14
1307.2, -15, -14
1307.3, -15, -14
1307.4, -15, -14
1307.5, -15, -14
1307.6, -15, -14
1307.7, -15, -13
1307.8, -15, -13
1307.9, -15, -13
1308, -15, -13
1308.1, -15, -13
1308.2, -15, -13
1308.3, -15, -13
1308.4, -15, -13
1308.5, -15, -13
1308.6, -15, -13
1308.7, -15, -13
1308.8, -15, -13
1308.9, -15, -13
1309, -15, -13
1309.1, -15, -13
1309.2, -15, -13
1309.3, -15, -13
1309.4, -15, -13
1309.5, -15, -13
1309.6, -15, -13
1309.7, -15, -13
1309.8, -15, -13
1309.9, -15, -13
1310, -15, -13
1310.1, -15, -13
1310.2, -15, -13
1310.3, -15, -13
1310.4, -15, -13
1310.5, -15, -13
1310.6, -15, -13
1310.7, -15, -13
1310.8, -15, -13
1310.9, -15, -13
1311, -15, -13
1311.1, -15, -13
1311.2, -15, -13
1311.3, -14, -13
1311.4, -14, -13
1311.5, -14, -14
1311.6, -14, -14
1311.7, -14, -14
1311.8, -14, -14
1311.9, -14, -14
1312, -14, -14
1312.1, -14, -14
1312.2, -14, -14
1312.3, -14, -14
1312.4, -14, -14
1312.5, -14, -14
1312.6, -14, -14
1312.7, -14, -14
1312.8, -14, -14
1312.9, -14, -14
1313, -14, -14
1313.1, -14, -14
1313.2, -14, -14
1313.3, -14, -14
1313.4, -14, -14
1313.5, -14, -14
1313.6, -14, -14
1313.7, -14, -14
1313.8, -14, -14
1313.9, -14, -14
1314, -14, -14
1314.1, -14, -14
1314.2, -14, -14
1314.3, -14, -14
1314.4, -14, -14
1314.5, -14, -14
1314.6, -14, -14
1314.7, -14, -13
1314.8, -14, -13
1314.9, -14, -13
1315, -14, -13
1315.1, -14, -13
1315.2, -14, -13
1315.3, -14, -12
1315.4, -14, -12
1315.5, -14, -12
1315.6, -14, -12
1315.7, -14, -12
1315.8, -14, -12
1315.9, -14, -12
1316, -14, -12
1316.1, -14, -12
1316.2, -14, -12
1316.3, -14, -12
1316.4, -14, -12
1316.5, -14, -12
1316.6, -14, -12
1316.7, -14, -12
1316.8, -14, -12
1316.9, -14, -12
1317, -14, -12
1317.1, -14, -12
1317.2, -14, -12
1317.3, -14, -12
1317.4, -14, -12
1317.5, -14, -12
1317.6, -14, -12
1317.7, -14, -12
1317.8, -14, -12
1317.9, -13, -12
1318, -13, -12
1318.1, -13, -12
1318.2, -13, -12
1318.3, -13, -12
1318.4, -13, -12
1318.5, -14, -12
1318.6, -14, -12
1318.7, -14, -12
1318.8, -14, -12
1318.9, -14, -12
1319, -14, -12
1319.1, -14, -12
1319.2, -14, -12
1319.3, -14, -12
1319.4, -14, -12
1319.5, -14, -12
1319.6, -14, -12
1319.7, -14, -12
1319.8, -14, -12
1319.9, -14, -12
1320, -14, -12
1320.1, -14, -12
1320.2, -14, -12
1320.3, -14, -12
1320.4, -14, -12
1320.5, -14, -12
1320.6, -14, -12
1320.7, -14, -12
1320.8, -14, -12
1320.9, -14, -12
1321, -14, -12
1321.1, -14, -12
1321.2, -14, -12
1321.3, -14, -12
1321.4, -14, -12
1321.5, -14, -12
1321.6, -14, -12
1321.7, -14, -12
1321.8, -14, -12
1321.9, -14, -12
1322, -14, -12
1322.1, -14, -12
1322.2, -14, -12
1322.3, -14, -12
1322.4, -14, -12
1322.5, -14, -12
1322.6, -14, -12
1322.7, -14, -12
1322.8, -14, -12
1322.9, -14, -12
1323, -14, -12
1323.1, -14, -12
1323.2, -14, -12
1323.3, -14, -12
1323.4, -14, -12
1323.5, -14, -12
1323.6, -14, -12
1323.7, -14, -12
1323.8, -14, -12
1323.9, -14, -12
1324, -14, -12
1324.1, -14, -12
1324.2, -14, -12
1324.3, -14, -12
1324.4, -14, -12
1324.5, -14, -12
1324.6, -14, -12
1324.7, -14, -11
1324.8, -14, -11
1324.9, -14, -11
1325, -14, -11
1325.1, -14, -11
1325.2, -14, -11
1325.3, -14, -10
1325.4, -14, -10
1325.5, -14, -10
1325.6, -14, -10
1325.7, -14, -10
1325.8, -14, -10
1325.9, -14, -10
1326, -14, -10
1326.1, -14, -10
1326.2, -14, -10
1326.3, -14, -10
1326.4, -14, -10
1326.5, -14, -10
1326.6, -14, -10
1326.7, -14, -10
1326.8, -14, -10
1326.9, -14, -10
1327, -14, -10
1327.1, -14, -10
1327.2, -14, -10
1327.3, -14, -10
1327.4, -14, -10
1327.5, -14, -9
1327.6, -14, -9
1327.7, -14, -9
1327.8, -14, -9
1327.9, -14, -9
1328, -14, -9
1328.1, -14, -9
1328.2, -14, -9
1328.3, -14, -9
1328.4, -14, -9
1328.5, -14, -9
1328.6, -14, -9
1328.7, -14, -9
1328.8, -14, -9
1328.9, -14, -9
1329, -14, -9
1329.1, -14, -9
1329.2, -14, -9
1329.3, -14, -9
1329.4, -14, -9
1329.5, -14, -9
1329.6, -14, -9
1329.7, -14, -9
1329.8, -14, -9
1329.9, -14, -9
1330, -14, -9
1330.1, -14, -9
1330.2, -14, -9
1330.3, -14, -9
1330.4, -14, -9
1330.5, -14, -9
1330.6, -14, -9
1330.7, -13, -9
1330.8, -13, -9
1330.9, -13, -9
1331, -13, -9
1331.1, -13, -9
1331.2, -13, -9
1331.3, -13, -9
1331.4, -13, -9
1331.5, -13, -9
1331.6, -13, -9
1331.7, -13, -9
1331.8, -13, -9
1331.9, -13, -9
1332, -13, -9
1332.1, -13, -9
1332.2, -13, -9
1332.3, -12, -9
1332.4, -12, -9
1332.5, -12, -9
1332.6, -12, -9
1332.7, -12, -9
1332.8, -12, -9
1332.9, -12, -9
1333, -12, -9
1333.1, -12, -9
1333.2, -12, -9
1333.3, -12, -9
1333.4, -12, -9
1333.5, -12, -9
1333.6, -12, -9
1333.7, -12, -9
1333.8, -12, -9
1333.9, -12, -9
1334, -12, -9
1334.1, -12, -9
1334.2, -12, -9
1334.3, -12, -9
1334.4, -12, -9
1334.5, -12, -9
1334.6, -12, -9
1334.7, -12, -9
1334.8, -12, -9
1334.9, -12, -10
1335, -12, -10
1335.1, -13, -10
1335.2, -13, -10
1335.3, -13, -10
1335.4, -13, -10
1335.5, -13, -10
1335.6, -13, -10
1335.7, -13, -10
1335.8, -13, -10
1335.9, -13, -10
1336, -13, -10
1336.1, -13, -10
1336.2, -13, -10
1336.3, -13, -10
1336.4, -13, -10
1336.5, -13, -10
1336.6, -13, -10
1336.7, -13, -10
1336.8, -13, -10
1336.9, -13, -10
1337, -13, -10
1337.1, -13, -10
1337.2, -13, -10
1337.3, -13, -10
1337.4, -13, -10
1337.5, -13, -10
1337.6, -13, -10
1337.7, -13, -10
1337.8, -13, -10
1337.9, -13, -10
1338, -13, -10
1338.1, -13, -10
1338.2, -13, -10
1338.3, -13, -10
1338.4, -13, -10
1338.5, -13, -10
1338.6, -13, -10
1338.7, -13, -10
1338.8, -13, -10
1338.9, -13, -10
1339, -13, -10
1339.1, -12, -10
1339.2, -12, -10
1339.3, -12, -10
1339.4, -12, -10
1339.5, -12, -10
1339.6, -12, -10
1339.7, -12, -10
1339.8, -12, -10
1339.9, -12, -10
1340, -12, -10
1340.1, -12, -10
1340.2, -12, -10
1340.3, -12, -10
1340.4, -12, -10
1340.5, -12, -10
1340.6, -12, -10
1340.7, -12, -10
1340.8, -12, -10
1340.9, -12, -9
1341, -12, -9
1341.1, -12, -9
1341.2, -12, -9
1341.3, -12, -9
1341.4, -12, -9
1341.5, -12, -9
1341.6, -12, -9
1341.7, -12, -9
1341.8, -12, -9
1341.9, -12, -9
1342, -12, -9
1342.1, -13, -9
1342.2, -13, -9
1342.3, -13, -9
1342.4, -13, -9
1342.5, -13, -9
1342.6, -13, -9
1342.7, -13, -9
1342.8, -13, -9
1342.9, -13, -9
1343, -13, -9
1343.1, -13, -9
1343.2, -13, -9
1343.3, -13, -9
1343.4, -13, -9
1343.5, -13, -9
1343.6, -13, -9
1343.7, -13, -9
1343.8, -13, -9
1343.9, -13, -9
1344, -13, -9
1344.1, -13, -9
1344.2, -13, -9
1344.3, -13, -9
1344.4, -13, -9
1344.5, -13, -9
1344.6, -13, -9
1344.7, -13, -9
1344.8, -13, -9
1344.9, -13, -9
1345, -13, -9
1345.1, -13, -9
1345.2, -13, -9
1345.3, -13, -9
1345.4, -13, -9
1345.5, -13, -9
1345.6, -13, -9
1345.7, -13, -9
1345.8, -13, -9
1345.9, -13, -8
1346, -13, -8
1346.1, -13, -8
1346.2, -13, -8
1346.3, -13, -8
1346.4, -13, -8
1346.5, -13, -8
1346.6, -13, -8
1346.7, -13, -8
1346.8, -13, -8
1346.9, -13, -8
1347, -13, -8
1347.1, -13, -8
1347.2, -13, -8
1347.3, -13, -8
1347.4, -13, -8
1347.5, -13, -8
1347.6, -13, -8
1347.7, -13, -8
1347.8, -13, -8
1347.9, -13, -8
1348, -13, -8
1348.1, -13, -8
1348.2, -13, -8
1348.3, -12, -8
1348.4, -12, -8
1348.5, -12, -8
1348.6, -12, -8
1348.7, -12, -8
1348.8, -12, -8
1348.9, -12, -8
1349, -12, -8
1349.1, -12, -8
1349.2, -12, -8
1349.3, -12, -8
1349.4, -12, -8
1349.5, -12, -8
1349.6, -12, -8
1349.7, -12, -8
1349.8, -12, -8
1349.9, -12, -8
1350, -12, -8
1350.1, -12, -8
1350.2, -12, -8
1350.3, -12, -8
1350.4, -12, -8
1350.5, -12, -8
1350.6, -12, -8
1350.7, -12, -8
1350.8, -12, -8
1350.9, -12, -8
1351, -12, -8
1351.1, -12, -8
1351.2, -12, -8
1351.3, -12, -8
1351.4, -12, -8
1351.5, -12, -8
1351.6, -12, -8
1351.7, -12, -8
1351.8, -12, -8
1351.9, -12, -8
1352, -12, -8
1352.1, -12, -8
1352.2, -12, -8
1352.3, -12, -8
1352.4, -12, -8
1352.5, -12, -8
1352.6, -12, -8
1352.7, -12, -8
1352.8, -12, -8
1352.9, -12, -8
1353, -12, -8
1353.1, -12, -8
1353.2, -12, -8
1353.3, -12, -8
1353.4, -12, -8
1353.5, -12, -8
1353.6, -12, -8
1353.7, -12, -8
1353.8, -12, -8
1353.9, -12, -8
1354, -12, -8
1354.1, -12, -8
1354.2, -12, -8
1354.3, -12, -7
1354.4, -12, -7
1354.5, -12, -7
1354.6, -12, -7
1354.7, -12, -7
1354.8, -12, -7
1354.9, -12, -7
1355, -12, -7
1355.1, -12, -7
1355.2, -12, -7
1355.3, -12, -7
1355.4, -12, -7
1355.5, -13, -7
1355.6, -13, -7
1355.7, -13, -7
1355.8, -13, -7
1355.9, -13, -7
1356, -13, -7
1356.1, -13, -7
1356.2, -13, -7
1356.3, -13, -7
1356.4, -13, -7
1356.5, -13, -7
1356.6, -13, -7
1356.7, -13, -7
1356.8, -13, -7
1356.9, -13, -7
1357, -13, -7
1357.1, -13, -7
1357.2, -13, -7
1357.3, -13, -7
1357.4, -13, -7
1357.5, -13, -7
1357.6, -13, -7
1357.7, -13, -7
1357.8, -13, -7
1357.9, -13, -6
1358, -13, -6
1358.1, -13, -6
1358.2, -13, -6
1358.3, -14, -6
1358.4, -14, -6
1358.5, -14, -6
1358.6, -14, -6
1358.7, -14, -6
1358.8, -14, -6
1358.9, -14, -6
1359, -14, -6
1359.1, -14, -6
1359.2, -14, -6
1359.3, -14, -6
1359.4, -14, -6
1359.5, -14, -6
1359.6, -14, -6
1359.7, -14, -6
1359.8, -14, -6
1359.9, -14, -6
1360, -14, -6
1360.1, -14, -6
1360.2, -14, -6
1360.3, -14, -6
1360.4, -14, -6
1360.5, -14, -6
1360.6, -14, -6
1360.7, -14, -6
1360.8, -14, -6
1360.9, -13, -6
1361, -13, -6
1361.1, -13, -6
1361.2, -13, -6
1361.3, -13, -6
1361.4, -13, -6
1361.5, -13, -6
1361.6, -13, -6
1361.7, -13, -6
1361.8, -13, -6
1361.9, -13, -6
1362, -13, -6
1362.1, -12, -6
1362.2, -12, -6
1362.3, -12, -6
1362.4, -12, -6
1362.5, -11, -6
1362.6, -11, -6
1362.7, -11, -6
1362.8, -11, -6
1362.9, -11, -6
1363, -11, -6
1363.1, -11, -6
1363.2, -11, -6
1363.3, -11, -5
1363.4, -11, -5
1363.5, -11, -5
1363.6, -11, -5
1363.7, -11, -5
1363.8, -11, -5
1363.9, -11, -5
1364, -11, -5
1364.1, -11, -5
1364.2, -11, -5
1364.3, -11, -5
1364.4, -11, -5
1364.5, -11, -5
1364.6, -11, -5
1364.7, -11, -5
1364.8, -11, -5
1364.9, -11, -5
1365, -11, -5
1365.1, -11, -5
1365.2, -11, -5
1365.3, -11, -5
1365.4, -11, -5
1365.5, -11, -5
1365.6, -11, -5
1365.7, -11, -5
1365.8, -11, -5
1365.9, -11, -5
1366, -11, -5
1366.1, -11, -5
1366.2, -11, -5
1366.3, -11, -5
1366.4, -11, -5
1366.5, -11, -5
1366.6, -11, -5
1366.7, -11, -5
1366.8, -11, -5
1366.9, -11, -5
1367, -11, -5
1367.1, -11, -6
1367.2, -11, -6
1367.3, -11, -6
1367.4, -11, -6
1367.5, -11, -6
1367.6, -11, -6
1367.7, -11, -6
1367.8, -11, -6
1367.9, -11, -6
1368, -11, -6
1368.1, -11, -6
1368.2, -11, -6
1368.3, -11, -6
1368.4, -11, -6
1368.5, -11, -6
1368.6, -11, -6
1368.7, -11, -6
1368.8, -11, -6
1368.9, -11, -6
1369, -11, -6
1369.1, -11, -6
1369.2, -11, -6
1369.3, -11, -6
1369.4, -11, -6
1369.5, -11, -6
1369.6, -11, -6
1369.7, -11, -6
1369.8, -11, -6
1369.9, -11, -6
1370, -11, -6
1370.1, -11, -6
1370.2, -11, -6
1370.3, -11, -6
1370.4, -11, -6
1370.5, -11, -6
1370.6, -11, -6
1370.7, -11, -6
1370.8, -11, -6
1370.9, -11, -6
1371, -11, -6
1371.1, -11, -6
1371.2, -11, -6
1371.3, -11, -6
1371.4, -11, -6
1371.5, -11, -6
1371.6, -11, -6
1371.7, -11, -6
1371.8, -11, -6
1371.9, -11, -6
1372, -11, -6
1372.1, -12, -6
1372.2, -12, -6
1372.3, -12, -6
1372.4, -12, -6
1372.5, -12, -6
1372.6, -12, -6
1372.7, -12, -6
1372.8, -12, -6
1372.9, -12, -6
1373, -12, -6
1373.1, -12, -6
1373.2, -12, -6
1373.3, -12, -6
1373.4, -12, -6
1373.5, -12, -6
1373.6, -12, -6
1373.7, -12, -6
1373.8, -12, -6
1373.9, -12, -6
1374, -12, -6
1374.1, -12, -6
1374.2, -12, -6
1374.3, -12, -6
1374.4, -12, -6
1374.5, -12, -6
1374.6, -12, -6
1374.7, -11, -6
1374.8, -11, -6
1374.9, -11, -6
1375, -11, -6
1375.1, -11, -6
1375.2, -11, -6
1375.3, -11, -6
1375.4, -11, -6
1375.5, -11, -6
1375.6, -11, -6
1375.7, -11, -6
1375.8, -11, -6
1375.9, -11, -6
1376, -11, -6
1376.1, -10, -6
1376.2, -10, -6
1376.3, -10, -7
1376.4, -10, -7
1376.5, -10, -7
1376.6, -10, -7
1376.7, -9, -7
1376.8, -9, -7
1376.9, -9, -7
1377, -9, -7
1377.1, -9, -7
1377.2, -9, -7
1377.3, -9, -7
1377.4, -9, -7
1377.5, -9, -7
1377.6, -9, -7
1377.7, -9, -7
1377.8, -9, -7
1377.9, -9, -7
1378, -9, -7
1378.1, -9, -7
1378.2, -9, -7
1378.3, -9, -7
1378.4, -9, -7
1378.5, -9, -7
1378.6, -9, -7
1378.7, -9, -7
1378.8, -9, -7
1378.9, -9, -7
1379, -9, -7
1379.1, -9, -7
1379.2, -9, -7
1379.3, -9, -7
1379.4, -9, -7
1379.5, -9, -6
1379.6, -9, -6
1379.7, -9, -6
1379.8, -9, -6
1379.9, -9, -6
1380, -9, -6
1380.1, -8, -6
1380.2, -8, -6
1380.3, -8, -6
1380.4, -8, -6
1380.5, -8, -6
1380.6, -8, -6
1380.7, -8, -6
1380.8, -8, -6
1380.9, -8, -6
1381, -8, -6
1381.1, -8, -6
1381.2, -8, -6
1381.3, -8, -6
1381.4, -8, -6
1381.5, -8, -6
1381.6, -8, -6
1381.7, -8, -6
1381.8, -8, -6
1381.9, -8, -6
1382, -8, -6
1382.1, -8, -6
1382.2, -8, -6
1382.3, -8, -6
1382.4, -8, -6
1382.5, -8, -6
1382.6, -8, -6
1382.7, -8, -6
1382.8, -8, -6
1382.9, -8, -6
1383, -8, -6
1383.1, -8, -7
1383.2, -8, -7
1383.3, -8, -7
1383.4, -8, -7
1383.5, -8, -7
1383.6, -8, -7
1383.7, -7, -7
1383.8, -7, -7
1383.9, -7, -7
1384, -7, -7
1384.1, -7, -7
1384.2, -7, -7
1384.3, -6, -7
1384.4, -6, -7
1384.5, -6, -7
1384.6, -6, -7
1384.7, -6, -7
1384.8, -6, -7
1384.9, -6, -7
1385, -6, -7
1385.1, -6, -7
1385.2, -6, -7
1385.3, -6, -7
1385.4, -6, -7
1385.5, -6, -7
1385.6, -6, -7
1385.7, -6, -7
1385.8, -6, -7
1385.9, -6, -7
1386, -6, -7
1386.1, -6, -7
1386.2, -6, -7
1386.3, -6, -7
1386.4, -6, -7
1386.5, -6, -7
1386.6, -6, -7
1386.7, -6, -7
1386.8, -6, -7
1386.9, -6, -7
1387, -6, -7
1387.1, -6, -7
1387.2, -6, -7
1387.3, -6, -7
1387.4, -6, -7
1387.5, -6, -7
1387.6, -6, -7
1387.7, -6, -7
1387.8, -6, -7
1387.9, -6, -7
1388, -6, -7
1388.1, -6, -7
1388.2, -6, -7
1388.3, -6, -7
1388.4, -6, -7
1388.5, -6, -7
1388.6, -6, -7
1388.7, -6, -7
1388.8, -6, -7
1388.9, -6, -7
1389, -6, -7
1389.1, -6, -7
1389.2, -6, -7
1389.3, -6, -7
1389.4, -6, -7
1389.5, -6, -7
1389.6, -6, -7
1389.7, -6, -7
1389.8, -6, -7
1389.9, -6, -8
1390, -6, -8
1390.1, -6, -8
1390.2, -6, -8
1390.3, -6, -8
1390.4, -6, -8
1390.5, -6, -8
1390.6, -6, -8
1390.7, -6, -8
1390.8, -6, -8
1390.9, -6, -8
1391, -6, -8
1391.1, -6, -8
1391.2, -6, -8
1391.3, -6, -8
1391.4, -6, -8
1391.5, -6, -8
1391.6, -6, -8
1391.7, -6, -8
1391.8, -6, -8
1391.9, -6, -8
1392, -6, -8
1392.1, -6, -8
1392.2, -6, -8
1392.3, -6, -8
1392.4, -6, -8
1392.5, -6, -8
1392.6, -6, -8
1392.7, -6, -8
1392.8, -6, -8
1392.9, -6, -8
1393, -6, -8
1393.1, -6, -8
1393.2, -6, -8
1393.3, -6, -8
1393.4, -6, -8
1393.5, -6, -8
1393.6, -6, -8
1393.7, -6, -8
1393.8, -6, -8
1393.9, -6, -8
1394, -6, -8
1394.1, -6, -8
1394.2, -6, -8
1394.3, -6, -8
1394.4, -6, -8
1394.5, -6, -8
1394.6, -6, -8
1394.7, -6, -8
1394.8, -6, -8
1394.9, -6, -8
1395, -6, -8
1395.1, -6, -8
1395.2, -6, -8
1395.3, -6, -8
1395.4, -6, -8
1395.5, -6, -8
1395.6, -6, -8
1395.7, -6, -8
1395.8, -6, -8
1395.9, -6, -8
1396, -6, -8
1396.1, -6, -8
1396.2, -6, -8
1396.3, -6, -8
1396.4, -6, -8
1396.5, -6, -8
1396.6, -6, -8
1396.7, -6, -8
1396.8, -6, -8
1396.9, -6, -9
1397, -6, -9
1397.1, -6, -9
1397.2, -6, -9
1397.3, -6, -10
1397.4, -6, -10
1397.5, -6, -10
1397.6, -6, -10
1397.7, -6, -10
1397.8, -6, -10
1397.9, -6, -10
1398, -6, -10
1398.1, -6, -10
1398.2, -6, -10
1398.3, -6, -10
1398.4, -6, -10
1398.5, -6, -10
1398.6, -6, -10
1398.7, -6, -10
1398.8, -6, -10
1398.9, -6, -10
1399, -6, -10
1399.1, -6, -10
1399.2, -6, -10
1399.3, -6, -10
1399.4, -6, -10
1399.5, -6, -10
1399.6, -6, -10
1399.7, -6, -10
1399.8, -6, -10
1399.9, -6, -10
1400, -6, -10
1400.1, -6, -10
1400.2, -6, -10
1400.3, -6, -10
1400.4, -6, -10
1400.5, -6, -10
1400.6, -6, -10
1400.7, -6, -10
1400.8, -6, -10
1400.9, -6, -10
1401, -6, -10
1401.1, -6, -10
1401.2, -6, -10
1401.3, -6, -10
1401.4, -6, -10
1401.5, -6, -10
1401.6, -6, -10
1401.7, -6, -9
1401.8, -6, -9
1401.9, -6, -9
1402, -6, -9
1402.1, -6, -9
1402.2, -6, -9
1402.3, -6, -9
1402.4, -6, -9
1402.5, -5, -9
1402.6, -5, -9
1402.7, -5, -9
1402.8, -5, -9
1402.9, -5, -9
1403, -5, -9
1403.1, -5, -9
1403.2, -5, -9
1403.3, -5, -9
1403.4, -5, -9
1403.5, -5, -9
1403.6, -5, -9
1403.7, -5, -9
1403.8, -5, -9
1403.9, -5, -9
1404, -5, -9
1404.1, -5, -9
1404.2, -5, -9
1404.3, -5, -9
1404.4, -5, -9
1404.5, -5, -9
1404.6, -5, -9
1404.7, -4, -9
1404.8, -4, -9
1404.9, -4, -9
1405, -4, -9
1405.1, -4, -9
1405.2, -4, -9
1405.3, -4, -9
1405.4, -4, -9
1405.5, -4, -9
1405.6, -4, -9
1405.7, -4, -9
1405.8, -4, -9
1405.9, -4, -9
1406, -4, -9
1406.1, -4, -9
1406.2, -4, -9
1406.3, -4, -9
1406.4, -4, -9
1406.5, -4, -9
1406.6, -4, -9
1406.7, -4, -10
1406.8, -4, -10
1406.9, -4, -10
1407, -4, -10
1407.1, -4, -10
1407.2, -4, -10
1407.3, -4, -10
1407.4, -4, -10
1407.5, -4, -10
1407.6, -4, -10
1407.7, -4, -11
1407.8, -4, -11
1407.9, -4, -11
1408, -4, -11
1408.1, -4, -11
1408.2, -4, -11
1408.3, -4, -11
1408.4, -4, -11
1408.5, -4, -11
1408.6, -4, -11
1408.7, -4, -11
1408.8, -4, -11
1408.9, -4, -11
1409, -4, -11
1409.1, -4, -11
1409.2, -4, -11
1409.3, -4, -11
1409.4, -4, -11
1409.5, -4, -11
1409.6, -4, -11
1409.7, -4, -11
1409.8, -4, -11
1409.9, -4, -11
1410, -4, -11
1410.1, -4, -11
1410.2, -4, -11
1410.3, -4, -11
1410.4, -4, -11
1410.5, -4, -11
1410.6, -4, -11
1410.7, -4, -11
1410.8, -4, -11
1410.9, -4, -12
1411, -4, -12
1411.1, -4, -12
1411.2, -4, -12
1411.3, -4, -12
1411.4, -4, -12
1411.5, -4, -12
1411.6, -4, -12
1411.7, -4, -12
1411.8, -4, -12
1411.9, -4, -12
1412, -4, -12
1412.1, -4, -12
1412.2, -4, -12
1412.3, -4, -12
1412.4, -4, -12
1412.5, -5, -12
1412.6, -5, -12
1412.7, -5, -12
1412.8, -5, -12
1412.9, -5, -12
1413, -5, -12
1413.1, -5, -12
1413.2, -5, -12
1413.3, -5, -12
1413.4, -5, -12
1413.5, -5, -12
1413.6, -5, -12
1413.7, -5, -12
1413.8, -5, -12
1413.9, -5, -12
1414, -5, -12
1414.1, -5, -12
1414.2, -5, -12
1414.3, -5, -12
1414.4, -5, -12
1414.5, -5, -12
1414.6, -5, -12
1414.7, -5, -12
1414.8, -5, -12
1414.9, -5, -12
1415, -5, -12
1415.1, -5, -12
1415.2, -5, -12
1415.3, -5, -12
1415.4, -5, -12
1415.5, -5, -12
1415.6, -5, -12
1415.7, -5, -12
1415.8, -5, -12
1415.9, -5, -12
1416, -5, -12
1416.1, -5, -12
1416.2, -5, -12
1416.3, -5, -11
1416.4, -5, -11
1416.5, -5, -11
1416.6, -5, -11
1416.7, -5, -11
1416.8, -5, -11
1416.9, -5, -11
1417, -5, -11
1417.1, -5, -11
1417.2, -5, -11
1417.3, -5, -11
1417.4, -5, -11
1417.5, -5, -11
1417.6, -5, -11
1417.7, -5, -11
1417.8, -5, -11
1417.9, -5, -10
1418, -5, -10
1418.1, -5, -10
1418.2, -5, -10
1418.3, -5, -10
1418.4, -5, -10
1418.5, -5, -10
1418.6, -5, -10
1418.7, -5, -10
1418.8, -5, -10
1418.9, -5, -10
1419, -5, -10
1419.1, -5, -10
1419.2, -5, -10
1419.3, -5, -10
1419.4, -5, -10
1419.5, -5, -10
1419.6, -5, -10
1419.7, -5, -10
1419.8, -5, -10
1419.9, -5, -10
1420, -5, -10
1420.1, -5, -10
1420.2, -5, -10
1420.3, -5, -10
1420.4, -5, -10
1420.5, -5, -10
1420.6, -5, -10
1420.7, -5, -10
1420.8, -5, -10
1420.9, -5, -10
1421, -5, -10
1421.1, -5, -10
1421.2, -5, -10
1421.3, -5, -10
1421.4, -5, -10
1421.5, -5, -10
1421.6, -5, -10
1421.7, -5, -10
1421.8, -5, -10
1421.9, -5, -9
1422, -5, -9
1422.1, -5, -9
1422.2, -5, -9
1422.3, -5, -9
1422.4, -5, -9
1422.5, -5, -9
1422.6, -5, -9
1422.7, -5, -9
1422.8, -5, -9
1422.9, -5, -9
1423, -5, -9
1423.1, -5, -9
1423.2, -5, -9
1423.3, -5, -9
1423.4, -5, -9
1423.5, -5, -9
1423.6, -5, -9
1423.7, -5, -9
1423.8, -5, -9
1423.9, -5, -9
1424, -5, -9
1424.1, -5, -9
1424.2, -5, -9
1424.3, -5, -9
1424.4, -5, -9
1424.5, -5, -9
1424.6, -5, -9
1424.7, -5, -9
1424.8, -5, -9
1424.9, -5, -9
1425, -5, -9
1425.1, -6, -9
1425.2, -6, -9
1425.3, -6, -9
1425.4, -6, -9
1425.5, -6, -9
1425.6, -6, -9
1425.7, -6, -9
1425.8, -6, -9
1425.9, -6, -9
1426, -6, -9
1426.1, -6, -9
1426.2, -6, -9
1426.3, -6, -9
1426.4, -6, -9
1426.5, -6, -9
1426.6, -6, -9
1426.7, -6, -9
1426.8, -6, -9
1426.9, -6, -9
1427, -6, -9
1427.1, -6, -9
1427.2, -6, -9
1427.3, -6, -9
1427.4, -6, -9
1427.5, -6, -10
1427.6, -6, -10
1427.7, -6, -10
1427.8, -6, -10
1427.9, -6, -10
1428, -6, -10
1428.1, -6, -10
1428.2, -6, -10
1428.3, -6, -10
1428.4, -6, -10
1428.5, -6, -10
1428.6, -6, -10
1428.7, -6, -10
1428.8, -6, -10
1428.9, -6, -10
1429, -6, -10
1429.1, -6, -10
1429.2, -6, -10
1429.3, -6, -10
1429.4, -6, -10
1429.5, -6, -10
1429.6, -6, -10
1429.7, -6, -10
1429.8, -6, -10
1429.9, -6, -10
1430, -6, -10
1430.1, -6, -10
1430.2, -6, -10
1430.3, -6, -10
1430.4, -6, -10
1430.5, -6, -10
1430.6, -6, -10
1430.7, -6, -11
1430.8, -6, -11
1430.9, -6, -11
1431, -6, -11
1431.1, -6, -11
1431.2, -6, -11
1431.3, -6, -11
1431.4, -6, -11
1431.5, -7, -11
1431.6, -7, -11
1431.7, -7, -11
1431.8, -7, -11
1431.9, -7, -11
1432, -7, -11
1432.1, -7, -11
1432.2, -7, -11
1432.3, -7, -11
1432.4, -7, -11
1432.5, -7, -11
1432.6, -7, -11
1432.7, -7, -10
1432.8, -7, -10
1432.9, -7, -10
1433, -7, -10
1433.1, -7, -10
1433.2, -7, -10
1433.3, -7, -10
1433.4, -7, -10
1433.5, -7, -10
1433.6, -7, -10
1433.7, -7, -10
1433.8, -7, -10
1433.9, -7, -10
1434, -7, -10
1434.1, -8, -10
1434.2, -8, -10
1434.3, -8, -10
1434.4, -8, -10
1434.5, -8, -10
1434.6, -8, -10
1434.7, -8, -10
1434.8, -8, -10
1434.9, -7, -10
1435, -7, -10
1435.1, -7, -10
1435.2, -7, -10
1435.3, -6, -10
1435.4, -6, -10
1435.5, -6, -10
1435.6, -6, -10
1435.7, -6, -10
1435.8, -6, -10
1435.9, -6, -10
1436, -6, -10
1436.1, -6, -10
1436.2, -6, -10
1436.3, -6, -10
1436.4, -6, -10
1436.5, -6, -10
1436.6, -6, -10
1436.7, -6, -10
1436.8, -6, -10
1436.9, -6, -10
1437, -6, -10
1437.1, -6, -10
1437.2, -6, -10
1437.3, -6, -10
1437.4, -6, -10
1437.5, -6, -10
1437.6, -6, -10
1437.7, -6, -10
1437.8, -6, -10
1437.9, -6, -10
1438, -6, -10
1438.1, -6, -10
1438.2, -6, -10
1438.3, -6, -10
1438.4, -6, -10
1438.5, -6, -10
1438.6, -6, -10
1438.7, -6, -10
1438.8, -6, -10
1438.9, -6, -10
1439, -6, -10
1439.1, -6, -10
1439.2, -6, -10
1439.3, -6, -10
1439.4, -6, -10
1439.5, -6, -10
1439.6, -6, -10
1439.7, -6, -10
1439.8, -6, -10
1439.9, -6, -10
1440, -6, -10
1440.1, -6, -9
1440.2, -6, -9
1440.3, -6, -9
1440.4, -6, -9
1440.5, -6, -9
1440.6, -6, -9
1440.7, -6, -9
1440.8, -6, -9
1440.9, -6, -9
1441, -6, -9
1441.1, -6, -10
1441.2, -6, -10
1441.3, -6, -10
1441.4, -6, -10
1441.5, -6, -10
1441.6, -6, -10
1441.7, -6, -10
1441.8, -6, -10
1441.9, -6, -10
1442, -6, -10
1442.1, -6, -10
1442.2, -6, -10
1442.3, -6, -10
1442.4, -6, -10
1442.5, -6, -10
1442.6, -6, -10
1442.7, -6, -10
1442.8, -6, -10
1442.9, -6, -10
1443, -6, -10
1443.1, -6, -10
1443.2, -6, -10
1443.3, -5, -10
1443.4, -5, -10
1443.5, -5, -10
1443.6, -5, -10
1443.7, -5, -10
1443.8, -5, -10
1443.9, -5, -10
1444, -5, -10
1444.1, -4, -10
1444.2, -4, -10
1444.3, -4, -10
1444.4, -4, -10
1444.5, -4, -10
1444.6, -4, -10
1444.7, -4, -10
1444.8, -4, -10
1444.9, -4, -10
1445, -4, -10
1445.1, -4, -10
1445.2, -4, -10
1445.3, -4, -10
1445.4, -4, -10
1445.5, -4, -9
1445.6, -4, -9
1445.7, -4, -9
1445.8, -4, -9
1445.9, -4, -9
1446, -4, -9
1446.1, -4, -9
1446.2, -4, -9
1446.3, -4, -9
1446.4, -4, -9
1446.5, -4, -9
1446.6, -4, -9
1446.7, -4, -10
1446.8, -4, -10
1446.9, -4, -10
1447, -4, -10
1447.1, -4, -10
1447.2, -4, -10
1447.3, -5, -10
1447.4, -5, -10
1447.5, -5, -10
1447.6, -5, -10
1447.7, -5, -10
1447.8, -5, -10
1447.9, -4, -10
1448, -4, -10
1448.1, -4, -10
1448.2, -4, -10
1448.3, -4, -10
1448.4, -4, -10
1448.5, -4, -10
1448.6, -4, -10
1448.7, -4, -10
1448.8, -4, -10
1448.9, -4, -11
1449, -4, -11
1449.1, -4, -11
1449.2, -4, -11
1449.3, -4, -11
1449.4, -4, -11
1449.5, -4, -11
1449.6, -4, -11
1449.7, -4, -11
1449.8, -4, -11
1449.9, -3, -11
1450, -3, -11
1450.1, -3, -11
1450.2, -3, -11
1450.3, -3, -11
1450.4, -3, -11
1450.5, -3, -11
1450.6, -3, -11
1450.7, -3, -11
1450.8, -3, -11
1450.9, -3, -11
1451, -3, -11
1451.1, -3, -11
1451.2, -3, -11
1451.3, -3, -11
1451.4, -3, -11
1451.5, -3, -11
1451.6, -3, -11
1451.7, -3, -11
1451.8, -3, -11
1451.9, -3, -11
1452, -3, -11
1452.1, -3, -12
1452.2, -3, -12
1452.3, -3, -12
1452.4, -3, -12
1452.5, -3, -12
1452.6, -3, -12
1452.7, -3, -12
1452.8, -3, -12
1452.9, -3, -12
1453, -3, -12
1453.1, -3, -12
1453.2, -3, -12
1453.3, -3, -12
1453.4, -3, -12
1453.5, -3, -12
1453.6, -3, -12
1453.7, -3, -12
1453.8, -3, -12
1453.9, -3, -12
1454, -3, -12
1454.1, -3, -12
1454.2, -3, -12
1454.3, -3, -12
1454.4, -3, -12
1454.5, -3, -12
1454.6, -3, -12
1454.7, -3, -12
1454.8, -3, -12
1454.9, -3, -12
1455, -3, -12
1455.1, -3, -12
1455.2, -3, -12
1455.3, -3, -12
1455.4, -3, -12
1455.5, -3, -12
1455.6, -3, -12
1455.7, -3, -13
1455.8, -3, -13
1455.9, -3, -13
1456, -3, -13
1456.1, -3, -13
1456.2, -3, -13
1456.3, -3, -13
1456.4, -3, -13
1456.5, -3, -13
1456.6, -3, -13
1456.7, -3, -13
1456.8, -3, -13
1456.9, -3, -13
1457, -3, -13
1457.1, -3, -13
1457.2, -3, -13
1457.3, -4, -13
1457.4, -4, -13
1457.5, -4, -13
1457.6, -4, -13
1457.7, -4, -13
1457.8, -4, -13
1457.9, -4, -13
1458, -4, -13
1458.1, -4, -13
1458.2, -4, -13
1458.3, -4, -13
1458.4, -4, -13
1458.5, -4, -13
1458.6, -4, -13
1458.7, -4, -13
1458.8, -4, -13
1458.9, -4, -13
1459, -4, -13
1459.1, -4, -13
1459.2, -4, -13
1459.3, -4, -13
1459.4, -4, -13
1459.5, -5, -13
1459.6, -5, -13
1459.7, -5, -13
1459.8, -5, -13
1459.9, -5, -13
1460, -5, -13
1460.1, -5, -13
1460.2, -5, -13
1460.3, -5, -13
1460.4, -5, -13
1460.5, -5, -13
1460.6, -5, -13
1460.7, -5, -13
1460.8, -5, -13
1460.9, -5, -13
1461, -5, -13
1461.1, -5, -13
1461.2, -5, -13
1461.3, -5, -13
1461.4, -5, -13
1461.5, -5, -13
1461.6, -5, -13
1461.7, -5, -13
1461.8, -5, -13
1461.9, -5, -13
1462, -5, -13
1462.1, -5, -13
1462.2, -5, -13
1462.3, -5, -13
1462.4, -5, -13
1462.5, -5, -13
1462.6, -5, -13
1462.7, -5, -13
1462.8, -5, -13
1462.9, -5, -13
1463, -5, -13
1463.1, -5, -13
1463.2, -5, -13
1463.3, -5, -13
1463.4, -5, -13
1463.5, -5, -13
1463.6, -5, -13
1463.7, -5, -13
1463.8, -5, -13
1463.9, -5, -13
1464, -5, -13
1464.1, -5, -13
1464.2, -5, -13
1464.3, -5, -13
1464.4, -5, -13
1464.5, -5, -13
1464.6, -5, -13
1464.7, -5, -13
1464.8, -5, -13
1464.9, -5, -13
1465, -5, -13
1465.1, -5, -13
1465.2, -5, -13
1465.3, -5, -13
1465.4, -5, -13
1465.5, -5, -13
1465.6, -5, -13
1465.7, -5, -13
1465.8, -5, -13
1465.9, -5, -13
1466, -5, -13
1466.1, -5, -12
1466.2, -5, -12
1466.3, -5, -12
1466.4, -5, -12
1466.5, -5, -13
1466.6, -5, -13
1466.7, -5, -13
1466.8, -5, -13
1466.9, -5, -13
1467, -5, -13
1467.1, -6, -13
1467.2, -6, -13
1467.3, -6, -12
1467.4, -6, -12
1467.5, -6, -12
1467.6, -6, -12
1467.7, -6, -12
1467.8, -6, -12
1467.9, -6, -12
1468, -6, -12
1468.1, -6, -12
1468.2, -6, -12
1468.3, -6, -12
1468.4, -6, -12
1468.5, -6, -12
1468.6, -6, -12
1468.7, -6, -12
1468.8, -6, -12
1468.9, -6, -12
1469, -6, -12
1469.1, -6, -12
1469.2, -6, -12
1469.3, -6, -12
1469.4, -6, -12
1469.5, -6, -13
1469.6, -6, -13
1469.7, -6, -13
1469.8, -6, -13
1469.9, -6, -13
1470, -6, -13
1470.1, -6, -13
1470.2, -6, -13
1470.3, -6, -13
1470.4, -6, -13
1470.5, -6, -13
1470.6, -6, -13
1470.7, -6, -13
1470.8, -6, -13
1470.9, -6, -13
1471, -6, -13
1471.1, -6, -13
1471.2, -6, -13
1471.3, -6, -13
1471.4, -6, -13
1471.5, -6, -13
1471.6, -6, -13
1471.7, -6, -13
1471.8, -6, -13
1471.9, -6, -13
1472, -6, -13
1472.1, -6, -13
1472.2, -6, -13
1472.3, -6, -13
1472.4, -6, -13
1472.5, -6, -13
1472.6, -6, -13
1472.7, -6, -13
1472.8, -6, -13
1472.9, -6, -13
1473, -6, -13
1473.1, -6, -13
1473.2, -6, -13
1473.3, -6, -13
1473.4, -6, -13
1473.5, -6, -13
1473.6, -6, -13
1473.7, -6, -13
1473.8, -6, -13
1473.9, -6, -13
1474, -6, -13
1474.1, -6, -13
1474.2, -6, -13
1474.3, -6, -13
1474.4, -6, -13
1474.5, -6, -13
1474.6, -6, -13
1474.7, -6, -13
1474.8, -6, -13
1474.9, -6, -13
1475, -6, -13
1475.1, -6, -13
1475.2, -6, -13
1475.3, -6, -13
1475.4, -6, -13
1475.5, -6, -13
1475.6, -6, -13
1475.7, -5, -13
1475.8, -5, -13
1475.9, -5, -13
1476, -5, -13
1476.1, -5, -13
1476.2, -5, -13
1476.3, -5, -13
1476.4, -5, -13
1476.5, -5, -13
1476.6, -5, -13
1476.7, -5, -13
1476.8, -5, -13
1476.9, -5, -13
1477, -5, -13
1477.1, -6, -13
1477.2, -6, -13
1477.3, -6, -13
1477.4, -6, -13
1477.5, -6, -13
1477.6, -6, -13
1477.7, -6, -13
1477.8, -6, -13
1477.9, -6, -13
1478, -6, -13
1478.1, -5, -13
1478.2, -5, -13
1478.3, -5, -13
1478.4, -5, -13
1478.5, -5, -13
1478.6, -5, -13
1478.7, -5, -13
1478.8, -5, -13
1478.9, -5, -13
1479, -5, -13
1479.1, -5, -13
1479.2, -5, -13
1479.3, -5, -13
1479.4, -5, -13
1479.5, -5, -13
1479.6, -5, -13
1479.7, -5, -13
1479.8, -5, -13
1479.9, -5, -13
1480, -5, -13
1480.1, -5, -13
1480.2, -5, -13
1480.3, -5, -13
1480.4, -5, -13
1480.5, -5, -13
1480.6, -5, -13
1480.7, -5, -13
1480.8, -5, -13
1480.9, -5, -13
1481, -5, -13
1481.1, -5, -13
1481.2, -5, -13
1481.3, -6, -13
1481.4, -6, -13
1481.5, -6, -13
1481.6, -6, -13
1481.7, -6, -13
1481.8, -6, -13
1481.9, -6, -13
1482, -6, -13
1482.1, -6, -13
1482.2, -6, -13
1482.3, -6, -14
1482.4, -6, -14
1482.5, -6, -14
1482.6, -6, -14
1482.7, -6, -14
1482.8, -6, -14
1482.9, -6, -14
1483, -6, -14
1483.1, -6, -14
1483.2, -6, -14
1483.3, -6, -14
1483.4, -6, -14
1483.5, -6, -14
1483.6, -6, -14
1483.7, -6, -14
1483.8, -6, -14
1483.9, -6, -14
1484, -6, -14
1484.1, -6, -14
1484.2, -6, -14
1484.3, -6, -14
1484.4, -6, -14
1484.5, -6, -14
1484.6, -6, -14
1484.7, -6, -14
1484.8, -6, -14
1484.9, -6, -14
1485, -6, -14
1485.1, -6, -14
1485.2, -6, -14
1485.3, -6, -14
1485.4, -6, -14
1485.5, -7, -14
1485.6, -7, -14
1485.7, -7, -14
1485.8, -7, -14
1485.9, -7, -14
1486, -7, -14
1486.1, -7, -14
1486.2, -7, -14
1486.3, -7, -14
1486.4, -7, -14
1486.5, -7, -14
1486.6, -7, -14
1486.7, -7, -14
1486.8, -7, -14
1486.9, -7, -14
1487, -7, -14
1487.1, -7, -14
1487.2, -7, -14
1487.3, -7, -14
1487.4, -7, -14
1487.5, -7, -14
1487.6, -7, -14
1487.7, -7, -14
1487.8, -7, -14
1487.9, -7, -14
1488, -7, -14
1488.1, -7, -14
1488.2, -7, -14
1488.3, -7, -14
1488.4, -7, -14
1488.5, -7, -14
1488.6, -7, -14
1488.7, -7, -14
1488.8, -7, -14
1488.9, -7, -14
1489, -7, -14
1489.1, -7, -14
1489.2, -7, -14
1489.3, -7, -14
1489.4, -7, -14
1489.5, -7, -14
1489.6, -7, -14
1489.7, -7, -14
1489.8, -7, -14
1489.9, -7, -14
1490, -7, -14
1490.1, -8, -14
1490.2, -8, -14
1490.3, -8, -14
1490.4, -8, -14
1490.5, -8, -14
1490.6, -8, -14
1490.7, -8, -14
1490.8, -8, -14
1490.9, -8, -14
1491, -8, -14
1491.1, -8, -14
1491.2, -8, -14
1491.3, -8, -14
1491.4, -8, -14
1491.5, -8, -14
1491.6, -8, -14
1491.7, -8, -14
1491.8, -8, -14
1491.9, -8, -14
1492, -8, -14
1492.1, -7, -14
1492.2, -7, -14
1492.3, -7, -14
1492.4, -7, -14
1492.5, -7, -15
1492.6, -7, -15
1492.7, -7, -15
1492.8, -7, -15
1492.9, -7, -15
1493, -7, -15
1493.1, -7, -15
1493.2, -7, -15
1493.3, -7, -15
1493.4, -7, -15
1493.5, -7, -15
1493.6, -7, -15
1493.7, -7, -15
1493.8, -7, -15
1493.9, -7, -15
1494, -7, -15
1494.1, -7, -15
1494.2, -7, -15
1494.3, -7, -15
1494.4, -7, -15
1494.5, -7, -15
1494.6, -7, -15
1494.7, -7, -15
1494.8, -7, -15
1494.9, -7, -15
1495, -7, -15
1495.1, -7, -15
1495.2, -7, -15
1495.3, -7, -15
1495.4, -7, -15
1495.5, -7, -15
1495.6, -7, -15
1495.7, -7, -15
1495.8, -7, -15
1495.9, -7, -15
1496, -7, -15
1496.1, -7, -15
1496.2, -7, -15
1496.3, -7, -15
1496.4, -7, -15
1496.5, -7, -15
1496.6, -7, -15
1496.7, -7, -15
1496.8, -7, -15
1496.9, -7, -15
1497, -7, -15
1497.1, -7, -15
1497.2, -7, -15
1497.3, -7, -15
1497.4, -7, -15
1497.5, -7, -15
1497.6, -7, -15
1497.7, -7, -15
1497.8, -7, -15
1497.9, -7, -15
1498, -7, -15
1498.1, -7, -15
1498.2, -7, -15
1498.3, -7, -15
1498.4, -7, -15
1498.5, -7, -15
1498.6, -7, -15
1498.7, -7, -15
1498.8, -7, -15
1498.9, -7, -15
1499, -7, -15
1499.1, -7, -15
1499.2, -7, -15
1499.3, -7, -15
1499.4, -7, -15
1499.5, -7, -15
1499.6, -7, -15
1499.7, -7, -15
1499.8, -7, -15
1499.9, -7, -15
1500, -7, -15
1500.1, -7, -15
1500.2, -7, -15
1500.3, -7, -15
1500.4, -7, -15
1500.5, -7, -15
1500.6, -7, -15
1500.7, -7, -15
1500.8, -7, -15
1500.9, -7, -15
1501, -7, -15
1501.1, -7, -15
1501.2, -7, -15
1501.3, -7, -15
1501.4, -7, -15
1501.5, -7, -15
1501.6, -7, -15
1501.7, -7, -15
1501.8, -7, -15
1501.9, -7, -15
1502, -7, -15
1502.1, -8, -15
1502.2, -8, -15
1502.3, -8, -15
1502.4, -8, -15
1502.5, -8, -15
1502.6, -8, -15
1502.7, -8, -15
1502.8, -8, -15
1502.9, -8, -15
1503, -8, -15
1503.1, -8, -15
1503.2, -8, -15
1503.3, -8, -15
1503.4, -8, -15
1503.5, -8, -15
1503.6, -8, -15
1503.7, -8, -15
1503.8, -8, -15
1503.9, -8, -15
1504, -8, -15
1504.1, -8, -15
1504.2, -8, -15
1504.3, -8, -15
1504.4, -8, -15
1504.5, -8, -15
1504.6, -8, -15
1504.7, -8, -15
1504.8, -8, -15
1504.9, -8, -15
1505, -8, -15
1505.1, -8, -15
1505.2, -8, -15
1505.3, -8, -16
1505.4, -8, -16
1505.5, -8, -16
1505.6, -8, -16
1505.7, -8, -16
1505.8, -8, -16
1505.9, -8, -16
1506, -8, -16
1506.1, -8, -16
1506.2, -8, -16
1506.3, -8, -16
1506.4, -8, -16
1506.5, -8, -16
1506.6, -8, -16
1506.7, -8, -16
1506.8, -8, -16
1506.9, -8, -16
1507, -8, -16
1507.1, -8, -16
1507.2, -8, -16
1507.3, -8, -16
1507.4, -8, -16
1507.5, -8, -16
1507.6, -8, -16
1507.7, -8, -16
1507.8, -8, -16
1507.9, -8, -16
1508, -8, -16
1508.1, -8, -16
1508.2, -8, -16
1508.3, -8, -16
1508.4, -8, -16
1508.5, -8, -16
1508.6, -8, -16
1508.7, -8, -16
1508.8, -8, -16
1508.9, -8, -16
1509, -8, -16
1509.1, -8, -16
1509.2, -8, -16
1509.3, -8, -16
1509.4, -8, -16
1509.5, -8, -16
1509.6, -8, -16
1509.7, -8, -16
1509.8, -8, -16
1509.9, -7, -16
1510, -7, -16
1510.1, -7, -16
1510.2, -7, -16
1510.3, -7, -16
1510.4, -7, -16
1510.5, -6, -16
1510.6, -6, -16
1510.7, -6, -16
1510.8, -6, -16
1510.9, -6, -16
1511, -6, -16
1511.1, -6, -16
1511.2, -6, -16
1511.3, -6, -16
1511.4, -6, -16
1511.5, -6, -16
1511.6, -6, -16
1511.7, -6, -16
1511.8, -6, -16
1511.9, -6, -16
1512, -6, -16
1512.1, -6, -16
1512.2, -6, -16
1512.3, -6, -16
1512.4, -6, -16
1512.5, -6, -16
1512.6, -6, -16
1512.7, -6, -16
1512.8, -6, -16
1512.9, -6, -16
1513, -6, -16
1513.1, -6, -16
1513.2, -6, -16
1513.3, -6, -16
1513.4, -6, -16
1513.5, -6, -16
1513.6, -6, -16
1513.7, -6, -15
1513.8, -6, -15
1513.9, -6, -15
1514, -6, -15
1514.1, -6, -15
1514.2, -6, -15
1514.3, -6, -15
1514.4, -6, -15
1514.5, -6, -15
1514.6, -6, -15
1514.7, -6, -15
1514.8, -6, -15
1514.9, -6, -15
1515, -6, -15
1515.1, -6, -15
1515.2, -6, -15
1515.3, -6, -15
1515.4, -6, -15
1515.5, -6, -15
1515.6, -6, -15
1515.7, -6, -15
1515.8, -6, -15
1515.9, -6, -15
1516, -6, -15
1516.1, -5, -15
1516.2, -5, -15
1516.3, -5, -15
1516.4, -5, -15
1516.5, -5, -15
1516.6, -5, -15
1516.7, -5, -15
1516.8, -5, -15
1516.9, -5, -15
1517, -5, -15
1517.1, -5, -15
1517.2, -5, -15
1517.3, -5, -15
1517.4, -5, -15
1517.5, -5, -15
1517.6, -5, -15
1517.7, -5, -15
1517.8, -5, -15
1517.9, -5, -15
1518, -5, -15
1518.1, -5, -15
1518.2, -5, -15
1518.3, -5, -15
1518.4, -5, -15
1518.5, -5, -15
1518.6, -5, -15
1518.7, -5, -15
1518.8, -5, -15
1518.9, -5, -15
1519, -5, -15
1519.1, -5, -15
1519.2, -5, -15
1519.3, -5, -15
1519.4, -5, -15
1519.5, -5, -15
1519.6, -5, -15
1519.7, -5, -15
1519.8, -5, -15
1519.9, -5, -15
1520, -5, -15
1520.1, -5, -15
1520.2, -5, -15
1520.3, -5, -15
1520.4, -5, -15
1520.5, -5, -15
1520.6, -5, -15
1520.7, -5, -15
1520.8, -5, -15
1520.9, -4, -15
1521, -4, -15
1521.1, -4, -15
1521.2, -4, -15
1521.3, -4, -15
1521.4, -4, -15
1521.5, -4, -15
1521.6, -4, -15
1521.7, -4, -15
1521.8, -4, -15
1521.9, -4, -15
1522, -4, -15
1522.1, -4, -15
1522.2, -4, -15
1522.3, -4, -15
1522.4, -4, -15
1522.5, -4, -15
1522.6, -4, -15
1522.7, -4, -15
1522.8, -4, -15
1522.9, -4, -15
1523, -4, -15
1523.1, -5, -15
1523.2, -5, -15
1523.3, -5, -15
1523.4, -5, -15
1523.5, -5, -15
1523.6, -5, -15
1523.7, -5, -15
1523.8, -5, -15
1523.9, -5, -15
1524, -5, -15
1524.1, -5, -15
1524.2, -5, -15
1524.3, -5, -15
1524.4, -5, -15
1524.5, -5, -15
1524.6, -5, -15
1524.7, -5, -15
1524.8, -5, -15
1524.9, -5, -15
1525, -5, -15
1525.1, -5, -15
1525.2, -5, -15
1525.3, -5, -15
1525.4, -5, -15
1525.5, -5, -15
1525.6, -5, -15
1525.7, -6, -15
1525.8, -6, -15
1525.9, -6, -15
1526, -6, -15
1526.1, -7, -15
1526.2, -7, -15
1526.3, -7, -15
1526.4, -7, -15
1526.5, -7, -15
1526.6, -7, -15
1526.7, -7, -15
1526.8, -7, -15
1526.9, -7, -15
1527, -7, -15
1527.1, -7, -15
1527.2, -7, -15
1527.3, -7, -15
1527.4, -7, -15
1527.5, -7, -15
1527.6, -7, -15
1527.7, -7, -15
1527.8, -7, -15
1527.9, -7, -15
1528, -7, -15
1528.1, -7, -15
1528.2, -7, -15
1528.3, -7, -15
1528.4, -7, -15
1528.5, -7, -15
1528.6, -7, -15
1528.7, -7, -15
1528.8, -7, -15
1528.9, -7, -15
1529, -7, -15
1529.1, -7, -15
1529.2, -7, -15
1529.3, -7, -15
1529.4, -7, -15
1529.5, -7, -15
1529.6, -7, -15
1529.7, -7, -15
1529.8, -7, -15
1529.9, -7, -15
1530, -7, -15
1530.1, -7, -15
1530.2, -7, -15
1530.3, -7, -15
1530.4, -7, -15
1530.5, -7, -15
1530.6, -7, -15
1530.7, -7, -15
1530.8, -7, -15
1530.9, -7, -15
1531, -7, -15
1531.1, -7, -15
1531.2, -7, -15
1531.3, -7, -15
1531.4, -7, -15
1531.5, -7, -15
1531.6, -7, -15
1531.7, -7, -15
1531.8, -7, -15
1531.9, -7, -15
1532, -7, -15
1532.1, -7, -15
1532.2, -7, -15
1532.3, -7, -15
1532.4, -7, -15
1532.5, -7, -15
1532.6, -7, -15
1532.7, -7, -15
1532.8, -7, -15
1532.9, -7, -15
1533, -7, -15
1533.1, -7, -15
1533.2, -7, -15
1533.3, -7, -14
1533.4, -7, -14
1533.5, -7, -14
1533.6, -7, -14
1533.7, -7, -14
1533.8, -7, -14
1533.9, -7, -14
1534, -7, -14
1534.1, -7, -14
1534.2, -7, -14
1534.3, -7, -14
1534.4, -7, -14
1534.5, -7, -14
1534.6, -7, -14
1534.7, -7, -14
1534.8, -7, -14
1534.9, -7, -14
1535, -7, -14
1535.1, -7, -14
1535.2, -7, -14
1535.3, -7, -14
1535.4, -7, -14
1535.5, -7, -14
1535.6, -7, -14
1535.7, -7, -14
1535.8, -7, -14
1535.9, -7, -13
1536, -7, -13
1536.1, -7, -13
1536.2, -7, -13
1536.3, -7, -13
1536.4, -7, -13
1536.5, -7, -13
1536.6, -7, -13
1536.7, -7, -13
1536.8, -7, -13
1536.9, -7, -13
1537, -7, -13
1537.1, -7, -13
1537.2, -7, -13
1537.3, -7, -13
1537.4, -7, -13
1537.5, -7, -13
1537.6, -7, -13
1537.7, -7, -13
1537.8, -7, -13
1537.9, -7, -13
1538, -7, -13
1538.1, -7, -13
1538.2, -7, -13
1538.3, -7, -13
1538.4, -7, -13
1538.5, -6, -13
1538.6, -6, -13
1538.7, -6, -13
1538.8, -6, -13
1538.9, -6, -13
1539, -6, -13
1539.1, -6, -13
1539.2, -6, -13
1539.3, -6, -13
1539.4, -6, -13
1539.5, -6, -13
1539.6, -6, -13
1539.7, -6, -13
1539.8, -6, -13
1539.9, -6, -13
1540, -6, -13
1540.1, -6, -13
1540.2, -6, -13
1540.3, -6, -13
1540.4, -6, -13
1540.5, -6, -13
1540.6, -6, -13
1540.7, -6, -13
1540.8, -6, -13
1540.9, -6, -13
1541, -6, -13
1541.1, -6, -13
1541.2, -6, -13
1541.3, -6, -13
1541.4, -6, -13
1541.5, -6, -14
1541.6, -6, -14
1541.7, -6, -14
1541.8, -6, -14
1541.9, -6, -14
1542, -6, -14
1542.1, -6, -14
1542.2, -6, -14
1542.3, -6, -14
1542.4, -6, -14
1542.5, -6, -14
1542.6, -6, -14
1542.7, -6, -14
1542.8, -6, -14
1542.9, -6, -14
1543, -6, -14
1543.1, -6, -14
1543.2, -6, -14
1543.3, -6, -14
1543.4, -6, -14
1543.5, -6, -15
1543.6, -6, -15
1543.7, -6, -15
1543.8, -6, -15
1543.9, -6, -15
1544, -6, -15
1544.1, -6, -15
1544.2, -6, -15
1544.3, -7, -15
1544.4, -7, -15
1544.5, -6, -15
1544.6, -6, -15
1544.7, -6, -15
1544.8, -6, -15
1544.9, -6, -15
1545, -6, -15
1545.1, -6, -15
1545.2, -6, -15
1545.3, -6, -15
1545.4, -6, -15
1545.5, -6, -15
1545.6, -6, -15
1545.7, -6, -15
1545.8, -6, -15
1545.9, -6, -15
1546, -6, -15
1546.1, -6, -15
1546.2, -6, -15
1546.3, -6, -15
1546.4, -6, -15
1546.5, -6, -15
1546.6, -6, -15
1546.7, -6, -15
1546.8, -6, -15
1546.9, -6, -15
1547, -6, -15
1547.1, -6, -15
1547.2, -6, -15
1547.3, -6, -15
1547.4, -6, -15
1547.5, -5, -15
1547.6, -5, -15
1547.7, -5, -15
1547.8, -5, -15
1547.9, -5, -15
1548, -5, -15
1548.1, -5, -15
1548.2, -5, -15
1548.3, -5, -15
1548.4, -5, -15
1548.5, -5, -15
1548.6, -5, -15
1548.7, -5, -15
1548.8, -5, -15
1548.9, -5, -15
1549, -5, -15
1549.1, -5, -15
1549.2, -5, -15
1549.3, -5, -15
1549.4, -5, -15
1549.5, -5, -15
1549.6, -5, -15
1549.7, -5, -15
1549.8, -5, -15
1549.9, -5, -15
1550, -5, -15
1550.1, -5, -15
1550.2, -5, -15
1550.3, -5, -15
1550.4, -5, -15
1550.5, -5, -15
1550.6, -5, -15
1550.7, -5, -15
1550.8, -5, -15
1550.9, -5, -15
1551, -5, -15
1551.1, -5, -15
1551.2, -5, -15
1551.3, -5, -15
1551.4, -5, -15
1551.5, -5, -15
1551.6, -5, -15
1551.7, -5, -15
1551.8, -5, -15
1551.9, -5, -15
1552, -5, -15
1552.1, -5, -15
1552.2, -5, -15
1552.3, -5, -15
1552.4, -5, -15
1552.5, -5, -15
1552.6, -5, -15
1552.7, -5, -15
1552.8, -5, -15
1552.9, -5, -15
1553, -5, -15
1553.1, -5, -15
1553.2, -5, -15
1553.3, -5, -15
1553.4, -5, -15
1553.5, -5, -15
1553.6, -5, -15
1553.7, -6, -15
1553.8, -6, -15
1553.9, -6, -15
1554, -6, -15
1554.1, -6, -15
1554.2, -6, -15
1554.3, -6, -15
1554.4, -6, -15
1554.5, -5, -15
1554.6, -5, -15
1554.7, -5, -15
1554.8, -5, -15
1554.9, -5, -15
1555, -5, -15
1555.1, -5, -15
1555.2, -5, -15
1555.3, -5, -15
1555.4, -5, -15
1555.5, -5, -15
1555.6, -5, -15
1555.7, -5, -15
1555.8, -5, -15
1555.9, -5, -15
1556, -5, -15
1556.1, -5, -15
1556.2, -5, -15
1556.3, -5, -15
1556.4, -5, -15
1556.5, -5, -15
1556.6, -5, -15
1556.7, -5, -15
1556.8, -5, -15
1556.9, -6, -15
1557, -6, -15
1557.1, -6, -15
1557.2, -6, -15
1557.3, -6, -15
1557.4, -6, -15
1557.5, -6, -16
1557.6, -6, -16
1557.7, -6, -16
1557.8, -6, -16
1557.9, -6, -16
1558, -6, -16
1558.1, -6, -16
1558.2, -6, -16
1558.3, -6, -16
1558.4, -6, -16
1558.5, -7, -16
1558.6, -7, -16
1558.7, -7, -16
1558.8, -7, -16
1558.9, -7, -16
1559, -7, -16
1559.1, -7, -16
1559.2, -7, -16
1559.3, -7, -16
1559.4, -7, -16
1559.5, -7, -16
1559.6, -7, -16
1559.7, -7, -16
1559.8, -7, -16
1559.9, -7, -16
1560, -7, -16
1560.1, -7, -16
1560.2, -7, -16
1560.3, -7, -16
1560.4, -7, -16
1560.5, -7, -16
1560.6, -7, -16
1560.7, -7, -16
1560.8, -7, -16
1560.9, -7, -16
1561, -7, -16
1561.1, -7, -16
1561.2, -7, -16
1561.3, -7, -16
1561.4, -7, -16
1561.5, -7, -16
1561.6, -7, -16
1561.7, -7, -16
1561.8, -7, -16
1561.9, -7, -16
1562, -7, -16
1562.1, -7, -16
1562.2, -7, -16
1562.3, -7, -16
1562.4, -7, -16
1562.5, -7, -16
1562.6, -7, -16
1562.7, -7, -16
1562.8, -7, -16
1562.9, -7, -16
1563, -7, -16
1563.1, -7, -16
1563.2, -7, -16
1563.3, -7, -16
1563.4, -7, -16
1563.5, -7, -15
1563.6, -7, -15
1563.7, -7, -15
1563.8, -7, -15
1563.9, -7, -15
1564, -7, -15
1564.1, -7, -15
1564.2, -7, -15
1564.3, -7, -15
1564.4, -7, -15
1564.5, -7, -15
1564.6, -7, -15
1564.7, -8, -15
1564.8, -8, -15
1564.9, -8, -15
1565, -8, -15
1565.1, -8, -15
1565.2, -8, -15
1565.3, -8, -15
1565.4, -8, -15
1565.5, -8, -15
1565.6, -8, -15
1565.7, -8, -15
1565.8, -8, -15
1565.9, -8, -15
1566, -8, -15
1566.1, -8, -15
1566.2, -8, -15
1566.3, -8, -15
1566.4, -8, -15
1566.5, -8, -16
1566.6, -8, -16
1566.7, -8, -16
1566.8, -8, -16
1566.9, -8, -16
1567, -8, -16
1567.1, -8, -16
1567.2, -8, -16
1567.3, -8, -16
1567.4, -8, -16
1567.5, -8, -16
1567.6, -8, -16
1567.7, -8, -16
1567.8, -8, -16
1567.9, -8, -16
1568, -8, -16
1568.1, -8, -16
1568.2, -8, -16
1568.3, -8, -16
1568.4, -8, -16
1568.5, -8, -16
1568.6, -8, -16
1568.7, -8, -16
1568.8, -8, -16
1568.9, -8, -16
1569, -8, -16
1569.1, -8, -15
1569.2, -8, -15
1569.3, -8, -14
1569.4, -8, -14
1569.5, -8, -14
1569.6, -8, -14
1569.7, -8, -14
1569.8, -8, -14
1569.9, -8, -14
1570, -8, -14
1570.1, -8, -14
1570.2, -8, -14
1570.3, -8, -14
1570.4, -8, -14
1570.5, -8, -14
1570.6, -8, -14
1570.7, -8, -14
1570.8, -8, -14
1570.9, -8, -14
1571, -8, -14
1571.1, -8, -14
1571.2, -8, -14
1571.3, -8, -14
1571.4, -8, -14
1571.5, -8, -14
1571.6, -8, -14
1571.7, -8, -14
1571.8, -8, -14
1571.9, -8, -14
1572, -8, -14
1572.1, -8, -14
1572.2, -8, -14
1572.3, -8, -14
1572.4, -8, -14
1572.5, -8, -14
1572.6, -8, -14
1572.7, -9, -14
1572.8, -9, -14
1572.9, -9, -14
1573, -9, -14
1573.1, -9, -14
1573.2, -9, -14
1573.3, -9, -14
1573.4, -9, -14
1573.5, -9, -14
1573.6, -9, -14
1573.7, -9, -14
1573.8, -9, -14
1573.9, -9, -14
1574, -9, -14
1574.1, -9, -14
1574.2, -9, -14
1574.3, -9, -14
1574.4, -9, -14
1574.5, -9, -14
1574.6, -9, -14
1574.7, -9, -14
1574.8, -9, -14
1574.9, -9, -14
1575, -9, -14
1575.1, -9, -14
1575.2, -9, -14
1575.3, -9, -14
1575.4, -9, -14
1575.5, -9, -14
1575.6, -9, -14
1575.7, -9, -14
1575.8, -9, -14
1575.9, -9, -14
1576, -9, -14
1576.1, -8, -14
1576.2, -8, -14
1576.3, -8, -14
1576.4, -8, -14
1576.5, -8, -14
1576.6, -8, -14
1576.7, -8, -14
1576.8, -8, -14
1576.9, -8, -14
1577, -8, -14
1577.1, -8, -14
1577.2, -8, -14
1577.3, -8, -14
1577.4, -8, -14
1577.5, -8, -14
1577.6, -8, -14
1577.7, -8, -14
1577.8, -8, -14
1577.9, -8, -14
1578, -8, -14
1578.1, -8, -14
1578.2, -8, -14
1578.3, -8, -14
1578.4, -8, -14
1578.5, -8, -14
1578.6, -8, -14
1578.7, -8, -14
1578.8, -8, -14
1578.9, -8, -14
1579, -8, -14
1579.1, -8, -14
1579.2, -8, -14
1579.3, -8, -15
1579.4, -8, -15
1579.5, -8, -15
1579.6, -8, -15
1579.7, -8, -15
1579.8, -8, -15
1579.9, -8, -15
1580, -8, -15
1580.1, -8, -15
1580.2, -8, -15
1580.3, -8, -15
1580.4, -8, -15
1580.5, -8, -15
1580.6, -8, -15
1580.7, -8, -15
1580.8, -8, -15
1580.9, -8, -15
1581, -8, -15
1581.1, -8, -15
1581.2, -8, -15
1581.3, -8, -16
1581.4, -8, -16
1581.5, -8, -16
1581.6, -8, -16
1581.7, -8, -16
1581.8, -8, -16
1581.9, -8, -16
1582, -8, -16
1582.1, -8, -16
1582.2, -8, -16
1582.3, -8, -16
1582.4, -8, -16
1582.5, -8, -16
1582.6, -8, -16
1582.7, -8, -16
1582.8, -8, -16
1582.9, -8, -16
1583, -8, -16
1583.1, -8, -16
1583.2, -8, -16
1583.3, -8, -16
1583.4, -8, -16
1583.5, -8, -16
1583.6, -8, -16
1583.7, -8, -16
1583.8, -8, -16
1583.9, -8, -16
1584, -8, -16
1584.1, -7, -16
1584.2, -7, -16
1584.3, -7, -16
1584.4, -7, -16
1584.5, -7, -16
1584.6, -7, -16
1584.7, -7, -16
1584.8, -7, -16
1584.9, -8, -16
1585, -8, -16
1585.1, -8, -16
1585.2, -8, -16
1585.3, -8, -16
1585.4, -8, -16
1585.5, -8, -16
1585.6, -8, -16
1585.7, -8, -16
1585.8, -8, -16
1585.9, -8, -16
1586, -8, -16
1586.1, -8, -16
1586.2, -8, -16
1586.3, -8, -16
1586.4, -8, -16
1586.5, -8, -16
1586.6, -8, -16
1586.7, -8, -16
1586.8, -8, -16
1586.9, -8, -16
1587, -8, -16
1587.1, -8, -16
1587.2, -8, -16
1587.3, -8, -16
1587.4, -8, -16
1587.5, -8, -16
1587.6, -8, -16
1587.7, -8, -16
1587.8, -8, -16
1587.9, -8, -16
1588, -8, -16
1588.1, -8, -16
1588.2, -8, -16
1588.3, -8, -16
1588.4, -8, -16
1588.5, -8, -16
1588.6, -8, -16
1588.7, -8, -16
1588.8, -8, -16
1588.9, -8, -16
1589, -8, -16
1589.1, -8, -16
1589.2, -8, -16
1589.3, -8, -16
1589.4, -8, -16
1589.5, -8, -16
1589.6, -8, -16
1589.7, -8, -17
1589.8, -8, -17
1589.9, -8, -17
1590, -8, -17
1590.1, -8, -18
1590.2, -8, -18
1590.3, -8, -18
1590.4, -8, -18
1590.5, -8, -18
1590.6, -8, -18
1590.7, -8, -18
1590.8, -8, -18
1590.9, -8, -18
1591, -8, -18
1591.1, -8, -18
1591.2, -8, -18
1591.3, -8, -18
1591.4, -8, -18
1591.5, -8, -18
1591.6, -8, -18
1591.7, -8, -18
1591.8, -8, -18
1591.9, -8, -18
1592, -8, -18
1592.1, -8, -18
1592.2, -8, -18
1592.3, -8, -18
1592.4, -8, -18
1592.5, -8, -18
1592.6, -8, -18
1592.7, -8, -18
1592.8, -8, -18
1592.9, -8, -18
1593, -8, -18
1593.1, -8, -18
1593.2, -8, -18
1593.3, -8, -19
1593.4, -8, -19
1593.5, -8, -19
1593.6, -8, -19
1593.7, -8, -19
1593.8, -8, -19
1593.9, -8, -19
1594, -8, -19
1594.1, -8, -19
1594.2, -8, -19
1594.3, -8, -19
1594.4, -8, -19
1594.5, -8, -19
1594.6, -8, -19
1594.7, -8, -19
1594.8, -8, -19
1594.9, -8, -19
1595, -8, -19
1595.1, -8, -19
1595.2, -8, -19
1595.3, -8, -19
1595.4, -8, -19
1595.5, -8, -19
1595.6, -8, -19
1595.7, -8, -19
1595.8, -8, -19
1595.9, -8, -19
1596, -8, -19
1596.1, -8, -19
1596.2, -8, -19
1596.3, -8, -19
1596.4, -8, -19
1596.5, -8, -19
1596.6, -8, -19
1596.7, -8, -19
1596.8, -8, -19
1596.9, -8, -19
1597, -8, -19
1597.1, -8, -19
1597.2, -8, -19
1597.3, -8, -19
1597.4, -8, -19
1597.5, -8, -19
1597.6, -8, -19
1597.7, -8, -19
1597.8, -8, -19
1597.9, -8, -19
1598, -8, -19
1598.1, -8, -19
1598.2, -8, -19
1598.3, -8, -19
1598.4, -8, -19
1598.5, -9, -19
1598.6, -9, -19
1598.7, -9, -19
1598.8, -9, -19
1598.9, -9, -19
1599, -9, -19
1599.1, -10, -19
1599.2, -10, -19
1599.3, -10, -19
1599.4, -10, -19
1599.5, -10, -19
1599.6, -10, -19
1599.7, -10, -19
1599.8, -10, -19
1599.9, -10, -19
1600, -10, -19
1600.1, -10, -19
1600.2, -10, -19
1600.3, -10, -19
1600.4, -10, -19
1600.5, -11, -19
1600.6, -11, -19
1600.7, -11, -19
1600.8, -11, -19
1600.9, -11, -19
1601, -11, -19
1601.1, -11, -19
1601.2, -11, -19
1601.3, -11, -19
1601.4, -11, -19
1601.5, -11, -19
1601.6, -11, -19
1601.7, -11, -19
1601.8, -11, -19
1601.9, -11, -19
1602, -11, -19
1602.1, -11, -19
1602.2, -11, -19
1602.3, -11, -19
1602.4, -11, -19
1602.5, -11, -19
1602.6, -11, -19
1602.7, -11, -19
1602.8, -11, -19
1602.9, -11, -19
1603, -11, -19
1603.1, -11, -19
1603.2, -11, -19
1603.3, -11, -19
1603.4, -11, -19
1603.5, -11, -19
1603.6, -11, -19
1603.7, -11, -19
1603.8, -11, -19
1603.9, -11, -19
1604, -11, -19
1604.1, -11, -19
1604.2, -11, -19
1604.3, -11, -19
1604.4, -11, -19
1604.5, -11, -19
1604.6, -11, -19
1604.7, -11, -19
1604.8, -11, -19
1604.9, -11, -19
1605, -11, -19
1605.1, -12, -19
1605.2, -12, -19
1605.3, -12, -19
1605.4, -12, -19
1605.5, -12, -19
1605.6, -12, -19
1605.7, -12, -19
1605.8, -12, -19
1605.9, -12, -19
1606, -12, -19
1606.1, -12, -19
1606.2, -12, -19
1606.3, -12, -19
1606.4, -12, -19
1606.5, -12, -19
1606.6, -12, -19
1606.7, -12, -19
1606.8, -12, -19
1606.9, -12, -19
1607, -12, -19
1607.1, -12, -19
1607.2, -12, -19
1607.3, -12, -19
1607.4, -12, -19
1607.5, -12, -19
1607.6, -12, -19
1607.7, -11, -19
1607.8, -11, -19
1607.9, -11, -18
1608, -11, -18
1608.1, -11, -18
1608.2, -11, -18
1608.3, -11, -18
1608.4, -11, -18
1608.5, -11, -18
1608.6, -11, -18
1608.7, -11, -18
1608.8, -11, -18
1608.9, -11, -18
1609, -11, -18
1609.1, -12, -18
1609.2, -12, -18
1609.3, -12, -18
1609.4, -12, -18
1609.5, -12, -18
1609.6, -12, -18
1609.7, -12, -18
1609.8, -12, -18
1609.9, -12, -18
1610, -12, -18
1610.1, -12, -18
1610.2, -12, -18
1610.3, -12, -18
1610.4, -12, -18
1610.5, -12, -18
1610.6, -12, -18
1610.7, -12, -18
1610.8, -12, -18
1610.9, -12, -18
1611, -12, -18
1611.1, -13, -18
1611.2, -13, -18
1611.3, -13, -18
1611.4, -13, -18
1611.5, -13, -18
1611.6, -13, -18
1611.7, -13, -18
1611.8, -13, -18
1611.9, -13, -18
1612, -13, -18
1612.1, -13, -18
1612.2, -13, -18
1612.3, -13, -18
1612.4, -13, -18
1612.5, -13, -18
1612.6, -13, -18
1612.7, -13, -18
1612.8, -13, -18
1612.9, -13, -18
1613, -13, -18
1613.1, -13, -18
1613.2, -13, -18
1613.3, -13, -18
1613.4, -13, -18
1613.5, -13, -18
1613.6, -13, -18
1613.7, -13, -18
1613.8, -13, -18
1613.9, -13, -18
1614, -13, -18
1614.1, -13, -18
1614.2, -13, -18
1614.3, -13, -18
1614.4, -13, -18
1614.5, -13, -18
1614.6, -13, -18
1614.7, -13, -19
1614.8, -13, -19
1614.9, -13, -19
1615, -13, -19
1615.1, -13, -19
1615.2, -13, -19
1615.3, -12, -19
1615.4, -12, -19
1615.5, -12, -19
1615.6, -12, -19
1615.7, -12, -19
1615.8, -12, -19
1615.9, -12, -19
1616, -12, -19
1616.1, -12, -19
1616.2, -12, -19
1616.3, -12, -19
1616.4, -12, -19
1616.5, -12, -19
1616.6, -12, -19
1616.7, -12, -19
1616.8, -12, -19
1616.9, -12, -19
1617, -12, -19
1617.1, -12, -19
1617.2, -12, -19
1617.3, -12, -19
1617.4, -12, -19
1617.5, -12, -19
1617.6, -12, -19
1617.7, -12, -19
1617.8, -12, -19
1617.9, -12, -19
1618, -12, -19
1618.1, -12, -19
1618.2, -12, -19
1618.3, -12, -19
1618.4, -12, -19
1618.5, -12, -19
1618.6, -12, -19
1618.7, -12, -19
1618.8, -12, -19
1618.9, -12, -19
1619, -12, -19
1619.1, -12, -19
1619.2, -12, -19
1619.3, -12, -19
1619.4, -12, -19
1619.5, -12, -19
1619.6, -12, -19
1619.7, -12, -18
1619.8, -12, -18
1619.9, -12, -18
1620, -12, -18
1620.1, -12, -18
1620.2, -12, -18
1620.3, -12, -17
1620.4, -12, -17
1620.5, -12, -17
1620.6, -12, -17
1620.7, -12, -17
1620.8, -12, -17
1620.9, -12, -17
1621, -12, -17
1621.1, -12, -17
1621.2, -12, -17
1621.3, -12, -17
1621.4, -12, -17
1621.5, -12, -17
1621.6, -12, -17
1621.7, -12, -17
1621.8, -12, -17
1621.9, -12, -17
1622, -12, -17
1622.1, -12, -17
1622.2, -12, -17
1622.3, -12, -17
1622.4, -12, -17
1622.5, -12, -17
1622.6, -12, -17
1622.7, -12, -17
1622.8, -12, -17
1622.9, -12, -17
1623, -12, -17
1623.1, -12, -17
1623.2, -12, -17
1623.3, -12, -17
1623.4, -12, -17
1623.5, -12, -17
1623.6, -12, -17
1623.7, -12, -17
1623.8, -12, -17
1623.9, -12, -17
1624, -12, -17
1624.1, -12, -17
1624.2, -12, -17
1624.3, -12, -17
1624.4, -12, -17
1624.5, -12, -17
1624.6, -12, -17
1624.7, -12, -17
1624.8, -12, -17
1624.9, -12, -17
1625, -12, -17
1625.1, -12, -17
1625.2, -12, -17
1625.3, -12, -17
1625.4, -12, -17
1625.5, -12, -17
1625.6, -12, -17
1625.7, -12, -17
1625.8, -12, -17
1625.9, -12, -17
1626, -12, -17
1626.1, -12, -17
1626.2, -12, -17
1626.3, -12, -17
1626.4, -12, -17
1626.5, -12, -17
1626.6, -12, -17
1626.7, -12, -17
1626.8, -12, -17
1626.9, -12, -17
1627, -12, -17
1627.1, -11, -17
1627.2, -11, -17
1627.3, -12, -17
1627.4, -12, -17
1627.5, -12, -17
1627.6, -12, -17
1627.7, -12, -17
1627.8, -12, -17
1627.9, -12, -17
1628, -12, -17
1628.1, -12, -17
1628.2, -12, -17
1628.3, -12, -17
1628.4, -12, -17
1628.5, -12, -17
1628.6, -12, -17
1628.7, -12, -17
1628.8, -12, -17
1628.9, -12, -17
1629, -12, -17
1629.1, -12, -17
1629.2, -12, -17
1629.3, -12, -17
1629.4, -12, -17
1629.5, -12, -17
1629.6, -12, -17
1629.7, -12, -17
1629.8, -12, -17
1629.9, -12, -17
1630, -12, -17
1630.1, -12, -17
1630.2, -12, -17
1630.3, -12, -17
1630.4, -12, -17
1630.5, -12, -17
1630.6, -12, -17
1630.7, -12, -17
1630.8, -12, -17
1630.9, -12, -17
1631, -12, -17
1631.1, -12, -17
1631.2, -12, -17
1631.3, -12, -17
1631.4, -12, -17
1631.5, -12, -17
1631.6, -12, -17
1631.7, -12, -17
1631.8, -12, -17
1631.9, -12, -17
1632, -12, -17
1632.1, -12, -17
1632.2, -12, -17
1632.3, -12, -17
1632.4, -12, -17
1632.5, -12, -17
1632.6, -12, -17
1632.7, -12, -17
1632.8, -12, -17
1632.9, -12, -17
1633, -12, -17
1633.1, -12, -17
1633.2, -12, -17
1633.3, -12, -17
1633.4, -12, -17
1633.5, -12, -17
1633.6, -12, -17
1633.7, -12, -17
1633.8, -12, -17
1633.9, -12, -17
1634, -12, -17
1634.1, -12, -17
1634.2, -12, -17
1634.3, -12, -17
1634.4, -12, -17
1634.5, -12, -17
1634.6, -12, -17
1634.7, -12, -17
1634.8, -12, -17
1634.9, -11, -17
1635, -11, -17
1635.1, -11, -17
1635.2, -11, -17
1635.3, -11, -17
1635.4, -11, -17
1635.5, -11, -17
1635.6, -11, -17
1635.7, -11, -17
1635.8, -11, -17
1635.9, -11, -17
1636, -11, -17
1636.1, -11, -17
1636.2, -11, -17
1636.3, -11, -17
1636.4, -11, -17
1636.5, -11, -17
1636.6, -11, -17
1636.7, -11, -17
1636.8, -11, -17
1636.9, -11, -17
1637, -11, -17
1637.1, -11, -17
1637.2, -11, -17
1637.3, -11, -17
1637.4, -11, -17
1637.5, -11, -17
1637.6, -11, -17
1637.7, -11, -17
1637.8, -11, -17
1637.9, -11, -17
1638, -11, -17
1638.1, -11, -17
1638.2, -11, -17
1638.3, -11, -17
1638.4, -11, -17
1638.5, -11, -17
1638.6, -11, -17
1638.7, -11, -17
1638.8, -11, -17
1638.9, -11, -17
1639, -11, -17
1639.1, -11, -17
1639.2, -11, -17
1639.3, -11, -17
1639.4, -11, -17
1639.5, -11, -17
1639.6, -11, -17
1639.7, -11, -17
1639.8, -11, -17
1639.9, -11, -17
1640, -11, -17
1640.1, -10, -17
1640.2, -10, -17
1640.3, -10, -17
1640.4, -10, -17
1640.5, -10, -17
1640.6, -10, -17
1640.7, -10, -17
1640.8, -10, -17
1640.9, -10, -17
1641, -10, -17
1641.1, -10, -17
1641.2, -10, -17
1641.3, -10, -17
1641.4, -10, -17
1641.5, -10, -17
1641.6, -10, -17
1641.7, -10, -17
1641.8, -10, -17
1641.9, -10, -17
1642, -10, -17
1642.1, -10, -17
1642.2, -10, -17
1642.3, -10, -17
1642.4, -10, -17
1642.5, -9, -17
1642.6, -9, -17
1642.7, -9, -17
1642.8, -9, -17
1642.9, -9, -18
1643, -9, -18
1643.1, -9, -18
1643.2, -9, -18
1643.3, -9, -18
1643.4, -9, -18
1643.5, -9, -18
1643.6, -9, -18
1643.7, -9, -18
1643.8, -9, -18
1643.9, -9, -18
1644, -9, -18
1644.1, -9, -18
1644.2, -9, -18
1644.3, -9, -18
1644.4, -9, -18
1644.5, -9, -18
1644.6, -9, -18
1644.7, -9, -18
1644.8, -9, -18
1644.9, -9, -18
1645, -9, -18
1645.1, -9, -18
1645.2, -9, -18
1645.3, -9, -19
1645.4, -9, -19
1645.5, -9, -19
1645.6, -9, -19
1645.7, -10, -19
1645.8, -10, -19
1645.9, -10, -19
1646, -10, -19
1646.1, -10, -19
1646.2, -10, -19
1646.3, -10, -19
1646.4, -10, -19
1646.5, -10, -19
1646.6, -10, -19
1646.7, -9, -19
1646.8, -9, -19
1646.9, -10, -19
1647, -10, -19
1647.1, -10, -19
1647.2, -10, -19
1647.3, -10, -19
1647.4, -10, -19
1647.5, -10, -19
1647.6, -10, -19
1647.7, -10, -19
1647.8, -10, -19
1647.9, -10, -19
1648, -10, -19
1648.1, -10, -19
1648.2, -10, -19
1648.3, -10, -19
1648.4, -10, -19
1648.5, -10, -19
1648.6, -10, -19
1648.7, -10, -19
1648.8, -10, -19
1648.9, -10, -19
1649, -10, -19
1649.1, -10, -19
1649.2, -10, -19
1649.3, -10, -19
1649.4, -10, -19
1649.5, -10, -19
1649.6, -10, -19
1649.7, -10, -19
1649.8, -10, -19
1649.9, -10, -19
1650, -10, -19
1650.1, -10, -19
1650.2, -10, -19
1650.3, -10, -19
1650.4, -10, -19
1650.5, -10, -19
1650.6, -10, -19
1650.7, -10, -19
1650.8, -10, -19
1650.9, -10, -19
1651, -10, -19
1651.1, -10, -19
1651.2, -10, -19
1651.3, -10, -19
1651.4, -10, -19
1651.5, -10, -19
1651.6, -10, -19
1651.7, -10, -19
1651.8, -10, -19
1651.9, -10, -19
1652, -10, -19
1652.1, -10, -19
1652.2, -10, -19
1652.3, -10, -19
1652.4, -10, -19
1652.5, -10, -19
1652.6, -10, -19
1652.7, -10, -19
1652.8, -10, -19
1652.9, -10, -19
1653, -10, -19
1653.1, -10, -19
1653.2, -10, -19
1653.3, -10, -19
1653.4, -10, -19
1653.5, -10, -19
1653.6, -10, -19
1653.7, -9, -19
1653.8, -9, -19
1653.9, -9, -19
1654, -9, -19
1654.1, -9, -19
1654.2, -9, -19
1654.3, -9, -19
1654.4, -9, -19
1654.5, -9, -19
1654.6, -9, -19
1654.7, -9, -19
1654.8, -9, -19
1654.9, -9, -18
1655, -9, -18
1655.1, -9, -18
1655.2, -9, -18
1655.3, -9, -18
1655.4, -9, -18
1655.5, -9, -18
1655.6, -9, -18
1655.7, -9, -18
1655.8, -9, -18
1655.9, -9, -18
1656, -9, -18
1656.1, -9, -18
1656.2, -9, -18
1656.3, -9, -18
1656.4, -9, -18
1656.5, -9, -18
1656.6, -9, -18
1656.7, -9, -18
1656.8, -9, -18
1656.9, -9, -18
1657, -9, -18
1657.1, -9, -18
1657.2, -9, -18
1657.3, -9, -17
1657.4, -9, -17
1657.5, -9, -17
1657.6, -9, -17
1657.7, -9, -17
1657.8, -9, -17
1657.9, -9, -17
1658, -9, -17
1658.1, -9, -17
1658.2, -9, -17
1658.3, -9, -17
1658.4, -9, -17
1658.5, -9, -17
1658.6, -9, -17
1658.7, -9, -17
1658.8, -9, -17
1658.9, -9, -17
1659, -9, -17
1659.1, -9, -17
1659.2, -9, -17
1659.3, -9, -17
1659.4, -9, -17
1659.5, -9, -17
1659.6, -9, -17
1659.7, -9, -17
1659.8, -9, -17
1659.9, -10, -17
1660, -10, -17
1660.1, -10, -17
1660.2, -10, -17
1660.3, -10, -17
1660.4, -10, -17
1660.5, -10, -17
1660.6, -10, -17
1660.7, -10, -17
1660.8, -10, -17
1660.9, -10, -17
1661, -10, -17
1661.1, -10, -17
1661.2, -10, -17
1661.3, -10, -17
1661.4, -10, -17
1661.5, -10, -17
1661.6, -10, -17
1661.7, -10, -17
1661.8, -10, -17
1661.9, -10, -17
1662, -10, -17
1662.1, -10, -17
1662.2, -10, -17
1662.3, -10, -17
1662.4, -10, -17
1662.5, -10, -18
1662.6, -10, -18
1662.7, -10, -18
1662.8, -10, -18
1662.9, -10, -18
1663, -10, -18
1663.1, -10, -18
1663.2, -10, -18
1663.3, -10, -18
1663.4, -10, -18
1663.5, -10, -18
1663.6, -10, -18
1663.7, -10, -18
1663.8, -10, -18
1663.9, -10, -18
1664, -10, -18
1664.1, -10, -19
1664.2, -10, -19
1664.3, -10, -19
1664.4, -10, -19
1664.5, -10, -19
1664.6, -10, -19
1664.7, -10, -19
1664.8, -10, -19
1664.9, -10, -19
1665, -10, -19
1665.1, -10, -19
1665.2, -10, -19
1665.3, -10, -19
1665.4, -10, -19
1665.5, -10, -20
1665.6, -10, -20
1665.7, -10, -20
1665.8, -10, -20
1665.9, -10, -19
1666, -10, -19
1666.1, -10, -19
1666.2, -10, -19
1666.3, -10, -19
1666.4, -10, -19
1666.5, -10, -19
1666.6, -10, -19
1666.7, -10, -19
1666.8, -10, -19
1666.9, -10, -19
1667, -10, -19
1667.1, -10, -19
1667.2, -10, -19
1667.3, -10, -19
1667.4, -10, -19
1667.5, -10, -19
1667.6, -10, -19
1667.7, -10, -19
1667.8, -10, -19
1667.9, -10, -19
1668, -10, -19
1668.1, -10, -20
1668.2, -10, -20
1668.3, -10, -20
1668.4, -10, -20
1668.5, -10, -20
1668.6, -10, -20
1668.7, -10, -20
1668.8, -10, -20
1668.9, -10, -20
1669, -10, -20
1669.1, -10, -20
1669.2, -10, -20
1669.3, -10, -20
1669.4, -10, -20
1669.5, -10, -20
1669.6, -10, -20
1669.7, -10, -19
1669.8, -10, -19
1669.9, -10, -19
1670, -10, -19
1670.1, -10, -19
1670.2, -10, -19
1670.3, -10, -19
1670.4, -10, -19
1670.5, -10, -19
1670.6, -10, -19
1670.7, -10, -19
1670.8, -10, -19
1670.9, -10, -19
1671, -10, -19
1671.1, -10, -19
1671.2, -10, -19
1671.3, -10, -19
1671.4, -10, -19
1671.5, -9, -19
1671.6, -9, -19
1671.7, -9, -19
1671.8, -9, -19
1671.9, -9, -19
1672, -9, -19
1672.1, -9, -19
1672.2, -9, -19
1672.3, -9, -19
1672.4, -9, -19
1672.5, -9, -19
1672.6, -9, -19
1672.7, -9, -19
1672.8, -9, -19
1672.9, -9, -19
1673, -9, -19
1673.1, -9, -19
1673.2, -9, -19
1673.3, -9, -19
1673.4, -9, -19
1673.5, -9, -19
1673.6, -9, -19
1673.7, -9, -19
1673.8, -9, -19
1673.9, -9, -19
1674, -9, -19
1674.1, -9, -19
1674.2, -9, -19
1674.3, -9, -19
1674.4, -9, -19
1674.5, -9, -19
1674.6, -9, -19
1674.7, -9, -19
1674.8, -9, -19
1674.9, -9, -19
1675, -9, -19
1675.1, -9, -19
1675.2, -9, -19
1675.3, -9, -19
1675.4, -9, -19
1675.5, -9, -19
1675.6, -9, -19
1675.7, -9, -19
1675.8, -9, -19
1675.9, -9, -19
1676, -9, -19
1676.1, -9, -19
1676.2, -9, -19
1676.3, -9, -19
1676.4, -9, -19
1676.5, -9, -19
1676.6, -9, -19
1676.7, -9, -19
1676.8, -9, -19
1676.9, -9, -20
1677, -9, -20
1677.1, -9, -20
1677.2, -9, -20
1677.3, -9, -20
1677.4, -9, -20
1677.5, -10, -20
1677.6, -10, -20
1677.7, -10, -20
1677.8, -10, -20
1677.9, -10, -20
1678, -10, -20
1678.1, -10, -20
1678.2, -10, -20
1678.3, -9, -20
1678.4, -9, -20
1678.5, -9, -20
1678.6, -9, -20
1678.7, -9, -20
1678.8, -9, -20
1678.9, -10, -20
1679, -10, -20
1679.1, -10, -20
1679.2, -10, -20
1679.3, -10, -20
1679.4, -10, -20
1679.5, -10, -20
1679.6, -10, -20
1679.7, -10, -20
1679.8, -10, -20
1679.9, -10, -20
1680, -10, -20
1680.1, -10, -20
1680.2, -10, -20
1680.3, -10, -20
1680.4, -10, -20
1680.5, -10, -20
1680.6, -10, -20
1680.7, -10, -20
1680.8, -10, -20
1680.9, -10, -20
1681, -10, -20
1681.1, -10, -20
1681.2, -10, -20
1681.3, -10, -20
1681.4, -10, -20
1681.5, -10, -20
1681.6, -10, -20
1681.7, -10, -20
1681.8, -10, -20
1681.9, -9, -20
1682, -9, -20
1682.1, -9, -20
1682.2, -9, -20
1682.3, -9, -19
1682.4, -9, -19
1682.5, -9, -19
1682.6, -9, -19
1682.7, -9, -19
1682.8, -9, -19
1682.9, -9, -19
1683, -9, -19
1683.1, -9, -19
1683.2, -9, -19
1683.3, -9, -19
1683.4, -9, -19
1683.5, -9, -19
1683.6, -9, -19
1683.7, -9, -20
1683.8, -9, -20
1683.9, -9, -20
1684, -9, -20
1684.1, -9, -20
1684.2, -9, -20
1684.3, -9, -20
1684.4, -9, -20
1684.5, -9, -20
1684.6, -9, -20
1684.7, -9, -20
1684.8, -9, -20
1684.9, -9, -20
1685, -9, -20
1685.1, -9, -20
1685.2, -9, -20
1685.3, -9, -20
1685.4, -9, -20
1685.5, -9, -20
1685.6, -9, -20
1685.7, -9, -20
1685.8, -9, -20
1685.9, -9, -20
1686, -9, -20
1686.1, -9, -20
1686.2, -9, -20
1686.3, -9, -20
1686.4, -9, -20
1686.5, -9, -20
1686.6, -9, -20
1686.7, -9, -20
1686.8, -9, -20
1686.9, -9, -20
1687, -9, -20
1687.1, -9, -20
1687.2, -9, -20
1687.3, -9, -20
1687.4, -9, -20
1687.5, -9, -20
1687.6, -9, -20
1687.7, -9, -20
1687.8, -9, -20
1687.9, -9, -20
1688, -9, -20
1688.1, -9, -20
1688.2, -9, -20
1688.3, -9, -20
1688.4, -9, -20
1688.5, -9, -20
1688.6, -9, -20
1688.7, -9, -20
1688.8, -9, -20
1688.9, -9, -20
1689, -9, -20
1689.1, -9, -20
1689.2, -9, -20
1689.3, -9, -20
1689.4, -9, -20
1689.5, -9, -20
1689.6, -9, -20
1689.7, -9, -20
1689.8, -9, -20
1689.9, -9, -20
1690, -9, -20
1690.1, -10, -20
1690.2, -10, -20
1690.3, -10, -20
1690.4, -10, -20
1690.5, -10, -20
1690.6, -10, -20
1690.7, -10, -20
1690.8, -10, -20
1690.9, -10, -20
1691, -10, -20
1691.1, -10, -20
1691.2, -10, -20
1691.3, -10, -20
1691.4, -10, -20
1691.5, -10, -20
1691.6, -10, -20
1691.7, -10, -20
1691.8, -10, -20
1691.9, -10, -20
1692, -10, -20
1692.1, -10, -20
1692.2, -10, -20
1692.3, -10, -20
1692.4, -10, -20
1692.5, -10, -20
1692.6, -10, -20
1692.7, -10, -20
1692.8, -10, -20
1692.9, -10, -20
1693, -10, -20
1693.1, -10, -19
1693.2, -10, -19
1693.3, -10, -19
1693.4, -10, -19
1693.5, -10, -19
1693.6, -10, -19
1693.7, -10, -19
1693.8, -10, -19
1693.9, -10, -19
1694, -10, -19
1694.1, -10, -19
1694.2, -10, -19
1694.3, -10, -19
1694.4, -10, -19
1694.5, -10, -19
1694.6, -10, -19
1694.7, -11, -19
1694.8, -11, -19
1694.9, -10, -19
1695, -10, -19
1695.1, -10, -19
1695.2, -10, -19
1695.3, -10, -19
1695.4, -10, -19
1695.5, -10, -19
1695.6, -10, -19
1695.7, -10, -19
1695.8, -10, -19
1695.9, -10, -19
1696, -10, -19
1696.1, -10, -19
1696.2, -10, -19
1696.3, -10, -19
1696.4, -10, -19
1696.5, -10, -19
1696.6, -10, -19
1696.7, -10, -19
1696.8, -10, -19
1696.9, -10, -19
1697, -10, -19
1697.1, -10, -19
1697.2, -10, -19
1697.3, -10, -19
1697.4, -10, -19
1697.5, -10, -19
1697.6, -10, -19
1697.7, -10, -19
1697.8, -10, -19
1697.9, -10, -19
1698, -10, -19
1698.1, -9, -19
1698.2, -9, -19
1698.3, -9, -19
1698.4, -9, -19
1698.5, -9, -19
1698.6, -9, -19
1698.7, -9, -19
1698.8, -9, -19
1698.9, -9, -19
1699, -9, -19
1699.1, -9, -19
1699.2, -9, -19
1699.3, -9, -19
1699.4, -9, -19
1699.5, -9, -19
1699.6, -9, -19
1699.7, -9, -19
1699.8, -9, -19
1699.9, -9, -19
1700, -9, -19
1700.1, -9, -19
1700.2, -9, -19
1700.3, -9, -19
1700.4, -9, -19
1700.5, -9, -19
1700.6, -9, -19
1700.7, -9, -19
1700.8, -9, -19
1700.9, -9, -19
1701, -9, -19
1701.1, -9, -19
1701.2, -9, -19
1701.3, -9, -19
1701.4, -9, -19
1701.5, -9, -19
1701.6, -9, -19
1701.7, -9, -19
1701.8, -9, -19
1701.9, -9, -19
1702, -9, -19
1702.1, -9, -19
1702.2, -9, -19
1702.3, -9, -19
1702.4, -9, -19
1702.5, -9, -19
1702.6, -9, -19
1702.7, -10, -19
1702.8, -10, -19
1702.9, -10, -19
1703, -10, -19
1703.1, -10, -19
1703.2, -10, -19
1703.3, -10, -19
1703.4, -10, -19
1703.5, -10, -19
1703.6, -10, -19
1703.7, -10, -19
1703.8, -10, -19
1703.9, -10, -19
1704, -10, -19
1704.1, -10, -19
1704.2, -10, -19
1704.3, -10, -19
1704.4, -10, -19
1704.5, -10, -19
1704.6, -10, -19
1704.7, -10, -19
1704.8, -10, -19
1704.9, -10, -19
1705, -10, -19
1705.1, -10, -20
1705.2, -10, -20
1705.3, -10, -20
1705.4, -10, -20
1705.5, -10, -20
1705.6, -10, -20
1705.7, -10, -20
1705.8, -10, -20
1705.9, -10, -20
1706, -10, -20
1706.1, -10, -20
1706.2, -10, -20
1706.3, -11, -20
1706.4, -11, -20
1706.5, -11, -20
1706.6, -11, -20
1706.7, -11, -20
1706.8, -11, -20
1706.9, -11, -20
1707, -11, -20
1707.1, -11, -20
1707.2, -11, -20
1707.3, -11, -20
1707.4, -11, -20
1707.5, -11, -20
1707.6, -11, -20
1707.7, -11, -20
1707.8, -11, -20
1707.9, -12, -20
1708, -12, -20
1708.1, -12, -20
1708.2, -12, -20
1708.3, -12, -20
1708.4, -12, -20
1708.5, -12, -20
1708.6, -12, -20
1708.7, -12, -20
1708.8, -12, -20
1708.9, -12, -20
1709, -12, -20
1709.1, -12, -20
1709.2, -12, -20
1709.3, -12, -20
1709.4, -12, -20
1709.5, -12, -20
1709.6, -12, -20
1709.7, -12, -20
1709.8, -12, -20
1709.9, -12, -20
1710, -12, -20
1710.1, -12, -20
1710.2, -12, -20
1710.3, -12, -20
1710.4, -12, -20
1710.5, -12, -20
1710.6, -12, -20
1710.7, -12, -20
1710.8, -12, -20
1710.9, -12, -19
1711, -12, -19
1711.1, -12, -19
1711.2, -12, -19
1711.3, -12, -19
1711.4, -12, -19
1711.5, -12, -19
1711.6, -12, -19
1711.7, -12, -19
1711.8, -12, -19
1711.9, -12, -19
1712, -12, -19
1712.1, -12, -19
1712.2, -12, -19
1712.3, -12, -19
1712.4, -12, -19
1712.5, -12, -19
1712.6, -12, -19
1712.7, -12, -19
1712.8, -12, -19
1712.9, -11, -19
1713, -11, -19
1713.1, -11, -19
1713.2, -11, -19
1713.3, -11, -19
1713.4, -11, -19
1713.5, -11, -19
1713.6, -11, -19
1713.7, -11, -19
1713.8, -11, -19
1713.9, -11, -19
1714, -11, -19
1714.1, -11, -19
1714.2, -11, -19
1714.3, -11, -19
1714.4, -11, -19
1714.5, -11, -19
1714.6, -11, -19
1714.7, -11, -19
1714.8, -11, -19
1714.9, -11, -19
1715, -11, -19
1715.1, -11, -19
1715.2, -11, -19
1715.3, -12, -19
1715.4, -12, -19
1715.5, -12, -19
1715.6, -12, -19
1715.7, -12, -19
1715.8, -12, -19
1715.9, -12, -19
1716, -12, -19
1716.1, -12, -19
1716.2, -12, -19
1716.3, -12, -19
1716.4, -12, -19
1716.5, -12, -19
1716.6, -12, -19
1716.7, -12, -20
1716.8, -12, -20
1716.9, -12, -20
1717, -12, -20
1717.1, -12, -20
1717.2, -12, -20
1717.3, -12, -20
1717.4, -12, -20
1717.5, -12, -20
1717.6, -12, -20
1717.7, -12, -20
1717.8, -12, -20
1717.9, -12, -20
1718, -12, -20
1718.1, -12, -20
1718.2, -12, -20
1718.3, -12, -20
1718.4, -12, -20
1718.5, -12, -20
1718.6, -12, -20
1718.7, -12, -20
1718.8, -12, -20
1718.9, -12, -20
1719, -12, -20
1719.1, -12, -20
1719.2, -12, -20
1719.3, -12, -20
1719.4, -12, -20
1719.5, -12, -20
1719.6, -12, -20
1719.7, -12, -20
1719.8, -12, -20
1719.9, -11, -20
1720, -11, -20
1720.1, -11, -20
1720.2, -11, -20
1720.3, -11, -20
1720.4, -11, -20
1720.5, -11, -20
1720.6, -11, -20
1720.7, -11, -20
1720.8, -11, -20
1720.9, -11, -20
1721, -11, -20
1721.1, -11, -20
1721.2, -11, -20
1721.3, -11, -20
1721.4, -11, -20
1721.5, -11, -20
1721.6, -11, -20
1721.7, -11, -20
1721.8, -11, -20
1721.9, -11, -20
1722, -11, -20
1722.1, -11, -20
1722.2, -11, -20
1722.3, -11, -20
1722.4, -11, -20
1722.5, -11, -20
1722.6, -11, -20
1722.7, -11, -20
1722.8, -11, -20
1722.9, -11, -19
1723, -11, -19
1723.1, -11, -19
1723.2, -11, -19
1723.3, -11, -19
1723.4, -11, -19
1723.5, -11, -19
1723.6, -11, -19
1723.7, -11, -19
1723.8, -11, -19
1723.9, -11, -19
1724, -11, -19
1724.1, -11, -19
1724.2, -11, -19
1724.3, -11, -19
1724.4, -11, -19
1724.5, -12, -19
1724.6, -12, -19
1724.7, -12, -19
1724.8, -12, -19
1724.9, -12, -19
1725, -12, -19
1725.1, -12, -19
1725.2, -12, -19
1725.3, -12, -19
1725.4, -12, -19
1725.5, -12, -19
1725.6, -12, -19
1725.7, -12, -19
1725.8, -12, -19
1725.9, -12, -19
1726, -12, -19
1726.1, -12, -19
1726.2, -12, -19
1726.3, -12, -19
1726.4, -12, -19
1726.5, -12, -19
1726.6, -12, -19
1726.7, -12, -19
1726.8, -12, -19
1726.9, -12, -19
1727, -12, -19
1727.1, -13, -19
1727.2, -13, -19
1727.3, -14, -19
1727.4, -14, -19
1727.5, -14, -19
1727.6, -14, -19
1727.7, -14, -19
1727.8, -14, -19
1727.9, -14, -19
1728, -14, -19
1728.1, -14, -19
1728.2, -14, -19
1728.3, -14, -19
1728.4, -14, -19
1728.5, -14, -19
1728.6, -14, -19
1728.7, -14, -19
1728.8, -14, -19
1728.9, -14, -19
1729, -14, -19
1729.1, -13, -19
1729.2, -13, -19
1729.3, -13, -19
1729.4, -13, -19
1729.5, -13, -19
1729.6, -13, -19
1729.7, -13, -19
1729.8, -13, -19
1729.9, -13, -19
1730, -13, -19
1730.1, -13, -19
1730.2, -13, -19
1730.3, -13, -19
1730.4, -13, -19
1730.5, -13, -19
1730.6, -13, -19
1730.7, -13, -19
1730.8, -13, -19
1730.9, -13, -20
1731, -13, -20
1731.1, -12, -20
1731.2, -12, -20
1731.3, -12, -20
1731.4, -12, -20
1731.5, -12, -20
1731.6, -12, -20
1731.7, -12, -20
1731.8, -12, -20
1731.9, -12, -20
1732, -12, -20
1732.1, -12, -20
1732.2, -12, -20
1732.3, -13, -20
1732.4, -13, -20
1732.5, -13, -20
1732.6, -13, -20
1732.7, -13, -20
1732.8, -13, -20
1732.9, -13, -20
1733, -13, -20
1733.1, -13, -20
1733.2, -13, -20
1733.3, -13, -20
1733.4, -13, -20
1733.5, -13, -20
1733.6, -13, -20
1733.7, -13, -20
1733.8, -13, -20
1733.9, -13, -20
1734, -13, -20
1734.1, -13, -20
1734.2, -13, -20
1734.3, -13, -20
1734.4, -13, -20
1734.5, -13, -20
1734.6, -13, -20
1734.7, -13, -20
1734.8, -13, -20
1734.9, -13, -20
1735, -13, -20
1735.1, -13, -20
1735.2, -13, -20
1735.3, -13, -20
1735.4, -13, -20
1735.5, -13, -20
1735.6, -13, -20
1735.7, -14, -20
1735.8, -14, -20
1735.9, -14, -20
1736, -14, -20
1736.1, -14, -20
1736.2, -14, -20
1736.3, -14, -20
1736.4, -14, -20
1736.5, -14, -20
1736.6, -14, -20
1736.7, -14, -20
1736.8, -14, -20
1736.9, -14, -20
1737, -14, -20
1737.1, -14, -20
1737.2, -14, -20
1737.3, -14, -20
1737.4, -14, -20
1737.5, -14, -20
1737.6, -14, -20
1737.7, -14, -20
1737.8, -14, -20
1737.9, -14, -20
1738, -14, -20
1738.1, -14, -20
1738.2, -14, -20
1738.3, -14, -20
1738.4, -14, -20
1738.5, -14, -20
1738.6, -14, -20
1738.7, -14, -20
1738.8, -14, -20
1738.9, -14, -20
1739, -14, -20
1739.1, -14, -20
1739.2, -14, -20
1739.3, -14, -20
1739.4, -14, -20
1739.5, -14, -20
1739.6, -14, -20
1739.7, -14, -20
1739.8, -14, -20
1739.9, -14, -20
1740, -14, -20
1740.1, -14, -20
1740.2, -14, -20
1740.3, -14, -21
1740.4, -14, -21
1740.5, -14, -21
1740.6, -14, -21
1740.7, -14, -21
1740.8, -14, -21
1740.9, -14, -21
1741, -14, -21
1741.1, -14, -21
1741.2, -14, -21
1741.3, -13, -21
1741.4, -13, -21
1741.5, -13, -21
1741.6, -13, -21
1741.7, -13, -21
1741.8, -13, -21
1741.9, -13, -21
1742, -13, -21
1742.1, -13, -21
1742.2, -13, -21
1742.3, -13, -21
1742.4, -13, -21
1742.5, -13, -21
1742.6, -13, -21
1742.7, -13, -21
1742.8, -13, -21
1742.9, -13, -21
1743, -13, -21
1743.1, -13, -21
1743.2, -13, -21
1743.3, -13, -21
1743.4, -13, -21
1743.5, -13, -21
1743.6, -13, -21
1743.7, -13, -21
1743.8, -13, -21
1743.9, -13, -21
1744, -13, -21
1744.1, -12, -21
1744.2, -12, -21
1744.3, -12, -21
1744.4, -12, -21
1744.5, -12, -21
1744.6, -12, -21
1744.7, -12, -21
1744.8, -12, -21
1744.9, -12, -21
1745, -12, -21
1745.1, -13, -21
1745.2, -13, -21
1745.3, -13, -21
1745.4, -13, -21
1745.5, -13, -21
1745.6, -13, -21
1745.7, -13, -21
1745.8, -13, -21
1745.9, -13, -21
1746, -13, -21
1746.1, -13, -21
1746.2, -13, -21
1746.3, -13, -21
1746.4, -13, -21
1746.5, -13, -22
1746.6, -13, -22
1746.7, -13, -22
1746.8, -13, -22
1746.9, -13, -22
1747, -13, -22
1747.1, -13, -22
1747.2, -13, -22
1747.3, -13, -22
1747.4, -13, -22
1747.5, -13, -22
1747.6, -13, -22
1747.7, -13, -22
1747.8, -13, -22
1747.9, -13, -22
1748, -13, -22
1748.1, -13, -22
1748.2, -13, -22
1748.3, -13, -22
1748.4, -13, -22
1748.5, -13, -22
1748.6, -13, -22
1748.7, -13, -22
1748.8, -13, -22
1748.9, -13, -22
1749, -13, -22
1749.1, -13, -22
1749.2, -13, -22
1749.3, -13, -22
1749.4, -13, -22
1749.5, -13, -22
1749.6, -13, -22
1749.7, -13, -21
1749.8, -13, -21
1749.9, -13, -21
1750, -13, -21
1750.1, -13, -21
1750.2, -13, -21
1750.3, -13, -21
1750.4, -13, -21
1750.5, -13, -21
1750.6, -13, -21
1750.7, -13, -21
1750.8, -13, -21
1750.9, -13, -21
1751, -13, -21
1751.1, -13, -21
1751.2, -13, -21
1751.3, -13, -21
1751.4, -13, -21
1751.5, -13, -21
1751.6, -13, -21
1751.7, -13, -21
1751.8, -13, -21
1751.9, -13, -21
1752, -13, -21
1752.1, -13, -21
1752.2, -13, -21
1752.3, -13, -21
1752.4, -13, -21
1752.5, -13, -21
1752.6, -13, -21
1752.7, -13, -21
1752.8, -13, -21
1752.9, -13, -21
1753, -13, -21
1753.1, -13, -21
1753.2, -13, -21
1753.3, -13, -21
1753.4, -13, -21
1753.5, -13, -21
1753.6, -13, -21
1753.7, -13, -21
1753.8, -13, -21
1753.9, -13, -21
1754, -13, -21
1754.1, -13, -21
1754.2, -13, -21
1754.3, -14, -21
1754.4, -14, -21
1754.5, -14, -21
1754.6, -14, -21
1754.7, -14, -21
1754.8, -14, -21
1754.9, -14, -21
1755, -14, -21
1755.1, -14, -21
1755.2, -14, -21
1755.3, -14, -21
1755.4, -14, -21
1755.5, -14, -21
1755.6, -14, -21
1755.7, -14, -21
1755.8, -14, -21
1755.9, -14, -21
1756, -14, -21
1756.1, -14, -21
1756.2, -14, -21
1756.3, -14, -21
1756.4, -14, -21
1756.5, -15, -21
1756.6, -15, -21
1756.7, -15, -21
1756.8, -15, -21
1756.9, -15, -21
1757, -15, -21
1757.1, -15, -21
1757.2, -15, -21
1757.3, -16, -21
1757.4, -16, -21
1757.5, -16, -21
1757.6, -16, -21
1757.7, -16, -21
1757.8, -16, -21
1757.9, -16, -21
1758, -16, -21
1758.1, -16, -21
1758.2, -16, -21
1758.3, -16, -21
1758.4, -16, -21
1758.5, -16, -21
1758.6, -16, -21
1758.7, -16, -21
1758.8, -16, -21
1758.9, -16, -21
1759, -16, -21
1759.1, -16, -21
1759.2, -16, -21
1759.3, -16, -21
1759.4, -16, -21
1759.5, -16, -21
1759.6, -16, -21
1759.7, -16, -21
1759.8, -16, -21
1759.9, -16, -21
1760, -16, -21
1760.1, -16, -21
1760.2, -16, -21
1760.3, -16, -21
1760.4, -16, -21
1760.5, -16, -21
1760.6, -16, -21
1760.7, -16, -21
1760.8, -16, -21
1760.9, -16, -21
1761, -16, -21
1761.1, -16, -21
1761.2, -16, -21
1761.3, -16, -21
1761.4, -16, -21
1761.5, -16, -21
1761.6, -16, -21
1761.7, -16, -21
1761.8, -16, -21
1761.9, -16, -21
1762, -16, -21
1762.1, -16, -21
1762.2, -16, -21
1762.3, -16, -21
1762.4, -16, -21
1762.5, -16, -21
1762.6, -16, -21
1762.7, -16, -21
1762.8, -16, -21
1762.9, -16, -21
1763, -16, -21
1763.1, -16, -21
1763.2, -16, -21
1763.3, -16, -21
1763.4, -16, -21
1763.5, -16, -21
1763.6, -16, -21
1763.7, -16, -21
1763.8, -16, -21
1763.9, -16, -21
1764, -16, -21
1764.1, -16, -21
1764.2, -16, -21
1764.3, -16, -22
1764.4, -16, -22
1764.5, -16, -22
1764.6, -16, -22
1764.7, -16, -22
1764.8, -16, -22
1764.9, -16, -22
1765, -16, -22
1765.1, -16, -22
1765.2, -16, -22
1765.3, -16, -22
1765.4, -16, -22
1765.5, -16, -22
1765.6, -16, -22
1765.7, -16, -22
1765.8, -16, -22
1765.9, -16, -22
1766, -16, -22
1766.1, -16, -22
1766.2, -16, -22
1766.3, -16, -22
1766.4, -16, -22
1766.5, -16, -22
1766.6, -16, -22
1766.7, -17, -22
1766.8, -17, -22
1766.9, -16, -22
1767, -16, -22
1767.1, -16, -22
1767.2, -16, -22
1767.3, -16, -22
1767.4, -16, -22
1767.5, -16, -22
1767.6, -16, -22
1767.7, -16, -22
1767.8, -16, -22
1767.9, -16, -22
1768, -16, -22
1768.1, -16, -22
1768.2, -16, -22
1768.3, -16, -22
1768.4, -16, -22
1768.5, -16, -22
1768.6, -16, -22
1768.7, -16, -22
1768.8, -16, -22
1768.9, -16, -22
1769, -16, -22
1769.1, -16, -22
1769.2, -16, -22
1769.3, -16, -22
1769.4, -16, -22
1769.5, -16, -22
1769.6, -16, -22
1769.7, -16, -22
1769.8, -16, -22
1769.9, -16, -22
1770, -16, -22
1770.1, -16, -22
1770.2, -16, -22
1770.3, -16, -22
1770.4, -16, -22
1770.5, -16, -22
1770.6, -16, -22
1770.7, -16, -22
1770.8, -16, -22
1770.9, -16, -22
1771, -16, -22
1771.1, -16, -22
1771.2, -16, -22
1771.3, -16, -22
1771.4, -16, -22
1771.5, -16, -22
1771.6, -16, -22
1771.7, -16, -22
1771.8, -16, -22
1771.9, -16, -22
1772, -16, -22
1772.1, -16, -21
1772.2, -16, -21
1772.3, -16, -21
1772.4, -16, -21
1772.5, -16, -21
1772.6, -16, -21
1772.7, -16, -21
1772.8, -16, -21
1772.9, -16, -21
1773, -16, -21
1773.1, -16, -21
1773.2, -16, -21
1773.3, -16, -21
1773.4, -16, -21
1773.5, -16, -21
1773.6, -16, -21
1773.7, -16, -21
1773.8, -16, -21
1773.9, -16, -21
1774, -16, -21
1774.1, -16, -21
1774.2, -16, -21
1774.3, -16, -21
1774.4, -16, -21
1774.5, -16, -21
1774.6, -16, -21
1774.7, -16, -21
1774.8, -16, -21
1774.9, -16, -21
1775, -16, -21
1775.1, -16, -21
1775.2, -16, -21
1775.3, -16, -21
1775.4, -16, -21
1775.5, -16, -21
1775.6, -16, -21
1775.7, -16, -21
1775.8, -16, -21
1775.9, -16, -21
1776, -16, -21
1776.1, -16, -21
1776.2, -16, -21
1776.3, -16, -21
1776.4, -16, -21
1776.5, -16, -21
1776.6, -16, -21
1776.7, -16, -20
1776.8, -16, -20
1776.9, -16, -20
1777, -16, -20
1777.1, -16, -20
1777.2, -16, -20
1777.3, -16, -20
1777.4, -16, -20
1777.5, -16, -20
1777.6, -16, -20
1777.7, -16, -20
1777.8, -16, -20
1777.9, -16, -20
1778, -16, -20
1778.1, -16, -20
1778.2, -16, -20
1778.3, -16, -20
1778.4, -16, -20
1778.5, -16, -20
1778.6, -16, -20
1778.7, -16, -20
1778.8, -16, -20
1778.9, -16, -20
1779, -16, -20
1779.1, -16, -20
1779.2, -16, -20
1779.3, -16, -20
1779.4, -16, -20
1779.5, -16, -20
1779.6, -16, -20
1779.7, -16, -20
1779.8, -16, -20
1779.9, -16, -21
1780, -16, -21
1780.1, -16, -22
1780.2, -16, -22
1780.3, -16, -22
1780.4, -16, -22
1780.5, -16, -22
1780.6, -16, -22
1780.7, -16, -22
1780.8, -16, -22
1780.9, -16, -22
1781, -16, -22
1781.1, -16, -22
1781.2, -16, -22
1781.3, -16, -22
1781.4, -16, -22
1781.5, -16, -22
1781.6, -16, -22
1781.7, -16, -22
1781.8, -16, -22
1781.9, -16, -22
1782, -16, -22
1782.1, -16, -22
1782.2, -16, -22
1782.3, -16, -22
1782.4, -16, -22
1782.5, -16, -22
1782.6, -16, -22
1782.7, -16, -22
1782.8, -16, -22
1782.9, -16, -22
1783, -16, -22
1783.1, -16, -22
1783.2, -16, -22
1783.3, -16, -22
1783.4, -16, -22
1783.5, -16, -22
1783.6, -16, -22
1783.7, -16, -22
1783.8, -16, -22
1783.9, -16, -22
1784, -16, -22
1784.1, -16, -22
1784.2, -16, -22
1784.3, -16, -22
1784.4, -16, -22
1784.5, -16, -22
1784.6, -16, -22
1784.7, -16, -22
1784.8, -16, -22
1784.9, -16, -22
1785, -16, -22
1785.1, -16, -22
1785.2, -16, -22
1785.3, -16, -22
1785.4, -16, -22
1785.5, -16, -22
1785.6, -16, -22
1785.7, -16, -22
1785.8, -16, -22
1785.9, -16, -22
1786, -16, -22
1786.1, -16, -22
1786.2, -16, -22
1786.3, -16, -22
1786.4, -16, -22
1786.5, -16, -22
1786.6, -16, -22
1786.7, -16, -22
1786.8, -16, -22
1786.9, -16, -22
1787, -16, -22
1787.1, -16, -23
1787.2, -16, -23
1787.3, -16, -23
1787.4, -16, -23
1787.5, -16, -23
1787.6, -16, -23
1787.7, -15, -23
1787.8, -15, -23
1787.9, -15, -23
1788, -15, -23
1788.1, -15, -23
1788.2, -15, -23
1788.3, -15, -23
1788.4, -15, -23
1788.5, -15, -23
1788.6, -15, -23
1788.7, -15, -23
1788.8, -15, -23
1788.9, -15, -23
1789, -15, -23
1789.1, -15, -23
1789.2, -15, -23
1789.3, -15, -23
1789.4, -15, -23
1789.5, -15, -23
1789.6, -15, -23
1789.7, -15, -23
1789.8, -15, -23
1789.9, -15, -23
1790, -15, -23
1790.1, -15, -23
1790.2, -15, -23
1790.3, -15, -23
1790.4, -15, -23
1790.5, -15, -23
1790.6, -15, -23
1790.7, -15, -23
1790.8, -15, -23
1790.9, -15, -22
1791, -15, -22
1791.1, -15, -22
1791.2, -15, -22
1791.3, -15, -22
1791.4, -15, -22
1791.5, -15, -22
1791.6, -15, -22
1791.7, -15, -22
1791.8, -15, -22
1791.9, -15, -22
1792, -15, -22
1792.1, -15, -22
1792.2, -15, -22
1792.3, -15, -22
1792.4, -15, -22
1792.5, -15, -22
1792.6, -15, -22
1792.7, -15, -22
1792.8, -15, -22
1792.9, -15, -22
1793, -15, -22
1793.1, -15, -21
1793.2, -15, -21
1793.3, -15, -21
1793.4, -15, -21
1793.5, -15, -21
1793.6, -15, -21
1793.7, -15, -21
1793.8, -15, -21
1793.9, -15, -21
1794, -15, -21
1794.1, -15, -21
1794.2, -15, -21
1794.3, -15, -21
1794.4, -15, -21
1794.5, -15, -21
1794.6, -15, -21
1794.7, -15, -21
1794.8, -15, -21
1794.9, -15, -21
1795, -15, -21
1795.1, -15, -21
1795.2, -15, -21
1795.3, -15, -21
1795.4, -15, -21
1795.5, -15, -21
1795.6, -15, -21
1795.7, -15, -21
1795.8, -15, -21
1795.9, -15, -21
1796, -15, -21
1796.1, -15, -21
1796.2, -15, -21
1796.3, -15, -21
1796.4, -15, -21
1796.5, -15, -21
1796.6, -15, -21
1796.7, -15, -21
1796.8, -15, -21
1796.9, -15, -21
1797, -15, -21
1797.1, -15, -21
1797.2, -15, -21
1797.3, -15, -21
1797.4, -15, -21
1797.5, -15, -21
1797.6, -15, -21
1797.7, -15, -21
1797.8, -15, -21
1797.9, -15, -21
1798, -15, -21
1798.1, -15, -21
1798.2, -15, -21
1798.3, -16, -21
1798.4, -16, -21
1798.5, -15, -21
1798.6, -15, -21
1798.7, -15, -21
1798.8, -15, -21
1798.9, -15, -21
1799, -15, -21
1799.1, -15, -21
1799.2, -15, -21
1799.3, -15, -21
1799.4, -15, -21
1799.5, -15, -21
1799.6, -15, -21
1799.7, -15, -21
1799.8, -15, -21
1799.9, -15, -21
1800, -15, -21
1800.1, -15, -21
1800.2, -15, -21
1800.3, -15, -21
1800.4, -15, -21
1800.5, -16, -21
1800.6, -16, -21
1800.7, -16, -21
1800.8, -16, -21
1800.9, -16, -21
1801, -16, -21
1801.1, -16, -21
1801.2, -16, -21
1801.3, -16, -21
1801.4, -16, -21
1801.5, -16, -20
1801.6, -16, -20
1801.7, -16, -20
1801.8, -16, -20
1801.9, -16, -19
1802, -16, -19
1802.1, -16, -19
1802.2, -16, -19
1802.3, -16, -19
1802.4, -16, -19
1802.5, -16, -19
1802.6, -16, -19
1802.7, -17, -19
1802.8, -17, -19
1802.9, -17, -19
1803, -17, -19
1803.1, -17, -19
1803.2, -17, -19
1803.3, -17, -19
1803.4, -17, -19
1803.5, -18, -19
1803.6, -18, -19
1803.7, -18, -19
1803.8, -18, -19
1803.9, -18, -19
1804, -18, -19
1804.1, -18, -19
1804.2, -18, -19
1804.3, -18, -19
1804.4, -18, -19
1804.5, -18, -19
1804.6, -18, -19
1804.7, -19, -19
1804.8, -19, -19
1804.9, -19, -19
1805, -19, -19
1805.1, -19, -19
1805.2, -19, -19
1805.3, -19, -19
1805.4, -19, -19
1805.5, -19, -19
1805.6, -19, -19
1805.7, -19, -19
1805.8, -19, -19
1805.9, -19, -19
1806, -19, -19
1806.1, -19, -19
1806.2, -19, -19
1806.3, -19, -19
1806.4, -19, -19
1806.5, -19, -19
1806.6, -19, -19
1806.7, -19, -19
1806.8, -19, -19
1806.9, -19, -19
1807, -19, -19
1807.1, -19, -19
1807.2, -19, -19
1807.3, -19, -19
1807.4, -19, -19
1807.5, -19, -19
1807.6, -19, -19
1807.7, -19, -19
1807.8, -19, -19
1807.9, -19, -19
1808, -19, -19
1808.1, -19, -19
1808.2, -19, -19
1808.3, -19, -19
1808.4, -19, -19
1808.5, -19, -19
1808.6, -19, -19
1808.7, -19, -19
1808.8, -19, -19
1808.9, -19, -19
1809, -19, -19
1809.1, -19, -19
1809.2, -19, -19
1809.3, -18, -19
1809.4, -18, -19
1809.5, -18, -19
1809.6, -18, -19
1809.7, -19, -19
1809.8, -19, -19
1809.9, -19, -19
1810, -19, -19
1810.1, -19, -19
1810.2, -19, -19
1810.3, -19, -19
1810.4, -19, -19
1810.5, -19, -19
1810.6, -19, -19
1810.7, -19, -19
1810.8, -19, -19
1810.9, -19, -19
1811, -19, -19
1811.1, -19, -19
1811.2, -19, -19
1811.3, -19, -19
1811.4, -19, -19
1811.5, -19, -19
1811.6, -19, -19
1811.7, -19, -19
1811.8, -19, -19
1811.9, -19, -19
1812, -19, -19
1812.1, -19, -19
1812.2, -19, -19
1812.3, -19, -19
1812.4, -19, -19
1812.5, -19, -19
1812.6, -19, -19
1812.7, -19, -19
1812.8, -19, -19
1812.9, -19, -19
1813, -19, -19
1813.1, -19, -19
1813.2, -19, -19
1813.3, -19, -19
1813.4, -19, -19
1813.5, -19, -19
1813.6, -19, -19
1813.7, -19, -19
1813.8, -19, -19
1813.9, -19, -19
1814, -19, -19
1814.1, -19, -19
1814.2, -19, -19
1814.3, -19, -19
1814.4, -19, -19
1814.5, -19, -19
1814.6, -19, -19
1814.7, -19, -19
1814.8, -19, -19
1814.9, -19, -19
1815, -19, -19
1815.1, -19, -19
1815.2, -19, -19
1815.3, -19, -19
1815.4, -19, -19
1815.5, -19, -19
1815.6, -19, -19
1815.7, -19, -19
1815.8, -19, -19
1815.9, -19, -19
1816, -19, -19
1816.1, -19, -19
1816.2, -19, -19
1816.3, -19, -19
1816.4, -19, -19
1816.5, -19, -19
1816.6, -19, -19
1816.7, -19, -19
1816.8, -19, -19
1816.9, -19, -19
1817, -19, -19
1817.1, -19, -19
1817.2, -19, -19
1817.3, -19, -19
1817.4, -19, -19
1817.5, -19, -19
1817.6, -19, -19
1817.7, -19, -19
1817.8, -19, -19
1817.9, -19, -18
1818, -19, -18
1818.1, -19, -18
1818.2, -19, -18
1818.3, -19, -18
1818.4, -19, -18
1818.5, -19, -18
1818.6, -19, -18
1818.7, -19, -18
1818.8, -19, -18
1818.9, -19, -18
1819, -19, -18
1819.1, -19, -18
1819.2, -19, -18
1819.3, -19, -18
1819.4, -19, -18
1819.5, -19, -18
1819.6, -19, -18
1819.7, -19, -18
1819.8, -19, -18
1819.9, -18, -18
1820, -18, -18
1820.1, -18, -18
1820.2, -18, -18
1820.3, -18, -18
1820.4, -18, -18
1820.5, -18, -18
1820.6, -18, -18
1820.7, -18, -18
1820.8, -18, -18
1820.9, -18, -18
1821, -18, -18
1821.1, -18, -18
1821.2, -18, -18
1821.3, -18, -18
1821.4, -18, -18
1821.5, -18, -18
1821.6, -18, -18
1821.7, -18, -19
1821.8, -18, -19
1821.9, -18, -19
1822, -18, -19
1822.1, -18, -19
1822.2, -18, -19
1822.3, -18, -19
1822.4, -18, -19
1822.5, -18, -19
1822.6, -18, -19
1822.7, -18, -19
1822.8, -18, -19
1822.9, -18, -19
1823, -18, -19
1823.1, -18, -19
1823.2, -18, -19
1823.3, -18, -19
1823.4, -18, -19
1823.5, -18, -18
1823.6, -18, -18
1823.7, -18, -18
1823.8, -18, -18
1823.9, -18, -18
1824, -18, -18
1824.1, -18, -18
1824.2, -18, -18
1824.3, -18, -19
1824.4, -18, -19
1824.5, -18, -19
1824.6, -18, -19
1824.7, -18, -20
1824.8, -18, -20
1824.9, -18, -19
1825, -18, -19
1825.1, -18, -19
1825.2, -18, -19
1825.3, -18, -19
1825.4, -18, -19
1825.5, -18, -19
1825.6, -18, -19
1825.7, -18, -19
1825.8, -18, -19
1825.9, -18, -19
1826, -18, -19
1826.1, -17, -19
1826.2, -17, -19
1826.3, -17, -19
1826.4, -17, -19
1826.5, -17, -19
1826.6, -17, -19
1826.7, -17, -19
1826.8, -17, -19
1826.9, -17, -19
1827, -17, -19
1827.1, -17, -19
1827.2, -17, -19
1827.3, -17, -19
1827.4, -17, -19
1827.5, -17, -19
1827.6, -17, -19
1827.7, -17, -19
1827.8, -17, -19
1827.9, -17, -19
1828, -17, -19
1828.1, -17, -19
1828.2, -17, -19
1828.3, -17, -19
1828.4, -17, -19
1828.5, -17, -19
1828.6, -17, -19
1828.7, -17, -19
1828.8, -17, -19
1828.9, -17, -19
1829, -17, -19
1829.1, -17, -19
1829.2, -17, -19
1829.3, -17, -19
1829.4, -17, -19
1829.5, -18, -19
1829.6, -18, -19
1829.7, -18, -19
1829.8, -18, -19
1829.9, -18, -19
1830, -18, -19
1830.1, -18, -19
1830.2, -18, -19
1830.3, -18, -19
1830.4, -18, -19
1830.5, -18, -19
1830.6, -18, -19
1830.7, -18, -19
1830.8, -18, -19
1830.9, -18, -19
1831, -18, -19
1831.1, -18, -19
1831.2, -18, -19
1831.3, -18, -19
1831.4, -18, -19
1831.5, -18, -19
1831.6, -18, -19
1831.7, -18, -19
1831.8, -18, -19
1831.9, -18, -19
1832, -18, -19
1832.1, -18, -19
1832.2, -18, -19
1832.3, -18, -19
1832.4, -18, -19
1832.5, -18, -19
1832.6, -18, -19
1832.7, -18, -19
1832.8, -18, -19
1832.9, -18, -19
1833, -18, -19
1833.1, -18, -19
1833.2, -18, -19
1833.3, -18, -19
1833.4, -18, -19
1833.5, -18, -19
1833.6, -18, -19
1833.7, -18, -19
1833.8, -18, -19
1833.9, -18, -19
1834, -18, -19
1834.1, -17, -19
1834.2, -17, -19
1834.3, -17, -19
1834.4, -17, -19
1834.5, -17, -19
1834.6, -17, -19
1834.7, -17, -19
1834.8, -17, -19
1834.9, -17, -19
1835, -17, -19
1835.1, -17, -19
1835.2, -17, -19
1835.3, -17, -19
1835.4, -17, -19
1835.5, -17, -19
1835.6, -17, -19
1835.7, -17, -18
1835.8, -17, -18
1835.9, -17, -19
1836, -17, -19
1836.1, -17, -19
1836.2, -17, -19
1836.3, -17, -19
1836.4, -17, -19
1836.5, -17, -19
1836.6, -17, -19
1836.7, -17, -19
1836.8, -17, -19
1836.9, -17, -19
1837, -17, -19
1837.1, -17, -19
1837.2, -17, -19
1837.3, -17, -19
1837.4, -17, -19
1837.5, -17, -19
1837.6, -17, -19
1837.7, -17, -18
1837.8, -17, -18
1837.9, -17, -18
1838, -17, -18
1838.1, -17, -18
1838.2, -17, -18
1838.3, -16, -18
1838.4, -16, -18
1838.5, -16, -18
1838.6, -16, -18
1838.7, -16, -18
1838.8, -16, -18
1838.9, -16, -18
1839, -16, -18
1839.1, -16, -18
1839.2, -16, -18
1839.3, -16, -18
1839.4, -16, -18
1839.5, -16, -18
1839.6, -16, -18
1839.7, -16, -17
1839.8, -16, -17
1839.9, -16, -17
1840, -16, -17
1840.1, -16, -17
1840.2, -16, -17
1840.3, -16, -17
1840.4, -16, -17
1840.5, -16, -17
1840.6, -16, -17
1840.7, -16, -17
1840.8, -16, -17
1840.9, -16, -17
1841, -16, -17
1841.1, -16, -17
1841.2, -16, -17
1841.3, -16, -17
1841.4, -16, -17
1841.5, -16, -17
1841.6, -16, -17
1841.7, -16, -17
1841.8, -16, -17
1841.9, -15, -17
1842, -15, -17
1842.1, -15, -17
1842.2, -15, -17
1842.3, -15, -17
1842.4, -15, -17
1842.5, -15, -17
1842.6, -15, -17
1842.7, -15, -17
1842.8, -15, -17
1842.9, -15, -17
1843, -15, -17
1843.1, -15, -17
1843.2, -15, -17
1843.3, -15, -18
1843.4, -15, -18
1843.5, -15, -18
1843.6, -15, -18
1843.7, -15, -18
1843.8, -15, -18
1843.9, -15, -18
1844, -15, -18
1844.1, -14, -18
1844.2, -14, -18
1844.3, -14, -18
1844.4, -14, -18
1844.5, -14, -18
1844.6, -14, -18
1844.7, -14, -18
1844.8, -14, -18
1844.9, -13, -18
1845, -13, -18
1845.1, -13, -18
1845.2, -13, -18
1845.3, -13, -18
1845.4, -13, -18
1845.5, -13, -18
1845.6, -13, -18
1845.7, -13, -18
1845.8, -13, -18
1845.9, -13, -18
1846, -13, -18
1846.1, -13, -18
1846.2, -13, -18
1846.3, -13, -18
1846.4, -13, -18
1846.5, -13, -18
1846.6, -13, -18
1846.7, -13, -18
1846.8, -13, -18
1846.9, -13, -18
1847, -13, -18
1847.1, -13, -18
1847.2, -13, -18
1847.3, -13, -18
1847.4, -13, -18
1847.5, -13, -18
1847.6, -13, -18
1847.7, -13, -18
1847.8, -13, -18
1847.9, -13, -18
1848, -13, -18
1848.1, -13, -18
1848.2, -13, -18
1848.3, -13, -18
1848.4, -13, -18
1848.5, -13, -18
1848.6, -13, -18
1848.7, -13, -18
1848.8, -13, -18
1848.9, -13, -18
1849, -13, -18
1849.1, -14, -18
1849.2, -14, -18
1849.3, -14, -18
1849.4, -14, -18
1849.5, -14, -18
1849.6, -14, -18
1849.7, -14, -18
1849.8, -14, -18
1849.9, -14, -18
1850, -14, -18
1850.1, -14, -18
1850.2, -14, -18
1850.3, -14, -18
1850.4, -14, -18
1850.5, -14, -18
1850.6, -14, -18
1850.7, -14, -18
1850.8, -14, -18
1850.9, -14, -18
1851, -14, -18
1851.1, -14, -18
1851.2, -14, -18
1851.3, -14, -18
1851.4, -14, -18
1851.5, -14, -18
1851.6, -14, -18
1851.7, -14, -18
1851.8, -14, -18
1851.9, -15, -18
1852, -15, -18
1852.1, -15, -18
1852.2, -15, -18
1852.3, -15, -18
1852.4, -15, -18
1852.5, -15, -18
1852.6, -15, -18
1852.7, -15, -18
1852.8, -15, -18
1852.9, -15, -18
1853, -15, -18
1853.1, -15, -19
1853.2, -15, -19
1853.3, -15, -19
1853.4, -15, -19
1853.5, -15, -19
1853.6, -15, -19
1853.7, -15, -19
1853.8, -15, -19
1853.9, -15, -19
1854, -15, -19
1854.1, -15, -19
1854.2, -15, -19
1854.3, -15, -19
1854.4, -15, -19
1854.5, -15, -19
1854.6, -15, -19
1854.7, -15, -19
1854.8, -15, -19
1854.9, -15, -19
1855, -15, -19
1855.1, -15, -19
1855.2, -15, -19
1855.3, -15, -19
1855.4, -15, -19
1855.5, -15, -19
1855.6, -15, -19
1855.7, -15, -18
1855.8, -15, -18
1855.9, -15, -18
1856, -15, -18
1856.1, -15, -18
1856.2, -15, -18
1856.3, -15, -18
1856.4, -15, -18
1856.5, -15, -18
1856.6, -15, -18
1856.7, -15, -18
1856.8, -15, -18
1856.9, -15, -18
1857, -15, -18
1857.1, -15, -18
1857.2, -15, -18
1857.3, -15, -18
1857.4, -15, -18
1857.5, -15, -18
1857.6, -15, -18
1857.7, -15, -18
1857.8, -15, -18
1857.9, -15, -18
1858, -15, -18
1858.1, -15, -18
1858.2, -15, -18
1858.3, -15, -18
1858.4, -15, -18
1858.5, -15, -18
1858.6, -15, -18
1858.7, -15, -18
1858.8, -15, -18
1858.9, -15, -18
1859, -15, -18
1859.1, -15, -18
1859.2, -15, -18
1859.3, -15, -18
1859.4, -15, -18
1859.5, -15, -18
1859.6, -15, -18
1859.7, -15, -18
1859.8, -15, -18
1859.9, -15, -18
1860, -15, -18
1860.1, -15, -18
1860.2, -15, -18
1860.3, -15, -18
1860.4, -15, -18
1860.5, -15, -18
1860.6, -15, -18
1860.7, -15, -18
1860.8, -15, -18
1860.9, -15, -19
1861, -15, -19
1861.1, -15, -19
1861.2, -15, -19
1861.3, -15, -19
1861.4, -15, -19
1861.5, -15, -19
1861.6, -15, -19
1861.7, -15, -19
1861.8, -15, -19
1861.9, -15, -19
1862, -15, -19
1862.1, -15, -18
1862.2, -15, -18
1862.3, -15, -18
1862.4, -15, -18
1862.5, -15, -18
1862.6, -15, -18
1862.7, -15, -18
1862.8, -15, -18
1862.9, -15, -18
1863, -15, -18
1863.1, -15, -18
1863.2, -15, -18
1863.3, -15, -18
1863.4, -15, -18
1863.5, -15, -18
1863.6, -15, -18
1863.7, -15, -18
1863.8, -15, -18
1863.9, -15, -18
1864, -15, -18
1864.1, -15, -18
1864.2, -15, -18
1864.3, -14, -18
1864.4, -14, -18
1864.5, -14, -18
1864.6, -14, -18
1864.7, -14, -18
1864.8, -14, -18
1864.9, -14, -18
1865, -14, -18
1865.1, -14, -18
1865.2, -14, -18
1865.3, -14, -18
1865.4, -14, -18
1865.5, -14, -18
1865.6, -14, -18
1865.7, -14, -18
1865.8, -14, -18
1865.9, -14, -18
1866, -14, -18
1866.1, -14, -19
1866.2, -14, -19
1866.3, -14, -19
1866.4, -14, -19
1866.5, -14, -19
1866.6, -14, -19
1866.7, -14, -19
1866.8, -14, -19
1866.9, -14, -19
1867, -14, -19
1867.1, -14, -19
1867.2, -14, -19
1867.3, -14, -19
1867.4, -14, -19
1867.5, -14, -18
1867.6, -14, -18
1867.7, -14, -18
1867.8, -14, -18
1867.9, -14, -18
1868, -14, -18
1868.1, -14, -18
1868.2, -14, -18
1868.3, -14, -18
1868.4, -14, -18
1868.5, -14, -18
1868.6, -14, -18
1868.7, -14, -18
1868.8, -14, -18
1868.9, -14, -18
1869, -14, -18
1869.1, -14, -17
1869.2, -14, -17
1869.3, -14, -17
1869.4, -14, -17
1869.5, -14, -17
1869.6, -14, -17
1869.7, -14, -17
1869.8, -14, -17
1869.9, -14, -17
1870, -14, -17
1870.1, -14, -17
1870.2, -14, -17
1870.3, -14, -17
1870.4, -14, -17
1870.5, -14, -17
1870.6, -14, -17
1870.7, -14, -17
1870.8, -14, -17
1870.9, -14, -17
1871, -14, -17
1871.1, -14, -17
1871.2, -14, -17
1871.3, -14, -17
1871.4, -14, -17
1871.5, -14, -16
1871.6, -14, -16
1871.7, -14, -16
1871.8, -14, -16
1871.9, -14, -16
1872, -14, -16
1872.1, -14, -16
1872.2, -14, -16
1872.3, -14, -16
1872.4, -14, -16
1872.5, -14, -16
1872.6, -14, -16
1872.7, -14, -16
1872.8, -14, -16
1872.9, -14, -16
1873, -14, -16
1873.1, -14, -16
1873.2, -14, -16
1873.3, -14, -16
1873.4, -14, -16
1873.5, -14, -16
1873.6, -14, -16
1873.7, -14, -16
1873.8, -14, -16
1873.9, -14, -16
1874, -14, -16
1874.1, -14, -16
1874.2, -14, -16
1874.3, -14, -16
1874.4, -14, -16
1874.5, -14, -16
1874.6, -14, -16
1874.7, -14, -16
1874.8, -14, -16
1874.9, -14, -16
1875, -14, -16
1875.1, -14, -16
1875.2, -14, -16
1875.3, -14, -16
1875.4, -14, -16
1875.5, -14, -16
1875.6, -14, -16
1875.7, -14, -16
1875.8, -14, -16
1875.9, -14, -16
1876, -14, -16
1876.1, -14, -16
1876.2, -14, -16
1876.3, -14, -16
1876.4, -14, -16
1876.5, -14, -16
1876.6, -14, -16
1876.7, -14, -16
1876.8, -14, -16
1876.9, -14, -16
1877, -14, -16
1877.1, -14, -16
1877.2, -14, -16
1877.3, -14, -16
1877.4, -14, -16
1877.5, -14, -16
1877.6, -14, -16
1877.7, -15, -16
1877.8, -15, -16
1877.9, -15, -16
1878, -15, -16
1878.1, -15, -16
1878.2, -15, -16
1878.3, -15, -16
1878.4, -15, -16
1878.5, -15, -16
1878.6, -15, -16
1878.7, -15, -16
1878.8, -15, -16
1878.9, -15, -16
1879, -15, -16
1879.1, -15, -16
1879.2, -15, -16
1879.3, -15, -16
1879.4, -15, -16
1879.5, -15, -16
1879.6, -15, -16
1879.7, -15, -16
1879.8, -15, -16
1879.9, -15, -16
1880, -15, -16
1880.1, -15, -16
1880.2, -15, -16
1880.3, -15, -16
1880.4, -15, -16
1880.5, -15, -16
1880.6, -15, -16
1880.7, -15, -16
1880.8, -15, -16
1880.9, -15, -16
1881, -15, -16
1881.1, -15, -16
1881.2, -15, -16
1881.3, -15, -16
1881.4, -15, -16
1881.5, -15, -16
1881.6, -15, -16
1881.7, -15, -16
1881.8, -15, -16
1881.9, -15, -16
1882, -15, -16
1882.1, -15, -16
1882.2, -15, -16
1882.3, -15, -16
1882.4, -15, -16
1882.5, -15, -16
1882.6, -15, -16
1882.7, -15, -16
1882.8, -15, -16
1882.9, -15, -16
1883, -15, -16
1883.1, -15, -16
1883.2, -15, -16
1883.3, -15, -15
1883.4, -15, -15
1883.5, -14, -15
1883.6, -14, -15
1883.7, -14, -15
1883.8, -14, -15
1883.9, -14, -15
1884, -14, -15
1884.1, -14, -15
1884.2, -14, -15
1884.3, -14, -15
1884.4, -14, -15
1884.5, -14, -15
1884.6, -14, -15
1884.7, -14, -15
1884.8, -14, -15
1884.9, -14, -15
1885, -14, -15
1885.1, -14, -15
1885.2, -14, -15
1885.3, -14, -15
1885.4, -14, -15
1885.5, -13, -15
1885.6, -13, -15
1885.7, -13, -15
1885.8, -13, -15
1885.9, -13, -15
1886, -13, -15
1886.1, -13, -15
1886.2, -13, -15
1886.3, -13, -15
1886.4, -13, -15
1886.5, -13, -15
1886.6, -13, -15
1886.7, -13, -15
1886.8, -13, -15
1886.9, -13, -15
1887, -13, -15
1887.1, -13, -15
1887.2, -13, -15
1887.3, -12, -15
1887.4, -12, -15
1887.5, -12, -15
1887.6, -12, -15
1887.7, -12, -15
1887.8, -12, -15
1887.9, -12, -15
1888, -12, -15
1888.1, -12, -15
1888.2, -12, -15
1888.3, -12, -15
1888.4, -12, -15
1888.5, -12, -15
1888.6, -12, -15
1888.7, -12, -15
1888.8, -12, -15
1888.9, -12, -15
1889, -12, -15
1889.1, -12, -15
1889.2, -12, -15
1889.3, -12, -15
1889.4, -12, -15
1889.5, -13, -15
1889.6, -13, -15
1889.7, -13, -15
1889.8, -13, -15
1889.9, -13, -15
1890, -13, -15
1890.1, -14, -15
1890.2, -14, -15
1890.3, -14, -15
1890.4, -14, -15
1890.5, -14, -15
1890.6, -14, -15
1890.7, -14, -15
1890.8, -14, -15
1890.9, -14, -15
1891, -14, -15
1891.1, -14, -14
1891.2, -14, -14
1891.3, -14, -14
1891.4, -14, -14
1891.5, -14, -14
1891.6, -14, -14
1891.7, -14, -14
1891.8, -14, -14
1891.9, -14, -14
1892, -14, -14
1892.1, -14, -14
1892.2, -14, -14
1892.3, -14, -14
1892.4, -14, -14
1892.5, -14, -13
1892.6, -14, -13
1892.7, -14, -13
1892.8, -14, -13
1892.9, -14, -13
1893, -14, -13
1893.1, -14, -13
1893.2, -14, -13
1893.3, -14, -13
1893.4, -14, -13
1893.5, -14, -14
1893.6, -14, -14
1893.7, -14, -14
1893.8, -14, -14
1893.9, -14, -14
1894, -14, -14
1894.1, -15, -14
1894.2, -15, -14
1894.3, -15, -14
1894.4, -15, -14
1894.5, -16, -14
1894.6, -16, -14
1894.7, -16, -14
1894.8, -16, -14
1894.9, -16, -14
1895, -16, -14
1895.1, -16, -14
1895.2, -16, -14
1895.3, -16, -14
1895.4, -16, -14
1895.5, -16, -14
1895.6, -16, -14
1895.7, -16, -14
1895.8, -16, -14
1895.9, -16, -14
1896, -16, -14
1896.1, -16, -14
1896.2, -16, -14
1896.3, -17, -14
1896.4, -17, -14
1896.5, -17, -14
1896.6, -17, -14
1896.7, -17, -14
1896.8, -17, -14
1896.9, -17, -14
1897, -17, -14
1897.1, -17, -14
1897.2, -17, -14
1897.3, -17, -14
1897.4, -17, -14
1897.5, -17, -14
1897.6, -17, -14
1897.7, -17, -14
1897.8, -17, -14
1897.9, -17, -14
1898, -17, -14
1898.1, -17, -14
1898.2, -17, -14
1898.3, -17, -14
1898.4, -17, -14
1898.5, -17, -14
1898.6, -17, -14
1898.7, -17, -14
1898.8, -17, -14
1898.9, -17, -14
1899, -17, -14
1899.1, -17, -14
1899.2, -17, -14
1899.3, -17, -14
1899.4, -17, -14
1899.5, -17, -14
1899.6, -17, -14
1899.7, -17, -14
1899.8, -17, -14
1899.9, -17, -14
1900, -17, -14
1900.1, -17, -14
1900.2, -17, -14
1900.3, -17, -14
1900.4, -17, -14
1900.5, -17, -14
1900.6, -17, -14
1900.7, -17, -14
1900.8, -17, -14
1900.9, -17, -14
1901, -17, -14
1901.1, -17, -14
1901.2, -17, -14
1901.3, -17, -14
1901.4, -17, -14
1901.5, -17, -14
1901.6, -17, -14
1901.7, -17, -14
1901.8, -17, -14
1901.9, -17, -14
1902, -17, -14
1902.1, -17, -14
1902.2, -17, -14
1902.3, -17, -14
1902.4, -17, -14
1902.5, -17, -14
1902.6, -17, -14
1902.7, -17, -13
1902.8, -17, -13
1902.9, -17, -13
1903, -17, -13
1903.1, -18, -13
1903.2, -18, -13
1903.3, -18, -13
1903.4, -18, -13
1903.5, -18, -13
1903.6, -18, -13
1903.7, -18, -13
1903.8, -18, -13
1903.9, -18, -13
1904, -18, -13
1904.1, -18, -12
1904.2, -18, -12
1904.3, -18, -12
1904.4, -18, -12
1904.5, -18, -12
1904.6, -18, -12
1904.7, -17, -12
1904.8, -17, -12
1904.9, -17, -13
1905, -17, -13
1905.1, -17, -13
1905.2, -17, -13
1905.3, -17, -13
1905.4, -17, -13
1905.5, -17, -13
1905.6, -17, -13
1905.7, -17, -13
1905.8, -17, -13
1905.9, -17, -13
1906, -17, -13
1906.1, -17, -13
1906.2, -17, -13
1906.3, -17, -13
1906.4, -17, -13
1906.5, -17, -13
1906.6, -17, -13
1906.7, -17, -13
1906.8, -17, -13
1906.9, -17, -13
1907, -17, -13
1907.1, -17, -13
1907.2, -17, -13
1907.3, -17, -13
1907.4, -17, -13
1907.5, -17, -13
1907.6, -17, -13
1907.7, -16, -13
1907.8, -16, -13
1907.9, -16, -13
1908, -16, -13
1908.1, -16, -13
1908.2, -16, -13
1908.3, -16, -13
1908.4, -16, -13
1908.5, -16, -13
1908.6, -16, -13
1908.7, -16, -13
1908.8, -16, -13
1908.9, -16, -13
1909, -16, -13
1909.1, -16, -13
1909.2, -16, -13
1909.3, -16, -13
1909.4, -16, -13
1909.5, -16, -13
1909.6, -16, -13
1909.7, -16, -13
1909.8, -16, -13
1909.9, -16, -13
1910, -16, -13
1910.1, -16, -13
1910.2, -16, -13
1910.3, -16, -13
1910.4, -16, -13
1910.5, -16, -13
1910.6, -16, -13
1910.7, -16, -13
1910.8, -16, -13
1910.9, -16, -13
1911, -16, -13
1911.1, -16, -13
1911.2, -16, -13
1911.3, -16, -13
1911.4, -16, -13
1911.5, -16, -13
1911.6, -16, -13
1911.7, -16, -12
1911.8, -16, -12
1911.9, -16, -12
1912, -16, -12
1912.1, -16, -12
1912.2, -16, -12
1912.3, -16, -12
1912.4, -16, -12
1912.5, -16, -12
1912.6, -16, -12
1912.7, -16, -12
1912.8, -16, -12
1912.9, -16, -12
1913, -16, -12
1913.1, -16, -12
1913.2, -16, -12
1913.3, -16, -12
1913.4, -16, -12
1913.5, -15, -12
1913.6, -15, -12
1913.7, -15, -12
1913.8, -15, -12
1913.9, -15, -12
1914, -15, -12
1914.1, -15, -12
1914.2, -15, -12
1914.3, -15, -12
1914.4, -15, -12
1914.5, -15, -11
1914.6, -15, -11
1914.7, -15, -11
1914.8, -15, -11
1914.9, -15, -11
1915, -15, -11
1915.1, -15, -11
1915.2, -15, -11
1915.3, -15, -11
1915.4, -15, -11
1915.5, -15, -11
1915.6, -15, -11
1915.7, -15, -11
1915.8, -15, -11
1915.9, -15, -11
1916, -15, -11
1916.1, -15, -11
1916.2, -15, -11
1916.3, -15, -11
1916.4, -15, -11
1916.5, -15, -12
1916.6, -15, -12
1916.7, -15, -12
1916.8, -15, -12
1916.9, -15, -12
1917, -15, -12
1917.1, -15, -12
1917.2, -15, -12
1917.3, -15, -12
1917.4, -15, -12
1917.5, -15, -12
1917.6, -15, -12
1917.7, -15, -12
1917.8, -15, -12
1917.9, -15, -12
1918, -15, -12
1918.1, -15, -11
1918.2, -15, -11
1918.3, -15, -11
1918.4, -15, -11
1918.5, -15, -11
1918.6, -15, -11
1918.7, -15, -11
1918.8, -15, -11
1918.9, -15, -11
1919, -15, -11
1919.1, -15, -11
1919.2, -15, -11
1919.3, -15, -11
1919.4, -15, -11
1919.5, -15, -10
1919.6, -15, -10
1919.7, -15, -10
1919.8, -15, -10
1919.9, -15, -10
1920, -15, -10
1920.1, -15, -10
1920.2, -15, -10
1920.3, -15, -10
1920.4, -15, -10
1920.5, -15, -10
1920.6, -15, -10
1920.7, -15, -10
1920.8, -15, -10
1920.9, -15, -10
1921, -15, -10
1921.1, -15, -10
1921.2, -15, -10
1921.3, -15, -10
1921.4, -15, -10
1921.5, -15, -10
1921.6, -15, -10
1921.7, -15, -10
1921.8, -15, -10
1921.9, -15, -10
1922, -15, -10
1922.1, -15, -10
1922.2, -15, -10
1922.3, -15, -10
1922.4, -15, -10
1922.5, -15, -10
1922.6, -15, -10
1922.7, -15, -10
1922.8, -15, -10
1922.9, -15, -10
1923, -15, -10
1923.1, -15, -10
1923.2, -15, -10
1923.3, -15, -10
1923.4, -15, -10
1923.5, -15, -10
1923.6, -15, -10
1923.7, -15, -10
1923.8, -15, -10
1923.9, -15, -10
1924, -15, -10
1924.1, -16, -10
1924.2, -16, -10
1924.3, -16, -10
1924.4, -16, -10
1924.5, -16, -10
1924.6, -16, -10
1924.7, -16, -10
1924.8, -16, -10
1924.9, -16, -10
1925, -16, -10
1925.1, -16, -10
1925.2, -16, -10
1925.3, -16, -10
1925.4, -16, -10
1925.5, -16, -11
1925.6, -16, -11
1925.7, -16, -11
1925.8, -16, -11
1925.9, -16, -11
1926, -16, -11
1926.1, -16, -11
1926.2, -16, -11
1926.3, -16, -11
1926.4, -16, -11
1926.5, -16, -11
1926.6, -16, -11
1926.7, -16, -11
1926.8, -16, -11
1926.9, -16, -11
1927, -16, -11
1927.1, -16, -11
1927.2, -16, -11
1927.3, -16, -11
1927.4, -16, -11
1927.5, -16, -11
1927.6, -16, -11
1927.7, -16, -11
1927.8, -16, -11
1927.9, -16, -11
1928, -16, -11
1928.1, -16, -10
1928.2, -16, -10
1928.3, -16, -10
1928.4, -16, -10
1928.5, -16, -10
1928.6, -16, -10
1928.7, -16, -10
1928.8, -16, -10
1928.9, -16, -10
1929, -16, -10
1929.1, -16, -10
1929.2, -16, -10
1929.3, -16, -10
1929.4, -16, -10
1929.5, -16, -10
1929.6, -16, -10
1929.7, -16, -10
1929.8, -16, -10
1929.9, -16, -10
1930, -16, -10
1930.1, -16, -10
1930.2, -16, -10
1930.3, -16, -10
1930.4, -16, -10
1930.5, -16, -10
1930.6, -16, -10
1930.7, -16, -10
1930.8, -16, -10
1930.9, -16, -10
1931, -16, -10
1931.1, -16, -10
1931.2, -16, -10
1931.3, -16, -11
1931.4, -16, -11
1931.5, -16, -11
1931.6, -16, -11
1931.7, -16, -11
1931.8, -16, -11
1931.9, -16, -11
1932, -16, -11
1932.1, -16, -11
1932.2, -16, -11
1932.3, -16, -11
1932.4, -16, -11
1932.5, -16, -11
1932.6, -16, -11
1932.7, -16, -11
1932.8, -16, -11
1932.9, -16, -12
1933, -16, -12
1933.1, -16, -12
1933.2, -16, -12
1933.3, -16, -12
1933.4, -16, -12
1933.5, -16, -12
1933.6, -16, -12
1933.7, -16, -11
1933.8, -16, -11
1933.9, -16, -11
1934, -16, -11
1934.1, -16, -11
1934.2, -16, -11
1934.3, -16, -11
1934.4, -16, -11
1934.5, -16, -11
1934.6, -16, -11
1934.7, -16, -11
1934.8, -16, -11
1934.9, -16, -11
1935, -16, -11
1935.1, -16, -11
1935.2, -16, -11
1935.3, -16, -11
1935.4, -16, -11
1935.5, -16, -11
1935.6, -16, -11
1935.7, -15, -11
1935.8, -15, -11
1935.9, -15, -11
1936, -15, -11
1936.1, -15, -10
1936.2, -15, -10
1936.3, -15, -10
1936.4, -15, -10
1936.5, -15, -10
1936.6, -15, -10
1936.7, -15, -10
1936.8, -15, -10
1936.9, -15, -11
1937, -15, -11
1937.1, -15, -11
1937.2, -15, -11
1937.3, -15, -11
1937.4, -15, -11
1937.5, -15, -11
1937.6, -15, -11
1937.7, -16, -11
1937.8, -16, -11
1937.9, -16, -11
1938, -16, -11
1938.1, -16, -11
1938.2, -16, -11
1938.3, -16, -11
1938.4, -16, -11
1938.5, -16, -11
1938.6, -16, -11
1938.7, -16, -11
1938.8, -16, -11
1938.9, -16, -11
1939, -16, -11
1939.1, -16, -11
1939.2, -16, -11
1939.3, -16, -11
1939.4, -16, -11
1939.5, -16, -11
1939.6, -16, -11
1939.7, -16, -11
1939.8, -16, -11
1939.9, -16, -11
1940, -16, -11
1940.1, -16, -11
1940.2, -16, -11
1940.3, -16, -11
1940.4, -16, -11
1940.5, -16, -11
1940.6, -16, -11
1940.7, -16, -11
1940.8, -16, -11
1940.9, -16, -11
1941, -16, -11
1941.1, -16, -11
1941.2, -16, -11
1941.3, -16, -11
1941.4, -16, -11
1941.5, -16, -12
1941.6, -16, -12
1941.7, -16, -12
1941.8, -16, -12
1941.9, -16, -12
1942, -16, -12
1942.1, -16, -12
1942.2, -16, -12
1942.3, -16, -12
1942.4, -16, -12
1942.5, -16, -12
1942.6, -16, -12
1942.7, -16, -12
1942.8, -16, -12
1942.9, -16, -12
1943, -16, -12
1943.1, -16, -12
1943.2, -16, -12
1943.3, -16, -11
1943.4, -16, -11
1943.5, -16, -10
1943.6, -16, -10
1943.7, -16, -9
1943.8, -16, -9
1943.9, -16, -9
1944, -16, -9
1944.1, -16, -9
1944.2, -16, -9
1944.3, -16, -9
1944.4, -16, -9
1944.5, -16, -9
1944.6, -16, -9
1944.7, -16, -9
1944.8, -16, -9
1944.9, -16, -9
1945, -16, -9
1945.1, -16, -9
1945.2, -16, -9
1945.3, -16, -9
1945.4, -16, -9
1945.5, -16, -9
1945.6, -16, -9
1945.7, -16, -9
1945.8, -16, -9
1945.9, -16, -9
1946, -16, -9
1946.1, -16, -9
1946.2, -16, -9
1946.3, -17, -9
1946.4, -17, -9
1946.5, -17, -10
1946.6, -17, -10
1946.7, -17, -10
1946.8, -17, -10
1946.9, -17, -9
1947, -17, -9
1947.1, -17, -9
1947.2, -17, -9
1947.3, -17, -9
1947.4, -17, -9
1947.5, -17, -9
1947.6, -17, -9
1947.7, -17, -9
1947.8, -17, -9
1947.9, -17, -9
1948, -17, -9
1948.1, -17, -9
1948.2, -17, -9
1948.3, -17, -9
1948.4, -17, -9
1948.5, -17, -9
1948.6, -17, -9
1948.7, -17, -9
1948.8, -17, -9
1948.9, -17, -9
1949, -17, -9
1949.1, -17, -9
1949.2, -17, -9
1949.3, -17, -9
1949.4, -17, -9
1949.5, -17, -9
1949.6, -17, -9
1949.7, -17, -9
1949.8, -17, -9
1949.9, -17, -9
1950, -17, -9
1950.1, -17, -9
1950.2, -17, -9
1950.3, -17, -9
1950.4, -17, -9
1950.5, -17, -9
1950.6, -17, -9
1950.7, -17, -9
1950.8, -17, -9
1950.9, -17, -9
1951, -17, -9
1951.1, -17, -9
1951.2, -17, -9
1951.3, -17, -9
1951.4, -17, -9
1951.5, -17, -9
1951.6, -17, -9
1951.7, -17, -9
1951.8, -17, -9
1951.9, -17, -9
1952, -17, -9
1952.1, -17, -9
1952.2, -17, -9
1952.3, -17, -9
1952.4, -17, -9
1952.5, -17, -9
1952.6, -17, -9
1952.7, -17, -9
1952.8, -17, -9
1952.9, -17, -9
1953, -17, -9
1953.1, -17, -9
1953.2, -17, -9
1953.3, -17, -9
1953.4, -17, -9
1953.5, -17, -9
1953.6, -17, -9
1953.7, -16, -9
1953.8, -16, -9
1953.9, -16, -9
1954, -16, -9
1954.1, -16, -9
1954.2, -16, -9
1954.3, -16, -9
1954.4, -16, -9
1954.5, -17, -9
1954.6, -17, -9
1954.7, -17, -9
1954.8, -17, -9
1954.9, -17, -9
1955, -17, -9
1955.1, -17, -9
1955.2, -17, -9
1955.3, -17, -9
1955.4, -17, -9
1955.5, -17, -9
1955.6, -17, -9
1955.7, -17, -9
1955.8, -17, -9
1955.9, -17, -9
1956, -17, -9
1956.1, -17, -9
1956.2, -17, -9
1956.3, -17, -9
1956.4, -17, -9
1956.5, -17, -9
1956.6, -17, -9
1956.7, -17, -9
1956.8, -17, -9
1956.9, -17, -9
1957, -17, -9
1957.1, -17, -9
1957.2, -17, -9
1957.3, -17, -9
1957.4, -17, -9
1957.5, -17, -9
1957.6, -17, -9
1957.7, -17, -9
1957.8, -17, -9
1957.9, -16, -9
1958, -16, -9
1958.1, -15, -9
1958.2, -15, -9
1958.3, -15, -9
1958.4, -15, -9
1958.5, -15, -9
1958.6, -15, -9
1958.7, -15, -9
1958.8, -15, -9
1958.9, -15, -9
1959, -15, -9
1959.1, -16, -9
1959.2, -16, -9
1959.3, -16, -9
1959.4, -16, -9
1959.5, -16, -9
1959.6, -16, -9
1959.7, -16, -9
1959.8, -16, -9
1959.9, -16, -9
1960, -16, -9
1960.1, -16, -9
1960.2, -16, -9
1960.3, -16, -10
1960.4, -16, -10
1960.5, -16, -10
1960.6, -16, -10
1960.7, -16, -10
1960.8, -16, -10
1960.9, -16, -10
1961, -16, -10
1961.1, -16, -10
1961.2, -16, -10
1961.3, -16, -10
1961.4, -16, -10
1961.5, -16, -10
1961.6, -16, -10
1961.7, -16, -10
1961.8, -16, -10
1961.9, -16, -10
1962, -16, -10
1962.1, -16, -10
1962.2, -16, -10
1962.3, -16, -10
1962.4, -16, -10
1962.5, -15, -10
1962.6, -15, -10
1962.7, -15, -11
1962.8, -15, -11
1962.9, -15, -11
1963, -15, -11
1963.1, -15, -11
1963.2, -15, -11
1963.3, -15, -11
1963.4, -15, -11
1963.5, -15, -11
1963.6, -15, -11
1963.7, -15, -11
1963.8, -15, -11
1963.9, -15, -11
1964, -15, -11
1964.1, -15, -11
1964.2, -15, -11
1964.3, -14, -11
1964.4, -14, -11
1964.5, -14, -11
1964.6, -14, -11
1964.7, -14, -11
1964.8, -14, -11
1964.9, -14, -11
1965, -14, -11
1965.1, -14, -11
1965.2, -14, -11
1965.3, -14, -11
1965.4, -14, -11
1965.5, -14, -11
1965.6, -14, -11
1965.7, -14, -11
1965.8, -14, -11
1965.9, -14, -11
1966, -14, -11
1966.1, -14, -11
1966.2, -14, -11
1966.3, -14, -11
1966.4, -14, -11
1966.5, -14, -11
1966.6, -14, -11
1966.7, -14, -11
1966.8, -14, -11
1966.9, -14, -11
1967, -14, -11
1967.1, -14, -11
1967.2, -14, -11
1967.3, -14, -11
1967.4, -14, -11
1967.5, -14, -11
1967.6, -14, -11
1967.7, -13, -11
1967.8, -13, -11
1967.9, -13, -11
1968, -13, -11
1968.1, -13, -11
1968.2, -13, -11
1968.3, -13, -12
1968.4, -13, -12
1968.5, -13, -12
1968.6, -13, -12
1968.7, -13, -12
1968.8, -13, -12
1968.9, -13, -12
1969, -13, -12
1969.1, -13, -12
1969.2, -13, -12
1969.3, -13, -12
1969.4, -13, -12
1969.5, -13, -12
1969.6, -13, -12
1969.7, -13, -12
1969.8, -13, -12
1969.9, -13, -12
1970, -13, -12
1970.1, -13, -12
1970.2, -13, -12
1970.3, -13, -12
1970.4, -13, -12
1970.5, -13, -12
1970.6, -13, -12
1970.7, -13, -12
1970.8, -13, -12
1970.9, -13, -12
1971, -13, -12
1971.1, -13, -12
1971.2, -13, -12
1971.3, -13, -12
1971.4, -13, -12
1971.5, -13, -12
1971.6, -13, -12
1971.7, -13, -12
1971.8, -13, -12
1971.9, -13, -13
1972, -13, -13
1972.1, -13, -13
1972.2, -13, -13
1972.3, -13, -13
1972.4, -13, -13
1972.5, -13, -13
1972.6, -13, -13
1972.7, -13, -13
1972.8, -13, -13
1972.9, -13, -13
1973, -13, -13
1973.1, -13, -13
1973.2, -13, -13
1973.3, -13, -13
1973.4, -13, -13
1973.5, -13, -13
1973.6, -13, -13
1973.7, -13, -13
1973.8, -13, -13
1973.9, -13, -13
1974, -13, -13
1974.1, -12, -13
1974.2, -12, -13
1974.3, -12, -13
1974.4, -12, -13
1974.5, -12, -13
1974.6, -12, -13
1974.7, -12, -13
1974.8, -12, -13
1974.9, -12, -13
1975, -12, -13
1975.1, -12, -13
1975.2, -12, -13
1975.3, -12, -13
1975.4, -12, -13
1975.5, -12, -13
1975.6, -12, -13
1975.7, -11, -13
1975.8, -11, -13
1975.9, -11, -13
1976, -11, -13
1976.1, -11, -13
1976.2, -11, -13
1976.3, -11, -14
1976.4, -11, -14
1976.5, -11, -14
1976.6, -11, -14
1976.7, -11, -14
1976.8, -11, -14
1976.9, -11, -13
1977, -11, -13
1977.1, -11, -13
1977.2, -11, -13
1977.3, -11, -13
1977.4, -11, -13
1977.5, -11, -14
1977.6, -11, -14
1977.7, -11, -15
1977.8, -11, -15
1977.9, -11, -15
1978, -11, -15
1978.1, -11, -15
1978.2, -11, -15
1978.3, -11, -15
1978.4, -11, -15
1978.5, -11, -15
1978.6, -11, -15
1978.7, -11, -15
1978.8, -11, -15
1978.9, -11, -15
1979, -11, -15
1979.1, -11, -15
1979.2, -11, -15
1979.3, -11, -15
1979.4, -11, -15
1979.5, -12, -15
1979.6, -12, -15
1979.7, -12, -15
1979.8, -12, -15
1979.9, -11, -15
1980, -11, -15
1980.1, -11, -15
1980.2, -11, -15
1980.3, -11, -15
1980.4, -11, -15
1980.5, -11, -15
1980.6, -11, -15
1980.7, -11, -15
1980.8, -11, -15
1980.9, -11, -15
1981, -11, -15
1981.1, -11, -14
1981.2, -11, -14
1981.3, -11, -14
1981.4, -11, -14
1981.5, -11, -14
1981.6, -11, -14
1981.7, -11, -14
1981.8, -11, -14
1981.9, -11, -14
1982, -11, -14
1982.1, -11, -14
1982.2, -11, -14
1982.3, -11, -14
1982.4, -11, -14
1982.5, -11, -14
1982.6, -11, -14
1982.7, -11, -14
1982.8, -11, -14
1982.9, -11, -14
1983, -11, -14
1983.1, -11, -14
1983.2, -11, -14
1983.3, -11, -14
1983.4, -11, -14
1983.5, -11, -14
1983.6, -11, -14
1983.7, -11, -14
1983.8, -11, -14
1983.9, -11, -14
1984, -11, -14
1984.1, -11, -14
1984.2, -11, -14
1984.3, -11, -14
1984.4, -11, -14
1984.5, -11, -14
1984.6, -11, -14
1984.7, -10, -14
1984.8, -10, -14
1984.9, -10, -14
1985, -10, -14
1985.1, -10, -14
1985.2, -10, -14
1985.3, -9, -14
1985.4, -9, -14
1985.5, -10, -14
1985.6, -10, -14
1985.7, -10, -14
1985.8, -10, -14
1985.9, -10, -14
1986, -10, -14
1986.1, -10, -14
1986.2, -10, -14
1986.3, -10, -14
1986.4, -10, -14
1986.5, -10, -14
1986.6, -10, -14
1986.7, -10, -14
1986.8, -10, -14
1986.9, -10, -14
1987, -10, -14
1987.1, -10, -14
1987.2, -10, -14
1987.3, -10, -14
1987.4, -10, -14
1987.5, -10, -14
1987.6, -10, -14
1987.7, -10, -14
1987.8, -10, -14
1987.9, -10, -14
1988, -10, -14
1988.1, -10, -14
1988.2, -10, -14
1988.3, -10, -14
1988.4, -10, -14
1988.5, -9, -14
1988.6, -9, -14
1988.7, -9, -14
1988.8, -9, -14
1988.9, -9, -14
1989, -9, -14
1989.1, -9, -14
1989.2, -9, -14
1989.3, -9, -14
1989.4, -9, -14
1989.5, -9, -14
1989.6, -9, -14
1989.7, -9, -14
1989.8, -9, -14
1989.9, -9, -14
1990, -9, -14
1990.1, -9, -14
1990.2, -9, -14
1990.3, -9, -14
1990.4, -9, -14
1990.5, -9, -14
1990.6, -9, -14
1990.7, -9, -14
1990.8, -9, -14
1990.9, -9, -14
1991, -9, -14
1991.1, -9, -13
1991.2, -9, -13
1991.3, -9, -13
1991.4, -9, -13
1991.5, -9, -13
1991.6, -9, -13
1991.7, -9, -13
1991.8, -9, -13
1991.9, -9, -13
1992, -9, -13
1992.1, -9, -13
1992.2, -9, -13
1992.3, -9, -13
1992.4, -9, -13
1992.5, -9, -13
1992.6, -9, -13
1992.7, -9, -13
1992.8, -9, -13
1992.9, -9, -13
1993, -9, -13
1993.1, -9, -13
1993.2, -9, -13
1993.3, -9, -13
1993.4, -9, -13
1993.5, -9, -13
1993.6, -9, -13
1993.7, -9, -13
1993.8, -9, -13
1993.9, -9, -13
1994, -9, -13
1994.1, -9, -13
1994.2, -9, -13
1994.3, -10, -13
1994.4, -10, -13
1994.5, -10, -13
1994.6, -10, -13
1994.7, -10, -14
1994.8, -10, -14
1994.9, -11, -14
1995, -11, -14
1995.1, -11, -14
1995.2, -11, -14
1995.3, -11, -13
1995.4, -11, -13
1995.5, -11, -13
1995.6, -11, -13
1995.7, -11, -13
1995.8, -11, -13
1995.9, -11, -13
1996, -11, -13
1996.1, -11, -13
1996.2, -11, -13
1996.3, -11, -13
1996.4, -11, -13
1996.5, -11, -13
1996.6, -11, -13
1996.7, -11, -13
1996.8, -11, -13
1996.9, -11, -13
1997, -11, -13
1997.1, -11, -13
1997.2, -11, -13
1997.3, -11, -13
1997.4, -11, -13
1997.5, -11, -13
1997.6, -11, -13
1997.7, -11, -13
1997.8, -11, -13
1997.9, -10, -13
1998, -10, -13
1998.1, -10, -13
1998.2, -10, -13
1998.3, -10, -13
1998.4, -10, -13
1998.5, -10, -13
1998.6, -10, -13
1998.7, -10, -13
1998.8, -10, -13
1998.9, -10, -13
1999, -10, -13
1999.1, -10, -13
1999.2, -10, -13
1999.3, -10, -13
1999.4, -10, -13
1999.5, -9, -13
1999.6, -9, -13
1999.7, -9, -13
1999.8, -9, -13
1999.9, -9, -13
2000, -9, -13
2000.1, -9, -13
2000.2, -9, -13
2000.3, -9, -13
2000.4, -9, -13
2000.5, -9, -13
2000.6, -9, -13
2000.7, -9, -13
2000.8, -9, -13
2000.9, -9, -13
2001, -9, -13
2001.1, -9, -13
2001.2, -9, -13
2001.3, -9, -13
2001.4, -9, -13
2001.5, -9, -13
2001.6, -9, -13
2001.7, -9, -14
2001.8, -9, -14
2001.9, -9, -14
2002, -9, -14
2002.1, -9, -14
2002.2, -9, -14
2002.3, -9, -14
2002.4, -9, -14
2002.5, -9, -14
2002.6, -9, -14
2002.7, -9, -14
2002.8, -9, -14
2002.9, -9, -14
2003, -9, -14
2003.1, -9, -14
2003.2, -9, -14
2003.3, -9, -14
2003.4, -9, -14
2003.5, -9, -14
2003.6, -9, -14
2003.7, -9, -14
2003.8, -9, -14
2003.9, -9, -14
2004, -9, -14
2004.1, -9, -14
2004.2, -9, -14
2004.3, -9, -14
2004.4, -9, -14
2004.5, -9, -14
2004.6, -9, -14
2004.7, -9, -14
2004.8, -9, -14
2004.9, -9, -14
2005, -9, -14
2005.1, -9, -14
2005.2, -9, -14
2005.3, -9, -14
2005.4, -9, -14
2005.5, -8, -14
2005.6, -8, -14
2005.7, -8, -14
2005.8, -8, -14
2005.9, -8, -14
2006, -8, -14
2006.1, -8, -14
2006.2, -8, -14
2006.3, -8, -14
2006.4, -8, -14
2006.5, -8, -14
2006.6, -8, -14
2006.7, -8, -14
2006.8, -8, -14
2006.9, -8, -14
2007, -8, -14
2007.1, -7, -14
2007.2, -7, -14
2007.3, -7, -14
2007.4, -7, -14
2007.5, -7, -14
2007.6, -7, -14
2007.7, -7, -14
2007.8, -7, -14
2007.9, -7, -14
2008, -7, -14
2008.1, -7, -14
2008.2, -7, -14
2008.3, -7, -14
2008.4, -7, -14
2008.5, -7, -14
2008.6, -7, -14
2008.7, -7, -14
2008.8, -7, -14
2008.9, -7, -14
2009, -7, -14
2009.1, -7, -15
2009.2, -7, -15
2009.3, -7, -15
2009.4, -7, -15
2009.5, -7, -15
2009.6, -7, -15
2009.7, -7, -15
2009.8, -7, -15
2009.9, -8, -15
2010, -8, -15
2010.1, -8, -15
2010.2, -8, -15
2010.3, -8, -15
2010.4, -8, -15
2010.5, -7, -15
2010.6, -7, -15
2010.7, -7, -15
2010.8, -7, -15
2010.9, -7, -15
2011, -7, -15
2011.1, -7, -15
2011.2, -7, -15
2011.3, -7, -15
2011.4, -7, -15
2011.5, -7, -15
2011.6, -7, -15
2011.7, -7, -15
2011.8, -7, -15
2011.9, -7, -15
2012, -7, -15
2012.1, -7, -15
2012.2, -7, -15
2012.3, -7, -15
2012.4, -7, -15
2012.5, -7, -15
2012.6, -7, -15
2012.7, -7, -15
2012.8, -7, -15
2012.9, -7, -15
2013, -7, -15
2013.1, -7, -15
2013.2, -7, -15
2013.3, -7, -15
2013.4, -7, -15
2013.5, -7, -15
2013.6, -7, -15
2013.7, -7, -15
2013.8, -7, -15
2013.9, -7, -15
2014, -7, -15
2014.1, -7, -15
2014.2, -7, -15
2014.3, -7, -15
2014.4, -7, -15
2014.5, -6, -15
2014.6, -6, -15
2014.7, -6, -16
2014.8, -6, -16
2014.9, -6, -16
2015, -6, -16
2015.1, -6, -16
2015.2, -6, -16
2015.3, -6, -16
2015.4, -6, -16
2015.5, -6, -16
2015.6, -6, -16
2015.7, -6, -16
2015.8, -6, -16
2015.9, -6, -16
2016, -6, -16
2016.1, -6, -16
2016.2, -6, -16
2016.3, -6, -17
2016.4, -6, -17
2016.5, -6, -16
2016.6, -6, -16
2016.7, -6, -16
2016.8, -6, -16
2016.9, -6, -16
2017, -6, -16
2017.1, -6, -16
2017.2, -6, -16
2017.3, -6, -16
2017.4, -6, -16
2017.5, -6, -16
2017.6, -6, -16
2017.7, -6, -16
2017.8, -6, -16
2017.9, -6, -16
2018, -6, -16
2018.1, -6, -16
2018.2, -6, -16
2018.3, -6, -16
2018.4, -6, -16
2018.5, -6, -16
2018.6, -6, -16
2018.7, -6, -16
2018.8, -6, -16
2018.9, -6, -16
2019, -6, -16
2019.1, -6, -16
2019.2, -6, -16
2019.3, -6, -16
2019.4, -6, -16
2019.5, -6, -16
2019.6, -6, -16
2019.7, -6, -16
2019.8, -6, -16
2019.9, -6, -17
2020, -6, -17
2020.1, -6, -17
2020.2, -6, -17
2020.3, -6, -17
2020.4, -6, -17
2020.5, -7, -17
2020.6, -7, -17
2020.7, -7, -17
2020.8, -7, -17
2020.9, -7, -17
2021, -7, -17
2021.1, -7, -17
2021.2, -7, -17
2021.3, -7, -17
2021.4, -7, -17
2021.5, -7, -17
2021.6, -7, -17
2021.7, -7, -17
2021.8, -7, -17
2021.9, -7, -17
2022, -7, -17
2022.1, -7, -17
2022.2, -7, -17
2022.3, -8, -17
2022.4, -8, -17
2022.5, -8, -17
2022.6, -8, -17
2022.7, -8, -17
2022.8, -8, -17
2022.9, -8, -17
2023, -8, -17
2023.1, -8, -17
2023.2, -8, -17
2023.3, -8, -17
2023.4, -8, -17
2023.5, -8, -17
2023.6, -8, -17
2023.7, -8, -17
2023.8, -8, -17
2023.9, -8, -17
2024, -8, -17
2024.1, -8, -17
2024.2, -8, -17
2024.3, -8, -17
2024.4, -8, -17
2024.5, -8, -17
2024.6, -8, -17
2024.7, -8, -17
2024.8, -8, -17
2024.9, -8, -17
2025, -8, -17
2025.1, -8, -17
2025.2, -8, -17
2025.3, -8, -17
2025.4, -8, -17
2025.5, -8, -17
2025.6, -8, -17
2025.7, -8, -17
2025.8, -8, -17
2025.9, -8, -17
2026, -8, -17
2026.1, -8, -17
2026.2, -8, -17
2026.3, -8, -17
2026.4, -8, -17
2026.5, -8, -17
2026.6, -8, -17
2026.7, -8, -17
2026.8, -8, -17
2026.9, -8, -17
2027, -8, -17
2027.1, -8, -17
2027.2, -8, -17
2027.3, -8, -17
2027.4, -8, -17
2027.5, -8, -16
2027.6, -8, -16
2027.7, -9, -16
2027.8, -9, -16
2027.9, -9, -16
2028, -9, -16
2028.1, -9, -16
2028.2, -9, -16
2028.3, -9, -16
2028.4, -9, -16
2028.5, -9, -16
2028.6, -9, -16
2028.7, -9, -17
2028.8, -9, -17
2028.9, -9, -17
2029, -9, -17
2029.1, -9, -17
2029.2, -9, -17
2029.3, -9, -17
2029.4, -9, -17
2029.5, -9, -17
2029.6, -9, -17
2029.7, -9, -17
2029.8, -9, -17
2029.9, -9, -17
2030, -9, -17
2030.1, -9, -17
2030.2, -9, -17
2030.3, -9, -17
2030.4, -9, -17
2030.5, -9, -17
2030.6, -9, -17
2030.7, -9, -17
2030.8, -9, -17
2030.9, -9, -17
2031, -9, -17
2031.1, -9, -17
2031.2, -9, -17
2031.3, -9, -17
2031.4, -9, -17
2031.5, -9, -16
2031.6, -9, -16
2031.7, -9, -16
2031.8, -9, -16
2031.9, -9, -16
2032, -9, -16
2032.1, -9, -16
2032.2, -9, -16
2032.3, -9, -16
2032.4, -9, -16
2032.5, -9, -16
2032.6, -9, -16
2032.7, -9, -16
2032.8, -9, -16
2032.9, -9, -16
2033, -9, -16
2033.1, -9, -16
2033.2, -9, -16
2033.3, -9, -16
2033.4, -9, -16
2033.5, -9, -16
2033.6, -9, -16
2033.7, -9, -16
2033.8, -9, -16
2033.9, -9, -16
2034, -9, -16
2034.1, -9, -16
2034.2, -9, -16
2034.3, -9, -16
2034.4, -9, -16
2034.5, -9, -16
2034.6, -9, -16
2034.7, -9, -16
2034.8, -9, -16
2034.9, -9, -16
2035, -9, -16
2035.1, -9, -16
2035.2, -9, -16
2035.3, -9, -16
2035.4, -9, -16
2035.5, -9, -16
2035.6, -9, -16
2035.7, -9, -16
2035.8, -9, -16
2035.9, -9, -16
2036, -9, -16
2036.1, -9, -16
2036.2, -9, -16
2036.3, -9, -16
2036.4, -9, -16
2036.5, -9, -16
2036.6, -9, -16
2036.7, -9, -16
2036.8, -9, -16
2036.9, -9, -17
2037, -9, -17
2037.1, -9, -17
2037.2, -9, -17
2037.3, -9, -17
2037.4, -9, -17
2037.5, -9, -17
2037.6, -9, -17
2037.7, -10, -17
2037.8, -10, -17
2037.9, -10, -17
2038, -10, -17
2038.1, -10, -17
2038.2, -10, -17
2038.3, -10, -17
2038.4, -10, -17
2038.5, -10, -17
2038.6, -10, -17
2038.7, -10, -16
2038.8, -10, -16
2038.9, -10, -16
2039, -10, -16
2039.1, -10, -16
2039.2, -10, -16
2039.3, -9, -16
2039.4, -9, -16
2039.5, -9, -16
2039.6, -9, -16
2039.7, -9, -17
2039.8, -9, -17
2039.9, -9, -17
2040, -9, -17
2040.1, -9, -17
2040.2, -9, -17
2040.3, -9, -17
2040.4, -9, -17
2040.5, -9, -17
2040.6, -9, -17
2040.7, -9, -17
2040.8, -9, -17
2040.9, -9, -17
2041, -9, -17
2041.1, -9, -17
2041.2, -9, -17
2041.3, -9, -17
2041.4, -9, -17
2041.5, -9, -17
2041.6, -9, -17
2041.7, -9, -17
2041.8, -9, -17
2041.9, -9, -17
2042, -9, -17
2042.1, -9, -17
2042.2, -9, -17
2042.3, -9, -17
2042.4, -9, -17
2042.5, -9, -17
2042.6, -9, -17
2042.7, -9, -17
2042.8, -9, -17
2042.9, -9, -17
2043, -9, -17
2043.1, -9, -17
2043.2, -9, -17
2043.3, -9, -16
2043.4, -9, -16
2043.5, -9, -16
2043.6, -9, -16
2043.7, -9, -16
2043.8, -9, -16
2043.9, -9, -16
2044, -9, -16
2044.1, -9, -16
2044.2, -9, -16
2044.3, -9, -16
2044.4, -9, -16
2044.5, -9, -16
2044.6, -9, -16
2044.7, -9, -16
2044.8, -9, -16
2044.9, -9, -16
2045, -9, -16
2045.1, -9, -16
2045.2, -9, -16
2045.3, -9, -16
2045.4, -9, -16
2045.5, -9, -16
2045.6, -9, -16
2045.7, -9, -17
2045.8, -9, -17
2045.9, -9, -17
2046, -9, -17
2046.1, -9, -17
2046.2, -9, -17
2046.3, -9, -17
2046.4, -9, -17
2046.5, -9, -17
2046.6, -9, -17
2046.7, -9, -17
2046.8, -9, -17
2046.9, -9, -17
2047, -9, -17
2047.1, -9, -17
2047.2, -9, -17
2047.3, -9, -17
2047.4, -9, -17
2047.5, -9, -17
2047.6, -9, -17
2047.7, -9, -17
2047.8, -9, -17
2047.9, -9, -17
2048, -9, -17
2048.1, -9, -17
2048.2, -9, -17
2048.3, -9, -17
2048.4, -9, -17
2048.5, -9, -17
2048.6, -9, -17
2048.7, -9, -17
2048.8, -9, -17
2048.9, -9, -17
2049, -9, -17
2049.1, -9, -17
2049.2, -9, -17
2049.3, -9, -17
2049.4, -9, -17
2049.5, -9, -17
2049.6, -9, -17
2049.7, -9, -17
2049.8, -9, -17
2049.9, -9, -17
2050, -9, -17
2050.1, -9, -17
2050.2, -9, -17
2050.3, -9, -17
2050.4, -9, -17
2050.5, -9, -17
2050.6, -9, -17
2050.7, -9, -17
2050.8, -9, -17
2050.9, -9, -17
2051, -9, -17
2051.1, -9, -17
2051.2, -9, -17
2051.3, -9, -17
2051.4, -9, -17
2051.5, -9, -17
2051.6, -9, -17
2051.7, -9, -17
2051.8, -9, -17
2051.9, -9, -18
2052, -9, -18
2052.1, -9, -18
2052.2, -9, -18
2052.3, -9, -18
2052.4, -9, -18
2052.5, -9, -18
2052.6, -9, -18
2052.7, -9, -18
2052.8, -9, -18
2052.9, -9, -18
2053, -9, -18
2053.1, -9, -18
2053.2, -9, -18
2053.3, -9, -18
2053.4, -9, -18
2053.5, -9, -18
2053.6, -9, -18
2053.7, -9, -18
2053.8, -9, -18
2053.9, -9, -18
2054, -9, -18
2054.1, -9, -18
2054.2, -9, -18
2054.3, -9, -18
2054.4, -9, -18
2054.5, -9, -18
2054.6, -9, -18
2054.7, -9, -18
2054.8, -9, -18
2054.9, -9, -18
2055, -9, -18
2055.1, -9, -18
2055.2, -9, -18
2055.3, -9, -18
2055.4, -9, -18
2055.5, -9, -18
2055.6, -9, -18
2055.7, -9, -18
2055.8, -9, -18
2055.9, -9, -18
2056, -9, -18
2056.1, -9, -18
2056.2, -9, -18
2056.3, -9, -18
2056.4, -9, -18
2056.5, -9, -18
2056.6, -9, -18
2056.7, -9, -18
2056.8, -9, -18
2056.9, -9, -18
2057, -9, -18
2057.1, -9, -18
2057.2, -9, -18
2057.3, -9, -18
2057.4, -9, -18
2057.5, -9, -18
2057.6, -9, -18
2057.7, -9, -18
2057.8, -9, -18
2057.9, -9, -18
2058, -9, -18
2058.1, -9, -18
2058.2, -9, -18
2058.3, -9, -18
2058.4, -9, -18
2058.5, -9, -18
2058.6, -9, -18
2058.7, -9, -18
2058.8, -9, -18
2058.9, -9, -18
2059, -9, -18
2059.1, -9, -18
2059.2, -9, -18
2059.3, -9, -18
2059.4, -9, -18
2059.5, -9, -18
2059.6, -9, -18
2059.7, -9, -18
2059.8, -9, -18
2059.9, -9, -18
2060, -9, -18
2060.1, -9, -18
2060.2, -9, -18
2060.3, -9, -18
2060.4, -9, -18
2060.5, -9, -17
2060.6, -9, -17
2060.7, -9, -17
2060.8, -9, -17
2060.9, -9, -17
2061, -9, -17
2061.1, -9, -17
2061.2, -9, -17
2061.3, -9, -17
2061.4, -9, -17
2061.5, -9, -17
2061.6, -9, -17
2061.7, -9, -17
2061.8, -9, -17
2061.9, -9, -16
2062, -9, -16
2062.1, -8, -16
2062.2, -8, -16
2062.3, -8, -16
2062.4, -8, -16
2062.5, -8, -16
2062.6, -8, -16
2062.7, -8, -16
2062.8, -8, -16
2062.9, -8, -16
2063, -8, -16
2063.1, -9, -16
2063.2, -9, -16
2063.3, -9, -16
2063.4, -9, -16
2063.5, -9, -16
2063.6, -9, -16
2063.7, -9, -16
2063.8, -9, -16
2063.9, -9, -16
2064, -9, -16
2064.1, -9, -16
2064.2, -9, -16
2064.3, -9, -16
2064.4, -9, -16
2064.5, -9, -16
2064.6, -9, -16
2064.7, -9, -16
2064.8, -9, -16
2064.9, -9, -16
2065, -9, -16
2065.1, -10, -16
2065.2, -10, -16
2065.3, -10, -16
2065.4, -10, -16
2065.5, -9, -16
2065.6, -9, -16
2065.7, -9, -16
2065.8, -9, -16
2065.9, -9, -16
2066, -9, -16
2066.1, -9, -16
2066.2, -9, -16
2066.3, -9, -16
2066.4, -9, -16
2066.5, -9, -16
2066.6, -9, -16
2066.7, -9, -16
2066.8, -9, -16
2066.9, -9, -16
2067, -9, -16
2067.1, -9, -16
2067.2, -9, -16
2067.3, -9, -15
2067.4, -9, -15
2067.5, -9, -15
2067.6, -9, -15
2067.7, -9, -15
2067.8, -9, -15
2067.9, -9, -15
2068, -9, -15
2068.1, -9, -15
2068.2, -9, -15
2068.3, -9, -15
2068.4, -9, -15
2068.5, -8, -15
2068.6, -8, -15
2068.7, -8, -15
2068.8, -8, -15
2068.9, -8, -15
2069, -8, -15
2069.1, -8, -15
2069.2, -8, -15
2069.3, -8, -15
2069.4, -8, -15
2069.5, -8, -15
2069.6, -8, -15
2069.7, -8, -15
2069.8, -8, -15
2069.9, -8, -15
2070, -8, -15
2070.1, -8, -15
2070.2, -8, -15
2070.3, -8, -15
2070.4, -8, -15
2070.5, -8, -15
2070.6, -8, -15
2070.7, -8, -14
2070.8, -8, -14
2070.9, -8, -14
2071, -8, -14
2071.1, -8, -14
2071.2, -8, -14
2071.3, -7, -14
2071.4, -7, -14
2071.5, -7, -14
2071.6, -7, -14
2071.7, -8, -14
2071.8, -8, -14
2071.9, -8, -14
2072, -8, -14
2072.1, -8, -14
2072.2, -8, -14
2072.3, -8, -14
2072.4, -8, -14
2072.5, -8, -14
2072.6, -8, -14
2072.7, -8, -14
2072.8, -8, -14
2072.9, -8, -14
2073, -8, -14
2073.1, -8, -14
2073.2, -8, -14
2073.3, -8, -14
2073.4, -8, -14
2073.5, -8, -14
2073.6, -8, -14
2073.7, -8, -14
2073.8, -8, -14
2073.9, -8, -14
2074, -8, -14
2074.1, -8, -14
2074.2, -8, -14
2074.3, -8, -15
2074.4, -8, -15
2074.5, -8, -15
2074.6, -8, -15
2074.7, -8, -15
2074.8, -8, -15
2074.9, -8, -15
2075, -8, -15
2075.1, -8, -15
2075.2, -8, -15
2075.3, -8, -15
2075.4, -8, -15
2075.5, -8, -15
2075.6, -8, -15
2075.7, -8, -15
2075.8, -8, -15
2075.9, -8, -15
2076, -8, -15
2076.1, -9, -15
2076.2, -9, -15
2076.3, -9, -15
2076.4, -9, -15
2076.5, -9, -15
2076.6, -9, -15
2076.7, -9, -15
2076.8, -9, -15
2076.9, -9, -15
2077, -9, -15
2077.1, -9, -15
2077.2, -9, -15
2077.3, -9, -15
2077.4, -9, -15
2077.5, -9, -15
2077.6, -9, -15
2077.7, -9, -15
2077.8, -9, -15
2077.9, -9, -15
2078, -9, -15
2078.1, -9, -15
2078.2, -9, -15
2078.3, -9, -15
2078.4, -9, -15
2078.5, -9, -15
2078.6, -9, -15
2078.7, -9, -15
2078.8, -9, -15
2078.9, -9, -15
2079, -9, -15
2079.1, -9, -15
2079.2, -9, -15
2079.3, -9, -15
2079.4, -9, -15
2079.5, -9, -14
2079.6, -9, -14
2079.7, -9, -14
2079.8, -9, -14
2079.9, -9, -14
2080, -9, -14
2080.1, -9, -14
2080.2, -9, -14
2080.3, -9, -14
2080.4, -9, -14
2080.5, -9, -14
2080.6, -9, -14
2080.7, -9, -13
2080.8, -9, -13
2080.9, -9, -13
2081, -9, -13
2081.1, -9, -13
2081.2, -9, -13
2081.3, -9, -13
2081.4, -9, -13
2081.5, -9, -13
2081.6, -9, -13
2081.7, -9, -13
2081.8, -9, -13
2081.9, -9, -13
2082, -9, -13
2082.1, -9, -13
2082.2, -9, -13
2082.3, -9, -13
2082.4, -9, -13
2082.5, -9, -13
2082.6, -9, -13
2082.7, -9, -13
2082.8, -9, -13
2082.9, -9, -13
2083, -9, -13
2083.1, -9, -13
2083.2, -9, -13
2083.3, -9, -13
2083.4, -9, -13
2083.5, -9, -13
2083.6, -9, -13
2083.7, -9, -13
2083.8, -9, -13
2083.9, -9, -13
2084, -9, -13
2084.1, -9, -13
2084.2, -9, -13
2084.3, -9, -13
2084.4, -9, -13
2084.5, -9, -13
2084.6, -9, -13
2084.7, -9, -13
2084.8, -9, -13
2084.9, -9, -13
2085, -9, -13
2085.1, -9, -13
2085.2, -9, -13
2085.3, -9, -13
2085.4, -9, -13
2085.5, -9, -13
2085.6, -9, -13
2085.7, -9, -13
2085.8, -9, -13
2085.9, -9, -13
2086, -9, -13
2086.1, -9, -13
2086.2, -9, -13
2086.3, -9, -13
2086.4, -9, -13
2086.5, -9, -13
2086.6, -9, -13
2086.7, -9, -13
2086.8, -9, -13
2086.9, -9, -13
2087, -9, -13
2087.1, -9, -13
2087.2, -9, -13
2087.3, -9, -13
2087.4, -9, -13
2087.5, -9, -13
2087.6, -9, -13
2087.7, -9, -13
2087.8, -9, -13
2087.9, -9, -13
2088, -9, -13
2088.1, -9, -13
2088.2, -9, -13
2088.3, -9, -13
2088.4, -9, -13
2088.5, -9, -13
2088.6, -9, -13
2088.7, -9, -13
2088.8, -9, -13
2088.9, -9, -13
2089, -9, -13
2089.1, -9, -13
2089.2, -9, -13
2089.3, -9, -13
2089.4, -9, -13
2089.5, -9, -13
2089.6, -9, -13
2089.7, -9, -13
2089.8, -9, -13
2089.9, -9, -13
2090, -9, -13
2090.1, -9, -13
2090.2, -9, -13
2090.3, -9, -13
2090.4, -9, -13
2090.5, -9, -13
2090.6, -9, -13
2090.7, -9, -13
2090.8, -9, -13
2090.9, -9, -13
2091, -9, -13
2091.1, -9, -13
2091.2, -9, -13
2091.3, -9, -13
2091.4, -9, -13
2091.5, -9, -13
2091.6, -9, -13
2091.7, -9, -12
2091.8, -9, -12
2091.9, -9, -12
2092, -9, -12
2092.1, -9, -12
2092.2, -9, -12
2092.3, -9, -12
2092.4, -9, -12
2092.5, -10, -12
2092.6, -10, -12
2092.7, -10, -12
2092.8, -10, -12
2092.9, -10, -12
2093, -10, -12
2093.1, -10, -12
2093.2, -10, -12
2093.3, -10, -12
2093.4, -10, -12
2093.5, -10, -11
2093.6, -10, -11
2093.7, -10, -11
2093.8, -10, -11
2093.9, -10, -11
2094, -10, -11
2094.1, -10, -12
2094.2, -10, -12
2094.3, -10, -12
2094.4, -10, -12
2094.5, -10, -12
2094.6, -10, -12
2094.7, -10, -12
2094.8, -10, -12
2094.9, -10, -12
2095, -10, -12
2095.1, -10, -12
2095.2, -10, -12
2095.3, -10, -12
2095.4, -10, -12
2095.5, -10, -12
2095.6, -10, -12
2095.7, -10, -12
2095.8, -10, -12
2095.9, -10, -12
2096, -10, -12
2096.1, -10, -12
2096.2, -10, -12
2096.3, -10, -12
2096.4, -10, -12
2096.5, -10, -12
2096.6, -10, -12
2096.7, -10, -12
2096.8, -10, -12
2096.9, -10, -12
2097, -10, -12
2097.1, -10, -12
2097.2, -10, -12
2097.3, -10, -12
2097.4, -10, -12
2097.5, -10, -12
2097.6, -10, -12
2097.7, -9, -12
2097.8, -9, -12
2097.9, -9, -12
2098, -9, -12
2098.1, -9, -12
2098.2, -9, -12
2098.3, -9, -12
2098.4, -9, -12
2098.5, -9, -12
2098.6, -9, -12
2098.7, -9, -12
2098.8, -9, -12
2098.9, -9, -12
2099, -9, -12
2099.1, -9, -12
2099.2, -9, -12
2099.3, -9, -12
2099.4, -9, -12
2099.5, -9, -12
2099.6, -9, -12
2099.7, -9, -12
2099.8, -9, -12
2099.9, -9, -11
2100, -9, -11
2100.1, -9, -11
2100.2, -9, -11
2100.3, -9, -11
2100.4, -9, -11
2100.5, -9, -12
2100.6, -9, -12
2100.7, -9, -12
2100.8, -9, -12
2100.9, -9, -12
2101, -9, -12
2101.1, -9, -12
2101.2, -9, -12
2101.3, -9, -12
2101.4, -9, -12
2101.5, -9, -12
2101.6, -9, -12
2101.7, -9, -12
2101.8, -9, -12
2101.9, -9, -12
2102, -9, -12
2102.1, -9, -12
2102.2, -9, -12
2102.3, -9, -12
2102.4, -9, -12
2102.5, -9, -12
2102.6, -9, -12
2102.7, -9, -12
2102.8, -9, -12
2102.9, -9, -12
2103, -9, -12
2103.1, -9, -12
2103.2, -9, -12
2103.3, -9, -12
2103.4, -9, -12
2103.5, -9, -12
2103.6, -9, -12
2103.7, -9, -12
2103.8, -9, -12
2103.9, -9, -12
2104, -9, -12
2104.1, -9, -12
2104.2, -9, -12
2104.3, -9, -12
2104.4, -9, -12
2104.5, -9, -12
2104.6, -9, -12
2104.7, -9, -12
2104.8, -9, -12
2104.9, -9, -12
2105, -9, -12
2105.1, -9, -12
2105.2, -9, -12
2105.3, -9, -12
2105.4, -9, -12
2105.5, -9, -12
2105.6, -9, -12
2105.7, -9, -12
2105.8, -9, -12
2105.9, -9, -12
2106, -9, -12
2106.1, -9, -12
2106.2, -9, -12
2106.3, -9, -12
2106.4, -9, -12
2106.5, -9, -12
2106.6, -9, -12
2106.7, -9, -12
2106.8, -9, -12
2106.9, -9, -12
2107, -9, -12
2107.1, -9, -12
2107.2, -9, -12
2107.3, -9, -12
2107.4, -9, -12
2107.5, -9, -12
2107.6, -9, -12
2107.7, -9, -12
2107.8, -9, -12
2107.9, -9, -12
2108, -9, -12
2108.1, -9, -12
2108.2, -9, -12
2108.3, -9, -12
2108.4, -9, -12
2108.5, -9, -12
2108.6, -9, -12
2108.7, -9, -12
2108.8, -9, -12
2108.9, -9, -12
2109, -9, -12
2109.1, -9, -12
2109.2, -9, -12
2109.3, -9, -12
2109.4, -9, -12
2109.5, -9, -12
2109.6, -9, -12
2109.7, -9, -12
2109.8, -9, -12
2109.9, -9, -12
2110, -9, -12
2110.1, -9, -12
2110.2, -9, -12
2110.3, -9, -12
2110.4, -9, -12
2110.5, -9, -12
2110.6, -9, -12
2110.7, -8, -12
2110.8, -8, -12
2110.9, -9, -12
2111, -9, -12
2111.1, -9, -12
2111.2, -9, -12
2111.3, -9, -12
2111.4, -9, -12
2111.5, -9, -12
2111.6, -9, -12
2111.7, -9, -12
2111.8, -9, -12
2111.9, -9, -11
2112, -9, -11
2112.1, -9, -11
2112.2, -9, -11
2112.3, -9, -11
2112.4, -9, -11
2112.5, -9, -11
2112.6, -9, -11
2112.7, -9, -11
2112.8, -9, -11
2112.9, -9, -11
2113, -9, -11
2113.1, -9, -11
2113.2, -9, -11
2113.3, -9, -11
2113.4, -9, -11
2113.5, -9, -11
2113.6, -9, -11
2113.7, -9, -11
2113.8, -9, -11
2113.9, -9, -11
2114, -9, -11
2114.1, -9, -10
2114.2, -9, -10
2114.3, -9, -10
2114.4, -9, -10
2114.5, -9, -10
2114.6, -9, -10
2114.7, -9, -10
2114.8, -9, -10
2114.9, -10, -10
2115, -10, -10
2115.1, -10, -10
2115.2, -10, -10
2115.3, -10, -10
2115.4, -10, -10
2115.5, -10, -10
2115.6, -10, -10
2115.7, -10, -10
2115.8, -10, -10
2115.9, -10, -10
2116, -10, -10
2116.1, -10, -11
2116.2, -10, -11
2116.3, -10, -11
2116.4, -10, -11
2116.5, -10, -11
2116.6, -10, -11
2116.7, -10, -11
2116.8, -10, -11
2116.9, -10, -11
2117, -10, -11
2117.1, -10, -11
2117.2, -10, -11
2117.3, -10, -11
2117.4, -10, -11
2117.5, -10, -11
2117.6, -10, -11
2117.7, -10, -11
2117.8, -10, -11
2117.9, -10, -11
2118, -10, -11
2118.1, -10, -11
2118.2, -10, -11
2118.3, -10, -11
2118.4, -10, -11
2118.5, -10, -11
2118.6, -10, -11
2118.7, -10, -11
2118.8, -10, -11
2118.9, -10, -11
2119, -10, -11
2119.1, -10, -11
2119.2, -10, -11
2119.3, -10, -11
2119.4, -10, -11
2119.5, -10, -11
2119.6, -10, -11
2119.7, -10, -11
2119.8, -10, -11
2119.9, -10, -11
2120, -10, -11
2120.1, -10, -11
2120.2, -10, -11
2120.3, -11, -11
2120.4, -11, -11
2120.5, -11, -12
2120.6, -11, -12
2120.7, -11, -12
2120.8, -11, -12
2120.9, -11, -12
2121, -11, -12
2121.1, -11, -12
2121.2, -11, -12
2121.3, -11, -12
2121.4, -11, -12
2121.5, -11, -12
2121.6, -11, -12
2121.7, -11, -12
2121.8, -11, -12
2121.9, -11, -12
2122, -11, -12
2122.1, -11, -12
2122.2, -11, -12
2122.3, -11, -12
2122.4, -11, -12
2122.5, -11, -12
2122.6, -11, -12
2122.7, -12, -12
2122.8, -12, -12
2122.9, -12, -12
2123, -12, -12
2123.1, -12, -12
2123.2, -12, -12
2123.3, -12, -12
2123.4, -12, -12
2123.5, -12, -12
2123.6, -12, -12
2123.7, -12, -12
2123.8, -12, -12
2123.9, -12, -12
2124, -12, -12
2124.1, -12, -12
2124.2, -12, -12
2124.3, -12, -12
2124.4, -12, -12
2124.5, -12, -12
2124.6, -12, -12
2124.7, -12, -12
2124.8, -12, -12
2124.9, -12, -12
2125, -12, -12
2125.1, -12, -12
2125.2, -12, -12
2125.3, -12, -12
2125.4, -12, -12
2125.5, -11, -12
2125.6, -11, -12
2125.7, -11, -12
2125.8, -11, -12
2125.9, -11, -12
2126, -11, -12
2126.1, -11, -12
2126.2, -11, -12
2126.3, -11, -12
2126.4, -11, -12
2126.5, -11, -12
2126.6, -11, -12
2126.7, -11, -12
2126.8, -11, -12
2126.9, -11, -12
2127, -11, -12
2127.1, -11, -12
2127.2, -11, -12
2127.3, -11, -12
2127.4, -11, -12
2127.5, -11, -12
2127.6, -11, -12
2127.7, -11, -12
2127.8, -11, -12
2127.9, -11, -12
2128, -11, -12
2128.1, -11, -12
2128.2, -11, -12
2128.3, -11, -12
2128.4, -11, -12
2128.5, -11, -12
2128.6, -11, -12
2128.7, -11, -12
2128.8, -11, -12
2128.9, -11, -12
2129, -11, -12
2129.1, -11, -12
2129.2, -11, -12
2129.3, -11, -12
2129.4, -11, -12
2129.5, -12, -12
2129.6, -12, -12
2129.7, -12, -12
2129.8, -12, -12
2129.9, -12, -12
2130, -12, -12
2130.1, -12, -12
2130.2, -12, -12
2130.3, -12, -12
2130.4, -12, -12
2130.5, -12, -12
2130.6, -12, -12
2130.7, -13, -12
2130.8, -13, -12
2130.9, -13, -12
2131, -13, -12
2131.1, -13, -12
2131.2, -13, -12
2131.3, -13, -12
2131.4, -13, -12
2131.5, -13, -12
2131.6, -13, -12
2131.7, -13, -12
2131.8, -13, -12
2131.9, -13, -12
2132, -13, -12
2132.1, -13, -12
2132.2, -13, -12
2132.3, -13, -12
2132.4, -13, -12
2132.5, -13, -12
2132.6, -13, -12
2132.7, -13, -12
2132.8, -13, -12
2132.9, -13, -12
2133, -13, -12
2133.1, -13, -12
2133.2, -13, -12
2133.3, -13, -12
2133.4, -13, -12
2133.5, -13, -11
2133.6, -13, -11
2133.7, -13, -11
2133.8, -13, -11
2133.9, -13, -11
2134, -13, -11
2134.1, -13, -11
2134.2, -13, -11
2134.3, -13, -11
2134.4, -13, -11
2134.5, -13, -11
2134.6, -13, -11
2134.7, -13, -11
2134.8, -13, -11
2134.9, -12, -11
2135, -12, -11
2135.1, -12, -11
2135.2, -12, -11
2135.3, -12, -11
2135.4, -12, -11
2135.5, -12, -11
2135.6, -12, -11
2135.7, -12, -11
2135.8, -12, -11
2135.9, -12, -11
2136, -12, -11
2136.1, -12, -11
2136.2, -12, -11
2136.3, -12, -10
2136.4, -12, -10
2136.5, -13, -10
2136.6, -13, -10
2136.7, -14, -10
2136.8, -14, -10
2136.9, -14, -10
2137, -14, -10
2137.1, -14, -10
2137.2, -14, -10
2137.3, -14, -10
2137.4, -14, -10
2137.5, -14, -10
2137.6, -14, -10
2137.7, -14, -10
2137.8, -14, -10
2137.9, -14, -10
2138, -14, -10
2138.1, -14, -10
2138.2, -14, -10
2138.3, -14, -10
2138.4, -14, -10
2138.5, -14, -10
2138.6, -14, -10
2138.7, -14, -10
2138.8, -14, -10
2138.9, -14, -10
2139, -14, -10
2139.1, -14, -10
2139.2, -14, -10
2139.3, -14, -10
2139.4, -14, -10
2139.5, -14, -10
2139.6, -14, -10
2139.7, -14, -10
2139.8, -14, -10
2139.9, -14, -10
2140, -14, -10
2140.1, -14, -10
2140.2, -14, -10
2140.3, -14, -10
2140.4, -14, -10
2140.5, -14, -10
2140.6, -14, -10
2140.7, -14, -10
2140.8, -14, -10
2140.9, -14, -10
2141, -14, -10
2141.1, -14, -10
2141.2, -14, -10
2141.3, -14, -10
2141.4, -14, -10
2141.5, -14, -10
2141.6, -14, -10
2141.7, -14, -10
2141.8, -14, -10
2141.9, -14, -10
2142, -14, -10
2142.1, -14, -11
2142.2, -14, -11
2142.3, -14, -11
2142.4, -14, -11
2142.5, -14, -11
2142.6, -14, -11
2142.7, -14, -11
2142.8, -14, -11
2142.9, -13, -11
2143, -13, -11
2143.1, -13, -11
2143.2, -13, -11
2143.3, -12, -11
2143.4, -12, -11
2143.5, -11, -11
2143.6, -11, -11
2143.7, -11, -11
2143.8, -11, -11
2143.9, -11, -11
2144, -11, -11
2144.1, -11, -11
2144.2, -11, -11
2144.3, -11, -11
2144.4, -11, -11
2144.5, -11, -11
2144.6, -11, -11
2144.7, -11, -11
2144.8, -11, -11
2144.9, -11, -11
2145, -11, -11
2145.1, -11, -11
2145.2, -11, -11
2145.3, -11, -11
2145.4, -11, -11
2145.5, -11, -11
2145.6, -11, -11
2145.7, -11, -11
2145.8, -11, -11
2145.9, -11, -11
2146, -11, -11
2146.1, -11, -11
2146.2, -11, -11
2146.3, -11, -11
2146.4, -11, -11
2146.5, -11, -11
2146.6, -11, -11
2146.7, -11, -11
2146.8, -11, -11
2146.9, -11, -10
2147, -11, -10
2147.1, -11, -10
2147.2, -11, -10
2147.3, -11, -10
2147.4, -11, -10
2147.5, -11, -10
2147.6, -11, -10
2147.7, -11, -10
2147.8, -11, -10
2147.9, -11, -10
2148, -11, -10
2148.1, -11, -10
2148.2, -11, -10
2148.3, -11, -10
2148.4, -11, -10
2148.5, -11, -10
2148.6, -11, -10
2148.7, -11, -10
2148.8, -11, -10
2148.9, -11, -10
2149, -11, -10
2149.1, -11, -10
2149.2, -11, -10
2149.3, -11, -10
2149.4, -11, -10
2149.5, -10, -10
2149.6, -10, -10
2149.7, -10, -10
2149.8, -10, -10
2149.9, -10, -10
2150, -10, -10
2150.1, -10, -10
2150.2, -10, -10
2150.3, -11, -10
2150.4, -11, -10
2150.5, -11, -10
2150.6, -11, -10
2150.7, -11, -10
2150.8, -11, -10
2150.9, -11, -10
2151, -11, -10
2151.1, -11, -10
2151.2, -11, -10
2151.3, -11, -10
2151.4, -11, -10
2151.5, -11, -10
2151.6, -11, -10
2151.7, -11, -10
2151.8, -11, -10
2151.9, -11, -10
2152, -11, -10
2152.1, -11, -10
2152.2, -11, -10
2152.3, -11, -10
2152.4, -11, -10
2152.5, -11, -10
2152.6, -11, -10
2152.7, -11, -10
2152.8, -11, -10
2152.9, -11, -10
2153, -11, -10
2153.1, -11, -10
2153.2, -11, -10
2153.3, -11, -10
2153.4, -11, -10
2153.5, -11, -10
2153.6, -11, -10
2153.7, -11, -10
2153.8, -11, -10
2153.9, -11, -10
2154, -11, -10
2154.1, -11, -10
2154.2, -11, -10
2154.3, -11, -10
2154.4, -11, -10
2154.5, -11, -10
2154.6, -11, -10
2154.7, -11, -10
2154.8, -11, -10
2154.9, -10, -10
2155, -10, -10
2155.1, -10, -10
2155.2, -10, -10
2155.3, -10, -10
2155.4, -10, -10
2155.5, -10, -10
2155.6, -10, -10
2155.7, -10, -10
2155.8, -10, -10
2155.9, -10, -10
2156, -10, -10
2156.1, -10, -10
2156.2, -10, -10
2156.3, -10, -10
2156.4, -10, -10
2156.5, -10, -10
2156.6, -10, -10
2156.7, -11, -10
2156.8, -11, -10
2156.9, -11, -10
2157, -11, -10
2157.1, -11, -11
2157.2, -11, -11
2157.3, -10, -11
2157.4, -10, -11
2157.5, -10, -11
2157.6, -10, -11
2157.7, -10, -11
2157.8, -10, -11
2157.9, -10, -11
2158, -10, -11
2158.1, -10, -11
2158.2, -10, -11
2158.3, -10, -11
2158.4, -10, -11
2158.5, -10, -11
2158.6, -10, -11
2158.7, -10, -11
2158.8, -10, -11
2158.9, -10, -11
2159, -10, -11
2159.1, -10, -11
2159.2, -10, -11
2159.3, -10, -11
2159.4, -10, -11
2159.5, -9, -11
2159.6, -9, -11
2159.7, -9, -11
2159.8, -9, -11
2159.9, -9, -11
2160, -9, -11
2160.1, -9, -11
2160.2, -9, -11
2160.3, -8, -11
2160.4, -8, -11
2160.5, -8, -11
2160.6, -8, -11
2160.7, -8, -11
2160.8, -8, -11
2160.9, -8, -11
2161, -8, -11
2161.1, -9, -11
2161.2, -9, -11
2161.3, -9, -11
2161.4, -9, -11
2161.5, -9, -11
2161.6, -9, -11
2161.7, -9, -11
2161.8, -9, -11
2161.9, -9, -11
2162, -9, -11
2162.1, -9, -11
2162.2, -9, -11
2162.3, -9, -11
2162.4, -9, -11
2162.5, -9, -11
2162.6, -9, -11
2162.7, -9, -11
2162.8, -9, -11
2162.9, -9, -11
2163, -9, -11
2163.1, -9, -11
2163.2, -9, -11
2163.3, -9, -11
2163.4, -9, -11
2163.5, -9, -11
2163.6, -9, -11
2163.7, -9, -11
2163.8, -9, -11
2163.9, -9, -11
2164, -9, -11
2164.1, -9, -11
2164.2, -9, -11
2164.3, -9, -11
2164.4, -9, -11
2164.5, -9, -11
2164.6, -9, -11
2164.7, -9, -11
2164.8, -9, -11
2164.9, -9, -11
2165, -9, -11
2165.1, -9, -11
2165.2, -9, -11
2165.3, -9, -11
2165.4, -9, -11
2165.5, -9, -11
2165.6, -9, -11
2165.7, -9, -11
2165.8, -9, -11
2165.9, -9, -11
2166, -9, -11
2166.1, -9, -11
2166.2, -9, -11
2166.3, -9, -11
2166.4, -9, -11
2166.5, -9, -11
2166.6, -9, -11
2166.7, -9, -11
2166.8, -9, -11
2166.9, -9, -11
2167, -9, -11
2167.1, -9, -11
2167.2, -9, -11
2167.3, -9, -11
2167.4, -9, -11
2167.5, -9, -11
2167.6, -9, -11
2167.7, -9, -11
2167.8, -9, -11
2167.9, -9, -11
2168, -9, -11
2168.1, -9, -11
2168.2, -9, -11
2168.3, -9, -10
2168.4, -9, -10
2168.5, -9, -10
2168.6, -9, -10
2168.7, -9, -10
2168.8, -9, -10
2168.9, -9, -10
2169, -9, -10
2169.1, -9, -10
2169.2, -9, -10
2169.3, -9, -10
2169.4, -9, -10
2169.5, -9, -10
2169.6, -9, -10
2169.7, -9, -10
2169.8, -9, -10
2169.9, -9, -10
2170, -9, -10
2170.1, -9, -10
2170.2, -9, -10
2170.3, -9, -10
2170.4, -9, -10
2170.5, -9, -10
2170.6, -9, -10
2170.7, -10, -10
2170.8, -10, -10
2170.9, -11, -10
2171, -11, -10
2171.1, -11, -10
2171.2, -11, -10
2171.3, -11, -10
2171.4, -11, -10
2171.5, -11, -10
2171.6, -11, -10
2171.7, -11, -10
2171.8, -11, -10
2171.9, -11, -10
2172, -11, -10
2172.1, -11, -10
2172.2, -11, -10
2172.3, -11, -9
2172.4, -11, -9
2172.5, -11, -9
2172.6, -11, -9
2172.7, -11, -9
2172.8, -11, -9
2172.9, -11, -9
2173, -11, -9
2173.1, -11, -9
2173.2, -11, -9
2173.3, -11, -9
2173.4, -11, -9
2173.5, -11, -9
2173.6, -11, -9
2173.7, -11, -9
2173.8, -11, -9
2173.9, -11, -9
2174, -11, -9
2174.1, -11, -9
2174.2, -11, -9
2174.3, -11, -9
2174.4, -11, -9
2174.5, -11, -9
2174.6, -11, -9
2174.7, -11, -9
2174.8, -11, -9
2174.9, -11, -9
2175, -11, -9
2175.1, -11, -9
2175.2, -11, -9
2175.3, -11, -9
2175.4, -11, -9
2175.5, -12, -9
2175.6, -12, -9
2175.7, -12, -9
2175.8, -12, -9
2175.9, -12, -9
2176, -12, -9
2176.1, -12, -9
2176.2, -12, -9
2176.3, -12, -9
2176.4, -12, -9
2176.5, -12, -9
2176.6, -12, -9
2176.7, -12, -9
2176.8, -12, -9
2176.9, -12, -9
2177, -12, -9
2177.1, -12, -9
2177.2, -12, -9
2177.3, -12, -9
2177.4, -12, -9
2177.5, -12, -9
2177.6, -12, -9
2177.7, -12, -9
2177.8, -12, -9
2177.9, -12, -9
2178, -12, -9
2178.1, -13, -9
2178.2, -13, -9
2178.3, -13, -9
2178.4, -13, -9
2178.5, -13, -9
2178.6, -13, -9
2178.7, -13, -9
2178.8, -13, -9
2178.9, -13, -9
2179, -13, -9
2179.1, -13, -9
2179.2, -13, -9
2179.3, -13, -8
2179.4, -13, -8
2179.5, -13, -8
2179.6, -13, -8
2179.7, -13, -8
2179.8, -13, -8
2179.9, -13, -8
2180, -13, -8
2180.1, -13, -8
2180.2, -13, -8
2180.3, -13, -8
2180.4, -13, -8
2180.5, -13, -8
2180.6, -13, -8
2180.7, -13, -8
2180.8, -13, -8
2180.9, -13, -8
2181, -13, -8
2181.1, -13, -8
2181.2, -13, -8
2181.3, -13, -8
2181.4, -13, -8
2181.5, -13, -8
2181.6, -13, -8
2181.7, -13, -8
2181.8, -13, -8
2181.9, -13, -8
2182, -13, -8
2182.1, -13, -8
2182.2, -13, -8
2182.3, -13, -8
2182.4, -13, -8
2182.5, -13, -8
2182.6, -13, -8
2182.7, -13, -9
2182.8, -13, -9
2182.9, -13, -9
2183, -13, -9
2183.1, -13, -9
2183.2, -13, -9
2183.3, -13, -9
2183.4, -13, -9
2183.5, -13, -9
2183.6, -13, -9
2183.7, -13, -9
2183.8, -13, -9
2183.9, -13, -9
2184, -13, -9
2184.1, -13, -9
2184.2, -13, -9
2184.3, -13, -9
2184.4, -13, -9
2184.5, -13, -9
2184.6, -13, -9
2184.7, -13, -9
2184.8, -13, -9
2184.9, -13, -9
2185, -13, -9
2185.1, -13, -9
2185.2, -13, -9
2185.3, -13, -9
2185.4, -13, -9
2185.5, -13, -9
2185.6, -13, -9
2185.7, -13, -9
2185.8, -13, -9
2185.9, -13, -9
2186, -13, -9
2186.1, -13, -9
2186.2, -13, -9
2186.3, -13, -8
2186.4, -13, -8
2186.5, -13, -8
2186.6, -13, -8
2186.7, -13, -8
2186.8, -13, -8
2186.9, -13, -8
2187, -13, -8
2187.1, -13, -8
2187.2, -13, -8
2187.3, -13, -8
2187.4, -13, -8
2187.5, -13, -8
2187.6, -13, -8
2187.7, -13, -8
2187.8, -13, -8
2187.9, -13, -8
2188, -13, -8
2188.1, -13, -8
2188.2, -13, -8
2188.3, -13, -8
2188.4, -13, -8
2188.5, -13, -8
2188.6, -13, -8
2188.7, -13, -8
2188.8, -13, -8
2188.9, -13, -8
2189, -13, -8
2189.1, -12, -8
2189.2, -12, -8
2189.3, -12, -8
2189.4, -12, -8
2189.5, -12, -8
2189.6, -12, -8
2189.7, -12, -8
2189.8, -12, -8
2189.9, -12, -8
2190, -12, -8
2190.1, -12, -8
2190.2, -12, -8
2190.3, -12, -8
2190.4, -12, -8
2190.5, -12, -8
2190.6, -12, -8
2190.7, -12, -8
2190.8, -12, -8
2190.9, -12, -8
2191, -12, -8
2191.1, -12, -8
2191.2, -12, -8
2191.3, -12, -8
2191.4, -12, -8
2191.5, -12, -8
2191.6, -12, -8
2191.7, -12, -8
2191.8, -12, -8
2191.9, -12, -8
2192, -12, -8
2192.1, -12, -8
2192.2, -12, -8
2192.3, -12, -8
2192.4, -12, -8
2192.5, -13, -8
2192.6, -13, -8
2192.7, -13, -8
2192.8, -13, -8
2192.9, -13, -8
2193, -13, -8
2193.1, -13, -8
2193.2, -13, -8
2193.3, -13, -8
2193.4, -13, -8
2193.5, -13, -8
2193.6, -13, -8
2193.7, -13, -8
2193.8, -13, -8
2193.9, -13, -8
2194, -13, -8
2194.1, -13, -8
2194.2, -13, -8
2194.3, -13, -8
2194.4, -13, -8
2194.5, -13, -8
2194.6, -13, -8
2194.7, -13, -9
2194.8, -13, -9
2194.9, -13, -9
2195, -13, -9
2195.1, -13, -9
2195.2, -13, -9
2195.3, -13, -9
2195.4, -13, -9
2195.5, -13, -9
2195.6, -13, -9
2195.7, -13, -9
2195.8, -13, -9
2195.9, -13, -9
2196, -13, -9
2196.1, -13, -9
2196.2, -13, -9
2196.3, -13, -9
2196.4, -13, -9
2196.5, -13, -9
2196.6, -13, -9
2196.7, -13, -9
2196.8, -13, -9
2196.9, -13, -9
2197, -13, -9
2197.1, -14, -9
2197.2, -14, -9
2197.3, -14, -9
2197.4, -14, -9
2197.5, -14, -9
2197.6, -14, -9
2197.7, -14, -9
2197.8, -14, -9
2197.9, -14, -9
2198, -14, -9
2198.1, -14, -9
2198.2, -14, -9
2198.3, -14, -9
2198.4, -14, -9
2198.5, -14, -9
2198.6, -14, -9
2198.7, -14, -9
2198.8, -14, -9
2198.9, -14, -9
2199, -14, -9
2199.1, -14, -10
2199.2, -14, -10
2199.3, -14, -11
2199.4, -14, -11
2199.5, -14, -11
2199.6, -14, -11
2199.7, -14, -11
2199.8, -14, -11
2199.9, -14, -11
2200, -14, -11
2200.1, -14, -11
2200.2, -14, -11
2200.3, -14, -11
2200.4, -14, -11
2200.5, -14, -11
2200.6, -14, -11
2200.7, -14, -11
2200.8, -14, -11
2200.9, -14, -11
2201, -14, -11
2201.1, -14, -11
2201.2, -14, -11
2201.3, -14, -11
2201.4, -14, -11
2201.5, -14, -11
2201.6, -14, -11
2201.7, -14, -11
2201.8, -14, -11
2201.9, -14, -11
2202, -14, -11
2202.1, -14, -11
2202.2, -14, -11
2202.3, -14, -11
2202.4, -14, -11
2202.5, -14, -11
2202.6, -14, -11
2202.7, -14, -11
2202.8, -14, -11
2202.9, -14, -11
2203, -14, -11
2203.1, -14, -11
2203.2, -14, -11
2203.3, -14, -11
2203.4, -14, -11
2203.5, -14, -11
2203.6, -14, -11
2203.7, -14, -11
2203.8, -14, -11
2203.9, -14, -11
2204, -14, -11
2204.1, -14, -11
2204.2, -14, -11
2204.3, -14, -11
2204.4, -14, -11
2204.5, -14, -11
2204.6, -14, -11
2204.7, -15, -11
2204.8, -15, -11
2204.9, -15, -11
2205, -15, -11
2205.1, -15, -11
2205.2, -15, -11
2205.3, -15, -11
2205.4, -15, -11
2205.5, -15, -11
2205.6, -15, -11
2205.7, -15, -11
2205.8, -15, -11
2205.9, -16, -11
2206, -16, -11
2206.1, -16, -11
2206.2, -16, -11
2206.3, -17, -11
2206.4, -17, -11
2206.5, -18, -11
2206.6, -18, -11
2206.7, -18, -11
2206.8, -18, -11
2206.9, -18, -11
2207, -18, -11
2207.1, -18, -11
2207.2, -18, -11
2207.3, -18, -11
2207.4, -18, -11
2207.5, -18, -11
2207.6, -18, -11
2207.7, -18, -11
2207.8, -18, -11
2207.9, -18, -11
2208, -18, -11
2208.1, -18, -11
2208.2, -18, -11
2208.3, -18, -11
2208.4, -18, -11
2208.5, -18, -11
2208.6, -18, -11
2208.7, -18, -11
2208.8, -18, -11
2208.9, -18, -11
2209, -18, -11
2209.1, -18, -11
2209.2, -18, -11
2209.3, -18, -11
2209.4, -18, -11
2209.5, -18, -11
2209.6, -18, -11
2209.7, -18, -11
2209.8, -18, -11
2209.9, -18, -11
2210, -18, -11
2210.1, -18, -11
2210.2, -18, -11
2210.3, -18, -11
2210.4, -18, -11
2210.5, -18, -11
2210.6, -18, -11
2210.7, -18, -11
2210.8, -18, -11
2210.9, -18, -11
2211, -18, -11
2211.1, -18, -11
2211.2, -18, -11
2211.3, -18, -11
2211.4, -18, -11
2211.5, -18, -12
2211.6, -18, -12
2211.7, -18, -12
2211.8, -18, -12
2211.9, -18, -12
2212, -18, -12
2212.1, -18, -12
2212.2, -18, -12
2212.3, -18, -12
2212.4, -18, -12
2212.5, -18, -12
2212.6, -18, -12
2212.7, -18, -12
2212.8, -18, -12
2212.9, -18, -12
2213, -18, -12
2213.1, -18, -12
2213.2, -18, -12
2213.3, -18, -12
2213.4, -18, -12
2213.5, -18, -12
2213.6, -18, -12
2213.7, -18, -12
2213.8, -18, -12
2213.9, -18, -13
2214, -18, -13
2214.1, -19, -13
2214.2, -19, -13
2214.3, -19, -13
2214.4, -19, -13
2214.5, -19, -13
2214.6, -19, -13
2214.7, -19, -13
2214.8, -19, -13
2214.9, -19, -13
2215, -19, -13
2215.1, -19, -13
2215.2, -19, -13
2215.3, -19, -13
2215.4, -19, -13
2215.5, -18, -13
2215.6, -18, -13
2215.7, -18, -13
2215.8, -18, -13
2215.9, -18, -13
2216, -18, -13
2216.1, -18, -13
2216.2, -18, -13
2216.3, -18, -13
2216.4, -18, -13
2216.5, -18, -13
2216.6, -18, -13
2216.7, -18, -13
2216.8, -18, -13
2216.9, -18, -13
2217, -18, -13
2217.1, -18, -13
2217.2, -18, -13
2217.3, -18, -13
2217.4, -18, -13
2217.5, -19, -13
2217.6, -19, -13
2217.7, -19, -13
2217.8, -19, -13
2217.9, -19, -13
2218, -19, -13
2218.1, -19, -13
2218.2, -19, -13
2218.3, -19, -13
2218.4, -19, -13
2218.5, -19, -13
2218.6, -19, -13
2218.7, -19, -13
2218.8, -19, -13
2218.9, -19, -13
2219, -19, -13
2219.1, -19, -13
2219.2, -19, -13
2219.3, -19, -13
2219.4, -19, -13
2219.5, -19, -13
2219.6, -19, -13
2219.7, -19, -13
2219.8, -19, -13
2219.9, -19, -13
2220, -19, -13
2220.1, -19, -13
2220.2, -19, -13
2220.3, -19, -13
2220.4, -19, -13
2220.5, -19, -13
2220.6, -19, -13
2220.7, -19, -13
2220.8, -19, -13
2220.9, -19, -13
2221, -19, -13
2221.1, -19, -13
2221.2, -19, -13
2221.3, -19, -13
2221.4, -19, -13
2221.5, -19, -13
2221.6, -19, -13
2221.7, -19, -13
2221.8, -19, -13
2221.9, -19, -13
2222, -19, -13
2222.1, -19, -13
2222.2, -19, -13
2222.3, -19, -13
2222.4, -19, -13
2222.5, -19, -13
2222.6, -19, -13
2222.7, -19, -12
2222.8, -19, -12
2222.9, -19, -12
2223, -19, -12
2223.1, -19, -12
2223.2, -19, -12
2223.3, -19, -12
2223.4, -19, -12
2223.5, -19, -12
2223.6, -19, -12
2223.7, -19, -12
2223.8, -19, -12
2223.9, -19, -12
2224, -19, -12
2224.1, -19, -12
2224.2, -19, -12
2224.3, -19, -12
2224.4, -19, -12
2224.5, -19, -12
2224.6, -19, -12
2224.7, -19, -12
2224.8, -19, -12
2224.9, -19, -12
2225, -19, -12
2225.1, -19, -12
2225.2, -19, -12
2225.3, -19, -12
2225.4, -19, -12
2225.5, -19, -12
2225.6, -19, -12
2225.7, -19, -12
2225.8, -19, -12
2225.9, -19, -12
2226, -19, -12
2226.1, -18, -12
2226.2, -18, -12
2226.3, -18, -12
2226.4, -18, -12
2226.5, -18, -12
2226.6, -18, -12
2226.7, -18, -12
2226.8, -18, -12
2226.9, -18, -13
2227, -18, -13
2227.1, -18, -13
2227.2, -18, -13
2227.3, -18, -13
2227.4, -18, -13
2227.5, -18, -14
2227.6, -18, -14
2227.7, -18, -14
2227.8, -18, -14
2227.9, -18, -14
2228, -18, -14
2228.1, -18, -14
2228.2, -18, -14
2228.3, -18, -14
2228.4, -18, -14
2228.5, -18, -14
2228.6, -18, -14
2228.7, -18, -14
2228.8, -18, -14
2228.9, -18, -14
2229, -18, -14
2229.1, -18, -14
2229.2, -18, -14
2229.3, -18, -14
2229.4, -18, -14
2229.5, -18, -14
2229.6, -18, -14
2229.7, -18, -14
2229.8, -18, -14
2229.9, -18, -14
2230, -18, -14
2230.1, -18, -13
2230.2, -18, -13
2230.3, -18, -13
2230.4, -18, -13
2230.5, -18, -13
2230.6, -18, -13
2230.7, -18, -13
2230.8, -18, -13
2230.9, -18, -13
2231, -18, -13
2231.1, -18, -13
2231.2, -18, -13
2231.3, -18, -13
2231.4, -18, -13
2231.5, -18, -13
2231.6, -18, -13
2231.7, -18, -13
2231.8, -18, -13
2231.9, -18, -13
2232, -18, -13
2232.1, -18, -13
2232.2, -18, -13
2232.3, -18, -13
2232.4, -18, -13
2232.5, -18, -13
2232.6, -18, -13
2232.7, -18, -12
2232.8, -18, -12
2232.9, -18, -12
2233, -18, -12
2233.1, -18, -12
2233.2, -18, -12
2233.3, -18, -12
2233.4, -18, -12
2233.5, -17, -12
2233.6, -17, -12
2233.7, -17, -12
2233.8, -17, -12
2233.9, -17, -12
2234, -17, -12
2234.1, -17, -12
2234.2, -17, -12
2234.3, -17, -12
2234.4, -17, -12
2234.5, -17, -12
2234.6, -17, -12
2234.7, -17, -12
2234.8, -17, -12
2234.9, -17, -12
2235, -17, -12
2235.1, -17, -12
2235.2, -17, -12
2235.3, -17, -12
2235.4, -17, -12
2235.5, -17, -12
2235.6, -17, -12
2235.7, -17, -12
2235.8, -17, -12
2235.9, -17, -12
2236, -17, -12
2236.1, -17, -12
2236.2, -17, -12
2236.3, -17, -12
2236.4, -17, -12
2236.5, -17, -12
2236.6, -17, -12
2236.7, -17, -12
2236.8, -17, -12
2236.9, -17, -12
2237, -17, -12
2237.1, -17, -12
2237.2, -17, -12
2237.3, -17, -12
2237.4, -17, -12
2237.5, -17, -12
2237.6, -17, -12
2237.7, -17, -12
2237.8, -17, -12
2237.9, -17, -12
2238, -17, -12
2238.1, -17, -12
2238.2, -17, -12
2238.3, -17, -12
2238.4, -17, -12
2238.5, -17, -12
2238.6, -17, -12
2238.7, -17, -12
2238.8, -17, -12
2238.9, -17, -12
2239, -17, -12
2239.1, -17, -12
2239.2, -17, -12
2239.3, -17, -13
2239.4, -17, -13
2239.5, -17, -13
2239.6, -17, -13
2239.7, -17, -14
2239.8, -17, -14
2239.9, -17, -14
2240, -17, -14
2240.1, -17, -14
2240.2, -17, -14
2240.3, -17, -13
2240.4, -17, -13
2240.5, -17, -13
2240.6, -17, -13
2240.7, -18, -13
2240.8, -18, -13
2240.9, -18, -13
2241, -18, -13
2241.1, -18, -13
2241.2, -18, -13
2241.3, -18, -13
2241.4, -18, -13
2241.5, -18, -13
2241.6, -18, -13
2241.7, -18, -13
2241.8, -18, -13
2241.9, -18, -13
2242, -18, -13
2242.1, -18, -13
2242.2, -18, -13
2242.3, -18, -13
2242.4, -18, -13
2242.5, -18, -13
2242.6, -18, -13
2242.7, -18, -13
2242.8, -18, -13
2242.9, -18, -13
2243, -18, -13
2243.1, -18, -13
2243.2, -18, -13
2243.3, -18, -13
2243.4, -18, -13
2243.5, -18, -13
2243.6, -18, -13
2243.7, -18, -14
2243.8, -18, -14
2243.9, -18, -14
2244, -18, -14
2244.1, -18, -14
2244.2, -18, -14
2244.3, -18, -14
2244.4, -18, -14
2244.5, -18, -14
2244.6, -18, -14
2244.7, -18, -14
2244.8, -18, -14
2244.9, -18, -14
2245, -18, -14
2245.1, -18, -14
2245.2, -18, -14
2245.3, -18, -14
2245.4, -18, -14
2245.5, -18, -14
2245.6, -18, -14
2245.7, -18, -14
2245.8, -18, -14
2245.9, -18, -14
2246, -18, -14
2246.1, -18, -14
2246.2, -18, -14
2246.3, -18, -14
2246.4, -18, -14
2246.5, -18, -14
2246.6, -18, -14
2246.7, -18, -14
2246.8, -18, -14
2246.9, -18, -14
2247, -18, -14
2247.1, -18, -14
2247.2, -18, -14
2247.3, -18, -14
2247.4, -18, -14
2247.5, -18, -14
2247.6, -18, -14
2247.7, -18, -14
2247.8, -18, -14
2247.9, -17, -14
2248, -17, -14
2248.1, -17, -14
2248.2, -17, -14
2248.3, -17, -15
2248.4, -17, -15
2248.5, -17, -15
2248.6, -17, -15
2248.7, -17, -15
2248.8, -17, -15
2248.9, -17, -15
2249, -17, -15
2249.1, -17, -15
2249.2, -17, -15
2249.3, -17, -15
2249.4, -17, -15
2249.5, -17, -15
2249.6, -17, -15
2249.7, -17, -15
2249.8, -17, -15
2249.9, -16, -15
2250, -16, -15
2250.1, -16, -15
2250.2, -16, -15
2250.3, -16, -15
2250.4, -16, -15
2250.5, -16, -14
2250.6, -16, -14
2250.7, -16, -14
2250.8, -16, -14
2250.9, -16, -14
2251, -16, -14
2251.1, -15, -14
2251.2, -15, -14
2251.3, -15, -14
2251.4, -15, -14
2251.5, -15, -14
2251.6, -15, -14
2251.7, -15, -14
2251.8, -15, -14
2251.9, -15, -14
2252, -15, -14
2252.1, -15, -14
2252.2, -15, -14
2252.3, -15, -13
2252.4, -15, -13
2252.5, -15, -13
2252.6, -15, -13
2252.7, -15, -13
2252.8, -15, -13
2252.9, -15, -13
2253, -15, -13
2253.1, -15, -13
2253.2, -15, -13
2253.3, -15, -13
2253.4, -15, -13
2253.5, -15, -13
2253.6, -15, -13
2253.7, -15, -13
2253.8, -15, -13
2253.9, -15, -13
2254, -15, -13
2254.1, -15, -13
2254.2, -15, -13
2254.3, -15, -14
2254.4, -15, -14
2254.5, -15, -14
2254.6, -15, -14
2254.7, -15, -14
2254.8, -15, -14
2254.9, -15, -14
2255, -15, -14
2255.1, -15, -14
2255.2, -15, -14
2255.3, -15, -14
2255.4, -15, -14
2255.5, -15, -14
2255.6, -15, -14
2255.7, -15, -14
2255.8, -15, -14
2255.9, -15, -14
2256, -15, -14
2256.1, -15, -14
2256.2, -15, -14
2256.3, -15, -14
2256.4, -15, -14
2256.5, -15, -14
2256.6, -15, -14
2256.7, -15, -14
2256.8, -15, -14
2256.9, -15, -14
2257, -15, -14
2257.1, -15, -14
2257.2, -15, -14
2257.3, -15, -14
2257.4, -15, -14
2257.5, -15, -14
2257.6, -15, -14
2257.7, -15, -14
2257.8, -15, -14
2257.9, -15, -14
2258, -15, -14
2258.1, -15, -14
2258.2, -15, -14
2258.3, -15, -14
2258.4, -15, -14
2258.5, -15, -14
2258.6, -15, -14
2258.7, -15, -14
2258.8, -15, -14
2258.9, -15, -14
2259, -15, -14
2259.1, -15, -14
2259.2, -15, -14
2259.3, -15, -14
2259.4, -15, -14
2259.5, -14, -14
2259.6, -14, -14
2259.7, -14, -15
2259.8, -14, -15
2259.9, -13, -15
2260, -13, -15
2260.1, -14, -15
2260.2, -14, -15
2260.3, -14, -15
2260.4, -14, -15
2260.5, -14, -15
2260.6, -14, -15
2260.7, -14, -15
2260.8, -14, -15
2260.9, -14, -15
2261, -14, -15
2261.1, -14, -15
2261.2, -14, -15
2261.3, -14, -15
2261.4, -14, -15
2261.5, -14, -15
2261.6, -14, -15
2261.7, -14, -15
2261.8, -14, -15
2261.9, -14, -15
2262, -14, -15
2262.1, -15, -15
2262.2, -15, -15
2262.3, -15, -15
2262.4, -15, -15
2262.5, -15, -15
2262.6, -15, -15
2262.7, -16, -15
2262.8, -16, -15
2262.9, -16, -15
2263, -16, -15
2263.1, -16, -15
2263.2, -16, -15
2263.3, -16, -15
2263.4, -16, -15
2263.5, -16, -15
2263.6, -16, -15
2263.7, -16, -15
2263.8, -16, -15
2263.9, -16, -15
2264, -16, -15
2264.1, -16, -15
2264.2, -16, -15
2264.3, -16, -15
2264.4, -16, -15
2264.5, -16, -15
2264.6, -16, -15
2264.7, -16, -15
2264.8, -16, -15
2264.9, -16, -15
2265, -16, -15
2265.1, -16, -15
2265.2, -16, -15
2265.3, -16, -15
2265.4, -16, -15
2265.5, -16, -15
2265.6, -16, -15
2265.7, -16, -15
2265.8, -16, -15
2265.9, -16, -15
2266, -16, -15
2266.1, -16, -15
2266.2, -16, -15
2266.3, -16, -15
2266.4, -16, -15
2266.5, -16, -15
2266.6, -16, -15
2266.7, -16, -15
2266.8, -16, -15
2266.9, -16, -15
2267, -16, -15
2267.1, -16, -15
2267.2, -16, -15
2267.3, -16, -15
2267.4, -16, -15
2267.5, -16, -16
2267.6, -16, -16
2267.7, -16, -16
2267.8, -16, -16
2267.9, -16, -16
2268, -16, -16
2268.1, -16, -16
2268.2, -16, -16
2268.3, -16, -16
2268.4, -16, -16
2268.5, -16, -16
2268.6, -16, -16
2268.7, -16, -16
2268.8, -16, -16
2268.9, -16, -16
2269, -16, -16
2269.1, -16, -16
2269.2, -16, -16
2269.3, -16, -16
2269.4, -16, -16
2269.5, -16, -16
2269.6, -16, -16
2269.7, -16, -16
2269.8, -16, -16
2269.9, -16, -16
2270, -16, -16
2270.1, -16, -16
2270.2, -16, -16
2270.3, -16, -16
2270.4, -16, -16
2270.5, -16, -16
2270.6, -16, -16
2270.7, -16, -16
2270.8, -16, -16
2270.9, -16, -16
2271, -16, -16
2271.1, -16, -16
2271.2, -16, -16
2271.3, -16, -16
2271.4, -16, -16
2271.5, -16, -16
2271.6, -16, -16
2271.7, -16, -16
2271.8, -16, -16
2271.9, -16, -16
2272, -16, -16
2272.1, -16, -16
2272.2, -16, -16
2272.3, -16, -16
2272.4, -16, -16
2272.5, -16, -16
2272.6, -16, -16
2272.7, -16, -16
2272.8, -16, -16
2272.9, -16, -16
2273, -16, -16
2273.1, -16, -15
2273.2, -16, -15
2273.3, -16, -15
2273.4, -16, -15
2273.5, -16, -15
2273.6, -16, -15
2273.7, -16, -15
2273.8, -16, -15
2273.9, -16, -15
2274, -16, -15
2274.1, -16, -15
2274.2, -16, -15
2274.3, -16, -15
2274.4, -16, -15
2274.5, -16, -15
2274.6, -16, -15
2274.7, -16, -15
2274.8, -16, -15
2274.9, -16, -15
2275, -16, -15
2275.1, -16, -16
2275.2, -16, -16
2275.3, -16, -16
2275.4, -16, -16
2275.5, -16, -16
2275.6, -16, -16
2275.7, -16, -16
2275.8, -16, -16
2275.9, -16, -16
2276, -16, -16
2276.1, -16, -16
2276.2, -16, -16
2276.3, -16, -16
2276.4, -16, -16
2276.5, -16, -16
2276.6, -16, -16
2276.7, -16, -16
2276.8, -16, -16
2276.9, -16, -15
2277, -16, -15
2277.1, -16, -15
2277.2, -16, -15
2277.3, -16, -15
2277.4, -16, -15
2277.5, -16, -15
2277.6, -16, -15
2277.7, -16, -15
2277.8, -16, -15
2277.9, -16, -15
2278, -16, -15
2278.1, -16, -15
2278.2, -16, -15
2278.3, -16, -15
2278.4, -16, -15
2278.5, -16, -15
2278.6, -16, -15
2278.7, -16, -14
2278.8, -16, -14
2278.9, -16, -14
2279, -16, -14
2279.1, -16, -14
2279.2, -16, -14
2279.3, -16, -14
2279.4, -16, -14
2279.5, -16, -14
2279.6, -16, -14
2279.7, -17, -14
2279.8, -17, -14
2279.9, -17, -14
2280, -17, -14
2280.1, -17, -14
2280.2, -17, -14
2280.3, -17, -14
2280.4, -17, -14
2280.5, -17, -14
2280.6, -17, -14
2280.7, -17, -14
2280.8, -17, -14
2280.9, -17, -14
2281, -17, -14
2281.1, -17, -14
2281.2, -17, -14
2281.3, -17, -14
2281.4, -17, -14
2281.5, -17, -14
2281.6, -17, -14
2281.7, -17, -14
2281.8, -17, -14
2281.9, -17, -14
2282, -17, -14
2282.1, -16, -14
2282.2, -16, -14
2282.3, -17, -14
2282.4, -17, -14
2282.5, -17, -14
2282.6, -17, -14
2282.7, -17, -14
2282.8, -17, -14
2282.9, -17, -14
2283, -17, -14
2283.1, -17, -14
2283.2, -17, -14
2283.3, -17, -14
2283.4, -17, -14
2283.5, -17, -14
2283.6, -17, -14
2283.7, -17, -14
2283.8, -17, -14
2283.9, -17, -14
2284, -17, -14
2284.1, -17, -14
2284.2, -17, -14
2284.3, -17, -14
2284.4, -17, -14
2284.5, -17, -14
2284.6, -17, -14
2284.7, -17, -14
2284.8, -17, -14
2284.9, -17, -14
2285, -17, -14
2285.1, -17, -14
2285.2, -17, -14
2285.3, -17, -14
2285.4, -17, -14
2285.5, -17, -14
2285.6, -17, -14
2285.7, -17, -14
2285.8, -17, -14
2285.9, -17, -14
2286, -17, -14
2286.1, -17, -14
2286.2, -17, -14
2286.3, -17, -14
2286.4, -17, -14
2286.5, -17, -14
2286.6, -17, -14
2286.7, -17, -14
2286.8, -17, -14
2286.9, -17, -14
2287, -17, -14
2287.1, -17, -14
2287.2, -17, -14
2287.3, -17, -14
2287.4, -17, -14
2287.5, -17, -14
2287.6, -17, -14
2287.7, -17, -14
2287.8, -17, -14
2287.9, -17, -14
2288, -17, -14
2288.1, -17, -14
2288.2, -17, -14
2288.3, -17, -14
2288.4, -17, -14
2288.5, -17, -14
2288.6, -17, -14
2288.7, -17, -14
2288.8, -17, -14
2288.9, -17, -14
2289, -17, -14
2289.1, -17, -14
2289.2, -17, -14
2289.3, -17, -14
2289.4, -17, -14
2289.5, -17, -14
2289.6, -17, -14
2289.7, -17, -14
2289.8, -17, -14
2289.9, -17, -14
2290, -17, -14
2290.1, -17, -14
2290.2, -17, -14
2290.3, -17, -14
2290.4, -17, -14
2290.5, -17, -15
2290.6, -17, -15
2290.7, -17, -15
2290.8, -17, -15
2290.9, -17, -15
2291, -17, -15
2291.1, -17, -15
2291.2, -17, -15
2291.3, -17, -15
2291.4, -17, -15
2291.5, -17, -15
2291.6, -17, -15
2291.7, -17, -15
2291.8, -17, -15
2291.9, -17, -15
2292, -17, -15
2292.1, -17, -15
2292.2, -17, -15
2292.3, -17, -15
2292.4, -17, -15
2292.5, -18, -15
2292.6, -18, -15
2292.7, -18, -15
2292.8, -18, -15
2292.9, -18, -15
2293, -18, -15
2293.1, -18, -15
2293.2, -18, -15
2293.3, -17, -15
2293.4, -17, -15
2293.5, -17, -15
2293.6, -17, -15
2293.7, -17, -15
2293.8, -17, -15
2293.9, -17, -15
2294, -17, -15
2294.1, -17, -15
2294.2, -17, -15
2294.3, -17, -15
2294.4, -17, -15
2294.5, -17, -15
2294.6, -17, -15
2294.7, -17, -15
2294.8, -17, -15
2294.9, -17, -15
2295, -17, -15
2295.1, -17, -15
2295.2, -17, -15
2295.3, -17, -15
2295.4, -17, -15
2295.5, -17, -15
2295.6, -17, -15
2295.7, -17, -15
2295.8, -17, -15
2295.9, -17, -15
2296, -17, -15
2296.1, -17, -15
2296.2, -17, -15
2296.3, -17, -15
2296.4, -17, -15
2296.5, -17, -15
2296.6, -17, -15
2296.7, -17, -15
2296.8, -17, -15
2296.9, -17, -15
2297, -17, -15
2297.1, -17, -15
2297.2, -17, -15
2297.3, -17, -15
2297.4, -17, -15
2297.5, -17, -15
2297.6, -17, -15
2297.7, -17, -15
2297.8, -17, -15
2297.9, -17, -15
2298, -17, -15
2298.1, -17, -15
2298.2, -17, -15
2298.3, -17, -15
2298.4, -17, -15
2298.5, -17, -15
2298.6, -17, -15
2298.7, -17, -15
2298.8, -17, -15
2298.9, -17, -15
2299, -17, -15
2299.1, -17, -15
2299.2, -17, -15
2299.3, -17, -15
2299.4, -17, -15
2299.5, -17, -15
2299.6, -17, -15
2299.7, -17, -14
2299.8, -17, -14
2299.9, -17, -14
2300, -17, -14
2300.1, -17, -14
2300.2, -17, -14
2300.3, -16, -14
2300.4, -16, -14
2300.5, -16, -14
2300.6, -16, -14
2300.7, -16, -14
2300.8, -16, -14
2300.9, -16, -14
2301, -16, -14
2301.1, -16, -14
2301.2, -16, -14
2301.3, -16, -14
2301.4, -16, -14
2301.5, -16, -14
2301.6, -16, -14
2301.7, -16, -14
2301.8, -16, -14
2301.9, -16, -14
2302, -16, -14
2302.1, -16, -14
2302.2, -16, -14
2302.3, -16, -14
2302.4, -16, -14
2302.5, -16, -14
2302.6, -16, -14
2302.7, -16, -14
2302.8, -16, -14
2302.9, -16, -14
2303, -16, -14
2303.1, -16, -14
2303.2, -16, -14
2303.3, -16, -14
2303.4, -16, -14
2303.5, -16, -14
2303.6, -16, -14
2303.7, -16, -14
2303.8, -16, -14
2303.9, -16, -14
2304, -16, -14
2304.1, -16, -14
2304.2, -16, -14
2304.3, -16, -14
2304.4, -16, -14
2304.5, -16, -14
2304.6, -16, -14
2304.7, -16, -14
2304.8, -16, -14
2304.9, -16, -13
2305, -16, -13
2305.1, -16, -13
2305.2, -16, -13
2305.3, -16, -13
2305.4, -16, -13
2305.5, -16, -13
2305.6, -16, -13
2305.7, -16, -13
2305.8, -16, -13
2305.9, -16, -13
2306, -16, -13
2306.1, -16, -13
2306.2, -16, -13
2306.3, -16, -13
2306.4, -16, -13
2306.5, -16, -13
2306.6, -16, -13
2306.7, -16, -13
2306.8, -16, -13
2306.9, -16, -13
2307, -16, -13
2307.1, -16, -13
2307.2, -16, -13
2307.3, -15, -13
2307.4, -15, -13
2307.5, -15, -13
2307.6, -15, -13
2307.7, -15, -13
2307.8, -15, -13
2307.9, -15, -13
2308, -15, -13
2308.1, -15, -13
2308.2, -15, -13
2308.3, -15, -13
2308.4, -15, -13
2308.5, -15, -13
2308.6, -15, -13
2308.7, -15, -13
2308.8, -15, -13
2308.9, -15, -13
2309, -15, -13
2309.1, -15, -13
2309.2, -15, -13
2309.3, -15, -13
2309.4, -15, -13
2309.5, -15, -14
2309.6, -15, -14
2309.7, -15, -14
2309.8, -15, -14
2309.9, -15, -14
2310, -15, -14
2310.1, -15, -14
2310.2, -15, -14
2310.3, -15, -14
2310.4, -15, -14
2310.5, -15, -14
2310.6, -15, -14
2310.7, -15, -14
2310.8, -15, -14
2310.9, -15, -14
2311, -15, -14
2311.1, -15, -14
2311.2, -15, -14
2311.3, -15, -14
2311.4, -15, -14
2311.5, -15, -15
2311.6, -15, -15
2311.7, -15, -15
2311.8, -15, -15
2311.9, -15, -15
2312, -15, -15
2312.1, -15, -15
2312.2, -15, -15
2312.3, -15, -15
2312.4, -15, -15
2312.5, -15, -15
2312.6, -15, -15
2312.7, -15, -15
2312.8, -15, -15
2312.9, -15, -15
2313, -15, -15
2313.1, -15, -15
2313.2, -15, -15
2313.3, -15, -15
2313.4, -15, -15
2313.5, -15, -15
2313.6, -15, -15
2313.7, -15, -15
2313.8, -15, -15
2313.9, -15, -15
2314, -15, -15
2314.1, -15, -15
2314.2, -15, -15
2314.3, -15, -15
2314.4, -15, -15
2314.5, -15, -14
2314.6, -15, -14
2314.7, -15, -14
2314.8, -15, -14
2314.9, -15, -14
2315, -15, -14
2315.1, -15, -14
2315.2, -15, -14
2315.3, -15, -14
2315.4, -15, -14
2315.5, -15, -14
2315.6, -15, -14
2315.7, -15, -14
2315.8, -15, -14
2315.9, -15, -14
2316, -15, -14
2316.1, -15, -14
2316.2, -15, -14
2316.3, -15, -14
2316.4, -15, -14
2316.5, -15, -14
2316.6, -15, -14
2316.7, -15, -14
2316.8, -15, -14
2316.9, -15, -14
2317, -15, -14
2317.1, -15, -14
2317.2, -15, -14
2317.3, -15, -14
2317.4, -15, -14
2317.5, -15, -14
2317.6, -15, -14
2317.7, -15, -14
2317.8, -15, -14
2317.9, -15, -14
2318, -15, -14
2318.1, -15, -14
2318.2, -15, -14
2318.3, -15, -13
2318.4, -15, -13
2318.5, -15, -13
2318.6, -15, -13
2318.7, -15, -13
2318.8, -15, -13
2318.9, -15, -13
2319, -15, -13
2319.1, -15, -13
2319.2, -15, -13
2319.3, -15, -13
2319.4, -15, -13
2319.5, -15, -13
2319.6, -15, -13
2319.7, -15, -13
2319.8, -15, -13
2319.9, -15, -13
2320, -15, -13
2320.1, -15, -13
2320.2, -15, -13
2320.3, -15, -13
2320.4, -15, -13
2320.5, -15, -13
2320.6, -15, -13
2320.7, -15, -13
2320.8, -15, -13
2320.9, -15, -13
2321, -15, -13
2321.1, -14, -13
2321.2, -14, -13
2321.3, -14, -13
2321.4, -14, -13
2321.5, -14, -13
2321.6, -14, -13
2321.7, -13, -13
2321.8, -13, -13
2321.9, -13, -13
2322, -13, -13
2322.1, -13, -13
2322.2, -13, -13
2322.3, -13, -13
2322.4, -13, -13
2322.5, -13, -13
2322.6, -13, -13
2322.7, -14, -13
2322.8, -14, -13
2322.9, -13, -13
2323, -13, -13
2323.1, -13, -13
2323.2, -13, -13
2323.3, -13, -13
2323.4, -13, -13
2323.5, -13, -13
2323.6, -13, -13
2323.7, -13, -13
2323.8, -13, -13
2323.9, -13, -13
2324, -13, -13
2324.1, -13, -13
2324.2, -13, -13
2324.3, -13, -13
2324.4, -13, -13
2324.5, -13, -13
2324.6, -13, -13
2324.7, -13, -13
2324.8, -13, -13
2324.9, -13, -13
2325, -13, -13
2325.1, -13, -13
2325.2, -13, -13
2325.3, -14, -13
2325.4, -14, -13
2325.5, -14, -13
2325.6, -14, -13
2325.7, -14, -13
2325.8, -14, -13
2325.9, -14, -13
2326, -14, -13
2326.1, -14, -13
2326.2, -14, -13
2326.3, -14, -13
2326.4, -14, -13
2326.5, -14, -13
2326.6, -14, -13
2326.7, -14, -13
2326.8, -14, -13
2326.9, -14, -13
2327, -14, -13
2327.1, -14, -13
2327.2, -14, -13
2327.3, -14, -13
2327.4, -14, -13
2327.5, -14, -12
2327.6, -14, -12
2327.7, -14, -12
2327.8, -14, -12
2327.9, -14, -12
2328, -14, -12
2328.1, -14, -12
2328.2, -14, -12
2328.3, -14, -12
2328.4, -14, -12
2328.5, -14, -12
2328.6, -14, -12
2328.7, -14, -12
2328.8, -14, -12
2328.9, -14, -12
2329, -14, -12
2329.1, -14, -12
2329.2, -14, -12
2329.3, -14, -12
2329.4, -14, -12
2329.5, -14, -12
2329.6, -14, -12
2329.7, -14, -12
2329.8, -14, -12
2329.9, -14, -12
2330, -14, -12
2330.1, -14, -12
2330.2, -14, -12
2330.3, -14, -12
2330.4, -14, -12
2330.5, -13, -12
2330.6, -13, -12
2330.7, -13, -12
2330.8, -13, -12
2330.9, -13, -12
2331, -13, -12
2331.1, -13, -12
2331.2, -13, -12
2331.3, -13, -12
2331.4, -13, -12
2331.5, -13, -13
2331.6, -13, -13
2331.7, -13, -13
2331.8, -13, -13
2331.9, -13, -13
2332, -13, -13
2332.1, -13, -13
2332.2, -13, -13
2332.3, -13, -13
2332.4, -13, -13
2332.5, -13, -13
2332.6, -13, -13
2332.7, -13, -13
2332.8, -13, -13
2332.9, -13, -13
2333, -13, -13
2333.1, -13, -13
2333.2, -13, -13
2333.3, -13, -13
2333.4, -13, -13
2333.5, -13, -13
2333.6, -13, -13
2333.7, -13, -13
2333.8, -13, -13
2333.9, -13, -13
2334, -13, -13
2334.1, -13, -13
2334.2, -13, -13
2334.3, -13, -13
2334.4, -13, -13
2334.5, -13, -13
2334.6, -13, -13
2334.7, -13, -13
2334.8, -13, -13
2334.9, -13, -13
2335, -13, -13
2335.1, -14, -13
2335.2, -14, -13
2335.3, -14, -13
2335.4, -14, -13
2335.5, -14, -13
2335.6, -14, -13
2335.7, -14, -13
2335.8, -14, -13
2335.9, -14, -13
2336, -14, -13
2336.1, -14, -13
2336.2, -14, -13
2336.3, -14, -13
2336.4, -14, -13
2336.5, -14, -13
2336.6, -14, -13
2336.7, -14, -13
2336.8, -14, -13
2336.9, -15, -13
2337, -15, -13
2337.1, -15, -13
2337.2, -15, -13
2337.3, -15, -14
2337.4, -15, -14
2337.5, -15, -14
2337.6, -15, -14
2337.7, -15, -14
2337.8, -15, -14
2337.9, -15, -14
2338, -15, -14
2338.1, -15, -14
2338.2, -15, -14
2338.3, -15, -14
2338.4, -15, -14
2338.5, -15, -14
2338.6, -15, -14
2338.7, -15, -14
2338.8, -15, -14
2338.9, -16, -14
2339, -16, -14
2339.1, -16, -14
2339.2, -16, -14
2339.3, -16, -14
2339.4, -16, -14
2339.5, -16, -14
2339.6, -16, -14
2339.7, -16, -14
2339.8, -16, -14
2339.9, -16, -14
2340, -16, -14
2340.1, -16, -14
2340.2, -16, -14
2340.3, -16, -14
2340.4, -16, -14
2340.5, -16, -13
2340.6, -16, -13
2340.7, -16, -13
2340.8, -16, -13
2340.9, -16, -13
2341, -16, -13
2341.1, -16, -13
2341.2, -16, -13
2341.3, -15, -13
2341.4, -15, -13
2341.5, -15, -13
2341.6, -15, -13
2341.7, -15, -13
2341.8, -15, -13
2341.9, -15, -13
2342, -15, -13
2342.1, -15, -13
2342.2, -15, -13
2342.3, -15, -13
2342.4, -15, -13
2342.5, -15, -14
2342.6, -15, -14
2342.7, -15, -14
2342.8, -15, -14
2342.9, -15, -14
2343, -15, -14
2343.1, -15, -14
2343.2, -15, -14
2343.3, -15, -14
2343.4, -15, -14
2343.5, -15, -14
2343.6, -15, -14
2343.7, -15, -14
2343.8, -15, -14
2343.9, -15, -14
2344, -15, -14
2344.1, -15, -14
2344.2, -15, -14
2344.3, -15, -14
2344.4, -15, -14
2344.5, -15, -14
2344.6, -15, -14
2344.7, -15, -14
2344.8, -15, -14
2344.9, -15, -14
2345, -15, -14
2345.1, -15, -14
2345.2, -15, -14
2345.3, -15, -14
2345.4, -15, -14
2345.5, -15, -14
2345.6, -15, -14
2345.7, -15, -15
2345.8, -15, -15
2345.9, -15, -15
2346, -15, -15
2346.1, -15, -15
2346.2, -15, -15
2346.3, -15, -15
2346.4, -15, -15
2346.5, -15, -15
2346.6, -15, -15
2346.7, -15, -15
2346.8, -15, -15
2346.9, -15, -15
2347, -15, -15
2347.1, -15, -15
2347.2, -15, -15
2347.3, -15, -15
2347.4, -15, -15
2347.5, -15, -15
2347.6, -15, -15
2347.7, -15, -15
2347.8, -15, -15
2347.9, -15, -15
2348, -15, -15
2348.1, -15, -15
2348.2, -15, -15
2348.3, -15, -15
2348.4, -15, -15
2348.5, -15, -15
2348.6, -15, -15
2348.7, -15, -15
2348.8, -15, -15
2348.9, -15, -15
2349, -15, -15
2349.1, -15, -15
2349.2, -15, -15
2349.3, -15, -15
2349.4, -15, -15
2349.5, -15, -15
2349.6, -15, -15
2349.7, -15, -15
2349.8, -15, -15
2349.9, -15, -15
2350, -15, -15
2350.1, -15, -15
2350.2, -15, -15
2350.3, -15, -15
2350.4, -15, -15
2350.5, -15, -15
2350.6, -15, -15
2350.7, -15, -15
2350.8, -15, -15
2350.9, -15, -15
2351, -15, -15
2351.1, -14, -15
2351.2, -14, -15
2351.3, -14, -15
2351.4, -14, -15
2351.5, -14, -15
2351.6, -14, -15
2351.7, -14, -15
2351.8, -14, -15
2351.9, -15, -15
2352, -15, -15
2352.1, -15, -15
2352.2, -15, -15
2352.3, -15, -15
2352.4, -15, -15
2352.5, -15, -15
2352.6, -15, -15
2352.7, -15, -15
2352.8, -15, -15
2352.9, -15, -15
2353, -15, -15
2353.1, -15, -15
2353.2, -15, -15
2353.3, -15, -15
2353.4, -15, -15
2353.5, -15, -15
2353.6, -15, -15
2353.7, -15, -15
2353.8, -15, -15
2353.9, -15, -15
2354, -15, -15
2354.1, -15, -15
2354.2, -15, -15
2354.3, -15, -15
2354.4, -15, -15
2354.5, -15, -15
2354.6, -15, -15
2354.7, -15, -15
2354.8, -15, -15
2354.9, -15, -15
2355, -15, -15
2355.1, -15, -15
2355.2, -15, -15
2355.3, -15, -15
2355.4, -15, -15
2355.5, -15, -15
2355.6, -15, -15
2355.7, -15, -15
2355.8, -15, -15
2355.9, -16, -15
2356, -16, -15
2356.1, -16, -15
2356.2, -16, -15
2356.3, -16, -15
2356.4, -16, -15
2356.5, -16, -15
2356.6, -16, -15
2356.7, -16, -15
2356.8, -16, -15
2356.9, -16, -15
2357, -16, -15
2357.1, -16, -15
2357.2, -16, -15
2357.3, -16, -15
2357.4, -16, -15
2357.5, -16, -15
2357.6, -16, -15
2357.7, -16, -15
2357.8, -16, -15
2357.9, -16, -15
2358, -16, -15
2358.1, -16, -15
2358.2, -16, -15
2358.3, -16, -15
2358.4, -16, -15
2358.5, -16, -15
2358.6, -16, -15
2358.7, -16, -15
2358.8, -16, -15
2358.9, -16, -15
2359, -16, -15
2359.1, -16, -15
2359.2, -16, -15
2359.3, -16, -15
2359.4, -16, -15
2359.5, -16, -15
2359.6, -16, -15
2359.7, -16, -15
2359.8, -16, -15
2359.9, -16, -15
2360, -16, -15
2360.1, -16, -15
2360.2, -16, -15
2360.3, -16, -15
2360.4, -16, -15
2360.5, -16, -16
2360.6, -16, -16
2360.7, -16, -17
2360.8, -16, -17
2360.9, -16, -17
2361, -16, -17
2361.1, -16, -17
2361.2, -16, -17
2361.3, -16, -17
2361.4, -16, -17
2361.5, -16, -17
2361.6, -16, -17
2361.7, -16, -17
2361.8, -16, -17
2361.9, -16, -17
2362, -16, -17
2362.1, -16, -17
2362.2, -16, -17
2362.3, -16, -17
2362.4, -16, -17
2362.5, -16, -17
2362.6, -16, -17
2362.7, -16, -17
2362.8, -16, -17
2362.9, -16, -17
2363, -16, -17
2363.1, -16, -17
2363.2, -16, -17
2363.3, -16, -17
2363.4, -16, -17
2363.5, -16, -17
2363.6, -16, -17
2363.7, -16, -17
2363.8, -16, -17
2363.9, -16, -17
2364, -16, -17
2364.1, -16, -17
2364.2, -16, -17
2364.3, -16, -17
2364.4, -16, -17
2364.5, -16, -17
2364.6, -16, -17
2364.7, -16, -17
2364.8, -16, -17
2364.9, -16, -17
2365, -16, -17
2365.1, -16, -17
2365.2, -16, -17
2365.3, -16, -17
2365.4, -16, -17
2365.5, -15, -17
2365.6, -15, -17
2365.7, -15, -17
2365.8, -15, -17
2365.9, -15, -17
2366, -15, -17
2366.1, -15, -17
2366.2, -15, -17
2366.3, -15, -17
2366.4, -15, -17
2366.5, -15, -17
2366.6, -15, -17
2366.7, -15, -17
2366.8, -15, -17
2366.9, -15, -17
2367, -15, -17
2367.1, -16, -17
2367.2, -16, -17
2367.3, -16, -17
2367.4, -16, -17
2367.5, -16, -17
2367.6, -16, -17
2367.7, -16, -17
2367.8, -16, -17
2367.9, -16, -17
2368, -16, -17
2368.1, -16, -17
2368.2, -16, -17
2368.3, -16, -17
2368.4, -16, -17
2368.5, -16, -16
2368.6, -16, -16
2368.7, -16, -16
2368.8, -16, -16
2368.9, -16, -16
2369, -16, -16
2369.1, -16, -16
2369.2, -16, -16
2369.3, -16, -16
2369.4, -16, -16
2369.5, -17, -16
2369.6, -17, -16
2369.7, -17, -16
2369.8, -17, -16
2369.9, -17, -16
2370, -17, -16
2370.1, -17, -16
2370.2, -17, -16
2370.3, -17, -16
2370.4, -17, -16
2370.5, -17, -16
2370.6, -17, -16
2370.7, -17, -16
2370.8, -17, -16
2370.9, -17, -16
2371, -17, -16
2371.1, -17, -16
2371.2, -17, -16
2371.3, -17, -16
2371.4, -17, -16
2371.5, -17, -15
2371.6, -17, -15
2371.7, -17, -15
2371.8, -17, -15
2371.9, -17, -15
2372, -17, -15
2372.1, -17, -15
2372.2, -17, -15
2372.3, -17, -15
2372.4, -17, -15
2372.5, -17, -15
2372.6, -17, -15
2372.7, -17, -15
2372.8, -17, -15
2372.9, -17, -15
2373, -17, -15
2373.1, -17, -15
2373.2, -17, -15
2373.3, -17, -15
2373.4, -17, -15
2373.5, -17, -15
2373.6, -17, -15
2373.7, -17, -15
2373.8, -17, -15
2373.9, -17, -15
2374, -17, -15
2374.1, -17, -15
2374.2, -17, -15
2374.3, -17, -15
2374.4, -17, -15
2374.5, -17, -14
2374.6, -17, -14
2374.7, -17, -14
2374.8, -17, -14
2374.9, -17, -14
2375, -17, -14
2375.1, -17, -14
2375.2, -17, -14
2375.3, -17, -14
2375.4, -17, -14
2375.5, -17, -14
2375.6, -17, -14
2375.7, -16, -14
2375.8, -16, -14
2375.9, -16, -14
2376, -16, -14
2376.1, -16, -15
2376.2, -16, -15
2376.3, -16, -15
2376.4, -16, -15
2376.5, -16, -15
2376.6, -16, -15
2376.7, -16, -15
2376.8, -16, -15
2376.9, -16, -15
2377, -16, -15
2377.1, -16, -15
2377.2, -16, -15
2377.3, -16, -15
2377.4, -16, -15
2377.5, -16, -15
2377.6, -16, -15
2377.7, -16, -14
2377.8, -16, -14
2377.9, -16, -14
2378, -16, -14
2378.1, -16, -14
2378.2, -16, -14
2378.3, -16, -14
2378.4, -16, -14
2378.5, -16, -14
2378.6, -16, -14
2378.7, -16, -14
2378.8, -16, -14
2378.9, -16, -14
2379, -16, -14
2379.1, -16, -14
2379.2, -16, -14
2379.3, -16, -14
2379.4, -16, -14
2379.5, -16, -14
2379.6, -16, -14
2379.7, -16, -14
2379.8, -16, -14
2379.9, -16, -14
2380, -16, -14
2380.1, -16, -14
2380.2, -16, -14
2380.3, -16, -14
2380.4, -16, -14
2380.5, -16, -14
2380.6, -16, -14
2380.7, -16, -14
2380.8, -16, -14
2380.9, -16, -14
2381, -16, -14
2381.1, -16, -14
2381.2, -16, -14
2381.3, -16, -14
2381.4, -16, -14
2381.5, -16, -14
2381.6, -16, -14
2381.7, -16, -14
2381.8, -16, -14
2381.9, -16, -14
2382, -16, -14
2382.1, -16, -14
2382.2, -16, -14
2382.3, -16, -14
2382.4, -16, -14
2382.5, -16, -14
2382.6, -16, -14
2382.7, -16, -14
2382.8, -16, -14
2382.9, -16, -14
2383, -16, -14
2383.1, -16, -14
2383.2, -16, -14
2383.3, -16, -14
2383.4, -16, -14
2383.5, -16, -14
2383.6, -16, -14
2383.7, -16, -14
2383.8, -16, -14
2383.9, -16, -14
2384, -16, -14
2384.1, -16, -14
2384.2, -16, -14
2384.3, -16, -14
2384.4, -16, -14
2384.5, -16, -14
2384.6, -16, -14
2384.7, -15, -14
2384.8, -15, -14
2384.9, -15, -14
2385, -15, -14
2385.1, -15, -14
2385.2, -15, -14
2385.3, -15, -14
2385.4, -15, -14
2385.5, -15, -14
2385.6, -15, -14
2385.7, -15, -14
2385.8, -15, -14
2385.9, -15, -14
2386, -15, -14
2386.1, -15, -14
2386.2, -15, -14
2386.3, -15, -14
2386.4, -15, -14
2386.5, -15, -14
2386.6, -15, -14
2386.7, -15, -14
2386.8, -15, -14
2386.9, -15, -14
2387, -15, -14
2387.1, -15, -14
2387.2, -15, -14
2387.3, -15, -14
2387.4, -15, -14
2387.5, -15, -14
2387.6, -15, -14
2387.7, -15, -14
2387.8, -15, -14
2387.9, -15, -14
2388, -15, -14
2388.1, -15, -14
2388.2, -15, -14
2388.3, -15, -15
2388.4, -15, -15
2388.5, -15, -15
2388.6, -15, -15
2388.7, -15, -15
2388.8, -15, -15
2388.9, -15, -15
2389, -15, -15
2389.1, -15, -15
2389.2, -15, -15
2389.3, -15, -15
2389.4, -15, -15
2389.5, -15, -15
2389.6, -15, -15
2389.7, -15, -15
2389.8, -15, -15
2389.9, -15, -15
2390, -15, -15
2390.1, -15, -15
2390.2, -15, -15
2390.3, -15, -15
2390.4, -15, -15
2390.5, -15, -15
2390.6, -15, -15
2390.7, -14, -15
2390.8, -14, -15
2390.9, -14, -15
2391, -14, -15
2391.1, -14, -15
2391.2, -14, -15
2391.3, -14, -15
2391.4, -14, -15
2391.5, -14, -15
2391.6, -14, -15
2391.7, -14, -15
2391.8, -14, -15
2391.9, -14, -15
2392, -14, -15
2392.1, -14, -15
2392.2, -14, -15
2392.3, -14, -15
2392.4, -14, -15
2392.5, -14, -15
2392.6, -14, -15
2392.7, -14, -15
2392.8, -14, -15
2392.9, -14, -15
2393, -14, -15
2393.1, -14, -15
2393.2, -14, -15
2393.3, -14, -15
2393.4, -14, -15
2393.5, -14, -14
2393.6, -14, -14
2393.7, -14, -15
2393.8, -14, -15
2393.9, -14, -15
2394, -14, -15
2394.1, -14, -15
2394.2, -14, -15
2394.3, -14, -15
2394.4, -14, -15
2394.5, -14, -14
2394.6, -14, -14
2394.7, -14, -14
2394.8, -14, -14
2394.9, -14, -14
2395, -14, -14
2395.1, -14, -14
2395.2, -14, -14
2395.3, -14, -14
2395.4, -14, -14
2395.5, -14, -14
2395.6, -14, -14
2395.7, -14, -14
2395.8, -14, -14
2395.9, -14, -14
2396, -14, -14
2396.1, -14, -14
2396.2, -14, -14
2396.3, -15, -14
2396.4, -15, -14
2396.5, -14, -14
2396.6, -14, -14
2396.7, -14, -14
2396.8, -14, -14
2396.9, -14, -15
2397, -14, -15
2397.1, -14, -15
2397.2, -14, -15
2397.3, -14, -15
2397.4, -14, -15
2397.5, -14, -15
2397.6, -14, -15
2397.7, -14, -15
2397.8, -14, -15
2397.9, -14, -15
2398, -14, -15
2398.1, -14, -15
2398.2, -14, -15
2398.3, -14, -15
2398.4, -14, -15
2398.5, -14, -15
2398.6, -14, -15
2398.7, -14, -15
2398.8, -14, -15
2398.9, -14, -15
2399, -14, -15
2399.1, -13, -15
2399.2, -13, -15
2399.3, -13, -15
2399.4, -13, -15
2399.5, -13, -15
2399.6, -13, -15
2399.7, -13, -15
2399.8, -13, -15
2399.9, -13, -15
2400, -13, -15
2400.1, -13, -15
2400.2, -13, -15
2400.3, -13, -15
2400.4, -13, -15
2400.5, -13, -15
2400.6, -13, -15
2400.7, -13, -15
2400.8, -13, -15
2400.9, -12, -15
2401, -12, -15
2401.1, -12, -15
2401.2, -12, -15
2401.3, -12, -15
2401.4, -12, -15
2401.5, -12, -15
2401.6, -12, -15
2401.7, -12, -15
2401.8, -12, -15
2401.9, -12, -15
2402, -12, -15
2402.1, -12, -15
2402.2, -12, -15
2402.3, -12, -15
2402.4, -12, -15
2402.5, -12, -15
2402.6, -12, -15
2402.7, -12, -15
2402.8, -12, -15
2402.9, -12, -15
2403, -12, -15
2403.1, -12, -15
2403.2, -12, -15
2403.3, -12, -15
2403.4, -12, -15
2403.5, -12, -15
2403.6, -12, -15
2403.7, -12, -15
2403.8, -12, -15
2403.9, -12, -15
2404, -12, -15
2404.1, -12, -15
2404.2, -12, -15
2404.3, -12, -15
2404.4, -12, -15
2404.5, -12, -15
2404.6, -12, -15
2404.7, -12, -15
2404.8, -12, -15
2404.9, -12, -15
2405, -12, -15
2405.1, -13, -15
2405.2, -13, -15
2405.3, -13, -15
2405.4, -13, -15
2405.5, -13, -15
2405.6, -13, -15
2405.7, -13, -15
2405.8, -13, -15
2405.9, -13, -15
2406, -13, -15
2406.1, -13, -15
2406.2, -13, -15
2406.3, -13, -15
2406.4, -13, -15
2406.5, -13, -15
2406.6, -13, -15
2406.7, -13, -15
2406.8, -13, -15
2406.9, -13, -15
2407, -13, -15
2407.1, -13, -15
2407.2, -13, -15
2407.3, -13, -15
2407.4, -13, -15
2407.5, -13, -15
2407.6, -13, -15
2407.7, -13, -15
2407.8, -13, -15
2407.9, -13, -15
2408, -13, -15
2408.1, -13, -15
2408.2, -13, -15
2408.3, -13, -15
2408.4, -13, -15
2408.5, -13, -15
2408.6, -13, -15
2408.7, -13, -15
2408.8, -13, -15
2408.9, -13, -15
2409, -13, -15
2409.1, -13, -15
2409.2, -13, -15
2409.3, -13, -15
2409.4, -13, -15
2409.5, -13, -15
2409.6, -13, -15
2409.7, -13, -15
2409.8, -13, -15
2409.9, -13, -15
2410, -13, -15
2410.1, -13, -15
2410.2, -13, -15
2410.3, -12, -15
2410.4, -12, -15
2410.5, -12, -15
2410.6, -12, -15
2410.7, -12, -15
2410.8, -12, -15
2410.9, -12, -15
2411, -12, -15
2411.1, -12, -15
2411.2, -12, -15
2411.3, -12, -15
2411.4, -12, -15
2411.5, -12, -15
2411.6, -12, -15
2411.7, -12, -15
2411.8, -12, -15
2411.9, -12, -15
2412, -12, -15
2412.1, -12, -15
2412.2, -12, -15
2412.3, -11, -15
2412.4, -11, -15
2412.5, -11, -15
2412.6, -11, -15
2412.7, -11, -15
2412.8, -11, -15
2412.9, -11, -15
2413, -11, -15
2413.1, -12, -15
2413.2, -12, -15
2413.3, -12, -15
2413.4, -12, -15
2413.5, -12, -15
2413.6, -12, -15
2413.7, -12, -15
2413.8, -12, -15
2413.9, -12, -15
2414, -12, -15
2414.1, -12, -15
2414.2, -12, -15
2414.3, -12, -15
2414.4, -12, -15
2414.5, -12, -15
2414.6, -12, -15
2414.7, -12, -15
2414.8, -12, -15
2414.9, -13, -15
2415, -13, -15
2415.1, -13, -15
2415.2, -13, -15
2415.3, -13, -15
2415.4, -13, -15
2415.5, -13, -15
2415.6, -13, -15
2415.7, -12, -15
2415.8, -12, -15
2415.9, -12, -15
2416, -12, -15
2416.1, -12, -15
2416.2, -12, -15
2416.3, -12, -15
2416.4, -12, -15
2416.5, -12, -15
2416.6, -12, -15
2416.7, -11, -15
2416.8, -11, -15
2416.9, -11, -15
2417, -11, -15
2417.1, -11, -15
2417.2, -11, -15
2417.3, -11, -15
2417.4, -11, -15
2417.5, -11, -15
2417.6, -11, -15
2417.7, -11, -15
2417.8, -11, -15
2417.9, -11, -15
2418, -11, -15
2418.1, -11, -15
2418.2, -11, -15
2418.3, -11, -15
2418.4, -11, -15
2418.5, -11, -15
2418.6, -11, -15
2418.7, -11, -15
2418.8, -11, -15
2418.9, -11, -14
2419, -11, -14
2419.1, -11, -14
2419.2, -11, -14
2419.3, -11, -14
2419.4, -11, -14
2419.5, -11, -14
2419.6, -11, -14
2419.7, -11, -14
2419.8, -11, -14
2419.9, -11, -14
2420, -11, -14
2420.1, -11, -14
2420.2, -11, -14
2420.3, -11, -14
2420.4, -11, -14
2420.5, -11, -14
2420.6, -11, -14
2420.7, -11, -14
2420.8, -11, -14
2420.9, -11, -14
2421, -11, -14
2421.1, -11, -14
2421.2, -11, -14
2421.3, -11, -14
2421.4, -11, -14
2421.5, -11, -14
2421.6, -11, -14
2421.7, -11, -14
2421.8, -11, -14
2421.9, -11, -14
2422, -11, -14
2422.1, -11, -14
2422.2, -11, -14
2422.3, -11, -14
2422.4, -11, -14
2422.5, -11, -14
2422.6, -11, -14
2422.7, -11, -14
2422.8, -11, -14
2422.9, -11, -14
2423, -11, -14
2423.1, -11, -14
2423.2, -11, -14
2423.3, -11, -14
2423.4, -11, -14
2423.5, -11, -14
2423.6, -11, -14
2423.7, -11, -14
2423.8, -11, -14
2423.9, -11, -14
2424, -11, -14
2424.1, -12, -14
2424.2, -12, -14
2424.3, -12, -14
2424.4, -12, -14
2424.5, -12, -14
2424.6, -12, -14
2424.7, -12, -14
2424.8, -12, -14
2424.9, -12, -14
2425, -12, -14
2425.1, -12, -14
2425.2, -12, -14
2425.3, -12, -14
2425.4, -12, -14
2425.5, -12, -14
2425.6, -12, -14
2425.7, -12, -14
2425.8, -12, -14
2425.9, -12, -14
2426, -12, -14
2426.1, -12, -14
2426.2, -12, -14
2426.3, -12, -14
2426.4, -12, -14
2426.5, -12, -14
2426.6, -12, -14
2426.7, -12, -14
2426.8, -12, -14
2426.9, -12, -14
2427, -12, -14
2427.1, -12, -14
2427.2, -12, -14
2427.3, -12, -14
2427.4, -12, -14
2427.5, -12, -14
2427.6, -12, -14
2427.7, -12, -14
2427.8, -12, -14
2427.9, -12, -14
2428, -12, -14
2428.1, -12, -14
2428.2, -12, -14
2428.3, -12, -14
2428.4, -12, -14
2428.5, -12, -14
2428.6, -12, -14
2428.7, -12, -14
2428.8, -12, -14
2428.9, -12, -14
2429, -12, -14
2429.1, -12, -14
2429.2, -12, -14
2429.3, -12, -14
2429.4, -12, -14
2429.5, -12, -15
2429.6, -12, -15
2429.7, -12, -15
2429.8, -12, -15
2429.9, -12, -15
2430, -12, -15
2430.1, -12, -15
2430.2, -12, -15
2430.3, -11, -15
2430.4, -11, -15
2430.5, -11, -15
2430.6, -11, -15
2430.7, -11, -15
2430.8, -11, -15
2430.9, -11, -15
2431, -11, -15
2431.1, -11, -15
2431.2, -11, -15
2431.3, -11, -15
2431.4, -11, -15
2431.5, -11, -15
2431.6, -11, -15
2431.7, -11, -15
2431.8, -11, -15
2431.9, -11, -15
2432, -11, -15
2432.1, -11, -15
2432.2, -11, -15
2432.3, -11, -15
2432.4, -11, -15
2432.5, -11, -15
2432.6, -11, -15
2432.7, -11, -15
2432.8, -11, -15
2432.9, -11, -15
2433, -11, -15
2433.1, -11, -15
2433.2, -11, -15
2433.3, -11, -15
2433.4, -11, -15
2433.5, -11, -15
2433.6, -11, -15
2433.7, -11, -15
2433.8, -11, -15
2433.9, -11, -15
2434, -11, -15
2434.1, -11, -15
2434.2, -11, -15
2434.3, -11, -15
2434.4, -11, -15
2434.5, -11, -15
2434.6, -11, -15
2434.7, -10, -15
2434.8, -10, -15
2434.9, -10, -15
2435, -10, -15
2435.1, -10, -15
2435.2, -10, -15
2435.3, -10, -15
2435.4, -10, -15
2435.5, -10, -15
2435.6, -10, -15
2435.7, -10, -15
2435.8, -10, -15
2435.9, -9, -15
2436, -9, -15
2436.1, -9, -15
2436.2, -9, -15
2436.3, -9, -15
2436.4, -9, -15
2436.5, -9, -15
2436.6, -9, -15
2436.7, -9, -15
2436.8, -9, -15
2436.9, -9, -15
2437, -9, -15
2437.1, -9, -15
2437.2, -9, -15
2437.3, -9, -15
2437.4, -9, -15
2437.5, -9, -15
2437.6, -9, -15
2437.7, -9, -15
2437.8, -9, -15
2437.9, -9, -15
2438, -9, -15
2438.1, -9, -15
2438.2, -9, -15
2438.3, -9, -15
2438.4, -9, -15
2438.5, -9, -15
2438.6, -9, -15
2438.7, -9, -15
2438.8, -9, -15
2438.9, -9, -15
2439, -9, -15
2439.1, -9, -15
2439.2, -9, -15
2439.3, -9, -15
2439.4, -9, -15
2439.5, -9, -15
2439.6, -9, -15
2439.7, -9, -15
2439.8, -9, -15
2439.9, -9, -15
2440, -9, -15
2440.1, -9, -15
2440.2, -9, -15
2440.3, -9, -15
2440.4, -9, -15
2440.5, -9, -15
2440.6, -9, -15
2440.7, -9, -15
2440.8, -9, -15
2440.9, -8, -15
2441, -8, -15
2441.1, -8, -15
2441.2, -8, -15
2441.3, -8, -15
2441.4, -8, -15
2441.5, -8, -15
2441.6, -8, -15
2441.7, -8, -15
2441.8, -8, -15
2441.9, -8, -15
2442, -8, -15
2442.1, -7, -15
2442.2, -7, -15
2442.3, -7, -15
2442.4, -7, -15
2442.5, -7, -15
2442.6, -7, -15
2442.7, -7, -15
2442.8, -7, -15
2442.9, -7, -15
2443, -7, -15
2443.1, -6, -15
2443.2, -6, -15
2443.3, -6, -15
2443.4, -6, -15
2443.5, -6, -15
2443.6, -6, -15
2443.7, -6, -15
2443.8, -6, -15
2443.9, -6, -15
2444, -6, -15
2444.1, -6, -15
2444.2, -6, -15
2444.3, -6, -15
2444.4, -6, -15
2444.5, -6, -15
2444.6, -6, -15
2444.7, -6, -15
2444.8, -6, -15
2444.9, -6, -15
2445, -6, -15
2445.1, -6, -15
2445.2, -6, -15
2445.3, -6, -15
2445.4, -6, -15
2445.5, -6, -15
2445.6, -6, -15
2445.7, -6, -15
2445.8, -6, -15
2445.9, -6, -15
2446, -6, -15
2446.1, -6, -15
2446.2, -6, -15
2446.3, -6, -15
2446.4, -6, -15
2446.5, -6, -15
2446.6, -6, -15
2446.7, -6, -15
2446.8, -6, -15
2446.9, -6, -15
2447, -6, -15
2447.1, -6, -15
2447.2, -6, -15
2447.3, -6, -15
2447.4, -6, -15
2447.5, -6, -15
2447.6, -6, -15
2447.7, -7, -15
2447.8, -7, -15
2447.9, -7, -15
2448, -7, -15
2448.1, -7, -15
2448.2, -7, -15
2448.3, -7, -15
2448.4, -7, -15
2448.5, -7, -15
2448.6, -7, -15
2448.7, -7, -15
2448.8, -7, -15
2448.9, -7, -15
2449, -7, -15
2449.1, -6, -15
2449.2, -6, -15
2449.3, -6, -15
2449.4, -6, -15
2449.5, -6, -15
2449.6, -6, -15
2449.7, -6, -15
2449.8, -6, -15
2449.9, -6, -15
2450, -6, -15
2450.1, -6, -15
2450.2, -6, -15
2450.3, -6, -15
2450.4, -6, -15
2450.5, -6, -15
2450.6, -6, -15
2450.7, -6, -15
2450.8, -6, -15
2450.9, -6, -15
2451, -6, -15
2451.1, -6, -15
2451.2, -6, -15
2451.3, -6, -15
2451.4, -6, -15
2451.5, -6, -15
2451.6, -6, -15
2451.7, -6, -15
2451.8, -6, -15
2451.9, -6, -15
2452, -6, -15
2452.1, -6, -15
2452.2, -6, -15
2452.3, -6, -15
2452.4, -6, -15
2452.5, -6, -15
2452.6, -6, -15
2452.7, -6, -15
2452.8, -6, -15
2452.9, -6, -15
2453, -6, -15
2453.1, -6, -15
2453.2, -6, -15
2453.3, -5, -15
2453.4, -5, -15
2453.5, -5, -15
2453.6, -5, -15
2453.7, -5, -15
2453.8, -5, -15
2453.9, -5, -15
2454, -5, -15
2454.1, -5, -15
2454.2, -5, -15
2454.3, -5, -15
2454.4, -5, -15
2454.5, -5, -15
2454.6, -5, -15
2454.7, -5, -15
2454.8, -5, -15
2454.9, -5, -15
2455, -5, -15
2455.1, -5, -15
2455.2, -5, -15
2455.3, -5, -14
2455.4, -5, -14
2455.5, -5, -14
2455.6, -5, -14
2455.7, -5, -14
2455.8, -5, -14
2455.9, -5, -14
2456, -5, -14
2456.1, -5, -14
2456.2, -5, -14
2456.3, -5, -14
2456.4, -5, -14
2456.5, -4, -14
2456.6, -4, -14
2456.7, -4, -14
2456.8, -4, -14
2456.9, -3, -14
2457, -3, -14
2457.1, -3, -14
2457.2, -3, -14
2457.3, -3, -14
2457.4, -3, -14
2457.5, -3, -14
2457.6, -3, -14
2457.7, -3, -14
2457.8, -3, -14
2457.9, -3, -14
2458, -3, -14
2458.1, -3, -14
2458.2, -3, -14
2458.3, -3, -14
2458.4, -3, -14
2458.5, -3, -14
2458.6, -3, -14
2458.7, -3, -14
2458.8, -3, -14
2458.9, -3, -14
2459, -3, -14
2459.1, -3, -14
2459.2, -3, -14
2459.3, -3, -14
2459.4, -3, -14
2459.5, -3, -14
2459.6, -3, -14
2459.7, -3, -14
2459.8, -3, -14
2459.9, -3, -14
2460, -3, -14
2460.1, -3, -14
2460.2, -3, -14
2460.3, -3, -14
2460.4, -3, -14
2460.5, -3, -14
2460.6, -3, -14
2460.7, -3, -14
2460.8, -3, -14
2460.9, -3, -14
2461, -3, -14
2461.1, -3, -14
2461.2, -3, -14
2461.3, -3, -15
2461.4, -3, -15
2461.5, -3, -15
2461.6, -3, -15
2461.7, -3, -14
2461.8, -3, -14
2461.9, -3, -14
2462, -3, -14
2462.1, -3, -14
2462.2, -3, -14
2462.3, -3, -14
2462.4, -3, -14
2462.5, -3, -14
2462.6, -3, -14
2462.7, -3, -14
2462.8, -3, -14
2462.9, -3, -14
2463, -3, -14
2463.1, -3, -14
2463.2, -3, -14
2463.3, -3, -14
2463.4, -3, -14
2463.5, -3, -14
2463.6, -3, -14
2463.7, -3, -15
2463.8, -3, -15
2463.9, -3, -15
2464, -3, -15
2464.1, -3, -15
2464.2, -3, -15
2464.3, -3, -15
2464.4, -3, -15
2464.5, -3, -15
2464.6, -3, -15
2464.7, -3, -15
2464.8, -3, -15
2464.9, -3, -15
2465, -3, -15
2465.1, -3, -15
2465.2, -3, -15
2465.3, -3, -15
2465.4, -3, -15
2465.5, -3, -14
2465.6, -3, -14
2465.7, -3, -14
2465.8, -3, -14
2465.9, -3, -14
2466, -3, -14
2466.1, -3, -14
2466.2, -3, -14
2466.3, -3, -14
2466.4, -3, -14
2466.5, -3, -14
2466.6, -3, -14
2466.7, -3, -14
2466.8, -3, -14
2466.9, -3, -14
2467, -3, -14
2467.1, -3, -14
2467.2, -3, -14
2467.3, -3, -14
2467.4, -3, -14
2467.5, -3, -14
2467.6, -3, -14
2467.7, -3, -14
2467.8, -3, -14
2467.9, -3, -14
2468, -3, -14
2468.1, -3, -14
2468.2, -3, -14
2468.3, -3, -14
2468.4, -3, -14
2468.5, -3, -14
2468.6, -3, -14
2468.7, -3, -14
2468.8, -3, -14
2468.9, -3, -14
2469, -3, -14
2469.1, -3, -14
2469.2, -3, -14
2469.3, -3, -14
2469.4, -3, -14
2469.5, -3, -14
2469.6, -3, -14
2469.7, -3, -14
2469.8, -3, -14
2469.9, -3, -14
2470, -3, -14
2470.1, -3, -15
2470.2, -3, -15
2470.3, -3, -15
2470.4, -3, -15
2470.5, -3, -15
2470.6, -3, -15
2470.7, -3, -14
2470.8, -3, -14
2470.9, -3, -14
2471, -3, -14
2471.1, -3, -14
2471.2, -3, -14
2471.3, -3, -14
2471.4, -3, -14
2471.5, -3, -13
2471.6, -3, -13
2471.7, -3, -13
2471.8, -3, -13
2471.9, -3, -13
2472, -3, -13
2472.1, -3, -13
2472.2, -3, -13
2472.3, -3, -13
2472.4, -3, -13
2472.5, -3, -13
2472.6, -3, -13
2472.7, -3, -13
2472.8, -3, -13
2472.9, -3, -13
2473, -3, -13
2473.1, -3, -13
2473.2, -3, -13
2473.3, -3, -13
2473.4, -3, -13
2473.5, -3, -13
2473.6, -3, -13
2473.7, -3, -13
2473.8, -3, -13
2473.9, -3, -13
2474, -3, -13
2474.1, -3, -13
2474.2, -3, -13
2474.3, -3, -13
2474.4, -3, -13
2474.5, -3, -13
2474.6, -3, -13
2474.7, -3, -13
2474.8, -3, -13
2474.9, -3, -13
2475, -3, -13
2475.1, -3, -13
2475.2, -3, -13
2475.3, -3, -13
2475.4, -3, -13
2475.5, -3, -12
2475.6, -3, -12
2475.7, -3, -12
2475.8, -3, -12
2475.9, -3, -12
2476, -3, -12
2476.1, -3, -12
2476.2, -3, -12
2476.3, -3, -12
2476.4, -3, -12
2476.5, -3, -13
2476.6, -3, -13
2476.7, -3, -13
2476.8, -3, -13
2476.9, -3, -13
2477, -3, -13
2477.1, -3, -13
2477.2, -3, -13
2477.3, -3, -12
2477.4, -3, -12
2477.5, -3, -12
2477.6, -3, -12
2477.7, -3, -13
2477.8, -3, -13
2477.9, -3, -13
2478, -3, -13
2478.1, -3, -13
2478.2, -3, -13
2478.3, -3, -13
2478.4, -3, -13
2478.5, -3, -13
2478.6, -3, -13
2478.7, -3, -13
2478.8, -3, -13
2478.9, -3, -12
2479, -3, -12
2479.1, -3, -12
2479.2, -3, -12
2479.3, -3, -12
2479.4, -3, -12
2479.5, -3, -12
2479.6, -3, -12
2479.7, -3, -12
2479.8, -3, -12
2479.9, -3, -12
2480, -3, -12
2480.1, -2, -12
2480.2, -2, -12
2480.3, -2, -11
2480.4, -2, -11
2480.5, -2, -11
2480.6, -2, -11
2480.7, -2, -11
2480.8, -2, -11
2480.9, -2, -11
2481, -2, -11
2481.1, -2, -11
2481.2, -2, -11
2481.3, -2, -12
2481.4, -2, -12
2481.5, -2, -12
2481.6, -2, -12
2481.7, -2, -12
2481.8, -2, -12
2481.9, -2, -12
2482, -2, -12
2482.1, -2, -12
2482.2, -2, -12
2482.3, -2, -12
2482.4, -2, -12
2482.5, -2, -12
2482.6, -2, -12
2482.7, -2, -12
2482.8, -2, -12
2482.9, -2, -12
2483, -2, -12
2483.1, -2, -12
2483.2, -2, -12
2483.3, -2, -12
2483.4, -2, -12
2483.5, -2, -12
2483.6, -2, -12
2483.7, -2, -12
2483.8, -2, -12
2483.9, -2, -12
2484, -2, -12
2484.1, -2, -12
2484.2, -2, -12
2484.3, -2, -12
2484.4, -2, -12
2484.5, -2, -12
2484.6, -2, -12
2484.7, -2, -12
2484.8, -2, -12
2484.9, -2, -12
2485, -2, -12
2485.1, -2, -12
2485.2, -2, -12
2485.3, -2, -12
2485.4, -2, -12
2485.5, -2, -12
2485.6, -2, -12
2485.7, -2, -12
2485.8, -2, -12
2485.9, -2, -12
2486, -2, -12
2486.1, -2, -12
2486.2, -2, -12
2486.3, -2, -12
2486.4, -2, -12
2486.5, -2, -12
2486.6, -2, -12
2486.7, -2, -12
2486.8, -2, -12
2486.9, -2, -12
2487, -2, -12
2487.1, -2, -12
2487.2, -2, -12
2487.3, -2, -12
2487.4, -2, -12
2487.5, -2, -12
2487.6, -2, -12
2487.7, -2, -12
2487.8, -2, -12
2487.9, -2, -13
2488, -2, -13
2488.1, -2, -13
2488.2, -2, -13
2488.3, -2, -13
2488.4, -2, -13
2488.5, -2, -13
2488.6, -2, -13
2488.7, -2, -13
2488.8, -2, -13
2488.9, -1, -13
2489, -1, -13
2489.1, -1, -13
2489.2, -1, -13
2489.3, -1, -13
2489.4, -1, -13
2489.5, -1, -13
2489.6, -1, -13
2489.7, -1, -13
2489.8, -1, -13
2489.9, -1, -13
2490, -1, -13
2490.1, -1, -13
2490.2, -1, -13
2490.3, -1, -13
2490.4, -1, -13
2490.5, -1, -13
2490.6, -1, -13
2490.7, -1, -13
2490.8, -1, -13
2490.9, -1, -13
2491, -1, -13
2491.1, -1, -13
2491.2, -1, -13
2491.3, 0, -13
2491.4, 0, -13
2491.5, 0, -13
2491.6, 0, -13
2491.7, 0, -13
2491.8, 0, -13
2491.9, 0, -13
2492, 0, -13
2492.1, 0, -13
2492.2, 0, -13
2492.3, 0, -13
2492.4, 0, -13
2492.5, 0, -13
2492.6, 0, -13
2492.7, 0, -13
2492.8, 0, -13
2492.9, 0, -13
2493, 0, -13
2493.1, 0, -14
2493.2, 0, -14
2493.3, 0, -14
2493.4, 0, -14
2493.5, 0, -14
2493.6, 0, -14
2493.7, 0, -14
2493.8, 0, -14
2493.9, 0, -14
2494, 0, -14
2494.1, 0, -14
2494.2, 0, -14
2494.3, 0, -14
2494.4, 0, -14
2494.5, 0, -14
2494.6, 0, -14
2494.7, 0, -15
2494.8, 0, -15
2494.9, 0, -14
2495, 0, -14
2495.1, 0, -14
2495.2, 0, -14
2495.3, 0, -14
2495.4, 0, -14
2495.5, 0, -14
2495.6, 0, -14
2495.7, 0, -14
2495.8, 0, -14
2495.9, 0, -14
2496, 0, -14
2496.1, 0, -14
2496.2, 0, -14
2496.3, 0, -14
2496.4, 0, -14
2496.5, 0, -14
2496.6, 0, -14
2496.7, 0, -14
2496.8, 0, -14
2496.9, 0, -14
2497, 0, -14
2497.1, 0, -14
2497.2, 0, -14
2497.3, 0, -14
2497.4, 0, -14
2497.5, 0, -14
2497.6, 0, -14
2497.7, 0, -14
2497.8, 0, -14
2497.9, 0, -14
2498, 0, -14
2498.1, 0, -14
2498.2, 0, -14
2498.3, 0, -14
2498.4, 0, -14
2498.5, 0, -14
2498.6, 0, -14
2498.7, 0, -14
2498.8, 0, -14
2498.9, 0, -13
2499, 0, -13
2499.1, 0, -13
2499.2, 0, -13
2499.3, 0, -13
2499.4, 0, -13
2499.5, 0, -13
2499.6, 0, -13
2499.7, 0, -14
2499.8, 0, -14
2499.9, 0, -14
2500, 0, -14
2500.1, 0, -14
2500.2, 0, -14
2500.3, 0, -14
2500.4, 0, -14
2500.5, 0, -14
2500.6, 0, -14
2500.7, 0, -14
2500.8, 0, -14
2500.9, 0, -14
2501, 0, -14
2501.1, 0, -14
2501.2, 0, -14
2501.3, 0, -14
2501.4, 0, -14
2501.5, 0, -14
2501.6, 0, -14
2501.7, 0, -14
2501.8, 0, -14
2501.9, 0, -14
2502, 0, -14
2502.1, 0, -14
2502.2, 0, -14
2502.3, 0, -14
2502.4, 0, -14
2502.5, 0, -14
2502.6, 0, -14
2502.7, 0, -14
2502.8, 0, -14
2502.9, 0, -14
2503, 0, -14
2503.1, 0, -14
2503.2, 0, -14
2503.3, 0, -14
2503.4, 0, -14
2503.5, 0, -14
2503.6, 0, -14
2503.7, 0, -14
2503.8, 0, -14
2503.9, 0, -14
2504, 0, -14
2504.1, 0, -14
2504.2, 0, -14
2504.3, 0, -14
2504.4, 0, -14
2504.5, 0, -14
2504.6, 0, -14
2504.7, 0, -14
2504.8, 0, -14
2504.9, 0, -14
2505, 0, -14
2505.1, 0, -14
2505.2, 0, -14
2505.3, 0, -15
2505.4, 0, -15
2505.5, 0, -15
2505.6, 0, -15
2505.7, 0, -15
2505.8, 0, -15
2505.9, 1, -15
2506, 1, -15
2506.1, 1, -15
2506.2, 1, -15
2506.3, 0, -15
2506.4, 0, -15
2506.5, 0, -15
2506.6, 0, -15
2506.7, 0, -15
2506.8, 0, -15
2506.9, 0, -15
2507, 0, -15
2507.1, 0, -15
2507.2, 0, -15
2507.3, 0, -15
2507.4, 0, -15
2507.5, 0, -15
2507.6, 0, -15
2507.7, 0, -15
2507.8, 0, -15
2507.9, 0, -15
2508, 0, -15
2508.1, 0, -15
2508.2, 0, -15
2508.3, 0, -16
2508.4, 0, -16
2508.5, 0, -16
2508.6, 0, -16
2508.7, 0, -16
2508.8, 0, -16
2508.9, 0, -17
2509, 0, -17
2509.1, 0, -17
2509.2, 0, -17
2509.3, 0, -17
2509.4, 0, -17
2509.5, 0, -17
2509.6, 0, -17
2509.7, 0, -17
2509.8, 0, -17
2509.9, 0, -17
2510, 0, -17
2510.1, 0, -17
2510.2, 0, -17
2510.3, 0, -17
2510.4, 0, -17
2510.5, 0, -17
2510.6, 0, -17
2510.7, 0, -17
2510.8, 0, -17
2510.9, 0, -17
2511, 0, -17
2511.1, 0, -17
2511.2, 0, -17
2511.3, 0, -17
2511.4, 0, -17
2511.5, 0, -17
2511.6, 0, -17
2511.7, 0, -16
2511.8, 0, -16
2511.9, 0, -16
2512, 0, -16
2512.1, 0, -16
2512.2, 0, -16
2512.3, 0, -16
2512.4, 0, -16
2512.5, 0, -16
2512.6, 0, -16
2512.7, 0, -16
2512.8, 0, -16
2512.9, 0, -16
2513, 0, -16
2513.1, 0, -16
2513.2, 0, -16
2513.3, 0, -16
2513.4, 0, -16
2513.5, 0, -17
2513.6, 0, -17
2513.7, -1, -17
2513.8, -1, -17
2513.9, -1, -17
2514, -1, -17
2514.1, -1, -17
2514.2, -1, -17
2514.3, -1, -17
2514.4, -1, -17
2514.5, -1, -17
2514.6, -1, -17
2514.7, -1, -17
2514.8, -1, -17
2514.9, -1, -17
2515, -1, -17
2515.1, -1, -17
2515.2, -1, -17
2515.3, -1, -17
2515.4, -1, -17
2515.5, -1, -17
2515.6, -1, -17
2515.7, -1, -17
2515.8, -1, -17
2515.9, -1, -17
2516, -1, -17
2516.1, -1, -17
2516.2, -1, -17
2516.3, -1, -17
2516.4, -1, -17
2516.5, -1, -17
2516.6, -1, -17
2516.7, -1, -17
2516.8, -1, -17
2516.9, -1, -17
2517, -1, -17
2517.1, -1, -17
2517.2, -1, -17
2517.3, -1, -17
2517.4, -1, -17
2517.5, -1, -17
2517.6, -1, -17
2517.7, -1, -17
2517.8, -1, -17
2517.9, -1, -17
2518, -1, -17
2518.1, -1, -17
2518.2, -1, -17
2518.3, -1, -17
2518.4, -1, -17
2518.5, 0, -17
2518.6, 0, -17
2518.7, -1, -17
2518.8, -1, -17
2518.9, -1, -17
2519, -1, -17
2519.1, -1, -17
2519.2, -1, -17
2519.3, -1, -17
2519.4, -1, -17
2519.5, -1, -17
2519.6, -1, -17
2519.7, -1, -17
2519.8, -1, -17
2519.9, -1, -17
2520, -1, -17
2520.1, -1, -17
2520.2, -1, -17
2520.3, -1, -17
2520.4, -1, -17
2520.5, -1, -17
2520.6, -1, -17
2520.7, -1, -17
2520.8, -1, -17
2520.9, -1, -16
2521, -1, -16
2521.1, -1, -16
2521.2, -1, -16
2521.3, -1, -16
2521.4, -1, -16
2521.5, -1, -16
2521.6, -1, -16
2521.7, -1, -16
2521.8, -1, -16
2521.9, -1, -16
2522, -1, -16
2522.1, -1, -16
2522.2, -1, -16
2522.3, -1, -16
2522.4, -1, -16
2522.5, -1, -16
2522.6, -1, -16
2522.7, -1, -16
2522.8, -1, -16
2522.9, -1, -16
2523, -1, -16
2523.1, -1, -16
2523.2, -1, -16
2523.3, -1, -16
2523.4, -1, -16
2523.5, -1, -16
2523.6, -1, -16
2523.7, -1, -16
2523.8, -1, -16
2523.9, -1, -16
2524, -1, -16
2524.1, -1, -16
2524.2, -1, -16
2524.3, -1, -16
2524.4, -1, -16
2524.5, -1, -16
2524.6, -1, -16
2524.7, -1, -16
2524.8, -1, -16
2524.9, -2, -16
2525, -2, -16
2525.1, -2, -16
2525.2, -2, -16
2525.3, -2, -16
2525.4, -2, -16
2525.5, -2, -16
2525.6, -2, -16
2525.7, -2, -16
2525.8, -2, -16
2525.9, -1, -16
2526, -1, -16
2526.1, -1, -16
2526.2, -1, -16
2526.3, -1, -16
2526.4, -1, -16
2526.5, -1, -16
2526.6, -1, -16
2526.7, -1, -16
2526.8, -1, -16
2526.9, -1, -16
2527, -1, -16
2527.1, -1, -16
2527.2, -1, -16
2527.3, -1, -16
2527.4, -1, -16
2527.5, -1, -16
2527.6, -1, -16
2527.7, -1, -16
2527.8, -1, -16
2527.9, -1, -16
2528, -1, -16
2528.1, -1, -16
2528.2, -1, -16
2528.3, -1, -16
2528.4, -1, -16
2528.5, -1, -16
2528.6, -1, -16
2528.7, -1, -16
2528.8, -1, -16
2528.9, -1, -16
2529, -1, -16
2529.1, -1, -16
2529.2, -1, -16
2529.3, -1, -16
2529.4, -1, -16
2529.5, -1, -16
2529.6, -1, -16
2529.7, -1, -16
2529.8, -1, -16
2529.9, -1, -15
2530, -1, -15
2530.1, -1, -15
2530.2, -1, -15
2530.3, -1, -15
2530.4, -1, -15
2530.5, -1, -15
2530.6, -1, -15
2530.7, -1, -15
2530.8, -1, -15
2530.9, -1, -15
2531, -1, -15
2531.1, -1, -15
2531.2, -1, -15
2531.3, -1, -15
2531.4, -1, -15
2531.5, -1, -15
2531.6, -1, -15
2531.7, -1, -15
2531.8, -1, -15
2531.9, -1, -15
2532, -1, -15
2532.1, -1, -15
2532.2, -1, -15
2532.3, -1, -15
2532.4, -1, -15
2532.5, -1, -15
2532.6, -1, -15
2532.7, -1, -15
2532.8, -1, -15
2532.9, -1, -15
2533, -1, -15
2533.1, -1, -15
2533.2, -1, -15
2533.3, -1, -15
2533.4, -1, -15
2533.5, -1, -15
2533.6, -1, -15
2533.7, -1, -15
2533.8, -1, -15
2533.9, -1, -15
2534, -1, -15
2534.1, -1, -15
2534.2, -1, -15
2534.3, -1, -15
2534.4, -1, -15
2534.5, -1, -15
2534.6, -1, -15
2534.7, -1, -15
2534.8, -1, -15
2534.9, -1, -15
2535, -1, -15
2535.1, -1, -15
2535.2, -1, -15
2535.3, -1, -15
2535.4, -1, -15
2535.5, -1, -15
2535.6, -1, -15
2535.7, -1, -15
2535.8, -1, -15
2535.9, -1, -15
2536, -1, -15
2536.1, -1, -15
2536.2, -1, -15
2536.3, -1, -15
2536.4, -1, -15
2536.5, -1, -15
2536.6, -1, -15
2536.7, -1, -15
2536.8, -1, -15
2536.9, -1, -15
2537, -1, -15
2537.1, -1, -15
2537.2, -1, -15
2537.3, -1, -15
2537.4, -1, -15
2537.5, -1, -15
2537.6, -1, -15
2537.7, -1, -15
2537.8, -1, -15
2537.9, -1, -16
2538, -1, -16
2538.1, -1, -16
2538.2, -1, -16
2538.3, -1, -17
2538.4, -1, -17
2538.5, 0, -17
2538.6, 0, -17
2538.7, 0, -17
2538.8, 0, -17
2538.9, 0, -17
2539, 0, -17
2539.1, 0, -17
2539.2, 0, -17
2539.3, 0, -17
2539.4, 0, -17
2539.5, 0, -17
2539.6, 0, -17
2539.7, 0, -17
2539.8, 0, -17
2539.9, 0, -17
2540, 0, -17
2540.1, 0, -17
2540.2, 0, -17
2540.3, 0, -17
2540.4, 0, -17
2540.5, 0, -17
2540.6, 0, -17
2540.7, 0, -17
2540.8, 0, -17
2540.9, 0, -17
2541, 0, -17
2541.1, 0, -17
2541.2, 0, -17
2541.3, 0, -17
2541.4, 0, -17
2541.5, 0, -17
2541.6, 0, -17
2541.7, 0, -17
2541.8, 0, -17
2541.9, 0, -17
2542, 0, -17
2542.1, 0, -17
2542.2, 0, -17
2542.3, 0, -17
2542.4, 0, -17
2542.5, 0, -17
2542.6, 0, -17
2542.7, 0, -17
2542.8, 0, -17
2542.9, 0, -17
2543, 0, -17
2543.1, 0, -17
2543.2, 0, -17
2543.3, 0, -17
2543.4, 0, -17
2543.5, 0, -17
2543.6, 0, -17
2543.7, 0, -17
2543.8, 0, -17
2543.9, 0, -17
2544, 0, -17
2544.1, 0, -17
2544.2, 0, -17
2544.3, -1, -17
2544.4, -1, -17
2544.5, -1, -17
2544.6, -1, -17
2544.7, -2, -17
2544.8, -2, -17
2544.9, -2, -16
2545, -2, -16
2545.1, -2, -16
2545.2, -2, -16
2545.3, -2, -15
2545.4, -2, -15
2545.5, -2, -15
2545.6, -2, -15
2545.7, -2, -15
2545.8, -2, -15
2545.9, -2, -15
2546, -2, -15
2546.1, -3, -15
2546.2, -3, -15
2546.3, -3, -15
2546.4, -3, -15
2546.5, -3, -15
2546.6, -3, -15
2546.7, -3, -15
2546.8, -3, -15
2546.9, -3, -15
2547, -3, -15
2547.1, -3, -15
2547.2, -3, -15
2547.3, -3, -15
2547.4, -3, -15
2547.5, -3, -15
2547.6, -3, -15
2547.7, -3, -15
2547.8, -3, -15
2547.9, -3, -15
2548, -3, -15
2548.1, -3, -15
2548.2, -3, -15
2548.3, -3, -15
2548.4, -3, -15
2548.5, -3, -15
2548.6, -3, -15
2548.7, -3, -15
2548.8, -3, -15
2548.9, -3, -14
2549, -3, -14
2549.1, -3, -14
2549.2, -3, -14
2549.3, -3, -15
2549.4, -3, -15
2549.5, -3, -15
2549.6, -3, -15
2549.7, -3, -16
2549.8, -3, -16
2549.9, -3, -16
2550, -3, -16
2550.1, -3, -16
2550.2, -3, -16
2550.3, -3, -16
2550.4, -3, -16
2550.5, -3, -16
2550.6, -3, -16
2550.7, -3, -16
2550.8, -3, -16
2550.9, -3, -16
2551, -3, -16
2551.1, -3, -16
2551.2, -3, -16
2551.3, -3, -16
2551.4, -3, -16
2551.5, -3, -16
2551.6, -3, -16
2551.7, -3, -16
2551.8, -3, -16
2551.9, -3, -16
2552, -3, -16
2552.1, -3, -16
2552.2, -3, -16
2552.3, -3, -16
2552.4, -3, -16
2552.5, -3, -16
2552.6, -3, -16
2552.7, -3, -16
2552.8, -3, -16
2552.9, -3, -16
2553, -3, -16
2553.1, -3, -16
2553.2, -3, -16
2553.3, -3, -16
2553.4, -3, -16
2553.5, -3, -16
2553.6, -3, -16
2553.7, -3, -16
2553.8, -3, -16
2553.9, -3, -16
2554, -3, -16
2554.1, -3, -16
2554.2, -3, -16
2554.3, -2, -16
2554.4, -2, -16
2554.5, -2, -16
2554.6, -2, -16
2554.7, -2, -16
2554.8, -2, -16
2554.9, -2, -16
2555, -2, -16
2555.1, -2, -16
2555.2, -2, -16
2555.3, -2, -16
2555.4, -2, -16
2555.5, -2, -16
2555.6, -2, -16
2555.7, -2, -16
2555.8, -2, -16
2555.9, -2, -16
2556, -2, -16
2556.1, -2, -16
2556.2, -2, -16
2556.3, -2, -16
2556.4, -2, -16
2556.5, -2, -16
2556.6, -2, -16
2556.7, -2, -16
2556.8, -2, -16
2556.9, -2, -16
2557, -2, -16
2557.1, -3, -16
2557.2, -3, -16
2557.3, -3, -16
2557.4, -3, -16
2557.5, -3, -16
2557.6, -3, -16
2557.7, -3, -16
2557.8, -3, -16
2557.9, -3, -16
2558, -3, -16
2558.1, -3, -16
2558.2, -3, -16
2558.3, -3, -16
2558.4, -3, -16
2558.5, -3, -16
2558.6, -3, -16
2558.7, -3, -16
2558.8, -3, -16
2558.9, -3, -16
2559, -3, -16
2559.1, -3, -16
2559.2, -3, -16
2559.3, -3, -16
2559.4, -3, -16
2559.5, -3, -16
2559.6, -3, -16
2559.7, -3, -16
2559.8, -3, -16
2559.9, -3, -16
2560, -3, -16
2560.1, -3, -16
2560.2, -3, -16
2560.3, -3, -16
2560.4, -3, -16
2560.5, -3, -16
2560.6, -3, -16
2560.7, -4, -16
2560.8, -4, -16
2560.9, -4, -16
2561, -4, -16
2561.1, -4, -16
2561.2, -4, -16
2561.3, -4, -16
2561.4, -4, -16
2561.5, -4, -16
2561.6, -4, -16
2561.7, -4, -16
2561.8, -4, -16
2561.9, -4, -16
2562, -4, -16
2562.1, -4, -16
2562.2, -4, -16
2562.3, -4, -16
2562.4, -4, -16
2562.5, -4, -16
2562.6, -4, -16
2562.7, -4, -16
2562.8, -4, -16
2562.9, -4, -16
2563, -4, -16
2563.1, -4, -16
2563.2, -4, -16
2563.3, -4, -16
2563.4, -4, -16
2563.5, -4, -16
2563.6, -4, -16
2563.7, -4, -16
2563.8, -4, -16
2563.9, -4, -16
2564, -4, -16
2564.1, -5, -16
2564.2, -5, -16
2564.3, -5, -16
2564.4, -5, -16
2564.5, -5, -16
2564.6, -5, -16
2564.7, -5, -16
2564.8, -5, -16
2564.9, -5, -16
2565, -5, -16
2565.1, -5, -16
2565.2, -5, -16
2565.3, -5, -16
2565.4, -5, -16
2565.5, -5, -16
2565.6, -5, -16
2565.7, -5, -16
2565.8, -5, -16
2565.9, -4, -16
2566, -4, -16
2566.1, -4, -16
2566.2, -4, -16
2566.3, -4, -16
2566.4, -4, -16
2566.5, -4, -16
2566.6, -4, -16
2566.7, -4, -16
2566.8, -4, -16
2566.9, -4, -16
2567, -4, -16
2567.1, -3, -16
2567.2, -3, -16
2567.3, -3, -16
2567.4, -3, -16
2567.5, -3, -16
2567.6, -3, -16
2567.7, -3, -16
2567.8, -3, -16
2567.9, -3, -16
2568, -3, -16
2568.1, -3, -16
2568.2, -3, -16
2568.3, -3, -16
2568.4, -3, -16
2568.5, -3, -16
2568.6, -3, -16
2568.7, -3, -16
2568.8, -3, -16
2568.9, -3, -16
2569, -3, -16
2569.1, -3, -16
2569.2, -3, -16
2569.3, -4, -16
2569.4, -4, -16
2569.5, -4, -16
2569.6, -4, -16
2569.7, -4, -16
2569.8, -4, -16
2569.9, -4, -16
2570, -4, -16
2570.1, -4, -16
2570.2, -4, -16
2570.3, -4, -16
2570.4, -4, -16
2570.5, -3, -16
2570.6, -3, -16
2570.7, -3, -16
2570.8, -3, -16
2570.9, -3, -16
2571, -3, -16
2571.1, -3, -16
2571.2, -3, -16
2571.3, -3, -16
2571.4, -3, -16
2571.5, -3, -16
2571.6, -3, -16
2571.7, -3, -16
2571.8, -3, -16
2571.9, -3, -16
2572, -3, -16
2572.1, -3, -16
2572.2, -3, -16
2572.3, -3, -16
2572.4, -3, -16
2572.5, -3, -16
2572.6, -3, -16
2572.7, -3, -16
2572.8, -3, -16
2572.9, -3, -16
2573, -3, -16
2573.1, -3, -16
2573.2, -3, -16
2573.3, -3, -16
2573.4, -3, -16
2573.5, -3, -16
2573.6, -3, -16
2573.7, -3, -16
2573.8, -3, -16
2573.9, -3, -16
2574, -3, -16
2574.1, -3, -16
2574.2, -3, -16
2574.3, -3, -16
2574.4, -3, -16
2574.5, -3, -16
2574.6, -3, -16
2574.7, -3, -16
2574.8, -3, -16
2574.9, -3, -16
2575, -3, -16
2575.1, -3, -16
2575.2, -3, -16
2575.3, -3, -16
2575.4, -3, -16
2575.5, -3, -16
2575.6, -3, -16
2575.7, -3, -16
2575.8, -3, -16
2575.9, -3, -16
2576, -3, -16
2576.1, -3, -16
2576.2, -3, -16
2576.3, -3, -16
2576.4, -3, -16
2576.5, -3, -16
2576.6, -3, -16
2576.7, -3, -16
2576.8, -3, -16
2576.9, -3, -16
2577, -3, -16
2577.1, -3, -16
2577.2, -3, -16
2577.3, -3, -16
2577.4, -3, -16
2577.5, -3, -17
2577.6, -3, -17
2577.7, -3, -17
2577.8, -3, -17
2577.9, -2, -17
2578, -2, -17
2578.1, -2, -17
2578.2, -2, -17
2578.3, -2, -17
2578.4, -2, -17
2578.5, -2, -17
2578.6, -2, -17
2578.7, -2, -17
2578.8, -2, -17
2578.9, -2, -17
2579, -2, -17
2579.1, -3, -17
2579.2, -3, -17
2579.3, -3, -17
2579.4, -3, -17
2579.5, -3, -17
2579.6, -3, -17
2579.7, -3, -17
2579.8, -3, -17
2579.9, -3, -17
2580, -3, -17
2580.1, -3, -17
2580.2, -3, -17
2580.3, -3, -17
2580.4, -3, -17
2580.5, -3, -17
2580.6, -3, -17
2580.7, -3, -16
2580.8, -3, -16
2580.9, -3, -16
2581, -3, -16
2581.1, -3, -16
2581.2, -3, -16
2581.3, -3, -17
2581.4, -3, -17
2581.5, -3, -17
2581.6, -3, -17
2581.7, -3, -17
2581.8, -3, -17
2581.9, -3, -17
2582, -3, -17
2582.1, -3, -17
2582.2, -3, -17
2582.3, -3, -17
2582.4, -3, -17
2582.5, -3, -17
2582.6, -3, -17
2582.7, -3, -17
2582.8, -3, -17
2582.9, -3, -17
2583, -3, -17
2583.1, -3, -17
2583.2, -3, -17
2583.3, -3, -17
2583.4, -3, -17
2583.5, -3, -17
2583.6, -3, -17
2583.7, -3, -17
2583.8, -3, -17
2583.9, -3, -17
2584, -3, -17
2584.1, -4, -17
2584.2, -4, -17
2584.3, -4, -17
2584.4, -4, -17
2584.5, -4, -17
2584.6, -4, -17
2584.7, -4, -17
2584.8, -4, -17
2584.9, -4, -17
2585, -4, -17
2585.1, -4, -17
2585.2, -4, -17
2585.3, -4, -17
2585.4, -4, -17
2585.5, -4, -17
2585.6, -4, -17
2585.7, -4, -17
2585.8, -4, -17
2585.9, -4, -17
2586, -4, -17
2586.1, -4, -17
2586.2, -4, -17
2586.3, -4, -17
2586.4, -4, -17
2586.5, -4, -17
2586.6, -4, -17
2586.7, -4, -17
2586.8, -4, -17
2586.9, -4, -17
2587, -4, -17
2587.1, -4, -17
2587.2, -4, -17
2587.3, -4, -17
2587.4, -4, -17
2587.5, -4, -17
2587.6, -4, -17
2587.7, -4, -17
2587.8, -4, -17
2587.9, -4, -17
2588, -4, -17
2588.1, -4, -17
2588.2, -4, -17
2588.3, -4, -17
2588.4, -4, -17
2588.5, -4, -17
2588.6, -4, -17
2588.7, -4, -17
2588.8, -4, -17
2588.9, -4, -17
2589, -4, -17
2589.1, -4, -17
2589.2, -4, -17
2589.3, -4, -17
2589.4, -4, -17
2589.5, -4, -17
2589.6, -4, -17
2589.7, -4, -17
2589.8, -4, -17
2589.9, -4, -17
2590, -4, -17
2590.1, -4, -17
2590.2, -4, -17
2590.3, -4, -17
2590.4, -4, -17
2590.5, -4, -17
2590.6, -4, -17
2590.7, -4, -17
2590.8, -4, -17
2590.9, -4, -17
2591, -4, -17
2591.1, -5, -17
2591.2, -5, -17
2591.3, -5, -17
2591.4, -5, -17
2591.5, -5, -17
2591.6, -5, -17
2591.7, -5, -17
2591.8, -5, -17
2591.9, -5, -17
2592, -5, -17
2592.1, -5, -17
2592.2, -5, -17
2592.3, -5, -17
2592.4, -5, -17
2592.5, -5, -17
2592.6, -5, -17
2592.7, -5, -17
2592.8, -5, -17
2592.9, -5, -17
2593, -5, -17
2593.1, -5, -17
2593.2, -5, -17
2593.3, -5, -17
2593.4, -5, -17
2593.5, -5, -17
2593.6, -5, -17
2593.7, -5, -17
2593.8, -5, -17
2593.9, -5, -17
2594, -5, -17
2594.1, -5, -17
2594.2, -5, -17
2594.3, -5, -17
2594.4, -5, -17
2594.5, -5, -17
2594.6, -5, -17
2594.7, -5, -17
2594.8, -5, -17
2594.9, -5, -17
2595, -5, -17
2595.1, -5, -17
2595.2, -5, -17
2595.3, -5, -17
2595.4, -5, -17
2595.5, -5, -17
2595.6, -5, -17
2595.7, -6, -17
2595.8, -6, -17
2595.9, -6, -17
2596, -6, -17
2596.1, -6, -17
2596.2, -6, -17
2596.3, -6, -17
2596.4, -6, -17
2596.5, -6, -17
2596.6, -6, -17
2596.7, -6, -17
2596.8, -6, -17
2596.9, -6, -17
2597, -6, -17
2597.1, -6, -17
2597.2, -6, -17
2597.3, -6, -17
2597.4, -6, -17
2597.5, -6, -17
2597.6, -6, -17
2597.7, -6, -17
2597.8, -6, -17
2597.9, -6, -17
2598, -6, -17
2598.1, -6, -17
2598.2, -6, -17
2598.3, -6, -17
2598.4, -6, -17
2598.5, -6, -17
2598.6, -6, -17
2598.7, -7, -17
2598.8, -7, -17
2598.9, -7, -17
2599, -7, -17
2599.1, -7, -17
2599.2, -7, -17
2599.3, -7, -17
2599.4, -7, -17
2599.5, -7, -17
2599.6, -7, -17
2599.7, -7, -17
2599.8, -7, -17
2599.9, -7, -17
2600, -7, -17
2600.1, -7, -17
2600.2, -7, -17
2600.3, -7, -17
2600.4, -7, -17
2600.5, -7, -17
2600.6, -7, -17
2600.7, -7, -17
2600.8, -7, -17
2600.9, -7, -17
2601, -7, -17
2601.1, -7, -17
2601.2, -7, -17
2601.3, -7, -17
2601.4, -7, -17
2601.5, -7, -17
2601.6, -7, -17
2601.7, -7, -18
2601.8, -7, -18
2601.9, -7, -18
2602, -7, -18
2602.1, -7, -18
2602.2, -7, -18
2602.3, -7, -17
2602.4, -7, -17
2602.5, -7, -17
2602.6, -7, -17
2602.7, -7, -17
2602.8, -7, -17
2602.9, -8, -17
2603, -8, -17
2603.1, -8, -17
2603.2, -8, -17
2603.3, -8, -17
2603.4, -8, -17
2603.5, -8, -17
2603.6, -8, -17
2603.7, -8, -17
2603.8, -8, -17
2603.9, -8, -17
2604, -8, -17
2604.1, -8, -17
2604.2, -8, -17
2604.3, -8, -17
2604.4, -8, -17
2604.5, -8, -17
2604.6, -8, -17
2604.7, -8, -17
2604.8, -8, -17
2604.9, -8, -17
2605, -8, -17
2605.1, -8, -17
2605.2, -8, -17
2605.3, -8, -17
2605.4, -8, -17
2605.5, -8, -17
2605.6, -8, -17
2605.7, -8, -17
2605.8, -8, -17
2605.9, -8, -17
2606, -8, -17
2606.1, -8, -17
2606.2, -8, -17
2606.3, -8, -17
2606.4, -8, -17
2606.5, -8, -17
2606.6, -8, -17
2606.7, -8, -17
2606.8, -8, -17
2606.9, -8, -17
2607, -8, -17
2607.1, -8, -17
2607.2, -8, -17
2607.3, -8, -17
2607.4, -8, -17
2607.5, -8, -17
2607.6, -8, -17
2607.7, -8, -17
2607.8, -8, -17
2607.9, -8, -17
2608, -8, -17
2608.1, -8, -17
2608.2, -8, -17
2608.3, -8, -17
2608.4, -8, -17
2608.5, -8, -18
2608.6, -8, -18
2608.7, -8, -18
2608.8, -8, -18
2608.9, -8, -18
2609, -8, -18
2609.1, -8, -18
2609.2, -8, -18
2609.3, -9, -18
2609.4, -9, -18
2609.5, -9, -18
2609.6, -9, -18
2609.7, -9, -18
2609.8, -9, -18
2609.9, -9, -18
2610, -9, -18
2610.1, -9, -18
2610.2, -9, -18
2610.3, -9, -18
2610.4, -9, -18
2610.5, -9, -18
2610.6, -9, -18
2610.7, -9, -18
2610.8, -9, -18
2610.9, -9, -18
2611, -9, -18
2611.1, -9, -18
2611.2, -9, -18
2611.3, -9, -18
2611.4, -9, -18
2611.5, -9, -18
2611.6, -9, -18
2611.7, -9, -18
2611.8, -9, -18
2611.9, -10, -18
2612, -10, -18
2612.1, -10, -18
2612.2, -10, -18
2612.3, -10, -18
2612.4, -10, -18
2612.5, -10, -18
2612.6, -10, -18
2612.7, -10, -18
2612.8, -10, -18
2612.9, -10, -18
2613, -10, -18
2613.1, -10, -18
2613.2, -10, -18
2613.3, -10, -19
2613.4, -10, -19
2613.5, -10, -19
2613.6, -10, -19
2613.7, -10, -19
2613.8, -10, -19
2613.9, -10, -19
2614, -10, -19
2614.1, -10, -19
2614.2, -10, -19
2614.3, -10, -19
2614.4, -10, -19
2614.5, -10, -19
2614.6, -10, -19
2614.7, -11, -19
2614.8, -11, -19
2614.9, -11, -20
2615, -11, -20
2615.1, -11, -20
2615.2, -11, -20
2615.3, -11, -20
2615.4, -11, -20
2615.5, -11, -20
2615.6, -11, -20
2615.7, -11, -20
2615.8, -11, -20
2615.9, -10, -20
2616, -10, -20
2616.1, -10, -20
2616.2, -10, -20
2616.3, -10, -20
2616.4, -10, -20
2616.5, -10, -20
2616.6, -10, -20
2616.7, -10, -20
2616.8, -10, -20
2616.9, -10, -20
2617, -10, -20
2617.1, -10, -20
2617.2, -10, -20
2617.3, -10, -20
2617.4, -10, -20
2617.5, -10, -19
2617.6, -10, -19
2617.7, -9, -19
2617.8, -9, -19
2617.9, -9, -19
2618, -9, -19
2618.1, -8, -19
2618.2, -8, -19
2618.3, -8, -19
2618.4, -8, -19
2618.5, -8, -19
2618.6, -8, -19
2618.7, -8, -19
2618.8, -8, -19
2618.9, -8, -19
2619, -8, -19
2619.1, -8, -19
2619.2, -8, -19
2619.3, -8, -19
2619.4, -8, -19
2619.5, -8, -19
2619.6, -8, -19
2619.7, -8, -19
2619.8, -8, -19
2619.9, -8, -19
2620, -8, -19
2620.1, -8, -19
2620.2, -8, -19
2620.3, -8, -19
2620.4, -8, -19
2620.5, -8, -19
2620.6, -8, -19
2620.7, -8, -19
2620.8, -8, -19
2620.9, -8, -19
2621, -8, -19
2621.1, -8, -19
2621.2, -8, -19
2621.3, -8, -19
2621.4, -8, -19
2621.5, -8, -19
2621.6, -8, -19
2621.7, -8, -19
2621.8, -8, -19
2621.9, -8, -19
2622, -8, -19
2622.1, -8, -19
2622.2, -8, -19
2622.3, -8, -19
2622.4, -8, -19
2622.5, -8, -19
2622.6, -8, -19
2622.7, -8, -19
2622.8, -8, -19
2622.9, -8, -19
2623, -8, -19
2623.1, -8, -19
2623.2, -8, -19
2623.3, -8, -19
2623.4, -8, -19
2623.5, -8, -19
2623.6, -8, -19
2623.7, -8, -19
2623.8, -8, -19
2623.9, -8, -19
2624, -8, -19
2624.1, -8, -19
2624.2, -8, -19
2624.3, -8, -19
2624.4, -8, -19
2624.5, -8, -19
2624.6, -8, -19
2624.7, -8, -19
2624.8, -8, -19
2624.9, -8, -19
2625, -8, -19
2625.1, -8, -19
2625.2, -8, -19
2625.3, -8, -19
2625.4, -8, -19
2625.5, -8, -19
2625.6, -8, -19
2625.7, -8, -19
2625.8, -8, -19
2625.9, -8, -19
2626, -8, -19
2626.1, -8, -19
2626.2, -8, -19
2626.3, -8, -18
2626.4, -8, -18
2626.5, -8, -18
2626.6, -8, -18
2626.7, -8, -18
2626.8, -8, -18
2626.9, -8, -18
2627, -8, -18
2627.1, -8, -18
2627.2, -8, -18
2627.3, -8, -18
2627.4, -8, -18
2627.5, -8, -18
2627.6, -8, -18
2627.7, -8, -18
2627.8, -8, -18
2627.9, -7, -18
2628, -7, -18
2628.1, -7, -18
2628.2, -7, -18
2628.3, -7, -18
2628.4, -7, -18
2628.5, -7, -18
2628.6, -7, -18
2628.7, -7, -18
2628.8, -7, -18
2628.9, -7, -18
2629, -7, -18
2629.1, -7, -18
2629.2, -7, -18
2629.3, -7, -18
2629.4, -7, -18
2629.5, -7, -18
2629.6, -7, -18
2629.7, -7, -18
2629.8, -7, -18
2629.9, -7, -18
2630, -7, -18
2630.1, -7, -18
2630.2, -7, -18
2630.3, -7, -18
2630.4, -7, -18
2630.5, -7, -18
2630.6, -7, -18
2630.7, -7, -18
2630.8, -7, -18
2630.9, -7, -18
2631, -7, -18
2631.1, -7, -18
2631.2, -7, -18
2631.3, -7, -18
2631.4, -7, -18
2631.5, -7, -18
2631.6, -7, -18
2631.7, -7, -19
2631.8, -7, -19
2631.9, -7, -19
2632, -7, -19
2632.1, -7, -19
2632.2, -7, -19
2632.3, -7, -19
2632.4, -7, -19
2632.5, -7, -19
2632.6, -7, -19
2632.7, -7, -19
2632.8, -7, -19
2632.9, -7, -19
2633, -7, -19
2633.1, -8, -19
2633.2, -8, -19
2633.3, -8, -19
2633.4, -8, -19
2633.5, -8, -19
2633.6, -8, -19
2633.7, -8, -18
2633.8, -8, -18
2633.9, -8, -18
2634, -8, -18
2634.1, -8, -18
2634.2, -8, -18
2634.3, -8, -18
2634.4, -8, -18
2634.5, -8, -18
2634.6, -8, -18
2634.7, -8, -18
2634.8, -8, -18
2634.9, -8, -17
2635, -8, -17
2635.1, -8, -17
2635.2, -8, -17
2635.3, -7, -17
2635.4, -7, -17
2635.5, -7, -16
2635.6, -7, -16
2635.7, -7, -16
2635.8, -7, -16
2635.9, -7, -16
2636, -7, -16
2636.1, -7, -16
2636.2, -7, -16
2636.3, -7, -17
2636.4, -7, -17
2636.5, -7, -18
2636.6, -7, -18
2636.7, -7, -18
2636.8, -7, -18
2636.9, -7, -18
2637, -7, -18
2637.1, -7, -18
2637.2, -7, -18
2637.3, -7, -18
2637.4, -7, -18
2637.5, -7, -18
2637.6, -7, -18
2637.7, -7, -18
2637.8, -7, -18
2637.9, -7, -18
2638, -7, -18
2638.1, -7, -18
2638.2, -7, -18
2638.3, -6, -18
2638.4, -6, -18
2638.5, -6, -18
2638.6, -6, -18
2638.7, -6, -18
2638.8, -6, -18
2638.9, -6, -18
2639, -6, -18
2639.1, -6, -18
2639.2, -6, -18
2639.3, -6, -18
2639.4, -6, -18
2639.5, -6, -19
2639.6, -6, -19
2639.7, -6, -19
2639.8, -6, -19
2639.9, -5, -19
2640, -5, -19
2640.1, -5, -19
2640.2, -5, -19
2640.3, -5, -19
2640.4, -5, -19
2640.5, -5, -19
2640.6, -5, -19
2640.7, -5, -19
2640.8, -5, -19
2640.9, -5, -19
2641, -5, -19
2641.1, -5, -19
2641.2, -5, -19
2641.3, -5, -19
2641.4, -5, -19
2641.5, -5, -19
2641.6, -5, -19
2641.7, -5, -19
2641.8, -5, -19
2641.9, -5, -19
2642, -5, -19
2642.1, -5, -19
2642.2, -5, -19
2642.3, -5, -19
2642.4, -5, -19
2642.5, -5, -19
2642.6, -5, -19
2642.7, -5, -19
2642.8, -5, -19
2642.9, -6, -19
2643, -6, -19
2643.1, -6, -19
2643.2, -6, -19
2643.3, -6, -19
2643.4, -6, -19
2643.5, -6, -19
2643.6, -6, -19
2643.7, -6, -19
2643.8, -6, -19
2643.9, -6, -19
2644, -6, -19
2644.1, -6, -19
2644.2, -6, -19
2644.3, -6, -19
2644.4, -6, -19
2644.5, -6, -19
2644.6, -6, -19
2644.7, -7, -19
2644.8, -7, -19
2644.9, -7, -19
2645, -7, -19
2645.1, -7, -19
2645.2, -7, -19
2645.3, -7, -19
2645.4, -7, -19
2645.5, -7, -19
2645.6, -7, -19
2645.7, -7, -19
2645.8, -7, -19
2645.9, -7, -19
2646, -7, -19
2646.1, -7, -19
2646.2, -7, -19
2646.3, -7, -19
2646.4, -7, -19
2646.5, -7, -19
2646.6, -7, -19
2646.7, -7, -19
2646.8, -7, -19
2646.9, -7, -19
2647, -7, -19
2647.1, -7, -19
2647.2, -7, -19
2647.3, -7, -19
2647.4, -7, -19
2647.5, -7, -19
2647.6, -7, -19
2647.7, -7, -19
2647.8, -7, -19
2647.9, -7, -19
2648, -7, -19
2648.1, -7, -19
2648.2, -7, -19
2648.3, -7, -18
2648.4, -7, -18
2648.5, -7, -18
2648.6, -7, -18
2648.7, -7, -18
2648.8, -7, -18
2648.9, -7, -17
2649, -7, -17
2649.1, -7, -17
2649.2, -7, -17
2649.3, -7, -17
2649.4, -7, -17
2649.5, -7, -17
2649.6, -7, -17
2649.7, -7, -17
2649.8, -7, -17
2649.9, -6, -17
2650, -6, -17
2650.1, -6, -17
2650.2, -6, -17
2650.3, -6, -17
2650.4, -6, -17
2650.5, -6, -17
2650.6, -6, -17
2650.7, -6, -17
2650.8, -6, -17
2650.9, -6, -18
2651, -6, -18
2651.1, -6, -18
2651.2, -6, -18
2651.3, -7, -18
2651.4, -7, -18
2651.5, -7, -18
2651.6, -7, -18
2651.7, -7, -18
2651.8, -7, -18
2651.9, -7, -18
2652, -7, -18
2652.1, -7, -18
2652.2, -7, -18
2652.3, -7, -18
2652.4, -7, -18
2652.5, -7, -18
2652.6, -7, -18
2652.7, -7, -18
2652.8, -7, -18
2652.9, -7, -18
2653, -7, -18
2653.1, -7, -18
2653.2, -7, -18
2653.3, -7, -18
2653.4, -7, -18
2653.5, -7, -17
2653.6, -7, -17
2653.7, -7, -17
2653.8, -7, -17
2653.9, -7, -17
2654, -7, -17
2654.1, -7, -17
2654.2, -7, -17
2654.3, -7, -17
2654.4, -7, -17
2654.5, -7, -17
2654.6, -7, -17
2654.7, -7, -18
2654.8, -7, -18
2654.9, -7, -18
2655, -7, -18
2655.1, -7, -18
2655.2, -7, -18
2655.3, -7, -18
2655.4, -7, -18
2655.5, -7, -18
2655.6, -7, -18
2655.7, -7, -18
2655.8, -7, -18
2655.9, -7, -18
2656, -7, -18
2656.1, -7, -18
2656.2, -7, -18
2656.3, -7, -18
2656.4, -7, -18
2656.5, -7, -18
2656.6, -7, -18
2656.7, -7, -18
2656.8, -7, -18
2656.9, -7, -18
2657, -7, -18
2657.1, -7, -18
2657.2, -7, -18
2657.3, -7, -18
2657.4, -7, -18
2657.5, -7, -18
2657.6, -7, -18
2657.7, -7, -18
2657.8, -7, -18
2657.9, -7, -18
2658, -7, -18
2658.1, -7, -18
2658.2, -7, -18
2658.3, -7, -18
2658.4, -7, -18
2658.5, -7, -18
2658.6, -7, -18
2658.7, -7, -18
2658.8, -7, -18
2658.9, -7, -18
2659, -7, -18
2659.1, -7, -18
2659.2, -7, -18
2659.3, -7, -18
2659.4, -7, -18
2659.5, -7, -18
2659.6, -7, -18
2659.7, -7, -18
2659.8, -7, -18
2659.9, -7, -18
2660, -7, -18
2660.1, -7, -18
2660.2, -7, -18
2660.3, -7, -18
2660.4, -7, -18
2660.5, -7, -18
2660.6, -7, -18
2660.7, -7, -18
2660.8, -7, -18
2660.9, -7, -18
2661, -7, -18
2661.1, -7, -18
2661.2, -7, -18
2661.3, -7, -18
2661.4, -7, -18
2661.5, -7, -18
2661.6, -7, -18
2661.7, -7, -18
2661.8, -7, -18
2661.9, -7, -18
2662, -7, -18
2662.1, -7, -18
2662.2, -7, -18
2662.3, -7, -18
2662.4, -7, -18
2662.5, -7, -18
2662.6, -7, -18
2662.7, -7, -18
2662.8, -7, -18
2662.9, -7, -18
2663, -7, -18
2663.1, -7, -19
2663.2, -7, -19
2663.3, -7, -19
2663.4, -7, -19
2663.5, -7, -20
2663.6, -7, -20
2663.7, -7, -20
2663.8, -7, -20
2663.9, -7, -20
2664, -7, -20
2664.1, -7, -20
2664.2, -7, -20
2664.3, -7, -20
2664.4, -7, -20
2664.5, -7, -20
2664.6, -7, -20
2664.7, -7, -20
2664.8, -7, -20
2664.9, -7, -20
2665, -7, -20
2665.1, -7, -20
2665.2, -7, -20
2665.3, -7, -20
2665.4, -7, -20
2665.5, -7, -20
2665.6, -7, -20
2665.7, -7, -20
2665.8, -7, -20
2665.9, -7, -20
2666, -7, -20
2666.1, -7, -20
2666.2, -7, -20
2666.3, -7, -20
2666.4, -7, -20
2666.5, -7, -20
2666.6, -7, -20
2666.7, -7, -20
2666.8, -7, -20
2666.9, -7, -20
2667, -7, -20
2667.1, -7, -20
2667.2, -7, -20
2667.3, -7, -20
2667.4, -7, -20
2667.5, -7, -20
2667.6, -7, -20
2667.7, -7, -20
2667.8, -7, -20
2667.9, -7, -20
2668, -7, -20
2668.1, -7, -20
2668.2, -7, -20
2668.3, -7, -21
2668.4, -7, -21
2668.5, -7, -21
2668.6, -7, -21
2668.7, -7, -21
2668.8, -7, -21
2668.9, -7, -21
2669, -7, -21
2669.1, -7, -21
2669.2, -7, -21
2669.3, -7, -21
2669.4, -7, -21
2669.5, -7, -21
2669.6, -7, -21
2669.7, -7, -21
2669.8, -7, -21
2669.9, -7, -21
2670, -7, -21
2670.1, -7, -21
2670.2, -7, -21
2670.3, -7, -21
2670.4, -7, -21
2670.5, -7, -21
2670.6, -7, -21
2670.7, -7, -21
2670.8, -7, -21
2670.9, -7, -21
2671, -7, -21
2671.1, -7, -20
2671.2, -7, -20
2671.3, -7, -20
2671.4, -7, -20
2671.5, -7, -20
2671.6, -7, -20
2671.7, -7, -20
2671.8, -7, -20
2671.9, -7, -20
2672, -7, -20
2672.1, -7, -20
2672.2, -7, -20
2672.3, -8, -20
2672.4, -8, -20
2672.5, -8, -20
2672.6, -8, -20
2672.7, -8, -20
2672.8, -8, -20
2672.9, -8, -20
2673, -8, -20
2673.1, -8, -20
2673.2, -8, -20
2673.3, -8, -20
2673.4, -8, -20
2673.5, -8, -20
2673.6, -8, -20
2673.7, -8, -20
2673.8, -8, -20
2673.9, -8, -20
2674, -8, -20
2674.1, -8, -20
2674.2, -8, -20
2674.3, -8, -20
2674.4, -8, -20
2674.5, -8, -20
2674.6, -8, -20
2674.7, -8, -20
2674.8, -8, -20
2674.9, -8, -20
2675, -8, -20
2675.1, -8, -20
2675.2, -8, -20
2675.3, -8, -20
2675.4, -8, -20
2675.5, -8, -20
2675.6, -8, -20
2675.7, -8, -20
2675.8, -8, -20
2675.9, -8, -20
2676, -8, -20
2676.1, -8, -20
2676.2, -8, -20
2676.3, -8, -20
2676.4, -8, -20
2676.5, -8, -20
2676.6, -8, -20
2676.7, -8, -20
2676.8, -8, -20
2676.9, -8, -20
2677, -8, -20
2677.1, -8, -20
2677.2, -8, -20
2677.3, -8, -20
2677.4, -8, -20
2677.5, -8, -20
2677.6, -8, -20
2677.7, -8, -20
2677.8, -8, -20
2677.9, -8, -20
2678, -8, -20
2678.1, -8, -20
2678.2, -8, -20
2678.3, -8, -19
2678.4, -8, -19
2678.5, -8, -19
2678.6, -8, -19
2678.7, -8, -19
2678.8, -8, -19
2678.9, -8, -19
2679, -8, -19
2679.1, -8, -19
2679.2, -8, -19
2679.3, -8, -19
2679.4, -8, -19
2679.5, -8, -19
2679.6, -8, -19
2679.7, -8, -19
2679.8, -8, -19
2679.9, -8, -19
2680, -8, -19
2680.1, -7, -19
2680.2, -7, -19
2680.3, -7, -19
2680.4, -7, -19
2680.5, -7, -19
2680.6, -7, -19
2680.7, -7, -19
2680.8, -7, -19
2680.9, -7, -19
2681, -7, -19
2681.1, -7, -19
2681.2, -7, -19
2681.3, -7, -19
2681.4, -7, -19
2681.5, -7, -19
2681.6, -7, -19
2681.7, -7, -19
2681.8, -7, -19
2681.9, -7, -19
2682, -7, -19
2682.1, -7, -20
2682.2, -7, -20
2682.3, -7, -20
2682.4, -7, -20
2682.5, -7, -20
2682.6, -7, -20
2682.7, -7, -20
2682.8, -7, -20
2682.9, -7, -20
2683, -7, -20
2683.1, -7, -20
2683.2, -7, -20
2683.3, -7, -20
2683.4, -7, -20
2683.5, -7, -20
2683.6, -7, -20
2683.7, -7, -20
2683.8, -7, -20
2683.9, -7, -20
2684, -7, -20
2684.1, -7, -20
2684.2, -7, -20
2684.3, -7, -20
2684.4, -7, -20
2684.5, -7, -20
2684.6, -7, -20
2684.7, -7, -20
2684.8, -7, -20
2684.9, -7, -20
2685, -7, -20
2685.1, -7, -20
2685.2, -7, -20
2685.3, -7, -20
2685.4, -7, -20
2685.5, -7, -20
2685.6, -7, -20
2685.7, -7, -21
2685.8, -7, -21
2685.9, -7, -21
2686, -7, -21
2686.1, -7, -21
2686.2, -7, -21
2686.3, -7, -21
2686.4, -7, -21
2686.5, -7, -21
2686.6, -7, -21
2686.7, -7, -20
2686.8, -7, -20
2686.9, -7, -20
2687, -7, -20
2687.1, -7, -20
2687.2, -7, -20
2687.3, -7, -20
2687.4, -7, -20
2687.5, -7, -20
2687.6, -7, -20
2687.7, -7, -20
2687.8, -7, -20
2687.9, -7, -20
2688, -7, -20
2688.1, -7, -20
2688.2, -7, -20
2688.3, -6, -20
2688.4, -6, -20
2688.5, -6, -20
2688.6, -6, -20
2688.7, -6, -20
2688.8, -6, -20
2688.9, -6, -20
2689, -6, -20
2689.1, -6, -20
2689.2, -6, -20
2689.3, -6, -20
2689.4, -6, -20
2689.5, -6, -20
2689.6, -6, -20
2689.7, -6, -20
2689.8, -6, -20
2689.9, -6, -20
2690, -6, -20
2690.1, -6, -20
2690.2, -6, -20
2690.3, -6, -20
2690.4, -6, -20
2690.5, -6, -20
2690.6, -6, -20
2690.7, -6, -20
2690.8, -6, -20
2690.9, -6, -20
2691, -6, -20
2691.1, -6, -20
2691.2, -6, -20
2691.3, -6, -20
2691.4, -6, -20
2691.5, -6, -20
2691.6, -6, -20
2691.7, -6, -20
2691.8, -6, -20
2691.9, -6, -20
2692, -6, -20
2692.1, -6, -20
2692.2, -6, -20
2692.3, -6, -20
2692.4, -6, -20
2692.5, -6, -20
2692.6, -6, -20
2692.7, -6, -20
2692.8, -6, -20
2692.9, -7, -20
2693, -7, -20
2693.1, -7, -20
2693.2, -7, -20
2693.3, -7, -20
2693.4, -7, -20
2693.5, -7, -20
2693.6, -7, -20
2693.7, -7, -20
2693.8, -7, -20
2693.9, -7, -20
2694, -7, -20
2694.1, -7, -20
2694.2, -7, -20
2694.3, -7, -20
2694.4, -7, -20
2694.5, -7, -20
2694.6, -7, -20
2694.7, -7, -20
2694.8, -7, -20
2694.9, -7, -20
2695, -7, -20
2695.1, -7, -20
2695.2, -7, -20
2695.3, -7, -20
2695.4, -7, -20
2695.5, -7, -20
2695.6, -7, -20
2695.7, -7, -20
2695.8, -7, -20
2695.9, -7, -20
2696, -7, -20
2696.1, -7, -20
2696.2, -7, -20
2696.3, -7, -20
2696.4, -7, -20
2696.5, -7, -20
2696.6, -7, -20
2696.7, -7, -20
2696.8, -7, -20
2696.9, -7, -20
2697, -7, -20
2697.1, -7, -20
2697.2, -7, -20
2697.3, -7, -20
2697.4, -7, -20
2697.5, -7, -20
2697.6, -7, -20
2697.7, -7, -20
2697.8, -7, -20
2697.9, -7, -21
2698, -7, -21
2698.1, -7, -21
2698.2, -7, -21
2698.3, -7, -21
2698.4, -7, -21
2698.5, -7, -21
2698.6, -7, -21
2698.7, -7, -21
2698.8, -7, -21
2698.9, -7, -21
2699, -7, -21
2699.1, -7, -21
2699.2, -7, -21
2699.3, -7, -21
2699.4, -7, -21
2699.5, -7, -21
2699.6, -7, -21
2699.7, -7, -21
2699.8, -7, -21
2699.9, -7, -21
2700, -7, -21
2700.1, -7, -21
2700.2, -7, -21
2700.3, -8, -21
2700.4, -8, -21
2700.5, -8, -21
2700.6, -8, -21
2700.7, -8, -21
2700.8, -8, -21
2700.9, -8, -21
2701, -8, -21
2701.1, -8, -21
2701.2, -8, -21
2701.3, -8, -21
2701.4, -8, -21
2701.5, -8, -21
2701.6, -8, -21
2701.7, -8, -21
2701.8, -8, -21
2701.9, -8, -21
2702, -8, -21
2702.1, -8, -21
2702.2, -8, -21
2702.3, -8, -21
2702.4, -8, -21
2702.5, -8, -21
2702.6, -8, -21
2702.7, -8, -21
2702.8, -8, -21
2702.9, -8, -21
2703, -8, -21
2703.1, -8, -21
2703.2, -8, -21
2703.3, -9, -21
2703.4, -9, -21
2703.5, -9, -21
2703.6, -9, -21
2703.7, -9, -21
2703.8, -9, -21
2703.9, -9, -21
2704, -9, -21
2704.1, -9, -21
2704.2, -9, -21
2704.3, -9, -21
2704.4, -9, -21
2704.5, -9, -21
2704.6, -9, -21
2704.7, -9, -21
2704.8, -9, -21
2704.9, -9, -21
2705, -9, -21
2705.1, -9, -21
2705.2, -9, -21
2705.3, -9, -21
2705.4, -9, -21
2705.5, -9, -21
2705.6, -9, -21
2705.7, -9, -21
2705.8, -9, -21
2705.9, -9, -21
2706, -9, -21
2706.1, -9, -21
2706.2, -9, -21
2706.3, -9, -21
2706.4, -9, -21
2706.5, -9, -21
2706.6, -9, -21
2706.7, -9, -21
2706.8, -9, -21
2706.9, -9, -22
2707, -9, -22
2707.1, -9, -22
2707.2, -9, -22
2707.3, -9, -22
2707.4, -9, -22
2707.5, -9, -22
2707.6, -9, -22
2707.7, -9, -22
2707.8, -9, -22
2707.9, -9, -22
2708, -9, -22
2708.1, -9, -22
2708.2, -9, -22
2708.3, -9, -22
2708.4, -9, -22
2708.5, -9, -22
2708.6, -9, -22
2708.7, -9, -22
2708.8, -9, -22
2708.9, -9, -22
2709, -9, -22
2709.1, -9, -22
2709.2, -9, -22
2709.3, -9, -23
2709.4, -9, -23
2709.5, -9, -23
2709.6, -9, -23
2709.7, -9, -23
2709.8, -9, -23
2709.9, -9, -23
2710, -9, -23
2710.1, -9, -23
2710.2, -9, -23
2710.3, -9, -23
2710.4, -9, -23
2710.5, -9, -23
2710.6, -9, -23
2710.7, -9, -23
2710.8, -9, -23
2710.9, -9, -23
2711, -9, -23
2711.1, -9, -24
2711.2, -9, -24
2711.3, -9, -24
2711.4, -9, -24
2711.5, -9, -25
2711.6, -9, -25
2711.7, -9, -25
2711.8, -9, -25
2711.9, -9, -25
2712, -9, -25
2712.1, -9, -25
2712.2, -9, -25
2712.3, -9, -25
2712.4, -9, -25
2712.5, -9, -25
2712.6, -9, -25
2712.7, -9, -25
2712.8, -9, -25
2712.9, -9, -25
2713, -9, -25
2713.1, -9, -25
2713.2, -9, -25
2713.3, -9, -25
2713.4, -9, -25
2713.5, -9, -25
2713.6, -9, -25
2713.7, -9, -25
2713.8, -9, -25
2713.9, -9, -25
2714, -9, -25
2714.1, -9, -25
2714.2, -9, -25
2714.3, -9, -25
2714.4, -9, -25
2714.5, -9, -25
2714.6, -9, -25
2714.7, -9, -25
2714.8, -9, -25
2714.9, -9, -25
2715, -9, -25
2715.1, -9, -25
2715.2, -9, -25
2715.3, -9, -25
2715.4, -9, -25
2715.5, -9, -25
2715.6, -9, -25
2715.7, -9, -24
2715.8, -9, -24
2715.9, -9, -24
2716, -9, -24
2716.1, -9, -24
2716.2, -9, -24
2716.3, -9, -24
2716.4, -9, -24
2716.5, -9, -24
2716.6, -9, -24
2716.7, -9, -24
2716.8, -9, -24
2716.9, -9, -24
2717, -9, -24
2717.1, -9, -24
2717.2, -9, -24
2717.3, -8, -24
2717.4, -8, -24
2717.5, -8, -24
2717.6, -8, -24
2717.7, -8, -24
2717.8, -8, -24
2717.9, -8, -24
2718, -8, -24
2718.1, -8, -24
2718.2, -8, -24
2718.3, -8, -24
2718.4, -8, -24
2718.5, -9, -24
2718.6, -9, -24
2718.7, -9, -24
2718.8, -9, -24
2718.9, -9, -24
2719, -9, -24
2719.1, -9, -24
2719.2, -9, -24
2719.3, -9, -24
2719.4, -9, -24
2719.5, -9, -24
2719.6, -9, -24
2719.7, -10, -24
2719.8, -10, -24
2719.9, -10, -24
2720, -10, -24
2720.1, -10, -24
2720.2, -10, -24
2720.3, -10, -24
2720.4, -10, -24
2720.5, -10, -24
2720.6, -10, -24
2720.7, -10, -24
2720.8, -10, -24
2720.9, -10, -24
2721, -10, -24
2721.1, -9, -24
2721.2, -9, -24
2721.3, -9, -24
2721.4, -9, -24
2721.5, -9, -24
2721.6, -9, -24
2721.7, -9, -24
2721.8, -9, -24
2721.9, -9, -24
2722, -9, -24
2722.1, -9, -24
2722.2, -9, -24
2722.3, -9, -23
2722.4, -9, -23
2722.5, -9, -23
2722.6, -9, -23
2722.7, -9, -23
2722.8, -9, -23
2722.9, -9, -23
2723, -9, -23
2723.1, -9, -23
2723.2, -9, -23
2723.3, -9, -23
2723.4, -9, -23
2723.5, -9, -23
2723.6, -9, -23
2723.7, -9, -22
2723.8, -9, -22
2723.9, -9, -22
2724, -9, -22
2724.1, -9, -22
2724.2, -9, -22
2724.3, -9, -22
2724.4, -9, -22
2724.5, -9, -22
2724.6, -9, -22
2724.7, -9, -22
2724.8, -9, -22
2724.9, -9, -22
2725, -9, -22
2725.1, -9, -22
2725.2, -9, -22
2725.3, -9, -22
2725.4, -9, -22
2725.5, -9, -22
2725.6, -9, -22
2725.7, -9, -22
2725.8, -9, -22
2725.9, -9, -22
2726, -9, -22
2726.1, -9, -22
2726.2, -9, -22
2726.3, -9, -22
2726.4, -9, -22
2726.5, -9, -22
2726.6, -9, -22
2726.7, -9, -22
2726.8, -9, -22
2726.9, -9, -22
2727, -9, -22
2727.1, -9, -22
2727.2, -9, -22
2727.3, -9, -22
2727.4, -9, -22
2727.5, -9, -22
2727.6, -9, -22
2727.7, -9, -22
2727.8, -9, -22
2727.9, -9, -22
2728, -9, -22
2728.1, -9, -22
2728.2, -9, -22
2728.3, -9, -22
2728.4, -9, -22
2728.5, -9, -22
2728.6, -9, -22
2728.7, -9, -22
2728.8, -9, -22
2728.9, -9, -22
2729, -9, -22
2729.1, -9, -22
2729.2, -9, -22
2729.3, -9, -22
2729.4, -9, -22
2729.5, -9, -22
2729.6, -9, -22
2729.7, -9, -22
2729.8, -9, -22
2729.9, -9, -22
2730, -9, -22
2730.1, -9, -22
2730.2, -9, -22
2730.3, -10, -22
2730.4, -10, -22
2730.5, -10, -22
2730.6, -10, -22
2730.7, -10, -22
2730.8, -10, -22
2730.9, -10, -22
2731, -10, -22
2731.1, -10, -22
2731.2, -10, -22
2731.3, -10, -22
2731.4, -10, -22
2731.5, -10, -22
2731.6, -10, -22
2731.7, -10, -22
2731.8, -10, -22
2731.9, -10, -23
2732, -10, -23
2732.1, -10, -23
2732.2, -10, -23
2732.3, -10, -23
2732.4, -10, -23
2732.5, -10, -22
2732.6, -10, -22
2732.7, -10, -22
2732.8, -10, -22
2732.9, -10, -22
2733, -10, -22
2733.1, -10, -22
2733.2, -10, -22
2733.3, -10, -22
2733.4, -10, -22
2733.5, -10, -22
2733.6, -10, -22
2733.7, -9, -22
2733.8, -9, -22
2733.9, -10, -22
2734, -10, -22
2734.1, -10, -22
2734.2, -10, -22
2734.3, -10, -22
2734.4, -10, -22
2734.5, -10, -22
2734.6, -10, -22
2734.7, -10, -22
2734.8, -10, -22
2734.9, -10, -22
2735, -10, -22
2735.1, -10, -22
2735.2, -10, -22
2735.3, -10, -22
2735.4, -10, -22
2735.5, -10, -21
2735.6, -10, -21
2735.7, -10, -21
2735.8, -10, -21
2735.9, -10, -21
2736, -10, -21
2736.1, -10, -21
2736.2, -10, -21
2736.3, -10, -21
2736.4, -10, -21
2736.5, -10, -21
2736.6, -10, -21
2736.7, -10, -21
2736.8, -10, -21
2736.9, -10, -21
2737, -10, -21
2737.1, -10, -21
2737.2, -10, -21
2737.3, -10, -21
2737.4, -10, -21
2737.5, -10, -21
2737.6, -10, -21
2737.7, -10, -21
2737.8, -10, -21
2737.9, -10, -21
2738, -10, -21
2738.1, -10, -21
2738.2, -10, -21
2738.3, -10, -21
2738.4, -10, -21
2738.5, -10, -21
2738.6, -10, -21
2738.7, -10, -21
2738.8, -10, -21
2738.9, -10, -21
2739, -10, -21
2739.1, -10, -21
2739.2, -10, -21
2739.3, -10, -21
2739.4, -10, -21
2739.5, -10, -21
2739.6, -10, -21
2739.7, -10, -20
2739.8, -10, -20
2739.9, -10, -20
2740, -10, -20
2740.1, -10, -20
2740.2, -10, -20
2740.3, -10, -21
2740.4, -10, -21
2740.5, -10, -21
2740.6, -10, -21
2740.7, -10, -21
2740.8, -10, -21
2740.9, -9, -21
2741, -9, -21
2741.1, -9, -21
2741.2, -9, -21
2741.3, -9, -21
2741.4, -9, -21
2741.5, -9, -21
2741.6, -9, -21
2741.7, -9, -21
2741.8, -9, -21
2741.9, -9, -21
2742, -9, -21
2742.1, -9, -21
2742.2, -9, -21
2742.3, -9, -21
2742.4, -9, -21
2742.5, -9, -21
2742.6, -9, -21
2742.7, -9, -21
2742.8, -9, -21
2742.9, -9, -21
2743, -9, -21
2743.1, -9, -21
2743.2, -9, -21
2743.3, -8, -21
2743.4, -8, -21
2743.5, -8, -21
2743.6, -8, -21
2743.7, -8, -21
2743.8, -8, -21
2743.9, -8, -21
2744, -8, -21
2744.1, -8, -21
2744.2, -8, -21
2744.3, -8, -21
2744.4, -8, -21
2744.5, -9, -21
2744.6, -9, -21
2744.7, -9, -21
2744.8, -9, -21
2744.9, -9, -21
2745, -9, -21
2745.1, -10, -21
2745.2, -10, -21
2745.3, -10, -21
2745.4, -10, -21
2745.5, -9, -21
2745.6, -9, -21
2745.7, -9, -21
2745.8, -9, -21
2745.9, -9, -21
2746, -9, -21
2746.1, -9, -21
2746.2, -9, -21
2746.3, -9, -21
2746.4, -9, -21
2746.5, -9, -21
2746.6, -9, -21
2746.7, -9, -21
2746.8, -9, -21
2746.9, -9, -21
2747, -9, -21
2747.1, -9, -21
2747.2, -9, -21
2747.3, -9, -21
2747.4, -9, -21
2747.5, -9, -21
2747.6, -9, -21
2747.7, -9, -21
2747.8, -9, -21
2747.9, -9, -21
2748, -9, -21
2748.1, -9, -21
2748.2, -9, -21
2748.3, -9, -21
2748.4, -9, -21
2748.5, -9, -21
2748.6, -9, -21
2748.7, -9, -21
2748.8, -9, -21
2748.9, -9, -21
2749, -9, -21
2749.1, -9, -21
2749.2, -9, -21
2749.3, -9, -21
2749.4, -9, -21
2749.5, -9, -21
2749.6, -9, -21
2749.7, -9, -21
2749.8, -9, -21
2749.9, -9, -21
2750, -9, -21
2750.1, -9, -21
2750.2, -9, -21
2750.3, -9, -21
2750.4, -9, -21
2750.5, -9, -21
2750.6, -9, -21
2750.7, -9, -21
2750.8, -9, -21
2750.9, -9, -21
2751, -9, -21
2751.1, -9, -21
2751.2, -9, -21
2751.3, -9, -20
2751.4, -9, -20
2751.5, -9, -20
2751.6, -9, -20
2751.7, -9, -20
2751.8, -9, -20
2751.9, -9, -20
2752, -9, -20
2752.1, -9, -20
2752.2, -9, -20
2752.3, -9, -20
2752.4, -9, -20
2752.5, -9, -20
2752.6, -9, -20
2752.7, -9, -21
2752.8, -9, -21
2752.9, -9, -21
2753, -9, -21
2753.1, -9, -21
2753.2, -9, -21
2753.3, -9, -21
2753.4, -9, -21
2753.5, -9, -21
2753.6, -9, -21
2753.7, -9, -21
2753.8, -9, -21
2753.9, -9, -21
2754, -9, -21
2754.1, -9, -21
2754.2, -9, -21
2754.3, -9, -21
2754.4, -9, -21
2754.5, -9, -21
2754.6, -9, -21
2754.7, -9, -21
2754.8, -9, -21
2754.9, -9, -21
2755, -9, -21
2755.1, -9, -21
2755.2, -9, -21
2755.3, -10, -21
2755.4, -10, -21
2755.5, -10, -21
2755.6, -10, -21
2755.7, -10, -21
2755.8, -10, -21
2755.9, -10, -21
2756, -10, -21
2756.1, -10, -21
2756.2, -10, -21
2756.3, -10, -21
2756.4, -10, -21
2756.5, -10, -21
2756.6, -10, -21
2756.7, -10, -21
2756.8, -10, -21
2756.9, -10, -21
2757, -10, -21
2757.1, -10, -21
2757.2, -10, -21
2757.3, -10, -21
2757.4, -10, -21
2757.5, -10, -21
2757.6, -10, -21
2757.7, -10, -21
2757.8, -10, -21
2757.9, -10, -21
2758, -10, -21
2758.1, -10, -21
2758.2, -10, -21
2758.3, -10, -21
2758.4, -10, -21
2758.5, -10, -21
2758.6, -10, -21
2758.7, -10, -21
2758.8, -10, -21
2758.9, -10, -21
2759, -10, -21
2759.1, -10, -22
2759.2, -10, -22
2759.3, -10, -22
2759.4, -10, -22
2759.5, -10, -22
2759.6, -10, -22
2759.7, -10, -22
2759.8, -10, -22
2759.9, -10, -22
2760, -10, -22
2760.1, -10, -22
2760.2, -10, -22
2760.3, -10, -22
2760.4, -10, -22
2760.5, -10, -22
2760.6, -10, -22
2760.7, -10, -22
2760.8, -10, -22
2760.9, -10, -22
2761, -10, -22
2761.1, -10, -22
2761.2, -10, -22
2761.3, -10, -22
2761.4, -10, -22
2761.5, -10, -22
2761.6, -10, -22
2761.7, -10, -22
2761.8, -10, -22
2761.9, -10, -22
2762, -10, -22
2762.1, -10, -22
2762.2, -10, -22
2762.3, -10, -22
2762.4, -10, -22
2762.5, -10, -22
2762.6, -10, -22
2762.7, -10, -22
2762.8, -10, -22
2762.9, -10, -22
2763, -10, -22
2763.1, -10, -22
2763.2, -10, -22
2763.3, -10, -22
2763.4, -10, -22
2763.5, -10, -22
2763.6, -10, -22
2763.7, -10, -22
2763.8, -10, -22
2763.9, -10, -22
2764, -10, -22
2764.1, -10, -22
2764.2, -10, -22
2764.3, -10, -22
2764.4, -10, -22
2764.5, -10, -22
2764.6, -10, -22
2764.7, -10, -22
2764.8, -10, -22
2764.9, -10, -22
2765, -10, -22
2765.1, -10, -22
2765.2, -10, -22
2765.3, -10, -22
2765.4, -10, -22
2765.5, -10, -22
2765.6, -10, -22
2765.7, -10, -22
2765.8, -10, -22
2765.9, -10, -22
2766, -10, -22
2766.1, -10, -22
2766.2, -10, -22
2766.3, -10, -22
2766.4, -10, -22
2766.5, -10, -22
2766.6, -10, -22
2766.7, -10, -22
2766.8, -10, -22
2766.9, -10, -22
2767, -10, -22
2767.1, -10, -22
2767.2, -10, -22
2767.3, -10, -21
2767.4, -10, -21
2767.5, -10, -21
2767.6, -10, -21
2767.7, -10, -21
2767.8, -10, -21
2767.9, -10, -21
2768, -10, -21
2768.1, -10, -21
2768.2, -10, -21
2768.3, -10, -21
2768.4, -10, -21
2768.5, -10, -21
2768.6, -10, -21
2768.7, -10, -21
2768.8, -10, -21
2768.9, -10, -21
2769, -10, -21
2769.1, -10, -21
2769.2, -10, -21
2769.3, -10, -21
2769.4, -10, -21
2769.5, -10, -21
2769.6, -10, -21
2769.7, -10, -21
2769.8, -10, -21
2769.9, -10, -21
2770, -10, -21
2770.1, -10, -21
2770.2, -10, -21
2770.3, -10, -21
2770.4, -10, -21
2770.5, -10, -21
2770.6, -10, -21
2770.7, -10, -21
2770.8, -10, -21
2770.9, -10, -21
2771, -10, -21
2771.1, -10, -21
2771.2, -10, -21
2771.3, -10, -21
2771.4, -10, -21
2771.5, -10, -21
2771.6, -10, -21
2771.7, -10, -21
2771.8, -10, -21
2771.9, -10, -21
2772, -10, -21
2772.1, -10, -21
2772.2, -10, -21
2772.3, -11, -21
2772.4, -11, -21
2772.5, -11, -21
2772.6, -11, -21
2772.7, -11, -21
2772.8, -11, -21
2772.9, -11, -21
2773, -11, -21
2773.1, -11, -21
2773.2, -11, -21
2773.3, -11, -21
2773.4, -11, -21
2773.5, -11, -21
2773.6, -11, -21
2773.7, -11, -21
2773.8, -11, -21
2773.9, -11, -21
2774, -11, -21
2774.1, -11, -21
2774.2, -11, -21
2774.3, -11, -21
2774.4, -11, -21
2774.5, -11, -21
2774.6, -11, -21
2774.7, -11, -21
2774.8, -11, -21
2774.9, -10, -21
2775, -10, -21
2775.1, -10, -21
2775.2, -10, -21
2775.3, -10, -21
2775.4, -10, -21
2775.5, -10, -21
2775.6, -10, -21
2775.7, -10, -21
2775.8, -10, -21
2775.9, -10, -21
2776, -10, -21
2776.1, -10, -21
2776.2, -10, -21
2776.3, -10, -21
2776.4, -10, -21
2776.5, -10, -21
2776.6, -10, -21
2776.7, -10, -21
2776.8, -10, -21
2776.9, -10, -21
2777, -10, -21
2777.1, -10, -21
2777.2, -10, -21
2777.3, -10, -21
2777.4, -10, -21
2777.5, -10, -21
2777.6, -10, -21
2777.7, -10, -21
2777.8, -10, -21
2777.9, -10, -21
2778, -10, -21
2778.1, -10, -21
2778.2, -10, -21
2778.3, -10, -21
2778.4, -10, -21
2778.5, -10, -21
2778.6, -10, -21
2778.7, -10, -21
2778.8, -10, -21
2778.9, -10, -21
2779, -10, -21
2779.1, -10, -21
2779.2, -10, -21
2779.3, -10, -21
2779.4, -10, -21
2779.5, -9, -21
2779.6, -9, -21
2779.7, -9, -21
2779.8, -9, -21
2779.9, -10, -21
2780, -10, -21
2780.1, -10, -21
2780.2, -10, -21
2780.3, -11, -21
2780.4, -11, -21
2780.5, -11, -21
2780.6, -11, -21
2780.7, -11, -21
2780.8, -11, -21
2780.9, -11, -21
2781, -11, -21
2781.1, -11, -21
2781.2, -11, -21
2781.3, -11, -21
2781.4, -11, -21
2781.5, -11, -21
2781.6, -11, -21
2781.7, -11, -20
2781.8, -11, -20
2781.9, -11, -20
2782, -11, -20
2782.1, -11, -20
2782.2, -11, -20
2782.3, -11, -20
2782.4, -11, -20
2782.5, -11, -20
2782.6, -11, -20
2782.7, -11, -20
2782.8, -11, -20
2782.9, -11, -20
2783, -11, -20
2783.1, -11, -20
2783.2, -11, -20
2783.3, -11, -20
2783.4, -11, -20
2783.5, -11, -20
2783.6, -11, -20
2783.7, -11, -20
2783.8, -11, -20
2783.9, -11, -19
2784, -11, -19
2784.1, -11, -19
2784.2, -11, -19
2784.3, -11, -19
2784.4, -11, -19
2784.5, -11, -19
2784.6, -11, -19
2784.7, -11, -19
2784.8, -11, -19
2784.9, -11, -19
2785, -11, -19
2785.1, -11, -19
2785.2, -11, -19
2785.3, -12, -19
2785.4, -12, -19
2785.5, -12, -19
2785.6, -12, -19
2785.7, -12, -19
2785.8, -12, -19
2785.9, -12, -19
2786, -12, -19
2786.1, -12, -19
2786.2, -12, -19
2786.3, -12, -19
2786.4, -12, -19
2786.5, -13, -19
2786.6, -13, -19
2786.7, -13, -19
2786.8, -13, -19
2786.9, -13, -19
2787, -13, -19
2787.1, -13, -19
2787.2, -13, -19
2787.3, -13, -19
2787.4, -13, -19
2787.5, -13, -19
2787.6, -13, -19
2787.7, -13, -19
2787.8, -13, -19
2787.9, -13, -19
2788, -13, -19
2788.1, -13, -19
2788.2, -13, -19
2788.3, -13, -19
2788.4, -13, -19
2788.5, -13, -19
2788.6, -13, -19
2788.7, -12, -19
2788.8, -12, -19
2788.9, -12, -19
2789, -12, -19
2789.1, -12, -19
2789.2, -12, -19
2789.3, -12, -19
2789.4, -12, -19
2789.5, -12, -19
2789.6, -12, -19
2789.7, -12, -19
2789.8, -12, -19
2789.9, -12, -19
2790, -12, -19
2790.1, -12, -19
2790.2, -12, -19
2790.3, -12, -19
2790.4, -12, -19
2790.5, -12, -19
2790.6, -12, -19
2790.7, -12, -20
2790.8, -12, -20
2790.9, -12, -20
2791, -12, -20
2791.1, -12, -20
2791.2, -12, -20
2791.3, -12, -20
2791.4, -12, -20
2791.5, -12, -20
2791.6, -12, -20
2791.7, -12, -20
2791.8, -12, -20
2791.9, -11, -20
2792, -11, -20
2792.1, -11, -20
2792.2, -11, -20
2792.3, -11, -20
2792.4, -11, -20
2792.5, -11, -20
2792.6, -11, -20
2792.7, -11, -20
2792.8, -11, -20
2792.9, -11, -20
2793, -11, -20
2793.1, -11, -20
2793.2, -11, -20
2793.3, -11, -20
2793.4, -11, -20
2793.5, -11, -20
2793.6, -11, -20
2793.7, -11, -20
2793.8, -11, -20
2793.9, -11, -20
2794, -11, -20
2794.1, -11, -20
2794.2, -11, -20
2794.3, -11, -20
2794.4, -11, -20
2794.5, -11, -20
2794.6, -11, -20
2794.7, -11, -20
2794.8, -11, -20
2794.9, -11, -20
2795, -11, -20
2795.1, -11, -20
2795.2, -11, -20
2795.3, -11, -20
2795.4, -11, -20
2795.5, -11, -20
2795.6, -11, -20
2795.7, -12, -20
2795.8, -12, -20
2795.9, -12, -20
2796, -12, -20
2796.1, -12, -20
2796.2, -12, -20
2796.3, -12, -20
2796.4, -12, -20
2796.5, -12, -20
2796.6, -12, -20
2796.7, -12, -20
2796.8, -12, -20
2796.9, -12, -20
2797, -12, -20
2797.1, -12, -20
2797.2, -12, -20
2797.3, -12, -20
2797.4, -12, -20
2797.5, -12, -20
2797.6, -12, -20
2797.7, -12, -20
2797.8, -12, -20
2797.9, -12, -20
2798, -12, -20
2798.1, -12, -19
2798.2, -12, -19
2798.3, -12, -19
2798.4, -12, -19
2798.5, -12, -19
2798.6, -12, -19
2798.7, -12, -19
2798.8, -12, -19
2798.9, -12, -19
2799, -12, -19
2799.1, -12, -19
2799.2, -12, -19
2799.3, -12, -20
2799.4, -12, -20
2799.5, -12, -20
2799.6, -12, -20
2799.7, -12, -20
2799.8, -12, -20
2799.9, -13, -20
2800, -13, -20
2800.1, -13, -20
2800.2, -13, -20
2800.3, -13, -20
2800.4, -13, -20
2800.5, -13, -20
2800.6, -13, -20
2800.7, -13, -20
2800.8, -13, -20
2800.9, -13, -19
2801, -13, -19
2801.1, -13, -19
2801.2, -13, -19
2801.3, -13, -19
2801.4, -13, -19
2801.5, -13, -19
2801.6, -13, -19
2801.7, -13, -19
2801.8, -13, -19
2801.9, -13, -19
2802, -13, -19
2802.1, -13, -19
2802.2, -13, -19
2802.3, -13, -19
2802.4, -13, -19
2802.5, -13, -19
2802.6, -13, -19
2802.7, -13, -19
2802.8, -13, -19
2802.9, -13, -19
2803, -13, -19
2803.1, -14, -19
2803.2, -14, -19
2803.3, -14, -20
2803.4, -14, -20
2803.5, -14, -20
2803.6, -14, -20
2803.7, -14, -20
2803.8, -14, -20
2803.9, -14, -20
2804, -14, -20
2804.1, -14, -20
2804.2, -14, -20
2804.3, -14, -20
2804.4, -14, -20
2804.5, -14, -20
2804.6, -14, -20
2804.7, -14, -20
2804.8, -14, -20
2804.9, -15, -20
2805, -15, -20
2805.1, -15, -20
2805.2, -15, -20
2805.3, -16, -20
2805.4, -16, -20
2805.5, -16, -20
2805.6, -16, -20
2805.7, -16, -20
2805.8, -16, -20
2805.9, -16, -20
2806, -16, -20
2806.1, -16, -20
2806.2, -16, -20
2806.3, -16, -20
2806.4, -16, -20
2806.5, -16, -20
2806.6, -16, -20
2806.7, -16, -20
2806.8, -16, -20
2806.9, -16, -20
2807, -16, -20
2807.1, -16, -20
2807.2, -16, -20
2807.3, -16, -19
2807.4, -16, -19
2807.5, -16, -19
2807.6, -16, -19
2807.7, -16, -19
2807.8, -16, -19
2807.9, -16, -19
2808, -16, -19
2808.1, -16, -19
2808.2, -16, -19
2808.3, -16, -19
2808.4, -16, -19
2808.5, -16, -19
2808.6, -16, -19
2808.7, -16, -19
2808.8, -16, -19
2808.9, -16, -19
2809, -16, -19
2809.1, -16, -19
2809.2, -16, -19
2809.3, -16, -19
2809.4, -16, -19
2809.5, -16, -19
2809.6, -16, -19
2809.7, -16, -19
2809.8, -16, -19
2809.9, -16, -19
2810, -16, -19
2810.1, -16, -19
2810.2, -16, -19
2810.3, -16, -19
2810.4, -16, -19
2810.5, -16, -19
2810.6, -16, -19
2810.7, -16, -19
2810.8, -16, -19
2810.9, -16, -19
2811, -16, -19
2811.1, -16, -19
2811.2, -16, -19
2811.3, -16, -19
2811.4, -16, -19
2811.5, -16, -19
2811.6, -16, -19
2811.7, -16, -19
2811.8, -16, -19
2811.9, -16, -19
2812, -16, -19
2812.1, -16, -19
2812.2, -16, -19
2812.3, -16, -19
2812.4, -16, -19
2812.5, -16, -19
2812.6, -16, -19
2812.7, -16, -20
2812.8, -16, -20
2812.9, -16, -20
2813, -16, -20
2813.1, -16, -20
2813.2, -16, -20
2813.3, -16, -20
2813.4, -16, -20
2813.5, -16, -21
2813.6, -16, -21
2813.7, -16, -21
2813.8, -16, -21
2813.9, -16, -21
2814, -16, -21
2814.1, -16, -21
2814.2, -16, -21
2814.3, -16, -21
2814.4, -16, -21
2814.5, -16, -21
2814.6, -16, -21
2814.7, -16, -21
2814.8, -16, -21
2814.9, -16, -21
2815, -16, -21
2815.1, -16, -21
2815.2, -16, -21
2815.3, -16, -21
2815.4, -16, -21
2815.5, -15, -21
2815.6, -15, -21
2815.7, -15, -21
2815.8, -15, -21
2815.9, -15, -21
2816, -15, -21
2816.1, -14, -21
2816.2, -14, -21
2816.3, -14, -21
2816.4, -14, -21
2816.5, -14, -21
2816.6, -14, -21
2816.7, -14, -21
2816.8, -14, -21
2816.9, -14, -21
2817, -14, -21
2817.1, -14, -21
2817.2, -14, -21
2817.3, -14, -21
2817.4, -14, -21
2817.5, -14, -21
2817.6, -14, -21
2817.7, -14, -21
2817.8, -14, -21
2817.9, -14, -21
2818, -14, -21
2818.1, -14, -21
2818.2, -14, -21
2818.3, -14, -21
2818.4, -14, -21
2818.5, -14, -21
2818.6, -14, -21
2818.7, -14, -22
2818.8, -14, -22
2818.9, -14, -22
2819, -14, -22
2819.1, -14, -22
2819.2, -14, -22
2819.3, -15, -22
2819.4, -15, -22
2819.5, -15, -22
2819.6, -15, -22
2819.7, -15, -22
2819.8, -15, -22
2819.9, -15, -21
2820, -15, -21
2820.1, -15, -21
2820.2, -15, -21
2820.3, -15, -21
2820.4, -15, -21
2820.5, -15, -21
2820.6, -15, -21
2820.7, -15, -21
2820.8, -15, -21
2820.9, -15, -21
2821, -15, -21
2821.1, -15, -21
2821.2, -15, -21
2821.3, -15, -21
2821.4, -15, -21
2821.5, -15, -21
2821.6, -15, -21
2821.7, -15, -21
2821.8, -15, -21
2821.9, -15, -21
2822, -15, -21
2822.1, -15, -21
2822.2, -15, -21
2822.3, -15, -21
2822.4, -15, -21
2822.5, -15, -21
2822.6, -15, -21
2822.7, -15, -21
2822.8, -15, -21
2822.9, -15, -21
2823, -15, -21
2823.1, -15, -21
2823.2, -15, -21
2823.3, -15, -21
2823.4, -15, -21
2823.5, -15, -21
2823.6, -15, -21
2823.7, -15, -21
2823.8, -15, -21
2823.9, -15, -21
2824, -15, -21
2824.1, -15, -21
2824.2, -15, -21
2824.3, -15, -21
2824.4, -15, -21
2824.5, -15, -21
2824.6, -15, -21
2824.7, -15, -21
2824.8, -15, -21
2824.9, -15, -21
2825, -15, -21
2825.1, -15, -21
2825.2, -15, -21
2825.3, -15, -21
2825.4, -15, -21
2825.5, -15, -21
2825.6, -15, -21
2825.7, -15, -21
2825.8, -15, -21
2825.9, -15, -21
2826, -15, -21
2826.1, -15, -21
2826.2, -15, -21
2826.3, -15, -21
2826.4, -15, -21
2826.5, -15, -21
2826.6, -15, -21
2826.7, -15, -21
2826.8, -15, -21
2826.9, -14, -21
2827, -14, -21
2827.1, -14, -21
2827.2, -14, -21
2827.3, -14, -21
2827.4, -14, -21
2827.5, -14, -21
2827.6, -14, -21
2827.7, -14, -21
2827.8, -14, -21
2827.9, -14, -21
2828, -14, -21
2828.1, -14, -21
2828.2, -14, -21
2828.3, -14, -21
2828.4, -14, -21
2828.5, -14, -21
2828.6, -14, -21
2828.7, -14, -20
2828.8, -14, -20
2828.9, -14, -20
2829, -14, -20
2829.1, -14, -20
2829.2, -14, -20
2829.3, -14, -20
2829.4, -14, -20
2829.5, -14, -20
2829.6, -14, -20
2829.7, -14, -20
2829.8, -14, -20
2829.9, -14, -20
2830, -14, -20
2830.1, -14, -20
2830.2, -14, -20
2830.3, -14, -20
2830.4, -14, -20
2830.5, -14, -20
2830.6, -14, -20
2830.7, -14, -20
2830.8, -14, -20
2830.9, -14, -20
2831, -14, -20
2831.1, -14, -20
2831.2, -14, -20
2831.3, -14, -20
2831.4, -14, -20
2831.5, -14, -20
2831.6, -14, -20
2831.7, -14, -20
2831.8, -14, -20
2831.9, -14, -20
2832, -14, -20
2832.1, -14, -20
2832.2, -14, -20
2832.3, -14, -20
2832.4, -14, -20
2832.5, -15, -20
2832.6, -15, -20
2832.7, -15, -20
2832.8, -15, -20
2832.9, -15, -20
2833, -15, -20
2833.1, -15, -20
2833.2, -15, -20
2833.3, -15, -20
2833.4, -15, -20
2833.5, -15, -20
2833.6, -15, -20
2833.7, -15, -20
2833.8, -15, -20
2833.9, -15, -20
2834, -15, -20
2834.1, -15, -20
2834.2, -15, -20
2834.3, -15, -20
2834.4, -15, -20
2834.5, -15, -20
2834.6, -15, -20
2834.7, -15, -20
2834.8, -15, -20
2834.9, -15, -20
2835, -15, -20
2835.1, -15, -20
2835.2, -15, -20
2835.3, -15, -20
2835.4, -15, -20
2835.5, -15, -19
2835.6, -15, -19
2835.7, -16, -19
2835.8, -16, -19
2835.9, -16, -19
2836, -16, -19
2836.1, -16, -20
2836.2, -16, -20
2836.3, -16, -20
2836.4, -16, -20
2836.5, -16, -20
2836.6, -16, -20
2836.7, -16, -20
2836.8, -16, -20
2836.9, -16, -20
2837, -16, -20
2837.1, -16, -20
2837.2, -16, -20
2837.3, -16, -20
2837.4, -16, -20
2837.5, -16, -20
2837.6, -16, -20
2837.7, -16, -20
2837.8, -16, -20
2837.9, -16, -20
2838, -16, -20
2838.1, -16, -20
2838.2, -16, -20
2838.3, -16, -20
2838.4, -16, -20
2838.5, -16, -20
2838.6, -16, -20
2838.7, -16, -20
2838.8, -16, -20
2838.9, -16, -20
2839, -16, -20
2839.1, -16, -20
2839.2, -16, -20
2839.3, -16, -20
2839.4, -16, -20
2839.5, -16, -20
2839.6, -16, -20
2839.7, -16, -20
2839.8, -16, -20
2839.9, -16, -20
2840, -16, -20
2840.1, -16, -20
2840.2, -16, -20
2840.3, -16, -20
2840.4, -16, -20
2840.5, -16, -20
2840.6, -16, -20
2840.7, -16, -20
2840.8, -16, -20
2840.9, -16, -20
2841, -16, -20
2841.1, -16, -20
2841.2, -16, -20
2841.3, -16, -20
2841.4, -16, -20
2841.5, -16, -20
2841.6, -16, -20
2841.7, -16, -20
2841.8, -16, -20
2841.9, -16, -20
2842, -16, -20
2842.1, -16, -20
2842.2, -16, -20
2842.3, -16, -20
2842.4, -16, -20
2842.5, -16, -20
2842.6, -16, -20
2842.7, -16, -20
2842.8, -16, -20
2842.9, -16, -20
2843, -16, -20
2843.1, -16, -20
2843.2, -16, -20
2843.3, -16, -20
2843.4, -16, -20
2843.5, -16, -20
2843.6, -16, -20
2843.7, -16, -20
2843.8, -16, -20
2843.9, -16, -20
2844, -16, -20
2844.1, -16, -20
2844.2, -16, -20
2844.3, -16, -20
2844.4, -16, -20
2844.5, -16, -20
2844.6, -16, -20
2844.7, -16, -20
2844.8, -16, -20
2844.9, -15, -20
2845, -15, -20
2845.1, -15, -21
2845.2, -15, -21
2845.3, -15, -21
2845.4, -15, -21
2845.5, -15, -21
2845.6, -15, -21
2845.7, -15, -21
2845.8, -15, -21
2845.9, -15, -21
2846, -15, -21
2846.1, -15, -21
2846.2, -15, -21
2846.3, -15, -21
2846.4, -15, -21
2846.5, -15, -21
2846.6, -15, -21
2846.7, -15, -21
2846.8, -15, -21
2846.9, -15, -21
2847, -15, -21
2847.1, -15, -21
2847.2, -15, -21
2847.3, -15, -21
2847.4, -15, -21
2847.5, -15, -21
2847.6, -15, -21
2847.7, -15, -21
2847.8, -15, -21
2847.9, -15, -21
2848, -15, -21
2848.1, -15, -21
2848.2, -15, -21
2848.3, -15, -20
2848.4, -15, -20
2848.5, -15, -20
2848.6, -15, -20
2848.7, -15, -20
2848.8, -15, -20
2848.9, -15, -20
2849, -15, -20
2849.1, -15, -20
2849.2, -15, -20
2849.3, -15, -21
2849.4, -15, -21
2849.5, -15, -21
2849.6, -15, -21
2849.7, -15, -21
2849.8, -15, -21
2849.9, -15, -21
2850, -15, -21
2850.1, -15, -21
2850.2, -15, -21
2850.3, -15, -21
2850.4, -15, -21
2850.5, -15, -21
2850.6, -15, -21
2850.7, -15, -21
2850.8, -15, -21
2850.9, -15, -21
2851, -15, -21
2851.1, -15, -21
2851.2, -15, -21
2851.3, -15, -21
2851.4, -15, -21
2851.5, -15, -22
2851.6, -15, -22
2851.7, -14, -22
2851.8, -14, -22
2851.9, -14, -22
2852, -14, -22
2852.1, -14, -22
2852.2, -14, -22
2852.3, -14, -22
2852.4, -14, -22
2852.5, -14, -21
2852.6, -14, -21
2852.7, -14, -21
2852.8, -14, -21
2852.9, -15, -21
2853, -15, -21
2853.1, -15, -21
2853.2, -15, -21
2853.3, -15, -21
2853.4, -15, -21
2853.5, -16, -21
2853.6, -16, -21
2853.7, -16, -21
2853.8, -16, -21
2853.9, -16, -20
2854, -16, -20
2854.1, -16, -19
2854.2, -16, -19
2854.3, -15, -19
2854.4, -15, -19
2854.5, -15, -19
2854.6, -15, -19
2854.7, -15, -18
2854.8, -15, -18
2854.9, -15, -18
2855, -15, -18
2855.1, -15, -18
2855.2, -15, -18
2855.3, -15, -18
2855.4, -15, -18
2855.5, -15, -18
2855.6, -15, -18
2855.7, -15, -19
2855.8, -15, -19
2855.9, -15, -19
2856, -15, -19
2856.1, -15, -19
2856.2, -15, -19
2856.3, -15, -19
2856.4, -15, -19
2856.5, -15, -19
2856.6, -15, -19
2856.7, -16, -19
2856.8, -16, -19
2856.9, -16, -19
2857, -16, -19
2857.1, -16, -19
2857.2, -16, -19
2857.3, -16, -19
2857.4, -16, -19
2857.5, -16, -19
2857.6, -16, -19
2857.7, -16, -19
2857.8, -16, -19
2857.9, -16, -19
2858, -16, -19
2858.1, -16, -19
2858.2, -16, -19
2858.3, -16, -19
2858.4, -16, -19
2858.5, -16, -19
2858.6, -16, -19
2858.7, -16, -19
2858.8, -16, -19
2858.9, -16, -19
2859, -16, -19
2859.1, -16, -19
2859.2, -16, -19
2859.3, -16, -19
2859.4, -16, -19
2859.5, -16, -19
2859.6, -16, -19
2859.7, -16, -19
2859.8, -16, -19
2859.9, -16, -19
2860, -16, -19
2860.1, -16, -19
2860.2, -16, -19
2860.3, -16, -19
2860.4, -16, -19
2860.5, -16, -19
2860.6, -16, -19
2860.7, -16, -19
2860.8, -16, -19
2860.9, -16, -19
2861, -16, -19
2861.1, -16, -19
2861.2, -16, -19
2861.3, -16, -19
2861.4, -16, -19
2861.5, -16, -19
2861.6, -16, -19
2861.7, -16, -19
2861.8, -16, -19
2861.9, -16, -19
2862, -16, -19
2862.1, -16, -19
2862.2, -16, -19
2862.3, -16, -19
2862.4, -16, -19
2862.5, -16, -19
2862.6, -16, -19
2862.7, -16, -19
2862.8, -16, -19
2862.9, -16, -19
2863, -16, -19
2863.1, -16, -19
2863.2, -16, -19
2863.3, -16, -19
2863.4, -16, -19
2863.5, -16, -19
2863.6, -16, -19
2863.7, -16, -19
2863.8, -16, -19
2863.9, -16, -19
2864, -16, -19
2864.1, -16, -19
2864.2, -16, -19
2864.3, -16, -19
2864.4, -16, -19
2864.5, -16, -19
2864.6, -16, -19
2864.7, -16, -19
2864.8, -16, -19
2864.9, -16, -19
2865, -16, -19
2865.1, -16, -19
2865.2, -16, -19
2865.3, -16, -19
2865.4, -16, -19
2865.5, -16, -19
2865.6, -16, -19
2865.7, -16, -19
2865.8, -16, -19
2865.9, -16, -19
2866, -16, -19
2866.1, -16, -19
2866.2, -16, -19
2866.3, -16, -19
2866.4, -16, -19
2866.5, -16, -19
2866.6, -16, -19
2866.7, -16, -19
2866.8, -16, -19
2866.9, -16, -19
2867, -16, -19
2867.1, -16, -19
2867.2, -16, -19
2867.3, -16, -19
2867.4, -16, -19
2867.5, -16, -19
2867.6, -16, -19
2867.7, -16, -19
2867.8, -16, -19
2867.9, -16, -19
2868, -16, -19
2868.1, -16, -19
2868.2, -16, -19
2868.3, -16, -19
2868.4, -16, -19
2868.5, -16, -19
2868.6, -16, -19
2868.7, -16, -19
2868.8, -16, -19
2868.9, -16, -19
2869, -16, -19
2869.1, -16, -19
2869.2, -16, -19
2869.3, -16, -19
2869.4, -16, -19
2869.5, -16, -19
2869.6, -16, -19
2869.7, -16, -19
2869.8, -16, -19
2869.9, -16, -19
2870, -16, -19
2870.1, -16, -19
2870.2, -16, -19
2870.3, -16, -19
2870.4, -16, -19
2870.5, -16, -20
2870.6, -16, -20
2870.7, -16, -20
2870.8, -16, -20
2870.9, -16, -20
2871, -16, -20
2871.1, -16, -20
2871.2, -16, -20
2871.3, -16, -20
2871.4, -16, -20
2871.5, -16, -20
2871.6, -16, -20
2871.7, -16, -20
2871.8, -16, -20
2871.9, -16, -20
2872, -16, -20
2872.1, -16, -20
2872.2, -16, -20
2872.3, -16, -20
2872.4, -16, -20
2872.5, -16, -20
2872.6, -16, -20
2872.7, -16, -20
2872.8, -16, -20
2872.9, -16, -20
2873, -16, -20
2873.1, -16, -20
2873.2, -16, -20
2873.3, -16, -20
2873.4, -16, -20
2873.5, -16, -20
2873.6, -16, -20
2873.7, -16, -20
2873.8, -16, -20
2873.9, -16, -20
2874, -16, -20
2874.1, -16, -20
2874.2, -16, -20
2874.3, -16, -20
2874.4, -16, -20
2874.5, -16, -20
2874.6, -16, -20
2874.7, -16, -20
2874.8, -16, -20
2874.9, -16, -20
2875, -16, -20
2875.1, -16, -20
2875.2, -16, -20
2875.3, -16, -20
2875.4, -16, -20
2875.5, -16, -20
2875.6, -16, -20
2875.7, -16, -20
2875.8, -16, -20
2875.9, -16, -20
2876, -16, -20
2876.1, -16, -20
2876.2, -16, -20
2876.3, -16, -20
2876.4, -16, -20
2876.5, -16, -20
2876.6, -16, -20
2876.7, -15, -20
2876.8, -15, -20
2876.9, -15, -20
2877, -15, -20
2877.1, -15, -20
2877.2, -15, -20
2877.3, -15, -20
2877.4, -15, -20
2877.5, -15, -20
2877.6, -15, -20
2877.7, -15, -20
2877.8, -15, -20
2877.9, -15, -20
2878, -15, -20
2878.1, -15, -20
2878.2, -15, -20
2878.3, -15, -20
2878.4, -15, -20
2878.5, -15, -20
2878.6, -15, -20
2878.7, -15, -20
2878.8, -15, -20
2878.9, -15, -20
2879, -15, -20
2879.1, -14, -20
2879.2, -14, -20
2879.3, -14, -20
2879.4, -14, -20
2879.5, -14, -20
2879.6, -14, -20
2879.7, -14, -20
2879.8, -14, -20
2879.9, -14, -20
2880, -14, -20
2880.1, -14, -20
2880.2, -14, -20
2880.3, -14, -20
2880.4, -14, -20
2880.5, -14, -20
2880.6, -14, -20
2880.7, -14, -20
2880.8, -14, -20
2880.9, -14, -20
2881, -14, -20
2881.1, -14, -20
2881.2, -14, -20
2881.3, -14, -20
2881.4, -14, -20
2881.5, -14, -20
2881.6, -14, -20
2881.7, -14, -20
2881.8, -14, -20
2881.9, -14, -19
2882, -14, -19
2882.1, -14, -19
2882.2, -14, -19
2882.3, -14, -19
2882.4, -14, -19
2882.5, -14, -19
2882.6, -14, -19
2882.7, -14, -19
2882.8, -14, -19
2882.9, -14, -19
2883, -14, -19
2883.1, -14, -19
2883.2, -14, -19
2883.3, -14, -19
2883.4, -14, -19
2883.5, -14, -19
2883.6, -14, -19
2883.7, -14, -19
2883.8, -14, -19
2883.9, -14, -19
2884, -14, -19
2884.1, -14, -19
2884.2, -14, -19
2884.3, -14, -19
2884.4, -14, -19
2884.5, -14, -19
2884.6, -14, -19
2884.7, -14, -19
2884.8, -14, -19
2884.9, -14, -19
2885, -14, -19
2885.1, -14, -19
2885.2, -14, -19
2885.3, -13, -19
2885.4, -13, -19
2885.5, -13, -19
2885.6, -13, -19
2885.7, -13, -19
2885.8, -13, -19
2885.9, -13, -19
2886, -13, -19
2886.1, -12, -19
2886.2, -12, -19
2886.3, -12, -19
2886.4, -12, -19
2886.5, -12, -19
2886.6, -12, -19
2886.7, -12, -19
2886.8, -12, -19
2886.9, -13, -19
2887, -13, -19
2887.1, -13, -19
2887.2, -13, -19
2887.3, -13, -19
2887.4, -13, -19
2887.5, -13, -19
2887.6, -13, -19
2887.7, -12, -19
2887.8, -12, -19
2887.9, -12, -19
2888, -12, -19
2888.1, -12, -19
2888.2, -12, -19
2888.3, -12, -19
2888.4, -12, -19
2888.5, -12, -19
2888.6, -12, -19
2888.7, -12, -19
2888.8, -12, -19
2888.9, -12, -19
2889, -12, -19
2889.1, -12, -19
2889.2, -12, -19
2889.3, -12, -19
2889.4, -12, -19
2889.5, -12, -19
2889.6, -12, -19
2889.7, -12, -19
2889.8, -12, -19
2889.9, -12, -19
2890, -12, -19
2890.1, -12, -19
2890.2, -12, -19
2890.3, -12, -19
2890.4, -12, -19
2890.5, -12, -19
2890.6, -12, -19
2890.7, -12, -19
2890.8, -12, -19
2890.9, -12, -19
2891, -12, -19
2891.1, -12, -19
2891.2, -12, -19
2891.3, -12, -19
2891.4, -12, -19
2891.5, -12, -19
2891.6, -12, -19
2891.7, -12, -19
2891.8, -12, -19
2891.9, -12, -19
2892, -12, -19
2892.1, -12, -19
2892.2, -12, -19
2892.3, -12, -19
2892.4, -12, -19
2892.5, -12, -19
2892.6, -12, -19
2892.7, -12, -19
2892.8, -12, -19
2892.9, -12, -19
2893, -12, -19
2893.1, -12, -19
2893.2, -12, -19
2893.3, -12, -19
2893.4, -12, -19
2893.5, -12, -19
2893.6, -12, -19
2893.7, -12, -19
2893.8, -12, -19
2893.9, -12, -19
2894, -12, -19
2894.1, -12, -19
2894.2, -12, -19
2894.3, -12, -20
2894.4, -12, -20
2894.5, -12, -20
2894.6, -12, -20
2894.7, -12, -20
2894.8, -12, -20
2894.9, -12, -20
2895, -12, -20
2895.1, -12, -20
2895.2, -12, -20
2895.3, -12, -20
2895.4, -12, -20
2895.5, -12, -20
2895.6, -12, -20
2895.7, -12, -20
2895.8, -12, -20
2895.9, -12, -20
2896, -12, -20
2896.1, -12, -20
2896.2, -12, -20
2896.3, -12, -20
2896.4, -12, -20
2896.5, -12, -20
2896.6, -12, -20
2896.7, -12, -20
2896.8, -12, -20
2896.9, -12, -20
2897, -12, -20
2897.1, -12, -20
2897.2, -12, -20
2897.3, -12, -20
2897.4, -12, -20
2897.5, -12, -20
2897.6, -12, -20
2897.7, -12, -20
2897.8, -12, -20
2897.9, -12, -20
2898, -12, -20
2898.1, -12, -20
2898.2, -12, -20
2898.3, -12, -20
2898.4, -12, -20
2898.5, -12, -20
2898.6, -12, -20
2898.7, -12, -20
2898.8, -12, -20
2898.9, -12, -20
2899, -12, -20
2899.1, -12, -20
2899.2, -12, -20
2899.3, -12, -19
2899.4, -12, -19
2899.5, -12, -19
2899.6, -12, -19
2899.7, -12, -19
2899.8, -12, -19
2899.9, -12, -19
2900, -12, -19
2900.1, -12, -19
2900.2, -12, -19
2900.3, -13, -19
2900.4, -13, -19
2900.5, -13, -19
2900.6, -13, -19
2900.7, -13, -19
2900.8, -13, -19
2900.9, -13, -19
2901, -13, -19
2901.1, -13, -19
2901.2, -13, -19
2901.3, -13, -19
2901.4, -13, -19
2901.5, -13, -19
2901.6, -13, -19
2901.7, -13, -19
2901.8, -13, -19
2901.9, -13, -19
2902, -13, -19
2902.1, -13, -19
2902.2, -13, -19
2902.3, -13, -19
2902.4, -13, -19
2902.5, -13, -19
2902.6, -13, -19
2902.7, -13, -18
2902.8, -13, -18
2902.9, -13, -18
2903, -13, -18
2903.1, -13, -18
2903.2, -13, -18
2903.3, -13, -18
2903.4, -13, -18
2903.5, -13, -18
2903.6, -13, -18
2903.7, -13, -18
2903.8, -13, -18
2903.9, -13, -18
2904, -13, -18
2904.1, -13, -18
2904.2, -13, -18
2904.3, -13, -18
2904.4, -13, -18
2904.5, -13, -18
2904.6, -13, -18
2904.7, -13, -18
2904.8, -13, -18
2904.9, -13, -18
2905, -13, -18
2905.1, -13, -18
2905.2, -13, -18
2905.3, -13, -18
2905.4, -13, -18
2905.5, -13, -18
2905.6, -13, -18
2905.7, -13, -18
2905.8, -13, -18
2905.9, -13, -18
2906, -13, -18
2906.1, -13, -18
2906.2, -13, -18
2906.3, -13, -18
2906.4, -13, -18
2906.5, -13, -18
2906.6, -13, -18
2906.7, -13, -18
2906.8, -13, -18
2906.9, -13, -18
2907, -13, -18
2907.1, -13, -19
2907.2, -13, -19
2907.3, -13, -19
2907.4, -13, -19
2907.5, -13, -19
2907.6, -13, -19
2907.7, -13, -19
2907.8, -13, -19
2907.9, -13, -19
2908, -13, -19
2908.1, -13, -19
2908.2, -13, -19
2908.3, -13, -19
2908.4, -13, -19
2908.5, -13, -19
2908.6, -13, -19
2908.7, -13, -19
2908.8, -13, -19
2908.9, -13, -19
2909, -13, -19
2909.1, -13, -19
2909.2, -13, -19
2909.3, -13, -19
2909.4, -13, -19
2909.5, -13, -19
2909.6, -13, -19
2909.7, -13, -19
2909.8, -13, -19
2909.9, -13, -19
2910, -13, -19
2910.1, -13, -19
2910.2, -13, -19
2910.3, -13, -19
2910.4, -13, -19
2910.5, -14, -19
2910.6, -14, -19
2910.7, -14, -19
2910.8, -14, -19
2910.9, -14, -19
2911, -14, -19
2911.1, -14, -19
2911.2, -14, -19
2911.3, -14, -19
2911.4, -14, -19
2911.5, -14, -19
2911.6, -14, -19
2911.7, -14, -19
2911.8, -14, -19
2911.9, -14, -19
2912, -14, -19
2912.1, -14, -19
2912.2, -14, -19
2912.3, -14, -19
2912.4, -14, -19
2912.5, -14, -19
2912.6, -14, -19
2912.7, -14, -19
2912.8, -14, -19
2912.9, -14, -19
2913, -14, -19
2913.1, -14, -19
2913.2, -14, -19
2913.3, -14, -19
2913.4, -14, -19
2913.5, -14, -19
2913.6, -14, -19
2913.7, -14, -19
2913.8, -14, -19
2913.9, -14, -19
2914, -14, -19
2914.1, -15, -19
2914.2, -15, -19
2914.3, -15, -19
2914.4, -15, -19
2914.5, -15, -19
2914.6, -15, -19
2914.7, -15, -19
2914.8, -15, -19
2914.9, -15, -19
2915, -15, -19
2915.1, -15, -19
2915.2, -15, -19
2915.3, -15, -19
2915.4, -15, -19
2915.5, -15, -19
2915.6, -15, -19
2915.7, -15, -19
2915.8, -15, -19
2915.9, -15, -19
2916, -15, -19
2916.1, -15, -19
2916.2, -15, -19
2916.3, -15, -19
2916.4, -15, -19
2916.5, -15, -19
2916.6, -15, -19
2916.7, -15, -19
2916.8, -15, -19
2916.9, -15, -19
2917, -15, -19
2917.1, -15, -19
2917.2, -15, -19
2917.3, -15, -20
2917.4, -15, -20
2917.5, -15, -20
2917.6, -15, -20
2917.7, -15, -20
2917.8, -15, -20
2917.9, -15, -20
2918, -15, -20
2918.1, -15, -20
2918.2, -15, -20
2918.3, -15, -20
2918.4, -15, -20
2918.5, -15, -20
2918.6, -15, -20
2918.7, -15, -20
2918.8, -15, -20
2918.9, -15, -20
2919, -15, -20
2919.1, -15, -19
2919.2, -15, -19
2919.3, -15, -19
2919.4, -15, -19
2919.5, -15, -19
2919.6, -15, -19
2919.7, -15, -19
2919.8, -15, -19
2919.9, -15, -19
2920, -15, -19
2920.1, -15, -19
2920.2, -15, -19
2920.3, -15, -19
2920.4, -15, -19
2920.5, -15, -19
2920.6, -15, -19
2920.7, -15, -19
2920.8, -15, -19
2920.9, -15, -19
2921, -15, -19
2921.1, -15, -19
2921.2, -15, -19
2921.3, -15, -19
2921.4, -15, -19
2921.5, -15, -19
2921.6, -15, -19
2921.7, -15, -19
2921.8, -15, -19
2921.9, -15, -19
2922, -15, -19
2922.1, -15, -19
2922.2, -15, -19
2922.3, -15, -19
2922.4, -15, -19
2922.5, -15, -19
2922.6, -15, -19
2922.7, -15, -19
2922.8, -15, -19
2922.9, -15, -19
2923, -15, -19
2923.1, -15, -19
2923.2, -15, -19
2923.3, -15, -19
2923.4, -15, -19
2923.5, -15, -19
2923.6, -15, -19
2923.7, -15, -19
2923.8, -15, -19
2923.9, -15, -19
2924, -15, -19
2924.1, -15, -19
2924.2, -15, -19
2924.3, -15, -19
2924.4, -15, -19
2924.5, -15, -18
2924.6, -15, -18
2924.7, -15, -18
2924.8, -15, -18
2924.9, -15, -18
2925, -15, -18
2925.1, -15, -18
2925.2, -15, -18
2925.3, -15, -18
2925.4, -15, -18
2925.5, -15, -18
2925.6, -15, -18
2925.7, -15, -18
2925.8, -15, -18
2925.9, -15, -18
2926, -15, -18
2926.1, -15, -18
2926.2, -15, -18
2926.3, -15, -18
2926.4, -15, -18
2926.5, -15, -18
2926.6, -15, -18
2926.7, -15, -18
2926.8, -15, -18
2926.9, -15, -18
2927, -15, -18
2927.1, -15, -18
2927.2, -15, -18
2927.3, -15, -18
2927.4, -15, -18
2927.5, -15, -18
2927.6, -15, -18
2927.7, -15, -18
2927.8, -15, -18
2927.9, -15, -18
2928, -15, -18
2928.1, -15, -18
2928.2, -15, -18
2928.3, -15, -18
2928.4, -15, -18
2928.5, -15, -18
2928.6, -15, -18
2928.7, -15, -18
2928.8, -15, -18
2928.9, -16, -18
2929, -16, -18
2929.1, -16, -18
2929.2, -16, -18
2929.3, -16, -18
2929.4, -16, -18
2929.5, -16, -18
2929.6, -16, -18
2929.7, -16, -18
2929.8, -16, -18
2929.9, -16, -18
2930, -16, -18
2930.1, -16, -18
2930.2, -16, -18
2930.3, -16, -18
2930.4, -16, -18
2930.5, -15, -18
2930.6, -15, -18
2930.7, -15, -18
2930.8, -15, -18
2930.9, -15, -18
2931, -15, -18
2931.1, -15, -18
2931.2, -15, -18
2931.3, -15, -18
2931.4, -15, -18
2931.5, -15, -18
2931.6, -15, -18
2931.7, -15, -18
2931.8, -15, -18
2931.9, -15, -18
2932, -15, -18
2932.1, -15, -18
2932.2, -15, -18
2932.3, -15, -18
2932.4, -15, -18
2932.5, -15, -18
2932.6, -15, -18
2932.7, -15, -18
2932.8, -15, -18
2932.9, -15, -18
2933, -15, -18
2933.1, -15, -18
2933.2, -15, -18
2933.3, -15, -19
2933.4, -15, -19
2933.5, -16, -19
2933.6, -16, -19
2933.7, -16, -19
2933.8, -16, -19
2933.9, -16, -19
2934, -16, -19
2934.1, -16, -19
2934.2, -16, -19
2934.3, -16, -19
2934.4, -16, -19
2934.5, -16, -19
2934.6, -16, -19
2934.7, -16, -19
2934.8, -16, -19
2934.9, -16, -19
2935, -16, -19
2935.1, -16, -19
2935.2, -16, -19
2935.3, -16, -19
2935.4, -16, -19
2935.5, -16, -19
2935.6, -16, -19
2935.7, -16, -19
2935.8, -16, -19
2935.9, -16, -19
2936, -16, -19
2936.1, -16, -18
2936.2, -16, -18
2936.3, -16, -19
2936.4, -16, -19
2936.5, -16, -19
2936.6, -16, -19
2936.7, -16, -19
2936.8, -16, -19
2936.9, -16, -19
2937, -16, -19
2937.1, -16, -19
2937.2, -16, -19
2937.3, -16, -19
2937.4, -16, -19
2937.5, -16, -19
2937.6, -16, -19
2937.7, -16, -19
2937.8, -16, -19
2937.9, -16, -19
2938, -16, -19
2938.1, -16, -19
2938.2, -16, -19
2938.3, -16, -19
2938.4, -16, -19
2938.5, -16, -19
2938.6, -16, -19
2938.7, -16, -19
2938.8, -16, -19
2938.9, -17, -19
2939, -17, -19
2939.1, -17, -19
2939.2, -17, -19
2939.3, -17, -19
2939.4, -17, -19
2939.5, -17, -19
2939.6, -17, -19
2939.7, -17, -19
2939.8, -17, -19
2939.9, -17, -19
2940, -17, -19
2940.1, -17, -19
2940.2, -17, -19
2940.3, -17, -19
2940.4, -17, -19
2940.5, -17, -19
2940.6, -17, -19
2940.7, -17, -19
2940.8, -17, -19
2940.9, -17, -19
2941, -17, -19
2941.1, -17, -19
2941.2, -17, -19
2941.3, -18, -19
2941.4, -18, -19
2941.5, -18, -19
2941.6, -18, -19
2941.7, -18, -19
2941.8, -18, -19
2941.9, -18, -19
2942, -18, -19
2942.1, -18, -19
2942.2, -18, -19
2942.3, -18, -19
2942.4, -18, -19
2942.5, -18, -19
2942.6, -18, -19
2942.7, -18, -18
2942.8, -18, -18
2942.9, -18, -18
2943, -18, -18
2943.1, -18, -18
2943.2, -18, -18
2943.3, -18, -18
2943.4, -18, -18
2943.5, -18, -18
2943.6, -18, -18
2943.7, -18, -18
2943.8, -18, -18
2943.9, -18, -18
2944, -18, -18
2944.1, -18, -17
2944.2, -18, -17
2944.3, -18, -17
2944.4, -18, -17
2944.5, -18, -17
2944.6, -18, -17
2944.7, -18, -17
2944.8, -18, -17
2944.9, -18, -17
2945, -18, -17
2945.1, -18, -17
2945.2, -18, -17
2945.3, -18, -17
2945.4, -18, -17
2945.5, -18, -17
2945.6, -18, -17
2945.7, -18, -17
2945.8, -18, -17
2945.9, -18, -17
2946, -18, -17
2946.1, -18, -16
2946.2, -18, -16
2946.3, -17, -16
2946.4, -17, -16
2946.5, -17, -16
2946.6, -17, -16
2946.7, -17, -17
2946.8, -17, -17
2946.9, -17, -17
2947, -17, -17
2947.1, -17, -17
2947.2, -17, -17
2947.3, -17, -17
2947.4, -17, -17
2947.5, -17, -17
2947.6, -17, -17
2947.7, -17, -17
2947.8, -17, -17
2947.9, -17, -17
2948, -17, -17
2948.1, -17, -17
2948.2, -17, -17
2948.3, -17, -17
2948.4, -17, -17
2948.5, -17, -17
2948.6, -17, -17
2948.7, -17, -17
2948.8, -17, -17
2948.9, -17, -17
2949, -17, -17
2949.1, -17, -17
2949.2, -17, -17
2949.3, -17, -17
2949.4, -17, -17
2949.5, -17, -17
2949.6, -17, -17
2949.7, -17, -17
2949.8, -17, -17
2949.9, -17, -17
2950, -17, -17
2950.1, -17, -17
2950.2, -17, -17
2950.3, -17, -17
2950.4, -17, -17
2950.5, -17, -17
2950.6, -17, -17
2950.7, -17, -17
2950.8, -17, -17
2950.9, -17, -17
2951, -17, -17
2951.1, -17, -17
2951.2, -17, -17
2951.3, -17, -17
2951.4, -17, -17
2951.5, -17, -17
2951.6, -17, -17
2951.7, -17, -17
2951.8, -17, -17
2951.9, -17, -17
2952, -17, -17
2952.1, -17, -17
2952.2, -17, -17
2952.3, -17, -17
2952.4, -17, -17
2952.5, -17, -17
2952.6, -17, -17
2952.7, -17, -17
2952.8, -17, -17
2952.9, -17, -17
2953, -17, -17
2953.1, -17, -17
2953.2, -17, -17
2953.3, -17, -17
2953.4, -17, -17
2953.5, -17, -17
2953.6, -17, -17
2953.7, -17, -17
2953.8, -17, -17
2953.9, -17, -17
2954, -17, -17
2954.1, -17, -17
2954.2, -17, -17
2954.3, -17, -17
2954.4, -17, -17
2954.5, -17, -17
2954.6, -17, -17
2954.7, -17, -17
2954.8, -17, -17
2954.9, -17, -17
2955, -17, -17
2955.1, -17, -17
2955.2, -17, -17
2955.3, -17, -17
2955.4, -17, -17
2955.5, -17, -17
2955.6, -17, -17
2955.7, -17, -17
2955.8, -17, -17
2955.9, -17, -17
2956, -17, -17
2956.1, -17, -17
2956.2, -17, -17
2956.3, -17, -17
2956.4, -17, -17
2956.5, -17, -17
2956.6, -17, -17
2956.7, -17, -17
2956.8, -17, -17
2956.9, -17, -17
2957, -17, -17
2957.1, -17, -17
2957.2, -17, -17
2957.3, -17, -17
2957.4, -17, -17
2957.5, -17, -17
2957.6, -17, -17
2957.7, -17, -17
2957.8, -17, -17
2957.9, -17, -17
2958, -17, -17
2958.1, -17, -17
2958.2, -17, -17
2958.3, -18, -17
2958.4, -18, -17
2958.5, -18, -17
2958.6, -18, -17
2958.7, -18, -17
2958.8, -18, -17
2958.9, -18, -17
2959, -18, -17
2959.1, -18, -17
2959.2, -18, -17
2959.3, -18, -17
2959.4, -18, -17
2959.5, -18, -18
2959.6, -18, -18
2959.7, -18, -18
2959.8, -18, -18
2959.9, -18, -18
2960, -18, -18
2960.1, -18, -18
2960.2, -18, -18
2960.3, -18, -18
2960.4, -18, -18
2960.5, -18, -18
2960.6, -18, -18
2960.7, -18, -18
2960.8, -18, -18
2960.9, -18, -18
2961, -18, -18
2961.1, -18, -18
2961.2, -18, -18
2961.3, -18, -18
2961.4, -18, -18
2961.5, -18, -18
2961.6, -18, -18
2961.7, -18, -18
2961.8, -18, -18
2961.9, -18, -18
2962, -18, -18
2962.1, -18, -18
2962.2, -18, -18
2962.3, -18, -18
2962.4, -18, -18
2962.5, -18, -18
2962.6, -18, -18
2962.7, -18, -18
2962.8, -18, -18
2962.9, -18, -18
2963, -18, -18
2963.1, -18, -18
2963.2, -18, -18
2963.3, -18, -18
2963.4, -18, -18
2963.5, -18, -18
2963.6, -18, -18
2963.7, -18, -18
2963.8, -18, -18
2963.9, -18, -18
2964, -18, -18
2964.1, -18, -18
2964.2, -18, -18
2964.3, -18, -18
2964.4, -18, -18
2964.5, -18, -18
2964.6, -18, -18
2964.7, -18, -18
2964.8, -18, -18
2964.9, -18, -18
2965, -18, -18
2965.1, -18, -18
2965.2, -18, -18
2965.3, -18, -18
2965.4, -18, -18
2965.5, -18, -18
2965.6, -18, -18
2965.7, -18, -18
2965.8, -18, -18
2965.9, -18, -18
2966, -18, -18
2966.1, -18, -18
2966.2, -18, -18
2966.3, -18, -18
2966.4, -18, -18
2966.5, -18, -18
2966.6, -18, -18
2966.7, -18, -18
2966.8, -18, -18
2966.9, -18, -18
2967, -18, -18
2967.1, -17, -18
2967.2, -17, -18
2967.3, -17, -18
2967.4, -17, -18
2967.5, -17, -18
2967.6, -17, -18
2967.7, -17, -18
2967.8, -17, -18
2967.9, -17, -18
2968, -17, -18
2968.1, -17, -18
2968.2, -17, -18
2968.3, -17, -18
2968.4, -17, -18
2968.5, -17, -18
2968.6, -17, -18
2968.7, -17, -18
2968.8, -17, -18
2968.9, -17, -18
2969, -17, -18
2969.1, -17, -18
2969.2, -17, -18
2969.3, -17, -18
2969.4, -17, -18
2969.5, -17, -18
2969.6, -17, -18
2969.7, -17, -18
2969.8, -17, -18
2969.9, -17, -18
2970, -17, -18
2970.1, -17, -18
2970.2, -17, -18
2970.3, -17, -18
2970.4, -17, -18
2970.5, -17, -18
2970.6, -17, -18
2970.7, -17, -18
2970.8, -17, -18
2970.9, -17, -18
2971, -17, -18
2971.1, -17, -18
2971.2, -17, -18
2971.3, -17, -18
2971.4, -17, -18
2971.5, -17, -18
2971.6, -17, -18
2971.7, -17, -18
2971.8, -17, -18
2971.9, -18, -18
2972, -18, -18
2972.1, -18, -18
2972.2, -18, -18
2972.3, -18, -18
2972.4, -18, -18
2972.5, -18, -18
2972.6, -18, -18
2972.7, -18, -18
2972.8, -18, -18
2972.9, -18, -18
2973, -18, -18
2973.1, -18, -18
2973.2, -18, -18
2973.3, -18, -18
2973.4, -18, -18
2973.5, -18, -18
2973.6, -18, -18
2973.7, -18, -18
2973.8, -18, -18
2973.9, -18, -18
2974, -18, -18
2974.1, -18, -18
2974.2, -18, -18
2974.3, -18, -18
2974.4, -18, -18
2974.5, -18, -18
2974.6, -18, -18
2974.7, -18, -18
2974.8, -18, -18
2974.9, -18, -18
2975, -18, -18
2975.1, -18, -18
2975.2, -18, -18
2975.3, -18, -18
2975.4, -18, -18
2975.5, -18, -18
2975.6, -18, -18
2975.7, -18, -18
2975.8, -18, -18
2975.9, -18, -18
2976, -18, -18
2976.1, -18, -18
2976.2, -18, -18
2976.3, -18, -18
2976.4, -18, -18
2976.5, -18, -18
2976.6, -18, -18
2976.7, -18, -18
2976.8, -18, -18
2976.9, -18, -18
2977, -18, -18
2977.1, -18, -18
2977.2, -18, -18
2977.3, -18, -18
2977.4, -18, -18
2977.5, -17, -18
2977.6, -17, -18
2977.7, -17, -18
2977.8, -17, -18
2977.9, -17, -18
2978, -17, -18
2978.1, -17, -19
2978.2, -17, -19
2978.3, -17, -19
2978.4, -17, -19
2978.5, -17, -19
2978.6, -17, -19
2978.7, -17, -19
2978.8, -17, -19
2978.9, -17, -19
2979, -17, -19
2979.1, -17, -19
2979.2, -17, -19
2979.3, -17, -19
2979.4, -17, -19
2979.5, -17, -19
2979.6, -17, -19
2979.7, -16, -19
2979.8, -16, -19
2979.9, -16, -19
2980, -16, -19
2980.1, -16, -19
2980.2, -16, -19
2980.3, -16, -19
2980.4, -16, -19
2980.5, -16, -19
2980.6, -16, -19
2980.7, -16, -19
2980.8, -16, -19
2980.9, -16, -19
2981, -16, -19
2981.1, -16, -19
2981.2, -16, -19
2981.3, -16, -19
2981.4, -16, -19
2981.5, -16, -19
2981.6, -16, -19
2981.7, -16, -19
2981.8, -16, -19
2981.9, -16, -19
2982, -16, -19
2982.1, -16, -18
2982.2, -16, -18
2982.3, -16, -18
2982.4, -16, -18
2982.5, -16, -18
2982.6, -16, -18
2982.7, -16, -18
2982.8, -16, -18
2982.9, -16, -18
2983, -16, -18
2983.1, -16, -18
2983.2, -16, -18
2983.3, -16, -18
2983.4, -16, -18
2983.5, -16, -18
2983.6, -16, -18
2983.7, -16, -18
2983.8, -16, -18
2983.9, -16, -18
2984, -16, -18
2984.1, -16, -18
2984.2, -16, -18
2984.3, -16, -18
2984.4, -16, -18
2984.5, -16, -18
2984.6, -16, -18
2984.7, -16, -18
2984.8, -16, -18
2984.9, -16, -18
2985, -16, -18
2985.1, -16, -18
2985.2, -16, -18
2985.3, -16, -18
2985.4, -16, -18
2985.5, -16, -18
2985.6, -16, -18
2985.7, -16, -18
2985.8, -16, -18
2985.9, -16, -18
2986, -16, -18
2986.1, -16, -18
2986.2, -16, -18
2986.3, -16, -18
2986.4, -16, -18
2986.5, -16, -18
2986.6, -16, -18
2986.7, -15, -18
2986.8, -15, -18
2986.9, -15, -18
2987, -15, -18
2987.1, -15, -18
2987.2, -15, -18
2987.3, -15, -18
2987.4, -15, -18
2987.5, -15, -18
2987.6, -15, -18
2987.7, -15, -18
2987.8, -15, -18
2987.9, -15, -18
2988, -15, -18
2988.1, -15, -18
2988.2, -15, -18
2988.3, -15, -18
2988.4, -15, -18
2988.5, -15, -18
2988.6, -15, -18
2988.7, -15, -18
2988.8, -15, -18
2988.9, -15, -18
2989, -15, -18
2989.1, -15, -18
2989.2, -15, -18
2989.3, -15, -18
2989.4, -15, -18
2989.5, -15, -18
2989.6, -15, -18
2989.7, -15, -18
2989.8, -15, -18
2989.9, -15, -18
2990, -15, -18
2990.1, -15, -17
2990.2, -15, -17
2990.3, -15, -16
2990.4, -15, -16
2990.5, -14, -16
2990.6, -14, -16
2990.7, -14, -16
2990.8, -14, -16
2990.9, -14, -16
2991, -14, -16
2991.1, -14, -16
2991.2, -14, -16
2991.3, -14, -16
2991.4, -14, -16
2991.5, -14, -16
2991.6, -14, -16
2991.7, -14, -16
2991.8, -14, -16
2991.9, -14, -16
2992, -14, -16
2992.1, -14, -16
2992.2, -14, -16
2992.3, -14, -16
2992.4, -14, -16
2992.5, -14, -16
2992.6, -14, -16
2992.7, -14, -16
2992.8, -14, -16
2992.9, -14, -16
2993, -14, -16
2993.1, -14, -16
2993.2, -14, -16
2993.3, -14, -16
2993.4, -14, -16
2993.5, -14, -16
2993.6, -14, -16
2993.7, -14, -17
2993.8, -14, -17
2993.9, -14, -17
2994, -14, -17
2994.1, -14, -17
2994.2, -14, -17
2994.3, -13, -17
2994.4, -13, -17
2994.5, -13, -17
2994.6, -13, -17
2994.7, -13, -17
2994.8, -13, -17
2994.9, -13, -17
2995, -13, -17
2995.1, -13, -17
2995.2, -13, -17
2995.3, -13, -17
2995.4, -13, -17
2995.5, -13, -17
2995.6, -13, -17
2995.7, -13, -17
2995.8, -13, -17
2995.9, -13, -17
2996, -13, -17
2996.1, -13, -18
2996.2, -13, -18
2996.3, -13, -18
2996.4, -13, -18
2996.5, -13, -18
2996.6, -13, -18
2996.7, -13, -18
2996.8, -13, -18
2996.9, -14, -18
2997, -14, -18
2997.1, -14, -18
2997.2, -14, -18
2997.3, -14, -18
2997.4, -14, -18
2997.5, -14, -18
2997.6, -14, -18
2997.7, -14, -18
2997.8, -14, -18
2997.9, -14, -18
2998, -14, -18
2998.1, -14, -18
2998.2, -14, -18
2998.3, -14, -18
2998.4, -14, -18
2998.5, -14, -18
2998.6, -14, -18
2998.7, -14, -18
2998.8, -14, -18
2998.9, -14, -18
2999, -14, -18
2999.1, -14, -18
2999.2, -14, -18
2999.3, -14, -18
2999.4, -14, -18
2999.5, -14, -18
2999.6, -14, -18
2999.7, -14, -18
2999.8, -14, -18
2999.9, -14, -18
3000, -14, -18
3000.1, -14, -18
3000.2, -14, -18
3000.3, -14, -18
3000.4, -14, -18
3000.5, -14, -18
3000.6, -14, -18
3000.7, -14, -18
3000.8, -14, -18
3000.9, -14, -19
3001, -14, -19
3001.1, -15, -19
3001.2, -15, -19
3001.3, -15, -19
3001.4, -15, -19
3001.5, -15, -19
3001.6, -15, -19
3001.7, -15, -19
3001.8, -15, -19
3001.9, -15, -19
3002, -15, -19
3002.1, -15, -19
3002.2, -15, -19
3002.3, -15, -19
3002.4, -15, -19
3002.5, -15, -20
3002.6, -15, -20
3002.7, -15, -20
3002.8, -15, -20
3002.9, -15, -20
3003, -15, -20
3003.1, -15, -20
3003.2, -15, -20
3003.3, -15, -20
3003.4, -15, -20
3003.5, -15, -20
3003.6, -15, -20
3003.7, -15, -20
3003.8, -15, -20
3003.9, -15, -20
3004, -15, -20
3004.1, -15, -20
3004.2, -15, -20
3004.3, -15, -20
3004.4, -15, -20
3004.5, -15, -20
3004.6, -15, -20
3004.7, -15, -20
3004.8, -15, -20
3004.9, -15, -20
3005, -15, -20
3005.1, -15, -20
3005.2, -15, -20
3005.3, -15, -20
3005.4, -15, -20
3005.5, -15, -20
3005.6, -15, -20
3005.7, -15, -20
3005.8, -15, -20
3005.9, -15, -20
3006, -15, -20
3006.1, -15, -20
3006.2, -15, -20
3006.3, -15, -20
3006.4, -15, -20
3006.5, -15, -20
3006.6, -15, -20
3006.7, -15, -19
3006.8, -15, -19
3006.9, -15, -19
3007, -15, -19
3007.1, -15, -19
3007.2, -15, -19
3007.3, -15, -19
3007.4, -15, -19
3007.5, -15, -19
3007.6, -15, -19
3007.7, -15, -19
3007.8, -15, -19
3007.9, -15, -19
3008, -15, -19
3008.1, -15, -19
3008.2, -15, -19
3008.3, -15, -19
3008.4, -15, -19
3008.5, -15, -19
3008.6, -15, -19
3008.7, -15, -19
3008.8, -15, -19
3008.9, -15, -19
3009, -15, -19
3009.1, -16, -19
3009.2, -16, -19
3009.3, -16, -19
3009.4, -16, -19
3009.5, -17, -19
3009.6, -17, -19
3009.7, -17, -19
3009.8, -17, -19
3009.9, -17, -19
3010, -17, -19
3010.1, -17, -19
3010.2, -17, -19
3010.3, -17, -19
3010.4, -17, -19
3010.5, -17, -19
3010.6, -17, -19
3010.7, -17, -20
3010.8, -17, -20
3010.9, -17, -20
3011, -17, -20
3011.1, -17, -21
3011.2, -17, -21
3011.3, -17, -21
3011.4, -17, -21
3011.5, -17, -21
3011.6, -17, -21
3011.7, -17, -21
3011.8, -17, -21
3011.9, -17, -21
3012, -17, -21
3012.1, -17, -21
3012.2, -17, -21
3012.3, -17, -21
3012.4, -17, -21
3012.5, -17, -21
3012.6, -17, -21
3012.7, -17, -21
3012.8, -17, -21
3012.9, -17, -21
3013, -17, -21
3013.1, -17, -21
3013.2, -17, -21
3013.3, -17, -21
3013.4, -17, -21
3013.5, -17, -21
3013.6, -17, -21
3013.7, -17, -21
3013.8, -17, -21
3013.9, -17, -21
3014, -17, -21
3014.1, -17, -21
3014.2, -17, -21
3014.3, -17, -21
3014.4, -17, -21
3014.5, -17, -21
3014.6, -17, -21
3014.7, -17, -21
3014.8, -17, -21
3014.9, -17, -21
3015, -17, -21
3015.1, -17, -21
3015.2, -17, -21
3015.3, -18, -21
3015.4, -18, -21
3015.5, -18, -21
3015.6, -18, -21
3015.7, -18, -21
3015.8, -18, -21
3015.9, -18, -21
3016, -18, -21
3016.1, -18, -21
3016.2, -18, -21
3016.3, -18, -21
3016.4, -18, -21
3016.5, -18, -21
3016.6, -18, -21
3016.7, -18, -21
3016.8, -18, -21
3016.9, -18, -21
3017, -18, -21
3017.1, -18, -21
3017.2, -18, -21
3017.3, -18, -21
3017.4, -18, -21
3017.5, -18, -21
3017.6, -18, -21
3017.7, -18, -21
3017.8, -18, -21
3017.9, -18, -21
3018, -18, -21
3018.1, -18, -21
3018.2, -18, -21
3018.3, -18, -21
3018.4, -18, -21
3018.5, -18, -21
3018.6, -18, -21
3018.7, -18, -21
3018.8, -18, -21
3018.9, -18, -21
3019, -18, -21
3019.1, -18, -21
3019.2, -18, -21
3019.3, -18, -21
3019.4, -18, -21
3019.5, -18, -21
3019.6, -18, -21
3019.7, -18, -21
3019.8, -18, -21
3019.9, -18, -21
3020, -18, -21
3020.1, -18, -21
3020.2, -18, -21
3020.3, -18, -21
3020.4, -18, -21
3020.5, -18, -21
3020.6, -18, -21
3020.7, -18, -21
3020.8, -18, -21
3020.9, -18, -21
3021, -18, -21
3021.1, -18, -21
3021.2, -18, -21
3021.3, -18, -21
3021.4, -18, -21
3021.5, -18, -21
3021.6, -18, -21
3021.7, -18, -21
3021.8, -18, -21
3021.9, -17, -21
3022, -17, -21
3022.1, -17, -21
3022.2, -17, -21
3022.3, -17, -21
3022.4, -17, -21
3022.5, -18, -21
3022.6, -18, -21
3022.7, -18, -21
3022.8, -18, -21
3022.9, -18, -21
3023, -18, -21
3023.1, -18, -21
3023.2, -18, -21
3023.3, -18, -21
3023.4, -18, -21
3023.5, -18, -21
3023.6, -18, -21
3023.7, -18, -21
3023.8, -18, -21
3023.9, -18, -21
3024, -18, -21
3024.1, -18, -21
3024.2, -18, -21
3024.3, -18, -21
3024.4, -18, -21
3024.5, -18, -21
3024.6, -18, -21
3024.7, -18, -22
3024.8, -18, -22
3024.9, -18, -22
3025, -18, -22
3025.1, -18, -22
3025.2, -18, -22
3025.3, -18, -22
3025.4, -18, -22
3025.5, -18, -22
3025.6, -18, -22
3025.7, -18, -22
3025.8, -18, -22
3025.9, -18, -22
3026, -18, -22
3026.1, -18, -22
3026.2, -18, -22
3026.3, -18, -22
3026.4, -18, -22
3026.5, -18, -22
3026.6, -18, -22
3026.7, -18, -21
3026.8, -18, -21
3026.9, -18, -21
3027, -18, -21
3027.1, -18, -21
3027.2, -18, -21
3027.3, -18, -21
3027.4, -18, -21
3027.5, -18, -21
3027.6, -18, -21
3027.7, -18, -21
3027.8, -18, -21
3027.9, -18, -21
3028, -18, -21
3028.1, -18, -21
3028.2, -18, -21
3028.3, -19, -21
3028.4, -19, -21
3028.5, -19, -21
3028.6, -19, -21
3028.7, -20, -21
3028.8, -20, -21
3028.9, -20, -21
3029, -20, -21
3029.1, -20, -21
3029.2, -20, -21
3029.3, -20, -21
3029.4, -20, -21
3029.5, -20, -21
3029.6, -20, -21
3029.7, -20, -21
3029.8, -20, -21
3029.9, -20, -21
3030, -20, -21
3030.1, -20, -21
3030.2, -20, -21
3030.3, -20, -21
3030.4, -20, -21
3030.5, -20, -21
3030.6, -20, -21
3030.7, -20, -21
3030.8, -20, -21
3030.9, -20, -21
3031, -20, -21
3031.1, -20, -21
3031.2, -20, -21
3031.3, -20, -21
3031.4, -20, -21
3031.5, -20, -21
3031.6, -20, -21
3031.7, -20, -21
3031.8, -20, -21
3031.9, -20, -21
3032, -20, -21
3032.1, -20, -21
3032.2, -20, -21
3032.3, -20, -21
3032.4, -20, -21
3032.5, -20, -21
3032.6, -20, -21
3032.7, -20, -21
3032.8, -20, -21
3032.9, -20, -21
3033, -20, -21
3033.1, -20, -21
3033.2, -20, -21
3033.3, -20, -21
3033.4, -20, -21
3033.5, -20, -21
3033.6, -20, -21
3033.7, -20, -21
3033.8, -20, -21
3033.9, -20, -21
3034, -20, -21
3034.1, -20, -21
3034.2, -20, -21
3034.3, -20, -21
3034.4, -20, -21
3034.5, -20, -21
3034.6, -20, -21
3034.7, -20, -21
3034.8, -20, -21
3034.9, -20, -21
3035, -20, -21
3035.1, -20, -21
3035.2, -20, -21
3035.3, -20, -21
3035.4, -20, -21
3035.5, -20, -21
3035.6, -20, -21
3035.7, -20, -21
3035.8, -20, -21
3035.9, -20, -21
3036, -20, -21
3036.1, -20, -21
3036.2, -20, -21
3036.3, -20, -21
3036.4, -20, -21
3036.5, -20, -21
3036.6, -20, -21
3036.7, -20, -21
3036.8, -20, -21
3036.9, -20, -21
3037, -20, -21
3037.1, -20, -21
3037.2, -20, -21
3037.3, -20, -21
3037.4, -20, -21
3037.5, -20, -21
3037.6, -20, -21
3037.7, -20, -21
3037.8, -20, -21
3037.9, -20, -21
3038, -20, -21
3038.1, -20, -21
3038.2, -20, -21
3038.3, -20, -21
3038.4, -20, -21
3038.5, -20, -21
3038.6, -20, -21
3038.7, -20, -21
3038.8, -20, -21
3038.9, -20, -21
3039, -20, -21
3039.1, -20, -21
3039.2, -20, -21
3039.3, -20, -21
3039.4, -20, -21
3039.5, -20, -21
3039.6, -20, -21
3039.7, -20, -21
3039.8, -20, -21
3039.9, -20, -21
3040, -20, -21
3040.1, -20, -21
3040.2, -20, -21
3040.3, -20, -21
3040.4, -20, -21
3040.5, -20, -21
3040.6, -20, -21
3040.7, -20, -21
3040.8, -20, -21
3040.9, -21, -21
3041, -21, -21
3041.1, -21, -21
3041.2, -21, -21
3041.3, -21, -21
3041.4, -21, -21
3041.5, -21, -21
3041.6, -21, -21
3041.7, -21, -21
3041.8, -21, -21
3041.9, -21, -21
3042, -21, -21
3042.1, -21, -21
3042.2, -21, -21
3042.3, -21, -21
3042.4, -21, -21
3042.5, -21, -21
3042.6, -21, -21
3042.7, -21, -21
3042.8, -21, -21
3042.9, -21, -21
3043, -21, -21
3043.1, -20, -21
3043.2, -20, -21
3043.3, -20, -21
3043.4, -20, -21
3043.5, -20, -21
3043.6, -20, -21
3043.7, -20, -21
3043.8, -20, -21
3043.9, -20, -21
3044, -20, -21
3044.1, -20, -20
3044.2, -20, -20
3044.3, -20, -20
3044.4, -20, -20
3044.5, -20, -20
3044.6, -20, -20
3044.7, -20, -19
3044.8, -20, -19
3044.9, -20, -19
3045, -20, -19
3045.1, -20, -18
3045.2, -20, -18
3045.3, -20, -18
3045.4, -20, -18
3045.5, -20, -18
3045.6, -20, -18
3045.7, -20, -18
3045.8, -20, -18
3045.9, -20, -18
3046, -20, -18
3046.1, -20, -18
3046.2, -20, -18
3046.3, -20, -18
3046.4, -20, -18
3046.5, -20, -18
3046.6, -20, -18
3046.7, -20, -18
3046.8, -20, -18
3046.9, -20, -18
3047, -20, -18
3047.1, -20, -18
3047.2, -20, -18
3047.3, -20, -18
3047.4, -20, -18
3047.5, -20, -18
3047.6, -20, -18
3047.7, -20, -18
3047.8, -20, -18
3047.9, -20, -18
3048, -20, -18
3048.1, -20, -18
3048.2, -20, -18
3048.3, -21, -18
3048.4, -21, -18
3048.5, -21, -18
3048.6, -21, -18
3048.7, -21, -18
3048.8, -21, -18
3048.9, -21, -18
3049, -21, -18
3049.1, -21, -18
3049.2, -21, -18
3049.3, -21, -18
3049.4, -21, -18
3049.5, -21, -18
3049.6, -21, -18
3049.7, -21, -18
3049.8, -21, -18
3049.9, -21, -18
3050, -21, -18
3050.1, -21, -18
3050.2, -21, -18
3050.3, -21, -18
3050.4, -21, -18
3050.5, -21, -18
3050.6, -21, -18
3050.7, -21, -18
3050.8, -21, -18
3050.9, -21, -18
3051, -21, -18
3051.1, -21, -18
3051.2, -21, -18
3051.3, -21, -18
3051.4, -21, -18
3051.5, -21, -18
3051.6, -21, -18
3051.7, -21, -18
3051.8, -21, -18
3051.9, -21, -19
3052, -21, -19
3052.1, -21, -19
3052.2, -21, -19
3052.3, -21, -19
3052.4, -21, -19
3052.5, -21, -19
3052.6, -21, -19
3052.7, -21, -19
3052.8, -21, -19
3052.9, -21, -19
3053, -21, -19
3053.1, -21, -19
3053.2, -21, -19
3053.3, -21, -19
3053.4, -21, -19
3053.5, -21, -19
3053.6, -21, -19
3053.7, -21, -19
3053.8, -21, -19
3053.9, -21, -19
3054, -21, -19
3054.1, -21, -19
3054.2, -21, -19
3054.3, -21, -19
3054.4, -21, -19
3054.5, -21, -19
3054.6, -21, -19
3054.7, -21, -19
3054.8, -21, -19
3054.9, -21, -19
3055, -21, -19
3055.1, -21, -19
3055.2, -21, -19
3055.3, -21, -19
3055.4, -21, -19
3055.5, -21, -20
3055.6, -21, -20
3055.7, -21, -20
3055.8, -21, -20
3055.9, -21, -20
3056, -21, -20
3056.1, -21, -20
3056.2, -21, -20
3056.3, -21, -20
3056.4, -21, -20
3056.5, -21, -20
3056.6, -21, -20
3056.7, -21, -20
3056.8, -21, -20
3056.9, -21, -20
3057, -21, -20
3057.1, -21, -20
3057.2, -21, -20
3057.3, -21, -20
3057.4, -21, -20
3057.5, -21, -20
3057.6, -21, -20
3057.7, -21, -21
3057.8, -21, -21
3057.9, -21, -21
3058, -21, -21
3058.1, -21, -21
3058.2, -21, -21
3058.3, -21, -20
3058.4, -21, -20
3058.5, -21, -20
3058.6, -21, -20
3058.7, -21, -20
3058.8, -21, -20
3058.9, -21, -20
3059, -21, -20
3059.1, -21, -21
3059.2, -21, -21
3059.3, -21, -21
3059.4, -21, -21
3059.5, -21, -22
3059.6, -21, -22
3059.7, -21, -22
3059.8, -21, -22
3059.9, -21, -22
3060, -21, -22
3060.1, -21, -22
3060.2, -21, -22
3060.3, -21, -22
3060.4, -21, -22
3060.5, -21, -23
3060.6, -21, -23
3060.7, -21, -23
3060.8, -21, -23
3060.9, -21, -23
3061, -21, -23
3061.1, -21, -23
3061.2, -21, -23
3061.3, -21, -23
3061.4, -21, -23
3061.5, -20, -23
3061.6, -20, -23
3061.7, -20, -23
3061.8, -20, -23
3061.9, -20, -23
3062, -20, -23
3062.1, -20, -23
3062.2, -20, -23
3062.3, -20, -23
3062.4, -20, -23
3062.5, -20, -23
3062.6, -20, -23
3062.7, -20, -23
3062.8, -20, -23
3062.9, -20, -22
3063, -20, -22
3063.1, -19, -22
3063.2, -19, -22
3063.3, -19, -22
3063.4, -19, -22
3063.5, -19, -22
3063.6, -19, -22
3063.7, -19, -22
3063.8, -19, -22
3063.9, -19, -22
3064, -19, -22
3064.1, -19, -22
3064.2, -19, -22
3064.3, -19, -22
3064.4, -19, -22
3064.5, -19, -22
3064.6, -19, -22
3064.7, -19, -22
3064.8, -19, -22
3064.9, -19, -22
3065, -19, -22
3065.1, -19, -22
3065.2, -19, -22
3065.3, -19, -22
3065.4, -19, -22
3065.5, -19, -22
3065.6, -19, -22
3065.7, -19, -22
3065.8, -19, -22
3065.9, -19, -22
3066, -19, -22
3066.1, -19, -22
3066.2, -19, -22
3066.3, -19, -22
3066.4, -19, -22
3066.5, -19, -22
3066.6, -19, -22
3066.7, -19, -22
3066.8, -19, -22
3066.9, -19, -22
3067, -19, -22
3067.1, -19, -22
3067.2, -19, -22
3067.3, -19, -22
3067.4, -19, -22
3067.5, -19, -22
3067.6, -19, -22
3067.7, -19, -22
3067.8, -19, -22
3067.9, -19, -22
3068, -19, -22
3068.1, -19, -22
3068.2, -19, -22
3068.3, -19, -22
3068.4, -19, -22
3068.5, -19, -22
3068.6, -19, -22
3068.7, -19, -22
3068.8, -19, -22
3068.9, -19, -22
3069, -19, -22
3069.1, -19, -22
3069.2, -19, -22
3069.3, -19, -22
3069.4, -19, -22
3069.5, -19, -22
3069.6, -19, -22
3069.7, -19, -22
3069.8, -19, -22
3069.9, -19, -22
3070, -19, -22
3070.1, -19, -22
3070.2, -19, -22
3070.3, -19, -22
3070.4, -19, -22
3070.5, -19, -21
3070.6, -19, -21
3070.7, -19, -21
3070.8, -19, -21
3070.9, -19, -21
3071, -19, -21
3071.1, -19, -21
3071.2, -19, -21
3071.3, -19, -21
3071.4, -19, -21
3071.5, -19, -21
3071.6, -19, -21
3071.7, -19, -21
3071.8, -19, -21
3071.9, -19, -21
3072, -19, -21
3072.1, -20, -21
3072.2, -20, -21
3072.3, -20, -21
3072.4, -20, -21
3072.5, -20, -20
3072.6, -20, -20
3072.7, -20, -20
3072.8, -20, -20
3072.9, -20, -20
3073, -20, -20
3073.1, -20, -20
3073.2, -20, -20
3073.3, -20, -20
3073.4, -20, -20
3073.5, -20, -21
3073.6, -20, -21
3073.7, -20, -21
3073.8, -20, -21
3073.9, -20, -21
3074, -20, -21
3074.1, -20, -21
3074.2, -20, -21
3074.3, -20, -21
3074.4, -20, -21
3074.5, -20, -21
3074.6, -20, -21
3074.7, -20, -21
3074.8, -20, -21
3074.9, -19, -21
3075, -19, -21
3075.1, -19, -21
3075.2, -19, -21
3075.3, -18, -21
3075.4, -18, -21
3075.5, -18, -21
3075.6, -18, -21
3075.7, -18, -21
3075.8, -18, -21
3075.9, -18, -21
3076, -18, -21
3076.1, -18, -21
3076.2, -18, -21
3076.3, -18, -21
3076.4, -18, -21
3076.5, -18, -21
3076.6, -18, -21
3076.7, -18, -21
3076.8, -18, -21
3076.9, -18, -21
3077, -18, -21
3077.1, -18, -21
3077.2, -18, -21
3077.3, -18, -21
3077.4, -18, -21
3077.5, -18, -21
3077.6, -18, -21
3077.7, -18, -21
3077.8, -18, -21
3077.9, -18, -21
3078, -18, -21
3078.1, -18, -21
3078.2, -18, -21
3078.3, -18, -21
3078.4, -18, -21
3078.5, -18, -21
3078.6, -18, -21
3078.7, -18, -22
3078.8, -18, -22
3078.9, -18, -21
3079, -18, -21
3079.1, -18, -21
3079.2, -18, -21
3079.3, -18, -21
3079.4, -18, -21
3079.5, -18, -21
3079.6, -18, -21
3079.7, -18, -21
3079.8, -18, -21
3079.9, -18, -21
3080, -18, -21
3080.1, -18, -21
3080.2, -18, -21
3080.3, -18, -21
3080.4, -18, -21
3080.5, -18, -21
3080.6, -18, -21
3080.7, -18, -21
3080.8, -18, -21
3080.9, -18, -21
3081, -18, -21
3081.1, -18, -21
3081.2, -18, -21
3081.3, -18, -21
3081.4, -18, -21
3081.5, -18, -21
3081.6, -18, -21
3081.7, -18, -21
3081.8, -18, -21
3081.9, -18, -21
3082, -18, -21
3082.1, -18, -21
3082.2, -18, -21
3082.3, -18, -21
3082.4, -18, -21
3082.5, -18, -21
3082.6, -18, -21
3082.7, -18, -21
3082.8, -18, -21
3082.9, -18, -21
3083, -18, -21
3083.1, -18, -21
3083.2, -18, -21
3083.3, -18, -20
3083.4, -18, -20
3083.5, -18, -20
3083.6, -18, -20
3083.7, -18, -20
3083.8, -18, -20
3083.9, -18, -20
3084, -18, -20
3084.1, -18, -20
3084.2, -18, -20
3084.3, -18, -20
3084.4, -18, -20
3084.5, -18, -20
3084.6, -18, -20
3084.7, -18, -20
3084.8, -18, -20
3084.9, -18, -20
3085, -18, -20
3085.1, -18, -20
3085.2, -18, -20
3085.3, -18, -20
3085.4, -18, -20
3085.5, -18, -20
3085.6, -18, -20
3085.7, -18, -20
3085.8, -18, -20
3085.9, -18, -20
3086, -18, -20
3086.1, -18, -20
3086.2, -18, -20
3086.3, -18, -20
3086.4, -18, -20
3086.5, -18, -20
3086.6, -18, -20
3086.7, -18, -20
3086.8, -18, -20
3086.9, -18, -20
3087, -18, -20
3087.1, -18, -20
3087.2, -18, -20
3087.3, -18, -20
3087.4, -18, -20
3087.5, -18, -20
3087.6, -18, -20
3087.7, -18, -20
3087.8, -18, -20
3087.9, -18, -20
3088, -18, -20
3088.1, -18, -20
3088.2, -18, -20
3088.3, -18, -20
3088.4, -18, -20
3088.5, -18, -20
3088.6, -18, -20
3088.7, -18, -20
3088.8, -18, -20
3088.9, -18, -20
3089, -18, -20
3089.1, -18, -20
3089.2, -18, -20
3089.3, -18, -20
3089.4, -18, -20
3089.5, -19, -20
3089.6, -19, -20
3089.7, -19, -20
3089.8, -19, -20
3089.9, -19, -20
3090, -19, -20
3090.1, -19, -20
3090.2, -19, -20
3090.3, -19, -20
3090.4, -19, -20
3090.5, -19, -20
3090.6, -19, -20
3090.7, -19, -20
3090.8, -19, -20
3090.9, -19, -19
3091, -19, -19
3091.1, -19, -19
3091.2, -19, -19
3091.3, -19, -19
3091.4, -19, -19
3091.5, -19, -19
3091.6, -19, -19
3091.7, -19, -19
3091.8, -19, -19
3091.9, -19, -19
3092, -19, -19
3092.1, -19, -19
3092.2, -19, -19
3092.3, -19, -19
3092.4, -19, -19
3092.5, -19, -19
3092.6, -19, -19
3092.7, -19, -19
3092.8, -19, -19
3092.9, -19, -19
3093, -19, -19
3093.1, -19, -19
3093.2, -19, -19
3093.3, -19, -19
3093.4, -19, -19
3093.5, -19, -19
3093.6, -19, -19
3093.7, -19, -19
3093.8, -19, -19
3093.9, -19, -19
3094, -19, -19
3094.1, -19, -18
3094.2, -19, -18
3094.3, -19, -17
3094.4, -19, -17
3094.5, -20, -17
3094.6, -20, -17
3094.7, -20, -17
3094.8, -20, -17
3094.9, -20, -17
3095, -20, -17
3095.1, -21, -17
3095.2, -21, -17
3095.3, -21, -17
3095.4, -21, -17
3095.5, -21, -17
3095.6, -21, -17
3095.7, -21, -17
3095.8, -21, -17
3095.9, -21, -17
3096, -21, -17
3096.1, -21, -17
3096.2, -21, -17
3096.3, -21, -17
3096.4, -21, -17
3096.5, -21, -17
3096.6, -21, -17
3096.7, -21, -16
3096.8, -21, -16
3096.9, -21, -16
3097, -21, -16
3097.1, -21, -16
3097.2, -21, -16
3097.3, -21, -16
3097.4, -21, -16
3097.5, -21, -16
3097.6, -21, -16
3097.7, -21, -16
3097.8, -21, -16
3097.9, -21, -16
3098, -21, -16
3098.1, -21, -16
3098.2, -21, -16
3098.3, -21, -16
3098.4, -21, -16
3098.5, -21, -16
3098.6, -21, -16
3098.7, -21, -16
3098.8, -21, -16
3098.9, -22, -16
3099, -22, -16
3099.1, -22, -16
3099.2, -22, -16
3099.3, -22, -16
3099.4, -22, -16
3099.5, -22, -16
3099.6, -22, -16
3099.7, -22, -16
3099.8, -22, -16
3099.9, -22, -16
3100, -22, -16
3100.1, -22, -16
3100.2, -22, -16
3100.3, -22, -16
3100.4, -22, -16
3100.5, -22, -16
3100.6, -22, -16
3100.7, -22, -16
3100.8, -22, -16
3100.9, -22, -16
3101, -22, -16
3101.1, -22, -16
3101.2, -22, -16
3101.3, -22, -16
3101.4, -22, -16
3101.5, -22, -16
3101.6, -22, -16
3101.7, -22, -16
3101.8, -22, -16
3101.9, -22, -15
3102, -22, -15
3102.1, -22, -15
3102.2, -22, -15
3102.3, -22, -15
3102.4, -22, -15
3102.5, -21, -15
3102.6, -21, -15
3102.7, -21, -15
3102.8, -21, -15
3102.9, -21, -15
3103, -21, -15
3103.1, -21, -15
3103.2, -21, -15
3103.3, -21, -15
3103.4, -21, -15
3103.5, -21, -15
3103.6, -21, -15
3103.7, -21, -15
3103.8, -21, -15
3103.9, -21, -15
3104, -21, -15
3104.1, -21, -15
3104.2, -21, -15
3104.3, -21, -15
3104.4, -21, -15
3104.5, -21, -15
3104.6, -21, -15
3104.7, -21, -15
3104.8, -21, -15
3104.9, -21, -15
3105, -21, -15
3105.1, -21, -15
3105.2, -21, -15
3105.3, -21, -15
3105.4, -21, -15
3105.5, -21, -15
3105.6, -21, -15
3105.7, -21, -15
3105.8, -21, -15
3105.9, -21, -15
3106, -21, -15
3106.1, -21, -15
3106.2, -21, -15
3106.3, -21, -15
3106.4, -21, -15
3106.5, -21, -15
3106.6, -21, -15
3106.7, -21, -15
3106.8, -21, -15
3106.9, -21, -15
3107, -21, -15
3107.1, -21, -15
3107.2, -21, -15
3107.3, -22, -15
3107.4, -22, -15
3107.5, -22, -15
3107.6, -22, -15
3107.7, -22, -15
3107.8, -22, -15
3107.9, -22, -15
3108, -22, -15
3108.1, -22, -15
3108.2, -22, -15
3108.3, -22, -15
3108.4, -22, -15
3108.5, -22, -15
3108.6, -22, -15
3108.7, -22, -15
3108.8, -22, -15
3108.9, -22, -15
3109, -22, -15
3109.1, -22, -15
3109.2, -22, -15
3109.3, -22, -15
3109.4, -22, -15
3109.5, -22, -15
3109.6, -22, -15
3109.7, -22, -14
3109.8, -22, -14
3109.9, -22, -14
3110, -22, -14
3110.1, -22, -14
3110.2, -22, -14
3110.3, -22, -14
3110.4, -22, -14
3110.5, -22, -14
3110.6, -22, -14
3110.7, -22, -14
3110.8, -22, -14
3110.9, -22, -14
3111, -22, -14
3111.1, -22, -14
3111.2, -22, -14
3111.3, -22, -14
3111.4, -22, -14
3111.5, -22, -14
3111.6, -22, -14
3111.7, -21, -14
3111.8, -21, -14
3111.9, -21, -14
3112, -21, -14
3112.1, -21, -14
3112.2, -21, -14
3112.3, -21, -15
3112.4, -21, -15
3112.5, -21, -15
3112.6, -21, -15
3112.7, -21, -15
3112.8, -21, -15
3112.9, -21, -15
3113, -21, -15
3113.1, -21, -15
3113.2, -21, -15
3113.3, -21, -15
3113.4, -21, -15
3113.5, -21, -15
3113.6, -21, -15
3113.7, -21, -14
3113.8, -21, -14
3113.9, -21, -14
3114, -21, -14
3114.1, -21, -14
3114.2, -21, -14
3114.3, -21, -14
3114.4, -21, -14
3114.5, -22, -14
3114.6, -22, -14
3114.7, -22, -14
3114.8, -22, -14
3114.9, -22, -14
3115, -22, -14
3115.1, -22, -14
3115.2, -22, -14
3115.3, -21, -14
3115.4, -21, -14
3115.5, -21, -14
3115.6, -21, -14
3115.7, -21, -14
3115.8, -21, -14
3115.9, -21, -14
3116, -21, -14
3116.1, -21, -14
3116.2, -21, -14
3116.3, -21, -14
3116.4, -21, -14
3116.5, -21, -14
3116.6, -21, -14
3116.7, -21, -14
3116.8, -21, -14
3116.9, -21, -14
3117, -21, -14
3117.1, -21, -14
3117.2, -21, -14
3117.3, -21, -14
3117.4, -21, -14
3117.5, -21, -14
3117.6, -21, -14
3117.7, -21, -14
3117.8, -21, -14
3117.9, -21, -14
3118, -21, -14
3118.1, -21, -14
3118.2, -21, -14
3118.3, -20, -14
3118.4, -20, -14
3118.5, -20, -14
3118.6, -20, -14
3118.7, -20, -14
3118.8, -20, -14
3118.9, -20, -14
3119, -20, -14
3119.1, -19, -14
3119.2, -19, -14
3119.3, -19, -14
3119.4, -19, -14
3119.5, -19, -14
3119.6, -19, -14
3119.7, -18, -14
3119.8, -18, -14
3119.9, -18, -14
3120, -18, -14
3120.1, -18, -14
3120.2, -18, -14
3120.3, -18, -14
3120.4, -18, -14
3120.5, -18, -14
3120.6, -18, -14
3120.7, -18, -14
3120.8, -18, -14
3120.9, -18, -14
3121, -18, -14
3121.1, -18, -14
3121.2, -18, -14
3121.3, -18, -14
3121.4, -18, -14
3121.5, -18, -14
3121.6, -18, -14
3121.7, -18, -14
3121.8, -18, -14
3121.9, -18, -14
3122, -18, -14
3122.1, -18, -14
3122.2, -18, -14
3122.3, -18, -14
3122.4, -18, -14
3122.5, -18, -14
3122.6, -18, -14
3122.7, -18, -14
3122.8, -18, -14
3122.9, -18, -14
3123, -18, -14
3123.1, -18, -14
3123.2, -18, -14
3123.3, -18, -14
3123.4, -18, -14
3123.5, -18, -14
3123.6, -18, -14
3123.7, -18, -14
3123.8, -18, -14
3123.9, -18, -14
3124, -18, -14
3124.1, -18, -14
3124.2, -18, -14
3124.3, -18, -14
3124.4, -18, -14
3124.5, -18, -14
3124.6, -18, -14
3124.7, -18, -14
3124.8, -18, -14
3124.9, -18, -14
3125, -18, -14
3125.1, -18, -14
3125.2, -18, -14
3125.3, -18, -14
3125.4, -18, -14
3125.5, -18, -14
3125.6, -18, -14
3125.7, -18, -14
3125.8, -18, -14
3125.9, -18, -14
3126, -18, -14
3126.1, -18, -14
3126.2, -18, -14
3126.3, -18, -14
3126.4, -18, -14
3126.5, -18, -14
3126.6, -18, -14
3126.7, -18, -14
3126.8, -18, -14
3126.9, -18, -14
3127, -18, -14
3127.1, -18, -14
3127.2, -18, -14
3127.3, -18, -14
3127.4, -18, -14
3127.5, -18, -14
3127.6, -18, -14
3127.7, -18, -14
3127.8, -18, -14
3127.9, -18, -14
3128, -18, -14
3128.1, -18, -14
3128.2, -18, -14
3128.3, -18, -14
3128.4, -18, -14
3128.5, -18, -14
3128.6, -18, -14
3128.7, -18, -14
3128.8, -18, -14
3128.9, -18, -14
3129, -18, -14
3129.1, -18, -14
3129.2, -18, -14
3129.3, -18, -14
3129.4, -18, -14
3129.5, -18, -14
3129.6, -18, -14
3129.7, -18, -14
3129.8, -18, -14
3129.9, -18, -14
3130, -18, -14
3130.1, -18, -14
3130.2, -18, -14
3130.3, -18, -14
3130.4, -18, -14
3130.5, -18, -14
3130.6, -18, -14
3130.7, -18, -14
3130.8, -18, -14
3130.9, -18, -14
3131, -18, -14
3131.1, -18, -14
3131.2, -18, -14
3131.3, -18, -14
3131.4, -18, -14
3131.5, -18, -14
3131.6, -18, -14
3131.7, -18, -14
3131.8, -18, -14
3131.9, -18, -14
3132, -18, -14
3132.1, -18, -14
3132.2, -18, -14
3132.3, -18, -14
3132.4, -18, -14
3132.5, -18, -14
3132.6, -18, -14
3132.7, -19, -14
3132.8, -19, -14
3132.9, -19, -14
3133, -19, -14
3133.1, -19, -14
3133.2, -19, -14
3133.3, -19, -14
3133.4, -19, -14
3133.5, -19, -14
3133.6, -19, -14
3133.7, -19, -14
3133.8, -19, -14
3133.9, -18, -14
3134, -18, -14
3134.1, -18, -14
3134.2, -18, -14
3134.3, -18, -14
3134.4, -18, -14
3134.5, -18, -14
3134.6, -18, -14
3134.7, -19, -14
3134.8, -19, -14
3134.9, -19, -14
3135, -19, -14
3135.1, -19, -14
3135.2, -19, -14
3135.3, -18, -14
3135.4, -18, -14
3135.5, -18, -14
3135.6, -18, -14
3135.7, -19, -14
3135.8, -19, -14
3135.9, -19, -13
3136, -19, -13
3136.1, -19, -13
3136.2, -19, -13
3136.3, -19, -13
3136.4, -19, -13
3136.5, -19, -13
3136.6, -19, -13
3136.7, -19, -13
3136.8, -19, -13
3136.9, -19, -13
3137, -19, -13
3137.1, -19, -13
3137.2, -19, -13
3137.3, -19, -13
3137.4, -19, -13
3137.5, -19, -13
3137.6, -19, -13
3137.7, -19, -13
3137.8, -19, -13
3137.9, -19, -13
3138, -19, -13
3138.1, -19, -13
3138.2, -19, -13
3138.3, -19, -13
3138.4, -19, -13
3138.5, -19, -14
3138.6, -19, -14
3138.7, -19, -14
3138.8, -19, -14
3138.9, -19, -14
3139, -19, -14
3139.1, -19, -14
3139.2, -19, -14
3139.3, -19, -14
3139.4, -19, -14
3139.5, -19, -14
3139.6, -19, -14
3139.7, -20, -14
3139.8, -20, -14
3139.9, -20, -14
3140, -20, -14
3140.1, -20, -14
3140.2, -20, -14
3140.3, -20, -14
3140.4, -20, -14
3140.5, -20, -14
3140.6, -20, -14
3140.7, -20, -14
3140.8, -20, -14
3140.9, -20, -14
3141, -20, -14
3141.1, -20, -14
3141.2, -20, -14
3141.3, -20, -14
3141.4, -20, -14
3141.5, -20, -14
3141.6, -20, -14
3141.7, -20, -14
3141.8, -20, -14
3141.9, -20, -14
3142, -20, -14
3142.1, -20, -14
3142.2, -20, -14
3142.3, -20, -14
3142.4, -20, -14
3142.5, -20, -14
3142.6, -20, -14
3142.7, -20, -14
3142.8, -20, -14
3142.9, -20, -14
3143, -20, -14
3143.1, -20, -15
3143.2, -20, -15
3143.3, -20, -15
3143.4, -20, -15
3143.5, -20, -15
3143.6, -20, -15
3143.7, -20, -15
3143.8, -20, -15
3143.9, -20, -15
3144, -20, -15
3144.1, -20, -15
3144.2, -20, -15
3144.3, -20, -15
3144.4, -20, -15
3144.5, -19, -15
3144.6, -19, -15
3144.7, -19, -15
3144.8, -19, -15
3144.9, -19, -15
3145, -19, -15
3145.1, -19, -15
3145.2, -19, -15
3145.3, -19, -15
3145.4, -19, -15
3145.5, -19, -15
3145.6, -19, -15
3145.7, -19, -15
3145.8, -19, -15
3145.9, -19, -16
3146, -19, -16
3146.1, -19, -16
3146.2, -19, -16
3146.3, -19, -16
3146.4, -19, -16
3146.5, -19, -16
3146.6, -19, -16
3146.7, -19, -16
3146.8, -19, -16
3146.9, -19, -16
3147, -19, -16
3147.1, -19, -16
3147.2, -19, -16
3147.3, -19, -16
3147.4, -19, -16
3147.5, -19, -16
3147.6, -19, -16
3147.7, -19, -16
3147.8, -19, -16
3147.9, -19, -16
3148, -19, -16
3148.1, -19, -16
3148.2, -19, -16
3148.3, -19, -16
3148.4, -19, -16
3148.5, -19, -16
3148.6, -19, -16
3148.7, -19, -16
3148.8, -19, -16
3148.9, -19, -16
3149, -19, -16
3149.1, -19, -16
3149.2, -19, -16
3149.3, -19, -16
3149.4, -19, -16
3149.5, -19, -16
3149.6, -19, -16
3149.7, -19, -16
3149.8, -19, -16
3149.9, -18, -16
3150, -18, -16
3150.1, -18, -16
3150.2, -18, -16
3150.3, -18, -16
3150.4, -18, -16
3150.5, -18, -16
3150.6, -18, -16
3150.7, -18, -16
3150.8, -18, -16
3150.9, -18, -16
3151, -18, -16
3151.1, -18, -15
3151.2, -18, -15
3151.3, -18, -15
3151.4, -18, -15
3151.5, -18, -15
3151.6, -18, -15
3151.7, -18, -15
3151.8, -18, -15
3151.9, -18, -15
3152, -18, -15
3152.1, -18, -15
3152.2, -18, -15
3152.3, -18, -15
3152.4, -18, -15
3152.5, -18, -15
3152.6, -18, -15
3152.7, -18, -15
3152.8, -18, -15
3152.9, -18, -15
3153, -18, -15
3153.1, -18, -15
3153.2, -18, -15
3153.3, -18, -14
3153.4, -18, -14
3153.5, -18, -14
3153.6, -18, -14
3153.7, -18, -14
3153.8, -18, -14
3153.9, -18, -14
3154, -18, -14
3154.1, -18, -14
3154.2, -18, -14
3154.3, -18, -14
3154.4, -18, -14
3154.5, -18, -14
3154.6, -18, -14
3154.7, -18, -14
3154.8, -18, -14
3154.9, -18, -14
3155, -18, -14
3155.1, -18, -14
3155.2, -18, -14
3155.3, -18, -14
3155.4, -18, -14
3155.5, -18, -14
3155.6, -18, -14
3155.7, -18, -14
3155.8, -18, -14
3155.9, -18, -14
3156, -18, -14
3156.1, -18, -14
3156.2, -18, -14
3156.3, -18, -14
3156.4, -18, -14
3156.5, -18, -14
3156.6, -18, -14
3156.7, -18, -14
3156.8, -18, -14
3156.9, -18, -14
3157, -18, -14
3157.1, -18, -14
3157.2, -18, -14
3157.3, -18, -14
3157.4, -18, -14
3157.5, -18, -14
3157.6, -18, -14
3157.7, -18, -14
3157.8, -18, -14
3157.9, -18, -14
3158, -18, -14
3158.1, -18, -14
3158.2, -18, -14
3158.3, -18, -14
3158.4, -18, -14
3158.5, -18, -14
3158.6, -18, -14
3158.7, -18, -14
3158.8, -18, -14
3158.9, -18, -14
3159, -18, -14
3159.1, -18, -14
3159.2, -18, -14
3159.3, -18, -14
3159.4, -18, -14
3159.5, -18, -14
3159.6, -18, -14
3159.7, -18, -15
3159.8, -18, -15
3159.9, -18, -15
3160, -18, -15
3160.1, -18, -15
3160.2, -18, -15
3160.3, -18, -15
3160.4, -18, -15
3160.5, -18, -15
3160.6, -18, -15
3160.7, -18, -15
3160.8, -18, -15
3160.9, -18, -15
3161, -18, -15
3161.1, -19, -15
3161.2, -19, -15
3161.3, -19, -15
3161.4, -19, -15
3161.5, -19, -15
3161.6, -19, -15
3161.7, -19, -15
3161.8, -19, -15
3161.9, -19, -15
3162, -19, -15
3162.1, -19, -15
3162.2, -19, -15
3162.3, -19, -15
3162.4, -19, -15
3162.5, -19, -15
3162.6, -19, -15
3162.7, -19, -15
3162.8, -19, -15
3162.9, -19, -15
3163, -19, -15
3163.1, -19, -15
3163.2, -19, -15
3163.3, -19, -15
3163.4, -19, -15
3163.5, -19, -15
3163.6, -19, -15
3163.7, -19, -15
3163.8, -19, -15
3163.9, -19, -15
3164, -19, -15
3164.1, -19, -15
3164.2, -19, -15
3164.3, -19, -15
3164.4, -19, -15
3164.5, -19, -15
3164.6, -19, -15
3164.7, -19, -15
3164.8, -19, -15
3164.9, -19, -15
3165, -19, -15
3165.1, -19, -15
3165.2, -19, -15
3165.3, -19, -15
3165.4, -19, -15
3165.5, -19, -15
3165.6, -19, -15
3165.7, -19, -15
3165.8, -19, -15
3165.9, -19, -15
3166, -19, -15
3166.1, -19, -15
3166.2, -19, -15
3166.3, -19, -15
3166.4, -19, -15
3166.5, -19, -15
3166.6, -19, -15
3166.7, -19, -14
3166.8, -19, -14
3166.9, -19, -14
3167, -19, -14
3167.1, -19, -14
3167.2, -19, -14
3167.3, -19, -14
3167.4, -19, -14
3167.5, -19, -14
3167.6, -19, -14
3167.7, -19, -14
3167.8, -19, -14
3167.9, -19, -14
3168, -19, -14
3168.1, -19, -14
3168.2, -19, -14
3168.3, -19, -14
3168.4, -19, -14
3168.5, -19, -14
3168.6, -19, -14
3168.7, -19, -14
3168.8, -19, -14
3168.9, -19, -14
3169, -19, -14
3169.1, -19, -14
3169.2, -19, -14
3169.3, -19, -14
3169.4, -19, -14
3169.5, -19, -14
3169.6, -19, -14
3169.7, -19, -14
3169.8, -19, -14
3169.9, -19, -14
3170, -19, -14
3170.1, -19, -14
3170.2, -19, -14
3170.3, -19, -14
3170.4, -19, -14
3170.5, -19, -13
3170.6, -19, -13
3170.7, -19, -13
3170.8, -19, -13
3170.9, -19, -13
3171, -19, -13
3171.1, -19, -13
3171.2, -19, -13
3171.3, -19, -13
3171.4, -19, -13
3171.5, -19, -13
3171.6, -19, -13
3171.7, -19, -13
3171.8, -19, -13
3171.9, -19, -13
3172, -19, -13
3172.1, -19, -13
3172.2, -19, -13
3172.3, -19, -13
3172.4, -19, -13
3172.5, -19, -13
3172.6, -19, -13
3172.7, -19, -13
3172.8, -19, -13
3172.9, -19, -13
3173, -19, -13
3173.1, -19, -13
3173.2, -19, -13
3173.3, -19, -13
3173.4, -19, -13
3173.5, -19, -13
3173.6, -19, -13
3173.7, -19, -13
3173.8, -19, -13
3173.9, -19, -13
3174, -19, -13
3174.1, -19, -13
3174.2, -19, -13
3174.3, -19, -13
3174.4, -19, -13
3174.5, -19, -13
3174.6, -19, -13
3174.7, -19, -13
3174.8, -19, -13
3174.9, -19, -13
3175, -19, -13
3175.1, -19, -13
3175.2, -19, -13
3175.3, -19, -13
3175.4, -19, -13
3175.5, -19, -13
3175.6, -19, -13
3175.7, -19, -13
3175.8, -19, -13
3175.9, -19, -13
3176, -19, -13
3176.1, -19, -13
3176.2, -19, -13
3176.3, -19, -13
3176.4, -19, -13
3176.5, -19, -13
3176.6, -19, -13
3176.7, -19, -13
3176.8, -19, -13
3176.9, -19, -13
3177, -19, -13
3177.1, -19, -12
3177.2, -19, -12
3177.3, -19, -11
3177.4, -19, -11
3177.5, -19, -11
3177.6, -19, -11
3177.7, -19, -11
3177.8, -19, -11
3177.9, -19, -11
3178, -19, -11
3178.1, -19, -11
3178.2, -19, -11
3178.3, -19, -11
3178.4, -19, -11
3178.5, -19, -11
3178.6, -19, -11
3178.7, -19, -11
3178.8, -19, -11
3178.9, -20, -11
3179, -20, -11
3179.1, -20, -11
3179.2, -20, -11
3179.3, -20, -11
3179.4, -20, -11
3179.5, -20, -11
3179.6, -20, -11
3179.7, -20, -11
3179.8, -20, -11
3179.9, -20, -11
3180, -20, -11
3180.1, -20, -11
3180.2, -20, -11
3180.3, -20, -11
3180.4, -20, -11
3180.5, -20, -11
3180.6, -20, -11
3180.7, -20, -11
3180.8, -20, -11
3180.9, -20, -11
3181, -20, -11
3181.1, -21, -11
3181.2, -21, -11
3181.3, -21, -11
3181.4, -21, -11
3181.5, -21, -11
3181.6, -21, -11
3181.7, -21, -10
3181.8, -21, -10
3181.9, -21, -10
3182, -21, -10
3182.1, -21, -10
3182.2, -21, -10
3182.3, -21, -10
3182.4, -21, -10
3182.5, -21, -10
3182.6, -21, -10
3182.7, -21, -10
3182.8, -21, -10
3182.9, -21, -10
3183, -21, -10
3183.1, -21, -10
3183.2, -21, -10
3183.3, -21, -10
3183.4, -21, -10
3183.5, -21, -10
3183.6, -21, -10
3183.7, -21, -11
3183.8, -21, -11
3183.9, -21, -12
3184, -21, -12
3184.1, -21, -12
3184.2, -21, -12
3184.3, -21, -12
3184.4, -21, -12
3184.5, -21, -12
3184.6, -21, -12
3184.7, -21, -12
3184.8, -21, -12
3184.9, -21, -12
3185, -21, -12
3185.1, -21, -11
3185.2, -21, -11
3185.3, -21, -11
3185.4, -21, -11
3185.5, -21, -11
3185.6, -21, -11
3185.7, -21, -11
3185.8, -21, -11
3185.9, -21, -11
3186, -21, -11
3186.1, -21, -11
3186.2, -21, -11
3186.3, -21, -11
3186.4, -21, -11
3186.5, -21, -11
3186.6, -21, -11
3186.7, -21, -11
3186.8, -21, -11
3186.9, -21, -11
3187, -21, -11
3187.1, -21, -11
3187.2, -21, -11
3187.3, -21, -11
3187.4, -21, -11
3187.5, -21, -11
3187.6, -21, -11
3187.7, -21, -11
3187.8, -21, -11
3187.9, -20, -11
3188, -20, -11
3188.1, -20, -11
3188.2, -20, -11
3188.3, -20, -12
3188.4, -20, -12
3188.5, -20, -12
3188.6, -20, -12
3188.7, -20, -12
3188.8, -20, -12
3188.9, -20, -12
3189, -20, -12
3189.1, -20, -13
3189.2, -20, -13
3189.3, -20, -13
3189.4, -20, -13
3189.5, -20, -13
3189.6, -20, -13
3189.7, -20, -13
3189.8, -20, -13
3189.9, -20, -12
3190, -20, -12
3190.1, -20, -13
3190.2, -20, -13
3190.3, -20, -13
3190.4, -20, -13
3190.5, -20, -13
3190.6, -20, -13
3190.7, -20, -13
3190.8, -20, -13
3190.9, -20, -12
3191, -20, -12
3191.1, -20, -12
3191.2, -20, -12
3191.3, -20, -12
3191.4, -20, -12
3191.5, -20, -12
3191.6, -20, -12
3191.7, -20, -12
3191.8, -20, -12
3191.9, -20, -12
3192, -20, -12
3192.1, -20, -11
3192.2, -20, -11
3192.3, -20, -11
3192.4, -20, -11
3192.5, -20, -11
3192.6, -20, -11
3192.7, -20, -11
3192.8, -20, -11
3192.9, -20, -11
3193, -20, -11
3193.1, -20, -11
3193.2, -20, -11
3193.3, -20, -10
3193.4, -20, -10
3193.5, -20, -10
3193.6, -20, -10
3193.7, -20, -10
3193.8, -20, -10
3193.9, -20, -10
3194, -20, -10
3194.1, -20, -10
3194.2, -20, -10
3194.3, -20, -10
3194.4, -20, -10
3194.5, -20, -10
3194.6, -20, -10
3194.7, -20, -10
3194.8, -20, -10
3194.9, -20, -10
3195, -20, -10
3195.1, -20, -9
3195.2, -20, -9
3195.3, -20, -9
3195.4, -20, -9
3195.5, -20, -9
3195.6, -20, -9
3195.7, -20, -9
3195.8, -20, -9
3195.9, -20, -9
3196, -20, -9
3196.1, -20, -9
3196.2, -20, -9
3196.3, -20, -9
3196.4, -20, -9
3196.5, -20, -9
3196.6, -20, -9
3196.7, -20, -9
3196.8, -20, -9
3196.9, -20, -9
3197, -20, -9
3197.1, -20, -9
3197.2, -20, -9
3197.3, -20, -9
3197.4, -20, -9
3197.5, -20, -8
3197.6, -20, -8
3197.7, -20, -8
3197.8, -20, -8
3197.9, -20, -8
3198, -20, -8
3198.1, -20, -9
3198.2, -20, -9
3198.3, -19, -9
3198.4, -19, -9
3198.5, -19, -9
3198.6, -19, -9
3198.7, -19, -9
3198.8, -19, -9
3198.9, -19, -9
3199, -19, -9
3199.1, -19, -9
3199.2, -19, -9
3199.3, -19, -9
3199.4, -19, -9
3199.5, -19, -9
3199.6, -19, -9
3199.7, -19, -9
3199.8, -19, -9
3199.9, -19, -9
3200, -19, -9
3200.1, -19, -9
3200.2, -19, -9
3200.3, -19, -9
3200.4, -19, -9
3200.5, -19, -9
3200.6, -19, -9
3200.7, -19, -9
3200.8, -19, -9
3200.9, -19, -9
3201, -19, -9
3201.1, -19, -9
3201.2, -19, -9
3201.3, -19, -9
3201.4, -19, -9
3201.5, -19, -9
3201.6, -19, -9
3201.7, -19, -9
3201.8, -19, -9
3201.9, -19, -9
3202, -19, -9
3202.1, -19, -9
3202.2, -19, -9
3202.3, -19, -9
3202.4, -19, -9
3202.5, -19, -9
3202.6, -19, -9
3202.7, -19, -9
3202.8, -19, -9
3202.9, -19, -9
3203, -19, -9
3203.1, -19, -9
3203.2, -19, -9
3203.3, -19, -9
3203.4, -19, -9
3203.5, -19, -9
3203.6, -19, -9
3203.7, -19, -9
3203.8, -19, -9
3203.9, -19, -9
3204, -19, -9
3204.1, -19, -9
3204.2, -19, -9
3204.3, -19, -9
3204.4, -19, -9
3204.5, -19, -9
3204.6, -19, -9
3204.7, -19, -9
3204.8, -19, -9
3204.9, -19, -9
3205, -19, -9
3205.1, -19, -9
3205.2, -19, -9
3205.3, -19, -9
3205.4, -19, -9
3205.5, -19, -9
3205.6, -19, -9
3205.7, -20, -9
3205.8, -20, -9
3205.9, -20, -9
3206, -20, -9
3206.1, -20, -9
3206.2, -20, -9
3206.3, -20, -9
3206.4, -20, -9
3206.5, -20, -9
3206.6, -20, -9
3206.7, -20, -9
3206.8, -20, -9
3206.9, -20, -9
3207, -20, -9
3207.1, -20, -9
3207.2, -20, -9
3207.3, -20, -9
3207.4, -20, -9
3207.5, -20, -9
3207.6, -20, -9
3207.7, -20, -9
3207.8, -20, -9
3207.9, -20, -9
3208, -20, -9
3208.1, -20, -9
3208.2, -20, -9
3208.3, -20, -9
3208.4, -20, -9
3208.5, -21, -9
3208.6, -21, -9
3208.7, -21, -9
3208.8, -21, -9
3208.9, -21, -9
3209, -21, -9
3209.1, -21, -9
3209.2, -21, -9
3209.3, -21, -9
3209.4, -21, -9
3209.5, -21, -9
3209.6, -21, -9
3209.7, -21, -9
3209.8, -21, -9
3209.9, -21, -8
3210, -21, -8
3210.1, -21, -8
3210.2, -21, -8
3210.3, -21, -8
3210.4, -21, -8
3210.5, -21, -8
3210.6, -21, -8
3210.7, -21, -8
3210.8, -21, -8
3210.9, -21, -8
3211, -21, -8
3211.1, -21, -8
3211.2, -21, -8
3211.3, -21, -8
3211.4, -21, -8
3211.5, -21, -8
3211.6, -21, -8
3211.7, -21, -8
3211.8, -21, -8
3211.9, -21, -8
3212, -21, -8
3212.1, -21, -8
3212.2, -21, -8
3212.3, -21, -8
3212.4, -21, -8
3212.5, -21, -8
3212.6, -21, -8
3212.7, -21, -8
3212.8, -21, -8
3212.9, -21, -8
3213, -21, -8
3213.1, -21, -8
3213.2, -21, -8
3213.3, -21, -8
3213.4, -21, -8
3213.5, -21, -8
3213.6, -21, -8
3213.7, -21, -8
3213.8, -21, -8
3213.9, -21, -8
3214, -21, -8
3214.1, -21, -8
3214.2, -21, -8
3214.3, -21, -8
3214.4, -21, -8
3214.5, -21, -8
3214.6, -21, -8
3214.7, -21, -8
3214.8, -21, -8
3214.9, -21, -8
3215, -21, -8
3215.1, -21, -8
3215.2, -21, -8
3215.3, -21, -8
3215.4, -21, -8
3215.5, -21, -8
3215.6, -21, -8
3215.7, -21, -8
3215.8, -21, -8
3215.9, -21, -8
3216, -21, -8
3216.1, -21, -8
3216.2, -21, -8
3216.3, -21, -9
3216.4, -21, -9
3216.5, -21, -9
3216.6, -21, -9
3216.7, -22, -9
3216.8, -22, -9
3216.9, -22, -9
3217, -22, -9
3217.1, -22, -9
3217.2, -22, -9
3217.3, -22, -9
3217.4, -22, -9
3217.5, -22, -9
3217.6, -22, -9
3217.7, -22, -9
3217.8, -22, -9
3217.9, -22, -9
3218, -22, -9
3218.1, -22, -9
3218.2, -22, -9
3218.3, -22, -9
3218.4, -22, -9
3218.5, -22, -9
3218.6, -22, -9
3218.7, -22, -8
3218.8, -22, -8
3218.9, -22, -8
3219, -22, -8
3219.1, -22, -8
3219.2, -22, -8
3219.3, -22, -8
3219.4, -22, -8
3219.5, -22, -8
3219.6, -22, -8
3219.7, -22, -8
3219.8, -22, -8
3219.9, -22, -8
3220, -22, -8
3220.1, -22, -8
3220.2, -22, -8
3220.3, -22, -8
3220.4, -22, -8
3220.5, -22, -8
3220.6, -22, -8
3220.7, -22, -8
3220.8, -22, -8
3220.9, -22, -8
3221, -22, -8
3221.1, -22, -8
3221.2, -22, -8
3221.3, -22, -8
3221.4, -22, -8
3221.5, -22, -8
3221.6, -22, -8
3221.7, -22, -8
3221.8, -22, -8
3221.9, -22, -8
3222, -22, -8
3222.1, -22, -8
3222.2, -22, -8
3222.3, -22, -8
3222.4, -22, -8
3222.5, -22, -8
3222.6, -22, -8
3222.7, -22, -8
3222.8, -22, -8
3222.9, -22, -8
3223, -22, -8
3223.1, -22, -8
3223.2, -22, -8
3223.3, -22, -8
3223.4, -22, -8
3223.5, -22, -8
3223.6, -22, -8
3223.7, -22, -8
3223.8, -22, -8
3223.9, -22, -8
3224, -22, -8
3224.1, -22, -8
3224.2, -22, -8
3224.3, -22, -8
3224.4, -22, -8
3224.5, -22, -8
3224.6, -22, -8
3224.7, -22, -8
3224.8, -22, -8
3224.9, -22, -8
3225, -22, -8
3225.1, -22, -8
3225.2, -22, -8
3225.3, -22, -8
3225.4, -22, -8
3225.5, -22, -8
3225.6, -22, -8
3225.7, -22, -8
3225.8, -22, -8
3225.9, -22, -8
3226, -22, -8
3226.1, -22, -9
3226.2, -22, -9
3226.3, -22, -9
3226.4, -22, -9
3226.5, -22, -9
3226.6, -22, -9
3226.7, -22, -9
3226.8, -22, -9
3226.9, -22, -9
3227, -22, -9
3227.1, -22, -9
3227.2, -22, -9
3227.3, -22, -9
3227.4, -22, -9
3227.5, -22, -9
3227.6, -22, -9
3227.7, -22, -9
3227.8, -22, -9
3227.9, -21, -9
3228, -21, -9
3228.1, -21, -9
3228.2, -21, -9
3228.3, -21, -9
3228.4, -21, -9
3228.5, -21, -9
3228.6, -21, -9
3228.7, -21, -9
3228.8, -21, -9
3228.9, -21, -9
3229, -21, -9
3229.1, -21, -9
3229.2, -21, -9
3229.3, -21, -9
3229.4, -21, -9
3229.5, -21, -9
3229.6, -21, -9
3229.7, -21, -9
3229.8, -21, -9
3229.9, -21, -9
3230, -21, -9
3230.1, -21, -9
3230.2, -21, -9
3230.3, -21, -9
3230.4, -21, -9
3230.5, -21, -9
3230.6, -21, -9
3230.7, -21, -9
3230.8, -21, -9
3230.9, -21, -9
3231, -21, -9
3231.1, -21, -9
3231.2, -21, -9
3231.3, -21, -9
3231.4, -21, -9
3231.5, -21, -9
3231.6, -21, -9
3231.7, -21, -9
3231.8, -21, -9
3231.9, -21, -9
3232, -21, -9
3232.1, -21, -9
3232.2, -21, -9
3232.3, -21, -9
3232.4, -21, -9
3232.5, -21, -9
3232.6, -21, -9
3232.7, -21, -8
3232.8, -21, -8
3232.9, -21, -8
3233, -21, -8
3233.1, -21, -8
3233.2, -21, -8
3233.3, -21, -8
3233.4, -21, -8
3233.5, -21, -8
3233.6, -21, -8
3233.7, -21, -8
3233.8, -21, -8
3233.9, -21, -7
3234, -21, -7
3234.1, -20, -7
3234.2, -20, -7
3234.3, -20, -7
3234.4, -20, -7
3234.5, -20, -7
3234.6, -20, -7
3234.7, -20, -6
3234.8, -20, -6
3234.9, -20, -6
3235, -20, -6
3235.1, -20, -6
3235.2, -20, -6
3235.3, -20, -6
3235.4, -20, -6
3235.5, -20, -6
3235.6, -20, -6
3235.7, -20, -6
3235.8, -20, -6
3235.9, -20, -6
3236, -20, -6
3236.1, -20, -5
3236.2, -20, -5
3236.3, -20, -5
3236.4, -20, -5
3236.5, -20, -5
3236.6, -20, -5
3236.7, -21, -5
3236.8, -21, -5
3236.9, -21, -5
3237, -21, -5
3237.1, -21, -5
3237.2, -21, -5
3237.3, -21, -5
3237.4, -21, -5
3237.5, -21, -5
3237.6, -21, -5
3237.7, -21, -5
3237.8, -21, -5
3237.9, -21, -6
3238, -21, -6
3238.1, -21, -6
3238.2, -21, -6
3238.3, -21, -6
3238.4, -21, -6
3238.5, -21, -6
3238.6, -21, -6
3238.7, -21, -7
3238.8, -21, -7
3238.9, -21, -7
3239, -21, -7
3239.1, -21, -7
3239.2, -21, -7
3239.3, -21, -7
3239.4, -21, -7
3239.5, -21, -6
3239.6, -21, -6
3239.7, -21, -6
3239.8, -21, -6
3239.9, -21, -6
3240, -21, -6
3240.1, -21, -6
3240.2, -21, -6
3240.3, -21, -6
3240.4, -21, -6
3240.5, -20, -6
3240.6, -20, -6
3240.7, -20, -6
3240.8, -20, -6
3240.9, -20, -7
3241, -20, -7
3241.1, -20, -7
3241.2, -20, -7
3241.3, -20, -7
3241.4, -20, -7
3241.5, -20, -7
3241.6, -20, -7
3241.7, -20, -7
3241.8, -20, -7
3241.9, -20, -7
3242, -20, -7
3242.1, -20, -7
3242.2, -20, -7
3242.3, -20, -7
3242.4, -20, -7
3242.5, -20, -7
3242.6, -20, -7
3242.7, -20, -7
3242.8, -20, -7
3242.9, -20, -7
3243, -20, -7
3243.1, -20, -7
3243.2, -20, -7
3243.3, -20, -7
3243.4, -20, -7
3243.5, -20, -7
3243.6, -20, -7
3243.7, -20, -7
3243.8, -20, -7
3243.9, -20, -7
3244, -20, -7
3244.1, -20, -7
3244.2, -20, -7
3244.3, -20, -7
3244.4, -20, -7
3244.5, -20, -7
3244.6, -20, -7
3244.7, -19, -7
3244.8, -19, -7
3244.9, -19, -7
3245, -19, -7
3245.1, -19, -7
3245.2, -19, -7
3245.3, -19, -7
3245.4, -19, -7
3245.5, -19, -7
3245.6, -19, -7
3245.7, -19, -7
3245.8, -19, -7
3245.9, -19, -7
3246, -19, -7
3246.1, -19, -7
3246.2, -19, -7
3246.3, -19, -7
3246.4, -19, -7
3246.5, -19, -7
3246.6, -19, -7
3246.7, -19, -7
3246.8, -19, -7
3246.9, -19, -7
3247, -19, -7
3247.1, -19, -7
3247.2, -19, -7
3247.3, -19, -7
3247.4, -19, -7
3247.5, -19, -7
3247.6, -19, -7
3247.7, -19, -7
3247.8, -19, -7
3247.9, -19, -7
3248, -19, -7
3248.1, -19, -7
3248.2, -19, -7
3248.3, -19, -8
3248.4, -19, -8
3248.5, -19, -8
3248.6, -19, -8
3248.7, -19, -8
3248.8, -19, -8
3248.9, -19, -8
3249, -19, -8
3249.1, -19, -8
3249.2, -19, -8
3249.3, -19, -8
3249.4, -19, -8
3249.5, -19, -8
3249.6, -19, -8
3249.7, -19, -8
3249.8, -19, -8
3249.9, -19, -8
3250, -19, -8
3250.1, -19, -8
3250.2, -19, -8
3250.3, -19, -8
3250.4, -19, -8
3250.5, -19, -7
3250.6, -19, -7
3250.7, -19, -7
3250.8, -19, -7
3250.9, -19, -7
3251, -19, -7
3251.1, -19, -7
3251.2, -19, -7
3251.3, -19, -7
3251.4, -19, -7
3251.5, -19, -7
3251.6, -19, -7
3251.7, -19, -7
3251.8, -19, -7
3251.9, -19, -7
3252, -19, -7
3252.1, -19, -7
3252.2, -19, -7
3252.3, -19, -7
3252.4, -19, -7
3252.5, -19, -7
3252.6, -19, -7
3252.7, -19, -7
3252.8, -19, -7
3252.9, -19, -7
3253, -19, -7
3253.1, -19, -7
3253.2, -19, -7
3253.3, -19, -7
3253.4, -19, -7
3253.5, -19, -7
3253.6, -19, -7
3253.7, -19, -7
3253.8, -19, -7
3253.9, -19, -7
3254, -19, -7
3254.1, -19, -7
3254.2, -19, -7
3254.3, -19, -7
3254.4, -19, -7
3254.5, -19, -7
3254.6, -19, -7
3254.7, -19, -7
3254.8, -19, -7
3254.9, -19, -7
3255, -19, -7
3255.1, -19, -7
3255.2, -19, -7
3255.3, -19, -7
3255.4, -19, -7
3255.5, -19, -7
3255.6, -19, -7
3255.7, -19, -7
3255.8, -19, -7
3255.9, -19, -7
3256, -19, -7
3256.1, -19, -7
3256.2, -19, -7
3256.3, -19, -7
3256.4, -19, -7
3256.5, -19, -7
3256.6, -19, -7
3256.7, -19, -7
3256.8, -19, -7
3256.9, -19, -7
3257, -19, -7
3257.1, -19, -7
3257.2, -19, -7
3257.3, -19, -7
3257.4, -19, -7
3257.5, -20, -7
3257.6, -20, -7
3257.7, -20, -7
3257.8, -20, -7
3257.9, -20, -7
3258, -20, -7
3258.1, -20, -7
3258.2, -20, -7
3258.3, -20, -7
3258.4, -20, -7
3258.5, -20, -7
3258.6, -20, -7
3258.7, -20, -7
3258.8, -20, -7
3258.9, -19, -7
3259, -19, -7
3259.1, -19, -7
3259.2, -19, -7
3259.3, -19, -7
3259.4, -19, -7
3259.5, -19, -7
3259.6, -19, -7
3259.7, -19, -7
3259.8, -19, -7
3259.9, -19, -7
3260, -19, -7
3260.1, -19, -7
3260.2, -19, -7
3260.3, -19, -7
3260.4, -19, -7
3260.5, -19, -7
3260.6, -19, -7
3260.7, -19, -7
3260.8, -19, -7
3260.9, -19, -7
3261, -19, -7
3261.1, -19, -7
3261.2, -19, -7
3261.3, -19, -7
3261.4, -19, -7
3261.5, -19, -7
3261.6, -19, -7
3261.7, -19, -7
3261.8, -19, -7
3261.9, -19, -7
3262, -19, -7
3262.1, -19, -7
3262.2, -19, -7
3262.3, -19, -7
3262.4, -19, -7
3262.5, -19, -6
3262.6, -19, -6
3262.7, -19, -6
3262.8, -19, -6
3262.9, -20, -6
3263, -20, -6
3263.1, -20, -5
3263.2, -20, -5
3263.3, -20, -5
3263.4, -20, -5
3263.5, -20, -5
3263.6, -20, -5
3263.7, -20, -5
3263.8, -20, -5
3263.9, -20, -5
3264, -20, -5
3264.1, -20, -5
3264.2, -20, -5
3264.3, -20, -5
3264.4, -20, -5
3264.5, -20, -5
3264.6, -20, -5
3264.7, -19, -5
3264.8, -19, -5
3264.9, -19, -5
3265, -19, -5
3265.1, -19, -5
3265.2, -19, -5
3265.3, -19, -4
3265.4, -19, -4
3265.5, -19, -5
3265.6, -19, -5
3265.7, -19, -5
3265.8, -19, -5
3265.9, -19, -5
3266, -19, -5
3266.1, -19, -5
3266.2, -19, -5
3266.3, -19, -5
3266.4, -19, -5
3266.5, -19, -5
3266.6, -19, -5
3266.7, -19, -5
3266.8, -19, -5
3266.9, -19, -5
3267, -19, -5
3267.1, -19, -5
3267.2, -19, -5
3267.3, -19, -5
3267.4, -19, -5
3267.5, -19, -5
3267.6, -19, -5
3267.7, -19, -5
3267.8, -19, -5
3267.9, -19, -5
3268, -19, -5
3268.1, -19, -5
3268.2, -19, -5
3268.3, -19, -5
3268.4, -19, -5
3268.5, -19, -5
3268.6, -19, -5
3268.7, -19, -5
3268.8, -19, -5
3268.9, -19, -5
3269, -19, -5
3269.1, -19, -6
3269.2, -19, -6
3269.3, -19, -6
3269.4, -19, -6
3269.5, -19, -6
3269.6, -19, -6
3269.7, -19, -6
3269.8, -19, -6
3269.9, -19, -6
3270, -19, -6
3270.1, -19, -6
3270.2, -19, -6
3270.3, -19, -6
3270.4, -19, -6
3270.5, -19, -6
3270.6, -19, -6
3270.7, -19, -6
3270.8, -19, -6
3270.9, -19, -6
3271, -19, -6
3271.1, -19, -7
3271.2, -19, -7
3271.3, -19, -7
3271.4, -19, -7
3271.5, -19, -7
3271.6, -19, -7
3271.7, -19, -7
3271.8, -19, -7
3271.9, -19, -7
3272, -19, -7
3272.1, -19, -6
3272.2, -19, -6
3272.3, -19, -6
3272.4, -19, -6
3272.5, -19, -6
3272.6, -19, -6
3272.7, -19, -6
3272.8, -19, -6
3272.9, -19, -6
3273, -19, -6
3273.1, -19, -6
3273.2, -19, -6
3273.3, -19, -6
3273.4, -19, -6
3273.5, -19, -6
3273.6, -19, -6
3273.7, -19, -6
3273.8, -19, -6
3273.9, -19, -6
3274, -19, -6
3274.1, -19, -6
3274.2, -19, -6
3274.3, -19, -6
3274.4, -19, -6
3274.5, -19, -6
3274.6, -19, -6
3274.7, -19, -6
3274.8, -19, -6
3274.9, -19, -6
3275, -19, -6
3275.1, -19, -6
3275.2, -19, -6
3275.3, -19, -6
3275.4, -19, -6
3275.5, -19, -6
3275.6, -19, -6
3275.7, -19, -6
3275.8, -19, -6
3275.9, -19, -6
3276, -19, -6
3276.1, -19, -6
3276.2, -19, -6
3276.3, -19, -6
3276.4, -19, -6
3276.5, -19, -7
3276.6, -19, -7
3276.7, -19, -7
3276.8, -19, -7
3276.9, -19, -7
3277, -19, -7
3277.1, -19, -7
3277.2, -19, -7
3277.3, -19, -7
3277.4, -19, -7
3277.5, -19, -7
3277.6, -19, -7
3277.7, -19, -7
3277.8, -19, -7
3277.9, -19, -7
3278, -19, -7
3278.1, -19, -7
3278.2, -19, -7
3278.3, -19, -7
3278.4, -19, -7
3278.5, -19, -7
3278.6, -19, -7
3278.7, -19, -7
3278.8, -19, -7
3278.9, -19, -7
3279, -19, -7
3279.1, -19, -8
3279.2, -19, -8
3279.3, -19, -8
3279.4, -19, -8
3279.5, -19, -8
3279.6, -19, -8
3279.7, -19, -8
3279.8, -19, -8
3279.9, -19, -8
3280, -19, -8
3280.1, -19, -8
3280.2, -19, -8
3280.3, -19, -8
3280.4, -19, -8
3280.5, -19, -8
3280.6, -19, -8
3280.7, -19, -8
3280.8, -19, -8
3280.9, -18, -8
3281, -18, -8
3281.1, -18, -8
3281.2, -18, -8
3281.3, -18, -9
3281.4, -18, -9
3281.5, -18, -9
3281.6, -18, -9
3281.7, -18, -9
3281.8, -18, -9
3281.9, -18, -9
3282, -18, -9
3282.1, -18, -9
3282.2, -18, -9
3282.3, -18, -9
3282.4, -18, -9
3282.5, -18, -9
3282.6, -18, -9
3282.7, -18, -9
3282.8, -18, -9
3282.9, -18, -9
3283, -18, -9
3283.1, -17, -9
3283.2, -17, -9
3283.3, -17, -9
3283.4, -17, -9
3283.5, -17, -9
3283.6, -17, -9
3283.7, -17, -9
3283.8, -17, -9
3283.9, -17, -9
3284, -17, -9
3284.1, -17, -9
3284.2, -17, -9
3284.3, -17, -9
3284.4, -17, -9
3284.5, -17, -9
3284.6, -17, -9
3284.7, -17, -10
3284.8, -17, -10
3284.9, -17, -10
3285, -17, -10
3285.1, -17, -10
3285.2, -17, -10
3285.3, -17, -10
3285.4, -17, -10
3285.5, -17, -10
3285.6, -17, -10
3285.7, -17, -10
3285.8, -17, -10
3285.9, -17, -10
3286, -17, -10
3286.1, -16, -10
3286.2, -16, -10
3286.3, -16, -10
3286.4, -16, -10
3286.5, -16, -10
3286.6, -16, -10
3286.7, -16, -10
3286.8, -16, -10
3286.9, -16, -10
3287, -16, -10
3287.1, -16, -10
3287.2, -16, -10
3287.3, -16, -10
3287.4, -16, -10
3287.5, -16, -10
3287.6, -16, -10
3287.7, -16, -10
3287.8, -16, -10
3287.9, -16, -10
3288, -16, -10
3288.1, -16, -10
3288.2, -16, -10
3288.3, -16, -10
3288.4, -16, -10
3288.5, -15, -10
3288.6, -15, -10
3288.7, -15, -9
3288.8, -15, -9
3288.9, -15, -9
3289, -15, -9
3289.1, -15, -9
3289.2, -15, -9
3289.3, -15, -9
3289.4, -15, -9
3289.5, -15, -9
3289.6, -15, -9
3289.7, -15, -8
3289.8, -15, -8
3289.9, -15, -8
3290, -15, -8
3290.1, -15, -8
3290.2, -15, -8
3290.3, -15, -8
3290.4, -15, -8
3290.5, -16, -8
3290.6, -16, -8
3290.7, -16, -8
3290.8, -16, -8
3290.9, -16, -8
3291, -16, -8
3291.1, -16, -8
3291.2, -16, -8
3291.3, -16, -9
3291.4, -16, -9
3291.5, -16, -9
3291.6, -16, -9
3291.7, -16, -9
3291.8, -16, -9
3291.9, -16, -8
3292, -16, -8
3292.1, -17, -8
3292.2, -17, -8
3292.3, -17, -7
3292.4, -17, -7
3292.5, -17, -7
3292.6, -17, -7
3292.7, -17, -7
3292.8, -17, -7
3292.9, -17, -7
3293, -17, -7
3293.1, -17, -7
3293.2, -17, -7
3293.3, -17, -7
3293.4, -17, -7
3293.5, -17, -7
3293.6, -17, -7
3293.7, -17, -7
3293.8, -17, -7
3293.9, -17, -7
3294, -17, -7
3294.1, -17, -7
3294.2, -17, -7
3294.3, -17, -7
3294.4, -17, -7
3294.5, -17, -7
3294.6, -17, -7
3294.7, -17, -7
3294.8, -17, -7
3294.9, -17, -7
3295, -17, -7
3295.1, -17, -7
3295.2, -17, -7
3295.3, -16, -7
3295.4, -16, -7
3295.5, -16, -7
3295.6, -16, -7
3295.7, -16, -7
3295.8, -16, -7
3295.9, -16, -7
3296, -16, -7
3296.1, -16, -7
3296.2, -16, -7
3296.3, -17, -7
3296.4, -17, -7
3296.5, -17, -7
3296.6, -17, -7
3296.7, -17, -7
3296.8, -17, -7
3296.9, -17, -7
3297, -17, -7
3297.1, -17, -7
3297.2, -17, -7
3297.3, -17, -7
3297.4, -17, -7
3297.5, -17, -7
3297.6, -17, -7
3297.7, -17, -7
3297.8, -17, -7
3297.9, -17, -7
3298, -17, -7
3298.1, -17, -7
3298.2, -17, -7
3298.3, -17, -7
3298.4, -17, -7
3298.5, -16, -7
3298.6, -16, -7
3298.7, -16, -7
3298.8, -16, -7
3298.9, -16, -7
3299, -16, -7
3299.1, -16, -7
3299.2, -16, -7
3299.3, -16, -6
3299.4, -16, -6
3299.5, -16, -6
3299.6, -16, -6
3299.7, -16, -6
3299.8, -16, -6
3299.9, -16, -6
3300, -16, -6
3300.1, -16, -6
3300.2, -16, -6
3300.3, -16, -6
3300.4, -16, -6
3300.5, -16, -6
3300.6, -16, -6
3300.7, -16, -6
3300.8, -16, -6
3300.9, -16, -6
3301, -16, -6
3301.1, -16, -6
3301.2, -16, -6
3301.3, -16, -6
3301.4, -16, -6
3301.5, -16, -6
3301.6, -16, -6
3301.7, -16, -6
3301.8, -16, -6
3301.9, -16, -6
3302, -16, -6
3302.1, -16, -6
3302.2, -16, -6
3302.3, -16, -6
3302.4, -16, -6
3302.5, -16, -6
3302.6, -16, -6
3302.7, -16, -7
3302.8, -16, -7
3302.9, -16, -7
3303, -16, -7
3303.1, -16, -7
3303.2, -16, -7
3303.3, -16, -7
3303.4, -16, -7
3303.5, -16, -7
3303.6, -16, -7
3303.7, -16, -7
3303.8, -16, -7
3303.9, -16, -7
3304, -16, -7
3304.1, -16, -7
3304.2, -16, -7
3304.3, -16, -7
3304.4, -16, -7
3304.5, -16, -7
3304.6, -16, -7
3304.7, -16, -7
3304.8, -16, -7
3304.9, -16, -7
3305, -16, -7
3305.1, -16, -7
3305.2, -16, -7
3305.3, -16, -6
3305.4, -16, -6
3305.5, -16, -6
3305.6, -16, -6
3305.7, -16, -6
3305.8, -16, -6
3305.9, -16, -6
3306, -16, -6
3306.1, -16, -6
3306.2, -16, -6
3306.3, -16, -6
3306.4, -16, -6
3306.5, -16, -6
3306.6, -16, -6
3306.7, -16, -6
3306.8, -16, -6
3306.9, -16, -6
3307, -16, -6
3307.1, -16, -6
3307.2, -16, -6
3307.3, -16, -6
3307.4, -16, -6
3307.5, -16, -6
3307.6, -16, -6
3307.7, -16, -6
3307.8, -16, -6
3307.9, -16, -5
3308, -16, -5
3308.1, -16, -5
3308.2, -16, -5
3308.3, -16, -5
3308.4, -16, -5
3308.5, -16, -5
3308.6, -16, -5
3308.7, -16, -5
3308.8, -16, -5
3308.9, -16, -5
3309, -16, -5
3309.1, -16, -5
3309.2, -16, -5
3309.3, -16, -5
3309.4, -16, -5
3309.5, -16, -5
3309.6, -16, -5
3309.7, -16, -5
3309.8, -16, -5
3309.9, -16, -5
3310, -16, -5
3310.1, -16, -5
3310.2, -16, -5
3310.3, -16, -5
3310.4, -16, -5
3310.5, -16, -5
3310.6, -16, -5
3310.7, -16, -5
3310.8, -16, -5
3310.9, -16, -5
3311, -16, -5
3311.1, -16, -5
3311.2, -16, -5
3311.3, -15, -5
3311.4, -15, -5
3311.5, -15, -5
3311.6, -15, -5
3311.7, -15, -5
3311.8, -15, -5
3311.9, -15, -5
3312, -15, -5
3312.1, -15, -5
3312.2, -15, -5
3312.3, -15, -5
3312.4, -15, -5
3312.5, -15, -5
3312.6, -15, -5
3312.7, -15, -5
3312.8, -15, -5
3312.9, -15, -5
3313, -15, -5
3313.1, -15, -5
3313.2, -15, -5
3313.3, -15, -5
3313.4, -15, -5
3313.5, -15, -5
3313.6, -15, -5
3313.7, -15, -5
3313.8, -15, -5
3313.9, -15, -5
3314, -15, -5
3314.1, -15, -5
3314.2, -15, -5
3314.3, -14, -5
3314.4, -14, -5
3314.5, -14, -5
3314.6, -14, -5
3314.7, -14, -5
3314.8, -14, -5
3314.9, -14, -5
3315, -14, -5
3315.1, -14, -5
3315.2, -14, -5
3315.3, -14, -4
3315.4, -14, -4
3315.5, -14, -4
3315.6, -14, -4
3315.7, -14, -4
3315.8, -14, -4
3315.9, -14, -5
3316, -14, -5
3316.1, -14, -5
3316.2, -14, -5
3316.3, -14, -5
3316.4, -14, -5
3316.5, -14, -5
3316.6, -14, -5
3316.7, -14, -5
3316.8, -14, -5
3316.9, -14, -5
3317, -14, -5
3317.1, -14, -5
3317.2, -14, -5
3317.3, -14, -5
3317.4, -14, -5
3317.5, -14, -5
3317.6, -14, -5
3317.7, -14, -5
3317.8, -14, -5
3317.9, -14, -6
3318, -14, -6
3318.1, -14, -6
3318.2, -14, -6
3318.3, -14, -6
3318.4, -14, -6
3318.5, -14, -6
3318.6, -14, -6
3318.7, -14, -6
3318.8, -14, -6
3318.9, -14, -6
3319, -14, -6
3319.1, -14, -6
3319.2, -14, -6
3319.3, -14, -6
3319.4, -14, -6
3319.5, -14, -6
3319.6, -14, -6
3319.7, -14, -6
3319.8, -14, -6
3319.9, -14, -6
3320, -14, -6
3320.1, -14, -6
3320.2, -14, -6
3320.3, -14, -6
3320.4, -14, -6
3320.5, -14, -6
3320.6, -14, -6
3320.7, -14, -6
3320.8, -14, -6
3320.9, -14, -6
3321, -14, -6
3321.1, -14, -6
3321.2, -14, -6
3321.3, -13, -6
3321.4, -13, -6
3321.5, -13, -6
3321.6, -13, -6
3321.7, -13, -6
3321.8, -13, -6
3321.9, -13, -6
3322, -13, -6
3322.1, -13, -6
3322.2, -13, -6
3322.3, -13, -6
3322.4, -13, -6
3322.5, -14, -6
3322.6, -14, -6
3322.7, -14, -6
3322.8, -14, -6
3322.9, -14, -6
3323, -14, -6
3323.1, -14, -6
3323.2, -14, -6
3323.3, -14, -6
3323.4, -14, -6
3323.5, -14, -6
3323.6, -14, -6
3323.7, -14, -6
3323.8, -14, -6
3323.9, -14, -6
3324, -14, -6
3324.1, -14, -6
3324.2, -14, -6
3324.3, -14, -6
3324.4, -14, -6
3324.5, -14, -6
3324.6, -14, -6
3324.7, -14, -6
3324.8, -14, -6
3324.9, -14, -6
3325, -14, -6
3325.1, -15, -6
3325.2, -15, -6
3325.3, -15, -6
3325.4, -15, -6
3325.5, -15, -6
3325.6, -15, -6
3325.7, -15, -6
3325.8, -15, -6
3325.9, -15, -6
3326, -15, -6
3326.1, -15, -6
3326.2, -15, -6
3326.3, -15, -6
3326.4, -15, -6
3326.5, -15, -6
3326.6, -15, -6
3326.7, -15, -6
3326.8, -15, -6
3326.9, -15, -6
3327, -15, -6
3327.1, -15, -6
3327.2, -15, -6
3327.3, -15, -6
3327.4, -15, -6
3327.5, -15, -6
3327.6, -15, -6
3327.7, -15, -6
3327.8, -15, -6
3327.9, -15, -6
3328, -15, -6
3328.1, -15, -6
3328.2, -15, -6
3328.3, -15, -6
3328.4, -15, -6
3328.5, -15, -6
3328.6, -15, -6
3328.7, -15, -6
3328.8, -15, -6
3328.9, -15, -6
3329, -15, -6
3329.1, -15, -6
3329.2, -15, -6
3329.3, -15, -6
3329.4, -15, -6
3329.5, -15, -6
3329.6, -15, -6
3329.7, -15, -6
3329.8, -15, -6
3329.9, -15, -6
3330, -15, -6
3330.1, -15, -6
3330.2, -15, -6
3330.3, -15, -6
3330.4, -15, -6
3330.5, -15, -6
3330.6, -15, -6
3330.7, -15, -6
3330.8, -15, -6
3330.9, -15, -6
3331, -15, -6
3331.1, -15, -6
3331.2, -15, -6
3331.3, -15, -6
3331.4, -15, -6
3331.5, -15, -6
3331.6, -15, -6
3331.7, -15, -6
3331.8, -15, -6
3331.9, -15, -7
3332, -15, -7
3332.1, -15, -7
3332.2, -15, -7
3332.3, -15, -7
3332.4, -15, -7
3332.5, -15, -7
3332.6, -15, -7
3332.7, -16, -7
3332.8, -16, -7
3332.9, -16, -6
3333, -16, -6
3333.1, -16, -6
3333.2, -16, -6
3333.3, -16, -6
3333.4, -16, -6
3333.5, -16, -6
3333.6, -16, -6
3333.7, -16, -6
3333.8, -16, -6
3333.9, -16, -6
3334, -16, -6
3334.1, -16, -6
3334.2, -16, -6
3334.3, -16, -6
3334.4, -16, -6
3334.5, -16, -6
3334.6, -16, -6
3334.7, -16, -6
3334.8, -16, -6
3334.9, -16, -6
3335, -16, -6
3335.1, -16, -6
3335.2, -16, -6
3335.3, -16, -6
3335.4, -16, -6
3335.5, -16, -6
3335.6, -16, -6
3335.7, -16, -6
3335.8, -16, -6
3335.9, -16, -6
3336, -16, -6
3336.1, -16, -6
3336.2, -16, -6
3336.3, -16, -5
3336.4, -16, -5
3336.5, -15, -5
3336.6, -15, -5
3336.7, -15, -5
3336.8, -15, -5
3336.9, -15, -5
3337, -15, -5
3337.1, -14, -5
3337.2, -14, -5
3337.3, -14, -5
3337.4, -14, -5
3337.5, -14, -5
3337.6, -14, -5
3337.7, -14, -5
3337.8, -14, -5
3337.9, -14, -5
3338, -14, -5
3338.1, -14, -5
3338.2, -14, -5
3338.3, -14, -5
3338.4, -14, -5
3338.5, -14, -5
3338.6, -14, -5
3338.7, -14, -5
3338.8, -14, -5
3338.9, -14, -5
3339, -14, -5
3339.1, -14, -5
3339.2, -14, -5
3339.3, -14, -5
3339.4, -14, -5
3339.5, -14, -5
3339.6, -14, -5
3339.7, -14, -5
3339.8, -14, -5
3339.9, -14, -5
3340, -14, -5
3340.1, -14, -5
3340.2, -14, -5
3340.3, -14, -5
3340.4, -14, -5
3340.5, -15, -5
3340.6, -15, -5
3340.7, -15, -5
3340.8, -15, -5
3340.9, -15, -5
3341, -15, -5
3341.1, -15, -5
3341.2, -15, -5
3341.3, -14, -5
3341.4, -14, -5
3341.5, -14, -5
3341.6, -14, -5
3341.7, -14, -5
3341.8, -14, -5
3341.9, -14, -5
3342, -14, -5
3342.1, -14, -5
3342.2, -14, -5
3342.3, -14, -5
3342.4, -14, -5
3342.5, -14, -5
3342.6, -14, -5
3342.7, -14, -5
3342.8, -14, -5
3342.9, -14, -5
3343, -14, -5
3343.1, -14, -5
3343.2, -14, -5
3343.3, -14, -5
3343.4, -14, -5
3343.5, -14, -4
3343.6, -14, -4
3343.7, -14, -4
3343.8, -14, -4
3343.9, -14, -4
3344, -14, -4
3344.1, -14, -4
3344.2, -14, -4
3344.3, -14, -4
3344.4, -14, -4
3344.5, -14, -4
3344.6, -14, -4
3344.7, -14, -4
3344.8, -14, -4
3344.9, -14, -4
3345, -14, -4
3345.1, -14, -4
3345.2, -14, -4
3345.3, -14, -4
3345.4, -14, -4
3345.5, -14, -4
3345.6, -14, -4
3345.7, -14, -4
3345.8, -14, -4
3345.9, -14, -4
3346, -14, -4
3346.1, -14, -4
3346.2, -14, -4
3346.3, -14, -4
3346.4, -14, -4
3346.5, -14, -4
3346.6, -14, -4
3346.7, -14, -4
3346.8, -14, -4
3346.9, -13, -4
3347, -13, -4
3347.1, -13, -4
3347.2, -13, -4
3347.3, -13, -4
3347.4, -13, -4
3347.5, -13, -4
3347.6, -13, -4
3347.7, -13, -4
3347.8, -13, -4
3347.9, -13, -4
3348, -13, -4
3348.1, -13, -4
3348.2, -13, -4
3348.3, -13, -4
3348.4, -13, -4
3348.5, -13, -4
3348.6, -13, -4
3348.7, -13, -4
3348.8, -13, -4
3348.9, -13, -5
3349, -13, -5
3349.1, -13, -5
3349.2, -13, -5
3349.3, -13, -5
3349.4, -13, -5
3349.5, -13, -5
3349.6, -13, -5
3349.7, -13, -5
3349.8, -13, -5
3349.9, -13, -5
3350, -13, -5
3350.1, -13, -5
3350.2, -13, -5
3350.3, -13, -5
3350.4, -13, -5
3350.5, -13, -5
3350.6, -13, -5
3350.7, -13, -5
3350.8, -13, -5
3350.9, -13, -5
3351, -13, -5
3351.1, -13, -5
3351.2, -13, -5
3351.3, -13, -5
3351.4, -13, -5
3351.5, -13, -5
3351.6, -13, -5
3351.7, -13, -5
3351.8, -13, -5
3351.9, -13, -5
3352, -13, -5
3352.1, -13, -5
3352.2, -13, -5
3352.3, -13, -5
3352.4, -13, -5
3352.5, -13, -5
3352.6, -13, -5
3352.7, -13, -5
3352.8, -13, -5
3352.9, -13, -4
3353, -13, -4
3353.1, -13, -4
3353.2, -13, -4
3353.3, -13, -4
3353.4, -13, -4
3353.5, -13, -5
3353.6, -13, -5
3353.7, -13, -5
3353.8, -13, -5
3353.9, -13, -5
3354, -13, -5
3354.1, -13, -5
3354.2, -13, -5
3354.3, -13, -5
3354.4, -13, -5
3354.5, -13, -5
3354.6, -13, -5
3354.7, -13, -5
3354.8, -13, -5
3354.9, -13, -5
3355, -13, -5
3355.1, -13, -5
3355.2, -13, -5
3355.3, -13, -5
3355.4, -13, -5
3355.5, -13, -5
3355.6, -13, -5
3355.7, -13, -5
3355.8, -13, -5
3355.9, -13, -5
3356, -13, -5
3356.1, -14, -5
3356.2, -14, -5
3356.3, -14, -5
3356.4, -14, -5
3356.5, -14, -5
3356.6, -14, -5
3356.7, -14, -5
3356.8, -14, -5
3356.9, -14, -5
3357, -14, -5
3357.1, -14, -5
3357.2, -14, -5
3357.3, -14, -5
3357.4, -14, -5
3357.5, -14, -5
3357.6, -14, -5
3357.7, -14, -5
3357.8, -14, -5
3357.9, -14, -5
3358, -14, -5
3358.1, -14, -5
3358.2, -14, -5
3358.3, -14, -5
3358.4, -14, -5
3358.5, -14, -5
3358.6, -14, -5
3358.7, -14, -5
3358.8, -14, -5
3358.9, -14, -5
3359, -14, -5
3359.1, -14, -5
3359.2, -14, -5
3359.3, -14, -4
3359.4, -14, -4
3359.5, -14, -4
3359.6, -14, -4
3359.7, -14, -4
3359.8, -14, -4
3359.9, -14, -4
3360, -14, -4
3360.1, -14, -4
3360.2, -14, -4
3360.3, -14, -4
3360.4, -14, -4
3360.5, -14, -4
3360.6, -14, -4
3360.7, -14, -4
3360.8, -14, -4
3360.9, -14, -4
3361, -14, -4
3361.1, -14, -4
3361.2, -14, -4
3361.3, -14, -4
3361.4, -14, -4
3361.5, -14, -4
3361.6, -14, -4
3361.7, -14, -3
3361.8, -14, -3
3361.9, -14, -3
3362, -14, -3
3362.1, -14, -3
3362.2, -14, -3
3362.3, -14, -3
3362.4, -14, -3
3362.5, -14, -3
3362.6, -14, -3
3362.7, -14, -3
3362.8, -14, -3
3362.9, -15, -3
3363, -15, -3
3363.1, -15, -3
3363.2, -15, -3
3363.3, -15, -3
3363.4, -15, -3
3363.5, -15, -3
3363.6, -15, -3
3363.7, -15, -3
3363.8, -15, -3
3363.9, -15, -4
3364, -15, -4
3364.1, -16, -4
3364.2, -16, -4
3364.3, -16, -4
3364.4, -16, -4
3364.5, -16, -4
3364.6, -16, -4
3364.7, -16, -4
3364.8, -16, -4
3364.9, -16, -4
3365, -16, -4
3365.1, -16, -4
3365.2, -16, -4
3365.3, -16, -3
3365.4, -16, -3
3365.5, -16, -3
3365.6, -16, -3
3365.7, -16, -3
3365.8, -16, -3
3365.9, -16, -3
3366, -16, -3
3366.1, -16, -3
3366.2, -16, -3
3366.3, -16, -3
3366.4, -16, -3
3366.5, -16, -2
3366.6, -16, -2
3366.7, -16, -2
3366.8, -16, -2
3366.9, -16, -2
3367, -16, -2
3367.1, -16, -2
3367.2, -16, -2
3367.3, -16, -2
3367.4, -16, -2
3367.5, -16, -2
3367.6, -16, -2
3367.7, -16, -2
3367.8, -16, -2
3367.9, -16, -2
3368, -16, -2
3368.1, -16, -3
3368.2, -16, -3
3368.3, -16, -3
3368.4, -16, -3
3368.5, -15, -3
3368.6, -15, -3
3368.7, -15, -3
3368.8, -15, -3
3368.9, -14, -3
3369, -14, -3
3369.1, -14, -3
3369.2, -14, -3
3369.3, -14, -3
3369.4, -14, -3
3369.5, -14, -3
3369.6, -14, -3
3369.7, -14, -3
3369.8, -14, -3
3369.9, -14, -3
3370, -14, -3
3370.1, -14, -3
3370.2, -14, -3
3370.3, -14, -3
3370.4, -14, -3
3370.5, -14, -3
3370.6, -14, -3
3370.7, -14, -3
3370.8, -14, -3
3370.9, -14, -3
3371, -14, -3
3371.1, -14, -3
3371.2, -14, -3
3371.3, -14, -4
3371.4, -14, -4
3371.5, -14, -4
3371.6, -14, -4
3371.7, -14, -4
3371.8, -14, -4
3371.9, -14, -4
3372, -14, -4
3372.1, -14, -4
3372.2, -14, -4
3372.3, -14, -4
3372.4, -14, -4
3372.5, -14, -4
3372.6, -14, -4
3372.7, -14, -4
3372.8, -14, -4
3372.9, -14, -4
3373, -14, -4
3373.1, -15, -4
3373.2, -15, -4
3373.3, -15, -4
3373.4, -15, -4
3373.5, -15, -4
3373.6, -15, -4
3373.7, -15, -4
3373.8, -15, -4
3373.9, -15, -4
3374, -15, -4
3374.1, -15, -4
3374.2, -15, -4
3374.3, -15, -4
3374.4, -15, -4
3374.5, -15, -4
3374.6, -15, -4
3374.7, -15, -4
3374.8, -15, -4
3374.9, -15, -4
3375, -15, -4
3375.1, -15, -4
3375.2, -15, -4
3375.3, -15, -4
3375.4, -15, -4
3375.5, -15, -4
3375.6, -15, -4
3375.7, -15, -4
3375.8, -15, -4
3375.9, -15, -4
3376, -15, -4
3376.1, -15, -4
3376.2, -15, -4
3376.3, -15, -3
3376.4, -15, -3
3376.5, -15, -3
3376.6, -15, -3
3376.7, -15, -3
3376.8, -15, -3
3376.9, -15, -2
3377, -15, -2
3377.1, -16, -2
3377.2, -16, -2
3377.3, -16, -2
3377.4, -16, -2
3377.5, -16, -2
3377.6, -16, -2
3377.7, -16, -2
3377.8, -16, -2
3377.9, -16, -2
3378, -16, -2
3378.1, -16, -2
3378.2, -16, -2
3378.3, -16, -2
3378.4, -16, -2
3378.5, -16, -2
3378.6, -16, -2
3378.7, -16, -2
3378.8, -16, -2
3378.9, -16, -2
3379, -16, -2
3379.1, -16, -2
3379.2, -16, -2
3379.3, -16, -2
3379.4, -16, -2
3379.5, -16, -2
3379.6, -16, -2
3379.7, -16, -2
3379.8, -16, -2
3379.9, -16, -2
3380, -16, -2
3380.1, -17, -2
3380.2, -17, -2
3380.3, -17, -2
3380.4, -17, -2
3380.5, -17, -2
3380.6, -17, -2
3380.7, -17, -2
3380.8, -17, -2
3380.9, -17, -2
3381, -17, -2
3381.1, -17, -2
3381.2, -17, -2
3381.3, -17, -2
3381.4, -17, -2
3381.5, -17, -3
3381.6, -17, -3
3381.7, -17, -3
3381.8, -17, -3
3381.9, -17, -3
3382, -17, -3
3382.1, -17, -3
3382.2, -17, -3
3382.3, -17, -3
3382.4, -17, -3
3382.5, -17, -3
3382.6, -17, -3
3382.7, -17, -3
3382.8, -17, -3
3382.9, -17, -3
3383, -17, -3
3383.1, -17, -2
3383.2, -17, -2
3383.3, -17, -2
3383.4, -17, -2
3383.5, -17, -2
3383.6, -17, -2
3383.7, -17, -2
3383.8, -17, -2
3383.9, -17, -2
3384, -17, -2
3384.1, -17, -2
3384.2, -17, -2
3384.3, -17, -2
3384.4, -17, -2
3384.5, -17, -2
3384.6, -17, -2
3384.7, -17, -2
3384.8, -17, -2
3384.9, -17, -2
3385, -17, -2
3385.1, -17, -2
3385.2, -17, -2
3385.3, -17, -2
3385.4, -17, -2
3385.5, -17, -2
3385.6, -17, -2
3385.7, -17, -3
3385.8, -17, -3
3385.9, -17, -3
3386, -17, -3
3386.1, -17, -3
3386.2, -17, -3
3386.3, -17, -3
3386.4, -17, -3
3386.5, -17, -3
3386.6, -17, -3
3386.7, -17, -3
3386.8, -17, -3
3386.9, -17, -3
3387, -17, -3
3387.1, -17, -3
3387.2, -17, -3
3387.3, -17, -3
3387.4, -17, -3
3387.5, -17, -3
3387.6, -17, -3
3387.7, -17, -3
3387.8, -17, -3
3387.9, -17, -3
3388, -17, -3
3388.1, -17, -3
3388.2, -17, -3
3388.3, -17, -3
3388.4, -17, -3
3388.5, -17, -3
3388.6, -17, -3
3388.7, -17, -3
3388.8, -17, -3
3388.9, -17, -3
3389, -17, -3
3389.1, -17, -3
3389.2, -17, -3
3389.3, -17, -3
3389.4, -17, -3
3389.5, -17, -3
3389.6, -17, -3
3389.7, -17, -3
3389.8, -17, -3
3389.9, -17, -3
3390, -17, -3
3390.1, -17, -3
3390.2, -17, -3
3390.3, -17, -3
3390.4, -17, -3
3390.5, -17, -3
3390.6, -17, -3
3390.7, -17, -3
3390.8, -17, -3
3390.9, -17, -3
3391, -17, -3
3391.1, -17, -2
3391.2, -17, -2
3391.3, -17, -2
3391.4, -17, -2
3391.5, -16, -2
3391.6, -16, -2
3391.7, -16, -2
3391.8, -16, -2
3391.9, -16, -2
3392, -16, -2
3392.1, -16, -2
3392.2, -16, -2
3392.3, -16, -2
3392.4, -16, -2
3392.5, -16, -2
3392.6, -16, -2
3392.7, -16, -2
3392.8, -16, -2
3392.9, -16, -2
3393, -16, -2
3393.1, -16, -2
3393.2, -16, -2
3393.3, -16, -2
3393.4, -16, -2
3393.5, -16, -2
3393.6, -16, -2
3393.7, -16, -2
3393.8, -16, -2
3393.9, -16, -2
3394, -16, -2
3394.1, -16, -2
3394.2, -16, -2
3394.3, -16, -2
3394.4, -16, -2
3394.5, -16, -2
3394.6, -16, -2
3394.7, -16, -2
3394.8, -16, -2
3394.9, -16, -2
3395, -16, -2
3395.1, -16, -2
3395.2, -16, -2
3395.3, -16, -2
3395.4, -16, -2
3395.5, -16, -2
3395.6, -16, -2
3395.7, -16, -2
3395.8, -16, -2
3395.9, -16, -2
3396, -16, -2
3396.1, -16, -2
3396.2, -16, -2
3396.3, -16, -2
3396.4, -16, -2
3396.5, -16, -2
3396.6, -16, -2
3396.7, -16, -2
3396.8, -16, -2
3396.9, -17, -2
3397, -17, -2
3397.1, -17, -2
3397.2, -17, -2
3397.3, -17, -2
3397.4, -17, -2
3397.5, -17, -3
3397.6, -17, -3
3397.7, -17, -3
3397.8, -17, -3
3397.9, -17, -3
3398, -17, -3
3398.1, -17, -3
3398.2, -17, -3
3398.3, -17, -3
3398.4, -17, -3
3398.5, -17, -3
3398.6, -17, -3
3398.7, -17, -3
3398.8, -17, -3
3398.9, -17, -3
3399, -17, -3
3399.1, -17, -3
3399.2, -17, -3
3399.3, -17, -3
3399.4, -17, -3
3399.5, -17, -3
3399.6, -17, -3
3399.7, -17, -3
3399.8, -17, -3
3399.9, -17, -3
3400, -17, -3
3400.1, -17, -3
3400.2, -17, -3
3400.3, -16, -3
3400.4, -16, -3
3400.5, -16, -3
3400.6, -16, -3
3400.7, -16, -3
3400.8, -16, -3
3400.9, -16, -3
3401, -16, -3
3401.1, -16, -3
3401.2, -16, -3
3401.3, -16, -3
3401.4, -16, -3
3401.5, -16, -4
3401.6, -16, -4
3401.7, -16, -4
3401.8, -16, -4
3401.9, -16, -4
3402, -16, -4
3402.1, -16, -4
3402.2, -16, -4
3402.3, -16, -4
3402.4, -16, -4
3402.5, -16, -4
3402.6, -16, -4
3402.7, -16, -4
3402.8, -16, -4
3402.9, -16, -4
3403, -16, -4
3403.1, -17, -4
3403.2, -17, -4
3403.3, -17, -4
3403.4, -17, -4
3403.5, -17, -4
3403.6, -17, -4
3403.7, -17, -4
3403.8, -17, -4
3403.9, -17, -5
3404, -17, -5
3404.1, -17, -5
3404.2, -17, -5
3404.3, -17, -5
3404.4, -17, -5
3404.5, -17, -5
3404.6, -17, -5
3404.7, -17, -5
3404.8, -17, -5
3404.9, -17, -5
3405, -17, -5
3405.1, -17, -5
3405.2, -17, -5
3405.3, -17, -4
3405.4, -17, -4
3405.5, -16, -4
3405.6, -16, -4
3405.7, -16, -4
3405.8, -16, -4
3405.9, -16, -4
3406, -16, -4
3406.1, -16, -4
3406.2, -16, -4
3406.3, -16, -5
3406.4, -16, -5
3406.5, -16, -5
3406.6, -16, -5
3406.7, -16, -5
3406.8, -16, -5
3406.9, -16, -4
3407, -16, -4
3407.1, -16, -4
3407.2, -16, -4
3407.3, -16, -4
3407.4, -16, -4
3407.5, -16, -4
3407.6, -16, -4
3407.7, -16, -4
3407.8, -16, -4
3407.9, -16, -4
3408, -16, -4
3408.1, -16, -4
3408.2, -16, -4
3408.3, -16, -4
3408.4, -16, -4
3408.5, -16, -4
3408.6, -16, -4
3408.7, -16, -4
3408.8, -16, -4
3408.9, -16, -4
3409, -16, -4
3409.1, -16, -4
3409.2, -16, -4
3409.3, -16, -4
3409.4, -16, -4
3409.5, -16, -4
3409.6, -16, -4
3409.7, -16, -4
3409.8, -16, -4
3409.9, -16, -4
3410, -16, -4
3410.1, -16, -4
3410.2, -16, -4
3410.3, -16, -4
3410.4, -16, -4
3410.5, -16, -4
3410.6, -16, -4
3410.7, -16, -4
3410.8, -16, -4
3410.9, -17, -4
3411, -17, -4
3411.1, -17, -4
3411.2, -17, -4
3411.3, -17, -4
3411.4, -17, -4
3411.5, -17, -4
3411.6, -17, -4
3411.7, -17, -4
3411.8, -17, -4
3411.9, -17, -4
3412, -17, -4
3412.1, -17, -4
3412.2, -17, -4
3412.3, -17, -4
3412.4, -17, -4
3412.5, -17, -4
3412.6, -17, -4
3412.7, -16, -4
3412.8, -16, -4
3412.9, -16, -4
3413, -16, -4
3413.1, -16, -4
3413.2, -16, -4
3413.3, -16, -4
3413.4, -16, -4
3413.5, -16, -4
3413.6, -16, -4
3413.7, -16, -4
3413.8, -16, -4
3413.9, -16, -3
3414, -16, -3
3414.1, -16, -3
3414.2, -16, -3
3414.3, -16, -3
3414.4, -16, -3
3414.5, -16, -3
3414.6, -16, -3
3414.7, -16, -3
3414.8, -16, -3
3414.9, -16, -3
3415, -16, -3
3415.1, -16, -3
3415.2, -16, -3
3415.3, -16, -3
3415.4, -16, -3
3415.5, -16, -2
3415.6, -16, -2
3415.7, -16, -2
3415.8, -16, -2
3415.9, -16, -1
3416, -16, -1
3416.1, -16, -1
3416.2, -16, -1
3416.3, -16, -1
3416.4, -16, -1
3416.5, -16, -1
3416.6, -16, -1
3416.7, -16, -1
3416.8, -16, -1
3416.9, -16, -2
3417, -16, -2
3417.1, -15, -2
3417.2, -15, -2
3417.3, -15, -2
3417.4, -15, -2
3417.5, -15, -2
3417.6, -15, -2
3417.7, -15, -2
3417.8, -15, -2
3417.9, -15, -2
3418, -15, -2
3418.1, -15, -2
3418.2, -15, -2
3418.3, -15, -2
3418.4, -15, -2
3418.5, -15, -2
3418.6, -15, -2
3418.7, -15, -2
3418.8, -15, -2
3418.9, -15, -2
3419, -15, -2
3419.1, -15, -2
3419.2, -15, -2
3419.3, -15, -2
3419.4, -15, -2
3419.5, -15, -3
3419.6, -15, -3
3419.7, -15, -3
3419.8, -15, -3
3419.9, -15, -3
3420, -15, -3
3420.1, -15, -3
3420.2, -15, -3
3420.3, -15, -3
3420.4, -15, -3
3420.5, -15, -3
3420.6, -15, -3
3420.7, -15, -3
3420.8, -15, -3
3420.9, -14, -3
3421, -14, -3
3421.1, -14, -3
3421.2, -14, -3
3421.3, -14, -3
3421.4, -14, -3
3421.5, -14, -3
3421.6, -14, -3
3421.7, -14, -3
3421.8, -14, -3
3421.9, -14, -3
3422, -14, -3
3422.1, -14, -3
3422.2, -14, -3
3422.3, -13, -3
3422.4, -13, -3
3422.5, -13, -3
3422.6, -13, -3
3422.7, -14, -3
3422.8, -14, -3
3422.9, -14, -3
3423, -14, -3
3423.1, -14, -3
3423.2, -14, -3
3423.3, -14, -3
3423.4, -14, -3
3423.5, -15, -3
3423.6, -15, -3
3423.7, -15, -3
3423.8, -15, -3
3423.9, -15, -3
3424, -15, -3
3424.1, -15, -3
3424.2, -15, -3
3424.3, -15, -3
3424.4, -15, -3
3424.5, -15, -3
3424.6, -15, -3
3424.7, -15, -3
3424.8, -15, -3
3424.9, -15, -3
3425, -15, -3
3425.1, -15, -3
3425.2, -15, -3
3425.3, -15, -3
3425.4, -15, -3
3425.5, -15, -3
3425.6, -15, -3
3425.7, -15, -4
3425.8, -15, -4
3425.9, -15, -4
3426, -15, -4
3426.1, -15, -4
3426.2, -15, -4
3426.3, -15, -4
3426.4, -15, -4
3426.5, -15, -4
3426.6, -15, -4
3426.7, -15, -5
3426.8, -15, -5
3426.9, -15, -4
3427, -15, -4
3427.1, -15, -4
3427.2, -15, -4
3427.3, -15, -4
3427.4, -15, -4
3427.5, -15, -4
3427.6, -15, -4
3427.7, -15, -4
3427.8, -15, -4
3427.9, -15, -4
3428, -15, -4
3428.1, -15, -4
3428.2, -15, -4
3428.3, -15, -4
3428.4, -15, -4
3428.5, -16, -4
3428.6, -16, -4
3428.7, -16, -4
3428.8, -16, -4
3428.9, -16, -4
3429, -16, -4
3429.1, -16, -4
3429.2, -16, -4
3429.3, -16, -4
3429.4, -16, -4
3429.5, -16, -4
3429.6, -16, -4
3429.7, -16, -4
3429.8, -16, -4
3429.9, -16, -4
3430, -16, -4
3430.1, -16, -4
3430.2, -16, -4
3430.3, -16, -4
3430.4, -16, -4
3430.5, -16, -4
3430.6, -16, -4
3430.7, -16, -4
3430.8, -16, -4
3430.9, -16, -4
3431, -16, -4
3431.1, -16, -4
3431.2, -16, -4
3431.3, -16, -4
3431.4, -16, -4
3431.5, -16, -4
3431.6, -16, -4
3431.7, -16, -3
3431.8, -16, -3
3431.9, -16, -3
3432, -16, -3
3432.1, -16, -3
3432.2, -16, -3
3432.3, -16, -3
3432.4, -16, -3
3432.5, -17, -3
3432.6, -17, -3
3432.7, -17, -3
3432.8, -17, -3
3432.9, -17, -3
3433, -17, -3
3433.1, -17, -3
3433.2, -17, -3
3433.3, -17, -3
3433.4, -17, -3
3433.5, -17, -3
3433.6, -17, -3
3433.7, -17, -4
3433.8, -17, -4
3433.9, -17, -4
3434, -17, -4
3434.1, -17, -4
3434.2, -17, -4
3434.3, -17, -4
3434.4, -17, -4
3434.5, -17, -4
3434.6, -17, -4
3434.7, -17, -4
3434.8, -17, -4
3434.9, -17, -4
3435, -17, -4
3435.1, -17, -4
3435.2, -17, -4
3435.3, -17, -4
3435.4, -17, -4
3435.5, -17, -4
3435.6, -17, -4
3435.7, -17, -4
3435.8, -17, -4
3435.9, -17, -4
3436, -17, -4
3436.1, -17, -4
3436.2, -17, -4
3436.3, -17, -4
3436.4, -17, -4
3436.5, -16, -4
3436.6, -16, -4
3436.7, -16, -4
3436.8, -16, -4
3436.9, -16, -4
3437, -16, -4
3437.1, -16, -4
3437.2, -16, -4
3437.3, -16, -4
3437.4, -16, -4
3437.5, -16, -4
3437.6, -16, -4
3437.7, -16, -4
3437.8, -16, -4
3437.9, -16, -4
3438, -16, -4
3438.1, -16, -4
3438.2, -16, -4
3438.3, -16, -3
3438.4, -16, -3
3438.5, -16, -3
3438.6, -16, -3
3438.7, -16, -3
3438.8, -16, -3
3438.9, -16, -2
3439, -16, -2
3439.1, -16, -2
3439.2, -16, -2
3439.3, -16, -2
3439.4, -16, -2
3439.5, -16, -2
3439.6, -16, -2
3439.7, -16, -2
3439.8, -16, -2
3439.9, -16, -2
3440, -16, -2
3440.1, -16, -2
3440.2, -16, -2
3440.3, -16, -2
3440.4, -16, -2
3440.5, -16, -2
3440.6, -16, -2
3440.7, -16, -2
3440.8, -16, -2
3440.9, -16, -1
3441, -16, -1
3441.1, -16, -1
3441.2, -16, -1
3441.3, -15, -1
3441.4, -15, -1
3441.5, -15, -1
3441.6, -15, -1
3441.7, -15, -1
3441.8, -15, -1
3441.9, -15, -1
3442, -15, -1
3442.1, -15, -1
3442.2, -15, -1
3442.3, -16, -1
3442.4, -16, -1
3442.5, -16, -1
3442.6, -16, -1
3442.7, -16, -1
3442.8, -16, -1
3442.9, -16, -1
3443, -16, -1
3443.1, -16, -1
3443.2, -16, -1
3443.3, -16, -1
3443.4, -16, -1
3443.5, -15, -1
3443.6, -15, -1
3443.7, -15, -1
3443.8, -15, -1
3443.9, -15, -1
3444, -15, -1
3444.1, -15, -1
3444.2, -15, -1
3444.3, -15, -1
3444.4, -15, -1
3444.5, -15, -1
3444.6, -15, -1
3444.7, -15, -1
3444.8, -15, -1
3444.9, -15, -1
3445, -15, -1
3445.1, -15, 0
3445.2, -15, 0
3445.3, -15, 0
3445.4, -15, 0
3445.5, -15, 0
3445.6, -15, 0
3445.7, -15, 0
3445.8, -15, 0
3445.9, -15, 0
3446, -15, 0
3446.1, -15, 1
3446.2, -15, 1
3446.3, -15, 1
3446.4, -15, 1
3446.5, -15, 1
3446.6, -15, 1
3446.7, -15, 1
3446.8, -15, 1
3446.9, -15, 1
3447, -15, 1
3447.1, -15, 1
3447.2, -15, 1
3447.3, -15, 1
3447.4, -15, 1
3447.5, -15, 1
3447.6, -15, 1
3447.7, -15, 1
3447.8, -15, 1
3447.9, -15, 1
3448, -15, 1
3448.1, -15, 1
3448.2, -15, 1
3448.3, -15, 1
3448.4, -15, 1
3448.5, -15, 1
3448.6, -15, 1
3448.7, -15, 1
3448.8, -15, 1
3448.9, -15, 1
3449, -15, 1
3449.1, -15, 1
3449.2, -15, 1
3449.3, -15, 1
3449.4, -15, 1
3449.5, -15, 1
3449.6, -15, 1
3449.7, -15, 1
3449.8, -15, 1
3449.9, -16, 1
3450, -16, 1
3450.1, -16, 1
3450.2, -16, 1
3450.3, -16, 1
3450.4, -16, 1
3450.5, -16, 1
3450.6, -16, 1
3450.7, -16, 1
3450.8, -16, 1
3450.9, -16, 1
3451, -16, 1
3451.1, -16, 1
3451.2, -16, 1
3451.3, -16, 1
3451.4, -16, 1
3451.5, -16, 1
3451.6, -16, 1
3451.7, -16, 1
3451.8, -16, 1
3451.9, -16, 1
3452, -16, 1
3452.1, -16, 1
3452.2, -16, 1
3452.3, -16, 1
3452.4, -16, 1
3452.5, -16, 1
3452.6, -16, 1
3452.7, -16, 1
3452.8, -16, 1
3452.9, -16, 1
3453, -16, 1
3453.1, -16, 1
3453.2, -16, 1
3453.3, -16, 1
3453.4, -16, 1
3453.5, -16, 1
3453.6, -16, 1
3453.7, -16, 0
3453.8, -16, 0
3453.9, -16, 0
3454, -16, 0
3454.1, -16, 0
3454.2, -16, 0
3454.3, -16, 0
3454.4, -16, 0
3454.5, -16, 0
3454.6, -16, 0
3454.7, -16, 0
3454.8, -16, 0
3454.9, -16, 0
3455, -16, 0
3455.1, -15, 0
3455.2, -15, 0
3455.3, -15, 0
3455.4, -15, 0
3455.5, -15, 0
3455.6, -15, 0
3455.7, -15, -1
3455.8, -15, -1
3455.9, -15, -1
3456, -15, -1
3456.1, -15, -1
3456.2, -15, -1
3456.3, -15, -1
3456.4, -15, -1
3456.5, -15, -1
3456.6, -15, -1
3456.7, -15, -1
3456.8, -15, -1
3456.9, -15, -1
3457, -15, -1
3457.1, -15, -1
3457.2, -15, -1
3457.3, -15, -1
3457.4, -15, -1
3457.5, -15, -1
3457.6, -15, -1
3457.7, -15, -1
3457.8, -15, -1
3457.9, -15, -2
3458, -15, -2
3458.1, -15, -3
3458.2, -15, -3
3458.3, -15, -3
3458.4, -15, -3
3458.5, -15, -3
3458.6, -15, -3
3458.7, -15, -3
3458.8, -15, -3
3458.9, -15, -3
3459, -15, -3
3459.1, -15, -3
3459.2, -15, -3
3459.3, -15, -3
3459.4, -15, -3
3459.5, -15, -3
3459.6, -15, -3
3459.7, -15, -3
3459.8, -15, -3
3459.9, -15, -3
3460, -15, -3
3460.1, -15, -3
3460.2, -15, -3
3460.3, -15, -4
3460.4, -15, -4
3460.5, -15, -3
3460.6, -15, -3
3460.7, -15, -3
3460.8, -15, -3
3460.9, -15, -3
3461, -15, -3
3461.1, -15, -3
3461.2, -15, -3
3461.3, -15, -2
3461.4, -15, -2
3461.5, -15, -2
3461.6, -15, -2
3461.7, -15, -2
3461.8, -15, -2
3461.9, -15, -2
3462, -15, -2
3462.1, -15, -3
3462.2, -15, -3
3462.3, -15, -2
3462.4, -15, -2
3462.5, -15, -2
3462.6, -15, -2
3462.7, -15, -2
3462.8, -15, -2
3462.9, -15, -3
3463, -15, -3
3463.1, -14, -3
3463.2, -14, -3
3463.3, -14, -3
3463.4, -14, -3
3463.5, -14, -3
3463.6, -14, -3
3463.7, -14, -3
3463.8, -14, -3
3463.9, -14, -3
3464, -14, -3
3464.1, -14, -3
3464.2, -14, -3
3464.3, -14, -3
3464.4, -14, -3
3464.5, -14, -3
3464.6, -14, -3
3464.7, -14, -3
3464.8, -14, -3
3464.9, -14, -3
3465, -14, -3
3465.1, -14, -3
3465.2, -14, -3
3465.3, -14, -3
3465.4, -14, -3
3465.5, -14, -3
3465.6, -14, -3
3465.7, -14, -3
3465.8, -14, -3
3465.9, -14, -3
3466, -14, -3
3466.1, -14, -3
3466.2, -14, -3
3466.3, -15, -3
3466.4, -15, -3
3466.5, -15, -3
3466.6, -15, -3
3466.7, -15, -3
3466.8, -15, -3
3466.9, -15, -3
3467, -15, -3
3467.1, -15, -3
3467.2, -15, -3
3467.3, -15, -3
3467.4, -15, -3
3467.5, -15, -3
3467.6, -15, -3
3467.7, -15, -3
3467.8, -15, -3
3467.9, -15, -3
3468, -15, -3
3468.1, -15, -3
3468.2, -15, -3
3468.3, -15, -3
3468.4, -15, -3
3468.5, -15, -3
3468.6, -15, -3
3468.7, -15, -3
3468.8, -15, -3
3468.9, -15, -3
3469, -15, -3
3469.1, -15, -3
3469.2, -15, -3
3469.3, -16, -3
3469.4, -16, -3
3469.5, -16, -3
3469.6, -16, -3
3469.7, -16, -3
3469.8, -16, -3
3469.9, -16, -3
3470, -16, -3
3470.1, -16, -3
3470.2, -16, -3
3470.3, -16, -3
3470.4, -16, -3
3470.5, -16, -3
3470.6, -16, -3
3470.7, -16, -3
3470.8, -16, -3
3470.9, -16, -3
3471, -16, -3
3471.1, -16, -3
3471.2, -16, -3
3471.3, -16, -3
3471.4, -16, -3
3471.5, -16, -3
3471.6, -16, -3
3471.7, -16, -3
3471.8, -16, -3
3471.9, -16, -3
3472, -16, -3
3472.1, -16, -3
3472.2, -16, -3
3472.3, -16, -3
3472.4, -16, -3
3472.5, -16, -3
3472.6, -16, -3
3472.7, -16, -2
3472.8, -16, -2
3472.9, -16, -2
3473, -16, -2
3473.1, -16, -2
3473.2, -16, -2
3473.3, -16, -2
3473.4, -16, -2
3473.5, -16, -2
3473.6, -16, -2
3473.7, -16, -2
3473.8, -16, -2
3473.9, -16, -2
3474, -16, -2
3474.1, -16, -2
3474.2, -16, -2
3474.3, -16, -2
3474.4, -16, -2
3474.5, -16, -2
3474.6, -16, -2
3474.7, -16, -2
3474.8, -16, -2
3474.9, -16, -2
3475, -16, -2
3475.1, -16, -3
3475.2, -16, -3
3475.3, -16, -3
3475.4, -16, -3
3475.5, -16, -3
3475.6, -16, -3
3475.7, -16, -3
3475.8, -16, -3
3475.9, -16, -3
3476, -16, -3
3476.1, -16, -3
3476.2, -16, -3
3476.3, -16, -3
3476.4, -16, -3
3476.5, -16, -3
3476.6, -16, -3
3476.7, -16, -3
3476.8, -16, -3
3476.9, -16, -3
3477, -16, -3
3477.1, -15, -3
3477.2, -15, -3
3477.3, -15, -3
3477.4, -15, -3
3477.5, -15, -3
3477.6, -15, -3
3477.7, -15, -3
3477.8, -15, -3
3477.9, -15, -3
3478, -15, -3
3478.1, -15, -3
3478.2, -15, -3
3478.3, -15, -3
3478.4, -15, -3
3478.5, -15, -3
3478.6, -15, -3
3478.7, -15, -3
3478.8, -15, -3
3478.9, -15, -3
3479, -15, -3
3479.1, -15, -3
3479.2, -15, -3
3479.3, -15, -3
3479.4, -15, -3
3479.5, -15, -3
3479.6, -15, -3
3479.7, -15, -3
3479.8, -15, -3
3479.9, -15, -3
3480, -15, -3
3480.1, -15, -3
3480.2, -15, -3
3480.3, -15, -3
3480.4, -15, -3
3480.5, -15, -3
3480.6, -15, -3
3480.7, -15, -3
3480.8, -15, -3
3480.9, -15, -3
3481, -15, -3
3481.1, -15, -3
3481.2, -15, -3
3481.3, -15, -3
3481.4, -15, -3
3481.5, -15, -3
3481.6, -15, -3
3481.7, -15, -3
3481.8, -15, -3
3481.9, -15, -2
3482, -15, -2
3482.1, -15, -2
3482.2, -15, -2
3482.3, -16, -2
3482.4, -16, -2
3482.5, -16, -2
3482.6, -16, -2
3482.7, -16, -2
3482.8, -16, -2
3482.9, -16, -2
3483, -16, -2
3483.1, -16, -2
3483.2, -16, -2
3483.3, -16, -2
3483.4, -16, -2
3483.5, -16, -2
3483.6, -16, -2
3483.7, -16, -2
3483.8, -16, -2
3483.9, -16, -2
3484, -16, -2
3484.1, -16, -2
3484.2, -16, -2
3484.3, -16, -2
3484.4, -16, -2
3484.5, -16, -2
3484.6, -16, -2
3484.7, -16, -2
3484.8, -16, -2
3484.9, -16, -1
3485, -16, -1
3485.1, -16, -1
3485.2, -16, -1
3485.3, -16, -1
3485.4, -16, -1
3485.5, -16, -1
3485.6, -16, -1
3485.7, -16, -1
3485.8, -16, -1
3485.9, -16, -1
3486, -16, -1
3486.1, -16, -1
3486.2, -16, -1
3486.3, -16, -1
3486.4, -16, -1
3486.5, -16, -1
3486.6, -16, -1
3486.7, -16, -1
3486.8, -16, -1
3486.9, -16, -1
3487, -16, -1
3487.1, -16, -1
3487.2, -16, -1
3487.3, -15, -1
3487.4, -15, -1
3487.5, -15, -1
3487.6, -15, -1
3487.7, -15, -1
3487.8, -15, -1
3487.9, -15, -1
3488, -15, -1
3488.1, -15, -1
3488.2, -15, -1
3488.3, -15, -1
3488.4, -15, -1
3488.5, -15, -1
3488.6, -15, -1
3488.7, -15, -1
3488.8, -15, -1
3488.9, -15, -1
3489, -15, -1
3489.1, -15, -1
3489.2, -15, -1
3489.3, -15, -1
3489.4, -15, -1
3489.5, -15, -1
3489.6, -15, -1
3489.7, -15, -1
3489.8, -15, -1
3489.9, -15, -1
3490, -15, -1
3490.1, -15, -1
3490.2, -15, -1
3490.3, -15, -1
3490.4, -15, -1
3490.5, -15, -1
3490.6, -15, -1
3490.7, -15, -1
3490.8, -15, -1
3490.9, -15, -1
3491, -15, -1
3491.1, -15, -1
3491.2, -15, -1
3491.3, -15, -1
3491.4, -15, -1
3491.5, -15, -1
3491.6, -15, -1
3491.7, -15, -1
3491.8, -15, -1
3491.9, -15, -1
3492, -15, -1
3492.1, -15, -1
3492.2, -15, -1
3492.3, -15, -1
3492.4, -15, -1
3492.5, -15, -1
3492.6, -15, -1
3492.7, -15, -1
3492.8, -15, -1
3492.9, -15, -1
3493, -15, -1
3493.1, -15, -1
3493.2, -15, -1
3493.3, -15, -1
3493.4, -15, -1
3493.5, -15, -1
3493.6, -15, -1
3493.7, -15, -1
3493.8, -15, -1
3493.9, -15, -1
3494, -15, -1
3494.1, -15, -1
3494.2, -15, -1
3494.3, -15, -1
3494.4, -15, -1
3494.5, -15, -1
3494.6, -15, -1
3494.7, -15, 0
3494.8, -15, 0
3494.9, -15, 0
3495, -15, 0
3495.1, -15, 0
3495.2, -15, 0
3495.3, -15, 0
3495.4, -15, 0
3495.5, -15, 0
3495.6, -15, 0
3495.7, -15, 0
3495.8, -15, 0
3495.9, -15, 0
3496, -15, 0
3496.1, -15, 0
3496.2, -15, 0
3496.3, -15, 0
3496.4, -15, 0
3496.5, -15, 0
3496.6, -15, 0
3496.7, -15, 0
3496.8, -15, 0
3496.9, -15, 0
3497, -15, 0
3497.1, -15, 0
3497.2, -15, 0
3497.3, -16, 0
3497.4, -16, 0
3497.5, -16, 0
3497.6, -16, 0
3497.7, -16, 0
3497.8, -16, 0
3497.9, -16, 0
3498, -16, 0
3498.1, -16, 0
3498.2, -16, 0
3498.3, -16, 0
3498.4, -16, 0
3498.5, -16, 0
3498.6, -16, 0
3498.7, -16, 0
3498.8, -16, 0
3498.9, -16, 0
3499, -16, 0
3499.1, -16, 0
3499.2, -16, 0
3499.3, -16, 0
3499.4, -16, 0
3499.5, -16, 0
3499.6, -16, 0
3499.7, -16, 0
3499.8, -16, 0
3499.9, -16, 0
3500, -16, 0
3500.1, -16, 0
3500.2, -16, 0
3500.3, -16, 0
3500.4, -16, 0
3500.5, -16, 0
3500.6, -16, 0
3500.7, -16, 0
3500.8, -16, 0
3500.9, -16, 0
3501, -16, 0
3501.1, -16, 0
3501.2, -16, 0
3501.3, -16, 0
3501.4, -16, 0
3501.5, -16, 0
3501.6, -16, 0
3501.7, -16, 0
3501.8, -16, 0
3501.9, -16, -1
3502, -16, -1
3502.1, -16, -1
3502.2, -16, -1
3502.3, -16, 0
3502.4, -16, 0
3502.5, -16, 0
3502.6, -16, 0
3502.7, -16, 0
3502.8, -16, 0
3502.9, -16, 1
3503, -16, 1
3503.1, -16, 1
3503.2, -16, 1
3503.3, -16, 1
3503.4, -16, 1
3503.5, -16, 1
3503.6, -16, 1
3503.7, -16, 1
3503.8, -16, 1
3503.9, -17, 1
3504, -17, 1
3504.1, -17, 1
3504.2, -17, 1
3504.3, -17, 1
3504.4, -17, 1
3504.5, -17, 1
3504.6, -17, 1
3504.7, -17, 1
3504.8, -17, 1
3504.9, -17, 1
3505, -17, 1
3505.1, -17, 1
3505.2, -17, 1
3505.3, -17, 1
3505.4, -17, 1
3505.5, -16, 1
3505.6, -16, 1
3505.7, -16, 1
3505.8, -16, 1
3505.9, -16, 1
3506, -16, 1
3506.1, -16, 1
3506.2, -16, 1
3506.3, -16, 1
3506.4, -16, 1
3506.5, -16, 1
3506.6, -16, 1
3506.7, -16, 1
3506.8, -16, 1
3506.9, -16, 1
3507, -16, 1
3507.1, -15, 1
3507.2, -15, 1
3507.3, -15, 1
3507.4, -15, 1
3507.5, -15, 1
3507.6, -15, 1
3507.7, -15, 1
3507.8, -15, 1
3507.9, -15, 1
3508, -15, 1
3508.1, -15, 1
3508.2, -15, 1
3508.3, -15, 1
3508.4, -15, 1
3508.5, -15, 1
3508.6, -15, 1
3508.7, -15, 1
3508.8, -15, 1
3508.9, -15, 1
3509, -15, 1
3509.1, -15, 1
3509.2, -15, 1
3509.3, -15, 1
3509.4, -15, 1
3509.5, -15, 1
3509.6, -15, 1
3509.7, -16, 1
3509.8, -16, 1
3509.9, -16, 1
3510, -16, 1
3510.1, -16, 1
3510.2, -16, 1
3510.3, -16, 1
3510.4, -16, 1
3510.5, -16, 1
3510.6, -16, 1
3510.7, -16, 1
3510.8, -16, 1
3510.9, -16, 1
3511, -16, 1
3511.1, -15, 1
3511.2, -15, 1
3511.3, -15, 1
3511.4, -15, 1
3511.5, -15, 1
3511.6, -15, 1
3511.7, -15, 1
3511.8, -15, 1
3511.9, -15, 1
3512, -15, 1
3512.1, -15, 1
3512.2, -15, 1
3512.3, -15, 1
3512.4, -15, 1
3512.5, -15, 1
3512.6, -15, 1
3512.7, -15, 1
3512.8, -15, 1
3512.9, -15, 1
3513, -15, 1
3513.1, -15, 1
3513.2, -15, 1
3513.3, -15, 1
3513.4, -15, 1
3513.5, -15, 1
3513.6, -15, 1
3513.7, -15, 1
3513.8, -15, 1
3513.9, -15, 1
3514, -15, 1
3514.1, -15, 1
3514.2, -15, 1
3514.3, -15, 1
3514.4, -15, 1
3514.5, -15, 1
3514.6, -15, 1
3514.7, -15, 1
3514.8, -15, 1
3514.9, -15, 1
3515, -15, 1
3515.1, -15, 1
3515.2, -15, 1
3515.3, -15, 1
3515.4, -15, 1
3515.5, -15, 1
3515.6, -15, 1
3515.7, -15, 1
3515.8, -15, 1
3515.9, -15, 1
3516, -15, 1
3516.1, -15, 1
3516.2, -15, 1
3516.3, -15, 1
3516.4, -15, 1
3516.5, -15, 1
3516.6, -15, 1
3516.7, -15, 1
3516.8, -15, 1
3516.9, -15, 1
3517, -15, 1
3517.1, -15, 1
3517.2, -15, 1
3517.3, -15, 1
3517.4, -15, 1
3517.5, -15, 1
3517.6, -15, 1
3517.7, -15, 1
3517.8, -15, 1
3517.9, -15, 1
3518, -15, 1
3518.1, -15, 1
3518.2, -15, 1
3518.3, -15, 1
3518.4, -15, 1
3518.5, -15, 1
3518.6, -15, 1
3518.7, -15, 1
3518.8, -15, 1
3518.9, -15, 1
3519, -15, 1
3519.1, -15, 1
3519.2, -15, 1
3519.3, -15, 1
3519.4, -15, 1
3519.5, -15, 1
3519.6, -15, 1
3519.7, -15, 1
3519.8, -15, 1
3519.9, -15, 1
3520, -15, 1
3520.1, -15, 1
3520.2, -15, 1
3520.3, -15, 2
3520.4, -15, 2
3520.5, -15, 1
3520.6, -15, 1
3520.7, -15, 1
3520.8, -15, 1
3520.9, -15, 1
3521, -15, 1
3521.1, -15, 1
3521.2, -15, 1
3521.3, -15, 1
3521.4, -15, 1
3521.5, -15, 1
3521.6, -15, 1
3521.7, -15, 1
3521.8, -15, 1
3521.9, -15, 1
3522, -15, 1
3522.1, -15, 1
3522.2, -15, 1
3522.3, -15, 1
3522.4, -15, 1
3522.5, -15, 1
3522.6, -15, 1
3522.7, -15, 1
3522.8, -15, 1
3522.9, -15, 1
3523, -15, 1
3523.1, -15, 1
3523.2, -15, 1
3523.3, -15, 1
3523.4, -15, 1
3523.5, -15, 1
3523.6, -15, 1
3523.7, -15, 1
3523.8, -15, 1
3523.9, -15, 1
3524, -15, 1
3524.1, -15, 1
3524.2, -15, 1
3524.3, -15, 1
3524.4, -15, 1
3524.5, -15, 1
3524.6, -15, 1
3524.7, -15, 1
3524.8, -15, 1
3524.9, -15, 1
3525, -15, 1
3525.1, -15, 1
3525.2, -15, 1
3525.3, -15, 1
3525.4, -15, 1
3525.5, -15, 2
3525.6, -15, 2
3525.7, -14, 2
3525.8, -14, 2
3525.9, -14, 2
3526, -14, 2
3526.1, -14, 2
3526.2, -14, 2
3526.3, -14, 2
3526.4, -14, 2
3526.5, -14, 2
3526.6, -14, 2
3526.7, -14, 2
3526.8, -14, 2
3526.9, -13, 2
3527, -13, 2
3527.1, -13, 2
3527.2, -13, 2
3527.3, -13, 2
3527.4, -13, 2
3527.5, -13, 2
3527.6, -13, 2
3527.7, -13, 2
3527.8, -13, 2
3527.9, -13, 2
3528, -13, 2
3528.1, -13, 2
3528.2, -13, 2
3528.3, -13, 2
3528.4, -13, 2
3528.5, -13, 2
3528.6, -13, 2
3528.7, -13, 3
3528.8, -13, 3
3528.9, -13, 3
3529, -13, 3
3529.1, -13, 3
3529.2, -13, 3
3529.3, -13, 3
3529.4, -13, 3
3529.5, -13, 3
3529.6, -13, 3
3529.7, -13, 3
3529.8, -13, 3
3529.9, -13, 3
3530, -13, 3
3530.1, -14, 3
3530.2, -14, 3
3530.3, -14, 3
3530.4, -14, 3
3530.5, -14, 3
3530.6, -14, 3
3530.7, -14, 3
3530.8, -14, 3
3530.9, -14, 3
3531, -14, 3
3531.1, -14, 3
3531.2, -14, 3
3531.3, -14, 2
3531.4, -14, 2
3531.5, -14, 2
3531.6, -14, 2
3531.7, -14, 2
3531.8, -14, 2
3531.9, -14, 2
3532, -14, 2
3532.1, -14, 2
3532.2, -14, 2
3532.3, -14, 2
3532.4, -14, 2
3532.5, -14, 2
3532.6, -14, 2
3532.7, -14, 2
3532.8, -14, 2
3532.9, -14, 2
3533, -14, 2
3533.1, -14, 2
3533.2, -14, 2
3533.3, -14, 2
3533.4, -14, 2
3533.5, -14, 1
3533.6, -14, 1
3533.7, -14, 1
3533.8, -14, 1
3533.9, -14, 1
3534, -14, 1
3534.1, -13, 1
3534.2, -13, 1
3534.3, -13, 1
3534.4, -13, 1
3534.5, -13, 1
3534.6, -13, 1
3534.7, -13, 1
3534.8, -13, 1
3534.9, -13, 1
3535, -13, 1
3535.1, -13, 1
3535.2, -13, 1
3535.3, -13, 0
3535.4, -13, 0
3535.5, -13, 0
3535.6, -13, 0
3535.7, -13, 0
3535.8, -13, 0
3535.9, -13, 0
3536, -13, 0
3536.1, -13, 0
3536.2, -13, 0
3536.3, -13, 0
3536.4, -13, 0
3536.5, -13, 0
3536.6, -13, 0
3536.7, -13, 0
3536.8, -13, 0
3536.9, -13, 0
3537, -13, 0
3537.1, -13, 0
3537.2, -13, 0
3537.3, -13, 0
3537.4, -13, 0
3537.5, -13, 0
3537.6, -13, 0
3537.7, -13, 0
3537.8, -13, 0
3537.9, -13, 0
3538, -13, 0
3538.1, -13, 0
3538.2, -13, 0
3538.3, -13, 1
3538.4, -13, 1
3538.5, -13, 1
3538.6, -13, 1
3538.7, -13, 1
3538.8, -13, 1
3538.9, -13, 1
3539, -13, 1
3539.1, -13, 1
3539.2, -13, 1
3539.3, -13, 0
3539.4, -13, 0
3539.5, -13, 0
3539.6, -13, 0
3539.7, -13, 0
3539.8, -13, 0
3539.9, -13, 0
3540, -13, 0
3540.1, -13, 0
3540.2, -13, 0
3540.3, -13, 0
3540.4, -13, 0
3540.5, -13, 0
3540.6, -13, 0
3540.7, -14, 0
3540.8, -14, 0
3540.9, -14, 0
3541, -14, 0
3541.1, -14, 0
3541.2, -14, 0
3541.3, -14, -1
3541.4, -14, -1
3541.5, -14, -1
3541.6, -14, -1
3541.7, -14, -1
3541.8, -14, -1
3541.9, -14, -1
3542, -14, -1
3542.1, -15, -1
3542.2, -15, -1
3542.3, -15, -1
3542.4, -15, -1
3542.5, -15, -1
3542.6, -15, -1
3542.7, -15, -1
3542.8, -15, -1
3542.9, -15, 0
3543, -15, 0
3543.1, -15, 0
3543.2, -15, 0
3543.3, -15, 0
3543.4, -15, 0
3543.5, -15, 0
3543.6, -15, 0
3543.7, -15, 0
3543.8, -15, 0
3543.9, -15, 0
3544, -15, 0
3544.1, -15, -1
3544.2, -15, -1
3544.3, -15, -1
3544.4, -15, -1
3544.5, -15, -1
3544.6, -15, -1
3544.7, -15, -1
3544.8, -15, -1
3544.9, -15, -1
3545, -15, -1
3545.1, -15, -1
3545.2, -15, -1
3545.3, -15, -1
3545.4, -15, -1
3545.5, -15, -1
3545.6, -15, -1
3545.7, -15, -1
3545.8, -15, -1
3545.9, -15, -1
3546, -15, -1
3546.1, -15, -1
3546.2, -15, -1
3546.3, -15, -1
3546.4, -15, -1
3546.5, -15, -1
3546.6, -15, -1
3546.7, -15, -1
3546.8, -15, -1
3546.9, -15, -1
3547, -15, -1
3547.1, -15, -1
3547.2, -15, -1
3547.3, -15, -1
3547.4, -15, -1
3547.5, -15, -1
3547.6, -15, -1
3547.7, -15, -1
3547.8, -15, -1
3547.9, -15, -1
3548, -15, -1
3548.1, -15, -1
3548.2, -15, -1
3548.3, -15, -1
3548.4, -15, -1
3548.5, -16, -1
3548.6, -16, -1
3548.7, -16, -1
3548.8, -16, -1
3548.9, -16, -1
3549, -16, -1
3549.1, -16, -1
3549.2, -16, -1
3549.3, -16, -1
3549.4, -16, -1
3549.5, -16, -1
3549.6, -16, -1
3549.7, -16, -1
3549.8, -16, -1
3549.9, -16, -1
3550, -16, -1
3550.1, -16, -1
3550.2, -16, -1
3550.3, -16, -1
3550.4, -16, -1
3550.5, -16, -1
3550.6, -16, -1
3550.7, -16, -1
3550.8, -16, -1
3550.9, -16, -1
3551, -16, -1
3551.1, -16, -2
3551.2, -16, -2
3551.3, -16, -2
3551.4, -16, -2
3551.5, -16, -2
3551.6, -16, -2
3551.7, -16, -2
3551.8, -16, -2
3551.9, -16, -2
3552, -16, -2
3552.1, -16, -2
3552.2, -16, -2
3552.3, -16, -2
3552.4, -16, -2
3552.5, -16, -2
3552.6, -16, -2
3552.7, -16, -2
3552.8, -16, -2
3552.9, -15, -2
3553, -15, -2
3553.1, -15, -2
3553.2, -15, -2
3553.3, -15, -2
3553.4, -15, -2
3553.5, -15, -2
3553.6, -15, -2
3553.7, -15, -2
3553.8, -15, -2
3553.9, -15, -2
3554, -15, -2
3554.1, -15, -2
3554.2, -15, -2
3554.3, -15, -2
3554.4, -15, -2
3554.5, -15, -2
3554.6, -15, -2
3554.7, -15, -2
3554.8, -15, -2
3554.9, -15, -2
3555, -15, -2
3555.1, -15, -2
3555.2, -15, -2
3555.3, -15, -2
3555.4, -15, -2
3555.5, -15, -2
3555.6, -15, -2
3555.7, -15, -2
3555.8, -15, -2
3555.9, -15, -2
3556, -15, -2
3556.1, -15, -2
3556.2, -15, -2
3556.3, -15, -1
3556.4, -15, -1
3556.5, -15, -1
3556.6, -15, -1
3556.7, -15, -2
3556.8, -15, -2
3556.9, -15, -2
3557, -15, -2
3557.1, -15, -2
3557.2, -15, -2
3557.3, -15, -2
3557.4, -15, -2
3557.5, -15, -2
3557.6, -15, -2
3557.7, -15, -2
3557.8, -15, -2
3557.9, -15, -2
3558, -15, -2
3558.1, -15, -2
3558.2, -15, -2
3558.3, -15, -2
3558.4, -15, -2
3558.5, -15, -2
3558.6, -15, -2
3558.7, -15, -2
3558.8, -15, -2
3558.9, -15, -2
3559, -15, -2
3559.1, -15, -2
3559.2, -15, -2
3559.3, -15, -2
3559.4, -15, -2
3559.5, -15, -2
3559.6, -15, -2
3559.7, -15, -2
3559.8, -15, -2
3559.9, -15, -1
3560, -15, -1
3560.1, -15, -1
3560.2, -15, -1
3560.3, -15, -1
3560.4, -15, -1
3560.5, -15, -1
3560.6, -15, -1
3560.7, -15, -1
3560.8, -15, -1
3560.9, -15, -1
3561, -15, -1
3561.1, -15, -1
3561.2, -15, -1
3561.3, -15, -1
3561.4, -15, -1
3561.5, -15, -1
3561.6, -15, -1
3561.7, -15, -1
3561.8, -15, -1
3561.9, -15, -1
3562, -15, -1
3562.1, -15, -1
3562.2, -15, -1
3562.3, -15, -1
3562.4, -15, -1
3562.5, -15, -1
3562.6, -15, -1
3562.7, -15, -1
3562.8, -15, -1
3562.9, -15, -1
3563, -15, -1
3563.1, -15, 0
3563.2, -15, 0
3563.3, -15, 0
3563.4, -15, 0
3563.5, -15, 0
3563.6, -15, 0
3563.7, -15, 0
3563.8, -15, 0
3563.9, -15, 0
3564, -15, 0
3564.1, -15, 0
3564.2, -15, 0
3564.3, -15, 0
3564.4, -15, 0
3564.5, -15, 1
3564.6, -15, 1
3564.7, -15, 1
3564.8, -15, 1
3564.9, -15, 1
3565, -15, 1
3565.1, -15, 1
3565.2, -15, 1
3565.3, -15, 1
3565.4, -15, 1
3565.5, -15, 1
3565.6, -15, 1
3565.7, -15, 1
3565.8, -15, 1
3565.9, -14, 1
3566, -14, 1
3566.1, -14, 1
3566.2, -14, 1
3566.3, -14, 1
3566.4, -14, 1
3566.5, -14, 1
3566.6, -14, 1
3566.7, -14, 1
3566.8, -14, 1
3566.9, -14, 1
3567, -14, 1
3567.1, -14, 1
3567.2, -14, 1
3567.3, -14, 1
3567.4, -14, 1
3567.5, -14, 1
3567.6, -14, 1
3567.7, -14, 1
3567.8, -14, 1
3567.9, -14, 1
3568, -14, 1
3568.1, -14, 1
3568.2, -14, 1
3568.3, -14, 1
3568.4, -14, 1
3568.5, -14, 1
3568.6, -14, 1
3568.7, -14, 1
3568.8, -14, 1
3568.9, -14, 1
3569, -14, 1
3569.1, -14, 1
3569.2, -14, 1
3569.3, -13, 1
3569.4, -13, 1
3569.5, -13, 1
3569.6, -13, 1
3569.7, -13, 1
3569.8, -13, 1
3569.9, -13, 1
3570, -13, 1
3570.1, -14, 1
3570.2, -14, 1
3570.3, -14, 1
3570.4, -14, 1
3570.5, -14, 1
3570.6, -14, 1
3570.7, -14, 1
3570.8, -14, 1
3570.9, -14, 1
3571, -14, 1
3571.1, -14, 1
3571.2, -14, 1
3571.3, -14, 1
3571.4, -14, 1
3571.5, -15, 1
3571.6, -15, 1
3571.7, -15, 1
3571.8, -15, 1
3571.9, -15, 1
3572, -15, 1
3572.1, -15, 2
3572.2, -15, 2
3572.3, -15, 2
3572.4, -15, 2
3572.5, -15, 2
3572.6, -15, 2
3572.7, -15, 2
3572.8, -15, 2
3572.9, -15, 2
3573, -15, 2
3573.1, -15, 2
3573.2, -15, 2
3573.3, -16, 2
3573.4, -16, 2
3573.5, -16, 2
3573.6, -16, 2
3573.7, -16, 2
3573.8, -16, 2
3573.9, -16, 2
3574, -16, 2
3574.1, -17, 2
3574.2, -17, 2
3574.3, -17, 2
3574.4, -17, 2
3574.5, -17, 2
3574.6, -17, 2
3574.7, -17, 2
3574.8, -17, 2
3574.9, -17, 3
3575, -17, 3
3575.1, -17, 3
3575.2, -17, 3
3575.3, -17, 3
3575.4, -17, 3
3575.5, -17, 3
3575.6, -17, 3
3575.7, -17, 3
3575.8, -17, 3
3575.9, -17, 3
3576, -17, 3
3576.1, -17, 3
3576.2, -17, 3
3576.3, -17, 3
3576.4, -17, 3
3576.5, -17, 3
3576.6, -17, 3
3576.7, -17, 3
3576.8, -17, 3
3576.9, -17, 3
3577, -17, 3
3577.1, -17, 3
3577.2, -17, 3
3577.3, -17, 3
3577.4, -17, 3
3577.5, -17, 3
3577.6, -17, 3
3577.7, -17, 3
3577.8, -17, 3
3577.9, -17, 2
3578, -17, 2
3578.1, -17, 2
3578.2, -17, 2
3578.3, -17, 1
3578.4, -17, 1
3578.5, -17, 1
3578.6, -17, 1
3578.7, -17, 1
3578.8, -17, 1
3578.9, -17, 1
3579, -17, 1
3579.1, -17, 1
3579.2, -17, 1
3579.3, -17, 1
3579.4, -17, 1
3579.5, -17, 1
3579.6, -17, 1
3579.7, -17, 1
3579.8, -17, 1
3579.9, -17, 1
3580, -17, 1
3580.1, -17, 1
3580.2, -17, 1
3580.3, -17, 1
3580.4, -17, 1
3580.5, -17, 1
3580.6, -17, 1
3580.7, -17, 1
3580.8, -17, 1
3580.9, -17, 1
3581, -17, 1
3581.1, -17, 1
3581.2, -17, 1
3581.3, -17, 1
3581.4, -17, 1
3581.5, -17, 1
3581.6, -17, 1
3581.7, -17, 1
3581.8, -17, 1
3581.9, -17, 1
3582, -17, 1
3582.1, -17, 1
3582.2, -17, 1
3582.3, -17, 1
3582.4, -17, 1
3582.5, -17, 1
3582.6, -17, 1
3582.7, -16, 1
3582.8, -16, 1
3582.9, -16, 1
3583, -16, 1
3583.1, -16, 1
3583.2, -16, 1
3583.3, -16, 1
3583.4, -16, 1
3583.5, -15, 1
3583.6, -15, 1
3583.7, -15, 1
3583.8, -15, 1
3583.9, -15, 1
3584, -15, 1
3584.1, -15, 1
3584.2, -15, 1
3584.3, -15, 1
3584.4, -15, 1
3584.5, -14, 1
3584.6, -14, 1
3584.7, -14, 1
3584.8, -14, 1
3584.9, -14, 1
3585, -14, 1
3585.1, -14, 1
3585.2, -14, 1
3585.3, -14, 1
3585.4, -14, 1
3585.5, -14, 1
3585.6, -14, 1
3585.7, -14, 1
3585.8, -14, 1
3585.9, -15, 1
3586, -15, 1
3586.1, -15, 1
3586.2, -15, 1
3586.3, -15, 1
3586.4, -15, 1
3586.5, -15, 1
3586.6, -15, 1
3586.7, -15, 1
3586.8, -15, 1
3586.9, -15, 1
3587, -15, 1
3587.1, -15, 1
3587.2, -15, 1
3587.3, -14, 1
3587.4, -14, 1
3587.5, -14, 1
3587.6, -14, 1
3587.7, -14, 1
3587.8, -14, 1
3587.9, -14, 1
3588, -14, 1
3588.1, -14, 1
3588.2, -14, 1
3588.3, -14, 1
3588.4, -14, 1
3588.5, -14, 1
3588.6, -14, 1
3588.7, -14, 1
3588.8, -14, 1
3588.9, -14, 1
3589, -14, 1
3589.1, -14, 1
3589.2, -14, 1
3589.3, -14, 1
3589.4, -14, 1
3589.5, -14, 1
3589.6, -14, 1
3589.7, -14, 1
3589.8, -14, 1
3589.9, -14, 1
3590, -14, 1
3590.1, -14, 1
3590.2, -14, 1
3590.3, -14, 1
3590.4, -14, 1
3590.5, -14, 1
3590.6, -14, 1
3590.7, -14, 1
3590.8, -14, 1
3590.9, -14, 1
3591, -14, 1
3591.1, -14, 1
3591.2, -14, 1
3591.3, -14, 1
3591.4, -14, 1
3591.5, -14, 1
3591.6, -14, 1
3591.7, -14, 1
3591.8, -14, 1
3591.9, -14, 1
3592, -14, 1
3592.1, -14, 1
3592.2, -14, 1
3592.3, -14, 1
3592.4, -14, 1
3592.5, -14, 1
3592.6, -14, 1
3592.7, -14, 1
3592.8, -14, 1
3592.9, -14, 1
3593, -14, 1
3593.1, -14, 1
3593.2, -14, 1
3593.3, -14, 1
3593.4, -14, 1
3593.5, -14, 1
3593.6, -14, 1
3593.7, -14, 1
3593.8, -14, 1
3593.9, -14, 1
3594, -14, 1
3594.1, -14, 1
3594.2, -14, 1
3594.3, -14, 1
3594.4, -14, 1
3594.5, -14, 1
3594.6, -14, 1
3594.7, -13, 1
3594.8, -13, 1
3594.9, -13, 1
3595, -13, 1
3595.1, -13, 1
3595.2, -13, 1
3595.3, -13, 1
3595.4, -13, 1
3595.5, -13, 1
3595.6, -13, 1
3595.7, -12, 1
3595.8, -12, 1
3595.9, -12, 1
3596, -12, 1
3596.1, -12, 1
3596.2, -12, 1
3596.3, -12, 1
3596.4, -12, 1
3596.5, -12, 1
3596.6, -12, 1
3596.7, -12, 1
3596.8, -12, 1
3596.9, -12, 1
3597, -12, 1
3597.1, -11, 1
3597.2, -11, 1
3597.3, -11, 1
3597.4, -11, 1
3597.5, -11, 1
3597.6, -11, 1
3597.7, -11, 1
3597.8, -11, 1
3597.9, -11, 1
3598, -11, 1
3598.1, -11, 1
3598.2, -11, 1
3598.3, -11, 1
3598.4, -11, 1
3598.5, -11, 1
3598.6, -11, 1
3598.7, -11, 1
3598.8, -11, 1
3598.9, -11, 1
3599, -11, 1
3599.1, -11, 1
3599.2, -11, 1
3599.3, -11, 1
3599.4, -11, 1
3599.5, -11, 1
3599.6, -11, 1
3599.7, -11, 1
3599.8, -11, 1
3599.9, -11, 1
3600, -11, 1
3600.1, -11, 1
3600.2, -11, 1
3600.3, -11, 1
3600.4, -11, 1
3600.5, -11, 1
3600.6, -11, 1
3600.7, -11, 1
3600.8, -11, 1
3600.9, -12, 1
3601, -12, 1
3601.1, -12, 1
3601.2, -12, 1
3601.3, -12, 2
3601.4, -12, 2
3601.5, -12, 2
3601.6, -12, 2
3601.7, -12, 2
3601.8, -12, 2
3601.9, -12, 2
3602, -12, 2
3602.1, -12, 2
3602.2, -12, 2
3602.3, -12, 2
3602.4, -12, 2
3602.5, -12, 2
3602.6, -12, 2
3602.7, -12, 2
3602.8, -12, 2
3602.9, -12, 2
3603, -12, 2
3603.1, -12, 2
3603.2, -12, 2
3603.3, -12, 2
3603.4, -12, 2
3603.5, -12, 2
3603.6, -12, 2
3603.7, -13, 2
3603.8, -13, 2
3603.9, -13, 2
3604, -13, 2
3604.1, -13, 2
3604.2, -13, 2
3604.3, -13, 2
3604.4, -13, 2
3604.5, -12, 2
3604.6, -12, 2
3604.7, -12, 2
3604.8, -12, 2
3604.9, -12, 3
3605, -12, 3
3605.1, -12, 3
3605.2, -12, 3
3605.3, -11, 3
3605.4, -11, 3
3605.5, -11, 3
3605.6, -11, 3
3605.7, -11, 3
3605.8, -11, 3
3605.9, -11, 3
3606, -11, 3
3606.1, -11, 3
3606.2, -11, 3
3606.3, -11, 3
3606.4, -11, 3
3606.5, -11, 3
3606.6, -11, 3
3606.7, -11, 3
3606.8, -11, 3
3606.9, -11, 3
3607, -11, 3
3607.1, -11, 3
3607.2, -11, 3
3607.3, -11, 3
3607.4, -11, 3
3607.5, -11, 3
3607.6, -11, 3
3607.7, -11, 3
3607.8, -11, 3
3607.9, -11, 3
3608, -11, 3
3608.1, -11, 3
3608.2, -11, 3
3608.3, -11, 3
3608.4, -11, 3
3608.5, -11, 3
3608.6, -11, 3
3608.7, -11, 3
3608.8, -11, 3
3608.9, -11, 3
3609, -11, 3
3609.1, -11, 3
3609.2, -11, 3
3609.3, -11, 3
3609.4, -11, 3
3609.5, -11, 3
3609.6, -11, 3
3609.7, -11, 3
3609.8, -11, 3
3609.9, -11, 3
3610, -11, 3
3610.1, -11, 3
3610.2, -11, 3
3610.3, -11, 3
3610.4, -11, 3
3610.5, -11, 3
3610.6, -11, 3
3610.7, -11, 3
3610.8, -11, 3
3610.9, -11, 3
3611, -11, 3
3611.1, -11, 3
3611.2, -11, 3
3611.3, -11, 4
3611.4, -11, 4
3611.5, -11, 4
3611.6, -11, 4
3611.7, -11, 4
3611.8, -11, 4
3611.9, -11, 4
3612, -11, 4
3612.1, -11, 4
3612.2, -11, 4
3612.3, -11, 4
3612.4, -11, 4
3612.5, -11, 4
3612.6, -11, 4
3612.7, -11, 4
3612.8, -11, 4
3612.9, -11, 4
3613, -11, 4
3613.1, -11, 4
3613.2, -11, 4
3613.3, -11, 4
3613.4, -11, 4
3613.5, -11, 4
3613.6, -11, 4
3613.7, -11, 4
3613.8, -11, 4
3613.9, -11, 4
3614, -11, 4
3614.1, -11, 4
3614.2, -11, 4
3614.3, -11, 4
3614.4, -11, 4
3614.5, -11, 4
3614.6, -11, 4
3614.7, -11, 4
3614.8, -11, 4
3614.9, -11, 4
3615, -11, 4
3615.1, -11, 4
3615.2, -11, 4
3615.3, -11, 4
3615.4, -11, 4
3615.5, -11, 4
3615.6, -11, 4
3615.7, -11, 3
3615.8, -11, 3
3615.9, -11, 3
3616, -11, 3
3616.1, -11, 3
3616.2, -11, 3
3616.3, -11, 3
3616.4, -11, 3
3616.5, -11, 3
3616.6, -11, 3
3616.7, -11, 3
3616.8, -11, 3
3616.9, -11, 3
3617, -11, 3
3617.1, -11, 2
3617.2, -11, 2
3617.3, -11, 2
3617.4, -11, 2
3617.5, -11, 2
3617.6, -11, 2
3617.7, -11, 2
3617.8, -11, 2
3617.9, -11, 2
3618, -11, 2
3618.1, -11, 2
3618.2, -11, 2
3618.3, -11, 2
3618.4, -11, 2
3618.5, -11, 2
3618.6, -11, 2
3618.7, -11, 2
3618.8, -11, 2
3618.9, -11, 2
3619, -11, 2
3619.1, -11, 2
3619.2, -11, 2
3619.3, -11, 2
3619.4, -11, 2
3619.5, -11, 2
3619.6, -11, 2
3619.7, -11, 2
3619.8, -11, 2
3619.9, -11, 2
3620, -11, 2
3620.1, -11, 2
3620.2, -11, 2
3620.3, -11, 2
3620.4, -11, 2
3620.5, -11, 2
3620.6, -11, 2
3620.7, -11, 2
3620.8, -11, 2
3620.9, -11, 2
3621, -11, 2
3621.1, -11, 2
3621.2, -11, 2
3621.3, -11, 3
3621.4, -11, 3
3621.5, -11, 3
3621.6, -11, 3
3621.7, -11, 3
3621.8, -11, 3
3621.9, -11, 3
3622, -11, 3
3622.1, -11, 3
3622.2, -11, 3
3622.3, -11, 3
3622.4, -11, 3
3622.5, -11, 3
3622.6, -11, 3
3622.7, -11, 3
3622.8, -11, 3
3622.9, -11, 3
3623, -11, 3
3623.1, -11, 3
3623.2, -11, 3
3623.3, -11, 3
3623.4, -11, 3
3623.5, -11, 3
3623.6, -11, 3
3623.7, -11, 3
3623.8, -11, 3
3623.9, -11, 3
3624, -11, 3
3624.1, -11, 3
3624.2, -11, 3
3624.3, -11, 3
3624.4, -11, 3
3624.5, -11, 3
3624.6, -11, 3
3624.7, -11, 3
3624.8, -11, 3
3624.9, -11, 3
3625, -11, 3
3625.1, -11, 3
3625.2, -11, 3
3625.3, -11, 3
3625.4, -11, 3
3625.5, -11, 3
3625.6, -11, 3
3625.7, -11, 3
3625.8, -11, 3
3625.9, -11, 3
3626, -11, 3
3626.1, -11, 3
3626.2, -11, 3
3626.3, -11, 3
3626.4, -11, 3
3626.5, -11, 3
3626.6, -11, 3
3626.7, -11, 3
3626.8, -11, 3
3626.9, -11, 3
3627, -11, 3
3627.1, -11, 3
3627.2, -11, 3
3627.3, -11, 3
3627.4, -11, 3
3627.5, -11, 3
3627.6, -11, 3
3627.7, -11, 3
3627.8, -11, 3
3627.9, -11, 3
3628, -11, 3
3628.1, -11, 4
3628.2, -11, 4
3628.3, -11, 4
3628.4, -11, 4
3628.5, -11, 4
3628.6, -11, 4
3628.7, -11, 4
3628.8, -11, 4
3628.9, -11, 4
3629, -11, 4
3629.1, -11, 4
3629.2, -11, 4
3629.3, -11, 4
3629.4, -11, 4
3629.5, -11, 4
3629.6, -11, 4
3629.7, -11, 4
3629.8, -11, 4
3629.9, -11, 4
3630, -11, 4
3630.1, -11, 4
3630.2, -11, 4
3630.3, -11, 4
3630.4, -11, 4
3630.5, -11, 4
3630.6, -11, 4
3630.7, -11, 5
3630.8, -11, 5
3630.9, -11, 5
3631, -11, 5
3631.1, -11, 5
3631.2, -11, 5
3631.3, -11, 5
3631.4, -11, 5
3631.5, -11, 5
3631.6, -11, 5
3631.7, -12, 5
3631.8, -12, 5
3631.9, -12, 5
3632, -12, 5
3632.1, -12, 5
3632.2, -12, 5
3632.3, -12, 5
3632.4, -12, 5
3632.5, -12, 5
3632.6, -12, 5
3632.7, -12, 5
3632.8, -12, 5
3632.9, -12, 5
3633, -12, 5
3633.1, -12, 5
3633.2, -12, 5
3633.3, -12, 5
3633.4, -12, 5
3633.5, -12, 5
3633.6, -12, 5
3633.7, -12, 5
3633.8, -12, 5
3633.9, -12, 5
3634, -12, 5
3634.1, -12, 5
3634.2, -12, 5
3634.3, -12, 5
3634.4, -12, 5
3634.5, -12, 5
3634.6, -12, 5
3634.7, -12, 5
3634.8, -12, 5
3634.9, -12, 5
3635, -12, 5
3635.1, -12, 5
3635.2, -12, 5
3635.3, -12, 5
3635.4, -12, 5
3635.5, -12, 5
3635.6, -12, 5
3635.7, -12, 5
3635.8, -12, 5
3635.9, -12, 5
3636, -12, 5
3636.1, -12, 5
3636.2, -12, 5
3636.3, -12, 5
3636.4, -12, 5
3636.5, -12, 6
3636.6, -12, 6
3636.7, -12, 6
3636.8, -12, 6
3636.9, -12, 6
3637, -12, 6
3637.1, -12, 6
3637.2, -12, 6
3637.3, -12, 6
3637.4, -12, 6
3637.5, -12, 6
3637.6, -12, 6
3637.7, -12, 7
3637.8, -12, 7
3637.9, -12, 7
3638, -12, 7
3638.1, -12, 7
3638.2, -12, 7
3638.3, -12, 7
3638.4, -12, 7
3638.5, -12, 7
3638.6, -12, 7
3638.7, -12, 7
3638.8, -12, 7
3638.9, -12, 7
3639, -12, 7
3639.1, -12, 7
3639.2, -12, 7
3639.3, -12, 7
3639.4, -12, 7
3639.5, -12, 7
3639.6, -12, 7
3639.7, -12, 7
3639.8, -12, 7
3639.9, -12, 7
3640, -12, 7
3640.1, -12, 7
3640.2, -12, 7
3640.3, -12, 7
3640.4, -12, 7
3640.5, -12, 7
3640.6, -12, 7
3640.7, -12, 7
3640.8, -12, 7
3640.9, -12, 7
3641, -12, 7
3641.1, -12, 7
3641.2, -12, 7
3641.3, -12, 7
3641.4, -12, 7
3641.5, -12, 7
3641.6, -12, 7
3641.7, -12, 7
3641.8, -12, 7
3641.9, -12, 7
3642, -12, 7
3642.1, -11, 7
3642.2, -11, 7
3642.3, -11, 7
3642.4, -11, 7
3642.5, -11, 7
3642.6, -11, 7
3642.7, -11, 7
3642.8, -11, 7
3642.9, -11, 7
3643, -11, 7
3643.1, -11, 8
3643.2, -11, 8
3643.3, -12, 8
3643.4, -12, 8
3643.5, -12, 8
3643.6, -12, 8
3643.7, -12, 8
3643.8, -12, 8
3643.9, -12, 7
3644, -12, 7
3644.1, -12, 7
3644.2, -12, 7
3644.3, -12, 7
3644.4, -12, 7
3644.5, -12, 7
3644.6, -12, 7
3644.7, -12, 7
3644.8, -12, 7
3644.9, -12, 7
3645, -12, 7
3645.1, -12, 7
3645.2, -12, 7
3645.3, -12, 7
3645.4, -12, 7
3645.5, -12, 7
3645.6, -12, 7
3645.7, -12, 7
3645.8, -12, 7
3645.9, -12, 7
3646, -12, 7
3646.1, -12, 7
3646.2, -12, 7
3646.3, -12, 7
3646.4, -12, 7
3646.5, -12, 7
3646.6, -12, 7
3646.7, -12, 8
3646.8, -12, 8
3646.9, -12, 8
3647, -12, 8
3647.1, -12, 9
3647.2, -12, 9
3647.3, -12, 9
3647.4, -12, 9
3647.5, -12, 9
3647.6, -12, 9
3647.7, -12, 9
3647.8, -12, 9
3647.9, -12, 9
3648, -12, 9
3648.1, -12, 9
3648.2, -12, 9
3648.3, -12, 8
3648.4, -12, 8
3648.5, -12, 8
3648.6, -12, 8
3648.7, -12, 8
3648.8, -12, 8
3648.9, -12, 7
3649, -12, 7
3649.1, -12, 7
3649.2, -12, 7
3649.3, -12, 7
3649.4, -12, 7
3649.5, -12, 7
3649.6, -12, 7
3649.7, -12, 7
3649.8, -12, 7
3649.9, -12, 7
3650, -12, 7
3650.1, -13, 7
3650.2, -13, 7
3650.3, -13, 7
3650.4, -13, 7
3650.5, -13, 7
3650.6, -13, 7
3650.7, -13, 7
3650.8, -13, 7
3650.9, -13, 7
3651, -13, 7
3651.1, -13, 7
3651.2, -13, 7
3651.3, -13, 7
3651.4, -13, 7
3651.5, -13, 6
3651.6, -13, 6
3651.7, -13, 6
3651.8, -13, 6
3651.9, -13, 6
3652, -13, 6
3652.1, -13, 6
3652.2, -13, 6
3652.3, -13, 6
3652.4, -13, 6
3652.5, -13, 6
3652.6, -13, 6
3652.7, -13, 6
3652.8, -13, 6
3652.9, -14, 6
3653, -14, 6
3653.1, -14, 6
3653.2, -14, 6
3653.3, -14, 6
3653.4, -14, 6
3653.5, -14, 6
3653.6, -14, 6
3653.7, -14, 6
3653.8, -14, 6
3653.9, -14, 6
3654, -14, 6
3654.1, -14, 6
3654.2, -14, 6
3654.3, -14, 6
3654.4, -14, 6
3654.5, -14, 5
3654.6, -14, 5
3654.7, -14, 4
3654.8, -14, 4
3654.9, -14, 4
3655, -14, 4
3655.1, -14, 4
3655.2, -14, 4
3655.3, -14, 4
3655.4, -14, 4
3655.5, -14, 4
3655.6, -14, 4
3655.7, -14, 4
3655.8, -14, 4
3655.9, -14, 4
3656, -14, 4
3656.1, -14, 4
3656.2, -14, 4
3656.3, -14, 4
3656.4, -14, 4
3656.5, -14, 4
3656.6, -14, 4
3656.7, -14, 4
3656.8, -14, 4
3656.9, -14, 4
3657, -14, 4
3657.1, -14, 4
3657.2, -14, 4
3657.3, -14, 4
3657.4, -14, 4
3657.5, -14, 4
3657.6, -14, 4
3657.7, -14, 4
3657.8, -14, 4
3657.9, -14, 4
3658, -14, 4
3658.1, -14, 4
3658.2, -14, 4
3658.3, -14, 3
3658.4, -14, 3
3658.5, -14, 3
3658.6, -14, 3
3658.7, -14, 3
3658.8, -14, 3
3658.9, -14, 3
3659, -14, 3
3659.1, -14, 3
3659.2, -14, 3
3659.3, -14, 3
3659.4, -14, 3
3659.5, -14, 3
3659.6, -14, 3
3659.7, -14, 3
3659.8, -14, 3
3659.9, -14, 3
3660, -14, 3
3660.1, -14, 3
3660.2, -14, 3
3660.3, -14, 3
3660.4, -14, 3
3660.5, -14, 3
3660.6, -14, 3
3660.7, -14, 3
3660.8, -14, 3
3660.9, -14, 3
3661, -14, 3
3661.1, -14, 3
3661.2, -14, 3
3661.3, -14, 3
3661.4, -14, 3
3661.5, -14, 3
3661.6, -14, 3
3661.7, -14, 3
3661.8, -14, 3
3661.9, -14, 3
3662, -14, 3
3662.1, -14, 3
3662.2, -14, 3
3662.3, -13, 3
3662.4, -13, 3
3662.5, -13, 3
3662.6, -13, 3
3662.7, -13, 3
3662.8, -13, 3
3662.9, -13, 3
3663, -13, 3
3663.1, -13, 3
3663.2, -13, 3
3663.3, -13, 3
3663.4, -13, 3
3663.5, -13, 3
3663.6, -13, 3
3663.7, -13, 3
3663.8, -13, 3
3663.9, -13, 3
3664, -13, 3
3664.1, -13, 3
3664.2, -13, 3
3664.3, -13, 3
3664.4, -13, 3
3664.5, -13, 3
3664.6, -13, 3
3664.7, -13, 3
3664.8, -13, 3
3664.9, -13, 3
3665, -13, 3
3665.1, -13, 3
3665.2, -13, 3
3665.3, -13, 3
3665.4, -13, 3
3665.5, -13, 3
3665.6, -13, 3
3665.7, -13, 3
3665.8, -13, 3
3665.9, -13, 3
3666, -13, 3
3666.1, -13, 3
3666.2, -13, 3
3666.3, -13, 3
3666.4, -13, 3
3666.5, -13, 3
3666.6, -13, 3
3666.7, -13, 3
3666.8, -13, 3
3666.9, -14, 3
3667, -14, 3
3667.1, -14, 3
3667.2, -14, 3
3667.3, -14, 3
3667.4, -14, 3
3667.5, -14, 3
3667.6, -14, 3
3667.7, -14, 3
3667.8, -14, 3
3667.9, -14, 3
3668, -14, 3
3668.1, -14, 3
3668.2, -14, 3
3668.3, -14, 3
3668.4, -14, 3
3668.5, -14, 2
3668.6, -14, 2
3668.7, -14, 2
3668.8, -14, 2
3668.9, -14, 2
3669, -14, 2
3669.1, -14, 2
3669.2, -14, 2
3669.3, -14, 2
3669.4, -14, 2
3669.5, -14, 3
3669.6, -14, 3
3669.7, -14, 3
3669.8, -14, 3
3669.9, -13, 3
3670, -13, 3
3670.1, -13, 3
3670.2, -13, 3
3670.3, -13, 3
3670.4, -13, 3
3670.5, -13, 3
3670.6, -13, 3
3670.7, -13, 3
3670.8, -13, 3
3670.9, -13, 3
3671, -13, 3
3671.1, -13, 3
3671.2, -13, 3
3671.3, -13, 3
3671.4, -13, 3
3671.5, -13, 3
3671.6, -13, 3
3671.7, -13, 3
3671.8, -13, 3
3671.9, -13, 3
3672, -13, 3
3672.1, -13, 3
3672.2, -13, 3
3672.3, -13, 3
3672.4, -13, 3
3672.5, -13, 3
3672.6, -13, 3
3672.7, -13, 3
3672.8, -13, 3
3672.9, -13, 3
3673, -13, 3
3673.1, -13, 3
3673.2, -13, 3
3673.3, -14, 3
3673.4, -14, 3
3673.5, -13, 3
3673.6, -13, 3
3673.7, -13, 3
3673.8, -13, 3
3673.9, -13, 3
3674, -13, 3
3674.1, -13, 3
3674.2, -13, 3
3674.3, -13, 3
3674.4, -13, 3
3674.5, -13, 3
3674.6, -13, 3
3674.7, -13, 4
3674.8, -13, 4
3674.9, -13, 4
3675, -13, 4
3675.1, -13, 4
3675.2, -13, 4
3675.3, -13, 4
3675.4, -13, 4
3675.5, -13, 4
3675.6, -13, 4
3675.7, -13, 4
3675.8, -13, 4
3675.9, -13, 4
3676, -13, 4
3676.1, -13, 4
3676.2, -13, 4
3676.3, -13, 4
3676.4, -13, 4
3676.5, -14, 4
3676.6, -14, 4
3676.7, -15, 4
3676.8, -15, 4
3676.9, -14, 4
3677, -14, 4
3677.1, -14, 4
3677.2, -14, 4
3677.3, -14, 4
3677.4, -14, 4
3677.5, -14, 4
3677.6, -14, 4
3677.7, -14, 4
3677.8, -14, 4
3677.9, -14, 4
3678, -14, 4
3678.1, -13, 4
3678.2, -13, 4
3678.3, -13, 4
3678.4, -13, 4
3678.5, -13, 4
3678.6, -13, 4
3678.7, -13, 4
3678.8, -13, 4
3678.9, -13, 4
3679, -13, 4
3679.1, -13, 4
3679.2, -13, 4
3679.3, -13, 4
3679.4, -13, 4
3679.5, -13, 4
3679.6, -13, 4
3679.7, -13, 4
3679.8, -13, 4
3679.9, -13, 4
3680, -13, 4
3680.1, -13, 4
3680.2, -13, 4
3680.3, -13, 4
3680.4, -13, 4
3680.5, -13, 4
3680.6, -13, 4
3680.7, -13, 4
3680.8, -13, 4
3680.9, -13, 4
3681, -13, 4
3681.1, -13, 4
3681.2, -13, 4
3681.3, -13, 4
3681.4, -13, 4
3681.5, -13, 4
3681.6, -13, 4
3681.7, -13, 4
3681.8, -13, 4
3681.9, -13, 4
3682, -13, 4
3682.1, -13, 4
3682.2, -13, 4
3682.3, -13, 5
3682.4, -13, 5
3682.5, -13, 5
3682.6, -13, 5
3682.7, -13, 6
3682.8, -13, 6
3682.9, -13, 6
3683, -13, 6
3683.1, -13, 6
3683.2, -13, 6
3683.3, -13, 6
3683.4, -13, 6
3683.5, -13, 6
3683.6, -13, 6
3683.7, -13, 6
3683.8, -13, 6
3683.9, -13, 6
3684, -13, 6
3684.1, -13, 6
3684.2, -13, 6
3684.3, -13, 6
3684.4, -13, 6
3684.5, -13, 6
3684.6, -13, 6
3684.7, -13, 6
3684.8, -13, 6
3684.9, -13, 6
3685, -13, 6
3685.1, -13, 6
3685.2, -13, 6
3685.3, -13, 6
3685.4, -13, 6
3685.5, -13, 6
3685.6, -13, 6
3685.7, -13, 6
3685.8, -13, 6
3685.9, -13, 6
3686, -13, 6
3686.1, -13, 6
3686.2, -13, 6
3686.3, -13, 6
3686.4, -13, 6
3686.5, -13, 6
3686.6, -13, 6
3686.7, -13, 6
3686.8, -13, 6
3686.9, -13, 6
3687, -13, 6
3687.1, -13, 6
3687.2, -13, 6
3687.3, -12, 6
3687.4, -12, 6
3687.5, -12, 6
3687.6, -12, 6
3687.7, -12, 6
3687.8, -12, 6
3687.9, -12, 6
3688, -12, 6
3688.1, -12, 6
3688.2, -12, 6
3688.3, -12, 6
3688.4, -12, 6
3688.5, -12, 6
3688.6, -12, 6
3688.7, -12, 6
3688.8, -12, 6
3688.9, -12, 6
3689, -12, 6
3689.1, -12, 6
3689.2, -12, 6
3689.3, -12, 6
3689.4, -12, 6
3689.5, -12, 6
3689.6, -12, 6
3689.7, -12, 6
3689.8, -12, 6
3689.9, -11, 6
3690, -11, 6
3690.1, -11, 6
3690.2, -11, 6
3690.3, -11, 6
3690.4, -11, 6
3690.5, -11, 6
3690.6, -11, 6
3690.7, -11, 6
3690.8, -11, 6
3690.9, -12, 6
3691, -12, 6
3691.1, -12, 6
3691.2, -12, 6
3691.3, -11, 6
3691.4, -11, 6
3691.5, -11, 6
3691.6, -11, 6
3691.7, -11, 6
3691.8, -11, 6
3691.9, -11, 6
3692, -11, 6
3692.1, -11, 6
3692.2, -11, 6
3692.3, -11, 6
3692.4, -11, 6
3692.5, -11, 6
3692.6, -11, 6
3692.7, -11, 6
3692.8, -11, 6
3692.9, -11, 6
3693, -11, 6
3693.1, -11, 6
3693.2, -11, 6
3693.3, -11, 7
3693.4, -11, 7
3693.5, -11, 7
3693.6, -11, 7
3693.7, -11, 7
3693.8, -11, 7
3693.9, -11, 7
3694, -11, 7
3694.1, -11, 7
3694.2, -11, 7
3694.3, -11, 7
3694.4, -11, 7
3694.5, -11, 7
3694.6, -11, 7
3694.7, -11, 7
3694.8, -11, 7
3694.9, -11, 6
3695, -11, 6
3695.1, -11, 6
3695.2, -11, 6
3695.3, -11, 6
3695.4, -11, 6
3695.5, -11, 6
3695.6, -11, 6
3695.7, -11, 6
3695.8, -11, 6
3695.9, -11, 6
3696, -11, 6
3696.1, -11, 6
3696.2, -11, 6
3696.3, -11, 6
3696.4, -11, 6
3696.5, -11, 6
3696.6, -11, 6
3696.7, -11, 6
3696.8, -11, 6
3696.9, -11, 6
3697, -11, 6
3697.1, -10, 6
3697.2, -10, 6
3697.3, -10, 6
3697.4, -10, 6
3697.5, -10, 6
3697.6, -10, 6
3697.7, -10, 6
3697.8, -10, 6
3697.9, -10, 6
3698, -10, 6
3698.1, -10, 6
3698.2, -10, 6
3698.3, -10, 6
3698.4, -10, 6
3698.5, -10, 6
3698.6, -10, 6
3698.7, -10, 6
3698.8, -10, 6
3698.9, -10, 6
3699, -10, 6
3699.1, -10, 7
3699.2, -10, 7
3699.3, -10, 7
3699.4, -10, 7
3699.5, -10, 7
3699.6, -10, 7
3699.7, -10, 7
3699.8, -10, 7
3699.9, -10, 7
3700, -10, 7
3700.1, -10, 7
3700.2, -10, 7
3700.3, -10, 7
3700.4, -10, 7
3700.5, -10, 7
3700.6, -10, 7
3700.7, -10, 7
3700.8, -10, 7
3700.9, -10, 7
3701, -10, 7
3701.1, -10, 7
3701.2, -10, 7
3701.3, -10, 7
3701.4, -10, 7
3701.5, -10, 7
3701.6, -10, 7
3701.7, -10, 7
3701.8, -10, 7
3701.9, -10, 7
3702, -10, 7
3702.1, -10, 7
3702.2, -10, 7
3702.3, -10, 7
3702.4, -10, 7
3702.5, -9, 7
3702.6, -9, 7
3702.7, -9, 7
3702.8, -9, 7
3702.9, -9, 7
3703, -9, 7
3703.1, -9, 7
3703.2, -9, 7
3703.3, -9, 7
3703.4, -9, 7
3703.5, -9, 7
3703.6, -9, 7
3703.7, -9, 7
3703.8, -9, 7
3703.9, -9, 7
3704, -9, 7
3704.1, -9, 7
3704.2, -9, 7
3704.3, -9, 7
3704.4, -9, 7
3704.5, -9, 7
3704.6, -9, 7
3704.7, -9, 7
3704.8, -9, 7
3704.9, -9, 7
3705, -9, 7
3705.1, -9, 7
3705.2, -9, 7
3705.3, -9, 7
3705.4, -9, 7
3705.5, -9, 7
3705.6, -9, 7
3705.7, -9, 7
3705.8, -9, 7
3705.9, -9, 7
3706, -9, 7
3706.1, -9, 7
3706.2, -9, 7
3706.3, -9, 7
3706.4, -9, 7
3706.5, -9, 7
3706.6, -9, 7
3706.7, -9, 7
3706.8, -9, 7
3706.9, -9, 7
3707, -9, 7
3707.1, -9, 7
3707.2, -9, 7
3707.3, -9, 7
3707.4, -9, 7
3707.5, -9, 7
3707.6, -9, 7
3707.7, -9, 7
3707.8, -9, 7
3707.9, -9, 7
3708, -9, 7
3708.1, -9, 7
3708.2, -9, 7
3708.3, -9, 7
3708.4, -9, 7
3708.5, -9, 7
3708.6, -9, 7
3708.7, -9, 8
3708.8, -9, 8
3708.9, -9, 8
3709, -9, 8
3709.1, -9, 8
3709.2, -9, 8
3709.3, -9, 8
3709.4, -9, 8
3709.5, -9, 8
3709.6, -9, 8
3709.7, -9, 8
3709.8, -9, 8
3709.9, -9, 8
3710, -9, 8
3710.1, -9, 8
3710.2, -9, 8
3710.3, -9, 8
3710.4, -9, 8
3710.5, -9, 8
3710.6, -9, 8
3710.7, -9, 8
3710.8, -9, 8
3710.9, -9, 8
3711, -9, 8
3711.1, -9, 8
3711.2, -9, 8
3711.3, -9, 8
3711.4, -9, 8
3711.5, -9, 8
3711.6, -9, 8
3711.7, -9, 8
3711.8, -9, 8
3711.9, -9, 8
3712, -9, 8
3712.1, -9, 8
3712.2, -9, 8
3712.3, -9, 8
3712.4, -9, 8
3712.5, -9, 8
3712.6, -9, 8
3712.7, -9, 8
3712.8, -9, 8
3712.9, -9, 8
3713, -9, 8
3713.1, -9, 8
3713.2, -9, 8
3713.3, -9, 7
3713.4, -9, 7
3713.5, -9, 7
3713.6, -9, 7
3713.7, -9, 7
3713.8, -9, 7
3713.9, -9, 7
3714, -9, 7
3714.1, -9, 7
3714.2, -9, 7
3714.3, -9, 7
3714.4, -9, 7
3714.5, -9, 7
3714.6, -9, 7
3714.7, -9, 7
3714.8, -9, 7
3714.9, -9, 7
3715, -9, 7
3715.1, -9, 7
3715.2, -9, 7
3715.3, -9, 7
3715.4, -9, 7
3715.5, -9, 7
3715.6, -9, 7
3715.7, -9, 7
3715.8, -9, 7
3715.9, -9, 7
3716, -9, 7
3716.1, -9, 7
3716.2, -9, 7
3716.3, -9, 7
3716.4, -9, 7
3716.5, -9, 7
3716.6, -9, 7
3716.7, -9, 7
3716.8, -9, 7
3716.9, -9, 7
3717, -9, 7
3717.1, -9, 7
3717.2, -9, 7
3717.3, -9, 7
3717.4, -9, 7
3717.5, -9, 7
3717.6, -9, 7
3717.7, -9, 7
3717.8, -9, 7
3717.9, -9, 7
3718, -9, 7
3718.1, -9, 7
3718.2, -9, 7
3718.3, -8, 7
3718.4, -8, 7
3718.5, -8, 6
3718.6, -8, 6
3718.7, -8, 6
3718.8, -8, 6
3718.9, -8, 6
3719, -8, 6
3719.1, -8, 6
3719.2, -8, 6
3719.3, -8, 6
3719.4, -8, 6
3719.5, -8, 6
3719.6, -8, 6
3719.7, -8, 6
3719.8, -8, 6
3719.9, -8, 6
3720, -8, 6
3720.1, -8, 6
3720.2, -8, 6
3720.3, -8, 6
3720.4, -8, 6
3720.5, -8, 6
3720.6, -8, 6
3720.7, -8, 6
3720.8, -8, 6
3720.9, -8, 6
3721, -8, 6
3721.1, -8, 6
3721.2, -8, 6
3721.3, -8, 6
3721.4, -8, 6
3721.5, -8, 6
3721.6, -8, 6
3721.7, -8, 6
3721.8, -8, 6
3721.9, -8, 7
3722, -8, 7
3722.1, -8, 7
3722.2, -8, 7
3722.3, -8, 7
3722.4, -8, 7
3722.5, -8, 7
3722.6, -8, 7
3722.7, -8, 7
3722.8, -8, 7
3722.9, -8, 7
3723, -8, 7
3723.1, -8, 7
3723.2, -8, 7
3723.3, -8, 7
3723.4, -8, 7
3723.5, -8, 7
3723.6, -8, 7
3723.7, -8, 7
3723.8, -8, 7
3723.9, -8, 7
3724, -8, 7
3724.1, -8, 7
3724.2, -8, 7
3724.3, -8, 7
3724.4, -8, 7
3724.5, -8, 7
3724.6, -8, 7
3724.7, -8, 7
3724.8, -8, 7
3724.9, -8, 8
3725, -8, 8
3725.1, -8, 8
3725.2, -8, 8
3725.3, -8, 8
3725.4, -8, 8
3725.5, -8, 8
3725.6, -8, 8
3725.7, -8, 8
3725.8, -8, 8
3725.9, -7, 8
3726, -7, 8
3726.1, -7, 8
3726.2, -7, 8
3726.3, -7, 9
3726.4, -7, 9
3726.5, -7, 9
3726.6, -7, 9
3726.7, -7, 9
3726.8, -7, 9
3726.9, -7, 9
3727, -7, 9
3727.1, -7, 9
3727.2, -7, 9
3727.3, -7, 9
3727.4, -7, 9
3727.5, -7, 9
3727.6, -7, 9
3727.7, -7, 9
3727.8, -7, 9
3727.9, -6, 9
3728, -6, 9
3728.1, -6, 9
3728.2, -6, 9
3728.3, -6, 9
3728.4, -6, 9
3728.5, -6, 9
3728.6, -6, 9
3728.7, -6, 9
3728.8, -6, 9
3728.9, -6, 9
3729, -6, 9
3729.1, -6, 9
3729.2, -6, 9
3729.3, -6, 9
3729.4, -6, 9
3729.5, -5, 9
3729.6, -5, 9
3729.7, -5, 9
3729.8, -5, 9
3729.9, -5, 9
3730, -5, 9
3730.1, -5, 9
3730.2, -5, 9
3730.3, -5, 9
3730.4, -5, 9
3730.5, -5, 9
3730.6, -5, 9
3730.7, -5, 9
3730.8, -5, 9
3730.9, -5, 9
3731, -5, 9
3731.1, -5, 9
3731.2, -5, 9
3731.3, -5, 9
3731.4, -5, 9
3731.5, -5, 9
3731.6, -5, 9
3731.7, -5, 9
3731.8, -5, 9
3731.9, -5, 9
3732, -5, 9
3732.1, -5, 9
3732.2, -5, 9
3732.3, -5, 9
3732.4, -5, 9
3732.5, -5, 9
3732.6, -5, 9
3732.7, -5, 9
3732.8, -5, 9
3732.9, -5, 9
3733, -5, 9
3733.1, -5, 9
3733.2, -5, 9
3733.3, -5, 9
3733.4, -5, 9
3733.5, -5, 9
3733.6, -5, 9
3733.7, -5, 9
3733.8, -5, 9
3733.9, -5, 9
3734, -5, 9
3734.1, -5, 9
3734.2, -5, 9
3734.3, -5, 9
3734.4, -5, 9
3734.5, -5, 9
3734.6, -5, 9
3734.7, -5, 9
3734.8, -5, 9
3734.9, -5, 9
3735, -5, 9
3735.1, -5, 9
3735.2, -5, 9
3735.3, -5, 9
3735.4, -5, 9
3735.5, -5, 9
3735.6, -5, 9
3735.7, -5, 9
3735.8, -5, 9
3735.9, -5, 9
3736, -5, 9
3736.1, -5, 9
3736.2, -5, 9
3736.3, -5, 9
3736.4, -5, 9
3736.5, -5, 9
3736.6, -5, 9
3736.7, -5, 9
3736.8, -5, 9
3736.9, -5, 9
3737, -5, 9
3737.1, -5, 9
3737.2, -5, 9
3737.3, -5, 9
3737.4, -5, 9
3737.5, -5, 9
3737.6, -5, 9
3737.7, -5, 9
3737.8, -5, 9
3737.9, -5, 9
3738, -5, 9
3738.1, -5, 9
3738.2, -5, 9
3738.3, -5, 9
3738.4, -5, 9
3738.5, -5, 9
3738.6, -5, 9
3738.7, -5, 9
3738.8, -5, 9
3738.9, -5, 9
3739, -5, 9
3739.1, -4, 9
3739.2, -4, 9
3739.3, -4, 9
3739.4, -4, 9
3739.5, -4, 9
3739.6, -4, 9
3739.7, -4, 9
3739.8, -4, 9
3739.9, -4, 9
3740, -4, 9
3740.1, -4, 9
3740.2, -4, 9
3740.3, -5, 9
3740.4, -5, 9
3740.5, -5, 9
3740.6, -5, 9
3740.7, -5, 9
3740.8, -5, 9
3740.9, -5, 9
3741, -5, 9
3741.1, -6, 9
3741.2, -6, 9
3741.3, -6, 9
3741.4, -6, 9
3741.5, -6, 9
3741.6, -6, 9
3741.7, -6, 9
3741.8, -6, 9
3741.9, -6, 9
3742, -6, 9
3742.1, -6, 9
3742.2, -6, 9
3742.3, -6, 9
3742.4, -6, 9
3742.5, -6, 9
3742.6, -6, 9
3742.7, -6, 9
3742.8, -6, 9
3742.9, -6, 9
3743, -6, 9
3743.1, -6, 9
3743.2, -6, 9
3743.3, -6, 9
3743.4, -6, 9
3743.5, -6, 9
3743.6, -6, 9
3743.7, -6, 9
3743.8, -6, 9
3743.9, -6, 9
3744, -6, 9
3744.1, -6, 9
3744.2, -6, 9
3744.3, -6, 9
3744.4, -6, 9
3744.5, -6, 9
3744.6, -6, 9
3744.7, -6, 9
3744.8, -6, 9
3744.9, -6, 10
3745, -6, 10
3745.1, -6, 10
3745.2, -6, 10
3745.3, -6, 10
3745.4, -6, 10
3745.5, -6, 10
3745.6, -6, 10
3745.7, -6, 10
3745.8, -6, 10
3745.9, -6, 10
3746, -6, 10
3746.1, -6, 10
3746.2, -6, 10
3746.3, -6, 10
3746.4, -6, 10
3746.5, -6, 10
3746.6, -6, 10
3746.7, -6, 10
3746.8, -6, 10
3746.9, -6, 10
3747, -6, 10
3747.1, -6, 10
3747.2, -6, 10
3747.3, -6, 10
3747.4, -6, 10
3747.5, -6, 10
3747.6, -6, 10
3747.7, -6, 10
3747.8, -6, 10
3747.9, -6, 10
3748, -6, 10
3748.1, -6, 10
3748.2, -6, 10
3748.3, -6, 10
3748.4, -6, 10
3748.5, -6, 10
3748.6, -6, 10
3748.7, -6, 10
3748.8, -6, 10
3748.9, -6, 10
3749, -6, 10
3749.1, -6, 10
3749.2, -6, 10
3749.3, -6, 10
3749.4, -6, 10
3749.5, -6, 10
3749.6, -6, 10
3749.7, -6, 10
3749.8, -6, 10
3749.9, -6, 10
3750, -6, 10
3750.1, -6, 10
3750.2, -6, 10
3750.3, -6, 10
3750.4, -6, 10
3750.5, -6, 10
3750.6, -6, 10
3750.7, -6, 10
3750.8, -6, 10
3750.9, -6, 10
3751, -6, 10
3751.1, -6, 10
3751.2, -6, 10
3751.3, -6, 10
3751.4, -6, 10
3751.5, -6, 10
3751.6, -6, 10
3751.7, -6, 10
3751.8, -6, 10
3751.9, -6, 10
3752, -6, 10
3752.1, -6, 10
3752.2, -6, 10
3752.3, -6, 10
3752.4, -6, 10
3752.5, -6, 10
3752.6, -6, 10
3752.7, -6, 10
3752.8, -6, 10
3752.9, -6, 10
3753, -6, 10
3753.1, -6, 10
3753.2, -6, 10
3753.3, -6, 10
3753.4, -6, 10
3753.5, -6, 10
3753.6, -6, 10
3753.7, -6, 10
3753.8, -6, 10
3753.9, -6, 10
3754, -6, 10
3754.1, -6, 10
3754.2, -6, 10
3754.3, -6, 10
3754.4, -6, 10
3754.5, -6, 10
3754.6, -6, 10
3754.7, -6, 10
3754.8, -6, 10
3754.9, -6, 10
3755, -6, 10
3755.1, -6, 10
3755.2, -6, 10
3755.3, -6, 10
3755.4, -6, 10
3755.5, -6, 10
3755.6, -6, 10
3755.7, -6, 11
3755.8, -6, 11
3755.9, -6, 11
3756, -6, 11
3756.1, -6, 11
3756.2, -6, 11
3756.3, -6, 11
3756.4, -6, 11
3756.5, -6, 11
3756.6, -6, 11
3756.7, -6, 11
3756.8, -6, 11
3756.9, -6, 11
3757, -6, 11
3757.1, -6, 11
3757.2, -6, 11
3757.3, -6, 11
3757.4, -6, 11
3757.5, -5, 11
3757.6, -5, 11
3757.7, -5, 11
3757.8, -5, 11
3757.9, -5, 11
3758, -5, 11
3758.1, -5, 11
3758.2, -5, 11
3758.3, -5, 11
3758.4, -5, 11
3758.5, -5, 11
3758.6, -5, 11
3758.7, -5, 11
3758.8, -5, 11
3758.9, -4, 11
3759, -4, 11
3759.1, -4, 11
3759.2, -4, 11
3759.3, -4, 11
3759.4, -4, 11
3759.5, -5, 11
3759.6, -5, 11
3759.7, -5, 11
3759.8, -5, 11
3759.9, -5, 11
3760, -5, 11
3760.1, -5, 11
3760.2, -5, 11
3760.3, -5, 11
3760.4, -5, 11
3760.5, -5, 11
3760.6, -5, 11
3760.7, -5, 11
3760.8, -5, 11
3760.9, -5, 11
3761, -5, 11
3761.1, -5, 11
3761.2, -5, 11
3761.3, -5, 11
3761.4, -5, 11
3761.5, -5, 11
3761.6, -5, 11
3761.7, -5, 11
3761.8, -5, 11
3761.9, -5, 11
3762, -5, 11
3762.1, -5, 11
3762.2, -5, 11
3762.3, -5, 11
3762.4, -5, 11
3762.5, -5, 11
3762.6, -5, 11
3762.7, -5, 11
3762.8, -5, 11
3762.9, -5, 11
3763, -5, 11
3763.1, -5, 11
3763.2, -5, 11
3763.3, -5, 11
3763.4, -5, 11
3763.5, -5, 11
3763.6, -5, 11
3763.7, -5, 11
3763.8, -5, 11
3763.9, -5, 11
3764, -5, 11
3764.1, -5, 11
3764.2, -5, 11
3764.3, -5, 12
3764.4, -5, 12
3764.5, -6, 12
3764.6, -6, 12
3764.7, -6, 12
3764.8, -6, 12
3764.9, -6, 12
3765, -6, 12
3765.1, -6, 12
3765.2, -6, 12
3765.3, -6, 12
3765.4, -6, 12
3765.5, -6, 12
3765.6, -6, 12
3765.7, -6, 12
3765.8, -6, 12
3765.9, -6, 12
3766, -6, 12
3766.1, -6, 12
3766.2, -6, 12
3766.3, -6, 12
3766.4, -6, 12
3766.5, -6, 12
3766.6, -6, 12
3766.7, -6, 12
3766.8, -6, 12
3766.9, -6, 12
3767, -6, 12
3767.1, -6, 12
3767.2, -6, 12
3767.3, -6, 12
3767.4, -6, 12
3767.5, -6, 12
3767.6, -6, 12
3767.7, -6, 12
3767.8, -6, 12
3767.9, -6, 12
3768, -6, 12
3768.1, -6, 12
3768.2, -6, 12
3768.3, -6, 12
3768.4, -6, 12
3768.5, -6, 12
3768.6, -6, 12
3768.7, -7, 12
3768.8, -7, 12
3768.9, -7, 13
3769, -7, 13
3769.1, -7, 13
3769.2, -7, 13
3769.3, -7, 13
3769.4, -7, 13
3769.5, -7, 13
3769.6, -7, 13
3769.7, -7, 13
3769.8, -7, 13
3769.9, -6, 13
3770, -6, 13
3770.1, -6, 13
3770.2, -6, 13
3770.3, -6, 13
3770.4, -6, 13
3770.5, -6, 13
3770.6, -6, 13
3770.7, -6, 13
3770.8, -6, 13
3770.9, -6, 13
3771, -6, 13
3771.1, -6, 13
3771.2, -6, 13
3771.3, -6, 13
3771.4, -6, 13
3771.5, -6, 13
3771.6, -6, 13
3771.7, -6, 13
3771.8, -6, 13
3771.9, -6, 13
3772, -6, 13
3772.1, -6, 13
3772.2, -6, 13
3772.3, -6, 13
3772.4, -6, 13
3772.5, -6, 13
3772.6, -6, 13
3772.7, -6, 13
3772.8, -6, 13
3772.9, -6, 13
3773, -6, 13
3773.1, -6, 13
3773.2, -6, 13
3773.3, -6, 13
3773.4, -6, 13
3773.5, -6, 13
3773.6, -6, 13
3773.7, -6, 13
3773.8, -6, 13
3773.9, -6, 13
3774, -6, 13
3774.1, -6, 13
3774.2, -6, 13
3774.3, -6, 13
3774.4, -6, 13
3774.5, -6, 13
3774.6, -6, 13
3774.7, -6, 13
3774.8, -6, 13
3774.9, -6, 13
3775, -6, 13
3775.1, -6, 13
3775.2, -6, 13
3775.3, -6, 13
3775.4, -6, 13
3775.5, -6, 13
3775.6, -6, 13
3775.7, -6, 13
3775.8, -6, 13
3775.9, -6, 13
3776, -6, 13
3776.1, -6, 13
3776.2, -6, 13
3776.3, -6, 13
3776.4, -6, 13
3776.5, -6, 13
3776.6, -6, 13
3776.7, -6, 13
3776.8, -6, 13
3776.9, -6, 13
3777, -6, 13
3777.1, -6, 13
3777.2, -6, 13
3777.3, -6, 13
3777.4, -6, 13
3777.5, -6, 13
3777.6, -6, 13
3777.7, -6, 13
3777.8, -6, 13
3777.9, -6, 13
3778, -6, 13
3778.1, -6, 13
3778.2, -6, 13
3778.3, -6, 13
3778.4, -6, 13
3778.5, -6, 13
3778.6, -6, 13
3778.7, -6, 13
3778.8, -6, 13
3778.9, -7, 13
3779, -7, 13
3779.1, -7, 13
3779.2, -7, 13
3779.3, -7, 13
3779.4, -7, 13
3779.5, -7, 13
3779.6, -7, 13
3779.7, -7, 14
3779.8, -7, 14
3779.9, -7, 14
3780, -7, 14
3780.1, -7, 14
3780.2, -7, 14
3780.3, -7, 14
3780.4, -7, 14
3780.5, -7, 13
3780.6, -7, 13
3780.7, -7, 13
3780.8, -7, 13
3780.9, -7, 13
3781, -7, 13
3781.1, -7, 13
3781.2, -7, 13
3781.3, -7, 13
3781.4, -7, 13
3781.5, -7, 13
3781.6, -7, 13
3781.7, -7, 13
3781.8, -7, 13
3781.9, -7, 13
3782, -7, 13
3782.1, -7, 13
3782.2, -7, 13
3782.3, -7, 13
3782.4, -7, 13
3782.5, -7, 13
3782.6, -7, 13
3782.7, -7, 13
3782.8, -7, 13
3782.9, -7, 13
3783, -7, 13
3783.1, -7, 13
3783.2, -7, 13
3783.3, -7, 13
3783.4, -7, 13
3783.5, -7, 13
3783.6, -7, 13
3783.7, -7, 13
3783.8, -7, 13
3783.9, -7, 13
3784, -7, 13
3784.1, -7, 13
3784.2, -7, 13
3784.3, -7, 13
3784.4, -7, 13
3784.5, -7, 13
3784.6, -7, 13
3784.7, -6, 13
3784.8, -6, 13
3784.9, -6, 13
3785, -6, 13
3785.1, -6, 13
3785.2, -6, 13
3785.3, -6, 13
3785.4, -6, 13
3785.5, -6, 13
3785.6, -6, 13
3785.7, -6, 13
3785.8, -6, 13
3785.9, -6, 13
3786, -6, 13
3786.1, -6, 13
3786.2, -6, 13
3786.3, -6, 13
3786.4, -6, 13
3786.5, -6, 13
3786.6, -6, 13
3786.7, -6, 13
3786.8, -6, 13
3786.9, -6, 12
3787, -6, 12
3787.1, -6, 12
3787.2, -6, 12
3787.3, -6, 12
3787.4, -6, 12
3787.5, -6, 12
3787.6, -6, 12
3787.7, -6, 12
3787.8, -6, 12
3787.9, -6, 12
3788, -6, 12
3788.1, -6, 12
3788.2, -6, 12
3788.3, -6, 12
3788.4, -6, 12
3788.5, -6, 12
3788.6, -6, 12
3788.7, -6, 12
3788.8, -6, 12
3788.9, -6, 12
3789, -6, 12
3789.1, -6, 12
3789.2, -6, 12
3789.3, -6, 12
3789.4, -6, 12
3789.5, -6, 12
3789.6, -6, 12
3789.7, -6, 12
3789.8, -6, 12
3789.9, -6, 12
3790, -6, 12
3790.1, -6, 12
3790.2, -6, 12
3790.3, -6, 12
3790.4, -6, 12
3790.5, -6, 12
3790.6, -6, 12
3790.7, -6, 12
3790.8, -6, 12
3790.9, -6, 13
3791, -6, 13
3791.1, -6, 13
3791.2, -6, 13
3791.3, -6, 13
3791.4, -6, 13
3791.5, -6, 13
3791.6, -6, 13
3791.7, -6, 13
3791.8, -6, 13
3791.9, -6, 13
3792, -6, 13
3792.1, -6, 13
3792.2, -6, 13
3792.3, -6, 13
3792.4, -6, 13
3792.5, -7, 13
3792.6, -7, 13
3792.7, -7, 13
3792.8, -7, 13
3792.9, -7, 13
3793, -7, 13
3793.1, -8, 13
3793.2, -8, 13
3793.3, -8, 13
3793.4, -8, 13
3793.5, -8, 13
3793.6, -8, 13
3793.7, -8, 13
3793.8, -8, 13
3793.9, -8, 13
3794, -8, 13
3794.1, -7, 13
3794.2, -7, 13
3794.3, -7, 13
3794.4, -7, 13
3794.5, -7, 13
3794.6, -7, 13
3794.7, -7, 13
3794.8, -7, 13
3794.9, -7, 13
3795, -7, 13
3795.1, -7, 14
3795.2, -7, 14
3795.3, -7, 14
3795.4, -7, 14
3795.5, -7, 14
3795.6, -7, 14
3795.7, -7, 14
3795.8, -7, 14
3795.9, -7, 14
3796, -7, 14
3796.1, -7, 14
3796.2, -7, 14
3796.3, -7, 14
3796.4, -7, 14
3796.5, -7, 14
3796.6, -7, 14
3796.7, -7, 14
3796.8, -7, 14
3796.9, -7, 14
3797, -7, 14
3797.1, -7, 14
3797.2, -7, 14
3797.3, -7, 14
3797.4, -7, 14
3797.5, -7, 14
3797.6, -7, 14
3797.7, -7, 14
3797.8, -7, 14
3797.9, -7, 14
3798, -7, 14
3798.1, -7, 13
3798.2, -7, 13
3798.3, -7, 13
3798.4, -7, 13
3798.5, -7, 13
3798.6, -7, 13
3798.7, -7, 13
3798.8, -7, 13
3798.9, -7, 13
3799, -7, 13
3799.1, -8, 13
3799.2, -8, 13
3799.3, -8, 13
3799.4, -8, 13
3799.5, -8, 13
3799.6, -8, 13
3799.7, -8, 13
3799.8, -8, 13
3799.9, -9, 13
3800, -9, 13
3800.1, -9, 13
3800.2, -9, 13
3800.3, -9, 13
3800.4, -9, 13
3800.5, -9, 13
3800.6, -9, 13
3800.7, -9, 13
3800.8, -9, 13
3800.9, -9, 13
3801, -9, 13
3801.1, -9, 13
3801.2, -9, 13
3801.3, -9, 13
3801.4, -9, 13
3801.5, -9, 13
3801.6, -9, 13
3801.7, -9, 13
3801.8, -9, 13
3801.9, -9, 13
3802, -9, 13
3802.1, -9, 13
3802.2, -9, 13
3802.3, -9, 13
3802.4, -9, 13
3802.5, -9, 13
3802.6, -9, 13
3802.7, -9, 13
3802.8, -9, 13
3802.9, -9, 13
3803, -9, 13
3803.1, -9, 13
3803.2, -9, 13
3803.3, -9, 13
3803.4, -9, 13
3803.5, -9, 13
3803.6, -9, 13
3803.7, -9, 13
3803.8, -9, 13
3803.9, -9, 13
3804, -9, 13
3804.1, -9, 13
3804.2, -9, 13
3804.3, -9, 13
3804.4, -9, 13
3804.5, -9, 13
3804.6, -9, 13
3804.7, -9, 13
3804.8, -9, 13
3804.9, -9, 13
3805, -9, 13
3805.1, -9, 13
3805.2, -9, 13
3805.3, -9, 13
3805.4, -9, 13
3805.5, -9, 13
3805.6, -9, 13
3805.7, -9, 13
3805.8, -9, 13
3805.9, -9, 13
3806, -9, 13
3806.1, -9, 13
3806.2, -9, 13
3806.3, -9, 13
3806.4, -9, 13
3806.5, -9, 13
3806.6, -9, 13
3806.7, -9, 13
3806.8, -9, 13
3806.9, -9, 13
3807, -9, 13
3807.1, -9, 13
3807.2, -9, 13
3807.3, -9, 13
3807.4, -9, 13
3807.5, -9, 13
3807.6, -9, 13
3807.7, -9, 13
3807.8, -9, 13
3807.9, -9, 13
3808, -9, 13
3808.1, -9, 13
3808.2, -9, 13
3808.3, -9, 13
3808.4, -9, 13
3808.5, -9, 13
3808.6, -9, 13
3808.7, -9, 13
3808.8, -9, 13
3808.9, -9, 13
3809, -9, 13
3809.1, -9, 13
3809.2, -9, 13
3809.3, -9, 13
3809.4, -9, 13
3809.5, -8, 13
3809.6, -8, 13
3809.7, -8, 13
3809.8, -8, 13
3809.9, -8, 13
3810, -8, 13
3810.1, -8, 13
3810.2, -8, 13
3810.3, -8, 13
3810.4, -8, 13
3810.5, -7, 13
3810.6, -7, 13
3810.7, -7, 13
3810.8, -7, 13
3810.9, -7, 13
3811, -7, 13
3811.1, -7, 13
3811.2, -7, 13
3811.3, -7, 13
3811.4, -7, 13
3811.5, -7, 13
3811.6, -7, 13
3811.7, -7, 13
3811.8, -7, 13
3811.9, -7, 13
3812, -7, 13
3812.1, -7, 13
3812.2, -7, 13
3812.3, -7, 13
3812.4, -7, 13
3812.5, -7, 13
3812.6, -7, 13
3812.7, -7, 13
3812.8, -7, 13
3812.9, -7, 13
3813, -7, 13
3813.1, -8, 13
3813.2, -8, 13
3813.3, -8, 13
3813.4, -8, 13
3813.5, -8, 13
3813.6, -8, 13
3813.7, -9, 13
3813.8, -9, 13
3813.9, -9, 13
3814, -9, 13
3814.1, -9, 13
3814.2, -9, 13
3814.3, -10, 13
3814.4, -10, 13
3814.5, -10, 12
3814.6, -10, 12
3814.7, -10, 12
3814.8, -10, 12
3814.9, -10, 12
3815, -10, 12
3815.1, -10, 12
3815.2, -10, 12
3815.3, -10, 12
3815.4, -10, 12
3815.5, -10, 12
3815.6, -10, 12
3815.7, -10, 12
3815.8, -10, 12
3815.9, -10, 12
3816, -10, 12
3816.1, -10, 12
3816.2, -10, 12
3816.3, -10, 12
3816.4, -10, 12
3816.5, -10, 12
3816.6, -10, 12
3816.7, -10, 12
3816.8, -10, 12
3816.9, -10, 12
3817, -10, 12
3817.1, -10, 12
3817.2, -10, 12
3817.3, -10, 12
3817.4, -10, 12
3817.5, -10, 12
3817.6, -10, 12
3817.7, -10, 12
3817.8, -10, 12
3817.9, -10, 12
3818, -10, 12
3818.1, -10, 12
3818.2, -10, 12
3818.3, -10, 12
3818.4, -10, 12
3818.5, -10, 12
3818.6, -10, 12
3818.7, -10, 12
3818.8, -10, 12
3818.9, -10, 12
3819, -10, 12
3819.1, -10, 12
3819.2, -10, 12
3819.3, -10, 12
3819.4, -10, 12
3819.5, -10, 12
3819.6, -10, 12
3819.7, -10, 12
3819.8, -10, 12
3819.9, -10, 12
3820, -10, 12
3820.1, -10, 12
3820.2, -10, 12
3820.3, -10, 12
3820.4, -10, 12
3820.5, -10, 12
3820.6, -10, 12
3820.7, -9, 12
3820.8, -9, 12
3820.9, -9, 12
3821, -9, 12
3821.1, -9, 12
3821.2, -9, 12
3821.3, -9, 12
3821.4, -9, 12
3821.5, -9, 12
3821.6, -9, 12
3821.7, -9, 12
3821.8, -9, 12
3821.9, -10, 12
3822, -10, 12
3822.1, -10, 12
3822.2, -10, 12
3822.3, -10, 12
3822.4, -10, 12
3822.5, -10, 12
3822.6, -10, 12
3822.7, -10, 12
3822.8, -10, 12
3822.9, -10, 12
3823, -10, 12
3823.1, -10, 12
3823.2, -10, 12
3823.3, -10, 12
3823.4, -10, 12
3823.5, -9, 12
3823.6, -9, 12
3823.7, -9, 12
3823.8, -9, 12
3823.9, -9, 12
3824, -9, 12
3824.1, -9, 12
3824.2, -9, 12
3824.3, -9, 12
3824.4, -9, 12
3824.5, -9, 12
3824.6, -9, 12
3824.7, -9, 12
3824.8, -9, 12
3824.9, -9, 12
3825, -9, 12
3825.1, -9, 12
3825.2, -9, 12
3825.3, -9, 12
3825.4, -9, 12
3825.5, -9, 12
3825.6, -9, 12
3825.7, -9, 12
3825.8, -9, 12
3825.9, -9, 12
3826, -9, 12
3826.1, -9, 13
3826.2, -9, 13
3826.3, -9, 13
3826.4, -9, 13
3826.5, -9, 13
3826.6, -9, 13
3826.7, -9, 13
3826.8, -9, 13
3826.9, -9, 13
3827, -9, 13
3827.1, -10, 13
3827.2, -10, 13
3827.3, -9, 13
3827.4, -9, 13
3827.5, -9, 13
3827.6, -9, 13
3827.7, -9, 13
3827.8, -9, 13
3827.9, -9, 13
3828, -9, 13
3828.1, -9, 13
3828.2, -9, 13
3828.3, -9, 13
3828.4, -9, 13
3828.5, -10, 13
3828.6, -10, 13
3828.7, -10, 13
3828.8, -10, 13
3828.9, -10, 12
3829, -10, 12
3829.1, -10, 12
3829.2, -10, 12
3829.3, -10, 12
3829.4, -10, 12
3829.5, -10, 12
3829.6, -10, 12
3829.7, -10, 12
3829.8, -10, 12
3829.9, -10, 12
3830, -10, 12
3830.1, -10, 12
3830.2, -10, 12
3830.3, -10, 12
3830.4, -10, 12
3830.5, -10, 12
3830.6, -10, 12
3830.7, -10, 12
3830.8, -10, 12
3830.9, -10, 12
3831, -10, 12
3831.1, -10, 12
3831.2, -10, 12
3831.3, -10, 12
3831.4, -10, 12
3831.5, -10, 12
3831.6, -10, 12
3831.7, -10, 12
3831.8, -10, 12
3831.9, -10, 12
3832, -10, 12
3832.1, -10, 12
3832.2, -10, 12
3832.3, -10, 12
3832.4, -10, 12
3832.5, -10, 12
3832.6, -10, 12
3832.7, -10, 12
3832.8, -10, 12
3832.9, -10, 11
3833, -10, 11
3833.1, -10, 11
3833.2, -10, 11
3833.3, -10, 11
3833.4, -10, 11
3833.5, -10, 11
3833.6, -10, 11
3833.7, -10, 11
3833.8, -10, 11
3833.9, -10, 11
3834, -10, 11
3834.1, -10, 11
3834.2, -10, 11
3834.3, -10, 11
3834.4, -10, 11
3834.5, -10, 11
3834.6, -10, 11
3834.7, -10, 11
3834.8, -10, 11
3834.9, -10, 11
3835, -10, 11
3835.1, -10, 11
3835.2, -10, 11
3835.3, -10, 11
3835.4, -10, 11
3835.5, -10, 11
3835.6, -10, 11
3835.7, -10, 11
3835.8, -10, 11
3835.9, -10, 11
3836, -10, 11
3836.1, -10, 11
3836.2, -10, 11
3836.3, -10, 11
3836.4, -10, 11
3836.5, -10, 11
3836.6, -10, 11
3836.7, -10, 11
3836.8, -10, 11
3836.9, -10, 11
3837, -10, 11
3837.1, -10, 11
3837.2, -10, 11
3837.3, -10, 11
3837.4, -10, 11
3837.5, -10, 11
3837.6, -10, 11
3837.7, -10, 11
3837.8, -10, 11
3837.9, -10, 11
3838, -10, 11
3838.1, -10, 11
3838.2, -10, 11
3838.3, -10, 11
3838.4, -10, 11
3838.5, -10, 11
3838.6, -10, 11
3838.7, -10, 11
3838.8, -10, 11
3838.9, -10, 11
3839, -10, 11
3839.1, -11, 11
3839.2, -11, 11
3839.3, -11, 11
3839.4, -11, 11
3839.5, -11, 11
3839.6, -11, 11
3839.7, -11, 11
3839.8, -11, 11
3839.9, -11, 11
3840, -11, 11
3840.1, -11, 10
3840.2, -11, 10
3840.3, -11, 10
3840.4, -11, 10
3840.5, -11, 10
3840.6, -11, 10
3840.7, -11, 9
3840.8, -11, 9
3840.9, -11, 9
3841, -11, 9
3841.1, -10, 9
3841.2, -10, 9
3841.3, -10, 9
3841.4, -10, 9
3841.5, -10, 9
3841.6, -10, 9
3841.7, -10, 9
3841.8, -10, 9
3841.9, -10, 9
3842, -10, 9
3842.1, -10, 9
3842.2, -10, 9
3842.3, -10, 9
3842.4, -10, 9
3842.5, -10, 8
3842.6, -10, 8
3842.7, -10, 8
3842.8, -10, 8
3842.9, -10, 8
3843, -10, 8
3843.1, -10, 8
3843.2, -10, 8
3843.3, -10, 8
3843.4, -10, 8
3843.5, -10, 8
3843.6, -10, 8
3843.7, -10, 8
3843.8, -10, 8
3843.9, -10, 8
3844, -10, 8
3844.1, -10, 8
3844.2, -10, 8
3844.3, -10, 8
3844.4, -10, 8
3844.5, -10, 8
3844.6, -10, 8
3844.7, -10, 8
3844.8, -10, 8
3844.9, -10, 8
3845, -10, 8
3845.1, -10, 8
3845.2, -10, 8
3845.3, -10, 8
3845.4, -10, 8
3845.5, -10, 8
3845.6, -10, 8
3845.7, -10, 8
3845.8, -10, 8
3845.9, -10, 8
3846, -10, 8
3846.1, -10, 8
3846.2, -10, 8
3846.3, -10, 8
3846.4, -10, 8
3846.5, -11, 8
3846.6, -11, 8
3846.7, -11, 8
3846.8, -11, 8
3846.9, -11, 8
3847, -11, 8
3847.1, -11, 8
3847.2, -11, 8
3847.3, -11, 8
3847.4, -11, 8
3847.5, -11, 8
3847.6, -11, 8
3847.7, -11, 8
3847.8, -11, 8
3847.9, -11, 8
3848, -11, 8
3848.1, -11, 8
3848.2, -11, 8
3848.3, -11, 8
3848.4, -11, 8
3848.5, -11, 8
3848.6, -11, 8
3848.7, -11, 8
3848.8, -11, 8
3848.9, -11, 8
3849, -11, 8
3849.1, -11, 8
3849.2, -11, 8
3849.3, -11, 8
3849.4, -11, 8
3849.5, -11, 8
3849.6, -11, 8
3849.7, -11, 8
3849.8, -11, 8
3849.9, -11, 8
3850, -11, 8
3850.1, -11, 8
3850.2, -11, 8
3850.3, -11, 8
3850.4, -11, 8
3850.5, -11, 8
3850.6, -11, 8
3850.7, -11, 8
3850.8, -11, 8
3850.9, -11, 8
3851, -11, 8
3851.1, -11, 8
3851.2, -11, 8
3851.3, -11, 8
3851.4, -11, 8
3851.5, -11, 8
3851.6, -11, 8
3851.7, -11, 8
3851.8, -11, 8
3851.9, -12, 8
3852, -12, 8
3852.1, -12, 8
3852.2, -12, 8
3852.3, -12, 8
3852.4, -12, 8
3852.5, -12, 9
3852.6, -12, 9
3852.7, -12, 9
3852.8, -12, 9
3852.9, -11, 9
3853, -11, 9
3853.1, -11, 9
3853.2, -11, 9
3853.3, -11, 9
3853.4, -11, 9
3853.5, -11, 10
3853.6, -11, 10
3853.7, -11, 10
3853.8, -11, 10
3853.9, -11, 10
3854, -11, 10
3854.1, -11, 10
3854.2, -11, 10
3854.3, -11, 10
3854.4, -11, 10
3854.5, -11, 10
3854.6, -11, 10
3854.7, -12, 10
3854.8, -12, 10
3854.9, -12, 10
3855, -12, 10
3855.1, -12, 10
3855.2, -12, 10
3855.3, -12, 10
3855.4, -12, 10
3855.5, -12, 10
3855.6, -12, 10
3855.7, -12, 10
3855.8, -12, 10
3855.9, -12, 10
3856, -12, 10
3856.1, -12, 10
3856.2, -12, 10
3856.3, -12, 10
3856.4, -12, 10
3856.5, -12, 9
3856.6, -12, 9
3856.7, -12, 9
3856.8, -12, 9
3856.9, -12, 9
3857, -12, 9
3857.1, -12, 9
3857.2, -12, 9
3857.3, -12, 9
3857.4, -12, 9
3857.5, -12, 9
3857.6, -12, 9
3857.7, -12, 9
3857.8, -12, 9
3857.9, -12, 9
3858, -12, 9
3858.1, -12, 9
3858.2, -12, 9
3858.3, -12, 9
3858.4, -12, 9
3858.5, -12, 9
3858.6, -12, 9
3858.7, -12, 9
3858.8, -12, 9
3858.9, -12, 9
3859, -12, 9
3859.1, -12, 9
3859.2, -12, 9
3859.3, -12, 9
3859.4, -12, 9
3859.5, -12, 9
3859.6, -12, 9
3859.7, -12, 9
3859.8, -12, 9
3859.9, -12, 9
3860, -12, 9
3860.1, -12, 9
3860.2, -12, 9
3860.3, -12, 9
3860.4, -12, 9
3860.5, -12, 9
3860.6, -12, 9
3860.7, -12, 9
3860.8, -12, 9
3860.9, -12, 9
3861, -12, 9
3861.1, -12, 9
3861.2, -12, 9
3861.3, -12, 9
3861.4, -12, 9
3861.5, -12, 9
3861.6, -12, 9
3861.7, -12, 9
3861.8, -12, 9
3861.9, -12, 9
3862, -12, 9
3862.1, -12, 9
3862.2, -12, 9
3862.3, -12, 9
3862.4, -12, 9
3862.5, -12, 10
3862.6, -12, 10
3862.7, -12, 10
3862.8, -12, 10
3862.9, -12, 10
3863, -12, 10
3863.1, -12, 10
3863.2, -12, 10
3863.3, -12, 11
3863.4, -12, 11
3863.5, -12, 11
3863.6, -12, 11
3863.7, -12, 11
3863.8, -12, 11
3863.9, -12, 11
3864, -12, 11
3864.1, -12, 11
3864.2, -12, 11
3864.3, -12, 11
3864.4, -12, 11
3864.5, -12, 11
3864.6, -12, 11
3864.7, -12, 11
3864.8, -12, 11
3864.9, -12, 11
3865, -12, 11
3865.1, -13, 11
3865.2, -13, 11
3865.3, -13, 11
3865.4, -13, 11
3865.5, -13, 11
3865.6, -13, 11
3865.7, -13, 11
3865.8, -13, 11
3865.9, -13, 11
3866, -13, 11
3866.1, -13, 11
3866.2, -13, 11
3866.3, -13, 11
3866.4, -13, 11
3866.5, -13, 11
3866.6, -13, 11
3866.7, -13, 11
3866.8, -13, 11
3866.9, -13, 11
3867, -13, 11
3867.1, -13, 11
3867.2, -13, 11
3867.3, -13, 11
3867.4, -13, 11
3867.5, -13, 11
3867.6, -13, 11
3867.7, -13, 11
3867.8, -13, 11
3867.9, -13, 11
3868, -13, 11
3868.1, -13, 11
3868.2, -13, 11
3868.3, -13, 11
3868.4, -13, 11
3868.5, -13, 11
3868.6, -13, 11
3868.7, -13, 11
3868.8, -13, 11
3868.9, -13, 11
3869, -13, 11
3869.1, -13, 11
3869.2, -13, 11
3869.3, -13, 11
3869.4, -13, 11
3869.5, -13, 11
3869.6, -13, 11
3869.7, -14, 11
3869.8, -14, 11
3869.9, -14, 10
3870, -14, 10
3870.1, -14, 10
3870.2, -14, 10
3870.3, -14, 10
3870.4, -14, 10
3870.5, -14, 10
3870.6, -14, 10
3870.7, -14, 10
3870.8, -14, 10
3870.9, -14, 11
3871, -14, 11
3871.1, -14, 11
3871.2, -14, 11
3871.3, -14, 11
3871.4, -14, 11
3871.5, -14, 10
3871.6, -14, 10
3871.7, -14, 10
3871.8, -14, 10
3871.9, -14, 10
3872, -14, 10
3872.1, -14, 10
3872.2, -14, 10
3872.3, -14, 10
3872.4, -14, 10
3872.5, -14, 10
3872.6, -14, 10
3872.7, -14, 10
3872.8, -14, 10
3872.9, -14, 10
3873, -14, 10
3873.1, -14, 10
3873.2, -14, 10
3873.3, -14, 10
3873.4, -14, 10
3873.5, -14, 10
3873.6, -14, 10
3873.7, -14, 10
3873.8, -14, 10
3873.9, -14, 9
3874, -14, 9
3874.1, -14, 9
3874.2, -14, 9
3874.3, -14, 9
3874.4, -14, 9
3874.5, -14, 9
3874.6, -14, 9
3874.7, -14, 9
3874.8, -14, 9
3874.9, -14, 9
3875, -14, 9
3875.1, -14, 9
3875.2, -14, 9
3875.3, -14, 9
3875.4, -14, 9
3875.5, -14, 9
3875.6, -14, 9
3875.7, -14, 9
3875.8, -14, 9
3875.9, -14, 9
3876, -14, 9
3876.1, -14, 9
3876.2, -14, 9
3876.3, -14, 9
3876.4, -14, 9
3876.5, -14, 9
3876.6, -14, 9
3876.7, -14, 9
3876.8, -14, 9
3876.9, -14, 9
3877, -14, 9
3877.1, -14, 9
3877.2, -14, 9
3877.3, -14, 9
3877.4, -14, 9
3877.5, -14, 9
3877.6, -14, 9
3877.7, -14, 9
3877.8, -14, 9
3877.9, -14, 9
3878, -14, 9
3878.1, -14, 9
3878.2, -14, 9
3878.3, -14, 9
3878.4, -14, 9
3878.5, -14, 9
3878.6, -14, 9
3878.7, -14, 9
3878.8, -14, 9
3878.9, -14, 9
3879, -14, 9
3879.1, -14, 9
3879.2, -14, 9
3879.3, -14, 9
3879.4, -14, 9
3879.5, -14, 9
3879.6, -14, 9
3879.7, -14, 9
3879.8, -14, 9
3879.9, -14, 9
3880, -14, 9
3880.1, -14, 9
3880.2, -14, 9
3880.3, -14, 9
3880.4, -14, 9
3880.5, -14, 9
3880.6, -14, 9
3880.7, -14, 9
3880.8, -14, 9
3880.9, -14, 9
3881, -14, 9
3881.1, -14, 9
3881.2, -14, 9
3881.3, -14, 9
3881.4, -14, 9
3881.5, -14, 9
3881.6, -14, 9
3881.7, -14, 9
3881.8, -14, 9
3881.9, -14, 9
3882, -14, 9
3882.1, -14, 9
3882.2, -14, 9
3882.3, -14, 9
3882.4, -14, 9
3882.5, -14, 9
3882.6, -14, 9
3882.7, -14, 9
3882.8, -14, 9
3882.9, -14, 9
3883, -14, 9
3883.1, -14, 9
3883.2, -14, 9
3883.3, -14, 9
3883.4, -14, 9
3883.5, -14, 9
3883.6, -14, 9
3883.7, -15, 9
3883.8, -15, 9
3883.9, -15, 9
3884, -15, 9
3884.1, -15, 9
3884.2, -15, 9
3884.3, -15, 8
3884.4, -15, 8
3884.5, -15, 8
3884.6, -15, 8
3884.7, -15, 8
3884.8, -15, 8
3884.9, -15, 8
3885, -15, 8
3885.1, -15, 8
3885.2, -15, 8
3885.3, -15, 8
3885.4, -15, 8
3885.5, -15, 7
3885.6, -15, 7
3885.7, -15, 7
3885.8, -15, 7
3885.9, -15, 7
3886, -15, 7
3886.1, -15, 7
3886.2, -15, 7
3886.3, -15, 7
3886.4, -15, 7
3886.5, -15, 7
3886.6, -15, 7
3886.7, -15, 7
3886.8, -15, 7
3886.9, -15, 7
3887, -15, 7
3887.1, -15, 7
3887.2, -15, 7
3887.3, -15, 7
3887.4, -15, 7
3887.5, -15, 8
3887.6, -15, 8
3887.7, -14, 8
3887.8, -14, 8
3887.9, -13, 8
3888, -13, 8
3888.1, -13, 8
3888.2, -13, 8
3888.3, -13, 8
3888.4, -13, 8
3888.5, -13, 8
3888.6, -13, 8
3888.7, -13, 8
3888.8, -13, 8
3888.9, -13, 8
3889, -13, 8
3889.1, -13, 8
3889.2, -13, 8
3889.3, -13, 8
3889.4, -13, 8
3889.5, -13, 8
3889.6, -13, 8
3889.7, -13, 8
3889.8, -13, 8
3889.9, -13, 8
3890, -13, 8
3890.1, -13, 8
3890.2, -13, 8
3890.3, -13, 8
3890.4, -13, 8
3890.5, -13, 8
3890.6, -13, 8
3890.7, -13, 8
3890.8, -13, 8
3890.9, -13, 8
3891, -13, 8
3891.1, -13, 8
3891.2, -13, 8
3891.3, -13, 8
3891.4, -13, 8
3891.5, -13, 8
3891.6, -13, 8
3891.7, -13, 8
3891.8, -13, 8
3891.9, -13, 7
3892, -13, 7
3892.1, -13, 7
3892.2, -13, 7
3892.3, -13, 7
3892.4, -13, 7
3892.5, -13, 7
3892.6, -13, 7
3892.7, -13, 7
3892.8, -13, 7
3892.9, -13, 7
3893, -13, 7
3893.1, -13, 7
3893.2, -13, 7
3893.3, -13, 7
3893.4, -13, 7
3893.5, -13, 7
3893.6, -13, 7
3893.7, -13, 7
3893.8, -13, 7
3893.9, -13, 7
3894, -13, 7
3894.1, -13, 7
3894.2, -13, 7
3894.3, -13, 7
3894.4, -13, 7
3894.5, -13, 7
3894.6, -13, 7
3894.7, -13, 7
3894.8, -13, 7
3894.9, -13, 7
3895, -13, 7
3895.1, -13, 7
3895.2, -13, 7
3895.3, -13, 7
3895.4, -13, 7
3895.5, -13, 7
3895.6, -13, 7
3895.7, -13, 7
3895.8, -13, 7
3895.9, -13, 7
3896, -13, 7
3896.1, -13, 7
3896.2, -13, 7
3896.3, -13, 7
3896.4, -13, 7
3896.5, -13, 7
3896.6, -13, 7
3896.7, -13, 7
3896.8, -13, 7
3896.9, -13, 7
3897, -13, 7
3897.1, -13, 7
3897.2, -13, 7
3897.3, -13, 7
3897.4, -13, 7
3897.5, -13, 7
3897.6, -13, 7
3897.7, -13, 7
3897.8, -13, 7
3897.9, -13, 7
3898, -13, 7
3898.1, -13, 7
3898.2, -13, 7
3898.3, -13, 7
3898.4, -13, 7
3898.5, -13, 7
3898.6, -13, 7
3898.7, -13, 7
3898.8, -13, 7
3898.9, -13, 7
3899, -13, 7
3899.1, -13, 7
3899.2, -13, 7
3899.3, -13, 7
3899.4, -13, 7
3899.5, -13, 7
3899.6, -13, 7
3899.7, -13, 7
3899.8, -13, 7
3899.9, -13, 7
3900, -13, 7
3900.1, -13, 7
3900.2, -13, 7
3900.3, -13, 7
3900.4, -13, 7
3900.5, -13, 7
3900.6, -13, 7
3900.7, -13, 8
3900.8, -13, 8
3900.9, -13, 8
3901, -13, 8
3901.1, -13, 8
3901.2, -13, 8
3901.3, -13, 8
3901.4, -13, 8
3901.5, -13, 8
3901.6, -13, 8
3901.7, -13, 8
3901.8, -13, 8
3901.9, -13, 8
3902, -13, 8
3902.1, -13, 8
3902.2, -13, 8
3902.3, -13, 8
3902.4, -13, 8
3902.5, -13, 8
3902.6, -13, 8
3902.7, -13, 8
3902.8, -13, 8
3902.9, -13, 8
3903, -13, 8
3903.1, -13, 8
3903.2, -13, 8
3903.3, -13, 8
3903.4, -13, 8
3903.5, -13, 8
3903.6, -13, 8
3903.7, -13, 8
3903.8, -13, 8
3903.9, -13, 8
3904, -13, 8
3904.1, -13, 8
3904.2, -13, 8
3904.3, -13, 8
3904.4, -13, 8
3904.5, -13, 8
3904.6, -13, 8
3904.7, -13, 8
3904.8, -13, 8
3904.9, -13, 8
3905, -13, 8
3905.1, -13, 8
3905.2, -13, 8
3905.3, -13, 8
3905.4, -13, 8
3905.5, -13, 8
3905.6, -13, 8
3905.7, -13, 8
3905.8, -13, 8
3905.9, -13, 8
3906, -13, 8
3906.1, -13, 8
3906.2, -13, 8
3906.3, -13, 8
3906.4, -13, 8
3906.5, -14, 8
3906.6, -14, 8
3906.7, -14, 8
3906.8, -14, 8
3906.9, -14, 8
3907, -14, 8
3907.1, -14, 8
3907.2, -14, 8
3907.3, -14, 8
3907.4, -14, 8
3907.5, -13, 8
3907.6, -13, 8
3907.7, -13, 8
3907.8, -13, 8
3907.9, -13, 8
3908, -13, 8
3908.1, -13, 8
3908.2, -13, 8
3908.3, -13, 8
3908.4, -13, 8
3908.5, -12, 8
3908.6, -12, 8
3908.7, -12, 8
3908.8, -12, 8
3908.9, -12, 8
3909, -12, 8
3909.1, -12, 8
3909.2, -12, 8
3909.3, -12, 8
3909.4, -12, 8
3909.5, -12, 8
3909.6, -12, 8
3909.7, -12, 8
3909.8, -12, 8
3909.9, -12, 8
3910, -12, 8
3910.1, -12, 8
3910.2, -12, 8
3910.3, -12, 8
3910.4, -12, 8
3910.5, -12, 8
3910.6, -12, 8
3910.7, -12, 8
3910.8, -12, 8
3910.9, -12, 8
3911, -12, 8
3911.1, -12, 8
3911.2, -12, 8
3911.3, -12, 8
3911.4, -12, 8
3911.5, -12, 8
3911.6, -12, 8
3911.7, -12, 8
3911.8, -12, 8
3911.9, -12, 8
3912, -12, 8
3912.1, -12, 8
3912.2, -12, 8
3912.3, -11, 8
3912.4, -11, 8
3912.5, -11, 8
3912.6, -11, 8
3912.7, -11, 8
3912.8, -11, 8
3912.9, -11, 8
3913, -11, 8
3913.1, -11, 8
3913.2, -11, 8
3913.3, -12, 8
3913.4, -12, 8
3913.5, -12, 8
3913.6, -12, 8
3913.7, -13, 8
3913.8, -13, 8
3913.9, -13, 8
3914, -13, 8
3914.1, -13, 8
3914.2, -13, 8
3914.3, -13, 8
3914.4, -13, 8
3914.5, -13, 8
3914.6, -13, 8
3914.7, -13, 8
3914.8, -13, 8
3914.9, -13, 8
3915, -13, 8
3915.1, -13, 9
3915.2, -13, 9
3915.3, -13, 9
3915.4, -13, 9
3915.5, -13, 9
3915.6, -13, 9
3915.7, -13, 9
3915.8, -13, 9
3915.9, -13, 9
3916, -13, 9
3916.1, -13, 9
3916.2, -13, 9
3916.3, -13, 8
3916.4, -13, 8
3916.5, -13, 8
3916.6, -13, 8
3916.7, -13, 8
3916.8, -13, 8
3916.9, -13, 8
3917, -13, 8
3917.1, -13, 8
3917.2, -13, 8
3917.3, -13, 8
3917.4, -13, 8
3917.5, -13, 8
3917.6, -13, 8
3917.7, -13, 8
3917.8, -13, 8
3917.9, -13, 8
3918, -13, 8
3918.1, -13, 8
3918.2, -13, 8
3918.3, -14, 8
3918.4, -14, 8
3918.5, -14, 8
3918.6, -14, 8
3918.7, -14, 8
3918.8, -14, 8
3918.9, -14, 8
3919, -14, 8
3919.1, -14, 8
3919.2, -14, 8
3919.3, -14, 8
3919.4, -14, 8
3919.5, -14, 8
3919.6, -14, 8
3919.7, -14, 8
3919.8, -14, 8
3919.9, -14, 8
3920, -14, 8
3920.1, -14, 8
3920.2, -14, 8
3920.3, -14, 8
3920.4, -14, 8
3920.5, -13, 8
3920.6, -13, 8
3920.7, -13, 8
3920.8, -13, 8
3920.9, -13, 8
3921, -13, 8
3921.1, -13, 9
3921.2, -13, 9
3921.3, -13, 9
3921.4, -13, 9
3921.5, -13, 9
3921.6, -13, 9
3921.7, -13, 9
3921.8, -13, 9
3921.9, -13, 9
3922, -13, 9
3922.1, -13, 9
3922.2, -13, 9
3922.3, -13, 9
3922.4, -13, 9
3922.5, -13, 9
3922.6, -13, 9
3922.7, -12, 9
3922.8, -12, 9
3922.9, -12, 9
3923, -12, 9
3923.1, -12, 9
3923.2, -12, 9
3923.3, -12, 9
3923.4, -12, 9
3923.5, -12, 9
3923.6, -12, 9
3923.7, -12, 9
3923.8, -12, 9
3923.9, -12, 9
3924, -12, 9
3924.1, -12, 9
3924.2, -12, 9
3924.3, -12, 9
3924.4, -12, 9
3924.5, -12, 9
3924.6, -12, 9
3924.7, -12, 9
3924.8, -12, 9
3924.9, -12, 9
3925, -12, 9
3925.1, -12, 9
3925.2, -12, 9
3925.3, -12, 9
3925.4, -12, 9
3925.5, -12, 9
3925.6, -12, 9
3925.7, -12, 9
3925.8, -12, 9
3925.9, -12, 9
3926, -12, 9
3926.1, -12, 9
3926.2, -12, 9
3926.3, -12, 9
3926.4, -12, 9
3926.5, -12, 9
3926.6, -12, 9
3926.7, -12, 9
3926.8, -12, 9
3926.9, -12, 9
3927, -12, 9
3927.1, -12, 9
3927.2, -12, 9
3927.3, -12, 9
3927.4, -12, 9
3927.5, -12, 9
3927.6, -12, 9
3927.7, -12, 9
3927.8, -12, 9
3927.9, -12, 9
3928, -12, 9
3928.1, -12, 9
3928.2, -12, 9
3928.3, -12, 9
3928.4, -12, 9
3928.5, -12, 9
3928.6, -12, 9
3928.7, -12, 9
3928.8, -12, 9
3928.9, -12, 9
3929, -12, 9
3929.1, -12, 9
3929.2, -12, 9
3929.3, -12, 9
3929.4, -12, 9
3929.5, -12, 9
3929.6, -12, 9
3929.7, -12, 9
3929.8, -12, 9
3929.9, -12, 9
3930, -12, 9
3930.1, -12, 9
3930.2, -12, 9
3930.3, -12, 9
3930.4, -12, 9
3930.5, -12, 9
3930.6, -12, 9
3930.7, -12, 9
3930.8, -12, 9
3930.9, -12, 9
3931, -12, 9
3931.1, -12, 9
3931.2, -12, 9
3931.3, -12, 9
3931.4, -12, 9
3931.5, -12, 9
3931.6, -12, 9
3931.7, -12, 9
3931.8, -12, 9
3931.9, -12, 9
3932, -12, 9
3932.1, -12, 9
3932.2, -12, 9
3932.3, -12, 9
3932.4, -12, 9
3932.5, -12, 9
3932.6, -12, 9
3932.7, -12, 9
3932.8, -12, 9
3932.9, -12, 9
3933, -12, 9
3933.1, -12, 9
3933.2, -12, 9
3933.3, -12, 9
3933.4, -12, 9
3933.5, -12, 9
3933.6, -12, 9
3933.7, -12, 9
3933.8, -12, 9
3933.9, -12, 9
3934, -12, 9
3934.1, -12, 9
3934.2, -12, 9
3934.3, -12, 9
3934.4, -12, 9
3934.5, -12, 9
3934.6, -12, 9
3934.7, -12, 9
3934.8, -12, 9
3934.9, -12, 9
3935, -12, 9
3935.1, -12, 9
3935.2, -12, 9
3935.3, -12, 9
3935.4, -12, 9
3935.5, -12, 9
3935.6, -12, 9
3935.7, -12, 9
3935.8, -12, 9
3935.9, -12, 9
3936, -12, 9
3936.1, -12, 9
3936.2, -12, 9
3936.3, -12, 9
3936.4, -12, 9
3936.5, -12, 9
3936.6, -12, 9
3936.7, -12, 8
3936.8, -12, 8
3936.9, -12, 8
3937, -12, 8
3937.1, -12, 7
3937.2, -12, 7
3937.3, -12, 7
3937.4, -12, 7
3937.5, -12, 7
3937.6, -12, 7
3937.7, -12, 7
3937.8, -12, 7
3937.9, -12, 7
3938, -12, 7
3938.1, -12, 7
3938.2, -12, 7
3938.3, -12, 7
3938.4, -12, 7
3938.5, -12, 7
3938.6, -12, 7
3938.7, -12, 7
3938.8, -12, 7
3938.9, -12, 7
3939, -12, 7
3939.1, -12, 7
3939.2, -12, 7
3939.3, -12, 7
3939.4, -12, 7
3939.5, -12, 7
3939.6, -12, 7
3939.7, -12, 7
3939.8, -12, 7
3939.9, -13, 7
3940, -13, 7
3940.1, -13, 7
3940.2, -13, 7
3940.3, -13, 7
3940.4, -13, 7
3940.5, -13, 7
3940.6, -13, 7
3940.7, -13, 7
3940.8, -13, 7
3940.9, -13, 7
3941, -13, 7
3941.1, -13, 7
3941.2, -13, 7
3941.3, -13, 7
3941.4, -13, 7
3941.5, -13, 7
3941.6, -13, 7
3941.7, -13, 7
3941.8, -13, 7
3941.9, -13, 8
3942, -13, 8
3942.1, -13, 8
3942.2, -13, 8
3942.3, -13, 8
3942.4, -13, 8
3942.5, -13, 8
3942.6, -13, 8
3942.7, -13, 8
3942.8, -13, 8
3942.9, -13, 8
3943, -13, 8
3943.1, -13, 8
3943.2, -13, 8
3943.3, -13, 8
3943.4, -13, 8
3943.5, -13, 8
3943.6, -13, 8
3943.7, -13, 8
3943.8, -13, 8
3943.9, -13, 8
3944, -13, 8
3944.1, -13, 8
3944.2, -13, 8
3944.3, -13, 8
3944.4, -13, 8
3944.5, -13, 8
3944.6, -13, 8
3944.7, -13, 8
3944.8, -13, 8
3944.9, -13, 8
3945, -13, 8
3945.1, -13, 8
3945.2, -13, 8
3945.3, -13, 8
3945.4, -13, 8
3945.5, -13, 8
3945.6, -13, 8
3945.7, -13, 8
3945.8, -13, 8
3945.9, -13, 8
3946, -13, 8
3946.1, -14, 8
3946.2, -14, 8
3946.3, -14, 8
3946.4, -14, 8
3946.5, -14, 8
3946.6, -14, 8
3946.7, -14, 8
3946.8, -14, 8
3946.9, -14, 8
3947, -14, 8
3947.1, -14, 8
3947.2, -14, 8
3947.3, -14, 8
3947.4, -14, 8
3947.5, -14, 8
3947.6, -14, 8
3947.7, -14, 8
3947.8, -14, 8
3947.9, -14, 8
3948, -14, 8
3948.1, -14, 8
3948.2, -14, 8
3948.3, -14, 8
3948.4, -14, 8
3948.5, -14, 8
3948.6, -14, 8
3948.7, -14, 8
3948.8, -14, 8
3948.9, -14, 8
3949, -14, 8
3949.1, -14, 8
3949.2, -14, 8
3949.3, -14, 8
3949.4, -14, 8
3949.5, -14, 8
3949.6, -14, 8
3949.7, -14, 8
3949.8, -14, 8
3949.9, -14, 8
3950, -14, 8
3950.1, -14, 8
3950.2, -14, 8
3950.3, -14, 8
3950.4, -14, 8
3950.5, -14, 8
3950.6, -14, 8
3950.7, -14, 8
3950.8, -14, 8
3950.9, -14, 8
3951, -14, 8
3951.1, -14, 9
3951.2, -14, 9
3951.3, -14, 9
3951.4, -14, 9
3951.5, -14, 9
3951.6, -14, 9
3951.7, -14, 9
3951.8, -14, 9
3951.9, -14, 9
3952, -14, 9
3952.1, -14, 9
3952.2, -14, 9
3952.3, -14, 9
3952.4, -14, 9
3952.5, -14, 9
3952.6, -14, 9
3952.7, -14, 9
3952.8, -14, 9
3952.9, -14, 9
3953, -14, 9
3953.1, -14, 9
3953.2, -14, 9
3953.3, -14, 9
3953.4, -14, 9
3953.5, -13, 9
3953.6, -13, 9
3953.7, -13, 9
3953.8, -13, 9
3953.9, -13, 9
3954, -13, 9
3954.1, -13, 9
3954.2, -13, 9
3954.3, -13, 9
3954.4, -13, 9
3954.5, -13, 9
3954.6, -13, 9
3954.7, -13, 9
3954.8, -13, 9
3954.9, -13, 9
3955, -13, 9
3955.1, -13, 9
3955.2, -13, 9
3955.3, -13, 9
3955.4, -13, 9
3955.5, -13, 9
3955.6, -13, 9
3955.7, -13, 9
3955.8, -13, 9
3955.9, -13, 9
3956, -13, 9
3956.1, -13, 9
3956.2, -13, 9
3956.3, -13, 9
3956.4, -13, 9
3956.5, -13, 9
3956.6, -13, 9
3956.7, -13, 9
3956.8, -13, 9
3956.9, -13, 9
3957, -13, 9
3957.1, -13, 9
3957.2, -13, 9
3957.3, -13, 9
3957.4, -13, 9
3957.5, -13, 9
3957.6, -13, 9
3957.7, -13, 9
3957.8, -13, 9
3957.9, -13, 9
3958, -13, 9
3958.1, -13, 10
3958.2, -13, 10
3958.3, -13, 10
3958.4, -13, 10
3958.5, -13, 10
3958.6, -13, 10
3958.7, -13, 10
3958.8, -13, 10
3958.9, -13, 10
3959, -13, 10
3959.1, -13, 10
3959.2, -13, 10
3959.3, -13, 10
3959.4, -13, 10
3959.5, -13, 11
3959.6, -13, 11
3959.7, -13, 11
3959.8, -13, 11
3959.9, -14, 11
3960, -14, 11
3960.1, -14, 11
3960.2, -14, 11
3960.3, -14, 11
3960.4, -14, 11
3960.5, -14, 11
3960.6, -14, 11
3960.7, -14, 10
3960.8, -14, 10
3960.9, -14, 10
3961, -14, 10
3961.1, -14, 10
3961.2, -14, 10
3961.3, -14, 10
3961.4, -14, 10
3961.5, -14, 10
3961.6, -14, 10
3961.7, -14, 10
3961.8, -14, 10
3961.9, -14, 10
3962, -14, 10
3962.1, -14, 10
3962.2, -14, 10
3962.3, -14, 10
3962.4, -14, 10
3962.5, -14, 10
3962.6, -14, 10
3962.7, -14, 10
3962.8, -14, 10
3962.9, -14, 11
3963, -14, 11
3963.1, -14, 11
3963.2, -14, 11
3963.3, -14, 11
3963.4, -14, 11
3963.5, -14, 11
3963.6, -14, 11
3963.7, -14, 11
3963.8, -14, 11
3963.9, -14, 11
3964, -14, 11
3964.1, -14, 11
3964.2, -14, 11
3964.3, -14, 11
3964.4, -14, 11
3964.5, -14, 11
3964.6, -14, 11
3964.7, -14, 11
3964.8, -14, 11
3964.9, -14, 11
3965, -14, 11
3965.1, -14, 11
3965.2, -14, 11
3965.3, -14, 11
3965.4, -14, 11
3965.5, -14, 11
3965.6, -14, 11
3965.7, -14, 11
3965.8, -14, 11
3965.9, -14, 11
3966, -14, 11
3966.1, -14, 11
3966.2, -14, 11
3966.3, -14, 11
3966.4, -14, 11
3966.5, -14, 11
3966.6, -14, 11
3966.7, -14, 11
3966.8, -14, 11
3966.9, -14, 11
3967, -14, 11
3967.1, -14, 11
3967.2, -14, 11
3967.3, -14, 11
3967.4, -14, 11
3967.5, -14, 11
3967.6, -14, 11
3967.7, -14, 11
3967.8, -14, 11
3967.9, -14, 11
3968, -14, 11
3968.1, -14, 11
3968.2, -14, 11
3968.3, -14, 10
3968.4, -14, 10
3968.5, -14, 10
3968.6, -14, 10
3968.7, -14, 10
3968.8, -14, 10
3968.9, -14, 10
3969, -14, 10
3969.1, -14, 10
3969.2, -14, 10
3969.3, -14, 10
3969.4, -14, 10
3969.5, -14, 10
3969.6, -14, 10
3969.7, -14, 10
3969.8, -14, 10
3969.9, -14, 10
3970, -14, 10
3970.1, -14, 11
3970.2, -14, 11
3970.3, -14, 11
3970.4, -14, 11
3970.5, -14, 11
3970.6, -14, 11
3970.7, -14, 11
3970.8, -14, 11
3970.9, -14, 11
3971, -14, 11
3971.1, -14, 11
3971.2, -14, 11
3971.3, -14, 11
3971.4, -14, 11
3971.5, -14, 11
3971.6, -14, 11
3971.7, -14, 11
3971.8, -14, 11
3971.9, -14, 11
3972, -14, 11
3972.1, -14, 11
3972.2, -14, 11
3972.3, -14, 11
3972.4, -14, 11
3972.5, -14, 11
3972.6, -14, 11
3972.7, -14, 11
3972.8, -14, 11
3972.9, -14, 11
3973, -14, 11
3973.1, -14, 11
3973.2, -14, 11
3973.3, -14, 11
3973.4, -14, 11
3973.5, -14, 11
3973.6, -14, 11
3973.7, -14, 11
3973.8, -14, 11
3973.9, -14, 11
3974, -14, 11
3974.1, -14, 11
3974.2, -14, 11
3974.3, -14, 11
3974.4, -14, 11
3974.5, -14, 11
3974.6, -14, 11
3974.7, -14, 11
3974.8, -14, 11
3974.9, -14, 11
3975, -14, 11
3975.1, -14, 11
3975.2, -14, 11
3975.3, -14, 11
3975.4, -14, 11
3975.5, -14, 11
3975.6, -14, 11
3975.7, -14, 11
3975.8, -14, 11
3975.9, -14, 11
3976, -14, 11
3976.1, -14, 11
3976.2, -14, 11
3976.3, -14, 11
3976.4, -14, 11
3976.5, -14, 11
3976.6, -14, 11
3976.7, -14, 11
3976.8, -14, 11
3976.9, -14, 11
3977, -14, 11
3977.1, -14, 11
3977.2, -14, 11
3977.3, -14, 11
3977.4, -14, 11
3977.5, -14, 11
3977.6, -14, 11
3977.7, -14, 11
3977.8, -14, 11
3977.9, -14, 11
3978, -14, 11
3978.1, -14, 11
3978.2, -14, 11
3978.3, -14, 11
3978.4, -14, 11
3978.5, -14, 11
3978.6, -14, 11
3978.7, -14, 11
3978.8, -14, 11
3978.9, -14, 11
3979, -14, 11
3979.1, -14, 11
3979.2, -14, 11
3979.3, -14, 11
3979.4, -14, 11
3979.5, -14, 11
3979.6, -14, 11
3979.7, -14, 12
3979.8, -14, 12
3979.9, -14, 12
3980, -14, 12
3980.1, -14, 12
3980.2, -14, 12
3980.3, -14, 12
3980.4, -14, 12
3980.5, -14, 12
3980.6, -14, 12
3980.7, -14, 12
3980.8, -14, 12
3980.9, -14, 12
3981, -14, 12
3981.1, -14, 12
3981.2, -14, 12
3981.3, -14, 12
3981.4, -14, 12
3981.5, -14, 12
3981.6, -14, 12
3981.7, -14, 12
3981.8, -14, 12
3981.9, -14, 12
3982, -14, 12
3982.1, -14, 12
3982.2, -14, 12
3982.3, -14, 12
3982.4, -14, 12
3982.5, -14, 12
3982.6, -14, 12
3982.7, -14, 12
3982.8, -14, 12
3982.9, -14, 12
3983, -14, 12
3983.1, -14, 12
3983.2, -14, 12
3983.3, -14, 12
3983.4, -14, 12
3983.5, -14, 12
3983.6, -14, 12
3983.7, -13, 12
3983.8, -13, 12
3983.9, -13, 12
3984, -13, 12
3984.1, -13, 12
3984.2, -13, 12
3984.3, -13, 12
3984.4, -13, 12
3984.5, -13, 12
3984.6, -13, 12
3984.7, -13, 12
3984.8, -13, 12
3984.9, -13, 12
3985, -13, 12
3985.1, -12, 12
3985.2, -12, 12
3985.3, -12, 12
3985.4, -12, 12
3985.5, -12, 12
3985.6, -12, 12
3985.7, -12, 12
3985.8, -12, 12
3985.9, -12, 12
3986, -12, 12
3986.1, -12, 12
3986.2, -12, 12
3986.3, -13, 12
3986.4, -13, 12
3986.5, -13, 12
3986.6, -13, 12
3986.7, -13, 12
3986.8, -13, 12
3986.9, -13, 12
3987, -13, 12
3987.1, -13, 12
3987.2, -13, 12
3987.3, -13, 12
3987.4, -13, 12
3987.5, -13, 12
3987.6, -13, 12
3987.7, -13, 12
3987.8, -13, 12
3987.9, -13, 12
3988, -13, 12
3988.1, -13, 12
3988.2, -13, 12
3988.3, -13, 12
3988.4, -13, 12
3988.5, -13, 12
3988.6, -13, 12
3988.7, -13, 12
3988.8, -13, 12
3988.9, -13, 12
3989, -13, 12
3989.1, -13, 12
3989.2, -13, 12
3989.3, -13, 12
3989.4, -13, 12
3989.5, -13, 12
3989.6, -13, 12
3989.7, -13, 12
3989.8, -13, 12
3989.9, -13, 12
3990, -13, 12
3990.1, -13, 11
3990.2, -13, 11
3990.3, -13, 10
3990.4, -13, 10
3990.5, -13, 10
3990.6, -13, 10
3990.7, -13, 10
3990.8, -13, 10
3990.9, -13, 10
3991, -13, 10
3991.1, -13, 10
3991.2, -13, 10
3991.3, -13, 10
3991.4, -13, 10
3991.5, -13, 10
3991.6, -13, 10
3991.7, -13, 10
3991.8, -13, 10
3991.9, -13, 10
3992, -13, 10
3992.1, -13, 10
3992.2, -13, 10
3992.3, -13, 10
3992.4, -13, 10
3992.5, -13, 10
3992.6, -13, 10
3992.7, -13, 10
3992.8, -13, 10
3992.9, -13, 10
3993, -13, 10
3993.1, -13, 10
3993.2, -13, 10
3993.3, -13, 10
3993.4, -13, 10
3993.5, -13, 10
3993.6, -13, 10
3993.7, -13, 10
3993.8, -13, 10
3993.9, -14, 10
3994, -14, 10
3994.1, -14, 10
3994.2, -14, 10
3994.3, -14, 10
3994.4, -14, 10
3994.5, -14, 10
3994.6, -14, 10
3994.7, -14, 10
3994.8, -14, 10
3994.9, -14, 10
3995, -14, 10
3995.1, -14, 10
3995.2, -14, 10
3995.3, -14, 10
3995.4, -14, 10
3995.5, -14, 10
3995.6, -14, 10
3995.7, -14, 10
3995.8, -14, 10
3995.9, -14, 10
3996, -14, 10
3996.1, -14, 10
3996.2, -14, 10
3996.3, -14, 10
3996.4, -14, 10
3996.5, -14, 10
3996.6, -14, 10
3996.7, -14, 10
3996.8, -14, 10
3996.9, -14, 10
3997, -14, 10
3997.1, -14, 10
3997.2, -14, 10
3997.3, -14, 10
3997.4, -14, 10
3997.5, -14, 10
3997.6, -14, 10
3997.7, -14, 10
3997.8, -14, 10
3997.9, -14, 10
3998, -14, 10
3998.1, -14, 10
3998.2, -14, 10
3998.3, -14, 10
3998.4, -14, 10
3998.5, -14, 10
3998.6, -14, 10
3998.7, -14, 10
3998.8, -14, 10
3998.9, -14, 10
3999, -14, 10
3999.1, -14, 10
3999.2, -14, 10
3999.3, -14, 10
3999.4, -14, 10
3999.5, -13, 10
3999.6, -13, 10
3999.7, -13, 10
3999.8, -13, 10
3999.9, -13, 10
4000, -13, 10
4000.1, -13, 10
4000.2, -13, 10
4000.3, -13, 10
4000.4, -13, 10
4000.5, -13, 10
4000.6, -13, 10
4000.7, -13, 10
4000.8, -13, 10
4000.9, -13, 10
4001, -13, 10
4001.1, -13, 10
4001.2, -13, 10
4001.3, -13, 10
4001.4, -13, 10
4001.5, -13, 10
4001.6, -13, 10
4001.7, -13, 10
4001.8, -13, 10
4001.9, -13, 10
4002, -13, 10
4002.1, -13, 10
4002.2, -13, 10
4002.3, -13, 10
4002.4, -13, 10
4002.5, -14, 10
4002.6, -14, 10
4002.7, -14, 10
4002.8, -14, 10
4002.9, -14, 10
4003, -14, 10
4003.1, -14, 10
4003.2, -14, 10
4003.3, -14, 10
4003.4, -14, 10
4003.5, -14, 10
4003.6, -14, 10
4003.7, -14, 10
4003.8, -14, 10
4003.9, -15, 10
4004, -15, 10
4004.1, -15, 10
4004.2, -15, 10
4004.3, -15, 10
4004.4, -15, 10
4004.5, -15, 10
4004.6, -15, 10
4004.7, -15, 10
4004.8, -15, 10
4004.9, -15, 11
4005, -15, 11
4005.1, -15, 11
4005.2, -15, 11
4005.3, -15, 10
4005.4, -15, 10
4005.5, -15, 11
4005.6, -15, 11
4005.7, -15, 11
4005.8, -15, 11
4005.9, -15, 11
4006, -15, 11
4006.1, -15, 11
4006.2, -15, 11
4006.3, -15, 11
4006.4, -15, 11
4006.5, -15, 11
4006.6, -15, 11
4006.7, -15, 11
4006.8, -15, 11
4006.9, -15, 11
4007, -15, 11
4007.1, -15, 11
4007.2, -15, 11
4007.3, -15, 11
4007.4, -15, 11
4007.5, -15, 11
4007.6, -15, 11
4007.7, -15, 11
4007.8, -15, 11
4007.9, -15, 10
4008, -15, 10
4008.1, -15, 10
4008.2, -15, 10
4008.3, -15, 10
4008.4, -15, 10
4008.5, -15, 10
4008.6, -15, 10
4008.7, -15, 10
4008.8, -15, 10
4008.9, -15, 10
4009, -15, 10
4009.1, -15, 10
4009.2, -15, 10
4009.3, -15, 10
4009.4, -15, 10
4009.5, -15, 10
4009.6, -15, 10
4009.7, -15, 10
4009.8, -15, 10
4009.9, -15, 10
4010, -15, 10
4010.1, -15, 10
4010.2, -15, 10
4010.3, -15, 10
4010.4, -15, 10
4010.5, -15, 10
4010.6, -15, 10
4010.7, -15, 10
4010.8, -15, 10
4010.9, -15, 10
4011, -15, 10
4011.1, -15, 10
4011.2, -15, 10
4011.3, -15, 10
4011.4, -15, 10
4011.5, -15, 10
4011.6, -15, 10
4011.7, -15, 10
4011.8, -15, 10
4011.9, -15, 11
4012, -15, 11
4012.1, -15, 11
4012.2, -15, 11
4012.3, -15, 11
4012.4, -15, 11
4012.5, -15, 11
4012.6, -15, 11
4012.7, -15, 11
4012.8, -15, 11
4012.9, -15, 11
4013, -15, 11
4013.1, -15, 11
4013.2, -15, 11
4013.3, -15, 11
4013.4, -15, 11
4013.5, -15, 11
4013.6, -15, 11
4013.7, -15, 11
4013.8, -15, 11
4013.9, -15, 11
4014, -15, 11
4014.1, -15, 11
4014.2, -15, 11
4014.3, -15, 11
4014.4, -15, 11
4014.5, -15, 11
4014.6, -15, 11
4014.7, -15, 11
4014.8, -15, 11
4014.9, -15, 11
4015, -15, 11
4015.1, -15, 11
4015.2, -15, 11
4015.3, -15, 11
4015.4, -15, 11
4015.5, -14, 11
4015.6, -14, 11
4015.7, -14, 11
4015.8, -14, 11
4015.9, -14, 11
4016, -14, 11
4016.1, -14, 11
4016.2, -14, 11
4016.3, -14, 11
4016.4, -14, 11
4016.5, -14, 11
4016.6, -14, 11
4016.7, -14, 11
4016.8, -14, 11
4016.9, -14, 11
4017, -14, 11
4017.1, -14, 11
4017.2, -14, 11
4017.3, -14, 11
4017.4, -14, 11
4017.5, -14, 11
4017.6, -14, 11
4017.7, -14, 11
4017.8, -14, 11
4017.9, -14, 11
4018, -14, 11
4018.1, -14, 11
4018.2, -14, 11
4018.3, -14, 11
4018.4, -14, 11
4018.5, -14, 11
4018.6, -14, 11
4018.7, -14, 11
4018.8, -14, 11
4018.9, -14, 11
4019, -14, 11
4019.1, -14, 11
4019.2, -14, 11
4019.3, -14, 11
4019.4, -14, 11
4019.5, -14, 11
4019.6, -14, 11
4019.7, -14, 11
4019.8, -14, 11
4019.9, -14, 11
4020, -14, 11
4020.1, -14, 11
4020.2, -14, 11
4020.3, -14, 11
4020.4, -14, 11
4020.5, -14, 11
4020.6, -14, 11
4020.7, -14, 11
4020.8, -14, 11
4020.9, -14, 11
4021, -14, 11
4021.1, -14, 11
4021.2, -14, 11
4021.3, -14, 11
4021.4, -14, 11
4021.5, -14, 10
4021.6, -14, 10
4021.7, -13, 10
4021.8, -13, 10
4021.9, -13, 10
4022, -13, 10
4022.1, -13, 10
4022.2, -13, 10
4022.3, -13, 10
4022.4, -13, 10
4022.5, -13, 10
4022.6, -13, 10
4022.7, -13, 10
4022.8, -13, 10
4022.9, -13, 10
4023, -13, 10
4023.1, -12, 10
4023.2, -12, 10
4023.3, -13, 10
4023.4, -13, 10
4023.5, -14, 10
4023.6, -14, 10
4023.7, -14, 10
4023.8, -14, 10
4023.9, -14, 10
4024, -14, 10
4024.1, -14, 10
4024.2, -14, 10
4024.3, -14, 11
4024.4, -14, 11
4024.5, -14, 11
4024.6, -14, 11
4024.7, -14, 11
4024.8, -14, 11
4024.9, -14, 11
4025, -14, 11
4025.1, -14, 11
4025.2, -14, 11
4025.3, -15, 11
4025.4, -15, 11
4025.5, -15, 11
4025.6, -15, 11
4025.7, -15, 11
4025.8, -15, 11
4025.9, -15, 11
4026, -15, 11
4026.1, -14, 11
4026.2, -14, 11
4026.3, -14, 11
4026.4, -14, 11
4026.5, -15, 11
4026.6, -15, 11
4026.7, -15, 11
4026.8, -15, 11
4026.9, -15, 11
4027, -15, 11
4027.1, -15, 11
4027.2, -15, 11
4027.3, -15, 11
4027.4, -15, 11
4027.5, -15, 11
4027.6, -15, 11
4027.7, -14, 11
4027.8, -14, 11
4027.9, -14, 11
4028, -14, 11
4028.1, -14, 11
4028.2, -14, 11
4028.3, -14, 11
4028.4, -14, 11
4028.5, -14, 11
4028.6, -14, 11
4028.7, -14, 11
4028.8, -14, 11
4028.9, -14, 10
4029, -14, 10
4029.1, -15, 10
4029.2, -15, 10
4029.3, -15, 9
4029.4, -15, 9
4029.5, -15, 9
4029.6, -15, 9
4029.7, -15, 9
4029.8, -15, 9
4029.9, -15, 9
4030, -15, 9
4030.1, -15, 9
4030.2, -15, 9
4030.3, -15, 9
4030.4, -15, 9
4030.5, -15, 9
4030.6, -15, 9
4030.7, -14, 9
4030.8, -14, 9
4030.9, -14, 9
4031, -14, 9
4031.1, -14, 9
4031.2, -14, 9
4031.3, -14, 9
4031.4, -14, 9
4031.5, -14, 9
4031.6, -14, 9
4031.7, -14, 9
4031.8, -14, 9
4031.9, -14, 9
4032, -14, 9
4032.1, -14, 9
4032.2, -14, 9
4032.3, -14, 9
4032.4, -14, 9
4032.5, -14, 9
4032.6, -14, 9
4032.7, -14, 9
4032.8, -14, 9
4032.9, -15, 9
4033, -15, 9
4033.1, -15, 9
4033.2, -15, 9
4033.3, -15, 9
4033.4, -15, 9
4033.5, -15, 9
4033.6, -15, 9
4033.7, -15, 9
4033.8, -15, 9
4033.9, -15, 9
4034, -15, 9
4034.1, -15, 9
4034.2, -15, 9
4034.3, -15, 9
4034.4, -15, 9
4034.5, -15, 9
4034.6, -15, 9
4034.7, -15, 9
4034.8, -15, 9
4034.9, -15, 9
4035, -15, 9
4035.1, -15, 9
4035.2, -15, 9
4035.3, -15, 9
4035.4, -15, 9
4035.5, -15, 9
4035.6, -15, 9
4035.7, -15, 9
4035.8, -15, 9
4035.9, -15, 9
4036, -15, 9
4036.1, -15, 9
4036.2, -15, 9
4036.3, -15, 9
4036.4, -15, 9
4036.5, -15, 9
4036.6, -15, 9
4036.7, -15, 9
4036.8, -15, 9
4036.9, -15, 8
4037, -15, 8
4037.1, -15, 8
4037.2, -15, 8
4037.3, -15, 8
4037.4, -15, 8
4037.5, -15, 8
4037.6, -15, 8
4037.7, -15, 8
4037.8, -15, 8
4037.9, -15, 8
4038, -15, 8
4038.1, -15, 8
4038.2, -15, 8
4038.3, -15, 8
4038.4, -15, 8
4038.5, -15, 8
4038.6, -15, 8
4038.7, -15, 8
4038.8, -15, 8
4038.9, -15, 7
4039, -15, 7
4039.1, -15, 7
4039.2, -15, 7
4039.3, -15, 7
4039.4, -15, 7
4039.5, -15, 7
4039.6, -15, 7
4039.7, -15, 7
4039.8, -15, 7
4039.9, -15, 7
4040, -15, 7
4040.1, -15, 7
4040.2, -15, 7
4040.3, -14, 7
4040.4, -14, 7
4040.5, -14, 7
4040.6, -14, 7
4040.7, -14, 7
4040.8, -14, 7
4040.9, -14, 7
4041, -14, 7
4041.1, -14, 8
4041.2, -14, 8
4041.3, -14, 8
4041.4, -14, 8
4041.5, -14, 8
4041.6, -14, 8
4041.7, -14, 8
4041.8, -14, 8
4041.9, -14, 8
4042, -14, 8
4042.1, -14, 8
4042.2, -14, 8
4042.3, -14, 8
4042.4, -14, 8
4042.5, -14, 8
4042.6, -14, 8
4042.7, -14, 8
4042.8, -14, 8
4042.9, -14, 9
4043, -14, 9
4043.1, -14, 9
4043.2, -14, 9
4043.3, -14, 9
4043.4, -14, 9
4043.5, -14, 9
4043.6, -14, 9
4043.7, -14, 9
4043.8, -14, 9
4043.9, -14, 9
4044, -14, 9
4044.1, -14, 9
4044.2, -14, 9
4044.3, -14, 9
4044.4, -14, 9
4044.5, -14, 9
4044.6, -14, 9
4044.7, -14, 9
4044.8, -14, 9
4044.9, -14, 9
4045, -14, 9
4045.1, -14, 9
4045.2, -14, 9
4045.3, -14, 9
4045.4, -14, 9
4045.5, -14, 9
4045.6, -14, 9
4045.7, -14, 9
4045.8, -14, 9
4045.9, -14, 9
4046, -14, 9
4046.1, -14, 10
4046.2, -14, 10
4046.3, -14, 10
4046.4, -14, 10
4046.5, -13, 10
4046.6, -13, 10
4046.7, -13, 10
4046.8, -13, 10
4046.9, -13, 10
4047, -13, 10
4047.1, -13, 10
4047.2, -13, 10
4047.3, -13, 10
4047.4, -13, 10
4047.5, -13, 10
4047.6, -13, 10
4047.7, -13, 10
4047.8, -13, 10
4047.9, -13, 10
4048, -13, 10
4048.1, -13, 11
4048.2, -13, 11
4048.3, -13, 11
4048.4, -13, 11
4048.5, -13, 11
4048.6, -13, 11
4048.7, -13, 11
4048.8, -13, 11
4048.9, -13, 11
4049, -13, 11
4049.1, -13, 11
4049.2, -13, 11
4049.3, -12, 11
4049.4, -12, 11
4049.5, -12, 11
4049.6, -12, 11
4049.7, -12, 11
4049.8, -12, 11
4049.9, -12, 11
4050, -12, 11
4050.1, -12, 11
4050.2, -12, 11
4050.3, -13, 11
4050.4, -13, 11
4050.5, -13, 11
4050.6, -13, 11
4050.7, -13, 11
4050.8, -13, 11
4050.9, -13, 10
4051, -13, 10
4051.1, -13, 10
4051.2, -13, 10
4051.3, -13, 10
4051.4, -13, 10
4051.5, -13, 10
4051.6, -13, 10
4051.7, -13, 10
4051.8, -13, 10
4051.9, -13, 10
4052, -13, 10
4052.1, -13, 10
4052.2, -13, 10
4052.3, -13, 10
4052.4, -13, 10
4052.5, -13, 10
4052.6, -13, 10
4052.7, -13, 10
4052.8, -13, 10
4052.9, -13, 10
4053, -13, 10
4053.1, -13, 10
4053.2, -13, 10
4053.3, -13, 10
4053.4, -13, 10
4053.5, -13, 10
4053.6, -13, 10
4053.7, -13, 10
4053.8, -13, 10
4053.9, -13, 10
4054, -13, 10
4054.1, -14, 10
4054.2, -14, 10
4054.3, -14, 10
4054.4, -14, 10
4054.5, -14, 10
4054.6, -14, 10
4054.7, -14, 10
4054.8, -14, 10
4054.9, -14, 10
4055, -14, 10
4055.1, -14, 10
4055.2, -14, 10
4055.3, -14, 10
4055.4, -14, 10
4055.5, -14, 10
4055.6, -14, 10
4055.7, -14, 10
4055.8, -14, 10
4055.9, -14, 10
4056, -14, 10
4056.1, -14, 10
4056.2, -14, 10
4056.3, -14, 10
4056.4, -14, 10
4056.5, -14, 11
4056.6, -14, 11
4056.7, -14, 11
4056.8, -14, 11
4056.9, -14, 12
4057, -14, 12
4057.1, -14, 12
4057.2, -14, 12
4057.3, -14, 12
4057.4, -14, 12
4057.5, -14, 12
4057.6, -14, 12
4057.7, -14, 12
4057.8, -14, 12
4057.9, -14, 12
4058, -14, 12
4058.1, -14, 12
4058.2, -14, 12
4058.3, -14, 12
4058.4, -14, 12
4058.5, -13, 12
4058.6, -13, 12
4058.7, -13, 12
4058.8, -13, 12
4058.9, -13, 12
4059, -13, 12
4059.1, -13, 12
4059.2, -13, 12
4059.3, -13, 12
4059.4, -13, 12
4059.5, -13, 12
4059.6, -13, 12
4059.7, -13, 12
4059.8, -13, 12
4059.9, -13, 12
4060, -13, 12
4060.1, -13, 12
4060.2, -13, 12
4060.3, -13, 12
4060.4, -13, 12
4060.5, -13, 12
4060.6, -13, 12
4060.7, -13, 12
4060.8, -13, 12
4060.9, -13, 13
4061, -13, 13
4061.1, -13, 13
4061.2, -13, 13
4061.3, -13, 14
4061.4, -13, 14
4061.5, -13, 14
4061.6, -13, 14
4061.7, -13, 14
4061.8, -13, 14
4061.9, -13, 14
4062, -13, 14
4062.1, -13, 14
4062.2, -13, 14
4062.3, -12, 14
4062.4, -12, 14
4062.5, -12, 14
4062.6, -12, 14
4062.7, -12, 14
4062.8, -12, 14
4062.9, -11, 14
4063, -11, 14
4063.1, -11, 14
4063.2, -11, 14
4063.3, -11, 14
4063.4, -11, 14
4063.5, -11, 14
4063.6, -11, 14
4063.7, -11, 14
4063.8, -11, 14
4063.9, -11, 14
4064, -11, 14
4064.1, -11, 14
4064.2, -11, 14
4064.3, -11, 14
4064.4, -11, 14
4064.5, -11, 14
4064.6, -11, 14
4064.7, -11, 14
4064.8, -11, 14
4064.9, -11, 14
4065, -11, 14
4065.1, -11, 14
4065.2, -11, 14
4065.3, -11, 14
4065.4, -11, 14
4065.5, -11, 14
4065.6, -11, 14
4065.7, -11, 14
4065.8, -11, 14
4065.9, -11, 14
4066, -11, 14
4066.1, -11, 14
4066.2, -11, 14
4066.3, -11, 14
4066.4, -11, 14
4066.5, -11, 13
4066.6, -11, 13
4066.7, -11, 13
4066.8, -11, 13
4066.9, -11, 13
4067, -11, 13
4067.1, -11, 13
4067.2, -11, 13
4067.3, -11, 13
4067.4, -11, 13
4067.5, -11, 13
4067.6, -11, 13
4067.7, -11, 13
4067.8, -11, 13
4067.9, -11, 13
4068, -11, 13
4068.1, -11, 13
4068.2, -11, 13
4068.3, -11, 12
4068.4, -11, 12
4068.5, -11, 12
4068.6, -11, 12
4068.7, -11, 12
4068.8, -11, 12
4068.9, -11, 12
4069, -11, 12
4069.1, -11, 12
4069.2, -11, 12
4069.3, -11, 12
4069.4, -11, 12
4069.5, -11, 12
4069.6, -11, 12
4069.7, -11, 12
4069.8, -11, 12
4069.9, -11, 12
4070, -11, 12
4070.1, -12, 12
4070.2, -12, 12
4070.3, -12, 12
4070.4, -12, 12
4070.5, -12, 12
4070.6, -12, 12
4070.7, -12, 12
4070.8, -12, 12
4070.9, -12, 12
4071, -12, 12
4071.1, -12, 12
4071.2, -12, 12
4071.3, -12, 12
4071.4, -12, 12
4071.5, -12, 12
4071.6, -12, 12
4071.7, -12, 12
4071.8, -12, 12
4071.9, -12, 12
4072, -12, 12
4072.1, -13, 12
4072.2, -13, 12
4072.3, -13, 12
4072.4, -13, 12
4072.5, -13, 12
4072.6, -13, 12
4072.7, -13, 12
4072.8, -13, 12
4072.9, -13, 12
4073, -13, 12
4073.1, -13, 12
4073.2, -13, 12
4073.3, -13, 12
4073.4, -13, 12
4073.5, -14, 12
4073.6, -14, 12
4073.7, -14, 11
4073.8, -14, 11
4073.9, -14, 11
4074, -14, 11
4074.1, -14, 11
4074.2, -14, 11
4074.3, -14, 11
4074.4, -14, 11
4074.5, -14, 11
4074.6, -14, 11
4074.7, -14, 11
4074.8, -14, 11
4074.9, -14, 11
4075, -14, 11
4075.1, -14, 11
4075.2, -14, 11
4075.3, -14, 11
4075.4, -14, 11
4075.5, -14, 11
4075.6, -14, 11
4075.7, -14, 11
4075.8, -14, 11
4075.9, -14, 11
4076, -14, 11
4076.1, -14, 11
4076.2, -14, 11
4076.3, -14, 11
4076.4, -14, 11
4076.5, -14, 11
4076.6, -14, 11
4076.7, -14, 11
4076.8, -14, 11
4076.9, -14, 11
4077, -14, 11
4077.1, -14, 11
4077.2, -14, 11
4077.3, -14, 11
4077.4, -14, 11
4077.5, -14, 11
4077.6, -14, 11
4077.7, -14, 11
4077.8, -14, 11
4077.9, -14, 11
4078, -14, 11
4078.1, -14, 11
4078.2, -14, 11
4078.3, -14, 11
4078.4, -14, 11
4078.5, -14, 11
4078.6, -14, 11
4078.7, -14, 11
4078.8, -14, 11
4078.9, -14, 11
4079, -14, 11
4079.1, -14, 11
4079.2, -14, 11
4079.3, -14, 11
4079.4, -14, 11
4079.5, -14, 11
4079.6, -14, 11
4079.7, -14, 11
4079.8, -14, 11
4079.9, -14, 11
4080, -14, 11
4080.1, -14, 11
4080.2, -14, 11
4080.3, -14, 11
4080.4, -14, 11
4080.5, -14, 11
4080.6, -14, 11
4080.7, -14, 11
4080.8, -14, 11
4080.9, -14, 11
4081, -14, 11
4081.1, -13, 11
4081.2, -13, 11
4081.3, -13, 11
4081.4, -13, 11
4081.5, -13, 11
4081.6, -13, 11
4081.7, -14, 11
4081.8, -14, 11
4081.9, -14, 11
4082, -14, 11
4082.1, -14, 11
4082.2, -14, 11
4082.3, -14, 11
4082.4, -14, 11
4082.5, -14, 11
4082.6, -14, 11
4082.7, -14, 11
4082.8, -14, 11
4082.9, -14, 11
4083, -14, 11
4083.1, -14, 11
4083.2, -14, 11
4083.3, -14, 11
4083.4, -14, 11
4083.5, -13, 11
4083.6, -13, 11
4083.7, -13, 11
4083.8, -13, 11
4083.9, -13, 11
4084, -13, 11
4084.1, -13, 11
4084.2, -13, 11
4084.3, -13, 11
4084.4, -13, 11
4084.5, -13, 12
4084.6, -13, 12
4084.7, -13, 12
4084.8, -13, 12
4084.9, -13, 12
4085, -13, 12
4085.1, -13, 12
4085.2, -13, 12
4085.3, -13, 12
4085.4, -13, 12
4085.5, -13, 12
4085.6, -13, 12
4085.7, -13, 12
4085.8, -13, 12
4085.9, -13, 12
4086, -13, 12
4086.1, -13, 12
4086.2, -13, 12
4086.3, -13, 12
4086.4, -13, 12
4086.5, -13, 12
4086.6, -13, 12
4086.7, -13, 13
4086.8, -13, 13
4086.9, -13, 13
4087, -13, 13
4087.1, -13, 13
4087.2, -13, 13
4087.3, -13, 13
4087.4, -13, 13
4087.5, -13, 13
4087.6, -13, 13
4087.7, -13, 13
4087.8, -13, 13
4087.9, -13, 13
4088, -13, 13
4088.1, -13, 13
4088.2, -13, 13
4088.3, -13, 13
4088.4, -13, 13
4088.5, -13, 13
4088.6, -13, 13
4088.7, -13, 13
4088.8, -13, 13
4088.9, -13, 13
4089, -13, 13
4089.1, -13, 13
4089.2, -13, 13
4089.3, -13, 13
4089.4, -13, 13
4089.5, -13, 13
4089.6, -13, 13
4089.7, -13, 13
4089.8, -13, 13
4089.9, -13, 13
4090, -13, 13
4090.1, -13, 13
4090.2, -13, 13
4090.3, -13, 13
4090.4, -13, 13
4090.5, -14, 13
4090.6, -14, 13
4090.7, -14, 13
4090.8, -14, 13
4090.9, -14, 13
4091, -14, 13
4091.1, -14, 13
4091.2, -14, 13
4091.3, -14, 13
4091.4, -14, 13
4091.5, -14, 13
4091.6, -14, 13
4091.7, -14, 13
4091.8, -14, 13
4091.9, -14, 12
4092, -14, 12
4092.1, -14, 12
4092.2, -14, 12
4092.3, -14, 12
4092.4, -14, 12
4092.5, -14, 12
4092.6, -14, 12
4092.7, -14, 12
4092.8, -14, 12
4092.9, -13, 12
4093, -13, 12
4093.1, -13, 12
4093.2, -13, 12
4093.3, -13, 12
4093.4, -13, 12
4093.5, -13, 12
4093.6, -13, 12
4093.7, -13, 12
4093.8, -13, 12
4093.9, -13, 12
4094, -13, 12
4094.1, -13, 12
4094.2, -13, 12
4094.3, -12, 12
4094.4, -12, 12
4094.5, -11, 12
4094.6, -11, 12
4094.7, -11, 12
4094.8, -11, 12
4094.9, -11, 12
4095, -11, 12
4095.1, -11, 12
4095.2, -11, 12
4095.3, -11, 13
4095.4, -11, 13
4095.5, -11, 13
4095.6, -11, 13
4095.7, -11, 13
4095.8, -11, 13
4095.9, -11, 13
4096, -11, 13
4096.1, -11, 13
4096.2, -11, 13
4096.3, -12, 13
4096.4, -12, 13
4096.5, -12, 13
4096.6, -12, 13
4096.7, -12, 13
4096.8, -12, 13
4096.9, -12, 13
4097, -12, 13
4097.1, -12, 13
4097.2, -12, 13
4097.3, -12, 13
4097.4, -12, 13
4097.5, -12, 13
4097.6, -12, 13
4097.7, -12, 13
4097.8, -12, 13
4097.9, -12, 13
4098, -12, 13
4098.1, -12, 13
4098.2, -12, 13
4098.3, -12, 13
4098.4, -12, 13
4098.5, -12, 13
4098.6, -12, 13
4098.7, -12, 13
4098.8, -12, 13
4098.9, -13, 13
4099, -13, 13
4099.1, -13, 13
4099.2, -13, 13
4099.3, -13, 13
4099.4, -13, 13
4099.5, -13, 13
4099.6, -13, 13
4099.7, -14, 13
4099.8, -14, 13
4099.9, -14, 13
4100, -14, 13
4100.1, -14, 13
4100.2, -14, 13
4100.3, -14, 13
4100.4, -14, 13
4100.5, -14, 13
4100.6, -14, 13
4100.7, -14, 13
4100.8, -14, 13
4100.9, -14, 13
4101, -14, 13
4101.1, -14, 13
4101.2, -14, 13
4101.3, -14, 13
4101.4, -14, 13
4101.5, -14, 13
4101.6, -14, 13
4101.7, -14, 13
4101.8, -14, 13
4101.9, -14, 13
4102, -14, 13
4102.1, -14, 13
4102.2, -14, 13
4102.3, -14, 13
4102.4, -14, 13
4102.5, -14, 13
4102.6, -14, 13
4102.7, -14, 13
4102.8, -14, 13
4102.9, -14, 13
4103, -14, 13
4103.1, -14, 13
4103.2, -14, 13
4103.3, -14, 13
4103.4, -14, 13
4103.5, -14, 13
4103.6, -14, 13
4103.7, -14, 13
4103.8, -14, 13
4103.9, -14, 13
4104, -14, 13
4104.1, -15, 13
4104.2, -15, 13
4104.3, -16, 13
4104.4, -16, 13
4104.5, -16, 13
4104.6, -16, 13
4104.7, -16, 13
4104.8, -16, 13
4104.9, -16, 13
4105, -16, 13
4105.1, -16, 13
4105.2, -16, 13
4105.3, -16, 13
4105.4, -16, 13
4105.5, -16, 13
4105.6, -16, 13
4105.7, -16, 13
4105.8, -16, 13
4105.9, -16, 13
4106, -16, 13
4106.1, -16, 13
4106.2, -16, 13
4106.3, -16, 13
4106.4, -16, 13
4106.5, -15, 13
4106.6, -15, 13
4106.7, -15, 13
4106.8, -15, 13
4106.9, -15, 13
4107, -15, 13
4107.1, -15, 13
4107.2, -15, 13
4107.3, -15, 13
4107.4, -15, 13
4107.5, -15, 13
4107.6, -15, 13
4107.7, -15, 14
4107.8, -15, 14
4107.9, -15, 14
4108, -15, 14
4108.1, -15, 14
4108.2, -15, 14
4108.3, -15, 14
4108.4, -15, 14
4108.5, -15, 14
4108.6, -15, 14
4108.7, -15, 14
4108.8, -15, 14
4108.9, -15, 14
4109, -15, 14
4109.1, -15, 14
4109.2, -15, 14
4109.3, -15, 14
4109.4, -15, 14
4109.5, -15, 14
4109.6, -15, 14
4109.7, -15, 14
4109.8, -15, 14
4109.9, -15, 14
4110, -15, 14
4110.1, -16, 14
4110.2, -16, 14
4110.3, -17, 14
4110.4, -17, 14
4110.5, -17, 14
4110.6, -17, 14
4110.7, -17, 14
4110.8, -17, 14
4110.9, -17, 14
4111, -17, 14
4111.1, -17, 14
4111.2, -17, 14
4111.3, -17, 14
4111.4, -17, 14
4111.5, -17, 14
4111.6, -17, 14
4111.7, -17, 14
4111.8, -17, 14
4111.9, -17, 14
4112, -17, 14
4112.1, -17, 14
4112.2, -17, 14
4112.3, -17, 14
4112.4, -17, 14
4112.5, -17, 14
4112.6, -17, 14
4112.7, -17, 14
4112.8, -17, 14
4112.9, -17, 14
4113, -17, 14
4113.1, -17, 14
4113.2, -17, 14
4113.3, -17, 14
4113.4, -17, 14
4113.5, -18, 14
4113.6, -18, 14
4113.7, -18, 14
4113.8, -18, 14
4113.9, -18, 13
4114, -18, 13
4114.1, -18, 13
4114.2, -18, 13
4114.3, -18, 13
4114.4, -18, 13
4114.5, -18, 13
4114.6, -18, 13
4114.7, -18, 13
4114.8, -18, 13
4114.9, -18, 13
4115, -18, 13
4115.1, -18, 13
4115.2, -18, 13
4115.3, -18, 13
4115.4, -18, 13
4115.5, -18, 13
4115.6, -18, 13
4115.7, -18, 13
4115.8, -18, 13
4115.9, -18, 13
4116, -18, 13
4116.1, -18, 13
4116.2, -18, 13
4116.3, -18, 13
4116.4, -18, 13
4116.5, -18, 13
4116.6, -18, 13
4116.7, -18, 13
4116.8, -18, 13
4116.9, -18, 13
4117, -18, 13
4117.1, -18, 13
4117.2, -18, 13
4117.3, -18, 13
4117.4, -18, 13
4117.5, -18, 13
4117.6, -18, 13
4117.7, -18, 13
4117.8, -18, 13
4117.9, -18, 13
4118, -18, 13
4118.1, -18, 13
4118.2, -18, 13
4118.3, -18, 13
4118.4, -18, 13
4118.5, -17, 13
4118.6, -17, 13
4118.7, -17, 13
4118.8, -17, 13
4118.9, -17, 13
4119, -17, 13
4119.1, -17, 13
4119.2, -17, 13
4119.3, -17, 13
4119.4, -17, 13
4119.5, -17, 13
4119.6, -17, 13
4119.7, -17, 13
4119.8, -17, 13
4119.9, -17, 13
4120, -17, 13
4120.1, -17, 12
4120.2, -17, 12
4120.3, -17, 12
4120.4, -17, 12
4120.5, -16, 12
4120.6, -16, 12
4120.7, -16, 12
4120.8, -16, 12
4120.9, -16, 12
4121, -16, 12
4121.1, -16, 12
4121.2, -16, 12
4121.3, -16, 12
4121.4, -16, 12
4121.5, -16, 12
4121.6, -16, 12
4121.7, -16, 12
4121.8, -16, 12
4121.9, -16, 12
4122, -16, 12
4122.1, -16, 12
4122.2, -16, 12
4122.3, -16, 12
4122.4, -16, 12
4122.5, -16, 12
4122.6, -16, 12
4122.7, -16, 12
4122.8, -16, 12
4122.9, -16, 12
4123, -16, 12
4123.1, -16, 12
4123.2, -16, 12
4123.3, -16, 12
4123.4, -16, 12
4123.5, -16, 12
4123.6, -16, 12
4123.7, -16, 12
4123.8, -16, 12
4123.9, -16, 12
4124, -16, 12
4124.1, -16, 12
4124.2, -16, 12
4124.3, -16, 11
4124.4, -16, 11
4124.5, -17, 11
4124.6, -17, 11
4124.7, -17, 11
4124.8, -17, 11
4124.9, -17, 11
4125, -17, 11
4125.1, -17, 11
4125.2, -17, 11
4125.3, -17, 11
4125.4, -17, 11
4125.5, -17, 11
4125.6, -17, 11
4125.7, -17, 11
4125.8, -17, 11
4125.9, -17, 11
4126, -17, 11
4126.1, -17, 11
4126.2, -17, 11
4126.3, -17, 11
4126.4, -17, 11
4126.5, -17, 11
4126.6, -17, 11
4126.7, -17, 11
4126.8, -17, 11
4126.9, -17, 11
4127, -17, 11
4127.1, -17, 11
4127.2, -17, 11
4127.3, -16, 11
4127.4, -16, 11
4127.5, -16, 11
4127.6, -16, 11
4127.7, -16, 11
4127.8, -16, 11
4127.9, -16, 11
4128, -16, 11
4128.1, -16, 11
4128.2, -16, 11
4128.3, -16, 10
4128.4, -16, 10
4128.5, -16, 10
4128.6, -16, 10
4128.7, -16, 10
4128.8, -16, 10
4128.9, -17, 10
4129, -17, 10
4129.1, -17, 10
4129.2, -17, 10
4129.3, -17, 10
4129.4, -17, 10
4129.5, -17, 10
4129.6, -17, 10
4129.7, -17, 10
4129.8, -17, 10
4129.9, -17, 10
4130, -17, 10
4130.1, -17, 10
4130.2, -17, 10
4130.3, -17, 10
4130.4, -17, 10
4130.5, -17, 10
4130.6, -17, 10
4130.7, -17, 10
4130.8, -17, 10
4130.9, -17, 10
4131, -17, 10
4131.1, -17, 10
4131.2, -17, 10
4131.3, -17, 10
4131.4, -17, 10
4131.5, -17, 10
4131.6, -17, 10
4131.7, -16, 10
4131.8, -16, 10
4131.9, -16, 10
4132, -16, 10
4132.1, -16, 10
4132.2, -16, 10
4132.3, -16, 9
4132.4, -16, 9
4132.5, -16, 9
4132.6, -16, 9
4132.7, -16, 9
4132.8, -16, 9
4132.9, -16, 9
4133, -16, 9
4133.1, -16, 9
4133.2, -16, 9
4133.3, -16, 9
4133.4, -16, 9
4133.5, -16, 9
4133.6, -16, 9
4133.7, -16, 9
4133.8, -16, 9
4133.9, -16, 9
4134, -16, 9
4134.1, -16, 9
4134.2, -16, 9
4134.3, -16, 9
4134.4, -16, 9
4134.5, -16, 9
4134.6, -16, 9
4134.7, -17, 9
4134.8, -17, 9
4134.9, -17, 9
4135, -17, 9
4135.1, -17, 9
4135.2, -17, 9
4135.3, -17, 9
4135.4, -17, 9
4135.5, -17, 9
4135.6, -17, 9
4135.7, -18, 9
4135.8, -18, 9
4135.9, -18, 9
4136, -18, 9
4136.1, -18, 9
4136.2, -18, 9
4136.3, -18, 8
4136.4, -18, 8
4136.5, -18, 8
4136.6, -18, 8
4136.7, -18, 8
4136.8, -18, 8
4136.9, -18, 8
4137, -18, 8
4137.1, -18, 8
4137.2, -18, 8
4137.3, -18, 8
4137.4, -18, 8
4137.5, -18, 8
4137.6, -18, 8
4137.7, -18, 8
4137.8, -18, 8
4137.9, -18, 8
4138, -18, 8
4138.1, -17, 8
4138.2, -17, 8
4138.3, -17, 8
4138.4, -17, 8
4138.5, -17, 8
4138.6, -17, 8
4138.7, -17, 8
4138.8, -17, 8
4138.9, -17, 8
4139, -17, 8
4139.1, -17, 8
4139.2, -17, 8
4139.3, -17, 8
4139.4, -17, 8
4139.5, -17, 8
4139.6, -17, 8
4139.7, -17, 8
4139.8, -17, 8
4139.9, -17, 7
4140, -17, 7
4140.1, -17, 7
4140.2, -17, 7
4140.3, -17, 7
4140.4, -17, 7
4140.5, -17, 7
4140.6, -17, 7
4140.7, -17, 6
4140.8, -17, 6
4140.9, -17, 6
4141, -17, 6
4141.1, -17, 6
4141.2, -17, 6
4141.3, -17, 6
4141.4, -17, 6
4141.5, -17, 6
4141.6, -17, 6
4141.7, -17, 6
4141.8, -17, 6
4141.9, -17, 6
4142, -17, 6
4142.1, -17, 6
4142.2, -17, 6
4142.3, -17, 6
4142.4, -17, 6
4142.5, -17, 6
4142.6, -17, 6
4142.7, -17, 6
4142.8, -17, 6
4142.9, -17, 6
4143, -17, 6
4143.1, -17, 6
4143.2, -17, 6
4143.3, -17, 6
4143.4, -17, 6
4143.5, -17, 6
4143.6, -17, 6
4143.7, -17, 6
4143.8, -17, 6
4143.9, -17, 6
4144, -17, 6
4144.1, -17, 6
4144.2, -17, 6
4144.3, -17, 6
4144.4, -17, 6
4144.5, -17, 6
4144.6, -17, 6
4144.7, -17, 6
4144.8, -17, 6
4144.9, -17, 6
4145, -17, 6
4145.1, -17, 6
4145.2, -17, 6
4145.3, -17, 6
4145.4, -17, 6
4145.5, -17, 6
4145.6, -17, 6
4145.7, -17, 6
4145.8, -17, 6
4145.9, -17, 6
4146, -17, 6
4146.1, -17, 6
4146.2, -17, 6
4146.3, -17, 6
4146.4, -17, 6
4146.5, -17, 6
4146.6, -17, 6
4146.7, -17, 6
4146.8, -17, 6
4146.9, -17, 6
4147, -17, 6
4147.1, -17, 6
4147.2, -17, 6
4147.3, -17, 6
4147.4, -17, 6
4147.5, -17, 6
4147.6, -17, 6
4147.7, -17, 6
4147.8, -17, 6
4147.9, -17, 6
4148, -17, 6
4148.1, -17, 6
4148.2, -17, 6
4148.3, -17, 6
4148.4, -17, 6
4148.5, -17, 6
4148.6, -17, 6
4148.7, -18, 6
4148.8, -18, 6
4148.9, -18, 6
4149, -18, 6
4149.1, -18, 6
4149.2, -18, 6
4149.3, -18, 6
4149.4, -18, 6
4149.5, -19, 6
4149.6, -19, 6
4149.7, -19, 6
4149.8, -19, 6
4149.9, -19, 6
4150, -19, 6
4150.1, -19, 6
4150.2, -19, 6
4150.3, -19, 6
4150.4, -19, 6
4150.5, -19, 6
4150.6, -19, 6
4150.7, -19, 6
4150.8, -19, 6
4150.9, -19, 6
4151, -19, 6
4151.1, -19, 6
4151.2, -19, 6
4151.3, -19, 6
4151.4, -19, 6
4151.5, -19, 6
4151.6, -19, 6
4151.7, -19, 6
4151.8, -19, 6
4151.9, -19, 6
4152, -19, 6
4152.1, -19, 7
4152.2, -19, 7
4152.3, -19, 7
4152.4, -19, 7
4152.5, -19, 7
4152.6, -19, 7
4152.7, -19, 7
4152.8, -19, 7
4152.9, -19, 7
4153, -19, 7
4153.1, -19, 7
4153.2, -19, 7
4153.3, -19, 7
4153.4, -19, 7
4153.5, -19, 7
4153.6, -19, 7
4153.7, -19, 7
4153.8, -19, 7
4153.9, -19, 7
4154, -19, 7
4154.1, -19, 7
4154.2, -19, 7
4154.3, -19, 7
4154.4, -19, 7
4154.5, -19, 7
4154.6, -19, 7
4154.7, -19, 7
4154.8, -19, 7
4154.9, -19, 7
4155, -19, 7
4155.1, -19, 7
4155.2, -19, 7
4155.3, -20, 7
4155.4, -20, 7
4155.5, -20, 7
4155.6, -20, 7
4155.7, -20, 7
4155.8, -20, 7
4155.9, -20, 7
4156, -20, 7
4156.1, -20, 7
4156.2, -20, 7
4156.3, -20, 7
4156.4, -20, 7
4156.5, -20, 7
4156.6, -20, 7
4156.7, -21, 7
4156.8, -21, 7
4156.9, -21, 7
4157, -21, 7
4157.1, -21, 6
4157.2, -21, 6
4157.3, -21, 6
4157.4, -21, 6
4157.5, -21, 6
4157.6, -21, 6
4157.7, -21, 6
4157.8, -21, 6
4157.9, -21, 6
4158, -21, 6
4158.1, -21, 6
4158.2, -21, 6
4158.3, -21, 6
4158.4, -21, 6
4158.5, -21, 6
4158.6, -21, 6
4158.7, -21, 6
4158.8, -21, 6
4158.9, -21, 6
4159, -21, 6
4159.1, -21, 6
4159.2, -21, 6
4159.3, -21, 6
4159.4, -21, 6
4159.5, -21, 6
4159.6, -21, 6
4159.7, -21, 6
4159.8, -21, 6
4159.9, -21, 6
4160, -21, 6
4160.1, -21, 6
4160.2, -21, 6
4160.3, -21, 6
4160.4, -21, 6
4160.5, -21, 6
4160.6, -21, 6
4160.7, -21, 6
4160.8, -21, 6
4160.9, -21, 6
4161, -21, 6
4161.1, -21, 6
4161.2, -21, 6
4161.3, -21, 6
4161.4, -21, 6
4161.5, -21, 6
4161.6, -21, 6
4161.7, -21, 6
4161.8, -21, 6
4161.9, -21, 6
4162, -21, 6
4162.1, -21, 6
4162.2, -21, 6
4162.3, -21, 6
4162.4, -21, 6
4162.5, -21, 6
4162.6, -21, 6
4162.7, -21, 6
4162.8, -21, 6
4162.9, -21, 6
4163, -21, 6
4163.1, -21, 6
4163.2, -21, 6
4163.3, -21, 6
4163.4, -21, 6
4163.5, -21, 6
4163.6, -21, 6
4163.7, -21, 5
4163.8, -21, 5
4163.9, -21, 5
4164, -21, 5
4164.1, -21, 5
4164.2, -21, 5
4164.3, -21, 5
4164.4, -21, 5
4164.5, -21, 5
4164.6, -21, 5
4164.7, -21, 5
4164.8, -21, 5
4164.9, -21, 4
4165, -21, 4
4165.1, -21, 4
4165.2, -21, 4
4165.3, -21, 4
4165.4, -21, 4
4165.5, -21, 4
4165.6, -21, 4
4165.7, -21, 4
4165.8, -21, 4
4165.9, -20, 4
4166, -20, 4
4166.1, -20, 4
4166.2, -20, 4
4166.3, -20, 4
4166.4, -20, 4
4166.5, -20, 4
4166.6, -20, 4
4166.7, -20, 4
4166.8, -20, 4
4166.9, -20, 4
4167, -20, 4
4167.1, -20, 4
4167.2, -20, 4
4167.3, -20, 4
4167.4, -20, 4
4167.5, -21, 4
4167.6, -21, 4
4167.7, -22, 4
4167.8, -22, 4
4167.9, -22, 4
4168, -22, 4
4168.1, -22, 4
4168.2, -22, 4
4168.3, -22, 4
4168.4, -22, 4
4168.5, -22, 4
4168.6, -22, 4
4168.7, -22, 4
4168.8, -22, 4
4168.9, -22, 4
4169, -22, 4
4169.1, -22, 4
4169.2, -22, 4
4169.3, -22, 4
4169.4, -22, 4
4169.5, -22, 4
4169.6, -22, 4
4169.7, -22, 5
4169.8, -22, 5
4169.9, -22, 5
4170, -22, 5
4170.1, -23, 5
4170.2, -23, 5
4170.3, -23, 5
4170.4, -23, 5
4170.5, -23, 5
4170.6, -23, 5
4170.7, -23, 4
4170.8, -23, 4
4170.9, -23, 4
4171, -23, 4
4171.1, -23, 4
4171.2, -23, 4
4171.3, -23, 4
4171.4, -23, 4
4171.5, -23, 4
4171.6, -23, 4
4171.7, -23, 4
4171.8, -23, 4
4171.9, -23, 4
4172, -23, 4
4172.1, -23, 4
4172.2, -23, 4
4172.3, -23, 4
4172.4, -23, 4
4172.5, -23, 4
4172.6, -23, 4
4172.7, -23, 4
4172.8, -23, 4
4172.9, -23, 4
4173, -23, 4
4173.1, -23, 4
4173.2, -23, 4
4173.3, -23, 4
4173.4, -23, 4
4173.5, -23, 4
4173.6, -23, 4
4173.7, -23, 4
4173.8, -23, 4
4173.9, -23, 4
4174, -23, 4
4174.1, -23, 4
4174.2, -23, 4
4174.3, -23, 4
4174.4, -23, 4
4174.5, -23, 4
4174.6, -23, 4
4174.7, -23, 4
4174.8, -23, 4
4174.9, -23, 4
4175, -23, 4
4175.1, -23, 4
4175.2, -23, 4
4175.3, -23, 3
4175.4, -23, 3
4175.5, -23, 3
4175.6, -23, 3
4175.7, -23, 3
4175.8, -23, 3
4175.9, -23, 2
4176, -23, 2
4176.1, -23, 2
4176.2, -23, 2
4176.3, -23, 2
4176.4, -23, 2
4176.5, -23, 2
4176.6, -23, 2
4176.7, -23, 2
4176.8, -23, 2
4176.9, -23, 2
4177, -23, 2
4177.1, -23, 2
4177.2, -23, 2
4177.3, -23, 2
4177.4, -23, 2
4177.5, -23, 2
4177.6, -23, 2
4177.7, -23, 2
4177.8, -23, 2
4177.9, -23, 2
4178, -23, 2
4178.1, -23, 2
4178.2, -23, 2
4178.3, -23, 2
4178.4, -23, 2
4178.5, -23, 2
4178.6, -23, 2
4178.7, -23, 2
4178.8, -23, 2
4178.9, -23, 2
4179, -23, 2
4179.1, -23, 2
4179.2, -23, 2
4179.3, -23, 2
4179.4, -23, 2
4179.5, -23, 3
4179.6, -23, 3
4179.7, -23, 3
4179.8, -23, 3
4179.9, -23, 2
4180, -23, 2
4180.1, -23, 2
4180.2, -23, 2
4180.3, -23, 2
4180.4, -23, 2
4180.5, -23, 2
4180.6, -23, 2
4180.7, -23, 2
4180.8, -23, 2
4180.9, -23, 2
4181, -23, 2
4181.1, -23, 2
4181.2, -23, 2
4181.3, -23, 2
4181.4, -23, 2
4181.5, -24, 2
4181.6, -24, 2
4181.7, -24, 2
4181.8, -24, 2
4181.9, -24, 2
4182, -24, 2
4182.1, -24, 2
4182.2, -24, 2
4182.3, -24, 2
4182.4, -24, 2
4182.5, -23, 2
4182.6, -23, 2
4182.7, -23, 2
4182.8, -23, 2
4182.9, -23, 2
4183, -23, 2
4183.1, -23, 2
4183.2, -23, 2
4183.3, -23, 2
4183.4, -23, 2
4183.5, -23, 2
4183.6, -23, 2
4183.7, -23, 2
4183.8, -23, 2
4183.9, -23, 2
4184, -23, 2
4184.1, -23, 2
4184.2, -23, 2
4184.3, -23, 2
4184.4, -23, 2
4184.5, -23, 2
4184.6, -23, 2
4184.7, -23, 2
4184.8, -23, 2
4184.9, -23, 2
4185, -23, 2
4185.1, -23, 2
4185.2, -23, 2
4185.3, -23, 2
4185.4, -23, 2
4185.5, -23, 2
4185.6, -23, 2
4185.7, -23, 3
4185.8, -23, 3
4185.9, -23, 3
4186, -23, 3
4186.1, -23, 3
4186.2, -23, 3
4186.3, -23, 2
4186.4, -23, 2
4186.5, -23, 2
4186.6, -23, 2
4186.7, -23, 2
4186.8, -23, 2
4186.9, -23, 2
4187, -23, 2
4187.1, -23, 2
4187.2, -23, 2
4187.3, -23, 2
4187.4, -23, 2
4187.5, -23, 2
4187.6, -23, 2
4187.7, -24, 2
4187.8, -24, 2
4187.9, -24, 2
4188, -24, 2
4188.1, -24, 2
4188.2, -24, 2
4188.3, -24, 1
4188.4, -24, 1
4188.5, -24, 1
4188.6, -24, 1
4188.7, -24, 1
4188.8, -24, 1
4188.9, -24, 1
4189, -24, 1
4189.1, -24, 1
4189.2, -24, 1
4189.3, -24, 1
4189.4, -24, 1
4189.5, -24, 1
4189.6, -24, 1
4189.7, -24, 1
4189.8, -24, 1
4189.9, -24, 1
4190, -24, 1
4190.1, -24, 1
4190.2, -24, 1
4190.3, -24, 1
4190.4, -24, 1
4190.5, -24, 1
4190.6, -24, 1
4190.7, -24, 1
4190.8, -24, 1
4190.9, -24, 1
4191, -24, 1
4191.1, -24, 1
4191.2, -24, 1
4191.3, -24, 1
4191.4, -24, 1
4191.5, -24, 1
4191.6, -24, 1
4191.7, -24, 1
4191.8, -24, 1
4191.9, -24, 1
4192, -24, 1
4192.1, -24, 1
4192.2, -24, 1
4192.3, -24, 1
4192.4, -24, 1
4192.5, -25, 1
4192.6, -25, 1
4192.7, -25, 1
4192.8, -25, 1
4192.9, -24, 1
4193, -24, 1
4193.1, -24, 1
4193.2, -24, 1
4193.3, -24, 1
4193.4, -24, 1
4193.5, -24, 1
4193.6, -24, 1
4193.7, -24, 1
4193.8, -24, 1
4193.9, -24, 1
4194, -24, 1
4194.1, -24, 1
4194.2, -24, 1
4194.3, -25, 1
4194.4, -25, 1
4194.5, -25, 1
4194.6, -25, 1
4194.7, -25, 1
4194.8, -25, 1
4194.9, -25, 1
4195, -25, 1
4195.1, -25, 1
4195.2, -25, 1
4195.3, -25, 1
4195.4, -25, 1
4195.5, -25, 1
4195.6, -25, 1
4195.7, -25, 1
4195.8, -25, 1
4195.9, -25, 1
4196, -25, 1
4196.1, -24, 1
4196.2, -24, 1
4196.3, -24, 1
4196.4, -24, 1
4196.5, -24, 1
4196.6, -24, 1
4196.7, -24, 0
4196.8, -24, 0
4196.9, -24, 0
4197, -24, 0
4197.1, -24, 0
4197.2, -24, 0
4197.3, -24, 0
4197.4, -24, 0
4197.5, -24, 0
4197.6, -24, 0
4197.7, -24, 0
4197.8, -24, 0
4197.9, -23, 0
4198, -23, 0
4198.1, -23, 0
4198.2, -23, 0
4198.3, -23, 0
4198.4, -23, 0
4198.5, -23, 0
4198.6, -23, 0
4198.7, -23, 1
4198.8, -23, 1
4198.9, -23, 1
4199, -23, 1
4199.1, -23, 1
4199.2, -23, 1
4199.3, -23, 1
4199.4, -23, 1
4199.5, -23, 2
4199.6, -23, 2
4199.7, -23, 2
4199.8, -23, 2
4199.9, -23, 2
4200, -23, 2
4200.1, -23, 2
4200.2, -23, 2
4200.3, -23, 2
4200.4, -23, 2
4200.5, -23, 2
4200.6, -23, 2
4200.7, -23, 2
4200.8, -23, 2
4200.9, -23, 2
4201, -23, 2
4201.1, -23, 2
4201.2, -23, 2
4201.3, -23, 2
4201.4, -23, 2
4201.5, -23, 2
4201.6, -23, 2
4201.7, -23, 2
4201.8, -23, 2
4201.9, -23, 2
4202, -23, 2
4202.1, -23, 2
4202.2, -23, 2
4202.3, -23, 2
4202.4, -23, 2
4202.5, -23, 2
4202.6, -23, 2
4202.7, -23, 2
4202.8, -23, 2
4202.9, -23, 2
4203, -23, 2
4203.1, -23, 2
4203.2, -23, 2
4203.3, -23, 2
4203.4, -23, 2
4203.5, -22, 2
4203.6, -22, 2
4203.7, -22, 2
4203.8, -22, 2
4203.9, -22, 2
4204, -22, 2
4204.1, -22, 2
4204.2, -22, 2
4204.3, -22, 2
4204.4, -22, 2
4204.5, -22, 2
4204.6, -22, 2
4204.7, -22, 2
4204.8, -22, 2
4204.9, -22, 2
4205, -22, 2
4205.1, -22, 2
4205.2, -22, 2
4205.3, -22, 2
4205.4, -22, 2
4205.5, -22, 1
4205.6, -22, 1
4205.7, -22, 1
4205.8, -22, 1
4205.9, -22, 1
4206, -22, 1
4206.1, -22, 1
4206.2, -22, 1
4206.3, -22, 1
4206.4, -22, 1
4206.5, -22, 1
4206.6, -22, 1
4206.7, -22, 1
4206.8, -22, 1
4206.9, -22, 1
4207, -22, 1
4207.1, -22, 1
4207.2, -22, 1
4207.3, -22, 1
4207.4, -22, 1
4207.5, -22, 1
4207.6, -22, 1
4207.7, -22, 1
4207.8, -22, 1
4207.9, -22, 1
4208, -22, 1
4208.1, -22, 1
4208.2, -22, 1
4208.3, -22, 1
4208.4, -22, 1
4208.5, -22, 1
4208.6, -22, 1
4208.7, -22, 1
4208.8, -22, 1
4208.9, -22, 1
4209, -22, 1
4209.1, -22, 1
4209.2, -22, 1
4209.3, -22, 1
4209.4, -22, 1
4209.5, -22, 2
4209.6, -22, 2
4209.7, -22, 2
4209.8, -22, 2
4209.9, -22, 2
4210, -22, 2
4210.1, -22, 2
4210.2, -22, 2
4210.3, -22, 2
4210.4, -22, 2
4210.5, -22, 2
4210.6, -22, 2
4210.7, -22, 2
4210.8, -22, 2
4210.9, -22, 2
4211, -22, 2
4211.1, -22, 2
4211.2, -22, 2
4211.3, -22, 2
4211.4, -22, 2
4211.5, -22, 2
4211.6, -22, 2
4211.7, -22, 2
4211.8, -22, 2
4211.9, -22, 2
4212, -22, 2
4212.1, -22, 2
4212.2, -22, 2
4212.3, -22, 2
4212.4, -22, 2
4212.5, -22, 2
4212.6, -22, 2
4212.7, -22, 2
4212.8, -22, 2
4212.9, -22, 2
4213, -22, 2
4213.1, -22, 2
4213.2, -22, 2
4213.3, -22, 2
4213.4, -22, 2
4213.5, -22, 2
4213.6, -22, 2
4213.7, -22, 2
4213.8, -22, 2
4213.9, -22, 2
4214, -22, 2
4214.1, -21, 2
4214.2, -21, 2
4214.3, -21, 2
4214.4, -21, 2
4214.5, -22, 2
4214.6, -22, 2
4214.7, -22, 2
4214.8, -22, 2
4214.9, -22, 2
4215, -22, 2
4215.1, -22, 2
4215.2, -22, 2
4215.3, -22, 2
4215.4, -22, 2
4215.5, -22, 2
4215.6, -22, 2
4215.7, -22, 2
4215.8, -22, 2
4215.9, -22, 2
4216, -22, 2
4216.1, -22, 2
4216.2, -22, 2
4216.3, -22, 2
4216.4, -22, 2
4216.5, -21, 2
4216.6, -21, 2
4216.7, -21, 2
4216.8, -21, 2
4216.9, -21, 2
4217, -21, 2
4217.1, -21, 2
4217.2, -21, 2
4217.3, -21, 2
4217.4, -21, 2
4217.5, -21, 2
4217.6, -21, 2
4217.7, -21, 2
4217.8, -21, 2
4217.9, -21, 2
4218, -21, 2
4218.1, -21, 2
4218.2, -21, 2
4218.3, -21, 2
4218.4, -21, 2
4218.5, -21, 2
4218.6, -21, 2
4218.7, -21, 2
4218.8, -21, 2
4218.9, -21, 2
4219, -21, 2
4219.1, -21, 2
4219.2, -21, 2
4219.3, -21, 2
4219.4, -21, 2
4219.5, -21, 2
4219.6, -21, 2
4219.7, -21, 2
4219.8, -21, 2
4219.9, -21, 3
4220, -21, 3
4220.1, -21, 3
4220.2, -21, 3
4220.3, -21, 3
4220.4, -21, 3
4220.5, -21, 3
4220.6, -21, 3
4220.7, -21, 3
4220.8, -21, 3
4220.9, -21, 3
4221, -21, 3
4221.1, -21, 3
4221.2, -21, 3
4221.3, -21, 3
4221.4, -21, 3
4221.5, -21, 3
4221.6, -21, 3
4221.7, -21, 3
4221.8, -21, 3
4221.9, -21, 4
4222, -21, 4
4222.1, -20, 4
4222.2, -20, 4
4222.3, -20, 4
4222.4, -20, 4
4222.5, -20, 4
4222.6, -20, 4
4222.7, -20, 4
4222.8, -20, 4
4222.9, -20, 4
4223, -20, 4
4223.1, -20, 4
4223.2, -20, 4
4223.3, -20, 4
4223.4, -20, 4
4223.5, -20, 4
4223.6, -20, 4
4223.7, -20, 5
4223.8, -20, 5
4223.9, -20, 5
4224, -20, 5
4224.1, -21, 5
4224.2, -21, 5
4224.3, -21, 5
4224.4, -21, 5
4224.5, -21, 5
4224.6, -21, 5
4224.7, -21, 4
4224.8, -21, 4
4224.9, -21, 4
4225, -21, 4
4225.1, -21, 4
4225.2, -21, 4
4225.3, -21, 4
4225.4, -21, 4
4225.5, -21, 4
4225.6, -21, 4
4225.7, -21, 4
4225.8, -21, 4
4225.9, -21, 4
4226, -21, 4
4226.1, -21, 4
4226.2, -21, 4
4226.3, -21, 4
4226.4, -21, 4
4226.5, -21, 4
4226.6, -21, 4
4226.7, -21, 4
4226.8, -21, 4
4226.9, -21, 4
4227, -21, 4
4227.1, -21, 4
4227.2, -21, 4
4227.3, -21, 4
4227.4, -21, 4
4227.5, -21, 4
4227.6, -21, 4
4227.7, -21, 4
4227.8, -21, 4
4227.9, -21, 4
4228, -21, 4
4228.1, -21, 4
4228.2, -21, 4
4228.3, -20, 4
4228.4, -20, 4
4228.5, -20, 4
4228.6, -20, 4
4228.7, -20, 4
4228.8, -20, 4
4228.9, -20, 4
4229, -20, 4
4229.1, -20, 4
4229.2, -20, 4
4229.3, -20, 4
4229.4, -20, 4
4229.5, -20, 4
4229.6, -20, 4
4229.7, -20, 4
4229.8, -20, 4
4229.9, -20, 4
4230, -20, 4
4230.1, -20, 4
4230.2, -20, 4
4230.3, -21, 4
4230.4, -21, 4
4230.5, -21, 4
4230.6, -21, 4
4230.7, -21, 4
4230.8, -21, 4
4230.9, -21, 4
4231, -21, 4
4231.1, -21, 4
4231.2, -21, 4
4231.3, -21, 4
4231.4, -21, 4
4231.5, -21, 4
4231.6, -21, 4
4231.7, -21, 4
4231.8, -21, 4
4231.9, -21, 4
4232, -21, 4
4232.1, -21, 4
4232.2, -21, 4
4232.3, -21, 4
4232.4, -21, 4
4232.5, -21, 4
4232.6, -21, 4
4232.7, -21, 4
4232.8, -21, 4
4232.9, -21, 3
4233, -21, 3
4233.1, -21, 3
4233.2, -21, 3
4233.3, -21, 3
4233.4, -21, 3
4233.5, -21, 3
4233.6, -21, 3
4233.7, -21, 3
4233.8, -21, 3
4233.9, -21, 3
4234, -21, 3
4234.1, -21, 3
4234.2, -21, 3
4234.3, -21, 3
4234.4, -21, 3
4234.5, -21, 3
4234.6, -21, 3
4234.7, -21, 3
4234.8, -21, 3
4234.9, -21, 3
4235, -21, 3
4235.1, -21, 3
4235.2, -21, 3
4235.3, -20, 3
4235.4, -20, 3
4235.5, -20, 3
4235.6, -20, 3
4235.7, -20, 3
4235.8, -20, 3
4235.9, -20, 3
4236, -20, 3
4236.1, -20, 3
4236.2, -20, 3
4236.3, -20, 3
4236.4, -20, 3
4236.5, -20, 3
4236.6, -20, 3
4236.7, -21, 3
4236.8, -21, 3
4236.9, -21, 3
4237, -21, 3
4237.1, -21, 3
4237.2, -21, 3
4237.3, -21, 3
4237.4, -21, 3
4237.5, -21, 3
4237.6, -21, 3
4237.7, -21, 3
4237.8, -21, 3
4237.9, -21, 3
4238, -21, 3
4238.1, -21, 3
4238.2, -21, 3
4238.3, -21, 3
4238.4, -21, 3
4238.5, -21, 3
4238.6, -21, 3
4238.7, -21, 3
4238.8, -21, 3
4238.9, -21, 3
4239, -21, 3
4239.1, -21, 3
4239.2, -21, 3
4239.3, -21, 3
4239.4, -21, 3
4239.5, -21, 3
4239.6, -21, 3
4239.7, -21, 3
4239.8, -21, 3
4239.9, -21, 3
4240, -21, 3
4240.1, -21, 3
4240.2, -21, 3
4240.3, -21, 3
4240.4, -21, 3
4240.5, -21, 3
4240.6, -21, 3
4240.7, -21, 3
4240.8, -21, 3
4240.9, -21, 3
4241, -21, 3
4241.1, -21, 3
4241.2, -21, 3
4241.3, -21, 3
4241.4, -21, 3
4241.5, -21, 3
4241.6, -21, 3
4241.7, -21, 3
4241.8, -21, 3
4241.9, -21, 3
4242, -21, 3
4242.1, -21, 3
4242.2, -21, 3
4242.3, -21, 3
4242.4, -21, 3
4242.5, -21, 3
4242.6, -21, 3
4242.7, -21, 3
4242.8, -21, 3
4242.9, -21, 3
4243, -21, 3
4243.1, -21, 3
4243.2, -21, 3
4243.3, -21, 3
4243.4, -21, 3
4243.5, -21, 3
4243.6, -21, 3
4243.7, -21, 3
4243.8, -21, 3
4243.9, -21, 3
4244, -21, 3
4244.1, -21, 3
4244.2, -21, 3
4244.3, -21, 3
4244.4, -21, 3
4244.5, -21, 3
4244.6, -21, 3
4244.7, -21, 3
4244.8, -21, 3
4244.9, -21, 3
4245, -21, 3
4245.1, -21, 3
4245.2, -21, 3
4245.3, -21, 3
4245.4, -21, 3
4245.5, -21, 3
4245.6, -21, 3
4245.7, -21, 3
4245.8, -21, 3
4245.9, -21, 3
4246, -21, 3
4246.1, -21, 3
4246.2, -21, 3
4246.3, -21, 3
4246.4, -21, 3
4246.5, -21, 3
4246.6, -21, 3
4246.7, -20, 3
4246.8, -20, 3
4246.9, -20, 3
4247, -20, 3
4247.1, -19, 3
4247.2, -19, 3
4247.3, -19, 3
4247.4, -19, 3
4247.5, -19, 3
4247.6, -19, 3
4247.7, -19, 3
4247.8, -19, 3
4247.9, -19, 3
4248, -19, 3
4248.1, -19, 3
4248.2, -19, 3
4248.3, -19, 3
4248.4, -19, 3
4248.5, -19, 3
4248.6, -19, 3
4248.7, -19, 3
4248.8, -19, 3
4248.9, -19, 3
4249, -19, 3
4249.1, -19, 3
4249.2, -19, 3
4249.3, -19, 3
4249.4, -19, 3
4249.5, -19, 3
4249.6, -19, 3
4249.7, -19, 3
4249.8, -19, 3
4249.9, -19, 3
4250, -19, 3
4250.1, -19, 3
4250.2, -19, 3
4250.3, -19, 3
4250.4, -19, 3
4250.5, -19, 3
4250.6, -19, 3
4250.7, -19, 3
4250.8, -19, 3
4250.9, -19, 3
4251, -19, 3
4251.1, -19, 3
4251.2, -19, 3
4251.3, -19, 3
4251.4, -19, 3
4251.5, -19, 3
4251.6, -19, 3
4251.7, -19, 3
4251.8, -19, 3
4251.9, -19, 3
4252, -19, 3
4252.1, -19, 3
4252.2, -19, 3
4252.3, -19, 3
4252.4, -19, 3
4252.5, -19, 3
4252.6, -19, 3
4252.7, -20, 3
4252.8, -20, 3
4252.9, -20, 3
4253, -20, 3
4253.1, -20, 3
4253.2, -20, 3
4253.3, -20, 3
4253.4, -20, 3
4253.5, -20, 3
4253.6, -20, 3
4253.7, -20, 3
4253.8, -20, 3
4253.9, -20, 3
4254, -20, 3
4254.1, -20, 3
4254.2, -20, 3
4254.3, -20, 3
4254.4, -20, 3
4254.5, -20, 3
4254.6, -20, 3
4254.7, -20, 3
4254.8, -20, 3
4254.9, -20, 3
4255, -20, 3
4255.1, -20, 3
4255.2, -20, 3
4255.3, -20, 3
4255.4, -20, 3
4255.5, -19, 3
4255.6, -19, 3
4255.7, -19, 3
4255.8, -19, 3
4255.9, -19, 3
4256, -19, 3
4256.1, -19, 3
4256.2, -19, 3
4256.3, -19, 3
4256.4, -19, 3
4256.5, -19, 3
4256.6, -19, 3
4256.7, -19, 3
4256.8, -19, 3
4256.9, -19, 3
4257, -19, 3
4257.1, -19, 3
4257.2, -19, 3
4257.3, -19, 3
4257.4, -19, 3
4257.5, -19, 3
4257.6, -19, 3
4257.7, -19, 3
4257.8, -19, 3
4257.9, -19, 3
4258, -19, 3
4258.1, -19, 3
4258.2, -19, 3
4258.3, -19, 3
4258.4, -19, 3
4258.5, -19, 3
4258.6, -19, 3
4258.7, -19, 3
4258.8, -19, 3
4258.9, -19, 3
4259, -19, 3
4259.1, -19, 3
4259.2, -19, 3
4259.3, -19, 3
4259.4, -19, 3
4259.5, -19, 3
4259.6, -19, 3
4259.7, -19, 3
4259.8, -19, 3
4259.9, -19, 3
4260, -19, 3
4260.1, -19, 2
4260.2, -19, 2
4260.3, -19, 2
4260.4, -19, 2
4260.5, -19, 2
4260.6, -19, 2
4260.7, -19, 2
4260.8, -19, 2
4260.9, -19, 3
4261, -19, 3
4261.1, -19, 3
4261.2, -19, 3
4261.3, -19, 3
4261.4, -19, 3
4261.5, -19, 3
4261.6, -19, 3
4261.7, -19, 3
4261.8, -19, 3
4261.9, -19, 3
4262, -19, 3
4262.1, -19, 3
4262.2, -19, 3
4262.3, -19, 3
4262.4, -19, 3
4262.5, -19, 3
4262.6, -19, 3
4262.7, -19, 3
4262.8, -19, 3
4262.9, -19, 3
4263, -19, 3
4263.1, -19, 3
4263.2, -19, 3
4263.3, -19, 3
4263.4, -19, 3
4263.5, -19, 3
4263.6, -19, 3
4263.7, -19, 3
4263.8, -19, 3
4263.9, -19, 3
4264, -19, 3
4264.1, -19, 3
4264.2, -19, 3
4264.3, -19, 3
4264.4, -19, 3
4264.5, -18, 3
4264.6, -18, 3
4264.7, -18, 3
4264.8, -18, 3
4264.9, -18, 3
4265, -18, 3
4265.1, -18, 3
4265.2, -18, 3
4265.3, -18, 3
4265.4, -18, 3
4265.5, -18, 3
4265.6, -18, 3
4265.7, -18, 2
4265.8, -18, 2
4265.9, -18, 2
4266, -18, 2
4266.1, -19, 2
4266.2, -19, 2
4266.3, -19, 2
4266.4, -19, 2
4266.5, -19, 2
4266.6, -19, 2
4266.7, -19, 2
4266.8, -19, 2
4266.9, -19, 3
4267, -19, 3
4267.1, -19, 3
4267.2, -19, 3
4267.3, -18, 3
4267.4, -18, 3
4267.5, -17, 3
4267.6, -17, 3
4267.7, -17, 3
4267.8, -17, 3
4267.9, -17, 3
4268, -17, 3
4268.1, -17, 3
4268.2, -17, 3
4268.3, -17, 3
4268.4, -17, 3
4268.5, -17, 3
4268.6, -17, 3
4268.7, -17, 3
4268.8, -17, 3
4268.9, -17, 3
4269, -17, 3
4269.1, -17, 3
4269.2, -17, 3
4269.3, -17, 3
4269.4, -17, 3
4269.5, -17, 3
4269.6, -17, 3
4269.7, -17, 3
4269.8, -17, 3
4269.9, -17, 3
4270, -17, 3
4270.1, -17, 4
4270.2, -17, 4
4270.3, -17, 4
4270.4, -17, 4
4270.5, -17, 4
4270.6, -17, 4
4270.7, -17, 4
4270.8, -17, 4
4270.9, -17, 4
4271, -17, 4
4271.1, -17, 4
4271.2, -17, 4
4271.3, -17, 4
4271.4, -17, 4
4271.5, -17, 4
4271.6, -17, 4
4271.7, -17, 4
4271.8, -17, 4
4271.9, -17, 4
4272, -17, 4
4272.1, -17, 4
4272.2, -17, 4
4272.3, -17, 4
4272.4, -17, 4
4272.5, -17, 5
4272.6, -17, 5
4272.7, -17, 5
4272.8, -17, 5
4272.9, -17, 5
4273, -17, 5
4273.1, -17, 5
4273.2, -17, 5
4273.3, -17, 5
4273.4, -17, 5
4273.5, -17, 5
4273.6, -17, 5
4273.7, -17, 5
4273.8, -17, 5
4273.9, -17, 5
4274, -17, 5
4274.1, -17, 5
4274.2, -17, 5
4274.3, -17, 5
4274.4, -17, 5
4274.5, -17, 5
4274.6, -17, 5
4274.7, -17, 5
4274.8, -17, 5
4274.9, -17, 5
4275, -17, 5
4275.1, -17, 5
4275.2, -17, 5
4275.3, -17, 5
4275.4, -17, 5
4275.5, -17, 5
4275.6, -17, 5
4275.7, -17, 5
4275.8, -17, 5
4275.9, -17, 5
4276, -17, 5
4276.1, -17, 5
4276.2, -17, 5
4276.3, -17, 5
4276.4, -17, 5
4276.5, -17, 5
4276.6, -17, 5
4276.7, -17, 5
4276.8, -17, 5
4276.9, -17, 5
4277, -17, 5
4277.1, -17, 5
4277.2, -17, 5
4277.3, -18, 5
4277.4, -18, 5
4277.5, -18, 5
4277.6, -18, 5
4277.7, -18, 5
4277.8, -18, 5
4277.9, -18, 5
4278, -18, 5
4278.1, -18, 5
4278.2, -18, 5
4278.3, -18, 5
4278.4, -18, 5
4278.5, -18, 5
4278.6, -18, 5
4278.7, -18, 5
4278.8, -18, 5
4278.9, -18, 5
4279, -18, 5
4279.1, -18, 5
4279.2, -18, 5
4279.3, -18, 5
4279.4, -18, 5
4279.5, -18, 5
4279.6, -18, 5
4279.7, -18, 5
4279.8, -18, 5
4279.9, -18, 5
4280, -18, 5
4280.1, -19, 5
4280.2, -19, 5
4280.3, -19, 5
4280.4, -19, 5
4280.5, -19, 5
4280.6, -19, 5
4280.7, -19, 5
4280.8, -19, 5
4280.9, -19, 4
4281, -19, 4
4281.1, -19, 3
4281.2, -19, 3
4281.3, -19, 3
4281.4, -19, 3
4281.5, -20, 3
4281.6, -20, 3
4281.7, -20, 3
4281.8, -20, 3
4281.9, -20, 3
4282, -20, 3
4282.1, -20, 3
4282.2, -20, 3
4282.3, -20, 3
4282.4, -20, 3
4282.5, -20, 3
4282.6, -20, 3
4282.7, -20, 3
4282.8, -20, 3
4282.9, -20, 3
4283, -20, 3
4283.1, -20, 3
4283.2, -20, 3
4283.3, -20, 3
4283.4, -20, 3
4283.5, -20, 3
4283.6, -20, 3
4283.7, -19, 3
4283.8, -19, 3
4283.9, -19, 3
4284, -19, 3
4284.1, -19, 3
4284.2, -19, 3
4284.3, -19, 3
4284.4, -19, 3
4284.5, -19, 3
4284.6, -19, 3
4284.7, -19, 3
4284.8, -19, 3
4284.9, -19, 3
4285, -19, 3
4285.1, -19, 3
4285.2, -19, 3
4285.3, -19, 3
4285.4, -19, 3
4285.5, -19, 3
4285.6, -19, 3
4285.7, -19, 3
4285.8, -19, 3
4285.9, -19, 3
4286, -19, 3
4286.1, -19, 4
4286.2, -19, 4
4286.3, -19, 4
4286.4, -19, 4
4286.5, -19, 4
4286.6, -19, 4
4286.7, -19, 4
4286.8, -19, 4
4286.9, -19, 5
4287, -19, 5
4287.1, -19, 5
4287.2, -19, 5
4287.3, -19, 5
4287.4, -19, 5
4287.5, -19, 5
4287.6, -19, 5
4287.7, -19, 5
4287.8, -19, 5
4287.9, -19, 5
4288, -19, 5
4288.1, -19, 5
4288.2, -19, 5
4288.3, -19, 5
4288.4, -19, 5
4288.5, -19, 5
4288.6, -19, 5
4288.7, -18, 5
4288.8, -18, 5
4288.9, -18, 5
4289, -18, 5
4289.1, -18, 5
4289.2, -18, 5
4289.3, -18, 5
4289.4, -18, 5
4289.5, -18, 5
4289.6, -18, 5
4289.7, -18, 5
4289.8, -18, 5
4289.9, -18, 5
4290, -18, 5
4290.1, -18, 5
4290.2, -18, 5
4290.3, -18, 5
4290.4, -18, 5
4290.5, -18, 5
4290.6, -18, 5
4290.7, -18, 5
4290.8, -18, 5
4290.9, -18, 5
4291, -18, 5
4291.1, -18, 5
4291.2, -18, 5
4291.3, -18, 5
4291.4, -18, 5
4291.5, -18, 5
4291.6, -18, 5
4291.7, -18, 5
4291.8, -18, 5
4291.9, -18, 5
4292, -18, 5
4292.1, -18, 5
4292.2, -18, 5
4292.3, -18, 5
4292.4, -18, 5
4292.5, -18, 5
4292.6, -18, 5
4292.7, -18, 5
4292.8, -18, 5
4292.9, -18, 5
4293, -18, 5
4293.1, -19, 5
4293.2, -19, 5
4293.3, -19, 5
4293.4, -19, 5
4293.5, -19, 5
4293.6, -19, 5
4293.7, -19, 5
4293.8, -19, 5
4293.9, -20, 5
4294, -20, 5
4294.1, -20, 5
4294.2, -20, 5
4294.3, -20, 5
4294.4, -20, 5
4294.5, -20, 5
4294.6, -20, 5
4294.7, -20, 5
4294.8, -20, 5
4294.9, -20, 5
4295, -20, 5
4295.1, -20, 5
4295.2, -20, 5
4295.3, -20, 5
4295.4, -20, 5
4295.5, -20, 5
4295.6, -20, 5
4295.7, -20, 5
4295.8, -20, 5
4295.9, -20, 5
4296, -20, 5
4296.1, -20, 5
4296.2, -20, 5
4296.3, -20, 5
4296.4, -20, 5
4296.5, -20, 5
4296.6, -20, 5
4296.7, -20, 5
4296.8, -20, 5
4296.9, -20, 5
4297, -20, 5
4297.1, -20, 5
4297.2, -20, 5
4297.3, -20, 5
4297.4, -20, 5
4297.5, -20, 5
4297.6, -20, 5
4297.7, -20, 5
4297.8, -20, 5
4297.9, -20, 5
4298, -20, 5
4298.1, -20, 5
4298.2, -20, 5
4298.3, -20, 5
4298.4, -20, 5
4298.5, -20, 5
4298.6, -20, 5
4298.7, -20, 5
4298.8, -20, 5
4298.9, -20, 5
4299, -20, 5
4299.1, -20, 5
4299.2, -20, 5
4299.3, -20, 5
4299.4, -20, 5
4299.5, -20, 5
4299.6, -20, 5
4299.7, -20, 5
4299.8, -20, 5
4299.9, -20, 5
4300, -20, 5
4300.1, -20, 5
4300.2, -20, 5
4300.3, -20, 5
4300.4, -20, 5
4300.5, -20, 5
4300.6, -20, 5
4300.7, -20, 5
4300.8, -20, 5
4300.9, -20, 5
4301, -20, 5
4301.1, -21, 5
4301.2, -21, 5
4301.3, -21, 4
4301.4, -21, 4
4301.5, -21, 4
4301.6, -21, 4
4301.7, -21, 4
4301.8, -21, 4
4301.9, -21, 4
4302, -21, 4
4302.1, -21, 4
4302.2, -21, 4
4302.3, -21, 4
4302.4, -21, 4
4302.5, -21, 4
4302.6, -21, 4
4302.7, -21, 4
4302.8, -21, 4
4302.9, -21, 4
4303, -21, 4
4303.1, -21, 4
4303.2, -21, 4
4303.3, -21, 4
4303.4, -21, 4
4303.5, -21, 4
4303.6, -21, 4
4303.7, -21, 4
4303.8, -21, 4
4303.9, -21, 4
4304, -21, 4
4304.1, -21, 4
4304.2, -21, 4
4304.3, -21, 4
4304.4, -21, 4
4304.5, -21, 4
4304.6, -21, 4
4304.7, -21, 4
4304.8, -21, 4
4304.9, -21, 4
4305, -21, 4
4305.1, -21, 4
4305.2, -21, 4
4305.3, -21, 4
4305.4, -21, 4
4305.5, -21, 4
4305.6, -21, 4
4305.7, -21, 4
4305.8, -21, 4
4305.9, -21, 4
4306, -21, 4
4306.1, -21, 4
4306.2, -21, 4
4306.3, -21, 4
4306.4, -21, 4
4306.5, -21, 4
4306.6, -21, 4
4306.7, -21, 4
4306.8, -21, 4
4306.9, -21, 4
4307, -21, 4
4307.1, -21, 4
4307.2, -21, 4
4307.3, -21, 4
4307.4, -21, 4
4307.5, -21, 4
4307.6, -21, 4
4307.7, -21, 4
4307.8, -21, 4
4307.9, -21, 4
4308, -21, 4
4308.1, -21, 4
4308.2, -21, 4
4308.3, -20, 4
4308.4, -20, 4
4308.5, -20, 4
4308.6, -20, 4
4308.7, -19, 4
4308.8, -19, 4
4308.9, -19, 4
4309, -19, 4
4309.1, -19, 4
4309.2, -19, 4
4309.3, -19, 4
4309.4, -19, 4
4309.5, -19, 4
4309.6, -19, 4
4309.7, -19, 3
4309.8, -19, 3
4309.9, -19, 3
4310, -19, 3
4310.1, -19, 3
4310.2, -19, 3
4310.3, -19, 3
4310.4, -19, 3
4310.5, -19, 2
4310.6, -19, 2
4310.7, -19, 2
4310.8, -19, 2
4310.9, -19, 2
4311, -19, 2
4311.1, -19, 2
4311.2, -19, 2
4311.3, -18, 2
4311.4, -18, 2
4311.5, -18, 2
4311.6, -18, 2
4311.7, -19, 2
4311.8, -19, 2
4311.9, -19, 2
4312, -19, 2
4312.1, -20, 2
4312.2, -20, 2
4312.3, -20, 2
4312.4, -20, 2
4312.5, -20, 2
4312.6, -20, 2
4312.7, -20, 2
4312.8, -20, 2
4312.9, -20, 2
4313, -20, 2
4313.1, -20, 2
4313.2, -20, 2
4313.3, -20, 2
4313.4, -20, 2
4313.5, -20, 2
4313.6, -20, 2
4313.7, -20, 2
4313.8, -20, 2
4313.9, -20, 2
4314, -20, 2
4314.1, -20, 2
4314.2, -20, 2
4314.3, -20, 2
4314.4, -20, 2
4314.5, -20, 2
4314.6, -20, 2
4314.7, -20, 2
4314.8, -20, 2
4314.9, -20, 2
4315, -20, 2
4315.1, -20, 2
4315.2, -20, 2
4315.3, -20, 2
4315.4, -20, 2
4315.5, -20, 2
4315.6, -20, 2
4315.7, -20, 2
4315.8, -20, 2
4315.9, -20, 2
4316, -20, 2
4316.1, -20, 2
4316.2, -20, 2
4316.3, -20, 2
4316.4, -20, 2
4316.5, -20, 2
4316.6, -20, 2
4316.7, -20, 2
4316.8, -20, 2
4316.9, -20, 2
4317, -20, 2
4317.1, -20, 2
4317.2, -20, 2
4317.3, -21, 2
4317.4, -21, 2
4317.5, -21, 2
4317.6, -21, 2
4317.7, -21, 2
4317.8, -21, 2
4317.9, -21, 2
4318, -21, 2
4318.1, -21, 2
4318.2, -21, 2
4318.3, -21, 2
4318.4, -21, 2
4318.5, -21, 2
4318.6, -21, 2
4318.7, -21, 2
4318.8, -21, 2
4318.9, -21, 2
4319, -21, 2
4319.1, -21, 2
4319.2, -21, 2
4319.3, -21, 2
4319.4, -21, 2
4319.5, -21, 2
4319.6, -21, 2
4319.7, -21, 2
4319.8, -21, 2
4319.9, -21, 2
4320, -21, 2
4320.1, -21, 2
4320.2, -21, 2
4320.3, -21, 2
4320.4, -21, 2
4320.5, -21, 2
4320.6, -21, 2
4320.7, -21, 2
4320.8, -21, 2
4320.9, -21, 2
4321, -21, 2
4321.1, -21, 2
4321.2, -21, 2
4321.3, -21, 2
4321.4, -21, 2
4321.5, -21, 2
4321.6, -21, 2
4321.7, -21, 2
4321.8, -21, 2
4321.9, -21, 2
4322, -21, 2
4322.1, -21, 2
4322.2, -21, 2
4322.3, -21, 2
4322.4, -21, 2
4322.5, -21, 2
4322.6, -21, 2
4322.7, -21, 2
4322.8, -21, 2
4322.9, -21, 1
4323, -21, 1
4323.1, -21, 1
4323.2, -21, 1
4323.3, -21, 1
4323.4, -21, 1
4323.5, -21, 1
4323.6, -21, 1
4323.7, -21, 1
4323.8, -21, 1
4323.9, -21, 1
4324, -21, 1
4324.1, -21, 1
4324.2, -21, 1
4324.3, -21, 1
4324.4, -21, 1
4324.5, -21, 1
4324.6, -21, 1
4324.7, -21, 1
4324.8, -21, 1
4324.9, -21, 1
4325, -21, 1
4325.1, -21, 1
4325.2, -21, 1
4325.3, -21, 1
4325.4, -21, 1
4325.5, -21, 1
4325.6, -21, 1
4325.7, -21, 1
4325.8, -21, 1
4325.9, -21, 1
4326, -21, 1
4326.1, -21, 1
4326.2, -21, 1
4326.3, -21, 1
4326.4, -21, 1
4326.5, -21, 1
4326.6, -21, 1
4326.7, -21, 0
4326.8, -21, 0
4326.9, -21, 0
4327, -21, 0
4327.1, -21, 0
4327.2, -21, 0
4327.3, -21, 0
4327.4, -21, 0
4327.5, -21, 0
4327.6, -21, 0
4327.7, -21, 0
4327.8, -21, 0
4327.9, -21, 0
4328, -21, 0
4328.1, -20, 0
4328.2, -20, 0
4328.3, -20, 1
4328.4, -20, 1
4328.5, -20, 1
4328.6, -20, 1
4328.7, -20, 1
4328.8, -20, 1
4328.9, -20, 1
4329, -20, 1
4329.1, -20, 1
4329.2, -20, 1
4329.3, -20, 1
4329.4, -20, 1
4329.5, -20, 1
4329.6, -20, 1
4329.7, -20, 1
4329.8, -20, 1
4329.9, -20, 1
4330, -20, 1
4330.1, -20, 1
4330.2, -20, 1
4330.3, -20, 1
4330.4, -20, 1
4330.5, -20, 1
4330.6, -20, 1
4330.7, -20, 1
4330.8, -20, 1
4330.9, -20, 1
4331, -20, 1
4331.1, -20, 1
4331.2, -20, 1
4331.3, -20, 1
4331.4, -20, 1
4331.5, -20, 1
4331.6, -20, 1
4331.7, -20, 1
4331.8, -20, 1
4331.9, -20, 1
4332, -20, 1
4332.1, -20, 1
4332.2, -20, 1
4332.3, -20, 1
4332.4, -20, 1
4332.5, -19, 1
4332.6, -19, 1
4332.7, -19, 1
4332.8, -19, 1
4332.9, -19, 1
4333, -19, 1
4333.1, -18, 1
4333.2, -18, 1
4333.3, -18, 1
4333.4, -18, 1
4333.5, -18, 1
4333.6, -18, 1
4333.7, -18, 1
4333.8, -18, 1
4333.9, -18, 1
4334, -18, 1
4334.1, -18, 1
4334.2, -18, 1
4334.3, -18, 1
4334.4, -18, 1
4334.5, -18, 1
4334.6, -18, 1
4334.7, -19, 1
4334.8, -19, 1
4334.9, -19, 1
4335, -19, 1
4335.1, -19, 1
4335.2, -19, 1
4335.3, -19, 1
4335.4, -19, 1
4335.5, -19, 1
4335.6, -19, 1
4335.7, -19, 1
4335.8, -19, 1
4335.9, -19, 1
4336, -19, 1
4336.1, -19, 1
4336.2, -19, 1
4336.3, -19, 1
4336.4, -19, 1
4336.5, -19, 1
4336.6, -19, 1
4336.7, -19, 1
4336.8, -19, 1
4336.9, -19, 1
4337, -19, 1
4337.1, -19, 1
4337.2, -19, 1
4337.3, -19, 1
4337.4, -19, 1
4337.5, -19, 1
4337.6, -19, 1
4337.7, -19, 1
4337.8, -19, 1
4337.9, -19, 1
4338, -19, 1
4338.1, -19, 1
4338.2, -19, 1
4338.3, -19, 1
4338.4, -19, 1
4338.5, -19, 1
4338.6, -19, 1
4338.7, -19, 1
4338.8, -19, 1
4338.9, -19, 1
4339, -19, 1
4339.1, -19, 1
4339.2, -19, 1
4339.3, -19, 1
4339.4, -19, 1
4339.5, -19, 1
4339.6, -19, 1
4339.7, -19, 1
4339.8, -19, 1
4339.9, -19, 1
4340, -19, 1
4340.1, -19, 1
4340.2, -19, 1
4340.3, -19, 1
4340.4, -19, 1
4340.5, -19, 1
4340.6, -19, 1
4340.7, -19, 1
4340.8, -19, 1
4340.9, -19, 1
4341, -19, 1
4341.1, -19, 1
4341.2, -19, 1
4341.3, -19, 1
4341.4, -19, 1
4341.5, -19, 1
4341.6, -19, 1
4341.7, -19, 1
4341.8, -19, 1
4341.9, -19, 1
4342, -19, 1
4342.1, -19, 1
4342.2, -19, 1
4342.3, -19, 1
4342.4, -19, 1
4342.5, -19, 1
4342.6, -19, 1
4342.7, -19, 1
4342.8, -19, 1
4342.9, -19, 1
4343, -19, 1
4343.1, -19, 1
4343.2, -19, 1
4343.3, -19, 1
4343.4, -19, 1
4343.5, -19, 1
4343.6, -19, 1
4343.7, -19, 1
4343.8, -19, 1
4343.9, -19, 1
4344, -19, 1
4344.1, -19, 1
4344.2, -19, 1
4344.3, -19, 1
4344.4, -19, 1
4344.5, -19, 1
4344.6, -19, 1
4344.7, -19, 1
4344.8, -19, 1
4344.9, -19, 1
4345, -19, 1
4345.1, -19, 1
4345.2, -19, 1
4345.3, -19, 1
4345.4, -19, 1
4345.5, -20, 1
4345.6, -20, 1
4345.7, -20, 1
4345.8, -20, 1
4345.9, -20, 1
4346, -20, 1
4346.1, -21, 1
4346.2, -21, 1
4346.3, -21, 1
4346.4, -21, 1
4346.5, -21, 1
4346.6, -21, 1
4346.7, -21, 1
4346.8, -21, 1
4346.9, -21, 1
4347, -21, 1
4347.1, -21, 1
4347.2, -21, 1
4347.3, -21, 1
4347.4, -21, 1
4347.5, -21, 1
4347.6, -21, 1
4347.7, -21, 1
4347.8, -21, 1
4347.9, -21, 1
4348, -21, 1
4348.1, -21, 1
4348.2, -21, 1
4348.3, -21, 1
4348.4, -21, 1
4348.5, -21, 1
4348.6, -21, 1
4348.7, -21, 1
4348.8, -21, 1
4348.9, -21, 1
4349, -21, 1
4349.1, -21, 1
4349.2, -21, 1
4349.3, -21, 1
4349.4, -21, 1
4349.5, -21, 1
4349.6, -21, 1
4349.7, -21, 1
4349.8, -21, 1
4349.9, -21, 1
4350, -21, 1
4350.1, -21, 1
4350.2, -21, 1
4350.3, -21, 1
4350.4, -21, 1
4350.5, -21, 1
4350.6, -21, 1
4350.7, -21, 1
4350.8, -21, 1
4350.9, -21, 1
4351, -21, 1
4351.1, -21, 1
4351.2, -21, 1
4351.3, -21, 1
4351.4, -21, 1
4351.5, -20, 1
4351.6, -20, 1
4351.7, -20, 1
4351.8, -20, 1
4351.9, -20, 1
4352, -20, 1
4352.1, -20, 1
4352.2, -20, 1
4352.3, -20, 1
4352.4, -20, 1
4352.5, -20, 1
4352.6, -20, 1
4352.7, -20, 1
4352.8, -20, 1
4352.9, -20, 1
4353, -20, 1
4353.1, -20, 1
4353.2, -20, 1
4353.3, -20, 1
4353.4, -20, 1
4353.5, -20, 1
4353.6, -20, 1
4353.7, -20, 1
4353.8, -20, 1
4353.9, -20, 1
4354, -20, 1
4354.1, -20, 1
4354.2, -20, 1
4354.3, -20, 1
4354.4, -20, 1
4354.5, -20, 1
4354.6, -20, 1
4354.7, -20, 0
4354.8, -20, 0
4354.9, -21, 0
4355, -21, 0
4355.1, -21, 0
4355.2, -21, 0
4355.3, -21, 0
4355.4, -21, 0
4355.5, -21, 0
4355.6, -21, 0
4355.7, -21, 0
4355.8, -21, 0
4355.9, -21, 0
4356, -21, 0
4356.1, -21, 0
4356.2, -21, 0
4356.3, -21, 0
4356.4, -21, 0
4356.5, -21, 0
4356.6, -21, 0
4356.7, -21, 0
4356.8, -21, 0
4356.9, -21, 0
4357, -21, 0
4357.1, -21, 0
4357.2, -21, 0
4357.3, -21, 0
4357.4, -21, 0
4357.5, -21, 0
4357.6, -21, 0
4357.7, -21, 0
4357.8, -21, 0
4357.9, -21, 0
4358, -21, 0
4358.1, -21, 0
4358.2, -21, 0
4358.3, -21, 0
4358.4, -21, 0
4358.5, -22, 0
4358.6, -22, 0
4358.7, -22, 1
4358.8, -22, 1
4358.9, -22, 1
4359, -22, 1
4359.1, -22, 1
4359.2, -22, 1
4359.3, -22, 1
4359.4, -22, 1
4359.5, -22, 1
4359.6, -22, 1
4359.7, -22, 1
4359.8, -22, 1
4359.9, -22, 2
4360, -22, 2
4360.1, -22, 1
4360.2, -22, 1
4360.3, -22, 1
4360.4, -22, 1
4360.5, -22, 1
4360.6, -22, 1
4360.7, -22, 1
4360.8, -22, 1
4360.9, -22, 0
4361, -22, 0
4361.1, -22, 0
4361.2, -22, 0
4361.3, -22, 0
4361.4, -22, 0
4361.5, -22, 0
4361.6, -22, 0
4361.7, -22, 0
4361.8, -22, 0
4361.9, -22, 0
4362, -22, 0
4362.1, -22, 0
4362.2, -22, 0
4362.3, -22, 0
4362.4, -22, 0
4362.5, -22, 0
4362.6, -22, 0
4362.7, -22, 0
4362.8, -22, 0
4362.9, -22, 0
4363, -22, 0
4363.1, -22, 0
4363.2, -22, 0
4363.3, -21, 0
4363.4, -21, 0
4363.5, -21, 0
4363.6, -21, 0
4363.7, -21, 0
4363.8, -21, 0
4363.9, -21, 0
4364, -21, 0
4364.1, -21, 0
4364.2, -21, 0
4364.3, -21, 0
4364.4, -21, 0
4364.5, -21, 0
4364.6, -21, 0
4364.7, -21, 0
4364.8, -21, 0
4364.9, -21, 0
4365, -21, 0
4365.1, -21, 0
4365.2, -21, 0
4365.3, -21, 0
4365.4, -21, 0
4365.5, -21, 0
4365.6, -21, 0
4365.7, -21, 0
4365.8, -21, 0
4365.9, -21, 0
4366, -21, 0
4366.1, -21, 0
4366.2, -21, 0
4366.3, -21, 0
4366.4, -21, 0
4366.5, -21, -1
4366.6, -21, -1
4366.7, -21, -1
4366.8, -21, -1
4366.9, -21, -1
4367, -21, -1
4367.1, -21, -1
4367.2, -21, -1
4367.3, -21, -1
4367.4, -21, -1
4367.5, -22, -1
4367.6, -22, -1
4367.7, -22, -1
4367.8, -22, -1
4367.9, -22, -1
4368, -22, -1
4368.1, -22, -1
4368.2, -22, -1
4368.3, -22, -1
4368.4, -22, -1
4368.5, -22, -1
4368.6, -22, -1
4368.7, -22, -1
4368.8, -22, -1
4368.9, -22, -1
4369, -22, -1
4369.1, -22, -1
4369.2, -22, -1
4369.3, -22, -1
4369.4, -22, -1
4369.5, -22, -1
4369.6, -22, -1
4369.7, -22, -1
4369.8, -22, -1
4369.9, -22, -1
4370, -22, -1
4370.1, -23, -1
4370.2, -23, -1
4370.3, -23, -1
4370.4, -23, -1
4370.5, -23, -1
4370.6, -23, -1
4370.7, -23, -1
4370.8, -23, -1
4370.9, -23, -1
4371, -23, -1
4371.1, -23, -1
4371.2, -23, -1
4371.3, -23, -1
4371.4, -23, -1
4371.5, -23, -1
4371.6, -23, -1
4371.7, -23, -1
4371.8, -23, -1
4371.9, -23, -1
4372, -23, -1
4372.1, -23, -1
4372.2, -23, -1
4372.3, -23, -1
4372.4, -23, -1
4372.5, -23, -1
4372.6, -23, -1
4372.7, -23, -1
4372.8, -23, -1
4372.9, -23, -2
4373, -23, -2
4373.1, -23, -2
4373.2, -23, -2
4373.3, -23, -2
4373.4, -23, -2
4373.5, -23, -2
4373.6, -23, -2
4373.7, -23, -2
4373.8, -23, -2
4373.9, -23, -2
4374, -23, -2
4374.1, -23, -2
4374.2, -23, -2
4374.3, -23, -1
4374.4, -23, -1
4374.5, -23, -1
4374.6, -23, -1
4374.7, -23, -1
4374.8, -23, -1
4374.9, -23, -1
4375, -23, -1
4375.1, -23, -1
4375.2, -23, -1
4375.3, -24, -1
4375.4, -24, -1
4375.5, -24, -1
4375.6, -24, -1
4375.7, -24, -1
4375.8, -24, -1
4375.9, -24, -1
4376, -24, -1
4376.1, -24, -1
4376.2, -24, -1
4376.3, -24, -1
4376.4, -24, -1
4376.5, -24, -1
4376.6, -24, -1
4376.7, -24, -1
4376.8, -24, -1
4376.9, -24, -1
4377, -24, -1
4377.1, -24, -1
4377.2, -24, -1
4377.3, -24, -1
4377.4, -24, -1
4377.5, -24, -1
4377.6, -24, -1
4377.7, -24, -1
4377.8, -24, -1
4377.9, -24, -1
4378, -24, -1
4378.1, -24, -1
4378.2, -24, -1
4378.3, -24, -1
4378.4, -24, -1
4378.5, -24, -1
4378.6, -24, -1
4378.7, -24, -1
4378.8, -24, -1
4378.9, -24, -1
4379, -24, -1
4379.1, -24, -1
4379.2, -24, -1
4379.3, -24, -1
4379.4, -24, -1
4379.5, -24, -1
4379.6, -24, -1
4379.7, -24, -1
4379.8, -24, -1
4379.9, -24, -1
4380, -24, -1
4380.1, -24, -1
4380.2, -24, -1
4380.3, -24, -1
4380.4, -24, -1
4380.5, -24, -2
4380.6, -24, -2
4380.7, -24, -2
4380.8, -24, -2
4380.9, -24, -2
4381, -24, -2
4381.1, -24, -2
4381.2, -24, -2
4381.3, -24, -2
4381.4, -24, -2
4381.5, -24, -2
4381.6, -24, -2
4381.7, -24, -2
4381.8, -24, -2
4381.9, -24, -2
4382, -24, -2
4382.1, -24, -2
4382.2, -24, -2
4382.3, -24, -2
4382.4, -24, -2
4382.5, -24, -2
4382.6, -24, -2
4382.7, -24, -2
4382.8, -24, -2
4382.9, -24, -2
4383, -24, -2
4383.1, -24, -2
4383.2, -24, -2
4383.3, -24, -2
4383.4, -24, -2
4383.5, -24, -3
4383.6, -24, -3
4383.7, -24, -3
4383.8, -24, -3
4383.9, -24, -3
4384, -24, -3
4384.1, -24, -3
4384.2, -24, -3
4384.3, -24, -3
4384.4, -24, -3
4384.5, -24, -4
4384.6, -24, -4
4384.7, -24, -4
4384.8, -24, -4
4384.9, -24, -4
4385, -24, -4
4385.1, -24, -4
4385.2, -24, -4
4385.3, -24, -4
4385.4, -24, -4
4385.5, -24, -4
4385.6, -24, -4
4385.7, -24, -4
4385.8, -24, -4
4385.9, -24, -4
4386, -24, -4
4386.1, -24, -4
4386.2, -24, -4
4386.3, -24, -4
4386.4, -24, -4
4386.5, -24, -4
4386.6, -24, -4
4386.7, -24, -4
4386.8, -24, -4
4386.9, -24, -4
4387, -24, -4
4387.1, -24, -5
4387.2, -24, -5
4387.3, -24, -5
4387.4, -24, -5
4387.5, -24, -5
4387.6, -24, -5
4387.7, -24, -5
4387.8, -24, -5
4387.9, -24, -5
4388, -24, -5
4388.1, -24, -5
4388.2, -24, -5
4388.3, -24, -5
4388.4, -24, -5
4388.5, -24, -5
4388.6, -24, -5
4388.7, -24, -5
4388.8, -24, -5
4388.9, -24, -5
4389, -24, -5
4389.1, -24, -5
4389.2, -24, -5
4389.3, -24, -5
4389.4, -24, -5
4389.5, -24, -5
4389.6, -24, -5
4389.7, -24, -5
4389.8, -24, -5
4389.9, -24, -5
4390, -24, -5
4390.1, -24, -5
4390.2, -24, -5
4390.3, -24, -5
4390.4, -24, -5
4390.5, -24, -5
4390.6, -24, -5
4390.7, -24, -5
4390.8, -24, -5
4390.9, -24, -5
4391, -24, -5
4391.1, -24, -5
4391.2, -24, -5
4391.3, -24, -5
4391.4, -24, -5
4391.5, -24, -5
4391.6, -24, -5
4391.7, -24, -5
4391.8, -24, -5
4391.9, -24, -5
4392, -24, -5
4392.1, -24, -5
4392.2, -24, -5
4392.3, -24, -5
4392.4, -24, -5
4392.5, -24, -5
4392.6, -24, -5
4392.7, -24, -5
4392.8, -24, -5
4392.9, -24, -5
4393, -24, -5
4393.1, -24, -5
4393.2, -24, -5
4393.3, -24, -5
4393.4, -24, -5
4393.5, -24, -5
4393.6, -24, -5
4393.7, -24, -5
4393.8, -24, -5
4393.9, -24, -5
4394, -24, -5
4394.1, -24, -5
4394.2, -24, -5
4394.3, -24, -5
4394.4, -24, -5
4394.5, -24, -5
4394.6, -24, -5
4394.7, -24, -5
4394.8, -24, -5
4394.9, -24, -5
4395, -24, -5
4395.1, -24, -5
4395.2, -24, -5
4395.3, -24, -5
4395.4, -24, -5
4395.5, -24, -5
4395.6, -24, -5
4395.7, -24, -5
4395.8, -24, -5
4395.9, -24, -5
4396, -24, -5
4396.1, -24, -5
4396.2, -24, -5
4396.3, -25, -5
4396.4, -25, -5
4396.5, -25, -5
4396.6, -25, -5
4396.7, -25, -5
4396.8, -25, -5
4396.9, -25, -5
4397, -25, -5
4397.1, -25, -5
4397.2, -25, -5
4397.3, -25, -5
4397.4, -25, -5
4397.5, -25, -5
4397.6, -25, -5
4397.7, -25, -5
4397.8, -25, -5
4397.9, -25, -5
4398, -25, -5
4398.1, -25, -5
4398.2, -25, -5
4398.3, -25, -6
4398.4, -25, -6
4398.5, -25, -6
4398.6, -25, -6
4398.7, -25, -6
4398.8, -25, -6
4398.9, -25, -6
4399, -25, -6
4399.1, -25, -6
4399.2, -25, -6
4399.3, -25, -6
4399.4, -25, -6
4399.5, -25, -6
4399.6, -25, -6
4399.7, -25, -6
4399.8, -25, -6
4399.9, -25, -6
4400, -25, -6
4400.1, -25, -6
4400.2, -25, -6
4400.3, -25, -6
4400.4, -25, -6
4400.5, -25, -6
4400.6, -25, -6
4400.7, -25, -6
4400.8, -25, -6
4400.9, -25, -6
4401, -25, -6
4401.1, -25, -6
4401.2, -25, -6
4401.3, -24, -6
4401.4, -24, -6
4401.5, -24, -6
4401.6, -24, -6
4401.7, -24, -6
4401.8, -24, -6
4401.9, -24, -6
4402, -24, -6
4402.1, -24, -6
4402.2, -24, -6
4402.3, -24, -6
4402.4, -24, -6
4402.5, -24, -6
4402.6, -24, -6
4402.7, -24, -6
4402.8, -24, -6
4402.9, -24, -6
4403, -24, -6
4403.1, -24, -6
4403.2, -24, -6
4403.3, -25, -6
4403.4, -25, -6
4403.5, -25, -6
4403.6, -25, -6
4403.7, -25, -6
4403.8, -25, -6
4403.9, -25, -6
4404, -25, -6
4404.1, -25, -6
4404.2, -25, -6
4404.3, -25, -6
4404.4, -25, -6
4404.5, -25, -6
4404.6, -25, -6
4404.7, -25, -6
4404.8, -25, -6
4404.9, -25, -6
4405, -25, -6
4405.1, -25, -6
4405.2, -25, -6
4405.3, -25, -6
4405.4, -25, -6
4405.5, -25, -6
4405.6, -25, -6
4405.7, -25, -6
4405.8, -25, -6
4405.9, -25, -6
4406, -25, -6
4406.1, -25, -6
4406.2, -25, -6
4406.3, -25, -6
4406.4, -25, -6
4406.5, -25, -6
4406.6, -25, -6
4406.7, -25, -6
4406.8, -25, -6
4406.9, -25, -6
4407, -25, -6
4407.1, -25, -6
4407.2, -25, -6
4407.3, -25, -6
4407.4, -25, -6
4407.5, -26, -6
4407.6, -26, -6
4407.7, -26, -5
4407.8, -26, -5
4407.9, -26, -5
4408, -26, -5
4408.1, -26, -5
4408.2, -26, -5
4408.3, -26, -5
4408.4, -26, -5
4408.5, -26, -5
4408.6, -26, -5
4408.7, -26, -5
4408.8, -26, -5
4408.9, -26, -5
4409, -26, -5
4409.1, -26, -5
4409.2, -26, -5
4409.3, -26, -5
4409.4, -26, -5
4409.5, -26, -5
4409.6, -26, -5
4409.7, -26, -5
4409.8, -26, -5
4409.9, -26, -5
4410, -26, -5
4410.1, -26, -5
4410.2, -26, -5
4410.3, -26, -5
4410.4, -26, -5
4410.5, -26, -5
4410.6, -26, -5
4410.7, -26, -5
4410.8, -26, -5
4410.9, -26, -5
4411, -26, -5
4411.1, -26, -5
4411.2, -26, -5
4411.3, -26, -5
4411.4, -26, -5
4411.5, -26, -5
4411.6, -26, -5
4411.7, -26, -5
4411.8, -26, -5
4411.9, -26, -5
4412, -26, -5
4412.1, -26, -5
4412.2, -26, -5
4412.3, -26, -5
4412.4, -26, -5
4412.5, -25, -5
4412.6, -25, -5
4412.7, -25, -5
4412.8, -25, -5
4412.9, -25, -5
4413, -25, -5
4413.1, -25, -5
4413.2, -25, -5
4413.3, -25, -5
4413.4, -25, -5
4413.5, -25, -5
4413.6, -25, -5
4413.7, -25, -5
4413.8, -25, -5
4413.9, -25, -5
4414, -25, -5
4414.1, -25, -5
4414.2, -25, -5
4414.3, -24, -5
4414.4, -24, -5
4414.5, -24, -5
4414.6, -24, -5
4414.7, -24, -5
4414.8, -24, -5
4414.9, -24, -5
4415, -24, -5
4415.1, -24, -5
4415.2, -24, -5
4415.3, -24, -5
4415.4, -24, -5
4415.5, -24, -5
4415.6, -24, -5
4415.7, -24, -5
4415.8, -24, -5
4415.9, -23, -5
4416, -23, -5
4416.1, -23, -5
4416.2, -23, -5
4416.3, -23, -5
4416.4, -23, -5
4416.5, -23, -5
4416.6, -23, -5
4416.7, -23, -5
4416.8, -23, -5
4416.9, -23, -5
4417, -23, -5
4417.1, -23, -5
4417.2, -23, -5
4417.3, -23, -5
4417.4, -23, -5
4417.5, -23, -5
4417.6, -23, -5
4417.7, -23, -5
4417.8, -23, -5
4417.9, -23, -5
4418, -23, -5
4418.1, -23, -5
4418.2, -23, -5
4418.3, -23, -5
4418.4, -23, -5
4418.5, -23, -5
4418.6, -23, -5
4418.7, -23, -5
4418.8, -23, -5
4418.9, -23, -5
4419, -23, -5
4419.1, -23, -5
4419.2, -23, -5
4419.3, -23, -5
4419.4, -23, -5
4419.5, -23, -5
4419.6, -23, -5
4419.7, -23, -5
4419.8, -23, -5
4419.9, -23, -5
4420, -23, -5
4420.1, -23, -5
4420.2, -23, -5
4420.3, -23, -5
4420.4, -23, -5
4420.5, -23, -5
4420.6, -23, -5
4420.7, -23, -4
4420.8, -23, -4
4420.9, -23, -5
4421, -23, -5
4421.1, -23, -5
4421.2, -23, -5
4421.3, -23, -5
4421.4, -23, -5
4421.5, -23, -5
4421.6, -23, -5
4421.7, -23, -5
4421.8, -23, -5
4421.9, -23, -5
4422, -23, -5
4422.1, -23, -5
4422.2, -23, -5
4422.3, -23, -5
4422.4, -23, -5
4422.5, -23, -5
4422.6, -23, -5
4422.7, -23, -5
4422.8, -23, -5
4422.9, -23, -5
4423, -23, -5
4423.1, -23, -5
4423.2, -23, -5
4423.3, -23, -5
4423.4, -23, -5
4423.5, -23, -5
4423.6, -23, -5
4423.7, -23, -5
4423.8, -23, -5
4423.9, -23, -5
4424, -23, -5
4424.1, -23, -5
4424.2, -23, -5
4424.3, -23, -5
4424.4, -23, -5
4424.5, -23, -5
4424.6, -23, -5
4424.7, -23, -5
4424.8, -23, -5
4424.9, -23, -5
4425, -23, -5
4425.1, -23, -5
4425.2, -23, -5
4425.3, -23, -5
4425.4, -23, -5
4425.5, -23, -5
4425.6, -23, -5
4425.7, -23, -5
4425.8, -23, -5
4425.9, -23, -4
4426, -23, -4
4426.1, -23, -4
4426.2, -23, -4
4426.3, -23, -4
4426.4, -23, -4
4426.5, -23, -4
4426.6, -23, -4
4426.7, -24, -4
4426.8, -24, -4
4426.9, -24, -4
4427, -24, -4
4427.1, -24, -4
4427.2, -24, -4
4427.3, -24, -3
4427.4, -24, -3
4427.5, -23, -3
4427.6, -23, -3
4427.7, -23, -3
4427.8, -23, -3
4427.9, -23, -3
4428, -23, -3
4428.1, -23, -3
4428.2, -23, -3
4428.3, -23, -3
4428.4, -23, -3
4428.5, -23, -3
4428.6, -23, -3
4428.7, -23, -3
4428.8, -23, -3
4428.9, -23, -3
4429, -23, -3
4429.1, -23, -3
4429.2, -23, -3
4429.3, -23, -3
4429.4, -23, -3
4429.5, -23, -3
4429.6, -23, -3
4429.7, -23, -3
4429.8, -23, -3
4429.9, -23, -3
4430, -23, -3
4430.1, -23, -3
4430.2, -23, -3
4430.3, -23, -3
4430.4, -23, -3
4430.5, -23, -3
4430.6, -23, -3
4430.7, -23, -3
4430.8, -23, -3
4430.9, -23, -3
4431, -23, -3
4431.1, -23, -3
4431.2, -23, -3
4431.3, -23, -3
4431.4, -23, -3
4431.5, -23, -3
4431.6, -23, -3
4431.7, -23, -3
4431.8, -23, -3
4431.9, -23, -3
4432, -23, -3
4432.1, -23, -3
4432.2, -23, -3
4432.3, -23, -3
4432.4, -23, -3
4432.5, -23, -3
4432.6, -23, -3
4432.7, -23, -3
4432.8, -23, -3
4432.9, -24, -3
4433, -24, -3
4433.1, -24, -3
4433.2, -24, -3
4433.3, -24, -3
4433.4, -24, -3
4433.5, -24, -3
4433.6, -24, -3
4433.7, -24, -3
4433.8, -24, -3
4433.9, -24, -3
4434, -24, -3
4434.1, -24, -3
4434.2, -24, -3
4434.3, -24, -3
4434.4, -24, -3
4434.5, -24, -3
4434.6, -24, -3
4434.7, -24, -3
4434.8, -24, -3
4434.9, -24, -3
4435, -24, -3
4435.1, -24, -3
4435.2, -24, -3
4435.3, -24, -3
4435.4, -24, -3
4435.5, -24, -3
4435.6, -24, -3
4435.7, -24, -3
4435.8, -24, -3
4435.9, -24, -3
4436, -24, -3
4436.1, -24, -3
4436.2, -24, -3
4436.3, -24, -3
4436.4, -24, -3
4436.5, -23, -3
4436.6, -23, -3
4436.7, -23, -3
4436.8, -23, -3
4436.9, -23, -3
4437, -23, -3
4437.1, -23, -3
4437.2, -23, -3
4437.3, -22, -3
4437.4, -22, -3
4437.5, -22, -3
4437.6, -22, -3
4437.7, -22, -3
4437.8, -22, -3
4437.9, -22, -3
4438, -22, -3
4438.1, -21, -3
4438.2, -21, -3
4438.3, -21, -3
4438.4, -21, -3
4438.5, -21, -3
4438.6, -21, -3
4438.7, -22, -3
4438.8, -22, -3
4438.9, -22, -3
4439, -22, -3
4439.1, -22, -3
4439.2, -22, -3
4439.3, -22, -3
4439.4, -22, -3
4439.5, -23, -3
4439.6, -23, -3
4439.7, -23, -3
4439.8, -23, -3
4439.9, -23, -3
4440, -23, -3
4440.1, -23, -3
4440.2, -23, -3
4440.3, -23, -3
4440.4, -23, -3
4440.5, -23, -3
4440.6, -23, -3
4440.7, -23, -3
4440.8, -23, -3
4440.9, -23, -3
4441, -23, -3
4441.1, -23, -3
4441.2, -23, -3
4441.3, -23, -3
4441.4, -23, -3
4441.5, -23, -3
4441.6, -23, -3
4441.7, -23, -3
4441.8, -23, -3
4441.9, -23, -3
4442, -23, -3
4442.1, -23, -3
4442.2, -23, -3
4442.3, -23, -3
4442.4, -23, -3
4442.5, -23, -3
4442.6, -23, -3
4442.7, -23, -3
4442.8, -23, -3
4442.9, -23, -3
4443, -23, -3
4443.1, -23, -3
4443.2, -23, -3
4443.3, -23, -3
4443.4, -23, -3
4443.5, -23, -3
4443.6, -23, -3
4443.7, -23, -3
4443.8, -23, -3
4443.9, -23, -3
4444, -23, -3
4444.1, -23, -3
4444.2, -23, -3
4444.3, -23, -3
4444.4, -23, -3
4444.5, -23, -3
4444.6, -23, -3
4444.7, -23, -3
4444.8, -23, -3
4444.9, -23, -3
4445, -23, -3
4445.1, -23, -3
4445.2, -23, -3
4445.3, -23, -4
4445.4, -23, -4
4445.5, -23, -4
4445.6, -23, -4
4445.7, -23, -4
4445.8, -23, -4
4445.9, -23, -4
4446, -23, -4
4446.1, -23, -4
4446.2, -23, -4
4446.3, -23, -4
4446.4, -23, -4
4446.5, -23, -4
4446.6, -23, -4
4446.7, -23, -4
4446.8, -23, -4
4446.9, -23, -4
4447, -23, -4
4447.1, -23, -4
4447.2, -23, -4
4447.3, -23, -4
4447.4, -23, -4
4447.5, -24, -4
4447.6, -24, -4
4447.7, -24, -4
4447.8, -24, -4
4447.9, -24, -4
4448, -24, -4
4448.1, -24, -4
4448.2, -24, -4
4448.3, -24, -4
4448.4, -24, -4
4448.5, -24, -4
4448.6, -24, -4
4448.7, -24, -4
4448.8, -24, -4
4448.9, -24, -4
4449, -24, -4
4449.1, -24, -4
4449.2, -24, -4
4449.3, -24, -4
4449.4, -24, -4
4449.5, -24, -4
4449.6, -24, -4
4449.7, -24, -4
4449.8, -24, -4
4449.9, -24, -4
4450, -24, -4
4450.1, -24, -4
4450.2, -24, -4
4450.3, -24, -4
4450.4, -24, -4
4450.5, -24, -4
4450.6, -24, -4
4450.7, -24, -4
4450.8, -24, -4
4450.9, -24, -4
4451, -24, -4
4451.1, -24, -4
4451.2, -24, -4
4451.3, -24, -4
4451.4, -24, -4
4451.5, -24, -4
4451.6, -24, -4
4451.7, -24, -4
4451.8, -24, -4
4451.9, -24, -4
4452, -24, -4
4452.1, -24, -4
4452.2, -24, -4
4452.3, -24, -4
4452.4, -24, -4
4452.5, -24, -4
4452.6, -24, -4
4452.7, -24, -4
4452.8, -24, -4
4452.9, -24, -4
4453, -24, -4
4453.1, -24, -4
4453.2, -24, -4
4453.3, -24, -4
4453.4, -24, -4
4453.5, -24, -4
4453.6, -24, -4
4453.7, -24, -4
4453.8, -24, -4
4453.9, -25, -4
4454, -25, -4
4454.1, -25, -4
4454.2, -25, -4
4454.3, -24, -4
4454.4, -24, -4
4454.5, -24, -4
4454.6, -24, -4
4454.7, -23, -4
4454.8, -23, -4
4454.9, -23, -4
4455, -23, -4
4455.1, -23, -4
4455.2, -23, -4
4455.3, -23, -5
4455.4, -23, -5
4455.5, -23, -5
4455.6, -23, -5
4455.7, -23, -5
4455.8, -23, -5
4455.9, -23, -5
4456, -23, -5
4456.1, -23, -5
4456.2, -23, -5
4456.3, -23, -5
4456.4, -23, -5
4456.5, -23, -5
4456.6, -23, -5
4456.7, -23, -5
4456.8, -23, -5
4456.9, -23, -5
4457, -23, -5
4457.1, -23, -5
4457.2, -23, -5
4457.3, -23, -5
4457.4, -23, -5
4457.5, -24, -5
4457.6, -24, -5
4457.7, -24, -5
4457.8, -24, -5
4457.9, -24, -5
4458, -24, -5
4458.1, -24, -5
4458.2, -24, -5
4458.3, -24, -5
4458.4, -24, -5
4458.5, -24, -5
4458.6, -24, -5
4458.7, -24, -5
4458.8, -24, -5
4458.9, -24, -5
4459, -24, -5
4459.1, -24, -5
4459.2, -24, -5
4459.3, -24, -5
4459.4, -24, -5
4459.5, -24, -5
4459.6, -24, -5
4459.7, -24, -5
4459.8, -24, -5
4459.9, -24, -5
4460, -24, -5
4460.1, -24, -5
4460.2, -24, -5
4460.3, -24, -5
4460.4, -24, -5
4460.5, -24, -5
4460.6, -24, -5
4460.7, -24, -6
4460.8, -24, -6
4460.9, -24, -7
4461, -24, -7
4461.1, -24, -7
4461.2, -24, -7
4461.3, -24, -7
4461.4, -24, -7
4461.5, -24, -7
4461.6, -24, -7
4461.7, -24, -7
4461.8, -24, -7
4461.9, -24, -7
4462, -24, -7
4462.1, -24, -7
4462.2, -24, -7
4462.3, -24, -7
4462.4, -24, -7
4462.5, -24, -7
4462.6, -24, -7
4462.7, -24, -7
4462.8, -24, -7
4462.9, -24, -7
4463, -24, -7
4463.1, -24, -6
4463.2, -24, -6
4463.3, -24, -6
4463.4, -24, -6
4463.5, -24, -6
4463.6, -24, -6
4463.7, -24, -6
4463.8, -24, -6
4463.9, -24, -6
4464, -24, -6
4464.1, -24, -6
4464.2, -24, -6
4464.3, -24, -6
4464.4, -24, -6
4464.5, -24, -6
4464.6, -24, -6
4464.7, -24, -6
4464.8, -24, -6
4464.9, -25, -6
4465, -25, -6
4465.1, -25, -6
4465.2, -25, -6
4465.3, -25, -6
4465.4, -25, -6
4465.5, -25, -6
4465.6, -25, -6
4465.7, -25, -6
4465.8, -25, -6
4465.9, -25, -6
4466, -25, -6
4466.1, -25, -6
4466.2, -25, -6
4466.3, -25, -6
4466.4, -25, -6
4466.5, -25, -6
4466.6, -25, -6
4466.7, -26, -6
4466.8, -26, -6
4466.9, -26, -6
4467, -26, -6
4467.1, -26, -6
4467.2, -26, -6
4467.3, -26, -6
4467.4, -26, -6
4467.5, -26, -6
4467.6, -26, -6
4467.7, -25, -6
4467.8, -25, -6
4467.9, -25, -5
4468, -25, -5
4468.1, -25, -5
4468.2, -25, -5
4468.3, -25, -5
4468.4, -25, -5
4468.5, -25, -5
4468.6, -25, -5
4468.7, -26, -5
4468.8, -26, -5
4468.9, -26, -5
4469, -26, -5
4469.1, -26, -5
4469.2, -26, -5
4469.3, -26, -5
4469.4, -26, -5
4469.5, -26, -5
4469.6, -26, -5
4469.7, -26, -5
4469.8, -26, -5
4469.9, -26, -5
4470, -26, -5
4470.1, -26, -5
4470.2, -26, -5
4470.3, -26, -5
4470.4, -26, -5
4470.5, -26, -5
4470.6, -26, -5
4470.7, -26, -5
4470.8, -26, -5
4470.9, -26, -5
4471, -26, -5
4471.1, -26, -5
4471.2, -26, -5
4471.3, -26, -5
4471.4, -26, -5
4471.5, -26, -5
4471.6, -26, -5
4471.7, -26, -5
4471.8, -26, -5
4471.9, -26, -5
4472, -26, -5
4472.1, -26, -5
4472.2, -26, -5
4472.3, -26, -5
4472.4, -26, -5
4472.5, -27, -5
4472.6, -27, -5
4472.7, -27, -5
4472.8, -27, -5
4472.9, -27, -5
4473, -27, -5
4473.1, -27, -5
4473.2, -27, -5
4473.3, -27, -5
4473.4, -27, -5
4473.5, -27, -5
4473.6, -27, -5
4473.7, -27, -5
4473.8, -27, -5
4473.9, -27, -5
4474, -27, -5
4474.1, -27, -5
4474.2, -27, -5
4474.3, -27, -5
4474.4, -27, -5
4474.5, -27, -5
4474.6, -27, -5
4474.7, -26, -5
4474.8, -26, -5
4474.9, -26, -6
4475, -26, -6
4475.1, -26, -6
4475.2, -26, -6
4475.3, -26, -6
4475.4, -26, -6
4475.5, -26, -6
4475.6, -26, -6
4475.7, -26, -5
4475.8, -26, -5
4475.9, -26, -5
4476, -26, -5
4476.1, -26, -5
4476.2, -26, -5
4476.3, -26, -5
4476.4, -26, -5
4476.5, -26, -5
4476.6, -26, -5
4476.7, -26, -5
4476.8, -26, -5
4476.9, -26, -5
4477, -26, -5
4477.1, -26, -5
4477.2, -26, -5
4477.3, -26, -5
4477.4, -26, -5
4477.5, -26, -5
4477.6, -26, -5
4477.7, -26, -5
4477.8, -26, -5
4477.9, -26, -5
4478, -26, -5
4478.1, -26, -5
4478.2, -26, -5
4478.3, -26, -5
4478.4, -26, -5
4478.5, -26, -5
4478.6, -26, -5
4478.7, -26, -5
4478.8, -26, -5
4478.9, -26, -5
4479, -26, -5
4479.1, -26, -5
4479.2, -26, -5
4479.3, -26, -6
4479.4, -26, -6
4479.5, -26, -6
4479.6, -26, -6
4479.7, -26, -6
4479.8, -26, -6
4479.9, -26, -6
4480, -26, -6
4480.1, -26, -6
4480.2, -26, -6
4480.3, -26, -6
4480.4, -26, -6
4480.5, -26, -6
4480.6, -26, -6
4480.7, -26, -6
4480.8, -26, -6
4480.9, -26, -6
4481, -26, -6
4481.1, -26, -6
4481.2, -26, -6
4481.3, -26, -6
4481.4, -26, -6
4481.5, -26, -6
4481.6, -26, -6
4481.7, -26, -6
4481.8, -26, -6
4481.9, -26, -6
4482, -26, -6
4482.1, -25, -6
4482.2, -25, -6
4482.3, -25, -6
4482.4, -25, -6
4482.5, -25, -6
4482.6, -25, -6
4482.7, -25, -6
4482.8, -25, -6
4482.9, -26, -6
4483, -26, -6
4483.1, -26, -5
4483.2, -26, -5
4483.3, -26, -5
4483.4, -26, -5
4483.5, -26, -5
4483.6, -26, -5
4483.7, -26, -5
4483.8, -26, -5
4483.9, -26, -5
4484, -26, -5
4484.1, -25, -5
4484.2, -25, -5
4484.3, -25, -5
4484.4, -25, -5
4484.5, -25, -5
4484.6, -25, -5
4484.7, -25, -5
4484.8, -25, -5
4484.9, -25, -5
4485, -25, -5
4485.1, -25, -5
4485.2, -25, -5
4485.3, -25, -5
4485.4, -25, -5
4485.5, -25, -5
4485.6, -25, -5
4485.7, -26, -5
4485.8, -26, -5
4485.9, -26, -5
4486, -26, -5
4486.1, -26, -5
4486.2, -26, -5
4486.3, -26, -5
4486.4, -26, -5
4486.5, -26, -5
4486.6, -26, -5
4486.7, -26, -5
4486.8, -26, -5
4486.9, -26, -5
4487, -26, -5
4487.1, -26, -5
4487.2, -26, -5
4487.3, -26, -5
4487.4, -26, -5
4487.5, -26, -5
4487.6, -26, -5
4487.7, -26, -5
4487.8, -26, -5
4487.9, -26, -5
4488, -26, -5
4488.1, -26, -5
4488.2, -26, -5
4488.3, -25, -5
4488.4, -25, -5
4488.5, -25, -5
4488.6, -25, -5
4488.7, -25, -5
4488.8, -25, -5
4488.9, -25, -5
4489, -25, -5
4489.1, -25, -5
4489.2, -25, -5
4489.3, -25, -5
4489.4, -25, -5
4489.5, -25, -5
4489.6, -25, -5
4489.7, -25, -5
4489.8, -25, -5
4489.9, -25, -5
4490, -25, -5
4490.1, -24, -5
4490.2, -24, -5
4490.3, -24, -5
4490.4, -24, -5
4490.5, -24, -5
4490.6, -24, -5
4490.7, -24, -4
4490.8, -24, -4
4490.9, -24, -4
4491, -24, -4
4491.1, -24, -4
4491.2, -24, -4
4491.3, -24, -4
4491.4, -24, -4
4491.5, -24, -4
4491.6, -24, -4
4491.7, -24, -4
4491.8, -24, -4
4491.9, -24, -4
4492, -24, -4
4492.1, -24, -4
4492.2, -24, -4
4492.3, -24, -4
4492.4, -24, -4
4492.5, -24, -4
4492.6, -24, -4
4492.7, -24, -4
4492.8, -24, -4
4492.9, -24, -4
4493, -24, -4
4493.1, -25, -4
4493.2, -25, -4
4493.3, -25, -4
4493.4, -25, -4
4493.5, -25, -4
4493.6, -25, -4
4493.7, -25, -4
4493.8, -25, -4
4493.9, -25, -4
4494, -25, -4
4494.1, -25, -4
4494.2, -25, -4
4494.3, -25, -4
4494.4, -25, -4
4494.5, -25, -4
4494.6, -25, -4
4494.7, -25, -4
4494.8, -25, -4
4494.9, -25, -4
4495, -25, -4
4495.1, -25, -4
4495.2, -25, -4
4495.3, -25, -3
4495.4, -25, -3
4495.5, -25, -3
4495.6, -25, -3
4495.7, -25, -3
4495.8, -25, -3
4495.9, -25, -3
4496, -25, -3
4496.1, -25, -3
4496.2, -25, -3
4496.3, -25, -3
4496.4, -25, -3
4496.5, -25, -3
4496.6, -25, -3
4496.7, -25, -3
4496.8, -25, -3
4496.9, -25, -3
4497, -25, -3
4497.1, -25, -3
4497.2, -25, -3
4497.3, -25, -3
4497.4, -25, -3
4497.5, -25, -3
4497.6, -25, -3
4497.7, -25, -3
4497.8, -25, -3
4497.9, -25, -3
4498, -25, -3
4498.1, -25, -4
4498.2, -25, -4
4498.3, -25, -4
4498.4, -25, -4
4498.5, -25, -4
4498.6, -25, -4
4498.7, -25, -4
4498.8, -25, -4
4498.9, -25, -4
4499, -25, -4
4499.1, -25, -4
4499.2, -25, -4
4499.3, -25, -4
4499.4, -25, -4
4499.5, -25, -4
4499.6, -25, -4
4499.7, -25, -4
4499.8, -25, -4
4499.9, -25, -4
4500, -25, -4
4500.1, -24, -4
4500.2, -24, -4
4500.3, -25, -4
4500.4, -25, -4
4500.5, -25, -4
4500.6, -25, -4
4500.7, -25, -4
4500.8, -25, -4
4500.9, -25, -4
4501, -25, -4
4501.1, -25, -4
4501.2, -25, -4
4501.3, -25, -4
4501.4, -25, -4
4501.5, -25, -4
4501.6, -25, -4
4501.7, -25, -4
4501.8, -25, -4
4501.9, -25, -4
4502, -25, -4
4502.1, -25, -4
4502.2, -25, -4
4502.3, -25, -4
4502.4, -25, -4
4502.5, -25, -3
4502.6, -25, -3
4502.7, -25, -3
4502.8, -25, -3
4502.9, -25, -3
4503, -25, -3
4503.1, -25, -3
4503.2, -25, -3
4503.3, -25, -4
4503.4, -25, -4
4503.5, -25, -4
4503.6, -25, -4
4503.7, -25, -4
4503.8, -25, -4
4503.9, -25, -4
4504, -25, -4
4504.1, -25, -4
4504.2, -25, -4
4504.3, -25, -4
4504.4, -25, -4
4504.5, -25, -4
4504.6, -25, -4
4504.7, -25, -4
4504.8, -25, -4
4504.9, -25, -4
4505, -25, -4
4505.1, -25, -4
4505.2, -25, -4
4505.3, -25, -4
4505.4, -25, -4
4505.5, -25, -4
4505.6, -25, -4
4505.7, -25, -4
4505.8, -25, -4
4505.9, -25, -4
4506, -25, -4
4506.1, -25, -4
4506.2, -25, -4
4506.3, -25, -4
4506.4, -25, -4
4506.5, -25, -3
4506.6, -25, -3
4506.7, -25, -3
4506.8, -25, -3
4506.9, -25, -2
4507, -25, -2
4507.1, -25, -2
4507.2, -25, -2
4507.3, -25, -2
4507.4, -25, -2
4507.5, -25, -2
4507.6, -25, -2
4507.7, -25, -2
4507.8, -25, -2
4507.9, -25, -2
4508, -25, -2
4508.1, -25, -2
4508.2, -25, -2
4508.3, -25, -2
4508.4, -25, -2
4508.5, -24, -2
4508.6, -24, -2
4508.7, -24, -2
4508.8, -24, -2
4508.9, -24, -2
4509, -24, -2
4509.1, -24, -2
4509.2, -24, -2
4509.3, -24, -2
4509.4, -24, -2
4509.5, -24, -2
4509.6, -24, -2
4509.7, -24, -2
4509.8, -24, -2
4509.9, -24, -2
4510, -24, -2
4510.1, -24, -2
4510.2, -24, -2
4510.3, -24, -2
4510.4, -24, -2
4510.5, -24, -2
4510.6, -24, -2
4510.7, -24, -2
4510.8, -24, -2
4510.9, -24, -2
4511, -24, -2
4511.1, -24, -2
4511.2, -24, -2
4511.3, -24, -2
4511.4, -24, -2
4511.5, -24, -2
4511.6, -24, -2
4511.7, -24, -2
4511.8, -24, -2
4511.9, -24, -2
4512, -24, -2
4512.1, -24, -2
4512.2, -24, -2
4512.3, -24, -2
4512.4, -24, -2
4512.5, -24, -2
4512.6, -24, -2
4512.7, -24, -2
4512.8, -24, -2
4512.9, -24, -3
4513, -24, -3
4513.1, -24, -3
4513.2, -24, -3
4513.3, -24, -3
4513.4, -24, -3
4513.5, -24, -3
4513.6, -24, -3
4513.7, -24, -3
4513.8, -24, -3
4513.9, -24, -3
4514, -24, -3
4514.1, -24, -3
4514.2, -24, -3
4514.3, -24, -3
4514.4, -24, -3
4514.5, -24, -3
4514.6, -24, -3
4514.7, -24, -3
4514.8, -24, -3
4514.9, -24, -4
4515, -24, -4
4515.1, -24, -4
4515.2, -24, -4
4515.3, -24, -4
4515.4, -24, -4
4515.5, -24, -4
4515.6, -24, -4
4515.7, -24, -4
4515.8, -24, -4
4515.9, -24, -4
4516, -24, -4
4516.1, -24, -4
4516.2, -24, -4
4516.3, -24, -4
4516.4, -24, -4
4516.5, -24, -4
4516.6, -24, -4
4516.7, -24, -4
4516.8, -24, -4
4516.9, -24, -4
4517, -24, -4
4517.1, -24, -4
4517.2, -24, -4
4517.3, -24, -5
4517.4, -24, -5
4517.5, -24, -5
4517.6, -24, -5
4517.7, -24, -5
4517.8, -24, -5
4517.9, -24, -5
4518, -24, -5
4518.1, -24, -5
4518.2, -24, -5
4518.3, -24, -5
4518.4, -24, -5
4518.5, -23, -5
4518.6, -23, -5
4518.7, -23, -5
4518.8, -23, -5
4518.9, -23, -5
4519, -23, -5
4519.1, -22, -5
4519.2, -22, -5
4519.3, -22, -5
4519.4, -22, -5
4519.5, -22, -5
4519.6, -22, -5
4519.7, -22, -5
4519.8, -22, -5
4519.9, -22, -5
4520, -22, -5
4520.1, -22, -5
4520.2, -22, -5
4520.3, -22, -5
4520.4, -22, -5
4520.5, -22, -5
4520.6, -22, -5
4520.7, -22, -5
4520.8, -22, -5
4520.9, -22, -5
4521, -22, -5
4521.1, -22, -5
4521.2, -22, -5
4521.3, -22, -5
4521.4, -22, -5
4521.5, -22, -5
4521.6, -22, -5
4521.7, -22, -5
4521.8, -22, -5
4521.9, -22, -5
4522, -22, -5
4522.1, -22, -5
4522.2, -22, -5
4522.3, -22, -5
4522.4, -22, -5
4522.5, -22, -5
4522.6, -22, -5
4522.7, -22, -5
4522.8, -22, -5
4522.9, -22, -5
4523, -22, -5
4523.1, -22, -5
4523.2, -22, -5
4523.3, -22, -5
4523.4, -22, -5
4523.5, -22, -5
4523.6, -22, -5
4523.7, -22, -5
4523.8, -22, -5
4523.9, -22, -5
4524, -22, -5
4524.1, -22, -5
4524.2, -22, -5
4524.3, -22, -5
4524.4, -22, -5
4524.5, -22, -5
4524.6, -22, -5
4524.7, -22, -5
4524.8, -22, -5
4524.9, -22, -5
4525, -22, -5
4525.1, -22, -5
4525.2, -22, -5
4525.3, -22, -5
4525.4, -22, -5
4525.5, -22, -5
4525.6, -22, -5
4525.7, -22, -5
4525.8, -22, -5
4525.9, -22, -5
4526, -22, -5
4526.1, -22, -5
4526.2, -22, -5
4526.3, -22, -5
4526.4, -22, -5
4526.5, -22, -5
4526.6, -22, -5
4526.7, -22, -5
4526.8, -22, -5
4526.9, -22, -5
4527, -22, -5
4527.1, -22, -5
4527.2, -22, -5
4527.3, -22, -5
4527.4, -22, -5
4527.5, -22, -5
4527.6, -22, -5
4527.7, -22, -5
4527.8, -22, -5
4527.9, -22, -5
4528, -22, -5
4528.1, -22, -5
4528.2, -22, -5
4528.3, -22, -5
4528.4, -22, -5
4528.5, -22, -6
4528.6, -22, -6
4528.7, -21, -6
4528.8, -21, -6
4528.9, -21, -6
4529, -21, -6
4529.1, -21, -5
4529.2, -21, -5
4529.3, -22, -5
4529.4, -22, -5
4529.5, -22, -5
4529.6, -22, -5
4529.7, -22, -5
4529.8, -22, -5
4529.9, -22, -5
4530, -22, -5
4530.1, -22, -5
4530.2, -22, -5
4530.3, -22, -5
4530.4, -22, -5
4530.5, -22, -5
4530.6, -22, -5
4530.7, -22, -5
4530.8, -22, -5
4530.9, -22, -5
4531, -22, -5
4531.1, -22, -5
4531.2, -22, -5
4531.3, -22, -5
4531.4, -22, -5
4531.5, -22, -5
4531.6, -22, -5
4531.7, -21, -5
4531.8, -21, -5
4531.9, -21, -5
4532, -21, -5
4532.1, -21, -5
4532.2, -21, -5
4532.3, -21, -5
4532.4, -21, -5
4532.5, -21, -5
4532.6, -21, -5
4532.7, -21, -5
4532.8, -21, -5
4532.9, -21, -5
4533, -21, -5
4533.1, -21, -5
4533.2, -21, -5
4533.3, -21, -5
4533.4, -21, -5
4533.5, -21, -5
4533.6, -21, -5
4533.7, -21, -5
4533.8, -21, -5
4533.9, -21, -5
4534, -21, -5
4534.1, -21, -5
4534.2, -21, -5
4534.3, -21, -5
4534.4, -21, -5
4534.5, -21, -5
4534.6, -21, -5
4534.7, -21, -5
4534.8, -21, -5
4534.9, -21, -5
4535, -21, -5
4535.1, -21, -5
4535.2, -21, -5
4535.3, -21, -5
4535.4, -21, -5
4535.5, -21, -5
4535.6, -21, -5
4535.7, -21, -5
4535.8, -21, -5
4535.9, -21, -5
4536, -21, -5
4536.1, -21, -5
4536.2, -21, -5
4536.3, -21, -5
4536.4, -21, -5
4536.5, -21, -5
4536.6, -21, -5
4536.7, -21, -5
4536.8, -21, -5
4536.9, -21, -5
4537, -21, -5
4537.1, -21, -5
4537.2, -21, -5
4537.3, -21, -5
4537.4, -21, -5
4537.5, -20, -5
4537.6, -20, -5
4537.7, -20, -5
4537.8, -20, -5
4537.9, -20, -5
4538, -20, -5
4538.1, -20, -5
4538.2, -20, -5
4538.3, -20, -5
4538.4, -20, -5
4538.5, -20, -5
4538.6, -20, -5
4538.7, -20, -5
4538.8, -20, -5
4538.9, -20, -5
4539, -20, -5
4539.1, -20, -5
4539.2, -20, -5
4539.3, -20, -5
4539.4, -20, -5
4539.5, -20, -5
4539.6, -20, -5
4539.7, -20, -5
4539.8, -20, -5
4539.9, -20, -5
4540, -20, -5
4540.1, -20, -5
4540.2, -20, -5
4540.3, -20, -5
4540.4, -20, -5
4540.5, -20, -5
4540.6, -20, -5
4540.7, -20, -5
4540.8, -20, -5
4540.9, -20, -5
4541, -20, -5
4541.1, -20, -5
4541.2, -20, -5
4541.3, -20, -5
4541.4, -20, -5
4541.5, -20, -5
4541.6, -20, -5
4541.7, -20, -6
4541.8, -20, -6
4541.9, -20, -6
4542, -20, -6
4542.1, -21, -6
4542.2, -21, -6
4542.3, -21, -6
4542.4, -21, -6
4542.5, -21, -6
4542.6, -21, -6
4542.7, -21, -6
4542.8, -21, -6
4542.9, -21, -6
4543, -21, -6
4543.1, -21, -5
4543.2, -21, -5
4543.3, -21, -5
4543.4, -21, -5
4543.5, -21, -5
4543.6, -21, -5
4543.7, -21, -5
4543.8, -21, -5
4543.9, -21, -5
4544, -21, -5
4544.1, -21, -4
4544.2, -21, -4
4544.3, -21, -4
4544.4, -21, -4
4544.5, -21, -4
4544.6, -21, -4
4544.7, -21, -4
4544.8, -21, -4
4544.9, -21, -4
4545, -21, -4
4545.1, -21, -4
4545.2, -21, -4
4545.3, -20, -4
4545.4, -20, -4
4545.5, -20, -4
4545.6, -20, -4
4545.7, -20, -4
4545.8, -20, -4
4545.9, -20, -4
4546, -20, -4
4546.1, -20, -4
4546.2, -20, -4
4546.3, -20, -4
4546.4, -20, -4
4546.5, -20, -4
4546.6, -20, -4
4546.7, -20, -4
4546.8, -20, -4
4546.9, -20, -4
4547, -20, -4
4547.1, -20, -4
4547.2, -20, -4
4547.3, -20, -4
4547.4, -20, -4
4547.5, -20, -4
4547.6, -20, -4
4547.7, -20, -4
4547.8, -20, -4
4547.9, -20, -4
4548, -20, -4
4548.1, -21, -4
4548.2, -21, -4
4548.3, -21, -4
4548.4, -21, -4
4548.5, -21, -4
4548.6, -21, -4
4548.7, -21, -4
4548.8, -21, -4
4548.9, -21, -4
4549, -21, -4
4549.1, -21, -4
4549.2, -21, -4
4549.3, -21, -4
4549.4, -21, -4
4549.5, -21, -4
4549.6, -21, -4
4549.7, -21, -4
4549.8, -21, -4
4549.9, -21, -4
4550, -21, -4
4550.1, -22, -4
4550.2, -22, -4
4550.3, -22, -3
4550.4, -22, -3
4550.5, -22, -3
4550.6, -22, -3
4550.7, -22, -3
4550.8, -22, -3
4550.9, -22, -3
4551, -22, -3
4551.1, -22, -3
4551.2, -22, -3
4551.3, -22, -3
4551.4, -22, -3
4551.5, -22, -3
4551.6, -22, -3
4551.7, -22, -3
4551.8, -22, -3
4551.9, -22, -3
4552, -22, -3
4552.1, -22, -3
4552.2, -22, -3
4552.3, -22, -3
4552.4, -22, -3
4552.5, -22, -3
4552.6, -22, -3
4552.7, -22, -3
4552.8, -22, -3
4552.9, -22, -3
4553, -22, -3
4553.1, -22, -3
4553.2, -22, -3
4553.3, -23, -3
4553.4, -23, -3
4553.5, -23, -3
4553.6, -23, -3
4553.7, -23, -3
4553.8, -23, -3
4553.9, -23, -3
4554, -23, -3
4554.1, -23, -3
4554.2, -23, -3
4554.3, -23, -3
4554.4, -23, -3
4554.5, -23, -3
4554.6, -23, -3
4554.7, -23, -3
4554.8, -23, -3
4554.9, -23, -3
4555, -23, -3
4555.1, -23, -3
4555.2, -23, -3
4555.3, -23, -3
4555.4, -23, -3
4555.5, -23, -3
4555.6, -23, -3
4555.7, -23, -3
4555.8, -23, -3
4555.9, -23, -3
4556, -23, -3
4556.1, -23, -3
4556.2, -23, -3
4556.3, -23, -3
4556.4, -23, -3
4556.5, -23, -3
4556.6, -23, -3
4556.7, -23, -3
4556.8, -23, -3
4556.9, -23, -3
4557, -23, -3
4557.1, -23, -3
4557.2, -23, -3
4557.3, -23, -3
4557.4, -23, -3
4557.5, -23, -3
4557.6, -23, -3
4557.7, -23, -3
4557.8, -23, -3
4557.9, -23, -3
4558, -23, -3
4558.1, -23, -3
4558.2, -23, -3
4558.3, -23, -3
4558.4, -23, -3
4558.5, -23, -3
4558.6, -23, -3
4558.7, -23, -3
4558.8, -23, -3
4558.9, -23, -3
4559, -23, -3
4559.1, -23, -3
4559.2, -23, -3
4559.3, -23, -3
4559.4, -23, -3
4559.5, -23, -3
4559.6, -23, -3
4559.7, -23, -3
4559.8, -23, -3
4559.9, -23, -3
4560, -23, -3
4560.1, -23, -3
4560.2, -23, -3
4560.3, -23, -2
4560.4, -23, -2
4560.5, -23, -2
4560.6, -23, -2
4560.7, -23, -2
4560.8, -23, -2
4560.9, -23, -2
4561, -23, -2
4561.1, -23, -2
4561.2, -23, -2
4561.3, -23, -2
4561.4, -23, -2
4561.5, -23, -2
4561.6, -23, -2
4561.7, -23, -2
4561.8, -23, -2
4561.9, -23, -2
4562, -23, -2
4562.1, -23, -2
4562.2, -23, -2
4562.3, -23, -2
4562.4, -23, -2
4562.5, -23, -2
4562.6, -23, -2
4562.7, -23, -2
4562.8, -23, -2
4562.9, -23, -2
4563, -23, -2
4563.1, -23, -2
4563.2, -23, -2
4563.3, -23, -2
4563.4, -23, -2
4563.5, -23, -2
4563.6, -23, -2
4563.7, -23, -2
4563.8, -23, -2
4563.9, -23, -2
4564, -23, -2
4564.1, -23, -2
4564.2, -23, -2
4564.3, -23, -2
4564.4, -23, -2
4564.5, -23, -2
4564.6, -23, -2
4564.7, -23, -2
4564.8, -23, -2
4564.9, -23, -2
4565, -23, -2
4565.1, -23, -1
4565.2, -23, -1
4565.3, -23, -1
4565.4, -23, -1
4565.5, -24, -1
4565.6, -24, -1
4565.7, -24, -1
4565.8, -24, -1
4565.9, -24, -1
4566, -24, -1
4566.1, -24, -1
4566.2, -24, -1
4566.3, -24, -1
4566.4, -24, -1
4566.5, -24, -1
4566.6, -24, -1
4566.7, -24, -1
4566.8, -24, -1
4566.9, -24, -1
4567, -24, -1
4567.1, -24, -1
4567.2, -24, -1
4567.3, -24, -1
4567.4, -24, -1
4567.5, -24, -1
4567.6, -24, -1
4567.7, -24, -1
4567.8, -24, -1
4567.9, -23, -1
4568, -23, -1
4568.1, -23, -1
4568.2, -23, -1
4568.3, -23, -1
4568.4, -23, -1
4568.5, -23, -1
4568.6, -23, -1
4568.7, -23, -1
4568.8, -23, -1
4568.9, -23, -1
4569, -23, -1
4569.1, -23, -1
4569.2, -23, -1
4569.3, -23, -1
4569.4, -23, -1
4569.5, -23, -2
4569.6, -23, -2
4569.7, -23, -2
4569.8, -23, -2
4569.9, -23, -2
4570, -23, -2
4570.1, -23, -2
4570.2, -23, -2
4570.3, -23, -2
4570.4, -23, -2
4570.5, -23, -2
4570.6, -23, -2
4570.7, -23, -2
4570.8, -23, -2
4570.9, -23, -2
4571, -23, -2
4571.1, -23, -2
4571.2, -23, -2
4571.3, -23, -2
4571.4, -23, -2
4571.5, -23, -2
4571.6, -23, -2
4571.7, -23, -2
4571.8, -23, -2
4571.9, -23, -2
4572, -23, -2
4572.1, -23, -2
4572.2, -23, -2
4572.3, -23, -2
4572.4, -23, -2
4572.5, -23, -2
4572.6, -23, -2
4572.7, -23, -2
4572.8, -23, -2
4572.9, -23, -2
4573, -23, -2
4573.1, -23, -2
4573.2, -23, -2
4573.3, -23, -2
4573.4, -23, -2
4573.5, -23, -2
4573.6, -23, -2
4573.7, -23, -2
4573.8, -23, -2
4573.9, -23, -2
4574, -23, -2
4574.1, -23, -2
4574.2, -23, -2
4574.3, -23, -2
4574.4, -23, -2
4574.5, -23, -2
4574.6, -23, -2
4574.7, -23, -2
4574.8, -23, -2
4574.9, -23, -2
4575, -23, -2
4575.1, -23, -2
4575.2, -23, -2
4575.3, -23, -2
4575.4, -23, -2
4575.5, -23, -2
4575.6, -23, -2
4575.7, -23, -2
4575.8, -23, -2
4575.9, -23, -2
4576, -23, -2
4576.1, -23, -3
4576.2, -23, -3
4576.3, -23, -3
4576.4, -23, -3
4576.5, -23, -3
4576.6, -23, -3
4576.7, -23, -3
4576.8, -23, -3
4576.9, -23, -3
4577, -23, -3
4577.1, -23, -3
4577.2, -23, -3
4577.3, -23, -3
4577.4, -23, -3
4577.5, -23, -3
4577.6, -23, -3
4577.7, -23, -3
4577.8, -23, -3
4577.9, -23, -3
4578, -23, -3
4578.1, -23, -3
4578.2, -23, -3
4578.3, -23, -3
4578.4, -23, -3
4578.5, -23, -3
4578.6, -23, -3
4578.7, -23, -3
4578.8, -23, -3
4578.9, -23, -3
4579, -23, -3
4579.1, -23, -3
4579.2, -23, -3
4579.3, -23, -3
4579.4, -23, -3
4579.5, -23, -3
4579.6, -23, -3
4579.7, -23, -3
4579.8, -23, -3
4579.9, -23, -3
4580, -23, -3
4580.1, -23, -3
4580.2, -23, -3
4580.3, -23, -3
4580.4, -23, -3
4580.5, -23, -3
4580.6, -23, -3
4580.7, -23, -3
4580.8, -23, -3
4580.9, -23, -3
4581, -23, -3
4581.1, -23, -3
4581.2, -23, -3
4581.3, -23, -3
4581.4, -23, -3
4581.5, -23, -3
4581.6, -23, -3
4581.7, -23, -3
4581.8, -23, -3
4581.9, -23, -3
4582, -23, -3
4582.1, -23, -3
4582.2, -23, -3
4582.3, -23, -3
4582.4, -23, -3
4582.5, -23, -3
4582.6, -23, -3
4582.7, -23, -3
4582.8, -23, -3
4582.9, -23, -3
4583, -23, -3
4583.1, -23, -3
4583.2, -23, -3
4583.3, -23, -3
4583.4, -23, -3
4583.5, -23, -3
4583.6, -23, -3
4583.7, -23, -3
4583.8, -23, -3
4583.9, -23, -3
4584, -23, -3
4584.1, -23, -3
4584.2, -23, -3
4584.3, -23, -3
4584.4, -23, -3
4584.5, -24, -3
4584.6, -24, -3
4584.7, -24, -3
4584.8, -24, -3
4584.9, -24, -3
4585, -24, -3
4585.1, -25, -3
4585.2, -25, -3
4585.3, -25, -3
4585.4, -25, -3
4585.5, -25, -3
4585.6, -25, -3
4585.7, -25, -3
4585.8, -25, -3
4585.9, -25, -3
4586, -25, -3
4586.1, -25, -3
4586.2, -25, -3
4586.3, -25, -3
4586.4, -25, -3
4586.5, -25, -3
4586.6, -25, -3
4586.7, -25, -3
4586.8, -25, -3
4586.9, -25, -3
4587, -25, -3
4587.1, -25, -3
4587.2, -25, -3
4587.3, -25, -3
4587.4, -25, -3
4587.5, -25, -3
4587.6, -25, -3
4587.7, -25, -3
4587.8, -25, -3
4587.9, -26, -3
4588, -26, -3
4588.1, -25, -3
4588.2, -25, -3
4588.3, -25, -3
4588.4, -25, -3
4588.5, -25, -3
4588.6, -25, -3
4588.7, -25, -3
4588.8, -25, -3
4588.9, -25, -3
4589, -25, -3
4589.1, -25, -3
4589.2, -25, -3
4589.3, -25, -3
4589.4, -25, -3
4589.5, -25, -3
4589.6, -25, -3
4589.7, -25, -3
4589.8, -25, -3
4589.9, -25, -3
4590, -25, -3
4590.1, -25, -4
4590.2, -25, -4
4590.3, -25, -4
4590.4, -25, -4
4590.5, -25, -4
4590.6, -25, -4
4590.7, -25, -4
4590.8, -25, -4
4590.9, -25, -4
4591, -25, -4
4591.1, -25, -4
4591.2, -25, -4
4591.3, -25, -4
4591.4, -25, -4
4591.5, -25, -4
4591.6, -25, -4
4591.7, -25, -4
4591.8, -25, -4
4591.9, -25, -4
4592, -25, -4
4592.1, -25, -4
4592.2, -25, -4
4592.3, -25, -4
4592.4, -25, -4
4592.5, -25, -4
4592.6, -25, -4
4592.7, -25, -4
4592.8, -25, -4
4592.9, -25, -4
4593, -25, -4
4593.1, -25, -3
4593.2, -25, -3
4593.3, -25, -2
4593.4, -25, -2
4593.5, -25, -2
4593.6, -25, -2
4593.7, -25, -2
4593.8, -25, -2
4593.9, -25, -2
4594, -25, -2
4594.1, -25, -2
4594.2, -25, -2
4594.3, -25, -2
4594.4, -25, -2
4594.5, -25, -2
4594.6, -25, -2
4594.7, -25, -2
4594.8, -25, -2
4594.9, -25, -2
4595, -25, -2
4595.1, -25, -2
4595.2, -25, -2
4595.3, -25, -2
4595.4, -25, -2
4595.5, -25, -2
4595.6, -25, -2
4595.7, -25, -2
4595.8, -25, -2
4595.9, -25, -2
4596, -25, -2
4596.1, -25, -2
4596.2, -25, -2
4596.3, -26, -2
4596.4, -26, -2
4596.5, -26, -2
4596.6, -26, -2
4596.7, -26, -2
4596.8, -26, -2
4596.9, -26, -3
4597, -26, -3
4597.1, -26, -3
4597.2, -26, -3
4597.3, -26, -2
4597.4, -26, -2
4597.5, -25, -2
4597.6, -25, -2
4597.7, -25, -2
4597.8, -25, -2
4597.9, -25, -2
4598, -25, -2
4598.1, -25, -2
4598.2, -25, -2
4598.3, -25, -2
4598.4, -25, -2
4598.5, -25, -2
4598.6, -25, -2
4598.7, -25, -2
4598.8, -25, -2
4598.9, -25, -2
4599, -25, -2
4599.1, -25, -2
4599.2, -25, -2
4599.3, -25, -2
4599.4, -25, -2
4599.5, -25, -2
4599.6, -25, -2
4599.7, -25, -2
4599.8, -25, -2
4599.9, -25, -2
4600, -25, -2
4600.1, -25, -2
4600.2, -25, -2
4600.3, -25, -1
4600.4, -25, -1
4600.5, -25, -1
4600.6, -25, -1
4600.7, -25, -2
4600.8, -25, -2
4600.9, -25, -2
4601, -25, -2
4601.1, -25, -2
4601.2, -25, -2
4601.3, -25, -2
4601.4, -25, -2
4601.5, -25, -2
4601.6, -25, -2
4601.7, -25, -2
4601.8, -25, -2
4601.9, -25, -2
4602, -25, -2
4602.1, -25, -2
4602.2, -25, -2
4602.3, -25, -2
4602.4, -25, -2
4602.5, -25, -2
4602.6, -25, -2
4602.7, -25, -1
4602.8, -25, -1
4602.9, -25, -1
4603, -25, -1
4603.1, -25, -1
4603.2, -25, -1
4603.3, -25, -1
4603.4, -25, -1
4603.5, -25, -1
4603.6, -25, -1
4603.7, -25, -1
4603.8, -25, -1
4603.9, -25, -1
4604, -25, -1
4604.1, -25, -1
4604.2, -25, -1
4604.3, -25, -1
4604.4, -25, -1
4604.5, -25, -1
4604.6, -25, -1
4604.7, -25, -1
4604.8, -25, -1
4604.9, -25, -1
4605, -25, -1
4605.1, -25, -1
4605.2, -25, -1
4605.3, -25, -2
4605.4, -25, -2
4605.5, -25, -2
4605.6, -25, -2
4605.7, -25, -2
4605.8, -25, -2
4605.9, -25, -2
4606, -25, -2
4606.1, -25, -2
4606.2, -25, -2
4606.3, -25, -2
4606.4, -25, -2
4606.5, -25, -2
4606.6, -25, -2
4606.7, -25, -2
4606.8, -25, -2
4606.9, -25, -2
4607, -25, -2
4607.1, -25, -2
4607.2, -25, -2
4607.3, -25, -2
4607.4, -25, -2
4607.5, -25, -2
4607.6, -25, -2
4607.7, -25, -2
4607.8, -25, -2
4607.9, -25, -2
4608, -25, -2
4608.1, -25, -2
4608.2, -25, -2
4608.3, -25, -2
4608.4, -25, -2
4608.5, -25, -2
4608.6, -25, -2
4608.7, -25, -2
4608.8, -25, -2
4608.9, -25, -2
4609, -25, -2
4609.1, -25, -2
4609.2, -25, -2
4609.3, -25, -2
4609.4, -25, -2
4609.5, -25, -2
4609.6, -25, -2
4609.7, -25, -2
4609.8, -25, -2
4609.9, -25, -2
4610, -25, -2
4610.1, -25, -2
4610.2, -25, -2
4610.3, -25, -2
4610.4, -25, -2
4610.5, -25, -2
4610.6, -25, -2
4610.7, -25, -2
4610.8, -25, -2
4610.9, -25, -2
4611, -25, -2
4611.1, -25, -2
4611.2, -25, -2
4611.3, -25, -2
4611.4, -25, -2
4611.5, -25, -2
4611.6, -25, -2
4611.7, -25, -2
4611.8, -25, -2
4611.9, -25, -2
4612, -25, -2
4612.1, -25, -2
4612.2, -25, -2
4612.3, -25, -2
4612.4, -25, -2
4612.5, -25, -2
4612.6, -25, -2
4612.7, -25, -2
4612.8, -25, -2
4612.9, -25, -2
4613, -25, -2
4613.1, -25, -2
4613.2, -25, -2
4613.3, -25, -2
4613.4, -25, -2
4613.5, -25, -2
4613.6, -25, -2
4613.7, -25, -2
4613.8, -25, -2
4613.9, -25, -2
4614, -25, -2
4614.1, -25, -2
4614.2, -25, -2
4614.3, -25, -2
4614.4, -25, -2
4614.5, -25, -2
4614.6, -25, -2
4614.7, -25, -2
4614.8, -25, -2
4614.9, -25, -2
4615, -25, -2
4615.1, -25, -2
4615.2, -25, -2
4615.3, -25, -2
4615.4, -25, -2
4615.5, -25, -2
4615.6, -25, -2
4615.7, -25, -2
4615.8, -25, -2
4615.9, -25, -2
4616, -25, -2
4616.1, -25, -2
4616.2, -25, -2
4616.3, -25, -2
4616.4, -25, -2
4616.5, -25, -2
4616.6, -25, -2
4616.7, -25, -2
4616.8, -25, -2
4616.9, -25, -2
4617, -25, -2
4617.1, -25, -2
4617.2, -25, -2
4617.3, -25, -2
4617.4, -25, -2
4617.5, -25, -2
4617.6, -25, -2
4617.7, -25, -2
4617.8, -25, -2
4617.9, -25, -2
4618, -25, -2
4618.1, -25, -2
4618.2, -25, -2
4618.3, -25, -2
4618.4, -25, -2
4618.5, -25, -2
4618.6, -25, -2
4618.7, -25, -2
4618.8, -25, -2
4618.9, -25, -2
4619, -25, -2
4619.1, -25, -2
4619.2, -25, -2
4619.3, -25, -2
4619.4, -25, -2
4619.5, -25, -2
4619.6, -25, -2
4619.7, -25, -2
4619.8, -25, -2
4619.9, -25, -2
4620, -25, -2
4620.1, -25, -2
4620.2, -25, -2
4620.3, -25, -2
4620.4, -25, -2
4620.5, -25, -2
4620.6, -25, -2
4620.7, -25, -2
4620.8, -25, -2
4620.9, -25, -2
4621, -25, -2
4621.1, -25, -2
4621.2, -25, -2
4621.3, -25, -2
4621.4, -25, -2
4621.5, -25, -2
4621.6, -25, -2
4621.7, -25, -2
4621.8, -25, -2
4621.9, -25, -2
4622, -25, -2
4622.1, -25, -2
4622.2, -25, -2
4622.3, -25, -3
4622.4, -25, -3
4622.5, -25, -3
4622.6, -25, -3
4622.7, -25, -3
4622.8, -25, -3
4622.9, -25, -3
4623, -25, -3
4623.1, -25, -3
4623.2, -25, -3
4623.3, -25, -3
4623.4, -25, -3
4623.5, -25, -2
4623.6, -25, -2
4623.7, -25, -2
4623.8, -25, -2
4623.9, -25, -2
4624, -25, -2
4624.1, -25, -2
4624.2, -25, -2
4624.3, -25, -2
4624.4, -25, -2
4624.5, -25, -2
4624.6, -25, -2
4624.7, -25, -2
4624.8, -25, -2
4624.9, -25, -2
4625, -25, -2
4625.1, -25, -2
4625.2, -25, -2
4625.3, -25, -2
4625.4, -25, -2
4625.5, -25, -2
4625.6, -25, -2
4625.7, -25, -2
4625.8, -25, -2
4625.9, -25, -2
4626, -25, -2
4626.1, -25, -2
4626.2, -25, -2
4626.3, -25, -2
4626.4, -25, -2
4626.5, -25, -2
4626.6, -25, -2
4626.7, -25, -2
4626.8, -25, -2
4626.9, -25, -2
4627, -25, -2
4627.1, -25, -2
4627.2, -25, -2
4627.3, -25, -2
4627.4, -25, -2
4627.5, -25, -2
4627.6, -25, -2
4627.7, -26, -2
4627.8, -26, -2
4627.9, -26, -2
4628, -26, -2
4628.1, -26, -2
4628.2, -26, -2
4628.3, -26, -2
4628.4, -26, -2
4628.5, -26, -2
4628.6, -26, -2
4628.7, -26, -2
4628.8, -26, -2
4628.9, -26, -2
4629, -26, -2
4629.1, -26, -2
4629.2, -26, -2
4629.3, -26, -2
4629.4, -26, -2
4629.5, -26, -2
4629.6, -26, -2
4629.7, -26, -2
4629.8, -26, -2
4629.9, -26, -2
4630, -26, -2
4630.1, -26, -2
4630.2, -26, -2
4630.3, -26, -2
4630.4, -26, -2
4630.5, -26, -2
4630.6, -26, -2
4630.7, -27, -2
4630.8, -27, -2
4630.9, -27, -2
4631, -27, -2
4631.1, -27, -2
4631.2, -27, -2
4631.3, -27, -2
4631.4, -27, -2
4631.5, -27, -2
4631.6, -27, -2
4631.7, -27, -2
4631.8, -27, -2
4631.9, -27, -2
4632, -27, -2
4632.1, -27, -2
4632.2, -27, -2
4632.3, -27, -2
4632.4, -27, -2
4632.5, -27, -2
4632.6, -27, -2
4632.7, -27, -2
4632.8, -27, -2
4632.9, -27, -2
4633, -27, -2
4633.1, -27, -2
4633.2, -27, -2
4633.3, -27, -2
4633.4, -27, -2
4633.5, -27, -2
4633.6, -27, -2
4633.7, -27, -2
4633.8, -27, -2
4633.9, -27, -2
4634, -27, -2
4634.1, -27, -2
4634.2, -27, -2
4634.3, -27, -2
4634.4, -27, -2
4634.5, -27, -2
4634.6, -27, -2
4634.7, -27, -2
4634.8, -27, -2
4634.9, -27, -1
4635, -27, -1
4635.1, -27, -1
4635.2, -27, -1
4635.3, -27, -1
4635.4, -27, -1
4635.5, -26, -1
4635.6, -26, -1
4635.7, -26, -1
4635.8, -26, -1
4635.9, -26, -1
4636, -26, -1
4636.1, -26, -1
4636.2, -26, -1
4636.3, -26, -1
4636.4, -26, -1
4636.5, -26, -1
4636.6, -26, -1
4636.7, -26, -1
4636.8, -26, -1
4636.9, -26, -1
4637, -26, -1
4637.1, -26, -1
4637.2, -26, -1
4637.3, -26, -1
4637.4, -26, -1
4637.5, -26, -1
4637.6, -26, -1
4637.7, -26, -1
4637.8, -26, -1
4637.9, -26, -1
4638, -26, -1
4638.1, -26, -1
4638.2, -26, -1
4638.3, -26, -1
4638.4, -26, -1
4638.5, -26, -1
4638.6, -26, -1
4638.7, -26, 0
4638.8, -26, 0
4638.9, -26, 0
4639, -26, 0
4639.1, -26, 0
4639.2, -26, 0
4639.3, -26, 0
4639.4, -26, 0
4639.5, -26, 0
4639.6, -26, 0
4639.7, -26, 0
4639.8, -26, 0
4639.9, -26, 0
4640, -26, 0
4640.1, -26, 0
4640.2, -26, 0
4640.3, -26, 0
4640.4, -26, 0
4640.5, -26, 0
4640.6, -26, 0
4640.7, -26, 0
4640.8, -26, 0
4640.9, -26, 0
4641, -26, 0
4641.1, -26, 0
4641.2, -26, 0
4641.3, -26, 0
4641.4, -26, 0
4641.5, -26, -1
4641.6, -26, -1
4641.7, -26, -1
4641.8, -26, -1
4641.9, -26, -1
4642, -26, -1
4642.1, -26, -1
4642.2, -26, -1
4642.3, -26, -1
4642.4, -26, -1
4642.5, -26, -1
4642.6, -26, -1
4642.7, -26, -1
4642.8, -26, -1
4642.9, -26, -1
4643, -26, -1
4643.1, -26, -1
4643.2, -26, -1
4643.3, -26, -1
4643.4, -26, -1
4643.5, -26, -1
4643.6, -26, -1
4643.7, -26, -1
4643.8, -26, -1
4643.9, -26, 0
4644, -26, 0
4644.1, -26, 0
4644.2, -26, 0
4644.3, -26, 0
4644.4, -26, 0
4644.5, -26, 0
4644.6, -26, 0
4644.7, -26, 0
4644.8, -26, 0
4644.9, -26, 0
4645, -26, 0
4645.1, -26, 0
4645.2, -26, 0
4645.3, -26, 0
4645.4, -26, 0
4645.5, -26, 0
4645.6, -26, 0
4645.7, -26, 0
4645.8, -26, 0
4645.9, -26, 0
4646, -26, 0
4646.1, -26, 0
4646.2, -26, 0
4646.3, -26, 0
4646.4, -26, 0
4646.5, -26, 0
4646.6, -26, 0
4646.7, -26, 0
4646.8, -26, 0
4646.9, -26, 0
4647, -26, 0
4647.1, -26, 0
4647.2, -26, 0
4647.3, -26, 0
4647.4, -26, 0
4647.5, -25, 0
4647.6, -25, 0
4647.7, -25, 0
4647.8, -25, 0
4647.9, -25, 0
4648, -25, 0
4648.1, -25, 0
4648.2, -25, 0
4648.3, -25, 0
4648.4, -25, 0
4648.5, -25, 0
4648.6, -25, 0
4648.7, -25, 0
4648.8, -25, 0
4648.9, -25, 0
4649, -25, 0
4649.1, -25, 0
4649.2, -25, 0
4649.3, -25, 0
4649.4, -25, 0
4649.5, -25, 0
4649.6, -25, 0
4649.7, -25, 0
4649.8, -25, 0
4649.9, -25, 0
4650, -25, 0
4650.1, -25, 0
4650.2, -25, 0
4650.3, -25, 0
4650.4, -25, 0
4650.5, -25, 0
4650.6, -25, 0
4650.7, -25, 0
4650.8, -25, 0
4650.9, -24, 0
4651, -24, 0
4651.1, -24, 0
4651.2, -24, 0
4651.3, -24, 0
4651.4, -24, 0
4651.5, -24, 0
4651.6, -24, 0
4651.7, -24, 0
4651.8, -24, 0
4651.9, -23, 0
4652, -23, 0
4652.1, -23, 0
4652.2, -23, 0
4652.3, -24, 0
4652.4, -24, 0
4652.5, -24, 0
4652.6, -24, 0
4652.7, -24, 0
4652.8, -24, 0
4652.9, -24, 0
4653, -24, 0
4653.1, -24, 0
4653.2, -24, 0
4653.3, -24, 0
4653.4, -24, 0
4653.5, -24, 0
4653.6, -24, 0
4653.7, -24, 0
4653.8, -24, 0
4653.9, -24, 0
4654, -24, 0
4654.1, -24, 0
4654.2, -24, 0
4654.3, -24, 0
4654.4, -24, 0
4654.5, -24, 0
4654.6, -24, 0
4654.7, -24, 0
4654.8, -24, 0
4654.9, -23, 0
4655, -23, 0
4655.1, -23, 0
4655.2, -23, 0
4655.3, -23, 0
4655.4, -23, 0
4655.5, -23, 0
4655.6, -23, 0
4655.7, -23, 0
4655.8, -23, 0
4655.9, -23, 0
4656, -23, 0
4656.1, -23, 0
4656.2, -23, 0
4656.3, -23, 0
4656.4, -23, 0
4656.5, -23, -1
4656.6, -23, -1
4656.7, -23, -1
4656.8, -23, -1
4656.9, -23, -1
4657, -23, -1
4657.1, -23, -1
4657.2, -23, -1
4657.3, -23, -1
4657.4, -23, -1
4657.5, -23, -1
4657.6, -23, -1
4657.7, -23, -1
4657.8, -23, -1
4657.9, -23, -1
4658, -23, -1
4658.1, -23, -1
4658.2, -23, -1
4658.3, -23, -1
4658.4, -23, -1
4658.5, -23, -1
4658.6, -23, -1
4658.7, -23, -2
4658.8, -23, -2
4658.9, -23, -2
4659, -23, -2
4659.1, -23, -2
4659.2, -23, -2
4659.3, -23, -2
4659.4, -23, -2
4659.5, -23, -2
4659.6, -23, -2
4659.7, -23, -2
4659.8, -23, -2
4659.9, -23, -2
4660, -23, -2
4660.1, -23, -2
4660.2, -23, -2
4660.3, -23, -2
4660.4, -23, -2
4660.5, -23, -2
4660.6, -23, -2
4660.7, -23, -2
4660.8, -23, -2
4660.9, -23, -2
4661, -23, -2
4661.1, -23, -2
4661.2, -23, -2
4661.3, -23, -2
4661.4, -23, -2
4661.5, -23, -2
4661.6, -23, -2
4661.7, -23, -2
4661.8, -23, -2
4661.9, -23, -2
4662, -23, -2
4662.1, -23, -2
4662.2, -23, -2
4662.3, -23, -2
4662.4, -23, -2
4662.5, -23, -2
4662.6, -23, -2
4662.7, -24, -2
4662.8, -24, -2
4662.9, -25, -2
4663, -25, -2
4663.1, -25, -2
4663.2, -25, -2
4663.3, -25, -2
4663.4, -25, -2
4663.5, -25, -2
4663.6, -25, -2
4663.7, -25, -2
4663.8, -25, -2
4663.9, -24, -2
4664, -24, -2
4664.1, -24, -2
4664.2, -24, -2
4664.3, -24, -1
4664.4, -24, -1
4664.5, -24, -1
4664.6, -24, -1
4664.7, -24, -1
4664.8, -24, -1
4664.9, -24, -1
4665, -24, -1
4665.1, -24, -1
4665.2, -24, -1
4665.3, -24, -1
4665.4, -24, -1
4665.5, -24, -1
4665.6, -24, -1
4665.7, -24, -1
4665.8, -24, -1
4665.9, -24, -1
4666, -24, -1
4666.1, -24, -1
4666.2, -24, -1
4666.3, -24, -1
4666.4, -24, -1
4666.5, -24, -1
4666.6, -24, -1
4666.7, -24, -1
4666.8, -24, -1
4666.9, -24, -1
4667, -24, -1
4667.1, -24, -1
4667.2, -24, -1
4667.3, -24, -1
4667.4, -24, -1
4667.5, -24, -1
4667.6, -24, -1
4667.7, -24, -1
4667.8, -24, -1
4667.9, -23, -1
4668, -23, -1
4668.1, -23, -1
4668.2, -23, -1
4668.3, -23, -1
4668.4, -23, -1
4668.5, -23, -1
4668.6, -23, -1
4668.7, -23, -1
4668.8, -23, -1
4668.9, -23, -1
4669, -23, -1
4669.1, -23, -1
4669.2, -23, -1
4669.3, -23, -1
4669.4, -23, -1
4669.5, -23, -1
4669.6, -23, -1
4669.7, -23, -1
4669.8, -23, -1
4669.9, -23, -2
4670, -23, -2
4670.1, -23, -2
4670.2, -23, -2
4670.3, -23, -2
4670.4, -23, -2
4670.5, -23, -2
4670.6, -23, -2
4670.7, -23, -2
4670.8, -23, -2
4670.9, -23, -2
4671, -23, -2
4671.1, -23, -2
4671.2, -23, -2
4671.3, -23, -2
4671.4, -23, -2
4671.5, -23, -2
4671.6, -23, -2
4671.7, -23, -2
4671.8, -23, -2
4671.9, -23, -2
4672, -23, -2
4672.1, -23, -2
4672.2, -23, -2
4672.3, -24, -2
4672.4, -24, -2
4672.5, -24, -2
4672.6, -24, -2
4672.7, -24, -2
4672.8, -24, -2
4672.9, -24, -2
4673, -24, -2
4673.1, -24, -2
4673.2, -24, -2
4673.3, -24, -2
4673.4, -24, -2
4673.5, -24, -2
4673.6, -24, -2
4673.7, -24, -2
4673.8, -24, -2
4673.9, -24, -2
4674, -24, -2
4674.1, -24, -2
4674.2, -24, -2
4674.3, -24, -2
4674.4, -24, -2
4674.5, -24, -2
4674.6, -24, -2
4674.7, -24, -2
4674.8, -24, -2
4674.9, -24, -2
4675, -24, -2
4675.1, -25, -2
4675.2, -25, -2
4675.3, -25, -2
4675.4, -25, -2
4675.5, -25, -2
4675.6, -25, -2
4675.7, -25, -2
4675.8, -25, -2
4675.9, -25, -2
4676, -25, -2
4676.1, -24, -2
4676.2, -24, -2
4676.3, -24, -2
4676.4, -24, -2
4676.5, -24, -2
4676.6, -24, -2
4676.7, -24, -2
4676.8, -24, -2
4676.9, -24, -2
4677, -24, -2
4677.1, -24, -2
4677.2, -24, -2
4677.3, -24, -2
4677.4, -24, -2
4677.5, -24, -2
4677.6, -24, -2
4677.7, -24, -2
4677.8, -24, -2
4677.9, -24, -2
4678, -24, -2
4678.1, -24, -2
4678.2, -24, -2
4678.3, -24, -2
4678.4, -24, -2
4678.5, -24, -2
4678.6, -24, -2
4678.7, -24, -2
4678.8, -24, -2
4678.9, -24, -2
4679, -24, -2
4679.1, -24, -2
4679.2, -24, -2
4679.3, -24, -2
4679.4, -24, -2
4679.5, -24, -2
4679.6, -24, -2
4679.7, -24, -2
4679.8, -24, -2
4679.9, -24, -2
4680, -24, -2
4680.1, -24, -2
4680.2, -24, -2
4680.3, -24, -2
4680.4, -24, -2
4680.5, -24, -2
4680.6, -24, -2
4680.7, -24, -2
4680.8, -24, -2
4680.9, -24, -2
4681, -24, -2
4681.1, -24, -2
4681.2, -24, -2
4681.3, -24, -2
4681.4, -24, -2
4681.5, -23, -2
4681.6, -23, -2
4681.7, -23, -2
4681.8, -23, -2
4681.9, -23, -2
4682, -23, -2
4682.1, -23, -2
4682.2, -23, -2
4682.3, -23, -2
4682.4, -23, -2
4682.5, -23, -2
4682.6, -23, -2
4682.7, -23, -2
4682.8, -23, -2
4682.9, -23, -2
4683, -23, -2
4683.1, -23, -2
4683.2, -23, -2
4683.3, -23, -2
4683.4, -23, -2
4683.5, -24, -2
4683.6, -24, -2
4683.7, -24, -2
4683.8, -24, -2
4683.9, -24, -2
4684, -24, -2
4684.1, -24, -2
4684.2, -24, -2
4684.3, -24, -1
4684.4, -24, -1
4684.5, -24, -1
4684.6, -24, -1
4684.7, -24, -1
4684.8, -24, -1
4684.9, -24, -1
4685, -24, -1
4685.1, -24, -1
4685.2, -24, -1
4685.3, -24, -1
4685.4, -24, -1
4685.5, -24, -1
4685.6, -24, -1
4685.7, -24, -1
4685.8, -24, -1
4685.9, -24, -1
4686, -24, -1
4686.1, -24, -1
4686.2, -24, -1
4686.3, -24, -1
4686.4, -24, -1
4686.5, -24, -1
4686.6, -24, -1
4686.7, -24, -1
4686.8, -24, -1
4686.9, -24, -1
4687, -24, -1
4687.1, -25, -1
4687.2, -25, -1
4687.3, -24, -1
4687.4, -24, -1
4687.5, -24, -1
4687.6, -24, -1
4687.7, -24, -1
4687.8, -24, -1
4687.9, -24, -1
4688, -24, -1
4688.1, -24, -1
4688.2, -24, -1
4688.3, -24, -1
4688.4, -24, -1
4688.5, -24, -1
4688.6, -24, -1
4688.7, -24, -1
4688.8, -24, -1
4688.9, -24, -1
4689, -24, -1
4689.1, -25, -1
4689.2, -25, -1
4689.3, -25, -1
4689.4, -25, -1
4689.5, -25, -1
4689.6, -25, -1
4689.7, -25, -1
4689.8, -25, -1
4689.9, -25, -1
4690, -25, -1
4690.1, -25, -1
4690.2, -25, -1
4690.3, -25, -1
4690.4, -25, -1
4690.5, -25, -1
4690.6, -25, -1
4690.7, -25, -1
4690.8, -25, -1
4690.9, -25, -1
4691, -25, -1
4691.1, -25, -1
4691.2, -25, -1
4691.3, -25, -1
4691.4, -25, -1
4691.5, -25, -1
4691.6, -25, -1
4691.7, -25, -1
4691.8, -25, -1
4691.9, -25, -1
4692, -25, -1
4692.1, -25, -1
4692.2, -25, -1
4692.3, -25, -1
4692.4, -25, -1
4692.5, -25, -1
4692.6, -25, -1
4692.7, -25, -1
4692.8, -25, -1
4692.9, -25, -1
4693, -25, -1
4693.1, -25, 0
4693.2, -25, 0
4693.3, -25, 0
4693.4, -25, 0
4693.5, -25, 0
4693.6, -25, 0
4693.7, -25, 0
4693.8, -25, 0
4693.9, -25, 0
4694, -25, 0
4694.1, -25, 0
4694.2, -25, 0
4694.3, -24, 0
4694.4, -24, 0
4694.5, -24, 0
4694.6, -24, 0
4694.7, -24, 0
4694.8, -24, 0
4694.9, -24, 0
4695, -24, 0
4695.1, -24, 0
4695.2, -24, 0
4695.3, -24, 0
4695.4, -24, 0
4695.5, -24, 0
4695.6, -24, 0
4695.7, -24, 0
4695.8, -24, 0
4695.9, -24, 0
4696, -24, 0
4696.1, -24, 0
4696.2, -24, 0
4696.3, -24, 0
4696.4, -24, 0
4696.5, -24, 0
4696.6, -24, 0
4696.7, -24, 0
4696.8, -24, 0
4696.9, -24, 0
4697, -24, 0
4697.1, -24, 0
4697.2, -24, 0
4697.3, -24, 0
4697.4, -24, 0
4697.5, -24, 0
4697.6, -24, 0
4697.7, -24, 0
4697.8, -24, 0
4697.9, -24, 0
4698, -24, 0
4698.1, -24, 0
4698.2, -24, 0
4698.3, -24, 0
4698.4, -24, 0
4698.5, -24, 0
4698.6, -24, 0
4698.7, -24, 0
4698.8, -24, 0
4698.9, -24, 0
4699, -24, 0
4699.1, -24, 0
4699.2, -24, 0
4699.3, -24, 0
4699.4, -24, 0
4699.5, -24, 0
4699.6, -24, 0
4699.7, -25, 0
4699.8, -25, 0
4699.9, -25, 0
4700, -25, 0
4700.1, -25, -1
4700.2, -25, -1
4700.3, -25, -1
4700.4, -25, -1
4700.5, -25, -1
4700.6, -25, -1
4700.7, -25, -1
4700.8, -25, -1
4700.9, -25, 0
4701, -25, 0
4701.1, -25, 0
4701.2, -25, 0
4701.3, -25, 0
4701.4, -25, 0
4701.5, -25, 0
4701.6, -25, 0
4701.7, -25, 0
4701.8, -25, 0
4701.9, -25, 0
4702, -25, 0
4702.1, -25, 0
4702.2, -25, 0
4702.3, -25, 0
4702.4, -25, 0
4702.5, -25, 0
4702.6, -25, 0
4702.7, -25, 0
4702.8, -25, 0
4702.9, -25, 0
4703, -25, 0
4703.1, -25, 0
4703.2, -25, 0
4703.3, -25, 0
4703.4, -25, 0
4703.5, -25, 0
4703.6, -25, 0
4703.7, -25, 0
4703.8, -25, 0
4703.9, -25, -1
4704, -25, -1
4704.1, -25, -1
4704.2, -25, -1
4704.3, -25, -1
4704.4, -25, -1
4704.5, -25, -1
4704.6, -25, -1
4704.7, -25, -1
4704.8, -25, -1
4704.9, -25, -1
4705, -25, -1
4705.1, -25, -1
4705.2, -25, -1
4705.3, -25, -1
4705.4, -25, -1
4705.5, -25, -1
4705.6, -25, -1
4705.7, -25, -1
4705.8, -25, -1
4705.9, -25, -1
4706, -25, -1
4706.1, -25, -1
4706.2, -25, -1
4706.3, -25, -1
4706.4, -25, -1
4706.5, -25, -1
4706.6, -25, -1
4706.7, -25, -1
4706.8, -25, -1
4706.9, -25, -1
4707, -25, -1
4707.1, -25, -1
4707.2, -25, -1
4707.3, -25, -1
4707.4, -25, -1
4707.5, -25, -1
4707.6, -25, -1
4707.7, -25, -1
4707.8, -25, -1
4707.9, -25, -1
4708, -25, -1
4708.1, -25, -1
4708.2, -25, -1
4708.3, -25, -1
4708.4, -25, -1
4708.5, -25, -1
4708.6, -25, -1
4708.7, -25, -1
4708.8, -25, -1
4708.9, -25, -1
4709, -25, -1
4709.1, -25, -1
4709.2, -25, -1
4709.3, -25, -1
4709.4, -25, -1
4709.5, -25, -1
4709.6, -25, -1
4709.7, -25, -1
4709.8, -25, -1
4709.9, -25, -1
4710, -25, -1
4710.1, -25, -1
4710.2, -25, -1
4710.3, -26, -1
4710.4, -26, -1
4710.5, -26, -1
4710.6, -26, -1
4710.7, -26, -1
4710.8, -26, -1
4710.9, -26, -1
4711, -26, -1
4711.1, -25, -1
4711.2, -25, -1
4711.3, -25, -1
4711.4, -25, -1
4711.5, -25, -1
4711.6, -25, -1
4711.7, -25, -1
4711.8, -25, -1
4711.9, -25, -1
4712, -25, -1
4712.1, -25, -1
4712.2, -25, -1
4712.3, -25, -1
4712.4, -25, -1
4712.5, -25, -1
4712.6, -25, -1
4712.7, -25, -1
4712.8, -25, -1
4712.9, -25, -1
4713, -25, -1
4713.1, -25, -1
4713.2, -25, -1
4713.3, -25, -1
4713.4, -25, -1
4713.5, -25, -1
4713.6, -25, -1
4713.7, -25, -1
4713.8, -25, -1
4713.9, -25, -1
4714, -25, -1
4714.1, -25, -1
4714.2, -25, -1
4714.3, -25, -1
4714.4, -25, -1
4714.5, -25, -1
4714.6, -25, -1
4714.7, -25, -1
4714.8, -25, -1
4714.9, -24, -1
4715, -24, -1
4715.1, -24, -1
4715.2, -24, -1
4715.3, -24, -1
4715.4, -24, -1
4715.5, -24, -1
4715.6, -24, -1
4715.7, -24, -1
4715.8, -24, -1
4715.9, -24, -1
4716, -24, -1
4716.1, -24, -1
4716.2, -24, -1
4716.3, -24, -1
4716.4, -24, -1
4716.5, -24, -1
4716.6, -24, -1
4716.7, -24, -1
4716.8, -24, -1
4716.9, -24, -1
4717, -24, -1
4717.1, -24, -1
4717.2, -24, -1
4717.3, -24, -1
4717.4, -24, -1
4717.5, -24, -1
4717.6, -24, -1
4717.7, -24, -1
4717.8, -24, -1
4717.9, -24, -1
4718, -24, -1
4718.1, -23, -1
4718.2, -23, -1
4718.3, -23, -1
4718.4, -23, -1
4718.5, -23, -1
4718.6, -23, -1
4718.7, -23, -1
4718.8, -23, -1
4718.9, -23, -1
4719, -23, -1
4719.1, -23, -1
4719.2, -23, -1
4719.3, -23, -1
4719.4, -23, -1
4719.5, -23, -1
4719.6, -23, -1
4719.7, -23, -1
4719.8, -23, -1
4719.9, -23, -1
4720, -23, -1
4720.1, -23, -1
4720.2, -23, -1
4720.3, -23, -1
4720.4, -23, -1
4720.5, -23, -1
4720.6, -23, -1
4720.7, -23, -1
4720.8, -23, -1
4720.9, -23, -1
4721, -23, -1
4721.1, -23, -1
4721.2, -23, -1
4721.3, -23, 0
4721.4, -23, 0
4721.5, -23, 0
4721.6, -23, 0
4721.7, -23, 0
4721.8, -23, 0
4721.9, -23, 0
4722, -23, 0
4722.1, -23, 0
4722.2, -23, 0
4722.3, -23, 0
4722.4, -23, 0
4722.5, -24, 0
4722.6, -24, 0
4722.7, -24, 0
4722.8, -24, 0
4722.9, -24, 0
4723, -24, 0
4723.1, -24, 0
4723.2, -24, 0
4723.3, -24, 0
4723.4, -24, 0
4723.5, -24, 0
4723.6, -24, 0
4723.7, -24, 0
4723.8, -24, 0
4723.9, -24, 0
4724, -24, 0
4724.1, -24, -1
4724.2, -24, -1
4724.3, -24, -1
4724.4, -24, -1
4724.5, -24, -1
4724.6, -24, -1
4724.7, -24, -1
4724.8, -24, -1
4724.9, -24, -1
4725, -24, -1
4725.1, -25, -1
4725.2, -25, -1
4725.3, -25, -1
4725.4, -25, -1
4725.5, -25, -1
4725.6, -25, -1
4725.7, -25, -1
4725.8, -25, -1
4725.9, -25, -1
4726, -25, -1
4726.1, -25, 0
4726.2, -25, 0
4726.3, -25, 0
4726.4, -25, 0
4726.5, -25, 0
4726.6, -25, 0
4726.7, -25, 0
4726.8, -25, 0
4726.9, -25, 0
4727, -25, 0
4727.1, -25, 0
4727.2, -25, 0
4727.3, -25, 0
4727.4, -25, 0
4727.5, -25, 0
4727.6, -25, 0
4727.7, -25, 0
4727.8, -25, 0
4727.9, -25, 0
4728, -25, 0
4728.1, -25, 0
4728.2, -25, 0
4728.3, -25, 0
4728.4, -25, 0
4728.5, -25, 0
4728.6, -25, 0
4728.7, -25, 1
4728.8, -25, 1
4728.9, -25, 1
4729, -25, 1
4729.1, -25, 1
4729.2, -25, 1
4729.3, -25, 0
4729.4, -25, 0
4729.5, -25, 0
4729.6, -25, 0
4729.7, -25, 0
4729.8, -25, 0
4729.9, -25, 0
4730, -25, 0
4730.1, -25, 0
4730.2, -25, 0
4730.3, -25, 0
4730.4, -25, 0
4730.5, -25, 0
4730.6, -25, 0
4730.7, -25, 0
4730.8, -25, 0
4730.9, -25, 0
4731, -25, 0
4731.1, -25, 0
4731.2, -25, 0
4731.3, -25, 0
4731.4, -25, 0
4731.5, -25, 0
4731.6, -25, 0
4731.7, -25, 0
4731.8, -25, 0
4731.9, -25, 0
4732, -25, 0
4732.1, -25, 0
4732.2, -25, 0
4732.3, -25, 0
4732.4, -25, 0
4732.5, -25, 0
4732.6, -25, 0
4732.7, -25, 0
4732.8, -25, 0
4732.9, -25, 0
4733, -25, 0
4733.1, -25, 0
4733.2, -25, 0
4733.3, -25, 0
4733.4, -25, 0
4733.5, -25, 0
4733.6, -25, 0
4733.7, -25, 0
4733.8, -25, 0
4733.9, -25, 0
4734, -25, 0
4734.1, -25, 0
4734.2, -25, 0
4734.3, -25, 0
4734.4, -25, 0
4734.5, -25, 0
4734.6, -25, 0
4734.7, -24, 0
4734.8, -24, 0
4734.9, -24, 0
4735, -24, 0
4735.1, -24, 0
4735.2, -24, 0
4735.3, -24, 0
4735.4, -24, 0
4735.5, -24, 0
4735.6, -24, 0
4735.7, -24, 0
4735.8, -24, 0
4735.9, -23, 0
4736, -23, 0
4736.1, -23, 0
4736.2, -23, 0
4736.3, -23, 0
4736.4, -23, 0
4736.5, -23, 0
4736.6, -23, 0
4736.7, -23, 0
4736.8, -23, 0
4736.9, -23, 0
4737, -23, 0
4737.1, -23, 0
4737.2, -23, 0
4737.3, -23, 0
4737.4, -23, 0
4737.5, -23, 0
4737.6, -23, 0
4737.7, -23, 0
4737.8, -23, 0
4737.9, -23, 0
4738, -23, 0
4738.1, -23, 0
4738.2, -23, 0
4738.3, -23, 0
4738.4, -23, 0
4738.5, -23, 0
4738.6, -23, 0
4738.7, -23, 0
4738.8, -23, 0
4738.9, -23, -1
4739, -23, -1
4739.1, -23, -1
4739.2, -23, -1
4739.3, -23, -1
4739.4, -23, -1
4739.5, -23, -1
4739.6, -23, -1
4739.7, -23, -1
4739.8, -23, -1
4739.9, -23, -1
4740, -23, -1
4740.1, -23, -1
4740.2, -23, -1
4740.3, -23, -1
4740.4, -23, -1
4740.5, -23, -1
4740.6, -23, -1
4740.7, -23, -1
4740.8, -23, -1
4740.9, -23, -1
4741, -23, -1
4741.1, -23, -1
4741.2, -23, -1
4741.3, -23, -1
4741.4, -23, -1
4741.5, -23, -1
4741.6, -23, -1
4741.7, -23, -1
4741.8, -23, -1
4741.9, -23, -1
4742, -23, -1
4742.1, -23, -1
4742.2, -23, -1
4742.3, -23, -1
4742.4, -23, -1
4742.5, -23, -1
4742.6, -23, -1
4742.7, -23, -1
4742.8, -23, -1
4742.9, -23, -1
4743, -23, -1
4743.1, -24, -1
4743.2, -24, -1
4743.3, -24, -1
4743.4, -24, -1
4743.5, -24, -1
4743.6, -24, -1
4743.7, -24, -1
4743.8, -24, -1
4743.9, -24, -1
4744, -24, -1
4744.1, -24, -2
4744.2, -24, -2
4744.3, -24, -2
4744.4, -24, -2
4744.5, -24, -2
4744.6, -24, -2
4744.7, -24, -2
4744.8, -24, -2
4744.9, -24, -2
4745, -24, -2
4745.1, -24, -2
4745.2, -24, -2
4745.3, -24, -2
4745.4, -24, -2
4745.5, -24, -2
4745.6, -24, -2
4745.7, -24, -2
4745.8, -24, -2
4745.9, -24, -2
4746, -24, -2
4746.1, -24, -2
4746.2, -24, -2
4746.3, -24, -2
4746.4, -24, -2
4746.5, -24, -2
4746.6, -24, -2
4746.7, -24, -2
4746.8, -24, -2
4746.9, -24, -2
4747, -24, -2
4747.1, -24, -2
4747.2, -24, -2
4747.3, -24, -2
4747.4, -24, -2
4747.5, -24, -2
4747.6, -24, -2
4747.7, -24, -2
4747.8, -24, -2
4747.9, -24, -2
4748, -24, -2
4748.1, -24, -2
4748.2, -24, -2
4748.3, -24, -2
4748.4, -24, -2
4748.5, -24, -2
4748.6, -24, -2
4748.7, -24, -2
4748.8, -24, -2
4748.9, -24, -2
4749, -24, -2
4749.1, -24, -2
4749.2, -24, -2
4749.3, -24, -2
4749.4, -24, -2
4749.5, -24, -2
4749.6, -24, -2
4749.7, -24, -2
4749.8, -24, -2
4749.9, -24, -2
4750, -24, -2
4750.1, -24, -2
4750.2, -24, -2
4750.3, -24, -2
4750.4, -24, -2
4750.5, -24, -2
4750.6, -24, -2
4750.7, -24, -2
4750.8, -24, -2
4750.9, -24, -2
4751, -24, -2
4751.1, -24, -2
4751.2, -24, -2
4751.3, -24, -2
4751.4, -24, -2
4751.5, -24, -2
4751.6, -24, -2
4751.7, -24, -2
4751.8, -24, -2
4751.9, -24, -2
4752, -24, -2
4752.1, -24, -2
4752.2, -24, -2
4752.3, -24, -2
4752.4, -24, -2
4752.5, -24, -2
4752.6, -24, -2
4752.7, -24, -2
4752.8, -24, -2
4752.9, -24, -2
4753, -24, -2
4753.1, -24, -2
4753.2, -24, -2
4753.3, -24, -2
4753.4, -24, -2
4753.5, -24, -2
4753.6, -24, -2
4753.7, -24, -2
4753.8, -24, -2
4753.9, -24, -2
4754, -24, -2
4754.1, -24, -2
4754.2, -24, -2
4754.3, -24, -2
4754.4, -24, -2
4754.5, -24, -2
4754.6, -24, -2
4754.7, -24, -2
4754.8, -24, -2
4754.9, -24, -2
4755, -24, -2
4755.1, -24, -2
4755.2, -24, -2
4755.3, -24, -2
4755.4, -24, -2
4755.5, -24, -2
4755.6, -24, -2
4755.7, -24, -2
4755.8, -24, -2
4755.9, -24, -2
4756, -24, -2
4756.1, -23, -2
4756.2, -23, -2
4756.3, -23, -2
4756.4, -23, -2
4756.5, -23, -2
4756.6, -23, -2
4756.7, -23, -1
4756.8, -23, -1
4756.9, -23, -1
4757, -23, -1
4757.1, -23, -1
4757.2, -23, -1
4757.3, -23, -1
4757.4, -23, -1
4757.5, -23, -1
4757.6, -23, -1
4757.7, -23, -1
4757.8, -23, -1
4757.9, -23, -1
4758, -23, -1
4758.1, -23, -1
4758.2, -23, -1
4758.3, -23, -1
4758.4, -23, -1
4758.5, -23, -1
4758.6, -23, -1
4758.7, -23, -2
4758.8, -23, -2
4758.9, -23, -2
4759, -23, -2
4759.1, -23, -2
4759.2, -23, -2
4759.3, -23, -2
4759.4, -23, -2
4759.5, -23, -2
4759.6, -23, -2
4759.7, -23, -1
4759.8, -23, -1
4759.9, -23, -1
4760, -23, -1
4760.1, -23, -1
4760.2, -23, -1
4760.3, -23, -1
4760.4, -23, -1
4760.5, -23, -1
4760.6, -23, -1
4760.7, -23, -1
4760.8, -23, -1
4760.9, -23, -1
4761, -23, -1
4761.1, -23, -1
4761.2, -23, -1
4761.3, -23, -1
4761.4, -23, -1
4761.5, -23, -1
4761.6, -23, -1
4761.7, -23, -1
4761.8, -23, -1
4761.9, -23, -1
4762, -23, -1
4762.1, -23, -1
4762.2, -23, -1
4762.3, -23, -1
4762.4, -23, -1
4762.5, -23, -1
4762.6, -23, -1
4762.7, -23, -1
4762.8, -23, -1
4762.9, -23, -1
4763, -23, -1
4763.1, -23, -1
4763.2, -23, -1
4763.3, -23, -1
4763.4, -23, -1
4763.5, -23, -1
4763.6, -23, -1
4763.7, -23, -1
4763.8, -23, -1
4763.9, -23, 0
4764, -23, 0
4764.1, -23, -1
4764.2, -23, -1
4764.3, -23, -1
4764.4, -23, -1
4764.5, -23, -1
4764.6, -23, -1
4764.7, -23, -1
4764.8, -23, -1
4764.9, -23, -1
4765, -23, -1
4765.1, -23, -1
4765.2, -23, -1
4765.3, -23, -1
4765.4, -23, -1
4765.5, -23, -1
4765.6, -23, -1
4765.7, -23, -1
4765.8, -23, -1
4765.9, -23, -1
4766, -23, -1
4766.1, -23, -1
4766.2, -23, -1
4766.3, -23, -1
4766.4, -23, -1
4766.5, -23, -1
4766.6, -23, -1
4766.7, -23, -1
4766.8, -23, -1
4766.9, -23, -1
4767, -23, -1
4767.1, -23, -1
4767.2, -23, -1
4767.3, -23, -1
4767.4, -23, -1
4767.5, -22, -1
4767.6, -22, -1
4767.7, -22, -1
4767.8, -22, -1
4767.9, -22, -1
4768, -22, -1
4768.1, -22, 0
4768.2, -22, 0
4768.3, -22, 0
4768.4, -22, 0
4768.5, -22, 0
4768.6, -22, 0
4768.7, -22, -1
4768.8, -22, -1
4768.9, -22, -1
4769, -22, -1
4769.1, -23, -1
4769.2, -23, -1
4769.3, -23, -1
4769.4, -23, -1
4769.5, -23, -1
4769.6, -23, -1
4769.7, -23, -1
4769.8, -23, -1
4769.9, -23, -1
4770, -23, -1
4770.1, -23, -1
4770.2, -23, -1
4770.3, -23, -1
4770.4, -23, -1
4770.5, -23, -1
4770.6, -23, -1
4770.7, -23, -1
4770.8, -23, -1
4770.9, -24, -1
4771, -24, -1
4771.1, -24, -1
4771.2, -24, -1
4771.3, -24, -1
4771.4, -24, -1
4771.5, -24, -1
4771.6, -24, -1
4771.7, -24, -1
4771.8, -24, -1
4771.9, -24, -1
4772, -24, -1
4772.1, -24, -1
4772.2, -24, -1
4772.3, -24, -1
4772.4, -24, -1
4772.5, -24, -1
4772.6, -24, -1
4772.7, -24, -2
4772.8, -24, -2
4772.9, -24, -2
4773, -24, -2
4773.1, -24, -2
4773.2, -24, -2
4773.3, -24, -2
4773.4, -24, -2
4773.5, -24, -2
4773.6, -24, -2
4773.7, -24, -2
4773.8, -24, -2
4773.9, -24, -2
4774, -24, -2
4774.1, -23, -2
4774.2, -23, -2
4774.3, -23, -2
4774.4, -23, -2
4774.5, -23, -2
4774.6, -23, -2
4774.7, -23, -3
4774.8, -23, -3
4774.9, -23, -3
4775, -23, -3
4775.1, -23, -3
4775.2, -23, -3
4775.3, -23, -3
4775.4, -23, -3
4775.5, -23, -3
4775.6, -23, -3
4775.7, -23, -3
4775.8, -23, -3
4775.9, -23, -3
4776, -23, -3
4776.1, -23, -3
4776.2, -23, -3
4776.3, -23, -3
4776.4, -23, -3
4776.5, -23, -3
4776.6, -23, -3
4776.7, -23, -3
4776.8, -23, -3
4776.9, -23, -3
4777, -23, -3
4777.1, -23, -3
4777.2, -23, -3
4777.3, -23, -3
4777.4, -23, -3
4777.5, -23, -3
4777.6, -23, -3
4777.7, -24, -3
4777.8, -24, -3
4777.9, -24, -3
4778, -24, -3
4778.1, -23, -3
4778.2, -23, -3
4778.3, -23, -3
4778.4, -23, -3
4778.5, -23, -3
4778.6, -23, -3
4778.7, -23, -3
4778.8, -23, -3
4778.9, -23, -3
4779, -23, -3
4779.1, -23, -3
4779.2, -23, -3
4779.3, -23, -3
4779.4, -23, -3
4779.5, -23, -3
4779.6, -23, -3
4779.7, -23, -3
4779.8, -23, -3
4779.9, -23, -2
4780, -23, -2
4780.1, -23, -2
4780.2, -23, -2
4780.3, -23, -2
4780.4, -23, -2
4780.5, -23, -2
4780.6, -23, -2
4780.7, -23, -2
4780.8, -23, -2
4780.9, -23, -2
4781, -23, -2
4781.1, -23, -2
4781.2, -23, -2
4781.3, -23, -2
4781.4, -23, -2
4781.5, -23, -2
4781.6, -23, -2
4781.7, -23, -2
4781.8, -23, -2
4781.9, -23, -2
4782, -23, -2
4782.1, -23, -2
4782.2, -23, -2
4782.3, -23, -2
4782.4, -23, -2
4782.5, -23, -2
4782.6, -23, -2
4782.7, -23, -1
4782.8, -23, -1
4782.9, -24, -1
4783, -24, -1
4783.1, -24, 0
4783.2, -24, 0
4783.3, -24, 0
4783.4, -24, 0
4783.5, -24, 0
4783.6, -24, 0
4783.7, -24, 1
4783.8, -24, 1
4783.9, -24, 1
4784, -24, 1
4784.1, -24, 1
4784.2, -24, 1
4784.3, -24, 1
4784.4, -24, 1
4784.5, -24, 1
4784.6, -24, 1
4784.7, -24, 1
4784.8, -24, 1
4784.9, -24, 0
4785, -24, 0
4785.1, -24, 0
4785.2, -24, 0
4785.3, -24, 0
4785.4, -24, 0
4785.5, -23, 0
4785.6, -23, 0
4785.7, -23, 0
4785.8, -23, 0
4785.9, -23, 0
4786, -23, 0
4786.1, -24, 0
4786.2, -24, 0
4786.3, -24, 0
4786.4, -24, 0
4786.5, -24, 0
4786.6, -24, 0
4786.7, -24, 0
4786.8, -24, 0
4786.9, -24, 0
4787, -24, 0
4787.1, -24, -1
4787.2, -24, -1
4787.3, -24, -1
4787.4, -24, -1
4787.5, -24, -1
4787.6, -24, -1
4787.7, -24, -1
4787.8, -24, -1
4787.9, -24, -1
4788, -24, -1
4788.1, -24, -1
4788.2, -24, -1
4788.3, -24, -1
4788.4, -24, -1
4788.5, -24, -1
4788.6, -24, -1
4788.7, -24, -1
4788.8, -24, -1
4788.9, -24, -1
4789, -24, -1
4789.1, -24, -1
4789.2, -24, -1
4789.3, -24, -1
4789.4, -24, -1
4789.5, -24, -1
4789.6, -24, -1
4789.7, -24, -1
4789.8, -24, -1
4789.9, -24, -1
4790, -24, -1
4790.1, -24, -1
4790.2, -24, -1
4790.3, -24, -1
4790.4, -24, -1
4790.5, -24, -1
4790.6, -24, -1
4790.7, -24, -1
4790.8, -24, -1
4790.9, -24, -1
4791, -24, -1
4791.1, -24, -1
4791.2, -24, -1
4791.3, -24, -1
4791.4, -24, -1
4791.5, -23, -1
4791.6, -23, -1
4791.7, -23, -1
4791.8, -23, -1
4791.9, -23, -1
4792, -23, -1
4792.1, -24, -1
4792.2, -24, -1
4792.3, -24, -1
4792.4, -24, -1
4792.5, -24, -1
4792.6, -24, -1
4792.7, -24, -1
4792.8, -24, -1
4792.9, -24, -1
4793, -24, -1
4793.1, -24, -1
4793.2, -24, -1
4793.3, -24, -1
4793.4, -24, -1
4793.5, -24, -1
4793.6, -24, -1
4793.7, -24, -1
4793.8, -24, -1
4793.9, -24, -1
4794, -24, -1
4794.1, -24, -1
4794.2, -24, -1
4794.3, -23, -1
4794.4, -23, -1
4794.5, -24, -1
4794.6, -24, -1
4794.7, -24, -1
4794.8, -24, -1
4794.9, -24, -1
4795, -24, -1
4795.1, -24, -1
4795.2, -24, -1
4795.3, -24, -1
4795.4, -24, -1
4795.5, -24, -1
4795.6, -24, -1
4795.7, -24, -1
4795.8, -24, -1
4795.9, -24, -1
4796, -24, -1
4796.1, -24, -1
4796.2, -24, -1
4796.3, -24, -1
4796.4, -24, -1
4796.5, -24, -1
4796.6, -24, -1
4796.7, -24, -1
4796.8, -24, -1
4796.9, -24, -1
4797, -24, -1
4797.1, -24, -1
4797.2, -24, -1
4797.3, -24, -1
4797.4, -24, -1
4797.5, -24, -1
4797.6, -24, -1
4797.7, -24, -1
4797.8, -24, -1
4797.9, -24, -1
4798, -24, -1
4798.1, -24, -2
4798.2, -24, -2
4798.3, -24, -2
4798.4, -24, -2
4798.5, -24, -2
4798.6, -24, -2
4798.7, -24, -2
4798.8, -24, -2
4798.9, -24, -2
4799, -24, -2
4799.1, -24, -2
4799.2, -24, -2
4799.3, -24, -2
4799.4, -24, -2
4799.5, -23, -2
4799.6, -23, -2
4799.7, -23, -2
4799.8, -23, -2
4799.9, -23, -2
4800, -23, -2
4800.1, -23, -2
4800.2, -23, -2
4800.3, -23, -2
4800.4, -23, -2
4800.5, -23, -2
4800.6, -23, -2
4800.7, -23, -2
4800.8, -23, -2
4800.9, -23, -2
4801, -23, -2
4801.1, -23, -2
4801.2, -23, -2
4801.3, -23, -2
4801.4, -23, -2
4801.5, -23, -2
4801.6, -23, -2
4801.7, -23, -2
4801.8, -23, -2
4801.9, -24, -2
4802, -24, -2
4802.1, -24, -2
4802.2, -24, -2
4802.3, -24, -2
4802.4, -24, -2
4802.5, -24, -2
4802.6, -24, -2
4802.7, -24, -2
4802.8, -24, -2
4802.9, -24, -2
4803, -24, -2
4803.1, -23, -2
4803.2, -23, -2
4803.3, -22, -2
4803.4, -22, -2
4803.5, -22, -2
4803.6, -22, -2
4803.7, -22, -2
4803.8, -22, -2
4803.9, -22, -2
4804, -22, -2
4804.1, -22, -2
4804.2, -22, -2
4804.3, -22, -2
4804.4, -22, -2
4804.5, -22, -2
4804.6, -22, -2
4804.7, -22, -2
4804.8, -22, -2
4804.9, -22, -2
4805, -22, -2
4805.1, -22, -2
4805.2, -22, -2
4805.3, -22, -2
4805.4, -22, -2
4805.5, -22, -2
4805.6, -22, -2
4805.7, -22, -2
4805.8, -22, -2
4805.9, -22, -2
4806, -22, -2
4806.1, -22, -2
4806.2, -22, -2
4806.3, -22, -2
4806.4, -22, -2
4806.5, -22, -2
4806.6, -22, -2
4806.7, -22, -2
4806.8, -22, -2
4806.9, -22, -2
4807, -22, -2
4807.1, -22, -2
4807.2, -22, -2
4807.3, -21, -2
4807.4, -21, -2
4807.5, -21, -2
4807.6, -21, -2
4807.7, -21, -2
4807.8, -21, -2
4807.9, -21, -2
4808, -21, -2
4808.1, -21, -2
4808.2, -21, -2
4808.3, -21, -2
4808.4, -21, -2
4808.5, -21, -2
4808.6, -21, -2
4808.7, -21, -2
4808.8, -21, -2
4808.9, -21, -2
4809, -21, -2
4809.1, -21, -2
4809.2, -21, -2
4809.3, -21, -2
4809.4, -21, -2
4809.5, -22, -2
4809.6, -22, -2
4809.7, -22, -1
4809.8, -22, -1
4809.9, -22, -1
4810, -22, -1
4810.1, -22, -1
4810.2, -22, -1
4810.3, -22, -1
4810.4, -22, -1
4810.5, -22, -1
4810.6, -22, -1
4810.7, -22, -1
4810.8, -22, -1
4810.9, -22, -1
4811, -22, -1
4811.1, -22, -1
4811.2, -22, -1
4811.3, -22, -1
4811.4, -22, -1
4811.5, -22, -1
4811.6, -22, -1
4811.7, -22, -1
4811.8, -22, -1
4811.9, -22, -1
4812, -22, -1
4812.1, -22, -1
4812.2, -22, -1
4812.3, -22, -1
4812.4, -22, -1
4812.5, -22, -1
4812.6, -22, -1
4812.7, -22, -1
4812.8, -22, -1
4812.9, -22, -1
4813, -22, -1
4813.1, -22, 0
4813.2, -22, 0
4813.3, -22, 0
4813.4, -22, 0
4813.5, -22, 0
4813.6, -22, 0
4813.7, -22, 0
4813.8, -22, 0
4813.9, -22, 0
4814, -22, 0
4814.1, -22, 0
4814.2, -22, 0
4814.3, -22, 0
4814.4, -22, 0
4814.5, -22, 0
4814.6, -22, 0
4814.7, -22, 0
4814.8, -22, 0
4814.9, -22, 0
4815, -22, 0
4815.1, -22, 0
4815.2, -22, 0
4815.3, -22, 0
4815.4, -22, 0
4815.5, -22, 0
4815.6, -22, 0
4815.7, -22, 0
4815.8, -22, 0
4815.9, -22, 0
4816, -22, 0
4816.1, -22, 0
4816.2, -22, 0
4816.3, -22, 0
4816.4, -22, 0
4816.5, -22, 0
4816.6, -22, 0
4816.7, -22, 0
4816.8, -22, 0
4816.9, -22, 0
4817, -22, 0
4817.1, -22, 0
4817.2, -22, 0
4817.3, -22, 0
4817.4, -22, 0
4817.5, -22, 0
4817.6, -22, 0
4817.7, -22, 0
4817.8, -22, 0
4817.9, -22, 0
4818, -22, 0
4818.1, -22, 0
4818.2, -22, 0
4818.3, -22, 0
4818.4, -22, 0
4818.5, -22, 0
4818.6, -22, 0
4818.7, -22, 0
4818.8, -22, 0
4818.9, -22, 0
4819, -22, 0
4819.1, -22, 0
4819.2, -22, 0
4819.3, -22, 0
4819.4, -22, 0
4819.5, -22, 0
4819.6, -22, 0
4819.7, -22, 0
4819.8, -22, 0
4819.9, -22, 0
4820, -22, 0
4820.1, -22, 0
4820.2, -22, 0
4820.3, -22, 0
4820.4, -22, 0
4820.5, -22, 0
4820.6, -22, 0
4820.7, -22, 0
4820.8, -22, 0
4820.9, -22, 0
4821, -22, 0
4821.1, -22, 0
4821.2, -22, 0
4821.3, -22, 0
4821.4, -22, 0
4821.5, -22, 0
4821.6, -22, 0
4821.7, -22, 0
4821.8, -22, 0
4821.9, -22, 0
4822, -22, 0
4822.1, -22, 0
4822.2, -22, 0
4822.3, -22, 0
4822.4, -22, 0
4822.5, -22, 0
4822.6, -22, 0
4822.7, -22, 0
4822.8, -22, 0
4822.9, -22, 0
4823, -22, 0
4823.1, -22, 0
4823.2, -22, 0
4823.3, -22, 0
4823.4, -22, 0
4823.5, -21, 0
4823.6, -21, 0
4823.7, -21, 0
4823.8, -21, 0
4823.9, -21, 0
4824, -21, 0
4824.1, -21, 0
4824.2, -21, 0
4824.3, -21, 0
4824.4, -21, 0
4824.5, -21, 0
4824.6, -21, 0
4824.7, -21, 0
4824.8, -21, 0
4824.9, -21, 0
4825, -21, 0
4825.1, -21, 0
4825.2, -21, 0
4825.3, -21, 0
4825.4, -21, 0
4825.5, -21, 0
4825.6, -21, 0
4825.7, -21, 0
4825.8, -21, 0
4825.9, -21, 0
4826, -21, 0
4826.1, -21, 0
4826.2, -21, 0
4826.3, -21, 0
4826.4, -21, 0
4826.5, -21, 0
4826.6, -21, 0
4826.7, -21, 0
4826.8, -21, 0
4826.9, -21, 0
4827, -21, 0
4827.1, -21, 0
4827.2, -21, 0
4827.3, -21, 0
4827.4, -21, 0
4827.5, -21, 0
4827.6, -21, 0
4827.7, -21, 0
4827.8, -21, 0
4827.9, -21, 0
4828, -21, 0
4828.1, -21, 0
4828.2, -21, 0
4828.3, -21, 0
4828.4, -21, 0
4828.5, -21, 0
4828.6, -21, 0
4828.7, -21, 0
4828.8, -21, 0
4828.9, -21, 0
4829, -21, 0
4829.1, -22, 0
4829.2, -22, 0
4829.3, -22, 0
4829.4, -22, 0
4829.5, -22, 0
4829.6, -22, 0
4829.7, -23, 0
4829.8, -23, 0
4829.9, -23, 0
4830, -23, 0
4830.1, -23, 0
4830.2, -23, 0
4830.3, -23, 0
4830.4, -23, 0
4830.5, -23, 0
4830.6, -23, 0
4830.7, -23, 0
4830.8, -23, 0
4830.9, -23, 0
4831, -23, 0
4831.1, -23, 0
4831.2, -23, 0
4831.3, -23, 0
4831.4, -23, 0
4831.5, -23, 0
4831.6, -23, 0
4831.7, -23, 0
4831.8, -23, 0
4831.9, -22, 0
4832, -22, 0
4832.1, -22, 0
4832.2, -22, 0
4832.3, -22, 0
4832.4, -22, 0
4832.5, -22, 0
4832.6, -22, 0
4832.7, -22, 0
4832.8, -22, 0
4832.9, -22, 0
4833, -22, 0
4833.1, -22, 0
4833.2, -22, 0
4833.3, -22, 0
4833.4, -22, 0
4833.5, -22, 0
4833.6, -22, 0
4833.7, -22, 0
4833.8, -22, 0
4833.9, -22, 0
4834, -22, 0
4834.1, -22, 1
4834.2, -22, 1
4834.3, -22, 1
4834.4, -22, 1
4834.5, -22, 2
4834.6, -22, 2
4834.7, -22, 1
4834.8, -22, 1
4834.9, -22, 1
4835, -22, 1
4835.1, -22, 1
4835.2, -22, 1
4835.3, -22, 1
4835.4, -22, 1
4835.5, -22, 1
4835.6, -22, 1
4835.7, -22, 1
4835.8, -22, 1
4835.9, -22, 1
4836, -22, 1
4836.1, -22, 1
4836.2, -22, 1
4836.3, -22, 0
4836.4, -22, 0
4836.5, -22, 0
4836.6, -22, 0
4836.7, -22, 0
4836.8, -22, 0
4836.9, -22, 0
4837, -22, 0
4837.1, -22, 0
4837.2, -22, 0
4837.3, -22, 0
4837.4, -22, 0
4837.5, -22, 0
4837.6, -22, 0
4837.7, -22, 0
4837.8, -22, 0
4837.9, -23, 0
4838, -23, 0
4838.1, -23, 0
4838.2, -23, 0
4838.3, -23, -1
4838.4, -23, -1
4838.5, -23, -1
4838.6, -23, -1
4838.7, -23, -1
4838.8, -23, -1
4838.9, -23, -1
4839, -23, -1
4839.1, -23, -1
4839.2, -23, -1
4839.3, -23, -1
4839.4, -23, -1
4839.5, -23, -1
4839.6, -23, -1
4839.7, -23, -1
4839.8, -23, -1
4839.9, -23, -1
4840, -23, -1
4840.1, -23, -1
4840.2, -23, -1
4840.3, -23, -1
4840.4, -23, -1
4840.5, -23, -1
4840.6, -23, -1
4840.7, -23, -1
4840.8, -23, -1
4840.9, -23, -1
4841, -23, -1
4841.1, -23, -1
4841.2, -23, -1
4841.3, -23, -1
4841.4, -23, -1
4841.5, -23, -1
4841.6, -23, -1
4841.7, -23, -1
4841.8, -23, -1
4841.9, -23, -1
4842, -23, -1
4842.1, -23, -1
4842.2, -23, -1
4842.3, -23, -2
4842.4, -23, -2
4842.5, -23, -2
4842.6, -23, -2
4842.7, -23, -2
4842.8, -23, -2
4842.9, -23, -2
4843, -23, -2
4843.1, -23, -2
4843.2, -23, -2
4843.3, -23, -2
4843.4, -23, -2
4843.5, -23, -2
4843.6, -23, -2
4843.7, -23, -2
4843.8, -23, -2
4843.9, -23, -2
4844, -23, -2
4844.1, -23, -2
4844.2, -23, -2
4844.3, -24, -2
4844.4, -24, -2
4844.5, -24, -2
4844.6, -24, -2
4844.7, -24, -2
4844.8, -24, -2
4844.9, -24, -2
4845, -24, -2
4845.1, -24, -2
4845.2, -24, -2
4845.3, -24, -2
4845.4, -24, -2
4845.5, -24, -2
4845.6, -24, -2
4845.7, -24, -2
4845.8, -24, -2
4845.9, -24, -2
4846, -24, -2
4846.1, -24, -1
4846.2, -24, -1
4846.3, -24, -1
4846.4, -24, -1
4846.5, -24, -1
4846.6, -24, -1
4846.7, -24, -1
4846.8, -24, -1
4846.9, -24, -1
4847, -24, -1
4847.1, -23, -1
4847.2, -23, -1
4847.3, -23, -1
4847.4, -23, -1
4847.5, -23, -1
4847.6, -23, -1
4847.7, -23, -1
4847.8, -23, -1
4847.9, -23, -1
4848, -23, -1
4848.1, -23, -1
4848.2, -23, -1
4848.3, -23, -1
4848.4, -23, -1
4848.5, -23, 0
4848.6, -23, 0
4848.7, -23, 0
4848.8, -23, 0
4848.9, -23, 0
4849, -23, 0
4849.1, -23, 0
4849.2, -23, 0
4849.3, -23, 0
4849.4, -23, 0
4849.5, -23, 0
4849.6, -23, 0
4849.7, -23, 0
4849.8, -23, 0
4849.9, -23, 0
4850, -23, 0
4850.1, -23, 0
4850.2, -23, 0
4850.3, -23, 0
4850.4, -23, 0
4850.5, -23, 0
4850.6, -23, 0
4850.7, -23, 0
4850.8, -23, 0
4850.9, -23, 0
4851, -23, 0
4851.1, -23, 0
4851.2, -23, 0
4851.3, -23, 0
4851.4, -23, 0
4851.5, -23, 0
4851.6, -23, 0
4851.7, -23, -1
4851.8, -23, -1
4851.9, -24, -1
4852, -24, -1
4852.1, -24, -1
4852.2, -24, -1
4852.3, -24, -1
4852.4, -24, -1
4852.5, -24, -1
4852.6, -24, -1
4852.7, -24, -1
4852.8, -24, -1
4852.9, -24, -1
4853, -24, -1
4853.1, -24, -1
4853.2, -24, -1
4853.3, -24, -1
4853.4, -24, -1
4853.5, -24, -1
4853.6, -24, -1
4853.7, -24, -1
4853.8, -24, -1
4853.9, -24, -1
4854, -24, -1
4854.1, -24, -1
4854.2, -24, -1
4854.3, -24, -1
4854.4, -24, -1
4854.5, -24, -1
4854.6, -24, -1
4854.7, -24, -1
4854.8, -24, -1
4854.9, -24, -1
4855, -24, -1
4855.1, -24, 0
4855.2, -24, 0
4855.3, -24, 0
4855.4, -24, 0
4855.5, -24, 0
4855.6, -24, 0
4855.7, -24, 0
4855.8, -24, 0
4855.9, -24, 0
4856, -24, 0
4856.1, -24, 0
4856.2, -24, 0
4856.3, -23, 0
4856.4, -23, 0
4856.5, -23, 0
4856.6, -23, 0
4856.7, -23, 0
4856.8, -23, 0
4856.9, -23, 0
4857, -23, 0
4857.1, -23, 0
4857.2, -23, 0
4857.3, -23, 0
4857.4, -23, 0
4857.5, -23, 0
4857.6, -23, 0
4857.7, -23, 0
4857.8, -23, 0
4857.9, -23, 0
4858, -23, 0
4858.1, -23, 1
4858.2, -23, 1
4858.3, -23, 1
4858.4, -23, 1
4858.5, -23, 1
4858.6, -23, 1
4858.7, -22, 1
4858.8, -22, 1
4858.9, -22, 2
4859, -22, 2
4859.1, -22, 2
4859.2, -22, 2
4859.3, -22, 2
4859.4, -22, 2
4859.5, -22, 2
4859.6, -22, 2
4859.7, -22, 2
4859.8, -22, 2
4859.9, -22, 1
4860, -22, 1
4860.1, -22, 1
4860.2, -22, 1
4860.3, -22, 1
4860.4, -22, 1
4860.5, -22, 1
4860.6, -22, 1
4860.7, -22, 1
4860.8, -22, 1
4860.9, -22, 1
4861, -22, 1
4861.1, -22, 1
4861.2, -22, 1
4861.3, -22, 1
4861.4, -22, 1
4861.5, -22, 1
4861.6, -22, 1
4861.7, -22, 1
4861.8, -22, 1
4861.9, -22, 1
4862, -22, 1
4862.1, -22, 1
4862.2, -22, 1
4862.3, -22, 1
4862.4, -22, 1
4862.5, -22, 1
4862.6, -22, 1
4862.7, -22, 1
4862.8, -22, 1
4862.9, -22, 1
4863, -22, 1
4863.1, -22, 1
4863.2, -22, 1
4863.3, -22, 1
4863.4, -22, 1
4863.5, -22, 1
4863.6, -22, 1
4863.7, -22, 1
4863.8, -22, 1
4863.9, -22, 1
4864, -22, 1
4864.1, -22, 1
4864.2, -22, 1
4864.3, -22, 1
4864.4, -22, 1
4864.5, -22, 1
4864.6, -22, 1
4864.7, -22, 1
4864.8, -22, 1
4864.9, -22, 1
4865, -22, 1
4865.1, -23, 1
4865.2, -23, 1
4865.3, -23, 1
4865.4, -23, 1
4865.5, -23, 1
4865.6, -23, 1
4865.7, -23, 1
4865.8, -23, 1
4865.9, -23, 1
4866, -23, 1
4866.1, -23, 1
4866.2, -23, 1
4866.3, -23, 1
4866.4, -23, 1
4866.5, -23, 2
4866.6, -23, 2
4866.7, -23, 2
4866.8, -23, 2
4866.9, -23, 2
4867, -23, 2
4867.1, -23, 2
4867.2, -23, 2
4867.3, -22, 2
4867.4, -22, 2
4867.5, -22, 2
4867.6, -22, 2
4867.7, -22, 2
4867.8, -22, 2
4867.9, -22, 2
4868, -22, 2
4868.1, -22, 2
4868.2, -22, 2
4868.3, -22, 2
4868.4, -22, 2
4868.5, -22, 1
4868.6, -22, 1
4868.7, -22, 1
4868.8, -22, 1
4868.9, -22, 1
4869, -22, 1
4869.1, -22, 1
4869.2, -22, 1
4869.3, -22, 1
4869.4, -22, 1
4869.5, -22, 1
4869.6, -22, 1
4869.7, -22, 1
4869.8, -22, 1
4869.9, -22, 1
4870, -22, 1
4870.1, -22, 1
4870.2, -22, 1
4870.3, -22, 1
4870.4, -22, 1
4870.5, -22, 1
4870.6, -22, 1
4870.7, -22, 1
4870.8, -22, 1
4870.9, -22, 1
4871, -22, 1
4871.1, -22, 1
4871.2, -22, 1
4871.3, -22, 1
4871.4, -22, 1
4871.5, -22, 1
4871.6, -22, 1
4871.7, -22, 1
4871.8, -22, 1
4871.9, -22, 1
4872, -22, 1
4872.1, -22, 1
4872.2, -22, 1
4872.3, -22, 1
4872.4, -22, 1
4872.5, -22, 1
4872.6, -22, 1
4872.7, -22, 1
4872.8, -22, 1
4872.9, -22, 1
4873, -22, 1
4873.1, -22, 1
4873.2, -22, 1
4873.3, -22, 1
4873.4, -22, 1
4873.5, -22, 1
4873.6, -22, 1
4873.7, -23, 1
4873.8, -23, 1
4873.9, -23, 1
4874, -23, 1
4874.1, -23, 1
4874.2, -23, 1
4874.3, -23, 1
4874.4, -23, 1
4874.5, -23, 0
4874.6, -23, 0
4874.7, -23, 0
4874.8, -23, 0
4874.9, -23, 0
4875, -23, 0
4875.1, -23, 0
4875.2, -23, 0
4875.3, -23, 0
4875.4, -23, 0
4875.5, -23, 0
4875.6, -23, 0
4875.7, -23, 0
4875.8, -23, 0
4875.9, -23, 0
4876, -23, 0
4876.1, -23, 0
4876.2, -23, 0
4876.3, -23, 0
4876.4, -23, 0
4876.5, -23, 0
4876.6, -23, 0
4876.7, -23, 0
4876.8, -23, 0
4876.9, -23, 0
4877, -23, 0
4877.1, -23, 0
4877.2, -23, 0
4877.3, -23, 0
4877.4, -23, 0
4877.5, -23, 0
4877.6, -23, 0
4877.7, -23, 0
4877.8, -23, 0
4877.9, -23, 0
4878, -23, 0
4878.1, -23, 0
4878.2, -23, 0
4878.3, -23, 0
4878.4, -23, 0
4878.5, -23, 0
4878.6, -23, 0
4878.7, -23, 0
4878.8, -23, 0
4878.9, -23, 0
4879, -23, 0
4879.1, -23, 0
4879.2, -23, 0
4879.3, -23, 1
4879.4, -23, 1
4879.5, -23, 1
4879.6, -23, 1
4879.7, -23, 1
4879.8, -23, 1
4879.9, -23, 0
4880, -23, 0
4880.1, -23, 0
4880.2, -23, 0
4880.3, -23, 0
4880.4, -23, 0
4880.5, -23, 0
4880.6, -23, 0
4880.7, -23, 0
4880.8, -23, 0
4880.9, -23, 0
4881, -23, 0
4881.1, -23, 0
4881.2, -23, 0
4881.3, -23, 0
4881.4, -23, 0
4881.5, -23, 0
4881.6, -23, 0
4881.7, -23, 0
4881.8, -23, 0
4881.9, -23, 0
4882, -23, 0
4882.1, -23, 0
4882.2, -23, 0
4882.3, -23, 0
4882.4, -23, 0
4882.5, -23, 0
4882.6, -23, 0
4882.7, -23, 0
4882.8, -23, 0
4882.9, -24, 0
4883, -24, 0
4883.1, -24, 0
4883.2, -24, 0
4883.3, -24, 0
4883.4, -24, 0
4883.5, -24, 0
4883.6, -24, 0
4883.7, -24, -1
4883.8, -24, -1
4883.9, -24, 0
4884, -24, 0
4884.1, -24, 0
4884.2, -24, 0
4884.3, -24, 0
4884.4, -24, 0
4884.5, -24, 0
4884.6, -24, 0
4884.7, -24, 0
4884.8, -24, 0
4884.9, -24, 0
4885, -24, 0
4885.1, -24, 0
4885.2, -24, 0
4885.3, -24, 0
4885.4, -24, 0
4885.5, -24, 0
4885.6, -24, 0
4885.7, -24, 0
4885.8, -24, 0
4885.9, -24, 0
4886, -24, 0
4886.1, -24, 0
4886.2, -24, 0
4886.3, -24, 0
4886.4, -24, 0
4886.5, -24, 0
4886.6, -24, 0
4886.7, -24, 0
4886.8, -24, 0
4886.9, -24, 0
4887, -24, 0
4887.1, -24, 0
4887.2, -24, 0
4887.3, -24, 0
4887.4, -24, 0
4887.5, -24, 0
4887.6, -24, 0
4887.7, -24, 0
4887.8, -24, 0
4887.9, -24, 0
4888, -24, 0
4888.1, -24, 0
4888.2, -24, 0
4888.3, -24, 0
4888.4, -24, 0
4888.5, -24, 0
4888.6, -24, 0
4888.7, -24, 0
4888.8, -24, 0
4888.9, -24, -1
4889, -24, -1
4889.1, -24, -1
4889.2, -24, -1
4889.3, -24, -1
4889.4, -24, -1
4889.5, -24, -1
4889.6, -24, -1
4889.7, -24, -1
4889.8, -24, -1
4889.9, -24, -1
4890, -24, -1
4890.1, -24, -1
4890.2, -24, -1
4890.3, -24, -1
4890.4, -24, -1
4890.5, -24, -1
4890.6, -24, -1
4890.7, -24, -1
4890.8, -24, -1
4890.9, -24, -1
4891, -24, -1
4891.1, -24, -1
4891.2, -24, -1
4891.3, -24, -1
4891.4, -24, -1
4891.5, -24, -1
4891.6, -24, -1
4891.7, -24, -1
4891.8, -24, -1
4891.9, -24, -1
4892, -24, -1
4892.1, -24, -1
4892.2, -24, -1
4892.3, -24, -1
4892.4, -24, -1
4892.5, -24, -1
4892.6, -24, -1
4892.7, -24, -1
4892.8, -24, -1
4892.9, -24, -1
4893, -24, -1
4893.1, -24, 0
4893.2, -24, 0
4893.3, -24, 0
4893.4, -24, 0
4893.5, -24, 0
4893.6, -24, 0
4893.7, -24, 0
4893.8, -24, 0
4893.9, -24, 0
4894, -24, 0
4894.1, -24, 0
4894.2, -24, 0
4894.3, -24, 0
4894.4, -24, 0
4894.5, -24, 0
4894.6, -24, 0
4894.7, -24, 0
4894.8, -24, 0
4894.9, -24, 1
4895, -24, 1
4895.1, -24, 1
4895.2, -24, 1
4895.3, -24, 1
4895.4, -24, 1
4895.5, -24, 1
4895.6, -24, 1
4895.7, -25, 1
4895.8, -25, 1
4895.9, -25, 1
4896, -25, 1
4896.1, -25, 1
4896.2, -25, 1
4896.3, -25, 1
4896.4, -25, 1
4896.5, -25, 1
4896.6, -25, 1
4896.7, -25, 1
4896.8, -25, 1
4896.9, -25, 1
4897, -25, 1
4897.1, -25, 1
4897.2, -25, 1
4897.3, -25, 1
4897.4, -25, 1
4897.5, -25, 2
4897.6, -25, 2
4897.7, -25, 2
4897.8, -25, 2
4897.9, -26, 2
4898, -26, 2
4898.1, -26, 2
4898.2, -26, 2
4898.3, -26, 2
4898.4, -26, 2
4898.5, -26, 2
4898.6, -26, 2
4898.7, -25, 2
4898.8, -25, 2
4898.9, -25, 2
4899, -25, 2
4899.1, -25, 2
4899.2, -25, 2
4899.3, -26, 2
4899.4, -26, 2
4899.5, -26, 2
4899.6, -26, 2
4899.7, -26, 2
4899.8, -26, 2
4899.9, -26, 2
4900, -26, 2
4900.1, -26, 2
4900.2, -26, 2
4900.3, -26, 2
4900.4, -26, 2
4900.5, -26, 2
4900.6, -26, 2
4900.7, -26, 2
4900.8, -26, 2
4900.9, -26, 2
4901, -26, 2
4901.1, -26, 2
4901.2, -26, 2
4901.3, -26, 2
4901.4, -26, 2
4901.5, -26, 2
4901.6, -26, 2
4901.7, -26, 2
4901.8, -26, 2
4901.9, -26, 2
4902, -26, 2
4902.1, -26, 2
4902.2, -26, 2
4902.3, -26, 1
4902.4, -26, 1
4902.5, -26, 1
4902.6, -26, 1
4902.7, -26, 1
4902.8, -26, 1
4902.9, -26, 1
4903, -26, 1
4903.1, -26, 1
4903.2, -26, 1
4903.3, -26, 1
4903.4, -26, 1
4903.5, -26, 1
4903.6, -26, 1
4903.7, -26, 1
4903.8, -26, 1
4903.9, -26, 1
4904, -26, 1
4904.1, -26, 1
4904.2, -26, 1
4904.3, -26, 1
4904.4, -26, 1
4904.5, -26, 1
4904.6, -26, 1
4904.7, -26, 1
4904.8, -26, 1
4904.9, -26, 1
4905, -26, 1
4905.1, -26, 1
4905.2, -26, 1
4905.3, -26, 1
4905.4, -26, 1
4905.5, -26, 0
4905.6, -26, 0
4905.7, -26, 0
4905.8, -26, 0
4905.9, -26, 0
4906, -26, 0
4906.1, -26, 0
4906.2, -26, 0
4906.3, -25, 0
4906.4, -25, 0
4906.5, -25, 0
4906.6, -25, 0
4906.7, -25, 0
4906.8, -25, 0
4906.9, -25, 0
4907, -25, 0
4907.1, -25, 0
4907.2, -25, 0
4907.3, -25, 0
4907.4, -25, 0
4907.5, -25, 0
4907.6, -25, 0
4907.7, -25, 0
4907.8, -25, 0
4907.9, -25, 1
4908, -25, 1
4908.1, -26, 1
4908.2, -26, 1
4908.3, -26, 1
4908.4, -26, 1
4908.5, -27, 1
4908.6, -27, 1
4908.7, -27, 1
4908.8, -27, 1
4908.9, -27, 1
4909, -27, 1
4909.1, -27, 1
4909.2, -27, 1
4909.3, -27, 1
4909.4, -27, 1
4909.5, -27, 1
4909.6, -27, 1
4909.7, -27, 1
4909.8, -27, 1
4909.9, -27, 1
4910, -27, 1
4910.1, -27, 1
4910.2, -27, 1
4910.3, -27, 1
4910.4, -27, 1
4910.5, -27, 1
4910.6, -27, 1
4910.7, -27, 1
4910.8, -27, 1
4910.9, -27, 1
4911, -27, 1
4911.1, -27, 1
4911.2, -27, 1
4911.3, -27, 1
4911.4, -27, 1
4911.5, -27, 1
4911.6, -27, 1
4911.7, -28, 1
4911.8, -28, 1
4911.9, -28, 1
4912, -28, 1
4912.1, -28, 2
4912.2, -28, 2
4912.3, -28, 2
4912.4, -28, 2
4912.5, -28, 2
4912.6, -28, 2
4912.7, -28, 2
4912.8, -28, 2
4912.9, -28, 2
4913, -28, 2
4913.1, -28, 2
4913.2, -28, 2
4913.3, -28, 2
4913.4, -28, 2
4913.5, -28, 2
4913.6, -28, 2
4913.7, -28, 3
4913.8, -28, 3
4913.9, -27, 3
4914, -27, 3
4914.1, -27, 3
4914.2, -27, 3
4914.3, -27, 3
4914.4, -27, 3
4914.5, -27, 3
4914.6, -27, 3
4914.7, -27, 3
4914.8, -27, 3
4914.9, -27, 4
4915, -27, 4
4915.1, -27, 4
4915.2, -27, 4
4915.3, -27, 4
4915.4, -27, 4
4915.5, -27, 4
4915.6, -27, 4
4915.7, -27, 4
4915.8, -27, 4
4915.9, -27, 4
4916, -27, 4
4916.1, -27, 4
4916.2, -27, 4
4916.3, -27, 4
4916.4, -27, 4
4916.5, -27, 4
4916.6, -27, 4
4916.7, -27, 4
4916.8, -27, 4
4916.9, -27, 4
4917, -27, 4
4917.1, -27, 4
4917.2, -27, 4
4917.3, -27, 4
4917.4, -27, 4
4917.5, -27, 4
4917.6, -27, 4
4917.7, -27, 4
4917.8, -27, 4
4917.9, -27, 4
4918, -27, 4
4918.1, -27, 4
4918.2, -27, 4
4918.3, -27, 4
4918.4, -27, 4
4918.5, -27, 4
4918.6, -27, 4
4918.7, -27, 4
4918.8, -27, 4
4918.9, -27, 4
4919, -27, 4
4919.1, -28, 4
4919.2, -28, 4
4919.3, -28, 4
4919.4, -28, 4
4919.5, -28, 4
4919.6, -28, 4
4919.7, -28, 4
4919.8, -28, 4
4919.9, -28, 5
4920, -28, 5
4920.1, -28, 5
4920.2, -28, 5
4920.3, -28, 5
4920.4, -28, 5
4920.5, -28, 5
4920.6, -28, 5
4920.7, -28, 5
4920.8, -28, 5
4920.9, -28, 5
4921, -28, 5
4921.1, -28, 5
4921.2, -28, 5
4921.3, -28, 5
4921.4, -28, 5
4921.5, -28, 5
4921.6, -28, 5
4921.7, -28, 5
4921.8, -28, 5
4921.9, -28, 5
4922, -28, 5
4922.1, -28, 5
4922.2, -28, 5
4922.3, -28, 5
4922.4, -28, 5
4922.5, -28, 5
4922.6, -28, 5
4922.7, -28, 5
4922.8, -28, 5
4922.9, -28, 5
4923, -28, 5
4923.1, -28, 5
4923.2, -28, 5
4923.3, -28, 5
4923.4, -28, 5
4923.5, -28, 5
4923.6, -28, 5
4923.7, -28, 5
4923.8, -28, 5
4923.9, -28, 5
4924, -28, 5
4924.1, -28, 5
4924.2, -28, 5
4924.3, -28, 5
4924.4, -28, 5
4924.5, -28, 5
4924.6, -28, 5
4924.7, -28, 5
4924.8, -28, 5
4924.9, -28, 5
4925, -28, 5
4925.1, -28, 5
4925.2, -28, 5
4925.3, -28, 5
4925.4, -28, 5
4925.5, -28, 5
4925.6, -28, 5
4925.7, -28, 5
4925.8, -28, 5
4925.9, -28, 5
4926, -28, 5
4926.1, -29, 5
4926.2, -29, 5
4926.3, -29, 5
4926.4, -29, 5
4926.5, -29, 5
4926.6, -29, 5
4926.7, -29, 5
4926.8, -29, 5
4926.9, -29, 5
4927, -29, 5
4927.1, -29, 5
4927.2, -29, 5
4927.3, -29, 5
4927.4, -29, 5
4927.5, -29, 5
4927.6, -29, 5
4927.7, -29, 5
4927.8, -29, 5
4927.9, -29, 5
4928, -29, 5
4928.1, -29, 5
4928.2, -29, 5
4928.3, -29, 5
4928.4, -29, 5
4928.5, -29, 5
4928.6, -29, 5
4928.7, -29, 5
4928.8, -29, 5
4928.9, -29, 5
4929, -29, 5
4929.1, -29, 5
4929.2, -29, 5
4929.3, -29, 5
4929.4, -29, 5
4929.5, -29, 5
4929.6, -29, 5
4929.7, -29, 5
4929.8, -29, 5
4929.9, -29, 4
4930, -29, 4
4930.1, -29, 4
4930.2, -29, 4
4930.3, -29, 4
4930.4, -29, 4
4930.5, -29, 4
4930.6, -29, 4
4930.7, -29, 4
4930.8, -29, 4
4930.9, -29, 4
4931, -29, 4
4931.1, -29, 4
4931.2, -29, 4
4931.3, -29, 4
4931.4, -29, 4
4931.5, -29, 4
4931.6, -29, 4
4931.7, -29, 4
4931.8, -29, 4
4931.9, -29, 4
4932, -29, 4
4932.1, -29, 4
4932.2, -29, 4
4932.3, -30, 4
4932.4, -30, 4
4932.5, -30, 4
4932.6, -30, 4
4932.7, -30, 4
4932.8, -30, 4
4932.9, -30, 4
4933, -30, 4
4933.1, -29, 4
4933.2, -29, 4
4933.3, -29, 4
4933.4, -29, 4
4933.5, -29, 4
4933.6, -29, 4
4933.7, -29, 4
4933.8, -29, 4
4933.9, -29, 4
4934, -29, 4
4934.1, -29, 4
4934.2, -29, 4
4934.3, -29, 4
4934.4, -29, 4
4934.5, -29, 4
4934.6, -29, 4
4934.7, -29, 4
4934.8, -29, 4
4934.9, -29, 4
4935, -29, 4
4935.1, -29, 4
4935.2, -29, 4
4935.3, -29, 4
4935.4, -29, 4
4935.5, -29, 4
4935.6, -29, 4
4935.7, -29, 4
4935.8, -29, 4
4935.9, -29, 4
4936, -29, 4
4936.1, -29, 4
4936.2, -29, 4
4936.3, -29, 4
4936.4, -29, 4
4936.5, -29, 4
4936.6, -29, 4
4936.7, -29, 4
4936.8, -29, 4
4936.9, -29, 4
4937, -29, 4
4937.1, -29, 4
4937.2, -29, 4
4937.3, -29, 3
4937.4, -29, 3
4937.5, -29, 3
4937.6, -29, 3
4937.7, -29, 3
4937.8, -29, 3
4937.9, -29, 3
4938, -29, 3
4938.1, -29, 3
4938.2, -29, 3
4938.3, -29, 3
4938.4, -29, 3
4938.5, -30, 3
4938.6, -30, 3
4938.7, -30, 3
4938.8, -30, 3
4938.9, -30, 3
4939, -30, 3
4939.1, -30, 3
4939.2, -30, 3
4939.3, -30, 3
4939.4, -30, 3
4939.5, -30, 3
4939.6, -30, 3
4939.7, -30, 3
4939.8, -30, 3
4939.9, -30, 4
4940, -30, 4
4940.1, -30, 4
4940.2, -30, 4
4940.3, -31, 4
4940.4, -31, 4
4940.5, -31, 4
4940.6, -31, 4
4940.7, -31, 4
4940.8, -31, 4
4940.9, -31, 4
4941, -31, 4
4941.1, -31, 4
4941.2, -31, 4
4941.3, -31, 3
4941.4, -31, 3
4941.5, -31, 3
4941.6, -31, 3
4941.7, -32, 3
4941.8, -32, 3
4941.9, -32, 3
4942, -32, 3
4942.1, -32, 3
4942.2, -32, 3
4942.3, -32, 3
4942.4, -32, 3
4942.5, -32, 2
4942.6, -32, 2
4942.7, -32, 2
4942.8, -32, 2
4942.9, -32, 2
4943, -32, 2
4943.1, -32, 2
4943.2, -32, 2
4943.3, -32, 2
4943.4, -32, 2
4943.5, -32, 2
4943.6, -32, 2
4943.7, -32, 2
4943.8, -32, 2
4943.9, -32, 2
4944, -32, 2
4944.1, -32, 2
4944.2, -32, 2
4944.3, -32, 2
4944.4, -32, 2
4944.5, -32, 2
4944.6, -32, 2
4944.7, -32, 2
4944.8, -32, 2
4944.9, -32, 2
4945, -32, 2
4945.1, -32, 2
4945.2, -32, 2
4945.3, -32, 2
4945.4, -32, 2
4945.5, -32, 1
4945.6, -32, 1
4945.7, -32, 1
4945.8, -32, 1
4945.9, -32, 1
4946, -32, 1
4946.1, -32, 1
4946.2, -32, 1
4946.3, -32, 1
4946.4, -32, 1
4946.5, -32, 1
4946.6, -32, 1
4946.7, -32, 1
4946.8, -32, 1
4946.9, -32, 1
4947, -32, 1
4947.1, -32, 0
4947.2, -32, 0
4947.3, -32, 0
4947.4, -32, 0
4947.5, -32, 0
4947.6, -32, 0
4947.7, -32, -1
4947.8, -32, -1
4947.9, -32, -1
4948, -32, -1
4948.1, -32, -1
4948.2, -32, -1
4948.3, -32, -1
4948.4, -32, -1
4948.5, -32, 0
4948.6, -32, 0
4948.7, -32, 0
4948.8, -32, 0
4948.9, -32, 0
4949, -32, 0
4949.1, -32, 0
4949.2, -32, 0
4949.3, -32, 0
4949.4, -32, 0
4949.5, -32, 0
4949.6, -32, 0
4949.7, -32, 0
4949.8, -32, 0
4949.9, -32, 0
4950, -32, 0
4950.1, -32, 0
4950.2, -32, 0
4950.3, -32, 0
4950.4, -32, 0
4950.5, -33, 0
4950.6, -33, 0
4950.7, -33, 0
4950.8, -33, 0
4950.9, -32, 0
4951, -32, 0
4951.1, -32, -1
4951.2, -32, -1
4951.3, -32, -1
4951.4, -32, -1
4951.5, -32, -1
4951.6, -32, -1
4951.7, -32, -1
4951.8, -32, -1
4951.9, -32, -1
4952, -32, -1
4952.1, -32, -1
4952.2, -32, -1
4952.3, -32, -1
4952.4, -32, -1
4952.5, -32, -1
4952.6, -32, -1
4952.7, -31, -1
4952.8, -31, -1
4952.9, -31, -1
4953, -31, -1
4953.1, -31, -1
4953.2, -31, -1
4953.3, -31, -1
4953.4, -31, -1
4953.5, -31, -1
4953.6, -31, -1
4953.7, -31, -1
4953.8, -31, -1
4953.9, -31, -1
4954, -31, -1
4954.1, -31, -1
4954.2, -31, -1
4954.3, -31, -1
4954.4, -31, -1
4954.5, -31, -1
4954.6, -31, -1
4954.7, -31, -1
4954.8, -31, -1
4954.9, -31, -1
4955, -31, -1
4955.1, -31, -1
4955.2, -31, -1
4955.3, -31, -1
4955.4, -31, -1
4955.5, -31, -1
4955.6, -31, -1
4955.7, -31, -2
4955.8, -31, -2
4955.9, -31, -2
4956, -31, -2
4956.1, -31, -2
4956.2, -31, -2
4956.3, -31, -2
4956.4, -31, -2
4956.5, -32, -2
4956.6, -32, -2
4956.7, -32, -2
4956.8, -32, -2
4956.9, -32, -2
4957, -32, -2
4957.1, -33, -2
4957.2, -33, -2
4957.3, -33, -2
4957.4, -33, -2
4957.5, -33, -2
4957.6, -33, -2
4957.7, -33, -2
4957.8, -33, -2
4957.9, -33, -2
4958, -33, -2
4958.1, -33, -2
4958.2, -33, -2
4958.3, -33, -2
4958.4, -33, -2
4958.5, -33, -2
4958.6, -33, -2
4958.7, -33, -2
4958.8, -33, -2
4958.9, -33, -2
4959, -33, -2
4959.1, -33, -2
4959.2, -33, -2
4959.3, -33, -1
4959.4, -33, -1
4959.5, -33, -1
4959.6, -33, -1
4959.7, -33, -1
4959.8, -33, -1
4959.9, -33, -1
4960, -33, -1
4960.1, -33, -1
4960.2, -33, -1
4960.3, -33, 0
4960.4, -33, 0
4960.5, -33, 0
4960.6, -33, 0
4960.7, -33, 0
4960.8, -33, 0
4960.9, -33, 0
4961, -33, 0
4961.1, -33, 0
4961.2, -33, 0
4961.3, -33, 0
4961.4, -33, 0
4961.5, -33, 0
4961.6, -33, 0
4961.7, -33, 0
4961.8, -33, 0
4961.9, -33, 0
4962, -33, 0
4962.1, -33, 0
4962.2, -33, 0
4962.3, -33, 0
4962.4, -33, 0
4962.5, -33, 0
4962.6, -33, 0
4962.7, -33, 0
4962.8, -33, 0
4962.9, -33, 0
4963, -33, 0
4963.1, -33, 0
4963.2, -33, 0
4963.3, -33, 0
4963.4, -33, 0
4963.5, -33, 0
4963.6, -33, 0
4963.7, -33, 0
4963.8, -33, 0
4963.9, -33, 0
4964, -33, 0
4964.1, -33, 0
4964.2, -33, 0
4964.3, -33, 0
4964.4, -33, 0
4964.5, -33, 0
4964.6, -33, 0
4964.7, -33, 0
4964.8, -33, 0
4964.9, -33, 0
4965, -33, 0
4965.1, -33, 0
4965.2, -33, 0
4965.3, -33, 0
4965.4, -33, 0
4965.5, -33, 0
4965.6, -33, 0
4965.7, -33, 0
4965.8, -33, 0
4965.9, -33, 0
4966, -33, 0
4966.1, -33, -1
4966.2, -33, -1
4966.3, -33, -1
4966.4, -33, -1
4966.5, -33, -1
4966.6, -33, -1
4966.7, -33, -1
4966.8, -33, -1
4966.9, -33, -1
4967, -33, -1
4967.1, -33, -1
4967.2, -33, -1
4967.3, -32, -1
4967.4, -32, -1
4967.5, -32, -1
4967.6, -32, -1
4967.7, -32, -1
4967.8, -32, -1
4967.9, -32, -1
4968, -32, -1
4968.1, -32, -1
4968.2, -32, -1
4968.3, -32, -1
4968.4, -32, -1
4968.5, -32, -1
4968.6, -32, -1
4968.7, -32, -1
4968.8, -32, -1
4968.9, -31, -1
4969, -31, -1
4969.1, -31, -1
4969.2, -31, -1
4969.3, -31, -1
4969.4, -31, -1
4969.5, -31, -1
4969.6, -31, -1
4969.7, -31, -1
4969.8, -31, -1
4969.9, -31, -1
4970, -31, -1
4970.1, -31, -1
4970.2, -31, -1
4970.3, -31, -1
4970.4, -31, -1
4970.5, -31, -1
4970.6, -31, -1
4970.7, -31, -2
4970.8, -31, -2
4970.9, -31, -2
4971, -31, -2
4971.1, -31, -3
4971.2, -31, -3
4971.3, -31, -3
4971.4, -31, -3
4971.5, -31, -3
4971.6, -31, -3
4971.7, -31, -3
4971.8, -31, -3
4971.9, -31, -4
4972, -31, -4
4972.1, -31, -4
4972.2, -31, -4
4972.3, -31, -4
4972.4, -31, -4
4972.5, -31, -4
4972.6, -31, -4
4972.7, -32, -4
4972.8, -32, -4
4972.9, -32, -4
4973, -32, -4
4973.1, -32, -4
4973.2, -32, -4
4973.3, -32, -4
4973.4, -32, -4
4973.5, -32, -4
4973.6, -32, -4
4973.7, -32, -4
4973.8, -32, -4
4973.9, -32, -4
4974, -32, -4
4974.1, -32, -4
4974.2, -32, -4
4974.3, -32, -4
4974.4, -32, -4
4974.5, -32, -4
4974.6, -32, -4
4974.7, -32, -4
4974.8, -32, -4
4974.9, -31, -4
4975, -31, -4
4975.1, -31, -4
4975.2, -31, -4
4975.3, -31, -4
4975.4, -31, -4
4975.5, -31, -4
4975.6, -31, -4
4975.7, -31, -4
4975.8, -31, -4
4975.9, -31, -4
4976, -31, -4
4976.1, -31, -4
4976.2, -31, -4
4976.3, -31, -4
4976.4, -31, -4
4976.5, -31, -4
4976.6, -31, -4
4976.7, -31, -4
4976.8, -31, -4
4976.9, -31, -4
4977, -31, -4
4977.1, -31, -4
4977.2, -31, -4
4977.3, -31, -4
4977.4, -31, -4
4977.5, -31, -4
4977.6, -31, -4
4977.7, -31, -4
4977.8, -31, -4
4977.9, -31, -4
4978, -31, -4
4978.1, -31, -4
4978.2, -31, -4
4978.3, -31, -4
4978.4, -31, -4
4978.5, -31, -4
4978.6, -31, -4
4978.7, -31, -4
4978.8, -31, -4
4978.9, -31, -4
4979, -31, -4
4979.1, -31, -4
4979.2, -31, -4
4979.3, -31, -5
4979.4, -31, -5
4979.5, -31, -5
4979.6, -31, -5
4979.7, -31, -5
4979.8, -31, -5
4979.9, -31, -5
4980, -31, -5
4980.1, -31, -5
4980.2, -31, -5
4980.3, -30, -5
4980.4, -30, -5
4980.5, -30, -5
4980.6, -30, -5
4980.7, -30, -5
4980.8, -30, -5
4980.9, -30, -5
4981, -30, -5
4981.1, -30, -5
4981.2, -30, -5
4981.3, -30, -5
4981.4, -30, -5
4981.5, -30, -5
4981.6, -30, -5
4981.7, -30, -5
4981.8, -30, -5
4981.9, -30, -5
4982, -30, -5
4982.1, -30, -5
4982.2, -30, -5
4982.3, -30, -5
4982.4, -30, -5
4982.5, -30, -5
4982.6, -30, -5
4982.7, -30, -5
4982.8, -30, -5
4982.9, -30, -5
4983, -30, -5
4983.1, -30, -5
4983.2, -30, -5
4983.3, -30, -5
4983.4, -30, -5
4983.5, -30, -6
4983.6, -30, -6
4983.7, -30, -6
4983.8, -30, -6
4983.9, -30, -6
4984, -30, -6
4984.1, -30, -6
4984.2, -30, -6
4984.3, -30, -6
4984.4, -30, -6
4984.5, -30, -6
4984.6, -30, -6
4984.7, -30, -6
4984.8, -30, -6
4984.9, -30, -6
4985, -30, -6
4985.1, -30, -6
4985.2, -30, -6
4985.3, -30, -6
4985.4, -30, -6
4985.5, -30, -6
4985.6, -30, -6
4985.7, -30, -6
4985.8, -30, -6
4985.9, -30, -6
4986, -30, -6
4986.1, -30, -5
4986.2, -30, -5
4986.3, -30, -5
4986.4, -30, -5
4986.5, -30, -5
4986.6, -30, -5
4986.7, -30, -5
4986.8, -30, -5
4986.9, -30, -5
4987, -30, -5
4987.1, -30, -5
4987.2, -30, -5
4987.3, -31, -5
4987.4, -31, -5
4987.5, -31, -5
4987.6, -31, -5
4987.7, -31, -5
4987.8, -31, -5
4987.9, -31, -5
4988, -31, -5
4988.1, -31, -5
4988.2, -31, -5
4988.3, -32, -5
4988.4, -32, -5
4988.5, -32, -5
4988.6, -32, -5
4988.7, -32, -5
4988.8, -32, -5
4988.9, -32, -5
4989, -32, -5
4989.1, -32, -5
4989.2, -32, -5
4989.3, -32, -5
4989.4, -32, -5
4989.5, -32, -5
4989.6, -32, -5
4989.7, -32, -5
4989.8, -32, -5
4989.9, -32, -5
4990, -32, -5
4990.1, -32, -5
4990.2, -32, -5
4990.3, -33, -5
4990.4, -33, -5
4990.5, -33, -5
4990.6, -33, -5
4990.7, -33, -5
4990.8, -33, -5
4990.9, -33, -5
4991, -33, -5
4991.1, -33, -5
4991.2, -33, -5
4991.3, -33, -5
4991.4, -33, -5
4991.5, -33, -5
4991.6, -33, -5
4991.7, -33, -5
4991.8, -33, -5
4991.9, -33, -5
4992, -33, -5
4992.1, -33, -5
4992.2, -33, -5
4992.3, -33, -5
4992.4, -33, -5
4992.5, -33, -5
4992.6, -33, -5
4992.7, -33, -5
4992.8, -33, -5
4992.9, -33, -5
4993, -33, -5
4993.1, -33, -5
4993.2, -33, -5
4993.3, -33, -5
4993.4, -33, -5
4993.5, -33, -5
4993.6, -33, -5
4993.7, -33, -5
4993.8, -33, -5
4993.9, -33, -5
4994, -33, -5
4994.1, -33, -5
4994.2, -33, -5
4994.3, -33, -5
4994.4, -33, -5
4994.5, -33, -5
4994.6, -33, -5
4994.7, -33, -5
4994.8, -33, -5
4994.9, -33, -5
4995, -33, -5
4995.1, -33, -5
4995.2, -33, -5
4995.3, -33, -5
4995.4, -33, -5
4995.5, -33, -5
4995.6, -33, -5
4995.7, -33, -5
4995.8, -33, -5
4995.9, -33, -5
4996, -33, -5
4996.1, -33, -5
4996.2, -33, -5
4996.3, -33, -5
4996.4, -33, -5
4996.5, -33, -5
4996.6, -33, -5
4996.7, -33, -5
4996.8, -33, -5
4996.9, -33, -6
4997, -33, -6
4997.1, -33, -6
4997.2, -33, -6
4997.3, -33, -6
4997.4, -33, -6
4997.5, -33, -6
4997.6, -33, -6
4997.7, -33, -6
4997.8, -33, -6
4997.9, -33, -5
4998, -33, -5
4998.1, -33, -5
4998.2, -33, -5
4998.3, -33, -4
4998.4, -33, -4
4998.5, -33, -4
4998.6, -33, -4
4998.7, -33, -4
4998.8, -33, -4
4998.9, -33, -4
4999, -33, -4
4999.1, -33, -4
4999.2, -33, -4
4999.3, -33, -4
4999.4, -33, -4
4999.5, -33, -4
4999.6, -33, -4
4999.7, -33, -4
4999.8, -33, -4
4999.9, -33, -4
5000, -33, -4
