0;0,35;3,96;4,54;4,98;5,41;7,89;8,36;12,18;13,82;13,84;14,51;14,68;14,96;15,25;16,74;17,50;17,55;18,67;19,90;20,73;22,86;22,88;23,59;24,6;25,93;26,78;27,80;28,3;28,22;29,81;32,66;32,97;35,27;35,97;37,83;38,62;39,37;40,18;41,95;41,96;43,81;46,7;49,69;51,69;52,93;52,94;53,65;55,95;56,10;56,38;56,80;57,23;57,25;57,41;58,93;61,38;63,38;64,74;65,90;67,36;67,73;67,88;68,33;68,60;69,54;70,16;72,18;73,93;75,65;76,13;76,30;77,64;78,76;79,10;80,12;81,59;83,59;83,63;83,71;88,45;89,70;90,77;90,78;91,40;95,44;96,53;97,11;97,45;98,53;
1;1,5;1,66;1,93;2,10;2,60;48,27;92,83;31,17;85,33;9,58;9,65;87,20;87,93;47,8;35,82;3,0;3,54;3,87;54,18;54,43;5,11;41,62;7,74;46,58;89,81;8,67;36,54;18,62;18,68;82,77;51,13;51,35;68,32;15,50;15,58;25,24;16,56;55,70;67,44;20,0;22,11;22,62;22,75;86,6;88,58;88,74;23,25;24,55;24,84;93,6;93,45;93,55;78,14;78,72;78,88;27,11;27,21;29,25;43,97;81,69;66,4;97,39;38,91;62,1;39,61;49,15;49,87;58,1;58,19;52,69;65,63;79,23;79,69;79,72;56,7;56,18;56,66;10,9;57,92;63,3;63,24;63,42;64,79;33,66;33,80;60,10;76,72;77,49;91,52;44,41;44,49;39,99;0,39;
2;34,3;34,62;96,89;47,24;47,61;12,73;31,28;90,40;26,40;48,10;48,86;28,1;28,34;37,15;95,34;95,80;94,11;94,21;94,28;94,73;53,16;30,97;1,38;1,58;1,71;60,3;27,16;27,94;17,0;33,25;33,41;33,55;9,73;58,23;58,52;58,56;20,28;20,55;20,60;8,2;35,68;3,50;3,62;0,92;54,42;18,46;43,2;43,18;43,27;43,46;11,22;11,48;11,70;41,64;62,12;62,92;74,11;81,47;67,53;67,68;77,42;13,58;25,53;16,69;16,73;16,96;56,62;55,23;55,42;55,65;70,77;44,20;22,2;75,32;86,37;86,59;88,98;23,22;84,58;84,81;78,9;78,45;72,34;97,37;69,77;69,86;39,77;61,83;49,44;19,3;79,56;79,83;57,53;64,15;80,5;80,14;80,59;80,82;0,39;39,99;
3;93,5;93,48;93,82;51,60;51,83;49,83;63,92;76,14;76,97;34,8;3,49;3,90;47,71;24,42;61,73;31,37;90,10;40,4;40,41;40,48;26,39;48,29;48,35;86,3;1,8;37,60;37,98;15,54;95,43;94,8;11,9;21,47;21,55;21,93;16,63;30,5;46,44;38,56;58,32;71,24;60,41;60,42;27,58;27,70;17,11;17,47;0,43;41,24;55,15;55,78;23,12;52,8;52,11;20,8;20,28;20,46;8,41;2,67;68,16;68,95;50,7;50,37;42,35;42,43;18,82;70,38;64,2;64,9;64,24;74,38;74,61;74,69;81,19;81,77;77,66;77,70;13,37;65,14;65,59;75,9;75,77;75,91;32,56;88,12;98,5;98,68;84,71;84,72;45,40;45,81;19,13;19,29;19,84;79,84;57,17;14,2;14,25;82,77;0,39;0,46;46,99;39,99;
4;85,12;85,20;85,62;87,95;6,16;62,19;89,29;53,34;33,89;93,40;5,11;51,2;51,92;60,43;60,57;49,37;49,42;49,71;49,76;76,19;97,9;97,66;8,77;8,85;3,22;3,34;90,4;47,37;47,69;71,23;24,73;42,94;61,75;73,77;31,68;31,95;37,13;10,84;40,42;4,75;41,6;41,86;39,89;29,44;35,75;15,22;15,93;54,64;95,23;95,69;95,92;43,20;43,24;94,32;94,72;11,73;21,90;16,45;30,34;77,40;77,58;77,89;38,1;58,10;32,91;27,70;70,14;17,30;17,75;17,91;0,22;78,54;78,91;12,67;20,59;2,73;68,77;50,12;50,74;18,39;64,30;64,53;64,77;74,15;74,22;69,36;19,27;19,83;13,30;13,83;88,10;88,46;84,40;45,74;79,77;57,51;39,99;0,39;0,46;0,77;77,99;46,99;
5;80,26;82,14;82,21;82,69;1,69;98,87;55,6;38,85;56,67;52,85;7,13;7,49;7,98;65,30;25,77;85,74;20,68;20,79;87,91;6,68;6,84;16,6;16,95;89,23;29,60;34,20;34,21;34,33;34,83;33,18;93,22;93,28;93,56;40,24;40,50;11,39;51,13;2,31;2,34;2,86;92,31;60,65;57,37;57,41;49,51;49,95;71,97;97,48;9,42;9,94;77,0;77,14;3,96;22,15;22,30;22,59;4,75;23,11;23,47;73,51;94,1;94,39;94,46;94,74;61,23;75,30;75,70;31,43;31,48;68,58;13,98;84,39;41,50;41,54;44,51;44,79;54,23;32,25;32,33;21,18;21,26;21,81;45,5;45,72;30,17;30,87;58,30;27,30;27,41;27,59;70,51;78,46;67,69;67,78;59,25;59,43;74,75;18,49;18,86;88,53;88,61;46,11;46,37;2,99;77,99;39,99;0,2;0,39;0,46;0,77;46,99;
6;96,50;12,49;62,48;76,30;66,25;66,47;8,72;4,65;35,5;15,24;64,80;17,2;36,76;26,46;26,63;82,65;14,36;14,52;14,54;1,66;87,59;6,80;13,32;30,25;30,38;25,47;77,40;74,23;74,36;68,36;68,92;79,19;91,2;16,36;16,63;23,58;60,43;34,3;22,55;28,18;28,63;28,95;40,41;40,80;40,97;50,81;11,72;39,45;39,75;51,68;2,24;2,82;31,73;86,18;86,45;92,1;92,56;57,24;57,68;37,63;41,36;97,64;48,45;48,50;9,4;9,55;42,51;94,92;0,26;0,77;59,89;73,15;43,31;58,2;32,65;81,51;45,46;45,56;45,59;5,77;72,48;27,14;27,70;88,36;53,26;77,99;91,99;39,99;2,99;46,99;0,2;0,39;0,46;0,77;0,91;
7;3,4;90,39;90,62;10,56;21,1;21,82;69,60;69,62;69,79;98,32;98,37;67,93;7,17;20,29;20,32;84,23;29,5;29,44;29,64;29,94;60,0;60,53;34,67;33,37;83,20;83,37;93,86;71,97;61,38;61,54;61,97;70,37;70,45;70,57;43,61;44,94;96,13;96,78;12,74;12,95;49,8;49,27;49,53;49,92;62,83;48,23;30,55;25,21;25,54;47,3;47,53;72,12;72,20;72,24;72,97;4,26;4,45;65,76;64,6;64,35;64,39;17,33;2,63;2,64;2,93;36,44;36,87;36,92;26,92;46,85;63,14;63,19;82,51;14,88;52,53;54,9;54,53;1,20;1,51;1,57;1,70;87,30;87,42;59,66;59,93;13,47;32,51;32,80;38,12;77,2;23,24;23,87;19,43;91,21;28,11;28,83;18,63;95,28;95,68;41,14;41,50;81,79;45,16;75,19;31,79;73,9;73,84;86,9;86,54;57,44;9,55;9,59;9,91;42,49;42,88;27,58;27,88;53,71;53,80;53,97;2,99;46,99;77,99;91,99;55,99;39,99;0,2;0,39;0,46;0,55;0,77;0,91;
8;50,7;58,51;89,11;89,63;3,27;4,48;39,22;39,42;39,47;39,53;21,80;21,95;1,44;1,77;82,80;69,59;60,3;60,40;79,17;79,46;79,76;79,93;32,11;32,88;93,28;7,12;7,33;7,83;29,22;29,32;84,74;84,78;5,43;44,33;44,68;64,35;64,87;94,35;94,57;53,15;34,66;34,69;34,91;33,84;71,3;71,7;71,32;71,73;97,92;61,8;61,98;38,14;70,14;57,55;43,46;78,32;78,58;78,68;78,80;74,85;49,24;8,42;27,24;27,89;27,95;92,74;92,87;55,11;55,88;47,79;72,36;24,49;24,86;26,22;26,71;65,0;65,8;76,43;35,5;2,19;2,48;2,68;63,21;46,21;19,6;19,83;51,95;9,42;42,20;42,47;59,29;80,4;80,81;11,56;18,0;41,33;81,38;81,73;31,35;31,40;39,99;79,99;55,99;2,99;46,99;42,99;77,99;91,99;0,2;0,39;0,42;0,46;0,55;0,77;0,79;0,91;
9;50,12;50,21;50,40;50,77;90,8;90,59;62,43;67,25;54,8;54,40;13,22;30,27;30,41;25,74;52,87;9,63;9,68;7,63;89,70;63,59;3,90;22,65;22,71;47,7;80,27;80,32;80,35;95,9;95,91;1,15;44,19;59,12;60,68;40,27;40,44;79,8;17,4;46,81;76,17;32,29;88,11;88,98;12,25;12,33;83,63;78,25;5,77;5,83;43,94;68,64;64,27;35,15;57,11;15,48;91,81;73,21;73,30;61,67;8,56;8,88;98,41;98,55;98,61;49,56;49,74;24,58;72,15;86,57;26,37;26,78;0,33;0,65;2,15;19,98;20,62;81,43;56,92;0,2;0,39;0,42;0,46;0,55;0,77;0,79;0,91;39,99;42,99;77,99;79,99;46,99;91,99;55,99;2,99;
10;10,20;10,81;16,42;82,22;70,61;96,14;96,91;85,69;51,78;3,73;39,68;42,91;53,0;53,33;53,43;69,7;69,39;60,15;32,39;32,45;32,47;32,96;29,82;66,81;97,48;92,75;92,76;92,98;38,61;38,94;14,18;14,67;6,58;50,54;50,62;12,4;12,37;21,6;21,43;21,64;40,41;77,32;90,49;8,83;59,18;59,21;43,20;67,63;25,62;25,66;54,34;22,76;30,33;27,94;41,32;41,65;41,92;74,36;52,30;87,35;87,37;9,92;63,19;63,61;68,63;28,49;28,77;28,83;71,1;71,66;80,72;80,91;35,77;95,51;44,9;44,35;44,92;79,56;79,65;17,71;4,55;46,12;88,24;88,83;98,37;78,43;78,70;5,19;94,92;64,67;48,4;61,24;61,34;56,87;24,91;72,9;86,23;86,52;26,15;26,64;0,13;0,23;0,72;39,99;42,99;77,99;0,2;0,28;0,39;0,42;0,46;0,55;0,77;0,79;0,91;28,99;91,99;79,99;46,99;55,99;2,99;
11;93,7;93,29;84,20;97,24;36,11;36,55;36,67;36,70;31,19;31,84;74,95;95,63;1,6;1,8;11,63;57,5;57,53;57,78;2,97;20,89;42,17;42,71;42,82;82,58;70,6;61,33;96,23;96,40;14,17;91,54;91,69;85,66;69,7;69,41;39,22;39,28;68,4;53,33;33,61;33,75;43,30;43,60;15,30;15,51;15,68;32,74;32,78;45,78;29,71;66,23;66,61;66,76;92,8;75,45;76,42;76,69;76,84;38,14;18,39;67,61;58,95;50,78;54,69;12,34;4,15;4,30;37,46;37,94;21,3;21,56;21,93;77,52;77,56;90,53;83,32;59,19;59,69;34,26;34,64;65,72;9,68;19,1;19,66;28,4;71,17;71,47;71,64;72,38;44,30;44,53;44,60;79,33;55,58;55,82;88,93;5,74;13,51;13,59;13,86;13,87;2,99;42,99;91,99;39,99;12,99;77,99;0,2;0,12;0,28;0,39;0,42;0,46;0,55;0,77;0,79;0,91;28,99;79,99;55,99;46,99;
12;27,82;48,52;48,86;81,9;81,45;16,62;16,81;22,18;0,18;47,29;47,40;47,92;18,22;67,25;25,4;35,75;35,89;80,6;46,87;93,62;29,6;29,76;84,74;20,66;97,74;24,3;36,86;55,11;55,44;19,63;95,67;63,90;1,36;1,50;6,1;6,64;8,48;5,48;53,78;78,30;2,78;2,92;17,65;82,91;58,79;33,36;96,71;23,42;40,37;91,80;69,32;69,95;85,25;85,64;28,2;68,50;68,88;4,18;60,3;15,17;15,18;51,20;51,98;32,80;32,85;76,0;76,86;38,4;34,91;37,68;37,91;56,52;77,59;77,76;52,19;52,24;90,57;83,16;83,48;59,34;59,71;59,80;64,77;65,26;65,87;79,19;79,84;79,94;13,69;13,91;86,12;86,16;86,24;87,25;46,99;55,99;2,99;42,99;91,99;39,99;28,99;92,99;12,99;77,99;90,99;0,2;0,12;0,28;0,39;0,42;0,46;0,55;0,77;0,79;0,90;0,91;0,92;79,99;
13;73,2;73,17;73,34;73,47;73,64;49,18;84,35;31,24;31,60;54,50;41,48;41,92;39,90;43,16;43,82;60,98;45,2;45,23;72,4;82,79;48,32;86,3;86,27;86,47;47,33;47,44;29,24;92,9;25,98;89,14;6,96;46,12;87,16;76,6;74,24;74,77;66,15;97,9;97,79;3,40;36,3;36,47;36,62;55,15;55,57;55,65;44,93;50,1;50,71;64,28;5,23;53,11;53,36;53,38;53,46;30,77;91,35;58,12;58,24;58,94;79,2;71,19;71,84;23,55;42,57;69,94;32,0;32,36;32,40;85,0;28,24;68,64;98,32;98,44;56,29;57,55;94,55;13,4;13,51;13,69;39,99;92,99;6,99;46,99;55,99;90,99;78,99;2,99;91,99;79,99;42,99;28,99;77,99;0,2;0,6;0,12;0,28;0,39;0,42;0,46;0,55;0,77;0,78;0,79;0,90;0,91;0,92;12,99;
14;10,38;49,22;80,35;70,32;70,42;70,82;61,12;61,44;61,74;54,60;39,85;52,33;18,10;92,14;95,62;90,2;90,43;90,88;1,5;8,42;8,71;65,6;65,64;37,82;68,51;68,95;88,49;83,43;26,34;73,42;2,12;2,26;2,46;17,60;17,84;34,25;47,5;47,76;31,84;50,82;41,69;41,70;48,24;48,81;43,69;43,76;16,12;16,89;72,52;72,53;4,87;79,57;79,76;86,52;44,31;44,37;29,82;29,97;25,9;25,74;89,0;89,65;6,43;6,73;96,38;46,49;46,69;12,7;12,80;66,34;36,70;57,67;57,98;71,9;28,0;28,8;5,92;11,65;38,76;30,81;30,93;91,85;58,39;58,47;19,63;42,1;42,44;42,46;42,85;85,17;56,66;56,73;75,2;39,99;92,99;90,99;78,99;2,99;34,99;79,99;6,99;46,99;12,99;77,99;55,99;28,99;91,99;42,99;0,2;0,6;0,12;0,28;0,34;0,39;0,42;0,46;0,55;0,75;0,77;0,78;0,79;0,90;0,91;0,92;75,99;
15;7,89;63,57;63,81;78,13;78,34;68,9;51,36;51,48;51,79;35,74;45,57;45,87;86,72;3,51;3,86;27,85;27,90;74,10;74,49;66,14;66,25;66,28;15,11;40,39;40,64;55,65;13,2;70,30;82,69;61,16;61,49;61,63;12,40;12,60;12,86;44,32;54,55;54,61;60,54;33,91;14,13;95,5;95,97;90,17;43,16;43,26;88,59;8,14;8,63;71,4;65,71;6,64;64,15;64,25;64,94;83,25;83,95;34,80;46,22;17,86;84,65;25,85;31,60;41,28;41,50;41,80;48,2;48,8;48,20;48,67;24,2;24,73;24,93;81,6;89,48;89,59;89,78;89,81;53,96;4,2;4,15;79,65;57,34;29,48;97,11;97,46;0,34;0,91;96,47;96,68;67,39;67,87;28,98;93,27;91,66;56,3;56,65;75,13;78,99;77,99;55,99;42,99;12,99;39,99;92,99;95,99;90,99;2,99;6,99;34,99;46,99;79,99;28,99;91,99;0,2;0,6;0,12;0,28;0,34;0,39;0,42;0,46;0,55;0,75;0,77;0,78;0,79;0,90;0,91;0,92;0,95;75,99;
16;23,32;23,60;77,73;38,42;42,14;82,76;52,74;18,24;18,61;62,16;1,75;37,49;37,50;37,90;69,11;69,28;69,66;69,74;89,84;63,39;63,68;63,73;81,49;78,31;78,73;34,61;34,65;48,2;48,65;79,45;79,74;74,36;86,4;86,44;72,3;3,91;3,94;85,46;85,64;90,59;49,76;66,55;14,41;39,81;64,51;64,81;64,82;55,52;2,23;2,86;30,45;30,85;12,47;12,66;12,98;44,53;44,88;32,19;32,26;32,67;54,71;95,49;17,45;26,54;59,19;59,65;59,95;8,81;71,94;4,14;4,35;80,11;22,47;84,55;41,29;41,38;20,3;20,35;67,59;96,23;96,78;0,95;98,82;56,7;75,47;75,57;77,99;42,99;92,99;0,2;0,6;0,12;0,28;0,34;0,39;0,42;0,46;0,55;0,75;0,77;0,78;0,79;0,90;0,91;0,92;0,95;78,99;34,99;79,99;90,99;28,99;39,99;55,99;2,99;12,99;91,99;95,99;6,99;46,99;75,99;
17;77,13;77,67;62,48;62,57;50,24;50,37;50,42;50,55;50,73;9,3;58,23;58,36;13,0;13,17;27,4;27,41;27,81;10,75;15,2;40,71;70,54;16,63;33,29;5,41;5,51;5,61;6,58;56,25;56,29;56,50;23,65;32,76;60,9;38,12;38,48;52,13;52,47;74,53;18,92;61,60;1,81;1,83;75,71;37,74;37,75;37,79;49,2;90,93;69,92;36,0;57,12;57,90;89,88;84,30;84,61;84,93;63,22;63,93;81,29;78,34;48,33;2,0;2,6;79,7;79,88;86,82;4,62;44,39;44,86;72,55;94,12;94,39;94,77;64,35;59,50;59,54;59,81;41,12;41,14;51,71;30,17;30,39;30,96;12,27;12,45;47,67;47,90;98,20;19,73;26,90;67,26;54,34;71,34;71,70;95,22;95,63;95,75;17,42;17,91;8,62;8,74;8,76;8,93;35,25;80,88;80,90;0,63;77,99;92,99;6,99;46,99;42,99;24,99;75,99;90,99;28,99;0,2;0,6;0,12;0,24;0,28;0,34;0,36;0,39;0,42;0,46;0,55;0,57;0,75;0,77;0,78;0,79;0,90;0,91;0,92;0,95;36,99;57,99;39,99;78,99;34,99;2,99;79,99;91,99;55,99;12,99;95,99;
18;21,36;21,88;68,82;87,43;15,40;97,41;46,66;14,46;14,65;11,41;28,16;66,55;78,58;85,74;85,78;77,62;13,6;67,58;62,42;57,7;57,15;57,91;57,93;50,48;24,89;37,6;37,47;42,11;9,13;58,85;36,78;0,47;17,95;27,89;4,10;4,72;4,92;81,21;10,11;2,17;2,23;2,89;2,98;70,61;70,81;16,97;29,77;5,52;5,65;61,25;6,68;25,53;25,56;32,81;52,7;47,70;74,63;92,59;83,58;79,82;79,92;90,15;90,40;69,52;88,52;84,7;30,10;22,51;86,36;82,1;82,90;39,67;94,30;35,30;35,86;96,65;45,66;98,22;98,53;98,58;98,83;19,24;19,63;19,81;26,90;8,5;80,28;80,79;46,99;28,99;78,99;91,99;77,99;57,99;24,99;42,99;55,99;36,99;75,99;2,99;16,99;5,99;6,99;12,99;92,99;79,99;90,99;0,2;0,5;0,6;0,12;0,16;0,24;0,28;0,34;0,36;0,39;0,42;0,46;0,55;0,57;0,75;0,77;0,78;0,79;0,90;0,91;0,92;0,95;34,99;39,99;95,99;
19;64,32;50,26;55,49;55,63;73,28;27,19;75,65;75,86;33,19;56,62;76,60;60,26;12,65;18,24;18,93;49,77;34,29;39,29;20,41;20,87;26,2;26,83;26,85;68,60;68,73;68,85;68,86;82,95;87,22;97,23;97,65;97,84;66,20;66,84;14,33;14,97;65,7;11,4;16,79;78,12;58,5;58,27;58,85;85,32;77,0;77,7;62,14;13,85;6,10;42,12;42,38;42,50;24,53;89,96;37,13;37,24;37,42;47,85;0,69;17,95;95,90;4,43;4,70;10,13;10,22;10,44;10,83;81,3;98,2;61,53;29,24;29,77;25,5;25,67;63,9;59,70;83,86;90,7;90,77;44,9;84,70;30,24;30,79;30,83;51,20;86,15;86,25;96,48;96,79;45,19;45,24;45,33;19,68;55,99;75,99;12,99;34,99;39,99;36,99;46,99;28,99;16,99;78,99;77,99;6,99;42,99;57,99;91,99;24,99;95,99;92,99;2,99;5,99;79,99;90,99;0,2;0,5;0,6;0,12;0,16;0,24;0,28;0,34;0,36;0,39;0,42;0,44;0,46;0,55;0,57;0,75;0,77;0,78;0,79;0,90;0,91;0,92;0,95;44,99;
20;31,11;71,18;71,40;54,8;54,15;56,53;56,87;56,91;72,54;21,70;36,67;36,82;36,97;88,2;40,13;40,88;46,35;46,74;74,21;91,7;2,80;51,40;94,21;80,41;64,98;50,52;55,7;49,32;63,12;73,37;28,36;19,13;65,4;65,18;65,35;65,60;33,12;33,97;62,36;62,61;76,24;76,32;60,73;24,25;24,81;77,14;77,53;34,73;39,8;85,87;68,72;95,44;66,57;14,9;7,63;11,2;16,35;79,81;58,2;0,29;0,40;0,63;0,79;13,66;6,32;10,15;42,13;42,25;53,9;96,1;47,93;69,93;90,59;43,8;70,91;61,39;61,91;25,26;25,28;30,0;30,45;45,24;45,25;45,69;36,99;46,99;57,99;91,99;92,99;2,99;55,99;28,99;75,99;12,99;24,99;77,99;34,99;39,99;20,99;95,99;16,99;79,99;78,99;5,99;6,99;42,99;90,99;44,99;98,99;0,2;0,5;0,6;0,12;0,16;0,20;0,24;0,28;0,34;0,36;0,39;0,42;0,44;0,46;0,55;0,57;0,75;0,77;0,78;0,79;0,90;0,91;0,92;0,95;0,98;
21;17,18;17,42;92,4;92,36;19,94;75,54;75,74;86,7;86,37;86,43;86,90;20,28;41,22;41,72;41,74;83,59;22,7;22,46;23,47;23,92;4,17;5,26;90,20;90,79;90,83;44,12;3,98;59,30;59,91;59,94;48,49;48,58;71,0;71,4;71,36;18,40;18,72;40,14;40,16;40,75;8,79;15,89;56,37;56,62;53,34;91,92;21,88;70,14;36,83;82,66;82,75;97,73;88,27;13,73;46,9;35,52;74,69;7,41;7,57;51,28;98,82;50,16;52,3;52,51;52,95;49,5;49,93;32,36;63,46;63,54;37,23;37,91;65,56;33,28;33,37;33,42;33,43;76,47;24,85;25,21;25,48;25,79;81,2;39,56;85,28;85,69;66,21;66,23;9,79;79,10;79,32;79,46;0,18;0,45;0,71;6,18;6,61;10,39;42,94;96,50;1,83;93,28;93,50;43,84;43,94;30,4;30,7;45,17;45,59;92,99;75,99;34,99;20,99;95,99;78,99;5,99;90,99;44,99;0,2;0,5;0,6;0,12;0,16;0,20;0,24;0,28;0,34;0,36;0,39;0,42;0,44;0,46;0,55;0,57;0,75;0,77;0,78;0,79;0,90;0,91;0,92;0,95;0,98;91,99;36,99;2,99;46,99;98,99;55,99;12,99;28,99;24,99;77,99;39,99;57,99;16,99;79,99;6,99;42,99;
22;38,11;38,89;67,27;67,63;4,1;78,21;31,33;31,58;11,86;8,70;53,35;87,58;88,30;88,97;80,60;55,59;65,67;60,41;62,32;62,43;62,96;76,19;76,38;68,36;57,23;1,73;69,14;69,22;18,33;18,39;92,30;92,41;92,63;19,79;19,87;19,96;94,68;75,70;54,30;7,14;7,73;37,1;37,17;43,13;43,61;43,73;90,58;20,8;20,35;28,59;28,69;41,60;22,97;83,21;59,9;5,49;26,60;79,41;44,8;44,50;44,64;3,5;3,37;98,37;98,85;30,44;27,34;27,45;48,58;49,52;58,45;58,47;71,64;71,73;40,20;14,43;16,2;15,27;15,28;15,88;89,13;21,7;21,14;21,48;21,64;97,6;97,88;73,97;35,7;35,72;52,53;51,38;95,6;95,81;93,11;63,94;33,83;24,12;24,48;24,69;2,83;45,59;45,68;6,60;61,6;61,53;84,38;84,94;34,99;78,99;55,99;77,99;57,99;42,99;92,99;36,99;75,99;90,99;20,99;28,99;46,99;5,99;79,99;44,99;12,99;98,99;91,99;0,2;0,5;0,6;0,9;0,12;0,16;0,20;0,24;0,27;0,28;0,34;0,36;0,39;0,42;0,44;0,46;0,55;0,57;0,75;0,77;0,78;0,79;0,90;0,91;0,92;0,95;0,98;9,99;27,99;16,99;95,99;24,99;2,99;39,99;6,99;
23;76,13;76,42;76,64;57,46;57,71;36,84;75,9;75,13;75,26;75,55;75,57;74,34;74,39;74,49;46,8;46,62;26,75;91,5;25,4;61,9;61,79;63,80;4,48;4,59;21,97;31,54;58,3;58,29;53,50;35,53;35,54;35,74;35,94;60,77;55,73;65,5;65,14;65,32;65,64;62,39;62,43;32,2;32,16;32,69;43,59;96,2;96,81;68,64;68,71;73,0;73,27;73,78;73,89;14,80;22,61;92,79;79,45;79,92;79,98;37,57;17,32;13,34;13,54;90,9;28,3;49,17;49,41;49,90;44,12;44,92;50,27;64,75;64,86;3,67;3,92;3,97;98,45;85,32;34,20;45,41;48,56;48,66;48,85;52,0;52,20;40,43;51,25;51,53;81,15;93,44;24,80;77,99;57,99;42,99;36,99;75,99;46,99;91,99;0,2;0,5;0,6;0,9;0,12;0,16;0,20;0,24;0,27;0,28;0,34;0,36;0,39;0,42;0,44;0,46;0,55;0,57;0,75;0,77;0,78;0,79;0,90;0,91;0,92;0,95;0,98;9,99;39,99;27,99;78,99;55,99;92,99;79,99;90,99;20,99;28,99;5,99;44,99;98,99;34,99;16,99;2,99;6,99;95,99;24,99;12,99;
24;47,28;18,15;42,81;10,72;11,77;1,94;78,4;33,87;88,6;88,10;69,19;94,50;7,18;7,30;28,39;83,10;44,85;72,39;72,48;95,18;95,30;95,80;95,86;12,32;12,36;76,60;76,84;13,55;13,75;64,25;57,29;46,85;71,83;36,2;9,8;9,39;9,76;26,0;26,35;55,53;49,75;49,88;8,46;5,1;5,52;25,97;61,42;61,67;79,39;48,52;59,34;97,46;3,68;53,67;53,80;35,38;73,32;43,92;2,25;2,71;2,86;16,71;96,2;96,28;96,88;81,57;81,86;68,24;0,12;0,30;0,50;27,29;92,5;92,68;45,62;98,49;98,52;17,12;17,81;17,85;90,77;41,7;41,42;41,63;86,18;20,14;66,60;24,34;42,99;0,2;0,5;0,6;0,9;0,12;0,16;0,20;0,24;0,27;0,28;0,34;0,36;0,39;0,42;0,44;0,46;0,55;0,57;0,75;0,77;0,78;0,79;0,90;0,91;0,92;0,95;0,98;78,99;28,99;44,99;6,99;95,99;12,99;57,99;46,99;36,99;75,99;9,99;55,99;34,99;39,99;91,99;5,99;79,99;77,99;2,99;16,99;27,99;92,99;98,99;90,99;20,99;24,99;
25;82,45;82,78;65,32;65,39;37,14;37,41;37,95;83,81;93,54;46,51;84,16;91,40;48,57;59,13;59,76;21,59;31,5;31,37;31,40;54,30;58,95;89,0;89,72;22,34;22,81;51,38;51,88;18,2;18,47;42,25;42,38;81,22;77,20;94,31;33,58;33,83;33,85;87,62;88,50;19,26;50,18;50,35;30,5;39,66;44,33;95,48;95,63;86,4;86,22;12,22;32,1;32,48;36,51;60,22;55,22;55,70;25,41;71,23;71,30;71,73;71,76;26,90;0,32;53,8;53,75;49,66;49,87;97,5;61,2;61,72;61,89;38,97;43,56;92,17;16,29;96,32;24,40;24,60;24,92;27,88;62,76;98,24;98,95;63,2;63,39;14,57;0,2;0,5;0,6;0,9;0,12;0,16;0,20;0,24;0,27;0,28;0,34;0,36;0,39;0,42;0,44;0,46;0,55;0,57;0,75;0,77;0,78;0,79;0,90;0,91;0,92;0,95;0,98;46,99;91,99;5,99;90,99;28,99;42,99;77,99;78,99;6,99;39,99;44,99;95,99;12,99;36,99;55,99;75,99;57,99;2,99;9,99;79,99;34,99;92,99;16,99;24,99;27,99;98,99;20,99;
26;70,80;74,21;74,28;74,36;91,57;80,3;21,59;21,74;67,47;40,39;40,49;40,80;42,43;42,77;11,43;11,46;4,39;85,67;86,47;86,98;36,71;13,56;79,15;96,27;63,81;63,98;75,46;75,94;82,71;45,9;45,70;32,14;39,72;37,5;83,37;83,62;81,63;93,90;46,15;46,42;46,88;84,79;16,53;48,6;57,61;59,34;5,51;5,86;30,3;30,8;89,28;72,58;34,20;34,32;34,33;34,91;88,27;88,37;2,46;2,69;25,54;25,93;20,47;20,76;94,92;33,74;33,94;87,39;87,56;87,70;87,85;62,15;62,72;26,4;35,8;66,86;60,17;60,29;60,69;71,30;8,5;61,49;43,42;43,77;56,71;92,10;92,74;17,11;98,4;91,99;90,99;28,99;42,99;6,99;44,99;36,99;55,99;9,99;79,99;27,99;0,2;0,5;0,6;0,9;0,12;0,16;0,20;0,24;0,27;0,28;0,34;0,36;0,39;0,42;0,44;0,46;0,53;0,55;0,57;0,75;0,77;0,78;0,79;0,90;0,91;0,92;0,95;0,98;53,99;75,99;78,99;39,99;95,99;46,99;16,99;57,99;5,99;34,99;2,99;77,99;20,99;12,99;92,99;24,99;98,99;
27;64,29;42,46;42,70;42,93;44,85;36,14;36,52;55,90;0,24;0,56;52,12;52,23;52,50;52,96;68,17;68,18;73,67;53,47;53,61;53,70;53,81;78,8;78,97;65,84;95,51;95,58;83,29;83,51;83,86;51,58;84,17;16,13;31,27;38,18;38,61;25,93;19,13;19,79;12,15;17,94;24,0;24,98;70,41;70,54;70,91;74,44;28,8;3,31;3,43;3,49;3,74;67,2;39,78;11,0;46,8;46,91;71,7;71,52;71,67;13,68;56,61;79,70;27,9;27,59;63,25;94,98;82,72;82,74;45,11;45,31;9,54;32,42;32,91;5,72;88,3;48,18;48,56;48,63;48,89;6,33;61,1;61,6;61,12;34,14;34,18;8,48;89,22;89,54;20,7;33,30;33,58;2,29;2,88;76,40;92,69;87,90;10,68;91,99;90,99;42,99;44,99;36,99;55,99;53,99;78,99;95,99;16,99;12,99;24,99;28,99;57,99;39,99;77,99;46,99;98,99;79,99;27,99;0,2;0,5;0,6;0,7;0,9;0,12;0,16;0,20;0,24;0,27;0,28;0,34;0,36;0,39;0,42;0,44;0,46;0,53;0,55;0,57;0,75;0,77;0,78;0,79;0,90;0,91;0,92;0,95;0,97;0,98;7,99;97,99;75,99;9,99;5,99;6,99;34,99;20,99;2,99;92,99;
28;64,79;21,28;21,34;21,68;95,48;95,78;84,58;84,88;84,96;59,30;19,95;26,65;26,88;47,76;47,82;49,53;77,27;77,74;77,79;85,2;85,27;75,76;62,53;30,31;58,6;58,48;69,67;69,73;35,30;29,70;42,46;42,61;44,87;52,6;52,77;55,59;90,9;24,72;12,53;23,2;96,5;68,22;68,94;18,86;67,34;67,49;67,90;61,34;81,49;81,62;81,85;8,65;8,86;97,70;97,71;83,37;16,5;27,0;38,34;38,45;38,89;38,96;25,70;15,92;94,92;54,39;91,75;2,41;39,19;39,55;11,4;11,39;9,36;9,73;63,9;63,41;82,7;82,49;45,55;5,16;5,62;88,57;88,84;48,38;48,61;48,89;89,34;89,65;6,43;1,54;34,15;34,22;34,23;76,15;76,27;76,50;76,55;40,46;87,46;10,6;95,99;28,99;57,99;77,99;75,99;92,99;42,99;46,99;44,99;36,99;55,99;90,99;24,99;12,99;68,99;53,99;78,99;97,99;16,99;27,99;79,99;98,99;91,99;2,99;39,99;7,99;9,99;0,2;0,5;0,6;0,7;0,9;0,12;0,16;0,20;0,24;0,27;0,28;0,34;0,36;0,39;0,42;0,44;0,46;0,53;0,55;0,57;0,68;0,75;0,77;0,78;0,79;0,90;0,91;0,92;0,95;0,97;0,98;5,99;6,99;34,99;20,99;
29;51,72;59,48;60,98;80,1;37,30;35,32;35,49;35,57;35,62;93,57;56,23;56,55;83,28;13,9;13,41;94,21;94,97;98,61;91,72;74,39;74,54;3,75;71,87;63,6;32,67;64,55;64,85;21,18;21,49;28,17;34,16;34,52;68,76;48,69;78,24;88,82;88,90;96,90;30,6;26,22;76,87;82,30;82,94;82,95;53,7;53,10;85,29;85,44;85,70;62,28;31,20;67,0;67,4;67,73;73,6;73,10;73,36;46,92;61,2;61,48;61,69;44,7;87,20;87,73;52,86;90,8;12,79;23,55;5,27;22,65;86,8;86,12;81,17;81,36;81,58;8,20;97,17;16,11;16,53;0,96;0,98;38,50;45,0;45,17;25,24;25,83;54,45;7,32;7,64;7,97;57,70;1,31;1,68;1,97;50,82;50,90;40,39;42,99;24,99;79,99;98,99;91,99;20,99;64,99;28,99;34,99;68,99;95,99;78,99;53,99;77,99;27,99;2,99;75,99;6,99;70,99;46,99;44,99;55,99;90,99;9,99;12,99;5,99;97,99;16,99;92,99;39,99;36,99;0,2;0,5;0,6;0,7;0,9;0,12;0,16;0,20;0,24;0,27;0,28;0,34;0,36;0,39;0,42;0,44;0,46;0,53;0,55;0,57;0,64;0,68;0,70;0,75;0,77;0,78;0,79;0,90;0,91;0,92;0,95;0,97;0,98;7,99;57,99;
30;65,34;65,66;60,21;66,20;42,44;93,3;14,9;18,15;18,21;18,59;18,61;83,54;83,66;43,28;33,47;33,51;95,60;95,93;26,68;47,25;77,15;77,42;2,19;2,37;9,76;9,93;22,40;22,46;86,43;86,74;86,82;8,30;8,67;8,77;89,18;25,77;15,33;39,98;51,50;72,65;72,79;59,64;59,77;48,33;48,94;98,1;37,11;30,4;35,42;49,27;57,21;57,55;56,49;56,77;23,3;28,64;13,33;13,60;41,5;41,17;41,50;41,83;94,42;21,54;97,82;61,8;91,19;74,9;74,33;54,55;75,65;71,18;87,26;63,66;6,47;6,87;64,0;64,95;34,2;16,64;16,75;68,78;68,89;76,80;69,28;69,85;82,14;90,55;96,1;96,51;53,74;53,75;7,12;10,71;70,97;31,78;0,54;0,63;73,42;46,53;92,16;12,13;12,59;79,55;5,33;5,89;58,12;58,45;58,78;11,14;84,15;42,99;95,99;77,99;2,99;9,99;39,99;98,99;57,99;55,99;28,99;97,99;91,99;75,99;6,99;64,99;34,99;16,99;68,99;78,99;24,99;90,99;53,99;7,99;44,99;70,99;20,99;36,99;46,99;92,99;12,99;79,99;5,99;27,99;0,2;0,5;0,6;0,7;0,9;0,12;0,16;0,20;0,24;0,27;0,28;0,34;0,36;0,39;0,42;0,44;0,46;0,53;0,55;0,57;0,64;0,68;0,70;0,75;0,77;0,78;0,79;0,84;0,90;0,91;0,92;0,95;0,97;0,98;84,99;
31;42,35;25,16;72,7;72,25;30,39;49,47;49,60;56,82;85,40;85,79;52,28;52,65;78,66;78,87;78,98;24,15;24,69;24,80;53,57;53,74;53,82;29,74;70,38;70,44;31,9;31,44;31,95;20,41;20,63;20,84;73,94;46,17;27,80;27,85;81,59;58,77;58,85;45,78;45,85;65,21;66,11;60,36;60,38;60,81;93,17;93,24;14,49;9,90;9,95;18,23;18,48;59,51;59,65;83,59;54,7;54,8;54,41;43,48;43,93;33,90;47,30;26,9;26,28;19,26;37,6;22,90;40,74;86,2;86,64;89,5;98,57;50,77;79,61;64,13;64,31;94,35;94,78;1,27;11,5;57,13;57,94;23,57;41,10;41,26;41,49;5,21;17,58;97,22;97,34;91,60;91,97;71,90;87,56;63,26;0,17;0,45;16,1;12,1;10,19;38,13;84,81;42,99;34,99;78,99;24,99;90,99;53,99;7,99;44,99;70,99;20,99;36,99;46,99;27,99;9,99;28,99;95,99;68,99;77,99;2,99;39,99;98,99;79,99;64,99;57,99;55,99;5,99;97,99;91,99;75,99;6,99;16,99;12,99;92,99;0,2;0,5;0,6;0,7;0,9;0,12;0,16;0,20;0,24;0,27;0,28;0,34;0,36;0,38;0,39;0,42;0,44;0,46;0,53;0,55;0,57;0,64;0,68;0,70;0,75;0,77;0,78;0,79;0,84;0,90;0,91;0,92;0,95;0,97;0,98;38,99;84,99;
32;42,6;42,21;8,16;8,61;35,4;35,33;62,34;62,39;62,48;62,71;61,24;61,45;61,55;88,59;4,23;4,41;73,78;3,47;3,67;15,23;95,29;95,53;95,77;77,29;2,4;2,45;39,45;50,75;55,77;75,63;75,78;6,80;0,54;96,55;92,4;16,17;16,80;72,20;72,43;72,71;72,92;7,8;7,22;7,45;7,59;30,8;47,1;47,16;47,27;60,22;56,26;82,98;79,26;65,59;65,85;53,54;57,20;57,45;57,62;74,1;74,33;74,97;29,27;70,59;38,11;9,34;9,81;63,19;63,96;94,69;94,82;94,92;17,94;27,47;81,15;59,8;59,29;59,60;58,7;58,85;45,74;36,89;93,36;90,3;90,83;18,79;18,91;48,51;48,63;51,30;54,58;54,68;43,24;43,97;26,15;26,62;26,73;22,89;64,15;64,54;97,21;34,16;42,99;24,99;95,99;68,99;77,99;2,99;39,99;55,99;75,99;6,99;92,99;84,99;16,99;7,99;79,99;28,99;78,99;98,99;53,99;57,99;70,99;38,99;44,99;9,99;20,99;46,99;27,99;36,99;90,99;51,99;64,99;5,99;97,99;34,99;91,99;12,99;0,2;0,5;0,6;0,7;0,9;0,12;0,16;0,20;0,24;0,27;0,28;0,34;0,36;0,38;0,39;0,42;0,44;0,46;0,51;0,53;0,55;0,57;0,64;0,68;0,70;0,75;0,77;0,78;0,79;0,84;0,90;0,91;0,92;0,95;0,97;0,98;
33;32,20;67,3;24,35;24,77;3,94;83,19;83,67;37,64;86,1;39,46;0,65;84,13;84,16;84,41;25,8;25,12;25,82;25,91;49,16;40,95;52,87;28,76;66,46;66,63;87,53;98,33;70,25;70,49;70,96;44,7;31,45;94,36;46,39;81,37;14,21;14,34;90,11;48,11;48,13;19,50;22,74;64,18;64,67;64,90;13,89;97,79;12,2;42,12;42,22;6,23;8,57;33,55;62,22;34,63;71,14;71,53;55,29;55,89;55,93;59,16;59,38;59,84;41,49;41,72;41,93;73,24;73,26;78,52;47,55;15,36;15,75;95,42;29,11;53,89;77,45;63,72;54,27;96,18;96,77;96,89;72,14;72,27;43,92;27,38;27,46;60,98;56,42;65,57;65,94;57,32;57,92;74,22;74,76;74,88;9,29;58,2;58,6;58,47;36,62;36,89;18,29;91,32;51,80;68,42;68,45;68,75;24,99;2,99;39,99;84,99;28,99;98,99;70,99;38,99;44,99;46,99;90,99;64,99;5,99;97,99;12,99;0,2;0,5;0,6;0,7;0,9;0,12;0,16;0,20;0,24;0,27;0,28;0,34;0,36;0,38;0,39;0,42;0,44;0,46;0,51;0,53;0,55;0,57;0,64;0,68;0,70;0,75;0,77;0,78;0,79;0,84;0,90;0,91;0,92;0,95;0,97;0,98;42,99;6,99;16,99;34,99;55,99;78,99;95,99;53,99;77,99;75,99;92,99;20,99;7,99;27,99;79,99;57,99;9,99;36,99;91,99;51,99;68,99;
34;69,28;88,10;88,91;3,4;3,54;2,39;2,44;0,28;66,36;44,48;31,3;31,58;31,82;31,84;31,88;5,61;97,39;12,16;21,16;61,35;61,40;61,95;4,89;62,44;62,65;62,72;92,70;43,17;43,36;7,76;7,84;30,50;30,65;30,91;60,89;85,42;85,96;58,95;32,44;67,32;67,54;24,79;83,2;19,58;19,65;37,2;64,28;1,34;1,52;1,94;46,56;84,58;84,82;13,10;16,70;41,23;41,64;25,65;8,64;82,3;91,15;91,32;91,61;40,61;52,16;52,57;76,95;63,64;98,22;98,62;33,52;45,0;36,91;81,38;81,57;14,23;14,37;34,44;11,91;48,2;48,38;48,46;89,65;42,7;42,18;23,42;55,13;29,91;93,20;59,14;59,42;15,93;15,95;15,98;27,33;27,64;56,9;56,92;9,33;9,52;51,25;80,17;80,18;80,51;2,99;44,99;5,99;97,99;12,99;0,2;0,5;0,6;0,7;0,9;0,12;0,16;0,20;0,24;0,27;0,28;0,34;0,36;0,38;0,39;0,42;0,44;0,46;0,51;0,53;0,55;0,57;0,64;0,68;0,70;0,75;0,77;0,78;0,79;0,84;0,90;0,91;0,92;0,95;0,97;0,98;92,99;20,99;7,99;79,99;24,99;77,99;64,99;39,99;46,99;84,99;16,99;91,99;95,99;28,99;53,99;98,99;70,99;36,99;34,99;90,99;42,99;6,99;57,99;55,99;38,99;78,99;75,99;27,99;9,99;51,99;68,99;
35;5,44;5,80;10,48;97,37;97,68;73,38;26,80;32,63;32,86;77,26;83,73;13,6;49,59;87,42;53,27;53,74;45,26;45,49;81,70;90,61;22,68;22,80;74,36;6,97;71,21;71,47;72,54;47,63;47,89;75,40;75,77;75,86;51,1;51,22;88,22;4,2;39,4;44,72;66,96;36,88;31,40;84,10;84,13;84,49;61,92;16,28;16,67;21,49;40,0;40,11;40,31;40,68;40,86;95,56;89,43;65,43;65,52;70,24;43,94;17,62;7,24;76,79;76,90;50,7;50,64;50,93;50,98;60,71;85,53;85,59;85,92;42,61;42,69;96,21;67,15;67,23;24,81;79,23;19,46;19,87;64,22;64,26;64,38;64,95;52,61;46,34;46,68;46,69;41,75;23,16;23,63;25,7;25,85;8,77;15,2;57,27;57,64;63,85;98,7;98,55;98,63;33,25;18,22;18,98;29,6;20,40;5,99;97,99;12,99;0,2;0,5;0,6;0,7;0,9;0,12;0,16;0,20;0,24;0,27;0,28;0,34;0,36;0,38;0,39;0,42;0,44;0,46;0,51;0,53;0,55;0,57;0,64;0,68;0,70;0,75;0,77;0,78;0,79;0,84;0,90;0,91;0,92;0,95;0,97;0,98;77,99;28,99;53,99;90,99;6,99;55,99;38,99;78,99;75,99;51,99;68,99;91,99;2,99;39,99;44,99;36,99;84,99;16,99;95,99;92,99;70,99;7,99;42,99;24,99;79,99;64,99;34,99;46,99;57,99;98,99;20,99;27,99;9,99;
36;0,3;0,64;10,59;12,13;12,54;94,22;37,80;37,89;87,10;28,58;81,54;74,42;74,53;6,38;6,77;55,4;51,54;51,55;88,81;3,67;3,96;54,84;2,40;39,31;36,92;48,25;31,44;31,50;82,22;35,64;30,59;30,75;79,42;79,83;79,95;1,12;8,56;33,13;33,79;14,48;29,31;29,41;93,72;20,50;9,37;97,98;68,75;13,8;73,46;73,81;38,29;38,92;63,2;63,66;77,92;83,1;83,54;83,97;49,8;59,64;90,22;90,45;61,48;47,55;89,22;89,43;89,55;89,80;75,68;66,4;84,72;16,7;67,50;11,5;56,57;43,15;65,98;52,56;52,90;24,82;7,37;50,45;50,67;60,5;60,9;85,13;85,40;69,95;15,69;23,26;23,81;46,14;46,57;46,90;46,97;25,21;25,73;25,87;57,54;12,99;28,99;6,99;55,99;78,99;51,99;91,99;2,99;39,99;36,99;79,99;20,99;9,99;5,99;44,99;97,99;68,99;0,2;0,5;0,6;0,7;0,9;0,12;0,13;0,16;0,20;0,24;0,27;0,28;0,34;0,36;0,38;0,39;0,42;0,44;0,46;0,51;0,53;0,55;0,57;0,64;0,68;0,70;0,75;0,77;0,78;0,79;0,84;0,90;0,91;0,92;0,95;0,97;0,98;13,99;38,99;77,99;42,99;53,99;27,99;70,99;90,99;75,99;84,99;92,99;16,99;95,99;24,99;7,99;64,99;98,99;46,99;34,99;57,99;
37;0,46;4,23;36,11;35,49;35,91;1,14;1,71;44,8;32,69;32,75;32,80;86,55;49,84;53,39;53,75;27,13;27,30;70,9;21,27;21,67;47,85;75,92;66,88;17,56;17,59;62,3;76,57;85,96;34,12;10,64;59,74;54,47;54,98;94,13;37,97;80,77;80,86;89,8;89,75;28,87;58,5;42,12;42,65;6,61;88,13;67,15;67,26;67,70;84,17;40,48;40,58;31,80;50,30;82,43;79,27;79,45;83,13;83,30;95,35;95,51;14,48;14,75;20,76;9,50;16,67;73,70;46,4;43,93;43,95;7,26;5,4;5,8;5,80;5,96;57,35;65,31;65,63;65,74;52,65;60,51;23,84;23,89;26,77;78,99;91,99;36,99;44,99;68,99;0,2;0,5;0,6;0,7;0,9;0,12;0,13;0,16;0,20;0,24;0,27;0,28;0,34;0,36;0,38;0,39;0,42;0,44;0,46;0,51;0,53;0,55;0,57;0,64;0,68;0,70;0,75;0,77;0,78;0,79;0,84;0,90;0,91;0,92;0,95;0,97;0,98;53,99;27,99;70,99;75,99;64,99;34,99;12,99;13,99;28,99;42,99;6,99;38,99;77,99;55,99;51,99;84,99;2,99;39,99;92,99;79,99;95,99;20,99;9,99;97,99;98,99;16,99;46,99;90,99;7,99;5,99;57,99;24,99;
38;78,72;91,3;3,43;36,26;36,90;33,57;44,15;68,19;68,37;68,86;71,67;96,29;11,32;11,93;62,14;62,24;19,53;19,60;34,39;41,31;41,57;12,89;37,43;37,66;6,27;51,14;92,94;25,24;25,84;82,17;83,10;83,26;83,98;29,51;29,56;93,37;93,44;72,39;72,61;45,39;45,43;43,68;15,50;15,63;60,2;23,3;0,49;46,12;46,60;4,64;35,72;1,29;1,71;75,10;55,57;13,98;9,5;9,26;21,36;47,27;47,42;66,77;66,90;88,52;56,15;59,25;57,37;57,40;10,86;64,54;64,73;74,14;74,82;54,82;94,44;94,61;94,72;28,31;87,65;58,23;5,65;42,17;42,92;26,37;26,44;40,30;40,51;40,63;79,81;73,93;78,99;91,99;36,99;44,99;68,99;0,2;0,5;0,6;0,7;0,9;0,12;0,13;0,16;0,20;0,24;0,27;0,28;0,34;0,36;0,38;0,39;0,42;0,44;0,46;0,51;0,53;0,55;0,57;0,64;0,68;0,70;0,75;0,77;0,78;0,79;0,84;0,90;0,91;0,92;0,95;0,97;0,98;53,99;34,99;12,99;6,99;38,99;51,99;84,99;2,99;39,99;92,99;20,99;97,99;16,99;90,99;24,99;46,99;75,99;55,99;27,99;13,99;70,99;9,99;57,99;64,99;98,99;77,99;28,99;5,99;42,99;79,99;95,99;7,99;
39;78,65;78,73;3,7;3,13;3,38;11,4;85,50;18,57;22,65;38,69;83,6;72,4;72,40;72,93;20,9;52,4;52,32;52,81;69,34;35,96;80,66;80,92;55,75;55,76;13,88;70,1;70,53;21,52;67,43;47,22;88,13;59,45;76,23;76,46;98,38;77,3;77,73;28,33;87,1;87,21;79,90;73,1;73,68;36,76;36,96;90,52;33,1;33,68;15,6;19,30;19,55;86,6;86,95;96,52;29,49;29,80;93,39;93,79;62,93;14,39;14,88;24,0;24,66;24,76;53,23;53,80;34,96;39,56;31,10;31,32;31,45;12,24;89,9;89,69;6,66;27,62;51,28;51,31;51,34;92,8;92,95;94,25;25,32;25,43;25,92;17,23;17,61;10,28;56,3;63,18;4,7;4,12;9,22;5,35;42,30;42,53;42,85;74,72;78,99;91,99;0,2;0,5;0,6;0,7;0,9;0,12;0,13;0,16;0,20;0,24;0,27;0,28;0,34;0,36;0,38;0,39;0,42;0,44;0,46;0,51;0,53;0,55;0,57;0,64;0,68;0,70;0,75;0,77;0,78;0,79;0,84;0,90;0,91;0,92;0,95;0,97;0,98;38,99;2,99;20,99;16,99;75,99;55,99;13,99;70,99;98,99;77,99;28,99;79,99;95,99;7,99;36,99;90,99;57,97;57,99;44,99;68,99;29,97;24,99;53,99;34,99;39,99;12,99;6,99;27,99;51,99;92,99;84,99;97,29;97,57;97,99;46,99;64,99;9,99;5,99;42,99;
40;91,53;71,23;11,9;11,30;2,43;2,47;2,68;2,79;16,81;8,73;75,12;75,37;75,65;70,26;70,72;47,89;88,35;88,98;59,62;59,85;58,48;58,66;26,5;90,6;90,12;90,51;44,39;86,43;86,98;60,19;84,35;84,63;84,76;84,87;82,40;45,7;45,20;63,1;63,13;63,81;63,96;0,45;64,54;64,85;5,51;5,78;78,22;78,58;65,29;3,87;3,96;7,78;38,18;85,9;85,43;50,88;57,84;22,6;6,31;72,40;40,27;93,62;20,39;20,95;52,2;52,8;52,60;52,85;34,12;34,49;96,20;96,65;80,24;80,44;66,25;92,31;92,54;92,62;1,49;53,80;21,55;67,73;67,97;43,22;43,69;43,83;46,85;77,54;33,14;87,10;19,57;29,20;29,25;49,51;39,5;39,77;39,95;62,0;24,7;24,55;10,18;89,10;25,23;17,42;17,77;61,20;61,60;42,27;42,57;74,21;91,99;0,2;0,5;0,6;0,7;0,9;0,12;0,13;0,16;0,20;0,24;0,27;0,28;0,34;0,36;0,38;0,39;0,42;0,44;0,46;0,51;0,53;0,55;0,57;0,64;0,68;0,70;0,75;0,77;0,78;0,79;0,84;0,90;0,91;0,92;0,95;0,97;0,98;2,99;16,99;75,99;70,99;79,99;95,99;90,99;44,99;68,99;12,99;84,99;64,99;5,99;78,99;7,99;13,99;38,99;57,97;57,99;6,99;20,99;9,99;34,99;92,97;92,99;55,99;53,99;46,99;98,99;77,99;28,99;36,99;29,97;39,99;24,99;27,99;51,97;51,99;97,29;97,51;97,57;97,92;97,99;42,99;
41;48,16;48,43;48,79;79,49;41,14;41,44;64,78;38,70;38,98;18,25;18,62;83,89;93,45;81,95;55,3;76,6;76,91;21,95;23,13;98,50;98,93;28,70;28,95;33,31;36,24;14,55;24,29;74,26;53,20;11,9;11,85;11,98;9,20;30,20;30,26;30,41;30,43;30,63;2,94;47,32;47,96;8,27;75,21;75,78;12,80;70,46;70,49;89,46;88,36;88,57;88,94;35,98;62,76;85,0;58,12;90,5;6,28;6,62;51,3;44,5;39,53;60,8;19,56;19,61;19,98;84,22;84,69;63,68;82,52;82,80;45,23;7,21;1,72;78,39;78,40;78,45;29,5;29,73;57,1;57,13;57,73;31,2;95,92;34,4;34,56;80,65;92,28;67,19;67,75;77,26;77,45;77,66;42,34;42,82;0,2;0,5;0,6;0,7;0,9;0,12;0,13;0,16;0,20;0,24;0,27;0,28;0,34;0,36;0,38;0,39;0,42;0,44;0,46;0,51;0,53;0,55;0,57;0,64;0,68;0,70;0,75;0,77;0,78;0,79;0,84;0,90;0,91;0,92;0,95;0,97;0,98;16,99;79,99;68,99;64,99;38,99;55,99;46,99;98,99;28,99;36,99;24,99;91,99;53,99;9,99;2,99;75,99;12,99;70,99;5,99;90,99;6,99;51,97;51,99;44,99;39,99;84,99;7,99;20,99;13,99;78,99;29,97;57,97;57,99;27,99;95,99;34,99;92,97;92,99;97,29;97,51;97,57;97,92;97,99;77,99;42,99;
42;71,57;68,9;86,66;41,32;41,60;38,78;32,50;33,67;15,38;15,68;43,32;59,6;66,64;66,68;51,74;44,4;45,13;7,31;54,81;31,92;77,19;77,44;77,82;77,92;77,95;10,50;48,10;16,26;16,42;79,13;79,86;14,16;14,73;78,65;98,23;18,31;83,48;93,47;93,77;81,49;55,82;3,83;76,48;6,29;21,75;23,2;23,83;28,59;29,5;29,48;74,18;26,96;53,13;53,22;53,97;20,50;11,59;85,4;85,15;30,3;63,25;8,0;8,27;8,30;27,55;80,23;80,67;46,55;35,79;5,22;5,77;60,29;56,44;61,41;61,73;22,43;22,57;69,32;82,10;82,95;1,13;40,53;92,17;34,86;34,96;4,64;65,67;42,18;42,21;42,64;42,85;0,2;0,5;0,6;0,7;0,9;0,12;0,13;0,16;0,20;0,24;0,27;0,28;0,34;0,36;0,38;0,39;0,42;0,44;0,46;0,51;0,53;0,55;0,57;0,64;0,68;0,70;0,75;0,77;0,78;0,79;0,84;0,90;0,91;0,92;0,95;0,97;0,98;68,99;38,99;9,99;12,99;51,97;51,99;44,99;39,99;7,99;95,99;77,99;16,99;79,99;64,99;78,99;70,99;98,99;81,97;55,99;6,99;91,99;13,99;28,99;36,99;24,99;29,97;53,99;20,99;2,99;27,99;75,99;46,99;57,97;57,99;90,99;5,99;84,99;92,97;92,99;34,99;97,29;97,51;97,57;97,81;97,92;97,99;42,99;
43;71,39;71,41;37,8;37,28;37,81;37,93;47,42;47,52;58,79;39,90;54,23;95,96;70,69;25,33;62,70;89,74;81,9;81,31;81,59;91,82;21,12;21,53;28,81;36,2;20,7;20,32;30,11;30,38;2,29;2,83;94,28;75,29;88,71;90,40;84,55;52,7;52,37;72,37;72,53;65,80;86,55;86,58;57,52;57,78;32,93;38,26;38,48;38,77;50,36;50,71;33,30;33,54;33,69;15,56;43,87;59,21;59,48;64,96;44,72;44,87;4,16;45,12;7,42;31,73;77,21;82,49;82,52;48,14;16,4;26,91;79,82;73,63;98,17;98,72;55,64;3,70;5,75;96,79;53,61;53,62;22,43;11,58;85,8;85,34;0,35;27,42;35,53;61,20;61,85;40,7;40,47;40,53;34,17;34,62;9,99;12,99;39,99;95,99;70,99;81,97;91,99;28,99;36,99;24,99;29,97;20,99;2,99;75,99;90,99;84,99;92,97;92,99;0,2;0,5;0,6;0,7;0,9;0,12;0,13;0,16;0,20;0,24;0,27;0,28;0,34;0,36;0,38;0,39;0,42;0,44;0,46;0,51;0,53;0,55;0,57;0,64;0,68;0,70;0,75;0,77;0,78;0,79;0,84;0,86;0,90;0,91;0,92;0,95;0,97;0,98;86,99;57,97;57,99;68,99;38,99;78,99;6,99;64,99;51,97;51,99;44,99;13,99;7,99;77,99;16,99;42,99;79,99;98,99;55,99;5,99;53,99;97,1;97,29;97,51;97,57;97,81;97,92;97,99;27,99;46,99;1,97;34,99;
44;9,3;47,67;87,75;49,18;24,40;24,41;24,65;20,12;20,48;63,51;2,41;94,25;94,65;60,55;60,68;84,73;92,48;57,46;57,65;68,38;68,46;68,56;67,20;15,52;6,26;6,57;51,26;51,70;51,78;44,48;45,24;45,41;13,69;19,42;19,81;82,7;82,30;82,33;79,30;14,25;23,77;18,40;83,94;0,4;27,39;46,10;46,18;35,82;1,6;1,81;1,98;39,3;41,12;41,17;41,39;41,68;37,13;37,20;8,61;58,32;58,59;54,48;54,66;54,97;95,9;96,27;96,32;96,44;70,72;70,90;69,67;89,13;74,2;74,31;91,18;91,64;12,19;12,40;36,31;36,68;11,40;11,77;11,83;38,28;29,11;29,15;29,81;88,34;40,0;40,32;72,43;72,98;85,40;26,61;64,6;64,31;64,52;16,27;16,84;17,55;3,54;9,99;24,99;20,99;2,99;90,99;84,99;92,97;92,99;57,97;57,99;68,99;78,99;6,99;51,97;51,99;44,99;13,99;42,99;79,99;55,99;97,1;97,29;97,51;97,57;97,81;97,92;97,99;27,99;46,99;1,97;39,99;28,99;81,97;95,99;70,99;91,99;12,99;53,99;36,99;7,99;38,99;29,97;75,99;0,2;0,5;0,6;0,7;0,9;0,12;0,13;0,16;0,20;0,24;0,27;0,28;0,34;0,36;0,38;0,39;0,42;0,44;0,46;0,51;0,53;0,55;0,57;0,64;0,68;0,70;0,75;0,77;0,78;0,79;0,84;0,85;0,86;0,90;0,91;0,92;0,95;0,97;0,98;85,99;86,99;77,99;64,99;16,99;98,99;5,99;34,99;
45;78,8;43,17;13,56;13,74;13,88;79,37;73,9;18,77;76,93;22,58;80,15;35,86;1,16;71,67;71,97;81,65;93,45;69,48;62,71;62,77;21,3;21,49;7,30;32,66;72,43;72,70;50,74;16,52;16,60;17,75;3,6;3,8;3,41;67,68;87,29;87,30;87,64;75,11;75,32;12,22;12,44;12,70;51,98;2,62;94,0;94,2;60,67;55,15;55,47;55,62;68,19;46,17;38,43;56,67;52,97;26,41;70,0;70,10;70,20;42,69;82,75;82,94;77,66;77,90;83,9;4,23;4,38;4,73;27,28;27,70;39,79;37,19;37,43;37,87;54,27;90,67;31,7;31,44;31,93;64,43;36,31;36,39;11,40;11,88;28,23;29,38;88,49;34,56;34,60;9,99;84,99;78,99;13,99;79,99;1,97;81,97;95,99;53,99;7,99;85,99;86,99;16,99;98,99;5,99;75,99;24,99;20,99;12,99;51,97;51,99;2,99;55,99;68,99;92,97;92,99;57,97;57,99;46,99;38,99;6,99;70,99;44,99;42,99;77,99;27,99;39,99;66,99;97,1;97,29;97,51;97,57;97,81;97,92;97,99;90,99;91,99;64,99;36,99;28,99;29,97;34,99;0,2;0,5;0,6;0,7;0,9;0,12;0,13;0,16;0,20;0,24;0,27;0,28;0,34;0,36;0,38;0,39;0,42;0,44;0,46;0,51;0,53;0,55;0,57;0,64;0,66;0,68;0,70;0,75;0,77;0,78;0,79;0,84;0,85;0,86;0,90;0,91;0,92;0,95;0,97;0,98;
46;47,89;49,26;49,95;25,0;30,28;30,49;84,80;45,7;45,78;79,18;1,35;69,82;89,97;21,1;21,3;53,95;7,43;32,33;32,40;32,46;40,0;40,75;85,91;98,57;98,71;98,78;98,80;17,50;5,57;5,98;24,64;63,83;51,7;51,18;68,95;92,96;46,69;82,15;82,26;82,41;82,55;33,8;33,41;33,54;33,86;59,30;54,14;66,61;66,73;66,94;90,81;8,3;8,34;43,9;13,26;18,26;18,86;77,9;93,88;58,12;80,36;16,71;16,73;16,93;71,13;71,76;81,13;81,63;62,55;3,98;70,11;60,13;6,57;6,68;41,24;87,2;87,63;87,69;29,7;2,9;0,94;55,0;38,28;38,78;20,4;83,33;4,17;4,23;23,61;28,10;28,40;31,27;84,99;78,99;79,99;1,97;95,99;53,99;7,99;85,99;86,99;98,99;5,99;24,99;51,97;51,99;68,99;92,97;92,99;57,97;57,99;46,99;44,99;42,99;66,99;90,99;91,99;8,99;13,99;9,99;77,99;16,99;71,97;97,1;97,29;97,51;97,52;97,57;97,71;97,81;97,92;97,99;81,97;70,99;52,97;75,99;6,99;87,99;29,97;64,99;12,99;2,99;55,99;38,99;20,99;27,99;28,99;39,99;36,99;34,99;0,2;0,5;0,6;0,7;0,8;0,9;0,12;0,13;0,16;0,20;0,24;0,27;0,28;0,34;0,36;0,38;0,39;0,42;0,44;0,46;0,51;0,53;0,55;0,57;0,64;0,66;0,68;0,70;0,75;0,77;0,78;0,79;0,84;0,85;0,86;0,87;0,90;0,91;0,92;0,95;0,97;0,98;
47;47,72;78,43;79,38;79,93;14,4;95,65;95,83;21,10;21,86;21,96;53,64;72,28;85,36;85,58;85,98;50,33;50,79;50,97;24,8;24,55;42,3;61,64;59,58;91,80;88,89;37,27;37,32;37,52;22,13;22,18;22,49;67,28;65,19;3,22;3,39;70,25;70,79;70,87;6,24;6,38;6,78;64,25;12,30;38,1;83,62;27,24;39,12;39,22;39,24;31,58;34,49;89,4;89,85;26,69;25,98;0,91;30,44;28,1;28,7;28,50;80,2;80,14;82,4;43,78;32,5;33,69;40,21;40,72;40,94;46,60;71,66;63,98;96,44;15,10;41,89;55,0;8,57;73,85;94,1;94,60;90,25;90,26;90,35;90,93;81,69;9,20;13,7;13,15;77,46;77,55;77,91;93,18;93,45;93,79;36,12;20,5;20,64;78,99;79,99;95,99;53,99;85,99;5,99;24,99;68,99;57,97;57,99;44,99;42,99;91,99;70,99;52,97;75,99;6,99;64,99;12,99;38,99;27,99;39,99;34,99;0,2;0,5;0,6;0,7;0,8;0,9;0,12;0,13;0,16;0,20;0,24;0,27;0,28;0,34;0,36;0,38;0,39;0,42;0,44;0,46;0,51;0,53;0,55;0,57;0,64;0,66;0,68;0,70;0,75;0,77;0,78;0,79;0,84;0,85;0,86;0,87;0,90;0,91;0,92;0,95;0,97;0,98;28,99;84,99;7,99;1,97;97,1;97,29;97,51;97,52;97,57;97,71;97,81;97,92;97,99;46,99;98,99;71,97;51,97;51,99;92,97;92,99;55,99;8,99;86,99;66,99;90,99;81,97;9,99;13,99;77,99;36,99;16,99;87,99;2,99;29,97;20,99;
48;45,41;14,9;17,70;17,86;48,49;48,80;56,87;59,5;88,82;88,89;88,90;76,56;76,64;22,16;70,63;11,7;11,73;11,92;83,7;83,66;83,95;31,84;49,5;49,96;0,5;84,92;80,63;18,31;1,10;1,46;43,23;43,55;71,37;63,94;92,84;81,20;16,29;87,10;87,31;87,52;2,42;2,94;29,0;29,77;47,17;72,0;72,27;72,49;72,78;79,4;38,58;4,89;4,93;95,21;95,38;65,20;65,64;10,20;10,71;10,92;64,56;28,97;85,70;36,66;50,27;50,41;8,69;42,26;3,62;37,97;27,36;27,50;67,26;67,39;67,49;39,1;39,52;39,63;39,85;39,87;25,47;25,93;30,10;30,22;69,76;69,77;69,89;7,87;82,36;5,17;5,60;94,16;94,25;60,11;60,38;60,65;15,47;41,69;73,94;35,18;77,26;77,48;77,64;53,99;68,99;57,97;57,99;44,99;70,99;52,97;75,99;34,99;0,2;0,5;0,6;0,7;0,8;0,9;0,12;0,13;0,16;0,20;0,24;0,27;0,28;0,34;0,36;0,38;0,39;0,42;0,44;0,46;0,51;0,53;0,55;0,57;0,64;0,66;0,68;0,70;0,75;0,77;0,78;0,79;0,84;0,85;0,86;0,87;0,90;0,91;0,92;0,95;0,97;0,98;84,99;1,97;98,99;71,97;51,97;51,99;92,97;92,99;55,99;66,99;81,97;9,99;16,99;87,99;2,99;29,97;78,99;79,99;38,99;95,99;86,99;64,97;64,99;28,99;85,99;36,99;97,1;97,29;97,51;97,52;97,57;97,64;97,71;97,81;97,92;97,99;24,99;8,99;42,99;91,99;27,99;13,99;39,99;6,99;12,99;7,99;5,99;46,99;90,99;20,99;77,99;
49;45,96;14,13;14,24;53,74;57,16;57,86;44,35;88,28;88,36;74,66;74,80;74,85;62,78;98,17;66,83;29,45;21,41;85,52;85,73;50,45;33,11;3,26;3,29;61,29;61,39;13,29;13,68;25,27;25,87;6,44;30,48;30,81;82,56;40,54;41,55;73,18;80,82;56,22;87,42;87,62;59,54;5,66;64,14;11,12;11,14;11,39;11,45;92,8;92,38;92,76;95,26;95,75;95,90;31,12;84,65;84,91;96,38;96,65;96,82;18,29;18,98;1,26;1,37;10,32;46,73;55,84;55,89;71,42;71,91;37,98;94,41;94,74;52,77;2,30;77,20;77,65;27,16;79,49;79,57;79,61;58,6;65,37;65,96;28,95;24,39;24,69;8,39;60,8;60,47;53,99;68,99;57,97;57,99;44,99;75,99;34,99;98,99;51,97;51,99;66,99;29,97;78,99;86,99;85,99;91,99;13,99;6,99;12,99;90,99;9,97;9,99;70,99;48,99;87,99;5,99;64,97;64,99;16,99;7,99;92,97;92,99;95,99;84,99;0,2;0,5;0,6;0,7;0,8;0,9;0,12;0,13;0,16;0,20;0,24;0,27;0,28;0,34;0,36;0,38;0,39;0,42;0,44;0,46;0,48;0,51;0,53;0,55;0,57;0,64;0,66;0,68;0,70;0,75;0,77;0,78;0,79;0,84;0,85;0,86;0,87;0,90;0,91;0,92;0,95;0,97;0,98;1,97;46,99;23,97;55,99;71,97;81,97;20,99;52,97;2,99;42,99;77,99;27,99;79,99;38,99;28,99;97,1;97,9;97,23;97,24;97,29;97,51;97,52;97,57;97,64;97,71;97,81;97,92;97,99;36,99;24,97;24,99;8,99;39,99;
50;53,5;68,54;68,85;19,57;83,9;98,27;98,28;98,31;98,77;67,90;67,93;67,98;40,59;90,12;90,55;9,25;17,98;87,36;59,37;7,87;0,84;23,12;23,21;52,10;42,30;79,41;38,69;58,95;93,30;93,33;93,61;93,97;36,25;36,28;36,31;36,48;36,86;36,92;15,75;35,14;35,20;35,60;45,21;96,65;14,43;14,64;24,93;74,76;74,98;57,66;57,83;44,28;88,84;66,17;80,72;62,33;62,52;78,90;29,54;41,18;41,85;73,22;73,42;73,87;73,95;33,1;33,28;11,7;11,51;26,38;26,49;61,2;25,16;25,54;27,38;6,89;30,57;30,61;48,0;81,95;81,97;18,61;22,60;64,28;64,44;31,16;84,75;65,76;91,65;37,21;10,19;10,75;32,17;71,46;77,93;60,44;47,61;53,99;68,99;75,99;34,99;98,99;51,97;51,99;86,99;85,99;90,99;9,97;9,99;70,99;87,99;7,99;92,97;92,99;46,99;23,97;20,99;52,97;42,99;79,99;38,99;36,99;8,99;39,99;45,97;13,99;24,97;24,99;57,97;57,99;16,99;44,99;28,99;66,99;78,99;29,97;27,99;6,99;48,99;81,97;81,99;55,99;5,99;64,97;64,99;12,99;95,99;84,99;91,99;0,2;0,5;0,6;0,7;0,8;0,9;0,12;0,13;0,16;0,20;0,24;0,27;0,28;0,34;0,36;0,38;0,39;0,42;0,44;0,46;0,48;0,51;0,53;0,55;0,57;0,64;0,66;0,68;0,70;0,75;0,77;0,78;0,79;0,81;0,84;0,85;0,86;0,87;0,90;0,91;0,92;0,95;0,97;0,98;1,97;71,97;77,99;2,99;97,1;97,9;97,23;97,24;97,29;97,45;97,51;97,52;97,57;97,64;97,71;97,81;97,92;97,99;
51;68,87;34,39;86,29;63,18;63,88;79,66;38,50;38,70;8,76;8,93;69,5;39,56;96,32;13,1;13,59;78,88;26,50;55,92;64,35;64,68;12,11;12,78;1,93;53,93;5,8;5,9;5,55;5,70;5,72;5,96;54,10;54,76;57,53;57,68;83,32;98,2;98,86;27,42;27,64;27,77;28,49;93,45;40,84;59,38;25,68;37,43;37,70;84,82;23,36;23,95;21,85;47,87;47,97;41,75;33,53;61,83;35,12;35,90;14,8;14,66;60,22;60,27;60,51;60,87;60,96;45,30;45,33;65,73;74,64;66,67;62,44;29,79;73,67;51,21;51,30;6,9;89,0;89,61;89,91;81,37;81,44;81,47;68,99;34,99;86,99;90,99;9,97;9,99;70,99;87,99;7,99;92,97;92,99;42,99;79,99;38,99;8,99;39,99;13,99;24,97;24,99;78,99;55,99;64,97;64,99;12,99;0,2;0,5;0,6;0,7;0,8;0,9;0,12;0,13;0,16;0,20;0,24;0,27;0,28;0,34;0,36;0,38;0,39;0,42;0,44;0,46;0,48;0,51;0,53;0,55;0,57;0,64;0,66;0,68;0,70;0,75;0,77;0,78;0,79;0,81;0,84;0,85;0,86;0,87;0,90;0,91;0,92;0,95;0,97;0,98;1,97;2,99;53,99;5,99;85,99;57,97;57,99;83,97;98,99;27,99;28,99;77,99;36,99;84,99;23,97;20,47;20,99;47,20;52,97;95,99;97,1;97,9;97,23;97,24;97,29;97,45;97,51;97,52;97,57;97,64;97,71;97,81;97,83;97,92;97,99;48,99;75,99;45,97;66,99;44,99;29,97;51,97;51,99;16,99;6,99;81,97;81,99;91,99;71,97;46,99;
52;34,13;90,5;49,93;43,9;4,34;4,35;8,61;15,23;15,82;13,68;24,6;24,80;80,35;78,17;26,82;1,88;32,37;32,77;2,43;57,14;98,5;98,27;98,46;31,11;31,68;77,4;59,91;17,3;17,51;0,27;0,28;30,8;30,72;41,7;95,16;61,54;61,89;48,96;75,18;45,77;74,30;74,36;74,49;62,0;62,85;22,29;22,73;11,7;16,72;68,75;87,4;86,56;29,89;88,38;79,39;79,55;70,15;76,22;76,49;69,78;5,9;5,90;92,1;92,24;35,40;35,44;35,70;35,97;12,16;12,97;10,44;10,87;10,90;36,12;36,49;21,82;21,83;85,71;73,43;67,1;44,96;81,15;81,40;81,92;34,99;90,99;7,99;42,99;8,99;39,99;13,99;24,97;24,99;78,99;64,97;64,99;0,2;0,5;0,6;0,7;0,8;0,9;0,12;0,13;0,16;0,20;0,24;0,27;0,28;0,34;0,36;0,38;0,39;0,42;0,44;0,46;0,48;0,51;0,53;0,55;0,57;0,64;0,66;0,68;0,70;0,75;0,77;0,78;0,79;0,81;0,84;0,85;0,86;0,87;0,90;0,91;0,92;0,95;0,97;0,98;1,97;2,99;57,97;57,99;83,97;98,99;28,99;77,99;52,97;95,99;48,99;75,99;45,97;16,99;71,97;46,99;68,99;87,99;86,99;29,97;79,99;66,99;38,20;38,99;70,99;5,20;5,99;96,97;55,99;92,97;92,99;12,99;53,20;53,99;9,97;9,99;27,99;84,20;84,99;23,97;36,99;21,97;85,99;20,5;20,38;20,47;20,53;20,84;20,99;47,20;97,1;97,9;97,21;97,23;97,24;97,29;97,45;97,51;97,52;97,57;97,64;97,71;97,81;97,83;97,92;97,96;97,99;51,97;51,99;44,99;6,99;91,99;81,97;81,99;
53;34,11;34,18;34,50;50,57;90,62;58,27;8,2;24,30;80,27;80,93;94,82;94,92;2,37;2,71;57,0;83,8;28,79;31,2;37,18;0,70;41,55;95,0;95,12;95,15;95,48;62,68;62,93;11,81;87,52;63,10;63,53;79,77;66,22;76,87;5,17;55,73;53,14;23,83;47,2;47,84;73,45;44,52;44,59;44,63;44,90;89,29;91,0;91,48;91,69;49,12;49,59;49,85;1,18;85,2;4,56;4,80;15,87;15,94;15,95;88,1;88,95;77,0;98,9;3,39;72,29;72,42;16,92;18,31;18,33;74,10;36,32;36,95;56,52;56,54;56,86;70,40;70,77;69,18;69,43;92,2;92,19;92,93;71,44;71,86;81,42;34,99;90,99;42,99;8,99;39,99;13,99;24,97;24,99;64,97;64,99;0,2;0,5;0,6;0,7;0,8;0,9;0,12;0,13;0,16;0,20;0,24;0,27;0,28;0,34;0,36;0,38;0,39;0,42;0,44;0,46;0,48;0,51;0,53;0,55;0,57;0,64;0,66;0,68;0,70;0,75;0,77;0,78;0,79;0,81;0,84;0,85;0,86;0,87;0,90;0,91;0,92;0,95;0,97;0,98;2,99;57,97;57,99;83,97;28,99;52,97;95,99;48,99;45,97;68,99;87,99;29,97;79,99;66,99;5,20;5,99;96,97;55,99;53,20;53,99;9,97;9,99;27,99;84,20;84,99;23,97;21,97;20,5;20,38;20,47;20,53;20,84;20,99;47,20;44,99;6,99;91,99;93,7;7,1;7,85;7,93;7,99;1,7;1,97;85,7;85,99;78,99;77,99;98,99;46,99;51,97;51,99;16,99;75,99;36,99;86,99;38,20;38,99;70,99;92,97;92,99;97,1;97,9;97,21;97,23;97,24;97,29;97,45;97,51;97,52;97,57;97,64;97,71;97,81;97,83;97,92;97,96;97,99;12,99;71,97;81,97;81,99;
54;8,16;8,66;82,16;82,50;64,40;31,24;31,56;33,3;33,21;61,46;76,78;96,42;55,19;25,71;23,67;23,84;21,13;60,15;60,32;65,63;89,30;89,37;46,22;16,85;75,13;75,84;74,43;74,54;11,35;11,37;18,79;90,48;62,91;58,12;58,91;80,30;93,3;93,8;93,22;93,89;37,35;0,25;81,40;87,95;52,47;52,93;52,97;10,95;22,19;22,90;17,12;17,31;73,96;14,74;14,77;47,52;45,28;44,31;59,60;69,93;49,62;49,90;85,71;39,21;72,21;72,45;1,34;4,51;4,65;98,11;98,54;98,62;98,75;98,86;9,14;9,75;42,29;36,38;36,94;54,21;86,41;13,76;40,32;40,53;19,53;35,50;8,99;24,97;24,99;64,97;64,99;2,99;83,97;5,20;5,99;96,97;55,99;27,99;23,97;21,97;6,99;78,99;77,99;46,99;51,97;51,99;16,99;75,99;12,99;34,99;57,97;57,99;90,99;58,7;93,7;93,38;0,2;0,3;0,5;0,6;0,7;0,8;0,9;0,12;0,13;0,16;0,20;0,24;0,27;0,28;0,34;0,36;0,37;0,38;0,39;0,41;0,42;0,44;0,46;0,48;0,51;0,53;0,55;0,57;0,64;0,66;0,68;0,70;0,75;0,77;0,78;0,79;0,81;0,84;0,85;0,86;0,87;0,90;0,91;0,92;0,95;0,97;0,98;3,99;37,99;41,99;92,97;92,99;71,97;28,99;79,99;70,99;95,99;48,99;68,99;81,97;81,99;87,99;52,97;53,20;53,99;66,99;17,20;20,5;20,17;20,38;20,47;20,53;20,84;20,99;47,20;84,20;84,99;45,97;44,99;29,97;91,38;91,99;85,7;85,99;7,1;7,39;7,58;7,72;7,85;7,93;7,99;39,7;39,99;72,7;1,7;1,97;98,99;9,97;9,99;42,99;36,99;86,99;38,13;38,20;38,91;38,93;38,99;13,38;13,99;97,1;97,9;97,21;97,23;97,24;97,29;97,35;97,45;97,51;97,52;97,57;97,64;97,71;97,81;97,83;97,92;97,96;97,99;35,97;
55;24,57;24,60;24,74;2,66;5,24;55,42;27,91;65,19;65,41;67,56;34,3;18,22;18,48;50,27;50,41;57,37;57,66;41,74;94,30;94,86;79,4;79,61;79,72;70,1;68,75;81,70;81,87;81,93;53,11;53,68;17,30;14,31;47,9;47,52;47,70;84,0;84,65;44,96;59,4;59,69;1,51;1,87;9,46;54,33;86,21;16,4;66,73;82,4;82,56;33,96;3,58;21,90;61,7;61,97;46,12;96,70;96,73;42,50;19,47;19,79;71,35;71,73;60,93;89,18;30,37;37,55;37,66;22,28;22,52;85,49;75,0;75,5;75,11;75,36;74,55;43,46;90,23;48,61;58,86;80,55;80,56;95,68;73,63;88,20;88,22;45,84;39,18;72,68;4,24;51,9;51,48;98,64;29,43;36,60;24,97;24,99;64,97;64,99;2,99;83,97;5,20;5,99;55,99;27,99;23,97;6,99;78,99;77,99;12,99;34,99;57,97;57,99;0,2;0,3;0,5;0,6;0,7;0,8;0,9;0,12;0,13;0,16;0,20;0,24;0,27;0,28;0,34;0,36;0,37;0,38;0,39;0,41;0,42;0,44;0,46;0,48;0,51;0,53;0,55;0,57;0,64;0,66;0,68;0,70;0,75;0,77;0,78;0,79;0,81;0,84;0,85;0,86;0,87;0,90;0,91;0,92;0,95;0,97;0,98;41,99;92,97;92,99;79,99;70,99;68,99;81,97;81,99;87,99;52,97;53,20;53,99;17,20;47,20;84,20;84,99;44,99;1,7;1,97;9,97;9,99;86,99;8,99;16,99;66,99;3,99;21,97;46,99;96,97;42,99;71,97;13,38;13,99;37,99;85,7;85,99;75,99;35,97;90,99;48,7;48,99;91,38;91,99;58,7;93,7;93,38;95,99;97,1;97,9;97,21;97,23;97,24;97,28;97,29;97,35;97,45;97,51;97,52;97,57;97,64;97,71;97,81;97,83;97,92;97,96;97,99;20,5;20,17;20,38;20,47;20,53;20,84;20,88;20,99;88,20;45,97;28,97;28,99;7,1;7,39;7,48;7,58;7,72;7,85;7,93;7,99;39,7;39,99;72,7;51,97;51,99;98,99;29,97;36,99;38,13;38,20;38,91;38,93;38,99;
56;64,66;83,32;76,88;6,27;6,63;78,24;77,48;12,11;12,35;18,51;50,90;92,48;92,62;79,40;79,78;70,95;63,22;63,59;44,66;69,3;69,15;69,81;8,68;56,57;3,36;21,30;21,41;21,67;46,9;46,33;46,92;25,48;25,78;89,1;89,17;89,58;30,18;30,62;30,64;48,41;62,59;58,10;58,67;95,93;10,22;28,15;49,44;49,75;39,63;24,26;60,70;60,95;74,15;74,29;74,46;74,83;2,5;2,9;2,52;2,54;2,94;66,92;5,51;5,69;5,77;27,88;19,17;19,29;22,87;37,53;4,7;68,11;68,13;81,71;53,41;47,12;52,83;0,53;0,89;33,62;71,3;35,20;35,36;36,19;36,30;43,18;43,54;43,88;23,9;23,44;80,58;80,86;88,75;45,10;45,81;64,97;64,99;83,97;6,99;78,99;77,99;12,99;34,99;57,97;57,99;0,2;0,3;0,5;0,6;0,7;0,8;0,9;0,12;0,13;0,16;0,20;0,24;0,27;0,28;0,34;0,36;0,37;0,38;0,39;0,41;0,42;0,44;0,46;0,48;0,51;0,53;0,55;0,57;0,64;0,66;0,68;0,70;0,75;0,77;0,78;0,79;0,81;0,84;0,85;0,86;0,87;0,90;0,91;0,92;0,95;0,97;0,98;41,99;92,97;92,99;79,99;70,99;17,20;44,99;1,7;1,97;8,99;16,99;3,99;21,97;46,99;42,99;13,38;13,99;85,7;85,99;48,7;48,99;58,7;95,99;97,1;97,9;97,21;97,23;97,24;97,28;97,29;97,35;97,45;97,51;97,52;97,57;97,64;97,71;97,81;97,83;97,92;97,96;97,99;28,97;28,99;39,7;39,99;72,7;98,99;38,13;38,20;38,91;38,93;38,99;24,97;24,99;2,99;66,99;5,20;5,99;55,99;27,99;91,38;91,99;37,99;86,99;68,99;75,99;81,97;81,99;87,99;93,7;93,38;53,7;53,20;53,99;47,20;9,97;9,99;52,97;84,20;84,99;96,97;51,97;51,99;54,20;90,99;7,1;7,39;7,48;7,53;7,58;7,72;7,85;7,93;7,99;71,97;35,97;36,99;23,97;20,5;20,17;20,29;20,38;20,47;20,53;20,54;20,84;20,88;20,99;29,20;29,97;88,20;45,97;
57;65,13;12,70;34,2;34,13;34,67;50,6;57,77;63,89;82,11;56,63;42,8;85,8;48,10;73,43;28,43;49,35;49,39;72,58;72,68;27,17;22,87;22,96;94,76;86,45;61,27;87,98;93,30;14,59;14,84;31,80;0,38;96,4;51,19;90,3;90,25;29,98;83,22;83,33;83,53;76,32;76,35;88,20;78,14;35,60;67,23;91,64;92,79;62,30;62,61;95,16;95,18;95,58;95,98;44,58;81,38;68,90;36,86;46,18;9,40;17,38;26,81;60,58;74,45;74,55;74,78;5,50;54,1;54,32;54,80;19,90;37,16;53,55;71,12;71,41;71,96;84,2;43,85;43,91;23,34;23,92;80,89;45,9;64,97;64,99;6,99;77,99;12,99;34,99;57,97;57,99;16,99;42,99;13,38;13,99;85,7;85,99;48,7;48,99;28,97;28,99;39,7;39,99;72,7;98,99;38,13;38,20;38,91;38,93;38,99;55,99;27,99;86,99;87,99;93,7;93,38;47,20;96,97;51,97;51,99;90,99;29,20;29,97;66,99;83,97;88,20;78,99;24,97;24,99;35,97;0,2;0,3;0,5;0,6;0,7;0,8;0,9;0,12;0,13;0,16;0,20;0,24;0,27;0,28;0,34;0,36;0,37;0,38;0,39;0,41;0,42;0,44;0,46;0,48;0,51;0,53;0,55;0,57;0,64;0,66;0,67;0,68;0,70;0,75;0,77;0,78;0,79;0,81;0,84;0,85;0,86;0,87;0,90;0,91;0,92;0,95;0,97;0,98;67,99;41,91;41,99;91,20;91,38;91,41;91,99;92,97;92,99;79,99;70,99;95,99;44,99;3,99;81,97;81,99;8,7;8,99;68,99;36,99;21,97;46,99;9,97;9,99;89,97;1,7;1,97;17,20;58,7;97,1;97,9;97,21;97,23;97,24;97,28;97,29;97,35;97,45;97,51;97,52;97,57;97,64;97,71;97,81;97,83;97,89;97,92;97,96;97,99;75,99;2,7;2,99;5,20;5,99;52,97;54,20;37,99;53,7;53,20;53,99;7,1;7,2;7,8;7,39;7,48;7,53;7,58;7,72;7,84;7,85;7,93;7,99;71,97;84,7;84,20;84,99;20,5;20,17;20,29;20,38;20,47;20,53;20,54;20,84;20,88;20,91;20,99;23,97;45,97;
58;59,69;42,80;25,13;25,28;85,54;28,60;72,10;55,25;55,60;87,69;93,22;93,47;93,69;93,98;31,7;31,79;47,82;24,6;24,89;18,13;18,58;92,15;92,53;62,70;62,75;79,90;70,41;70,73;8,21;21,0;21,57;21,58;21,65;46,5;46,6;46,13;46,36;46,61;33,44;1,94;10,5;10,54;52,15;52,55;52,69;23,97;45,15;45,37;45,71;65,52;12,74;12,87;2,53;2,97;67,8;57,6;63,77;82,20;56,95;73,14;43,41;35,10;39,53;39,90;53,62;86,81;17,14;94,40;61,2;98,71;14,31;14,88;80,47;4,55;4,77;90,17;90,56;32,33;32,88;91,0;16,25;9,72;40,98;26,64;26,85;5,91;54,10;37,13;37,41;37,97;71,29;64,97;64,99;34,99;42,99;85,7;85,99;48,7;48,99;28,97;28,99;72,7;55,99;87,99;93,7;93,38;47,20;66,99;88,20;24,97;24,99;0,2;0,3;0,5;0,6;0,7;0,8;0,9;0,12;0,13;0,16;0,20;0,24;0,27;0,28;0,34;0,36;0,37;0,38;0,39;0,41;0,42;0,44;0,46;0,48;0,51;0,53;0,55;0,57;0,64;0,66;0,67;0,68;0,70;0,75;0,77;0,78;0,79;0,81;0,84;0,85;0,86;0,87;0,90;0,91;0,92;0,95;0,97;0,98;92,97;92,99;79,99;70,99;95,99;3,99;8,7;8,99;36,99;21,97;46,99;89,97;1,7;1,97;97,1;97,9;97,21;97,23;97,24;97,28;97,29;97,35;97,45;97,51;97,52;97,57;97,64;97,71;97,81;97,83;97,89;97,92;97,96;97,99;75,99;52,97;7,1;7,2;7,8;7,39;7,48;7,53;7,58;7,72;7,84;7,85;7,93;7,99;23,97;45,97;13,38;13,99;12,99;2,7;2,99;67,41;67,99;6,99;57,97;57,99;77,99;73,41;35,97;39,7;39,99;58,7;58,20;68,99;38,13;38,20;38,29;38,53;38,86;38,91;38,93;38,99;29,20;29,38;29,97;53,7;53,20;53,38;53,99;86,38;86,99;27,99;17,20;96,97;98,99;84,7;84,20;84,99;51,97;51,99;90,99;83,97;20,5;20,17;20,29;20,38;20,47;20,53;20,54;20,58;20,84;20,88;20,91;20,99;78,99;41,67;41,73;41,91;41,99;91,20;91,38;91,41;91,99;16,99;44,99;81,97;81,99;9,97;9,99;5,20;5,99;54,20;37,99;71,97;
59;34,16;34,22;34,70;48,23;72,78;66,25;66,86;79,69;79,75;70,64;95,31;95,79;95,90;69,49;30,68;89,38;1,23;1,58;1,95;23,95;67,54;67,76;67,84;57,83;11,14;11,43;49,76;68,98;29,57;29,58;17,13;22,37;22,69;96,22;94,33;76,35;61,32;61,67;14,37;84,29;84,40;51,52;19,30;78,5;78,54;44,39;44,49;44,50;81,59;9,35;74,13;85,29;85,46;54,19;54,36;60,55;10,32;55,11;55,15;55,61;87,78;47,13;47,35;98,51;98,78;98,90;82,23;15,60;53,59;90,62;0,30;46,64;5,20;5,29;5,48;33,22;45,8;45,97;71,8;71,38;12,28;2,53;2,68;77,5;77,67;56,17;16,4;16,5;16,32;40,54;64,97;64,99;34,99;48,7;48,99;72,7;93,7;93,38;66,99;88,20;0,2;0,3;0,5;0,6;0,7;0,8;0,9;0,12;0,13;0,16;0,20;0,24;0,27;0,28;0,34;0,36;0,37;0,38;0,39;0,41;0,42;0,44;0,46;0,48;0,51;0,53;0,55;0,57;0,64;0,66;0,67;0,68;0,70;0,75;0,77;0,78;0,79;0,81;0,84;0,85;0,86;0,87;0,90;0,91;0,92;0,95;0,97;0,98;79,99;70,99;95,99;3,99;89,97;1,7;1,97;97,1;97,9;97,21;97,23;97,24;97,28;97,29;97,35;97,45;97,51;97,52;97,57;97,64;97,71;97,81;97,83;97,89;97,92;97,96;97,99;52,97;23,97;67,41;67,99;57,97;57,99;73,41;39,7;39,99;68,99;29,20;29,38;29,97;86,38;86,99;27,99;17,20;96,97;84,7;84,20;84,99;51,97;51,99;83,97;78,99;91,20;91,38;91,41;91,99;44,99;81,97;81,99;9,97;9,99;42,99;13,38;13,99;28,97;28,99;85,7;85,99;54,20;55,99;87,99;47,20;98,99;7,1;7,2;7,8;7,24;7,39;7,48;7,53;7,58;7,72;7,84;7,85;7,93;7,99;24,7;24,97;24,99;6,99;58,7;58,20;92,97;92,99;15,41;53,7;53,20;53,38;53,99;75,99;90,99;41,15;41,33;41,67;41,73;41,91;41,99;8,7;8,99;21,97;46,99;5,20;5,99;36,99;33,41;45,97;37,99;71,97;12,99;2,7;2,99;77,99;20,5;20,17;20,29;20,38;20,47;20,53;20,54;20,58;20,84;20,88;20,91;20,99;35,97;38,13;38,16;38,20;38,29;38,53;38,86;38,91;38,93;38,99;16,38;16,99;
60;93,25;93,53;93,54;31,25;66,39;66,48;88,73;3,74;3,89;65,31;50,42;11,38;11,86;73,13;73,34;73,48;39,1;96,63;14,33;51,24;51,71;78,34;91,68;81,29;81,34;74,11;42,37;80,45;13,7;13,58;13,67;85,51;85,60;60,75;55,76;87,92;24,5;24,6;24,37;24,96;6,28;58,72;21,9;0,90;5,7;36,54;63,35;63,46;77,53;56,31;56,34;16,15;16,81;34,6;34,39;70,32;70,40;79,30;79,40;79,72;75,91;64,70;95,22;95,98;90,92;30,1;30,78;68,61;1,88;1,95;67,19;76,24;37,67;33,91;35,22;32,87;32,89;32,95;19,9;59,77;9,93;46,22;46,24;47,49;53,64;53,93;45,87;45,97;28,4;28,19;28,33;48,7;48,99;72,7;93,7;93,38;66,99;88,20;0,2;0,3;0,5;0,6;0,7;0,8;0,9;0,12;0,13;0,16;0,20;0,24;0,27;0,28;0,34;0,36;0,37;0,38;0,39;0,41;0,42;0,44;0,46;0,48;0,51;0,53;0,55;0,57;0,64;0,66;0,67;0,68;0,70;0,75;0,77;0,78;0,79;0,81;0,84;0,85;0,86;0,87;0,90;0,91;0,92;0,95;0,97;0,98;3,99;89,97;97,1;97,9;97,21;97,23;97,24;97,28;97,29;97,35;97,45;97,51;97,52;97,57;97,64;97,71;97,81;97,83;97,89;97,92;97,96;97,99;52,97;57,97;57,99;73,41;39,7;39,99;86,38;86,99;17,20;96,97;51,97;51,99;83,97;78,99;91,20;91,38;91,41;91,99;44,99;81,97;81,99;42,99;13,38;13,99;85,7;85,99;55,99;87,99;24,7;24,97;24,99;6,99;58,7;58,20;92,97;92,99;15,41;41,15;41,33;41,67;41,73;41,91;41,99;21,97;5,20;5,99;36,99;2,7;2,99;77,99;20,5;20,17;20,29;20,38;20,47;20,53;20,54;20,58;20,84;20,88;20,91;20,99;16,38;16,99;34,99;70,99;23,97;79,99;75,99;64,97;64,99;95,99;90,99;68,99;38,13;38,16;38,20;38,29;38,53;38,86;38,91;38,93;38,99;1,7;1,97;67,41;67,99;54,20;84,7;84,20;84,99;98,99;29,20;29,38;29,97;37,99;33,41;35,97;9,97;9,99;46,99;47,20;7,1;7,2;7,8;7,24;7,27;7,39;7,48;7,53;7,58;7,72;7,84;7,85;7,93;7,99;27,7;27,99;53,7;53,20;53,38;53,99;45,97;8,7;8,99;71,97;12,99;28,97;28,99;
61;72,8;72,84;93,45;93,51;93,54;93,95;69,19;69,33;65,87;50,20;50,33;50,80;50,90;57,28;57,94;11,59;49,12;49,81;14,55;4,48;4,80;78,44;78,89;78,98;42,21;10,14;10,83;55,4;55,10;18,43;58,21;58,23;62,46;62,85;36,38;36,42;2,93;77,53;43,6;43,32;43,58;40,79;79,80;64,77;98,11;98,48;98,58;33,2;47,41;47,55;47,78;47,94;27,61;53,28;71,29;12,22;25,55;31,46;31,52;48,87;88,98;34,3;34,35;34,75;1,20;1,47;1,64;51,57;91,71;91,85;68,59;81,84;81,86;37,64;37,98;80,55;80,85;45,12;45,34;45,72;45,73;45,82;67,3;67,49;67,51;67,61;85,54;85,92;85,97;60,33;75,91;92,32;92,91;5,42;6,10;21,31;21,36;90,4;35,51;82,35;82,56;32,76;30,95;22,93;61,68;19,3;19,47;19,87;23,33;72,7;93,7;93,38;66,99;97,1;97,9;97,21;97,23;97,24;97,28;97,29;97,35;97,45;97,51;97,52;97,57;97,64;97,71;97,81;97,83;97,89;97,92;97,96;97,99;52,97;57,97;57,99;39,7;39,99;86,38;86,99;17,20;78,99;42,99;55,99;58,7;58,20;41,15;41,33;41,67;41,73;41,91;41,99;36,99;2,7;2,99;77,99;70,99;79,99;64,97;64,99;38,13;38,16;38,20;38,29;38,53;38,86;38,91;38,93;38,99;54,20;84,7;84,20;84,99;98,99;29,20;29,38;29,97;33,41;47,20;27,7;27,99;53,7;53,20;53,38;53,99;8,7;8,99;71,97;12,99;48,7;48,99;88,20;73,41;0,2;0,3;0,5;0,6;0,7;0,8;0,9;0,12;0,13;0,16;0,20;0,24;0,27;0,28;0,34;0,36;0,37;0,38;0,39;0,41;0,42;0,44;0,46;0,48;0,51;0,53;0,55;0,57;0,64;0,66;0,67;0,68;0,70;0,75;0,77;0,78;0,79;0,81;0,84;0,85;0,86;0,87;0,89;0,90;0,91;0,92;0,95;0,97;0,98;89,97;89,99;3,99;74,44;13,38;13,99;34,99;1,7;1,97;96,97;51,97;51,99;24,7;24,97;24,99;91,20;91,38;91,41;91,99;68,99;44,74;44,99;81,97;81,99;37,99;45,97;7,1;7,2;7,8;7,23;7,24;7,27;7,39;7,48;7,53;7,58;7,72;7,84;7,85;7,93;7,99;67,41;67,99;85,7;85,99;75,99;87,99;92,97;92,99;5,20;5,99;6,99;28,97;28,99;21,97;9,97;9,99;90,99;35,97;46,99;20,5;20,17;20,29;20,38;20,47;20,53;20,54;20,58;20,82;20,83;20,84;20,88;20,91;20,99;82,20;83,20;83,97;16,38;16,99;15,41;95,99;23,7;23,97;
62;72,23;72,65;66,53;65,8;65,28;65,91;11,85;49,23;86,87;26,18;26,21;26,79;18,7;62,61;56,68;56,83;56,92;54,78;29,48;27,2;12,96;88,15;3,25;3,97;74,22;96,13;96,16;96,42;91,34;91,54;6,33;6,69;6,83;9,51;90,27;83,64;83,76;16,72;30,74;61,55;93,74;45,35;45,88;51,4;51,85;19,11;33,25;87,39;87,63;50,54;80,2;80,89;57,81;28,62;94,23;94,89;59,37;55,7;55,23;55,42;48,39;48,78;78,7;78,58;78,90;21,30;10,12;10,91;58,23;23,0;46,60;46,64;85,39;2,30;77,21;77,91;53,32;53,51;53,60;64,52;47,91;31,32;31,61;31,65;31,94;52,44;34,71;75,64;68,35;67,72;92,57;92,60;60,32;60,68;5,16;72,7;66,99;39,7;39,99;86,38;86,99;17,20;70,99;79,99;54,20;84,7;84,20;84,99;29,20;29,38;29,97;27,7;27,99;71,97;12,99;88,20;73,41;89,97;89,99;3,99;74,44;13,38;13,99;96,97;24,7;24,97;24,99;91,20;91,38;91,41;91,99;81,97;81,99;37,99;6,99;9,97;9,99;90,99;20,5;20,17;20,29;20,38;20,47;20,53;20,54;20,58;20,82;20,83;20,84;20,88;20,91;20,99;82,20;83,20;83,97;16,38;16,99;15,41;95,99;8,7;8,38;8,99;93,7;93,38;45,97;51,41;51,97;51,99;19,38;33,41;87,99;57,97;57,99;28,97;28,99;55,99;48,7;48,99;78,99;44,74;44,99;98,99;42,99;21,7;21,97;58,7;58,20;23,7;23,97;46,99;85,7;85,99;41,15;41,33;41,51;41,67;41,73;41,91;41,99;36,99;38,8;38,13;38,16;38,19;38,20;38,29;38,53;38,77;38,86;38,91;38,93;38,99;2,7;2,99;77,38;77,99;53,7;53,20;53,38;53,99;64,97;64,99;47,20;22,7;52,97;0,1;0,2;0,3;0,5;0,6;0,7;0,8;0,9;0,12;0,13;0,16;0,20;0,24;0,27;0,28;0,34;0,36;0,37;0,38;0,39;0,41;0,42;0,44;0,46;0,48;0,51;0,53;0,55;0,57;0,64;0,66;0,67;0,68;0,70;0,75;0,77;0,78;0,79;0,81;0,84;0,85;0,86;0,87;0,89;0,90;0,91;0,92;0,95;0,97;0,98;1,7;1,97;1,99;34,99;35,97;75,99;68,99;7,1;7,2;7,8;7,21;7,22;7,23;7,24;7,27;7,39;7,48;7,53;7,58;7,72;7,84;7,85;7,93;7,99;67,41;67,99;92,97;92,99;97,1;97,9;97,21;97,23;97,24;97,28;97,29;97,35;97,45;97,51;97,52;97,57;97,64;97,71;97,81;97,83;97,89;97,92;97,96;97,99;5,20;5,99;
63;17,31;4,15;4,76;18,77;62,71;70,6;70,24;54,55;54,71;84,35;84,41;84,72;71,6;88,26;88,31;73,54;73,61;63,21;63,57;9,44;0,36;90,31;82,15;30,77;95,58;51,3;51,98;57,8;59,23;59,70;14,23;14,74;14,97;55,36;55,58;55,74;98,34;21,31;43,15;43,88;43,92;58,49;85,96;77,75;22,79;52,93;1,57;34,98;75,40;75,86;5,2;5,42;72,37;72,71;23,77;65,5;65,62;53,46;91,11;91,76;11,46;56,32;48,49;12,41;96,64;3,79;25,54;25,69;74,96;19,0;19,4;19,81;6,11;6,71;69,48;37,33;37,55;93,9;93,67;93,70;45,23;35,39;35,86;39,96;89,17;94,27;94,47;60,9;47,36;47,46;47,75;31,15;31,78;67,55;17,20;70,99;79,99;54,20;84,7;84,20;84,99;29,20;29,38;29,97;71,97;88,20;73,41;13,38;13,99;81,97;81,99;9,97;9,99;90,99;82,20;16,38;16,99;15,41;95,99;51,41;51,97;51,99;33,41;57,97;57,99;55,99;98,99;42,99;21,7;21,97;58,7;58,20;46,99;85,7;85,99;38,8;38,13;38,16;38,19;38,20;38,29;38,53;38,77;38,86;38,91;38,93;38,99;77,38;77,99;22,7;52,97;0,1;0,2;0,3;0,5;0,6;0,7;0,8;0,9;0,12;0,13;0,16;0,20;0,24;0,27;0,28;0,34;0,36;0,37;0,38;0,39;0,41;0,42;0,44;0,46;0,48;0,51;0,53;0,55;0,57;0,64;0,66;0,67;0,68;0,70;0,75;0,77;0,78;0,79;0,81;0,84;0,85;0,86;0,87;0,89;0,90;0,91;0,92;0,95;0,97;0,98;1,7;1,97;1,99;34,99;75,99;68,99;7,1;7,2;7,8;7,21;7,22;7,23;7,24;7,27;7,39;7,48;7,53;7,58;7,72;7,84;7,85;7,93;7,99;97,1;97,9;97,21;97,23;97,24;97,28;97,29;97,35;97,45;97,51;97,52;97,57;97,64;97,71;97,81;97,83;97,89;97,92;97,96;97,99;5,20;5,99;72,7;23,7;23,97;66,99;53,7;53,20;53,38;53,99;8,7;8,24;8,38;8,99;28,97;28,99;91,20;91,38;91,41;91,99;86,38;86,99;87,99;26,41;83,20;83,97;92,97;92,99;78,99;48,7;48,99;27,7;27,99;2,7;2,99;12,99;96,97;3,99;74,44;24,7;24,8;24,19;24,97;24,99;19,24;19,38;6,99;20,5;20,17;20,29;20,37;20,38;20,47;20,53;20,54;20,58;20,82;20,83;20,84;20,88;20,91;20,99;37,20;37,99;64,97;64,99;93,7;93,38;45,97;35,97;39,7;39,99;89,97;89,99;44,36;44,74;44,99;36,44;36,99;41,15;41,26;41,33;41,51;41,67;41,73;41,91;41,99;47,20;67,41;67,99;
64;40,37;40,69;40,84;29,21;88,68;9,38;82,32;16,79;95,46;51,88;80,72;57,51;14,78;14,95;42,87;21,26;21,69;43,78;85,16;77,72;52,76;1,0;1,39;1,60;68,61;68,69;72,80;72,96;66,31;66,38;66,46;66,83;86,3;86,37;87,43;87,49;87,74;26,1;61,35;27,20;12,64;37,29;37,59;45,77;89,57;94,39;36,6;32,35;31,86;31,95;4,23;4,42;76,23;76,75;76,81;70,39;70,55;6,46;6,53;6,61;54,80;0,76;90,51;90,54;3,77;3,97;74,18;49,58;96,10;78,16;78,23;83,61;22,45;22,92;79,54;93,80;46,42;46,50;11,52;69,44;19,0;67,3;67,48;67,90;39,52;47,5;47,76;17,20;84,7;84,20;84,99;29,20;29,38;29,97;88,20;13,38;13,99;81,97;81,99;9,97;9,99;82,20;16,38;16,99;95,99;51,41;51,97;51,99;33,41;57,97;57,99;42,99;21,7;21,97;85,7;85,99;77,38;77,99;52,97;0,1;0,2;0,3;0,5;0,6;0,7;0,8;0,9;0,12;0,13;0,16;0,20;0,24;0,27;0,28;0,34;0,36;0,37;0,38;0,39;0,41;0,42;0,44;0,46;0,48;0,51;0,53;0,55;0,57;0,64;0,66;0,67;0,68;0,70;0,75;0,77;0,78;0,79;0,81;0,84;0,85;0,86;0,87;0,89;0,90;0,91;0,92;0,95;0,97;0,98;1,7;1,97;1,99;75,99;68,99;7,1;7,2;7,8;7,21;7,22;7,23;7,24;7,27;7,39;7,48;7,53;7,58;7,72;7,84;7,85;7,93;7,99;97,1;97,9;97,21;97,23;97,24;97,28;97,29;97,35;97,45;97,51;97,52;97,57;97,64;97,71;97,81;97,83;97,89;97,92;97,96;97,99;5,20;5,99;72,7;23,7;23,97;66,99;53,7;53,20;53,38;53,99;8,7;8,24;8,38;8,99;28,97;28,99;91,20;91,38;91,41;91,99;86,38;86,99;87,99;26,41;92,97;92,99;48,7;48,99;27,7;27,99;12,99;24,7;24,8;24,19;24,97;24,99;20,5;20,17;20,29;20,37;20,38;20,47;20,53;20,54;20,58;20,82;20,83;20,84;20,88;20,91;20,99;37,20;37,99;45,97;89,97;89,99;44,36;44,74;44,99;36,44;36,99;15,41;71,97;70,99;6,99;54,20;55,99;35,97;41,2;41,15;41,19;41,26;41,33;41,51;41,67;41,73;41,91;41,99;73,41;90,99;58,7;58,20;3,99;98,99;74,44;34,99;96,97;38,8;38,13;38,16;38,19;38,20;38,29;38,53;38,64;38,77;38,78;38,83;38,86;38,91;38,93;38,99;64,38;64,97;64,99;78,38;78,99;83,20;83,38;83,97;22,7;79,99;93,7;93,38;2,7;2,41;2,99;46,99;19,24;19,38;19,41;67,41;67,99;39,7;39,99;47,20;
65;17,16;17,78;84,97;88,80;13,79;63,19;63,62;51,7;33,55;80,3;59,4;5,34;65,15;65,48;65,97;8,22;8,33;28,22;28,45;91,22;61,89;94,23;15,79;71,78;55,90;49,45;2,86;11,67;19,43;19,55;67,69;47,78;40,57;69,45;69,71;29,14;29,83;9,49;82,72;32,29;32,37;32,68;32,85;95,43;46,79;46,89;72,73;57,38;78,67;42,19;56,47;56,71;1,30;0,42;60,42;66,84;66,91;74,18;27,2;27,30;64,63;45,25;45,90;89,81;36,92;6,81;23,60;75,98;81,27;81,34;70,0;70,85;53,62;54,30;54,42;90,81;10,74;22,44;22,57;50,72;50,88;17,20;84,7;84,20;84,99;88,20;13,38;13,99;51,41;51,97;51,99;33,41;85,7;85,99;97,1;97,9;97,21;97,23;97,24;97,28;97,29;97,35;97,45;97,51;97,52;97,57;97,64;97,71;97,81;97,83;97,89;97,92;97,96;97,99;5,20;5,99;8,7;8,24;8,38;8,99;28,97;28,99;91,20;91,38;91,41;91,99;26,41;48,7;48,99;15,41;71,97;55,99;35,97;73,41;58,7;58,20;3,99;98,99;34,99;83,20;83,38;83,97;93,7;93,38;2,7;2,41;2,99;19,24;19,38;19,41;67,41;67,99;47,20;37,20;37,99;29,7;29,20;29,38;29,97;21,7;21,97;68,44;68,99;9,97;9,99;38,8;38,13;38,16;38,19;38,20;38,29;38,53;38,64;38,77;38,78;38,83;38,86;38,91;38,93;38,99;82,20;16,38;16,44;16,99;79,99;95,99;46,99;72,7;57,97;57,99;78,38;78,99;42,99;87,99;77,38;77,99;52,97;0,1;0,2;0,3;0,5;0,6;0,7;0,8;0,9;0,12;0,13;0,16;0,20;0,24;0,27;0,28;0,34;0,36;0,37;0,38;0,39;0,41;0,42;0,44;0,46;0,48;0,51;0,53;0,55;0,56;0,57;0,64;0,66;0,67;0,68;0,70;0,75;0,77;0,78;0,79;0,81;0,84;0,85;0,86;0,87;0,89;0,90;0,91;0,92;0,95;0,97;0,98;56,99;1,7;1,97;1,99;39,7;39,99;7,1;7,2;7,8;7,21;7,22;7,23;7,24;7,27;7,29;7,39;7,48;7,53;7,58;7,72;7,84;7,85;7,93;7,99;96,97;66,99;86,38;86,99;74,44;27,7;27,41;27,99;20,5;20,17;20,29;20,37;20,38;20,47;20,53;20,54;20,58;20,82;20,83;20,84;20,88;20,91;20,99;12,99;64,38;64,97;64,99;24,7;24,8;24,19;24,44;24,62;24,97;24,99;44,16;44,24;44,36;44,68;44,74;44,99;62,24;62,41;45,97;89,97;89,99;36,44;36,99;6,99;23,7;23,97;75,41;75,99;81,97;81,99;70,99;53,7;53,20;53,38;53,99;54,20;41,2;41,15;41,19;41,26;41,27;41,33;41,51;41,62;41,67;41,73;41,75;41,91;41,99;90,99;22,7;92,97;92,99;
66;17,46;18,1;18,40;18,70;18,94;84,82;88,9;88,81;13,1;13,96;30,50;30,56;51,42;51,64;51,94;33,25;33,89;59,54;59,68;43,73;85,4;85,50;94,59;55,0;55,78;35,63;58,14;58,55;58,69;3,53;98,18;83,44;2,90;19,77;37,66;21,4;16,37;16,97;79,38;95,51;46,63;77,58;52,1;52,71;76,7;76,58;1,93;96,70;66,8;66,33;86,79;74,38;27,67;27,79;27,93;27,96;12,97;64,11;45,28;45,35;89,2;89,87;6,35;6,80;75,8;75,43;81,2;53,35;90,13;90,79;92,0;92,45;92,57;63,4;63,36;63,59;5,49;5,72;91,4;91,84;91,93;23,75;23,92;71,26;71,90;11,41;69,39;69,61;47,17;47,26;47,69;9,83;72,12;72,39;42,31;93,87;56,53;0,97;50,11;50,97;17,20;84,7;84,20;84,99;88,20;13,38;13,99;51,41;51,97;51,99;33,41;85,7;85,99;97,1;97,9;97,21;97,23;97,24;97,28;97,29;97,35;97,45;97,51;97,52;97,57;97,64;97,71;97,81;97,83;97,89;97,92;97,96;97,99;28,97;28,99;26,41;48,7;48,99;55,99;35,97;58,7;58,20;3,99;98,99;83,20;83,38;83,97;2,7;2,41;2,99;19,24;19,38;19,41;37,20;37,99;21,7;21,97;68,44;68,99;82,20;16,38;16,44;16,99;79,99;95,99;46,99;87,99;77,38;77,99;52,97;1,7;1,97;1,99;39,7;39,99;7,1;7,2;7,8;7,21;7,22;7,23;7,24;7,27;7,29;7,39;7,48;7,53;7,58;7,72;7,84;7,85;7,93;7,99;96,97;66,99;86,38;86,99;74,44;27,7;27,41;27,99;20,5;20,17;20,29;20,37;20,38;20,47;20,53;20,54;20,58;20,82;20,83;20,84;20,88;20,91;20,99;12,99;64,38;64,97;64,99;24,7;24,8;24,19;24,44;24,62;24,97;24,99;45,97;89,97;89,99;6,99;75,41;75,99;81,97;81,99;70,99;53,7;53,20;53,38;53,99;54,20;41,2;41,15;41,19;41,26;41,27;41,33;41,51;41,62;41,67;41,73;41,75;41,91;41,99;90,99;92,97;92,99;78,38;78,99;62,24;62,41;5,20;5,99;34,99;15,41;8,7;8,24;8,38;8,99;22,7;91,20;91,38;91,41;91,99;23,7;23,38;23,97;71,97;67,41;67,99;47,20;57,97;57,99;29,7;29,20;29,38;29,97;9,97;9,99;38,8;38,13;38,16;38,19;38,20;38,23;38,29;38,36;38,53;38,64;38,77;38,78;38,83;38,86;38,91;38,93;38,99;36,38;36,44;36,99;72,7;73,41;42,99;0,1;0,2;0,3;0,5;0,6;0,7;0,8;0,9;0,12;0,13;0,16;0,20;0,24;0,27;0,28;0,34;0,36;0,37;0,38;0,39;0,41;0,42;0,44;0,46;0,48;0,51;0,53;0,55;0,56;0,57;0,64;0,66;0,67;0,68;0,70;0,75;0,77;0,78;0,79;0,81;0,84;0,85;0,86;0,87;0,89;0,90;0,91;0,92;0,93;0,95;0,97;0,98;93,7;93,38;93,99;56,99;44,16;44,24;44,36;44,68;44,74;44,99;
67;17,7;84,8;59,18;59,86;59,90;85,87;61,58;55,35;55,65;98,74;98,86;2,24;25,66;37,67;68,22;68,82;16,7;16,56;16,94;95,11;95,31;77,88;39,34;66,47;86,88;74,96;27,26;12,78;81,85;54,21;78,77;78,95;5,86;34,85;65,70;15,61;22,41;22,45;67,1;72,20;73,33;70,23;94,33;94,63;88,37;30,65;30,95;56,32;51,57;64,9;43,33;4,91;0,43;35,0;63,28;63,29;63,31;63,32;63,60;58,64;3,7;53,9;21,28;21,96;71,82;76,28;76,87;76,95;45,72;87,24;87,34;91,46;23,4;23,50;26,90;47,53;47,56;17,20;84,7;84,20;84,99;33,41;85,7;85,99;28,97;28,99;48,7;48,99;55,99;98,99;2,7;2,41;2,99;19,24;19,38;19,41;37,20;37,99;68,44;68,99;82,20;16,38;16,44;16,99;79,99;95,99;46,99;77,38;77,99;1,7;1,97;1,99;39,7;39,99;7,1;7,2;7,8;7,21;7,22;7,23;7,24;7,27;7,29;7,39;7,48;7,53;7,58;7,72;7,84;7,85;7,93;7,99;96,97;66,99;86,38;86,99;74,44;27,7;27,41;27,99;12,99;81,97;81,99;54,20;41,2;41,15;41,19;41,26;41,27;41,33;41,51;41,62;41,67;41,73;41,75;41,91;41,99;78,38;78,99;62,24;62,41;5,20;5,99;34,99;15,41;22,7;67,41;67,99;57,97;57,99;29,7;29,20;29,38;29,97;38,8;38,13;38,16;38,19;38,20;38,23;38,29;38,36;38,53;38,64;38,77;38,78;38,83;38,86;38,91;38,93;38,99;72,7;73,41;70,99;88,20;9,97;9,99;13,38;13,99;56,99;51,41;51,97;51,99;42,99;64,38;64,97;64,99;89,97;89,99;35,97;58,7;58,20;14,99;3,24;3,99;53,7;53,20;53,38;53,99;83,20;83,38;83,97;44,16;44,24;44,36;44,68;44,74;44,99;90,99;21,7;21,97;97,1;97,9;97,21;97,23;97,24;97,28;97,29;97,35;97,45;97,51;97,52;97,57;97,64;97,71;97,81;97,83;97,89;97,92;97,96;97,99;52,97;52,99;71,20;71,97;93,7;93,38;93,99;8,7;8,24;8,38;8,99;20,5;20,17;20,29;20,36;20,37;20,38;20,47;20,53;20,54;20,58;20,71;20,82;20,83;20,84;20,88;20,91;20,99;36,20;36,38;36,44;36,99;24,3;24,7;24,8;24,19;24,44;24,62;24,97;24,99;45,97;87,99;6,99;75,41;75,99;92,97;92,99;91,20;91,38;91,41;91,99;23,7;23,38;23,97;26,41;47,20;0,1;0,2;0,3;0,5;0,6;0,7;0,8;0,9;0,12;0,13;0,14;0,16;0,20;0,24;0,27;0,28;0,34;0,36;0,37;0,38;0,39;0,41;0,42;0,44;0,46;0,48;0,51;0,52;0,53;0,55;0,56;0,57;0,64;0,66;0,67;0,68;0,70;0,75;0,77;0,78;0,79;0,81;0,84;0,85;0,86;0,87;0,89;0,90;0,91;0,92;0,93;0,95;0,97;0,98;
68;17,20;80,23;80,77;80,78;80,86;59,51;85,15;40,76;37,14;68,5;68,18;82,36;32,0;32,31;32,44;32,52;79,66;79,70;79,90;46,9;46,13;46,50;1,26;1,70;66,45;12,22;12,58;54,14;54,59;10,55;49,0;49,47;57,46;18,43;56,19;56,40;0,42;0,44;0,62;69,56;3,91;53,57;52,23;52,90;52,92;76,88;93,37;93,77;36,13;6,11;6,34;6,35;6,44;6,47;6,64;75,2;75,17;92,43;47,41;84,63;8,9;8,34;8,84;90,59;61,45;58,32;35,5;65,71;67,37;67,71;67,92;95,57;77,90;88,12;88,91;34,55;14,58;26,48;78,1;78,45;78,56;78,59;89,22;89,42;89,68;70,13;15,76;33,26;23,7;50,84;50,93;17,20;85,7;85,99;28,97;28,99;48,7;48,99;98,99;2,7;2,41;2,99;19,24;19,38;19,41;37,20;37,99;68,44;68,99;82,20;16,38;16,44;16,99;79,99;46,99;1,7;1,97;1,99;39,7;39,99;96,97;66,99;74,44;12,99;81,97;81,99;54,20;62,24;62,41;5,20;5,99;22,7;57,97;57,99;38,8;38,13;38,16;38,19;38,20;38,23;38,29;38,36;38,53;38,64;38,77;38,78;38,83;38,86;38,91;38,93;38,99;72,7;9,97;9,99;13,38;13,99;56,99;51,41;51,97;51,99;42,99;3,24;3,99;53,7;53,20;53,38;53,99;21,7;21,97;97,1;97,9;97,21;97,23;97,24;97,28;97,29;97,35;97,45;97,51;97,52;97,57;97,64;97,71;97,81;97,83;97,89;97,92;97,96;97,99;52,97;52,99;71,20;71,97;93,7;93,38;93,99;36,20;36,38;36,44;36,99;45,97;6,99;75,41;75,99;92,97;92,99;91,20;91,38;91,41;91,99;47,20;0,1;0,2;0,3;0,5;0,6;0,7;0,8;0,9;0,12;0,13;0,14;0,16;0,20;0,24;0,27;0,28;0,34;0,36;0,37;0,38;0,39;0,41;0,42;0,44;0,46;0,48;0,51;0,52;0,53;0,55;0,56;0,57;0,64;0,66;0,67;0,68;0,70;0,75;0,77;0,78;0,79;0,81;0,84;0,85;0,86;0,87;0,89;0,90;0,91;0,92;0,93;0,95;0,97;0,98;7,1;7,2;7,8;7,14;7,21;7,22;7,23;7,24;7,27;7,29;7,39;7,41;7,48;7,53;7,58;7,61;7,72;7,83;7,84;7,85;7,93;7,99;84,7;84,20;84,99;8,7;8,24;8,38;8,99;86,38;86,99;90,20;90,99;87,99;61,7;58,7;58,20;55,99;35,97;24,3;24,7;24,8;24,19;24,44;24,62;24,67;24,97;24,99;67,24;67,41;67,99;95,99;77,38;77,99;88,20;34,99;14,7;14,99;83,7;83,20;83,38;83,97;27,7;27,41;27,99;26,41;78,38;78,99;41,2;41,7;41,15;41,19;41,26;41,27;41,33;41,51;41,62;41,67;41,73;41,75;41,89;41,91;41,99;89,41;89,97;89,99;70,99;15,41;29,7;29,20;29,38;29,97;20,5;20,17;20,29;20,36;20,37;20,38;20,44;20,47;20,53;20,54;20,58;20,71;20,82;20,83;20,84;20,88;20,90;20,91;20,99;73,41;33,41;23,7;23,38;23,97;64,38;64,97;64,99;44,16;44,20;44,24;44,36;44,68;44,74;44,99;
69;80,95;85,65;28,32;25,11;25,31;19,14;19,89;37,52;32,14;32,90;79,20;39,68;66,54;66,69;66,88;74,4;74,19;74,75;74,79;12,30;81,8;81,14;81,31;81,35;81,95;22,5;22,6;49,38;18,91;94,1;94,21;94,36;94,55;30,81;30,83;43,30;76,34;93,34;45,16;45,18;6,58;75,85;91,83;47,75;58,3;58,71;11,28;77,79;77,81;14,64;27,72;73,52;73,80;64,40;60,48;60,78;60,98;17,14;23,87;86,26;59,36;59,69;40,51;68,29;5,60;0,9;0,45;70,37;9,37;13,3;50,44;50,57;1,90;55,30;57,10;56,14;56,98;69,49;69,56;69,94;92,54;21,66;95,15;95,48;95,70;71,29;71,85;89,57;67,5;67,33;48,38;85,7;85,99;28,97;28,99;98,99;2,7;2,41;2,99;19,24;19,38;19,41;37,20;37,99;82,20;16,38;16,44;16,99;79,99;46,99;39,7;39,99;96,97;66,99;74,44;12,99;81,97;81,99;54,20;62,24;62,41;22,7;51,41;51,97;51,99;3,24;3,99;53,7;53,20;53,38;53,99;97,1;97,9;97,21;97,23;97,24;97,28;97,29;97,35;97,45;97,51;97,52;97,57;97,64;97,71;97,81;97,83;97,89;97,92;97,96;97,99;93,7;93,38;93,99;45,97;6,99;75,41;75,99;91,20;91,38;91,41;91,99;47,20;8,7;8,24;8,38;8,99;90,20;90,99;87,99;61,7;58,7;58,20;35,97;77,38;77,99;88,20;14,7;14,99;83,7;83,20;83,38;83,97;27,7;27,41;27,99;41,2;41,7;41,15;41,19;41,26;41,27;41,33;41,51;41,62;41,67;41,73;41,75;41,89;41,91;41,99;15,41;29,7;29,20;29,38;29,97;73,41;64,38;64,97;64,99;17,20;20,5;20,17;20,29;20,36;20,37;20,38;20,44;20,47;20,53;20,54;20,58;20,71;20,82;20,83;20,84;20,88;20,90;20,91;20,99;23,7;23,38;23,97;78,38;78,99;86,24;86,38;86,99;68,44;68,99;5,20;5,99;36,20;36,38;36,44;36,99;44,16;44,20;44,24;44,34;44,36;44,68;44,71;44,72;44,74;44,99;52,97;52,99;70,99;9,38;9,97;9,99;13,38;13,99;1,7;1,97;1,99;26,41;55,99;57,97;57,99;38,8;38,9;38,13;38,16;38,19;38,20;38,23;38,29;38,36;38,53;38,64;38,77;38,78;38,83;38,86;38,91;38,93;38,99;56,24;56,99;42,99;92,97;92,99;34,44;34,99;0,1;0,2;0,3;0,5;0,6;0,7;0,8;0,9;0,12;0,13;0,14;0,16;0,20;0,21;0,24;0,27;0,28;0,34;0,36;0,37;0,38;0,39;0,41;0,42;0,44;0,46;0,48;0,51;0,52;0,53;0,55;0,56;0,57;0,64;0,66;0,67;0,68;0,70;0,75;0,77;0,78;0,79;0,81;0,84;0,85;0,86;0,87;0,89;0,90;0,91;0,92;0,93;0,95;0,97;0,98;21,7;21,97;21,99;95,99;84,7;84,20;84,99;71,20;71,44;71,97;24,3;24,7;24,8;24,19;24,44;24,56;24,62;24,67;24,86;24,89;24,97;24,99;89,24;89,41;89,97;89,99;67,24;67,41;67,99;48,7;48,99;33,41;7,1;7,2;7,8;7,14;7,21;7,22;7,23;7,24;7,27;7,29;7,39;7,41;7,48;7,53;7,58;7,61;7,72;7,83;7,84;7,85;7,93;7,99;72,7;72,44;
70;2,87;16,95;79,59;46,75;39,25;39,82;96,5;96,58;96,80;66,24;54,80;62,83;53,55;53,88;6,4;8,49;65,2;31,9;31,32;31,65;31,97;77,69;88,76;63,22;63,25;63,56;64,42;17,48;50,7;55,34;42,32;42,68;69,59;21,15;95,48;95,70;95,74;95,83;84,57;33,83;80,64;80,68;32,86;25,19;25,45;19,63;19,85;14,96;89,29;52,5;52,36;52,87;90,18;90,74;4,59;4,97;81,71;35,47;35,53;5,55;49,46;49,97;18,53;91,58;94,22;1,37;36,80;76,56;34,8;34,69;93,22;58,63;58,75;71,5;60,27;78,39;98,80;10,46;10,55;10,60;26,68;0,3;9,40;57,38;57,40;57,96;82,1;82,55;82,58;2,7;2,41;2,99;37,20;37,99;16,38;16,44;16,99;79,99;46,99;39,7;39,99;96,97;66,99;12,99;54,20;62,24;62,41;22,7;51,41;51,97;51,99;3,24;3,99;53,7;53,20;53,38;53,99;97,1;97,9;97,21;97,23;97,24;97,28;97,29;97,35;97,45;97,51;97,52;97,57;97,64;97,71;97,81;97,83;97,89;97,92;97,96;97,99;6,99;47,20;8,7;8,24;8,38;8,99;87,99;61,7;77,38;77,99;88,20;27,7;27,41;27,99;41,2;41,7;41,15;41,19;41,26;41,27;41,33;41,51;41,62;41,67;41,73;41,75;41,89;41,91;41,99;15,41;64,38;64,97;64,99;17,20;23,7;23,38;23,97;44,16;44,20;44,24;44,34;44,36;44,68;44,71;44,72;44,74;44,99;70,99;13,38;13,99;55,99;42,99;92,97;92,99;0,1;0,2;0,3;0,5;0,6;0,7;0,8;0,9;0,12;0,13;0,14;0,16;0,20;0,21;0,24;0,27;0,28;0,34;0,36;0,37;0,38;0,39;0,41;0,42;0,44;0,46;0,48;0,51;0,52;0,53;0,55;0,56;0,57;0,64;0,66;0,67;0,68;0,70;0,75;0,77;0,78;0,79;0,81;0,84;0,85;0,86;0,87;0,89;0,90;0,91;0,92;0,93;0,95;0,97;0,98;21,7;21,97;21,99;95,99;84,7;84,20;84,99;24,3;24,7;24,8;24,19;24,44;24,56;24,62;24,67;24,86;24,89;24,97;24,99;33,41;72,7;72,44;85,7;85,99;28,97;28,99;19,24;19,38;19,41;14,7;14,99;89,24;89,41;89,97;89,99;52,97;52,99;90,20;90,99;20,5;20,10;20,17;20,29;20,36;20,37;20,38;20,44;20,47;20,53;20,54;20,58;20,71;20,82;20,83;20,84;20,88;20,90;20,91;20,99;68,44;68,99;74,44;75,41;75,99;81,97;81,99;35,97;5,20;5,99;38,8;38,9;38,13;38,16;38,19;38,20;38,23;38,29;38,36;38,53;38,64;38,77;38,78;38,82;38,83;38,86;38,91;38,93;38,99;91,20;91,38;91,41;91,99;94,7;1,7;1,97;1,99;36,20;36,38;36,44;36,99;83,7;83,20;83,38;83,97;34,44;34,99;93,7;93,38;93,99;45,97;58,7;58,20;71,20;71,44;71,97;73,41;48,7;48,99;78,38;78,99;98,99;10,20;86,24;86,38;86,99;26,41;29,7;29,20;29,38;29,97;9,38;9,97;9,99;57,97;57,99;82,20;82,38;56,24;56,99;67,24;67,41;67,99;7,1;7,2;7,8;7,14;7,21;7,22;7,23;7,24;7,27;7,29;7,39;7,41;7,48;7,53;7,58;7,61;7,72;7,83;7,84;7,85;7,93;7,94;7,99;
71;66,76;54,29;62,80;30,36;30,69;51,54;43,86;3,22;47,55;87,25;61,1;77,32;88,32;88,66;27,57;64,68;23,60;13,31;13,88;50,15;55,50;55,54;55,60;69,13;69,43;92,50;95,63;95,68;84,4;28,16;32,62;14,67;89,81;81,51;81,52;94,2;94,44;1,98;36,8;36,79;83,36;34,68;93,57;73,38;60,71;10,12;86,89;29,40;29,87;29,88;0,6;9,0;9,68;67,76;2,22;59,5;25,7;82,55;96,58;96,75;58,48;80,75;53,10;53,17;31,9;17,64;48,29;68,9;68,29;15,19;70,82;74,15;74,25;33,32;33,88;45,0;85,96;90,41;18,38;18,47;35,59;37,20;37,99;16,38;16,44;16,99;46,99;66,99;12,99;54,20;62,24;62,41;22,7;51,41;51,97;51,99;3,24;3,99;47,20;8,7;8,24;8,38;8,99;87,99;61,7;77,38;77,99;88,20;27,7;27,41;27,99;64,38;64,97;64,99;23,7;23,38;23,97;13,38;13,99;55,99;92,97;92,99;95,99;84,7;84,20;84,99;24,3;24,7;24,8;24,19;24,44;24,56;24,62;24,67;24,86;24,89;24,97;24,99;72,7;72,44;28,97;28,99;14,7;14,99;89,24;89,41;89,97;89,99;52,97;52,99;81,97;81,99;38,8;38,9;38,13;38,16;38,19;38,20;38,23;38,29;38,36;38,53;38,64;38,77;38,78;38,82;38,83;38,86;38,91;38,93;38,99;94,7;1,7;1,97;1,99;36,20;36,38;36,44;36,99;83,7;83,20;83,38;83,97;34,44;34,99;93,7;93,38;93,99;73,41;78,38;78,99;98,99;10,20;86,24;86,38;86,99;26,41;29,7;29,20;29,38;29,97;9,38;9,97;9,99;56,24;56,99;67,24;67,41;67,99;2,7;2,41;2,99;79,99;75,41;75,99;39,7;39,99;82,20;82,38;82,99;96,97;5,20;5,99;58,7;58,20;53,7;53,20;53,38;53,99;6,99;97,1;97,9;97,21;97,23;97,24;97,28;97,29;97,35;97,45;97,51;97,52;97,57;97,64;97,71;97,81;97,83;97,89;97,92;97,96;97,99;41,2;41,7;41,15;41,19;41,26;41,27;41,33;41,44;41,51;41,62;41,67;41,73;41,75;41,89;41,91;41,99;44,16;44,20;44,24;44,34;44,36;44,41;44,68;44,71;44,72;44,74;44,91;44,99;42,7;42,99;17,20;48,7;48,99;91,20;91,38;91,41;91,44;91,99;7,1;7,2;7,8;7,14;7,21;7,22;7,23;7,24;7,27;7,29;7,35;7,39;7,41;7,42;7,45;7,48;7,53;7,58;7,61;7,70;7,72;7,83;7,84;7,85;7,93;7,94;7,99;68,44;68,99;0,1;0,2;0,3;0,5;0,6;0,7;0,8;0,9;0,12;0,13;0,14;0,16;0,20;0,21;0,24;0,27;0,28;0,34;0,36;0,37;0,38;0,39;0,41;0,42;0,44;0,46;0,48;0,51;0,52;0,53;0,55;0,56;0,57;0,64;0,66;0,67;0,68;0,70;0,75;0,77;0,78;0,79;0,81;0,82;0,84;0,85;0,86;0,87;0,89;0,90;0,91;0,92;0,93;0,95;0,97;0,98;21,7;21,97;21,99;15,41;70,7;70,99;74,44;57,97;57,99;33,20;33,41;19,24;19,38;19,41;45,7;45,97;85,7;85,99;90,20;90,99;20,5;20,10;20,17;20,29;20,33;20,36;20,37;20,38;20,44;20,47;20,53;20,54;20,58;20,71;20,82;20,83;20,84;20,88;20,90;20,91;20,99;71,20;71,44;71,97;35,7;35,97;
72;37,28;37,36;66,10;66,16;12,81;51,15;43,17;43,55;8,2;8,42;8,84;8,89;23,9;23,98;95,35;95,56;72,27;28,24;32,86;11,83;11,98;14,30;14,56;81,67;1,88;76,10;76,62;93,68;93,92;73,75;73,96;78,14;9,50;9,73;9,74;9,88;9,89;56,10;56,94;2,31;39,61;25,37;5,76;42,16;48,84;21,76;70,24;74,94;45,72;85,1;85,37;71,37;80,46;36,18;36,30;36,47;36,62;86,57;86,64;3,92;88,81;68,31;68,39;68,89;13,2;31,30;31,90;50,70;15,3;15,92;92,16;84,97;4,22;4,44;89,23;34,6;0,74;6,48;6,76;59,3;59,86;96,9;75,58;17,31;33,28;33,97;90,91;18,15;18,24;35,23;37,20;37,99;16,38;16,44;16,99;46,99;66,99;12,99;54,20;22,7;51,41;51,97;51,99;47,20;8,7;8,24;8,38;8,99;87,99;61,7;27,7;27,41;27,99;23,7;23,38;23,97;55,99;95,99;24,3;24,7;24,8;24,19;24,44;24,56;24,62;24,67;24,86;24,89;24,97;24,99;72,7;72,44;28,97;28,99;14,7;14,99;52,97;52,99;81,97;81,99;38,8;38,9;38,13;38,16;38,19;38,20;38,23;38,29;38,36;38,53;38,64;38,77;38,78;38,82;38,83;38,86;38,91;38,93;38,99;94,7;1,7;1,97;1,99;83,7;83,20;83,38;83,97;93,7;93,38;93,99;73,41;78,38;78,99;98,99;10,20;26,41;9,38;9,97;9,99;56,24;56,99;67,24;67,41;67,99;2,7;2,41;2,99;39,7;39,99;82,20;82,38;82,99;5,20;5,99;58,7;58,20;97,1;97,9;97,21;97,23;97,24;97,28;97,29;97,35;97,45;97,51;97,52;97,57;97,64;97,71;97,81;97,83;97,89;97,92;97,96;97,99;42,7;42,99;48,7;48,99;91,20;91,38;91,41;91,44;91,99;21,7;21,97;21,99;70,7;70,99;74,44;57,97;57,99;45,7;45,97;85,7;85,99;71,20;71,44;71,97;29,7;29,20;29,38;29,44;29,97;62,24;62,41;36,20;36,38;36,44;36,99;69,99;86,24;86,38;86,99;3,7;3,24;3,99;77,20;77,38;77,99;88,20;88,44;64,38;64,97;64,99;68,7;68,44;68,99;13,38;13,99;31,41;15,41;92,44;92,97;92,99;84,7;84,20;84,99;89,24;89,41;89,97;89,99;44,16;44,20;44,24;44,29;44,34;44,36;44,41;44,68;44,71;44,72;44,74;44,88;44,91;44,92;44,99;79,99;34,44;34,99;6,99;7,1;7,2;7,3;7,8;7,14;7,21;7,22;7,23;7,24;7,27;7,29;7,35;7,39;7,41;7,42;7,45;7,48;7,53;7,58;7,61;7,68;7,70;7,72;7,83;7,84;7,85;7,93;7,94;7,99;96,97;75,41;75,99;53,7;53,20;53,38;53,99;17,20;41,2;41,7;41,15;41,19;41,26;41,27;41,31;41,33;41,44;41,51;41,62;41,67;41,73;41,75;41,89;41,91;41,99;0,1;0,2;0,3;0,5;0,6;0,7;0,8;0,9;0,12;0,13;0,14;0,16;0,20;0,21;0,24;0,27;0,28;0,34;0,36;0,37;0,38;0,39;0,41;0,42;0,44;0,46;0,48;0,51;0,52;0,53;0,55;0,56;0,57;0,64;0,66;0,67;0,68;0,69;0,70;0,75;0,77;0,78;0,79;0,81;0,82;0,84;0,85;0,86;0,87;0,89;0,90;0,91;0,92;0,93;0,95;0,97;0,98;19,24;19,38;19,41;33,20;33,41;90,20;90,99;18,20;20,5;20,10;20,17;20,18;20,29;20,33;20,36;20,37;20,38;20,44;20,47;20,53;20,54;20,58;20,71;20,77;20,82;20,83;20,84;20,88;20,90;20,91;20,99;35,7;35,97;
73;54,3;51,0;43,32;47,41;8,49;8,70;87,36;61,17;55,40;72,32;32,14;32,96;11,27;11,70;52,48;83,25;60,0;60,3;60,50;78,72;39,24;82,8;82,14;82,23;58,62;57,0;45,15;69,61;86,5;88,5;13,68;13,78;92,7;79,26;79,76;40,83;6,3;6,40;6,60;6,67;6,69;53,96;17,26;17,72;33,18;33,91;37,18;28,20;28,84;36,47;81,6;15,97;84,2;84,46;84,47;23,12;35,90;56,78;90,3;90,84;30,12;1,48;1,79;68,71;96,92;94,10;94,58;94,80;94,90;34,18;34,77;25,43;25,94;48,19;80,20;80,31;80,50;80,85;46,38;18,17;18,75;3,27;22,49;0,9;0,52;0,66;91,16;54,20;51,41;51,97;51,99;47,20;8,7;8,24;8,38;8,99;87,99;61,7;27,7;27,41;27,99;55,99;95,99;72,7;72,44;52,97;52,99;83,7;83,20;83,38;83,97;78,38;78,99;98,99;26,41;2,7;2,41;2,99;39,7;39,99;82,20;82,38;82,99;58,7;58,20;97,1;97,9;97,21;97,23;97,24;97,28;97,29;97,35;97,45;97,51;97,52;97,57;97,64;97,71;97,81;97,83;97,89;97,92;97,96;97,99;42,7;42,99;57,97;57,99;45,7;45,97;71,20;71,44;71,97;29,7;29,20;29,38;29,44;29,97;62,24;62,41;69,99;86,24;86,38;86,99;77,20;77,38;77,99;88,20;88,44;64,38;64,97;64,99;13,38;13,99;31,41;92,44;92,97;92,99;89,24;89,41;89,97;89,99;44,16;44,20;44,24;44,29;44,34;44,36;44,41;44,68;44,71;44,72;44,74;44,88;44,91;44,92;44,99;79,99;6,99;7,1;7,2;7,3;7,8;7,14;7,21;7,22;7,23;7,24;7,27;7,29;7,35;7,39;7,41;7,42;7,45;7,48;7,53;7,58;7,61;7,68;7,70;7,72;7,83;7,84;7,85;7,93;7,94;7,99;53,7;53,20;53,38;53,99;17,20;0,1;0,2;0,3;0,5;0,6;0,7;0,8;0,9;0,12;0,13;0,14;0,16;0,20;0,21;0,24;0,27;0,28;0,34;0,36;0,37;0,38;0,39;0,41;0,42;0,44;0,46;0,48;0,51;0,52;0,53;0,55;0,56;0,57;0,64;0,66;0,67;0,68;0,69;0,70;0,75;0,77;0,78;0,79;0,81;0,82;0,84;0,85;0,86;0,87;0,89;0,90;0,91;0,92;0,93;0,95;0,97;0,98;19,24;19,38;19,41;33,20;33,41;20,5;20,10;20,17;20,18;20,29;20,33;20,36;20,37;20,38;20,44;20,47;20,53;20,54;20,58;20,71;20,77;20,82;20,83;20,84;20,88;20,90;20,91;20,99;37,20;37,99;28,41;28,97;28,99;36,20;36,38;36,44;36,99;66,99;10,20;16,38;16,44;16,99;12,99;81,97;81,99;15,41;84,7;84,20;84,99;23,7;23,38;23,97;9,38;9,97;9,99;35,7;35,97;56,24;56,99;24,3;24,7;24,8;24,19;24,44;24,56;24,62;24,67;24,86;24,89;24,90;24,97;24,99;90,20;90,24;90,99;14,7;14,99;67,24;67,34;67,41;67,65;67,99;1,7;1,97;1,99;93,7;93,38;93,99;68,7;68,44;68,99;73,41;75,41;75,99;96,97;74,44;94,7;34,44;34,67;34,99;65,67;5,20;5,99;48,7;48,99;21,7;21,97;21,99;70,7;70,99;85,7;85,99;46,99;18,20;3,7;3,24;3,99;22,7;41,2;41,7;41,15;41,19;41,26;41,27;41,28;41,31;41,33;41,38;41,44;41,51;41,62;41,67;41,73;41,75;41,89;41,91;41,99;38,8;38,9;38,13;38,16;38,19;38,20;38,23;38,29;38,36;38,41;38,53;38,64;38,77;38,78;38,82;38,83;38,86;38,91;38,93;38,99;91,20;91,38;91,41;91,44;91,99;
74;47,12;61,34;27,89;95,28;95,46;11,1;11,20;11,75;78,61;78,85;39,23;63,84;57,92;71,57;71,94;29,90;29,93;69,80;86,5;13,96;89,43;53,79;33,36;36,21;12,21;12,53;81,80;81,85;81,97;9,34;35,53;76,27;93,25;68,1;68,81;73,89;75,8;65,62;21,7;21,47;21,59;21,75;70,39;18,50;4,51;22,88;51,22;32,47;17,54;55,12;55,54;40,89;72,11;72,58;72,75;52,74;52,92;48,93;83,43;60,56;82,45;82,70;58,28;58,90;62,24;15,10;15,12;15,14;5,36;5,81;88,4;88,7;30,69;79,93;26,64;6,14;6,76;6,80;6,93;91,2;84,46;46,44;94,7;34,79;77,39;77,42;19,15;19,18;19,48;54,20;47,20;87,99;61,7;27,7;27,41;27,99;95,99;78,38;78,99;98,99;2,7;2,41;2,99;39,7;39,99;42,7;42,99;57,97;57,99;45,7;45,97;71,20;71,44;71,97;29,7;29,20;29,38;29,44;29,97;69,99;86,24;86,38;86,99;64,38;64,97;64,99;13,38;13,99;31,41;89,24;89,41;89,97;89,99;53,7;53,20;53,38;53,99;0,1;0,2;0,3;0,5;0,6;0,7;0,8;0,9;0,12;0,13;0,14;0,16;0,20;0,21;0,24;0,27;0,28;0,34;0,36;0,37;0,38;0,39;0,41;0,42;0,44;0,46;0,48;0,51;0,52;0,53;0,55;0,56;0,57;0,64;0,66;0,67;0,68;0,69;0,70;0,75;0,77;0,78;0,79;0,81;0,82;0,84;0,85;0,86;0,87;0,89;0,90;0,91;0,92;0,93;0,95;0,97;0,98;33,20;33,41;37,20;37,99;36,20;36,38;36,44;36,99;12,99;81,97;81,99;23,7;23,38;23,97;9,38;9,97;9,99;35,7;35,97;56,24;56,99;24,3;24,7;24,8;24,19;24,44;24,56;24,62;24,67;24,86;24,89;24,90;24,97;24,99;14,7;14,99;93,7;93,38;93,99;68,7;68,44;68,99;73,41;75,41;75,99;96,97;74,44;65,67;21,7;21,97;21,99;70,7;70,99;85,7;85,99;18,20;3,7;3,24;3,99;22,7;51,41;51,97;51,99;41,2;41,7;41,15;41,19;41,26;41,27;41,28;41,31;41,33;41,38;41,44;41,51;41,52;41,62;41,67;41,73;41,75;41,89;41,91;41,99;8,7;8,24;8,38;8,99;17,20;55,99;72,7;72,44;52,41;52,97;52,99;48,7;48,99;83,7;83,20;83,38;83,97;82,20;82,38;82,99;58,7;58,20;62,24;62,41;15,41;5,20;5,99;88,20;88,44;92,44;92,97;92,99;7,1;7,2;7,3;7,8;7,14;7,21;7,22;7,23;7,24;7,27;7,29;7,35;7,39;7,41;7,42;7,45;7,48;7,53;7,58;7,61;7,68;7,70;7,72;7,83;7,84;7,85;7,93;7,94;7,99;44,16;44,20;44,24;44,29;44,30;44,34;44,36;44,41;44,68;44,71;44,72;44,74;44,88;44,91;44,92;44,99;30,44;79,99;26,41;6,99;67,24;67,34;67,41;67,65;67,99;91,20;91,38;91,41;91,44;91,99;28,41;28,97;28,99;20,5;20,10;20,17;20,18;20,29;20,33;20,36;20,37;20,38;20,44;20,47;20,53;20,54;20,58;20,71;20,77;20,82;20,83;20,84;20,88;20,90;20,91;20,99;84,7;84,20;84,99;97,1;97,9;97,21;97,23;97,24;97,28;97,29;97,35;97,45;97,51;97,52;97,57;97,64;97,71;97,81;97,83;97,89;97,92;97,96;97,99;46,99;90,20;90,24;90,99;1,7;1,97;1,99;94,7;10,20;34,44;34,67;34,99;77,20;77,38;77,99;19,24;19,38;19,41;38,8;38,9;38,13;38,16;38,19;38,20;38,23;38,29;38,36;38,41;38,53;38,64;38,77;38,78;38,82;38,83;38,86;38,91;38,93;38,99;66,99;16,38;16,44;16,99;
75;87,5;95,98;98,78;42,16;57,5;57,19;57,22;86,69;64,41;64,57;31,18;33,27;9,2;9,67;9,71;35,26;93,59;73,51;73,97;96,71;74,24;65,24;65,53;70,4;70,12;3,70;22,49;32,43;52,58;52,74;48,6;48,23;82,2;82,67;62,4;91,45;91,69;84,18;46,19;46,20;46,95;10,42;10,71;77,55;77,85;66,69;16,96;61,65;34,70;89,24;11,48;1,84;39,64;23,38;90,8;90,22;5,9;79,33;36,68;81,73;68,3;68,72;4,85;17,41;54,17;55,18;55,84;40,19;72,11;60,41;60,78;15,60;26,46;19,33;47,20;87,99;27,7;27,41;27,99;95,99;98,99;2,7;2,41;2,99;42,7;42,99;57,97;57,99;45,7;45,97;71,20;71,44;71,97;86,24;86,38;86,99;64,38;64,97;64,99;31,41;0,1;0,2;0,3;0,5;0,6;0,7;0,8;0,9;0,12;0,13;0,14;0,16;0,20;0,21;0,24;0,27;0,28;0,34;0,36;0,37;0,38;0,39;0,41;0,42;0,44;0,46;0,48;0,51;0,52;0,53;0,55;0,56;0,57;0,64;0,66;0,67;0,68;0,69;0,70;0,75;0,77;0,78;0,79;0,81;0,82;0,84;0,85;0,86;0,87;0,89;0,90;0,91;0,92;0,93;0,95;0,97;0,98;33,20;33,41;37,20;37,99;9,38;9,97;9,99;35,7;35,97;24,3;24,7;24,8;24,19;24,44;24,56;24,62;24,67;24,86;24,89;24,90;24,97;24,99;93,7;93,38;93,99;73,41;96,97;74,44;65,67;21,7;21,97;21,99;70,7;70,99;85,7;85,99;3,7;3,24;3,99;22,7;51,41;51,97;51,99;41,2;41,7;41,15;41,19;41,26;41,27;41,28;41,31;41,33;41,38;41,44;41,51;41,52;41,62;41,67;41,73;41,75;41,89;41,91;41,99;8,7;8,24;8,38;8,99;52,41;52,97;52,99;48,7;48,99;83,7;83,20;83,38;83,97;82,20;82,38;82,99;58,7;58,20;62,24;62,41;92,44;92,97;92,99;44,16;44,20;44,24;44,29;44,30;44,34;44,36;44,41;44,68;44,71;44,72;44,74;44,88;44,91;44,92;44,99;30,44;67,24;67,34;67,41;67,65;67,99;91,20;91,38;91,41;91,44;91,99;28,41;28,97;28,99;84,7;84,20;84,99;97,1;97,9;97,21;97,23;97,24;97,28;97,29;97,35;97,45;97,51;97,52;97,57;97,64;97,71;97,81;97,83;97,89;97,92;97,96;97,99;46,99;10,20;77,20;77,38;77,99;38,8;38,9;38,13;38,16;38,19;38,20;38,23;38,29;38,36;38,41;38,53;38,64;38,77;38,78;38,82;38,83;38,86;38,91;38,93;38,99;66,99;16,38;16,44;16,99;12,99;61,7;34,44;34,67;34,99;89,24;89,41;89,97;89,99;1,7;1,97;1,99;20,5;20,10;20,13;20,17;20,18;20,26;20,29;20,33;20,36;20,37;20,38;20,44;20,47;20,53;20,54;20,58;20,59;20,71;20,77;20,82;20,83;20,84;20,88;20,90;20,91;20,99;75,41;75,99;78,38;78,99;39,7;39,99;23,7;23,38;23,97;94,7;29,7;29,20;29,38;29,44;29,97;90,20;90,24;90,99;69,99;5,20;5,99;13,20;13,38;13,99;53,7;53,20;53,38;53,99;79,99;36,20;36,38;36,44;36,99;81,97;81,99;68,7;68,44;68,99;7,1;7,2;7,3;7,8;7,14;7,21;7,22;7,23;7,24;7,27;7,29;7,35;7,39;7,41;7,42;7,45;7,48;7,53;7,58;7,61;7,68;7,70;7,72;7,83;7,84;7,85;7,93;7,94;7,99;59,20;18,20;88,20;88,44;17,20;54,20;55,99;72,7;72,44;56,24;56,99;15,41;14,7;14,99;26,20;26,41;6,99;19,24;19,38;19,41;
76;43,34;47,32;27,44;27,78;27,94;95,69;2,0;63,3;71,6;71,70;37,74;35,44;35,83;35,94;35,97;76,14;76,94;96,10;96,61;96,76;74,20;74,97;21,56;21,86;22,77;51,33;51,53;51,55;32,63;52,57;52,74;48,95;50,5;50,19;50,24;92,75;66,4;12,4;12,25;12,44;12,61;89,81;11,7;75,73;39,1;39,69;94,62;94,72;90,64;69,8;80,0;53,35;36,3;81,10;81,40;81,50;4,48;54,74;54,75;15,32;87,6;57,10;57,97;19,32;19,55;9,74;25,94;28,27;28,86;6,64;23,39;23,94;82,34;45,58;45,89;84,11;10,2;10,16;10,56;77,91;77,94;55,76;85,14;17,20;1,50;14,2;14,54;47,20;27,7;27,41;27,99;95,99;98,99;2,7;2,41;2,99;71,20;71,44;71,97;86,24;86,38;86,99;64,38;64,97;64,99;31,41;0,1;0,2;0,3;0,5;0,6;0,7;0,8;0,9;0,12;0,13;0,14;0,16;0,20;0,21;0,24;0,27;0,28;0,34;0,36;0,37;0,38;0,39;0,41;0,42;0,44;0,46;0,48;0,51;0,52;0,53;0,55;0,56;0,57;0,64;0,66;0,67;0,68;0,69;0,70;0,75;0,77;0,78;0,79;0,81;0,82;0,84;0,85;0,86;0,87;0,89;0,90;0,91;0,92;0,93;0,95;0,97;0,98;33,20;33,41;37,20;37,99;35,7;35,97;93,7;93,38;93,99;73,41;96,97;74,44;21,7;21,97;21,99;3,7;3,24;3,99;22,7;51,41;51,97;51,99;8,7;8,24;8,38;8,99;52,41;52,97;52,99;48,7;48,99;83,7;83,20;83,38;83,97;58,7;58,20;62,24;62,41;92,44;92,97;92,99;44,16;44,20;44,24;44,29;44,30;44,34;44,36;44,41;44,68;44,71;44,72;44,74;44,88;44,91;44,92;44,99;30,44;97,1;97,9;97,21;97,23;97,24;97,28;97,29;97,35;97,45;97,51;97,52;97,57;97,64;97,71;97,81;97,83;97,89;97,92;97,96;97,99;66,99;16,38;16,44;16,99;12,99;34,44;34,67;34,99;89,24;89,41;89,97;89,99;75,41;75,99;78,38;78,99;39,7;39,99;94,7;29,7;29,20;29,38;29,44;29,97;90,20;90,24;90,99;69,99;13,20;13,38;13,99;53,7;53,20;53,38;53,99;79,99;36,20;36,38;36,44;36,99;81,97;81,99;68,7;68,44;68,99;7,1;7,2;7,3;7,8;7,14;7,21;7,22;7,23;7,24;7,27;7,29;7,35;7,39;7,41;7,42;7,45;7,48;7,53;7,58;7,61;7,68;7,70;7,72;7,83;7,84;7,85;7,93;7,94;7,99;59,20;88,20;88,44;54,20;72,7;72,44;56,24;56,99;15,41;26,20;26,41;87,99;5,20;5,99;42,7;42,99;57,41;57,97;57,99;19,24;19,38;19,41;41,2;41,7;41,15;41,19;41,26;41,27;41,28;41,31;41,33;41,38;41,44;41,51;41,52;41,57;41,62;41,67;41,70;41,73;41,75;41,89;41,91;41,99;18,20;9,38;9,97;9,99;67,24;67,25;67,34;67,41;67,46;67,65;67,99;24,3;24,7;24,8;24,19;24,25;24,28;24,44;24,56;24,62;24,67;24,86;24,89;24,90;24,97;24,99;25,24;25,67;28,24;28,41;28,97;28,99;65,67;70,7;70,41;70,99;6,38;6,99;23,7;23,38;23,97;82,20;82,38;82,99;46,67;46,99;91,20;91,38;91,41;91,44;91,99;45,7;45,97;84,7;84,20;84,99;20,5;20,10;20,13;20,14;20,17;20,18;20,26;20,29;20,33;20,36;20,37;20,38;20,44;20,47;20,53;20,54;20,58;20,59;20,71;20,77;20,82;20,83;20,84;20,88;20,90;20,91;20,99;10,20;77,20;77,38;77,99;55,99;85,7;85,99;38,6;38,8;38,9;38,13;38,16;38,17;38,19;38,20;38,23;38,29;38,36;38,41;38,53;38,64;38,77;38,78;38,82;38,83;38,86;38,91;38,93;38,99;17,20;17,38;61,7;1,7;1,97;1,99;14,7;14,20;14,99;
77;95,16;95,70;49,12;33,45;37,40;93,26;73,13;73,15;73,88;73,89;21,5;21,16;3,70;3,94;8,36;8,76;48,49;48,60;48,90;50,30;58,61;58,79;92,39;92,94;39,13;39,21;39,92;29,46;90,0;90,63;69,68;53,93;68,17;59,18;4,95;60,47;26,71;87,11;87,95;5,3;42,31;19,7;19,42;19,76;18,41;18,49;9,85;25,64;25,69;65,12;70,37;70,79;23,94;91,87;55,23;55,83;17,48;1,18;1,35;40,55;43,70;43,96;32,56;78,28;94,22;94,39;0,5;96,28;96,55;74,33;35,54;76,48;14,46;61,15;61,21;61,28;86,92;22,4;22,69;89,95;11,59;62,54;62,64;80,2;15,48;28,98;82,38;45,41;84,80;84,97;85,59;16,27;47,20;95,99;98,99;2,7;2,41;2,99;71,20;71,44;71,97;64,38;64,97;64,99;31,41;33,20;33,41;37,20;37,99;93,7;93,38;93,99;73,41;21,7;21,97;21,99;3,7;3,24;3,99;51,41;51,97;51,99;8,7;8,24;8,38;8,99;52,41;52,97;52,99;48,7;48,99;58,7;58,20;92,44;92,97;92,99;30,44;66,99;12,99;75,41;75,99;39,7;39,99;29,7;29,20;29,38;29,44;29,97;90,20;90,24;90,99;69,99;13,20;13,38;13,99;53,7;53,20;53,38;53,99;79,99;36,20;36,38;36,44;36,99;81,97;81,99;68,7;68,44;68,99;7,1;7,2;7,3;7,8;7,14;7,21;7,22;7,23;7,24;7,27;7,29;7,35;7,39;7,41;7,42;7,45;7,48;7,53;7,58;7,61;7,68;7,70;7,72;7,83;7,84;7,85;7,93;7,94;7,99;59,20;88,20;88,44;54,20;72,7;72,44;56,24;56,99;26,20;26,41;87,99;5,20;5,99;42,7;42,99;19,24;19,38;19,41;41,2;41,7;41,15;41,19;41,26;41,27;41,28;41,31;41,33;41,38;41,44;41,51;41,52;41,57;41,62;41,67;41,70;41,73;41,75;41,89;41,91;41,99;18,20;9,38;9,97;9,99;67,24;67,25;67,34;67,41;67,46;67,65;67,99;24,3;24,7;24,8;24,19;24,25;24,28;24,44;24,56;24,62;24,67;24,86;24,89;24,90;24,97;24,99;25,24;25,67;65,67;70,7;70,41;70,99;6,38;6,99;23,7;23,38;23,97;46,67;46,99;91,20;91,38;91,41;91,44;91,99;55,99;17,20;17,38;1,7;1,97;1,99;34,44;34,67;34,99;27,7;27,41;27,99;44,16;44,20;44,24;44,29;44,30;44,34;44,36;44,41;44,68;44,71;44,72;44,74;44,88;44,91;44,92;44,99;78,38;78,99;94,7;0,1;0,2;0,3;0,5;0,6;0,7;0,8;0,9;0,12;0,13;0,14;0,16;0,20;0,21;0,24;0,27;0,28;0,34;0,36;0,37;0,38;0,39;0,41;0,42;0,44;0,46;0,48;0,51;0,52;0,53;0,55;0,56;0,57;0,64;0,66;0,67;0,68;0,69;0,70;0,75;0,77;0,78;0,79;0,81;0,82;0,84;0,85;0,86;0,87;0,89;0,90;0,91;0,92;0,93;0,95;0,96;0,97;0,98;96,97;96,99;74,44;35,7;35,97;83,7;83,20;83,38;83,97;97,1;97,9;97,21;97,23;97,24;97,28;97,29;97,35;97,45;97,51;97,52;97,57;97,64;97,71;97,81;97,83;97,89;97,92;97,96;97,99;14,7;14,20;14,99;10,20;61,7;20,5;20,10;20,13;20,14;20,17;20,18;20,26;20,29;20,33;20,36;20,37;20,38;20,44;20,47;20,53;20,54;20,58;20,59;20,71;20,77;20,82;20,83;20,84;20,85;20,88;20,90;20,91;20,99;86,24;86,38;86,99;22,7;77,20;77,38;77,99;57,38;57,41;57,97;57,99;89,24;89,41;89,97;89,99;62,24;62,41;15,41;28,24;28,41;28,97;28,99;82,20;82,38;82,99;45,7;45,97;84,7;84,20;84,99;85,7;85,20;85,99;16,38;16,44;16,99;38,6;38,8;38,9;38,13;38,16;38,17;38,19;38,20;38,23;38,29;38,36;38,41;38,53;38,57;38,64;38,77;38,78;38,82;38,83;38,86;38,91;38,93;38,99;
78;98,9;98,54;49,17;49,39;63,47;3,21;51,37;51,52;51,67;8,53;52,15;48,2;58,95;30,56;66,14;66,32;66,33;75,12;68,28;68,60;59,55;59,58;72,15;60,12;60,32;60,86;5,86;25,15;65,46;65,50;6,8;23,39;91,28;91,79;91,90;17,5;17,54;1,10;27,39;94,38;0,89;35,79;76,47;10,1;22,92;77,5;77,35;57,83;15,32;15,80;45,46;84,17;70,68;93,33;89,38;21,70;21,81;61,30;61,53;92,61;39,78;46,41;4,89;87,38;19,37;19,93;43,78;43,84;78,4;78,69;78,94;54,34;86,43;86,67;62,18;47,20;98,99;2,7;2,41;2,99;31,41;33,20;33,41;37,20;37,99;73,41;3,7;3,24;3,99;51,41;51,97;51,99;8,7;8,24;8,38;8,99;52,41;52,97;52,99;48,7;48,99;58,7;58,20;30,44;66,99;12,99;75,41;75,99;90,20;90,24;90,99;69,99;53,7;53,20;53,38;53,99;79,99;36,20;36,38;36,44;36,99;81,97;81,99;68,7;68,44;68,99;59,20;88,20;88,44;72,7;72,44;56,24;56,99;5,20;5,99;42,7;42,99;41,2;41,7;41,15;41,19;41,26;41,27;41,28;41,31;41,33;41,38;41,44;41,51;41,52;41,57;41,62;41,67;41,70;41,73;41,75;41,89;41,91;41,99;9,38;9,97;9,99;24,3;24,7;24,8;24,19;24,25;24,28;24,44;24,56;24,62;24,67;24,86;24,89;24,90;24,97;24,99;25,24;25,67;65,67;6,38;6,99;23,7;23,38;23,97;91,20;91,38;91,41;91,44;91,99;17,20;17,38;1,7;1,97;1,99;34,44;34,67;34,99;27,7;27,41;27,99;44,16;44,20;44,24;44,29;44,30;44,34;44,36;44,41;44,68;44,71;44,72;44,74;44,88;44,91;44,92;44,99;94,7;0,1;0,2;0,3;0,5;0,6;0,7;0,8;0,9;0,12;0,13;0,14;0,16;0,20;0,21;0,24;0,27;0,28;0,34;0,36;0,37;0,38;0,39;0,41;0,42;0,44;0,46;0,48;0,51;0,52;0,53;0,55;0,56;0,57;0,64;0,66;0,67;0,68;0,69;0,70;0,75;0,77;0,78;0,79;0,81;0,82;0,84;0,85;0,86;0,87;0,89;0,90;0,91;0,92;0,93;0,95;0,96;0,97;0,98;74,44;35,7;35,97;97,1;97,9;97,21;97,23;97,24;97,28;97,29;97,35;97,45;97,51;97,52;97,57;97,64;97,71;97,81;97,83;97,89;97,92;97,96;97,99;14,7;14,20;14,99;10,20;20,5;20,10;20,13;20,14;20,17;20,18;20,26;20,29;20,33;20,36;20,37;20,38;20,44;20,47;20,53;20,54;20,58;20,59;20,71;20,77;20,82;20,83;20,84;20,85;20,88;20,90;20,91;20,99;22,7;77,20;77,38;77,99;57,38;57,41;57,97;57,99;15,41;45,7;45,97;84,7;84,20;84,99;85,7;85,20;85,99;16,38;16,44;16,99;95,99;70,7;70,41;70,99;93,7;93,38;93,99;26,20;26,41;13,20;13,38;13,99;89,24;89,41;89,97;89,99;21,7;21,97;21,99;61,7;92,44;92,97;92,99;39,7;39,99;29,7;29,20;29,38;29,44;29,97;46,67;46,99;7,1;7,2;7,3;7,8;7,14;7,21;7,22;7,23;7,24;7,27;7,29;7,35;7,39;7,41;7,42;7,45;7,48;7,53;7,58;7,61;7,68;7,70;7,72;7,83;7,84;7,85;7,93;7,94;7,96;7,99;96,7;96,97;96,99;18,20;18,67;71,20;71,44;71,67;71,97;87,99;19,24;19,38;19,41;67,18;67,24;67,25;67,34;67,41;67,46;67,65;67,71;67,99;64,38;64,97;64,99;55,99;83,7;83,20;83,38;83,97;78,38;78,99;28,24;28,41;28,97;28,99;54,20;86,24;86,38;86,99;62,24;62,41;82,20;82,38;82,99;38,6;38,8;38,9;38,13;38,16;38,17;38,19;38,20;38,23;38,29;38,36;38,41;38,53;38,57;38,64;38,77;38,78;38,82;38,83;38,86;38,91;38,93;38,99;
79;47,11;49,83;63,42;31,68;73,19;3,76;52,15;52,49;52,72;48,72;58,83;58,91;90,45;90,56;90,89;36,23;56,7;56,71;56,88;42,6;42,25;42,98;25,26;25,86;17,93;1,57;1,60;40,0;34,47;34,60;32,9;27,66;27,86;35,5;76,66;14,65;14,85;10,1;10,95;57,21;15,63;84,59;85,66;16,38;95,23;13,4;13,98;89,61;21,56;21,61;61,55;92,39;92,40;92,52;92,72;29,47;4,34;4,35;11,21;64,68;55,11;55,45;55,65;83,28;78,72;54,66;53,50;12,5;12,80;68,32;60,18;60,41;65,49;50,72;50,92;91,35;79,48;79,55;79,73;94,75;0,20;0,26;0,85;18,2;18,28;18,70;96,20;70,22;93,14;93,67;87,40;87,83;19,39;69,0;69,64;69,91;47,20;98,99;2,7;2,41;2,99;31,41;33,20;33,41;73,41;3,7;3,24;3,99;52,41;52,97;52,99;48,7;48,99;58,7;58,20;30,44;66,99;75,41;75,99;90,20;90,24;90,99;36,20;36,38;36,44;36,99;81,97;81,99;59,20;88,20;88,44;72,7;72,44;56,24;56,99;5,20;5,99;42,7;42,99;9,38;9,97;9,99;24,3;24,7;24,8;24,19;24,25;24,28;24,44;24,56;24,62;24,67;24,86;24,89;24,90;24,97;24,99;25,24;25,67;17,20;17,38;1,7;1,97;1,99;34,44;34,67;34,99;27,7;27,41;27,99;74,44;35,7;35,97;97,1;97,9;97,21;97,23;97,24;97,28;97,29;97,35;97,45;97,51;97,52;97,57;97,64;97,71;97,81;97,83;97,89;97,92;97,96;97,99;14,7;14,20;14,99;10,20;22,7;77,20;77,38;77,99;57,38;57,41;57,97;57,99;15,41;45,7;45,97;84,7;84,20;84,99;85,7;85,20;85,99;16,38;16,44;16,99;95,99;26,20;26,41;13,20;13,38;13,99;89,24;89,41;89,97;89,99;21,7;21,97;21,99;61,7;92,44;92,97;92,99;39,7;39,99;29,7;29,20;29,38;29,44;29,97;7,1;7,2;7,3;7,8;7,14;7,21;7,22;7,23;7,24;7,27;7,29;7,35;7,39;7,41;7,42;7,45;7,48;7,53;7,58;7,61;7,68;7,70;7,72;7,83;7,84;7,85;7,93;7,94;7,96;7,99;71,20;71,44;71,67;71,97;64,38;64,97;64,99;55,99;83,7;83,20;83,38;83,97;78,38;78,99;54,20;62,24;62,41;82,20;82,38;82,99;51,41;51,97;51,99;37,20;37,99;67,0;67,12;67,18;67,24;67,25;67,34;67,41;67,46;67,65;67,69;67,71;67,99;8,7;8,24;8,38;8,99;53,7;53,20;53,38;53,44;53,99;12,67;12,99;68,7;68,44;68,99;28,24;28,41;28,97;28,99;86,24;86,38;86,99;65,67;46,67;46,99;6,38;6,99;23,7;23,38;23,97;23,99;91,20;91,38;91,41;91,44;91,99;79,99;44,16;44,20;44,24;44,29;44,30;44,34;44,36;44,41;44,53;44,68;44,71;44,72;44,74;44,88;44,91;44,92;44,99;94,7;94,38;38,6;38,8;38,9;38,13;38,16;38,17;38,19;38,20;38,23;38,29;38,36;38,41;38,53;38,57;38,64;38,77;38,78;38,82;38,83;38,86;38,91;38,93;38,94;38,99;0,67;0,1;0,2;0,3;0,5;0,6;0,7;0,8;0,9;0,12;0,13;0,14;0,16;0,18;0,20;0,21;0,23;0,24;0,27;0,28;0,34;0,36;0,37;0,38;0,39;0,41;0,42;0,44;0,46;0,48;0,51;0,52;0,53;0,55;0,56;0,57;0,64;0,66;0,67;0,68;0,69;0,70;0,75;0,77;0,78;0,79;0,81;0,82;0,84;0,85;0,86;0,87;0,89;0,90;0,91;0,92;0,93;0,95;0,96;0,97;0,98;18,20;18,67;18,99;20,5;20,10;20,13;20,14;20,17;20,18;20,26;20,29;20,33;20,36;20,37;20,38;20,44;20,47;20,53;20,54;20,58;20,59;20,71;20,77;20,82;20,83;20,84;20,85;20,88;20,90;20,91;20,96;20,99;96,7;96,20;96,97;96,99;70,7;70,41;70,99;93,7;93,38;93,99;41,2;41,7;41,15;41,19;41,26;41,27;41,28;41,31;41,33;41,38;41,44;41,51;41,52;41,57;41,62;41,67;41,70;41,73;41,75;41,89;41,91;41,99;87,99;19,24;19,38;19,41;69,67;69,99;
80;2,88;33,46;33,67;48,9;30,67;30,79;75,4;75,67;75,97;36,20;81,24;81,30;72,34;17,48;17,76;1,46;77,93;80,6;80,64;80,94;61,4;61,57;39,57;29,0;71,10;55,17;43,92;62,11;82,85;51,3;51,48;37,30;37,78;8,15;8,46;68,92;28,52;46,48;46,73;94,6;94,34;94,36;94,47;96,42;96,47;96,63;47,18;11,60;83,28;42,1;42,47;42,58;73,35;73,44;73,94;56,40;56,92;89,65;6,79;26,42;54,94;60,77;60,90;40,61;40,89;34,79;9,24;9,59;9,71;27,12;27,70;5,4;14,19;14,49;21,68;16,36;13,58;92,65;64,28;79,61;70,27;22,5;22,12;22,93;87,15;69,15;69,80;69,92;2,7;2,41;2,99;31,41;33,20;33,41;52,41;52,97;52,99;48,7;48,99;58,7;58,20;30,44;75,41;75,99;36,20;36,38;36,44;36,99;81,97;81,99;59,20;72,7;72,44;25,24;25,67;17,20;17,38;1,7;1,97;1,99;74,44;35,7;35,97;97,1;97,9;97,21;97,23;97,24;97,28;97,29;97,35;97,45;97,51;97,52;97,57;97,64;97,71;97,81;97,83;97,89;97,92;97,96;97,99;10,20;77,20;77,38;77,99;57,38;57,41;57,97;57,99;84,7;84,20;84,99;95,99;61,7;39,7;39,99;29,7;29,20;29,38;29,44;29,97;71,20;71,44;71,67;71,97;55,99;78,38;78,99;62,24;62,41;82,20;82,38;82,99;51,41;51,97;51,99;37,20;37,99;67,0;67,12;67,18;67,24;67,25;67,34;67,41;67,46;67,65;67,69;67,71;67,99;8,7;8,24;8,38;8,99;53,7;53,20;53,38;53,44;53,99;68,7;68,44;68,99;28,24;28,41;28,97;28,99;86,24;86,38;86,99;46,67;46,99;23,7;23,38;23,97;23,99;91,20;91,38;91,41;91,44;91,99;44,16;44,20;44,24;44,29;44,30;44,34;44,36;44,41;44,53;44,68;44,71;44,72;44,74;44,88;44,91;44,92;44,99;94,7;94,38;0,67;20,5;20,10;20,13;20,14;20,17;20,18;20,26;20,29;20,33;20,36;20,37;20,38;20,44;20,47;20,53;20,54;20,58;20,59;20,71;20,77;20,82;20,83;20,84;20,85;20,88;20,90;20,91;20,96;20,99;96,7;96,20;96,97;96,99;19,24;19,38;19,41;47,20;83,7;83,20;83,38;83,97;42,7;42,99;73,41;73,99;3,7;3,24;3,99;15,24;15,41;90,20;90,24;90,99;45,7;45,41;45,97;56,24;56,99;89,24;89,41;89,97;89,99;7,1;7,2;7,3;7,6;7,8;7,14;7,21;7,22;7,23;7,24;7,27;7,29;7,35;7,39;7,41;7,42;7,45;7,48;7,53;7,58;7,61;7,68;7,70;7,72;7,83;7,84;7,85;7,93;7,94;7,96;7,99;88,20;88,44;6,7;6,38;6,99;98,99;24,3;24,7;24,8;24,15;24,19;24,25;24,26;24,28;24,44;24,54;24,56;24,62;24,65;24,67;24,86;24,89;24,90;24,97;24,99;26,20;26,24;26,41;54,20;54,24;65,24;65,67;93,7;93,38;93,99;34,44;34,67;34,99;9,38;9,97;9,99;27,7;27,41;27,99;66,99;5,20;5,99;14,7;14,20;14,99;85,7;85,20;85,41;85,99;21,7;21,97;21,99;16,38;16,44;16,99;38,6;38,8;38,9;38,13;38,16;38,17;38,19;38,20;38,23;38,29;38,36;38,41;38,53;38,57;38,64;38,77;38,78;38,82;38,83;38,86;38,91;38,93;38,94;38,99;13,20;13,38;13,41;13,99;92,44;92,97;92,99;64,38;64,97;64,99;12,67;12,99;18,20;18,67;18,99;41,2;41,7;41,13;41,15;41,19;41,26;41,27;41,28;41,31;41,33;41,38;41,44;41,45;41,51;41,52;41,57;41,62;41,67;41,70;41,73;41,75;41,79;41,85;41,89;41,91;41,99;79,41;79,99;0,1;0,2;0,3;0,5;0,6;0,7;0,8;0,9;0,12;0,13;0,14;0,16;0,18;0,20;0,21;0,23;0,24;0,27;0,28;0,34;0,36;0,37;0,38;0,39;0,41;0,42;0,44;0,46;0,48;0,51;0,52;0,53;0,55;0,56;0,57;0,64;0,66;0,67;0,68;0,69;0,70;0,73;0,75;0,77;0,78;0,79;0,81;0,82;0,84;0,85;0,86;0,87;0,89;0,90;0,91;0,92;0,93;0,95;0,96;0,97;0,98;70,7;70,41;70,99;22,7;87,99;69,67;69,99;
81;2,90;2,98;63,15;31,8;33,48;52,20;52,38;81,39;81,63;81,88;72,68;74,46;74,90;10,1;80,48;80,51;80,62;84,15;84,57;95,2;95,56;29,81;29,92;55,44;43,31;43,46;53,85;28,94;46,28;46,79;50,31;91,61;0,48;19,34;47,70;3,24;76,5;45,17;56,76;89,87;88,25;40,32;32,52;5,21;16,33;16,72;16,94;64,1;64,47;64,75;18,58;22,39;87,21;87,27;87,78;69,20;69,49;4,51;36,0;1,21;1,68;6,85;94,22;94,68;61,98;57,23;39,48;39,69;11,8;82,25;37,60;78,34;78,56;78,96;78,97;8,3;73,8;42,24;35,13;35,76;35,79;98,64;2,7;2,41;2,99;31,41;33,20;33,41;52,41;52,97;52,99;81,97;81,99;59,20;72,7;72,44;25,24;25,67;17,20;17,38;74,44;10,20;77,20;77,38;77,99;84,7;84,20;84,99;95,99;29,7;29,20;29,38;29,44;29,97;71,20;71,44;71,67;71,97;55,99;51,41;51,97;51,99;53,7;53,20;53,38;53,44;53,99;68,7;68,44;68,99;28,24;28,41;28,97;28,99;86,24;86,38;86,99;46,67;46,99;91,20;91,38;91,41;91,44;91,99;0,67;96,7;96,20;96,97;96,99;19,24;19,38;19,41;47,20;83,7;83,20;83,38;83,97;3,7;3,24;3,99;45,7;45,41;45,97;56,24;56,99;89,24;89,41;89,97;89,99;88,20;88,44;26,20;26,24;26,41;93,7;93,38;93,99;27,7;27,41;27,99;66,99;5,20;5,99;14,7;14,20;14,99;21,7;21,97;21,99;16,38;16,44;16,99;38,6;38,8;38,9;38,13;38,16;38,17;38,19;38,20;38,23;38,29;38,36;38,41;38,53;38,57;38,64;38,77;38,78;38,82;38,83;38,86;38,91;38,93;38,94;38,99;13,20;13,38;13,41;13,99;64,38;64,97;64,99;12,67;12,99;18,20;18,67;18,99;41,2;41,7;41,13;41,15;41,19;41,26;41,27;41,28;41,31;41,33;41,38;41,44;41,45;41,51;41,52;41,57;41,62;41,67;41,70;41,73;41,75;41,79;41,85;41,89;41,91;41,99;0,1;0,2;0,3;0,5;0,6;0,7;0,8;0,9;0,12;0,13;0,14;0,16;0,18;0,20;0,21;0,23;0,24;0,27;0,28;0,34;0,36;0,37;0,38;0,39;0,41;0,42;0,44;0,46;0,48;0,51;0,52;0,53;0,55;0,56;0,57;0,64;0,66;0,67;0,68;0,69;0,70;0,73;0,75;0,77;0,78;0,79;0,81;0,82;0,84;0,85;0,86;0,87;0,89;0,90;0,91;0,92;0,93;0,95;0,96;0,97;0,98;70,7;70,41;70,99;22,7;87,99;69,67;69,99;67,0;67,1;67,12;67,18;67,24;67,25;67,34;67,41;67,46;67,65;67,69;67,71;67,99;48,7;48,99;9,38;9,97;9,99;30,44;79,41;79,99;75,41;75,99;97,1;97,9;97,21;97,23;97,24;97,28;97,29;97,35;97,45;97,51;97,52;97,57;97,64;97,71;97,81;97,83;97,89;97,92;97,96;97,99;36,20;36,38;36,44;36,99;20,5;20,10;20,13;20,14;20,17;20,18;20,23;20,26;20,29;20,33;20,36;20,37;20,38;20,44;20,47;20,53;20,54;20,58;20,59;20,71;20,77;20,82;20,83;20,84;20,85;20,88;20,90;20,91;20,96;20,99;24,3;24,7;24,8;24,15;24,19;24,25;24,26;24,28;24,44;24,54;24,56;24,62;24,65;24,67;24,86;24,89;24,90;24,97;24,98;24,99;34,44;34,67;34,99;1,7;1,67;1,97;1,99;6,7;6,38;6,99;94,7;94,38;61,7;57,38;57,41;57,97;57,99;39,7;39,99;92,44;92,97;92,99;62,24;62,41;82,20;82,38;82,99;85,7;85,20;85,41;85,99;37,20;37,99;78,38;78,99;8,7;8,24;8,38;8,99;15,24;15,41;73,41;73,99;23,7;23,20;23,38;23,97;23,99;42,7;42,99;58,7;58,20;35,7;35,97;44,7;44,16;44,20;44,24;44,29;44,30;44,34;44,36;44,41;44,53;44,68;44,71;44,72;44,74;44,88;44,91;44,92;44,99;65,7;65,24;65,67;7,1;7,2;7,3;7,6;7,8;7,14;7,21;7,22;7,23;7,24;7,27;7,29;7,35;7,39;7,41;7,42;7,44;7,45;7,48;7,53;7,58;7,61;7,65;7,68;7,70;7,72;7,83;7,84;7,85;7,93;7,94;7,96;7,99;98,24;98,99;54,20;54,24;90,20;90,24;90,99;
82;63,58;63,81;81,10;81,65;59,39;59,55;17,0;74,14;10,5;77,27;77,67;80,21;84,83;71,85;55,23;55,30;55,57;55,86;53,64;53,82;53,90;68,24;86,39;0,11;49,54;83,16;83,43;83,44;83,51;83,56;3,29;56,3;89,7;40,78;40,91;66,31;66,97;5,54;14,67;21,10;21,37;21,38;21,57;18,67;22,12;75,11;75,24;36,3;36,98;61,89;57,15;37,42;78,68;15,39;73,31;73,90;42,86;42,98;60,25;60,43;58,31;98,11;31,94;8,46;8,58;8,63;52,76;88,14;95,51;29,73;29,79;29,91;92,5;92,53;85,79;50,77;50,87;87,85;25,94;16,97;27,12;6,10;6,17;6,19;35,56;13,3;81,97;81,99;59,20;72,7;72,44;17,20;17,38;74,44;10,20;77,20;77,38;77,99;84,7;84,20;84,99;71,20;71,44;71,67;71,97;55,99;53,7;53,20;53,38;53,44;53,99;68,7;68,44;68,99;86,24;86,38;86,99;91,20;91,38;91,41;91,44;91,99;0,67;96,7;96,20;96,97;96,99;83,7;83,20;83,38;83,97;3,7;3,24;3,99;45,7;45,41;45,97;56,24;56,99;89,24;89,41;89,97;89,99;26,20;26,24;26,41;93,7;93,38;93,99;66,99;5,20;5,99;14,7;14,20;14,99;21,7;21,97;21,99;12,67;12,99;18,20;18,67;18,99;41,2;41,7;41,13;41,15;41,19;41,26;41,27;41,28;41,31;41,33;41,38;41,44;41,45;41,51;41,52;41,57;41,62;41,67;41,70;41,73;41,75;41,79;41,85;41,89;41,91;41,99;0,1;0,2;0,3;0,5;0,6;0,7;0,8;0,9;0,12;0,13;0,14;0,16;0,18;0,20;0,21;0,23;0,24;0,27;0,28;0,34;0,36;0,37;0,38;0,39;0,41;0,42;0,44;0,46;0,48;0,51;0,52;0,53;0,55;0,56;0,57;0,64;0,66;0,67;0,68;0,69;0,70;0,73;0,75;0,77;0,78;0,79;0,81;0,82;0,84;0,85;0,86;0,87;0,89;0,90;0,91;0,92;0,93;0,95;0,96;0,97;0,98;70,7;70,41;70,99;22,7;48,7;48,99;9,38;9,97;9,99;30,44;79,41;79,99;75,41;75,99;97,1;97,9;97,21;97,23;97,24;97,28;97,29;97,35;97,45;97,51;97,52;97,57;97,64;97,71;97,81;97,83;97,89;97,92;97,96;97,99;36,20;36,38;36,44;36,99;1,7;1,67;1,97;1,99;94,7;94,38;61,7;57,38;57,41;57,97;57,99;39,7;39,99;62,24;62,41;82,20;82,38;82,99;37,20;37,99;78,38;78,99;15,24;15,41;73,41;73,99;42,7;42,99;58,7;58,20;44,7;44,16;44,20;44,24;44,29;44,30;44,34;44,36;44,41;44,53;44,68;44,71;44,72;44,74;44,88;44,91;44,92;44,99;65,7;65,24;65,67;98,24;98,99;54,20;54,24;90,20;90,24;90,99;2,7;2,41;2,99;31,24;31,41;8,7;8,24;8,38;8,99;33,20;33,41;52,41;52,97;52,99;20,5;20,10;20,13;20,14;20,17;20,18;20,23;20,26;20,29;20,33;20,36;20,37;20,38;20,44;20,47;20,53;20,54;20,58;20,59;20,71;20,77;20,82;20,83;20,84;20,85;20,88;20,90;20,91;20,96;20,99;38,6;38,8;38,9;38,13;38,16;38,17;38,19;38,20;38,23;38,29;38,36;38,41;38,53;38,57;38,64;38,77;38,78;38,82;38,83;38,86;38,91;38,93;38,94;38,99;88,20;88,44;46,67;46,99;51,7;51,41;51,97;51,99;95,99;29,7;29,20;29,38;29,44;29,97;92,44;92,97;92,99;85,7;85,20;85,41;85,99;28,24;28,41;28,97;28,99;50,67;19,24;19,38;19,41;34,44;34,67;34,99;47,20;24,3;24,7;24,8;24,15;24,19;24,23;24,25;24,26;24,28;24,31;24,44;24,54;24,56;24,62;24,65;24,67;24,86;24,89;24,90;24,97;24,98;24,99;87,99;25,24;25,67;16,38;16,44;16,99;64,38;64,97;64,99;27,7;27,41;27,99;69,67;69,99;67,0;67,1;67,12;67,18;67,24;67,25;67,34;67,41;67,46;67,50;67,65;67,69;67,71;67,99;23,7;23,20;23,24;23,38;23,97;23,99;6,7;6,38;6,99;35,7;35,97;13,20;13,38;13,41;13,99;7,1;7,2;7,3;7,6;7,8;7,14;7,21;7,22;7,23;7,24;7,27;7,29;7,35;7,39;7,41;7,42;7,44;7,45;7,48;7,51;7,53;7,58;7,61;7,65;7,68;7,70;7,72;7,83;7,84;7,85;7,93;7,94;7,96;7,99;
83;63,7;81,59;72,6;72,96;74,88;80,31;71,21;71,82;53,55;68,4;76,18;93,43;93,63;40,84;66,3;66,4;66,89;14,38;14,56;12,8;18,22;18,36;18,78;70,19;70,29;70,88;22,3;22,24;48,1;48,43;9,69;30,26;30,65;30,90;61,31;62,59;82,75;37,4;37,13;2,46;46,0;46,59;46,91;51,58;95,65;29,80;92,38;28,40;34,31;47,16;47,22;47,29;16,28;16,35;16,44;16,45;16,46;16,59;27,65;27,72;27,75;23,50;11,18;11,24;11,31;13,58;59,11;59,80;17,7;17,9;21,37;83,78;90,33;90,95;49,3;49,6;49,31;54,53;56,70;75,25;36,15;98,11;98,49;98,55;15,77;73,67;60,24;60,50;25,74;33,56;50,18;50,22;87,18;87,46;35,54;35,66;81,97;81,99;72,7;72,44;74,44;10,20;77,20;77,38;77,99;71,20;71,44;71,67;71,97;55,99;53,7;53,20;53,38;53,44;53,99;68,7;68,44;68,99;91,20;91,38;91,41;91,44;91,99;0,67;96,7;96,20;96,97;96,99;3,7;3,24;3,99;45,7;45,41;45,97;89,24;89,41;89,97;89,99;26,20;26,24;26,41;93,7;93,38;93,99;66,99;14,7;14,20;14,99;12,67;12,99;18,20;18,67;18,99;0,1;0,2;0,3;0,5;0,6;0,7;0,8;0,9;0,12;0,13;0,14;0,16;0,18;0,20;0,21;0,23;0,24;0,27;0,28;0,34;0,36;0,37;0,38;0,39;0,41;0,42;0,44;0,46;0,48;0,51;0,52;0,53;0,55;0,56;0,57;0,64;0,66;0,67;0,68;0,69;0,70;0,73;0,75;0,77;0,78;0,79;0,81;0,82;0,84;0,85;0,86;0,87;0,89;0,90;0,91;0,92;0,93;0,95;0,96;0,97;0,98;70,7;70,41;70,99;22,7;48,7;48,99;9,38;9,97;9,99;30,44;79,41;79,99;97,1;97,9;97,21;97,23;97,24;97,28;97,29;97,35;97,45;97,51;97,52;97,57;97,64;97,71;97,81;97,83;97,89;97,92;97,96;97,99;1,7;1,67;1,97;1,99;94,7;94,38;61,7;57,38;57,41;57,97;57,99;62,24;62,41;82,20;82,38;82,99;37,20;37,99;78,38;78,99;44,7;44,16;44,20;44,24;44,29;44,30;44,34;44,36;44,41;44,53;44,68;44,71;44,72;44,74;44,88;44,91;44,92;44,99;65,7;65,24;65,67;2,7;2,41;2,99;31,24;31,41;52,41;52,97;52,99;20,5;20,10;20,13;20,14;20,17;20,18;20,23;20,26;20,29;20,33;20,36;20,37;20,38;20,44;20,47;20,53;20,54;20,58;20,59;20,71;20,77;20,82;20,83;20,84;20,85;20,88;20,90;20,91;20,96;20,99;88,20;88,44;46,67;46,99;51,7;51,41;51,97;51,99;95,99;29,7;29,20;29,38;29,44;29,97;92,44;92,97;92,99;85,7;85,20;85,41;85,99;28,24;28,41;28,97;28,99;19,24;19,38;19,41;34,44;34,67;34,99;47,20;16,38;16,44;16,99;64,38;64,97;64,99;27,7;27,41;27,99;69,67;69,99;67,0;67,1;67,12;67,18;67,24;67,25;67,34;67,41;67,46;67,50;67,65;67,69;67,71;67,99;23,7;23,20;23,24;23,38;23,97;23,99;13,20;13,38;13,41;13,99;58,7;58,20;59,20;39,7;39,99;17,20;17,38;5,20;5,99;21,7;21,97;21,99;84,7;84,20;84,99;83,7;83,20;83,38;83,41;83,97;86,24;86,38;86,99;90,20;90,24;90,99;24,3;24,7;24,8;24,15;24,19;24,23;24,25;24,26;24,28;24,31;24,44;24,54;24,56;24,62;24,65;24,67;24,86;24,89;24,90;24,97;24,98;24,99;54,7;54,20;54,24;56,24;56,99;7,1;7,2;7,3;7,6;7,8;7,14;7,21;7,22;7,23;7,24;7,27;7,29;7,35;7,39;7,41;7,42;7,44;7,45;7,48;7,51;7,53;7,54;7,58;7,61;7,65;7,68;7,70;7,72;7,83;7,84;7,85;7,93;7,94;7,96;7,98;7,99;38,6;38,8;38,9;38,13;38,16;38,17;38,19;38,20;38,23;38,29;38,33;38,36;38,41;38,53;38,57;38,64;38,77;38,78;38,82;38,83;38,86;38,91;38,93;38,94;38,99;41,2;41,7;41,13;41,15;41,19;41,26;41,27;41,28;41,31;41,33;41,38;41,44;41,45;41,51;41,52;41,57;41,62;41,67;41,70;41,73;41,75;41,79;41,83;41,85;41,89;41,91;41,99;75,41;75,99;36,20;36,38;36,44;36,99;98,7;98,24;98,99;15,24;15,41;42,7;42,99;73,41;73,99;25,24;25,67;8,7;8,24;8,38;8,99;33,20;33,38;33,41;50,67;87,99;6,7;6,38;6,99;35,7;35,97;
84;63,48;63,59;63,72;74,8;74,80;80,35;55,25;96,56;96,73;32,72;14,19;14,63;79,19;94,27;94,54;2,52;52,29;29,24;29,64;92,21;64,84;58,30;39,34;39,48;5,37;21,74;84,3;86,31;54,26;36,53;36,84;36,92;60,42;72,56;72,75;72,81;72,87;6,53;6,87;6,92;88,15;31,28;71,1;18,17;18,25;10,2;66,85;8,17;8,37;8,65;78,55;11,29;70,72;70,90;19,47;9,18;69,71;65,39;65,53;65,69;75,29;37,66;46,33;46,51;0,67;34,51;34,80;16,56;27,31;27,70;42,15;42,73;83,5;33,31;25,5;81,97;81,99;74,44;77,20;77,38;77,99;55,99;53,7;53,20;53,38;53,44;53,99;68,7;68,44;68,99;91,20;91,38;91,41;91,44;91,99;96,7;96,20;96,97;96,99;45,7;45,41;45,97;93,7;93,38;93,99;14,7;14,20;14,99;48,7;48,99;79,41;79,99;97,1;97,9;97,21;97,23;97,24;97,28;97,29;97,35;97,45;97,51;97,52;97,57;97,64;97,71;97,81;97,83;97,89;97,92;97,96;97,99;1,7;1,67;1,97;1,99;94,7;94,38;61,7;62,24;62,41;82,20;82,38;82,99;2,7;2,41;2,99;52,41;52,97;52,99;20,5;20,10;20,13;20,14;20,17;20,18;20,23;20,26;20,29;20,33;20,36;20,37;20,38;20,44;20,47;20,53;20,54;20,58;20,59;20,71;20,77;20,82;20,83;20,84;20,85;20,88;20,90;20,91;20,96;20,99;51,7;51,41;51,97;51,99;95,99;29,7;29,20;29,38;29,44;29,97;92,44;92,97;92,99;28,24;28,41;28,97;28,99;47,20;64,38;64,97;64,99;13,20;13,38;13,41;13,99;58,7;58,20;39,7;39,99;5,20;5,99;21,7;21,97;21,99;84,7;84,20;84,99;86,24;86,38;86,99;54,7;54,20;54,24;38,6;38,8;38,9;38,13;38,16;38,17;38,19;38,20;38,23;38,29;38,33;38,36;38,41;38,53;38,57;38,64;38,77;38,78;38,82;38,83;38,86;38,91;38,93;38,94;38,99;36,20;36,38;36,44;36,99;98,7;98,24;98,99;15,24;15,41;73,41;73,99;7,1;7,2;7,3;7,6;7,8;7,14;7,21;7,22;7,23;7,24;7,27;7,29;7,35;7,39;7,41;7,42;7,44;7,45;7,48;7,51;7,53;7,54;7,58;7,61;7,65;7,68;7,70;7,71;7,72;7,83;7,84;7,85;7,93;7,94;7,96;7,98;7,99;59,20;72,7;72,44;6,7;6,38;6,99;88,20;88,44;31,24;31,41;71,7;71,20;71,24;71,44;71,67;71,97;18,20;18,67;18,99;26,10;26,20;26,24;26,41;26,85;10,20;10,26;85,7;85,20;85,26;85,41;85,99;66,99;3,7;3,24;3,99;89,24;89,41;89,97;89,99;56,24;56,99;12,67;12,99;8,7;8,24;8,38;8,99;22,7;78,38;78,99;0,1;0,2;0,3;0,5;0,6;0,7;0,8;0,9;0,11;0,12;0,13;0,14;0,16;0,18;0,20;0,21;0,23;0,24;0,27;0,28;0,34;0,36;0,37;0,38;0,39;0,41;0,42;0,44;0,46;0,48;0,51;0,52;0,53;0,55;0,56;0,57;0,64;0,66;0,67;0,68;0,69;0,70;0,73;0,75;0,77;0,78;0,79;0,81;0,82;0,84;0,85;0,86;0,87;0,89;0,90;0,91;0,92;0,93;0,95;0,96;0,97;0,98;11,99;70,7;70,41;70,99;19,24;19,38;19,41;24,3;24,7;24,8;24,15;24,19;24,23;24,25;24,26;24,28;24,31;24,44;24,54;24,56;24,62;24,65;24,67;24,71;24,86;24,89;24,90;24,97;24,98;24,99;9,38;9,97;9,99;69,67;69,99;30,44;65,7;65,24;65,67;90,20;90,24;90,99;75,41;75,99;37,20;37,99;44,7;44,16;44,20;44,24;44,29;44,30;44,34;44,36;44,41;44,53;44,57;44,68;44,71;44,72;44,74;44,88;44,91;44,92;44,99;57,38;57,41;57,44;57,97;57,99;46,67;46,99;0,41;0,67;34,44;34,67;34,99;16,38;16,44;16,99;35,7;35,97;27,7;27,41;27,99;67,0;67,1;67,12;67,18;67,23;67,24;67,25;67,34;67,41;67,42;67,46;67,50;67,65;67,69;67,71;67,99;23,7;23,20;23,24;23,38;23,67;23,97;23,99;42,7;42,67;42,99;50,67;17,20;17,38;83,7;83,20;83,38;83,41;83,97;33,20;33,38;33,41;41,0;41,2;41,7;41,13;41,15;41,19;41,26;41,27;41,28;41,31;41,33;41,38;41,44;41,45;41,51;41,52;41,57;41,62;41,67;41,70;41,73;41,75;41,79;41,83;41,85;41,89;41,91;41,99;25,24;25,67;87,99;
85;68,28;93,47;93,88;93,89;32,16;1,70;1,96;61,55;82,63;2,62;2,70;51,42;95,51;28,22;28,27;13,27;13,57;58,87;39,35;39,86;86,7;86,60;98,15;98,49;98,82;60,95;59,3;88,27;31,17;31,19;4,26;76,52;10,19;10,51;85,13;85,25;66,35;89,53;12,51;22,84;78,2;78,10;78,95;19,70;30,26;90,39;37,29;35,8;35,38;35,71;23,43;50,19;33,31;33,50;33,55;49,11;25,22;63,52;63,76;72,38;8,3;8,66;80,56;80,63;73,83;29,7;45,75;3,30;3,72;3,91;43,94;53,33;53,42;53,70;53,72;53,83;53,95;47,21;47,31;47,42;47,63;47,72;81,44;81,83;87,38;87,43;87,65;87,69;15,8;15,36;18,40;18,77;65,45;65,86;57,58;57,81;9,26;9,72;69,23;69,78;77,20;77,38;77,99;55,99;68,7;68,44;68,99;91,20;91,38;91,41;91,44;91,99;93,7;93,38;93,99;14,7;14,20;14,99;48,7;48,99;79,41;79,99;97,1;97,9;97,21;97,23;97,24;97,28;97,29;97,35;97,45;97,51;97,52;97,57;97,64;97,71;97,81;97,83;97,89;97,92;97,96;97,99;1,7;1,67;1,97;1,99;94,7;94,38;61,7;62,24;62,41;82,20;82,38;82,99;2,7;2,41;2,99;51,7;51,41;51,97;51,99;95,99;28,24;28,41;28,97;28,99;13,20;13,38;13,41;13,99;58,7;58,20;39,7;39,99;5,20;5,99;86,24;86,38;86,99;54,7;54,20;54,24;36,20;36,38;36,44;36,99;98,7;98,24;98,99;59,20;88,20;88,44;31,24;31,41;26,10;26,20;26,24;26,41;26,85;10,20;10,26;85,7;85,20;85,26;85,41;85,99;66,99;89,24;89,41;89,97;89,99;12,67;12,99;22,7;78,38;78,99;0,1;0,2;0,3;0,5;0,6;0,7;0,8;0,9;0,11;0,12;0,13;0,14;0,16;0,18;0,20;0,21;0,23;0,24;0,27;0,28;0,34;0,36;0,37;0,38;0,39;0,41;0,42;0,44;0,46;0,48;0,51;0,52;0,53;0,55;0,56;0,57;0,64;0,66;0,67;0,68;0,69;0,70;0,73;0,75;0,77;0,78;0,79;0,81;0,82;0,84;0,85;0,86;0,87;0,89;0,90;0,91;0,92;0,93;0,95;0,96;0,97;0,98;11,99;70,7;70,41;70,99;19,24;19,38;19,41;30,44;90,20;90,24;90,99;75,41;75,99;37,20;37,99;46,67;46,99;0,41;0,67;34,44;34,67;34,99;16,38;16,44;16,99;35,7;35,97;27,7;27,41;27,99;23,7;23,20;23,24;23,38;23,67;23,97;23,99;50,67;83,7;83,20;83,38;83,41;83,97;33,20;33,38;33,41;25,24;25,67;63,44;72,7;72,44;74,20;74,44;8,7;8,20;8,24;8,38;8,99;80,38;96,7;96,20;96,97;96,99;56,24;56,99;73,41;73,67;73,99;52,41;52,97;52,99;29,7;29,20;29,38;29,44;29,97;20,5;20,8;20,10;20,13;20,14;20,17;20,18;20,23;20,26;20,29;20,33;20,36;20,37;20,38;20,44;20,45;20,47;20,53;20,54;20,58;20,59;20,71;20,74;20,77;20,82;20,83;20,84;20,85;20,88;20,90;20,91;20,96;20,99;45,7;45,20;45,41;45,97;24,3;24,7;24,8;24,15;24,19;24,23;24,25;24,26;24,28;24,31;24,44;24,54;24,56;24,57;24,62;24,65;24,67;24,71;24,86;24,89;24,90;24,97;24,98;24,99;64,38;64,97;64,99;92,44;92,97;92,99;21,7;21,97;21,99;84,7;84,20;84,99;3,7;3,24;3,99;38,6;38,8;38,9;38,13;38,16;38,17;38,19;38,20;38,23;38,29;38,33;38,36;38,41;38,43;38,53;38,57;38,64;38,77;38,78;38,80;38,82;38,83;38,86;38,91;38,93;38,94;38,99;43,38;53,7;53,20;53,38;53,41;53,44;53,99;42,7;42,67;42,99;7,1;7,2;7,3;7,6;7,8;7,14;7,21;7,22;7,23;7,24;7,27;7,29;7,35;7,39;7,41;7,42;7,44;7,45;7,47;7,48;7,51;7,53;7,54;7,58;7,61;7,65;7,68;7,70;7,71;7,72;7,83;7,84;7,85;7,93;7,94;7,96;7,98;7,99;47,7;47,20;81,97;81,99;87,99;6,7;6,38;6,99;15,24;15,41;71,7;71,20;71,24;71,41;71,44;71,67;71,97;18,20;18,67;18,99;17,20;17,38;65,7;65,24;65,67;57,24;57,38;57,41;57,44;57,97;57,99;9,38;9,97;9,99;69,67;69,99;44,7;44,16;44,20;44,24;44,29;44,30;44,34;44,36;44,41;44,53;44,57;44,63;44,68;44,71;44,72;44,74;44,88;44,91;44,92;44,99;67,0;67,1;67,12;67,18;67,23;67,24;67,25;67,34;67,41;67,42;67,46;67,50;67,65;67,69;67,71;67,73;67,99;41,0;41,2;41,7;41,13;41,15;41,19;41,26;41,27;41,28;41,31;41,33;41,38;41,44;41,45;41,51;41,52;41,53;41,57;41,62;41,67;41,70;41,71;41,73;41,75;41,79;41,83;41,85;41,89;41,91;41,99;
86;77,23;77,58;77,72;77,85;55,48;68,84;68,98;91,11;93,14;32,47;32,73;14,10;14,26;14,75;48,65;1,45;61,63;95,20;28,95;13,87;39,94;5,12;5,55;5,80;54,40;54,84;36,9;60,28;60,45;60,84;59,38;88,3;4,2;85,50;19,21;90,72;37,60;46,29;46,79;0,65;34,77;34,91;16,26;33,20;74,36;8,53;96,19;64,68;92,22;92,75;21,42;21,62;21,66;84,13;43,42;43,50;53,10;42,88;81,79;87,5;87,78;6,29;15,89;17,32;47,4;47,65;70,53;82,34;82,72;2,24;51,28;51,58;57,65;58,10;49,10;31,11;31,51;76,4;76,46;9,58;10,66;10,84;12,50;78,16;23,36;23,78;11,19;65,83;69,38;77,20;77,38;77,99;55,99;68,7;68,44;68,99;91,20;91,38;91,41;91,44;91,99;93,7;93,38;93,99;14,7;14,20;14,99;48,7;48,99;79,41;79,99;97,1;97,9;97,21;97,23;97,24;97,28;97,29;97,35;97,45;97,51;97,52;97,57;97,64;97,71;97,81;97,83;97,89;97,92;97,96;97,99;1,7;1,67;1,97;1,99;61,7;62,24;62,41;95,99;28,24;28,41;28,97;28,99;13,20;13,38;13,41;13,99;39,7;39,99;5,20;5,99;54,7;54,20;54,24;36,20;36,38;36,44;36,99;98,7;98,24;98,99;59,20;88,20;88,44;85,7;85,20;85,26;85,41;85,99;66,99;89,24;89,41;89,97;89,99;0,1;0,2;0,3;0,5;0,6;0,7;0,8;0,9;0,11;0,12;0,13;0,14;0,16;0,18;0,20;0,21;0,23;0,24;0,27;0,28;0,34;0,36;0,37;0,38;0,39;0,41;0,42;0,44;0,46;0,48;0,51;0,52;0,53;0,55;0,56;0,57;0,64;0,66;0,67;0,68;0,69;0,70;0,73;0,75;0,77;0,78;0,79;0,81;0,82;0,84;0,85;0,86;0,87;0,89;0,90;0,91;0,92;0,93;0,95;0,96;0,97;0,98;19,24;19,38;19,41;30,44;90,20;90,24;90,99;75,41;75,99;37,20;37,99;46,67;46,99;0,41;0,67;34,44;34,67;34,99;16,38;16,44;16,99;35,7;35,97;27,7;27,41;27,99;50,67;83,7;83,20;83,38;83,41;83,97;33,20;33,38;33,41;72,7;72,44;74,20;74,44;8,7;8,20;8,24;8,38;8,99;80,38;96,7;96,20;96,97;96,99;56,24;56,99;73,41;73,67;73,99;29,7;29,20;29,38;29,44;29,97;64,38;64,97;64,99;92,44;92,97;92,99;21,7;21,97;21,99;84,7;84,20;84,99;3,7;3,24;3,99;38,6;38,8;38,9;38,13;38,16;38,17;38,19;38,20;38,23;38,29;38,33;38,36;38,41;38,43;38,53;38,57;38,64;38,77;38,78;38,80;38,82;38,83;38,86;38,91;38,93;38,94;38,99;43,38;53,7;53,20;53,38;53,41;53,44;53,99;42,7;42,67;42,99;7,1;7,2;7,3;7,6;7,8;7,14;7,21;7,22;7,23;7,24;7,27;7,29;7,35;7,39;7,41;7,42;7,44;7,45;7,47;7,48;7,51;7,53;7,54;7,58;7,61;7,65;7,68;7,70;7,71;7,72;7,83;7,84;7,85;7,93;7,94;7,96;7,98;7,99;81,97;81,99;87,99;6,7;6,38;6,99;15,24;15,41;71,7;71,20;71,24;71,41;71,44;71,67;71,97;18,20;18,67;18,99;17,20;17,38;44,7;44,16;44,20;44,24;44,29;44,30;44,34;44,36;44,41;44,53;44,57;44,63;44,68;44,71;44,72;44,74;44,88;44,91;44,92;44,99;67,0;67,1;67,12;67,18;67,23;67,24;67,25;67,34;67,41;67,42;67,46;67,50;67,65;67,69;67,71;67,73;67,99;47,7;47,20;70,7;70,41;70,99;82,20;82,38;82,99;63,20;63,44;2,7;2,41;2,99;51,7;51,41;51,97;51,99;22,7;57,24;57,38;57,41;57,44;57,97;57,99;58,7;58,20;86,24;86,38;86,99;31,24;31,41;26,9;26,10;26,20;26,24;26,41;26,85;76,41;52,41;52,97;52,99;9,26;9,38;9,97;9,99;10,20;10,26;25,24;25,67;12,67;12,99;78,38;78,99;23,7;23,20;23,24;23,38;23,67;23,97;23,99;11,99;20,5;20,8;20,10;20,13;20,14;20,17;20,18;20,23;20,26;20,29;20,33;20,36;20,37;20,38;20,44;20,45;20,47;20,53;20,54;20,58;20,59;20,63;20,71;20,74;20,77;20,82;20,83;20,84;20,85;20,88;20,90;20,91;20,96;20,99;45,7;45,20;45,41;45,97;24,3;24,7;24,8;24,15;24,19;24,23;24,25;24,26;24,28;24,31;24,44;24,54;24,56;24,57;24,62;24,65;24,67;24,71;24,86;24,89;24,90;24,94;24,97;24,98;24,99;94,7;94,24;94,38;65,7;65,24;65,67;69,67;69,99;41,0;41,2;41,7;41,13;41,15;41,19;41,26;41,27;41,28;41,31;41,33;41,38;41,44;41,45;41,51;41,52;41,53;41,57;41,62;41,67;41,70;41,71;41,73;41,75;41,76;41,79;41,83;41,85;41,89;41,91;41,99;
87;91,49;91,89;93,44;40,35;40,86;79,89;61,46;95,1;95,10;95,24;95,66;95,67;28,6;28,35;28,88;13,24;13,93;13,97;54,44;54,56;36,90;88,42;85,12;66,32;66,48;66,61;89,90;75,18;75,33;37,14;37,50;46,61;34,41;16,31;16,87;35,24;27,11;8,87;80,64;96,28;96,85;56,40;29,54;29,68;64,72;64,82;92,66;3,43;53,78;53,89;53,95;81,40;6,28;18,87;82,0;63,92;51,69;51,80;51,93;22,80;86,27;9,61;25,8;12,60;23,22;23,80;94,89;69,15;69,95;77,68;72,48;72,85;48,78;68,72;11,47;11,60;32,4;32,46;47,1;73,15;10,67;65,39;1,30;1,62;45,58;5,28;60,84;4,18;4,25;50,11;50,69;50,92;19,3;19,14;21,30;90,39;90,55;90,56;33,16;62,20;62,63;49,62;76,67;30,1;30,3;30,38;30,51;83,97;91,20;91,38;91,41;91,44;91,99;93,7;93,38;93,99;79,41;79,99;97,1;97,9;97,21;97,23;97,24;97,28;97,29;97,35;97,45;97,51;97,52;97,57;97,64;97,71;97,81;97,83;97,89;97,92;97,96;97,99;61,7;95,99;28,24;28,41;28,97;28,99;13,20;13,38;13,41;13,99;39,7;39,99;54,7;54,20;54,24;36,20;36,38;36,44;36,99;98,7;98,24;98,99;59,20;88,20;88,44;85,7;85,20;85,26;85,41;85,99;66,99;89,24;89,41;89,97;89,99;0,1;0,2;0,3;0,5;0,6;0,7;0,8;0,9;0,11;0,12;0,13;0,14;0,16;0,18;0,20;0,21;0,23;0,24;0,27;0,28;0,34;0,36;0,37;0,38;0,39;0,41;0,42;0,44;0,46;0,48;0,51;0,52;0,53;0,55;0,56;0,57;0,64;0,66;0,67;0,68;0,69;0,70;0,73;0,75;0,77;0,78;0,79;0,81;0,82;0,84;0,85;0,86;0,87;0,89;0,90;0,91;0,92;0,93;0,95;0,96;0,97;0,98;75,41;75,99;37,20;37,99;46,67;46,99;0,41;0,67;34,44;34,67;34,99;16,38;16,44;16,99;35,7;35,97;27,7;27,41;27,99;74,20;74,44;8,7;8,20;8,24;8,38;8,99;80,38;96,7;96,20;96,97;96,99;56,24;56,99;29,7;29,20;29,38;29,44;29,97;64,38;64,97;64,99;92,44;92,97;92,99;3,7;3,24;3,99;53,7;53,20;53,38;53,41;53,44;53,99;42,7;42,67;42,99;7,1;7,2;7,3;7,6;7,8;7,14;7,21;7,22;7,23;7,24;7,27;7,29;7,35;7,39;7,41;7,42;7,44;7,45;7,47;7,48;7,51;7,53;7,54;7,58;7,61;7,65;7,68;7,70;7,71;7,72;7,83;7,84;7,85;7,93;7,94;7,96;7,98;7,99;81,97;81,99;87,99;6,7;6,38;6,99;18,20;18,67;18,99;17,20;17,38;44,7;44,16;44,20;44,24;44,29;44,30;44,34;44,36;44,41;44,53;44,57;44,63;44,68;44,71;44,72;44,74;44,88;44,91;44,92;44,99;70,7;70,41;70,99;82,20;82,38;82,99;63,20;63,44;2,7;2,41;2,99;51,7;51,41;51,97;51,99;22,7;57,24;57,38;57,41;57,44;57,97;57,99;58,7;58,20;86,24;86,38;86,99;31,24;31,41;52,41;52,97;52,99;9,26;9,38;9,97;9,99;25,24;25,67;12,67;12,99;23,7;23,20;23,24;23,38;23,67;23,97;23,99;94,7;94,24;94,38;69,67;69,99;77,20;77,38;77,41;77,99;72,7;72,44;55,99;48,7;48,99;68,7;68,44;68,99;84,7;84,20;84,67;84,99;11,24;11,99;14,7;14,20;14,99;32,41;47,7;47,20;73,38;73,41;73,67;73,99;10,20;10,26;26,9;26,10;26,15;26,20;26,24;26,41;26,43;26,76;26,85;65,7;65,24;65,67;1,7;1,67;1,97;1,99;45,7;45,20;45,41;45,97;20,5;20,8;20,10;20,13;20,14;20,17;20,18;20,23;20,26;20,29;20,33;20,36;20,37;20,38;20,44;20,45;20,47;20,53;20,54;20,58;20,59;20,63;20,71;20,74;20,77;20,82;20,83;20,84;20,85;20,88;20,90;20,91;20,96;20,99;5,20;5,38;5,99;38,5;38,6;38,8;38,9;38,13;38,16;38,17;38,19;38,20;38,23;38,29;38,33;38,36;38,41;38,43;38,53;38,57;38,64;38,73;38,77;38,78;38,80;38,82;38,83;38,86;38,91;38,93;38,94;38,99;50,67;19,24;19,38;19,41;21,7;21,97;21,99;90,20;90,24;90,99;33,20;33,38;33,41;62,24;62,41;43,26;43,38;78,38;78,71;78,99;15,24;15,26;15,41;71,7;71,20;71,24;71,41;71,44;71,67;71,78;71,97;67,0;67,1;67,12;67,18;67,23;67,24;67,25;67,34;67,41;67,42;67,46;67,50;67,65;67,69;67,71;67,73;67,84;67,99;24,3;24,7;24,8;24,11;24,15;24,19;24,23;24,25;24,26;24,28;24,30;24,31;24,44;24,54;24,56;24,57;24,62;24,65;24,67;24,71;24,83;24,86;24,89;24,90;24,94;24,97;24,98;24,99;76,26;76,41;30,24;30,44;83,7;83,20;83,24;83,38;83,41;83,97;41,0;41,2;41,7;41,13;41,15;41,19;41,26;41,27;41,28;41,31;41,32;41,33;41,38;41,44;41,45;41,51;41,52;41,53;41,57;41,62;41,67;41,70;41,71;41,73;41,75;41,76;41,77;41,79;41,83;41,85;41,89;41,91;41,99;
88;98,65;75,54;46,32;16,55;74,3;80,20;92,4;53,12;53,73;42,60;42,79;81,49;6,91;6,98;17,54;63,26;63,65;22,34;57,73;57,76;58,74;9,20;25,21;25,31;12,62;23,2;23,75;77,1;77,33;84,25;84,69;11,50;47,34;73,93;65,13;65,67;45,72;19,67;90,56;90,73;90,75;33,3;15,48;15,54;76,42;30,23;49,23;89,23;93,26;93,44;93,94;35,5;86,17;79,42;95,31;95,63;66,33;66,90;13,56;13,82;54,86;36,12;85,76;32,26;32,71;34,59;64,55;68,17;72,12;72,16;72,49;43,34;78,98;52,11;0,39;69,56;5,26;5,82;61,7;39,7;39,99;98,7;98,24;98,99;59,20;88,20;88,44;75,41;75,99;46,67;46,99;16,38;16,44;16,99;27,7;27,41;27,99;74,20;74,44;80,38;96,7;96,20;96,97;96,99;56,24;56,99;29,7;29,20;29,38;29,44;29,97;92,44;92,97;92,99;53,7;53,20;53,38;53,41;53,44;53,99;42,7;42,67;42,99;81,97;81,99;6,7;6,38;6,99;18,20;18,67;18,99;17,20;17,38;70,7;70,41;70,99;63,20;63,44;2,7;2,41;2,99;51,7;51,41;51,97;51,99;22,7;57,24;57,38;57,41;57,44;57,97;57,99;58,7;58,20;31,24;31,41;9,26;9,38;9,97;9,99;25,24;25,67;12,67;12,99;23,7;23,20;23,24;23,38;23,67;23,97;23,99;94,7;94,24;94,38;77,20;77,38;77,41;77,99;55,99;48,7;48,99;84,7;84,20;84,67;84,99;11,24;11,99;14,7;14,20;14,99;47,7;47,20;73,38;73,41;73,67;73,99;26,9;26,10;26,15;26,20;26,24;26,41;26,43;26,76;26,85;65,7;65,24;65,67;1,7;1,67;1,97;1,99;45,7;45,20;45,41;45,97;19,24;19,38;19,41;90,20;90,24;90,99;33,20;33,38;33,41;15,24;15,26;15,41;76,26;76,41;30,24;30,44;83,7;83,20;83,24;83,38;83,41;83,97;91,20;91,38;91,41;91,44;91,99;89,24;89,41;89,97;89,99;93,7;93,38;93,41;93,99;44,7;44,16;44,20;44,24;44,29;44,30;44,34;44,36;44,41;44,53;44,57;44,63;44,68;44,71;44,72;44,74;44,78;44,86;44,88;44,91;44,92;44,99;35,7;35,97;86,24;86,38;86,44;86,99;79,38;79,41;79,99;95,20;95,99;10,20;10,26;24,3;24,7;24,8;24,11;24,15;24,19;24,21;24,23;24,25;24,26;24,28;24,30;24,31;24,32;24,44;24,54;24,56;24,57;24,62;24,65;24,67;24,68;24,71;24,83;24,86;24,89;24,90;24,94;24,97;24,98;24,99;66,99;67,0;67,1;67,12;67,18;67,23;67,24;67,25;67,34;67,36;67,41;67,42;67,46;67,50;67,65;67,69;67,71;67,73;67,84;67,99;28,24;28,41;28,97;28,99;13,20;13,38;13,41;13,99;97,1;97,9;97,21;97,23;97,24;97,28;97,29;97,35;97,45;97,51;97,52;97,57;97,64;97,71;97,81;97,83;97,89;97,92;97,96;97,99;54,7;54,20;54,24;36,20;36,38;36,44;36,67;36,99;85,7;85,20;85,26;85,41;85,99;32,24;32,41;0,1;0,2;0,3;0,5;0,6;0,7;0,8;0,9;0,11;0,12;0,13;0,14;0,16;0,18;0,20;0,21;0,23;0,24;0,27;0,28;0,34;0,36;0,37;0,38;0,39;0,41;0,42;0,44;0,46;0,48;0,51;0,52;0,53;0,55;0,56;0,57;0,62;0,64;0,66;0,67;0,68;0,69;0,70;0,73;0,75;0,77;0,78;0,79;0,81;0,82;0,84;0,85;0,86;0,87;0,89;0,90;0,91;0,92;0,93;0,95;0,96;0,97;0,98;62,24;62,41;62,99;37,20;37,71;37,99;50,67;34,38;34,44;34,67;34,99;41,0;41,2;41,7;41,13;41,15;41,19;41,26;41,27;41,28;41,31;41,32;41,33;41,38;41,44;41,45;41,51;41,52;41,53;41,57;41,62;41,67;41,70;41,71;41,73;41,75;41,76;41,77;41,79;41,83;41,85;41,89;41,91;41,93;41,99;87,99;8,7;8,20;8,24;8,38;8,99;64,38;64,97;64,99;68,7;68,24;68,44;68,99;72,7;72,44;82,20;82,38;82,99;3,7;3,24;3,38;3,71;3,99;43,20;43,26;43,38;78,38;78,44;78,71;78,99;7,1;7,2;7,3;7,6;7,8;7,14;7,21;7,22;7,23;7,24;7,27;7,29;7,35;7,39;7,41;7,42;7,44;7,45;7,47;7,48;7,51;7,52;7,53;7,54;7,58;7,61;7,65;7,68;7,70;7,71;7,72;7,83;7,84;7,85;7,93;7,94;7,96;7,98;7,99;52,7;52,41;52,97;52,99;71,3;71,7;71,20;71,24;71,37;71,41;71,44;71,67;71,78;71,97;0,41;0,67;69,67;69,99;20,5;20,8;20,10;20,13;20,14;20,17;20,18;20,23;20,26;20,29;20,33;20,36;20,37;20,38;20,43;20,44;20,45;20,47;20,53;20,54;20,58;20,59;20,63;20,71;20,74;20,77;20,82;20,83;20,84;20,85;20,88;20,90;20,91;20,95;20,96;20,99;5,20;5,38;5,99;38,3;38,5;38,6;38,8;38,9;38,13;38,16;38,17;38,19;38,20;38,23;38,29;38,33;38,34;38,36;38,41;38,43;38,53;38,57;38,64;38,73;38,77;38,78;38,79;38,80;38,82;38,83;38,86;38,91;38,93;38,94;38,99;21,7;21,24;21,97;21,99;
89;40,4;40,32;88,35;46,32;46,58;46,63;46,64;56,40;29,27;29,45;92,29;42,76;18,54;17,40;70,44;2,13;2,74;51,2;22,92;57,39;31,82;31,93;9,98;25,24;25,73;12,8;48,50;1,75;45,62;60,10;19,37;19,87;83,21;49,6;89,93;35,45;79,9;79,65;79,90;95,38;66,1;66,25;66,49;32,31;62,7;62,47;37,43;37,56;37,96;50,79;87,20;87,31;8,21;8,50;8,75;68,61;68,71;69,10;69,57;69,62;4,77;21,52;21,63;54,68;16,24;55,12;55,38;55,64;74,17;74,61;74,66;53,41;81,72;81,76;6,36;91,2;91,78;23,55;23,75;77,48;90,33;15,48;30,9;94,49;5,25;5,88;86,89;39,26;39,38;61,7;59,20;88,20;88,44;46,67;46,99;27,7;27,41;27,99;80,38;96,7;96,20;96,97;96,99;56,24;56,99;29,7;29,20;29,38;29,44;29,97;92,44;92,97;92,99;42,7;42,67;42,99;18,20;18,67;18,99;17,20;17,38;70,7;70,41;70,99;63,20;63,44;2,7;2,41;2,99;51,7;51,41;51,97;51,99;22,7;57,24;57,38;57,41;57,44;57,97;57,99;31,24;31,41;9,26;9,38;9,97;9,99;25,24;25,67;12,67;12,99;48,7;48,99;84,7;84,20;84,67;84,99;11,24;11,99;14,7;14,20;14,99;47,7;47,20;26,9;26,10;26,15;26,20;26,24;26,41;26,43;26,76;26,85;65,7;65,24;65,67;1,7;1,67;1,97;1,99;45,7;45,20;45,41;45,97;19,24;19,38;19,41;83,7;83,20;83,24;83,38;83,41;83,97;89,24;89,41;89,97;89,99;44,7;44,16;44,20;44,24;44,29;44,30;44,34;44,36;44,41;44,53;44,57;44,63;44,68;44,71;44,72;44,74;44,78;44,86;44,88;44,91;44,92;44,99;35,7;35,97;79,38;79,41;79,99;95,20;95,99;24,3;24,7;24,8;24,11;24,15;24,19;24,21;24,23;24,25;24,26;24,28;24,30;24,31;24,32;24,44;24,54;24,56;24,57;24,62;24,65;24,67;24,68;24,71;24,83;24,86;24,89;24,90;24,94;24,97;24,98;24,99;66,99;28,24;28,41;28,97;28,99;13,20;13,38;13,41;13,99;97,1;97,9;97,21;97,23;97,24;97,28;97,29;97,35;97,45;97,51;97,52;97,57;97,64;97,71;97,81;97,83;97,89;97,92;97,96;97,99;36,20;36,38;36,44;36,67;36,99;32,24;32,41;0,1;0,2;0,3;0,5;0,6;0,7;0,8;0,9;0,11;0,12;0,13;0,14;0,16;0,18;0,20;0,21;0,23;0,24;0,27;0,28;0,34;0,36;0,37;0,38;0,39;0,41;0,42;0,44;0,46;0,48;0,51;0,52;0,53;0,55;0,56;0,57;0,62;0,64;0,66;0,67;0,68;0,69;0,70;0,73;0,75;0,77;0,78;0,79;0,81;0,82;0,84;0,85;0,86;0,87;0,89;0,90;0,91;0,92;0,93;0,95;0,96;0,97;0,98;62,24;62,41;62,99;37,20;37,71;37,99;50,67;34,38;34,44;34,67;34,99;87,99;8,7;8,20;8,24;8,38;8,99;64,38;64,97;64,99;68,7;68,24;68,44;68,99;72,7;72,44;3,7;3,24;3,38;3,71;3,99;43,20;43,26;43,38;78,38;78,44;78,71;78,99;52,7;52,41;52,97;52,99;69,67;69,99;21,7;21,24;21,97;21,99;98,7;98,24;98,99;75,20;75,41;75,99;54,7;54,20;54,24;54,41;16,38;16,44;16,99;55,99;74,20;74,38;74,44;20,5;20,8;20,10;20,13;20,14;20,17;20,18;20,23;20,26;20,29;20,33;20,36;20,37;20,38;20,43;20,44;20,45;20,47;20,53;20,54;20,58;20,59;20,63;20,71;20,74;20,75;20,77;20,82;20,83;20,84;20,85;20,88;20,90;20,91;20,95;20,96;20,99;53,7;53,20;53,38;53,41;53,44;53,99;73,38;73,41;73,67;73,99;81,71;81,97;81,99;6,7;6,38;6,99;91,20;91,38;91,41;91,44;91,99;76,26;76,41;58,7;58,20;23,7;23,20;23,24;23,38;23,67;23,97;23,99;77,20;77,38;77,41;77,99;33,20;33,38;33,41;93,7;93,38;93,41;93,99;67,0;67,1;67,12;67,15;67,18;67,23;67,24;67,25;67,34;67,36;67,41;67,42;67,46;67,50;67,65;67,69;67,71;67,73;67,84;67,99;90,20;90,24;90,99;15,24;15,26;15,41;15,67;30,24;30,44;94,7;94,24;94,38;5,20;5,38;5,99;86,24;86,38;86,44;86,71;86,99;82,20;82,38;82,99;85,7;85,20;85,26;85,41;85,99;71,3;71,7;71,20;71,24;71,37;71,41;71,44;71,67;71,78;71,81;71,86;71,97;41,0;41,2;41,7;41,13;41,15;41,19;41,26;41,27;41,28;41,31;41,32;41,33;41,38;41,44;41,45;41,51;41,52;41,53;41,54;41,57;41,62;41,67;41,70;41,71;41,73;41,75;41,76;41,77;41,79;41,83;41,85;41,89;41,91;41,93;41,99;7,1;7,2;7,3;7,6;7,8;7,10;7,14;7,21;7,22;7,23;7,24;7,27;7,29;7,35;7,39;7,41;7,42;7,44;7,45;7,47;7,48;7,51;7,52;7,53;7,54;7,58;7,61;7,65;7,68;7,70;7,71;7,72;7,83;7,84;7,85;7,93;7,94;7,96;7,98;7,99;10,7;10,20;10,26;0,41;0,67;39,7;39,99;38,3;38,5;38,6;38,8;38,9;38,13;38,16;38,17;38,19;38,20;38,23;38,29;38,33;38,34;38,36;38,41;38,43;38,53;38,57;38,64;38,73;38,74;38,77;38,78;38,79;38,80;38,82;38,83;38,86;38,91;38,93;38,94;38,99;
90;61,56;59,4;59,43;88,94;46,21;27,24;27,59;56,54;56,89;42,23;42,39;42,72;2,8;2,18;51,53;31,46;31,61;25,44;48,90;84,7;11,70;65,25;65,90;60,5;60,27;19,77;19,79;83,25;35,6;95,72;66,21;28,13;36,15;36,48;34,10;34,62;87,68;87,94;64,60;64,91;68,61;72,90;3,15;3,32;3,96;43,81;78,15;52,8;52,91;4,73;21,67;21,85;21,97;54,18;53,27;73,44;6,23;58,19;77,14;77,27;77,76;15,11;86,18;86,72;40,78;17,74;74,83;57,39;57,42;39,1;50,15;50,25;10,61;37,77;37,98;49,74;80,6;80,19;80,49;47,70;47,87;69,17;69,79;16,50;30,51;61,7;59,20;88,20;88,44;46,67;46,99;27,7;27,41;27,99;56,24;56,99;29,7;29,20;29,38;29,44;29,97;42,7;42,67;42,99;18,20;18,67;18,99;70,7;70,41;70,99;63,20;63,44;2,7;2,41;2,99;51,7;51,41;51,97;51,99;22,7;31,24;31,41;25,24;25,67;12,67;12,99;48,7;48,99;84,7;84,20;84,67;84,99;11,24;11,99;14,7;14,20;14,99;26,9;26,10;26,15;26,20;26,24;26,41;26,43;26,76;26,85;65,7;65,24;65,67;1,7;1,67;1,97;1,99;45,7;45,20;45,41;45,97;19,24;19,38;19,41;83,7;83,20;83,24;83,38;83,41;83,97;89,24;89,41;89,97;89,99;35,7;35,97;79,38;79,41;79,99;95,20;95,99;66,99;28,24;28,41;28,97;28,99;13,20;13,38;13,41;13,99;97,1;97,9;97,21;97,23;97,24;97,28;97,29;97,35;97,45;97,51;97,52;97,57;97,64;97,71;97,81;97,83;97,89;97,92;97,96;97,99;36,20;36,38;36,44;36,67;36,99;32,24;32,41;0,1;0,2;0,3;0,5;0,6;0,7;0,8;0,9;0,11;0,12;0,13;0,14;0,16;0,18;0,20;0,21;0,23;0,24;0,27;0,28;0,34;0,36;0,37;0,38;0,39;0,41;0,42;0,44;0,46;0,48;0,51;0,52;0,53;0,55;0,56;0,57;0,62;0,64;0,66;0,67;0,68;0,69;0,70;0,73;0,75;0,77;0,78;0,79;0,81;0,82;0,84;0,85;0,86;0,87;0,89;0,90;0,91;0,92;0,93;0,95;0,96;0,97;0,98;34,38;34,44;34,67;34,99;87,99;64,38;64,97;64,99;68,7;68,24;68,44;68,99;72,7;72,44;3,7;3,24;3,38;3,71;3,99;43,20;43,26;43,38;78,38;78,44;78,71;78,99;52,7;52,41;52,97;52,99;21,7;21,24;21,97;21,99;98,7;98,24;98,99;75,20;75,41;75,99;54,7;54,20;54,24;54,41;53,7;53,20;53,38;53,41;53,44;53,99;73,38;73,41;73,67;73,99;81,71;81,97;81,99;6,7;6,38;6,99;91,20;91,38;91,41;91,44;91,99;76,26;76,41;58,7;58,20;23,7;23,20;23,24;23,38;23,67;23,97;23,99;77,20;77,38;77,41;77,99;33,20;33,38;33,41;93,7;93,38;93,41;93,99;67,0;67,1;67,12;67,15;67,18;67,23;67,24;67,25;67,34;67,36;67,41;67,42;67,46;67,50;67,65;67,69;67,71;67,73;67,84;67,99;15,24;15,26;15,41;15,67;5,20;5,38;5,99;86,24;86,38;86,44;86,71;86,99;82,20;82,38;82,99;85,7;85,20;85,26;85,41;85,99;41,0;41,2;41,7;41,13;41,15;41,19;41,26;41,27;41,28;41,31;41,32;41,33;41,38;41,44;41,45;41,51;41,52;41,53;41,54;41,57;41,62;41,67;41,70;41,71;41,73;41,75;41,76;41,77;41,79;41,83;41,85;41,89;41,91;41,93;41,99;0,41;0,67;40,38;92,20;92,44;92,97;92,99;17,20;17,38;44,7;44,16;44,20;44,24;44,29;44,30;44,34;44,36;44,41;44,53;44,57;44,63;44,68;44,71;44,72;44,74;44,78;44,80;44,86;44,88;44,91;44,92;44,99;74,20;74,38;74,44;57,24;57,38;57,41;57,44;57,97;57,99;39,7;39,99;9,26;9,38;9,97;9,99;24,3;24,7;24,8;24,11;24,15;24,19;24,21;24,23;24,25;24,26;24,28;24,30;24,31;24,32;24,44;24,54;24,56;24,57;24,62;24,65;24,67;24,68;24,71;24,83;24,86;24,89;24,90;24,94;24,97;24,98;24,99;8,7;8,20;8,24;8,38;8,99;50,67;62,24;62,41;62,99;10,7;10,20;10,26;37,20;37,71;37,99;80,38;80,44;90,20;90,24;90,71;90,99;38,3;38,5;38,6;38,8;38,9;38,13;38,16;38,17;38,19;38,20;38,23;38,29;38,33;38,34;38,36;38,40;38,41;38,43;38,53;38,57;38,64;38,73;38,74;38,77;38,78;38,79;38,80;38,82;38,83;38,86;38,91;38,93;38,94;38,99;7,1;7,2;7,3;7,6;7,8;7,10;7,14;7,21;7,22;7,23;7,24;7,27;7,29;7,35;7,39;7,41;7,42;7,44;7,45;7,47;7,48;7,51;7,52;7,53;7,54;7,58;7,61;7,65;7,68;7,70;7,71;7,72;7,83;7,84;7,85;7,93;7,94;7,96;7,98;7,99;47,7;47,20;96,7;96,20;96,97;96,99;20,5;20,8;20,10;20,13;20,14;20,17;20,18;20,23;20,26;20,29;20,33;20,36;20,37;20,38;20,43;20,44;20,45;20,47;20,53;20,54;20,58;20,59;20,63;20,71;20,74;20,75;20,77;20,82;20,83;20,84;20,85;20,88;20,90;20,91;20,92;20,95;20,96;20,99;71,3;71,7;71,20;71,24;71,37;71,41;71,44;71,67;71,78;71,81;71,86;71,90;71,97;69,67;69,99;16,38;16,44;16,99;55,99;30,24;30,44;94,7;94,24;94,38;
91;46,82;29,52;42,45;70,14;70,72;63,70;2,87;22,15;22,75;22,82;22,94;12,19;12,58;48,1;11,5;1,44;1,55;1,77;45,74;45,81;83,55;35,48;66,32;66,36;66,56;21,86;75,69;53,2;81,22;6,10;6,34;91,9;76,41;76,50;58,38;58,44;23,67;93,69;93,92;93,94;5,80;86,10;86,40;82,6;85,65;85,66;0,19;0,37;0,84;74,7;8,69;8,79;62,10;47,56;47,87;47,90;96,25;96,38;96,48;96,58;96,86;16,42;16,48;16,88;55,94;61,32;56,81;56,88;4,37;4,62;4,88;94,12;94,27;94,78;72,22;72,44;72,94;60,52;19,17;19,54;77,76;13,37;15,4;15,88;34,84;10,34;87,39;87,72;64,50;32,28;32,65;78,17;78,70;33,65;33,82;33,92;17,19;49,24;69,36;69,65;59,20;88,20;88,44;46,67;46,99;27,7;27,41;27,99;29,7;29,20;29,38;29,44;29,97;42,7;42,67;42,99;18,20;18,67;18,99;70,7;70,41;70,99;63,20;63,44;2,7;2,41;2,99;51,7;51,41;51,97;51,99;22,7;31,24;31,41;12,67;12,99;48,7;48,99;84,7;84,20;84,67;84,99;11,24;11,99;14,7;14,20;14,99;26,9;26,10;26,15;26,20;26,24;26,41;26,43;26,76;26,85;65,7;65,24;65,67;1,7;1,67;1,97;1,99;45,7;45,20;45,41;45,97;83,7;83,20;83,24;83,38;83,41;83,97;35,7;35,97;79,38;79,41;79,99;66,99;97,1;97,9;97,21;97,23;97,24;97,28;97,29;97,35;97,45;97,51;97,52;97,57;97,64;97,71;97,81;97,83;97,89;97,92;97,96;97,99;36,20;36,38;36,44;36,67;36,99;0,1;0,2;0,3;0,5;0,6;0,7;0,8;0,9;0,11;0,12;0,13;0,14;0,16;0,18;0,20;0,21;0,23;0,24;0,27;0,28;0,34;0,36;0,37;0,38;0,39;0,41;0,42;0,44;0,46;0,48;0,51;0,52;0,53;0,55;0,56;0,57;0,62;0,64;0,66;0,67;0,68;0,69;0,70;0,73;0,75;0,77;0,78;0,79;0,81;0,82;0,84;0,85;0,86;0,87;0,89;0,90;0,91;0,92;0,93;0,95;0,96;0,97;0,98;43,20;43,26;43,38;52,7;52,41;52,97;52,99;21,7;21,24;21,97;21,99;98,7;98,24;98,99;75,20;75,41;75,99;54,7;54,20;54,24;54,41;53,7;53,20;53,38;53,41;53,44;53,99;73,38;73,41;73,67;73,99;81,71;81,97;81,99;6,7;6,38;6,99;91,20;91,38;91,41;91,44;91,99;76,26;76,41;58,7;58,20;23,7;23,20;23,24;23,38;23,67;23,97;23,99;93,7;93,38;93,41;93,99;5,20;5,38;5,99;86,24;86,38;86,44;86,71;86,99;82,20;82,38;82,99;85,7;85,20;85,26;85,41;85,99;0,41;0,67;40,38;74,20;74,38;74,44;57,24;57,38;57,41;57,44;57,97;57,99;39,7;39,99;9,26;9,38;9,97;9,99;8,7;8,20;8,24;8,38;8,99;62,24;62,41;62,99;90,20;90,24;90,71;90,99;38,3;38,5;38,6;38,8;38,9;38,13;38,16;38,17;38,19;38,20;38,23;38,29;38,33;38,34;38,36;38,40;38,41;38,43;38,53;38,57;38,64;38,73;38,74;38,77;38,78;38,79;38,80;38,82;38,83;38,86;38,91;38,93;38,94;38,99;47,7;47,20;96,7;96,20;96,97;96,99;71,3;71,7;71,20;71,24;71,37;71,41;71,44;71,67;71,78;71,81;71,86;71,90;71,97;16,38;16,44;16,99;55,99;61,7;56,24;56,99;4,7;94,7;94,24;94,38;24,3;24,7;24,8;24,11;24,15;24,19;24,21;24,23;24,25;24,26;24,28;24,30;24,31;24,32;24,44;24,54;24,56;24,57;24,62;24,65;24,67;24,68;24,71;24,83;24,86;24,89;24,90;24,92;24,94;24,97;24,98;24,99;89,24;89,41;89,97;89,99;72,7;72,44;25,24;25,67;44,7;44,16;44,20;44,24;44,29;44,30;44,34;44,36;44,41;44,53;44,57;44,63;44,67;44,68;44,71;44,72;44,74;44,78;44,80;44,86;44,88;44,91;44,92;44,99;7,1;7,2;7,3;7,4;7,6;7,8;7,10;7,14;7,21;7,22;7,23;7,24;7,27;7,29;7,35;7,39;7,41;7,42;7,44;7,45;7,47;7,48;7,51;7,52;7,53;7,54;7,58;7,61;7,65;7,68;7,70;7,71;7,72;7,83;7,84;7,85;7,93;7,94;7,96;7,98;7,99;19,24;19,38;19,41;77,20;77,38;77,41;77,99;95,20;95,99;28,24;28,41;28,97;28,99;13,20;13,38;13,41;13,99;15,24;15,26;15,41;15,67;34,38;34,44;34,67;34,99;10,7;10,20;10,26;87,99;68,7;68,24;68,41;68,44;68,99;64,38;64,97;64,99;3,7;3,24;3,38;3,71;3,99;32,24;32,41;78,38;78,44;78,71;78,99;67,0;67,1;67,12;67,15;67,18;67,23;67,24;67,25;67,33;67,34;67,36;67,41;67,42;67,44;67,46;67,50;67,65;67,69;67,71;67,73;67,84;67,99;33,20;33,38;33,41;33,67;41,0;41,2;41,7;41,13;41,15;41,19;41,26;41,27;41,28;41,31;41,32;41,33;41,38;41,44;41,45;41,51;41,52;41,53;41,54;41,57;41,62;41,67;41,68;41,70;41,71;41,73;41,75;41,76;41,77;41,79;41,83;41,85;41,89;41,91;41,93;41,99;17,20;17,38;92,20;92,24;92,44;92,97;92,99;50,67;37,20;37,71;37,99;80,38;80,44;20,5;20,8;20,10;20,13;20,14;20,17;20,18;20,23;20,26;20,29;20,30;20,33;20,36;20,37;20,38;20,43;20,44;20,45;20,47;20,53;20,54;20,58;20,59;20,63;20,71;20,74;20,75;20,77;20,82;20,83;20,84;20,85;20,88;20,90;20,91;20,92;20,95;20,96;20,99;30,20;30,24;30,44;69,67;69,99;
92;59,16;59,77;27,71;29,18;18,86;2,15;2,20;51,35;51,81;48,72;48,95;14,36;83,62;35,4;35,25;35,97;36,1;52,39;52,84;98,86;54,2;73,74;93,75;5,90;85,56;85,69;74,17;74,18;74,78;9,22;8,12;8,86;8,96;61,68;61,74;94,59;94,84;60,16;60,53;19,4;19,84;95,9;28,98;13,47;13,57;13,61;15,49;68,55;64,16;3,20;3,47;78,77;17,71;30,3;30,43;46,20;42,56;45,35;45,54;45,90;72,76;75,79;12,3;12,16;12,45;1,33;55,34;55,89;55,92;81,62;81,63;81,71;56,38;56,61;86,69;69,75;6,25;6,82;10,70;76,89;92,81;65,46;0,60;0,74;62,22;62,24;62,35;25,57;88,1;33,1;33,66;59,20;27,7;27,41;27,99;29,7;29,20;29,38;29,44;29,97;18,20;18,67;18,99;70,7;70,41;70,99;63,20;63,44;2,7;2,41;2,99;51,7;51,41;51,97;51,99;31,24;31,41;48,7;48,99;14,7;14,20;14,99;83,7;83,20;83,24;83,38;83,41;83,97;35,7;35,97;79,38;79,41;79,99;66,99;97,1;97,9;97,21;97,23;97,24;97,28;97,29;97,35;97,45;97,51;97,52;97,57;97,64;97,71;97,81;97,83;97,89;97,92;97,96;97,99;36,20;36,38;36,44;36,67;36,99;0,1;0,2;0,3;0,5;0,6;0,7;0,8;0,9;0,11;0,12;0,13;0,14;0,16;0,18;0,20;0,21;0,23;0,24;0,27;0,28;0,34;0,36;0,37;0,38;0,39;0,41;0,42;0,44;0,46;0,48;0,51;0,52;0,53;0,55;0,56;0,57;0,62;0,64;0,66;0,67;0,68;0,69;0,70;0,73;0,75;0,77;0,78;0,79;0,81;0,82;0,84;0,85;0,86;0,87;0,89;0,90;0,91;0,92;0,93;0,95;0,96;0,97;0,98;43,20;43,26;43,38;52,7;52,41;52,97;52,99;21,7;21,24;21,97;21,99;98,7;98,24;98,99;54,7;54,20;54,24;54,41;53,7;53,20;53,38;53,41;53,44;53,99;73,38;73,41;73,67;73,99;91,20;91,38;91,41;91,44;91,99;23,7;23,20;23,24;23,38;23,67;23,97;23,99;93,7;93,38;93,41;93,99;5,20;5,38;5,99;85,7;85,20;85,26;85,41;85,99;40,38;74,20;74,38;74,44;57,24;57,38;57,41;57,44;57,97;57,99;39,7;39,99;9,26;9,38;9,97;9,99;8,7;8,20;8,24;8,38;8,99;90,20;90,24;90,71;90,99;47,7;47,20;71,3;71,7;71,20;71,24;71,37;71,41;71,44;71,67;71,78;71,81;71,86;71,90;71,97;61,7;4,7;94,7;94,24;94,38;89,24;89,41;89,97;89,99;44,7;44,16;44,20;44,24;44,29;44,30;44,34;44,36;44,41;44,53;44,57;44,63;44,67;44,68;44,71;44,72;44,74;44,78;44,80;44,86;44,88;44,91;44,92;44,99;7,1;7,2;7,3;7,4;7,6;7,8;7,10;7,14;7,21;7,22;7,23;7,24;7,27;7,29;7,35;7,39;7,41;7,42;7,44;7,45;7,47;7,48;7,51;7,52;7,53;7,54;7,58;7,61;7,65;7,68;7,70;7,71;7,72;7,83;7,84;7,85;7,93;7,94;7,96;7,98;7,99;19,24;19,38;19,41;77,20;77,38;77,41;77,99;95,20;95,99;28,24;28,41;28,97;28,99;13,20;13,38;13,41;13,99;15,24;15,26;15,41;15,67;87,99;68,7;68,24;68,41;68,44;68,99;64,38;64,97;64,99;3,7;3,24;3,38;3,71;3,99;32,24;32,41;78,38;78,44;78,71;78,99;17,20;17,38;50,67;80,38;80,44;30,20;30,24;30,44;46,67;46,99;82,20;82,38;82,99;42,7;42,67;42,99;45,7;45,20;45,41;45,97;72,7;72,44;22,7;75,20;75,41;75,99;12,20;12,67;12,99;58,7;58,20;58,67;1,7;1,67;1,97;1,99;11,20;11,24;11,99;26,9;26,10;26,15;26,20;26,24;26,38;26,41;26,43;26,76;26,85;20,5;20,8;20,10;20,11;20,12;20,13;20,14;20,17;20,18;20,23;20,26;20,29;20,30;20,33;20,36;20,37;20,38;20,43;20,44;20,45;20,47;20,53;20,54;20,58;20,59;20,63;20,71;20,74;20,75;20,77;20,82;20,83;20,84;20,85;20,88;20,90;20,91;20,92;20,95;20,96;20,99;55,99;81,71;81,97;81,99;56,24;56,99;86,24;86,38;86,44;86,71;86,99;69,67;69,99;6,7;6,24;6,38;6,99;10,7;10,20;10,26;34,38;34,44;34,67;34,99;76,26;76,41;41,0;41,2;41,7;41,13;41,15;41,19;41,26;41,27;41,28;41,31;41,32;41,33;41,38;41,44;41,45;41,51;41,52;41,53;41,54;41,57;41,62;41,67;41,68;41,70;41,71;41,73;41,75;41,76;41,77;41,79;41,83;41,85;41,89;41,91;41,93;41,99;38,3;38,5;38,6;38,8;38,9;38,13;38,16;38,17;38,19;38,20;38,23;38,26;38,29;38,33;38,34;38,36;38,40;38,41;38,43;38,53;38,57;38,64;38,73;38,74;38,77;38,78;38,79;38,80;38,82;38,83;38,86;38,91;38,93;38,94;38,99;67,0;67,1;67,12;67,15;67,18;67,23;67,24;67,25;67,33;67,34;67,36;67,41;67,42;67,44;67,46;67,50;67,58;67,65;67,69;67,71;67,73;67,84;67,99;92,20;92,24;92,44;92,97;92,99;65,7;65,24;65,67;0,41;0,67;37,20;37,24;37,71;37,99;84,7;84,20;84,67;84,99;62,24;62,41;62,99;96,7;96,20;96,97;96,99;25,24;25,67;16,38;16,44;16,99;88,20;88,44;24,3;24,6;24,7;24,8;24,11;24,15;24,19;24,21;24,23;24,25;24,26;24,28;24,30;24,31;24,32;24,37;24,44;24,54;24,56;24,57;24,62;24,65;24,67;24,68;24,71;24,83;24,86;24,89;24,90;24,92;24,94;24,97;24,98;24,99;33,20;33,38;33,41;33,67;
93;59,0;29,88;63,18;51,38;83,47;35,18;35,91;35,98;66,70;21,82;98,22;53,46;53,80;91,87;39,54;39,85;9,13;9,74;4,55;4,82;60,20;60,96;95,47;49,12;80,81;30,86;82,75;42,67;42,73;72,59;22,73;1,87;11,28;11,72;81,97;86,29;86,73;69,17;69,50;69,89;65,89;16,74;33,11;33,21;33,93;27,76;2,9;2,29;15,8;25,21;25,56;52,35;74,64;93,16;93,49;93,64;75,68;90,59;56,14;56,18;12,81;55,15;13,0;13,75;47,29;70,8;70,39;70,83;6,20;6,75;6,76;10,54;10,73;40,33;40,68;40,86;59,20;29,7;29,20;29,38;29,44;29,97;18,20;18,67;18,99;63,20;63,44;51,7;51,41;51,97;51,99;31,24;31,41;14,7;14,20;14,99;83,7;83,20;83,24;83,38;83,41;83,97;35,7;35,97;79,38;79,41;79,99;66,99;97,1;97,9;97,21;97,23;97,24;97,28;97,29;97,35;97,45;97,51;97,52;97,57;97,64;97,71;97,81;97,83;97,89;97,92;97,96;97,99;36,20;36,38;36,44;36,67;36,99;0,1;0,2;0,3;0,5;0,6;0,7;0,8;0,9;0,11;0,12;0,13;0,14;0,16;0,18;0,20;0,21;0,23;0,24;0,27;0,28;0,34;0,36;0,37;0,38;0,39;0,41;0,42;0,44;0,46;0,48;0,51;0,52;0,53;0,55;0,56;0,57;0,62;0,64;0,66;0,67;0,68;0,69;0,70;0,73;0,75;0,77;0,78;0,79;0,81;0,82;0,84;0,85;0,86;0,87;0,89;0,90;0,91;0,92;0,93;0,95;0,96;0,97;0,98;43,20;43,26;43,38;21,7;21,24;21,97;21,99;98,7;98,24;98,99;54,7;54,20;54,24;54,41;53,7;53,20;53,38;53,41;53,44;53,99;91,20;91,38;91,41;91,44;91,99;23,7;23,20;23,24;23,38;23,67;23,97;23,99;5,20;5,38;5,99;57,24;57,38;57,41;57,44;57,97;57,99;39,7;39,99;9,26;9,38;9,97;9,99;4,7;19,24;19,38;19,41;77,20;77,38;77,41;77,99;95,20;95,99;28,24;28,41;28,97;28,99;87,99;64,38;64,97;64,99;32,24;32,41;78,38;78,44;78,71;78,99;17,20;17,38;50,67;80,38;80,44;30,20;30,24;30,44;46,67;46,99;82,20;82,38;82,99;42,7;42,67;42,99;45,7;45,20;45,41;45,97;72,7;72,44;22,7;58,7;58,20;58,67;1,7;1,67;1,97;1,99;11,20;11,24;11,99;81,71;81,97;81,99;86,24;86,38;86,44;86,71;86,99;69,67;69,99;34,38;34,44;34,67;34,99;38,3;38,5;38,6;38,8;38,9;38,13;38,16;38,17;38,19;38,20;38,23;38,26;38,29;38,33;38,34;38,36;38,40;38,41;38,43;38,53;38,57;38,64;38,73;38,74;38,77;38,78;38,79;38,80;38,82;38,83;38,86;38,91;38,93;38,94;38,99;92,20;92,24;92,44;92,97;92,99;65,7;65,24;65,67;0,41;0,67;37,20;37,24;37,71;37,99;62,24;62,41;62,99;16,38;16,44;16,99;88,20;88,44;24,3;24,6;24,7;24,8;24,11;24,15;24,19;24,21;24,23;24,25;24,26;24,28;24,30;24,31;24,32;24,37;24,44;24,54;24,56;24,57;24,62;24,65;24,67;24,68;24,71;24,83;24,86;24,89;24,90;24,92;24,94;24,97;24,98;24,99;33,20;33,38;33,41;33,67;27,7;27,41;27,67;27,99;71,3;71,7;71,15;71,20;71,24;71,37;71,41;71,44;71,67;71,78;71,81;71,86;71,90;71,97;2,7;2,41;2,99;15,24;15,26;15,41;15,67;15,71;20,5;20,8;20,10;20,11;20,12;20,13;20,14;20,17;20,18;20,23;20,26;20,29;20,30;20,33;20,36;20,37;20,38;20,43;20,44;20,45;20,47;20,48;20,52;20,53;20,54;20,58;20,59;20,63;20,71;20,74;20,75;20,77;20,82;20,83;20,84;20,85;20,88;20,90;20,91;20,92;20,95;20,96;20,99;48,7;48,20;48,99;25,24;25,67;44,7;44,16;44,20;44,24;44,29;44,30;44,34;44,36;44,41;44,53;44,55;44,57;44,63;44,67;44,68;44,71;44,72;44,74;44,78;44,80;44,86;44,88;44,91;44,92;44,94;44,99;52,7;52,20;52,41;52,97;52,99;84,7;84,20;84,67;84,99;73,38;73,41;73,67;73,99;74,20;74,38;74,44;93,7;93,38;93,41;93,99;75,20;75,41;75,99;90,20;90,24;90,67;90,71;90,99;85,7;85,20;85,26;85,41;85,99;56,24;56,99;8,7;8,20;8,24;8,38;8,99;12,20;12,67;12,99;96,7;96,20;96,97;96,99;61,7;68,7;68,24;68,41;68,44;68,99;94,7;94,24;94,38;94,44;55,44;55,99;13,20;13,38;13,41;13,99;47,7;47,20;47,67;3,7;3,24;3,38;3,71;3,99;76,26;76,41;26,9;26,10;26,15;26,20;26,24;26,38;26,41;26,43;26,70;26,76;26,85;41,0;41,2;41,7;41,10;41,13;41,15;41,19;41,26;41,27;41,28;41,31;41,32;41,33;41,38;41,44;41,45;41,51;41,52;41,53;41,54;41,57;41,62;41,67;41,68;41,70;41,71;41,73;41,75;41,76;41,77;41,79;41,83;41,85;41,89;41,91;41,93;41,99;70,7;70,26;70,41;70,99;89,24;89,41;89,97;89,99;6,7;6,24;6,38;6,99;10,7;10,20;10,26;10,41;67,0;67,1;67,7;67,12;67,15;67,18;67,23;67,24;67,25;67,27;67,33;67,34;67,36;67,40;67,41;67,42;67,44;67,46;67,47;67,50;67,58;67,65;67,69;67,71;67,73;67,84;67,90;67,99;7,1;7,2;7,3;7,4;7,6;7,8;7,10;7,14;7,21;7,22;7,23;7,24;7,27;7,29;7,35;7,39;7,41;7,42;7,44;7,45;7,47;7,48;7,51;7,52;7,53;7,54;7,58;7,61;7,65;7,67;7,68;7,70;7,71;7,72;7,83;7,84;7,85;7,93;7,94;7,96;7,98;7,99;40,38;40,67;
94;29,0;29,47;51,15;51,35;31,1;31,73;79,40;43,1;21,68;21,95;54,24;53,27;5,66;57,34;60,24;77,47;77,76;87,11;87,76;87,97;32,80;78,5;78,11;78,86;49,86;80,62;80,93;82,25;82,46;45,85;1,84;34,10;34,60;92,76;65,74;62,12;62,46;16,47;27,39;27,80;2,1;2,40;15,68;48,55;48,68;84,67;74,10;85,11;85,80;85,87;12,61;61,78;55,42;55,67;13,51;3,55;89,5;10,8;59,23;83,90;47,75;66,9;46,38;46,68;42,10;72,54;50,3;50,21;50,44;90,11;40,31;29,7;29,20;29,38;29,44;29,97;18,20;18,67;18,99;63,20;63,44;51,7;51,41;51,97;51,99;31,24;31,41;14,7;14,20;14,99;35,7;35,97;79,38;79,41;79,99;97,1;97,9;97,21;97,23;97,24;97,28;97,29;97,35;97,45;97,51;97,52;97,57;97,64;97,71;97,81;97,83;97,89;97,92;97,96;97,99;36,20;36,38;36,44;36,67;36,99;0,1;0,2;0,3;0,5;0,6;0,7;0,8;0,9;0,11;0,12;0,13;0,14;0,16;0,18;0,20;0,21;0,23;0,24;0,27;0,28;0,34;0,36;0,37;0,38;0,39;0,41;0,42;0,44;0,46;0,48;0,51;0,52;0,53;0,55;0,56;0,57;0,62;0,64;0,66;0,67;0,68;0,69;0,70;0,73;0,75;0,77;0,78;0,79;0,81;0,82;0,84;0,85;0,86;0,87;0,89;0,90;0,91;0,92;0,93;0,95;0,96;0,97;0,98;43,20;43,26;43,38;21,7;21,24;21,97;21,99;98,7;98,24;98,99;54,7;54,20;54,24;54,41;53,7;53,20;53,38;53,41;53,44;53,99;91,20;91,38;91,41;91,44;91,99;5,20;5,38;5,99;57,24;57,38;57,41;57,44;57,97;57,99;39,7;39,99;9,26;9,38;9,97;9,99;4,7;19,24;19,38;19,41;77,20;77,38;77,41;77,99;28,24;28,41;28,97;28,99;87,99;32,24;32,41;78,38;78,44;78,71;78,99;17,20;17,38;80,38;80,44;82,20;82,38;82,99;45,7;45,20;45,41;45,97;22,7;58,7;58,20;58,67;1,7;1,67;1,97;1,99;11,20;11,24;11,99;81,71;81,97;81,99;69,67;69,99;34,38;34,44;34,67;34,99;92,20;92,24;92,44;92,97;92,99;65,7;65,24;65,67;37,20;37,24;37,71;37,99;62,24;62,41;62,99;16,38;16,44;16,99;88,20;88,44;27,7;27,41;27,67;27,99;71,3;71,7;71,15;71,20;71,24;71,37;71,41;71,44;71,67;71,78;71,81;71,86;71,90;71,97;2,7;2,41;2,99;15,24;15,26;15,41;15,67;15,71;48,7;48,20;48,99;25,24;25,67;52,7;52,20;52,41;52,97;52,99;84,7;84,20;84,67;84,99;74,20;74,38;74,44;85,7;85,20;85,26;85,41;85,99;56,24;56,99;8,7;8,20;8,24;8,38;8,99;12,20;12,67;12,99;96,7;96,20;96,97;96,99;61,7;94,7;94,24;94,38;94,44;55,44;55,99;13,20;13,38;13,41;13,99;3,7;3,24;3,38;3,71;3,99;76,26;76,41;26,9;26,10;26,15;26,20;26,24;26,38;26,41;26,43;26,70;26,76;26,85;41,0;41,2;41,7;41,10;41,13;41,15;41,19;41,26;41,27;41,28;41,31;41,32;41,33;41,38;41,44;41,45;41,51;41,52;41,53;41,54;41,57;41,62;41,67;41,68;41,70;41,71;41,73;41,75;41,76;41,77;41,79;41,83;41,85;41,89;41,91;41,93;41,99;89,24;89,41;89,97;89,99;10,7;10,20;10,26;10,41;7,1;7,2;7,3;7,4;7,6;7,8;7,10;7,14;7,21;7,22;7,23;7,24;7,27;7,29;7,35;7,39;7,41;7,42;7,44;7,45;7,47;7,48;7,51;7,52;7,53;7,54;7,58;7,61;7,65;7,67;7,68;7,70;7,71;7,72;7,83;7,84;7,85;7,93;7,94;7,96;7,98;7,99;59,20;0,41;0,67;38,3;38,5;38,6;38,8;38,9;38,13;38,16;38,17;38,19;38,20;38,23;38,26;38,29;38,33;38,34;38,36;38,40;38,41;38,43;38,46;38,53;38,57;38,64;38,73;38,74;38,77;38,78;38,79;38,80;38,82;38,83;38,86;38,91;38,93;38,94;38,99;83,7;83,20;83,24;83,38;83,41;83,97;47,7;47,20;47,67;66,99;70,7;70,26;70,41;70,99;46,38;46,67;46,99;20,5;20,8;20,10;20,11;20,12;20,13;20,14;20,17;20,18;20,23;20,26;20,29;20,30;20,33;20,36;20,37;20,38;20,43;20,44;20,45;20,47;20,48;20,52;20,53;20,54;20,58;20,59;20,63;20,71;20,74;20,75;20,77;20,82;20,83;20,84;20,85;20,88;20,90;20,91;20,92;20,95;20,96;20,99;95,20;95,99;30,20;30,24;30,44;86,24;86,38;86,44;86,71;86,99;75,20;75,41;75,99;42,7;42,67;42,99;67,0;67,1;67,7;67,12;67,15;67,18;67,23;67,24;67,25;67,27;67,33;67,34;67,36;67,40;67,41;67,42;67,44;67,46;67,47;67,50;67,58;67,65;67,69;67,71;67,73;67,84;67,90;67,99;73,38;73,41;73,67;73,99;72,7;72,44;50,24;50,67;24,3;24,6;24,7;24,8;24,11;24,15;24,19;24,21;24,23;24,25;24,26;24,28;24,30;24,31;24,32;24,37;24,44;24,50;24,54;24,56;24,57;24,62;24,65;24,67;24,68;24,71;24,83;24,86;24,89;24,90;24,92;24,94;24,97;24,98;24,99;33,20;33,38;33,41;33,67;93,7;93,38;93,41;93,99;44,7;44,16;44,20;44,24;44,29;44,30;44,34;44,36;44,41;44,53;44,55;44,57;44,63;44,67;44,68;44,71;44,72;44,74;44,78;44,80;44,86;44,88;44,90;44,91;44,92;44,94;44,99;90,20;90,24;90,44;90,67;90,71;90,99;64,38;64,97;64,99;68,7;68,23;68,24;68,41;68,44;68,99;23,7;23,20;23,24;23,38;23,67;23,68;23,97;23,99;6,7;6,24;6,38;6,99;40,38;40,67;
95;29,93;18,8;18,71;18,73;51,63;51,72;36,44;21,57;98,31;53,40;53,52;53,65;91,54;19,36;19,86;28,2;28,92;82,53;45,75;58,39;81,4;81,61;34,0;34,18;34,50;37,3;37,42;62,50;27,52;15,65;25,34;25,56;52,17;84,42;84,72;74,93;85,59;85,86;56,92;12,38;12,56;96,97;94,20;13,41;13,80;3,81;3,84;89,49;59,1;0,46;83,28;83,44;95,39;95,84;30,48;73,53;72,57;33,15;93,91;90,21;23,49;23,57;23,67;6,61;6,82;40,60;40,98;1,22;1,50;43,27;54,85;54,95;77,5;77,23;77,93;11,33;11,56;11,75;86,82;49,1;49,90;46,49;10,21;92,19;65,63;16,38;16,61;16,90;61,72;61,78;75,72;8,9;8,34;8,71;9,52;9,89;64,69;29,7;29,20;29,38;29,44;29,97;18,20;18,67;18,99;63,20;63,44;51,7;51,41;51,97;51,99;31,24;31,41;14,7;14,20;14,99;35,7;35,97;36,20;36,38;36,44;36,67;36,99;0,1;0,2;0,3;0,5;0,6;0,7;0,8;0,9;0,11;0,12;0,13;0,14;0,16;0,18;0,20;0,21;0,23;0,24;0,27;0,28;0,34;0,36;0,37;0,38;0,39;0,41;0,42;0,44;0,46;0,48;0,51;0,52;0,53;0,55;0,56;0,57;0,62;0,64;0,66;0,67;0,68;0,69;0,70;0,73;0,75;0,77;0,78;0,79;0,81;0,82;0,84;0,85;0,86;0,87;0,89;0,90;0,91;0,92;0,93;0,95;0,96;0,97;0,98;21,7;21,24;21,97;21,99;98,7;98,24;98,99;53,7;53,20;53,38;53,41;53,44;53,99;91,20;91,38;91,41;91,44;91,99;5,20;5,38;5,99;57,24;57,38;57,41;57,44;57,97;57,99;39,7;39,99;4,7;19,24;19,38;19,41;28,24;28,41;28,97;28,99;32,24;32,41;17,20;17,38;80,38;80,44;82,20;82,38;82,99;45,7;45,20;45,41;45,97;22,7;58,7;58,20;58,67;81,71;81,97;81,99;69,67;69,99;34,38;34,44;34,67;34,99;37,20;37,24;37,71;37,99;62,24;62,41;62,99;88,20;88,44;27,7;27,41;27,67;27,99;15,24;15,26;15,41;15,67;15,71;25,24;25,67;52,7;52,20;52,41;52,97;52,99;84,7;84,20;84,67;84,99;74,20;74,38;74,44;85,7;85,20;85,26;85,41;85,99;56,24;56,99;12,20;12,67;12,99;96,7;96,20;96,97;96,99;94,7;94,24;94,38;94,44;55,44;55,99;13,20;13,38;13,41;13,99;3,7;3,24;3,38;3,71;3,99;76,26;76,41;26,9;26,10;26,15;26,20;26,24;26,38;26,41;26,43;26,70;26,76;26,85;41,0;41,2;41,7;41,10;41,13;41,15;41,19;41,26;41,27;41,28;41,31;41,32;41,33;41,38;41,44;41,45;41,51;41,52;41,53;41,54;41,57;41,62;41,67;41,68;41,70;41,71;41,73;41,75;41,76;41,77;41,79;41,83;41,85;41,89;41,91;41,93;41,99;89,24;89,41;89,97;89,99;59,20;0,41;0,67;83,7;83,20;83,24;83,38;83,41;83,97;20,5;20,8;20,10;20,11;20,12;20,13;20,14;20,17;20,18;20,23;20,26;20,29;20,30;20,33;20,36;20,37;20,38;20,43;20,44;20,45;20,47;20,48;20,52;20,53;20,54;20,58;20,59;20,63;20,71;20,74;20,75;20,77;20,82;20,83;20,84;20,85;20,88;20,90;20,91;20,92;20,95;20,96;20,99;95,20;95,99;30,20;30,24;30,44;42,7;42,67;42,99;73,38;73,41;73,67;73,99;72,7;72,44;50,24;50,67;33,20;33,38;33,41;33,67;93,7;93,38;93,41;93,99;44,7;44,16;44,20;44,24;44,29;44,30;44,34;44,36;44,41;44,53;44,55;44,57;44,63;44,67;44,68;44,71;44,72;44,74;44,78;44,80;44,86;44,88;44,90;44,91;44,92;44,94;44,99;90,20;90,24;90,44;90,67;90,71;90,99;23,7;23,20;23,24;23,38;23,67;23,68;23,97;23,99;6,7;6,24;6,38;6,99;40,38;40,67;47,7;47,20;47,67;1,7;1,67;1,97;1,99;79,24;79,38;79,41;79,99;7,1;7,2;7,3;7,4;7,6;7,8;7,10;7,14;7,21;7,22;7,23;7,24;7,27;7,29;7,35;7,39;7,41;7,42;7,44;7,45;7,46;7,47;7,48;7,51;7,52;7,53;7,54;7,58;7,61;7,65;7,67;7,68;7,70;7,71;7,72;7,83;7,84;7,85;7,93;7,94;7,96;7,98;7,99;43,20;43,26;43,38;68,7;68,23;68,24;68,41;68,44;68,65;68,99;54,7;54,20;54,24;54,41;24,3;24,6;24,7;24,8;24,11;24,15;24,19;24,21;24,23;24,25;24,26;24,28;24,30;24,31;24,32;24,37;24,44;24,50;24,54;24,56;24,57;24,62;24,64;24,65;24,67;24,68;24,71;24,79;24,83;24,86;24,89;24,90;24,92;24,94;24,97;24,98;24,99;66,99;77,20;77,38;77,41;77,99;87,99;11,20;11,24;11,99;97,1;97,9;97,21;97,23;97,24;97,28;97,29;97,35;97,45;97,51;97,52;97,57;97,64;97,71;97,81;97,83;97,89;97,92;97,96;97,99;78,38;78,44;78,67;78,71;78,99;86,24;86,38;86,44;86,71;86,99;46,7;46,38;46,67;46,99;10,7;10,20;10,26;10,41;92,20;92,24;92,38;92,44;92,97;92,99;65,7;65,24;65,67;65,68;16,38;16,44;16,67;16,99;71,3;71,7;71,15;71,20;71,24;71,37;71,41;71,44;71,61;71,67;71,70;71,75;71,78;71,81;71,86;71,90;71,97;61,7;61,71;70,7;70,26;70,41;70,71;70,99;75,20;75,41;75,71;75,99;2,7;2,41;2,99;48,7;48,20;48,99;67,0;67,1;67,7;67,12;67,15;67,16;67,18;67,23;67,24;67,25;67,27;67,33;67,34;67,36;67,40;67,41;67,42;67,44;67,46;67,47;67,50;67,58;67,65;67,69;67,71;67,73;67,78;67,84;67,90;67,99;8,7;8,20;8,24;8,38;8,99;38,3;38,5;38,6;38,8;38,9;38,13;38,16;38,17;38,19;38,20;38,23;38,26;38,29;38,33;38,34;38,36;38,40;38,41;38,43;38,46;38,53;38,57;38,64;38,73;38,74;38,77;38,78;38,79;38,80;38,82;38,83;38,86;38,91;38,92;38,93;38,94;38,99;9,26;9,38;9,97;9,99;64,24;64,38;64,97;64,99;
96;29,15;29,65;51,78;14,92;36,21;98,12;91,62;91,96;39,56;39,57;39,92;28,45;82,79;45,16;45,47;45,97;58,57;34,2;88,30;15,1;15,17;25,37;74,35;3,32;3,82;3,98;0,17;73,14;73,74;23,25;23,31;40,24;40,78;47,13;77,65;77,72;11,10;11,41;11,69;46,24;46,58;10,57;10,89;65,33;70,39;2,95;48,31;48,73;9,67;64,77;64,83;18,87;72,70;33,6;61,75;27,90;56,51;56,89;17,13;17,51;96,95;94,76;13,5;13,74;13,76;80,86;80,89;55,24;55,52;66,25;66,83;89,63;89,84;49,56;49,61;49,70;90,38;16,34;16,85;29,7;29,20;29,38;29,44;29,97;63,20;63,44;51,7;51,41;51,97;51,99;31,24;31,41;14,7;14,20;14,99;35,7;35,97;36,20;36,38;36,44;36,67;36,99;21,7;21,24;21,97;21,99;98,7;98,24;98,99;53,7;53,20;53,38;53,41;53,44;53,99;91,20;91,38;91,41;91,44;91,99;39,7;39,99;28,24;28,41;28,97;28,99;32,24;32,41;82,20;82,38;82,99;45,7;45,20;45,41;45,97;58,7;58,20;58,67;69,67;69,99;34,38;34,44;34,67;34,99;37,20;37,24;37,71;37,99;62,24;62,41;62,99;88,20;88,44;15,24;15,26;15,41;15,67;15,71;25,24;25,67;74,20;74,38;74,44;3,7;3,24;3,38;3,71;3,99;76,26;76,41;26,9;26,10;26,15;26,20;26,24;26,38;26,41;26,43;26,70;26,76;26,85;0,41;0,67;30,20;30,24;30,44;73,38;73,41;73,67;73,99;93,7;93,38;93,41;93,99;23,7;23,20;23,24;23,38;23,67;23,68;23,97;23,99;6,7;6,24;6,38;6,99;40,38;40,67;47,7;47,20;47,67;79,24;79,38;79,41;79,99;7,1;7,2;7,3;7,4;7,6;7,8;7,10;7,14;7,21;7,22;7,23;7,24;7,27;7,29;7,35;7,39;7,41;7,42;7,44;7,45;7,46;7,47;7,48;7,51;7,52;7,53;7,54;7,58;7,61;7,65;7,67;7,68;7,70;7,71;7,72;7,83;7,84;7,85;7,93;7,94;7,96;7,98;7,99;43,20;43,26;43,38;24,3;24,6;24,7;24,8;24,11;24,15;24,19;24,21;24,23;24,25;24,26;24,28;24,30;24,31;24,32;24,37;24,44;24,50;24,54;24,56;24,57;24,62;24,64;24,65;24,67;24,68;24,71;24,79;24,83;24,86;24,89;24,90;24,92;24,94;24,97;24,98;24,99;77,20;77,38;77,41;77,99;87,99;11,20;11,24;11,99;46,7;46,38;46,67;46,99;10,7;10,20;10,26;10,41;92,20;92,24;92,38;92,44;92,97;92,99;65,7;65,24;65,67;65,68;71,3;71,7;71,15;71,20;71,24;71,37;71,41;71,44;71,61;71,67;71,70;71,75;71,78;71,81;71,86;71,90;71,97;70,7;70,26;70,41;70,71;70,99;75,20;75,41;75,71;75,99;2,7;2,41;2,99;48,7;48,20;48,99;67,0;67,1;67,7;67,12;67,15;67,16;67,18;67,23;67,24;67,25;67,27;67,33;67,34;67,36;67,40;67,41;67,42;67,44;67,46;67,47;67,50;67,58;67,65;67,69;67,71;67,73;67,78;67,84;67,90;67,99;38,3;38,5;38,6;38,8;38,9;38,13;38,16;38,17;38,19;38,20;38,23;38,26;38,29;38,33;38,34;38,36;38,40;38,41;38,43;38,46;38,53;38,57;38,64;38,73;38,74;38,77;38,78;38,79;38,80;38,82;38,83;38,86;38,91;38,92;38,93;38,94;38,99;9,26;9,38;9,97;9,99;64,24;64,38;64,97;64,99;18,20;18,67;18,99;8,7;8,20;8,24;8,38;8,99;72,7;72,44;44,7;44,16;44,20;44,24;44,27;44,29;44,30;44,34;44,36;44,41;44,53;44,55;44,57;44,63;44,67;44,68;44,71;44,72;44,74;44,78;44,80;44,83;44,86;44,88;44,90;44,91;44,92;44,94;44,99;0,1;0,2;0,3;0,5;0,6;0,7;0,8;0,9;0,11;0,12;0,13;0,14;0,16;0,18;0,20;0,21;0,23;0,24;0,27;0,28;0,34;0,36;0,37;0,38;0,39;0,41;0,42;0,44;0,46;0,48;0,50;0,51;0,52;0,53;0,55;0,56;0,57;0,62;0,64;0,66;0,67;0,68;0,69;0,70;0,73;0,75;0,77;0,78;0,79;0,81;0,82;0,84;0,85;0,86;0,87;0,89;0,90;0,91;0,92;0,93;0,95;0,96;0,97;0,98;50,24;50,67;50,99;57,24;57,38;57,41;57,44;57,97;57,99;52,7;52,20;52,41;52,97;52,99;54,7;54,20;54,24;54,41;5,20;5,33;5,38;5,99;33,5;33,20;33,38;33,41;33,67;19,24;19,38;19,41;86,24;86,38;86,44;86,71;86,99;81,71;81,97;81,99;4,7;61,7;61,71;42,7;42,67;42,68;42,99;27,7;27,41;27,44;27,67;27,99;56,24;56,99;17,20;17,38;84,7;84,20;84,67;84,99;85,7;85,20;85,26;85,41;85,99;59,20;12,20;12,67;12,99;96,7;96,20;96,41;96,97;96,99;97,1;97,9;97,21;97,23;97,24;97,28;97,29;97,35;97,45;97,51;97,52;97,57;97,64;97,71;97,81;97,83;97,89;97,92;97,96;97,99;94,7;94,24;94,38;94,44;20,5;20,8;20,10;20,11;20,12;20,13;20,14;20,17;20,18;20,23;20,26;20,29;20,30;20,33;20,36;20,37;20,38;20,43;20,44;20,45;20,47;20,48;20,52;20,53;20,54;20,58;20,59;20,63;20,71;20,74;20,75;20,77;20,82;20,83;20,84;20,85;20,88;20,90;20,91;20,92;20,95;20,96;20,99;13,20;13,38;13,41;13,99;41,0;41,2;41,7;41,10;41,13;41,15;41,19;41,26;41,27;41,28;41,31;41,32;41,33;41,38;41,44;41,45;41,51;41,52;41,53;41,54;41,55;41,57;41,62;41,66;41,67;41,68;41,70;41,71;41,73;41,75;41,76;41,77;41,78;41,79;41,83;41,85;41,89;41,91;41,93;41,96;41,99;80,38;80,44;55,41;55,44;55,99;66,41;66,99;78,38;78,41;78,44;78,67;78,71;78,99;89,24;89,41;89,97;89,99;1,7;1,67;1,97;1,99;83,7;83,20;83,24;83,38;83,41;83,44;83,97;95,20;95,99;90,20;90,24;90,44;90,67;90,71;90,99;22,7;68,7;68,23;68,24;68,41;68,42;68,44;68,65;68,99;16,38;16,44;16,67;16,99;
97;29,1;29,20;63,46;21,78;53,6;53,68;91,14;39,47;60,35;28,68;28,89;32,55;82,44;69,70;37,25;88,5;88,31;88,67;25,67;74,4;74,9;3,4;3,63;0,79;93,57;93,76;6,27;40,11;79,93;43,1;77,30;77,84;77,88;87,65;92,7;92,34;92,96;75,2;75,95;75,97;64,37;64,46;64,98;18,6;18,38;18,49;8,33;8,71;50,36;57,59;33,40;33,88;19,4;19,98;86,68;81,19;4,78;61,95;42,50;27,75;84,4;85,81;59,73;12,43;94,10;80,10;55,68;66,8;78,4;89,66;83,19;95,63;22,90;16,79;51,33;51,90;56,3;56,22;56,84;47,48;30,16;1,35;1,82;31,16;31,19;72,43;72,88;13,11;29,7;29,20;29,38;29,44;29,97;63,20;63,44;14,7;14,20;14,99;35,7;35,97;36,20;36,38;36,44;36,67;36,99;21,7;21,24;21,97;21,99;53,7;53,20;53,38;53,41;53,44;53,99;91,20;91,38;91,41;91,44;91,99;39,7;39,99;28,24;28,41;28,97;28,99;32,24;32,41;82,20;82,38;82,99;58,7;58,20;58,67;69,67;69,99;34,38;34,44;34,67;34,99;37,20;37,24;37,71;37,99;62,24;62,41;62,99;88,20;88,44;15,24;15,26;15,41;15,67;15,71;25,24;25,67;74,20;74,38;74,44;3,7;3,24;3,38;3,71;3,99;76,26;76,41;0,41;0,67;73,38;73,41;73,67;73,99;93,7;93,38;93,41;93,99;6,7;6,24;6,38;6,99;40,38;40,67;79,24;79,38;79,41;79,99;7,1;7,2;7,3;7,4;7,6;7,8;7,10;7,14;7,21;7,22;7,23;7,24;7,27;7,29;7,35;7,39;7,41;7,42;7,44;7,45;7,46;7,47;7,48;7,51;7,52;7,53;7,54;7,58;7,61;7,65;7,67;7,68;7,70;7,71;7,72;7,83;7,84;7,85;7,93;7,94;7,96;7,98;7,99;43,20;43,26;43,38;24,3;24,6;24,7;24,8;24,11;24,15;24,19;24,21;24,23;24,25;24,26;24,28;24,30;24,31;24,32;24,37;24,44;24,50;24,54;24,56;24,57;24,62;24,64;24,65;24,67;24,68;24,71;24,79;24,83;24,86;24,89;24,90;24,92;24,94;24,97;24,98;24,99;77,20;77,38;77,41;77,99;87,99;11,20;11,24;11,99;46,7;46,38;46,67;46,99;10,7;10,20;10,26;10,41;92,20;92,24;92,38;92,44;92,97;92,99;65,7;65,24;65,67;65,68;70,7;70,26;70,41;70,71;70,99;75,20;75,41;75,71;75,99;2,7;2,41;2,99;48,7;48,20;48,99;9,26;9,38;9,97;9,99;64,24;64,38;64,97;64,99;18,20;18,67;18,99;8,7;8,20;8,24;8,38;8,99;44,7;44,16;44,20;44,24;44,27;44,29;44,30;44,34;44,36;44,41;44,53;44,55;44,57;44,63;44,67;44,68;44,71;44,72;44,74;44,78;44,80;44,83;44,86;44,88;44,90;44,91;44,92;44,94;44,99;0,1;0,2;0,3;0,5;0,6;0,7;0,8;0,9;0,11;0,12;0,13;0,14;0,16;0,18;0,20;0,21;0,23;0,24;0,27;0,28;0,34;0,36;0,37;0,38;0,39;0,41;0,42;0,44;0,46;0,48;0,50;0,51;0,52;0,53;0,55;0,56;0,57;0,62;0,64;0,66;0,67;0,68;0,69;0,70;0,73;0,75;0,77;0,78;0,79;0,81;0,82;0,84;0,85;0,86;0,87;0,89;0,90;0,91;0,92;0,93;0,95;0,96;0,97;0,98;50,24;50,67;50,99;57,24;57,38;57,41;57,44;57,97;57,99;52,7;52,20;52,41;52,97;52,99;54,7;54,20;54,24;54,41;33,5;33,20;33,38;33,41;33,67;19,24;19,38;19,41;86,24;86,38;86,44;86,71;86,99;81,71;81,97;81,99;4,7;61,7;61,71;42,7;42,67;42,68;42,99;27,7;27,41;27,44;27,67;27,99;17,20;17,38;84,7;84,20;84,67;84,99;85,7;85,20;85,26;85,41;85,99;59,20;12,20;12,67;12,99;96,7;96,20;96,41;96,97;96,99;97,1;97,9;97,21;97,23;97,24;97,28;97,29;97,35;97,45;97,51;97,52;97,57;97,64;97,71;97,81;97,83;97,89;97,92;97,96;97,99;94,7;94,24;94,38;94,44;41,0;41,2;41,7;41,10;41,13;41,15;41,19;41,26;41,27;41,28;41,31;41,32;41,33;41,38;41,44;41,45;41,51;41,52;41,53;41,54;41,55;41,57;41,62;41,66;41,67;41,68;41,70;41,71;41,73;41,75;41,76;41,77;41,78;41,79;41,83;41,85;41,89;41,91;41,93;41,96;41,99;80,38;80,44;55,41;55,44;55,99;66,41;66,99;78,38;78,41;78,44;78,67;78,71;78,99;89,24;89,41;89,97;89,99;83,7;83,20;83,24;83,38;83,41;83,44;83,97;95,20;95,99;22,7;16,38;16,44;16,67;16,99;51,7;51,41;51,97;51,99;98,7;98,20;98,24;98,99;56,24;56,99;45,7;45,20;45,41;45,97;47,7;47,20;47,67;30,20;30,24;30,44;30,71;1,7;1,67;1,68;1,97;1,99;26,9;26,10;26,15;26,20;26,24;26,31;26,38;26,41;26,43;26,67;26,70;26,72;26,76;26,85;31,24;31,26;31,41;72,7;72,26;72,44;23,7;23,20;23,24;23,38;23,67;23,68;23,97;23,99;13,20;13,38;13,41;13,99;71,3;71,7;71,15;71,20;71,24;71,30;71,37;71,41;71,44;71,61;71,67;71,70;71,75;71,78;71,81;71,86;71,90;71,97;67,0;67,1;67,7;67,12;67,15;67,16;67,18;67,23;67,24;67,25;67,26;67,27;67,33;67,34;67,36;67,40;67,41;67,42;67,44;67,46;67,47;67,50;67,58;67,65;67,69;67,71;67,73;67,78;67,84;67,90;67,99;38,3;38,5;38,6;38,8;38,9;38,13;38,16;38,17;38,19;38,20;38,23;38,26;38,29;38,33;38,34;38,36;38,40;38,41;38,43;38,46;38,53;38,57;38,64;38,73;38,74;38,77;38,78;38,79;38,80;38,82;38,83;38,86;38,91;38,92;38,93;38,94;38,99;90,20;90,24;90,44;90,67;90,71;90,99;20,5;20,8;20,10;20,11;20,12;20,13;20,14;20,17;20,18;20,23;20,26;20,29;20,30;20,33;20,36;20,37;20,38;20,43;20,44;20,45;20,47;20,48;20,52;20,53;20,54;20,58;20,59;20,63;20,71;20,74;20,75;20,77;20,82;20,83;20,84;20,85;20,88;20,90;20,91;20,92;20,95;20,96;20,98;20,99;5,20;5,33;5,38;5,99;68,1;68,7;68,23;68,24;68,41;68,42;68,44;68,65;68,99;
98;29,2;29,11;63,61;63,92;35,28;35,46;36,65;36,73;37,34;62,2;62,33;3,12;6,14;6,18;40,10;79,15;87,25;87,84;70,33;70,83;9,27;18,76;8,3;8,15;8,69;52,6;52,64;33,9;19,8;19,42;81,0;81,40;81,69;17,54;17,73;85,9;96,95;94,69;94,70;66,39;66,63;66,76;89,69;49,73;49,79;95,79;95,94;22,53;98,36;45,25;1,62;23,22;23,33;23,53;90,67;90,87;91,41;14,5;14,17;60,64;60,83;55,26;82,98;57,59;57,72;57,83;11,34;43,48;77,14;84,87;92,14;92,82;92,85;54,1;54,21;59,25;61,45;73,0;10,64;16,40;48,74;48,84;13,42;29,7;29,20;29,38;29,44;29,97;63,20;63,44;35,7;35,97;36,20;36,38;36,44;36,67;36,99;21,7;21,24;21,97;21,99;53,7;53,20;53,38;53,41;53,44;53,99;39,7;39,99;28,24;28,41;28,97;28,99;69,67;69,99;37,20;37,24;37,71;37,99;62,24;62,41;62,99;25,24;25,67;74,20;74,38;74,44;3,7;3,24;3,38;3,71;3,99;76,26;76,41;0,41;0,67;93,7;93,38;93,41;93,99;6,7;6,24;6,38;6,99;40,38;40,67;79,24;79,38;79,41;79,99;7,1;7,2;7,3;7,4;7,6;7,8;7,10;7,14;7,21;7,22;7,23;7,24;7,27;7,29;7,35;7,39;7,41;7,42;7,44;7,45;7,46;7,47;7,48;7,51;7,52;7,53;7,54;7,58;7,61;7,65;7,67;7,68;7,70;7,71;7,72;7,83;7,84;7,85;7,93;7,94;7,96;7,98;7,99;24,3;24,6;24,7;24,8;24,11;24,15;24,19;24,21;24,23;24,25;24,26;24,28;24,30;24,31;24,32;24,37;24,44;24,50;24,54;24,56;24,57;24,62;24,64;24,65;24,67;24,68;24,71;24,79;24,83;24,86;24,89;24,90;24,92;24,94;24,97;24,98;24,99;87,99;46,7;46,38;46,67;46,99;65,7;65,24;65,67;65,68;70,7;70,26;70,41;70,71;70,99;2,7;2,41;2,99;9,26;9,38;9,97;9,99;64,24;64,38;64,97;64,99;18,20;18,67;18,99;8,7;8,20;8,24;8,38;8,99;50,24;50,67;50,99;52,7;52,20;52,41;52,97;52,99;33,5;33,20;33,38;33,41;33,67;19,24;19,38;19,41;86,24;86,38;86,44;86,71;86,99;81,71;81,97;81,99;4,7;42,7;42,67;42,68;42,99;27,7;27,41;27,44;27,67;27,99;17,20;17,38;85,7;85,20;85,26;85,41;85,99;96,7;96,20;96,41;96,97;96,99;97,1;97,9;97,21;97,23;97,24;97,28;97,29;97,35;97,45;97,51;97,52;97,57;97,64;97,71;97,81;97,83;97,89;97,92;97,96;97,99;94,7;94,24;94,38;94,44;66,41;66,99;78,38;78,41;78,44;78,67;78,71;78,99;89,24;89,41;89,97;89,99;83,7;83,20;83,24;83,38;83,41;83,44;83,97;95,20;95,99;22,7;51,7;51,41;51,97;51,99;98,7;98,20;98,24;98,99;45,7;45,20;45,41;45,97;1,7;1,67;1,68;1,97;1,99;31,24;31,26;31,41;23,7;23,20;23,24;23,38;23,67;23,68;23,97;23,99;71,3;71,7;71,15;71,20;71,24;71,30;71,37;71,41;71,44;71,61;71,67;71,70;71,75;71,78;71,81;71,86;71,90;71,97;67,0;67,1;67,7;67,12;67,15;67,16;67,18;67,23;67,24;67,25;67,26;67,27;67,33;67,34;67,36;67,40;67,41;67,42;67,44;67,46;67,47;67,50;67,58;67,65;67,69;67,71;67,73;67,78;67,84;67,90;67,99;90,20;90,24;90,44;90,67;90,71;90,99;20,5;20,8;20,10;20,11;20,12;20,13;20,14;20,15;20,17;20,18;20,23;20,26;20,29;20,30;20,33;20,36;20,37;20,38;20,41;20,43;20,44;20,45;20,47;20,48;20,52;20,53;20,54;20,58;20,59;20,63;20,71;20,74;20,75;20,77;20,82;20,83;20,84;20,85;20,88;20,90;20,91;20,92;20,95;20,96;20,98;20,99;68,1;68,7;68,23;68,24;68,41;68,42;68,44;68,58;68,65;68,99;91,20;91,38;91,41;91,44;91,99;14,7;14,20;14,99;47,7;47,20;47,67;60,26;32,24;32,41;55,41;55,44;55,99;82,20;82,38;82,99;44,7;44,16;44,20;44,24;44,27;44,29;44,30;44,34;44,36;44,41;44,53;44,55;44,57;44,63;44,67;44,68;44,71;44,72;44,74;44,75;44,78;44,80;44,83;44,86;44,88;44,90;44,91;44,92;44,94;44,99;88,20;88,44;5,20;5,33;5,38;5,61;5,99;57,24;57,38;57,41;57,44;57,97;57,99;11,20;11,24;11,38;11,99;43,20;43,26;43,38;77,20;77,38;77,41;77,99;30,20;30,24;30,44;30,71;84,7;84,20;84,67;84,99;92,20;92,24;92,38;92,44;92,97;92,99;34,38;34,44;34,67;34,99;75,20;75,41;75,44;75,71;75,99;38,3;38,5;38,6;38,8;38,9;38,11;38,13;38,16;38,17;38,19;38,20;38,23;38,26;38,29;38,33;38,34;38,36;38,40;38,41;38,43;38,46;38,53;38,57;38,64;38,73;38,74;38,77;38,78;38,79;38,80;38,82;38,83;38,86;38,91;38,92;38,93;38,94;38,99;0,1;0,2;0,3;0,5;0,6;0,7;0,8;0,9;0,11;0,12;0,13;0,14;0,16;0,18;0,20;0,21;0,23;0,24;0,27;0,28;0,34;0,36;0,37;0,38;0,39;0,41;0,42;0,44;0,46;0,48;0,50;0,51;0,52;0,53;0,54;0,55;0,56;0,57;0,62;0,64;0,66;0,67;0,68;0,69;0,70;0,73;0,75;0,77;0,78;0,79;0,81;0,82;0,84;0,85;0,86;0,87;0,89;0,90;0,91;0,92;0,93;0,95;0,96;0,97;0,98;54,7;54,20;54,24;54,41;54,99;59,20;61,5;61,7;61,71;73,38;73,41;73,67;73,99;12,20;12,67;12,99;10,7;10,20;10,26;10,41;41,0;41,2;41,7;41,10;41,13;41,15;41,19;41,20;41,26;41,27;41,28;41,31;41,32;41,33;41,38;41,44;41,45;41,51;41,52;41,53;41,54;41,55;41,57;41,62;41,66;41,67;41,68;41,70;41,71;41,73;41,75;41,76;41,77;41,78;41,79;41,83;41,85;41,89;41,91;41,93;41,96;41,99;80,38;80,44;16,38;16,44;16,67;16,99;56,24;56,99;48,7;48,20;48,99;26,9;26,10;26,15;26,20;26,24;26,31;26,38;26,41;26,43;26,60;26,67;26,70;26,72;26,76;26,85;72,7;72,26;72,44;13,20;13,38;13,41;13,99;15,20;15,24;15,26;15,41;15,67;15,71;58,7;58,20;58,67;58,68;
99;35,75;53,4;53,65;39,13;39,16;39,50;28,40;28,73;28,90;3,53;76,41;93,32;46,33;46,82;2,46;64,89;18,94;86,41;86,43;4,1;85,29;85,77;96,24;96,39;51,57;51,58;51,91;47,2;88,58;88,60;57,15;43,33;77,35;30,26;30,32;84,22;84,85;12,41;16,0;16,64;56,93;13,31;13,45;13,53;58,36;58,51;63,17;36,33;36,86;65,91;37,43;34,13;34,86;33,0;14,94;40,62;10,30;10,67;70,34;83,26;0,40;0,57;54,91;95,89;94,97;49,35;90,2;90,70;82,19;32,98;74,5;29,7;29,20;29,38;29,44;29,97;35,7;35,97;21,7;21,24;21,97;21,99;53,7;53,20;53,38;53,41;53,44;53,99;39,7;39,99;28,24;28,41;28,97;28,99;69,67;69,99;62,24;62,41;62,99;25,24;25,67;3,7;3,24;3,38;3,71;3,99;76,26;76,41;93,7;93,38;93,41;93,99;6,7;6,24;6,38;6,99;79,24;79,38;79,41;79,99;7,1;7,2;7,3;7,4;7,6;7,8;7,10;7,14;7,21;7,22;7,23;7,24;7,27;7,29;7,35;7,39;7,41;7,42;7,44;7,45;7,46;7,47;7,48;7,51;7,52;7,53;7,54;7,58;7,61;7,65;7,67;7,68;7,70;7,71;7,72;7,83;7,84;7,85;7,93;7,94;7,96;7,98;7,99;46,7;46,38;46,67;46,99;2,7;2,41;2,99;9,26;9,38;9,97;9,99;64,24;64,38;64,97;64,99;18,20;18,67;18,99;50,24;50,67;50,99;52,7;52,20;52,41;52,97;52,99;86,24;86,38;86,44;86,71;86,99;4,7;42,7;42,67;42,68;42,99;27,7;27,41;27,44;27,67;27,99;17,20;17,38;85,7;85,20;85,26;85,41;85,99;96,7;96,20;96,41;96,97;96,99;97,1;97,9;97,21;97,23;97,24;97,28;97,29;97,35;97,45;97,51;97,52;97,57;97,64;97,71;97,81;97,83;97,89;97,92;97,96;97,99;66,41;66,99;89,24;89,41;89,97;89,99;22,7;51,7;51,41;51,97;51,99;45,7;45,20;45,41;45,97;1,7;1,67;1,68;1,97;1,99;31,24;31,26;31,41;23,7;23,20;23,24;23,38;23,67;23,68;23,97;23,99;47,7;47,20;47,67;88,20;88,44;57,24;57,38;57,41;57,44;57,97;57,99;11,20;11,24;11,38;11,99;43,20;43,26;43,38;77,20;77,38;77,41;77,99;30,20;30,24;30,44;30,71;84,7;84,20;84,67;84,99;75,20;75,41;75,44;75,71;75,99;38,3;38,5;38,6;38,8;38,9;38,11;38,13;38,16;38,17;38,19;38,20;38,23;38,26;38,29;38,33;38,34;38,36;38,40;38,41;38,43;38,46;38,53;38,57;38,64;38,73;38,74;38,77;38,78;38,79;38,80;38,82;38,83;38,86;38,91;38,92;38,93;38,94;38,99;0,1;0,2;0,3;0,5;0,6;0,7;0,8;0,9;0,11;0,12;0,13;0,14;0,16;0,18;0,20;0,21;0,23;0,24;0,27;0,28;0,34;0,36;0,37;0,38;0,39;0,41;0,42;0,44;0,46;0,48;0,50;0,51;0,52;0,53;0,54;0,55;0,56;0,57;0,62;0,64;0,66;0,67;0,68;0,69;0,70;0,73;0,75;0,77;0,78;0,79;0,81;0,82;0,84;0,85;0,86;0,87;0,89;0,90;0,91;0,92;0,93;0,95;0,96;0,97;0,98;59,20;61,5;61,7;61,71;12,20;12,67;12,99;80,38;80,44;16,38;16,44;16,67;16,99;56,24;56,99;72,7;72,26;72,44;13,20;13,38;13,41;13,99;15,20;15,24;15,26;15,41;15,67;15,71;58,7;58,20;58,67;58,68;63,20;63,24;63,44;92,20;92,24;92,38;92,44;92,97;92,99;36,20;36,38;36,44;36,67;36,99;65,7;65,24;65,67;65,68;73,38;73,41;73,67;73,71;73,99;37,20;37,24;37,67;37,71;37,99;34,5;34,38;34,44;34,67;34,99;33,5;33,20;33,38;33,41;33,67;14,7;14,20;14,99;40,20;40,38;40,67;10,7;10,20;10,26;10,41;24,3;24,6;24,7;24,8;24,11;24,15;24,19;24,21;24,23;24,25;24,26;24,28;24,30;24,31;24,32;24,37;24,44;24,50;24,54;24,56;24,57;24,62;24,63;24,64;24,65;24,67;24,68;24,71;24,79;24,83;24,86;24,89;24,90;24,92;24,94;24,97;24,98;24,99;87,44;87,68;87,99;70,7;70,26;70,41;70,71;70,99;83,7;83,20;83,24;83,38;83,41;83,44;83,97;8,7;8,20;8,24;8,38;8,99;19,20;19,24;19,38;19,41;81,71;81,97;81,99;0,41;0,67;54,7;54,20;54,24;54,41;54,44;54,99;95,20;95,99;94,7;94,24;94,38;94,44;94,67;78,38;78,41;78,44;78,67;78,71;78,98;78,99;98,7;98,20;98,24;98,78;98,99;71,3;71,7;71,15;71,20;71,24;71,30;71,37;71,41;71,44;71,61;71,67;71,70;71,73;71,75;71,78;71,81;71,86;71,90;71,97;67,0;67,1;67,7;67,12;67,15;67,16;67,18;67,23;67,24;67,25;67,26;67,27;67,33;67,34;67,36;67,37;67,40;67,41;67,42;67,44;67,46;67,47;67,50;67,58;67,65;67,69;67,71;67,73;67,78;67,84;67,90;67,94;67,99;90,20;90,24;90,26;90,44;90,67;90,71;90,99;20,5;20,8;20,10;20,11;20,12;20,13;20,14;20,15;20,17;20,18;20,19;20,23;20,26;20,29;20,30;20,33;20,36;20,37;20,38;20,40;20,41;20,43;20,44;20,45;20,47;20,48;20,52;20,53;20,54;20,58;20,59;20,63;20,71;20,74;20,75;20,77;20,82;20,83;20,84;20,85;20,88;20,90;20,91;20,92;20,95;20,96;20,98;20,99;68,1;68,7;68,23;68,24;68,41;68,42;68,44;68,58;68,65;68,87;68,99;91,20;91,38;91,41;91,44;91,99;41,0;41,2;41,7;41,10;41,13;41,15;41,19;41,20;41,26;41,27;41,28;41,31;41,32;41,33;41,38;41,44;41,45;41,51;41,52;41,53;41,54;41,55;41,57;41,62;41,66;41,67;41,68;41,70;41,71;41,73;41,75;41,76;41,77;41,78;41,79;41,83;41,85;41,89;41,91;41,93;41,96;41,99;5,20;5,32;5,33;5,34;5,38;5,61;5,99;60,26;55,41;55,44;55,99;26,9;26,10;26,15;26,20;26,24;26,31;26,38;26,41;26,43;26,60;26,67;26,70;26,72;26,76;26,85;26,90;82,20;82,38;82,99;44,7;44,16;44,20;44,24;44,27;44,29;44,30;44,34;44,36;44,41;44,53;44,54;44,55;44,57;44,63;44,67;44,68;44,71;44,72;44,74;44,75;44,78;44,80;44,83;44,86;44,87;44,88;44,90;44,91;44,92;44,94;44,99;32,5;32,24;32,41;48,7;48,20;48,99;74,20;74,38;74,44;
